tree
version=v4
num_class=1
num_tree_per_iteration=1
label_index=0
max_feature_idx=27
objective=regression
feature_names=hour lead weekday weekend hour_sin hour_cos doy_sin doy_cos workhour last lag24 lag168 mean24 std24 min24 max24 mean168 std168 min168 max168 missing24 missing168 temp_last temp_mean24 temp_mean168 temp_delta24 interaction_temp_work interaction_temp_sin
feature_infos=[0:23] [1:24] [0:6] [0:1] [-1:1] [-1:1] [-0.9999994220246925:0.99998555065071859] [-0.99997919295908233:0.9999907524084426] [0:1] [0:25] [0:50] [0:50] [0:24.5] [0:12.543189276345238] [0:21] [0:50] [10.428571428571429:22.38095238095238] [0.99898971074624721:11.124425129736824] [0:19] [23:50] [0:0.083333333333333329] [0:0.02976190476190476] [-4.4000000000000004:30.600000000000001] [-1.2791666666666668:32.241666666666667] [6.1285714285714281:31.660119047619045] [-15:11.099999999999998] [-1.0166666666666666:32.241666666666667] [-32.241666666666667:32.241666666666667]
tree_sizes=723 754 755 751 761 758 750 740 755 765 760 743 757 770 768 770 748 761 776 754 768 769 768 773 746 771 746 773 752 770 756 769 770 758 774 756 772 768 760 767 751 770 772 763 761 771 772 764 773 763 772 774 762 765 775 766 768 763 759 766 768 765 772 754 767 779 768 768 763 777 773 759 770 768 753 766 766 774 773 779 763 771 758 765 767 779 772 766 779 764 771 770 757 769 761 763 769 767 777 774 782 779 766 774 780 780 763 776 767 781 760 776 752 770 780 770 759 771 766 772 768 772 778 772 777 761 765 784 768 767 777 769 781 773 770 754 762 765 765 766 763 769 777 782 763 757 754 779 778 759

Tree=0
num_leaves=7
num_cat=0
split_feature=9 8 11 5 2 0
split_gain=35863.5 26048.4 13603.9 5160.44 4346.63 4372.13
threshold=12.000000000000002 1.0000000180025095e-35 22.500000000000004 -0.3794095225512602 4.5000000000000009 8.5000000000000018
decision_type=2 2 2 2 2 2
left_child=2 3 4 -2 5 -1
right_child=1 -3 -4 -5 -6 -7
leaf_value=19.822755271426022 20.51626060027553 20.793003238298201 20.671167999844521 20.635011397039751 19.621167959999223 20.472304361565815
leaf_weight=63 1080 2986 73 5983 92 44
leaf_count=63 1080 2986 73 5983 92 44
internal_value=20.6539 20.6692 20.0873 20.6169 19.8732 20.0899
internal_weight=10321 10049 272 7063 199 107
internal_count=10321 10049 272 7063 199 107
is_linear=0
shrinkage=1


Tree=1
num_leaves=7
num_cat=0
split_feature=9 11 11 2 2 0
split_gain=32366.8 23625.2 12277.5 5326.89 3922.83 3945.85
threshold=12.000000000000002 22.500000000000004 22.500000000000004 4.5000000000000009 4.5000000000000009 8.5000000000000018
decision_type=2 2 2 2 2 2
left_child=2 3 4 -2 5 -1
right_child=1 -3 -4 -5 -6 -7
leaf_value=-0.78955048351060775 0.0025586432737422582 0.14329735289697001 0.016441606536303482 -0.084442913537450939 -0.98105840682983403 -0.17247886352918365
leaf_weight=63 4549 2631 73 2869 92 44
leaf_count=63 4549 2631 73 2869 92 44
internal_value=-1.76573e-10 0.0145674 -0.538191 -0.0310902 -0.741649 -0.535801
internal_weight=10321 10049 272 7418 199 107
internal_count=10321 10049 272 7418 199 107
is_linear=0
shrinkage=0.05


Tree=2
num_leaves=7
num_cat=0
split_feature=9 8 11 11 2 0
split_gain=29211.1 21691.1 11080.4 4496.03 3540.36 3561.13
threshold=12.000000000000002 1.0000000180025095e-35 22.500000000000004 18.500000000000004 4.5000000000000009 8.5000000000000018
decision_type=2 2 2 2 2 2
left_child=2 3 4 -2 5 -1
right_child=1 -3 -4 -5 -6 -7
leaf_value=-0.75007294752886378 -0.1167103105989459 0.12681831933548007 0.015619524701000892 -0.014701603658481735 -0.93200550079345712 -0.16385491321032697
leaf_weight=63 1331 2986 73 5732 92 44
leaf_count=63 1331 2986 73 5732 92 44
internal_value=-6.47928e-10 0.013839 -0.511281 -0.0339248 -0.704566 -0.509011
internal_weight=10321 10049 272 7063 199 107
internal_count=10321 10049 272 7063 199 107
is_linear=0
shrinkage=0.05


Tree=3
num_leaves=7
num_cat=0
split_feature=9 11 11 2 2 0
split_gain=26363 19764.1 10000.1 4441.23 3195.17 3229.52
threshold=12.000000000000002 22.500000000000004 22.500000000000004 4.5000000000000009 4.5000000000000009 16.500000000000004
decision_type=2 2 2 2 2 2
left_child=2 3 4 -2 5 -1
right_child=1 -3 -4 -5 -6 -7
leaf_value=-0.69580688423185211 0.0021112450498208864 0.13088887126593138 0.014838539655894451 -0.077329245730637264 -0.88540515899658212 -0.12804853368550539
leaf_weight=67 4549 2631 73 2869 92 40
leaf_count=67 4549 2631 73 2869 92 40
internal_value=4.07649e-10 0.0131471 -0.485717 -0.0286133 -0.669338 -0.483561
internal_weight=10321 10049 272 7418 199 107
internal_count=10321 10049 272 7418 199 107
is_linear=0
shrinkage=0.05


Tree=4
num_leaves=7
num_cat=0
split_feature=9 8 11 5 0 2
split_gain=23792.6 18059.4 9025.07 3840.4 3167.62 2883.64
threshold=12.000000000000002 1.0000000180025095e-35 22.500000000000004 -0.3794095225512602 9.5000000000000018 4.5000000000000009
decision_type=2 2 2 2 2 2
left_child=2 3 5 -2 -3 -1
right_child=1 4 -4 -5 -6 -7
leaf_value=-0.45938269321362829 -0.11787093726573168 0.012560372716642704 0.014096621250453063 -0.015428173692827538 0.14132194969227693 -0.84113492965698244
leaf_weight=107 1080 597 73 5983 2389 92
leaf_count=107 1080 597 73 5983 2389 92
internal_value=-3.36742e-10 0.0124897 -0.461431 -0.0310926 0.115578 -0.635871
internal_weight=10321 10049 272 7063 2986 199
internal_count=10321 10049 272 7063 2986 199
is_linear=0
shrinkage=0.05


Tree=5
num_leaves=7
num_cat=0
split_feature=9 8 11 11 0 2
split_gain=21472.8 16298.6 8145.13 3566.97 2858.78 2602.49
threshold=12.000000000000002 1.0000000180025095e-35 22.500000000000004 18.500000000000004 9.5000000000000018 4.5000000000000009
decision_type=2 2 2 2 2 2
left_child=2 3 5 -2 -3 -1
right_child=1 4 -4 -5 -6 -7
leaf_value=-0.4364136011522507 -0.10327564104048047 0.011932354153350769 0.013391781383997773 -0.012415758487479263 0.13425585562312589 -0.79907817840576179
leaf_weight=107 1331 597 73 5732 2389 92
leaf_count=107 1331 597 73 5732 2389 92
internal_value=9.13185e-11 0.0118652 -0.43836 -0.029538 0.109799 -0.604078
internal_weight=10321 10049 272 7063 2986 199
internal_count=10321 10049 272 7063 2986 199
is_linear=0
shrinkage=0.05


Tree=6
num_leaves=7
num_cat=0
split_feature=9 11 11 2 2 0
split_gain=19379.2 14880.8 7350.98 3502.38 2348.75 2922.95
threshold=12.000000000000002 22.500000000000004 22.500000000000004 4.5000000000000009 4.5000000000000009 8.5000000000000018
decision_type=2 2 2 2 2 2
left_child=2 3 4 -2 5 -1
right_child=1 -3 -4 -5 -6 -7
leaf_value=-0.63298911736125041 0.0023206234881955339 0.11343741504406801 0.012722201094235462 -0.068225236021958721 -0.7591242790222168 -0.10188920199871064
leaf_weight=63 4549 2631 73 2869 92 44
leaf_count=63 4549 2631 73 2869 92 44
internal_value=7.8469e-11 0.011272 -0.416442 -0.0249638 -0.573874 -0.414593
internal_weight=10321 10049 272 7418 199 107
internal_count=10321 10049 272 7418 199 107
is_linear=0
shrinkage=0.05


Tree=7
num_leaves=7
num_cat=0
split_feature=9 8 11 5 0 0
split_gain=17489.8 13566.3 6634.26 3063.98 2409.2 2123.45
threshold=12.000000000000002 1.0000000180025095e-35 22.500000000000004 -0.5 9.5000000000000018 17.500000000000004
decision_type=2 2 2 2 2 2
left_child=2 3 5 -2 -3 -1
right_child=1 4 -4 -5 -6 -7
leaf_value=-0.65634440521107007 -0.11009894545694504 0.010214627283614386 0.01208608628135838 -0.014004124886280453 0.1225084016198591 -0.30520627672104017
leaf_weight=136 960 597 73 6103 2389 63
leaf_count=136 960 597 73 6103 2389 63
internal_value=-7.85299e-10 0.0107084 -0.39562 -0.0270653 0.100057 -0.54518
internal_weight=10321 10049 272 7063 2986 199
internal_count=10321 10049 272 7063 2986 199
is_linear=0
shrinkage=0.05


Tree=8
num_leaves=7
num_cat=0
split_feature=9 11 11 2 0 2
split_gain=15784.5 12367.7 5987.42 2096.25 2477.75 2022.07
threshold=12.000000000000002 21.500000000000004 22.500000000000004 4.5000000000000009 8.5000000000000018 4.5000000000000009
decision_type=2 2 2 2 2 2
left_child=2 5 3 4 -1 -2
right_child=1 -3 -4 -5 -6 -7
leaf_value=-0.56852244876679925 -0.006595545864319834 0.084964113657593113 0.011481781018106905 -0.69293093059373945 -0.079539329389279545 -0.062961934791041244
leaf_weight=63 3680 3566 73 92 44 2803
leaf_count=63 3680 3566 73 92 44 2803
internal_value=-2.96749e-10 0.010173 -0.375839 -0.517921 -0.367445 -0.0309662
internal_weight=10321 10049 272 199 107 6483
internal_count=10321 10049 272 199 107 6483
is_linear=0
shrinkage=0.05


Tree=9
num_leaves=7
num_cat=0
split_feature=9 8 11 11 0 2
split_gain=14245.5 11404.3 5403.64 2644.38 2081.76 1891.86
threshold=12.000000000000002 1.0000000180025095e-35 22.500000000000004 18.500000000000004 9.5000000000000018 4.5000000000000009
decision_type=2 2 2 2 2 2
left_child=2 3 5 -2 -3 -1
right_child=1 4 -4 -5 -6 -7
leaf_value=-0.34907301048809125 -0.088458378893441492 0.0080705861113279116 0.010907689308466978 -0.010226418169258216 0.11245479460426733 -0.65828437183214272
leaf_weight=107 1331 597 73 5732 2389 92
leaf_count=107 1331 597 73 5732 2389 92
internal_value=-4.51178e-12 0.00966432 -0.357047 -0.024969 0.0915849 -0.492025
internal_weight=10321 10049 272 7063 2986 199
internal_count=10321 10049 272 7063 2986 199
is_linear=0
shrinkage=0.05


Tree=10
num_leaves=7
num_cat=0
split_feature=9 11 7 11 2 21
split_gain=12856.6 10311.6 5122.8 4495.16 2477.24 2182.28
threshold=12.000000000000002 22.500000000000004 -0.99761278905001471 21.500000000000004 4.5000000000000009 0.0089285714285714298
decision_type=2 2 2 2 2 2
left_child=2 4 -1 5 -2 -4
right_child=1 -3 3 -5 -6 -7
leaf_value=-0.71138256183568993 0.0019637105193756445 0.094227265070306862 -0.59482414735590716 0.070221594783915098 -0.057366319497480459 -0.16453524839419587
leaf_weight=69 4549 2631 68 83 2869 52
leaf_count=69 4549 2631 68 83 2869 52
internal_value=3.46677e-10 0.0091811 -0.339194 -0.212687 -0.0209829 -0.408366
internal_weight=10321 10049 272 203 7418 120
internal_count=10321 10049 272 203 7418 120
is_linear=0
shrinkage=0.05


Tree=11
num_leaves=7
num_cat=0
split_feature=9 8 7 0 11 5
split_gain=11603.1 9495.51 4623.32 4192.7 2399.95 2300.56
threshold=12.000000000000002 1.0000000180025095e-35 -0.99761278905001471 10.500000000000002 20.500000000000004 -0.5
decision_type=2 2 2 2 2 2
left_child=2 5 -1 -4 -5 -2
right_child=1 -3 3 4 -6 -7
leaf_value=-0.67581342061360683 -0.094829722687136395 0.083473120386219776 -0.46181530986319896 -0.31014206685670992 0.1667414221409205 -0.01156257070044299
leaf_weight=69 960 2986 88 41 74 6103
leaf_count=69 960 2986 88 41 74 6103
internal_value=1.85622e-10 0.00872205 -0.322235 -0.202053 -0.00327791 -0.0228802
internal_weight=10321 10049 272 203 115 7063
internal_count=10321 10049 272 203 115 7063
is_linear=0
shrinkage=0.05


Tree=12
num_leaves=7
num_cat=0
split_feature=9 11 7 0 11 2
split_gain=10471.8 8746.36 4172.55 3783.91 2165.96 1381.2
threshold=12.000000000000002 21.500000000000004 -0.99761278905001471 10.500000000000002 20.500000000000004 4.5000000000000009
decision_type=2 2 2 2 2 2
left_child=2 5 -1 -4 -5 -2
right_child=1 -3 3 4 -6 -7
leaf_value=-0.64202273686726885 -0.0061681698850841954 0.071181458681174134 -0.43872454471208838 -0.29463497909103953 0.15840435640483694 -0.052753755513577333
leaf_weight=69 3680 3566 88 41 74 2803
leaf_count=69 3680 3566 88 41 74 2803
internal_value=-7.47873e-11 0.00828594 -0.306123 -0.19195 -0.00311402 -0.02631
internal_weight=10321 10049 272 203 115 6483
internal_count=10321 10049 272 203 115 6483
is_linear=0
shrinkage=0.05


Tree=13
num_leaves=7
num_cat=0
split_feature=11 9 2 10 0 5
split_gain=9516.54 11358.7 1848.5 1890.91 1442.06 1065.85
threshold=22.500000000000004 12.000000000000002 4.5000000000000009 21.500000000000004 17.500000000000004 1.0000000180025095e-35
decision_type=2 2 2 2 2 2
left_child=1 4 3 -3 -1 -4
right_child=-2 2 5 -5 -6 -7
leaf_value=-0.49300042145392475 0.0805818744587916 -0.015390019888351043 -0.080457070469856271 0.063794339930666008 -0.20363364285892913 -0.019505778450893459
leaf_weight=136 2704 3595 1437 954 63 1432
leaf_count=136 2704 3595 1437 954 63 1432
internal_value=5.33582e-10 -0.0286062 -0.0186056 0.00121624 -0.401392 -0.0500345
internal_weight=10321 7617 7418 4549 199 2869
internal_count=10321 7617 7418 4549 199 2869
is_linear=0
shrinkage=0.05


Tree=14
num_leaves=7
num_cat=0
split_feature=8 9 0 11 0 7
split_gain=8604.3 9231.55 1935.74 1791.14 1731.28 1214.9
threshold=1.0000000180025095e-35 12.000000000000002 17.500000000000004 18.500000000000004 9.5000000000000018 -0.99761278905001471
decision_type=2 2 2 2 2 2
left_child=1 2 -1 -3 -2 -6
right_child=4 3 -4 -5 5 -7
leaf_value=-0.48786739668538498 -0.0050097224651645331 -0.072509672682505633 -0.16192206819024352 -0.0081242599787771583 -0.16000878717750311 0.094038260781139915
leaf_weight=124 611 1331 72 5732 48 2403
leaf_count=124 611 1331 72 5732 48 2403
internal_value=-1.85164e-11 -0.0296504 -0.368132 -0.0202575 0.0702915 0.089063
internal_weight=10321 7259 196 7063 3062 2451
internal_count=10321 7259 196 7063 3062 2451
is_linear=0
shrinkage=0.05


Tree=15
num_leaves=7
num_cat=0
split_feature=11 9 21 10 2 10
split_gain=7840.09 8685.68 1510.7 1447.02 1037.67 1404.18
threshold=21.500000000000004 12.000000000000002 0.0089285714285714298 23.500000000000004 4.5000000000000009 23.500000000000004
decision_type=2 2 2 2 2 2
left_child=1 2 -1 -2 5 -3
right_child=3 4 -4 -5 -6 -7
leaf_value=-0.48647005233848306 0.033247788289793224 -0.011160029857535945 -0.18138331846585351 0.097482973539184059 -0.045795352903569848 0.16067473552818223
leaf_weight=114 2206 3557 63 1455 2803 123
leaf_count=114 2206 3557 63 1455 2803 123
internal_value=4.37445e-10 -0.0323097 -0.37788 0.0587769 -0.0228748 -0.00541664
internal_weight=10321 6660 177 3661 6483 3680
internal_count=10321 6660 177 3661 6483 3680
is_linear=0
shrinkage=0.05


Tree=16
num_leaves=7
num_cat=0
split_feature=9 8 7 21 0 5
split_gain=7159.63 6075.78 3415.83 2865.94 1738.44 1584.46
threshold=12.000000000000002 1.0000000180025095e-35 -0.99761278905001471 0.0089285714285714298 9.5000000000000018 -0.5
decision_type=2 2 2 2 2 2
left_child=2 5 -1 -4 -5 -2
right_child=1 -3 3 4 -6 -7
leaf_value=-0.55704155728436899 -0.078138414332643152 0.066645617763404538 -0.35824263310366938 -0.23478828455720629 0.17210892066359521 -0.0090351475643974648
leaf_weight=69 960 2986 91 42 70 6103
leaf_count=69 960 2986 91 42 70 6103
internal_value=7.04064e-11 0.00685137 -0.253123 -0.149821 0.0195225 -0.0184276
internal_weight=10321 10049 272 203 112 7063
internal_count=10321 10049 272 203 112 7063
is_linear=0
shrinkage=0.05


Tree=17
num_leaves=7
num_cat=0
split_feature=11 9 11 21 0 25
split_gain=6623.48 7682.51 1305.5 1087.1 884.994 876.937
threshold=22.500000000000004 12.000000000000002 20.500000000000004 0.0089285714285714298 7.5000000000000009 6.950000000000002
decision_type=2 2 2 2 2 2
left_child=1 3 5 -1 -5 -3
right_child=-2 2 -4 4 -6 -7
leaf_value=-0.42727018271462391 0.067226546663879116 -0.027163842212177616 0.014550011902754718 -0.35263907734940697 -0.022071193754673007 -0.17388713128076724
leaf_weight=118 2704 4899 2415 41 40 104
leaf_count=118 2704 4899 2415 41 40 104
internal_value=4.64275e-10 -0.0238651 -0.0156406 -0.330447 -0.189396 -0.0302139
internal_weight=10321 7617 7418 199 81 5003
internal_count=10321 7617 7418 199 81 5003
is_linear=0
shrinkage=0.05


Tree=18
num_leaves=7
num_cat=0
split_feature=11 9 2 10 13 5
split_gain=5977.69 6933.46 1254.77 1500.02 996.025 813.167
threshold=22.500000000000004 12.000000000000002 4.5000000000000009 21.500000000000004 9.9522598236997837 1.0000000180025095e-35
decision_type=2 2 2 2 2 2
left_child=1 4 3 -3 -1 -4
right_child=-2 2 5 -5 -6 -7
leaf_value=-0.37090710725965381 0.063865218823568992 -0.013317974211132578 -0.067325491499202431 0.057208530015489811 -0.094333259506923395 -0.014087050846731031
leaf_weight=158 2704 3595 1437 954 41 1432
leaf_count=158 2704 3595 1437 954 41 1432
internal_value=-2.55692e-10 -0.0226719 -0.0148585 0.00147259 -0.313925 -0.0407527
internal_weight=10321 7617 7418 4549 199 2869
internal_count=10321 7617 7418 4549 199 2869
is_linear=0
shrinkage=0.05


Tree=19
num_leaves=7
num_cat=0
split_feature=8 9 15 10 5 25
split_gain=5410.15 5568.99 1491.63 1327.75 1263.08 871.909
threshold=1.0000000180025095e-35 12.000000000000002 24.500000000000004 22.500000000000004 -0.5 6.950000000000002
decision_type=2 2 2 2 2 2
left_child=1 2 -1 5 -3 -2
right_child=3 4 -4 -5 -6 -7
leaf_value=-0.35625461745434084 0.024448501541220847 -0.069528047961648562 -0.014010509178042413 0.082278328042167267 -0.0078299025891587683 -0.17424986165916098
leaf_weight=156 1148 960 40 1856 6103 58
leaf_count=156 1148 960 40 1856 6103 58
internal_value=2.32975e-10 -0.0235114 -0.286409 0.0557377 -0.0162159 0.0148925
internal_weight=10321 7259 196 3062 7063 1206
internal_count=10321 7259 196 3062 7063 1206
is_linear=0
shrinkage=0.05


Tree=20
num_leaves=7
num_cat=0
split_feature=11 9 7 21 10 10
split_gain=4975.51 5245.44 1309.43 1069.85 926.217 818.63
threshold=21.500000000000004 12.000000000000002 -0.99761278905001471 0.0089285714285714298 23.500000000000004 18.500000000000004
decision_type=2 2 2 2 2 2
left_child=1 3 -2 -1 -4 -3
right_child=2 5 4 -5 -6 -7
leaf_value=-0.38567133713186835 -0.17735381508246065 -0.066171928245318951 0.030225475836303063 -0.12893034730638778 0.082081910816780415 -0.011797850197565409
leaf_weight=114 64 788 2169 63 1428 5695
leaf_count=114 64 788 2169 63 1428 5695
internal_value=8.95499e-11 -0.0257389 0.0468236 -0.294289 0.0508124 -0.0184069
internal_weight=10321 6660 3661 177 3597 6483
internal_count=10321 6660 3661 177 3597 6483
is_linear=0
shrinkage=0.05


Tree=21
num_leaves=7
num_cat=0
split_feature=8 9 0 0 11 7
split_gain=4518.72 4553.24 1358.68 1154.96 1110.3 923.713
threshold=1.0000000180025095e-35 12.000000000000002 17.500000000000004 10.500000000000002 18.500000000000004 -0.99761278905001471
decision_type=2 2 2 2 2 2
left_child=1 2 -1 -2 -3 -5
right_child=3 4 -4 5 -6 -7
leaf_value=-0.35951590691843344 0.0039737616361991265 -0.056030144831018737 -0.086442511466642225 -0.16116000598385222 -0.0053377718319115542 0.07565422911955115
leaf_weight=124 917 1331 72 42 5732 2103
leaf_count=124 917 1331 72 42 5732 2103
internal_value=-1.14969e-10 -0.0214873 -0.259203 0.0509393 -0.0148906 0.0710173
internal_weight=10321 7259 196 3062 7063 2145
internal_count=10321 7259 196 3062 7063 2145
is_linear=0
shrinkage=0.05


Tree=22
num_leaves=7
num_cat=0
split_feature=11 9 7 21 10 10
split_gain=4127.83 4288.01 1101.81 946.488 767.678 706.187
threshold=21.500000000000004 12.000000000000002 -0.99761278905001471 0.0089285714285714298 23.500000000000004 18.500000000000004
decision_type=2 2 2 2 2 2
left_child=1 3 -2 -1 -4 -3
right_child=2 5 4 -5 -6 -7
leaf_value=-0.35220413228921726 -0.1629889712065051 -0.061178359511807126 0.027565331870209944 -0.11071840108387054 0.074775528653178505 -0.010676433605029918
leaf_weight=114 64 788 2169 63 1428 5695
leaf_count=114 64 788 2169 63 1428 5695
internal_value=-1.39443e-10 -0.023444 0.0426488 -0.266252 0.0463077 -0.0168149
internal_weight=10321 6660 3661 177 3597 6483
internal_count=10321 6660 3661 177 3597 6483
is_linear=0
shrinkage=0.05


Tree=23
num_leaves=7
num_cat=0
split_feature=11 12 2 10 7 25
split_gain=3794.47 4617.24 1380.51 1283.04 994.632 735.165
threshold=23.500000000000004 12.875000000000002 4.5000000000000009 21.500000000000004 -0.99761278905001471 6.950000000000002
decision_type=2 2 2 2 2 2
left_child=1 4 3 5 -1 -3
right_child=-2 2 -4 -5 -6 -7
leaf_value=-0.41938554662646671 0.063824794915063598 -0.004523609166045532 -0.036715963999784162 0.046138433007515751 -0.17548478983440682 -0.11777963935328811
leaf_weight=66 1900 3736 2898 1458 114 149
leaf_count=66 1900 3736 2898 1458 114 149
internal_value=-2.26965e-11 -0.0144006 -0.00892882 0.0061427 -0.264915 -0.00886728
internal_weight=10321 8421 8241 5343 180 3885
internal_count=10321 8421 8241 5343 180 3885
is_linear=0
shrinkage=0.05


Tree=24
num_leaves=7
num_cat=0
split_feature=9 11 7 24 0 11
split_gain=3448.39 2985.31 2281.2 1897.29 1948.85 1061.45
threshold=18.500000000000004 20.500000000000004 -0.99761278905001471 23.559821428571428 10.500000000000002 20.500000000000004
decision_type=2 2 2 2 2 2
left_child=2 -2 -1 4 -4 -6
right_child=1 -3 3 -5 5 -7
leaf_value=-0.41995943041815276 -0.022501714597189613 0.032069330657576875 -0.38358161836862564 0.12937059699941209 -0.20558021034706725 0.13978749646080865
leaf_weight=69 4979 5046 70 68 44 45
leaf_count=69 4979 5046 70 68 44 45
internal_value=2.08793e-11 0.00496617 -0.168195 -0.0916679 -0.1862 -0.0309561
internal_weight=10321 10025 296 227 159 89
internal_count=10321 10025 296 227 159 89
is_linear=0
shrinkage=0.05


Tree=25
num_leaves=7
num_cat=0
split_feature=11 12 2 10 22 25
split_gain=3241.7 3834.54 1161.84 1109.74 799.311 666.014
threshold=23.500000000000004 12.875000000000002 4.5000000000000009 21.500000000000004 28.050000000000004 6.950000000000002
decision_type=2 2 2 2 2 2
left_child=1 4 3 5 -1 -3
right_child=-2 2 -4 -5 -6 -7
leaf_value=-0.18257761575437975 0.058992993775166973 -0.004322744988897672 -0.033815480941447658 0.042699265644939255 -0.42967581083608231 -0.11212069130683906
leaf_weight=137 1900 3736 2898 1458 43 149
leaf_count=137 1900 3736 2898 1458 43 149
internal_value=2.13863e-10 -0.0133104 -0.00832393 0.00550248 -0.241607 -0.00845708
internal_weight=10321 8421 8241 5343 180 3885
internal_count=10321 8421 8241 5343 180 3885
is_linear=0
shrinkage=0.05


Tree=26
num_leaves=7
num_cat=0
split_feature=8 9 0 0 5 7
split_gain=2949.56 2851.3 1067.34 867.718 845.761 708.963
threshold=1.0000000180025095e-35 12.000000000000002 17.500000000000004 10.500000000000002 -0.5 0.2499757677084001
decision_type=2 2 2 2 2 2
left_child=1 2 5 -2 -3 -1
right_child=3 4 -4 -5 -6 -7
leaf_value=-0.1604727112163197 0.00044656176441994016 -0.055764903347784035 -0.052351269829604363 0.058558268518228353 -0.0052777128863387519 -0.40112324037413666
leaf_weight=55 917 960 72 2145 6103 69
leaf_count=55 917 960 72 2145 6103 69
internal_value=1.93104e-12 -0.0173601 -0.205473 0.0411551 -0.0121399 -0.294383
internal_weight=10321 7259 196 3062 7063 124
internal_count=10321 7259 196 3062 7063 124
is_linear=0
shrinkage=0.05


Tree=27
num_leaves=7
num_cat=0
split_feature=11 12 2 10 22 25
split_gain=2681.43 3259.53 978.619 967.378 737.633 606.766
threshold=23.500000000000004 12.875000000000002 4.5000000000000009 21.500000000000004 28.050000000000004 6.950000000000002
decision_type=2 2 2 2 2 2
left_child=1 4 3 5 -1 -3
right_child=-2 2 -4 -5 -6 -7
leaf_value=-0.16588386164257563 0.053653395173924145 -0.0039060284612312461 -0.030903617423149878 0.039910242414876146 -0.40325715209162516 -0.10679754379311664
leaf_weight=137 1900 3736 2898 1458 43 149
leaf_count=137 1900 3736 2898 1458 43 149
internal_value=-1.90122e-10 -0.0121056 -0.00750823 0.00518124 -0.22259 -0.00785219
internal_weight=10321 8421 8241 5343 180 3885
internal_count=10321 8421 8241 5343 180 3885
is_linear=0
shrinkage=0.05


Tree=28
num_leaves=7
num_cat=0
split_feature=9 8 7 24 0 11
split_gain=2447.73 2111.52 1751.19 1660.69 1615.67 863.906
threshold=18.500000000000004 1.0000000180025095e-35 -0.99761278905001471 23.559821428571428 10.500000000000002 20.500000000000004
decision_type=2 2 2 2 2 2
left_child=2 -2 -1 4 -4 -6
right_child=1 -3 3 -5 5 -7
leaf_value=-0.36229243589484178 -0.010761614905703099 0.039415900317695658 -0.34281571624534474 0.13214249060872724 -0.17928384027697825 0.13229341712262896
leaf_weight=69 7039 2986 70 68 44 45
leaf_count=69 7039 2986 70 68 44 45
internal_value=-2.93266e-10 0.00418403 -0.141706 -0.074655 -0.163097 -0.0217448
internal_weight=10321 10025 296 227 159 89
internal_count=10321 10025 296 227 159 89
is_linear=0
shrinkage=0.05


Tree=29
num_leaves=7
num_cat=0
split_feature=11 12 2 10 22 25
split_gain=2251.7 2703.22 843.731 840.621 594.57 551.555
threshold=23.500000000000004 12.875000000000002 4.5000000000000009 21.500000000000004 28.050000000000004 6.950000000000002
decision_type=2 2 2 2 2 2
left_child=1 4 3 5 -1 -3
right_child=-2 2 -4 -5 -6 -7
leaf_value=-0.15186508283236602 0.049166536176528192 -0.0035112218705528942 -0.028629825783673651 0.037249837891950521 -0.36497967825379485 -0.10160994873250891
leaf_weight=137 1900 3736 2898 1458 43 149
leaf_count=137 1900 3736 2898 1458 43 149
internal_value=-2.44327e-10 -0.0110933 -0.00690654 0.004876 -0.202776 -0.00727357
internal_weight=10321 8421 8241 5343 180 3885
internal_count=10321 8421 8241 5343 180 3885
is_linear=0
shrinkage=0.05


Tree=30
num_leaves=7
num_cat=0
split_feature=9 11 7 24 0 25
split_gain=2059.2 1848.22 1400.92 1599.46 1795.65 655.374
threshold=12.000000000000002 20.500000000000004 -0.99761278905001471 23.559821428571428 10.500000000000002 6.950000000000002
decision_type=2 2 2 2 2 2
left_child=2 5 -1 4 -4 -2
right_child=1 -3 3 -5 -6 -7
leaf_value=-0.33038105740063434 -0.015223886816286936 0.025025795792576046 -0.37616484892570368 0.12815923158298523 -0.0085317274555563923 -0.14206479377149103
leaf_weight=69 4899 5046 59 68 76 104
leaf_count=69 4899 5046 59 68 76 104
internal_value=2.82712e-10 0.00367436 -0.135749 -0.0695927 -0.169201 -0.0178606
internal_weight=10321 10049 272 203 135 5003
internal_count=10321 10049 272 203 135 5003
is_linear=0
shrinkage=0.05


Tree=31
num_leaves=7
num_cat=0
split_feature=11 12 7 2 0 25
split_gain=1928.7 2252.6 887.085 809.521 895.593 1064.4
threshold=23.500000000000004 11.604166666666668 -0.99938741687870725 4.5000000000000009 8.5000000000000018 6.950000000000002
decision_type=2 2 2 2 2 2
left_child=1 -1 -3 4 -4 -6
right_child=-2 2 3 -5 5 -7
leaf_value=-0.20702148747819288 0.045503732434424918 -0.17469017029954836 -0.014013762882616935 -0.026521065436392634 0.033388175794322759 -0.13373967336133272
leaf_weight=143 1900 78 2676 2898 2527 99
leaf_count=143 1900 78 2676 2898 2527 99
internal_value=1.05958e-10 -0.0102668 -0.00686797 -0.00527161 0.00634305 0.0270875
internal_weight=10321 8421 8278 8200 5302 2626
internal_count=10321 8421 8278 8200 5302 2626
is_linear=0
shrinkage=0.05


Tree=32
num_leaves=7
num_cat=0
split_feature=11 12 7 11 26 25
split_gain=1740.66 2032.97 800.594 760.746 658.056 596.35
threshold=23.500000000000004 11.604166666666668 -0.99938741687870725 19.250000000000004 11.456250000000001 6.950000000000002
decision_type=2 2 2 2 2 2
left_child=1 -1 -3 4 5 -4
right_child=-2 2 3 -5 -6 -7
leaf_value=-0.19667041510135144 0.04322854622924014 -0.16595566017696492 -0.02948183189383647 0.0055037197705097018 0.072887925360231628 -0.19036096478417769
leaf_weight=143 1900 78 2432 5554 155 59
leaf_count=143 1900 78 2432 5554 155 59
internal_value=2.83929e-10 -0.0097535 -0.00652457 -0.00500803 -0.0270724 -0.0332923
internal_weight=10321 8421 8278 8200 2646 2491
internal_count=10321 8421 8278 8200 2646 2491
is_linear=0
shrinkage=0.05


Tree=33
num_leaves=7
num_cat=0
split_feature=9 11 7 24 0 10
split_gain=1579.61 1404.45 1157.33 1449.52 1580.39 577.358
threshold=12.000000000000002 20.500000000000004 -0.99761278905001471 23.559821428571428 10.500000000000002 23.500000000000004
decision_type=2 2 2 2 2 2
left_child=2 -2 -1 4 -4 -3
right_child=1 5 3 -5 -6 -7
leaf_value=-0.29579866692639784 -0.015554284910698777 0.010814907148045642 -0.34775188534946766 0.1294905218460104 -0.0028573619765474611 0.04779783277989242
leaf_weight=69 5003 3543 59 68 76 1503
leaf_count=69 5003 3543 59 68 76 1503
internal_value=-1.93077e-10 0.00321816 -0.118894 -0.0587644 -0.153589 0.0218306
internal_weight=10321 10049 272 203 135 5046
internal_count=10321 10049 272 203 135 5046
is_linear=0
shrinkage=0.05


Tree=34
num_leaves=7
num_cat=0
split_feature=11 12 7 2 10 6
split_gain=1452.99 1710.6 685.841 652.248 769.059 681.79
threshold=23.500000000000004 11.604166666666668 -0.99938741687870725 4.5000000000000009 22.500000000000004 0.99966190462023474
decision_type=2 2 2 2 2 2
left_child=1 -1 -3 4 5 -4
right_child=-2 2 3 -5 -6 -7
leaf_value=-0.18036878242359297 0.039495301874550554 -0.15351272012638406 -0.00041658711979810406 -0.023619582145163128 0.049987411720058827 -0.2004766877394083
leaf_weight=143 1900 78 4426 2898 833 43
leaf_count=143 1900 78 4426 2898 833 43
internal_value=-1.69914e-10 -0.00891118 -0.0059493 -0.00454565 0.00587989 -0.00234153
internal_weight=10321 8421 8278 8200 5302 4469
internal_count=10321 8421 8278 8200 5302 4469
is_linear=0
shrinkage=0.05


Tree=35
num_leaves=7
num_cat=0
split_feature=9 11 22 21 0 25
split_gain=1316.97 1145.57 1061.14 1254.02 751.872 537.168
threshold=18.500000000000004 20.500000000000004 28.050000000000004 0.0089285714285714298 9.5000000000000018 6.950000000000002
decision_type=2 2 2 2 2 2
left_child=2 5 3 -1 -5 -2
right_child=1 -3 -4 4 -6 -7
leaf_value=-0.16421770967556415 -0.011547595312217107 0.019858457126319326 -0.32464221871417503 -0.10627681414286297 0.16131779552304321 -0.12638730598040498
leaf_weight=138 4875 5046 46 42 70 104
leaf_count=138 4875 5046 46 42 70 104
internal_value=1.15e-10 0.00306902 -0.103942 -0.0633337 0.0609698 -0.0139463
internal_weight=10321 10025 296 250 112 4979
internal_count=10321 10025 296 250 112 4979
is_linear=0
shrinkage=0.05


Tree=36
num_leaves=7
num_cat=0
split_feature=11 12 7 11 26 25
split_gain=1240.84 1447.77 581.006 571.561 571.097 502.183
threshold=23.500000000000004 11.604166666666668 -0.99938741687870725 19.250000000000004 11.456250000000001 6.950000000000002
decision_type=2 2 2 2 2 2
left_child=1 -1 -3 4 5 -4
right_child=-2 2 3 -5 -6 -7
leaf_value=-0.16597185432910921 0.036498303444075744 -0.1413280603165428 -0.025640951899463527 0.0048932318949911294 0.069778493938051286 -0.17327274324025138
leaf_weight=143 1900 78 2432 5554 155 59
leaf_count=143 1900 78 2432 5554 155 59
internal_value=2.23283e-10 -0.00823498 -0.00551012 -0.0042182 -0.0233432 -0.0291377
internal_weight=10321 8421 8278 8200 2646 2491
internal_count=10321 8421 8278 8200 2646 2491
is_linear=0
shrinkage=0.05


Tree=37
num_leaves=7
num_cat=0
split_feature=7 23 8 14 6 0
split_gain=1123.84 2322.89 1142.86 668.841 834.484 598.917
threshold=-0.99761278905001471 29.772916666666667 1.0000000180025095e-35 16.500000000000004 -0.95754239937548935 17.500000000000004
decision_type=2 2 2 2 2 2
left_child=1 -1 3 4 -2 -6
right_child=2 -3 -4 -5 5 -7
leaf_value=0.013637376679968434 -0.2611407632413118 -0.34935118227132733 0.028133042389433895 -0.003626186477212317 -0.076343016172323724 0.024442415518186815
leaf_weight=119 46 70 3002 6439 417 228
leaf_count=119 46 70 3002 6439 417 228
internal_value=1.43147e-10 -0.120803 0.00225343 -0.00864287 -0.0553902 -0.0407165
internal_weight=10321 189 10132 7130 691 645
internal_count=10321 189 10132 7130 691 645
is_linear=0
shrinkage=0.05


Tree=38
num_leaves=7
num_cat=0
split_feature=11 14 20 10 7 27
split_gain=1042.59 1209.11 1418.69 791.532 1028.12 612.763
threshold=23.500000000000004 7.0000000000000009 0.062500000000000014 19.250000000000004 0.28313308994381586 8.8572916666666668
decision_type=2 2 2 2 2 2
left_child=1 2 3 4 -1 -5
right_child=-2 -3 -4 5 -6 -7
leaf_value=-0.17794857926005236 0.033455834528308755 -0.0034811796795769152 0.058793289214372636 -0.16122511536659054 0.089670128803010341 -0.40688324269245979
leaf_weight=107 1900 8050 106 60 54 44
leaf_count=107 1900 8050 106 60 54 44
internal_value=-2.69936e-10 -0.00754852 -0.0958021 -0.15764 -0.0881883 -0.265157
internal_weight=10321 8421 371 265 161 104
internal_count=10321 8421 371 265 161 104
is_linear=0
shrinkage=0.05


Tree=39
num_leaves=7
num_cat=0
split_feature=7 23 11 0 9 25
split_gain=959.989 2052.96 1005.61 682.74 833.156 433.442
threshold=-0.99761278905001471 29.772916666666667 20.500000000000004 10.500000000000002 18.500000000000004 6.950000000000002
decision_type=2 2 2 2 2 2
left_child=1 -1 5 4 -4 -2
right_child=2 -3 3 -5 -6 -7
leaf_value=0.014737701001224899 -0.01160312348084787 -0.32650923069034304 -0.22525803710139078 0.030822574447815061 -0.0023498628908621452 -0.11474616710821955
leaf_weight=119 4943 70 43 3374 1668 104
leaf_count=119 4943 70 43 3374 1668 104
internal_value=-1.14781e-10 -0.11165 0.00208269 0.0177758 -0.00795188 -0.0137285
internal_weight=10321 189 10132 5085 1711 5047
internal_count=10321 189 10132 5085 1711 5047
is_linear=0
shrinkage=0.05


Tree=40
num_leaves=7
num_cat=0
split_feature=8 14 20 0 25 2
split_gain=871.356 818.97 1056.66 616.596 775.113 744.06
threshold=1.0000000180025095e-35 7.0000000000000009 0.062500000000000014 17.500000000000004 0.59999999999999887 2.5000000000000004
decision_type=2 2 2 2 2 2
left_child=1 2 3 4 -1 -5
right_child=-2 -3 -4 5 -6 -7
leaf_value=-0.11048238118052145 0.02236880686761876 -0.0057589035411234248 0.05578726624297177 0.11468647809787876 -0.34354163323529069 -0.17348435258221193
leaf_weight=88 3062 6927 94 42 60 48
leaf_count=88 3062 6927 94 42 60 48
internal_value=4.30469e-11 -0.00943564 -0.0861487 -0.142207 -0.204966 -0.0390046
internal_weight=10321 7259 332 238 148 90
internal_count=10321 7259 332 238 148 90
is_linear=0
shrinkage=0.05


Tree=41
num_leaves=7
num_cat=0
split_feature=7 23 11 0 9 10
split_gain=844.982 1842.55 864.348 599.219 698.741 403.629
threshold=-0.99761278905001471 29.772916666666667 20.500000000000004 10.500000000000002 18.500000000000004 18.500000000000004
decision_type=2 2 2 2 2 2
left_child=1 -1 5 4 -4 -2
right_child=2 -3 3 -5 -6 -7
leaf_value=0.01498688835368938 -0.04620955335220437 -0.30829975363465828 -0.20660583446192191 0.028725896333064799 -0.0024692799406331612 -0.0067373789066881868
leaf_weight=119 763 70 43 3374 1668 4284
leaf_count=119 763 70 43 3374 1668 4284
internal_value=8.91969e-11 -0.104749 0.00195396 0.0165031 -0.00759954 -0.0127047
internal_weight=10321 189 10132 5085 1711 5047
internal_count=10321 189 10132 5085 1711 5047
is_linear=0
shrinkage=0.05


Tree=42
num_leaves=7
num_cat=0
split_feature=10 14 13 25 7 11
split_gain=768.092 686.765 1137.95 703.658 822.437 562.933
threshold=24.500000000000004 7.0000000000000009 7.6696297365726451 -1.0000000180025095e-35 0.26659387353423869 18.500000000000004
decision_type=2 2 2 2 2 2
left_child=1 2 3 -1 -5 -3
right_child=-2 5 -4 4 -6 -7
leaf_value=0.0044291376405292083 0.038708666454788238 -0.032489028267578476 -2.4795023774778521e-05 -0.35020603555899399 -0.096693608732450587 0.0034682731838853267
leaf_weight=45 1140 1274 259 65 63 7475
leaf_count=45 1140 1274 259 65 63 7475
internal_value=-5.65552e-11 -0.00480644 -0.0663477 -0.16564 -0.22543 -0.00176771
internal_weight=10321 9181 432 173 128 8749
internal_count=10321 9181 432 173 128 8749
is_linear=0
shrinkage=0.05


Tree=43
num_leaves=7
num_cat=0
split_feature=7 23 2 0 25 16
split_gain=734.017 1600.49 763.332 1022.19 771.599 1888.67
threshold=-0.99761278905001471 29.772916666666667 4.5000000000000009 9.5000000000000018 6.950000000000002 20.747023809523814
decision_type=2 2 2 2 2 2
left_child=1 -1 3 -2 -5 -6
right_child=2 -3 -4 4 5 -7
leaf_value=0.013965227152807874 -0.011737860086591294 -0.28733912033161951 -0.019726401077399973 0.030222058255033313 -0.36916957255452876 0.041477779448697613
leaf_weight=119 3000 70 2924 4082 42 84
leaf_count=119 3000 70 2924 4082 42 84
internal_value=-1.73117e-11 -0.097629 0.00182115 0.0105621 0.0264604 -0.0954047
internal_weight=10321 189 10132 7208 4208 126
internal_count=10321 189 10132 7208 4208 126
is_linear=0
shrinkage=0.05


Tree=44
num_leaves=7
num_cat=0
split_feature=7 23 2 0 25 16
split_gain=662.45 1444.45 688.907 922.523 696.369 1704.52
threshold=-0.99761278905001471 29.772916666666667 4.5000000000000009 9.5000000000000018 6.950000000000002 20.747023809523814
decision_type=2 2 2 2 2 2
left_child=1 -1 3 -2 -5 -6
right_child=2 -3 -4 4 5 -7
leaf_value=0.013266966072451168 -0.011150966945205195 -0.27297216875744718 -0.018740080991917877 0.028710955783810572 -0.35071109858385863 0.039403890924794335
leaf_weight=119 3000 70 2924 4082 42 84
leaf_count=119 3000 70 2924 4082 42 84
internal_value=1.64741e-10 -0.0927475 0.00173009 0.010034 0.0251374 -0.0906344
internal_weight=10321 189 10132 7208 4208 126
internal_count=10321 189 10132 7208 4208 126
is_linear=0
shrinkage=0.05


Tree=45
num_leaves=7
num_cat=0
split_feature=10 14 12 22 11 25
split_gain=615.741 573.643 966.577 953.657 454.076 588.119
threshold=24.500000000000004 7.0000000000000009 20.312500000000004 28.050000000000004 18.500000000000004 5.8500000000000005
decision_type=2 2 2 2 2 2
left_child=1 2 3 -1 5 -3
right_child=-2 4 -4 -5 -6 -7
leaf_value=-0.00043961687971969232 0.034657790836595509 -0.022180489943530685 -0.24677517240246138 -0.24363193460132765 0.0031763291205077065 -0.19547663370476051
leaf_weight=326 1140 1223 60 46 7475 51
leaf_count=326 1140 1223 60 46 7475 51
internal_value=-2.21843e-11 -0.00430344 -0.0605484 -0.0305118 -0.00152623 -0.0291178
internal_weight=10321 9181 432 372 8749 1274
internal_count=10321 9181 432 372 8749 1274
is_linear=0
shrinkage=0.05


Tree=46
num_leaves=7
num_cat=0
split_feature=12 2 10 13 0 7
split_gain=564.405 542.383 687.567 522.446 439.169 412.967
threshold=11.604166666666668 4.5000000000000009 22.500000000000004 2.3855668765022942 7.5000000000000009 -0.99761278905001471
decision_type=2 2 2 2 2 2
left_child=5 2 -2 -4 -3 -1
right_child=1 4 3 -5 -6 -7
leaf_value=-0.21677412831264997 -0.0012011080478558486 0.010860935271594966 0.016738437701299388 0.07072701617178126 -0.030273109673320593 -0.043467564379577252
leaf_weight=46 5043 972 1540 632 1952 136
leaf_count=46 5043 972 1540 632 1952 136
internal_value=7.15913e-11 0.00156654 0.00892855 0.0324478 -0.0165993 -0.0872703
internal_weight=10321 10139 7215 2172 2924 182
internal_count=10321 10139 7215 2172 2924 182
is_linear=0
shrinkage=0.05


Tree=47
num_leaves=7
num_cat=0
split_feature=7 23 2 0 9 9
split_gain=527.12 1220.82 538.016 786.584 643.261 639.962
threshold=-0.99761278905001471 29.772916666666667 4.5000000000000009 10.500000000000002 12.000000000000002 18.500000000000004
decision_type=2 2 2 2 2 2
left_child=1 -1 3 -2 -4 -5
right_child=2 -3 4 5 -6 -7
leaf_value=0.014729771145204663 -0.0090927500585164644 -0.24842069094734534 -0.20204571355944095 0.15660047114544204 -0.013581830469190509 0.020970895507466319
leaf_weight=119 3300 70 46 89 2878 3819
leaf_count=119 3300 70 46 89 2878 3819
internal_value=1.62537e-11 -0.0827334 0.00154329 0.00888169 -0.0165467 0.0240597
internal_weight=10321 189 10132 7208 2924 3908
internal_count=10321 189 10132 7208 2924 3908
is_linear=0
shrinkage=0.05


Tree=48
num_leaves=7
num_cat=0
split_feature=12 11 7 26 25 0
split_gain=481.871 453.583 416.366 407.21 380.438 369.355
threshold=11.604166666666668 19.250000000000004 -0.99983123799342477 11.456250000000001 6.950000000000002 10.500000000000002
decision_type=2 2 2 2 2 2
left_child=-1 3 -3 4 -2 -4
right_child=1 2 5 -5 -6 -7
leaf_value=-0.080637381672040445 -0.01814598689300868 -0.14387418097919888 -0.0033123260961553098 0.061837568325376152 -0.14663376009044379 0.019039787651905681
leaf_weight=182 2446 45 3446 157 59 3986
leaf_count=182 2446 45 3446 157 59 3986
internal_value=-1.27292e-10 0.00144748 0.00775765 -0.0162765 -0.0211722 0.00867577
internal_weight=10321 10139 7477 2662 2505 7432
internal_count=10321 10139 7477 2662 2505 7432
is_linear=0
shrinkage=0.05


Tree=49
num_leaves=7
num_cat=0
split_feature=10 14 20 10 14 27
split_gain=462.374 465.456 503.232 507.286 674.657 800.402
threshold=24.500000000000004 16.500000000000004 0.062500000000000014 19.250000000000004 7.0000000000000009 6.0563656553989906
decision_type=2 2 2 2 2 2
left_child=1 2 3 -1 5 -5
right_child=-2 -3 -4 4 -6 -7
leaf_value=-0.028249158803572223 0.030032988630823401 9.5542803231448884e-05 0.060709312860051101 -0.079004501634492325 -0.012457824034919573 -0.34080500169042149
leaf_weight=630 1140 8231 116 65 86 53
leaf_count=630 1140 8231 116 65 86 53
internal_value=-4.5033e-11 -0.00372918 -0.0368674 -0.0504392 -0.118967 -0.196593
internal_weight=10321 9181 950 834 204 118
internal_count=10321 9181 950 834 204 118
is_linear=0
shrinkage=0.05


Tree=50
num_leaves=7
num_cat=0
split_feature=7 23 26 26 11 25
split_gain=434.978 1068.59 465.064 657.102 443.018 696.749
threshold=-0.99761278905001471 29.772916666666667 17.677083333333339 17.431250000000002 18.500000000000004 6.4000000000000012
decision_type=2 2 2 2 2 2
left_child=1 -1 3 4 5 -2
right_child=2 -3 -4 -5 -6 -7
leaf_value=0.016028848561475899 -0.022131919223990642 -0.23016826827611242 0.022749979726935238 -0.18651822898513162 0.0025287658961396006 -0.22655888596592946
leaf_weight=119 1359 70 2038 49 6643 43
leaf_count=119 1359 70 2038 49 6643 43
internal_value=1.15185e-10 -0.0751553 0.00140193 -0.00397333 -0.00286149 -0.0284018
internal_weight=10321 189 10132 8094 8045 1402
internal_count=10321 189 10132 8094 8045 1402
is_linear=0
shrinkage=0.05


Tree=51
num_leaves=7
num_cat=0
split_feature=12 26 26 7 11 25
split_gain=425.802 377.927 563.977 401.522 342.152 588.025
threshold=22.770833333333339 17.677083333333339 17.431250000000002 0.98005052076767474 18.500000000000004 6.4000000000000012
decision_type=2 2 2 2 2 2
left_child=1 2 3 4 5 -1
right_child=-2 -3 -4 -5 -6 -7
leaf_value=-0.02720863018317736 0.034119322241805049 0.016544623786262005 -0.17719232016148009 0.033173401214268372 -0.0049725632996033501 -0.21523094323008907
leaf_weight=1262 840 1958 49 574 5595 43
leaf_count=1262 840 1958 49 574 5595 43
internal_value=-8.19349e-11 -0.00302291 -0.00811573 -0.00700725 -0.0103498 -0.033404
internal_weight=10321 9481 7523 7474 6900 1305
internal_count=10321 9481 7523 7474 6900 1305
is_linear=0
shrinkage=0.05


Tree=52
num_leaves=7
num_cat=0
split_feature=10 14 20 10 14 27
split_gain=392.451 401.878 447.908 465.01 611.105 724.986
threshold=24.500000000000004 16.500000000000004 0.062500000000000014 19.250000000000004 7.0000000000000009 6.2286719582094205
decision_type=2 2 2 2 2 2
left_child=1 2 3 -1 5 -5
right_child=-2 -3 -4 4 -6 -7
leaf_value=-0.025786355040412646 0.027669044311879318 0.00011826944388458811 0.057829388526292394 -0.076513340194430915 -0.011273233692140082 -0.32614640286908703
leaf_weight=630 1140 8231 116 66 86 52
leaf_count=630 1140 8231 116 66 86 52
internal_value=1.95909e-11 -0.00343565 -0.0342276 -0.0470316 -0.112642 -0.186521
internal_weight=10321 9181 950 834 204 118
internal_count=10321 9181 950 834 204 118
is_linear=0
shrinkage=0.05


Tree=53
num_leaves=7
num_cat=0
split_feature=7 23 2 0 9 9
split_gain=383.396 963.779 380.611 611.118 625.236 505.013
threshold=-0.99761278905001471 29.772916666666667 4.5000000000000009 10.500000000000002 18.500000000000004 12.000000000000002
decision_type=2 2 2 2 2 2
left_child=1 -1 3 -2 -5 -4
right_child=2 -3 5 4 -6 -7
leaf_value=0.016038555453116655 -0.0083548456950141414 -0.21777358619762321 -0.17826033908387889 0.15187390713188589 0.017813809568710391 -0.011272128467966061
leaf_weight=119 3300 70 46 89 3819 2878
leaf_count=119 3300 70 46 89 3819 2878
internal_value=1.37634e-10 -0.0705585 0.00131618 0.00748845 0.0208669 -0.0138992
internal_weight=10321 189 10132 7208 3908 2924
internal_count=10321 189 10132 7208 3908 2924
is_linear=0
shrinkage=0.05


Tree=54
num_leaves=7
num_cat=0
split_feature=12 7 23 26 26 11
split_gain=369.434 318.081 869.81 363.61 522.119 353.948
threshold=22.770833333333339 -0.99761278905001471 29.772916666666667 17.677083333333339 17.431250000000002 18.500000000000004
decision_type=2 2 2 2 2 2
left_child=1 2 -1 4 5 -3
right_child=-2 3 -4 -5 -6 -7
leaf_value=0.015236627750642629 0.031780814007229527 -0.028809639612969347 -0.20688490912318233 0.018012432740877105 -0.16919282262679192 -0.00028146518228452407
leaf_weight=119 840 1327 70 1898 49 6018
leaf_count=119 840 1327 70 1898 49 6018
internal_value=-1.32754e-10 -0.00281572 -0.0670306 -0.00150959 -0.00652079 -0.00543557
internal_weight=10321 9481 189 9292 7394 7345
internal_count=10321 9481 189 9292 7394 7345
is_linear=0
shrinkage=0.05


Tree=55
num_leaves=7
num_cat=0
split_feature=12 11 12 25 27 7
split_gain=333.414 288.652 377.443 2213.77 649.403 347.371
threshold=22.770833333333339 19.250000000000004 22.562500000000004 -2.2000000000000015 -4.2014958321642597 -0.99761278905001471
decision_type=2 2 2 2 2 2
left_child=1 -1 5 4 -4 -3
right_child=-2 2 3 -5 -6 -7
leaf_value=-0.017147489368648728 0.030191773767084151 -0.070105023413346526 -0.42196367615018976 0.016934165012443794 -0.13705081811174752 0.007118421516219664
leaf_weight=2527 840 149 40 296 40 6429
leaf_count=2527 840 149 40 296 40 6429
internal_value=8.15976e-11 -0.00267494 0.00258421 -0.0461385 -0.279507 0.00536921
internal_weight=10321 9481 6954 376 80 6578
internal_count=10321 9481 6954 376 80 6578
is_linear=0
shrinkage=0.05


Tree=56
num_leaves=7
num_cat=0
split_feature=10 25 16 15 14 10
split_gain=324.889 237.582 1502.13 234.533 336.95 274.058
threshold=20.500000000000004 5.2500000000000018 20.294642857142858 26.500000000000004 16.500000000000004 23.500000000000004
decision_type=2 2 2 2 2 2
left_child=1 -1 -3 4 5 -2
right_child=3 2 -4 -5 -6 -7
leaf_value=-0.0060756805584405941 -0.14605362226310023 -0.29658132297918199 -0.0037912030747870537 0.026213545554601248 0.0049600249422039229 0.013009592631780026
leaf_weight=4823 68 52 278 1414 3641 45
leaf_count=4823 68 52 278 1414 3641 45
internal_value=-9.68663e-11 -0.00888399 -0.0499278 0.0088582 0.00232105 -0.0827099
internal_weight=10321 5153 330 5168 3754 113
internal_count=10321 5153 330 5168 3754 113
is_linear=0
shrinkage=0.05


Tree=57
num_leaves=7
num_cat=0
split_feature=10 13 25 17 14 20
split_gain=300.969 323.767 469.992 983.127 319.884 384.894
threshold=24.500000000000004 2.3855668765022942 -2.4500000000000015 2.5315553083891493 16.500000000000004 0.062500000000000014
decision_type=2 2 2 2 2 2
left_child=4 2 3 -2 5 -1
right_child=1 -3 -4 -5 -6 -7
leaf_value=-0.042349675734601674 0.049093043723819306 0.054592882741651985 0.018723759067628916 -0.27154803029571972 0.00016202119536985941 0.054855691275412843
leaf_weight=834 51 496 548 45 8231 116
leaf_count=834 51 496 548 45 8231 116
internal_value=7.36272e-11 0.0242305 0.000845813 -0.101207 -0.00300869 -0.0304804
internal_weight=10321 1140 644 96 9181 950
internal_count=10321 1140 644 96 9181 950
is_linear=0
shrinkage=0.05


Tree=58
num_leaves=7
num_cat=0
split_feature=11 14 12 22 24 10
split_gain=281.79 375.036 767.396 592.625 356.823 332.034
threshold=24.500000000000004 7.0000000000000009 20.312500000000004 28.050000000000004 23.559821428571428 18.500000000000004
decision_type=2 2 2 2 2 2
left_child=1 2 3 4 5 -1
right_child=-2 -3 -4 -5 -6 -7
leaf_value=0.024210098495786179 0.023376648902021884 -0.00074189025542421199 -0.22352874463254757 -0.19002944554971613 0.068761086066971053 -0.11015458615580834
leaf_weight=94 1146 8768 55 46 122 90
leaf_count=94 1146 8768 55 46 122 90
internal_value=-5.45652e-11 -0.00291985 -0.0498397 -0.0227008 0.00245323 -0.0415118
internal_weight=10321 9175 407 352 306 184
internal_count=10321 9175 407 352 306 184
is_linear=0
shrinkage=0.05


Tree=59
num_leaves=7
num_cat=0
split_feature=10 7 25 12 2 6
split_gain=274.186 225.583 367.715 857.824 1711.06 263.376
threshold=20.500000000000004 0.85561368268953431 -2.4500000000000015 22.562500000000004 2.5000000000000004 -0.35846811432664222
decision_type=2 2 2 2 2 2
left_child=-1 2 3 -2 -5 -3
right_child=1 5 -4 4 -6 -7
leaf_value=-0.0081613730059605181 -0.0060701066663599399 0.087274072007656855 0.0089284067453851996 -0.35965627869246186 0.04218680964639554 0.018042242095510634
leaf_weight=5153 505 159 3388 54 52 1010
leaf_count=5153 505 159 3388 54 52 1010
internal_value=1.01775e-11 0.00813768 0.0024897 -0.033213 -0.162526 0.0274587
internal_weight=10321 5168 3999 611 106 1169
internal_count=10321 5168 3999 611 106 1169
is_linear=0
shrinkage=0.05


Tree=60
num_leaves=7
num_cat=0
split_feature=12 2 7 0 25 16
split_gain=264.077 267.124 514.165 410.112 571.556 1392.24
threshold=11.604166666666668 3.5000000000000004 -0.99761278905001471 9.5000000000000018 6.950000000000002 20.747023809523814
decision_type=2 2 2 2 2 2
left_child=-1 3 -3 -2 -5 -6
right_child=1 2 -4 4 5 -7
leaf_value=-0.05969478076856051 -0.0076314895424541007 -0.17267100132526236 -0.0064066275920946882 0.02359605142402044 -0.32001031025179794 0.032562231958755072
leaf_weight=182 2388 47 4363 3215 42 84
leaf_count=182 2388 47 4363 3215 42 84
internal_value=-5.73267e-11 0.00107155 -0.00817861 0.00819202 0.019502 -0.0849619
internal_weight=10321 10139 4410 5729 3341 126
internal_count=10321 10139 4410 5729 3341 126
is_linear=0
shrinkage=0.05


Tree=61
num_leaves=7
num_cat=0
split_feature=12 11 12 25 27 11
split_gain=247.901 228.645 340.109 1872.89 579.912 318.605
threshold=22.770833333333339 19.250000000000004 22.562500000000004 -2.2000000000000015 -4.2014958321642597 15.500000000000002
decision_type=2 2 2 2 2 2
left_child=1 5 -3 4 -4 -1
right_child=-2 2 3 -5 -6 -7
leaf_value=0.040652281594270007 0.026033664951378127 0.0050178176585378743 -0.39314601493533702 0.014137620148992298 -0.12390820701606571 -0.020831973129276732
leaf_weight=232 840 6578 40 296 40 2295
leaf_count=232 840 6578 40 296 40 2295
internal_value=7.76326e-11 -0.00230654 0.00237414 -0.0438762 -0.258527 -0.0151872
internal_weight=10321 9481 6954 376 80 2527
internal_count=10321 9481 6954 376 80 2527
is_linear=0
shrinkage=0.05


Tree=62
num_leaves=7
num_cat=0
split_feature=12 2 7 0 6 25
split_gain=238.551 233.66 464.05 371.755 544.085 517.533
threshold=11.604166666666668 3.5000000000000004 -0.99761278905001471 9.5000000000000018 0.99818282439137029 6.950000000000002
decision_type=2 2 2 2 2 2
left_child=-1 3 -3 4 -2 -5
right_child=1 2 -4 5 -6 -7
leaf_value=-0.056736369411061915 -0.0042723094572981873 -0.16390334926050237 -0.0059495227618197987 0.02234185194258104 -0.19024171203840523 -0.080958400683344478
leaf_weight=182 2348 47 4363 3215 40 126
leaf_count=182 2348 47 4363 3215 40 126
internal_value=-3.47373e-12 0.00101845 -0.00763293 0.007678 -0.00738737 0.0184461
internal_weight=10321 10139 4410 5729 2388 3341
internal_count=10321 10139 4410 5729 2388 3341
is_linear=0
shrinkage=0.05


Tree=63
num_leaves=7
num_cat=0
split_feature=10 17 25 6 2 15
split_gain=226.545 304.401 317.847 950.432 281.664 253.098
threshold=24.500000000000004 2.6460693424098705 -2.2000000000000015 0.7210268013660811 4.5000000000000009 42.500000000000007
decision_type=2 2 2 2 2 2
left_child=5 2 3 -2 -3 -1
right_child=1 4 -4 -5 -6 -7
leaf_value=-0.0020543006161966946 0.055543883766978976 0.063733456728087695 0.011970064570973566 -0.27144786352961092 -0.040284312447827118 -0.1265615503826156
leaf_weight=9140 50 453 521 40 76 41
leaf_count=9140 50 453 521 40 76 41
internal_value=2.35157e-11 0.0210222 -0.00301852 -0.0897858 0.0487895 -0.00261032
internal_weight=10321 1140 611 90 529 9181
internal_count=10321 1140 611 90 529 9181
is_linear=0
shrinkage=0.05


Tree=64
num_leaves=7
num_cat=0
split_feature=12 10 22 25 12 2
split_gain=214.617 214.475 216.967 273.842 744.998 1526.1
threshold=11.604166666666668 20.500000000000004 9.1500000000000021 -2.4500000000000015 22.562500000000004 2.5000000000000004
decision_type=2 2 2 2 2 2
left_child=-1 -2 -3 4 -4 -6
right_child=1 2 3 -5 5 -7
leaf_value=-0.053814909655273295 -0.0064196035782012597 0.040856277973768895 -0.0021939147956426784 0.009992444580322328 -0.33217112849707958 0.047332542221276808
leaf_weight=182 4991 461 599 3982 54 52
leaf_count=182 4991 461 599 3982 54 52
internal_value=-2.49237e-11 0.000966004 0.00812637 0.00490715 -0.0238157 -0.146
internal_weight=10321 10139 5148 4687 705 106
internal_count=10321 10139 5148 4687 705 106
is_linear=0
shrinkage=0.05


Tree=65
num_leaves=7
num_cat=0
split_feature=7 2 5 0 27 13
split_gain=209.738 218.297 408.093 353.509 295.086 343.025
threshold=-0.99983123799342477 4.5000000000000009 0.25881904510252057 8.5000000000000018 1.31164774883678e-15 2.3942919949129782
decision_type=2 2 2 2 2 2
left_child=-1 2 4 -3 5 -2
right_child=1 3 -4 -5 -6 -7
leaf_value=-0.10427385511187215 0.017734865287672801 0.011387861421319178 -0.0088533352932559112 -0.024267943305882216 0.0017868241483041673 0.066407389231633571
leaf_weight=48 1699 1110 3042 1860 2102 460
leaf_count=48 1699 1110 3042 1860 2102 460
internal_value=1.46606e-11 0.000487214 0.00513529 -0.010942 0.015122 0.0281051
internal_weight=10321 10273 7303 2970 4261 2159
internal_count=10321 10273 7303 2970 4261 2159
is_linear=0
shrinkage=0.05


Tree=66
num_leaves=7
num_cat=0
split_feature=12 11 25 2 12 25
split_gain=200.528 186.079 536.903 467.218 259.875 1410.57
threshold=22.770833333333339 18.500000000000004 6.4000000000000012 4.5000000000000009 22.562500000000004 -2.2000000000000015
decision_type=2 2 2 2 2 2
left_child=1 2 3 -1 -3 -6
right_child=-2 4 -4 -5 5 -7
leaf_value=0.05941471798222904 0.023414455031355225 0.0029439647274374986 -0.19278190331750139 -0.025068820539516742 -0.21039121565206545 0.011604900306426221
leaf_weight=190 840 7654 43 1180 92 322
leaf_count=190 840 7654 43 1180 92 322
internal_value=6.26069e-11 -0.00207448 -0.0188125 -0.0133521 0.000856952 -0.0377276
internal_weight=10321 9481 1413 1370 8068 414
internal_count=10321 9481 1413 1370 8068 414
is_linear=0
shrinkage=0.05


Tree=67
num_leaves=7
num_cat=0
split_feature=7 23 2 0 9 6
split_gain=197.802 703.124 191.236 393.654 624.883 438.095
threshold=-0.99761278905001471 29.772916666666667 4.5000000000000009 10.500000000000002 18.500000000000004 0.99907018497641664
decision_type=2 2 2 2 2 2
left_child=1 -1 3 5 -5 -2
right_child=2 -3 -4 4 -6 -7
leaf_value=0.023285226428787373 -0.0053019442653373834 -0.17642220569508416 -0.0098397755617953761 0.14702793940525041 0.013005707176710336 -0.16594728358241537
leaf_weight=119 3257 70 2924 89 3819 43
leaf_count=119 3257 70 2924 89 3819 43
internal_value=4.38287e-11 -0.0506805 0.000945382 0.00532049 0.0160579 -0.0073952
internal_weight=10321 189 10132 7208 3908 3300
internal_count=10321 189 10132 7208 3908 3300
is_linear=0
shrinkage=0.05


Tree=68
num_leaves=7
num_cat=0
split_feature=12 13 14 27 19 13
split_gain=193.487 197.051 332.51 795.792 235.542 226.06
threshold=11.604166666666668 9.9522598236997837 7.0000000000000009 6.0563656553989906 27.500000000000004 2.3855668765022942
decision_type=2 2 2 2 2 2
left_child=-1 2 3 4 -2 -4
right_child=1 -3 5 -5 -6 -7
leaf_value=-0.051097211407006286 -0.053784507127394056 0.058989933697982146 -0.001830874190668912 -0.21352236699999969 0.10046239201600354 0.019916369671861098
leaf_weight=182 55 144 8442 61 45 1392
leaf_count=182 55 144 8442 61 45 1392
internal_value=3.63481e-13 0.00091722 8.05545e-05 -0.0711938 0.0156266 0.00124744
internal_weight=10321 10139 9995 161 100 9834
internal_count=10321 10139 9995 161 100 9834
is_linear=0
shrinkage=0.05


Tree=69
num_leaves=7
num_cat=0
split_feature=15 15 11 25 2 12
split_gain=178.108 195.559 185.903 470.74 310.482 251.225
threshold=42.500000000000007 26.500000000000004 18.500000000000004 6.4000000000000012 4.5000000000000009 22.562500000000004
decision_type=2 2 2 2 2 2
left_child=1 2 3 4 -1 -4
right_child=-2 -3 5 -5 -6 -7
leaf_value=0.051747458961401739 -0.097111607152730872 0.014624895537587116 0.0020661991585867556 -0.18279290057198949 -0.023715612309597497 -0.052107960121849407
leaf_weight=155 47 1966 6759 43 1130 221
leaf_count=155 47 1966 6759 43 1130 221
internal_value=-4.63857e-11 0.000444252 -0.00291145 -0.0200586 -0.0146131 0.000350943
internal_weight=10321 10274 8308 1328 1285 6980
internal_count=10321 10274 8308 1328 1285 6980
is_linear=0
shrinkage=0.05


Tree=70
num_leaves=7
num_cat=0
split_feature=7 10 25 16 26 12
split_gain=175.525 179.652 182.774 1304.53 173.493 427.88
threshold=-0.99983123799342477 20.500000000000004 5.2500000000000018 20.294642857142858 7.5500000000000007 20.145833333333336
decision_type=2 2 2 2 2 2
left_child=-1 2 4 -4 -2 -6
right_child=1 -3 3 -5 5 -7
leaf_value=-0.095390703203156596 -0.0077515715999358845 0.0070545532152261354 -0.27202371211113552 0.00083050169406639635 0.037901203128902029 -0.05620896045706774
leaf_weight=48 4064 5139 52 278 588 152
leaf_count=48 4064 5139 52 278 588 152
internal_value=1.24647e-11 0.000445708 -0.00616957 -0.0421647 -0.00369697 0.0185705
internal_weight=10321 10273 5134 330 4804 740
internal_count=10321 10273 5134 330 4804 740
is_linear=0
shrinkage=0.05


Tree=71
num_leaves=7
num_cat=0
split_feature=12 0 6 13 14 27
split_gain=176.669 187.37 370.165 179.286 295.001 718.478
threshold=11.604166666666668 5.5000000000000009 -0.065535378769913874 9.9522598236997837 7.0000000000000009 6.0563656553989906
decision_type=2 2 2 2 2 2
left_child=1 -1 -3 4 5 -2
right_child=3 2 -4 -5 -6 -7
leaf_value=-0.14290711320028074 0.01543957984924782 0.082921510709906526 -0.084340651129869826 0.056269633910657528 0.0011774915520361457 -0.20229360205961056
leaf_weight=41 100 53 88 144 9834 61
leaf_count=41 100 53 88 144 9834 61
internal_value=-1.36408e-10 -0.048826 -0.0214691 0.00087645 7.83892e-05 -0.0670556
internal_weight=10321 182 141 10139 9995 161
internal_count=10321 182 141 10139 9995 161
is_linear=0
shrinkage=0.05


Tree=72
num_leaves=7
num_cat=0
split_feature=12 15 6 6 17 20
split_gain=161.706 154.697 166.952 422.544 1382 194.542
threshold=22.770833333333339 42.500000000000007 0.85226249403558707 0.79383249484937135 2.7923669415724568 0.062500000000000014
decision_type=2 2 2 2 2 2
left_child=1 2 3 5 -5 -1
right_child=-2 -3 -4 4 -6 -7
leaf_value=-0.0028317088295769875 0.021026127410531489 -0.09234928082912526 0.013141924410892731 -0.31026532236248894 -0.019246983846414437 0.068808789328128714
leaf_weight=7352 840 47 1630 47 309 96
leaf_count=7352 840 47 1630 47 309 96
internal_value=-8.08991e-12 -0.00186288 -0.00141208 -0.00445193 -0.0576679 -0.00190831
internal_weight=10321 9481 9434 7804 356 7448
internal_count=10321 9481 9434 7804 356 7448
is_linear=0
shrinkage=0.05


Tree=73
num_leaves=7
num_cat=0
split_feature=11 11 25 2 7 23
split_gain=160.414 302.167 382.868 279.627 182.433 781.417
threshold=15.500000000000002 18.500000000000004 6.4000000000000012 4.5000000000000009 -0.99761278905001471 29.772916666666667
decision_type=2 2 2 2 2 2
left_child=-1 2 3 -2 5 -3
right_child=1 4 -4 -5 -6 -7
leaf_value=0.039726779192982759 0.074681530381242436 0.031500962490181084 -0.1706446155299281 -0.025026665938137058 0.0032705188970940085 -0.19392414377381406
leaf_weight=248 75 107 43 1126 8662 60
leaf_count=248 75 107 43 1126 8662 60
internal_value=7.27616e-11 -0.000978084 -0.0240487 -0.0188001 0.00227256 -0.0494901
internal_weight=10321 10073 1244 1201 8829 167
internal_count=10321 10073 1244 1201 8829 167
is_linear=0
shrinkage=0.05


Tree=74
num_leaves=7
num_cat=0
split_feature=14 6 0 12 7 9
split_gain=153.002 310.169 250.236 838.665 449.94 411.858
threshold=16.500000000000004 -0.95754239937548935 10.500000000000002 21.437500000000004 -0.79382744783423187 12.000000000000002
decision_type=2 2 2 2 2 2
left_child=1 -1 3 -3 -4 -6
right_child=-2 2 4 -5 5 -7
leaf_value=-0.14529177591852521 0.002010526760251645 -0.017855528115901645 -0.075912600513706865 -0.25283453353802632 0.14030387745496181 0.011485143416694134
leaf_weight=46 9306 396 117 42 76 338
leaf_count=46 9306 396 117 42 76 338
internal_value=-2.93119e-11 -0.0184335 -0.0124113 -0.0403878 0.0106653 0.035133
internal_weight=10321 1015 969 438 531 414
internal_count=10321 1015 969 438 531 414
is_linear=0
shrinkage=0.05


Tree=75
num_leaves=7
num_cat=0
split_feature=11 11 16 16 2 5
split_gain=149.884 268.994 368.07 338.585 250.515 177.169
threshold=15.500000000000002 18.500000000000004 19.547619047619051 18.244047619047624 4.5000000000000009 0.25881904510252057
decision_type=2 2 2 2 2 2
left_child=-1 2 3 -2 -4 -3
right_child=1 5 4 -5 -6 -7
leaf_value=0.038400856663534919 -0.027031440733996936 0.0087511949066859957 0.071703576706591762 -0.229137314746622 -0.021631149869116635 -0.0054454766384627422
leaf_weight=248 43 4706 77 40 1084 4123
leaf_count=248 43 4706 77 40 1084 4123
internal_value=-8.73002e-12 -0.00094544 -0.0227129 -0.124432 -0.015441 0.00212158
internal_weight=10321 10073 1244 83 1161 8829
internal_count=10321 10073 1244 83 1161 8829
is_linear=0
shrinkage=0.05


Tree=76
num_leaves=7
num_cat=0
split_feature=7 10 17 14 17 2
split_gain=145.066 150.529 223.103 322.266 806.621 204.659
threshold=-0.99983123799342477 24.500000000000004 2.6460693424098705 19.500000000000004 2.5315553083891493 4.5000000000000009
decision_type=2 2 2 2 2 2
left_child=-1 -2 3 -3 -5 -4
right_child=1 2 5 4 -6 -7
leaf_value=-0.086720200426255667 -0.0017236418600037947 0.023866059500478681 0.054041046347411525 -0.00016266097695651381 -0.23304257155396046 -0.034625065412470388
leaf_weight=48 9142 389 453 165 48 76
leaf_count=48 9142 389 453 165 48 76
internal_value=1.64047e-11 0.000405195 0.0176128 -0.00320429 -0.0526426 0.0413026
internal_weight=10321 10273 1131 602 213 529
internal_count=10321 10273 1131 602 213 529
is_linear=0
shrinkage=0.05


Tree=77
num_leaves=7
num_cat=0
split_feature=15 6 6 2 12 7
split_gain=141.814 170.37 492.503 1460.42 192.349 302.24
threshold=42.500000000000007 0.83376496542330847 0.79383249484937135 2.5000000000000004 21.895833333333339 -0.99938741687870725
decision_type=2 2 2 2 2 2
left_child=1 2 4 -4 5 -1
right_child=-2 -3 3 -5 -6 -7
leaf_value=-0.13234342992939849 -0.086654122316456861 0.013632297941572617 -0.32534896310256878 -0.017597251133445433 0.010111255686081554 -0.0049750914267691036
leaf_weight=47 47 1966 46 238 2806 5171
leaf_count=47 47 1966 46 238 2806 5171
internal_value=3.99593e-11 0.000396413 -0.00273572 -0.0674444 -0.000445433 -0.00612233
internal_weight=10321 10274 8308 284 8024 5218
internal_count=10321 10274 8308 284 8024 5218
is_linear=0
shrinkage=0.05


Tree=78
num_leaves=7
num_cat=0
split_feature=26 26 11 11 25 2
split_gain=137.78 251.302 130.051 230.784 336.238 226.484
threshold=30.162500000000005 29.772916666666667 15.500000000000002 18.500000000000004 6.4000000000000012 4.5000000000000009
decision_type=2 2 2 2 2 2
left_child=1 2 -1 4 5 -4
right_child=-2 -3 3 -5 -6 -7
leaf_value=0.035756910132572484 0.036666455665603281 -0.10293249957961961 0.068937655334195047 0.0017341509955928183 -0.15871080655691239 -0.021942158547464966
leaf_weight=244 250 60 73 8525 43 1126
leaf_count=244 250 60 73 8525 43 1126
internal_value=8.56897e-11 -0.000910199 -0.000298738 -0.00119948 -0.0213357 -0.016409
internal_weight=10321 10071 10011 9767 1242 1199
internal_count=10321 10071 10011 9767 1242 1199
is_linear=0
shrinkage=0.05


Tree=79
num_leaves=7
num_cat=0
split_feature=15 6 6 2 10 25
split_gain=129.612 153.603 442.902 1320.18 172.864 220.349
threshold=42.500000000000007 0.83376496542330847 0.79383249484937135 2.5000000000000004 20.500000000000004 6.950000000000002
decision_type=2 2 2 2 2 2
left_child=1 2 4 -4 5 -1
right_child=-2 -3 3 -5 -6 -7
leaf_value=-0.0056414812745119751 -0.082842461162425107 0.012946717090675436 -0.30916823163304641 -0.016565343266071269 0.0070169809619311371 -0.074697357789855923
leaf_weight=3948 47 1966 46 238 3957 119
leaf_count=3948 47 1966 46 238 3957 119
internal_value=-2.02709e-11 0.000378976 -0.00259505 -0.0639588 -0.000423151 -0.00766205
internal_weight=10321 10274 8308 284 8024 4067
internal_count=10321 10274 8308 284 8024 4067
is_linear=0
shrinkage=0.05


Tree=80
num_leaves=7
num_cat=0
split_feature=11 25 12 16 14 12
split_gain=128.449 217.696 411.237 174.154 172.274 600.213
threshold=24.500000000000004 -2.2000000000000015 22.562500000000004 21.994047619047624 7.0000000000000009 20.312500000000004
decision_type=2 2 2 2 2 2
left_child=4 2 -2 -3 5 -1
right_child=1 3 -4 -5 -6 -7
leaf_value=-0.0097702100794942303 0.0067931510849938356 0.018369641005438531 -0.16453530558281476 0.087256194778618595 -0.00049522065337242582 -0.18738012037493967
leaf_weight=352 158 840 45 103 8768 55
leaf_count=352 158 840 45 103 8768 55
internal_value=3.581e-11 0.0157828 -0.0311861 0.0258938 -0.00197135 -0.0337715
internal_weight=10321 1146 203 943 9175 407
internal_count=10321 1146 203 943 9175 407
is_linear=0
shrinkage=0.05


Tree=81
num_leaves=7
num_cat=0
split_feature=11 11 16 16 2 5
split_gain=124.035 212.284 322.885 295.412 199.348 144.559
threshold=15.500000000000002 18.500000000000004 19.547619047619051 18.244047619047624 4.5000000000000009 0.25881904510252057
decision_type=2 2 2 2 2 2
left_child=-1 2 3 -2 -4 -3
right_child=1 5 4 -5 -6 -7
leaf_value=0.034932952770219759 -0.024489397880469645 0.0078530347036290093 0.064350813791131625 -0.21327062125550583 -0.018908325257418784 -0.0049707188486038901
leaf_weight=248 43 4706 77 40 1084 4123
leaf_count=248 43 4706 77 40 1084 4123
internal_value=-1.05291e-10 -0.000860059 -0.0201973 -0.115468 -0.0133864 0.00186455
internal_weight=10321 10073 1244 83 1161 8829
internal_count=10321 10073 1244 83 1161 8829
is_linear=0
shrinkage=0.05


Tree=82
num_leaves=7
num_cat=0
split_feature=20 14 0 2 7 25
split_gain=122.017 255.906 487.597 850.654 424.597 408.139
threshold=0.062500000000000014 7.0000000000000009 10.500000000000002 2.5000000000000004 0.58307701883076835 0.60000000000000064
decision_type=2 2 2 2 2 2
left_child=1 2 3 -1 5 -4
right_child=-2 -3 4 -5 -6 -7
leaf_value=-0.24147587390522376 0.045703343198531206 0.00083406924100157579 -0.11150845153591571 -0.0022926748904865237 0.13487399817258119 0.058135368617681364
leaf_weight=68 144 9834 78 82 50 65
leaf_count=68 144 9834 78 82 50 65
internal_value=-7.5671e-11 -0.000646682 -0.0431006 -0.110722 0.00945513 -0.0343976
internal_weight=10321 10177 343 150 193 143
internal_count=10321 10177 343 150 193 143
is_linear=0
shrinkage=0.05


Tree=83
num_leaves=7
num_cat=0
split_feature=7 9 25 12 20 6
split_gain=119.371 121.172 302.941 878.198 198.298 183.69
threshold=-0.99983123799342477 20.500000000000004 6.950000000000002 18.322916666666668 0.062500000000000014 0.99966190462023474
decision_type=2 2 2 2 2 2
left_child=-1 2 4 -4 -2 -3
right_child=1 5 3 -5 -6 -7
leaf_value=-0.07866581992323822 -0.0034690166880458223 0.008535672394821503 0.027880569262843991 -0.24822171822500727 0.068948690357016548 -0.09091506841619737
leaf_weight=48 6173 3837 72 48 96 47
leaf_count=48 6173 3837 72 48 96 47
internal_value=1.72604e-11 0.000367562 -0.0038664 -0.0825603 -0.00236005 0.00733223
internal_weight=10321 10273 6389 120 6269 3884
internal_count=10321 10273 6389 120 6269 3884
is_linear=0
shrinkage=0.05


Tree=84
num_leaves=7
num_cat=0
split_feature=26 26 12 12 25 2
split_gain=117.868 221.083 112.341 193.181 1072.68 1532.6
threshold=30.162500000000005 29.772916666666667 22.770833333333339 22.562500000000004 -2.2000000000000015 2.5000000000000004
decision_type=2 2 2 2 2 2
left_child=1 2 3 -1 5 -5
right_child=-2 -3 -4 4 -6 -7
leaf_value=-0.000247293469197644 0.03391355470796116 -0.096533639250944062 0.017347596339469057 -0.39456588759190508 0.0066979214335408281 0.011596235535883655
leaf_weight=8748 250 60 830 45 340 48
leaf_count=8748 250 60 830 45 340 48
internal_value=-3.22989e-11 -0.000841862 -0.000268342 -0.00186089 -0.0344609 -0.184934
internal_weight=10321 10071 10011 9181 433 93
internal_count=10321 10071 10011 9181 433 93
is_linear=0
shrinkage=0.05


Tree=85
num_leaves=7
num_cat=0
split_feature=11 11 25 8 5 12
split_gain=108.712 189.581 278.555 179.428 128.42 218.097
threshold=15.500000000000002 18.500000000000004 6.4000000000000012 1.0000000180025095e-35 0.25881904510252057 11.604166666666668
decision_type=2 2 2 2 2 2
left_child=-1 2 3 -2 -3 -6
right_child=1 4 -4 -5 5 -7
leaf_value=0.032703996599523256 -0.018876285951373098 0.0074139229034455092 -0.14412012970898042 0.072785751674590379 -0.090931504726823834 -0.0031397019485755887
leaf_weight=248 1145 4706 43 56 72 4051
leaf_count=248 1145 4706 43 56 72 4051
internal_value=4.92446e-11 -0.000805181 -0.0190792 -0.0146023 0.00176961 -0.00467281
internal_weight=10321 10073 1244 1201 8829 4123
internal_count=10321 10073 1244 1201 8829 4123
is_linear=0
shrinkage=0.05


Tree=86
num_leaves=7
num_cat=0
split_feature=15 6 6 2 26 12
split_gain=107.642 131.14 368.44 1086.83 149.32 148.028
threshold=42.500000000000007 0.83376496542330847 0.79383249484937135 2.5000000000000004 15.733333333333333 21.895833333333339
decision_type=2 2 2 2 2 2
left_child=1 2 5 -4 -3 -1
right_child=-2 4 3 -5 -6 -7
leaf_value=-0.0054017773341071959 -0.075495571468738809 0.0035864169623815939 -0.28085564958012621 -0.015369577709186292 0.03463958837544405 0.0088392761425988998
leaf_weight=5218 47 1436 46 238 530 2806
leaf_count=5218 47 1436 46 238 530 2806
internal_value=8.64486e-12 0.000345366 -0.0024026 -0.0583708 0.0119578 -0.000421668
internal_weight=10321 10274 8308 284 1966 8024
internal_count=10321 10274 8308 284 1966 8024
is_linear=0
shrinkage=0.05


Tree=87
num_leaves=7
num_cat=0
split_feature=7 10 17 14 17 2
split_gain=105.499 104.321 184.517 273.478 635.355 160.635
threshold=-0.99983123799342477 24.500000000000004 2.6460693424098705 19.500000000000004 2.5315553083891493 4.5000000000000009
decision_type=2 2 2 2 2 2
left_child=-1 -2 3 -3 -5 -4
right_child=1 2 5 4 -6 -7
leaf_value=-0.073953950288705536 -0.0014266755467982166 0.020676273971216654 0.047500133080815049 -0.0032270399430258711 -0.20991038791883818 -0.031052807358240609
leaf_weight=48 9142 389 453 165 48 76
leaf_count=48 9142 389 453 165 48 76
internal_value=-1.66849e-11 0.000345546 0.0146706 -0.00426095 -0.0498036 0.0362146
internal_weight=10321 10273 1131 602 213 529
internal_count=10321 10273 1131 602 213 529
is_linear=0
shrinkage=0.05


Tree=88
num_leaves=7
num_cat=0
split_feature=26 26 19 20 14 0
split_gain=99.4862 201.086 108.454 106.489 163.285 241.594
threshold=30.162500000000005 29.772916666666667 27.500000000000004 0.062500000000000014 16.500000000000004 10.500000000000002
decision_type=2 2 2 2 2 2
left_child=1 3 -2 4 5 -1
right_child=2 -3 -4 -5 -6 -7
leaf_value=-0.051205322024814127 0.058046188928186894 -0.092035073774556331 -0.0091765556782484048 0.044046999365369335 0.0011341640156371658 0.0026066936406115779
leaf_weight=383 150 60 100 134 9036 458
leaf_count=383 150 60 100 134 9036 458
internal_value=-3.32252e-11 -0.000773436 0.0311571 -0.000226468 -0.00082712 -0.0218998
internal_weight=10321 10071 250 10011 9877 841
internal_count=10321 10071 250 10011 9877 841
is_linear=0
shrinkage=0.05


Tree=89
num_leaves=7
num_cat=0
split_feature=15 6 6 12 10 13
split_gain=99.4824 117.115 327.548 1011.73 176.677 293.592
threshold=42.500000000000007 0.83376496542330847 0.79383249484937135 22.562500000000004 17.500000000000004 8.227364681578063
decision_type=2 2 2 2 2 2
left_child=1 2 -1 4 -4 -6
right_child=-2 -3 3 -5 5 -7
leaf_value=-0.00039708007511232387 -0.0725776750673639 0.011305957463903865 0.081379155487549024 -0.26695441950825932 -0.0017673353652636976 -0.15360435486305507
leaf_weight=8024 47 1966 41 47 156 40
leaf_count=8024 47 1966 41 47 156 40
internal_value=2.61375e-11 0.000332018 -0.00226485 -0.0550359 -0.0130098 -0.0327545
internal_weight=10321 10274 8308 284 237 196
internal_count=10321 10274 8308 284 237 196
is_linear=0
shrinkage=0.05


Tree=90
num_leaves=7
num_cat=0
split_feature=11 11 16 6 2 5
split_gain=98.5363 167.984 273.202 281.962 160.633 107.665
threshold=15.500000000000002 18.500000000000004 19.547619047619051 0.41398981800788198 4.5000000000000009 0.25881904510252057
decision_type=2 2 2 2 2 2
left_child=-1 2 3 -2 -4 -3
right_child=1 5 4 -5 -6 -7
leaf_value=0.031135852476431719 -0.010053568435832858 0.0068252448139381125 0.058078261722459813 -0.19448720137615755 -0.016659976727487282 -0.0042417688556480818
leaf_weight=248 40 4706 77 43 1084 4123
leaf_count=248 40 4706 77 43 1084 4123
internal_value=-4.84318e-11 -0.000766573 -0.0179682 -0.105604 -0.0117032 0.00165713
internal_weight=10321 10073 1244 83 1161 8829
internal_count=10321 10073 1244 83 1161 8829
is_linear=0
shrinkage=0.05


Tree=91
num_leaves=7
num_cat=0
split_feature=12 7 26 26 26 13
split_gain=93.6671 118.295 303.191 133.248 304.304 191.577
threshold=22.770833333333339 0.98005052076767474 20.427083333333336 17.708333333333339 17.510416666666668 1.2040118193066591
decision_type=2 2 2 2 2 2
left_child=1 3 -3 4 -1 -5
right_child=-2 2 -4 5 -6 -7
leaf_value=-0.0052225831322565376 0.016002586738891079 0.028745076704406732 -0.11354810491204262 0.052713927278845489 -0.13026581371241078 0.0030909634536605093
leaf_weight=6910 840 584 40 220 49 1678
leaf_count=6910 840 584 40 220 49 1678
internal_value=-1.74065e-11 -0.0014178 0.0196237 -0.00290023 -0.00610304 0.00884283
internal_weight=10321 9481 624 8857 6959 1898
internal_count=10321 9481 624 8857 6959 1898
is_linear=0
shrinkage=0.05


Tree=92
num_leaves=7
num_cat=0
split_feature=20 14 0 2 7 25
split_gain=93.3537 182.852 411.904 733.082 381.662 366.253
threshold=0.062500000000000014 7.0000000000000009 10.500000000000002 2.5000000000000004 0.58307701883076835 0.60000000000000064
decision_type=2 2 2 2 2 2
left_child=1 2 3 -1 5 -4
right_child=-2 -3 4 -5 -6 -7
leaf_value=-0.21998548590961625 0.039976379849637554 0.00068602899511227349 -0.10277075588416595 0.0020542265966580048 0.13076146111637355 0.057932379050896723
leaf_weight=68 144 9834 78 82 50 65
leaf_count=68 144 9834 78 82 50 65
internal_value=1.07079e-11 -0.000565648 -0.0364519 -0.0986038 0.0118526 -0.0297239
internal_weight=10321 10177 343 150 193 143
internal_count=10321 10177 343 150 193 143
is_linear=0
shrinkage=0.05


Tree=93
num_leaves=7
num_cat=0
split_feature=7 9 25 12 20 6
split_gain=92.8517 94.0432 261.113 771.836 161.416 149.438
threshold=-0.99983123799342477 20.500000000000004 6.950000000000002 18.322916666666668 0.062500000000000014 0.99966190462023474
decision_type=2 2 2 2 2 2
left_child=-1 2 4 -4 -2 -3
right_child=1 5 3 -5 -6 -7
leaf_value=-0.06937966066567848 -0.0030078662580403479 0.0075453003918988463 0.027071982710104848 -0.23177097893009582 0.062329032720784508 -0.082155291379449213
leaf_weight=48 6173 3837 72 48 96 47
leaf_count=48 6173 3837 72 48 96 47
internal_value=-2.9675e-11 0.000324172 -0.00340582 -0.0764652 -0.00200733 0.00645984
internal_weight=10321 10273 6389 120 6269 3884
internal_count=10321 10273 6389 120 6269 3884
is_linear=0
shrinkage=0.05


Tree=94
num_leaves=7
num_cat=0
split_feature=15 6 6 12 10 13
split_gain=88.1446 106.205 288.543 910.075 152.596 252.2
threshold=42.500000000000007 0.83376496542330847 0.79383249484937135 22.562500000000004 17.500000000000004 8.227364681578063
decision_type=2 2 2 2 2 2
left_child=1 2 -1 4 -4 -6
right_child=-2 -3 3 -5 5 -7
leaf_value=-0.00040739430416986263 -0.06831683421388586 0.010762834649759587 0.075889844283825017 -0.25267997237239431 -0.0014609562245030433 -0.142188140116632
leaf_weight=8024 47 1966 41 47 156 40
leaf_count=8024 47 1966 41 47 156 40
internal_value=-4.34432e-12 0.000312526 -0.00216043 -0.0516898 -0.011831 -0.0301808
internal_weight=10321 10274 8308 284 237 196
internal_count=10321 10274 8308 284 237 196
is_linear=0
shrinkage=0.05


Tree=95
num_leaves=7
num_cat=0
split_feature=2 0 25 22 19 13
split_gain=88.3536 238.489 276.348 495.27 274.319 218.265
threshold=3.5000000000000004 11.500000000000002 6.950000000000002 16.950000000000003 46.500000000000007 2.7250530052320237
decision_type=2 2 2 2 2 2
left_child=1 4 5 -4 -1 -3
right_child=-2 2 3 -5 -6 -7
leaf_value=-0.0041109115646940624 -0.0053074102487008154 0.011394766230358889 -0.18410818787912531 0.031371733301008745 -0.12588732094365232 0.050927011158466276
leaf_weight=2881 4456 2421 48 60 47 408
leaf_count=2881 4456 2421 48 60 47 408
internal_value=1.9937e-11 0.00403236 0.0140994 -0.0643971 -0.00606566 0.0170961
internal_weight=10321 5865 2937 108 2928 2829
internal_count=10321 5865 2937 108 2928 2829
is_linear=0
shrinkage=0.05


Tree=96
num_leaves=7
num_cat=0
split_feature=11 11 16 6 2 16
split_gain=87.8451 143.717 229.756 250.39 140.127 94.0305
threshold=15.500000000000002 18.500000000000004 19.547619047619051 0.41398981800788198 4.5000000000000009 22.029761904761909
decision_type=2 2 2 2 2 2
left_child=-1 2 3 -2 -4 -3
right_child=1 5 4 -5 -6 -7
leaf_value=0.029398245996825639 -0.0069584299670532347 0.00053041226659885103 0.054286187324769697 -0.18075974242718415 -0.015518779733931995 0.028477692573020859
leaf_weight=248 40 8517 77 43 1084 312
leaf_count=248 40 8517 77 43 1084 312
internal_value=-5.48405e-11 -0.000723793 -0.0166345 -0.0970001 -0.0108892 0.00151802
internal_weight=10321 10073 1244 83 1161 8829
internal_count=10321 10073 1244 83 1161 8829
is_linear=0
shrinkage=0.05


Tree=97
num_leaves=7
num_cat=0
split_feature=17 19 7 27 20 10
split_gain=86.4868 134.755 309.548 849.861 157.559 229.094
threshold=2.0099922153360219 26.500000000000004 -0.99761278905001471 -7.7020234171758579 0.062500000000000014 6.5000000000000009
decision_type=2 2 2 2 2 2
left_child=-1 2 3 -2 5 -3
right_child=1 4 -4 -5 -6 -7
leaf_value=0.017343654532322988 -0.26749493412318687 0.10489653945672062 -0.0078875216480264899 0.036226660966434898 0.065811229788232603 0.00055634965101571641
leaf_weight=672 42 53 2295 51 96 7112
leaf_count=672 42 53 2295 51 96 7112
internal_value=-4.76199e-11 -0.00120789 -0.0115113 -0.100938 0.00218071 0.00132816
internal_weight=10321 9649 2388 93 7261 7165
internal_count=10321 9649 2388 93 7261 7165
is_linear=0
shrinkage=0.05


Tree=98
num_leaves=7
num_cat=0
split_feature=15 6 6 2 26 12
split_gain=84.4647 97.0653 265.188 886.019 118.127 111.689
threshold=42.500000000000007 0.83376496542330847 0.79383249484937135 2.5000000000000004 15.733333333333333 21.895833333333339
decision_type=2 2 2 2 2 2
left_child=1 2 5 -4 -3 -1
right_child=-2 4 3 -5 -6 -7
leaf_value=-0.0047034851535101814 -0.066875573818353892 0.0028506207724038933 -0.25042332240339854 -0.010714883454882114 0.030470500801237439 0.0076666771514609759
leaf_weight=5218 47 1436 46 238 530 2806
leaf_count=5218 47 1436 46 238 530 2806
internal_value=3.36722e-11 0.000305933 -0.00205822 -0.0495409 0.0102965 -0.000377628
internal_weight=10321 10274 8308 284 1966 8024
internal_count=10321 10274 8308 284 1966 8024
is_linear=0
shrinkage=0.05


Tree=99
num_leaves=7
num_cat=0
split_feature=26 26 19 23 6 0
split_gain=83.2521 171.781 97.3384 88.6714 355.576 232.192
threshold=30.162500000000005 29.772916666666667 27.500000000000004 25.914583333333336 0.51297097409535064 10.500000000000002
decision_type=2 2 2 2 2 2
left_child=1 3 -2 -1 -5 -6
right_child=2 -3 -4 4 5 -7
leaf_value=0.0025215437322432931 0.053975808247846237 -0.085057336616640292 -0.0097091041207313551 -0.0041560063111080745 -0.017998745935884391 -0.15859787861506147
leaf_weight=7499 150 60 100 2394 55 63
leaf_count=7499 150 60 100 2394 55 63
internal_value=5.69889e-11 -0.000707523 0.0285018 -0.00020198 -0.00833243 -0.0930644
internal_weight=10321 10071 250 10011 2512 118
internal_count=10321 10071 250 10011 2512 118
is_linear=0
shrinkage=0.05


Tree=100
num_leaves=7
num_cat=0
split_feature=11 11 25 8 27 7
split_gain=78.6411 125.27 220.023 125.052 93.9527 360.98
threshold=15.500000000000002 18.500000000000004 6.4000000000000012 1.0000000180025095e-35 1.7060860720621568e-15 -0.99761278905001471
decision_type=2 2 2 2 2 2
left_child=-1 2 3 -2 5 -3
right_child=1 4 -4 -5 -6 -7
leaf_value=0.027815533578940368 -0.015128637995061518 -0.097924813187255724 -0.12666938607256081 0.061393878475895947 -0.0036760114787549136 0.0086243218393378569
leaf_weight=248 1145 81 43 56 4478 4270
leaf_count=248 1145 81 43 56 4478 4270
internal_value=3.8824e-11 -0.000684826 -0.0155394 -0.0115606 0.00140817 0.00664076
internal_weight=10321 10073 1244 1201 8829 4351
internal_count=10321 10073 1244 1201 8829 4351
is_linear=0
shrinkage=0.05


Tree=101
num_leaves=7
num_cat=0
split_feature=15 4 7 6 6 12
split_gain=77.8174 88.2672 114.625 96.3375 312.227 994.139
threshold=42.500000000000007 0.91597561503675362 -0.99983123799342477 0.82899317702918729 0.79904096188274243 22.562500000000004
decision_type=2 2 2 2 2 2
left_child=1 2 -1 4 -4 -6
right_child=-2 -3 3 -5 5 -7
leaf_value=-0.083866363125188026 -0.064190144329629051 0.012551204370033967 -0.0019359112569859592 0.0094127164362560675 -0.0063083996160644782 -0.28494998356554568
leaf_weight=42 47 1285 7000 1760 146 41
leaf_count=42 47 1285 7000 1760 146 41
internal_value=3.82902e-12 0.000293648 -0.0014586 -0.00107175 -0.00363926 -0.0674009
internal_weight=10321 10274 8989 8947 7187 187
internal_count=10321 10274 8989 8947 7187 187
is_linear=0
shrinkage=0.05


Tree=102
num_leaves=7
num_cat=0
split_feature=16 11 17 19 9 2
split_gain=75.2392 129.857 82.6288 102.28 206.917 206.355
threshold=22.029761904761909 24.500000000000004 2.0099922153360219 25.500000000000004 19.500000000000004 2.5000000000000004
decision_type=2 2 2 2 2 2
left_child=2 -2 -1 4 5 -4
right_child=1 -3 3 -5 -6 -7
leaf_value=0.016149409708391651 0.0043281515755652627 0.074275018590000963 0.0087662883302462961 -0.00075683915350862165 0.0035929091995058116 -0.096128180998124993
leaf_weight=672 245 91 70 8813 288 142
leaf_count=672 245 91 70 8813 288 142
internal_value=2.20061e-12 0.0232721 -0.000783117 -0.00200492 -0.0240036 -0.0614932
internal_weight=10321 336 9985 9313 500 212
internal_count=10321 336 9985 9313 500 212
is_linear=0
shrinkage=0.05


Tree=103
num_leaves=7
num_cat=0
split_feature=26 26 19 20 12 14
split_gain=74.9661 148.976 87.9626 77.7044 122.634 111.464
threshold=30.162500000000005 29.772916666666667 27.500000000000004 0.062500000000000014 14.937500000000002 16.500000000000004
decision_type=2 2 2 2 2 2
left_child=1 3 -2 5 -5 -1
right_child=2 -3 -4 4 -6 -7
leaf_value=-0.018124332184955651 0.051262359401832026 -0.079222879083439099 -0.0092777891457080843 0.082005468078164598 -0.013927093215076434 0.00090675603864421499
leaf_weight=841 150 60 100 72 62 9036
leaf_count=841 150 60 100 72 62 9036
internal_value=3.59105e-11 -0.000671391 0.0270463 -0.0002006 0.0376188 -0.00071369
internal_weight=10321 10071 250 10011 134 9877
internal_count=10321 10071 250 10011 134 9877
is_linear=0
shrinkage=0.05


Tree=104
num_leaves=7
num_cat=0
split_feature=15 4 7 27 2 13
split_gain=73.9934 80.265 100.966 95.92 205.038 230.821
threshold=42.500000000000007 0.91597561503675362 -0.99983123799342477 1.7060860720621568e-15 4.5000000000000009 2.9658756142218512
decision_type=2 2 2 2 2 2
left_child=1 2 -1 4 5 -4
right_child=-2 -3 3 -5 -6 -7
leaf_value=-0.078726619091771907 -0.0625930814032859 0.011975075208055623 0.0056924498177164471 -0.0071091544747360503 -0.012163575443585362 0.04848345758148534
leaf_weight=42 47 1285 3338 3755 1506 348
leaf_count=42 47 1285 3338 3755 1506 348
internal_value=-1.2231e-11 0.000286342 -0.00138459 -0.00102152 0.00338122 0.0097324
internal_weight=10321 10274 8989 8947 5192 3686
internal_count=10321 10274 8989 8947 5192 3686
is_linear=0
shrinkage=0.05


Tree=105
num_leaves=7
num_cat=0
split_feature=11 16 16 16 13 25
split_gain=72.1061 111.018 616.265 138.534 374.074 153.602
threshold=15.500000000000002 19.547619047619051 19.380952380952383 20.544642857142858 4.6045288947292375 -1.2000000000000008
decision_type=2 2 2 2 2 2
left_child=-1 2 -2 -3 5 -5
right_child=1 3 -4 4 -6 -7
leaf_value=0.026634756656834901 -0.0069891983938718876 0.015841444109597484 -0.19295176501812725 -0.013452645162814723 -0.14387395841919856 0.00291126287528527
leaf_weight=248 620 1308 48 1867 46 6184
leaf_count=248 620 1308 48 1867 46 6184
internal_value=-1.59206e-11 -0.000655755 -0.0203518 0.000743176 -0.00169582 -0.000883473
internal_weight=10321 10073 668 9405 8097 8051
internal_count=10321 10073 668 9405 8097 8051
is_linear=0
shrinkage=0.05


Tree=106
num_leaves=7
num_cat=0
split_feature=16 12 26 23 7 24
split_gain=69.2257 114.965 95.7295 137.52 80.3312 277.875
threshold=21.735119047619051 23.520833333333336 7.897916666666668 10.252083333333337 0.98005052076767474 10.333928571428574
decision_type=2 2 2 2 2 2
left_child=1 4 -2 -4 5 -1
right_child=2 -3 3 -5 -6 -7
leaf_value=-0.062486062386597041 0.0034718497602149174 0.061663993613587487 0.11403933328506538 0.020843546264130916 0.015569843285667071 -0.001661000901362611
leaf_weight=192 672 72 50 190 624 8521
leaf_count=192 672 72 50 190 624 8521
internal_value=5.66805e-11 -0.00127488 0.0131528 0.0402593 -0.00176022 -0.00300134
internal_weight=10321 9409 912 240 9337 8713
internal_count=10321 9409 912 240 9337 8713
is_linear=0
shrinkage=0.05


Tree=107
num_leaves=7
num_cat=0
split_feature=26 26 19 23 6 16
split_gain=67.4283 131.438 79.6087 73.6838 323.408 228.053
threshold=30.162500000000005 29.772916666666667 27.500000000000004 25.914583333333336 0.51297097409535064 21.422619047619051
decision_type=2 2 2 2 2 2
left_child=1 3 -2 -1 -5 -6
right_child=2 -3 -4 4 5 -7
leaf_value=0.0022881767227272993 0.048688001997147998 -0.074419807934512694 -0.008905646296771012 -0.0036230450700558085 -0.1753774543900205 -0.032854885284581949
leaf_weight=7499 150 60 100 2394 46 72
leaf_count=7499 150 60 100 2394 46 72
internal_value=-9.93974e-12 -0.000636743 0.0256505 -0.000194531 -0.00760608 -0.0884145
internal_weight=10321 10071 250 10011 2512 118
internal_count=10321 10071 250 10011 2512 118
is_linear=0
shrinkage=0.05


Tree=108
num_leaves=7
num_cat=0
split_feature=9 19 2 20 27 13
split_gain=67.2487 225.268 188.539 186.313 187.506 351.223
threshold=19.500000000000004 25.500000000000004 1.0000000180025095e-35 0.062500000000000014 -2.0112396629841744 3.6884413397059879
decision_type=2 2 2 2 2 2
left_child=1 2 -1 4 -3 -6
right_child=-2 3 -4 -5 5 -7
leaf_value=0.032553440322289649 0.0019485744884775358 0.013155137742101581 -0.08184111308171807 0.094711238731785372 -0.012422259668582092 -0.14053860676164429
leaf_weight=46 8370 764 166 48 870 57
leaf_count=46 8370 764 166 48 870 57
internal_value=1.44199e-11 -0.00835959 -0.0570197 -0.00242749 -0.00518483 -0.0203
internal_weight=10321 1951 212 1739 1691 927
internal_count=10321 1951 212 1739 1691 927
is_linear=0
shrinkage=0.05


Tree=109
num_leaves=7
num_cat=0
split_feature=11 11 25 8 5 2
split_gain=65.1619 98.5317 191.453 106.109 77.3943 157.153
threshold=15.500000000000002 18.500000000000004 6.4000000000000012 1.0000000180025095e-35 0.25881904510252057 3.5000000000000004
decision_type=2 2 2 2 2 2
left_child=-1 2 3 -2 5 -3
right_child=1 4 -4 -5 -6 -7
leaf_value=0.025319767030962417 -0.013372783880867878 0.011581691834013332 -0.11746171485892563 0.057116164147321673 -0.0037685027907769023 -0.0083763897447645275
leaf_weight=248 1145 3299 43 56 4123 1407
leaf_count=248 1145 3299 43 56 4123 1407
internal_value=1.12929e-11 -0.00062338 -0.0137976 -0.010086 0.00123286 0.00561462
internal_weight=10321 10073 1244 1201 8829 4706
internal_count=10321 10073 1244 1201 8829 4706
is_linear=0
shrinkage=0.05


Tree=110
num_leaves=7
num_cat=0
split_feature=17 19 7 0 20 10
split_gain=62.6277 104.495 229.395 764.779 122.587 218.52
threshold=2.0099922153360219 26.500000000000004 -0.99761278905001471 13.500000000000002 0.062500000000000014 6.5000000000000009
decision_type=2 2 2 2 2 2
left_child=-1 2 3 -2 5 -3
right_child=1 4 -4 -5 -6 -7
leaf_value=0.014758726397979314 0.037478824177721762 0.10235397354611811 -0.0069814485719989 -0.2521298789343564 0.058082315600525673 0.00045032549717822617
leaf_weight=672 53 53 2295 40 96 7112
leaf_count=672 53 53 2295 40 96 7112
internal_value=2.15831e-12 -0.00102786 -0.010101 -0.0870841 0.00195612 0.00120411
internal_weight=10321 9649 2388 93 7261 7165
internal_count=10321 9649 2388 93 7261 7165
is_linear=0
shrinkage=0.05


Tree=111
num_leaves=7
num_cat=0
split_feature=15 4 6 6 2 26
split_gain=64.5242 73.4566 91.196 331.416 859.674 116.487
threshold=42.500000000000007 0.91597561503675362 0.82414472752956958 0.79904096188274243 2.5000000000000004 11.27916666666667
decision_type=2 2 2 2 2 2
left_child=1 2 3 -1 -5 -4
right_child=-2 -3 5 4 -6 -7
leaf_value=-0.0021883861507329154 -0.05845091472914879 0.011449403538063336 -7.4432620014716416e-05 -0.27561202630400661 -0.0095544544602966033 0.027224758680179414
leaf_weight=7042 47 1285 1202 40 126 579
leaf_count=7042 47 1285 1202 40 126 579
internal_value=2.25839e-11 0.000267393 -0.0013311 -0.00383448 -0.0736647 0.00880049
internal_weight=10321 10274 8989 7208 166 1781
internal_count=10321 10274 8989 7208 166 1781
is_linear=0
shrinkage=0.05


Tree=112
num_leaves=7
num_cat=0
split_feature=16 12 26 23 17 9
split_gain=60.6408 100.292 82.7867 124.399 77.7445 75.472
threshold=21.735119047619051 23.520833333333336 7.897916666666668 10.252083333333337 2.4135819277934183 22.500000000000004
decision_type=2 2 2 2 2 2
left_child=1 -1 4 -4 -2 -6
right_child=2 -3 3 -5 5 -7
leaf_value=-0.0016465191139584648 -0.029548437695648574 0.057592045896065737 0.10768984451889992 0.019051528125388646 0.0058872230178601053 0.0693158576444078
leaf_weight=9337 142 72 50 190 478 52
leaf_count=9337 142 72 50 190 478 52
internal_value=-4.40659e-12 -0.00119321 0.0123102 0.0375178 0.0033075 0.0121104
internal_weight=10321 9409 912 240 672 530
internal_count=10321 9409 912 240 672 530
is_linear=0
shrinkage=0.05


Tree=113
num_leaves=7
num_cat=0
split_feature=26 26 15 10 12 0
split_gain=59.6448 115.123 75.8144 68.1147 226.716 186.398
threshold=30.162500000000005 29.772916666666667 20.500000000000004 6.5000000000000009 12.166666666666668 5.5000000000000009
decision_type=2 2 2 2 2 2
left_child=1 3 -2 5 -5 -1
right_child=2 -3 -4 4 -6 -7
leaf_value=-0.043580566690070557 0.087213958781212575 -0.069651082549244167 0.012107682812992217 -0.11671193926816895 -0.00029406844162757655 0.058442167342084163
leaf_weight=64 40 60 210 42 9756 149
leaf_count=64 40 60 210 42 9756 149
internal_value=2.80057e-11 -0.000598865 0.0241247 -0.000185007 -0.000793104 0.0277874
internal_weight=10321 10071 250 10011 9798 213
internal_count=10321 10071 250 10011 9798 213
is_linear=0
shrinkage=0.05


Tree=114
num_leaves=7
num_cat=0
split_feature=11 16 25 16 13 25
split_gain=58.4647 93.65 538.907 130.896 319.745 133.091
threshold=15.500000000000002 19.547619047619051 5.5500000000000016 20.544642857142858 4.6045288947292375 -1.2000000000000008
decision_type=2 2 2 2 2 2
left_child=-1 2 -2 -3 5 -5
right_child=1 3 -4 4 -6 -7
leaf_value=0.023983324307905167 -0.0061845683787513771 0.015370516710314039 -0.18008423948970934 -0.012625291828727939 -0.13312498876602269 0.0026069121753708947
leaf_weight=248 620 1308 48 1867 46 6184
leaf_count=248 620 1308 48 1867 46 6184
internal_value=-3.86195e-12 -0.000590476 -0.0186804 0.000694377 -0.00167643 -0.000925385
internal_weight=10321 10073 668 9405 8097 8051
internal_count=10321 10073 668 9405 8097 8051
is_linear=0
shrinkage=0.05


Tree=115
num_leaves=7
num_cat=0
split_feature=9 19 2 20 27 13
split_gain=58.3077 195.931 163.997 159.529 172.197 302.399
threshold=19.500000000000004 25.500000000000004 1.0000000180025095e-35 0.062500000000000014 -2.0112396629841744 3.6884413397059879
decision_type=2 2 2 2 2 2
left_child=1 2 -1 4 -3 -6
right_child=-2 3 -4 -5 5 -7
leaf_value=0.030374895681313283 0.0018144206032338365 0.01277217587676443 -0.076314749218893793 0.087634214463954183 -0.011978434380127991 -0.13085691050479287
leaf_weight=46 8370 764 166 48 870 57
leaf_count=46 8370 764 166 48 870 57
internal_value=1.30515e-11 -0.00778406 -0.0531651 -0.00225169 -0.00480316 -0.0192881
internal_weight=10321 1951 212 1739 1691 927
internal_count=10321 1951 212 1739 1691 927
is_linear=0
shrinkage=0.05


Tree=116
num_leaves=7
num_cat=0
split_feature=7 26 19 12 11 12
split_gain=56.6926 271.23 133.334 98.3378 119.292 90.4081
threshold=0.98005052076767474 20.427083333333336 29.500000000000004 22.229166666666668 21.500000000000004 23.291666666666668
decision_type=2 2 2 2 2 2
left_child=5 2 3 -2 -5 -1
right_child=1 -3 -4 4 -6 -7
leaf_value=-0.0017103250149763313 0.046859072088188014 -0.11222300942987205 -0.025404613344538425 0.040572706727589204 -0.050664782937643919 0.031005893298936795
leaf_weight=9433 368 40 120 77 67 216
leaf_count=9433 368 40 120 77 67 216
internal_value=-3.90064e-11 0.014042 0.0220335 0.0331518 -0.00187807 -0.000977948
internal_weight=10321 672 632 512 144 9649
internal_count=10321 672 632 512 144 9649
is_linear=0
shrinkage=0.05


Tree=117
num_leaves=7
num_cat=0
split_feature=26 23 6 0 7 10
split_gain=54.3096 64.7974 296.767 211.766 178.35 155.96
threshold=31.345833333333335 25.914583333333336 0.51297097409535064 10.500000000000002 -0.16799793862756093 6.5000000000000009
decision_type=2 2 2 2 2 2
left_child=1 4 -3 -4 -1 -6
right_child=-2 2 3 -5 5 -7
leaf_value=0.018116062513265186 0.047431472763419157 -0.0033619777869787395 -0.012717444315891375 -0.14699023657419261 0.063744515021745538 -0.0025673827974879307
leaf_weight=1416 60 2644 55 63 90 5993
leaf_count=1416 60 2644 55 63 90 5993
internal_value=5.0468e-11 -0.00027735 -0.00682437 -0.0844055 0.00213402 -0.00158628
internal_weight=10321 10261 2762 118 7499 6083
internal_count=10321 10261 2762 118 7499 6083
is_linear=0
shrinkage=0.05


Tree=118
num_leaves=7
num_cat=0
split_feature=17 19 7 0 2 0
split_gain=55.038 88.2121 203.493 709.513 112.561 196.622
threshold=2.0099922153360219 26.500000000000004 -0.99761278905001471 13.500000000000002 1.5000000000000002 5.5000000000000009
decision_type=2 2 2 2 2 2
left_child=-1 2 3 -2 5 -4
right_child=1 -3 4 -5 -6 -7
leaf_value=0.013835568438588824 0.038171233640948557 0.0017780782404109954 -0.037856945813297724 -0.24077700106427075 -0.012920139127513768 0.028766511262649619
leaf_weight=672 53 7261 147 40 1699 449
leaf_count=672 53 7261 147 40 1699 449
internal_value=-4.07437e-11 -0.000963572 -0.00929989 -0.0818065 -0.00636171 0.0123342
internal_weight=10321 9649 2388 93 2295 596
internal_count=10321 9649 2388 93 2295 596
is_linear=0
shrinkage=0.05


Tree=119
num_leaves=7
num_cat=0
split_feature=15 4 6 6 12 27
split_gain=53.6775 67.3218 79.0437 297.647 826.043 122.825
threshold=42.500000000000007 0.91597561503675362 0.82414472752956958 0.79904096188274243 22.187500000000004 -10.189008733674834
decision_type=2 2 2 2 2 2
left_child=1 2 3 -1 5 -5
right_child=-2 -3 -4 4 -6 -7
leaf_value=-0.0020570490708222877 -0.053312132856313227 0.010948773643179935 0.0081460194299240677 0.066334223747253424 -0.26454541252517122 -0.039915669701021061
leaf_weight=7042 47 1285 1781 40 41 85
leaf_count=7042 47 1285 1781 40 41 85
internal_value=4.5514e-12 0.000243885 -0.00128641 -0.00361703 -0.0697941 -0.0059157
internal_weight=10321 10274 8989 7208 166 125
internal_count=10321 10274 8989 7208 166 125
is_linear=0
shrinkage=0.05


Tree=120
num_leaves=7
num_cat=0
split_feature=16 12 16 16 16 24
split_gain=54.8753 84.4823 75.3401 757.455 214.418 203.41
threshold=21.735119047619051 23.520833333333336 21.535714285714288 21.544642857142861 21.511904761904763 13.899404761904764
decision_type=2 2 2 2 2 2
left_child=1 2 4 -4 -1 -5
right_child=-2 -3 3 5 -6 -7
leaf_value=-0.0010297015074992176 0.011710409282782247 0.052818311153290179 -0.21098586497134827 -0.063620003055160246 0.074118305700055009 0.0074712272325529157
leaf_weight=8451 912 72 47 120 96 623
leaf_count=8451 912 72 47 120 96 623
internal_value=1.18081e-11 -0.00113507 -0.00155112 -0.0163243 -0.000185638 -0.00401053
internal_weight=10321 9409 9337 790 8547 743
internal_count=10321 9409 9337 790 8547 743
is_linear=0
shrinkage=0.05


Tree=121
num_leaves=7
num_cat=0
split_feature=10 22 25 17 17 2
split_gain=53.8221 147.843 185.151 563.679 1209.1 113.606
threshold=21.500000000000004 9.7000000000000011 -2.4500000000000015 2.5315553083891493 2.6595867024987601 3.5000000000000004
decision_type=2 2 2 2 2 2
left_child=-1 -2 3 -3 -5 -4
right_child=1 2 5 4 -6 -7
leaf_value=-0.0026804249552273007 0.035014469648567539 0.013668326280154379 0.015076742503991781 -0.31244370092851265 -0.018182737929703308 -0.0052360120551508682
leaf_weight=6654 366 309 1618 48 128 1198
leaf_count=6654 366 309 1618 48 128 1198
internal_value=-1.06891e-11 0.0048638 0.00152083 -0.0270127 -0.0984357 0.00643517
internal_weight=10321 3667 3301 485 176 2816
internal_count=10321 3667 3301 485 176 2816
is_linear=0
shrinkage=0.05


Tree=122
num_leaves=7
num_cat=0
split_feature=11 16 16 16 13 16
split_gain=53.1336 81.6778 506.722 120.267 271.461 123.868
threshold=15.500000000000002 19.547619047619051 19.380952380952383 20.572916666666671 4.6045288947292375 21.032738095238098
decision_type=2 2 2 2 2 2
left_child=-1 2 -2 -3 5 -5
right_child=1 3 -4 4 -6 -7
leaf_value=0.022863748913720974 -0.0053400645531937411 0.013869631674021068 -0.17396694845713986 -0.0078517554776016771 -0.1228903030399638 0.0047042715081400061
leaf_weight=248 620 1452 48 3639 46 4268
leaf_count=248 620 1452 48 3639 46 4268
internal_value=4.48302e-12 -0.000562912 -0.017457 0.000637006 -0.00177891 -0.00107433
internal_weight=10321 10073 668 9405 7953 7907
internal_count=10321 10073 668 9405 7953 7907
is_linear=0
shrinkage=0.05


Tree=123
num_leaves=7
num_cat=0
split_feature=26 26 19 10 12 0
split_gain=51.3862 99.7349 68.9159 63.6013 198.04 173.409
threshold=30.162500000000005 29.772916666666667 27.500000000000004 6.5000000000000009 12.166666666666668 5.5000000000000009
decision_type=2 2 2 2 2 2
left_child=1 3 -2 5 -5 -1
right_child=2 -3 -4 4 -6 -7
leaf_value=-0.041977373423287646 0.04382683312923958 -0.064827646094684804 -0.0097595158145413752 -0.10909827014520056 -0.00029185014829767462 0.056426544660302315
leaf_weight=64 150 60 100 42 9756 149
leaf_count=64 150 60 100 42 9756 149
internal_value=4.69581e-11 -0.000555861 0.0223923 -0.000170654 -0.000758259 0.0268592
internal_weight=10321 10071 250 10011 9798 213
internal_count=10321 10071 250 10011 9798 213
is_linear=0
shrinkage=0.05


Tree=124
num_leaves=7
num_cat=0
split_feature=22 7 26 24 2 2
split_gain=49.7187 95.6663 279.929 74.6957 781.027 100.35
threshold=1.0000000180025095e-35 0.98005052076767474 17.135416666666668 10.333928571428574 1.0000000180025095e-35 3.5000000000000004
decision_type=2 2 2 2 2 2
left_child=-1 3 -3 4 -2 -5
right_child=1 2 -4 5 -6 -7
leaf_value=-0.041404098044666986 -0.17196696764763653 0.031046920787301605 -0.082793741619583069 0.0046454831469512044 0.0066518482780106849 -0.0059171142112549591
leaf_weight=72 72 540 60 5217 408 3952
leaf_count=72 72 540 60 5217 408 3952
internal_value=3.00664e-11 0.000290867 0.0196629 -0.000913734 -0.020141 9.28182e-05
internal_weight=10321 10249 600 9649 480 9169
internal_count=10321 10249 600 9649 480 9169
is_linear=0
shrinkage=0.05


Tree=125
num_leaves=7
num_cat=0
split_feature=16 11 17 17 13 25
split_gain=49.293 101.271 65.9206 58.6515 57.7872 126.123
threshold=22.029761904761909 24.500000000000004 3.1328353218034573 3.0997183385156624 1.256579476921081 -6.9500000000000002
decision_type=2 2 2 2 2 2
left_child=4 3 -3 -2 5 -1
right_child=1 2 -4 -5 -6 -7
leaf_value=-0.059586260457419687 -0.025219031510481594 0.10505271909877341 0.01989460192906501 0.024008714923333816 -0.0029231107138096256 0.0075057921136938632
leaf_weight=72 109 47 44 136 7330 2583
leaf_count=72 109 47 44 136 7330 2583
internal_value=-1.72498e-11 0.0188368 0.0638774 0.00210739 -0.000633866 0.00568635
internal_weight=10321 336 91 245 9985 2655
internal_count=10321 336 91 245 9985 2655
is_linear=0
shrinkage=0.05


Tree=126
num_leaves=7
num_cat=0
split_feature=9 19 7 20 27 13
split_gain=49.4717 169.307 144.571 141.11 153.431 267.056
threshold=19.500000000000004 25.500000000000004 0.80798785254895478 0.062500000000000014 -2.0112396629841744 3.6884413397059879
decision_type=2 2 2 2 2 2
left_child=1 2 -1 4 -3 -6
right_child=-2 3 -4 -5 5 -7
leaf_value=-0.027017435658206346 0.0016712957483681467 0.01216314788642632 -0.12567618467534583 0.082510406554987037 -0.011230620688631003 -0.12294620136289221
leaf_weight=164 8370 764 48 48 870 57
leaf_count=164 8370 764 48 48 870 57
internal_value=1.2068e-11 -0.00717004 -0.0493553 -0.00202727 -0.00442692 -0.0180999
internal_weight=10321 1951 212 1739 1691 927
internal_count=10321 1951 212 1739 1691 927
is_linear=0
shrinkage=0.05


Tree=127
num_leaves=7
num_cat=0
split_feature=11 11 25 8 27 6
split_gain=47.668 76.1473 157.082 84.2324 73.7999 318.638
threshold=15.500000000000002 18.500000000000004 5.8500000000000005 1.0000000180025095e-35 1.7060860720621568e-15 0.99907018497641664
decision_type=2 2 2 2 2 2
left_child=-1 2 3 -2 -3 -6
right_child=1 4 -4 -5 5 -7
leaf_value=0.021655890452224883 -0.01132017328812626 0.0057362062774128138 -0.096339664130278363 0.051496313535192587 -0.0019200847370417725 -0.12301371617412026
leaf_weight=248 1135 4351 53 56 4423 55
leaf_count=248 1135 4351 53 56 4423 55
internal_value=-1.5434e-11 -0.000533174 -0.0121146 -0.00836659 0.00109865 -0.00340739
internal_weight=10321 10073 1244 1191 8829 4478
internal_count=10321 10073 1244 1191 8829 4478
is_linear=0
shrinkage=0.05


Tree=128
num_leaves=7
num_cat=0
split_feature=4 4 13 2 0 10
split_gain=49.0342 73.7041 94.2307 208.361 186.594 149.848
threshold=0.91597561503675362 0.78656609248549325 2.3942919949129782 4.5000000000000009 10.500000000000002 6.5000000000000009
decision_type=2 2 2 2 2 2
left_child=1 2 -1 4 -4 -6
right_child=-2 -3 3 -5 5 -7
leaf_value=-0.0022355075956981001 0.009114633449456077 -0.015217194139180516 -0.009988076930821415 -0.043397727145502968 0.12214702416042036 0.027327595896569835
leaf_weight=6810 1291 861 379 150 44 786
leaf_count=6810 1291 861 379 150 44 786
internal_value=1.08386e-11 -0.0013031 0.000163424 0.0121846 0.0190806 0.0323542
internal_weight=10321 9030 8169 1359 1209 830
internal_count=10321 9030 8169 1359 1209 830
is_linear=0
shrinkage=0.05


Tree=129
num_leaves=7
num_cat=0
split_feature=27 2 25 7 0 9
split_gain=46.6145 151.765 157.309 65.6091 79.6597 59.3321
threshold=-24.560676478870992 3.5000000000000004 0.84999999999999976 -0.99864786094873803 12.500000000000002 19.500000000000004
decision_type=2 2 2 2 2 2
left_child=1 -1 -3 4 -2 -5
right_child=3 2 -4 5 -6 -7
leaf_value=0.0084950053944914169 0.068218780355528003 -0.025882067238134177 -0.13429265941902088 -0.007759512013051667 -0.018954141319263727 0.0022257148487249668
leaf_weight=304 76 182 41 1836 40 7842
leaf_count=304 76 182 41 1836 40 7842
internal_value=-1.85648e-11 -0.0144859 -0.0458141 0.000779462 0.0381592 0.000331431
internal_weight=10321 527 223 9794 116 9678
internal_count=10321 527 223 9794 116 9678
is_linear=0
shrinkage=0.05


Tree=130
num_leaves=7
num_cat=0
split_feature=26 26 15 13 26 10
split_gain=44.5697 91.0119 65.1312 56.6768 123.565 110.467
threshold=30.162500000000005 29.772916666666667 20.500000000000004 1.256579476921081 27.045833333333338 19.250000000000004
decision_type=2 2 2 2 2 2
left_child=1 3 -2 4 -1 -5
right_child=2 -3 -4 5 -6 -7
leaf_value=0.0043392606861967784 0.079329826850444082 -0.061914493933630493 0.0097160951249367963 -0.01727652215429069 0.07166402566113643 0.00011571226793654171
leaf_weight=2583 40 60 210 1068 70 6290
leaf_count=2583 40 60 210 1068 70 6290
internal_value=6.54015e-12 -0.000517682 0.0208543 -0.000149706 0.00611564 -0.00240874
internal_weight=10321 10071 250 10011 2653 7358
internal_count=10321 10071 250 10011 2653 7358
is_linear=0
shrinkage=0.05


Tree=131
num_leaves=7
num_cat=0
split_feature=17 10 26 23 19 7
split_gain=44.5401 71.6113 122.549 77.4615 70.1839 178.262
threshold=2.0099922153360219 21.500000000000004 19.277083333333337 17.135416666666668 26.500000000000004 -0.99761278905001471
decision_type=2 2 2 2 2 2
left_child=1 2 -1 -3 5 -2
right_child=4 3 -4 -5 -6 -7
leaf_value=0.0093047961630830442 -0.076165400371356051 0.069197375672670564 -0.073189235253716414 0.01429551158551917 0.0015786744110953882 -0.0055526392876166872
leaf_weight=299 93 89 53 231 7261 2295
leaf_count=299 93 89 53 231 7261 2295
internal_value=-2.95723e-11 0.0124463 -0.00311618 0.0295651 -0.000866819 -0.00830263
internal_weight=10321 672 352 320 9649 2388
internal_count=10321 672 352 320 9649 2388
is_linear=0
shrinkage=0.05


Tree=132
num_leaves=7
num_cat=0
split_feature=15 4 6 6 12 26
split_gain=44.1172 58.4883 68.7779 218.558 792.368 96.3102
threshold=42.500000000000007 0.91597561503675362 0.82899317702918729 0.79383249484937135 22.562500000000004 11.27916666666667
decision_type=2 2 2 2 2 2
left_child=1 2 3 -1 -5 -4
right_child=-2 -3 5 4 -6 -7
leaf_value=-0.0018668902988049686 -0.048331919946569081 0.010198998920123931 -0.00042587289406615373 -0.0055195070185711124 -0.25082933578168881 0.024580489255102051
leaf_weight=7021 47 1285 1191 167 41 569
leaf_count=7021 47 1285 1191 167 41 569
internal_value=-8.02921e-12 0.000221102 -0.00120526 -0.00336329 -0.0538738 0.00765857
internal_weight=10321 10274 8989 7229 208 1760
internal_count=10321 10274 8989 7229 208 1760
is_linear=0
shrinkage=0.05


Tree=133
num_leaves=7
num_cat=0
split_feature=11 16 2 0 7 16
split_gain=43.8475 71.0497 439.809 397.303 159.275 113.196
threshold=15.500000000000002 19.547619047619051 1.0000000180025095e-35 9.5000000000000018 -0.99628250747696534 20.572916666666671
decision_type=2 2 2 2 2 2
left_child=-1 2 3 -2 -4 -3
right_child=1 5 4 -5 -6 -7
leaf_value=0.020769939555095568 -0.0040982085022520515 0.013445519864710787 0.091297862463527266 -0.20125262375388828 -0.0067550916326665454 -0.0017360534815139298
leaf_weight=248 47 1452 45 56 520 7953
leaf_count=248 47 1452 45 56 520 7953
internal_value=-5.15531e-12 -0.000511362 -0.016268 -0.111289 0.00105444 0.000607768
internal_weight=10321 10073 668 103 565 9405
internal_count=10321 10073 668 103 565 9405
is_linear=0
shrinkage=0.05


Tree=134
num_leaves=7
num_cat=0
split_feature=16 12 16 16 16 24
split_gain=44.4254 69.8511 67.5366 621.276 185.998 166.219
threshold=21.735119047619051 23.520833333333336 21.535714285714288 21.544642857142861 21.511904761904763 13.899404761904764
decision_type=2 2 2 2 2 2
left_child=1 2 4 -4 -1 -5
right_child=-2 -3 3 5 -6 -7
leaf_value=-0.00089290778732446492 0.010536564532850335 0.048038114324056858 -0.19168354115805569 -0.058119883622663716 0.069098017288585348 0.0061444226418058264
leaf_weight=8451 912 72 47 120 96 623
leaf_count=8451 912 72 47 120 96 623
internal_value=-1.24975e-11 -0.00102129 -0.0013996 -0.0153868 -0.000106769 -0.00423474
internal_weight=10321 9409 9337 790 8547 743
internal_count=10321 9409 9337 790 8547 743
is_linear=0
shrinkage=0.05


Tree=135
num_leaves=7
num_cat=0
split_feature=7 26 22 26 26 18
split_gain=43.4257 210.217 105.596 84.9511 78.4936 88.3973
threshold=0.98005052076767474 20.427083333333336 1.0000000180025095e-35 12.852083333333335 3.7229166666666673 18.500000000000004
decision_type=2 2 2 2 2 2
left_child=-1 2 -2 4 5 -4
right_child=1 -3 3 -5 -6 -7
leaf_value=-0.000855906074474238 -0.037673300928953629 -0.098870183490216743 0.037715467873756542 -0.017849460470929949 0.10217027887701989 -0.029643250251787587
leaf_weight=9649 72 40 374 90 40 56
leaf_count=9649 72 40 374 90 40 56
internal_value=-3.46026e-12 0.0122896 0.0193251 0.0266534 0.0351753 0.0289432
internal_weight=10321 672 632 560 470 430
internal_count=10321 672 632 560 470 430
is_linear=0
shrinkage=0.05


Tree=136
num_leaves=7
num_cat=0
split_feature=20 12 14 0 12 2
split_gain=41.898 89.2406 69.643 129.672 505.047 255.114
threshold=0.062500000000000014 14.937500000000002 16.500000000000004 10.500000000000002 21.437500000000004 2.5000000000000004
decision_type=2 2 2 2 2 2
left_child=2 -2 3 4 -1 -5
right_child=1 -3 -4 5 -6 -7
leaf_value=-0.015564712705423256 0.066142817876405191 -0.01257989265011727 0.00088645051399308485 0.043312638468634271 -0.19905804467520544 -0.029935460003594368
leaf_weight=350 72 72 9306 219 42 260
leaf_count=350 72 72 9306 219 42 260
internal_value=-4.65278e-15 0.0267815 -0.000378946 -0.0138988 -0.0352247 0.00355375
internal_weight=10321 144 10177 871 392 479
internal_count=10321 144 10177 871 392 479
is_linear=0
shrinkage=0.05


Tree=137
num_leaves=7
num_cat=0
split_feature=16 11 17 17 13 2
split_gain=41.1686 89.1859 59.4639 52.3459 47.9565 120.26
threshold=22.029761904761909 24.500000000000004 3.1328353218034573 3.0997183385156624 1.256579476921081 1.0000000180025095e-35
decision_type=2 2 2 2 2 2
left_child=4 3 -3 -2 -1 -6
right_child=1 2 -4 -5 5 -7
leaf_value=0.0051782960910130849 -0.02430065710614478 0.09858940374502477 0.017709226662885737 0.022205631967346349 -0.039419052923848445 -0.001548771876188052
leaf_weight=2655 109 47 44 136 216 7114
leaf_count=2655 109 47 44 136 216 7114
internal_value=-1.59811e-11 0.0172146 0.0594825 0.00151508 -0.000579279 -0.00266473
internal_weight=10321 336 91 245 9985 7330
internal_count=10321 336 91 245 9985 7330
is_linear=0
shrinkage=0.05


Tree=138
num_leaves=7
num_cat=0
split_feature=26 27 2 25 7 0
split_gain=41.0891 49.0575 135.266 134.982 65.6731 71.3698
threshold=31.345833333333335 -24.560676478870992 3.5000000000000004 0.84999999999999976 -0.99864786094873803 12.500000000000002
decision_type=2 2 2 2 2 2
left_child=1 2 -1 -4 5 -3
right_child=-2 4 3 -5 -6 -7
leaf_value=0.0069360041324061901 0.041256455319623159 0.066402883657352307 -0.026186901639448479 -0.12671216602732496 0.00010301476887276826 -0.016109570916742085
leaf_weight=294 60 76 180 41 9630 40
leaf_count=294 60 76 180 41 9630 40
internal_value=-2.188e-12 -0.000241242 -0.0152809 -0.0448364 0.000553485 0.0379503
internal_weight=10321 10261 515 221 9746 116
internal_count=10321 10261 515 221 9746 116
is_linear=0
shrinkage=0.05


Tree=139
num_leaves=7
num_cat=0
split_feature=11 12 16 16 13 0
split_gain=41.6638 62.7969 62.1419 410.988 105.025 104.727
threshold=15.500000000000002 22.520833333333339 19.547619047619051 19.380952380952383 9.9522598236997837 5.5000000000000009
decision_type=2 2 2 2 2 2
left_child=1 -1 3 5 -4 -2
right_child=2 -3 4 -5 -6 -7
leaf_value=0.0088854498704624123 -0.040068506915122273 0.075967550880852205 8.7341237698778699e-05 -0.1561864661744039 0.061129805191197033 0.0074914197900878112
leaf_weight=206 154 42 9334 48 71 466
leaf_count=206 154 42 9334 48 71 466
internal_value=2.63974e-11 0.0202461 -0.000498465 -0.0152343 0.000548162 -0.00432185
internal_weight=10321 248 10073 668 9405 620
internal_count=10321 248 10073 668 9405 620
is_linear=0
shrinkage=0.05


Tree=140
num_leaves=7
num_cat=0
split_feature=17 19 7 27 2 0
split_gain=40.8787 61.6148 161.35 616.903 89.144 167.95
threshold=2.0099922153360219 26.500000000000004 -0.99761278905001471 -7.7020234171758579 1.5000000000000002 5.5000000000000009
decision_type=2 2 2 2 2 2
left_child=-1 2 3 -2 5 -4
right_child=1 -3 4 -5 -6 -7
leaf_value=0.011923788783228487 -0.21426594058672588 0.0014609168097436797 -0.034930901267711506 0.044501913463075957 -0.01101771590645656 0.026643676857229633
leaf_weight=672 42 7261 147 51 1699 449
leaf_count=672 42 7261 147 51 1699 449
internal_value=1.91188e-11 -0.000830427 -0.00779753 -0.072361 -0.00518123 0.0114567
internal_weight=10321 9649 2388 93 2295 596
internal_count=10321 9649 2388 93 2295 596
is_linear=0
shrinkage=0.05


Tree=141
num_leaves=7
num_cat=0
split_feature=16 25 19 22 0 2
split_gain=40.9528 492.872 227.825 153.037 129.788 239.13
threshold=20.572916666666671 6.950000000000002 38.000000000000007 28.050000000000004 11.500000000000002 2.5000000000000004
decision_type=2 2 2 2 2 2
left_child=1 3 -2 4 -1 -6
right_child=2 -3 -4 -5 5 -7
leaf_value=-0.00074302854611840176 -0.0010711832904324256 -0.15280438416327041 -0.11266775758653556 -0.063735329216745282 0.051248357872653597 0.0043373717950739125
leaf_weight=1117 7912 48 46 70 456 672
leaf_count=1117 7912 48 46 70 456 672
internal_value=-3.65939e-11 0.00577991 -0.00171625 0.00906805 0.0113381 0.0233014
internal_weight=10321 2363 7958 2315 2245 1128
internal_count=10321 2363 7958 2315 2245 1128
is_linear=0
shrinkage=0.05


Tree=142
num_leaves=7
num_cat=0
split_feature=25 25 16 13 22 0
split_gain=40.3064 238.727 84.1834 203.592 138.116 120.839
threshold=7.5000000000000009 6.950000000000002 20.572916666666671 4.6045288947292375 28.050000000000004 5.5000000000000009
decision_type=2 2 2 2 2 2
left_child=1 2 4 -4 5 -1
right_child=-2 -3 3 -5 -6 -7
leaf_value=-0.0094228866202230085 0.024290610078571178 -0.091123128175321561 -0.0016237134296992397 -0.10712592198472957 -0.060548561880631104 0.017434745301060855
leaf_weight=557 168 72 7720 46 70 1688
leaf_count=557 168 72 7720 46 70 1688
internal_value=6.30592e-12 -0.000401933 0.000246012 -0.00224863 0.00861464 0.0107712
internal_weight=10321 10153 10081 7766 2315 2245
internal_count=10321 10153 10081 7766 2315 2245
is_linear=0
shrinkage=0.05


Tree=143
num_leaves=7
num_cat=0
split_feature=4 7 27 6 13 2
split_gain=39.7447 64.0261 84.3233 161.405 143.368 187.361
threshold=0.91597561503675362 -0.99983123799342477 1.7060860720621568e-15 0.99907018497641664 2.3942919949129782 4.5000000000000009
decision_type=2 2 2 2 2 2
left_child=1 -1 4 -4 -3 -6
right_child=-2 2 3 -5 5 -7
leaf_value=-0.062763381004333499 0.0082059630216577261 -0.00051686274365332489 -0.0054577551849144387 -0.10178543591358571 0.029619862177336639 -0.044018170948994836
leaf_weight=42 1291 4331 3727 44 789 97
leaf_count=42 1291 4331 3727 44 789 97
internal_value=-3.51218e-11 -0.00117319 -0.000885385 -0.00658171 0.00323208 0.0215579
internal_weight=10321 9030 8988 3771 5217 886
internal_count=10321 9030 8988 3771 5217 886
is_linear=0
shrinkage=0.05


Tree=144
num_leaves=7
num_cat=0
split_feature=9 19 7 0 13 7
split_gain=39.5651 141.005 134.45 111.476 266.756 120.453
threshold=19.500000000000004 25.500000000000004 0.80798785254895478 13.500000000000002 3.6884413397059879 0.5475998096715059
decision_type=2 2 2 2 2 2
left_child=1 2 -1 5 -5 -3
right_child=-2 3 -4 4 -6 -7
leaf_value=-0.02336848315232002 0.0014946219393999443 0.0055058592152089072 -0.11851140202488751 0.0033210034295211009 0.10597299857331173 -0.029073934611318349
leaf_weight=164 8370 484 48 660 70 525
leaf_count=164 8370 484 48 660 70 525
internal_value=-5.31502e-11 -0.00641209 -0.0449103 -0.00171881 0.0131643 -0.0124866
internal_weight=10321 1951 212 1739 730 1009
internal_count=10321 1951 212 1739 730 1009
is_linear=0
shrinkage=0.05


Tree=145
num_leaves=7
num_cat=0
split_feature=7 26 12 11 19 24
split_gain=37.5716 191.058 93.9246 94.1032 81.6548 60.0525
threshold=0.98005052076767474 20.427083333333336 22.229166666666668 21.500000000000004 29.500000000000004 10.333928571428574
decision_type=2 2 2 2 2 2
left_child=5 2 4 -4 -2 -1
right_child=1 -3 3 -5 -6 -7
leaf_value=-0.01803602780199242 0.040449901823328971 -0.094542150571942332 0.021784587024541741 -0.053142772052669901 -0.011329897660471034 0.00010638723033799746
leaf_weight=480 368 40 88 80 96 9169
leaf_count=480 368 40 88 80 96 9169
internal_value=7.1375e-11 0.0114313 0.0181385 -0.0138951 0.0297368 -0.000796127
internal_weight=10321 672 632 168 464 9649
internal_count=10321 672 632 168 464 9649
is_linear=0
shrinkage=0.05


Tree=146
num_leaves=7
num_cat=0
split_feature=16 26 23 17 9 12
split_gain=39.0706 61.8735 93.1229 65.067 67.9542 59.5132
threshold=21.735119047619051 7.897916666666668 10.252083333333337 2.4135819277934183 22.500000000000004 23.520833333333336
decision_type=2 2 2 2 2 2
left_child=5 3 -3 -2 -5 -1
right_child=1 2 -4 4 -6 -7
leaf_value=-0.0013069616844295275 -0.027959762824023751 0.092386903067232198 0.015696306731980785 0.0042463489064776773 0.0644330601960134 0.044325975419229106
leaf_weight=9337 142 50 190 478 52 72
leaf_count=9337 142 50 190 478 52 72
internal_value=1.53242e-13 0.00988117 0.0316735 0.0020982 0.0101515 -0.000957767
internal_weight=10321 912 240 672 530 9409
internal_count=10321 912 240 672 530 9409
is_linear=0
shrinkage=0.05


Tree=147
num_leaves=7
num_cat=0
split_feature=25 25 16 19 22 14
split_gain=37.6133 211.339 76.6954 191.314 126.335 111.007
threshold=7.5000000000000009 6.950000000000002 20.572916666666671 38.000000000000007 28.050000000000004 16.500000000000004
decision_type=2 2 2 2 2 2
left_child=1 2 4 5 -1 -4
right_child=-2 -3 3 -5 -6 -7
leaf_value=0.010271669925684561 0.023465090780311067 -0.085747079403760529 -0.028782851145673201 -0.10382553478905365 -0.05793878379277885 -0.00023374667772203318
leaf_weight=2245 168 72 357 46 70 7363
leaf_count=2245 168 72 357 46 70 7363
internal_value=3.91745e-11 -0.000388273 0.000221372 -0.00215974 0.00820915 -0.00155396
internal_weight=10321 10153 10081 7766 2315 7720
internal_count=10321 10153 10081 7766 2315 7720
is_linear=0
shrinkage=0.05


Tree=148
num_leaves=7
num_cat=0
split_feature=13 2 19 15 25 26
split_gain=37.2997 230.343 414.359 86.3995 126.316 106.083
threshold=1.3146456823876138 1.0000000180025095e-35 29.500000000000004 20.500000000000004 -9.1499999999999968 16.683333333333334
decision_type=2 2 2 2 2 2
left_child=3 2 -2 5 -5 -1
right_child=1 -3 -4 4 -6 -7
leaf_value=-0.0091712895492731938 -0.14940216010630442 -0.00070523890039955934 0.020229647549826448 -0.066662397820618932 0.015767442520116106 0.025154545106116633
leaf_weight=1353 72 7042 72 48 1464 270
leaf_count=1353 72 7042 72 48 1464 270
internal_value=-6.60159e-12 -0.00198535 -0.0645863 0.00455079 0.0131506 -0.00346089
internal_weight=10321 7186 144 3135 1512 1623
internal_count=10321 7186 144 3135 1512 1623
is_linear=0
shrinkage=0.05


Tree=149
num_leaves=7
num_cat=0
split_feature=16 11 17 13 2 0
split_gain=37.4597 75.7681 54.2709 44.2273 473.084 718.651
threshold=22.029761904761909 24.500000000000004 3.1328353218034573 1.3146456823876138 1.0000000180025095e-35 9.5000000000000018
decision_type=2 2 2 2 2 2
left_child=3 -2 -3 -1 5 -5
right_child=1 2 -4 4 -6 -7
leaf_value=0.0044498907000946808 0.0019504282732579706 0.09273995871239521 0.015472111618146302 0.048877782029449007 -0.0012160112813354395 -0.22860784482202559
leaf_weight=3063 245 47 44 40 6826 56
leaf_count=3063 245 47 44 40 6826 56
internal_value=7.43804e-12 0.0164209 0.0553797 -0.000552569 -0.00276617 -0.112989
internal_weight=10321 336 91 9985 6922 96
internal_count=10321 336 91 9985 6922 96
is_linear=0
shrinkage=0.05


end of trees

feature_importances:
lag168=94
weekday=76
doy_cos=70
hour=66
mean24=61
temp_delta24=60
interaction_temp_work=49
last=47
lag24=46
mean168=45
doy_sin=39
std24=29
min24=24
std168=22
max168=22
max24=20
interaction_temp_sin=20
workhour=19
missing24=18
temp_mean24=18
hour_cos=15
temp_last=14
temp_mean168=10
hour_sin=8
missing168=7
min168=1

parameters:
[boosting: gbdt]
[objective: regression]
[metric: l2]
[tree_learner: serial]
[device_type: cpu]
[data_sample_strategy: bagging]
[data: ]
[valid: ]
[num_iterations: 150]
[learning_rate: 0.05]
[num_leaves: 7]
[num_threads: 2]
[seed: 20261006]
[deterministic: 1]
[force_col_wise: 1]
[force_row_wise: 0]
[histogram_pool_size: -1]
[max_depth: -1]
[min_data_in_leaf: 40]
[min_sum_hessian_in_leaf: 0.001]
[bagging_fraction: 1]
[pos_bagging_fraction: 1]
[neg_bagging_fraction: 1]
[bagging_freq: 0]
[bagging_seed: 27463]
[bagging_by_query: 0]
[feature_fraction: 1]
[feature_fraction_bynode: 1]
[feature_fraction_seed: 885]
[extra_trees: 0]
[extra_seed: 17743]
[early_stopping_round: 0]
[early_stopping_min_delta: 0]
[first_metric_only: 0]
[max_delta_step: 0]
[lambda_l1: 0]
[lambda_l2: 0]
[linear_lambda: 0]
[min_gain_to_split: 0]
[drop_rate: 0.1]
[max_drop: 50]
[skip_drop: 0.5]
[xgboost_dart_mode: 0]
[uniform_drop: 0]
[drop_seed: 19011]
[top_rate: 0.2]
[other_rate: 0.1]
[min_data_per_group: 100]
[max_cat_threshold: 32]
[cat_l2: 10]
[cat_smooth: 10]
[max_cat_to_onehot: 4]
[top_k: 20]
[monotone_constraints: ]
[monotone_constraints_method: basic]
[monotone_penalty: 0]
[feature_contri: ]
[forcedsplits_filename: ]
[refit_decay_rate: 0.9]
[cegb_tradeoff: 1]
[cegb_penalty_split: 0]
[cegb_penalty_feature_lazy: ]
[cegb_penalty_feature_coupled: ]
[path_smooth: 0]
[interaction_constraints: ]
[verbosity: -1]
[saved_feature_importance_type: 0]
[use_quantized_grad: 0]
[num_grad_quant_bins: 4]
[quant_train_renew_leaf: 0]
[stochastic_rounding: 1]
[linear_tree: 0]
[max_bin: 255]
[max_bin_by_feature: ]
[min_data_in_bin: 3]
[bin_construct_sample_cnt: 200000]
[data_random_seed: 5366]
[is_enable_sparse: 1]
[enable_bundle: 1]
[use_missing: 1]
[zero_as_missing: 0]
[feature_pre_filter: 1]
[pre_partition: 0]
[two_round: 0]
[header: 0]
[label_column: ]
[weight_column: ]
[group_column: ]
[ignore_column: ]
[categorical_feature: ]
[forcedbins_filename: ]
[precise_float_parser: 0]
[parser_config_file: ]
[objective_seed: 8607]
[num_class: 1]
[is_unbalance: 0]
[scale_pos_weight: 1]
[sigmoid: 1]
[boost_from_average: 1]
[reg_sqrt: 0]
[alpha: 0.9]
[fair_c: 1]
[poisson_max_delta_step: 0.7]
[tweedie_variance_power: 1.5]
[lambdarank_truncation_level: 30]
[lambdarank_norm: 1]
[label_gain: ]
[lambdarank_position_bias_regularization: 0]
[eval_at: ]
[multi_error_top_k: 1]
[auc_mu_weights: ]
[num_machines: 1]
[local_listen_port: 12400]
[time_out: 120]
[machine_list_filename: ]
[machines: ]
[gpu_platform_id: -1]
[gpu_device_id: -1]
[gpu_device_id_list: ]
[gpu_use_dp: 0]
[num_gpu: 1]

end of parameters

pandas_categorical:[]
