tree
version=v4
num_class=1
num_tree_per_iteration=1
label_index=0
max_feature_idx=32
objective=regression
feature_names=hour lead weekday weekend hour_sin hour_cos doy_sin doy_cos workhour last lag24 lag168 mean24 std24 min24 max24 mean168 std168 min168 max168 missing24 missing168 temp_last temp_mean24 temp_mean168 temp_delta24 response_cool24 response_heat24 response_cool168 response_heat168 interaction_temp_work interaction_cool_work interaction_temp_sin
feature_infos=[0:23] [1:24] [0:6] [0:1] [-1:1] [-1:1] [-0.9999994220246925:0.99998555065071859] [-0.99997919295908233:0.9999907524084426] [0:1] [0:25] [0:50] [0:50] [0:24.5] [0:12.543189276345238] [0:21] [0:50] [10.428571428571429:22.38095238095238] [0.99898971074624721:11.124425129736824] [0:19] [23:50] [0:0.083333333333333329] [0:0.02976190476190476] [-4.4000000000000004:30.600000000000001] [-1.2791666666666668:32.241666666666667] [6.1285714285714281:31.660119047619045] [-15:11.099999999999998] [0:14.241666666666667] [0:19.279166666666669] [0:13.660119047619048] [0:12.142857142857142] [-1.0166666666666666:32.241666666666667] [0:14.241666666666667] [-32.241666666666667:32.241666666666667]
tree_sizes=723 754 755 751 761 758 750 740 755 765 760 743 757 770 768 770 748 761 776 754 768 769 768 773 746 771 746 773 752 770 756 769 770 758 774 756 772 771 759 755 769 764 757 772 770 757 767 759 759 764 766 765 767 781 752 763 764 778 758 763 757 767 767 775 761 755 763 760 766 764 774 760 777 774 777 761 769 767 760 767 778 758 773 766 768 775 779 774 765 767 771 778 764 778 774 760 767 771 773 763 774 774 760 775 784 772 778 766 778 760 778 770 770 784 766 784 772 763 760 765 784 772 768 773 770 773 765 768 781 770 773 770 777 767 776 777 778 776 777 771 764 765 771 759 767 775 779 780 759 770

Tree=0
num_leaves=7
num_cat=0
split_feature=9 8 11 5 2 0
split_gain=35863.5 26048.4 13603.9 5160.44 4346.63 4372.13
threshold=12.000000000000002 1.0000000180025095e-35 22.500000000000004 -0.3794095225512602 4.5000000000000009 8.5000000000000018
decision_type=2 2 2 2 2 2
left_child=2 3 4 -2 5 -1
right_child=1 -3 -4 -5 -6 -7
leaf_value=19.822755271426022 20.51626060027553 20.793003238298201 20.671167999844521 20.635011397039751 19.621167959999223 20.472304361565815
leaf_weight=63 1080 2986 73 5983 92 44
leaf_count=63 1080 2986 73 5983 92 44
internal_value=20.6539 20.6692 20.0873 20.6169 19.8732 20.0899
internal_weight=10321 10049 272 7063 199 107
internal_count=10321 10049 272 7063 199 107
is_linear=0
shrinkage=1


Tree=1
num_leaves=7
num_cat=0
split_feature=9 11 11 2 2 0
split_gain=32366.8 23625.2 12277.5 5326.89 3922.83 3945.85
threshold=12.000000000000002 22.500000000000004 22.500000000000004 4.5000000000000009 4.5000000000000009 8.5000000000000018
decision_type=2 2 2 2 2 2
left_child=2 3 4 -2 5 -1
right_child=1 -3 -4 -5 -6 -7
leaf_value=-0.78955048351060775 0.0025586432737422582 0.14329735289697001 0.016441606536303482 -0.084442913537450939 -0.98105840682983403 -0.17247886352918365
leaf_weight=63 4549 2631 73 2869 92 44
leaf_count=63 4549 2631 73 2869 92 44
internal_value=-1.76573e-10 0.0145674 -0.538191 -0.0310902 -0.741649 -0.535801
internal_weight=10321 10049 272 7418 199 107
internal_count=10321 10049 272 7418 199 107
is_linear=0
shrinkage=0.05


Tree=2
num_leaves=7
num_cat=0
split_feature=9 8 11 11 2 0
split_gain=29211.1 21691.1 11080.4 4496.03 3540.36 3561.13
threshold=12.000000000000002 1.0000000180025095e-35 22.500000000000004 18.500000000000004 4.5000000000000009 8.5000000000000018
decision_type=2 2 2 2 2 2
left_child=2 3 4 -2 5 -1
right_child=1 -3 -4 -5 -6 -7
leaf_value=-0.75007294752886378 -0.1167103105989459 0.12681831933548007 0.015619524701000892 -0.014701603658481735 -0.93200550079345712 -0.16385491321032697
leaf_weight=63 1331 2986 73 5732 92 44
leaf_count=63 1331 2986 73 5732 92 44
internal_value=-6.47928e-10 0.013839 -0.511281 -0.0339248 -0.704566 -0.509011
internal_weight=10321 10049 272 7063 199 107
internal_count=10321 10049 272 7063 199 107
is_linear=0
shrinkage=0.05


Tree=3
num_leaves=7
num_cat=0
split_feature=9 11 11 2 2 0
split_gain=26363 19764.1 10000.1 4441.23 3195.17 3229.52
threshold=12.000000000000002 22.500000000000004 22.500000000000004 4.5000000000000009 4.5000000000000009 16.500000000000004
decision_type=2 2 2 2 2 2
left_child=2 3 4 -2 5 -1
right_child=1 -3 -4 -5 -6 -7
leaf_value=-0.69580688423185211 0.0021112450498208864 0.13088887126593138 0.014838539655894451 -0.077329245730637264 -0.88540515899658212 -0.12804853368550539
leaf_weight=67 4549 2631 73 2869 92 40
leaf_count=67 4549 2631 73 2869 92 40
internal_value=4.07649e-10 0.0131471 -0.485717 -0.0286133 -0.669338 -0.483561
internal_weight=10321 10049 272 7418 199 107
internal_count=10321 10049 272 7418 199 107
is_linear=0
shrinkage=0.05


Tree=4
num_leaves=7
num_cat=0
split_feature=9 8 11 5 0 2
split_gain=23792.6 18059.4 9025.07 3840.4 3167.62 2883.64
threshold=12.000000000000002 1.0000000180025095e-35 22.500000000000004 -0.3794095225512602 9.5000000000000018 4.5000000000000009
decision_type=2 2 2 2 2 2
left_child=2 3 5 -2 -3 -1
right_child=1 4 -4 -5 -6 -7
leaf_value=-0.45938269321362829 -0.11787093726573168 0.012560372716642704 0.014096621250453063 -0.015428173692827538 0.14132194969227693 -0.84113492965698244
leaf_weight=107 1080 597 73 5983 2389 92
leaf_count=107 1080 597 73 5983 2389 92
internal_value=-3.36742e-10 0.0124897 -0.461431 -0.0310926 0.115578 -0.635871
internal_weight=10321 10049 272 7063 2986 199
internal_count=10321 10049 272 7063 2986 199
is_linear=0
shrinkage=0.05


Tree=5
num_leaves=7
num_cat=0
split_feature=9 8 11 11 0 2
split_gain=21472.8 16298.6 8145.13 3566.97 2858.78 2602.49
threshold=12.000000000000002 1.0000000180025095e-35 22.500000000000004 18.500000000000004 9.5000000000000018 4.5000000000000009
decision_type=2 2 2 2 2 2
left_child=2 3 5 -2 -3 -1
right_child=1 4 -4 -5 -6 -7
leaf_value=-0.4364136011522507 -0.10327564104048047 0.011932354153350769 0.013391781383997773 -0.012415758487479263 0.13425585562312589 -0.79907817840576179
leaf_weight=107 1331 597 73 5732 2389 92
leaf_count=107 1331 597 73 5732 2389 92
internal_value=9.13185e-11 0.0118652 -0.43836 -0.029538 0.109799 -0.604078
internal_weight=10321 10049 272 7063 2986 199
internal_count=10321 10049 272 7063 2986 199
is_linear=0
shrinkage=0.05


Tree=6
num_leaves=7
num_cat=0
split_feature=9 11 11 2 2 0
split_gain=19379.2 14880.8 7350.98 3502.38 2348.75 2922.95
threshold=12.000000000000002 22.500000000000004 22.500000000000004 4.5000000000000009 4.5000000000000009 8.5000000000000018
decision_type=2 2 2 2 2 2
left_child=2 3 4 -2 5 -1
right_child=1 -3 -4 -5 -6 -7
leaf_value=-0.63298911736125041 0.0023206234881955339 0.11343741504406801 0.012722201094235462 -0.068225236021958721 -0.7591242790222168 -0.10188920199871064
leaf_weight=63 4549 2631 73 2869 92 44
leaf_count=63 4549 2631 73 2869 92 44
internal_value=7.8469e-11 0.011272 -0.416442 -0.0249638 -0.573874 -0.414593
internal_weight=10321 10049 272 7418 199 107
internal_count=10321 10049 272 7418 199 107
is_linear=0
shrinkage=0.05


Tree=7
num_leaves=7
num_cat=0
split_feature=9 8 11 5 0 0
split_gain=17489.8 13566.3 6634.26 3063.98 2409.2 2123.45
threshold=12.000000000000002 1.0000000180025095e-35 22.500000000000004 -0.5 9.5000000000000018 17.500000000000004
decision_type=2 2 2 2 2 2
left_child=2 3 5 -2 -3 -1
right_child=1 4 -4 -5 -6 -7
leaf_value=-0.65634440521107007 -0.11009894545694504 0.010214627283614386 0.01208608628135838 -0.014004124886280453 0.1225084016198591 -0.30520627672104017
leaf_weight=136 960 597 73 6103 2389 63
leaf_count=136 960 597 73 6103 2389 63
internal_value=-7.85299e-10 0.0107084 -0.39562 -0.0270653 0.100057 -0.54518
internal_weight=10321 10049 272 7063 2986 199
internal_count=10321 10049 272 7063 2986 199
is_linear=0
shrinkage=0.05


Tree=8
num_leaves=7
num_cat=0
split_feature=9 11 11 2 0 2
split_gain=15784.5 12367.7 5987.42 2096.25 2477.75 2022.07
threshold=12.000000000000002 21.500000000000004 22.500000000000004 4.5000000000000009 8.5000000000000018 4.5000000000000009
decision_type=2 2 2 2 2 2
left_child=2 5 3 4 -1 -2
right_child=1 -3 -4 -5 -6 -7
leaf_value=-0.56852244876679925 -0.006595545864319834 0.084964113657593113 0.011481781018106905 -0.69293093059373945 -0.079539329389279545 -0.062961934791041244
leaf_weight=63 3680 3566 73 92 44 2803
leaf_count=63 3680 3566 73 92 44 2803
internal_value=-2.96749e-10 0.010173 -0.375839 -0.517921 -0.367445 -0.0309662
internal_weight=10321 10049 272 199 107 6483
internal_count=10321 10049 272 199 107 6483
is_linear=0
shrinkage=0.05


Tree=9
num_leaves=7
num_cat=0
split_feature=9 8 11 11 0 2
split_gain=14245.5 11404.3 5403.64 2644.38 2081.76 1891.86
threshold=12.000000000000002 1.0000000180025095e-35 22.500000000000004 18.500000000000004 9.5000000000000018 4.5000000000000009
decision_type=2 2 2 2 2 2
left_child=2 3 5 -2 -3 -1
right_child=1 4 -4 -5 -6 -7
leaf_value=-0.34907301048809125 -0.088458378893441492 0.0080705861113279116 0.010907689308466978 -0.010226418169258216 0.11245479460426733 -0.65828437183214272
leaf_weight=107 1331 597 73 5732 2389 92
leaf_count=107 1331 597 73 5732 2389 92
internal_value=-4.51178e-12 0.00966432 -0.357047 -0.024969 0.0915849 -0.492025
internal_weight=10321 10049 272 7063 2986 199
internal_count=10321 10049 272 7063 2986 199
is_linear=0
shrinkage=0.05


Tree=10
num_leaves=7
num_cat=0
split_feature=9 11 7 11 2 21
split_gain=12856.6 10311.6 5122.8 4495.16 2477.24 2182.28
threshold=12.000000000000002 22.500000000000004 -0.99761278905001471 21.500000000000004 4.5000000000000009 0.0089285714285714298
decision_type=2 2 2 2 2 2
left_child=2 4 -1 5 -2 -4
right_child=1 -3 3 -5 -6 -7
leaf_value=-0.71138256183568993 0.0019637105193756445 0.094227265070306862 -0.59482414735590716 0.070221594783915098 -0.057366319497480459 -0.16453524839419587
leaf_weight=69 4549 2631 68 83 2869 52
leaf_count=69 4549 2631 68 83 2869 52
internal_value=3.46677e-10 0.0091811 -0.339194 -0.212687 -0.0209829 -0.408366
internal_weight=10321 10049 272 203 7418 120
internal_count=10321 10049 272 203 7418 120
is_linear=0
shrinkage=0.05


Tree=11
num_leaves=7
num_cat=0
split_feature=9 8 7 0 11 5
split_gain=11603.1 9495.51 4623.32 4192.7 2399.95 2300.56
threshold=12.000000000000002 1.0000000180025095e-35 -0.99761278905001471 10.500000000000002 20.500000000000004 -0.5
decision_type=2 2 2 2 2 2
left_child=2 5 -1 -4 -5 -2
right_child=1 -3 3 4 -6 -7
leaf_value=-0.67581342061360683 -0.094829722687136395 0.083473120386219776 -0.46181530986319896 -0.31014206685670992 0.1667414221409205 -0.01156257070044299
leaf_weight=69 960 2986 88 41 74 6103
leaf_count=69 960 2986 88 41 74 6103
internal_value=1.85622e-10 0.00872205 -0.322235 -0.202053 -0.00327791 -0.0228802
internal_weight=10321 10049 272 203 115 7063
internal_count=10321 10049 272 203 115 7063
is_linear=0
shrinkage=0.05


Tree=12
num_leaves=7
num_cat=0
split_feature=9 11 7 0 11 2
split_gain=10471.8 8746.36 4172.55 3783.91 2165.96 1381.2
threshold=12.000000000000002 21.500000000000004 -0.99761278905001471 10.500000000000002 20.500000000000004 4.5000000000000009
decision_type=2 2 2 2 2 2
left_child=2 5 -1 -4 -5 -2
right_child=1 -3 3 4 -6 -7
leaf_value=-0.64202273686726885 -0.0061681698850841954 0.071181458681174134 -0.43872454471208838 -0.29463497909103953 0.15840435640483694 -0.052753755513577333
leaf_weight=69 3680 3566 88 41 74 2803
leaf_count=69 3680 3566 88 41 74 2803
internal_value=-7.47873e-11 0.00828594 -0.306123 -0.19195 -0.00311402 -0.02631
internal_weight=10321 10049 272 203 115 6483
internal_count=10321 10049 272 203 115 6483
is_linear=0
shrinkage=0.05


Tree=13
num_leaves=7
num_cat=0
split_feature=11 9 2 10 0 5
split_gain=9516.54 11358.7 1848.5 1890.91 1442.06 1065.85
threshold=22.500000000000004 12.000000000000002 4.5000000000000009 21.500000000000004 17.500000000000004 1.0000000180025095e-35
decision_type=2 2 2 2 2 2
left_child=1 4 3 -3 -1 -4
right_child=-2 2 5 -5 -6 -7
leaf_value=-0.49300042145392475 0.0805818744587916 -0.015390019888351043 -0.080457070469856271 0.063794339930666008 -0.20363364285892913 -0.019505778450893459
leaf_weight=136 2704 3595 1437 954 63 1432
leaf_count=136 2704 3595 1437 954 63 1432
internal_value=5.33582e-10 -0.0286062 -0.0186056 0.00121624 -0.401392 -0.0500345
internal_weight=10321 7617 7418 4549 199 2869
internal_count=10321 7617 7418 4549 199 2869
is_linear=0
shrinkage=0.05


Tree=14
num_leaves=7
num_cat=0
split_feature=8 9 0 11 0 7
split_gain=8604.3 9231.55 1935.74 1791.14 1731.28 1214.9
threshold=1.0000000180025095e-35 12.000000000000002 17.500000000000004 18.500000000000004 9.5000000000000018 -0.99761278905001471
decision_type=2 2 2 2 2 2
left_child=1 2 -1 -3 -2 -6
right_child=4 3 -4 -5 5 -7
leaf_value=-0.48786739668538498 -0.0050097224651645331 -0.072509672682505633 -0.16192206819024352 -0.0081242599787771583 -0.16000878717750311 0.094038260781139915
leaf_weight=124 611 1331 72 5732 48 2403
leaf_count=124 611 1331 72 5732 48 2403
internal_value=-1.85164e-11 -0.0296504 -0.368132 -0.0202575 0.0702915 0.089063
internal_weight=10321 7259 196 7063 3062 2451
internal_count=10321 7259 196 7063 3062 2451
is_linear=0
shrinkage=0.05


Tree=15
num_leaves=7
num_cat=0
split_feature=11 9 21 10 2 10
split_gain=7840.09 8685.68 1510.7 1447.02 1037.67 1404.18
threshold=21.500000000000004 12.000000000000002 0.0089285714285714298 23.500000000000004 4.5000000000000009 23.500000000000004
decision_type=2 2 2 2 2 2
left_child=1 2 -1 -2 5 -3
right_child=3 4 -4 -5 -6 -7
leaf_value=-0.48647005233848306 0.033247788289793224 -0.011160029857535945 -0.18138331846585351 0.097482973539184059 -0.045795352903569848 0.16067473552818223
leaf_weight=114 2206 3557 63 1455 2803 123
leaf_count=114 2206 3557 63 1455 2803 123
internal_value=4.37445e-10 -0.0323097 -0.37788 0.0587769 -0.0228748 -0.00541664
internal_weight=10321 6660 177 3661 6483 3680
internal_count=10321 6660 177 3661 6483 3680
is_linear=0
shrinkage=0.05


Tree=16
num_leaves=7
num_cat=0
split_feature=9 8 7 21 0 5
split_gain=7159.63 6075.78 3415.83 2865.94 1738.44 1584.46
threshold=12.000000000000002 1.0000000180025095e-35 -0.99761278905001471 0.0089285714285714298 9.5000000000000018 -0.5
decision_type=2 2 2 2 2 2
left_child=2 5 -1 -4 -5 -2
right_child=1 -3 3 4 -6 -7
leaf_value=-0.55704155728436899 -0.078138414332643152 0.066645617763404538 -0.35824263310366938 -0.23478828455720629 0.17210892066359521 -0.0090351475643974648
leaf_weight=69 960 2986 91 42 70 6103
leaf_count=69 960 2986 91 42 70 6103
internal_value=7.04064e-11 0.00685137 -0.253123 -0.149821 0.0195225 -0.0184276
internal_weight=10321 10049 272 203 112 7063
internal_count=10321 10049 272 203 112 7063
is_linear=0
shrinkage=0.05


Tree=17
num_leaves=7
num_cat=0
split_feature=11 9 11 21 0 25
split_gain=6623.48 7682.51 1305.5 1087.1 884.994 876.937
threshold=22.500000000000004 12.000000000000002 20.500000000000004 0.0089285714285714298 7.5000000000000009 6.950000000000002
decision_type=2 2 2 2 2 2
left_child=1 3 5 -1 -5 -3
right_child=-2 2 -4 4 -6 -7
leaf_value=-0.42727018271462391 0.067226546663879116 -0.027163842212177616 0.014550011902754718 -0.35263907734940697 -0.022071193754673007 -0.17388713128076724
leaf_weight=118 2704 4899 2415 41 40 104
leaf_count=118 2704 4899 2415 41 40 104
internal_value=4.64275e-10 -0.0238651 -0.0156406 -0.330447 -0.189396 -0.0302139
internal_weight=10321 7617 7418 199 81 5003
internal_count=10321 7617 7418 199 81 5003
is_linear=0
shrinkage=0.05


Tree=18
num_leaves=7
num_cat=0
split_feature=11 9 2 10 13 5
split_gain=5977.69 6933.46 1254.77 1500.02 996.025 813.167
threshold=22.500000000000004 12.000000000000002 4.5000000000000009 21.500000000000004 9.9522598236997837 1.0000000180025095e-35
decision_type=2 2 2 2 2 2
left_child=1 4 3 -3 -1 -4
right_child=-2 2 5 -5 -6 -7
leaf_value=-0.37090710725965381 0.063865218823568992 -0.013317974211132578 -0.067325491499202431 0.057208530015489811 -0.094333259506923395 -0.014087050846731031
leaf_weight=158 2704 3595 1437 954 41 1432
leaf_count=158 2704 3595 1437 954 41 1432
internal_value=-2.55692e-10 -0.0226719 -0.0148585 0.00147259 -0.313925 -0.0407527
internal_weight=10321 7617 7418 4549 199 2869
internal_count=10321 7617 7418 4549 199 2869
is_linear=0
shrinkage=0.05


Tree=19
num_leaves=7
num_cat=0
split_feature=8 9 15 10 5 25
split_gain=5410.15 5568.99 1491.63 1327.75 1263.08 871.909
threshold=1.0000000180025095e-35 12.000000000000002 24.500000000000004 22.500000000000004 -0.5 6.950000000000002
decision_type=2 2 2 2 2 2
left_child=1 2 -1 5 -3 -2
right_child=3 4 -4 -5 -6 -7
leaf_value=-0.35625461745434084 0.024448501541220847 -0.069528047961648562 -0.014010509178042413 0.082278328042167267 -0.0078299025891587683 -0.17424986165916098
leaf_weight=156 1148 960 40 1856 6103 58
leaf_count=156 1148 960 40 1856 6103 58
internal_value=2.32975e-10 -0.0235114 -0.286409 0.0557377 -0.0162159 0.0148925
internal_weight=10321 7259 196 3062 7063 1206
internal_count=10321 7259 196 3062 7063 1206
is_linear=0
shrinkage=0.05


Tree=20
num_leaves=7
num_cat=0
split_feature=11 9 7 21 10 10
split_gain=4975.51 5245.44 1309.43 1069.85 926.217 818.63
threshold=21.500000000000004 12.000000000000002 -0.99761278905001471 0.0089285714285714298 23.500000000000004 18.500000000000004
decision_type=2 2 2 2 2 2
left_child=1 3 -2 -1 -4 -3
right_child=2 5 4 -5 -6 -7
leaf_value=-0.38567133713186835 -0.17735381508246065 -0.066171928245318951 0.030225475836303063 -0.12893034730638778 0.082081910816780415 -0.011797850197565409
leaf_weight=114 64 788 2169 63 1428 5695
leaf_count=114 64 788 2169 63 1428 5695
internal_value=8.95499e-11 -0.0257389 0.0468236 -0.294289 0.0508124 -0.0184069
internal_weight=10321 6660 3661 177 3597 6483
internal_count=10321 6660 3661 177 3597 6483
is_linear=0
shrinkage=0.05


Tree=21
num_leaves=7
num_cat=0
split_feature=8 9 0 0 11 7
split_gain=4518.72 4553.24 1358.68 1154.96 1110.3 923.713
threshold=1.0000000180025095e-35 12.000000000000002 17.500000000000004 10.500000000000002 18.500000000000004 -0.99761278905001471
decision_type=2 2 2 2 2 2
left_child=1 2 -1 -2 -3 -5
right_child=3 4 -4 5 -6 -7
leaf_value=-0.35951590691843344 0.0039737616361991265 -0.056030144831018737 -0.086442511466642225 -0.16116000598385222 -0.0053377718319115542 0.07565422911955115
leaf_weight=124 917 1331 72 42 5732 2103
leaf_count=124 917 1331 72 42 5732 2103
internal_value=-1.14969e-10 -0.0214873 -0.259203 0.0509393 -0.0148906 0.0710173
internal_weight=10321 7259 196 3062 7063 2145
internal_count=10321 7259 196 3062 7063 2145
is_linear=0
shrinkage=0.05


Tree=22
num_leaves=7
num_cat=0
split_feature=11 9 7 21 10 10
split_gain=4127.83 4288.01 1101.81 946.488 767.678 706.187
threshold=21.500000000000004 12.000000000000002 -0.99761278905001471 0.0089285714285714298 23.500000000000004 18.500000000000004
decision_type=2 2 2 2 2 2
left_child=1 3 -2 -1 -4 -3
right_child=2 5 4 -5 -6 -7
leaf_value=-0.35220413228921726 -0.1629889712065051 -0.061178359511807126 0.027565331870209944 -0.11071840108387054 0.074775528653178505 -0.010676433605029918
leaf_weight=114 64 788 2169 63 1428 5695
leaf_count=114 64 788 2169 63 1428 5695
internal_value=-1.39443e-10 -0.023444 0.0426488 -0.266252 0.0463077 -0.0168149
internal_weight=10321 6660 3661 177 3597 6483
internal_count=10321 6660 3661 177 3597 6483
is_linear=0
shrinkage=0.05


Tree=23
num_leaves=7
num_cat=0
split_feature=11 12 2 10 7 25
split_gain=3794.47 4617.24 1380.51 1283.04 994.632 735.165
threshold=23.500000000000004 12.875000000000002 4.5000000000000009 21.500000000000004 -0.99761278905001471 6.950000000000002
decision_type=2 2 2 2 2 2
left_child=1 4 3 5 -1 -3
right_child=-2 2 -4 -5 -6 -7
leaf_value=-0.41938554662646671 0.063824794915063598 -0.004523609166045532 -0.036715963999784162 0.046138433007515751 -0.17548478983440682 -0.11777963935328811
leaf_weight=66 1900 3736 2898 1458 114 149
leaf_count=66 1900 3736 2898 1458 114 149
internal_value=-2.26965e-11 -0.0144006 -0.00892882 0.0061427 -0.264915 -0.00886728
internal_weight=10321 8421 8241 5343 180 3885
internal_count=10321 8421 8241 5343 180 3885
is_linear=0
shrinkage=0.05


Tree=24
num_leaves=7
num_cat=0
split_feature=9 11 7 24 0 11
split_gain=3448.39 2985.31 2281.2 1897.29 1948.85 1061.45
threshold=18.500000000000004 20.500000000000004 -0.99761278905001471 23.559821428571428 10.500000000000002 20.500000000000004
decision_type=2 2 2 2 2 2
left_child=2 -2 -1 4 -4 -6
right_child=1 -3 3 -5 5 -7
leaf_value=-0.41995943041815276 -0.022501714597189613 0.032069330657576875 -0.38358161836862564 0.12937059699941209 -0.20558021034706725 0.13978749646080865
leaf_weight=69 4979 5046 70 68 44 45
leaf_count=69 4979 5046 70 68 44 45
internal_value=2.08793e-11 0.00496617 -0.168195 -0.0916679 -0.1862 -0.0309561
internal_weight=10321 10025 296 227 159 89
internal_count=10321 10025 296 227 159 89
is_linear=0
shrinkage=0.05


Tree=25
num_leaves=7
num_cat=0
split_feature=11 12 2 10 22 25
split_gain=3241.7 3834.54 1161.84 1109.74 799.311 666.014
threshold=23.500000000000004 12.875000000000002 4.5000000000000009 21.500000000000004 28.050000000000004 6.950000000000002
decision_type=2 2 2 2 2 2
left_child=1 4 3 5 -1 -3
right_child=-2 2 -4 -5 -6 -7
leaf_value=-0.18257761575437975 0.058992993775166973 -0.004322744988897672 -0.033815480941447658 0.042699265644939255 -0.42967581083608231 -0.11212069130683906
leaf_weight=137 1900 3736 2898 1458 43 149
leaf_count=137 1900 3736 2898 1458 43 149
internal_value=2.13863e-10 -0.0133104 -0.00832393 0.00550248 -0.241607 -0.00845708
internal_weight=10321 8421 8241 5343 180 3885
internal_count=10321 8421 8241 5343 180 3885
is_linear=0
shrinkage=0.05


Tree=26
num_leaves=7
num_cat=0
split_feature=8 9 0 0 5 7
split_gain=2949.56 2851.3 1067.34 867.718 845.761 708.963
threshold=1.0000000180025095e-35 12.000000000000002 17.500000000000004 10.500000000000002 -0.5 0.2499757677084001
decision_type=2 2 2 2 2 2
left_child=1 2 5 -2 -3 -1
right_child=3 4 -4 -5 -6 -7
leaf_value=-0.1604727112163197 0.00044656176441994016 -0.055764903347784035 -0.052351269829604363 0.058558268518228353 -0.0052777128863387519 -0.40112324037413666
leaf_weight=55 917 960 72 2145 6103 69
leaf_count=55 917 960 72 2145 6103 69
internal_value=1.93104e-12 -0.0173601 -0.205473 0.0411551 -0.0121399 -0.294383
internal_weight=10321 7259 196 3062 7063 124
internal_count=10321 7259 196 3062 7063 124
is_linear=0
shrinkage=0.05


Tree=27
num_leaves=7
num_cat=0
split_feature=11 12 2 10 22 25
split_gain=2681.43 3259.53 978.619 967.378 737.633 606.766
threshold=23.500000000000004 12.875000000000002 4.5000000000000009 21.500000000000004 28.050000000000004 6.950000000000002
decision_type=2 2 2 2 2 2
left_child=1 4 3 5 -1 -3
right_child=-2 2 -4 -5 -6 -7
leaf_value=-0.16588386164257563 0.053653395173924145 -0.0039060284612312461 -0.030903617423149878 0.039910242414876146 -0.40325715209162516 -0.10679754379311664
leaf_weight=137 1900 3736 2898 1458 43 149
leaf_count=137 1900 3736 2898 1458 43 149
internal_value=-1.90122e-10 -0.0121056 -0.00750823 0.00518124 -0.22259 -0.00785219
internal_weight=10321 8421 8241 5343 180 3885
internal_count=10321 8421 8241 5343 180 3885
is_linear=0
shrinkage=0.05


Tree=28
num_leaves=7
num_cat=0
split_feature=9 8 7 24 0 11
split_gain=2447.73 2111.52 1751.19 1660.69 1615.67 863.906
threshold=18.500000000000004 1.0000000180025095e-35 -0.99761278905001471 23.559821428571428 10.500000000000002 20.500000000000004
decision_type=2 2 2 2 2 2
left_child=2 -2 -1 4 -4 -6
right_child=1 -3 3 -5 5 -7
leaf_value=-0.36229243589484178 -0.010761614905703099 0.039415900317695658 -0.34281571624534474 0.13214249060872724 -0.17928384027697825 0.13229341712262896
leaf_weight=69 7039 2986 70 68 44 45
leaf_count=69 7039 2986 70 68 44 45
internal_value=-2.93266e-10 0.00418403 -0.141706 -0.074655 -0.163097 -0.0217448
internal_weight=10321 10025 296 227 159 89
internal_count=10321 10025 296 227 159 89
is_linear=0
shrinkage=0.05


Tree=29
num_leaves=7
num_cat=0
split_feature=11 12 2 10 22 25
split_gain=2251.7 2703.22 843.731 840.621 594.57 551.555
threshold=23.500000000000004 12.875000000000002 4.5000000000000009 21.500000000000004 28.050000000000004 6.950000000000002
decision_type=2 2 2 2 2 2
left_child=1 4 3 5 -1 -3
right_child=-2 2 -4 -5 -6 -7
leaf_value=-0.15186508283236602 0.049166536176528192 -0.0035112218705528942 -0.028629825783673651 0.037249837891950521 -0.36497967825379485 -0.10160994873250891
leaf_weight=137 1900 3736 2898 1458 43 149
leaf_count=137 1900 3736 2898 1458 43 149
internal_value=-2.44327e-10 -0.0110933 -0.00690654 0.004876 -0.202776 -0.00727357
internal_weight=10321 8421 8241 5343 180 3885
internal_count=10321 8421 8241 5343 180 3885
is_linear=0
shrinkage=0.05


Tree=30
num_leaves=7
num_cat=0
split_feature=9 11 7 24 0 25
split_gain=2059.2 1848.22 1400.92 1599.46 1795.65 655.374
threshold=12.000000000000002 20.500000000000004 -0.99761278905001471 23.559821428571428 10.500000000000002 6.950000000000002
decision_type=2 2 2 2 2 2
left_child=2 5 -1 4 -4 -2
right_child=1 -3 3 -5 -6 -7
leaf_value=-0.33038105740063434 -0.015223886816286936 0.025025795792576046 -0.37616484892570368 0.12815923158298523 -0.0085317274555563923 -0.14206479377149103
leaf_weight=69 4899 5046 59 68 76 104
leaf_count=69 4899 5046 59 68 76 104
internal_value=2.82712e-10 0.00367436 -0.135749 -0.0695927 -0.169201 -0.0178606
internal_weight=10321 10049 272 203 135 5003
internal_count=10321 10049 272 203 135 5003
is_linear=0
shrinkage=0.05


Tree=31
num_leaves=7
num_cat=0
split_feature=11 12 7 2 0 25
split_gain=1928.7 2252.6 887.085 809.521 895.593 1064.4
threshold=23.500000000000004 11.604166666666668 -0.99938741687870725 4.5000000000000009 8.5000000000000018 6.950000000000002
decision_type=2 2 2 2 2 2
left_child=1 -1 -3 4 -4 -6
right_child=-2 2 3 -5 5 -7
leaf_value=-0.20702148747819288 0.045503732434424918 -0.17469017029954836 -0.014013762882616935 -0.026521065436392634 0.033388175794322759 -0.13373967336133272
leaf_weight=143 1900 78 2676 2898 2527 99
leaf_count=143 1900 78 2676 2898 2527 99
internal_value=1.05958e-10 -0.0102668 -0.00686797 -0.00527161 0.00634305 0.0270875
internal_weight=10321 8421 8278 8200 5302 2626
internal_count=10321 8421 8278 8200 5302 2626
is_linear=0
shrinkage=0.05


Tree=32
num_leaves=7
num_cat=0
split_feature=11 12 7 11 30 25
split_gain=1740.66 2032.97 800.594 760.746 658.056 596.35
threshold=23.500000000000004 11.604166666666668 -0.99938741687870725 19.250000000000004 11.456250000000001 6.950000000000002
decision_type=2 2 2 2 2 2
left_child=1 -1 -3 4 5 -4
right_child=-2 2 3 -5 -6 -7
leaf_value=-0.19667041510135144 0.04322854622924014 -0.16595566017696492 -0.02948183189383647 0.0055037197705097018 0.072887925360231628 -0.19036096478417769
leaf_weight=143 1900 78 2432 5554 155 59
leaf_count=143 1900 78 2432 5554 155 59
internal_value=2.83929e-10 -0.0097535 -0.00652457 -0.00500803 -0.0270724 -0.0332923
internal_weight=10321 8421 8278 8200 2646 2491
internal_count=10321 8421 8278 8200 2646 2491
is_linear=0
shrinkage=0.05


Tree=33
num_leaves=7
num_cat=0
split_feature=9 11 7 24 0 10
split_gain=1579.61 1404.45 1157.33 1449.52 1580.39 577.358
threshold=12.000000000000002 20.500000000000004 -0.99761278905001471 23.559821428571428 10.500000000000002 23.500000000000004
decision_type=2 2 2 2 2 2
left_child=2 -2 -1 4 -4 -3
right_child=1 5 3 -5 -6 -7
leaf_value=-0.29579866692639784 -0.015554284910698777 0.010814907148045642 -0.34775188534946766 0.1294905218460104 -0.0028573619765474611 0.04779783277989242
leaf_weight=69 5003 3543 59 68 76 1503
leaf_count=69 5003 3543 59 68 76 1503
internal_value=-1.93077e-10 0.00321816 -0.118894 -0.0587644 -0.153589 0.0218306
internal_weight=10321 10049 272 203 135 5046
internal_count=10321 10049 272 203 135 5046
is_linear=0
shrinkage=0.05


Tree=34
num_leaves=7
num_cat=0
split_feature=11 12 7 2 10 6
split_gain=1452.99 1710.6 685.841 652.248 769.059 681.79
threshold=23.500000000000004 11.604166666666668 -0.99938741687870725 4.5000000000000009 22.500000000000004 0.99966190462023474
decision_type=2 2 2 2 2 2
left_child=1 -1 -3 4 5 -4
right_child=-2 2 3 -5 -6 -7
leaf_value=-0.18036878242359297 0.039495301874550554 -0.15351272012638406 -0.00041658711979810406 -0.023619582145163128 0.049987411720058827 -0.2004766877394083
leaf_weight=143 1900 78 4426 2898 833 43
leaf_count=143 1900 78 4426 2898 833 43
internal_value=-1.69914e-10 -0.00891118 -0.0059493 -0.00454565 0.00587989 -0.00234153
internal_weight=10321 8421 8278 8200 5302 4469
internal_count=10321 8421 8278 8200 5302 4469
is_linear=0
shrinkage=0.05


Tree=35
num_leaves=7
num_cat=0
split_feature=9 11 22 21 0 25
split_gain=1316.97 1145.57 1061.14 1254.02 751.872 537.168
threshold=18.500000000000004 20.500000000000004 28.050000000000004 0.0089285714285714298 9.5000000000000018 6.950000000000002
decision_type=2 2 2 2 2 2
left_child=2 5 3 -1 -5 -2
right_child=1 -3 -4 4 -6 -7
leaf_value=-0.16421770967556415 -0.011547595312217107 0.019858457126319326 -0.32464221871417503 -0.10627681414286297 0.16131779552304321 -0.12638730598040498
leaf_weight=138 4875 5046 46 42 70 104
leaf_count=138 4875 5046 46 42 70 104
internal_value=1.15e-10 0.00306902 -0.103942 -0.0633337 0.0609698 -0.0139463
internal_weight=10321 10025 296 250 112 4979
internal_count=10321 10025 296 250 112 4979
is_linear=0
shrinkage=0.05


Tree=36
num_leaves=7
num_cat=0
split_feature=11 12 7 11 30 25
split_gain=1240.84 1447.77 581.006 571.561 571.097 502.183
threshold=23.500000000000004 11.604166666666668 -0.99938741687870725 19.250000000000004 11.456250000000001 6.950000000000002
decision_type=2 2 2 2 2 2
left_child=1 -1 -3 4 5 -4
right_child=-2 2 3 -5 -6 -7
leaf_value=-0.16597185432910921 0.036498303444075744 -0.1413280603165428 -0.025640951899463527 0.0048932318949911294 0.069778493938051286 -0.17327274324025138
leaf_weight=143 1900 78 2432 5554 155 59
leaf_count=143 1900 78 2432 5554 155 59
internal_value=2.23283e-10 -0.00823498 -0.00551012 -0.0042182 -0.0233432 -0.0291377
internal_weight=10321 8421 8278 8200 2646 2491
internal_count=10321 8421 8278 8200 2646 2491
is_linear=0
shrinkage=0.05


Tree=37
num_leaves=7
num_cat=0
split_feature=7 23 31 11 25 2
split_gain=1123.84 2322.89 1201.77 692.76 823.841 614.995
threshold=-0.99761278905001471 29.772916666666667 1.2333333333333336 18.500000000000004 6.4000000000000012 4.5000000000000009
decision_type=2 2 2 2 2 2
left_child=1 -1 3 4 5 -2
right_child=2 -3 -4 -5 -6 -7
leaf_value=0.013637376679968434 0.061314771068134127 -0.34935118227132733 0.035540978585784824 0.00013435895976349356 -0.25404371943238169 -0.043908914982863451
leaf_weight=119 157 70 2139 6591 43 1202
leaf_count=119 157 70 2139 6591 43 1202
internal_value=1.43147e-10 -0.120803 0.00225343 -0.00665462 -0.0385706 -0.0317528
internal_weight=10321 189 10132 7993 1402 1359
internal_count=10321 189 10132 7993 1402 1359
is_linear=0
shrinkage=0.05


Tree=38
num_leaves=7
num_cat=0
split_feature=11 14 20 10 7 32
split_gain=1048.3 1279.9 1431.92 799.178 1045.88 623.452
threshold=23.500000000000004 7.0000000000000009 0.062500000000000014 19.250000000000004 0.28313308994381586 8.8572916666666668
decision_type=2 2 2 2 2 2
left_child=1 2 3 4 -1 -5
right_child=-2 -3 -4 5 -6 -7
leaf_value=-0.18124105946691793 0.033547211901529837 -0.0033844247123990092 0.056945312613586208 -0.16369578231824564 0.088679355396716689 -0.41148708611726764
leaf_weight=107 1900 8050 106 60 54 44
leaf_count=107 1900 8050 106 60 54 44
internal_value=-8.20242e-12 -0.00756914 -0.0983695 -0.160495 -0.0907087 -0.268531
internal_weight=10321 8421 371 265 161 104
internal_count=10321 8421 371 265 161 104
is_linear=0
shrinkage=0.05


Tree=39
num_leaves=7
num_cat=0
split_feature=12 11 7 0 2 0
split_gain=959.45 918.985 801.005 569.283 989.661 514.814
threshold=11.604166666666668 20.500000000000004 -0.99761278905001471 7.5000000000000009 1.5000000000000002 9.5000000000000018
decision_type=2 2 2 2 2 2
left_child=2 -2 -1 -4 -5 -3
right_child=1 5 3 4 -6 -7
leaf_value=-0.29414523477139681 -0.013053758976581249 -0.0084554767310181158 -0.20581942605120795 0.17783638571805144 -0.14663716816204661 0.026977072289883719
leaf_weight=46 5055 1424 42 47 47 3660
leaf_count=46 5055 1424 42 47 47 3660
internal_value=6.01573e-11 0.00204248 -0.113784 -0.0527798 0.0155996 0.0170526
internal_weight=10321 10139 182 136 94 5084
internal_count=10321 10139 182 136 94 5084
is_linear=0
shrinkage=0.05


Tree=40
num_leaves=7
num_cat=0
split_feature=7 23 31 11 25 30
split_gain=900.821 1938.03 965.243 601.255 744.393 585.33
threshold=-0.99761278905001471 29.772916666666667 1.2333333333333336 18.500000000000004 6.4000000000000012 17.608333333333338
decision_type=2 2 2 2 2 2
left_child=1 -1 3 4 -2 -5
right_child=2 -3 -4 5 -6 -7
leaf_value=0.01464434695594451 -0.029218786835500516 -0.31691281478319855 0.031850031150150969 0.0018801117995266307 -0.24051961615724965 -0.14557779261856066
leaf_weight=119 1359 70 2139 6523 43 68
leaf_count=119 1359 70 2139 6523 43 68
internal_value=1.40408e-10 -0.108155 0.00201749 -0.00596597 -0.0356995 0.000358774
internal_weight=10321 189 10132 7993 1402 6591
internal_count=10321 189 10132 7993 1402 6591
is_linear=0
shrinkage=0.05


Tree=41
num_leaves=7
num_cat=0
split_feature=10 9 22 21 0 11
split_gain=833.26 846.599 682.672 1090.48 586.529 469.941
threshold=24.500000000000004 12.000000000000002 28.050000000000004 0.0089285714285714298 9.5000000000000018 19.250000000000004
decision_type=2 2 2 2 2 2
left_child=1 2 3 -1 -5 -3
right_child=-2 5 -4 4 -6 -7
leaf_value=-0.16663087126206269 0.040317353504023663 -0.021090272750238104 -0.26848685922830001 -0.087089562416076668 0.15337611717986877 0.0046453421289842809
leaf_weight=110 1140 2443 46 42 64 6476
leaf_count=110 1140 2443 46 42 64 6476
internal_value=7.82642e-11 -0.00500618 -0.0935934 -0.0563476 0.0580973 -0.00240389
internal_weight=10321 9181 262 216 106 8919
internal_count=10321 9181 262 216 106 8919
is_linear=0
shrinkage=0.05


Tree=42
num_leaves=7
num_cat=0
split_feature=11 14 20 10 7 32
split_gain=771.549 960.638 1153.35 801.852 876.331 541.392
threshold=23.500000000000004 7.0000000000000009 0.062500000000000014 18.500000000000004 0.28313308994381586 8.4600222407661771
decision_type=2 2 2 2 2 2
left_child=1 2 3 4 -1 -5
right_child=-2 -3 -4 5 -6 -7
leaf_value=-0.14537742345197366 0.028780332343548681 -0.0028681939004295688 0.054232657967873348 -0.14128160054938727 0.11790571277556212 -0.35659567663129771
leaf_weight=101 1900 8050 106 65 46 53
leaf_count=101 1900 8050 106 65 46 53
internal_value=4.07651e-11 -0.0064936 -0.0851581 -0.140914 -0.0629895 -0.23799
internal_weight=10321 8421 371 265 147 118
internal_count=10321 8421 371 265 147 118
is_linear=0
shrinkage=0.05


Tree=43
num_leaves=7
num_cat=0
split_feature=10 14 13 25 7 11
split_gain=719.828 691.907 1139.89 704.011 755.119 467.376
threshold=24.500000000000004 7.0000000000000009 7.6696297365726451 -1.0000000180025095e-35 0.26659387353423869 18.500000000000004
decision_type=2 2 2 2 2 2
left_child=1 2 3 -1 -5 -3
right_child=-2 5 -4 4 -6 -7
leaf_value=0.0043107359939151338 0.037472794508916864 -0.029595609893510628 -4.4838842507955192e-05 -0.34516657700905434 -0.10225077252539377 0.0031680371049529936
leaf_weight=45 1140 1274 259 65 63 7475
leaf_count=45 1140 1274 259 65 63 7475
internal_value=-2.12979e-11 -0.00465298 -0.0664242 -0.165801 -0.225606 -0.0016029
internal_weight=10321 9181 432 173 128 8749
internal_count=10321 9181 432 173 128 8749
is_linear=0
shrinkage=0.05


Tree=44
num_leaves=7
num_cat=0
split_feature=7 23 31 30 11 25
split_gain=679.896 1609.43 752.174 490.594 514.235 676.398
threshold=-0.99761278905001471 29.772916666666667 1.2333333333333336 17.608333333333338 18.500000000000004 6.4000000000000012
decision_type=2 2 2 2 2 2
left_child=1 -1 3 4 5 -2
right_child=2 -3 -4 -5 -6 -7
leaf_value=0.01794437111957985 -0.025442322223797456 -0.28419970305137604 0.028087589527206438 -0.13902249935028307 0.001757464745442754 -0.22686166985523562
leaf_weight=119 1359 70 2139 68 6523 43
leaf_count=119 1359 70 2139 68 6523 43
internal_value=-1.7332e-11 -0.0939608 0.00175272 -0.00529473 -0.00414728 -0.0316199
internal_weight=10321 189 10132 7993 7925 1402
internal_count=10321 189 10132 7993 7925 1402
is_linear=0
shrinkage=0.05


Tree=45
num_leaves=7
num_cat=0
split_feature=10 14 6 7 10 0
split_gain=634.727 614.927 574.56 606.107 563.781 588.95
threshold=24.500000000000004 16.500000000000004 -0.95754239937548935 -0.99761278905001471 6.5000000000000009 6.5000000000000009
decision_type=2 2 2 2 2 2
left_child=1 2 -1 -4 5 -5
right_child=-2 -3 3 4 -6 -7
leaf_value=-0.21483617088069087 0.035188043142338039 2.6865564648217229e-05 -0.17610971042211507 -0.063076526116122286 -0.041455412799015191 0.13943330970083931
leaf_weight=46 1140 8231 69 57 681 97
leaf_count=46 1140 8231 69 57 681 97
internal_value=-1.25813e-10 -0.00436928 -0.0424584 -0.033687 -0.0219179 0.0644784
internal_weight=10321 9181 950 904 835 154
internal_count=10321 9181 950 904 835 154
is_linear=0
shrinkage=0.05


Tree=46
num_leaves=7
num_cat=0
split_feature=10 2 7 23 13 25
split_gain=594.695 712.736 449.011 686.607 415.51 374.782
threshold=21.500000000000004 4.5000000000000009 -0.99761278905001471 29.772916666666667 2.3855668765022942 -2.4500000000000015
decision_type=2 2 2 2 2 2
left_child=2 4 3 -1 5 -2
right_child=1 -3 -4 -5 -6 -7
leaf_value=-0.0030038479899550663 -0.028501005154776868 -0.02637983092710558 -0.0070057161288043686 -0.22724718644709913 0.058420064921630613 0.025984603411603496
leaf_weight=81 387 776 6514 59 793 1711
leaf_count=81 387 776 6514 59 793 1711
internal_value=-4.1161e-11 0.0161675 -0.00890985 -0.0975064 0.027588 0.0159341
internal_weight=10321 3667 6654 140 2891 2098
internal_count=10321 3667 6654 140 2891 2098
is_linear=0
shrinkage=0.05


Tree=47
num_leaves=7
num_cat=0
split_feature=11 14 12 16 21 10
split_gain=546.001 676.862 926.143 544.349 389.449 524.896
threshold=23.500000000000004 7.0000000000000009 20.312500000000004 20.116071428571434 0.014880952380952382 19.250000000000004
decision_type=2 2 2 2 2 2
left_child=1 2 3 4 5 -1
right_child=-2 -3 -4 -5 -6 -7
leaf_value=-0.061319438329733467 0.024210890235011714 -0.0024194387134543467 -0.26716004655911374 0.11372111442365818 0.017500610194272466 -0.25999622920697391
leaf_weight=136 1900 8050 52 49 90 44
leaf_count=136 1900 8050 52 49 90 44
internal_value=-7.66947e-11 -0.00546262 -0.0714938 -0.0395984 -0.067423 -0.109885
internal_weight=10321 8421 371 319 270 180
internal_count=10321 8421 371 319 270 180
is_linear=0
shrinkage=0.05


Tree=48
num_leaves=7
num_cat=0
split_feature=2 0 7 14 12 12
split_gain=526.417 806.153 967.664 733.135 1310.04 783.742
threshold=4.5000000000000009 10.500000000000002 -0.99761278905001471 7.0000000000000009 18.687500000000004 9.9791666666666679
decision_type=2 2 2 2 2 2
left_child=1 3 -3 4 5 -1
right_child=-2 2 -4 -5 -6 -7
leaf_value=-0.19249620238939924 -0.017765162393050146 -0.15198769167256662 0.025871544638805918 -0.0055439947853155903 -0.3626775434642332 0.064925699256505681
leaf_weight=48 2970 78 3908 3200 40 77
leaf_count=48 2970 78 3908 3200 40 77
internal_value=2.58807e-11 0.0071776 0.0223911 -0.0108435 -0.113622 -0.0339243
internal_weight=10321 7351 3986 3365 165 125
internal_count=10321 7351 3986 3365 165 125
is_linear=0
shrinkage=0.05


Tree=49
num_leaves=7
num_cat=0
split_feature=10 2 12 25 16 7
split_gain=500.558 365.353 336.977 317.994 1162.2 326
threshold=20.500000000000004 4.5000000000000009 23.104166666666668 6.950000000000002 20.735119047619051 -0.99761278905001471
decision_type=2 2 2 2 2 2
left_child=3 2 -2 5 -5 -1
right_child=1 -3 -4 4 -6 -7
leaf_value=-0.088944662864049603 0.014937515935016219 -0.013417954977511942 0.082335171378575836 -0.27658125129984878 0.017729469504188366 -0.0068496238323669028
leaf_weight=124 3791 1182 195 51 98 4880
leaf_count=124 3791 1182 195 51 98 4880
internal_value=2.35515e-11 0.0109953 0.0182347 -0.0110273 -0.0830078 -0.00888395
internal_weight=10321 5168 3986 5153 149 5004
internal_count=10321 5168 3986 5153 149 5004
is_linear=0
shrinkage=0.05


Tree=50
num_leaves=7
num_cat=0
split_feature=12 11 25 0 0 13
split_gain=459.05 455.048 359.419 1275.09 324.155 398.681
threshold=11.604166666666668 20.500000000000004 6.950000000000002 8.5000000000000018 10.500000000000002 2.3855668765022942
decision_type=2 2 2 2 2 2
left_child=-1 2 -2 -4 -3 -6
right_child=1 4 3 -5 5 -7
leaf_value=-0.078704752932701794 -0.0072777848744076824 -0.0057515687886519392 0.037209148358670063 -0.32265435098670425 0.012154541484994494 0.054497892450026508
leaf_weight=182 4951 1711 64 40 2671 702
leaf_count=182 4951 1711 64 40 2671 702
internal_value=1.13844e-11 0.00141279 -0.00921011 -0.1012 0.0119751 0.0209672
internal_weight=10321 10139 5055 104 5084 3373
internal_count=10321 10139 5055 104 5084 3373
is_linear=0
shrinkage=0.05


Tree=51
num_leaves=7
num_cat=0
split_feature=31 30 12 7 28 13
split_gain=433.098 461.037 427.602 365.444 493.683 695.923
threshold=1.2333333333333336 17.608333333333338 21.895833333333339 0.98005052076767474 0.12857142857142859 1.3056863756726467
decision_type=2 2 2 2 2 2
left_child=1 2 3 4 5 -1
right_child=-2 -3 -4 -5 -6 -7
leaf_value=0.0059504947935541475 0.019684360530070721 -0.13497507405631684 0.01136268088107821 0.03501126007303678 -0.01414367779880258 -0.26329281041010594
leaf_weight=48 2199 68 2843 372 4743 48
leaf_count=48 2199 68 2843 372 4743 48
internal_value=-6.66063e-11 -0.00532946 -0.00423487 -0.0127445 -0.0164158 -0.128671
internal_weight=10321 8122 8054 5211 4839 96
internal_count=10321 8122 8054 5211 4839 96
is_linear=0
shrinkage=0.05


Tree=52
num_leaves=7
num_cat=0
split_feature=7 10 2 11 5 23
split_gain=427.714 436.88 330.524 312.391 295.21 271.578
threshold=-0.99983123799342477 20.500000000000004 4.5000000000000009 18.500000000000004 1.0000000180025095e-35 11.039583333333335
decision_type=2 2 2 2 2 2
left_child=-1 -2 3 -3 -4 -5
right_child=1 2 4 5 -6 -7
leaf_value=-0.14890657480961333 -0.009620304399739224 0.1116305896648388 -0.03214432811248439 0.056261950909905135 0.019106002477596834 0.011487127118310937
leaf_weight=48 5134 87 722 375 460 3495
leaf_count=48 5134 87 722 375 460 3495
internal_value=3.28557e-12 0.000695757 0.0110018 0.0179322 -0.0121992 0.0158258
internal_weight=10321 10273 5139 3957 1182 3870
internal_count=10321 10273 5139 3957 1182 3870
is_linear=0
shrinkage=0.05


Tree=53
num_leaves=7
num_cat=0
split_feature=12 7 11 0 13 10
split_gain=405.547 393.326 407.948 345.584 351.601 328.68
threshold=11.604166666666668 -0.99983123799342477 20.500000000000004 10.500000000000002 3.5113884907343613 19.250000000000004
decision_type=2 2 2 2 2 2
left_child=-1 -2 5 -4 -5 -3
right_child=1 2 3 4 -6 -7
leaf_value=-0.073976093980964719 -0.14146124656933051 -0.026392149749746092 -0.0062963830813006025 0.017534524219845814 0.089752387326325844 0.00083494703897657007
leaf_weight=182 48 1646 1702 3171 178 3394
leaf_count=182 48 1646 1702 3171 178 3394
internal_value=6.12193e-12 0.00132791 0.00200711 0.0120494 0.0213729 -0.00805708
internal_weight=10321 10139 10091 5051 3349 5040
internal_count=10321 10139 10091 5051 3349 5040
is_linear=0
shrinkage=0.05


Tree=54
num_leaves=7
num_cat=0
split_feature=14 6 7 0 12 9
split_gain=367.614 494.542 431.272 563.036 1005 696.76
threshold=16.500000000000004 -0.95754239937548935 -0.99761278905001471 10.500000000000002 21.437500000000004 12.000000000000002
decision_type=2 2 2 2 2 2
left_child=1 -1 -3 4 -4 -5
right_child=-2 2 3 5 -6 -7
leaf_value=-0.18875781064448149 0.0031164244257242592 -0.14143905704436097 -0.028577242663882091 0.15089623590073226 -0.28681443448710658 -0.0036813407393678486
leaf_weight=46 9306 69 366 89 42 403
leaf_count=46 9306 69 366 89 42 403
internal_value=-8.77974e-11 -0.0285729 -0.0209686 -0.0117325 -0.0551605 0.0242809
internal_weight=10321 1015 969 900 408 492
internal_count=10321 1015 969 900 408 492
is_linear=0
shrinkage=0.05


Tree=55
num_leaves=7
num_cat=0
split_feature=10 14 20 10 14 32
split_gain=361.769 374.967 419.437 416.966 575.11 701.666
threshold=24.500000000000004 16.500000000000004 0.062500000000000014 19.250000000000004 7.0000000000000009 6.0563656553989906
decision_type=2 2 2 2 2 2
left_child=1 2 3 -1 5 -5
right_child=-2 -3 -4 4 -6 -7
leaf_value=-0.025314303400560418 0.026565457933210652 0.00013424944221783784 0.056041432667778536 -0.069134120522783352 -0.0092227243314778728 -0.3142557109864253
leaf_weight=630 1140 8231 116 65 86 53
leaf_count=630 1140 8231 116 65 86 53
internal_value=-5.41521e-11 -0.00329862 -0.0330417 -0.0454322 -0.107561 -0.179231
internal_weight=10321 9181 950 834 204 118
internal_count=10321 9181 950 834 204 118
is_linear=0
shrinkage=0.05


Tree=56
num_leaves=7
num_cat=0
split_feature=7 2 0 25 16 14
split_gain=350.506 363.095 657.705 547.85 907.67 528.628
threshold=-0.99983123799342477 4.5000000000000009 10.500000000000002 6.950000000000002 20.883928571428573 7.0000000000000009
decision_type=2 2 2 2 2 2
left_child=-1 2 5 -4 -5 -2
right_child=1 -3 3 4 -6 -7
leaf_value=-0.134798512654379 -0.096965989906227956 -0.014110387714739625 0.023655949274845392 -0.2418765844902597 0.03838824138045311 -0.0051761793543404714
leaf_weight=48 165 2970 3843 52 65 3178
leaf_count=48 165 2970 3843 52 65 3178
internal_value=-8.07497e-12 0.000629838 0.00662443 0.020411 -0.0861739 -0.00970664
internal_weight=10321 10273 7303 3960 117 3343
internal_count=10321 10273 7303 3960 117 3343
is_linear=0
shrinkage=0.05


Tree=57
num_leaves=7
num_cat=0
split_feature=12 31 30 7 11 28
split_gain=334.382 313.128 408.717 331.777 290.211 495.428
threshold=22.770833333333339 1.2333333333333336 17.608333333333338 0.98005052076767474 18.500000000000004 0.10803571428571429
decision_type=2 2 2 2 2 2
left_child=1 2 3 4 5 -1
right_child=-2 -3 -4 -5 -6 -7
leaf_value=-0.18818651250330731 0.030235552447958891 0.014789985564335306 -0.12942762901212143 0.030574186581506058 -0.0043176865825551771 -0.024513473776750738
leaf_weight=48 840 2019 68 564 5525 1257
leaf_count=48 840 2019 68 564 5525 1257
internal_value=-1.32088e-11 -0.00267882 -0.00740537 -0.00628317 -0.00932674 -0.0305336
internal_weight=10321 9481 7462 7394 6830 1305
internal_count=10321 9481 7462 7394 6830 1305
is_linear=0
shrinkage=0.05


Tree=58
num_leaves=7
num_cat=0
split_feature=7 12 10 7 0 2
split_gain=317.233 319.488 300.601 287.452 341.37 692.343
threshold=-0.99983123799342477 11.604166666666668 20.500000000000004 -0.99761278905001471 7.5000000000000009 1.5000000000000002
decision_type=2 2 2 2 2 2
left_child=-1 3 -3 -2 -5 -6
right_child=1 2 -4 4 5 -7
leaf_value=-0.12824077953894933 -0.17310337287414335 -0.0069730154950812936 0.010288316358046983 -0.14702223369053433 0.16013408988080127 -0.11125775512228622
leaf_weight=48 46 4972 5119 42 47 47
leaf_count=48 46 4972 5119 42 47 47
internal_value=-2.48168e-11 0.000599198 0.00178338 -0.0650577 -0.0285128 0.0244382
internal_weight=10321 10273 10091 182 136 94
internal_count=10321 10273 10091 182 136 94
is_linear=0
shrinkage=0.05


Tree=59
num_leaves=7
num_cat=0
split_feature=12 7 11 12 25 32
split_gain=294.662 274.719 295.458 422.767 2189.19 645.998
threshold=22.770833333333339 -0.99983123799342477 19.250000000000004 22.562500000000004 -2.2000000000000015 -4.2014958321642597
decision_type=2 2 2 2 2 2
left_child=1 -1 -3 -4 5 -5
right_child=-2 2 3 4 -6 -7
leaf_value=-0.1218287377928694 0.02838299988486272 -0.016548061006429065 0.006408152872517993 -0.42226673096360179 0.014606906153887787 -0.13810182433575391
leaf_weight=48 840 2524 6533 40 296 40
leaf_count=48 840 2524 6533 40 296 40
internal_value=-7.41462e-11 -0.00251468 -0.00190755 0.00344093 -0.0481146 -0.280184
internal_weight=10321 9481 9433 6909 376 80
internal_count=10321 9481 9433 6909 376 80
is_linear=0
shrinkage=0.05


Tree=60
num_leaves=7
num_cat=0
split_feature=10 17 25 6 14 6
split_gain=285.824 328.512 339.256 1068.41 294.781 381.978
threshold=24.500000000000004 2.6460693424098705 -2.2000000000000015 0.7210268013660811 16.500000000000004 -0.95754239937548935
decision_type=2 2 2 2 2 2
left_child=4 2 3 -2 5 -1
right_child=1 -3 -4 -5 -6 -7
leaf_value=-0.16985435135986493 0.063082424378022556 0.052459022787176006 0.014123418285187884 -0.28361118681496011 0.00011174937890792885 -0.02215188793390907
leaf_weight=46 50 529 521 40 8231 904
leaf_count=46 50 529 521 40 8231 904
internal_value=9.9654e-13 0.023613 -0.00136174 -0.0910036 -0.00293201 -0.0293038
internal_weight=10321 1140 611 90 9181 950
internal_count=10321 1140 611 90 9181 950
is_linear=0
shrinkage=0.05


Tree=61
num_leaves=7
num_cat=0
split_feature=2 7 0 25 16 6
split_gain=273.746 570.271 532.451 513.882 799.604 460.654
threshold=3.5000000000000004 -0.99938741687870725 10.500000000000002 6.950000000000002 20.883928571428573 0.99818282439137029
decision_type=2 2 2 2 2 2
left_child=2 -2 5 -4 -5 -1
right_child=1 -3 3 4 -6 -7
leaf_value=-0.0066553299436403861 -0.18258652739385342 -0.0074953172333143206 0.024869232721641356 -0.22804080813836594 0.035011465919132422 -0.17163447334409454
leaf_weight=2642 47 4409 3063 52 65 43
leaf_count=2642 47 4409 3063 52 65 43
internal_value=-1.40117e-10 -0.00934211 0.00709777 0.0209409 -0.0819007 -0.00929745
internal_weight=10321 4456 5865 3180 117 2685
internal_count=10321 4456 5865 3180 117 2685
is_linear=0
shrinkage=0.05


Tree=62
num_leaves=7
num_cat=0
split_feature=12 2 7 0 25 16
split_gain=268.69 269.244 518.921 443.925 532.143 1409.7
threshold=11.604166666666668 3.5000000000000004 -0.99761278905001471 9.5000000000000018 6.950000000000002 20.747023809523814
decision_type=2 2 2 2 2 2
left_child=-1 3 -3 -2 -5 -6
right_child=1 2 -4 4 5 -7
leaf_value=-0.06021389785621848 -0.0082333647206425387 -0.1734571989863477 -0.0064257607993068074 0.023946892651487132 -0.31731910989398049 0.037457494176071908
leaf_weight=182 2388 47 4363 3215 42 84
leaf_count=182 2388 47 4363 3215 42 84
internal_value=-3.02961e-11 0.00108087 -0.00820591 0.00822954 0.0199965 -0.0808014
internal_weight=10321 10139 4410 5729 3341 126
internal_count=10321 10139 4410 5729 3341 126
is_linear=0
shrinkage=0.05


Tree=63
num_leaves=7
num_cat=0
split_feature=12 31 30 7 11 25
split_gain=244.506 225.705 367.299 277.902 232.22 449.068
threshold=22.770833333333339 1.2333333333333336 17.608333333333338 0.98005052076767474 18.500000000000004 6.4000000000000012
decision_type=2 2 2 2 2 2
left_child=1 2 3 4 5 -1
right_child=-2 -3 -4 -5 -6 -7
leaf_value=-0.021581291994464617 0.025854794326684596 0.012540395189422161 -0.12197805240969449 0.028492621965095378 -0.0035445154523856231 -0.18589250262783363
leaf_weight=1262 840 2019 68 564 5525 43
leaf_count=1262 840 2019 68 564 5525 43
internal_value=3.50616e-11 -0.00229069 -0.00630355 -0.00523973 -0.00802524 -0.0269954
internal_weight=10321 9481 7462 7394 6830 1305
internal_count=10321 9481 7462 7394 6830 1305
is_linear=0
shrinkage=0.05


Tree=64
num_leaves=7
num_cat=0
split_feature=12 7 32 5 2 7
split_gain=241.234 261.687 314.528 285.211 231.2 468.422
threshold=11.604166666666668 -0.99761278905001471 -7.9776182471466912 1.0000000180025095e-35 3.5000000000000004 -0.99761278905001471
decision_type=2 2 2 2 2 2
left_child=1 -1 -3 -4 -2 -6
right_child=4 2 3 -5 5 -7
leaf_value=-0.16014433145199136 0.0076485494593887503 0.077536986244842412 0.015229201462210679 -0.16707830521795486 -0.16458634769028807 -0.005890228076950197
leaf_weight=46 5729 50 41 45 47 4363
leaf_count=46 5729 50 41 45 47 4363
internal_value=2.18399e-13 -0.0570545 -0.0221859 -0.0801643 0.00102416 -0.00758155
internal_weight=10321 182 136 86 10139 4410
internal_count=10321 182 136 86 10139 4410
is_linear=0
shrinkage=0.05


Tree=65
num_leaves=7
num_cat=0
split_feature=10 17 25 6 2 15
split_gain=222.812 295.046 307.119 961.327 261.738 225.335
threshold=24.500000000000004 2.6460693424098705 -2.2000000000000015 0.7210268013660811 4.5000000000000009 42.500000000000007
decision_type=2 2 2 2 2 2
left_child=5 2 3 -2 -3 -1
right_child=1 4 -4 -5 -6 -7
leaf_value=-0.0020640887605240092 0.058049669638276104 0.062591229546578739 0.011913373320406588 -0.27081088228151201 -0.037679697068310099 -0.11954424865543843
leaf_weight=9140 50 453 521 40 76 41
leaf_count=9140 50 453 521 40 76 41
internal_value=2.24718e-11 0.0208483 -0.00282011 -0.0881106 0.0481856 -0.00258873
internal_weight=10321 1140 611 90 529 9181
internal_count=10321 1140 611 90 529 9181
is_linear=0
shrinkage=0.05


Tree=66
num_leaves=7
num_cat=0
split_feature=12 7 32 5 12 9
split_gain=217.027 236.087 284.004 257.169 216.665 224.634
threshold=11.604166666666668 -0.99761278905001471 -7.9776182471466912 1.0000000180025095e-35 14.770833333333336 12.000000000000002
decision_type=2 2 2 2 2 2
left_child=1 -1 -3 -4 -2 -6
right_child=4 2 3 -5 5 -7
leaf_value=-0.15203390885954318 0.076126518445089469 0.073763340748846537 0.014492097715052164 -0.15862118985917834 -0.090986177280767647 0.00087333111029159007
leaf_weight=46 95 50 41 45 67 9977
leaf_count=46 95 50 41 45 67 9977
internal_value=-4.31733e-11 -0.0541163 -0.0209971 -0.0760904 0.000971414 0.000260569
internal_weight=10321 182 136 86 10139 10044
internal_count=10321 182 136 86 10139 10044
is_linear=0
shrinkage=0.05


Tree=67
num_leaves=7
num_cat=0
split_feature=7 10 13 25 17 2
split_gain=207.848 213.185 254.801 409.558 984.426 228.893
threshold=-0.99983123799342477 24.500000000000004 2.3855668765022942 -2.4500000000000015 2.5315553083891493 4.5000000000000009
decision_type=2 2 2 2 2 2
left_child=-1 -2 3 4 -3 -4
right_child=1 2 5 -5 -6 -7
leaf_value=-0.10380306296671432 -0.0020484240401069244 0.055240199305847587 0.058280375227846098 0.016935101104036305 -0.26561252843174671 -0.062429676655420041
leaf_weight=48 9142 51 453 539 45 43
leaf_count=48 9142 51 453 539 45 43
internal_value=1.60078e-11 0.000485014 0.0209631 -1.14868e-05 -0.0951595 0.0478156
internal_weight=10321 10273 1131 635 96 496
internal_count=10321 10273 1131 635 96 496
is_linear=0
shrinkage=0.05


Tree=68
num_leaves=7
num_cat=0
split_feature=12 12 25 2 11 28
split_gain=197.869 194.436 1757.04 1994.46 278.297 267.501
threshold=22.770833333333339 22.562500000000004 -2.2000000000000015 2.5000000000000004 19.250000000000004 0.080952380952380984
decision_type=2 2 2 2 2 2
left_child=1 4 3 -3 5 -1
right_child=-2 2 -4 -5 -6 -7
leaf_value=-0.11262477413230741 0.023258681224092255 -0.4669089272949431 0.016023825942926732 -0.0035710631792123118 0.0049007731834688033 -0.012049688550852408
leaf_weight=68 840 45 360 48 6578 2382
leaf_count=68 840 45 360 48 6578 2382
internal_value=3.73481e-12 -0.00206068 -0.0340259 -0.227767 -0.000456752 -0.0148412
internal_weight=10321 9481 453 93 9028 2450
internal_count=10321 9481 453 93 9028 2450
is_linear=0
shrinkage=0.05


Tree=69
num_leaves=7
num_cat=0
split_feature=12 7 32 5 2 7
split_gain=195.874 212.368 256.477 231.972 198.197 418.657
threshold=11.604166666666668 -0.99761278905001471 -7.9776182471466912 1.0000000180025095e-35 3.5000000000000004 -0.99761278905001471
decision_type=2 2 2 2 2 2
left_child=1 -1 -3 -4 -2 -6
right_child=4 2 3 -5 5 -7
leaf_value=-0.14428004317957421 0.0070562562733567829 0.070051210388541216 0.013675330651969445 -0.1507385759883457 -0.15547557760109293 -0.0054460395870212855
leaf_weight=46 5729 50 41 45 47 4363
leaf_count=46 5729 50 41 45 47 4363
internal_value=4.79661e-11 -0.0514114 -0.0199999 -0.0723552 0.000922859 -0.00704499
internal_weight=10321 182 136 86 10139 4410
internal_count=10321 182 136 86 10139 4410
is_linear=0
shrinkage=0.05


Tree=70
num_leaves=7
num_cat=0
split_feature=11 11 25 2 5 12
split_gain=189.574 352.478 392.972 338.506 203.005 249.607
threshold=15.500000000000002 18.500000000000004 6.4000000000000012 4.5000000000000009 0.25881904510252057 11.604166666666668
decision_type=2 2 2 2 2 2
left_child=-1 2 3 -2 -3 -6
right_child=1 4 -4 -5 5 -7
leaf_value=0.043186960526321448 0.082190593101084231 0.009544132113529653 -0.17449812435079368 -0.027514008925220684 -0.097932288837101727 -0.0040123495085622289
leaf_weight=248 75 4706 43 1126 72 4051
leaf_count=248 75 4706 43 1126 72 4051
internal_value=3.55625e-11 -0.00106327 -0.0259806 -0.0206632 0.00244756 -0.00565247
internal_weight=10321 10073 1244 1201 8829 4123
internal_count=10321 10073 1244 1201 8829 4123
is_linear=0
shrinkage=0.05


Tree=71
num_leaves=7
num_cat=0
split_feature=11 25 12 14 16 12
split_gain=177.615 248.03 523.41 236.548 399.948 397.932
threshold=24.500000000000004 -2.2000000000000015 22.562500000000004 16.500000000000004 20.997023809523814 18.770833333333339
decision_type=2 2 2 2 2 2
left_child=3 2 -2 4 -1 -6
right_child=1 -3 -4 -5 5 -7
leaf_value=-0.014160486262436225 0.011271624053427597 0.029351727869253004 -0.18201615825709372 0.00032464174371573502 -0.0070923240913543855 -0.19818539479895245
leaf_weight=786 158 943 45 8278 48 63
leaf_count=786 158 943 45 8278 48 63
internal_value=-4.0397e-11 0.0185592 -0.0315754 -0.00231813 -0.0267071 -0.115551
internal_weight=10321 1146 203 9175 897 111
internal_count=10321 1146 203 9175 897 111
is_linear=0
shrinkage=0.05


Tree=72
num_leaves=7
num_cat=0
split_feature=7 10 25 16 7 26
split_gain=175.767 178.209 197.009 1323 170.232 309.464
threshold=-0.99983123799342477 20.500000000000004 5.2500000000000018 20.294642857142858 0.85561368268953431 1.0354166666666669
decision_type=2 2 2 2 2 2
left_child=-1 2 -2 -4 5 -3
right_child=1 4 3 -5 -6 -7
leaf_value=-0.095456683139006293 -0.0035755620523138586 -0.032757266673966834 -0.27499290224200545 -0.00021480653048057462 0.023798513552432895 0.0076824163492064659
leaf_weight=48 4804 549 52 278 1169 3421
leaf_count=48 4804 549 52 278 1169 3421
internal_value=1.20858e-10 0.000446016 -0.00614265 -0.0435132 0.00702827 0.00209013
internal_weight=10321 10273 5134 330 5139 3970
internal_count=10321 10273 5134 330 5139 3970
is_linear=0
shrinkage=0.05


Tree=73
num_leaves=7
num_cat=0
split_feature=11 11 16 16 2 32
split_gain=172.079 311.082 358.108 301.238 299.244 176.628
threshold=15.500000000000002 18.500000000000004 19.547619047619051 18.244047619047624 4.5000000000000009 1.7060860720621568e-15
decision_type=2 2 2 2 2 2
left_child=-1 2 3 -2 -4 -3
right_child=1 5 4 -5 -6 -7
leaf_value=0.041145934200246682 -0.032882827697430068 0.0094597067570396116 0.077994906708791667 -0.22351658683270217 -0.024014150154196084 -0.0046858018721689697
leaf_weight=248 43 4351 77 40 1084 4478
leaf_count=248 43 4351 77 40 1084 4478
internal_value=-9.85274e-11 -0.00101302 -0.0244215 -0.124755 -0.0172487 0.00228522
internal_weight=10321 10073 1244 83 1161 8829
internal_count=10321 10073 1244 83 1161 8829
is_linear=0
shrinkage=0.05


Tree=74
num_leaves=7
num_cat=0
split_feature=28 28 2 0 19 7
split_gain=166.726 940.365 169.808 458.22 393.058 355.866
threshold=0.075000000000000025 0.080952380952380984 3.5000000000000004 10.500000000000002 46.500000000000007 -0.99938741687870725
decision_type=2 2 2 2 2 2
left_child=-1 -2 3 4 -3 -4
right_child=1 2 5 -5 -6 -7
leaf_value=0.033428061260363191 -0.22198249244441592 -0.0074229147136444769 -0.14452675183085686 0.018575372342951198 -0.15985958784125573 -0.0061750403945842764
leaf_weight=360 48 2554 47 3076 43 4193
leaf_count=360 48 2554 47 3076 43 4193
internal_value=-4.0989e-11 -0.00120812 -0.000139104 0.00551838 -0.0099469 -0.00770866
internal_weight=10321 9961 9913 5673 2597 4240
internal_count=10321 9961 9913 5673 2597 4240
is_linear=0
shrinkage=0.05


Tree=75
num_leaves=7
num_cat=0
split_feature=12 12 25 2 11 25
split_gain=157.7 174.444 1557.63 1801.68 196.852 213.774
threshold=22.770833333333339 22.562500000000004 -2.2000000000000015 2.5000000000000004 19.250000000000004 6.950000000000002
decision_type=2 2 2 2 2 2
left_child=1 4 3 -3 5 -1
right_child=-2 2 -4 -5 -6 -7
leaf_value=-0.010098220847960132 0.020764087376429374 -0.4418237381345696 0.015007182177893508 -0.0014479340286925437 0.0041854592591211619 -0.10643992042011124
leaf_weight=2391 840 45 360 48 6578 59
leaf_count=2391 840 45 360 48 6578 59
internal_value=-4.02045e-11 -0.00183966 -0.032117 -0.214533 -0.000320431 -0.0124183
internal_weight=10321 9481 453 93 9028 2450
internal_count=10321 9481 453 93 9028 2450
is_linear=0
shrinkage=0.05


Tree=76
num_leaves=7
num_cat=0
split_feature=11 11 16 16 2 7
split_gain=157.919 260.444 314.741 264.123 264.078 165.466
threshold=15.500000000000002 18.500000000000004 19.547619047619051 18.244047619047624 4.5000000000000009 -0.99761278905001471
decision_type=2 2 2 2 2 2
left_child=-1 2 3 -2 -4 -3
right_child=1 5 4 -5 -6 -7
leaf_value=0.039416621555245647 -0.030425023504121358 -0.047249518742667751 0.073807784777691038 -0.20892912399955096 -0.022020191877454905 0.0029978615411491282
leaf_weight=248 43 167 77 40 1084 8662
leaf_count=248 43 167 77 40 1084 8662
internal_value=-3.41855e-11 -0.000970448 -0.0223892 -0.116451 -0.0156647 0.00204744
internal_weight=10321 10073 1244 83 1161 8829
internal_count=10321 10073 1244 83 1161 8829
is_linear=0
shrinkage=0.05


Tree=77
num_leaves=7
num_cat=0
split_feature=20 14 0 2 28 13
split_gain=155.674 337.343 497.689 890.757 560.899 179.234
threshold=0.062500000000000014 7.0000000000000009 10.500000000000002 2.5000000000000004 1.4360119047619049 2.3855668765022942
decision_type=2 2 2 2 2 2
left_child=1 2 3 -1 -4 -3
right_child=-2 5 4 -5 -6 -7
leaf_value=-0.25159170487347771 0.051623297413364834 -0.0017713548346760871 0.12463805609149858 -0.0068354107439517978 -0.056415180080794096 0.017593020741859901
leaf_weight=68 144 8442 64 82 129 1392
leaf_count=68 144 8442 64 82 129 1392
internal_value=-6.50219e-12 -0.000730447 -0.0494737 -0.117792 0.0036232 0.000969667
internal_weight=10321 10177 343 150 193 9834
internal_count=10321 10177 343 150 193 9834
is_linear=0
shrinkage=0.05


Tree=78
num_leaves=7
num_cat=0
split_feature=28 28 16 13 22 31
split_gain=148.184 827.196 147.169 643.332 312.65 196.69
threshold=0.075000000000000025 0.080952380952380984 20.572916666666671 4.6045288947292375 28.050000000000004 1.7375
decision_type=2 2 2 2 2 2
left_child=-1 -2 4 -4 5 -3
right_child=1 2 3 -5 -6 -7
leaf_value=0.031514429555584991 -0.20820299037150108 0.0071751815663818538 -0.002344476316932203 -0.18989714377600214 -0.093066966234307213 0.045526838778609004
leaf_weight=360 48 1811 7576 46 70 410
leaf_count=360 48 1811 7576 46 70 410
internal_value=-8.76872e-13 -0.00113896 -0.000136331 -0.00347639 0.0109758 0.014255
internal_weight=10321 9961 9913 7622 2291 2221
internal_count=10321 9961 9913 7622 2291 2221
is_linear=0
shrinkage=0.05


Tree=79
num_leaves=7
num_cat=0
split_feature=7 10 17 14 17 15
split_gain=139.214 147.18 216.793 317.317 825.125 184.429
threshold=-0.99983123799342477 24.500000000000004 2.6460693424098705 19.500000000000004 2.5315553083891493 42.500000000000007
decision_type=2 2 2 2 2 2
left_child=-1 5 3 -3 -5 -2
right_child=1 2 -4 4 -6 -7
leaf_value=-0.084952887799590829 -0.0012314208239280128 0.023753093304214306 0.040764474560636921 0.00091266710600448843 -0.23462316732232771 -0.10751557929623055
leaf_weight=48 9101 389 529 165 48 41
leaf_count=48 9101 389 529 165 48 41
internal_value=9.1891e-12 0.000396937 0.0174121 -0.00310859 -0.0521658 -0.00170808
internal_weight=10321 10273 1131 602 213 9142
internal_count=10321 10273 1131 602 213 9142
is_linear=0
shrinkage=0.05


Tree=80
num_leaves=7
num_cat=0
split_feature=11 11 25 8 5 12
split_gain=139.395 230.742 287.91 231.325 153.631 193.169
threshold=15.500000000000002 18.500000000000004 6.4000000000000012 1.0000000180025095e-35 0.25881904510252057 11.604166666666668
decision_type=2 2 2 2 2 2
left_child=-1 2 3 -2 -3 -6
right_child=1 4 -4 -5 5 -7
leaf_value=0.037032767908362255 -0.021373611404992617 0.0081023791136300843 -0.1481954756127887 0.082703749235120749 -0.086297301885982364 -0.0036748301582857513
leaf_weight=248 1145 4706 43 56 72 4051
leaf_count=248 1145 4706 43 56 72 4051
internal_value=-6.8781e-11 -0.000911757 -0.0210722 -0.0165207 0.00192883 -0.00511767
internal_weight=10321 10073 1244 1201 8829 4123
internal_count=10321 10073 1244 1201 8829 4123
is_linear=0
shrinkage=0.05


Tree=81
num_leaves=7
num_cat=0
split_feature=20 14 32 12 6 2
split_gain=137.555 271.925 446.078 791.107 409.121 253.095
threshold=0.062500000000000014 7.0000000000000009 6.0563656553989906 18.687500000000004 -0.048361574224334618 2.5000000000000004
decision_type=2 2 2 2 2 2
left_child=1 2 4 -4 -1 -6
right_child=-2 -3 3 -5 5 -7
leaf_value=-0.10408190631522583 0.048526086105428273 0.00083977214067890236 -0.03552322178915307 -0.30231515731662517 0.1301943454359259 -0.0049056620454763647
leaf_weight=65 144 9834 91 40 56 91
leaf_count=65 144 9834 91 40 56 91
internal_value=3.32258e-11 -0.000686622 -0.0444492 -0.116986 0.000373322 0.046561
internal_weight=10321 10177 343 131 212 147
internal_count=10321 10177 343 131 212 147
is_linear=0
shrinkage=0.05


Tree=82
num_leaves=7
num_cat=0
split_feature=28 28 16 13 22 25
split_gain=130.246 737.049 130.393 532.736 272.839 195.797
threshold=0.075000000000000025 0.080952380952380984 20.572916666666671 4.6045288947292375 28.050000000000004 -2.4500000000000015
decision_type=2 2 2 2 2 2
left_child=-1 -2 4 5 -3 -4
right_child=1 2 3 -5 -6 -7
leaf_value=0.029545473648338684 -0.1965236388379708 0.01340150572766177 -0.020163562445388486 -0.17290695963994318 -0.08685489983231362 0.0013685765369982118
leaf_weight=360 48 2221 1268 46 70 6308
leaf_count=360 48 2221 1268 46 70 6308
internal_value=5.36042e-11 -0.0010678 -0.00012138 -0.0032653 0.0103382 -0.00223527
internal_weight=10321 9961 9913 7622 2291 7576
internal_count=10321 9961 9913 7622 2291 7576
is_linear=0
shrinkage=0.05


Tree=83
num_leaves=7
num_cat=0
split_feature=7 9 20 19 2 32
split_gain=126.483 131.77 354.04 245.733 218.167 208.251
threshold=-0.99983123799342477 19.500000000000004 0.062500000000000014 25.500000000000004 2.5000000000000004 -2.0112396629841744
decision_type=2 2 2 2 2 2
left_child=-1 2 3 4 -2 -5
right_child=1 -3 -4 5 -6 -7
leaf_value=-0.080975423753261569 0.0067982445477641059 0.003120212727084785 0.12279452414998862 0.010989907710262604 -0.10105639021469831 -0.024267406201119682
leaf_weight=48 70 8322 48 764 142 927
leaf_count=48 70 8322 48 764 142 927
internal_value=7.59521e-11 0.000378353 -0.0113171 -0.0146998 -0.065444 -0.00833802
internal_weight=10321 10273 1951 1903 212 1691
internal_count=10321 10273 1951 1903 212 1691
is_linear=0
shrinkage=0.05


Tree=84
num_leaves=7
num_cat=0
split_feature=11 11 16 6 2 5
split_gain=122.886 204.663 268.788 261.591 208.254 136.742
threshold=15.500000000000002 18.500000000000004 19.547619047619051 0.41398981800788198 4.5000000000000009 0.25881904510252057
decision_type=2 2 2 2 2 2
left_child=-1 2 3 -2 -4 -3
right_child=1 5 4 -5 -6 -7
leaf_value=0.034770696983492423 -0.014733748552389443 0.0076435259273811805 0.065825862991442149 -0.19238016405413577 -0.019272730208580457 -0.0048287219724127391
leaf_weight=248 40 4706 77 43 1084 4123
leaf_count=248 40 4706 77 43 1084 4123
internal_value=7.9179e-12 -0.000856064 -0.019843 -0.106767 -0.0136288 0.00181919
internal_weight=10321 10073 1244 83 1161 8829
internal_count=10321 10073 1244 83 1161 8829
is_linear=0
shrinkage=0.05


Tree=85
num_leaves=7
num_cat=0
split_feature=28 28 6 6 2 11
split_gain=116.289 652.354 117.383 451.398 1345.54 191.073
threshold=0.075000000000000025 0.080952380952380984 0.83376496542330847 0.79383249484937135 2.5000000000000004 24.500000000000004
decision_type=2 2 2 2 2 2
left_child=-1 -2 3 -3 -5 -4
right_child=1 2 5 4 -6 -7
leaf_value=0.027917653194033644 -0.18489223135014377 -0.00054365396125831465 0.004494587747823805 -0.31229444662787265 -0.016894359885521248 0.049187593397193613
leaf_weight=360 48 7640 1711 46 238 278
leaf_count=360 48 7640 1711 46 238 278
internal_value=1.78609e-11 -0.00100897 -0.000118584 -0.00284451 -0.0647409 0.0107413
internal_weight=10321 9961 9913 7924 284 1989
internal_count=10321 9961 9913 7924 284 1989
is_linear=0
shrinkage=0.05


Tree=86
num_leaves=7
num_cat=0
split_feature=7 10 25 16 7 25
split_gain=114.433 118.705 145.593 971.203 136.889 262.574
threshold=-0.99983123799342477 20.500000000000004 5.2500000000000018 20.294642857142858 0.85561368268953431 -1.6500000000000001
decision_type=2 2 2 2 2 2
left_child=-1 2 -2 -4 5 -3
right_child=1 4 3 -5 -6 -7
leaf_value=-0.077021806625028458 -0.0028106357026459429 -0.023443269309939785 -0.23547358746425462 -4.5691715660605504e-05 0.02077043143763678 0.0079853342640363294
leaf_weight=48 4804 844 52 278 1169 3126
leaf_count=48 4804 844 52 278 1169 3126
internal_value=4.68732e-11 0.00035988 -0.00501746 -0.0371434 0.00573198 0.00130379
internal_weight=10321 10273 5134 330 5139 3970
internal_count=10321 10273 5134 330 5139 3970
is_linear=0
shrinkage=0.05


Tree=87
num_leaves=7
num_cat=0
split_feature=11 11 16 6 2 32
split_gain=111.251 183.473 231.295 220.99 186.497 124.167
threshold=15.500000000000002 18.500000000000004 19.547619047619051 0.41398981800788198 4.5000000000000009 1.7060860720621568e-15
decision_type=2 2 2 2 2 2
left_child=-1 2 3 -2 -4 -3
right_child=1 5 4 -5 -6 -7
leaf_value=0.033083801729334221 -0.014835642417892814 0.0077338559100750548 0.062162576603715297 -0.17811487220271038 -0.018368145842279398 -0.0041263672853858501
leaf_weight=248 40 4351 77 43 1084 4478
leaf_count=248 40 4351 77 43 1084 4478
internal_value=2.84543e-11 -0.000814532 -0.0187917 -0.0994261 -0.0130272 0.00171844
internal_weight=10321 10073 1244 83 1161 8829
internal_count=10321 10073 1244 83 1161 8829
is_linear=0
shrinkage=0.05


Tree=88
num_leaves=7
num_cat=0
split_feature=15 6 6 7 10 13
split_gain=111.457 149.197 239.172 1193.59 171.707 252.968
threshold=42.500000000000007 0.85226249403558707 0.79383249484937135 0.5969655492110445 16.500000000000004 8.227364681578063
decision_type=2 2 2 2 2 2
left_child=1 2 -1 4 -4 -6
right_child=-2 -3 3 -5 5 -7
leaf_value=-0.00050354514804751922 -0.076821606875734139 0.013328765517733375 0.084570143402142584 -0.27659699751975692 -0.0024408915486555326 -0.11962970703840257
leaf_weight=8024 47 1822 43 47 283 55
leaf_count=8024 47 1822 43 47 283 55
internal_value=6.75315e-12 0.000351432 -0.0024461 -0.0388644 -0.00953777 -0.0215101
internal_weight=10321 10274 8452 428 381 338
internal_count=10321 10274 8452 428 381 338
is_linear=0
shrinkage=0.05


Tree=89
num_leaves=7
num_cat=0
split_feature=20 14 7 10 13 25
split_gain=116.185 204.721 205.243 376.68 410.837 325.814
threshold=0.062500000000000014 16.500000000000004 0.28313308994381586 6.5000000000000009 8.227364681578063 -1.0000000180025095e-35
decision_type=2 2 2 2 2 2
left_child=1 2 5 -4 -5 -1
right_child=-2 -3 3 4 -6 -7
leaf_value=0.067224431667062975 0.044597740084160863 0.0015385092184593307 0.10344614599547958 -0.0063763827634457917 -0.1602600282959126 -0.078534637050681588
leaf_weight=45 144 9306 69 450 48 259
leaf_count=45 144 9306 69 450 48 259
internal_value=2.51843e-11 -0.000631038 -0.0238111 -0.00603892 -0.0212085 -0.0569585
internal_weight=10321 10177 871 567 498 304
internal_count=10321 10177 871 567 498 304
is_linear=0
shrinkage=0.05


Tree=90
num_leaves=7
num_cat=0
split_feature=30 30 20 14 0 12
split_gain=105.431 304.726 116.285 148.34 232.097 623.808
threshold=30.162500000000005 29.772916666666667 0.062500000000000014 16.500000000000004 10.500000000000002 21.437500000000004
decision_type=2 2 2 2 2 2
left_child=1 2 3 4 5 -1
right_child=-2 -3 -4 -5 -6 -7
leaf_value=-0.027164848277118615 0.03207442953218706 -0.1131405661193033 0.046142100587959839 0.0011188214651076847 0.003184259456061803 -0.23138244881161621
leaf_weight=341 250 60 134 9036 458 42
leaf_count=341 250 60 134 9036 458 42
internal_value=3.60119e-11 -0.000796208 -0.000122882 -0.000750553 -0.0208358 -0.0495595
internal_weight=10321 10071 10011 9877 841 383
internal_count=10321 10071 10011 9877 841 383
is_linear=0
shrinkage=0.05


Tree=91
num_leaves=7
num_cat=0
split_feature=11 11 25 8 5 2
split_gain=104.13 165.534 220.88 169.314 117.39 154.248
threshold=15.500000000000002 18.500000000000004 6.4000000000000012 1.0000000180025095e-35 0.25881904510252057 3.5000000000000004
decision_type=2 2 2 2 2 2
left_child=-1 2 3 -2 5 -3
right_child=1 4 -4 -5 -6 -7
leaf_value=0.0320074268143564 -0.018028977095489045 0.012926083155033297 -0.12920982958004421 0.071012318134307861 -0.0045416374810606066 -0.0068467003946982227
leaf_weight=248 1145 3299 43 56 4123 1407
leaf_count=248 1145 3299 43 56 4123 1407
internal_value=-2.34564e-11 -0.000788032 -0.0178638 -0.0138772 0.00161793 0.00701442
internal_weight=10321 10073 1244 1201 8829 4706
internal_count=10321 10073 1244 1201 8829 4706
is_linear=0
shrinkage=0.05


Tree=92
num_leaves=7
num_cat=0
split_feature=7 10 17 14 17 2
split_gain=100.477 104.297 186.106 275.969 709.29 153.633
threshold=-0.99983123799342477 24.500000000000004 2.6460693424098705 19.500000000000004 2.5315553083891493 4.5000000000000009
decision_type=2 2 2 2 2 2
left_child=-1 -2 3 -3 -5 -4
right_child=1 2 5 4 -6 -7
leaf_value=-0.072172429459169504 -0.0014347948025218368 0.020698280531073896 0.047333992607495802 -0.00088986289772120396 -0.2192679651818859 -0.029487761230158966
leaf_weight=48 9142 389 453 165 48 76
leaf_count=48 9142 389 453 165 48 76
internal_value=-4.6629e-11 0.000337221 0.0146606 -0.00435226 -0.0501018 0.0362972
internal_weight=10321 10273 1131 602 213 529
internal_count=10321 10273 1131 602 213 529
is_linear=0
shrinkage=0.05


Tree=93
num_leaves=7
num_cat=0
split_feature=28 28 16 13 22 0
split_gain=98.1956 542.13 115.523 419.634 232.063 166.543
threshold=0.075000000000000025 0.080952380952380984 20.572916666666671 4.6045288947292375 28.050000000000004 11.500000000000002
decision_type=2 2 2 2 2 2
left_child=-1 -2 4 -4 5 -3
right_child=1 2 3 -5 -6 -7
leaf_value=0.025654009440279169 -0.16855726825694245 -0.0012049291284182805 -0.0021605296420936326 -0.15363553788350978 -0.079907039779770594 0.026178899615567838
leaf_weight=360 48 1105 7576 46 70 1116
leaf_count=360 48 1105 7576 46 70 1116
internal_value=-2.80484e-11 -0.00092716 -0.000115474 -0.00307471 0.00972969 0.0125548
internal_weight=10321 9961 9913 7622 2291 2221
internal_count=10321 9961 9913 7622 2291 2221
is_linear=0
shrinkage=0.05


Tree=94
num_leaves=7
num_cat=0
split_feature=6 6 12 11 13 12
split_gain=95.601 358.992 1217.14 163.925 276.61 141.478
threshold=0.83376496542330847 0.79383249484937135 22.562500000000004 22.500000000000004 6.4656474557095427 21.895833333333339
decision_type=2 2 2 2 2 2
left_child=1 5 -3 4 -2 -1
right_child=3 2 -4 -5 -6 -7
leaf_value=-0.0052518099254841855 0.0050677738522139941 -0.011504751292965082 -0.29003717300105603 0.032386175925820708 -0.11135969242116191 0.0086594624207095364
leaf_weight=5242 1362 237 47 574 53 2806
leaf_count=5242 1362 237 47 574 53 2806
internal_value=5.28579e-13 -0.00235117 -0.0575999 0.00984912 0.000706886 -0.000401533
internal_weight=10321 8332 284 1989 1415 8048
internal_count=10321 8332 284 1989 1415 8048
is_linear=0
shrinkage=0.05


Tree=95
num_leaves=7
num_cat=0
split_feature=20 14 32 22 6 2
split_gain=94.0191 161.816 356.929 715.726 355.867 238.481
threshold=0.062500000000000014 7.0000000000000009 6.0563656553989906 21.950000000000003 -0.048361574224334618 2.5000000000000004
decision_type=2 2 2 2 2 2
left_child=1 2 4 -4 -1 -6
right_child=-2 -3 3 -5 5 -7
leaf_value=-0.091652253728646493 0.040118601404699604 0.00060981659533326186 -0.23877035985114398 -0.001339719948878923 0.1300274846609682 -0.001114285976759025
leaf_weight=65 144 9834 54 77 56 91
leaf_count=65 144 9834 54 77 56 91
internal_value=-2.34933e-11 -0.00056766 -0.0343266 -0.0992119 0.00576765 0.0488445
internal_weight=10321 10177 343 131 212 147
internal_count=10321 10177 343 131 212 147
is_linear=0
shrinkage=0.05


Tree=96
num_leaves=7
num_cat=0
split_feature=12 12 25 2 6 25
split_gain=93.4222 145.873 1227.51 1376.23 155.472 219.492
threshold=22.770833333333339 22.562500000000004 -2.2000000000000015 2.5000000000000004 0.59177612190863982 6.950000000000002
decision_type=2 2 2 2 2 2
left_child=1 4 3 -3 5 -1
right_child=-2 2 -4 -5 -6 -7
leaf_value=-0.003156816082834071 0.015981653350546757 -0.38968896263175545 0.012730389479483066 -0.0048044333506065112 0.0096338707249358363 -0.071445442183176056
leaf_weight=6058 840 45 360 48 2850 120
leaf_count=6058 840 45 360 48 2850 120
internal_value=-4.0491e-11 -0.00141595 -0.029103 -0.191039 -2.66851e-05 -0.00448324
internal_weight=10321 9481 453 93 9028 6178
internal_count=10321 9481 453 93 9028 6178
is_linear=0
shrinkage=0.05


Tree=97
num_leaves=7
num_cat=0
split_feature=11 11 16 16 2 5
split_gain=92.1675 145.965 196.549 209.542 148.058 98.1341
threshold=15.500000000000002 18.500000000000004 19.547619047619051 18.244047619047624 4.5000000000000009 0.25881904510252057
decision_type=2 2 2 2 2 2
left_child=-1 2 3 -2 -4 -3
right_child=1 5 4 -5 -6 -7
leaf_value=0.030112836898807741 -0.014483833450520801 0.0064519581641379461 0.055532356447165282 -0.17347782433498651 -0.01622097346260697 -0.0041138581972223502
leaf_weight=248 43 4706 77 40 1084 4123
leaf_count=248 43 4706 77 40 1084 4123
internal_value=-2.66075e-11 -0.000741386 -0.0167761 -0.0911074 -0.0114621 0.00151789
internal_weight=10321 10073 1244 83 1161 8829
internal_count=10321 10073 1244 83 1161 8829
is_linear=0
shrinkage=0.05


Tree=98
num_leaves=7
num_cat=0
split_feature=7 9 25 12 18 16
split_gain=90.5547 95.0185 220.465 593.385 142.008 161.572
threshold=-0.99983123799342477 20.500000000000004 6.950000000000002 18.322916666666668 17.500000000000004 20.544642857142858
decision_type=2 2 2 2 2 2
left_child=-1 2 4 -4 5 -2
right_child=1 -3 3 -5 -6 -7
leaf_value=-0.068516100857717296 0.010522892735340688 0.0064875411456747261 0.020220933394092654 -0.20673534014107042 0.037692746743279576 -0.008302305930950828
leaf_weight=48 1523 3884 72 48 216 4530
leaf_count=48 1523 3884 72 48 216 4530
internal_value=8.83149e-11 0.000320138 -0.00342915 -0.0705616 -0.00214411 -0.00356568
internal_weight=10321 10273 6389 120 6269 6053
internal_count=10321 10273 6389 120 6269 6053
is_linear=0
shrinkage=0.05


Tree=99
num_leaves=7
num_cat=0
split_feature=15 6 6 7 10 13
split_gain=89.5742 105.24 182.314 939.703 138.252 200.653
threshold=42.500000000000007 0.85226249403558707 0.79383249484937135 0.5969655492110445 16.500000000000004 8.227364681578063
decision_type=2 2 2 2 2 2
left_child=1 2 -1 4 -4 -6
right_child=-2 -3 3 -5 5 -7
leaf_value=-0.00033849785514437339 -0.068868621692378479 0.011214291155607882 0.076634436256663746 -0.24476971677009096 -0.0015687786940435464 -0.10593901973598721
leaf_weight=8024 47 1822 43 47 283 55
leaf_count=8024 47 1822 43 47 283 55
internal_value=8.84081e-12 0.00031505 -0.0020345 -0.0338306 -0.00780926 -0.0185521
internal_weight=10321 10274 8452 428 381 338
internal_count=10321 10274 8452 428 381 338
is_linear=0
shrinkage=0.05


Tree=100
num_leaves=7
num_cat=0
split_feature=30 26 6 0 7 9
split_gain=89.0667 92.1754 349.344 232.773 189.282 168.385
threshold=31.345833333333335 7.9708333333333341 0.51297097409535064 10.500000000000002 -0.16799793862756093 22.500000000000004
decision_type=2 2 2 2 2 2
left_child=1 4 5 -4 -1 -3
right_child=-2 2 3 -5 -6 -7
leaf_value=0.018974413724229269 0.060741558093577619 -0.001948105208834939 -0.017207782504741444 -0.15798286705440473 -0.0013152176794060334 -0.06941523689310998
leaf_weight=1416 60 2524 55 63 6107 96
leaf_count=1416 60 2524 55 63 6107 96
internal_value=-3.44552e-15 -0.000355179 -0.00821046 -0.0923674 0.00250375 -0.00442018
internal_weight=10321 10261 2738 118 7523 2620
internal_count=10321 10261 2738 118 7523 2620
is_linear=0
shrinkage=0.05


Tree=101
num_leaves=7
num_cat=0
split_feature=28 28 8 16 13 22
split_gain=88.0023 440.125 94.4549 93.8058 354.523 204.711
threshold=0.075000000000000025 0.080952380952380984 1.0000000180025095e-35 20.572916666666671 4.6045288947292375 28.050000000000004
decision_type=2 2 2 2 2 2
left_child=2 -2 -1 5 -5 -3
right_child=1 3 -4 4 -6 -7
leaf_value=0.0094993486991842048 -0.15191653536943098 0.011378680398909019 0.068646031849914121 -0.0019727209146732337 -0.14120110480681711 -0.075463398866621512
leaf_weight=270 48 2221 90 7576 46 70
leaf_count=270 48 2221 90 7576 46 70
internal_value=8.9308e-12 -0.00087772 0.024286 -0.000146371 -0.00281299 0.00872528
internal_weight=10321 9961 360 9913 7622 2291
internal_count=10321 9961 360 9913 7622 2291
is_linear=0
shrinkage=0.05


Tree=102
num_leaves=7
num_cat=0
split_feature=20 9 14 7 10 13
split_gain=82.8895 138.533 136.349 148.982 310.754 336.773
threshold=0.062500000000000014 19.500000000000004 16.500000000000004 0.28313308994381586 6.5000000000000009 8.227364681578063
decision_type=2 2 2 2 2 2
left_child=2 -2 3 -1 -5 -6
right_child=1 -3 -4 4 5 -7
leaf_value=-0.047691510132158568 0.10702473112226774 0.0029915703329910079 0.001237571379078501 0.095134939485486014 -0.0046581221008673316 -0.1439823813425998
leaf_weight=304 48 96 9306 69 450 48
leaf_count=304 48 96 9306 69 450 48
internal_value=-3.93346e-11 0.0376693 -0.000533004 -0.0194503 -0.00430864 -0.018087
internal_weight=10321 144 10177 871 567 498
internal_count=10321 144 10177 871 567 498
is_linear=0
shrinkage=0.05


Tree=103
num_leaves=7
num_cat=0
split_feature=30 30 19 20 9 9
split_gain=83.6087 260.275 98.4539 85.8288 115.046 100.98
threshold=30.162500000000005 29.772916666666667 27.500000000000004 0.062500000000000014 19.500000000000004 20.500000000000004
decision_type=2 2 2 2 2 2
left_child=1 3 -2 5 -5 -1
right_child=2 -3 -4 4 -6 -7
leaf_value=-0.0046186791500600552 0.054182323207613084 -0.10453677243475493 -0.0098664406575262546 0.10167349424640026 0.0050487099798818581 0.0057755430094274494
leaf_weight=6083 150 60 100 48 86 3794
leaf_count=6083 150 60 100 48 86 3794
internal_value=-2.33162e-11 -0.000709036 0.0285628 -8.67544e-05 0.0396606 -0.000626001
internal_weight=10321 10071 250 10011 134 9877
internal_count=10321 10071 250 10011 134 9877
is_linear=0
shrinkage=0.05


Tree=104
num_leaves=7
num_cat=0
split_feature=11 11 25 8 32 7
split_gain=81.2459 128.344 173.686 128.504 98.3264 366.183
threshold=15.500000000000002 18.500000000000004 5.8500000000000005 1.0000000180025095e-35 1.7060860720621568e-15 -0.99761278905001471
decision_type=2 2 2 2 2 2
left_child=-1 2 3 -2 5 -3
right_child=1 4 -4 -5 -6 -7
leaf_value=0.028272455380401004 -0.015438755015984979 -0.098540975052265486 -0.10429643754548622 0.062148910514744263 -0.0037787326765468705 0.008773249224617868
leaf_weight=248 1135 81 53 56 4478 4270
leaf_count=248 1135 81 53 56 4478 4270
internal_value=7.21048e-12 -0.000696076 -0.0157318 -0.0117906 0.00142245 0.00677544
internal_weight=10321 10073 1244 1191 8829 4351
internal_count=10321 10073 1244 1191 8829 4351
is_linear=0
shrinkage=0.05


Tree=105
num_leaves=7
num_cat=0
split_feature=27 16 12 16 16 16
split_gain=79.4361 93.6978 96.9227 96.4341 1091.71 220.843
threshold=19.133333333333336 21.681547619047624 23.520833333333336 21.535714285714288 21.544642857142861 21.511904761904763
decision_type=2 2 2 2 2 2
left_child=1 2 3 5 -5 -1
right_child=-2 -3 -4 4 -6 -7
leaf_value=-0.0012230069601244376 -0.064172057916099826 0.014588967352226112 0.056489472346018178 -0.25245079100627377 -0.0018192589763000241 0.075042660778126449
leaf_weight=8451 48 1032 72 47 575 96
leaf_count=8451 48 1032 72 47 575 96
internal_value=6.05164e-12 0.00029984 -0.00129592 -0.00174968 -0.0207577 -0.00036639
internal_weight=10321 10273 9241 9169 622 8547
internal_count=10321 10273 9241 9169 622 8547
is_linear=0
shrinkage=0.05


Tree=106
num_leaves=7
num_cat=0
split_feature=28 28 16 18 32 22
split_gain=79.5074 394.102 82.7316 311.227 784.696 168.528
threshold=0.075000000000000025 0.080952380952380984 20.572916666666671 12.000000000000002 1.7060860720621568e-15 28.050000000000004
decision_type=2 2 2 2 2 2
left_child=-1 -2 5 4 -4 -3
right_child=1 2 3 -5 -6 -7
leaf_value=0.023084106878830224 -0.14375809264553635 0.010596818452159415 0.038608306140990041 -0.0013959790821954036 -0.22309425998203181 -0.068197508156299588
leaf_weight=360 48 2221 61 7507 54 70
leaf_count=360 48 2221 61 7507 54 70
internal_value=-9.08555e-12 -0.000834282 -0.000142226 -0.0026465 -0.0842781 0.00818931
internal_weight=10321 9961 9913 7622 115 2291
internal_count=10321 9961 9913 7622 115 2291
is_linear=0
shrinkage=0.05


Tree=107
num_leaves=7
num_cat=0
split_feature=17 19 7 32 7 20
split_gain=76.4115 143.243 326.436 876.66 150.817 136.23
threshold=2.0099922153360219 26.500000000000004 -0.99761278905001471 -7.7020234171758579 -0.99938741687870725 0.062500000000000014
decision_type=2 2 2 2 2 2
left_child=-1 2 3 -2 -3 -6
right_child=1 4 -4 -5 5 -7
leaf_value=0.016302154312342328 -0.2727546908316158 0.090693674151164805 -0.0080369659370594631 0.035718483813837465 0.00097242912147689617 0.060935093921822649
leaf_weight=672 42 48 2295 51 7117 96
leaf_count=672 42 48 2295 51 7117 96
internal_value=-3.3696e-12 -0.00113536 -0.0117583 -0.103592 0.00235833 0.00177049
internal_weight=10321 9649 2388 93 7261 7213
internal_count=10321 9649 2388 93 7261 7213
is_linear=0
shrinkage=0.05


Tree=108
num_leaves=7
num_cat=0
split_feature=30 11 16 2 0 13
split_gain=75.7207 73.8393 108.576 436.903 408.202 127.915
threshold=31.345833333333335 15.500000000000002 19.547619047619051 1.0000000180025095e-35 9.5000000000000018 7.6696297365726451
decision_type=2 2 2 2 2 2
left_child=1 -1 3 4 -3 -4
right_child=-2 2 5 -5 -6 -7
leaf_value=0.026623532035568311 0.056006146128444623 -0.0065244670521388661 -0.00026165077807862653 -0.0032039685516033027 -0.20636495806808985 0.052349043415429501
leaf_weight=248 60 47 9228 565 56 117
leaf_count=248 60 47 9228 565 56 117
internal_value=-4.09743e-11 -0.000327489 -0.000995007 -0.0204691 -0.115176 0.000397038
internal_weight=10321 10261 10013 668 103 9345
internal_count=10321 10261 10013 668 103 9345
is_linear=0
shrinkage=0.05


Tree=109
num_leaves=7
num_cat=0
split_feature=15 13 2 0 9 9
split_gain=72.3151 87.6529 140.466 212.116 189.38 161.65
threshold=42.500000000000007 2.3855668765022942 4.5000000000000009 10.500000000000002 18.500000000000004 18.500000000000004
decision_type=2 2 2 2 2 2
left_child=1 -1 3 4 -3 -5
right_child=-2 2 -4 5 -6 -7
leaf_value=-0.0017871195303871799 -0.061879169350450347 -0.098432917406782505 -0.029959809382102992 0.10970672182738782 0.0025546279332243757 0.026390693398300521
leaf_weight=8555 47 50 190 63 649 767
leaf_count=8555 47 50 190 63 649 767
internal_value=6.25339e-11 0.000283076 0.0105859 0.0156243 -0.00466909 0.0327147
internal_weight=10321 10274 1719 1529 699 830
internal_count=10321 10274 1719 1529 699 830
is_linear=0
shrinkage=0.05


Tree=110
num_leaves=7
num_cat=0
split_feature=30 30 19 17 19 7
split_gain=70.2884 212.76 86.9751 70.8159 94.4443 138.939
threshold=30.162500000000005 29.772916666666667 27.500000000000004 2.0099922153360219 26.500000000000004 -0.99864786094873803
decision_type=2 2 2 2 2 2
left_child=1 3 -2 -1 -5 -6
right_child=2 -3 -4 4 5 -7
leaf_value=0.015589485173378699 0.050268641027466712 -0.094523242451250558 -0.0099307153504341848 -0.010042381462312573 0.070750266106592283 0.0009358054185929376
leaf_weight=672 150 60 100 2288 72 6979
leaf_count=672 150 60 100 2288 72 6979
internal_value=4.83263e-11 -0.000650107 0.0261889 -8.74867e-05 -0.00121554 0.0016487
internal_weight=10321 10071 250 10011 9339 7051
internal_count=10321 10071 250 10011 9339 7051
is_linear=0
shrinkage=0.05


Tree=111
num_leaves=7
num_cat=0
split_feature=27 7 30 31 31 26
split_gain=69.8656 87.4421 320.057 107.833 252.588 686.2
threshold=19.133333333333336 0.98005052076767474 20.427083333333336 1.5645833333333332 0.61041666666666683 0.8041666666666667
decision_type=2 2 2 2 2 2
left_child=1 3 -3 4 -1 -6
right_child=-2 2 -4 -5 5 -7
leaf_value=-0.0018942939583684718 -0.060182312782853846 0.027792545865688151 -0.11840493036434055 0.0093195992304497943 -0.22263613789497563 -0.013808861934930222
leaf_weight=7344 48 584 40 2039 48 218
leaf_count=7344 48 584 40 2039 48 218
internal_value=3.61077e-12 0.000281198 0.0184209 -0.000891895 -0.00362793 -0.051492
internal_weight=10321 10273 624 9649 7610 266
internal_count=10321 10273 624 9649 7610 266
is_linear=0
shrinkage=0.05


Tree=112
num_leaves=7
num_cat=0
split_feature=7 10 27 30 25 25
split_gain=69.4503 73.407 100.752 149.809 175.203 144.844
threshold=-0.99983123799342477 20.500000000000004 7.0333333333333341 7.897916666666668 -0.54999999999999882 -1.1500000000000001
decision_type=2 2 2 2 2 2
left_child=-1 -2 5 -4 -5 -3
right_child=1 2 3 4 -6 -7
leaf_value=-0.060003150844325628 -0.003948285976793248 -0.013574240725161155 0.009884769588846435 0.14851274355017441 0.02870491920788398 0.0071232349278519212
leaf_weight=48 5134 1117 413 47 87 3475
leaf_count=48 5134 1117 413 47 87 3475
internal_value=-1.96653e-11 0.000280361 0.00450489 0.0247895 0.0707271 0.00208859
internal_weight=10321 10273 5139 547 134 4592
internal_count=10321 10273 5139 547 134 4592
is_linear=0
shrinkage=0.05


Tree=113
num_leaves=7
num_cat=0
split_feature=4 7 32 2 13 28
split_gain=68.1901 108.709 121.58 243.074 245.906 209.011
threshold=0.91597561503675362 -0.99983123799342477 1.7060860720621568e-15 4.5000000000000009 2.9658756142218512 0.1791666666666667
decision_type=2 2 2 2 2 2
left_child=1 -1 3 4 5 -3
right_child=-2 2 -4 -5 -6 -7
leaf_value=-0.081790409166188474 0.010748567227293115 -0.047993059495707889 -0.0080016147438373465 -0.013159458907637041 0.049161088766811675 0.0092355769860711714
leaf_weight=42 1291 168 3771 1506 373 3170
leaf_count=42 1291 168 3771 1506 373 3170
internal_value=-4.63803e-12 -0.0015367 -0.00116168 0.00378242 0.0106578 0.00635529
internal_weight=10321 9030 8988 5217 3711 3338
internal_count=10321 9030 8988 5217 3711 3338
is_linear=0
shrinkage=0.05


Tree=114
num_leaves=7
num_cat=0
split_feature=15 6 6 7 10 13
split_gain=70.3863 85.8908 162.591 779.133 106.804 161.626
threshold=42.500000000000007 0.85226249403558707 0.79383249484937135 0.5969655492110445 16.500000000000004 8.227364681578063
decision_type=2 2 2 2 2 2
left_child=1 2 -1 4 -4 -6
right_child=-2 -3 3 -5 5 -7
leaf_value=-0.00024168404172090951 -0.06104834550580486 0.010125713514293604 0.066044420281121896 -0.22394380490196514 -0.0023760269277534937 -0.096048005561936989
leaf_weight=8024 47 1822 43 47 283 55
leaf_count=8024 47 1822 43 47 283 55
internal_value=3.3789e-11 0.000279275 -0.00184332 -0.0318703 -0.00817624 -0.0176185
internal_weight=10321 10274 8452 428 381 338
internal_count=10321 10274 8452 428 381 338
is_linear=0
shrinkage=0.05


Tree=115
num_leaves=7
num_cat=0
split_feature=28 28 16 13 25 12
split_gain=68.7111 336.202 76.8355 270.719 130.732 264.675
threshold=0.075000000000000025 0.080952380952380984 20.572916666666671 4.6045288947292375 -2.4500000000000015 22.562500000000004
decision_type=2 2 2 2 2 2
left_child=-1 -2 -3 4 5 -4
right_child=1 2 3 -5 -6 -7
leaf_value=0.021459651349772079 -0.13278372866722446 0.007892792760320325 -0.0069044899956825561 -0.1234802731677242 0.0011293034755800746 -0.071046839919552282
leaf_weight=360 48 2291 1079 46 6308 189
leaf_count=360 48 2291 1079 46 6308 189
internal_value=3.09001e-12 -0.000775572 -0.000136372 -0.00254976 -0.00181549 -0.0164651
internal_weight=10321 9961 9913 7622 7576 1268
internal_count=10321 9961 9913 7622 7576 1268
is_linear=0
shrinkage=0.05


Tree=116
num_leaves=7
num_cat=0
split_feature=11 16 16 7 8 12
split_gain=65.4998 105.328 373.152 142.045 193.265 109.468
threshold=15.500000000000002 19.547619047619051 19.380952380952383 -0.99761278905001471 1.0000000180025095e-35 17.958333333333339
decision_type=2 2 2 2 2 2
left_child=-1 2 3 -2 -5 -3
right_child=1 5 -4 4 -6 -7
leaf_value=0.025385324189987696 -0.093951915941611133 0.040980749460588023 -0.15411702062556287 -0.022246647761841567 0.0402876530877418 1.4551614376930449e-05
leaf_weight=248 46 166 48 394 180 9239
leaf_count=248 46 166 48 394 180 9239
internal_value=3.76989e-11 -0.000624994 -0.0198096 -0.0094116 -0.00263659 0.000737613
internal_weight=10321 10073 668 620 574 9405
internal_count=10321 10073 668 620 574 9405
is_linear=0
shrinkage=0.05


Tree=117
num_leaves=7
num_cat=0
split_feature=28 28 8 14 23 16
split_gain=65.6137 284.967 74.3509 77.595 71.4824 101.022
threshold=0.075000000000000025 0.080952380952380984 1.0000000180025095e-35 19.500000000000004 7.5791666666666675 21.586309523809529
decision_type=2 2 2 2 2 2
left_child=2 -2 -1 -4 5 -3
right_child=1 4 3 -5 -6 -7
leaf_value=0.0078513766258644559 -0.12229198184019577 0.0058875143469776965 0.11223379928851501 0.018802359733730557 0.00042730204084984722 -0.066649278151938537
leaf_weight=270 48 96 40 50 9721 96
leaf_count=270 48 96 40 50 9721 96
internal_value=3.22359e-11 -0.00075789 0.0209704 0.0603274 -0.000169406 -0.0303809
internal_weight=10321 9961 360 90 9913 192
internal_count=10321 9961 360 90 9913 192
is_linear=0
shrinkage=0.05


Tree=118
num_leaves=7
num_cat=0
split_feature=16 30 23 12 16 16
split_gain=64.6883 115.109 169.375 88.9737 87.4342 917.386
threshold=21.708333333333339 7.897916666666668 10.252083333333337 23.520833333333336 21.535714285714288 21.544642857142861
decision_type=2 2 2 2 2 2
left_child=3 -2 -3 4 -1 -6
right_child=1 2 -4 -5 5 -7
leaf_value=-0.0003477971014773588 0.0020703194199212737 0.12339610552787782 0.02099911907155599 0.054064492316037008 -0.23209098903660444 -0.003307517665226755
leaf_weight=8547 748 50 210 72 47 647
leaf_count=8547 748 50 210 72 47 647
internal_value=4.00957e-11 0.012032 0.0406908 -0.00130229 -0.00173367 -0.0188015
internal_weight=10321 1008 260 9313 9241 694
internal_count=10321 1008 260 9313 9241 694
is_linear=0
shrinkage=0.05


Tree=119
num_leaves=7
num_cat=0
split_feature=9 19 7 20 32 13
split_gain=63.3496 193.326 173.424 159.389 150.59 274.951
threshold=19.500000000000004 25.500000000000004 0.80798785254895478 0.062500000000000014 -2.0112396629841744 3.6884413397059879
decision_type=2 2 2 2 2 2
left_child=1 2 -1 4 -3 -6
right_child=-2 3 -4 -5 5 -7
leaf_value=-0.028726415764313284 0.0018912419560275192 0.011267226415165794 -0.13678272092171637 0.08722816430357247 -0.011744198857046579 -0.12509915687535939
leaf_weight=164 8370 764 48 48 870 57
leaf_count=164 8370 764 48 48 870 57
internal_value=2.93182e-11 -0.00811363 -0.053192 -0.00261817 -0.00516851 -0.0187142
internal_weight=10321 1951 212 1739 1691 927
internal_count=10321 1951 212 1739 1691 927
is_linear=0
shrinkage=0.05


Tree=120
num_leaves=7
num_cat=0
split_feature=4 7 32 2 13 6
split_gain=64.5172 98.3897 106.455 216.68 213.149 182.355
threshold=0.91597561503675362 -0.99983123799342477 1.7060860720621568e-15 4.5000000000000009 2.9658756142218512 0.99907018497641664
decision_type=2 2 2 2 2 2
left_child=1 -1 3 4 -3 -4
right_child=-2 2 5 -5 -6 -7
leaf_value=-0.077844537705892614 0.010455082037107764 0.0059740715630214247 -0.0063436458394128675 -0.012507272362383318 0.045826921691049405 -0.10873213015623728
leaf_weight=42 1291 3338 3727 1506 373 44
leaf_count=42 1291 3338 3727 1506 373 44
internal_value=-9.24067e-11 -0.00149474 -0.00113797 0.00348839 0.00997976 -0.00753831
internal_weight=10321 9030 8988 5217 3711 3771
internal_count=10321 9030 8988 5217 3711 3771
is_linear=0
shrinkage=0.05


Tree=121
num_leaves=7
num_cat=0
split_feature=28 28 16 13 22 0
split_gain=59.6423 264.001 67.4709 239.417 122.248 133.66
threshold=0.075000000000000025 0.080952380952380984 20.572916666666671 4.6045288947292375 28.050000000000004 5.5000000000000009
decision_type=2 2 2 2 2 2
left_child=-1 -2 4 -4 5 -3
right_child=1 2 3 -5 -6 -7
leaf_value=0.019993390438758071 -0.1177002301439643 -0.011935725640133701 -0.0017271832353436226 -0.116142212441596 -0.057690548288768954 0.016463829736313926
leaf_weight=360 48 551 7576 46 70 1670
leaf_count=360 48 551 7576 46 70 1670
internal_value=-5.01231e-14 -0.00072258 -0.00015616 -0.0024177 0.00736782 0.00941828
internal_weight=10321 9961 9913 7622 2291 2221
internal_count=10321 9961 9913 7622 2291 2221
is_linear=0
shrinkage=0.05


Tree=122
num_leaves=7
num_cat=0
split_feature=17 19 7 32 7 2
split_gain=59.6912 101.771 242.172 785.411 142.384 108.291
threshold=2.0099922153360219 26.500000000000004 -0.99761278905001471 -7.7020234171758579 -0.99938741687870725 1.5000000000000002
decision_type=2 2 2 2 2 2
left_child=-1 2 3 -2 -3 -4
right_child=1 4 5 -5 -6 -7
leaf_value=0.01440856134303474 -0.24917248949585927 0.087771588100198042 0.011585568557352753 0.042805673678716023 0.0013701770280813018 -0.013185120733758916
leaf_weight=672 42 48 596 51 7213 1699
leaf_count=672 42 48 596 51 7213 1699
internal_value=-1.09298e-11 -0.00100348 -0.00995757 -0.0890554 0.00194135 -0.0067523
internal_weight=10321 9649 2388 93 7261 2295
internal_count=10321 9649 2388 93 7261 2295
is_linear=0
shrinkage=0.05


Tree=123
num_leaves=7
num_cat=0
split_feature=30 26 6 0 7 9
split_gain=58.9283 63.0114 321.326 214.752 145.4 131.738
threshold=31.345833333333335 7.9708333333333341 0.51297097409535064 10.500000000000002 -0.16799793862756093 22.500000000000004
decision_type=2 2 2 2 2 2
left_child=1 4 5 -4 -1 -3
right_child=-2 2 3 -5 -6 -7
leaf_value=0.016510627918937978 0.049407189932341382 -0.00096198513435746694 -0.015303632116410882 -0.15051966711836276 -0.001272276637895987 -0.060637474161436937
leaf_weight=1416 60 2524 55 63 6107 96
leaf_count=1416 60 2524 55 63 6107 96
internal_value=2.98469e-11 -0.000288903 -0.00678367 -0.0874952 0.00207487 -0.00314857
internal_weight=10321 10261 2738 118 7523 2620
internal_count=10321 10261 2738 118 7523 2620
is_linear=0
shrinkage=0.05


Tree=124
num_leaves=7
num_cat=0
split_feature=11 17 17 12 14 32
split_gain=58.7581 91.4289 421.527 132.848 134.716 616.534
threshold=15.500000000000002 6.1184787000691356 6.1225380858369283 17.166666666666671 12.000000000000002 2.8975653537326022e-15
decision_type=2 2 2 2 2 2
left_child=-1 3 -3 -2 5 -5
right_child=1 2 -4 4 -6 -7
leaf_value=0.024043427899314632 0.068934378088255172 -0.16211013982983979 -0.0077389224401281723 0.055001182810348631 0.00088132804272006079 -0.20721167845651511
leaf_weight=248 71 47 748 51 9116 40
leaf_count=248 71 47 748 51 9116 40
internal_value=2.76921e-12 -0.000591956 -0.0168653 0.000802449 0.000277048 -0.0602572
internal_weight=10321 10073 795 9278 9207 91
internal_count=10321 10073 795 9278 9207 91
is_linear=0
shrinkage=0.05


Tree=125
num_leaves=7
num_cat=0
split_feature=4 6 6 12 0 2
split_gain=58.3414 88.5153 324.439 1042.66 153.152 138.267
threshold=0.91597561503675362 0.82899317702918729 0.79383249484937135 22.562500000000004 8.5000000000000018 4.5000000000000009
decision_type=2 2 2 2 2 2
left_child=1 2 -1 -4 -3 -6
right_child=-2 4 3 -5 5 -7
leaf_value=-0.002056459648518554 0.009942106160512526 -0.014702610245568995 -0.0099498263755422867 -0.29134968223686264 0.028450742433081294 -0.0076917587540422886
leaf_weight=7042 1291 506 167 41 899 375
leaf_count=7042 1291 506 167 41 899 375
internal_value=-6.17921e-11 -0.0014214 -0.00387428 -0.0654181 0.00856926 0.0178123
internal_weight=10321 9030 7250 208 1780 1274
internal_count=10321 9030 7250 208 1780 1274
is_linear=0
shrinkage=0.05


Tree=126
num_leaves=7
num_cat=0
split_feature=16 30 23 12 26 16
split_gain=58.3856 92.6171 156.054 74.3896 68.002 470.965
threshold=21.735119047619051 7.897916666666668 10.252083333333337 23.520833333333336 1.2104166666666669 21.535714285714288
decision_type=2 2 2 2 2 2
left_child=3 -2 -3 4 5 -1
right_child=1 2 -4 -5 -6 -7
leaf_value=-0.001942620363766709 0.0025569053121952973 0.1173363131582737 0.018058558485354297 0.049457306445351103 0.00099086654260625417 -0.079570896939209143
leaf_weight=2246 672 50 190 72 6877 214
leaf_count=2246 672 50 190 72 6877 214
internal_value=1.3127e-11 0.0120791 0.0387414 -0.00117081 -0.00156122 -0.00869565
internal_weight=10321 912 240 9409 9337 2460
internal_count=10321 912 240 9409 9337 2460
is_linear=0
shrinkage=0.05


Tree=127
num_leaves=7
num_cat=0
split_feature=9 19 7 20 32 13
split_gain=55.8512 165.251 159.658 126.195 134.241 243.832
threshold=19.500000000000004 25.500000000000004 0.80798785254895478 0.062500000000000014 -2.0112396629841744 3.6884413397059879
decision_type=2 2 2 2 2 2
left_child=1 2 -1 4 -3 -6
right_child=-2 3 -4 -5 5 -7
leaf_value=-0.025820726763865931 0.0017757886176490896 0.010711114276496143 -0.1294998277599613 0.077407579861270892 -0.011032365186182761 -0.11777995249681306
leaf_weight=164 8370 764 48 48 870 57
leaf_count=164 8370 764 48 48 870 57
internal_value=-5.40089e-12 -0.00761832 -0.0492952 -0.00253753 -0.00480681 -0.0175961
internal_weight=10321 1951 212 1739 1691 927
internal_count=10321 1951 212 1739 1691 927
is_linear=0
shrinkage=0.05


Tree=128
num_leaves=7
num_cat=0
split_feature=4 7 32 2 13 25
split_gain=54.4026 83.8282 88.769 186.762 177.343 178.058
threshold=0.91597561503675362 -0.99983123799342477 1.7060860720621568e-15 4.5000000000000009 2.9658756142218512 1.7000000000000017
decision_type=2 2 2 2 2 2
left_child=1 -1 3 4 -3 -6
right_child=-2 2 -4 -5 5 -7
leaf_value=-0.07184644714884815 0.0096006269757884788 0.0055541376353272472 -0.0068878155540037372 -0.011669001620214009 0.019275870647012004 0.094641934148967266
leaf_weight=42 1291 3338 3771 1506 261 112
leaf_count=42 1291 3338 3771 1506 261 112
internal_value=4.02846e-12 -0.00137258 -0.00104326 0.00318135 0.00920793 0.0419059
internal_weight=10321 9030 8988 5217 3711 373
internal_count=10321 9030 8988 5217 3711 373
is_linear=0
shrinkage=0.05


Tree=129
num_leaves=7
num_cat=0
split_feature=15 16 25 12 12 28
split_gain=54.9593 67.0924 129.472 340.115 1550.74 116.354
threshold=42.500000000000007 21.032738095238098 -2.4500000000000015 22.562500000000004 22.729166666666668 0.080952380952380984
decision_type=2 2 2 2 2 2
left_child=1 5 3 -3 -5 -1
right_child=-2 2 -4 4 -6 -7
leaf_value=-0.05776341752692437 -0.0539449004644647 0.0036340731330710696 0.0091871051338511863 -0.32739888834456604 0.016779944802401588 -0.0022723427701308299
leaf_weight=96 47 624 3479 45 120 5910
leaf_count=96 47 624 3479 45 120 5910
internal_value=-3.676e-11 0.000246779 0.00503989 -0.0132468 -0.077087 -0.00315931
internal_weight=10321 10274 4268 789 165 6006
internal_count=10321 10274 4268 789 165 6006
is_linear=0
shrinkage=0.05


Tree=130
num_leaves=7
num_cat=0
split_feature=30 30 15 15 9 25
split_gain=54.5394 169.497 74.5271 58.1634 56.4628 143.967
threshold=30.162500000000005 29.772916666666667 20.500000000000004 26.500000000000004 20.500000000000004 2.7999999999999989
decision_type=2 2 2 2 2 2
left_child=1 4 -2 -4 -1 -6
right_child=2 -3 3 -5 5 -7
leaf_value=-0.0030338452919265084 0.085620472365990297 -0.084359854871096707 -0.0074521911962490001 0.048368011361786298 3.9625320142121005e-05 0.024842223099969692
leaf_weight=6169 40 60 140 70 3122 720
leaf_count=6169 40 60 140 70 3122 720
internal_value=8.7762e-11 -0.000572661 0.0230691 0.0111545 -7.04905e-05 0.00468769
internal_weight=10321 10071 250 210 10011 3842
internal_count=10321 10071 250 210 10011 3842
is_linear=0
shrinkage=0.05


Tree=131
num_leaves=7
num_cat=0
split_feature=11 16 2 0 7 13
split_gain=54.2711 82.8587 303.452 355.037 115.107 96.3106
threshold=15.500000000000002 19.547619047619051 1.0000000180025095e-35 9.5000000000000018 -0.99628250747696534 7.6696297365726451
decision_type=2 2 2 2 2 2
left_child=-1 2 3 -2 -4 -3
right_child=1 5 4 -5 -6 -7
leaf_value=0.023107182098535687 0.004816079880804458 7.1772023006584203e-05 0.073521097534232679 -0.18155682547284024 -0.0098349362806318553 0.045720891320170501
leaf_weight=248 47 9288 45 56 520 117
leaf_count=248 47 9288 45 56 520 117
internal_value=4.4194e-12 -0.000568905 -0.0175846 -0.0965129 -0.00319596 0.000639656
internal_weight=10321 10073 668 103 565 9405
internal_count=10321 10073 668 103 565 9405
is_linear=0
shrinkage=0.05


Tree=132
num_leaves=7
num_cat=0
split_feature=28 28 16 18 32 22
split_gain=52.7127 213.568 65.0825 209.764 619.919 97.4131
threshold=0.075000000000000025 0.080952380952380984 20.572916666666671 12.000000000000002 1.7060860720621568e-15 28.050000000000004
decision_type=2 2 2 2 2 2
left_child=-1 -2 5 4 -4 -3
right_child=1 2 3 -5 -6 -7
leaf_value=0.018796069949894446 -0.10589201535719138 0.0090501340635633278 0.039816489632500979 -0.0013643663475604963 -0.19279141968668059 -0.050855523353509069
leaf_weight=360 48 2221 61 7507 54 70
leaf_count=360 48 2221 61 7507 54 70
internal_value=5.79993e-11 -0.000679308 -0.000169855 -0.002391 -0.0694081 0.00721976
internal_weight=10321 9961 9913 7622 115 2291
internal_count=10321 9961 9913 7622 115 2291
is_linear=0
shrinkage=0.05


Tree=133
num_leaves=7
num_cat=0
split_feature=17 19 7 32 7 2
split_gain=52.1076 83.5671 198.656 705.14 131.228 95.448
threshold=2.0099922153360219 26.500000000000004 -0.99761278905001471 -7.7020234171758579 -0.99938741687870725 1.5000000000000002
decision_type=2 2 2 2 2 2
left_child=-1 2 3 -2 -3 -4
right_child=1 4 5 -5 -6 -7
leaf_value=0.013462206765862426 -0.23240538778759184 0.08412987578485627 0.011067753821676254 0.044250124576045019 0.001182583429652427 -0.012187711997895014
leaf_weight=672 42 48 596 51 7213 1699
leaf_count=672 42 48 596 51 7213 1699
internal_value=-7.55639e-12 -0.000937569 -0.00905143 -0.0806911 0.00173092 -0.00614838
internal_weight=10321 9649 2388 93 7261 2295
internal_count=10321 9649 2388 93 7261 2295
is_linear=0
shrinkage=0.05


Tree=134
num_leaves=7
num_cat=0
split_feature=17 30 30 19 10 12
split_gain=49.0586 50.3473 139.642 70.5661 53.0889 215.224
threshold=1.2205612543584756 30.162500000000005 29.772916666666667 27.500000000000004 6.5000000000000009 12.166666666666668
decision_type=2 2 2 2 2 2
left_child=-1 2 4 -3 -2 -6
right_child=1 3 -4 -5 5 -7
leaf_value=0.02897980898916204 0.024185545768636879 0.043440482042962691 -0.077015693912204974 -0.01078364283591509 -0.11398937956296973 -0.00055699400790178665
leaf_weight=144 213 150 60 100 42 9612
leaf_count=144 213 150 60 100 42 9612
internal_value=-2.07652e-11 -0.000410051 -0.000968148 0.0217508 -0.000505712 -0.00105048
internal_weight=10321 10177 9927 250 9867 9654
internal_count=10321 10177 9927 250 9867 9654
is_linear=0
shrinkage=0.05


Tree=135
num_leaves=7
num_cat=0
split_feature=4 6 6 2 11 22
split_gain=48.8917 75.3708 273.265 887.703 140.542 110.789
threshold=0.91597561503675362 0.82899317702918729 0.79383249484937135 2.5000000000000004 24.500000000000004 9.7000000000000011
decision_type=2 2 2 2 2 2
left_child=1 2 5 -4 -3 -1
right_child=-2 4 3 -5 -6 -7
leaf_value=0.014455804042621277 0.0091013852220368958 0.0017835498818669028 -0.27173487052321432 -0.00964459570372821 0.040096065793839987 -0.0043016091259109671
leaf_weight=903 1291 1495 40 168 285 6139
leaf_count=903 1291 1495 40 168 285 6139
internal_value=-1.22421e-11 -0.00130121 -0.00356464 -0.0600466 0.00791786 -0.00189633
internal_weight=10321 9030 7250 208 1780 7042
internal_count=10321 9030 7250 208 1780 7042
is_linear=0
shrinkage=0.05


Tree=136
num_leaves=7
num_cat=0
split_feature=15 4 6 6 12 30
split_gain=48.886 58.9598 76.2839 245.856 844.659 98.8338
threshold=42.500000000000007 0.91597561503675362 0.82899317702918729 0.79383249484937135 22.562500000000004 11.27916666666667
decision_type=2 2 2 2 2 2
left_child=1 2 3 -1 -5 -4
right_child=-2 -3 5 4 -6 -7
leaf_value=-0.001884991498054094 -0.050877086495227646 0.010250779336802155 -5.4050308300972404e-05 -0.0071198686463814125 -0.26039473959131215 0.025277809044248006
leaf_weight=7021 47 1285 1191 167 41 569
leaf_count=7021 47 1285 1191 167 41 569
internal_value=1.12856e-11 0.000232745 -0.00119936 -0.00347209 -0.0570442 0.00813562
internal_weight=10321 10274 8989 7229 208 1760
internal_count=10321 10274 8989 7229 208 1760
is_linear=0
shrinkage=0.05


Tree=137
num_leaves=7
num_cat=0
split_feature=11 11 25 8 4 9
split_gain=48.2146 75.2861 119.496 96.9993 76.8455 73.2709
threshold=15.500000000000002 18.500000000000004 5.8500000000000005 1.0000000180025095e-35 -0.98296291314453399 21.500000000000004
decision_type=2 2 2 2 2 2
left_child=-1 2 3 -2 5 -3
right_child=1 4 -4 -5 -6 -7
leaf_value=0.021779696287346946 -0.011952503366472245 0.036474491886355466 -0.085512733979607528 0.055456561741552182 0.00017443126416003679 -0.023948722177996273
leaf_weight=248 1135 263 53 56 8504 62
leaf_count=248 1135 263 53 56 8504 62
internal_value=-2.28501e-12 -0.000536222 -0.012052 -0.00878298 0.00108634 0.0249476
internal_weight=10321 10073 1244 1191 8829 325
internal_count=10321 10073 1244 1191 8829 325
is_linear=0
shrinkage=0.05


Tree=138
num_leaves=7
num_cat=0
split_feature=27 22 10 17 26 27
split_gain=48.1096 66.3716 195.262 123.895 99.3632 203.104
threshold=19.133333333333336 9.7000000000000011 22.500000000000004 3.2666740546717201 1.2583333333333335 1.3187500000000001
decision_type=2 2 2 2 2 2
left_child=1 2 -1 -4 5 -3
right_child=-2 4 3 -5 -6 -7
leaf_value=4.9922604188655636e-05 -0.049940541324516141 -0.054546069884184013 0.078744765848999754 0.0092597482866515323 0.0015505329576047779 -0.0051734887434069484
leaf_weight=840 48 237 152 111 7213 1720
leaf_count=840 48 237 152 111 7213 1720
internal_value=4.79411e-11 0.000233344 0.0118214 0.0494184 -0.0011605 -0.0111527
internal_weight=10321 10273 1103 263 9170 1957
internal_count=10321 10273 1103 263 9170 1957
is_linear=0
shrinkage=0.05


Tree=139
num_leaves=7
num_cat=0
split_feature=16 30 23 28 28 16
split_gain=45.5219 79.8908 131.632 67.7941 339.056 72.7253
threshold=21.735119047619051 7.897916666666668 10.479166666666668 0.075000000000000025 0.10803571428571429 20.572916666666671
decision_type=2 2 2 2 2 2
left_child=3 -2 -3 -1 -5 -6
right_child=1 2 -4 4 5 -7
leaf_value=0.033009801355526884 0.001821939928673341 0.099565234122176965 0.014049745331414874 -0.13410602882504463 0.0069038260929190146 -0.0034092816442213569
leaf_weight=144 672 60 180 48 2267 6950
leaf_count=144 672 60 180 48 2267 6950
internal_value=1.70484e-11 0.0106658 0.0354286 -0.00103382 -0.00156294 -0.000872685
internal_weight=10321 912 240 9409 9265 9217
internal_count=10321 912 240 9409 9265 9217
is_linear=0
shrinkage=0.05


Tree=140
num_leaves=7
num_cat=0
split_feature=30 32 2 25 7 0
split_gain=45.1721 51.5219 154.632 159.202 76.7402 77.7375
threshold=31.345833333333335 -24.560676478870992 3.5000000000000004 0.84999999999999976 -0.99864786094873803 12.500000000000002
decision_type=2 2 2 2 2 2
left_child=1 2 -1 -4 5 -3
right_child=-2 4 3 -5 -6 -7
leaf_value=0.0080883729908311254 0.043257698944459362 0.070681476122454595 -0.027012463971558542 -0.1361848015769771 7.4549919388618331e-05 -0.015433278428390623
leaf_weight=294 60 76 180 41 9630 40
leaf_count=294 60 76 180 41 9630 40
internal_value=-1.13181e-12 -0.000252944 -0.0156657 -0.0472662 0.0005615 0.0409867
internal_weight=10321 10261 515 221 9746 116
internal_count=10321 10261 515 221 9746 116
is_linear=0
shrinkage=0.05


Tree=141
num_leaves=7
num_cat=0
split_feature=9 19 2 0 20 0
split_gain=44.8856 143.263 146.517 134.566 107.755 127.172
threshold=19.500000000000004 25.500000000000004 1.0000000180025095e-35 9.5000000000000018 0.062500000000000014 13.500000000000002
decision_type=2 2 2 2 2 2
left_child=1 2 -1 -4 5 -3
right_child=-2 4 3 -5 -6 -7
leaf_value=0.033327799905901366 0.0015919460457556366 -0.015860959467697399 -0.013472739248262609 -0.10501543386098074 0.071774722158443188 0.01192169871373089
leaf_weight=46 8370 981 68 98 48 710
leaf_count=46 8370 981 68 98 48 710
internal_value=-7.37029e-12 -0.00682962 -0.0456348 -0.067516 -0.00209891 -0.00419586
internal_weight=10321 1951 212 166 1739 1691
internal_count=10321 1951 212 166 1739 1691
is_linear=0
shrinkage=0.05


Tree=142
num_leaves=7
num_cat=0
split_feature=17 19 7 32 7 25
split_gain=43.5696 45.5424 195.413 620.742 113.543 74.4766
threshold=1.2205612543584756 26.500000000000004 -0.99761278905001471 -7.7020234171758579 -0.99938741687870725 -8.0499999999999989
decision_type=2 2 2 2 2 2
left_child=-1 2 3 -2 -3 -4
right_child=1 4 5 -5 -6 -7
leaf_value=0.027310497973748071 -0.21942891716247515 0.078322316656704069 -0.065095083613414317 0.040142724969807794 0.0011704692791659908 -0.002253082576933494
leaf_weight=144 42 48 48 51 7333 2655
leaf_count=144 42 48 48 51 7333 2655
internal_value=3.19058e-11 -0.000386431 -0.0058209 -0.0770832 0.0016722 -0.00336903
internal_weight=10321 10177 2796 93 7381 2703
internal_count=10321 10177 2796 93 7381 2703
is_linear=0
shrinkage=0.05


Tree=143
num_leaves=7
num_cat=0
split_feature=27 7 30 30 30 6
split_gain=43.3371 59.9809 283.745 72.5225 76.0037 88.734
threshold=19.133333333333336 0.98005052076767474 20.427083333333336 12.852083333333335 3.7229166666666673 0.048362692321690152
decision_type=2 2 2 2 2 2
left_child=1 -1 3 4 5 -3
right_child=-2 2 -4 -5 -6 -7
leaf_value=-0.00075011266035483911 -0.04739875903663536 0.044016407476376994 -0.11358513224869966 -0.017211085914685908 0.097662511169910426 -0.0010084228612907717
leaf_weight=9649 48 270 40 90 40 184
leaf_count=9649 48 270 40 90 40 184
internal_value=1.38696e-11 0.000221468 0.0152452 0.0240691 0.0315898 0.0257685
internal_weight=10321 10273 624 584 494 454
internal_count=10321 10273 624 584 494 454
is_linear=0
shrinkage=0.05


Tree=144
num_leaves=7
num_cat=0
split_feature=15 6 6 7 10 13
split_gain=42.8581 53.0168 96.8227 484.07 93.8736 129.535
threshold=42.500000000000007 0.85226249403558707 0.79383249484937135 0.5969655492110445 16.500000000000004 8.227364681578063
decision_type=2 2 2 2 2 2
left_child=1 2 -1 4 -4 -6
right_child=-2 -3 3 -5 5 -7
leaf_value=-0.00021374990104855755 -0.04763720970838628 0.0079538520160144874 0.063638113774792407 -0.17601759206860307 -0.0011515833733623103 -0.08501008556647735
leaf_weight=8024 47 1822 43 47 283 55
leaf_count=8024 47 1822 43 47 283 55
internal_value=-4.11642e-11 0.000217924 -0.00144971 -0.0246211 -0.00594492 -0.0147972
internal_weight=10321 10274 8452 428 381 338
internal_count=10321 10274 8452 428 381 338
is_linear=0
shrinkage=0.05


Tree=145
num_leaves=7
num_cat=0
split_feature=11 16 25 12 5 25
split_gain=42.6071 70.2912 254.186 100.227 87.1397 129.885
threshold=15.500000000000002 19.547619047619051 5.5500000000000016 14.770833333333336 0.25881904510252057 -1.0000000180025095e-35
decision_type=2 2 2 2 2 2
left_child=-1 2 4 -3 5 -2
right_child=1 3 -4 -5 -6 -7
leaf_value=0.020474049411413651 0.037655647681094709 0.060215243441717969 -0.12702565620032449 0.00016209709693720874 -0.03002082223949187 -0.021999479220017215
leaf_weight=248 184 70 48 9335 255 181
leaf_count=248 184 70 48 9335 255 181
internal_value=-3.81048e-12 -0.000504077 -0.0161764 0.000609064 -0.00759448 0.00807324
internal_weight=10321 10073 668 9405 620 365
internal_count=10321 10073 668 9405 620 365
is_linear=0
shrinkage=0.05


Tree=146
num_leaves=7
num_cat=0
split_feature=30 30 19 10 12 12
split_gain=42.1499 120.926 62.2512 50.7999 185.744 160.744
threshold=30.162500000000005 29.772916666666667 27.500000000000004 6.5000000000000009 12.166666666666668 14.770833333333336
decision_type=2 2 2 2 2 2
left_child=1 3 -2 -1 -5 -6
right_child=2 -3 -4 4 5 -7
leaf_value=0.024077648497864326 0.040652021823450929 -0.071274573892975854 -0.010277361152693629 -0.10552721077664978 0.095199229528026841 -0.00058471536464748427
leaf_weight=213 150 60 100 42 44 9712
leaf_count=213 150 60 100 42 44 9712
internal_value=-5.03951e-11 -0.000503432 0.0202803 -7.92721e-05 -0.000604423 -0.000152725
internal_weight=10321 10071 250 10011 9798 9756
internal_count=10321 10071 250 10011 9798 9756
is_linear=0
shrinkage=0.05


Tree=147
num_leaves=7
num_cat=0
split_feature=15 4 7 7 7 10
split_gain=42.2958 52.8426 70.1877 77.9182 136.469 69.0002
threshold=42.500000000000007 0.91597561503675362 -0.99983123799342477 -0.99864786094873803 -0.99761278905001471 6.5000000000000009
decision_type=2 2 2 2 2 2
left_child=1 2 -1 -4 -5 -6
right_child=-2 -3 3 4 5 -7
leaf_value=-0.06562429749894709 -0.047323683400618592 0.0097005921121594285 0.047679210263417988 -0.092295353078260658 0.033586746227595353 -0.0014299409241210342
leaf_weight=42 47 1285 82 41 143 8681
leaf_count=42 47 1285 82 41 143 8681
internal_value=5.45473e-11 0.00021649 -0.00113929 -0.000836574 -0.00128534 -0.000862467
internal_weight=10321 10274 8989 8947 8865 8824
internal_count=10321 10274 8989 8947 8865 8824
is_linear=0
shrinkage=0.05


Tree=148
num_leaves=7
num_cat=0
split_feature=16 30 23 25 9 28
split_gain=40.0986 71.1433 116.894 62.4598 75.9594 60.309
threshold=21.735119047619051 7.897916666666668 10.252083333333337 3.2999999999999985 20.500000000000004 0.075000000000000025
decision_type=2 2 2 2 2 2
left_child=5 3 -3 -2 -5 -1
right_child=1 2 -4 4 -6 -7
leaf_value=0.031139001076290796 -0.0048580443041815599 0.10140065557509662 0.015477504804485332 -0.0054423986343093795 0.080019801120775252 -0.0014693395250044863
leaf_weight=144 568 50 190 52 52 9265
leaf_count=144 568 50 190 52 52 9265
internal_value=-8.5314e-12 0.0100103 0.0333782 0.00166467 0.0372887 -0.000970285
internal_weight=10321 912 240 672 104 9409
internal_count=10321 912 240 672 104 9409
is_linear=0
shrinkage=0.05


Tree=149
num_leaves=7
num_cat=0
split_feature=17 10 30 23 19 7
split_gain=40.0297 71.4628 130.546 69.8307 66.1409 166.187
threshold=2.0099922153360219 21.500000000000004 19.277083333333337 16.795833333333338 26.500000000000004 -0.99761278905001471
decision_type=2 2 2 2 2 2
left_child=1 2 -1 -3 5 -2
right_child=4 3 -4 -5 -6 -7
leaf_value=0.0090727801672198568 -0.073564250270525613 0.070751352689081906 -0.076070246648675996 0.015864752705941801 0.0015522529777387047 -0.0053849997459900663
leaf_weight=299 93 76 53 244 7261 2295
leaf_count=299 93 76 53 244 7261 2295
internal_value=-1.53673e-11 0.0117993 -0.00374705 0.0289003 -0.000821758 -0.00804022
internal_weight=10321 672 352 320 9649 2388
internal_count=10321 672 352 320 9649 2388
is_linear=0
shrinkage=0.05


end of trees

feature_importances:
lag168=93
doy_cos=90
weekday=67
mean24=56
hour=55
temp_delta24=54
lag24=48
last=47
mean168=44
doy_sin=34
interaction_temp_work=34
response_cool168=31
std24=29
interaction_temp_sin=26
min24=22
workhour=20
hour_cos=19
std168=17
max168=15
missing24=15
temp_last=15
max24=13
temp_mean24=11
missing168=9
interaction_cool_work=9
hour_sin=8
response_cool24=6
response_heat24=6
temp_mean168=4
min168=3

parameters:
[boosting: gbdt]
[objective: regression]
[metric: l2]
[tree_learner: serial]
[device_type: cpu]
[data_sample_strategy: bagging]
[data: ]
[valid: ]
[num_iterations: 150]
[learning_rate: 0.05]
[num_leaves: 7]
[num_threads: 2]
[seed: 20261006]
[deterministic: 1]
[force_col_wise: 1]
[force_row_wise: 0]
[histogram_pool_size: -1]
[max_depth: -1]
[min_data_in_leaf: 40]
[min_sum_hessian_in_leaf: 0.001]
[bagging_fraction: 1]
[pos_bagging_fraction: 1]
[neg_bagging_fraction: 1]
[bagging_freq: 0]
[bagging_seed: 27463]
[bagging_by_query: 0]
[feature_fraction: 1]
[feature_fraction_bynode: 1]
[feature_fraction_seed: 885]
[extra_trees: 0]
[extra_seed: 17743]
[early_stopping_round: 0]
[early_stopping_min_delta: 0]
[first_metric_only: 0]
[max_delta_step: 0]
[lambda_l1: 0]
[lambda_l2: 0]
[linear_lambda: 0]
[min_gain_to_split: 0]
[drop_rate: 0.1]
[max_drop: 50]
[skip_drop: 0.5]
[xgboost_dart_mode: 0]
[uniform_drop: 0]
[drop_seed: 19011]
[top_rate: 0.2]
[other_rate: 0.1]
[min_data_per_group: 100]
[max_cat_threshold: 32]
[cat_l2: 10]
[cat_smooth: 10]
[max_cat_to_onehot: 4]
[top_k: 20]
[monotone_constraints: ]
[monotone_constraints_method: basic]
[monotone_penalty: 0]
[feature_contri: ]
[forcedsplits_filename: ]
[refit_decay_rate: 0.9]
[cegb_tradeoff: 1]
[cegb_penalty_split: 0]
[cegb_penalty_feature_lazy: ]
[cegb_penalty_feature_coupled: ]
[path_smooth: 0]
[interaction_constraints: ]
[verbosity: -1]
[saved_feature_importance_type: 0]
[use_quantized_grad: 0]
[num_grad_quant_bins: 4]
[quant_train_renew_leaf: 0]
[stochastic_rounding: 1]
[linear_tree: 0]
[max_bin: 255]
[max_bin_by_feature: ]
[min_data_in_bin: 3]
[bin_construct_sample_cnt: 200000]
[data_random_seed: 5366]
[is_enable_sparse: 1]
[enable_bundle: 1]
[use_missing: 1]
[zero_as_missing: 0]
[feature_pre_filter: 1]
[pre_partition: 0]
[two_round: 0]
[header: 0]
[label_column: ]
[weight_column: ]
[group_column: ]
[ignore_column: ]
[categorical_feature: ]
[forcedbins_filename: ]
[precise_float_parser: 0]
[parser_config_file: ]
[objective_seed: 8607]
[num_class: 1]
[is_unbalance: 0]
[scale_pos_weight: 1]
[sigmoid: 1]
[boost_from_average: 1]
[reg_sqrt: 0]
[alpha: 0.9]
[fair_c: 1]
[poisson_max_delta_step: 0.7]
[tweedie_variance_power: 1.5]
[lambdarank_truncation_level: 30]
[lambdarank_norm: 1]
[label_gain: ]
[lambdarank_position_bias_regularization: 0]
[eval_at: ]
[multi_error_top_k: 1]
[auc_mu_weights: ]
[num_machines: 1]
[local_listen_port: 12400]
[time_out: 120]
[machine_list_filename: ]
[machines: ]
[gpu_platform_id: -1]
[gpu_device_id: -1]
[gpu_device_id_list: ]
[gpu_use_dp: 0]
[num_gpu: 1]

end of parameters

pandas_categorical:[]
