tree
version=v4
num_class=1
num_tree_per_iteration=1
label_index=0
max_feature_idx=29
objective=regression
feature_names=hour lead weekday weekend hour_sin hour_cos doy_sin doy_cos workhour last lag24 lag168 mean24 std24 min24 max24 mean168 std168 min168 max168 missing24 missing168 temp_last temp_mean24 temp_mean168 temp_delta24 response_cool24 response_heat24 response_cool168 response_heat168
feature_infos=[0:23] [1:24] [0:6] [0:1] [-1:1] [-1:1] [-0.9999994220246925:0.99998555065071859] [-0.99997919295908233:0.9999907524084426] [0:1] [0:25] [0:50] [0:50] [0:24.5] [0:12.543189276345238] [0:21] [0:50] [10.428571428571429:22.38095238095238] [0.99898971074624721:11.124425129736824] [0:19] [23:50] [0:0.083333333333333329] [0:0.02976190476190476] [-4.4000000000000004:30.600000000000001] [-1.2791666666666668:32.241666666666667] [6.1285714285714281:31.660119047619045] [-15:11.099999999999998] [0:14.241666666666667] [0:19.279166666666669] [0:13.660119047619048] [0:12.142857142857142]
tree_sizes=723 754 755 751 761 758 750 740 755 765 760 743 757 770 768 770 748 761 776 754 768 769 768 773 746 771 746 773 752 770 756 769 775 755 773 757 776 769 756 768 754 769 771 763 763 768 773 763 773 761 766 762 761 766 772 757 769 766 766 768 764 764 759 768 762 766 776 763 767 774 752 773 770 761 772 762 768 767 777 772 774 773 768 777 751 768 774 775 749 769 756 762 766 771 775 762 760 778 772 768 766 767 775 775 767 785 766 769 775 769 776 755 784 776 782 770 758 770 776 769 770 773 779 767 767 770 773 766 771 769 775 779 773 777 756 775 778 777 766 778 769 773 763 773 771 767 787 780 774 768

Tree=0
num_leaves=7
num_cat=0
split_feature=9 8 11 5 2 0
split_gain=35863.5 26048.4 13603.9 5160.44 4346.63 4372.13
threshold=12.000000000000002 1.0000000180025095e-35 22.500000000000004 -0.3794095225512602 4.5000000000000009 8.5000000000000018
decision_type=2 2 2 2 2 2
left_child=2 3 4 -2 5 -1
right_child=1 -3 -4 -5 -6 -7
leaf_value=19.822755271426022 20.51626060027553 20.793003238298201 20.671167999844521 20.635011397039751 19.621167959999223 20.472304361565815
leaf_weight=63 1080 2986 73 5983 92 44
leaf_count=63 1080 2986 73 5983 92 44
internal_value=20.6539 20.6692 20.0873 20.6169 19.8732 20.0899
internal_weight=10321 10049 272 7063 199 107
internal_count=10321 10049 272 7063 199 107
is_linear=0
shrinkage=1


Tree=1
num_leaves=7
num_cat=0
split_feature=9 11 11 2 2 0
split_gain=32366.8 23625.2 12277.5 5326.89 3922.83 3945.85
threshold=12.000000000000002 22.500000000000004 22.500000000000004 4.5000000000000009 4.5000000000000009 8.5000000000000018
decision_type=2 2 2 2 2 2
left_child=2 3 4 -2 5 -1
right_child=1 -3 -4 -5 -6 -7
leaf_value=-0.78955048351060775 0.0025586432737422582 0.14329735289697001 0.016441606536303482 -0.084442913537450939 -0.98105840682983403 -0.17247886352918365
leaf_weight=63 4549 2631 73 2869 92 44
leaf_count=63 4549 2631 73 2869 92 44
internal_value=-1.76573e-10 0.0145674 -0.538191 -0.0310902 -0.741649 -0.535801
internal_weight=10321 10049 272 7418 199 107
internal_count=10321 10049 272 7418 199 107
is_linear=0
shrinkage=0.05


Tree=2
num_leaves=7
num_cat=0
split_feature=9 8 11 11 2 0
split_gain=29211.1 21691.1 11080.4 4496.03 3540.36 3561.13
threshold=12.000000000000002 1.0000000180025095e-35 22.500000000000004 18.500000000000004 4.5000000000000009 8.5000000000000018
decision_type=2 2 2 2 2 2
left_child=2 3 4 -2 5 -1
right_child=1 -3 -4 -5 -6 -7
leaf_value=-0.75007294752886378 -0.1167103105989459 0.12681831933548007 0.015619524701000892 -0.014701603658481735 -0.93200550079345712 -0.16385491321032697
leaf_weight=63 1331 2986 73 5732 92 44
leaf_count=63 1331 2986 73 5732 92 44
internal_value=-6.47928e-10 0.013839 -0.511281 -0.0339248 -0.704566 -0.509011
internal_weight=10321 10049 272 7063 199 107
internal_count=10321 10049 272 7063 199 107
is_linear=0
shrinkage=0.05


Tree=3
num_leaves=7
num_cat=0
split_feature=9 11 11 2 2 0
split_gain=26363 19764.1 10000.1 4441.23 3195.17 3229.52
threshold=12.000000000000002 22.500000000000004 22.500000000000004 4.5000000000000009 4.5000000000000009 16.500000000000004
decision_type=2 2 2 2 2 2
left_child=2 3 4 -2 5 -1
right_child=1 -3 -4 -5 -6 -7
leaf_value=-0.69580688423185211 0.0021112450498208864 0.13088887126593138 0.014838539655894451 -0.077329245730637264 -0.88540515899658212 -0.12804853368550539
leaf_weight=67 4549 2631 73 2869 92 40
leaf_count=67 4549 2631 73 2869 92 40
internal_value=4.07649e-10 0.0131471 -0.485717 -0.0286133 -0.669338 -0.483561
internal_weight=10321 10049 272 7418 199 107
internal_count=10321 10049 272 7418 199 107
is_linear=0
shrinkage=0.05


Tree=4
num_leaves=7
num_cat=0
split_feature=9 8 11 5 0 2
split_gain=23792.6 18059.4 9025.07 3840.4 3167.62 2883.64
threshold=12.000000000000002 1.0000000180025095e-35 22.500000000000004 -0.3794095225512602 9.5000000000000018 4.5000000000000009
decision_type=2 2 2 2 2 2
left_child=2 3 5 -2 -3 -1
right_child=1 4 -4 -5 -6 -7
leaf_value=-0.45938269321362829 -0.11787093726573168 0.012560372716642704 0.014096621250453063 -0.015428173692827538 0.14132194969227693 -0.84113492965698244
leaf_weight=107 1080 597 73 5983 2389 92
leaf_count=107 1080 597 73 5983 2389 92
internal_value=-3.36742e-10 0.0124897 -0.461431 -0.0310926 0.115578 -0.635871
internal_weight=10321 10049 272 7063 2986 199
internal_count=10321 10049 272 7063 2986 199
is_linear=0
shrinkage=0.05


Tree=5
num_leaves=7
num_cat=0
split_feature=9 8 11 11 0 2
split_gain=21472.8 16298.6 8145.13 3566.97 2858.78 2602.49
threshold=12.000000000000002 1.0000000180025095e-35 22.500000000000004 18.500000000000004 9.5000000000000018 4.5000000000000009
decision_type=2 2 2 2 2 2
left_child=2 3 5 -2 -3 -1
right_child=1 4 -4 -5 -6 -7
leaf_value=-0.4364136011522507 -0.10327564104048047 0.011932354153350769 0.013391781383997773 -0.012415758487479263 0.13425585562312589 -0.79907817840576179
leaf_weight=107 1331 597 73 5732 2389 92
leaf_count=107 1331 597 73 5732 2389 92
internal_value=9.13185e-11 0.0118652 -0.43836 -0.029538 0.109799 -0.604078
internal_weight=10321 10049 272 7063 2986 199
internal_count=10321 10049 272 7063 2986 199
is_linear=0
shrinkage=0.05


Tree=6
num_leaves=7
num_cat=0
split_feature=9 11 11 2 2 0
split_gain=19379.2 14880.8 7350.98 3502.38 2348.75 2922.95
threshold=12.000000000000002 22.500000000000004 22.500000000000004 4.5000000000000009 4.5000000000000009 8.5000000000000018
decision_type=2 2 2 2 2 2
left_child=2 3 4 -2 5 -1
right_child=1 -3 -4 -5 -6 -7
leaf_value=-0.63298911736125041 0.0023206234881955339 0.11343741504406801 0.012722201094235462 -0.068225236021958721 -0.7591242790222168 -0.10188920199871064
leaf_weight=63 4549 2631 73 2869 92 44
leaf_count=63 4549 2631 73 2869 92 44
internal_value=7.8469e-11 0.011272 -0.416442 -0.0249638 -0.573874 -0.414593
internal_weight=10321 10049 272 7418 199 107
internal_count=10321 10049 272 7418 199 107
is_linear=0
shrinkage=0.05


Tree=7
num_leaves=7
num_cat=0
split_feature=9 8 11 5 0 0
split_gain=17489.8 13566.3 6634.26 3063.98 2409.2 2123.45
threshold=12.000000000000002 1.0000000180025095e-35 22.500000000000004 -0.5 9.5000000000000018 17.500000000000004
decision_type=2 2 2 2 2 2
left_child=2 3 5 -2 -3 -1
right_child=1 4 -4 -5 -6 -7
leaf_value=-0.65634440521107007 -0.11009894545694504 0.010214627283614386 0.01208608628135838 -0.014004124886280453 0.1225084016198591 -0.30520627672104017
leaf_weight=136 960 597 73 6103 2389 63
leaf_count=136 960 597 73 6103 2389 63
internal_value=-7.85299e-10 0.0107084 -0.39562 -0.0270653 0.100057 -0.54518
internal_weight=10321 10049 272 7063 2986 199
internal_count=10321 10049 272 7063 2986 199
is_linear=0
shrinkage=0.05


Tree=8
num_leaves=7
num_cat=0
split_feature=9 11 11 2 0 2
split_gain=15784.5 12367.7 5987.42 2096.25 2477.75 2022.07
threshold=12.000000000000002 21.500000000000004 22.500000000000004 4.5000000000000009 8.5000000000000018 4.5000000000000009
decision_type=2 2 2 2 2 2
left_child=2 5 3 4 -1 -2
right_child=1 -3 -4 -5 -6 -7
leaf_value=-0.56852244876679925 -0.006595545864319834 0.084964113657593113 0.011481781018106905 -0.69293093059373945 -0.079539329389279545 -0.062961934791041244
leaf_weight=63 3680 3566 73 92 44 2803
leaf_count=63 3680 3566 73 92 44 2803
internal_value=-2.96749e-10 0.010173 -0.375839 -0.517921 -0.367445 -0.0309662
internal_weight=10321 10049 272 199 107 6483
internal_count=10321 10049 272 199 107 6483
is_linear=0
shrinkage=0.05


Tree=9
num_leaves=7
num_cat=0
split_feature=9 8 11 11 0 2
split_gain=14245.5 11404.3 5403.64 2644.38 2081.76 1891.86
threshold=12.000000000000002 1.0000000180025095e-35 22.500000000000004 18.500000000000004 9.5000000000000018 4.5000000000000009
decision_type=2 2 2 2 2 2
left_child=2 3 5 -2 -3 -1
right_child=1 4 -4 -5 -6 -7
leaf_value=-0.34907301048809125 -0.088458378893441492 0.0080705861113279116 0.010907689308466978 -0.010226418169258216 0.11245479460426733 -0.65828437183214272
leaf_weight=107 1331 597 73 5732 2389 92
leaf_count=107 1331 597 73 5732 2389 92
internal_value=-4.51178e-12 0.00966432 -0.357047 -0.024969 0.0915849 -0.492025
internal_weight=10321 10049 272 7063 2986 199
internal_count=10321 10049 272 7063 2986 199
is_linear=0
shrinkage=0.05


Tree=10
num_leaves=7
num_cat=0
split_feature=9 11 7 11 2 21
split_gain=12856.6 10311.6 5122.8 4495.16 2477.24 2182.28
threshold=12.000000000000002 22.500000000000004 -0.99761278905001471 21.500000000000004 4.5000000000000009 0.0089285714285714298
decision_type=2 2 2 2 2 2
left_child=2 4 -1 5 -2 -4
right_child=1 -3 3 -5 -6 -7
leaf_value=-0.71138256183568993 0.0019637105193756445 0.094227265070306862 -0.59482414735590716 0.070221594783915098 -0.057366319497480459 -0.16453524839419587
leaf_weight=69 4549 2631 68 83 2869 52
leaf_count=69 4549 2631 68 83 2869 52
internal_value=3.46677e-10 0.0091811 -0.339194 -0.212687 -0.0209829 -0.408366
internal_weight=10321 10049 272 203 7418 120
internal_count=10321 10049 272 203 7418 120
is_linear=0
shrinkage=0.05


Tree=11
num_leaves=7
num_cat=0
split_feature=9 8 7 0 11 5
split_gain=11603.1 9495.51 4623.32 4192.7 2399.95 2300.56
threshold=12.000000000000002 1.0000000180025095e-35 -0.99761278905001471 10.500000000000002 20.500000000000004 -0.5
decision_type=2 2 2 2 2 2
left_child=2 5 -1 -4 -5 -2
right_child=1 -3 3 4 -6 -7
leaf_value=-0.67581342061360683 -0.094829722687136395 0.083473120386219776 -0.46181530986319896 -0.31014206685670992 0.1667414221409205 -0.01156257070044299
leaf_weight=69 960 2986 88 41 74 6103
leaf_count=69 960 2986 88 41 74 6103
internal_value=1.85622e-10 0.00872205 -0.322235 -0.202053 -0.00327791 -0.0228802
internal_weight=10321 10049 272 203 115 7063
internal_count=10321 10049 272 203 115 7063
is_linear=0
shrinkage=0.05


Tree=12
num_leaves=7
num_cat=0
split_feature=9 11 7 0 11 2
split_gain=10471.8 8746.36 4172.55 3783.91 2165.96 1381.2
threshold=12.000000000000002 21.500000000000004 -0.99761278905001471 10.500000000000002 20.500000000000004 4.5000000000000009
decision_type=2 2 2 2 2 2
left_child=2 5 -1 -4 -5 -2
right_child=1 -3 3 4 -6 -7
leaf_value=-0.64202273686726885 -0.0061681698850841954 0.071181458681174134 -0.43872454471208838 -0.29463497909103953 0.15840435640483694 -0.052753755513577333
leaf_weight=69 3680 3566 88 41 74 2803
leaf_count=69 3680 3566 88 41 74 2803
internal_value=-7.47873e-11 0.00828594 -0.306123 -0.19195 -0.00311402 -0.02631
internal_weight=10321 10049 272 203 115 6483
internal_count=10321 10049 272 203 115 6483
is_linear=0
shrinkage=0.05


Tree=13
num_leaves=7
num_cat=0
split_feature=11 9 2 10 0 5
split_gain=9516.54 11358.7 1848.5 1890.91 1442.06 1065.85
threshold=22.500000000000004 12.000000000000002 4.5000000000000009 21.500000000000004 17.500000000000004 1.0000000180025095e-35
decision_type=2 2 2 2 2 2
left_child=1 4 3 -3 -1 -4
right_child=-2 2 5 -5 -6 -7
leaf_value=-0.49300042145392475 0.0805818744587916 -0.015390019888351043 -0.080457070469856271 0.063794339930666008 -0.20363364285892913 -0.019505778450893459
leaf_weight=136 2704 3595 1437 954 63 1432
leaf_count=136 2704 3595 1437 954 63 1432
internal_value=5.33582e-10 -0.0286062 -0.0186056 0.00121624 -0.401392 -0.0500345
internal_weight=10321 7617 7418 4549 199 2869
internal_count=10321 7617 7418 4549 199 2869
is_linear=0
shrinkage=0.05


Tree=14
num_leaves=7
num_cat=0
split_feature=8 9 0 11 0 7
split_gain=8604.3 9231.55 1935.74 1791.14 1731.28 1214.9
threshold=1.0000000180025095e-35 12.000000000000002 17.500000000000004 18.500000000000004 9.5000000000000018 -0.99761278905001471
decision_type=2 2 2 2 2 2
left_child=1 2 -1 -3 -2 -6
right_child=4 3 -4 -5 5 -7
leaf_value=-0.48786739668538498 -0.0050097224651645331 -0.072509672682505633 -0.16192206819024352 -0.0081242599787771583 -0.16000878717750311 0.094038260781139915
leaf_weight=124 611 1331 72 5732 48 2403
leaf_count=124 611 1331 72 5732 48 2403
internal_value=-1.85164e-11 -0.0296504 -0.368132 -0.0202575 0.0702915 0.089063
internal_weight=10321 7259 196 7063 3062 2451
internal_count=10321 7259 196 7063 3062 2451
is_linear=0
shrinkage=0.05


Tree=15
num_leaves=7
num_cat=0
split_feature=11 9 21 10 2 10
split_gain=7840.09 8685.68 1510.7 1447.02 1037.67 1404.18
threshold=21.500000000000004 12.000000000000002 0.0089285714285714298 23.500000000000004 4.5000000000000009 23.500000000000004
decision_type=2 2 2 2 2 2
left_child=1 2 -1 -2 5 -3
right_child=3 4 -4 -5 -6 -7
leaf_value=-0.48647005233848306 0.033247788289793224 -0.011160029857535945 -0.18138331846585351 0.097482973539184059 -0.045795352903569848 0.16067473552818223
leaf_weight=114 2206 3557 63 1455 2803 123
leaf_count=114 2206 3557 63 1455 2803 123
internal_value=4.37445e-10 -0.0323097 -0.37788 0.0587769 -0.0228748 -0.00541664
internal_weight=10321 6660 177 3661 6483 3680
internal_count=10321 6660 177 3661 6483 3680
is_linear=0
shrinkage=0.05


Tree=16
num_leaves=7
num_cat=0
split_feature=9 8 7 21 0 5
split_gain=7159.63 6075.78 3415.83 2865.94 1738.44 1584.46
threshold=12.000000000000002 1.0000000180025095e-35 -0.99761278905001471 0.0089285714285714298 9.5000000000000018 -0.5
decision_type=2 2 2 2 2 2
left_child=2 5 -1 -4 -5 -2
right_child=1 -3 3 4 -6 -7
leaf_value=-0.55704155728436899 -0.078138414332643152 0.066645617763404538 -0.35824263310366938 -0.23478828455720629 0.17210892066359521 -0.0090351475643974648
leaf_weight=69 960 2986 91 42 70 6103
leaf_count=69 960 2986 91 42 70 6103
internal_value=7.04064e-11 0.00685137 -0.253123 -0.149821 0.0195225 -0.0184276
internal_weight=10321 10049 272 203 112 7063
internal_count=10321 10049 272 203 112 7063
is_linear=0
shrinkage=0.05


Tree=17
num_leaves=7
num_cat=0
split_feature=11 9 11 21 0 25
split_gain=6623.48 7682.51 1305.5 1087.1 884.994 876.937
threshold=22.500000000000004 12.000000000000002 20.500000000000004 0.0089285714285714298 7.5000000000000009 6.950000000000002
decision_type=2 2 2 2 2 2
left_child=1 3 5 -1 -5 -3
right_child=-2 2 -4 4 -6 -7
leaf_value=-0.42727018271462391 0.067226546663879116 -0.027163842212177616 0.014550011902754718 -0.35263907734940697 -0.022071193754673007 -0.17388713128076724
leaf_weight=118 2704 4899 2415 41 40 104
leaf_count=118 2704 4899 2415 41 40 104
internal_value=4.64275e-10 -0.0238651 -0.0156406 -0.330447 -0.189396 -0.0302139
internal_weight=10321 7617 7418 199 81 5003
internal_count=10321 7617 7418 199 81 5003
is_linear=0
shrinkage=0.05


Tree=18
num_leaves=7
num_cat=0
split_feature=11 9 2 10 13 5
split_gain=5977.69 6933.46 1254.77 1500.02 996.025 813.167
threshold=22.500000000000004 12.000000000000002 4.5000000000000009 21.500000000000004 9.9522598236997837 1.0000000180025095e-35
decision_type=2 2 2 2 2 2
left_child=1 4 3 -3 -1 -4
right_child=-2 2 5 -5 -6 -7
leaf_value=-0.37090710725965381 0.063865218823568992 -0.013317974211132578 -0.067325491499202431 0.057208530015489811 -0.094333259506923395 -0.014087050846731031
leaf_weight=158 2704 3595 1437 954 41 1432
leaf_count=158 2704 3595 1437 954 41 1432
internal_value=-2.55692e-10 -0.0226719 -0.0148585 0.00147259 -0.313925 -0.0407527
internal_weight=10321 7617 7418 4549 199 2869
internal_count=10321 7617 7418 4549 199 2869
is_linear=0
shrinkage=0.05


Tree=19
num_leaves=7
num_cat=0
split_feature=8 9 15 10 5 25
split_gain=5410.15 5568.99 1491.63 1327.75 1263.08 871.909
threshold=1.0000000180025095e-35 12.000000000000002 24.500000000000004 22.500000000000004 -0.5 6.950000000000002
decision_type=2 2 2 2 2 2
left_child=1 2 -1 5 -3 -2
right_child=3 4 -4 -5 -6 -7
leaf_value=-0.35625461745434084 0.024448501541220847 -0.069528047961648562 -0.014010509178042413 0.082278328042167267 -0.0078299025891587683 -0.17424986165916098
leaf_weight=156 1148 960 40 1856 6103 58
leaf_count=156 1148 960 40 1856 6103 58
internal_value=2.32975e-10 -0.0235114 -0.286409 0.0557377 -0.0162159 0.0148925
internal_weight=10321 7259 196 3062 7063 1206
internal_count=10321 7259 196 3062 7063 1206
is_linear=0
shrinkage=0.05


Tree=20
num_leaves=7
num_cat=0
split_feature=11 9 7 21 10 10
split_gain=4975.51 5245.44 1309.43 1069.85 926.217 818.63
threshold=21.500000000000004 12.000000000000002 -0.99761278905001471 0.0089285714285714298 23.500000000000004 18.500000000000004
decision_type=2 2 2 2 2 2
left_child=1 3 -2 -1 -4 -3
right_child=2 5 4 -5 -6 -7
leaf_value=-0.38567133713186835 -0.17735381508246065 -0.066171928245318951 0.030225475836303063 -0.12893034730638778 0.082081910816780415 -0.011797850197565409
leaf_weight=114 64 788 2169 63 1428 5695
leaf_count=114 64 788 2169 63 1428 5695
internal_value=8.95499e-11 -0.0257389 0.0468236 -0.294289 0.0508124 -0.0184069
internal_weight=10321 6660 3661 177 3597 6483
internal_count=10321 6660 3661 177 3597 6483
is_linear=0
shrinkage=0.05


Tree=21
num_leaves=7
num_cat=0
split_feature=8 9 0 0 11 7
split_gain=4518.72 4553.24 1358.68 1154.96 1110.3 923.713
threshold=1.0000000180025095e-35 12.000000000000002 17.500000000000004 10.500000000000002 18.500000000000004 -0.99761278905001471
decision_type=2 2 2 2 2 2
left_child=1 2 -1 -2 -3 -5
right_child=3 4 -4 5 -6 -7
leaf_value=-0.35951590691843344 0.0039737616361991265 -0.056030144831018737 -0.086442511466642225 -0.16116000598385222 -0.0053377718319115542 0.07565422911955115
leaf_weight=124 917 1331 72 42 5732 2103
leaf_count=124 917 1331 72 42 5732 2103
internal_value=-1.14969e-10 -0.0214873 -0.259203 0.0509393 -0.0148906 0.0710173
internal_weight=10321 7259 196 3062 7063 2145
internal_count=10321 7259 196 3062 7063 2145
is_linear=0
shrinkage=0.05


Tree=22
num_leaves=7
num_cat=0
split_feature=11 9 7 21 10 10
split_gain=4127.83 4288.01 1101.81 946.488 767.678 706.187
threshold=21.500000000000004 12.000000000000002 -0.99761278905001471 0.0089285714285714298 23.500000000000004 18.500000000000004
decision_type=2 2 2 2 2 2
left_child=1 3 -2 -1 -4 -3
right_child=2 5 4 -5 -6 -7
leaf_value=-0.35220413228921726 -0.1629889712065051 -0.061178359511807126 0.027565331870209944 -0.11071840108387054 0.074775528653178505 -0.010676433605029918
leaf_weight=114 64 788 2169 63 1428 5695
leaf_count=114 64 788 2169 63 1428 5695
internal_value=-1.39443e-10 -0.023444 0.0426488 -0.266252 0.0463077 -0.0168149
internal_weight=10321 6660 3661 177 3597 6483
internal_count=10321 6660 3661 177 3597 6483
is_linear=0
shrinkage=0.05


Tree=23
num_leaves=7
num_cat=0
split_feature=11 12 2 10 7 25
split_gain=3794.47 4617.24 1380.51 1283.04 994.632 735.165
threshold=23.500000000000004 12.875000000000002 4.5000000000000009 21.500000000000004 -0.99761278905001471 6.950000000000002
decision_type=2 2 2 2 2 2
left_child=1 4 3 5 -1 -3
right_child=-2 2 -4 -5 -6 -7
leaf_value=-0.41938554662646671 0.063824794915063598 -0.004523609166045532 -0.036715963999784162 0.046138433007515751 -0.17548478983440682 -0.11777963935328811
leaf_weight=66 1900 3736 2898 1458 114 149
leaf_count=66 1900 3736 2898 1458 114 149
internal_value=-2.26965e-11 -0.0144006 -0.00892882 0.0061427 -0.264915 -0.00886728
internal_weight=10321 8421 8241 5343 180 3885
internal_count=10321 8421 8241 5343 180 3885
is_linear=0
shrinkage=0.05


Tree=24
num_leaves=7
num_cat=0
split_feature=9 11 7 24 0 11
split_gain=3448.39 2985.31 2281.2 1897.29 1948.85 1061.45
threshold=18.500000000000004 20.500000000000004 -0.99761278905001471 23.559821428571428 10.500000000000002 20.500000000000004
decision_type=2 2 2 2 2 2
left_child=2 -2 -1 4 -4 -6
right_child=1 -3 3 -5 5 -7
leaf_value=-0.41995943041815276 -0.022501714597189613 0.032069330657576875 -0.38358161836862564 0.12937059699941209 -0.20558021034706725 0.13978749646080865
leaf_weight=69 4979 5046 70 68 44 45
leaf_count=69 4979 5046 70 68 44 45
internal_value=2.08793e-11 0.00496617 -0.168195 -0.0916679 -0.1862 -0.0309561
internal_weight=10321 10025 296 227 159 89
internal_count=10321 10025 296 227 159 89
is_linear=0
shrinkage=0.05


Tree=25
num_leaves=7
num_cat=0
split_feature=11 12 2 10 22 25
split_gain=3241.7 3834.54 1161.84 1109.74 799.311 666.014
threshold=23.500000000000004 12.875000000000002 4.5000000000000009 21.500000000000004 28.050000000000004 6.950000000000002
decision_type=2 2 2 2 2 2
left_child=1 4 3 5 -1 -3
right_child=-2 2 -4 -5 -6 -7
leaf_value=-0.18257761575437975 0.058992993775166973 -0.004322744988897672 -0.033815480941447658 0.042699265644939255 -0.42967581083608231 -0.11212069130683906
leaf_weight=137 1900 3736 2898 1458 43 149
leaf_count=137 1900 3736 2898 1458 43 149
internal_value=2.13863e-10 -0.0133104 -0.00832393 0.00550248 -0.241607 -0.00845708
internal_weight=10321 8421 8241 5343 180 3885
internal_count=10321 8421 8241 5343 180 3885
is_linear=0
shrinkage=0.05


Tree=26
num_leaves=7
num_cat=0
split_feature=8 9 0 0 5 7
split_gain=2949.56 2851.3 1067.34 867.718 845.761 708.963
threshold=1.0000000180025095e-35 12.000000000000002 17.500000000000004 10.500000000000002 -0.5 0.2499757677084001
decision_type=2 2 2 2 2 2
left_child=1 2 5 -2 -3 -1
right_child=3 4 -4 -5 -6 -7
leaf_value=-0.1604727112163197 0.00044656176441994016 -0.055764903347784035 -0.052351269829604363 0.058558268518228353 -0.0052777128863387519 -0.40112324037413666
leaf_weight=55 917 960 72 2145 6103 69
leaf_count=55 917 960 72 2145 6103 69
internal_value=1.93104e-12 -0.0173601 -0.205473 0.0411551 -0.0121399 -0.294383
internal_weight=10321 7259 196 3062 7063 124
internal_count=10321 7259 196 3062 7063 124
is_linear=0
shrinkage=0.05


Tree=27
num_leaves=7
num_cat=0
split_feature=11 12 2 10 22 25
split_gain=2681.43 3259.53 978.619 967.378 737.633 606.766
threshold=23.500000000000004 12.875000000000002 4.5000000000000009 21.500000000000004 28.050000000000004 6.950000000000002
decision_type=2 2 2 2 2 2
left_child=1 4 3 5 -1 -3
right_child=-2 2 -4 -5 -6 -7
leaf_value=-0.16588386164257563 0.053653395173924145 -0.0039060284612312461 -0.030903617423149878 0.039910242414876146 -0.40325715209162516 -0.10679754379311664
leaf_weight=137 1900 3736 2898 1458 43 149
leaf_count=137 1900 3736 2898 1458 43 149
internal_value=-1.90122e-10 -0.0121056 -0.00750823 0.00518124 -0.22259 -0.00785219
internal_weight=10321 8421 8241 5343 180 3885
internal_count=10321 8421 8241 5343 180 3885
is_linear=0
shrinkage=0.05


Tree=28
num_leaves=7
num_cat=0
split_feature=9 8 7 24 0 11
split_gain=2447.73 2111.52 1751.19 1660.69 1615.67 863.906
threshold=18.500000000000004 1.0000000180025095e-35 -0.99761278905001471 23.559821428571428 10.500000000000002 20.500000000000004
decision_type=2 2 2 2 2 2
left_child=2 -2 -1 4 -4 -6
right_child=1 -3 3 -5 5 -7
leaf_value=-0.36229243589484178 -0.010761614905703099 0.039415900317695658 -0.34281571624534474 0.13214249060872724 -0.17928384027697825 0.13229341712262896
leaf_weight=69 7039 2986 70 68 44 45
leaf_count=69 7039 2986 70 68 44 45
internal_value=-2.93266e-10 0.00418403 -0.141706 -0.074655 -0.163097 -0.0217448
internal_weight=10321 10025 296 227 159 89
internal_count=10321 10025 296 227 159 89
is_linear=0
shrinkage=0.05


Tree=29
num_leaves=7
num_cat=0
split_feature=11 12 2 10 22 25
split_gain=2251.7 2703.22 843.731 840.621 594.57 551.555
threshold=23.500000000000004 12.875000000000002 4.5000000000000009 21.500000000000004 28.050000000000004 6.950000000000002
decision_type=2 2 2 2 2 2
left_child=1 4 3 5 -1 -3
right_child=-2 2 -4 -5 -6 -7
leaf_value=-0.15186508283236602 0.049166536176528192 -0.0035112218705528942 -0.028629825783673651 0.037249837891950521 -0.36497967825379485 -0.10160994873250891
leaf_weight=137 1900 3736 2898 1458 43 149
leaf_count=137 1900 3736 2898 1458 43 149
internal_value=-2.44327e-10 -0.0110933 -0.00690654 0.004876 -0.202776 -0.00727357
internal_weight=10321 8421 8241 5343 180 3885
internal_count=10321 8421 8241 5343 180 3885
is_linear=0
shrinkage=0.05


Tree=30
num_leaves=7
num_cat=0
split_feature=9 11 7 24 0 25
split_gain=2059.2 1848.22 1400.92 1599.46 1795.65 655.374
threshold=12.000000000000002 20.500000000000004 -0.99761278905001471 23.559821428571428 10.500000000000002 6.950000000000002
decision_type=2 2 2 2 2 2
left_child=2 5 -1 4 -4 -2
right_child=1 -3 3 -5 -6 -7
leaf_value=-0.33038105740063434 -0.015223886816286936 0.025025795792576046 -0.37616484892570368 0.12815923158298523 -0.0085317274555563923 -0.14206479377149103
leaf_weight=69 4899 5046 59 68 76 104
leaf_count=69 4899 5046 59 68 76 104
internal_value=2.82712e-10 0.00367436 -0.135749 -0.0695927 -0.169201 -0.0178606
internal_weight=10321 10049 272 203 135 5003
internal_count=10321 10049 272 203 135 5003
is_linear=0
shrinkage=0.05


Tree=31
num_leaves=7
num_cat=0
split_feature=11 12 7 2 0 25
split_gain=1928.7 2252.6 887.085 809.521 895.593 1064.4
threshold=23.500000000000004 11.604166666666668 -0.99938741687870725 4.5000000000000009 8.5000000000000018 6.950000000000002
decision_type=2 2 2 2 2 2
left_child=1 -1 -3 4 -4 -6
right_child=-2 2 3 -5 5 -7
leaf_value=-0.20702148747819288 0.045503732434424918 -0.17469017029954836 -0.014013762882616935 -0.026521065436392634 0.033388175794322759 -0.13373967336133272
leaf_weight=143 1900 78 2676 2898 2527 99
leaf_count=143 1900 78 2676 2898 2527 99
internal_value=1.05958e-10 -0.0102668 -0.00686797 -0.00527161 0.00634305 0.0270875
internal_weight=10321 8421 8278 8200 5302 2626
internal_count=10321 8421 8278 8200 5302 2626
is_linear=0
shrinkage=0.05


Tree=32
num_leaves=7
num_cat=0
split_feature=11 12 7 11 25 8
split_gain=1740.66 2032.97 800.594 760.746 623.815 643.198
threshold=23.500000000000004 11.604166666666668 -0.99938741687870725 19.250000000000004 6.950000000000002 1.0000000180025095e-35
decision_type=2 2 2 2 2 2
left_child=1 -1 -3 4 5 -4
right_child=-2 2 3 -5 -6 -7
leaf_value=-0.19667041510135144 0.04322854622924014 -0.16595566017696492 -0.029799566589603105 0.0055037197705097018 -0.18645525522530082 0.073402364199159673
leaf_weight=143 1900 78 2425 5554 60 161
leaf_count=143 1900 78 2425 5554 60 161
internal_value=2.83929e-10 -0.0097535 -0.00652457 -0.00500803 -0.0270724 -0.0233744
internal_weight=10321 8421 8278 8200 2646 2586
internal_count=10321 8421 8278 8200 2646 2586
is_linear=0
shrinkage=0.05


Tree=33
num_leaves=7
num_cat=0
split_feature=9 11 7 24 0 10
split_gain=1579.58 1404.46 1157.35 1449.5 1580.4 577.358
threshold=12.000000000000002 20.500000000000004 -0.99761278905001471 23.559821428571428 10.500000000000002 23.500000000000004
decision_type=2 2 2 2 2 2
left_child=2 -2 -1 4 -4 -3
right_child=1 5 3 -5 -6 -7
leaf_value=-0.29579866692639784 -0.015554342003099512 0.010814907148045642 -0.34775053969884323 0.12949098904124076 -0.0028550628058024146 0.04779783277989242
leaf_weight=69 5003 3543 59 68 76 1503
leaf_count=69 5003 3543 59 68 76 1503
internal_value=-1.6727e-10 0.00321813 -0.118893 -0.058763 -0.153587 0.0218306
internal_weight=10321 10049 272 203 135 5046
internal_count=10321 10049 272 203 135 5046
is_linear=0
shrinkage=0.05


Tree=34
num_leaves=7
num_cat=0
split_feature=11 12 7 2 10 6
split_gain=1452.99 1710.6 685.841 651.679 768.739 681.763
threshold=23.500000000000004 11.604166666666668 -0.99938741687870725 4.5000000000000009 22.500000000000004 0.99966190462023474
decision_type=2 2 2 2 2 2
left_child=1 -1 -3 4 5 -4
right_child=-2 2 3 -5 -6 -7
leaf_value=-0.18036881991616496 0.039495299894411709 -0.15351271934729693 -0.0004194583591465976 -0.023611262391030202 0.04997367958089903 -0.20047557943955413
leaf_weight=143 1900 78 4426 2898 833 43
leaf_count=143 1900 78 4426 2898 833 43
internal_value=4.94604e-11 -0.00891118 -0.0059493 -0.00454565 0.00587535 -0.00234437
internal_weight=10321 8421 8278 8200 5302 4469
internal_count=10321 8421 8278 8200 5302 4469
is_linear=0
shrinkage=0.05


Tree=35
num_leaves=7
num_cat=0
split_feature=9 11 22 21 0 25
split_gain=1316.92 1145.6 1061.16 1253.98 751.874 537.032
threshold=18.500000000000004 20.500000000000004 28.050000000000004 0.0089285714285714298 9.5000000000000018 6.950000000000002
decision_type=2 2 2 2 2 2
left_child=2 5 3 -1 -5 -2
right_child=1 -3 -4 4 -6 -7
leaf_value=-0.16421351923505112 -0.011548155659112411 0.019858590616294403 -0.32464221871417503 -0.10627677965731848 0.16131822399329396 -0.12637338668036346
leaf_weight=138 4875 5046 46 42 70 104
leaf_count=138 4875 5046 46 42 70 104
internal_value=4.02601e-11 0.00306896 -0.10394 -0.0633313 0.0609701 -0.0139466
internal_weight=10321 10025 296 250 112 4979
internal_count=10321 10025 296 250 112 4979
is_linear=0
shrinkage=0.05


Tree=36
num_leaves=7
num_cat=0
split_feature=11 12 7 11 25 8
split_gain=1240.84 1447.78 581.006 571.575 525.084 558.533
threshold=23.500000000000004 11.604166666666668 -0.99938741687870725 19.250000000000004 6.950000000000002 1.0000000180025095e-35
decision_type=2 2 2 2 2 2
left_child=1 -1 -3 4 5 -4
right_child=-2 2 3 -5 -6 -7
leaf_value=-0.16597198220816525 0.036498293062083818 -0.14132805370176449 -0.025938104013269098 0.0048933422314586658 -0.16957062470105788 0.07023194206253805
leaf_weight=143 1900 78 2425 5554 60 161
leaf_count=143 1900 78 2425 5554 60 161
internal_value=8.57284e-11 -0.00823498 -0.00551012 -0.00421819 -0.0233435 -0.0199507
internal_weight=10321 8421 8278 8200 2646 2586
internal_count=10321 8421 8278 8200 2646 2586
is_linear=0
shrinkage=0.05


Tree=37
num_leaves=7
num_cat=0
split_feature=7 23 8 14 6 0
split_gain=1123.82 2322.91 1141.23 668.893 834.466 598.92
threshold=-0.99761278905001471 29.772916666666667 1.0000000180025095e-35 16.500000000000004 -0.95754239937548935 17.500000000000004
decision_type=2 2 2 2 2 2
left_child=1 -1 3 4 -2 -6
right_child=2 -3 -4 -5 5 -7
leaf_value=0.013638833581524738 -0.26113258133763856 -0.34935124999710493 0.028114592948074404 -0.0036182491432872215 -0.076337310140036779 0.024448346923970368
leaf_weight=119 46 70 3002 6439 417 228
leaf_count=119 46 70 3002 6439 417 228
internal_value=1.47431e-10 -0.120802 0.00225341 -0.00863512 -0.0553843 -0.0407108
internal_weight=10321 189 10132 7130 691 645
internal_count=10321 189 10132 7130 691 645
is_linear=0
shrinkage=0.05


Tree=38
num_leaves=7
num_cat=0
split_feature=11 14 20 10 7 4
split_gain=1042.64 1212.69 1414.33 790.95 1026.72 488.52
threshold=23.500000000000004 7.0000000000000009 0.062500000000000014 19.250000000000004 0.28313308994381586 0.60355339059327384
decision_type=2 2 2 2 2 2
left_child=1 2 3 4 -1 -5
right_child=-2 -3 -4 5 -6 -7
leaf_value=-0.17794853911917902 0.03345662557463603 -0.0034753522947546301 0.058425175472391101 -0.17051331106636486 0.089488249258310712 -0.38923682272434235
leaf_weight=107 1900 8050 106 59 54 45
leaf_count=107 1900 8050 106 59 54 45
internal_value=5.98578e-11 -0.0075487 -0.0959326 -0.157676 -0.0882492 -0.265153
internal_weight=10321 8421 371 265 161 104
internal_count=10321 8421 371 265 161 104
is_linear=0
shrinkage=0.05


Tree=39
num_leaves=7
num_cat=0
split_feature=7 23 11 0 9 25
split_gain=961.124 2051.7 1006.15 682.568 833.835 433.22
threshold=-0.99761278905001471 29.772916666666667 20.500000000000004 10.500000000000002 18.500000000000004 6.950000000000002
decision_type=2 2 2 2 2 2
left_child=1 -1 5 4 -4 -2
right_child=2 -3 3 -5 -6 -7
leaf_value=0.014632960823716738 -0.011606708436302996 -0.32650938535375257 -0.22533781875011535 0.030826404033861967 -0.0023388697455675681 -0.11472339205524454
leaf_weight=119 4943 70 43 3374 1668 104
leaf_count=119 4943 70 43 3374 1668 104
internal_value=-9.13422e-11 -0.111716 0.00208393 0.0177812 -0.00794317 -0.0137316
internal_weight=10321 189 10132 5085 1711 5047
internal_count=10321 189 10132 5085 1711 5047
is_linear=0
shrinkage=0.05


Tree=40
num_leaves=7
num_cat=0
split_feature=8 14 20 0 25 2
split_gain=870.75 820.702 1058.2 619.975 776.778 743.587
threshold=1.0000000180025095e-35 7.0000000000000009 0.062500000000000014 17.500000000000004 0.59999999999999887 2.5000000000000004
decision_type=2 2 2 2 2 2
left_child=1 2 3 4 -1 -5
right_child=-2 -3 -4 5 -6 -7
leaf_value=-0.11067130901607347 0.022361019423312388 -0.0057517328457121668 0.055812946244321295 0.11480130361659187 -0.34398079171466334 -0.17327785840995302
leaf_weight=88 3062 6927 94 42 60 48
leaf_count=88 3062 6927 94 42 60 48
internal_value=-1.44535e-11 -0.00943235 -0.0862265 -0.142326 -0.205256 -0.0388409
internal_weight=10321 7259 332 238 148 90
internal_count=10321 7259 332 238 148 90
is_linear=0
shrinkage=0.05


Tree=41
num_leaves=7
num_cat=0
split_feature=7 23 11 0 9 10
split_gain=845.974 1841.4 864.841 599.055 699.259 404.147
threshold=-0.99761278905001471 29.772916666666667 20.500000000000004 10.500000000000002 18.500000000000004 18.500000000000004
decision_type=2 2 2 2 2 2
left_child=1 -1 5 4 -4 -2
right_child=2 -3 3 -5 -6 -7
leaf_value=0.014888176724252081 -0.04623406143556319 -0.30829799767849703 -0.20667102447775909 0.028729514484569098 -0.0024587735122771001 -0.0067365867825551961
leaf_weight=119 763 70 43 3374 1668 4284
leaf_count=119 763 70 43 3374 1668 4284
internal_value=1.36425e-11 -0.10481 0.00195511 0.0165084 -0.00759093 -0.0127078
internal_weight=10321 189 10132 5085 1711 5047
internal_count=10321 189 10132 5085 1711 5047
is_linear=0
shrinkage=0.05


Tree=42
num_leaves=7
num_cat=0
split_feature=10 14 13 25 7 11
split_gain=768.555 689.661 1138.46 704.959 825.013 562.388
threshold=24.500000000000004 7.0000000000000009 7.6696297365726451 -1.0000000180025095e-35 0.26659387353423869 18.500000000000004
decision_type=2 2 2 2 2 2
left_child=1 2 3 -1 -5 -3
right_child=-2 5 -4 4 -6 -7
leaf_value=0.004432891673511929 0.038720342673508351 -0.032469224770154272 -0.0001409499832288754 -0.35060993173947708 -0.09670080760168652 0.0034706919523809464
leaf_weight=45 1140 1274 259 65 63 7475
leaf_count=45 1140 1274 259 65 63 7475
internal_value=-1.67392e-10 -0.00480789 -0.0664788 -0.165794 -0.225639 -0.00176276
internal_weight=10321 9181 432 173 128 8749
internal_count=10321 9181 432 173 128 8749
is_linear=0
shrinkage=0.05


Tree=43
num_leaves=7
num_cat=0
split_feature=7 23 2 0 25 16
split_gain=734.85 1599.42 762.942 1021.71 772.002 1889.42
threshold=-0.99761278905001471 29.772916666666667 4.5000000000000009 9.5000000000000018 6.950000000000002 20.747023809523814
decision_type=2 2 2 2 2 2
left_child=1 -1 3 -2 -5 -6
right_child=2 -3 -4 4 5 -7
leaf_value=0.013872418776467568 -0.011733851788379253 -0.28733094021145789 -0.019719864896937528 0.030218127733865358 -0.36926087750388042 0.041468415851704778
leaf_weight=119 3000 70 2924 4082 42 84
leaf_count=119 3000 70 2924 4082 42 84
internal_value=-7.92721e-11 -0.0976844 0.00182218 0.0105609 0.0264555 -0.0954413
internal_weight=10321 189 10132 7208 4208 126
internal_count=10321 189 10132 7208 4208 126
is_linear=0
shrinkage=0.05


Tree=44
num_leaves=7
num_cat=0
split_feature=7 23 2 0 25 16
split_gain=663.202 1443.48 688.555 922.092 696.732 1705.2
threshold=-0.99761278905001471 29.772916666666667 4.5000000000000009 9.5000000000000018 6.950000000000002 20.747023809523814
decision_type=2 2 2 2 2 2
left_child=1 -1 3 -2 -5 -6
right_child=2 -3 -4 4 5 -7
leaf_value=0.013178797560047454 -0.011147159263057014 -0.27296439348054785 -0.018733871693066138 0.028707221363539256 -0.35079783607451692 0.039394995506431552
leaf_weight=119 3000 70 2924 4082 42 84
leaf_count=119 3000 70 2924 4082 42 84
internal_value=-1.10485e-10 -0.0928002 0.00173107 0.0100329 0.0251327 -0.0906693
internal_weight=10321 189 10132 7208 4208 126
internal_count=10321 189 10132 7208 4208 126
is_linear=0
shrinkage=0.05


Tree=45
num_leaves=7
num_cat=0
split_feature=10 14 12 22 11 25
split_gain=616.147 576.151 969.846 955.229 453.625 589.122
threshold=24.500000000000004 7.0000000000000009 20.312500000000004 28.050000000000004 18.500000000000004 5.8500000000000005
decision_type=2 2 2 2 2 2
left_child=1 2 3 -1 5 -3
right_child=-2 4 -4 -5 -6 -7
leaf_value=-0.00048829782050691453 0.034669196690788419 -0.02215622282433358 -0.24721398608138168 -0.24388096500997958 0.00317863978506502 -0.19560016994090643
leaf_weight=326 1140 1223 60 46 7475 51
leaf_count=326 1140 1223 60 46 7475 51
internal_value=-1.16763e-10 -0.00430486 -0.0606726 -0.0305852 -0.00152158 -0.0290994
internal_weight=10321 9181 432 372 8749 1274
internal_count=10321 9181 432 372 8749 1274
is_linear=0
shrinkage=0.05


Tree=46
num_leaves=7
num_cat=0
split_feature=12 2 10 13 0 7
split_gain=564.706 542.313 687.409 522.254 438.706 412.695
threshold=11.604166666666668 4.5000000000000009 22.500000000000004 2.3855668765022942 7.5000000000000009 -0.99761278905001471
decision_type=2 2 2 2 2 2
left_child=5 2 -2 -4 -3 -1
right_child=1 4 3 -5 -6 -7
leaf_value=-0.2167547416427861 -0.0012000053081312979 0.010848045499454955 0.016738571480926515 0.070717202929545586 -0.030264302282799305 -0.043505220657543225
leaf_weight=46 5043 972 1540 632 1952 136
leaf_count=46 5043 972 1540 632 1952 136
internal_value=-3.80152e-11 0.00156696 0.00892849 0.0324451 -0.0165977 -0.0872936
internal_weight=10321 10139 7215 2172 2924 182
internal_count=10321 10139 7215 2172 2924 182
is_linear=0
shrinkage=0.05


Tree=47
num_leaves=7
num_cat=0
split_feature=7 23 2 0 9 9
split_gain=527.72 1219.96 537.737 786.479 646.676 640.389
threshold=-0.99761278905001471 29.772916666666667 4.5000000000000009 10.500000000000002 12.000000000000002 18.500000000000004
decision_type=2 2 2 2 2 2
left_child=1 -1 3 -2 -4 -5
right_child=2 -3 4 5 -6 -7
leaf_value=0.014648209172966227 -0.0090925831635884774 -0.24840912156871386 -0.2025318739206895 0.15664266410670924 -0.013568398429352993 0.020967831310437387
leaf_weight=119 3300 70 46 89 2878 3819
leaf_count=119 3300 70 46 89 2878 3819
internal_value=1.88156e-10 -0.0827804 0.00154417 0.00888066 -0.0165411 0.0240577
internal_weight=10321 189 10132 7208 2924 3908
internal_count=10321 189 10132 7208 2924 3908
is_linear=0
shrinkage=0.05


Tree=48
num_leaves=7
num_cat=0
split_feature=12 11 7 25 8 0
split_gain=482.107 454.09 416.333 396.306 397.059 369.318
threshold=11.604166666666668 19.250000000000004 -0.99983123799342477 6.950000000000002 1.0000000180025095e-35 10.500000000000002
decision_type=2 2 2 2 2 2
left_child=-1 3 -3 4 -2 -4
right_child=1 2 5 -5 -6 -7
leaf_value=-0.080657115893868314 -0.018405766603424259 -0.14386430439021855 -0.00330787464673685 -0.14333153461843418 0.062197278808813795 0.019043107266082875
leaf_weight=182 2439 45 3446 60 163 3986
leaf_count=182 2439 45 3446 60 163 3986
internal_value=3.51406e-11 0.00144783 0.00776153 -0.016286 -0.0133565 0.00867961
internal_weight=10321 10139 7477 2662 2602 7432
internal_count=10321 10139 7477 2662 2602 7432
is_linear=0
shrinkage=0.05


Tree=49
num_leaves=7
num_cat=0
split_feature=10 14 20 10 14 4
split_gain=462.712 467.393 499.31 507.474 675.214 743.013
threshold=24.500000000000004 16.500000000000004 0.062500000000000014 19.250000000000004 7.0000000000000009 0.12940952255126045
decision_type=2 2 2 2 2 2
left_child=1 2 3 -1 5 -5
right_child=-2 -3 -4 4 -6 -7
leaf_value=-0.028262293279392271 0.030043966388084781 0.0001021279485658562 0.060258137743020884 -0.073297355156391866 -0.012443780608821748 -0.32426602365127927
leaf_weight=630 1140 8231 116 60 86 58
leaf_count=630 1140 8231 116 60 86 58
internal_value=2.18699e-11 -0.00373054 -0.0369376 -0.0504565 -0.118997 -0.196655
internal_weight=10321 9181 950 834 204 118
internal_count=10321 9181 950 834 204 118
is_linear=0
shrinkage=0.05


Tree=50
num_leaves=7
num_cat=0
split_feature=7 23 2 0 9 9
split_gain=435.788 1067.46 445.207 639.512 613.347 539.904
threshold=-0.99761278905001471 29.772916666666667 4.5000000000000009 10.500000000000002 18.500000000000004 12.000000000000002
decision_type=2 2 2 2 2 2
left_child=1 -1 3 -2 -5 -4
right_child=2 -3 5 4 -6 -7
leaf_value=0.015911000010121159 -0.0081284313692965293 -0.23015674295169966 -0.18499668888423756 0.15151986270590967 0.018740547205274915 -0.012336408796858061
leaf_weight=119 3300 70 46 89 3819 2878
leaf_count=119 3300 70 46 89 3819 2878
internal_value=-1.13589e-10 -0.0752252 0.00140323 0.00807875 0.0217644 -0.0150527
internal_weight=10321 189 10132 7208 3908 2924
internal_count=10321 189 10132 7208 3908 2924
is_linear=0
shrinkage=0.05


Tree=51
num_leaves=7
num_cat=0
split_feature=12 11 7 23 12 25
split_gain=426.483 380.129 389.139 1274.74 405.905 2258.74
threshold=22.770833333333339 19.250000000000004 -0.99761278905001471 29.772916666666667 22.562500000000004 -2.2000000000000015
decision_type=2 2 2 2 2 2
left_child=1 -1 3 -3 -4 -6
right_child=-2 2 4 -5 5 -7
leaf_value=-0.019633545401182909 0.034146615263584645 0.03174211802349116 0.007713264773966777 -0.27375065952117711 -0.28146221783594227 0.01797551973754339
leaf_weight=2527 840 96 6429 53 80 296
leaf_count=2527 840 96 6429 53 80 296
internal_value=1.56528e-10 -0.00302533 0.0030099 -0.0769231 0.00476008 -0.0457346
internal_weight=10321 9481 6954 149 6805 376
internal_count=10321 9481 6954 149 6805 376
is_linear=0
shrinkage=0.05


Tree=52
num_leaves=7
num_cat=0
split_feature=10 14 20 10 14 0
split_gain=393.214 399.703 433.085 465.822 607.715 671.721
threshold=24.500000000000004 16.500000000000004 0.062500000000000014 19.250000000000004 7.0000000000000009 10.500000000000002
decision_type=2 2 2 2 2 2
left_child=1 2 3 -1 5 -5
right_child=-2 -3 -4 4 -6 -7
leaf_value=-0.025474073815802557 0.027695954328672473 0.00010529947630497133 0.05637337446116425 -0.2956592544447631 -0.011318329034026626 -0.056207132706832558
leaf_weight=630 1140 8231 116 64 86 54
leaf_count=630 1140 8231 116 64 86 54
internal_value=-8.62191e-11 -0.00343899 -0.0341475 -0.0467379 -0.112406 -0.186079
internal_weight=10321 9181 950 834 204 118
internal_count=10321 9181 950 834 204 118
is_linear=0
shrinkage=0.05


Tree=53
num_leaves=7
num_cat=0
split_feature=12 11 25 2 7 23
split_gain=373.406 353.458 708.349 558.166 351.488 1068.04
threshold=22.770833333333339 18.500000000000004 6.4000000000000012 4.5000000000000009 -0.99761278905001471 29.772916666666667
decision_type=2 2 2 2 2 2
left_child=1 2 3 -1 5 -3
right_child=-2 4 -4 -5 -6 -7
leaf_value=0.05990680648136492 0.031951182937260632 0.024112584055444905 -0.22572393380971845 -0.032434090293530574 0.002726613037219704 -0.23943242965886991
leaf_weight=190 840 107 43 1180 7901 60
leaf_count=190 840 107 43 1180 7901 60
internal_value=1.47277e-10 -0.00283082 -0.0258995 -0.0196277 0.00120935 -0.0705742
internal_weight=10321 9481 1413 1370 8068 167
internal_count=10321 9481 1413 1370 8068 167
is_linear=0
shrinkage=0.05


Tree=54
num_leaves=7
num_cat=0
split_feature=10 2 5 11 23 26
split_gain=353.97 267.209 305.034 298.817 268.273 404.427
threshold=20.500000000000004 4.5000000000000009 1.0000000180025095e-35 18.500000000000004 11.039583333333335 1.0354166666666669
decision_type=2 2 2 2 2 2
left_child=-1 3 -3 -2 -5 -6
right_child=1 2 -4 4 5 -7
leaf_value=-0.0092730649441739813 0.10708498334961719 -0.031906397626870718 0.020189705737461539 0.053597769119761267 -0.027154664267727183 0.017024643521131321
leaf_weight=5153 87 722 460 375 631 2893
leaf_count=5153 87 722 460 375 631 2893
internal_value=-5.61644e-11 0.00924615 -0.0116321 0.0154373 0.0133924 0.00911399
internal_weight=10321 5168 1182 3986 3899 3524
internal_count=10321 5168 1182 3986 3899 3524
is_linear=0
shrinkage=0.05


Tree=55
num_leaves=7
num_cat=0
split_feature=10 14 12 4 7 13
split_gain=328.844 341.43 393.34 740.109 364.802 339.823
threshold=24.500000000000004 16.500000000000004 20.312500000000004 0.37940952255126054 -0.99761278905001471 2.3855668765022942
decision_type=2 2 2 2 2 2
left_child=1 2 4 -4 -1 -2
right_child=5 -3 3 -5 -6 -7
leaf_value=-0.13082878966478334 0.0013702270401510126 0.00013082091535225238 -0.0048953920298001989 -0.28179061407180028 -0.010902909454511953 0.0564338596364964
leaf_weight=69 644 8231 55 43 783 496
leaf_count=69 644 8231 55 43 783 496
internal_value=-8.38628e-13 -0.00314493 -0.0315267 -0.12639 -0.0206152 0.0253277
internal_weight=10321 9181 950 98 852 1140
internal_count=10321 9181 950 98 852 1140
is_linear=0
shrinkage=0.05


Tree=56
num_leaves=7
num_cat=0
split_feature=8 25 16 14 0 20
split_gain=313.021 395.195 845.815 368.196 335.46 319.872
threshold=1.0000000180025095e-35 5.2500000000000018 20.610119047619051 16.500000000000004 8.5000000000000018 0.062500000000000014
decision_type=2 2 2 2 2 2
left_child=3 4 -3 5 -2 -1
right_child=1 2 -4 -5 -6 -7
leaf_value=-0.051189943856280021 -0.033313666015844019 -0.23326053053885701 0.0089841547169426626 -0.0018328845087813841 0.023564801485672943 0.047431859905841423
leaf_weight=656 288 50 129 6509 2595 94
leaf_count=656 288 50 129 6509 2595 94
internal_value=-1.27824e-11 0.013407 -0.058682 -0.00565536 0.0178829 -0.0388293
internal_weight=10321 3062 179 7259 2883 750
internal_count=10321 3062 179 7259 2883 750
is_linear=0
shrinkage=0.05


Tree=57
num_leaves=7
num_cat=0
split_feature=12 11 25 2 12 25
split_gain=301.45 290.965 621.526 464.92 316.939 1830.07
threshold=22.770833333333339 18.500000000000004 6.4000000000000012 4.5000000000000009 22.562500000000004 -2.2000000000000015
decision_type=2 2 2 2 2 2
left_child=1 2 3 -1 -3 -6
right_child=-2 4 -4 -5 5 -7
leaf_value=0.054988867748516468 0.028708075550883744 0.0034269598373001574 -0.21065165722569407 -0.029286714066382325 -0.23815824742401756 0.014702743698802333
leaf_weight=190 840 7654 43 1180 92 322
leaf_count=190 840 7654 43 1180 92 322
internal_value=-2.1449e-11 -0.00254349 -0.0234738 -0.0175989 0.00112217 -0.0414886
internal_weight=10321 9481 1413 1370 8068 414
internal_count=10321 9481 1413 1370 8068 414
is_linear=0
shrinkage=0.05


Tree=58
num_leaves=7
num_cat=0
split_feature=7 23 8 25 16 0
split_gain=288.99 749.987 297.352 370.905 749.975 313.048
threshold=-0.99761278905001471 29.772916666666667 1.0000000180025095e-35 5.2500000000000018 20.610119047619051 8.5000000000000018
decision_type=2 2 2 2 2 2
left_child=1 -1 -2 5 -5 -4
right_child=2 -3 3 4 -6 -7
leaf_value=0.015132246819958717 -0.0044152950904000491 -0.19112313994339536 -0.031211233330173883 -0.21984214200079444 0.0082656103673290886 0.02431576059748089
leaf_weight=119 7130 70 282 50 129 2541
leaf_count=119 7130 70 282 50 129 2541
internal_value=9.43908e-12 -0.0612586 0.0011427 0.0143434 -0.0554516 0.018769
internal_weight=10321 189 10132 3002 179 2823
internal_count=10321 189 10132 3002 179 2823
is_linear=0
shrinkage=0.05


Tree=59
num_leaves=7
num_cat=0
split_feature=12 11 25 2 12 25
split_gain=268.616 255.798 547.128 413.096 288.19 1652.87
threshold=22.770833333333339 18.500000000000004 6.4000000000000012 4.5000000000000009 22.562500000000004 -2.2000000000000015
decision_type=2 2 2 2 2 2
left_child=1 2 3 -1 -3 -6
right_child=-2 4 -4 -5 5 -7
leaf_value=0.051909010014266982 0.027099582527392897 0.0032337946069203195 -0.19764383782654307 -0.027530783027611767 -0.22650221901054943 0.013805551223058444
leaf_weight=190 840 7654 43 1180 92 322
leaf_count=190 840 7654 43 1180 92 322
internal_value=-4.91406e-11 -0.00240098 -0.0220257 -0.0165136 0.00103602 -0.0395962
internal_weight=10321 9481 1413 1370 8068 414
internal_count=10321 9481 1413 1370 8068 414
is_linear=0
shrinkage=0.05


Tree=60
num_leaves=7
num_cat=0
split_feature=7 6 0 8 25 16
split_gain=261.035 675.985 836.689 260.221 330.034 665.033
threshold=-0.99761278905001471 1.0000000180025095e-35 13.500000000000002 1.0000000180025095e-35 5.2500000000000018 20.610119047619051
decision_type=2 2 2 2 2 2
left_child=1 2 -1 -2 -5 -6
right_child=3 -3 -4 4 5 -7
leaf_value=-0.024006025802414371 -0.0041133846466808004 0.034850445158857234 -0.32692435361444949 0.017609675710958474 -0.20720382355153563 0.00759813696283183
leaf_weight=53 7130 96 40 2823 50 129
leaf_count=53 7130 96 40 2823 50 129
internal_value=-2.76161e-11 -0.0582204 -0.154293 0.00108603 0.0134351 -0.0524024
internal_weight=10321 189 93 10132 3002 179
internal_count=10321 189 93 10132 3002 179
is_linear=0
shrinkage=0.05


Tree=61
num_leaves=7
num_cat=0
split_feature=10 7 26 23 13 2
split_gain=247.18 222.618 421.718 612.526 955.356 278.694
threshold=20.500000000000004 0.85561368268953431 1.2729166666666669 17.585416666666671 2.2071368132151048 3.5000000000000004
decision_type=2 2 2 2 2 2
left_child=-1 2 3 -2 -5 -4
right_child=1 -3 5 4 -6 -7
leaf_value=-0.0077490209140744356 -0.014728031319076795 0.026920187743298008 0.020590976426542194 0.015921049074015835 -0.30353068574517966 -0.0085424621146738822
leaf_weight=5153 493 1169 2037 44 50 1375
leaf_count=5153 493 1169 2037 44 50 1375
internal_value=6.84597e-11 0.00772653 0.00211578 -0.0370305 -0.154 0.00885051
internal_weight=10321 5168 3999 587 94 3412
internal_count=10321 5168 3999 587 94 3412
is_linear=0
shrinkage=0.05


Tree=62
num_leaves=7
num_cat=0
split_feature=11 14 12 22 24 10
split_gain=237.898 327.253 742.552 492.183 382.852 333.427
threshold=24.500000000000004 7.0000000000000009 20.312500000000004 28.050000000000004 23.559821428571428 18.500000000000004
decision_type=2 2 2 2 2 2
left_child=1 2 3 4 5 -1
right_child=-2 -3 -4 -5 -6 -7
leaf_value=0.023426884792229916 0.021479055130934298 -0.00064834254532611499 -0.21736627448688856 -0.17230675576821619 0.071791314977969298 -0.11121935410425068
leaf_weight=94 1146 8768 55 46 122 90
leaf_count=94 1146 8768 55 46 122 90
internal_value=-3.78923e-11 -0.00268283 -0.0465119 -0.0198159 0.0031076 -0.0424327
internal_weight=10321 9175 407 352 306 184
internal_count=10321 9175 407 352 306 184
is_linear=0
shrinkage=0.05


Tree=63
num_leaves=7
num_cat=0
split_feature=12 10 22 25 12 2
split_gain=231.229 230.945 218.354 299.06 787.339 1713.92
threshold=11.604166666666668 20.500000000000004 9.1500000000000021 -2.4500000000000015 22.562500000000004 2.5000000000000004
decision_type=2 2 2 2 2 2
left_child=-1 -2 -3 4 -4 -6
right_child=1 2 3 -5 5 -7
leaf_value=-0.055858910026458597 -0.0066612513233748729 0.041267250320103192 -0.0025851793254162681 0.010517718118428521 -0.34771603712881055 0.054462698481690434
leaf_weight=182 4991 461 599 3982 54 52
leaf_count=182 4991 461 599 3982 54 52
internal_value=8.38619e-11 0.00100269 0.00843291 0.00520342 -0.0248129 -0.150421
internal_weight=10321 10139 5148 4687 705 106
internal_count=10321 10139 5148 4687 705 106
is_linear=0
shrinkage=0.05


Tree=64
num_leaves=7
num_cat=0
split_feature=7 10 17 14 17 2
split_gain=221.291 231.433 270.314 363.667 952.437 269.444
threshold=-0.99983123799342477 24.500000000000004 2.6460693424098705 19.500000000000004 2.5315553083891493 4.5000000000000009
decision_type=2 2 2 2 2 2
left_child=-1 -2 3 -3 -5 -4
right_child=1 2 5 4 -6 -7
leaf_value=-0.10710729504935444 -0.0021391896026311977 0.027679549287621577 0.062529337724822914 0.0034313535053551087 -0.24962388212637357 -0.039207107022919352
leaf_weight=48 9142 389 453 165 48 76
leaf_count=48 9142 389 453 165 48 76
internal_value=5.02077e-13 0.000500453 0.021837 -0.00107712 -0.0535952 0.0479131
internal_weight=10321 10273 1131 602 213 529
internal_count=10321 10273 1131 602 213 529
is_linear=0
shrinkage=0.05


Tree=65
num_leaves=7
num_cat=0
split_feature=12 11 25 2 12 25
split_gain=216.004 211.297 485.245 357.335 244.957 1357.9
threshold=22.770833333333339 18.500000000000004 6.4000000000000012 4.5000000000000009 22.562500000000004 -2.2000000000000015
decision_type=2 2 2 2 2 2
left_child=1 2 3 -1 -3 -6
right_child=-2 4 -4 -5 5 -7
leaf_value=0.048839094669950248 0.024301191202241518 0.002996945530137074 -0.18537779038079588 -0.025044868852019755 -0.20589918782732086 0.011912625928276353
leaf_weight=190 840 7654 43 1180 92 322
leaf_count=190 840 7654 43 1180 92 322
internal_value=-2.69473e-11 -0.00215304 -0.0199892 -0.0147982 0.000970719 -0.03649
internal_weight=10321 9481 1413 1370 8068 414
internal_count=10321 9481 1413 1370 8068 414
is_linear=0
shrinkage=0.05


Tree=66
num_leaves=7
num_cat=0
split_feature=12 7 10 25 16 2
split_gain=208.049 204.077 224.132 193.266 916.085 250.727
threshold=11.604166666666668 -0.99983123799342477 20.500000000000004 6.950000000000002 20.735119047619051 1.0000000180025095e-35
decision_type=2 2 2 2 2 2
left_child=-1 -2 3 5 -5 -3
right_child=1 2 -4 4 -6 -7
leaf_value=-0.052985135621421944 -0.10190177845458191 0.015333127977429823 0.0087842770832356042 -0.23406493104263848 0.02723112872965653 -0.010978116633726045
leaf_weight=182 48 1208 5119 51 98 3615
leaf_count=182 48 1208 5119 51 98 3615
internal_value=4.24679e-11 0.000951109 0.00144035 -0.0061207 -0.0622058 -0.00438803
internal_weight=10321 10139 10091 4972 149 4823
internal_count=10321 10139 10091 4972 149 4823
is_linear=0
shrinkage=0.05


Tree=67
num_leaves=7
num_cat=0
split_feature=11 25 12 14 12 22
split_gain=191.408 291.732 460.048 269.207 688.804 438.782
threshold=24.500000000000004 -2.2000000000000015 22.562500000000004 7.0000000000000009 20.312500000000004 28.050000000000004
decision_type=2 2 2 2 2 2
left_child=3 2 -2 4 5 -1
right_child=1 -3 -4 -5 -6 -7
leaf_value=0.0051969972244133647 0.0050640395170525668 0.030971110530453413 -0.17614712242037059 -0.00056119905601034769 -0.20671369249170476 -0.16042803104804912
leaf_weight=306 158 943 45 8768 55 46
leaf_count=306 158 943 45 8768 55 46
internal_value=2.68688e-11 0.0192664 -0.0351059 -0.00240646 -0.0421589 -0.0164472
internal_weight=10321 1146 203 9175 407 352
internal_count=10321 1146 203 9175 407 352
is_linear=0
shrinkage=0.05


Tree=68
num_leaves=7
num_cat=0
split_feature=12 11 25 2 12 25
split_gain=191.152 183.542 425.026 316.586 218.276 1194.43
threshold=22.770833333333339 18.500000000000004 6.4000000000000012 4.5000000000000009 22.562500000000004 -2.2000000000000015
decision_type=2 2 2 2 2 2
left_child=1 2 3 -1 -3 -6
right_child=-2 4 -4 -5 5 -7
leaf_value=0.046108357496559622 0.022860537205221288 0.0027986743093591998 -0.17343529435957589 -0.023435420813492772 -0.1933611912774327 0.010920036114717585
leaf_weight=190 840 7654 43 1180 92 322
leaf_count=190 840 7654 43 1180 92 322
internal_value=1.49791e-11 -0.0020254 -0.0186489 -0.0137907 0.000885979 -0.0344758
internal_weight=10321 9481 1413 1370 8068 414
internal_count=10321 9481 1413 1370 8068 414
is_linear=0
shrinkage=0.05


Tree=69
num_leaves=7
num_cat=0
split_feature=12 0 6 7 10 25
split_gain=182.829 192.798 358.136 185.177 199.964 174.497
threshold=11.604166666666668 5.5000000000000009 -0.065535378769913874 -0.99983123799342477 20.500000000000004 5.2500000000000018
decision_type=2 2 2 2 2 2
left_child=1 -1 -3 -2 5 -5
right_child=3 2 -4 4 -6 -7
leaf_value=-0.14510400173504179 -0.097082790856560075 0.080760988143255136 -0.083761225799521943 -0.0032866518926996944 0.0082943205182686944 -0.040915440561419186
leaf_weight=41 48 53 88 4642 5119 330
leaf_count=41 48 53 88 4642 5119 330
internal_value=-2.60808e-11 -0.0496699 -0.0219195 0.000891599 0.00135763 -0.00578414
internal_weight=10321 182 141 10139 10091 4972
internal_count=10321 182 141 10139 10091 4972
is_linear=0
shrinkage=0.05


Tree=70
num_leaves=7
num_cat=0
split_feature=10 13 25 17 15 2
split_gain=174.629 267.865 402.044 853.07 237.23 231.95
threshold=24.500000000000004 2.3855668765022942 -2.4500000000000015 2.5315553083891493 42.500000000000007 4.5000000000000009
decision_type=2 2 2 2 2 2
left_child=4 2 3 -2 -1 -3
right_child=1 5 -4 -5 -6 -7
leaf_value=-0.0017534812658279875 0.042804688481869656 0.056608438323520194 0.013721822685286756 -0.25587557895316021 -0.12229453829548709 -0.064905214395244104
leaf_weight=9140 51 453 548 45 41 43
leaf_count=9140 51 453 548 45 41 43
internal_value=3.80774e-11 0.0184569 -0.00281336 -0.0972017 -0.00229179 0.046074
internal_weight=10321 1140 644 96 9181 496
internal_count=10321 1140 644 96 9181 496
is_linear=0
shrinkage=0.05


Tree=71
num_leaves=7
num_cat=0
split_feature=15 10 6 11 25 8
split_gain=164.694 224.472 269.88 184.477 370.334 225.993
threshold=26.500000000000004 22.500000000000004 0.99966190462023474 18.500000000000004 6.4000000000000012 1.0000000180025095e-35
decision_type=2 2 2 2 2 2
left_child=3 2 -2 4 5 -1
right_child=1 -3 -4 -5 -6 -7
leaf_value=-0.020690692472657424 0.0034041413326094203 0.032282430971130198 -0.12018222761006379 0.00014085215758725757 -0.1645298824580603 0.067124106582158657
leaf_weight=1207 1113 854 46 6980 43 78
leaf_count=1207 1113 854 46 6980 43 78
internal_value=4.80234e-11 0.0128314 -0.00150093 -0.00310901 -0.0201903 -0.0153603
internal_weight=10321 2013 1159 8308 1328 1285
internal_count=10321 2013 1159 8308 1328 1285
is_linear=0
shrinkage=0.05


Tree=72
num_leaves=7
num_cat=0
split_feature=7 12 13 14 0 13
split_gain=164.31 166.745 187.227 270.637 786.067 208.66
threshold=-0.99983123799342477 11.604166666666668 9.9522598236997837 7.0000000000000009 10.500000000000002 2.3942919949129782
decision_type=2 2 2 2 2 2
left_child=-1 -2 3 4 -3 -5
right_child=1 2 -4 5 -6 -7
leaf_value=-0.092293099011294552 -0.04700161454531334 -0.18822032472932004 0.057891288219899355 -0.0013880210694202414 0.034296178515586591 0.019823421563827048
leaf_weight=48 182 71 144 8442 90 1344
leaf_count=48 182 71 144 8442 90 1344
internal_value=6.08696e-11 0.000431234 0.00128673 0.000467278 -0.0638322 0.00152514
internal_weight=10321 10273 10091 9947 161 9786
internal_count=10321 10273 10091 9947 161 9786
is_linear=0
shrinkage=0.05


Tree=73
num_leaves=7
num_cat=0
split_feature=2 0 25 16 12 19
split_gain=154.27 358.058 382.018 613.376 354.508 354.555
threshold=3.5000000000000004 11.500000000000002 6.950000000000002 20.883928571428573 9.9791666666666679 46.500000000000007
decision_type=2 2 2 2 2 2
left_child=1 4 -3 -4 -1 -6
right_child=-2 2 3 -5 5 -7
leaf_value=-0.13643175739920341 -0.007013130067434677 0.021186847357240617 -0.20785076627616947 0.031949094394221902 -0.0024425833183809847 -0.14090792898167956
leaf_weight=52 4456 2829 48 60 2829 47
leaf_count=52 4456 2829 48 60 2829 47
internal_value=2.14073e-11 0.0053283 0.0176635 -0.0746286 -0.00704481 -0.0047054
internal_weight=10321 5865 2937 108 2928 2876
internal_count=10321 5865 2937 108 2928 2876
is_linear=0
shrinkage=0.05


Tree=74
num_leaves=7
num_cat=0
split_feature=7 15 9 25 12 20
split_gain=148.489 147.739 180.089 322.737 847.512 220.408
threshold=-0.99983123799342477 42.500000000000007 20.500000000000004 6.950000000000002 18.322916666666668 0.062500000000000014
decision_type=2 2 2 2 2 2
left_child=-1 2 3 5 -5 -2
right_child=1 -3 -4 4 -6 -7
leaf_value=-0.08773742030607537 -0.0038051788201089233 -0.088034940021548505 0.0093358728689245541 0.022921396958150177 -0.24831421750131996 0.084185339484570756
leaf_weight=48 6173 47 3861 72 48 72
leaf_count=48 6173 47 3861 72 48 72
internal_value=5.02367e-11 0.000409948 0.000816452 -0.00435142 -0.0855728 -0.00279072
internal_weight=10321 10273 10226 6365 120 6245
internal_count=10321 10273 10226 6365 120 6245
is_linear=0
shrinkage=0.05


Tree=75
num_leaves=7
num_cat=0
split_feature=11 25 12 14 16 12
split_gain=140.479 236.514 403.378 197.47 288.119 317.087
threshold=24.500000000000004 -2.2000000000000015 22.562500000000004 16.500000000000004 20.997023809523814 18.770833333333339
decision_type=2 2 2 2 2 2
left_child=3 2 -2 4 -1 -6
right_child=1 -3 -4 -5 5 -7
leaf_value=-0.013696123962794163 0.0051630554034056359 0.027044365071609601 -0.16452028866443369 0.00035303398259247634 -0.0029357954782123371 -0.17351634184282924
leaf_weight=786 158 943 45 8278 48 63
leaf_count=786 158 943 45 8278 48 63
internal_value=1.74846e-11 0.0165054 -0.0324515 -0.0020616 -0.0243452 -0.0997518
internal_weight=10321 1146 203 9175 897 111
internal_count=10321 1146 203 9175 897 111
is_linear=0
shrinkage=0.05


Tree=76
num_leaves=7
num_cat=0
split_feature=2 7 5 9 19 12
split_gain=135.835 332.76 321.503 251.83 240.547 231.67
threshold=3.5000000000000004 -0.99938741687870725 0.25881904510252057 19.500000000000004 25.500000000000004 23.291666666666668
decision_type=2 2 2 2 2 2
left_child=2 -2 5 4 -3 -1
right_child=1 3 -4 -5 -6 -7
leaf_value=0.012827270984280376 -0.13891860246385865 -0.096637386759206412 -0.008855209961789727 0.00039580260116705668 -0.019199805383913467 0.096901317406445753
leaf_weight=3338 47 118 2443 3623 668 84
leaf_count=3338 47 118 2443 3623 668 84
internal_value=1.40687e-11 -0.00658076 0.00499981 -0.00517004 -0.0308253 0.014891
internal_weight=10321 4456 5865 4409 786 3422
internal_count=10321 4456 5865 4409 786 3422
is_linear=0
shrinkage=0.05


Tree=77
num_leaves=7
num_cat=0
split_feature=11 11 16 16 2 5
split_gain=130.866 272.921 360.163 321.906 214.253 156.772
threshold=15.500000000000002 18.500000000000004 19.547619047619051 18.244047619047624 4.5000000000000009 0.25881904510252057
decision_type=2 2 2 2 2 2
left_child=-1 2 3 -2 -4 -3
right_child=1 5 4 -5 -6 -7
leaf_value=0.035881938661588078 -0.028458687462735662 0.0084422273430088176 0.06497526847600163 -0.22552362519374586 -0.021340463425134175 -0.0049122501687230754
leaf_weight=248 43 4706 77 40 1084 4123
leaf_count=248 43 4706 77 40 1084 4123
internal_value=-2.9273e-12 -0.000883423 -0.0228092 -0.12343 -0.0156158 0.0022059
internal_weight=10321 10073 1244 83 1161 8829
internal_count=10321 10073 1244 83 1161 8829
is_linear=0
shrinkage=0.05


Tree=78
num_leaves=7
num_cat=0
split_feature=28 28 2 0 12 6
split_gain=135.899 944.462 143.722 390.359 310.348 316.854
threshold=0.075000000000000025 0.080952380952380984 3.5000000000000004 11.500000000000002 9.9791666666666679 0.99818282439137029
decision_type=2 2 2 2 2 2
left_child=-1 -2 3 4 -3 -6
right_child=1 2 -4 -5 5 -7
leaf_value=0.03017984332924243 -0.22234550230787137 -0.12897448248874685 -0.006983294254326056 0.018280486223485062 -0.0034738393561359795 -0.13440803592390521
leaf_weight=360 48 52 4240 2841 2733 47
leaf_count=360 48 52 4240 2841 2733 47
internal_value=-5.11414e-11 -0.00109073 -1.93846e-05 0.00518544 -0.00795122 -0.00568748
internal_weight=10321 9961 9913 5673 2832 2780
internal_count=10321 9961 9913 5673 2832 2780
is_linear=0
shrinkage=0.05


Tree=79
num_leaves=7
num_cat=0
split_feature=6 6 2 13 9 25
split_gain=125.196 503.612 1462.02 190.809 216.927 216.24
threshold=0.83376496542330847 0.79383249484937135 2.5000000000000004 9.9522598236997837 19.500000000000004 6.950000000000002
decision_type=2 2 2 2 2 2
left_child=1 3 -3 4 -1 -6
right_child=-2 2 -4 -5 5 -7
leaf_value=-0.019141972314970723 0.011270999872878844 -0.32617438337563176 -0.018253860153070019 0.0627318706844886 0.0037627498089645942 -0.063982338143396197
leaf_weight=1405 1989 46 238 118 6405 120
leaf_count=1405 1989 46 238 118 6405 120
internal_value=-1.65752e-12 -0.00269059 -0.0681283 -0.000381409 -0.00132055 0.00251686
internal_weight=10321 8332 284 8048 7930 6525
internal_count=10321 8332 284 8048 7930 6525
is_linear=0
shrinkage=0.05


Tree=80
num_leaves=7
num_cat=0
split_feature=15 6 6 2 13 9
split_gain=127.337 158.993 453.182 1319.47 173.884 195.777
threshold=42.500000000000007 0.83376496542330847 0.79383249484937135 2.5000000000000004 9.9522598236997837 19.500000000000004
decision_type=2 2 2 2 2 2
left_child=1 2 4 -4 5 -1
right_child=-2 -3 3 -5 -6 -7
leaf_value=-0.018184873526915907 -0.082112258478523575 0.013161945114303809 -0.30986566470692989 -0.017341167466448888 0.06715162209571994 0.0023910199530218406
leaf_weight=1405 47 1966 46 238 94 6525
leaf_count=1405 47 1966 46 238 94 6525
internal_value=-1.18355e-11 0.000375635 -0.00265011 -0.0647219 -0.000453152 -0.00125452
internal_weight=10321 10274 8308 284 8024 7930
internal_count=10321 10274 8308 284 8024 7930
is_linear=0
shrinkage=0.05


Tree=81
num_leaves=7
num_cat=0
split_feature=7 28 28 16 13 22
split_gain=125.285 116.884 844.39 121.4 464.257 282.974
threshold=-0.99983123799342477 0.075000000000000025 0.080952380952380984 20.572916666666671 4.6045288947292375 28.050000000000004
decision_type=2 2 2 2 2 2
left_child=-1 -2 -3 5 -5 -4
right_child=1 2 3 4 -6 -7
leaf_value=-0.080591160167629516 0.028363162460866283 -0.20984228876962641 0.013582883638642124 -0.0017047930178077193 -0.16103324799433999 -0.088518658887062757
leaf_weight=48 360 48 2221 7528 46 70
leaf_count=48 360 48 2221 7528 46 70
internal_value=1.264e-11 0.000376558 -0.000639803 0.000378111 -0.00267246 0.0104632
internal_weight=10321 10273 9913 9865 7574 2291
internal_count=10321 10273 9913 9865 7574 2291
is_linear=0
shrinkage=0.05


Tree=82
num_leaves=7
num_cat=0
split_feature=11 11 16 16 2 7
split_gain=115.389 236.166 312.214 275.213 186.262 136.371
threshold=15.500000000000002 18.500000000000004 19.547619047619051 18.244047619047624 4.5000000000000009 -0.99761278905001471
decision_type=2 2 2 2 2 2
left_child=-1 2 3 -2 -4 -3
right_child=1 5 4 -5 -6 -7
leaf_value=0.033693353669913183 -0.027095390446375794 -0.042709162957341729 0.060614385230877955 -0.20930852477438747 -0.019865697912604535 0.0029070688211921235
leaf_weight=248 43 167 77 40 1084 8662
leaf_count=248 43 167 77 40 1084 8662
internal_value=-2.83178e-12 -0.00082954 -0.0212255 -0.114909 -0.0145281 0.00204424
internal_weight=10321 10073 1244 83 1161 8829
internal_count=10321 10073 1244 83 1161 8829
is_linear=0
shrinkage=0.05


Tree=83
num_leaves=7
num_cat=0
split_feature=28 28 2 0 19 7
split_gain=112.327 743.379 123.97 352.969 270.631 265.055
threshold=0.075000000000000025 0.080952380952380984 3.5000000000000004 11.500000000000002 46.500000000000007 -0.99938741687870725
decision_type=2 2 2 2 2 2
left_child=-1 -2 3 4 -3 -4
right_child=1 2 5 -5 -6 -7
leaf_value=0.027437985891333991 -0.1972849539325883 -0.0056909531670896601 -0.12458668014312045 0.017244910834005072 -0.12667928296537634 -0.0051853049008822837
leaf_weight=360 48 2785 47 2841 47 4193
leaf_count=360 48 2785 47 2841 47 4193
internal_value=5.09331e-11 -0.000991635 -4.11577e-05 0.0047928 -0.00769888 -0.00650886
internal_weight=10321 9961 9913 5673 2832 4240
internal_count=10321 9961 9913 5673 2832 4240
is_linear=0
shrinkage=0.05


Tree=84
num_leaves=7
num_cat=0
split_feature=13 0 2 6 9 9
split_gain=109.26 304.962 449.473 322.123 245.801 244.674
threshold=2.3855668765022942 10.500000000000002 4.5000000000000009 0.99907018497641664 18.500000000000004 18.500000000000004
decision_type=2 2 2 2 2 2
left_child=-1 3 5 4 -2 -3
right_child=1 2 -4 -5 -6 -7
leaf_value=-0.0023373611784000023 -0.093142223311588168 0.13712684463650462 -0.067792490217834719 -0.14450321128526919 0.0051702344293194091 0.03475179567091604
leaf_weight=8555 70 63 104 43 693 793
leaf_count=8555 70 63 104 43 693 793
internal_value=5.59151e-12 0.0113228 0.0303612 -0.0113531 -0.00384926 0.0422864
internal_weight=10321 1766 960 806 763 856
internal_count=10321 1766 960 806 763 856
is_linear=0
shrinkage=0.05


Tree=85
num_leaves=7
num_cat=0
split_feature=11 11 16 16 2 5
split_gain=104.757 202.441 276.243 245.101 163.158 128.198
threshold=15.500000000000002 18.500000000000004 19.547619047619051 18.244047619047624 4.5000000000000009 0.25881904510252057
decision_type=2 2 2 2 2 2
left_child=-1 2 3 -2 -4 -3
right_child=1 5 4 -5 -6 -7
leaf_value=0.032103610020168427 -0.024925282844450586 0.0075097316262161887 0.056953698654308341 -0.19688130236230791 -0.018369834680361307 -0.0045665747441470906
leaf_weight=248 43 4706 77 40 1084 4123
leaf_count=248 43 4706 77 40 1084 4123
internal_value=-5.87227e-11 -0.0007904 -0.019674 -0.107796 -0.0133742 0.00187029
internal_weight=10321 10073 1244 83 1161 8829
internal_count=10321 10073 1244 83 1161 8829
is_linear=0
shrinkage=0.05


Tree=86
num_leaves=7
num_cat=0
split_feature=15 6 6 2 12 7
split_gain=102.948 142.49 414.688 1201.77 146.84 233.067
threshold=42.500000000000007 0.83376496542330847 0.79383249484937135 2.5000000000000004 21.895833333333339 -0.99938741687870725
decision_type=2 2 2 2 2 2
left_child=1 2 4 -4 5 -1
right_child=-2 -3 3 -5 -6 -7
leaf_value=-0.11622531610600494 -0.073830912236441323 0.012442297022791197 -0.2958579454732978 -0.016685704287423306 0.0087986303982549984 -0.0043777233662891215
leaf_weight=47 47 1966 46 238 2806 5171
leaf_count=47 47 1966 46 238 2806 5171
internal_value=-5.10652e-11 0.000337751 -0.00252666 -0.0619037 -0.00042508 -0.00538517
internal_weight=10321 10274 8308 284 8024 5218
internal_count=10321 10274 8308 284 8024 5218
is_linear=0
shrinkage=0.05


Tree=87
num_leaves=7
num_cat=0
split_feature=28 28 16 13 22 0
split_gain=100.898 660.713 119.296 379.864 225.632 201.309
threshold=0.075000000000000025 0.080952380952380984 20.572916666666671 4.6045288947292375 28.050000000000004 5.5000000000000009
decision_type=2 2 2 2 2 2
left_child=-1 -2 4 -4 5 -3
right_child=1 2 3 -5 -6 -7
leaf_value=0.02600458993938648 -0.18599745370447637 -0.013459975909975825 -0.0021811477954131069 -0.14629965618495708 -0.078424939213852796 0.021393160506387413
leaf_weight=360 48 551 7576 46 70 1670
leaf_count=360 48 551 7576 46 70 1670
internal_value=2.83022e-11 -0.000939831 -4.37581e-05 -0.00305093 0.00996088 0.0127466
internal_weight=10321 9961 9913 7622 2291 2221
internal_count=10321 9961 9913 7622 2291 2221
is_linear=0
shrinkage=0.05


Tree=88
num_leaves=7
num_cat=0
split_feature=13 0 2 15 9 9
split_gain=98.64 269.931 388.338 292.282 233.149 197.864
threshold=2.3855668765022942 10.500000000000002 4.5000000000000009 33.500000000000007 18.500000000000004 18.500000000000004
decision_type=2 2 2 2 2 2
left_child=-1 3 4 5 -3 -2
right_child=1 2 -4 -5 -6 -7
leaf_value=-0.0022208590737316002 -0.083541643710008689 0.13233433576034648 -0.06256459084912562 -0.13740809671147619 0.032399551390155254 0.0046648233113845694
leaf_weight=8555 70 63 104 43 793 693
leaf_count=8555 70 63 104 43 793 693
internal_value=-7.97331e-12 0.0107585 0.02867 -0.0105754 0.0397546 -0.00342751
internal_weight=10321 1766 960 806 856 763
internal_count=10321 1766 960 806 856 763
is_linear=0
shrinkage=0.05


Tree=89
num_leaves=7
num_cat=0
split_feature=11 11 16 6 2 5
split_gain=97.1869 178.842 248.272 235.742 142.923 108.438
threshold=15.500000000000002 18.500000000000004 19.547619047619051 0.41398981800788198 4.5000000000000009 0.25881904510252057
decision_type=2 2 2 2 2 2
left_child=-1 2 3 -2 -4 -3
right_child=1 5 4 -5 -6 -7
leaf_value=0.030921930624754169 -0.014683147706091405 0.0069261431928085912 0.053284580729805034 -0.18332417681380067 -0.017213408218209571 -0.0041805435676165676
leaf_weight=248 40 4706 77 43 1084 4123
leaf_count=248 40 4706 77 43 1084 4123
internal_value=2.20358e-11 -0.000761306 -0.0185102 -0.102051 -0.0125378 0.0017395
internal_weight=10321 10073 1244 83 1161 8829
internal_count=10321 10073 1244 83 1161 8829
is_linear=0
shrinkage=0.05


Tree=90
num_leaves=7
num_cat=0
split_feature=20 14 0 28 28 2
split_gain=93.239 158.905 430.957 800.053 465.051 185.288
threshold=0.062500000000000014 7.0000000000000009 10.500000000000002 1.4360119047619049 1.4360119047619049 2.5000000000000004
decision_type=2 2 2 2 2 2
left_child=1 2 3 -1 -4 -6
right_child=-2 -3 4 -5 5 -7
leaf_value=-0.26337772169891671 0.039951818104438847 0.00060153731220525457 0.12558096918364756 -0.017161640203050752 0.034828803176973386 -0.087733286141585085
leaf_weight=49 144 9834 64 101 51 78
leaf_count=49 144 9834 64 101 51 78
internal_value=3.70358e-11 -0.0005653 -0.0340192 -0.0975922 0.0153899 -0.0392785
internal_weight=10321 10177 343 150 193 129
internal_count=10321 10177 343 150 193 129
is_linear=0
shrinkage=0.05


Tree=91
num_leaves=7
num_cat=0
split_feature=6 6 12 10 13 11
split_gain=92.02 377.672 1135.82 165.371 304.384 160.932
threshold=0.83376496542330847 0.79383249484937135 22.562500000000004 17.500000000000004 8.227364681578063 24.500000000000004
decision_type=2 2 2 2 2 2
left_child=1 -1 3 -3 -5 -2
right_child=5 2 -4 4 -6 -7
leaf_value=-0.00030699626535660141 0.0039300503646998441 0.076873203675921375 -0.28351352195790475 -0.0019967417387912671 -0.15659940771758557 0.044946736123466446
leaf_weight=8048 1711 41 47 156 40 278
leaf_count=8048 1711 41 47 156 40 278
internal_value=6.50588e-11 -0.00230671 -0.0589747 -0.0144459 -0.0335483 0.0096629
internal_weight=10321 8332 284 237 196 1989
internal_count=10321 8332 284 237 196 1989
is_linear=0
shrinkage=0.05


Tree=92
num_leaves=7
num_cat=0
split_feature=12 12 25 2 16 28
split_gain=92.2626 118.369 955.167 1582.33 137.889 364.129
threshold=22.770833333333339 22.562500000000004 -2.2000000000000015 2.5000000000000004 21.032738095238098 0.10803571428571429
decision_type=2 2 2 2 2 2
left_child=1 4 3 -3 5 -1
right_child=-2 2 -4 -5 -6 -7
leaf_value=-0.11661354599442955 0.015882149980274596 -0.38220017863644495 0.010554230539936624 0.030498232886505623 0.0079197421558651407 -0.003453162796633439
leaf_weight=72 840 45 360 48 3334 5622
leaf_count=72 840 45 360 48 3334 5622
internal_value=-8.61328e-12 -0.00140713 -0.0263478 -0.169195 -0.000155675 -0.00488406
internal_weight=10321 9481 453 93 9028 5694
internal_count=10321 9481 453 93 9028 5694
is_linear=0
shrinkage=0.05


Tree=93
num_leaves=7
num_cat=0
split_feature=7 9 25 12 20 18
split_gain=91.3026 92.7058 203.639 576.045 150.724 151.021
threshold=-0.99983123799342477 20.500000000000004 6.950000000000002 18.322916666666668 0.062500000000000014 17.500000000000004
decision_type=2 2 2 2 2 2
left_child=-1 2 4 -4 5 -2
right_child=1 -3 3 -5 -6 -7
leaf_value=-0.068798475184788307 -0.0046029240245596204 0.0064133407130335567 0.02154449591956412 -0.20207106198649855 0.060022115782097298 0.037956549560746039
leaf_weight=48 5957 3884 72 48 96 216
leaf_count=48 5957 3884 72 48 96 216
internal_value=6.36867e-11 0.000321457 -0.00338192 -0.0679017 -0.00214689 -0.00311372
internal_weight=10321 10273 6389 120 6269 6173
internal_count=10321 10273 6389 120 6269 6173
is_linear=0
shrinkage=0.05


Tree=94
num_leaves=7
num_cat=0
split_feature=28 28 16 18 4 22
split_gain=89.3234 537.127 109.398 324.79 717.542 194.461
threshold=0.075000000000000025 0.080952380952380984 20.572916666666671 12.000000000000002 1.0000000180025095e-35 28.050000000000004
decision_type=2 2 2 2 2 2
left_child=-1 -2 5 4 -4 -3
right_child=1 2 3 -5 -6 -7
leaf_value=0.024467629258288073 -0.16773920009533566 0.012090378181299821 0.035330840054962592 -0.0016785895413851646 -0.21454408487105475 -0.072549625289227287
leaf_weight=360 48 2221 59 7507 56 70
leaf_count=360 48 2221 59 7507 56 70
internal_value=2.15206e-11 -0.000884283 -7.63507e-05 -0.00295606 -0.0863474 0.00950426
internal_weight=10321 9961 9913 7622 115 2291
internal_count=10321 9961 9913 7622 115 2291
is_linear=0
shrinkage=0.05


Tree=95
num_leaves=7
num_cat=0
split_feature=17 19 7 0 20 10
split_gain=86.0224 144.926 284.802 782.549 153.105 234.179
threshold=2.0099922153360219 26.500000000000004 -0.99761278905001471 13.500000000000002 0.062500000000000014 6.5000000000000009
decision_type=2 2 2 2 2 2
left_child=-1 2 3 -2 5 -3
right_child=1 4 -4 -5 -6 -7
leaf_value=0.017297028273424078 0.028334145079243856 0.1061803656050338 -0.0084138999979961812 -0.26461980813415725 0.065034307290504023 0.0006887693256416471
leaf_weight=672 53 53 2295 40 96 7112
leaf_count=672 53 53 2295 40 96 7112
internal_value=1.83211e-11 -0.00120464 -0.0118899 -0.0976676 0.00230951 0.0014691
internal_weight=10321 9649 2388 93 7261 7165
internal_count=10321 9649 2388 93 7261 7165
is_linear=0
shrinkage=0.05


Tree=96
num_leaves=7
num_cat=0
split_feature=15 13 2 0 9 9
split_gain=85.7421 108.255 168.534 197.274 219.634 191.085
threshold=42.500000000000007 2.3855668765022942 4.5000000000000009 10.500000000000002 18.500000000000004 18.500000000000004
decision_type=2 2 2 2 2 2
left_child=1 -1 3 4 -3 -5
right_child=-2 2 -4 5 -6 -7
leaf_value=-0.0019924158891052811 -0.067379384242156712 -0.10326965177059173 -0.032654293568706826 0.11746742116316918 0.0054856755473516108 0.026882785281094796
leaf_weight=8555 47 50 190 63 649 767
leaf_count=8555 47 50 190 63 649 767
internal_value=-8.05643e-12 0.000308237 0.011758 0.0172768 -0.00229368 0.0337585
internal_weight=10321 10274 1719 1529 699 830
internal_count=10321 10274 1719 1529 699 830
is_linear=0
shrinkage=0.05


Tree=97
num_leaves=7
num_cat=0
split_feature=11 11 25 8 5 12
split_gain=86.0502 151.715 201.741 132.711 91.2415 194.642
threshold=15.500000000000002 18.500000000000004 6.4000000000000012 1.0000000180025095e-35 0.25881904510252057 11.604166666666668
decision_type=2 2 2 2 2 2
left_child=-1 2 3 -2 -3 -6
right_child=1 4 -4 -5 5 -7
leaf_value=0.029096356004987275 -0.016929594573339115 0.0063446201556288653 -0.12347673648091162 0.061901681356747375 -0.08533196051915487 -0.0023950595265335765
leaf_weight=248 1145 4706 43 56 72 4051
leaf_count=248 1145 4706 43 56 72 4051
internal_value=1.38635e-11 -0.00071636 -0.0170638 -0.0132539 0.00158699 -0.00384339
internal_weight=10321 10073 1244 1201 8829 4123
internal_count=10321 10073 1244 1201 8829 4123
is_linear=0
shrinkage=0.05


Tree=98
num_leaves=7
num_cat=0
split_feature=15 6 6 2 12 7
split_gain=78.5411 103.83 328.705 977.776 107.696 156.883
threshold=42.500000000000007 0.83376496542330847 0.79383249484937135 2.5000000000000004 21.895833333333339 -0.99938741687870725
decision_type=2 2 2 2 2 2
left_child=1 2 4 -4 5 -1
right_child=-2 -3 3 -5 -6 -7
leaf_value=-0.09546478609455393 -0.064487926687728223 0.010627831816400301 -0.26604226523119473 -0.01422733074563317 0.007620110882971657 -0.0037003524001957746
leaf_weight=47 47 1966 46 238 2806 5171
leaf_count=47 47 1966 46 238 2806 5171
internal_value=-1.85654e-11 0.00029501 -0.00215014 -0.0550143 -0.00027908 -0.0045269
internal_weight=10321 10274 8308 284 8024 5218
internal_count=10321 10274 8308 284 8024 5218
is_linear=0
shrinkage=0.05


Tree=99
num_leaves=7
num_cat=0
split_feature=11 11 16 16 2 28
split_gain=78.3958 136.151 197.173 208.198 116.707 83.4071
threshold=15.500000000000002 18.500000000000004 19.547619047619051 18.244047619047624 4.5000000000000009 0.075000000000000025
decision_type=2 2 2 2 2 2
left_child=-1 2 3 -2 -4 -3
right_child=1 5 4 -5 -6 -7
leaf_value=0.027772126464368475 -0.014241922929541878 0.027365840423660373 0.048632384609285893 -0.17272499229758978 -0.015072714021138169 0.00058523987655158673
leaf_weight=248 43 301 77 40 1084 8528
leaf_count=248 43 301 77 40 1084 8528
internal_value=2.28703e-11 -0.000683757 -0.01617 -0.0906193 -0.0108477 0.00149825
internal_weight=10321 10073 1244 83 1161 8829
internal_count=10321 10073 1244 83 1161 8829
is_linear=0
shrinkage=0.05


Tree=100
num_leaves=7
num_cat=0
split_feature=17 19 7 0 20 10
split_gain=76.7301 120.554 234.738 705.164 141.815 217.731
threshold=2.0099922153360219 26.500000000000004 -0.99761278905001471 13.500000000000002 0.062500000000000014 6.5000000000000009
decision_type=2 2 2 2 2 2
left_child=-1 2 3 -2 5 -3
right_child=1 4 -4 -5 -6 -7
leaf_value=0.016336109401206722 0.030852009777752862 0.1022256643915514 -0.0077274584397204402 -0.24724004127085211 0.062435253969548889 0.00050609558856429065
leaf_weight=672 53 53 2295 40 96 7112
leaf_count=672 53 53 2295 40 96 7112
internal_value=-3.04682e-11 -0.00113772 -0.0108832 -0.0887575 0.00206736 0.00125852
internal_weight=10321 9649 2388 93 7261 7165
internal_count=10321 9649 2388 93 7261 7165
is_linear=0
shrinkage=0.05


Tree=101
num_leaves=7
num_cat=0
split_feature=15 6 6 12 10 13
split_gain=75.8046 93.5715 300.797 912.074 136.802 258.017
threshold=42.500000000000007 0.83376496542330847 0.79383249484937135 22.562500000000004 17.500000000000004 8.227364681578063
decision_type=2 2 2 2 2 2
left_child=1 2 -1 4 -4 -6
right_child=-2 -3 3 -5 5 -7
leaf_value=-0.00024151790835126569 -0.063354545080677629 0.010098911659156815 0.070358292067923198 -0.25381228100666975 -0.0010241549587450347 -0.14336503037251533
leaf_weight=8024 47 1966 41 47 156 40
leaf_count=8024 47 1966 41 47 156 40
internal_value=3.73517e-11 0.000289825 -0.00203139 -0.0526016 -0.0126991 -0.0300733
internal_weight=10321 10274 8308 284 237 196
internal_count=10321 10274 8308 284 237 196
is_linear=0
shrinkage=0.05


Tree=102
num_leaves=7
num_cat=0
split_feature=16 8 12 26 16 11
split_gain=72.7981 112.446 109.766 109.904 605.792 738.265
threshold=21.708333333333339 1.0000000180025095e-35 23.520833333333336 1.2104166666666669 21.535714285714288 21.500000000000004
decision_type=2 2 2 2 2 2
left_child=2 -2 3 4 -1 -6
right_child=1 -3 -4 -5 5 -7
leaf_value=-0.0037221790549493762 0.0021506594248183468 0.039040841223704152 0.060115144968343283 0.0014017767530010517 -0.016228391706490108 -0.21741247458971646
leaf_weight=2246 718 290 72 6805 114 76
leaf_count=2246 718 290 72 6805 114 76
internal_value=-2.10239e-11 0.0127639 -0.00138151 -0.00186065 -0.0109743 -0.096702
internal_weight=10321 1008 9313 9241 2436 190
internal_count=10321 1008 9313 9241 2436 190
is_linear=0
shrinkage=0.05


Tree=103
num_leaves=7
num_cat=0
split_feature=28 28 16 18 4 22
split_gain=70.6224 472.169 100.342 277.355 639.415 141.19
threshold=0.075000000000000025 0.080952380952380984 20.572916666666671 12.000000000000002 1.0000000180025095e-35 28.050000000000004
decision_type=2 2 2 2 2 2
left_child=-1 -2 5 4 -4 -3
right_child=1 2 3 -5 -6 -7
leaf_value=0.021756081985885328 -0.15722676262569923 0.01135033618976866 0.035014819199124636 -0.0016062227902828936 -0.2008646796706931 -0.060770563664180891
leaf_weight=360 48 2221 59 7507 56 70
leaf_count=360 48 2221 59 7507 56 70
internal_value=-8.29333e-12 -0.000786285 -2.87809e-05 -0.00278673 -0.0798482 0.00914673
internal_weight=10321 9961 9913 7622 115 2291
internal_count=10321 9961 9913 7622 115 2291
is_linear=0
shrinkage=0.05


Tree=104
num_leaves=7
num_cat=0
split_feature=17 19 7 0 20 10
split_gain=70.9065 110.272 203.905 636.291 129.258 188.665
threshold=2.0099922153360219 26.500000000000004 -0.99761278905001471 13.500000000000002 0.062500000000000014 6.5000000000000009
decision_type=2 2 2 2 2 2
left_child=-1 2 3 -2 5 -3
right_child=1 4 -4 -5 -6 -7
leaf_value=0.015703936488239176 0.030624008038133945 0.095186073389255776 -0.0074731317788899179 -0.23353859025985005 0.059604973500245254 0.00049906131520323935
leaf_weight=672 53 53 2295 40 96 7112
leaf_count=672 53 53 2295 40 96 7112
internal_value=1.18739e-11 -0.00109369 -0.0104143 -0.0829943 0.00197167 0.00119947
internal_weight=10321 9649 2388 93 7261 7165
internal_count=10321 9649 2388 93 7261 7165
is_linear=0
shrinkage=0.05


Tree=105
num_leaves=7
num_cat=0
split_feature=4 7 4 2 13 28
split_gain=68.0766 105.329 95.3516 216.886 250.591 226.29
threshold=0.91597561503675362 -0.99983123799342477 1.0000000180025095e-35 4.5000000000000009 2.9658756142218512 0.1791666666666667
decision_type=2 2 2 2 2 2
left_child=1 -1 3 4 5 -3
right_child=-2 2 -4 -5 -6 -7
leaf_value=-0.080531700789218855 0.010739619241791867 -0.053270046128846643 -0.0071250958934767801 -0.012809053004433912 0.049442356063890559 0.0084272448952439627
leaf_weight=42 1291 156 3843 1488 360 3141
leaf_count=42 1291 156 3843 1488 360 3141
internal_value=-1.72814e-11 -0.00153542 -0.00116628 0.00328459 0.00983295 0.00550799
internal_weight=10321 9030 8988 5145 3657 3297
internal_count=10321 9030 8988 5145 3657 3297
is_linear=0
shrinkage=0.05


Tree=106
num_leaves=7
num_cat=0
split_feature=15 6 6 7 10 13
split_gain=70.7914 81.7803 168.542 805.637 109.472 222.908
threshold=42.500000000000007 0.85226249403558707 0.79383249484937135 0.5969655492110445 16.500000000000004 8.227364681578063
decision_type=2 2 2 2 2 2
left_child=1 2 -1 4 -4 -6
right_child=-2 -3 3 -5 5 -7
leaf_value=-0.00016042182586588452 -0.06122377830200848 0.0098880165251576113 0.066873014553688298 -0.2276757207322628 7.1965506162112677e-05 -0.10993401895361868
leaf_weight=8024 47 1822 43 47 283 55
leaf_count=8024 47 1822 43 47 283 55
internal_value=-2.4699e-11 0.000280078 -0.00179111 -0.0323627 -0.00826894 -0.0178284
internal_weight=10321 10274 8452 428 381 338
internal_count=10321 10274 8452 428 381 338
is_linear=0
shrinkage=0.05


Tree=107
num_leaves=7
num_cat=0
split_feature=11 16 16 13 13 0
split_gain=68.7807 117.963 432.311 133.464 260.32 129.1
threshold=15.500000000000002 19.547619047619051 19.380952380952383 7.6696297365726451 4.6045288947292375 5.5000000000000009
decision_type=2 2 2 2 2 2
left_child=-1 2 5 4 -3 -2
right_child=1 3 -4 -5 -6 -7
leaf_value=0.026013325603261986 -0.049440185109443674 0.00072361351394013753 -0.16550556841151168 0.053870524845730808 -0.11851665568740473 0.003364869847990145
leaf_weight=248 154 9242 48 117 46 466
leaf_count=248 154 9242 48 117 46 466
internal_value=-3.39763e-11 -0.000640455 -0.0209432 0.000801565 0.000133061 -0.00975122
internal_weight=10321 10073 668 9405 9288 620
internal_count=10321 10073 668 9405 9288 620
is_linear=0
shrinkage=0.05


Tree=108
num_leaves=7
num_cat=0
split_feature=28 28 25 7 9 23
split_gain=70.1358 394.969 86.6792 169.627 133.142 117.663
threshold=0.075000000000000025 0.080952380952380984 4.1500000000000012 -0.57077231802681661 19.500000000000004 7.2666666666666666
decision_type=2 2 2 2 2 2
left_child=-1 -2 5 -4 -5 -3
right_child=1 2 3 4 -6 -7
leaf_value=0.021681002194479031 -0.143864583526738 -0.050838183887923764 0.087769275696741214 -0.017181259954367725 0.022205651957454393 -0.00099047645591822451
leaf_weight=360 48 120 72 334 600 8787
leaf_count=360 48 120 72 334 600 8787
internal_value=2.86701e-11 -0.000783572 -9.07556e-05 0.0138213 0.00812082 -0.00166205
internal_weight=10321 9961 9913 1006 934 8907
internal_count=10321 9961 9913 1006 934 8907
is_linear=0
shrinkage=0.05


Tree=109
num_leaves=7
num_cat=0
split_feature=7 11 19 26 23 29
split_gain=65.7263 136.423 130.878 101.254 368.909 1324.31
threshold=0.98005052076767474 21.500000000000004 27.500000000000004 1.2583333333333335 17.585416666666671 1.255654761904762
decision_type=2 2 2 2 2 2
left_child=3 -2 -3 4 -1 -6
right_child=1 2 -4 -5 5 -7
leaf_value=-0.0038740370772161838 0.035533825391263082 0.019913019053080305 -0.04615590687265949 0.0020413328381407195 -0.0069362050539488532 -0.3101153029047925
leaf_weight=2368 369 167 136 7069 166 46
leaf_count=2368 369 167 136 7069 166 46
internal_value=4.63087e-11 0.0151194 -0.00974168 -0.00105298 -0.00953118 -0.0727203
internal_weight=10321 672 303 9649 2580 212
internal_count=10321 672 303 9649 2580 212
is_linear=0
shrinkage=0.05


Tree=110
num_leaves=7
num_cat=0
split_feature=16 8 24 12 26 16
split_gain=64.7946 102.209 94.2598 93.6679 85.4767 507.559
threshold=21.708333333333339 1.0000000180025095e-35 22.378571428571433 23.520833333333336 1.2104166666666669 21.535714285714288
decision_type=2 2 2 2 2 2
left_child=3 -2 -3 4 5 -1
right_child=1 2 -4 -5 -6 -7
leaf_value=-0.0031451272362984558 0.0019232431690929805 0.048496443525329232 -0.034170582625083622 0.055505218972555476 0.0011311525396428554 -0.088253100566431208
leaf_weight=2246 718 250 40 72 6805 190
leaf_count=2246 718 250 40 72 6805 190
internal_value=8.68938e-12 0.0120418 0.0370941 -0.00130336 -0.00174597 -0.00978327
internal_weight=10321 1008 290 9313 9241 2436
internal_count=10321 1008 290 9313 9241 2436
is_linear=0
shrinkage=0.05


Tree=111
num_leaves=7
num_cat=0
split_feature=7 11 19 7 23 14
split_gain=63.1411 123.401 117.768 95.6442 95.3743 91.1577
threshold=0.98005052076767474 21.500000000000004 27.500000000000004 0.99138911339924218 3.3625000000000003 19.500000000000004
decision_type=2 2 2 2 2 2
left_child=-1 4 5 -4 -2 -3
right_child=1 2 3 -5 -6 -7
leaf_value=-0.001032068908233463 -0.032300376384816275 0.065002435922735566 -0.011396361250419517 -0.098359369158744825 0.043946472241366802 -0.010557609691404471
leaf_weight=9649 47 66 86 50 322 101
leaf_count=9649 47 66 86 50 322 101
internal_value=1.38247e-11 0.0148191 -0.00882579 -0.0433681 0.0342348 0.0193044
internal_weight=10321 672 303 136 369 167
internal_count=10321 672 303 136 369 167
is_linear=0
shrinkage=0.05


Tree=112
num_leaves=7
num_cat=0
split_feature=4 7 4 2 13 28
split_gain=61.8348 95.2645 86.1554 197.255 227.627 198.335
threshold=0.91597561503675362 -0.99983123799342477 1.0000000180025095e-35 4.5000000000000009 2.9658756142218512 0.1791666666666667
decision_type=2 2 2 2 2 2
left_child=1 -1 3 4 5 -3
right_child=-2 2 -4 -5 -6 -7
leaf_value=-0.076590767538263688 0.010235435504794171 -0.049786263675905038 -0.0067764570604816349 -0.012229511188053694 0.047114386564094779 0.0079744604463873308
leaf_weight=42 1291 156 3843 1488 360 3141
leaf_count=42 1291 156 3843 1488 360 3141
internal_value=1.55569e-11 -0.00146334 -0.00111228 0.00311852 0.0093635 0.00524147
internal_weight=10321 9030 8988 5145 3657 3297
internal_count=10321 9030 8988 5145 3657 3297
is_linear=0
shrinkage=0.05


Tree=113
num_leaves=7
num_cat=0
split_feature=11 16 25 12 14 7
split_gain=62.0681 106.068 375.411 118.268 151.345 212.566
threshold=15.500000000000002 19.547619047619051 5.5500000000000016 17.958333333333339 16.500000000000004 0.5403928698825039
decision_type=2 2 2 2 2 2
left_child=-1 2 -2 -3 5 -5
right_child=1 3 -4 4 -6 -7
leaf_value=0.024711377004672203 -0.0094308477424408094 0.042588537057065015 -0.15457365695174305 -0.085905965034044907 0.0014571416580478984 -0.0078075519894381194
leaf_weight=248 620 166 48 118 8788 333
leaf_count=248 620 166 48 118 8788 333
internal_value=-2.72203e-11 -0.000608401 -0.0198603 0.000758983 7.41879e-06 -0.0282413
internal_weight=10321 10073 668 9405 9239 451
internal_count=10321 10073 668 9405 9239 451
is_linear=0
shrinkage=0.05


Tree=114
num_leaves=7
num_cat=0
split_feature=28 28 16 18 4 25
split_gain=59.6166 331.201 82.9127 201.133 573.378 127.053
threshold=0.075000000000000025 0.080952380952380984 20.572916666666671 12.000000000000002 1.0000000180025095e-35 -1.2000000000000008
decision_type=2 2 2 2 2 2
left_child=-1 -2 -3 4 -4 -5
right_child=1 2 3 5 -6 -7
leaf_value=0.019989077597791848 -0.13174498523536993 0.0082526519689208929 0.040551379771303325 -0.013722610976897637 -0.1828158888500184 0.0018976367983520731
leaf_weight=360 48 2291 59 1676 56 5831
leaf_count=360 48 2291 59 1676 56 5831
internal_value=1.06115e-11 -0.000722424 -8.79964e-05 -0.00259501 -0.0682188 -0.00158971
internal_weight=10321 9961 9913 7622 115 7507
internal_count=10321 9961 9913 7622 115 7507
is_linear=0
shrinkage=0.05


Tree=115
num_leaves=7
num_cat=0
split_feature=16 8 24 17 12 26
split_gain=59.772 91.4305 85.614 82.0831 82.0399 74.1425
threshold=21.708333333333339 1.0000000180025095e-35 22.378571428571433 2.4135819277934183 23.520833333333336 1.2104166666666669
decision_type=2 2 2 2 2 2
left_child=4 3 -3 -2 5 -1
right_child=1 2 -4 -5 -6 -7
leaf_value=-0.0091515346546131703 -0.02723186498934714 0.046127112665912136 -0.032657510724675376 0.011774164536573187 0.051913807858040353 0.0010135344104288957
leaf_weight=2436 180 250 40 538 72 6805
leaf_count=2436 180 250 40 538 72 6805
internal_value=-2.88782e-12 0.0115657 0.0352603 0.00199549 -0.00125182 -0.00166606
internal_weight=10321 1008 290 718 9313 9241
internal_count=10321 1008 290 718 9313 9241
is_linear=0
shrinkage=0.05


Tree=116
num_leaves=7
num_cat=0
split_feature=7 11 15 11 25 6
split_gain=60.0094 110.287 111.084 112.811 89.4524 87.602
threshold=0.98005052076767474 21.500000000000004 21.500000000000004 22.500000000000004 -4.4500000000000002 0.13398903995667991
decision_type=2 2 2 2 2 2
left_child=-1 4 -3 -4 -2 -6
right_child=1 2 3 -5 5 -7
leaf_value=-0.0010061490254960281 -0.018077122852472323 0.065544798326763243 0.0068632696743135329 -0.060347769937611054 0.063611072795326587 0.0059541386447618814
leaf_weight=9649 70 44 154 105 201 98
leaf_count=9649 70 44 154 105 201 98
internal_value=-4.98851e-11 0.0144469 -0.00790627 -0.0203844 0.032802 0.0447135
internal_weight=10321 672 303 259 369 299
internal_count=10321 672 303 259 369 299
is_linear=0
shrinkage=0.05


Tree=117
num_leaves=7
num_cat=0
split_feature=26 6 0 7 10 12
split_gain=58.9318 368.33 259.525 159.053 122.483 263.741
threshold=7.9708333333333341 0.51297097409535064 10.500000000000002 -0.16799793862756093 6.5000000000000009 12.875000000000002
decision_type=2 2 2 2 2 2
left_child=3 -2 -3 -1 -5 -6
right_child=1 2 -4 4 5 -7
leaf_value=0.017402448147688612 -0.0023885918012733309 -0.013289374749768865 -0.16193387548158331 0.056701173480186197 -0.12691957233695403 -0.0011849663475909267
leaf_weight=1416 2680 55 63 90 42 5975
leaf_count=1416 2680 55 63 90 42 5975
internal_value=4.17931e-11 -0.0061952 -0.0926504 0.00230416 -0.00119661 -0.00206262
internal_weight=10321 2798 118 7523 6107 6017
internal_count=10321 2798 118 7523 6107 6017
is_linear=0
shrinkage=0.05


Tree=118
num_leaves=7
num_cat=0
split_feature=4 7 4 2 13 25
split_gain=56.3889 86.0761 77.4215 178.728 203.208 191.451
threshold=0.91597561503675362 -0.99983123799342477 1.0000000180025095e-35 4.5000000000000009 2.9658756142218512 1.7000000000000017
decision_type=2 2 2 2 2 2
left_child=1 -1 3 4 -3 -6
right_child=-2 2 -4 -5 5 -7
leaf_value=-0.072809911590246926 0.0097743222987166974 0.004996720730616396 -0.006433122536413813 -0.011662581873428945 0.02068960091611001 0.1002575017184157
leaf_weight=42 1291 3297 3843 1488 252 108
leaf_count=42 1291 3297 3843 1488 252 108
internal_value=-6.68121e-12 -0.00139741 -0.00106371 0.00294691 0.00889138 0.04456
internal_weight=10321 9030 8988 5145 3657 360
internal_count=10321 9030 8988 5145 3657 360
is_linear=0
shrinkage=0.05


Tree=119
num_leaves=7
num_cat=0
split_feature=17 19 7 0 25 20
split_gain=55.9432 93.3078 175.588 573.6 109.902 97.9432
threshold=2.0099922153360219 26.500000000000004 -0.99761278905001471 12.500000000000002 -8.0499999999999989 0.062500000000000014
decision_type=2 2 2 2 2 2
left_child=-1 2 3 -2 -4 -3
right_child=1 5 4 -5 -6 -7
leaf_value=0.013948879596085005 0.040771741085514734 0.001176081278800715 -0.081678062898572545 -0.20793744892051277 -0.0052166896946996087 0.052016783961153126
leaf_weight=672 49 7165 48 44 2247 96
leaf_count=672 49 7165 48 44 2247 96
internal_value=-4.75716e-11 -0.000971463 -0.00954518 -0.0768971 -0.00681588 0.00184826
internal_weight=10321 9649 2388 93 2295 7261
internal_count=10321 9649 2388 93 2295 7261
is_linear=0
shrinkage=0.05


Tree=120
num_leaves=7
num_cat=0
split_feature=11 16 16 5 25 7
split_gain=53.7879 95.2257 331.458 117.681 153.442 206.95
threshold=15.500000000000002 19.547619047619051 19.380952380952383 0.25881904510252057 -1.0000000180025095e-35 0.28313308994381586
decision_type=2 2 2 2 2 2
left_child=-1 2 3 4 -2 -6
right_child=1 -3 -4 -5 5 -7
leaf_value=0.023004096087008236 0.041352986501094521 0.00072924959836483149 -0.14538965791386244 -0.03506971211190902 -0.11002600844949484 0.0095436806019168104
leaf_weight=248 184 9405 48 255 50 131
leaf_count=248 184 9405 48 255 50 131
internal_value=-5.9454e-11 -0.000566367 -0.0188078 -0.00900791 0.00919965 -0.0234866
internal_weight=10321 10073 668 620 365 181
internal_count=10321 10073 668 620 365 181
is_linear=0
shrinkage=0.05


Tree=121
num_leaves=7
num_cat=0
split_feature=16 11 6 28 28 16
split_gain=52.8018 84.642 73.187 71.5283 426.475 93.0405
threshold=21.708333333333339 24.500000000000004 -0.35846811432664222 0.075000000000000025 0.10803571428571429 20.572916666666671
decision_type=2 2 2 2 2 2
left_child=3 -2 -3 -1 -5 -6
right_child=1 2 -4 4 5 -7
leaf_value=0.033789256436729274 0.0035497691456934815 0.10022282027406618 0.024836626302055791 -0.15037286796141416 0.0078372929732950566 -0.0038477267095476339
leaf_weight=144 803 40 165 48 2267 6854
leaf_count=144 803 40 165 48 2267 6854
internal_value=3.32095e-11 0.0108705 0.0395461 -0.00117657 -0.00172571 -0.000943447
internal_weight=10321 1008 205 9313 9169 9121
internal_count=10321 1008 205 9313 9169 9121
is_linear=0
shrinkage=0.05


Tree=122
num_leaves=7
num_cat=0
split_feature=17 12 6 6 6 24
split_gain=53.2921 56.7889 106.929 148.107 433.669 142.166
threshold=1.2205612543584756 21.895833333333339 0.59177612190863982 0.41398981800788198 0.42179998225932674 25.096428571428575
decision_type=2 2 2 2 2 2
left_child=-1 2 3 -2 -5 -6
right_child=1 -3 -4 4 5 -7
leaf_value=0.030204339972018109 -0.00385742291678123 0.0043747233164196158 0.0063641170582856696 -0.1743936929095071 -0.0059411399379329646 -0.066825372621727483
leaf_weight=144 3733 3836 1963 48 477 120
leaf_count=144 3733 3836 1963 48 477 120
internal_value=-8.70371e-12 -0.000427378 -0.00333242 -0.00768013 -0.0298044 -0.0181792
internal_weight=10321 10177 6341 4378 645 597
internal_count=10321 10177 6341 4378 645 597
is_linear=0
shrinkage=0.05


Tree=123
num_leaves=7
num_cat=0
split_feature=4 6 6 12 0 13
split_gain=50.6235 74.0656 331.931 925.128 135.44 147.879
threshold=0.91597561503675362 0.82899317702918729 0.79383249484937135 22.562500000000004 9.5000000000000018 3.3075828049640186
decision_type=2 2 2 2 2 2
left_child=1 2 -1 -4 5 -3
right_child=-2 4 3 -5 -6 -7
leaf_value=-0.0017291139749396622 0.00926117121204925 -0.005009145062554547 -0.013569709412686662 -0.27863467251427654 0.017538648416288979 -0.10457506506703794
leaf_weight=7042 1291 551 167 41 1189 40
leaf_count=7042 1291 551 167 41 1189 40
internal_value=-1.8114e-11 -0.00132405 -0.0035678 -0.0658181 0.00781484 -0.011748
internal_weight=10321 9030 7250 208 1780 591
internal_count=10321 9030 7250 208 1780 591
is_linear=0
shrinkage=0.05


Tree=124
num_leaves=7
num_cat=0
split_feature=29 29 17 23 24 16
split_gain=49.9362 425.463 104.378 84.818 80.7017 77.9143
threshold=8.2282738095238113 8.1619047619047631 2.4250147701728566 7.5791666666666675 11.502976190476192 21.979166666666668
decision_type=2 2 2 2 2 2
left_child=1 3 -2 4 -1 -5
right_child=2 -3 -4 5 -6 -7
leaf_value=-0.092181838286342105 0.061340545271135249 -0.14942443549322587 0.0051882597674242185 -0.00046529685802801439 -0.0084838169225905508 0.025946509213827088
leaf_weight=48 96 48 600 9169 72 288
leaf_count=48 96 48 600 9169 72 288
internal_value=8.68237e-13 -0.000935236 0.0129334 -0.000191007 -0.041963 0.000339039
internal_weight=10321 9625 696 9577 120 9457
internal_count=10321 9625 696 9577 120 9457
is_linear=0
shrinkage=0.05


Tree=125
num_leaves=7
num_cat=0
split_feature=17 10 19 7 0 7
split_gain=48.6265 89.5462 82.3866 154.909 520.487 108.009
threshold=2.0099922153360219 21.500000000000004 26.500000000000004 -0.99761278905001471 13.500000000000002 0.79773375822167203
decision_type=2 2 2 2 2 2
left_child=1 -1 3 4 -2 -5
right_child=2 -3 -4 5 -6 -7
leaf_value=-0.0043977880892767151 0.030536499382260274 0.032147547392323762 0.0017438644944460851 -0.0029022132044655351 -0.20838124142028391 -0.040050358829278224
leaf_weight=352 53 320 7261 2079 40 216
leaf_count=352 53 320 7261 2079 40 216
internal_value=-9.3468e-12 0.0130048 -0.00090571 -0.00896206 -0.0722238 -0.00639851
internal_weight=10321 672 9649 2388 93 2295
internal_count=10321 672 9649 2388 93 2295
is_linear=0
shrinkage=0.05


Tree=126
num_leaves=7
num_cat=0
split_feature=23 26 6 0 7 13
split_gain=47.7009 57.2164 319.777 234.861 143.358 114.258
threshold=31.756250000000005 7.9708333333333341 0.51297097409535064 10.500000000000002 -0.16799793862756093 3.5113884907343613
decision_type=2 2 2 2 2 2
left_child=1 4 -3 -4 5 -1
right_child=-2 2 3 -5 -6 -7
leaf_value=0.013637466386342842 0.04055525270394153 -0.0028483992492192838 -0.011504015796394512 -0.15290891903541273 -0.0013596286068261693 0.092121404339559385
leaf_weight=1368 72 2608 55 63 6107 48
leaf_count=1368 72 2608 55 63 6107 48
internal_value=-2.83291e-11 -0.000284904 -0.00649105 -0.0869999 0.00196393 0.0162979
internal_weight=10321 10249 2726 118 7523 1416
internal_count=10321 10249 2726 118 7523 1416
is_linear=0
shrinkage=0.05


Tree=127
num_leaves=7
num_cat=0
split_feature=16 12 26 16 11 0
split_gain=47.4198 65.515 68.9719 318.487 787.331 202.534
threshold=21.735119047619051 23.520833333333336 1.2583333333333335 21.535714285714288 22.500000000000004 17.500000000000004
decision_type=2 2 2 2 2 2
left_child=1 2 3 -1 5 -5
right_child=-2 -3 -4 4 -6 -7
leaf_value=-0.0027433324678575862 0.010885874889208936 0.046457164506945349 0.0011827484505251016 0.010659773932717793 -0.25187547565334373 -0.10624818635731936
leaf_weight=2270 912 72 6829 143 45 50
leaf_count=2270 912 72 6829 143 45 50
internal_value=1.55188e-11 -0.00105515 -0.00142153 -0.00851269 -0.0635397 -0.0196273
internal_weight=10321 9409 9337 2508 238 193
internal_count=10321 9409 9337 2508 238 193
is_linear=0
shrinkage=0.05


Tree=128
num_leaves=7
num_cat=0
split_feature=17 23 27 17 8 13
split_gain=48.3357 49.2926 147.915 495.601 107.855 155.842
threshold=1.2205612543584756 10.479166666666668 6.7416666666666663 6.1200939134961203 1.0000000180025095e-35 1.1884128863498005
decision_type=2 2 2 2 2 2
left_child=-1 4 -3 -4 -2 -6
right_child=1 2 3 -5 5 -7
leaf_value=0.028765491322459032 0.00016133198334968517 -0.000494381184918281 -0.0043430888346241174 -0.18396955271406723 -0.052909256881102922 0.054380357514865786
leaf_weight=144 700 8977 192 48 40 220
leaf_count=144 700 8977 192 48 40 220
internal_value=3.2236e-12 -0.000407019 -0.00153005 -0.0402684 0.0103753 0.0378743
internal_weight=10321 10177 9217 240 960 260
internal_count=10321 10177 9217 240 960 260
is_linear=0
shrinkage=0.05


Tree=129
num_leaves=7
num_cat=0
split_feature=11 11 17 7 16 4
split_gain=46.6507 90.5739 125.907 131.388 97.7966 76.6185
threshold=15.500000000000002 18.500000000000004 6.1200939134961203 0.5403928698825039 20.544642857142858 -0.98296291314453399
decision_type=2 2 2 2 2 2
left_child=-1 2 4 -4 -2 -3
right_child=1 5 3 -5 -6 -7
leaf_value=0.02142355614154029 0.022351348468962542 0.025078236225849163 -0.015007494723585507 -0.13314138736012718 -0.01546284802191757 0.00034167993509463411
leaf_weight=248 209 325 52 43 940 8504
leaf_count=248 209 325 52 43 940 8504
internal_value=1.66502e-11 -0.000527454 -0.0131585 -0.0684786 -0.00858455 0.00125225
internal_weight=10321 10073 1244 95 1149 8829
internal_count=10321 10073 1244 95 1149 8829
is_linear=0
shrinkage=0.05


Tree=130
num_leaves=7
num_cat=0
split_feature=15 4 6 6 2 22
split_gain=46.0241 59.5231 68.3568 288.595 851.658 99.0648
threshold=42.500000000000007 0.91597561503675362 0.82899317702918729 0.79383249484937135 2.5000000000000004 9.7000000000000011
decision_type=2 2 2 2 2 2
left_child=1 2 3 5 -5 -1
right_child=-2 -3 -4 4 -6 -7
leaf_value=0.014024144854415589 -0.049365415911566707 0.01029159954609757 0.0076235597437285339 -0.26875256119295954 -0.012038472708359007 -0.0038961925382031389
leaf_weight=882 47 1285 1760 40 168 6139
leaf_count=882 47 1285 1760 40 168 6139
internal_value=-7.29612e-12 0.00022583 -0.0012131 -0.0033645 -0.0614066 -0.00164498
internal_weight=10321 10274 8989 7229 208 7021
internal_count=10321 10274 8989 7229 208 7021
is_linear=0
shrinkage=0.05


Tree=131
num_leaves=7
num_cat=0
split_feature=2 5 0 0 13 26
split_gain=43.0936 189.032 154.164 125.473 134.267 142.654
threshold=3.5000000000000004 0.25881904510252057 7.5000000000000009 12.500000000000002 3.1483846997860989 1.2104166666666669
decision_type=2 2 2 2 2 2
left_child=1 3 -2 -1 5 -5
right_child=2 -3 -4 4 -6 -7
leaf_value=0.00081514514699376523 0.0094745956095301301 -0.0078077144114114955 -0.01026841256834915 -0.011703248153833196 0.066885655462143145 0.024034795035715872
leaf_weight=1709 1481 2443 2975 363 140 1210
leaf_count=1709 1481 2443 2975 363 140 1210
internal_value=1.29914e-11 0.00281614 -0.00370661 0.0104006 0.0199637 0.0157876
internal_weight=10321 5865 4456 3422 1713 1573
internal_count=10321 5865 4456 3422 1713 1573
is_linear=0
shrinkage=0.05


Tree=132
num_leaves=7
num_cat=0
split_feature=17 19 7 11 25 7
split_gain=43.4562 47.6618 150.015 519.782 100.502 85.1061
threshold=1.2205612543584756 26.500000000000004 -0.99761278905001471 20.500000000000004 -8.0499999999999989 -0.99938741687870725
decision_type=2 2 2 2 2 2
left_child=-1 2 3 -2 -4 -3
right_child=1 5 4 -5 -6 -7
leaf_value=0.027274928398118292 0.034307106760031778 0.068081066471252907 -0.075501517458663639 -0.20444891910068691 -0.0025007987013104215 0.0012856802758344733
leaf_weight=144 53 48 48 40 2655 7333
leaf_count=144 53 48 48 40 2655 7333
internal_value=8.20562e-11 -0.000385928 -0.00594541 -0.0683837 -0.00379715 0.00172006
internal_weight=10321 10177 2796 93 2703 7381
internal_count=10321 10177 2796 93 2703 7381
is_linear=0
shrinkage=0.05


Tree=133
num_leaves=7
num_cat=0
split_feature=15 4 7 7 7 10
split_gain=43.1565 51.9219 62.8664 82.2157 176.95 94.2926
threshold=42.500000000000007 0.91597561503675362 -0.99983123799342477 -0.99864786094873803 -0.99761278905001471 6.5000000000000009
decision_type=2 2 2 2 2 2
left_child=1 2 -1 -4 -5 -6
right_child=-2 -3 3 4 5 -7
leaf_value=-0.062154444413525724 -0.047802751003071034 0.0096197990916072808 0.04899703419892254 -0.1049322841007535 0.0394528455305291 -0.0014815707875612976
leaf_weight=42 47 1285 82 41 143 8681
leaf_count=42 47 1285 82 41 143 8681
internal_value=-6.74065e-12 0.000218681 -0.00112523 -0.000838742 -0.00129972 -0.000818196
internal_weight=10321 10274 8989 8947 8865 8824
internal_count=10321 10274 8989 8947 8865 8824
is_linear=0
shrinkage=0.05


Tree=134
num_leaves=7
num_cat=0
split_feature=13 25 12 10 11 11
split_gain=43.1638 120.279 115.2 113.435 138.466 104.695
threshold=1.256579476921081 -6.9500000000000002 19.104166666666668 18.500000000000004 22.500000000000004 22.500000000000004
decision_type=2 2 2 2 2 2
left_child=1 -1 -3 4 -4 -5
right_child=-2 2 3 5 -6 -7
leaf_value=-0.058329853217259781 -0.0019260685773789005 0.00075111071861850773 0.010936747196985114 0.024705156920650576 0.13730274701248044 -0.035850093404445858
leaf_weight=72 7618 1911 41 551 46 82
leaf_count=72 7618 1911 41 551 46 82
internal_value=-4.54482e-11 0.00542834 0.00717314 0.0242183 0.077751 0.0168607
internal_weight=10321 2703 2631 720 87 633
internal_count=10321 2703 2631 720 87 633
is_linear=0
shrinkage=0.05


Tree=135
num_leaves=7
num_cat=0
split_feature=11 11 25 8 4 9
split_gain=43.2583 75.7568 119.164 89.6654 67.4797 70.5015
threshold=15.500000000000002 18.500000000000004 5.8500000000000005 1.0000000180025095e-35 -0.98296291314453399 21.500000000000004
decision_type=2 2 2 2 2 2
left_child=-1 2 3 -2 5 -3
right_child=1 4 -4 -5 -6 -7
leaf_value=0.020629915458548274 -0.011842514449250496 0.034786609194096284 -0.085418084629301769 0.05296814552109156 0.0002651797638749244 -0.024483710688148294
leaf_weight=248 1135 263 53 56 8504 62
leaf_count=248 1135 263 53 56 8504 62
internal_value=-3.24558e-11 -0.000507914 -0.0120596 -0.00879516 0.00111972 0.0234797
internal_weight=10321 10073 1244 1191 8829 325
internal_count=10321 10073 1244 1191 8829 325
is_linear=0
shrinkage=0.05


Tree=136
num_leaves=7
num_cat=0
split_feature=25 25 28 16 18 4
split_gain=43.4277 146.669 75.0259 70.518 201.656 677.664
threshold=7.5000000000000009 6.950000000000002 0.12857142857142859 20.544642857142858 12.000000000000002 1.0000000180025095e-35
decision_type=2 2 2 2 2 2
left_child=1 2 -1 -4 5 -5
right_child=-2 -3 3 4 -6 -7
leaf_value=0.019381964098502069 0.025213625441704482 -0.071526693729942456 0.0072273050927804941 0.05489952359744843 -0.0022320363283921964 -0.21813818061385645
leaf_weight=480 168 72 2099 47 7411 44
leaf_count=480 168 72 2099 47 7411 44
internal_value=-2.76104e-11 -0.000417206 9.06688e-05 -0.000873795 -0.00314042 -0.0771187
internal_weight=10321 10153 10081 9601 7502 91
internal_count=10321 10153 10081 9601 7502 91
is_linear=0
shrinkage=0.05


Tree=137
num_leaves=7
num_cat=0
split_feature=23 23 22 7 9 10
split_gain=43.0812 49.6177 200.49 124.335 127.858 110.507
threshold=31.756250000000005 24.962500000000006 22.500000000000004 -0.16799793862756093 19.500000000000004 6.5000000000000009
decision_type=2 2 2 2 2 2
left_child=1 3 -3 4 -1 -5
right_child=-2 2 -4 5 -6 -7
leaf_value=0.096782252572787317 0.038541410715940104 -0.089268945289243548 -0.0036579884259003298 0.054078683924550813 0.013459575527585203 -0.0017433602421401935
leaf_weight=48 72 70 2968 90 1128 5945
leaf_count=48 72 70 2968 90 1128 5945
internal_value=-1.40253e-12 -0.000270756 -0.00563059 0.00198735 0.0168605 -0.000910886
internal_weight=10321 10249 3038 7211 1176 6035
internal_count=10321 10249 3038 7211 1176 6035
is_linear=0
shrinkage=0.05


Tree=138
num_leaves=7
num_cat=0
split_feature=17 10 6 11 13 19
split_gain=42.0523 76.591 73.5362 112.791 68.7453 67.2125
threshold=2.0099922153360219 21.500000000000004 -0.46801505794253101 22.500000000000004 1.9234473008123441 25.500000000000004
decision_type=2 2 2 2 2 2
left_child=1 2 -1 -4 -3 -2
right_child=5 4 3 -5 -6 -7
leaf_value=0.021763426909944223 -0.018692977086687459 0.020789904441691185 -0.0048765122914352478 -0.098069918055723349 0.089420770853757867 0.00013329259347021424
leaf_weight=155 500 278 156 41 42 9149
leaf_count=155 500 278 156 41 42 9149
internal_value=-1.76091e-11 0.0120937 -0.00400077 -0.0242721 0.0297977 -0.000842263
internal_weight=10321 672 352 197 320 9649
internal_count=10321 672 352 197 320 9649
is_linear=0
shrinkage=0.05


Tree=139
num_leaves=7
num_cat=0
split_feature=25 25 28 16 18 4
split_gain=39.9002 132.04 68.3379 62.7608 180.857 611.354
threshold=7.5000000000000009 6.950000000000002 0.12857142857142859 20.544642857142858 12.000000000000002 1.0000000180025095e-35
decision_type=2 2 2 2 2 2
left_child=1 2 -1 -4 5 -5
right_child=-2 -3 3 4 -6 -7
leaf_value=0.018493369042941292 0.024167920629787704 -0.067869854290943804 0.006804054447393325 0.052356615741836268 -0.0021165563741282153 -0.20697887560183351
leaf_weight=480 168 72 2099 47 7411 44
leaf_count=480 168 72 2099 47 7411 44
internal_value=-2.83627e-11 -0.000399903 8.19778e-05 -0.000838496 -0.00297682 -0.0730364
internal_weight=10321 10153 10081 9601 7502 91
internal_count=10321 10153 10081 9601 7502 91
is_linear=0
shrinkage=0.05


Tree=140
num_leaves=7
num_cat=0
split_feature=17 19 7 6 26 5
split_gain=39.3089 111.394 281.213 141.829 78.6321 76.9223
threshold=2.0776707527547122 25.500000000000004 0.79773375822167203 -0.95754239937548935 0.35000000000000014 1.0000000180025095e-35
decision_type=2 2 2 2 2 2
left_child=4 2 3 -2 5 -1
right_child=1 -3 -4 -5 -6 -7
leaf_value=0.096727111206079519 -0.087787756259026739 4.2475659768098433e-05 -0.11657152223504252 0.0074038175535201672 0.0047501415930714256 0.0072131780422447882
leaf_weight=48 46 8765 72 262 1080 48
leaf_count=48 46 8765 72 262 1080 48
internal_value=-2.20436e-11 -0.00110654 -0.0276094 -0.00681311 0.00860484 0.0519701
internal_weight=10321 9145 380 308 1176 96
internal_count=10321 9145 380 308 1176 96
is_linear=0
shrinkage=0.05


Tree=141
num_leaves=7
num_cat=0
split_feature=23 26 6 16 7 10
split_gain=39.0872 44.2791 279.104 216.743 109.591 100.091
threshold=31.756250000000005 7.9708333333333341 0.51297097409535064 21.422619047619051 -0.16799793862756093 6.5000000000000009
decision_type=2 2 2 2 2 2
left_child=1 4 -3 -4 -1 -6
right_child=-2 2 3 -5 5 -7
leaf_value=0.014253095628725024 0.036711379769581574 -0.0023143860386451351 -0.16571144035652929 -0.026767750171711669 0.051153167169541131 -0.001968333809500906
leaf_weight=1416 72 2608 46 72 90 6017
leaf_count=1416 72 2608 46 72 90 6017
internal_value=2.03106e-11 -0.0002579 -0.00571751 -0.0809322 0.00172042 -0.00118547
internal_weight=10321 10249 2726 118 7523 6107
internal_count=10321 10249 2726 118 7523 6107
is_linear=0
shrinkage=0.05


Tree=142
num_leaves=7
num_cat=0
split_feature=13 25 12 10 11 12
split_gain=39.706 100.805 102.201 100.911 124.17 96.6803
threshold=1.256579476921081 -8.0499999999999989 19.104166666666668 18.500000000000004 22.500000000000004 21.895833333333339
decision_type=2 2 2 2 2 2
left_child=1 -1 -3 4 -4 -2
right_child=5 2 3 -5 -6 -7
leaf_value=-0.066605938117330274 -0.0074490631165897219 0.00052066289031943089 0.009806603518962044 0.015647127747382691 0.12947181213809097 0.0038165544446277112
leaf_weight=48 3830 1935 41 633 46 3788
leaf_count=48 3830 1935 41 633 46 3788
internal_value=1.2554e-11 0.00520636 0.00650467 0.0225867 0.0730779 -0.00184731
internal_weight=10321 2703 2655 720 87 7618
internal_count=10321 2703 2655 720 87 7618
is_linear=0
shrinkage=0.05


Tree=143
num_leaves=7
num_cat=0
split_feature=27 7 11 23 26 27
split_gain=37.4374 61.3871 98.0485 251.052 68.0279 284.489
threshold=19.133333333333336 0.98005052076767474 22.500000000000004 5.1770833333333339 1.2583333333333335 1.3187500000000001
decision_type=2 2 2 2 2 2
left_child=1 4 -3 -4 5 -1
right_child=-2 2 3 -5 -6 -7
leaf_value=-0.05993047625357914 -0.044054495217278604 0.025818456398039404 0.082762698456645023 -0.066560507022628654 0.0017592533477080762 -0.0024457995153775655
leaf_weight=237 48 489 40 95 7069 2343
leaf_count=237 48 489 40 95 7069 2343
internal_value=-4.10343e-12 0.000205842 0.0154046 -0.0223166 -0.000777062 -0.00772637
internal_weight=10321 10273 624 135 9649 2580
internal_count=10321 10273 624 135 9649 2580
is_linear=0
shrinkage=0.05


Tree=144
num_leaves=7
num_cat=0
split_feature=25 25 28 23 6 8
split_gain=36.5856 121.941 58.9975 60.0796 68.133 57.054
threshold=7.5000000000000009 6.950000000000002 0.12857142857142859 7.5791666666666675 0.1169228398841501 1.0000000180025095e-35
decision_type=2 2 2 2 2 2
left_child=1 2 5 4 -4 -1
right_child=-2 -3 3 -5 -6 -7
leaf_value=0.0061255301491987407 0.023142314840723495 -0.0652216061639289 0.0063545715936925264 -0.0002472595924678744 -0.05798846541977886 0.044050928197268933
leaf_weight=340 168 72 72 9433 96 140
leaf_count=340 168 72 72 9433 96 140
internal_value=1.80682e-11 -0.000382932 8.01554e-05 -0.000775103 -0.0304129 0.0171871
internal_weight=10321 10153 10081 9601 168 480
internal_count=10321 10153 10081 9601 168 480
is_linear=0
shrinkage=0.05


Tree=145
num_leaves=7
num_cat=0
split_feature=11 17 17 13 0 9
split_gain=35.9565 73.352 311.248 114.434 92.7934 255.571
threshold=15.500000000000002 6.1184787000691356 6.1225380858369283 9.9522598236997837 5.5000000000000009 18.500000000000004
decision_type=2 2 2 2 2 2
left_child=-1 3 -3 -2 5 -4
right_child=1 2 4 -5 -6 -7
leaf_value=0.018808378852085181 0.00038546182789312848 -0.13984679950282294 -0.14983615644276144 0.077787785589074107 0.0028618896251266946 -0.0069719755427084034
leaf_weight=248 9230 47 40 48 564 144
leaf_count=248 9230 47 40 48 564 144
internal_value=-2.21757e-11 -0.000463067 -0.0150391 0.000785905 -0.00719693 -0.0380294
internal_weight=10321 10073 795 9278 748 184
internal_count=10321 10073 795 9278 748 184
is_linear=0
shrinkage=0.05


Tree=146
num_leaves=7
num_cat=0
split_feature=2 5 0 16 13 28
split_gain=36.1938 164.061 135.767 119.685 157.306 114.355
threshold=3.5000000000000004 0.25881904510252057 7.5000000000000009 19.547619047619051 7.6696297365726451 3.3857142857142866
decision_type=2 2 2 2 2 2
left_child=1 -1 -2 -3 -5 -4
right_child=2 3 5 4 -6 -7
leaf_value=0.0096466550840154063 0.0089727989995898021 -0.045980208445201953 -0.00036230564036040196 -0.0059209703929458618 0.094123776443302637 -0.020008577272837176
leaf_weight=3422 1481 185 1583 2218 40 1392
leaf_count=3422 1481 185 1583 2218 40 1392
internal_value=-2.06153e-11 0.00258086 -0.00339694 -0.00731646 -0.0041487 -0.00955478
internal_weight=10321 5865 4456 2443 2258 2975
internal_count=10321 5865 4456 2443 2258 2975
is_linear=0
shrinkage=0.05


Tree=147
num_leaves=7
num_cat=0
split_feature=13 25 12 28 27 23
split_gain=35.1616 92.7482 84.7415 192.121 90.7872 986.395
threshold=1.256579476921081 -6.9500000000000002 21.895833333333339 0.12857142857142859 1.3770833333333334 17.662500000000005
decision_type=2 2 2 2 2 2
left_child=1 -1 3 -2 5 -4
right_child=2 -3 4 -5 -6 -7
leaf_value=-0.051088472877422145 -0.087886916298238152 0.0064315411376638367 -0.22925206825949568 -0.0054328226486735874 0.013448537676918526 0.0021340042405448428
leaf_weight=72 72 2631 47 3758 1440 2301
leaf_count=72 72 2631 47 3758 1440 2301
internal_value=2.80083e-13 0.00489938 -0.00173838 -0.00698287 0.00356425 -0.00249766
internal_weight=10321 2703 7618 3830 3788 2348
internal_count=10321 2703 7618 3830 3788 2348
is_linear=0
shrinkage=0.05


Tree=148
num_leaves=7
num_cat=0
split_feature=7 2 4 6 24 7
split_gain=34.7327 39.2982 151.583 161.865 156.42 477.046
threshold=0.99981043035926087 3.5000000000000004 -0.37940952255126065 0.99907018497641664 10.333928571428574 0.95936279103287792
decision_type=2 2 2 2 2 2
left_child=1 2 4 -4 5 -1
right_child=-2 -3 3 -5 -6 -7
leaf_value=-0.17284764758414695 0.034606135540848806 -0.0038241911633690091 -0.0026436127687909233 -0.099125532242892833 0.016545398457402442 0.018713881565719591
leaf_weight=45 72 4384 3617 44 2042 117
leaf_count=45 72 4384 3617 44 2042 117
internal_value=5.30225e-11 -0.000243111 0.00243369 -0.00380319 0.0127936 -0.0344977
internal_weight=10321 10249 5865 3661 2204 162
internal_count=10321 10249 5865 3661 2204 162
is_linear=0
shrinkage=0.05


Tree=149
num_leaves=7
num_cat=0
split_feature=16 16 16 16 24 5
split_gain=34.8127 57.4201 679.271 157.885 117.545 92.0683
threshold=21.735119047619051 21.535714285714288 21.544642857142861 21.511904761904763 13.899404761904764 1.0000000180025095e-35
decision_type=2 2 2 2 2 2
left_child=1 3 -3 -1 5 -4
right_child=-2 2 4 -5 -6 -7
leaf_value=-0.00042225743901774988 0.0093272214971237416 -0.19810992229303862 -0.091535991514101633 0.064060444614733578 0.0061398792437114364 -0.0039439765055431049
leaf_weight=8499 912 47 60 96 647 60
leaf_count=8499 912 47 60 96 647 60
internal_value=1.5106e-11 -0.000904073 -0.0135964 0.000297968 -0.00228983 -0.04774
internal_weight=10321 9409 814 8595 767 120
internal_count=10321 9409 814 8595 767 120
is_linear=0
shrinkage=0.05


end of trees

feature_importances:
lag168=98
doy_cos=78
hour=66
weekday=66
temp_delta24=62
mean24=57
last=50
lag24=48
mean168=47
doy_sin=38
std24=33
workhour=29
response_cool168=29
temp_mean24=24
hour_sin=20
hour_cos=20
min24=19
std168=19
max24=14
temp_last=14
max168=13
response_cool24=13
missing24=12
temp_mean168=11
missing168=7
min168=6
response_heat24=4
response_heat168=3

parameters:
[boosting: gbdt]
[objective: regression]
[metric: l2]
[tree_learner: serial]
[device_type: cpu]
[data_sample_strategy: bagging]
[data: ]
[valid: ]
[num_iterations: 150]
[learning_rate: 0.05]
[num_leaves: 7]
[num_threads: 2]
[seed: 20261006]
[deterministic: 1]
[force_col_wise: 1]
[force_row_wise: 0]
[histogram_pool_size: -1]
[max_depth: -1]
[min_data_in_leaf: 40]
[min_sum_hessian_in_leaf: 0.001]
[bagging_fraction: 1]
[pos_bagging_fraction: 1]
[neg_bagging_fraction: 1]
[bagging_freq: 0]
[bagging_seed: 27463]
[bagging_by_query: 0]
[feature_fraction: 1]
[feature_fraction_bynode: 1]
[feature_fraction_seed: 885]
[extra_trees: 0]
[extra_seed: 17743]
[early_stopping_round: 0]
[early_stopping_min_delta: 0]
[first_metric_only: 0]
[max_delta_step: 0]
[lambda_l1: 0]
[lambda_l2: 0]
[linear_lambda: 0]
[min_gain_to_split: 0]
[drop_rate: 0.1]
[max_drop: 50]
[skip_drop: 0.5]
[xgboost_dart_mode: 0]
[uniform_drop: 0]
[drop_seed: 19011]
[top_rate: 0.2]
[other_rate: 0.1]
[min_data_per_group: 100]
[max_cat_threshold: 32]
[cat_l2: 10]
[cat_smooth: 10]
[max_cat_to_onehot: 4]
[top_k: 20]
[monotone_constraints: ]
[monotone_constraints_method: basic]
[monotone_penalty: 0]
[feature_contri: ]
[forcedsplits_filename: ]
[refit_decay_rate: 0.9]
[cegb_tradeoff: 1]
[cegb_penalty_split: 0]
[cegb_penalty_feature_lazy: ]
[cegb_penalty_feature_coupled: ]
[path_smooth: 0]
[interaction_constraints: ]
[verbosity: -1]
[saved_feature_importance_type: 0]
[use_quantized_grad: 0]
[num_grad_quant_bins: 4]
[quant_train_renew_leaf: 0]
[stochastic_rounding: 1]
[linear_tree: 0]
[max_bin: 255]
[max_bin_by_feature: ]
[min_data_in_bin: 3]
[bin_construct_sample_cnt: 200000]
[data_random_seed: 5366]
[is_enable_sparse: 1]
[enable_bundle: 1]
[use_missing: 1]
[zero_as_missing: 0]
[feature_pre_filter: 1]
[pre_partition: 0]
[two_round: 0]
[header: 0]
[label_column: ]
[weight_column: ]
[group_column: ]
[ignore_column: ]
[categorical_feature: ]
[forcedbins_filename: ]
[precise_float_parser: 0]
[parser_config_file: ]
[objective_seed: 8607]
[num_class: 1]
[is_unbalance: 0]
[scale_pos_weight: 1]
[sigmoid: 1]
[boost_from_average: 1]
[reg_sqrt: 0]
[alpha: 0.9]
[fair_c: 1]
[poisson_max_delta_step: 0.7]
[tweedie_variance_power: 1.5]
[lambdarank_truncation_level: 30]
[lambdarank_norm: 1]
[label_gain: ]
[lambdarank_position_bias_regularization: 0]
[eval_at: ]
[multi_error_top_k: 1]
[auc_mu_weights: ]
[num_machines: 1]
[local_listen_port: 12400]
[time_out: 120]
[machine_list_filename: ]
[machines: ]
[gpu_platform_id: -1]
[gpu_device_id: -1]
[gpu_device_id_list: ]
[gpu_use_dp: 0]
[num_gpu: 1]

end of parameters

pandas_categorical:[]
