tree
version=v4
num_class=1
num_tree_per_iteration=1
label_index=0
max_feature_idx=21
objective=regression
feature_names=hour lead weekday weekend hour_sin hour_cos doy_sin doy_cos workhour last lag24 lag168 mean24 std24 min24 max24 mean168 std168 min168 max168 missing24 missing168
feature_infos=[0:23] [1:24] [0:6] [0:1] [-1:1] [-1:1] [-0.9999994220246925:0.99998555065071859] [-0.99997919295908233:0.9999907524084426] [0:1] [0:25] [0:50] [0:50] [0:24.5] [0:12.543189276345238] [0:21] [0:50] [10.428571428571429:22.38095238095238] [0.99898971074624721:11.124425129736824] [0:19] [23:50] [0:0.083333333333333329] [0:0.02976190476190476]
tree_sizes=723 754 755 751 761 758 750 740 755 765 760 743 757 770 768 770 748 759 775 759 768 771 760 767 770 770 748 746 779 770 760 770 756 763 757 751 773 752 775 759 756 765 766 760 765 766 766 771 762 769 773 764 759 760 766 768 759 770 766 761 762 772 766 770 767 759 766 768 759 779 760 765 756 762 764 768 774 772 777 755 755 774 774 775 767 755 769 764 777 774 764 759 768 773 762 777 769 755 756 776 766 764 762 770 756 765 769 774 773 769 772 775 767 773 769 767 782 776 764 767 768 764 772 770 783 766 781 762 771 775 765 759 771 762 761 767 756 773 771 767 763 774 769 781 767 766 768 763 779 768

Tree=0
num_leaves=7
num_cat=0
split_feature=9 8 11 5 2 0
split_gain=35863.5 26048.4 13603.9 5160.44 4346.63 4372.13
threshold=12.000000000000002 1.0000000180025095e-35 22.500000000000004 -0.3794095225512602 4.5000000000000009 8.5000000000000018
decision_type=2 2 2 2 2 2
left_child=2 3 4 -2 5 -1
right_child=1 -3 -4 -5 -6 -7
leaf_value=19.822755271426022 20.51626060027553 20.793003238298201 20.671167999844521 20.635011397039751 19.621167959999223 20.472304361565815
leaf_weight=63 1080 2986 73 5983 92 44
leaf_count=63 1080 2986 73 5983 92 44
internal_value=20.6539 20.6692 20.0873 20.6169 19.8732 20.0899
internal_weight=10321 10049 272 7063 199 107
internal_count=10321 10049 272 7063 199 107
is_linear=0
shrinkage=1


Tree=1
num_leaves=7
num_cat=0
split_feature=9 11 11 2 2 0
split_gain=32366.8 23625.2 12277.5 5326.89 3922.83 3945.85
threshold=12.000000000000002 22.500000000000004 22.500000000000004 4.5000000000000009 4.5000000000000009 8.5000000000000018
decision_type=2 2 2 2 2 2
left_child=2 3 4 -2 5 -1
right_child=1 -3 -4 -5 -6 -7
leaf_value=-0.78955048351060775 0.0025586432737422582 0.14329735289697001 0.016441606536303482 -0.084442913537450939 -0.98105840682983403 -0.17247886352918365
leaf_weight=63 4549 2631 73 2869 92 44
leaf_count=63 4549 2631 73 2869 92 44
internal_value=-1.76573e-10 0.0145674 -0.538191 -0.0310902 -0.741649 -0.535801
internal_weight=10321 10049 272 7418 199 107
internal_count=10321 10049 272 7418 199 107
is_linear=0
shrinkage=0.05


Tree=2
num_leaves=7
num_cat=0
split_feature=9 8 11 11 2 0
split_gain=29211.1 21691.1 11080.4 4496.03 3540.36 3561.13
threshold=12.000000000000002 1.0000000180025095e-35 22.500000000000004 18.500000000000004 4.5000000000000009 8.5000000000000018
decision_type=2 2 2 2 2 2
left_child=2 3 4 -2 5 -1
right_child=1 -3 -4 -5 -6 -7
leaf_value=-0.75007294752886378 -0.1167103105989459 0.12681831933548007 0.015619524701000892 -0.014701603658481735 -0.93200550079345712 -0.16385491321032697
leaf_weight=63 1331 2986 73 5732 92 44
leaf_count=63 1331 2986 73 5732 92 44
internal_value=-6.47928e-10 0.013839 -0.511281 -0.0339248 -0.704566 -0.509011
internal_weight=10321 10049 272 7063 199 107
internal_count=10321 10049 272 7063 199 107
is_linear=0
shrinkage=0.05


Tree=3
num_leaves=7
num_cat=0
split_feature=9 11 11 2 2 0
split_gain=26363 19764.1 10000.1 4441.23 3195.17 3229.52
threshold=12.000000000000002 22.500000000000004 22.500000000000004 4.5000000000000009 4.5000000000000009 16.500000000000004
decision_type=2 2 2 2 2 2
left_child=2 3 4 -2 5 -1
right_child=1 -3 -4 -5 -6 -7
leaf_value=-0.69580688423185211 0.0021112450498208864 0.13088887126593138 0.014838539655894451 -0.077329245730637264 -0.88540515899658212 -0.12804853368550539
leaf_weight=67 4549 2631 73 2869 92 40
leaf_count=67 4549 2631 73 2869 92 40
internal_value=4.07649e-10 0.0131471 -0.485717 -0.0286133 -0.669338 -0.483561
internal_weight=10321 10049 272 7418 199 107
internal_count=10321 10049 272 7418 199 107
is_linear=0
shrinkage=0.05


Tree=4
num_leaves=7
num_cat=0
split_feature=9 8 11 5 0 2
split_gain=23792.6 18059.4 9025.07 3840.4 3167.62 2883.64
threshold=12.000000000000002 1.0000000180025095e-35 22.500000000000004 -0.3794095225512602 9.5000000000000018 4.5000000000000009
decision_type=2 2 2 2 2 2
left_child=2 3 5 -2 -3 -1
right_child=1 4 -4 -5 -6 -7
leaf_value=-0.45938269321362829 -0.11787093726573168 0.012560372716642704 0.014096621250453063 -0.015428173692827538 0.14132194969227693 -0.84113492965698244
leaf_weight=107 1080 597 73 5983 2389 92
leaf_count=107 1080 597 73 5983 2389 92
internal_value=-3.36742e-10 0.0124897 -0.461431 -0.0310926 0.115578 -0.635871
internal_weight=10321 10049 272 7063 2986 199
internal_count=10321 10049 272 7063 2986 199
is_linear=0
shrinkage=0.05


Tree=5
num_leaves=7
num_cat=0
split_feature=9 8 11 11 0 2
split_gain=21472.8 16298.6 8145.13 3566.97 2858.78 2602.49
threshold=12.000000000000002 1.0000000180025095e-35 22.500000000000004 18.500000000000004 9.5000000000000018 4.5000000000000009
decision_type=2 2 2 2 2 2
left_child=2 3 5 -2 -3 -1
right_child=1 4 -4 -5 -6 -7
leaf_value=-0.4364136011522507 -0.10327564104048047 0.011932354153350769 0.013391781383997773 -0.012415758487479263 0.13425585562312589 -0.79907817840576179
leaf_weight=107 1331 597 73 5732 2389 92
leaf_count=107 1331 597 73 5732 2389 92
internal_value=9.13185e-11 0.0118652 -0.43836 -0.029538 0.109799 -0.604078
internal_weight=10321 10049 272 7063 2986 199
internal_count=10321 10049 272 7063 2986 199
is_linear=0
shrinkage=0.05


Tree=6
num_leaves=7
num_cat=0
split_feature=9 11 11 2 2 0
split_gain=19379.2 14880.8 7350.98 3502.38 2348.75 2922.95
threshold=12.000000000000002 22.500000000000004 22.500000000000004 4.5000000000000009 4.5000000000000009 8.5000000000000018
decision_type=2 2 2 2 2 2
left_child=2 3 4 -2 5 -1
right_child=1 -3 -4 -5 -6 -7
leaf_value=-0.63298911736125041 0.0023206234881955339 0.11343741504406801 0.012722201094235462 -0.068225236021958721 -0.7591242790222168 -0.10188920199871064
leaf_weight=63 4549 2631 73 2869 92 44
leaf_count=63 4549 2631 73 2869 92 44
internal_value=7.8469e-11 0.011272 -0.416442 -0.0249638 -0.573874 -0.414593
internal_weight=10321 10049 272 7418 199 107
internal_count=10321 10049 272 7418 199 107
is_linear=0
shrinkage=0.05


Tree=7
num_leaves=7
num_cat=0
split_feature=9 8 11 5 0 0
split_gain=17489.8 13566.3 6634.26 3063.98 2409.2 2123.45
threshold=12.000000000000002 1.0000000180025095e-35 22.500000000000004 -0.5 9.5000000000000018 17.500000000000004
decision_type=2 2 2 2 2 2
left_child=2 3 5 -2 -3 -1
right_child=1 4 -4 -5 -6 -7
leaf_value=-0.65634440521107007 -0.11009894545694504 0.010214627283614386 0.01208608628135838 -0.014004124886280453 0.1225084016198591 -0.30520627672104017
leaf_weight=136 960 597 73 6103 2389 63
leaf_count=136 960 597 73 6103 2389 63
internal_value=-7.85299e-10 0.0107084 -0.39562 -0.0270653 0.100057 -0.54518
internal_weight=10321 10049 272 7063 2986 199
internal_count=10321 10049 272 7063 2986 199
is_linear=0
shrinkage=0.05


Tree=8
num_leaves=7
num_cat=0
split_feature=9 11 11 2 0 2
split_gain=15784.5 12367.7 5987.42 2096.25 2477.75 2022.07
threshold=12.000000000000002 21.500000000000004 22.500000000000004 4.5000000000000009 8.5000000000000018 4.5000000000000009
decision_type=2 2 2 2 2 2
left_child=2 5 3 4 -1 -2
right_child=1 -3 -4 -5 -6 -7
leaf_value=-0.56852244876679925 -0.006595545864319834 0.084964113657593113 0.011481781018106905 -0.69293093059373945 -0.079539329389279545 -0.062961934791041244
leaf_weight=63 3680 3566 73 92 44 2803
leaf_count=63 3680 3566 73 92 44 2803
internal_value=-2.96749e-10 0.010173 -0.375839 -0.517921 -0.367445 -0.0309662
internal_weight=10321 10049 272 199 107 6483
internal_count=10321 10049 272 199 107 6483
is_linear=0
shrinkage=0.05


Tree=9
num_leaves=7
num_cat=0
split_feature=9 8 11 11 0 2
split_gain=14245.5 11404.3 5403.64 2644.38 2081.76 1891.86
threshold=12.000000000000002 1.0000000180025095e-35 22.500000000000004 18.500000000000004 9.5000000000000018 4.5000000000000009
decision_type=2 2 2 2 2 2
left_child=2 3 5 -2 -3 -1
right_child=1 4 -4 -5 -6 -7
leaf_value=-0.34907301048809125 -0.088458378893441492 0.0080705861113279116 0.010907689308466978 -0.010226418169258216 0.11245479460426733 -0.65828437183214272
leaf_weight=107 1331 597 73 5732 2389 92
leaf_count=107 1331 597 73 5732 2389 92
internal_value=-4.51178e-12 0.00966432 -0.357047 -0.024969 0.0915849 -0.492025
internal_weight=10321 10049 272 7063 2986 199
internal_count=10321 10049 272 7063 2986 199
is_linear=0
shrinkage=0.05


Tree=10
num_leaves=7
num_cat=0
split_feature=9 11 7 11 2 21
split_gain=12856.6 10311.6 5122.8 4495.16 2477.24 2182.28
threshold=12.000000000000002 22.500000000000004 -0.99761278905001471 21.500000000000004 4.5000000000000009 0.0089285714285714298
decision_type=2 2 2 2 2 2
left_child=2 4 -1 5 -2 -4
right_child=1 -3 3 -5 -6 -7
leaf_value=-0.71138256183568993 0.0019637105193756445 0.094227265070306862 -0.59482414735590716 0.070221594783915098 -0.057366319497480459 -0.16453524839419587
leaf_weight=69 4549 2631 68 83 2869 52
leaf_count=69 4549 2631 68 83 2869 52
internal_value=3.46677e-10 0.0091811 -0.339194 -0.212687 -0.0209829 -0.408366
internal_weight=10321 10049 272 203 7418 120
internal_count=10321 10049 272 203 7418 120
is_linear=0
shrinkage=0.05


Tree=11
num_leaves=7
num_cat=0
split_feature=9 8 7 0 11 5
split_gain=11603.1 9495.51 4623.32 4192.7 2399.95 2300.56
threshold=12.000000000000002 1.0000000180025095e-35 -0.99761278905001471 10.500000000000002 20.500000000000004 -0.5
decision_type=2 2 2 2 2 2
left_child=2 5 -1 -4 -5 -2
right_child=1 -3 3 4 -6 -7
leaf_value=-0.67581342061360683 -0.094829722687136395 0.083473120386219776 -0.46181530986319896 -0.31014206685670992 0.1667414221409205 -0.01156257070044299
leaf_weight=69 960 2986 88 41 74 6103
leaf_count=69 960 2986 88 41 74 6103
internal_value=1.85622e-10 0.00872205 -0.322235 -0.202053 -0.00327791 -0.0228802
internal_weight=10321 10049 272 203 115 7063
internal_count=10321 10049 272 203 115 7063
is_linear=0
shrinkage=0.05


Tree=12
num_leaves=7
num_cat=0
split_feature=9 11 7 0 11 2
split_gain=10471.8 8746.36 4172.55 3783.91 2165.96 1381.2
threshold=12.000000000000002 21.500000000000004 -0.99761278905001471 10.500000000000002 20.500000000000004 4.5000000000000009
decision_type=2 2 2 2 2 2
left_child=2 5 -1 -4 -5 -2
right_child=1 -3 3 4 -6 -7
leaf_value=-0.64202273686726885 -0.0061681698850841954 0.071181458681174134 -0.43872454471208838 -0.29463497909103953 0.15840435640483694 -0.052753755513577333
leaf_weight=69 3680 3566 88 41 74 2803
leaf_count=69 3680 3566 88 41 74 2803
internal_value=-7.47873e-11 0.00828594 -0.306123 -0.19195 -0.00311402 -0.02631
internal_weight=10321 10049 272 203 115 6483
internal_count=10321 10049 272 203 115 6483
is_linear=0
shrinkage=0.05


Tree=13
num_leaves=7
num_cat=0
split_feature=11 9 2 10 0 5
split_gain=9516.54 11358.7 1848.5 1890.91 1442.06 1065.85
threshold=22.500000000000004 12.000000000000002 4.5000000000000009 21.500000000000004 17.500000000000004 1.0000000180025095e-35
decision_type=2 2 2 2 2 2
left_child=1 4 3 -3 -1 -4
right_child=-2 2 5 -5 -6 -7
leaf_value=-0.49300042145392475 0.0805818744587916 -0.015390019888351043 -0.080457070469856271 0.063794339930666008 -0.20363364285892913 -0.019505778450893459
leaf_weight=136 2704 3595 1437 954 63 1432
leaf_count=136 2704 3595 1437 954 63 1432
internal_value=5.33582e-10 -0.0286062 -0.0186056 0.00121624 -0.401392 -0.0500345
internal_weight=10321 7617 7418 4549 199 2869
internal_count=10321 7617 7418 4549 199 2869
is_linear=0
shrinkage=0.05


Tree=14
num_leaves=7
num_cat=0
split_feature=8 9 0 11 0 7
split_gain=8604.3 9231.55 1935.74 1791.14 1731.28 1214.9
threshold=1.0000000180025095e-35 12.000000000000002 17.500000000000004 18.500000000000004 9.5000000000000018 -0.99761278905001471
decision_type=2 2 2 2 2 2
left_child=1 2 -1 -3 -2 -6
right_child=4 3 -4 -5 5 -7
leaf_value=-0.48786739668538498 -0.0050097224651645331 -0.072509672682505633 -0.16192206819024352 -0.0081242599787771583 -0.16000878717750311 0.094038260781139915
leaf_weight=124 611 1331 72 5732 48 2403
leaf_count=124 611 1331 72 5732 48 2403
internal_value=-1.85164e-11 -0.0296504 -0.368132 -0.0202575 0.0702915 0.089063
internal_weight=10321 7259 196 7063 3062 2451
internal_count=10321 7259 196 7063 3062 2451
is_linear=0
shrinkage=0.05


Tree=15
num_leaves=7
num_cat=0
split_feature=11 9 21 10 2 10
split_gain=7840.09 8685.68 1510.7 1447.02 1037.67 1404.18
threshold=21.500000000000004 12.000000000000002 0.0089285714285714298 23.500000000000004 4.5000000000000009 23.500000000000004
decision_type=2 2 2 2 2 2
left_child=1 2 -1 -2 5 -3
right_child=3 4 -4 -5 -6 -7
leaf_value=-0.48647005233848306 0.033247788289793224 -0.011160029857535945 -0.18138331846585351 0.097482973539184059 -0.045795352903569848 0.16067473552818223
leaf_weight=114 2206 3557 63 1455 2803 123
leaf_count=114 2206 3557 63 1455 2803 123
internal_value=4.37445e-10 -0.0323097 -0.37788 0.0587769 -0.0228748 -0.00541664
internal_weight=10321 6660 177 3661 6483 3680
internal_count=10321 6660 177 3661 6483 3680
is_linear=0
shrinkage=0.05


Tree=16
num_leaves=7
num_cat=0
split_feature=9 8 7 21 0 5
split_gain=7159.63 6075.78 3415.83 2865.94 1738.44 1584.46
threshold=12.000000000000002 1.0000000180025095e-35 -0.99761278905001471 0.0089285714285714298 9.5000000000000018 -0.5
decision_type=2 2 2 2 2 2
left_child=2 5 -1 -4 -5 -2
right_child=1 -3 3 4 -6 -7
leaf_value=-0.55704155728436899 -0.078138414332643152 0.066645617763404538 -0.35824263310366938 -0.23478828455720629 0.17210892066359521 -0.0090351475643974648
leaf_weight=69 960 2986 91 42 70 6103
leaf_count=69 960 2986 91 42 70 6103
internal_value=7.04064e-11 0.00685137 -0.253123 -0.149821 0.0195225 -0.0184276
internal_weight=10321 10049 272 203 112 7063
internal_count=10321 10049 272 203 112 7063
is_linear=0
shrinkage=0.05


Tree=17
num_leaves=7
num_cat=0
split_feature=11 9 11 21 0 7
split_gain=6623.48 7682.51 1305.5 1087.1 884.994 810.754
threshold=22.500000000000004 12.000000000000002 20.500000000000004 0.0089285714285714298 7.5000000000000009 -0.99761278905001471
decision_type=2 2 2 2 2 2
left_child=1 3 -3 -1 -5 -2
right_child=5 2 -4 4 -6 -7
leaf_value=-0.42727018271462391 -0.13643292070676882 -0.03021385661616189 0.014550011902754718 -0.35263907734940697 -0.022071193754673007 0.070907139447686007
leaf_weight=118 48 5003 2415 41 40 2656
leaf_count=118 48 5003 2415 41 40 2656
internal_value=4.64275e-10 -0.0238651 -0.0156406 -0.330447 -0.189396 0.0672265
internal_weight=10321 7617 7418 199 81 2704
internal_count=10321 7617 7418 199 81 2704
is_linear=0
shrinkage=0.05


Tree=18
num_leaves=7
num_cat=0
split_feature=11 9 2 10 13 5
split_gain=5977.69 6933.46 1247.38 1502.63 996.025 812.633
threshold=22.500000000000004 12.000000000000002 4.5000000000000009 21.500000000000004 9.9522598236997837 1.0000000180025095e-35
decision_type=2 2 2 2 2 2
left_child=1 4 3 -3 -1 -4
right_child=-2 2 5 -5 -6 -7
leaf_value=-0.37090710725965381 0.063865219297065942 -0.013379013720324706 -0.067240407314830747 0.057208924907292839 -0.094333259506923395 -0.014019456082257811
leaf_weight=158 2704 3595 1437 954 41 1432
leaf_count=158 2704 3595 1437 954 41 1432
internal_value=7.98586e-13 -0.0226719 -0.0148585 0.00142444 -0.313925 -0.0406763
internal_weight=10321 7617 7418 4549 199 2869
internal_count=10321 7617 7418 4549 199 2869
is_linear=0
shrinkage=0.05


Tree=19
num_leaves=7
num_cat=0
split_feature=8 9 15 10 5 10
split_gain=5411.22 5569.25 1491.52 1328.91 1259.08 708.103
threshold=1.0000000180025095e-35 12.000000000000002 24.500000000000004 22.500000000000004 -0.5 20.500000000000004
decision_type=2 2 2 2 2 2
left_child=1 2 -1 -2 -3 -6
right_child=3 4 -4 -5 5 -7
leaf_value=-0.35626051575661855 0.01488031846904358 -0.069445920605988559 -0.014028912261128427 0.082295432313837624 -0.02168871801351609 0.013107879200637268
leaf_weight=156 1206 960 40 1856 3675 2428
leaf_count=156 1206 960 40 1856 3675 2428
internal_value=-2.21161e-10 -0.0235137 -0.286417 0.0557433 -0.0162181 -0.00784534
internal_weight=10321 7259 196 3062 7063 6103
internal_count=10321 7259 196 3062 7063 6103
is_linear=0
shrinkage=0.05


Tree=20
num_leaves=7
num_cat=0
split_feature=11 9 7 21 10 10
split_gain=4944.35 5247.84 1219.13 1070.1 929.947 815.851
threshold=21.500000000000004 12.000000000000002 -0.99761278905001471 0.0089285714285714298 23.500000000000004 18.500000000000004
decision_type=2 2 2 2 2 2
left_child=1 3 -2 -1 -4 -3
right_child=2 5 4 -5 -6 -7
leaf_value=-0.38566260766564753 -0.16963292257278229 -0.066008371188125678 0.029897198338772624 -0.12889192255716475 0.081857943783203768 -0.011726661554535261
leaf_weight=114 64 788 2169 63 1428 5695
leaf_count=114 64 788 2169 63 1428 5695
internal_value=-2.48983e-10 -0.0256582 0.0466768 -0.29427 0.0505255 -0.0183245
internal_weight=10321 6660 3661 177 3597 6483
internal_count=10321 6660 3661 177 3597 6483
is_linear=0
shrinkage=0.05


Tree=21
num_leaves=7
num_cat=0
split_feature=8 9 0 0 11 7
split_gain=4520.33 4553.58 1358.33 1152.22 1104.75 847.841
threshold=1.0000000180025095e-35 12.000000000000002 17.500000000000004 10.500000000000002 18.500000000000004 -0.99761278905001471
decision_type=2 2 2 2 2 2
left_child=1 2 -1 -2 -3 -5
right_child=3 4 -4 5 -6 -7
leaf_value=-0.35951567695986841 0.0040385689758040593 -0.055930763567363317 -0.086477806564006554 -0.15143522400675077 -0.0053652473303829945 0.075444936310173627
leaf_weight=124 917 1331 72 42 5732 2103
leaf_count=124 917 1331 72 42 5732 2103
internal_value=-5.99481e-11 -0.0214911 -0.259216 0.0509483 -0.0148942 0.0710025
internal_weight=10321 7259 196 3062 7063 2145
internal_count=10321 7259 196 3062 7063 2145
is_linear=0
shrinkage=0.05


Tree=22
num_leaves=7
num_cat=0
split_feature=11 9 2 10 0 7
split_gain=4111.71 4710.22 938.195 1273.33 877.896 641.726
threshold=22.500000000000004 12.000000000000002 4.5000000000000009 23.500000000000004 17.500000000000004 0.2499757677084001
decision_type=2 2 2 2 2 2
left_child=1 4 3 -3 5 -1
right_child=-2 2 -4 -5 -6 -7
leaf_value=-0.20990593941485294 0.052967407335265483 -0.0043183194832465514 -0.034753849981797411 0.11691969224831843 -0.10456150864797926 -0.42828896840413411
leaf_weight=61 2704 4321 2869 228 63 75
leaf_count=61 2704 4321 2869 228 63 75
internal_value=-4.64795e-10 -0.0188032 -0.0123632 0.00175824 -0.258861 -0.330338
internal_weight=10321 7617 7418 4549 199 136
internal_count=10321 7617 7418 4549 199 136
is_linear=0
shrinkage=0.05


Tree=23
num_leaves=7
num_cat=0
split_feature=11 12 2 10 7 9
split_gain=3780.9 4622.52 1299.07 1241.4 1064.62 705.987
threshold=23.500000000000004 12.875000000000002 4.5000000000000009 21.500000000000004 -0.99761278905001471 18.500000000000004
decision_type=2 2 2 2 2 2
left_child=1 4 3 -3 -1 -4
right_child=-2 2 5 -5 -6 -7
leaf_value=-0.42484533353285353 0.063710567692441766 -0.0090441700553658168 -0.228061731635256 0.045061754268965852 -0.17250956850976015 -0.032686331297752946
leaf_weight=66 1900 3885 47 1458 114 2851
leaf_count=66 1900 3885 47 1458 114 2851
internal_value=9.05594e-11 -0.0143748 -0.00889991 0.00572028 -0.265033 -0.0358549
internal_weight=10321 8421 8241 5343 180 2898
internal_count=10321 8421 8241 5343 180 2898
is_linear=0
shrinkage=0.05


Tree=24
num_leaves=7
num_cat=0
split_feature=11 12 2 10 7 9
split_gain=3412.26 4171.83 1172.41 1120.37 960.818 637.153
threshold=23.500000000000004 12.875000000000002 4.5000000000000009 21.500000000000004 -0.99761278905001471 18.500000000000004
decision_type=2 2 2 2 2 2
left_child=1 4 3 -3 -1 -4
right_child=-2 2 5 -5 -6 -7
leaf_value=-0.40360307476737289 0.060525038439878512 -0.0085919614483816898 -0.21665864694625775 0.042808666180395138 -0.16388408979564384 -0.03105201486154522
leaf_weight=66 1900 3885 47 1458 114 2851
leaf_count=66 1900 3885 47 1458 114 2851
internal_value=-1.79078e-10 -0.013656 -0.00845492 0.00543426 -0.251781 -0.0340622
internal_weight=10321 8421 8241 5343 180 2898
internal_count=10321 8421 8241 5343 180 2898
is_linear=0
shrinkage=0.05


Tree=25
num_leaves=7
num_cat=0
split_feature=11 12 11 7 7 10
split_gain=3079.56 3765.07 1067.72 867.138 701.902 531.268
threshold=23.500000000000004 12.875000000000002 20.500000000000004 -0.99761278905001471 -0.99864786094873803 18.500000000000004
decision_type=2 2 2 2 2 2
left_child=1 3 5 -1 -4 -3
right_child=-2 2 4 -5 -6 -7
leaf_value=-0.38342291730822942 0.057498787222871266 -0.062336825114394825 -0.19365930020809174 -0.15568988474083759 0.017105689198274744 -0.015801596302891515
leaf_weight=66 1900 715 40 114 3173 4313
leaf_count=66 1900 715 40 114 3173 4313
internal_value=1.28601e-10 -0.0129732 -0.00803217 -0.239192 0.0144818 -0.0224191
internal_weight=10321 8421 8241 180 3213 5028
internal_count=10321 8421 8241 180 3213 5028
is_linear=0
shrinkage=0.05


Tree=26
num_leaves=7
num_cat=0
split_feature=8 9 0 10 5 7
split_gain=2835.99 2821.41 1066.15 840.407 832.982 713.45
threshold=1.0000000180025095e-35 12.000000000000002 17.500000000000004 22.500000000000004 -0.5 0.2499757677084001
decision_type=2 2 2 2 2 2
left_child=1 2 5 -2 -3 -1
right_child=3 4 -4 -5 -6 -7
leaf_value=-0.15867387945001776 0.0078591538810269257 -0.055123988931688177 -0.051110907768209785 0.061470270444386126 -0.0050196691712669148 -0.40008464550626455
leaf_weight=55 1206 960 72 1856 6103 69
leaf_count=55 1206 960 72 1856 6103 69
internal_value=1.86963e-10 -0.0170226 -0.204147 0.040355 -0.0118298 -0.293007
internal_weight=10321 7259 196 3062 7063 124
internal_count=10321 7259 196 3062 7063 124
is_linear=0
shrinkage=0.05


Tree=27
num_leaves=7
num_cat=0
split_feature=9 11 7 0 7 2
split_gain=2588.77 2316.14 1957.16 1804.85 1228.42 912.9
threshold=12.000000000000002 20.500000000000004 -0.99761278905001471 10.500000000000002 0.28313308994381586 2.5000000000000004
decision_type=2 2 2 2 2 2
left_child=2 -2 -1 4 -4 -5
right_child=1 -3 3 5 -6 -7
leaf_value=-0.3822565773259039 -0.019987501763579905 0.028021726401369934 -0.039802459776401525 0.18439166046797284 -0.4149782779316108 -0.098655327524130171
leaf_weight=69 5003 5046 40 63 48 52
leaf_count=69 5003 5046 40 63 48 52
internal_value=-1.8321e-10 0.00411983 -0.152206 -0.0740121 -0.244444 0.0564052
internal_weight=10321 10049 272 203 88 115
internal_count=10321 10049 272 203 88 115
is_linear=0
shrinkage=0.05


Tree=28
num_leaves=7
num_cat=0
split_feature=11 12 2 10 7 5
split_gain=2430.53 2927.31 874.8 892.828 688.946 530.268
threshold=23.500000000000004 12.875000000000002 4.5000000000000009 21.500000000000004 -0.99761278905001471 1.0000000180025095e-35
decision_type=2 2 2 2 2 2
left_child=1 4 3 -3 -1 -4
right_child=-2 2 5 -5 -6 -7
leaf_value=-0.33955513961387407 0.051081573968606166 -0.0076921876599865954 -0.050646584853786675 0.038192961686444107 -0.13656519746505899 -0.0078707066544479003
leaf_weight=66 1900 3885 1451 1458 114 1447
leaf_count=66 1900 3885 1451 1458 114 1447
internal_value=7.19675e-11 -0.0115254 -0.00716854 0.00482897 -0.210995 -0.0292882
internal_weight=10321 8421 8241 5343 180 2898
internal_count=10321 8421 8241 5343 180 2898
is_linear=0
shrinkage=0.05


Tree=29
num_leaves=7
num_cat=0
split_feature=8 12 0 11 13 7
split_gain=2197.95 2176 745.436 725.699 681.745 580.661
threshold=1.0000000180025095e-35 12.875000000000002 10.500000000000002 18.500000000000004 2.3855668765022942 -0.99761278905001471
decision_type=2 2 2 2 2 2
left_child=1 -1 -2 -3 5 -4
right_child=2 3 4 -5 -6 -7
leaf_value=-0.1967533438935043 -0.0022046524136567908 -0.043988584352644702 -0.14665118697143736 -0.0031468789434202088 0.10560659641106412 0.041621755220549214
leaf_weight=161 917 1341 42 5757 460 1643
leaf_count=161 917 1341 42 5757 460 1643
internal_value=-6.71128e-14 -0.0149859 0.0355266 -0.010863 0.051657 0.0369289
internal_weight=10321 7259 3062 7098 2145 1685
internal_count=10321 7259 3062 7098 2145 1685
is_linear=0
shrinkage=0.05


Tree=30
num_leaves=7
num_cat=0
split_feature=9 11 7 21 0 10
split_gain=2019.1 1748.42 1574.36 1535.84 806.948 658.925
threshold=18.500000000000004 20.500000000000004 -0.99761278905001471 0.0089285714285714298 9.5000000000000018 23.500000000000004
decision_type=2 2 2 2 2 2
left_child=2 -2 -1 -4 -5 -3
right_child=1 5 3 4 -6 -7
leaf_value=-0.33785460617231289 -0.017220940929327813 0.012773809149600643 -0.19347481955976592 -0.10660414709931328 0.17061805435589383 0.052282862028547622
leaf_weight=69 4979 3543 115 42 70 1503
leaf_count=69 4979 3543 115 42 70 1503
internal_value=1.06867e-11 0.00380007 -0.128702 -0.0651265 0.0666597 0.024542
internal_weight=10321 10025 296 227 112 5046
internal_count=10321 10025 296 227 112 5046
is_linear=0
shrinkage=0.05


Tree=31
num_leaves=7
num_cat=0
split_feature=11 12 2 0 7 6
split_gain=1852.63 2218.98 693.62 743.093 742.273 532.863
threshold=23.500000000000004 12.875000000000002 4.5000000000000009 8.5000000000000018 -0.99628250747696534 0.99818282439137029
decision_type=2 2 2 2 2 2
left_child=1 -1 3 5 -5 -3
right_child=-2 2 -4 4 -6 -7
leaf_value=-0.18372996973080769 0.044597269893623892 -0.01117784116732181 -0.025965347090259445 -0.18043357381089167 0.026658109789517589 -0.18468974747591549
leaf_weight=180 1900 2649 2898 44 2605 45
leaf_count=180 1900 2649 2898 44 2605 45
internal_value=1.20544e-10 -0.0100623 -0.00626907 0.00441403 0.0232183 -0.0140761
internal_weight=10321 8421 8241 5343 2649 2694
internal_count=10321 8421 8241 5343 2649 2694
is_linear=0
shrinkage=0.05


Tree=32
num_leaves=7
num_cat=0
split_feature=9 8 7 21 0 0
split_gain=1706.61 1465.35 1316.68 1580.12 857.102 706.932
threshold=12.000000000000002 1.0000000180025095e-35 -0.99761278905001471 0.0089285714285714298 11.500000000000002 9.5000000000000018
decision_type=2 2 2 2 2 2
left_child=2 -2 -1 4 -4 -5
right_child=1 -3 3 5 -6 -7
leaf_value=-0.31227174530858581 -0.0090694658990417201 0.032709909604926382 -0.37632997424103493 -0.095875061267898201 -0.068966545412937799 0.1635990544302123
leaf_weight=69 7063 2986 43 42 48 70
leaf_count=69 7063 2986 43 42 48 70
internal_value=1.68359e-11 0.00334502 -0.123581 -0.0594453 -0.214204 0.0662963
internal_weight=10321 10049 272 203 91 112
internal_count=10321 10049 272 203 91 112
is_linear=0
shrinkage=0.05


Tree=33
num_leaves=7
num_cat=0
split_feature=11 12 11 7 6 7
split_gain=1555.76 1822.66 628.8 610.737 469.74 459.774
threshold=23.500000000000004 12.875000000000002 19.250000000000004 -0.99938741687870725 0.99966190462023474 -0.99761278905001471
decision_type=2 2 2 2 2 2
left_child=1 5 -3 -4 -5 -1
right_child=-2 2 3 4 -6 -7
leaf_value=-0.27164087837392631 0.040868241420750948 -0.025849935873427418 -0.16683308516557402 0.0066412443092093501 -0.1555635681624214 -0.1058143322666486
leaf_weight=66 1900 2649 52 5495 45 114
leaf_count=66 1900 2649 52 5495 45 114
internal_value=3.10321e-10 -0.00922095 -0.0057831 0.00372281 0.0053237 -0.166617
internal_weight=10321 8421 8241 5592 5540 180
internal_count=10321 8421 8241 5592 5540 180
is_linear=0
shrinkage=0.05


Tree=34
num_leaves=7
num_cat=0
split_feature=12 11 7 0 2 0
split_gain=1423.99 1362.98 1045.84 640.651 1098.44 619.949
threshold=11.604166666666668 20.500000000000004 -0.99761278905001471 7.5000000000000009 1.5000000000000002 9.5000000000000018
decision_type=2 2 2 2 2 2
left_child=2 -2 -1 -4 -5 -3
right_child=1 5 3 4 -6 -7
leaf_value=-0.34470922376798546 -0.015896524999384664 -0.0072235640197249361 -0.23126171926657357 0.17454693238151836 -0.16729366547883828 0.031659016956904741
leaf_weight=46 5055 1424 42 47 47 3660
leaf_count=46 5055 1424 42 47 47 3660
internal_value=6.60751e-12 0.00248828 -0.138619 -0.0689124 0.00362663 0.0207682
internal_weight=10321 10139 182 136 94 5084
internal_count=10321 10139 182 136 94 5084
is_linear=0
shrinkage=0.05


Tree=35
num_leaves=7
num_cat=0
split_feature=9 11 7 21 0 0
split_gain=1329.31 1148.96 981.963 1349.5 759.876 575.121
threshold=12.000000000000002 20.500000000000004 -0.99761278905001471 0.0089285714285714298 11.500000000000002 9.5000000000000018
decision_type=2 2 2 2 2 2
left_child=2 -2 -1 4 -4 -5
right_child=1 -3 3 5 -6 -7
leaf_value=-0.27201908550400666 -0.014027114823815573 0.019786806285674408 -0.34935480827508969 -0.083750368299938385 -0.059949072046826285 0.1502867754942937
leaf_weight=69 5003 5046 43 42 48 70
leaf_count=69 5003 5046 43 42 48 70
internal_value=-1.2052e-10 0.00295219 -0.109068 -0.0536811 -0.196701 0.0625228
internal_weight=10321 10049 272 203 91 112
internal_count=10321 10049 272 203 91 112
is_linear=0
shrinkage=0.05


Tree=36
num_leaves=7
num_cat=0
split_feature=11 12 7 2 10 6
split_gain=1225.8 1397.26 678.224 584.019 708.204 591.516
threshold=23.500000000000004 11.604166666666668 -0.99938741687870725 4.5000000000000009 22.500000000000004 0.99966190462023474
decision_type=2 2 2 2 2 2
left_child=1 -1 -3 4 5 -4
right_child=-2 2 3 -5 -6 -7
leaf_value=-0.16314574009576044 0.036276316058969027 -0.1522496974352413 -0.00034341842411743069 -0.022160912975461827 0.04807950483337671 -0.18668873296227567
leaf_weight=143 1900 78 4426 2898 833 43
leaf_count=143 1900 78 4426 2898 833 43
internal_value=-4.46477e-11 -0.0081849 -0.00550799 -0.00411216 0.00575304 -0.0021364
internal_weight=10321 8421 8278 8200 5302 4469
internal_count=10321 8421 8278 8200 5302 4469
is_linear=0
shrinkage=0.05


Tree=37
num_leaves=7
num_cat=0
split_feature=9 8 7 7 0 2
split_gain=1108.38 965.464 870.454 1200.71 1490.51 1022.77
threshold=18.500000000000004 1.0000000180025095e-35 -0.99761278905001471 0.2499757677084001 10.500000000000002 3.5000000000000004
decision_type=2 2 2 2 2 2
left_child=2 -2 -1 -4 -5 -6
right_child=1 -3 3 4 5 -7
leaf_value=-0.25087596834569736 -0.007290632900301847 0.026639053199278992 0.18002174860233464 -0.26909186033697069 0.18168228021264077 -0.13503580160725576
leaf_weight=69 7039 2986 46 79 50 52
leaf_count=69 7039 2986 46 79 50 52
internal_value=1.79063e-10 0.00281551 -0.0953562 -0.0480837 -0.106055 0.0202182
internal_weight=10321 10025 296 227 181 102
internal_count=10321 10025 296 227 181 102
is_linear=0
shrinkage=0.05


Tree=38
num_leaves=7
num_cat=0
split_feature=11 12 7 11 15 11
split_gain=1026.31 1169.46 581.911 514.14 403.645 396.078
threshold=23.500000000000004 11.604166666666668 -0.99938741687870725 19.250000000000004 33.500000000000007 15.500000000000002
decision_type=2 2 2 2 2 2
left_child=1 -1 -3 5 -5 -4
right_child=-2 2 3 4 -6 -7
leaf_value=-0.14925615353496757 0.033193472658234989 -0.14096410933058137 0.038401853439477295 0.0061260471472575351 -0.14260332473634704 -0.028093597744197497
leaf_weight=143 1900 78 247 5508 46 2399
leaf_count=143 1900 78 247 5508 46 2399
internal_value=-8.45069e-11 -0.00748932 -0.00504034 -0.00374741 0.00489422 -0.0218864
internal_weight=10321 8421 8278 8200 5554 2646
internal_count=10321 8421 8278 8200 5554 2646
is_linear=0
shrinkage=0.05


Tree=39
num_leaves=7
num_cat=0
split_feature=7 6 2 11 0 9
split_gain=940.095 1985.73 974.154 955.268 640.149 826.164
threshold=-0.99761278905001471 1.0000000180025095e-35 4.5000000000000009 20.500000000000004 10.500000000000002 18.500000000000004
decision_type=2 2 2 2 2 2
left_child=1 2 -1 -2 5 -5
right_child=3 -3 -4 4 -6 -7
leaf_value=-0.43524232719172828 -0.01334939418655931 0.049029353788743422 -0.11157599026742189 -0.22394839358884236 0.029989561388902831 -0.0019775425656380387
leaf_weight=47 5047 96 46 43 3374 1668
leaf_count=47 5047 96 46 43 3374 1668
internal_value=-1.18574e-10 -0.110487 -0.275149 0.002061 0.0173562 -0.007556
internal_weight=10321 189 93 10132 5085 1711
internal_count=10321 189 93 10132 5085 1711
is_linear=0
shrinkage=0.05


Tree=40
num_leaves=7
num_cat=0
split_feature=11 14 20 10 7 6
split_gain=854.582 1004.36 1375.47 843.111 1085.14 457.643
threshold=23.500000000000004 7.0000000000000009 0.062500000000000014 18.500000000000004 0.28313308994381586 0.80926549319045582
decision_type=2 2 2 2 2 2
left_child=1 2 3 4 -1 -5
right_child=-2 -3 -4 5 -6 -7
leaf_value=-0.15993278905896857 0.030289427119196934 -0.0031270967825172725 0.064953557060996314 -0.16616142834137593 0.13304282167683476 -0.36661077267490327
leaf_weight=101 1900 8050 106 70 46 48
leaf_count=101 1900 8050 106 70 46 48
internal_value=4.89839e-11 -0.00683409 -0.087269 -0.148158 -0.0682533 -0.2477
internal_weight=10321 8421 371 265 147 118
internal_count=10321 8421 371 265 147 118
is_linear=0
shrinkage=0.05


Tree=41
num_leaves=7
num_cat=0
split_feature=2 10 9 7 6 13
split_gain=810.053 964.269 842.335 651.69 996.397 488.042
threshold=4.5000000000000009 22.500000000000004 12.000000000000002 -0.99761278905001471 0.01505151768384008 2.3855668765022942
decision_type=2 2 2 2 2 2
left_child=1 3 -2 4 -1 -3
right_child=2 5 -4 -5 -6 -7
leaf_value=-0.28188120419732654 -0.17096860253292581 0.021560577231023895 -0.017276596260125846 -0.00027088420223104532 0.02339645295657895 0.073538206469162676
leaf_weight=52 92 1540 2878 5065 55 639
leaf_count=52 92 1540 2878 5065 55 639
internal_value=1.17232e-10 0.00890371 -0.0220374 -0.00285055 -0.124963 0.0368032
internal_weight=10321 7351 2970 5172 107 2179
internal_count=10321 7351 2970 5172 107 2179
is_linear=0
shrinkage=0.05


Tree=42
num_leaves=7
num_cat=0
split_feature=12 2 0 13 15 7
split_gain=737.83 709.221 789.138 750.88 614.677 590.091
threshold=11.604166666666668 4.5000000000000009 9.5000000000000018 2.3855668765022942 33.500000000000007 -0.99761278905001471
decision_type=2 2 2 2 2 2
left_child=5 2 4 -4 -2 -1
right_child=1 -3 3 -5 -6 -7
leaf_value=-0.25458609137846078 -0.0067316569868018017 -0.018981571103543014 0.013325997401434803 0.06525937675688924 -0.20405226015485822 -0.04742085517329328
leaf_weight=46 2966 2924 3329 880 40 136
leaf_count=46 2966 2924 3329 880 40 136
internal_value=1.40747e-10 0.00179112 0.0102096 0.024184 -0.00935735 -0.0997813
internal_weight=10321 10139 7215 4209 3006 182
internal_count=10321 10139 7215 4209 3006 182
is_linear=0
shrinkage=0.05


Tree=43
num_leaves=7
num_cat=0
split_feature=7 6 2 2 0 9
split_gain=678.715 1554.08 897.711 701.063 921.864 863.471
threshold=-0.99761278905001471 1.0000000180025095e-35 4.5000000000000009 4.5000000000000009 10.500000000000002 12.000000000000002
decision_type=2 2 2 2 2 2
left_child=1 2 -1 4 -2 -5
right_child=3 -3 -4 5 -6 -7
leaf_value=-0.39323253129073921 -0.0093307255895695457 0.047238504521859188 -0.08252491607614186 -0.23381618105846905 0.026559522081590226 -0.01546368819917973
leaf_weight=47 3300 96 46 46 3908 2878
leaf_count=47 3300 96 46 46 3908 2878
internal_value=2.00831e-11 -0.0938793 -0.239549 0.0017512 0.0101281 -0.0188988
internal_weight=10321 189 93 10132 7208 2924
internal_count=10321 189 93 10132 7208 2924
is_linear=0
shrinkage=0.05


Tree=44
num_leaves=7
num_cat=0
split_feature=10 14 20 7 7 10
split_gain=624.359 675.64 669.717 555.361 718.081 552.069
threshold=24.500000000000004 16.500000000000004 0.062500000000000014 0.28313308994381586 0.011826144619637555 6.5000000000000009
decision_type=2 2 2 2 2 2
left_child=1 2 3 4 -1 -5
right_child=-2 -3 -4 5 -6 -7
leaf_value=-0.073469386100267889 0.034899459891184641 0.00027461166866520401 0.068307493543573503 0.10190950372944707 -0.26233104543044017 -0.049404501878920856
leaf_weight=223 1140 8231 116 69 65 477
leaf_count=223 1140 8231 116 69 65 477
internal_value=-5.04276e-11 -0.00433345 -0.0442586 -0.0599153 -0.116094 -0.0302824
internal_weight=10321 9181 950 834 288 546
internal_count=10321 9181 950 834 288 546
is_linear=0
shrinkage=0.05


Tree=45
num_leaves=7
num_cat=0
split_feature=7 6 2 11 0 9
split_gain=596.112 1373.08 821.164 618.281 425.259 676.163
threshold=-0.99761278905001471 1.0000000180025095e-35 4.5000000000000009 20.500000000000004 10.500000000000002 18.500000000000004
decision_type=2 2 2 2 2 2
left_child=1 2 -1 -2 5 -5
right_child=3 -3 -4 4 -6 -7
leaf_value=-0.37189076554310074 -0.010756606784140406 0.044664477875145776 -0.074725200171056008 -0.20212327172589856 0.024243151641199084 -0.0013117886028139198
leaf_weight=47 5047 96 46 43 3374 1668
leaf_count=47 5047 96 46 43 3374 1668
internal_value=-1.82384e-11 -0.0879811 -0.224906 0.00164118 0.0139463 -0.00635848
internal_weight=10321 189 93 10132 5085 1711
internal_count=10321 189 93 10132 5085 1711
is_linear=0
shrinkage=0.05


Tree=46
num_leaves=7
num_cat=0
split_feature=8 14 20 14 10 7
split_gain=545.768 612.449 510.045 421.259 663.594 425.316
threshold=1.0000000180025095e-35 16.500000000000004 0.062500000000000014 1.0000000180025095e-35 19.250000000000004 0.28313308994381586
decision_type=2 2 2 2 2 2
left_child=1 2 3 4 5 -1
right_child=-2 -3 -4 -5 -6 -7
leaf_value=-0.11340833967551589 0.017703087631544774 -0.0025376150877463792 0.058673377287514664 -0.036911222736271246 -0.23151666095370757 0.074319108981977813
leaf_weight=96 3062 6509 94 431 85 44
leaf_count=96 3062 6509 94 431 85 44
internal_value=2.12444e-10 -0.00746754 -0.0502527 -0.065861 -0.121316 -0.0544083
internal_weight=10321 7259 750 656 225 140
internal_count=10321 7259 750 656 225 140
is_linear=0
shrinkage=0.05


Tree=47
num_leaves=7
num_cat=0
split_feature=11 7 6 0 14 20
split_gain=521.297 536.932 1502.2 437.213 549.64 2165.68
threshold=19.250000000000004 -0.99761278905001471 1.0000000180025095e-35 10.500000000000002 7.0000000000000009 1.0000000180025095e-35
decision_type=2 2 2 2 2 2
left_child=-1 2 -2 4 5 -3
right_child=1 3 -4 -5 -6 -7
leaf_value=-0.018897826164794702 -0.272791336334887 -0.40813413160603224 0.048580309027145337 0.019784312482740873 -0.00015182726791070504 0.015595168022340851
leaf_weight=2696 63 41 86 4014 3307 114
leaf_count=2696 63 41 86 4014 3307 114
internal_value=3.25928e-11 0.00668178 -0.0873017 0.00855491 -0.00446497 -0.0964881
internal_weight=10321 7625 149 7476 3462 155
internal_count=10321 7625 149 7476 3462 155
is_linear=0
shrinkage=0.05


Tree=48
num_leaves=7
num_cat=0
split_feature=10 14 20 10 14 4
split_gain=497.244 488.677 528.695 424.405 655.477 783.265
threshold=24.500000000000004 16.500000000000004 0.062500000000000014 19.250000000000004 7.0000000000000009 0.37940952255126054
decision_type=2 2 2 2 2 2
left_child=1 2 3 -1 5 -5
right_child=-2 -3 -4 4 -6 -7
leaf_value=-0.031436397947356219 0.031144873466252821 5.172433058016501e-05 0.06219293994202825 -0.072598909435328096 -0.0094289317553819616 -0.33116909320707677
leaf_weight=630 1140 8231 116 64 86 54
leaf_count=630 1140 8231 116 64 86 54
internal_value=-3.14923e-11 -0.00386724 -0.037822 -0.0517329 -0.114413 -0.190928
internal_weight=10321 9181 950 834 204 118
internal_count=10321 9181 950 834 204 118
is_linear=0
shrinkage=0.05


Tree=49
num_leaves=7
num_cat=0
split_feature=2 10 0 7 6 7
split_gain=470.091 613.328 451.191 421.102 732.964 379.097
threshold=4.5000000000000009 23.500000000000004 8.5000000000000018 -0.99761278905001471 0.01505151768384008 0.85561368268953431
decision_type=2 2 2 2 2 2
left_child=1 3 -2 4 -1 -3
right_child=2 5 -4 -5 -6 -7
leaf_value=-0.22740830680863425 0.008439229284287305 0.022730468986278583 -0.03184271918663565 0.0011900185375282738 0.02429797980957283 0.085796826405914781
leaf_weight=55 1110 1276 1860 5666 61 293
leaf_count=55 1110 1276 1860 5666 61 293
internal_value=2.99763e-11 0.00678274 -0.0167878 -0.000740684 -0.0950455 0.0345077
internal_weight=10321 7351 2970 5782 116 1569
internal_count=10321 7351 2970 5782 116 1569
is_linear=0
shrinkage=0.05


Tree=50
num_leaves=7
num_cat=0
split_feature=11 7 6 0 14 20
split_gain=427.647 442.383 1292.83 370.767 452.888 1832.06
threshold=19.250000000000004 -0.99761278905001471 1.0000000180025095e-35 10.500000000000002 7.0000000000000009 1.0000000180025095e-35
decision_type=2 2 2 2 2 2
left_child=-1 2 -2 4 5 -3
right_child=1 3 -4 -5 -6 -7
leaf_value=-0.01711638515760364 -0.25133467169981155 -0.3744083570271004 0.046801044455144644 0.018093092538445155 -0.00032246662382659394 0.015319623002423005
leaf_weight=2696 63 41 86 4014 3307 114
leaf_count=2696 63 41 86 4014 3307 114
internal_value=1.77274e-10 0.00605191 -0.0792563 0.00775214 -0.00423764 -0.0877697
internal_weight=10321 7625 149 7476 3462 155
internal_count=10321 7625 149 7476 3462 155
is_linear=0
shrinkage=0.05


Tree=51
num_leaves=7
num_cat=0
split_feature=12 11 11 16 16 7
split_gain=407.76 406.51 466.994 619.619 483.23 385.567
threshold=22.770833333333339 18.500000000000004 15.500000000000002 19.547619047619051 18.244047619047624 -0.99761278905001471
decision_type=2 2 2 2 2 2
left_child=1 2 -1 4 -4 -3
right_child=-2 5 3 -5 -6 -7
leaf_value=0.037156165339020567 0.033388649743837533 -0.073808400424386925 -0.055803122076877335 -0.030480381082348997 -0.29725020909216254 0.0029637145372692539
leaf_weight=232 840 167 43 1098 40 7901
leaf_count=232 840 167 43 1098 40 7901
internal_value=7.65581e-11 -0.00295818 -0.0276976 -0.0404378 -0.172163 0.0013746
internal_weight=10321 9481 1413 1181 83 8068
internal_count=10321 9481 1413 1181 83 8068
is_linear=0
shrinkage=0.05


Tree=52
num_leaves=7
num_cat=0
split_feature=10 14 20 10 14 4
split_gain=385.595 390.688 447.69 370.18 548.439 654.9
threshold=24.500000000000004 16.500000000000004 0.062500000000000014 19.250000000000004 7.0000000000000009 0.12940952255126045
decision_type=2 2 2 2 2 2
left_child=1 2 3 -1 5 -5
right_child=-2 -3 -4 4 -6 -7
leaf_value=-0.027611074896791717 0.02742632205414243 9.8581958999792809e-05 0.058268863945428677 -0.059282402480021125 -0.0090752040165974664 -0.29490058569815653
leaf_weight=630 1140 8231 116 60 86 58
leaf_count=630 1140 8231 116 60 86 58
internal_value=5.95116e-11 -0.00340551 -0.0337657 -0.0465667 -0.105106 -0.175095
internal_weight=10321 9181 950 834 204 118
internal_count=10321 9181 950 834 204 118
is_linear=0
shrinkage=0.05


Tree=53
num_leaves=7
num_cat=0
split_feature=2 5 0 7 6 12
split_gain=362.303 519.639 389.66 347.713 634.727 315.031
threshold=4.5000000000000009 0.25881904510252057 7.5000000000000009 -0.99761278905001471 0.01505151768384008 11.604166666666668
decision_type=2 2 2 2 2 2
left_child=1 3 -2 4 -1 -3
right_child=2 5 -4 -5 -6 -7
leaf_value=-0.22098336885018008 0.010952139954256465 -0.12836378520185296 -0.027505443772432987 0.019199094935303709 0.053903309004159565 -0.0076098546772603087
leaf_weight=42 986 55 1984 4205 42 3007
leaf_count=42 986 55 1984 4205 42 3007
internal_value=3.79667e-12 0.00595456 -0.014738 0.017187 -0.08354 -0.00977885
internal_weight=10321 7351 2970 4289 84 3062
internal_count=10321 7351 2970 4289 84 3062
is_linear=0
shrinkage=0.05


Tree=54
num_leaves=7
num_cat=0
split_feature=12 11 12 13 2 7
split_gain=352.169 335.913 402.225 1489.11 1863.09 337.992
threshold=22.770833333333339 19.250000000000004 22.562500000000004 2.3533228828979209 3.5000000000000004 -0.99761278905001471
decision_type=2 2 2 2 2 2
left_child=1 -1 5 4 -4 -3
right_child=-2 2 3 -5 -6 -7
leaf_value=-0.018361588427889097 0.031029317495912048 -0.068649068734555466 -0.40035168543833788 0.01826342545424851 0.0039114894337233226 0.0075246370900616455
leaf_weight=2527 840 149 57 262 57 6429
leaf_count=2527 840 149 57 262 57 6429
internal_value=-3.42411e-11 -0.00274914 0.00292423 -0.0473725 -0.19822 0.00579921
internal_weight=10321 9481 6954 376 114 6578
internal_count=10321 9481 6954 376 114 6578
is_linear=0
shrinkage=0.05


Tree=55
num_leaves=7
num_cat=0
split_feature=10 2 11 5 20 14
split_gain=336.393 268.314 329.646 261.917 209.81 288.229
threshold=20.500000000000004 4.5000000000000009 18.500000000000004 1.0000000180025095e-35 0.062500000000000014 7.0000000000000009
decision_type=2 2 2 2 2 2
left_child=-1 2 -2 -3 5 -4
right_child=1 3 4 -5 -6 -7
leaf_value=-0.0090399092942561998 0.11147681988518815 -0.030694539659692707 -0.075752454504633901 0.017579417241074185 0.11003518283705821 0.013826328735765989
leaf_weight=5153 87 722 92 460 55 3752
leaf_count=5153 87 722 92 460 55 3752
internal_value=-2.98894e-11 0.00901367 0.0152177 -0.0119077 0.0130698 0.0116824
internal_weight=10321 5168 3986 1182 3899 3844
internal_count=10321 5168 3986 1182 3899 3844
is_linear=0
shrinkage=0.05


Tree=56
num_leaves=7
num_cat=0
split_feature=10 14 6 7 10 0
split_gain=315.102 326.085 414.215 349.152 524.269 490.477
threshold=24.500000000000004 16.500000000000004 -0.95754239937548935 -0.99761278905001471 6.5000000000000009 5.5000000000000009
decision_type=2 2 2 2 2 2
left_child=1 2 -1 -4 5 -5
right_child=-2 -3 3 4 -6 -7
leaf_value=-0.1771765683008277 0.024792908150457631 0.0001227720740084371 -0.13146410457034041 -0.061743074830393409 -0.03327551526749143 0.12983551685299194
leaf_weight=46 1140 8231 69 49 681 105
leaf_count=46 1140 8231 69 49 681 105
internal_value=-4.05768e-11 -0.00307852 -0.0308152 -0.0233676 -0.0144351 0.0688787
internal_weight=10321 9181 950 904 835 154
internal_count=10321 9181 950 904 835 154
is_linear=0
shrinkage=0.05


Tree=57
num_leaves=7
num_cat=0
split_feature=12 10 2 13 7 16
split_gain=301.144 287.358 263.724 296.787 257.389 363.529
threshold=11.604166666666668 20.500000000000004 4.5000000000000009 2.3942919949129782 -0.99761278905001471 17.761904761904763
decision_type=2 2 2 2 2 2
left_child=4 -2 3 -3 -1 -6
right_child=1 2 -4 -5 5 -7
leaf_value=-0.16598657264333705 -0.0074045963976117971 0.0077907078481516184 -0.011297273933132063 0.039534499453087103 0.089039781757376424 -0.085698711706082453
leaf_weight=46 4991 2989 1182 977 44 92
leaf_count=46 4991 2989 1182 977 44 92
internal_value=-1.03556e-11 0.00114429 0.00943245 0.0156106 -0.0637468 -0.0291657
internal_weight=10321 10139 5148 3966 182 136
internal_count=10321 10139 5148 3966 182 136
is_linear=0
shrinkage=0.05


Tree=58
num_leaves=7
num_cat=0
split_feature=12 11 11 16 16 12
split_gain=283.119 280.542 380.447 534.791 442.013 334.188
threshold=22.770833333333339 18.500000000000004 15.500000000000002 19.547619047619051 18.244047619047624 22.562500000000004
decision_type=2 2 2 2 2 2
left_child=1 2 -1 4 -4 -3
right_child=-2 5 3 -5 -6 -7
leaf_value=0.035519633341404004 0.027821556206271497 0.0035011314154945235 -0.045605997221414438 -0.02526533979714618 -0.27652634966420009 -0.042620454597156333
leaf_weight=232 840 7654 43 1098 40 414
leaf_count=232 840 7654 43 1098 40 414
internal_value=-1.12868e-10 -0.00246494 -0.0230169 -0.034516 -0.156893 0.00113446
internal_weight=10321 9481 1413 1181 83 8068
internal_count=10321 9481 1413 1181 83 8068
is_linear=0
shrinkage=0.05


Tree=59
num_leaves=7
num_cat=0
split_feature=11 14 12 4 7 7
split_gain=270.367 330.762 380.628 518.762 310.592 292.063
threshold=24.500000000000004 16.500000000000004 20.312500000000004 0.37940952255126054 -0.99983123799342477 -0.99761278905001471
decision_type=2 2 2 2 2 2
left_child=1 2 5 -4 -3 -1
right_child=-2 4 3 -5 -6 -7
leaf_value=-0.11883407730771148 0.022897946878814222 -0.13376434126565623 -0.022323350018804086 -0.25758609957993034 0.00096484793232536601 -0.011232468099898746
leaf_weight=69 1146 43 53 42 8235 733
leaf_count=69 1146 43 53 42 8235 733
internal_value=-9.81895e-11 -0.00286006 -0.0316998 -0.126334 0.000264998 -0.02049
internal_weight=10321 9175 897 95 8278 802
internal_count=10321 9175 897 95 8278 802
is_linear=0
shrinkage=0.05


Tree=60
num_leaves=7
num_cat=0
split_feature=10 2 11 7 6 7
split_gain=254.711 363.353 263.611 209.134 276.912 263.794
threshold=21.500000000000004 4.5000000000000009 19.250000000000004 0.85561368268953431 -0.35846811432664222 0.56191161272202661
decision_type=2 2 2 2 2 2
left_child=-1 2 -2 5 -5 -4
right_child=1 -3 3 4 -6 -7
leaf_value=-0.0058310539140209259 0.10109388651524454 -0.019798084141450428 0.017704362738600293 0.13500511081180941 0.029735266309312114 -0.02502795571975594
leaf_weight=6654 94 776 1751 71 520 455
leaf_count=6654 94 776 1751 71 520 455
internal_value=-5.2269e-12 0.0105808 0.0187351 0.0159672 0.0423819 0.00889058
internal_weight=10321 3667 2891 2797 591 2206
internal_count=10321 3667 2891 2797 591 2206
is_linear=0
shrinkage=0.05


Tree=61
num_leaves=7
num_cat=0
split_feature=12 10 7 16 2 7
split_gain=247.778 231.403 214.217 322.345 197.758 274.407
threshold=11.604166666666668 20.500000000000004 -0.99761278905001471 17.761904761904763 3.5000000000000004 -0.99273797715557011
decision_type=2 2 2 2 2 2
left_child=2 -2 -1 -4 -3 -6
right_child=1 4 3 -5 5 -7
leaf_value=-0.15109527219927102 -0.0066335881187126527 0.016864257465491746 0.085033208131790161 -0.079509814188856151 -0.11534984587111846 -0.00016859940971969585
leaf_weight=46 4991 2971 44 92 53 2124
leaf_count=46 4991 2971 44 92 53 2124
internal_value=-5.97496e-11 0.00103795 -0.0578232 -0.0262753 0.00847554 -0.00297274
internal_weight=10321 10139 182 136 5148 2177
internal_count=10321 10139 182 136 5148 2177
is_linear=0
shrinkage=0.05


Tree=62
num_leaves=7
num_cat=0
split_feature=12 11 11 16 6 12
split_gain=228.535 234.545 335.551 466.771 437.552 311.161
threshold=22.770833333333339 18.500000000000004 15.500000000000002 19.547619047619051 0.41398981800788198 22.562500000000004
decision_type=2 2 2 2 2 2
left_child=1 2 -1 4 -4 -3
right_child=-2 5 3 -5 -6 -7
leaf_value=0.033967849178588951 0.024996113071565993 0.0033601915755560267 -0.027107178941369062 -0.023163306797669696 -0.2568594743057051 -0.041144025299933197
leaf_weight=232 840 7654 40 1098 43 414
leaf_count=232 840 7654 40 1098 43 414
internal_value=4.05038e-11 -0.00221461 -0.0210064 -0.0318057 -0.146135 0.00107651
internal_weight=10321 9481 1413 1181 83 8068
internal_count=10321 9481 1413 1181 83 8068
is_linear=0
shrinkage=0.05


Tree=63
num_leaves=7
num_cat=0
split_feature=12 13 14 0 13 7
split_gain=223.693 224.014 291.792 757.609 240.991 202.335
threshold=11.604166666666668 9.9522598236997837 7.0000000000000009 10.500000000000002 2.3700498920294781 -0.99983123799342477
decision_type=2 2 2 2 2 2
left_child=-1 2 3 -2 5 -4
right_child=1 -3 4 -5 -6 -7
leaf_value=-0.054941064504197168 -0.1887894916420304 0.062904721449012865 -0.10441684008886416 0.029662084244191644 0.020084948291247809 -0.0014659545330920672
leaf_weight=182 71 144 48 90 1440 8346
leaf_count=182 71 144 48 90 1440 8346
internal_value=4.90487e-11 0.000986219 9.41465e-05 -0.0666737 0.00118725 -0.00205467
internal_weight=10321 10139 9995 161 9834 8394
internal_count=10321 10139 9995 161 9834 8394
is_linear=0
shrinkage=0.05


Tree=64
num_leaves=7
num_cat=0
split_feature=11 14 16 12 7 20
split_gain=214.59 263.643 361.346 324.732 252.156 234.682
threshold=24.500000000000004 16.500000000000004 20.997023809523814 18.770833333333339 -0.99983123799342477 0.062500000000000014
decision_type=2 2 2 2 2 2
left_child=1 2 5 -4 -3 -1
right_child=-2 4 3 -5 -6 -7
leaf_value=-0.028024315696027608 0.020399737641487368 -0.12052246720291848 -0.014766917878296227 -0.18739159884197373 0.00087259175341421408 0.047679551894014537
leaf_weight=665 1146 43 48 63 8235 121
leaf_count=665 1146 43 48 63 8235 121
internal_value=-5.88218e-11 -0.00254802 -0.0282959 -0.112743 0.000242006 -0.0163702
internal_weight=10321 9175 897 111 8278 786
internal_count=10321 9175 897 111 8278 786
is_linear=0
shrinkage=0.05


Tree=65
num_leaves=7
num_cat=0
split_feature=10 17 14 17 15 2
split_gain=202.542 288.627 291.947 1059.24 219.416 213.428
threshold=24.500000000000004 2.6460693424098705 19.500000000000004 2.5315553083891493 42.500000000000007 4.5000000000000009
decision_type=2 2 2 2 2 2
left_child=4 2 -2 -4 -1 -3
right_child=1 5 3 -5 -6 -7
leaf_value=-0.0019504667348863331 0.02230115647009593 0.059924140455772816 0.0084869267653172823 -0.25732253371582681 -0.11787723337822571 -0.030621563280491454
leaf_weight=9140 392 453 171 48 41 76
leaf_count=9140 392 453 171 48 41 76
internal_value=4.71434e-11 0.0198774 -0.00353218 -0.0497727 -0.00246817 0.0469157
internal_weight=10321 1140 611 219 9181 529
internal_count=10321 1140 611 219 9181 529
is_linear=0
shrinkage=0.05


Tree=66
num_leaves=7
num_cat=0
split_feature=12 12 14 16 7 7
split_gain=192.99 211.027 196.16 247.125 281.723 191.118
threshold=11.604166666666668 14.937500000000002 16.500000000000004 20.997023809523814 0.97648852793709995 -0.99761278905001471
decision_type=2 2 2 2 2 2
left_child=5 -2 3 -3 -5 -1
right_child=1 2 -4 4 -6 -7
leaf_value=-0.13913155917240225 0.067107474799228822 -0.012037908073202958 0.0020677374596943083 -0.18789146691560746 -0.029483489542164738 -0.021233017717981164
leaf_weight=46 119 596 9306 46 72 136
leaf_count=46 119 596 9306 46 72 136
internal_value=2.25428e-11 0.000916041 0.000129935 -0.0251266 -0.0912358 -0.0510316
internal_weight=10321 10139 10020 714 118 182
internal_count=10321 10139 10020 714 118 182
is_linear=0
shrinkage=0.05


Tree=67
num_leaves=7
num_cat=0
split_feature=12 11 11 16 16 12
split_gain=184.942 205.086 296.246 409.627 432.176 291.771
threshold=22.770833333333339 18.500000000000004 15.500000000000002 19.547619047619051 18.244047619047624 22.562500000000004
decision_type=2 2 2 2 2 2
left_child=1 2 -1 4 -4 -3
right_child=-2 5 3 -5 -6 -7
leaf_value=0.032089926807083398 0.022486130334326022 0.0032966606630639981 -0.026772704945747246 -0.021615346143181641 -0.25510915119200944 -0.039798579299032293
leaf_weight=232 840 7654 43 1098 40 414
leaf_count=232 840 7654 43 1098 40 414
internal_value=-1.00784e-10 -0.00199223 -0.0195643 -0.0297115 -0.136814 0.00108528
internal_weight=10321 9481 1413 1181 83 8068
internal_count=10321 9481 1413 1181 83 8068
is_linear=0
shrinkage=0.05


Tree=68
num_leaves=7
num_cat=0
split_feature=10 2 11 13 7 6
split_gain=184.114 265.071 223.664 192.972 186.741 236.766
threshold=21.500000000000004 4.5000000000000009 18.500000000000004 1.3056863756726467 0.85561368268953431 -0.35846811432664222
decision_type=2 2 2 2 2 2
left_child=-1 2 -2 -3 -4 -6
right_child=1 3 4 -5 5 -7
leaf_value=-0.0049575429649317531 0.10625038120840023 0.056592461701948198 0.0070764749135525636 -0.025404620785185874 0.11850762313697488 0.026215374919683593
leaf_weight=6654 67 80 2215 696 80 529
leaf_count=6654 67 80 2215 696 80 529
internal_value=6.1909e-11 0.00899577 0.0159605 -0.0169513 0.0138183 0.0383392
internal_weight=10321 3667 2891 776 2824 609
internal_count=10321 3667 2891 776 2824 609
is_linear=0
shrinkage=0.05


Tree=69
num_leaves=7
num_cat=0
split_feature=7 10 7 17 2 7
split_gain=171.328 184.256 152.233 1173.24 197.729 420.713
threshold=-0.99983123799342477 20.500000000000004 0.90438663683299525 6.0837761814166642 1.0000000180025095e-35 -0.98521978256641018
decision_type=2 2 2 2 2 2
left_child=-1 2 4 -4 5 -2
right_child=1 -3 3 -5 -6 -7
leaf_value=-0.094243465426067513 -0.13654241956431756 0.0071333506061918494 -0.010968477202256684 -0.27183477569766262 -0.0090483818740831456 0.021115462636212688
leaf_weight=48 44 5139 684 46 3255 1105
leaf_count=48 44 5139 684 46 3255 1105
internal_value=1.05453e-10 0.000440347 -0.00625917 -0.0274066 -0.00275381 0.0150781
internal_weight=10321 10273 5134 730 4404 1149
internal_count=10321 10273 5134 730 4404 1149
is_linear=0
shrinkage=0.05


Tree=70
num_leaves=7
num_cat=0
split_feature=9 20 19 2 0 13
split_gain=168.407 435.965 259.068 271.874 239.269 670.354
threshold=19.500000000000004 0.062500000000000014 25.500000000000004 2.5000000000000004 11.500000000000002 3.6884413397059879
decision_type=2 2 2 2 2 2
left_child=1 2 3 -1 5 -4
right_child=-2 -3 4 -5 -6 -7
leaf_value=0.011560107485524246 0.0030835831849072926 0.13559273902016383 -0.017915389248645677 -0.10884044778493929 0.0082133589947526228 -0.20327455704458633
leaf_weight=70 8370 48 787 142 852 52
leaf_count=70 8370 48 787 142 852 52
internal_value=2.20612e-11 -0.0132289 -0.0169827 -0.0690855 -0.0104506 -0.0294037
internal_weight=10321 1951 1903 212 1691 839
internal_count=10321 1951 1903 212 1691 839
is_linear=0
shrinkage=0.05


Tree=71
num_leaves=7
num_cat=0
split_feature=11 7 14 16 12 16
split_gain=160.51 201.581 207.788 288.839 264.958 201.464
threshold=24.500000000000004 -0.99983123799342477 16.500000000000004 20.997023809523814 18.770833333333339 21.994047619047624
decision_type=2 2 2 2 2 2
left_child=1 -1 3 -3 -5 -2
right_child=5 2 -4 4 -6 -7
leaf_value=-0.11020791568728382 0.010777487437328514 -0.013885231852355476 0.00079408864494292695 -0.011547670036088677 -0.16747754948391091 0.081658444353085655
leaf_weight=43 1035 786 8235 48 63 111
leaf_count=43 1035 786 8235 48 63 111
internal_value=4.09078e-11 -0.00220368 -0.00169512 -0.0245476 -0.100048 0.0176429
internal_weight=10321 9175 9132 897 111 1146
internal_count=10321 9175 9132 897 111 1146
is_linear=0
shrinkage=0.05


Tree=72
num_leaves=7
num_cat=0
split_feature=10 17 17 14 15 2
split_gain=151.806 245.699 262.243 947.898 181.146 170.397
threshold=24.500000000000004 2.6460693424098705 2.5315553083891493 19.500000000000004 42.500000000000007 4.5000000000000009
decision_type=2 2 2 2 2 2
left_child=4 2 -2 -4 -1 -3
right_child=1 5 3 -5 -6 -7
leaf_value=-0.0016663939884550693 0.013964818930053103 0.053778590805516086 0.026313427170472487 -0.24488904295722025 -0.10699940405604316 -0.027125880592747738
leaf_weight=9140 465 453 98 48 41 76
leaf_count=9140 465 453 98 48 41 76
internal_value=6.70775e-11 0.0172086 -0.00439004 -0.062849 -0.00213678 0.0421553
internal_weight=10321 1140 611 146 9181 529
internal_count=10321 1140 611 146 9181 529
is_linear=0
shrinkage=0.05


Tree=73
num_leaves=7
num_cat=0
split_feature=12 12 7 5 2 9
split_gain=145.305 185.172 169.032 310.746 206.407 152.002
threshold=11.604166666666668 14.937500000000002 -0.99761278905001471 0.25881904510252057 1.5000000000000002 19.500000000000004
decision_type=2 2 2 2 2 2
left_child=2 -2 -1 4 -4 -3
right_child=1 5 3 -5 -6 -7
leaf_value=-0.12713359451812248 0.062798945259835037 -0.013460098351694672 0.12683015767484904 -0.10797651280056347 -0.032813824758660508 0.0028638500905984461
leaf_weight=46 119 1722 40 55 41 8298
leaf_count=46 119 1722 40 55 41 8298
internal_value=-8.56397e-11 0.000794853 -0.0442803 -0.0162564 0.0460227 5.84769e-05
internal_weight=10321 10139 182 136 81 10020
internal_count=10321 10139 182 136 81 10020
is_linear=0
shrinkage=0.05


Tree=74
num_leaves=7
num_cat=0
split_feature=11 11 16 6 2 5
split_gain=144.012 267.367 356.048 447.063 342.163 175.568
threshold=18.500000000000004 15.500000000000002 19.547619047619051 0.41398981800788198 4.5000000000000009 0.25881904510252057
decision_type=2 2 2 2 2 2
left_child=1 -1 3 -3 -4 -2
right_child=5 2 4 -5 -6 -7
leaf_value=0.033037479243613499 0.0090275401741435855 -0.0035470479493960741 0.085179261326209288 -0.235782881912797 -0.023900180206955429 -0.0051048654532028408
leaf_weight=248 4706 40 77 43 1084 4123
leaf_count=248 4706 40 77 43 1084 4123
internal_value=5.67709e-11 -0.0143675 -0.023818 -0.123862 -0.0166658 0.00242794
internal_weight=10321 1492 1244 83 1161 8829
internal_count=10321 1492 1244 83 1161 8829
is_linear=0
shrinkage=0.05


Tree=75
num_leaves=7
num_cat=0
split_feature=7 10 2 11 13 16
split_gain=139.922 144.065 219.92 182.688 168.942 146.464
threshold=-0.99983123799342477 21.500000000000004 4.5000000000000009 19.250000000000004 1.3056863756726467 19.547619047619051
decision_type=2 2 2 2 2 2
left_child=-1 5 3 -3 -4 -2
right_child=1 2 4 -5 -6 -7
leaf_value=-0.085168584653486812 -0.027638632727665015 0.083322889783835799 0.053579802632375509 0.012447521063886156 -0.023142156244661052 -0.0016566559312702366
leaf_weight=48 596 94 80 2775 696 6032
leaf_count=48 596 94 80 2775 696 6032
internal_value=3.00158e-11 0.000397945 0.00838235 0.0147697 -0.0152327 -0.003993
internal_weight=10321 10273 3645 2869 776 6628
internal_count=10321 10273 3645 2869 776 6628
is_linear=0
shrinkage=0.05


Tree=76
num_leaves=7
num_cat=0
split_feature=12 12 2 11 6 0
split_gain=134.918 156.374 1430.84 220.133 197.29 310.278
threshold=22.770833333333339 22.562500000000004 1.5000000000000002 19.250000000000004 0.61237135649459018 10.500000000000002
decision_type=2 2 2 2 2 2
left_child=1 3 -3 -1 -5 -6
right_child=-2 2 -4 4 5 -7
leaf_value=-0.013056437119775053 0.019205776285508319 -0.29154245321579436 -0.00013341826772124603 -0.0010617817360261707 -0.0042283638204297187 0.036152575771549456
leaf_weight=2450 840 47 406 4656 865 1057
leaf_count=2450 840 47 406 4656 865 1057
internal_value=1.3706e-11 -0.0017016 -0.0303679 -0.000263202 0.00450168 0.0179791
internal_weight=10321 9481 453 9028 6578 1922
internal_count=10321 9481 453 9028 6578 1922
is_linear=0
shrinkage=0.05


Tree=77
num_leaves=7
num_cat=0
split_feature=15 15 16 13 6 7
split_gain=126.359 158.798 172.615 391.851 1535.99 219.041
threshold=42.500000000000007 26.500000000000004 21.032738095238098 2.2071368132151048 0.79904096188274243 0.79253265336324141
decision_type=2 2 2 2 2 2
left_child=1 2 5 -4 -5 -1
right_child=-2 -3 3 4 -6 -7
leaf_value=-0.003333289373713794 -0.081796238872599097 0.01315267647046983 0.010635913584501756 0.017831452927526293 -0.31136183442270504 -0.029677082722401583
leaf_weight=4067 47 1966 3071 144 47 979
leaf_count=4067 47 1966 3071 144 47 979
internal_value=4.52968e-11 0.00037419 -0.0026497 0.00631411 -0.0631742 -0.00844438
internal_weight=10321 10274 8308 3262 191 5046
internal_count=10321 10274 8308 3262 191 5046
is_linear=0
shrinkage=0.05


Tree=78
num_leaves=7
num_cat=0
split_feature=7 9 7 6 17 17
split_gain=126.566 128.164 218.533 438.262 1329.06 301.708
threshold=-0.99983123799342477 20.500000000000004 0.52583933546504591 0.79904096188274243 2.822289731455192 6.1200939134961203
decision_type=2 2 2 2 2 2
left_child=-1 2 -2 5 -5 -4
right_child=1 -3 3 4 -6 -7
leaf_value=-0.081002146129806843 0.0034090689049913248 0.0075412396902245623 -0.0045045908083213466 -0.3192184612868314 -0.012200677187466031 -0.074484879978236759
leaf_weight=48 3901 3884 2134 47 141 166
leaf_count=48 3901 3884 2134 47 141 166
internal_value=-2.75444e-11 0.000378478 -0.00397591 -0.015555 -0.0889551 -0.00955534
internal_weight=10321 10273 6389 2488 188 2300
internal_count=10321 10273 6389 2488 188 2300
is_linear=0
shrinkage=0.05


Tree=79
num_leaves=7
num_cat=0
split_feature=20 14 0 2 15 7
split_gain=127.893 252.367 476.325 811.377 444.864 366.624
threshold=0.062500000000000014 7.0000000000000009 10.500000000000002 2.5000000000000004 25.500000000000004 0.28313308994381586
decision_type=2 2 2 2 2 2
left_child=1 2 3 -1 5 -4
right_child=-2 -3 4 -5 -6 -7
leaf_value=-0.23735622463282199 0.046790908606878179 0.00080840720323322292 -0.11250454174975555 -0.0037601375679780801 0.11689620639954229 0.059897743019403198
leaf_weight=68 144 9834 78 82 64 51
leaf_count=68 144 9834 78 82 64 51
internal_value=5.4981e-11 -0.00066207 -0.0428215 -0.109657 0.00912325 -0.0443455
internal_weight=10321 10177 343 150 193 129
internal_count=10321 10177 343 150 193 129
is_linear=0
shrinkage=0.05


Tree=80
num_leaves=7
num_cat=0
split_feature=20 14 0 2 15 7
split_gain=115.424 227.761 429.883 732.268 401.49 330.878
threshold=0.062500000000000014 7.0000000000000009 10.500000000000002 2.5000000000000004 25.500000000000004 0.28313308994381586
decision_type=2 2 2 2 2 2
left_child=1 2 3 -1 5 -4
right_child=-2 -3 4 -5 -6 -7
leaf_value=-0.225488414768787 0.044451362707354752 0.00076798680066145208 -0.10687931454143462 -0.0035721295990231564 0.11105139668106859 0.056902850740680515
leaf_weight=68 144 9834 78 82 64 51
leaf_count=68 144 9834 78 82 64 51
internal_value=-1.57642e-11 -0.000628967 -0.0406804 -0.104174 0.00866709 -0.0421282
internal_weight=10321 10177 343 150 193 129
internal_count=10321 10177 343 150 193 129
is_linear=0
shrinkage=0.05


Tree=81
num_leaves=7
num_cat=0
split_feature=2 7 0 19 10 13
split_gain=114.573 332.067 322.01 283.985 238.125 237.059
threshold=3.5000000000000004 -0.99938741687870725 11.500000000000002 46.500000000000007 18.500000000000004 2.9658756142218512
decision_type=2 2 2 2 2 2
left_child=2 -2 3 -1 -3 -4
right_child=1 4 5 -5 -6 -7
leaf_value=-0.0051529975217524089 -0.13824387430510623 -0.03291063495104609 0.011392341430047305 -0.12905633516926715 0.00014057008709348907 0.057493088254257321
leaf_weight=2881 47 637 2625 47 3772 312
leaf_count=2881 47 637 2625 47 3772 312
internal_value=-1.12019e-12 -0.00604383 0.00459187 -0.00714188 -0.00463458 0.0162897
internal_weight=10321 4456 5865 2928 4409 2937
internal_count=10321 4456 5865 2928 4409 2937
is_linear=0
shrinkage=0.05


Tree=82
num_leaves=7
num_cat=0
split_feature=11 11 16 6 8 5
split_gain=112.686 225.834 293.303 417.598 289.343 140.247
threshold=15.500000000000002 18.500000000000004 19.547619047619051 0.41398981800788198 1.0000000180025095e-35 0.25881904510252057
decision_type=2 2 2 2 2 2
left_child=-1 2 3 -2 -4 -3
right_child=1 5 4 -5 -6 -7
leaf_value=0.033296360563667075 0.0047159449243918058 0.0078889599270217294 -0.019892364785905371 -0.21973631832488749 0.09660535524599255 -0.0047421189460959542
leaf_weight=248 40 4706 1105 43 56 4123
leaf_count=248 40 4706 1105 43 56 4123
internal_value=-6.43391e-11 -0.000819766 -0.0207646 -0.111567 -0.0142732 0.00199045
internal_weight=10321 10073 1244 83 1161 8829
internal_count=10321 10073 1244 83 1161 8829
is_linear=0
shrinkage=0.05


Tree=83
num_leaves=7
num_cat=0
split_feature=15 6 6 2 12 7
split_gain=111.888 148.21 376.664 1420.49 179.747 298.403
threshold=42.500000000000007 0.84313847884979054 0.79383249484937135 1.5000000000000002 21.895833333333339 -0.99938741687870725
decision_type=2 2 2 2 2 2
left_child=1 2 4 -4 5 -1
right_child=-2 -3 3 -5 -6 -7
leaf_value=-0.13117526901212145 -0.076969949805990187 0.01298408165935244 -0.30891991234681709 -0.013876961108936076 0.0099349567524620857 -0.0046179263829733003
leaf_weight=47 47 1894 47 309 2806 5171
leaf_count=47 47 1894 47 309 2806 5171
internal_value=-1.58459e-11 0.000352111 -0.0025029 -0.0528293 -0.000270071 -0.00575786
internal_weight=10321 10274 8380 356 8024 5218
internal_count=10321 10274 8380 356 8024 5218
is_linear=0
shrinkage=0.05


Tree=84
num_leaves=7
num_cat=0
split_feature=17 11 16 6 6 7
split_gain=110.123 139.543 160.606 162.309 513.221 128.22
threshold=2.0099922153360219 24.500000000000004 21.994047619047624 0.81925054981890411 0.76140650896573503 -0.99983123799342477
decision_type=2 2 2 2 2 2
left_child=-1 5 3 4 -3 -2
right_child=1 2 -4 -5 -6 -7
leaf_value=0.019570582084824789 -0.089649122797472544 0.0092084686204576376 0.072394073207501894 0.042245008288504762 -0.14463366263435554 -0.0030907992442727418
leaf_weight=672 43 668 111 268 59 8500
leaf_count=672 43 668 111 268 59 8500
internal_value=5.76285e-11 -0.00136298 0.0153484 0.00898446 -0.00327666 -0.00352648
internal_weight=10321 9649 1106 995 727 8543
internal_count=10321 9649 1106 995 727 8543
is_linear=0
shrinkage=0.05


Tree=85
num_leaves=7
num_cat=0
split_feature=20 14 0 2 7 9
split_gain=105.893 190.455 370.502 667.733 354.281 171.167
threshold=0.062500000000000014 7.0000000000000009 10.500000000000002 2.5000000000000004 0.58307701883076835 19.500000000000004
decision_type=2 2 2 2 2 2
left_child=1 2 3 -1 -4 -2
right_child=5 -3 4 -5 -6 -7
leaf_value=-0.21201802619239865 0.11966933304987226 0.00067499288108597557 -0.0314718781390807 -0.00010591172272475755 0.12314955782517792 0.0040302453489857726
leaf_weight=68 48 9834 143 82 50 96
leaf_count=68 48 9834 143 82 50 96
internal_value=2.97955e-11 -0.00060244 -0.0372271 -0.0961727 0.00858549 0.0425766
internal_weight=10321 10177 343 150 193 144
internal_count=10321 10177 343 150 193 144
is_linear=0
shrinkage=0.05


Tree=86
num_leaves=7
num_cat=0
split_feature=11 11 16 16 2 5
split_gain=103.108 199.283 263.125 407.969 264.442 121.223
threshold=15.500000000000002 18.500000000000004 19.547619047619051 18.244047619047624 4.5000000000000009 0.25881904510252057
decision_type=2 2 2 2 2 2
left_child=-1 2 3 -2 -4 -3
right_child=1 5 4 -5 -6 -7
leaf_value=0.031849981147247637 0.0013916059722040976 0.0073395724363306035 0.076162580936518204 -0.22045778603991495 -0.019731366864869086 -0.0044036060672940991
leaf_weight=248 43 4706 77 40 1084 4123
leaf_count=248 43 4706 77 40 1084 4123
internal_value=5.83642e-12 -0.000784155 -0.0195199 -0.105524 -0.0133715 0.0018557
internal_weight=10321 10073 1244 83 1161 8829
internal_count=10321 10073 1244 83 1161 8829
is_linear=0
shrinkage=0.05


Tree=87
num_leaves=7
num_cat=0
split_feature=17 19 7 0 20 10
split_gain=98.0981 123.037 400.102 868.258 180.808 167.637
threshold=2.0099922153360219 26.500000000000004 -0.99761278905001471 13.500000000000002 0.062500000000000014 6.5000000000000009
decision_type=2 2 2 2 2 2
left_child=-1 2 3 -2 5 -3
right_child=1 4 -4 -5 -6 -7
leaf_value=0.018471233896941289 0.019922053469520695 0.08963223624412181 -0.0070117602371844046 -0.28865800030529498 0.070115208266846224 0.00037798132721164265
leaf_weight=672 53 53 2295 40 96 7112
leaf_count=672 53 53 2295 40 96 7112
internal_value=-2.92956e-12 -0.00128642 -0.0111317 -0.112801 0.00195149 0.0010382
internal_weight=10321 9649 2388 93 7261 7165
internal_count=10321 9649 2388 93 7261 7165
is_linear=0
shrinkage=0.05


Tree=88
num_leaves=7
num_cat=0
split_feature=15 6 6 2 12 7
split_gain=101.144 127.918 443.423 1364.27 154.961 232.914
threshold=42.500000000000007 0.83376496542330847 0.79383249484937135 2.5000000000000004 21.895833333333339 -0.99938741687870725
decision_type=2 2 2 2 2 2
left_child=1 2 4 -4 5 -1
right_child=-2 -3 3 -5 -6 -7
leaf_value=-0.11610501955481285 -0.073181435767006364 0.011803688366017716 -0.31304920881824649 -0.015600785237058074 0.0092692824665390871 -0.0042943229786323606
leaf_weight=47 47 1966 46 238 2806 5171
leaf_count=47 47 1966 46 238 2806 5171
internal_value=-8.33186e-12 0.00033478 -0.00237922 -0.0637791 -0.000206041 -0.00530143
internal_weight=10321 10274 8308 284 8024 5218
internal_count=10321 10274 8308 284 8024 5218
is_linear=0
shrinkage=0.05


Tree=89
num_leaves=7
num_cat=0
split_feature=11 11 17 6 8 5
split_gain=92.6989 175.098 239.936 359.491 235.056 108.089
threshold=15.500000000000002 18.500000000000004 6.1200939134961203 0.49065764355977465 1.0000000180025095e-35 0.25881904510252057
decision_type=2 2 2 2 2 2
left_child=-1 2 4 -4 -2 -3
right_child=1 5 3 -5 -6 -7
leaf_value=0.030199508388308927 -0.017110488729972735 0.0069092593950123744 -0.20872482262551784 -0.011725614389923233 0.087919030508991081 -0.0041795421848404386
leaf_weight=248 1093 4706 40 55 56 4123
leaf_count=248 1093 4706 40 55 56 4123
internal_value=1.89234e-11 -0.00074352 -0.0183056 -0.0946726 -0.0119916 0.00173097
internal_weight=10321 10073 1244 95 1149 8829
internal_count=10321 10073 1244 95 1149 8829
is_linear=0
shrinkage=0.05


Tree=90
num_leaves=7
num_cat=0
split_feature=15 6 6 12 10 13
split_gain=92.5414 114.793 399.248 1261.03 138.745 253.902
threshold=42.500000000000007 0.83376496542330847 0.79383249484937135 22.562500000000004 17.500000000000004 8.227364681578063
decision_type=2 2 2 2 2 2
left_child=1 2 -1 4 -4 -6
right_child=-2 -3 3 -5 5 -7
leaf_value=-0.00018867855754306964 -0.069999997904326053 0.011184820784501011 0.07005190640324499 -0.29710295041824913 -0.0022736466537492399 -0.14347503475612031
leaf_weight=8024 47 1966 41 47 156 40
leaf_count=8024 47 1966 41 47 156 40
internal_value=2.32289e-11 0.000320226 -0.00225077 -0.060512 -0.0135931 -0.0310903
internal_weight=10321 10274 8308 284 237 196
internal_count=10321 10274 8308 284 237 196
is_linear=0
shrinkage=0.05


Tree=91
num_leaves=7
num_cat=0
split_feature=20 9 14 0 20 15
split_gain=88.682 146.017 134.524 354.805 608.394 312.235
threshold=0.062500000000000014 19.500000000000004 7.0000000000000009 10.500000000000002 1.0000000180025095e-35 25.500000000000004
decision_type=2 2 2 2 2 2
left_child=2 -2 3 4 -1 -5
right_child=1 -3 -4 5 -6 -7
leaf_value=-0.21583800549008725 0.11016747952138151 0.0033611830915106114 0.00052228426720919393 -0.031295031935785166 -0.0090619815969029856 0.1037892234438914
leaf_weight=58 48 96 9834 129 92 64
leaf_count=58 48 96 9834 129 92 64
internal_value=6.13215e-11 0.0389633 -0.000551313 -0.0313319 -0.0890154 0.0134997
internal_weight=10321 144 10177 343 150 193
internal_count=10321 144 10177 343 150 193
is_linear=0
shrinkage=0.05


Tree=92
num_leaves=7
num_cat=0
split_feature=12 12 2 6 6 11
split_gain=86.4884 125.191 964.106 175.173 327.299 136.818
threshold=22.770833333333339 22.562500000000004 1.5000000000000002 0.76140650896573503 0.89404822654372251 19.250000000000004
decision_type=2 2 2 2 2 2
left_child=1 5 -3 -4 -5 -1
right_child=-2 2 3 4 -6 -7
leaf_value=-0.01016114802716528 0.015377139021573906 -0.24139813286192877 0.028609250786528859 -0.15332112794175098 -0.00012097012335693257 0.0036811070375708122
leaf_weight=2450 840 47 216 46 144 6578
leaf_count=2450 840 47 216 46 144 6578
internal_value=5.29991e-11 -0.00136239 -0.0270117 -0.00219358 -0.0372115 -7.53756e-05
internal_weight=10321 9481 453 406 190 9028
internal_count=10321 9481 453 406 190 9028
is_linear=0
shrinkage=0.05


Tree=93
num_leaves=7
num_cat=0
split_feature=11 11 17 16 2 4
split_gain=89.9775 151.075 216.597 335.94 214.448 98.4114
threshold=15.500000000000002 18.500000000000004 6.1200939134961203 19.208333333333336 4.5000000000000009 -0.37940952255126065
decision_type=2 2 2 2 2 2
left_child=-1 2 4 -4 -2 -3
right_child=1 5 3 -5 -6 -7
leaf_value=0.029752919554612751 0.069551386484610178 0.0086503615838103027 -0.0059032149894057582 -0.19522478450865796 -0.016835555286911923 -0.0023674642684044451
leaf_weight=248 77 3152 53 42 1072 5677
leaf_count=248 77 3152 53 42 1072 5677
internal_value=-7.18995e-11 -0.000732525 -0.0170455 -0.0896033 -0.0110464 0.00156596
internal_weight=10321 10073 1244 95 1149 8829
internal_count=10321 10073 1244 95 1149 8829
is_linear=0
shrinkage=0.05


Tree=94
num_leaves=7
num_cat=0
split_feature=17 11 16 12 12 6
split_gain=84.407 104.925 141.992 147.708 583.123 114.806
threshold=2.0099922153360219 24.500000000000004 21.994047619047624 22.562500000000004 22.729166666666668 0.67167992559793654
decision_type=2 2 2 2 2 2
left_child=-1 -2 3 5 -5 -3
right_child=1 2 -4 4 -6 -7
leaf_value=0.017133848271987519 -0.0030693111905760965 0.0019785155071203185 0.066935889305429416 -0.19402612788212856 0.022851402230292292 0.040690319342854421
leaf_weight=672 8543 546 111 43 111 295
leaf_count=672 8543 546 111 43 111 295
internal_value=7.00003e-12 -0.00119328 0.0132976 0.00731387 -0.0377053 0.0155576
internal_weight=10321 9649 1106 995 154 841
internal_count=10321 9649 1106 995 154 841
is_linear=0
shrinkage=0.05


Tree=95
num_leaves=7
num_cat=0
split_feature=15 6 6 2 12 7
split_gain=83.2798 104.808 261.663 1127.1 129.415 198.351
threshold=42.500000000000007 0.84313847884979054 0.79383249484937135 1.5000000000000002 21.895833333333339 -0.99938741687870725
decision_type=2 2 2 2 2 2
left_child=1 2 4 -4 5 -1
right_child=-2 -3 3 -5 -6 -7
leaf_value=-0.10714502775288644 -0.066404852160113922 0.010926348571565551 -0.27215973423754281 -0.0093455799611158741 0.0084230797562790671 -0.0039631657812712546
leaf_weight=47 47 1894 47 309 2806 5171
leaf_count=47 47 1894 47 309 2806 5171
internal_value=-3.26858e-11 0.000303779 -0.00209707 -0.044043 -0.000236065 -0.00489255
internal_weight=10321 10274 8380 356 8024 5218
internal_count=10321 10274 8380 356 8024 5218
is_linear=0
shrinkage=0.05


Tree=96
num_leaves=7
num_cat=0
split_feature=11 11 16 6 2 5
split_gain=82.8805 133.002 197.895 430.93 195.417 91.1572
threshold=15.500000000000002 18.500000000000004 19.547619047619051 0.41398981800788198 4.5000000000000009 0.25881904510252057
decision_type=2 2 2 2 2 2
left_child=-1 2 3 -2 -4 -3
right_child=1 5 4 -5 -6 -7
leaf_value=0.028555439280687774 0.027529435474425559 0.0062090169185829514 0.066289940463112929 -0.20047751046543896 -0.016144260897290829 -0.0039742843408045857
leaf_weight=248 40 4706 77 43 1084 4123
leaf_count=248 40 4706 77 43 1084 4123
internal_value=-6.82798e-11 -0.000703043 -0.0160092 -0.0905946 -0.010677 0.00145358
internal_weight=10321 10073 1244 83 1161 8829
internal_count=10321 10073 1244 83 1161 8829
is_linear=0
shrinkage=0.05


Tree=97
num_leaves=7
num_cat=0
split_feature=20 9 14 10 4 19
split_gain=84.1853 127.487 117.221 328.209 459.026 368.541
threshold=0.062500000000000014 19.500000000000004 7.0000000000000009 6.5000000000000009 0.37940952255126054 27.500000000000004
decision_type=2 2 2 2 2 2
left_child=2 -2 3 -1 5 -5
right_child=1 -3 -4 4 -6 -7
leaf_value=0.017273001904702847 0.10449544617440552 0.0046961541663525473 0.00046502456522460716 -0.12165447219851472 -0.18110430940096059 0.075827263504335732
leaf_weight=180 48 96 9834 42 67 54
leaf_count=180 48 96 9834 42 67 54
internal_value=-1.93161e-11 0.0379626 -0.000537154 -0.0292702 -0.0806675 -0.010571
internal_weight=10321 144 10177 343 163 96
internal_count=10321 144 10177 343 163 96
is_linear=0
shrinkage=0.05


Tree=98
num_leaves=7
num_cat=0
split_feature=20 9 14 10 4 19
split_gain=75.9772 115.057 105.792 296.209 414.271 332.608
threshold=0.062500000000000014 19.500000000000004 7.0000000000000009 6.5000000000000009 0.37940952255126054 27.500000000000004
decision_type=2 2 2 2 2 2
left_child=2 -2 3 -1 5 -5
right_child=1 -3 -4 4 -6 -7
leaf_value=0.016409352054405545 0.09927067503643533 0.0044613466307055205 0.00044177334015794132 -0.11557174995541573 -0.17204909505628385 0.072035900382454401
leaf_weight=180 48 96 9834 42 67 54
leaf_count=180 48 96 9834 42 67 54
internal_value=-1.65723e-11 0.0360645 -0.000510296 -0.0278066 -0.0766341 -0.0100424
internal_weight=10321 144 10177 343 163 96
internal_count=10321 144 10177 343 163 96
is_linear=0
shrinkage=0.05


Tree=99
num_leaves=7
num_cat=0
split_feature=15 6 6 2 12 7
split_gain=74.9466 96.7082 301.961 1058.08 114.91 162.991
threshold=42.500000000000007 0.83376496542330847 0.79383249484937135 2.5000000000000004 21.895833333333339 -0.99938741687870725
decision_type=2 2 2 2 2 2
left_child=1 2 4 -4 5 -1
right_child=-2 -3 3 -5 -6 -7
leaf_value=-0.097357138864537507 -0.062994963659885092 0.01026031766323378 -0.27226227619077847 -0.010310865363826145 0.0078811875793546714 -0.0038235926694288971
leaf_weight=47 47 1966 46 238 2806 5171
leaf_count=47 47 1966 46 238 2806 5171
internal_value=-2.90712e-11 0.00028818 -0.00207162 -0.0527396 -0.000278286 -0.00466608
internal_weight=10321 10274 8308 284 8024 5218
internal_count=10321 10274 8308 284 8024 5218
is_linear=0
shrinkage=0.05


Tree=100
num_leaves=7
num_cat=0
split_feature=11 11 16 6 8 12
split_gain=75.1024 118.109 181.994 387.076 176.685 84.4032
threshold=15.500000000000002 18.500000000000004 19.547619047619051 0.41398981800788198 1.0000000180025095e-35 22.520833333333339
decision_type=2 2 2 2 2 2
left_child=5 2 3 -2 -4 -1
right_child=1 -3 4 -5 -6 -7
leaf_value=0.014011643195168219 0.025333105316385631 0.0013630504588975436 -0.014370568767864239 -0.19076097951985377 0.076665007858537138 0.091782509535551074
leaf_weight=206 40 8829 1105 43 56 42
leaf_count=206 40 8829 1105 43 56 42
internal_value=4.31348e-11 -0.000669241 -0.015093 -0.0866193 -0.00997953 0.0271825
internal_weight=10321 10073 1244 83 1161 248
internal_count=10321 10073 1244 83 1161 248
is_linear=0
shrinkage=0.05


Tree=101
num_leaves=7
num_cat=0
split_feature=17 19 7 0 2 0
split_gain=72.9148 90.2239 278.06 810.108 140.992 226.39
threshold=2.0099922153360219 26.500000000000004 -0.99761278905001471 13.500000000000002 1.5000000000000002 5.5000000000000009
decision_type=2 2 2 2 2 2
left_child=-1 2 3 -2 5 -4
right_child=1 -3 4 -5 -6 -7
leaf_value=0.015924783191760418 0.033904961988611045 0.0016636631887739853 -0.039037884285888912 -0.26416283216909509 -0.013445455946777566 0.032451304350824065
leaf_weight=672 53 7261 147 40 1699 449
leaf_count=672 53 7261 147 40 1699 449
internal_value=-5.55079e-11 -0.00110907 -0.00953991 -0.0942962 -0.00610534 0.0148189
internal_weight=10321 9649 2388 93 2295 596
internal_count=10321 9649 2388 93 2295 596
is_linear=0
shrinkage=0.05


Tree=102
num_leaves=7
num_cat=0
split_feature=20 9 14 7 10 13
split_gain=73.2431 100.04 82.1679 147.245 318.969 280.491
threshold=0.062500000000000014 19.500000000000004 16.500000000000004 0.28313308994381586 6.5000000000000009 8.227364681578063
decision_type=2 2 2 2 2 2
left_child=2 -2 3 -1 -5 -6
right_child=1 -3 -4 4 5 -7
leaf_value=-0.043262403468160258 0.094346985603139422 0.0059409075722821093 0.00087345116767785762 0.1006162768634765 -0.0018370774141512813 -0.12898722672834992
leaf_weight=304 48 96 9306 69 450 48
leaf_count=304 48 96 9306 69 450 48
internal_value=-2.59442e-11 0.0354096 -0.00050103 -0.0151864 -0.000133243 -0.0140925
internal_weight=10321 144 10177 871 567 498
internal_count=10321 144 10177 871 567 498
is_linear=0
shrinkage=0.05


Tree=103
num_leaves=7
num_cat=0
split_feature=16 11 7 6 12 15
split_gain=68.8962 93.7746 85.7321 277.954 899.629 152.324
threshold=22.029761904761909 24.500000000000004 0.5403928698825039 0.79904096188274243 22.145833333333339 32.500000000000007
decision_type=2 2 2 2 2 2
left_child=2 -2 5 -4 -5 -1
right_child=1 -3 3 4 -6 -7
leaf_value=0.0035326800455863041 0.0061712183339559306 0.065611167670903053 -0.0031929803117354306 -0.010562118851683205 -0.25500526985827277 -0.086822068183980097
leaf_weight=6179 245 91 3523 189 47 47
leaf_count=6179 245 91 3523 189 47 47
internal_value=-2.30258e-11 0.0222695 -0.000749381 -0.00671199 -0.0592436 0.00285059
internal_weight=10321 336 9985 3759 236 6226
internal_count=10321 336 9985 3759 236 6226
is_linear=0
shrinkage=0.05


Tree=104
num_leaves=7
num_cat=0
split_feature=13 0 2 6 9 0
split_gain=71.6929 193.217 289.727 271.92 182.736 115.614
threshold=2.3700498920294781 10.500000000000002 4.5000000000000009 0.99907018497641664 18.500000000000004 19.500000000000004
decision_type=2 2 2 2 2 2
left_child=-1 3 4 -2 -3 -6
right_child=1 2 -4 -5 5 -7
leaf_value=-0.0019243219326134427 -0.0020767418444038008 0.11534293929913216 -0.054952105672922559 -0.1312096574798573 0.039496981139858195 -0.0012059935339031713
leaf_weight=8507 785 63 104 43 567 252
leaf_count=8507 785 63 104 43 567 252
internal_value=-1.73061e-11 0.00902437 0.0239782 -0.00878292 0.0332851 0.026973
internal_weight=10321 1814 986 828 882 819
internal_count=10321 1814 986 828 882 819
is_linear=0
shrinkage=0.05


Tree=105
num_leaves=7
num_cat=0
split_feature=11 11 17 6 2 16
split_gain=70.4552 100.372 157.238 342.996 154.269 91.5949
threshold=15.500000000000002 18.500000000000004 6.1200939134961203 0.49065764355977465 4.5000000000000009 20.166666666666668
decision_type=2 2 2 2 2 2
left_child=-1 2 4 -4 -2 -6
right_child=1 -3 3 -5 5 -7
leaf_value=0.026328075602800857 0.05952645289989842 0.0012252824053846879 -0.18717088576406241 0.0052557948976755149 0.043316854450456577 -0.01748714108402178
leaf_weight=248 77 8829 40 55 66 1006
leaf_count=248 77 8829 40 55 66 1006
internal_value=-2.59721e-11 -0.000648204 -0.0139448 -0.075766 -0.00883343 -0.0137436
internal_weight=10321 10073 1244 95 1149 1072
internal_count=10321 10073 1244 95 1149 1072
is_linear=0
shrinkage=0.05


Tree=106
num_leaves=7
num_cat=0
split_feature=17 19 9 7 6 13
split_gain=65.7531 85.006 157.15 206.282 120.093 85.5704
threshold=2.0099922153360219 25.500000000000004 19.500000000000004 0.80798785254895478 -0.95754239937548935 2.3533228828979209
decision_type=2 2 2 2 2 2
left_child=-1 2 3 4 -2 -3
right_child=1 5 -4 -5 -6 -7
leaf_value=0.015122506793055178 -0.095645079632168228 -0.0024012432030241608 0.0029217210578483194 -0.14496601112138405 -0.00040264073127912266 0.0096066727529331639
leaf_weight=672 46 7286 288 48 118 1863
leaf_count=672 46 7286 288 48 118 1863
internal_value=-2.05526e-11 -0.0010532 -0.0211282 -0.0537998 -0.027117 4.39145e-05
internal_weight=10321 9649 500 212 164 9149
internal_count=10321 9649 500 212 164 9149
is_linear=0
shrinkage=0.05


Tree=107
num_leaves=7
num_cat=0
split_feature=11 16 16 16 13 6
split_gain=63.2857 95.309 1086.04 160.966 283.766 164.506
threshold=15.500000000000002 19.547619047619051 19.380952380952383 20.449404761904766 4.6045288947292375 -0.55657520495441892
decision_type=2 2 2 2 2 2
left_child=-1 2 -2 5 -5 -3
right_child=1 3 -4 4 -6 -7
leaf_value=0.0249525836137529 -0.0011247617821960199 -0.080794225086574453 -0.24799223882146182 -0.00099984221925553552 -0.12553048596676927 0.022513883894084985
leaf_weight=248 620 40 48 8267 46 1052
leaf_count=248 620 40 48 8267 46 1052
internal_value=-1.55143e-11 -0.000614339 -0.0188637 0.000681844 -0.00168893 0.0187297
internal_weight=10321 10073 668 9405 8313 1092
internal_count=10321 10073 668 9405 8313 1092
is_linear=0
shrinkage=0.05


Tree=108
num_leaves=7
num_cat=0
split_feature=16 11 13 2 6 16
split_gain=62.3916 82.249 77.1668 224.758 1063.62 143.884
threshold=22.029761904761909 24.500000000000004 1.256579476921081 1.0000000180025095e-35 0.41398981800788198 20.449404761904766
decision_type=2 2 2 2 2 2
left_child=2 -2 -1 4 -4 -5
right_child=1 -3 3 5 -6 -7
leaf_value=0.006590371998910838 0.0061156340228507716 0.061783064852704066 0.0057015851794165523 0.012941305060300702 -0.26117808920389507 -0.0052553342811260855
leaf_weight=2655 245 91 168 1338 48 5776
leaf_count=2655 245 91 168 1338 48 5776
internal_value=2.76675e-11 0.0211922 -0.000713129 -0.00335853 -0.053605 -0.00183291
internal_weight=10321 336 9985 7330 216 7114
internal_count=10321 336 9985 7330 216 7114
is_linear=0
shrinkage=0.05


Tree=109
num_leaves=7
num_cat=0
split_feature=7 11 19 14 7 6
split_gain=59.9063 156.268 146.444 109.287 105.308 243.958
threshold=0.98005052076767474 21.500000000000004 27.500000000000004 19.500000000000004 0.5403928698825039 0.79904096188274243
decision_type=2 2 2 2 2 2
left_child=4 -2 3 -3 -1 -6
right_child=1 2 -4 -5 5 -7
leaf_value=0.0028048941663266821 0.036283372605325485 0.069231505205177443 -0.050692415754447752 -0.01350184643657251 -0.0044529184992208384 -0.057179539287226057
leaf_weight=6298 369 66 136 101 3115 236
leaf_count=6298 369 66 136 101 3115 236
internal_value=-1.30922e-11 0.0144345 -0.0121735 0.0191952 -0.00100528 -0.00816628
internal_weight=10321 672 303 167 9649 3351
internal_count=10321 672 303 167 9649 3351
is_linear=0
shrinkage=0.05


Tree=110
num_leaves=7
num_cat=0
split_feature=20 9 6 6 12 0
split_gain=59.4689 84.4561 68.6256 224.935 983.219 134.827
threshold=0.062500000000000014 19.500000000000004 0.83376496542330847 0.79383249484937135 22.562500000000004 9.5000000000000018
decision_type=2 2 2 2 2 2
left_child=2 -2 3 -1 -5 -4
right_child=1 -3 5 4 -6 -7
leaf_value=-0.00089369803495187761 0.086059349837402502 0.0048304472584277391 -0.007566815110371496 -0.0047519579857886471 -0.25509248499936882 0.019002512554778559
leaf_weight=7928 48 96 818 237 47 1147
leaf_count=7928 48 96 818 237 47 1147
internal_value=1.00289e-12 0.0319067 -0.000451466 -0.00245991 -0.0461816 0.0079421
internal_weight=10321 144 10177 8212 284 1965
internal_count=10321 144 10177 8212 284 1965
is_linear=0
shrinkage=0.05


Tree=111
num_leaves=7
num_cat=0
split_feature=16 8 17 13 13 0
split_gain=59.9351 76.2452 78.7803 75.9405 267.317 198.007
threshold=21.708333333333339 1.0000000180025095e-35 2.4135819277934183 2.3533228828979209 2.3338904058369172 12.500000000000002
decision_type=2 2 2 2 2 2
left_child=3 2 -2 4 -1 -5
right_child=1 -3 -4 5 -6 -7
leaf_value=-0.0025546820497195834 -0.025791254243263718 0.033219092605828213 0.012421974394821865 -0.0076860402203666918 -0.12344589941203594 0.028163220780491313
leaf_weight=7717 180 290 538 835 46 715
leaf_count=7717 180 290 538 835 46 715
internal_value=-1.55293e-11 0.0115815 0.00284206 -0.00125353 -0.00327103 0.00885088
internal_weight=10321 1008 718 9313 7763 1550
internal_count=10321 1008 718 9313 7763 1550
is_linear=0
shrinkage=0.05


Tree=112
num_leaves=7
num_cat=0
split_feature=17 17 0 19 7 6
split_gain=58.4932 246.969 456.29 140.137 265.429 140.253
threshold=2.1138742221031039 2.1338683823688944 13.500000000000002 25.500000000000004 0.79773375822167203 -0.95754239937548935
decision_type=2 2 2 2 2 2
left_child=-1 2 -2 4 5 -3
right_child=1 3 -4 -5 -6 -7
leaf_value=0.0092583711050469725 0.0087459416971320206 -0.087997993358167936 -0.17178694620418053 0.00080508939342912905 -0.11727297441102565 0.0082355616068049715
leaf_weight=1464 84 46 60 8381 72 214
leaf_count=1464 84 46 60 8381 72 214
internal_value=1.61044e-11 -0.00153034 -0.0664761 -0.000456984 -0.0323167 -0.00879038
internal_weight=10321 8857 144 8713 332 260
internal_count=10321 8857 144 8713 332 260
is_linear=0
shrinkage=0.05


Tree=113
num_leaves=7
num_cat=0
split_feature=15 6 6 2 17 16
split_gain=58.013 75.0792 212.246 888.456 99.8065 1190.91
threshold=42.500000000000007 0.83376496542330847 0.79383249484937135 2.5000000000000004 6.1200939134961203 19.380952380952383
decision_type=2 2 2 2 2 2
left_child=1 2 4 -4 -1 -6
right_child=-2 -3 3 -5 5 -7
leaf_value=0.0012844282684750161 -0.055423307601124683 0.0090400569179117287 -0.24546357990930912 -0.0054256577069671562 0.00056691318778356056 -0.25881237665113682
leaf_weight=7409 47 1966 46 238 567 48
leaf_count=7409 47 1966 46 238 567 48
internal_value=-2.65233e-12 0.000253542 -0.00182569 -0.044305 -0.000322187 -0.0196773
internal_weight=10321 10274 8308 284 8024 615
internal_count=10321 10274 8308 284 8024 615
is_linear=0
shrinkage=0.05


Tree=114
num_leaves=7
num_cat=0
split_feature=11 11 2 16 4 12
split_gain=56.8709 86.6819 137.077 118.253 73.6305 69.1542
threshold=15.500000000000002 18.500000000000004 2.5000000000000004 19.821428571428573 -0.98296291314453399 22.520833333333339
decision_type=2 2 2 2 2 2
left_child=5 2 -2 -4 -3 -1
right_child=1 4 3 -5 -6 -7
leaf_value=0.011732296687516935 -0.090109655274586253 0.024515454349466243 0.04444883210941198 -0.013989304498536678 0.00026603643213668975 0.082128093356177934
leaf_weight=206 55 325 94 1095 8504 42
leaf_count=206 55 325 94 1095 8504 42
internal_value=2.64838e-11 -0.000582372 -0.012939 -0.0093693 0.00115867 0.0236542
internal_weight=10321 10073 1244 1189 8829 248
internal_count=10321 10073 1244 1189 8829 248
is_linear=0
shrinkage=0.05


Tree=115
num_leaves=7
num_cat=0
split_feature=7 7 7 10 0 2
split_gain=54.7888 73.8202 188.411 119.695 296.855 251.524
threshold=-0.99983123799342477 -0.99864786094873803 -0.99761278905001471 6.5000000000000009 5.5000000000000009 2.5000000000000004
decision_type=2 2 2 2 2 2
left_child=-1 -2 -3 4 -4 -6
right_child=1 2 3 -5 5 -7
leaf_value=-0.05329455646375815 0.044354993178251582 -0.10003628309102769 -0.056902045446137584 -0.00042170700423606089 0.14508115436199684 0.0011338596913155238
leaf_weight=48 94 47 54 9954 71 53
leaf_count=48 94 47 54 9954 71 53
internal_value=-1.04349e-11 0.000249016 -0.00015829 0.000305021 0.0409446 0.0835553
internal_weight=10321 10273 10179 10132 178 124
internal_count=10321 10273 10179 10132 178 124
is_linear=0
shrinkage=0.05


Tree=116
num_leaves=7
num_cat=0
split_feature=4 7 4 2 13 6
split_gain=54.6061 93.5527 99.3689 187.152 220.416 175.801
threshold=0.91597561503675362 -0.99983123799342477 1.0000000180025095e-35 4.5000000000000009 2.9658756142218512 0.99907018497641664
decision_type=2 2 2 2 2 2
left_child=1 -1 3 4 -3 -4
right_child=-2 2 5 -5 -6 -7
leaf_value=-0.075824551763279111 0.0096185671985829987 0.0055431448857710354 -0.005959401747659702 -0.011433406649764274 0.046747522019561283 -0.10647998486264526
leaf_weight=42 1291 3297 3799 1488 360 44
leaf_count=42 1291 3297 3799 1488 360 44
internal_value=2.57507e-12 -0.00137515 -0.00102725 0.00351641 0.00959936 -0.0071103
internal_weight=10321 9030 8988 5145 3657 3843
internal_count=10321 9030 8988 5145 3657 3843
is_linear=0
shrinkage=0.05


Tree=117
num_leaves=7
num_cat=0
split_feature=13 15 16 16 19 17
split_gain=55.3268 132.265 682.049 142.832 245.742 118.5
threshold=1.256579476921081 22.500000000000004 19.547619047619051 20.449404761904766 38.000000000000007 2.8488422947177612
decision_type=2 2 2 2 2 2
left_child=-1 2 -2 -3 5 -5
right_child=1 3 -4 4 -6 -7
leaf_value=0.0061457431648965872 -0.17098822770374164 0.015241306670399078 -0.0063800055311421348 -0.0048504535313601323 -0.11855566000525396 0.020031295937598882
leaf_weight=2703 70 1245 623 5106 46 528
leaf_count=2703 70 1245 623 5106 46 528
internal_value=-6.22145e-11 -0.00218062 -0.0230071 -9.64657e-05 -0.00345835 -0.00251862
internal_weight=10321 7618 693 6925 5680 5634
internal_count=10321 7618 693 6925 5680 5634
is_linear=0
shrinkage=0.05


Tree=118
num_leaves=7
num_cat=0
split_feature=7 11 19 14 7 6
split_gain=54.0354 142.199 129.257 99.4275 93.5248 1251.38
threshold=0.98005052076767474 21.500000000000004 27.500000000000004 19.500000000000004 0.90438663683299525 0.41398981800788198
decision_type=2 2 2 2 2 2
left_child=4 -2 3 -3 -1 -6
right_child=1 2 -4 -5 5 -7
leaf_value=0.00072466462438091316 0.034551091333217092 0.065523331307552085 -0.04786109591231627 -0.013389704767891234 -0.0029008660197650748 -0.26451396537013355
leaf_weight=8643 369 66 136 101 958 48
leaf_count=8643 369 66 136 101 958 48
internal_value=-2.84424e-11 0.013709 -0.011673 0.0177975 -0.000954754 -0.0153834
internal_weight=10321 672 303 167 9649 1006
internal_count=10321 672 303 167 9649 1006
is_linear=0
shrinkage=0.05


Tree=119
num_leaves=7
num_cat=0
split_feature=11 16 16 7 5 12
split_gain=52.6911 84.3408 772.839 140.802 182.633 168.982
threshold=15.500000000000002 19.547619047619051 19.380952380952383 -0.99761278905001471 0.25881904510252057 11.604166666666668
decision_type=2 2 2 2 2 2
left_child=-1 2 3 -2 -5 -6
right_child=1 -3 -4 4 5 -7
leaf_value=0.022768337840135513 -0.086933447898406055 0.00065875893428800152 -0.21101427444567286 0.027633336473889211 -0.11807332871989772 -0.0094909811694020591
leaf_weight=248 46 9405 48 337 44 193
leaf_count=248 46 9405 48 337 44 193
internal_value=3.36153e-11 -0.000560563 -0.0177278 -0.00276369 0.00398162 -0.0296497
internal_weight=10321 10073 668 620 574 237
internal_count=10321 10073 668 620 574 237
is_linear=0
shrinkage=0.05


Tree=120
num_leaves=7
num_cat=0
split_feature=16 16 16 16 7 10
split_gain=51.6371 72.4889 918.897 227.922 151.142 136.981
threshold=21.708333333333339 21.535714285714288 21.544642857142861 21.511904761904763 0.94909129669788206 19.250000000000004
decision_type=2 2 2 2 2 2
left_child=1 3 -3 -1 -4 -6
right_child=-2 2 4 -5 5 -7
leaf_value=-0.00075390383645948772 0.010749907294077621 -0.23015000515795769 0.012258616129079211 0.076721974973528034 -0.10994982583305012 -0.012288195106897359
leaf_weight=8499 1008 47 503 96 52 116
leaf_count=8499 1008 47 503 96 52 116
internal_value=-4.47046e-11 -0.00116352 -0.0164259 0.000111446 -0.00145564 -0.0425168
internal_weight=10321 9313 718 8595 671 168
internal_count=10321 9313 718 8595 671 168
is_linear=0
shrinkage=0.05


Tree=121
num_leaves=7
num_cat=0
split_feature=7 11 19 19 14 7
split_gain=52.4596 131.713 113.247 91.4924 87.654 78.9552
threshold=0.98005052076767474 21.500000000000004 27.500000000000004 29.500000000000004 19.500000000000004 0.5403928698825039
decision_type=2 2 2 2 2 2
left_child=5 3 4 -2 -3 -1
right_child=1 2 -4 -5 -6 -7
leaf_value=0.0023584418505304488 0.043194138857636115 0.061475564914783745 -0.044793385355596377 -0.030817924923030662 -0.012618180609303573 -0.0071413237659318091
leaf_weight=6298 321 66 136 48 101 3351
leaf_count=6298 321 66 136 48 101 3351
internal_value=-3.42531e-11 0.0135076 -0.0109206 0.0335666 0.0166644 -0.000940731
internal_weight=10321 672 303 369 167 9649
internal_count=10321 672 303 369 167 9649
is_linear=0
shrinkage=0.05


Tree=122
num_leaves=7
num_cat=0
split_feature=16 13 7 2 16 13
split_gain=52.4018 227.725 149.367 796.123 106.195 212.149
threshold=20.572916666666671 4.6045288947292375 0.90438663683299525 1.0000000180025095e-35 20.610119047619051 1.1019968953285697
decision_type=2 2 2 2 2 2
left_child=2 4 -1 -4 5 -2
right_child=1 -3 3 -5 -6 -7
leaf_value=0.011441083554518075 -0.12859798246451346 -0.11286836191606911 -0.21300397570788243 0.008363975897814133 -0.0003283237142807675 -0.0093281784713892882
leaf_weight=2051 48 46 48 264 7697 167
leaf_count=2051 48 46 48 264 7697 167
internal_value=-6.45439e-12 -0.00194139 0.00653811 -0.0256926 -0.00129646 -0.0359559
internal_weight=10321 7958 2363 312 7912 215
internal_count=10321 7958 2363 312 7912 215
is_linear=0
shrinkage=0.05


Tree=123
num_leaves=7
num_cat=0
split_feature=13 12 7 6 7 10
split_gain=49.4971 114.392 165.76 893.455 124.911 115.9
threshold=1.256579476921081 21.895833333333339 0.90438663683299525 0.41398981800788198 -0.99938741687870725 6.5000000000000009
decision_type=2 2 2 2 2 2
left_child=-1 2 4 -4 -2 -6
right_child=1 -3 3 -5 5 -7
leaf_value=0.005812948404180277 -0.085166181402003521 0.0040983215277995977 -0.012862071928643991 -0.2403013026652237 0.05076955672468722 -0.0047049638791809784
leaf_weight=2703 47 3788 430 48 97 3208
leaf_count=2703 47 3788 430 48 97 3208
internal_value=3.66771e-11 -0.00206254 -0.00815583 -0.0357012 -0.00422783 -0.00307682
internal_weight=10321 7618 3830 478 3352 3305
internal_count=10321 7618 3830 478 3352 3305
is_linear=0
shrinkage=0.05


Tree=124
num_leaves=7
num_cat=0
split_feature=4 7 4 2 13 6
split_gain=48.7405 79.4247 90.415 172.22 195.527 156.243
threshold=0.91597561503675362 -0.99983123799342477 1.0000000180025095e-35 4.5000000000000009 2.9658756142218512 0.99907018497641664
decision_type=2 2 2 2 2 2
left_child=1 -1 3 4 -3 -4
right_child=-2 2 5 -5 -6 -7
leaf_value=-0.069897090359812689 0.0090872994207562112 0.0053703661675948301 -0.0056961645382887427 -0.010985523106469912 0.044178665975729628 -0.10046034733002836
leaf_weight=42 1291 3297 3799 1488 360 44
leaf_count=42 1291 3297 3799 1488 360 44
internal_value=1.64708e-12 -0.00129919 -0.000978641 0.00335548 0.00919071 -0.00678116
internal_weight=10321 9030 8988 5145 3657 3843
internal_count=10321 9030 8988 5145 3657 3843
is_linear=0
shrinkage=0.05


Tree=125
num_leaves=7
num_cat=0
split_feature=16 11 17 13 2 6
split_gain=47.5814 67.2011 74.8515 59.9527 145.671 714.711
threshold=22.029761904761909 24.500000000000004 3.1328353218034573 1.256579476921081 1.0000000180025095e-35 0.41398981800788198
decision_type=2 2 2 2 2 2
left_child=3 -2 -3 -1 5 -5
right_child=1 2 -4 4 -6 -7
leaf_value=0.0058147765251017744 0.0048790322065980617 0.099073104279987667 0.0083295544580323632 0.0052094397135078914 -0.0017262905951706546 -0.21356010770153566
leaf_weight=2655 245 47 44 168 7114 48
leaf_count=2655 245 47 44 168 7114 48
internal_value=2.61822e-11 0.0185068 0.0551971 -0.000622764 -0.00295451 -0.043406
internal_weight=10321 336 91 9985 7330 216
internal_count=10321 336 91 9985 7330 216
is_linear=0
shrinkage=0.05


Tree=126
num_leaves=7
num_cat=0
split_feature=16 19 7 2 15 2
split_gain=49.3648 213.849 122.397 644.642 97.9636 206.891
threshold=20.572916666666671 38.000000000000007 0.90438663683299525 1.0000000180025095e-35 20.500000000000004 1.0000000180025095e-35
decision_type=2 2 2 2 2 2
left_child=2 4 -1 -4 -2 -6
right_child=1 -3 3 -5 5 -7
leaf_value=0.010784137824769139 -0.015640613982878915 -0.10937880771639555 -0.19138218870696921 0.0078153776579931618 0.029577699426711963 -0.0017270343530422746
leaf_weight=2051 1030 46 48 264 576 6306
leaf_count=2051 1030 46 48 264 576 6306
internal_value=4.41741e-13 -0.00188429 0.00634582 -0.0228304 -0.00125932 0.000893065
internal_weight=10321 7958 2363 312 7912 6882
internal_count=10321 7958 2363 312 7912 6882
is_linear=0
shrinkage=0.05


Tree=127
num_leaves=7
num_cat=0
split_feature=17 10 13 19 7 0
split_gain=46.2441 72.5209 74.3878 68.1159 209.465 714.343
threshold=2.0099922153360219 21.500000000000004 1.9234473008123441 26.500000000000004 -0.99761278905001471 13.500000000000002
decision_type=2 2 2 2 2 2
left_child=1 -1 -3 4 5 -2
right_child=3 2 -4 -5 -6 -7
leaf_value=-0.0029788588948576945 0.038613888902484246 0.020539140256486912 0.091931028468977841 0.0015259510542318516 -0.00522771475292095 -0.24128217959776521
leaf_weight=352 53 278 42 7261 2295 40
leaf_count=352 53 278 42 7261 2295 40
internal_value=2.97989e-12 0.0126822 0.0299093 -0.000883244 -0.00820869 -0.0817715
internal_weight=10321 672 320 9649 2388 93
internal_count=10321 672 320 9649 2388 93
is_linear=0
shrinkage=0.05


Tree=128
num_leaves=7
num_cat=0
split_feature=16 14 17 17 7 8
split_gain=47.0258 198.043 119.559 880.742 135.447 133.078
threshold=20.572916666666671 12.000000000000002 6.1184787000691356 6.1225380858369283 -0.99761278905001471 1.0000000180025095e-35
decision_type=2 2 2 2 2 2
left_child=2 -2 -1 -4 -5 -6
right_child=1 -3 3 4 5 -7
leaf_value=0.015793724485444607 -0.08680248920093564 -0.0011068496932659035 -0.21593520913593239 -0.080092605300571607 -0.0042573328766531441 0.038290745568630338
leaf_weight=1367 68 7890 48 46 645 257
leaf_count=1367 68 7890 48 46 645 257
internal_value=4.78799e-12 -0.00183911 0.00619366 -0.00698234 0.00359755 0.00786557
internal_weight=10321 7958 2363 996 948 902
internal_count=10321 7958 2363 996 948 902
is_linear=0
shrinkage=0.05


Tree=129
num_leaves=7
num_cat=0
split_feature=4 6 6 12 0 2
split_gain=44.3638 75.0168 292.246 1009.57 132.073 114.463
threshold=0.91597561503675362 0.82899317702918729 0.79383249484937135 22.562500000000004 8.5000000000000018 3.5000000000000004
decision_type=2 2 2 2 2 2
left_child=1 2 -1 -4 -3 -6
right_child=-2 4 3 -5 5 -7
leaf_value=-0.0017723276264230673 0.0086697012552339383 -0.01365315009158366 -0.0073272543624712683 -0.28422583945368124 0.029708661888380374 -0.00051707455301594387
leaf_weight=7042 1291 506 167 41 719 555
leaf_count=7042 1291 506 167 41 719 555
internal_value=-1.41864e-11 -0.00123949 -0.00349761 -0.0619082 0.0079579 0.0165412
internal_weight=10321 9030 7250 208 1780 1274
internal_count=10321 9030 7250 208 1780 1274
is_linear=0
shrinkage=0.05


Tree=130
num_leaves=7
num_cat=0
split_feature=16 16 16 16 7 10
split_gain=43.984 68.2739 781.826 194.015 131.795 117.761
threshold=21.708333333333339 21.535714285714288 21.544642857142861 21.511904761904763 0.94909129669788206 19.250000000000004
decision_type=2 2 2 2 2 2
left_child=1 3 -3 -1 -4 -6
right_child=-2 2 4 -5 5 -7
leaf_value=-0.00063488908969829634 0.0099213513111675328 -0.21302604283741178 0.0107292489632043 0.070846104849867211 -0.10294388524041727 -0.012392520811458939
leaf_weight=8499 1008 47 503 96 52 116
leaf_count=8499 1008 47 503 96 52 116
internal_value=-4.04611e-11 -0.00107385 -0.0158858 0.000163502 -0.0020772 -0.0404203
internal_weight=10321 9313 718 8595 671 168
internal_count=10321 9313 718 8595 671 168
is_linear=0
shrinkage=0.05


Tree=131
num_leaves=7
num_cat=0
split_feature=7 11 7 11 19 7
split_gain=46.6926 122.27 103.46 157.435 78.5767 63.1081
threshold=0.98005052076767474 21.500000000000004 0.9863035000474919 23.500000000000004 29.500000000000004 0.5403928698825039
decision_type=2 2 2 2 2 2
left_child=5 4 -3 -4 -2 -1
right_child=1 2 3 -5 -6 -7
leaf_value=0.0020620437905142061 0.040992229031195801 0.049256126097692504 -0.0065158010347478911 -0.11188023083431775 -0.027597166163225967 -0.0064310375926901493
leaf_weight=6298 321 58 202 43 48 3351
leaf_count=6298 321 58 202 43 48 3351
internal_value=-5.66765e-12 0.0127435 -0.0107927 -0.0250083 0.03207 -0.000887517
internal_weight=10321 672 303 245 369 9649
internal_count=10321 672 303 245 369 9649
is_linear=0
shrinkage=0.05


Tree=132
num_leaves=7
num_cat=0
split_feature=16 19 16 2 15 7
split_gain=43.9475 185.999 111.278 279.515 514.649 141.223
threshold=20.572916666666671 38.000000000000007 20.110119047619051 1.0000000180025095e-35 20.500000000000004 0.51113019672828186
decision_type=2 2 2 2 2 2
left_child=2 -2 3 4 5 -1
right_child=1 -3 -4 -5 -6 -7
leaf_value=-0.078243200778961186 -0.0011950419103957371 -0.10202852385523527 0.016669263511120032 0.0049327984927007504 -0.20318419952721647 0.034669721705560937
leaf_weight=45 7912 46 1200 998 48 72
leaf_count=45 7912 46 1200 998 48 72
internal_value=-2.25648e-11 -0.00177789 0.00598751 -0.00503408 -0.0653186 -0.00875833
internal_weight=10321 7958 2363 1163 165 117
internal_count=10321 7958 2363 1163 165 117
is_linear=0
shrinkage=0.05


Tree=133
num_leaves=7
num_cat=0
split_feature=11 16 2 0 7 12
split_gain=43.1602 66.681 527.276 550.477 146.807 126.648
threshold=15.500000000000002 19.547619047619051 1.0000000180025095e-35 9.5000000000000018 -0.99628250747696534 14.770833333333336
decision_type=2 2 2 2 2 2
left_child=-1 2 3 -2 -4 -3
right_child=1 5 4 -5 -6 -7
leaf_value=0.02060650529198146 0.0063596377684239386 0.06758039115795067 0.089834301537937589 -0.2257084515544453 -0.0043026337062250465 7.4403365646465524e-05
leaf_weight=248 47 70 45 56 520 9335
leaf_count=248 47 70 45 56 520 9335
internal_value=-1.53265e-11 -0.000507338 -0.0157719 -0.119813 0.003195 0.00057684
internal_weight=10321 10073 668 103 565 9405
internal_count=10321 10073 668 103 565 9405
is_linear=0
shrinkage=0.05


Tree=134
num_leaves=7
num_cat=0
split_feature=7 11 7 11 19 2
split_gain=42.5204 110.333 93.3729 142.085 70.9085 62.4471
threshold=0.98005052076767474 21.500000000000004 0.9863035000474919 23.500000000000004 29.500000000000004 3.5000000000000004
decision_type=2 2 2 2 2 2
left_child=5 4 -3 -4 -2 -1
right_child=1 2 3 -5 -6 -7
leaf_value=0.0026607337930067633 0.038995451250667432 0.046849351624380156 -0.0061339789377940395 -0.10623018733810548 -0.026161276021351418 -0.005459592412788602
leaf_weight=5481 321 58 202 43 48 4168
leaf_count=5481 321 58 202 43 48 4168
internal_value=-5.94442e-12 0.0121609 -0.010197 -0.0237019 0.0305198 -0.000846937
internal_weight=10321 672 303 245 369 9649
internal_count=10321 672 303 245 369 9649
is_linear=0
shrinkage=0.05


Tree=135
num_leaves=7
num_cat=0
split_feature=16 16 16 16 7 10
split_gain=41.0838 61.8147 719.635 169.429 116.321 99.179
threshold=21.708333333333339 21.535714285714288 21.544642857142861 21.511904761904763 0.94909129669788206 19.250000000000004
decision_type=2 2 2 2 2 2
left_child=1 3 -3 -1 -4 -6
right_child=-2 2 4 -5 5 -7
leaf_value=-0.00060656819740993522 0.0095886794471909311 -0.20426870000727002 0.010147480096827238 0.066192043465465158 -0.09528462760723555 -0.012184097430797229
leaf_weight=8499 1008 47 503 96 52 116
leaf_count=8499 1008 47 503 96 52 116
internal_value=-3.9097e-11 -0.00103784 -0.0151318 0.000139524 -0.00188372 -0.0379057
internal_weight=10321 9313 718 8595 671 168
internal_count=10321 9313 718 8595 671 168
is_linear=0
shrinkage=0.05


Tree=136
num_leaves=7
num_cat=0
split_feature=7 11 19 7 14 19
split_gain=41.5161 102.23 83.2744 68.2024 67.6564 63.6845
threshold=0.98005052076767474 21.500000000000004 27.500000000000004 0.99138911339924218 19.500000000000004 29.500000000000004
decision_type=2 2 2 2 2 2
left_child=-1 5 4 -4 -3 -2
right_child=1 2 3 -5 -6 -7
leaf_value=-0.00083687544477987336 0.037720616783212722 0.053518833883219596 -0.011553023854097309 -0.084988329008221633 -0.011576538020283869 -0.024027977588896951
leaf_weight=9649 321 66 86 50 101 48
leaf_count=9649 321 66 86 50 101 48
internal_value=8.80182e-12 0.0120164 -0.00950483 -0.0385513 0.0141498 0.0296883
internal_weight=10321 672 303 136 167 369
internal_count=10321 672 303 136 167 369
is_linear=0
shrinkage=0.05


Tree=137
num_leaves=7
num_cat=0
split_feature=16 14 16 2 15 7
split_gain=41.6772 171.562 98.2333 224.999 470.103 121.031
threshold=20.572916666666671 12.000000000000002 20.110119047619051 1.0000000180025095e-35 20.500000000000004 -0.99628250747696534
decision_type=2 2 2 2 2 2
left_child=2 -2 3 4 -1 -5
right_child=1 -3 -4 5 -6 -7
leaf_value=-0.0045547045647906957 -0.080810704137034284 -0.0010498172639085014 0.015866943742982888 0.068810877943521032 -0.190375679153658 -0.00029070195674355475
leaf_weight=117 68 7890 1200 68 48 930
leaf_count=117 68 7890 1200 68 48 930
internal_value=2.37336e-11 -0.00173136 0.0058308 -0.00452463 -0.0586117 0.00441762
internal_weight=10321 7958 2363 1163 165 998
internal_count=10321 7958 2363 1163 165 998
is_linear=0
shrinkage=0.05


Tree=138
num_leaves=7
num_cat=0
split_feature=11 11 17 16 8 16
split_gain=42.7916 57.9978 88.2339 214.701 140.322 78.7632
threshold=15.500000000000002 18.500000000000004 6.1200939134961203 19.208333333333336 1.0000000180025095e-35 20.110119047619051
decision_type=2 2 2 2 2 2
left_child=-1 2 4 -4 5 -2
right_child=1 -3 3 -5 -6 -7
leaf_value=0.020518335283187271 0.05640384321810589 0.00091896635129083692 0.0099904960434321535 -0.14136083696392321 0.070411182088511326 -0.013421912088909187
leaf_weight=248 42 8829 53 42 56 1051
leaf_count=248 42 8829 53 42 56 1051
internal_value=2.03728e-11 -0.000505167 -0.0106126 -0.0569227 -0.00678367 -0.0107388
internal_weight=10321 10073 1244 95 1149 1093
internal_count=10321 10073 1244 95 1149 1093
is_linear=0
shrinkage=0.05


Tree=139
num_leaves=7
num_cat=0
split_feature=17 17 0 19 7 7
split_gain=39.69 188.911 404.147 116.392 234.047 111.455
threshold=2.1138742221031039 2.1338683823688944 14.500000000000002 25.500000000000004 0.79773375822167203 -0.99864786094873803
decision_type=2 2 2 2 2 2
left_child=-1 2 -2 4 -3 -5
right_child=1 3 -4 5 -6 -7
leaf_value=0.0076264551085235624 0.0068215186355842479 -0.0072653508444468929 -0.16620095966608023 0.063655789726014642 -0.10913340883271304 0.0002991789006995129
leaf_weight=1464 90 260 54 70 72 8311
leaf_count=1464 90 260 54 70 72 8311
internal_value=-3.84521e-11 -0.0012606 -0.0580619 -0.000321843 -0.0293572 0.000828348
internal_weight=10321 8857 144 8713 332 8381
internal_count=10321 8857 144 8713 332 8381
is_linear=0
shrinkage=0.05


Tree=140
num_leaves=7
num_cat=0
split_feature=10 17 6 6 19 2
split_gain=39.1737 147.008 191.159 621.262 78.2331 130.959
threshold=24.500000000000004 2.6460693424098705 0.76140650896573503 0.90892735371523092 29.500000000000004 3.5000000000000004
decision_type=2 2 2 2 2 2
left_child=-1 2 -2 -4 -3 -6
right_child=1 4 3 -5 5 -7
leaf_value=-0.0010854598156070816 0.009328255230654137 0.048428324781672423 -0.21232996051303213 0.0045570925152259734 0.036595128866075806 -0.033904892966186387
leaf_weight=9181 442 249 45 124 174 106
leaf_count=9181 442 249 45 124 174 106
internal_value=1.28456e-11 0.00874176 -0.00796511 -0.0531939 0.0280383 0.00990583
internal_weight=10321 1140 611 169 529 280
internal_count=10321 1140 611 169 529 280
is_linear=0
shrinkage=0.05


Tree=141
num_leaves=7
num_cat=0
split_feature=13 12 7 7 6 7
split_gain=39.2556 87.9864 107.235 104.528 608.477 108.453
threshold=1.256579476921081 21.895833333333339 -0.99465740988130902 0.90438663683299525 0.41398981800788198 -0.99938741687870725
decision_type=2 2 2 2 2 2
left_child=-1 3 -3 5 -5 -2
right_child=1 2 -4 4 -6 -7
leaf_value=0.0051767539144006707 -0.079479756840366012 0.077825416959240112 0.0026133474832672112 -0.010206634113348502 -0.19790102071904889 -0.0029890030412221438
leaf_weight=2703 47 48 3740 430 48 3305
leaf_count=2703 47 48 3740 430 48 3305
internal_value=1.41553e-11 -0.0018368 0.0035664 -0.00718076 -0.0290546 -0.00406152
internal_weight=10321 7618 3788 3830 478 3352
internal_count=10321 7618 3788 3830 478 3352
is_linear=0
shrinkage=0.05


Tree=142
num_leaves=7
num_cat=0
split_feature=16 11 17 17 13 2
split_gain=38.3759 58.1884 65.7958 59.4839 46.9424 99.4147
threshold=22.029761904761909 24.500000000000004 3.1328353218034573 3.0997183385156624 1.256579476921081 1.0000000180025095e-35
decision_type=2 2 2 2 2 2
left_child=4 3 -3 -2 -1 -6
right_child=1 2 -4 -5 5 -7
leaf_value=0.0051370848961323134 -0.023580285817023726 0.09189817099732922 0.0068207165300422775 0.025995549178675421 -0.036040026504930149 -0.0016079257523781332
leaf_weight=2655 109 47 44 136 216 7114
leaf_count=2655 109 47 44 136 216 7114
internal_value=-2.88839e-12 0.0166204 0.0507618 0.00393936 -0.000559286 -0.00262257
internal_weight=10321 336 91 245 9985 7330
internal_count=10321 336 91 245 9985 7330
is_linear=0
shrinkage=0.05


Tree=143
num_leaves=7
num_cat=0
split_feature=4 4 2 5 12 7
split_gain=38.5042 72.459 89.7063 173.982 121.77 164.468
threshold=0.91597561503675362 0.78656609248549325 3.5000000000000004 0.60355339059327384 23.062500000000004 0.5475998096715059
decision_type=2 2 2 2 2 2
left_child=1 2 3 4 5 -1
right_child=-2 -3 -4 -5 -6 -7
leaf_value=0.019549468838769353 0.0080768905547580951 -0.014950799363935433 -0.0057116549375903127 -0.0078145237662583383 0.06436067302732866 -0.0054103802865604605
leaf_weight=1774 1291 861 3527 1709 108 1051
leaf_count=1774 1291 861 3527 1709 108 1051
internal_value=9.51275e-12 -0.00115474 0.000299348 0.00486652 0.0122555 0.0102635
internal_weight=10321 9030 8169 4642 2933 2825
internal_count=10321 9030 8169 4642 2933 2825
is_linear=0
shrinkage=0.05


Tree=144
num_leaves=7
num_cat=0
split_feature=11 16 2 0 7 12
split_gain=38.5337 56.7283 430.531 491.205 116.421 109.848
threshold=15.500000000000002 19.547619047619051 1.0000000180025095e-35 9.5000000000000018 -0.99628250747696534 14.770833333333336
decision_type=2 2 2 2 2 2
left_child=-1 2 3 -2 -4 -3
right_child=1 5 4 -5 -6 -7
leaf_value=0.019470756196495777 0.010614732507259604 0.062922195120980698 0.079733709924750873 -0.20860380160489253 -0.0040967437941491465 5.2695181671824702e-05
leaf_weight=248 47 70 45 56 520 9335
leaf_count=248 47 70 45 56 520 9335
internal_value=4.14426e-11 -0.000479375 -0.0145587 -0.108572 0.00258002 0.000520623
internal_weight=10321 10073 668 103 565 9405
internal_count=10321 10073 668 103 565 9405
is_linear=0
shrinkage=0.05


Tree=145
num_leaves=7
num_cat=0
split_feature=16 19 16 2 6 6
split_gain=38.1115 161.625 87.7208 166.955 429.491 963.071
threshold=20.572916666666671 38.000000000000007 20.110119047619051 1.0000000180025095e-35 -0.065535378769913874 0.52033990680116082
decision_type=2 2 2 2 2 2
left_child=2 -2 3 4 -1 -6
right_child=1 -3 -4 -5 5 -7
leaf_value=0.043175157353481541 -0.0011123206366631987 -0.095107243031911232 0.015059735864168033 0.0034930795038526996 -0.2809291200434908 0.037484273783168952
leaf_weight=70 7912 46 1200 998 47 48
leaf_count=70 7912 46 1200 998 47 48
internal_value=-1.55614e-11 -0.00165564 0.0055758 -0.00420986 -0.050801 -0.120047
internal_weight=10321 7958 2363 1163 165 95
internal_count=10321 7958 2363 1163 165 95
is_linear=0
shrinkage=0.05


Tree=146
num_leaves=7
num_cat=0
split_feature=7 11 15 11 7 2
split_gain=37.688 92.6454 77.9277 85.4871 56.0007 157.628
threshold=0.98005052076767474 21.500000000000004 21.500000000000004 22.500000000000004 0.93158198870884079 1.0000000180025095e-35
decision_type=2 2 2 2 2 2
left_child=4 -2 -3 -4 -1 -6
right_child=1 2 3 -5 5 -7
leaf_value=0.00028267546717622606 0.02827206304105034 0.052481725866991014 0.0042296098693358625 -0.054278381595144136 -0.084405270433570781 -0.0064103905797045614
leaf_weight=8931 369 44 154 105 72 646
leaf_count=8931 369 44 154 105 72 646
internal_value=-1.31453e-11 0.011449 -0.00903853 -0.0194898 -0.000797359 -0.0142316
internal_weight=10321 672 303 259 9649 718
internal_count=10321 672 303 259 9649 718
is_linear=0
shrinkage=0.05


Tree=147
num_leaves=7
num_cat=0
split_feature=17 19 7 0 2 0
split_gain=36.4264 59.5847 164.911 616.926 106.333 194.394
threshold=2.0099922153360219 26.500000000000004 -0.99761278905001471 13.500000000000002 1.5000000000000002 5.5000000000000009
decision_type=2 2 2 2 2 2
left_child=-1 2 3 -2 5 -4
right_child=1 -3 4 -5 -6 -7
leaf_value=0.011255726847507287 0.038968672786118853 0.0014693798662769348 -0.036724949492059247 -0.2211431499384344 -0.011364642946282916 0.029519970209637498
leaf_weight=672 53 7261 147 40 1699 449
leaf_count=672 53 7261 147 40 1699 449
internal_value=-6.05707e-13 -0.0007839 -0.00763527 -0.0729074 -0.00499025 0.013181
internal_weight=10321 9649 2388 93 2295 596
internal_count=10321 9649 2388 93 2295 596
is_linear=0
shrinkage=0.05


Tree=148
num_leaves=7
num_cat=0
split_feature=16 14 15 2 10 13
split_gain=36.5279 146.192 82.2244 158.625 157.862 85.4712
threshold=20.572916666666671 12.000000000000002 20.500000000000004 1.0000000180025095e-35 18.500000000000004 1.2876252713463043
decision_type=2 2 2 2 2 2
left_child=-1 -2 5 4 -4 -3
right_child=1 2 3 -5 -6 -7
leaf_value=0.0054587275008698578 -0.074619268075741069 -0.010980075091456067 0.060398116315696353 -0.0013158193453938227 0.0061229209022233165 -0.079311746389915561
leaf_weight=2363 68 982 212 6284 364 48
leaf_count=2363 68 982 212 6284 364 48
internal_value=3.77639e-11 -0.00162088 -0.000991744 0.000986084 0.0260992 -0.0141645
internal_weight=10321 7958 7890 6860 576 1030
internal_count=10321 7958 7890 6860 576 1030
is_linear=0
shrinkage=0.05


Tree=149
num_leaves=7
num_cat=0
split_feature=16 11 17 17 13 2
split_gain=34.8345 49.4968 58.3129 55.1191 41.3982 83.7242
threshold=22.029761904761909 24.500000000000004 3.1328353218034573 3.0997183385156624 1.256579476921081 1.0000000180025095e-35
decision_type=2 2 2 2 2 2
left_child=4 3 -3 -2 -1 -6
right_child=1 2 -4 -5 5 -7
leaf_value=0.0048165595234198966 -0.022351437627440407 0.086050042628924905 0.0059564230836589233 0.025370861698448766 -0.033137635955656018 -0.0015393310322613452
leaf_weight=2655 109 47 44 136 216 7114
leaf_count=2655 109 47 44 136 216 7114
internal_value=3.03836e-11 0.015835 0.0473235 0.00413931 -0.000532856 -0.00247047
internal_weight=10321 336 91 245 9985 7330
internal_count=10321 336 91 245 9985 7330
is_linear=0
shrinkage=0.05


end of trees

feature_importances:
doy_cos=123
lag168=112
weekday=88
mean168=68
hour=66
doy_sin=63
mean24=53
lag24=51
last=46
std24=33
min24=33
std168=33
max168=24
max24=23
workhour=22
hour_cos=20
missing24=20
hour_sin=14
missing168=8

parameters:
[boosting: gbdt]
[objective: regression]
[metric: l2]
[tree_learner: serial]
[device_type: cpu]
[data_sample_strategy: bagging]
[data: ]
[valid: ]
[num_iterations: 150]
[learning_rate: 0.05]
[num_leaves: 7]
[num_threads: 2]
[seed: 20261006]
[deterministic: 1]
[force_col_wise: 1]
[force_row_wise: 0]
[histogram_pool_size: -1]
[max_depth: -1]
[min_data_in_leaf: 40]
[min_sum_hessian_in_leaf: 0.001]
[bagging_fraction: 1]
[pos_bagging_fraction: 1]
[neg_bagging_fraction: 1]
[bagging_freq: 0]
[bagging_seed: 27463]
[bagging_by_query: 0]
[feature_fraction: 1]
[feature_fraction_bynode: 1]
[feature_fraction_seed: 885]
[extra_trees: 0]
[extra_seed: 17743]
[early_stopping_round: 0]
[early_stopping_min_delta: 0]
[first_metric_only: 0]
[max_delta_step: 0]
[lambda_l1: 0]
[lambda_l2: 0]
[linear_lambda: 0]
[min_gain_to_split: 0]
[drop_rate: 0.1]
[max_drop: 50]
[skip_drop: 0.5]
[xgboost_dart_mode: 0]
[uniform_drop: 0]
[drop_seed: 19011]
[top_rate: 0.2]
[other_rate: 0.1]
[min_data_per_group: 100]
[max_cat_threshold: 32]
[cat_l2: 10]
[cat_smooth: 10]
[max_cat_to_onehot: 4]
[top_k: 20]
[monotone_constraints: ]
[monotone_constraints_method: basic]
[monotone_penalty: 0]
[feature_contri: ]
[forcedsplits_filename: ]
[refit_decay_rate: 0.9]
[cegb_tradeoff: 1]
[cegb_penalty_split: 0]
[cegb_penalty_feature_lazy: ]
[cegb_penalty_feature_coupled: ]
[path_smooth: 0]
[interaction_constraints: ]
[verbosity: -1]
[saved_feature_importance_type: 0]
[use_quantized_grad: 0]
[num_grad_quant_bins: 4]
[quant_train_renew_leaf: 0]
[stochastic_rounding: 1]
[linear_tree: 0]
[max_bin: 255]
[max_bin_by_feature: ]
[min_data_in_bin: 3]
[bin_construct_sample_cnt: 200000]
[data_random_seed: 5366]
[is_enable_sparse: 1]
[enable_bundle: 1]
[use_missing: 1]
[zero_as_missing: 0]
[feature_pre_filter: 1]
[pre_partition: 0]
[two_round: 0]
[header: 0]
[label_column: ]
[weight_column: ]
[group_column: ]
[ignore_column: ]
[categorical_feature: ]
[forcedbins_filename: ]
[precise_float_parser: 0]
[parser_config_file: ]
[objective_seed: 8607]
[num_class: 1]
[is_unbalance: 0]
[scale_pos_weight: 1]
[sigmoid: 1]
[boost_from_average: 1]
[reg_sqrt: 0]
[alpha: 0.9]
[fair_c: 1]
[poisson_max_delta_step: 0.7]
[tweedie_variance_power: 1.5]
[lambdarank_truncation_level: 30]
[lambdarank_norm: 1]
[label_gain: ]
[lambdarank_position_bias_regularization: 0]
[eval_at: ]
[multi_error_top_k: 1]
[auc_mu_weights: ]
[num_machines: 1]
[local_listen_port: 12400]
[time_out: 120]
[machine_list_filename: ]
[machines: ]
[gpu_platform_id: -1]
[gpu_device_id: -1]
[gpu_device_id_list: ]
[gpu_use_dp: 0]
[num_gpu: 1]

end of parameters

pandas_categorical:[]
