tree
version=v4
num_class=1
num_tree_per_iteration=1
label_index=0
max_feature_idx=29
objective=regression
feature_names=hour lead weekday weekend hour_sin hour_cos doy_sin doy_cos workhour last lag24 lag168 mean24 std24 min24 max24 mean168 std168 min168 max168 missing24 missing168 temp_last temp_mean24 temp_mean168 temp_delta24 response_cool24 response_heat24 response_cool168 response_heat168
feature_infos=[0:23] [1:24] [0:6] [0:1] [-1:1] [-1:1] [-0.9999994220246925:0.99998555065071859] [-0.99997919295908233:0.9999907524084426] [0:1] [0:473.34809999999999] [0:669.67240000000004] [0:669.67240000000004] [198.16243333333333:485.20365416666669] [0:196.34452317078706] [0:407.9579] [247.38040000000001:669.67240000000004] [243.00278273809522:422.1969666666667] [29.379798488138235:115.18698510270571] [0:311.97559999999999] [336.40519999999998:669.67240000000004] none none [-11.699999999999999:30] [-12.245833333333335:30.425000000000001] [-5.5702380952380945:28.647619047619049] [-16.599999999999998:13.299999999999999] [0:12.424999999999999] [0:30.245833333333337] [0:10.647619047619045] [0:23.570238095238096]
tree_sizes=1403 1418 1418 1429 1418 1421 1416 1425 1417 1415 1416 1429 1407 1404 1410 1413 1418 1422 1412 1411 1415 1423 1413 1417 1418 1421 1413 1414 1425 1422 1406 1410 1415 1422 1425 1428 1432 1424 1427 1426 1419 1416 1432 1431 1439 1431 1422 1428 1423 1438 1412 1412 1429 1442 1428 1433 1437 1426 1433 1430 1436 1427 1422 1407 1435 1420 1433 1424 1413 1435 1424 1424 1435 1425 1424 1449 1427 1427 1425 1421 1429 1442 1437 1413 1422 1446 1444 1430 1430 1411 1443 1434 1436 1437 1439 1415 1424 1432 1416 1439 1439 1449 1436 1444 1415 1456 1441 1432 1435 1445 1451 1448 1448 1436 1427 1428 1449 1443 1458 1438 1449 1434 1432 1452 1458 1413 1437 1408 1455 1428 1457 1412 1420 1442 1438 1415 1419 1447 1434 1413 1421 1421 1450 1439 1428 1433 1432 1454 1413 1424

Tree=0
num_leaves=15
num_cat=0
split_feature=10 11 12 22 2 0 2 10 14 9 14 11 22 2
split_gain=1.09438e+07 4.0219e+06 1.45644e+06 1.2863e+06 1.08842e+06 811008 684497 640796 502876 475336 474329 393250 275491 273613
threshold=352.72000000000008 307.38730000000004 279.50754375000002 -3.5999999999999992 4.5000000000000009 12.500000000000002 1.0000000180025095e-35 442.46265000000011 270.86590000000007 309.55755000000005 269.03000000000003 413.95685000000009 3.0500000000000003 4.5000000000000009
decision_type=2 2 2 2 2 2 2 2 2 2 2 2 2 2
left_child=1 2 -1 11 7 9 8 12 -7 -3 -4 -2 -5 -8
right_child=3 5 10 4 -6 6 13 -9 -10 -11 -12 -13 -14 -15
leaf_value=308.43036290185256 316.26939900878256 310.02702358863377 309.77869041698222 315.11827156713412 311.64436744607946 313.19849624264896 312.27064994081866 317.04997131202322 316.82568866913329 311.90167464477491 311.10182605324479 320.45787284892907 313.55231936451571 310.2714692360716
leaf_weight=1865 281 699 2159 411 445 377 966 206 128 655 987 70 887 208
leaf_count=1865 281 699 2159 411 445 377 966 206 128 655 987 70 887 208
internal_value=311.277 310.407 309.537 314.318 313.817 311.844 312.579 314.459 314.118 310.934 310.194 317.105 314.048 311.916
internal_weight=10344 8044 5011 2300 1949 3033 1679 1504 505 1354 3146 351 1298 1174
internal_count=10344 8044 5011 2300 1949 3033 1679 1504 505 1354 3146 351 1298 1174
is_linear=0
shrinkage=1


Tree=1
num_leaves=15
num_cat=0
split_feature=10 10 11 12 2 22 2 11 10 9 9 9 14 0
split_gain=9.99911e+06 2.49724e+06 2.14922e+06 921174 801687 832990 669152 656685 380936 358399 343221 296301 280259 253598
threshold=317.66055000000006 383.41895000000005 306.42370000000005 279.50754375000002 4.5000000000000009 2.5000000000000004 1.0000000180025095e-35 322.83205000000004 476.20150000000007 368.22620000000006 276.46805000000006 347.96405000000004 221.98540000000003 11.500000000000002
decision_type=2 2 2 2 2 2 2 2 2 2 2 2 2 2
left_child=2 7 3 -1 5 8 13 10 -3 -9 12 -6 -2 -4
right_child=1 4 6 -5 11 -7 -8 9 -10 -11 -12 -13 -14 -15
leaf_value=-2.7594053826033154 -4.4502344241065366 5.2144137243133279 -0.44221549443900587 -1.2738342462188976 -0.2456660682427968 2.9916845349173897 -0.48642098843747228 1.5273149311081911 8.8634450013610131 4.3368023820039703 0.58674993394373387 2.9572453127557261 -0.44984674491738313 2.1127880495324329
leaf_weight=1783 62 402 124 2516 141 522 1329 1472 87 123 1038 148 149 448
leaf_count=1783 62 402 124 2516 141 522 1329 1472 87 123 1038 148 149 448
internal_value=-1.69676e-08 1.90148 -1.27093 -1.88997 3.71693 4.38078 0.129006 1.07164 5.86363 1.74397 0.213054 1.39458 -1.62532 1.55891
internal_weight=10344 4144 6200 4299 1300 1011 1901 2844 489 1595 1249 289 211 572
internal_count=10344 4144 6200 4299 1300 1011 1901 2844 489 1595 1249 289 211 572
is_linear=0
shrinkage=0.05


Tree=2
num_leaves=15
num_cat=0
split_feature=10 10 11 12 2 22 2 9 11 10 9 9 14 11
split_gain=9.0242e+06 2.25376e+06 1.93967e+06 831359 723523 751774 603909 594019 542212 343794 267411 249968 259828 247784
threshold=317.66055000000006 383.41895000000005 306.42370000000005 279.50754375000002 4.5000000000000009 2.5000000000000004 1.0000000180025095e-35 368.22620000000006 320.13185000000004 476.20150000000007 347.96405000000004 276.46805000000006 221.98540000000003 354.21165000000002
decision_type=2 2 2 2 2 2 2 2 2 2 2 2 2 2
left_child=2 7 3 -1 5 9 13 8 11 -3 -6 12 -2 -4
right_child=1 4 6 -5 10 -7 -8 -9 -10 -11 -12 -13 -14 -15
leaf_value=-2.621435044670767 -4.3627255888779954 4.9536930279648725 0.44030157182548013 -1.2101425335473799 -0.23338275803319106 2.8421003131345772 -0.46209993810947225 3.6039401423583914 1.4347267575179803 8.4202726824530245 2.8093830716066268 0.33588809358267169 -0.44647055321838708 2.5216201454817835
leaf_weight=1783 60 402 286 2516 141 522 1329 206 1512 87 148 922 144 286
leaf_count=1783 60 402 286 2516 141 522 1329 206 1512 87 148 922 144 286
internal_value=-4.04911e-09 1.80641 -1.20738 -1.79547 3.53108 4.16175 0.122556 1.01806 0.816126 5.57045 1.32485 -0.0145351 -1.59831 1.48096
internal_weight=10344 4144 6200 4299 1300 1011 1901 2844 2638 489 289 1126 204 572
internal_count=10344 4144 6200 4299 1300 1011 1901 2844 2638 489 289 1126 204 572
is_linear=0
shrinkage=0.05


Tree=3
num_leaves=15
num_cat=0
split_feature=10 11 12 22 2 0 2 9 14 10 8 10 10 22
split_gain=8.19465e+06 3.0956e+06 1.18643e+06 897812 807846 678057 529612 484857 454343 417493 311034 310492 292660 270063
threshold=359.09740000000005 307.38730000000004 295.97181250000011 -3.5999999999999992 4.5000000000000009 12.500000000000002 1.0000000180025095e-35 345.56350000000003 270.86590000000007 442.46265000000011 1.0000000180025095e-35 304.88340000000005 269.50805000000008 3.6000000000000001
decision_type=2 2 2 2 2 2 2 2 2 2 2 2 2 2
left_child=1 2 12 10 9 7 8 13 -7 -5 -2 -4 -1 -3
right_child=3 5 11 4 -6 6 -8 -9 -10 -11 -12 -13 -14 -15
leaf_value=-2.5878410848961919 4.2013208754857381 0.24697457672724893 -1.1086294985379779 2.5569906689020581 0.31000393919567482 1.6456769462882368 0.62202514033782119 1.6476820638345986 5.0541757469827484 5.0030124317095117 7.5321370346377599 0.062202789314581487 -1.516385497111373 -1.3378849356504083
leaf_weight=1685 240 430 1455 1139 376 377 1276 260 132 206 99 927 1025 717
leaf_count=1685 240 430 1455 1139 376 377 1276 260 132 206 99 927 1025 717
internal_value=8.254e-09 -0.701786 -1.46705 2.82213 2.35886 0.518988 1.16598 -0.301825 2.52961 2.93162 5.17404 -0.652978 -2.18259 -0.743735
internal_weight=10344 8284 5092 2060 1721 3192 1785 1407 509 1345 339 2382 2710 1147
internal_count=10344 8284 5092 2060 1721 3192 1785 1407 509 1345 339 2382 2710 1147
is_linear=0
shrinkage=0.05


Tree=4
num_leaves=15
num_cat=0
split_feature=10 10 11 12 2 22 9 2 11 10 9 12 0 2
split_gain=7.41618e+06 1.84287e+06 1.55798e+06 691489 599276 643308 503132 501427 456824 292173 224097 223818 219848 293375
threshold=317.66055000000006 383.41895000000005 306.42370000000005 279.50754375000002 4.5000000000000009 2.5000000000000004 368.22620000000006 1.0000000180025095e-35 320.13185000000004 476.20150000000007 347.96405000000004 268.59636458333341 12.500000000000002 1.0000000180025095e-35
decision_type=2 2 2 2 2 2 2 2 2 2 2 2 2 2
left_child=2 6 3 -1 5 9 8 -4 11 -3 -6 -2 -10 -14
right_child=1 4 7 -5 10 -7 -8 -9 12 -11 -12 -13 13 -15
leaf_value=-2.3748827887530815 -3.6966973089426762 4.5056489870915959 1.3351789742043907 -1.0877732212707809 -0.23721383059701179 2.5503565331471378 3.304551880596911 -0.4353563420160585 0.39632119188759951 7.7013891855875656 2.5482429959685415 0.11169430030952338 4.7194957803090416 1.474398477801139
leaf_weight=1783 40 402 572 2516 141 522 206 1329 461 87 148 1086 75 976
leaf_count=1783 40 402 572 2516 141 522 206 1329 461 87 148 1086 75 976
internal_value=5.49993e-10 1.63758 -1.09454 -1.6216 3.19713 3.7711 0.924701 0.0973876 0.738859 5.07422 1.18925 -0.0235949 1.30667 1.70597
internal_weight=10344 4144 6200 4299 1300 1011 2844 1901 2638 489 289 1126 1512 1051
internal_count=10344 4144 6200 4299 1300 1011 2844 1901 2638 489 289 1126 1512 1051
is_linear=0
shrinkage=0.05


Tree=5
num_leaves=15
num_cat=0
split_feature=10 11 22 10 2 2 10 11 9 11 16 10 14 0
split_gain=6.73385e+06 2.09188e+06 1.05106e+06 890524 833303 559788 552714 376749 333598 283212 260668 205557 204433 198795
threshold=340.75020000000006 310.10480000000007 -4.1499999999999995 273.9147000000001 4.5000000000000009 1.0000000180025095e-35 412.22415000000007 434.02505000000002 281.44530000000003 406.94650000000007 273.99660446428578 299.96930000000003 334.08075000000002 11.500000000000002
decision_type=2 2 2 2 2 2 2 2 2 2 2 2 2 2
left_child=1 3 9 10 6 7 -4 13 -5 -2 -1 -7 -6 -3
right_child=2 5 4 8 12 11 -8 -9 -10 -11 -12 -13 -14 -15
leaf_value=-2.8433483708906291 3.9458152414627481 -0.44783514102502747 1.7556936537955441 -1.5070232696300192 -0.30899433869749549 -0.68695210731665124 3.7809928489806448 4.5066282436558884 -0.32416897315054061 7.5382026504067809 -1.720931489772263 0.36766909979244666 2.5756739902496339 1.6905463021025242
leaf_weight=770 284 147 1459 926 501 776 438 97 1673 68 1576 1142 70 417
leaf_count=770 284 147 1459 926 501 776 438 97 1673 68 1576 1142 70 417
internal_value=-2.07703e-09 -0.781012 2.08381 -1.38309 1.71926 0.373429 2.22332 1.62824 -0.745609 4.6398 -2.08933 -0.0590181 0.0446428 1.1332
internal_weight=10344 7524 2820 4945 2468 2579 1897 661 2599 352 2346 1918 571 564
internal_count=10344 7524 2820 4945 2468 2579 1897 661 2599 352 2346 1918 571 564
is_linear=0
shrinkage=0.05


Tree=6
num_leaves=15
num_cat=0
split_feature=10 11 10 22 2 0 9 2 9 24 10 16 2 0
split_gain=6.12308e+06 2.28469e+06 1.11891e+06 679391 609717 483976 430130 375588 328478 326179 321170 262918 256668 229435
threshold=359.09740000000005 322.83205000000004 279.79485000000005 -3.5999999999999992 4.5000000000000009 12.500000000000002 308.59115000000003 1.0000000180025095e-35 346.10180000000008 9.4455357142857164 442.46265000000011 269.28757678571429 4.5000000000000009 19.500000000000004
decision_type=2 2 2 2 2 2 2 2 2 2 2 2 2 2
left_child=1 2 11 12 10 8 -4 9 -3 13 -5 -1 -2 -7
right_child=3 5 6 4 -6 7 -8 -9 -10 -11 -12 -13 -14 -15
leaf_value=-2.6683830129688832 5.5502436381465987 -0.59360110452664094 -0.94074141799644861 2.2054882215252563 0.25651545875527443 4.8488259110623186 0.28594511577041815 0.73388589889678957 1.7632156852859162 1.0803935974136765 4.3508639944337526 -1.5675836309878142 2.70783900632633 1.4134850094999587
leaf_weight=728 212 807 1851 1139 376 159 1164 983 181 213 206 2128 127 70
leaf_count=728 212 807 1851 1139 376 159 1164 983 181 213 206 2128 127 70
internal_value=-6.99078e-09 -0.60663 -1.13897 2.43948 2.03648 0.688581 -0.467155 1.2782 -0.161836 2.48876 2.53407 -1.84818 4.48539 3.79872
internal_weight=10344 8284 5871 2060 1721 2413 3015 1425 988 442 1345 2856 339 229
internal_count=10344 8284 5871 2060 1721 2413 3015 1425 988 442 1345 2856 339 229
is_linear=0
shrinkage=0.05


Tree=7
num_leaves=15
num_cat=0
split_feature=10 9 11 2 0 22 11 11 19 0 22 22 0 2
split_gain=5.55615e+06 1.42589e+06 1.18378e+06 772790 773471 566392 527707 463768 387366 314330 279281 257711 207567 200785
threshold=317.66055000000006 346.78115000000008 286.00745000000006 4.5000000000000009 12.500000000000002 3.0500000000000003 434.02505000000002 348.12010000000004 432.00000000000006 12.500000000000002 -7.4999999999999991 4.7000000000000011 18.500000000000004 2.5000000000000004
decision_type=2 2 2 2 2 2 2 2 2 2 2 2 2 2
left_child=2 3 8 4 -2 12 10 11 -1 -9 -3 -4 -6 -11
right_child=1 6 7 -5 5 -7 -8 9 -10 13 -12 -13 -14 -15
leaf_value=-2.0147224744248211 -0.30625874017429677 4.780564630031586 0.35367813284244265 -0.59039415349859903 4.5990509033203129 1.3625088954937723 6.0276125899746891 -0.42511339638617351 -0.82848598268723905 2.2745364859920634 2.2291644997798867 -0.89289413871002843 1.9984620118028478 -0.13634774208325764
leaf_weight=2120 564 120 542 736 216 1262 117 301 1019 338 1010 1764 119 116
leaf_count=2120 564 120 542 736 216 1262 117 301 1019 338 1010 1764 119 116
internal_value=3.35061e-09 1.41742 -0.947386 0.808919 1.2855 1.84765 2.83108 -0.247747 -1.62964 0.827838 2.50011 -0.599901 3.67526 1.65854
internal_weight=10344 4144 6200 2897 2161 1597 1247 3061 3139 755 1130 2306 335 454
internal_count=10344 4144 6200 2897 2161 1597 1247 3061 3139 755 1130 2306 335 454
is_linear=0
shrinkage=0.05


Tree=8
num_leaves=15
num_cat=0
split_feature=10 11 12 22 0 8 9 2 22 0 2 0 22 10
split_gain=5.0564e+06 1.88259e+06 718244 573655 534940 497375 470273 430659 374910 375815 356907 274671 234858 230606
threshold=359.09740000000005 298.77350000000007 304.5451812500001 0.8500000000000002 12.500000000000002 1.0000000180025095e-35 309.55755000000005 4.5000000000000009 4.7000000000000011 17.500000000000004 4.5000000000000009 12.500000000000002 21.400000000000002 261.52740000000006
decision_type=2 2 2 2 2 2 2 2 2 2 2 2 2 2
left_child=1 2 13 5 6 -2 -3 8 9 -6 -5 -7 -10 -1
right_child=3 4 -4 10 7 11 -8 -9 12 -11 -12 -13 -14 -15
leaf_value=-2.1340380997477881 2.2931331365172096 -1.1160207735228289 -0.34230309357998073 1.9085604080211507 4.6339492348829907 2.7419834679311461 0.50438647870844944 -0.91306764384110783 0.42635673181323486 1.3758312717283052 -0.32089295819305258 5.8221787503132454 2.1993928276595818 -1.2587014827455554
leaf_weight=1474 581 955 1481 938 135 111 843 300 1076 257 222 208 226 1537
leaf_count=1474 581 955 1481 938 135 111 843 300 1076 257 222 208 226 1537
internal_value=-1.98792e-09 -0.551265 -1.2438 2.21683 0.269112 3.16409 -0.356286 0.833036 1.14226 2.49789 1.48189 4.75039 0.734119 -1.68721
internal_weight=10344 8284 4492 2060 3792 900 1798 1994 1694 392 1160 319 1302 3011
internal_count=10344 8284 4492 2060 3792 900 1798 1994 1694 392 1160 319 1302 3011
is_linear=0
shrinkage=0.05


Tree=9
num_leaves=15
num_cat=0
split_feature=10 9 11 11 11 0 2 12 0 9 7 22 8 11
split_gain=4.57379e+06 1.21458e+06 972971 648977 457964 389589 383258 337262 290234 281001 243550 235948 255778 202495
threshold=317.66055000000006 346.78115000000008 286.00745000000006 348.12010000000004 378.59150000000005 11.500000000000002 1.5000000000000002 279.50754375000002 12.500000000000002 287.78790000000004 -0.6905596507703472 4.7000000000000011 1.0000000180025095e-35 479.47655000000003
decision_type=2 2 2 2 2 2 2 2 2 2 2 2 2 2
left_child=2 3 7 -2 10 9 -7 -1 -5 -4 -3 12 -10 -6
right_child=1 4 5 8 13 6 -8 -9 11 -11 -12 -13 -14 -15
leaf_value=-2.0282166251429383 0.10047136099254053 0.21526011833149916 -1.6671269723642386 -0.074358915812515011 3.6702631052212205 1.2231160108339996 -0.40264896583405563 -0.98982795575881188 1.5532316547430851 -0.27894750697296539 2.3804074355153406 1.3377529979154372 4.0891002012408064 7.2073035848901625
leaf_weight=1476 1709 157 559 208 291 689 765 1663 185 1048 752 580 215 47
leaf_count=1476 1709 157 559 208 291 689 765 1663 185 1048 752 580 215 47
internal_value=-1.89176e-09 1.28603 -0.859563 0.724418 2.59074 -0.225273 0.367744 -1.47809 1.622 -0.76183 2.00645 1.98204 2.91626 4.1621
internal_weight=10344 4144 6200 2897 1247 3061 1454 3139 1188 1607 909 980 400 338
internal_count=10344 4144 6200 2897 1247 3061 1454 3139 1188 1607 909 980 400 338
is_linear=0
shrinkage=0.05


Tree=10
num_leaves=15
num_cat=0
split_feature=10 10 9 22 2 11 11 0 2 11 10 9 2 4
split_gain=4.1721e+06 1.58378e+06 552841 522087 456615 428600 371774 275761 455965 264300 240803 225196 202850 167062
threshold=357.71860000000009 286.82310000000001 308.59115000000003 -3.5999999999999992 4.5000000000000009 342.86950000000007 434.02505000000002 11.500000000000002 4.5000000000000009 255.80810000000002 442.46265000000011 246.17640000000003 4.5000000000000009 -0.37940952255126065
decision_type=2 2 2 2 2 2 2 2 2 2 2 2 2 2
left_child=1 5 7 12 10 9 -4 11 -9 -1 -5 -3 13 -2
right_child=3 2 6 4 -6 -7 -8 8 -10 -11 -12 -13 -14 -15
leaf_value=-2.0218579294235779 6.1598759073477529 -4.6698451770842082 0.67333898810164594 1.7929293867298057 0.12864215061519796 0.4750293547327214 4.9612402891310365 0.57063084011667808 -1.3949424818676863 -1.1029478304797733 3.6472954867895946 -0.83963169827820772 2.2016459186070079 3.3585212733767449
leaf_weight=1180 104 40 1814 1166 388 329 52 1166 395 2323 206 945 127 109
leaf_count=1180 104 40 1814 1166 388 329 52 1166 395 2323 206 945 127 109
internal_value=5.99242e-09 -0.506808 0.139059 1.98958 1.64307 -1.25043 0.79283 -0.340099 0.0732564 -1.41249 2.07135 -0.995173 3.78328 4.72632
internal_weight=10344 8244 4412 2100 1760 3832 1866 2546 1561 3503 1372 985 340 213
internal_count=10344 8244 4412 2100 1760 3832 1866 2546 1561 3503 1372 985 340 213
is_linear=0
shrinkage=0.05


Tree=11
num_leaves=15
num_cat=0
split_feature=10 11 14 9 2 8 2 0 22 22 4 2 14 10
split_gain=3.76841e+06 1.18453e+06 648855 646506 453381 397815 355295 315314 295180 255694 251919 343978 228716 186729
threshold=340.75020000000006 322.83205000000004 257.98325000000006 344.78755000000007 4.5000000000000009 1.0000000180025095e-35 1.0000000180025095e-35 12.500000000000002 4.1500000000000012 3.6000000000000001 0.25881904510252091 4.5000000000000009 269.97185000000007 448.91490000000005
decision_type=2 2 2 2 2 2 2 2 2 2 2 2 2 2
left_child=1 2 9 4 7 -5 12 -2 -9 -1 11 -11 -3 -7
right_child=3 6 -4 5 -6 13 -8 8 -10 10 -12 -13 -14 -15
leaf_value=-0.14196978369369531 -0.12010765600523386 0.89647508015048549 -0.12692535896870843 1.8588663805888133 -0.52606966680753986 3.1201806805282835 0.044954143339549911 2.9518531616073518 1.1785103637095022 -0.34730764902563771 -1.8406399532976305 -1.8445649483759781 3.1492581248283389 5.6236861288547519
leaf_weight=416 271 399 1638 767 400 240 1443 360 674 901 1902 668 157 108
leaf_count=416 271 399 1638 767 400 240 1443 360 674 901 1902 668 157 108
internal_value=3.47289e-09 -0.584258 -0.961621 1.55885 0.946631 2.49502 0.458727 1.39803 1.79592 -1.31337 -1.45376 -0.984763 1.5326 3.89713
internal_weight=10344 7524 5525 2820 1705 1115 1999 1305 1034 3887 3471 1569 556 348
internal_count=10344 7524 5525 2820 1705 1115 1999 1305 1034 3887 3471 1569 556 348
is_linear=0
shrinkage=0.05


Tree=12
num_leaves=15
num_cat=0
split_feature=10 10 9 22 11 11 11 0 2 12 0 16 2 2
split_gain=3.42171e+06 1.33284e+06 484890 445466 373675 363805 319087 244123 390476 211393 191627 182102 178105 169680
threshold=359.09740000000005 286.82310000000001 308.59115000000003 -3.5999999999999992 358.12125000000009 273.959 438.21245000000005 11.500000000000002 4.5000000000000009 267.60955000000007 12.500000000000002 269.28757678571429 4.5000000000000009 4.5000000000000009
decision_type=2 2 2 2 2 2 2 2 2 2 2 2 2 2
left_child=1 5 7 12 -5 11 -4 9 -9 -3 -7 -1 -2 -12
right_child=3 2 6 4 -6 10 -8 8 -10 -11 13 -13 -14 -15
leaf_value=-2.3303246364616359 4.3673191305601371 -4.442878760942599 0.6373557789183274 0.77954935887923404 2.2535751930153474 -1.0224430245878564 4.7256538689136507 0.53078690097130921 -1.2821933444028708 -0.77590484489010625 0.49632528544474686 -1.2858787208711862 1.9995592349626887 -1.2770278354673774
leaf_weight=626 212 41 1837 883 838 1271 49 1179 397 949 498 1252 127 185
leaf_count=626 212 41 1837 883 838 1271 49 1179 397 949 498 1252 127 185
internal_value=2.7559e-09 -0.453483 0.134918 1.82362 1.49729 -1.13708 0.743573 -0.312441 0.0740907 -0.927769 -0.65947 -1.63403 3.48028 0.0159881
internal_weight=10344 8284 4452 2060 1721 3832 1886 2566 1576 990 1954 1878 339 683
internal_count=10344 8284 4452 2060 1721 3832 1886 2566 1576 990 1954 1878 339 683
is_linear=0
shrinkage=0.05


Tree=13
num_leaves=15
num_cat=0
split_feature=10 9 11 11 10 11 12 25 0 24 2 17 11 11
split_gain=3.09535e+06 987358 612293 534130 365971 353852 264098 259993 215595 203634 172733 165482 165399 165154
threshold=308.32895000000002 346.78115000000008 342.86950000000007 348.12010000000004 269.50805000000008 377.97000000000008 260.80630000000008 5.2500000000000027 11.500000000000002 24.09196428571429 4.5000000000000009 37.072854666084737 445.16465000000005 479.47655000000003
decision_type=2 2 2 2 2 2 2 2 2 2 2 2 2 2
left_child=2 3 4 6 -1 9 -2 12 -4 -3 -8 -12 -5 -7
right_child=1 5 8 7 -6 13 10 -9 -10 -11 11 -13 -14 -15
leaf_value=-1.4433936039444677 -3.29592369845358 2.0366534611590041 -0.57959578025435643 1.361576898199885 -0.57862848055421912 3.0351654333560196 0.43047515229221001 -0.28859601053964656 1.2499748114680229 0.37667271631908228 -3.5016729679974645 -0.33639784050680666 3.175339229846823 6.219272714219195
leaf_weight=2351 59 716 252 944 2551 305 1346 218 446 249 44 671 145 47
leaf_count=2351 59 716 252 944 2551 305 1346 218 446 249 44 671 145 47
internal_value=1.63902e-09 0.939728 -0.796084 0.49256 -0.99337 2.10332 0.00243561 1.28756 0.589442 1.60833 0.0968573 -0.531184 1.60308 3.46032
internal_weight=10344 4744 5600 3427 4902 1317 2120 1307 698 965 2061 715 1089 352
internal_count=10344 4744 5600 3427 4902 1317 2120 1307 698 965 2061 715 1089 352
is_linear=0
shrinkage=0.05


Tree=14
num_leaves=15
num_cat=0
split_feature=10 11 9 22 11 25 11 19 14 22 0 2 0 14
split_gain=2.83221e+06 1.09473e+06 608107 382370 326846 293303 297488 247764 234728 167641 158708 152664 175208 146431
threshold=359.09740000000005 322.83205000000004 280.06270000000006 -6.3999999999999995 358.12125000000009 6.6500000000000012 467.96960000000007 431.64330000000007 226.63060000000004 -1.95 12.500000000000002 3.5000000000000004 11.500000000000002 281.99270000000007
decision_type=2 2 2 2 2 2 2 2 2 2 2 2 2 2
left_child=1 2 8 -2 -5 6 9 -4 11 -3 -11 12 -1 -7
right_child=3 5 7 4 -6 13 -8 -9 -10 10 -12 -13 -14 -15
leaf_value=-2.0425789629825402 3.8741303103023705 2.1180512349400078 -0.8723061699254645 0.80249225987381034 2.1205438824047969 -0.63956870806135546 3.9779068337954011 0.02389128255127073 -0.93710575473109747 -0.13874294308885451 0.77536321568807887 -2.505694040748176 -0.28700260631877633 -3.9300639572468672
leaf_weight=355 178 157 1260 958 924 146 65 1988 1497 775 1226 534 237 44
leaf_count=355 178 157 1260 958 924 146 65 1988 1497 775 1226 534 237 44
internal_value=4.94843e-10 -0.412574 -0.781065 1.65911 1.44961 0.48399 0.64515 -0.323772 -1.34732 0.544765 0.421324 -1.8927 -1.33976 -1.40158
internal_weight=10344 8284 5871 2060 1882 2413 2223 3248 2623 2158 2001 1126 592 190
internal_count=10344 8284 5871 2060 1882 2413 2223 3248 2623 2158 2001 1126 592 190
is_linear=0
shrinkage=0.05


Tree=15
num_leaves=15
num_cat=0
split_feature=10 9 22 11 11 6 4 25 12 23 10 2 2 9
split_gain=2.5644e+06 839480 542778 522714 356787 355970 272324 249643 240736 223828 216333 189521 175646 145460
threshold=308.32895000000002 361.58320000000009 3.6000000000000001 348.12010000000004 415.87400000000008 0.51297097409535064 0.25881904510252091 5.2500000000000027 260.80630000000008 27.602083333333333 384.97810000000004 2.5000000000000004 1.0000000180025095e-35 362.4504500000001
decision_type=2 2 2 2 2 2 2 2 2 2 2 2 2 2
left_child=2 3 -1 8 9 6 11 10 -2 -3 12 -4 -5 -8
right_child=1 4 5 7 -6 -7 13 -9 -10 -11 -12 -13 -14 -15
leaf_value=0.41466491243291426 -3.0797380820327138 2.1960989953734091 0.74979115531249751 2.9620399942887681 5.0783675038077014 -1.4502765180027293 -1.0954356183132379 -0.29857968626078751 0.15479833644426033 -0.46815794626815938 2.5252611565830496 -0.56449982839977009 0.84659650178739076 0.90056760748944331
leaf_weight=881 59 690 506 112 99 1970 1547 218 2301 89 384 599 792 97
leaf_count=881 59 690 506 112 99 1970 1547 218 2301 89 384 599 792 97
internal_value=9.90394e-10 0.855344 -0.724598 0.538373 2.25103 -0.93729 -0.569671 1.26618 0.0739349 1.89171 1.53102 0.0373384 1.10869 -0.977667
internal_weight=10344 4744 5600 3866 878 4719 2749 1506 2360 779 1288 1105 904 1644
internal_count=10344 4744 5600 3866 878 4719 2749 1506 2360 779 1288 1105 904 1644
is_linear=0
shrinkage=0.05


Tree=16
num_leaves=15
num_cat=0
split_feature=10 22 9 4 2 2 11 12 11 10 26 23 0 6
split_gain=2.33582e+06 789972 493080 453589 445741 363934 307445 285138 273462 260916 215723 200236 166926 159288
threshold=335.79120000000006 4.7000000000000011 361.58320000000009 0.25881904510252091 4.5000000000000009 4.5000000000000009 445.16465000000005 288.15064583333339 438.21245000000005 413.97310000000004 3.9875000000000003 27.602083333333333 12.500000000000002 0.62587949062545845
decision_type=2 2 2 2 2 2 2 2 2 2 2 2 2 2
left_child=1 6 5 4 10 9 -1 -5 11 12 -3 -4 -2 -6
right_child=2 3 8 7 13 -7 -8 -9 -10 -11 -12 -13 -14 -15
leaf_value=0.33580795412989572 -0.023387398487329486 -0.19857960997470109 2.227069167567985 -1.7991905349536319 -0.73440000030357211 -0.29848709133198492 4.0716531266245921 -0.78420854518224559 5.2617188958154211 2.5469924798380612 1.0262875514705878 -0.75032231077071165 1.2031170215192084 -2.1309990363080562
leaf_weight=1628 375 1414 633 1209 552 573 57 1618 69 282 482 62 1066 324
leaf_count=1628 375 1414 633 1209 552 573 57 1618 69 282 482 62 1066 324
internal_value=-1.14537e-09 -0.486991 1.15923 -0.772642 -0.318165 0.793106 0.462184 -1.21828 2.25952 1.15613 0.112805 1.96146 0.883936 -1.25095
internal_weight=10344 7284 3060 5599 2772 2296 1685 2827 764 1723 1896 695 1441 876
internal_count=10344 7284 3060 5599 2772 2296 1685 2827 764 1723 1896 695 1441 876
is_linear=0
shrinkage=0.05


Tree=17
num_leaves=15
num_cat=0
split_feature=11 14 10 9 11 25 9 22 4 2 22 4 2 27
split_gain=2.14655e+06 809788 658485 360325 288525 252927 247377 190344 177715 244884 143277 148238 149893 145107
threshold=323.96775000000008 257.98325000000006 384.97810000000004 364.18065000000007 492.81720000000001 6.6500000000000012 219.12100000000004 -6.3999999999999995 0.25881904510252091 4.5000000000000009 -4.1499999999999995 -0.37940952255126065 4.5000000000000009 10.185416666666669
decision_type=2 2 2 2 2 2 2 2 2 2 2 2 2 2
left_child=1 6 4 -3 5 10 -1 -4 9 -8 -2 12 13 -12
right_child=2 3 7 -5 -6 -7 8 -9 -10 -11 11 -13 -14 -15
leaf_value=-2.9924201214150208 2.3512974632130463 -0.076244746456082119 4.4793849010256279 1.631166926926964 4.1361421929938453 -1.1163717762076042 -0.075458548364260553 1.9084722748974781 -1.2151313727334634 -1.2270067666462203 0.7355647274086754 0.15378976903649913 -0.8517295280180941 1.929137718007176
leaf_weight=146 118 2045 79 364 56 220 1125 812 2094 783 876 1158 109 359
leaf_count=146 118 2045 79 364 56 220 1125 812 2094 783 876 1158 109 359
internal_value=5.20346e-11 -0.547383 0.947766 0.181745 0.582058 0.511978 -0.970833 2.13642 -0.897082 -0.548028 0.648709 0.568411 0.925652 1.08252
internal_weight=10344 6557 3787 2409 2896 2840 4148 891 4002 1908 2620 2502 1344 1235
internal_count=10344 6557 3787 2409 2896 2840 4148 891 4002 1908 2620 2502 1344 1235
is_linear=0
shrinkage=0.05


Tree=18
num_leaves=15
num_cat=0
split_feature=11 9 10 9 14 2 10 14 9 14 25 9 14 5
split_gain=1.93726e+06 746674 597237 298413 274966 241287 231276 194364 167346 164809 158138 136902 130764 117695
threshold=323.96775000000008 310.56370000000004 363.64205000000004 364.18065000000007 227.24735000000001 1.0000000180025095e-35 476.20150000000007 269.97185000000007 282.05545000000006 276.00345000000004 1.6500000000000006 212.83295000000001 233.97250000000005 0.25881904510252057
decision_type=2 2 2 2 2 2 2 2 2 2 2 2 2 2
left_child=1 4 5 -3 11 7 10 -2 9 -7 -4 -1 -12 -9
right_child=2 3 6 -5 -6 8 -8 13 -10 -11 12 -13 -14 -15
leaf_value=-3.0860443618080833 0.71889233131103136 -0.019643423635729532 1.998659391861169 1.5075204147193582 -0.5761465437635912 -0.29409025936033723 3.7687294103090583 3.6414477157541834 0.47751052236879166 -3.4174703031778337 -1.8535091549158098 -1.2614945259021013 1.0788650197355529 0.98784554875814001
leaf_weight=110 395 1597 729 400 2877 516 130 117 1346 46 42 1573 401 65
leaf_count=110 395 1597 729 400 2877 516 130 117 1346 46 42 1573 401 65
internal_value=2.02222e-09 -0.520014 0.900378 0.286248 -0.873107 0.445874 1.76785 1.34181 0.174934 -0.549741 1.5459 -1.38075 0.800852 2.69373
internal_weight=10344 6557 3787 1997 4560 2485 1302 577 1908 562 1172 1683 443 182
internal_count=10344 6557 3787 1997 4560 2485 1302 577 1908 562 1172 1683 443 182
is_linear=0
shrinkage=0.05


Tree=19
num_leaves=15
num_cat=0
split_feature=10 22 8 22 0 6 9 11 9 4 0 2 17 9
split_gain=1.7896e+06 615896 546586 407595 360970 276165 256783 206432 202155 187306 174458 251631 170054 161106
threshold=308.32895000000002 3.6000000000000001 1.0000000180025095e-35 3.6000000000000001 12.500000000000002 0.19337368024598436 307.67320000000001 351.81105000000008 329.63600000000002 0.12940952255126045 12.500000000000002 4.5000000000000009 68.603369478333818 366.54130000000004
decision_type=2 2 2 2 2 2 2 2 2 2 2 2 2 2
left_child=3 2 8 -1 -4 -5 10 -8 -2 -7 12 -12 -3 -6
right_child=1 6 4 5 13 9 7 -9 -10 -11 11 -13 -14 -15
leaf_value=0.38193420317197363 0.216364595860289 -0.72781664513604483 1.2210995695218143 -0.3943527555755339 3.1060104169644589 -0.65214632105594017 0.28618850051204531 1.522258013503762 1.4686896147081863 -1.5382926843969358 0.40366645380564914 -1.7318864700543444 -3.7262454578074919 5.6158971811743346
leaf_weight=881 646 256 247 2282 258 1041 1012 507 643 1396 868 164 58 85
leaf_count=881 646 256 247 2282 258 1041 1012 507 643 1396 868 164 58 85
internal_value=8.15619e-10 0.714538 1.41802 -0.605316 2.6785 -0.789628 0.253165 0.698754 0.84107 -1.15976 -0.249696 0.0642956 -1.28167 3.72799
internal_weight=10344 4744 1879 5600 590 4719 2865 1519 1289 2437 1346 1032 314 343
internal_count=10344 4744 1879 5600 590 4719 2865 1519 1289 2437 1346 1032 314 343
is_linear=0
shrinkage=0.05


Tree=20
num_leaves=15
num_cat=0
split_feature=10 22 22 2 0 6 8 0 9 17 0 22 0 22
split_gain=1.61512e+06 560875 369327 343804 348634 246067 235651 206257 196336 248265 193699 191009 216952 189227
threshold=308.32895000000002 -0.84999999999999998 4.7000000000000011 4.5000000000000009 12.500000000000002 0.51297097409535064 1.0000000180025095e-35 12.500000000000002 288.81795000000005 63.106855447188671 12.500000000000002 4.7000000000000011 18.500000000000004 21.400000000000002
decision_type=2 2 2 2 2 2 2 2 2 2 2 2 2 2
left_child=2 6 -1 4 8 10 -2 -8 9 -3 -4 12 -6 -13
right_child=1 3 5 -5 11 -7 7 -9 -10 -11 -12 13 -14 -15
leaf_value=0.24762659125686298 1.2770951467220955 -0.61540753643986956 -0.72496687747469102 -0.45689619183032354 2.6534207015725286 -1.2132473233491858 1.5629573076099159 4.3572901468191834 0.2173310734068099 -5.0503241905170242 0.24081354614901829 0.37181460315599141 0.60031353680005939 1.5975775347729348
leaf_weight=1097 668 137 1917 880 325 1874 125 140 721 41 712 1043 213 451
leaf_count=1097 668 137 1917 880 325 1874 125 140 721 41 712 1043 213 451
internal_value=1.04831e-09 0.678811 -0.57505 0.409811 0.670031 -0.775467 1.77759 3.03921 -0.149809 -1.63693 -0.463409 1.03275 1.84057 0.741841
internal_weight=10344 4744 5600 3811 2931 4503 933 265 899 178 2629 2032 538 1494
internal_count=10344 4744 5600 3811 2931 4503 933 265 899 178 2629 2032 538 1494
is_linear=0
shrinkage=0.05


Tree=21
num_leaves=15
num_cat=0
split_feature=11 14 9 0 9 22 8 9 22 29 8 13 4 2
split_gain=1.49249e+06 598712 451760 316127 256719 206282 319885 185685 183144 146943 141750 158489 141669 214237
threshold=323.96775000000008 257.98325000000006 329.63600000000002 12.500000000000002 364.18065000000007 7.5000000000000009 1.0000000180025095e-35 219.12100000000004 -6.3999999999999995 0.051190476190476182 1.0000000180025095e-35 77.468135043253696 0.25881904510252091 4.5000000000000009
decision_type=2 2 2 2 2 2 2 2 2 2 2 2 2 2
left_child=1 7 3 -2 -3 6 -5 -1 -4 -7 11 -10 13 -9
right_child=2 4 8 5 -6 9 -8 12 10 -11 -12 -13 -14 -15
leaf_value=-2.571998958458027 -0.41888087417663933 -0.047253579420463383 3.3920020208584045 0.42687540231395665 1.3939312251816904 1.7517115491982942 2.3522972319528934 -0.0029781044430927271 1.1407321535173256 0.012704748427091442 2.133583374399739 -1.9976553058208422 -1.0406084094388248 -1.0800611563131575
leaf_weight=146 783 2045 127 454 364 143 411 1125 624 807 395 43 2094 783
leaf_count=146 783 2045 127 454 364 143 411 1125 624 807 395 43 2094 783
internal_value=1.45593e-09 -0.456432 0.79029 0.420847 0.17051 0.783109 1.34173 -0.820536 1.59753 0.274471 1.38294 0.938407 -0.75664 -0.444989
internal_weight=10344 6557 3787 2598 2409 1815 865 4148 1189 950 1062 667 4002 1908
internal_count=10344 6557 3787 2598 2409 1815 865 4148 1189 950 1062 667 4002 1908
is_linear=0
shrinkage=0.05


Tree=22
num_leaves=15
num_cat=0
split_feature=22 0 2 8 0 9 6 9 9 0 19 9 29 29
split_gain=1.38985e+06 739817 604556 556694 489916 347645 262953 250117 171192 160925 129363 122050 106573 173027
threshold=3.6000000000000001 12.500000000000002 4.5000000000000009 1.0000000180025095e-35 12.500000000000002 310.56370000000004 0.60555468348150676 329.63600000000002 212.83295000000001 21.500000000000004 427.00840000000005 366.54130000000004 0.051190476190476182 0.064285714285714279
decision_type=2 2 2 2 2 2 2 2 2 2 2 2 2 2
left_child=3 5 6 7 -5 8 9 -1 -2 12 -4 -6 -3 -14
right_child=1 2 10 4 11 -7 -8 -9 -10 -11 -12 -13 13 -15
leaf_value=0.1003791558146535 -3.6422661055051364 1.9860524569510245 -1.406587771162793 0.83902293005576123 2.878264460114182 -0.10235079155970923 -0.17626151426513861 1.2766360038938802 -1.04674590619137 -0.084789526021750883 -0.23766402673228082 5.0207200880611644 -2.1041169303655627 1.0602389597358814
leaf_weight=1282 65 306 528 390 305 1235 770 698 2808 318 429 85 45 1080
leaf_count=1282 65 306 528 390 305 1235 770 698 2808 318 429 85 45 1080
internal_value=1.02173e-09 -0.349635 0.187222 0.960735 2.09212 -0.803898 0.593656 0.515039 -1.10547 0.932614 -0.882587 3.34521 1.1587 0.933665
internal_weight=10344 7584 3476 2760 780 4108 2519 1980 2873 1749 957 390 1431 1125
internal_count=10344 7584 3476 2760 780 4108 2519 1980 2873 1749 957 390 1431 1125
is_linear=0
shrinkage=0.05


Tree=23
num_leaves=15
num_cat=0
split_feature=22 0 2 8 0 9 6 9 9 0 19 9 6 22
split_gain=1.25434e+06 667685 545612 502416 442149 313749 237315 227367 154501 148209 116751 110150 101467 92464.1
threshold=3.6000000000000001 12.500000000000002 4.5000000000000009 1.0000000180025095e-35 12.500000000000002 310.56370000000004 0.60555468348150676 346.99615000000006 212.83295000000001 20.500000000000004 427.00840000000005 366.54130000000004 0.21022171450811275 21.950000000000003
decision_type=2 2 2 2 2 2 2 2 2 2 2 2 2 2
left_child=3 5 6 7 -5 8 9 -1 -2 13 -4 -6 -10 -3
right_child=1 2 10 4 11 -7 -8 -9 12 -11 -12 -13 -14 -15
leaf_value=0.13599245241743621 -3.4601528261258054 0.92068423280265466 -1.3362583840773865 0.79707177541003782 2.7343512304542497 -0.09723324957688298 -0.16744844091590494 1.3018658762397246 -0.651995684868929 0.13436693418731979 -0.22578082967132748 4.7696840817788067 -1.2582349656418104 1.9031259092839901
leaf_weight=1380 65 952 528 390 305 1235 770 600 1222 477 429 85 1586 320
leaf_count=1380 65 952 528 390 305 1235 770 600 1222 477 429 85 1586 320
internal_value=1.32003e-10 -0.332153 0.177861 0.912698 1.98751 -0.763703 0.563974 0.489287 -1.05019 0.885983 -0.838458 3.17795 -0.994409 1.16784
internal_weight=10344 7584 3476 2760 780 4108 2519 1980 2873 1749 957 390 2808 1272
internal_count=10344 7584 3476 2760 780 4108 2519 1980 2873 1749 957 390 2808 1272
is_linear=0
shrinkage=0.05


Tree=24
num_leaves=15
num_cat=0
split_feature=22 4 2 8 0 22 12 9 5 9 9 9 22 9
split_gain=1.13739e+06 533507 425141 424981 520373 243017 241462 219750 125816 117523 117460 111918 103360 80119.9
threshold=4.7000000000000011 1.0000000180025095e-35 4.5000000000000009 1.0000000180025095e-35 12.500000000000002 21.400000000000002 366.56660000000005 269.75540000000007 0.60355339059327384 366.54130000000004 288.69085000000007 362.4504500000001 20.300000000000004 392.40175000000005
decision_type=2 2 2 2 2 2 2 2 2 2 2 2 2 2
left_child=3 2 5 6 -5 8 -1 12 -2 -6 -4 -9 -3 -7
right_child=1 7 10 4 9 13 -8 11 -10 -11 -12 -13 -14 -15
leaf_value=0.060931321949087042 0.43422234453036995 -1.2664059315914507 -1.3335531663807434 0.49566882911078791 2.4770134217495272 1.4713382029635966 1.1615766041380136 -0.6203225902333166 -0.41644665558759608 4.5311998891830445 -0.24751289321736214 0.63743234800640503 -3.6381740396221485 -0.65839749158670502
leaf_weight=1570 1304 1068 504 470 385 552 730 2244 652 85 492 192 48 48
leaf_count=1570 1304 1068 504 470 385 552 730 2244 652 85 492 192 48 48
internal_value=1.9871e-09 -0.354079 0.0792205 0.776352 1.67209 0.420688 0.410267 -0.787379 0.150666 2.84852 -0.797075 -0.521189 -1.36842 1.30096
internal_weight=10344 7104 3552 3240 940 2556 2300 3552 1956 470 996 2436 1116 600
internal_count=10344 7104 3552 3240 940 2556 2300 3552 1956 470 996 2436 1116 600
is_linear=0
shrinkage=0.05


Tree=25
num_leaves=15
num_cat=0
split_feature=22 4 2 8 0 9 9 6 9 23 17 29 29 23
split_gain=1.03052e+06 547938 434061 413734 357336 292591 190345 185216 117430 118547 104011 102087 200358 93712.2
threshold=3.6000000000000001 -0.37940952255126065 4.5000000000000009 1.0000000180025095e-35 12.500000000000002 307.67320000000001 329.63600000000002 0.60555468348150676 224.40420000000003 1.7895833333333335 49.290122495164354 0.051190476190476182 0.064285714285714279 -4.6374999999999984
decision_type=2 2 2 2 2 2 2 2 2 2 2 2 2 2
left_child=3 2 7 6 -5 8 -1 11 10 -10 -3 -2 -13 -6
right_child=1 5 -4 4 13 -7 -8 -9 9 -11 -12 12 -14 -15
leaf_value=0.081307175572650658 1.7525905587753052 -1.3670731039179698 -0.75455832658763766 0.73243474733609804 5.165477042198181 -0.06939596528163515 1.1074354024105613 -0.086025265378374904 -3.3887129691905447 -0.80322496941102828 -4.3111491521199552 -2.5463226327962349 0.85879298364373868 2.6107974855303766
leaf_weight=1282 306 90 783 390 40 1560 698 630 45 3000 45 45 1080 350
leaf_count=1282 306 90 783 390 40 1560 698 630 45 3000 45 45 1080 350
internal_value=2.03546e-10 -0.301065 0.247605 0.827273 1.80263 -0.630266 0.443043 0.62834 -0.90541 -0.841434 -2.34843 0.94284 0.722588 2.87282
internal_weight=10344 7584 2844 2760 780 4740 1980 2061 3180 3045 135 1431 1125 390
internal_count=10344 7584 2844 2760 780 4740 1980 2061 3180 3045 135 1431 1125 390
is_linear=0
shrinkage=0.05


Tree=26
num_leaves=15
num_cat=0
split_feature=22 4 9 2 22 0 2 12 8 0 19 5 0 13
split_gain=936732 445726 348917 347971 228044 197991 251524 159615 154671 155881 119643 117243 114389 97946.1
threshold=4.7000000000000011 0.25881904510252091 329.63600000000002 4.5000000000000009 21.400000000000002 10.500000000000002 4.5000000000000009 288.15064583333339 1.0000000180025095e-35 12.500000000000002 427.00840000000005 0.78656609248549303 19.500000000000004 24.78630621111316
decision_type=2 2 2 2 2 2 2 2 2 2 2 2 2 2
left_child=2 3 5 4 11 -1 12 -3 -4 -10 -5 -2 13 -7
right_child=1 7 8 10 -6 6 -8 -9 9 -11 -12 -13 -14 -15
leaf_value=-0.18275009941648354 0.28390064447432573 -1.2315060606722006 1.0327550702360837 -1.1756060604925807 1.0888706431117441 2.8663933382652425 -0.25877139946015987 -0.48464212765363712 1.2504966624694713 3.3916955841639465 -0.15488081091051226 -0.50942987983311061 0.38813162136822943 1.3112659876137098
leaf_weight=990 1630 1210 740 644 700 135 390 1750 170 170 518 652 240 405
leaf_count=990 1630 1210 740 644 700 135 390 1750 170 170 518 652 240 405
internal_value=3.5503e-10 -0.321332 0.704551 0.013393 0.299403 0.337655 0.777997 -0.789948 1.43834 2.3211 -0.720584 0.0572348 1.29638 1.70005
internal_weight=10344 7104 3240 4144 2982 2160 1170 2960 1080 340 1162 2282 780 540
internal_count=10344 7104 3240 4144 2982 2160 1170 2960 1080 340 1162 2282 780 540
is_linear=0
shrinkage=0.05


Tree=27
num_leaves=15
num_cat=0
split_feature=9 0 2 22 22 4 2 7 5 29 8 9 2 9
split_gain=861425 377548 439290 349612 214952 214926 178973 142784 135826 126171 113788 125081 107357 104940
threshold=304.82115000000005 11.500000000000002 4.5000000000000009 -1.3999999999999997 3.6000000000000001 0.25881904510252091 4.5000000000000009 -0.19337245081799007 0.60355339059327384 0.051190476190476182 1.0000000180025095e-35 377.60620000000006 1.0000000180025095e-35 212.83295000000001
decision_type=2 2 2 2 2 2 2 2 2 2 2 2 2 2
left_child=1 7 4 10 -3 6 8 13 12 -6 -2 -12 -5 -1
right_child=3 2 -4 5 9 -7 -8 -9 -10 -11 11 -13 -14 -15
leaf_value=-3.3063040487964948 1.1024521448930737 1.4983992575807497 -0.97274916730416217 2.6461718265026337 2.0488476905439579 -0.13997702997510894 -0.088049420566790035 -0.54512510273735904 0.29554186021779766 0.063189221877666055 1.7029190453141929 4.3798742206891381 1.0817741839386892 -1.150093036366505
leaf_weight=60 596 360 828 126 84 1510 602 1944 540 1680 160 60 846 948
leaf_count=60 596 360 828 126 84 1510 602 1944 540 1680 160 60 846 948
internal_value=6.29358e-10 -0.395688 0.00414923 0.526158 0.384974 0.315624 0.641053 -0.795525 0.931343 0.157744 1.46118 2.433 1.28457 -1.27844
internal_weight=10344 5904 2952 4440 2124 3624 2114 2952 1512 1764 816 220 972 1008
internal_count=10344 5904 2952 4440 2124 3624 2114 2952 1512 1764 816 220 972 1008
is_linear=0
shrinkage=0.05


Tree=28
num_leaves=15
num_cat=0
split_feature=22 4 8 0 2 26 12 9 5 6 9 22 13 7
split_gain=782637 373522 290015 380168 286812 177096 169447 165150 101100 96944.1 91725.9 88496.3 87189 82934.1
threshold=4.7000000000000011 1.0000000180025095e-35 1.0000000180025095e-35 12.500000000000002 4.5000000000000009 4.085416666666668 366.56660000000005 269.75540000000007 0.60355339059327384 0.62587949062545845 362.4504500000001 20.300000000000004 24.78630621111316 0.60383265664488517
decision_type=2 2 2 2 2 2 2 2 2 2 2 2 2 2
left_child=2 4 6 -4 5 8 -1 11 13 -6 -9 -3 -5 -2
right_child=1 7 3 12 9 -7 -8 10 -10 -11 -12 -13 -14 -15
leaf_value=0.048940150333793869 0.075177493971062923 -1.0655895127257557 0.37843093147858031 3.6994286925792697 -0.33629486267928477 0.91971621116469116 0.97095793955080689 -0.51525570080238325 -0.50486849421139457 -1.4243413167229544 0.62340055888053036 -3.2602051353702941 2.0354451883382896 1.0797122797654832
leaf_weight=1570 840 1068 470 100 708 888 730 2244 556 288 192 48 370 272
leaf_count=1570 840 1068 470 100 708 888 730 2244 556 288 192 48 370 272
internal_value=1.25882e-09 -0.293716 0.643999 1.38396 0.0688415 0.349308 0.341581 -0.656273 0.0456379 -0.650911 -0.425509 -1.15998 2.38948 0.320891
internal_weight=10344 7104 3240 940 3552 2556 2300 3552 1668 996 2436 1116 470 1112
internal_count=10344 7104 3240 940 3552 2556 2300 3552 1668 996 2436 1116 470 1112
is_linear=0
shrinkage=0.05


Tree=29
num_leaves=15
num_cat=0
split_feature=9 0 2 22 27 22 6 9 0 11 6 19 23 13
split_gain=723967 474534 496236 238623 187704 161591 133944 127978 117082 94126.4 88650.9 84683.9 81864.4 82672
threshold=344.78755000000007 11.500000000000002 4.5000000000000009 3.6000000000000001 10.185416666666669 -7.4999999999999991 0.60555468348150676 212.83295000000001 19.500000000000004 375.2349000000001 0.19337368024598436 427.00840000000005 27.456250000000001 18.12082838643871
decision_type=2 2 2 2 2 2 2 2 2 2 2 2 2 2
left_child=1 4 3 8 7 -2 12 -1 -3 -7 -9 -4 13 -5
right_child=5 2 11 6 -6 9 -8 10 -10 -11 -12 -13 -14 -15
leaf_value=-3.0688168527682627 2.5585609748959541 1.8747664958449466 -1.0882729706354439 1.5524882393866957 -0.085404389433646838 0.59199246984099463 -0.20348343304203201 -0.47557838889354659 0.4356622013896001 1.5339846321651793 -1.0353318637457085 -0.27183137555464598 2.3891459831719599 0.37662383915044667
leaf_weight=60 144 424 576 168 1440 1169 840 1524 212 343 1320 708 60 1356
leaf_count=60 144 424 576 168 1440 1169 840 1524 212 343 1320 708 60 1356
internal_value=1.06219e-09 -0.182623 0.186902 0.533073 -0.552148 0.958109 0.306907 -0.783591 1.39507 0.805685 -0.73538 -0.638086 0.577569 0.506247
internal_weight=10344 8688 4344 3060 4344 1656 2424 2904 636 1512 2844 1284 1584 1524
internal_count=10344 8688 4344 3060 4344 1656 2424 2904 636 1512 2844 1284 1584 1524
is_linear=0
shrinkage=0.05


Tree=30
num_leaves=15
num_cat=0
split_feature=9 0 2 22 4 2 22 7 29 9 2 13 9 4
split_gain=670256 281301 333495 270638 169332 167443 163471 112570 102620 100308 139772 97864.4 80466.5 78229.4
threshold=304.82115000000005 11.500000000000002 4.5000000000000009 -1.3999999999999997 -0.37940952255126065 4.5000000000000009 3.6000000000000001 -0.19337245081799007 0.051190476190476182 377.60620000000006 4.5000000000000009 59.727989046986245 404.69590000000005 -0.37940952255126065
decision_type=2 2 2 2 2 2 2 2 2 2 2 2 2 2
left_child=1 7 6 9 5 12 -3 11 -8 -2 13 -1 -5 -11
right_child=3 2 -4 4 -6 -7 8 -9 -10 10 -12 -13 -14 -15
leaf_value=-1.0127839967379504 0.92894155172139614 1.2988951324454199 -0.85507622907739056 1.1705501534960996 0.014141308410504625 -0.15945633862273484 1.8352538197168284 -0.4718277635936694 0.04447736406859587 4.6353266481999995 0.66777661073332029 -3.3262142327924575 -0.9944834071066645 2.2280938732624054
leaf_weight=960 576 360 828 927 2265 387 84 1944 1680 54 96 48 45 90
leaf_count=960 576 360 828 927 2265 387 84 1944 1680 54 96 48 45 90
internal_value=5.33583e-10 -0.349031 -0.00390162 0.464117 0.278882 0.720117 0.327912 -0.694161 0.129752 1.28678 2.14559 -1.12295 1.07032 3.13081
internal_weight=10344 5904 2952 4440 3624 1359 2124 2952 1764 816 240 1008 972 144
internal_count=10344 5904 2952 4440 3624 1359 2124 2952 1764 816 240 1008 972 144
is_linear=0
shrinkage=0.05


Tree=31
num_leaves=15
num_cat=0
split_feature=7 11 9 9 25 11 14 10 6 22 7 22 22 17
split_gain=627443 305602 229536 177266 143663 155780 127272 169344 125856 99060.2 98537.5 90143.5 81216 72368.6
threshold=0.689015599449598 341.66090000000003 369.78525000000008 275.88510000000002 6.6500000000000012 401.93200000000007 121.39710000000001 283.37195000000003 -0.17647087149565668 20.300000000000004 0.95436825032516992 21.950000000000003 1.4000000000000001 40.749949530584253
decision_type=2 2 2 2 2 2 2 2 2 2 2 2 2 2
left_child=1 3 4 6 5 13 7 -1 -7 12 -6 -5 -3 -2
right_child=2 9 -4 11 10 8 -8 -9 -10 -11 -12 -13 -14 -15
leaf_value=-0.75479722586545084 1.9284563315951306 1.1098468803205799 1.5857754770000856 -0.36720499462792028 -0.24996666142755811 3.1838798546496734 -0.6864967180901651 -5.0304824256896978 0.9546621358654751 0.92764008382805319 -2.9304571906725569 0.19619911047534516 -0.14811659350672476 0.28342661661468965
leaf_weight=55 69 155 480 2315 120 81 2235 40 290 535 48 1024 745 2152
leaf_count=55 69 155 480 2315 120 81 2235 40 290 535 48 1024 745 2152
internal_value=4.07535e-10 -0.262987 0.576623 -0.427981 0.401118 0.492957 -0.762684 -2.55509 1.44136 0.388827 -1.01582 -0.194421 0.0685327 0.334533
internal_weight=10344 7104 3240 5669 2760 2592 2330 95 371 1435 168 3339 900 2221
internal_count=10344 7104 3240 5669 2760 2592 2330 95 371 1435 168 3339 900 2221
is_linear=0
shrinkage=0.05


Tree=32
num_leaves=15
num_cat=0
split_feature=7 4 2 9 5 25 11 6 22 22 12 7 23 9
split_gain=566267 289262 245324 207156 164318 129656 140591 113585 107521 140187 104846 88930.1 84889.8 69199.1
threshold=0.689015599449598 0.25881904510252091 4.5000000000000009 369.78525000000008 0.60355339059327384 6.6500000000000012 401.93200000000007 -0.17647087149565668 3.0500000000000003 21.400000000000002 312.37897916666674 0.95436825032516992 23.270833333333339 224.40420000000003
decision_type=2 2 2 2 2 2 2 2 2 2 2 2 2 2
left_child=1 2 4 5 8 6 -2 -8 -1 -10 13 -7 -4 -3
right_child=3 10 12 -5 -6 11 7 -9 9 -11 -12 -13 -14 -15
leaf_value=1.8153052061211827 0.3178062536432511 -2.1699318879014919 -0.82750140203009193 1.5064867038318577 -0.2355021640002018 -0.23746833123266697 3.0246858529102658 0.90692902805476361 0.16708179458262284 1.1923272719333571 -0.150641437324426 -2.7839343572656317 0.1347347165409524 -0.75324606086726664
leaf_weight=153 2221 90 896 480 1050 120 81 290 1287 450 830 48 308 2040
leaf_count=153 2221 90 896 480 1050 120 81 290 1287 450 830 48 308 2040
internal_value=6.04804e-10 -0.249837 0.0198125 0.547792 0.266002 0.381062 0.468309 1.3693 0.544615 0.432689 -0.627347 -0.96503 -0.581348 -0.813106
internal_weight=10344 7104 4144 3240 2940 2760 2592 371 1890 1737 2960 168 1204 2130
internal_count=10344 7104 4144 3240 2940 2760 2592 371 1890 1737 2960 168 1204 2130
is_linear=0
shrinkage=0.05


Tree=33
num_leaves=15
num_cat=0
split_feature=22 4 2 8 0 9 23 9 9 23 0 13 13 22
split_gain=516511 331249 257027 229935 180855 166018 121166 99042.1 90248.9 78745.3 78349.3 74362.3 62812.5 65238.5
threshold=1.4000000000000001 -0.37940952255126065 4.5000000000000009 1.0000000180025095e-35 12.500000000000002 282.05545000000006 24.122916666666665 274.91860000000003 322.49670000000009 3.5000000000000004 20.500000000000004 52.429477654036894 24.091712159168953 7.5000000000000009
decision_type=2 2 2 2 2 2 2 2 2 2 2 2 2 2
left_child=3 2 7 8 -5 6 9 -2 -1 -3 12 -7 13 -9
right_child=1 5 -4 4 -6 11 -8 10 -10 -11 -12 -13 -14 -15
leaf_value=0.034441112584786542 0.00541823741418925 -2.7691030367215479 -0.51696151952935765 0.67656865853071224 2.4899284903461285 -0.31436463732384551 -3.3214911520149979 2.9776121970585416 0.80920099374121568 -0.65506421501482492 0.067481553383086895 0.28176912841476781 0.77145809501223972 0.97906403400155961
leaf_weight=820 684 45 837 275 275 2325 45 70 694 2085 352 675 1064 98
leaf_count=820 684 45 837 275 275 2325 45 70 694 2085 352 675 1064 98
internal_value=2.48974e-10 -0.176403 0.231876 0.707662 1.58325 -0.42137 -0.75397 0.508233 0.389582 -0.699727 0.725357 -0.180235 0.913322 1.81179
internal_weight=10344 8280 3105 2064 550 5175 2175 2268 1514 2130 1584 3000 1232 168
internal_count=10344 8280 3105 2064 550 5175 2175 2268 1514 2130 1584 3000 1232 168
is_linear=0
shrinkage=0.05


Tree=34
num_leaves=15
num_cat=0
split_feature=9 0 2 22 12 22 13 0 9 13 0 17 9 11
split_gain=477418 322899 340728 168568 129037 110627 91518.3 87990 80484.8 75277.5 74051.9 71353.6 71115.9 65829.1
threshold=344.78755000000007 11.500000000000002 4.5000000000000009 1.4000000000000001 288.15064583333339 -7.4999999999999991 77.468135043253696 21.500000000000004 212.83295000000001 57.935637385979128 19.500000000000004 69.44395178227667 272.75825000000003 413.95685000000009
decision_type=2 2 2 2 2 2 2 2 2 2 2 2 2 2
left_child=1 4 3 10 8 -2 -7 11 -1 13 -3 12 -5 -6
right_child=5 2 -4 7 9 6 -8 -9 -10 -11 -12 -13 -14 -15
leaf_value=-2.6090840109111983 2.1022788787596962 1.8893780937693554 -0.52708991006121175 -0.040868695752144281 -0.30706604556210704 0.7389105082393832 -1.0877270078493488 -0.34226021990767341 -0.74211776864078161 0.46932563046726439 0.43894846750931305 1.7339720779880883 0.57272741861430043 -2.2809070613321869
leaf_weight=60 144 264 1284 710 2393 1440 72 444 1524 324 132 100 1410 43
leaf_count=60 144 264 1284 710 2393 1440 72 444 1524 324 132 100 1410 43
internal_value=5.56014e-10 -0.148301 0.156518 0.443366 -0.453121 0.778045 0.651928 0.300286 -0.812836 -0.246676 1.4059 0.428796 0.367231 -0.341908
internal_weight=10344 8688 4344 3060 4344 1656 1512 2664 1584 2760 396 2220 2120 2436
internal_count=10344 8688 4344 3060 4344 1656 1512 2664 1584 2760 396 2220 2120 2436
is_linear=0
shrinkage=0.05


Tree=35
num_leaves=15
num_cat=0
split_feature=7 4 2 22 5 11 25 28 8 0 22 22 12 22
split_gain=449657 227629 186212 161484 125316 112197 97698.5 115885 92402.9 117289 86855.9 112800 79648.1 74178
threshold=0.689015599449598 0.25881904510252091 4.5000000000000009 -3.5999999999999992 0.60355339059327384 492.81720000000001 6.6500000000000012 1.0000000180025095e-35 1.0000000180025095e-35 12.500000000000002 21.950000000000003 3.0500000000000003 312.37897916666674 21.950000000000003
decision_type=2 2 2 2 2 2 2 2 2 2 2 2 2 2
left_child=1 2 4 -2 10 6 8 -8 -5 -10 11 -1 -3 -4
right_child=3 12 13 5 -6 -7 7 -9 9 -11 -12 -13 -14 -15
leaf_value=1.5979080603159721 1.4181309996783398 -0.71942263203231738 -0.72322078335927442 0.19441811103125628 -0.20690145421192227 2.1541994336815109 -0.13779888489509223 -3.0596108149650489 0.27381004755260407 1.5550599474628708 1.1731409585134436 0.16685073539943041 -0.14202549020355815 0.20575804507359863
leaf_weight=153 408 2130 924 1825 1050 84 161 43 388 331 360 1377 830 280
leaf_count=153 408 2130 924 1825 1050 84 161 43 388 331 360 1377 830 280
internal_value=7.92111e-10 -0.222632 0.0165719 0.488141 0.23106 0.35416 0.299137 -0.753671 0.38356 0.863648 0.474373 0.309956 -0.557517 -0.507179
internal_weight=10344 7104 4144 3240 2940 2832 2748 204 2544 719 1890 1530 2960 1204
internal_count=10344 7104 4144 3240 2940 2832 2748 204 2544 719 1890 1530 2960 1204
is_linear=0
shrinkage=0.05


Tree=36
num_leaves=15
num_cat=0
split_feature=9 22 9 4 11 0 8 2 4 22 15 22 13 23
split_gain=406010 190040 173853 126982 120600 107294 127472 89433.5 84238.7 81033.8 78897.4 76840.2 73884.6 73715.3
threshold=304.82115000000005 8.6000000000000032 362.4504500000001 0.25881904510252091 467.96960000000007 10.500000000000002 1.0000000180025095e-35 1.0000000180025095e-35 1.0000000180025095e-35 21.950000000000003 321.36355000000009 6.9500000000000011 59.039254785542347 27.602083333333333
decision_type=2 2 2 2 2 2 2 2 2 2 2 2 2 2
left_child=1 5 3 7 13 -1 -7 10 9 -3 -2 -5 -9 -4
right_child=2 8 4 11 -6 6 -8 12 -10 -11 -12 -13 -14 -15
leaf_value=-0.29864122025631884 -0.45569062794869142 -0.38842521776308619 0.9984368319324407 0.22722217899986974 3.5370238975383517 -0.028299887013791158 0.9594816539534613 0.2052963021554827 -0.76884244105315924 0.7343058420883285 1.9891154038490027 -0.50503346508695424 1.0882610834762454 -0.32828951253245275
leaf_weight=1166 42 1500 821 670 43 846 532 1540 1680 180 154 770 280 120
leaf_count=1166 42 1500 821 670 43 846 532 1540 1680 180 154 770 280 120
internal_value=-1.1539e-09 -0.271652 0.361223 0.194276 0.947575 0.054358 0.35305 0.450424 -0.518488 -0.268133 1.46523 -0.164331 0.341137 0.829248
internal_weight=10344 5904 4440 3456 984 2544 1378 2016 3360 1680 196 1440 1820 941
internal_count=10344 5904 4440 3456 984 2544 1378 2016 3360 1680 196 1440 1820 941
is_linear=0
shrinkage=0.05


Tree=37
num_leaves=15
num_cat=0
split_feature=7 4 2 9 5 4 8 25 6 13 22 22 25 9
split_gain=371254 186950 163607 139069 110206 99490.1 150355 99899.8 92244.3 80663.9 73137.4 100899 71340.3 69115.8
threshold=0.689015599449598 0.25881904510252091 4.5000000000000009 377.60620000000006 0.60355339059327384 -0.37940952255126065 1.0000000180025095e-35 6.6500000000000012 0.44505654568748165 23.667216366151656 21.400000000000002 3.0500000000000003 1.9500000000000008 267.17015000000004
decision_type=2 2 2 2 2 2 2 2 2 2 2 2 2 2
left_child=1 2 4 5 10 6 -2 -7 -9 -8 11 -1 -5 -3
right_child=3 13 -4 12 -6 7 9 8 -10 -11 -12 -13 -14 -15
leaf_value=1.4837098562055164 0.30379713168038747 -0.87723686960673986 -0.47644712114397231 2.1225309517545004 -0.19517572615029558 0.19280653389396041 3.1715273022127803 -3.1077589490678577 -0.11306458184185127 1.2040048013521094 1.0001022752668296 0.12552570441839803 0.71167232218528331 -0.34863174409743247
leaf_weight=153 736 880 1204 168 1050 1695 64 45 60 280 450 1287 192 2080
leaf_count=153 736 880 1204 168 1050 1695 64 45 60 280 450 1287 192 2080
internal_value=7.62496e-10 -0.202294 0.0144856 0.443548 0.215534 0.327732 0.707124 0.100097 -1.39651 1.57006 0.443706 0.269833 1.37007 -0.505785
internal_weight=10344 7104 4144 3240 2940 2880 1080 1800 105 344 1890 1440 360 2960
internal_count=10344 7104 4144 3240 2940 2880 1080 1800 105 344 1890 1440 360 2960
is_linear=0
shrinkage=0.05


Tree=38
num_leaves=15
num_cat=0
split_feature=9 22 9 4 11 0 8 2 0 4 22 22 23 13
split_gain=344072 161958 145392 106845 105262 89167.6 107440 78410.1 71618.6 68894.6 70801.1 65093.7 60214.2 61132.1
threshold=304.82115000000005 8.6000000000000032 362.4504500000001 0.25881904510252091 467.96960000000007 10.500000000000002 1.0000000180025095e-35 4.5000000000000009 21.500000000000004 1.0000000180025095e-35 21.950000000000003 6.9500000000000011 9.4145833333333346 21.636347954638477
decision_type=2 2 2 2 2 2 2 2 2 2 2 2 2 2
left_child=1 5 3 7 8 -1 -7 -2 -4 10 -3 -5 13 -8
right_child=2 9 4 11 -6 6 12 -9 -10 -11 -12 -13 -14 -15
leaf_value=-0.27091698654420915 0.6250529888157248 -0.36397702166438106 0.89296935411371781 0.21129770707728257 3.2879231491754219 -0.026924572337471638 1.9182337824787414 -0.047690148859447432 -0.6536167763264441 -0.70435297884909065 0.68547546172411078 -0.46266806595886201 2.0509423336812431 0.36753324491514283
leaf_weight=1166 1386 1500 859 670 43 846 77 630 82 1680 180 770 91 364
leaf_count=1166 1386 1500 859 670 43 846 77 630 82 1680 180 770 91 364
internal_value=2.91403e-10 -0.250074 0.332531 0.179859 0.868745 0.0508862 0.323181 0.414821 0.758198 -0.477944 -0.251536 -0.149087 0.879928 0.63829
internal_weight=10344 5904 4440 3456 984 2544 1378 2016 941 3360 1680 1440 532 441
internal_count=10344 5904 4440 3456 984 2544 1378 2016 941 3360 1680 1440 532 441
is_linear=0
shrinkage=0.05


Tree=39
num_leaves=15
num_cat=0
split_feature=22 4 2 8 0 6 9 29 29 13 6 13 6 18
split_gain=317394 203948 169887 156668 124644 119863 121543 77683.5 158804 77386 58928 58141.7 56231.3 56096.1
threshold=1.4000000000000001 -0.37940952255126065 4.5000000000000009 1.0000000180025095e-35 12.500000000000002 0.19337368024598436 243.52440000000004 0.051190476190476182 0.064285714285714279 50.123651235841486 0.73283908552571653 78.009786898730354 0.3504237462291826 239.25380000000004
decision_type=2 2 2 2 2 2 2 2 2 2 2 2 2 2
left_child=3 2 7 11 -5 6 -3 13 -9 -8 -10 -1 -4 -2
right_child=1 5 12 4 -6 -7 9 8 10 -11 -12 -13 -14 -15
leaf_value=0.22395687566125178 1.5847168594995447 -2.6883196880999538 -0.11561835905407221 0.52477912065115839 2.0301887738379567 -0.59381984038065905 -0.18263844282608122 -2.6448038530349733 0.54995324581260241 0.54360141226315295 -0.044696203791353778 1.6994733559233801 -0.96658774019383342 0.098956025944401824
leaf_weight=1444 216 45 531 275 275 2355 2340 45 1305 435 612 70 306 90
leaf_count=1444 216 45 531 275 275 2355 2340 45 1305 435 612 70 306 90
internal_value=4.7592e-10 -0.138282 0.182079 0.554735 1.27748 -0.330498 -0.110596 0.406756 0.291192 -0.0687954 0.360112 0.292178 -0.426725 1.14773
internal_weight=10344 8280 3105 2064 550 5175 2820 2268 1962 2775 1917 1514 837 306
internal_count=10344 8280 3105 2064 550 5175 2820 2268 1962 2775 1917 1514 837 306
is_linear=0
shrinkage=0.05


Tree=40
num_leaves=15
num_cat=0
split_feature=7 9 22 4 14 11 25 24 17 15 10 2 0 12
split_gain=291063 150153 115615 113328 108148 90537.8 81295.8 96429.7 67270 62634.4 147594 61624.5 58491.7 55421.3
threshold=0.689015599449598 275.88510000000002 -6.3999999999999995 -0.60355339059327362 226.63060000000004 492.81720000000001 6.6500000000000012 3.6964285714285716 40.749949530584253 378.05510000000004 295.2951000000001 4.5000000000000009 11.500000000000002 350.55762291666673
decision_type=2 2 2 2 2 2 2 2 2 2 2 2 2 2
left_child=1 4 12 11 9 6 8 -8 -4 -1 -11 -3 -2 -10
right_child=2 3 5 -5 -6 -7 7 -9 13 10 -12 -13 -14 -15
leaf_value=-0.71375765293212479 0.68749706348645745 0.59598098774542563 1.8437049399608645 -0.16400048378510015 -0.17501667091260323 1.8320274270129833 -0.13731112703854531 -2.8025944119276005 0.10719404938598442 0.044067375659942627 -3.8846319296780756 -0.18492002275503586 2.333081742293305 0.57318424261314627
leaf_weight=1152 108 959 72 3162 1392 95 161 43 1585 45 51 343 108 1068
leaf_count=1152 108 959 72 3162 1392 95 161 43 1585 45 51 343 108 1068
internal_value=1.12205e-09 -0.179118 0.392734 -0.00234125 -0.478032 0.312908 0.263637 -0.699111 0.33571 -0.816011 -2.04305 0.39026 1.51029 0.294785
internal_weight=10344 7104 3240 4464 2640 3024 2929 204 2725 1248 96 1302 216 2653
internal_count=10344 7104 3240 4464 2640 3024 2929 204 2725 1248 96 1302 216 2653
is_linear=0
shrinkage=0.05


Tree=41
num_leaves=15
num_cat=0
split_feature=9 4 2 5 22 0 7 7 23 13 7 11 7 15
split_gain=270154 179392 167313 116459 116818 74345.8 73797.5 70817.1 70018.7 74546.1 79246.2 69246.8 61134.4 69999.1
threshold=344.78755000000007 0.37940952255126054 4.5000000000000009 0.78656609248549303 3.6000000000000001 20.500000000000004 0.41985448298472511 0.93158198870884079 27.456250000000001 17.363718277651675 0.69521084835931835 434.02505000000002 0.99681593486783593 401.2466500000001
decision_type=2 2 2 2 2 2 2 2 2 2 2 2 2 2
left_child=1 2 3 4 12 7 -3 -2 9 10 -6 -9 13 -1
right_child=5 6 -4 -5 8 -7 -8 11 -10 -11 -12 -13 -14 -15
leaf_value=1.9028004319188696 0.45662893959020495 -0.60847893843911527 -0.3640311810454917 -0.21329990195928772 0.60117140296809002 -0.30109761113543876 -0.12674759530199228 0.95711965153229306 2.0070930733463981 0.096612981705503032 2.9470628277821973 2.6620863943860154 -0.751512039669747 0.73335316993070376
leaf_weight=209 945 1881 1605 1020 198 207 1377 435 55 1925 44 69 44 330
leaf_count=209 945 1881 1605 1020 198 207 1377 435 55 1925 44 69 44 330
internal_value=2.08385e-10 -0.111558 0.0644313 0.244218 0.410588 0.585277 -0.404874 0.711902 0.245307 0.200592 1.0277 1.19054 1.04052 1.18681
internal_weight=10344 8688 5430 3825 2805 1656 3258 1449 2222 2167 242 504 583 539
internal_count=10344 8688 5430 3825 2805 1656 3258 1449 2222 2167 242 504 583 539
is_linear=0
shrinkage=0.05


Tree=42
num_leaves=15
num_cat=0
split_feature=9 22 8 0 0 2 24 22 9 13 13 4 14 17
split_gain=254743 153476 122892 132344 102434 130484 116313 98451.3 80331.6 76603.1 66852.7 63592.2 62718.5 59736.7
threshold=288.69085000000007 4.7000000000000011 1.0000000180025095e-35 12.500000000000002 10.500000000000002 4.5000000000000009 24.134226190476195 21.950000000000003 399.25805000000008 22.345356179534388 32.659976874242268 -0.60355339059327362 279.90080000000006 72.919311477824451
decision_type=2 2 2 2 2 2 2 2 2 2 2 2 2 2
left_child=4 2 -2 -4 6 9 12 -3 11 -6 -7 -9 -1 -11
right_child=1 7 3 -5 5 10 -8 8 -10 13 -12 -13 -14 -15
leaf_value=-0.45341663811135924 0.28952725365870918 -0.20195001505121649 0.39079449668762761 1.7560779703754776 0.81479243574725402 -0.37836488066889323 -3.095784505829215 0.95174874994952186 -1.6714063157637913 -0.075023206104658763 -1.5520173147989391 0.18822457828309966 -2.3627291069789367 1.6546075913195428
leaf_weight=1914 1690 2208 355 355 364 546 44 385 48 1248 156 935 44 52
leaf_count=1914 1690 2208 355 355 364 546 44 385 48 1248 156 935 44 52
internal_value=7.15931e-10 0.212135 0.521434 1.07344 -0.290229 -0.0675008 -0.553454 0.0045526 0.337855 0.173675 -0.639177 0.410919 -0.496323 -0.00583797
internal_weight=10344 5976 2400 710 4368 2366 2002 3576 1368 1664 702 1320 1958 1300
internal_count=10344 5976 2400 710 4368 2366 2002 3576 1368 1664 702 1320 1958 1300
is_linear=0
shrinkage=0.05


Tree=43
num_leaves=15
num_cat=0
split_feature=9 9 14 14 4 2 11 23 0 0 23 6 0 26
split_gain=231883 136437 131331 110248 92569.5 110232 74779.6 68437.4 62474.4 60085 55890.8 66397.2 51994.9 52105.9
threshold=282.05545000000006 362.4504500000001 279.90080000000006 227.24735000000001 -0.37940952255126065 4.5000000000000009 467.96960000000007 4.2479166666666677 4.5000000000000009 21.500000000000004 24.650000000000002 0.61237135649459018 10.500000000000002 1.0000000180025095e-35
decision_type=2 2 2 2 2 2 2 2 2 2 2 2 2 2
left_child=2 4 3 10 5 -2 9 -6 -9 -3 11 -1 -5 -14
right_child=1 6 -4 12 7 -7 -8 8 -10 -11 -12 -13 13 -15
leaf_value=0.14013910997292084 0.57402594218641545 0.7531169604823944 -2.9099437701826294 -0.3247000951678034 0.27060838053541664 -0.23494105119150707 2.7618845723396124 0.13982825625288547 -0.39468648642352672 -0.6634736913097341 -2.3070327157775563 -0.74442787987050707 0.38018408977838525 -0.29159324853491392
leaf_weight=264 1503 859 48 1078 1020 585 43 820 1640 82 48 1080 832 442
leaf_count=264 1503 859 48 1078 1020 585 43 820 1640 82 48 1080 832 442
internal_value=7.1293e-10 0.180097 -0.311181 -0.277863 0.08418 0.347376 0.722849 -0.0737374 -0.216515 0.629673 -0.630548 -0.570674 -0.0691317 0.147118
internal_weight=10344 6552 3792 3744 5568 2088 984 3480 2460 941 1392 1344 2352 1274
internal_count=10344 6552 3792 3744 5568 2088 984 3480 2460 941 1392 1344 2352 1274
is_linear=0
shrinkage=0.05


Tree=44
num_leaves=15
num_cat=0
split_feature=7 22 4 9 22 7 11 25 28 29 11 9 5 4
split_gain=213638 118931 94022.2 118441 91996.2 80267.4 68176.2 67741 81782.5 60750.9 88611.5 56514.8 51583.3 50670.3
threshold=0.689015599449598 20.300000000000004 -0.60355339059327362 262.59275000000008 -6.3999999999999995 -0.18493013702746822 492.81720000000001 6.6500000000000012 1.0000000180025095e-35 15.061011904761905 361.05020000000007 369.78525000000008 0.1294095225512602 -0.37940952255126065
decision_type=2 2 2 2 2 2 2 2 2 2 2 2 2 2
left_child=1 5 -3 -4 13 12 7 9 -9 10 -6 -11 -1 -2
right_child=4 2 3 -5 6 -7 -8 8 -10 11 -12 -13 -14 -15
leaf_value=-0.76705694247939671 2.3220106545789743 0.70959687989185882 -2.4117587515536481 0.042556907569797825 0.34166260157411615 -0.12441107082300945 1.5834983082115652 -0.13894651584003284 -2.5934758684836154 -0.096695335121735379 1.4147262699676284 0.77181862290038006 -0.25330274963561455 0.74016387754016455
leaf_weight=1066 81 581 51 1360 1151 3144 95 161 43 1118 231 225 902 135
leaf_count=1066 81 581 51 1360 1151 3144 95 161 43 1118 231 225 902 135
internal_value=2.85816e-11 -0.153457 0.174274 -0.0461533 0.336468 -0.281164 0.265262 0.222506 -0.656323 0.288297 0.521024 0.0488115 -0.531586 1.33336
internal_weight=10344 7104 1992 1411 3240 5112 3024 2929 204 2725 1382 1343 1968 216
internal_count=10344 7104 1992 1411 3240 5112 3024 2929 204 2725 1382 1343 1968 216
is_linear=0
shrinkage=0.05


Tree=45
num_leaves=15
num_cat=0
split_feature=22 6 8 0 11 9 6 4 2 6 23 13 5 13
split_gain=197888 143824 108863 87224.3 74692.7 101982 72958.7 70045.3 69211.2 62865.8 60296.2 53974.5 46970.2 50667.7
threshold=1.4000000000000001 -0.074117382312902977 1.0000000180025095e-35 12.500000000000002 353.79745000000008 246.84540000000001 -0.8781231054254196 0.25881904510252091 4.5000000000000009 -0.01397611846945947 1.2583333333333335 20.991579079663328 0.60355339059327384 33.9040277200153
decision_type=2 2 2 2 2 2 2 2 2 2 2 2 2 2
left_child=2 4 -1 -4 5 -2 -6 8 9 -3 -9 -5 13 -11
right_child=1 7 3 11 6 -7 -8 10 -10 12 -12 -13 -14 -15
leaf_value=0.21915814181909093 -2.4720894341243476 -1.6346424381647791 0.41083330283923591 3.1561070960760116 -0.32961384515977854 0.038202977196564958 0.83011371151126667 -2.4597831925004723 -0.57830038996396371 0.69284109018972018 -0.49706670627908578 1.3399457607169947 -0.27129418068670463 0.012319356370572895
leaf_weight=1514 41 56 275 50 177 3066 580 40 658 423 1800 225 665 774
leaf_count=1514 41 56 275 50 177 3066 580 40 658 423 1800 225 665 774
internal_value=1.67915e-12 -0.109188 0.438022 1.0405 0.113587 0.00507714 0.558949 -0.304116 -0.135817 0.0159835 -0.539734 1.67016 0.0656264 0.252804
internal_weight=10344 8280 2064 550 3864 3107 757 4416 2576 1918 1840 275 1862 1197
internal_count=10344 8280 2064 550 3864 3107 757 4416 2576 1918 1840 275 1862 1197
is_linear=0
shrinkage=0.05


Tree=46
num_leaves=15
num_cat=0
split_feature=9 14 9 14 4 19 23 2 11 5 22 12 24 2
split_gain=187464 113604 106808 88421.7 73882.1 63000.5 60699.2 60489.6 55084.9 54268.1 59230 71851.1 52293.7 63143.3
threshold=282.05545000000006 279.90080000000006 362.4504500000001 227.24735000000001 0.25881904510252091 444.46585000000005 4.2479166666666677 4.5000000000000009 467.96960000000007 0.78656609248549303 4.7000000000000011 384.03292291666668 5.5633928571428584 2.5000000000000004
decision_type=2 2 2 2 2 2 2 2 2 2 2 2 2 2
left_child=1 3 4 12 7 -4 -6 9 -7 10 11 -2 -1 -14
right_child=2 -3 5 -5 6 8 -8 -9 -10 -11 -12 -13 13 -15
leaf_value=1.0569829858839512 1.1393748074570014 -2.6968132269879184 -1.1245475107183061 -0.06187463245136017 0.25874051977668011 0.64857866811291776 -0.30312095901666908 -0.11486589160594313 2.4807423462701399 -0.015267521731310083 0.29787846538410695 -0.47231929663568739 -0.21205848972515567 -0.90868684879420059
leaf_weight=48 510 48 48 2352 680 893 1640 910 43 668 1080 80 552 792
leaf_count=48 510 48 48 2352 680 893 1640 910 43 668 1080 80 552 792
internal_value=-1.162e-10 -0.279794 0.161932 -0.248806 0.0770659 0.642149 -0.138437 0.230997 0.732749 0.365614 0.517967 0.92084 -0.564656 -0.622572
internal_weight=10344 3792 6552 3744 5568 984 2320 3248 936 2338 1670 590 1392 1344
internal_count=10344 3792 6552 3744 5568 984 2320 3248 936 2338 1670 590 1392 1344
is_linear=0
shrinkage=0.05


Tree=47
num_leaves=15
num_cat=0
split_feature=9 22 22 4 2 15 5 9 24 9 10 6 0 8
split_gain=170954 100834 85559.3 55644.8 76391.4 61202.5 65918.8 56529 50090.2 116845 59478.4 48784.7 48528.2 69494.8
threshold=304.82115000000005 8.6000000000000032 -6.3999999999999995 0.25881904510252091 1.0000000180025095e-35 321.36355000000009 0.78656609248549303 398.86505000000005 1.4020833333333338 399.25805000000008 403.14735000000007 0.67167992559793654 10.500000000000002 1.0000000180025095e-35
decision_type=2 2 2 2 2 2 2 2 2 2 2 2 2 2
left_child=1 12 11 4 5 -4 -7 -5 -6 10 -10 -2 -1 -14
right_child=2 -3 3 7 8 6 -8 -9 9 -11 -12 -13 13 -15
leaf_value=-0.17620181431259008 1.7363465695434976 -0.35607219212769925 -0.50192866842040706 -0.095748233272133595 -0.28667211682423133 2.2173691081556561 0.11098783494761358 1.1906713313981891 0.27984580729432224 -2.2533129508828833 1.0184925074613578 0.14233607939547963 -0.019495553940085446 0.70984403588704037
leaf_weight=1166 144 3360 42 1670 364 130 52 90 1501 42 333 72 846 532
leaf_count=1166 144 3360 42 1670 364 130 52 90 1501 42 333 72 846 532
internal_value=-3.78063e-10 -0.176272 0.234394 0.18476 0.338136 1.21852 1.61555 -0.0299654 0.250098 0.354247 0.413962 1.20501 0.0611999 0.262078
internal_weight=10344 5904 4440 4224 2464 224 182 1760 2240 1876 1834 216 2544 1378
internal_count=10344 5904 4440 4224 2464 224 182 1760 2240 1876 1834 216 2544 1378
is_linear=0
shrinkage=0.05


Tree=48
num_leaves=15
num_cat=0
split_feature=9 22 8 0 0 2 24 22 9 13 13 13 14 9
split_gain=157710 100046 88651 93665 75182.1 100888 98507.4 73854.5 69657 63859.5 58864.4 56087.9 49021 47905.5
threshold=288.69085000000007 4.7000000000000011 1.0000000180025095e-35 11.500000000000002 10.500000000000002 4.5000000000000009 24.134226190476195 21.950000000000003 399.25805000000008 22.345356179534388 32.659976874242268 26.369261080541477 279.90080000000006 275.44580000000002
decision_type=2 2 2 2 2 2 2 2 2 2 2 2 2 2
left_child=4 2 -2 -4 6 9 12 -3 -9 13 -7 -11 -1 -6
right_child=1 7 3 -5 5 10 -8 8 -10 11 -12 -13 -14 -15
leaf_value=-0.36335867130319355 0.21967011768602318 -0.1795412854414663 0.18211591212262571 1.3543758984008027 0.46033285694470361 -0.29549195213386648 -2.7935251776467673 0.35603080562676598 -1.5830145852019391 -1.1864665089727759 -1.3967932376628502 0.10072316436329665 -2.051349106481807 1.8582552359845395
leaf_weight=1914 1690 2208 284 426 286 546 44 1320 48 91 156 1209 44 78
leaf_count=1914 1690 2208 284 426 286 546 44 1320 48 91 156 1209 44 78
internal_value=-1.63472e-10 0.166914 0.416636 0.885472 -0.22836 -0.0375458 -0.453868 -0.000685457 0.287994 0.174522 -0.540226 0.0106199 -0.401291 0.759888
internal_weight=10344 5976 2400 710 4368 2366 2002 3576 1368 1664 702 1300 1958 364
internal_count=10344 5976 2400 710 4368 2366 2002 3576 1368 1664 702 1300 1958 364
is_linear=0
shrinkage=0.05


Tree=49
num_leaves=15
num_cat=0
split_feature=22 4 2 9 5 9 9 13 22 7 0 11 7 22
split_gain=149278 117744 109798 104071 97095.1 62758.2 52629.5 51876.6 67336.7 56153.1 50771.2 57677.7 55498.9 49088.6
threshold=-0.84999999999999998 0.25881904510252091 4.5000000000000009 424.42965000000004 0.60355339059327384 398.86505000000005 387.41265000000004 22.345356179534388 21.950000000000003 0.16587474750015932 3.5000000000000004 412.03540000000004 -0.19337245081799007 10.300000000000002
decision_type=2 2 2 2 2 2 2 2 2 2 2 2 2 2
left_child=6 2 3 4 7 10 -1 9 13 -2 -3 12 -12 -9
right_child=1 5 -4 -5 -6 -7 -8 8 -10 -11 11 -13 -14 -15
leaf_value=0.39378863349593884 0.30958691732544041 0.061819746613779918 -0.28456317407049742 -2.2525108433905103 -0.087494955457170009 1.3242793280134599 1.3496685177087784 0.47411464911378509 1.0103128959469143 1.5053395227391135 -0.62416924447226074 -2.2600340113407227 -0.18649468867822369 -0.054932628511859663
leaf_weight=1008 180 752 1470 42 1370 60 168 900 315 216 1256 41 1711 855
leaf_count=1008 180 752 1470 42 1370 60 168 900 315 216 1256 41 1711 855
internal_value=5.43184e-10 -0.0680283 0.083411 0.222896 0.249999 -0.280043 0.530343 0.437495 0.337191 0.961816 -0.305644 -0.39751 -0.371772 0.216374
internal_weight=10344 9168 5348 3878 3836 3820 1176 2466 2070 396 3760 3008 2967 1755
internal_count=10344 9168 5348 3878 3836 3820 1176 2466 2070 396 3760 3008 2967 1755
is_linear=0
shrinkage=0.05


Tree=50
num_leaves=15
num_cat=0
split_feature=9 14 11 14 14 2 4 24 15 10 29 16 23 23
split_gain=140210 97216 81482.4 73942.7 59520.1 51693.9 66281 45061.6 55667.4 126124 42976.3 53701.9 39527.1 42187.7
threshold=282.05545000000006 279.90080000000006 434.02505000000002 227.24735000000001 270.00025000000005 1.5000000000000002 -0.60355339059327362 5.5633928571428584 378.05510000000004 295.2951000000001 18.87678571428572 373.3179791666667 28.035416666666674 27.647916666666667
decision_type=2 2 2 2 2 2 2 2 2 2 2 2 2 2
left_child=1 3 4 7 12 6 -6 -1 -9 -10 11 -4 13 -2
right_child=2 -3 10 -5 5 -7 -8 8 9 -11 -12 -13 -14 -15
leaf_value=1.0031910696066917 -0.042235339336835195 -2.4778727423710127 0.69970483648928872 -0.04236586758954812 1.4744113028070516 0.1426199564594641 0.36442469637175756 -0.46665679620685596 0.21322293014989957 -3.4185026227259168 -0.089028992876410487 2.2600235456578872 1.128623827830167 -1.5352074532769622
leaf_weight=48 3328 48 157 2352 177 2046 560 1248 45 51 80 85 71 48
leaf_count=48 3328 48 157 2352 177 2046 560 1248 45 51 80 85 71 48
internal_value=2.93372e-10 -0.241974 0.140044 -0.213309 0.099957 0.271954 0.631002 -0.502143 -0.555905 -1.71613 0.915631 1.24775 -0.0389083 -0.0634624
internal_weight=10344 3792 6552 3744 6230 2783 737 1392 1344 96 322 242 3447 3376
internal_count=10344 3792 6552 3744 6230 2783 737 1392 1344 96 322 242 3447 3376
is_linear=0
shrinkage=0.05


Tree=51
num_leaves=15
num_cat=0
split_feature=9 4 2 22 23 29 13 22 9 9 13 6 0 17
split_gain=129811 93192.2 123441 63171.3 59133 66617.4 54206.8 52215.3 43319.3 75206.6 43138.1 41803.8 43243.9 41021.1
threshold=329.63600000000002 -0.37940952255126065 4.5000000000000009 8.6000000000000032 3.2645833333333338 0.051190476190476182 54.991078278162668 -6.3999999999999995 437.66935000000007 424.42965000000004 13.124641543380386 0.67167992559793654 11.500000000000002 51.874815420669186
decision_type=2 2 2 2 2 2 2 2 2 2 2 2 2 2
left_child=1 2 4 -3 6 -6 13 11 9 -9 -7 12 -2 -1
right_child=7 3 -4 -5 5 10 -8 8 -10 -11 -12 -13 -14 -15
leaf_value=2.3447123724737287 0.69097049378583009 -0.036558017802570821 -0.3725654761663843 -0.39381536474558515 1.3356842783560594 1.5344269434611002 0.049880678966791943 0.26198623856248032 1.7355281912411256 -1.7400383507212003 0.098121747593477859 0.081873921760254431 2.4239001908029123 0.8562069236404366
leaf_weight=81 72 2295 882 2685 126 54 99 2064 48 48 1638 72 72 108
leaf_count=81 72 2295 882 2685 126 54 99 2064 48 48 1638 72 72 108
internal_value=-1.02801e-10 -0.096723 0.124032 -0.229176 0.332008 0.226556 0.997674 0.324364 0.250242 0.216486 0.143961 1.06558 1.55744 1.49414
internal_weight=10344 7968 2988 4980 2106 1818 288 2376 2160 2112 1692 216 144 189
internal_count=10344 7968 2988 4980 2106 1818 288 2376 2160 2112 1692 216 144 189
is_linear=0
shrinkage=0.05


Tree=52
num_leaves=15
num_cat=0
split_feature=7 22 4 9 25 7 0 9 13 9 6 7 11 5
split_gain=120300 79755.9 64661.7 89074.9 58956.3 73013 81455.3 72553.4 65587 75199.8 57291.9 52650.6 50775.1 46965.3
threshold=0.68274389090025245 20.300000000000004 -0.60355339059327362 262.59275000000008 -0.50000000000000011 0.99681593486783593 10.500000000000002 381.54325000000006 22.586817147112125 437.66935000000007 0.20180702842483325 -0.18493013702746822 373.37400000000008 0.1294095225512602
decision_type=2 2 2 2 2 2 2 2 2 2 2 2 2 2
left_child=1 11 -3 -4 5 6 -2 10 12 -10 -8 13 -6 -1
right_child=4 2 3 -5 8 -7 7 -9 9 -11 -12 -13 -14 -15
leaf_value=-0.64798055155356515 0.16461342887548253 0.59636755788669937 -2.0818578149319866 0.046559303513495257 0.39118784734628342 -0.7076518140609066 1.2672573995770966 2.7289485548551267 -0.18638755692020906 1.472987768550714 0.37077761506390039 -0.093037643563293387 1.9960391081124547 -0.15776259624286959
leaf_weight=1066 649 581 51 1360 276 120 338 52 1320 72 377 3120 60 902
leaf_count=1066 649 581 51 1360 276 120 338 52 1320 72 377 3120 60 902
internal_value=-1.29433e-10 -0.115776 0.152427 -0.0303714 0.251131 0.476522 0.576875 0.925712 0.0507834 -0.100558 0.794568 -0.22078 0.677768 -0.423297
internal_weight=10344 7080 1992 1411 3264 1536 1416 767 1728 1392 715 5088 336 1968
internal_count=10344 7080 1992 1411 3264 1536 1416 767 1728 1392 715 5088 336 1968
is_linear=0
shrinkage=0.05


Tree=53
num_leaves=15
num_cat=0
split_feature=9 14 11 22 11 22 8 23 6 18 17 14 9 6
split_gain=111676 88592.9 72720.6 61591.2 56818.4 52471.2 44988.8 43338.8 43606.3 39472.1 47604.6 39605 37021.8 32786.5
threshold=282.05545000000006 279.90080000000006 492.81720000000001 8.6000000000000032 271.16080000000005 -6.3999999999999995 1.0000000180025095e-35 24.650000000000002 0.71503381463111937 246.16770000000002 44.927890673362022 269.95795000000004 264.13285000000002 0.67167992559793654
decision_type=2 2 2 2 2 2 2 2 2 2 2 2 2 2
left_child=1 3 4 6 -2 13 -1 8 -5 -7 -11 -12 -8 -6
right_child=2 -3 -4 7 5 9 12 -9 -10 10 11 -13 -14 -15
leaf_value=-0.11133756883366284 -0.2095696159890432 -2.350385207993289 1.5955728652247465 -0.11599299520227209 1.4153114088376364 0.21886354664480728 0.0052394810020923617 -1.8416653141379358 -0.56415691269029933 -1.0749869550096578 -0.73165280266471633 0.12686483985260474 0.9451724026089704 0.081855539636952537
leaf_weight=1092 1168 48 83 1176 135 3955 200 48 1008 116 159 866 220 70
leaf_count=1092 1168 48 83 1176 135 3955 200 48 1008 116 159 866 220 70
internal_value=4.24393e-10 -0.215952 0.124983 -0.188588 0.106115 0.175672 0.0578077 -0.355501 -0.322838 0.144121 -0.114957 -0.00631009 0.497585 0.959985
internal_weight=10344 3792 6552 3744 6469 5301 1512 2232 2184 5096 1141 1025 420 205
internal_count=10344 3792 6552 3744 6469 5301 1512 2232 2184 5096 1141 1025 420 205
is_linear=0
shrinkage=0.05


Tree=54
num_leaves=15
num_cat=0
split_feature=7 4 26 9 8 26 13 13 28 9 8 18 0 11
split_gain=101810 69299 71122.6 65552.5 58180.5 59422.5 53795.4 81818.9 47266.6 43051.4 42991 66085.9 83444.6 40283.9
threshold=0.68274389090025245 0.25881904510252091 3.9875000000000003 398.86505000000005 1.0000000180025095e-35 1.0000000180025095e-35 57.692165975949358 22.586817147112125 1.0000000180025095e-35 393.29170000000005 1.0000000180025095e-35 263.95865000000009 13.500000000000002 392.43895000000003
decision_type=2 2 2 2 2 2 2 2 2 2 2 2 2 2
left_child=1 2 4 -4 -1 -6 7 10 -9 -3 -2 12 -12 -10
right_child=6 9 3 -5 5 -7 -8 8 13 -11 11 -13 -14 -15
leaf_value=-0.2769511833806812 0.35678002507755296 -0.3139905577506959 0.37008639423535805 -1.6349513638587228 0.61827717050070974 -0.24223270211877718 0.63887523118130585 0.035839265946620527 -0.40966475771367555 1.3375832793675364 0.79973474198426953 -0.30491950619220737 3.3855156664664934 -2.1615931617362159
leaf_weight=1892 588 2910 1386 42 444 366 648 1656 150 40 78 50 52 42
leaf_count=1892 588 2910 1386 42 444 366 648 1656 150 40 78 50 52 42
internal_value=7.24139e-11 -0.106507 0.0256993 0.311115 -0.125142 0.229454 0.231027 0.13 -0.0502634 -0.291596 0.563759 1.23989 1.83405 -0.792899
internal_weight=10344 7080 4130 1428 2702 810 3264 2616 1848 2950 768 180 130 192
internal_count=10344 7080 4130 1428 2702 810 3264 2616 1848 2950 768 180 130 192
is_linear=0
shrinkage=0.05


Tree=55
num_leaves=15
num_cat=0
split_feature=9 4 2 22 0 9 13 29 22 13 6 0 13 23
split_gain=96650.4 75665.2 131922 79008.4 61523.5 58766.8 52136.7 49098.6 45039 59819 38410.7 35069.9 50498.6 38817.8
threshold=267.17015000000004 -0.37940952255126065 4.5000000000000009 -5.8499999999999988 19.500000000000004 437.66935000000007 57.692165975949358 0.082142857142857115 7.5000000000000009 21.636347954638477 0.51297097409535064 3.5000000000000004 23.369930698557631 14.641666666666667
decision_type=2 2 2 2 2 2 2 2 2 2 2 2 2 2
left_child=7 2 3 -2 8 6 11 -1 9 -5 -9 -3 13 -13
right_child=1 5 -4 4 -6 -7 -8 10 -10 -11 -12 12 -14 -15
leaf_value=-1.8644609841828546 2.2269578882862651 0.11841434233846876 -0.26774109404687579 2.2392224099391544 0.050573379058834904 1.7624663358264501 0.33139216695316137 0.039956483550486158 0.37771797622245851 0.75581054344533405 -0.39311648368587465 0.49168521462836207 -0.30727084811038757 -0.36574394317212133
leaf_weight=48 63 1120 801 78 711 45 750 768 816 528 1536 396 2486 198
leaf_count=48 63 1120 801 78 711 45 750 768 816 528 1536 396 2486 198
internal_value=9.11272e-10 0.0829122 0.281528 0.481877 0.430334 -0.0362575 -0.0526095 -0.281732 0.620215 0.946745 -0.248759 -0.121181 -0.208307 0.205875
internal_weight=10344 7992 2997 2196 2133 4995 4950 2352 1422 606 2304 4200 3080 594
internal_count=10344 7992 2997 2196 2133 4995 4950 2352 1422 606 2304 4200 3080 594
is_linear=0
shrinkage=0.05


Tree=56
num_leaves=15
num_cat=0
split_feature=9 4 2 5 0 22 23 13 25 7 17 9 0 23
split_gain=89551.8 79943.1 82618.5 65107.9 57484.7 49491.8 57798.7 54192.7 67275.2 44170.9 42336.7 40963.8 40089.2 36541.1
threshold=362.4504500000001 0.37940952255126054 4.5000000000000009 0.60355339059327384 21.500000000000004 7.5000000000000009 27.456250000000001 24.385087032480861 -0.50000000000000011 0.41985448298472511 52.423680609811051 212.83295000000001 4.5000000000000009 26.966666666666672
decision_type=2 2 2 2 2 2 2 2 2 2 2 2 2 2
left_child=1 2 3 5 13 7 -7 10 -9 11 -1 -3 -13 -2
right_child=4 9 -4 -5 -6 6 -8 8 -10 -11 -12 12 -14 -15
leaf_value=1.9776455971734093 0.72565397187431158 -1.8813958150148391 -0.22688304596841991 -0.094166839063046098 -0.81375475184219648 0.087712726421489196 1.4652698459092062 0.80243266791415724 -0.081673359687034153 -0.03138167934655816 0.61962716845174637 -0.035998367685084132 -0.51544543911705787 -0.07738998979330064
leaf_weight=110 726 45 1710 1380 82 1580 80 480 390 1503 120 654 1308 176
leaf_count=110 726 45 1710 1380 82 1580 80 480 390 1503 120 654 1308 176
internal_value=8.01546e-10 -0.0477005 0.065487 0.186249 0.453736 0.326456 0.154101 0.586556 0.406109 -0.236346 1.26911 -0.38984 -0.35563 0.568962
internal_weight=10344 9360 5850 4140 984 2760 1660 1100 870 3510 230 2007 1962 902
internal_count=10344 9360 5850 4140 984 2760 1660 1100 870 3510 230 2007 1962 902
is_linear=0
shrinkage=0.05


Tree=57
num_leaves=15
num_cat=0
split_feature=9 4 2 22 9 0 0 29 22 25 5 22 15 23
split_gain=84084.2 63848.9 114817 69155.8 50863.4 50336 46021 44795.1 44521.1 69090.3 50984.2 39877.4 55785.1 43027.2
threshold=269.42765000000003 -0.37940952255126065 4.5000000000000009 -5.8499999999999988 437.66935000000007 19.500000000000004 4.5000000000000009 0.082142857142857115 8.6000000000000032 6.6500000000000012 -0.9159756150367534 7.5000000000000009 373.30625000000003 7.0479166666666684
decision_type=2 2 2 2 2 2 2 2 2 2 2 2 2 2
left_child=7 2 3 -2 6 11 -3 -1 9 10 -8 12 13 -5
right_child=1 4 -4 5 -6 -7 8 -9 -10 -11 -12 -13 -14 -15
leaf_value=-1.765461778268218 2.0875325812706875 0.17202441516892489 -0.24619722942055466 1.1809436224607957 1.6431916994518705 0.058099235716298714 0.54445097251574071 -0.22311801128926403 -0.3374355164321321 -1.5028030455538206 -0.085392032122460354 0.34978285828572619 0.63041271566691115 3.1190718764350529
leaf_weight=48 63 1620 801 90 45 693 459 2448 1640 70 1071 798 456 42
leaf_count=48 63 1620 801 90 45 693 459 2448 1640 70 1071 798 456 42
internal_value=-1.74637e-10 0.0803944 0.26451 0.455489 -0.0300753 0.406033 -0.0455685 -0.252778 -0.154365 0.0332824 0.103561 0.580001 0.892439 1.79762
internal_weight=10344 7848 2943 2142 4905 2079 4860 2496 3240 1600 1530 1386 588 132
internal_count=10344 7848 2943 2142 4905 2079 4860 2496 3240 1600 1530 1386 588 132
is_linear=0
shrinkage=0.05


Tree=58
num_leaves=15
num_cat=0
split_feature=9 0 22 2 13 9 22 19 0 4 2 2 18 13
split_gain=77946.3 54232.9 83743.7 59565 47393.2 46952.3 48190.8 36336.9 36305.7 44137.7 65908.4 40078.3 46917.1 38996.8
threshold=317.53975000000008 10.500000000000002 25.850000000000005 4.5000000000000009 22.345356179534388 205.31900000000005 24.700000000000003 436.89270000000005 21.500000000000004 0.25881904510252091 1.0000000180025095e-35 4.5000000000000009 246.61495000000002 52.429477654036894
decision_type=2 2 2 2 2 2 2 2 2 2 2 2 2 2
left_child=1 5 3 4 -3 -1 -7 -5 9 10 -2 12 -12 -14
right_child=8 2 -4 7 -6 6 -8 -9 -10 -11 11 -13 13 -15
leaf_value=-1.8608610346913339 1.56708956665049 0.55472408817140961 1.8158766212830177 -0.55509789317655256 0.029455816976397355 -0.2440926882330029 1.1207948112126553 0.018898133239270518 -0.35786930269592393 0.045628409620785959 0.70848733815752596 -0.055148483706741705 -0.66597103499101873 0.65846048571790261
leaf_weight=44 120 533 65 624 2210 3212 66 494 258 1290 768 432 132 96
leaf_count=44 120 533 65 624 2210 3212 66 494 258 1290 768 432 132 96
internal_value=1.78938e-10 -0.0897046 0.0361059 0.00614346 0.131522 -0.23839 -0.216612 -0.301472 0.210006 0.261631 0.441634 0.347058 0.521508 -0.108316
internal_weight=10344 7248 3926 3861 2743 3322 3278 1118 3096 2838 1548 1428 996 228
internal_count=10344 7248 3926 3861 2743 3322 3278 1118 3096 2838 1548 1428 996 228
is_linear=0
shrinkage=0.05


Tree=59
num_leaves=15
num_cat=0
split_feature=22 6 15 13 6 12 22 18 23 23 25 0 16 5
split_gain=74828 71383.6 50135.5 143228 39722.3 41933.5 37276.5 60650.1 50169.4 41398.7 35161.3 32874.7 36466.6 31916
threshold=-0.84999999999999998 -0.074117382312902977 443.18080000000003 77.831074539680671 -0.71504373327588355 308.08456041666676 3.6000000000000001 263.94830000000007 1.7895833333333335 8.7020833333333343 -2.1999999999999997 12.500000000000002 316.93093154761908 0.60355339059327384
decision_type=2 2 2 2 2 2 2 2 2 2 2 2 2 2
left_child=13 2 3 4 -2 11 7 9 -8 -3 -7 -6 -13 -1
right_child=1 6 -4 -5 5 10 8 -9 -10 -11 -12 12 -14 -15
leaf_value=0.54262959959177193 -0.069176131762689483 0.11663662700603405 0.51282090526390367 -2.6792058623085424 0.2989197275372974 0.9031231807220319 -1.5546754464507104 -1.0018601911390821 -0.22251287838565381 1.6173073580488564 -0.013529417123736851 2.2949241436069663 0.74217910521532882 -0.03044095254087761
leaf_weight=833 1992 1080 648 48 208 120 72 120 3840 48 816 55 121 343
leaf_count=833 1992 1080 648 48 208 120 72 120 3840 48 816 55 121 343
internal_value=2.92829e-10 -0.0481642 0.11014 0.0324803 0.0717801 0.284496 -0.171126 0.066807 -0.247031 0.180495 0.10399 0.724479 1.22741 0.375484
internal_weight=10344 9168 4008 3360 3312 1320 5160 1248 3912 1128 936 384 176 1176
internal_count=10344 9168 4008 3360 3312 1320 5160 1248 3912 1128 936 384 176 1176
is_linear=0
shrinkage=0.05


Tree=60
num_leaves=15
num_cat=0
split_feature=4 2 23 13 23 27 18 6 16 29 29 6 9 13
split_gain=69654.5 121889 82528 53446.5 48884.1 81403.4 46954.7 59549.6 50899.1 63746.7 79113 38166.6 53232.4 37847.1
threshold=-0.37940952255126065 4.5000000000000009 3.0166666666666671 20.991579079663328 0.4479166666666668 17.266666666666669 246.89835000000002 -0.074117382312902977 319.339036904762 0.051190476190476182 0.071428571428571438 0.51297097409535064 243.52440000000004 53.351744731122317
decision_type=2 2 2 2 2 2 2 2 2 2 2 2 2 2
left_child=1 2 3 -1 -2 11 8 -8 9 -4 -11 12 -6 -14
right_child=4 -3 6 -5 5 -7 7 -9 -10 10 -12 -13 13 -15
leaf_value=2.0965283480691324 0.25528570090176628 -0.27350819093332956 1.3269763670809982 0.69692862199927164 -1.7447669995824495 -2.2717061764664122 0.12167378859387504 -1.4535192892948787 0.74949809317350136 -1.996293838818868 0.13482596839709138 -0.30683192088979561 -0.081402523280203698 0.39083158667039392
leaf_weight=81 840 1116 108 432 45 45 180 90 477 45 1350 2070 2970 495
leaf_count=81 840 1116 108 432 45 45 180 90 477 45 1350 2070 2970 495
internal_value=-7.18457e-11 0.167504 0.345632 0.917918 -0.100502 -0.153633 0.215151 -0.403391 0.299498 0.156683 0.0660802 -0.136552 -0.0361306 -0.0139405
internal_weight=10344 3879 2763 513 6465 5625 2250 270 1980 1503 1395 5580 3510 3465
internal_count=10344 3879 2763 513 6465 5625 2250 270 1980 1503 1395 5580 3510 3465
is_linear=0
shrinkage=0.05


Tree=61
num_leaves=15
num_cat=0
split_feature=9 4 0 2 4 23 28 18 6 13 25 25 22 2
split_gain=63664.6 58841.6 48205.3 43452.1 46590.9 37216.8 40067.4 45277.9 73894.5 38381.4 35974.5 35561.9 31243.3 31050.2
threshold=362.4504500000001 0.60355339059327384 20.500000000000004 4.5000000000000009 -0.37940952255126065 26.800000000000008 0.054464285714285694 246.89835000000002 -0.12546116083924153 21.636347954638477 -2.1999999999999997 1.9500000000000008 -0.84999999999999998 2.5000000000000004
decision_type=2 2 2 2 2 2 2 2 2 2 2 2 2 2
left_child=1 3 -2 4 5 6 7 9 10 -1 -9 -4 -3 -11
right_child=2 12 11 -5 -6 -7 -8 8 -10 13 -12 -13 -14 -15
leaf_value=1.480848472980812 0.51484661189348169 0.35036020193692474 0.17219516924685904 -0.15894280923679435 -0.044624972874589733 1.3251772742856431 0.068542585437535317 1.9776833321650824 -0.83220503860049788 0.13729947284131069 0.12669874637845965 -1.5534990718551711 -0.28441451006459023 0.86661801958529683
leaf_weight=126 861 210 72 1938 2208 81 1440 45 144 279 63 51 2520 306
leaf_count=126 861 210 72 1938 2208 81 1440 45 144 279 63 51 2520 306
internal_value=6.92849e-10 -0.0402193 0.382574 0.0402257 0.122491 0.271038 0.235506 0.48517 -0.0907133 0.689281 0.897942 -0.543337 -0.235586 0.518789
internal_weight=10344 9360 984 6630 4692 2484 2403 963 252 711 108 123 2730 585
internal_count=10344 9360 984 6630 4692 2484 2403 963 252 711 108 123 2730 585
is_linear=0
shrinkage=0.05


Tree=62
num_leaves=15
num_cat=0
split_feature=9 11 18 16 10 12 4 2 9 9 18 6 7 16
split_gain=60705.6 50872.1 37002.9 52782.2 32548.3 65601.1 32137.3 70563.8 64814 66104.9 48658.5 62855.3 53929.5 42867.3
threshold=267.17015000000004 492.81720000000001 100.93615000000001 350.23335267857146 302.57975000000005 267.60955000000007 -0.37940952255126065 4.5000000000000009 424.42965000000004 368.22620000000006 246.61495000000002 -0.12546116083924153 0.87291090774974645 309.42426160714291
decision_type=2 2 2 2 2 2 2 2 2 2 2 2 2 2
left_child=2 6 3 4 -1 -6 7 8 9 10 13 12 -12 -2
right_child=1 -3 -4 -5 5 -7 -8 -9 -10 -11 11 -13 -14 -15
leaf_value=-0.46623545298450531 0.17237218585780978 1.1697234114613928 -0.088379477343142068 1.0888185152473548 -2.9667384232793537 -0.53674554624935478 -0.025707865694309509 -0.21578303649149527 -1.6327734973372483 1.3966710393526116 -0.21359251554391975 -1.2608543838818218 1.7661880334218343 0.69015280378661281
leaf_weight=572 891 103 1608 48 42 82 4986 801 41 147 146 107 45 725
leaf_count=572 891 103 1608 48 42 82 4986 801 41 147 146 107 45 725
internal_value=6.94472e-10 0.0657099 -0.22328 -0.514838 -0.625435 -1.35981 0.0512958 0.183552 0.335725 0.374885 0.296409 -0.290663 0.252848 0.404669
internal_weight=10344 7992 2352 744 696 124 7889 2903 2102 2061 1914 298 191 1616
internal_count=10344 7992 2352 744 696 124 7889 2903 2102 2061 1914 298 191 1616
is_linear=0
shrinkage=0.05


Tree=63
num_leaves=15
num_cat=0
split_feature=22 5 22 9 0 9 14 0 0 0 2 9 9 6
split_gain=57455.7 80132.7 61708.3 42017.4 67151.4 62565.9 38835.4 35995.1 34550.4 32017.4 38334.5 30226.2 30175.6 32320
threshold=6.9500000000000011 -0.70710678118654757 20.300000000000004 399.25805000000008 15.500000000000002 262.59275000000008 189.85245000000003 19.500000000000004 4.5000000000000009 13.500000000000002 4.5000000000000009 437.66935000000007 358.24820000000005 -0.159513159777915
decision_type=2 2 2 2 2 2 2 2 2 2 2 2 2 2
left_child=1 9 -2 4 5 -4 -6 11 -7 -1 12 -3 13 -11
right_child=2 7 3 -5 6 8 -8 -9 -10 10 -12 -13 -14 -15
leaf_value=0.32557039610629102 -0.20718666165052135 0.083583714376069124 -1.8117959628502529 -1.330052868028482 1.9515347966303427 0.41797361483606399 0.47353245065237087 -0.29977300108322275 -0.14960737007116251 2.2851804435253142 0.127972477948707 1.4365662269649053 2.5155301678180697 0.69811750669262296
leaf_weight=700 4152 2408 48 48 48 390 600 700 858 40 108 42 40 162
leaf_count=700 4152 2408 48 48 48 390 600 700 858 40 108 42 40 162
internal_value=-5.54699e-10 0.142526 -0.0974297 0.131341 0.167425 -0.0403701 0.583014 0.0164331 0.0277617 0.520804 0.91127 0.106778 1.26084 1.01239
internal_weight=10344 4200 6144 1992 1944 1296 648 3150 1248 1050 350 2450 242 202
internal_count=10344 4200 6144 1992 1944 1296 648 3150 1248 1050 350 2450 242 202
is_linear=0
shrinkage=0.05


Tree=64
num_leaves=15
num_cat=0
split_feature=22 6 15 13 14 25 9 0 28 18 13 7 4 25
split_gain=53701.4 55333.1 37364.2 116375 32257.5 31388.8 40564.3 29036.1 28748.1 52455 45225.4 44089.7 56039.8 29680.8
threshold=-0.84999999999999998 -0.074117382312902977 443.18080000000003 77.831074539680671 227.24735000000001 -0.50000000000000011 381.54325000000006 11.500000000000002 1.0000000180025095e-35 246.89835000000002 26.27716339104035 0.95436825032516992 0.25881904510252091 4.4500000000000011
decision_type=2 2 2 2 2 2 2 2 2 2 2 2 2 2
left_child=5 2 3 4 -2 6 -1 -8 9 10 -3 -10 -13 -11
right_child=1 8 -4 -5 -6 -7 7 -9 11 13 -12 12 -14 -15
leaf_value=0.36506524900959314 0.65771847426615382 0.61283761375480239 0.44620231630418589 -2.4127665221691132 0.025738833419008796 -0.052888490387219156 0.59188479681809747 2.3310212729498745 -0.20635955135374773 -1.1209545867491719 -0.024686667242915267 -0.27289659146751677 -2.7232566852122546 -0.105778366045302
leaf_weight=696 216 360 648 48 3096 384 48 48 3192 144 1224 56 40 144
leaf_count=696 216 360 648 48 3096 384 48 48 3192 144 1224 56 40 144
internal_value=1.49917e-10 -0.0408023 0.0985731 0.0315303 0.0669549 0.318092 0.497961 1.46145 -0.149061 0.00734803 0.120205 -0.238112 -1.29388 -0.613366
internal_weight=10344 9168 4008 3360 3312 1176 792 96 5160 1872 1584 3288 96 288
internal_count=10344 9168 4008 3360 3312 1176 792 96 5160 1872 1584 3288 96 288
is_linear=0
shrinkage=0.05


Tree=65
num_leaves=15
num_cat=0
split_feature=4 2 22 0 0 9 9 23 9 9 11 28 29 9
split_gain=52061.5 46776 66625.3 49184.3 49259.4 37130.7 43948.8 36363.8 34406 32461.3 32228.3 40511.8 47723 45050.5
threshold=0.60355339059327384 4.5000000000000009 -4.1499999999999995 21.500000000000004 12.500000000000002 404.69590000000005 362.4504500000001 27.456250000000001 353.26630000000006 398.86505000000005 281.96710000000002 0.054464285714285694 14.636607142857144 306.49555000000004
decision_type=2 2 2 2 2 2 2 2 2 2 2 2 2 2
left_child=1 2 -1 4 -4 6 7 10 -5 -2 -6 12 -12 -14
right_child=9 -3 3 8 5 -7 -8 -9 -10 -11 11 -13 13 -15
leaf_value=1.0380298633420586 -0.2000841846806195 -0.1268024865123028 -0.030901807853846816 -0.18411617043656561 1.0533898674330471 -1.1144006925159031 1.1317531114329158 1.3884181467195353 -1.4473952426513037 0.88935174970022812 0.75712765230710721 0.031904837213148726 0.49723721304773422 -0.63422474314769106
leaf_weight=204 2947 2108 1770 530 118 45 162 72 60 70 549 1349 207 153
leaf_count=204 2947 2108 1770 530 118 45 162 72 60 70 549 1349 207 153
internal_value=3.59006e-10 0.0719795 0.152269 0.116238 0.173415 0.309626 0.334178 0.281397 -0.312585 -0.174807 0.247851 0.205755 0.463757 0.0163659
internal_weight=10344 7327 5219 5015 4425 2655 2610 2448 590 3017 2376 2258 909 360
internal_count=10344 7327 5219 5015 4425 2655 2610 2448 590 3017 2376 2258 909 360
is_linear=0
shrinkage=0.05


Tree=66
num_leaves=15
num_cat=0
split_feature=9 11 13 23 23 14 15 10 11 13 0 10 14 24
split_gain=49528.4 37925.9 37525.6 35516.4 46830.6 34450.6 39238.1 74629 114788 33336.6 59286.6 37823.3 29256.3 45285.3
threshold=289.46525000000003 492.81720000000001 12.592347737317665 0.4479166666666668 1.2583333333333335 234.62970000000004 378.05510000000004 306.0016500000001 330.49220000000008 57.692165975949358 19.500000000000004 401.96350000000007 270.86590000000007 -0.43065476190476176
decision_type=2 2 2 2 2 2 2 2 2 2 2 2 2 2
left_child=2 9 -1 -4 -5 6 -6 -8 -9 12 -11 -12 -2 -14
right_child=1 -3 3 4 5 -7 7 8 -10 10 11 -13 13 -15
leaf_value=0.55824383371267083 -0.096647252277585638 1.1834752540045146 0.50828031631535853 -1.4514453454770977 -0.23726453299523756 -0.024302451772599928 -0.1819971242977772 -4.0516794995963572 -0.42499650915463766 0.50538776908965966 -0.066549625970534418 -1.72825706847336 -0.27940071479908163 0.26546889782025668
leaf_weight=192 2440 79 192 72 1704 2088 128 40 48 873 134 46 482 1826
leaf_count=192 2440 79 192 72 1704 2088 128 40 48 873 134 46 482 1826
internal_value=3.72553e-10 0.0953293 -0.125568 -0.156301 -0.187576 -0.164871 -0.31774 -0.952605 -2.07349 0.0805106 0.335029 -0.491208 0.024064 0.151679
internal_weight=10344 5880 4464 4272 4080 4008 1920 216 88 5801 1053 180 4748 2308
internal_count=10344 5880 4464 4272 4080 4008 1920 216 88 5801 1053 180 4748 2308
is_linear=0
shrinkage=0.05


Tree=67
num_leaves=15
num_cat=0
split_feature=4 2 22 9 4 9 12 23 13 7 23 9 22 11
split_gain=47454.9 41717.3 58232.4 45499.4 47594.8 34880.2 30347.3 36399.2 45904.3 42328.1 31009.3 28773 27481.4 27374.7
threshold=0.60355339059327384 4.5000000000000009 -4.1499999999999995 424.42965000000004 -0.37940952255126065 362.4504500000001 384.03292291666668 3.2645833333333338 54.991078278162668 0.99681593486783593 26.800000000000008 398.86505000000005 24.700000000000003 467.96960000000007
decision_type=2 2 2 2 2 2 2 2 2 2 2 2 2 2
left_child=1 2 -1 4 5 6 7 8 -4 10 13 -2 -3 -9
right_child=11 12 3 -5 -6 -7 -8 9 -10 -11 -12 -13 -14 -15
leaf_value=0.97263854464844757 -0.19069206088104751 -0.16641429591165718 1.20587348567717 -1.3749665914797315 -0.038088612897238458 0.94385656999631073 -0.78860456549769475 0.14075677299528921 -0.15600764463759131 -1.3362018011675942 1.1727882916153767 0.83498538391930721 0.56844035027658246 1.2083888350745604
leaf_weight=204 2947 1972 198 51 2336 180 72 1900 90 45 81 70 136 62
leaf_count=204 2947 1972 198 51 2336 180 72 1900 90 45 81 70 136 62
internal_value=-1.57798e-11 0.0687212 0.144545 0.11086 0.126125 0.272093 0.222699 0.253345 0.780286 0.180663 0.214074 -0.166894 -0.119004 0.174494
internal_weight=10344 7327 5219 5015 4964 2628 2448 2376 288 2088 2043 3017 2108 1962
internal_count=10344 7327 5219 5015 4964 2628 2448 2376 288 2088 2043 3017 2108 1962
is_linear=0
shrinkage=0.05


Tree=68
num_leaves=15
num_cat=0
split_feature=22 5 22 9 0 9 14 0 0 25 6 23 9 12
split_gain=45571.2 68487.9 49409.3 34631 55447.9 49470.6 34703.4 32744 32013.4 29365.4 27295.5 41735 26837.4 24631
threshold=6.9500000000000011 -0.70710678118654757 20.300000000000004 399.25805000000008 15.500000000000002 262.59275000000008 189.85245000000003 19.500000000000004 4.5000000000000009 6.6500000000000012 -0.94705910369513524 22.872916666666672 347.47680000000008 269.11614166666669
decision_type=2 2 2 2 2 2 2 2 2 2 2 2 2 2
left_child=1 9 12 4 5 -4 -6 -3 -7 -1 -8 -12 -2 -10
right_child=2 7 3 -5 6 8 10 -9 13 -11 11 -13 -14 -15
leaf_value=0.53451953433889032 -0.17123453161916366 0.096529138904749137 -1.6132959509889286 -1.2088019236922265 1.8220080578078826 0.39807107419921806 -0.8369954535365105 -0.29122757187033338 0.77974656016537647 -0.73146343963841609 1.8099082756787539 0.37109365001434486 -1.3604053635150195 -0.22560904828944439
leaf_weight=1002 4104 2450 48 48 48 390 40 700 66 48 56 504 48 792
leaf_count=1002 4104 2450 48 48 48 390 40 700 66 48 56 504 48 792
internal_value=2.37412e-10 0.126932 -0.0867701 0.117937 0.150696 -0.0381247 0.528337 0.010361 0.0224588 0.476646 0.424844 0.514975 -0.184982 -0.148274
internal_weight=10344 4200 6144 1992 1944 1296 648 3150 1248 1050 600 560 4152 858
internal_count=10344 4200 6144 1992 1944 1296 648 3150 1248 1050 600 560 4152 858
is_linear=0
shrinkage=0.05


Tree=69
num_leaves=15
num_cat=0
split_feature=6 4 2 27 9 9 0 11 7 22 5 18 19 19
split_gain=42269 44572 55103.6 68012.7 52316.7 35598.2 30726.9 36501.7 40972.9 30588.9 30105.7 30013.4 36666.2 38254.8
threshold=0.69676570133721638 -0.37940952255126065 4.5000000000000009 22.343750000000004 398.86505000000005 437.66935000000007 4.5000000000000009 434.02505000000002 -0.19337245081799007 4.7000000000000011 -0.9159756150367534 251.83085000000003 509.37290000000007 533.16650000000016
decision_type=2 2 2 2 2 2 2 2 2 2 2 2 2 2
left_child=1 2 3 4 11 6 -3 8 -8 -2 -10 -1 -13 -14
right_child=9 5 -4 -5 -6 -7 7 -9 10 -11 -12 12 13 -15
leaf_value=0.43761328395586169 0.069142484751888944 0.13732882746734962 -0.12901402620573096 1.9787623949585453 -1.3755347496933408 1.3678284321228664 -0.33120602003730837 -1.3577917433530093 0.36960502597614237 -0.27581580293494418 -0.087841596919162712 -1.2858894554553209 0.8115589261819155 -0.42368723346127402
leaf_weight=1575 960 1535 801 63 45 45 1250 60 504 1944 1256 54 117 135
leaf_count=1575 960 1535 801 63 45 45 1250 60 504 1944 1256 54 117 135
internal_value=-6.36583e-10 0.0631464 0.22114 0.362152 0.309272 -0.0316497 -0.0453254 -0.136652 -0.112311 -0.16178 0.0431545 0.349579 -0.103541 0.14982
internal_weight=10344 7440 2790 1989 1926 4650 4605 3070 3010 2904 1760 1881 306 252
internal_count=10344 7440 2790 1989 1926 4650 4605 3070 3010 2904 1760 1881 306 252
is_linear=0
shrinkage=0.05


Tree=70
num_leaves=15
num_cat=0
split_feature=9 13 12 11 13 16 9 13 0 10 25 2 9 12
split_gain=39782.6 33019 31617.4 31005.6 29494.6 43343.4 37005.8 27547.5 53821.9 34629.8 25421.8 34822.3 25016.4 27891.8
threshold=289.46525000000003 12.592347737317665 371.43508958333342 492.81720000000001 44.474205636032089 334.65697916666676 257.79320000000007 57.692165975949358 19.500000000000004 401.96350000000007 3.4000000000000012 3.5000000000000004 378.00475000000006 382.31935416666676
decision_type=2 2 2 2 2 2 2 2 2 2 2 2 2 2
left_child=1 -1 4 7 -3 6 -6 12 10 -10 -9 -12 13 -2
right_child=3 2 -4 -5 5 -7 -8 8 9 -11 11 -13 -14 -15
leaf_value=0.52890008877378325 0.029038008673666838 -0.1021066456928435 1.1346572666739425 1.0693112008367913 -1.4122978007627858 -1.9217133740584058 -0.19670725214954776 0.6194771604423096 -0.077497487291415687 -1.6675072634997576 0.39035550777788286 -1.0295824533700944 0.47405045444888255 -0.42652911205923627
leaf_weight=192 4096 3624 48 79 72 48 480 659 134 46 154 60 286 366
leaf_count=192 4096 3624 48 79 72 48 480 659 134 46 154 60 286 366
internal_value=1.24456e-09 -0.112538 -0.141367 0.085437 -0.155867 -0.480579 -0.355263 0.0720382 0.303405 -0.483833 0.465722 -0.00775794 0.0207263 -0.00833034
internal_weight=10344 4464 4272 5880 4224 600 552 5801 1053 180 873 214 4748 4462
internal_count=10344 4464 4272 5880 4224 600 552 5801 1053 180 873 214 4748 4462
is_linear=0
shrinkage=0.05


Tree=71
num_leaves=15
num_cat=0
split_feature=4 2 22 0 0 9 9 9 11 28 29 13 9 16
split_gain=38902.1 34661 45638.4 41070.9 38668 31202.3 28979.5 33161.2 30117.8 29437.9 44492 44277.4 40203.7 37783.4
threshold=0.60355339059327384 4.5000000000000009 -4.1499999999999995 21.500000000000004 12.500000000000002 353.26630000000006 404.69590000000005 362.4504500000001 301.85270000000008 0.041071428571428557 14.636607142857144 21.636347954638477 306.49555000000004 323.72973184523818
decision_type=2 2 2 2 2 2 2 2 2 2 2 2 2 2
left_child=1 2 -1 4 -4 -5 7 8 -6 10 11 -10 -12 -13
right_child=-2 -3 3 5 6 -7 -8 -9 9 -11 12 13 -14 -15
leaf_value=0.86443348499562811 -0.15110809996786331 -0.10889313270221244 -0.027260818625721384 -0.16800472662731444 0.71516400429069016 -1.3710319784563036 -0.98360221061441644 0.98894385231865778 1.9782950391534901 0.033138676412021804 0.44057658609093697 0.15984128870084202 -0.63455785243519092 1.1070606809204697
leaf_weight=204 3017 2108 1770 530 305 60 45 162 61 1288 205 262 151 176
leaf_count=204 3017 2108 1770 530 305 60 45 162 61 1288 205 262 151 176
internal_value=-2.66952e-10 0.062221 0.131335 0.101515 0.153763 -0.290346 0.274445 0.296135 0.250288 0.184125 0.411576 0.716227 -0.0154495 0.540459
internal_weight=10344 7327 5219 5015 4425 590 2655 2610 2448 2143 855 499 356 438
internal_count=10344 7327 5219 5015 4425 590 2655 2610 2448 2143 855 499 356 438
is_linear=0
shrinkage=0.05


Tree=72
num_leaves=15
num_cat=0
split_feature=9 11 18 16 10 12 13 0 4 11 9 24 2 16
split_gain=37096.8 30740.6 30184.1 36797.3 30062 54841 25885.8 32772.2 30466.8 42183 38294.6 47167.7 37593.1 46116.3
threshold=265.94725000000005 492.81720000000001 100.93615000000001 350.23335267857146 302.57975000000005 272.44560000000007 24.091712159168953 3.5000000000000004 -0.37940952255126065 434.02505000000002 424.42965000000004 -0.43065476190476176 4.5000000000000009 350.68978839285717
decision_type=2 2 2 2 2 2 2 2 2 2 2 2 2 2
left_child=2 6 3 4 -1 -6 -2 -8 10 -10 11 -9 13 -13
right_child=1 -3 -4 -5 5 -7 7 8 9 -11 -12 12 -14 -15
leaf_value=-0.38522971971890135 0.23292243802344081 0.90827955169585151 -0.054069358456066169 0.89103077116111917 -2.5459041993228757 -0.37744572402702437 0.24509802293964361 -0.72682242496583449 -0.13451897354539075 -1.5989116365909577 -1.4360401352549472 0.22141533322918192 -0.20658462986892442 1.4660351062432315
leaf_weight=551 1415 103 1536 48 49 72 1108 159 2988 50 41 1624 522 78
leaf_count=551 1415 103 1536 48 49 72 1108 159 2988 50 41 1624 522 78
internal_value=-1.18746e-10 0.0500084 -0.179285 -0.446413 -0.541945 -1.25558 0.0389374 -0.00284171 -0.0531378 -0.15862 0.0790634 0.105131 0.16461 0.278454
internal_weight=10344 8088 2256 720 672 121 7985 6570 5462 3038 2424 2383 2224 1702
internal_count=10344 8088 2256 720 672 121 7985 6570 5462 3038 2424 2383 2224 1702
is_linear=0
shrinkage=0.05


Tree=73
num_leaves=15
num_cat=0
split_feature=22 5 22 9 0 9 14 0 13 0 25 6 23 9
split_gain=36001.6 59531.4 42082.1 29321.3 46607.5 40457.5 31810.1 28421.3 26194.6 26107.9 25757.4 24344 36800.2 24021.8
threshold=6.9500000000000011 -0.70710678118654757 20.300000000000004 399.25805000000008 15.500000000000002 262.59275000000008 189.85245000000003 19.500000000000004 23.115525502820365 4.5000000000000009 -1.0000000180025095e-35 -0.94705910369513524 22.872916666666672 347.47680000000008
decision_type=2 2 2 2 2 2 2 2 2 2 2 2 2 2
left_child=1 8 13 4 5 -4 -6 -3 -1 -7 -10 -8 -13 -2
right_child=2 7 3 -5 6 9 11 -9 10 -11 -12 12 -14 -15
leaf_value=0.86978025615328203 -0.15475449875751626 0.08441756012269809 -1.4556462906301022 -1.1090030128757158 1.7267378312846025 0.36281480823118151 -0.80258218836039308 -0.27683876405157415 0.55323330773616264 -0.13057154571064389 -0.022059475875717438 1.6901713107313432 0.33909554379615225 -1.279817573633045
leaf_weight=264 4104 2450 48 48 48 390 40 700 432 858 354 56 504 48
leaf_count=264 4104 2450 48 48 48 390 40 700 432 858 354 56 504 48
internal_value=1.35283e-10 0.11282 -0.0771233 0.111796 0.141939 -0.0311756 0.48817 0.00413838 0.438866 0.0236117 0.294132 0.389084 0.474203 -0.167761
internal_weight=10344 4200 6144 1992 1944 1296 648 3150 1050 1248 786 600 560 4152
internal_count=10344 4200 6144 1992 1944 1296 648 3150 1050 1248 786 600 560 4152
is_linear=0
shrinkage=0.05


Tree=74
num_leaves=15
num_cat=0
split_feature=6 4 22 9 14 8 9 22 22 17 13 27 17 10
split_gain=34336.4 35074.1 45853.3 35454.8 37245.1 27927.4 51925.6 32250.2 27914.5 46139.1 33980.6 28727.9 25268.2 98587.4
threshold=0.69676570133721638 0.25881904510252091 -8.5999999999999996 398.86505000000005 354.00470000000007 1.0000000180025095e-35 420.00265000000007 24.150000000000002 14.150000000000002 55.235356402867893 60.560573953084024 16.081250000000004 36.93592095136524 294.18500000000006
decision_type=2 2 2 2 2 2 2 2 2 2 2 2 2 2
left_child=1 2 -1 -3 -5 6 7 -4 9 11 -10 -7 13 -2
right_child=12 3 5 4 -6 8 -8 -9 10 -11 -12 -13 -14 -15
leaf_value=1.7927307555718082 -0.16429717356064755 -0.1007775459553566 0.023275277559462536 2.0435523676872256 -0.0034146201610565185 0.71282442928515166 -1.618621711238571 0.61058984912669989 -0.015652574263065031 0.055616786179433303 1.4569700054735657 1.8989925197760265 -0.094641090140608009 -2.5136665135622027
leaf_weight=42 258 3010 2688 40 50 342 46 256 582 282 42 60 2592 54
leaf_count=42 258 3010 2688 40 50 342 46 256 582 282 42 60 2592 54
internal_value=4.25864e-10 0.0569135 0.148665 -0.0715384 0.906348 0.132599 0.0483005 0.0743461 0.3253 0.54592 0.0834663 0.889864 -0.145811 -0.570919
internal_weight=10344 7440 4340 3100 90 4298 2990 2944 1308 684 624 402 2904 312
internal_count=10344 7440 4340 3100 90 4298 2990 2944 1308 684 624 402 2904 312
is_linear=0
shrinkage=0.05


Tree=75
num_leaves=15
num_cat=0
split_feature=22 6 9 13 9 18 28 7 13 0 18 16 16 4
split_gain=32266 35893.5 27116.6 36679.4 44001.4 24220.1 36467.2 54317.1 36276.5 29472.5 26284.5 25021.5 37234.4 32548.8
threshold=-0.84999999999999998 -0.074117382312902977 399.25805000000008 51.405133082057226 289.46525000000003 246.89835000000002 1.0000000180025095e-35 0.95436825032516992 26.27716339104035 18.500000000000004 245.98705000000004 290.55932232142862 319.57449791666676 0.37940952255126054
decision_type=2 2 2 2 2 2 2 2 2 2 2 2 2 2
left_child=-1 2 3 -2 -5 6 8 11 -3 -7 -10 13 -13 -8
right_child=1 5 -4 4 -6 9 7 -9 10 -11 -12 12 -14 -15
leaf_value=0.24656532985591062 0.029131665858283765 0.54759119066306283 -1.1006488708158335 -1.0076664958770076 0.56799725340032536 -0.28905250291529122 0.098484521544613374 -1.5443293359544543 -0.081310643213024988 -1.4421287512779237 0.90342185840838496 -0.48738620933774562 0.28049999197925596 -0.30928651590767348
leaf_weight=1176 3336 360 48 48 576 266 1305 72 1152 70 72 888 192 783
leaf_count=1176 3336 360 48 48 576 266 1305 72 1152 70 72 888 192 783
internal_value=-2.82012e-11 -0.0316275 0.0806264 0.0949449 0.446792 -0.11882 -0.090231 -0.186353 0.106382 -0.529277 -0.0233852 -0.15549 -0.350873 -0.0544296
internal_weight=10344 9168 4008 3960 624 5160 4824 3240 1584 336 1224 3168 1080 2088
internal_count=10344 9168 4008 3960 624 5160 4824 3240 1584 336 1224 3168 1080 2088
is_linear=0
shrinkage=0.05


Tree=76
num_leaves=15
num_cat=0
split_feature=22 5 22 9 0 9 14 0 0 13 12 27 29 25
split_gain=30570.9 51506.6 34448.7 25814.7 40282.8 35432.1 27602.6 25428.5 23415.2 23287.2 22340.4 21847.9 27705.2 21779.1
threshold=6.9500000000000011 -0.70710678118654757 20.300000000000004 399.25805000000008 15.500000000000002 262.59275000000008 189.85245000000003 19.500000000000004 4.5000000000000009 21.636347954638477 269.11614166666669 0.20208333333333339 0.27053571428571438 -0.50000000000000011
decision_type=2 2 2 2 2 2 2 2 2 2 2 2 2 2
left_child=1 9 -2 4 5 -4 -6 -3 -7 -1 -10 12 -8 -11
right_child=2 7 3 -5 6 8 11 -9 10 13 -12 -13 -14 -15
leaf_value=0.86198936441728657 -0.15307495613603295 0.078806456043460996 -1.3658666608234249 -1.0456163761516413 1.6037783704698088 0.33970878494151224 0.40410301947397081 -0.26290048618585571 0.75627589943734086 0.52728806554858643 -0.2011932650585706 1.1269541283138096 -0.56924704204906118 0.013556637567205307
leaf_weight=222 4152 2450 48 48 48 390 432 700 66 438 792 80 88 390
leaf_count=222 4152 2450 48 48 48 390 432 700 66 438 792 80 88 390
internal_value=-8.63718e-12 0.103963 -0.0710687 0.0998599 0.128143 -0.0327979 0.450025 0.00287158 0.018474 0.407239 -0.127542 0.357725 0.239382 0.285313
internal_weight=10344 4200 6144 1992 1944 1296 648 3150 1248 1050 858 600 520 828
internal_count=10344 4200 6144 1992 1944 1296 648 3150 1248 1050 858 600 520 828
is_linear=0
shrinkage=0.05


Tree=77
num_leaves=15
num_cat=0
split_feature=9 0 25 4 2 5 9 13 18 7 25 0 2 23
split_gain=29508.5 52977.9 59369.4 31957.1 31015.3 40801.7 35919.1 31369.2 39955.7 34425.8 31800.8 29595.6 29000.2 24204.7
threshold=377.60620000000006 18.500000000000004 1.9500000000000008 0.37940952255126054 4.5000000000000009 0.60355339059327384 219.12100000000004 22.345356179534388 263.95865000000009 0.16587474750015932 -9.1999999999999975 4.5000000000000009 5.5000000000000009 8.9958333333333353
decision_type=2 2 2 2 2 2 2 2 2 2 2 2 2 2
left_child=3 -2 -3 4 5 6 -1 8 9 -8 -9 -5 -13 -14
right_child=1 2 -4 11 -6 -7 7 10 -10 -11 -12 12 13 -15
leaf_value=1.718536366969347 0.62105066396438624 0.54939988000826412 -1.7737907221100546 0.064445384499824135 -0.12520444428710653 -0.094250005779177734 0.24675801689426105 1.5362826097011568 -0.73960094374418262 1.1791417320682245 0.11463030748205841 -0.30757387711905809 0.66333994489659875 -0.16826277758748759
leaf_weight=40 418 55 55 1227 1785 1450 180 40 50 220 2370 2094 150 210
leaf_count=40 418 55 55 1227 1785 1450 180 40 50 220 2370 2094 150 210
internal_value=9.98049e-11 0.364124 -0.612195 -0.0195862 0.0502953 0.122311 0.230591 0.209781 0.592995 0.759569 0.138226 -0.136055 -0.236306 0.178238
internal_weight=10344 528 110 9816 6135 4350 2900 2860 450 400 2410 3681 2454 360
internal_count=10344 528 110 9816 6135 4350 2900 2860 450 400 2410 3681 2454 360
is_linear=0
shrinkage=0.05


Tree=78
num_leaves=15
num_cat=0
split_feature=6 4 22 2 9 11 11 9 13 6 15 7 23 19
split_gain=28535.4 30005.4 41010.5 32220.9 27744.3 26877.2 26561.7 25294.1 69449.7 26829.1 26876.8 47546.7 40209.1 34129.9
threshold=0.69676570133721638 -0.37940952255126065 -6.3999999999999995 4.5000000000000009 437.66935000000007 339.93770000000006 434.02505000000002 237.29835000000003 76.213972437697706 -0.84315017450793706 384.07445000000001 0.99681593486783593 12.435416666666669 509.37290000000007
decision_type=2 2 2 2 2 2 2 2 2 2 2 2 2 2
left_child=1 2 -1 7 6 -5 -3 -4 9 -9 11 12 13 -11
right_child=-2 4 3 5 -6 -7 -8 8 -10 10 -12 -13 -14 -15
leaf_value=1.4427258080906338 -0.13292465048257993 -0.022727546675972449 1.433890955315696 -0.010669506359313217 1.2095946094724868 -0.91970759448797823 -0.98413340865749199 -0.072708535086417544 -1.7062954952981739 1.921638713059602 0.19940914057222181 -0.92519651844269701 0.41544514197308025 0.68903276826708748
leaf_weight=63 2904 4532 45 700 45 92 73 414 45 108 828 45 333 117
leaf_count=63 2904 4532 45 700 45 92 73 414 45 108 828 45 333 117
internal_value=-7.38347e-11 0.0518835 0.181514 0.152377 -0.0258949 -0.116265 -0.0379681 0.262333 0.234439 0.281774 0.384328 0.638247 0.764332 1.28068
internal_weight=10344 7440 2790 2727 4650 792 4605 1935 1890 1845 1431 603 558 225
internal_count=10344 7440 2790 2727 4650 792 4605 1935 1890 1845 1431 603 558 225
is_linear=0
shrinkage=0.05


Tree=79
num_leaves=15
num_cat=0
split_feature=9 18 16 10 12 11 23 9 23 9 16 15 23 6
split_gain=27632.6 27675.4 29016.6 27168.6 46867.3 24089.3 21645.5 29663.8 27087.7 33717.1 35118.6 24912.2 26377.3 19620.7
threshold=265.94725000000005 100.93615000000001 350.23335267857146 302.57975000000005 272.44560000000007 492.81720000000001 27.672916666666669 336.70525000000004 27.602083333333333 377.60620000000006 376.68936041666672 312.05505000000005 8.7020833333333343 0.15101559051660998
decision_type=2 2 2 2 2 2 2 2 2 2 2 2 2 2
left_child=1 2 3 -1 -5 6 8 -8 9 11 13 12 -2 -11
right_child=5 -3 -4 4 -6 -7 7 -9 -10 10 -12 -13 -14 -15
leaf_value=-0.34637057186930886 1.4847120719961824 -0.034835045905735267 0.77713631931692362 -2.3666153203467934 -0.36198834598892266 0.80292701524438215 1.1689592536616451 0.12901148942299187 -1.1679396249353886 0.56553305685520172 0.034462801561407422 -0.025713252916645862 0.23168574668525255 1.5764298335752553
leaf_weight=551 48 1536 48 49 72 103 96 240 48 144 253 6748 336 72
leaf_count=551 48 1536 48 49 72 103 96 240 48 144 253 6748 336 72
internal_value=-8.17608e-11 -0.154735 -0.410521 -0.495353 -1.17378 0.0431604 0.0333601 0.426139 0.0161063 0.0235835 0.434241 -0.00342126 0.388314 0.902499
internal_weight=10344 2256 720 672 121 8088 7985 336 7649 7601 469 7132 384 216
internal_count=10344 2256 720 672 121 8088 7985 336 7649 7601 469 7132 384 216
is_linear=0
shrinkage=0.05


Tree=80
num_leaves=15
num_cat=0
split_feature=22 5 22 25 9 0 9 14 0 0 6 23 9 15
split_gain=25743.3 49200.2 34643.7 26235.5 22154.7 35078.1 30337.5 24373.3 21509.2 21030.9 20786 31758.9 20381.7 19387.4
threshold=8.6000000000000032 -0.70710678118654757 20.300000000000004 -0.50000000000000011 399.25805000000008 15.500000000000002 262.59275000000008 189.85245000000003 19.500000000000004 5.5000000000000009 -0.94705910369513524 22.872916666666672 347.47680000000008 373.30625000000003
decision_type=2 2 2 2 2 2 2 2 2 2 2 2 2 2
left_child=1 3 12 -1 5 6 -4 -7 -3 -8 -9 -12 -2 -5
right_child=2 8 4 13 -6 7 9 10 -10 -11 11 -13 -14 -15
leaf_value=0.56840597264402148 -0.15452124264356826 0.057025550892415212 -1.2650854209593188 0.57040553251997783 -0.96876183139781158 1.5031453816841047 0.28085282411939727 -0.76889672286808497 -0.23549013860030377 -0.14311831820714407 1.5405148899448771 0.2853884820353299 -1.1919657091299694 -0.090589685361192107
leaf_weight=672 3456 2828 48 156 48 48 468 40 808 780 56 504 48 384
leaf_count=672 3456 2828 48 156 48 48 468 40 808 780 56 504 48 384
internal_value=-1.55308e-10 0.0839847 -0.0740826 0.359873 0.0924106 0.118612 -0.031572 0.418981 -0.00797794 0.0158709 0.332248 0.410901 -0.168733 0.100364
internal_weight=10344 4848 5496 1212 1992 1944 1296 648 3636 1248 600 560 3504 540
internal_count=10344 4848 5496 1212 1992 1944 1296 648 3636 1248 600 560 3504 540
is_linear=0
shrinkage=0.05


Tree=81
num_leaves=15
num_cat=0
split_feature=9 22 7 0 10 25 4 13 5 24 2 23 2 6
split_gain=24979.6 32995.5 29636.3 35598.8 34750.9 69676.1 40938.4 32573.3 30355.5 24083.7 34534.5 54256.5 23018.7 21458.7
threshold=317.53975000000008 26.400000000000002 -0.19337245081799007 17.500000000000004 310.83260000000001 2.5000000000000009 0.37940952255126054 23.115525502820365 1.0000000180025095e-35 4.826488095238096 2.5000000000000004 0.70624999999999993 4.5000000000000009 0.69676570133721638
decision_type=2 2 2 2 2 2 2 2 2 2 2 2 2 2
left_child=1 2 3 4 -1 6 -6 8 -4 10 11 -9 -12 -2
right_child=13 -3 7 -5 5 -7 -8 9 -10 -11 12 -13 -14 -15
leaf_value=-0.2159735535903396 0.15704410309593209 1.0142507790872413 0.45684731906346443 0.12872793251027664 -0.24748147224242545 -2.7456326753273608 -1.9636187756206931 -2.1750691264867785 -0.018399394027212457 0.025966947127924734 0.16712383675447201 -0.40310812492130532 -0.43259821489763761 -0.33520760442789954
leaf_weight=1491 2856 72 672 600 228 40 41 48 672 2232 480 432 240 240
leaf_count=1491 2856 72 672 600 228 40 41 48 672 2232 480 432 240 240
internal_value=1.67726e-10 -0.050782 -0.061468 -0.204808 -0.315987 -0.798574 -0.509049 0.0105622 0.219224 -0.0711515 -0.251792 -0.580304 -0.0327835 0.118885
internal_weight=10344 7248 7176 2400 1800 309 269 4776 1344 3432 1200 480 720 3096
internal_count=10344 7248 7176 2400 1800 309 269 4776 1344 3432 1200 480 720 3096
is_linear=0
shrinkage=0.05


Tree=82
num_leaves=15
num_cat=0
split_feature=10 10 13 13 0 4 2 15 9 19 12 9 2 22
split_gain=24372.6 30651.1 21945.1 18905.2 29873.5 30795.9 37247.8 25946.8 46593.2 24378 50679.5 24336.1 21320.4 20819.2
threshold=1.0000000180025095e-35 227.86515000000003 134.0837409048402 24.091712159168953 4.5000000000000009 -0.37940952255126065 4.5000000000000009 560.6129000000002 393.29170000000005 533.16650000000016 369.53723541666676 392.40175000000005 5.5000000000000009 9.1500000000000021
decision_type=2 2 2 2 2 2 2 2 2 2 2 2 2 2
left_child=-1 -2 3 13 11 6 7 8 9 10 -6 -5 -8 -3
right_child=1 2 -4 4 5 -7 12 -9 -10 -11 -12 -13 -14 -15
leaf_value=1.06946646229733 -0.42858718631759629 0.27155776613493426 -1.0774554171639941 0.13497509834006904 0.15113324803434758 -0.18309162706707166 -0.44380417132864719 1.0200975634801537 -1.4834545962843633 -0.30222960474059596 1.4301819522071768 1.2149432220944654 0.22674312991961357 -0.033892169940601631
leaf_weight=53 411 1326 46 1534 1765 3057 504 81 45 269 81 54 155 963
leaf_count=53 411 1326 46 1534 1765 3057 504 81 45 269 81 54 155 963
internal_value=-5.11242e-10 -0.00550789 0.0120919 0.0171884 -0.0209963 -0.0723645 0.0443571 0.141529 0.108583 0.142456 0.207256 0.171699 -0.286088 0.143053
internal_weight=10344 10291 9880 9834 7545 5957 2900 2241 2160 2115 1846 1588 659 2289
internal_count=10344 10291 9880 9834 7545 5957 2900 2241 2160 2115 1846 1588 659 2289
is_linear=0
shrinkage=0.05


Tree=83
num_leaves=15
num_cat=0
split_feature=9 18 11 10 26 14 11 23 9 23 9 15 23 16
split_gain=23119.4 24217.7 24349.7 36288 69314.8 29280.1 21387.6 18510.8 25419.5 23166.7 28249.7 21060.2 22774.2 19865.8
threshold=265.94725000000005 100.93615000000001 358.12125000000009 302.57975000000005 0.2541666666666666 225.61210000000003 492.81720000000001 27.672916666666669 336.70525000000004 27.602083333333333 387.41265000000004 312.05505000000005 8.7020833333333343 376.68936041666672
decision_type=2 2 2 2 2 2 2 2 2 2 2 2 2 2
left_child=1 2 3 -1 -5 -4 7 9 -9 10 11 12 -2 -12
right_child=6 -3 5 4 -6 -7 -8 8 -10 -11 13 -13 -14 -15
leaf_value=-0.33837059332923158 1.3791065009931724 -0.029375521605125715 1.3379468261486007 -0.15038263952502839 -2.8305438666211238 -0.31904148265004978 0.75537289606714708 1.081098972192073 0.11841916231283299 -1.0807111511627834 0.91028350609445219 -0.020159005538445053 0.2148010258740258 0.1455506175900427
leaf_weight=508 48 1536 42 52 45 73 103 96 240 48 144 6866 336 207
leaf_count=508 48 1536 42 52 45 73 103 96 240 48 144 6866 336 207
internal_value=5.19389e-10 -0.141535 -0.38081 -0.507581 -1.39376 0.286119 0.0394787 0.0302442 0.393471 0.0142887 0.0212036 -5.72073e-06 0.360339 0.459287
internal_weight=10344 2256 720 605 97 115 8088 7985 336 7649 7601 7250 384 351
internal_count=10344 2256 720 605 97 115 8088 7985 336 7649 7601 7250 384 351
is_linear=0
shrinkage=0.05


Tree=84
num_leaves=15
num_cat=0
split_feature=4 0 2 0 22 11 9 26 23 24 17 14 22 9
split_gain=22815.1 24457 32302.7 43684.6 44553.6 34875.4 27746.3 38896.7 24492.6 23480 41300.7 24213.3 62635.8 21938.1
threshold=0.60355339059327384 20.500000000000004 4.5000000000000009 12.500000000000002 -5.8499999999999988 279.90015000000005 393.29170000000005 2.1937500000000005 3.2645833333333338 2.4723214285714286 63.106855447188671 187.84795000000003 16.400000000000002 381.54325000000006
decision_type=2 2 2 2 2 2 2 2 2 2 2 2 2 2
left_child=1 2 3 13 -5 -6 7 -3 -7 10 -10 12 -11 -1
right_child=-2 6 -4 4 5 8 -8 -9 9 11 -12 -13 -14 -15
leaf_value=-0.059713302856549348 -0.11572106976909727 -0.28758285597923411 -0.092094192542361036 1.6956566798899855 1.2517490472087915 0.58202614324335056 -1.4137758865242913 0.32379222861705675 -1.6426700443029405 -1.7557628924113322 0.43149322355166081 0.2463766681837207 0.51782902045094448 0.74072093877527445
leaf_weight=1752 3017 882 1736 56 87 411 42 369 48 54 48 1683 69 90
leaf_count=1752 3017 882 1736 56 87 411 42 369 48 54 48 1683 69 90
internal_value=-4.13549e-10 0.0476499 0.0899367 0.163461 0.301509 0.268979 -0.149689 -0.107249 0.232013 0.15638 -0.605588 0.196883 -0.480333 -0.0206041
internal_weight=10344 7327 6034 4298 2456 2400 1293 1251 2313 1902 96 1806 123 1842
internal_count=10344 7327 6034 4298 2456 2400 1293 1251 2313 1902 96 1806 123 1842
is_linear=0
shrinkage=0.05


Tree=85
num_leaves=15
num_cat=0
split_feature=22 5 22 24 28 11 9 0 18 16 24 4 7 0
split_gain=21693.5 39046.4 24654.7 21936.7 30377.2 21049.4 20376.8 19279.4 18162.3 17904.6 28559.8 24720.4 21966 22154.1
threshold=6.9500000000000011 -0.70710678118654757 21.950000000000003 4.9699404761904775 1.0000000180025095e-35 390.30565000000007 399.25805000000008 21.500000000000004 258.28425000000004 290.8869345238096 9.4961309523809536 0.37940952255126054 -0.79382744783423187 17.500000000000004
decision_type=2 2 2 2 2 2 2 2 2 2 2 2 2 2
left_child=1 3 9 4 -1 -5 8 -3 -4 10 -2 12 13 -12
right_child=2 7 6 5 -6 -7 -8 -9 -10 -11 11 -13 -14 -15
leaf_value=0.26044050852954387 1.1876618203707039 0.043292287656854445 0.21743717623845235 0.50105644244637881 -1.1305072719852129 1.5780010824020092 -0.89171411835898962 -0.35031079623103145 -0.37560571126329401 -0.21484366610233741 0.10894587901100594 -0.25361540402473709 -0.019723578608908301 0.96487237891507527
leaf_weight=600 48 2800 1248 356 42 52 48 350 144 2304 189 882 1155 126
leaf_count=600 48 2800 1248 356 42 52 48 350 144 2304 189 882 1155 126
internal_value=3.86912e-10 0.0875773 -0.0598673 0.351633 0.169444 0.638314 0.121161 -0.000441388 0.156088 -0.115284 -0.0197071 -0.0443473 0.0812136 0.451316
internal_weight=10344 4200 6144 1050 642 408 1440 3150 1392 4704 2400 2352 1470 315
internal_count=10344 4200 6144 1050 642 408 1440 3150 1392 4704 2400 2352 1470 315
is_linear=0
shrinkage=0.05


Tree=86
num_leaves=15
num_cat=0
split_feature=10 10 13 13 0 4 2 9 13 11 26 9 18 18
split_gain=21119.9 25849.2 18513.1 16925.8 28870.6 25102.6 30653.8 23830.2 21924.5 20389.9 18662.7 18636.3 18986.6 30632.3
threshold=1.0000000180025095e-35 227.86515000000003 134.0837409048402 24.091712159168953 4.5000000000000009 -0.37940952255126065 4.5000000000000009 424.42965000000004 43.227794740285205 434.02505000000002 5.2250000000000005 377.60620000000006 246.61495000000002 245.97765000000004
decision_type=2 2 2 2 2 2 2 2 2 2 2 2 2 2
left_child=-1 -2 3 -3 8 6 7 11 -5 -7 -8 12 13 -6
right_child=1 2 -4 4 5 9 10 -9 -10 -11 -12 -13 -14 -15
leaf_value=0.99554969465957499 -0.39365538182484844 0.13480946880503034 -0.98969672604099568 -0.0062961894573111618 0.14488293837855629 -0.15292420069727711 -0.42156790403117034 -1.0163753666770128 0.3658977522002409 -1.0994299744223726 0.18777021024177765 0.85467502277637475 -0.24810516080922551 1.466021466255188
leaf_weight=53 411 2289 46 840 1756 2999 490 45 748 58 169 89 306 45
leaf_count=53 411 2289 46 840 1756 2999 490 45 748 58 169 89 306 45
internal_value=4.18272e-10 -0.00512721 0.0110352 0.0157163 -0.0204141 -0.0709128 0.0344687 0.122621 0.169019 -0.170882 -0.265304 0.145961 0.116025 0.177893
internal_weight=10344 10291 9880 9834 7545 5957 2900 2241 1588 3057 659 2196 2107 1801
internal_count=10344 10291 9880 9834 7545 5957 2900 2241 1588 3057 659 2196 2107 1801
is_linear=0
shrinkage=0.05


Tree=87
num_leaves=15
num_cat=0
split_feature=22 5 6 5 13 22 8 22 13 15 0 11 23 25
split_gain=19777.6 40669.5 29659.8 28671.7 52354 40261.6 25273.6 28007.8 24870.9 24811 24491.8 33632.1 26114.7 18539.5
threshold=8.6000000000000032 -0.5 -0.24372957273992746 -0.12940952255126037 77.831074539680671 15.300000000000002 1.0000000180025095e-35 9.7000000000000011 26.27716339104035 328.6339000000001 12.500000000000002 307.38730000000004 27.200000000000006 -1.0000000180025095e-35
decision_type=2 2 2 2 2 2 2 2 2 2 2 2 2 2
left_child=1 2 -1 6 5 -5 7 -2 9 -4 -8 -12 -13 -10
right_child=3 -3 8 4 -6 -7 10 -9 13 -11 11 12 -14 -15
leaf_value=0.70289436629178326 -1.4018534224388339 -0.028788883299471713 -0.035295406602980466 -0.15753336975668125 -1.3633254344904653 0.22239859814885632 -0.26807113924285486 -0.32878190808378904 0.24374500082497944 0.80505941846077489 0.81817405860976766 -0.11225869896778694 1.0847477839917552 -0.20955945875288712
leaf_weight=328 66 3232 136 1157 65 1755 840 773 472 248 141 650 49 432
leaf_count=328 66 3232 136 1157 65 1755 840 773 472 248 141 650 49 432
internal_value=5.09076e-10 0.0736131 0.278417 -0.0649338 0.0401167 0.0714435 -0.189084 -0.413195 0.17032 0.507434 -0.0771623 0.113746 -0.0283484 0.0271216
internal_weight=10344 4848 1616 5496 2977 2912 2519 839 1288 384 1680 840 699 904
internal_count=10344 4848 1616 5496 2977 2912 2519 839 1288 384 1680 840 699 904
is_linear=0
shrinkage=0.05


Tree=88
num_leaves=15
num_cat=0
split_feature=10 10 9 9 4 2 23 7 15 6 11 18 18 29
split_gain=19742.7 22104.8 17495.7 29294.4 19991.4 39831.4 35483.8 34155.9 30871.8 31253.3 23171.5 21813.5 28978.9 25929.8
threshold=1.0000000180025095e-35 227.86515000000003 437.66935000000007 424.42965000000004 -0.37940952255126065 4.5000000000000009 3.2645833333333338 0.99681593486783593 435.43605000000008 -0.159513159777915 337.53880000000009 246.61495000000002 245.14305000000004 9.3973214285714306
decision_type=2 2 2 2 2 2 2 2 2 2 2 2 2 2
left_child=-1 -2 3 4 5 6 8 11 -3 -10 -7 12 -8 -13
right_child=1 2 -4 -5 -6 10 7 -9 9 -11 -12 13 -14 -15
leaf_value=0.96254161803825 -0.36424486631405184 1.0732259401626092 0.78655968474017257 -1.2410020764362306 -0.046074757297562517 -0.073319499091131002 0.17168118344946398 -1.2607123826037754 1.4779219819439782 0.04654949535559863 -0.81292295653779978 0.39054553937580855 1.3470759302722637 -0.66795448396400914
leaf_weight=53 411 197 72 47 6024 962 1814 44 45 250 119 90 54 162
leaf_count=53 411 197 72 47 6024 962 1814 44 45 250 119 90 54 162
internal_value=4.88504e-10 -0.00495722 0.00998886 0.0042881 0.0102843 0.101134 0.205275 0.118134 0.588556 0.264894 -0.154737 0.146751 0.205659 -0.289919
internal_weight=10344 10291 9880 9808 9761 3737 2656 2164 492 295 1081 2120 1868 252
internal_count=10344 10291 9880 9808 9761 3737 2656 2164 492 295 1081 2120 1868 252
is_linear=0
shrinkage=0.05


Tree=89
num_leaves=15
num_cat=0
split_feature=13 22 14 16 4 6 14 15 5 6 7 16 16 27
split_gain=18738.4 27975.3 23888.9 24056.2 25466.5 39123.3 25294.6 23941.1 41650.8 42755.2 18058.6 30398.6 19115.4 17080.5
threshold=57.692165975949358 27.250000000000004 234.62970000000004 289.45278511904769 0.37940952255126054 0.51297097409535064 187.84795000000003 376.68465000000009 -0.5 -0.031173458710879235 0.97263757644091875 309.74649523809529 302.19767529761907 1.98125
decision_type=2 2 2 2 2 2 2 2 2 2 2 2 2 2
left_child=2 10 3 4 5 -1 -7 -5 9 -9 11 12 13 -2
right_child=1 -3 -4 7 -6 6 -8 8 -10 -11 -12 -13 -14 -15
leaf_value=0.67977094755585621 0.54314162986766967 -1.0111840431888899 0.027831013501039854 -0.19881494170709779 -0.28303780418185015 -1.1990976326995426 0.020705738879886332 -0.42949193023145205 -0.30453771390867507 -2.6428691626836858 -0.30985565348528327 0.51055067684659505 -0.9562921347872666 -0.11518869712375678
leaf_weight=240 144 48 6264 792 630 45 765 40 176 48 144 648 48 312
leaf_count=240 144 48 6264 792 630 45 765 40 176 48 144 648 48 312
internal_value=-3.11953e-10 0.174146 -0.0260058 -0.149264 -0.0317192 0.119072 -0.0470611 -0.336267 -0.748621 -1.63679 0.218047 0.284035 -0.00719941 0.0927051
internal_weight=10344 1344 9000 2736 1680 1050 810 1056 264 88 1296 1152 504 456
internal_count=10344 1344 9000 2736 1680 1050 810 1056 264 88 1296 1152 504 456
is_linear=0
shrinkage=0.05


Tree=90
num_leaves=15
num_cat=0
split_feature=10 10 13 9 0 13 24 9 10 10 29 7 4 18
split_gain=17967.6 18797.7 15744.8 21551.1 23463.3 36763 19366.5 17987.4 36568.1 22244.1 18608.9 28213.9 22479.1 21152.1
threshold=1.0000000180025095e-35 227.86515000000003 24.091712159168953 317.53975000000008 20.500000000000004 69.804977659806397 26.395833333333339 393.29170000000005 407.05765000000002 467.11780000000005 18.551190476190481 0.7487283477006671 1.0000000180025095e-35 252.16550000000004
decision_type=2 2 2 2 2 2 2 2 2 2 2 2 2 2
left_child=-1 -2 -3 6 7 -6 -4 10 -9 -10 11 12 -5 -13
right_child=1 2 3 4 5 -7 -8 8 9 -11 -12 13 -14 -15
leaf_value=0.91825222094666281 -0.33605163643440261 0.12399776572057555 -0.09687072890350229 0.26126781400987775 -0.10567096537203109 -1.7048833388017446 0.91235710456967356 1.3343462835187498 -0.50280630630257195 0.95389140116050841 -0.32090125732865687 0.63407602608538904 -0.16469771791359081 -0.0035759133419820243
leaf_weight=53 411 2289 4905 547 291 41 48 92 76 40 231 417 714 189
leaf_count=53 411 2289 4905 547 291 41 48 92 76 40 231 417 714 189
internal_value=2.06967e-10 -0.00472912 0.00905363 -0.0256068 0.089832 -0.303164 -0.0870902 0.146412 0.589915 -0.000496752 0.102443 0.154822 0.0200788 0.435204
internal_weight=10344 10291 9880 7591 2638 332 4953 2306 208 116 2098 1867 1261 606
internal_count=10344 10291 9880 7591 2638 332 4953 2306 208 116 2098 1867 1261 606
is_linear=0
shrinkage=0.05


Tree=91
num_leaves=15
num_cat=0
split_feature=9 18 16 10 12 11 16 23 9 22 0 0 25 15
split_gain=16314.7 20327.8 20637.8 21966.6 35515 16288.9 16150.1 14804.1 21170.6 17819.4 29327 31314.3 33466.9 38840
threshold=265.94725000000005 100.93615000000001 350.23335267857146 302.57975000000005 272.44560000000007 492.81720000000001 298.0989788690477 27.672916666666669 336.70525000000004 8.6000000000000032 18.500000000000004 10.500000000000002 -1.0000000180025095e-35 401.2466500000001
decision_type=2 2 2 2 2 2 2 2 2 2 2 2 2 2
left_child=1 2 3 -1 -5 7 -3 9 -9 10 11 -2 -13 -14
right_child=5 6 -4 4 -6 -7 -8 8 -10 -11 -12 12 13 -15
leaf_value=-0.27569391707097013 0.026012633729961709 0.049447099442900669 0.66350026254852612 -2.0580540570677543 -0.31301748342812064 0.65792561319557219 -0.41693240034359474 0.9774691991839064 0.098921404905850066 -0.066636001991955074 -0.17853042991874232 0.59918832483318263 0.63936313213363516 -0.21967166862071658
leaf_weight=551 1826 1320 48 49 72 103 216 96 240 3767 825 649 201 381
leaf_count=551 1826 1320 48 49 72 103 216 96 240 3767 825 649 201 381
internal_value=-4.08883e-11 -0.118896 -0.338113 -0.409657 -1.01969 0.0331638 -0.0161375 0.0251048 0.349935 0.0108359 0.0860128 0.157406 0.352307 0.0770053
internal_weight=10344 2256 720 672 121 8088 1536 7985 336 7649 3882 3057 1231 582
internal_count=10344 2256 720 672 121 8088 1536 7985 336 7649 3882 3057 1231 582
is_linear=0
shrinkage=0.05


Tree=92
num_leaves=15
num_cat=0
split_feature=10 10 9 9 4 2 12 18 18 13 6 9 16 7
split_gain=15773.9 16600.1 15024.9 25905.1 16526.3 35457.4 32343.1 24770.2 26672.2 24867.5 29526.8 28898.8 26087.5 25166.2
threshold=1.0000000180025095e-35 235.90175000000002 437.66935000000007 424.42965000000004 -0.37940952255126065 4.5000000000000009 402.27575833333339 246.61495000000002 245.97765000000004 33.9040277200153 -0.79384350655589164 269.42765000000003 291.45610922619056 0.64414586362404946
decision_type=2 2 2 2 2 2 2 2 2 2 2 2 2 2
left_child=-1 -2 3 4 5 6 7 8 9 10 -3 12 -12 -13
right_child=1 2 -4 -5 -6 -7 -8 -9 -10 -11 11 13 -14 -15
leaf_value=0.86037196989329368 -0.25610132855423667 -0.10294232442975045 0.73118712811006448 -1.1647800302885949 -0.040390120300692112 -0.14852765953527547 1.2380967790467872 -0.22095775832629039 1.2403446934585061 0.068808922284546131 0.6565935584051269 0.58529730350574816 -0.36976083838590634 1.5035316224663686
leaf_weight=53 616 198 72 47 5849 1068 72 360 63 1372 140 206 111 117
leaf_count=53 616 198 72 47 5849 1068 72 360 63 1372 140 206 111 117
internal_value=-4.66106e-10 -0.00443103 0.0115926 0.00619736 0.0119567 0.0945508 0.192924 0.163609 0.226338 0.196543 0.423551 0.605164 0.202708 0.917908
internal_weight=10344 10291 9675 9603 9556 3707 2639 2567 2207 2144 772 574 251 323
internal_count=10344 10291 9675 9603 9556 3707 2639 2567 2207 2144 772 574 251 323
is_linear=0
shrinkage=0.05


Tree=93
num_leaves=15
num_cat=0
split_feature=6 15 13 8 7 22 23 28 9 23 15 11 14 9
split_gain=15384.8 17767.8 27795.1 57015.8 26248.9 23816.9 30842.1 40095.7 18363 23403.2 27822.3 27724 17533.8 17897.5
threshold=0.69676570133721638 449.57390000000004 76.213972437697706 1.0000000180025095e-35 0.97263757644091875 -1.3999999999999997 1.2583333333333335 1.0000000180025095e-35 381.54325000000006 -1.2145833333333329 541.2509500000001 399.83690000000007 189.85245000000003 393.29170000000005
decision_type=2 2 2 2 2 2 2 2 2 2 2 2 2 2
left_child=1 2 5 -4 8 -1 7 -7 9 10 -3 -11 -8 -14
right_child=-2 4 3 -5 -6 6 12 -9 -10 11 -12 -13 13 -15
leaf_value=0.47936875002218804 -0.09760215423672737 -1.0387481967608134 -1.6745451500160353 0.53612686896696693 -0.21261393930046607 -0.21219315440911385 0.68521559089422235 -1.8808524551490944 0.88980593223124738 0.24040456935814181 0.20450655012081068 1.1019802009947948 -0.0073750498463459879 0.786345956593545
leaf_weight=264 2904 72 70 50 312 144 96 48 120 733 120 107 5232 72
leaf_count=264 2904 72 70 50 312 144 96 48 120 733 120 107 5232 72
internal_value=-7.0404e-11 0.0380963 -0.000147901 -0.753432 0.194208 0.0152882 -0.00662114 -0.629358 0.304389 0.236317 -0.261714 0.350153 0.0155206 0.00339944
internal_weight=10344 7440 5976 120 1464 5856 5592 192 1152 1032 192 840 5400 5304
internal_count=10344 7440 5976 120 1464 5856 5592 192 1152 1032 192 840 5400 5304
is_linear=0
shrinkage=0.05


Tree=94
num_leaves=15
num_cat=0
split_feature=10 10 11 13 0 0 23 12 2 22 17 11 25 9
split_gain=14685.8 15003.8 13903.8 13814.8 22414.3 20280.7 28311.6 25122.4 23787.5 33595.6 30816.5 23321.1 23165.3 19532.9
threshold=1.0000000180025095e-35 227.86515000000003 306.42370000000005 24.091712159168953 4.5000000000000009 10.500000000000002 28.433333333333341 260.39739791666676 4.5000000000000009 27.250000000000004 36.787140226981613 412.03540000000004 -9.1999999999999975 393.29170000000005
decision_type=2 2 2 2 2 2 2 2 2 2 2 2 2 2
left_child=-1 2 -2 -3 13 7 8 -6 9 12 -10 -9 -7 -5
right_child=1 3 -4 4 5 6 -8 11 10 -11 -12 -13 -14 -15
leaf_value=0.83016547006818486 -0.18717663089434308 0.11570711751407857 -1.0480252900609264 0.11091261280469539 -1.3259846728960318 1.1195059761733694 1.224997440709368 -0.14974970897175985 -1.196293476660951 -1.2310868919480082 -0.15796132779946911 -1.356478725628155 0.045207695376653319 1.1248754627318407
leaf_weight=53 357 2289 54 1548 49 51 46 1706 78 51 852 41 3120 49
leaf_count=53 357 2289 54 1548 49 51 46 1706 78 51 852 41 3120 49
internal_value=3.63147e-10 -0.00427546 -0.300281 0.00803812 -0.0244285 -0.0687769 -0.00861998 -0.209389 -0.0222872 0.0420104 -0.245047 -0.17807 0.0624859 0.142024
internal_weight=10344 10291 411 9880 7591 5994 4198 1796 4152 3222 930 1747 3171 1597
internal_count=10344 10291 411 9880 7591 5994 4198 1796 4152 3222 930 1747 3171 1597
is_linear=0
shrinkage=0.05


Tree=95
num_leaves=15
num_cat=0
split_feature=13 0 14 17 9 6 13 24 5 13 2 6 11 2
split_gain=14251.2 24791 31822.6 31598.1 18952.4 17496 22833.8 21764.5 26190.6 18425.9 21343.2 17532.6 48242.9 17281.6
threshold=57.692165975949358 19.500000000000004 1.0000000180025095e-35 50.516164121146439 292.91655000000009 0.19337368024598436 27.236258456609526 12.037202380952385 0.37940952255126048 56.639774170829874 3.5000000000000004 0.15101559051660998 282.90090000000004 1.5000000000000002
decision_type=2 2 2 2 2 2 2 2 2 2 2 2 2 2
left_child=5 4 -3 -4 -2 11 7 8 -7 -8 -11 -1 -13 -14
right_child=1 2 3 -5 -6 6 9 -9 -10 10 -12 12 13 -15
leaf_value=0.029503089749444003 -0.16810289473018863 0.44106711424177603 -1.899480724131519 -0.28139062873524384 0.34959717487999137 0.35752559809134254 -0.14881392983092942 -0.2725347442035046 -0.13492297568433667 -1.5983125214775404 -0.10725489718218645 -0.76709434224499606 1.8613155265320094 0.5400315978393263
leaf_weight=4320 220 84 44 96 900 720 2928 360 432 48 48 45 50 49
leaf_count=4320 220 84 44 96 900 720 2928 360 432 48 48 45 50 49
internal_value=7.19338e-10 0.15187 -0.328308 -0.789933 0.247906 -0.0226793 -0.0918376 0.0668116 0.172857 -0.171162 -0.852784 0.0475944 0.590334 1.20735
internal_weight=10344 1344 224 140 1120 9000 4536 1512 1152 3024 96 4464 144 99
internal_count=10344 1344 224 140 1120 9000 4536 1512 1152 3024 96 4464 144 99
is_linear=0
shrinkage=0.05


Tree=96
num_leaves=15
num_cat=0
split_feature=4 11 0 9 26 9 25 2 0 9 23 22 5 6
split_gain=13861.1 24008.1 16007.4 24037.1 29729.5 19440 19651.6 23781.7 21556.6 19301.2 15366.4 13271.3 37872.9 30685.3
threshold=0.78656609248549325 406.94650000000007 20.500000000000004 393.29170000000005 2.1937500000000005 377.60620000000006 -0.50000000000000011 3.5000000000000004 17.500000000000004 424.42965000000004 4.2479166666666677 8.6000000000000032 -0.3794095225512602 -0.2102246306142678
decision_type=2 2 2 2 2 2 2 2 2 2 2 2 2 2
left_child=2 10 5 4 -4 11 7 -7 9 -8 -2 13 -13 -1
right_child=1 -3 3 -5 -6 6 8 -9 -10 -11 -12 12 -14 -15
leaf_value=0.425034454628476 0.14703554112003922 -1.3111842050784972 -0.2499059130241007 -1.308314106365045 0.2845904469368904 1.5976774430251681 -0.0086391782913452543 0.23461277291644367 -0.88152961035569521 1.0659643921564119 -0.16638466907160521 -0.18812580080702901 0.13840775970156674 0.034546926784127963
leaf_weight=640 518 41 882 42 369 64 117 64 42 65 1596 1776 1776 2352
leaf_count=640 518 41 882 42 369 64 117 64 42 65 1596 1776 1776 2352
internal_value=6.56361e-10 -0.112828 0.0296915 -0.13175 -0.0922487 0.0599618 0.42193 0.916145 0.139521 0.375148 -0.0895863 0.0404916 -0.024859 0.118074
internal_weight=10344 2155 8189 1293 1251 6896 352 128 224 182 2114 6544 3552 2992
internal_count=10344 2155 8189 1293 1251 6896 352 128 224 182 2114 6544 3552 2992
is_linear=0
shrinkage=0.05


Tree=97
num_leaves=15
num_cat=0
split_feature=10 13 9 22 23 6 0 6 10 28 16 19 24 0
split_gain=12938.1 12934.9 15709.9 23750.8 17214.6 19536 71064.5 16634.2 15481.4 16817.6 14849.2 40020.4 26636.8 29452.7
threshold=1.0000000180025095e-35 12.592347737317665 317.53975000000008 26.400000000000002 24.616666666666671 -0.62588817255938378 10.500000000000002 0.69676570133721638 349.87140000000005 6.9651785714285728 364.95051011904769 573.47545000000014 1.0776785714285715 10.500000000000002
decision_type=2 2 2 2 2 2 2 2 2 2 2 2 2 2
left_child=-1 -2 3 4 10 6 -6 -4 9 -7 11 -3 -12 -14
right_child=1 2 7 -5 5 8 -8 -9 -10 -11 12 -13 13 -15
leaf_value=0.77920658442209356 0.34145419485725914 -0.051216986630429111 0.11422895953789028 0.84848455960551894 -2.4944098177408294 -0.25498490934260193 0.16057807901021789 -0.31918608173572771 -1.0054162085056306 0.67622746108099818 0.0086523315416099471 -1.5006836239248516 0.038633028756488455 1.8041956363939773
leaf_weight=53 264 6043 2853 72 44 200 59 240 48 64 261 48 44 51
leaf_count=53 264 6043 2853 72 44 200 59 240 48 64 261 48 44 51
internal_value=3.92921e-10 -0.00401302 -0.0131088 -0.054908 -0.064387 -0.376526 -0.973592 0.0805983 -0.179418 -0.0292365 -0.0442942 -0.0626395 0.269585 0.986461
internal_weight=10344 10291 10027 6934 6862 415 103 3093 312 264 6447 6091 356 95
internal_count=10344 10291 10027 6934 6862 415 103 3093 312 264 6447 6091 356 95
is_linear=0
shrinkage=0.05


Tree=98
num_leaves=15
num_cat=0
split_feature=4 11 0 9 26 9 25 2 0 9 23 16 16 9
split_gain=12281.1 21143.8 14605.5 21812.6 26512.5 17066.3 17648.7 21480.2 19454.8 17337.3 13724.3 13385.9 12562.3 12233.2
threshold=0.78656609248549325 406.94650000000007 20.500000000000004 393.29170000000005 2.1937500000000005 377.60620000000006 -0.50000000000000011 3.5000000000000004 17.500000000000004 424.42965000000004 4.2479166666666677 290.34443750000008 305.90243273809529 356.93540000000002
decision_type=2 2 2 2 2 2 2 2 2 2 2 2 2 2
left_child=2 10 5 4 13 -1 7 -7 9 -8 -2 -6 -13 -4
right_child=1 -3 3 -5 11 6 8 -9 -10 -11 -12 12 -14 -15
leaf_value=0.03861960052213418 0.13923029454526559 -1.2308041351597483 -0.18857005677902791 -1.2470619310403155 0.73538828421108149 1.5120821340999102 -0.011510802869103914 0.21665116932708772 -0.84161667194927026 1.0069547169025128 -0.1569706339458089 -0.45781298213017485 0.29998319329378387 -0.94594261013624958
leaf_weight=6544 518 41 825 42 108 64 117 64 42 65 1596 78 183 57
leaf_count=6544 518 41 825 42 108 64 117 64 42 65 1596 78 183 57
internal_value=6.47639e-11 -0.106203 0.0279481 -0.126262 -0.0886328 0.0568624 0.396012 0.864367 0.128381 0.352227 -0.0843916 0.267234 0.0735154 -0.237516
internal_weight=10344 2155 8189 1293 1251 6896 352 128 224 182 2114 369 261 882
internal_count=10344 2155 8189 1293 1251 6896 352 128 224 182 2114 369 261 882
is_linear=0
shrinkage=0.05


Tree=99
num_leaves=15
num_cat=0
split_feature=11 13 18 9 14 18 18 18 6 17 14 8 16 19
split_gain=12066.3 11827.5 13984.2 13401.2 57952.3 20800.1 20539.9 22073.8 20617.6 18504.8 17790.6 20435.5 14195.3 14089
threshold=514.79450000000008 12.592347737317665 245.14305000000004 282.05545000000006 279.90080000000006 265.38960000000003 246.16770000000002 245.98705000000004 0.64579916509010216 44.927890673362022 269.95795000000004 1.0000000180025095e-35 326.73359107142863 614.30520000000013
decision_type=2 2 2 2 2 2 2 2 2 2 2 2 2 2
left_child=1 2 -1 4 5 -3 7 13 -9 -8 11 -11 -12 -5
right_child=-2 3 -4 6 -6 -7 9 8 -10 10 12 -13 -14 -15
leaf_value=0.10278532435186208 0.61953454239246175 -0.08419121632255315 0.9198833975113101 0.068358601542772957 -1.9152502601922945 0.87050188574297671 -0.74942146416564115 0.30714856155238873 1.4821555354011557 -0.15749954367401425 0.57663888291634147 -1.3146309323735157 -0.07103700566567353 -0.37985237488052348
leaf_weight=192 78 3494 72 4784 43 58 118 168 48 108 94 59 846 182
leaf_count=192 78 3494 72 4784 43 58 118 168 48 108 94 59 846 182
internal_value=8.23506e-11 -0.00470716 0.32563 -0.0134263 -0.0906901 -0.0686022 0.0299267 0.073454 0.568261 -0.154203 -0.0907556 -0.566306 -0.00626942 0.051932
internal_weight=10344 10266 264 10002 3595 3552 6407 5182 216 1225 1107 167 940 4966
internal_count=10344 10266 264 10002 3595 3552 6407 5182 216 1225 1107 167 940 4966
is_linear=0
shrinkage=0.05


Tree=100
num_leaves=15
num_cat=0
split_feature=28 25 5 9 29 24 16 11 15 15 28 5 2 15
split_gain=11768.3 25804.8 25822.2 22802.1 26703.6 28067.8 28747.2 20401.5 19812.7 32599.8 36891.7 100809 19411.6 18495.8
threshold=0.053571428571428555 1.6500000000000006 1.0000000180025095e-35 381.54325000000006 15.061011904761905 1.2136904761904765 374.19989345238099 359.30715000000004 378.05510000000004 466.35420000000005 1.0000000180025095e-35 -0.12940952255126037 2.5000000000000004 431.79415000000006
decision_type=2 2 2 2 2 2 2 2 2 2 2 2 2 2
left_child=1 2 3 4 7 13 12 -1 -3 10 -10 -12 -7 -6
right_child=-2 8 -4 -5 5 6 -8 -9 9 -11 11 -13 -14 -15
leaf_value=0.29148301818537237 -0.046030127999213161 0.15025031996026106 -9.2927006698026235e-05 1.252474516555667 0.73292136150553377 -1.1013344292591016 0.64296051363150286 0.86219080265960091 -0.31275091175533215 0.037416054083466106 -3.1700155229053717 0.081815712340176108 0.00013105750083923341 -0.08647375618004137
leaf_weight=685 5928 504 1452 60 132 120 48 203 384 528 44 52 60 144
leaf_count=685 5928 504 1452 60 132 120 48 203 384 528 44 52 60 144
internal_value=-2.36775e-11 0.0617904 0.149004 0.298101 0.256964 -0.0337237 -0.444255 0.421949 -0.105715 -0.233697 -0.531922 -1.40861 -0.734179 0.305411
internal_weight=10344 4416 2904 1452 1392 504 228 888 1512 1008 480 96 180 276
internal_count=10344 4416 2904 1452 1392 504 228 888 1512 1008 480 96 180 276
is_linear=0
shrinkage=0.05


Tree=101
num_leaves=15
num_cat=0
split_feature=10 23 25 6 11 23 2 0 9 0 26 25 9 5
split_gain=12181.3 12034.4 25001.6 22232.1 29374.8 21646.9 20283.1 20197.5 20702.2 18404 40557.8 17345.6 21166.9 17567.5
threshold=1.0000000180025095e-35 12.189583333333333 -6.5999999999999988 -0.2270106897347694 401.93200000000007 12.154166666666669 1.5000000000000002 2.5000000000000004 399.25805000000008 16.500000000000004 2.1937500000000005 1.6500000000000006 437.66935000000007 -0.70710678118654757
decision_type=2 2 2 2 2 2 2 2 2 2 2 2 2 2
left_child=-1 3 -3 4 -2 11 -4 -8 9 -9 -11 13 -13 -5
right_child=1 2 6 5 -6 -7 7 8 -10 10 -12 12 -14 -15
leaf_value=0.75607182875556767 0.16306310240520655 -0.71174911590189582 0.13372452153793227 0.28083075712750055 1.1001879197359086 1.0475885383784771 0.21946068930281082 -0.22562058785712 -1.25462806224823 -0.39282242725521588 0.28719474101506187 -0.1807705108774974 0.88510205208634352 -0.015619211946718288
leaf_weight=53 1180 144 1200 665 90 48 417 1920 42 342 611 1573 48 2011
leaf_count=53 1180 144 1200 665 90 48 417 1920 42 342 611 1573 48 2011
internal_value=3.35374e-10 -0.00389387 -0.0631443 0.045448 0.229474 -0.00834077 -0.0425354 -0.106014 -0.152575 -0.136464 0.0431592 -0.0201361 -0.149209 0.0580502
internal_weight=10344 10291 4676 5615 1270 4345 4532 3332 2915 2873 953 4297 1621 2676
internal_count=10344 10291 4676 5615 1270 4345 4532 3332 2915 2873 953 4297 1621 2676
is_linear=0
shrinkage=0.05


Tree=102
num_leaves=15
num_cat=0
split_feature=10 10 11 13 13 13 9 12 12 12 18 11 11 11
split_gain=10993.6 11447.3 11986.4 11718.1 10323.7 49224.1 24897.1 20378.1 27507.8 19704 19078.3 17239.3 13739.9 18975.9
threshold=1.0000000180025095e-35 224.26325000000003 306.42370000000005 134.0837409048402 78.009786898730354 77.468135043253696 381.54325000000006 381.33431666666678 366.65748333333335 386.37306041666676 246.38840000000002 383.99520000000007 282.90090000000004 364.08505000000008
decision_type=2 2 2 2 2 2 2 2 2 2 2 2 2 2
left_child=-1 2 -2 4 5 6 7 8 -3 -9 12 -10 -8 -14
right_child=1 3 -4 -5 -6 -7 10 9 11 -11 -12 -13 13 -15
leaf_value=0.71826823543546336 -0.17067127900680279 -0.0092825820165902805 -1.0331310421862501 -0.79030114179072175 0.33078250891880179 -1.6127059302431475 0.14462250655805561 -0.81307288301565372 0.21077359811807017 -0.1140091548241409 -0.028479545687635738 0.92742137657315071 1.3649424555985368 0.11260484415431356
leaf_weight=53 282 8353 47 46 244 47 71 144 318 336 144 114 102 43
leaf_count=53 282 8353 47 46 244 47 71 144 318 336 144 114 102 43
internal_value=2.19956e-10 -0.00369918 -0.29388 0.00588418 0.00957766 0.00147448 0.00935671 -0.00649487 0.0108383 -0.323728 0.417315 0.399889 0.714511 0.99356
internal_weight=10344 10291 329 9962 9916 9672 9625 9265 8785 480 360 432 216 145
internal_count=10344 10291 329 9962 9916 9672 9625 9265 8785 480 360 432 216 145
is_linear=0
shrinkage=0.05


Tree=103
num_leaves=15
num_cat=0
split_feature=11 13 18 9 14 18 16 19 9 12 6 16 10 12
split_gain=10834.4 10338.9 12145 10890.9 50887.7 19205.8 19387.9 21656.8 28181.2 27286.7 29715.4 20977.5 25786.1 47768.6
threshold=514.79450000000008 12.592347737317665 245.14305000000004 282.05545000000006 279.90080000000006 246.16770000000002 312.42709970238099 614.30520000000013 381.54325000000006 381.33431666666678 -0.86976336936302323 291.95149732142858 400.22635000000008 341.2827916666667
decision_type=2 2 2 2 2 2 2 2 2 2 2 2 2 2
left_child=1 2 -1 4 -3 6 11 8 9 10 -8 -5 -13 -14
right_child=-2 3 -4 5 -6 -7 7 -9 -10 -11 -12 12 13 -15
leaf_value=0.096715622674673804 0.5870593751947849 -0.06156689973682529 0.85818874430325298 0.11042387232068361 -1.7920019099878712 -0.15157905668176103 -0.47246326284172641 -0.30215288149962283 0.88389087377323039 -0.3501303401771661 0.27203986042823514 -0.1168411501850099 -2.2768323280848564 0.097898953888151397
leaf_weight=192 78 3552 72 1272 43 1225 144 230 144 233 1935 1139 40 45
leaf_count=192 78 3552 72 1272 43 1225 144 230 144 233 1935 1139 40 45
internal_value=-4.63258e-10 -0.00446042 0.30439 -0.0126124 -0.0822647 0.0264698 0.0685597 0.16179 0.205237 0.162968 0.220473 -0.0317671 -0.179534 -1.01962
internal_weight=10344 10266 264 10002 3595 6407 5182 2686 2456 2312 2079 2496 1224 85
internal_count=10344 10266 264 10002 3595 6407 5182 2686 2456 2312 2079 2496 1224 85
is_linear=0
shrinkage=0.05


Tree=104
num_leaves=15
num_cat=0
split_feature=4 2 14 9 18 28 26 13 13 11 23 11 0 27
split_gain=10553 31258.9 34219.6 47141.6 27726 25357.7 28552.5 33256.3 45703.6 35744.1 28958.8 26305.9 22569.8 20745.3
threshold=-0.37940952255126065 4.5000000000000009 366.15630000000004 393.29170000000005 246.61495000000002 0.054464285714285694 4.085416666666668 51.72419690962338 59.316900017886923 307.38730000000004 22.618750000000002 401.93200000000007 20.500000000000004 0.79166666666666696
decision_type=2 2 2 2 2 2 2 2 2 2 2 2 2 2
left_child=1 2 3 4 5 -1 7 9 -9 12 -8 -12 -7 -11
right_child=-2 -3 -4 -5 -6 6 10 8 -10 13 11 -13 -14 -15
leaf_value=0.45330622666354836 -0.039119226847148997 -0.15813544477176716 1.4017121225043581 -1.4742657616403367 -0.24460623837341139 1.0481416768771559 1.2514444351380254 -2.1041401786274383 -0.11675640486962634 -0.9348963276545208 0.39257132092573288 -0.57500963458525278 0.027320195612858755 -0.042902848229044117
leaf_weight=783 6465 1116 54 45 369 121 81 45 81 75 429 84 98 498
leaf_count=783 6465 1116 54 45 369 121 81 45 81 75 429 84 98 498
internal_value=-2.00497e-11 0.0651987 0.155405 0.130562 0.157671 0.22235 0.102748 -0.0720304 -0.826536 0.0480046 0.372861 0.234137 0.591336 -0.159656
internal_weight=10344 3879 2763 2709 2664 2295 1512 918 126 792 594 513 219 573
internal_count=10344 3879 2763 2709 2664 2295 1512 918 126 792 594 513 219 573
is_linear=0
shrinkage=0.05


Tree=105
num_leaves=15
num_cat=0
split_feature=10 23 25 6 23 2 0 9 0 26 9 17 25 5
split_gain=9781.06 10376.3 22087.3 20114.4 19323.1 17005.5 18473.9 19662.2 18284.1 35756.2 16533.7 16203.7 15646.6 18513
threshold=1.0000000180025095e-35 12.189583333333333 -6.5999999999999988 -0.30983472475487867 12.154166666666669 1.5000000000000002 3.5000000000000004 399.25805000000008 16.500000000000004 2.1937500000000005 299.86805000000004 45.281086855314427 1.6500000000000006 1.0000000180025095e-35
decision_type=2 2 2 2 2 2 2 2 2 2 2 2 2 2
left_child=-1 3 -3 -2 12 -4 -7 8 -8 10 -10 -11 13 -5
right_child=1 2 5 4 -6 6 7 -9 9 11 -12 -13 -14 -15
leaf_value=0.6775002592541981 0.22869623726752503 -0.66813866628540897 0.122255897656704 0.18673244033439179 0.99206643073509138 0.16580862089281354 -0.22835770996962063 -1.2504865869879724 -0.2142344844647609 0.59664908302316477 -1.1605700411579825 0.067806861244638764 -0.13731562712096143 -0.072870365145618357
leaf_weight=53 1151 144 1200 1372 48 556 1783 40 287 236 55 375 1669 1375
leaf_count=53 1151 144 1200 1372 48 556 1783 40 287 236 55 375 1669 1375
internal_value=-4.57417e-10 -0.00348922 -0.0585065 0.0423275 -0.0057259 -0.039136 -0.0972604 -0.14995 -0.13386 0.0429382 -0.366423 0.272073 -0.0165715 0.0567893
internal_weight=10344 10291 4676 5615 4464 4532 3332 2776 2736 953 342 611 4416 2747
internal_count=10344 10291 4676 5615 4464 4532 3332 2776 2736 953 342 611 4416 2747
is_linear=0
shrinkage=0.05


Tree=106
num_leaves=15
num_cat=0
split_feature=7 7 2 11 22 6 9 9 9 13 14 9 14 25
split_gain=9522.32 15481.5 13612.9 12590.7 12520.1 10608.3 20035 14479.6 14289.1 17404.2 16184.5 13924.7 14353.7 23854.9
threshold=0.99988440732898443 0.99681593486783593 1.0000000180025095e-35 492.81720000000001 -2.4999999999999996 0.19337368024598436 241.27835000000002 205.31900000000005 424.42965000000004 49.620569306336328 350.27010000000007 381.54325000000006 281.99270000000007 6.6500000000000012
decision_type=2 2 2 2 2 2 2 2 2 2 2 2 2 2
left_child=1 3 -3 5 -5 6 -1 -7 9 10 -8 12 -9 -14
right_child=-2 2 -4 4 -6 7 8 11 -10 -11 -12 -13 13 -15
leaf_value=-0.96319487068491672 0.70260433858881399 -1.1772629812359809 -0.2049760061885334 -0.18099445611238482 0.91958749288157249 0.65917883490172913 0.013043272496164542 -0.045293511344602688 -0.63548690475937397 0.26433924023128169 0.93719089427031577 0.36616887974577983 -0.2198855756386453 -1.445465033787281
leaf_weight=48 48 48 144 40 73 71 3643 4406 72 957 48 185 518 43
leaf_count=48 48 48 144 40 73 71 3643 4406 72 957 48 185 518 43
internal_value=4.77186e-13 -0.00327554 -0.448048 0.00517618 0.530001 -0.000759679 0.053164 -0.0499858 0.0634999 0.0743276 0.0250614 -0.0597589 -0.0756229 -0.313825
internal_weight=10344 10296 192 10104 113 9991 4768 5223 4720 4648 3691 5152 4967 561
internal_count=10344 10296 192 10104 113 9991 4768 5223 4720 4648 3691 5152 4967 561
is_linear=0
shrinkage=0.05


Tree=107
num_leaves=15
num_cat=0
split_feature=15 13 18 13 10 22 16 7 10 13 22 13 2 4
split_gain=9222.29 10008.1 11849.4 9641.28 21642.4 40673.1 15549.1 14107.7 13696.6 12660.7 12078.4 20192.9 17803.4 11781.8
threshold=252.69990000000004 13.282353800303133 245.14305000000004 57.692165975949358 330.01170000000008 25.850000000000005 309.74649523809529 0.97263757644091875 476.20150000000007 77.831074539680671 26.400000000000002 56.639774170829874 3.5000000000000004 -0.78656609248549292
decision_type=2 2 2 2 2 2 2 2 2 2 2 2 2 2
left_child=-1 2 -2 10 6 7 -5 8 -6 -8 11 13 -13 -3
right_child=1 3 -4 4 5 -7 9 -9 -10 -11 -12 12 -14 -15
leaf_value=-0.69144685386369631 0.083823517055716376 0.088743375832155219 0.74109788698454704 0.09170584352873333 0.028982780110744535 -1.4999820559265766 0.43096406024831135 -0.51622691612580041 0.78015336496489396 1.2714966011268123 0.29308300491215455 -1.438141953572631 -0.076333690931399675 -0.058546400506106593
leaf_weight=48 240 1715 96 353 456 47 263 101 70 54 288 48 48 6517
leaf_count=48 240 1715 96 353 456 47 263 101 70 54 288 48 48 6517
internal_value=-5.96122e-11 0.00322353 0.271616 -0.00583068 0.118724 -0.0813222 0.319965 0.0250207 0.128948 0.574146 -0.0252599 -0.0362688 -0.757238 -0.027861
internal_weight=10344 10296 336 9960 1344 674 670 627 526 317 8616 8328 96 8232
internal_count=10344 10296 336 9960 1344 674 670 627 526 317 8616 8328 96 8232
is_linear=0
shrinkage=0.05


Tree=108
num_leaves=15
num_cat=0
split_feature=4 23 9 0 9 26 2 0 11 13 27 15 6 18
split_gain=9011.05 14698.6 14213.8 13876.2 19717.5 20318.6 19350.8 26230.9 29874.6 29165.1 25627.9 27533.5 24757.2 21660.6
threshold=0.60355339059327384 28.395833333333339 398.86505000000005 20.500000000000004 393.29170000000005 2.1937500000000005 4.5000000000000009 12.500000000000002 301.85270000000008 48.306518371419862 15.043750000000001 435.43605000000008 -0.159513159777915 246.89835000000002
decision_type=2 2 2 2 2 2 2 2 2 2 2 2 2 2
left_child=3 2 -2 6 5 -5 7 -1 9 -9 13 -12 -13 -10
right_child=1 -3 -4 4 -6 -7 -8 8 10 -11 11 12 -14 -15
leaf_value=-0.023926369336025561 -0.075688035526008418 -1.0015619701572829 0.68341706641136657 -0.21325803032976973 -1.1843121603042597 0.2286150884024577 -0.07909042565962128 1.0128183580271088 0.14915909475922814 -0.29530725866832114 1.070776661914097 1.3771936833299696 0.034404500727811142 -0.37489710283688216
leaf_weight=1842 2912 42 63 882 42 369 1736 202 1546 54 146 40 242 226
leaf_count=1842 2912 42 63 882 42 369 1736 202 1546 54 146 40 242 226
internal_value=-3.26838e-10 -0.0727258 -0.0596129 0.0299459 -0.118697 -0.0829214 0.0617981 0.118704 0.225677 0.736886 0.166191 0.513428 0.224871 0.0823212
internal_weight=10344 3017 2975 7327 1293 1251 6034 4298 2456 256 2200 428 282 1772
internal_count=10344 3017 2975 7327 1293 1251 6034 4298 2456 256 2200 428 282 1772
is_linear=0
shrinkage=0.05


Tree=109
num_leaves=15
num_cat=0
split_feature=28 25 5 15 15 28 5 29 15 10 9 14 22 27
split_gain=8929.75 18345.3 19471.6 18256.5 27399.6 31895.7 93036.2 16649.3 17748.6 16778.3 43774.3 39490.7 16056.8 22996.7
threshold=0.053571428571428555 1.6500000000000006 -0.70710678118654757 378.05510000000004 466.35420000000005 1.0000000180025095e-35 -0.12940952255126037 10.162797619047621 454.28500000000003 373.05660000000006 398.86505000000005 220.97655000000003 25.300000000000004 1.0000000180025095e-35
decision_type=2 2 2 2 2 2 2 2 2 2 2 2 2 2
left_child=1 2 -1 -3 5 -5 -7 8 9 10 -2 -11 13 -13
right_child=7 3 -4 4 -6 6 -8 -9 -10 11 -12 12 -14 -15
leaf_value=0.3516109454840648 -0.027975093516725544 0.15829785199325888 0.052610233735123829 -0.27987785777659158 0.038288276186071793 -2.9909718636762013 0.13297447814391211 -0.35848717588426859 0.3820440805376028 -1.8285093195282105 1.5743522652359898 -0.78888890851341509 0.44348236302343702 0.20686225819648529
leaf_weight=726 4878 504 2178 384 528 44 52 384 264 41 43 142 78 98
leaf_count=726 4878 504 2178 384 528 44 52 384 264 41 43 142 78 98
internal_value=-2.25701e-10 0.0538251 0.12736 -0.0874093 -0.210263 -0.483669 -1.29883 -0.0400965 -0.0180434 -0.0380478 -0.0139739 -0.368042 -0.179742 -0.382291
internal_weight=10344 4416 2904 1512 1008 480 96 5928 5544 5280 4921 359 318 240
internal_count=10344 4416 2904 1512 1008 480 96 5928 5544 5280 4921 359 318 240
is_linear=0
shrinkage=0.05


Tree=110
num_leaves=15
num_cat=0
split_feature=10 10 11 13 0 4 11 17 25 9 24 12 18 25
split_gain=8852.68 9473.75 10648.1 9766.89 20649.4 14426.1 16823.3 16719.9 35863.5 16751.9 22250.2 18597 26253.3 28431.8
threshold=1.0000000180025095e-35 224.26325000000003 306.42370000000005 24.091712159168953 4.5000000000000009 -0.37940952255126065 434.02505000000002 36.880573508586913 2.5000000000000009 424.42965000000004 -0.43065476190476176 369.16087916666669 246.16770000000002 -0.59999999999999976
decision_type=2 2 2 2 2 2 2 2 2 2 2 2 2 2
left_child=-1 2 -2 -3 -5 7 -7 8 -6 10 -9 12 -12 -14
right_child=1 3 -4 4 5 6 -8 9 -10 -11 11 -13 13 -15
leaf_value=0.64454597212233633 -0.15117658393404693 0.095403830728917449 -0.96406420808523263 0.13714628116601488 -0.10622871969462422 -0.12323697394884264 -0.98284257547608744 -0.44213040623909389 -1.6429069130288232 -0.9015522852871154 0.1332245199713431 0.53669349736828575 0.33182800852590139 -0.75659249929090344
leaf_weight=53 282 2314 47 1612 243 3052 58 195 45 45 1894 234 90 180
leaf_count=53 282 2314 47 1612 243 3052 58 195 45 45 1894 234 90 180
internal_value=-4.0331e-10 -0.0033195 -0.267303 0.0053987 -0.0218335 -0.0642913 -0.139268 0.0154005 -0.346335 0.0548924 0.0714909 0.113257 0.06747 -0.393786
internal_weight=10344 10291 329 9962 7648 6036 3110 2926 288 2638 2593 2398 2164 270
internal_count=10344 10291 329 9962 7648 6036 3110 2926 288 2638 2593 2398 2164 270
is_linear=0
shrinkage=0.05


Tree=111
num_leaves=15
num_cat=0
split_feature=9 9 22 0 9 16 12 9 23 25 6 23 5 22
split_gain=8768.68 16091.7 10515.1 18139.9 22121 19949 26859.9 14703.2 11723.3 18672.7 17459.6 18099.5 16087.6 24181.5
threshold=437.66935000000007 424.42965000000004 24.150000000000002 14.500000000000002 336.70525000000004 302.19767529761907 307.50394166666672 343.06335000000007 12.189583333333333 -6.5999999999999988 -0.30983472475487867 11.302083333333334 -0.12940952255126037 14.700000000000001
decision_type=2 2 2 2 2 2 2 2 2 2 2 2 2 2
left_child=1 2 8 5 -5 -4 -7 -6 10 -10 -1 -12 -11 -14
right_child=-2 -3 3 4 7 6 -8 -9 9 12 11 -13 13 -15
leaf_value=0.20801914127397245 0.54986263985435169 -0.91719649632771816 0.57965250042932381 1.2765686555041207 -0.54481948342588216 -1.3475355319182079 -0.016367861966912946 0.51867284601570196 -0.63626081053581507 -0.16673738138426986 -0.035080317254154114 0.41150016597472128 -0.23261633165255438 0.14266932225266604
leaf_weight=1152 72 48 105 72 45 45 240 117 144 1793 4152 240 598 1521
leaf_count=1152 72 48 105 72 45 45 240 117 144 1793 4152 240 598 1521
internal_value=-9.38053e-11 -0.00385418 0.000433815 0.199322 0.547354 -0.00949711 -0.226552 0.223258 -0.0124939 -0.0770923 0.0347663 -0.010677 -0.0565094 0.0367605
internal_weight=10344 10272 10224 624 234 390 285 162 9600 4056 5544 4392 3912 2119
internal_count=10344 10272 10224 624 234 390 285 162 9600 4056 5544 4392 3912 2119
is_linear=0
shrinkage=0.05


Tree=112
num_leaves=15
num_cat=0
split_feature=7 7 2 11 22 6 9 9 9 13 0 14 12 14
split_gain=8604.65 13866.9 12465.7 10923.7 12069.4 8488.74 16588.8 13034.1 11829.7 13861.7 20679.6 30248.8 51097.2 19555.2
threshold=0.99988440732898443 0.99681593486783593 1.0000000180025095e-35 492.81720000000001 -2.4999999999999996 0.19337368024598436 241.27835000000002 205.31900000000005 381.54325000000006 27.236258456609526 4.5000000000000009 281.99270000000007 358.61829791666679 207.30400000000003
decision_type=2 2 2 2 2 2 2 2 2 2 2 2 2 2
left_child=1 3 -3 5 -5 6 -1 -7 9 13 -11 -12 -13 -9
right_child=-2 2 -4 4 -6 7 -8 8 -10 10 11 12 -14 -15
leaf_value=-0.87723201587796218 0.66789145380025738 -1.1218678663174311 -0.1914513096950638 -0.20434608966112139 0.87624267091183639 0.6281584701067966 0.05699808669210682 -0.28307446714442891 0.33863076121017743 0.11181980393257991 -0.12467208292354218 -2.1461341853874427 -0.37470369080164989 0.16646372077696048
leaf_weight=48 48 48 144 40 73 71 4720 312 185 755 2507 48 268 1077
leaf_count=48 48 48 144 40 73 71 4720 312 185 755 2507 48 268 1077
internal_value=-6.5803e-10 -0.00311371 -0.424055 0.00488518 0.493733 -0.000643782 0.0475931 -0.0446785 -0.0539509 -0.0685729 -0.120616 -0.18278 -0.643782 0.0654875
internal_weight=10344 10296 192 10104 113 9991 4768 5223 5152 4967 3578 2823 316 1389
internal_count=10344 10296 192 10104 113 9991 4768 5223 5152 4967 3578 2823 316 1389
is_linear=0
shrinkage=0.05


Tree=113
num_leaves=15
num_cat=0
split_feature=28 24 24 11 15 16 16 29 15 10 9 14 23 10
split_gain=8258.98 17137.7 28326.1 24843.8 32805.3 24928.6 20984.5 14782 14271.2 15676.3 40417.1 34574.4 14221.2 32174.8
threshold=0.053571428571428555 3.8538690476190487 3.6964285714285716 353.79745000000008 385.54940000000005 325.3110175595238 324.96435297619053 10.162797619047621 454.28500000000003 373.05660000000006 398.86505000000005 220.97655000000003 10.195833333333335 321.29625000000004
decision_type=2 2 2 2 2 2 2 2 2 2 2 2 2 2
left_child=1 2 -1 12 5 -5 -6 8 9 10 -2 -11 -3 -14
right_child=7 3 -4 4 6 -7 -8 -9 -10 11 -12 -13 13 -15
leaf_value=-0.016213528864734639 -0.025903258990660018 0.14855389883218253 -1.2435588338722787 1.4287140072385471 -0.43733655168223629 0.1180506939928119 0.58269591743037819 -0.33856578315899244 0.34097873698920012 -1.7212306398080619 1.5137550018554511 -0.17850379288846732 -0.0069511161794265121 -1.3432910124648292
leaf_weight=2280 4878 1361 48 120 97 52 105 384 264 41 43 318 300 53
leaf_count=2280 4878 1361 48 120 97 52 105 384 264 41 43 318 300 53
internal_value=1.85297e-10 0.0517641 -0.0415196 0.15577 0.524989 1.03247 0.0928783 -0.0385611 -0.0177815 -0.0357196 -0.0124496 -0.354693 0.0752054 -0.207591
internal_weight=10344 4416 2328 2088 374 172 202 5928 5544 5280 4921 359 1714 353
internal_count=10344 4416 2328 2088 374 172 202 5928 5544 5280 4921 359 1714 353
is_linear=0
shrinkage=0.05


Tree=114
num_leaves=15
num_cat=0
split_feature=4 8 9 23 22 17 18 25 24 9 23 23 16 13
split_gain=7909.65 21543.9 45128 23040.3 35440.1 40837.6 22040 36816.8 22938.7 23285.3 19760.5 18882.7 21281.8 18532.4
threshold=0.37940952255126054 1.0000000180025095e-35 424.42965000000004 27.456250000000001 13.600000000000003 55.235356402867893 193.32670000000005 -1.0000000180025095e-35 2.8386904761904765 298.01675000000006 28.433333333333341 15.420833333333333 289.45278511904769 50.675967558882917
decision_type=2 2 2 2 2 2 2 2 2 2 2 2 2 2
left_child=1 2 -1 4 5 6 -3 -8 -9 -10 13 -6 -13 -2
right_child=10 3 -4 -5 11 -7 7 8 9 -11 -12 12 -14 -15
leaf_value=-0.014901255302921827 -0.10151312758163805 0.093913623318076137 -1.7021728708595039 1.0554422285500915 -0.84669883327248197 -0.053255556702259045 1.1095948647441609 -0.5443624644052415 0.21708387906982432 1.2960956312928882 -1.0981131781472102 0.31990036997259885 -0.26470409223495767 0.16669768448009342
leaf_weight=4276 3015 224 40 70 84 525 266 63 175 70 45 245 427 819
leaf_count=4276 3015 224 40 70 84 525 266 63 175 70 45 245 427 819
internal_value=1.75323e-10 0.0338672 -0.0305386 0.163218 0.133177 0.28923 0.514549 0.6787 0.306563 0.525373 -0.0564454 -0.139915 -0.051567 -0.0442193
internal_weight=10344 6465 4316 2149 2079 1323 798 574 308 245 3879 756 672 3834
internal_count=10344 6465 4316 2149 2079 1323 798 574 308 245 3879 756 672 3834
is_linear=0
shrinkage=0.05


Tree=115
num_leaves=15
num_cat=0
split_feature=9 9 4 2 14 18 6 7 18 9 17 2 11 13
split_gain=8473.39 14281.2 9938.51 29109.3 26086.3 21572.3 21256.2 24583.4 19346 17014.1 16615.1 16375.8 16239.1 15971
threshold=437.66935000000007 424.42965000000004 -0.37940952255126065 4.5000000000000009 347.95915000000008 246.61495000000002 -0.074117382312902977 0.87291090774974645 245.97765000000004 224.40420000000003 39.45595963255613 2.5000000000000004 337.53880000000009 44.474205636032089
decision_type=2 2 2 2 2 2 2 2 2 2 2 2 2 2
left_child=1 2 3 4 5 8 7 11 9 -1 13 -7 -5 -11
right_child=-2 -3 -4 12 -6 6 -8 -9 -10 10 -12 -13 -14 -15
leaf_value=1.1244876424471537 0.54052478944261872 -0.86421607074638218 -0.037934428362339061 -0.085219995241328228 1.2401561324519141 0.22928328550892113 -0.70038060745638286 0.91513861656662021 1.0504836121248819 -0.0067252520223458614 0.21392219151701419 -0.80707189449005667 -0.70318246209571345 -0.86250368548291068
leaf_weight=45 72 48 6390 997 54 81 144 63 63 405 1728 72 119 63
leaf_count=45 72 48 6390 997 54 81 144 63 63 405 1728 72 119 63
internal_value=-6.40957e-10 -0.00378873 0.000250839 0.063893 0.152174 0.13012 -0.229829 0.0838727 0.186362 0.16207 0.142348 -0.258413 -0.151114 -0.121926
internal_weight=10344 10272 10224 3834 2718 2664 360 216 2304 2241 2196 153 1116 468
internal_count=10344 10272 10224 3834 2718 2664 360 216 2304 2241 2196 153 1116 468
is_linear=0
shrinkage=0.05


Tree=116
num_leaves=15
num_cat=0
split_feature=11 7 7 23 6 9 9 23 11 0 2 19 17 4
split_gain=7778.53 7849.39 12176.5 11337.9 8184.7 13371.6 19704.4 13633.8 13976 26335.7 21009.9 43983.3 11096.8 10989.9
threshold=514.79450000000008 0.99988440732898443 0.99681593486783593 3.2645833333333338 0.69676570133721638 306.71200000000005 292.91655000000009 0.70624999999999993 313.79815000000002 20.500000000000004 2.5000000000000004 429.46955000000008 43.687147780267118 0.25881904510252091
decision_type=2 2 2 2 2 2 2 2 2 2 2 2 2 2
left_child=1 2 4 -4 13 6 7 -6 -9 10 12 -12 -10 -1
right_child=-2 -3 3 -5 5 -7 -8 8 9 -11 11 -13 -14 -15
leaf_value=0.082457928815320589 0.49742531684728769 0.63411636811991534 0.094834764568238639 -0.69881881233227139 0.37030439311121077 -0.35618431801756834 0.25184877814878087 -0.054239633146680066 0.58995833329751457 -1.5171808744139144 -1.7878683448094748 -0.15379866109505086 -0.15239727384265447 -0.043276470199638671
leaf_weight=4131 78 48 72 120 144 358 499 1405 71 45 58 142 173 3000
leaf_count=4131 78 48 72 120 144 358 499 1405 71 45 58 142 173 3000
internal_value=1.77805e-10 -0.00377939 -0.00677596 -0.401199 0.000777319 -0.0701247 -0.0297583 -0.0987093 -0.134368 -0.364594 -0.247778 -0.627679 0.063616 0.0295617
internal_weight=10344 10266 10218 192 10026 2895 2537 2038 1894 489 444 200 244 7131
internal_count=10344 10266 10218 192 10026 2895 2537 2038 1894 489 444 200 244 7131
is_linear=0
shrinkage=0.05


Tree=117
num_leaves=15
num_cat=0
split_feature=9 9 19 19 9 6 7 6 0 23 11 13 0 17
split_gain=7568.33 12936.8 9286.41 28608.9 19316.1 12786.2 15585.1 15524 23092.8 13903.9 18027.1 13324.5 16985 23000
threshold=437.66935000000007 424.42965000000004 614.30520000000013 590.83130000000017 378.85180000000008 -0.074117382312902977 0.88117331841669433 -0.01397611846945947 11.500000000000002 7.1187500000000012 401.93200000000007 26.27716339104035 4.5000000000000009 68.603369478333818
decision_type=2 2 2 2 2 2 2 2 2 2 2 2 2 2
left_child=1 2 3 4 5 6 -1 8 -7 10 -8 -9 -13 -14
right_child=-2 -3 -4 -5 -6 7 9 11 -10 -11 -12 12 13 -15
leaf_value=0.025294521239449204 0.51084243150220976 -0.82250868004436295 -0.22660605457990812 0.70982876393116179 0.44278150308062325 0.053228917513929663 0.094330519091149048 0.086888285055703951 -1.1191933602865209 1.1571929559111596 1.1233750917911529 0.10910761842225306 -0.1122112861192282 -0.70837454782984066
leaf_weight=3432 72 48 432 144 240 84 286 1416 84 48 50 835 3002 171
leaf_count=3432 72 48 432 144 240 84 286 1416 84 48 50 835 3002 171
internal_value=-1.31493e-10 -0.00358067 0.000264061 0.010273 -0.000168094 -0.0114678 0.0590942 -0.0596196 -0.532982 0.361179 0.247462 -0.0449579 -0.0915383 -0.14434
internal_weight=10344 10272 10224 9792 9648 9408 3816 5592 168 384 336 5424 4008 3173
internal_count=10344 10272 10224 9792 9648 9408 3816 5592 168 384 336 5424 4008 3173
is_linear=0
shrinkage=0.05


Tree=118
num_leaves=15
num_cat=0
split_feature=10 0 13 9 10 7 5 9 8 7 9 4 5 25
split_gain=7692.3 7813.56 19758.4 14837.5 18823.4 14616.5 38312.8 17469.4 16349.2 41191.3 16703.1 15497.7 15013.1 17818.6
threshold=1.0000000180025095e-35 20.500000000000004 77.468135043253696 393.29170000000005 376.68765000000002 -0.19337245081799007 -0.12940952255126037 212.83295000000001 1.0000000180025095e-35 -0.27694043983797384 237.71195000000003 0.60355339059327384 -0.70710678118654757 4.4500000000000011
decision_type=2 2 2 2 2 2 2 2 2 2 2 2 2 2
left_child=-1 3 -3 5 -5 6 8 -8 9 -2 -10 -9 13 -7
right_child=1 2 -4 4 -6 12 7 11 10 -11 -12 -13 -14 -15
leaf_value=0.60082057171835102 -0.34578558208903287 -0.082394512239654896 -1.1850422466085071 0.98491705475851554 0.10546554129284164 0.25872702791248559 -0.85171293128044057 0.2582061445086517 0.52046312578953813 -2.007011201158166 -0.19025110849823912 -0.069707594235893344 -0.00088373451774843468 -0.19263161482013225
leaf_weight=53 556 1243 42 86 208 1297 47 902 90 40 1015 600 3902 263
leaf_count=53 556 1243 42 86 208 1297 47 902 90 40 1015 600 3902 263
internal_value=-2.42951e-10 -0.00309431 -0.118434 0.0133627 0.36272 0.00157311 -0.0823857 0.0975125 -0.246208 -0.457277 -0.132365 0.127215 0.0515303 0.182633
internal_weight=10344 10291 1285 9006 294 8712 3250 1549 1701 596 1105 1502 5462 1560
internal_count=10344 10291 1285 9006 294 8712 3250 1549 1701 596 1105 1502 5462 1560
is_linear=0
shrinkage=0.05


Tree=119
num_leaves=15
num_cat=0
split_feature=7 7 2 11 22 15 13 0 0 7 7 6 23 9
split_gain=7080.18 10522.7 10641.8 8772.93 10640.2 7023.4 8275.01 19089.1 18429.7 17923.3 12805.3 15985.7 13132.1 14802.8
threshold=0.99988440732898443 0.99681593486783593 1.0000000180025095e-35 492.81720000000001 -2.4999999999999996 252.69990000000004 22.345356179534388 4.5000000000000009 4.5000000000000009 0.98005052076767474 0.16587474750015932 0.94138322595482449 0.4479166666666668 275.44580000000002
decision_type=2 2 2 2 2 2 2 2 2 2 2 2 2 2
left_child=1 3 -3 5 -5 -1 8 -8 -7 10 -10 12 -12 -14
right_child=-2 2 -4 4 -6 6 7 -9 9 -11 11 -13 13 -15
leaf_value=-0.60417270604521045 0.60584519879582033 -1.0142551527669033 -0.1545972778953405 -0.21321424648165702 0.8013793375394116 -0.20051269998613172 0.12933056263757675 -0.060624957511395884 -0.027654365700717384 1.0944833367770792 -0.15237026794277359 0.95942082734484435 0.10208257461377584 0.60660371295227788
leaf_weight=48 48 48 144 40 73 420 1675 6286 643 51 198 76 340 254
leaf_count=48 48 48 144 40 73 420 1675 6286 643 51 198 76 340 254
internal_value=2.8081e-10 -0.00282445 -0.369512 0.00414348 0.442231 -0.000811374 0.00210136 -0.0206582 0.0935185 0.172579 0.141463 0.266742 0.200273 0.317821
internal_weight=10344 10296 192 10104 113 9991 9943 7961 1982 1562 1511 868 792 594
internal_count=10344 10296 192 10104 113 9991 9943 7961 1982 1562 1511 868 792 594
is_linear=0
shrinkage=0.05


Tree=120
num_leaves=15
num_cat=0
split_feature=10 13 0 11 9 26 6 13 0 2 11 23 17 18
split_gain=6967.92 7170.83 7449.01 18905.8 22724.5 18292.3 18192.6 13260.1 13400.8 40654.9 39433.4 25807.4 28569.2 20081.3
threshold=1.0000000180025095e-35 134.0837409048402 20.500000000000004 318.07845000000003 377.60620000000006 3.0500000000000003 0.76696112484652046 57.692165975949358 12.500000000000002 4.5000000000000009 319.43620000000004 3.5000000000000004 75.088420627644766 251.83085000000003
decision_type=2 2 2 2 2 2 2 2 2 2 2 2 2 2
left_child=-1 2 7 5 6 -4 -5 8 -2 10 -10 12 -12 -13
right_child=1 -3 3 4 -6 -7 -8 -9 9 -11 11 13 -14 -15
leaf_value=0.5718318125549352 -0.057844123343263679 -0.62582308102561079 -0.076164999885539819 -0.12940821146423168 -1.4600737160603916 0.53880774100243256 -1.0537494230343671 0.1793183760894215 0.605709334214796 -0.1985672924318351 0.71490130634307869 0.060752301020790704 -0.64096179633684791 -0.53385037202158092
leaf_weight=53 4875 46 607 418 42 151 61 1091 464 928 250 1150 46 162
leaf_count=53 4875 46 607 418 42 151 61 1091 464 928 250 1150 46 162
internal_value=-4.25159e-10 -0.00294501 -0.00014829 -0.113031 -0.344903 0.0463428 -0.247122 0.0159544 -0.00667796 0.0764671 0.199648 0.0824767 0.504193 -0.0126666
internal_weight=10344 10291 10245 1279 521 758 479 8966 7875 3000 2072 1608 296 1312
internal_count=10344 10291 10245 1279 521 758 479 8966 7875 3000 2072 1608 296 1312
is_linear=0
shrinkage=0.05


Tree=121
num_leaves=15
num_cat=0
split_feature=9 9 22 0 9 16 12 9 12 9 7 5 0 0
split_gain=6891.7 11928.8 8812.67 15858.5 20010.6 17261.1 23138 12309.4 11774.4 9333.58 9408.95 41506.6 24313.1 23361.9
threshold=437.66935000000007 424.42965000000004 24.150000000000002 14.500000000000002 336.70525000000004 300.10905505952383 307.50394166666672 343.06335000000007 353.89766041666678 205.31900000000005 -0.19337245081799007 -0.12940952255126037 18.500000000000004 10.500000000000002
decision_type=2 2 2 2 2 2 2 2 2 2 2 2 2 2
left_child=1 2 9 5 -5 -4 -7 -6 -8 -1 11 -11 13 -12
right_child=-2 -3 3 4 7 6 8 -9 -10 10 12 -13 -14 -15
leaf_value=0.55558365503739982 0.48747268203232025 -0.78979446541828413 0.59441660011808073 1.2013230129455528 -0.50325953106085464 -1.2403754646579426 0.3097021246777365 0.46981498967123847 -0.37099332891404635 -0.28414550009623069 -0.022597466752898161 0.080465957376609942 -0.1711879928440164 0.19513267244989599
leaf_weight=72 72 48 90 72 45 45 135 117 120 1441 2926 1703 1330 2128
leaf_count=72 72 48 90 72 45 45 135 117 120 1441 2926 1703 1330 2128
internal_value=7.50503e-10 -0.00341686 0.00027505 0.182353 0.507765 -0.0128944 -0.195088 0.199517 -0.0106251 -0.01156 -0.0158457 -0.0866476 0.0190229 0.0690784
internal_weight=10344 10272 10224 624 234 390 300 162 255 9600 9528 3144 6384 5054
internal_count=10344 10272 10224 624 234 390 300 162 255 9600 9528 3144 6384 5054
is_linear=0
shrinkage=0.05


Tree=122
num_leaves=15
num_cat=0
split_feature=13 18 9 22 16 16 16 4 2 23 4 13 10 7
split_gain=6882.03 8511.53 7617.95 14732.3 13487.8 26574.9 21090.1 21043.3 30304.3 20957.9 23276.2 18361.2 18064.4 17160.8
threshold=12.592347737317665 245.14305000000004 317.53975000000008 26.400000000000002 362.63416398809528 331.43069404761911 323.20531309523818 -0.37940952255126065 3.5000000000000004 0.79791666666666672 0.25881904510252091 22.751857205339423 348.87095000000005 0.84199059757024453
decision_type=2 2 2 2 2 2 2 2 2 2 2 2 2 2
left_child=1 -1 3 4 5 6 12 13 -9 10 -7 -6 -2 -8
right_child=2 -3 -4 -5 11 9 7 8 -10 -11 -12 -13 -14 -15
leaf_value=0.078151728482043839 -0.02876302036822111 0.71562037672847512 0.058684379715194662 0.67598146927646463 1.1597806234223149 -0.39608256529484476 0.36385544744484566 -0.29879738903163039 0.67434622673938671 -0.24802082686108495 -1.9752833150327207 0.11434959718691451 -0.34025601817421547 1.3443609496903799
leaf_weight=192 4837 72 3096 72 48 56 153 240 120 504 40 336 515 63
leaf_count=192 4837 72 3096 72 48 56 153 240 120 504 40 336 515 63
internal_value=4.07222e-10 0.252007 -0.00660018 -0.0355408 -0.0429524 -0.0598925 -0.0277975 0.259678 0.0255838 -0.376991 -1.05408 0.245028 -0.0587367 0.649836
internal_weight=10344 264 10080 6984 6912 6528 5928 576 360 600 96 384 5352 216
internal_count=10344 264 10080 6984 6912 6528 5928 576 360 600 96 384 5352 216
is_linear=0
shrinkage=0.05


Tree=123
num_leaves=15
num_cat=0
split_feature=7 7 2 28 25 15 17 0 6 14 22 14 0 15
split_gain=6360.85 9434.39 9319.12 7704.69 19566.6 21590.7 22369.2 20938.7 22936.5 17014.1 20633.5 14816.3 14327.5 14616.8
threshold=0.99988440732898443 0.99681593486783593 1.0000000180025095e-35 0.053571428571428555 -0.50000000000000011 365.25520000000006 43.687147780267118 10.500000000000002 0.20180702842483325 227.98800000000003 4.1500000000000012 297.84350000000006 6.5000000000000009 401.2466500000001
decision_type=2 2 2 2 2 2 2 2 2 2 2 2 2 2
left_child=1 3 -3 4 7 -6 -7 -1 -9 -10 11 -11 -8 -14
right_child=-2 2 -4 -5 5 6 12 8 9 10 -12 -13 13 -15
leaf_value=-0.0067188930722519337 0.57424485336523501 -0.95323186346019306 -0.14876855639417449 -0.032725417830306407 0.21694198125510919 -1.0007757152456584 0.13678333599816314 0.66098245217536511 0.65146939280358229 -0.25578910155774476 0.63695527615710201 0.42091039065271618 0.25702518604549707 -0.26949227047133251
leaf_weight=902 48 48 144 5928 576 72 455 338 143 364 117 104 153 952
leaf_count=902 48 48 144 5928 576 72 455 338 143 364 117 104 153 952
internal_value=-4.9927e-11 -0.00267713 -0.349884 0.00392063 0.0559412 -0.0462376 -0.139125 0.170581 0.320604 0.162571 0.0430619 -0.105411 -0.099356 -0.19659
internal_weight=10344 10296 192 10104 4176 2208 1632 1968 1066 728 585 468 1560 1105
internal_count=10344 10296 192 10104 4176 2208 1632 1968 1066 728 585 468 1560 1105
is_linear=0
shrinkage=0.05


Tree=124
num_leaves=15
num_cat=0
split_feature=9 9 22 7 5 2 10 12 0 0 2 11 16 25
split_gain=6344.36 10717.1 8286.65 13378.5 23151.6 18069.7 24959.8 42548.8 16233.3 19472.9 18893.9 17719.9 36908.5 17509.5
threshold=437.66935000000007 424.42965000000004 21.950000000000003 -0.14250536273956091 -0.12940952255126037 2.5000000000000004 300.44370000000009 294.07636250000007 18.500000000000004 12.500000000000002 3.5000000000000004 399.83690000000007 364.95051011904769 -0.50000000000000011
decision_type=2 2 2 2 2 2 2 2 2 2 2 2 2 2
left_child=1 2 3 4 5 -1 -7 -8 9 10 11 -5 -13 -11
right_child=-2 -3 -4 8 -6 6 7 -9 -10 13 -12 12 -14 -15
leaf_value=-0.074091782935176195 0.46771458840618535 -0.74864594799776873 0.11248905462052379 -0.070492410768737704 0.024225562557149596 -0.25820579682388961 -1.9836839865262694 -0.38571878368484569 -0.13546296542460434 0.3843129348410394 0.12940390022536274 -1.8470620579340242 0.011434156507911053 0.049516590250035131
leaf_weight=561 72 48 1416 1799 1378 424 65 116 1305 744 1482 44 68 822
leaf_count=561 72 48 1416 1799 1378 424 65 116 1305 744 1482 44 68 822
internal_value=1.33292e-10 -0.00327837 0.000221005 -0.0178275 -0.114522 -0.278497 -0.468037 -0.959574 0.0214431 0.0627342 -0.0045778 -0.108482 -0.718689 0.208577
internal_weight=10344 10272 10224 8808 2544 1166 605 181 6264 4959 3393 1911 112 1566
internal_count=10344 10272 10224 8808 2544 1166 605 181 6264 4959 3393 1911 112 1566
is_linear=0
shrinkage=0.05


Tree=125
num_leaves=15
num_cat=0
split_feature=15 13 18 18 18 0 13 10 25 17 25 14 25 0
split_gain=6260.16 6578.74 8507.75 7156.91 21714.4 16089.8 19657.5 14214.5 12084.7 12008.2 10731.7 14950.7 12119.7 9605.89
threshold=252.69990000000004 13.282353800303133 245.14305000000004 246.16770000000002 245.98705000000004 10.500000000000002 46.878451679524481 352.72000000000008 -6.3999999999999977 48.852301122288274 -6.9499999999999984 203.88445000000004 -13.6 16.500000000000004
decision_type=2 2 2 2 2 2 2 2 2 2 2 2 2 2
left_child=-1 2 -2 4 10 7 -7 -6 -5 -10 11 -3 -13 -11
right_child=1 3 -4 8 5 6 -8 -9 9 13 -12 12 -14 -15
leaf_value=-0.56968162047366311 0.061135164494626228 0.42483901015172409 0.61807186655544988 0.67463407896963579 0.54624715931102885 1.6114978575362611 0.35646050224701564 -0.59733793563684645 -0.34393486150044755 0.066703134061103231 0.013234534993397174 0.22443057455950313 -0.49524787246721252 -0.27699646593346533
leaf_weight=48 240 72 96 48 61 52 78 49 456 697 7776 72 312 287
leaf_count=48 240 72 96 48 61 52 78 49 456 697 7776 72 312 287
internal_value=2.11363e-10 0.00265586 0.22026 -0.004685 0.0130778 0.481889 0.858475 0.036832 -0.105818 -0.131833 -0.000590158 -0.236338 -0.360308 -0.0335426
internal_weight=10344 10296 336 9960 8472 240 130 110 1488 1440 8232 456 384 984
internal_count=10344 10296 336 9960 8472 240 130 110 1488 1440 8232 456 384 984
is_linear=0
shrinkage=0.05


Tree=126
num_leaves=15
num_cat=0
split_feature=10 10 11 11 16 24 14 22 13 11 6 8 23 25
split_gain=5924.36 6484.62 9814.99 7827.41 7604.34 20865 19993.7 34861.6 25772.3 24158.6 23579.5 18200.7 16202.6 13626
threshold=1.0000000180025095e-35 224.26325000000003 306.42370000000005 271.16080000000005 290.13645654761916 9.0437500000000011 234.00000000000003 25.850000000000005 50.123651235841486 293.23915000000005 0.94138322595482449 1.0000000180025095e-35 20.231250000000003 3.3000000000000003
decision_type=2 2 2 2 2 2 2 2 2 2 2 2 2 2
left_child=-1 2 3 -2 5 11 7 8 9 -6 13 -3 -7 -11
right_child=1 4 -4 -5 6 12 -8 -9 -10 10 -12 -13 -14 -15
leaf_value=0.52727501977164792 -0.21982522766513288 0.28516040273010729 -0.89006705778710382 0.52007527706168943 0.011051679809384471 -0.025925881741976294 0.015832602170681154 -1.6374267508343952 0.21980024801997899 -0.54200658888356501 -1.6842749539017678 1.5914217761158944 0.26366904027076382 0.17035211368843362
leaf_weight=53 240 80 47 42 371 1941 6000 41 333 392 40 40 643 81
leaf_count=53 240 80 47 42 371 1941 6000 41 333 392 40 40 643 81
internal_value=3.16607e-10 -0.00271554 -0.221119 -0.109627 0.00449734 0.0760676 -0.0221665 -0.203402 -0.155091 -0.296311 -0.518595 0.720581 0.0461366 -0.420017
internal_weight=10344 10291 329 282 9962 2704 7258 1258 1217 884 513 120 2584 473
internal_count=10344 10291 329 282 9962 2704 7258 1258 1217 884 513 120 2584 473
is_linear=0
shrinkage=0.05


Tree=127
num_leaves=15
num_cat=0
split_feature=11 10 9 22 22 25 7 0 7 25 6 9 11 13
split_gain=5771.7 6172.47 33760.3 21168.1 13111.6 10211 16198.7 17264.3 14011.5 18548.8 17043.1 11571.4 13500.1 21363.1
threshold=514.79450000000008 366.29005000000006 398.86505000000005 27.250000000000004 -1.95 1.0999999999999992 -0.48313741114591585 19.500000000000004 -0.75013812021657655 -0.50000000000000011 0.16799745313369893 396.97890000000001 408.02910000000003 46.878451679524481
decision_type=2 2 2 2 2 2 2 2 2 2 2 2 2 2
left_child=1 2 4 5 -1 8 -7 11 9 -3 -10 12 -8 -14
right_child=-2 3 -4 -5 -6 6 7 -9 10 -11 -12 -13 13 -15
leaf_value=0.27788068914398484 0.42848034470509266 -0.7319240619356816 1.3362499214708805 -1.1041129776835443 -0.0076614192177546702 0.45892878279089927 -0.48357039050489176 -0.99226604818533637 0.39423130611088547 0.26349197146602171 -0.078105546637365908 0.25299745534373597 -0.53230953946709636 0.94444806252916669
leaf_weight=423 78 117 48 50 8108 80 305 78 356 78 412 113 50 48
leaf_count=423 78 117 48 50 8108 80 305 78 356 78 412 113 50 48
internal_value=1.2135e-10 -0.00325555 0.0139369 -0.0906854 0.00649686 -0.0597316 -0.208998 -0.298955 0.0447395 -0.333758 0.140842 -0.194152 -0.319531 0.191
internal_weight=10344 10266 8579 1687 8531 1637 674 594 963 195 768 516 403 98
internal_count=10344 10266 8579 1687 8531 1637 674 594 963 195 768 516 403 98
is_linear=0
shrinkage=0.05


Tree=128
num_leaves=15
num_cat=0
split_feature=9 9 19 19 9 4 13 12 19 14 27 5 6 16
split_gain=5652.69 8914.63 8215.48 22815.2 14495.2 11549.8 15478.3 11228.1 13327.8 11979.3 11133.5 14499.4 11902 18074.2
threshold=437.66935000000007 424.42965000000004 614.30520000000013 590.83130000000017 378.85180000000008 -0.60355339059327362 53.942385346167228 381.33431666666678 573.47545000000014 311.94720000000007 15.043750000000001 -0.70710678118654757 -0.074117382312902977 290.55932232142862
decision_type=2 2 2 2 2 2 2 2 2 2 2 2 2 2
left_child=1 2 3 4 7 -6 -7 8 10 -9 12 -12 -1 -14
right_child=-2 -3 -4 -5 5 6 -8 9 -10 -11 11 -13 13 -15
leaf_value=0.049947531502862047 0.44148345255396432 -0.6828987993299962 -0.21329091492454474 0.63422889081347322 0.92443937784859109 -0.22822372061656973 0.7456462038790479 -0.76174379090468092 -0.82965266288568584 -0.10951560291630978 0.43951423911568832 0.045930058974872193 0.023608675567969764 -0.18545577423115273
leaf_weight=3600 72 48 432 144 70 102 68 96 48 264 312 936 2208 1944
leaf_count=3600 72 48 432 144 70 102 68 96 48 264 312 936 2208 1944
internal_value=8.74319e-11 -0.00309451 9.70593e-05 0.00951123 0.000187091 0.383899 0.161324 -0.00960149 0.00129406 -0.283443 0.00572578 0.144326 -0.0165876 -0.074277
internal_weight=10344 10272 10224 9792 9648 240 170 9408 9048 360 9000 1248 7752 4152
internal_count=10344 10272 10224 9792 9648 240 170 9408 9048 360 9000 1248 7752 4152
is_linear=0
shrinkage=0.05


Tree=129
num_leaves=15
num_cat=0
split_feature=4 14 9 2 18 28 11 22 14 13 27 18 15 6
split_gain=5452.23 24300.8 29316.2 22368.8 18309.3 16303.5 20441.7 27277.4 20766.9 16676.2 15956.5 14630.1 15617.1 13577.7
threshold=-0.37940952255126065 366.15630000000004 398.86505000000005 4.5000000000000009 246.61495000000002 0.054464285714285694 307.38730000000004 20.300000000000004 189.85245000000003 51.72419690962338 1.0000000180025095e-35 245.97765000000004 317.84840000000003 -0.12546116083924153
decision_type=2 2 2 2 2 2 2 2 2 2 2 2 2 2
left_child=1 2 3 4 5 11 9 10 -9 -7 -8 12 -1 -6
right_child=-2 -3 -4 -5 13 6 7 8 -10 -11 -12 -13 -14 -15
leaf_value=1.2110561291376749 -0.028118249439995965 1.0208538061924397 -1.2378656230370204 -0.14518493981151079 0.073353357128079097 0.56749506843476583 -1.0651894545555114 1.3537811998810088 0.18348572425625664 -0.38134489547122613 -0.14027246634645463 1.2370677116182116 0.24983080923691672 -0.52871493053192287
leaf_weight=45 6465 63 45 1089 207 293 50 42 389 55 692 45 693 171
leaf_count=45 6465 63 45 1089 207 293 50 42 389 55 692 45 693 171
internal_value=-6.18665e-10 0.0468637 0.0307837 0.0459227 0.12352 0.176435 0.0810051 -0.0188348 0.297528 0.417535 -0.202598 0.361811 0.308442 -0.199011
internal_weight=10344 3879 3816 3771 2682 2304 1521 1173 431 348 742 783 738 378
internal_count=10344 3879 3816 3771 2682 2304 1521 1173 431 348 742 783 738 378
is_linear=0
shrinkage=0.05


Tree=130
num_leaves=15
num_cat=0
split_feature=7 7 23 11 22 10 9 22 23 23 4 9 12 11
split_gain=5441.45 7997.64 8837.07 6626.58 9722.27 6314.78 30589 18738.4 11624.7 12297.5 11604.7 15574.3 17436.6 14286.4
threshold=0.99988440732898443 0.99681593486783593 3.2645833333333338 492.81720000000001 -2.4999999999999996 366.29005000000006 398.86505000000005 27.250000000000004 -0.55833333333333324 -0.32499999999999996 1.0000000180025095e-35 308.59115000000003 299.52656250000001 413.95685000000009
decision_type=2 2 2 2 2 2 2 2 2 2 2 2 2 2
left_child=1 3 -3 5 -5 6 8 -7 -1 -10 11 -11 -13 -12
right_child=-2 2 -4 4 -6 7 -8 -9 9 10 13 12 -14 -15
leaf_value=0.26312154284656691 0.53112476679186027 0.11576912188643798 -0.5849079491415371 -0.24219312353990974 0.72765029730045638 -0.060351819904721854 1.2755217918054162 -1.0433432549238206 -0.81051189709216998 0.0096724823675061189 -0.043190768711128119 0.71310540556109381 0.14238573304153865 -0.8399971803748294
leaf_weight=429 48 72 120 40 73 1596 48 50 47 2638 4300 168 658 57
leaf_count=429 48 72 120 40 73 1596 48 50 47 2638 4300 168 658 57
internal_value=3.94279e-10 -0.00247611 -0.322154 0.00359853 0.384343 -0.000707752 0.0169464 -0.0902118 0.00966524 -0.00415438 0.000691393 0.0689976 0.258464 -0.0536149
internal_weight=10344 10296 192 10104 113 9991 8345 1646 8297 7868 7821 3464 826 4357
internal_count=10344 10296 192 10104 113 9991 8345 1646 8297 7868 7821 3464 826 4357
is_linear=0
shrinkage=0.05


Tree=131
num_leaves=15
num_cat=0
split_feature=0 11 9 16 26 17 9 10 0 0 18 0 2 11
split_gain=5514.48 15001 17666 16561 16155.4 12588.4 10927.7 14945.2 9996.83 17426.6 16839.2 9834.97 35044.1 27908.3
threshold=20.500000000000004 318.07845000000003 377.60620000000006 307.2671446428572 3.0500000000000003 47.977002462840268 393.29170000000005 320.3798000000001 17.500000000000004 13.500000000000002 204.30005000000003 12.500000000000002 4.5000000000000009 279.90015000000005
decision_type=2 2 2 2 2 2 2 2 2 2 2 2 2 2
left_child=6 4 3 -3 -2 -5 11 -8 9 10 -9 -1 13 -13
right_child=1 2 -4 5 -6 -7 7 8 -10 -11 -12 12 -14 -15
leaf_value=-0.037835513530677461 -0.070870179002294059 -0.73658603969319114 -1.2726497031228488 0.42407534169678646 0.50087347012373706 -0.23058936056926793 1.1868576149323158 0.91693635672330864 -0.53608092066077961 1.0642625663961682 -0.27542854709583414 1.0590984271189503 -0.18218622682250515 0.14156862360569766
leaf_weight=5421 609 116 43 101 155 269 42 40 42 56 114 86 968 2282
leaf_count=5421 609 116 43 101 155 269 42 40 42 56 114 86 968 2282
internal_value=4.54406e-10 -0.0965889 -0.301257 -0.215311 0.0451249 -0.0518836 0.0137984 0.313639 0.168103 0.30894 0.0342766 0.00373181 0.0712787 0.174891
internal_weight=10344 1293 529 486 764 370 9051 294 252 210 154 8757 3336 2368
internal_count=10344 1293 529 486 764 370 9051 294 252 210 154 8757 3336 2368
is_linear=0
shrinkage=0.05


Tree=132
num_leaves=15
num_cat=0
split_feature=15 13 18 0 13 13 28 19 18 24 0 11 9 10
split_gain=5309.06 5999.13 6180.03 6102.32 13081.4 10480.9 11098.1 12889.7 13177.9 22800 11805.8 10480.9 11593.2 12110.3
threshold=252.69990000000004 13.124641543380386 245.14305000000004 3.5000000000000004 38.650136773799879 23.115525502820365 0.24761904761904766 614.30520000000013 263.95865000000009 2.5559523809523816 13.500000000000002 392.43895000000003 392.40175000000005 348.87095000000005
decision_type=2 2 2 2 2 2 2 2 2 2 2 2 2 2
left_child=-1 2 -2 4 -3 6 7 8 9 10 -5 12 13 -6
right_child=1 3 -4 5 11 -7 -8 -9 -10 -11 -12 -13 -14 -15
leaf_value=-0.52462410056032238 0.093709097806088354 -0.053758403271471668 0.62860377697894976 0.51791725367307662 0.21727498750313648 -0.049009962267671313 -0.061196259875946193 -0.33264148165844382 -0.14040794735075907 0.24370803542981118 1.6044619244933127 0.98611915527388116 1.00226261005169 -0.38519894100415208
leaf_weight=48 216 852 72 50 636 6720 680 100 160 580 50 43 41 96
leaf_count=48 216 852 72 50 636 6720 680 100 160 580 50 43 41 96
internal_value=1.56627e-10 0.0024458 0.227433 -0.00402864 0.0832743 -0.0214892 0.0926708 0.203979 0.267862 0.363926 1.06119 0.226353 0.184089 0.138262
internal_weight=10344 10296 288 10008 1668 8340 1620 940 840 680 100 816 773 732
internal_count=10344 10296 288 10008 1668 8340 1620 940 840 680 100 816 773 732
is_linear=0
shrinkage=0.05


Tree=133
num_leaves=15
num_cat=0
split_feature=10 13 0 13 13 22 17 11 12 5 18 11 17 11
split_gain=5179.73 5929.74 6191.87 16695.9 13345.1 13403.3 12039.2 10952.1 14310.5 10359.6 11462.1 10678.2 12922.9 10221.1
threshold=1.0000000180025095e-35 134.0837409048402 3.5000000000000004 43.227794740285205 23.115525502820365 10.850000000000001 85.820497425554251 314.64195000000007 256.00380833333338 1.0000000180025095e-35 263.95865000000009 359.92335000000008 52.423680609811051 323.45075000000003
decision_type=2 2 2 2 2 2 2 2 2 2 2 2 2 2
left_child=-1 2 3 -2 5 6 9 -7 -9 10 11 -4 -13 -12
right_child=1 -3 4 -5 -6 7 -8 8 -10 -11 13 12 -14 -15
leaf_value=0.49302657240966585 -0.029590476050972939 -0.56895586755936567 0.33972788695245981 0.29638392270081404 -0.050862231995864218 0.044091961023587624 -0.65199995636940011 -1.1916428831490604 -0.15876819090620475 0.047265399594044577 0.45344077990813692 1.5784928856861025 0.4804004366182395 -0.43900025904952705
leaf_weight=53 1100 46 448 611 6634 515 40 44 141 464 55 42 74 77
leaf_count=53 1100 46 448 611 6634 515 40 44 141 464 55 42 74 77
internal_value=-3.84163e-11 -0.00253915 4.05673e-06 0.0868153 -0.0174009 0.0994319 0.20086 -0.0744446 -0.404425 0.230269 0.352271 0.450433 0.877986 -0.0671498
internal_weight=10344 10291 10245 1711 8534 1900 1200 700 185 1160 696 564 116 132
internal_count=10344 10291 10245 1711 8534 1900 1200 700 185 1160 696 564 116 132
is_linear=0
shrinkage=0.05


Tree=134
num_leaves=15
num_cat=0
split_feature=6 9 9 11 0 2 19 22 28 2 4 14 9 24
split_gain=5046.79 12389.9 17618.5 11896.4 22159.5 21572.8 34709.3 14328.9 8653.29 8605.01 6742.32 23450.3 27666.1 18250.2
threshold=0.69676570133721638 306.71200000000005 292.91655000000009 313.79815000000002 20.500000000000004 2.5000000000000004 429.46955000000008 2.5000000000000004 0.097619047619047591 2.5000000000000004 -0.37940952255126065 356.9858000000001 398.86505000000005 0.43184523809523806
decision_type=2 2 2 2 2 2 2 2 2 2 2 2 2 2
left_child=10 2 3 -2 5 7 -7 -5 -3 -4 11 12 13 -1
right_child=1 8 9 4 -6 6 -8 -9 -10 -11 -12 -13 -14 -15
leaf_value=-0.38153942216074832 -0.011648620343834595 -0.18262212252293741 0.0091133744964652045 0.86266468605574431 -1.3363031765081637 -1.6085383377712348 -0.16685053288886612 -0.068313463440660499 -0.73695954692860444 0.42659557412844151 -0.01504969537202319 0.97390564384145861 -1.1697804100645912 0.11732609560797838
leaf_weight=198 1518 264 216 51 46 58 149 218 96 288 4650 72 45 2475
leaf_count=198 1518 264 216 51 46 58 149 218 96 288 4650 72 45 2475
internal_value=1.95379e-10 -0.0559013 -0.0170507 -0.0824534 -0.288357 -0.187085 -0.570802 0.108192 -0.330445 0.247675 0.0218195 0.0832682 0.0596752 0.0803731
internal_weight=10344 2904 2544 2040 522 476 207 269 360 504 7440 2790 2718 2673
internal_count=10344 2904 2544 2040 522 476 207 269 360 504 7440 2790 2718 2673
is_linear=0
shrinkage=0.05


Tree=135
num_leaves=15
num_cat=0
split_feature=7 7 23 11 5 13 12 2 10 28 14 15 10 9
split_gain=4953.01 7349.72 7727.18 5769.01 12298.4 8740.54 18187.3 10152.4 10844.5 11548 9704.85 10611.6 8546.08 22732.9
threshold=0.99988440732898443 0.99681593486783593 3.2645833333333338 425.5102500000001 -0.9159756150367534 49.022789705988181 384.03292291666668 2.5000000000000004 322.42700000000008 1.0000000180025095e-35 302.76315000000005 442.03130000000004 355.08610000000004 398.86505000000005
decision_type=2 2 2 2 2 2 2 2 2 2 2 2 2 2
left_child=1 3 -3 12 -5 6 7 8 9 -6 11 -7 13 -1
right_child=-2 2 -4 4 5 10 -8 -9 -10 -11 -12 -13 -14 -15
leaf_value=0.011244480213995135 0.50672683125982687 0.10068273359081813 -0.55451799312800476 -0.48465227399137806 0.62632003867107899 0.87251802796409239 -0.80772567870135004 -0.25390753340030064 0.83697752548802284 -0.50025157213211058 1.0695189628027508 -0.16021667171697149 -0.10292955617872981 1.1917159080505371
leaf_weight=7719 48 72 120 64 46 42 47 69 93 45 58 61 1819 41
leaf_count=7719 48 72 120 64 46 42 47 69 93 45 58 61 1819 41
internal_value=-3.32266e-10 -0.00236236 -0.308818 0.00346102 0.164843 0.255011 0.0955186 0.263315 0.457273 0.0692242 0.552203 0.260898 -0.0053839 0.0174815
internal_weight=10344 10296 192 10104 525 461 300 253 184 91 161 103 9579 7760
internal_count=10344 10296 192 10104 525 461 300 253 184 91 161 103 9579 7760
is_linear=0
shrinkage=0.05


Tree=136
num_leaves=15
num_cat=0
split_feature=9 18 11 22 9 22 13 7 9 11 17 8 17 11
split_gain=4743.85 12963.5 14469.7 35455 15018.1 9508.96 9259.15 8516.81 8083.78 10314.1 9950.36 10462.7 9609.67 12935.2
threshold=264.72205000000002 100.93615000000001 284.41500000000002 14.150000000000002 219.12100000000004 21.400000000000002 37.042464211608312 -0.40613878790836594 251.68335000000005 314.64195000000007 40.749949530584253 1.0000000180025095e-35 39.585679253403129 293.23915000000005
decision_type=2 2 2 2 2 2 2 2 2 2 2 2 2 2
left_child=1 2 6 4 -4 8 -1 -6 9 12 -10 -12 13 -3
right_child=-2 5 3 -5 7 -7 -8 -9 10 -11 11 -13 -14 -15
leaf_value=-0.14691709982842663 0.017150844632883477 -0.027648179780972039 0.60525795607404276 -1.5910613853042408 0.2559942876874674 0.70969099925520529 0.50788110716487556 -0.53574632194006078 0.04402626182547667 -0.43089132780489864 -0.16279414168966469 -0.81787793291732669 0.56280904038660773 0.80237100267851802
leaf_weight=262 8232 359 44 59 41 48 68 198 432 73 256 80 138 54
leaf_count=262 8232 359 44 59 41 48 68 198 432 73 256 80 138 54
internal_value=6.7181e-10 -0.0668493 -0.248184 -0.476091 -0.243642 0.0177735 -0.011989 -0.399925 -0.00608568 0.127588 -0.114696 -0.318766 0.201579 0.0808773
internal_weight=10344 2112 672 342 283 1440 330 239 1392 624 768 336 551 413
internal_count=10344 2112 672 342 283 1440 330 239 1392 624 768 336 551 413
is_linear=0
shrinkage=0.05


Tree=137
num_leaves=15
num_cat=0
split_feature=10 10 14 14 17 15 15 11 12 5 13 0 7 22
split_gain=4811.67 5433.2 8971.38 7117.3 10932.2 6490.13 11541.8 9166.05 8100.01 24451.4 39724.1 8302.79 12235.3 11492.1
threshold=1.0000000180025095e-35 224.26325000000003 196.91545000000002 207.30400000000003 42.345627215835549 312.96240000000006 321.36355000000009 342.18855000000002 267.1265166666667 -0.78656609248549325 56.698785513550881 3.5000000000000004 -0.72694848937061807 2.5000000000000004
decision_type=2 2 2 2 2 2 2 2 2 2 2 2 2 2
left_child=-1 2 -2 4 -4 -3 7 -7 9 -8 -11 12 -10 -13
right_child=1 5 3 -5 -6 6 8 -9 11 10 -12 13 -14 -15
leaf_value=0.47518714300163511 0.18714451374960883 0.11554183117988132 -0.25483188607582918 -0.067447969171346406 -1.2126301256673677 -0.15496134816153018 0.55936568978596746 -0.76832277916180791 0.42744367630229707 -0.14067292116331251 -1.6888988009205574 0.096567889722764977 0.049620156807376213 -0.051005950792588219
leaf_weight=53 102 1156 76 102 49 278 71 78 266 178 54 1794 1102 4985
leaf_count=53 102 1156 76 102 49 278 71 78 266 178 54 1794 1102 4985
internal_value=7.97345e-11 -0.00244728 -0.202362 -0.377382 -0.630289 0.004155 -0.0104672 -0.28935 0.00128215 -0.252559 -0.501036 0.0107229 0.123086 -0.0119519
internal_weight=10344 10291 329 227 125 9962 8806 356 8450 303 232 8147 1368 6779
internal_count=10344 10291 329 227 125 9962 8806 356 8450 303 232 8147 1368 6779
is_linear=0
shrinkage=0.05


Tree=138
num_leaves=15
num_cat=0
split_feature=4 2 9 25 10 9 23 0 11 16 5 16 2 26
split_gain=4785.27 6717.81 10570.7 6178.17 5367.22 20563.7 16333.1 16117.6 12482.4 12801.5 19166.6 20888.3 30251.3 17985.8
threshold=-0.98296291314453399 2.5000000000000004 317.98360000000008 -0.54999999999999905 355.08610000000004 398.86505000000005 -0.55833333333333324 22.500000000000004 286.00745000000006 321.42061636904765 -0.70710678118654757 310.30734702380954 3.5000000000000004 2.6270833333333337
decision_type=2 2 2 2 2 2 2 2 2 2 2 2 2 2
left_child=1 2 -1 -3 5 6 -2 8 -6 10 -10 13 -13 -12
right_child=4 3 -4 -5 7 -7 -8 -9 9 -11 11 12 -14 -15
leaf_value=0.15712741487344406 0.34404248741518195 0.26503162186230184 1.0038094988932798 -0.23691433074036197 -0.45966352369551633 1.128259283740346 -0.0097432922124842895 -0.98546425536430127 0.12929072995451793 0.065249862634209427 -0.79611776258796452 -2.0685636161403225 -0.2037246055381243 0.1750226523537757
leaf_weight=133 341 113 51 134 176 41 7533 48 209 1280 80 44 43 118
leaf_count=133 341 113 51 134 176 41 7533 48 209 1280 80 44 43 118
internal_value=-6.71864e-11 0.163096 0.391806 -0.00727914 -0.00709112 0.0113937 0.00557814 -0.0803179 -0.0580374 -0.0181917 -0.234397 -0.501101 -1.14686 -0.217357
internal_weight=10344 431 184 247 9913 7915 7874 1998 1950 1774 494 285 87 198
internal_count=10344 431 184 247 9913 7915 7874 1998 1950 1774 494 285 87 198
is_linear=0
shrinkage=0.05


Tree=139
num_leaves=15
num_cat=0
split_feature=25 13 12 12 11 6 18 18 17 0 13 10 0 10
split_gain=4678.47 13722 15174.2 14054.5 8444.89 8710.47 7125.09 15080.3 13061.2 12814.5 16802.4 12282.2 8939.15 8471.25
threshold=-6.9499999999999984 39.857455311254697 317.69626041666669 304.82237708333338 305.85695000000004 0.99761913169647187 246.16770000000002 245.98705000000004 48.852301122288274 10.500000000000002 46.878451679524481 352.72000000000008 16.500000000000004 329.93980000000005
decision_type=2 2 2 2 2 2 2 2 2 2 2 2 2 2
left_child=1 4 3 -3 5 -1 7 -2 13 11 -11 -9 -10 -8
right_child=6 2 -4 -5 -6 -7 8 9 12 10 -12 -13 -14 -15
leaf_value=-0.35535850341474973 0.014284713389910005 -0.01937256989379724 -0.63135175512482722 0.90475184259315344 -0.75444821011774321 0.47447107270359989 -0.53310876414344643 0.49282428566061082 0.095729903268378255 1.4487509107647034 0.2884294221777684 -0.57019456305674143 -0.22074836122138161 -0.10207823743152877
leaf_weight=151 8064 96 48 72 97 40 226 61 765 52 78 49 315 230
leaf_count=151 8064 96 48 72 97 40 226 61 765 52 78 49 315 230
internal_value=3.21847e-12 -0.14858 0.152674 0.376681 -0.37452 -0.181572 0.00761019 0.0259089 -0.091317 0.41648 0.752558 0.0192977 0.00342374 -0.315703
internal_weight=10344 504 216 168 288 191 9840 8304 1536 240 130 110 1080 456
internal_count=10344 504 216 168 288 191 9840 8304 1536 240 130 110 1080 456
is_linear=0
shrinkage=0.05


Tree=140
num_leaves=15
num_cat=0
split_feature=11 10 9 22 22 22 25 7 0 7 25 6 8 6
split_gain=4664.54 4919.26 20765.9 16014.5 9341.79 8997.58 8617.56 12912.2 14543.2 11623.3 16353.6 14506.8 10580.2 14608.9
threshold=514.79450000000008 366.29005000000006 398.86505000000005 27.250000000000004 -1.95 -3.5999999999999992 0.84999999999999976 -0.48313741114591585 19.500000000000004 -0.75013812021657655 -0.50000000000000011 0.16799745313369893 1.0000000180025095e-35 -0.69057362043749781
decision_type=2 2 2 2 2 2 2 2 2 2 2 2 2 2
left_child=1 2 4 6 5 -1 9 -8 -9 10 -3 12 -11 -14
right_child=-2 3 -4 -5 -6 -7 7 8 -10 11 -12 -13 13 -15
leaf_value=0.01830560270505625 0.38519762834677329 -0.67038464958851163 1.0494884880880515 -0.9624504923820496 -0.0053643912402821089 0.48031675161878068 0.36532498477743225 -0.17807375449026652 -0.9105965919076251 0.14695769577674125 0.30922866988537923 -0.073227486389155674 -0.056214026292396149 1.0563888027946999
leaf_weight=224 78 117 48 50 8108 199 91 516 78 219 67 412 43 94
leaf_count=224 78 117 48 50 8108 199 91 516 78 219 67 412 43 94
internal_value=-3.33877e-10 -0.00292669 0.0124215 -0.080978 0.00658645 0.235658 -0.0540546 -0.189296 -0.274264 0.043257 -0.313678 0.128773 0.362548 0.707178
internal_weight=10344 10266 8579 1687 8531 423 1637 685 594 952 184 768 356 137
internal_count=10344 10266 8579 1687 8531 423 1637 685 594 952 184 768 356 137
is_linear=0
shrinkage=0.05


Tree=141
num_leaves=15
num_cat=0
split_feature=4 14 9 2 18 19 11 25 9 22 14 19 12 16
split_gain=4714.1 18870.3 22422.3 18794.6 15909.1 14542.7 19172.3 15831.1 17715.6 14060.2 13955 13120.9 28107.7 16394.7
threshold=-0.37940952255126065 366.15630000000004 398.86505000000005 4.5000000000000009 246.61495000000002 433.39260000000007 401.93200000000007 -1.9500000000000008 257.79320000000007 18.050000000000004 187.84795000000003 447.37575000000004 298.98066250000005 309.42426160714291
decision_type=2 2 2 2 2 2 2 2 2 2 2 2 2 2
left_child=1 2 3 4 5 6 7 8 -1 -10 -9 12 -7 -13
right_child=-2 -3 -4 -5 -6 11 -8 10 9 -11 -12 13 -14 -15
leaf_value=0.43674998445436358 -0.026145734417297978 0.90186553725765828 -1.0800947119130029 -0.13252932495412761 -0.18687348558059919 1.3730277833747275 -0.93357922033387786 -0.64673493582341413 -0.24444811250878182 -1.229508570243012 0.26190009936555941 -0.15338466480017907 0.23228952935264435 0.32311931266197325
leaf_weight=80 6465 63 45 1089 378 81 49 45 205 44 693 243 162 702
leaf_count=80 6465 63 45 1089 378 81 49 45 205 44 693 243 162 702
internal_value=-6.68714e-10 0.0435762 0.0294064 0.0426462 0.113775 0.1631 0.0334929 0.0779039 -0.210548 -0.418515 0.206496 0.284851 0.612536 0.20059
internal_weight=10344 3879 3816 3771 2682 2304 1116 1067 329 249 738 1188 243 945
internal_count=10344 3879 3816 3771 2682 2304 1116 1067 329 249 738 1188 243 945
is_linear=0
shrinkage=0.05


Tree=142
num_leaves=15
num_cat=0
split_feature=7 7 2 4 23 23 8 9 22 17 23 25 18 13
split_gain=4515.82 6184.29 6836.77 5523.88 18835.7 16284.5 13611.4 36497.7 22029.1 36077.3 17618.6 17167.2 17354.4 16836.1
threshold=0.99988440732898443 0.99681593486783593 1.0000000180025095e-35 0.37940952255126054 28.433333333333341 28.433333333333341 1.0000000180025095e-35 424.42965000000004 13.600000000000003 55.235356402867893 15.420833333333333 -0.50000000000000011 233.97875000000002 25.462600000918517
decision_type=2 2 2 2 2 2 2 2 2 2 2 2 2 2
left_child=1 3 -3 5 -5 6 7 -1 9 11 -10 12 -8 -13
right_child=-2 2 -4 4 -6 -7 8 -9 10 -11 -12 13 -14 -15
leaf_value=-0.014689156222316507 0.48384639892416703 -0.80014566260700437 -0.11110603765870718 -0.032419727280415846 -1.0614985156059267 0.76409632631142932 0.41829363680605236 -1.5323340657353404 -0.7615660402036849 -0.063141372647409738 0.0031992082318358555 0.87271432067666732 1.1134205054838835 0.072146565951190372
leaf_weight=4121 48 48 144 3744 45 75 203 40 84 518 728 84 161 301
leaf_count=4121 48 48 144 3744 45 75 203 40 84 518 728 84 161 301
internal_value=-2.93987e-10 -0.00225569 -0.283366 0.00308607 -0.0446416 0.0317226 0.0229201 -0.0292784 0.127392 0.257688 -0.0759144 0.479571 0.725754 0.246816
internal_weight=10344 10296 192 10104 3789 6315 6240 4161 2079 1267 812 749 364 385
internal_count=10344 10296 192 10104 3789 6315 6240 4161 2079 1267 812 749 364 385
is_linear=0
shrinkage=0.05


Tree=143
num_leaves=15
num_cat=0
split_feature=9 9 12 9 18 0 13 15 12 12 12 11 22 25
split_gain=4975.04 8190.4 6677.14 8407.5 8826.71 11030.9 15475 7228.81 16541.3 17506.5 14657.5 12715.3 8301.45 11015.8
threshold=437.66935000000007 424.42965000000004 432.36766041666675 378.85180000000008 246.38840000000002 13.500000000000002 53.942385346167228 544.02030000000013 381.33431666666678 396.61835208333338 366.65748333333335 384.97810000000004 24.150000000000002 -0.50000000000000011
decision_type=2 2 2 2 2 2 2 2 2 2 2 2 2 2
left_child=1 2 3 7 5 6 -5 8 10 -10 12 -12 -1 -14
right_child=-2 -3 -4 4 -6 -7 -8 -9 9 -11 11 -13 13 -15
leaf_value=-0.021643263842383801 0.4141763157314724 -0.65450867569694926 -0.47964831708619998 -0.60971642736168141 -0.077304548186560476 0.91776452116668228 0.60429045034306395 0.38115561626851563 -0.59494024182902649 0.070545850599938564 0.12827456810355217 0.74727630046462379 -0.2383302064985037 0.30664262017783001
leaf_weight=8352 72 48 72 42 120 80 70 120 240 168 320 112 120 408
leaf_count=8352 72 48 72 42 120 80 70 120 240 168 320 112 120 408
internal_value=7.59391e-10 -0.0029031 0.000156077 0.00355894 0.259092 0.469341 0.149038 -0.00454334 -0.00930505 -0.320917 0.00434803 0.288756 -0.00948806 0.182785
internal_weight=10344 10272 10224 10152 312 192 112 9840 9720 408 9312 432 8880 528
internal_count=10344 10272 10224 10152 312 192 112 9840 9720 408 9312 432 8880 528
is_linear=0
shrinkage=0.05


Tree=144
num_leaves=15
num_cat=0
split_feature=9 9 12 12 12 11 12 12 9 11 24 10 15 2
split_gain=4489.97 7391.83 6026.11 7893.2 11622.4 14715.3 14116.2 9629.11 11101.7 10576.9 8599.48 8543.22 10258.2 11510
threshold=437.66935000000007 424.42965000000004 432.36766041666675 402.27575833333339 381.33431666666678 456.74405000000007 386.37306041666676 366.65748333333335 362.4504500000001 401.93200000000007 2.0800595238095241 314.02035000000006 484.53065000000009 1.5000000000000002
decision_type=2 2 2 2 2 2 2 2 2 2 2 2 2 2
left_child=1 2 3 4 7 6 -6 8 -1 11 -8 -9 -13 -14
right_child=-2 -3 -4 -5 5 -7 10 9 -10 -11 -12 12 13 -15
leaf_value=-0.013973095100946579 0.39346749476260612 -0.6217832301743329 -0.45566590449048416 0.30240063333918377 -0.59036454730850507 -1.1628374528957577 -0.086201765284019433 0.76103704987432474 0.28956053491789274 0.68383285765349866 0.66799416456450811 0.23275088579945657 0.0024683127202183366 -1.0133085517301446
leaf_weight=8736 72 48 72 216 127 41 193 44 312 100 47 211 83 42
leaf_count=8736 72 48 72 216 127 41 193 44 312 100 47 211 83 42
internal_value=-4.8889e-12 -0.00275795 0.000148272 0.003381 -0.00311943 -0.264446 -0.16408 0.00807086 -0.00350642 0.226303 0.0614949 0.1059 0.0201082 -0.338833
internal_weight=10344 10272 10224 10152 9936 408 367 9528 9048 480 240 380 336 125
internal_count=10344 10272 10224 10152 9936 408 367 9528 9048 480 240 380 336 125
is_linear=0
shrinkage=0.05


Tree=145
num_leaves=15
num_cat=0
split_feature=4 2 9 25 10 9 23 0 11 16 5 11 13 22
split_gain=4318.6 5892.1 9358.9 5472.62 5326.13 17632.4 14058.9 14013.1 10236.2 11150.9 16855.7 18763.7 16404.4 13956.1
threshold=-0.98296291314453399 2.5000000000000004 317.98360000000008 -0.54999999999999905 355.08610000000004 398.86505000000005 -0.55833333333333324 22.500000000000004 286.00745000000006 321.42061636904765 -0.70710678118654757 392.43895000000003 59.316900017886923 21.400000000000002
decision_type=2 2 2 2 2 2 2 2 2 2 2 2 2 2
left_child=1 2 -1 -3 5 6 -2 8 -6 10 -10 12 13 -12
right_child=4 3 -4 -5 7 -7 -8 -9 9 -11 11 -13 -14 -15
leaf_value=0.14831537211355858 0.32031032398583426 0.25166835042491426 0.94498878571332678 -0.22074747368026137 -0.42260726684471595 1.0458814603526418 -0.0079225063871109624 -0.92367003105949463 0.1164488853057891 0.05505229516875261 -0.40572156615960209 -1.4371748610984447 -1.0287120925325712 0.49787273144020755
leaf_weight=133 341 113 51 134 176 41 7533 48 209 1280 115 43 59 68
leaf_count=133 341 113 51 134 176 41 7533 48 209 1280 115 43 59 68
internal_value=1.89402e-10 0.154939 0.369132 -0.00462202 -0.00673648 0.0116774 0.0062923 -0.0796824 -0.0589073 -0.0228244 -0.22461 -0.47472 -0.303705 -0.0699598
internal_weight=10344 431 184 247 9913 7915 7874 1998 1950 1774 494 285 242 183
internal_count=10344 431 184 247 9913 7915 7874 1998 1950 1774 494 285 242 183
is_linear=0
shrinkage=0.05


Tree=146
num_leaves=15
num_cat=0
split_feature=7 7 4 25 4 14 9 2 7 19 13 19 11 9
split_gain=4188.67 5498.57 6414.53 6736.02 5221.64 16909.8 20683.2 17320.6 13729 22238.9 27482.8 14921.4 15887 16584
threshold=0.99988440732898443 0.99681593486783593 0.12940952255126045 1.5999999999999992 -0.37940952255126065 366.15630000000004 398.86505000000005 4.5000000000000009 0.91159213926341531 614.30520000000013 54.481548592100715 533.16650000000016 307.38730000000004 306.93025000000006
decision_type=2 2 2 2 2 2 2 2 2 2 2 2 2 2
left_child=1 4 3 -3 5 6 7 8 11 10 -10 12 -1 -14
right_child=-2 2 -4 -5 -6 -7 -8 -9 9 -11 -12 -13 13 -15
leaf_value=0.39064830603182704 0.46599110160022977 -0.93548119096801841 0.046938778883354237 -0.1306864071923953 -0.024977665550966976 0.86158990500465282 -1.0299186876912911 -0.12075612158101508 1.2218041262947597 -0.26847792698277367 0.089882069269214021 -0.30992247983482152 -0.069022868281561817 0.26072837677587951
leaf_weight=427 48 52 88 52 6315 63 45 1071 117 81 99 225 1068 593
leaf_count=427 48 52 88 52 6315 63 45 1071 117 81 99 225 1068 593
internal_value=-2.33909e-10 -0.00217245 -0.26724 -0.533084 0.00286446 0.049268 0.0355331 0.0485582 0.118035 0.438056 0.703007 0.0769433 0.118631 0.0487029
internal_weight=10344 10296 192 104 10104 3789 3726 3681 2610 297 216 2313 2088 1661
internal_count=10344 10296 192 104 10104 3789 3726 3681 2610 297 216 2313 2088 1661
is_linear=0
shrinkage=0.05


Tree=147
num_leaves=15
num_cat=0
split_feature=13 18 17 17 10 16 4 24 29 16 6 25 24 14
split_gain=4131.5 5587.74 5042.95 19705.3 98663.5 7066.59 14167.5 14898.5 13870.4 11943.9 12508.1 11959 17228.1 12196.8
threshold=12.592347737317665 245.14305000000004 36.880573508586913 36.718546971592822 282.32470000000006 290.55932232142862 0.60355339059327384 9.0437500000000011 0.62232142857142869 308.85812500000003 -0.8781231054254196 -2.2499999999999996 5.7348214285714301 1.0000000180025095e-35
decision_type=2 2 2 2 2 2 2 2 2 2 2 2 2 2
left_child=1 -1 3 -2 -5 6 7 -4 -9 -7 -11 12 -12 -13
right_child=2 -3 5 4 -6 9 -8 8 -10 10 11 13 -14 -15
leaf_value=0.054393025851641144 -0.040195668964103488 0.57089641547386749 0.75102816144479256 0.5632068916490035 -2.6881139566004277 -0.12758529038978292 -0.11316958972029212 0.43559967527314253 0.048323933718712749 -0.29808675165016518 0.054772295474928491 0.48968900291229756 0.46646326277249806 -0.023253536854927589
leaf_weight=192 960 72 102 56 40 1824 637 289 1156 288 864 120 360 3384
leaf_count=192 960 72 102 56 40 1824 637 289 1156 288 864 120 360 3384
internal_value=1.028e-10 0.195258 -0.00511389 -0.108497 -0.79151 0.00698413 0.0852869 0.167004 0.125779 -0.0180178 0.0218249 0.0413119 0.175858 -0.00568701
internal_weight=10344 264 10080 1056 96 9024 2184 1547 1445 6840 5016 4728 1224 3504
internal_count=10344 264 10080 1056 96 9024 2184 1547 1445 6840 5016 4728 1224 3504
is_linear=0
shrinkage=0.05


Tree=148
num_leaves=15
num_cat=0
split_feature=0 11 9 15 6 26 16 13 13 25 0 2 11 14
split_gain=4215.38 12443 15394.9 16555 26206.9 14794.8 9745.71 8279.15 8338.26 8082.53 7682.1 28183.3 23679.7 18432.2
threshold=20.500000000000004 318.07845000000003 366.54130000000004 368.48750000000001 0.50557357885840837 3.0500000000000003 309.42426160714291 45.487075051731644 52.429477654036894 -0.59999999999999865 12.500000000000002 4.5000000000000009 279.90015000000005 366.15630000000004
decision_type=2 2 2 2 2 2 2 2 2 2 2 2 2 2
left_child=10 5 3 4 9 -2 -5 -8 -9 -3 -1 12 -12 -14
right_child=1 2 -4 6 -6 -7 7 8 -10 -11 11 -13 13 -15
leaf_value=-0.024071488898524063 -0.066385045407373583 -0.61726268891964053 -1.0044404558719151 -0.48530112821044347 -1.5863001560387406 0.48075202479958534 -0.11219270088794558 0.99074106380647542 0.14983720203509202 0.20140751946019009 0.97178635115082246 -0.15414224990808797 0.11182531522061695 1.1017058128491044
leaf_weight=5603 609 57 63 66 46 155 110 49 74 64 87 992 2321 48
leaf_count=5603 609 57 63 66 46 155 110 49 74 64 87 992 2321 48
internal_value=7.4864e-11 -0.0844487 -0.270851 -0.171675 -0.570441 0.0446179 0.0510475 0.202975 0.484831 -0.184247 0.0120641 0.0707844 0.161634 0.131882
internal_weight=10344 1293 529 466 167 764 299 233 123 121 9051 3448 2456 2369
internal_count=10344 1293 529 466 167 764 299 233 123 121 9051 3448 2456 2369
is_linear=0
shrinkage=0.05


Tree=149
num_leaves=15
num_cat=0
split_feature=10 13 9 17 25 11 14 11 17 23 4 13 26 16
split_gain=4492.42 18185.9 15149.1 12142.1 11115.4 12379.7 10822.1 36637.5 26705 14778.2 9966.68 9658.05 10485.4 8999.64
threshold=318.86780000000005 49.620569306336328 373.27710000000008 40.523099879910127 -6.1499999999999986 330.01170000000008 196.91545000000002 328.02055000000001 51.479292220986302 5.0458333333333343 -0.78656609248549292 25.35247348022396 4.5145833333333343 288.66546577380961
decision_type=2 2 2 2 2 2 2 2 2 2 2 2 2 2
left_child=1 4 3 -3 5 -1 7 -2 -9 -10 11 -6 -13 -8
right_child=6 2 -4 -5 10 -7 13 8 9 -11 -12 12 -14 -15
leaf_value=-0.14075058022994669 -1.5876760972397668 -0.56908312892684576 0.99948478280487718 0.21708102241263721 0.028691742566672368 -0.88864107095278233 0.19407672280345833 -1.0963628267700023 -0.090347214960134953 1.0247112413247428 -0.017831604950645046 0.27802640951713736 1.1083984359188213 -0.049056684572497254
leaf_weight=372 49 52 59 885 404 65 429 44 78 48 4195 245 45 3374
leaf_count=372 49 52 59 885 404 65 429 44 78 48 4195 245 45 3374
internal_value=3.91065e-10 0.0262821 0.222384 0.173452 -0.0103903 -0.251993 -0.0413116 -0.383091 -0.0358877 0.334437 0.0112052 0.186723 0.406877 -0.0216299
internal_weight=10344 6322 996 937 5326 437 4022 219 170 126 4889 694 290 3803
internal_count=10344 6322 996 937 5326 437 4022 219 170 126 4889 694 290 3803
is_linear=0
shrinkage=0.05


end of trees

feature_importances:
last=291
hour=174
temp_last=171
lag168=152
weekday=140
std24=123
lag24=112
hour_sin=91
temp_mean24=84
doy_sin=81
doy_cos=73
min24=72
temp_delta24=65
mean24=61
min168=58
mean168=52
hour_cos=49
max24=42
workhour=38
std168=38
temp_mean168=28
max168=27
response_heat168=25
response_cool168=22
response_cool24=19
response_heat24=12

parameters:
[boosting: gbdt]
[objective: regression]
[metric: l2]
[tree_learner: serial]
[device_type: cpu]
[data_sample_strategy: bagging]
[data: ]
[valid: ]
[num_iterations: 150]
[learning_rate: 0.05]
[num_leaves: 15]
[num_threads: 2]
[seed: 20261006]
[deterministic: 1]
[force_col_wise: 1]
[force_row_wise: 0]
[histogram_pool_size: -1]
[max_depth: -1]
[min_data_in_leaf: 40]
[min_sum_hessian_in_leaf: 0.001]
[bagging_fraction: 1]
[pos_bagging_fraction: 1]
[neg_bagging_fraction: 1]
[bagging_freq: 0]
[bagging_seed: 27463]
[bagging_by_query: 0]
[feature_fraction: 1]
[feature_fraction_bynode: 1]
[feature_fraction_seed: 885]
[extra_trees: 0]
[extra_seed: 17743]
[early_stopping_round: 0]
[early_stopping_min_delta: 0]
[first_metric_only: 0]
[max_delta_step: 0]
[lambda_l1: 0]
[lambda_l2: 0]
[linear_lambda: 0]
[min_gain_to_split: 0]
[drop_rate: 0.1]
[max_drop: 50]
[skip_drop: 0.5]
[xgboost_dart_mode: 0]
[uniform_drop: 0]
[drop_seed: 19011]
[top_rate: 0.2]
[other_rate: 0.1]
[min_data_per_group: 100]
[max_cat_threshold: 32]
[cat_l2: 10]
[cat_smooth: 10]
[max_cat_to_onehot: 4]
[top_k: 20]
[monotone_constraints: ]
[monotone_constraints_method: basic]
[monotone_penalty: 0]
[feature_contri: ]
[forcedsplits_filename: ]
[refit_decay_rate: 0.9]
[cegb_tradeoff: 1]
[cegb_penalty_split: 0]
[cegb_penalty_feature_lazy: ]
[cegb_penalty_feature_coupled: ]
[path_smooth: 0]
[interaction_constraints: ]
[verbosity: -1]
[saved_feature_importance_type: 0]
[use_quantized_grad: 0]
[num_grad_quant_bins: 4]
[quant_train_renew_leaf: 0]
[stochastic_rounding: 1]
[linear_tree: 0]
[max_bin: 255]
[max_bin_by_feature: ]
[min_data_in_bin: 3]
[bin_construct_sample_cnt: 200000]
[data_random_seed: 5366]
[is_enable_sparse: 1]
[enable_bundle: 1]
[use_missing: 1]
[zero_as_missing: 0]
[feature_pre_filter: 1]
[pre_partition: 0]
[two_round: 0]
[header: 0]
[label_column: ]
[weight_column: ]
[group_column: ]
[ignore_column: ]
[categorical_feature: ]
[forcedbins_filename: ]
[precise_float_parser: 0]
[parser_config_file: ]
[objective_seed: 8607]
[num_class: 1]
[is_unbalance: 0]
[scale_pos_weight: 1]
[sigmoid: 1]
[boost_from_average: 1]
[reg_sqrt: 0]
[alpha: 0.9]
[fair_c: 1]
[poisson_max_delta_step: 0.7]
[tweedie_variance_power: 1.5]
[lambdarank_truncation_level: 30]
[lambdarank_norm: 1]
[label_gain: ]
[lambdarank_position_bias_regularization: 0]
[eval_at: ]
[multi_error_top_k: 1]
[auc_mu_weights: ]
[num_machines: 1]
[local_listen_port: 12400]
[time_out: 120]
[machine_list_filename: ]
[machines: ]
[gpu_platform_id: -1]
[gpu_device_id: -1]
[gpu_device_id_list: ]
[gpu_use_dp: 0]
[num_gpu: 1]

end of parameters

pandas_categorical:[]
