tree
version=v4
num_class=1
num_tree_per_iteration=1
label_index=0
max_feature_idx=21
objective=regression
feature_names=hour lead weekday weekend hour_sin hour_cos doy_sin doy_cos workhour last lag24 lag168 mean24 std24 min24 max24 mean168 std168 min168 max168 missing24 missing168
feature_infos=[0:23] [1:24] [0:6] [0:1] [-1:1] [-1:1] [-0.9999994220246925:0.99998555065071859] [-0.99997919295908233:0.9999907524084426] [0:1] [0:473.34809999999999] [0:669.67240000000004] [0:669.67240000000004] [198.16243333333333:485.20365416666669] [0:196.34452317078706] [0:407.9579] [247.38040000000001:669.67240000000004] [243.00278273809522:422.1969666666667] [29.379798488138235:115.18698510270571] [0:311.97559999999999] [336.40519999999998:669.67240000000004] none none
tree_sizes=748 766 762 770 764 762 764 748 762 759 754 761 762 764 757 756 759 755 759 752 754 753 763 754 756 758 756 752 751 758 746 747 752 750 745 745 752 748 748 749 752 754 749 754 757 752 746 756 750 752 745 755 746 751 747 756 758 749 751 752 759 739 743 751 759 747 759 749 755 757 747 759 760 759 758 752 746 758 757 751 762 750 757 748 749 761 750 762 759 758 746 759 750 758 754 746 762 763 763 757 749 767 761 765 763 744 742 760 755 757 762 760 763 740 758 762 747 769 758 754 762 763 763 770 771 766 768 754 764 758 760 760 762 759 761 746 773 765 761 751 760 755 755 750 763 753 758 758 758 756 763 749 771 763 736 775 768 758 776 760 762 760 760 761 751 750 758 760 763 761 763 753 757 760 759 767 754 750 747 767 760 748 758 747 767 751 769 756 763 755 757 758 752 773 760 752 752 751 777 764 751 755 758 752 745 761 758 750 762 757 752 753 751 762 762 769 767 751 758 757 766 750 750 761 763 757 757 759 754 751 741 765 756 748 768 750 761 757 748 749 755 751 744 749 751 735 746 767 751 754 752 747 736 753 749 769 757 752 756 761 766 751 752 757 745 748 768 755 757 749 757 752 755 759 762 767 755 757 754 756 769 757 744 757 762 753 751 762 747 759 757 757 746 761 761 766 753 765 759 754 761 749 751 765 749 752 759 759 751 766 763 755 745 763 755 765 747 767 753 756 758 756 758 745 759 747 761 758 742 753 747 748 745 748 746 746 758 747 761 754 754 755 747 750 738 763 756 758 754 752

Tree=0
num_leaves=7
num_cat=0
split_feature=10 11 12 10 0 2
split_gain=1.09438e+07 4.0219e+06 1.45644e+06 1.11878e+06 811008 787276
threshold=352.72000000000008 307.38730000000004 279.50754375000002 467.11780000000005 12.500000000000002 4.5000000000000009
decision_type=2 2 2 2 2 2
left_child=1 2 -1 5 -3 -2
right_child=3 4 -4 -5 -6 -7
leaf_value=308.43036290185256 314.56530707014281 310.9338894983623 310.1938000396749 318.09155162852545 312.57857931927424 312.3643037648452
leaf_weight=1865 1571 1354 3146 181 1679 548
leaf_count=1865 1571 1354 3146 181 1679 548
internal_value=311.277 310.407 309.537 314.318 311.844 313.996
internal_weight=10344 8044 5011 2300 3033 2119
internal_count=10344 8044 5011 2300 3033 2119
is_linear=0
shrinkage=1


Tree=1
num_leaves=7
num_cat=0
split_feature=10 10 11 12 2 2
split_gain=1.00374e+07 2.51454e+06 2.14949e+06 915952 810417 709209
threshold=317.66055000000006 383.41895000000005 306.42370000000005 279.50754375000002 4.5000000000000009 1.0000000180025095e-35
decision_type=2 2 2 2 2 2
left_child=2 -2 3 -1 -3 -4
right_child=1 4 5 -5 -6 -7
leaf_value=-2.7594053826033154 1.0724019208952946 4.3943002291561708 1.5987432234236723 -1.2780505637795221 1.3918796290369597 -0.50691367089236816
leaf_weight=1783 2844 1011 572 2516 289 1329
leaf_count=1783 2844 1011 572 2516 289 1329
internal_value=-3.41235e-08 1.90512 -1.27336 -1.89244 3.72684 0.126666
internal_weight=10344 4144 6200 4299 1300 1901
internal_count=10344 4144 6200 4299 1300 1901
is_linear=0
shrinkage=0.05


Tree=2
num_leaves=7
num_cat=0
split_feature=10 11 12 2 10 0
split_gain=9.0643e+06 3.47847e+06 1.31224e+06 910531 948774 709842
threshold=359.09740000000005 307.38730000000004 295.97181250000011 4.5000000000000009 454.71615000000008 12.500000000000002
decision_type=2 2 2 2 2 2
left_child=1 2 -1 4 -2 -3
right_child=3 5 -4 -5 -6 -7
leaf_value=-2.3018113549573287 3.0795868466295944 -0.28384844148478605 -0.69314955269197853 1.1186486304028491 6.7001616216518656 1.2179656538168486
leaf_weight=2710 1348 1407 2382 503 209 1785
leaf_count=2710 1348 1407 2382 503 209 1785
internal_value=3.64674e-09 -0.738085 -1.54929 2.96811 3.56559 0.555982
internal_weight=10344 8284 5092 2060 1557 3192
internal_count=10344 8284 5092 2060 1557 3192
is_linear=0
shrinkage=0.05


Tree=3
num_leaves=7
num_cat=0
split_feature=10 9 11 11 10 11
split_gain=8.31888e+06 2.15949e+06 1.73817e+06 1.05393e+06 882707 714314
threshold=317.66055000000006 346.78115000000008 325.40140000000002 348.12010000000004 269.50805000000008 434.02505000000002
decision_type=2 2 2 2 2 2
left_child=2 3 4 -2 -1 -3
right_child=1 5 -4 -5 -6 -7
leaf_value=-2.3080726072447955 0.19040090774238816 3.0890229408674568 0.51850936876573761 2.1293659683875115 -0.96891236499666733 7.1931010588621476
leaf_weight=2254 1709 1130 1236 1188 2710 117
leaf_count=2254 1709 1130 1236 1188 2710 117
internal_value=8.00144e-09 1.73438 -1.15924 0.985531 -1.57698 3.47409
internal_weight=10344 4144 6200 2897 4964 1247
internal_count=10344 4144 6200 2897 4964 1247
is_linear=0
shrinkage=0.05


Tree=4
num_leaves=7
num_cat=0
split_feature=10 11 12 2 10 2
split_gain=7.53238e+06 2.85972e+06 1.14133e+06 799485 828188 672397
threshold=359.09740000000005 310.79020000000008 295.97181250000011 4.5000000000000009 442.46265000000011 1.0000000180025095e-35
decision_type=2 2 2 2 2 2
left_child=1 2 -1 4 -2 -3
right_child=3 5 -4 -5 -6 -7
leaf_value=-2.0808892513711279 2.7314664785466896 1.9194875754589511 -0.60094488457903183 0.97267833411041826 5.7553733223134822 0.14285066855714393
leaf_weight=2763 1282 687 2465 503 275 2369
leaf_count=2763 1282 687 2465 503 275 2369
internal_value=-5.09309e-09 -0.67283 -1.3831 2.70569 3.26555 0.542245
internal_weight=10344 8284 5228 2060 1557 3056
internal_count=10344 8284 5228 2060 1557 3056
is_linear=0
shrinkage=0.05


Tree=5
num_leaves=7
num_cat=0
split_feature=10 9 11 2 0 2
split_gain=6.93302e+06 1.85558e+06 1.4244e+06 964302 845655 611844
threshold=317.66055000000006 346.78115000000008 286.98965000000004 4.5000000000000009 12.500000000000002 1.0000000180025095e-35
decision_type=2 2 2 2 2 2
left_child=2 3 -1 4 -2 -4
right_child=1 -3 5 -5 -6 -7
leaf_value=-1.7908934436074799 -0.24283221444141467 3.1959877464176421 0.98452336328614454 -0.67393766806977196 2.0093421777993741 -0.6800128871670803
leaf_weight=3205 564 1247 730 736 1597 2265
leaf_count=3205 564 1247 730 736 1597 2265
internal_value=6.19563e-09 1.58334 -1.05828 0.889176 1.42155 -0.2743
internal_weight=10344 4144 6200 2897 2161 2995
internal_count=10344 4144 6200 2897 2161 2995
is_linear=0
shrinkage=0.05


Tree=6
num_leaves=7
num_cat=0
split_feature=10 11 9 10 2 2
split_gain=6.27275e+06 1.97256e+06 1.10652e+06 984008 760886 612148
threshold=340.75020000000006 322.83205000000004 361.58320000000009 274.62965000000003 4.5000000000000009 1.0000000180025095e-35
decision_type=2 2 2 2 2 2
left_child=1 3 4 -1 -2 -3
right_child=2 5 -4 -5 -6 -7
leaf_value=-1.9680991652406392 1.961462830875361 2.0016998252968756 3.6641350644736885 -0.62859497348178217 -0.26826638331261315 0.049007098766835053
leaf_weight=2525 1569 556 745 3000 506 1443
leaf_count=2525 1569 556 745 3000 506 1443
internal_value=4.68173e-09 -0.753798 2.0112 -1.24077 1.41773 0.592127
internal_weight=10344 7524 2820 5525 2075 1999
internal_count=10344 7524 2820 5525 2075 1999
is_linear=0
shrinkage=0.05


Tree=7
num_leaves=7
num_cat=0
split_feature=10 10 9 10 11 11
split_gain=5.72486e+06 2.17805e+06 750624 684410 573614 528818
threshold=359.09740000000005 286.82310000000001 308.59115000000003 476.20150000000007 273.959 434.02505000000002
decision_type=2 2 2 2 2 2
left_child=1 4 -3 -2 -1 -4
right_child=3 2 5 -5 -6 -7
leaf_value=-2.0844425756904807 2.1089687879071892 -0.39100049277644139 0.78191262847696197 5.6832007635384798 -0.86072062671550587 5.8951091505013977
leaf_weight=1878 1916 2566 1834 144 1954 52
leaf_count=1878 1916 2566 1834 144 1954 52
internal_value=1.72268e-09 -0.586572 0.165603 2.35882 -1.46045 0.922892
internal_weight=10344 8284 4452 2060 3832 1886
internal_count=10344 8284 4452 2060 3832 1886
is_linear=0
shrinkage=0.05


Tree=8
num_leaves=7
num_cat=0
split_feature=10 9 11 2 0 10
split_gain=5.20708e+06 1.4663e+06 1.13761e+06 799094 729543 693429
threshold=317.66055000000006 346.78115000000008 342.86950000000007 4.5000000000000009 12.500000000000002 268.73305000000005
decision_type=2 2 2 2 2 2
left_child=2 3 5 4 -2 -1
right_child=1 -3 -4 -5 -6 -7
leaf_value=-1.8380254269006855 -0.30616447537136765 2.8057227802084226 0.79135874093494596 -0.66781994855871585 1.7856871152583584 -0.68969105061259295
leaf_weight=2314 564 1247 842 736 1597 3044
leaf_count=2314 564 1247 842 736 1597 3044
internal_value=4.61071e-09 1.37217 -0.917143 0.755109 1.23973 -1.18563
internal_weight=10344 4144 6200 2897 2161 5358
internal_count=10344 4144 6200 2897 2161 5358
is_linear=0
shrinkage=0.05


Tree=9
num_leaves=7
num_cat=0
split_feature=10 11 14 12 2 2
split_gain=4.76098e+06 1.88215e+06 940374 611980 540463 502523
threshold=359.09740000000005 322.83205000000004 257.98325000000006 366.56660000000005 4.5000000000000009 1.0000000180025095e-35
decision_type=2 2 2 2 2 2
left_child=1 2 -1 4 -2 -3
right_child=3 5 -4 -5 -6 -7
leaf_value=-1.4496847616483095 1.9756791574494255 1.9219490781182778 -0.090296108463964964 3.0890408032171801 -0.60310158966743987 0.23432411432287081
leaf_weight=4007 850 581 1864 943 267 1832
leaf_count=4007 850 581 1864 943 267 1832
internal_value=4.11342e-09 -0.534918 -1.01809 2.1511 1.35927 0.640669
internal_weight=10344 8284 5871 2060 1117 2413
internal_count=10344 8284 5871 2060 1117 2413
is_linear=0
shrinkage=0.05


Tree=10
num_leaves=7
num_cat=0
split_feature=10 10 11 11 9 9
split_gain=4.35288e+06 1.43634e+06 828725 512756 481319 470778
threshold=308.32895000000002 383.41895000000005 342.86950000000007 378.59150000000005 368.22620000000006 269.75540000000007
decision_type=2 2 2 2 2 2
left_child=2 4 5 -3 -2 -1
right_child=1 3 -4 -5 -6 -7
leaf_value=-1.787367850465337 0.42358939144437779 1.7235668992987652 0.66786313972263778 3.7525145838811733 2.8156186467938955 -0.78240543969442766
leaf_weight=1908 3219 783 698 517 225 2994
leaf_count=1908 3219 783 698 517 225 2994
internal_value=9.18397e-09 1.11439 -0.944045 2.53046 0.579863 -1.17357
internal_weight=10344 4744 5600 1300 3444 4902
internal_count=10344 4744 5600 1300 3444 4902
is_linear=0
shrinkage=0.05


Tree=11
num_leaves=7
num_cat=0
split_feature=11 14 10 9 11 12
split_gain=3.99297e+06 1.38171e+06 1.22008e+06 505898 486877 439572
threshold=323.96775000000008 269.03000000000003 408.08930000000004 364.18065000000007 492.81720000000001 277.31881250000004
decision_type=2 2 2 2 2 2
left_child=1 5 4 -3 -2 -1
right_child=2 3 -4 -5 -6 -7
leaf_value=-1.7711922032642666 0.82558299452486406 0.020147186403194295 3.4269301343021787 2.11421451488552 5.1329399414916539 -0.79476828591070747
leaf_weight=1920 3151 1389 569 364 67 2884
leaf_count=1920 3151 1389 569 364 67 2884
internal_value=-3.1475e-10 -0.746567 1.29264 0.454968 0.915264 -1.18501
internal_weight=10344 6557 3787 1753 3218 4804
internal_count=10344 6557 3787 1753 3218 4804
is_linear=0
shrinkage=0.05


Tree=12
num_leaves=7
num_cat=0
split_feature=10 12 11 2 0 0
split_gain=3.63828e+06 1.25416e+06 697894 618528 637562 462837
threshold=308.32895000000002 366.56660000000005 279.17280000000011 4.5000000000000009 12.500000000000002 11.500000000000002
decision_type=2 2 2 2 2 2
left_child=2 3 -1 4 -2 -4
right_child=1 -3 5 -5 -6 -7
leaf_value=-1.453272602331378 -0.37513442954325582 2.3765312271386079 -0.89180840753176904 -0.56123909515504322 1.4137875796529407 0.36805248120271961
leaf_weight=2644 679 1252 1650 944 1869 1306
leaf_count=2644 679 1252 1650 944 1869 1306
internal_value=6.49828e-10 1.01882 -0.863082 0.532028 0.937069 -0.335185
internal_weight=10344 4744 5600 3492 2548 2956
internal_count=10344 4744 5600 3492 2548 2956
is_linear=0
shrinkage=0.05


Tree=13
num_leaves=7
num_cat=0
split_feature=11 9 10 9 11 14
split_gain=3.33952e+06 1.18451e+06 1.05712e+06 472350 464377 458892
threshold=323.96775000000008 310.56370000000004 384.97810000000004 364.18065000000007 492.81720000000001 227.24735000000001
decision_type=2 2 2 2 2 2
left_child=1 5 4 -3 -2 -1
right_child=2 3 -4 -5 -6 -7
leaf_value=-1.7832775598195998 0.62987748734822291 -0.052100656244556232 2.6882162766615254 1.8692586925411598 5.2276929463659023 -0.74384642709588822
leaf_weight=1683 2840 1597 891 400 56 2877
leaf_count=1683 2840 1597 891 400 56 2877
internal_value=-3.25453e-10 -0.682752 1.18215 0.332748 0.718786 -1.12748
internal_weight=10344 6557 3787 1997 2896 4560
internal_count=10344 6557 3787 1997 2896 4560
is_linear=0
shrinkage=0.05


Tree=14
num_leaves=7
num_cat=0
split_feature=10 10 9 10 11 11
split_gain=3.05403e+06 1.22579e+06 538457 505581 395145 361999
threshold=357.71860000000009 286.82310000000001 308.59115000000003 476.20150000000007 434.02505000000002 255.80810000000002
decision_type=2 2 2 2 2 2
left_child=1 5 -3 -2 -4 -1
right_child=3 2 4 -5 -6 -7
leaf_value=-1.8163639900659139 1.4917421594162135 -0.33829384595960477 0.6566101147847655 4.5615376743177576 5.0772352760800956 -0.76365401592259452
leaf_weight=1180 1956 2546 1814 144 52 2652
leaf_count=1180 1956 2546 1814 144 52 2652
internal_value=-1.81961e-09 -0.433613 0.13459 1.70224 0.7798 -1.08782
internal_weight=10344 8244 4412 2100 1866 3832
internal_count=10344 8244 4412 2100 1866 3832
is_linear=0
shrinkage=0.05


Tree=15
num_leaves=7
num_cat=0
split_feature=11 14 10 9 0 9
split_gain=2.84172e+06 1.16421e+06 805937 531257 401055 438504
threshold=335.28255000000007 257.98325000000006 408.08930000000004 364.18065000000007 12.500000000000002 343.48205000000007
decision_type=2 2 2 2 2 2
left_child=1 -1 4 -3 5 -2
right_child=2 3 -4 -5 -6 -7
leaf_value=-1.0487604566122553 -0.65627829872054311 -0.037427421174303914 3.0478233380000539 1.8829165228270872 1.3372102528375349 1.8380335780642469
leaf_weight=4442 641 2330 522 426 1740 243
leaf_count=4442 641 2330 522 426 1740 243
internal_value=-8.23699e-10 -0.547885 1.25355 0.259404 0.896613 0.0293753
internal_weight=10344 7198 3146 2756 2624 884
internal_count=10344 7198 3146 2756 2624 884
is_linear=0
shrinkage=0.05


Tree=16
num_leaves=7
num_cat=0
split_feature=11 12 0 12 2 9
split_gain=2.59821e+06 1.01876e+06 779248 754882 509366 330474
threshold=311.97975000000002 366.56660000000005 12.500000000000002 310.04111458333335 4.5000000000000009 282.05545000000006
decision_type=2 2 2 2 2 2
left_child=3 2 5 -1 -4 -2
right_child=1 -3 4 -5 -6 -7
leaf_value=-1.1113021269993291 -2.0342783321377258 2.3524638943459504 1.2737040276114624 0.094272560959506507 -1.0446821682673313 -0.074280991184506276
leaf_weight=3828 284 948 2167 1965 266 886
leaf_count=3828 284 948 2167 1965 266 886
internal_value=-2.07557e-09 0.894049 0.51032 -0.702368 1.02023 -0.550041
internal_weight=10344 4551 3603 5793 2433 1170
internal_count=10344 4551 3603 5793 2433 1170
is_linear=0
shrinkage=0.05


Tree=17
num_leaves=7
num_cat=0
split_feature=11 9 10 0 2 14
split_gain=2.40637e+06 1.21e+06 620751 438442 600739 416606
threshold=353.79745000000008 310.56370000000004 431.96655000000004 11.500000000000002 4.5000000000000009 350.27010000000007
decision_type=2 2 2 2 2 2
left_child=1 3 -2 -1 -5 -3
right_child=2 5 -4 4 -6 -7
leaf_value=-1.2390907729131957 1.1089987841485283 0.26759329741550258 3.5615292464030555 0.29833181477723453 -1.3594502544272671 2.4931465621033442
leaf_weight=3029 2010 2452 296 1450 877 230
leaf_count=3029 2010 2452 296 1450 877 230
internal_value=-5.06512e-10 -0.408472 1.42381 -0.842581 -0.326453 0.45845
internal_weight=10344 8038 2306 5356 2327 2682
internal_count=10344 8038 2306 5356 2327 2682
is_linear=0
shrinkage=0.05


Tree=18
num_leaves=7
num_cat=0
split_feature=11 9 9 0 14 14
split_gain=2.17175e+06 1.09203e+06 562237 527302 416945 375987
threshold=353.79745000000008 310.56370000000004 350.15420000000012 12.500000000000002 227.24735000000001 350.27010000000007
decision_type=2 2 2 2 2 2
left_child=1 4 3 -2 -1 -3
right_child=2 5 -4 -5 -6 -7
leaf_value=-1.4017898671087494 -0.49917594818155409 0.25421363207614917 2.9425689547680256 1.4524215089113257 -0.47681371524303062 2.3684892236668129
leaf_weight=1874 460 2452 448 1398 3482 230
leaf_count=1874 460 2452 448 1398 3482 230
internal_value=4.72414e-10 -0.388049 1.35262 0.969249 -0.800452 0.435527
internal_weight=10344 8038 2306 1858 5356 2682
internal_count=10344 8038 2306 1858 5356 2682
is_linear=0
shrinkage=0.05


Tree=19
num_leaves=7
num_cat=0
split_feature=10 9 11 0 2 11
split_gain=2.01212e+06 786896 479875 448139 612200 435277
threshold=308.32895000000002 366.54130000000004 415.87400000000008 11.500000000000002 1.5000000000000002 348.12010000000004
decision_type=2 2 2 2 2 2
left_child=3 5 -3 -1 -5 -2
right_child=1 2 -4 4 -6 -7
leaf_value=-0.96684864198120701 0.077654238364037398 1.7878420076323829 5.6257245921074075 1.1419189789240629 -0.70335094851225011 1.1439044554690641
leaf_weight=3665 2482 610 94 710 1225 1558
leaf_count=3665 2482 610 94 710 1225 1558
internal_value=-1.17927e-09 0.757661 2.30029 -0.641847 -0.0262752 0.488847
internal_weight=10344 4744 704 5600 1935 4040
internal_count=10344 4744 704 5600 1935 4040
is_linear=0
shrinkage=0.05


Tree=20
num_leaves=7
num_cat=0
split_feature=10 9 0 2 8 11
split_gain=1.82728e+06 837108 478568 519856 449672 446000
threshold=359.73100000000005 282.05545000000006 11.500000000000002 4.5000000000000009 1.0000000180025095e-35 438.21245000000005
decision_type=2 2 2 2 2 2
left_child=1 2 -1 -4 -2 -3
right_child=4 5 3 -5 -6 -7
leaf_value=-1.4536376270403846 0.72662939039198959 0.043132096952170004 0.30501521169075407 -1.551401127051822 2.2431925688005214 3.6362918444655161
leaf_weight=1879 1191 4639 1159 559 829 88
leaf_count=1879 1191 4639 1159 559 829 88
internal_value=2.19309e-09 -0.327369 -0.90217 -0.299022 1.34902 0.110024
internal_weight=10344 8324 3597 1718 2020 4727
internal_count=10344 8324 3597 1718 2020 4727
is_linear=0
shrinkage=0.05


Tree=21
num_leaves=7
num_cat=0
split_feature=7 11 9 0 8 0
split_gain=1.72455e+06 830424 827287 378909 570066 302142
threshold=0.689015599449598 300.42680000000007 369.78525000000008 11.500000000000002 1.0000000180025095e-35 12.500000000000002
decision_type=2 2 2 2 2 2
left_child=1 -1 3 -2 -5 -3
right_child=2 5 -4 4 -6 -7
leaf_value=-0.90006278316620447 0.036931885243191021 -0.54757759214627511 2.8718078306782995 0.4521910438676961 2.5738873652780687 0.53180581675878391
leaf_weight=4090 1380 944 480 888 492 2070
leaf_count=4090 1380 944 480 888 492 2070
internal_value=1.53455e-10 -0.435998 0.955967 0.622777 1.20862 0.193737
internal_weight=10344 7104 3240 2760 1380 3014
internal_count=10344 7104 3240 2760 1380 3014
is_linear=0
shrinkage=0.05


Tree=22
num_leaves=7
num_cat=0
split_feature=9 0 2 12 11 7
split_gain=1.58611e+06 1.04107e+06 1.1813e+06 447065 400621 296637
threshold=344.78755000000007 11.500000000000002 4.5000000000000009 279.50754375000002 467.96960000000007 0.64414586362404946
decision_type=2 2 2 2 2 2
left_child=1 3 5 -1 -2 -3
right_child=4 2 -4 -5 -6 -7
leaf_value=-1.6165622626892846 1.2740077215060126 0.49035037230969936 -0.99584842160622655 -0.49559627434506742 5.6140111463720146 1.5666398551938505
leaf_weight=1248 1601 2148 1284 3096 55 912
leaf_count=1248 1601 2148 1284 3096 55 912
internal_value=-1.90558e-09 -0.27031 0.277021 -0.817642 1.41815 0.811127
internal_weight=10344 8688 4344 4344 1656 3060
internal_count=10344 8688 4344 4344 1656 3060
is_linear=0
shrinkage=0.05


Tree=23
num_leaves=7
num_cat=0
split_feature=7 9 4 2 0 8
split_gain=1.46136e+06 705446 690208 717675 305916 603756
threshold=0.689015599449598 369.78525000000008 0.25881904510252091 4.5000000000000009 12.500000000000002 1.0000000180025095e-35
decision_type=2 2 2 2 2 2
left_child=2 4 3 -1 -2 -6
right_child=1 -3 -4 -5 5 -7
leaf_value=0.43625490482554447 0.088106774302155882 2.6491462182522323 -0.9844918721653676 -1.0130404891002232 0.38816091707466466 2.721999698180376
leaf_weight=2940 1495 480 2960 1204 855 410
leaf_count=2940 1495 480 2960 1204 855 410
internal_value=2.31683e-10 0.880002 -0.401352 0.0151758 0.572325 1.14458
internal_weight=10344 3240 7104 4144 2760 1265
internal_count=10344 3240 7104 4144 2760 1265
is_linear=0
shrinkage=0.05


Tree=24
num_leaves=7
num_cat=0
split_feature=9 11 0 2 9 7
split_gain=1.38018e+06 685196 590990 683365 317491 252428
threshold=304.82115000000005 398.40555000000006 11.500000000000002 4.5000000000000009 358.24820000000005 -0.19337245081799007
decision_type=2 2 2 2 2 2
left_child=2 4 5 -4 -2 -1
right_child=1 -3 3 -5 -6 -7
leaf_value=-1.6431972872674194 0.17737917473207299 2.2796001608771177 0.47437662323340501 -1.2190328219322857 1.2494971975243341 -0.66816681168088121
leaf_weight=1008 2967 573 2124 828 900 1944
leaf_count=1008 2967 573 2124 828 900 1944
internal_value=4.9296e-10 0.666001 -0.500854 -0.000604075 0.426902 -1.0011
internal_weight=10344 4440 5904 2952 3867 2952
internal_count=10344 4440 5904 2952 3867 2952
is_linear=0
shrinkage=0.05


Tree=25
num_leaves=7
num_cat=0
split_feature=7 9 11 9 4 8
split_gain=1.25087e+06 600157 599153 357674 264789 442789
threshold=0.68274389090025245 369.78525000000008 341.66090000000003 275.88510000000002 -0.37940952255126065 1.0000000180025095e-35
decision_type=2 2 2 2 2 2
left_child=2 4 3 -1 5 -2
right_child=1 -3 -4 -5 -6 -7
leaf_value=-1.0841537263834848 0.46084621655065361 2.4426253789508099 0.53895197483551938 -0.27448428333887182 0.15055828882020031 2.6791705184775156
leaf_weight=2306 716 480 1435 3339 1740 328
leaf_count=2306 716 480 1435 3339 1740 328
internal_value=-5.477e-10 0.809793 -0.373328 -0.605237 0.528271 1.15779
internal_weight=10344 3264 7080 5645 2784 1044
internal_count=10344 3264 7080 5645 2784 1044
is_linear=0
shrinkage=0.05


Tree=26
num_leaves=7
num_cat=0
split_feature=9 11 0 2 9 7
split_gain=1.16343e+06 593619 512357 593721 300052 220211
threshold=304.82115000000005 425.5102500000001 11.500000000000002 4.5000000000000009 358.24820000000005 -0.19337245081799007
decision_type=2 2 2 2 2 2
left_child=2 4 5 -4 -2 -1
right_child=1 -3 3 -5 -6 -7
leaf_value=-1.5253504730570722 0.21550264530780283 2.7180364714606018 0.44866739596001692 -1.1297687342934815 1.2183860308762371 -0.61466284838731211
leaf_weight=1008 3152 311 2124 828 977 1944
leaf_count=1008 3152 311 2124 828 977 1944
internal_value=1.51954e-09 0.611472 -0.459847 0.00593531 0.452804 -0.925629
internal_weight=10344 4440 5904 2952 4129 2952
internal_count=10344 4440 5904 2952 4129 2952
is_linear=0
shrinkage=0.05


Tree=27
num_leaves=7
num_cat=0
split_feature=7 4 2 9 8 0
split_gain=1.06975e+06 528150 538404 513215 280846 277100
threshold=0.68274389090025245 0.25881904510252091 4.5000000000000009 346.78115000000008 1.0000000180025095e-35 12.500000000000002
decision_type=2 2 2 2 2 2
left_child=1 2 -1 -2 -5 -6
right_child=3 -3 -4 4 5 -7
leaf_value=0.38293839709358102 0.35846071504507865 -0.85621382826028425 -0.87758788486332218 1.1867138949034277 1.5069166522224746 4.7105024656543026
leaf_weight=2940 2352 2950 1190 642 135 135
leaf_count=2940 2352 2950 1190 642 135 135
internal_value=1.38509e-09 -0.345243 0.0197359 0.748873 1.75573 3.10871
internal_weight=10344 7080 4130 3264 912 270
internal_count=10344 7080 4130 3264 912 270
is_linear=0
shrinkage=0.05


Tree=28
num_leaves=7
num_cat=0
split_feature=9 11 9 0 2 11
split_gain=1.00985e+06 693001 315393 313597 348364 258144
threshold=283.10275000000007 395.97425000000004 347.75595000000004 12.500000000000002 4.5000000000000009 492.81720000000001
decision_type=2 2 2 2 2 2
left_child=3 2 -2 -1 -5 -3
right_child=1 5 -4 4 -6 -7
leaf_value=-1.0496746420732996 -0.00048533309615500595 1.4687040659596322 0.91394021362456268 0.31191006449087921 -1.2100749745769754 4.4191867472177533
leaf_weight=2106 4485 694 1194 1243 539 83
leaf_count=2106 4485 694 1194 1243 539 83
internal_value=1.99007e-09 0.383386 0.191771 -0.63661 -0.148443 1.78388
internal_weight=10344 6456 5679 3888 1782 777
internal_count=10344 6456 5679 3888 1782 777
is_linear=0
shrinkage=0.05


Tree=29
num_leaves=7
num_cat=0
split_feature=7 9 9 4 14 2
split_gain=922847 458516 444983 325536 231263 228331
threshold=0.68274389090025245 275.88510000000002 369.78525000000008 0.25881904510252091 226.63060000000004 4.5000000000000009
decision_type=2 2 2 2 2 2
left_child=1 4 -2 5 -1 -3
right_child=2 3 -4 -5 -6 -7
leaf_value=-1.3384839923279241 0.45314470822882741 0.62823461327833885 2.1015411018099015 -0.51784675895868582 -0.39726223628695689 -0.43465139675374981
leaf_weight=1248 2784 1918 480 1860 1368 686
leaf_count=1248 2784 1918 480 1860 1368 686
internal_value=-6.43501e-10 -0.320663 0.695556 -0.0126371 -0.846285 0.348227
internal_weight=10344 7080 3264 4464 2616 2604
internal_count=10344 7080 3264 4464 2616 2604
is_linear=0
shrinkage=0.05


Tree=30
num_leaves=7
num_cat=0
split_feature=11 9 2 15 0 13
split_gain=863588 477071 323952 324182 291817 247430
threshold=353.79745000000008 281.06265000000002 4.5000000000000009 544.02030000000013 12.500000000000002 22.345356179534388
decision_type=2 2 2 2 2 2
left_child=1 -1 3 4 -2 -6
right_child=2 -3 -4 -5 5 -7
leaf_value=-0.72655177250036163 -0.34352646547712778 0.063236515803597224 -0.80232624819089904 3.4144269415496908 2.600211172412104 0.91457190174179126
leaf_weight=3134 380 4904 262 137 263 1264
leaf_count=3134 380 4904 262 137 263 1264
internal_value=-2.20833e-10 -0.2447 0.852949 1.06512 0.896347 1.20489
internal_weight=10344 8038 2306 2044 1907 1527
internal_count=10344 8038 2306 2044 1907 1527
is_linear=0
shrinkage=0.05


Tree=31
num_leaves=7
num_cat=0
split_feature=9 0 2 11 7 9
split_gain=807348 453196 467100 339101 211005 205163
threshold=315.1565500000001 12.500000000000002 4.5000000000000009 467.96960000000007 -0.19337245081799007 212.83295000000001
decision_type=2 2 2 2 2 2
left_child=1 4 -3 -2 5 -1
right_child=3 2 -4 -5 -6 -7
leaf_value=-3.9187930033757135 0.56422465796933685 0.5253619136343306 -0.78487995496247742 3.5657970410493238 -0.39920564029953598 -1.0374974658518719
leaf_weight=65 3143 2288 968 97 2535 1248
leaf_count=65 3143 2288 968 97 2535 1248
internal_value=-5.59822e-10 -0.298317 0.135831 0.654087 -0.665672 -1.18014
internal_weight=10344 7104 3256 3240 3848 1313
internal_count=10344 7104 3256 3240 3848 1313
is_linear=0
shrinkage=0.05


Tree=32
num_leaves=7
num_cat=0
split_feature=7 4 2 9 5 9
split_gain=763946 380954 377231 366425 216289 203037
threshold=0.68274389090025245 0.25881904510252091 4.5000000000000009 369.78525000000008 0.60355339059327384 212.83295000000001
decision_type=2 2 2 2 2 2
left_child=1 2 4 -2 -1 -3
right_child=3 5 -4 -5 -6 -7
leaf_value=0.64189074913778954 0.4128716268581365 -3.8847993144989013 -0.73288056680474811 1.9087029726943001 -0.25313498875427815 -0.6712503320001757
leaf_weight=1890 2784 50 1190 480 1050 2900
leaf_count=1890 2784 50 1190 480 1050 2900
internal_value=1.03651e-09 -0.291753 0.0182213 0.632847 0.322239 -0.725717
internal_weight=10344 7080 4130 3264 2940 2950
internal_count=10344 7080 4130 3264 2940 2950
is_linear=0
shrinkage=0.05


Tree=33
num_leaves=7
num_cat=0
split_feature=9 11 0 2 9 17
split_gain=710361 386979 308552 355807 178897 167145
threshold=304.82115000000005 431.25270000000006 11.500000000000002 4.5000000000000009 347.75595000000004 69.44395178227667
decision_type=2 2 2 2 2 2
left_child=2 4 -1 5 -2 -4
right_child=1 -3 3 -5 -6 -7
leaf_value=-0.72078238453433363 0.13572117754067242 2.3086543480188646 0.23069454761297747 -0.87704792132911591 0.83971013416424067 2.0679198069159281
leaf_weight=2952 2848 271 1992 828 1321 132
leaf_count=2952 2848 271 1992 828 1321 132
internal_value=4.38129e-10 0.477801 -0.359322 0.00213864 0.358789 0.344872
internal_weight=10344 4440 5904 2952 4169 2124
internal_count=10344 4440 5904 2952 4169 2124
is_linear=0
shrinkage=0.05


Tree=34
num_leaves=7
num_cat=0
split_feature=9 11 10 7 14 11
split_gain=657467 482521 227366 212581 228332 199212
threshold=283.10275000000007 395.97425000000004 287.98110000000003 -0.23537842981696178 279.90080000000006 492.81720000000001
decision_type=2 2 2 2 2 2
left_child=3 2 -2 -1 -5 -3
right_child=1 5 -4 4 -6 -7
leaf_value=-1.0751159927421281 -0.38197910266440782 1.2010903933458568 0.33779659809832546 -0.20862312225985702 -3.68807210897406 3.7929995260324825
leaf_weight=1176 1486 694 4193 2664 48 83
leaf_count=1176 1486 694 4193 2664 48 83
internal_value=1.59647e-09 0.309346 0.149456 -0.513667 -0.270206 1.47796
internal_weight=10344 6456 5679 3888 2712 777
internal_count=10344 6456 5679 3888 2712 777
is_linear=0
shrinkage=0.05


Tree=35
num_leaves=7
num_cat=0
split_feature=7 4 2 8 0 9
split_gain=618567 313831 309744 309507 526811 220247
threshold=0.68274389090025245 0.25881904510252091 4.5000000000000009 1.0000000180025095e-35 12.500000000000002 366.54130000000004
decision_type=2 2 2 2 2 2
left_child=1 2 -1 -2 -5 -6
right_child=3 -3 -4 4 5 -7
leaf_value=0.29429858727748098 0.25285043119111461 -0.65641065315760272 -0.66179273863956967 0.15298498724692877 1.9922721889596433 4.794840714931488
leaf_weight=2940 2294 2950 1190 485 400 85
leaf_count=2940 2294 2950 1190 485 400 85
internal_value=4.94972e-10 -0.262529 0.0188146 0.569457 1.31821 2.48344
internal_weight=10344 7080 4130 3264 970 485
internal_count=10344 7080 4130 3264 970 485
is_linear=0
shrinkage=0.05


Tree=36
num_leaves=7
num_cat=0
split_feature=9 0 2 0 12 13
split_gain=586661 413455 491269 217001 211489 189459
threshold=344.78755000000007 12.500000000000002 4.5000000000000009 20.500000000000004 279.50754375000002 22.345356179534388
decision_type=2 2 2 2 2 2
left_child=1 4 3 5 -1 -3
right_child=-2 2 -4 -5 -6 -7
leaf_value=-1.0096159901643675 0.86248046708797155 1.894819312987172 -0.64677079160165241 -0.14782936131837321 -0.26886870666223367 0.61959780555006594
leaf_weight=1352 1656 352 1177 765 3354 1688
leaf_count=1352 1656 352 1177 765 3354 1688
internal_value=3.35133e-10 -0.164395 0.210577 0.570327 -0.48168 0.839636
internal_weight=10344 8688 3982 2805 4706 2040
internal_count=10344 8688 3982 2805 4706 2040
is_linear=0
shrinkage=0.05


Tree=37
num_leaves=7
num_cat=0
split_feature=9 11 7 14 10 11
split_gain=550123 381533 182747 206189 177037 166867
threshold=283.10275000000007 395.97425000000004 -0.23537842981696178 279.90080000000006 287.98110000000003 492.81720000000001
decision_type=2 2 2 2 2 2
left_child=2 4 -1 -4 -2 -3
right_child=1 5 3 -5 -6 -7
leaf_value=-0.99042892162149565 -0.32815087908016544 1.0687233404216145 -0.18561488543818888 -3.4920489224294822 0.30698415479242303 3.4408971358494593
leaf_weight=1176 1486 694 2664 48 4193 83
leaf_count=1176 1486 694 2664 48 4193 83
internal_value=3.37181e-11 0.282968 -0.469866 -0.244136 0.140791 1.32212
internal_weight=10344 6456 3888 2712 5679 777
internal_count=10344 6456 3888 2712 5679 777
is_linear=0
shrinkage=0.05


Tree=38
num_leaves=7
num_cat=0
split_feature=19 4 8 9 13 15
split_gain=508431 350769 455034 196160 184878 175856
threshold=431.64330000000007 -0.37940952255126065 1.0000000180025095e-35 310.56370000000004 23.369930698557631 544.02030000000013
decision_type=2 2 2 2 2 2
left_child=-1 2 -2 -3 -4 -6
right_child=1 3 4 -5 5 -7
leaf_value=-0.44948518883866867 0.27708649463397406 -0.35930412568046172 3.6263539904994624 0.33925661068115581 1.2242468900160675 4.6441192948818211
leaf_weight=3912 1636 2025 112 1995 624 40
leaf_count=3912 1636 2025 112 1995 624 40
internal_value=8.11245e-10 0.273381 0.750066 -0.0126303 1.74722 1.43026
internal_weight=10344 6432 2412 4020 776 664
internal_count=10344 6432 2412 4020 776 664
is_linear=0
shrinkage=0.05


Tree=39
num_leaves=7
num_cat=0
split_feature=12 4 2 13 9 13
split_gain=476809 334454 434674 228857 217652 172216
threshold=366.56660000000005 -0.37940952255126065 4.5000000000000009 78.009786898730354 224.40420000000003 22.345356179534388
decision_type=2 2 2 2 2 2
left_child=1 2 5 -2 -3 -1
right_child=3 4 -4 -5 -6 -7
leaf_value=1.5589453020888935 0.70902843577896424 -2.3474707107687438 -0.60653522461236997 3.2460724587552252 -0.3154378014182157 0.4371650362737432
leaf_weight=414 1200 135 1008 96 5520 1971
leaf_count=414 1200 135 1008 96 5520 1971
internal_value=4.19954e-10 -0.128477 0.263975 0.896958 -0.363948 0.631889
internal_weight=10344 9048 3393 1296 5655 2385
internal_count=10344 9048 3393 1296 5655 2385
is_linear=0
shrinkage=0.05


Tree=40
num_leaves=7
num_cat=0
split_feature=9 11 14 14 10 2
split_gain=455501 317088 161219 190234 148116 140118
threshold=282.05545000000006 395.97425000000004 227.24735000000001 279.90080000000006 287.98110000000003 1.0000000180025095e-35
decision_type=2 2 2 2 2 2
left_child=2 4 -1 -4 -2 -3
right_child=1 5 3 -5 -6 -7
leaf_value=-0.8642220045124106 -0.29400325770545827 2.6367537460738806 -0.12425470649625879 -3.3039148169259231 0.27775825951091243 0.88607296884692865
leaf_weight=1392 1548 139 2352 48 4222 643
leaf_count=1392 1548 139 2352 48 4222 643
internal_value=6.98661e-10 0.252416 -0.436137 -0.187848 0.124364 1.19726
internal_weight=10344 6552 3792 2400 5770 782
internal_count=10344 6552 3792 2400 5770 782
is_linear=0
shrinkage=0.05


Tree=41
num_leaves=7
num_cat=0
split_feature=9 0 2 11 13 7
split_gain=425669 274541 307603 186749 153958 132902
threshold=329.63600000000002 11.500000000000002 4.5000000000000009 371.82345000000004 22.345356179534388 -0.19337245081799007
decision_type=2 2 2 2 2 2
left_child=1 5 4 -2 -3 -1
right_child=3 2 -4 -5 -6 -7
leaf_value=-0.87067390003737488 0.34610655117820999 1.1829548793478486 -0.56054810143525713 1.4018086386175612 0.22699888699872292 -0.26120364769219101
leaf_weight=1356 1833 516 1176 543 2292 2628
leaf_count=1356 1833 516 1176 543 2292 2628
internal_value=3.81858e-10 -0.17515 0.118344 0.587372 0.402666 -0.468644
internal_weight=10344 7968 3984 2376 2808 3984
internal_count=10344 7968 3984 2376 2808 3984
is_linear=0
shrinkage=0.05


Tree=42
num_leaves=7
num_cat=0
split_feature=7 8 0 9 9 4
split_gain=407461 225132 382259 214614 173060 153250
threshold=0.68274389090025245 1.0000000180025095e-35 12.500000000000002 275.88510000000002 366.54130000000004 -0.60355339059327362
decision_type=2 2 2 2 2 2
left_child=3 -2 -3 -1 -4 -5
right_child=1 2 4 5 -6 -7
leaf_value=-0.57267721750020895 0.19215497931716405 0.10819874873404037 1.6579584011174739 0.45420824487637684 4.1422355416943049 -0.19032537426077481
leaf_weight=2616 2294 485 400 1302 85 3162
leaf_count=2616 2294 485 400 1302 85 3162
internal_value=-2.30422e-10 0.462179 1.10077 -0.213072 2.09335 -0.0023364
internal_weight=10344 3264 970 7080 485 4464
internal_count=10344 3264 970 7080 485 4464
is_linear=0
shrinkage=0.05


Tree=43
num_leaves=7
num_cat=0
split_feature=9 4 2 5 13 7
split_gain=369589 261723 271470 212072 151174 148313
threshold=344.78755000000007 0.25881904510252091 4.5000000000000009 0.60355339059327384 22.345356179534388 0.93158198870884079
decision_type=2 2 2 2 2 2
left_child=1 2 3 4 -1 -2
right_child=5 -3 -4 -5 -6 -7
leaf_value=1.5143883320775748 0.33900123541847016 -0.45519307741903037 -0.46347332100471716 -0.17852923318860581 0.44042548723347202 1.3324993708861359
leaf_weight=396 1080 3620 1498 1275 1899 576
leaf_count=396 1080 3620 1498 1275 1899 576
internal_value=4.06421e-10 -0.130484 0.101452 0.338499 0.625737 0.684566
internal_weight=10344 8688 5068 3570 2295 1656
internal_count=10344 8688 5068 3570 2295 1656
is_linear=0
shrinkage=0.05


Tree=44
num_leaves=7
num_cat=0
split_feature=12 13 2 4 2 11
split_gain=357794 295795 280784 277186 150282 147876
threshold=288.15064583333339 56.639774170829874 1.0000000180025095e-35 -0.37940952255126065 1.5000000000000002 415.87400000000008
decision_type=2 2 2 2 2 2
left_child=4 2 3 -2 -1 -3
right_child=1 5 -4 -5 -6 -7
leaf_value=0.036253839300221045 2.2063288482126371 0.70760450046809087 -0.077705696532055987 0.21284116709845202 -0.69025153819831997 2.4207862263480266
leaf_weight=1080 279 1057 5232 465 2088 143
leaf_count=1080 279 1057 5232 465 2088 143
internal_value=8.84095e-10 0.195386 0.0515363 0.960399 -0.442579 0.911759
internal_weight=10344 7176 5976 744 3168 1200
internal_count=10344 7176 5976 744 3168 1200
is_linear=0
shrinkage=0.05


Tree=45
num_leaves=7
num_cat=0
split_feature=9 11 14 14 19 2
split_gain=331814 226665 147146 155484 134922 115966
threshold=282.05545000000006 434.02505000000002 279.90080000000006 227.24735000000001 431.64330000000007 3.5000000000000004
decision_type=2 2 2 2 2 2
left_child=2 4 3 5 -2 -1
right_child=1 -3 -4 -5 -6 -7
leaf_value=-0.35859370815915748 -0.24591477420504654 1.5090100117444252 -3.1230338996897142 -0.089093458297047248 0.28582276340459628 -1.2801390238897876
leaf_weight=792 1608 322 48 2352 4622 600
leaf_count=792 1608 322 48 2352 4622 600
internal_value=6.78688e-10 0.215437 -0.372242 -0.336976 0.148578 -0.755812
internal_weight=10344 6552 3792 3744 6230 1392
internal_count=10344 6552 3792 3744 6230 1392
is_linear=0
shrinkage=0.05


Tree=46
num_leaves=7
num_cat=0
split_feature=7 9 4 2 9 17
split_gain=310657 186790 171715 157476 140875 122887
threshold=0.68274389090025245 369.78525000000008 0.25881904510252091 4.5000000000000009 212.83295000000001 40.749949530584253
decision_type=2 2 2 2 2 2
left_child=2 5 3 -1 -4 -2
right_child=1 -3 4 -5 -6 -7
leaf_value=0.21848905345603198 2.2852692759181892 1.3144907114996265 -3.1088184196949005 -0.46322856708554982 -0.4320327079583538 0.19237648614214881
leaf_weight=2940 72 480 50 1190 2900 2712
leaf_count=2940 72 480 50 1190 2900 2712
internal_value=7.80007e-10 0.40356 -0.186048 0.0220619 -0.477402 0.246503
internal_weight=10344 3264 7080 4130 2950 2784
internal_count=10344 3264 7080 4130 2950 2784
is_linear=0
shrinkage=0.05


Tree=47
num_leaves=7
num_cat=0
split_feature=9 11 4 2 14 7
split_gain=289420 205665 138242 243568 132752 138295
threshold=282.05545000000006 479.47655000000003 -0.37940952255126065 4.5000000000000009 279.90080000000006 -0.16799793862756093
decision_type=2 2 2 2 2 2
left_child=4 2 3 -2 5 -1
right_child=1 -3 -4 -5 -6 -7
leaf_value=-0.74390797426995758 0.79230054404162276 2.3158290647299942 -0.011656635619361505 -0.33251297756698395 -2.9604358550161125 -0.099275515973512002
leaf_weight=1248 1677 113 4087 675 48 2496
leaf_count=1248 1677 113 4087 675 48 2496
internal_value=6.03121e-10 0.201204 0.164094 0.469491 -0.34765 -0.314153
internal_weight=10344 6552 6439 2352 3792 3744
internal_count=10344 6552 6439 2352 3792 3744
is_linear=0
shrinkage=0.05


Tree=48
num_leaves=7
num_cat=0
split_feature=9 0 2 13 13 9
split_gain=272780 186513 197938 124559 201280 122895
threshold=329.63600000000002 10.500000000000002 1.0000000180025095e-35 78.009786898730354 77.468135043253696 205.31900000000005
decision_type=2 2 2 2 2 2
left_child=1 5 -3 4 -2 -1
right_child=3 2 -4 -5 -6 -7
leaf_value=-3.0296947350069376 0.45634076997361056 0.84220604314931213 -0.068568820637097058 2.0398891591637707 -2.8164590136245051 -0.37116172567966033
leaf_weight=44 2208 715 3601 120 48 3608
leaf_count=44 2208 715 3601 120 48 3608
internal_value=9.37013e-10 -0.14021 0.0823126 0.470201 0.386707 -0.403192
internal_weight=10344 7968 4316 2376 2256 3652
internal_count=10344 7968 4316 2376 2256 3652
is_linear=0
shrinkage=0.05


Tree=49
num_leaves=7
num_cat=0
split_feature=7 8 0 9 4 2
split_gain=266770 190778 338436 165045 152431 130611
threshold=0.39629089145655322 1.0000000180025095e-35 12.500000000000002 366.54130000000004 0.25881904510252091 2.5000000000000004
decision_type=2 2 2 2 2 2
left_child=4 -2 -3 -4 5 -1
right_child=1 2 3 -5 -6 -7
leaf_value=0.35703736490114429 0.070761641874200767 -0.010197953949815462 1.259174563438306 3.6097442659209755 -0.53945387294596225 -0.28099564350747697
leaf_weight=1386 3304 700 615 85 2350 1904
leaf_count=1386 3304 700 615 85 2350 1904
internal_value=-2.70972e-10 0.278035 0.767201 1.5446 -0.231893 -0.0122073
internal_weight=10344 4704 1400 700 5640 3290
internal_count=10344 4704 1400 700 5640 3290
is_linear=0
shrinkage=0.05


Tree=50
num_leaves=7
num_cat=0
split_feature=9 2 4 13 13 13
split_gain=248804 178716 212599 196034 149527 150734
threshold=304.82115000000005 1.0000000180025095e-35 -0.37940952255126065 78.009786898730354 77.468135043253696 58.154970024067318
decision_type=2 2 2 2 2 2
left_child=-1 2 -2 4 5 -3
right_child=1 3 -4 -5 -6 -7
leaf_value=-0.21265366048479573 2.6809730934324087 0.0039153838978755202 0.38982375494859839 1.8504216315136071 -2.6676879472409687 0.86769574405252925
leaf_weight=5904 162 3192 270 168 48 600
leaf_count=5904 162 3192 270 168 48 600
internal_value=7.66647e-10 0.282772 1.249 0.178627 0.105486 0.140589
internal_weight=10344 4440 432 4008 3840 3792
internal_count=10344 4440 432 4008 3840 3792
is_linear=0
shrinkage=0.05


Tree=51
num_leaves=7
num_cat=0
split_feature=12 13 2 4 14 2
split_gain=234492 221939 204707 203592 116418 111915
threshold=288.15064583333339 56.639774170829874 1.0000000180025095e-35 -0.37940952255126065 270.86590000000007 1.5000000000000002
decision_type=2 2 2 2 2 2
left_child=5 2 3 4 -2 -1
right_child=1 -3 -4 -5 -6 -7
leaf_value=0.054921187626120332 0.75191775442115849 0.77870274757723879 -0.076780285981655039 0.16892449975414303 2.8042628098936646 -0.57202464875040782
leaf_weight=1080 126 1200 5232 465 153 2088
leaf_count=1080 126 1200 5232 465 153 2088
internal_value=-3.63641e-10 0.158176 0.0335725 0.809602 1.8774 -0.358293
internal_weight=10344 7176 5976 744 279 3168
internal_count=10344 7176 5976 744 279 3168
is_linear=0
shrinkage=0.05


Tree=52
num_leaves=7
num_cat=0
split_feature=9 4 2 5 11 13
split_gain=221765 189691 182447 162911 134848 109171
threshold=362.4504500000001 0.37940952255126054 4.5000000000000009 0.60355339059327384 467.96960000000007 22.345356179534388
decision_type=2 2 2 2 2 2
left_child=1 2 3 5 -2 -1
right_child=4 -3 -4 -5 -6 -7
leaf_value=1.2130046913586559 0.5889014927118098 -0.36565338077734721 -0.33518302900878694 -0.16482269204370137 3.4521572892055961 0.36173614244783114
leaf_weight=450 941 3510 1710 1380 43 2310
leaf_count=450 941 3510 1710 1380 43 2310
internal_value=6.85394e-10 -0.075064 0.0992896 0.278746 0.714023 0.50053
internal_weight=10344 9360 5850 4140 984 2760
internal_count=10344 9360 5850 4140 984 2760
is_linear=0
shrinkage=0.05


Tree=53
num_leaves=7
num_cat=0
split_feature=7 8 0 9 9 4
split_gain=216927 154683 286331 134939 131801 100497
threshold=0.39629089145655322 1.0000000180025095e-35 12.500000000000002 275.88510000000002 366.54130000000004 0.25881904510252091
decision_type=2 2 2 2 2 2
left_child=3 -2 -3 -1 -4 -5
right_child=1 2 4 5 -6 -7
leaf_value=-0.53400049146383488 0.064080591694624947 -0.023868584700727037 1.1511773473802742 0.19826358204430325 3.251717619722819 -0.33758456443920731
leaf_weight=2040 3304 700 615 2100 85 1500
leaf_count=2040 3304 700 615 2100 85 1500
internal_value=4.8645e-10 0.250719 0.691187 -0.209111 1.40624 -0.0250065
internal_weight=10344 4704 1400 5640 700 3600
internal_count=10344 4704 1400 5640 700 3600
is_linear=0
shrinkage=0.05


Tree=54
num_leaves=7
num_cat=0
split_feature=7 13 13 9 8 18
split_gain=197451 133913 207740 116072 115293 113447
threshold=0.68274389090025245 58.628219337688527 22.586817147112125 224.40420000000003 1.0000000180025095e-35 263.95865000000009
decision_type=2 2 2 2 2 2
left_child=3 2 4 -1 -2 -6
right_child=1 -3 -4 -5 5 -7
leaf_value=-1.2895693712518552 0.52953039354384968 1.0135804775643111 -0.10451896049499435 -0.11241165038766335 2.7541988814794101 -0.048302535712718968
leaf_weight=216 588 576 1920 6864 130 50
leaf_count=216 588 576 1920 6864 130 50
internal_value=-2.23724e-10 0.321734 0.173481 -0.148325 0.868483 1.97573
internal_weight=10344 3264 2688 7080 768 180
internal_count=10344 3264 2688 7080 768 180
is_linear=0
shrinkage=0.05


Tree=55
num_leaves=7
num_cat=0
split_feature=9 4 2 7 9 11
split_gain=188090 134283 166453 94541 109459 88886.3
threshold=329.63600000000002 -0.37940952255126065 4.5000000000000009 -0.19337245081799007 205.31900000000005 371.82345000000004
decision_type=2 2 2 2 2 2
left_child=1 2 -1 4 -3 -2
right_child=5 3 -4 -5 -6 -7
leaf_value=0.39007053796205482 0.22399528977016014 -3.0117296749974294 -0.42809878290164161 -0.11893365889376589 -0.51235016381593812 0.95232758982583854
leaf_weight=2106 1833 45 882 3285 1650 543
leaf_count=2106 1833 45 882 3285 1650 543
internal_value=-1.24152e-10 -0.116428 0.148563 -0.275422 -0.578705 0.390445
internal_weight=10344 7968 2988 4980 1695 2376
internal_count=10344 7968 2988 4980 1695 2376
is_linear=0
shrinkage=0.05


Tree=56
num_leaves=7
num_cat=0
split_feature=9 11 14 14 13 2
split_gain=177778 130202 122918 100846 99483.8 115143
threshold=282.05545000000006 492.81720000000001 279.90080000000006 226.63060000000004 50.415775823312437 1.0000000180025095e-35
decision_type=2 2 2 2 2 2
left_child=2 4 3 -1 5 -2
right_child=1 -3 -4 -5 -6 -7
leaf_value=-0.58222466638524151 0.58449959633937221 2.1254513799426067 -2.7866134566565357 -0.043333969697046962 0.42682455846059775 -0.10840912662898072
leaf_weight=1368 713 83 48 2376 1988 3768
leaf_count=1368 713 83 48 2376 1988 3768
internal_value=7.99707e-10 0.157693 -0.272469 -0.240236 0.132445 0.00184392
internal_weight=10344 6552 3792 3744 6469 4481
internal_count=10344 6552 3792 3744 6469 4481
is_linear=0
shrinkage=0.05


Tree=57
num_leaves=7
num_cat=0
split_feature=4 2 15 13 0 7
split_gain=167800 267467 134138 162272 133034 146236
threshold=-0.37940952255126065 4.5000000000000009 434.25290000000001 114.61714181040874 19.500000000000004 0.689015599449598
decision_type=2 2 2 2 2 2
left_child=1 4 3 -2 5 -1
right_child=2 -3 -4 -5 -6 -7
leaf_value=0.46639843412039306 -0.25016437791989421 -0.39330291026488856 0.27233054062356893 -3.2661733292125996 0.033198515476252431 1.4246839257926902
leaf_weight=1260 4995 1116 1425 45 921 582
leaf_count=1260 4995 1116 1425 45 921 582
internal_value=9.2471e-10 0.259984 -0.15599 -0.277093 0.523852 0.769179
internal_weight=10344 3879 6465 5040 2763 1842
internal_count=10344 3879 6465 5040 2763 1842
is_linear=0
shrinkage=0.05


Tree=58
num_leaves=7
num_cat=0
split_feature=9 4 2 5 0 13
split_gain=158730 141008 126173 124762 99697.6 94803.8
threshold=362.4504500000001 0.37940952255126054 4.5000000000000009 0.60355339059327384 21.500000000000004 22.345356179534388
decision_type=2 2 2 2 2 2
left_child=1 2 3 5 -2 -1
right_child=4 -3 -4 -5 -6 -7
leaf_value=1.0940799913489156 0.75582734203759072 -0.31404669227658316 -0.27448957376258332 -0.15211880152883089 -1.0651293557046391 0.30080231974883115
leaf_weight=450 902 3510 1710 1380 82 2310
leaf_count=450 902 3510 1710 1380 82 2310
internal_value=2.84448e-10 -0.0635059 0.0868185 0.236054 0.604081 0.430141
internal_weight=10344 9360 5850 4140 984 2760
internal_count=10344 9360 5850 4140 984 2760
is_linear=0
shrinkage=0.05


Tree=59
num_leaves=7
num_cat=0
split_feature=7 9 16 9 9 4
split_gain=154187 113964 102536 99867.8 93634.2 99119.4
threshold=0.39629089145655322 369.78525000000008 358.71120178571437 275.88510000000002 399.25805000000008 1.0000000180025095e-35
decision_type=2 2 2 2 2 2
left_child=3 -2 -3 -1 5 -5
right_child=1 2 -4 4 -6 -7
leaf_value=-0.45579476228553362 0.12841366623154801 2.6810541018843654 0.63445149236358711 0.2758559176410435 -2.2114861596375706 -0.2523980226703586
leaf_weight=2040 4224 72 408 1776 48 1776
leaf_count=2040 4224 72 408 1776 48 1776
internal_value=1.08751e-10 0.211376 0.941442 -0.176296 -0.0179139 0.0117289
internal_weight=10344 4704 480 5640 3600 3552
internal_count=10344 4704 480 5640 3600 3552
is_linear=0
shrinkage=0.05


Tree=60
num_leaves=7
num_cat=0
split_feature=9 14 11 14 13 2
split_gain=140252 112901 105983 84653.1 82201.6 96755.6
threshold=282.05545000000006 279.90080000000006 492.81720000000001 226.63060000000004 50.415775823312437 1.0000000180025095e-35
decision_type=2 2 2 2 2 2
left_child=1 3 4 -1 5 -2
right_child=2 -3 -4 -5 -6 -7
leaf_value=-0.5244497580834997 0.53267995526525613 -2.6515343861033518 1.9154013673225081 -0.03071563920677994 0.38487655771914986 -0.10249799430655067
leaf_weight=1368 713 48 83 2376 1988 3768
leaf_count=1368 713 48 83 2376 1988 3768
internal_value=-2.47101e-10 -0.24201 0.140064 -0.211118 0.117286 -0.00143085
internal_weight=10344 3792 6552 3744 6469 4481
internal_count=10344 3792 6552 3744 6469 4481
is_linear=0
shrinkage=0.05


Tree=61
num_leaves=7
num_cat=0
split_feature=4 2 0 7 18 13
split_gain=134660 220755 112024 123910 146941 147729
threshold=-0.37940952255126065 4.5000000000000009 19.500000000000004 0.689015599449598 251.83085000000003 22.345356179534388
decision_type=2 2 2 2 2 2
left_child=1 2 3 -1 5 -5
right_child=-2 -3 -4 4 -6 -7
leaf_value=0.41903434211203444 -0.13974017517654153 -0.36060320655508621 0.022374523503262952 4.0435209169532316 0.24373407002006259 1.4353159052432436
leaf_weight=1260 6465 1116 921 66 210 306
leaf_count=1260 6465 1116 921 66 210 306
internal_value=-1.54349e-10 0.2329 0.472622 0.697745 1.30114 1.89806
internal_weight=10344 3879 2763 1842 582 372
internal_count=10344 3879 2763 1842 582 372
is_linear=0
shrinkage=0.05


Tree=62
num_leaves=7
num_cat=0
split_feature=9 13 13 2 0 13
split_gain=129696 128512 155678 114540 137322 98776.6
threshold=304.82115000000005 78.009786898730354 77.468135043253696 1.0000000180025095e-35 12.500000000000002 134.0837409048402
decision_type=2 2 2 2 2 2
left_child=5 2 3 4 -2 -1
right_child=1 -3 -4 -5 -6 -7
leaf_value=-0.13501920056055192 0.1343733249232173 1.5606321383090247 -2.6806401679602763 0.095110348911729023 1.9235036655470279 -2.4124700012306377
leaf_weight=5856 234 168 48 3792 198 48
leaf_count=5856 234 168 48 3792 198 48
internal_value=-4.68116e-11 0.20416 0.150816 0.182991 0.954391 -0.153535
internal_weight=10344 4440 4272 4224 432 5904
internal_count=10344 4440 4272 4224 432 5904
is_linear=0
shrinkage=0.05


Tree=63
num_leaves=7
num_cat=0
split_feature=7 8 0 9 4 9
split_gain=126244 102884 200850 92744.5 87013.7 92603.4
threshold=0.42763731121559989 1.0000000180025095e-35 12.500000000000002 366.54130000000004 0.25881904510252091 398.86505000000005
decision_type=2 2 2 2 2 2
left_child=4 -2 -3 -4 5 -1
right_child=1 2 3 -5 -6 -7
leaf_value=0.038216112375970474 0.042707183341919287 -0.046922169474263989 0.95036604598417118 2.716934363263495 -0.38455913943174796 -2.3243225781513113
leaf_weight=3332 3210 675 590 85 2410 42
leaf_count=3332 3210 675 590 85 2410 42
internal_value=-5.5449e-10 0.196727 0.56295 1.17282 -0.155096 0.00880692
internal_weight=10344 4560 1350 675 5784 3374
internal_count=10344 4560 1350 675 5784 3374
is_linear=0
shrinkage=0.05


Tree=64
num_leaves=7
num_cat=0
split_feature=9 4 0 8 13 7
split_gain=122155 94802.6 89910 84671.5 78835.9 77374.8
threshold=344.78755000000007 0.37940952255126054 20.500000000000004 1.0000000180025095e-35 22.345356179534388 0.16587474750015932
decision_type=2 2 2 2 2 2
left_child=1 3 -2 -1 5 -5
right_child=2 -3 -4 4 -6 -7
leaf_value=-0.085247245755625339 0.5328104977416912 -0.28824392376752583 -0.58118821033389101 0.15367288687511493 0.18332430960051843 1.7535997749801195
leaf_weight=3645 1449 3258 207 133 1477 175
leaf_count=3645 1449 3258 207 133 1477 175
internal_value=-2.77396e-10 -0.0750157 0.393561 0.0529212 0.335064 1.06272
internal_weight=10344 8688 1656 5430 1785 308
internal_count=10344 8688 1656 5430 1785 308
is_linear=0
shrinkage=0.05


Tree=65
num_leaves=7
num_cat=0
split_feature=16 4 2 18 7 13
split_gain=115421 102164 166264 108891 170171 124462
threshold=269.28757678571429 -0.37940952255126065 4.5000000000000009 246.61495000000002 0.66367808336324663 22.345356179534388
decision_type=2 2 2 2 2 2
left_child=-1 2 3 4 -2 -6
right_child=1 -3 -4 -5 5 -7
leaf_value=-0.49533350717840385 0.35859228913887392 -0.07213287371033876 -0.27091461462883409 -0.26903880946902614 2.9849628558890391 1.0335939267510947
leaf_weight=1056 1512 5805 1008 396 99 468
leaf_count=1056 1512 5805 1008 396 99 468
internal_value=5.86426e-10 0.056317 0.2704 0.490863 0.635606 1.37431
internal_weight=10344 9288 3483 2475 2079 567
internal_count=10344 9288 3483 2475 2079 567
is_linear=0
shrinkage=0.05


Tree=66
num_leaves=7
num_cat=0
split_feature=9 15 13 12 9 17
split_gain=109825 100302 83426.9 99665.8 88610.3 91968.3
threshold=329.63600000000002 544.02030000000013 23.667216366151656 248.40532708333333 282.05545000000006 64.075310498650964
decision_type=2 2 2 2 2 2
left_child=1 2 3 -1 5 -4
right_child=-2 -3 4 -5 -6 -7
leaf_value=-0.58534755807783867 0.29835054524235433 2.1897551134228705 -0.34541404845844548 0.33026529831613327 -0.034276308720065672 -1.5576094907309328
leaf_weight=360 2376 48 2280 1704 3408 168
leaf_count=360 2376 48 2280 1704 3408 168
internal_value=3.20646e-10 -0.088966 -0.102776 0.170565 -0.199118 -0.428604
internal_weight=10344 7968 7920 2064 5856 2448
internal_count=10344 7968 7920 2064 5856 2448
is_linear=0
shrinkage=0.05


Tree=67
num_leaves=7
num_cat=0
split_feature=7 13 13 12 17 17
split_gain=103336 89651.8 120990 105544 78256.5 122432
threshold=0.39629089145655322 58.154970024067318 22.586817147112125 299.21010625000008 68.603369478333818 69.609935490138255
decision_type=2 2 2 2 2 2
left_child=-1 2 -2 -3 -4 -6
right_child=1 3 4 -5 5 -7
leaf_value=-0.14432607118239302 0.518168203904535 -0.92983765061944723 0.0086302381265597247 0.82860301293155014 -2.6062907539101112 -0.34767658833621279
leaf_weight=5640 1080 96 2328 768 72 360
leaf_count=5640 1080 96 2328 768 72 360
internal_value=6.28019e-10 0.173044 0.0695043 0.633221 -0.10606 -0.724112
internal_weight=10344 4704 3840 864 2760 432
internal_count=10344 4704 3840 864 2760 432
is_linear=0
shrinkage=0.05


Tree=68
num_leaves=7
num_cat=0
split_feature=12 13 13 2 0 13
split_gain=99369.8 124021 131831 116708 143425 120803
threshold=278.75852916666673 78.009786898730354 77.468135043253696 1.0000000180025095e-35 11.500000000000002 49.620569306336328
decision_type=2 2 2 2 2 2
left_child=-1 2 3 4 -2 -5
right_child=1 -3 -4 5 -6 -7
leaf_value=-0.28194668494157188 -0.028670330229880553 1.2668715683674372 -2.5600439786911013 -0.1299518407833776 1.2780208332934198 0.3394855427507848
leaf_weight=2400 420 216 48 4944 420 1896
leaf_count=2400 420 216 48 4944 420 1896
internal_value=3.32519e-10 0.0851803 0.0521516 0.0684779 0.624675 0.000172908
internal_weight=10344 7944 7728 7680 840 6840
internal_count=10344 7944 7728 7680 840 6840
is_linear=0
shrinkage=0.05


Tree=69
num_leaves=7
num_cat=0
split_feature=9 4 0 8 7 2
split_gain=95935.8 87500.8 83794.3 82271.1 67572.8 85258
threshold=362.4504500000001 0.37940952255126054 21.500000000000004 1.0000000180025095e-35 -0.23537842981696178 1.0000000180025095e-35
decision_type=2 2 2 2 2 2
left_child=1 3 -2 -1 -5 -6
right_child=2 -3 -4 4 5 -7
leaf_value=-0.062624601917217748 0.60874869018925271 -0.2467328899167478 -1.0606677172114938 -0.062453565970280428 1.3769068470195174 0.34722504335824755
leaf_weight=3918 902 3510 82 686 252 994
leaf_count=3918 902 3510 82 686 252 994
internal_value=3.9746e-10 -0.0493714 0.469631 0.0690454 0.336066 0.555475
internal_weight=10344 9360 984 5850 1932 1246
internal_count=10344 9360 984 5850 1932 1246
is_linear=0
shrinkage=0.05


Tree=70
num_leaves=7
num_cat=0
split_feature=4 2 15 9 9 18
split_gain=88520.8 161311 89717.5 151119 115215 97752.4
threshold=-0.37940952255126065 4.5000000000000009 578.55685000000005 398.86505000000005 369.78525000000008 246.89835000000002
decision_type=2 2 2 2 2 2
left_child=1 2 3 4 5 -1
right_child=-2 -3 -4 -5 -6 -7
leaf_value=0.4559979609321877 -0.11329845297141761 -0.31851148388876771 2.4117716837260463 -2.5198127253850302 2.0017111558053231 -0.45226631752100954
leaf_weight=2214 6465 1116 54 45 108 342
leaf_count=2214 6465 1116 54 45 108 342
internal_value=-6.24763e-10 0.188831 0.393751 0.353524 0.402061 0.33447
internal_weight=10344 3879 2763 2709 2664 2556
internal_count=10344 3879 2763 2709 2664 2556
is_linear=0
shrinkage=0.05


Tree=71
num_leaves=7
num_cat=0
split_feature=9 14 18 13 15 18
split_gain=87673.7 95339.4 77744.1 86935.8 71258.6 68372.9
threshold=282.05545000000006 279.90080000000006 187.84795000000003 22.345356179534388 422.39945000000006 263.95865000000009
decision_type=2 2 2 2 2 2
left_child=1 2 4 -4 -1 -2
right_child=5 -3 3 -5 -6 -7
leaf_value=-0.58750678173798532 0.17268068250589186 -2.4055564024873703 0.43233709319076041 -0.20310548023431607 0.82924276743627479 -0.3104505376725657
leaf_weight=1176 5712 48 792 1680 96 840
leaf_count=1176 5712 48 792 1680 96 840
internal_value=8.43724e-11 -0.191343 -0.162956 0.000482917 -0.480582 0.110741
internal_weight=10344 3792 3744 2472 1272 6552
internal_count=10344 3792 3744 2472 1272 6552
is_linear=0
shrinkage=0.05


Tree=72
num_leaves=7
num_cat=0
split_feature=7 5 4 9 9 9
split_gain=85900 80008.6 62900.7 80399.7 93979.5 76088.6
threshold=0.42763731121559989 -0.70710678118654757 0.25881904510252091 398.86505000000005 307.67320000000001 212.83295000000001
decision_type=2 2 2 2 2 2
left_child=2 -2 3 4 -1 -4
right_child=1 -3 5 -5 -6 -7
leaf_value=-0.15191186781824562 0.52503357083602042 0.041356743105118061 -2.2531867927312854 -2.1625459585871019 0.40851460043981513 -0.28213785381009016
leaf_weight=2198 1140 3420 50 42 1134 2360
leaf_count=2198 1140 3420 50 42 1134 2360
internal_value=-1.23958e-10 0.162276 -0.127935 0.0114186 0.0388215 -0.323031
internal_weight=10344 4560 5784 3374 3332 2410
internal_count=10344 4560 5784 3374 3332 2410
is_linear=0
shrinkage=0.05


Tree=73
num_leaves=7
num_cat=0
split_feature=9 0 4 15 6 6
split_gain=81476.3 76763.9 69567.5 56721.9 56698.4 106947
threshold=362.4504500000001 20.500000000000004 0.60355339059327384 544.02030000000013 -0.074117382312902977 -0.46801505794253101
decision_type=2 2 2 2 2 2
left_child=2 -2 3 4 5 -1
right_child=1 -3 -4 -5 -6 -7
leaf_value=0.023093325568250622 0.59971214916998405 -0.73562826213797905 -0.25792647697529569 1.7030238646356499 -0.089594912285842293 0.75877658096064859
leaf_weight=1938 861 123 2730 51 3978 663
leaf_count=1938 861 123 2730 51 3978 663
internal_value=-3.67233e-10 0.432795 -0.0454989 0.0419713 0.0290949 0.21062
internal_weight=10344 984 9360 6630 6579 2601
internal_count=10344 984 9360 6630 6579 2601
is_linear=0
shrinkage=0.05


Tree=74
num_leaves=7
num_cat=0
split_feature=7 5 0 2 9 11
split_gain=76379.5 76842.4 89361.4 99125.9 88286.7 71688.1
threshold=0.39629089145655322 1.0000000180025095e-35 12.500000000000002 4.5000000000000009 366.54130000000004 419.56535000000002
decision_type=2 2 2 2 2 2
left_child=-1 2 5 4 -4 -2
right_child=1 -3 3 -5 -6 -7
leaf_value=-0.12408183863942995 0.12578108276691702 -0.053314708724060036 0.75881398435288328 -0.066768135586088267 2.3281974170722215 -1.7908377972888012
leaf_weight=5640 1125 2352 738 336 102 51
leaf_count=5640 1125 2352 738 336 102 51
internal_value=-1.05931e-09 0.148772 0.350858 0.659053 0.949382 0.0426624
internal_weight=10344 4704 2352 1176 840 1176
internal_count=10344 4704 2352 1176 840 1176
is_linear=0
shrinkage=0.05


Tree=75
num_leaves=7
num_cat=0
split_feature=15 9 13 13 13 13
split_gain=73327.2 77339 126499 92486.2 94965.5 65406.4
threshold=578.55685000000005 259.98450000000008 56.698785513550881 24.091712159168953 48.745214428863939 78.009786898730354
decision_type=2 2 2 2 2 2
left_child=1 2 -1 -3 -5 -2
right_child=5 3 -4 4 -6 -7
leaf_value=-0.26082763708889223 0.18168747377737116 0.37738619001991691 -2.8680586454768977 -0.16929332035612188 0.22216166254291805 2.1752635261250868
leaf_weight=1512 96 1656 48 4632 2328 72
leaf_count=1512 96 1656 48 4632 2328 72
internal_value=-9.39126e-10 -0.017105 -0.34105 0.041548 -0.0383584 1.03608
internal_weight=10344 10176 1560 8616 6960 168
internal_count=10344 10176 1560 8616 6960 168
is_linear=0
shrinkage=0.05


Tree=76
num_leaves=7
num_cat=0
split_feature=4 2 0 9 9 2
split_gain=70105.8 140229 80673.5 72531 70927.1 79653.1
threshold=-0.37940952255126065 4.5000000000000009 20.500000000000004 437.66935000000007 327.27120000000008 1.0000000180025095e-35
decision_type=2 2 2 2 2 2
left_child=1 2 4 -2 -1 -6
right_child=3 -3 -4 -5 5 -7
leaf_value=0.33875777386814293 -0.11484857786213254 -0.30498262345190014 -0.1463451769427436 1.8995351289543843 2.7880251847872781 0.79446347208083179
leaf_weight=1617 6420 1116 614 45 56 476
leaf_count=1617 6420 1116 614 45 56 476
internal_value=7.65298e-10 0.168046 0.359106 -0.100827 0.50352 1.00431
internal_weight=10344 3879 2763 6465 2149 532
internal_count=10344 3879 2763 6465 2149 532
is_linear=0
shrinkage=0.05


Tree=77
num_leaves=7
num_cat=0
split_feature=16 13 13 16 13 15
split_gain=67537.4 69473.7 104959 85595.8 72898.3 72706.8
threshold=269.28757678571429 22.345356179534388 49.620569306336328 318.29195119047625 78.009786898730354 405.83520000000004
decision_type=2 2 2 2 2 2
left_child=-1 -2 -3 -4 5 -5
right_child=1 2 3 4 -6 -7
leaf_value=-0.37890199558230853 0.31525615541118651 -0.15000222303937083 -0.12341078772258879 1.9232379875663257 1.571120588321032 0.28545723967302672
leaf_weight=1056 1872 5160 888 72 144 1152
leaf_count=1056 1872 5160 888 72 144 1152
internal_value=4.96939e-10 0.0430793 -0.0256255 0.258853 0.506989 0.381797
internal_weight=10344 9288 7416 2256 1368 1224
internal_count=10344 9288 7416 2256 1368 1224
is_linear=0
shrinkage=0.05


Tree=78
num_leaves=7
num_cat=0
split_feature=12 13 13 18 8 7
split_gain=63839.1 84986.4 113144 73938.1 84924.5 93331.2
threshold=278.75852916666673 24.385087032480861 49.739893463231816 263.95865000000009 1.0000000180025095e-35 0.16587474750015932
decision_type=2 2 2 2 2 2
left_child=-1 3 -3 4 -2 -6
right_child=1 2 -4 -5 5 -7
leaf_value=-0.22598688364094902 0.39368194497545761 -0.14897299092319313 0.29520534711053353 -0.21738094879935185 0.10437644325196743 2.2191147927840551
leaf_weight=2400 802 4464 2112 336 80 150
leaf_count=2400 802 4464 2112 336 80 150
internal_value=-3.5484e-10 0.068274 -0.00631717 0.426835 0.63658 1.48355
internal_weight=10344 7944 6576 1368 1032 230
internal_count=10344 7944 6576 1368 1032 230
is_linear=0
shrinkage=0.05


Tree=79
num_leaves=7
num_cat=0
split_feature=4 2 18 7 13 13
split_gain=63206.5 125949 80558.1 136279 92956.2 66435.8
threshold=-0.37940952255126065 4.5000000000000009 246.61495000000002 0.64414586362404946 26.27716339104035 134.0837409048402
decision_type=2 2 2 2 2 2
left_child=1 2 3 -1 -5 -2
right_child=5 -3 -4 4 -6 -7
leaf_value=0.23146596061844785 -0.082318348981836917 -0.28873371136467407 -0.31943030731959476 2.4333752106875184 0.81166782925047232 -2.0102046490708987
leaf_weight=1773 6420 1116 396 108 486 45
leaf_count=1773 6420 1116 396 108 486 45
internal_value=2.6038e-10 0.159563 0.340633 0.451062 1.10652 -0.0957375
internal_weight=10344 3879 2763 2367 594 6465
internal_count=10344 3879 2763 2367 594 6465
is_linear=0
shrinkage=0.05


Tree=80
num_leaves=7
num_cat=0
split_feature=16 13 13 16 19 16
split_gain=57367.9 58269.9 85479.2 74857 68399.9 67417.1
threshold=269.28757678571429 22.345356179534388 49.620569306336328 318.29195119047625 567.99785000000008 292.56679910714291
decision_type=2 2 2 2 2 2
left_child=-1 -2 4 5 -3 -4
right_child=1 2 3 -5 -6 -7
leaf_value=-0.3492120503655205 0.28896964849196732 -0.080434005787949098 0.3236263672922548 0.46555795318443827 -0.73770121099078101 -0.54801364032543487
leaf_weight=1056 1872 4728 432 1368 432 456
leaf_count=1056 1872 4728 432 1368 432 456
internal_value=4.75222e-10 0.0397037 -0.0232178 0.233509 -0.135461 -0.123973
internal_weight=10344 9288 7416 2256 5160 888
internal_count=10344 9288 7416 2256 5160 888
is_linear=0
shrinkage=0.05


Tree=81
num_leaves=7
num_cat=0
split_feature=4 2 9 9 18 9
split_gain=57043.8 114557 78457.6 91543.4 84884.1 91175
threshold=-0.37940952255126065 4.5000000000000009 424.42965000000004 369.78525000000008 246.61495000000002 307.67320000000001
decision_type=2 2 2 2 2 2
left_child=1 2 3 4 5 -1
right_child=-2 -3 -4 -5 -6 -7
leaf_value=0.1917512686475534 -0.090950636025266984 -0.27595811859474229 -1.7464193420939975 1.5466658335300831 -0.43470934412609313 0.89139059914818586
leaf_weight=1548 6465 1116 45 153 351 666
leaf_count=1548 6465 1116 45 153 351 666
internal_value=2.89215e-10 0.151584 0.324273 0.358556 0.287686 0.402212
internal_weight=10344 3879 2763 2718 2565 2214
internal_count=10344 3879 2763 2718 2565 2214
is_linear=0
shrinkage=0.05


Tree=82
num_leaves=7
num_cat=0
split_feature=4 0 2 0 18 7
split_gain=53981.4 61776 69940.4 81973.5 71400.7 135132
threshold=0.60355339059327384 21.500000000000004 4.5000000000000009 12.500000000000002 246.61495000000002 0.66367808336324663
decision_type=2 2 2 2 2 2
left_child=1 2 3 -1 5 -5
right_child=-2 -3 -4 4 -6 -7
leaf_value=-0.027541135572934528 -0.17800139145535765 -0.32430627633690007 -0.13245842124065085 0.2950004673166291 -0.21834468197129253 1.1801574927736633
leaf_weight=1842 3017 862 1860 1800 396 567
leaf_count=1842 3017 862 1860 1800 396 567
internal_value=1.98742e-10 0.0732947 0.126308 0.230826 0.403071 0.507034
internal_weight=10344 7327 6465 4605 2763 2367
internal_count=10344 7327 6465 4605 2763 2367
is_linear=0
shrinkage=0.05


Tree=83
num_leaves=7
num_cat=0
split_feature=14 9 18 2 4 19
split_gain=53065.1 77703.5 77182.9 69804.1 72063.5 69801.3
threshold=270.00025000000005 284.31895000000003 240.22775000000001 1.5000000000000002 -0.37940952255126065 658.72730000000013
decision_type=2 2 2 2 2 2
left_child=-1 2 -2 4 -3 -5
right_child=1 3 -4 5 -6 -7
leaf_value=-0.075656817707604462 -2.5143989186733964 1.2365660921713106 -0.24096554884620544 0.13992141325765386 0.26599592197430777 -1.4435018380482993
leaf_weight=7152 48 306 168 2088 510 72
leaf_count=7152 48 306 168 2088 510 72
internal_value=2.32652e-10 0.169517 -0.746173 0.235978 0.62996 0.0871406
internal_weight=10344 3192 216 2976 816 2160
internal_count=10344 3192 216 2976 816 2160
is_linear=0
shrinkage=0.05


Tree=84
num_leaves=7
num_cat=0
split_feature=9 9 9 7 14 4
split_gain=50950.7 120060 65948.7 63144.6 64138 52300.7
threshold=437.66935000000007 424.42965000000004 375.80705000000006 0.9863035000474919 324.15705000000008 0.37940952255126054
decision_type=2 2 2 2 2 2
left_child=1 2 5 4 -4 -1
right_child=-2 -3 3 -5 -6 -7
leaf_value=0.065257623272801879 1.3254457694995736 -2.5040701250235244 0.89382179648149762 2.3167898982763293 -0.44094815386666197 -0.17343136965376293
leaf_weight=6120 72 48 240 48 144 3672
leaf_count=6120 72 48 240 48 144 3672
internal_value=6.36098e-10 -0.00929051 0.00242207 0.607006 0.393283 -0.0242507
internal_weight=10344 10272 10224 432 384 9792
internal_count=10344 10272 10224 432 384 9792
is_linear=0
shrinkage=0.05


Tree=85
num_leaves=7
num_cat=0
split_feature=9 2 4 18 15 13
split_gain=50124.3 69490.9 77514.1 62854.3 66756.4 61673.4
threshold=272.75825000000003 1.0000000180025095e-35 -0.37940952255126065 100.93615000000001 385.54940000000005 50.123651235841486
decision_type=2 2 2 2 2 2
left_child=3 2 -2 4 -1 -3
right_child=1 5 -4 -5 -6 -7
leaf_value=-0.68683091313601707 1.1014333316642377 -0.091679868472486062 0.12318802251446026 -0.018179443078465776 0.57866493514583761 0.23597573923808257
leaf_weight=792 324 4488 540 1968 120 2112
leaf_count=792 324 4488 540 1968 120 2112
internal_value=7.94537e-10 0.0683692 0.49003 -0.17719 -0.520318 0.0131699
internal_weight=10344 7464 864 2880 912 6600
internal_count=10344 7464 864 2880 912 6600
is_linear=0
shrinkage=0.05


Tree=86
num_leaves=7
num_cat=0
split_feature=15 13 9 17 0 10
split_gain=47004.9 55613 70106.6 73342.4 185827 251413
threshold=544.02030000000013 24.091712159168953 282.05545000000006 64.075310498650964 12.500000000000002 293.94265000000001
decision_type=2 2 2 2 2 2
left_child=1 -1 3 -3 5 -5
right_child=-2 2 -4 4 -6 -7
leaf_value=0.18791646937690448 0.62981629938003614 -0.23191430769845886 0.019025465771447609 -0.067771710074225139 0.49296035828528473 -5.3319396181652943
leaf_weight=2472 288 2256 5160 43 77 48
leaf_count=2472 288 2256 5160 43 77 48
internal_value=-5.68741e-10 -0.0180377 -0.0851683 -0.306967 -1.31482 -2.84448
internal_weight=10344 10056 7584 2424 168 91
internal_count=10344 10056 7584 2424 168 91
is_linear=0
shrinkage=0.05


Tree=87
num_leaves=7
num_cat=0
split_feature=11 16 13 13 19 16
split_gain=46165.2 41982.7 48206.2 62909.7 61450.2 56370.1
threshold=492.81720000000001 269.28757678571429 24.091712159168953 49.739893463231816 658.72730000000013 318.29195119047625
decision_type=2 2 2 2 2 2
left_child=1 -1 4 -4 -3 -5
right_child=-2 2 3 5 -6 -7
leaf_value=-0.30984134049424694 0.98756147127630367 0.27536466570006896 -0.14149734558887572 -0.12441491777536687 -1.297323012445122 0.3931364065135009
leaf_weight=1056 117 2106 4822 888 64 1291
leaf_count=1056 117 2106 4822 888 64 1291
internal_value=3.03568e-10 -0.011298 0.0230779 -0.040743 0.228981 0.182221
internal_weight=10344 10227 9171 7001 2170 2179
internal_count=10344 10227 9171 7001 2170 2179
is_linear=0
shrinkage=0.05


Tree=88
num_leaves=7
num_cat=0
split_feature=12 13 13 13 19 13
split_gain=43785.2 61462.7 112715 64345.8 61137.1 60997.6
threshold=278.75852916666673 78.009786898730354 77.468135043253696 24.385087032480861 658.72730000000013 48.745214428863939
decision_type=2 2 2 2 2 2
left_child=-1 2 3 4 -2 -5
right_child=1 -3 -4 5 -6 -7
leaf_value=-0.1871559243569306 0.43805032176422642 0.88842663281355749 -2.3820989063630504 -0.1273334413785277 -1.0588632441643211 0.20399816135756083
leaf_weight=2400 1296 216 48 4248 72 2064
leaf_count=2400 1296 216 48 4248 72 2064
internal_value=-3.65594e-10 0.0565426 0.0332912 0.0483873 0.359265 -0.0189893
internal_weight=10344 7944 7728 7680 1368 6312
internal_count=10344 7944 7728 7680 1368 6312
is_linear=0
shrinkage=0.05


Tree=89
num_leaves=7
num_cat=0
split_feature=4 0 9 9 11 2
split_gain=43613.4 52175.4 58655.4 52176.2 50644.1 46217.9
threshold=0.78656609248549325 20.500000000000004 393.29170000000005 327.27120000000008 406.94650000000007 4.5000000000000009
decision_type=2 2 2 2 2 2
left_child=1 3 -3 -1 -2 -5
right_child=4 2 -4 5 -6 -7
leaf_value=0.030246693346002093 -0.16638111074036782 -0.17709248718008294 -2.0767263219470071 0.51056970196973694 -1.9406257071873037 -0.091497385588095156
leaf_weight=5248 2114 1251 42 1216 41 432
leaf_count=5248 2114 1251 42 1216 41 432
internal_value=4.46354e-10 0.0526676 -0.238798 0.107317 -0.200137 0.352746
internal_weight=10344 8189 1293 6896 2155 1648
internal_count=10344 8189 1293 6896 2155 1648
is_linear=0
shrinkage=0.05


Tree=90
num_leaves=7
num_cat=0
split_feature=9 9 9 7 14 4
split_gain=41785.2 104114 52602.2 55660.9 56143.2 42922.7
threshold=437.66935000000007 424.42965000000004 375.80705000000006 0.9863035000474919 324.15705000000008 0.37940952255126054
decision_type=2 2 2 2 2 2
left_child=1 2 5 4 -4 -1
right_child=-2 -3 3 -5 -6 -7
leaf_value=0.059759570891208785 1.2003232513864837 -2.331617768108845 0.81009183752350511 2.1477168475471746 -0.43872043689092 -0.1564735558307854
leaf_weight=6120 72 48 240 48 144 3672
leaf_count=6120 72 48 240 48 144 3672
internal_value=4.68849e-10 -0.00841348 0.00249358 0.542446 0.341787 -0.0213279
internal_weight=10344 10272 10224 432 384 9792
internal_count=10344 10272 10224 432 384 9792
is_linear=0
shrinkage=0.05


Tree=91
num_leaves=7
num_cat=0
split_feature=11 14 15 10 18 18
split_gain=41178.1 36296.5 73726.2 83445.9 60333.7 119407
threshold=514.79450000000008 239.22435000000004 465.29185000000007 400.22635000000008 246.16770000000002 245.98705000000004
decision_type=2 2 2 2 2 2
left_child=1 2 3 -1 5 -3
right_child=-2 4 -4 -5 -6 -7
leaf_value=-0.14702087191923185 1.1444909080671959 0.091488284208505952 1.0969744903114387 -2.3887435608676504 -0.21311033876815802 1.2344999834398429
leaf_weight=3578 78 4765 118 42 1523 240
leaf_count=3578 78 4765 118 42 1523 240
internal_value=-4.12053e-10 -0.00869572 -0.132939 -0.17303 0.0624471 0.146298
internal_weight=10344 10266 3738 3620 6528 5005
internal_count=10344 10266 3738 3620 6528 5005
is_linear=0
shrinkage=0.05


Tree=92
num_leaves=7
num_cat=0
split_feature=9 18 7 10 13 19
split_gain=37293.1 47112.2 75047 108460 45598.1 49147.4
threshold=259.98450000000008 100.93615000000001 0.93769647993491489 302.57975000000005 24.091712159168953 658.72730000000013
decision_type=2 2 2 2 2 2
left_child=1 2 3 -1 5 -2
right_child=4 -3 -4 -5 -6 -7
leaf_value=-0.47658233138413553 0.33471636272457694 -0.02383275749252084 1.2930224275837343 -2.5726796943280434 -0.014706298920741124 -1.0009770498921475
leaf_weight=432 1584 1032 48 72 7104 72
leaf_count=432 1584 1032 48 72 7104 72
internal_value=-1.05639e-09 -0.223262 -0.596108 -0.776025 0.0403706 0.276643
internal_weight=10344 1584 552 504 8760 1656
internal_count=10344 1584 552 504 8760 1656
is_linear=0
shrinkage=0.05


Tree=93
num_leaves=7
num_cat=0
split_feature=11 4 0 11 9 2
split_gain=37376.2 33680.7 45858 45157.5 38609.3 37058.9
threshold=514.79450000000008 0.78656609248549325 21.500000000000004 406.94650000000007 327.27120000000008 4.5000000000000009
decision_type=2 2 2 2 2 2
left_child=1 2 4 -3 -1 -6
right_child=-2 3 -4 -5 5 -7
leaf_value=0.015034104334967012 1.0903774639352775 -0.15211033401801538 -0.3063700987780229 -1.8274944565645079 0.42630633806988333 -0.098400321300902399
leaf_weight=5529 78 2114 862 41 1261 459
leaf_count=5529 78 2114 862 41 1261 459
internal_value=5.70776e-10 -0.00828457 0.0383971 -0.183985 0.0793944 0.286283
internal_weight=10344 10266 8111 2155 7249 1720
internal_count=10344 10266 8111 2155 7249 1720
is_linear=0
shrinkage=0.05


Tree=94
num_leaves=7
num_cat=0
split_feature=9 9 4 2 18 18
split_gain=35118.5 95698.5 44485.4 97905.9 72203.9 105558
threshold=437.66935000000007 424.42965000000004 -0.37940952255126065 4.5000000000000009 246.61495000000002 245.98705000000004
decision_type=2 2 2 2 2 2
left_child=1 2 3 4 5 -1
right_child=-2 -3 -4 -5 -6 -7
leaf_value=0.34941899838101659 1.1004108156698444 -2.235044862826665 -0.078043692589217173 -0.2569232105053828 -0.32474244538379482 2.4244216985172695
leaf_weight=2259 72 48 6390 1116 396 63
leaf_count=2259 72 48 6390 1116 396 63
internal_value=2.63028e-10 -0.00771316 0.0027438 0.13739 0.299293 0.405718
internal_weight=10344 10272 10224 3834 2718 2322
internal_count=10344 10272 10224 3834 2718 2322
is_linear=0
shrinkage=0.05


Tree=95
num_leaves=7
num_cat=0
split_feature=13 9 14 12 14 0
split_gain=34778.2 51735.7 71181 48168.2 56884.5 47623.2
threshold=24.091712159168953 282.05545000000006 279.90080000000006 248.40532708333333 227.98800000000003 10.500000000000002
decision_type=2 2 2 2 2 2
left_child=3 2 -2 -1 5 -5
right_child=1 -3 -4 4 -6 -7
leaf_value=-0.370985496910677 -0.2040458896261019 0.034736924428638044 -2.1486515148232384 0.22226277061967883 0.17844598843168025 1.9118007863779647
leaf_weight=360 2400 5424 48 77 1944 91
leaf_count=360 2400 5424 48 77 1944 91
internal_value=-2.11888e-10 -0.0513761 -0.242175 0.163605 0.254729 1.13743
internal_weight=10344 7872 2448 2472 2112 168
internal_count=10344 7872 2448 2472 2112 168
is_linear=0
shrinkage=0.05


Tree=96
num_leaves=7
num_cat=0
split_feature=7 0 0 2 2 11
split_gain=34056.5 70025.7 66639.7 69253.7 65068.8 64766.7
threshold=0.40418040343369133 18.500000000000004 12.500000000000002 1.0000000180025095e-35 3.5000000000000004 431.25270000000006
decision_type=2 2 2 2 2 2
left_child=-1 2 4 -4 5 -2
right_child=1 -3 3 -5 -6 -7
leaf_value=-0.082468329589317949 -0.10811957779736359 -0.27721500595315146 1.4506151438513328 0.35364255683576529 0.34616202797310858 -2.1242248244765327
leaf_weight=5664 1402 975 168 1002 1092 41
leaf_count=5664 1402 975 168 1002 1092 41
internal_value=5.01685e-10 0.0998078 0.199024 0.511157 0.0549633 -0.165403
internal_weight=10344 4680 3705 1170 2535 1443
internal_count=10344 4680 3705 1170 2535 1443
is_linear=0
shrinkage=0.05


Tree=97
num_leaves=7
num_cat=0
split_feature=15 9 10 19 13 0
split_gain=33353.3 43259.7 67381.5 44687.3 54097.9 55198.1
threshold=578.55685000000005 224.40420000000003 255.39070000000001 658.72730000000013 24.091712159168953 4.5000000000000009
decision_type=2 2 2 2 2 2
left_child=1 2 -1 4 -3 -6
right_child=-2 3 -4 -5 5 -7
leaf_value=-0.29057672774982746 0.69876196441861493 0.23284221834114779 -2.5640024600923064 -0.87077100696042187 0.21574589400779148 -0.11640268451449519
leaf_weight=176 168 2232 40 144 1580 6004
leaf_count=176 168 2232 40 144 1580 6004
internal_value=8.29185e-10 -0.0115362 -0.711581 0.00364554 0.0164732 -0.0472051
internal_weight=10344 10176 216 9960 9816 7584
internal_count=10344 10176 216 9960 9816 7584
is_linear=0
shrinkage=0.05


Tree=98
num_leaves=7
num_cat=0
split_feature=10 13 10 0 13 16
split_gain=32704 74203.5 48850.8 37633.4 40321.5 50552.5
threshold=1.0000000180025095e-35 134.0837409048402 239.80130000000003 21.500000000000004 58.154970024067318 318.29195119047625
decision_type=2 2 2 2 2 2
left_child=-1 2 -2 4 -4 -6
right_child=1 -3 3 -5 5 -7
leaf_value=1.2388448877154659 -0.38896895085533273 -2.010069719799187 0.024445332888659216 -0.29094595649775451 -0.033730794775373905 0.67653825035783988
leaf_weight=53 739 46 7673 819 452 562
leaf_count=53 739 46 7673 819 452 562
internal_value=-4.25201e-10 -0.00638021 0.00261634 0.0330583 0.0636051 0.359929
internal_weight=10344 10291 10245 9506 8687 1014
internal_count=10344 10291 10245 9506 8687 1014
is_linear=0
shrinkage=0.05


Tree=99
num_leaves=7
num_cat=0
split_feature=11 4 11 0 9 7
split_gain=31697.5 28653.8 38813.4 35799.1 53853.4 45759.4
threshold=514.79450000000008 0.78656609248549325 406.94650000000007 20.500000000000004 393.29170000000005 -0.49812626372919411
decision_type=2 2 2 2 2 2
left_child=1 3 -3 -1 5 -5
right_child=-2 2 -4 4 -6 -7
leaf_value=0.081172631443688525 1.0041333950100801 -0.14013743872724319 -1.6933822246586407 0.33187967358517051 -1.9668732760917571 -0.33775230365611564
leaf_weight=6818 78 2114 41 357 42 894
leaf_count=6818 78 2114 41 357 42 894
internal_value=-4.13869e-10 -0.0076293 -0.169689 0.035428 -0.205784 -0.146658
internal_weight=10344 10266 2155 8111 1293 1251
internal_count=10344 10266 2155 8111 1293 1251
is_linear=0
shrinkage=0.05


Tree=100
num_leaves=7
num_cat=0
split_feature=12 12 9 9 10 12
split_gain=30394.2 63693 43095.1 36435.9 59013.3 36530.3
threshold=400.74789375000006 423.9938687500001 437.66935000000007 224.40420000000003 255.39070000000001 394.08561666666668
decision_type=2 2 2 2 2 2
left_child=3 -2 -3 4 -1 -5
right_child=1 2 -4 5 -6 -7
leaf_value=-0.26566764458759945 1.0855739253767147 -0.54354022980634387 1.1552341327071189 0.0087918825230751622 -2.3932452713698149 -0.79354461282491684
leaf_weight=176 192 168 48 9576 40 144
leaf_count=176 192 168 48 9576 40 144
internal_value=-7.07901e-12 0.422958 -0.166035 -0.0173678 -0.659664 -0.00309458
internal_weight=10344 408 216 9936 216 9720
internal_count=10344 408 216 9936 216 9720
is_linear=0
shrinkage=0.05


Tree=101
num_leaves=7
num_cat=0
split_feature=10 13 10 13 13 11
split_gain=29451.8 63891.7 44144 35998.9 43949.9 48934.4
threshold=1.0000000180025095e-35 134.0837409048402 227.86515000000003 24.091712159168953 48.745214428863939 399.83690000000007
decision_type=2 2 2 2 2 2
left_child=-1 2 -2 -4 -5 -6
right_child=1 -3 3 4 5 -7
leaf_value=1.1756345362033485 -0.50539136378846861 -1.8653167510810107 0.19719406923107469 -0.1128873080344409 0.055130490598902786 0.70147658874445107
leaf_weight=53 411 46 2289 5094 2111 340
leaf_count=53 411 46 2289 5094 2111 340
internal_value=-7.22943e-10 -0.00605467 0.0022934 0.0235115 -0.0291803 0.144791
internal_weight=10344 10291 10245 9834 7545 2451
internal_count=10344 10291 10245 9834 7545 2451
is_linear=0
shrinkage=0.05


Tree=102
num_leaves=7
num_cat=0
split_feature=4 8 9 0 9 7
split_gain=28721.7 41371 86079.1 72611 47252.3 44243.5
threshold=0.60355339059327384 1.0000000180025095e-35 424.42965000000004 12.500000000000002 366.54130000000004 -0.79382744783423187
decision_type=2 2 2 2 2 2
left_child=1 2 5 -3 -5 -1
right_child=-2 3 -4 4 -6 -7
leaf_value=0.31450377932186568 -0.12983932344008017 -0.13019510507462273 -2.2075948973082835 0.34698743694140394 1.3433696293830872 -0.081102359182162825
leaf_weight=860 3017 921 45 1405 130 3966
leaf_count=860 3017 921 45 1405 130 3966
internal_value=-6.33072e-10 0.0534632 -0.0309014 0.220784 0.431372 -0.0106048
internal_weight=10344 7327 4871 2456 1535 4826
internal_count=10344 7327 4871 2456 1535 4826
is_linear=0
shrinkage=0.05


Tree=103
num_leaves=7
num_cat=0
split_feature=7 5 13 0 0 2
split_gain=27985.5 81880.7 79682.9 70493.3 59276.1 82449.9
threshold=-0.19337245081799007 -0.12940952255126037 77.831074539680671 18.500000000000004 10.500000000000002 1.0000000180025095e-35
decision_type=2 2 2 2 2 2
left_child=1 -1 -3 4 -2 -6
right_child=3 2 -4 -5 5 -7
leaf_value=-0.35803093453924784 0.002959237944044625 0.16643557866442613 -1.4625038557709793 -0.25768940526552198 1.0875534086389234 0.21825556192581477
leaf_weight=1760 2981 2002 78 1355 320 1848
leaf_count=1760 2981 2002 78 1355 320 1848
internal_value=-3.5511e-10 -0.107033 0.10535 0.0631928 0.147635 0.346565
internal_weight=10344 3840 2080 6504 5149 2168
internal_count=10344 3840 2080 6504 5149 2168
is_linear=0
shrinkage=0.05


Tree=104
num_leaves=7
num_cat=0
split_feature=10 13 10 18 18 7
split_gain=27934.6 55863.7 38520.6 33636.5 110369 62572
threshold=1.0000000180025095e-35 134.0837409048402 239.80130000000003 246.16770000000002 245.98705000000004 0.99681593486783593
decision_type=2 2 2 2 2 2
left_child=-1 2 -2 4 -4 -5
right_child=1 -3 3 5 -6 -7
leaf_value=1.1449525875021827 -0.34581666383404741 -1.7444300799590089 0.037729737789021472 -0.11367169427663533 1.1265275614407499 -1.6228984425827448
leaf_weight=53 739 46 7706 1488 240 72
leaf_count=53 739 46 7706 1488 240 72
internal_value=-5.71875e-10 -0.00589666 0.00190935 0.0289417 0.0706157 -0.183328
internal_weight=10344 10291 10245 9506 7946 1560
internal_count=10344 10291 10245 9506 7946 1560
is_linear=0
shrinkage=0.05


Tree=105
num_leaves=7
num_cat=0
split_feature=9 18 15 10 0 15
split_gain=26657.5 48731.4 46894.8 48810.6 105318 45313.5
threshold=272.75825000000003 100.93615000000001 385.54940000000005 302.57975000000005 10.500000000000002 346.06615000000005
decision_type=2 2 2 2 2 2
left_child=1 2 3 -1 -5 -6
right_child=-2 -3 -4 4 5 -7
leaf_value=-0.37573260509269679 0.04985928793552822 0.010792707608509854 0.48975223174939553 -3.5751168906688693 -1.3951493834945519 0.61935769695302723
leaf_weight=635 7464 1968 120 40 71 46
leaf_count=635 7464 1968 120 40 71 46
internal_value=9.18926e-10 -0.129219 -0.431348 -0.570909 -1.36032 -0.603121
internal_weight=10344 2880 912 792 157 117
internal_count=10344 2880 912 792 157 117
is_linear=0
shrinkage=0.05


Tree=106
num_leaves=7
num_cat=0
split_feature=9 9 9 12 12 13
split_gain=26194.1 80444.6 36726 42032.3 47642.3 29964.4
threshold=437.66935000000007 424.42965000000004 375.80705000000006 427.70381666666674 402.27575833333339 21.636347954638477
decision_type=2 2 2 2 2 2
left_child=1 2 -1 4 5 -4
right_child=-2 -3 3 -5 -6 -7
leaf_value=-0.016978559315112742 0.95036157849762182 -2.0487791913251083 -0.70010049305856237 -0.64872490374578373 2.1411250526706378 0.65798649494254002
leaf_weight=9792 72 48 48 72 48 264
leaf_count=9792 72 48 48 72 48 264
internal_value=1.07457e-11 -0.00666141 0.00292599 0.454096 0.67466 0.44905
internal_weight=10344 10272 10224 432 360 312
internal_count=10344 10272 10224 432 360 312
is_linear=0
shrinkage=0.05


Tree=107
num_leaves=7
num_cat=0
split_feature=13 0 4 2 9 7
split_gain=25746.3 39188.7 44710.4 67374.7 65701.1 47829
threshold=24.091712159168953 4.5000000000000009 -0.37940952255126065 4.5000000000000009 424.42965000000004 -0.6652727025667432
decision_type=2 2 2 2 2 2
left_child=-1 -2 3 4 5 -3
right_child=1 2 -4 -5 -6 -7
leaf_value=0.14076726420787783 0.17326569864015301 0.62218792766451891 -0.22848537687668663 -0.39898686640240527 -1.7217486586835649 0.078608259559279942
leaf_weight=2472 1640 531 3280 675 45 1701
leaf_count=2472 1640 531 3280 675 45 1701
internal_value=1.32831e-10 -0.0442044 -0.101433 0.0397356 0.169792 0.207928
internal_weight=10344 7872 6232 2952 2277 2232
internal_count=10344 7872 6232 2952 2277 2232
is_linear=0
shrinkage=0.05


Tree=108
num_leaves=7
num_cat=0
split_feature=15 7 14 12 15 15
split_gain=26840 31805 30084.1 41148.6 42818.4 55558.5
threshold=541.2509500000001 0.97263757644091875 350.27010000000007 381.33431666666678 449.57390000000004 458.61255000000006
decision_type=2 2 2 2 2 2
left_child=2 -2 3 4 -1 -6
right_child=1 -3 -4 -5 5 -7
leaf_value=-0.04495216869875765 0.73320594643708326 -0.46497632304413455 0.60565373396966615 -0.55098888327781526 1.1235496752030616 0.13604953975464482
leaf_weight=8376 240 72 192 360 168 936
leaf_count=8376 240 72 192 360 168 936
internal_value=4.36536e-11 0.456702 -0.0142037 -0.0262984 -0.00637349 0.286321
internal_weight=10344 312 10032 9840 9480 1104
internal_count=10344 312 10032 9840 9480 1104
is_linear=0
shrinkage=0.05


Tree=109
num_leaves=7
num_cat=0
split_feature=11 18 18 17 7 8
split_gain=25117.3 26204.6 112673 80337.8 54860.8 50745.3
threshold=514.79450000000008 246.16770000000002 245.14305000000004 56.10947622781935 0.99681593486783593 1.0000000180025095e-35
decision_type=2 2 2 2 2 2
left_child=1 2 -1 5 -3 -4
right_child=-2 4 3 -5 -6 -7
leaf_value=-0.018955750777702854 0.89385149407272158 -0.13134259079011101 0.74805148357566265 -0.27260393836768343 -1.5453484079490105 2.0193919920650396
leaf_weight=8215 78 1451 274 144 72 110
leaf_count=8215 78 1451 274 144 72 110
internal_value=-2.13457e-10 -0.00679139 0.0265496 0.734554 -0.19819 1.11224
internal_weight=10344 10266 8743 528 1523 384
internal_count=10344 10266 8743 528 1523 384
is_linear=0
shrinkage=0.05


Tree=110
num_leaves=7
num_cat=0
split_feature=10 13 10 0 9 13
split_gain=25032.9 47978.1 33976.4 29713.3 34021.9 32352.9
threshold=1.0000000180025095e-35 134.0837409048402 227.86515000000003 21.500000000000004 353.26630000000006 58.154970024067318
decision_type=2 2 2 2 2 2
left_child=-1 2 -2 5 -5 -4
right_child=1 -3 3 4 -6 -7
leaf_value=1.0838573495172106 -0.44374438977144309 -1.6167465761951778 0.012569194768408457 -0.14711327957705497 -1.129626682613045 0.3092426160210609
leaf_weight=53 411 46 7954 741 100 1039
leaf_count=53 411 46 7954 741 100 1039
internal_value=-2.29189e-10 -0.00558201 0.00165211 0.0202669 -0.26394 0.0468452
internal_weight=10344 10291 10245 9834 841 8993
internal_count=10344 10291 10245 9834 841 8993
is_linear=0
shrinkage=0.05


Tree=111
num_leaves=7
num_cat=0
split_feature=9 9 4 2 18 9
split_gain=24612.4 68650.7 31523.2 74135.2 62031 87257.8
threshold=437.66935000000007 424.42965000000004 -0.37940952255126065 4.5000000000000009 246.61495000000002 307.67320000000001
decision_type=2 2 2 2 2 2
left_child=1 2 3 4 5 -1
right_child=-2 -3 -4 -5 -6 -7
leaf_value=0.13853781207026047 0.92122216290897796 -1.8929486567154528 -0.065606915676413927 -0.22737841934055811 -0.32177790882385743 0.78873846044406559
leaf_weight=1548 72 48 6390 1116 396 774
leaf_count=1548 72 48 6390 1116 396 774
internal_value=2.53768e-10 -0.00645716 0.0023996 0.115744 0.256628 0.355271
internal_weight=10344 10272 10224 3834 2718 2322
internal_count=10344 10272 10224 3834 2718 2322
is_linear=0
shrinkage=0.05


Tree=112
num_leaves=7
num_cat=0
split_feature=13 0 15 11 12 13
split_gain=24882.9 36639.1 36825.9 48532.2 34568.6 32686.6
threshold=24.091712159168953 4.5000000000000009 344.00740000000002 331.93700000000007 400.74789375000006 78.009786898730354
decision_type=2 2 2 2 2 2
left_child=4 -2 3 -3 -1 -4
right_child=1 2 5 -5 -6 -7
leaf_value=0.11207566349467467 0.16682015564414765 -0.23475368804513264 -0.071647900560655245 -1.2305905695952162 1.4671032071113588 0.54057876437641028
leaf_weight=2424 1640 884 4978 142 48 228
leaf_count=2424 1640 884 4978 142 48 228
internal_value=5.49236e-10 -0.0434569 -0.0987929 -0.372579 0.138387 -0.0448351
internal_weight=10344 7872 6232 1026 2472 5206
internal_count=10344 7872 6232 1026 2472 5206
is_linear=0
shrinkage=0.05


Tree=113
num_leaves=7
num_cat=0
split_feature=13 12 12 5 0 13
split_gain=24010.7 28731.4 66735.7 64920 38215.4 36132.5
threshold=12.592347737317665 293.4967895833334 292.49790416666673 -0.5 21.500000000000004 58.628219337688527
decision_type=2 2 2 2 2 2
left_child=-1 2 -2 -4 5 -3
right_child=1 4 3 -5 -6 -7
leaf_value=0.4707136225141188 -0.086559995282882718 0.035957168012619722 -2.9309500452876094 -0.46391679337248209 -0.35088086575649224 0.38642525535493677
leaf_weight=264 3408 5148 40 80 546 858
leaf_count=264 3408 5148 40 80 546 858
internal_value=4.31054e-10 -0.0123282 -0.127366 -1.28626 0.0496153 0.086024
internal_weight=10344 10080 3528 120 6552 6006
internal_count=10344 10080 3528 120 6552 6006
is_linear=0
shrinkage=0.05


Tree=114
num_leaves=7
num_cat=0
split_feature=4 8 9 0 7 7
split_gain=23328.4 33169 73429.5 57767.2 39588.6 59774.3
threshold=0.60355339059327384 1.0000000180025095e-35 424.42965000000004 12.500000000000002 0.99681593486783593 0.689015599449598
decision_type=2 2 2 2 2 2
left_child=1 2 -1 -3 5 -5
right_child=-2 3 -4 4 -6 -7
leaf_value=-0.0086112663921272137 -0.11701562289130973 -0.11505293840760858 -2.0377629831102158 0.22154777500046685 -1.1665203616023063 0.91301763085836785
leaf_weight=4826 3017 921 45 1050 40 445
leaf_count=4826 3017 921 45 1050 40 445
internal_value=-1.32104e-10 0.0481829 -0.0273573 0.198002 0.385835 0.42737
internal_weight=10344 7327 4871 2456 1535 1495
internal_count=10344 7327 4871 2456 1535 1495
is_linear=0
shrinkage=0.05


Tree=115
num_leaves=7
num_cat=0
split_feature=9 9 19 13 7 7
split_gain=22890.4 60057 28100.1 29710.7 41263.2 51361.3
threshold=437.66935000000007 424.42965000000004 658.72730000000013 24.091712159168953 0.68274389090025245 0.99530134160901229
decision_type=2 2 2 2 2 2
left_child=1 2 3 4 -1 -6
right_child=-2 -3 -4 -5 5 -7
leaf_value=0.015901310503455775 0.88840964701440606 -1.7706960370143254 -0.75856694715718431 -0.036764761525539195 0.61827219295136138 -0.50177870794199408
leaf_weight=1584 72 48 120 7704 696 120
leaf_count=1584 72 48 120 7704 696 120
internal_value=5.35123e-10 -0.00622717 0.00205672 0.0110903 0.164705 0.453559
internal_weight=10344 10272 10224 10104 2400 816
internal_count=10344 10272 10224 10104 2400 816
is_linear=0
shrinkage=0.05


Tree=116
num_leaves=7
num_cat=0
split_feature=17 13 9 13 13 11
split_gain=22441 45805.6 34826.7 25266.3 68541.3 36284
threshold=104.13585983690119 134.0837409048402 354.90760000000006 78.009786898730354 77.468135043253696 335.80960000000005
decision_type=2 2 2 2 2 2
left_child=1 3 -2 4 -1 -5
right_child=2 -3 -4 5 -6 -7
leaf_value=-0.0051592360327978115 1.7194827709347011 -1.5496855694179734 0.069988131290301681 -0.10489287573110424 -1.8991694274048012 1.0674526418248813
leaf_weight=9840 48 48 96 132 48 132
leaf_count=9840 48 48 96 132 48 132
internal_value=3.12152e-11 -0.0087504 0.61982 -0.00146465 -0.0143535 0.48128
internal_weight=10344 10200 144 10152 9888 264
internal_count=10344 10200 144 10152 9888 264
is_linear=0
shrinkage=0.05


Tree=117
num_leaves=7
num_cat=0
split_feature=10 13 10 13 0 19
split_gain=22192.2 42653.5 28813.2 26425.4 38042.4 33670.3
threshold=1.0000000180025095e-35 134.0837409048402 227.86515000000003 24.091712159168953 4.5000000000000009 658.72730000000013
decision_type=2 2 2 2 2 2
left_child=-1 2 -2 5 -5 -4
right_child=1 -3 3 4 -6 -7
leaf_value=1.0205088774691213 -0.40859542076392075 -1.5243872687868452 0.20207251689809952 0.19101413590584293 -0.084405341165073478 -0.89659780354963425
leaf_weight=53 411 46 2217 1588 5957 72
leaf_count=53 411 46 2217 1588 5957 72
internal_value=-3.08068e-10 -0.00525575 0.00156514 0.0187073 -0.0264377 0.167514
internal_weight=10344 10291 10245 9834 7545 2289
internal_count=10344 10291 10245 9834 7545 2289
is_linear=0
shrinkage=0.05


Tree=118
num_leaves=7
num_cat=0
split_feature=7 7 16 11 7 16
split_gain=22091 36968.7 33059.3 28254 26457.1 48838.3
threshold=0.99988440732898443 0.99681593486783593 321.42061636904765 492.81720000000001 0.98332250088165762 349.95958720238099
decision_type=2 2 2 2 2 2
left_child=1 3 -3 4 -1 -6
right_child=-2 2 -4 -5 5 -7
leaf_value=-0.016254418637731093 1.0701554245005052 0.15472116697993543 -1.2005016609715919 0.79426269573447983 1.2439687888945143 -0.003160852010029528
leaf_weight=9644 48 72 120 113 120 227
leaf_count=9644 48 72 120 113 120 227
internal_value=-2.30204e-10 -0.00498907 -0.692293 0.00807134 -0.000820626 0.428123
internal_weight=10344 10296 192 10104 9991 347
internal_count=10344 10296 192 10104 9991 347
is_linear=0
shrinkage=0.05


Tree=119
num_leaves=7
num_cat=0
split_feature=9 18 7 10 18 18
split_gain=21491.3 34471.4 50764.8 76299.9 29919 80144.2
threshold=259.98450000000008 100.93615000000001 0.93769647993491489 302.57975000000005 246.16770000000002 245.98705000000004
decision_type=2 2 2 2 2 2
left_child=1 2 3 -1 5 -2
right_child=4 -3 -4 -5 -6 -7
leaf_value=-0.3852327741913204 0.042681305658516487 0.0011043833457465941 1.0653197928021352 -2.1433150190756556 -0.16786946256869648 0.97199434229793646
leaf_weight=432 6960 1032 48 72 1560 240
leaf_count=432 6960 1032 48 72 1560 240
internal_value=1.71194e-10 -0.169485 -0.488413 -0.636387 0.0306466 0.0736584
internal_weight=10344 1584 552 504 8760 7200
internal_count=10344 1584 552 504 8760 7200
is_linear=0
shrinkage=0.05


Tree=120
num_leaves=7
num_cat=0
split_feature=4 11 8 9 0 7
split_gain=20979 32191.6 31050 65913.5 51593.4 38516.2
threshold=0.60355339059327384 406.94650000000007 1.0000000180025095e-35 424.42965000000004 12.500000000000002 -0.79382744783423187
decision_type=2 2 2 2 2 2
left_child=2 -2 3 5 -4 -1
right_child=1 -3 4 -5 -6 -7
leaf_value=0.29370231826020798 -0.08770182981026052 -1.2575454945986471 -0.10520700200862301 -1.932134763798159 0.36815929465904434 -0.075410933017322587
leaf_weight=860 2957 60 921 45 1535 3966
leaf_count=860 2957 60 921 45 1535 3966
internal_value=-2.88767e-10 -0.110967 0.0456922 -0.0273952 0.190647 -0.00963443
internal_weight=10344 3017 7327 4871 2456 4826
internal_count=10344 3017 7327 4871 2456 4826
is_linear=0
shrinkage=0.05


Tree=121
num_leaves=7
num_cat=0
split_feature=15 19 16 11 14 6
split_gain=21304.4 29430.4 53792.6 104989 44462.2 54875.2
threshold=541.2509500000001 536.79520000000014 340.85291190476204 390.30565000000007 270.00025000000005 -0.43733984355855576
decision_type=2 2 2 2 2 2
left_child=1 4 3 -3 -1 -6
right_child=-2 2 -4 -5 5 -7
leaf_value=-0.045869362427259891 0.40689025674827212 -0.43578490891936 -0.073759052182782683 -3.1880496052404244 -0.045216677060648872 0.45631444697656981
leaf_weight=6720 312 198 888 42 1056 1128
leaf_count=6720 312 198 888 42 1056 1128
internal_value=-3.78639e-10 -0.0126545 -0.253264 -0.917431 0.017827 0.213816
internal_weight=10344 10032 1128 240 8904 2184
internal_count=10344 10032 1128 240 8904 2184
is_linear=0
shrinkage=0.05


Tree=122
num_leaves=7
num_cat=0
split_feature=9 9 4 2 18 9
split_gain=20565.5 51014.1 25533.7 63930.4 54912.3 71041.6
threshold=437.66935000000007 424.42965000000004 -0.37940952255126065 4.5000000000000009 246.61495000000002 307.67320000000001
decision_type=2 2 2 2 2 2
left_child=1 2 3 4 5 -1
right_child=-2 -3 -4 -5 -6 -7
leaf_value=0.13182162495934011 0.84208646689852085 -1.6321146691838901 -0.059473453005047076 -0.21489080491485779 -0.30963507258060452 0.71850181198826313
leaf_weight=1548 72 48 6390 1116 396 774
leaf_count=1548 72 48 6390 1116 396 774
internal_value=7.42719e-10 -0.00590247 0.00173232 0.103742 0.234571 0.327382
internal_weight=10344 10272 10224 3834 2718 2322
internal_count=10344 10272 10224 3834 2718 2322
is_linear=0
shrinkage=0.05


Tree=123
num_leaves=7
num_cat=0
split_feature=7 5 13 0 0 2
split_gain=20313.2 70294.8 60851.8 57408.7 45248.4 66731.3
threshold=-0.19337245081799007 -0.12940952255126037 77.831074539680671 18.500000000000004 10.500000000000002 1.0000000180025095e-35
decision_type=2 2 2 2 2 2
left_child=1 -1 -3 4 -2 -6
right_child=3 2 -4 -5 5 -7
leaf_value=-0.32375186752951279 0.0036386039075390108 0.15897748773693332 -1.2645280318191419 -0.23573639172057168 0.97047092304157556 0.18841394878202219
leaf_weight=1760 2981 2002 78 1355 320 1848
leaf_count=1760 2981 2002 78 1355 320 1848
internal_value=-2.60539e-10 -0.0911884 0.105596 0.0538382 0.130042 0.303847
internal_weight=10344 3840 2080 6504 5149 2168
internal_count=10344 3840 2080 6504 5149 2168
is_linear=0
shrinkage=0.05


Tree=124
num_leaves=7
num_cat=0
split_feature=10 13 10 13 0 6
split_gain=20992.1 34899.6 23711.4 24114 35755.1 31689.1
threshold=1.0000000180025095e-35 134.0837409048402 227.86515000000003 24.091712159168953 4.5000000000000009 -0.72696319516528884
decision_type=2 2 2 2 2 2
left_child=-1 2 -2 5 -5 -4
right_child=1 -3 3 4 -6 -7
leaf_value=0.99253087999685763 -0.37102209339167591 -1.3792430080149485 -0.18141425055305013 0.18429657863881158 -0.082714551322419172 0.26050172648009412
leaf_weight=53 411 46 527 1588 5957 1762
leaf_count=53 411 46 527 1588 5957 1762
internal_value=-5.26448e-10 -0.00511166 0.00105818 0.0166088 -0.0265166 0.158759
internal_weight=10344 10291 10245 9834 7545 2289
internal_count=10344 10291 10245 9834 7545 2289
is_linear=0
shrinkage=0.05


Tree=125
num_leaves=7
num_cat=0
split_feature=17 13 9 7 5 5
split_gain=21010 34194.8 33536.3 21774.4 70062.7 53809.5
threshold=104.13585983690119 134.0837409048402 354.90760000000006 -0.19337245081799007 -0.12940952255126037 -0.70710678118654757
decision_type=2 2 2 2 2 2
left_child=1 3 -2 4 -1 -5
right_child=2 -3 -4 5 -6 -7
leaf_value=-0.33687832855156874 1.6788314625620844 -1.3398568624630571 0.060183104872703556 0.30250946773193133 0.10145591567600565 -0.030235241753778109
leaf_weight=1683 48 48 96 1620 1989 4860
leaf_count=1683 48 48 96 1620 1989 4860
internal_value=1.06363e-09 -0.00846681 0.599733 -0.00217182 -0.0994473 0.0529509
internal_weight=10344 10200 144 10152 3672 6480
internal_count=10344 10200 144 10152 3672 6480
is_linear=0
shrinkage=0.05


Tree=126
num_leaves=7
num_cat=0
split_feature=10 13 10 18 18 17
split_gain=19118.5 30332.3 20864.9 23509.6 73815.5 60749.1
threshold=1.0000000180025095e-35 134.0837409048402 239.80130000000003 246.16770000000002 245.14305000000004 56.10947622781935
decision_type=2 2 2 2 2 2
left_child=-1 2 -2 4 -4 -6
right_child=1 -3 3 -5 5 -7
leaf_value=0.94720480740070345 -0.25504320120500845 -1.2859433744710103 0.014951435299109379 -0.15669348958163309 0.95524615808244562 -0.24898587861615751
leaf_weight=53 739 46 7418 1560 384 144
leaf_count=53 739 46 7418 1560 384 144
internal_value=-4.48526e-10 -0.00487823 0.000873747 0.0207688 0.0556091 0.626819
internal_weight=10344 10291 10245 9506 7946 528
internal_count=10344 10291 10245 9506 7946 528
is_linear=0
shrinkage=0.05


Tree=127
num_leaves=7
num_cat=0
split_feature=17 9 13 13 13 11
split_gain=19065.8 30540.1 29441.6 21041.7 56627.7 30339
threshold=104.13585983690119 354.90760000000006 134.0837409048402 78.009786898730354 77.468135043253696 335.80960000000005
decision_type=2 2 2 2 2 2
left_child=2 -2 3 4 -1 -5
right_child=1 -3 -4 5 -6 -7
leaf_value=-0.0056294100736438233 1.6010765387366217 0.056426381583636012 -1.2434598167737327 -0.097687845434429071 -1.7271824280420942 0.97432125886958654
leaf_weight=9840 48 96 48 132 48 132
leaf_count=9840 48 96 48 132 48 132
internal_value=-5.61774e-10 0.57131 -0.00806555 -0.00222444 -0.0139865 0.438317
internal_weight=10344 144 10200 10152 9888 264
internal_count=10344 144 10200 10152 9888 264
is_linear=0
shrinkage=0.05


Tree=128
num_leaves=7
num_cat=0
split_feature=7 7 16 13 7 5
split_gain=19041.1 34420.5 28902.4 25538.9 48888.6 56722.8
threshold=0.99988440732898443 0.99681593486783593 321.42061636904765 22.345356179534388 0.16587474750015932 1.0000000180025095e-35
decision_type=2 2 2 2 2 2
left_child=1 3 -3 4 -1 -6
right_child=-2 2 -4 -5 5 -7
leaf_value=-0.12888328416893879 0.99354051190117998 0.12414775838454564 -1.1430097520723939 -0.032306107945348696 0.70682604150676165 0.026075361025050967
leaf_weight=840 48 72 120 8040 612 612
leaf_count=840 48 72 120 8040 612 612
internal_value=4.53714e-10 -0.00463189 -0.667826 0.00797037 0.164861 0.366451
internal_weight=10344 10296 192 10104 2064 1224
internal_count=10344 10296 192 10104 2064 1224
is_linear=0
shrinkage=0.05


Tree=129
num_leaves=7
num_cat=0
split_feature=15 19 16 11 14 14
split_gain=18512.1 28396.6 47332.1 95912.8 38776.3 36500.7
threshold=541.2509500000001 536.79520000000014 340.85291190476204 390.30565000000007 281.70980000000003 270.00025000000005
decision_type=2 2 2 2 2 2
left_child=1 5 3 -3 -4 -1
right_child=-2 2 4 -5 -6 -7
leaf_value=-0.039567224459905542 0.37928897658458505 -0.41079346408898182 0.369171404110817 -3.0414040109940941 -0.32293246888633198 0.19572220214680111
leaf_weight=6720 312 198 312 42 576 2184
leaf_count=6720 312 198 312 42 576 2184
internal_value=3.34988e-10 -0.0117961 -0.248142 -0.87115 -0.0797608 0.0181453
internal_weight=10344 10032 1128 240 888 8904
internal_count=10344 10032 1128 240 888 8904
is_linear=0
shrinkage=0.05


Tree=130
num_leaves=7
num_cat=0
split_feature=9 9 19 4 2 12
split_gain=18147.9 42203.1 23879.1 24789.9 56807.8 51543.4
threshold=437.66935000000007 424.42965000000004 658.72730000000013 -0.37940952255126065 4.5000000000000009 402.27575833333339
decision_type=2 2 2 2 2 2
left_child=1 2 3 4 5 -1
right_child=-2 -3 -4 -5 -6 -7
leaf_value=0.19821995386242 0.79104258983344256 -1.4846676905329028 -0.69977219469224416 -0.050937763959514486 -0.19225199150751393 1.554281236893601
leaf_weight=2619 72 48 120 6315 1098 72
leaf_count=2619 72 48 120 6315 1098 72
internal_value=-3.76857e-10 -0.00554469 0.00139955 0.009727 0.110835 0.234503
internal_weight=10344 10272 10224 10104 3789 2691
internal_count=10344 10272 10224 10104 3789 2691
is_linear=0
shrinkage=0.05


Tree=131
num_leaves=7
num_cat=0
split_feature=13 13 13 7 5 6
split_gain=17489 20506.9 37646.7 37012.7 43153.3 37865.3
threshold=12.592347737317665 15.498743298772547 22.345356179534388 -0.19337245081799007 1.0000000180025095e-35 0.15101559051660998
decision_type=2 2 2 2 2 2
left_child=-1 -2 3 -3 5 -5
right_child=1 2 -4 4 -6 -7
leaf_value=0.4017318150593025 -0.28814204916763209 -0.11058054107836345 -0.031103100007042847 -0.042982974889067313 0.098168341547944682 1.0925710274545382
leaf_weight=264 624 432 8208 96 408 312
leaf_count=264 624 432 8208 96 408 312
internal_value=2.12123e-11 -0.0105215 0.00779859 0.263652 0.461775 0.825382
internal_weight=10344 10080 9456 1248 816 408
internal_count=10344 10080 9456 1248 816 408
is_linear=0
shrinkage=0.05


Tree=132
num_leaves=7
num_cat=0
split_feature=10 13 0 9 13 15
split_gain=17192 26150.6 18970.7 31818.3 27154.6 29847.8
threshold=1.0000000180025095e-35 134.0837409048402 21.500000000000004 353.26630000000006 56.922776162440663 352.54390000000006
decision_type=2 2 2 2 2 2
left_child=-1 2 4 -4 -2 -6
right_child=1 -3 3 -5 5 -7
leaf_value=0.89821359998774986 -0.011394304011748464 -1.1941103304128933 -0.11375637803716271 -1.062870060533285 -0.59832818687883849 0.31630806361851632
leaf_weight=53 8184 46 755 100 97 1109
leaf_count=53 8184 46 755 100 97 1109
internal_value=-1.42836e-10 -0.00462592 0.000714861 -0.224764 0.0212457 0.242743
internal_weight=10344 10291 10245 855 9390 1206
internal_count=10344 10291 10245 855 9390 1206
is_linear=0
shrinkage=0.05


Tree=133
num_leaves=7
num_cat=0
split_feature=17 9 13 9 10 13
split_gain=17175.7 27571.5 25228.6 17505 19604.9 20773.5
threshold=104.13585983690119 354.90760000000006 134.0837409048402 205.31900000000005 227.86515000000003 24.091712159168953
decision_type=2 2 2 2 2 2
left_child=2 -2 3 -1 -5 -6
right_child=1 -3 -4 4 5 -7
leaf_value=0.77460483529915414 1.5206916222969691 0.053032668586820368 -1.1512498456984759 -0.34773964450277872 0.1397111557370187 -0.033799732579240023
leaf_weight=72 48 96 48 407 2247 7426
leaf_count=72 48 96 48 407 2247 7426
internal_value=6.86158e-10 0.542252 -0.00765533 -0.00224826 -0.00779721 0.00650617
internal_weight=10344 144 10200 10152 10080 9673
internal_count=10344 144 10200 10152 10080 9673
is_linear=0
shrinkage=0.05


Tree=134
num_leaves=7
num_cat=0
split_feature=7 7 16 11 6 9
split_gain=17038.9 31396.9 25670.2 22084 21705.1 43873.9
threshold=0.99988440732898443 0.99681593486783593 321.42061636904765 492.81720000000001 0.19337368024598436 241.27835000000002
decision_type=2 2 2 2 2 2
left_child=1 3 -3 4 5 -1
right_child=-2 2 -4 -5 -6 -7
leaf_value=-1.4270997195194166 0.93985459605852761 0.10859962196813688 -1.085604036698739 0.70272346748846826 -0.070620259520805237 0.092220962478688495
leaf_weight=48 48 72 120 113 5223 4720
leaf_count=48 48 72 120 113 5223 4720
internal_value=1.64363e-10 -0.00438161 -0.637778 0.00765442 -0.000206932 0.0769258
internal_weight=10344 10296 192 10104 9991 4768
internal_count=10344 10296 192 10104 9991 4768
is_linear=0
shrinkage=0.05


Tree=135
num_leaves=7
num_cat=0
split_feature=18 18 13 11 7 15
split_gain=16529 68777.8 54371 38580.4 35355.6 32266.1
threshold=246.16770000000002 245.14305000000004 46.878451679524481 355.48430000000008 0.99681593486783593 330.46515000000005
decision_type=2 2 2 2 2 2
left_child=1 -1 3 -3 5 -2
right_child=4 2 -4 -5 -6 -7
leaf_value=-0.008746024532882625 0.78897636453621089 0.83184130172511306 0.072494673654154851 2.5176223701983691 -1.2320913946669965 -0.15876430313319675
leaf_weight=8256 96 224 264 40 72 1392
leaf_count=8256 96 224 264 40 72 1392
internal_value=2.23668e-10 0.0266358 0.579879 1.08726 -0.14998 -0.0976197
internal_weight=10344 8784 528 264 1560 1488
internal_count=10344 8784 528 264 1560 1488
is_linear=0
shrinkage=0.05


Tree=136
num_leaves=7
num_cat=0
split_feature=9 9 19 4 8 7
split_gain=16178.5 38372 21571.9 22023.6 37905.6 37272.3
threshold=437.66935000000007 424.42965000000004 658.72730000000013 0.37940952255126054 1.0000000180025095e-35 -0.5129677127369543
decision_type=2 2 2 2 2 2
left_child=1 2 3 4 5 -1
right_child=-2 -3 -4 -5 -6 -7
leaf_value=0.21736551137390633 0.74688839976572341 -1.4156259081636868 -0.66505102306604391 -0.085998475136909835 0.24046521187656258 -0.11283978316398452
leaf_weight=1190 72 48 120 3789 2093 3032
leaf_count=1190 72 48 120 3789 2093 3032
internal_value=5.50069e-11 -0.0052352 0.00138635 0.00930129 0.0664811 -0.0197691
internal_weight=10344 10272 10224 10104 6315 4222
internal_count=10344 10272 10224 10104 6315 4222
is_linear=0
shrinkage=0.05


Tree=137
num_leaves=7
num_cat=0
split_feature=10 13 0 9 13 12
split_gain=16077.7 21822 17055.9 40561.6 31322.5 32072.3
threshold=1.0000000180025095e-35 134.0837409048402 20.500000000000004 393.29170000000005 58.154970024067318 304.82237708333338
decision_type=2 2 2 2 2 2
left_child=-1 2 4 -4 -2 -6
right_child=1 -3 3 -5 5 -7
leaf_value=0.86861820537509082 -0.0084703537124471342 -1.0910619577149983 -0.11852161204392504 -1.6985083111694881 -0.19580020510184115 0.45225175163756992
leaf_weight=53 7959 46 1237 42 256 751
leaf_count=53 7959 46 1237 42 256 751
internal_value=-5.42427e-11 -0.0044735 0.000405279 -0.170405 0.0247714 0.287504
internal_weight=10344 10291 10245 1279 8966 1007
internal_count=10344 10291 10245 1279 8966 1007
is_linear=0
shrinkage=0.05


Tree=138
num_leaves=7
num_cat=0
split_feature=7 7 16 13 7 8
split_gain=15519.6 25950.4 21839.6 20297.4 40877 46367.2
threshold=0.99988440732898443 0.99681593486783593 321.42061636904765 22.345356179534388 0.16587474750015932 1.0000000180025095e-35
decision_type=2 2 2 2 2 2
left_child=1 3 -3 4 -1 -6
right_child=-2 2 -4 -5 5 -7
leaf_value=-0.12197182336400841 0.89697304262469213 0.1084147975055708 -0.99308848465327171 -0.029145566946524617 0.16724481514588671 0.90942663285260394
leaf_weight=840 48 72 120 8040 954 270
leaf_count=840 48 72 120 8040 954 270
internal_value=7.68711e-10 -0.00418169 -0.580025 0.00676069 0.146628 0.330961
internal_weight=10344 10296 192 10104 2064 1224
internal_count=10344 10296 192 10104 2064 1224
is_linear=0
shrinkage=0.05


Tree=139
num_leaves=7
num_cat=0
split_feature=4 11 9 7 10 0
split_gain=15108.4 29681 19836.5 23605.4 32027.7 19233.5
threshold=0.78656609248549325 401.93200000000007 398.86505000000005 -0.29342786347392819 320.3798000000001 20.500000000000004
decision_type=2 2 2 2 2 2
left_child=5 2 3 4 -2 -1
right_child=1 -3 -4 -5 -6 -7
leaf_value=0.06417923414173983 -0.26184583798618127 -1.3884297351207999 0.89333708819746982 0.010149643691588012 -1.684393884170623 -0.14596444721818433
leaf_weight=6896 683 45 50 1335 42 1293
leaf_count=6896 683 45 50 1335 42 1293
internal_value=8.28142e-10 -0.117795 -0.090696 -0.11458 -0.344256 0.0309987
internal_weight=10344 2155 2110 2060 725 8189
internal_count=10344 2155 2110 2060 725 8189
is_linear=0
shrinkage=0.05


Tree=140
num_leaves=7
num_cat=0
split_feature=17 9 13 9 10 13
split_gain=15278.6 25018.5 20068.2 15752.8 16975.5 17671.4
threshold=104.13585983690119 354.90760000000006 134.0837409048402 205.31900000000005 227.86515000000003 24.091712159168953
decision_type=2 2 2 2 2 2
left_child=2 -2 3 -1 -5 -6
right_child=1 -3 -4 4 5 -7
leaf_value=0.73455010172393598 1.443470017115275 0.045410224096849562 -1.0271708458041153 -0.32398768009878787 0.12850540490923276 -0.031526798074470494
leaf_weight=72 48 96 48 407 2247 7426
leaf_count=72 48 96 48 407 2247 7426
internal_value=5.40427e-10 0.51143 -0.00722019 -0.00239773 -0.00766164 0.00564806
internal_weight=10344 144 10200 10152 10080 9673
internal_count=10344 144 10200 10152 10080 9673
is_linear=0
shrinkage=0.05


Tree=141
num_leaves=7
num_cat=0
split_feature=10 13 18 18 13 0
split_gain=14805.6 18786.7 14418.6 64528.9 33371.5 48053.9
threshold=1.0000000180025095e-35 134.0837409048402 246.16770000000002 245.98705000000004 46.878451679524481 10.500000000000002
decision_type=2 2 2 2 2 2
left_child=-1 2 3 -2 5 -5
right_child=1 -3 -4 4 -6 -7
leaf_value=0.83354542852107016 0.0023975418010913222 -1.0124858446095302 -0.13972422830832118 0.33981663977557963 0.35242874316043327 2.5849486206586545
leaf_weight=53 8445 46 1560 44 144 52
leaf_count=53 8445 46 1560 44 144 52
internal_value=2.56022e-10 -0.00429287 0.000233913 0.0253732 0.833829 1.55593
internal_weight=10344 10291 10245 8685 240 96
internal_count=10344 10291 10245 8685 240 96
is_linear=0
shrinkage=0.05


Tree=142
num_leaves=7
num_cat=0
split_feature=19 2 9 18 12 10
split_gain=14545.8 17417 16693.6 35091.4 34817.4 44798.9
threshold=658.72730000000013 1.5000000000000002 272.75825000000003 100.93615000000001 312.00283750000006 302.57975000000005
decision_type=2 2 2 2 2 2
left_child=2 -2 3 4 5 -1
right_child=1 -3 -4 -5 -6 -7
leaf_value=-0.27459557663190037 0.34350160804266733 -0.78343670142193644 0.047386593445679227 0.025793268732474339 0.54981683609075849 -1.2099309322266085
leaf_weight=657 48 120 7344 1920 96 159
leaf_count=657 48 120 7344 1920 96 159
internal_value=-4.40801e-10 -0.461454 0.00761835 -0.0955095 -0.350884 -0.456848
internal_weight=10344 168 10176 2832 912 816
internal_count=10344 168 10176 2832 912 816
is_linear=0
shrinkage=0.05


Tree=143
num_leaves=7
num_cat=0
split_feature=11 18 18 17 13 0
split_gain=14104.2 14568 58948.3 36646.4 29897.6 43368.6
threshold=514.79450000000008 246.16770000000002 245.98705000000004 44.376489743485386 46.878451679524481 10.500000000000002
decision_type=2 2 2 2 2 2
left_child=1 2 -1 -3 5 -4
right_child=-2 3 4 -5 -6 -7
leaf_value=-0.0020418081353022039 0.66981158912993788 -0.99411438213882308 0.32072639839554373 -0.076719062919347325 0.33689388214196597 2.4536017803045418
leaf_weight=8503 78 118 44 1405 144 52
leaf_count=8503 78 118 44 1405 144 52
internal_value=1.95019e-10 -0.00508916 0.0197702 -0.147798 0.79255 1.47603
internal_weight=10344 10266 8743 1523 240 96
internal_count=10344 10266 8743 1523 240 96
is_linear=0
shrinkage=0.05


Tree=144
num_leaves=7
num_cat=0
split_feature=6 6 0 6 12 4
split_gain=14146 46974.5 49884.1 45257.1 48960.7 36063.7
threshold=-0.074117382312902977 -0.022576249993022688 11.500000000000002 -0.46801505794253101 382.31935416666676 -0.37940952255126065
decision_type=2 2 2 2 2 2
left_child=3 2 -2 -1 5 -5
right_child=1 -3 -4 4 -6 -7
leaf_value=-0.030532526132119722 -0.0099596174330347127 -0.026777944771153514 -1.8711889803823496 0.86321225514620314 -0.45113282091915607 0.23796484764983378
leaf_weight=3024 72 6024 72 369 168 615
leaf_count=3024 72 6024 72 369 168 615
internal_value=-7.56814e-10 -0.0481117 -0.940574 0.0710615 0.337746 0.472433
internal_weight=10344 6168 144 4176 1152 984
internal_count=10344 6168 144 4176 1152 984
is_linear=0
shrinkage=0.05


Tree=145
num_leaves=7
num_cat=0
split_feature=7 7 16 0 11 6
split_gain=13980 21804.6 18190.2 17681.8 16942.9 17293
threshold=0.99988440732898443 0.99681593486783593 321.42061636904765 12.500000000000002 492.81720000000001 0.19337368024598436
decision_type=2 2 2 2 2 2
left_child=1 4 -3 -4 5 -1
right_child=-2 2 3 -5 -6 -7
leaf_value=0.068023790894295 0.85131975747644906 0.096480931005337167 -0.35049003860483374 -1.568597041964531 0.61487250831802331 -0.063674767934733742
leaf_weight=4768 48 72 65 55 113 5223
leaf_count=4768 48 72 65 55 113 5223
internal_value=1.03897e-10 -0.00396886 -0.531813 -0.908789 0.00606143 -0.00082433
internal_weight=10344 10296 192 120 10104 9991
internal_count=10344 10296 192 120 10104 9991
is_linear=0
shrinkage=0.05


Tree=146
num_leaves=7
num_cat=0
split_feature=15 19 16 11 14 14
split_gain=13889.5 25353.2 42828.2 88320.2 34243 29686.2
threshold=541.2509500000001 536.79520000000014 340.85291190476204 390.30565000000007 281.70980000000003 329.54600000000005
decision_type=2 2 2 2 2 2
left_child=1 5 3 -3 -4 -1
right_child=-2 2 4 -5 -6 -7
leaf_value=0.0074029014923885977 0.32853740651685842 -0.38440610616834781 0.34850494811574051 -2.9087497690027315 -0.30188538564446699 0.79917982518672948
leaf_weight=8784 312 198 312 42 576 120
leaf_count=8784 312 198 312 42 576 120
internal_value=-1.03803e-10 -0.0102177 -0.233539 -0.826166 -0.0733699 0.0180737
internal_weight=10344 10032 1128 240 888 8904
internal_count=10344 10032 1128 240 888 8904
is_linear=0
shrinkage=0.05


Tree=147
num_leaves=7
num_cat=0
split_feature=19 13 0 9 18 7
split_gain=13862 15909.7 29190.8 34544.9 27446.7 35554.2
threshold=658.72730000000013 24.091712159168953 4.5000000000000009 392.40175000000005 191.28405000000004 0.99681593486783593
decision_type=2 2 2 2 2 2
left_child=1 4 3 -3 -1 -6
right_child=-2 2 -4 -5 5 -7
leaf_value=-0.13229126336563271 -0.45047735986299814 0.12252244406604461 -0.076991923479086288 1.5275112812055482 0.27333485617256603 -1.1076278248491387
leaf_weight=744 168 1575 6156 45 1608 48
leaf_count=744 168 1575 6156 45 1608 48
internal_value=-6.90958e-10 0.00743713 -0.0272957 0.16155 0.119972 0.233307
internal_weight=10344 10176 7776 1620 2400 1656
internal_count=10344 10176 7776 1620 2400 1656
is_linear=0
shrinkage=0.05


Tree=148
num_leaves=7
num_cat=0
split_feature=17 9 7 5 13 0
split_gain=13752.2 22681.6 16519 55309.1 80109.1 42035
threshold=104.13585983690119 354.90760000000006 -0.19337245081799007 -0.12940952255126037 77.831074539680671 18.500000000000004
decision_type=2 2 2 2 2 2
left_child=2 -2 3 -1 -5 -4
right_child=1 -3 5 4 -6 -7
leaf_value=-0.30152866213226204 1.3726556694445513 0.041490021386804687 0.10632325340849907 0.14460137778930135 -1.6399184709271559 -0.20666979315536049
leaf_weight=1694 48 96 5149 1937 65 1355
leaf_count=1694 48 96 5149 1937 65 1355
internal_value=-8.9164e-10 0.485212 -0.00685005 -0.0912585 0.0866624 0.0411164
internal_weight=10344 144 10200 3696 2002 6504
internal_count=10344 144 10200 3696 2002 6504
is_linear=0
shrinkage=0.05


Tree=149
num_leaves=7
num_cat=0
split_feature=4 11 9 7 10 13
split_gain=13817.1 25776.3 17686.3 20038.5 28186.6 17075.8
threshold=0.78656609248549325 406.94650000000007 398.86505000000005 -0.29342786347392819 320.3798000000001 78.009786898730354
decision_type=2 2 2 2 2 2
left_child=5 2 3 4 -2 -1
right_child=1 -3 -4 -5 -6 -7
leaf_value=0.016414931502692378 -0.24548905612205429 -1.3543507337570191 0.8406269252896309 0.0035613787380659907 -1.5800102873927071 0.42369283462377427
leaf_weight=7923 683 41 50 1339 42 266
leaf_count=7923 683 41 50 1339 42 266
internal_value=-8.49322e-10 -0.112649 -0.0885664 -0.111076 -0.322799 0.0296444
internal_weight=10344 2155 2114 2064 725 8189
internal_count=10344 2155 2114 2064 725 8189
is_linear=0
shrinkage=0.05


Tree=150
num_leaves=7
num_cat=0
split_feature=10 13 0 9 13 13
split_gain=13036.2 16640.3 13684.2 28506.4 20254.6 28699.6
threshold=1.0000000180025095e-35 134.0837409048402 21.500000000000004 353.26630000000006 58.154970024067318 59.261125364090454
decision_type=2 2 2 2 2 2
left_child=-1 2 4 -4 -2 -6
right_child=1 -3 3 -5 5 -7
leaf_value=0.78215495404207491 -0.0084148718270262747 -0.95288124693476639 -0.086198187441817981 -0.98455861657857902 1.0887736002978108 0.14550305200785138
leaf_weight=53 8338 46 755 100 88 964
leaf_count=53 8338 46 755 100 88 964
internal_value=-2.93087e-11 -0.0040282 0.000232145 -0.19127 0.0176692 0.224408
internal_weight=10344 10291 10245 855 9390 1052
internal_count=10344 10291 10245 855 9390 1052
is_linear=0
shrinkage=0.05


Tree=151
num_leaves=7
num_cat=0
split_feature=4 9 2 12 11 18
split_gain=12991 46345.8 53154 43218 43204.8 41782.2
threshold=-0.37940952255126065 424.42965000000004 4.5000000000000009 402.27575833333339 337.53880000000009 246.61495000000002
decision_type=2 2 2 2 2 2
left_child=1 2 3 5 -4 -1
right_child=-2 -3 4 -5 -6 -7
leaf_value=0.25631484892166345 -0.043403295889676514 -1.522934172352155 -0.091996021125252653 1.4190228554523654 -1.0999643947897839 -0.32320901170295357
leaf_weight=2286 6465 45 997 72 119 360
leaf_count=2286 6465 45 997 72 119 360
internal_value=4.1473e-10 0.0723388 0.0910627 0.210357 -0.199477 0.177468
internal_weight=10344 3879 3834 2718 1116 2646
internal_count=10344 3879 3834 2718 1116 2646
is_linear=0
shrinkage=0.05


Tree=152
num_leaves=7
num_cat=0
split_feature=9 9 4 8 7 5
split_gain=13599.1 32831.9 17969.7 44617.8 48938 38239.6
threshold=437.66935000000007 424.42965000000004 1.0000000180025095e-35 1.0000000180025095e-35 -0.5129677127369543 -0.3794095225512602
decision_type=2 2 2 2 2 2
left_child=1 2 3 4 5 -1
right_child=-2 -3 -4 -5 -6 -7
leaf_value=-0.51085910265032641 0.68476624008682041 -1.3094085679699978 -0.064962168496332504 0.29575813291011538 -0.14251911569947162 0.39091614076343761
leaf_weight=136 72 48 5112 1510 2599 867
leaf_count=136 72 48 5112 1510 2599 867
internal_value=7.48573e-10 -0.00479976 0.00132516 0.0676125 -0.0280288 0.268642
internal_weight=10344 10272 10224 5112 3602 1003
internal_count=10344 10272 10224 5112 3602 1003
is_linear=0
shrinkage=0.05


Tree=153
num_leaves=7
num_cat=0
split_feature=7 7 13 7 17 6
split_gain=12683.3 18445.4 15842 36270.6 36054 51505.8
threshold=0.99988440732898443 0.99681593486783593 22.345356179534388 0.68274389090025245 47.707658830270915 0.93544191479114935
decision_type=2 2 2 2 2 2
left_child=1 2 3 4 5 -1
right_child=-2 -3 -4 -5 -6 -7
leaf_value=-0.012482615525433024 0.81087730218811582 -0.48926560754189269 -0.026276588601013007 0.43067880698141559 -0.38119162520140476 0.95401503590512149
leaf_weight=768 48 192 8040 672 456 168
leaf_count=768 48 192 8040 672 456 168
internal_value=-3.85437e-10 -0.00378031 0.00544506 0.129012 -0.0166203 0.160991
internal_weight=10344 10296 10104 2064 1392 936
internal_count=10344 10296 10104 2064 1392 936
is_linear=0
shrinkage=0.05


Tree=154
num_leaves=7
num_cat=0
split_feature=9 19 7 0 19 14
split_gain=12374.7 26740 40671.3 29057 80354.1 64286.9
threshold=259.98450000000008 425.95925000000005 0.93769647993491489 10.500000000000002 445.30535000000003 221.90190000000004
decision_type=2 2 2 2 2 2
left_child=1 -1 3 4 -3 -5
right_child=-2 2 -4 5 -6 -7
leaf_value=-0.017195326879276631 0.0232551063952284 -3.0182792574844579 0.847527295537293 1.1907750975483886 -0.45026036476848108 -0.92212998411084846
leaf_weight=1224 8760 44 48 52 99 117
leaf_count=1224 8760 44 48 52 99 117
internal_value=-4.2557e-10 -0.128608 -0.50741 -0.715862 -1.24042 -0.272005
internal_weight=10344 1584 360 312 143 169
internal_count=10344 1584 360 312 143 169
is_linear=0
shrinkage=0.05


Tree=155
num_leaves=7
num_cat=0
split_feature=9 9 19 4 11 8
split_gain=12278.9 29623.5 16492.2 17457.7 45655.9 42371.8
threshold=437.66935000000007 424.42965000000004 658.72730000000013 1.0000000180025095e-35 434.02505000000002 1.0000000180025095e-35
decision_type=2 2 2 2 2 2
left_child=1 2 3 5 -5 -1
right_child=-2 -3 -4 4 -6 -7
leaf_value=-0.019975587347517011 0.65067901031838526 -1.2437870416169368 -0.58145694702242812 -0.043949041552100103 -1.719261825039256 0.29725703772232187
leaf_weight=3557 72 48 120 5011 41 1495
leaf_count=3557 72 48 120 5011 41 1495
internal_value=2.18309e-10 -0.00456083 0.00125713 0.00817772 -0.0575452 0.0739007
internal_weight=10344 10272 10224 10104 5052 5052
internal_count=10344 10272 10224 10104 5052 5052
is_linear=0
shrinkage=0.05


Tree=156
num_leaves=7
num_cat=0
split_feature=17 9 13 7 5 5
split_gain=12162.1 20566.4 14788.4 13155.1 59589.1 36989.3
threshold=104.13585983690119 354.90760000000006 134.0837409048402 -0.19337245081799007 -0.12940952255126037 -0.70710678118654757
decision_type=2 2 2 2 2 2
left_child=2 -2 3 4 -1 -5
right_child=1 -3 -4 5 -6 -7
leaf_value=-0.29687823509903705 1.3013502889002364 0.033773051295429471 -0.88200144867102304 0.24745326216085411 0.10736737589191697 -0.02842651928645902
leaf_weight=1683 48 96 48 1620 1989 4860
leaf_count=1683 48 96 48 1620 1989 4860
internal_value=-7.72332e-11 0.456299 -0.00644187 -0.0023021 -0.0779119 0.0405434
internal_weight=10344 144 10200 10152 3672 6480
internal_count=10344 144 10200 10152 3672 6480
is_linear=0
shrinkage=0.05


Tree=157
num_leaves=7
num_cat=0
split_feature=17 17 11 9 11 16
split_gain=12013.9 28810.8 38889.1 30512.7 31595.5 26591.7
threshold=38.517536286096679 40.749949530584253 344.89905000000005 272.75825000000003 293.67075000000006 349.95958720238099
decision_type=2 2 2 2 2 2
left_child=-1 2 -2 4 -3 -6
right_child=1 3 -4 -5 5 -7
leaf_value=-0.12236946028052315 0.20521578015983108 0.035154751549207851 1.4191732028719821 0.045052371072254745 -0.56913706744328529 0.19558833549134166
leaf_weight=1680 500 701 76 6624 624 139
leaf_count=1680 500 701 76 6624 624 139
internal_value=-4.25928e-10 0.0237281 0.365391 -0.000603903 -0.20718 -0.429823
internal_weight=10344 8664 576 8088 1464 763
internal_count=10344 8664 576 8088 1464 763
is_linear=0
shrinkage=0.05


Tree=158
num_leaves=7
num_cat=0
split_feature=10 13 11 12 0 2
split_gain=11464.9 13559.2 13190.1 37583.7 36606.8 38160.9
threshold=1.0000000180025095e-35 134.0837409048402 322.18150000000009 278.75852916666673 21.500000000000004 1.0000000180025095e-35
decision_type=2 2 2 2 2 2
left_child=-1 2 -2 -4 5 -5
right_child=1 -3 3 4 -6 -7
leaf_value=0.73350190627125078 0.044142912601371931 -0.8602922700021578 -0.54438799470271959 0.47743384797739313 -0.59074904168188802 -0.040630375701797408
leaf_weight=53 6389 46 381 407 261 2807
leaf_count=53 6389 46 381 407 261 2807
internal_value=1.05313e-09 -0.00377763 6.81166e-05 -0.0729593 -0.0212718 0.0249739
internal_weight=10344 10291 10245 3856 3475 3214
internal_count=10344 10291 10245 3856 3475 3214
is_linear=0
shrinkage=0.05


Tree=159
num_leaves=7
num_cat=0
split_feature=18 18 17 2 14 14
split_gain=11462.1 50825.8 26101.8 25891.5 33420.3 38781.3
threshold=246.16770000000002 245.98705000000004 44.376489743485386 3.5000000000000004 269.98240000000004 310.98910000000006
decision_type=2 2 2 2 2 2
left_child=1 -1 -2 4 -4 -6
right_child=2 -3 3 -5 5 -7
leaf_value=0.0020229448055953283 -0.83338309804598498 0.73979448003927251 -0.88750183678099104 0.16080078412501497 0.26667369196324481 -0.54313988189466977
leaf_weight=8544 120 240 168 672 336 264
leaf_count=8544 120 240 168 672 336 264
internal_value=-5.9018e-10 0.0221806 -0.124894 -0.0658533 -0.264176 -0.0896443
internal_weight=10344 8784 1560 1440 768 600
internal_count=10344 8784 1560 1440 768 600
is_linear=0
shrinkage=0.05


Tree=160
num_leaves=7
num_cat=0
split_feature=19 13 0 9 6 12
split_gain=11585.1 14051 26476.2 31176.7 25343.8 27571.3
threshold=658.72730000000013 24.091712159168953 4.5000000000000009 392.40175000000005 -0.72696319516528884 248.40532708333333
decision_type=2 2 2 2 2 2
left_child=1 4 3 -3 -1 -6
right_child=-2 2 -4 -5 5 -7
leaf_value=-0.19338410642336717 -0.41182155255228281 0.11693222412100389 -0.073171018558716744 1.4516706848144532 -0.19440487926618921 0.29247747227271143
leaf_weight=528 168 1575 6156 45 360 1512
leaf_count=528 168 1575 6156 45 360 1512
internal_value=-3.78967e-10 0.00679894 -0.025842 0.154008 0.112556 0.198846
internal_weight=10344 10176 7776 1620 2400 1872
internal_count=10344 10176 7776 1620 2400 1872
is_linear=0
shrinkage=0.05


Tree=161
num_leaves=7
num_cat=0
split_feature=7 7 0 9 4 2
split_gain=11312.2 16286.6 15892 18257.5 14173.2 42302.5
threshold=0.99988440732898443 0.99681593486783593 12.500000000000002 313.46935000000008 -0.37940952255126065 4.5000000000000009
decision_type=2 2 2 2 2 2
left_child=1 4 -3 -4 5 -1
right_child=-2 2 3 -5 -6 -7
leaf_value=0.18826683933007349 0.76579627821532392 -0.041321227771158403 -0.23408830014311455 -1.6744741153903306 -0.040771951723514943 -0.17999568178684441
leaf_weight=2691 48 104 44 44 6315 1098
leaf_count=2691 48 104 44 44 6315 1098
internal_value=-1.65899e-10 -0.00357015 -0.459761 -0.954281 0.00509857 0.0815494
internal_weight=10344 10296 192 88 10104 3789
internal_count=10344 10296 192 88 10104 3789
is_linear=0
shrinkage=0.05


Tree=162
num_leaves=7
num_cat=0
split_feature=15 19 16 11 14 14
split_gain=11134.6 22789.2 36665.7 78264.1 32136.9 24795.3
threshold=541.2509500000001 536.79520000000014 340.85291190476204 390.30565000000007 281.70980000000003 329.54600000000005
decision_type=2 2 2 2 2 2
left_child=1 5 3 -3 -4 -1
right_child=-2 2 4 -5 -6 -7
leaf_value=0.0079219889156135568 0.29415701161473035 -0.35336101579696244 0.33601767649062175 -2.7296523925803959 -0.29405436148388414 0.73154124299685164
leaf_weight=8784 312 198 312 42 576 120
leaf_count=8784 312 198 312 42 576 120
internal_value=8.36461e-10 -0.00914842 -0.220876 -0.769212 -0.0726777 0.0176743
internal_weight=10344 10032 1128 240 888 8904
internal_count=10344 10032 1128 240 888 8904
is_linear=0
shrinkage=0.05


Tree=163
num_leaves=7
num_cat=0
split_feature=12 13 9 14 10 6
split_gain=11073.7 12574.3 12576.2 14103.8 60588.5 45745.6
threshold=210.55205625000005 134.0837409048402 205.31900000000005 207.30400000000003 401.96350000000007 -0.24372957273992746
decision_type=2 2 2 2 2 2
left_child=-1 2 -2 4 5 -4
right_child=1 -3 3 -5 -6 -7
leaf_value=0.75767890511003022 0.65873563171674809 -0.81090988690654431 0.87981813972195 0.016868271631655 -2.0555372824029225 -0.20197824843231491
leaf_weight=48 72 48 108 9000 41 1027
leaf_count=48 72 48 108 9000 41 1027
internal_value=-7.33398e-10 -0.0035323 0.000249325 -0.00440978 -0.167252 -0.0990408
internal_weight=10344 10296 10248 10176 1176 1135
internal_count=10344 10296 10248 10176 1176 1135
is_linear=0
shrinkage=0.05


Tree=164
num_leaves=7
num_cat=0
split_feature=19 13 0 9 13 0
split_gain=10905.4 13167 24394.6 27902.5 23638.9 40835.4
threshold=658.72730000000013 24.091712159168953 4.5000000000000009 392.40175000000005 106.65568205584249 10.500000000000002
decision_type=2 2 2 2 2 2
left_child=1 -1 3 -3 -4 -6
right_child=-2 2 4 -5 5 -7
leaf_value=0.10897222250342992 -0.399558779916593 0.11255947468506676 -0.084991129055904835 1.3752669738978147 -0.70069471746683121 1.1841220196500257
leaf_weight=2400 168 1575 6023 45 42 91
leaf_count=2400 168 1575 6023 45 42 91
internal_value=7.61269e-11 0.00659649 -0.025001 0.147635 -0.0704314 0.588917
internal_weight=10344 10176 7776 1620 6156 133
internal_count=10344 10176 7776 1620 6156 133
is_linear=0
shrinkage=0.05


Tree=165
num_leaves=7
num_cat=0
split_feature=11 18 18 17 8 0
split_gain=10642.6 11400.1 46565.9 40229.7 33086 33408.4
threshold=514.79450000000008 246.16770000000002 245.14305000000004 56.10947622781935 1.0000000180025095e-35 12.500000000000002
decision_type=2 2 2 2 2 2
left_child=1 2 -1 4 -4 -6
right_child=-2 -3 3 -5 5 -7
leaf_value=-0.011683921394345357 0.58183982802363932 -0.13066301920426154 0.44592392742633824 -0.2399798252580998 0.60111926701935858 2.3438557034189049
leaf_weight=8215 78 1523 274 144 55 55
leaf_count=8215 78 1523 274 144 55 55
internal_value=-1.22297e-10 -0.00442076 0.0175702 0.472727 0.739992 1.47249
internal_weight=10344 10266 8743 528 384 110
internal_count=10344 10266 8743 528 384 110
is_linear=0
shrinkage=0.05


Tree=166
num_leaves=7
num_cat=0
split_feature=9 9 4 2 13 12
split_gain=10334.7 27244.6 15126.4 42617.7 38326.7 36423.7
threshold=437.66935000000007 424.42965000000004 -0.37940952255126065 4.5000000000000009 35.020446363916058 402.27575833333339
decision_type=2 2 2 2 2 2
left_child=1 2 3 5 -5 -1
right_child=-2 -3 -4 4 -6 -7
leaf_value=0.15653523228163618 0.59694654787373214 -1.1926111944795899 -0.045713578316927385 0.029459243458329745 -0.58966612700230037 1.2963278287814726
leaf_weight=2646 72 48 6390 738 378 72
leaf_count=2646 72 48 6390 738 378 72
internal_value=2.53439e-10 -0.0041842 0.00139526 0.07991 -0.180245 0.186728
internal_weight=10344 10272 10224 3834 1116 2718
internal_count=10344 10272 10224 3834 1116 2718
is_linear=0
shrinkage=0.05


Tree=167
num_leaves=7
num_cat=0
split_feature=7 7 0 9 6 6
split_gain=10407.4 14623.8 14502.1 15716.1 12762.9 32634.9
threshold=0.99988440732898443 0.99681593486783593 11.500000000000002 313.46935000000008 0.19337368024598436 0.23537774960157334
decision_type=2 2 2 2 2 2
left_child=1 4 -3 -4 -1 -6
right_child=-2 2 3 -5 5 -7
leaf_value=0.063861645107467974 0.73453202416809904 -0.0011567353814219436 -0.23050236512596409 -1.5099902474631868 -0.73442090285188033 -0.026237546181689941
leaf_weight=4800 48 96 48 48 168 5136
leaf_count=4800 48 96 48 48 168 5136
internal_value=-6.95404e-10 -0.00342439 -0.435702 -0.870246 0.0047899 -0.0486687
internal_weight=10344 10296 192 96 10104 5304
internal_count=10344 10296 192 96 10104 5304
is_linear=0
shrinkage=0.05


Tree=168
num_leaves=7
num_cat=0
split_feature=17 17 11 9 11 11
split_gain=10551.8 24587.5 33336.1 26640.3 29113.3 22953.5
threshold=38.517536286096679 40.749949530584253 344.89905000000005 272.75825000000003 293.67075000000006 318.66635000000002
decision_type=2 2 2 2 2 2
left_child=5 2 -2 4 -3 -1
right_child=1 3 -4 -5 -6 -7
leaf_value=-0.023995581179708684 0.18956794285029174 0.039357498212393309 1.3135169024634372 0.042420129398441343 -0.40698194854415537 -0.49133299684231996
leaf_weight=1354 500 701 76 6624 763 326
leaf_count=1354 500 701 76 6624 763 326
internal_value=-1.19159e-10 0.0222374 0.337867 -0.000240688 -0.193263 -0.114681
internal_weight=10344 8664 576 8088 1464 1680
internal_count=10344 8664 576 8088 1464 1680
is_linear=0
shrinkage=0.05


Tree=169
num_leaves=7
num_cat=0
split_feature=17 9 7 5 13 5
split_gain=10087 18206.9 12895.1 44228.5 68603.4 33940.8
threshold=104.13585983690119 354.90760000000006 -0.19337245081799007 -0.12940952255126037 77.831074539680671 -0.70710678118654757
decision_type=2 2 2 2 2 2
left_child=2 -2 3 -1 -5 -4
right_child=1 -3 5 4 -6 -7
leaf_value=-0.26847521222791382 1.2106513918687902 0.018001967202872039 0.23434718528495835 0.13227675790310955 -1.5191269538924099 -0.029431692432538584
leaf_weight=1694 48 96 1626 1937 65 4878
leaf_count=1694 48 96 1626 1937 65 4878
internal_value=1.7303e-10 0.415552 -0.00586661 -0.0804438 0.0786598 0.036513
internal_weight=10344 144 10200 3696 2002 6504
internal_count=10344 144 10200 3696 2002 6504
is_linear=0
shrinkage=0.05


Tree=170
num_leaves=7
num_cat=0
split_feature=10 13 11 13 13 12
split_gain=10033.2 12585.6 12847.4 35644.3 79018.2 33590.6
threshold=1.0000000180025095e-35 134.0837409048402 322.18150000000009 47.378506677532236 46.19816991642795 283.81012708333338
decision_type=2 2 2 2 2 2
left_child=-1 2 -2 4 -4 -5
right_child=1 -3 3 5 -6 -7
leaf_value=0.68617715117222866 0.043669578694354491 -0.82872600011203612 -0.1339651387237048 -1.0881291508674622 -1.7609942770623541 0.18441645847433963
leaf_weight=53 6389 46 2418 54 77 1307
leaf_count=53 6389 46 2418 54 77 1307
internal_value=3.477e-10 -0.0035339 0.000171206 -0.0719012 -0.184178 0.133926
internal_weight=10344 10291 10245 3856 2495 1361
internal_count=10344 10291 10245 3856 2495 1361
is_linear=0
shrinkage=0.05


Tree=171
num_leaves=7
num_cat=0
split_feature=17 17 10 17 16 7
split_gain=9872.84 56764.7 157247 16884.1 26144 39612.7
threshold=36.880573508586913 36.718546971592822 282.32470000000006 46.228613648430887 325.3110175595238 0.69521084835931835
decision_type=2 2 2 2 2 2
left_child=1 -1 -3 4 5 -2
right_child=3 2 -4 -5 -6 -7
leaf_value=-0.032158465254222834 0.089999981369605297 0.40820233300328257 -3.6964108654856682 -0.03071791617848052 -0.30329080285349241 0.65282178931345702
leaf_weight=1056 2376 56 40 6120 336 360
leaf_count=1056 2376 56 40 6120 336 360
internal_value=-1.58304e-11 -0.137983 -1.30205 0.0172929 0.112939 0.164055
internal_weight=10344 1152 96 9192 3072 2736
internal_count=10344 1152 96 9192 3072 2736
is_linear=0
shrinkage=0.05


Tree=172
num_leaves=7
num_cat=0
split_feature=4 11 9 7 10 0
split_gain=9855.25 20653.2 15502 17555.3 24211.9 14099.2
threshold=0.78656609248549325 401.93200000000007 398.86505000000005 -0.29342786347392819 320.3798000000001 20.500000000000004
decision_type=2 2 2 2 2 2
left_child=5 2 3 4 -2 -1
right_child=1 -3 -4 -5 -6 -7
leaf_value=0.053444936665397041 -0.22006137796243352 -1.1550615321265327 0.7973719243407249 0.013917871988779596 -1.4569151477843878 -0.12647727405761708
leaf_weight=6896 683 45 50 1335 42 1293
leaf_count=6896 683 45 50 1335 42 1293
internal_value=-2.98806e-10 -0.0951374 -0.0725324 -0.0936466 -0.291714 0.0250362
internal_weight=10344 2155 2110 2060 725 8189
internal_count=10344 2155 2110 2060 725 8189
is_linear=0
shrinkage=0.05


Tree=173
num_leaves=7
num_cat=0
split_feature=6 6 12 6 0 17
split_gain=9591.32 37332.6 42780.5 31699.8 39447.2 30789.3
threshold=-0.074117382312902977 -0.46801505794253101 382.31935416666676 -0.022576249993022688 11.500000000000002 48.344205346740956
decision_type=2 2 2 2 2 2
left_child=1 -1 5 4 -2 -3
right_child=3 2 -4 -5 -6 -7
leaf_value=-0.033758166015510654 0.054798934662216608 0.99467335571146887 -0.4366842765294548 -0.022090963007409002 -1.6003116852707333 0.28891824188505799
leaf_weight=3024 72 192 168 6024 72 792
leaf_count=3024 72 192 168 6024 72 792
internal_value=1.75242e-11 0.0585136 0.300727 -0.0396162 -0.772756 0.426627
internal_weight=10344 4176 1152 6168 144 984
internal_count=10344 4176 1152 6168 144 984
is_linear=0
shrinkage=0.05


Tree=174
num_leaves=7
num_cat=0
split_feature=4 9 2 11 18 9
split_gain=9580.01 39253.4 39576.5 36943.2 34583.6 46425.5
threshold=-0.37940952255126065 424.42965000000004 4.5000000000000009 337.53880000000009 246.61495000000002 307.67320000000001
decision_type=2 2 2 2 2 2
left_child=1 2 4 -4 5 -1
right_child=-2 -3 3 -5 -6 -7
leaf_value=0.097853471143099002 -0.037272132854485183 -1.4060243496795497 -0.071961208324857931 -1.0040311730959837 -0.24959195564698541 0.57212107756418162
leaf_weight=1548 6465 45 997 119 396 774
leaf_count=1548 6465 45 997 119 396 774
internal_value=3.85717e-10 0.0621202 0.079352 -0.171349 0.182289 0.255943
internal_weight=10344 3879 3834 1116 2718 2322
internal_count=10344 3879 3834 1116 2718 2322
is_linear=0
shrinkage=0.05


Tree=175
num_leaves=7
num_cat=0
split_feature=9 9 4 7 6 8
split_gain=9773.1 22577 13620.1 35098.1 57453.5 37484.7
threshold=437.66935000000007 424.42965000000004 1.0000000180025095e-35 -0.6905596507703472 -0.63921128368950708 1.0000000180025095e-35
decision_type=2 2 2 2 2 2
left_child=1 2 3 4 -1 -5
right_child=-2 -3 -4 5 -6 -7
leaf_value=1.6727239009820754 0.58050121965093748 -1.0859137470368296 -0.056699730945373707 -0.10964750416777116 0.21241852887246002 0.22605348130546005
leaf_weight=72 72 48 5112 2816 1044 1180
leaf_count=72 72 48 5112 2816 1044 1180
internal_value=4.42953e-10 -0.00406893 0.00101015 0.05872 0.306632 -0.0105166
internal_weight=10344 10272 10224 5112 1116 3996
internal_count=10344 10272 10224 5112 1116 3996
is_linear=0
shrinkage=0.05


Tree=176
num_leaves=7
num_cat=0
split_feature=15 15 19 11 16 9
split_gain=9474.56 19066.9 14345.2 27658.1 32224 18397.6
threshold=541.2509500000001 533.63000000000011 567.99785000000008 366.53165000000007 371.18728452380958 399.25805000000008
decision_type=2 2 2 2 2 2
left_child=1 2 5 -4 -5 -1
right_child=-2 -3 3 4 -6 -7
leaf_value=0.018753596430553007 0.27134491160813456 -1.0025791731352607 0.059705867873720536 -1.5188162641051939 -0.30410057822854297 -0.96268749342610449
leaf_weight=9168 312 48 423 68 277 48
leaf_count=9168 312 48 423 68 277 48
internal_value=4.68123e-11 -0.00843896 -0.00365944 -0.211276 -0.543523 0.0136419
internal_weight=10344 10032 9984 768 345 9216
internal_count=10344 10032 9984 768 345 9216
is_linear=0
shrinkage=0.05


Tree=177
num_leaves=7
num_cat=0
split_feature=11 11 9 9 14 0
split_gain=9853.53 10340.4 50032.4 58863.9 33665.3 28809
threshold=514.79450000000008 318.66635000000002 219.12100000000004 252.41620000000003 227.98800000000003 20.500000000000004
decision_type=2 2 2 2 2 2
left_child=1 -1 -3 4 -4 -5
right_child=-2 2 3 5 -6 -7
leaf_value=0.035774026563641065 0.55985428958367078 1.5207101571924833 -2.350733295083046 0.0019275181039089288 -0.5916883616938311 -0.40213160676706022
leaf_weight=6274 78 49 40 3309 85 509
leaf_count=6274 78 49 40 3309 85 509
internal_value=1.89902e-10 -0.00425371 -0.067163 -0.0868957 -1.15458 -0.05194
internal_weight=10344 10266 3992 3943 125 3818
internal_count=10344 10266 3992 3943 125 3818
is_linear=0
shrinkage=0.05


Tree=178
num_leaves=7
num_cat=0
split_feature=13 13 13 7 19 9
split_gain=9071 15598.3 24658.3 20905.5 13754.4 22081.2
threshold=12.592347737317665 15.498743298772547 17.91780487682086 0.91852788691372023 530.78495000000009 288.12765000000007
decision_type=2 2 2 2 2 2
left_child=-1 4 3 -3 5 -2
right_child=1 2 -4 -5 -6 -7
leaf_value=0.28932206907281371 -0.24152731420666293 0.22362512609658713 -0.008211310467891253 1.1688214118282001 0.13704420788923191 -1.1957101819415887
leaf_weight=264 384 312 9072 72 168 72
leaf_count=264 384 312 9072 72 168 72
internal_value=3.707e-10 -0.00757748 0.00840029 0.400849 -0.249702 -0.392188
internal_weight=10344 10080 9456 384 624 456
internal_count=10344 10080 9456 384 624 456
is_linear=0
shrinkage=0.05


Tree=179
num_leaves=7
num_cat=0
split_feature=12 13 11 13 13 9
split_gain=9057.45 11624.2 10776.9 32026.7 64314.4 40266.1
threshold=210.55205625000005 134.0837409048402 322.18150000000009 78.009786898730354 77.468135043253696 314.11970000000002
decision_type=2 2 2 2 2 2
left_child=-1 2 -2 4 5 -4
right_child=1 -3 3 -5 -6 -7
leaf_value=0.6852393249049783 0.040389799379544435 -0.7794699023167293 -0.21592359643663014 0.65093768648306538 -2.0636098210404561 0.11816205513156131
leaf_weight=48 6377 48 2098 150 41 1582
leaf_count=48 6377 48 2098 150 41 1582
internal_value=-8.39644e-11 -0.00319459 0.000441361 -0.0653688 -0.0942444 -0.0723031
internal_weight=10344 10296 10248 3871 3721 3680
internal_count=10344 10296 10248 3871 3721 3680
is_linear=0
shrinkage=0.05


Tree=180
num_leaves=7
num_cat=0
split_feature=7 5 13 7 7 0
split_gain=9097.09 42350.9 39271.1 30672.3 52991.4 29594.4
threshold=-0.19337245081799007 -0.12940952255126037 77.831074539680671 -0.26867065956352881 -0.23537842981696178 18.500000000000004
decision_type=2 2 2 2 2 2
left_child=1 3 -3 -1 -5 -2
right_child=5 2 -4 4 -6 -7
leaf_value=-0.19057949455225059 0.090742254170093017 0.13460207765025983 -1.0089570189145609 -2.3898460657166485 -0.061848607280037618 -0.1718812813566537
leaf_weight=1661 5149 2002 78 44 55 1355
leaf_count=1661 5149 2002 78 44 55 1355
internal_value=1.66358e-10 -0.0610241 0.0917186 -0.241538 -1.09651 0.036029
internal_weight=10344 3840 2080 1760 99 6504
internal_count=10344 3840 2080 1760 99 6504
is_linear=0
shrinkage=0.05


Tree=181
num_leaves=7
num_cat=0
split_feature=4 9 9 12 17 9
split_gain=9285.67 29262.9 25042.2 49850.1 27059.9 54295.5
threshold=0.37940952255126054 205.31900000000005 398.86505000000005 427.70381666666674 68.603369478333818 288.81795000000005
decision_type=2 2 2 2 2 2
left_child=1 -1 4 -4 -2 -6
right_child=2 -3 3 -5 5 -7
leaf_value=1.1357731906572979 -0.038649625855498422 0.026399269369005531 1.9398889240953658 -0.41359813375605481 -1.4919624245603278 -0.10282823124540195
leaf_weight=60 3447 6405 45 45 99 243
leaf_count=60 3447 6405 45 45 99 243
internal_value=-3.12724e-10 0.0366951 -0.0611585 0.763145 -0.0807381 -0.504946
internal_weight=10344 6465 3879 90 3789 342
internal_count=10344 6465 3879 90 3789 342
is_linear=0
shrinkage=0.05


Tree=182
num_leaves=7
num_cat=0
split_feature=17 17 11 9 11 16
split_gain=9013.28 20984.5 30310.2 21554.5 23852.5 23081.5
threshold=38.517536286096679 40.749949530584253 344.89905000000005 272.75825000000003 293.67075000000006 349.95958720238099
decision_type=2 2 2 2 2 2
left_child=-1 2 -2 4 -3 -6
right_child=1 3 -4 -5 5 -7
leaf_value=-0.10599168103620676 0.17073183702025563 0.036720106268558018 1.2424586306277074 0.038159757786507431 -0.49707830185190033 0.21538904357513938
leaf_weight=1680 500 701 76 6624 624 139
leaf_count=1680 500 701 76 6624 624 139
internal_value=-2.83213e-10 0.0205524 0.31214 -0.000213496 -0.173837 -0.367284
internal_weight=10344 8664 576 8088 1464 763
internal_count=10344 8664 576 8088 1464 763
is_linear=0
shrinkage=0.05


Tree=183
num_leaves=7
num_cat=0
split_feature=18 18 0 13 11 14
split_gain=9063.61 39263.8 22713.3 34505.4 20760.4 25178.6
threshold=246.16770000000002 245.98705000000004 10.500000000000002 46.878451679524481 305.42515000000003 264.12265000000008
decision_type=2 2 2 2 2 2
left_child=1 -1 -3 -4 -2 -6
right_child=4 2 3 -5 5 -7
leaf_value=0.0020066896420698373 0.19543284301111916 0.1216703224317594 2.0955613319690412 0.43277568859167587 -0.78930767380957867 -0.12369787915251794
leaf_weight=8544 408 110 52 78 166 986
leaf_count=8544 408 110 52 78 166 986
internal_value=1.92734e-10 0.0197239 0.650456 1.09789 -0.111061 -0.21961
internal_weight=10344 8784 240 130 1560 1152
internal_count=10344 8784 240 130 1560 1152
is_linear=0
shrinkage=0.05


Tree=184
num_leaves=7
num_cat=0
split_feature=12 7 5 13 5 7
split_gain=8950.03 10246.7 38870.8 63687.1 28093.6 27507
threshold=210.55205625000005 -0.19337245081799007 0.1294095225512602 77.831074539680671 -0.70710678118654757 -0.26867065956352881
decision_type=2 2 2 2 2 2
left_child=-1 2 5 -4 -3 -2
right_child=1 4 3 -5 -6 -7
leaf_value=0.681163769926449 -0.17078745381775129 0.21489911233951298 0.15430788401747397 -1.7724957403811541 -0.025084967400909743 -0.96025467982404256
leaf_weight=48 1937 1626 1694 44 4878 117
leaf_count=48 1937 1626 1694 44 4878 117
internal_value=-5.79726e-10 -0.00317559 -0.0685014 0.105528 0.0349111 -0.215757
internal_weight=10344 10296 3792 1738 6504 2054
internal_count=10344 10296 3792 1738 6504 2054
is_linear=0
shrinkage=0.05


Tree=185
num_leaves=7
num_cat=0
split_feature=4 9 2 13 9 14
split_gain=8796.24 33661.6 36468.1 33854 31263.7 28812.5
threshold=-0.37940952255126065 424.42965000000004 4.5000000000000009 35.020446363916058 224.40420000000003 347.95915000000008
decision_type=2 2 2 2 2 2
left_child=1 2 4 -4 -1 -6
right_child=-2 -3 3 -5 5 -7
leaf_value=1.4812431763278113 -0.035714934578441639 -1.3000311930477619 0.031916117279217414 -0.54996305797051981 0.12871958580561368 1.2955158370236557
leaf_weight=45 6465 45 738 378 2619 54
leaf_count=45 6465 45 738 378 2619 54
internal_value=-3.61431e-10 0.0595249 0.0754821 -0.165172 0.174294 0.152291
internal_weight=10344 3879 3834 1116 2718 2673
internal_count=10344 3879 3834 1116 2718 2673
is_linear=0
shrinkage=0.05


Tree=186
num_leaves=7
num_cat=0
split_feature=9 9 4 2 11 18
split_gain=8769.05 16929.5 12426.6 32912.5 31361.9 30513.7
threshold=437.66935000000007 424.42965000000004 -0.37940952255126065 4.5000000000000009 339.93770000000006 246.61495000000002
decision_type=2 2 2 2 2 2
left_child=1 2 3 5 -5 -1
right_child=-2 -3 -4 4 -6 -7
leaf_value=0.23476365673147997 0.54987402613171277 -0.94067043059815969 -0.042154504230485702 -0.067946635517045662 -0.94659176126649958 -0.24009427653032947
leaf_weight=2322 72 48 6390 1003 113 396
leaf_count=2322 72 48 6390 1003 113 396
internal_value=1.52497e-11 -0.00385426 0.000543941 0.071708 -0.156913 0.165579
internal_weight=10344 10272 10224 3834 1116 2718
internal_count=10344 10272 10224 3834 1116 2718
is_linear=0
shrinkage=0.05


Tree=187
num_leaves=7
num_cat=0
split_feature=19 19 10 9 7 6
split_gain=8812.95 32410.3 38034.4 48415.6 25496.2 32626.6
threshold=429.46955000000008 412.06100000000009 322.42700000000008 307.67320000000001 -0.90892157495189674 -0.39036798905311365
decision_type=2 2 2 2 2 2
left_child=1 -1 -3 -4 5 -2
right_child=4 2 3 -5 -6 -7
leaf_value=0.0039217040923728713 1.6290483855021496 -0.17023886069616123 -2.4135555468341141 -0.47695119756373389 0.0082790962938180737 0.25092598876511274
leaf_weight=3216 48 474 47 103 6048 408
leaf_count=3216 48 474 47 103 6048 408
internal_value=-3.24236e-10 -0.0600636 -0.389834 -1.08375 0.0354619 0.395992
internal_weight=10344 3840 624 150 6504 456
internal_count=10344 3840 624 150 6504 456
is_linear=0
shrinkage=0.05


Tree=188
num_leaves=7
num_cat=0
split_feature=12 13 11 13 13 15
split_gain=8605.37 9800.29 10672.2 29332.6 65565.3 39777.5
threshold=210.55205625000005 134.0837409048402 322.18150000000009 47.378506677532236 46.19816991642795 352.54390000000006
decision_type=2 2 2 2 2 2
left_child=-1 2 -2 4 -4 -5
right_child=1 -3 3 5 -6 -7
leaf_value=0.66791957911724853 0.039978616464866223 -0.71589170827840765 -0.12173917278677467 -1.3950001864206225 -1.6038090794504463 0.16777185129219557
leaf_weight=48 6377 48 2418 42 77 1334
leaf_count=48 6377 48 2418 42 77 1334
internal_value=-2.05459e-10 -0.00311384 0.000224694 -0.065265 -0.167478 0.120071
internal_weight=10344 10296 10248 3871 2495 1376
internal_count=10344 10296 10248 3871 2495 1376
is_linear=0
shrinkage=0.05


Tree=189
num_leaves=7
num_cat=0
split_feature=11 19 17 16 11 14
split_gain=8601.42 9364.94 36724.5 24716.2 49539.7 23734
threshold=514.79450000000008 536.79520000000014 51.874815420669186 340.85291190476204 362.16060000000004 281.70980000000003
decision_type=2 2 2 2 2 2
left_child=1 -1 -3 4 -4 -5
right_child=-2 2 3 5 -6 -7
leaf_value=0.014774280488737107 0.5230751569454487 -1.2497281177644282 -0.1944149836135465 0.39060723312176743 -2.0535159643306291 -0.12089683639662374
leaf_weight=8895 78 69 215 333 43 711
leaf_count=8895 78 69 215 333 43 711
internal_value=-2.83088e-10 -0.00397427 -0.125614 -0.0660414 -0.504265 0.0422553
internal_weight=10344 10266 1371 1302 258 1044
internal_count=10344 10266 1371 1302 258 1044
is_linear=0
shrinkage=0.05


Tree=190
num_leaves=7
num_cat=0
split_feature=7 7 0 9 13 7
split_gain=8501.33 12103.4 12261.6 11890.7 11289.3 28911.4
threshold=0.99988440732898443 0.99681593486783593 12.500000000000002 313.46935000000008 22.345356179534388 0.14888728888808328
decision_type=2 2 2 2 2 2
left_child=1 4 -3 -4 5 -1
right_child=-2 2 3 -5 -6 -7
leaf_value=-0.12273672008784214 0.66386988386511803 -0.028808872279925991 -0.24952982183207167 -1.4119495016607373 -0.022400362733827915 0.26000604034522373
leaf_weight=816 48 104 44 44 8040 1248
leaf_count=816 48 104 44 44 8040 1248
internal_value=-1.41228e-11 -0.00309496 -0.39636 -0.83074 0.00437801 0.108689
internal_weight=10344 10296 192 88 10104 2064
internal_count=10344 10296 192 88 10104 2064
is_linear=0
shrinkage=0.05


Tree=191
num_leaves=7
num_cat=0
split_feature=10 13 0 9 13 13
split_gain=8510 10350.1 9988.35 26081.6 13848 23819.5
threshold=1.0000000180025095e-35 134.0837409048402 21.500000000000004 354.90760000000006 58.154970024067318 59.261125364090454
decision_type=2 2 2 2 2 2
left_child=-1 2 4 -4 -2 -6
right_child=1 -3 3 -5 5 -7
leaf_value=0.63194794850248215 -0.0065651189622755865 -0.75158038864965027 -0.065291891270899988 -0.94000148915996162 0.97340175899973314 0.11406302100484147
leaf_weight=53 8338 46 759 96 88 964
leaf_count=53 8338 46 759 96 88 964
internal_value=8.89096e-12 -0.00325461 0.000105364 -0.163505 0.0150028 0.185947
internal_weight=10344 10291 10245 855 9390 1052
internal_count=10344 10291 10245 855 9390 1052
is_linear=0
shrinkage=0.05


Tree=192
num_leaves=7
num_cat=0
split_feature=17 17 10 17 16 7
split_gain=8370.73 47740.7 138141 14300.1 21610.8 33145
threshold=36.880573508586913 36.718546971592822 282.32470000000006 46.228613648430887 325.3110175595238 0.69521084835931835
decision_type=2 2 2 2 2 2
left_child=1 -1 -3 4 5 -2
right_child=3 2 -4 -5 -6 -7
leaf_value=-0.030004247871340452 0.08267986523606799 0.40839824282697273 -3.4387823071517047 -0.028261299307398752 -0.27448133828916721 0.59750831287147277
leaf_weight=1056 2376 56 40 6120 336 360
leaf_count=1056 2376 56 40 6120 336 360
internal_value=-5.25107e-10 -0.127053 -1.19459 0.0159231 0.103947 0.15042
internal_weight=10344 1152 96 9192 3072 2736
internal_count=10344 1152 96 9192 3072 2736
is_linear=0
shrinkage=0.05


Tree=193
num_leaves=7
num_cat=0
split_feature=9 9 4 7 6 8
split_gain=8031.77 14802.8 12519.8 31894.6 51080 30938.4
threshold=437.66935000000007 424.42965000000004 1.0000000180025095e-35 -0.6905596507703472 -0.63921128368950708 1.0000000180025095e-35
decision_type=2 2 2 2 2 2
left_child=1 2 3 4 -1 -5
right_child=-2 -3 -4 5 -6 -7
leaf_value=1.5801742342404195 0.52625077465652592 -0.87968754482765998 -0.054905662158413283 -0.10030737518738989 0.20324690343662241 0.20467452946860912
leaf_weight=72 72 48 5112 2816 1044 1180
leaf_count=72 72 48 5112 2816 1044 1180
internal_value=-2.93103e-10 -0.00368867 0.000423997 0.0557537 0.292081 -0.0102477
internal_weight=10344 10272 10224 5112 1116 3996
internal_count=10344 10272 10224 5112 1116 3996
is_linear=0
shrinkage=0.05


Tree=194
num_leaves=7
num_cat=0
split_feature=19 19 10 9 6 19
split_gain=8154.71 28994 33375.6 41404.8 23082.5 25425.1
threshold=429.46955000000008 412.06100000000009 322.42700000000008 307.67320000000001 -0.95244167294248061 480.09025000000008
decision_type=2 2 2 2 2 2
left_child=1 -1 -3 -4 -2 -6
right_child=4 2 3 -5 5 -7
leaf_value=0.0027422095964923653 -0.65292018601049984 -0.16397672041811989 -2.2494734679130799 -0.45856557386448088 0.15708873145098753 -0.043436529505074616
leaf_weight=3216 120 474 47 103 2880 3504
leaf_count=3216 120 474 47 103 2880 3504
internal_value=-1.58935e-10 -0.057777 -0.369683 -1.01972 0.0341119 0.047026
internal_weight=10344 3840 624 150 6504 6384
internal_count=10344 3840 624 150 6504 6384
is_linear=0
shrinkage=0.05


Tree=195
num_leaves=7
num_cat=0
split_feature=19 10 4 9 7 14
split_gain=8059.36 30083.8 10520.6 30397.3 33661 73778.4
threshold=340.96175000000005 302.57975000000005 -0.37940952255126065 424.42965000000004 -0.55656394595157355 189.85245000000003
decision_type=2 2 2 2 2 2
left_child=1 -1 3 4 5 -2
right_child=2 -3 -4 -5 -6 -7
leaf_value=-0.064080982085182231 2.330881689389547 -1.4734471067439678 -0.031376430127271211 -1.2170386294855013 0.0053928593637957711 0.25318526588028062
leaf_weight=317 45 43 6240 45 2808 846
leaf_count=317 45 43 6240 45 2808 846
internal_value=7.91543e-11 -0.232422 0.0083806 0.0746423 0.0903562 0.358119
internal_weight=10344 360 9984 3744 3699 891
internal_count=10344 360 9984 3744 3699 891
is_linear=0
shrinkage=0.05


Tree=196
num_leaves=7
num_cat=0
split_feature=15 15 19 10 16 11
split_gain=8411.21 16945.1 11766.9 24688.9 19578.8 40882.6
threshold=541.2509500000001 533.63000000000011 567.99785000000008 448.91490000000005 358.04703154761916 331.27530000000007
decision_type=2 2 2 2 2 2
left_child=1 2 -1 4 5 -4
right_child=-2 -3 3 -5 -6 -7
leaf_value=0.012224053863666188 0.25566502339624536 -0.94514709273353226 -0.13433506405882298 -1.243430638084045 0.028558867076242514 -1.9392555333319166
leaf_weight=9216 312 48 124 52 550 42
leaf_count=9216 312 48 124 52 550 42
internal_value=1.0271e-09 -0.0079513 -0.00344555 -0.191481 -0.115082 -0.591002
internal_weight=10344 10032 9984 768 716 166
internal_count=10344 10032 9984 768 716 166
is_linear=0
shrinkage=0.05


Tree=197
num_leaves=7
num_cat=0
split_feature=7 6 16 10 9 17
split_gain=8293.37 39911.6 25527.8 19820.3 61712.1 60595.8
threshold=0.42763731121559989 0.8697513045430848 318.82159583333339 372.00940000000008 398.86505000000005 50.516164121146439
decision_type=2 2 2 2 2 2
left_child=3 -2 -3 4 -1 -5
right_child=1 2 -4 5 -6 -7
leaf_value=-0.027579311162909476 0.019409155479573472 1.202554599357148 0.011668366255859534 -0.87527544923980727 1.8966287913776581 0.270737956119877
leaf_weight=5277 4368 120 72 253 42 212
leaf_count=5277 4368 120 72 253 42 212
internal_value=7.44295e-10 0.0504223 0.755972 -0.0397521 -0.0123853 -0.352792
internal_weight=10344 4560 192 5784 5319 465
internal_count=10344 4560 192 5784 5319 465
is_linear=0
shrinkage=0.05


Tree=198
num_leaves=7
num_cat=0
split_feature=9 9 4 7 6 8
split_gain=8013.69 13694.2 11150.4 28021.6 42230.7 28637.5
threshold=437.66935000000007 424.42965000000004 1.0000000180025095e-35 -0.6905596507703472 -0.63921128368950708 1.0000000180025095e-35
decision_type=2 2 2 2 2 2
left_child=1 2 3 4 -1 -5
right_child=-2 -3 -4 5 -6 -7
leaf_value=1.4452152486166192 0.52565801946653268 -0.84624349611500893 -0.051945022320956546 -0.096023171142157734 0.19322834789307594 0.19739882956525329
leaf_weight=72 72 48 5112 2816 1044 1180
leaf_count=72 72 48 5112 2816 1044 1180
internal_value=-2.38323e-10 -0.00368452 0.000271157 0.0524873 0.274002 -0.00937703
internal_weight=10344 10272 10224 5112 1116 3996
internal_count=10344 10272 10224 5112 1116 3996
is_linear=0
shrinkage=0.05


Tree=199
num_leaves=7
num_cat=0
split_feature=7 5 13 0 9 7
split_gain=8340.53 35590.7 34116.4 25089.3 22617.2 20840.1
threshold=-0.19337245081799007 -0.12940952255126037 77.831074539680671 19.500000000000004 393.29170000000005 -0.26867065956352881
decision_type=2 2 2 2 2 2
left_child=1 4 -3 -2 5 -1
right_child=3 2 -4 -5 -6 -7
leaf_value=-0.20949914375386025 0.078415978148515586 0.12156085504217076 -0.94430836706589438 -0.18508994680603061 0.89543530263684024 -0.95681726842215564
leaf_weight=1617 5420 2002 78 1084 44 99
leaf_count=1617 5420 2002 78 1084 44 99
internal_value=6.4605e-10 -0.0584315 0.0815908 0.0344983 -0.223912 -0.252614
internal_weight=10344 3840 2080 6504 1760 1716
internal_count=10344 3840 2080 6504 1760 1716
is_linear=0
shrinkage=0.05


Tree=200
num_leaves=7
num_cat=0
split_feature=13 18 18 0 13 17
split_gain=7704.63 8587.44 36321.1 21124.9 28497 16579.8
threshold=9.121711072834767 246.16770000000002 245.98705000000004 10.500000000000002 46.878451679524481 44.376489743485386
decision_type=2 2 2 2 2 2
left_child=-1 2 -2 -4 -5 -3
right_child=1 5 3 4 -6 -7
leaf_value=0.39831011418253182 -0.002768073204460137 -0.67858389217406512 0.11102010453966532 1.9591454093272871 0.44804801194427113 -0.066057149911389335
leaf_weight=120 8472 120 110 52 78 1392
leaf_count=120 8472 120 110 52 78 1392
internal_value=-4.35788e-10 -0.004675 0.0144151 0.620981 1.05249 -0.11467
internal_weight=10344 10224 8712 240 130 1512
internal_count=10344 10224 8712 240 130 1512
is_linear=0
shrinkage=0.05


Tree=201
num_leaves=7
num_cat=0
split_feature=11 11 9 9 14 9
split_gain=7571.9 8433.87 38806.4 49503.5 30866.6 23628.5
threshold=514.79450000000008 318.66635000000002 219.12100000000004 252.41620000000003 227.98800000000003 212.83295000000001
decision_type=2 2 2 2 2 2
left_child=1 5 -3 4 -4 -1
right_child=-2 2 3 -5 -6 -7
leaf_value=-0.70422865685737024 0.49077411737197485 1.3378893894808632 -2.202396817803383 -0.045865695002245355 -0.51805699285338913 0.045202115275691707
leaf_weight=107 78 49 40 3818 85 6167
leaf_count=107 78 49 40 3818 85 6167
internal_value=-7.36869e-11 -0.00372885 -0.0605434 -0.0779219 -1.05705 0.0324209
internal_weight=10344 10266 3992 3943 125 6274
internal_count=10344 10266 3992 3943 125 6274
is_linear=0
shrinkage=0.05


Tree=202
num_leaves=7
num_cat=0
split_feature=4 11 9 7 10 0
split_gain=7385.11 15744.7 11635.6 14837.3 20617.2 10234.4
threshold=0.78656609248549325 401.93200000000007 398.86505000000005 -0.29342786347392819 320.3798000000001 20.500000000000004
decision_type=2 2 2 2 2 2
left_child=5 2 3 4 -2 -1
right_child=1 -3 -4 -5 -6 -7
leaf_value=0.045876626816484078 -0.19688215584754618 -1.0077973986996545 0.69103316300734885 0.017975952017996531 -1.3382310533097812 -0.10741505919323986
leaf_weight=6896 683 45 50 1335 42 1293
leaf_count=6896 683 45 50 1335 42 1293
internal_value=1.4111e-10 -0.0823562 -0.0626193 -0.0809118 -0.263002 0.0216727
internal_weight=10344 2155 2110 2060 725 8189
internal_count=10344 2155 2110 2060 725 8189
is_linear=0
shrinkage=0.05


Tree=203
num_leaves=7
num_cat=0
split_feature=6 6 12 0 12 12
split_gain=7444.57 29227.4 34450.5 27075.3 48100.1 41199.4
threshold=-0.074117382312902977 -0.46801505794253101 382.31935416666676 11.500000000000002 369.53723541666676 317.69626041666669
decision_type=2 2 2 2 2 2
left_child=1 -1 3 -3 5 -5
right_child=-2 2 -4 4 -6 -7
leaf_value=-0.030092206889151835 -0.034902267561619675 0.11656764688091428 -0.39587063975632192 1.1679034307980063 1.8351594187526239 0.10116760260425509
leaf_weight=3024 6168 492 168 132 72 288
leaf_count=3024 6168 492 168 132 72 288
internal_value=-4.44796e-10 0.051551 0.265865 0.378844 0.64112 0.436427
internal_weight=10344 4176 1152 984 492 420
internal_count=10344 4176 1152 984 492 420
is_linear=0
shrinkage=0.05


Tree=204
num_leaves=7
num_cat=0
split_feature=6 7 6 10 15 6
split_gain=7361.86 31058 18879.3 27037.2 22369.9 16764.5
threshold=0.98049069993378934 0.16587474750015932 0.91596454896554913 330.50410000000005 378.05510000000004 0.8697513045430848
decision_type=2 2 2 2 2 2
left_child=2 -2 5 -4 -5 -1
right_child=1 -3 3 4 -6 -7
leaf_value=-0.0056546822547082869 0.061916105285479084 1.3929529026150704 -0.1458561339218965 -0.31357787677714993 -1.9563490947335958 0.31351197176716394
leaf_weight=8640 504 48 637 43 40 432
leaf_count=8640 504 48 637 43 40 432
internal_value=3.58965e-10 0.177658 -0.0100151 -0.256456 -1.10527 0.00954373
internal_weight=10344 552 9792 720 83 9072
internal_count=10344 552 9792 720 83 9072
is_linear=0
shrinkage=0.05


Tree=205
num_leaves=7
num_cat=0
split_feature=12 13 11 12 0 9
split_gain=7252.9 9703.75 9337.98 27891.1 24968.8 70691.9
threshold=210.55205625000005 134.0837409048402 322.18150000000009 278.75852916666673 19.500000000000004 392.40175000000005
decision_type=2 2 2 2 2 2
left_child=-1 2 -2 -4 -5 -6
right_child=1 -3 3 4 5 -7
leaf_value=0.61319034280410667 0.037649427775659938 -0.71211713297913481 -0.46523406788473953 0.04875159141420559 -0.15797784560216735 -2.2771927700156258
leaf_weight=48 6377 48 384 2821 624 42
leaf_count=48 6377 48 384 2821 624 42
internal_value=3.01921e-11 -0.0028587 0.000463357 -0.0607962 -0.0162581 -0.291622
internal_weight=10344 10296 10248 3871 3487 666
internal_count=10344 10296 10248 3871 3487 666
is_linear=0
shrinkage=0.05


Tree=206
num_leaves=7
num_cat=0
split_feature=9 9 0 9 2 0
split_gain=7266.98 12339 10729.3 34181.6 28001.5 35601.6
threshold=437.66935000000007 424.42965000000004 12.500000000000002 205.31900000000005 4.5000000000000009 20.500000000000004
decision_type=2 2 2 2 2 2
left_child=1 2 -1 -4 5 -5
right_child=-2 -3 3 4 -6 -7
leaf_value=-0.046869872083072514 0.50056893401261837 -0.80329150184988984 1.4429754494096745 0.2222817753232941 -0.14868422135403028 -0.1470867363855953
leaf_weight=5538 72 48 44 2392 1353 897
leaf_count=5538 72 48 44 2392 1353 897
internal_value=-7.84849e-10 -0.00350866 0.000246187 0.0559288 0.0427814 0.121545
internal_weight=10344 10272 10224 4686 4642 3289
internal_count=10344 10272 10224 4686 4642 3289
is_linear=0
shrinkage=0.05


Tree=207
num_leaves=7
num_cat=0
split_feature=9 9 18 0 7 15
split_gain=6886.27 22304.5 19813.3 20777.4 75588.3 54498.1
threshold=259.98450000000008 257.79320000000007 100.93615000000001 10.500000000000002 -0.70289845916694649 343.38965000000007
decision_type=2 2 2 2 2 2
left_child=1 2 3 5 -5 -1
right_child=-2 -3 -4 4 -6 -7
leaf_value=-0.24102578012200146 0.017347750815505145 -0.60113138382633524 0.10028551236347993 1.6927234022710202 -0.46883936299338613 -2.236319136619568
leaf_weight=154 8760 192 960 52 182 44
leaf_count=154 8760 192 960 52 182 44
internal_value=3.88762e-10 -0.0959383 -0.0262565 -0.307461 0.0115079 -0.684424
internal_weight=10344 1584 1392 432 234 198
internal_count=10344 1584 1392 432 234 198
is_linear=0
shrinkage=0.05


Tree=208
num_leaves=7
num_cat=0
split_feature=15 15 19 11 2 14
split_gain=7103.33 15407.4 10776.7 23293.7 29667.2 39049.8
threshold=541.2509500000001 533.63000000000011 567.99785000000008 366.53165000000007 1.0000000180025095e-35 281.99270000000007
decision_type=2 2 2 2 2 2
left_child=1 2 -1 -4 -5 -6
right_child=-2 -3 3 4 5 -7
leaf_value=0.011985256070571874 0.23494875201274856 -0.90096681846771398 0.065723598746463982 0.29849566027019803 -0.082840583727951972 -1.3233672443032267
leaf_weight=9216 312 48 423 89 116 140
leaf_count=9216 312 48 423 89 116 140
internal_value=-2.50694e-10 -0.00730702 -0.00301058 -0.182961 -0.487869 -0.761254
internal_weight=10344 10032 9984 768 345 256
internal_count=10344 10032 9984 768 345 256
is_linear=0
shrinkage=0.05


Tree=209
num_leaves=7
num_cat=0
split_feature=17 17 10 17 9 17
split_gain=7141.85 39310.2 121382 13393.7 18144.6 36576.8
threshold=36.880573508586913 36.718546971592822 282.32470000000006 46.228613648430887 282.45505000000009 47.282748564255606
decision_type=2 2 2 2 2 2
left_child=1 -1 -3 -2 -5 -6
right_child=3 2 -4 4 5 -7
leaf_value=-0.02929296294689376 0.099896249867288137 0.41655197841381392 -3.189727312019095 -0.17374230814836639 -0.49959922729251094 0.061410286987588873
leaf_weight=1056 3072 56 40 1584 312 4224
leaf_count=1056 3072 56 40 1584 312 4224
internal_value=6.03645e-10 -0.117357 -1.08606 0.014708 -0.0280532 0.0228223
internal_weight=10344 1152 96 9192 6120 4536
internal_count=10344 1152 96 9192 6120 4536
is_linear=0
shrinkage=0.05


Tree=210
num_leaves=7
num_cat=0
split_feature=7 6 16 10 9 17
split_gain=7064.94 34380.1 23050 18686.5 55238.3 51575.6
threshold=0.42763731121559989 0.8697513045430848 318.82159583333339 372.00940000000008 398.86505000000005 51.34030846704831
decision_type=2 2 2 2 2 2
left_child=3 -2 -3 4 -1 -5
right_child=1 2 -4 5 -6 -7
leaf_value=-0.024492535727853596 0.017754473855836294 1.1257300111837685 -0.0058872441243794232 -0.7901319686281858 1.7959917643240519 0.27625356456454919
leaf_weight=5277 4368 120 72 269 42 196
leaf_count=5277 4368 120 72 269 42 196
internal_value=3.60285e-10 0.0465384 0.701374 -0.0366901 -0.0101176 -0.340645
internal_weight=10344 4560 192 5784 5319 465
internal_count=10344 4560 192 5784 5319 465
is_linear=0
shrinkage=0.05


Tree=211
num_leaves=7
num_cat=0
split_feature=13 13 13 0 7 6
split_gain=6949.62 8145.08 19966 25612.1 22364.3 40046.3
threshold=9.121711072834767 15.498743298772547 22.345356179534388 10.500000000000002 0.16587474750015932 0.93544191479114935
decision_type=2 2 2 2 2 2
left_child=-1 -2 3 -3 -5 -6
right_child=1 2 -4 4 5 -7
leaf_value=0.37829106825248648 -0.16103589078338701 -0.05163687004665421 -0.020051874999630563 0.080031906084521959 0.45295039192529823 1.9473904301627325
leaf_weight=120 768 572 8208 299 325 52
leaf_count=120 768 572 8208 299 325 52
internal_value=3.93316e-10 -0.00444004 0.00827841 0.194605 0.402963 0.65908
internal_weight=10344 10224 9456 1248 676 377
internal_count=10344 10224 9456 1248 676 377
is_linear=0
shrinkage=0.05


Tree=212
num_leaves=7
num_cat=0
split_feature=6 6 12 17 11 7
split_gain=6840.09 26360.1 30539.8 25740.2 29082.8 36350.6
threshold=-0.074117382312902977 -0.46801505794253101 382.31935416666676 48.344205346740956 361.05020000000007 0.88917497572200743
decision_type=2 2 2 2 2 2
left_child=1 -1 3 4 5 -3
right_child=-2 2 -4 -5 -6 -7
leaf_value=-0.028121266354931146 -0.033455279240162443 1.1124362738577875 -0.37010211657311415 0.23340517174404921 1.9157474403381347 -0.55505776480616376
leaf_weight=3024 6168 91 168 792 50 51
leaf_count=3024 6168 91 168 792 50 51
internal_value=-4.2931e-10 0.0494138 0.252943 0.359317 0.878704 0.513548
internal_weight=10344 4176 1152 984 192 142
internal_count=10344 4176 1152 984 192 142
is_linear=0
shrinkage=0.05


Tree=213
num_leaves=7
num_cat=0
split_feature=7 7 4 11 19 19
split_gain=6750.23 11904.5 11475.1 9362.74 14196.2 8244.76
threshold=0.99988440732898443 0.99681593486783593 0.12940952255126045 492.81720000000001 602.41545000000008 536.79520000000014
decision_type=2 2 2 2 2 2
left_child=1 3 -3 5 -5 -1
right_child=-2 2 -4 4 -6 -7
leaf_value=0.017449410010120112 0.59155999558667349 -0.7483466781675816 0.027437766980041158 0.93015458367087622 -0.20688159085334618 -0.11562507151587967
leaf_weight=8646 48 104 88 66 47 1345
leaf_count=8646 48 104 88 66 47 1345
internal_value=-5.54545e-10 -0.00275786 -0.392779 0.00465347 0.457228 -0.000465231
internal_weight=10344 10296 192 10104 113 9991
internal_count=10344 10296 192 10104 113 9991
is_linear=0
shrinkage=0.05


Tree=214
num_leaves=7
num_cat=0
split_feature=7 5 13 5 2 6
split_gain=6955.06 33934.4 30880.8 21635.8 18948.7 24397.7
threshold=-0.19337245081799007 -0.12940952255126037 77.831074539680671 -0.70710678118654757 1.0000000180025095e-35 0.89404822654372251
decision_type=2 2 2 2 2 2
left_child=1 -1 -3 4 5 -2
right_child=3 2 -4 -5 -6 -7
leaf_value=-0.2149426104616842 0.34757310816203246 0.1213946401954049 -0.89267252293916854 -0.021147838362726788 0.11842848862088616 1.6078878443998594
leaf_weight=1760 192 2002 78 4878 1386 48
leaf_count=1760 192 2002 78 4878 1386 48
internal_value=1.4142e-10 -0.0533582 0.0833671 0.031503 0.189455 0.599636
internal_weight=10344 3840 2080 6504 1626 240
internal_count=10344 3840 2080 6504 1626 240
is_linear=0
shrinkage=0.05


Tree=215
num_leaves=7
num_cat=0
split_feature=12 13 11 12 16 13
split_gain=7235.96 8686.24 9069.49 25561.4 22502.7 25118.5
threshold=210.55205625000005 134.0837409048402 322.18150000000009 278.75852916666673 282.16921130952386 78.009786898730354
decision_type=2 2 2 2 2 2
left_child=-1 2 -2 -4 -5 -6
right_child=1 -3 3 4 5 -7
leaf_value=0.61247394392266874 0.036935280526821573 -0.67389875852192449 -0.44726303449723065 0.79100174314032001 -0.065854020711538772 0.61119635992950494
leaf_weight=48 6377 48 384 84 3260 143
leaf_count=48 6377 48 384 84 3260 143
internal_value=5.74819e-10 -0.00285536 0.000287705 -0.0600847 -0.0174473 -0.0374032
internal_weight=10344 10296 10248 3871 3487 3403
internal_count=10344 10296 10248 3871 3487 3403
is_linear=0
shrinkage=0.05


Tree=216
num_leaves=7
num_cat=0
split_feature=10 13 11 9 14 15
split_gain=6939.35 9774.32 8697.56 24435.4 39658.9 29840.4
threshold=1.0000000180025095e-35 134.0837409048402 322.18150000000009 282.05545000000006 276.72510000000005 338.05185000000006
decision_type=2 2 2 2 2 2
left_child=-1 2 -2 4 -4 -5
right_child=1 -3 3 5 -6 -7
leaf_value=0.57065819857536626 0.036116473511305487 -0.73015174528826843 -0.2034871036976123 -0.51837355783901928 -1.6639550385426505 0.061552623557347003
leaf_weight=53 6389 46 905 242 49 2660
leaf_count=53 6389 46 905 242 49 2660
internal_value=5.25477e-10 -0.00293896 0.000326218 -0.0589746 -0.278501 0.0131921
internal_weight=10344 10291 10245 3856 954 2902
internal_count=10344 10291 10245 3856 954 2902
is_linear=0
shrinkage=0.05


Tree=217
num_leaves=7
num_cat=0
split_feature=7 6 12 10 9 17
split_gain=6681.08 30736.8 20977.8 17028 49315.4 46961.4
threshold=0.42763731121559989 0.8697513045430848 305.20965625000002 372.00940000000008 398.86505000000005 50.516164121146439
decision_type=2 2 2 2 2 2
left_child=3 -2 -3 4 -1 -5
right_child=1 2 -4 5 -6 -7
leaf_value=-0.02389596702988038 0.018040375939702348 1.3391434207972555 0.25959093462190747 -0.78579370924842218 1.6962206927083789 0.22308466220098846
leaf_weight=5277 4368 72 120 253 42 212
leaf_count=5277 4368 72 120 253 42 212
internal_value=-8.13952e-10 0.0452565 0.664423 -0.0356794 -0.0103135 -0.325832
internal_weight=10344 4560 192 5784 5319 465
internal_count=10344 4560 192 5784 5319 465
is_linear=0
shrinkage=0.05


Tree=218
num_leaves=7
num_cat=0
split_feature=4 14 9 2 13 18
split_gain=6728.87 25446.2 63472.3 27766.9 33246.8 28108.2
threshold=-0.37940952255126065 354.00470000000007 394.85475000000002 4.5000000000000009 35.020446363916058 246.61495000000002
decision_type=2 2 2 2 2 2
left_child=1 2 3 5 -5 -1
right_child=-2 -3 -4 4 -6 -7
leaf_value=0.20427503121067681 -0.03123722411669724 0.84337841699821792 -1.8352798920207556 0.036238717585802077 -0.55225199217235466 -0.27603717209755357
leaf_weight=2304 6465 99 45 720 360 351
leaf_count=2304 6465 99 45 720 360 351
internal_value=-1.73015e-10 0.052062 0.0313371 0.0538264 -0.159925 0.140776
internal_weight=10344 3879 3780 3735 1080 2655
internal_count=10344 3879 3780 3735 1080 2655
is_linear=0
shrinkage=0.05


Tree=219
num_leaves=7
num_cat=0
split_feature=12 14 10 16 6 19
split_gain=6752.97 8930.33 39255.8 36020.4 20735.9 14930.3
threshold=210.55205625000005 207.30400000000003 403.14735000000007 309.74649523809529 -0.43733984355855576 425.95925000000005
decision_type=2 2 2 2 2 2
left_child=-1 2 3 5 -5 -2
right_child=1 -3 -4 4 -6 -7
leaf_value=0.59167991268138098 -0.093000632827391946 0.014912165390029056 -1.4850948798890209 1.5656128871440889 0.29121418432863078 -0.56708265592114648
leaf_weight=48 840 9000 51 40 158 207
leaf_count=48 840 9000 51 40 158 207
internal_value=6.80229e-11 -0.00275841 -0.125471 -0.0697753 0.548668 -0.18673
internal_weight=10344 10296 1296 1245 198 1047
internal_count=10344 10296 1296 1245 198 1047
is_linear=0
shrinkage=0.05


Tree=220
num_leaves=7
num_cat=0
split_feature=9 9 4 11 7 13
split_gain=6477.7 12414.3 9904.25 24643.3 24620.9 36940.2
threshold=437.66935000000007 424.42965000000004 1.0000000180025095e-35 434.02505000000002 -0.6905596507703472 68.33285487965675
decision_type=2 2 2 2 2 2
left_child=1 2 4 -4 5 -1
right_child=-2 -3 3 -5 -6 -7
leaf_value=0.19631880563635848 0.4726041468584703 -0.80553403513816502 -0.038297333259408851 -1.2008255771968677 -0.0083234744926647033 1.6142191720505554
leaf_weight=1068 72 48 5066 46 3996 48
leaf_count=1068 72 48 5066 46 3996 48
internal_value=-1.30576e-10 -0.00331265 0.000453652 -0.0487583 0.0496656 0.257304
internal_weight=10344 10272 10224 5112 5112 1116
internal_count=10344 10272 10224 5112 5112 1116
is_linear=0
shrinkage=0.05


Tree=221
num_leaves=7
num_cat=0
split_feature=7 6 16 11 10 9
split_gain=6700.89 27662.3 19261.4 17281.2 15522.7 44137.8
threshold=0.42763731121559989 0.8697513045430848 318.82159583333339 281.58480000000003 372.00940000000008 398.86505000000005
decision_type=2 2 2 2 2 2
left_child=4 -2 3 -3 5 -1
right_child=1 2 -4 -5 -6 -7
leaf_value=-0.024363190104750049 0.019504436974740458 0.57223561882198637 -0.013821166236367491 1.8235558981119202 -0.31276308935255775 1.6029543831234887
leaf_weight=5277 4368 77 72 43 465 42
leaf_count=5277 4368 77 72 43 465 42
internal_value=-3.51485e-10 0.0453235 0.632708 1.02063 -0.0357322 -0.0115135
internal_weight=10344 4560 192 120 5784 5319
internal_count=10344 4560 192 120 5784 5319
is_linear=0
shrinkage=0.05


Tree=222
num_leaves=7
num_cat=0
split_feature=6 6 12 4 12 12
split_gain=6476 23768.2 26921.6 25298.6 39565.1 28616.9
threshold=-0.074117382312902977 -0.46801505794253101 382.31935416666676 -0.37940952255126065 369.53723541666676 317.69626041666669
decision_type=2 2 2 2 2 2
left_child=1 -1 3 4 5 -3
right_child=-2 2 -4 -5 -6 -7
leaf_value=-0.025543916924485894 -0.032552714225529286 1.158091715550182 -0.34362927802084459 0.14483971312369515 1.9189833937971681 0.13151415436770078
leaf_weight=3024 6168 99 168 615 54 216
leaf_count=3024 6168 99 168 615 54 216
internal_value=-7.84224e-11 0.0480807 0.241345 0.341219 0.668518 0.454153
internal_weight=10344 4176 1152 984 369 315
internal_count=10344 4176 1152 984 369 315
is_linear=0
shrinkage=0.05


Tree=223
num_leaves=7
num_cat=0
split_feature=12 12 12 18 12 12
split_gain=6361.92 21815.9 19728.9 28768.5 18843.7 27901.4
threshold=400.74789375000006 423.9938687500001 394.08561666666668 293.50970000000007 386.37306041666676 381.33431666666678
decision_type=2 2 2 2 2 2
left_child=2 -2 3 4 5 -1
right_child=1 -3 -4 -5 -6 -7
leaf_value=-0.003238525104218134 0.58130228010316687 -0.15120072613849686 -0.5889383735238678 0.99637043538192904 0.69027002795288972 -0.70449257743441407
leaf_weight=9480 192 216 144 72 96 144
leaf_count=9480 192 216 144 72 96 144
internal_value=3.75953e-12 0.193507 -0.00794592 0.000598085 -0.00677801 -0.0137311
internal_weight=10344 408 9936 9792 9720 9624
internal_count=10344 408 9936 9792 9720 9624
is_linear=0
shrinkage=0.05


Tree=224
num_leaves=7
num_cat=0
split_feature=11 11 9 17 17 4
split_gain=6261.13 6627.43 24907.3 40998.1 39917.6 47227.4
threshold=514.79450000000008 313.79815000000002 316.88320000000004 71.775494611918518 65.87929190170793 1.0000000180025095e-35
decision_type=2 2 2 2 2 2
left_child=1 -1 3 4 -3 -6
right_child=-2 2 -4 -5 5 -7
leaf_value=0.030797480352592541 0.44627808649570516 -0.16068816700141744 0.096493641498713381 0.54642566634075984 -0.19794503560320276 -2.2708472444117072
leaf_weight=5954 78 2279 1726 196 61 50
leaf_count=5954 78 2279 1726 196 61 50
internal_value=2.52026e-10 -0.00339077 -0.0505978 -0.148773 -0.205785 -1.13168
internal_weight=10344 10266 4312 2586 2390 111
internal_count=10344 10266 4312 2586 2390 111
is_linear=0
shrinkage=0.05


Tree=225
num_leaves=7
num_cat=0
split_feature=7 5 10 19 0 9
split_gain=6313.06 30876.3 26878.4 83301.6 21761.1 19044.6
threshold=-0.19337245081799007 0.1294095225512602 373.05660000000006 442.03130000000004 18.500000000000004 378.85180000000008
decision_type=2 2 2 2 2 2
left_child=1 -1 5 -4 -2 -3
right_child=4 2 3 -5 -6 -7
leaf_value=-0.18125505393110172 0.076930570857719038 0.14039721488164408 -2.1632962511135982 0.20720089612774151 -0.14826986632025047 1.2072800023611201
leaf_weight=2080 5149 1536 52 129 1355 43
leaf_count=2080 5149 1536 52 129 1355 43
internal_value=9.74545e-11 -0.0508359 0.103296 -0.473826 0.0300138 0.169451
internal_weight=10344 3840 1760 181 6504 1579
internal_count=10344 3840 1760 181 6504 1579
is_linear=0
shrinkage=0.05


Tree=226
num_leaves=7
num_cat=0
split_feature=4 11 17 10 17 15
split_gain=6286.54 11833.6 10466.5 20130.9 11005.1 9072.13
threshold=0.78656609248549325 406.94650000000007 76.355690736913957 310.83260000000001 57.055928747171258 424.46060000000006
decision_type=2 2 2 2 2 2
left_child=-1 2 4 -4 -2 -6
right_child=1 -3 3 -5 5 -7
leaf_value=0.019995847354076616 -0.08881017022402142 -0.91731339764735864 0.047998301071279191 -1.2661232480815814 -0.019430731047847958 0.47468370223045353
leaf_weight=8189 1622 41 68 51 198 175
leaf_count=8189 1622 41 68 51 198 175
internal_value=1.01887e-09 -0.0759842 -0.059667 -0.515197 -0.0324951 0.212392
internal_weight=10344 2155 2114 119 1995 373
internal_count=10344 2155 2114 119 1995 373
is_linear=0
shrinkage=0.05


Tree=227
num_leaves=7
num_cat=0
split_feature=19 10 16 19 6 10
split_gain=6128.18 26019.5 9240.37 24241.7 39674.5 59358
threshold=340.96175000000005 302.57975000000005 289.45278511904769 429.46955000000008 0.22700754078277605 318.30175000000008
decision_type=2 2 2 2 2 2
left_child=1 -1 -2 4 -4 -6
right_child=2 -3 3 -5 5 -7
leaf_value=-0.046114285711650022 0.089050694784792175 -1.3568251704060756 -0.12015220563676532 0.019665301933616763 -0.35114812590912281 -2.5845454394817353
leaf_weight=317 2568 43 1104 6168 102 42
leaf_count=317 2568 43 1104 6168 102 42
internal_value=3.20175e-10 -0.202671 0.00730786 -0.0209979 -0.221968 -1.00256
internal_weight=10344 360 9984 7416 1248 144
internal_count=10344 360 9984 7416 1248 144
is_linear=0
shrinkage=0.05


Tree=228
num_leaves=7
num_cat=0
split_feature=4 2 9 6 14 19
split_gain=6220.31 23884.7 27035.4 25673 36532 34450.2
threshold=-0.37940952255126065 4.5000000000000009 424.42965000000004 0.73283908552571653 222.00575000000003 431.64330000000007
decision_type=2 2 2 2 2 2
left_child=1 2 3 4 -1 -6
right_child=-2 -3 -4 -5 5 -7
leaf_value=0.71174327981881591 -0.030033599658824552 -0.14516568990861564 -1.0866188698344761 -0.10695303857662819 -0.23441548866141682 0.28151209737277694
leaf_weight=342 6465 1116 45 720 441 1215
leaf_count=342 6465 1116 45 720 441 1215
internal_value=8.2776e-11 0.050056 0.128908 0.149032 0.241279 0.144118
internal_weight=10344 3879 2763 2718 1998 1656
internal_count=10344 3879 2763 2718 1998 1656
is_linear=0
shrinkage=0.05


Tree=229
num_leaves=7
num_cat=0
split_feature=0 9 6 14 2 4
split_gain=6194.04 22288.4 13123.3 12484.5 11696.4 10260.1
threshold=21.500000000000004 354.90760000000006 0.65233619298682533 222.00575000000003 3.5000000000000004 1.0000000180025095e-35
decision_type=2 2 2 2 2 2
left_child=5 2 3 -2 -3 -1
right_child=1 4 -4 -5 -6 -7
leaf_value=0.068641122203355928 0.64812457906928933 -1.3332360027564896 -0.33564277465119963 -0.00578339400170284 -0.22071098816536724 -0.035813535987076969
leaf_weight=4310 88 54 250 428 42 5172
leaf_count=4310 88 54 250 428 42 5172
internal_value=-4.04027e-11 -0.128324 -0.0383173 0.105736 -0.846506 0.0116659
internal_weight=10344 862 766 516 96 9482
internal_count=10344 862 766 516 96 9482
is_linear=0
shrinkage=0.05


Tree=230
num_leaves=7
num_cat=0
split_feature=14 10 15 0 6 10
split_gain=6206.9 27288.6 29930.3 11111 67825 61938
threshold=207.30400000000003 403.14735000000007 436.69680000000005 10.500000000000002 -0.16799356919963607 304.88340000000005
decision_type=2 2 2 2 2 2
left_child=1 2 3 5 -5 -1
right_child=-2 -3 -4 4 -6 -7
leaf_value=-0.15035632198607762 0.014967228145602472 -1.1611104794617357 0.63500229717357781 1.7350625910151465 -0.15197959041041612 -2.1969216681085526
leaf_weight=488 9000 58 141 52 565 40
leaf_count=488 9000 58 141 52 565 40
internal_value=3.57741e-10 -0.100227 -0.05238 -0.137027 0.007058 -0.305399
internal_weight=10344 1344 1286 1145 617 528
internal_count=10344 1344 1286 1145 617 528
is_linear=0
shrinkage=0.05


Tree=231
num_leaves=7
num_cat=0
split_feature=9 9 12 15 19 15
split_gain=6178.16 10815.9 8494.67 11422.2 13738.8 32453.6
threshold=437.66935000000007 424.42965000000004 441.20502500000009 541.2509500000001 536.79520000000014 432.08595000000008
decision_type=2 2 2 2 2 2
left_child=1 2 3 4 -1 -6
right_child=-2 -3 -4 -5 5 -7
leaf_value=0.016745323453304754 0.46154752336442473 -0.75203233609596898 -0.66331108522911864 0.3854059241585977 0.067481430774279996 -0.47937449818826283
leaf_weight=8880 72 48 48 192 624 480
leaf_count=8880 72 48 48 192 624 480
internal_value=8.0744e-11 -0.00323515 0.000280334 0.00341048 -0.00393558 -0.170282
internal_weight=10344 10272 10224 10176 9984 1104
internal_count=10344 10272 10224 10176 9984 1104
is_linear=0
shrinkage=0.05


Tree=232
num_leaves=7
num_cat=0
split_feature=7 7 0 9 13 7
split_gain=6028.6 10745.2 10852.7 9661.61 8262 24167.1
threshold=0.99988440732898443 0.99681593486783593 12.500000000000002 313.46935000000008 22.345356179534388 -0.065537083312030994
decision_type=2 2 2 2 2 2
left_child=1 4 -3 -4 5 -1
right_child=-2 2 3 -5 -6 -7
leaf_value=-0.15257132877983776 0.55904625232021021 -0.027358348739261813 -0.25790526424541232 -1.3057175258343872 -0.01847337377576792 0.21254620189369047
leaf_weight=672 48 104 44 44 8040 1392
leaf_count=672 48 104 44 44 8040 1392
internal_value=3.88415e-10 -0.00260628 -0.373149 -0.781811 0.00443492 0.0936707
internal_weight=10344 10296 192 88 10104 2064
internal_count=10344 10296 192 88 10104 2064
is_linear=0
shrinkage=0.05


Tree=233
num_leaves=7
num_cat=0
split_feature=6 6 5 6 15 10
split_gain=5825.08 24520.2 16252.1 14421.9 37665 38124.3
threshold=0.98049069993378934 0.98667101781630195 1.0000000180025095e-35 0.90162119223771331 378.05510000000004 321.29625000000004
decision_type=2 2 2 2 2 2
left_child=3 2 -2 -1 -5 -6
right_child=1 -3 -4 4 5 -7
leaf_value=0.0099680702768868736 1.5348826100428901 0.0051285292510057619 0.23375583517675602 -0.041774809783747445 -0.2850436500703486 -1.8360684625804424
leaf_weight=8928 48 456 48 696 104 64
leaf_count=8928 48 456 48 696 104 64
internal_value=-2.59175e-10 0.158031 0.884319 -0.00890863 -0.203968 -0.87591
internal_weight=10344 552 96 9792 864 168
internal_count=10344 552 96 9792 864 168
is_linear=0
shrinkage=0.05


Tree=234
num_leaves=7
num_cat=0
split_feature=11 11 15 7 5 4
split_gain=5821.91 8673.86 7718.88 6421.59 26790.3 23328.7
threshold=1.0000000180025095e-35 211.72195000000002 325.54775000000001 -0.79382744783423187 -0.60355339059327384 0.78656609248549325
decision_type=2 2 2 2 2 2
left_child=-1 2 -2 4 -3 -6
right_child=1 3 -4 -5 5 -7
leaf_value=0.52269599685129131 0.023507847443900328 -0.21750504188751896 -0.77055016445076996 -0.015891420024852689 0.34669849177625545 -0.13037347799840093
leaf_weight=53 55 509 69 8393 908 357
leaf_count=53 55 509 69 8393 908 357
internal_value=2.31391e-10 -0.00269195 -0.418347 0.00237751 0.0888099 0.212062
internal_weight=10344 10291 124 10167 1774 1265
internal_count=10344 10291 124 10167 1774 1265
is_linear=0
shrinkage=0.05


Tree=235
num_leaves=7
num_cat=0
split_feature=0 9 6 14 11 0
split_gain=5877.79 20073.9 11457.8 10744.9 10411.2 9206.77
threshold=21.500000000000004 354.90760000000006 0.65233619298682533 222.00575000000003 326.15960000000001 12.500000000000002
decision_type=2 2 2 2 2 2
left_child=5 2 3 -2 -3 -1
right_child=1 4 -4 -5 -6 -7
leaf_value=-0.029630148399768519 0.59820019664581536 -0.22849571933579998 -0.31740537962466481 -0.0084433497325734838 -1.2755841893969844 0.070578108106089887
leaf_weight=5603 88 43 250 428 53 3879
leaf_count=5603 88 43 250 428 53 3879
internal_value=5.83202e-11 -0.125006 -0.0395868 0.0950152 -0.806576 0.0113641
internal_weight=10344 862 766 516 96 9482
internal_count=10344 862 766 516 96 9482
is_linear=0
shrinkage=0.05


Tree=236
num_leaves=7
num_cat=0
split_feature=12 12 12 18 12 12
split_gain=5846.54 17935.4 17581.5 25381.7 16261.8 24517
threshold=400.74789375000006 423.9938687500001 394.08561666666668 293.50970000000007 386.37306041666676 381.33431666666678
decision_type=2 2 2 2 2 2
left_child=2 -2 3 4 5 -1
right_child=1 -3 -4 -5 -6 -7
leaf_value=-0.0031035098806461076 0.53712166407300788 -0.12704703980815354 -0.55607962652387266 0.93577028817186747 0.64105510609224448 -0.66045282115745874
leaf_weight=9480 192 216 144 72 96 144
leaf_count=9480 192 216 144 72 96 144
internal_value=3.57893e-10 0.185503 -0.00761727 0.000448353 -0.00647996 -0.0129392
internal_weight=10344 408 9936 9792 9720 9624
internal_count=10344 408 9936 9792 9720 9624
is_linear=0
shrinkage=0.05


Tree=237
num_leaves=7
num_cat=0
split_feature=11 9 17 17 4 9
split_gain=5741.22 22168.3 33220.4 27750.3 50471.1 27182
threshold=313.79815000000002 314.11970000000002 71.775494611918518 65.87929190170793 1.0000000180025095e-35 313.14480000000009
decision_type=2 2 2 2 2 2
left_child=-1 2 3 5 -5 -2
right_child=1 -3 -4 4 -6 -7
leaf_value=0.031985677088089012 -0.12697260048431069 0.08584288799553795 0.47039350302634286 -0.048452644005640227 -2.1476909915208817 -1.2629333842545749
leaf_weight=5954 2125 1890 204 67 50 54
leaf_count=5954 2125 1890 204 67 50 54
internal_value=-1.15227e-10 -0.043381 -0.141074 -0.195403 -0.945563 -0.155124
internal_weight=10344 4390 2500 2296 117 2179
internal_count=10344 4390 2500 2296 117 2179
is_linear=0
shrinkage=0.05


Tree=238
num_leaves=7
num_cat=0
split_feature=14 10 16 6 10 9
split_gain=5724.18 25196.4 27727.4 16963.1 12580.9 72498.8
threshold=207.30400000000003 403.14735000000007 309.74649523809529 -0.43733984355855576 299.20795000000004 282.05545000000006
decision_type=2 2 2 2 2 2
left_child=1 2 4 -4 -1 -6
right_child=-2 -3 3 -5 5 -7
leaf_value=-0.0639633741520476 0.014373443271826384 -1.1156532847418867 1.413750138282776 0.26110120811794379 -2.0782286397836827 0.032432874007658527
leaf_weight=869 9000 58 40 158 54 165
leaf_count=869 9000 58 40 158 54 165
internal_value=8.41231e-11 -0.0962507 -0.0502746 0.49396 -0.149317 -0.488004
internal_weight=10344 1344 1286 198 1088 219
internal_count=10344 1344 1286 198 1088 219
is_linear=0
shrinkage=0.05


Tree=239
num_leaves=7
num_cat=0
split_feature=12 14 16 10 9 10
split_gain=5782.63 8390.42 34825.7 76452.2 27646.3 52732.1
threshold=210.55205625000005 187.84795000000003 324.96435297619053 351.30015000000009 335.66040000000004 302.57975000000005
decision_type=2 2 2 2 2 2
left_child=-1 2 3 4 5 -2
right_child=1 -3 -4 -5 -6 -7
leaf_value=0.54752263591314365 0.027742063947792713 0.0081905161996205095 0.47630540429769708 -2.1265746344273029 0.93644699978828427 -1.5466842379259027
leaf_weight=48 232 9744 144 57 50 69
leaf_count=48 232 9744 144 57 50 69
internal_value=-3.05698e-10 -0.00255255 -0.192191 -0.428131 -0.152315 -0.333173
internal_weight=10344 10296 552 408 351 301
internal_count=10344 10296 552 408 351 301
is_linear=0
shrinkage=0.05


Tree=240
num_leaves=7
num_cat=0
split_feature=18 18 13 11 11 19
split_gain=5440.81 30954.2 28860.6 24578.8 15865.8 18120.8
threshold=246.16770000000002 245.14305000000004 46.878451679524481 355.48430000000008 305.42515000000003 527.92145000000016
decision_type=2 2 2 2 2 2
left_child=1 -1 3 -3 -2 -6
right_child=4 2 -4 -5 5 -7
leaf_value=-0.0084546809226171606 0.1818901509708524 0.55222610738045275 0.016770430511061217 1.8977711103856565 -0.44923865310481637 -0.03437058464167702
leaf_weight=8256 408 224 264 40 407 745
leaf_count=8256 408 224 264 40 407 745
internal_value=4.49617e-10 0.0152818 0.386433 0.756097 -0.0860481 -0.180943
internal_weight=10344 8784 528 264 1560 1152
internal_count=10344 8784 528 264 1560 1152
is_linear=0
shrinkage=0.05


Tree=241
num_leaves=7
num_cat=0
split_feature=9 9 19 9 0 2
split_gain=5435.82 9800 8261.43 12116.1 9261.5 28839.2
threshold=437.66935000000007 424.42965000000004 658.72730000000013 297.06045 12.500000000000002 4.5000000000000009
decision_type=2 2 2 2 2 2
left_child=1 2 4 -4 -1 -6
right_child=-2 -3 3 -5 5 -7
leaf_value=-0.038824170705326407 0.43293200549152167 -0.7157977044271927 -0.0018938066230879888 -1.0274380713080367 0.13695202537399725 -0.13808491181029803
leaf_weight=5473 72 48 72 48 3289 1342
leaf_count=5473 72 48 72 48 3289 1342
internal_value=6.39853e-10 -0.00303457 0.000311736 -0.412112 0.00520987 0.0572501
internal_weight=10344 10272 10224 120 10104 4631
internal_count=10344 10272 10224 120 10104 4631
is_linear=0
shrinkage=0.05


Tree=242
num_leaves=7
num_cat=0
split_feature=0 9 6 2 14 0
split_gain=5634.96 18160.3 10254 9886.29 9495.62 8254.8
threshold=21.500000000000004 354.90760000000006 0.65233619298682533 3.5000000000000004 222.00575000000003 12.500000000000002
decision_type=2 2 2 2 2 2
left_child=5 2 4 -3 -2 -1
right_child=1 3 -4 -5 -6 -7
leaf_value=-0.027690162477890495 0.559212816472758 -1.2181523024483965 -0.30396984653472903 -0.19532870785111475 -0.011073986323611271 0.067196032280303089
leaf_weight=5603 88 54 250 42 428 3879
leaf_count=5603 88 54 250 42 428 3879
internal_value=-1.10293e-10 -0.122396 -0.0411507 -0.770667 0.0861842 0.0111269
internal_weight=10344 862 766 96 516 9482
internal_count=10344 862 766 96 516 9482
is_linear=0
shrinkage=0.05


Tree=243
num_leaves=7
num_cat=0
split_feature=11 9 13 9 12 13
split_gain=5512.88 20662.1 34197.8 38622.2 37700.4 29042.3
threshold=313.79815000000002 282.05545000000006 20.266661485179164 237.29835000000003 278.75852916666673 44.206261712450264
decision_type=2 2 2 2 2 2
left_child=-1 2 4 -4 -2 -5
right_child=1 -3 3 5 -6 -7
leaf_value=0.031343171075260974 -0.090813626936421948 0.02032693465160116 1.0287101284965225 -0.3222080913679044 1.2890076404108721 -1.1099196879586704
leaf_weight=5954 182 3287 46 665 68 142
leaf_count=5954 182 3287 46 665 68 142
internal_value=3.56582e-10 -0.0425096 -0.229766 -0.380488 0.284498 -0.460814
internal_weight=10344 4390 1103 853 250 807
internal_count=10344 4390 1103 853 250 807
is_linear=0
shrinkage=0.05


Tree=244
num_leaves=7
num_cat=0
split_feature=7 7 0 9 11 19
split_gain=5407.53 8869.2 9940.26 8476.31 6997.24 13087.7
threshold=0.99988440732898443 0.99681593486783593 12.500000000000002 313.46935000000008 492.81720000000001 602.41545000000008
decision_type=2 2 2 2 2 2
left_child=1 4 -3 -4 -1 -6
right_child=-2 2 3 -5 5 -7
leaf_value=-0.00049637617969652153 0.52946674066285293 -0.0081797465395468932 -0.23950197488408198 -1.220938058874824 0.84926322698593149 -0.24247720609319973
leaf_weight=9991 48 104 44 44 66 47
leaf_count=9991 48 104 44 44 66 47
internal_value=-1.63413e-10 -0.00246838 -0.339115 -0.73022 0.00392871 0.395176
internal_weight=10344 10296 192 88 10104 113
internal_count=10344 10296 192 88 10104 113
is_linear=0
shrinkage=0.05


Tree=245
num_leaves=7
num_cat=0
split_feature=6 5 15 6 15 5
split_gain=5304.8 22925.5 20828.2 12513.3 33904.7 35938.6
threshold=0.98049069993378934 -0.9159756150367534 367.19505000000009 0.90162119223771331 378.05510000000004 -0.5
decision_type=2 2 2 2 2 2
left_child=3 -2 -3 -1 -5 -6
right_child=1 2 -4 4 5 -7
leaf_value=0.0090818258073491354 1.003337483647941 0.31699087497924933 -0.34534469433483628 -0.036311638558647413 -1.8619303651154042 -0.31060661148512736
leaf_weight=8928 69 273 210 696 56 112
leaf_count=8928 69 273 210 696 56 112
internal_value=8.57417e-10 0.150809 0.0290189 -0.00850147 -0.190196 -0.827715
internal_weight=10344 552 483 9792 864 168
internal_count=10344 552 483 9792 864 168
is_linear=0
shrinkage=0.05


Tree=246
num_leaves=7
num_cat=0
split_feature=9 9 18 11 10 14
split_gain=5420.02 18531.8 15357.5 18143.1 97951.1 46599.6
threshold=259.98450000000008 257.79320000000007 100.93615000000001 341.66090000000003 302.57975000000005 230.25030000000001
decision_type=2 2 2 2 2 2
left_child=1 2 3 4 -1 -5
right_child=-2 -3 -4 5 -6 -7
leaf_value=-0.1239592475199921 0.015390463741910835 -0.54560373770849158 0.089810055622171314 1.4140709965356759 -2.7316250022955058 -0.80180701369662644
leaf_weight=296 8760 192 960 49 41 46
leaf_count=296 8760 192 960 49 41 46
internal_value=-7.75661e-10 -0.0851139 -0.0215981 -0.269172 -0.441212 0.34112
internal_weight=10344 1584 1392 432 337 95
internal_count=10344 1584 1392 432 337 95
is_linear=0
shrinkage=0.05


Tree=247
num_leaves=7
num_cat=0
split_feature=11 11 15 16 19 6
split_gain=5484.49 7852.4 6962.55 6111.98 21398.9 32782.6
threshold=1.0000000180025095e-35 211.72195000000002 325.54775000000001 289.45278511904769 429.46955000000008 0.94138322595482449
decision_type=2 2 2 2 2 2
left_child=-1 2 -2 -3 5 -5
right_child=1 3 -4 4 -6 -7
leaf_value=0.50732322492689463 0.021553308902816343 0.065000469286604814 -0.73259886440591537 -0.15959234656648763 0.01662718820305692 -1.4923482805490496
leaf_weight=53 55 2806 69 1191 6122 48
leaf_count=53 55 2806 69 1191 6122 48
internal_value=1.96931e-10 -0.00261278 -0.398096 0.00221066 -0.0217247 -0.211225
internal_weight=10344 10291 124 10167 7361 1239
internal_count=10344 10291 124 10167 7361 1239
is_linear=0
shrinkage=0.05


Tree=248
num_leaves=7
num_cat=0
split_feature=0 9 6 11 14 9
split_gain=5267.1 23718.6 21830.2 17113.4 15413.3 10174.1
threshold=20.500000000000004 393.29170000000005 0.65233619298682533 330.01170000000008 222.00575000000003 381.54325000000006
decision_type=2 2 2 2 2 2
left_child=5 2 4 -4 -2 -1
right_child=1 -3 3 -5 -6 -7
leaf_value=0.0021012741663679222 0.56963684381782143 -1.263140865947519 -0.22012129090541249 -1.1200876207933541 -0.0070107798447592885 0.26034031025691889
leaf_weight=8652 138 42 327 63 723 399
leaf_count=8652 138 42 327 63 723 399
internal_value=-1.0327e-11 -0.0943975 -0.0551591 -0.3655 0.0854136 0.0134854
internal_weight=10344 1293 1251 390 861 9051
internal_count=10344 1293 1251 390 861 9051
is_linear=0
shrinkage=0.05


Tree=249
num_leaves=7
num_cat=0
split_feature=17 17 10 14 17 16
split_gain=5215.34 28565 101709 12016.6 11947.1 16810.7
threshold=36.880573508586913 36.718546971592822 282.32470000000006 252.79290000000003 46.228613648430887 325.3110175595238
decision_type=2 2 2 2 2 2
left_child=1 3 -3 -1 5 -2
right_child=4 2 -4 -5 -6 -7
leaf_value=0.041803736443909112 0.13401397665272766 0.44941455207632058 -2.8517085289396347 -0.44968600318922358 -0.02781746841496309 -0.24073940272321037
leaf_weight=912 2736 56 40 144 6120 336
leaf_count=912 2736 56 40 144 6120 336
internal_value=-8.65857e-10 -0.100287 -0.926053 -0.0252176 0.0125686 0.0930253
internal_weight=10344 1152 96 1056 9192 3072
internal_count=10344 1152 96 1056 9192 3072
is_linear=0
shrinkage=0.05


Tree=250
num_leaves=7
num_cat=0
split_feature=14 10 15 14 18 10
split_gain=5313.14 22870.2 23876 11755 17451 22893.3
threshold=207.30400000000003 403.14735000000007 436.69680000000005 201.58345000000003 100.93615000000001 294.64560000000006
decision_type=2 2 2 2 2 2
left_child=1 2 3 4 5 -1
right_child=-2 -3 -4 -5 -6 -7
leaf_value=0.019899863951907654 0.013847767763064057 -1.063937281123523 0.56500852418706771 -0.40088875290821308 0.23344505726877185 -0.69644478623419115
leaf_weight=328 9000 58 141 288 360 169
leaf_count=328 9000 58 141 288 360 169
internal_value=-4.10419e-10 -0.0927306 -0.0489281 -0.124531 -0.031659 -0.223686
internal_weight=10344 1344 1286 1145 857 497
internal_count=10344 1344 1286 1145 857 497
is_linear=0
shrinkage=0.05


Tree=251
num_leaves=7
num_cat=0
split_feature=12 14 16 10 9 19
split_gain=5160.02 7047.6 29449.9 67473.1 24349.7 20104.7
threshold=210.55205625000005 187.84795000000003 324.96435297619053 351.30015000000009 251.68335000000005 472.26935000000003
decision_type=2 2 2 2 2 2
left_child=-1 2 3 4 -2 -6
right_child=1 -3 -4 -5 5 -7
leaf_value=0.51720790920468673 -0.99946151637669767 0.0074347185927219747 0.43852627347740863 -1.988771373190378 0.25533145488817482 -0.86680803348620739
leaf_weight=48 66 9744 144 57 237 48
leaf_count=48 66 9744 144 57 237 48
internal_value=1.77736e-10 -0.00241123 -0.176214 -0.393181 -0.134067 0.0663395
internal_weight=10344 10296 552 408 351 285
internal_count=10344 10296 552 408 351 285
is_linear=0
shrinkage=0.05


Tree=252
num_leaves=7
num_cat=0
split_feature=4 2 7 11 14 17
split_gain=5140.69 8430.22 12091.9 7165.18 9443.82 7640.12
threshold=-0.98296291314453399 4.5000000000000009 0.689015599449598 361.05020000000007 241.13955000000001 39.45595963255613
decision_type=2 2 2 2 2 2
left_child=1 2 3 5 -5 -1
right_child=-2 -3 -4 4 -6 -7
leaf_value=-0.17134424993260342 -0.0073497524023402871 -0.17889964567617544 0.77129424931001422 -0.81281621098518375 0.21342491560852994 0.65857639250159261
leaf_weight=44 9913 124 97 40 51 75
leaf_count=44 9913 124 97 40 51 75
internal_value=-4.59006e-10 0.169044 0.309582 0.0963148 -0.23767 0.351715
internal_weight=10344 431 307 210 91 119
internal_count=10344 431 307 210 91 119
is_linear=0
shrinkage=0.05


Tree=253
num_leaves=7
num_cat=0
split_feature=13 13 13 0 17 19
split_gain=5112.89 8105.85 15312.7 16734.3 19002.1 13101.6
threshold=9.121711072834767 15.498743298772547 17.91780487682086 10.500000000000002 42.345627215835549 480.09025000000008
decision_type=2 2 2 2 2 2
left_child=-1 -2 3 -3 -5 -6
right_child=1 2 -4 4 5 -7
leaf_value=0.32447309086720155 -0.16002670262926888 -0.040683544985949997 -0.0042110797211068326 0.0047949215707679595 1.4017855119628786 0.37718611657619477
leaf_weight=120 768 176 9072 78 78 52
leaf_count=120 768 176 9072 78 78 52
internal_value=-3.85251e-10 -0.00380837 0.00887941 0.318142 0.621764 0.991946
internal_weight=10344 10224 9456 384 208 130
internal_count=10344 10224 9456 384 208 130
is_linear=0
shrinkage=0.05


Tree=254
num_leaves=7
num_cat=0
split_feature=6 6 9 11 6 10
split_gain=4981.93 20601.2 22932.2 26896.9 24585.8 21826.7
threshold=-0.074117382312902977 -0.46801505794253101 309.66035000000005 398.40555000000006 -0.30983472475487867 325.4269000000001
decision_type=2 2 2 2 2 2
left_child=1 -1 3 4 -3 -6
right_child=-2 2 -4 -5 5 -7
leaf_value=-0.026373053301751267 -0.028551742213235184 1.1029362589813942 0.086142244018126465 1.7652073616073247 0.41150121449756982 -0.81265245902538297
leaf_weight=3024 6168 86 840 42 134 50
leaf_count=3024 6168 86 840 42 134 50
internal_value=-6.69875e-10 0.0421712 0.2221 0.58814 0.405041 0.0788508
internal_weight=10344 4176 1152 312 270 184
internal_count=10344 4176 1152 312 270 184
is_linear=0
shrinkage=0.05


Tree=255
num_leaves=7
num_cat=0
split_feature=11 11 15 17 19 17
split_gain=5005.39 7173.38 6204.76 5466.31 30397.6 24384.3
threshold=1.0000000180025095e-35 211.72195000000002 325.54775000000001 50.319901838252356 536.79520000000014 50.613933043299234
decision_type=2 2 2 2 2 2
left_child=-1 2 -2 4 -3 -5
right_child=1 3 -4 5 -6 -7
leaf_value=0.48465822125380892 0.015661489773880353 0.047991520222664848 -0.69626881065575974 -0.59030713456644057 -0.98596908281453788 -0.014435958304635916
leaf_weight=53 55 5587 69 192 72 4316
leaf_count=53 55 5587 69 192 72 4316
internal_value=3.25849e-10 -0.00249605 -0.380493 0.00211412 0.0348363 -0.0389629
internal_weight=10344 10291 124 10167 5659 4508
internal_count=10344 10291 124 10167 5659 4508
is_linear=0
shrinkage=0.05


Tree=256
num_leaves=7
num_cat=0
split_feature=7 5 13 13 5 15
split_gain=5007.44 25973.2 25862.5 18861.2 18547 16770.6
threshold=-0.19337245081799007 -0.12940952255126037 77.831074539680671 77.831074539680671 -0.70710678118654757 342.99115
decision_type=2 2 2 2 2 2
left_child=1 3 5 -1 -2 -3
right_child=4 2 -4 -5 -6 -7
leaf_value=-0.21894850002633631 0.17297432874627228 -0.064782772613950851 -0.81887799270140627 0.64260591749440543 -0.022017298873550976 0.22955238028765607
leaf_weight=1694 1626 819 78 66 4878 1183
leaf_count=1694 1626 819 78 66 4878 1183
internal_value=-2.10263e-10 -0.045275 0.0743418 -0.18664 0.0267306 0.109143
internal_weight=10344 3840 2080 1760 6504 2002
internal_count=10344 3840 2080 1760 6504 2002
is_linear=0
shrinkage=0.05


Tree=257
num_leaves=7
num_cat=0
split_feature=0 9 6 11 14 9
split_gain=4942.52 20940.7 19142.3 15217.5 13827.1 10104.1
threshold=20.500000000000004 393.29170000000005 0.65233619298682533 330.01170000000008 222.00575000000003 347.98665000000005
decision_type=2 2 2 2 2 2
left_child=-1 2 4 -4 -2 -6
right_child=1 -3 3 -5 5 -7
leaf_value=0.013063236672654056 0.53569110207414883 -1.189615393181642 -0.20809153373316158 -1.0567427757240477 0.069125369355216432 -0.44937735672469614
leaf_weight=9051 138 42 327 63 612 111
leaf_count=9051 138 42 327 63 612 111
internal_value=-6.04758e-10 -0.0914427 -0.0545736 -0.345181 0.0770606 -0.0104788
internal_weight=10344 1293 1251 390 861 723
internal_count=10344 1293 1251 390 861 723
is_linear=0
shrinkage=0.05


Tree=258
num_leaves=7
num_cat=0
split_feature=9 9 19 9 0 2
split_gain=4992.84 7778.75 7863.08 10664.1 8642.63 26474.1
threshold=437.66935000000007 424.42965000000004 658.72730000000013 297.06045 12.500000000000002 4.5000000000000009
decision_type=2 2 2 2 2 2
left_child=1 2 4 -4 -1 -6
right_child=-2 -3 3 -5 5 -7
leaf_value=-0.037685791297726236 0.41491645731859744 -0.63792811774959168 -0.017429967247880995 -0.9795658795783917 0.13148690073901839 -0.13203084758561295
leaf_weight=5473 72 48 72 48 3289 1342
leaf_count=5473 72 48 72 48 3289 1342
internal_value=-1.24552e-10 -0.00290829 7.30207e-05 -0.402284 0.00485161 0.0551231
internal_weight=10344 10272 10224 120 10104 4631
internal_count=10344 10272 10224 120 10104 4631
is_linear=0
shrinkage=0.05


Tree=259
num_leaves=7
num_cat=0
split_feature=11 13 13 9 9 14
split_gain=5310.58 27357.5 39775.8 32957.9 20466.7 29156.5
threshold=318.66635000000002 78.009786898730354 77.468135043253696 252.41620000000003 314.11970000000002 224.81820000000002
decision_type=2 2 2 2 2 2
left_child=-1 2 3 -2 -5 -6
right_child=1 -3 -4 4 5 -7
leaf_value=0.028855029214526109 -0.80994786968321675 0.53495077593156048 -1.6225781993531598 -0.13339820879770287 1.066488043308258 0.057271286199463416
leaf_weight=6274 140 194 41 2057 75 1563
leaf_count=6274 140 194 41 2057 75 1563
internal_value=3.84236e-10 -0.0444807 -0.0734822 -0.0569208 -0.0283893 0.103481
internal_weight=10344 4070 3876 3835 3695 1638
internal_count=10344 4070 3876 3835 3695 1638
is_linear=0
shrinkage=0.05


Tree=260
num_leaves=7
num_cat=0
split_feature=19 9 6 19 9 15
split_gain=4919.09 20304.9 19181.1 20190.8 31136.1 34255.9
threshold=429.46955000000008 356.93540000000002 -0.95244167294248061 480.09025000000008 269.42765000000003 403.05030000000005
decision_type=2 2 2 2 2 2
left_child=1 -1 -2 4 -4 -6
right_child=2 -3 3 -5 5 -7
leaf_value=-0.03193802684765331 -0.59979192361856504 -1.0667983442544937 -0.31602396833311236 -0.042348748679298352 0.39398217987072964 0.025980533403463592
leaf_weight=3792 120 48 336 3504 1176 1368
leaf_count=3792 120 48 336 3504 1176 1368
internal_value=-4.51761e-10 -0.0448738 0.0264937 0.038266 0.136347 0.196095
internal_weight=10344 3840 6504 6384 2880 2544
internal_count=10344 3840 6504 6384 2880 2544
is_linear=0
shrinkage=0.05


Tree=261
num_leaves=7
num_cat=0
split_feature=7 5 10 19 4 15
split_gain=4879.9 23430.6 22664.9 82437.5 19402.1 18960.6
threshold=-0.19337245081799007 -0.12940952255126037 373.05660000000006 442.51155000000006 0.91597561503675362 342.99115
decision_type=2 2 2 2 2 2
left_child=1 -1 4 -4 5 -3
right_child=-2 2 3 -5 -6 -7
leaf_value=-0.17896248615620691 0.026388014271532263 0.011655212343260127 -1.8440534242253375 0.23151334561407566 -0.22910634489589424 0.36373756851960165
leaf_weight=1760 6504 715 69 156 318 822
leaf_count=1760 6504 715 69 156 318 822
internal_value=5.12666e-10 -0.0446947 0.0689165 -0.404994 0.126399 0.199952
internal_weight=10344 3840 2080 225 1855 1537
internal_count=10344 3840 2080 225 1855 1537
is_linear=0
shrinkage=0.05


Tree=262
num_leaves=7
num_cat=0
split_feature=0 9 2 0 2 11
split_gain=5176.78 13966.8 8481.35 7957.59 45861.1 40424.8
threshold=21.500000000000004 354.90760000000006 3.5000000000000004 12.500000000000002 4.5000000000000009 301.85270000000008
decision_type=2 2 2 2 2 2
left_child=3 -2 -3 -1 5 -5
right_child=1 2 -4 4 -6 -7
leaf_value=-0.027446913107278433 -0.046064495477660054 -1.1003022252409547 -0.15293904826754617 0.69607270595435877 -0.20479912889368604 0.10478611406101415
leaf_weight=5603 766 54 42 328 1116 2435
leaf_count=5603 766 54 42 328 1116 2435
internal_value=-1.00734e-09 -0.117315 -0.685831 0.010665 0.0657154 0.174979
internal_weight=10344 862 96 9482 3879 2763
internal_count=10344 862 96 9482 3879 2763
is_linear=0
shrinkage=0.05


Tree=263
num_leaves=7
num_cat=0
split_feature=11 10 9 9 9 13
split_gain=5148.26 16408 16852.9 16105.2 42548.1 32451.8
threshold=308.26105000000007 359.09740000000005 375.80705000000006 307.67320000000001 306.71200000000005 48.894632047011584
decision_type=2 2 2 2 2 2
left_child=1 -1 -3 4 5 -2
right_child=3 2 -4 -5 -6 -7
leaf_value=0.057507779962478016 -0.20257286117401729 -0.42782910809896535 0.34598566871345715 0.052197473464558553 -1.6369108807133594 0.24522507407526214
leaf_weight=5128 1787 336 89 2435 46 523
leaf_count=5128 1787 336 89 2435 46 523
internal_value=-1.89616e-10 0.0327646 -0.265783 -0.0379758 -0.131173 -0.101188
internal_weight=10344 5553 425 4791 2356 2310
internal_count=10344 5553 425 4791 2356 2310
is_linear=0
shrinkage=0.05


Tree=264
num_leaves=7
num_cat=0
split_feature=0 11 6 9 7 18
split_gain=4870.95 17671.7 19847.3 25788.2 15145.9 14772.7
threshold=20.500000000000004 318.07845000000003 0.76696112484652046 347.98665000000005 -0.90892157495189674 228.23595000000003
decision_type=2 2 2 2 2 2
left_child=-1 4 3 -3 -2 -5
right_child=1 2 -4 5 -6 -7
leaf_value=0.012968317699644259 0.72324991117303195 0.0101347692764599 -1.1458621696820337 -1.5604837308989632 -0.012034419172717688 -0.39265610658947159
leaf_weight=9051 78 353 63 45 686 68
leaf_count=9051 78 353 63 45 686 68
internal_value=-1.21367e-10 -0.0907782 -0.312919 -0.200311 0.0630339 -0.85772
internal_weight=10344 1293 529 466 764 113
internal_count=10344 1293 529 466 764 113
is_linear=0
shrinkage=0.05


Tree=265
num_leaves=7
num_cat=0
split_feature=12 14 10 7 10 11
split_gain=4857.4 6523.68 25927.9 33811.7 19764.4 96702
threshold=210.55205625000005 187.84795000000003 403.14735000000007 -0.75013812021657655 310.83260000000001 322.18150000000009
decision_type=2 2 2 2 2 2
left_child=-1 2 3 -2 -5 -6
right_child=1 -3 -4 4 5 -7
leaf_value=0.50181227095114689 1.3342332606017591 0.0071334456417072841 -1.2435912623124965 0.057474097654693745 -2.7593190306425095 0.07942997191566975
leaf_weight=48 40 9744 51 301 40 120
leaf_count=48 40 9744 51 301 40 120
internal_value=-1.75674e-10 -0.00233945 -0.169557 -0.0602238 -0.181218 -0.630257
internal_weight=10344 10296 552 501 461 160
internal_count=10344 10296 552 501 461 160
is_linear=0
shrinkage=0.05


Tree=266
num_leaves=7
num_cat=0
split_feature=7 6 6 19 19 19
split_gain=4913.49 25310.7 19634.1 13954.2 26733.2 19030.4
threshold=0.42763731121559989 0.86113431103781346 0.85226249403558707 482.2679500000001 487.37930000000011 499.20715000000001
decision_type=2 2 2 2 2 2
left_child=-1 2 3 -2 -5 -6
right_child=1 -3 -4 4 5 -7
leaf_value=-0.03059772030337098 0.16112358624821399 0.53858695331805695 -0.99456145962079379 -0.64930908625191519 0.55984588652952672 -0.030144267234717994
leaf_weight=5784 1272 240 48 168 144 2688
leaf_count=5784 1272 240 48 168 144 2688
internal_value=-2.85134e-10 0.0388108 0.0110454 0.0223444 -0.036498 -0.000144768
internal_weight=10344 4560 4320 4272 3000 2832
internal_count=10344 4560 4320 4272 3000 2832
is_linear=0
shrinkage=0.05


Tree=267
num_leaves=7
num_cat=0
split_feature=19 19 13 19 2 19
split_gain=4656.31 19964.7 24084.6 20650.6 19717.6 32799.8
threshold=433.39260000000007 440.71985000000006 30.302183245369129 442.03130000000004 3.5000000000000004 448.77555000000001
decision_type=2 2 2 2 2 2
left_child=-1 2 -2 -3 -5 -6
right_child=1 3 -4 4 5 -7
leaf_value=-0.03999418043593337 0.970685943538944 -1.026544413715601 0.08721597205709529 -0.064624682259876193 0.64964598614835378 0.058889385317766191
leaf_weight=4272 120 48 216 3288 264 2136
leaf_count=4272 120 48 216 3288 264 2136
internal_value=4.46615e-10 0.0281382 0.402741 0.00619494 0.01491 0.123873
internal_weight=10344 6072 336 5736 5688 2400
internal_count=10344 6072 336 5736 5688 2400
is_linear=0
shrinkage=0.05


Tree=268
num_leaves=7
num_cat=0
split_feature=4 11 2 15 10 10
split_gain=4643.54 9571.36 8936.12 9656.14 12647.5 11798.1
threshold=0.78656609248549325 402.81115000000005 5.5000000000000009 391.33880000000005 299.96930000000003 389.87695000000002
decision_type=2 2 2 2 2 2
left_child=-1 2 3 4 -2 -5
right_child=1 -3 -4 5 -6 -7
leaf_value=0.017185357996039534 -0.13035252114034798 -0.81271326889594409 0.19989983069115 0.091860439237356262 -0.67887222608473119 -0.66105785391160421
leaf_weight=8189 899 42 305 734 119 56
leaf_count=8189 899 42 305 734 119 56
internal_value=-1.09372e-10 -0.0653044 -0.0504481 -0.0926805 -0.194472 0.038489
internal_weight=10344 2155 2113 1808 1018 790
internal_count=10344 2155 2113 1808 1018 790
is_linear=0
shrinkage=0.05


Tree=269
num_leaves=7
num_cat=0
split_feature=0 11 9 13 6 0
split_gain=4563.17 11956.8 16121.1 17176.6 9976.84 7772.85
threshold=21.500000000000004 318.07845000000003 365.66850000000005 46.878451679524481 0.59868201182722736 12.500000000000002
decision_type=2 2 2 2 2 2
left_child=5 4 3 -3 -2 -1
right_child=1 2 -4 -5 -6 -7
leaf_value=-0.027653913629709526 0.2060682280527858 -0.50643274193629628 -1.2986630573868752 0.35319573000587268 -0.22157825363641406 0.064420678293337016
leaf_weight=5603 325 175 40 87 235 3879
leaf_count=5603 325 175 40 87 235 3879
internal_value=-5.87648e-10 -0.110143 -0.363723 -0.220984 0.0266094 0.010013
internal_weight=10344 862 302 262 560 9482
internal_count=10344 862 302 262 560 9482
is_linear=0
shrinkage=0.05


Tree=270
num_leaves=7
num_cat=0
split_feature=12 12 18 0 12 12
split_gain=4659.21 15359.8 21921.9 14801.3 13937.7 21952.2
threshold=400.74789375000006 394.08561666666668 293.50970000000007 13.500000000000002 386.37306041666676 381.33431666666678
decision_type=2 2 2 2 2 2
left_child=1 2 4 -3 5 -1
right_child=-2 3 -4 -5 -6 -7
leaf_value=-0.0023728706630795141 0.16559897610351593 -0.09101318324960414 0.8699797317075233 -1.119234578932325 0.59378073943468435 -0.62438802270270477
leaf_weight=9480 408 84 72 60 96 144
leaf_count=9480 408 84 72 60 96 144
internal_value=2.54719e-10 -0.00679996 0.000738848 -0.519439 -0.00569997 -0.0116798
internal_weight=10344 9936 9792 144 9720 9624
internal_count=10344 9936 9792 144 9720 9624
is_linear=0
shrinkage=0.05


Tree=271
num_leaves=7
num_cat=0
split_feature=18 6 11 16 11 7
split_gain=4582.39 17091.5 13889.3 14920.2 12136.7 10517.6
threshold=263.95865000000009 -0.78326540922535159 305.42515000000003 333.62947291666671 479.47655000000003 0.99681593486783593
decision_type=2 2 2 2 2 2
left_child=4 -2 -3 -4 -1 -5
right_child=1 2 3 5 -6 -7
leaf_value=0.0046105831982146484 -1.0244926225394011 0.39551718027650062 -0.8063421787792131 -0.014447630137801171 0.55839577484130865 -0.81423679048364817
leaf_weight=9308 48 143 76 625 100 44
leaf_count=9308 48 143 76 625 100 44
internal_value=3.46687e-10 -0.105507 -0.0558325 -0.142467 0.0104969 -0.0670496
internal_weight=10344 936 888 745 9408 669
internal_count=10344 936 888 745 9408 669
is_linear=0
shrinkage=0.05


Tree=272
num_leaves=7
num_cat=0
split_feature=7 7 0 9 13 0
split_gain=4535.04 8052.91 9425.26 6454.73 5819.89 20881.3
threshold=0.99988440732898443 0.99681593486783593 11.500000000000002 313.46935000000008 22.345356179534388 10.500000000000002
decision_type=2 2 2 2 2 2
left_child=1 4 -3 -4 5 -1
right_child=-2 2 3 -5 -6 -7
leaf_value=-0.094159599247705561 0.48487504928683239 0.027279817763095099 -0.26337181717778246 -1.0833521663211287 -0.015391723980643311 0.22502176306928529
leaf_weight=946 48 96 48 48 8040 1118
leaf_count=946 48 96 48 48 8040 1118
internal_value=2.97935e-10 -0.00226049 -0.323041 -0.673362 0.0038351 0.0787303
internal_weight=10344 10296 192 96 10104 2064
internal_count=10344 10296 192 96 10104 2064
is_linear=0
shrinkage=0.05


Tree=273
num_leaves=7
num_cat=0
split_feature=0 13 13 6 9 0
split_gain=4467.71 17816 16883.2 19008.6 17680.7 44776.7
threshold=4.5000000000000009 27.981242581580513 23.667216366151656 -0.92274349529687905 244.39555000000004 10.500000000000002
decision_type=2 2 2 2 2 2
left_child=1 -1 3 -2 5 -4
right_child=2 -3 4 -5 -6 -7
leaf_value=-0.14431398130256495 -0.29420127428234805 0.16324584355667132 -0.68111723752861675 0.17641293323362839 -0.071556770781128085 0.89333390984814498
leaf_weight=695 247 1460 66 1634 6099 143
leaf_count=695 247 1460 66 1634 6099 143
internal_value=-7.91993e-11 0.064056 -0.0168568 0.114615 -0.0560608 0.396139
internal_weight=10344 2155 8189 1881 6308 209
internal_count=10344 2155 8189 1881 6308 209
is_linear=0
shrinkage=0.05


Tree=274
num_leaves=7
num_cat=0
split_feature=19 16 6 10 13 6
split_gain=4417.99 18409 29720.3 51733.6 17562.6 16536.1
threshold=429.46955000000008 289.45278511904769 0.22700754078277605 318.30175000000008 29.069133542865902 -0.95244167294248061
decision_type=2 2 2 2 2 2
left_child=1 -1 4 -4 -3 -2
right_child=5 2 3 -5 -6 -7
leaf_value=0.033437386027749816 -0.55639527421444657 -0.41367845439596018 -0.26776889711983648 -2.3528023038591659 0.019731064453177776 0.036038590692999632
leaf_weight=2592 120 336 102 42 768 6384
leaf_count=2592 120 336 102 42 768 6384
internal_value=6.97698e-10 -0.0425268 -0.200299 -0.875904 -0.112176 0.0251081
internal_weight=10344 3840 1248 144 1104 6504
internal_count=10344 3840 1248 144 1104 6504
is_linear=0
shrinkage=0.05


Tree=275
num_leaves=7
num_cat=0
split_feature=9 15 15 19 17 14
split_gain=4367.94 6339.44 7101.52 6926.83 20218.8 16351.9
threshold=437.66935000000007 602.41545000000008 578.55685000000005 536.79520000000014 51.874815420669186 281.70980000000003
decision_type=2 2 2 2 2 2
left_child=1 2 3 -1 -5 -6
right_child=-2 -3 -4 4 5 -7
leaf_value=0.011924222153087978 0.38808347839448187 -0.57598825115710495 0.49478849849498757 -0.92720687894357567 0.14248867725854683 -0.23235763090423359
leaf_weight=8904 72 48 72 72 528 648
leaf_count=8904 72 48 72 72 528 648
internal_value=1.75389e-10 -0.00272021 -2.88119e-05 -0.00353815 -0.113856 -0.0640593
internal_weight=10344 10272 10224 10152 1248 1176
internal_count=10344 10272 10224 10152 1248 1176
is_linear=0
shrinkage=0.05


Tree=276
num_leaves=7
num_cat=0
split_feature=12 14 10 12 16 14
split_gain=4345.04 5943.73 25346.2 21449 16922.2 9648.66
threshold=210.55205625000005 207.30400000000003 403.14735000000007 315.58338750000001 369.05816130952388 201.58345000000003
decision_type=2 2 2 2 2 2
left_child=-1 2 3 5 -5 -2
right_child=1 -3 -4 4 -6 -7
leaf_value=0.47460927527087438 -0.040341299233146437 0.012203429494500678 -1.1948301966868196 1.0794446712093693 -0.098604387500219881 -0.37606928708135257
leaf_weight=48 833 9000 51 70 54 288
leaf_count=48 833 9000 51 70 54 288
internal_value=3.62672e-10 -0.00221263 -0.102324 -0.0575709 0.566423 -0.126594
internal_weight=10344 10296 1296 1245 124 1121
internal_count=10344 10296 1296 1245 124 1121
is_linear=0
shrinkage=0.05


Tree=277
num_leaves=7
num_cat=0
split_feature=0 9 6 11 14 0
split_gain=4279.33 15913 16577.8 12137.8 11085.2 8708.78
threshold=20.500000000000004 393.29170000000005 0.65233619298682533 330.01170000000008 222.00575000000003 12.500000000000002
decision_type=2 2 2 2 2 2
left_child=5 2 4 -4 -2 -1
right_child=1 -3 3 -5 -6 -7
leaf_value=-0.026319289298365502 0.48020031573115918 -1.0423930835156214 -0.20095434406208335 -0.95888379235116261 -0.0088280929383895215 0.074676423063210012
leaf_weight=5603 138 42 327 63 723 3448
leaf_count=5603 138 42 327 63 723 3448
internal_value=2.15156e-10 -0.0850869 -0.0529471 -0.323389 0.0695528 0.0121553
internal_weight=10344 1293 1251 390 861 9051
internal_count=10344 1293 1251 390 861 9051
is_linear=0
shrinkage=0.05


Tree=278
num_leaves=7
num_cat=0
split_feature=17 10 6 13 17 16
split_gain=4279.28 25879.6 83096.1 19826.1 8942.27 14462
threshold=36.880573508586913 294.18500000000006 0.75014288946266361 38.650136773799879 46.228613648430887 325.3110175595238
decision_type=2 2 2 2 2 2
left_child=1 -1 3 -3 5 -2
right_child=4 2 -4 -5 -6 -7
leaf_value=0.054540838722224164 0.11900984150377458 -0.30666655696997491 -2.2625181400596541 0.84698913190099923 -0.023555082228541486 -0.22858054395099836
leaf_weight=837 2736 216 54 45 6120 336
leaf_count=837 2736 216 54 45 6120 336
internal_value=-2.48895e-10 -0.0908427 -0.477147 -0.10776 0.011385 0.0809921
internal_weight=10344 1152 315 261 9192 3072
internal_count=10344 1152 315 261 9192 3072
is_linear=0
shrinkage=0.05


Tree=279
num_leaves=7
num_cat=0
split_feature=7 7 11 0 17 7
split_gain=4352.51 12374 13376 8026.53 9699.69 5118.11
threshold=-0.99761278905001471 -0.99273797715557011 278.36175000000009 10.500000000000002 42.836600560460326 -0.19337245081799007
decision_type=2 2 2 2 2 2
left_child=3 2 -2 -1 -5 -3
right_child=1 5 -4 4 -6 -7
leaf_value=0.11560407585718416 -0.0040342634493434754 -0.050875758098028537 0.96012659870287687 -0.050346949510276323 -1.0160916852836426 0.024083639194127541
leaf_weight=88 74 3504 70 52 52 6504
leaf_count=88 74 3504 70 52 52 6504
internal_value=8.72314e-10 0.00446037 0.464655 -0.235842 -0.533219 -0.00216114
internal_weight=10344 10152 144 192 104 10008
internal_count=10344 10152 144 192 104 10008
is_linear=0
shrinkage=0.05


Tree=280
num_leaves=7
num_cat=0
split_feature=11 11 15 16 19 6
split_gain=4160.86 5789.1 5560.55 4624.23 17242.5 25552.5
threshold=1.0000000180025095e-35 211.72195000000002 325.54775000000001 289.45278511904769 429.46955000000008 0.94138322595482449
decision_type=2 2 2 2 2 2
left_child=-1 2 -2 -3 5 -5
right_child=1 3 -4 4 -6 -7
leaf_value=0.44188372307228596 0.033177740524776955 0.056481535608190858 -0.64078156795028762 -0.14347259089246406 0.015472675334357262 -1.3201195292291232
leaf_weight=53 55 2806 69 1191 6122 48
leaf_count=53 55 2806 69 1191 6122 48
internal_value=-9.46713e-11 -0.00227576 -0.341848 0.00186577 -0.0189537 -0.189057
internal_weight=10344 10291 124 10167 7361 1239
internal_count=10344 10291 124 10167 7361 1239
is_linear=0
shrinkage=0.05


Tree=281
num_leaves=7
num_cat=0
split_feature=10 9 16 14 14 7
split_gain=4114.82 33611.1 30547.9 36270.4 29144.8 18688.2
threshold=355.08610000000004 398.86505000000005 321.42061636904765 284.66405000000003 189.85245000000003 0.90438663683299525
decision_type=2 2 2 2 2 2
left_child=1 -1 4 -4 -2 -5
right_child=2 -3 3 5 -6 -7
leaf_value=0.0090882399519316131 -1.373806042632749 1.4442892049143954 0.43247170289877812 -0.34853438494100453 -0.23615601918411105 0.080427315993397419
leaf_weight=8123 62 41 463 437 612 606
leaf_count=8123 62 41 463 437 612 606
internal_value=-2.06686e-10 0.0162959 -0.0610274 0.0641858 -0.340806 -0.0993006
internal_weight=10344 8164 2180 1506 674 1043
internal_count=10344 8164 2180 1506 674 1043
is_linear=0
shrinkage=0.05


Tree=282
num_leaves=7
num_cat=0
split_feature=12 14 16 10 9 10
split_gain=4132.97 5593.77 21954.4 52187 20289 39279.2
threshold=210.55205625000005 187.84795000000003 324.96435297619053 351.30015000000009 335.66040000000004 302.57975000000005
decision_type=2 2 2 2 2 2
left_child=-1 2 3 4 5 -2
right_child=1 -3 -4 -5 -6 -7
leaf_value=0.46288206579629332 0.040106123955599197 0.0066138457519738505 0.37377526944967232 -1.7475881686336117 0.81625518029928212 -1.3187266937200575
leaf_weight=48 232 9744 144 57 50 69
leaf_count=48 232 9744 144 57 50 69
internal_value=3.15165e-10 -0.00215796 -0.156999 -0.344332 -0.116452 -0.271387
internal_weight=10344 10296 552 408 351 301
internal_count=10344 10296 552 408 351 301
is_linear=0
shrinkage=0.05


Tree=283
num_leaves=7
num_cat=0
split_feature=4 14 9 2 15 18
split_gain=4150.3 23078.2 45347.8 21455.5 27312.4 24124.4
threshold=-0.37940952255126065 354.00470000000007 394.85475000000002 4.5000000000000009 479.40215000000006 246.61495000000002
decision_type=2 2 2 2 2 2
left_child=1 2 3 5 -5 -1
right_child=-2 -3 -4 4 -6 -7
leaf_value=0.17541832108124963 -0.024532447476060638 0.79448547646629086 -1.556610874136289 -0.090050126052122093 -1.2437463465388177 -0.26955663590583201
leaf_weight=2304 6465 99 45 1026 54 351
leaf_count=2304 6465 99 45 1026 54 351
internal_value=4.12777e-11 0.0408874 0.0211503 0.0401595 -0.147735 0.116591
internal_weight=10344 3879 3780 3735 1080 2655
internal_count=10344 3879 3780 3735 1080 2655
is_linear=0
shrinkage=0.05


Tree=284
num_leaves=7
num_cat=0
split_feature=6 6 17 10 10 6
split_gain=4094.72 17861.4 18655.1 17520.8 16885.4 15900
threshold=-0.074117382312902977 -0.46801505794253101 45.778042872697647 234.46825000000004 425.94045000000006 -0.022576249993022688
decision_type=2 2 2 2 2 2
left_child=1 3 -3 -1 -5 -2
right_child=5 2 -4 4 -6 -7
leaf_value=1.0139106849953532 -0.54511277189271323 1.1707233084210507 0.163815243949648 -0.021362955096303995 -0.81839616561637207 -0.013473044128206938
leaf_weight=40 144 48 1104 2916 68 6024
leaf_count=40 144 48 1104 2916 68 6024
internal_value=2.14697e-10 0.0382322 0.20577 -0.0255916 -0.0395259 -0.0258849
internal_weight=10344 4176 1152 3024 2984 6168
internal_count=10344 4176 1152 3024 2984 6168
is_linear=0
shrinkage=0.05


Tree=285
num_leaves=7
num_cat=0
split_feature=4 2 17 13 11 13
split_gain=4073.6 6779.48 10973.7 9227.69 5948.07 18929.4
threshold=-0.98296291314453399 4.5000000000000009 60.752632531868748 55.134000390689515 317.46115000000003 78.009786898730354
decision_type=2 2 2 2 2 2
left_child=1 2 3 -1 -2 -6
right_child=4 -3 -4 -5 5 -7
leaf_value=0.28042947723450168 0.024774717059175444 -0.16154379281065157 0.99781782289346066 -0.53630178091002667 -0.079246120516385132 0.43238005076976205
leaf_weight=221 5994 124 45 41 3729 190
leaf_count=221 5994 124 45 41 3729 190
internal_value=-6.31617e-10 0.15048 0.276509 0.15262 -0.00654261 -0.0544416
internal_weight=10344 431 307 262 9913 3919
internal_count=10344 431 307 262 9913 3919
is_linear=0
shrinkage=0.05


Tree=286
num_leaves=7
num_cat=0
split_feature=9 9 9 0 10 9
split_gain=4035.79 14421.9 13416.6 12006.8 47291.4 34554.4
threshold=259.98450000000008 257.79320000000007 263.24955000000006 10.500000000000002 301.01490000000007 205.31900000000005
decision_type=2 2 2 2 2 2
left_child=1 3 -2 4 -1 -5
right_child=2 -3 -4 5 -6 -7
leaf_value=-0.059891234338753908 0.38196353240404279 -0.47967643191805109 0.0028950902411168742 1.361329625088435 -1.7587281029756097 0.025542373317121354
leaf_weight=594 240 192 8520 52 44 702
leaf_count=594 240 192 8520 52 44 702
internal_value=-1.40362e-10 -0.0734453 0.0132805 -0.0174135 -0.177052 0.117666
internal_weight=10344 1584 8760 1392 638 754
internal_count=10344 1584 8760 1392 638 754
is_linear=0
shrinkage=0.05


Tree=287
num_leaves=7
num_cat=0
split_feature=17 11 7 15 15 17
split_gain=4124.87 18473.3 15099 13083.1 13903.9 12670.1
threshold=38.517536286096679 336.70890000000003 -0.039769286347669845 382.00890000000004 378.05510000000004 40.749949530584253
decision_type=2 2 2 2 2 2
left_child=1 3 -3 4 -1 -2
right_child=5 2 -4 -5 -6 -7
leaf_value=-0.03375194802093829 0.24047787578052118 -1.2765828445699869 -0.26361087947082001 0.41355409238487484 -0.900428254964451 -0.0022322866973218105
leaf_weight=1289 576 51 132 160 48 8088
leaf_count=1289 576 51 132 160 48 8088
internal_value=-1.91152e-10 -0.0717027 -0.545915 -0.0137329 -0.0648667 0.0139036
internal_weight=10344 1680 183 1497 1337 8664
internal_count=10344 1680 183 1497 1337 8664
is_linear=0
shrinkage=0.05


Tree=288
num_leaves=7
num_cat=0
split_feature=0 9 6 14 11 10
split_gain=4031.44 13873.7 15515.4 12234.3 11193.9 24296.4
threshold=20.500000000000004 393.29170000000005 0.42958674266195179 203.88445000000004 330.01170000000008 311.99610000000007
decision_type=2 2 2 2 2 2
left_child=-1 2 3 -2 -4 -6
right_child=1 -3 4 -5 5 -7
leaf_value=0.011797956037238891 0.86982445791363716 -0.9764470611299787 -0.14229300744594889 0.043557815973985101 -1.6705412033854463 -0.12076549478101009
leaf_weight=9051 48 42 424 672 41 66
leaf_count=9051 48 42 424 672 41 66
internal_value=2.59912e-10 -0.0825857 -0.052576 0.0986423 -0.257618 -0.714605
internal_weight=10344 1293 1251 720 531 107
internal_count=10344 1293 1251 720 531 107
is_linear=0
shrinkage=0.05


Tree=289
num_leaves=7
num_cat=0
split_feature=19 19 13 19 9 2
split_gain=4124.3 16884.2 21452.9 17490.1 16613.8 16575.9
threshold=433.39260000000007 440.71985000000006 30.302183245369129 442.03130000000004 356.93540000000002 4.5000000000000009
decision_type=2 2 2 2 2 2
left_child=4 2 -2 -3 5 -1
right_child=1 3 -4 -5 -6 -7
leaf_value=0.03876769535981027 0.90699335132415104 -0.94412970095872883 0.073186232065092088 0.014323054087897122 -0.96261589536443359 -0.17600692975978702
leaf_weight=2928 120 48 216 5688 48 1296
leaf_count=2928 120 48 216 5688 48 1296
internal_value=2.27982e-10 0.026482 0.370974 0.00630253 -0.0376402 -0.0271291
internal_weight=10344 6072 336 5736 4272 4224
internal_count=10344 6072 336 5736 4272 4224
is_linear=0
shrinkage=0.05


Tree=290
num_leaves=7
num_cat=0
split_feature=7 7 0 4 14 9
split_gain=4040.05 6850.41 8548.68 5711.82 20388 40461.1
threshold=0.99988440732898443 0.99681593486783593 11.500000000000002 -0.37940952255126065 354.00470000000007 394.85475000000002
decision_type=2 2 2 2 2 2
left_child=1 3 -3 4 5 -1
right_child=-2 2 -4 -5 -6 -7
leaf_value=0.051420062968411756 0.45764953543742498 0.035636822743981611 -0.63162906590538725 -0.025631130553128663 0.76011502053400493 -1.4570855008231272
leaf_weight=3645 48 96 96 6315 99 45
leaf_count=3645 48 96 96 6315 99 45
internal_value=1.86599e-10 -0.00213356 -0.297996 0.00348853 0.0520213 0.0330237
internal_weight=10344 10296 192 10104 3789 3690
internal_count=10344 10296 192 10104 3789 3690
is_linear=0
shrinkage=0.05


Tree=291
num_leaves=7
num_cat=0
split_feature=0 9 13 13 7 6
split_gain=4076.29 16140.9 17722.3 14691 16935.7 19393
threshold=4.5000000000000009 219.12100000000004 27.981242581580513 23.667216366151656 0.16587474750015932 0.88621069759564464
decision_type=2 2 2 2 2 2
left_child=1 -1 -3 4 -2 -6
right_child=3 2 -4 -5 5 -7
leaf_value=-0.93384332927409552 -0.079550400745643957 -0.13255102366765045 0.17855927698217514 -0.052671873323615608 0.14660850692203886 0.75326701149736586
leaf_weight=40 741 670 1445 6308 988 152
leaf_count=40 741 670 1445 6308 988 152
internal_value=2.82254e-10 0.0611857 0.0800042 -0.0161015 0.106539 0.227496
internal_weight=10344 2155 2115 8189 1881 1140
internal_count=10344 2155 2115 8189 1881 1140
is_linear=0
shrinkage=0.05


Tree=292
num_leaves=7
num_cat=0
split_feature=19 2 14 14 10 7
split_gain=3991.67 6161 5777.66 7969.84 13237.5 19464.8
threshold=658.72730000000013 3.5000000000000004 377.9559000000001 350.27010000000007 422.2267500000001 0.96407344085605606
decision_type=2 2 2 2 2 2
left_child=2 -2 3 -1 5 -5
right_child=1 -3 -4 4 -6 -7
leaf_value=-0.00067161915406131268 0.020489741570781917 -0.59136495726803939 -0.54327536136843269 0.21492953971445339 -0.24058263119132747 1.406993831370188
leaf_weight=9864 96 72 48 134 84 46
leaf_count=9864 96 72 48 134 84 46
internal_value=3.02673e-10 -0.241734 0.00399089 0.00658457 0.277702 0.519568
internal_weight=10344 168 10176 10128 264 180
internal_count=10344 168 10176 10128 264 180
is_linear=0
shrinkage=0.05


Tree=293
num_leaves=7
num_cat=0
split_feature=4 13 13 8 9 6
split_gain=3903.67 22101.5 18058.7 17018.3 36149.9 23466.7
threshold=0.37940952255126054 134.0837409048402 116.74366269408455 1.0000000180025095e-35 424.42965000000004 0.94138322595482449
decision_type=2 2 2 2 2 2
left_child=1 3 -2 4 -1 -5
right_child=2 -3 -4 5 -6 -7
leaf_value=-0.027312517303747053 -0.027966123584279697 1.1280185664362379 -1.0354570063451927 0.077647933979011596 -1.5374983336031438 0.64277150090141544
leaf_weight=4245 3834 45 45 1932 40 203
leaf_count=4245 3834 45 45 1932 40 203
internal_value=6.00723e-10 0.0237924 -0.039654 0.0160525 -0.0414099 0.131381
internal_weight=10344 6465 3879 6420 4285 2135
internal_count=10344 6465 3879 6420 4285 2135
is_linear=0
shrinkage=0.05


Tree=294
num_leaves=7
num_cat=0
split_feature=9 15 15 11 19 15
split_gain=4343.4 5841.62 6085.46 12670.9 9974.53 24514.8
threshold=437.66935000000007 602.41545000000008 541.2509500000001 308.26105000000007 536.79520000000014 432.08595000000008
decision_type=2 2 2 2 2 2
left_child=1 2 4 -4 -1 -6
right_child=-2 -3 3 -5 5 -7
leaf_value=0.01178050837383042 0.38699180889460777 -0.5530119007763763 -0.38486575715776006 0.48900501698255544 0.059091248700935517 -0.41619528943536954
leaf_weight=8904 72 48 56 160 624 480
leaf_count=8904 72 48 56 160 624 480
internal_value=5.9363e-10 -0.00271256 -0.000128994 0.262446 -0.00579608 -0.147555
internal_weight=10344 10272 10224 216 10008 1104
internal_count=10344 10272 10224 216 10008 1104
is_linear=0
shrinkage=0.05


Tree=295
num_leaves=7
num_cat=0
split_feature=9 15 15 11 15 19
split_gain=3919.92 5272.06 5492.13 11586.2 9327.07 7302.55
threshold=437.66935000000007 602.41545000000008 541.2509500000001 296.71595000000008 533.63000000000011 567.99785000000008
decision_type=2 2 2 2 2 2
left_child=1 2 4 -4 5 -1
right_child=-2 -3 3 -5 -6 -7
leaf_value=0.010009076177054668 0.36764221139666109 -0.52536129616200922 -0.49603325391099573 0.42923736098468651 -0.70081569949785871 -0.15283776129087714
leaf_weight=9216 72 48 42 174 48 744
leaf_count=9216 72 48 42 174 48 744
internal_value=-7.50887e-11 -0.00257693 -0.000122545 0.249324 -0.00550628 -0.00215539
internal_weight=10344 10272 10224 216 10008 9960
internal_count=10344 10272 10224 216 10008 9960
is_linear=0
shrinkage=0.05


Tree=296
num_leaves=7
num_cat=0
split_feature=19 11 19 11 2 16
split_gain=3995.83 15540.4 15168.9 20707 16093.2 25112.1
threshold=433.39260000000007 401.93200000000007 440.71985000000006 372.17550000000006 3.5000000000000004 288.0188672619048
decision_type=2 2 2 2 2 2
left_child=1 -1 3 -2 -4 -6
right_child=2 -3 4 -5 5 -7
leaf_value=-0.026158346538227656 0.2062590477527198 -0.8720863923701373 -0.064709389292132158 1.4054685403297587 0.89733837079256773 0.072155019337662635
leaf_weight=4217 295 55 3312 41 96 2328
leaf_count=4217 295 55 3312 41 96 2328
internal_value=1.53435e-10 -0.0370493 0.0260663 0.352591 0.00693931 0.104836
internal_weight=10344 4272 6072 336 5736 2424
internal_count=10344 4272 6072 336 5736 2424
is_linear=0
shrinkage=0.05


Tree=297
num_leaves=7
num_cat=0
split_feature=0 9 13 13 6 9
split_gain=3915.61 14730.7 16753.1 13229.9 16075.7 14610.6
threshold=4.5000000000000009 219.12100000000004 43.227794740285205 23.667216366151656 -0.92274349529687905 244.39555000000004
decision_type=2 2 2 2 2 2
left_child=1 -1 -3 4 -2 -5
right_child=3 2 -4 5 -6 -7
leaf_value=-0.89060049563646315 -0.27535583326510088 -0.028529592433937424 0.26393070296366256 0.36058381598745809 0.15743143873057963 -0.064571637602540227
leaf_weight=40 247 1345 770 209 1634 6099
leaf_count=40 247 1345 770 209 1634 6099
internal_value=-4.77872e-11 0.0599677 0.0779453 -0.015781 0.100601 -0.0504852
internal_weight=10344 2155 2115 8189 1881 6308
internal_count=10344 2155 2115 8189 1881 6308
is_linear=0
shrinkage=0.05


Tree=298
num_leaves=7
num_cat=0
split_feature=11 11 9 17 17 5
split_gain=3907.47 4584.04 18080.4 29945.2 27184.7 35399.2
threshold=514.79450000000008 308.26105000000007 316.88320000000004 71.775494611918518 65.87929190170793 0.37940952255126048
decision_type=2 2 2 2 2 2
left_child=1 -1 3 4 -3 -6
right_child=-2 2 -4 -5 5 -7
leaf_value=0.028102010031069904 0.35255520458404838 -0.13038498723022848 0.082020534082173135 0.44913650334921001 -1.5800864080860191 0.25588459561510785
leaf_weight=5553 78 2518 1866 215 73 41
leaf_count=5553 78 2518 1866 215 73 41
internal_value=-4.5807e-10 -0.00267868 -0.0389454 -0.11823 -0.164576 -0.919781
internal_weight=10344 10266 4713 2847 2632 114
internal_count=10344 10266 4713 2847 2632 114
is_linear=0
shrinkage=0.05


Tree=299
num_leaves=7
num_cat=0
split_feature=14 10 16 6 14 7
split_gain=3937.1 15821.4 17375.2 14798.8 11796.7 9192.3
threshold=207.80770000000004 403.14735000000007 309.74649523809529 -0.43733984355855576 208.31250000000003 0.58307701883076835
decision_type=2 2 2 2 2 2
left_child=1 2 5 -4 -2 -1
right_child=4 -3 3 -5 -6 -7
leaf_value=-0.088865678605201934 0.79390247672175374 -0.88664492823440466 1.2482632291689517 0.17165436949580909 0.0079496960808383994 -0.80304671467301691
leaf_weight=1089 48 58 40 158 8904 47
leaf_count=1089 48 58 40 158 8904 47
internal_value=6.67559e-10 -0.0782266 -0.043078 0.389151 0.0121639 -0.118414
internal_weight=10344 1392 1334 198 8952 1136
internal_count=10344 1392 1334 198 8952 1136
is_linear=0
shrinkage=0.05


Tree=300
num_leaves=7
num_cat=0
split_feature=4 14 9 2 15 18
split_gain=3870.85 19081.9 35383.8 19677.5 23970.2 20692.6
threshold=-0.37940952255126065 354.00470000000007 394.85475000000002 4.5000000000000009 479.40215000000006 199.55675000000005
decision_type=2 2 2 2 2 2
left_child=1 2 3 5 -5 -1
right_child=-2 -3 -4 4 -6 -7
leaf_value=0.2743127443849937 -0.023692152901596601 0.72473728882543975 -1.3721482398774889 -0.087569425695169123 -1.1683747326455045 -0.0081672653029946727
leaf_weight=1125 6465 99 45 1026 54 1530
leaf_count=1125 6465 99 45 1026 54 1530
internal_value=7.23496e-10 0.0394869 0.0215399 0.0383313 -0.14161 0.111528
internal_weight=10344 3879 3780 3735 1080 2655
internal_count=10344 3879 3780 3735 1080 2655
is_linear=0
shrinkage=0.05


Tree=301
num_leaves=7
num_cat=0
split_feature=7 6 6 16 11 11
split_gain=3850.89 21152.7 16890 12601.1 13957.9 11993.8
threshold=0.42763731121559989 0.86113431103781346 0.85226249403558707 318.82159583333339 289.46205000000003 401.93200000000007
decision_type=2 2 2 2 2 2
left_child=5 2 -2 4 -3 -1
right_child=1 3 -4 -5 -6 -7
leaf_value=-0.01339117174802364 0.019455996481516427 0.43352300722348058 -0.92371567872663352 0.047518259102556235 1.4724891250230829 -0.4055769957085647
leaf_weight=5582 4272 95 48 96 49 202
leaf_count=5582 4272 95 48 96 49 202
internal_value=-3.62938e-10 0.0343588 0.00897631 0.491243 0.78706 -0.0270878
internal_weight=10344 4560 4320 240 144 5784
internal_count=10344 4560 4320 240 144 5784
is_linear=0
shrinkage=0.05


Tree=302
num_leaves=7
num_cat=0
split_feature=6 6 17 11 15 16
split_gain=3920.94 16181.5 17280.7 23769.2 30837.8 19157.2
threshold=-0.074117382312902977 -0.46801505794253101 48.344205346740956 395.97425000000004 459.98640000000006 375.2862026785715
decision_type=2 2 2 2 2 2
left_child=1 -1 3 4 -3 -4
right_child=-2 2 5 -5 -6 -7
leaf_value=-0.023336154409153292 -0.025329637019705899 0.78359270818897941 0.20964542847735479 1.6836179706381591 -0.66089228897724517 -0.3797934959066056
leaf_weight=3024 6168 122 768 41 53 168
leaf_count=3024 6168 122 768 41 53 168
internal_value=5.38177e-10 0.0374122 0.196877 0.599997 0.34612 0.103849
internal_weight=10344 4176 1152 216 175 936
internal_count=10344 4176 1152 216 175 936
is_linear=0
shrinkage=0.05


Tree=303
num_leaves=7
num_cat=0
split_feature=7 7 0 9 4 8
split_gain=3752.78 6442.19 8016.38 6029.78 5126.44 25575.8
threshold=0.99988440732898443 0.99681593486783593 12.500000000000002 313.46935000000008 0.12940952255126045 1.0000000180025095e-35
decision_type=2 2 2 2 2 2
left_child=1 4 -3 -4 5 -1
right_child=-2 2 3 -5 -6 -7
leaf_value=-0.039321087429299448 0.44107843271146224 0.0082212303980038724 -0.22630719552663239 -1.0540766552048313 -0.035321727588161371 0.19094053387960264
leaf_weight=3679 48 104 44 44 4631 1794
leaf_count=3679 48 104 44 44 4631 1794
internal_value=-3.26785e-12 -0.00205631 -0.288968 -0.640192 0.0033957 0.0361566
internal_weight=10344 10296 192 88 10104 5473
internal_count=10344 10296 192 88 10104 5473
is_linear=0
shrinkage=0.05


Tree=304
num_leaves=7
num_cat=0
split_feature=11 9 17 17 11 0
split_gain=3942.69 16250.9 23385.5 33288.8 26964.7 20811
threshold=308.26105000000007 289.46525000000003 43.687147780267118 69.44395178227667 383.44830000000007 6.5000000000000009
decision_type=2 2 2 2 2 2
left_child=-1 2 4 -4 -2 -5
right_child=1 -3 3 5 -6 -7
leaf_value=0.028672867554953393 -0.013784857449721881 0.028875835920660564 -0.46901858261556661 -0.58867235146462915 1.3030056556065879 0.62045868655809988
leaf_weight=5553 523 3293 754 49 42 130
leaf_count=5553 523 3293 754 49 42 130
internal_value=-8.65496e-10 -0.0332332 -0.169765 -0.3235 0.0841005 0.289468
internal_weight=10344 4791 1498 933 565 179
internal_count=10344 4791 1498 933 565 179
is_linear=0
shrinkage=0.05


Tree=305
num_leaves=7
num_cat=0
split_feature=4 2 7 10 2 11
split_gain=3865.88 6054.28 10305.9 6177.89 5973.43 5162.61
threshold=-0.98296291314453399 4.5000000000000009 0.66367808336324663 301.01490000000007 2.5000000000000004 317.46115000000003
decision_type=2 2 2 2 2 2
left_child=1 2 3 -1 -5 -2
right_child=5 -3 -4 4 -6 -7
leaf_value=0.56148265389104679 0.022802752623277467 -0.14827016778891125 0.68249186752736568 0.20020640460883873 -0.41419900760457323 -0.050998054347950399
leaf_weight=48 5994 124 100 85 74 3919
leaf_count=48 5994 124 100 85 74 3919
internal_value=-4.44992e-10 0.146593 0.265691 0.0643381 -0.0857433 -0.00637362
internal_weight=10344 431 307 207 159 9913
internal_count=10344 431 307 207 159 9913
is_linear=0
shrinkage=0.05


Tree=306
num_leaves=7
num_cat=0
split_feature=16 6 10 16 17 14
split_gain=3789.46 26807.6 25891.8 41434.5 20390.2 19038.9
threshold=312.42709970238099 -0.88622299073327826 351.30015000000009 310.30734702380954 55.617361635164137 228.32025000000002
decision_type=2 2 2 2 2 2
left_child=2 4 -1 -4 -2 -3
right_child=1 5 3 -5 -6 -7
leaf_value=0.0083835703449811391 -0.85904770356913418 0.49286176759982486 -0.21976694410457678 -1.7698581879443311 0.08169278805920234 0.035391346259640993
leaf_weight=4952 144 240 521 47 96 4344
leaf_count=4952 144 240 521 47 96 4344
internal_value=-1.59315e-10 0.0323728 -0.028291 -0.348032 -0.482752 0.0593427
internal_weight=10344 4824 5520 568 240 4584
internal_count=10344 4824 5520 568 240 4584
is_linear=0
shrinkage=0.05


Tree=307
num_leaves=7
num_cat=0
split_feature=14 10 12 14 14 7
split_gain=3895.45 14215.2 15736.5 10682.8 9399.79 11108
threshold=207.80770000000004 403.14735000000007 339.85419583333334 208.31250000000003 201.58345000000003 -0.79382744783423187
decision_type=2 2 2 2 2 2
left_child=1 2 4 -2 5 -1
right_child=3 -3 -4 -5 -6 -7
leaf_value=0.37292673038429625 0.75601563863456256 -0.84409799930350538 0.88535829856991777 0.0080890776128689102 -0.30363618196209985 -0.074989707062717612
leaf_weight=168 48 58 44 8904 336 786
leaf_count=168 48 58 44 8904 336 786
internal_value=2.62076e-10 -0.0778117 -0.0444949 0.0120994 -0.0762108 0.00388866
internal_weight=10344 1392 1334 8952 1290 954
internal_count=10344 1392 1334 8952 1290 954
is_linear=0
shrinkage=0.05


Tree=308
num_leaves=7
num_cat=0
split_feature=4 7 10 6 2 14
split_gain=3764.12 10788.7 9612.24 8463.08 7563.77 14477.3
threshold=-0.9159756150367534 -0.80417042486635371 351.30015000000009 0.01505151768384008 1.0000000180025095e-35 269.97185000000007
decision_type=2 2 2 2 2 2
left_child=1 2 -1 -4 5 -3
right_child=-2 4 3 -5 -6 -7
leaf_value=0.75388829012711844 -0.011400101160697474 0.014735167859881014 0.41895120134949687 -0.44838618827362864 -0.040820530466938933 1.0583570082982383
leaf_weight=102 9051 108 75 45 915 48
leaf_count=102 9051 108 75 45 915 48
internal_value=7.40841e-11 0.0798007 0.39703 0.0936997 0.0140446 0.33585
internal_weight=10344 1293 222 120 1071 156
internal_count=10344 1293 222 120 1071 156
is_linear=0
shrinkage=0.05


Tree=309
num_leaves=7
num_cat=0
split_feature=11 11 15 7 4 16
split_gain=3774.94 4849.22 7119.67 4696.9 20553.9 20263.7
threshold=1.0000000180025095e-35 222.73455000000004 328.6339000000001 -0.79382744783423187 -0.70710678118654735 289.95493898809531
decision_type=2 2 2 2 2 2
left_child=-1 2 -2 4 5 -3
right_child=1 3 -4 -5 -6 -7
leaf_value=0.42089299226425725 0.0071665582715528106 0.84370170402526856 -0.496502383299603 -0.011940194041994335 -0.024175943483064878 0.13194919701417288
leaf_weight=53 167 150 121 8286 1267 300
leaf_count=53 167 150 121 8286 1267 300
internal_value=1.86111e-10 -0.00216765 -0.204444 0.00365617 0.078922 0.3692
internal_weight=10344 10291 288 10003 1717 450
internal_count=10344 10291 288 10003 1717 450
is_linear=0
shrinkage=0.05


Tree=310
num_leaves=7
num_cat=0
split_feature=0 9 13 13 7 13
split_gain=3733.15 13168.2 15111.5 12320.7 15381.2 21348.3
threshold=4.5000000000000009 219.12100000000004 27.981242581580513 23.667216366151656 -0.19337245081799007 15.562184282424399
decision_type=2 2 2 2 2 2
left_child=1 -1 -3 4 -2 -6
right_child=3 2 -4 -5 5 -7
leaf_value=-0.84018649530597045 -0.13658048320946523 -0.12072364235192592 0.16655759924858371 -0.048899285671650063 -0.036374648464123693 0.3611247865437518
leaf_weight=40 513 670 1445 6308 608 760
leaf_count=40 513 670 1445 6308 608 760
internal_value=3.19039e-11 0.0585538 0.0755512 -0.0154089 0.0969023 0.184458
internal_weight=10344 2155 2115 8189 1881 1368
internal_count=10344 2155 2115 8189 1881 1368
is_linear=0
shrinkage=0.05


Tree=311
num_leaves=7
num_cat=0
split_feature=6 6 0 17 6 2
split_gain=3662.17 13562 15916.6 35771.3 17793.9 16509.2
threshold=-0.074117382312902977 -0.46801505794253101 11.500000000000002 48.244782628205826 -0.34235669412071207 2.5000000000000004
decision_type=2 2 2 2 2 2
left_child=1 -1 -3 -4 5 -5
right_child=-2 2 3 4 -6 -7
leaf_value=-0.019457796864025545 -0.024479524405910322 -0.0037087849514339018 1.3216032707265446 -0.004141135613123576 0.00029856460446137052 1.0531231049758694
leaf_weight=3024 6168 576 84 60 336 96
leaf_count=3024 6168 576 84 60 336 96
internal_value=-1.92911e-10 0.0361565 0.182144 0.367997 0.205186 0.646483
internal_weight=10344 4176 1152 576 492 156
internal_count=10344 4176 1152 576 492 156
is_linear=0
shrinkage=0.05


Tree=312
num_leaves=7
num_cat=0
split_feature=17 9 17 17 10 5
split_gain=3571.25 10169.2 6235.98 25274.7 18746.1 29731.6
threshold=104.13585983690119 354.90760000000006 65.87929190170793 69.44395178227667 371.31070000000005 0.1294095225512602
decision_type=2 2 2 2 2 2
left_child=2 -2 -1 4 5 -4
right_child=1 -3 3 -5 -6 -7
leaf_value=0.0094556171816068697 0.84148058208326493 -0.049849704032142957 -2.1260232166495436 -0.009580136132648305 -0.13401552981432574 -0.27727178206497971
leaf_weight=9192 48 96 43 840 81 44
leaf_count=9192 48 96 43 840 81 44
internal_value=4.76669e-11 0.24726 -0.00349073 -0.121549 -0.681394 -1.19102
internal_weight=10344 144 10200 1008 168 87
internal_count=10344 144 10200 1008 168 87
is_linear=0
shrinkage=0.05


Tree=313
num_leaves=7
num_cat=0
split_feature=13 13 13 6 0 19
split_gain=3477.49 6568.04 10217.9 16458.6 17568.9 14564.5
threshold=9.121711072834767 15.498743298772547 22.345356179534388 -0.082689790342551819 4.5000000000000009 400.17540000000008
decision_type=2 2 2 2 2 2
left_child=-1 -2 3 -3 -5 -6
right_child=1 2 -4 4 5 -7
leaf_value=0.26759514394216238 -0.14376192661778381 -0.15757499225326771 -0.011986592947477049 -0.17601022918757639 -0.038748689234387457 0.48946799396306107
leaf_weight=120 768 336 8208 190 171 551
leaf_count=120 768 336 8208 190 171 551
internal_value=5.69933e-11 -0.00314079 0.00828022 0.141573 0.251786 0.364364
internal_weight=10344 10224 9456 1248 912 722
internal_count=10344 10224 9456 1248 912 722
is_linear=0
shrinkage=0.05


Tree=314
num_leaves=7
num_cat=0
split_feature=0 9 13 0 9 2
split_gain=3685.07 11780.7 13756 11025.6 31797 16865.4
threshold=4.5000000000000009 219.12100000000004 43.227794740285205 10.500000000000002 205.31900000000005 5.5000000000000009
decision_type=2 2 2 2 2 2
left_child=1 -1 -3 5 -5 -2
right_child=3 2 -4 4 -6 -7
leaf_value=-0.79189745660871269 -0.15304838596957182 -0.022229372626066654 0.24278264119725998 1.2547621510349787 0.012577029752986814 0.21080151686184509
leaf_weight=40 2214 1345 770 52 5551 372
leaf_count=40 2214 1345 770 52 5551 372
internal_value=-8.67739e-10 0.0581755 0.0742525 -0.0153093 0.0241054 -0.100708
internal_weight=10344 2155 2115 8189 5603 2586
internal_count=10344 2155 2115 8189 5603 2586
is_linear=0
shrinkage=0.05


Tree=315
num_leaves=7
num_cat=0
split_feature=11 11 9 9 18 0
split_gain=3771.67 11190.9 10781.4 25023.2 17794.2 18281.1
threshold=298.09795000000003 298.77350000000007 308.59115000000003 306.71200000000005 255.03425000000001 19.500000000000004
decision_type=2 2 2 2 2 2
left_child=-1 -2 3 -3 5 -4
right_child=1 2 4 -5 -6 -7
leaf_value=0.032745630712332247 -0.86115933954715729 -0.063560447358304212 0.19735808289188023 -0.92483795475343189 -0.17240923470501571 -0.18010598233822042
leaf_weight=4753 40 2751 1636 87 678 399
leaf_count=4753 40 2751 1636 87 678 399
internal_value=-7.75739e-10 -0.0278376 -0.0218328 -0.0899632 0.0494368 0.123349
internal_weight=10344 5591 5551 2838 2713 2035
internal_count=10344 5591 5551 2838 2713 2035
is_linear=0
shrinkage=0.05


Tree=316
num_leaves=7
num_cat=0
split_feature=10 9 16 14 13 9
split_gain=3547.95 27624 23841 31571 20751.3 18739.1
threshold=355.08610000000004 398.86505000000005 321.42061636904765 284.66405000000003 73.003945873435384 315.1565500000001
decision_type=2 2 2 2 2 2
left_child=1 -1 4 -4 5 -2
right_child=2 -3 3 -5 -6 -7
leaf_value=0.0085975878989467524 -0.42542232471874092 1.3097087367278775 0.39754898976172537 -0.098579340293371301 -1.0820606337370058 0.15036791238291231
leaf_weight=8123 369 41 463 1043 76 229
leaf_count=8123 369 41 463 1043 76 229
internal_value=9.60111e-11 0.0151318 -0.056668 0.0539488 -0.303833 -0.204927
internal_weight=10344 8164 2180 1506 674 598
internal_count=10344 8164 2180 1506 674 598
is_linear=0
shrinkage=0.05


Tree=317
num_leaves=7
num_cat=0
split_feature=7 5 13 13 5 17
split_gain=3625.16 21382.4 19525.6 18059.1 15454.2 13659.2
threshold=-0.19337245081799007 -0.12940952255126037 77.831074539680671 77.831074539680671 -0.70710678118654757 46.320905731280384
decision_type=2 2 2 2 2 2
left_child=1 3 -3 -1 5 -2
right_child=4 2 -4 -5 -6 -7
leaf_value=-0.19840117231753041 0.33845208372625096 0.10024754483230434 -0.70610380986562138 0.64463403306224132 -0.021754241298651038 0.040982557417652818
leaf_weight=1694 630 2002 78 66 4878 996
leaf_count=1694 630 2002 78 66 4878 996
internal_value=-1.21649e-10 -0.0385225 0.0700094 -0.166787 0.0227439 0.156238
internal_weight=10344 3840 2080 1760 6504 1626
internal_count=10344 3840 2080 1760 6504 1626
is_linear=0
shrinkage=0.05


Tree=318
num_leaves=7
num_cat=0
split_feature=11 10 9 9 17 17
split_gain=3468.03 14150.2 15530.3 14109.6 20854.1 29996
threshold=308.26105000000007 373.05660000000006 375.80705000000006 289.46525000000003 43.687147780267118 69.44395178227667
decision_type=2 2 2 2 2 2
left_child=1 -1 -3 4 -2 -6
right_child=3 2 -4 -5 5 -7
leaf_value=0.045661326846930757 0.081343983580498436 -0.543251350832333 0.26572601696453896 0.026704226153621446 -0.44169828951684881 0.27829759031034718
leaf_weight=5262 565 208 83 3293 754 179
leaf_count=5262 565 208 83 3293 754 179
internal_value=5.91665e-10 0.0268916 -0.312512 -0.0311686 -0.158388 -0.303564
internal_weight=10344 5553 291 4791 1498 933
internal_count=10344 5553 291 4791 1498 933
is_linear=0
shrinkage=0.05


Tree=319
num_leaves=7
num_cat=0
split_feature=7 6 6 14 11 19
split_gain=3538.13 20216.3 14726.1 11709.5 11016.4 20262.3
threshold=0.42763731121559989 0.86113431103781346 0.85226249403558707 262.17810000000003 401.93200000000007 433.39260000000007
decision_type=2 2 2 2 2 2
left_child=4 2 -2 -3 -1 -6
right_child=1 3 -4 -5 5 -7
leaf_value=-0.01283782745292477 0.017905102274745784 0.70822780274653008 -0.86277896061073989 -0.053894299423942964 -1.3810418866029601 -0.1359976628320928
leaf_weight=5582 4272 168 48 72 41 161
leaf_count=5582 4272 168 48 72 41 161
internal_value=-5.60482e-10 0.032934 0.00811972 0.479591 -0.0259646 -0.388705
internal_weight=10344 4560 4320 240 5784 202
internal_count=10344 4560 4320 240 5784 202
is_linear=0
shrinkage=0.05


Tree=320
num_leaves=7
num_cat=0
split_feature=4 2 14 9 11 18
split_gain=3520.41 16916.8 20290.9 37266.8 19521.5 19397.4
threshold=-0.37940952255126065 4.5000000000000009 359.97180000000009 393.29170000000005 356.49190000000004 246.61495000000002
decision_type=2 2 2 2 2 2
left_child=1 2 3 5 -3 -1
right_child=-2 4 -4 -5 -6 -7
leaf_value=0.15906256431847618 -0.022594255840510984 -0.07010824894640022 0.93238057187861867 -1.3449446349673801 -0.90021748201520269 -0.24004702478795822
leaf_weight=2295 6465 1040 72 45 76 351
leaf_count=2295 6465 1040 72 45 76 351
internal_value=4.50254e-11 0.0376571 0.104018 0.0818542 -0.126639 0.106119
internal_weight=10344 3879 2763 2691 1116 2646
internal_count=10344 3879 2763 2691 1116 2646
is_linear=0
shrinkage=0.05


Tree=321
num_leaves=7
num_cat=0
split_feature=0 2 9 6 0 2
split_gain=3445.31 11402.3 12120.8 6068.97 6048.02 38039.3
threshold=21.500000000000004 4.5000000000000009 354.90760000000006 0.39827038710620805 12.500000000000002 4.5000000000000009
decision_type=2 2 2 2 2 2
left_child=4 2 -2 -3 -1 -6
right_child=1 3 -4 -5 5 -7
leaf_value=-0.024525368939218344 -0.12904016472330249 0.40413273982441345 -0.81139093461144418 -0.095851428581858578 0.15620368428446063 -0.18967483714548372
leaf_weight=5603 540 142 74 106 2763 1116
leaf_count=5603 540 142 74 106 2763 1116
internal_value=-1.1884e-10 -0.0957054 -0.211278 0.19043 0.00870049 0.0566934
internal_weight=10344 862 614 248 9482 3879
internal_count=10344 862 614 248 9482 3879
is_linear=0
shrinkage=0.05


Tree=322
num_leaves=7
num_cat=0
split_feature=11 15 15 4 9 9
split_gain=3726.89 13823.4 16419.4 18425.6 16407.9 21304.8
threshold=308.26105000000007 299.36255000000006 309.58200000000005 -0.60355339059327362 244.39555000000004 282.05545000000006
decision_type=2 2 2 2 2 2
left_child=-1 -2 3 -3 -4 -6
right_child=1 2 4 -5 5 -7
leaf_value=0.027877148164242905 -0.42509028607300509 1.4193271639801208 0.72654366003165782 -0.0012510385513305666 -0.25385812955793963 0.016689370259114985
leaf_weight=5553 214 42 71 50 919 3495
leaf_count=5553 214 42 71 50 919 3495
internal_value=-6.28263e-11 -0.032311 -0.0139464 0.647274 -0.0275098 -0.0396389
internal_weight=10344 4791 4577 92 4485 4414
internal_count=10344 4791 4577 92 4485 4414
is_linear=0
shrinkage=0.05


Tree=323
num_leaves=7
num_cat=0
split_feature=14 10 16 6 12 12
split_gain=3591.28 12894.5 13826.1 13176.6 8593 18669.3
threshold=207.30400000000003 403.14735000000007 309.74649523809529 -0.43733984355855576 244.77270625000003 239.88375625
decision_type=2 2 2 2 2 2
left_child=1 2 4 -4 5 -1
right_child=-2 -3 3 -5 -6 -7
leaf_value=-0.055140845611458648 0.011384889413858117 -0.80549233188403058 1.1516186541318894 0.13573265629967887 -0.22042970517975125 0.99602628482195232
leaf_weight=352 9000 58 40 158 688 48
leaf_count=352 9000 58 40 158 688 48
internal_value=2.11584e-10 -0.0762381 -0.0433479 0.340962 -0.113287 0.0709992
internal_weight=10344 1344 1286 198 1088 400
internal_count=10344 1344 1286 198 1088 400
is_linear=0
shrinkage=0.05


Tree=324
num_leaves=7
num_cat=0
split_feature=10 9 17 2 15 16
split_gain=3469.71 25082 18493.9 39316.7 17410.4 20564.3
threshold=318.86780000000005 393.29170000000005 36.880573508586913 3.5000000000000004 396.20150000000007 340.61723809523818
decision_type=2 2 2 2 2 2
left_child=1 -1 3 -2 -4 -6
right_child=2 -3 4 -5 5 -7
leaf_value=0.014952977733340565 0.018694639299064876 1.2409066221543723 0.13775575500247383 -1.5506856585221906 -0.21157181303994033 0.073657542052080471
leaf_weight=6280 112 42 1273 62 1462 1113
leaf_count=6280 112 42 1273 62 1462 1113
internal_value=-3.06777e-10 0.0230976 -0.036306 -0.54051 -0.0135068 -0.0882863
internal_weight=10344 6322 4022 174 3848 2575
internal_count=10344 6322 4022 174 3848 2575
is_linear=0
shrinkage=0.05


Tree=325
num_leaves=7
num_cat=0
split_feature=12 14 10 11 0 7
split_gain=3482.28 5322.1 18708.8 92587.4 35900.9 28979.8
threshold=210.55205625000005 187.84795000000003 310.83260000000001 322.18150000000009 17.500000000000004 0.58307701883076835
decision_type=2 2 2 2 2 2
left_child=-1 2 -2 -4 5 -5
right_child=1 -3 3 4 -6 -7
leaf_value=0.42488507880480031 0.090258068464123292 0.0065753294171871359 -2.5901662660199545 1.5255141175070475 -1.0049073066989906 -0.083987248213961724
leaf_weight=48 325 9744 43 43 61 80
leaf_count=48 325 9744 43 43 61 80
internal_value=-2.00819e-10 -0.00198082 -0.153015 -0.501314 -0.0131588 0.478684
internal_weight=10344 10296 552 227 184 123
internal_count=10344 10296 552 227 184 123
is_linear=0
shrinkage=0.05


Tree=326
num_leaves=7
num_cat=0
split_feature=7 7 14 0 4 17
split_gain=3412.86 5999.85 7557.78 11863.5 4779.22 15361.9
threshold=0.99988440732898443 0.99681593486783593 263.96920000000006 12.500000000000002 -0.37940952255126065 38.517536286096679
decision_type=2 2 2 2 2 2
left_child=1 4 -3 -4 5 -1
right_child=-2 2 3 -5 -6 -7
leaf_value=-0.1777474524200495 0.42062861565500498 0.26449930192902688 -0.042499268284210794 -0.95333000280414559 -0.023335989854492652 0.092654718424276999
leaf_weight=630 48 48 78 66 6315 3159
leaf_count=630 48 48 78 66 6315 3159
internal_value=1.43013e-10 -0.00196097 -0.278848 -0.459963 0.00330053 0.0476947
internal_weight=10344 10296 192 144 10104 3789
internal_count=10344 10296 192 144 10104 3789
is_linear=0
shrinkage=0.05


Tree=327
num_leaves=7
num_cat=0
split_feature=11 10 9 9 17 0
split_gain=3469.47 12839 13035.4 12489.1 21814.5 17894
threshold=308.26105000000007 359.09740000000005 375.80705000000006 314.88355000000007 71.775494611918518 18.500000000000004
decision_type=2 2 2 2 2 2
left_child=1 -1 -3 4 -2 -5
right_child=3 2 -4 5 -6 -7
leaf_value=0.048784496188396906 -0.14079438545347342 -0.37970873150431239 0.30084421097646269 0.14747962172972021 0.37477368262717548 -0.20391036193151224
leaf_weight=5128 2566 336 89 1527 223 475
leaf_count=5128 2566 336 89 1527 223 475
internal_value=-3.80741e-10 0.0268972 -0.237193 -0.0311751 -0.0995711 0.0641079
internal_weight=10344 5553 425 4791 2789 2002
internal_count=10344 5553 425 4791 2789 2002
is_linear=0
shrinkage=0.05


Tree=328
num_leaves=7
num_cat=0
split_feature=17 17 10 11 19 19
split_gain=3480.1 28479.2 28128.4 11165.9 35043.2 25182.9
threshold=66.6276553647741 69.44395178227667 371.31070000000005 330.01170000000008 468.91055000000006 465.29185000000007
decision_type=2 2 2 2 2 2
left_child=-1 2 -2 5 -5 -3
right_child=1 3 -4 4 -6 -7
leaf_value=0.010146233298398026 -1.5320198165991952 -0.84753525200166868 -0.1233439224553697 1.388995686974728 0.033624529611209736 0.035341635131942377
leaf_weight=9216 63 105 81 53 476 350
leaf_count=9216 63 105 81 53 476 350
internal_value=-1.68793e-10 -0.0828969 -0.73964 0.0132118 0.169418 -0.168399
internal_weight=10344 1128 144 984 529 455
internal_count=10344 1128 144 984 529 455
is_linear=0
shrinkage=0.05


Tree=329
num_leaves=7
num_cat=0
split_feature=7 6 6 16 11 11
split_gain=3536.78 18236.1 12909.6 10498.2 12267.1 10400.7
threshold=0.42763731121559989 0.86113431103781346 0.85226249403558707 318.82159583333339 289.46205000000003 401.93200000000007
decision_type=2 2 2 2 2 2
left_child=5 2 -2 4 -3 -1
right_child=1 3 -4 -5 -6 -7
leaf_value=-0.013204985968121662 0.018522008207042057 0.39572085460549911 -0.80605750115549513 0.052133525519942249 1.3697286821749746 -0.37841596716258791
leaf_weight=5582 4272 95 48 96 49 202
leaf_count=5582 4272 95 48 96 49 202
internal_value=6.79441e-10 0.0329277 0.00936001 0.457146 0.727154 -0.0259596
internal_weight=10344 4560 4320 240 144 5784
internal_count=10344 4560 4320 240 144 5784
is_linear=0
shrinkage=0.05


Tree=330
num_leaves=7
num_cat=0
split_feature=10 9 16 5 9 15
split_gain=3503.31 25797.1 16955.4 21178.6 22111.8 10012.8
threshold=425.94045000000006 424.42965000000004 406.64764166666674 -0.70710678118654757 424.42965000000004 484.53065000000009
decision_type=2 2 2 2 2 2
left_child=1 -1 3 5 -5 -2
right_child=2 -3 -4 4 -6 -7
leaf_value=0.00085191940170677768 -0.049459375475728234 1.1509669882910591 -1.1031792836581789 -0.11043697346208825 -1.2679497481707265 0.67214954693656459
leaf_weight=9792 86 49 41 216 51 109
leaf_count=9792 86 49 41 216 51 109
internal_value=-2.4377e-10 0.00657854 -0.128707 -0.0422273 -0.331535 0.353902
internal_weight=10344 9841 503 462 267 195
internal_count=10344 9841 503 462 267 195
is_linear=0
shrinkage=0.05


Tree=331
num_leaves=7
num_cat=0
split_feature=4 14 9 18 19 9
split_gain=3396.55 15259.7 28439.3 17742 17630.9 15810.9
threshold=-0.37940952255126065 354.00470000000007 394.85475000000002 263.97250000000008 602.41545000000008 375.80705000000006
decision_type=2 2 2 2 2 2
left_child=1 2 4 -3 5 -1
right_child=-2 3 -4 -5 -6 -7
leaf_value=0.041809150802443851 -0.022193217587582366 1.3830168584982554 -1.2285221770074632 0.038747749588003866 -0.50649275193168763 0.74838690790865159
leaf_weight=3510 6465 45 45 54 144 81
leaf_count=3510 6465 45 45 54 144 81
internal_value=-9.64798e-10 0.0369887 0.0209394 0.649779 0.0359932 0.057747
internal_weight=10344 3879 3780 99 3735 3591
internal_count=10344 3879 3780 99 3735 3591
is_linear=0
shrinkage=0.05


Tree=332
num_leaves=7
num_cat=0
split_feature=10 9 16 5 17 11
split_gain=3366.37 23576.7 14995.4 19935.5 21392.3 11225.6
threshold=425.94045000000006 424.42965000000004 402.59008482142866 -0.70710678118654757 50.516164121146439 434.02505000000002
decision_type=2 2 2 2 2 2
left_child=1 -1 3 5 -5 -2
right_child=2 -3 -4 4 -6 -7
leaf_value=0.00097405719260398491 0.1026313139002234 1.100480118333077 -0.9571556791967275 -1.3370351272960042 -0.11857603555461307 0.94224887688954684
leaf_weight=9792 132 49 49 43 222 57
leaf_count=9792 132 49 49 43 222 57
internal_value=-5.22202e-10 0.00644868 -0.126166 -0.0364777 -0.316288 0.355849
internal_weight=10344 9841 503 454 265 189
internal_count=10344 9841 503 454 265 189
is_linear=0
shrinkage=0.05


Tree=333
num_leaves=7
num_cat=0
split_feature=14 10 12 16 14 10
split_gain=3412.86 11777.6 12282 13570.3 8121.55 14197
threshold=207.30400000000003 403.14735000000007 315.58338750000001 369.05816130952388 201.58345000000003 220.62095000000002
decision_type=2 2 2 2 2 2
left_child=1 2 4 -4 -1 -6
right_child=-2 -3 3 -5 5 -7
leaf_value=-0.017483584793605279 0.011098470467784985 -0.77127589290512022 0.88954119409833643 -0.16540213000305273 -1.1503248636018146 -0.17456331623596003
leaf_weight=874 9000 58 70 54 44 244
leaf_count=874 9000 58 70 54 44 244
internal_value=4.5617e-10 -0.0743201 -0.0428866 0.43013 -0.0933635 -0.323638
internal_weight=10344 1344 1286 124 1162 288
internal_count=10344 1344 1286 124 1162 288
is_linear=0
shrinkage=0.05


Tree=334
num_leaves=7
num_cat=0
split_feature=4 19 12 10 11 17
split_gain=3314.9 8451.2 13646.4 11924.4 11544 8531.34
threshold=-0.9159756150367534 533.16650000000016 369.53723541666676 413.97310000000004 450.01560000000006 39.45595963255613
decision_type=2 2 2 2 2 2
left_child=1 2 3 5 -3 -1
right_child=-2 4 -4 -5 -6 -7
leaf_value=-0.12087850510608406 -0.010698228385118346 -0.45563309021192056 0.95405352405893307 -0.52904510044803221 0.39430721731348473 0.22264032112790752
leaf_weight=240 9051 146 48 72 55 732
leaf_count=240 9051 146 48 72 55 732
internal_value=-3.45095e-10 0.0748876 0.12973 0.0918301 -0.223062 0.137821
internal_weight=10344 1293 1092 1044 201 972
internal_count=10344 1293 1092 1044 201 972
is_linear=0
shrinkage=0.05


Tree=335
num_leaves=7
num_cat=0
split_feature=7 7 11 0 17 9
split_gain=3280.62 9426.06 10715.8 7225.7 7802.88 5225.55
threshold=-0.99761278905001471 -0.99273797715557011 278.36175000000009 10.500000000000002 42.836600560460326 315.1565500000001
decision_type=2 2 2 2 2 2
left_child=3 2 -2 5 -5 -1
right_child=1 -3 -4 4 -6 -7
leaf_value=0.51399687393978555 -0.013976165179062534 -0.0019068037023760199 0.84899985631661756 -0.053812356035296743 -0.91999747134172005 -0.25659563685344028
leaf_weight=44 74 10008 70 52 52 44
leaf_count=44 74 10008 70 52 52 44
internal_value=5.48504e-10 0.00387239 0.405526 -0.204752 -0.486905 0.128701
internal_weight=10344 10152 144 192 104 88
internal_count=10344 10152 144 192 104 88
is_linear=0
shrinkage=0.05


Tree=336
num_leaves=7
num_cat=0
split_feature=11 11 15 17 19 11
split_gain=3268.99 4070.56 4933.8 3934.5 21768.9 20145
threshold=1.0000000180025095e-35 211.72195000000002 325.54775000000001 50.319901838252356 536.79520000000014 434.02505000000002
decision_type=2 2 2 2 2 2
left_child=-1 2 -2 4 5 -3
right_child=1 3 -4 -5 -6 -7
leaf_value=0.39167280158484885 0.066498269438743596 0.030048734994937817 -0.56834370532761447 -0.033393831282296137 -0.83463926033841251 0.9154454815387727
leaf_weight=53 55 5522 69 4508 72 65
leaf_count=53 55 5522 69 4508 72 65
internal_value=3.9891e-11 -0.00201717 -0.286761 0.00145566 0.029217 0.0403496
internal_weight=10344 10291 124 10167 5659 5587
internal_count=10344 10291 124 10167 5659 5587
is_linear=0
shrinkage=0.05


Tree=337
num_leaves=7
num_cat=0
split_feature=7 7 12 0 11 19
split_gain=3373.34 16528.8 10690.2 13481.8 9745.88 18199.4
threshold=0.42763731121559989 0.47369649395226454 305.20965625000002 17.500000000000004 401.93200000000007 433.39260000000007
decision_type=2 2 2 2 2 2
left_child=4 2 -2 -4 -1 -6
right_child=1 -3 3 -5 5 -7
leaf_value=-0.013006087374426401 1.1171248602991304 0.010930798612650772 0.52963898030593848 -0.50476137016500744 -1.307000784176152 -0.12703666806406116
leaf_weight=5582 48 4344 126 42 41 161
leaf_count=5582 48 4344 126 42 41 161
internal_value=9.723e-11 0.0321579 0.459058 0.271039 -0.0253527 -0.366534
internal_weight=10344 4560 216 168 5784 202
internal_count=10344 4560 216 168 5784 202
is_linear=0
shrinkage=0.05


Tree=338
num_leaves=7
num_cat=0
split_feature=13 13 14 14 11 13
split_gain=3246.05 5929.16 8973.29 10961.6 9537.82 8732.01
threshold=9.121711072834767 15.498743298772547 281.70980000000003 240.22775000000001 321.06160000000006 22.345356179534388
decision_type=2 2 2 2 2 2
left_child=-1 2 3 4 -2 -3
right_child=1 5 -4 -5 -6 -7
leaf_value=0.25853732719241335 -0.095881650624044745 0.13103787038670794 -0.53379841371749837 0.20503541768528522 -0.68859882957713558 -0.01091849949751381
leaf_weight=120 322 1248 120 240 86 8208
leaf_count=120 322 1248 120 240 86 8208
internal_value=-2.5291e-10 -0.00303448 -0.136642 -0.063094 -0.220817 0.00781686
internal_weight=10344 10224 768 648 408 9456
internal_count=10344 10224 768 648 408 9456
is_linear=0
shrinkage=0.05


Tree=339
num_leaves=7
num_cat=0
split_feature=16 6 10 16 17 11
split_gain=3206.26 23065.4 20326.8 34959.5 17955 18394.9
threshold=312.42709970238099 -0.88622299073327826 351.30015000000009 310.30734702380954 55.617361635164137 356.49190000000004
decision_type=2 2 2 2 2 2
left_child=2 4 -1 -4 5 -2
right_child=1 -3 3 -5 -6 -7
leaf_value=0.0064721053918321073 -0.45068302173167468 0.054794380891640272 -0.1915092050911226 -1.6153423063139964 0.081625985897456621 -1.7123746281862262
leaf_weight=4952 104 4584 521 47 96 40
leaf_count=4952 104 4584 521 47 96 40
internal_value=-1.04697e-10 0.0297777 -0.0260231 -0.309326 -0.448041 -0.801153
internal_weight=10344 4824 5520 568 240 144
internal_count=10344 4824 5520 568 240 144
is_linear=0
shrinkage=0.05


Tree=340
num_leaves=7
num_cat=0
split_feature=4 2 11 14 9 9
split_gain=3394.68 14371 17237.9 16565 30947.5 17008.1
threshold=-0.37940952255126065 4.5000000000000009 356.49190000000004 359.97180000000009 393.29170000000005 375.80705000000006
decision_type=2 2 2 2 2 2
left_child=1 3 -3 4 5 -1
right_child=-2 2 -4 -5 -6 -7
leaf_value=0.080431858792921238 -0.022187120183356602 -0.061330220049444155 -0.84137642877666574 0.84659867477085859 -1.2220970863766141 0.91192922225547213
leaf_weight=2583 6465 1040 76 72 45 63
leaf_count=2583 6465 1040 76 72 45 63
internal_value=-1.41443e-10 0.0369785 -0.114452 0.0981425 0.0781169 0.100229
internal_weight=10344 3879 1116 2763 2691 2646
internal_count=10344 3879 1116 2763 2691 2646
is_linear=0
shrinkage=0.05


Tree=341
num_leaves=7
num_cat=0
split_feature=6 6 0 17 14 10
split_gain=3343.54 11946 14714.2 30459.6 16448.7 13006.4
threshold=-0.074117382312902977 -0.46801505794253101 11.500000000000002 48.244782628205826 334.08075000000002 264.72410000000008
decision_type=2 2 2 2 2 2
left_child=1 5 -3 -4 -5 -1
right_child=-2 2 3 4 -6 -7
leaf_value=0.20755004285023124 -0.023390374016791692 -0.0071327094305565376 1.2302186574964296 0.2950763763704648 -0.67925471683653704 -0.065395493094467808
leaf_weight=529 6168 576 84 444 48 2495
leaf_count=529 6168 576 84 444 48 2495
internal_value=1.70102e-10 0.0345479 0.171562 0.350257 0.20002 -0.0176481
internal_weight=10344 4176 1152 576 492 3024
internal_count=10344 4176 1152 576 492 3024
is_linear=0
shrinkage=0.05


Tree=342
num_leaves=7
num_cat=0
split_feature=17 9 17 17 2 10
split_gain=3330.79 9567.87 6044.32 31382.9 9318.56 15062.4
threshold=104.13585983690119 354.90760000000006 67.7993260790535 68.94468070053324 2.5000000000000004 428.39585000000005
decision_type=2 2 2 2 2 2
left_child=2 -2 -1 -4 -5 -6
right_child=1 -3 3 4 5 -7
leaf_value=0.009035160832947314 0.81517457701265816 -0.049400476831942798 -1.1267525309903754 0.15477782267659981 -0.067305105745726748 -0.83659641074167723
leaf_weight=9240 48 96 72 360 454 74
leaf_count=9240 48 96 72 360 454 74
internal_value=1.49459e-10 0.238791 -0.00337117 -0.122782 -0.0413791 -0.175122
internal_weight=10344 144 10200 960 888 528
internal_count=10344 144 10200 960 888 528
is_linear=0
shrinkage=0.05


Tree=343
num_leaves=7
num_cat=0
split_feature=2 19 15 6 19 13
split_gain=3258.83 12018.3 10176.3 7819.5 7794.02 8854.86
threshold=5.5000000000000009 635.50815000000011 258.92150000000009 0.98049069993378934 439.06655000000006 34.684098773746861
decision_type=2 2 2 2 2 2
left_child=-1 2 -2 4 5 -4
right_child=1 -3 3 -5 -6 -7
leaf_value=-0.011503743284571799 -0.621375949306336 -0.70984175180395448 -0.10935968800234452 0.55451013756295042 0.19650979147848879 0.59994771511604383
leaf_weight=8856 48 48 528 96 720 48
leaf_count=8856 48 48 528 96 720 48
internal_value=-1.98238e-10 0.0684658 0.0944094 0.119092 0.0868384 -0.0502507
internal_weight=10344 1488 1440 1392 1296 576
internal_count=10344 1488 1440 1392 1296 576
is_linear=0
shrinkage=0.05


Tree=344
num_leaves=7
num_cat=0
split_feature=4 2 17 7 16 16
split_gain=3106.73 4808.44 9193.38 7868.41 5504.69 4621.72
threshold=-0.98296291314453399 4.5000000000000009 60.752632531868748 0.66367808336324663 291.45610922619056 319.339036904762
decision_type=2 2 2 2 2 2
left_child=1 2 3 4 -1 -6
right_child=-2 -3 -4 -5 5 -7
leaf_value=0.24897732704542996 -0.0057136491514196133 -0.13136577243886646 0.89776401466793487 0.58242323876938962 -0.56103676163381155 0.11827311783674217
leaf_weight=89 9913 124 45 69 62 42
leaf_count=89 9913 124 45 69 62 42
internal_value=-1.78887e-10 0.131414 0.237553 0.124158 -0.0396779 -0.2867
internal_weight=10344 431 307 262 193 104
internal_count=10344 431 307 262 193 104
is_linear=0
shrinkage=0.05


Tree=345
num_leaves=7
num_cat=0
split_feature=7 7 14 0 0 8
split_gain=3064.4 5745.11 6981.21 10925.8 4479.27 22990.8
threshold=0.99988440732898443 0.99681593486783593 263.96920000000006 12.500000000000002 12.500000000000002 1.0000000180025095e-35
decision_type=2 2 2 2 2 2
left_child=1 4 -3 -4 -1 -6
right_child=-2 2 3 -5 5 -7
leaf_value=-0.027332842926039672 0.3985770394870391 0.24940719939768316 -0.046246809875353789 -0.92034043480049488 -0.037438928657051368 0.20083451988567977
leaf_weight=5473 48 48 78 66 3136 1495
leaf_count=5473 48 48 78 66 3136 1495
internal_value=1.18496e-10 -0.00185817 -0.272803 -0.446873 0.00329043 0.0394816
internal_weight=10344 10296 192 144 10104 4631
internal_count=10344 10296 192 144 10104 4631
is_linear=0
shrinkage=0.05


Tree=346
num_leaves=7
num_cat=0
split_feature=11 12 12 12 11 9
split_gain=3324.35 12072.1 26118.9 19819.7 25632.5 19520.8
threshold=308.26105000000007 293.4967895833334 292.49790416666673 300.00060625000009 372.17550000000006 288.03235000000006
decision_type=2 2 2 2 2 2
left_child=-1 2 -2 4 -3 -5
right_child=1 3 -4 5 -6 -7
leaf_value=0.026328652782187736 -0.12304045060551201 0.18554774232161969 -1.3151644428881506 -0.30041057336545313 1.3917031748151338 0.030849007254401813
leaf_weight=5553 1074 239 48 527 54 2849
leaf_count=5553 1074 239 48 527 54 2849
internal_value=2.9482e-10 -0.0305162 -0.17404 0.0133743 0.407843 -0.0208612
internal_weight=10344 4791 1122 3669 293 3376
internal_count=10344 4791 1122 3669 293 3376
is_linear=0
shrinkage=0.05


Tree=347
num_leaves=7
num_cat=0
split_feature=0 13 9 0 9 2
split_gain=3132.14 10965.9 12266.9 10311.2 27374.8 15119.2
threshold=4.5000000000000009 22.751857205339423 243.52440000000004 10.500000000000002 205.31900000000005 5.5000000000000009
decision_type=2 2 2 2 2 2
left_child=1 -1 -3 5 -5 -2
right_child=3 2 -4 4 -6 -7
leaf_value=-0.16138954535194283 -0.14625665568370669 -0.70166605035463969 0.13507709678487873 1.1658779726578641 0.013305652348646555 0.19824243039593742
leaf_weight=465 2214 45 1645 52 5551 372
leaf_count=465 2214 45 1645 52 5551 372
internal_value=-7.20648e-10 0.0536337 0.112797 -0.0141141 0.0240024 -0.0966999
internal_weight=10344 2155 1690 8189 5603 2586
internal_count=10344 2155 1690 8189 5603 2586
is_linear=0
shrinkage=0.05


Tree=348
num_leaves=7
num_cat=0
split_feature=10 9 17 2 17 19
split_gain=3221.25 20916.9 15699.3 35331 15874.4 23961.4
threshold=318.86780000000005 393.29170000000005 36.880573508586913 3.5000000000000004 45.530427890200322 442.51155000000006
decision_type=2 2 2 2 2 2
left_child=1 -1 3 -2 -4 -6
right_child=2 -3 4 -5 5 -7
leaf_value=0.014817563544745277 0.030571674272817165 1.134362842923119 0.19449878702253143 -1.45713605841081 -0.48055040297008333 -0.017267362505446988
leaf_weight=6280 112 42 738 62 310 2800
leaf_count=6280 112 42 738 62 310 2800
internal_value=-4.59444e-10 0.0222552 -0.034982 -0.499531 -0.0139759 -0.0634467
internal_weight=10344 6322 4022 174 3848 3110
internal_count=10344 6322 4022 174 3848 3110
is_linear=0
shrinkage=0.05


Tree=349
num_leaves=7
num_cat=0
split_feature=14 10 12 16 14 10
split_gain=3166.8 10384.7 11137.7 12338.1 6923.19 12419.5
threshold=207.30400000000003 403.14735000000007 315.58338750000001 369.05816130952388 201.58345000000003 220.62095000000002
decision_type=2 2 2 2 2 2
left_child=1 2 4 -4 -1 -6
right_child=-2 -3 3 -5 5 -7
leaf_value=-0.020084000576753171 0.010690896724343717 -0.72603821173824112 0.84642552744065014 -0.15948307969503933 -1.0759565256536008 -0.16331987331209125
leaf_weight=874 9000 58 70 54 44 244
leaf_count=874 9000 58 70 54 44 244
internal_value=2.06361e-10 -0.0715908 -0.0420745 0.408369 -0.0901425 -0.30275
internal_weight=10344 1344 1286 124 1162 288
internal_count=10344 1344 1286 124 1162 288
is_linear=0
shrinkage=0.05


end of trees

feature_importances:
last=309
std24=195
lag168=186
doy_cos=164
hour=153
lag24=142
weekday=120
min24=102
hour_sin=97
doy_sin=97
std168=95
mean24=90
max168=82
max24=71
mean168=64
min168=64
hour_cos=39
workhour=30

parameters:
[boosting: gbdt]
[objective: regression]
[metric: l2]
[tree_learner: serial]
[device_type: cpu]
[data_sample_strategy: bagging]
[data: ]
[valid: ]
[num_iterations: 350]
[learning_rate: 0.05]
[num_leaves: 7]
[num_threads: 2]
[seed: 20261006]
[deterministic: 1]
[force_col_wise: 1]
[force_row_wise: 0]
[histogram_pool_size: -1]
[max_depth: -1]
[min_data_in_leaf: 40]
[min_sum_hessian_in_leaf: 0.001]
[bagging_fraction: 1]
[pos_bagging_fraction: 1]
[neg_bagging_fraction: 1]
[bagging_freq: 0]
[bagging_seed: 27463]
[bagging_by_query: 0]
[feature_fraction: 1]
[feature_fraction_bynode: 1]
[feature_fraction_seed: 885]
[extra_trees: 0]
[extra_seed: 17743]
[early_stopping_round: 0]
[early_stopping_min_delta: 0]
[first_metric_only: 0]
[max_delta_step: 0]
[lambda_l1: 0]
[lambda_l2: 0]
[linear_lambda: 0]
[min_gain_to_split: 0]
[drop_rate: 0.1]
[max_drop: 50]
[skip_drop: 0.5]
[xgboost_dart_mode: 0]
[uniform_drop: 0]
[drop_seed: 19011]
[top_rate: 0.2]
[other_rate: 0.1]
[min_data_per_group: 100]
[max_cat_threshold: 32]
[cat_l2: 10]
[cat_smooth: 10]
[max_cat_to_onehot: 4]
[top_k: 20]
[monotone_constraints: ]
[monotone_constraints_method: basic]
[monotone_penalty: 0]
[feature_contri: ]
[forcedsplits_filename: ]
[refit_decay_rate: 0.9]
[cegb_tradeoff: 1]
[cegb_penalty_split: 0]
[cegb_penalty_feature_lazy: ]
[cegb_penalty_feature_coupled: ]
[path_smooth: 0]
[interaction_constraints: ]
[verbosity: -1]
[saved_feature_importance_type: 0]
[use_quantized_grad: 0]
[num_grad_quant_bins: 4]
[quant_train_renew_leaf: 0]
[stochastic_rounding: 1]
[linear_tree: 0]
[max_bin: 255]
[max_bin_by_feature: ]
[min_data_in_bin: 3]
[bin_construct_sample_cnt: 200000]
[data_random_seed: 5366]
[is_enable_sparse: 1]
[enable_bundle: 1]
[use_missing: 1]
[zero_as_missing: 0]
[feature_pre_filter: 1]
[pre_partition: 0]
[two_round: 0]
[header: 0]
[label_column: ]
[weight_column: ]
[group_column: ]
[ignore_column: ]
[categorical_feature: ]
[forcedbins_filename: ]
[precise_float_parser: 0]
[parser_config_file: ]
[objective_seed: 8607]
[num_class: 1]
[is_unbalance: 0]
[scale_pos_weight: 1]
[sigmoid: 1]
[boost_from_average: 1]
[reg_sqrt: 0]
[alpha: 0.9]
[fair_c: 1]
[poisson_max_delta_step: 0.7]
[tweedie_variance_power: 1.5]
[lambdarank_truncation_level: 30]
[lambdarank_norm: 1]
[label_gain: ]
[lambdarank_position_bias_regularization: 0]
[eval_at: ]
[multi_error_top_k: 1]
[auc_mu_weights: ]
[num_machines: 1]
[local_listen_port: 12400]
[time_out: 120]
[machine_list_filename: ]
[machines: ]
[gpu_platform_id: -1]
[gpu_device_id: -1]
[gpu_device_id_list: ]
[gpu_use_dp: 0]
[num_gpu: 1]

end of parameters

pandas_categorical:[]
