tree
version=v4
num_class=1
num_tree_per_iteration=1
label_index=0
max_feature_idx=27
objective=regression
feature_names=hour lead weekday weekend hour_sin hour_cos doy_sin doy_cos workhour last lag24 lag168 mean24 std24 min24 max24 mean168 std168 min168 max168 missing24 missing168 temp_last temp_mean24 temp_mean168 temp_delta24 interaction_temp_work interaction_temp_sin
feature_infos=[0:23] [1:24] [0:6] [0:1] [-1:1] [-1:1] [-0.9999994220246925:0.99998555065071859] [-0.99997919295908233:0.9999907524084426] [0:1] [0:473.34809999999999] [0:669.67240000000004] [0:669.67240000000004] [198.16243333333333:485.20365416666669] [0:196.34452317078706] [0:407.9579] [247.38040000000001:669.67240000000004] [243.00278273809522:422.1969666666667] [29.379798488138235:115.18698510270571] [0:311.97559999999999] [336.40519999999998:669.67240000000004] none none [-11.699999999999999:30] [-12.245833333333335:30.425000000000001] [-5.5702380952380945:28.647619047619049] [-16.599999999999998:13.299999999999999] [-12.245833333333335:29.712499999999995] [-30.425000000000001:30.425000000000001]
tree_sizes=2674 2734 2727 2724 2737 2729 2721 2733 2751 2742 2724 2745 2726 2743 2730 2757 2749 2752 2753 2764 2730 2748 2760 2757 2762 2753 2746 2737 2747 2749 2749 2766 2773 2766 2761 2741 2742 2774 2770 2749 2746 2765 2775 2745 2768 2753 2783 2758 2760 2783 2771 2757 2754 2786 2798 2767 2777 2793 2773 2768 2768 2778 2786 2775 2781 2772 2795 2775 2768 2770 2774 2775 2773 2757 2764 2805 2760 2819 2806 2813 2756 2801 2789 2786 2799 2805 2790 2776 2778 2774 2789 2801 2788 2799 2812 2778 2756 2786 2781 2779 2799 2797 2787 2811 2787 2774 2808 2785 2788 2803 2833 2786 2799 2802 2803 2822 2757 2807 2792 2790 2782 2773 2760 2792 2779 2826 2790 2785 2789 2807 2776 2763 2771 2812 2757 2782 2790 2798 2784 2772 2805 2805 2789 2789 2780 2789 2797 2783 2824 2763

Tree=0
num_leaves=31
num_cat=0
split_feature=10 11 26 12 27 2 9 22 2 14 14 22 0 9 27 15 0 19 10 27 23 2 5 9 13 6 2 9 14 27
split_gain=1.09438e+07 4.0219e+06 1.61808e+06 1.45644e+06 829166 667379 612891 512637 485986 556699 474329 396158 386590 358186 289894 233892 227014 225085 218614 202721 196993 193100 161924 154713 154565 139879 138560 134033 123834 123410
threshold=352.72000000000008 307.38730000000004 -1.0000000180025095e-35 279.50754375000002 -1.0000000180025095e-35 4.5000000000000009 347.96405000000004 3.0500000000000003 1.0000000180025095e-35 270.86590000000007 269.03000000000003 -1.95 12.500000000000002 287.44125000000008 4.2404673850403203 343.38965000000007 12.500000000000002 444.46585000000005 389.87695000000002 4.4872751944649574 -4.6374999999999984 4.5000000000000009 0.37940952255126048 212.83295000000001 44.206261712450264 0.1849296026015865 4.5000000000000009 345.56350000000003 204.85815000000005 -5.4327225132537666
decision_type=2 2 2 2 2 2 2 2 2 2 2 2 2 2 2 2 2 2 2 2 2 2 2 2 2 2 2 2 2 2
left_child=1 3 12 14 8 7 -7 18 9 -3 19 -6 -2 24 21 -10 -9 28 -4 -5 -14 29 -11 -16 -13 -19 -17 -15 -18 -1
right_child=2 4 5 10 11 6 -8 16 15 22 -12 13 20 27 23 26 17 25 -20 -21 -22 -23 -24 -25 -26 -27 -28 -29 -30 -31
leaf_value=310.68550973898147 315.78399922093473 312.91652725782734 314.62348418255937 310.27247915299978 314.36680249572288 311.01149236188689 314.29731706839158 311.78826974531523 310.75448944023668 318.16097233702016 311.10182605324479 309.62839096543917 322.82653605366716 310.85890359124204 305.0400241246806 312.64343068571259 310.43120463278291 315.20843091887525 316.6921094112065 309.30330653385255 318.69211448584286 308.32909225412374 314.3187724847237 307.93131028568195 306.39744413037482 313.48118178097513 311.02563042304536 312.43257402907051 313.35963696257022 309.06521089759735
leaf_weight=199 99 367 244 1059 76 330 249 128 280 79 987 266 40 713 49 843 42 368 268 1100 103 500 42 830 43 172 157 167 257 287
leaf_count=199 99 367 244 1059 76 330 249 128 280 79 987 266 40 713 49 843 42 368 268 1100 103 500 42 830 43 172 157 167 257 287
internal_value=311.277 310.407 314.318 309.537 311.844 313.864 312.425 314.427 312.544 313.886 310.194 310.867 318.186 310.643 308.43 312.032 313.75 314.049 315.706 309.779 319.849 309.019 316.827 307.77 309.179 314.658 312.389 311.158 312.948 309.729
internal_weight=10344 8044 2300 5011 3033 2058 579 1479 1768 488 3146 1265 242 1189 1865 1280 967 839 512 2159 143 986 121 879 309 540 1000 880 299 486
internal_count=10344 8044 2300 5011 3033 2058 579 1479 1768 488 3146 1265 242 1189 1865 1280 967 839 512 2159 143 986 121 879 309 540 1000 880 299 486
is_linear=0
shrinkage=1


Tree=1
num_leaves=31
num_cat=0
split_feature=10 10 11 26 12 2 11 2 9 9 22 9 14 0 24 0 27 2 19 9 22 27 27 23 19 0 0 9 9 2
split_gain=9.96836e+06 2.47533e+06 2.14898e+06 1.01218e+06 921243 669297 658562 447980 362884 345513 310707 289076 279455 257717 254114 244491 233647 240456 222093 203247 191975 181245 179758 179165 175048 155569 155502 154504 143463 133344
threshold=317.66055000000006 383.41895000000005 306.42370000000005 -1.0000000180025095e-35 279.50754375000002 1.0000000180025095e-35 322.83205000000004 4.5000000000000009 368.22620000000006 276.46805000000006 3.0500000000000003 347.96405000000004 221.98540000000003 11.500000000000002 9.4455357142857164 12.500000000000002 -0.53435348686791351 1.0000000180025095e-35 431.64330000000007 364.18065000000007 -2.4999999999999996 1.6004602856356974e-15 4.2404673850403203 -4.6374999999999984 444.46585000000005 19.500000000000004 12.500000000000002 282.05545000000006 308.59115000000003 4.5000000000000009
decision_type=2 2 2 2 2 2 2 2 2 2 2 2 2 2 2 2 2 2 2 2 2 2 2 2 2 2 2 2 2 2
left_child=2 6 4 15 22 13 9 10 16 12 -5 -9 -2 -4 25 -3 17 -8 -6 -11 -18 -7 29 -17 -12 -15 -26 -23 -20 -1
right_child=1 3 5 7 18 21 8 11 -10 19 24 -13 -14 14 -16 23 20 -19 28 -21 -22 27 -24 -25 26 -27 -28 -29 -30 -31
leaf_value=-1.6394888267362309 -4.4528137499286284 4.619223260879517 -0.45636598589800059 4.9224910138905811 -1.8421452516614807 0.071398898273161274 4.7519547828486273 -0.21402232781818784 4.3546579859121062 0.32043213620247368 0.861578061163079 2.9495987257240595 -0.45816818076692178 4.4462234114381403 1.0499131384876468 10.972126846313477 3.6745997095108032 1.7356325035605644 -1.2434754811989575 2.4204835194981462 0.23174428231553132 -2.4184403293743366 -3.2717448012719212 6.9767716022247974 0.64731463854934312 1.5024436324834824 3.7093070358672939 -0.63501778127183806 -0.21765020853583883 -2.8488918807174084
leaf_weight=439 62 76 124 316 1017 697 71 141 123 906 86 148 149 132 248 40 45 952 975 132 404 164 870 94 47 68 352 468 524 474
leaf_count=439 62 76 124 316 1017 697 71 141 123 906 86 148 149 132 248 40 45 952 975 132 404 164 870 94 47 68 352 468 524 474
internal_value=2.56154e-09 1.89856 -1.26897 3.70602 -1.88798 0.130883 1.07236 3.09364 1.74565 0.212549 3.7025 1.4061 -1.63195 1.56094 2.1193 6.88458 1.52764 1.94498 -1.27182 0.587491 0.576797 -0.484611 -2.75745 8.16941 2.90762 3.44534 3.34862 -1.0978 -0.884881 -2.26737
internal_weight=10344 4144 6200 1300 4299 1901 2844 1090 1595 1249 801 289 211 572 448 210 1472 1023 2516 1038 449 1329 1783 134 485 200 399 632 1499 913
internal_count=10344 4144 6200 1300 4299 1901 2844 1090 1595 1249 801 289 211 572 448 210 1472 1023 2516 1038 449 1329 1783 134 485 200 399 632 1499 913
is_linear=0
shrinkage=0.05


Tree=2
num_leaves=31
num_cat=0
split_feature=10 10 11 26 12 2 11 2 9 9 22 9 14 11 0 25 16 11 9 9 27 27 23 19 0 9 2 14 27 10
split_gain=8.99644e+06 2.23399e+06 1.93945e+06 913492 831422 604040 594352 404302 327503 311826 280413 260891 252208 236497 220653 216156 200481 198765 183431 167241 163573 162232 161697 157980 140340 139440 120343 116731 105438 105110
threshold=317.66055000000006 383.41895000000005 306.42370000000005 -1.0000000180025095e-35 279.50754375000002 1.0000000180025095e-35 322.83205000000004 4.5000000000000009 368.22620000000006 276.46805000000006 3.0500000000000003 347.96405000000004 221.98540000000003 354.21165000000002 12.500000000000002 5.2500000000000027 310.30734702380954 445.16465000000005 364.18065000000007 275.44580000000002 1.6004602856356974e-15 4.2404673850403203 -4.6374999999999984 444.46585000000005 12.500000000000002 282.05545000000006 4.5000000000000009 239.97500000000002 -1.0000000180025095e-35 351.30015000000009
decision_type=2 2 2 2 2 2 2 2 2 2 2 2 2 2 2 2 2 2 2 2 2 2 2 2 2 2 2 2 2 2
left_child=2 6 4 14 21 13 9 10 15 12 -5 -9 -2 -4 -3 17 -6 29 -11 -15 -7 26 -16 -12 -25 -22 -1 -21 -17 -8
right_child=1 3 5 7 16 20 8 11 -10 18 23 -13 -14 19 22 28 -18 -19 -20 27 25 -23 -24 24 -26 -27 -28 -29 -30 -31
leaf_value=-1.5575143423941249 -4.23017302707078 4.3882620042876193 0.46621056805540634 4.6763664721688141 -1.5476760737787245 0.067828945439025609 1.1564648230375145 -0.20332120521694211 4.1369250704117908 0.304410534863572 0.81849917027839403 2.8021187930493743 -0.43525976135626743 1.0464281013378731 10.423520565032959 0.93347317333068325 -0.62137568182920044 4.2589489250115946 2.2994593585530918 1.3242465231153702 -2.2975183592700374 -3.1081575943426838 6.6279329502836193 0.61494885828900847 3.5238415677439088 -0.60326689977167003 -2.7064472693588413 4.2972137073355334 -1.4081853183549504 2.109752490945362
leaf_weight=439 62 76 286 316 1594 697 725 141 123 906 86 148 149 117 40 109 922 71 132 45 164 870 94 47 352 468 474 124 86 481
leaf_count=439 62 76 286 316 1594 697 725 141 123 906 86 148 149 117 40 109 922 71 132 45 164 870 94 47 352 468 474 124 86 481
internal_value=-1.60191e-09 1.80363 -1.20552 3.52072 -1.79358 0.124339 1.01874 2.93896 1.65837 0.201922 3.51738 1.3358 -1.55035 1.48289 6.54035 1.45126 -1.20823 1.68803 0.558116 2.49957 -0.46038 -2.61957 7.76094 2.76224 3.18119 -1.04291 -2.154 3.5056 -0.0992583 1.53667
internal_weight=10344 4144 6200 1300 4299 1901 2844 1090 1595 1249 801 289 211 572 210 1472 2516 1277 1038 286 1329 1783 134 485 399 632 913 169 195 1206
internal_count=10344 4144 6200 1300 4299 1901 2844 1090 1595 1249 801 289 211 572 210 1472 2516 1277 1038 286 1329 1783 134 485 399 632 913 169 195 1206
is_linear=0
shrinkage=0.05


Tree=3
num_leaves=31
num_cat=0
split_feature=10 11 12 26 27 2 9 2 14 22 22 9 10 0 10 15 26 13 16 10 23 9 11 9 27 19 6 9 27 2
split_gain=8.12425e+06 3.11158e+06 1.17137e+06 1.08357e+06 664433 495081 428696 396436 481105 338229 335960 306298 304018 281013 269566 236224 172073 160409 155225 148872 141668 141299 131102 126730 121003 129279 115192 114570 113822 104586
threshold=359.09740000000005 307.38730000000004 295.97181250000011 -1.0000000180025095e-35 -1.0000000180025095e-35 4.5000000000000009 347.96405000000004 1.5000000000000002 270.86590000000007 -1.95 3.0500000000000003 287.44125000000008 304.88340000000005 12.500000000000002 269.50805000000008 352.54390000000006 0.57708333333333339 44.206261712450264 269.28757678571429 448.91490000000005 -4.6374999999999984 236.56660000000002 342.86950000000007 345.56350000000003 -1.0000000180025095e-35 444.46585000000005 0.1849296026015865 362.4504500000001 4.4872751944649574 4.5000000000000009
decision_type=2 2 2 2 2 2 2 2 2 2 2 2 2 2 2 2 2 2 2 2 2 2 2 2 2 2 2 2 2 2
left_child=1 2 14 13 7 10 -7 8 22 -6 19 17 27 -2 18 -9 -10 -11 -1 -5 -15 -16 -3 -13 25 -12 -27 28 -4 -23
right_child=3 4 12 5 9 6 -8 15 16 11 24 23 -14 20 21 -17 -18 -19 -20 -21 -22 29 -24 -25 -26 26 -28 -29 -30 -31
leaf_value=-3.173010362574348 3.8905028175447409 0.45144692592234481 -0.68379633030193487 3.6129802085496672 2.7279298653914816 -0.29681403921158228 2.6304975321876132 -0.71497547855621524 3.171265962187733 -1.429627104772486 1.5811053526938939 -0.37403137648460216 0.050571292646514589 9.9023444366455085 -4.4507815262675292 0.95003402695387784 6.5077481415312164 -4.6506839190589053 -2.1865614582971276 6.1444533011492561 6.3962339827157919 -0.9087762757158564 1.9243625854154427 1.1178701073352226 0.65957781684641947 3.4879183928711073 1.8649610668218715 0.76896281376505249 -1.6031711544132172 -1.939250507272902
leaf_weight=648 97 253 585 398 84 270 233 291 112 274 244 727 927 40 40 795 59 45 1037 68 103 497 375 177 98 350 159 77 793 488
leaf_count=648 97 253 585 398 84 270 233 291 112 274 244 727 927 40 40 795 59 45 1037 68 103 497 375 177 98 350 159 77 793 488
internal_value=5.27332e-09 -0.698765 -1.466 2.80998 0.525157 2.39356 1.05918 1.12584 1.9712 -0.341171 2.9032 -0.551968 -0.657114 5.96785 -2.17698 0.503885 4.32245 -1.88401 -2.56592 3.98238 7.37696 -1.53761 1.33097 -0.0819223 2.31225 2.52734 2.98094 -1.10799 -1.21287 -1.41931
internal_weight=10344 8284 5092 2060 3192 1820 503 1885 799 1307 1317 1223 2382 240 2710 1086 171 319 1685 466 143 1025 628 904 851 753 509 1455 1378 985
internal_count=10344 8284 5092 2060 3192 1820 503 1885 799 1307 1317 1223 2382 240 2710 1086 171 319 1685 466 143 1025 628 904 851 753 509 1455 1378 985
is_linear=0
shrinkage=0.05


Tree=4
num_leaves=31
num_cat=0
split_feature=10 10 11 26 12 2 9 11 2 22 12 9 0 24 27 2 0 19 22 27 27 2 19 9 27 0 19 10 9 9
split_gain=7.38105e+06 1.81995e+06 1.56426e+06 742263 684011 503797 500759 450626 330839 242465 215240 211933 205253 208756 187919 195538 177673 177021 153880 141805 141782 140343 206888 138093 136202 135646 130015 123934 119923 113782
threshold=317.66055000000006 383.41895000000005 306.42370000000005 -1.0000000180025095e-35 279.50754375000002 1.0000000180025095e-35 368.22620000000006 320.13185000000004 4.5000000000000009 4.7000000000000011 268.59636458333341 347.96405000000004 11.500000000000002 9.4455357142857164 -0.53435348686791351 1.0000000180025095e-35 12.500000000000002 431.64330000000007 -2.4999999999999996 4.2404673850403203 -15.064764184787039 4.5000000000000009 427.00840000000005 366.54130000000004 1.6004602856356974e-15 19.500000000000004 442.51155000000006 454.71615000000008 308.59115000000003 287.78790000000004
decision_type=2 2 2 2 2 2 2 2 2 2 2 2 2 2 2 2 2 2 2 2 2 2 2 2 2 2 2 2 2 2
left_child=2 6 4 16 19 12 7 10 9 27 -2 -10 -4 25 15 -9 -3 -6 -16 -1 26 -12 -23 -18 -7 -14 -11 -5 -19 -26
right_child=1 3 5 8 17 24 -8 14 11 20 21 -13 13 -15 18 -17 23 28 -20 -21 -22 22 -24 -25 29 -27 -28 -29 -30 -31
leaf_value=-1.9339880549568207 -3.6194345564395194 3.9743238154014477 -0.4572050106621558 3.5795018015424072 -1.5983079446668325 0.050374325454619895 3.2994984245994718 4.2091968570796539 -0.17831445737900412 0.92176723739375233 0.60342687798082828 2.5304879499045581 3.9778730076822373 0.87213275242717048 3.2477672484848235 1.4913789994156896 5.3220969453454021 -1.0715382456057347 0.17162395249300078 -2.8260528482907805 1.2636492330319173 -2.473173098530725 0.035790723583945153 8.5355283682686949 -1.9864399432822279 1.2290493865196099 3.9911983873533168 5.7492575945677586 -0.13364447859717526 -0.5233263892694735
leaf_weight=913 40 76 124 351 1017 697 206 71 141 46 625 148 132 248 45 975 64 975 421 870 185 107 354 70 190 68 138 81 524 442
leaf_count=913 40 76 124 351 1017 697 206 71 141 46 625 148 132 248 45 975 64 975 421 870 185 107 354 70 190 68 138 81 524 442
internal_value=5.05852e-09 1.63369 -1.09194 3.18352 -1.62006 0.102381 0.925264 0.739862 2.65911 3.18234 -0.0174025 1.20889 1.34309 1.84139 1.3038 1.67586 5.90548 -1.08913 0.468676 -2.36926 2.24109 0.115269 -0.54655 7.00076 -0.43162 3.04327 3.22384 3.98633 -0.743682 -0.963186
internal_weight=10344 4144 6200 1300 4299 1901 2844 2638 1090 801 1126 289 572 448 1512 1046 210 2516 466 1783 369 1086 461 134 1329 200 184 432 1499 632
internal_count=10344 4144 6200 1300 4299 1901 2844 2638 1090 801 1126 289 572 448 1512 1046 210 2516 466 1783 369 1086 461 134 1329 200 184 432 1499 632
is_linear=0
shrinkage=0.05


Tree=5
num_leaves=31
num_cat=0
split_feature=10 11 26 12 2 9 2 0 11 22 0 27 27 10 22 0 2 23 11 9 9 23 9 16 27 12 16 9 14 17
split_gain=6.67985e+06 2.10339e+06 1.13425e+06 842863 551087 530220 608850 366584 321946 287539 271833 234111 233903 194270 194225 188425 176018 172433 167456 162688 147167 131132 127251 125271 121680 121409 120984 120440 119533 106933
threshold=340.75020000000006 310.10480000000007 -1.0000000180025095e-35 295.97181250000011 1.0000000180025095e-35 344.78755000000007 4.5000000000000009 12.500000000000002 434.02505000000002 4.1500000000000012 12.500000000000002 1.0253865595360862e-15 4.2404673850403203 304.88340000000005 -6.9499999999999993 11.500000000000002 4.5000000000000009 3.2645833333333338 373.37400000000008 212.83295000000001 282.05545000000006 27.602083333333333 280.06270000000006 273.99660446428578 -5.4327225132537666 298.98066250000005 264.28088214285725 366.54130000000004 270.86590000000007 55.120934033839589
decision_type=2 2 2 2 2 2 2 2 2 2 2 2 2 2 2 2 2 2 2 2 2 2 2 2 2 2 2 2 2 2
left_child=1 3 10 12 8 6 7 -4 15 -9 -2 22 16 -5 -7 -3 24 -17 21 -14 -13 -16 -6 -21 -1 -10 -18 -12 -19 -23
right_child=2 4 5 13 11 14 -8 9 25 -11 27 20 19 -15 18 17 26 28 -20 23 -22 29 -24 -25 -26 -27 -28 -29 -30 -31
leaf_value=-0.11522298123374695 3.385795145953467 -0.37210960002983512 0.052565875540984922 -0.98622372362832889 -0.31373664556592029 4.7192988261998261 -0.47615184705425051 3.4432671811789732 2.344147074222565 1.6153261221978452 5.1879068816917533 -1.9609714484421745 -5.278578123754385 0.0089259498589799383 2.3439816985015325 4.0336061861977646 -3.4026218250819618 0.82362386532650711 3.6421042947594184 -3.0549146684759485 -0.33696214822271181 -1.6469636629521849 0.80684547850683552 -1.9936823797502381 -1.4689574088975295 5.897328400949263 -1.7598732680120852 8.0824545338948575 3.1997445863943836 1.7506613709455863
leaf_weight=262 109 147 249 1486 388 107 400 316 44 674 69 180 49 732 508 67 140 285 218 414 620 40 730 847 453 53 562 75 65 55
leaf_count=262 109 147 249 1486 388 107 400 316 44 674 69 180 49 732 508 67 140 285 218 414 620 40 730 847 453 53 562 75 65 55
internal_value=-4.66142e-09 -0.777874 2.07543 -1.38161 0.379738 1.76063 1.21991 1.76747 1.62476 2.19879 5.26957 -0.0493347 -1.97032 -0.657797 2.71562 1.16714 -1.52508 1.70975 2.45448 -2.45193 -0.702364 2.02513 0.417949 -2.3421 -0.972904 4.28558 -2.08749 6.69548 1.2649 0.320082
internal_weight=10344 7524 2820 4945 2579 2567 1639 1239 661 990 253 1918 2727 2218 928 564 1417 417 821 1310 800 603 1118 1261 715 97 702 144 350 95
internal_count=10344 7524 2820 4945 2579 2567 1639 1239 661 990 253 1918 2727 2218 928 564 1417 417 821 1310 800 603 1118 1261 715 97 702 144 350 95
is_linear=0
shrinkage=0.05


Tree=6
num_leaves=31
num_cat=0
split_feature=10 11 10 26 27 2 12 9 11 22 10 9 16 2 9 0 22 22 12 22 2 14 10 11 13 27 25 22 9 23
split_gain=6.05447e+06 2.28029e+06 929909 793904 487327 375946 326386 325767 306002 268003 266520 258459 244503 215854 217934 206771 169411 125342 121160 118653 117553 117155 106442 105895 106146 102786 100666 95753.6 91909.2 88952.4
threshold=359.09740000000005 312.23485000000005 279.79485000000005 -1.0000000180025095e-35 -1.0000000180025095e-35 4.5000000000000009 370.19984375000007 308.59115000000003 467.96960000000007 3.6000000000000001 442.46265000000011 308.59115000000003 273.99660446428578 4.5000000000000009 308.59115000000003 12.500000000000002 3.0500000000000003 -1.95 260.80630000000008 -4.1499999999999995 1.0000000180025095e-35 275.97495000000009 298.02865000000003 348.12010000000004 21.636347954638477 -19.575072725847583 -0.50000000000000011 4.7000000000000011 299.25780000000003 2.5333333333333337
decision_type=2 2 2 2 2 2 2 2 2 2 2 2 2 2 2 2 2 2 2 2 2 2 2 2 2 2 2 2 2 2
left_child=1 2 12 15 8 10 -7 18 13 17 16 21 -1 14 23 -2 -5 -6 22 -17 -16 -11 -4 -3 -25 -18 -12 -14 -15 -9
right_child=3 4 7 5 9 6 -8 29 -10 11 26 -13 27 28 20 19 25 -19 -20 -21 -22 -23 -24 24 -26 -27 -28 -29 -30 -31
leaf_value=-2.5928456051737356 3.3468668933381744 0.2291369510218651 -1.2655384103187695 3.1017638145255919 2.5459543217833227 -0.29090737526754989 2.2612556983227448 1.2010405638979542 4.7494095743254379 -1.4154472115704582 5.9352478496844956 0.13428485675432375 -0.72679078469471059 -1.9704828090863686 3.6588202864724275 8.1865387951886213 2.7705144519535239 0.32477945946265907 -0.87689466507388691 5.2156545231851297 1.657906498756093 -4.127023697197437 -4.6821905750036237 2.4077163055747541 0.82615199553196206 1.4672058935641739 3.3923667308903234 -1.708121452838729 0.18349209215927434 -0.051447474235832805
leaf_weight=812 97 497 53 386 78 267 236 171 54 347 65 356 294 73 94 54 207 342 1547 89 335 45 40 143 411 562 97 1609 154 829
leaf_count=812 97 497 53 386 78 267 236 171 54 347 65 356 294 73 94 54 207 342 1547 89 335 45 40 143 411 562 97 1609 154 829
internal_value=4.16758e-09 -0.603222 -1.21674 2.42577 0.518446 2.06933 0.906529 -0.548557 1.04369 -0.273469 2.51344 -0.841004 -1.86646 0.926464 1.14666 5.1288 2.24705 0.737283 -0.982267 6.33753 2.09634 -1.72673 -2.73507 0.759023 1.23439 1.81803 4.41266 -1.55651 -0.509196 0.162728
internal_weight=10344 8284 5355 2060 2929 1820 503 2640 1761 1168 1317 748 2715 1707 1480 240 1155 420 1640 143 429 392 93 1051 554 769 162 1903 227 1000
internal_count=10344 8284 5355 2060 2929 1820 503 2640 1761 1168 1317 748 2715 1707 1480 240 1155 420 1640 143 429 392 93 1051 554 769 162 1903 227 1000
is_linear=0
shrinkage=0.05


Tree=7
num_leaves=31
num_cat=0
split_feature=10 10 11 10 26 9 11 2 2 9 22 9 14 16 22 25 11 27 0 24 16 13 27 19 19 25 7 22 7 11
split_gain=5.50852e+06 1.35396e+06 1.15149e+06 594068 540774 400187 339179 294989 251193 193844 190644 183410 204750 181045 165764 155962 139233 131785 127679 151345 127636 124720 116601 112977 109859 109834 106000 98616.8 95520.3 92115.9
threshold=317.66055000000006 383.41895000000005 325.40140000000002 269.50805000000008 -1.0000000180025095e-35 368.22620000000006 320.13185000000004 1.0000000180025095e-35 4.5000000000000009 281.44530000000003 4.7000000000000011 276.46805000000006 221.98540000000003 269.28757678571429 -4.6999999999999993 6.6500000000000012 445.16465000000005 2.2163990721967255 12.500000000000002 9.4455357142857164 316.93093154761908 68.33285487965675 -15.064764184787039 442.51155000000006 530.78495000000009 -1.0000000180025095e-35 0.7074720817434873 4.7000000000000011 0.70138038092733435 272.60830000000004
decision_type=2 2 2 2 2 2 2 2 2 2 2 2 2 2 2 2 2 2 2 2 2 2 2 2 2 2 2 2 2 2
left_child=2 5 3 13 17 6 11 18 10 -5 25 12 -2 29 -10 16 -8 -3 -4 20 -20 -9 23 -12 -22 -6 -11 -15 -7 -1
right_child=1 4 7 9 8 28 15 21 14 26 22 -13 -14 27 -16 -17 -18 -19 19 -21 24 -23 -24 -25 -26 -27 -28 -29 -30 -31
leaf_value=-2.8327310089061695 -3.8330610379576684 4.3896242803997465 -0.2209223462289639 -1.3186803926954624 4.2375802416354418 1.5146036411880663 1.1610401178772241 -0.35465100026597762 3.3519258092661377 -0.675389383576527 0.66707106349260914 0.27773192346483921 -0.35657375703255334 -0.61792956903907992 0.4174464919065175 -0.53190682941904432 3.4047381869734155 7.3725000778834033 5.1624547441800441 0.89609567678636981 0.79242897314183858 1.7380253793695308 1.0353797591497771 3.528315253490987 3.8623096337505416 2.6419766302578727 0.25515934621827624 -1.7489989503792316 3.7459810037796317 -1.3270938310892353
leaf_weight=562 60 162 89 1044 224 76 1309 721 61 1262 46 922 144 225 228 130 73 48 48 180 68 79 185 138 51 208 404 1343 130 124
leaf_count=562 60 162 89 1044 224 76 1309 721 61 1262 46 922 144 225 228 130 73 48 48 180 68 79 185 138 51 208 404 1343 130 124
internal_value=1.94435e-09 1.41133 -0.943316 -1.28333 2.7481 0.80029 0.634548 0.422246 2.30049 -0.784487 2.75641 -0.0224347 -1.37907 -1.88309 1.03683 1.12381 1.27956 5.07142 1.46857 1.9019 2.98599 -0.147999 1.92178 2.813 2.10809 3.46933 -0.449734 -1.5867 2.92275 -2.56058
internal_weight=10344 4144 6200 4964 1300 2844 2638 1236 1090 2710 801 1126 204 2254 289 1512 1382 210 436 347 167 800 369 184 119 432 1666 1568 206 686
internal_count=10344 4144 6200 4964 1300 2844 2638 1236 1090 2710 801 1126 204 2254 289 1512 1382 210 436 347 167 800 369 184 119 432 1666 1568 206 686
is_linear=0
shrinkage=0.05


Tree=8
num_leaves=31
num_cat=0
split_feature=10 10 11 26 10 9 2 11 2 9 22 2 27 9 16 0 11 17 22 13 5 22 22 27 2 13 4 9 22 19
split_gain=4.97143e+06 1.22231e+06 1.03922e+06 609052 536147 323290 312046 284690 266228 251226 218470 180875 269547 177809 163393 159162 151913 116019 115546 112560 104865 100673 100469 97875.7 96425.5 96348.1 93321.7 92105.8 89001.7 85361.5
threshold=317.66055000000006 363.64205000000004 325.40140000000002 -1.0000000180025095e-35 269.50805000000008 308.59115000000003 4.5000000000000009 431.25270000000006 1.0000000180025095e-35 347.96405000000004 -3.5999999999999992 4.5000000000000009 1.0253865595360862e-15 304.82115000000005 269.28757678571429 13.500000000000002 358.12125000000009 63.650609994227942 5.8500000000000005 68.33285487965675 0.25881904510252057 -1.3999999999999997 3.6000000000000001 4.2404673850403203 4.5000000000000009 47.378506677532236 -0.37940952255126065 366.54130000000004 4.7000000000000011 436.89270000000005
decision_type=2 2 2 2 2 2 2 2 2 2 2 2 2 2 2 2 2 2 2 2 2 2 2 2 2 2 2 2 2 2
left_child=2 5 4 15 14 11 10 21 18 -8 -5 12 -2 22 -1 -3 -12 -14 20 -10 -4 -7 -6 -15 26 -18 -23 -17 -16 -13
right_child=1 3 8 6 13 7 9 -9 19 -11 16 29 17 23 28 27 25 -19 -20 -21 -22 24 -24 -25 -26 -27 -28 -29 -30 -31
leaf_value=-2.4325462455304652 0.77428212617056213 3.4150941487153368 3.2807218375174623 4.5223981627711547 -0.23293914440547742 2.1500348000131821 -0.29421991920090645 5.2372967138523014 -0.336918452500925 2.0656542357885175 1.4625796989353173 -2.5747668004035953 -0.711300006439749 0.36572916016675711 -0.58703308999207282 4.563978870131753 2.0113860015208793 -3.7104928182392585 0.7631057022358565 1.6511240663030482 0.53428175389766697 1.9067566197081263 -1.2167267417517227 -0.65747837900926243 0.067353759202800817 3.2618916062215355 0.68346271391107083 7.4199735098871686 -1.6615489988121095 -0.59599933928826399
leaf_weight=686 667 120 114 108 316 162 236 41 721 216 449 80 151 430 225 55 292 41 272 79 50 249 1452 512 305 326 417 58 1343 171
leaf_count=686 667 120 114 108 316 162 236 41 721 216 449 80 151 430 225 55 292 41 272 79 50 249 1452 512 305 326 417 58 1343 171
internal_value=2.51455e-09 1.34076 -0.89615 2.29234 -1.21916 0.565839 1.94995 1.14426 0.401134 0.833508 2.37942 -0.0459347 0.29908 -0.745263 -1.78894 4.68321 2.16251 -1.35175 1.39514 -0.140599 2.44339 0.996147 -1.04089 -0.190409 0.803635 2.67104 1.14082 6.02989 -1.50736 -1.22668
internal_weight=10344 4144 6200 1860 4964 2284 1627 1174 1236 452 1175 1110 859 2710 2254 233 1067 192 436 800 164 1133 1768 942 971 618 666 113 1568 251
internal_count=10344 4144 6200 1860 4964 2284 1627 1174 1236 452 1175 1110 859 2710 2254 233 1067 192 436 800 164 1133 1768 942 971 618 666 113 1568 251
is_linear=0
shrinkage=0.05


Tree=9
num_leaves=31
num_cat=0
split_feature=10 11 22 2 9 2 10 0 14 19 10 11 9 27 9 14 14 14 9 22 22 24 16 27 25 26 27 27 2 9
split_gain=4.49089e+06 1.36459e+06 871312 598002 512418 426151 411059 270240 248966 240260 196472 195092 189925 149473 132885 131760 125931 123977 114996 114931 116839 114758 139575 106023 125990 90092.1 82351.5 77158.3 79373.3 75876.4
threshold=335.79120000000006 298.77350000000007 -4.1499999999999995 4.5000000000000009 269.75540000000007 1.0000000180025095e-35 412.22415000000007 11.500000000000002 270.86590000000007 431.64330000000007 287.32295000000005 406.94650000000007 424.42965000000004 -1.0000000180025095e-35 311.36300000000006 334.08075000000002 226.63060000000004 366.15630000000004 346.78115000000008 3.0500000000000003 20.300000000000004 9.4455357142857164 303.72788898809529 1.0253865595360862e-15 6.6500000000000012 0.57708333333333339 -10.829941889876098 6.0897964487247327 4.5000000000000009 360.65140000000002
decision_type=2 2 2 2 2 2 2 2 2 2 2 2 2 2 2 2 2 2 2 2 2 2 2 2 2 2 2 2 2 2
left_child=1 4 11 6 16 7 13 -3 21 -6 26 17 -8 19 -15 -5 27 -2 23 25 -21 22 -9 -12 -25 -4 -7 28 -1 -11
right_child=2 5 3 15 9 10 12 8 -10 29 18 -13 -14 14 -16 -17 -18 -19 -20 20 -22 -23 -24 24 -26 -27 -28 -29 -30 -31
leaf_value=-1.3815268976094555 2.8374795627593996 -0.44563208402771698 2.0121525905811444 -0.28634019828940693 -1.3404414923847665 0.86956618880071945 3.4051649657925172 4.3379935233638838 3.7553678259750209 -0.49342046539606949 0.27570325095677334 6.3385854931438672 -0.20915272355079653 -0.75574251587557439 1.1596229627797194 1.9836561775869794 -1.4847211877621604 5.4066850823871162 1.263016536224302 0.94957430865554127 2.113166049487555 0.50171449092898779 1.2366816176474096 -0.34150456415306107 -2.8064994793006424 4.1203469504171348 -1.0341879767093773 -2.9316746482043201 -2.6323168172935647 0.78362855026498446
leaf_weight=269 230 190 208 570 1201 62 398 52 120 1274 900 68 40 136 271 72 764 59 191 606 335 254 120 427 59 67 678 355 240 128
leaf_count=269 230 190 208 570 1201 62 398 52 120 1274 900 68 40 136 271 72 764 59 191 606 335 254 120 427 59 67 678 355 240 128
internal_value=-1.18808e-09 -0.675255 1.60737 1.30075 -1.25659 0.130391 1.71582 1.17851 1.74369 -0.82143 -0.202548 3.92896 3.07509 1.349 0.519599 -0.0317612 -1.95237 3.36199 0.112849 1.6266 1.36382 1.17703 2.17429 -0.0456515 -0.640753 2.52579 -0.874684 -2.36589 -1.97129 -0.376828
internal_weight=10344 7284 3060 2703 4231 3053 2061 736 546 2603 2317 357 438 1623 407 642 1628 289 1577 1216 941 426 172 1386 486 275 740 864 509 1402
internal_count=10344 7284 3060 2703 4231 3053 2061 736 546 2603 2317 357 438 1623 407 642 1628 289 1577 1216 941 426 172 1386 486 275 740 864 509 1402
is_linear=0
shrinkage=0.05


Tree=10
num_leaves=31
num_cat=0
split_feature=10 9 11 2 0 22 11 27 12 2 22 25 0 23 11 7 9 15 12 27 6 10 25 9 27 23 13 12 5 19
split_gain=4.07484e+06 1.01054e+06 872124 547868 551578 406945 379161 348555 286562 257543 250261 166604 165064 159963 157250 150299 143071 139257 120283 114774 109447 100444 93804.5 83830.1 85684.4 81555.3 81238 78622 67472 67183.1
threshold=317.66055000000006 346.78115000000008 286.00745000000006 4.5000000000000009 12.500000000000002 3.0500000000000003 434.02505000000002 2.1175183229841168 279.50754375000002 1.5000000000000002 -6.9499999999999993 6.3500000000000014 18.500000000000004 27.602083333333333 342.18855000000002 0.93158198870884079 287.44125000000008 344.00740000000002 295.97181250000011 11.71459963183352 0.60555468348150676 403.14735000000007 6.6500000000000012 360.65140000000002 4.4872751944649574 27.456250000000001 48.306518371419862 354.89819166666672 0.78656609248549303 348.75370000000004
decision_type=2 2 2 2 2 2 2 2 2 2 2 2 2 2 2 2 2 2 2 2 2 2 2 2 2 2 2 2 2 2
left_child=2 3 8 4 19 12 10 9 29 11 -3 14 -6 21 -4 -8 -5 -11 -9 22 25 -12 -2 24 -10 -7 -19 -15 -16 -1
right_child=1 6 7 16 5 20 15 18 23 17 13 -13 -14 27 28 -17 -18 26 -20 -21 -22 -23 -24 -25 -26 -27 -28 -29 -30 -31
leaf_value=-2.3168099758689578 0.20254940130139071 4.0782659083813222 0.36986105096009042 -1.8661397235845596 3.9505251815887514 1.3263666925802238 2.7625662339288137 -1.5382271999383426 -0.58833480645472302 -1.1059680805528531 1.6966518826817847 -2.1134191071445292 1.6314332342573576 -1.5058576037054479 2.0724222844411311 6.4795505394806741 -0.12687865172759916 -0.28198312361073752 -0.49451255818985429 -2.7558852949312755 0.37573344461963731 2.8393111963566549 -1.8989069144024204 0.78576703747706633 -1.3308140965871829 3.3456709816770736 0.84608843321202964 1.1476894081478388 0.12880566120147705 -1.6283512802549873
leaf_weight=591 462 143 405 148 216 884 43 441 669 357 583 44 119 46 316 74 588 465 738 42 325 287 60 67 927 53 243 71 52 885
leaf_count=591 462 143 405 148 216 884 43 441 669 357 583 44 119 46 316 74 588 465 738 42 325 287 60 67 927 53 243 71 52 885
internal_value=3.44098e-10 1.21385 -0.811325 0.701587 1.10287 1.57758 2.40394 -0.210805 -1.39692 0.211495 2.1234 0.879298 3.12673 1.84017 1.04965 5.11348 -0.476621 -0.300801 -0.88491 -0.241319 1.16636 2.0736 -0.0389973 -0.946852 -1.01959 1.44059 0.105194 0.104415 1.79778 -1.90401
internal_weight=10344 4144 6200 2897 2161 1597 1247 3061 3139 1882 1130 817 335 987 773 117 736 1065 1179 564 1262 870 522 1663 1596 937 708 117 368 1476
internal_count=10344 4144 6200 2897 2161 1597 1247 3061 3139 1882 1130 817 335 987 773 117 736 1065 1179 564 1262 870 522 1663 1596 937 708 117 368 1476
is_linear=0
shrinkage=0.05


Tree=11
num_leaves=31
num_cat=0
split_feature=10 11 14 26 11 27 2 27 2 22 10 9 25 0 2 14 16 23 9 15 5 22 12 11 13 19 22 15 25 9
split_gain=3.69895e+06 1.38151e+06 682345 515266 296917 272962 357984 253899 249551 217113 194177 194038 156636 149014 134405 131893 125355 124743 124722 120026 109570 109098 98068.4 95724.5 97504.2 88475 87531.5 81784.8 77380.8 77089.6
threshold=357.71860000000009 322.83205000000004 257.98325000000006 -1.0000000180025095e-35 492.81720000000001 2.2163990721967255 4.5000000000000009 -0.29710269552393537 4.5000000000000009 -1.3999999999999997 442.46265000000011 212.83295000000001 6.6500000000000012 13.500000000000002 1.5000000000000002 269.97185000000007 273.99660446428578 -0.80624999999999969 308.59115000000003 352.54390000000006 0.78656609248549303 -3.5999999999999992 296.75368958333337 358.12125000000009 70.585539098348661 439.06655000000006 4.7000000000000011 434.25290000000001 -0.50000000000000011 366.54130000000004
decision_type=2 2 2 2 2 2 2 2 2 2 2 2 2 2 2 2 2 2 2 2 2 2 2 2 2 2 2 2 2 2
left_child=1 2 5 13 7 6 20 14 10 -10 21 -7 17 -2 15 -3 -13 -9 -4 -16 -1 -5 -19 24 -23 -8 -20 -18 -12 -15
right_child=3 4 18 8 -6 11 25 12 9 -11 28 16 -14 29 19 -17 27 22 26 -21 -22 23 -24 -25 -26 -27 -28 -29 -30 -31
leaf_value=0.23978147144176512 2.8587162518739699 1.0419701684803335 -0.49493657902516308 3.391418524888846 4.6043013832785871 -4.5655755857987836 -1.9198193228139708 2.0588868583951676 1.772326055702643 -0.28810681343933159 4.9088028817910416 -2.2527590361943686 -2.1140695116145816 4.0238795246396748 -0.64542676493133377 2.7897807723112247 -1.4379594226803443 -1.0924836329230578 0.99503809924626463 0.79745557395463662 -0.8066544166702857 1.2915891554578349 0.18847139338128763 2.02851145105523 -1.2797047393769025 -0.66275785278690902 -0.039267252361851523 0.023960652757509082 2.6793325042448095 6.6138616683119444
leaf_weight=604 125 483 959 91 44 55 585 70 236 279 65 498 94 56 190 139 1541 202 316 597 427 471 574 581 40 184 580 102 97 59
leaf_count=604 125 483 959 91 44 55 585 70 236 279 65 498 94 56 190 139 1541 202 316 597 427 471 574 581 40 184 580 102 97 59
internal_value=-5.98241e-10 -0.477206 -0.891142 1.87337 0.53489 -1.25903 -0.802586 0.458664 1.59204 0.656092 1.95041 -1.63317 -0.177765 4.05373 0.883251 1.43256 -1.55784 0.0373794 -0.0986454 0.44911 -0.193611 1.72809 -0.144973 1.58948 1.09031 -1.61904 0.32551 -1.3472 3.57387 5.35265
internal_weight=10344 8244 5851 2100 2393 3996 1800 2349 1860 515 1345 2196 940 240 1409 622 2141 846 1855 787 1031 1183 776 1092 511 769 896 1643 162 115
internal_count=10344 8244 5851 2100 2393 3996 1800 2349 1860 515 1345 2196 940 240 1409 622 2141 846 1855 787 1031 1183 776 1092 511 769 896 1643 162 115
is_linear=0
shrinkage=0.05


Tree=12
num_leaves=31
num_cat=0
split_feature=10 9 11 11 11 11 12 22 0 25 22 2 23 11 7 2 0 9 19 0 6 4 2 13 10 22 7 9 27 12
split_gain=3.34211e+06 842558 713150 461742 313907 290089 235974 212880 203420 194432 170306 133508 133488 130931 130697 129840 174741 128500 121844 121053 103341 86161.8 85538.5 87444 80466.9 76232.5 74606.6 71636.3 72291.3 70200.2
threshold=317.66055000000006 346.78115000000008 286.00745000000006 348.12010000000004 434.02505000000002 348.12010000000004 279.50754375000002 -6.9499999999999993 12.500000000000002 -1.6999999999999995 4.7000000000000011 2.5000000000000004 27.602083333333333 445.16465000000005 0.93158198870884079 4.5000000000000009 10.500000000000002 277.61025000000001 427.00840000000005 12.500000000000002 0.75014288946266361 0.25881904510252091 1.0000000180025095e-35 40.736676578639496 403.14735000000007 1.4000000000000001 0.71353761266622884 360.65140000000002 4.1308414081960914 354.89819166666672
decision_type=2 2 2 2 2 2 2 2 2 2 2 2 2 2 2 2 2 2 2 2 2 2 2 2 2 2 2 2 2 2
left_child=2 3 6 15 7 10 -1 -3 -7 13 -4 25 24 26 -6 16 17 -2 -17 -11 21 -12 -21 -24 -9 -10 -5 28 -8 -14
right_child=1 4 5 9 14 8 27 12 11 19 20 -13 29 -15 -16 18 -18 -19 -20 22 -22 -23 23 -25 -26 -27 -28 -29 -30 -31
leaf_value=-1.7244708226017558 -3.156164234912977 3.733701041695122 0.30493701908245985 1.1259009291650728 2.4591144929791611 -0.34901195797339035 -0.50969950071705872 1.5453614585651134 3.6316629066467288 -0.21131307762789439 -0.072156478408695546 -0.13640566529898809 -1.4376967051673843 4.6930717326976632 5.9252536464381862 -1.8985283429261113 0.8343650482145446 -0.16629764237457126 -0.12744673956185579 3.4240373414136807 -1.3361434067210776 -0.89078988879536514 0.45496288552880293 1.6242980781296383 2.5680962457850525 1.5166295769753764 2.8138211456252566 0.74576334356149632 -1.1970293782064496 1.069704887103027
leaf_weight=1476 41 143 542 128 43 301 636 583 50 166 653 116 46 54 74 122 779 291 476 44 478 633 270 392 287 288 134 67 960 71
leaf_count=1476 41 143 542 128 43 301 636 583 50 166 653 116 46 54 74 122 779 291 476 44 478 633 270 392 287 288 134 67 960 71
internal_value=3.52492e-10 1.09932 -0.734768 0.631559 2.18599 -0.191732 -1.26431 1.93073 0.658936 1.38867 -0.470247 1.3272 1.66951 2.45124 4.65137 0.10526 0.425 -0.535528 -0.488771 1.00361 -0.708427 -0.475107 1.28927 1.14738 1.88275 1.8295 1.98919 -0.855894 -0.923131 0.0838889
internal_weight=10344 4144 6200 2897 1247 3061 3139 1130 755 1188 2306 454 987 316 117 1709 1111 332 598 872 1764 1286 706 662 870 338 262 1663 1596 117
internal_count=10344 4144 6200 2897 1247 3061 3139 1130 755 1188 2306 454 987 316 117 1709 1111 332 598 872 1764 1286 706 662 870 338 262 1663 1596 117
is_linear=0
shrinkage=0.05


Tree=13
num_leaves=31
num_cat=0
split_feature=10 10 22 9 2 11 11 0 2 11 10 12 2 27 13 22 27 2 19 11 14 13 23 13 0 22 27 14 2 15
split_gain=3.04032e+06 1.12501e+06 435074 399940 330250 319422 262838 201345 339406 181820 180491 177245 134186 142465 124762 112846 108574 96229.8 96059 92462.9 84343 80457.7 80353.7 77003.5 76327.3 73296.5 87552.1 69218 69043.4 65290.4
threshold=357.71860000000009 286.82310000000001 -3.5999999999999992 308.59115000000003 4.5000000000000009 342.86950000000007 438.21245000000005 11.500000000000002 4.5000000000000009 255.80810000000002 442.46265000000011 267.60955000000007 4.5000000000000009 1.389249085237537 23.667216366151656 3.6000000000000001 4.1308414081960914 4.5000000000000009 436.89270000000005 358.12125000000009 220.97655000000003 70.585539098348661 3.6437500000000003 49.620569306336328 12.500000000000002 23.050000000000004 5.5409935444230927 334.08075000000002 1.5000000000000002 344.00740000000002
decision_type=2 2 2 2 2 2 2 2 2 2 2 2 2 2 2 2 2 2 2 2 2 2 2 2 2 2 2 2 2 2
left_child=1 5 12 7 10 9 16 11 14 20 19 -3 13 -2 -9 -13 17 -5 -10 21 -1 -4 -17 -12 -7 26 28 -6 -11 -16
right_child=2 3 4 6 27 24 -8 8 18 25 23 15 -14 -15 29 22 -18 -19 -20 -21 -22 -23 -24 -25 -26 -27 -28 -29 -30 -31
leaf_value=-2.0773400005693716 2.9967145712395027 -4.073943603220509 1.2021558840263395 1.1236223303740009 -0.20542442689162474 -0.50017488912509922 4.2813472489921418 1.8981073877517727 -2.044325238628232 -0.2523581414567409 1.7777158740120875 0.026410086729552553 2.0494458345652329 5.6145397800869414 -0.40410122292568956 -3.2025585478128393 -0.031174503511656251 0.20521606892277544 -0.48122300597446221 1.9173927353760289 -1.2251693704555375 -1.0770283003293333 -0.96095804108997496 3.8117711456616719 1.0535985877557756 0.16650920230363098 -1.388531893517154 1.5828637816355779 -1.0205471397751671 0.52346294025244477
leaf_weight=664 123 41 496 859 323 132 49 138 184 455 71 332 127 90 251 43 531 427 211 628 516 42 569 135 197 140 909 65 819 777
leaf_count=664 123 41 496 859 323 132 49 138 184 455 71 332 127 90 251 43 531 427 211 628 516 42 569 135 197 140 909 65 819 777
internal_value=-8.77302e-11 -0.43264 1.69842 0.111704 1.3821 -1.05937 0.667766 -0.295842 0.0573647 -1.19927 1.74633 -0.855593 3.33584 4.10284 0.486484 -0.715812 0.570317 0.818677 -1.20935 1.50528 -1.7047 1.02423 -1.11846 3.11071 0.4302 -0.942538 -1.01366 0.0941599 -0.746194 0.296986
internal_weight=10344 8244 2100 4412 1760 3832 1866 2546 1561 3503 1372 985 340 213 1166 944 1817 1286 395 1166 1180 538 612 206 329 2323 2183 388 1274 1028
internal_count=10344 8244 2100 4412 1760 3832 1866 2546 1561 3503 1372 985 340 213 1166 944 1817 1286 395 1166 1180 538 612 206 329 2323 2183 388 1274 1028
is_linear=0
shrinkage=0.05


Tree=14
num_leaves=31
num_cat=0
split_feature=10 11 14 26 11 27 2 27 2 9 12 10 25 0 23 22 26 22 25 14 9 9 5 7 12 13 19 22 17 27
split_gain=2.74492e+06 1.03086e+06 525399 396571 236000 219073 288248 197856 182791 164263 157473 147406 132537 122200 113445 146612 145756 106528 105176 108418 104501 103020 95895.9 86985.8 76676.1 76586.8 71754.1 71121.3 69477.6 68485
threshold=359.09740000000005 322.83205000000004 257.98325000000006 -1.0000000180025095e-35 492.81720000000001 2.2163990721967255 4.5000000000000009 -0.36720269662491573 4.5000000000000009 212.83295000000001 370.19984375000007 454.71615000000008 6.6500000000000012 12.500000000000002 7.9229166666666666 21.400000000000002 0.57708333333333339 -1.95 1.6500000000000006 221.99425000000002 276.06745000000006 345.56350000000003 0.78656609248549303 0.93158198870884079 296.75368958333337 24.385087032480861 439.06655000000006 -4.1499999999999995 63.106855447188671 4.1308414081960914
decision_type=2 2 2 2 2 2 2 2 2 2 2 2 2 2 2 2 2 2 2 2 2 2 2 2 2 2 2 2 2 2
left_child=1 2 5 13 7 6 22 14 11 -7 -10 18 17 -2 16 -16 -3 -9 23 -20 -11 29 -1 -5 -19 -18 -8 -15 -14 -4
right_child=3 4 21 8 -6 9 26 12 10 20 -12 -13 28 27 15 -17 25 24 19 -21 -22 -23 -24 -25 -26 -27 -28 -29 -30 -31
leaf_value=0.26687582949886735 2.1738738602891412 0.91061712460179101 0.015120704957003376 1.6860057673054933 4.0921480980109086 -4.1201397366957231 -1.6813856532464038 1.7280839518422173 -0.26113883662770054 -1.7142155507395704 1.5116032419820964 3.4790327537734558 -0.460298106628795 5.9044977223431623 0.15500166992458966 1.6661078758280852 4.1735188692808149 -1.0381980841493477 -1.4066612441431392 1.1978020732464463 -1.0151731495759782 0.72824031818526269 -0.70976344934191371 3.2288344174344967 0.12922843740769416 1.5285872437516037 -0.55442798366589896 3.6044016405437769 -3.1888806347753489 -0.67577177730241034
leaf_weight=611 97 329 959 625 44 55 587 84 267 1034 236 106 43 54 767 203 62 184 44 435 1107 332 427 107 597 49 186 89 51 573
leaf_count=611 97 329 959 625 44 55 587 84 267 1034 236 106 43 54 767 203 62 184 44 435 1107 332 427 107 597 49 186 89 51 573
internal_value=2.05843e-10 -0.406166 -0.763745 1.63334 0.463849 -1.08635 -0.679241 0.396459 1.38142 -1.42209 0.570605 1.69109 -0.157608 3.54375 0.773304 0.471243 1.43921 0.0361618 1.53459 0.958561 -1.35278 -0.0702471 -0.134882 1.91153 -0.145812 3.00594 -1.41022 4.47297 -1.9407 -0.243288
internal_weight=10344 8284 5871 2060 2413 4007 1811 2369 1820 2196 503 1317 959 240 1410 970 440 865 1211 479 2141 1864 1038 732 781 111 773 143 94 1532
internal_count=10344 8284 5871 2060 2413 4007 1811 2369 1820 2196 503 1317 959 240 1410 970 440 865 1211 479 2141 1864 1038 732 781 111 773 143 94 1532
is_linear=0
shrinkage=0.05


Tree=15
num_leaves=31
num_cat=0
split_feature=10 10 11 9 22 9 11 11 27 0 12 27 25 9 2 26 17 9 2 11 14 22 18 0 17 17 9 7 25 2
split_gain=2.48668e+06 682940 504886 308682 271253 235832 199351 166764 161280 154445 141493 113454 109824 105699 105641 95270.7 94195.6 82603.5 78697.3 78664.2 78203.5 75585.4 75573.9 70338.5 68165.1 67433.6 57812.2 56501.6 56228.7 55380.4
threshold=312.78545000000003 383.41895000000005 342.86950000000007 269.75540000000007 -3.5999999999999992 368.22620000000006 361.05020000000007 320.13185000000004 2.3406250000000015 11.500000000000002 262.02462500000007 5.1613523558657572 6.6500000000000012 362.4504500000001 2.5000000000000004 -4.6374999999999984 50.516164121146439 327.27120000000008 4.5000000000000009 445.16465000000005 227.89145000000005 1.4000000000000001 246.16770000000002 12.500000000000002 49.510360556615915 36.880573508586913 282.05545000000006 0.689015599449598 4.4500000000000011 4.5000000000000009
decision_type=2 2 2 2 2 2 2 2 2 2 2 2 2 2 2 2 2 2 2 2 2 2 2 2 2 2 2 2 2 2
left_child=2 5 3 11 15 7 16 10 17 26 -2 18 19 27 21 -3 24 -5 23 22 -20 -11 -9 -1 -6 -12 -4 -10 -8 -18
right_child=1 4 9 8 6 -7 28 12 13 14 25 -13 -14 -15 -16 -17 29 -19 20 -21 -22 -23 -24 -25 -26 -27 -28 -29 -30 -31
leaf_value=-1.2681736817945799 -2.9346583910831594 4.9792521825060252 -1.5194939167549215 -0.2366590211249715 0.4087789809961957 2.1061038404984296 2.441167167629029 0.95380622928813263 -1.0412976237418192 3.1552019535449514 -1.3637157300605052 -1.8226313180837928 -0.61089067295928245 0.70676775208541331 -0.16773566430095921 2.7573841157920507 1.773902208013636 1.1686290049552919 -2.1734618422854299 2.4116242624231075 -0.93827796861475954 1.1736162000731338 0.063861934189669428 -0.23837372232911164 -1.9148559775380862 0.14544669107004074 0.047113788630907913 -0.25741541652491801 1.1478470162408694 0.47234340457987972
leaf_weight=293 41 64 84 1153 127 212 421 1095 1547 57 79 760 142 105 132 196 212 115 237 76 279 309 305 382 42 1174 197 270 105 133
leaf_count=293 41 64 84 1153 127 212 421 1095 1547 57 79 760 142 105 132 196 212 115 237 76 279 309 305 382 42 1174 197 270 105 133
internal_value=1.89409e-09 0.896786 -0.670166 -0.849908 1.85981 0.496039 1.49869 0.378823 -0.546914 0.516042 -0.0442814 -1.34532 0.717202 -0.835681 1.04489 3.30431 0.798405 -0.109208 -1.04074 0.844972 -1.5056 1.48222 0.759926 -0.685383 -0.168692 0.050296 -0.421196 -0.924815 2.18299 1.27214
internal_weight=10344 4424 5920 5141 1300 3124 1040 2912 3190 779 1294 1951 1618 1922 498 260 514 1268 1191 1476 516 366 1400 675 169 1253 281 1817 526 345
internal_count=10344 4424 5920 5141 1300 3124 1040 2912 3190 779 1294 1951 1618 1922 498 260 514 1268 1191 1476 516 366 1400 675 169 1253 281 1817 526 345
is_linear=0
shrinkage=0.05


Tree=16
num_leaves=31
num_cat=0
split_feature=10 11 22 2 9 2 10 11 9 19 9 27 11 14 27 14 14 9 13 9 27 22 22 15 5 23 4 9 5 9
split_gain=2.25176e+06 705801 439904 311415 302635 257758 194957 174744 158471 139923 133180 127449 111494 110328 82874.9 80853.5 80024.3 78486.7 72922.5 71666.6 60933.3 60128.9 92128.5 67953.3 59525.5 80470.9 56127.7 53784.6 52455.2 50420.7
threshold=340.75020000000006 298.77350000000007 -4.1499999999999995 4.5000000000000009 269.75540000000007 1.0000000180025095e-35 412.22415000000007 383.99520000000007 424.42965000000004 431.64330000000007 329.63600000000002 6.8458815183927273 406.94650000000007 269.97185000000007 1.389249085237537 366.15630000000004 226.63060000000004 246.17640000000003 50.415775823312437 310.56370000000004 15.676683491484239 3.6000000000000001 20.300000000000004 490.3227500000001 0.25881904510252057 4.0291666666666668 -0.37940952255126065 365.0279000000001 0.37940952255126048 282.05545000000006
decision_type=2 2 2 2 2 2 2 2 2 2 2 2 2 2 2 2 2 2 2 2 2 2 2 2 2 2 2 2 2 2
left_child=1 4 12 6 16 7 14 17 -8 28 11 29 15 26 21 -2 20 -3 -12 -5 -1 23 -23 -4 25 -19 -9 -11 -6 -7
right_child=2 5 3 19 9 10 8 13 -10 27 18 -13 -14 -15 -16 -17 -18 24 -20 -21 -22 22 -24 -25 -26 -27 -28 -29 -30 -31
leaf_value=-1.6069291760799715 1.9911365490489539 -1.2662399273365736 2.0363875758627574 -0.96419015689189469 -1.2027993497084122 -0.48051317359612344 2.5039210190177528 1.849252449589617 -0.79757691308856016 -0.29595145618943353 0.066249879686382865 -1.3490892564653192 4.6771482863846954 3.6132375590111083 -0.11364077932387591 4.0706478943259032 -1.0343350968086253 2.6681398537896932 1.3710935196630203 0.29038452091964262 -3.0979719425638521 0.49969693956342909 1.5429839123955422 0.61956155198712315 -0.06081432774260237 0.62726752569422062 -0.29587547088541638 0.88418500585338244 -0.52960290191460302 0.061039761112162777
leaf_weight=793 225 62 293 157 738 722 398 119 40 1347 236 257 68 76 150 59 765 63 196 414 75 555 342 119 185 207 41 104 476 1062
leaf_count=793 225 62 293 157 738 722 398 119 40 1347 236 257 68 76 150 59 765 63 196 414 75 555 342 119 185 207 41 104 476 1062
internal_value=1.34168e-09 -0.451634 1.205 0.969155 -0.871186 0.107335 1.2773 0.917285 2.20241 -0.542757 -0.139285 -0.308095 2.85858 2.04464 0.999572 2.42315 -1.40717 0.402669 0.658262 -0.0545686 -1.73576 1.12714 0.897472 1.62716 0.63008 1.10347 1.29956 -0.211366 -0.938844 -0.158131
internal_weight=10344 7524 2820 2468 4298 3226 1897 753 438 2665 2473 2041 352 236 1459 284 1633 517 432 571 868 1309 897 412 455 270 160 1451 1214 1784
internal_count=10344 7524 2820 2468 4298 3226 1897 753 438 2665 2473 2041 352 236 1459 284 1633 517 432 571 868 1309 897 412 455 270 160 1451 1214 1784
is_linear=0
shrinkage=0.05


Tree=17
num_leaves=31
num_cat=0
split_feature=10 9 11 11 10 11 12 0 24 0 22 8 2 17 22 27 11 7 24 6 23 22 8 0 9 19 13 23 23 11
split_gain=2.04695e+06 622543 370747 338609 236606 231171 182503 160579 150065 137485 123249 197087 110099 124674 95762.2 90043.6 86269.1 82870.4 79775.2 75904.7 81515.5 74480.1 73907.7 69765 66547.3 62637.2 59798.7 80109.6 59751.4 58965.7
threshold=308.32895000000002 346.78115000000008 342.86950000000007 348.12010000000004 262.49460000000005 479.47655000000003 260.80630000000008 12.500000000000002 24.09196428571429 11.500000000000002 4.7000000000000011 1.0000000180025095e-35 4.5000000000000009 37.072854666084737 -7.4999999999999991 1.0253865595360862e-15 366.53165000000007 0.67644692717078936 1.4020833333333338 -0.065535378769913874 8.3229166666666696 4.7000000000000011 1.0000000180025095e-35 20.500000000000004 362.4504500000001 454.28500000000003 18.12082838643871 21.947916666666671 26.597916666666674 398.40555000000006
decision_type=2 2 2 2 2 2 2 2 2 2 2 2 2 2 2 2 2 2 2 2 2 2 2 2 2 2 2 2 2 2
left_child=2 3 4 6 19 8 -2 -5 14 -4 11 18 15 -14 -3 -8 25 24 -9 -1 -21 22 -11 29 -6 -10 -23 -28 -12 -16
right_child=1 5 9 7 17 -7 12 10 16 21 28 -13 13 -15 23 -17 -18 -19 -20 20 -22 26 -24 -25 -26 -27 27 -29 -30 -31
leaf_value=-0.67932949072777848 -2.7230135416580463 3.1562799125675145 -0.50279111237013863 -0.12053575893586949 -0.71125331085635735 5.1316085609983899 0.66180108738046006 -0.16396569007694131 -1.6971689593791961 0.87841130157344427 0.73402791971102466 2.9815385643773613 -2.9823853481899611 -0.23497128695618757 1.6595141423897521 -0.19734291878451116 1.8800968815831796 -0.014501097296281268 1.828273181654513 -0.58138688761260249 -1.5758244531983978 1.5769300857757003 3.2046361822394598 0.55590684978386107 0.69050233668901706 0.48279030558523695 -0.62485965014448475 1.4225685127079488 2.6237368032005097 2.8690243010882472
leaf_weight=473 59 127 252 242 2237 47 879 101 40 76 594 225 44 671 579 467 97 637 100 248 1219 94 62 118 88 187 142 72 45 122
leaf_count=473 59 127 252 242 2237 47 879 101 40 76 594 225 44 671 579 467 97 637 100 248 1219 94 62 118 88 187 142 72 45 122
internal_value=-1.1329e-09 0.764189 -0.647377 0.409116 -0.800894 1.68814 0.0188752 1.0421 1.5607 0.430759 1.30629 1.96505 0.097367 -0.404043 1.87878 0.363718 0.631989 -0.519766 0.827198 -1.23012 -1.40771 0.958235 1.92353 1.68068 -0.658198 0.0986565 0.525735 0.0639947 0.867106 1.87001
internal_weight=10344 4744 5600 3427 4902 1317 2120 1307 1270 698 1065 426 2061 715 946 1346 324 2962 201 1940 1467 446 138 819 2325 227 308 214 639 701
internal_count=10344 4744 5600 3427 4902 1317 2120 1307 1270 698 1065 426 2061 715 946 1346 324 2962 201 1940 1467 446 138 819 2325 227 308 214 639 701
is_linear=0
shrinkage=0.05


Tree=18
num_leaves=31
num_cat=0
split_feature=10 10 9 26 11 11 27 2 14 10 27 2 2 0 19 0 22 0 16 25 14 27 2 14 25 0 2 22 7 12
split_gain=1.85541e+06 716093 285711 284730 207044 189992 147456 130276 113921 113734 113727 115867 110037 188223 106436 102271 96905.5 94579.5 90158.6 83068.3 91697.6 77409.5 82196.8 76587.2 75281.1 74420.2 66731 66345.1 64897.2 64398.4
threshold=359.09740000000005 287.32295000000005 308.59115000000003 -1.0000000180025095e-35 272.60830000000004 438.21245000000005 13.959971378829605 4.5000000000000009 299.98850000000004 454.71615000000008 -1.0000000180025095e-35 4.5000000000000009 4.5000000000000009 11.500000000000002 436.89270000000005 13.500000000000002 3.6000000000000001 20.500000000000004 269.28757678571429 1.6500000000000006 221.99425000000002 1.2573040471246162e-15 4.5000000000000009 254.73215000000002 6.6500000000000012 21.500000000000004 1.5000000000000002 21.950000000000003 0.93158198870884079 302.81776875000008
decision_type=2 2 2 2 2 2 2 2 2 2 2 2 2 2 2 2 2 2 2 2 2 2 2 2 2 2 2 2 2 2
left_child=1 4 6 15 18 21 12 9 -9 19 11 17 13 24 -14 -2 29 -6 -1 28 -21 22 25 -8 -3 -4 -26 -18 -5 -15
right_child=3 2 5 7 10 -7 23 8 -10 -11 -12 -13 14 16 -16 -17 27 -19 -20 20 -22 -23 -24 -25 26 -27 -28 -29 -30 -31
leaf_value=-1.7065325429347107 1.9716314947903157 -0.41851517593560628 1.453436909261014 1.3935550829431416 0.8989555154858796 3.6746340051293376 -3.7802953354269264 -0.16390385681297631 1.3749309582326881 2.9613477663611469 -0.75803174777970894 -1.045422345124942 -1.5358469516219151 3.0792432675759001 -0.21426085435985764 4.0377127779566724 0.10804342187628296 -0.497863980202361 -0.96525734959968279 -1.4337597444653511 0.96146283991720483 0.16678062314529687 0.13975420878720424 -1.0376766805989401 -3.2634655222296716 0.12437173505176735 -0.74316605799670876 1.6086511051654817 2.7261761606853701 0.89886582519504776
leaf_weight=619 125 504 467 625 341 48 40 304 199 106 1322 187 248 48 395 115 929 188 1216 44 435 926 299 70 48 136 58 80 107 115
leaf_count=619 125 504 467 625 341 48 40 304 199 106 1322 187 248 48 395 115 929 188 1216 44 435 926 299 70 48 136 58 80 107 115
internal_value=-1.02911e-09 -0.333933 0.101669 1.34287 -0.830045 0.569444 -0.244503 1.1294 0.4449 1.39083 -0.483153 0.0243735 -0.163285 0.0390326 -0.723986 2.96163 0.409759 0.402543 -1.21531 1.25336 0.741442 0.487908 0.817579 -2.03499 -0.673249 1.15368 -1.88443 0.227021 1.58835 1.54094
internal_weight=10344 8284 4411 2060 3873 1876 2535 1820 503 1317 2038 716 2425 1782 643 240 1172 529 1835 1211 479 1828 902 110 610 603 106 1009 732 163
internal_count=10344 8284 4411 2060 3873 1876 2535 1820 503 1317 2038 716 2425 1782 643 240 1172 529 1835 1211 479 1828 902 110 610 603 106 1009 732 163
is_linear=0
shrinkage=0.05


Tree=19
num_leaves=31
num_cat=0
split_feature=10 10 9 26 11 11 27 2 22 10 27 2 2 0 19 0 22 0 16 25 14 10 2 4 25 22 17 6 22 7
split_gain=1.67451e+06 646274 257854 256969 186857 171467 133079 117574 106060 102645 102639 104570 99308.1 169871 96058.5 92299.3 87457.2 85358 81368.1 74969.1 82757.1 73851.2 71506.3 72690.9 67972.5 66591.2 66456.9 60449.2 58898.3 58569.7
threshold=359.09740000000005 287.32295000000005 308.59115000000003 -1.0000000180025095e-35 272.60830000000004 438.21245000000005 13.959971378829605 4.5000000000000009 -4.6999999999999993 454.71615000000008 -1.0000000180025095e-35 4.5000000000000009 4.5000000000000009 11.500000000000002 436.89270000000005 13.500000000000002 3.6000000000000001 20.500000000000004 269.28757678571429 1.6500000000000006 221.99425000000002 303.54880000000009 1.5000000000000002 -0.60355339059327362 5.2500000000000027 -1.3999999999999997 59.161566193308076 0.65233619298682533 23.600000000000005 0.93158198870884079
decision_type=2 2 2 2 2 2 2 2 2 2 2 2 2 2 2 2 2 2 2 2 2 2 2 2 2 2 2 2 2 2
left_child=1 4 6 15 18 22 12 9 -9 19 11 17 13 24 -14 -2 -15 -6 -1 29 -21 -8 23 -4 -3 -24 -26 -18 -22 -5
right_child=3 2 5 7 10 -7 21 8 -10 -11 -12 -13 14 16 -16 -17 27 -19 -20 20 28 -23 25 -25 26 -27 -28 -29 -30 -31
leaf_value=-1.6212058959333213 1.8730499247624188 -0.37298355781369741 2.181312318444252 1.3238773243540525 0.85400774886577657 3.4909023144592846 -0.95390336709363133 1.853435667047223 0.054228473318740728 2.8132803657426027 -0.72013016072092739 -0.9931512351660805 -1.4590545982933574 1.4638931526639642 -0.20354780670396888 3.8358271019355108 0.55393942722438516 -0.47297078109485036 -0.91699448069327782 -1.3620717461813581 0.63297783106396632 -3.6470870584249497 1.4179207952628876 0.67183885982420843 -0.87095029480665564 0.16419183459272074 -3.3314307724557275 -0.22709873660682814 2.120528581702128 2.5898673595460222
leaf_weight=619 125 486 100 625 341 48 70 103 400 106 1322 187 248 163 395 115 572 188 1216 44 353 40 116 394 83 1218 41 437 82 107
leaf_count=619 125 486 100 625 341 48 70 103 400 106 1322 187 248 163 395 115 572 188 1216 44 353 40 116 394 83 1218 41 437 82 107
internal_value=1.03048e-10 -0.317236 0.0965854 1.27572 -0.788542 0.540972 -0.232278 1.07293 0.422655 1.32129 -0.458996 0.0231548 -0.155121 0.0370809 -0.687787 2.81355 0.389271 0.382416 -1.15455 1.1907 0.70437 -1.93324 0.463512 0.9774 -0.639586 0.273212 -1.6845 0.21567 0.91339 1.50893
internal_weight=10344 8284 4411 2060 3873 1876 2535 1820 503 1317 2038 716 2425 1782 643 240 1172 529 1835 1211 479 110 1828 494 610 1334 124 1009 435 732
internal_count=10344 8284 4411 2060 3873 1876 2535 1820 503 1317 2038 716 2425 1782 643 240 1172 529 1835 1211 479 110 1828 494 610 1334 124 1009 435 732
is_linear=0
shrinkage=0.05


Tree=20
num_leaves=31
num_cat=0
split_feature=10 9 11 11 11 9 23 25 10 27 4 12 27 2 2 9 2 9 4 9 9 27 6 27 25 17 17 22 22 15
split_gain=1.51412e+06 462051 318518 276896 213516 212743 140298 137061 119691 116034 105395 98511 82214.9 77612.8 76911.5 72516 68390 102934 63423.8 66990.1 61443 60653.2 52329.6 51637.2 51538 48723.3 66647.7 63490.3 47560.9 44618.9
threshold=312.78545000000003 361.58320000000009 342.86950000000007 348.12010000000004 467.96960000000007 269.75540000000007 27.602083333333333 5.2500000000000027 384.97810000000004 2.3406250000000015 -0.37940952255126065 260.80630000000008 7.0021335827111182 2.5000000000000004 1.0000000180025095e-35 362.4504500000001 4.5000000000000009 284.31895000000003 -0.60355339059327362 437.66935000000007 327.27120000000008 -19.575072725847583 0.51297097409535064 1.0000000180025095e-35 5.5500000000000016 69.44395178227667 51.567475709960085 6.9500000000000011 -6.3999999999999995 360.54250000000008
decision_type=2 2 2 2 2 2 2 2 2 2 2 2 2 2 2 2 2 2 2 2 2 2 2 2 2 2 2 2 2 2
left_child=2 3 5 11 6 12 18 8 14 20 13 -2 22 25 -5 -11 21 -18 28 -20 -7 -13 -1 -9 -12 26 27 -4 -3 -16
right_child=1 4 10 7 -6 9 -8 23 -10 15 24 16 -14 -15 29 -17 17 -19 19 -21 -22 -23 -24 -25 -26 -27 -28 -29 -30 -31
leaf_value=-0.37996479964263608 -2.2263881972101003 3.9330745837423535 3.2985033959150316 2.2025230306894223 5.1766902934673222 -0.15282080723158531 -0.3483107596809088 0.35472572148382236 1.9193863841370331 -0.73292937414463033 0.047763486743714272 1.7942906366310258 -1.5431593112706015 -0.2317912737528483 -0.36569825842809145 0.61849434809227077 -1.5373496825341135 0.021569933490690946 1.2790509712340972 3.2260633894375399 1.059177791748358 0.27237416088627725 -1.0623673715478767 -1.3184866001640543 -1.8226608205859254 2.9419234948025812 0.084426680338251736 1.0826340282806244 2.1196573483231278 0.82692534173232035
leaf_weight=407 45 45 48 94 43 1153 86 139 384 1817 362 69 637 93 89 105 128 613 449 49 115 1278 907 69 41 45 91 99 184 660
leaf_count=407 45 45 48 94 43 1153 86 139 384 1817 362 69 637 93 89 105 128 613 449 49 115 1278 907 69 41 45 91 99 184 660
internal_value=-7.20361e-10 0.699776 -0.522941 0.449493 1.74301 -0.665706 1.5614 0.986506 1.1877 -0.414165 0.419234 0.0882111 -1.07699 1.02133 0.854402 -0.6591 0.138095 -0.247717 1.78731 1.47062 -0.0428998 0.350334 -0.850999 -0.20033 -0.142528 1.43314 1.14786 1.80618 2.47601 0.685212
internal_weight=10344 4424 5920 3568 856 5141 813 1435 1227 3190 779 2133 1951 376 843 1922 2088 741 727 498 1268 1347 1314 208 403 283 238 147 229 749
internal_count=10344 4424 5920 3568 856 5141 813 1435 1227 3190 779 2133 1951 376 843 1922 2088 741 727 498 1268 1347 1314 208 403 283 238 147 229 749
is_linear=0
shrinkage=0.05


Tree=21
num_leaves=31
num_cat=0
split_feature=10 22 22 6 27 8 2 11 22 0 13 2 2 27 9 13 27 26 9 9 0 8 9 22 0 23 23 10 11 0
split_gain=1.3706e+06 427779 310714 261508 225174 204855 194467 177051 168167 139877 132107 110409 101939 134258 100495 119733 88996.4 81723.9 78722.7 76146.3 70869 115335 62490.1 61329.7 57788.7 57659.3 57078.3 55757.3 53576.3 53022.6
threshold=335.79120000000006 4.7000000000000011 -4.1499999999999995 0.61237135649459018 -3.3899661479187824 1.0000000180025095e-35 4.5000000000000009 445.16465000000005 3.6000000000000001 12.500000000000002 77.831074539680671 4.5000000000000009 4.5000000000000009 -1.9003494744388461 243.52440000000004 53.351744731122317 -18.635209962520467 -4.6374999999999984 315.1565500000001 329.63600000000002 10.500000000000002 1.0000000180025095e-35 353.02810000000005 23.600000000000005 20.500000000000004 11.71666666666667 2.7791666666666672 263.06095000000005 399.83690000000007 12.500000000000002
decision_type=2 2 2 2 2 2 2 2 2 2 2 2 2 2 2 2 2 2 2 2 2 2 2 2 2 2 2 2 2 2
left_child=1 7 17 4 6 10 23 19 9 -7 11 16 13 24 -6 27 -4 -2 29 20 28 -22 -13 25 -5 -3 -23 -16 -1 -10
right_child=2 3 5 12 14 8 -8 -9 18 -11 -12 22 -14 -15 15 -17 -18 -19 -20 -21 21 26 -24 -25 -26 -27 -28 -29 -30 -31
leaf_value=-0.098296697211534792 3.8482357487749699 1.712306161033045 1.7452301996850199 0.13501082589153815 -2.8526256731711328 0.76124165510858299 -0.65607134367590547 3.0645400737461292 -1.0904984086751939 2.7768306160828033 -2.4475499969430086 -0.33302438962016634 -1.6201412719605857 -1.217530249824857 -1.0754970492664024 0.4032718999595461 0.52853762523377001 1.910733877895721 1.4706375045393865 1.151153587198197 0.12734951588243945 3.1863833556783963 0.91893856400894303 2.2393069498240949 -0.94441582587119699 0.41051965677671842 1.0597680310718716 -0.51430635099678512 -1.8905481954020535 0.57334693159606009
leaf_weight=797 67 101 186 376 48 131 367 57 55 251 41 508 557 850 611 295 783 290 254 197 447 47 124 64 185 539 96 1606 44 370
leaf_count=797 67 101 186 376 48 131 367 57 55 251 41 508 557 850 611 295 783 290 254 197 447 47 124 64 185 539 96 1606 44 370
internal_value=-3.34854e-10 -0.373042 0.887985 -0.583245 -0.331676 0.70488 0.277078 0.325432 1.24638 2.08562 0.354982 0.426752 -1.04739 -0.821299 -0.586354 -0.543049 0.762082 2.27435 0.774231 0.229529 0.102653 0.522751 -0.0873861 0.763535 -0.22095 0.615958 1.75873 -0.668969 -0.192065 0.358026
internal_weight=10344 7284 3060 5599 3631 2703 1071 1685 1061 382 1642 1601 1968 1411 2560 2512 969 357 679 1628 1431 590 632 704 561 640 143 2217 841 425
internal_count=10344 7284 3060 5599 3631 2703 1071 1685 1061 382 1642 1601 1968 1411 2560 2512 969 357 679 1628 1431 590 632 704 561 640 143 2217 841 425
is_linear=0
shrinkage=0.05


Tree=22
num_leaves=31
num_cat=0
split_feature=10 10 9 22 8 11 11 12 14 22 0 11 4 2 25 14 9 13 11 16 13 0 9 27 6 6 23 22 27 2
split_gain=1.24445e+06 483746 209860 198117 159755 145968 136155 117687 145459 93064.4 85673.4 79039 77270 172439 88927.5 95246.7 73698.8 67813.9 70875.2 63622.6 62657.3 60730 60226.2 65351.6 52961.1 51828 50387.4 48349.4 46345.7 44947.1
threshold=359.09740000000005 287.32295000000005 308.59115000000003 -3.5999999999999992 1.0000000180025095e-35 272.60830000000004 438.21245000000005 260.80630000000008 196.91545000000002 4.7000000000000011 12.500000000000002 350.29905000000008 -0.37940952255126065 4.5000000000000009 6.6500000000000012 269.98940000000005 387.41265000000004 75.380728355506832 312.68930000000006 269.28757678571429 23.667216366151656 10.500000000000002 364.18065000000007 4.7511734126122933 0.91596454896554913 -0.43733984355855576 26.354166666666668 3.6000000000000001 -0.12239984007973397 1.0000000180025095e-35
decision_type=2 2 2 2 2 2 2 2 2 2 2 2 2 2 2 2 2 2 2 2 2 2 2 2 2 2 2 2 2 2
left_child=1 5 7 16 17 19 22 8 -3 10 -6 24 13 20 27 -16 -2 18 -5 -1 -9 -18 23 29 28 -24 -11 -14 -7 -4
right_child=3 2 6 4 9 11 -8 12 -10 26 -12 -13 14 -15 15 -17 21 -19 -20 -21 -22 -23 25 -25 -26 -27 -28 -29 -30 -31
leaf_value=-1.417376688763692 1.6832831166750564 -4.1781718149417788 1.2977126061126887 -0.071553959355292185 0.69877709340541927 0.053395024772151647 3.1141262157432115 1.662252684219659 -0.33958184024499311 0.61251465410474815 2.4489496085942886 0.37449561320502184 0.17950522681602099 -0.90522763984322963 -0.66831730499154052 -3.3020852565765382 1.922453681790099 -1.4801175793936086 0.85591974759788758 -0.79467266345791843 0.34894703176396435 4.2614136107265947 0.39576198362015391 -0.24953527688660257 -1.0678313932528007 1.8978013059171308 2.1154544716810477 -0.50421348575145342 -0.5707266898604666 0.3751772177143361
leaf_weight=619 226 41 151 307 94 429 48 103 62 310 273 290 407 289 105 51 49 43 626 1216 768 64 111 396 349 119 68 709 970 1051
leaf_count=619 226 41 151 307 94 429 48 103 62 310 273 290 407 289 105 51 49 43 626 1216 768 64 111 396 349 119 68 709 970 1051
internal_value=6.78894e-10 -0.273482 0.0845434 1.09977 0.882145 -0.681241 0.485446 -0.21214 -1.86756 1.43353 2.00068 -0.389974 -0.14203 0.153097 -0.41117 -1.52936 2.20458 0.461264 0.550738 -1.00473 0.504252 3.24717 0.416421 0.307541 -0.516803 1.1729 0.882885 -0.254864 -0.379341 0.49107
internal_weight=10344 8284 4411 2060 1721 3873 1876 2535 103 745 367 2038 2432 1160 1272 156 339 976 933 1835 871 113 1828 1598 1748 230 378 1116 1399 1202
internal_count=10344 8284 4411 2060 1721 3873 1876 2535 103 745 367 2038 2432 1160 1272 156 339 976 933 1835 871 113 1828 1598 1748 230 378 1116 1399 1202
is_linear=0
shrinkage=0.05


Tree=23
num_leaves=31
num_cat=0
split_feature=10 10 9 26 11 11 27 11 22 22 25 10 0 22 23 2 27 23 18 16 6 2 22 2 4 14 9 4 6 14
split_gain=1.12325e+06 431372 190071 183684 129241 116821 106505 89949.7 76673.3 76006.4 72009.5 73277.3 71721 70080.9 123135 81409.4 73507 68400.5 65563.8 56652.9 56139.2 56047.9 55359.5 51803.4 51825 51056.9 49533.4 49042.5 48488.2 52208.2
threshold=357.71860000000009 286.82310000000001 308.59115000000003 -1.0000000180025095e-35 272.60830000000004 434.02505000000002 13.959971378829605 358.12125000000009 3.6000000000000001 20.300000000000004 -0.50000000000000011 437.17360000000002 13.500000000000002 3.6000000000000001 1.7895833333333335 4.5000000000000009 -2.1978050579955752 -4.083333333333333 201.09030000000004 269.28757678571429 0.94138322595482449 1.0000000180025095e-35 -1.3999999999999997 1.5000000000000002 -0.60355339059327362 213.83875000000003 366.54130000000004 -0.5 0.65233619298682533 196.91545000000002
decision_type=2 2 2 2 2 2 2 2 2 2 2 2 2 2 2 2 2 2 2 2 2 2 2 2 2 2 2 2 2 2
left_child=1 4 6 12 19 22 13 17 -6 21 11 -9 -2 -3 -15 16 28 -5 -8 -1 -17 -10 -4 24 -24 -19 -14 -11 -16 -30
right_child=3 2 5 7 8 -7 18 10 9 27 -12 -13 26 14 15 20 -18 25 -20 -21 -22 -23 23 -25 -26 -27 -28 -29 29 -31
leaf_value=-1.3446802611221653 1.5050973178386688 0.33477470651375596 1.2411633493238792 1.5026674500348405 0.35751738163985708 2.7940824687480927 -3.3314530114829539 1.4530757120607323 -0.10237259279217636 1.5987404382453776 0.89079996529317773 3.3207237181378839 2.170163128312145 -2.8439118707957478 0.56472793759520712 -0.62169914337555854 -0.54830298946962053 -1.3636264722794296 -0.8189380479020042 -0.75618506005323494 -2.4675748806932702 -0.83850802522047241 1.8013947220538793 0.13231928522645339 0.48002970614704066 0.46486265909511304 4.2462614421117104 -0.078078608339031547 -1.7801608586311339 0.026780398293559611
leaf_weight=618 125 595 173 161 304 52 40 243 342 53 511 67 56 46 492 394 456 40 74 1209 46 1060 95 1207 339 838 59 246 45 358
leaf_count=618 125 595 173 161 304 52 40 243 342 53 511 67 56 46 492 394 456 40 74 1209 46 1060 95 1207 339 838 59 246 45 358
internal_value=1.80032e-10 -0.262969 0.0741023 1.03234 -0.651059 0.457441 -0.206852 0.864368 -0.373875 -0.504588 1.25552 1.85673 2.33415 -0.136837 -0.28959 -0.223985 -0.0316061 0.555283 -1.70052 -0.955249 -0.814677 -0.658937 0.390459 0.300775 0.769269 0.38156 3.23529 0.21915 0.231649 -0.174987
internal_weight=10344 8244 4412 2100 3832 1866 2546 1860 2005 1701 821 310 240 2432 1837 1791 1351 1039 114 1827 440 1402 1814 1641 434 878 115 299 895 403
internal_count=10344 8244 4412 2100 3832 1866 2546 1860 2005 1701 821 310 240 2432 1837 1791 1351 1039 114 1827 440 1402 1814 1641 434 878 115 299 895 403
is_linear=0
shrinkage=0.05


Tree=24
num_leaves=31
num_cat=0
split_feature=11 14 10 9 11 9 25 27 2 22 10 17 9 8 22 0 23 23 23 2 13 10 13 5 13 27 22 4 14 22
split_gain=1.02006e+06 394480 318392 172314 157161 127211 105680 98393.2 131302 96696.7 93067.5 90131.2 86573.1 97108.1 121784 112641 72620.4 71530.9 67371.3 63551.2 61767.2 63696.3 59692.5 55038.5 54466.6 53700.9 51381 47604.8 60339 46859.2
threshold=323.96775000000008 257.98325000000006 384.97810000000004 364.18065000000007 492.81720000000001 219.12100000000004 6.6500000000000012 2.3406250000000015 4.5000000000000009 -6.3999999999999995 249.64735000000005 64.075310498650964 350.15420000000012 1.0000000180025095e-35 7.5000000000000009 12.500000000000002 20.231250000000003 27.602083333333333 2.9062500000000004 4.5000000000000009 49.022789705988181 476.20150000000007 40.736676578639496 0.60355339059327384 58.154970024067318 4.1308414081960914 22.500000000000004 -0.78656609248549292 226.63060000000004 21.400000000000002
decision_type=2 2 2 2 2 2 2 2 2 2 2 2 2 2 2 2 2 2 2 2 2 2 2 2 2 2 2 2 2 2
left_child=1 5 4 25 6 10 12 8 16 -4 -1 -8 13 22 15 -15 23 19 -17 20 -11 -22 27 -7 -10 -3 -9 -2 -29 -16
right_child=2 3 9 -5 -6 7 11 26 24 17 -12 -13 -14 14 29 18 -18 -19 -20 -21 21 -23 -24 -25 -26 -27 -28 28 -30 -31
leaf_value=-1.3471010842975581 0.27777202304280724 0.13879535119649994 3.1498268320590639 1.1338826458983042 3.0221106280173577 0.17261450103678547 -0.06414546394590169 -0.92626409735325144 -0.98489312980967592 1.0339013695024251 -4.1775970906019211 -2.3028611323663166 1.2260800260259144 0.35866015106439592 -0.035667284012604987 3.8595275884324858 0.80348000450244372 -0.66716108821159192 1.6882649123080467 0.25943536788713889 1.7092064562463201 3.3646384684132857 0.46446908210584681 -0.62014420097649658 0.44035573214217011 -0.40047504012148816 -0.014943988627887199 -2.3114341934521994 -0.33375891693941123 1.1015044567443557
leaf_weight=106 325 1341 79 364 56 455 157 1949 712 277 40 63 306 155 390 44 222 43 190 101 320 71 578 422 74 704 168 42 472 118
leaf_count=106 325 1341 79 364 56 455 157 1949 712 277 40 63 306 155 390 44 222 43 190 101 320 71 578 422 74 704 168 42 472 118
internal_value=1.14062e-09 -0.37734 0.653345 0.131558 0.399047 -0.672889 0.347325 -0.620001 -0.357266 1.47988 -2.12258 -0.705232 0.435708 0.33119 0.738293 1.40407 -0.00435732 1.31742 2.09654 1.42839 1.60513 2.00981 0.0734824 -0.20885 -0.850709 -0.0468508 -0.853944 -0.195874 -0.495359 0.228479
internal_weight=10344 6557 3787 2409 2896 4148 2840 4002 1885 891 146 220 2620 2314 897 389 1099 812 234 769 668 391 1417 877 786 2045 2117 839 514 508
internal_count=10344 6557 3787 2409 2896 4148 2840 4002 1885 891 146 220 2620 2314 897 389 1099 812 234 769 668 391 1417 877 786 2045 2117 839 514 508
is_linear=0
shrinkage=0.05


Tree=25
num_leaves=31
num_cat=0
split_feature=11 14 9 0 9 22 8 11 9 22 27 2 22 10 0 27 13 15 22 22 22 6 19 27 10 12 18 14 5 6
split_gain=920601 356018 287906 171483 155514 131402 222439 115813 114808 90441.1 88799.8 118500 85258 83993.4 68843.4 66927.4 57499.1 64235.9 56167.4 99632.8 51802.4 50065.3 49257.1 48465 45902.3 45391.2 58823.4 42929.8 50317.8 41677.6
threshold=323.96775000000008 257.98325000000006 329.63600000000002 12.500000000000002 364.18065000000007 7.5000000000000009 1.0000000180025095e-35 479.47655000000003 219.12100000000004 20.300000000000004 2.3406250000000015 4.5000000000000009 -5.8499999999999988 249.64735000000005 20.500000000000004 -15.50920873402494 24.385087032480861 321.36355000000009 3.6000000000000001 4.1500000000000012 2.5000000000000004 0.19337368024598436 439.06655000000006 4.1308414081960914 384.97810000000004 366.65748333333335 263.94830000000007 187.84795000000003 0.60355339059327384 -0.39036798905311365
decision_type=2 2 2 2 2 2 2 2 2 2 2 2 2 2 2 2 2 2 2 2 2 2 2 2 2 2 2 2 2 2
left_child=1 8 3 18 23 6 25 12 13 -7 11 15 -4 -1 24 -10 17 -8 -2 -20 -18 -12 -13 -3 -14 26 -5 -17 -29 -6
right_child=2 4 7 5 29 9 16 -9 10 -11 21 22 14 -15 -16 27 20 -19 19 -21 -22 -23 -24 -25 -26 -27 -28 28 -30 -31
leaf_value=-1.2797460668491869 0.16987418930805406 0.13185558329231475 2.3996686142976169 0.33894922506478098 0.29982167409780697 -0.11762799540788552 1.6058190928995613 3.4056755632907159 1.2499289791723811 0.96891244033113466 -0.54405502837687358 -1.0565043998677417 0.85001162685421283 -3.9687172192335129 0.045372703271396697 -1.3580253411423078 2.3879117629499036 4.0929208111983764 -3.0557537601143121 -0.43423903790226276 1.0412016327848139 -1.0325220951746139 -0.17728029801971742 -0.3804512885380642 1.5903053187505796 1.8211802183195602 -1.4754358237864924 0.32953502940165896 -0.40367238004418821 1.4454149085466528
leaf_weight=106 357 1341 122 360 117 684 50 60 97 266 959 564 471 40 159 66 113 54 40 386 194 1158 222 704 377 43 51 466 470 247
leaf_count=106 357 1341 122 360 117 684 50 60 97 266 959 564 471 40 159 66 113 54 40 386 194 1158 222 704 377 43 51 466 470 247
internal_value=-5.27814e-10 -0.358473 0.620678 0.325748 0.12498 0.592559 1.03841 1.26511 -0.639244 0.186603 -0.589001 -0.339403 1.15135 -2.01645 1.00011 -0.00413945 1.88111 2.8972 -0.292722 -0.680391 1.5369 -0.811247 -0.808174 -0.0445082 1.17913 0.275518 0.113807 -0.125541 -0.0386354 1.07719
internal_weight=10344 6557 3787 2598 2409 1815 865 1189 4148 950 4002 1885 1129 146 1007 1099 411 104 783 426 307 2117 786 2045 848 454 411 1002 936 364
internal_count=10344 6557 3787 2598 2409 1815 865 1189 4148 950 4002 1885 1129 146 1007 1099 411 104 783 426 307 2117 786 2045 848 454 411 1002 936 364
is_linear=0
shrinkage=0.05


Tree=26
num_leaves=31
num_cat=0
split_feature=10 9 22 6 11 14 11 24 10 7 13 4 9 13 25 27 2 2 5 5 11 0 0 2 2 17 0 2 27 25
split_gain=835386 298472 175592 161996 160868 152644 122647 80330.1 78579.4 81659.1 79954.8 71408.8 69364.2 69312 65782.3 63913 80960.3 62244.2 58744.6 56219.7 55477.6 52396 57359.9 72991.2 51339.2 73250.9 50268.2 45275.4 41372.7 40867
threshold=308.32895000000002 344.78755000000007 3.6000000000000001 0.19337368024598436 323.96775000000008 189.85245000000003 479.47655000000003 24.09196428571429 363.64205000000004 0.94909129669788206 24.091712159168953 0.25881904510252091 398.86505000000005 53.351744731122317 -1.6999999999999995 5.0221694513836548 1.5000000000000002 4.5000000000000009 0.60355339059327384 -0.70710678118654757 395.22870000000006 20.500000000000004 10.500000000000002 3.5000000000000004 4.5000000000000009 36.787140226981613 11.500000000000002 1.0000000180025095e-35 -16.316488975879579 -0.60000000000000064
decision_type=2 2 2 2 2 2 2 2 2 2 2 2 2 2 2 2 2 2 2 2 2 2 2 2 2 2 2 2 2 2
left_child=2 4 19 13 5 -2 7 21 9 10 20 17 28 15 -10 16 -4 18 -5 27 -6 22 -3 29 26 -26 -7 -1 -9 -24
right_child=1 6 3 11 8 24 -8 12 14 -11 -12 -13 -14 -15 -16 -17 -18 -19 -20 -21 -22 -23 23 -25 25 -27 -28 -29 -30 -31
leaf_value=2.337199542403221 -2.9036954451580441 0.98604873401166382 0.56406706173073606 0.18640933762826437 0.72594978442558888 -0.24834479091180098 3.6109436172120115 1.4024758870000238 1.7516508112715177 -0.74079876134567191 0.31490253210515112 -1.0764101698012183 -1.4923842132091523 0.65004800238963123 0.66080897564888008 -0.56756635622530272 -0.38872599619276382 -1.053378902545375 -0.68532778446029119 0.049862465629013059 3.1382786325433041 0.35882684693982209 3.587393988714668 1.1220078582309332 -2.440471762276831 -0.27165903933922886 0.52635501482051394 0.50915156676655726 0.19766217640147138 2.0320143120729028
leaf_weight=50 49 435 370 364 52 377 47 111 191 165 916 1275 44 203 500 1148 561 386 412 726 44 144 57 204 42 533 471 105 199 163
leaf_count=50 49 435 370 364 52 377 47 111 191 165 916 1275 44 203 500 1148 561 386 412 726 44 144 57 204 42 533 471 105 199 163
internal_value=-1.01033e-10 0.488192 -0.413569 -0.534543 0.231058 -0.159842 1.09989 1.01292 0.539091 0.290614 0.458779 -0.818026 0.36538 -0.231804 0.96233 -0.317911 -0.010065 -0.534515 -0.27642 0.234417 1.8316 1.24147 1.38943 1.80328 -0.0653597 -0.430077 0.181942 1.09884 0.629063 2.435
internal_weight=10344 4744 5600 4719 3340 1472 1404 1357 1868 1177 1012 2437 354 2282 691 2079 931 1162 776 881 96 1003 859 424 1423 575 848 155 310 220
internal_count=10344 4744 5600 4719 3340 1472 1404 1357 1868 1177 1012 2437 354 2282 691 2079 931 1162 776 881 96 1003 859 424 1423 575 848 155 310 220
is_linear=0
shrinkage=0.05


Tree=27
num_leaves=31
num_cat=0
split_feature=10 22 22 6 4 8 11 2 13 22 0 2 4 27 9 13 2 27 9 25 23 5 0 9 0 13 23 12 14 4
split_gain=754197 263997 185581 170015 149246 130370 115030 103099 103090 103033 93004.1 76126.1 74734.9 68530.3 65482.9 69325 64996.7 76847 63108.4 59512.1 53178.9 52284.9 48212 47640.6 46692.6 43292.3 41942.4 50227.5 38574.1 37600.7
threshold=335.79120000000006 4.7000000000000011 -4.1499999999999995 0.61237135649459018 0.25881904510252091 1.0000000180025095e-35 445.16465000000005 4.5000000000000009 77.831074539680671 3.6000000000000001 12.500000000000002 4.5000000000000009 -0.60355339059327362 -18.635209962520467 245.76690000000005 53.351744731122317 4.5000000000000009 -1.9003494744388461 387.41265000000004 6.6500000000000012 21.947916666666671 -0.5 12.500000000000002 291.51685000000003 11.500000000000002 53.351744731122317 11.71666666666667 302.15350416666672 234.00000000000003 -0.78656609248549292
decision_type=2 2 2 2 2 2 2 2 2 2 2 2 2 2 2 2 2 2 2 2 2 2 2 2 2 2 2 2 2 2
left_child=1 6 18 4 7 8 21 12 11 10 -7 13 20 -4 -6 28 17 -5 -2 25 26 -1 -13 29 -20 -11 27 -3 -16 -23
right_child=2 3 5 16 14 9 -8 -9 -10 19 -12 22 -14 -15 15 -17 -18 -19 24 -21 -22 23 -24 -25 -26 -27 -28 -29 -30 -31
leaf_value=0.67523431906387921 1.2600679627924907 2.5407750517792174 1.4426383192020078 -0.181362725982572 -2.3427385328375565 0.52616853649152151 2.4798167952320034 -0.45620309757355576 -2.2376172275078008 0.50414963109236188 2.1697085509796543 0.48488623707024292 0.060152592688411624 0.3749708938002016 -1.0114753445753351 0.32422036580318447 -1.2734408513567608 -0.9353362124777016 1.6715034720756241 -0.65782495753730053 1.629189254409948 0.57156345991567636 -0.43792135735269655 0.27774721616308845 3.6524182907740279 1.4782010383516937 0.042416358941599085 0.17839698327912226 -0.46149374100406837 -0.58019903232806713
leaf_weight=420 238 45 186 561 49 131 57 552 41 440 251 214 707 783 430 229 557 850 59 85 157 87 418 739 60 154 184 45 1233 382
leaf_count=420 238 45 186 561 49 131 57 552 41 440 251 214 707 783 430 229 557 850 59 85 157 87 418 739 60 154 184 45 1233 382
internal_value=-3.00076e-11 -0.276722 0.658707 -0.441853 -0.239011 0.517197 0.271984 0.104529 0.238066 0.949179 1.60609 0.301466 0.376518 0.57991 -0.538127 -0.49139 -0.816101 -0.635564 1.73014 0.579608 0.895476 0.194683 -0.125452 0.0276036 2.67028 0.756681 0.475063 1.35959 -0.603702 -0.366546
internal_weight=10344 7284 3060 5599 3631 2703 1685 1690 1642 1061 382 1601 1138 969 1941 1892 1968 1411 357 679 431 1628 632 1208 119 594 274 90 1663 469
internal_count=10344 7284 3060 5599 3631 2703 1685 1690 1642 1061 382 1601 1138 969 1941 1892 1968 1411 357 679 431 1628 632 1208 119 594 274 90 1663 469
is_linear=0
shrinkage=0.05


Tree=28
num_leaves=31
num_cat=0
split_feature=11 9 9 0 14 9 22 8 22 13 22 0 13 15 27 0 2 15 19 27 26 25 27 25 23 2 24 9 27 0
split_gain=685187 276725 227523 136735 133566 110956 109825 181051 95522.3 93123.5 72932.3 66690.6 51452.6 55362.9 49762.9 47930.4 55187.3 54003.9 50028.5 47639.9 54696.7 45039.1 80181.7 44179.2 41274 41204.1 41011.6 40490.2 39055.9 38969.5
threshold=323.96775000000008 310.56370000000004 329.63600000000002 12.500000000000002 236.85070000000005 364.18065000000007 7.5000000000000009 1.0000000180025095e-35 -6.3999999999999995 114.61714181040874 20.300000000000004 20.500000000000004 21.636347954638477 318.33310000000006 4.7511734126122933 12.500000000000002 2.5000000000000004 443.18080000000003 527.92145000000016 4.1308414081960914 7.0166666666666684 6.6500000000000012 1.5979518970235873 -1.0000000180025095e-35 3.7625000000000006 2.5000000000000004 1.8282738095238096 414.21015000000006 1.0253865595360862e-15 16.500000000000004
decision_type=2 2 2 2 2 2 2 2 2 2 2 2 2 2 2 2 2 2 2 2 2 2 2 2 2 2 2 2 2 2
left_child=1 4 3 21 9 14 7 26 -4 29 -8 15 13 -9 -3 27 -17 -18 -19 20 -6 -2 -23 25 -25 -14 -5 -10 -22 -1
right_child=2 5 8 6 19 -7 10 12 11 -11 -12 -13 23 -15 -16 16 17 18 -20 -21 28 22 -24 24 -26 -27 -28 -29 -30 -31
leaf_value=-0.8782603115797134 -0.13221842613011031 0.2277866131891032 2.4043113760122168 -0.38917355630103323 -0.18748691785308372 0.92626912655122584 -0.13279651631710082 1.5104005683792963 0.51325650353455765 -3.1916007610410455 0.84291859950338088 0.0091257799955658941 1.2566122539750824 4.0046609737656338 -0.33966548274669317 1.9508208817216248 0.22364744238221826 2.6550760403512017 0.6106953534117916 -0.53318962493310218 1.5663309623061874 -2.9009230202367142 -0.062039870225777061 1.5535075799340294 -0.060242931485176093 2.8574485826823448 0.59509477386238074 2.0781371585866242 0.018377962781161796 -0.38982425554231853
leaf_weight=1647 681 942 127 168 1222 400 684 45 343 40 266 159 91 44 655 259 134 63 57 945 81 43 59 84 75 72 286 47 82 543
leaf_count=1647 681 942 127 168 1222 400 684 45 343 40 266 159 91 44 655 259 134 63 57 945 81 43 59 84 75 72 286 47 82 543
internal_value=-5.06054e-10 -0.309261 0.53547 0.273286 -0.524216 0.181573 0.511536 0.919137 1.10835 -0.800822 0.140404 0.953372 1.67941 2.74352 -0.00495047 1.11963 1.43725 0.913576 1.684 -0.259482 -0.0727287 -0.278979 -1.25882 1.38529 0.792305 1.96373 0.230872 0.701845 0.787606 -0.757155
internal_weight=10344 6557 3787 2598 4560 1997 1815 865 1189 2230 950 1062 411 89 1597 903 513 254 120 2330 1385 783 102 322 159 163 454 390 163 2190
internal_count=10344 6557 3787 2598 4560 1997 1815 865 1189 2230 950 1062 411 89 1597 903 513 254 120 2330 1385 783 102 322 159 163 454 390 163 2190
is_linear=0
shrinkage=0.05


Tree=29
num_leaves=31
num_cat=0
split_feature=10 9 11 22 14 11 6 23 10 16 2 27 4 13 2 5 25 24 0 23 5 0 2 22 10 2 7 12 18 2
split_gain=621594 234617 138625 135160 134215 128529 127029 86079.1 74736.9 58594.4 70901.4 57503.8 55999.5 50794.7 48478.6 49971.6 48132.9 63340.5 46284.1 45429.2 45131.4 42803.3 41046.7 68334.5 37502 37087.2 35992.5 34329 33620.4 31499.6
threshold=308.32895000000002 361.58320000000009 323.96775000000008 3.6000000000000001 189.85245000000003 467.96960000000007 0.19337368024598436 27.602083333333333 360.74960000000004 332.55975297619057 1.0000000180025095e-35 -19.929017860515128 0.25881904510252091 50.123651235841486 4.5000000000000009 0.60355339059327384 -0.50000000000000011 15.065476190476193 21.500000000000004 8.4208333333333361 -0.70710678118654757 12.500000000000002 4.5000000000000009 -1.0000000180025095e-35 372.00940000000008 1.0000000180025095e-35 -0.48313741114591585 305.5396770833334 228.23595000000003 4.5000000000000009
decision_type=2 2 2 2 2 2 2 2 2 2 2 2 2 2 2 2 2 2 2 2 2 2 2 2 2 2 2 2 2 2
left_child=3 2 4 20 -2 7 11 18 9 10 28 -5 14 19 15 -8 17 -10 21 27 25 -3 23 -23 -9 -1 -18 -13 -4 -6
right_child=1 5 8 6 29 -7 12 24 16 -11 -12 13 -14 -15 -16 -17 26 -19 -20 -21 -22 22 -24 -25 -26 -27 -28 -29 -30 -31
leaf_value=2.1070611624717714 -2.6665089159595725 0.98280959817178215 0.87235652732559377 1.1393946588039399 0.17320040170932666 3.8247817898905554 0.19180091946170882 0.45586364837708299 1.6400501158914875 -0.20083758056311951 0.35091271976127031 1.2628279498418173 -0.94272533958372395 0.46635970245833436 -0.92075514205577036 -0.612212177143586 1.2989984741286627 0.10363314677479452 0.016104434064362901 -0.39495878210809526 0.046407407605071289 3.3881815913277613 0.65006516114357982 1.5188839174807072 -1.5640567693114282 0.45255633071064949 0.33678388041082552 -0.19688646472862056 2.8051261864768136 -0.27342730606538307
leaf_weight=50 49 377 45 78 959 43 364 54 293 440 726 75 1275 227 386 412 126 87 74 1815 726 71 62 157 40 105 425 87 45 671
leaf_count=50 49 377 45 78 959 43 364 54 293 440 726 75 1275 227 386 412 126 87 74 1815 726 71 62 157 40 105 425 87 45 671
internal_value=5.31427e-10 0.421115 0.253546 -0.356745 -0.0881653 1.15895 -0.46288 1.02167 0.515884 0.264236 0.515011 -0.194799 -0.713911 -0.242016 -0.462846 -0.235072 0.855379 1.28829 1.20248 -0.323352 0.211763 1.33411 1.79079 2.10099 -0.403677 0.986268 0.556818 0.478907 1.83874 -0.0106568
internal_weight=10344 4744 3866 5600 1679 878 4719 835 2187 1256 816 2282 2437 2204 1162 776 931 380 741 1977 881 667 290 228 94 155 551 162 90 1630
internal_count=10344 4744 3866 5600 1679 878 4719 835 2187 1256 816 2282 2437 2204 1162 776 931 380 741 1977 881 667 290 228 94 155 551 162 90 1630
is_linear=0
shrinkage=0.05


Tree=30
num_leaves=31
num_cat=0
split_feature=22 9 8 0 27 2 11 9 13 22 7 6 17 6 2 22 27 0 9 12 18 12 0 2 27 0 25 7 9 6
split_gain=562611 299914 232795 236901 175291 211468 128951 117555 97701.9 74429.3 67005.8 58869.3 56358.5 48976.6 45596.2 43266.5 43036.1 57100 41134.8 49525.8 41022.9 36783.5 33715.5 33066.9 35993.6 32968.5 32121.1 29778.9 30576 33682.4
threshold=3.6000000000000001 307.67320000000001 1.0000000180025095e-35 12.500000000000002 -1.9003494744388461 4.5000000000000009 351.81105000000008 346.99615000000006 114.61714181040874 21.950000000000003 0.60383265664488517 0.21022171450811275 44.399884481506795 0.29342972903661901 1.0000000180025095e-35 8.0500000000000025 4.2404673850403203 4.5000000000000009 366.54130000000004 384.03292291666668 251.83085000000003 361.40946458333343 4.5000000000000009 2.5000000000000004 -15.967961315841158 20.500000000000004 1.0999999999999992 0.98332250088165762 294.14345000000009 0.83376496542330847
decision_type=2 2 2 2 2 2 2 2 2 2 2 2 2 2 2 2 2 2 2 2 2 2 2 2 2 2 2 2 2 2
left_child=2 4 7 -4 5 9 16 -1 11 10 25 -6 -12 -13 -8 -15 23 -18 19 27 -16 -22 -17 24 -3 -2 -14 28 29 -5
right_child=1 6 3 18 8 -7 14 -9 -10 -11 12 13 26 15 20 22 17 -19 -20 -21 21 -23 -24 -25 -26 -27 -28 -29 -30 -31
leaf_value=0.069007206994237083 0.090114511483954746 1.9858189826426298 0.47150373676648505 0.72776187313927554 -0.39653103014837593 -0.89644966642222101 2.4921305080739464 0.90732379059167578 -3.1258100070604464 1.3824407071052196 1.8545804515827535 -2.4015444760322571 1.0431776404510751 -0.45214033882206883 1.0283452967441036 -0.64095679841889075 0.32596104595919745 -0.49528327243247505 3.1869659629990075 0.30323204372078183 -0.51459689337337755 1.2021238019608935 -1.2257750507357104 0.069677102528349799 0.46580493845133564 -0.49723018414201364 -0.24669809449802746 0.93363417893648148 2.8683604186560427 2.7218505100905896
leaf_weight=1380 887 46 390 45 1171 620 41 600 41 121 86 50 86 547 388 400 323 614 85 40 97 46 642 687 254 327 110 40 140 40
leaf_count=1380 887 46 390 45 1171 620 41 600 41 121 86 50 86 547 388 400 323 614 85 40 97 46 642 687 254 327 110 40 140 40
internal_value=5.69473e-10 -0.222451 0.611258 1.34288 -0.442677 -0.111362 0.22647 0.323043 -0.702639 0.189662 0.093187 -0.667283 0.787484 -0.860725 0.885589 -0.812241 0.0305155 -0.212186 2.21426 1.94318 0.761544 0.0376349 -1.00128 0.260922 0.698874 -0.0680912 0.319268 2.19071 2.41419 1.66616
internal_weight=10344 7584 2760 780 5088 2237 2496 1980 2851 1617 1496 2810 282 1639 572 1589 1924 937 390 305 531 143 1042 987 300 1214 196 265 225 85
internal_count=10344 7584 2760 780 5088 2237 2496 1980 2851 1617 1496 2810 282 1639 572 1589 1924 937 390 305 531 143 1042 987 300 1214 196 265 225 85
is_linear=0
shrinkage=0.05


Tree=31
num_leaves=31
num_cat=0
split_feature=22 9 8 0 27 2 11 9 13 22 7 6 12 19 6 2 22 15 18 27 0 25 23 13 12 26 0 0 7 11
split_gain=507756 270672 210097 213803 158200 190850 116378 108078 88175.9 67172.4 60472.7 53129.5 52346.9 46615.9 44201.4 41150.6 39048 38979.5 55968.7 38840.1 51532.7 38209.6 49157.4 51642.5 36519.8 31005.4 30428.2 29754 29254.9 31469.3
threshold=3.6000000000000001 307.67320000000001 1.0000000180025095e-35 12.500000000000002 -1.9003494744388461 4.5000000000000009 351.81105000000008 369.78525000000008 114.61714181040874 21.950000000000003 0.60383265664488517 0.21022171450811275 302.15350416666672 468.91055000000006 0.29342972903661901 1.0000000180025095e-35 8.0500000000000025 456.66075000000006 251.83085000000003 4.2404673850403203 4.5000000000000009 -4.4499999999999984 4.866666666666668 20.991579079663328 299.52656250000001 22.714583333333337 4.5000000000000009 20.500000000000004 -0.15950993297387572 318.66635000000002
decision_type=2 2 2 2 2 2 2 2 2 2 2 2 2 2 2 2 2 2 2 2 2 2 2 2 2 2 2 2 2 2
left_child=2 4 7 -4 5 9 19 24 11 10 27 -6 13 -12 -13 -8 -16 18 -17 25 -21 -5 23 -23 -1 -3 -18 28 29 -2
right_child=1 6 3 21 8 -7 15 -9 -10 -11 12 14 -14 -15 16 17 26 -19 -20 20 -22 22 -24 -25 -26 -27 -28 -29 -30 -31
leaf_value=-0.37863706623071008 0.27259238059558566 0.13921332521014576 0.44792855364580952 2.9756581803450461 -0.37670447891283809 -0.85162718246198976 2.3675240272428932 1.132909700996948 -2.9695195400133367 1.313318676249055 2.4201426720980446 -2.2814672133922578 0.12704669794478973 0.51084313522573677 -0.42953332070588141 0.84174330198831704 -0.60890895879641183 1.6020231146438448 -0.48234588277508633 0.30966299273702247 -0.47051911387851936 3.7279791478812698 0.19304827988147735 1.7714133478267944 0.24803006540531852 0.97061045190622641 -1.1644863082982333 -0.47236867358834006 0.36414637580693293 -0.58921102610922949
leaf_weight=280 189 858 390 95 1171 620 41 330 41 121 66 50 154 62 547 323 400 102 106 323 614 40 40 215 1370 129 642 327 457 241
leaf_count=280 189 858 390 95 1171 620 41 330 41 121 66 50 154 62 547 323 400 102 106 323 614 40 40 215 1370 129 642 327 457 241
internal_value=2.64134e-10 -0.211329 0.580695 1.27574 -0.420543 -0.105793 0.215146 0.30689 -0.667507 0.180179 0.0885276 -0.633919 0.74811 1.49533 -0.817689 0.84131 -0.771629 0.723467 0.514579 0.0289897 -0.201577 2.10354 1.82269 2.07833 0.141687 0.247876 -0.951213 -0.0646866 0.0856088 -0.210418
internal_weight=10344 7584 2760 780 5088 2237 2496 1980 2851 1617 1496 2810 282 128 1639 572 1589 531 429 1924 937 390 295 255 1650 987 1042 1214 887 430
internal_count=10344 7584 2760 780 5088 2237 2496 1980 2851 1617 1496 2810 282 128 1639 572 1589 531 429 1924 937 390 295 255 1650 987 1042 1214 887 430
is_linear=0
shrinkage=0.05


Tree=32
num_leaves=31
num_cat=0
split_feature=9 11 9 23 0 11 27 22 8 14 22 22 13 27 13 2 25 24 27 13 0 17 15 22 26 27 22 16 18 24
split_gain=462645 301993 144366 167080 117955 85727 77189.5 74053.5 87883.1 65831.2 63119.6 62494.6 60223 58186.5 49720.1 46344.3 56693.5 45956.4 43666.1 51859 41414.1 38105.5 56202.6 42599.2 34530.4 33602.9 32382.3 32207.9 37492.4 31849.8
threshold=344.78755000000007 348.12010000000004 280.06270000000006 24.650000000000002 11.500000000000002 479.47655000000003 5.1613523558657572 7.5000000000000009 1.0000000180025095e-35 227.24735000000001 20.300000000000004 -6.9499999999999993 77.468135043253696 0.18222221288126689 53.351744731122317 4.5000000000000009 2.5000000000000009 1.4020833333333338 -2.6946185798917988 49.302825458190945 4.5000000000000009 55.386758682443627 373.30625000000003 2.5000000000000004 9.7750000000000004 7.6713013194847521 10.850000000000001 372.46709613095248 232.79485000000003 3.6964285714285716
decision_type=2 2 2 2 2 2 2 2 2 2 2 2 2 2 2 2 2 2 2 2 2 2 2 2 2 2 2 2 2 2
left_child=1 2 3 9 29 11 24 8 17 15 -9 -2 13 -13 -15 18 -17 -6 19 -1 -8 22 -10 -24 -4 -11 -26 28 -23 -3
right_child=5 4 6 -5 7 -7 20 10 21 25 -12 12 -14 14 -16 16 -18 -19 -20 -21 -22 27 23 -25 26 -27 -28 -29 -30 -31
leaf_value=0.17515960229158989 1.6588258362104817 -0.068966012206715596 -0.00056258063681804353 -3.7694180498085914 -0.28132702320619346 2.8707949538338693 -0.0067731425126920739 -0.11130676758080622 2.9491971379518511 -0.20619183154054058 0.87166530357434591 0.96073701945926515 -0.80711074216912193 0.0077457519789182003 0.99905572165915157 -1.0267077710857848 -2.9411874604779622 0.86744985638536731 -0.86533370348794814 -1.7019345302914464 -0.6053226976675693 1.1090533838460321 2.4065320721930927 0.63016042767299552 1.6703808283941315 -0.73397410647470718 0.32477714425599724 2.1738874317812069 -0.56918375466732274 -1.0614428335982087
leaf_weight=255 155 284 2192 40 153 47 432 448 80 1379 257 781 72 420 181 384 43 202 483 43 873 114 54 90 55 386 239 42 47 113
leaf_count=255 155 284 2192 40 153 47 432 448 80 1379 257 781 72 420 181 384 43 202 483 43 873 114 54 90 55 386 239 42 47 113
internal_value=-8.32312e-10 -0.145989 -0.301109 -0.559452 0.414221 0.765913 -0.095783 0.618642 0.953668 -0.516264 0.247025 0.704428 0.602686 0.676135 0.306293 -0.800663 -1.2195 0.372343 -0.571669 -0.0956963 -0.407182 1.43697 1.88662 1.2963 0.0676828 -0.321616 0.576506 0.940807 0.619133 -0.351459
internal_weight=10344 8688 6804 3013 1884 1656 3791 1487 782 2973 705 1609 1454 1382 601 1208 427 355 781 298 1305 427 224 144 2486 1765 294 203 161 397
internal_count=10344 8688 6804 3013 1884 1656 3791 1487 782 2973 705 1609 1454 1382 601 1208 427 355 781 298 1305 427 224 144 2486 1765 294 203 161 397
is_linear=0
shrinkage=0.05


Tree=33
num_leaves=31
num_cat=0
split_feature=22 9 8 0 27 2 11 9 13 22 7 27 6 17 6 0 22 9 12 2 0 22 27 26 13 17 18 25 0 22
split_gain=425116 225661 177249 180846 131452 162238 97424 88804.6 76269.1 58845.5 51544.1 49303.8 46113.4 45186.2 39930.2 39685.7 43462.2 35433.2 43458.7 35368.6 33068.8 31661.7 29778.3 47338.2 29676.1 28999.5 36113.6 27103.9 26969.4 26447.1
threshold=3.6000000000000001 307.67320000000001 1.0000000180025095e-35 12.500000000000002 -1.9003494744388461 4.5000000000000009 372.17550000000006 329.63600000000002 114.61714181040874 21.950000000000003 0.60383265664488517 -19.575072725847583 0.21022171450811275 44.399884481506795 0.29342972903661901 3.5000000000000004 4.7000000000000011 366.54130000000004 384.03292291666668 2.5000000000000004 22.500000000000004 8.0500000000000025 -5.2649992415848326 21.435416666666669 86.718416805627044 47.282748564255606 251.83085000000003 1.0999999999999992 4.5000000000000009 7.5000000000000009
decision_type=2 2 2 2 2 2 2 2 2 2 2 2 2 2 2 2 2 2 2 2 2 2 2 2 2 2 2 2 2 2
left_child=2 4 7 -4 5 9 11 24 12 10 -2 19 -6 -12 -14 -13 -17 18 -5 -3 -9 -16 23 -18 -1 26 -8 -15 -23 -27
right_child=1 6 3 17 8 -7 25 20 -10 -11 13 15 14 27 21 16 22 -19 -20 -21 -22 28 -24 -25 -26 29 -28 -29 -30 -31
leaf_value=-0.011503209878330029 -0.061055293469948702 1.9755659665912391 0.40840341876428099 1.9113646601871501 -0.33864791385442128 -0.78514360927045346 1.0053486230158353 0.82073937945915088 -2.7504675652922654 1.226762226765806 1.6448343570842301 0.42615193264777229 -2.1407437546253205 0.93507032174573745 -0.3976604151515668 0.68312687856354282 -0.1744096956889819 2.8338622998314746 0.14327079083770514 0.43959742298251703 -0.62646624403340478 -0.54515361107178617 -0.3833229620175499 1.0431670028538933 1.3398908640657154 2.2924059455990791 -0.71177495539188396 -0.2497936598438272 -1.0682020274780086 1.000692470535558
leaf_weight=1240 1214 48 390 265 1171 620 79 656 41 121 86 401 50 86 547 147 333 85 40 171 42 400 921 105 42 50 50 110 642 191
leaf_count=1240 1214 48 390 265 1171 620 79 656 41 121 86 401 50 86 547 147 333 85 40 171 42 400 921 105 42 50 50 110 642 191
internal_value=2.14131e-10 -0.193368 0.531342 1.16974 -0.384396 -0.0974866 0.196036 0.279851 -0.609516 0.166179 0.0803966 0.065719 -0.578278 0.689342 -0.749484 -0.0158782 -0.133577 1.93108 1.67948 0.776248 0.733658 -0.705706 -0.221918 0.117475 0.0327702 0.944828 0.339797 0.270096 -0.867416 1.26868
internal_weight=10344 7584 2760 780 5088 2237 2496 1980 2851 1617 1496 2126 2810 282 1639 1907 1506 390 305 219 698 1589 1359 438 1282 370 129 196 1042 241
internal_count=10344 7584 2760 780 5088 2237 2496 1980 2851 1617 1496 2126 2810 282 1639 1907 1506 390 305 219 698 1589 1359 438 1282 370 129 196 1042 241
is_linear=0
shrinkage=0.05


Tree=34
num_leaves=31
num_cat=0
split_feature=7 27 9 11 9 17 4 8 22 25 6 22 27 13 24 26 5 2 18 0 2 27 17 2 23 18 6 22 12 18
split_gain=388640 194839 141985 110597 85018.3 92621.7 80346 162382 66228 58835.3 73393.7 57834.9 57736.9 52955.4 44425 48205.3 42648.2 42580.5 44019.8 42147.5 40621.7 41725.9 39060.8 38175.5 35191.6 34714.5 34721.1 34052.8 50127 32330.5
threshold=0.689015599449598 -18.635209962520467 369.78525000000008 335.28255000000007 224.40420000000003 49.290122495164354 -0.37940952255126065 1.0000000180025095e-35 21.950000000000003 6.6500000000000012 0.44505654568748165 20.300000000000004 6.7156250000000011 76.942801139376115 -2.2312499999999997 -5.3145833333333323 -0.9159756150367534 4.5000000000000009 251.83085000000003 4.5000000000000009 4.5000000000000009 -2.4886739529047941 54.213384220597099 4.5000000000000009 6.6437500000000016 245.96170000000004 0.23537774960157334 1.4000000000000001 314.88282291666673 270.09240000000005
decision_type=2 2 2 2 2 2 2 2 2 2 2 2 2 2 2 2 2 2 2 2 2 2 2 2 2 2 2 2 2 2
left_child=1 11 6 4 5 -3 7 17 12 16 -11 -1 20 27 -4 -16 -8 18 -2 -10 21 -6 -9 -13 -22 26 -24 28 -5 -20
right_child=2 3 14 13 8 -7 9 22 19 10 -12 23 -14 -15 15 -17 -18 -19 29 -21 24 -23 25 -25 -26 -27 -28 -29 -30 -31
leaf_value=-0.14134078280136572 0.96125248453651491 -0.71548510214397265 0.41435815114527941 2.0208627135707782 0.10799724769252375 -3.1368311639342989 0.69424665733535185 2.1426436575874686 0.60967945070063922 -2.5665883594089087 0.10464747831225396 1.2030837518712842 -0.68768732641904617 1.5950706523606333 3.1617075169086455 1.3206655435264112 0.052885303835752476 -0.21842994286556439 -0.7137109281577998 -0.17077192700487756 -0.070465408269905674 -0.37812195173325924 2.7403903229907156 0.20056161036000666 -0.75675929646105022 0.034595657086798119 0.90309324241760702 -0.039982926263898072 0.089778325306741819 0.78467957794666299
leaf_weight=179 260 134 120 52 808 56 324 160 241 45 60 332 1457 59 40 320 1296 297 90 613 259 973 40 133 670 56 72 1043 95 60
leaf_count=179 260 134 120 52 808 56 324 160 241 45 60 332 1457 59 40 320 1296 297 90 613 259 973 40 133 670 56 72 1043 95 60
internal_value=6.96778e-10 -0.206976 0.453815 -0.289653 -0.390938 -1.42914 0.315781 0.664055 -0.351651 0.106816 -1.04017 0.622358 -0.433859 0.132923 1.24751 1.52523 0.181158 0.237481 0.567738 0.0494725 -0.297391 -0.157581 1.58353 0.916341 -0.565424 1.05105 1.55927 0.0604299 0.772883 -0.114355
internal_weight=10344 7104 3240 6460 5211 190 2760 1035 5021 1725 105 644 4167 1249 480 360 1620 707 410 854 2710 1781 328 465 929 168 112 1190 147 150
internal_count=10344 7104 3240 6460 5211 190 2760 1035 5021 1725 105 644 4167 1249 480 360 1620 707 410 854 2710 1781 328 465 929 168 112 1190 147 150
is_linear=0
shrinkage=0.05


Tree=35
num_leaves=31
num_cat=0
split_feature=9 0 2 22 22 7 6 9 22 8 0 0 9 27 24 22 0 13 6 19 18 14 9 25 9 0 13 9 15 24
split_gain=353952 200753 253349 110149 106318 87205.6 86190.1 76119.4 64644.1 64416.2 74364.1 58642.4 55394 67951.5 52389.7 49829.2 46032.6 45774 56436.4 44617.4 32149.4 34679.6 33137 32061.5 37439.2 31826.5 30968.4 39575.6 30492.8 27221.2
threshold=329.63600000000002 11.500000000000002 4.5000000000000009 4.7000000000000011 3.6000000000000001 0.41985448298472511 0.60555468348150676 212.83295000000001 24.700000000000003 1.0000000180025095e-35 12.500000000000002 18.500000000000004 399.25805000000008 -14.332060004618022 -0.43065476190476176 25.300000000000004 4.5000000000000009 18.12082838643871 -0.71504373327588355 427.00840000000005 199.55675000000005 231.26845 308.59115000000003 -0.54999999999999905 437.66935000000007 4.5000000000000009 44.702349245130534 350.15420000000012 378.05510000000004 -0.94464285714285712
decision_type=2 2 2 2 2 2 2 2 2 2 2 2 2 2 2 2 2 2 2 2 2 2 2 2 2 2 2 2 2 2
left_child=1 5 4 9 11 7 15 -1 25 23 29 -3 13 26 -12 17 -15 18 -6 28 -19 22 -22 -2 -25 -9 27 -5 -4 -11
right_child=3 2 19 12 6 -7 -8 8 -10 10 14 -13 -14 16 -16 -17 -18 20 -20 -21 21 -23 -24 24 -26 -27 -28 -29 -30 -31
leaf_value=-2.3713627893229328 0.99990878487114121 1.3938728043917104 -0.71882693695776645 -0.22891971779366338 0.43255694181813553 -0.14175393328904815 -0.20557090449945203 -0.38772377325588475 0.90714833198322187 -0.31573644324516259 1.0292042111357054 0.35972240967240104 -1.4419712458892415 0.63157253882919373 2.8659353888034822 2.0179412339503568 -0.15408077606830992 0.65121349195154232 2.3873496268192929 -0.22920859766320564 -1.5215204644948246 0.22372164374275272 0.24103169607309005 0.17259040025541675 1.7514910241145465 -0.77920484360087716 1.3282923084569169 1.5547461664223154 -1.9112143899997076 1.1183871318340302
leaf_weight=60 344 329 504 96 96 1716 840 890 72 45 60 235 48 260 110 48 659 384 60 612 60 708 48 354 42 1246 187 46 60 125
leaf_count=60 344 329 504 96 96 1716 840 890 72 45 60 235 48 260 110 48 659 384 60 612 60 708 48 354 42 1246 187 46 60 125
internal_value=-5.92386e-10 -0.159715 0.0912572 0.535611 0.34929 -0.410688 0.195048 -0.614167 -0.566417 0.90854 1.47822 0.962977 0.224836 0.288944 2.21768 0.434734 0.0681933 0.378691 1.1844 -0.524862 0.273949 0.0964133 -0.738164 0.646795 0.34005 -0.616088 0.90557 0.348888 -0.845677 0.738766
internal_weight=10344 7968 3984 2376 2808 3984 2244 2268 2208 1080 340 564 1296 1248 170 1404 919 1356 156 1176 1200 816 108 740 396 2136 329 142 564 170
internal_count=10344 7968 3984 2376 2808 3984 2244 2268 2208 1080 340 564 1296 1248 170 1404 919 1356 156 1176 1200 816 108 740 396 2136 329 142 564 170
is_linear=0
shrinkage=0.05


Tree=36
num_leaves=31
num_cat=0
split_feature=9 11 9 23 4 2 22 22 13 27 25 25 14 10 27 18 6 2 27 26 4 23 7 0 12 13 22 22 24 13
split_gain=321369 201075 109027 140420 88427.8 66862 70163.2 65979 55603.3 55075.9 51622.3 62856.3 49053.6 40693.4 49649.9 38537.9 53899.6 35753.2 42010.7 33941 33707.8 32405.2 32234.3 39979.7 33067.1 31740.7 29654.1 28943 28586.5 27407.9
threshold=344.78755000000007 348.12010000000004 280.06270000000006 24.650000000000002 -0.37940952255126065 4.5000000000000009 1.4000000000000001 -7.4999999999999991 77.468135043253696 8.272483820085343 6.6500000000000012 8.0500000000000025 227.24735000000001 476.20150000000007 2.0244942398404686e-15 203.22855000000004 0.24372619187392155 2.5000000000000004 -2.6946185798917988 1.6479166666666669 -0.37940952255126065 26.800000000000008 0.689015599449598 19.500000000000004 302.15350416666672 48.894632047011584 5.8500000000000005 23.600000000000005 1.4020833333333338 53.351744731122317
decision_type=2 2 2 2 2 2 2 2 2 2 2 2 2 2 2 2 2 2 2 2 2 2 2 2 2 2 2 2 2 2
left_child=1 2 3 12 5 6 19 20 13 -4 -6 -12 17 14 15 16 -9 18 -1 28 -2 22 25 24 -24 -8 -26 -11 -3 -16
right_child=7 4 9 -5 10 -7 21 8 -10 27 11 -13 -14 -15 29 -17 -18 -19 -20 -21 -22 -23 23 -25 26 -27 -28 -29 -30 -31
leaf_value=0.25514255595785346 2.6486154561793365 0.23995302794343334 0.040699108956453248 -3.4154991911724211 0.039508021491833127 -0.84860924880363431 0.022588219060753645 0.93749515604641709 -0.81504890728327961 -0.52162551228331888 -2.7224818038195373 0.001585059016942978 -0.26514107274535315 1.7270365930222846 0.013684209155085317 0.6075833803396089 2.8429439975023274 -0.89385356634872815 -0.71766331867537392 2.526226119979702 1.0684660699259905 1.8175471578132023 2.2337956567960129 -0.14563068645565133 1.3854133170694114 0.93812452636095667 0.043612167537212372 0.21735663425716215 1.6251893369278105 0.75349845731823717
leaf_weight=183 54 59 2837 40 577 76 463 144 72 795 40 45 1765 77 453 543 50 743 282 58 90 44 56 76 100 119 70 159 101 173
leaf_count=183 54 59 2837 40 577 76 463 144 72 795 40 45 1765 77 453 543 50 743 282 58 90 44 56 76 100 119 70 159 101 173
internal_value=-4.44075e-10 -0.121674 -0.248249 -0.472757 0.335447 0.587573 0.682817 0.638348 0.54095 -0.0698151 -0.129957 -1.28033 -0.433164 0.60875 0.545575 0.823696 1.42859 -0.678662 -0.334817 1.49001 1.66102 0.493196 0.427278 0.84642 1.18003 0.209786 0.832907 -0.398462 1.11438 0.218138
internal_weight=10344 8688 6804 3013 1884 1222 1146 1656 1512 3791 662 85 2973 1440 1363 737 194 1208 465 218 144 928 884 302 226 582 170 954 160 626
internal_count=10344 8688 6804 3013 1884 1222 1146 1656 1512 3791 662 85 2973 1440 1363 737 194 1208 465 218 144 928 884 302 226 582 170 954 160 626
is_linear=0
shrinkage=0.05


Tree=37
num_leaves=31
num_cat=0
split_feature=7 27 22 9 11 13 17 12 25 12 14 4 8 26 27 13 22 22 0 9 14 27 22 5 23 0 7 11 2 14
split_gain=293949 155159 108534 90832.9 83924.7 78046.2 62784.2 61740.2 65483 59893.1 56769.8 47320.2 59155.5 41079.5 47500.1 40889.2 40633 39431.3 39006.5 37909.3 39880.2 37233.2 34071.9 32027.8 45406.4 31715.6 31292.3 35755.2 31106.7 30810.2
threshold=0.689015599449598 -19.575072725847583 -3.5999999999999992 275.88510000000002 492.81720000000001 74.6791525769613 40.749949530584253 350.55762291666673 -0.50000000000000011 344.92640625000007 227.24735000000001 0.25881904510252091 1.0000000180025095e-35 7.0479166666666684 -2.1978050579955752 22.586817147112125 20.300000000000004 4.7000000000000011 19.500000000000004 387.41265000000004 275.98185000000007 0.4291666666666667 23.050000000000004 -0.3794095225512602 20.231250000000003 10.500000000000002 0.95936279103287792 381.60440000000006 2.5000000000000004 227.98800000000003
decision_type=2 2 2 2 2 2 2 2 2 2 2 2 2 2 2 2 2 2 2 2 2 2 2 2 2 2 2 2 2 2
left_child=1 16 19 5 6 10 -4 9 21 13 -3 12 23 15 -15 26 -1 -14 -10 20 -2 -9 -13 -5 -25 -21 27 -8 -18 -12
right_child=2 3 4 11 -6 -7 7 8 18 -11 29 22 17 14 -16 -17 28 -19 -20 25 -22 -23 -24 24 -26 -27 -28 -29 -30 -31
leaf_value=-0.13716607293223634 1.8650862035652001 -0.69429822450181744 1.6942608834554751 -0.68253116105796297 1.8416498377209618 -2.6428349535639697 0.45875682448625893 1.4192327502041551 0.38520272603342659 -1.5492332253668268 0.64170367516926496 -0.403782537353092 1.2970135530228157 1.8799415052854098 0.055086705192357678 -0.18315439274068468 1.3800619278398947 0.27775475484164364 -0.66098711281255995 1.0200800296935169 0.50629746040794998 0.34914498600748278 0.092217534118858371 -0.29394988756884927 0.32632083788535188 2.6514742277218746 -0.19248978583692755 2.0262135654687881 0.50892831725609866 -0.28766394610991664
leaf_weight=136 72 1199 72 214 84 41 272 236 509 59 96 1400 114 65 79 1023 170 566 108 55 216 124 460 664 531 65 159 42 258 1255
leaf_count=136 72 1199 72 214 84 41 272 236 509 59 96 1400 114 65 79 1023 170 566 108 55 216 124 460 664 531 65 159 42 258 1255
internal_value=-6.05418e-11 -0.180004 0.394676 -0.248625 0.284835 -0.47867 0.237247 0.198045 0.514754 0.0159231 -0.443874 -0.0976892 0.0656298 0.0722305 0.878806 -0.00540775 0.615708 0.44863 0.202077 1.1571 0.845995 1.05065 -0.281116 -0.119211 -0.0183317 1.90375 0.379021 0.668417 0.854939 -0.221625
internal_weight=10344 7104 3240 6540 2832 2591 2748 2676 977 1699 2550 3949 2089 1640 144 1496 564 680 617 408 288 360 1860 1409 1195 120 473 314 428 1351
internal_count=10344 7104 3240 6540 2832 2591 2748 2676 977 1699 2550 3949 2089 1640 144 1496 564 680 617 408 288 360 1860 1409 1195 120 473 314 428 1351
is_linear=0
shrinkage=0.05


Tree=38
num_leaves=31
num_cat=0
split_feature=22 9 8 0 4 2 27 23 9 9 13 22 13 13 2 7 5 22 7 23 5 23 22 7 13 27 26 25 11 12
split_gain=271149 150766 119175 125566 91259 102618 64771.3 61295.3 56117.6 54490.6 49483.9 44752.1 42032.3 39435.9 37154.8 33783.5 32355.6 32006.2 31389.4 29423.6 29334.2 27256.3 30715.2 26454.9 35110.6 25256.8 26239.5 27431.4 24668.3 24609.9
threshold=3.6000000000000001 307.67320000000001 1.0000000180025095e-35 11.500000000000002 -0.37940952255126065 4.5000000000000009 -19.575072725847583 1.7895833333333335 369.78525000000008 205.31900000000005 53.351744731122317 21.950000000000003 17.363718277651675 18.12082838643871 2.5000000000000004 -0.21862536810265826 0.37940952255126048 -5.8499999999999988 0.60383265664488517 12.325000000000003 0.37940952255126048 9.4145833333333346 9.1500000000000021 0.9863035000474919 26.131440871462281 4.7511734126122933 7.2041666666666684 1.0999999999999992 372.17550000000006 299.52656250000001
decision_type=2 2 2 2 2 2 2 2 2 2 2 2 2 2 2 2 2 2 2 2 2 2 2 2 2 2 2 2 2 2
left_child=2 4 8 -4 5 11 14 -6 29 -9 13 12 18 -8 -3 16 -11 -5 -2 21 25 -14 -23 24 -19 26 27 -15 -12 -1
right_child=1 6 3 17 7 -7 10 9 -10 15 28 -13 19 20 -16 -17 -18 23 -20 -21 -22 22 -24 -25 -26 -27 -28 -29 -30 -31
leaf_value=-0.32804233443391112 0.43039246020663502 1.475046025902506 0.17085216800825528 2.7826759586022014 -2.3068390205171374 -0.63470000914508529 0.91524022555289175 -2.1756670346649156 0.81334699671715505 -0.83583300494011414 0.36912573414506622 1.2122274832894104 -0.023536862088884745 -1.1497359800117988 0.41244258023326918 -0.28869965744274917 -0.31236927733951575 2.436519405589654 1.9842803499930435 -0.2655441240383381 0.13192555131856351 1.6147723683289119 0.31367418917792816 0.36281177540620169 1.2406441025591146 -0.55861119139750581 0.35741557370064447 -0.0078787881632645922 1.4260144591331483 0.18638933559879661
leaf_weight=280 117 126 312 42 45 522 96 45 330 738 402 99 360 81 237 1860 492 78 45 540 640 63 162 60 288 483 217 150 64 1370
leaf_count=280 117 126 312 42 45 522 96 45 330 738 402 99 360 81 237 1860 492 78 45 540 640 63 162 60 288 483 217 150 64 1370
internal_value=3.29973e-10 -0.154431 0.42435 0.947822 -0.310574 -0.0371989 0.163859 -0.474599 0.218134 -0.448299 0.058785 0.187834 0.109034 -0.0685453 0.78128 -0.423143 -0.626448 1.4658 0.862028 0.00060336 -0.128662 0.246278 0.677982 1.33597 1.4955 -0.307799 -0.0373912 -0.40827 0.514278 0.0990918
internal_weight=10344 7584 2760 780 5088 1908 2496 3180 1980 3135 2133 1386 1287 1667 363 3090 1230 468 162 1125 1571 585 225 426 366 931 448 231 466 1650
internal_count=10344 7584 2760 780 5088 1908 2496 3180 1980 3135 2133 1386 1287 1667 363 3090 1230 468 162 1125 1571 585 225 426 366 931 448 231 466 1650
is_linear=0
shrinkage=0.05


Tree=39
num_leaves=31
num_cat=0
split_feature=22 4 2 8 0 9 23 0 0 9 9 14 19 13 23 18 18 17 18 13 6 7 13 25 22 0 25 9 22 13
split_gain=245458 147926 165443 97720.6 99688.4 81249.7 89446.3 58485.6 52806.6 51540.8 49814.6 45505.1 36789 31034.9 30367 29981.8 29609.7 28522.3 33772.4 40903.7 36202.6 32693.6 27679 26677.9 23210.6 22704.9 21225.8 20601.5 20265 20082.1
threshold=1.4000000000000001 -0.37940952255126065 4.5000000000000009 1.0000000180025095e-35 12.500000000000002 282.05545000000006 24.122916666666665 20.500000000000004 4.5000000000000009 274.91860000000003 317.53975000000008 276.00345000000004 524.19805000000008 20.991579079663328 23.270833333333339 263.94830000000007 240.22775000000001 40.041131060658167 246.61495000000002 29.069133542865902 -0.074117382312902977 0.69521084835931835 47.625178364207436 -2.2499999999999996 4.7000000000000011 22.500000000000004 -1.0999999999999985 381.54325000000006 19.700000000000003 54.481548592100715
decision_type=2 2 2 2 2 2 2 2 2 2 2 2 2 2 2 2 2 2 2 2 2 2 2 2 2 2 2 2 2 2
left_child=3 2 7 10 27 6 11 9 22 29 15 16 -10 -6 -4 -1 -3 -11 19 21 24 28 -7 -14 -20 -12 -26 -5 -19 -2
right_child=1 5 14 4 13 8 -8 -9 12 17 25 -13 23 -15 -16 -17 -18 18 20 -21 -22 -23 -24 -25 26 -27 -28 -29 -30 -31
leaf_value=0.078287552979290922 0.18731937634473553 -0.50296297195659179 -0.6172033274834845 0.19407224789221325 2.8585618645027284 -0.00040266096646733145 -2.7239842094315425 -0.10206425182691346 -0.35147099999721748 0.065774713026255552 0.61443543477912788 -2.0444836083882385 1.4620279297232628 1.4813997251391413 0.091477815735370227 -1.0409928427501158 0.10432129194339118 0.34443159821509783 1.5341791284327604 0.75877466780878611 -0.78717088822925851 2.8484998265902206 0.56351552518332026 0.067299848318410418 1.086952193861916 -0.5179503589868546 -0.36416100925869416 1.3638831420739492 1.7336747762028661 -0.951900549800623
leaf_weight=640 490 1860 639 230 50 680 45 504 1720 161 761 45 40 225 198 66 225 42 49 700 63 42 320 240 42 47 63 45 70 42
leaf_count=640 490 1860 639 230 50 680 45 504 1720 161 761 45 40 225 198 66 225 42 49 700 63 42 320 240 42 47 63 45 70 42
internal_value=5.30812e-10 -0.121606 0.151231 0.487837 1.05864 -0.285307 -0.517986 0.37295 -0.116615 0.508669 0.280476 -0.471381 -0.264949 1.73179 -0.449558 -0.0263477 -0.437429 0.68627 0.779548 0.92108 0.222548 1.65883 0.180051 0.266547 0.635614 0.548566 0.216284 0.385496 1.21271 0.097381
internal_weight=10344 8280 3105 2064 550 5175 2175 2268 3000 1764 1514 2130 2000 275 837 706 2085 1232 1071 854 217 154 1000 280 154 808 105 275 112 532
internal_count=10344 8280 3105 2064 550 5175 2175 2268 3000 1764 1514 2130 2000 275 837 706 2085 1232 1071 854 217 154 1000 280 154 808 105 275 112 532
is_linear=0
shrinkage=0.05


Tree=40
num_leaves=31
num_cat=0
split_feature=9 27 2 4 23 19 9 11 0 23 25 14 5 0 22 17 9 4 2 9 13 9 22 0 9 25 7 6 13 19
split_gain=226180 147342 99107.2 130026 72469.5 56715.7 54710.4 51255.7 44458.6 43810.3 36144.1 57670.9 43893.9 35555.4 35304.5 35087.8 33769.4 36009 32549.2 33551 30824.3 38393.5 30638.5 26911.8 26529 25903.5 25282.2 25045.8 24994.2 24992.2
threshold=344.78755000000007 5.1613523558657572 4.5000000000000009 -0.37940952255126065 3.2645833333333338 427.00840000000005 212.83295000000001 479.47655000000003 20.500000000000004 26.800000000000008 6.6500000000000012 269.98940000000005 -0.9159756150367534 20.500000000000004 24.700000000000003 51.874815420669186 437.66935000000007 0.25881904510252091 3.5000000000000004 404.69590000000005 13.124641543380386 265.51280000000003 11.4 4.5000000000000009 381.54325000000006 3.3500000000000005 -0.19337245081799007 0.63257020223555627 58.154970024067318 412.06100000000009
decision_type=2 2 2 2 2 2 2 2 2 2 2 2 2 2 2 2 2 2 2 2 2 2 2 2 2 2 2 2 2 2
left_child=1 2 3 4 15 29 -3 8 16 13 12 -12 22 20 23 27 17 18 19 24 -6 -22 -5 -8 -2 -10 -25 -1 -7 -4
right_child=7 6 5 10 9 28 14 -9 25 -11 11 -13 -14 -15 -16 -17 -18 -19 -20 -21 21 -23 -24 26 -26 -27 -28 -29 -30 -31
leaf_value=2.7317117065522409 1.0521788556083496 -2.1612871197859445 -0.49781072671480092 0.53994773677388086 1.714252331710997 -0.12592048442019088 -0.2004551164440963 2.1631000668444531 0.098772263775269195 1.708000328253817 -0.25225621675432641 -2.2482863463833929 -0.23306494237956155 -0.13790550969635457 0.39319440475100598 0.71422535826762523 1.780991539842727 0.27489566684347777 0.42752806506935664 -0.1760882438710806 -0.12845290442152571 0.48094461618124379 -0.17212762122527381 -0.7794647733510881 2.1488241481948909 -1.2572621124320562 -0.36882529092956262 1.2280222329259334 0.79033382834226362 -1.2939287095441152
leaf_weight=45 247 45 599 402 42 1069 735 47 162 54 131 50 1290 428 132 198 57 660 323 44 336 1120 242 734 71 45 766 72 80 118
leaf_count=45 247 45 599 402 42 1069 735 47 162 54 131 50 1290 428 132 198 57 660 323 44 336 1120 242 734 71 45 766 72 80 118
internal_value=4.7453e-10 -0.102076 0.0255739 0.15482 0.415454 -0.279879 -0.43422 0.535529 0.487987 0.303386 -0.127995 -0.803646 -0.064762 0.264005 -0.401386 1.11988 0.588977 0.538461 0.792406 1.11797 0.378836 0.340314 0.272367 -0.448314 1.29703 -0.196018 -0.569765 1.80636 -0.0621256 -0.628832
internal_weight=10344 8688 6276 4410 2295 1866 2412 1656 1609 1980 2115 181 1934 1926 2367 315 1402 1345 685 362 1498 1456 644 2235 318 207 1500 117 1149 717
internal_count=10344 8688 6276 4410 2295 1866 2412 1656 1609 1980 2115 181 1934 1926 2367 315 1402 1345 685 362 1498 1456 644 2235 318 207 1500 117 1149 717
is_linear=0
shrinkage=0.05


Tree=41
num_leaves=31
num_cat=0
split_feature=7 27 22 12 11 17 2 2 0 9 11 12 25 12 17 25 22 26 27 18 11 25 13 0 27 9 14 7 6 7
split_gain=210497 109472 80564.4 67988.3 63570.9 52253.8 47024.5 46960.1 57006.8 50424.1 61536.6 45359.4 55914.2 47126.8 39469.3 48612.4 37460 35152 37900.4 34247.2 39844.7 36693.9 33425.2 33311.1 30397.3 30036.3 35749.4 29918.3 58949.8 28562.4
threshold=0.689015599449598 -15.50920873402494 -3.5999999999999992 294.07636250000007 492.81720000000001 40.749949530584253 4.5000000000000009 1.5000000000000002 11.500000000000002 224.40420000000003 275.35320000000007 350.55762291666673 -0.50000000000000011 344.92640625000007 50.613933043299234 3.6000000000000001 24.150000000000002 7.0479166666666684 -2.1978050579955752 246.16770000000002 277.70820000000009 -9.1999999999999975 23.115525502820365 19.500000000000004 0.4291666666666667 387.41265000000004 275.98185000000007 -0.79382744783423187 -0.79384350655589164 -0.48313741114591585
decision_type=2 2 2 2 2 2 2 2 2 2 2 2 2 2 2 2 2 2 2 2 2 2 2 2 2 2 2 2 2 2
left_child=1 6 25 7 5 -4 14 8 -3 10 -9 13 24 17 15 27 -11 22 -19 20 -5 -22 -7 -14 -13 26 -2 -1 29 -29
right_child=2 3 4 19 -6 11 -8 9 -10 16 -12 12 23 -15 -16 -17 -18 18 -20 -21 21 -23 -24 -25 -26 -27 -28 28 -30 -31
leaf_value=0.54278052456936865 1.6788129108233585 -0.44101298440040815 1.5271538617192872 -0.26815266528841714 1.5942940887241137 0.30750835678699268 -0.2046838696641422 -0.76016178042679039 0.29117427327561174 -0.5011669715062308 -3.1131608417630199 1.2618612055769349 0.31393071813710138 -1.3822967190611162 1.180949152946549 1.6857119511941385 0.87199163042447148 1.6963998269347045 0.066341811442111112 -0.57991489021311793 1.4561251401901245 0.0954696519901264 -0.18857121954270853 -0.65286900906099221 0.29498324103619633 1.655478231556093 0.39231911742481995 1.2804876518249513 -2.0238380600535311 -0.27786095831711016
leaf_weight=215 72 612 72 937 84 521 267 91 470 1900 40 236 509 59 194 58 51 65 79 285 51 1742 975 108 124 120 216 40 40 111
leaf_count=215 72 612 72 937 84 521 267 91 470 1900 40 236 509 59 194 58 51 65 79 285 51 1742 975 108 124 120 216 40 40 111
internal_value=1.53159e-10 -0.152324 0.333986 -0.228267 0.23935 0.197933 0.354969 -0.390169 -0.122965 -0.529033 -1.47863 0.162169 0.433632 0.00606616 0.582062 0.331665 -0.465272 0.0560134 0.802132 -0.0583629 -0.00391521 0.134172 -0.0158055 0.144702 0.928825 0.990865 0.713943 0.13823 -0.317155 0.134947
internal_weight=10344 7104 3240 6179 2832 2748 925 3164 1082 2082 131 2676 977 1699 658 464 1951 1640 144 3015 2730 1793 1496 617 360 408 288 406 191 151
internal_count=10344 7104 3240 6179 2832 2748 925 3164 1082 2082 131 2676 977 1699 658 464 1951 1640 144 3015 2730 1793 1496 617 360 408 288 406 191 151
is_linear=0
shrinkage=0.05


Tree=42
num_leaves=31
num_cat=0
split_feature=22 6 8 0 27 9 2 14 14 4 2 23 9 6 13 9 16 27 6 25 26 17 13 22 0 23 2 16 2 23
split_gain=190834 121707 88888.3 94997.8 68405.6 60841.9 60694 50366.8 62992.6 42888 59398 47077.7 40941.7 33762.8 33242.3 31819.6 28752.7 28347.6 26255.4 26127.1 40791.2 34591.4 32438.5 25122.1 24750.7 27231.6 24080.8 23790.2 22975 22736.4
threshold=3.6000000000000001 -0.065535378769913874 1.0000000180025095e-35 11.500000000000002 7.4819205963728601 252.62670000000003 2.5000000000000004 1.0000000180025095e-35 232.19045000000003 -0.37940952255126065 4.5000000000000009 1.7895833333333335 369.78525000000008 -0.73866753694953124 53.351744731122317 352.76815000000005 318.16216220238101 -15.064764184787039 -0.55657520495441892 -4.4499999999999984 4.929166666666668 55.682972341248302 28.689303509550822 21.400000000000002 4.5000000000000009 9.564583333333335 5.5000000000000009 373.3179791666667 4.5000000000000009 12.325000000000003
decision_type=2 2 2 2 2 2 2 2 2 2 2 2 2 2 2 2 2 2 2 2 2 2 2 2 2 2 2 2 2 2
left_child=2 4 12 -4 6 -6 13 -8 -9 10 23 -11 -1 -2 -7 18 17 -15 -10 27 21 22 -21 29 -13 26 -26 -5 -20 -3
right_child=1 9 3 19 5 14 7 8 15 11 -12 24 -14 16 -16 -17 -18 -19 28 20 -22 -23 -24 -25 25 -27 -28 -29 -30 -31
leaf_value=0.076223112509995139 0.22679097292580286 0.22667125213308972 0.1322756586108321 1.3652901035216121 -2.1597759785130619 -0.28248534729173191 1.3247348837230517 -1.591280251555145 -0.21636989661382061 -2.0541285734706456 -0.63310962261119386 -0.19473158567375504 0.68630298883174401 2.3387002899786649 0.52526399138427926 0.71094937363052624 0.5402670366356247 0.90621067817267198 0.89860900130357835 3.0297843797575861 -0.41624070533684326 0.8273334864012214 1.3062546911912087 0.84236021786928184 -0.39373810233678236 -0.67847872228637618 0.50566022324893212 2.8626643952869237 -0.0033477674055959767 -0.25906207962067218
leaf_weight=1650 557 531 312 72 40 954 69 64 844 45 396 800 330 49 147 146 380 117 111 42 42 192 78 99 430 1080 90 42 194 441
leaf_count=1650 557 531 312 72 40 954 69 64 844 45 396 800 330 49 147 146 380 117 111 42 42 192 78 99 430 1080 90 42 194 441
internal_value=-5.5972e-10 -0.129556 0.355998 0.808087 0.0771847 -0.244232 0.222082 0.00689308 -0.0600172 -0.323614 -0.109885 -0.451851 0.177903 0.500677 -0.174639 0.0156591 0.780081 1.32905 -0.0726893 1.25863 1.04662 1.24355 1.90949 0.0835758 -0.421808 -0.535347 -0.238073 1.91695 0.324905 0.00629224
internal_weight=10344 7584 2760 780 3672 1141 2531 1428 1359 3912 1467 2445 1980 1103 1101 1295 546 166 1149 468 354 312 120 1071 2400 1600 520 114 305 972
internal_count=10344 7584 2760 780 3672 1141 2531 1428 1359 3912 1467 2445 1980 1103 1101 1295 546 166 1149 468 354 312 120 1071 2400 1600 520 114 305 972
is_linear=0
shrinkage=0.05


Tree=43
num_leaves=31
num_cat=0
split_feature=7 27 22 9 13 11 17 14 9 23 0 0 2 17 22 12 17 18 11 9 14 11 0 22 2 19 13 14 9 18
split_gain=175565 92817.7 68199 57351 61157.5 54334.5 45205.8 40574.4 39293.7 53081.2 39712.6 34040.7 32019.9 33311.7 29775.7 29670 29610.2 27298.5 33810.1 26197.5 32064.2 26061 25706.2 25153.9 25009.9 24143.8 23924.1 22811 22591.6 21896.7
threshold=0.689015599449598 -19.575072725847583 -3.5999999999999992 275.88510000000002 74.6791525769613 492.81720000000001 40.749949530584253 227.24735000000001 291.51685000000003 1.2583333333333335 18.500000000000004 12.500000000000002 4.5000000000000009 56.408819460491678 20.300000000000004 293.13174375000006 44.087536053750277 246.16770000000002 273.959 387.41265000000004 275.98185000000007 421.40165000000007 10.500000000000002 21.950000000000003 3.5000000000000004 602.41545000000008 58.057467448239997 227.98800000000003 335.19120000000004 265.38960000000003
decision_type=2 2 2 2 2 2 2 2 2 2 2 2 2 2 2 2 2 2 2 2 2 2 2 2 2 2 2 2 2 2
left_child=1 14 19 4 7 6 -4 15 9 -8 11 24 13 -13 -1 -3 -12 18 -5 20 -2 23 -21 -20 26 -7 -10 -9 -15 -11
right_child=2 3 5 17 -6 25 8 27 10 29 16 12 -14 28 -16 -17 -18 -19 21 22 -22 -23 -24 -25 -26 -27 -28 -29 -30 -31
leaf_value=-0.16816246429567827 1.5645517497633896 -0.50509670691355923 1.415988364401791 -0.25834340138332518 -2.290733077504286 2.3182797925812859 -1.6030410063468805 0.58656265299456822 -0.12557977808376608 -0.12636357074722299 -1.4629115529358387 1.5005361472278143 0.15183855774005256 -0.23927965747222069 0.68111411882390349 -1.7738591177699465 -0.031629190485386607 -0.52504239247850959 -0.060483816013063012 0.73451651074669577 0.34617075383732165 0.91954208191098852 2.2032452922600969 0.30240777990946621 0.51146896792596186 0.62291430242004853 0.66791523774592287 -0.21310994904837111 1.0945044305175544 0.88963817550062108
leaf_weight=136 72 1151 72 1150 41 42 59 96 505 619 40 172 150 63 428 48 374 307 1748 55 216 87 65 657 455 42 117 1255 64 58
leaf_count=136 72 1151 72 1150 41 42 59 96 505 619 40 172 150 63 428 48 374 307 1748 55 216 87 65 657 455 42 117 1255 64 58
internal_value=-9.09032e-10 -0.139112 0.305017 -0.192187 -0.374981 0.217946 0.179656 -0.344178 0.146391 -0.164673 0.264403 0.382234 0.747977 1.04704 0.476324 -0.55589 -0.169917 -0.0722529 -0.0340853 0.909387 0.650766 0.0694046 1.53008 0.0386512 0.229756 1.4706 0.0236789 -0.156286 0.432864 -0.0393206
internal_weight=10344 7104 3240 6540 2591 2832 2748 2550 2676 736 1940 1526 449 299 564 1199 414 3949 3642 408 288 2492 120 2405 1077 84 622 1351 127 677
internal_count=10344 7104 3240 6540 2591 2832 2748 2550 2676 736 1940 1526 449 299 564 1199 414 3949 3642 408 288 2492 120 2405 1077 84 622 1351 127 677
is_linear=0
shrinkage=0.05


Tree=44
num_leaves=31
num_cat=0
split_feature=22 4 2 8 0 9 23 0 0 14 12 9 19 13 25 6 22 6 7 25 13 0 18 2 18 19 14 12 6 24
split_gain=160600 97486.6 113593 68504 72492.9 56176.2 72162.7 44890.8 43158.8 37440.1 34769.8 32875.9 27702.8 25280.8 23424.2 22528.7 22527.7 22339.7 23210.5 24838.3 22187.7 21399.8 26637.5 28463 21245.8 33929.5 30727.3 34908.3 30512.9 27549.2
threshold=1.4000000000000001 -0.37940952255126065 4.5000000000000009 1.0000000180025095e-35 12.500000000000002 282.05545000000006 24.122916666666665 4.5000000000000009 20.500000000000004 276.00345000000004 299.52656250000001 274.91860000000003 524.19805000000008 20.991579079663328 -2.2499999999999996 0.534952257794027 24.700000000000003 0.42958674266195179 0.97263757644091875 2.5000000000000009 47.625178364207436 18.500000000000004 263.94830000000007 4.5000000000000009 246.61495000000002 431.64330000000007 239.22435000000004 305.20965625000002 -0.074117382312902977 23.188690476190477
decision_type=2 2 2 2 2 2 2 2 2 2 2 2 2 2 2 2 2 2 2 2 2 2 2 2 2 2 2 2 2 2
left_child=3 2 8 10 -5 6 9 20 11 15 -1 -2 -9 -6 -14 -3 -4 18 -12 -20 -7 -19 23 -23 25 -13 29 -28 -26 -27
right_child=1 5 16 4 13 7 -8 12 -10 -11 17 24 14 -15 -16 -17 -18 21 19 -21 -22 22 -24 -25 28 26 27 -29 -30 -31
leaf_value=-0.41153706358451592 0.09495077049464716 -0.17155489705032401 -0.45427655269848366 0.29848856421255254 2.4635160024166112 0.020974916281205985 -2.4061683294839331 -0.30283488144423965 -0.10120939793035624 -1.8097765817575984 0.87532912586621348 0.30722480908476663 1.3536686384677887 1.2205619215890766 0.046758772926405075 -0.50171384821076093 0.4708350886073378 0.29873865894959684 0.54791131022602624 -0.45387104459934768 0.52586431572446601 0.51956960260868079 -1.4558004329353571 -0.7950055408477783 0.49543459836829024 0.69636542407596225 1.9398308585188826 0.87447995937713729 -0.81076983587136342 -0.80522271082514818
leaf_weight=190 532 945 765 275 50 680 45 1720 504 45 278 406 40 225 240 1140 72 548 198 90 320 100 40 70 154 112 98 357 63 42
leaf_count=190 532 945 765 275 50 680 45 1720 504 45 278 406 40 225 240 1140 72 548 198 90 320 100 40 70 154 112 98 357 63 42
internal_value=2.60093e-10 -0.0983644 0.123124 0.394601 0.872521 -0.231258 -0.424731 -0.0909892 0.306844 -0.38287 0.220985 0.423431 -0.227754 1.44655 0.23346 -0.352073 -0.374697 0.311754 0.549434 0.234854 0.18254 0.134279 -0.294883 -0.021726 0.565274 0.66128 0.897317 1.10394 0.116214 0.286841
internal_weight=10344 8280 3105 2064 550 5175 2175 3000 2268 2130 1514 1764 2000 275 280 2085 837 1324 566 288 1000 758 210 170 1232 1015 609 455 217 154
internal_count=10344 8280 3105 2064 550 5175 2175 3000 2268 2130 1514 1764 2000 275 280 2085 837 1324 566 288 1000 758 210 170 1232 1015 609 455 217 154
is_linear=0
shrinkage=0.05


Tree=45
num_leaves=31
num_cat=0
split_feature=9 0 2 23 22 0 7 9 22 13 17 17 24 22 0 0 27 13 25 9 13 13 9 7 14 13 18 0 2 11
split_gain=147920 97646.1 130926 56667.1 48430.8 43949.9 41454.3 43325.4 44101.4 40972.9 40377.9 38901.6 43220 47506 29998 29498.5 37150.4 28229.1 27681.4 27324.4 25588.3 28801.2 36276.9 25452.4 23396.2 22882.1 32110.2 22285.3 21527.8 23959.3
threshold=329.63600000000002 11.500000000000002 4.5000000000000009 3.0166666666666671 -6.3999999999999995 20.500000000000004 0.41985448298472511 212.83295000000001 24.700000000000003 54.991078278162668 51.874815420669186 69.44395178227667 2.4723214285714286 6.9500000000000011 10.500000000000002 21.500000000000004 2.3406250000000015 73.798414751723342 3.8500000000000001 398.86505000000005 58.154970024067318 35.020446363916058 293.24230000000006 -0.80417042486635371 187.84795000000003 44.474205636032089 245.14305000000004 5.5000000000000009 3.5000000000000004 399.83690000000007
decision_type=2 2 2 2 2 2 2 2 2 2 2 2 2 2 2 2 2 2 2 2 2 2 2 2 2 2 2 2 2 2
left_child=1 6 3 9 14 11 7 -1 -9 10 -3 12 18 25 -2 16 -6 -11 -5 27 21 -4 -23 -7 -15 26 -14 -18 29 -8
right_child=4 2 20 5 15 23 28 8 -10 17 -12 -13 13 24 -16 -17 19 -19 -20 -21 -22 22 -24 -25 -26 -27 -28 -29 -30 -31
leaf_value=-1.7442711148162684 0.41953516302987781 2.0291048645274716 -0.27540289012508262 -1.7001062252786427 0.49269209673717751 0.52520943949473842 -0.17917314841583884 -0.42357736446372363 0.83456207691795292 -0.4107772206266721 0.68142511913284776 1.3647643628265755 0.76681100437245164 -0.72286578936295376 1.602119647488635 -0.33796330471005709 0.29159950801659529 1.1092292103702979 0.053665471639898092 1.0267685077153146 0.63474602617323406 -1.5803526601905038 -0.42121956177883679 -0.34000789099961848 0.2051608588092135 0.22342966021526431 2.1299800338568509 -0.30380124941803321 0.11542986554300622 -1.1792632109951229
leaf_weight=60 99 96 828 45 1269 102 932 2136 72 84 132 81 216 72 117 180 269 48 45 64 60 108 180 510 1197 126 54 378 720 64
leaf_count=60 99 96 828 45 1269 102 932 2136 72 84 132 81 216 72 117 180 269 48 45 64 60 108 180 510 1197 126 54 378 720 64
internal_value=-5.19923e-10 -0.103249 0.0717847 0.257278 0.346251 0.171143 -0.278284 -0.418575 -0.382551 0.843 1.24887 0.293458 0.244013 0.301702 1.0601 0.274865 0.330577 0.141952 -0.82322 0.0412329 -0.371128 -0.425207 -0.855894 -0.195805 0.152507 0.779804 1.03944 -0.0562544 -0.0928629 -0.243436
internal_weight=10344 7968 3984 2808 2376 2448 3984 2268 2208 360 228 1836 1755 1665 216 2160 1980 132 90 711 1176 1116 288 612 1269 396 270 647 1716 996
internal_count=10344 7968 3984 2808 2376 2448 3984 2268 2208 360 228 1836 1755 1665 216 2160 1980 132 90 711 1176 1116 288 612 1269 396 270 647 1716 996
is_linear=0
shrinkage=0.05


Tree=46
num_leaves=31
num_cat=0
split_feature=22 6 8 0 27 9 9 13 9 7 2 6 11 0 12 13 18 11 22 16 16 13 12 6 13 9 11 4 13 24
split_gain=134903 84261.4 58669.8 62255.3 54614.8 50595.9 49687.2 51394.9 39039.5 48510.5 36903.8 38804.5 32401.7 30646.8 29209.8 27257.2 25462.4 42063.3 30899.3 27350.3 27830.7 25137.9 24239.8 23907 21966.1 21431.2 19518.7 19503.8 19084.7 17957.6
threshold=1.4000000000000001 -0.074117382312902977 1.0000000180025095e-35 12.500000000000002 7.4819205963728601 252.62670000000003 398.86505000000005 57.294771807442224 282.05545000000006 0.95436825032516992 4.5000000000000009 -0.46801505794253101 415.87400000000008 11.500000000000002 299.52656250000001 53.351744731122317 246.89835000000002 284.41500000000002 4.7000000000000011 290.55932232142862 309.42426160714291 45.909903295472425 320.27573541666669 0.80926549319045582 20.991579079663328 350.15420000000012 347.08825000000007 -0.98296291314453399 13.124641543380386 23.522321428571434
decision_type=2 2 2 2 2 2 2 2 2 2 2 2 2 2 2 2 2 2 2 2 2 2 2 2 2 2 2 2 2 2
left_child=2 4 14 -4 6 -6 7 10 9 12 11 25 29 -9 -1 -7 17 -10 21 -20 -21 -19 -13 -23 -5 28 -22 -16 -2 -3
right_child=1 8 3 24 5 15 -8 13 16 -11 -12 22 -14 -15 27 -17 -18 18 19 20 26 23 -24 -25 -26 -27 -28 -29 -30 -31
leaf_value=-0.37876131428503679 0.86085759292583208 -0.41909713072327981 0.27198661504008553 2.2838543212335791 -1.9560897100530565 -0.24312993442339628 -1.48372264830179 0.17236465223487121 -0.30106858220222321 -1.9573452956974506 -0.14540502660325408 1.5256946450547328 0.54290126742622291 1.225200298458367 1.0618348373394264 0.48804375349106838 -0.6024300114665595 1.0704053050793452 0.36474581927559369 -0.56295913987239643 -0.10033670486438842 -0.22048946657528479 0.52606228660735022 1.0087679524795483 1.1252455898258422 0.70682272271365887 0.98284146849965226 0.23682447794206568 0.030790173525166921 0.38436096799559893
leaf_weight=190 74 2039 275 50 40 959 43 108 825 48 726 79 97 192 76 147 216 145 314 276 147 120 261 59 225 157 58 1248 1078 72
leaf_count=190 74 2039 275 50 40 959 43 108 825 48 726 79 97 192 76 147 216 145 314 276 147 120 261 59 225 157 58 1248 1078 72
internal_value=4.86026e-10 -0.0901523 0.361657 0.803944 0.0803637 -0.20913 0.202424 0.229528 -0.239354 -0.384821 0.151636 0.282413 -0.350636 0.846179 0.200985 -0.145949 -0.0874215 -0.0301983 0.169505 0.00177204 -0.23518 0.581072 0.75833 0.184685 1.3359 0.158798 0.206123 0.284182 0.0841105 -0.391694
internal_weight=10344 8280 2064 550 3864 1146 2718 2675 4416 2256 2375 1649 2208 300 1514 1106 2160 1944 1119 795 481 324 340 179 275 1309 205 1324 1152 2111
internal_count=10344 8280 2064 550 3864 1146 2718 2675 4416 2256 2375 1649 2208 300 1514 1106 2160 1944 1119 795 481 324 340 179 275 1309 205 1324 1152 2111
is_linear=0
shrinkage=0.05


Tree=47
num_leaves=31
num_cat=0
split_feature=7 22 11 25 12 7 27 9 26 8 0 0 13 9 5 27 2 12 25 11 2 19 9 13 0 24 7 10 5 25
split_gain=124972 73116 51931.4 49294 56872.4 49089.6 47482.1 86701.5 38733 38543.7 54322.5 37602.5 35942.9 40145.6 34939 33144.2 32179.9 42127.4 31500.5 29425.9 28290 35723.4 28270.7 56448.5 25808.8 25530.5 24261.4 24148.8 29724.9 23320.1
threshold=0.689015599449598 20.300000000000004 492.81720000000001 -0.50000000000000011 369.33509166666676 -0.18493013702746822 -14.032270681310182 262.59275000000008 7.0166666666666684 1.0000000180025095e-35 11.500000000000002 10.500000000000002 22.586817147112125 437.66935000000007 0.1294095225512602 -2.1978050579955752 4.5000000000000009 293.13174375000006 7.5499999999999998 373.37400000000008 3.5000000000000004 533.16650000000016 283.10275000000007 46.343916567576223 22.500000000000004 0.43184523809523806 0.99681593486783593 395.28490000000005 0.37940952255126048 -2.2999999999999998
decision_type=2 2 2 2 2 2 2 2 2 2 2 2 2 2 2 2 2 2 2 2 2 2 2 2 2 2 2 2 2 2
left_child=1 5 3 4 8 14 -3 -8 25 -7 -11 -6 19 22 16 -10 -1 -18 -12 -5 21 -13 23 -14 -24 -2 29 28 -9 -27
right_child=2 6 -4 12 11 9 7 27 15 10 18 20 13 -15 -16 -17 17 -19 -20 -21 -22 -23 24 -25 -26 26 -28 -29 -30 -31
leaf_value=-0.43041624640304826 -1.0810325175523758 0.51009262003016909 1.3790433983057737 0.30134181953912631 0.3992140224619099 -0.20751346026089967 -2.0870355160260687 -0.1077794283833291 2.115731612949268 -0.29327726378966046 0.60754747907206097 2.6016337502690465 -0.28133900759100089 1.1134086502132132 -0.18431180212626075 0.32527752852035785 -0.77436489074276049 -2.3333469396027233 -0.73293852557738626 1.6086238069861545 0.7087384107639082 1.0363926083208568 0.033082815686397787 -2.2584819440231767 -1.2189752128928208 0.46409232270493472 -0.5379801771441185 -1.1557636636495592 0.37833747764876302 -0.15355074320388218
leaf_weight=754 44 603 100 276 242 2224 49 767 46 368 504 65 225 67 902 59 260 52 48 51 128 83 961 43 43 472 109 40 533 226
leaf_count=754 44 603 100 276 242 2224 49 767 46 368 504 65 225 67 902 59 260 52 48 51 128 83 961 43 43 472 109 40 533 226
internal_value=4.75652e-10 -0.117369 0.257342 0.221619 0.432235 -0.217501 0.139597 -0.0212442 0.203618 -0.0949151 0.177279 0.85416 0.0352756 -0.0794929 -0.413339 1.10967 -0.607132 -1.0342 0.490983 0.50523 1.25306 1.72383 -0.142327 -0.598567 -0.0205412 0.0918259 0.155774 0.0542959 0.0915285 0.26411
internal_weight=10344 7104 3240 3140 1474 5112 1992 1389 956 3144 920 518 1666 1339 1968 105 1066 312 552 327 276 148 1272 268 1004 851 807 1340 1300 698
internal_count=10344 7104 3240 3140 1474 5112 1992 1389 956 3144 920 518 1666 1339 1968 105 1066 312 552 327 276 148 1272 268 1004 851 807 1340 1300 698
is_linear=0
shrinkage=0.05


Tree=48
num_leaves=31
num_cat=0
split_feature=9 27 2 4 11 0 23 14 23 10 23 9 0 0 0 25 14 5 6 13 9 7 16 12 24 22 23 6 13 9
split_gain=115404 90402.4 56568.2 79808.9 47937.2 38737.6 37931.9 42304.2 36358.6 44022.4 35798 35032.1 30341.9 27582.7 26014.3 24509.1 44310.7 31121 29870.8 23062 27906.2 24486.5 24408.4 47066.6 22747.3 22375.2 27401.4 21113.6 20728.2 20444.6
threshold=361.58320000000009 5.1613523558657572 4.5000000000000009 -0.37940952255126065 467.96960000000007 11.500000000000002 3.2645833333333338 311.60485000000006 27.602083333333333 372.00940000000008 26.800000000000008 212.83295000000001 3.5000000000000004 20.500000000000004 21.500000000000004 6.6500000000000012 269.98940000000005 -0.9159756150367534 0.95998215779580554 22.345356179534388 264.72205000000002 0.5403928698825039 253.77558660714286 272.44560000000007 1.9931547619047623 5.8500000000000005 4.7583333333333337 0.62587949062545845 54.991078278162668 287.44125000000008
decision_type=2 2 2 2 2 2 2 2 2 2 2 2 2 2 2 2 2 2 2 2 2 2 2 2 2 2 2 2 2 2
left_child=1 2 3 6 8 29 7 28 14 -10 13 -3 -13 19 -2 17 -17 18 -5 21 22 -8 -21 -24 -22 26 -26 -7 -1 -4
right_child=4 11 5 15 -6 27 10 -9 9 -11 -12 12 -14 -15 -16 16 -18 -19 -20 20 24 -23 23 -25 25 -27 -28 -29 -30 -31
leaf_value=1.3090011910449912 0.63707892730537363 -1.6910823885599773 -0.19885671604916735 0.14067705848668186 2.1417083755482076 -0.19333933839072034 0.39995599636435508 -0.50327086114773045 0.29823050013743341 -1.7332970437780024 1.2788752218823376 0.041212044036448417 -0.37661210656695526 -0.13916489919949007 -0.34435561353693139 -0.15311096514226827 -1.9027271451950076 -0.16424531513018351 1.2825544032549103 0.52838517487049097 -0.80924193850230608 1.4384989431926183 -2.035519568125407 -0.11554784933595282 0.14311425078224826 0.26660641608413171 1.368387333782656 -0.61003020461321933 0.4763837479882771 0.37362191996937694
leaf_weight=207 771 45 265 630 43 912 175 54 80 40 81 559 1951 448 74 131 50 1420 63 70 42 84 42 133 77 833 112 456 117 379
leaf_count=207 771 45 265 630 43 912 175 54 80 40 81 559 1951 448 74 131 50 1420 63 70 42 84 42 133 77 833 112 456 117 379
internal_value=7.56563e-10 -0.0548763 0.0406291 0.134431 0.508259 -0.181707 0.331351 0.79239 0.435474 -0.378945 0.248245 -0.308349 -0.283559 0.206836 0.551131 -0.0780274 -0.63643 -0.0301945 0.244484 0.305694 0.220398 0.736781 -0.260705 -0.576341 0.331179 0.378045 0.869202 -0.332236 1.00833 0.138052
internal_weight=10344 9336 6781 4769 1008 2012 2475 378 965 120 2097 2555 2510 2016 845 2294 181 2113 693 1568 1309 259 245 175 1064 1022 189 1368 324 644
internal_count=10344 9336 6781 4769 1008 2012 2475 378 965 120 2097 2555 2510 2016 845 2294 181 2113 693 1568 1309 259 245 175 1064 1022 189 1368 324 644
is_linear=0
shrinkage=0.05


Tree=49
num_leaves=31
num_cat=0
split_feature=7 22 5 0 7 9 27 9 14 2 8 0 5 25 22 8 25 25 9 5 2 27 0 24 12 9 6 25 22 12
split_gain=105470 64429.9 47858.6 47158.8 42210.6 42108.7 56684.2 76508.4 35561.4 34674.3 32110.3 45178.6 31542.8 29841.4 29561 29137.1 41976.3 28495.4 25368.6 22155.3 18683.1 17955.2 30551.2 23964.1 17980.3 20566.1 17772.4 17278.5 17108.7 16293.3
threshold=0.68274389090025245 20.300000000000004 -0.70710678118654757 13.500000000000002 -0.18493013702746822 399.25805000000008 -13.020833333333336 262.59275000000008 189.85245000000003 4.5000000000000009 1.0000000180025095e-35 11.500000000000002 -0.12940952255126037 6.3500000000000014 -3.5999999999999992 1.0000000180025095e-35 2.5000000000000009 -1.9500000000000008 315.1565500000001 0.37940952255126048 4.5000000000000009 -1.0000000180025095e-35 18.500000000000004 -0.43065476190476176 369.53723541666676 324.14050000000003 -0.26037633224328088 7.5499999999999998 8.6000000000000032 269.11614166666669
decision_type=2 2 2 2 2 2 2 2 2 2 2 2 2 2 2 2 2 2 2 2 2 2 2 2 2 2 2 2 2 2
left_child=1 4 3 13 12 6 8 -8 -3 18 -6 -12 15 -2 -4 16 -1 -13 -5 29 -10 22 -16 -24 25 -25 -23 -19 -17 -9
right_child=2 5 14 9 10 -7 7 19 20 -11 11 17 -14 -15 21 28 -18 27 -20 -21 -22 26 23 24 -26 -27 -28 -29 -30 -31
leaf_value=-0.75900331817059963 0.40230931550253274 1.9002111094153447 0.5843027762253008 0.90792643523216254 -0.19213299470072723 -1.3303259584587068 -1.9551824849783159 0.68287918770338518 0.63521802428097107 0.21399866279501181 -0.26948791022473217 0.9496600256872274 -0.19998000359606508 -1.0165323168411851 0.48292454056837553 0.40946416312828665 -2.4372813496478773 0.32310281240340299 2.0520043792559748 0.30962654652508242 0.0042091357021978712 0.24490806452630515 -1.1732501259280574 0.059276319879751939 0.93076650245487691 -1.0812336556116742 -0.19354226198113453 -0.6946183073023956 -0.48222943971972337 -0.18257069223942302
leaf_weight=279 504 46 306 100 2200 48 49 59 412 78 368 186 1066 40 513 60 43 318 94 519 164 318 45 325 50 45 846 48 520 695
leaf_count=279 504 46 306 100 2200 48 49 59 412 78 368 186 1066 40 513 60 43 318 94 519 164 318 45 325 50 45 846 48 520 695
internal_value=2.46007e-10 -0.108405 0.235143 0.566759 -0.202783 0.132655 0.168778 -0.0164179 0.562395 1.10431 -0.0884046 0.159642 -0.384113 0.297983 0.124605 -0.601726 -0.983121 0.445728 1.46227 0.0582085 0.455556 0.0589335 0.216863 -0.0766637 0.0408277 -0.0794344 -0.0737594 0.189631 -0.389985 -0.11485
internal_weight=10344 7080 3264 816 5088 1992 1944 1322 622 272 3120 920 1968 544 2448 902 322 552 194 1273 576 2142 978 465 420 370 1164 366 580 754
internal_count=10344 7080 3264 816 5088 1992 1944 1322 622 272 3120 920 1968 544 2448 902 322 552 194 1273 576 2142 978 465 420 370 1164 366 580 754
is_linear=0
shrinkage=0.05


Tree=50
num_leaves=31
num_cat=0
split_feature=9 27 6 19 6 11 17 10 13 5 26 26 27 8 27 22 23 11 9 27 22 14 11 27 2 22 12 27 23 19
split_gain=98427.3 76751.3 49193.1 41398.1 40949.3 37088.2 35246.1 83999.2 33731.8 29259.1 29184.5 42475.4 34092.7 33399.1 34337.8 32305.8 45452.6 29679.7 28239.3 24466.4 20836.4 20460.7 27704.3 19661.2 23092.5 19631.6 27526 27356.7 21090.5 17262.7
threshold=362.4504500000001 7.8614623345203354 0.65233619298682533 444.46585000000005 0.64579916509010216 467.96960000000007 36.93592095136524 294.18500000000006 61.09070653125557 0.60355339059327384 1.01875 2.9562500000000003 2.0244942398404686e-15 1.0000000180025095e-35 1.0000000180025095e-35 10.300000000000002 7.0166666666666684 324.22665000000006 224.40420000000003 -4.4342003883267553 23.050000000000004 274.94440000000003 378.59150000000005 -19.096952548881379 3.5000000000000004 10.850000000000001 348.01194375000006 1.1157530289209832 13.475000000000003 509.37290000000007
decision_type=2 2 2 2 2 2 2 2 2 2 2 2 2 2 2 2 2 2 2 2 2 2 2 2 2 2 2 2 2 2
left_child=1 2 4 -2 8 -5 7 -4 10 25 13 -12 15 23 -15 16 21 -17 -3 -10 -20 22 -13 24 -1 26 27 28 -8 -21
right_child=3 18 6 5 -6 -7 9 -9 19 -11 11 12 -14 14 -16 17 -18 -19 20 29 -22 -23 -24 -25 -26 -27 -28 -29 -30 -31
leaf_value=0.786063061865518 -0.95643144088486831 -1.392273658759831 -0.22916740718826248 0.48006703423816932 1.566958912027379 1.9834367050681003 0.456306157019017 -2.4705900456066487 1.3766946139434975 -0.35888098504040727 1.3760989885497841 0.54604666826187398 -0.20054009655087268 0.0065328910946846012 -2.0652371227741244 0.78303502060865104 1.448946845765644 -0.077573475356355975 -0.37270778304939584 -0.073536462314702844 0.084693819126710049 0.89179888891451287 -1.1560639646980497 -0.038872792663557566 -0.033760154280769693 -0.30546230196051022 -0.5509799939725134 -0.16464797128212347 -0.57076512817983271 0.66923242145248008
leaf_weight=166 48 61 185 893 48 43 672 54 72 727 80 51 388 40 40 133 138 406 1540 135 297 66 45 2778 178 347 135 338 54 186
leaf_count=166 48 61 185 893 48 43 672 54 72 727 80 51 388 40 40 133 138 406 1540 135 297 66 45 2778 178 347 135 338 54 186
internal_value=-1.69077e-10 -0.0500084 0.0222012 0.47569 0.113655 0.549132 -0.158012 -0.735598 0.0994244 -0.0972806 0.0607023 0.259806 0.187024 -0.0205683 -1.02935 0.366255 0.78213 0.134784 -0.333901 0.543694 -0.298757 0.2141 -0.251818 0.0052814 0.361852 0.0257359 0.121587 0.206922 0.379912 0.356853
internal_weight=10344 9360 7462 984 4950 936 2512 239 4902 2273 4509 1307 1227 3202 80 839 300 539 1898 393 1837 162 96 3122 344 1546 1199 1064 726 321
internal_count=10344 9360 7462 984 4950 936 2512 239 4902 2273 4509 1307 1227 3202 80 839 300 539 1898 393 1837 162 96 3122 344 1546 1199 1064 726 321
is_linear=0
shrinkage=0.05


Tree=51
num_leaves=31
num_cat=0
split_feature=22 6 5 6 15 13 9 23 4 24 9 2 10 16 24 5 15 6 24 11 0 4 2 15 27 23 12 9 27 0
split_gain=90927.9 67267.9 58732.3 37935.9 45007.8 108147 25859.1 25124 23980.6 23420.2 23353.9 22404 21790.8 23390.7 32934.2 37407.9 45694.7 25406.5 21746.3 26815.7 21178.3 17576.8 38081 18066.1 18753 17384.4 21503.1 16626.3 16600.7 19735.5
threshold=3.6000000000000001 -0.065535378769913874 -0.70710678118654757 -0.46801505794253101 443.18080000000003 77.831074539680671 377.60620000000006 1.7208333333333334 -0.37940952255126065 -0.43065476190476176 368.22620000000006 4.5000000000000009 261.52740000000006 290.55932232142862 8.1940476190476215 -0.5 378.05510000000004 0.62587949062545845 -3.2389880952380947 445.16465000000005 17.500000000000004 -0.78656609248549292 4.5000000000000009 492.16205000000008 -2.9494587014808142 9.2812500000000018 303.01858958333338 294.5990000000001 -0.8863240279920277 18.500000000000004
decision_type=2 2 2 2 2 2 2 2 2 2 2 2 2 2 2 2 2 2 2 2 2 2 2 2 2 2 2 2 2 2
left_child=2 3 18 4 5 25 21 -3 11 -8 -10 -5 -9 17 -15 16 -16 20 -1 -20 -14 22 23 24 -4 26 -2 -19 -11 -30
right_child=1 7 6 8 -6 -7 9 12 10 28 -12 -13 13 14 15 -17 -18 27 19 -21 -22 -23 -24 -25 -26 -27 -28 -29 29 -31
leaf_value=-0.38132738284766676 0.8361257487411301 -1.3705757113794486 0.31958465691622312 1.0133392336755846 0.548979650045751 -2.4379131020357212 0.071037813518492005 -0.37852134046654862 0.048186285243337526 0.26837433326244353 1.2447037004762227 0.032493075360486533 0.081267351897226447 -0.12917596637187592 -0.63745732170636549 -0.34879137315329611 -2.8120037741214041 -0.28211328230201288 0.6000664516372004 1.5784719299152494 0.81604520359209598 -0.05277267889952502 -0.32569381359851723 -0.053249852284789095 1.1844197431372272 -0.086782184397135947 -0.070129298066927331 0.38790445096398657 2.0195413556363846 0.55422456186264757
leaf_weight=48 120 48 111 207 312 48 126 1384 435 50 45 81 270 1112 61 236 40 493 562 80 154 1300 165 80 144 2280 144 114 54 40
leaf_count=48 120 48 111 207 312 48 126 1384 435 50 45 81 270 1112 61 236 40 493 562 80 154 1300 165 80 144 2280 144 114 54 40
internal_value=-3.76925e-10 -0.0894293 0.245736 0.0642704 -0.0183764 -0.0866693 0.11257 -0.233699 0.376778 0.568866 0.16036 0.737476 -0.219577 -0.130875 -0.260403 -0.693412 -1.49866 0.0511663 0.645234 0.721986 0.348144 0.0441258 0.296062 0.6023 0.807962 -0.0423062 0.341805 -0.156278 1.00446 1.396
internal_weight=10344 7584 2760 3672 2904 2592 2070 3912 768 270 480 288 3864 2480 1449 337 101 1031 690 642 424 1800 500 335 255 2544 264 607 144 94
internal_count=10344 7584 2760 3672 2904 2592 2070 3912 768 270 480 288 3864 2480 1449 337 101 1031 690 642 424 1800 500 335 255 2544 264 607 144 94
is_linear=0
shrinkage=0.05


Tree=52
num_leaves=31
num_cat=0
split_feature=9 27 23 11 10 22 2 4 7 23 13 24 0 5 15 0 9 0 6 27 9 2 0 6 0 6 10 11 19 9
split_gain=84075.3 57618.4 50099.1 33607.1 31420.7 30728.2 25119.6 54735.7 38136.3 32632.9 42593.3 41652 25586.4 24273.2 51783.2 23641 24982.6 23605 22106.9 22081.3 32906.3 28539.8 23959.4 21890.4 21060.5 19933.8 19305.6 18340.9 17224.1 23438.8
threshold=329.63600000000002 7.8614623345203354 27.672916666666669 492.81720000000001 322.96560000000005 -5.8499999999999988 4.5000000000000009 -0.37940952255126065 0.38043945030393422 3.2645833333333338 54.991078278162668 2.4723214285714286 17.500000000000004 -0.3794095225512602 378.05510000000004 21.500000000000004 437.66935000000007 10.500000000000002 0.67167992559793654 2.3406250000000015 420.00265000000007 3.5000000000000004 12.500000000000002 0.21862473630160603 5.5000000000000009 0.9550229469509578 354.01105000000007 434.02505000000002 340.96175000000005 248.36465000000001
decision_type=2 2 2 2 2 2 2 2 2 2 2 2 2 2 2 2 2 2 2 2 2 2 2 2 2 2 2 2 2 2
left_child=1 2 3 6 -3 17 7 9 13 10 -1 -11 -10 14 25 16 19 -2 -19 20 21 22 -7 -24 -21 -8 -17 -9 29 -13
right_child=5 4 -4 -5 -6 15 8 27 12 11 -12 28 -14 -15 -16 26 -18 18 -20 24 -22 -23 23 -25 -26 -27 -28 -29 -30 -31
leaf_value=1.2474565952922563 0.25840314738113773 -0.31076210801093929 1.2741457742949329 1.0407718135885997 -1.7299906808882952 0.23954325976648502 -0.69156506855338817 -0.11666404939990721 0.18760104724786208 -1.0184300280100591 -0.10425736980269784 0.25599377345707686 -0.4010735972821417 -0.21251792035729844 -2.1846510468788867 0.18162918087394758 1.4288740840825169 1.7859750270843506 0.45504175143746234 0.33003949038512204 -1.0582958865165712 0.13369189794784203 0.69545502963699291 1.6713064434698652 -0.22986835398362301 0.31655014010726434 -0.86006888288717998 -1.1249325785947883 0.2334377018577051 -1.2890915739536286
leaf_weight=159 110 1558 75 73 40 245 250 2314 690 74 92 54 252 544 53 87 44 78 52 284 40 543 321 70 411 61 91 46 1588 45
leaf_count=159 110 1558 75 73 40 245 250 2314 690 74 92 54 252 544 53 87 44 78 52 284 40 543 321 70 411 61 91 46 1588 45
internal_value=9.66817e-11 -0.077841 -0.0104977 -0.0258032 -0.346287 0.261043 -0.0383169 0.0270348 -0.192759 0.21864 0.752008 0.142618 0.0301212 -0.423985 -0.740023 0.20077 0.250924 0.797469 1.2536 0.223845 0.352078 0.399928 0.627234 0.87016 -0.00107148 -0.493832 -0.350924 -0.136317 0.193547 -0.446318
internal_weight=10344 7968 6370 6295 1598 2376 6222 4372 1850 2012 251 1761 942 908 364 2136 1958 240 130 1914 1219 1179 636 391 695 311 178 2360 1687 99
internal_count=10344 7968 6370 6295 1598 2376 6222 4372 1850 2012 251 1761 942 908 364 2136 1958 240 130 1914 1219 1179 636 391 695 311 178 2360 1687 99
is_linear=0
shrinkage=0.05


Tree=53
num_leaves=31
num_cat=0
split_feature=9 11 0 24 2 13 9 22 27 13 13 13 26 23 25 24 14 10 14 13 9 12 14 25 16 25 25 14 24 0
split_gain=77778.9 53301.3 37402.3 69748.2 58213.1 45128.5 42437 37079.2 36123.8 30482 33554.3 27136.8 26481.8 29058.4 26003.4 24897.6 22596.4 30366 20709.4 48982 30922.4 20220 26523.2 20201.6 25714.7 19601.3 19189.5 19038.8 18882.1 18398.9
threshold=289.46525000000003 492.81720000000001 10.500000000000002 25.32142857142858 4.5000000000000009 35.454652856813901 219.12100000000004 -5.8499999999999988 1.0253865595360862e-15 22.345356179534388 26.369261080541477 57.692165975949358 1.0000000180025095e-35 4.7187500000000009 -1.0000000180025095e-35 3.6964285714285716 187.84795000000003 302.57975000000005 1.0000000180025095e-35 73.798414751723342 360.65140000000002 382.31935416666676 274.94440000000003 -4.7499999999999982 301.39256011904769 -4.4499999999999984 -2.2499999999999996 279.90080000000006 10.770238095238097 10.500000000000002
decision_type=2 2 2 2 2 2 2 2 2 2 2 2 2 2 2 2 2 2 2 2 2 2 2 2 2 2 2 2 2 2
left_child=2 7 3 27 6 28 -4 29 12 -8 -11 21 18 -14 -7 -15 17 -12 -9 20 -20 22 -10 24 -18 -24 -27 -1 -6 -2
right_child=1 -3 4 -5 5 14 9 8 11 10 16 -13 13 15 -16 -17 23 -19 19 -21 -22 -23 25 -25 -26 26 -28 -29 -30 -31
leaf_value=-0.24549922846996958 0.24548299714584243 1.4094575070882147 1.5411340386821675 -2.2838911841369489 0.093202186430302952 -0.63418515792259811 0.49442061335814275 0.78987536484832477 -0.22094577453569625 -0.94936217515023191 0.19266086700169938 0.29763084266070455 1.0611652399675968 -0.83607644356787214 -2.1342838162413011 0.38693395325439101 0.12028559650125084 -1.6341750722751023 0.025709019608049246 -1.5223501321086861 0.57027782038137509 -0.63726096979899116 -0.58906232483685017 0.030914150418045044 1.5557191349565984 0.80078250458163591 0.11291005576913843 -1.1888159386170183 -0.4735598557413771 1.1321262945950032
leaf_weight=1947 110 79 52 44 260 65 364 106 1293 91 46 451 156 45 52 553 78 45 1667 47 309 179 80 975 52 124 556 55 338 125
leaf_count=1947 110 79 52 44 260 65 364 106 1293 91 46 451 156 45 52 553 78 45 1667 47 309 179 80 975 52 124 556 55 338 125
internal_value=-4.31561e-10 0.119462 -0.157356 -0.314694 -0.0242241 -0.402847 0.13474 0.101894 0.07592 0.0904438 -0.0238123 -0.0561204 0.198801 0.453439 -1.3009 0.294901 0.0466099 -0.71072 0.108619 0.0729226 0.110867 -0.1276 -0.0831626 0.108978 0.694459 0.15125 0.238346 -0.271415 -0.227142 0.717102
internal_weight=10344 5880 4464 2046 2418 715 1703 5801 5566 1651 1287 2683 2883 754 117 598 1196 91 2129 2023 1976 2232 2053 1105 130 760 680 2002 598 235
internal_count=10344 5880 4464 2046 2418 715 1703 5801 5566 1651 1287 2683 2883 754 117 598 1196 91 2129 2023 1976 2232 2053 1105 130 760 680 2002 598 235
is_linear=0
shrinkage=0.05


Tree=54
num_leaves=31
num_cat=0
split_feature=22 6 5 6 15 13 23 9 24 11 4 9 2 24 10 16 23 16 23 27 27 16 12 22 13 12 27 13 15 12
split_gain=71973.5 57099.3 49786.2 32727.5 36419 96731.3 21682.2 20540.5 19522.7 21209.4 18914.4 19731.5 18608.6 18485.3 17801 22412.3 25841.6 24478.6 22479.4 20746.7 18818.2 17921 16002.6 15907 19446.3 15300.5 14885.3 16921.3 19186.3 16643.6
threshold=3.6000000000000001 -0.065535378769913874 -0.70710678118654757 -0.46801505794253101 443.18080000000003 77.831074539680671 1.7208333333333334 377.60620000000006 -3.2389880952380947 445.16465000000005 -0.37940952255126065 368.22620000000006 4.5000000000000009 -0.43065476190476176 257.07545000000005 290.55932232142862 10.195833333333335 287.08619821428573 12.325000000000003 -8.2257341436142806 -15.967961315841158 379.29573154761903 317.69626041666669 9.1500000000000021 23.115525502820365 346.70544375000003 -0.44606256738630778 57.692165975949358 467.44385000000005 326.54750833333338
decision_type=2 2 2 2 2 2 2 2 2 2 2 2 2 2 2 2 2 2 2 2 2 2 2 2 2 2 2 2 2 2
left_child=2 3 8 4 5 23 -3 26 -1 -10 12 -12 22 -9 -8 17 19 20 -18 -17 -16 -21 -5 24 -2 -6 -4 28 29 -28
right_child=1 6 7 10 25 -7 14 13 9 -11 11 -13 -14 -15 15 16 18 -19 -20 21 -22 -23 -24 -25 -26 -27 27 -29 -30 -31
leaf_value=-0.38621737562740843 0.71666778749268922 -1.2686192216351628 0.21276269976907736 1.7581834257973565 0.93853828253534943 -2.2998416390269996 -0.35763615463342258 0.060416113762628468 0.55073833320210308 1.4208767900243402 0.056995337288612606 1.1568114071422153 0.030144488057236615 0.88969100587483918 0.47715654940160751 0.97558205280193067 -1.6112960377877412 0.60599852745731675 -0.43237244315027357 -0.20993068573733989 -0.14691058149692524 0.61078637416164083 0.69235731862761363 -0.09074280679587074 0.0050395925821956353 0.21882502671408779 -0.25034350095081159 0.28447266940407606 -0.63590533139925176 0.27323323755579837
leaf_weight=48 144 48 712 45 120 48 1217 126 562 80 435 45 81 144 142 43 44 165 499 873 809 72 162 2112 288 192 419 245 186 238
leaf_count=48 144 48 712 45 120 48 1217 126 562 80 435 45 81 144 142 43 44 165 499 873 809 72 162 2112 288 192 419 245 186 238
internal_value=-1.71355e-10 -0.0795642 0.218628 0.0620427 -0.0147213 -0.0761534 -0.212483 0.0960232 0.586444 0.659167 0.352306 0.160103 0.672645 0.502696 -0.199364 -0.126596 -0.250812 0.043813 -0.527902 -0.0985251 -0.0537271 -0.1474 0.924059 -0.034197 0.242249 0.495638 0.0350222 -0.0812932 -0.187595 -0.0606764
internal_weight=10344 7584 2760 3672 2904 2592 3912 2070 690 642 768 480 288 270 3864 2647 1531 1116 543 988 951 945 207 2544 432 312 1800 1088 843 657
internal_count=10344 7584 2760 3672 2904 2592 3912 2070 690 642 768 480 288 270 3864 2647 1531 1116 543 988 951 945 207 2544 432 312 1800 1088 843 657
is_linear=0
shrinkage=0.05


Tree=55
num_leaves=31
num_cat=0
split_feature=9 22 26 22 27 22 9 19 27 17 13 13 5 0 7 27 22 2 11 0 0 9 9 11 11 24 25 2 25 9
split_gain=66124.6 42243.6 48709.3 39147.8 34751 29248.3 39783.9 38280.1 32446.6 31488.5 26191.4 32629.9 28123.8 24580.7 22812.1 22800.2 28646.3 28091.5 24747.5 22693.2 22644.1 25540.5 22076.1 51784.4 20863.4 24882.9 20401 19331.7 19277.7 19087.7
threshold=317.53975000000008 8.6000000000000032 7.0166666666666684 26.400000000000002 2.0316595254948573 1.4000000000000001 424.42965000000004 527.92145000000016 -14.332060004618022 45.341022483813759 23.115525502820365 57.935637385979128 1.0000000180025095e-35 4.5000000000000009 0.64414586362404946 -5.4327225132537666 24.700000000000003 4.5000000000000009 314.64195000000007 10.500000000000002 19.500000000000004 437.66935000000007 230.50525000000002 276.69015000000007 438.21245000000005 -0.43065476190476176 -1.7000000000000004 1.5000000000000002 -2.7999999999999976 250.91120000000004
decision_type=2 2 2 2 2 2 2 2 2 2 2 2 2 2 2 2 2 2 2 2 2 2 2 2 2 2 2 2 2 2
left_child=1 2 10 15 14 7 8 9 -7 -2 12 -12 -1 -10 -4 16 17 18 -3 -11 21 24 23 -17 -9 -26 -21 -15 -29 -20
right_child=5 3 4 -5 -6 6 -8 20 13 19 11 -13 -14 27 -16 22 -18 -19 29 26 -22 -23 -24 -25 25 -27 -28 28 -30 -31
leaf_value=0.53800712179098475 0.15448831347748637 0.37031815778413052 0.62373675506617599 0.96500554891924062 -0.02398900418327405 0.50769338259373253 -1.3447318058849003 0.11871889558161251 0.34177937870239838 0.6726120989494534 -0.21642113293798926 0.27802941225225247 -0.03775587979092962 0.26876666534677324 1.7081699651580207 -0.2339656113041565 1.1961860159581359 -0.45094794714300912 -1.0980677179371319 1.0632843075463405 -0.35462195593331547 1.3283549666156373 -0.27275682370555526 -2.4373247140645979 0.13080213498324156 1.6280957321687179 2.4638679708425819 -1.1170279759325481 -0.16535560803841942 -0.066204640730945452
leaf_weight=380 96 365 134 72 130 409 48 529 400 88 1594 422 480 253 76 80 44 410 48 52 140 60 2297 40 56 55 52 57 801 676
leaf_count=380 96 365 134 72 130 409 48 529 400 88 1594 422 480 253 76 80 44 410 48 52 140 60 2297 40 56 55 52 57 801 676
internal_value=3.75621e-11 -0.0826225 0.0525361 -0.190428 0.61848 0.193426 0.0770776 0.396418 0.112623 0.893863 -0.0143696 -0.11292 0.216651 0.0056845 1.0162 -0.211436 -0.061278 -0.0981882 0.0346231 1.26355 0.225865 0.341963 -0.307295 -0.968419 0.249488 0.872704 1.76358 -0.115322 -0.228579 -0.134615
internal_weight=10344 7248 3216 4032 340 3096 1968 1128 1920 288 2876 2016 860 1511 210 3960 1543 1499 1089 192 840 700 2417 120 640 111 104 1111 858 724
internal_count=10344 7248 3216 4032 340 3096 1968 1128 1920 288 2876 2016 860 1511 210 3960 1543 1499 1089 192 840 700 2417 120 640 111 104 1111 858 724
is_linear=0
shrinkage=0.05


Tree=56
num_leaves=31
num_cat=0
split_feature=9 4 2 0 9 23 7 9 7 19 27 6 25 7 5 25 13 25 17 24 24 6 0 13 19 9 19 5 25 4
split_gain=60925.7 42761.2 76823.3 34741.2 51339.6 29592 24261 23739.9 23344.8 29709.5 23113.8 27747.8 23418.1 22394.6 23656.6 20977.4 20343.6 21690.7 21443.5 19804.3 31937 27257.2 22811.3 25722.2 19127.9 18727.4 18556.5 18086.2 20465.5 17754.2
threshold=341.85935000000006 -0.37940952255126065 4.5000000000000009 19.500000000000004 396.97890000000001 3.2645833333333338 0.99681593486783593 377.60620000000006 0.91159213926341531 533.16650000000016 -0.8863240279920277 -0.66528616069191593 -0.50000000000000011 -0.19337245081799007 0.60355339059327384 1.6500000000000006 54.991078278162668 -1.3999999999999988 51.874815420669186 23.522321428571434 22.853869047619053 -0.72696319516528884 20.500000000000004 33.9040277200153 340.96175000000005 259.37755000000004 402.61140000000006 -0.9159756150367534 4.4500000000000011 0.37940952255126054
decision_type=2 2 2 2 2 2 2 2 2 2 2 2 2 2 2 2 2 2 2 2 2 2 2 2 2 2 2 2 2 2
left_child=1 2 5 7 -5 16 8 29 9 19 -9 -12 -13 14 -3 -10 18 -18 -1 20 22 -21 23 26 -25 -16 -7 28 -15 -2
right_child=3 13 -4 4 -6 6 -8 10 15 -11 11 12 -14 27 25 -17 17 -19 -20 21 -22 -23 -24 24 -26 -27 -28 -29 -30 -31
leaf_value=1.6319533148297556 0.41709545724570551 -0.40758357224591074 -0.28731056207119082 0.041622830585290038 -1.8051786261526024 0.29395309601833808 -0.9723661918110319 0.24197330007572537 1.3406591448518965 -0.68617451043442046 -0.054382472988576271 1.9203547587952554 0.81798129211815584 0.28847043491650298 -0.50743236078370002 -0.005766062868965997 0.80527560933241782 -0.56035336994186602 0.57363711539496731 -0.22260451157473857 -0.83286094102594588 0.92062595643930978 -0.19963512837580621 -0.85736158736506296 0.17389642961157808 0.12634118403635047 0.95540515672491522 -0.12456130835941136 -0.42300836629256972 0.0096018727462539467
leaf_weight=81 594 1250 954 260 44 231 45 184 81 99 52 78 126 567 155 45 63 54 117 72 81 189 292 49 546 470 196 2760 123 486
leaf_count=81 594 1250 954 260 44 231 45 184 81 99 52 78 126 567 155 45 63 54 117 72 81 189 292 49 546 470 196 2760 123 486
internal_value=-2.55356e-10 -0.056146 0.0884644 0.262261 -0.225677 0.248433 0.174954 0.359849 0.202402 0.155204 0.669428 0.976662 1.23948 -0.142912 -0.282001 0.859793 0.697705 0.174985 1.00658 0.205504 0.130713 0.605252 0.190111 0.301467 0.0889693 -0.0308347 0.59757 -0.0673207 0.161642 0.233723
internal_weight=10344 8520 3195 1824 304 2241 1926 1520 1881 1755 440 256 204 5325 1875 126 315 117 198 1656 1395 261 1314 1022 595 625 427 3450 690 1080
internal_count=10344 8520 3195 1824 304 2241 1926 1520 1881 1755 440 256 204 5325 1875 126 315 117 198 1656 1395 261 1314 1022 595 625 427 3450 690 1080
is_linear=0
shrinkage=0.05


Tree=57
num_leaves=31
num_cat=0
split_feature=9 11 27 17 13 13 9 27 6 0 14 6 24 18 25 6 26 22 0 11 17 23 23 5 23 16 19 22 13 6
split_gain=57481.4 41927.3 29130.8 37024.7 28551.6 51052.2 37333.5 26072.6 25255.6 23200.8 31479.7 23125.2 22468.5 21240.6 26481.4 20510.7 20444.2 37286.6 20442.4 19413.7 20833.7 17972.8 17824.3 17577.1 17547.1 16510.1 15310.7 14520.6 14292.7 13070.7
threshold=289.46525000000003 492.81720000000001 13.62005369410152 57.348752167802907 78.009786898730354 77.468135043253696 378.00475000000006 2.9839679074944816 0.70290292807158616 12.500000000000002 281.99270000000007 0.75580964594513067 0.43184523809523806 100.93615000000001 4.7500000000000009 0.74443451080969758 7.0166666666666684 9.1500000000000021 4.5000000000000009 425.5102500000001 58.204668571521651 1.0000000180025095e-35 6.9270833333333348 0.25881904510252057 6.9645833333333345 377.2999002976191 530.78495000000009 24.150000000000002 15.152241546862301 0.15101559051660998
decision_type=2 2 2 2 2 2 2 2 2 2 2 2 2 2 2 2 2 2 2 2 2 2 2 2 2 2 2 2 2 2
left_child=2 4 8 -4 5 6 7 12 9 10 -1 15 -2 14 28 -10 -11 -18 -9 20 21 -15 23 -13 -22 29 -20 -23 -14 -8
right_child=1 -3 3 -5 -6 -7 25 18 11 16 -12 22 13 19 -16 -17 17 -19 26 -21 24 27 -24 -25 -26 -27 -28 -29 -30 -31
leaf_value=-0.090524925157207836 -0.20734237207120265 1.2468078527033706 -0.39013492470954436 -2.0111888238042592 0.62577216684407855 -1.5593126025982202 0.56930118231361526 0.12481665370208095 -0.44760669838814504 0.048580654388821448 -1.3620911187839275 0.42505472245581805 -0.34844180120200652 0.5276138587888064 -0.36027585852250299 -1.7234727796581055 1.6445051151514054 0.24489877537216831 -0.32484950292368769 0.65471129931125649 -0.94138461221214187 0.011826187489991355 -0.26597042217076527 -0.2836076898227135 0.16006443731486797 0.17540789076086621 0.20904886116552507 0.5202492865861631 0.62107224758693036 1.394386848062277
leaf_weight=1067 455 79 295 40 236 48 144 558 105 854 51 210 41 224 93 45 60 230 928 148 91 1710 1357 150 60 161 157 153 522 72
leaf_count=1067 455 79 295 40 236 48 144 558 105 854 51 210 41 224 93 45 60 230 928 148 91 1710 1357 150 60 161 157 153 522 72
internal_value=-1.16635e-10 0.102698 -0.135275 -0.583694 0.0871174 0.0642741 0.0784 0.0431745 -0.0988928 0.0134519 -0.14853 -0.235006 0.120363 0.169379 0.421354 -0.830367 0.171753 0.534473 -0.121115 0.100101 0.0634246 0.104459 -0.182994 0.129779 -0.503723 0.558663 -0.247594 0.0535807 0.550468 0.84433
internal_weight=10344 5880 4464 335 5801 5565 5517 5140 4129 2262 1118 1867 3497 3042 656 150 1144 290 1643 2386 2238 2087 1717 360 151 377 1085 1863 563 216
internal_count=10344 5880 4464 335 5801 5565 5517 5140 4129 2262 1118 1867 3497 3042 656 150 1144 290 1643 2386 2238 2087 1717 360 151 377 1085 1863 563 216
is_linear=0
shrinkage=0.05


Tree=58
num_leaves=31
num_cat=0
split_feature=9 22 26 13 13 9 27 26 22 24 13 25 27 27 19 10 26 26 7 13 10 7 13 22 23 22 5 9 15 7
split_gain=52154.3 39247 41263.1 35138.8 48654.8 33093 22769.6 21826.3 30671.8 27995.3 22182.3 20086.7 28810.4 18022.8 17579.6 17503.5 27305.2 19145.3 28528.9 17192.5 19778.1 26993.4 17148.9 16724.4 20965.9 16417.4 37870.2 15743.5 15367.9 14497.1
threshold=304.82115000000005 8.6000000000000032 9.4145833333333346 78.009786898730354 77.468135043253696 378.00475000000006 1.0253865595360862e-15 0.57708333333333339 1.4000000000000001 4.5375000000000005 30.569752455679033 0.54999999999999927 -15.50920873402494 1.6004602856356974e-15 395.10765000000009 331.90840000000009 24.650000000000002 14.872916666666667 -0.75013812021657655 53.942385346167228 431.96655000000004 0.96407344085605606 13.368404228895702 3.6000000000000001 1.7895833333333335 9.7000000000000011 -0.5 279.08310000000006 452.70110000000005 -0.43733099657705293
decision_type=2 2 2 2 2 2 2 2 2 2 2 2 2 2 2 2 2 2 2 2 2 2 2 2 2 2 2 2 2 2
left_child=1 2 22 4 5 6 7 14 -9 -10 -11 15 29 -4 -2 16 -3 18 -17 20 21 -7 -1 -24 -25 26 -14 -27 -12 -13
right_child=3 11 13 -5 -6 19 -8 8 9 10 28 12 25 -15 -16 17 -18 -19 -20 -21 -22 -23 23 24 -26 27 -28 -29 -30 -31
leaf_value=0.69742582714141799 0.62781182921735956 -0.25190905797074448 1.4069604425848306 0.83876994041992092 -1.4813469177732865 0.16929152525395533 -0.051502286580006468 1.4820113228577556 -0.81367765093843136 1.2721402075248107 0.094185808858226153 0.94038366141819185 -1.6947149186262065 0.20892573932431779 0.041186118442462109 -0.42757219543511216 -1.5190176888623022 -0.077932691700915074 -2.2281054786660457 1.0583553916712602 -0.67273778810006823 1.3797940853925852 0.13315613425769779 -1.1635883854702116 -0.099229429256596974 -0.2252824766201319 -0.10224878386527832 0.10816316440785356 0.90922051040749796 -0.0046434272080659866
leaf_weight=86 141 1261 77 168 48 158 1842 66 48 70 242 93 56 53 1355 44 44 47 44 120 41 65 998 48 1282 1054 112 533 76 72
leaf_count=86 141 1261 77 168 48 158 1842 66 48 70 242 93 56 53 1355 44 44 47 44 120 41 65 998 48 1282 1054 112 533 76 72
internal_value=4.45146e-10 -0.097362 0.0507913 0.129465 0.101571 0.119559 0.0753024 0.192206 0.47749 0.325429 0.466349 -0.209535 -0.103662 0.918531 0.0964764 -0.350699 -0.294631 -0.892686 -1.32784 0.562123 0.336562 0.522129 0.00406134 -0.0215526 -0.137642 -0.16305 -0.633071 -0.113293 0.288974 0.528008
internal_weight=10344 5904 2544 4440 4272 4224 3840 1998 502 436 388 3360 1920 130 1496 1440 1305 135 88 384 264 223 2414 2328 1330 1755 168 1587 318 165
internal_count=10344 5904 2544 4440 4272 4224 3840 1998 502 436 388 3360 1920 130 1496 1440 1305 135 88 384 264 223 2414 2328 1330 1755 168 1587 318 165
is_linear=0
shrinkage=0.05


Tree=59
num_leaves=31
num_cat=0
split_feature=7 22 25 12 5 0 2 9 9 7 5 27 0 0 9 4 16 25 17 6 2 2 22 18 19 25 13 25 12 5
split_gain=48594.4 36068.3 28760.1 36921.1 40500.3 31561.8 28309.7 27135.7 27104.7 24835.1 26407.2 24138.7 23967.5 25916.1 23270 22999.9 24231.1 20186 56429.2 20769.3 19747.2 19337.8 19473.3 20901.7 19895.2 18247.5 19386 18663.3 16984.2 18905.6
threshold=0.689015599449598 20.300000000000004 -0.50000000000000011 296.75368958333337 1.0000000180025095e-35 12.500000000000002 1.0000000180025095e-35 262.59275000000008 399.25805000000008 -0.18493013702746822 0.1294095225512602 -19.096952548881379 20.500000000000004 10.500000000000002 437.66935000000007 -0.37940952255126065 344.40339345238101 2.5000000000000009 37.62799666005926 0.40614137006726808 4.5000000000000009 4.5000000000000009 3.6000000000000001 227.44230000000002 472.26935000000003 -4.4499999999999984 56.639774170829874 -2.1999999999999997 269.11614166666669 0.60355339059327384
decision_type=2 2 2 2 2 2 2 2 2 2 2 2 2 2 2 2 2 2 2 2 2 2 2 2 2 2 2 2 2 2
left_child=1 9 3 -2 5 -5 15 -3 11 10 17 -9 13 -11 -8 16 -4 19 -19 -1 25 22 23 -15 -24 26 -7 -27 -13 -30
right_child=2 7 6 4 -6 20 14 8 -10 12 -12 28 -14 21 -16 -17 -18 18 -20 -21 -22 -23 24 -25 -26 27 -28 -29 29 -31
leaf_value=-0.62322467683303751 -0.44181644197605136 -0.84567921467953266 1.9773680504163107 0.33229834710677397 0.12783253414934903 2.5931538428579057 -0.10473898722244937 0.50901069310672875 -1.0301762975752353 -0.15046866631977479 -0.083701283030909901 0.6630575167047873 -0.42157274205427209 1.0134604784995318 0.81671127380492781 0.1459014803071817 0.33653140144215693 -2.32302735883456 -0.34345831891410372 -0.1395410186083241 0.34572866541289149 -0.13824240121608364 0.31801513821238059 -0.16698393088579178 -0.2783266652649955 0.50114515968689732 1.0739902128775916 1.552554900199175 -0.11426649239981733 0.27602941145901944
leaf_weight=403 144 72 45 342 684 42 1416 416 48 1441 902 114 393 150 72 150 45 52 117 494 84 390 530 50 190 102 42 72 855 487
leaf_count=403 144 72 45 342 684 42 1416 416 48 1441 902 114 393 150 72 150 45 52 117 494 84 390 530 50 190 102 42 72 855 487
internal_value=1.3686e-10 -0.073188 0.160471 0.319725 0.399887 0.671942 0.0211247 0.107293 0.14303 -0.143516 -0.282812 0.173112 -0.0563238 -0.00414542 -0.0601527 0.525045 1.15695 -0.45129 -0.952556 -0.356848 1.01158 0.15681 0.281887 0.718349 0.160647 1.22838 1.83357 0.936211 0.0771408 0.0273685
internal_weight=10344 7104 3240 1512 1368 684 1728 1992 1920 5112 1968 1872 3144 2751 1488 240 90 1066 169 897 342 1310 920 200 720 258 84 174 1456 1342
internal_count=10344 7104 3240 1512 1368 684 1728 1992 1920 5112 1968 1872 3144 2751 1488 240 90 1066 169 897 342 1310 920 200 720 258 84 174 1456 1342
is_linear=0
shrinkage=0.05


Tree=60
num_leaves=31
num_cat=0
split_feature=9 0 9 4 2 23 18 6 18 9 22 13 0 25 9 27 6 24 7 11 9 14 7 5 14 23 13 25 7 13
split_gain=44689.8 31618.7 46316.5 31614.9 63618.5 24640.6 22957.3 32623.3 32117.8 23699.7 21537.4 19506.1 19437.9 18318.4 18009.6 19994.1 23961 19312.1 17148.7 23386.9 27370 20293.9 16946.9 18294.5 16564.7 16271.2 17128.9 16139.4 15882.5 14957.6
threshold=341.85935000000006 19.500000000000004 396.97890000000001 -0.37940952255126065 4.5000000000000009 3.0166666666666671 246.89835000000002 -0.074117382312902977 240.38165000000001 307.67320000000001 21.950000000000003 54.991078278162668 18.500000000000004 -1.3999999999999988 377.60620000000006 -0.8863240279920277 -0.66528616069191593 -0.18005952380952395 0.16587474750015932 318.66635000000002 253.70485000000002 224.24470000000002 -0.19337245081799007 0.60355339059327384 234.00000000000003 4.7875000000000005 33.9040277200153 -1.0999999999999985 -0.80417042486635371 35.020446363916058
decision_type=2 2 2 2 2 2 2 2 2 2 2 2 2 2 2 2 2 2 2 2 2 2 2 2 2 2 2 2 2 2
left_child=3 14 -3 4 5 11 8 27 9 10 18 -1 -9 -13 -2 -16 -17 -18 19 -7 -21 -22 23 -5 -23 -20 -27 -8 -25 -6
right_child=1 2 -4 22 29 6 7 12 -10 -11 -12 13 -14 -15 15 16 17 -19 25 20 21 24 -24 28 -26 26 -28 -29 -30 -31
leaf_value=0.97269197598306667 0.20785936362226495 0.013006660856453193 -1.7411232131533325 -0.35412310512855649 -0.13258795726086089 0.1902418822898895 0.9423144555091858 -0.39570747238397597 1.5399643182754517 0.5907678002686011 0.84515023436811243 0.72263294672445655 -1.8744799491763116 -0.5323566428903076 0.18979139937006909 -0.085008575996527308 0.4859808399881187 1.4921891038422475 -0.46040656536093194 -1.581660550694133 0.3325683541524978 -1.4054734189950286 -0.056934533884937778 0.25248798523686439 -0.3015507283701635 0.70667305856030627 0.11319404522459658 -0.18473061819871267 -0.25357849112109226 -0.56016544192552764
leaf_weight=180 1080 260 44 1250 657 316 45 50 45 297 90 63 40 54 184 52 76 128 72 43 105 42 3450 285 178 198 315 108 340 297
leaf_count=180 1080 260 44 1250 657 316 45 50 45 297 90 63 40 54 184 52 76 128 72 43 105 42 3450 285 178 198 315 108 340 297
internal_value=-5.61939e-10 0.224614 -0.240881 -0.0480864 0.0762564 0.221829 0.157024 -0.297577 0.221968 0.186152 0.0977266 0.646004 -1.05294 0.143407 0.317713 0.587354 0.873103 1.11733 0.0447178 -0.125265 -0.396189 -0.239342 -0.122692 -0.243686 -0.5123 0.243467 0.342256 0.146753 -0.0228122 -0.265702
internal_weight=10344 1824 304 8520 3195 2241 1944 243 1701 1656 1359 297 90 117 1520 440 256 204 1269 684 368 325 5325 1875 220 585 513 153 625 954
internal_count=10344 1824 304 8520 3195 2241 1944 243 1701 1656 1359 297 90 117 1520 440 256 204 1269 684 368 325 5325 1875 220 585 513 153 625 954
is_linear=0
shrinkage=0.05


Tree=61
num_leaves=31
num_cat=0
split_feature=9 14 27 16 11 6 14 0 9 27 0 6 23 16 12 18 17 22 10 24 0 24 9 4 15 27 6 5 23 17
split_gain=42634.3 59455.7 34834.8 39281.7 34778.6 31279.4 28588.9 25882.7 26431.8 23739.8 18554.9 16125.2 15742.4 15730.4 15063.7 18868.8 20119.6 13845.2 13525.3 13338 17254.8 35827.2 29833.2 13063.8 12817 13179.7 12327.9 12207.1 12189 10801.4
threshold=282.05545000000006 279.90080000000006 13.62005369410152 301.95143154761911 492.81720000000001 0.51297097409535064 203.88445000000004 21.500000000000004 362.4504500000001 2.9839679074944816 5.5000000000000009 0.38243310158943505 27.054166666666671 382.85053720238102 317.13754375000008 245.14305000000004 48.953399004352129 3.6000000000000001 416.53020000000009 -0.43065476190476176 13.500000000000002 1.4020833333333338 398.86505000000005 -0.78656609248549292 280.18715000000003 -17.145826954020979 -0.11692013674435776 1.0000000180025095e-35 20.231250000000003 52.147552191621521
decision_type=2 2 2 2 2 2 2 2 2 2 2 2 2 2 2 2 2 2 2 2 2 2 2 2 2 2 2 2 2 2
left_child=1 2 5 -4 7 6 -1 8 9 13 -11 14 19 18 15 24 -17 27 -2 -10 22 -22 -21 26 -8 -26 -20 -7 -9 -12
right_child=4 -3 3 -5 -6 17 11 28 12 10 29 -13 -14 -15 -16 16 -18 -19 23 20 21 -23 -24 -25 25 -27 -28 -29 -30 -31
leaf_value=1.2106665078018395 0.12336640131552906 -1.8819893644501766 -0.40224470728773531 -2.0779083121840549 1.0942186773182399 0.51134141892194751 0.67765322616323831 -0.44911705046453898 0.13716817498838499 0.084078960943595293 -0.34844221494680372 0.74085602215377655 -0.11110127556149836 -0.35542032661021883 -0.46483758532170516 1.1919005927940212 0.1346599613254269 -0.25090665956460412 0.63091629844952812 0.19251508410591231 2.290989286725114 0.58938935075014365 1.6222236116727193 0.84344461321163533 -0.86961516632123836 -0.011609392712659228 -0.37431300350877106 -0.20184156678617005 0.038272864466478818 0.019231440706976823
leaf_weight=56 2875 48 238 41 83 120 64 340 236 779 697 82 154 159 144 72 120 1702 61 278 41 126 42 134 47 938 61 120 206 280
leaf_count=56 2875 48 238 41 83 120 64 340 236 779 697 82 154 159 144 72 120 1702 61 278 41 126 42 134 47 938 61 120 206 280
internal_value=5.356e-10 -0.133431 -0.111014 -0.648489 0.077224 -0.0677368 0.101901 0.0641756 0.0945412 0.0505071 -0.0979396 0.0595759 0.3479 0.129739 0.0192402 0.0754104 0.531125 -0.200774 0.154376 0.445668 0.595167 1.00715 0.380164 0.502634 -0.00799973 -0.0525498 0.128302 0.15475 -0.26523 -0.24307
internal_weight=10344 3792 3744 279 6552 3465 1523 6469 5923 5046 1756 1467 877 3290 1385 1241 192 1942 3131 723 487 167 320 256 1049 985 122 240 546 977
internal_count=10344 3792 3744 279 6552 3465 1523 6469 5923 5046 1756 1467 877 3290 1385 1241 192 1942 3131 723 487 167 320 256 1049 985 122 240 546 977
is_linear=0
shrinkage=0.05


Tree=62
num_leaves=31
num_cat=0
split_feature=9 14 27 16 11 6 14 0 13 27 14 18 9 23 12 14 27 13 12 18 25 18 12 6 25 2 11 10 26 12
split_gain=38477.5 53658.8 31438.4 35451.7 31387.7 28229.7 25801.5 23359.2 25134 21590.9 21209.3 18092.3 28962.7 18000.8 16401.7 16636.3 15599.4 17348.6 20503.4 15414.3 19943.1 16718.5 16102.1 14553 14511.4 30675.3 36735.7 15112.3 13859.6 13595
threshold=282.05545000000006 279.90080000000006 13.62005369410152 301.95143154761911 492.81720000000001 0.51297097409535064 203.88445000000004 21.500000000000004 57.692165975949358 1.0253865595360862e-15 356.9858000000001 201.09030000000004 346.99615000000006 27.054166666666671 382.31935416666676 236.85070000000005 -3.0572999702735308 55.064899970851265 293.4967895833334 258.28425000000004 -3.0499999999999985 227.44230000000002 300.20666250000005 0.38243310158943505 3.4000000000000012 2.5000000000000004 349.27230000000003 461.85670000000005 2.9562500000000003 317.13754375000008
decision_type=2 2 2 2 2 2 2 2 2 2 2 2 2 2 2 2 2 2 2 2 2 2 2 2 2 2 2 2 2 2
left_child=1 2 5 -4 7 6 -1 8 9 11 14 12 -2 16 15 -11 19 18 -18 21 -21 22 -13 29 27 -26 -27 -10 -17 -8
right_child=4 -3 3 -5 -6 -7 23 -9 24 10 -12 13 -14 -15 -16 28 17 -19 -20 20 -22 -23 -24 -25 25 26 -28 -29 -30 -31
leaf_value=1.1501331787955549 0.23362878516805835 -1.7878899126701679 -0.38213247375822279 -1.9740129520253438 1.0395077542009126 -0.19073532569652768 0.071639893827044332 -0.25196851009627524 0.33928926014702443 -0.29229215088123661 0.85255862621049738 -0.067797689608432965 1.1651458317355106 0.78284387670748412 -0.60735448628056343 0.10106669314607336 -0.6637293829247356 -0.68385652382763062 0.40041615309419742 -1.4493287769861001 -0.2454381439775272 0.17244119420879947 -0.96906160869532165 0.70381322581230144 0.40207032614161031 0.19940339482348901 -1.8458738653432754 1.0787218049389162 -0.23075235449995649 -0.44159571690898808
leaf_weight=56 686 48 238 41 83 1942 1241 546 761 548 62 159 95 80 141 1343 50 49 478 43 172 461 72 82 148 46 42 76 411 144
leaf_count=56 686 48 238 41 83 1942 1241 546 761 548 62 159 95 80 141 1343 50 49 478 43 172 461 72 82 148 46 42 76 411 144
internal_value=-5.26754e-10 -0.12676 -0.105463 -0.616065 0.0733628 -0.0643499 0.096806 0.0609668 0.0898141 0.041368 -0.060703 0.150403 0.346938 0.0522619 -0.0838804 -0.051817 0.0128774 0.216124 0.299645 -0.11642 -0.486216 -0.00152728 -0.348711 0.0565971 0.308792 -0.0374904 -0.776752 0.40643 0.0233143 0.0182782
internal_weight=10344 3792 3744 279 6552 3465 1523 6469 5923 4850 2505 2345 781 1564 2443 2302 1484 577 528 907 215 692 231 1467 1073 236 88 837 1754 1385
internal_count=10344 3792 3744 279 6552 3465 1523 6469 5923 4850 2505 2345 781 1564 2443 2302 1484 577 528 907 215 692 231 1467 1073 236 88 837 1754 1385
is_linear=0
shrinkage=0.05


Tree=63
num_leaves=31
num_cat=0
split_feature=22 5 22 0 2 9 9 12 5 9 13 0 11 2 10 27 11 7 0 6 14 24 23 13 19 19 11 9 16 25
split_gain=35908.1 46896.6 34734.7 23844.6 24695.1 23541.1 24491.4 20027.9 20709.5 18085.2 17821.6 17809.2 18062.5 17414.9 19432.8 17930.1 19278.2 24814.3 18871.1 16653.8 15086 25365.1 19846.6 20525 14335.1 15691.6 13584.6 12582 12223.4 12176.6
threshold=6.9500000000000011 -0.70710678118654757 20.300000000000004 13.500000000000002 4.5000000000000009 262.59275000000008 399.25805000000008 269.11614166666669 -0.12940952255126037 347.47680000000008 45.487075051731644 19.500000000000004 445.16465000000005 4.5000000000000009 329.35900000000009 -2.0123267597811374 308.26105000000007 -0.79382744783423187 15.500000000000002 -0.159513159777915 227.48935000000003 22.002678571428575 15.581250000000002 40.514969732988249 433.39260000000007 444.46585000000005 431.25270000000006 377.60620000000006 376.68936041666672 -0.50000000000000011
decision_type=2 2 2 2 2 2 2 2 2 2 2 2 2 2 2 2 2 2 2 2 2 2 2 2 2 2 2 2 2 2
left_child=1 3 9 26 19 -4 7 -7 -9 13 24 12 27 15 -15 16 17 -2 -19 -5 21 22 23 -18 -10 -26 -1 -3 -29 -13
right_child=2 11 5 4 -6 6 -8 8 10 -11 -12 29 -14 14 -16 -17 20 18 -20 -21 -22 -23 -24 -25 25 -27 -28 28 -30 -31
leaf_value=0.29661835997582775 1.3093596719737564 0.013693069861490111 -0.79299860231371389 1.8534695088863373 0.11033356136607904 0.7230276665909009 -0.98731639372805757 -0.078889959757648426 -0.28130601282118933 -1.1242776115424931 0.51941595097412141 -0.023492046732060387 0.68062062015553482 -0.26406238059743692 -1.1546339039963025 -0.19619774421185621 -0.13731547467324925 0.96825873013290154 0.018245348439882556 0.81327863940873102 0.057609305175738146 -1.4841349215670068 0.32111619028664373 -1.4431809559140518 1.0671636877724759 0.12609694301334512 -0.53601289380271477 1.0559381367904801 0.18365079889624891 -0.44421585619841752
leaf_weight=647 56 2133 72 48 108 144 48 792 182 48 403 396 119 1063 65 1630 87 63 307 194 634 44 109 46 52 299 53 56 142 304
leaf_count=647 56 2133 72 48 108 144 48 792 182 48 403 396 119 1063 65 1630 87 63 307 194 634 44 109 46 52 299 53 56 142 304
internal_value=2.16472e-10 0.112674 -0.0770231 0.402059 0.739025 0.0946137 0.127899 0.156494 0.109283 -0.159369 0.268507 0.016212 0.07976 -0.148084 -0.315381 -0.0846725 0.0503841 0.328464 0.180004 1.0196 -0.0783791 -0.379836 -0.179054 -0.588968 0.0787951 0.265514 0.233576 0.0490855 0.430358 -0.206206
internal_weight=10344 4200 6144 1050 350 1992 1920 1872 1728 4152 936 3150 2450 4104 1128 2976 1346 426 370 242 920 286 242 133 533 351 700 2331 198 700
internal_count=10344 4200 6144 1050 350 1992 1920 1872 1728 4152 936 3150 2450 4104 1128 2976 1346 426 370 242 920 286 242 133 533 351 700 2331 198 700
is_linear=0
shrinkage=0.05


Tree=64
num_leaves=31
num_cat=0
split_feature=9 11 23 4 2 9 9 18 6 6 16 15 9 0 25 0 11 7 5 22 25 13 7 16 16 2 18 13 14 27
split_gain=34006.3 30221.2 25663.7 17889.7 62336.1 49590.1 35872.1 26935.8 30429.2 28772.1 25851 28276.8 21787.5 18525.1 18447.8 17717.6 29595.6 21020.6 22897.6 22019.8 18530.8 17398.8 17249.9 14908.4 23771.1 18937.2 14746.4 18635.7 14878.4 21893.1
threshold=265.94725000000005 492.81720000000001 24.650000000000002 -0.37940952255126065 4.5000000000000009 424.42965000000004 366.54130000000004 246.89835000000002 -0.12546116083924153 -0.52766804058324157 309.42426160714291 309.58200000000005 437.66935000000007 19.500000000000004 -1.0000000180025095e-35 3.5000000000000004 434.02505000000002 -0.21862536810265826 -0.9159756150367534 19.700000000000003 3.8500000000000001 45.909903295472425 0.7487283477006671 315.59602648809533 319.339036904762 2.5000000000000004 100.93615000000001 62.274321359490358 207.30400000000003 -9.0261908924299572
decision_type=2 2 2 2 2 2 2 2 2 2 2 2 2 2 2 2 2 2 2 2 2 2 2 2 2 2 2 2 2 2
left_child=2 3 26 4 5 6 7 10 9 -9 11 -2 15 -13 -10 21 17 19 20 -17 -19 -5 -8 -12 -25 -26 27 28 29 -1
right_child=1 -3 -4 12 -6 -7 22 8 14 -11 23 13 -14 -15 -16 16 -18 18 -20 -21 -22 -23 -24 24 25 -27 -28 -29 -30 -31
leaf_value=-1.8015206227942213 1.1749595197420273 0.89886900471541498 -1.3154256565030664 -0.010073500108830534 -0.23835700785097333 -1.445076430134657 0.57129003123513289 -0.33485163262922252 -1.6817858566840489 0.93991852653654007 1.1929085587369808 0.24190724154673884 1.0875470730391414 -0.25180465151082004 -0.33731040574610233 -0.56096280182175562 -1.2171952731776656 0.42807033754511115 -0.072276501517302708 -0.10136584129761017 -0.25141267727209832 0.36532280403920564 1.5865731860676857 -0.33298972845077518 0.37247306847866152 0.98679849918662887 -0.059122112997214399 0.61337372378135724 -0.25219494225375616 -0.49867182544475758
leaf_weight=41 63 103 48 852 810 41 98 106 42 76 81 570 44 285 65 363 57 478 1717 924 127 484 73 80 355 194 1512 48 456 151
leaf_count=41 63 103 48 852 810 41 98 106 42 76 81 570 44 285 65 363 57 478 1717 924 127 484 73 80 355 194 1512 48 456 151
internal_value=-2.2595e-10 0.04788 -0.171655 0.036903 0.134967 0.277001 0.310816 0.248919 -0.195919 0.19747 0.327886 0.152664 -0.0202133 0.0773366 -0.865048 -0.0299577 -0.0867655 -0.0689116 0.0209257 -0.230996 0.285435 0.125923 1.00472 0.554441 0.472222 0.589557 -0.14679 -0.337242 -0.407658 -0.776884
internal_weight=10344 8088 2256 7985 2939 2129 2088 1917 289 182 1628 918 5046 855 107 5002 3666 3609 2322 1287 605 1336 171 710 629 549 2208 696 648 192
internal_count=10344 8088 2256 7985 2939 2129 2088 1917 289 182 1628 918 5046 855 107 5002 3666 3609 2322 1287 605 1336 171 710 629 549 2208 696 648 192
is_linear=0
shrinkage=0.05


Tree=65
num_leaves=31
num_cat=0
split_feature=22 27 2 0 18 22 11 16 25 6 9 10 23 9 22 26 16 14 7 9 16 0 7 27 12 22 22 18 6 5
split_gain=31819.1 25254.2 48304.7 41398.3 24189.8 35823.8 24291.2 21979.9 24008.9 20734 32668.2 19154.9 20546.6 19141.7 18385.9 26969.4 20733.9 18989 18202.3 20540 43154.2 17918.7 43766.5 70039.7 21973.2 18010.1 16788.2 16736.2 16158.8 15239.3
threshold=-0.84999999999999998 -0.20294629611730197 4.5000000000000009 20.500000000000004 246.61495000000002 1.4000000000000001 279.90015000000005 326.73359107142863 3.8500000000000001 0.19337368024598436 246.84540000000001 381.04305000000005 20.231250000000003 398.86505000000005 21.400000000000002 12.539583333333335 311.32699315476196 239.22435000000004 -0.34234976856068178 307.67320000000001 253.77558660714286 3.5000000000000004 0.95436825032516992 0.97350341188390199 344.92640625000007 13.050000000000002 9.1500000000000021 191.28405000000004 -0.074117382312902977 0.60355339059327384
decision_type=2 2 2 2 2 2 2 2 2 2 2 2 2 2 2 2 2 2 2 2 2 2 2 2 2 2 2 2 2 2
left_child=29 2 3 4 5 27 -7 26 28 10 -3 12 -5 -12 15 -8 -16 -18 19 20 -17 24 25 -24 -11 -23 -6 -2 -9 -1
right_child=1 9 -4 11 7 6 14 8 -10 21 13 -13 -14 -15 16 18 17 -19 -20 -21 -22 22 23 -25 -26 -27 -28 -29 -30 -31
leaf_value=0.36034975124350871 1.6192353716918402 -1.2483457582501265 -0.22039095178444051 -0.24705354029182139 1.2837430164217949 1.0954788174874641 0.29068474634745173 -0.46536958155396224 0.25335758557116772 -0.076226709437236861 -0.0022483829954857769 -1.1232476283181856 0.33060189745453905 0.9671061136159832 0.92079937377801313 0.33938920980408077 -0.79887948393821717 0.44359758962365919 0.1201524317807075 0.14009394584529436 -1.6485361780493688 -0.1368779536247279 -2.8854548186790652 0.055327346473932275 1.0206198853801707 -0.50153429642733605 -0.16488723143935205 0.62302220310523826 -1.6711245638132095 -0.035642718630058849
leaf_weight=833 70 52 1122 542 40 85 921 91 83 670 2470 47 215 52 182 42 40 133 206 67 78 1167 41 40 49 477 40 106 40 343
leaf_count=833 70 52 1122 542 40 85 921 91 83 670 2470 47 215 52 182 42 40 133 206 67 78 1167 41 40 49 477 40 106 40 343
internal_value=2.72182e-10 -0.0314077 0.059844 0.163683 0.274841 0.339201 0.270964 -0.147655 -0.411986 -0.106875 -0.00783915 -0.143801 -0.0829902 0.0177383 0.228973 0.142715 0.54825 0.15632 -0.204055 -0.561204 -0.952762 -0.211179 -0.298585 -1.43322 -0.00147639 -0.242682 0.559428 1.01924 -0.833539 0.244852
internal_weight=10344 9168 4150 3028 2224 1930 1754 294 214 5018 2574 804 757 2522 1669 1314 355 173 393 187 120 2444 1725 81 719 1644 80 176 131 1176
internal_count=10344 9168 4150 3028 2224 1930 1754 294 214 5018 2574 804 757 2522 1669 1314 355 173 393 187 120 2444 1725 81 719 1644 80 176 131 1176
is_linear=0
shrinkage=0.05


Tree=66
num_leaves=31
num_cat=0
split_feature=7 22 25 7 5 12 9 9 27 9 18 17 0 2 0 9 9 25 7 5 2 25 5 22 13 24 27 12 5 9
split_gain=29323.9 23090.8 21495 25904.8 27160.4 22871.9 21760.8 20611.3 23733.6 31733.7 19317.2 18070.7 20599.4 18306.2 17530.5 19867.3 28542.8 15868.7 15200.6 21173.8 17837.3 34818.1 17757.9 15720.2 14913.4 14863.2 13949.5 13777.9 14034.7 13365.5
threshold=0.68274389090025245 20.300000000000004 -0.50000000000000011 0.99681593486783593 1.0000000180025095e-35 302.15350416666672 381.54325000000006 399.25805000000008 -19.096952548881379 262.59275000000008 246.16770000000002 80.029317533093931 12.500000000000002 4.5000000000000009 22.500000000000004 283.10275000000007 280.06270000000006 -4.4499999999999984 -0.18493013702746822 -0.12940952255126037 4.5000000000000009 1.9500000000000008 -0.70710678118654757 13.600000000000003 45.082691007639731 4.6083333333333343 1.2168129192918504 269.11614166666669 0.60355339059327384 437.66935000000007
decision_type=2 2 2 2 2 2 2 2 2 2 2 2 2 2 2 2 2 2 2 2 2 2 2 2 2 2 2 2 2 2
left_child=1 10 3 4 6 -4 11 8 24 -10 18 12 -2 17 15 16 -7 -14 19 20 -1 -22 23 26 -3 -19 -20 -11 -29 -17
right_child=2 7 5 -5 -6 14 -8 -9 9 27 -12 -13 13 -15 -16 29 -18 25 22 -21 21 -23 -24 -25 -26 -27 -28 28 -30 -31
leaf_value=-0.24302612061180071 0.25384942460556825 0.18173474466846307 0.48429547515439081 -0.44526938093050072 0.10087642963596827 -0.18242856306586289 1.566718316419671 -0.9363894617805878 -1.1600541140816429 0.59115794047451853 -0.64088570561614777 -0.36325851811716958 1.697213614873019 0.24316752738215858 -0.88223733987127029 0.013555332216927528 -1.5593669176425624 0.23955588546214682 0.46649518490139824 -0.052777475891634819 -0.47126694603881059 -2.0187770711427389 -0.095582018470246763 -0.22199961676883204 0.77376024923188258 1.2783457667877278 -0.087187894571359004 -0.10342527776607993 0.23285392457523693 0.73042763247006182
leaf_weight=627 300 245 216 120 708 207 48 48 55 114 168 60 72 90 63 1127 46 66 413 1040 209 44 2250 180 188 72 157 855 487 69
leaf_count=627 300 245 216 120 708 207 48 48 55 114 168 60 72 90 63 1127 46 66 413 1040 209 44 2250 180 188 72 157 855 487 69
internal_value=-2.81612e-10 -0.0571604 0.123988 0.260082 0.319858 0.00301484 0.538839 0.0871514 0.112424 0.0189016 -0.11366 0.464084 0.546818 0.839787 -0.0657395 -0.0302396 -0.432781 1.09548 -0.095657 -0.205514 -0.386021 -0.740399 -0.0253485 0.185352 0.43878 0.781533 0.313989 0.0634363 0.0186075 0.0549133
internal_weight=10344 7080 3264 1536 1416 1728 708 1992 1944 1511 5088 660 600 300 1512 1449 253 210 4920 1920 880 253 3000 750 433 138 570 1456 1342 1196
internal_count=10344 7080 3264 1536 1416 1728 708 1992 1944 1511 5088 660 600 300 1512 1449 253 210 4920 1920 880 253 3000 750 433 138 570 1456 1342 1196
is_linear=0
shrinkage=0.05


Tree=67
num_leaves=31
num_cat=0
split_feature=9 11 27 0 9 27 2 17 13 16 16 18 16 13 7 16 11 9 6 9 0 18 13 11 0 22 5 14 25 2
split_gain=26846.3 25502.7 21359.8 15639.6 20793 17659.3 33716.3 18122 16882.7 16706.3 17986.5 15355.9 20858.9 16523.5 32916.5 21612 27678.2 16106.8 14362 13523 17075.1 15224.7 12291 64354.6 15554.3 14524.3 15639.2 12361.7 11865.3 16780.3
threshold=265.94725000000005 492.81720000000001 19.667971221683697 21.500000000000004 362.4504500000001 -1.0000000180025095e-35 4.5000000000000009 37.072854666084737 57.866513240738293 384.29933630952388 350.68978839285717 246.89835000000002 327.41984017857152 36.587491270832338 0.64414586362404946 321.42061636904765 415.87400000000008 303.05180000000001 0.42958674266195179 205.31900000000005 11.500000000000002 100.93615000000001 45.909903295472425 395.22870000000006 5.5000000000000009 7.5000000000000009 -0.9159756150367534 236.85070000000005 0.54999999999999927 1.0000000180025095e-35
decision_type=2 2 2 2 2 2 2 2 2 2 2 2 2 2 2 2 2 2 2 2 2 2 2 2 2 2 2 2 2 2
left_child=2 3 19 4 5 6 9 -8 22 10 11 13 -13 14 17 16 -15 28 -11 20 -1 -21 25 24 -24 26 -7 -28 -2 -30
right_child=1 -3 -4 -5 -6 8 7 -9 -10 18 -12 12 -14 15 -16 -17 -18 -19 -20 21 -22 -23 23 -25 -26 -27 27 -29 29 -31
leaf_value=-0.27711929540808605 -0.20969390946885813 0.82428034480335644 -1.2833382421877326 -0.19800597053706559 0.28209648015415095 0.61597880582957376 -1.0455451091682471 -0.09486448295475737 0.23426524765325848 0.21175166414607141 0.95678831217496585 0.40525679041377521 -0.6118516365381873 0.10044055871515532 1.3457114207868777 0.53144372294728581 -1.1420499432832003 0.82564297239495144 -1.0808822490020908 -0.35453881960903144 1.1123035905882717 -0.066295577980295603 0.10670565929441225 -2.2165430784225464 -0.36461326165531344 -0.12553159055108246 -0.61776808375549142 0.096984232813505267 -0.022319864065331572 0.94162731483394713
leaf_weight=41 138 103 41 674 877 137 54 699 466 42 89 88 118 677 96 286 48 117 44 668 48 1458 315 40 394 1612 66 725 102 81
leaf_count=41 138 103 41 674 877 137 54 699 466 42 89 88 118 677 96 286 48 117 44 668 48 1458 315 40 394 1612 66 725 102 81
internal_value=3.45654e-10 0.0425419 -0.152517 0.0324581 0.0537046 0.0225731 0.120643 -0.163041 -0.0473945 0.231553 0.26339 0.228146 -0.177359 0.282213 0.507202 0.163376 0.0181791 0.323419 -0.449596 -0.131586 0.472232 -0.156863 -0.0873013 -0.265296 -0.155212 -0.0348138 0.122769 0.0373462 0.140366 0.404345
internal_weight=10344 8088 2256 7985 7311 6434 2679 753 3755 1926 1840 1751 206 1545 534 1011 725 438 86 2215 89 2126 3289 749 709 2540 928 791 321 183
internal_count=10344 8088 2256 7985 7311 6434 2679 753 3755 1926 1840 1751 206 1545 534 1011 725 438 86 2215 89 2126 3289 749 709 2540 928 791 321 183
is_linear=0
shrinkage=0.05


Tree=68
num_leaves=31
num_cat=0
split_feature=22 6 15 13 8 4 11 2 11 18 19 24 9 13 18 7 13 19 11 13 25 0 15 6 5 5 13 2 22 11
split_gain=25146.9 21437.8 20755.3 30129.7 68549.6 18994.2 36264.8 20702.5 16620.8 16276.3 17208.3 17029.2 27206.4 20368.6 17062.1 15047.6 14594.4 18788.8 14788.6 14169.9 13976 13955.6 13693.7 13315.7 18918.2 12566.6 14375.5 12702 11734.2 12841
threshold=-0.84999999999999998 0.69676570133721638 449.57390000000004 77.831074539680671 1.0000000180025095e-35 -0.37940952255126065 413.95685000000009 4.5000000000000009 413.95685000000009 251.83085000000003 509.37290000000007 8.4943452380952404 269.42765000000003 40.736676578639496 199.55675000000005 0.98005052076767474 20.433354708366721 433.39260000000007 387.29630000000003 25.767959521040428 -2.2999999999999998 18.500000000000004 417.45550000000009 0.96904697354198299 -0.9159756150367534 0.78656609248549303 57.692165975949358 3.5000000000000004 0.8500000000000002 366.53165000000007
decision_type=2 2 2 2 2 2 2 2 2 2 2 2 2 2 2 2 2 2 2 2 2 2 2 2 2 2 2 2 2 2
left_child=25 2 3 5 -5 7 -7 9 23 11 -11 12 -2 21 -13 28 -16 18 19 -18 -21 -14 -12 -3 -25 -1 27 -27 29 -4
right_child=1 8 15 4 -6 6 -8 -9 -10 10 22 14 13 -15 16 -17 17 -19 -20 20 -22 -23 -24 24 -26 26 -28 -29 -30 -31
leaf_value=0.30151739291542645 -0.31280428080095191 -0.24866289923570914 1.0331437955559739 -2.0223035381308625 0.68778861746191977 -0.05135692493670703 -1.3817507591385108 -0.12246490089146303 0.40672179823741317 -0.96548627394217046 0.50178344265362362 0.48361095613733662 1.9094596340258918 0.31539672006749447 0.68644707424129237 -0.34604272743066156 -0.9988842807710171 0.35977246409309083 -1.0308763038814068 -0.56591548819416837 0.19610386691414394 0.76563380062580111 -0.52613316147967626 0.72294328210920833 -0.086667228372342975 -0.976009725034237 0.36024949704110626 -0.025830191103741532 0.22607587461049358 0.0014368422372743142
leaf_weight=931 54 1805 101 56 40 3428 52 621 128 54 81 351 60 72 81 96 40 207 50 81 234 48 54 82 601 60 100 85 648 43
leaf_count=931 54 1805 101 56 40 3428 52 621 128 54 81 351 60 72 81 96 40 207 50 81 234 48 54 82 601 60 100 85 648 43
internal_value=-2.7067e-10 -0.0279212 0.0203908 -0.0148457 -0.893098 0.000296585 -0.0712364 0.119518 -0.148923 0.221953 -0.211127 0.286 0.671518 0.966814 0.199591 0.245142 0.055736 -0.0277404 -0.225803 -0.112412 0.000156033 1.40109 0.0906168 -0.177509 0.0105334 0.217671 -0.100944 -0.419008 0.316801 0.725065
internal_weight=10344 9168 6552 5664 96 5568 3480 2088 2616 1467 189 1278 234 180 1044 888 693 612 405 355 315 108 135 2488 683 1176 245 145 792 144
internal_count=10344 9168 6552 5664 96 5568 3480 2088 2616 1467 189 1278 234 180 1044 888 693 612 405 355 315 108 135 2488 683 1176 245 145 792 144
is_linear=0
shrinkage=0.05


Tree=69
num_leaves=31
num_cat=0
split_feature=9 13 13 9 18 0 24 2 9 13 13 17 18 10 11 22 0 7 26 6 10 12 22 27 24 18 25 11 17 18
split_gain=23246.5 19347.5 34871.4 21226.5 15849.6 14936.6 35668.7 29897.9 32244.2 28768.2 20477.4 19879.9 25138.5 19738.6 18907.8 16421.6 14736.3 14500 17073.4 14352.9 13560.5 13487.8 13436 13033.9 14406.3 16376.3 18854.2 16823.6 16466 15477.7
threshold=289.46525000000003 78.009786898730354 77.468135043253696 381.54325000000006 265.38960000000003 11.500000000000002 25.32142857142858 4.5000000000000009 219.12100000000004 35.454652856813901 56.698785513550881 43.687147780267118 191.28405000000004 301.53415000000007 395.22870000000006 2.5000000000000004 16.500000000000004 -0.79382744783423187 7.5270833333333345 0.93544191479114935 299.96930000000003 288.59441250000003 9.1500000000000021 2.9839679074944816 0.43184523809523806 100.93615000000001 4.7500000000000009 425.5102500000001 58.204668571521651 245.96170000000004
decision_type=2 2 2 2 2 2 2 2 2 2 2 2 2 2 2 2 2 2 2 2 2 2 2 2 2 2 2 2 2 2
left_child=4 2 3 23 5 6 14 8 -7 -9 11 15 19 -12 -1 -10 -11 -17 -19 -13 21 -14 -20 24 -2 26 -26 28 -27 -30
right_child=1 -3 -4 -5 -6 7 -8 9 10 16 13 12 20 -15 -16 17 -18 18 22 -21 -22 -23 -24 -25 25 27 -28 -29 29 -31
leaf_value=-0.13847307443268478 -0.16722987957327562 0.50498067884395526 -1.2953248140712581 0.42949006325047878 0.64981036159313388 1.3905545622110367 -1.5383088960622748 -0.14131522809637817 1.1983339957892896 -1.7246875047269796 0.24194869066393654 0.37725351435550747 -1.276081696930139 -1.1389086587669757 -1.1742857875261041 1.0795940342669688 -0.54001238291698794 -0.052848145246800399 1.0580447137355804 -0.41544623085194171 -0.12329580018006137 -0.24164608636999441 0.26653828143363911 -0.083659654809556894 0.45344733175635671 0.065109548537016795 -0.31426440160921826 0.53514754730934477 -0.16119872874435071 -1.290926478661242
leaf_weight=2103 485 240 48 360 72 48 48 552 48 45 43 276 69 65 45 48 63 354 72 72 173 58 210 1651 571 2104 93 177 109 42
leaf_count=2103 485 240 48 360 72 48 48 552 48 45 43 276 69 65 45 48 63 354 72 72 173 58 210 1651 571 2104 93 177 109 42
internal_value=9.6435e-10 0.0653098 0.0466004 0.058119 -0.0860263 -0.0980892 -0.190296 -0.00588217 0.115052 -0.28733 0.0739072 0.125796 -0.0759035 -0.589123 -0.160173 0.30435 -1.03363 0.241615 0.178371 0.213247 -0.411318 -0.803662 0.468625 0.032566 0.0861512 0.125844 0.345921 0.0657574 0.0289139 -0.475428
internal_weight=10344 5880 5640 5592 4464 4392 2196 2196 1536 660 1488 1380 648 108 2148 732 108 684 636 348 300 127 282 5232 3581 3096 664 2432 2255 151
internal_count=10344 5880 5640 5592 4464 4392 2196 2196 1536 660 1488 1380 648 108 2148 732 108 684 636 348 300 127 282 5232 3581 3096 664 2432 2255 151
is_linear=0
shrinkage=0.05


Tree=70
num_leaves=31
num_cat=0
split_feature=22 6 6 0 27 2 5 13 0 11 12 9 13 9 22 13 9 24 5 15 15 15 11 6 18 9 16 0 16 23
split_gain=22499.8 19875.2 19276.9 26690.2 17892.4 22338.2 21455.3 24167.7 20240.1 20343.6 16260.2 16193.9 17593.2 32798 14252.4 13668.7 12684.5 11520.6 11505.5 11616.4 19103.2 14560.5 14021.5 13578.1 11472 26756.6 12980.8 11643.9 11395 11378.1
threshold=-0.84999999999999998 -0.074117382312902977 -0.01397611846945947 11.500000000000002 1.0253865595360862e-15 4.5000000000000009 0.60355339059327384 32.856519801495679 3.5000000000000004 413.95685000000009 344.92640625000007 399.25805000000008 50.675967558882917 289.46525000000003 3.0500000000000003 23.369930698557631 294.14345000000009 4.9699404761904775 0.60355339059327384 490.3227500000001 544.02030000000013 533.63000000000011 401.93200000000007 0.42958674266195179 180.84240000000003 264.72205000000002 290.55932232142862 14.500000000000002 297.0943235119048 15.093750000000005
decision_type=2 2 2 2 2 2 2 2 2 2 2 2 2 2 2 2 2 2 2 2 2 2 2 2 2 2 2 2 2 2
left_child=18 11 3 -3 5 6 7 16 10 15 -6 12 -2 -14 -9 17 -4 -10 19 -1 21 23 -22 -21 25 -16 -26 -28 -29 -27
right_child=1 2 4 -5 8 -7 -8 14 9 -11 -12 -13 13 -15 24 -17 -18 -19 -20 20 22 -23 -24 -25 26 29 27 28 -30 -31
leaf_value=0.46795445279523479 0.020541046113227057 0.01904374220305019 0.41521042998531582 -1.3423830923934779 0.00822890576898112 -0.22602322126802959 -0.13861380626532718 0.43581428090875279 0.49423960169347431 -1.2500292392224075 1.0285781738303956 -0.85575048203269644 -0.95814450886100533 0.39818465403525183 -1.5139032390713691 -0.29592505414469944 1.1675567901401378 -0.134232931620762 -0.037825625584224573 0.51169608905911446 0.1686317461423385 -0.97856209804030037 1.1489367427761263 -0.48749929644605694 0.38663495174869544 -0.34779945470631946 -0.62979032749153052 -0.52162924690379042 0.34649525142260018 0.57609244833389928
leaf_weight=476 3288 72 342 72 555 696 612 207 104 50 42 48 48 624 40 1426 67 244 343 68 117 51 53 68 211 109 83 54 126 48
leaf_count=476 3288 72 342 72 555 696 612 207 104 50 42 48 48 624 40 1426 67 244 343 68 117 51 53 68 211 109 83 54 126 48
internal_value=1.6004e-10 -0.0264108 -0.0912933 -0.66167 -0.0749189 0.0162936 0.105105 0.220999 -0.172687 -0.255396 0.0800123 0.0571206 0.0681857 0.301304 0.0731179 -0.227362 0.538455 0.0535864 0.205897 0.306253 0.0906506 -0.258082 0.474256 0.0120984 -0.038772 -0.359461 0.0945101 -0.139856 0.0860579 -0.0653357
internal_weight=10344 9168 5160 144 5016 2595 1899 1287 2421 1824 597 4008 3960 672 878 1774 409 348 1176 833 357 187 170 136 671 197 474 263 180 157
internal_count=10344 9168 5160 144 5016 2595 1899 1287 2421 1824 597 4008 3960 672 878 1774 409 348 1176 833 357 187 170 136 671 197 474 263 180 157
is_linear=0
shrinkage=0.05


Tree=71
num_leaves=31
num_cat=0
split_feature=9 11 23 0 13 27 2 18 7 23 23 13 9 6 16 16 9 6 11 25 13 16 16 27 25 11 0 10 27 12
split_gain=20725.2 21234.6 18768.9 13571.7 17023.2 16415.5 28041.9 29901.3 19449.3 31628.4 17962.1 20288.1 20531.3 15856.6 16122.2 20163.3 15271.1 27067.7 14355.1 13944.8 13740 13018.8 23063.6 12641.7 12340.1 12226.7 11880.6 14000.9 11839.9 17110.4
threshold=265.94725000000005 492.81720000000001 24.650000000000002 21.500000000000004 57.692165975949358 -1.0000000180025095e-35 4.5000000000000009 246.61495000000002 0.689015599449598 -0.80624999999999969 -0.55833333333333324 35.020446363916058 293.24230000000006 0.42958674266195179 380.32200238095248 326.73359107142863 394.1769000000001 0.1849296026015865 320.13185000000004 -9.1999999999999975 44.206261712450264 319.339036904762 316.93093154761908 -4.190711705284988 -0.50000000000000011 434.02505000000002 19.500000000000004 384.97810000000004 -19.929017860515128 306.98497083333342
decision_type=2 2 2 2 2 2 2 2 2 2 2 2 2 2 2 2 2 2 2 2 2 2 2 2 2 2 2 2 2 2
left_child=2 3 -1 4 5 6 7 8 18 -10 -8 -12 -13 14 15 -9 25 -18 -2 -6 -11 22 28 -15 -23 -7 -21 -28 -20 -30
right_child=1 -3 -4 -5 19 16 10 13 9 20 11 12 -14 23 -16 -17 17 -19 21 26 -22 24 -24 -25 -26 -27 27 -29 29 -31
leaf_value=-0.11274274336250055 0.53160515616409187 0.75070839767678854 -1.1121421756843726 -0.18651082634826355 1.0983329148412766 -0.060535888670540099 0.36557543496342587 0.56264895474394927 -0.39554618504845496 1.126746802388326 -0.025234564470286054 -1.3834141004298415 -0.34115057907722618 -0.17482847401960977 0.64142264452479458 -0.61317928649607256 1.4791704302484341 -0.22121928435564042 0.52442566342896935 0.24328860999408583 0.36417701589157697 -0.034424388960056083 -1.1185643423010003 -1.3875784428959543 0.64151973472755464 -0.89932936814359654 0.18685381813295956 -0.99593791022833278 0.12921050715242854 -0.6139024638369972
leaf_weight=2208 277 103 48 674 44 3443 144 52 59 184 387 63 189 42 69 122 44 50 114 993 87 107 44 44 183 44 58 44 322 102
leaf_count=2208 277 103 48 674 44 3443 144 52 59 184 387 63 189 42 69 122 44 50 114 993 87 107 44 44 183 44 58 44 322 102
internal_value=5.18879e-10 0.0373787 -0.134007 0.0281773 0.0479694 0.0151937 0.111057 0.219305 0.315208 0.653538 -0.138896 -0.25258 -0.601716 -0.211818 -0.00531673 -0.261782 -0.0541673 0.574708 0.218037 0.225574 0.881937 0.118429 -0.017946 -0.795305 0.39212 -0.07112 0.190504 -0.32337 0.0720674 -0.0495572
internal_weight=10344 8088 2256 7985 7311 6172 2591 1808 1479 330 783 639 252 329 243 174 3581 94 1149 1139 271 872 582 86 290 3487 1095 102 538 424
internal_count=10344 8088 2256 7985 7311 6172 2591 1808 1479 330 783 639 252 329 243 174 3581 94 1149 1139 271 872 582 86 290 3487 1095 102 538 424
is_linear=0
shrinkage=0.05


Tree=72
num_leaves=31
num_cat=0
split_feature=22 6 6 0 9 27 9 14 0 27 2 0 23 23 5 13 23 12 23 12 18 22 13 14 6 22 2 24 13 12
split_gain=19572 17845.4 16911.1 23732.9 15272.9 16815.9 35066.1 30863.8 17687.8 15240.3 18301.6 18254.4 18493.3 74061.2 17965 22258.4 15163.7 14771.8 13531.6 14677 12691 20456.3 17849 15728.5 11834.4 11800.1 11687.2 13996.8 12010.1 10430.7
threshold=-0.84999999999999998 -0.074117382312902977 -0.01397611846945947 11.500000000000002 399.25805000000008 11.853440746711057 264.72205000000002 227.24735000000001 10.500000000000002 1.0253865595360862e-15 4.5000000000000009 3.5000000000000004 1.2583333333333335 0.4479166666666668 0.60355339059327384 32.856519801495679 2.4312500000000004 344.92640625000007 21.947916666666671 290.74991875000006 246.89835000000002 3.6000000000000001 45.562472822351353 189.85245000000003 0.9916835347852474 23.050000000000004 5.5000000000000009 12.037202380952385 55.287298494650607 308.37836875000005
decision_type=2 2 2 2 2 2 2 2 2 2 2 2 2 2 2 2 2 2 2 2 2 2 2 2 2 2 2 2 2 2
left_child=-1 4 3 -3 5 7 -7 8 -2 10 14 17 13 -13 15 24 -14 -11 -10 -20 21 22 -17 -23 -4 -8 28 -28 -18 -27
right_child=1 2 9 -5 -6 6 25 -9 18 11 -12 12 16 -15 -16 20 26 -19 19 -21 -22 23 -24 -25 -26 29 27 -29 -30 -31
leaf_value=0.19203331853171215 -0.13622690248996655 0.021553404380877814 0.59548632868080931 -1.2622380704515512 -0.8320116197069487 -1.580545345763676 -0.23527320294758713 0.076624445992725471 0.31169202482471103 0.010557131908817199 -0.20592763574858167 -0.16622451467078125 0.4219919766299427 -2.6178688604384663 -0.12922244177997308 1.1661602860109674 -0.33326079093939709 0.98308523772727874 1.8935145494169914 0.70555472572405753 -0.62579742670650518 -0.72523091217956026 0.21047868959017491 0.054143696964125743 -0.29053967282885601 0.73834264082094991 0.54481070711471069 -0.31266112748119568 0.11370183383656103 0.026035726788757527
leaf_weight=1176 47 72 367 72 48 40 435 2940 52 555 696 134 96 40 612 72 1191 42 52 52 63 74 152 517 42 63 101 90 172 279
leaf_count=1176 47 72 367 72 48 40 435 2940 52 555 696 134 96 40 612 72 1191 42 52 52 63 74 152 517 42 63 101 90 172 279
internal_value=6.88349e-10 -0.0246325 -0.0861127 -0.620342 0.0545185 0.0652643 -0.136825 0.117796 0.714074 -0.0707759 0.0134055 -0.161008 -0.239555 -0.729821 0.093793 0.199842 -0.187854 0.0789762 0.970254 1.29953 0.0579229 0.110775 0.517662 -0.043443 0.504501 -0.0625023 -0.225528 0.140766 -0.276858 0.15725
internal_weight=10344 9168 5160 144 4008 3960 817 3143 203 5016 2595 2421 1824 174 1899 1287 1650 597 156 104 878 815 224 591 409 777 1554 191 1363 342
internal_count=10344 9168 5160 144 4008 3960 817 3143 203 5016 2595 2421 1824 174 1899 1287 1650 597 156 104 878 815 224 591 409 777 1554 191 1363 342
is_linear=0
shrinkage=0.05


Tree=73
num_leaves=31
num_cat=0
split_feature=6 26 27 26 9 23 9 0 11 9 23 16 14 4 7 4 7 18 17 26 19 7 22 13 16 15 0 7 22 11
split_gain=18424.3 20539 16619.5 27287.9 16872.9 18140.5 16536 83346.4 14429.3 12103.3 16188.7 41820.3 15695.6 12183.3 11371.4 15658.7 11148.4 12187.5 15749 12583.8 11890.7 10955 10062.9 12216.6 16608.4 14097.3 10449.9 9809.01 15776.2 11792.4
threshold=0.69676570133721638 -5.3145833333333323 11.853440746711057 27.456250000000001 392.40175000000005 28.395833333333339 424.42965000000004 11.500000000000002 413.95685000000009 317.53975000000008 1.1187500000000001 352.37705982142865 227.48935000000003 1.0000000180025095e-35 -0.6523320455745395 -0.5 -0.95242240592625282 252.16550000000004 68.387341556717757 -1.0000000180025095e-35 481.01845000000009 0.95936279103287792 24.700000000000003 22.345356179534388 373.3179791666667 304.17890000000006 17.500000000000004 0.92519182738459482 9.1500000000000021 383.99520000000007
decision_type=2 2 2 2 2 2 2 2 2 2 2 2 2 2 2 2 2 2 2 2 2 2 2 2 2 2 2 2 2 2
left_child=1 -1 3 6 5 -4 9 -8 14 10 11 -3 13 -11 15 -2 -14 18 19 -18 -19 -20 23 24 27 -25 -24 28 29 -12
right_child=8 2 4 -5 -6 -7 7 -9 -10 12 22 -13 16 -15 -16 -17 17 20 21 -21 -22 -23 26 25 -26 -27 -28 -29 -30 -31
leaf_value=1.1716394935548304 -1.4174310213327408 -1.7119406383329381 -0.13290798903282464 1.0499584890476295 0.81380887677272173 -1.1571864540047117 0.93540916019895437 -2.2145424088551886 0.35474888868629934 0.7756835987392281 0.31033737573315179 -0.007772098564439351 -0.3872223855200268 -0.0017036947111288708 -0.11195572373128415 -0.20581813706085086 1.1040320038795473 -0.67275711920331505 0.37735803018916741 0.28893815592970229 0.033162701458175792 -0.24774733111883204 0.03313692549920895 -0.8687691153920426 1.0898792100449404 -0.012911664855206921 1.1357524380974826 -0.56043123106161763 -0.015883532902552632 1.1358692512427475
leaf_weight=40 40 48 1097 70 45 45 42 42 160 168 285 144 105 72 2624 80 50 68 99 894 486 240 44 49 48 2662 42 48 456 51
leaf_count=40 40 48 1097 70 45 45 42 42 160 168 285 144 105 72 2624 80 50 68 99 894 486 240 44 49 48 2662 42 48 456 51
internal_value=-4.14904e-11 0.0416901 0.0355823 0.0683343 -0.135848 -0.173269 0.0571486 -0.639567 -0.106809 0.0668077 0.0137923 -0.433814 0.161006 0.542467 -0.133722 -0.609689 0.113863 0.142505 0.227133 0.33211 -0.0534845 -0.0651944 0.037114 0.0243416 0.1853 -0.0283809 0.571624 0.133609 0.175672 0.435641
internal_weight=10344 7440 7400 6213 1187 1142 6143 84 2904 6059 3877 192 2182 240 2744 120 1942 1837 1283 944 554 339 3685 3599 888 2711 86 840 792 336
internal_count=10344 7440 7400 6213 1187 1142 6143 84 2904 6059 3877 192 2182 240 2744 120 1942 1837 1283 944 554 339 3685 3599 888 2711 86 840 792 336
is_linear=0
shrinkage=0.05


Tree=74
num_leaves=31
num_cat=0
split_feature=22 5 22 0 9 0 9 6 23 18 2 9 6 9 18 2 0 15 15 25 15 11 24 9 26 23 25 25 12 9
split_gain=17710.4 33810.4 20027 17255.4 15311.3 18190.9 24040.6 19248.1 33966.6 15425.6 14969.9 14068.1 15974.2 13816 13219.3 12597.5 12200.3 12062.5 11956.5 12896.6 13600.6 11329.7 10245.3 9801.41 11853.3 9546.46 9500.05 9016.31 20061.8 11646
threshold=6.9500000000000011 -0.70710678118654757 20.300000000000004 13.500000000000002 399.25805000000008 17.500000000000004 262.59275000000008 -0.94139628442229062 22.872916666666672 193.32670000000005 4.5000000000000009 358.24820000000005 -0.159513159777915 347.47680000000008 249.40730000000002 1.5000000000000002 19.500000000000004 445.30535000000003 399.1692000000001 3.0500000000000003 477.75385000000006 445.16465000000005 5.3636904761904765 316.51950000000005 -0.64166666666666661 28.035416666666674 -8.5999999999999979 -0.50000000000000011 369.53723541666676 353.26630000000006
decision_type=2 2 2 2 2 2 2 2 2 2 2 2 2 2 2 2 2 2 2 2 2 2 2 2 2 2 2 2 2 2
left_child=1 3 13 18 5 6 -4 -7 -9 -10 11 12 -5 26 15 -8 21 -14 -1 22 -21 -3 23 -20 -25 -17 -2 28 -18 -30
right_child=2 16 4 10 -6 7 14 8 9 -11 -12 -13 17 -15 -16 25 27 -19 19 20 -22 -23 -24 24 -26 -27 -28 -29 29 -31
leaf_value=0.41736865898434961 -0.80604655183851726 0.025528763398585633 -1.025551857550939 1.5551131772994997 -0.80594847500324251 -0.66015169244436989 0.33992991394230299 1.8126969246637252 0.8950351894232963 0.15200642205577775 0.12200839415416811 1.6866363140940668 0.70282152894947492 -0.95998555049300194 -0.43908978088625839 -0.075103181118709797 -0.21429950774002535 -0.26719486198642034 -0.39023147543484815 -1.2081188748404383 -0.00096879426522978717 0.52569955943637536 0.66351116360410267 -0.26746886381214219 0.70244704062740015 0.36908848531311378 -0.098480271014577347 -0.39167460078667654 1.2737021458148956 0.09490012093023821
leaf_weight=304 48 2331 54 40 48 42 378 42 90 312 108 40 118 48 126 756 312 44 96 40 56 119 76 56 72 144 4056 304 40 44
leaf_count=304 48 2331 54 40 48 42 378 42 90 312 108 40 118 48 126 756 312 44 96 40 56 119 76 56 72 144 4056 304 40 44
internal_value=-8.37605e-10 0.07913 -0.0540927 0.324845 0.0762348 0.0980171 0.00971134 0.362934 0.459713 0.318356 0.611495 0.829944 0.660301 -0.11662 0.0495292 0.0977029 -0.00277493 0.43936 0.181519 0.00046351 -0.503948 0.0498228 0.161875 -0.00832273 0.278109 -0.00403251 -0.106756 -0.186867 -0.0296408 0.656234
internal_weight=10344 4200 6144 1050 1992 1944 1458 486 444 402 350 242 202 4152 1404 1278 3150 162 700 396 96 2450 300 224 128 900 4104 700 396 84
internal_count=10344 4200 6144 1050 1992 1944 1458 486 444 402 350 242 202 4152 1404 1278 3150 162 700 396 96 2450 300 224 128 900 4104 700 396 84
is_linear=0
shrinkage=0.05


Tree=75
num_leaves=31
num_cat=0
split_feature=10 9 22 7 0 10 8 27 13 9 24 9 14 23 2 0 25 6 24 27 22 5 18 6 26 6 23 0 2 0
split_gain=16559.4 16782 19520 16600.1 20363.8 21964.1 20924 43912.7 16268.4 16057.9 20659.6 14152.2 16565.2 20336.3 14987 13679.8 15004.1 13548.2 14591.2 12453.8 12818 12377.4 12870.3 11121.6 14806.9 10837.7 12114.7 11097.4 19809.2 20323.7
threshold=1.0000000180025095e-35 317.53975000000008 26.400000000000002 -0.19337245081799007 18.500000000000004 329.93980000000005 1.0000000180025095e-35 -9.0261908924299572 41.729098275052507 313.14480000000009 5.3636904761904765 292.73095000000006 276.72510000000005 1.2583333333333335 1.0000000180025095e-35 22.500000000000004 1.6500000000000006 -0.63921128368950708 23.188690476190477 -1.3818301755071654 0.8500000000000002 0.37940952255126048 265.38960000000003 0.69676570133721638 -5.3145833333333323 0.48314048284850658 -2.302083333333333 4.5000000000000009 1.0000000180025095e-35 10.500000000000002
decision_type=2 2 2 2 2 2 2 2 2 2 2 2 2 2 2 2 2 2 2 2 2 2 2 2 2 2 2 2 2 2
left_child=-1 2 3 4 5 17 7 -7 -8 11 -11 12 21 -14 -13 23 -17 -2 -19 20 -16 22 -5 24 -3 27 -27 -26 29 -29
right_child=1 15 -4 9 -6 6 8 -9 -10 10 -12 14 13 -15 19 16 -18 18 -20 -21 -22 -23 -24 -25 25 26 -28 28 -30 -31
leaf_value=0.88153449184489707 -0.54596617444659834 1.0978218092769385 0.77274934450785326 0.041192487604420146 0.12257105998280976 -0.38451631003847492 -0.95098002051765274 -2.4441312776055448 0.306129590037369 -0.96868145531043415 0.015402036327868702 0.75404010349884631 -1.4131899357928583 -0.084541473845860721 1.1417883587438007 -0.029876553769721544 -1.1737710330375406 -0.20927189971407512 0.16559805923133297 -0.0040036401620859073 0.23374079812345752 -0.14764989441578547 0.89708434601624809 -0.21912410088693318 0.29486400215639486 -0.084015514895967813 0.59487032181218913 -0.24633111918965978 -0.011595760717501163 1.0575024979837824
leaf_weight=53 216 40 72 1835 495 65 44 43 62 96 120 96 48 72 43 86 43 1108 339 864 404 1131 45 230 524 92 230 45 1714 89
leaf_count=53 216 40 72 1835 495 65 44 43 62 96 120 96 48 72 43 86 43 1108 339 864 404 1131 45 230 524 92 230 45 1714 89
internal_value=-1.24294e-10 -0.00454002 -0.046395 -0.0546715 -0.162709 -0.237943 -0.71474 -1.20455 -0.215689 -0.000766389 -0.421968 0.019282 -0.039909 -0.616001 0.151 0.0928645 -0.411175 -0.176587 -0.121448 0.106841 0.321092 -0.0169495 0.0616793 0.114801 0.142893 0.128715 0.400903 0.0917649 0.0341762 0.619648
internal_weight=10344 10291 7198 7126 2372 1877 214 108 106 4754 216 4538 3131 120 1407 3093 129 1663 1447 1311 447 3011 1880 2964 2734 2694 322 2372 1848 134
internal_count=10344 10291 7198 7126 2372 1877 214 108 106 4754 216 4538 3131 120 1407 3093 129 1663 1447 1311 447 3011 1880 2964 2734 2694 322 2372 1848 134
is_linear=0
shrinkage=0.05


Tree=76
num_leaves=31
num_cat=0
split_feature=6 26 27 26 9 23 9 0 11 4 2 23 24 11 15 14 18 27 13 11 10 7 4 13 24 5 18 14 25 12
split_gain=15140.9 16252.2 13981.1 24008.1 15414.5 16196.5 14603.8 74368.8 12147.6 10417.4 31792.6 27569 24830.4 15705.5 15704.5 21668.9 14629.1 15970.8 13403.9 13006 11368 10036.7 14408.1 9682.93 14733.5 16288.6 9923.01 17380.4 9127.08 8403.91
threshold=0.69676570133721638 -5.3145833333333323 11.853440746711057 27.456250000000001 392.40175000000005 28.395833333333339 424.42965000000004 11.500000000000002 402.81115000000005 -0.37940952255126065 4.5000000000000009 2.4312500000000004 -0.43065476190476176 434.02505000000002 533.63000000000011 297.84350000000006 199.55675000000005 -15.064764184787039 14.652568026701173 337.53880000000009 316.48810000000009 -0.6523320455745395 -0.5 27.132844618471914 12.037202380952385 0.1294095225512602 221.97985000000003 227.97625000000002 -1.599999999999999 251.19092708333332
decision_type=2 2 2 2 2 2 2 2 2 2 2 2 2 2 2 2 2 2 2 2 2 2 2 2 2 2 2 2 2 2
left_child=1 -1 3 6 5 29 9 -8 21 10 11 12 -3 -11 15 -14 17 20 -18 -12 -13 22 -2 24 25 -23 -25 -28 -19 -4
right_child=8 2 4 -5 -6 -7 7 -9 -10 13 19 16 14 -15 -16 -17 18 28 -20 -21 -22 23 -24 26 -26 -27 27 -29 -30 -31
leaf_value=1.0429307232797147 -1.345890270061791 -0.059970118321570356 0.57109463122628978 0.98314468332699367 0.7828122954898411 -1.0903463259256549 0.88489576508956302 -2.0905752269285069 0.28751136638845004 0.018192250247079964 -0.055325354813017348 1.3264401173426046 0.76506207494686052 -0.72831841417484822 0.33627456698347546 1.9979807904495275 0.7146079205804402 -0.24023276914197667 0.0080713202901543206 -0.67289474922971637 0.49656456691452439 0.38795704659765251 -0.18366973008960485 -0.093451795635135185 -0.46157798646878795 -0.12191145465861895 -1.2584816277027131 -0.25853355603377803 0.33483846254101612 -0.15011760427170739
leaf_weight=40 40 81 42 70 45 45 42 42 192 3286 704 54 90 72 68 59 72 104 992 97 175 329 80 1338 119 299 48 459 205 1055
leaf_count=40 40 81 42 70 45 45 42 42 192 3286 704 54 90 72 68 59 72 104 992 97 175 329 80 1338 119 299 48 459 205 1055
internal_value=-1.93886e-10 0.0377931 0.03236 0.0623999 -0.124875 -0.160642 0.051908 -0.60284 -0.0968254 0.0609852 0.134087 0.245468 0.687066 0.00218607 0.965913 1.25326 0.163323 0.375807 0.0558821 -0.130112 0.692256 -0.124035 -0.571077 -0.103339 0.0485389 0.145201 -0.164831 -0.353203 0.141287 -0.122505
internal_weight=10344 7440 7400 6213 1187 1142 6143 84 2904 6059 2701 1900 298 3358 217 149 1602 538 1064 801 229 2712 120 2592 747 628 1845 507 309 1097
internal_count=10344 7440 7400 6213 1187 1142 6143 84 2904 6059 2701 1900 298 3358 217 149 1602 538 1064 801 229 2712 120 2592 747 628 1845 507 309 1097
is_linear=0
shrinkage=0.05


Tree=77
num_leaves=31
num_cat=0
split_feature=10 9 23 11 18 16 0 9 9 11 17 10 2 22 26 5 2 6 6 11 16 24 17 11 25 27 26 22 27 18
split_gain=14683.9 15329.3 25322.1 14727.4 11132.9 12629.2 10888.1 11688.8 10524.9 10733.3 10325.5 19115.6 10704.7 9822.51 23378.7 22604.6 23054.2 27796 12743.7 20196.7 13399.7 41113.2 19336.6 13821 12711.6 12500.9 11632.6 11400.1 10289.5 9879.02
threshold=1.0000000180025095e-35 265.94725000000005 24.650000000000002 492.81720000000001 100.93615000000001 298.0989788690477 21.500000000000004 362.4504500000001 353.26630000000006 317.95190000000008 53.82069659454929 301.53415000000007 3.5000000000000004 8.6000000000000032 7.0166666666666684 -0.12940952255126037 4.5000000000000009 0.54219432480460406 -0.2102246306142678 401.93200000000007 334.65697916666676 2.5559523809523816 51.874815420669186 312.68930000000006 -5.2499999999999982 3.4221376195497153 4.7187500000000009 15.300000000000002 14.957337693521756 240.38165000000001
decision_type=2 2 2 2 2 2 2 2 2 2 2 2 2 2 2 2 2 2 2 2 2 2 2 2 2 2 2 2 2 2
left_child=-1 2 4 6 10 -6 7 13 -8 -10 11 12 -2 14 18 16 24 -18 19 -3 23 22 -22 26 -15 -16 -20 -17 -29 -26
right_child=1 3 -4 -5 5 -7 8 -9 9 -11 -12 -13 -14 15 25 27 17 -19 20 -21 21 -23 -24 -25 29 -27 -28 28 -30 -31
leaf_value=0.83011202282219565 -0.030305978485159368 0.14503760927964451 -1.335888396913097 0.62496987518799663 0.038543312637678656 -0.37441380985934908 -0.089457197248520345 0.20954193970816479 -0.010873213708400727 -1.0682537436609467 -0.047692047750517247 -1.2984381297670984 -0.6029476359188557 -0.64985390101051477 0.7903503350470038 -0.10194861293250429 -0.35763917439785842 -1.6891368390484289 -0.017280957356170794 1.1099493594964345 -0.84962421341301642 -1.4308219080088569 0.0091603515580488005 0.25765578509781956 0.020649840323655945 0.017536384082938495 -0.87306194599895248 0.28150440559788481 -0.035902506624794724 -0.45575226927714896
leaf_weight=53 179 564 42 102 1296 216 574 875 40 60 310 55 150 88 168 549 359 44 728 60 73 61 642 590 1081 76 42 762 384 121
leaf_count=53 179 564 42 102 1296 216 574 875 40 60 310 55 150 88 168 549 359 44 728 60 73 61 642 590 1081 76 42 762 384 121
internal_value=9.07252e-10 -0.00427518 -0.119704 0.0279868 -0.0965489 -0.0204506 0.0203188 0.0381491 -0.171927 -0.645302 -0.262342 -0.435628 -0.291389 0.0146872 0.0805113 -0.0436763 -0.172903 -0.503014 0.0390377 0.237818 -0.0190328 -0.184822 -0.0785198 0.0755645 -0.0697757 0.549638 -0.0639599 0.0853982 0.175148 -0.0273074
internal_weight=10344 10291 2248 8043 2206 1512 7941 7267 674 100 694 384 329 6392 3004 3388 1693 403 2760 624 2136 776 715 1360 1290 244 770 1695 1146 1202
internal_count=10344 10291 2248 8043 2206 1512 7941 7267 674 100 694 384 329 6392 3004 3388 1693 403 2760 624 2136 776 715 1360 1290 244 770 1695 1146 1202
is_linear=0
shrinkage=0.05


Tree=78
num_leaves=31
num_cat=0
split_feature=22 9 13 11 19 10 0 9 23 9 23 9 7 5 7 24 24 11 16 0 9 27 25 25 0 6 11 12 15 23
split_gain=13689.3 12646.5 18033.4 13319.1 11031.7 9841.09 9743.56 11475.3 8699.56 14964.5 11499 13829.1 10416.9 33260.9 41170.9 16902.4 32425.1 17192.2 12182.2 12914.7 21327 10644 9838.57 9461.29 15299.9 10595.9 11353.4 8956.56 8800.64 18924.3
threshold=-4.1499999999999995 265.94725000000005 56.698785513550881 492.81720000000001 425.95925000000005 224.26325000000003 22.500000000000004 350.15420000000012 27.672916666666669 336.70525000000004 27.602083333333333 362.4504500000001 -0.21862536810265826 -0.12940952255126037 -0.26867065956352881 3.8538690476190487 3.6964285714285716 413.95685000000009 341.13855089285721 18.500000000000004 324.14050000000003 13.959971378829605 -2.1999999999999997 4.4500000000000011 10.500000000000002 0.42958674266195179 316.36660000000006 346.70544375000003 384.79425000000009 12.989583333333334
decision_type=2 2 2 2 2 2 2 2 2 2 2 2 2 2 2 2 2 2 2 2 2 2 2 2 2 2 2 2 2 2
left_child=-1 2 4 6 5 -2 8 -8 10 -10 11 12 13 14 -3 16 -14 18 19 23 -21 22 -15 24 -17 -25 -27 -13 29 -26
right_child=1 3 -4 -5 -6 -7 7 -9 9 -11 -12 27 15 21 -16 17 -18 -19 -20 20 -22 -23 -24 25 28 26 -28 -29 -30 -31
leaf_value=0.26784779952042237 -0.34391889097305334 -0.23574383433536089 -0.89551296400734126 0.62976152906617666 -0.27333160825663561 0.027793816342551222 -0.14582984896116361 -1.0513855204731226 0.81596491793170578 0.061444971600304481 -0.77674680760373249 0.66055395297173947 -0.064281988438339002 -0.18498407724537771 -1.8003707292405045 0.050464169674063357 -1.4928895635575783 0.69275043574472273 0.9073959483341737 -0.054802489024739824 -1.1627061098814011 -0.14435503960099799 0.28321214627895142 0.17559599533802672 0.70717805061000782 -0.11671239576629691 -0.93699124081660123 0.15563919091510248 0.10825726888212028 0.068338824493840419
leaf_weight=456 205 946 72 88 600 1355 279 40 92 230 46 112 1271 137 44 1166 41 120 44 457 48 323 620 178 305 148 59 407 268 187
leaf_count=456 205 946 72 88 600 1355 279 40 92 230 46 112 1271 137 44 1166 41 120 44 457 48 323 620 178 305 148 59 407 268 187
internal_value=-7.25183e-10 -0.0123522 -0.117078 0.0181792 -0.0911304 -0.021053 0.0110678 -0.259379 0.0229691 0.277022 0.0111595 0.0164267 -0.00381876 -0.0959459 -0.305283 0.0406135 -0.108926 0.106451 0.081851 0.0689518 -0.160108 0.0959463 0.198479 0.119006 0.164238 -0.107272 -0.350512 0.2646 0.338792 0.464367
internal_weight=10344 9888 2232 7656 2160 1560 7568 319 7249 322 6927 6881 6362 2070 990 4292 1312 2980 2860 2816 505 1080 757 2311 1926 385 207 519 760 492
internal_count=10344 9888 2232 7656 2160 1560 7568 319 7249 322 6927 6881 6362 2070 990 4292 1312 2980 2860 2816 505 1080 757 2311 1926 385 207 519 760 492
is_linear=0
shrinkage=0.05


Tree=79
num_leaves=31
num_cat=0
split_feature=10 10 13 11 13 13 9 11 6 6 13 27 23 9 15 17 14 2 11 6 5 15 25 25 26 23 11 6 18 18
split_gain=13171.3 13374.8 12822.1 11792.8 11101.4 28381.4 16768.4 10618.5 10105.4 19753.1 15556.6 12771 14242.2 26161.8 14160.9 12229.8 17853.1 20506.9 17113.2 15762.4 11938.3 11933.4 14247.6 11933.4 11925.4 21574.2 14750.3 13386 12353.5 13096.5
threshold=1.0000000180025095e-35 227.86515000000003 134.0837409048402 306.42370000000005 78.009786898730354 77.468135043253696 381.54325000000006 335.80960000000005 0.65233619298682533 0.64579916509010216 27.132844618471914 -1.0000000180025095e-35 1.1187500000000001 312.38320000000004 311.29415000000006 53.550884006029669 196.91545000000002 4.5000000000000009 283.58475000000004 0.92922379131507438 0.37940952255126048 301.54570000000007 -2.7499999999999978 -3.3499999999999988 1.0000000180025095e-35 2.4312500000000004 324.22665000000006 -0.88622299073327826 252.16550000000004 270.09240000000005
decision_type=2 2 2 2 2 2 2 2 2 2 2 2 2 2 2 2 2 2 2 2 2 2 2 2 2 2 2 2 2 2
left_child=-1 3 4 -2 5 6 8 -6 9 11 20 14 13 -13 21 16 -12 23 -19 -20 -10 22 -3 -18 27 -26 -27 -16 -29 -30
right_child=1 2 -4 -5 7 -7 -8 -9 10 -11 15 12 -14 -15 24 -17 17 18 19 -21 -22 -23 -24 -25 25 26 -28 28 29 -31
leaf_value=0.78619566554168496 -0.17935918988999117 0.90117196906696673 -0.82525585332642448 -0.97216776962633489 0.0036807915464169903 -1.2226651161275013 0.344264477649107 0.66372229441823005 0.26477993731697402 1.0623527710852416 -1.2419395817650689 -1.4122250796556475 -0.010897160544053557 -0.16637735417974531 -0.31028820618938546 -0.012216438482031591 0.36545985053414887 -0.30152248233076068 -0.48096998350487818 -1.777077503319906 -0.13978189062140883 0.88163893606203292 -0.034745978289403213 -0.18267987165625685 1.1767710756713694 0.64118888320517731 0.052909208974162548 0.12000418244164233 -0.4991973970065246 0.16489740538020289
leaf_weight=53 357 55 46 54 118 47 359 126 465 46 45 50 3098 268 307 816 115 155 45 49 300 96 156 727 55 128 636 1263 185 124
leaf_count=53 357 55 46 54 118 47 359 126 465 46 45 50 3098 268 307 816 115 155 45 49 300 96 156 727 55 128 636 1263 185 124
internal_value=2.051e-10 -0.00404901 0.00757692 -0.283524 0.0114726 0.00299879 0.00903527 0.344522 -0.00406874 0.0299269 -0.0849851 0.0225306 -0.0436065 -0.362265 0.0977134 -0.159884 -0.265954 -0.225698 -0.624323 -1.1566 0.106128 0.419483 0.209214 -0.107815 0.0610999 0.220323 0.151469 -0.00830092 0.050675 -0.2327
internal_weight=10344 10291 9880 411 9834 9590 9543 244 9184 6467 2717 6421 3416 318 3005 1952 1136 1091 249 94 765 307 211 842 2698 819 764 1879 1572 309
internal_count=10344 10291 9880 411 9834 9590 9543 244 9184 6467 2717 6421 3416 318 3005 1952 1136 1091 249 94 765 307 211 842 2698 819 764 1879 1572 309
is_linear=0
shrinkage=0.05


Tree=80
num_leaves=31
num_cat=0
split_feature=22 5 22 0 9 0 9 6 23 6 9 18 2 24 9 26 13 7 2 17 2 0 0 13 11 7 25 12 14 9
split_gain=12059.7 27010.1 14867.7 13783.4 12974 14360.7 17845.3 16609.7 29956.5 13361.6 12409.6 10310.1 10298.9 10130.9 10343.8 15432.2 12390 13995.4 10920.3 11932.4 10660.7 9420.57 9216.74 8624.54 8407.35 8243.14 15789.7 14125.8 8307 8136.28
threshold=6.9500000000000011 -0.70710678118654757 20.300000000000004 10.500000000000002 399.25805000000008 17.500000000000004 262.59275000000008 -0.94139628442229062 22.872916666666672 -0.62588817255938378 347.47680000000008 249.40730000000002 1.5000000000000002 -3.2389880952380947 315.1565500000001 6.4125000000000014 45.909903295472425 0.95936279103287792 2.5000000000000004 68.387341556717757 2.5000000000000004 13.500000000000002 19.500000000000004 53.351744731122317 445.16465000000005 0.91159213926341531 -0.50000000000000011 370.77659583333337 293.95790000000005 335.94920000000008
decision_type=2 2 2 2 2 2 2 2 2 2 2 2 2 2 2 2 2 2 2 2 2 2 2 2 2 2 2 2 2 2
left_child=1 3 10 -1 5 6 -4 -7 -9 23 -2 12 -8 -5 15 16 17 -15 21 -20 -18 -16 24 -10 -3 28 27 -27 -24 -28
right_child=2 22 4 13 -6 7 11 8 9 -11 -12 -13 -14 14 18 -17 20 -19 19 -21 -22 -23 25 -25 -26 26 29 -29 -30 -31
leaf_value=-0.12016159425462997 -0.089162763379602494 0.01687961875487811 -0.88270179673477456 -0.41139530241489414 -0.74440762773156166 -0.6272993315543447 0.30511138719388303 1.6835980824061805 0.41641518395808008 0.078683906150550625 -0.8977993598828713 -0.38796461970796664 -0.0058902705195877291 0.51758223946605408 0.64490801782036833 0.78220107718087417 -0.68313244704689302 -0.41321500480175022 0.63857284916495838 -0.26563390100002293 0.15010790635557736 1.5492075628911457 -0.20643113167401439 1.2841342395969801 0.44774148343991832 0.019456118382513526 0.14466804049231791 1.078021217015787 -0.82038195028435446 -0.73857163866050546
leaf_weight=175 4104 2331 54 40 48 42 378 42 90 270 48 126 900 210 72 115 70 50 135 50 85 48 396 42 119 80 44 52 64 64
leaf_count=175 4104 2331 54 40 48 42 378 42 90 270 48 126 900 210 72 115 70 50 135 50 85 48 396 42 119 80 44 52 64 64
internal_value=2.22571e-10 0.0652972 -0.0446368 0.284916 0.0676557 0.0877066 0.00924652 0.323087 0.412988 0.280238 -0.0985112 0.0435522 0.0860961 0.365931 0.403168 0.269669 0.127642 0.338583 0.635151 0.394193 -0.226194 1.00663 -0.00790893 0.692508 0.0378072 -0.167915 0.0696267 0.436467 -0.29185 -0.378733
internal_weight=10344 4200 6144 1050 1992 1944 1458 486 444 402 4152 1404 1278 875 835 530 415 260 305 185 155 120 3150 132 2450 700 240 132 460 108
internal_count=10344 4200 6144 1050 1992 1944 1458 486 444 402 4152 1404 1278 875 835 530 415 260 305 185 155 120 3150 132 2450 700 240 132 460 108
is_linear=0
shrinkage=0.05


Tree=81
num_leaves=31
num_cat=0
split_feature=10 10 13 11 10 2 6 7 13 17 2 11 9 25 26 10 5 19 23 13 25 27 22 0 9 26 9 23 11 11
split_gain=11687.6 11781.7 11267.1 10655.1 9839.52 9787.69 7826.22 12990.5 10608.7 11624.1 16920 16144.7 15467.7 11374.6 10083.1 9769.35 8575.9 8332.49 6596.11 6572.15 8390.98 6449.63 16335.7 16039.5 18280.4 14604 23364.5 15978.4 15115.6 13070.1
threshold=1.0000000180025095e-35 227.86515000000003 134.0837409048402 306.42370000000005 476.20150000000007 3.5000000000000004 0.69676570133721638 -0.6523320455745395 27.132844618471914 53.550884006029669 4.5000000000000009 283.58475000000004 286.00875000000008 -3.3499999999999988 9.1020833333333346 317.08265000000006 0.37940952255126048 472.26935000000003 15.950000000000001 24.78630621111316 0.59999999999999887 -1.0000000180025095e-35 -6.3999999999999995 6.5000000000000009 392.40175000000005 1.0000000180025095e-35 424.42965000000004 2.0250000000000008 331.27530000000007 431.25270000000006
decision_type=2 2 2 2 2 2 2 2 2 2 2 2 2 2 2 2 2 2 2 2 2 2 2 2 2 2 2 2 2 2
left_child=-1 3 4 18 6 -6 21 -8 16 10 13 -12 -13 -10 -11 -16 19 -15 -2 20 -9 25 -23 24 -24 26 -3 -27 -29 -25
right_child=1 2 -4 -5 5 -7 7 8 9 14 11 12 -14 17 15 -17 -18 -19 -20 -21 -22 22 23 29 -26 27 -28 28 -30 -31
leaf_value=0.74059167993518549 0.034389868612940376 0.040793328325216198 -0.77360093826832976 -0.92070059136108129 0.69894030690193176 -0.19039897984928555 -0.7459639713384103 0.35372416381484911 0.34757560593278514 0.11480681437641474 -0.25004628705757637 -1.7441120943490498 -0.45438997930158742 -0.070078382565958761 -0.053011898711731988 -1.0252007563412189 -0.10354262232822159 -0.41933986011673419 -0.39634798995670895 0.82951039069228705 -0.15251903941870229 0.80501430998245882 0.052915182187387028 -0.10802141156358024 1.1205721352885409 1.2040500910686596 -1.0306314591318368 0.5598460502094692 0.085286590283115707 -0.85859831164280576
leaf_weight=53 190 2369 46 54 99 45 69 253 115 646 135 47 46 517 73 40 268 255 167 45 121 60 1811 1740 41 42 52 225 660 60
leaf_count=53 190 2369 46 54 99 45 69 253 115 646 135 47 46 517 73 40 268 255 167 45 121 60 1811 1740 41 42 52 225 660 60
internal_value=4.69801e-10 -0.00381414 0.00709742 -0.266116 0.0107493 0.421022 0.00465232 -0.0689699 -0.0507299 -0.112345 -0.215087 -0.599261 -1.10619 -0.116337 0.0385867 -0.39715 0.117345 -0.185443 -0.167104 0.258629 0.18994 0.0320781 -0.013308 -0.0267525 0.0765512 0.0823988 0.0177805 0.251159 0.205937 -0.133041
internal_weight=10344 10291 9880 411 9834 144 9690 2630 2561 1874 1115 228 93 887 759 113 687 772 357 419 374 7060 3712 3652 1852 3348 2421 927 885 1800
internal_count=10344 10291 9880 411 9834 144 9690 2630 2561 1874 1115 228 93 887 759 113 687 772 357 419 374 7060 3712 3652 1852 3348 2421 927 885 1800
is_linear=0
shrinkage=0.05


Tree=82
num_leaves=31
num_cat=0
split_feature=22 6 6 0 9 13 0 9 18 27 0 11 12 2 22 13 5 25 14 13 24 2 25 6 15 22 5 18 6 25
split_gain=10676.7 9564.35 14211.7 21048 11109.5 11160.3 17400.4 42067 17883.2 9725.69 16145.6 16270.5 14293.6 12885.5 13573.7 13388.6 15123.4 9642.25 13267.7 9514.79 8896.96 10493.4 8579.46 8373.94 8350.3 9140.46 14214 11767.5 13716.6 11507.1
threshold=-0.84999999999999998 -0.074117382312902977 -0.01397611846945947 11.500000000000002 399.25805000000008 49.739893463231816 11.500000000000002 291.16355000000004 197.99490000000003 1.0253865595360862e-15 3.5000000000000004 413.95685000000009 344.92640625000007 4.5000000000000009 2.5000000000000004 33.73828742176822 0.60355339059327384 1.5999999999999992 251.96410000000003 23.369930698557631 4.9699404761904775 5.5000000000000009 -1.0000000180025095e-35 0.9916835347852474 459.98640000000006 9.1500000000000021 -0.5 240.38165000000001 -0.59869031648930193 1.9500000000000008
decision_type=2 2 2 2 2 2 2 2 2 2 2 2 2 2 2 2 2 2 2 2 2 2 2 2 2 2 2 2 2 2
left_child=-1 4 3 -3 5 24 7 -7 22 13 12 19 -11 14 17 16 23 18 -4 20 -12 -22 -8 -16 25 26 -2 28 29 -27
right_child=1 2 9 -5 -6 6 8 -9 -10 10 11 -13 -14 -15 15 -17 -18 -19 -20 -21 21 -23 -24 -25 -26 27 -28 -29 -30 -31
leaf_value=0.14183331899187326 0.48468416788795543 0.051554980998237937 0.6216344093394458 -1.1574403665131994 -0.71634847285846881 -1.3997774968544643 1.4659418615822992 0.18628045344857477 0.20813583097808686 0.037169821848673332 0.45161771994585598 -1.0846030838489533 0.99382784210500263 -0.16593359711087555 0.49374223851006144 -0.077200261656664146 -0.14917440719152283 0.9335212565270754 -0.13135814955856048 -0.22722796235288409 -0.39045204193378891 0.27034943092649227 0.62797506013219917 -0.25584956472296094 -0.45076406601971641 -0.13345385744840418 0.021079622608639541 -0.27864774181531782 0.26444599029461019 0.1709303851459279
leaf_weight=1176 248 72 117 72 48 48 48 324 240 555 104 50 42 696 330 1048 180 65 117 1426 137 107 84 42 96 1104 496 384 456 432
leaf_count=1176 248 72 117 72 48 48 48 324 240 555 104 50 42 696 330 1048 180 65 117 1426 137 107 84 42 96 1104 496 384 456 432
internal_value=-3.51524e-10 -0.0181933 -0.0632023 -0.552943 0.0397525 0.0489173 0.223432 -0.0183722 0.465236 -0.0491428 -0.121224 -0.195095 0.104472 0.0181054 0.0855572 0.02777 0.227061 0.394787 0.245138 -0.170024 0.0643785 -0.100674 0.93269 0.409111 0.00854457 0.0226771 0.175614 -0.0252123 0.0236427 -0.0478458
internal_weight=10344 9168 5160 144 4008 3960 744 372 372 5016 2421 1824 597 2595 1899 1600 552 299 234 1774 348 244 132 372 3216 3120 744 2376 1992 1536
internal_count=10344 9168 5160 144 4008 3960 744 372 372 5016 2421 1824 597 2595 1899 1600 552 299 234 1774 348 244 132 372 3216 3120 744 2376 1992 1536
is_linear=0
shrinkage=0.05


Tree=83
num_leaves=31
num_cat=0
split_feature=10 9 23 11 23 0 11 9 9 27 25 27 2 9 13 6 11 25 25 14 17 18 27 26 2 17 5 24 11 9
split_gain=10257.8 10259.9 19479.6 9927.14 8920.76 8767.35 9847.44 18752 9185.55 18630.2 17542.5 19158.8 15028.4 13165.7 8413.14 11979.9 8410.36 18259.4 14698 13838.4 13366.7 8144.47 13312.7 10460.9 9490.02 12187.1 30455.2 55167.2 11757.4 14663.2
threshold=1.0000000180025095e-35 265.94725000000005 24.650000000000002 514.79450000000008 22.402083333333334 21.500000000000004 311.30840000000006 366.54130000000004 381.54325000000006 -0.8863240279920277 -1.1500000000000006 0.18222221288126689 3.5000000000000004 424.42965000000004 46.878451679524481 -0.20180236284700911 314.64195000000007 -0.50000000000000011 3.0500000000000003 225.61210000000003 39.773402682305317 189.85245000000003 -2.1978050579955752 24.079166666666669 1.0000000180025095e-35 68.603369478333818 0.60355339059327384 1.2136904761904765 353.79745000000008 270.78100000000006
decision_type=2 2 2 2 2 2 2 2 2 2 2 2 2 2 2 2 2 2 2 2 2 2 2 2 2 2 2 2 2 2
left_child=-1 2 4 5 16 8 -7 14 21 13 -11 -12 -13 -10 -8 -16 -2 20 19 -19 -18 22 -3 -24 -23 28 27 -27 -26 -30
right_child=1 3 -4 -5 -6 6 7 -9 9 10 11 12 -14 -15 15 -17 17 18 -20 -21 -22 24 23 -25 25 26 -28 -29 29 -31
leaf_value=0.69381385532752526 -0.041759627331519306 0.30870841555038675 -1.1647010899725414 0.6288981620055526 0.46969564648138151 0.029613870113853226 -0.40542850355958682 -1.3254829646543016 0.11307973529696465 1.4205728070243546 1.0105646170567775 0.3978701655879433 -0.71145287052709227 -0.91014340228977675 0.83474739417433741 -0.28613184039812473 0.66773473627991597 -1.6845017000686291 -0.13240363913147074 -0.59213040946574702 -0.18538835071351217 0.16813884915496302 0.047103120563391464 -0.72853965951336752 -0.06491739010952545 -0.18781351415800449 0.66918931692838679 -2.2774001410707485 1.0193973386949964 0.09319600703662595
leaf_weight=53 1641 576 42 67 72 349 183 43 125 46 69 81 49 42 40 59 59 43 95 89 207 628 1278 45 3258 119 50 43 45 848
leaf_count=53 1641 576 42 67 72 349 183 43 125 46 69 81 49 42 40 59 59 43 95 89 207 628 1278 45 3258 119 50 43 45 848
internal_value=-5.18829e-10 -0.00357323 -0.098006 0.0228205 -0.0776972 0.0177293 -0.154816 -0.352865 0.0336558 0.262987 0.540578 0.337162 -0.0202593 -0.144258 -0.204558 0.166749 -0.0961659 -0.277263 -0.606659 -0.947979 0.0038382 0.0199426 0.108072 0.0207207 -0.0135895 -0.039747 -0.409521 -0.742457 -0.0208619 0.139869
internal_weight=10344 10291 2248 8043 2206 7976 674 325 7302 412 245 199 130 167 282 99 2134 493 227 132 266 6890 1899 1323 4991 4363 212 162 4151 893
internal_count=10344 10291 2248 8043 2206 7976 674 325 7302 412 245 199 130 167 282 99 2134 493 227 132 266 6890 1899 1323 4991 4363 212 162 4151 893
is_linear=0
shrinkage=0.05


Tree=84
num_leaves=31
num_cat=0
split_feature=22 9 13 16 11 10 11 0 9 4 2 18 6 19 25 11 18 16 18 24 13 11 13 22 17 24 23 22 2 26
split_gain=9680.94 8696.82 29473 9971.37 9288.29 9106.5 8366.3 8252.94 15126.8 12560.8 25518.3 17065.5 18694.3 17361.2 19308.7 17034.8 12724.6 12684.8 12558.5 20115.5 11228 11328.7 11195.7 13183 11545.8 10712.9 10314.1 10093 13770.5 13816.7
threshold=-4.1499999999999995 264.72205000000002 56.698785513550881 298.0989788690477 492.81720000000001 238.70270000000002 312.23485000000005 3.5000000000000004 424.42965000000004 -0.37940952255126065 4.5000000000000009 246.61495000000002 0.42958674266195179 431.64330000000007 0.60000000000000109 434.02505000000002 245.97765000000004 294.94102202380958 265.38960000000003 8.5681547619047631 43.227794740285205 383.99520000000007 53.942385346167228 4.1500000000000012 43.536724321505744 21.295535714285716 5.0458333333333343 12.500000000000002 5.5000000000000009 7.0166666666666684
decision_type=2 2 2 2 2 2 2 2 2 2 2 2 2 2 2 2 2 2 2 2 2 2 2 2 2 2 2 2 2 2
left_child=-1 2 3 5 7 6 -2 20 9 10 11 13 18 14 17 27 22 25 19 -13 -3 -22 23 -15 -25 -9 -24 28 29 -11
right_child=1 4 -4 -5 -6 -7 -8 8 -10 15 -12 12 -14 16 -16 -17 -18 -19 -20 -21 21 -23 26 24 -26 -27 -28 -29 -30 -31
leaf_value=0.22524561853180722 -0.13788045443063676 -0.003383586235359351 -1.3256676111680767 -0.33235545333591293 0.51887966937488983 0.041446804496727815 -0.78759535059594277 -0.23466529284669746 -0.80549796541531882 -0.095628304968845917 -0.17753016359576829 -0.91534563317237527 -0.89871434306698872 0.76548595555088061 0.31729721014296969 -0.96891860185334322 1.0375086081642955 -0.74234530407107546 0.38899763530492781 0.29210941008159091 0.23058935941007805 1.1042948383092881 -0.27349669949480282 0.87058457021032365 0.18906128555290105 0.51391972182762058 0.31706725127397128 -0.1493204553000759 0.39507601440909812 0.27828663539122916
leaf_weight=456 379 748 48 312 90 1292 57 198 60 1358 756 68 69 193 297 52 63 90 125 70 512 40 136 72 454 63 162 1604 218 302
leaf_count=456 379 748 48 312 90 1292 57 198 60 1358 756 68 69 193 297 52 63 90 125 70 512 40 136 72 454 63 162 1604 218 302
internal_value=-2.53593e-10 -0.0103875 -0.101019 -0.0722036 0.0138738 -0.0252317 -0.22282 0.00797875 -0.0153177 -0.00785144 0.0709273 0.162109 -0.166212 0.225189 0.0205855 -0.0706248 0.347951 -0.230478 0.0259652 -0.302868 0.122848 0.293901 0.305235 0.412037 0.28235 -0.0539724 0.0475481 -0.0572097 0.0214621 -0.0276028
internal_weight=10344 9888 2088 2040 7800 1728 436 7710 6410 6350 2816 2060 332 1728 648 3534 1080 351 263 138 1300 552 1017 719 526 261 298 3482 1878 1660
internal_count=10344 9888 2088 2040 7800 1728 436 7710 6410 6350 2816 2060 332 1728 648 3534 1080 351 263 138 1300 552 1017 719 526 261 298 3482 1878 1660
is_linear=0
shrinkage=0.05


Tree=85
num_leaves=31
num_cat=0
split_feature=10 9 22 27 10 6 22 26 13 16 5 13 13 14 16 12 10 5 19 10 16 11 15 23 10 18 0 13 0 23
split_gain=9353.52 9076.6 14494.7 11318 29633.3 10212.3 10190.5 9694.48 8933.61 15544.9 13702.2 9610.44 31461.4 9747.65 24665.8 19651.5 22577 18059.8 11338.2 10400.9 15815.3 13391.3 9665.55 9763.79 9336.68 8811.96 8664.45 11561.1 34213.6 8997.88
threshold=1.0000000180025095e-35 317.53975000000008 26.400000000000002 12.154166666666669 306.0016500000001 0.69676570133721638 24.700000000000003 -5.3145833333333323 22.345356179534388 373.3179791666667 0.60355339059327384 57.866513240738293 56.698785513550881 234.00000000000003 290.8869345238096 291.42732291666675 293.94265000000001 -0.3794095225512602 470.49635000000006 372.00940000000008 323.95756071428576 434.02505000000002 334.72825000000006 21.906250000000004 257.98990000000009 100.93615000000001 2.5000000000000004 77.468135043253696 15.500000000000002 -5.9979166666666659
decision_type=2 2 2 2 2 2 2 2 2 2 2 2 2 2 2 2 2 2 2 2 2 2 2 2 2 2 2 2 2 2
left_child=-1 2 3 6 -5 7 8 -3 9 10 -2 12 13 14 24 22 -17 -18 -15 21 -21 -20 23 -16 -10 -12 -9 29 -29 -28
right_child=1 5 -4 4 -6 -7 -8 26 11 -11 25 -13 -14 18 15 16 17 -19 19 20 -22 -23 -24 -25 -26 -27 27 28 -30 -31
leaf_value=0.66252782558495149 0.15210745935305939 0.86749571442604079 0.67167788352817304 -0.13926720579258026 -1.3852431319215719 -0.24502560581391056 0.67804133548186385 0.31411517658846433 -0.23350147673080923 0.96474476978182799 -0.53658346344482133 0.13556310970074631 -1.4306956081889397 0.069756894058535066 -1.1282288879718421 -0.18756922256540171 -2.2003104770183564 -0.80927636900118416 -0.15838420312737758 -0.51120410469445321 0.49684245057011911 -0.96250398458404973 -0.084109644374723069 -0.22295578604235367 0.11632710041728687 -0.044417131352606949 0.78973257915918227 0.2885027134851102 -1.5469104490654413 0.059750084775152527
leaf_weight=53 1041 40 72 742 51 240 52 356 294 48 123 559 43 1594 53 66 40 56 883 55 133 55 278 68 543 349 43 62 43 2309
leaf_count=53 1041 40 72 742 51 240 52 356 294 48 123 559 43 1594 53 66 40 56 883 55 133 55 278 68 543 349 43 62 43 2309
internal_value=3.42266e-10 -0.0034121 -0.0341934 -0.0413254 -0.219399 0.0682218 -0.0190275 0.0945728 -0.0247985 0.0788919 0.0507882 -0.059091 -0.0852414 -0.0711922 -0.178494 -0.435029 -0.899453 -1.38887 -0.0160422 -0.137502 0.201935 -0.205534 -0.246465 -0.61948 -0.00655175 -0.172672 0.0835821 0.0501797 -0.463143 0.0730959
internal_weight=10344 10291 7198 7126 793 3093 6333 2853 6281 1561 1513 4720 4161 4118 1398 561 162 96 2720 1126 188 938 399 121 837 472 2813 2457 105 2352
internal_count=10344 10291 7198 7126 793 3093 6333 2853 6281 1561 1513 4720 4161 4118 1398 561 162 96 2720 1126 188 938 399 121 837 472 2813 2457 105 2352
is_linear=0
shrinkage=0.05


Tree=86
num_leaves=31
num_cat=0
split_feature=10 13 13 13 9 18 11 11 22 6 6 0 13 24 5 0 0 11 2 18 18 13 16 17 15 27 27 22 5 14
split_gain=8441.55 8776.5 9099.93 20261.2 14120.2 10147.9 11847 13652.1 10409 9928.67 12937.1 17072.2 11019.9 12315.7 15281.2 11947.8 11732.3 21733.3 12322.7 16290.9 24884.3 13366.5 12022.5 14935.6 12694.5 12557.8 10333 9167.01 16147.2 11823.5
threshold=1.0000000180025095e-35 134.0837409048402 78.009786898730354 77.468135043253696 381.54325000000006 246.38840000000002 282.90090000000004 364.08505000000008 3.0500000000000003 -0.074117382312902977 -0.01397611846945947 11.500000000000002 26.27716339104035 12.037202380952385 1.0000000180025095e-35 4.5000000000000009 12.500000000000002 412.03540000000004 4.5000000000000009 246.89835000000002 245.97765000000004 51.72419690962338 313.13486220238104 49.510360556615915 440.24940000000009 -11.054166666666671 -3.5031248451283532 9.1500000000000021 -0.5 312.09010000000006
decision_type=2 2 2 2 2 2 2 2 2 2 2 2 2 2 2 2 2 2 2 2 2 2 2 2 2 2 2 2 2 2
left_child=-1 2 3 4 9 6 -6 8 -8 27 11 -11 13 14 -12 -14 17 -17 19 20 21 -18 23 -23 -24 -25 -21 28 29 -2
right_child=1 -3 -4 -5 5 -7 7 -9 -10 10 12 -13 15 -15 -16 16 18 -19 -20 26 -22 22 24 25 -26 -27 -28 -29 -30 -31
leaf_value=0.62940142857578563 0.581823859148485 -0.69233625660771914 0.29965906604325121 -1.0323491394519806 -0.0076154116803491614 -0.020313533478313023 1.6641524979803297 0.033455022684363435 0.64689674217972848 0.012800037490558767 0.34054431076102121 -0.99830107688903813 0.081529139662273681 -0.15744131650685125 -0.027520644227174897 -0.20188753758820932 0.12825628318138485 -1.1998669230689607 -0.28354133921034963 -1.1011836013291032 1.2440890179439026 -1.1107224872392236 0.83554585260294734 0.50949860312217898 -0.2450944360200461 -0.56491099877937423 -0.15669980626808455 -0.0023341928057041463 0.033362348523170653 -0.078293767198920255
leaf_weight=53 296 46 247 48 71 144 45 43 57 84 564 83 830 432 564 1271 924 57 429 48 44 66 42 43 77 74 73 2734 767 88
leaf_count=53 296 46 247 48 71 144 45 43 57 84 564 83 830 432 564 1271 924 57 429 48 44 66 42 43 77 74 73 2734 767 88
internal_value=-3.43207e-10 -0.0032415 -0.000147468 -0.00755417 -0.00261044 0.304813 0.521564 0.78068 1.09569 -0.0141508 -0.0561339 -0.489723 -0.0430589 0.069571 0.156512 -0.0872274 -0.131722 -0.244722 -0.0492684 0.0229841 0.0758006 0.0338718 -0.254907 -0.509304 0.136308 -0.170043 -0.531371 0.0474999 0.165872 0.430547
internal_weight=10344 10291 10245 9998 9950 360 216 145 102 9590 5705 167 5538 1560 1128 3978 3148 1328 1820 1391 1270 1226 302 183 119 117 121 3885 1151 384
internal_count=10344 10291 10245 9998 9950 360 216 145 102 9590 5705 167 5538 1560 1128 3978 3148 1328 1820 1391 1270 1226 302 183 119 117 121 3885 1151 384
is_linear=0
shrinkage=0.05


Tree=87
num_leaves=31
num_cat=0
split_feature=11 13 27 14 26 10 2 17 16 7 22 9 26 27 13 13 13 9 19 27 2 27 13 13 10 16 15 22 24 11
split_gain=8435.36 13669.9 12290.3 9748.95 9195.94 15242.9 8086.98 14812.1 9011.96 7273.2 7433.18 14424.9 9472.08 9005.07 10891.2 8882.37 11290.6 17204.9 12508.1 7383.15 15953.2 8270.38 7279.02 7987.54 7963.82 9536.84 8368.9 8505.69 16241.3 15328.4
threshold=425.5102500000001 49.022789705988181 1.0000000180025095e-35 302.76315000000005 27.456250000000001 317.08265000000006 2.5000000000000004 68.603369478333818 331.07354642857149 0.99988440732898443 -4.1499999999999995 424.42965000000004 -0.64166666666666661 -19.575072725847583 134.0837409048402 47.378506677532236 35.020446363916058 344.01410000000004 416.46390000000002 -0.97427857925749317 4.5000000000000009 3.2245248601538417 57.692165975949358 56.698785513550881 226.19515000000004 276.22061160714293 464.69105000000008 2.5000000000000004 3.0431547619047628 313.79815000000002
decision_type=2 2 2 2 2 2 2 2 2 2 2 2 2 2 2 2 2 2 2 2 2 2 2 2 2 2 2 2 2 2
left_child=4 2 6 -3 9 -6 7 8 -2 10 19 12 -12 15 22 16 -14 18 -18 -1 21 -21 23 24 25 -15 27 28 -26 -30
right_child=1 3 -4 -5 5 -7 -8 -9 -10 -11 11 -13 13 14 -16 -17 17 -19 -20 20 -22 -23 -24 -25 26 -27 -28 -29 29 -31
leaf_value=-0.037301037572125065 0.59651340632526961 0.26546969613836457 -0.55434932912650869 1.0148163563626653 -0.28470547258853912 0.97964027827068922 -0.21360253276009311 1.1101624898612499 -0.22948759834556021 0.61166967639456626 -0.56776799080492579 -0.80042541374762866 0.28501624782796969 -0.12694584013273319 -0.78077883062263331 0.52411510254400717 -0.080572054931458012 0.57092168301343926 -1.2222792128519138 0.4818850752296327 -0.090403868948158467 1.3642793254135177 0.11062695012326383 -0.68407605476677424 -0.11499476619344905 -0.74553376414157735 -0.2347431013368898 -0.034415161156676755 0.10263208367991759 0.6530895138084889
leaf_weight=187 54 120 76 68 40 59 95 48 85 46 79 60 209 270 48 142 47 40 49 79 95 40 881 48 399 81 450 5905 344 200
leaf_count=187 54 120 76 68 40 59 95 48 85 46 79 60 209 270 48 142 47 40 49 79 95 40 881 48 399 81 450 5905 344 200
internal_value=4.59422e-10 0.191271 0.00997287 0.53651 -0.0106587 0.468794 0.16206 0.352904 0.0914049 -0.0155526 -0.0185415 -0.027676 -0.0226319 -0.0179062 -0.029716 0.191275 0.0542803 -0.300307 -0.663318 0.192211 0.392765 0.778488 -0.0255132 -0.0410958 -0.0370609 -0.269697 -0.0258722 -0.0121468 0.127296 0.305006
internal_weight=10344 546 358 188 9798 99 282 187 139 9699 9653 9252 9192 9113 8626 487 345 136 96 401 214 119 8578 7697 7649 351 7298 6848 943 544
internal_count=10344 546 358 188 9798 99 282 187 139 9699 9653 9252 9192 9113 8626 487 345 136 96 401 214 119 8578 7697 7649 351 7298 6848 943 544
is_linear=0
shrinkage=0.05


Tree=88
num_leaves=31
num_cat=0
split_feature=10 6 26 13 11 6 7 0 5 0 11 4 9 2 23 24 13 9 0 11 9 18 0 17 2 13 11 7 25 25
split_gain=7882.52 7839.96 8959.34 8239.68 7976.27 7330.33 6675.34 15605.1 6365.66 6316.02 15102 5570.49 22262.4 21736.9 18402.3 20067.4 12624.7 19849.1 12567.7 15424.4 14067.5 11473.9 12237.3 11816.1 11500.1 9485.97 8715.12 8485.5 16376.1 8317.41
threshold=1.0000000180025095e-35 0.69676570133721638 -5.3145833333333323 134.0837409048402 413.95685000000009 0.81428061195174062 -0.6523320455745395 14.500000000000002 -0.5 20.500000000000004 330.01170000000008 -0.37940952255126065 420.00265000000007 4.5000000000000009 2.4312500000000004 -0.43065476190476176 56.639774170829874 304.82115000000005 5.5000000000000009 434.02505000000002 398.86505000000005 251.83085000000003 18.500000000000004 50.682258720450854 1.5000000000000002 17.91780487682086 337.53880000000009 -0.19337245081799007 -5.2499999999999982 -0.54999999999999905
decision_type=2 2 2 2 2 2 2 2 2 2 2 2 2 2 2 2 2 2 2 2 2 2 2 2 2 2 2 2 2 2
left_child=-1 2 -2 11 6 8 7 -3 -6 -8 -11 12 13 14 15 -4 17 -17 20 27 25 29 23 -23 -24 -13 -15 28 -20 -16
right_child=1 4 3 -5 5 -7 9 -9 -10 10 -12 18 -14 26 21 16 -18 -19 19 -21 -22 22 24 -25 -26 -27 -28 -29 -30 -31
leaf_value=0.60820362584770848 0.77039266172796494 -0.035469404329856236 -0.12976203849421272 -0.64703283983728166 -0.33840970004859727 0.70151533457587978 -0.046479955924231778 -1.2486054695234068 0.47850261127076499 -0.12976736975343603 -1.0279140719345639 -0.24820099834884918 -1.0100662272261536 -0.061041484102478366 0.032829549900575315 0.30323659552468196 0.36877011319524367 1.6250443503454133 -0.94887648875278152 -0.88413782001569352 0.8866023710894364 0.54278856971735756 0.083050074689090259 -0.39859740257263188 -0.98538560722680657 0.1095226039259577 -0.57427397427406723 0.014694553572872924 -0.11877942908342509 0.2828378271023585
leaf_weight=53 40 75 79 46 57 61 2270 41 41 285 56 210 46 689 566 45 95 77 63 58 54 75 40 60 68 1577 94 1572 1044 807
leaf_count=53 40 75 79 46 57 61 2270 41 41 285 56 210 46 689 566 45 95 77 63 58 54 75 40 60 68 1577 94 1572 1044 807
internal_value=-2.69286e-10 -0.00313233 0.0241125 0.0200594 -0.073038 0.271206 -0.0931094 -0.46425 0.00335974 -0.0766206 -0.277264 0.024252 0.0806255 0.0992421 0.190113 0.552554 0.800955 1.13749 -0.00950058 -0.0774443 0.0915108 0.123726 -0.192967 0.124395 -0.589669 0.0674846 -0.122656 -0.0599795 -0.166021 0.179775
internal_weight=10344 10291 7405 7365 2886 159 2727 116 98 2611 341 7319 2741 2695 1912 296 217 122 4578 2737 1841 1616 243 135 108 1787 783 2679 1107 1373
internal_count=10344 10291 7405 7365 2886 159 2727 116 98 2611 341 7319 2741 2695 1912 296 217 122 4578 2737 1841 1616 243 135 108 1787 783 2679 1107 1373
is_linear=0
shrinkage=0.05


Tree=89
num_leaves=31
num_cat=0
split_feature=26 0 22 5 13 10 5 22 7 7 0 7 22 23 24 9 26 24 2 17 4 2 22 11 13 2 11 24 13 14
split_gain=7492.72 12967 8309.45 22714.3 13603 93822.7 18001.1 21049.5 16338.9 41044.3 11084.4 8483.86 8539.76 8326.85 7858.22 8403.6 13012.9 10081.1 14563.6 9112.46 7853.12 10403.8 9303.06 7671.14 7150.43 7103.86 7028.7 10237.4 7018.21 6761.11
threshold=27.456250000000001 11.500000000000002 6.9500000000000011 -0.70710678118654757 77.831074539680671 322.96560000000005 -0.12940952255126037 15.300000000000002 -0.21862536810265826 -0.26867065956352881 10.500000000000002 -0.039769286347669845 12.500000000000002 12.325000000000003 -3.2389880952380947 315.1565500000001 6.4125000000000014 3.8538690476190487 2.5000000000000004 68.387341556717757 -0.98296291314453399 4.5000000000000009 2.5000000000000004 383.44830000000007 46.512937705957619 2.5000000000000004 338.76575000000008 16.277083333333334 38.33718747562903 187.84795000000003
decision_type=2 2 2 2 2 2 2 2 2 2 2 2 2 2 2 2 2 2 2 2 2 2 2 2 2 2 2 2 2 2
left_child=2 -2 3 10 6 -6 8 13 9 -4 25 12 -10 -8 -12 16 17 18 -16 23 21 22 -5 -17 -9 -1 -15 -28 -19 -22
right_child=1 -3 4 20 5 -7 7 24 11 -11 14 -13 -14 26 15 19 -18 28 -20 -21 29 -23 -24 -25 -26 -27 27 -29 -30 -31
leaf_value=-0.46321677487767954 -0.26662037849426268 0.89558934055268757 -0.18891916773883954 1.0005457854173223 0.38904464427559149 -2.5531071563065053 0.025232837478128763 0.10241408437463875 0.95066323957659982 -1.7383683106777346 -0.36074111535213893 -0.037284315009130521 0.12646733720194211 -0.15588084190631923 -0.74609503396919807 0.55676259502287839 0.70697877732955894 0.53885395509856093 0.21550579142860241 0.14334673858351177 0.28725488170299657 -0.26889912701315349 0.12367587991058826 1.2226145044093331 0.32682999990774914 0.17694113166265502 -1.2190346741577378 -0.094725031750958144 0.011696439955545508 -0.054015131201269176
leaf_weight=79 40 60 1493 61 84 40 767 1261 44 44 40 979 110 647 70 155 115 140 90 90 153 54 60 60 494 96 40 41 115 2822
leaf_count=79 40 60 1493 61 84 40 767 1261 44 44 40 979 110 647 70 155 115 140 90 90 153 54 60 60 494 96 40 41 115 2822
internal_value=-1.5836e-11 0.430705 -0.00420447 0.0498161 -0.0417436 -0.560037 -0.0308874 0.048139 -0.127081 -0.233276 0.251214 0.0169808 0.361952 -0.0897301 0.323866 0.356661 0.236332 0.105912 -0.205195 0.565758 -0.0173166 0.30819 0.565734 0.742582 0.165583 -0.112044 -0.210852 -0.64994 0.301116 -0.0364641
internal_weight=10344 100 10244 4200 6044 124 5920 3250 2670 1537 1050 1133 154 1495 875 835 530 415 160 305 3150 175 121 215 1755 175 728 81 255 2975
internal_count=10344 100 10244 4200 6044 124 5920 3250 2670 1537 1050 1133 154 1495 875 835 530 415 160 305 3150 175 121 215 1755 175 728 81 255 2975
is_linear=0
shrinkage=0.05


Tree=90
num_leaves=31
num_cat=0
split_feature=6 26 11 27 26 14 9 9 0 7 14 0 19 6 6 17 9 17 17 23 2 6 24 11 5 17 25 6 13 27
split_gain=7109.58 7954.71 7424.21 6795.06 19898.3 12382 10967.4 10365.7 58878.7 6846.43 11524.5 19238.4 12192.7 11142.3 6113.4 6429.65 5877.33 6854.94 5743.43 11742.2 11327.1 10548.2 10883.5 9379.89 9199.96 8967.67 8861.78 8593.56 9422.47 8486.72
threshold=0.69676570133721638 -5.3145833333333323 413.95685000000009 11.853440746711057 27.456250000000001 1.0000000180025095e-35 392.40175000000005 424.42965000000004 11.500000000000002 -0.99761278905001471 222.00575000000003 17.500000000000004 341.36410000000006 -0.01397611846945947 0.81428061195174062 58.618773069611969 288.12765000000007 44.794443782641487 57.985320206506557 2.4312500000000004 1.0000000180025095e-35 -0.074117382312902977 1.8282738095238096 408.02910000000003 0.25881904510252057 58.485617747564156 6.6500000000000012 0.44505654568748165 45.562472822351353 -1.9003494744388461
decision_type=2 2 2 2 2 2 2 2 2 2 2 2 2 2 2 2 2 2 2 2 2 2 2 2 2 2 2 2 2 2
left_child=1 -1 -2 4 7 -5 -7 9 -9 13 11 -11 -13 -3 15 -4 -14 -18 19 23 24 -21 -23 29 -20 -22 -27 28 -24 -12
right_child=2 3 14 5 -6 6 -8 8 -10 10 18 12 16 -15 -16 -17 17 -19 20 21 25 22 27 -25 -26 26 -28 -29 -30 -31
leaf_value=0.72910190407186759 -0.085654020297060027 -0.89388880314780228 -0.45713344274497614 -0.92047141665636101 0.88127819052764345 -0.087538443906512373 0.70886036215557002 0.80562615305894902 -1.8418942244279954 0.051639613449216887 -0.43541845140256447 -0.22136143488543378 1.0797261297288869 0.04094175973140142 0.65846282722520044 0.36090814244676511 0.99676548304657142 0.30681093615928184 0.61559993369132293 0.059998826469883887 -0.71096263206194321 -0.74440628019058053 -0.10739569172243331 0.83691040826813579 -0.11421445639509904 -0.057199063077033964 -0.65210298427672531 0.11738137740993276 -0.72989839004727486 0.25720631810144157
leaf_weight=40 2744 51 41 43 70 1099 45 42 42 551 49 42 72 85 61 58 54 108 100 2617 63 72 235 63 76 953 67 265 82 454
leaf_count=40 2744 51 41 43 70 1099 45 42 42 551 49 42 72 85 61 58 54 108 100 2617 63 72 235 63 76 953 67 265 82 454
internal_value=1.73471e-10 0.0258976 -0.0663492 0.0220965 0.0430389 -0.0875201 -0.0562116 0.0334871 -0.518134 0.0411345 0.0491883 0.222319 0.563058 -0.30962 0.264728 0.0221232 0.703851 0.536796 0.021092 0.0514979 -0.0715747 0.0151134 -0.164497 0.261769 0.300453 -0.132033 -0.0962761 -0.0927553 -0.268422 0.189734
internal_weight=10344 7440 2904 7400 6213 1187 1144 6143 84 6059 5923 827 276 136 160 99 234 162 5096 3837 1259 3271 654 566 176 1083 1020 582 317 503
internal_count=10344 7440 2904 7400 6213 1187 1144 6143 84 6059 5923 827 276 136 160 99 234 162 5096 3837 1259 3271 654 566 176 1083 1020 582 317 503
is_linear=0
shrinkage=0.05


Tree=91
num_leaves=31
num_cat=0
split_feature=10 2 10 10 11 13 0 9 22 26 5 26 13 14 7 11 7 9 27 11 16 25 5 19 16 24 6 9 22 11
split_gain=7134.54 7535.76 6897.51 6356.03 7998.88 6072.66 5936.97 10773.7 5540.09 14596.2 13626.7 17120.2 19660.5 31435.6 11502.3 11745.1 34899.1 11605 11232.6 14382.8 13027 10468.6 10293.5 12640.2 11908 8637.65 9548.69 8236.63 10340.8 8066.61
threshold=476.20150000000007 3.5000000000000004 1.0000000180025095e-35 224.26325000000003 306.42370000000005 134.0837409048402 22.500000000000004 354.90760000000006 6.9500000000000011 9.4145833333333346 -0.3794095225512602 7.0479166666666684 34.881036477544789 246.08190000000005 -0.80417042486635371 332.90990000000005 -0.6523320455745395 350.15420000000012 -2.0123267597811374 307.38730000000004 278.24725625000002 5.8500000000000023 -0.70710678118654757 536.79520000000014 341.87401130952384 -3.2389880952380947 0.28519915169571858 362.4504500000001 10.300000000000002 350.29905000000008
decision_type=2 2 2 2 2 2 2 2 2 2 2 2 2 2 2 2 2 2 2 2 2 2 2 2 2 2 2 2 2 2
left_child=2 -2 -1 4 -4 6 8 -8 9 22 11 12 -10 -14 -12 -16 -17 21 19 -13 -21 29 23 -5 -25 -26 -27 28 -22 -18
right_child=1 -3 3 5 -6 -7 7 -9 10 -11 14 18 13 -15 15 16 17 -19 -20 20 27 -23 -24 24 25 26 -28 -29 -30 -31
leaf_value=0.56398043137676312 0.59334449340598761 -0.18700821005635793 -0.12343226544598634 0.30308122550709404 -0.82797758040275982 -0.57380146410154265 -0.090898608861403551 -0.88697081071635098 -0.16548235510610199 0.88853258020602743 0.18221950240884066 0.63157454616667941 -1.8376296466764281 -0.36118251740690172 0.040043779776334588 -1.4188255885243417 -0.64670923558417071 0.61625353906017089 -0.15476959647950062 -0.59771055408318841 0.5785084068775177 0.27281366299092769 -0.0021542900537965854 -0.86859259563823077 -0.60855740904808053 -0.14430808825518496 0.60326067179064213 0.73177043944597253 -0.064778001310632508 -0.12764742441157595
leaf_weight=53 99 45 282 674 47 46 371 48 437 52 1006 114 51 123 1862 55 116 52 829 75 75 100 2843 43 41 93 79 48 374 211
leaf_count=53 99 45 282 674 47 46 371 48 437 52 1006 114 51 123 1862 55 116 52 829 75 75 100 2843 43 41 93 79 48 374 211
internal_value=3.85068e-10 0.349484 -0.0049339 -0.00790546 -0.224082 -0.000661423 0.00203653 -0.182095 0.0102854 0.056547 -0.0217246 -0.121029 -0.344452 -0.793934 0.0403332 -0.0192401 -0.225956 -0.0889882 -0.0309219 0.118742 0.0165347 -0.174872 0.0450805 0.189477 -0.109623 0.0435967 0.199052 0.109228 0.0426752 -0.311779
internal_weight=10344 144 10200 10147 329 9818 9772 419 9353 3825 5528 2126 611 174 3402 2396 534 479 1515 686 572 427 3773 930 256 213 172 497 449 327
internal_count=10344 144 10200 10147 329 9818 9772 419 9353 3825 5528 2126 611 174 3402 2396 534 479 1515 686 572 427 3773 930 256 213 172 497 449 327
is_linear=0
shrinkage=0.05


Tree=92
num_leaves=31
num_cat=0
split_feature=11 6 15 13 26 10 15 22 23 27 0 17 14 18 11 23 14 27 7 10 25 25 27 0 2 15 22 23 26 27
split_gain=6567.03 6166.27 7766.34 16614.9 45779.9 90980 11490 9899.23 12984.6 19080.4 12338.3 9693.69 9151.91 8542.62 12575.4 12167.2 11299.6 7579.57 7458.91 6989.57 6236.3 6571.4 7771.29 6068.33 21273.1 6004.66 10106.4 11514.2 13637.7 14112.9
threshold=514.79450000000008 0.69676570133721638 449.57390000000004 76.213972437697706 4.5416666666666679 321.29625000000004 458.61255000000006 -1.3999999999999997 1.2583333333333335 0.35156253626425754 6.5000000000000009 60.928912546794322 189.85245000000003 204.30005000000003 383.44830000000007 -0.039583333333333352 347.95915000000008 5.0221694513836548 0.97263757644091875 323.56665000000004 -4.4499999999999984 -0.50000000000000011 0.77299578991270301 12.500000000000002 4.5000000000000009 399.1692000000001 24.700000000000003 12.435416666666669 7.0166666666666684 -2.5969211624092678
decision_type=2 2 2 2 2 2 2 2 2 2 2 2 2 2 2 2 2 2 2 2 2 2 2 2 2 2 2 2 2 2
left_child=1 2 3 7 5 -5 -4 23 9 10 -9 -12 17 18 19 16 -16 -10 -8 -15 -21 -22 -23 -1 -25 26 27 28 -14 -30
right_child=-2 -3 6 4 -6 -7 13 8 12 -11 11 -13 25 14 15 -17 -18 -19 -20 20 21 22 -24 24 -26 -27 -28 -29 29 -31
leaf_value=0.10229009975763886 0.45704977822322879 -0.065305488183627969 0.51371246680528637 0.40880071125924594 0.79432642012834553 -2.9635125014185908 0.34118547969837748 0.4623006738862902 0.86722191327384535 -1.3550700005676066 -0.013927672058343887 -1.0540648752025195 0.066759923422429285 0.18826388408779168 -0.48794291157458658 0.73205712814914425 0.58541603291906963 -0.03394220769405365 -0.15865417944007024 -0.71868844858387071 0.11951853309979113 -0.50085103058250946 0.050553022542968395 1.4946440987470675 0.044493199884891511 -0.096072344601960846 0.44028437973207074 -0.046998925192401432 0.99959861745321477 0.14630202637599396
leaf_weight=143 78 2895 168 40 40 40 378 53 56 42 48 42 1090 128 61 94 41 40 93 57 139 177 100 41 66 1261 144 2592 86 111
leaf_count=143 78 2895 168 40 40 40 378 53 56 42 48 42 1090 128 61 94 41 40 93 57 139 177 100 41 66 1261 144 2592 86 111
internal_value=-4.24288e-10 -0.00347262 0.0208126 -0.0044328 -0.586795 -1.27736 0.125152 0.007585 -0.00624217 -0.418109 -0.142918 -0.499325 0.00792055 0.0736707 -0.0260964 0.321688 -0.0564947 0.491737 0.242491 -0.139517 -0.228219 -0.161015 -0.301788 0.315378 0.600158 -0.000869449 0.0289717 0.0137025 0.135954 0.518807
internal_weight=10344 10266 7371 5935 120 80 1436 5815 5565 185 143 90 5380 1268 797 196 102 96 471 601 473 416 277 250 107 5284 4023 3879 1287 197
internal_count=10344 10266 7371 5935 120 80 1436 5815 5565 185 143 90 5380 1268 797 196 102 96 471 601 473 416 277 250 107 5284 4023 3879 1287 197
is_linear=0
shrinkage=0.05


Tree=93
num_leaves=31
num_cat=0
split_feature=23 0 24 2 14 9 13 16 0 9 9 11 23 13 27 26 12 12 7 5 7 13 17 5 22 27 7 14 15 11
split_gain=6181.69 7251.29 13142.9 10103.7 7150.25 6175.26 21342.7 9607.39 8272.08 27796.8 15515.7 30231.4 13805.5 9942.09 10196.5 9353 9330.71 11180.2 10480.7 18093.1 28571.6 13358.4 21987.3 14147.3 13814.7 12283.7 13212.8 9924.15 15363.3 10236
threshold=-3.8520833333333324 13.500000000000002 -0.18005952380952395 3.5000000000000004 356.9858000000001 264.72205000000002 56.698785513550881 298.0989788690477 19.500000000000004 391.0202000000001 398.86505000000005 349.27230000000003 20.231250000000003 57.692165975949358 -13.020833333333336 11.762500000000003 382.31935416666676 397.2784083333334 -0.21862536810265826 -0.12940952255126037 -0.26867065956352881 44.474205636032089 68.603369478333818 0.1294095225512602 10.300000000000002 1.6004602856356974e-15 0.96407344085605606 275.66925000000009 468.11420000000004 365.99050000000005
decision_type=2 2 2 2 2 2 2 2 2 2 2 2 2 2 2 2 2 2 2 2 2 2 2 2 2 2 2 2 2 2
left_child=1 -1 4 -4 -3 6 7 -2 10 12 13 -12 -10 16 -15 -16 18 -18 19 20 -7 23 27 24 25 26 -20 -23 -29 -30
right_child=5 2 3 -5 -6 8 -8 -9 9 -11 11 -13 -14 14 15 -17 17 -19 21 -21 -22 22 -24 -25 -26 -27 -28 28 29 -31
leaf_value=0.012017822417149706 -0.013510205443760496 -0.47242856992641463 1.4671130764111877 0.34329798053950072 0.39059939543406169 -0.15152856654811311 -1.1270174778997899 -0.31530097650374489 -0.17449181804479819 -1.4003701534867288 1.3778692108468484 -0.38972001967088477 0.1795935047194212 0.80646623353163405 0.19050903891456195 -0.32765877186035625 -0.5934561575842755 0.098751659490168106 0.58056603465752055 0.089612366129998872 -1.3198485797643662 -0.23068027903015415 -1.2609549246914686 -0.037648354412801566 -0.0088653659776064316 0.13072125318972039 0.0053849893784712229 0.59692828048020607 -0.34468639838869558 0.53956795612046882
leaf_weight=252 1704 40 40 40 60 1078 48 312 864 40 59 41 404 60 782 98 140 100 481 927 55 360 40 875 494 524 126 120 137 43
leaf_count=252 1704 40 40 40 60 1078 48 312 864 40 59 41 404 60 782 98 140 100 481 927 55 360 40 875 494 524 126 120 137 43
internal_value=-5.12529e-10 0.185148 0.427529 0.905206 0.0453882 -0.00806939 -0.0850253 -0.0602159 0.0121698 -0.102615 0.0351267 0.653158 -0.061676 0.0255299 0.175804 0.132804 -0.000153256 -0.305036 0.0137578 -0.0742082 -0.208243 0.0703858 -0.122675 0.124443 0.211723 0.308071 0.461171 -0.0536881 0.158703 -0.133448
internal_weight=10344 432 180 80 100 9912 2064 2016 7848 1308 6540 100 1268 6440 940 880 5500 240 5260 2060 1133 3200 700 2500 1625 1131 607 660 300 180
internal_count=10344 432 180 80 100 9912 2064 2016 7848 1308 6540 100 1268 6440 940 880 5500 240 5260 2060 1133 3200 700 2500 1625 1131 607 660 300 180
is_linear=0
shrinkage=0.05


Tree=94
num_leaves=31
num_cat=0
split_feature=11 26 10 23 23 13 13 9 18 27 25 6 6 0 13 0 16 24 0 19 22 16 27 24 23 27 19 24 5 18
split_gain=5933.22 5772.1 11445.9 5995.35 11981.1 10551.9 28427.5 9265.43 8452.92 9555.02 14160.5 6225.77 9504.03 14050.3 9010.7 10925.7 11352 34238.1 11195 21778.1 10336.3 9703.8 15593.7 12866 18965.6 11097.9 14762.5 9061.73 11614.6 8994.68
threshold=514.79450000000008 27.456250000000001 317.08265000000006 28.860416666666673 28.366666666666671 78.009786898730354 76.942801139376115 381.54325000000006 246.38840000000002 -1.7437500000000004 4.7500000000000009 -0.074117382312902977 -0.01397611846945947 11.500000000000002 26.27716339104035 4.5000000000000009 334.65697916666676 2.5559523809523816 18.500000000000004 544.02030000000013 2.5000000000000004 289.45278511904769 -15.967961315841158 8.1940476190476215 15.950000000000001 -5.9581970925866896 432.00000000000006 12.037202380952385 1.0000000180025095e-35 205.08160000000004
decision_type=2 2 2 2 2 2 2 2 2 2 2 2 2 2 2 2 2 2 2 2 2 2 2 2 2 2 2 2 2 2
left_child=1 3 -3 4 5 6 7 11 9 -9 -11 -1 13 -13 27 -16 20 18 -18 -20 -17 22 -22 25 -25 -23 -27 28 -14 -26
right_child=-2 2 -4 -5 -6 -7 -8 8 -10 10 -12 12 14 -15 15 16 17 -19 19 -21 21 23 -24 24 29 26 -28 -29 -30 -31
leaf_value=0.032165881637635271 0.43443440531308836 -0.28043394327163695 0.81148319966780658 0.4086839950015379 -0.76756308502875847 0.28052760182429226 -1.1099858736587784 -0.0369702804352968 -0.039916788377392459 1.2683913240667251 0.20773922998458147 0.035458800622395113 0.30183894098315722 -0.8790497660104718 0.081534885161048315 0.13043125763457072 -0.050239236602301444 -1.5534824914657153 -1.4851229511366952 -0.12201900867124399 0.48194382608730213 0.23351892725478904 -0.093914271985682168 -1.3192356258892177 -0.54949042096908329 0.55213704835284838 -0.31150781924838228 -0.13185870542742864 -0.021661821517967403 0.02387936105788277
leaf_weight=3690 78 40 60 86 52 310 59 62 142 61 65 84 548 84 825 475 339 52 45 84 135 174 910 57 171 55 493 432 562 114
leaf_count=3690 78 40 60 86 52 310 59 62 142 61 65 84 548 84 825 475 339 52 45 84 135 174 910 57 171 55 493 432 562 114
internal_value=-5.07505e-10 -0.00330079 0.374716 -0.00701923 -0.0105659 -0.00664051 -0.0158011 -0.00911745 0.251256 0.471185 0.72123 -0.0183278 -0.0513694 -0.421795 -0.0399946 -0.0801938 -0.123179 -0.336331 -0.201092 -0.59752 -0.0802846 -0.127743 -0.0195211 -0.234032 -0.486658 -0.114368 -0.224828 0.0624324 0.138048 -0.320143
internal_weight=10344 10266 100 10166 10080 10028 9718 9659 330 188 126 9329 5639 168 5471 3929 3104 520 468 129 2584 2109 1045 1064 342 722 548 1542 1110 285
internal_count=10344 10266 100 10166 10080 10028 9718 9659 330 188 126 9329 5639 168 5471 3929 3104 520 468 129 2584 2109 1045 1064 342 722 548 1542 1110 285
is_linear=0
shrinkage=0.05


Tree=95
num_leaves=31
num_cat=0
split_feature=10 9 23 23 11 7 17 13 2 23 0 9 25 22 5 17 5 26 6 10 19 9 13 25 26 25 17 0 25 25
split_gain=5596.49 5677.61 13385.4 7156.24 7172.75 11953.6 10968.6 9408.1 6937.98 7053.8 6278.74 9091.31 5903.38 5856.58 14336.4 11728.8 10847.7 20937.1 23569.4 11035.7 35776.8 16313 10862 10644 10805.8 10587.8 9463.89 15087.8 7907.15 11542.8
threshold=1.0000000180025095e-35 266.31720000000001 24.650000000000002 22.402083333333334 314.64195000000007 -0.58481178939031186 40.749949530584253 59.727989046986245 1.5000000000000002 9.7291666666666696 22.500000000000004 354.90760000000006 -1.1000000000000001 8.6000000000000032 -0.70710678118654757 45.902493991818595 -0.3794095225512602 8.3229166666666696 0.52766072109828632 373.05660000000006 442.03130000000004 392.40175000000005 44.702349245130534 1.0999999999999992 4.7979166666666675 -5.2499999999999982 68.387341556717757 12.500000000000002 4.1500000000000012 3.0500000000000003
decision_type=2 2 2 2 2 2 2 2 2 2 2 2 2 2 2 2 2 2 2 2 2 2 2 2 2 2 2 2 2 2
left_child=-1 2 3 4 -2 -6 12 8 -8 -10 13 -12 -7 14 15 -3 17 18 -15 21 -21 -18 -22 -17 26 -19 -25 -28 29 -27
right_child=1 10 -4 -5 5 6 7 -9 9 -11 11 -13 -14 16 -16 23 19 25 -20 20 22 -23 -24 24 -26 28 27 -29 -30 -31
leaf_value=0.51247709708393741 -0.021635500921168185 0.56617240820967019 -0.95636518945296611 0.43497442174702883 -1.02370416440747 0.59667065179596346 -0.2332789284954031 0.37346978715874934 -0.32366849032102851 -1.1512553054552812 -0.088100582234016289 -0.83153743852938844 -0.09109930439637258 -0.28355996473334155 0.013069571850361518 0.305517423428326 0.069898307680825653 -0.60319979981415806 -1.4149450586349877 -1.1456644331352621 -0.37864105223367611 1.0654287074293409 0.39010470924884322 0.26624738726845032 -0.67617008762123687 0.027558521809779041 -1.0470992917106265 0.27058454685741001 -0.25546406631186169 0.62854546845126691
leaf_weight=53 1672 210 42 72 44 60 193 44 51 52 287 48 65 312 2809 443 2032 72 54 79 72 42 127 186 60 781 42 45 206 89
leaf_count=53 1672 210 42 72 44 60 193 44 51 52 287 48 65 312 2809 443 2032 72 54 79 72 42 127 186 60 781 42 45 206 89
internal_value=-4.74683e-10 -0.00263932 -0.071961 -0.0554741 -0.071665 -0.236005 -0.16147 -0.308713 -0.410119 -0.741479 0.0172573 -0.194623 0.23903 0.0265224 0.0706463 0.234676 -0.0167912 -0.121182 -0.450486 0.050406 -0.245419 0.0900585 0.111966 0.144967 -0.0686188 -0.0161953 0.064909 -0.365539 0.0230838 0.0890388
internal_weight=10344 10291 2295 2253 2181 509 465 340 296 103 7996 335 125 7661 3795 986 3866 1514 366 2352 278 2074 199 776 333 1148 273 87 1076 870
internal_count=10344 10291 2295 2253 2181 509 465 340 296 103 7996 335 125 7661 3795 986 3866 1514 366 2352 278 2074 199 776 333 1148 273 87 1076 870
is_linear=0
shrinkage=0.05


Tree=96
num_leaves=31
num_cat=0
split_feature=9 9 4 2 9 18 6 6 10 18 22 27 17 13 27 2 7 15 11 11 22 22 12 17 11 16 16 15 24 16
split_gain=5523.72 11788.2 7811.83 27591.5 20281.1 9659.75 10997.7 13301.6 11684.2 9899.43 11379.2 9719.96 9413.58 13287.1 10636 9196.6 9011.59 9890.83 8346.23 7384.17 7332.58 11833.6 10986 9051.09 8116.03 9372.78 7289.79 7136.77 12111.5 11780.1
threshold=437.66935000000007 424.42965000000004 -0.37940952255126065 4.5000000000000009 366.54130000000004 246.08190000000005 -0.074117382312902977 -0.52766804058324157 329.35900000000009 245.14305000000004 0.8500000000000002 -4.190711705284988 39.45595963255613 44.474205636032089 -18.635209962520467 2.5000000000000004 0.7487283477006671 504.16635000000002 337.53880000000009 305.42515000000003 4.1500000000000012 20.300000000000004 283.81012708333338 75.088420627644766 358.12125000000009 319.339036904762 330.16430327380959 384.07445000000001 6.6696428571428585 291.45610922619056
decision_type=2 2 2 2 2 2 2 2 2 2 2 2 2 2 2 2 2 2 2 2 2 2 2 2 2 2 2 2 2 2
left_child=1 2 3 4 5 9 7 15 -8 12 -11 -10 13 14 -1 -7 -6 -18 -5 -14 23 27 -23 26 -24 -26 -21 28 -22 -30
right_child=-2 -3 -4 18 16 6 8 -9 11 10 -12 -13 19 -15 -16 -17 17 -19 -20 20 21 22 24 -25 25 -27 -28 -29 29 -31
leaf_value=-0.74689183853566643 0.43641822809974357 -0.78478926721339426 -0.033243045523384307 -0.10505183013697267 0.31340929411276425 0.15453781163881697 -1.1413710925314162 0.55265262388520775 0.41957831299159587 0.17779406578767867 1.2188190721472105 -0.58622679160586721 0.42546650610092912 -0.74940442388492923 0.10994919247483936 -0.73468262208280743 1.5288647307289971 0.48054161184363897 -0.54807466074526934 0.22987853091123492 0.40577994215916968 1.0290434171714717 0.5263267402495958 -0.33278989172117279 -0.42910014598224411 0.2874384126744487 0.74146510436494129 -0.33139336273241582 0.13599230986362124 -0.47658673963767106
leaf_weight=40 72 48 6390 997 99 63 45 90 41 63 45 58 256 63 383 54 45 45 119 172 153 45 113 44 78 110 117 178 177 141
leaf_count=40 72 48 6390 997 99 63 45 90 41 63 45 58 256 63 383 54 45 45 119 172 153 45 113 44 78 110 117 178 177 141
internal_value=5.50284e-10 -0.00305901 0.000611089 0.0570346 0.142983 0.105646 -0.137773 0.0956607 -0.473334 0.144874 0.611554 -0.169681 0.120526 -0.0719704 0.028924 -0.255872 0.642597 1.0047 -0.152292 0.179587 0.132188 0.0642196 0.300377 0.335279 0.19144 -0.00984886 0.436991 -0.0616822 0.0402468 -0.135623
internal_weight=10344 10272 10224 3834 2718 2529 351 207 144 2178 108 99 2070 486 423 117 189 90 1116 1584 1328 995 346 333 301 188 289 649 471 318
internal_count=10344 10272 10224 3834 2718 2529 351 207 144 2178 108 99 2070 486 423 117 189 90 1116 1584 1328 995 346 333 301 188 289 649 471 318
is_linear=0
shrinkage=0.05


Tree=97
num_leaves=31
num_cat=0
split_feature=6 27 26 14 22 15 7 22 10 24 9 16 11 7 14 0 19 6 9 17 12 12 11 12 17 11 11 15 13 18
split_gain=5312.78 6000.15 16280.9 10448.6 8694.4 7243.78 7569.49 6944.96 29677.6 6919.75 6090.39 6806.28 5952.68 5157.77 8274.98 14608.6 9521.45 8206.64 6498.31 5804.65 5775.59 9607.59 14232.3 7075.15 10563.9 5245.57 9213.46 17266.4 5104.3 9078.02
threshold=0.69676570133721638 11.853440746711057 27.456250000000001 1.0000000180025095e-35 23.050000000000004 403.05030000000005 -0.86974577485258975 27.250000000000004 363.64205000000004 25.823511904761908 378.85180000000008 376.68936041666672 413.95685000000009 -0.99761278905001471 222.00575000000003 17.500000000000004 341.36410000000006 -0.01397611846945947 288.12765000000007 44.794443782641487 381.33431666666678 366.65748333333335 384.97810000000004 396.61835208333338 55.824217045456294 492.81720000000001 438.21245000000005 380.58550000000008 27.532578903362388 100.93615000000001
decision_type=2 2 2 2 2 2 2 2 2 2 2 2 2 2 2 2 2 2 2 2 2 2 2 2 2 2 2 2 2 2
left_child=1 2 7 -3 9 6 -6 10 -9 -5 13 -12 28 17 15 -15 -17 -1 -18 -20 21 25 -23 24 -22 26 -16 -28 29 -2
right_child=12 3 -4 4 5 -7 -8 8 -10 -11 11 -13 -14 14 20 16 18 -19 19 -21 23 22 -24 -25 -26 -27 27 -29 -30 -31
leaf_value=-0.77858277297779632 -0.16367732643329799 -0.845830017917378 0.80020623707345551 -0.11436267266447803 0.7835898084512779 -0.047537998110055928 0.10426080153897554 0.45331798510059063 -1.4088743233680727 -0.76764661829138914 0.50071959944606637 0.059664670290873835 0.2391005211463198 0.032769504058299315 0.0079269206218304297 -0.20248162632896785 1.0089361391133733 0.023700278830878874 0.88447086935242025 0.21769002993310363 0.21199246407658967 0.086623007824518677 0.76474763534022772 0.041574415993333488 -0.60805181980702194 0.49642605016816338 0.06310631712677621 -1.2825462616980077 -0.12005332501381999 0.16839071083047386
leaf_weight=51 357 43 70 707 70 225 99 46 40 43 147 216 160 531 3847 42 72 85 48 102 54 311 103 192 144 53 59 40 1901 486
leaf_count=51 357 43 70 707 70 225 99 46 40 43 147 216 160 531 3847 42 72 85 48 102 54 311 103 192 144 53 59 40 1901 486
internal_value=-4.9705e-11 0.0223871 0.0419506 -0.0806713 -0.051911 0.138267 0.38564 0.0333661 -0.412818 -0.151818 0.0396597 0.238274 -0.0573554 0.0270861 0.0344775 0.183898 0.487872 -0.277156 0.618479 0.43106 0.00974517 0.0260448 0.255335 -0.174691 -0.384403 0.00230729 -0.00432938 -0.480592 -0.0746415 0.027764
internal_weight=10344 7440 6253 1187 1144 394 169 6183 86 750 6097 363 2904 5734 5598 795 264 136 222 150 4803 4413 414 390 198 3999 3946 99 2744 843
internal_count=10344 7440 6253 1187 1144 394 169 6183 86 750 6097 363 2904 5734 5598 795 264 136 222 150 4803 4413 414 390 198 3999 3946 99 2744 843
is_linear=0
shrinkage=0.05


Tree=98
num_leaves=31
num_cat=0
split_feature=10 10 16 9 10 2 7 7 23 10 9 22 11 18 0 17 17 17 15 17 27 15 13 27 11 17 13 16 13 2
split_gain=4905.24 5279.53 8320.41 5025.44 5231.47 6431.81 4399.98 6695.6 5346.88 4834.79 18279.7 15181.5 8456.99 7314.13 6016.83 6456.66 8304.24 8132.83 8051.12 13329.6 8050.16 7488.38 12252.8 11104.2 8878.76 8602.07 6794.21 6016 5919.16 5999.26
threshold=1.0000000180025095e-35 214.83060000000003 269.28757678571429 1.0000000180025095e-35 476.20150000000007 3.5000000000000004 0.99988440732898443 0.99681593486783593 3.2645833333333338 366.29005000000006 398.86505000000005 27.250000000000004 276.69015000000007 193.32670000000005 20.500000000000004 51.34030846704831 54.8501170200662 53.192998127690977 477.75385000000006 60.017093771021258 -1.9003494744388461 388.34005000000008 41.318845659204378 -3.0572999702735308 402.81115000000005 49.232378587670368 36.103457805564403 327.21366130952384 49.620569306336328 2.5000000000000004
decision_type=2 2 2 2 2 2 2 2 2 2 2 2 2 2 2 2 2 2 2 2 2 2 2 2 2 2 2 2 2 2
left_child=-1 2 -2 -3 6 -6 7 9 -9 10 -5 12 13 -11 15 21 17 20 26 -20 -17 -14 23 -23 25 -24 -18 -28 -16 -30
right_child=1 3 -4 4 5 -7 -8 8 -10 11 -12 -13 14 -15 28 16 18 -19 19 -21 -22 22 24 -25 -26 -27 27 -29 29 -31
leaf_value=0.47978488454278917 -0.055604690720892358 -0.55033792802473402 -0.8373600367456675 0.013276530092562484 0.54752976466070424 -0.18063314557075502 0.47766087607791025 0.044723823014646773 -0.50115607484799474 -0.0049486564099788669 1.0021973556660591 -0.93432326292991652 0.3217573858737075 -0.90426706164502191 0.040839293215642961 0.49746527078947644 -0.13644437765081724 0.98147601640742765 -0.8473267837365468 0.0049022801946371035 -0.34088250466368419 -1.1617536944204143 -0.36868422476724649 -0.11332074941500375 0.43409530457476492 0.40687069710758 0.036531292360562545 0.54011926851302816 -0.98466817769739368 -0.16359609460288829
leaf_weight=53 117 41 48 8104 93 45 48 72 119 40 47 50 77 52 68 82 120 46 60 195 44 56 174 46 71 45 104 138 45 44
leaf_count=53 117 41 48 8104 93 45 48 72 119 40 47 50 77 52 68 82 120 46 60 195 44 56 174 46 71 45 104 138 45 44
internal_value=3.59922e-10 -0.00247095 -0.283024 0.00210058 0.00434648 0.310085 0.000104807 -0.00221085 -0.295379 0.00355709 0.0189788 -0.0771766 -0.0487378 -0.513259 -0.0185357 0.0178881 0.105222 0.412449 0.0195765 -0.195622 0.204709 -0.129034 -0.217582 -0.688931 -0.0517969 -0.209324 0.171167 0.323701 -0.31039 -0.578745
internal_weight=10344 10291 165 10126 10085 138 9947 9899 191 9708 8151 1557 1507 92 1415 1258 789 172 617 255 126 469 392 102 290 219 362 242 157 89
internal_count=10344 10291 165 10126 10085 138 9947 9899 191 9708 8151 1557 1507 92 1415 1258 789 172 617 255 126 469 392 102 290 219 362 242 157 89
is_linear=0
shrinkage=0.05


Tree=99
num_leaves=31
num_cat=0
split_feature=6 27 26 23 22 14 2 9 27 24 11 22 13 18 24 17 2 11 5 26 23 27 23 16 17 5 13 0 27 26
split_gain=4901.97 5519.85 14959.5 9983.79 8688.33 7297.04 10167.9 6330.79 52519.1 6163.68 5323.63 5259.32 5042.69 8223.91 5912.77 7221.2 10653.9 12836.1 14459.4 9474.45 11326.5 8103.63 14920.3 6923.83 5650.42 9113.67 5308.59 6580.08 6066.57 5678.47
threshold=0.69676570133721638 11.853440746711057 27.456250000000001 28.433333333333341 23.050000000000004 209.26470000000003 1.5000000000000002 424.42965000000004 -0.78665629407003379 25.823511904761908 402.81115000000005 -8.5999999999999996 27.532578903362388 100.93615000000001 15.855952380952383 53.550884006029669 4.5000000000000009 283.58475000000004 -0.3794095225512602 9.3604166666666675 15.093750000000005 -10.125493253208175 14.460416666666669 379.81520059523814 37.62799666005926 -0.78656609248549325 16.035914322671935 5.5000000000000009 3.5591297600219957e-16 4.0291666666666668
decision_type=2 2 2 2 2 2 2 2 2 2 2 2 2 2 2 2 2 2 2 2 2 2 2 2 2 2 2 2 2 2
left_child=1 2 7 4 9 -6 -7 11 -9 -3 12 -1 13 -2 15 16 21 -18 -19 23 -21 22 -14 -17 25 -23 28 -28 -15 -29
right_child=10 3 -4 -5 5 6 -8 8 -10 -11 -12 -13 14 26 -16 19 17 18 -20 20 -22 24 -24 -25 -26 -27 27 29 -30 -31
leaf_value=0.55996315743929403 -0.15600564474100784 -0.11059312909583266 0.76710253551070184 -0.80784152537584308 0.76125459712605148 0.55646190207313617 -0.087505537410458883 -1.7760256862454118 0.53351239413022999 -0.72676384882178424 0.19933746149763465 0.034508131151773223 0.050042662648267525 -0.4937280776171849 0.42934572643910845 0.1158715879097581 -0.22017883978425024 -1.6731541399657726 -0.43745087970947405 -1.0428292302290598 0.067000258769443696 0.83834685906767847 -1.2915921288728716 -0.56545888140797618 -0.14630763022248203 -0.024710030303551601 -0.099540693246914697 0.49635780596170015 0.22637505101955543 -0.076627745313776863
leaf_weight=48 348 723 70 45 43 81 252 40 64 43 192 6031 43 58 48 550 166 40 58 45 47 40 40 40 633 130 96 217 59 54
leaf_count=48 348 723 70 45 43 81 252 40 64 43 192 6031 43 58 48 550 166 40 58 45 47 40 40 40 633 130 96 217 59 54
internal_value=-3.82392e-10 0.0215042 0.0402683 -0.0773434 -0.0485584 0.148287 0.0691352 0.0320395 -0.354771 -0.145182 -0.0550934 0.0386571 -0.0731062 0.0293819 -0.118463 -0.132816 -0.209262 -0.488061 -0.94182 -0.00391098 -0.475851 -0.126188 -0.596528 0.0696797 -0.0775731 0.178362 0.162677 0.256174 -0.130599 0.382184
internal_weight=10344 7440 6253 1187 1142 376 333 6183 104 766 2904 6079 2712 832 1880 1832 1150 264 98 682 92 886 83 590 803 170 484 367 117 271
internal_count=10344 7440 6253 1187 1142 376 333 6183 104 766 2904 6079 2712 832 1880 1832 1150 264 98 682 92 886 83 590 803 170 484 367 117 271
is_linear=0
shrinkage=0.05


Tree=100
num_leaves=31
num_cat=0
split_feature=15 15 11 9 13 11 4 2 11 14 0 9 17 0 9 22 23 25 13 13 7 4 7 23 5 7 9 11 16 5
split_gain=4811 7350.27 7221.67 5150.15 18165.9 8097.26 8400.29 11879 7669.05 10908.7 7302.83 6401.94 6107.17 5362.55 25280.8 13394.7 12673.2 9157.23 8295.3 14540.5 18300.8 27148.2 16839.3 11911.1 11537.1 30144.7 10327.6 9471.83 11114 8656.72
threshold=544.02030000000013 533.63000000000011 303.42290000000008 264.72205000000002 56.698785513550881 354.21165000000002 -0.78656609248549292 3.5000000000000004 327.08585000000005 233.98480000000004 15.500000000000002 257.79320000000007 32.740234991800449 19.500000000000004 393.29170000000005 13.600000000000003 12.325000000000003 3.6000000000000001 49.620569306336328 44.908218909071458 0.83258597624099873 0.25881904510252091 -0.21862536810265826 2.5333333333333337 -0.12940952255126037 -0.26867065956352881 381.54325000000006 419.56535000000002 380.92722767857146 0.1294095225512602
decision_type=2 2 2 2 2 2 2 2 2 2 2 2 2 2 2 2 2 2 2 2 2 2 2 2 2 2 2 2 2 2
left_child=1 3 -2 4 5 6 7 -1 -8 -10 11 -7 -5 18 15 16 -15 -17 19 22 23 -22 24 -21 25 -14 27 28 -20 -24
right_child=2 -3 -4 12 -6 10 8 -9 9 -11 -12 -13 13 14 -16 17 -18 -19 26 20 21 -23 29 -25 -26 -27 -28 -29 -30 -31
leaf_value=0.52499639602640691 -0.30812254576012493 -0.50914965925945177 0.32450349906636083 -0.33764995429276801 -1.033426297021409 0.30429919006976675 -0.043643107274143084 -0.051011203939006447 -1.1221423166099844 -0.031446049820918302 -0.78931122093058348 -0.53491189144551754 -0.14913199053738604 -0.1059381020241361 -1.3085066467523576 0.06192375346349932 -0.8426627710927278 0.60179672835511155 0.097473688939240799 0.75671576648950589 -0.015437235793630991 -1.4079725916896548 0.18410528243695504 -0.13637888069098283 0.062364112741816496 -1.4969335193999791 0.69039019092917453 0.52257184412066393 -0.68397012400500323 -0.0050050353584861111
leaf_weight=156 56 72 232 120 48 47 1423 210 41 52 67 44 726 664 40 432 64 96 1426 40 70 70 1729 560 630 44 80 127 47 931
leaf_count=156 56 72 232 120 48 47 1423 210 41 52 67 44 726 664 40 432 64 96 1426 40 70 70 1729 560 630 44 80 127 47 931
internal_value=1.17533e-09 -0.00577068 0.201493 -0.00214054 -0.0719744 -0.049352 -0.0204889 0.1945 -0.0723926 -0.512291 -0.393151 -0.101473 0.0163262 0.0217887 -0.0710571 -0.0316479 -0.170705 0.160082 0.0403579 0.00688971 -0.196949 -0.711705 0.0440426 -0.0768392 -0.0963182 -0.226149 0.135981 0.108261 0.0725396 0.117917
internal_weight=10344 10056 288 9984 2088 2040 1882 366 1516 93 158 91 7896 7776 1296 1256 728 528 6480 4800 740 140 4060 600 1400 770 1680 1600 1473 2660
internal_count=10344 10056 288 9984 2088 2040 1882 366 1516 93 158 91 7896 7776 1296 1256 728 528 6480 4800 740 140 4060 600 1400 770 1680 1600 1473 2660
is_linear=0
shrinkage=0.05


Tree=101
num_leaves=31
num_cat=0
split_feature=9 9 27 13 13 13 13 0 0 2 24 9 11 2 23 0 2 25 9 17 9 9 25 17 11 0 0 11 9 23
split_gain=4543.56 10721.6 7098.75 9937.55 4784.8 5313.9 7221.5 13868.2 10494.1 9647.99 13038.9 9567.36 8656.03 8013.07 7624.49 7532.7 16319.5 16702 14973.8 14939.7 29620.7 12200.3 20956.7 10918.5 10597.6 9476.88 8010.63 12389.4 8267.18 7356.77
threshold=437.66935000000007 424.42965000000004 -23.221153121816556 56.443380128269446 12.592347737317665 15.321833925114301 22.345356179534388 10.500000000000002 4.5000000000000009 4.5000000000000009 2.0800595238095241 237.71195000000003 303.42290000000008 4.5000000000000009 3.0166666666666671 11.500000000000002 4.5000000000000009 -9.1999999999999975 237.29835000000003 68.603369478333818 288.81795000000005 259.98450000000008 -0.50000000000000011 36.787140226981613 315.49180000000007 17.500000000000004 21.500000000000004 297.49875000000003 361.58320000000009 4.4166666666666679
decision_type=2 2 2 2 2 2 2 2 2 2 2 2 2 2 2 2 2 2 2 2 2 2 2 2 2 2 2 2 2 2
left_child=1 2 3 -1 -4 -6 7 13 11 10 -9 -8 -12 -7 -14 19 17 -17 -19 29 -21 22 -20 25 -24 -18 27 -23 -29 -10
right_child=-2 -3 4 -5 5 6 8 9 15 -11 12 -13 14 -15 -16 16 23 18 21 20 -22 26 24 -25 -26 -27 -28 28 -30 -31
leaf_value=0.12309911971417618 0.3958084494289425 -0.74830002225935466 0.20641048156016267 0.97907961301687296 -0.15905174150675727 -0.23843709889122031 -0.62854304625756219 1.1711872832204859 0.093450614644774499 0.059909349512664758 0.79682696076730897 0.1104458158240844 0.61540090934089997 0.12986237223514102 -0.0072698690215049436 0.97702063856025545 -1.2624145412728902 0.77513382497118488 0.11316017199754716 -1.6011305120450503 -0.18970752528735571 0.44272611855288108 -0.35155360530723229 -0.13412258777501462 -1.3423091405967498 -0.2002467634954623 -0.14205802157813593 0.017029323337801768 0.39071127047509324 -0.1304184825062723
leaf_weight=196 72 48 259 41 573 319 45 52 469 314 72 1640 69 275 171 48 42 67 125 49 154 224 55 861 53 42 446 1714 162 1687
leaf_count=196 72 48 259 41 573 319 45 52 469 314 72 1640 69 275 171 48 42 67 125 49 154 224 55 861 53 42 446 1714 162 1687
internal_value=1.2181e-10 -0.00277436 0.000725762 0.27118 -0.00569235 -0.0113394 -0.00209428 0.108455 -0.0199325 0.262986 0.438167 0.0907102 0.315997 -0.0679281 0.171748 -0.0500121 -0.00680305 0.0521059 0.0365065 -0.12033 -0.530396 0.0186986 -0.327609 -0.187208 -0.837758 -0.731331 0.0503913 0.0912639 0.0492982 -0.0817197
internal_weight=10344 10272 10224 237 9987 9728 9155 1272 7883 678 364 1685 312 594 240 6198 3839 2894 2846 2359 203 2779 233 945 108 84 2546 2100 1876 2156
internal_count=10344 10272 10224 237 9987 9728 9155 1272 7883 678 364 1685 312 594 240 6198 3839 2894 2846 2359 203 2779 233 945 108 84 2546 2100 1876 2156
is_linear=0
shrinkage=0.05


Tree=102
num_leaves=31
num_cat=0
split_feature=23 23 13 13 9 18 11 11 12 12 11 12 11 5 22 10 10 18 11 18 23 10 22 17 26 23 7 2 5 6
split_gain=4446.54 5727.97 7943.72 14313.6 7252.98 6947.01 8309.38 11139.8 5960.21 9773.7 11685.4 8388.51 6149.28 5016.71 4847.12 4813.55 6803.44 4754.87 11439.4 10813.8 8283.88 7995.34 7644.03 8925.59 8037.18 7630.96 7369.64 12213.5 6888.37 6485.01
threshold=28.860416666666673 28.395833333333339 78.009786898730354 77.468135043253696 381.54325000000006 246.38840000000002 282.90090000000004 364.08505000000008 381.33431666666678 366.65748333333335 383.44830000000007 385.89402916666671 514.79450000000008 -0.12940952255126037 3.0500000000000003 461.85670000000005 425.94045000000006 246.16770000000002 305.42515000000003 236.29365000000004 4.2479166666666677 330.01170000000008 20.850000000000005 47.796708917511339 23.579166666666669 10.710416666666669 0.69521084835931835 2.5000000000000004 -0.5 0.46039464932087154
decision_type=2 2 2 2 2 2 2 2 2 2 2 2 2 2 2 2 2 2 2 2 2 2 2 2 2 2 2 2 2 2
left_child=1 2 3 4 8 6 -6 14 9 12 -11 13 17 -10 -8 16 -13 19 25 22 21 -20 24 -24 -1 -19 -21 -28 -23 -22
right_child=-2 -3 -4 -5 5 -7 7 -9 11 10 -12 15 -14 -15 -16 -17 -18 18 20 26 29 28 23 -25 -26 -27 27 -29 -30 -31
leaf_value=-0.045744972961618807 0.33870419676726066 -0.54808966669564441 0.24779553035489071 -0.86977082788944249 -0.11173593930478365 -0.038464327482506638 1.3018639054563312 -0.044746450629345208 -0.89748608762567705 0.069464825577796638 0.65308060209440477 -0.050859446192937578 0.57472510960969059 -0.24865439355373387 0.5899029721232022 0.32987422752194107 -0.73783084834437995 0.30722599792862088 0.28802996380489415 0.067787237854802285 -0.28562592454839753 0.14490858517413915 0.27813924185968208 -0.024979613992696006 -0.62763474424680077 -0.19093205027918264 0.8215965724472577 0.11462602739833355 -0.70680111379555943 -0.82946595140965662
leaf_weight=5411 96 48 312 48 53 144 45 43 55 314 118 254 44 65 51 64 42 205 119 816 382 43 408 600 60 123 96 168 53 64
leaf_count=5411 96 48 312 48 53 144 45 43 55 314 118 254 44 65 51 64 42 205 119 816 382 43 408 600 60 123 96 168 53 64
internal_value=6.31431e-11 -0.00317287 -0.000608559 -0.00844655 -0.00424497 0.224059 0.420952 0.624064 -0.0123163 -0.00318428 0.228878 -0.183999 -0.0148522 -0.546036 0.923635 -0.0633201 -0.148335 -0.017887 -0.120983 -0.00439824 -0.24077 0.0141683 -0.0288148 0.0977114 -0.0521265 0.120417 0.142079 0.371706 -0.325306 -0.363666
internal_weight=10344 10248 10200 9888 9840 336 192 139 9504 9024 432 480 8592 120 96 360 296 8548 989 7559 661 215 6479 1008 5471 328 1080 264 96 446
internal_count=10344 10248 10200 9888 9840 336 192 139 9504 9024 432 480 8592 120 96 360 296 8548 989 7559 661 215 6479 1008 5471 328 1080 264 96 446
is_linear=0
shrinkage=0.05


Tree=103
num_leaves=31
num_cat=0
split_feature=26 10 17 13 13 13 11 9 18 11 11 12 12 11 12 9 23 5 13 22 5 13 13 0 19 0 0 15 27 23
split_gain=4197.63 9333.32 5038.43 12100.3 6761.6 18765.1 9338.62 6888.01 5890.29 8916.73 10128.3 5382.65 8817.28 10575.9 7570.63 5309.82 5149.45 4527.58 4413.33 4892.47 6834.37 4507.43 5542.19 8221.2 9917.16 30023.2 7991.19 7662.06 8605.75 8551.61
threshold=27.456250000000001 317.08265000000006 104.13585983690119 117.92598741444549 78.009786898730354 76.942801139376115 335.80960000000005 381.54325000000006 246.38840000000002 282.90090000000004 364.08505000000008 381.33431666666678 366.65748333333335 399.83690000000007 385.89402916666671 362.4504500000001 28.306250000000002 -0.12940952255126037 12.592347737317665 12.500000000000002 -0.5 15.321833925114301 22.345356179534388 4.5000000000000009 573.47545000000014 12.500000000000002 4.5000000000000009 477.75385000000006 -5.6792995310458492e-16 3.2645833333333338
decision_type=2 2 2 2 2 2 2 2 2 2 2 2 2 2 2 2 2 2 2 2 2 2 2 2 2 2 2 2 2 2
left_child=2 -2 3 4 5 7 -6 11 9 -9 -11 12 15 -14 17 16 18 -13 19 20 -1 -20 26 -24 27 -26 -23 29 -29 -25
right_child=1 -3 -4 -5 6 -7 -8 8 -10 10 -12 14 13 -15 -16 -17 -18 -19 21 -21 -22 22 23 24 25 -27 -28 28 -30 -31
leaf_value=0.79315161481083907 -0.26923160642385485 0.71678091945747546 0.3274013579545314 -0.70323655076565283 -0.022485887606374242 -0.87609473505327784 0.60444278352790415 -0.082794357605383437 -0.036541117172843467 0.87241961219731512 -0.042509128326593447 -0.85261177848685876 0.094096440487040606 0.71365495507800303 -0.060154116470366718 0.35562060150938729 0.43563479024075696 -0.23622168579926861 -0.16954075506831889 -0.10530280081632858 0.11664687021901565 -0.17564287227419939 0.073503111603264754 0.13295670676097301 -1.6138850097730757 0.18643221571364188 0.15205272654340524 -0.81763134641923774 -0.012668660609051585 -0.070323396642747338
leaf_weight=56 40 60 114 62 132 62 108 71 144 102 43 55 346 86 360 96 62 65 528 96 112 235 1345 589 40 55 893 69 64 4254
leaf_count=56 40 60 114 62 132 62 108 71 144 102 43 55 346 86 360 96 62 65 528 96 112 235 1345 589 40 55 893 69 64 4254
internal_value=-3.87848e-11 0.322376 -0.00314697 -0.00686687 -0.00257853 -0.00898172 0.259632 -0.00347681 0.211163 0.376299 0.601096 -0.0116918 -0.00292063 0.217434 -0.174799 -0.0141278 -0.0183545 -0.518734 -0.0217311 0.179439 0.342148 -0.0283105 -0.0184258 -0.0363952 -0.0655439 -0.571596 0.0837828 -0.0558826 -0.430281 -0.0456007
internal_weight=10344 100 10244 10130 10068 9828 240 9766 360 216 145 9406 8926 432 480 8494 8398 120 8336 264 168 8072 7544 6416 5071 95 1128 4976 133 4843
internal_count=10344 100 10244 10130 10068 9828 240 9766 360 216 145 9406 8926 432 480 8494 8398 120 8336 264 168 8072 7544 6416 5071 95 1128 4976 133 4843
is_linear=0
shrinkage=0.05


Tree=104
num_leaves=31
num_cat=0
split_feature=10 10 14 9 12 0 11 9 23 13 6 13 0 10 14 0 2 11 23 17 6 14 18 13 11 18 23 9 0 26
split_gain=4261.18 4417.16 7605.05 4104.63 4012 3783.97 7879.38 12280.2 10893.7 10173.8 5354.68 4829.03 8861.02 10001.1 6385.74 6834.2 31118 25902.5 13986.7 15622.2 14825.7 12783.7 10950 10769.4 10045.6 9713.04 8891.04 8011.54 7874.26 10746.7
threshold=1.0000000180025095e-35 214.83060000000003 196.91545000000002 1.0000000180025095e-35 256.78082500000005 21.500000000000004 318.07845000000003 365.66850000000005 20.883333333333336 46.878451679524481 -0.108376950152639 57.692165975949358 19.500000000000004 384.97810000000004 187.84795000000003 12.500000000000002 4.5000000000000009 331.27530000000007 3.5000000000000004 75.088420627644766 0.42958674266195179 264.12265000000008 246.61495000000002 29.069133542865902 434.02505000000002 245.14305000000004 2.1562500000000004 398.86505000000005 18.500000000000004 4.929166666666668
decision_type=2 2 2 2 2 2 2 2 2 2 2 2 2 2 2 2 2 2 2 2 2 2 2 2 2 2 2 2 2 2
left_child=-1 2 -2 -3 -4 11 8 9 -7 -8 -11 14 -13 -14 -5 24 17 23 19 20 26 -22 25 -17 27 -20 -19 -16 29 -24
right_child=1 3 4 5 -6 6 7 -9 -10 10 -12 12 13 -15 15 16 -18 18 22 -21 21 -23 28 -25 -26 -27 -28 -29 -30 -31
leaf_value=0.44717939282363317 0.15161667643983698 -0.49739005042285456 -0.92482855673879394 -0.56363982450962069 -0.27392093153863123 -0.095690388689931849 -0.39488575804393206 -1.1190744006633759 0.46024133661931216 0.69323027923703195 -0.10608891277489337 0.15361000854086052 0.11385949903300829 -0.88113402983416678 -0.037146908973517849 0.70610036678453336 -0.17206923400778287 1.4020070252673966 0.0026795884997501697 -0.46923055724830043 0.91073669039684801 -0.077994768864648276 0.40728020218183414 0.28327013014642233 -0.81470272642810171 0.72354916796392332 0.43295708211456863 0.47385959694018731 -0.82345990503672517 -0.49590116441249849
leaf_weight=53 67 41 40 50 58 443 175 40 110 40 44 1034 56 46 4607 211 1018 56 1008 49 46 113 53 526 41 49 41 78 64 87
leaf_count=53 67 41 40 50 58 443 175 40 110 40 44 1034 56 46 4607 211 1018 56 1008 49 46 113 53 526 41 49 41 78 64 87
internal_value=-8.10386e-11 -0.00230303 -0.258923 0.0018785 -0.539598 0.00390825 -0.0969143 -0.303701 0.0148928 -0.177775 0.274539 0.0132119 0.109751 -0.334863 -0.000332347 0.00316776 0.0581357 0.159894 0.0448581 0.348694 0.50525 0.208053 -0.0286313 0.404325 -0.0354586 0.0360974 0.992409 -0.0286392 -0.364015 -0.153983
internal_weight=10344 10291 165 10126 98 10085 852 299 553 259 84 9233 1136 102 8097 8047 3321 2303 1566 305 256 159 1261 737 4726 1057 97 4685 204 140
internal_count=10344 10291 165 10126 98 10085 852 299 553 259 84 9233 1136 102 8097 8047 3321 2303 1566 305 256 159 1261 737 4726 1057 97 4685 204 140
is_linear=0
shrinkage=0.05


Tree=105
num_leaves=31
num_cat=0
split_feature=6 9 9 27 2 27 10 11 23 26 10 4 4 4 24 25 13 4 9 2 9 9 14 24 27 10 24 27 7 7
split_gain=4006.21 5110.51 12034.5 10772.3 8206.92 8617.25 7013.85 8348.73 5219.44 5040.34 17029.8 4932.05 4544.11 7031.99 10712.9 7551.49 4877.23 4329.35 15739.3 13015.5 15195.2 10319 9948.1 7721.36 11684.2 9847.26 14196.8 20129.6 8843.88 12956
threshold=0.69676570133721638 306.71200000000005 292.91655000000009 -3.9793428184512627 2.5000000000000004 -1.213214273918068 356.06000000000006 325.40140000000002 6.6437500000000016 13.5375 308.32895000000002 1.0000000180025095e-35 -0.78656609248549292 -0.70710678118654735 10.040773809523811 -8.5999999999999979 15.562184282424399 -0.37940952255126065 424.42965000000004 4.5000000000000009 366.54130000000004 237.29835000000003 297.84350000000006 1.0776785714285715 -1.9003494744388461 381.04305000000005 23.88988095238096 -6.2450878757862496 0.99681593486783593 0.84199059757024453
decision_type=2 2 2 2 2 2 2 2 2 2 2 2 2 2 2 2 2 2 2 2 2 2 2 2 2 2 2 2 2 2
left_child=17 2 6 -3 -4 -6 9 -8 -5 12 -11 -7 16 14 -14 -15 -2 18 19 20 21 -1 -22 -23 25 28 27 -27 29 -25
right_child=1 3 4 8 5 11 7 -9 -10 10 -12 -13 13 15 -16 -17 -18 -19 -20 -21 22 23 -24 24 -26 26 -28 -29 -30 -31
leaf_value=0.85783949560589257 -0.32220250705503073 0.34583473263391812 -0.039043209706088183 -0.2453572209859389 0.7948872660597166 -0.18770234510302544 -1.0490912660956384 -0.051015325991267513 -0.75610672309994698 -0.013819191256469047 -1.2215330141782763 0.35186026243286 -1.0982656164867122 -0.6401969862671999 0.037913024638380324 -0.025807347814314142 0.19670400772052085 -0.010103731700028944 -0.85884565671284996 -0.085727823362424127 0.24210020144780478 -0.27217186414809141 1.0058909300300811 0.11567818457529969 0.59186911491341287 -1.272420248245592 0.24642960321127383 -0.11235011519028211 -0.49563328027725223 0.64486178689074658
leaf_weight=45 53 67 216 229 84 60 40 44 64 108 40 144 41 52 42 1309 311 4650 45 801 90 135 81 988 122 53 121 127 51 131
leaf_count=45 53 67 216 229 84 60 40 44 64 108 40 144 41 52 42 1309 311 4650 45 801 90 135 81 988 122 53 121 127 51 131
internal_value=2.75051e-10 -0.0498059 -0.0248544 -0.22613 0.193934 0.368668 -0.0789081 -0.52629 -0.35692 -0.0596954 -0.340228 0.193165 -0.0367314 -0.0765295 -0.523332 -0.0492815 0.121149 0.0194404 0.0686805 0.0838859 0.153773 0.11036 0.603896 0.0908945 0.121663 0.0826655 -0.172388 -0.453926 0.148282 0.177629
internal_weight=10344 2904 2544 360 504 288 2040 84 293 1956 148 204 1808 1444 83 1361 364 7440 2790 2745 1944 1773 171 1728 1593 1471 301 180 1170 1119
internal_count=10344 2904 2544 360 504 288 2040 84 293 1956 148 204 1808 1444 83 1361 364 7440 2790 2745 1944 1773 171 1728 1593 1471 301 180 1170 1119
is_linear=0
shrinkage=0.05


Tree=106
num_leaves=31
num_cat=0
split_feature=15 11 15 9 13 16 13 0 9 23 6 16 16 9 13 13 7 4 7 23 5 7 0 22 16 14 25 9 11 16
split_gain=3839.26 6367.65 5554.94 3850.53 14909.8 7133.33 5604.1 5294.2 22809.6 11831.7 8635.74 9056.83 18140.4 7330.83 6570.53 11872.7 16071.3 22730.3 11790.7 9882.76 9682.25 26662 9223.95 7919.96 14009.4 7668.99 7609.38 7496.4 7575.81 10764.5
threshold=544.02030000000013 296.71595000000008 533.63000000000011 264.72205000000002 56.698785513550881 298.0989788690477 26.369261080541477 19.500000000000004 393.29170000000005 20.231250000000003 -0.94705910369513524 290.34443750000008 305.90243273809529 424.42965000000004 49.620569306336328 44.908218909071458 0.83258597624099873 0.25881904510252091 -0.21862536810265826 2.5333333333333337 -0.12940952255126037 -0.26867065956352881 10.500000000000002 10.300000000000002 327.41984017857152 233.97875000000002 -1.0000000180025095e-35 381.54325000000006 408.02910000000003 379.81520059523814
decision_type=2 2 2 2 2 2 2 2 2 2 2 2 2 2 2 2 2 2 2 2 2 2 2 2 2 2 2 2 2 2
left_child=2 -2 3 4 5 -1 -7 13 9 -9 -11 -12 -13 14 15 18 19 -18 20 -17 21 26 -20 24 25 -24 -5 28 29 -16
right_child=1 -3 -4 7 -6 6 -8 8 -10 10 11 12 -14 -15 27 16 17 -19 22 -21 -22 -23 23 -25 -26 -27 -28 -29 -30 -31
leaf_value=-0.0021586598163543789 -0.36633900488416354 0.28117073031885881 -0.44276073821302919 -0.32720649434059157 -0.93341577202081683 -0.033038528103174439 -0.45811251686619858 -0.14586250753744498 -1.2532785713672638 -0.48225714025849648 0.7451175599506028 -0.53202084330351729 0.36613309227482038 0.70710535764694216 0.085562155950101706 0.6862814798951149 -0.030827074476650784 -1.3050308765683856 0.0092279081671624175 -0.12722450536492813 0.05921555762186588 -1.4002132828601384 -0.052554529739750756 -0.01090897021935 0.063597686578195992 0.54045843440257479 0.0020286410608456964 0.6627688827117284 0.42334686065935029 -0.60971909602782848
leaf_weight=1728 45 243 72 297 48 144 168 864 40 44 76 76 216 40 1385 40 70 70 1507 560 630 44 63 342 423 405 429 60 157 58
leaf_count=1728 45 243 72 297 48 144 168 864 40 44 76 76 216 40 1385 40 70 70 1507 560 630 44 63 342 423 405 429 60 157 58
internal_value=1.07589e-10 0.179997 -0.00515505 -0.00199924 -0.0623825 -0.0418876 -0.261925 0.0139684 -0.0775802 -0.0407245 0.179759 0.258913 0.132367 0.0322781 0.0281507 -0.0010791 -0.185547 -0.667929 0.0318934 -0.0729908 -0.0861526 -0.20509 0.0922088 0.19363 0.27214 0.46063 -0.132658 0.114079 0.0935033 0.057616
internal_weight=10344 288 10056 9984 2088 2040 312 7896 1316 1276 412 368 292 6580 6540 4880 740 140 4140 600 1400 770 2740 1233 891 468 726 1660 1600 1443
internal_count=10344 288 10056 9984 2088 2040 312 7896 1316 1276 412 368 292 6580 6540 4880 740 140 4140 600 1400 770 2740 1233 891 468 726 1660 1600 1443
is_linear=0
shrinkage=0.05


Tree=107
num_leaves=31
num_cat=0
split_feature=26 10 23 23 13 13 9 18 11 11 12 12 11 12 5 22 10 10 22 0 7 7 11 24 10 16 23 10 16 11
split_gain=3813.49 8462.85 4583.9 9435.29 6099.42 17427.5 5251.57 5504.31 6973.88 8426.39 4580.15 7772.27 9161.3 6702.51 4032.61 3961.07 3908.1 6461.01 4132.77 3860.28 3833.54 5150.7 5190.81 5963.28 4062.22 8495.47 4041.67 3823.1 6415.39 20585.4
threshold=27.456250000000001 317.08265000000006 28.860416666666673 28.366666666666671 78.009786898730354 76.942801139376115 381.54325000000006 246.38840000000002 282.90090000000004 364.08505000000008 381.33431666666678 366.65748333333335 383.44830000000007 385.89402916666671 -0.12940952255126037 3.0500000000000003 454.71615000000008 366.29005000000006 -1.95 13.500000000000002 0.99988440732898443 0.99681593486783593 492.81720000000001 -1.1249999999999998 214.83060000000003 275.94066994047625 3.2645833333333338 373.05660000000006 321.42061636904765 395.22870000000006
decision_type=2 2 2 2 2 2 2 2 2 2 2 2 2 2 2 2 2 2 2 2 2 2 2 2 2 2 2 2 2 2
left_child=2 -2 3 4 5 6 10 8 -8 15 11 20 -13 14 -12 -10 17 18 -15 -19 21 22 23 -1 25 -25 -23 -26 29 -29
right_child=1 -3 -4 -5 -6 -7 7 -9 9 -11 13 12 -14 16 -16 -17 -18 19 -20 -21 -22 26 -24 24 27 -27 -28 28 -30 -31
leaf_value=-0.49435653505497612 -0.25607302436605095 0.68283425549666088 0.36050303453622862 -0.67786405123770244 0.21501403304103475 -0.84518097475651777 -0.12274731841852081 -0.043679962513528563 1.1537945665915808 -0.030346576141756638 -0.80034377862106665 0.062653141990778552 0.57940807479780998 0.48679162114858632 -0.21862151764906371 0.51018803417682645 0.28455952183491945 -0.11763151801518493 -0.15084520384940941 -0.57661952848235776 0.43196182927737636 0.024005666664905018 0.44934330221082341 -0.055597115434133093 0.0049361038963998041 -0.88886836588382723 -0.44984808786151309 -0.12303907629327789 0.042750419085676027 -1.332468392063932
leaf_weight=64 40 60 86 52 312 62 53 144 45 43 55 314 118 54 65 51 69 111 48 78 48 72 61 130 7385 40 120 248 275 41
leaf_count=64 40 60 86 52 312 62 53 144 45 43 55 314 118 54 65 51 69 111 48 78 48 72 61 130 7385 40 120 248 275 41
internal_value=4.68306e-10 0.307271 -0.00299952 -0.00607702 -0.00262037 -0.00955338 -0.00422982 0.19 0.36526 0.551334 -0.0111755 -0.00307566 0.203804 -0.161629 -0.485244 0.811879 -0.0537573 -0.133977 0.186727 -0.307055 -0.0136098 -0.0161451 -0.0101828 -0.0136083 -0.00981867 -0.251661 -0.272153 -0.00464655 -0.130122 -0.294619
internal_weight=10344 100 10244 10158 10106 9794 9732 336 192 139 9396 8916 432 480 120 96 360 291 102 189 8484 8436 8244 8183 8119 170 192 7949 564 289
internal_count=10344 100 10244 10158 10106 9794 9732 336 192 139 9396 8916 432 480 120 96 360 291 102 189 8484 8436 8244 8183 8119 170 192 7949 564 289
is_linear=0
shrinkage=0.05


Tree=108
num_leaves=31
num_cat=0
split_feature=10 9 10 14 12 0 11 9 7 13 6 22 5 24 5 26 6 0 6 2 9 13 2 22 11 10 27 11 16 10
split_gain=3797.76 3719.87 3631.54 6606.04 3602.95 3256.83 7194.57 10831.6 9872 9171.89 4646.3 3822.22 10227.4 9014.77 8619.44 10822.5 15128.6 8529.6 9421.08 13648.5 12577.3 12211 8348.78 8221.09 9489.39 7856.78 7358.48 14006.5 7793.93 18546.5
threshold=1.0000000180025095e-35 1.0000000180025095e-35 214.83060000000003 196.91545000000002 256.78082500000005 21.500000000000004 318.07845000000003 365.66850000000005 -0.9292178835113839 46.878451679524481 -0.108376950152639 6.9500000000000011 -0.70710678118654757 -3.2389880952380947 -0.3794095225512602 6.9541666666666684 0.94138322595482449 13.500000000000002 0.94138322595482449 2.5000000000000004 315.1565500000001 45.909903295472425 4.5000000000000009 14.700000000000001 419.56535000000002 422.2267500000001 -2.1978050579955752 286.50945000000007 278.24725625000002 311.42945000000003
decision_type=2 2 2 2 2 2 2 2 2 2 2 2 2 2 2 2 2 2 2 2 2 2 2 2 2 2 2 2 2 2
left_child=-1 -2 3 -3 -5 11 8 9 -7 -8 -11 12 13 -4 15 16 -13 18 19 20 21 -15 -19 -16 25 -25 27 -17 29 -29
right_child=1 2 5 4 -6 6 7 -9 -10 10 -12 14 -14 17 23 26 -18 22 -20 -21 -22 -23 -24 24 -26 -27 -28 28 -30 -31
leaf_value=0.42216291064923661 -0.4774821253811441 0.14967794497844888 -0.49184300427107108 -0.85960363291203989 -0.24277005360044282 0.67962666735345245 -0.37547660801612909 -1.0533742862939837 -0.050500049716626028 0.65014739213511352 -0.094425213370810862 -0.19196449632720716 0.00039604299833783318 -0.17477090627512085 -0.056412663155683156 0.9058971189050935 -1.0748600512742996 0.59976373875664701 0.65686034417488204 0.25617154678524429 0.25130081473087723 -1.0807929059653951 0.063781700103923131 0.1426096314103508 -0.48834614767478063 -0.54933057125835194 -0.11762503727908175 0.2022337489268359 0.11820959067197596 -1.0737379390974435
leaf_weight=53 41 67 47 40 58 51 175 40 502 40 44 574 2758 107 1356 50 53 222 71 335 88 57 108 1767 65 42 879 68 537 49
leaf_count=53 41 67 47 40 58 51 175 40 502 40 44 574 2758 107 1356 50 53 222 71 335 88 57 108 1767 65 42 879 68 537 49
internal_value=-2.21405e-11 -0.00217419 -0.000272963 -0.232948 -0.494539 0.00353381 -0.0900026 -0.287599 0.0168353 -0.169333 0.260133 0.0121651 0.0506921 0.184718 -0.0146975 -0.0907853 -0.266595 0.216902 0.112862 0.0470635 -0.230918 -0.489669 0.424351 0.0373626 0.105217 0.126545 -0.0211499 0.099307 0.0376411 -0.332148
internal_weight=10344 10291 10250 165 98 10085 852 299 553 259 84 9233 3793 1035 5440 2210 627 988 658 587 252 164 330 3230 1874 1809 1583 704 654 117
internal_count=10344 10291 10250 165 98 10085 852 299 553 259 84 9233 3793 1035 5440 2210 627 988 658 587 252 164 330 3230 1874 1809 1583 704 654 117
is_linear=0
shrinkage=0.05


Tree=109
num_leaves=31
num_cat=0
split_feature=26 19 13 9 23 23 0 9 12 12 11 12 10 15 4 11 10 14 16 11 25 16 11 24 10 13 16 19 25 11
split_gain=3508.56 8413.33 4140.76 4644.95 4296.46 5733.65 39393.8 5023.95 4184.19 7203.69 9717.72 6024.03 4956.45 6706.18 8166.62 4511.71 4239.66 6935.21 13610.6 14827.1 10932.8 9982.93 7978.69 6132.13 4337.11 4410.36 7330.7 4173.93 17361.5 6687.67
threshold=27.456250000000001 463.26650000000006 134.0837409048402 205.31900000000005 28.306250000000002 27.647916666666667 17.500000000000004 378.85180000000008 381.33431666666678 366.65748333333335 401.93200000000007 385.89402916666671 314.02035000000006 484.53065000000009 0.37940952255126054 514.79450000000008 371.31070000000005 287.96235000000007 321.42061636904765 399.83690000000007 1.2000000000000017 328.08666071428576 313.29005000000006 7.8797619047619056 224.26325000000003 37.042464211608312 276.22061160714293 567.99785000000008 6.6500000000000012 415.87400000000008
decision_type=2 2 2 2 2 2 2 2 2 2 2 2 2 2 2 2 2 2 2 2 2 2 2 2 2 2 2 2 2 2
left_child=2 -2 3 -1 5 7 -7 8 9 15 12 -10 -11 -14 -15 16 24 18 19 22 21 -20 -18 -24 25 26 -5 29 -29 -26
right_child=1 -3 -4 4 -6 6 -8 -9 11 10 -12 -13 13 14 -16 -17 17 -19 20 -21 -22 -23 23 -25 27 -27 -28 28 -30 -31
leaf_value=0.39978141627377939 0.75335156273841863 -0.16389051464200022 -0.41025341811680027 -0.16673280364839629 0.27383109497419306 0.32559629331685996 -1.5824701698053452 0.16379893147472846 -0.46118922909100857 0.57050086378373888 0.64370074513110709 -0.052124248903710396 0.18908761179200109 0.089005454300957576 -0.72243063766182525 0.49173304133794526 -0.52670168137321116 -0.51298029014410884 0.55241913641492524 -1.1664998175132844 0.80040255232508906 -0.22920374822278974 -0.41569609764652954 0.2579937322555404 0.0021523019064729923 0.05683159016761459 -0.88959059569570764 -0.042310374079549573 -1.1454972665011884 0.28991109019575212
leaf_weight=72 50 50 62 159 138 76 42 432 120 44 94 360 193 68 57 44 91 104 60 42 59 128 48 114 6896 119 45 329 40 208
leaf_count=72 50 50 62 159 138 76 42 432 120 44 94 360 193 68 57 44 91 104 60 42 59 128 48 114 6896 119 45 329 40 208
internal_value=1.35665e-10 0.294731 -0.0028771 -0.000396517 -0.00324645 -0.00708086 -0.353546 -0.00293199 -0.0105766 -0.00285681 0.19074 -0.15439 0.0731209 0.00430105 -0.281009 -0.0132599 -0.0158919 -0.138985 -0.0672217 -0.296491 0.206603 0.0202504 -0.152063 0.0583819 -0.00569207 -0.185075 -0.326187 0.00206126 -0.161897 0.0105777
internal_weight=10344 100 10244 10182 10110 9972 118 9854 9422 8942 456 480 362 318 125 8486 8442 646 542 295 247 188 253 162 7796 323 204 7473 369 7104
internal_count=10344 100 10244 10182 10110 9972 118 9854 9422 8942 456 480 362 318 125 8486 8442 646 542 295 247 188 253 162 7796 323 204 7473 369 7104
is_linear=0
shrinkage=0.05


Tree=110
num_leaves=31
num_cat=0
split_feature=10 9 7 7 23 6 10 7 6 25 7 13 27 6 7 9 22 24 7 2 16 23 27 4 19 27 11 13 5 16
split_gain=3553.31 3604.87 3336.59 5384.26 3826.84 3820.38 4623.16 9851.11 28928.2 9428.56 9215.23 9058.81 10841.7 10331.4 11362.4 10308.4 7169.21 11063.6 9348.47 8146.04 11341.1 10505.6 6663.9 17098.6 7350.85 6335.86 7593.88 6987.82 5923.83 6008.59
threshold=1.0000000180025095e-35 1.0000000180025095e-35 0.99988440732898443 0.99681593486783593 3.2645833333333338 0.69676570133721638 344.55185000000006 -0.73865259438682551 -0.57078386445773377 -0.50000000000000011 -0.92272482904738262 53.351744731122317 -0.44606256738630778 -0.79384350655589164 -0.99761278905001471 381.54325000000006 -0.84999999999999998 1.0776785714285715 0.94353349168649059 1.5000000000000002 319.57449791666676 23.768750000000008 0.97350341188390199 0.37940952255126054 524.19805000000008 -20.27673074578458 285.19935000000004 45.082691007639731 -0.70710678118654757 305.90243273809529
decision_type=2 2 2 2 2 2 2 2 2 2 2 2 2 2 2 2 2 2 2 2 2 2 2 2 2 2 2 2 2 2
left_child=-1 -2 3 5 -5 6 11 8 -8 10 -10 12 13 -3 -15 -13 -16 -18 19 20 21 -19 23 -14 -24 27 -27 -9 -28 -30
right_child=1 2 -4 4 -6 -7 7 25 9 -11 -12 15 22 14 16 -17 17 18 -20 -21 -22 -23 24 -25 -26 26 28 -29 29 -31
leaf_value=0.40835065164093703 -0.47000615887525604 -0.046336651797498671 0.41566179717580481 0.022564957373672062 -0.43924888481577756 -0.045703016769506263 -1.5142597413281116 -0.051725059774788945 -0.70744249846528073 0.085123785793717599 0.048832350101933555 0.16817751987618018 -0.087411293845391369 -0.45359191035820268 0.89990776663734806 0.90582695769575927 -0.3546693776205585 0.9268945903475605 0.98392949190404677 0.12541542163885691 0.07712202398491301 0.051134655932369447 -0.031573494528110625 -0.93830270357986001 0.23501283107122295 -0.36659913536732214 0.1663521003126826 0.71137278016769523 -0.42447861224257699 -0.0070704792113204093
leaf_weight=53 41 555 48 72 119 2886 41 55 101 234 67 531 497 59 42 52 74 134 45 527 121 46 1955 67 298 137 479 66 96 846
leaf_count=53 41 555 48 72 119 2886 41 55 101 234 67 531 497 59 42 52 74 134 45 527 121 46 1955 67 298 137 479 66 96 846
internal_value=-4.94202e-11 -0.00210306 -0.000231447 -0.00218821 -0.265162 0.00282907 0.0224871 -0.0393557 -0.249087 -0.120052 -0.405833 0.0487175 0.0242824 0.128091 0.220465 0.233971 0.260677 0.232326 0.282083 0.243939 0.451455 0.703089 -0.0347895 -0.188492 0.00368737 0.0159814 -0.0110866 0.36451 0.0231887 -0.0496089
internal_weight=10344 10291 10250 10202 191 10011 7125 2122 443 402 168 5003 4420 1603 1048 583 989 947 873 828 301 180 2817 564 2253 1679 1558 121 1421 942
internal_count=10344 10291 10250 10202 191 10011 7125 2122 443 402 168 5003 4420 1603 1048 583 989 947 873 828 301 180 2817 564 2253 1679 1558 121 1421 942
is_linear=0
shrinkage=0.05


Tree=111
num_leaves=31
num_cat=0
split_feature=23 0 6 24 14 9 27 13 13 6 12 12 12 27 19 17 26 22 5 23 27 11 16 18 23 26 25 27 26 16
split_gain=3229.23 5533.37 7550.66 8436.99 5040.6 4128.74 6045.46 8270.96 3988.6 3769.27 3675.8 6545.95 6227.68 7324.08 6678.58 5486.64 4802.92 4255.3 10692.3 7428.6 5863.16 8735.39 11974.7 6456.17 5442.95 11095.5 9969.03 12183.5 9650.15 10144.8
threshold=-3.8520833333333324 13.500000000000002 0.15101559051660998 -1.6232142857142855 359.97180000000009 424.42965000000004 -23.221153121816556 56.443380128269446 134.0837409048402 0.67167992559793654 381.33431666666678 385.89402916666671 369.16087916666669 -1.0000000180025095e-35 533.16650000000016 51.874815420669186 -1.0000000180025095e-35 20.300000000000004 -0.5 25.643750000000008 -19.096952548881379 307.38730000000004 309.42426160714291 225.93225000000004 12.189583333333333 7.0166666666666684 7.5499999999999998 2.0316595254948573 4.4166666666666679 307.2671446428572
decision_type=2 2 2 2 2 2 2 2 2 2 2 2 2 2 2 2 2 2 2 2 2 2 2 2 2 2 2 2 2 2
left_child=1 4 -3 -4 -1 6 7 -2 10 -5 12 -12 17 14 -14 -15 -13 19 -19 24 -20 -22 -23 -24 25 28 27 -27 -8 -30
right_child=5 2 3 9 -6 -7 8 -9 -10 -11 11 16 13 15 -16 -17 -18 18 20 -21 21 22 23 -25 -26 26 -28 -29 29 -31
leaf_value=0.16096768261888972 0.11080067061001853 -0.26029317468404772 0.070450984438260408 1.1980009919404984 -0.29774214336458521 -0.46843081116676333 0.0016361521323761956 0.89171281382441525 -0.40946642304620434 0.51159111499786381 -0.47895065158539057 0.3686981736434003 0.73219439551955279 -0.32069959154763783 0.041048546641000681 0.23841954907219784 -0.1290665662289405 -0.10510725902421825 0.46870212543893741 -0.68796905476954728 0.2272917508915136 -0.64088846783746378 -0.32938879123505427 0.25112081190318242 -0.077784030660915465 0.47414348122147987 -0.39625056152542437 -0.018094759810625052 0.16980470325265612 -0.55187798201106497
leaf_weight=154 196 40 60 40 98 48 3668 41 62 40 112 60 93 77 56 102 252 591 135 42 594 77 68 162 2656 325 60 205 70 160
leaf_count=154 196 40 60 40 98 48 3668 41 62 40 112 60 93 77 56 102 252 591 135 42 594 77 68 162 2656 325 60 205 70 160
internal_value=-2.32822e-10 0.133818 0.34555 0.518648 -0.0174195 -0.00583226 -0.00358117 0.245895 -0.00972284 0.854796 -0.00713172 -0.15105 -0.000456133 0.213469 0.472435 -0.00209539 -0.0333426 -0.00841793 0.0645989 -0.0249499 0.16141 0.115367 -0.10119 0.0794919 -0.0210519 0.0125222 0.214597 0.283749 -0.0180638 -0.332235
internal_weight=10344 432 180 140 252 9912 9864 237 9627 80 9565 424 9141 328 149 179 312 8813 1627 7186 1036 901 307 230 7144 4488 590 530 3898 230
internal_count=10344 432 180 140 252 9912 9864 237 9627 80 9565 424 9141 328 149 179 312 8813 1627 7186 1036 901 307 230 7144 4488 590 530 3898 230
is_linear=0
shrinkage=0.05


Tree=112
num_leaves=31
num_cat=0
split_feature=10 9 0 13 13 23 25 17 17 13 13 0 5 10 22 27 12 6 11 4 9 17 25 2 14 11 11 18 7 14
split_gain=3288.31 3402.28 3127.93 13429.5 9474.72 6788.57 8506.3 6517.51 8437.93 5927.98 6887.52 6932.46 6797.88 5805.72 8461.94 7119 5845.59 5612.2 6300.02 4928.49 12298.4 9916.05 19123.8 8432.37 7795.97 7682.12 7032.19 6894.39 7714.32 10483.9
threshold=1.0000000180025095e-35 1.0000000180025095e-35 4.5000000000000009 36.103457805564403 22.345356179534388 24.102083333333333 1.6000000000000012 66.6276553647741 76.0537215215126 15.498743298772547 14.652568026701173 12.500000000000002 -0.12940952255126037 227.86515000000003 3.0500000000000003 5.1613523558657572 248.40532708333333 0.85226249403558707 376.93275000000006 -0.37940952255126065 424.42965000000004 36.880573508586913 2.5000000000000009 4.5000000000000009 252.79290000000003 337.53880000000009 434.02505000000002 189.85245000000003 0.93158198870884079 302.76315000000005
decision_type=2 2 2 2 2 2 2 2 2 2 2 2 2 2 2 2 2 2 2 2 2 2 2 2 2 2 2 2 2 2
left_child=-1 -2 3 -3 5 6 9 -5 -9 10 12 -12 -4 -11 -15 16 -16 18 -8 20 21 22 24 27 -6 -25 -21 -23 -29 -30
right_child=1 2 4 7 19 -7 17 8 -10 13 11 -13 -14 14 15 -17 -18 -19 -20 26 -22 23 -24 25 -26 -27 -28 28 29 -31
leaf_value=0.39282826427018869 -0.45658815372280959 -0.075767246767122681 0.37061987124821721 0.1317301084117182 0.056954015488971513 -0.20777056631114751 -0.022753469844571723 1.0182696816325187 0.17745931903655465 -0.079199533791440291 0.19153535254299642 -0.67356002899733458 -0.093967843987047675 0.21877549814344663 0.36273745906596283 0.060892124873835864 1.0339103835867718 -0.35059930482193047 0.61153529110279958 -0.074220322415922399 -0.81637926949395079 0.2333599555208791 -1.2072776969273886 -0.035492265954742142 -0.62080592032590953 -0.50800067505033897 -0.63432733636153371 -0.0027086034446756422 0.067807079764243994 1.0196537446313434
leaf_weight=53 41 1035 187 979 198 171 355 50 74 82 40 55 136 321 49 41 96 114 44 3323 45 641 45 580 54 101 57 1251 81 45
leaf_count=53 41 1035 187 979 198 171 355 50 74 82 40 55 136 321 49 41 96 114 44 3323 45 641 45 580 54 101 57 1251 81 45
internal_value=1.16406e-10 -0.00202312 -0.000204857 0.0535969 -0.0143849 0.0909128 0.124515 0.174986 0.516496 0.208938 0.0649328 -0.309309 0.175004 0.311135 0.374266 0.642613 0.8071 -0.0412052 0.0471932 -0.0421155 0.00406685 0.01639 -0.257825 0.0465648 -0.0882803 -0.105571 -0.0836659 0.0979049 0.0348499 0.407752
internal_weight=10344 10291 10250 2138 8112 1691 1520 1103 124 1007 418 95 323 589 507 186 145 513 399 6421 3041 2996 297 2699 252 681 3380 2018 1377 126
internal_count=10344 10291 10250 2138 8112 1691 1520 1103 124 1007 418 95 323 589 507 186 145 513 399 6421 3041 2996 297 2699 252 681 3380 2018 1377 126
is_linear=0
shrinkage=0.05


Tree=113
num_leaves=31
num_cat=0
split_feature=26 19 17 13 22 10 13 11 10 7 4 23 6 13 0 6 7 27 26 24 5 22 24 24 27 7 23 23 25 17
split_gain=3333.48 8168.01 3902.86 10880.3 4599.33 28155.9 4989.15 7988.62 8053.6 4912.57 6534.34 4603.18 3572.51 4977.23 8188.29 9491.38 8965.51 30427.3 6587.96 5848.95 7495.15 5603.26 5870.08 12159.4 5581.41 11095.6 15220.4 22093.3 6037.55 5288.52
threshold=27.456250000000001 463.26650000000006 104.13585983690119 117.92598741444549 27.250000000000004 339.63050000000004 72.1018021625122 331.27530000000007 342.72655000000003 0.97263757644091875 0.25881904510252091 28.860416666666673 0.19337368024598436 27.132844618471914 4.5000000000000009 0.31799963745711152 0.95436825032516992 -5.6792995310458492e-16 -1.64375 12.037202380952385 0.37940952255126048 -4.1499999999999995 23.581250000000001 21.295535714285716 -5.9581970925866896 0.38838672039864403 15.420833333333333 13.475000000000003 2.2500000000000004 55.120934033839589
decision_type=2 2 2 2 2 2 2 2 2 2 2 2 2 2 2 2 2 2 2 2 2 2 2 2 2 2 2 2 2 2
left_child=2 -2 3 4 6 -6 11 8 -8 10 -9 12 -1 19 15 -15 18 -18 -16 20 29 -20 23 24 25 26 27 -23 -28 -14
right_child=1 -3 -4 -5 5 -7 7 9 -10 -11 -12 -13 13 14 16 -17 17 -19 21 -21 -22 22 -24 -25 -26 -27 28 -29 -30 -31
leaf_value=0.023538573506796646 0.73916777586936955 -0.16460261201113463 0.28811921412288621 -0.6664086924445245 0.34561317589133983 -1.3669590770825746 0.097110876012242067 0.66563856939771293 -0.68882932190488022 -0.1083871636201035 0.01415923273673764 0.48225172137220701 0.34046269597371892 0.68117551915347585 -0.72640988010913132 0.0245508474348239 0.26307628370248354 -1.2498457549249427 0.46116121905915286 -0.13682988979129326 -0.071745667033535687 -0.057596357608560349 0.34297626345222332 -0.60746040004387236 -0.12441248747851615 0.4652280326699838 0.082223878786632218 -1.1319677456976875 0.6616416178761968 0.06601526545584202
leaf_weight=4520 50 50 114 62 60 40 159 134 41 44 54 48 330 60 40 665 65 68 47 360 423 199 76 114 1735 128 157 63 63 375
leaf_count=4520 50 50 114 62 60 40 159 134 41 44 54 48 330 60 40 665 65 68 47 360 423 199 76 114 1735 128 157 63 63 375
internal_value=1.91229e-10 0.287283 -0.0028044 -0.00607837 -0.00201197 -0.339416 0.0013729 0.167569 -0.0640069 0.367203 0.478512 -0.00615611 -0.00862698 -0.0378919 -0.0706173 0.0788922 -0.109962 -0.510448 -0.0896475 0.0386433 0.0946454 -0.0797828 -0.0898122 -0.103188 -0.0786736 0.0514199 -0.0584711 -0.315938 0.248148 0.19448
internal_weight=10344 100 10244 10130 10068 100 9968 432 200 232 188 9536 9488 4968 3480 725 2755 133 2622 1488 1128 2582 2535 2459 2345 610 482 262 220 705
internal_count=10344 100 10244 10130 10068 100 9968 432 200 232 188 9536 9488 4968 3480 725 2755 133 2622 1488 1128 2582 2535 2459 2345 610 482 262 220 705
is_linear=0
shrinkage=0.05


Tree=114
num_leaves=31
num_cat=0
split_feature=9 9 27 13 9 27 6 6 24 7 2 2 11 23 22 25 27 22 6 11 11 15 9 25 26 26 11 26 27 16
split_gain=3354.41 8155.79 5309.35 7191.32 3658.84 3591.34 3703.62 9670.76 6087.53 6422.26 6313.9 4687.45 9606.37 8437.68 6281.75 6049.67 7527.1 5924.54 5676.91 5359.81 4389.57 4138.67 4045.79 3935.89 7486.85 9606.97 8256.72 8022.74 6603.08 8937.3
threshold=437.66935000000007 424.42965000000004 -23.221153121816556 56.443380128269446 1.0000000180025095e-35 -22.701214877196602 -0.30983472475487867 -0.43733984355855576 26.152976190476199 -0.55656394595157355 1.0000000180025095e-35 2.5000000000000004 301.85270000000008 6.8312500000000016 9.1500000000000021 1.6500000000000006 -15.50920873402494 21.950000000000003 -0.55657520495441892 387.29630000000003 358.12125000000009 456.66075000000006 309.66035000000005 -0.60000000000000064 13.5375 7.0166666666666684 342.86950000000007 4.7187500000000009 -15.50920873402494 290.34443750000008
decision_type=2 2 2 2 2 2 2 2 2 2 2 2 2 2 2 2 2 2 2 2 2 2 2 2 2 2 2 2 2 2
left_child=1 2 3 -1 -4 -6 7 8 9 21 -10 15 18 -14 -15 16 -11 20 -13 -17 -16 -7 -9 24 25 27 -27 -8 29 -25
right_child=-2 -3 4 -5 5 6 23 22 10 11 -12 12 13 14 17 19 -18 -19 -20 -21 -22 -23 -24 28 -26 26 -28 -29 -30 -31
leaf_value=0.10859623737680746 0.34009076855662795 -0.65261118436853094 -0.46510702288428019 0.83675922373446032 -0.46988318707884819 0.17735017012702683 0.033452398916593136 0.6572945878871026 -0.65480374434932331 -0.57212958614583376 -0.084637974485160181 0.0010318077574033777 -0.91982080113320119 0.40366526886466003 -0.2342449836527245 0.17942100801455552 0.047479323233792815 0.23838328065143691 0.44490144886548005 0.77209327844686293 -0.71299560576677323 0.71966045483946806 0.21203475258128798 0.47448821847827993 -0.3241637852146394 0.12910308862725894 0.77796052067707755 -0.5105255471090121 -0.068453043762789698 -0.1674841971177122
leaf_weight=196 72 48 43 41 41 292 2137 62 61 54 238 817 42 42 237 338 531 54 79 43 60 40 288 132 144 132 78 70 3840 92
leaf_count=196 72 48 43 41 41 292 2137 62 61 54 238 817 42 42 237 338 531 54 79 43 60 40 288 132 144 132 78 70 3840 92
internal_value=-3.15333e-10 -0.00238381 0.000668897 0.234565 -0.00488167 -0.00289155 -0.000958132 0.0425117 0.0128194 0.0371328 -0.200959 0.00742247 -0.0534271 -0.246211 -0.174222 0.0912638 -0.00971535 -0.243371 0.0401676 0.246311 -0.330962 0.242689 0.290909 -0.0224667 0.0260812 0.0469481 0.370107 0.0161989 -0.05306 0.210821
internal_weight=10344 10272 10224 237 9987 9944 9903 3278 2928 2629 299 2297 1331 435 393 966 585 351 896 381 297 332 350 6625 2561 2417 210 2207 4064 224
internal_count=10344 10272 10224 237 9987 9944 9903 3278 2928 2629 299 2297 1331 435 393 966 585 351 896 381 297 332 350 6625 2561 2417 210 2207 4064 224
is_linear=0
shrinkage=0.05


Tree=115
num_leaves=31
num_cat=0
split_feature=26 10 13 9 23 23 9 9 24 6 6 0 14 0 11 11 13 24 13 0 24 14 25 27 9 17 27 15 12 10
split_gain=3095.89 7887.35 3709.42 4267.08 3496.54 20698.7 9148.32 4178.19 3529.61 4691.91 5694.62 10758 5208.78 11002.7 4857.99 8447.09 8185.78 4599.8 4485.34 7409.03 7786.01 7809.33 14092.4 12388.3 7916.49 12317.3 9926.4 7443.41 6749.22 11611.5
threshold=27.456250000000001 317.08265000000006 134.0837409048402 205.31900000000005 27.672916666666669 27.456250000000001 336.70525000000004 378.85180000000008 26.152976190476199 -0.074117382312902977 -0.01397611846945947 11.500000000000002 227.24735000000001 17.500000000000004 425.5102500000001 413.95685000000009 44.206261712450264 23.522321428571434 26.27716339104035 4.5000000000000009 21.295535714285716 281.99270000000007 5.5500000000000016 -3.0572999702735308 266.31720000000001 38.517536286096679 -1.7437500000000004 467.20530000000002 344.92640625000007 361.76885000000004
decision_type=2 2 2 2 2 2 2 2 2 2 2 2 2 2 2 2 2 2 2 2 2 2 2 2 2 2 2 2 2 2
left_child=2 -2 3 -1 5 7 -6 8 9 12 11 -11 13 -5 15 -14 -16 18 -12 28 21 24 23 -23 -21 -26 -27 -25 -20 -30
right_child=1 -3 -4 4 6 -7 -8 -9 -10 10 17 -13 14 -15 16 -17 -18 -19 19 20 -22 22 -24 27 25 26 -28 -29 29 -31
leaf_value=0.38320058004723656 -0.26699689690023665 0.63942420715776593 -0.38827775673520182 0.07547231256260456 0.77231667907819013 -1.0026200302661612 0.023854651670706901 0.14961631934727646 -0.17477323912413947 0.082560895738147566 0.043055056975779125 -0.71766371984655664 0.024475696909846838 0.89959628491627963 -0.035053967237472533 -0.68976557496048163 0.7681799555646962 0.19204201926244424 0.0050167540910555745 -0.17936954050237142 -0.38941252582915947 -0.95459785364394978 -1.0040484784710173 0.49675634721150763 -0.60556332614076769 0.18648074779935264 -0.058695811096292273 -0.15731794601936538 0.63092246862095702 -0.35022640213733769
leaf_weight=72 40 60 62 162 52 52 190 432 312 84 1464 84 2878 54 70 42 58 240 665 722 209 43 57 52 76 716 975 266 114 41
leaf_count=72 40 60 62 162 52 52 190 432 312 84 1464 84 2878 54 70 42 58 240 665 722 209 43 57 52 76 716 975 266 114 41
internal_value=-1.03503e-10 0.276856 -0.00270261 -0.000354779 -0.00308633 -0.00769109 0.184681 -0.00242048 -0.00941961 -0.00373285 -0.0306888 -0.317551 0.0442329 0.281503 0.0274185 0.0142024 0.328911 -0.022144 -0.0316634 -0.059455 -0.0946459 -0.0734536 -0.27343 -0.158069 -0.0398698 0.0171302 0.0451164 -0.0503624 0.0742708 0.371393
internal_weight=10344 100 10244 10182 10110 9868 242 9816 9384 9072 5808 168 3264 216 3048 2920 128 5640 5400 3936 3116 2907 418 361 2489 1767 1691 318 820 155
internal_count=10344 100 10244 10182 10110 9868 242 9816 9384 9072 5808 168 3264 216 3048 2920 128 5640 5400 3936 3116 2907 418 361 2489 1767 1691 318 820 155
is_linear=0
shrinkage=0.05


Tree=116
num_leaves=31
num_cat=0
split_feature=12 27 12 0 18 9 2 27 13 16 10 6 16 14 11 13 10 18 11 26 27 9 27 5 17 27 10 12 10 15
split_gain=3085.64 6671.44 15188.4 7530.26 8900.25 6429.04 6206.7 4854.59 6580.61 5781.97 4042.74 6961.84 10458.3 16050 12099.8 6656.99 5890.9 7099.22 9333.22 5641.23 5559.28 6673.75 5712.3 8431.99 6048.39 5371.5 5364.84 4215.91 4206.77 4146.3
threshold=402.27575833333339 0.77299578991270301 421.67882291666672 12.500000000000002 239.97500000000002 420.00265000000007 3.5000000000000004 -23.221153121816556 45.082691007639731 306.72960416666672 367.36375000000004 -0.92923668111203805 321.42061636904765 284.90975000000009 401.93200000000007 48.628130008935365 419.93980000000005 228.23595000000003 322.18150000000009 1.7895833333333335 1.2168129192918504 312.38320000000004 -3.3899661479187824 -0.70710678118654757 59.512290490334664 -4.6833333333333309 363.64205000000004 317.69626041666669 395.28490000000005 390.06705000000005
decision_type=2 2 2 2 2 2 2 2 2 2 2 2 2 2 2 2 2 2 2 2 2 2 2 2 2 2 2 2 2 2
left_child=5 3 -3 4 -2 7 -4 8 -1 -10 26 -12 14 15 16 19 17 18 -13 -14 21 -15 25 24 -24 -23 -9 -20 -22 -28
right_child=1 2 6 -5 -6 -7 -8 10 9 -11 11 12 13 20 -16 -17 -18 -19 27 -21 28 22 23 -25 -26 -27 29 -29 -30 -31
leaf_value=-0.013978091613248443 0.50837350443005558 1.2072994595482236 0.38995095286227299 -0.65052100535482171 -0.17595754716640866 -0.58262485341789827 -0.39802532675789626 -0.0010402331539412005 0.96194052474443303 0.20741719992891439 0.52351135286417871 -0.95118780673171077 0.93041661834078182 0.50812305727042262 -1.1044344066277796 0.091438822903781358 0.20962083434065182 0.080168923584447396 0.12608394305012666 0.21417013710295715 -0.099254821687936784 -0.22162754009751715 0.55589374096630373 -0.30646123524553093 -0.20906414948403837 -0.92426843101449774 -0.12086950782686473 -0.5481841776181352 -0.74372506658884063 0.48060814346196046
leaf_weight=132 80 42 64 40 117 48 41 8331 43 62 44 72 56 40 46 193 60 69 49 54 40 85 73 129 40 40 40 44 69 101
leaf_count=132 80 42 64 40 117 48 41 8331 43 62 44 72 56 40 46 193 60 69 49 54 40 85 73 129 40 40 40 44 69 101
internal_value=-4.93384e-10 0.139079 0.403703 -0.0250548 0.101943 -0.00536209 0.082265 -0.00256663 0.221005 0.516412 -0.00804327 -0.0938147 -0.117251 -0.0204774 -0.350361 0.26837 -0.232376 -0.345709 -0.523803 0.578805 -0.190091 -0.10516 -0.172002 -0.0302307 0.285112 -0.446473 0.00413603 -0.192925 -0.507222 0.309976
internal_weight=10344 384 147 237 197 9960 105 9912 237 105 9675 1203 1159 819 340 303 294 234 165 110 516 407 367 242 113 125 8472 93 109 141
internal_count=10344 384 147 237 197 9960 105 9912 237 105 9675 1203 1159 819 340 303 294 234 165 110 516 407 367 242 113 125 8472 93 109 141
is_linear=0
shrinkage=0.05


Tree=117
num_leaves=31
num_cat=0
split_feature=10 9 7 7 23 11 19 10 14 25 9 11 0 14 11 23 17 0 15 12 16 11 6 11 10 4 2 12 11 10
split_gain=2912.07 3466.65 2875.2 4313.79 3134 3118.87 5451.23 3785.93 14514.4 35375.7 12868.2 8410.38 8067.85 6254.45 5395.08 4334.08 4210.87 5408.29 4784.28 11494.8 7951.38 9581.68 6819.65 4805.7 4068.63 3678.9 4775.71 4026.69 4004.55 8947.6
threshold=1.0000000180025095e-35 1.0000000180025095e-35 0.99988440732898443 0.99681593486783593 3.2645833333333338 492.81720000000001 602.41545000000008 355.08610000000004 189.85245000000003 0.59999999999999887 398.86505000000005 286.50945000000007 13.500000000000002 329.54600000000005 288.79580000000004 28.860416666666673 51.34030846704831 21.500000000000004 449.21960000000007 329.02835833333341 321.42061636904765 381.60440000000006 -0.49813634056773481 330.01170000000008 442.46265000000011 -0.9159756150367534 4.5000000000000009 304.82237708333338 305.42515000000003 227.86515000000003
decision_type=2 2 2 2 2 2 2 2 2 2 2 2 2 2 2 2 2 2 2 2 2 2 2 2 2 2 2 2 2 2
left_child=-1 -2 3 5 -5 7 -7 10 9 -9 13 12 -10 15 -13 25 18 -18 19 20 21 -16 -21 -20 -25 26 -3 -28 -27 -30
right_child=1 2 -4 4 -6 6 -8 8 11 -11 -12 14 -14 -15 16 -17 17 -19 23 22 -22 -23 -24 24 -26 28 27 -29 29 -31
leaf_value=0.36967275772454605 -0.4607491548468427 0.20323041226543395 0.38599992319941523 0.023111337588893045 -0.39481167855883847 0.56644197304267441 -0.14271113479391059 0.30086404823121571 -0.74826366217120699 -1.7767985932528974 0.89893969152031872 0.54087448709540897 -0.086614489415262508 0.57980362021674714 0.0074460913274584511 0.43060318941871323 0.079412020675291073 -0.39164317502425267 -0.28823374965494231 -0.095001487055821218 0.40452115465237137 -0.79567172195504798 -0.72378331485612346 0.45843309217029149 -0.11553054604124516 0.021457243963196718 0.038630398560965819 -0.45452412011207272 -0.78994644066182584 -0.045252810080019558
leaf_weight=53 41 478 48 72 119 64 47 42 76 40 41 45 117 48 177 60 974 65 56 67 86 47 121 90 47 4450 189 53 41 2490
leaf_count=53 41 478 48 72 119 64 47 42 76 40 41 45 117 48 177 60 974 65 56 67 86 47 121 90 47 4450 189 53 41 2490
internal_value=2.36585e-10 -0.00190386 -6.84818e-05 -0.00188492 -0.23727 0.002606 0.26617 -0.000349114 -0.0608549 -0.71263 0.0154517 -0.0336976 -0.34716 0.0108131 0.00038599 0.00729405 -0.013673 0.0499427 -0.109327 -0.19123 -0.00416062 -0.161065 -0.499696 0.10201 0.261526 0.00399597 0.111605 -0.0693745 -0.0071025 -0.0573162
internal_weight=10344 10291 10250 10202 191 10011 111 9900 2050 82 7850 1968 193 7809 1775 7761 1730 1039 691 498 310 224 188 193 137 7701 720 242 6981 2531
internal_count=10344 10291 10250 10202 191 10011 111 9900 2050 82 7850 1968 193 7809 1775 7761 1730 1039 691 498 310 224 188 193 137 7701 720 242 6981 2531
is_linear=0
shrinkage=0.05


Tree=118
num_leaves=31
num_cat=0
split_feature=26 19 13 9 14 23 13 7 12 6 25 25 11 7 0 23 23 25 23 23 23 27 16 7 0 7 11 25 24 25
split_gain=2874.85 7703.22 3305.7 3700.56 3337.41 20280.3 6306.56 8427.41 5819.53 5342.84 5242.42 4925 5575.74 5466.08 4737.85 14981.6 8495.5 12152.4 7505.72 8096.45 7384 11496 9070.09 7297.52 6136.44 13059 10230.9 7320.89 10870.8 7193.03
threshold=27.456250000000001 463.26650000000006 134.0837409048402 205.31900000000005 239.22435000000004 25.779166666666672 57.866513240738293 0.29958852271690523 289.73853541666671 0.93544191479114935 6.3500000000000014 4.7500000000000009 329.37420000000003 0.87709077819680659 18.500000000000004 22.825000000000006 12.435416666666669 1.9500000000000008 24.941666666666674 26.097916666666674 4.7583333333333337 -2.9494587014808142 380.92722767857146 0.3484035575467645 12.500000000000002 -0.39036009226888674 434.02505000000002 1.6500000000000006 23.957440476190481 -4.4499999999999984
decision_type=2 2 2 2 2 2 2 2 2 2 2 2 2 2 2 2 2 2 2 2 2 2 2 2 2 2 2 2 2 2
left_child=2 -2 3 -1 5 6 7 10 9 -9 -5 12 -8 -14 24 16 20 23 -17 -20 21 -16 -23 -18 26 27 -6 28 -26 -27
right_child=1 -3 -4 4 14 -7 11 8 -10 -11 -12 -13 13 -15 15 18 17 -19 19 -21 -22 22 -24 -25 25 29 -28 -29 -30 -31
leaf_value=0.35679954460097685 0.70562910032272341 -0.17205056881904601 -0.36659287363290788 -0.029731116470489139 0.013117381444608245 -0.93810085396492671 0.065506218075752257 -0.069310031628283933 -0.59414869549994664 -0.54714524741801951 0.40314551755372019 -0.14812067373345295 0.6878489957828271 0.10064985878929936 -0.97303472804752278 0.72031486012041579 -0.43530325023214456 0.21501339893449437 -0.39670186240564692 0.32298879227152577 0.089337301560036553 -0.23749096612544826 0.31148293557319234 -1.1863421422905391 -1.0150442938471949 0.45714592730892561 -0.7541021242737771 0.35994395361496856 -0.13912656616363953 0.13789690604053381
leaf_weight=72 50 50 62 2448 3491 62 245 312 96 72 72 120 95 68 44 70 115 55 55 135 385 377 94 45 43 210 44 52 201 1104
leaf_count=72 50 50 62 2448 3491 62 245 312 96 72 72 120 95 68 44 70 115 55 55 135 385 377 94 45 43 210 44 52 201 1104
internal_value=-6.25015e-10 0.266789 -0.00260435 -0.000387957 -0.00293173 -0.0416464 -0.0258924 -0.0539376 -0.245953 -0.158904 -0.0173632 0.133455 0.216272 0.442882 0.0183851 -0.0640625 -0.14376 -0.426137 0.277719 0.114657 -0.0763037 -0.200132 -0.127929 -0.646533 0.0404192 0.121332 0.00356783 -0.178697 -0.293489 0.188918
internal_weight=10344 100 10244 10182 10110 3590 3528 3000 480 384 2520 528 408 163 6520 1375 1115 215 260 190 900 515 471 160 5145 1610 3535 296 244 1314
internal_count=10344 100 10244 10182 10110 3590 3528 3000 480 384 2520 528 408 163 6520 1375 1115 215 260 190 900 515 471 160 5145 1610 3535 296 244 1314
is_linear=0
shrinkage=0.05


Tree=119
num_leaves=31
num_cat=0
split_feature=27 26 23 22 14 2 9 0 11 24 12 9 22 27 7 7 6 7 5 10 12 9 12 15 15 0 9 22 26 14
split_gain=2766.01 11010.9 9292.16 6047.37 6387.94 7234.59 5096.45 42679.5 4585 5337.62 3777.94 4308.85 3543.54 3631.95 3256.15 2826.48 5782.88 5313.25 3810.45 2723.73 7311.04 6175.77 5926.21 8911.94 9001.38 9299.91 8130.17 15074.7 9474.88 5132.57
threshold=11.853440746711057 27.456250000000001 28.433333333333341 23.050000000000004 209.26470000000003 1.5000000000000002 424.42965000000004 14.500000000000002 305.98455000000007 25.823511904761908 307.15603333333337 244.89005000000003 27.250000000000004 -25.798992496178133 -0.79382744783423187 -0.99761278905001471 -0.01397611846945947 -0.99273797715557011 0.1294095225512602 355.08610000000004 358.61829791666679 304.82115000000005 309.14850625000003 396.20150000000007 419.47860000000009 18.500000000000004 313.14480000000009 13.600000000000003 6.0395833333333337 251.96410000000003
decision_type=2 2 2 2 2 2 2 2 2 2 2 2 2 2 2 2 2 2 2 2 2 2 2 2 2 2 2 2 2 2
left_child=1 6 3 8 -5 -6 12 -8 9 10 11 -2 13 -1 -13 16 -15 18 -17 20 -19 -22 26 -24 25 -25 27 28 -21 -26
right_child=2 -3 -4 4 5 -7 7 -9 -10 -11 -12 14 -14 15 -16 17 -18 19 -20 22 21 -23 23 24 29 -27 -28 -29 -30 -31
leaf_value=0.41504736454398544 0.24811867429064469 0.63470092283827917 -0.77297814243369634 0.70064716751492306 0.46414244748927935 -0.079053362458944329 0.49084777038904931 -1.5734655150345394 -0.39212047791928056 -0.61576320873129942 0.1565936774172281 -0.31080377371092538 0.34477170100196819 -0.64334820355034739 -0.050811206127410052 0.061338505880950502 0.03011994068675182 0.0052533017039000478 0.72318520004099074 -0.65327054819522001 0.80809598681403372 0.15987858878511749 0.31489520913041713 -0.16357867522713018 0.28704218095311756 -0.94974980381890561 0.31162893653593282 -1.1615434490789016 0.24049444131661152 -0.043789765511060653
leaf_weight=54 77 70 45 43 81 252 62 42 125 42 190 199 78 51 305 43 85 6152 44 52 41 354 180 136 130 52 44 52 69 1194
leaf_count=54 77 70 45 43 81 252 62 42 125 42 190 199 78 51 305 43 85 6152 44 52 41 354 180 136 130 52 44 52 69 1194
internal_value=3.38625e-10 0.0100555 -0.0664817 -0.0422866 0.127133 0.0530753 0.00515082 -0.342817 -0.110199 -0.066853 -0.0369513 -0.100245 0.00925804 0.00626135 -0.153467 0.00371792 -0.222431 0.00731808 0.396066 0.00331843 0.0186417 0.227162 -0.0492334 -0.0176844 -0.0572772 -0.38103 -0.295228 -0.449573 -0.143603 -0.0113063
internal_weight=10344 8985 1359 1314 376 333 8915 104 938 813 771 581 8811 8733 504 8679 136 8543 87 8456 6547 395 1909 1692 1512 188 217 173 121 1324
internal_count=10344 8985 1359 1314 376 333 8915 104 938 813 771 581 8811 8733 504 8679 136 8543 87 8456 6547 395 1909 1692 1512 188 217 173 121 1324
is_linear=0
shrinkage=0.05


Tree=120
num_leaves=31
num_cat=0
split_feature=9 9 27 14 9 27 18 2 12 6 6 24 7 7 2 0 25 18 10 11 2 11 12 6 22 0 9 14 12 27
split_gain=2916.07 6462.83 3831.5 5832.24 3735.99 3248.2 3003.63 3782.57 3869.8 2829.33 8065.07 4985.75 5849.49 6153.94 5608.72 4008.11 8344.59 9032.58 11207.8 7083.66 4268.89 5566.59 8546.62 7958.7 5891.98 5335.19 5682.26 4612.75 5405.19 4355.95
threshold=437.66935000000007 424.42965000000004 -23.221153121816556 228.00590000000003 1.0000000180025095e-35 -22.701214877196602 237.58035000000004 2.5000000000000004 340.30675625000003 -0.30983472475487867 -0.43733984355855576 26.152976190476199 -0.49812626372919411 -0.40613878790836594 1.0000000180025095e-35 18.500000000000004 3.8999999999999999 217.53375000000003 328.74740000000003 332.90990000000005 2.5000000000000004 301.85270000000008 320.89653125000007 -0.54220184589352438 9.1500000000000021 11.500000000000002 270.00335000000007 239.97500000000002 304.5451812500001 -7.630998909943159
decision_type=2 2 2 2 2 2 2 2 2 2 2 2 2 2 2 2 2 2 2 2 2 2 2 2 2 2 2 2 2 2
left_child=1 2 3 -1 -4 -6 7 -5 -9 10 11 12 -7 -14 -13 20 17 -17 -19 -20 25 23 24 -22 -23 26 -15 -27 29 -29
right_child=-2 -3 4 6 5 9 -8 8 -10 -11 -12 14 13 15 -16 16 -18 18 19 -21 21 22 -24 -25 -26 27 -28 28 -30 -31
leaf_value=0.71152964745958647 0.31709267207317882 -0.58104290310293438 -0.46927233934402468 0.53322478833679976 -0.44633108032185859 0.20552011085154254 -0.26824762513662909 -0.3048897849585937 0.34110843286934228 -0.019169874230446294 0.26446439330319743 -0.61071017428499763 -0.32678260142880461 -0.29418199282760421 -0.073326749655911155 0.45302540593677104 0.39379789750365651 -0.11531746802703205 -0.38181562400331687 -1.2706166110187771 0.020133839394072539 0.47220200536772605 -0.81964179714943508 0.74662915371358407 -0.20151036696097013 0.0013787771298273191 0.14032507638457692 0.41386201996356253 0.1932619315352333 1.106772468256396
leaf_weight=45 72 48 43 52 41 412 47 49 44 6625 350 61 135 96 238 45 68 226 51 40 655 40 47 40 172 74 348 48 89 43
leaf_count=45 72 48 43 52 41 412 47 49 44 6625 350 61 135 96 238 45 68 226 51 40 655 40 47 40 172 74 348 48 89 43
internal_value=-2.50039e-10 -0.00222261 0.000494854 0.19919 -0.00422035 -0.00220937 0.0791105 0.191702 0.00074378 -0.000370634 0.0376236 0.010508 0.0325114 0.000360078 -0.18296 0.0215725 -0.114406 -0.20987 -0.303972 -0.772497 0.0569664 -0.0117841 -0.209633 0.0619465 -0.0743948 0.150932 0.0463776 0.333697 0.470316 0.741281
internal_weight=10344 10272 10224 237 9987 9944 192 145 93 9903 3278 2928 2629 2217 299 2082 430 362 317 91 1652 954 259 695 212 698 444 254 180 91
internal_count=10344 10272 10224 237 9987 9944 192 145 93 9903 3278 2928 2629 2217 299 2082 430 362 317 91 1652 954 259 695 212 698 444 254 180 91
is_linear=0
shrinkage=0.05


Tree=121
num_leaves=31
num_cat=0
split_feature=12 27 12 0 14 2 9 12 27 11 14 0 10 10 12 15 13 26 15 11 0 25 14 27 19 14 14 18 11 19
split_gain=2858.53 6355.63 13488.7 6564.99 8427.09 5978.66 5387.1 4502.33 3811.26 6541.22 5398.28 3845.01 3773.55 8839.02 7741.07 6440.1 7212.36 6006.6 6944.27 7592.53 6676.83 7354 6527.93 5511.41 5339.21 5135.23 4987.02 30946.4 5896.84 8484.98
threshold=402.27575833333339 0.77299578991270301 421.67882291666672 12.500000000000002 359.97180000000009 3.5000000000000004 420.00265000000007 423.25611041666673 -19.096952548881379 421.40165000000007 199.43630000000005 17.500000000000004 344.55185000000006 342.72655000000003 294.07636250000007 399.1692000000001 41.729098275052507 -0.64166666666666661 428.86455000000007 401.93200000000007 18.500000000000004 -5.2499999999999982 323.96655000000004 -5.9581970925866896 403.78690000000006 287.27765000000005 281.99270000000007 234.32550000000003 415.87400000000008 482.2679500000001
decision_type=2 2 2 2 2 2 2 2 2 2 2 2 2 2 2 2 2 2 2 2 2 2 2 2 2 2 2 2 2 2
left_child=6 3 -3 4 7 -4 8 -2 9 10 -1 -12 13 25 -14 16 24 -17 20 -20 21 -19 -21 -18 -16 26 28 -28 -10 -30
right_child=1 2 5 -5 -6 -7 -8 -9 12 -11 11 -13 14 -15 15 17 23 18 19 22 -22 -23 -24 -25 -26 -27 27 -29 29 -31
leaf_value=0.71848234647796272 0.1364373234544809 1.1494451443354288 0.39121032864786687 -0.61034302517771721 -0.26070501270529989 -0.38215498081067717 -0.53357941154051036 0.80554026103601228 -0.012524379433783712 -0.38466914707216726 -0.038510918909656439 0.24420363444877857 -0.55884509607206423 0.56054989859251914 -0.44788438427047095 -0.49274041449991607 0.1314677044022374 0.43609589961442086 -0.080480137007551897 0.41276143219485972 -0.70021116236408421 -0.26993324432701787 -0.29482960780946221 0.95129894585144226 0.105907232916743 0.14487559916962564 -1.4439232967620672 0.083416828271643872 0.89161039400239328 0.082899738139134246
leaf_weight=42 65 42 64 40 91 41 48 41 6479 58 204 293 79 71 52 93 41 44 721 159 71 228 41 41 267 565 43 145 43 132
leaf_count=42 65 42 64 40 91 41 48 41 6479 58 204 293 79 71 52 93 41 44 721 159 71 228 41 41 267 565 43 145 43 132
internal_value=5.74083e-10 0.133863 0.392148 -0.0263388 0.0922407 0.0892296 -0.00516099 0.395241 -0.00260207 0.119867 0.174159 0.12816 -0.0104512 0.00532188 -0.0746596 -0.0529015 0.123144 -0.104924 -0.0763898 -0.00486984 -0.26843 -0.155723 0.267705 0.541383 0.015634 -2.68679e-07 -0.0119639 -0.265922 -0.00478861 0.281611
internal_weight=10344 384 147 237 197 105 9960 106 9912 597 539 497 9315 7478 1837 1758 401 1357 1264 921 343 272 200 82 319 7407 6842 188 6654 175
internal_count=10344 384 147 237 197 105 9960 106 9912 597 539 497 9315 7478 1837 1758 401 1357 1264 921 343 272 200 82 319 7407 6842 188 6654 175
is_linear=0
shrinkage=0.05


Tree=122
num_leaves=31
num_cat=0
split_feature=7 7 7 26 25 9 27 27 7 8 27 24 25 17 6 23 12 10 14 0 23 15 2 9 27 9 10 11 13 0
split_gain=2653.92 3742 2790.67 8609.07 7455.27 6287.35 5926.13 16556.1 19345.3 8422.89 15000.2 8364.9 14219.3 12433.3 8255.98 7255.68 12268.5 6090.02 5989.21 5094.39 4232.8 4191.93 4106.95 3809.82 7591.2 3743.67 3509.33 8450.19 10976.7 6384.28
threshold=0.99988440732898443 0.99681593486783593 0.86869874770991873 0.57708333333333339 -4.4499999999999984 404.69590000000005 1.1157530289209832 0.35156253626425754 0.95436825032516992 1.0000000180025095e-35 -0.0525581709611622 1.4020833333333338 3.8500000000000001 59.940499546724652 0.21862473630160603 6.6437500000000016 369.53723541666676 316.48810000000009 366.15630000000004 12.500000000000002 4.1875000000000009 375.24495000000007 3.5000000000000004 312.02470000000011 4.7511734126122933 378.85180000000008 371.31070000000005 309.16710000000006 74.6791525769613 13.500000000000002
decision_type=2 2 2 2 2 2 2 2 2 2 2 2 2 2 2 2 2 2 2 2 2 2 2 2 2 2 2 2 2 2
left_child=1 2 5 6 -5 25 7 9 -9 11 14 13 15 -4 -11 16 17 -13 23 -18 -6 -22 -19 -8 -25 26 -1 29 -29 -28
right_child=-2 -3 3 4 20 -7 18 8 -10 10 -12 12 -14 -15 -16 -17 19 22 -20 -21 21 -23 -24 24 -26 -27 27 28 -30 -31
leaf_value=-0.0001886795109258253 0.37092294027485573 -0.22039660188602284 -0.89311967256457303 0.80487488786379502 0.4727491356804967 -0.58030388069649541 0.2514116657264342 0.038314450163852598 -1.1772172867806991 -0.5107444076240063 -1.1428059910492201 0.078084580572666956 1.0664305641599323 0.01774913395572569 0.4665716611324473 0.62808503493910939 0.18713546214224419 -0.84365013197381455 0.62967299921759246 0.87967728067189455 0.34611752364784482 -0.19342481107554502 -0.17907610048094524 0.099773060031076707 -0.59341275436431173 0.22722049989693224 -0.88458390831947331 -0.085522516870717727 0.7232726545466317 -0.21248419729043855
leaf_weight=7289 48 192 43 60 80 48 197 64 67 40 41 81 46 291 47 61 79 47 58 40 60 90 46 188 50 168 53 619 45 106
leaf_count=7289 48 192 43 60 80 48 197 64 67 40 41 81 46 291 47 61 79 47 58 40 60 90 46 188 50 168 53 619 45 106
internal_value=2.72071e-10 -0.00172924 0.00242595 0.0593278 0.308522 -0.00970873 0.0106964 -0.0596586 -0.58337 0.0199309 -0.354343 0.0851995 0.239439 -0.0995184 0.0172309 0.131977 0.0286914 -0.238875 0.152405 0.419923 0.179038 0.0223921 -0.514936 0.0887696 -0.0458542 -0.00640093 -0.0112392 -0.10911 -0.0307096 -0.436517
internal_weight=10344 10296 10104 1776 290 8328 1486 993 131 862 128 734 400 334 87 354 293 174 493 119 230 150 93 435 238 8280 8112 823 664 159
internal_count=10344 10296 10104 1776 290 8328 1486 993 131 862 128 734 400 334 87 354 293 174 493 119 230 150 93 435 238 8280 8112 823 664 159
is_linear=0
shrinkage=0.05


Tree=123
num_leaves=31
num_cat=0
split_feature=23 0 6 24 14 10 9 14 8 5 27 15 12 27 14 16 27 13 11 14 18 27 13 23 7 23 5 6 19 6
split_gain=2623.71 4330.58 6002.51 5980.72 3790.11 3168.19 15446.8 14410.3 37148.6 5981.75 9674.67 8360.14 7958.89 9427.18 8989.58 7729.49 7922.61 5233.43 5673.31 4894.71 4602.36 4014.58 14430.4 8538.01 4200.32 6231.5 6267.66 8249.84 6683.83 7166.55
threshold=-3.8520833333333324 13.500000000000002 0.15101559051660998 -0.94464285714285712 359.97180000000009 366.29005000000006 398.86505000000005 221.98540000000003 1.0000000180025095e-35 -0.70710678118654757 -2.324093688544977 399.1692000000001 310.33828958333339 -19.096952548881379 251.64880000000002 305.90243273809529 -0.29710269552393537 37.748613015636082 387.29630000000003 281.98165000000006 237.58035000000004 11.853440746711057 70.585539098348661 28.433333333333341 -0.99761278905001471 21.520833333333332 -0.12940952255126037 -0.94139628442229062 416.46390000000002 -0.83377653105606597
decision_type=2 2 2 2 2 2 2 2 2 2 2 2 2 2 2 2 2 2 2 2 2 2 2 2 2 2 2 2 2 2
left_child=1 4 -3 -4 -1 6 21 8 -7 10 11 -9 -11 14 -14 -15 17 -17 20 -18 -19 23 -23 24 -2 -26 -27 -28 -29 -30
right_child=5 2 3 -5 -6 7 -8 9 -10 12 -12 -13 13 15 -16 16 19 18 -20 -21 -22 22 -24 -25 25 26 27 28 29 -31
leaf_value=0.14151181550575542 -0.27450532256237542 -0.23224209405481819 0.13546758379255022 0.78906882456370764 -0.25624975838831493 -1.6982069379753537 0.94073311361399581 0.47119587572609511 0.35693603825083997 -0.78289421227804967 0.29802272655870965 -0.33333331590616394 0.76792809543786233 -0.74175586857578979 0.019431051484738979 -0.44776576546331248 0.15382529480382801 0.18220603466033936 0.42700662023013403 -0.45556504961382099 -0.31595718941706075 -0.048318904252503729 -0.97959428952876915 0.65463696695291085 -0.0032203333398382848 0.00065217240601778039 -0.26637555870456969 0.62785218652570629 0.78150283366124684 0.11865336365979649
leaf_weight=154 126 40 70 70 98 45 44 41 43 42 279 152 54 55 156 48 40 102 97 187 85 1275 43 52 5894 500 69 128 47 308
leaf_count=154 126 40 70 70 98 45 44 41 43 42 279 152 54 55 156 48 40 102 97 187 85 1275 43 52 5894 500 69 128 47 308
internal_value=2.57793e-11 0.120621 0.307933 0.462268 -0.0131732 -0.00525708 0.00633078 -0.0742155 -0.693989 -0.033453 0.109747 -0.162423 -0.111502 -0.0772807 0.211902 -0.176187 -0.12054 0.035107 0.116719 -0.348183 -0.0442318 0.00146065 -0.0787019 0.0162914 0.0115977 0.0167876 0.128885 0.245038 0.318097 0.206411
internal_weight=10344 432 180 140 252 9912 8486 1426 88 1338 472 193 866 824 210 614 559 332 284 227 187 8442 1318 7124 7072 6946 1052 552 483 355
internal_count=10344 432 180 140 252 9912 8486 1426 88 1338 472 193 866 824 210 614 559 332 284 227 187 8442 1318 7124 7072 6946 1052 552 483 355
is_linear=0
shrinkage=0.05


Tree=124
num_leaves=31
num_cat=0
split_feature=10 9 10 16 0 11 23 17 22 9 12 27 10 2 7 10 22 9 10 12 4 12 15 27 16 12 19 22 10 15
split_gain=2488.64 3555.42 2636.31 5580.5 2578.29 8862.08 3253.57 7083.56 4694.08 5772.01 2677.32 6075.49 8442.3 6403.13 4988.44 3877.37 9479.81 8489.18 5054.57 7798.7 6168.61 5976.65 9734.21 8222.93 6212.18 6824.47 5465.06 4073.57 3633.47 4475.17
threshold=1.0000000180025095e-35 1.0000000180025095e-35 214.83060000000003 269.28757678571429 22.500000000000004 347.89300000000009 20.231250000000003 47.796708917511339 1.4000000000000001 282.45505000000009 402.27575833333339 -1.2761937352910231 422.2267500000001 2.5000000000000004 0.94353349168649059 367.36375000000004 27.250000000000004 398.86505000000005 413.97310000000004 394.08561666666668 -0.78656609248549292 308.49341041666673 394.30350000000004 -20.840889084085848 307.2671446428572 321.88150833333333 407.93525000000005 15.300000000000002 363.64205000000004 385.54940000000005
decision_type=2 2 2 2 2 2 2 2 2 2 2 2 2 2 2 2 2 2 2 2 2 2 2 2 2 2 2 2 2 2
left_child=-1 -2 3 -3 10 6 8 -8 -6 -10 15 -12 14 -14 -13 17 18 28 21 20 27 26 -23 -24 25 -25 -17 -20 -4 -30
right_child=1 2 4 -5 5 -7 7 -9 9 -11 11 12 13 -15 -16 16 -18 -19 19 -21 -22 22 23 24 -26 -27 -28 -29 29 -31
leaf_value=0.34174160766151718 -0.4664426307852676 -0.011897948607165591 0.0083321008110109444 -0.65212625675679492 0.26335010431939737 -0.66964706427627996 0.67331681206883143 -0.19947245342934386 -0.0050557979369105022 -0.54266304613912808 -0.14373380743405398 0.31266151671184272 0.44512683635666256 -0.22697434826397603 1.092627361562194 -0.016576118096709253 -0.78858957178062861 0.70937952588904984 -0.19867812321791728 -0.49530559277534486 0.37813993621985992 0.52951651536709354 0.34334008977804559 -0.13542887068946252 -0.12222946351306528 -1.0160579141229391 -0.76158949383534491 0.2828733954797773 -0.18910128183662891 0.43238890020620258
leaf_weight=53 41 117 7788 48 64 62 46 47 121 85 119 41 63 81 41 40 45 44 124 50 182 62 83 44 532 44 64 68 40 105
leaf_count=53 41 117 7788 48 64 62 46 47 121 85 119 41 63 81 41 40 45 44 124 50 182 62 83 44 532 44 64 68 40 105
internal_value=3.66954e-10 -0.00176001 9.87167e-05 -0.198146 0.00334219 -0.117187 -0.0228274 0.23223 -0.11068 -0.226884 0.00864497 0.145422 0.297677 0.0670699 0.702644 0.00357916 -0.0751869 0.0167908 -0.0503585 0.0911686 0.169574 -0.119412 -0.0710644 -0.124032 -0.186599 -0.575743 -0.475046 -0.0281286 0.0129493 0.260943
internal_weight=10344 10291 10250 165 10085 425 363 93 270 206 9660 345 226 144 82 9315 1338 7977 1293 424 374 869 765 703 620 88 104 192 7933 145
internal_count=10344 10291 10250 165 10085 425 363 93 270 206 9660 345 226 144 82 9315 1338 7977 1293 424 374 869 765 703 620 88 104 192 7933 145
is_linear=0
shrinkage=0.05


Tree=125
num_leaves=31
num_cat=0
split_feature=26 10 17 13 22 10 13 13 27 27 26 7 27 5 6 17 13 4 9 14 7 18 17 5 10 11 18 17 0 10
split_gain=2482.22 7360.91 3223.58 7781.32 4038.37 23462.2 3333.23 4955.94 13037.6 4636.5 5284.69 4228.83 4761.42 5005.34 4739.88 3681.18 3614.8 6324.47 3565 3465.71 7791.93 6058.26 7459.58 9696.12 7561.49 7085.23 7355.09 6535.75 5811.91 9934.88
threshold=27.456250000000001 317.08265000000006 104.13585983690119 117.92598741444549 27.250000000000004 339.63050000000004 57.692165975949358 56.639774170829874 -0.0525581709611622 -13.020833333333336 11.762500000000003 0.97263757644091875 -0.12239984007973397 -0.70710678118654757 -0.39036798905311365 85.820497425554251 72.1018021625122 -0.37940952255126065 306.93025000000006 239.22435000000004 0.29958852271690523 246.16770000000002 44.376489743485386 1.0000000180025095e-35 437.17360000000002 284.41500000000002 245.98705000000004 48.577080690253247 16.500000000000004 320.3798000000001
decision_type=2 2 2 2 2 2 2 2 2 2 2 2 2 2 2 2 2 2 2 2 2 2 2 2 2 2 2 2 2 2
left_child=2 -2 3 4 6 -6 7 15 -9 -8 11 12 14 -14 -11 19 -16 -18 -15 20 28 25 23 -23 -24 27 -27 -21 29 -1
right_child=1 -3 -4 -5 5 -7 9 8 -10 10 -12 -13 13 18 16 -17 17 -19 -20 21 -22 22 24 -25 -26 26 -28 -29 -30 -31
leaf_value=-0.025468942176163325 -0.2774870665743947 0.5981620649496715 0.26197728036265627 -0.56382388930407268 0.30721400666361054 -1.2561097786575557 0.48675906003424618 -1.0002045340836048 0.16923213166972767 0.34705540135706947 -0.30759615900561865 -0.16380531242660556 0.51801620033462492 0.31419517323374752 -0.24099228630877204 -0.36155622981799151 0.52878191051091628 -0.24087075109460523 0.020676615017914943 0.044977825347743285 -0.23041985983029012 0.0030767288555701576 -0.0080599503413733512 -0.89581710894902555 -0.60742397535930981 0.079062278434632496 0.46149920889204649 -0.17621232039459489 0.10698965644431578 -0.4669503961460314
leaf_weight=1664 40 60 114 62 60 40 66 44 52 73 92 144 113 178 180 72 51 56 247 865 480 60 1217 60 55 2643 132 544 742 138
leaf_count=1664 40 60 114 62 60 40 66 44 52 73 92 144 113 178 180 72 51 56 247 865 480 60 1217 60 55 2643 132 544 742 138
internal_value=2.88411e-10 0.247902 -0.00241998 -0.00539542 -0.00195655 -0.318116 0.00121519 -0.00948124 -0.36676 0.0793704 0.05566 0.0877325 0.128068 0.222249 -0.012679 -0.00552613 -0.104179 0.125973 0.143609 -0.00254541 -0.0456464 0.0208293 -0.0695271 -0.44637 -0.0339758 0.0508905 0.0972539 -0.0404214 -0.0107835 -0.0592783
internal_weight=10344 100 10244 10130 10068 100 9968 8768 96 1200 1134 1042 898 538 360 8672 287 107 425 8600 3024 5576 1392 120 1272 4184 2775 1409 2544 1802
internal_count=10344 100 10244 10130 10068 100 9968 8768 96 1200 1134 1042 898 538 360 8672 287 107 425 8600 3024 5576 1392 120 1272 4184 2775 1409 2544 1802
is_linear=0
shrinkage=0.05


Tree=126
num_leaves=31
num_cat=0
split_feature=23 10 0 2 24 10 27 13 17 10 25 9 27 7 17 24 14 6 18 0 27 13 25 13 5 12 16 23 23 13
split_gain=2324.89 3700.58 3103.55 4207.65 3524.31 2718.5 7772.73 7025.89 7112.96 18911.6 6956.11 6503.74 6128.21 6072.14 5020.16 14731.4 11381.3 5759.05 8171.84 7713.19 5477.01 8424.19 5265.03 4999.24 15061.6 15393.6 7197.42 6564.64 5418.63 4827.51
threshold=-3.8520833333333324 317.66055000000006 17.500000000000004 3.5000000000000004 -0.16547619047619036 318.86780000000005 19.985543936932839 49.620569306336328 45.341022483813759 293.98540000000008 -1.9500000000000008 414.21015000000006 -6.2450878757862496 -0.15950993297387572 36.880573508586913 13.281250000000002 252.79290000000003 -0.30983472475487867 234.88525000000004 22.500000000000004 -0.29710269552393537 61.09070653125557 -9.1999999999999975 44.908218909071458 0.1294095225512602 342.46776666666671 327.41984017857152 28.306250000000002 6.9645833333333345 45.909903295472425
decision_type=2 2 2 2 2 2 2 2 2 2 2 2 2 2 2 2 2 2 2 2 2 2 2 2 2 2 2 2 2 2
left_child=1 -1 4 -4 -3 7 11 23 9 13 -10 14 -12 -9 15 -7 -17 18 20 22 21 -16 -19 27 25 -25 28 -2 -26 -24
right_child=5 2 3 -5 -6 6 -8 8 10 -11 12 -13 -14 -15 17 16 -18 19 -20 -21 -22 -23 29 24 26 -27 -28 -29 -30 -31
leaf_value=0.52267751973502496 0.0014313156633396211 0.097378541090004767 0.60524028337226721 -0.064781279507137482 -0.2799759859260586 -1.111863169208078 -0.6238300897181035 0.56034710145156297 0.43981791828166356 -0.98529842447261429 0.58101100056402144 -0.54637437939643863 0.055694444173431334 -0.13599016634931027 0.2174650502287177 0.29739980655774645 -0.68563786121931947 0.45996003848518807 -0.058830526105556669 -0.65830767745008834 -0.036535247897022755 0.89869062444742986 0.019110962700436784 -0.25591567199304704 -0.51443474129205791 -1.3088664842503412 0.71783651158745798 0.58313451567474672 0.13513050613975205 -0.13456868407667535
leaf_weight=49 4760 198 53 42 90 41 56 56 220 49 62 60 531 71 412 89 44 51 563 52 174 51 1069 200 41 42 42 49 148 979
leaf_count=49 4760 198 53 42 90 41 56 56 220 49 62 60 531 71 412 89 44 51 563 52 174 51 1069 200 41 42 42 49 148 979
internal_value=-7.00973e-10 0.113545 0.0612011 0.30902 -0.0205447 -0.00494867 -0.0393133 0.0150038 0.137311 -0.150883 0.1997 -0.0301828 0.110618 0.171056 -0.0213966 -0.283252 -0.0278157 -0.00779978 0.0799584 -0.0567583 0.202624 0.292503 -0.0418557 -0.00789706 -0.163 -0.438659 0.125786 0.00735842 -0.00578047 -0.0543521
internal_weight=10344 432 383 95 288 9912 3641 6271 989 176 813 3585 593 127 3525 174 133 3351 1200 2151 637 463 2099 5282 473 242 231 4809 189 2048
internal_count=10344 432 383 95 288 9912 3641 6271 989 176 813 3585 593 127 3525 174 133 3351 1200 2151 637 463 2099 5282 473 242 231 4809 189 2048
is_linear=0
shrinkage=0.05


Tree=127
num_leaves=31
num_cat=0
split_feature=12 10 27 12 27 27 17 9 26 23 27 13 11 11 13 2 15 11 13 5 0 14 15 19 18 16 15 25 11 10
split_gain=2365.02 4715.66 6115.27 9131.52 8299.05 7075.75 4866.82 4696.54 2999.21 5858.16 3239.63 7524.2 7593.87 8704.99 7086.83 6684.53 9242.62 8201.86 10441.6 11871.6 9189.89 6868.9 6237.73 5940.84 5558.31 8466.63 7394.73 8244.71 6207.19 7756.54
threshold=402.27575833333339 365.96060000000006 0.77299578991270301 421.67882291666672 -5.6792995310458492e-16 -1.1144198489020345 75.655767322873018 420.00265000000007 -1.0583333333333331 -2.754166666666666 -1.0000000180025095e-35 117.92598741444549 434.02505000000002 415.87400000000008 117.92598741444549 4.5000000000000009 280.18715000000003 299.96965000000006 48.628130008935365 0.78656609248549303 15.500000000000002 207.30400000000003 287.95895000000007 383.8830000000001 246.61495000000002 328.75401220238098 484.53065000000009 -3.0499999999999985 352.97670000000011 398.55290000000008
decision_type=2 2 2 2 2 2 2 2 2 2 2 2 2 2 2 2 2 2 2 2 2 2 2 2 2 2 2 2 2 2
left_child=7 -2 4 -4 5 -3 -5 8 9 -1 14 12 13 -12 15 16 21 18 19 -18 -20 -10 -19 -21 25 -24 27 -26 -29 -30
right_child=1 2 3 6 -6 -7 -8 -9 10 -11 11 -13 -14 -15 -16 -17 17 22 20 23 -22 -23 24 -25 26 -27 -28 28 29 -31
leaf_value=0.069860366146479336 0.62175381240390593 -0.16049314629588579 0.94966807171702394 -0.3311704344219632 -0.73518695398125544 0.59498333106207291 0.35669792475799722 -0.49808319483418018 0.16840503936464138 -0.60342266296346991 -0.019785188127332751 -0.66243875099589 -0.58909245205336613 0.68650891010395509 0.69452817983925341 -0.068792224341758051 0.58343926930376389 -0.55300265798966097 0.41612275269898502 -0.36974407145432359 -0.47407040029764175 1.006558394432068 0.0035743621533112675 0.23463755011531143 -0.87783849712299267 0.253543918042616 0.28177567599694942 -0.51789941169597487 0.20127727983190732 -0.53242948754709596
leaf_weight=70 42 111 40 45 43 43 60 48 55 60 5121 46 58 44 40 1313 233 48 44 58 85 44 1639 136 46 427 79 81 136 49
leaf_count=70 42 111 40 45 43 43 60 48 55 60 5121 46 58 44 40 1313 233 48 44 58 85 44 1639 136 46 427 79 81 136 49
internal_value=-8.41718e-10 0.121761 0.060358 0.3068 -0.121033 0.0504516 0.0618972 -0.00469439 -0.0023051 -0.240886 0.000865572 -0.0257645 -0.0201572 -0.0137684 0.0319566 0.0260315 0.0654314 0.050053 0.223778 0.342873 -0.170439 0.540918 0.0114938 0.0539461 0.0225218 0.055238 -0.150346 -0.259762 -0.152877 0.00694414
internal_weight=10344 384 342 145 197 154 105 9960 9912 130 9782 5269 5223 5165 4513 4473 3160 3061 556 427 129 99 2505 194 2457 2066 391 312 266 185
internal_count=10344 384 342 145 197 154 105 9960 9912 130 9782 5269 5223 5165 4513 4473 3160 3061 556 427 129 99 2505 194 2457 2066 391 312 266 185
is_linear=0
shrinkage=0.05


Tree=128
num_leaves=31
num_cat=0
split_feature=9 9 4 2 22 13 22 7 7 27 11 13 27 13 13 26 11 27 14 14 17 13 17 10 23 23 25 17 19 11
split_gain=2299.2 5315.17 2877.14 4782.05 9592.53 4022.5 7133.85 2705.68 4031.37 3808.27 4158.31 2855.98 2493.03 9266.51 7514.41 5843.7 16975.7 14731.3 11682 7618.21 9759.71 6975.06 6761.75 16932.3 6690.04 6564.25 6558.04 6488.04 9460.25 6263.68
threshold=437.66935000000007 424.42965000000004 -0.98296291314453399 4.5000000000000009 2.5000000000000004 43.709019985889043 16.400000000000002 0.99988440732898443 0.99681593486783593 1.2573040471246162e-15 351.81105000000008 25.462600000918517 -1.0000000180025095e-35 117.92598741444549 117.92598741444549 1.0000000180025095e-35 279.90015000000005 -8.6107625304731048 193.32670000000005 193.32670000000005 49.139706327742736 41.978430467003058 38.517536286096679 330.01170000000008 10.710416666666669 9.7291666666666696 -5.549999999999998 40.749949530584253 401.73520000000008 346.31235000000009
decision_type=2 2 2 2 2 2 2 2 2 2 2 2 2 2 2 2 2 2 2 2 2 2 2 2 2 2 2 2 2 2
left_child=1 2 3 4 -1 -6 -7 8 12 10 -10 -11 14 -14 15 19 -17 18 -18 20 -4 26 23 24 25 -21 -19 28 -28 -20
right_child=-2 -3 7 -5 5 6 -8 -9 9 11 -12 -13 13 -15 -16 16 17 21 29 22 -22 -23 -24 -25 -26 -27 27 -29 -30 -31
leaf_value=0.81302175054262438 0.2815628841933277 -0.52689088977252441 0.93964194218317676 -0.13374003319129829 0.24608530869719181 -0.66585446448065344 0.2518552537759145 0.37752729380584282 -0.78617148810881199 0.2827879466793754 -0.12453303235642454 -0.2837253794239627 -0.018779684796462373 -0.70268367865681647 0.69163499151666963 0.97486927365815201 -0.93511749422404833 0.93834071859370827 0.14543741488265335 -0.09629720741388749 0.070024227599302921 0.03610795709721569 -0.0051750396036527478 -0.94441938105532364 -0.20430561953689905 0.76693873912096022 0.21907757517002838 0.14032659773606374 1.1222791736527364 -0.20723645720230854
leaf_weight=58 72 48 45 124 159 40 45 46 48 44 47 45 5266 50 42 54 41 43 218 49 114 297 2286 68 288 40 71 249 49 298
leaf_count=58 72 48 45 124 159 40 45 46 48 44 47 45 5266 50 42 54 41 43 218 49 114 297 2286 68 288 40 71 249 49 298
internal_value=-1.99562e-10 -0.00197357 0.000490829 0.127696 0.23504 0.0976511 -0.180008 -0.00503982 -0.00684438 -0.238664 -0.458835 -0.00365138 -0.0023863 -0.0252122 0.0261514 0.0195124 0.106676 0.069644 -0.122784 -0.0202993 0.316142 0.220818 -0.0398871 -0.218206 -0.0872176 0.291674 0.353971 0.285874 0.587885 -0.0582386
internal_weight=10344 10272 10224 426 302 244 85 9798 9752 184 95 89 9568 5316 4252 4210 1320 1266 557 2890 159 709 2731 445 377 89 412 369 120 516
internal_count=10344 10272 10224 426 302 244 85 9798 9752 184 95 89 9568 5316 4252 4210 1320 1266 557 2890 159 709 2731 445 377 89 412 369 120 516
is_linear=0
shrinkage=0.05


Tree=129
num_leaves=31
num_cat=0
split_feature=10 9 0 13 13 9 23 25 10 22 15 11 17 11 16 19 4 9 2 17 26 11 18 27 27 16 13 16 0 18
split_gain=2342.02 3236.93 2595.89 11186.3 6987.42 6956.26 6678.94 6181.64 7003.95 5528.3 10615.2 8501.39 5009.03 4933.81 4613.42 8258.3 4588.5 8746.96 8185.59 6300.33 11260.8 7321.97 6053.26 7916.72 17521.3 6986.09 10679.6 8911.5 10121.9 7620.12
threshold=1.0000000180025095e-35 1.0000000180025095e-35 4.5000000000000009 22.751857205339423 23.115525502820365 392.40175000000005 14.26041666666667 1.9500000000000008 248.72175000000001 3.0500000000000003 321.36355000000009 330.01170000000008 71.775494611918518 398.40555000000006 290.48989553571431 402.61140000000006 -0.37940952255126065 424.42965000000004 4.5000000000000009 37.317147644344338 15.297916666666667 336.70890000000003 246.61495000000002 -2.6946185798917988 -4.190711705284988 305.90243273809529 34.188997684936062 292.22124940476198 20.500000000000004 204.30005000000003
decision_type=2 2 2 2 2 2 2 2 2 2 2 2 2 2 2 2 2 2 2 2 2 2 2 2 2 2 2 2 2 2
left_child=-1 -2 3 -3 6 13 7 9 -9 10 11 -4 -11 -5 15 -8 17 18 19 20 21 -6 25 24 -24 26 -21 -28 29 -29
right_child=1 2 4 5 16 -7 14 8 -10 12 -12 -13 -14 -15 -16 -17 -18 -19 -20 22 -22 -23 23 -25 -26 -27 27 28 -30 -31
leaf_value=0.33152199052977116 -0.44508909524940865 -0.16785609508789476 0.1032258151450019 0.074985988336251183 0.19161431045801033 0.66236561986533082 -0.073139789047245482 -0.51194845672937173 0.063900933965119755 0.27670196613068121 0.24898112442332898 -0.69684111123060577 0.78297250500896531 0.57952248083055025 -0.22212774417734238 0.60582230812624882 -0.078129099006512132 -0.68453973001903956 -0.12905230841552645 0.35144479034675496 -0.76528642413516845 -0.47229757686717466 -0.02740302723914604 0.24476182834977017 -1.0840730192614536 0.23985574069910603 0.069100911640362722 -0.48798373626722463 -0.98833833965270412 0.18549849263259344
leaf_weight=53 41 465 69 1568 153 55 209 62 356 342 323 64 57 50 266 57 3320 45 717 198 60 57 170 112 51 813 397 84 46 84
leaf_count=53 41 465 69 1568 153 55 209 62 356 342 323 64 57 50 266 57 3320 45 717 198 60 57 170 112 51 813 397 84 46 84
internal_value=3.64489e-10 -0.00170738 6.61455e-05 0.0490791 -0.0128517 0.109375 0.0738918 0.136068 -0.0215121 0.213108 0.0941791 -0.281769 0.349026 0.0905774 -0.0748878 0.0723521 -0.0376769 0.00728512 0.0178671 0.0652114 -0.161189 0.0114097 0.0964791 -0.0976964 -0.27125 0.136344 0.0323199 -0.0710954 -0.331179 -0.151243
internal_weight=10344 10291 10250 2138 8112 1673 1805 1273 418 855 456 133 399 1618 532 266 6307 2987 2942 2225 270 210 1955 333 221 1622 809 611 214 168
internal_count=10344 10291 10250 2138 8112 1673 1805 1273 418 855 456 133 399 1618 532 266 6307 2987 2942 2225 270 210 1955 333 221 1622 809 611 214 168
is_linear=0
shrinkage=0.05


Tree=130
num_leaves=31
num_cat=0
split_feature=26 19 10 14 19 13 17 0 6 6 16 8 4 25 10 7 13 5 10 23 11 4 27 6 9 17 0 25 5 9
split_gain=2373.98 7004.64 2783.75 14449.4 51838.2 7774.78 7486.98 6769.82 6237.64 31403.5 8105.19 6231.96 5522.05 4874.3 6164.17 5318.41 5053.9 17946.8 9490.59 5493.2 4874.5 4854 4780.87 5200.52 4491.42 4378.17 4343.68 4143.47 3969.42 3768.09
threshold=27.456250000000001 463.26650000000006 318.86780000000005 196.91545000000002 443.18080000000003 49.620569306336328 52.253080349477159 14.500000000000002 0.92922379131507438 0.96465729447553372 282.16921130952386 1.0000000180025095e-35 0.25881904510252091 -6.1499999999999986 306.0016500000001 0.57605713708605399 46.19816991642795 -0.12940952255126037 293.98540000000008 28.306250000000002 320.13185000000004 0.37940952255126054 0.35156253626425754 0.28519915169571858 285.50610000000006 42.345627215835549 1.0000000180025095e-35 -4.7499999999999982 -0.9159756150367534 362.4504500000001
decision_type=2 2 2 2 2 2 2 2 2 2 2 2 2 2 2 2 2 2 2 2 2 2 2 2 2 2 2 2 2 2
left_child=2 -2 5 4 -4 13 7 12 10 -10 24 -6 -7 14 15 20 19 18 -18 26 21 -1 -19 -24 -5 -23 -15 -8 -11 -14
right_child=1 -3 3 8 11 6 27 -9 9 28 -12 -13 29 16 -16 -17 17 22 -20 -21 -22 25 23 -25 -26 -27 -28 -29 -30 -31
leaf_value=0.098434136465520544 0.66090599068999289 -0.17603131604194644 -1.8080008535430983 0.67143282244420233 0.27848001227349689 0.42914158904126715 0.67255967403611827 -0.48405780764917533 -1.4641281088136815 0.47074026719826023 -0.012013565839393748 -0.36400164496444631 -0.086719495719223688 -0.20784256925670111 -0.7413741420244887 0.27787012018867441 -0.32032796692517068 0.50004757598775329 -1.203175714288069 0.58483477761579117 -0.68121176578781828 -0.0057419789173910702 0.32804371688376976 -0.32502441317907405 0.077910789772868166 -0.56706948856347172 0.027739279928925976 0.23385237909889983 -0.10226015484203464 0.3272321495556646
leaf_weight=136 50 50 52 68 92 91 62 60 44 41 3429 64 287 205 42 74 90 61 46 43 44 62 54 70 60 79 4297 408 115 68
leaf_count=136 50 50 52 68 92 91 62 60 44 41 3429 64 287 205 42 74 90 61 46 43 44 62 54 70 60 79 4297 408 115 68
internal_value=-2.65206e-10 0.242437 -0.00236663 -0.0351666 -0.440827 0.0183456 0.148035 0.0145686 -0.0127079 -0.284406 0.0025689 0.0148978 0.0816484 -0.00552334 -0.165483 -0.104249 0.00884213 -0.182897 -0.618938 0.0223841 -0.192339 -0.114684 0.137652 -0.0406238 0.393219 -0.320245 0.017012 0.291724 0.0483361 -0.00742735
internal_weight=10344 100 10244 3965 208 6279 976 506 3757 200 3557 156 446 5303 437 395 4866 321 136 4545 321 277 185 124 128 141 4502 470 156 355
internal_count=10344 100 10244 3965 208 6279 976 506 3757 200 3557 156 446 5303 437 395 4866 321 136 4545 321 277 185 124 128 141 4502 470 156 355
is_linear=0
shrinkage=0.05


Tree=131
num_leaves=31
num_cat=0
split_feature=6 0 11 9 9 27 10 14 25 7 4 26 14 0 13 2 13 11 23 27 22 11 2 23 6 12 0 9 10 7
split_gain=2344.63 3820.85 8040.79 4637.2 9896.65 7410.02 6679.1 13337.7 6543.56 6257.34 9757.99 5918.82 5647.07 4853.71 6480.33 5514.59 4806.24 4674.46 4410.72 4188.95 4042.29 3760.87 3638.72 3328.75 3272.31 3127.8 3001.62 2976.03 7278.6 4633.87
threshold=0.69676570133721638 20.500000000000004 330.01170000000008 306.71200000000005 292.91655000000009 -3.9793428184512627 330.50410000000005 227.97625000000002 -8.5999999999999979 -0.6523320455745395 1.0000000180025095e-35 11.302083333333336 245.40350000000004 12.500000000000002 15.562184282424399 5.5000000000000009 37.748613015636082 313.79815000000002 7.9229166666666666 0.87916666666666665 1.9500000000000004 301.85270000000008 5.5000000000000009 9.2812500000000018 0.90162119223771331 239.88375625 7.5000000000000009 283.10275000000007 293.22330000000005 0.097680735332368748
decision_type=2 2 2 2 2 2 2 2 2 2 2 2 2 2 2 2 2 2 2 2 2 2 2 2 2 2 2 2 2 2
left_child=-1 3 -3 4 6 -5 8 -8 -2 10 -10 17 -9 15 22 16 27 21 19 -7 -16 -6 -15 -22 -18 -17 -27 28 29 -11
right_child=1 2 -4 5 11 18 7 12 9 13 -12 -13 -14 14 20 25 24 -19 -20 -21 23 -23 -24 -25 -26 26 -28 -29 -30 -31
leaf_value=0.014872178770742575 -0.56521601258393595 -0.083040677605388677 -0.70834823394975355 0.3039587139555564 0.10363998074197407 -0.039914262439924644 -1.0713157684935464 0.33100229109852364 -0.9406469073406486 -0.021914974615367049 0.04622072406113148 0.80106563083827498 -0.29862388818961594 0.098355073854327207 0.65684898078993514 -0.090007084731657361 0.32138978966425374 0.33869691819716724 -0.77534605638925425 -0.49432220583160719 -0.05237827829339288 -0.431434102738049 -0.5760627654194832 0.29415405373939707 -0.041412486863790912 0.17943272533482069 0.70225396630438897 0.1995150615366138 -0.84640978385762478 -0.36196009092614989
leaf_weight=7440 51 301 62 60 165 128 45 52 43 268 60 40 113 40 54 52 97 195 43 84 99 41 40 231 173 73 44 49 41 160
leaf_count=7440 51 301 62 60 165 128 45 52 43 268 60 40 113 40 54 52 97 195 43 84 99 41 40 231 173 73 44 49 41 160
internal_value=-2.20984e-10 -0.0381023 -0.189843 -0.0164251 0.00898395 -0.195982 -0.0434185 -0.308293 -0.00810188 0.0105417 -0.365773 0.221089 -0.100196 0.0378185 0.170529 -0.0265262 -0.0821103 0.163236 -0.313616 -0.219963 0.255818 -0.00285535 -0.238854 0.190194 0.0889276 0.232647 0.376049 -0.171261 -0.209999 -0.149035
internal_weight=10344 2904 363 2541 2226 315 1785 210 1575 1524 103 441 165 1421 464 957 788 401 255 212 384 206 80 330 270 169 117 518 469 428
internal_count=10344 2904 363 2541 2226 315 1785 210 1575 1524 103 441 165 1421 464 957 788 401 255 212 384 206 80 330 270 169 117 518 469 428
is_linear=0
shrinkage=0.05


Tree=132
num_leaves=31
num_cat=0
split_feature=9 9 27 11 13 14 0 9 10 11 2 6 16 25 17 9 15 6 11 10 10 11 18 6 26 6 11 0 7 25
split_gain=2191.75 4504.73 2569.92 6050.6 7696.25 4120.52 4606.18 3781.83 3096.74 3384.86 2838.24 4678.75 4890.69 2643.98 4331.12 3803.85 9601.05 8496.98 5826.19 5639.27 6380.4 6104.19 4792.27 4294.22 5861.79 4503.45 3646.58 3252.9 5474.8 11341.8
threshold=437.66935000000007 424.42965000000004 -19.096952548881379 401.93200000000007 45.487075051731644 199.43630000000005 17.500000000000004 1.0000000180025095e-35 376.68765000000002 295.42020000000008 4.5000000000000009 -0.065535378769913874 319.16067142857145 -1.0999999999999985 104.13585983690119 250.91120000000004 338.05185000000006 0.97696484778429815 479.47655000000003 307.01490000000007 229.22360000000003 301.50780000000003 187.84795000000003 0.82414472752956958 7.0166666666666684 0.92922379131507438 275.35320000000007 3.5000000000000004 0.94909129669788206 3.8999999999999999
decision_type=2 2 2 2 2 2 2 2 2 2 2 2 2 2 2 2 2 2 2 2 2 2 2 2 2 2 2 2 2 2
left_child=1 2 3 5 -5 -1 8 -4 9 -7 11 12 -8 15 27 22 19 18 23 20 -17 -21 -9 -18 25 26 -25 28 -15 -30
right_child=-2 -3 7 4 -6 6 10 13 -10 -11 -12 -13 -14 14 -16 16 17 -19 -20 21 -22 -23 -24 24 -26 -27 -28 -29 29 -31
leaf_value=0.64969057831026267 0.27490497658339641 -0.48517136125204463 -0.48508444054097666 -0.57492249264861595 0.28471765001845911 0.17226449561615786 0.9435667060315609 -0.046954545345053909 0.24475182258877259 -0.37534526554044595 0.056887120930383908 0.051990441709268288 0.24367163466910521 0.012238861707839789 0.37166638580315259 -0.6602299314606539 0.041384340622808991 -0.35474688474088911 0.6102072090506554 -0.1013318030536175 -0.055778285268927752 -0.96950162038570498 0.32025118515312934 -0.033631114363670354 0.64865369259015382 -0.2250010811131109 0.46740083585938685 -0.04718521694661066 -0.017654303973540664 1.0556118814647197
leaf_weight=42 72 48 41 66 43 42 52 144 58 86 99 61 48 912 68 47 2203 120 50 40 614 41 232 60 69 66 92 4724 64 40
leaf_count=42 72 48 41 66 43 42 52 144 58 86 99 61 48 912 68 47 2203 120 50 40 614 41 232 60 69 66 92 4724 64 40
internal_value=-4.22118e-11 -0.0019269 0.000341849 0.101007 -0.235798 0.176236 0.13165 -0.00590068 -0.0583278 -0.195661 0.267557 0.3971 0.607617 -0.00385118 -0.0250298 0.0287072 0.0120279 0.0563912 0.075815 -0.14701 -0.0987574 -0.540776 0.179619 0.0650842 0.247004 0.119876 0.269625 -0.0297294 0.0514335 0.39514
internal_weight=10344 10272 10224 597 109 488 446 9627 186 128 260 161 100 9586 5808 3778 3402 2660 2540 742 661 81 376 2490 287 218 152 5740 1016 104
internal_count=10344 10272 10224 597 109 488 446 9627 186 128 260 161 100 9586 5808 3778 3402 2660 2540 742 661 81 376 2490 287 218 152 5740 1016 104
is_linear=0
shrinkage=0.05


Tree=133
num_leaves=31
num_cat=0
split_feature=26 19 10 14 19 12 8 22 5 16 17 7 16 16 7 0 2 2 25 15 15 16 7 16 0 16 6 26 15 11
split_gain=2130.04 6542.23 2622.69 13094.7 46401.2 7352.7 5661.35 5497.02 5490.14 5415.35 7606.62 14160.9 5427.46 4811.17 5895.09 4287.98 9203.54 7164.47 7239.32 6852.88 9997.13 6221.18 6144.61 9309.56 5410.44 5284.04 6603.09 4886.29 7239.35 7078.87
threshold=27.456250000000001 463.26650000000006 318.86780000000005 196.91545000000002 443.18080000000003 372.75392708333339 1.0000000180025095e-35 20.300000000000004 -0.60355339059327384 255.54450267857149 36.880573508586913 0.011826144619637555 270.94576250000006 287.78183244047625 -0.94137724084408114 12.500000000000002 3.5000000000000004 4.5000000000000009 -0.50000000000000011 380.58550000000008 391.33880000000005 359.53413065476195 0.94909129669788206 366.39728154761912 17.500000000000004 327.41984017857152 0.77788564761185042 6.0395833333333337 401.2466500000001 387.29630000000003
decision_type=2 2 2 2 2 2 2 2 2 2 2 2 2 2 2 2 2 2 2 2 2 2 2 2 2 2 2 2 2 2
left_child=2 -2 5 4 -4 7 -6 -1 -9 -5 11 -11 -12 -14 -15 16 22 19 -19 25 -21 -18 -16 -24 -20 26 -17 28 -22 -29
right_child=1 -3 3 9 6 -7 -8 8 -10 10 12 -13 13 14 15 17 21 18 24 20 27 -23 23 -25 -26 -27 -28 29 -30 -31
leaf_value=-0.0077147638550864213 0.63406372880935669 -0.17477663719654085 -1.7137455207438999 0.56596868008375167 0.26213510839025611 0.69359619718976318 -0.35022693574428559 -0.053192163921539484 0.19312653855296305 -1.1212501090866598 -0.49695057928562164 -0.058522378167974842 0.2201788587986675 -0.25291883621435868 -0.092374513053230009 0.67933048828213938 -0.049009628351426353 0.095349998732169747 -0.067643186491396695 -0.56608557821281502 0.79533834841102369 0.30422788666970124 -1.1060969798266889 -0.25164441962720485 -0.53286516923577565 0.017045628089566254 0.12400512570044497 0.13835236932686035 0.10561226991323663 -0.50597268481476187
leaf_weight=5178 50 50 52 40 92 40 64 327 734 44 55 109 239 236 469 130 318 219 126 62 40 205 40 157 124 103 91 94 778 78
leaf_count=5178 50 50 52 40 92 40 64 327 734 44 55 109 239 236 469 130 318 219 126 62 40 205 40 157 124 103 91 94 778 78
internal_value=-1.31447e-10 0.229644 -0.00224174 -0.0340787 -0.420254 0.0178624 0.0109097 0.0135301 0.117211 -0.0126988 -0.018926 -0.364143 -0.0041061 0.00361874 -0.0122094 0.00651425 -0.0675307 0.0542321 -0.114534 0.111755 0.0498306 0.0894487 -0.190804 -0.425137 -0.298393 0.312818 0.450667 0.0884032 0.13934 -0.153842
internal_weight=10344 100 10244 3965 208 6279 156 6239 1061 3757 3717 153 3564 3509 3270 3034 1189 1845 469 1376 1052 523 666 197 250 324 221 990 818 172
internal_count=10344 100 10244 3965 208 6279 156 6239 1061 3757 3717 153 3564 3509 3270 3034 1189 1845 469 1376 1052 523 666 197 250 324 221 990 818 172
is_linear=0
shrinkage=0.05


Tree=134
num_leaves=31
num_cat=0
split_feature=12 27 12 0 14 2 9 12 26 23 10 14 4 25 10 12 15 27 26 7 16 10 14 24 11 9 22 17 5 15
split_gain=2092.58 4265.35 10551.6 5844.9 5628.47 4354.54 3622.13 3126.72 2749.13 5232.29 2784.1 8735.07 5714.89 7346.07 3049.97 5929.12 6980.04 6576.38 5242.12 5106.19 4892.06 3898.88 3416.71 3307.05 4049.8 4870.08 4117.59 3672.88 3652.82 3232.95
threshold=402.27575833333339 0.77299578991270301 421.67882291666672 12.500000000000002 359.97180000000009 3.5000000000000004 420.00265000000007 423.25611041666673 -1.0583333333333331 -2.754166666666666 416.53020000000009 251.96410000000003 -0.78656609248549292 1.0999999999999992 367.36375000000004 308.49341041666673 394.30350000000004 -20.840889084085848 6.1083333333333334 -0.3744658827978154 311.32699315476196 363.64205000000004 275.18205000000006 7.1372023809523819 445.16465000000005 317.53975000000008 0.8500000000000002 58.618773069611969 -0.12940952255126037 385.54940000000005
decision_type=2 2 2 2 2 2 2 2 2 2 2 2 2 2 2 2 2 2 2 2 2 2 2 2 2 2 2 2 2 2
left_child=6 3 -3 4 7 -4 8 -2 9 -1 14 -12 -13 -14 21 18 -17 -18 -16 20 -19 -10 -22 24 25 26 -21 -27 -28 -23
right_child=1 2 5 -5 -6 -7 -8 -9 10 -11 11 12 13 -15 15 16 17 19 -20 23 22 29 -24 -25 -26 27 28 -29 -30 -31
leaf_value=0.062942779947604457 0.12713471186848788 0.99591600855901141 0.3159277716651559 -0.56775260254740711 -0.19326529837735407 -0.34408763806994369 -0.43770962236449124 0.68473006036223438 0.0002614060130945968 -0.57335857351620989 0.82410608613182124 -0.1571328960995122 0.60002233138307925 -0.086426158945419287 -0.74550831645238602 0.45582210868597034 0.28955210460857911 -0.85122362971305854 -0.04288659805947162 -0.81885734881189753 0.11314156419701048 -0.12075023412704469 -0.45015785676329884 0.23273791501755139 0.2993677465283141 0.1339701695338128 -0.51698822541048339 -0.29440276227352852 0.1269603533297777 0.40748705655336387
leaf_weight=70 65 42 64 40 91 41 48 41 8382 60 41 164 80 76 61 64 99 43 47 44 45 40 67 77 49 126 49 83 40 105
leaf_count=70 65 42 64 40 91 41 48 41 8382 60 41 164 80 76 61 64 99 43 47 44 45 40 67 77 49 126 49 83 40 105
internal_value=-1.52024e-11 0.114533 0.326124 -0.016707 0.0951804 0.0582075 -0.00441573 0.342808 -0.00231746 -0.230735 0.000718144 0.136986 0.0489488 0.265599 -0.00450346 -0.092365 -0.0446344 -0.0889962 -0.439738 -0.149151 -0.397883 0.00470825 -0.223832 -0.0667715 -0.125754 -0.186664 -0.423186 -0.0361492 -0.227573 0.261766
internal_weight=10344 384 147 237 197 105 9960 106 9912 130 9782 361 320 156 9421 894 786 722 108 623 155 8527 112 468 391 342 133 209 89 145
internal_count=10344 384 147 237 197 105 9960 106 9912 130 9782 361 320 156 9421 894 786 722 108 623 155 8527 112 468 391 342 133 209 89 145
is_linear=0
shrinkage=0.05


Tree=135
num_leaves=31
num_cat=0
split_feature=6 0 11 9 9 27 10 14 25 7 4 26 14 0 13 2 13 23 11 22 4 23 27 2 23 18 22 23 10 7
split_gain=2064.76 3445.27 7386.4 4139.71 8477.22 6717.45 6038.78 11953.5 5845.83 5594.15 8764.89 5475.29 4745.6 4409.29 5814.43 4911.68 4272.04 3926.85 3900.56 3675.78 3654.33 5022.18 3637.86 3282.93 3073.37 3060.7 2944.77 3365.16 2935.12 8534.13
threshold=0.69676570133721638 20.500000000000004 330.01170000000008 306.71200000000005 292.91655000000009 -3.9793428184512627 330.50410000000005 227.97625000000002 -8.5999999999999979 -0.6523320455745395 1.0000000180025095e-35 11.302083333333336 245.40350000000004 12.500000000000002 15.562184282424399 5.5000000000000009 37.748613015636082 7.9229166666666666 313.79815000000002 1.9500000000000004 0.60355339059327384 6.1083333333333334 0.87916666666666665 5.5000000000000009 9.2812500000000018 219.92950000000002 8.0500000000000025 13.475000000000003 344.55185000000006 -0.70289845916694649
decision_type=2 2 2 2 2 2 2 2 2 2 2 2 2 2 2 2 2 2 2 2 2 2 2 2 2 2 2 2 2 2
left_child=28 3 26 4 6 -5 8 -8 -2 10 -10 18 -9 15 23 16 -11 22 20 -16 21 -6 -7 -15 -21 -18 -3 -28 -1 -30
right_child=1 2 -4 5 11 17 7 12 9 13 -12 -13 -14 14 19 -17 25 -19 -20 24 -22 -23 -24 -25 -26 -27 27 -29 29 -31
leaf_value=0.034311897905796675 -0.53265744792480096 -0.24187085180693157 -0.67680439656420111 0.29118078929682573 -0.62666280464757063 -0.040671108472452033 -1.0138640872637432 0.30076669976115228 -0.88911099862740484 -0.16050664489391228 0.04619133072594802 0.76296509563922887 -0.27642060259142809 0.096338793858885774 0.62702591303322053 0.2205976206125945 0.21596983039441209 -0.73249356032804003 0.30977789660676935 -0.051052568988366569 0.22991145064112961 0.063102983835507442 -0.46413493865125233 -0.54425920426845553 0.28192156614388997 -0.13125249564501584 0.27710393430157143 -0.18742311729916505 -0.2231869794764495 0.016876510674856616
leaf_weight=5239 51 143 62 60 42 128 45 52 43 518 60 40 113 40 54 169 168 43 195 99 93 71 84 40 231 102 88 70 471 1730
leaf_count=5239 51 143 62 60 42 128 45 52 43 518 60 40 113 40 54 169 168 43 195 99 93 71 84 40 231 102 88 70 471 1730
internal_value=-4.06036e-11 -0.035756 -0.179845 -0.0151718 0.00883565 -0.184824 -0.0396635 -0.291522 -0.00608243 0.0115392 -0.344275 0.205142 -0.0945191 0.03733 0.16382 -0.0239982 -0.0764559 -0.296825 0.149499 0.244607 -0.00222214 -0.19327 -0.208459 -0.22396 0.182029 0.084797 -0.0774817 0.0713008 0.0139564 -0.0344955
internal_weight=10344 2904 363 2541 2226 315 1785 210 1575 1524 103 441 165 1421 464 957 788 255 401 384 206 113 212 80 330 270 301 158 7440 2201
internal_count=10344 2904 363 2541 2226 315 1785 210 1575 1524 103 441 165 1421 464 957 788 255 401 384 206 113 212 80 330 270 301 158 7440 2201
is_linear=0
shrinkage=0.05


Tree=136
num_leaves=31
num_cat=0
split_feature=26 10 13 9 10 14 14 10 14 9 11 0 11 14 4 5 27 14 25 24 16 10 22 0 5 7 9 11 18 26
split_gain=2063.57 6653.77 2348.08 2706.98 2672.15 3885.6 3362.5 2520.83 21168.4 8060.02 6303.81 5295.6 5077.82 5046.01 4788.42 6161.84 5387.78 5759.67 5261.62 6858.55 8973.64 10340.7 6497.42 8299.51 5491.77 4541.53 4422.89 4306.58 4634.76 4063.66
threshold=27.456250000000001 317.08265000000006 134.0837409048402 205.31900000000005 214.83060000000003 196.91545000000002 204.85815000000005 355.08610000000004 189.85245000000003 394.85475000000002 286.50945000000007 13.500000000000002 288.79580000000004 295.12805000000009 -0.98296291314453399 -0.70710678118654757 -2.4082879247798741 286.26600000000008 3.6000000000000001 23.522321428571434 320.49920654761905 381.04305000000005 15.300000000000002 7.5000000000000009 0.91597561503675351 0.67644692717078936 323.97895000000005 306.97380000000004 252.16550000000004 26.354166666666668
decision_type=2 2 2 2 2 2 2 2 2 2 2 2 2 2 2 2 2 2 2 2 2 2 2 2 2 2 2 2 2 2
left_child=2 -2 3 -1 5 -5 -7 9 -9 13 11 -10 -12 29 25 16 17 -16 19 20 21 -17 23 -20 -22 -14 -15 -28 -29 -6
right_child=1 -3 -4 4 7 6 -8 8 10 -11 12 -13 14 26 15 18 -18 -19 22 -21 24 -23 -24 -25 -26 -27 27 28 -30 -31
leaf_value=0.30515747128261461 -0.27348433867096905 0.55904283066590632 -0.30897624397710449 0.075576486982203817 0.0042435154214532575 -0.66878919990526309 -0.07995803934437308 -0.88428302333779529 -0.60638341025855302 0.71311555025054185 0.53002239060790646 -0.07718030677487453 0.0004488193853334947 -0.068971281970312839 0.062561279553804347 -0.24355233487948566 0.22317256963087453 -0.51855620425033933 0.42516532148070196 0.078552406130522195 -0.089745255095778784 -1.1822437074184418 0.64972759111060041 -0.26317938684932585 -0.63417891222410483 0.55088895536601956 0.1019328067979465 0.81239004436307227 0.19470139651706345 -0.49491199294968347
leaf_weight=72 40 60 62 74 7404 54 44 73 78 41 46 120 77 109 161 71 360 58 68 222 424 50 45 123 52 73 120 65 57 41
leaf_count=72 40 60 62 74 7404 54 44 73 78 41 46 120 77 109 161 71 360 58 68 222 424 50 45 123 52 73 120 65 57 41
internal_value=9.8145e-11 0.226032 -0.00220648 -0.000338506 -0.00251415 -0.197908 -0.404416 0.000867589 -0.047768 0.0139062 -0.0176568 -0.285654 0.0113397 0.010229 -0.00203445 -0.0268537 0.104211 -0.091342 -0.098784 -0.158724 -0.246958 -0.631441 0.109228 -0.0181143 -0.149221 0.26833 0.195491 0.314609 0.523798 0.00149464
internal_weight=10344 100 10244 10182 10110 172 98 9938 2101 7837 2028 198 1830 7796 1784 1634 579 219 1055 819 597 121 236 191 476 150 351 242 122 7445
internal_count=10344 100 10244 10182 10110 172 98 9938 2101 7837 2028 198 1830 7796 1784 1634 579 219 1055 819 597 121 236 191 476 150 351 242 122 7445
is_linear=0
shrinkage=0.05


Tree=137
num_leaves=31
num_cat=0
split_feature=10 10 12 15 9 10 9 22 0 11 0 16 11 25 14 14 14 0 19 9 11 2 22 5 10 15 19 27 22 11
split_gain=2044.86 3750.01 5427.13 3553.45 2737.7 1988.68 8770.61 7891.62 5844.7 5324.37 5117.67 4780.06 7832.52 5965.16 4779.03 5838.51 4774.72 4404.37 4029.22 4025.16 3955.32 4688.46 3640.37 5535.32 3682.61 3547.2 4921.53 3652.41 4103.83 3544.39
threshold=201.54350000000002 214.83060000000003 244.77270625000003 382.66135000000003 1.0000000180025095e-35 355.08610000000004 398.86505000000005 27.250000000000004 22.500000000000004 286.50945000000007 13.500000000000002 321.42061636904765 412.03540000000004 5.8500000000000023 284.66405000000003 347.95915000000008 295.12805000000009 17.500000000000004 578.64580000000024 323.97895000000005 342.86950000000007 2.5000000000000004 21.400000000000002 -0.70710678118654757 387.29630000000003 433.34715000000006 533.16650000000016 0.87916666666666665 3.0500000000000003 438.21245000000005
decision_type=2 2 2 2 2 2 2 2 2 2 2 2 2 2 2 2 2 2 2 2 2 2 2 2 2 2 2 2 2 2
left_child=3 2 -2 -1 -3 6 16 8 9 10 -7 12 13 22 17 25 29 -13 -17 -18 21 -21 23 -11 -25 -16 27 28 -27 -6
right_child=1 4 -4 -5 5 7 -8 -9 -10 11 -12 14 -14 -15 15 18 19 -19 -20 20 -22 -23 -24 24 -26 26 -28 -29 -30 -31
leaf_value=-0.03244173267373332 0.071771631074153783 -0.40652840442773774 -0.59057176109116816 0.58933179378509526 0.0065732736561206519 -0.57465534257965212 0.75296066552400598 -0.62550630369888882 -0.59428457824343983 0.17513689587472892 -0.049053357005642173 0.080030422810782764 -0.71037576395273216 -0.60560621700503614 -0.29357606169281514 0.56556553125933362 -0.065522715367308457 0.41932125577801155 0.093300501370559563 -0.17036826353399986 0.6524949936072032 0.3580385061324789 0.24319579527458637 -0.093815575692898195 -0.56555714169517157 0.51276858138386161 -0.18200278010529777 -0.27738480971353813 0.033368381861560416 -0.26624040354874506
leaf_weight=54 59 41 65 40 7408 78 40 56 44 122 114 258 50 44 159 54 109 152 276 62 60 130 117 117 64 80 228 41 101 121
leaf_count=54 59 41 65 40 7408 78 40 56 44 122 114 258 50 44 159 54 109 152 276 62 60 130 117 117 64 80 228 41 101 121
internal_value=1.00956e-10 -0.00212892 -0.275425 0.232143 0.00121778 0.00287545 0.0144499 -0.0397165 -0.024088 -0.0118795 -0.262579 0.0139575 -0.115792 -0.0517201 0.063395 0.00120891 0.0107059 0.205816 0.17058 0.188338 0.298142 0.187407 0.00630602 -0.0851663 -0.260619 -0.0905687 -0.0188394 0.148734 0.245258 0.00218883
internal_weight=10344 10250 124 94 10126 10085 7930 2155 2099 2055 192 1863 514 464 1349 939 7890 410 330 361 252 192 420 303 181 609 450 222 181 7529
internal_count=10344 10250 124 94 10126 10085 7930 2155 2099 2055 192 1863 514 464 1349 939 7890 410 330 361 252 192 420 303 181 609 450 222 181 7529
is_linear=0
shrinkage=0.05


Tree=138
num_leaves=31
num_cat=0
split_feature=27 26 23 22 14 2 9 27 11 15 22 9 22 6 14 12 6 6 0 11 9 6 10 6 17 10 25 10 0 17
split_gain=2023.11 8768.27 7679.73 4683.46 5963.93 5455.78 4373.14 35459.5 4112.68 3932.15 5154.06 4602.88 3177.98 2677.56 2499.39 2312.92 2308.76 4975.95 4182.82 6400.08 15728.8 4327.58 4696.66 4008.68 3992.37 23907.3 37939.3 7901.73 5506.65 6503.23
threshold=11.853440746711057 27.456250000000001 28.433333333333341 23.050000000000004 209.26470000000003 1.5000000000000002 424.42965000000004 -0.78665629407003379 305.98455000000007 358.3725500000001 12.500000000000002 244.89005000000003 27.250000000000004 -0.9905448150984083 241.13955000000001 323.42505416666671 0.50557357885840837 0.48314048284850658 20.500000000000004 330.01170000000008 288.36615 0.55656748448714433 299.65790000000004 0.60555468348150676 38.409654000711079 290.18965000000009 1.0000000180025095e-35 259.19190000000009 10.500000000000002 43.2979707772298
decision_type=2 2 2 2 2 2 2 2 2 2 2 2 2 2 2 2 2 2 2 2 2 2 2 2 2 2 2 2 2 2
left_child=1 6 3 8 -5 -6 12 -8 9 10 -2 -12 16 -11 -13 -10 17 -1 21 -20 -21 22 -18 -23 25 27 -27 -25 -26 -30
right_child=2 -3 -4 4 5 -7 7 -9 15 13 11 14 -14 -15 -16 -17 18 -19 19 20 -22 23 -24 24 28 26 -28 -29 29 -31
leaf_value=0.020738673974245954 0.16151982821929869 0.56601594260760713 -0.69913734450936316 0.6683875098824501 0.39964840413979541 -0.072064486067623848 -1.4859378581866622 0.41178584080189468 -0.5617440041543833 0.43883402153503059 0.22150303073551345 -0.23915710003412471 0.32576439403570617 0.018762159098795854 -0.5873859563673085 -0.13046904391255873 -0.55519709167870834 0.41821490029338748 -0.076476265551369105 -1.2796132750809193 0.062870944011956462 0.23858391059009909 -0.051551701666269094 -0.090872534484203377 -0.055915117824985754 0.10411025489471398 -1.9185905027795922 0.47073692058596539 0.32359947450459003 0.036956606788837491
leaf_weight=4998 101 70 45 43 81 252 40 64 67 43 46 235 78 322 66 58 71 80 401 40 48 182 133 238 1165 49 44 85 250 949
leaf_count=4998 101 70 45 43 81 252 40 64 67 43 46 235 78 322 66 58 71 80 401 40 48 182 133 238 1165 49 44 85 250 949
internal_value=-3.36902e-10 0.00859975 -0.0568571 -0.0348612 0.114234 0.0426765 0.00422296 -0.318108 -0.0946264 -0.0535738 -0.152828 -0.244323 0.00802756 0.0682501 -0.315513 -0.361632 0.00518965 0.0270006 -0.025113 -0.161214 -0.547349 -0.00409164 -0.22684 0.0112496 -0.00363346 -0.14647 -0.852866 0.0569194 0.0215019 0.0967237
internal_weight=10344 8985 1359 1314 376 333 8915 104 938 813 448 347 8811 365 301 125 8733 5078 3655 489 88 3166 204 2962 2780 416 93 323 2364 1199
internal_count=10344 8985 1359 1314 376 333 8915 104 938 813 448 347 8811 365 301 125 8733 5078 3655 489 88 3166 204 2962 2780 416 93 323 2364 1199
is_linear=0
shrinkage=0.05


Tree=139
num_leaves=31
num_cat=0
split_feature=15 15 11 9 10 9 9 24 11 18 10 4 12 23 10 6 5 16 2 14 25 10 9 26 13 12 7 27 17 7
split_gain=1984.44 5006.94 2819.38 2760.81 2214.24 14169.8 10238.2 6783.96 8729 4091.51 3347.81 2792.73 2374.51 2338.55 3091.05 4953.61 5700.73 6058.66 12100.2 9250.64 4989.37 14552.3 5764.71 4706.14 4528.74 4279.88 3541.79 2919.31 6826.88 6150.28
threshold=541.2509500000001 533.63000000000011 296.71595000000008 347.75595000000004 425.94045000000006 381.54325000000006 420.00265000000007 -1.1249999999999998 431.25270000000006 191.28405000000004 416.53020000000009 -0.78656609248549292 357.68125000000003 -3.8520833333333324 366.29005000000006 -0.92923668111203805 0.91597561503675351 321.42061636904765 1.5000000000000002 284.66405000000003 1.0999999999999992 384.97810000000004 294.88175000000007 2.9562500000000003 47.625178364207436 366.65748333333335 -0.89404254237865755 -12.448999362216425 38.666468313983948 -0.99761278905001471
decision_type=2 2 2 2 2 2 2 2 2 2 2 2 2 2 2 2 2 2 2 2 2 2 2 2 2 2 2 2 2 2
left_child=1 4 -2 -4 6 7 10 -6 9 -9 13 -11 -12 -1 27 -16 17 18 -17 23 22 -22 -20 24 -19 -21 -24 28 -15 -30
right_child=2 -3 3 -5 5 -7 -8 8 -10 11 12 -13 -14 14 15 16 -18 19 20 25 21 -23 26 -25 -26 -27 -28 -29 29 -31
leaf_value=0.1875198234655675 -0.24193344910939538 -0.51330314278602607 0.50520748962406758 0.10493338654613552 -0.54971589843432112 -0.98662837786333901 0.68954202458262448 0.23950227264094315 0.69007184386253362 -0.45218960552261428 0.52151933203522982 0.025082729615528012 0.025458678801854453 -0.14817979405085074 0.36602763132615523 -0.94000192517584036 -0.67127391891347044 0.74915598979840681 0.50795791123775735 -0.45631690182528656 -1.1325855458993466 0.15270848225574107 -0.45070391269225002 -0.094649902211897299 0.19198655933141709 -0.042376627840438684 0.096307909410836098 -0.007745413255528532 -0.38998594228988109 0.20905947370253505
leaf_weight=157 45 48 54 213 48 42 54 76 50 65 52 58 45 229 55 55 45 60 47 91 40 49 53 66 93 199 67 7517 46 625
leaf_count=157 45 48 54 213 48 42 54 76 50 65 52 58 45 229 55 55 45 60 47 91 40 49 53 66 93 199 67 7517 46 625
internal_value=-9.94077e-11 -0.00386214 0.124183 0.185888 -0.00141291 -0.12701 0.00300156 -0.00544823 0.0994708 -0.0489214 -0.000863853 -0.227134 0.291388 -0.00384979 -0.00706763 -0.0940846 -0.12334 -0.0932708 -0.267143 0.0129655 -0.122583 -0.424952 0.0385589 0.258252 0.410484 -0.172268 -0.145289 0.00244355 0.087544 0.167992
internal_weight=10344 10032 312 267 9984 339 9645 297 249 199 9591 123 97 9494 9337 920 865 820 311 509 256 89 167 219 153 290 120 8417 900 671
internal_count=10344 10032 312 267 9984 339 9645 297 249 199 9591 123 97 9494 9337 920 865 820 311 509 256 89 167 219 153 290 120 8417 900 671
is_linear=0
shrinkage=0.05


Tree=140
num_leaves=31
num_cat=0
split_feature=7 7 2 11 4 7 11 22 10 9 22 12 0 11 12 25 25 16 27 11 10 22 12 11 22 6 6 27 2 11
split_gain=1964.02 2406.25 2412.66 5812.91 4731.66 2055.07 1950.79 4368.29 2052.58 8213.08 7052.71 5134 4987.18 4621.34 5819.11 3571.98 6274.43 3772.59 3094.77 10734.9 15309.9 4521.43 5122.65 4119.58 4487.4 4217.8 3268.76 3069.68 7319.85 9421.84
threshold=0.99988440732898443 0.99681593486783593 1.0000000180025095e-35 350.29905000000008 0.25881904510252091 0.99530134160901229 492.81720000000001 -2.4999999999999996 355.08610000000004 398.86505000000005 27.250000000000004 386.37306041666676 22.500000000000004 305.85695000000004 307.50394166666672 10.300000000000002 7.5499999999999998 286.77492232142862 -3.7226805987245961 415.87400000000008 384.97810000000004 21.400000000000002 328.37897500000003 434.02505000000002 -3.0499999999999994 0.64579916509010216 0.73283908552571653 -2.4886739529047941 4.5000000000000009 319.43620000000004
decision_type=2 2 2 2 2 2 2 2 2 2 2 2 2 2 2 2 2 2 2 2 2 2 2 2 2 2 2 2 2 2
left_child=1 5 -3 4 -4 6 8 -8 9 11 12 27 13 14 -10 16 17 -15 19 21 -21 -19 -23 25 -25 -20 -27 28 29 -1
right_child=-2 2 3 -5 -6 -7 7 -9 10 -11 -12 -13 -14 15 -16 -17 -18 18 23 20 -22 22 -24 24 -26 26 -28 -29 -30 -31
leaf_value=0.248842795273023 0.31908936460192006 -0.48382869486231361 -0.72393681190726245 0.31232521821712628 0.018617084638939962 0.32822815983866654 -0.21310616441071037 0.43698428318523225 -0.71461236566855491 0.71540298403763192 -0.59987054222396441 0.42323636010493315 -0.55745643766766251 0.3285504607949406 -0.1043376277142001 0.4854706612974406 -0.54404859886504708 -0.12757849551041578 -0.047156739082814168 -1.3112841016054153 -0.064323471998795873 0.59513047848429002 0.04210416872548052 -0.078049716129899027 0.58084360889784281 0.42910606338805768 -0.017373141541447437 -0.019676736241932953 -0.079797112492402802 0.0097604264386310507
leaf_weight=686 48 48 41 58 45 48 40 73 44 41 56 73 44 96 348 40 50 253 529 40 64 56 166 40 73 97 71 5268 776 1032
leaf_count=686 48 48 41 58 45 48 40 73 44 41 56 73 44 96 348 40 50 253 529 40 64 56 166 40 73 97 71 5268 776 1032
internal_value=-2.67145e-10 -0.0014876 -0.176836 -0.0745054 -0.335391 0.00184444 0.000286527 0.206864 -0.00206118 0.00957683 -0.0464061 0.00588329 -0.0309939 -0.0192174 -0.172838 0.0190171 0.00686193 0.0254111 0.00445979 -0.0838149 -0.543924 0.0169247 0.181606 0.0675598 0.347607 0.0221576 0.240415 0.00195817 0.0476569 0.105226
internal_weight=10344 10296 192 144 86 10104 10056 113 9943 7876 2067 7835 2011 1967 392 1575 1535 1485 1389 579 104 475 222 810 113 697 168 7762 2494 1718
internal_count=10344 10296 192 144 86 10104 10056 113 9943 7876 2067 7835 2011 1967 392 1575 1535 1485 1389 579 104 475 222 810 113 697 168 7762 2494 1718
is_linear=0
shrinkage=0.05


Tree=141
num_leaves=31
num_cat=0
split_feature=9 9 27 13 13 6 11 16 15 12 12 14 18 24 2 6 7 27 9 27 26 18 14 11 5 22 12 13 14 11
split_gain=1987.13 3796.63 2361.69 11980.9 5706.64 4723.11 3358.48 4330.08 4297.88 6859.28 5000.13 4611.49 2795.77 4799.72 3310.97 2681.75 5413.86 9470.64 4443.17 8507.1 6473.09 5300.19 7372.08 4138.41 3979.19 3810.51 3677 5137.92 4544.37 4402.11
threshold=437.66935000000007 424.42965000000004 11.853440746711057 70.585539098348661 78.009786898730354 -0.24372957273992746 312.23485000000005 337.07983244047625 358.3725500000001 354.89819166666672 292.49790416666673 288.39125000000007 204.30005000000003 15.872916666666667 1.0000000180025095e-35 0.69676570133721638 -0.6523320455745395 -4.0954246016553251 306.71200000000005 -4.4342003883267553 1.6479166666666669 221.97985000000003 227.97625000000002 298.77350000000007 -0.78656609248549325 7.5000000000000009 299.52656250000001 24.78630621111316 198.01040000000003 322.18150000000009
decision_type=2 2 2 2 2 2 2 2 2 2 2 2 2 2 2 2 2 2 2 2 2 2 2 2 2 2 2 2 2 2
left_child=1 2 4 6 15 -6 8 -8 10 11 12 -10 13 -4 -14 -1 17 -17 21 -20 23 26 -23 -21 25 -24 28 -28 -18 -30
right_child=-2 -3 3 -5 5 -7 7 -9 9 -11 -12 -13 14 -15 -16 16 18 -19 19 20 -22 22 24 -25 -26 -27 27 -29 29 -31
leaf_value=0.020897022697591777 0.2617582032068943 -0.44547546803951266 0.053032756858953728 -0.88256731175406034 0.70153820137182876 0.14200952821471149 -0.44021852731849381 0.12312673596190471 0.092563957187584145 -0.34096019485566237 -0.50634846130652089 0.5465453688823988 0.35469592428207397 -0.3751803887527671 -0.084781010381877422 -0.98954804383218298 0.22353667027746457 0.091836947638814045 0.3526464692734439 -0.53324379778620024 -0.84800569709945239 -0.73285318805525712 0.44931805369754629 -0.065183035691734406 -0.15943647404578543 -0.18070406466722488 -0.3137615623573462 0.23703745490064573 0.0090779460055277466 -0.24542454200486344
leaf_weight=5977 72 48 135 43 45 233 103 51 499 84 70 63 75 127 100 40 193 41 58 67 47 48 60 160 358 40 48 359 890 210
leaf_count=5977 72 48 135 43 45 233 103 51 499 84 70 63 75 127 100 40 193 41 58 67 47 48 60 160 358 40 48 359 890 210
internal_value=1.72822e-11 -0.00183475 0.000248067 -0.0613638 0.00962107 0.232581 -0.0343464 -0.253656 -0.00505435 0.0804661 -0.114021 0.143455 -0.0511771 -0.154536 0.103566 0.00241041 -0.0397792 -0.44218 -0.0269366 -0.197468 -0.313916 -0.00127181 -0.143329 -0.203333 -0.0815444 0.197309 0.041011 0.172078 -0.000245324 -0.0395089
internal_weight=10344 10272 10224 1350 8874 278 1307 154 1153 646 507 562 437 262 175 8596 2619 81 2538 332 274 2206 506 227 458 100 1700 407 1293 1100
internal_count=10344 10272 10224 1350 8874 278 1307 154 1153 646 507 562 437 262 175 8596 2619 81 2538 332 274 2206 506 227 458 100 1700 407 1293 1100
is_linear=0
shrinkage=0.05


Tree=142
num_leaves=31
num_cat=0
split_feature=9 9 10 27 11 14 9 0 9 9 2 2 15 11 7 12 6 27 4 7 6 4 17 26 9 15 16 17 24 25
split_gain=1876.46 3719.13 2901.62 2179.15 5137.76 3712.12 3499.91 3060.32 2952.71 4877.68 3178.31 2966.51 2456.71 2225.52 6002.48 4048.81 5904.02 5290.31 4590.79 4897.26 3968.92 3997.73 3871.6 3808.23 5267.32 3574.91 3564.58 7725.25 6116.77 8240.95
threshold=429.84025000000003 420.00265000000007 437.17360000000002 -19.096952548881379 421.40165000000007 199.43630000000005 1.0000000180025095e-35 17.500000000000004 312.93435000000005 333.58220000000011 1.5000000000000002 3.5000000000000004 413.52580000000006 304.84435000000008 -0.97111920233974802 272.93000000000001 0.98372640911059162 -2.8269728968313994 -0.98296291314453399 0.93158198870884079 0.93544191479114935 -0.78656609248549292 52.671703186400649 21.941666666666674 311.66870000000006 317.84840000000003 296.690686904762 41.626568285745726 10.040773809523811 -1.0000000180025095e-35
decision_type=2 2 2 2 2 2 2 2 2 2 2 2 2 2 2 2 2 2 2 2 2 2 2 2 2 2 2 2 2 2
left_child=1 3 -2 4 5 -1 -5 12 10 -10 -9 -11 -7 -8 23 20 18 -18 19 -17 21 25 -23 24 -15 -16 28 -28 29 -20
right_child=2 -3 -4 6 -6 7 13 8 9 11 -12 -13 -14 14 15 16 17 -19 26 -21 -22 22 -24 -25 -26 -27 27 -29 -30 -31
leaf_value=0.59218804932066371 0.54527995694428688 -0.44114830084145074 -0.012293435047779765 -0.46673216674385998 -0.35445238218225283 -0.16468194006479903 0.018905648598872588 0.34509520477056504 0.80581562130950213 0.45670725548708885 -0.16068685241043568 -0.046500001067761337 0.20770821844155973 -0.1306497154219283 0.33753545275889341 0.092653756742259022 0.063057272873240811 0.79490856412191724 -0.12016913824836198 0.72474378138780604 -0.46205407440913532 -0.40588647338969652 0.03911700546741486 -0.005903599003160542 -0.86947664738847663 -0.19193941257753463 0.29296522703150224 -0.025874520012914539 -0.050206814098624541 -0.97861750531703873
leaf_weight=42 40 48 56 41 58 139 5074 50 43 54 82 64 65 45 80 131 58 43 69 40 89 121 82 55 52 53 203 2962 358 47
leaf_count=42 40 48 56 41 58 139 5074 50 43 54 82 64 65 45 80 131 58 43 69 40 89 121 82 55 52 53 203 2962 358 47
internal_value=4.34123e-10 -0.00206116 0.220029 5.13304e-06 0.0926945 0.14081 -0.00575719 0.102666 0.206194 0.349915 0.0308973 0.183781 -0.0460282 -0.00378061 -0.029429 -0.0186026 -0.00267536 0.374638 -0.0126776 0.240511 -0.16517 -0.0865316 -0.226131 -0.338268 -0.526722 0.126542 -0.0245752 -0.00542445 -0.152449 -0.467989
internal_weight=10344 10248 96 10200 597 539 9603 497 293 161 132 118 204 9562 4488 4336 3911 101 3810 171 425 336 203 152 97 133 3639 3165 474 116
internal_count=10344 10248 96 10200 597 539 9603 497 293 161 132 118 204 9562 4488 4336 3911 101 3810 171 425 336 203 152 97 133 3639 3165 474 116
is_linear=0
shrinkage=0.05


Tree=143
num_leaves=31
num_cat=0
split_feature=10 12 27 9 9 17 2 10 22 13 17 10 7 27 25 13 5 7 16 19 23 25 10 10 15 7 18 0 6 12
split_gain=1789.67 6369.22 6147.31 5599.42 5032.31 4952.96 12752.4 6184.18 4952.49 4195.32 5144.57 18498.9 5429.24 4450.77 5071.19 3974.68 12513.5 20080.9 6718.61 5790.15 4768.96 4018.08 6458.26 6666.08 6926.52 6932.22 3996.72 3875.71 3822.49 6010.25
threshold=318.86780000000005 372.75392708333339 7.6713013194847521 237.29835000000003 326.30665000000005 36.880573508586913 3.5000000000000004 336.01100000000002 27.250000000000004 49.620569306336328 44.794443782641487 293.98540000000008 -0.15950993297387572 -6.2450878757862496 -1.9500000000000008 44.908218909071458 0.60355339059327384 0.83258597624099873 321.42061636904765 432.08595000000008 28.306250000000002 2.2500000000000004 298.68625000000003 295.2951000000001 353.89870000000008 -0.056951011027366626 197.99490000000003 4.5000000000000009 -0.30983472475487867 304.82237708333338
decision_type=2 2 2 2 2 2 2 2 2 2 2 2 2 2 2 2 2 2 2 2 2 2 2 2 2 2 2 2 2 2
left_child=1 9 3 -2 -4 6 7 -5 28 15 11 12 -11 -12 27 20 17 26 19 -18 21 -1 23 24 -23 -26 -17 -15 29 -7
right_child=2 -3 4 5 -6 8 -8 -9 -10 10 13 -13 -14 14 -16 16 18 -19 -20 -21 -22 22 -24 -25 25 -27 -28 -29 -30 -31
leaf_value=-0.021492347349665049 0.57448109041899442 0.64552213415503512 -0.80600362316749641 -0.39231969782461729 -0.15842399968277843 0.37051051366388016 -0.88545005710731306 0.3663258994700479 -0.40746766250384481 0.53511107051246132 0.5575735624478414 -1.0230004764754665 -0.14407821708629209 0.63447971781183565 0.040144475947355256 -0.43182370255000135 0.40464768442152832 -1.2773372028736358 0.77303897906435526 -0.30624142658026493 0.49950385565052224 -0.041744063388101001 0.31298115354143008 -0.60757368160877379 0.85029014556906946 0.15318372879515996 -0.022592074177562371 0.18294198389662231 -0.033418136873330936 0.031328832771045013
leaf_weight=3682 40 40 42 48 105 152 58 61 76 56 65 44 62 70 514 89 54 47 41 61 49 581 246 40 43 209 181 148 2512 928
leaf_count=3682 40 40 42 48 105 152 58 61 76 56 65 44 62 70 514 89 54 47 41 61 49 581 246 40 43 209 181 148 2512 928
internal_value=5.83113e-10 0.0165884 -0.0260746 -0.014035 -0.343447 -0.0201733 -0.286476 0.0322434 -0.00804884 0.0125838 0.10885 -0.148016 0.178249 0.161061 0.125851 -0.00475965 -0.143111 -0.323522 0.223493 0.0275674 0.00873317 0.00372426 0.0866979 0.0229343 0.0532108 0.272134 -0.157487 0.327931 0.000402114 0.0790655
internal_weight=10344 6322 4022 3875 147 3835 167 109 3668 6282 959 162 118 797 732 5323 473 317 156 115 4850 4801 1119 873 833 252 270 218 3592 1080
internal_count=10344 6322 4022 3875 147 3835 167 109 3668 6282 959 162 118 797 732 5323 473 317 156 115 4850 4801 1119 873 833 252 270 218 3592 1080
is_linear=0
shrinkage=0.05


Tree=144
num_leaves=31
num_cat=0
split_feature=13 18 9 14 27 0 9 18 0 11 12 16 23 11 14 9 12 6 14 14 17 11 23 13 15 5 13 6 10 9
split_gain=1796.24 3558.58 2284.05 14556.4 5843.03 4662.99 6377.32 4545.55 4454.17 4671.98 4762.27 4335.27 4418.53 3808.76 8652.62 10031 6984.07 5129.73 6101.8 8530.98 5635.55 4275.78 4030.83 4477.06 4011.42 7080.79 8071.09 4273.65 5977.89 3944.31
threshold=12.592347737317665 245.14305000000004 282.05545000000006 279.90080000000006 19.985543936932839 1.0000000180025095e-35 205.31900000000005 263.95865000000009 22.500000000000004 347.89300000000009 346.70544375000003 310.81184732142862 20.231250000000003 315.49180000000007 207.30400000000003 258.10420000000005 311.35681250000005 0.52033990680116082 227.89145000000005 221.97415000000004 42.836600560460326 336.70890000000003 21.389583333333334 37.489454856541933 367.19505000000009 -0.5 37.042464211608312 0.9550229469509578 257.79985000000005 269.42765000000003
decision_type=2 2 2 2 2 2 2 2 2 2 2 2 2 2 2 2 2 2 2 2 2 2 2 2 2 2 2 2 2 2
left_child=1 -1 3 4 5 -2 -7 13 -4 10 11 12 -10 22 15 -15 17 -16 19 -19 -20 -18 23 24 27 -26 -27 -8 -29 -22
right_child=2 -3 8 -5 -6 6 7 -9 9 -11 -12 -13 -14 14 16 -17 21 18 20 -21 29 -23 -24 -25 25 26 -28 28 -30 -31
leaf_value=0.016332252354671558 -0.28965556699057554 0.42851847468150989 0.023120062310831989 -0.90006899092889714 -0.56024764499068258 0.42376542540157547 -0.060462505257221216 0.33162741475617108 -0.31515760719776154 -0.6103843925717789 0.30511009179312609 -0.5381499460454171 0.37436188700653261 -1.0928774052340051 0.14980892663956377 -0.01024349831044674 -0.035283323135226967 -0.048064767230640765 0.41408544173163753 -0.98213470388542534 -0.24493299599715398 -0.69231373809851138 0.26521961989993648 0.11115410572439949 -0.71632735374383627 -0.34833718311218992 0.48148504066798425 0.44096241922541096 -0.074610314549594797 0.21714784432025183
leaf_weight=192 149 72 6187 48 50 85 1172 92 52 52 58 65 42 46 304 40 40 55 62 44 173 65 144 578 60 84 45 110 115 63
leaf_count=192 149 72 6187 48 50 85 1172 92 52 52 58 65 42 46 304 40 40 55 62 44 173 65 144 578 60 84 45 110 115 63
internal_value=-1.96266e-10 0.128747 -0.00337194 -0.0351392 -0.0235294 -0.0159186 -0.00384076 -0.0148816 0.0144603 -0.184715 -0.0827113 -0.224181 -0.00707443 -0.0248438 -0.112589 -0.589327 -0.061721 -0.00475802 -0.123117 -0.463207 -0.0101335 -0.442016 0.0090681 -0.0079771 -0.0513931 -0.267583 -0.0588643 -0.0221449 0.177447 -0.121581
internal_weight=10344 264 10080 3624 3576 3526 3377 3292 6456 269 217 159 94 3200 892 86 806 701 397 99 298 105 2308 2164 1586 189 129 1397 225 236
internal_count=10344 264 10080 3624 3576 3526 3377 3292 6456 269 217 159 94 3200 892 86 806 701 397 99 298 105 2308 2164 1586 189 129 1397 225 236
is_linear=0
shrinkage=0.05


Tree=145
num_leaves=31
num_cat=0
split_feature=25 4 14 10 9 22 12 0 11 0 25 27 13 23 11 7 15 12 13 15 0 18 18 23 7 6 7 10 0 5
split_gain=1777.72 4053.05 2958.43 1838.17 7626.85 5756.64 4526.77 4026.12 3533.66 4036.51 3801.04 2791.62 10319.2 6660.61 3200.34 3842.39 3800.81 4418.96 4416.99 3338.78 2847.85 2772.78 5020.1 3285.23 2649.59 6315.85 3803.98 9773.43 7480.66 2636.95
threshold=11.450000000000001 -0.5 249.45305000000005 355.08610000000004 398.86505000000005 27.250000000000004 386.37306041666676 22.500000000000004 286.50945000000007 13.500000000000002 7.5499999999999998 11.853440746711057 70.585539098348661 28.433333333333341 312.23485000000005 -0.45273527932988084 358.3725500000001 293.4967895833334 39.267040085189585 377.38370000000003 4.5000000000000009 204.30005000000003 188.55470000000003 21.756250000000001 -0.99761278905001471 -0.01397611846945947 -0.98212955754013376 304.88340000000005 14.500000000000002 -0.70710678118654757
decision_type=2 2 2 2 2 2 2 2 2 2 2 2 2 2 2 2 2 2 2 2 2 2 2 2 2 2 2 2 2 2
left_child=3 -2 -3 4 6 7 11 8 9 -5 29 13 14 24 16 -16 17 21 19 -18 -20 22 -13 -23 25 -1 27 28 -26 -10
right_child=1 2 -4 5 -6 -7 -8 -9 10 -11 -12 12 -14 -15 15 -17 18 -19 20 -21 -22 23 -24 -25 26 -27 -28 -29 -30 -31
leaf_value=-0.68862205349736749 0.54959338915844758 0.26444681390809516 -0.29068385312954587 -0.52448310151066579 0.68870596333247869 -0.54386058194296705 0.39695211028909849 -0.50898684103821601 0.1011070748103879 -0.044221966726738116 -0.33881219063378593 0.035472115555713918 -0.82719774558100601 0.61411147310358027 -0.076010582101817187 -0.60842095498068671 0.40006087426362297 -0.57422240619012654 0.20795772026806159 -0.011581615907581229 -0.10275203822893185 -0.068853572179441866 -0.39598901744281489 0.38268505897252791 0.19170887508761075 0.079568614179416644 0.0083939547808438517 -0.25092564114679894 1.0647809162735939 -0.027612803814439535
leaf_weight=45 48 48 48 71 41 56 73 43 599 114 79 145 43 46 101 51 140 47 98 76 298 115 126 62 59 66 6319 60 42 1185
leaf_count=45 48 48 48 71 41 56 73 43 599 114 79 145 43 46 101 51 140 47 98 76 298 115 126 62 59 66 6319 60 42 1185
internal_value=7.27798e-11 0.174452 -0.0131185 -0.00246285 0.00849687 -0.0435708 0.00501602 -0.0301723 -0.020119 -0.228538 0.000577457 0.00141213 -0.0655294 0.0145442 -0.0395153 -0.254648 -0.00997582 -0.112993 0.0733465 0.255224 -0.0258592 -0.0646046 -0.165133 0.0893125 0.0103597 -0.23186 0.0145089 0.25451 0.554769 0.0156065
internal_weight=10344 144 96 10200 8053 2147 8012 2091 2048 185 1863 7939 1302 6637 1259 152 1107 495 612 216 396 448 271 177 6591 111 6480 161 101 1784
internal_count=10344 144 96 10200 8053 2147 8012 2091 2048 185 1863 7939 1302 6637 1259 152 1107 495 612 216 396 448 271 177 6591 111 6480 161 101 1784
is_linear=0
shrinkage=0.05


Tree=146
num_leaves=31
num_cat=0
split_feature=7 7 10 10 10 14 25 27 12 11 10 9 26 9 4 11 26 23 16 10 11 25 6 10 15 5 0 7 13 15
split_gain=1706.58 2227.48 2347.28 5229.79 1760.03 6979.54 19495.2 7415.52 4901.82 4727.57 4689.44 4763.6 4089.52 11083.8 3976.41 4214.91 5839.89 12689.7 8581.65 8407.52 7843.45 6930.33 6152.02 7223.64 5776.61 14391.9 6566.95 7370.05 6132.62 5649.02
threshold=0.99988440732898443 0.99681593486783593 334.51900000000006 304.45315000000005 344.55185000000006 189.85245000000003 0.60000000000000042 -1.213214273918068 386.93290416666667 277.20030000000003 342.72655000000003 393.29170000000005 22.997916666666669 340.02055000000007 -0.9159756150367534 305.42515000000003 0.57708333333333339 3.5000000000000004 303.72788898809529 327.21315000000004 375.2349000000001 -5.549999999999998 0.51297097409535064 311.89510000000007 432.08595000000008 -0.3794095225512602 1.5000000000000002 0.95436825032516992 47.625178364207436 373.30625000000003
decision_type=2 2 2 2 2 2 2 2 2 2 2 2 2 2 2 2 2 2 2 2 2 2 2 2 2 2 2 2 2 2
left_child=1 4 3 -3 8 6 7 -6 10 -7 11 14 -11 -14 -1 -16 18 -18 19 21 22 -17 -19 -24 28 -26 -27 -28 -20 -22
right_child=-2 2 -4 -5 5 9 -8 -9 -10 12 -12 -13 13 -15 15 16 17 20 24 -21 29 -23 23 -25 25 26 27 -29 -30 -31
leaf_value=0.12097041518856239 0.29744266228129468 0.00013820140710919649 0.15533637331668723 -0.59620205236203749 0.4611926726025084 -0.25646729351364994 -1.3093341858685017 -0.44674686803059144 0.54632588264554049 0.023342529459767752 0.40171106281249147 0.48382508834967253 -0.7530590317078999 0.11164667597971856 0.021069120061662158 -0.79318723363839849 0.71980843965823837 0.01614291974303364 -0.034255626867883485 -1.0023975045233964 0.42803560649748329 -0.15478082331669202 -0.15431125384705668 -0.86593513974577796 -1.0065712009519339 0.38301856512740512 -0.045964477471558449 -0.7184230878949166 0.34796092671955509 -0.19168359237164259
leaf_weight=657 48 83 43 66 46 187 40 44 43 2100 76 52 63 90 4369 49 65 326 715 40 139 321 131 49 50 59 166 54 123 50
leaf_count=657 48 83 43 66 46 187 40 44 43 2100 76 52 63 90 4369 49 65 326 715 40 139 321 131 49 50 59 166 54 123 50
internal_value=-1.90338e-10 -0.00138668 -0.170096 -0.264013 0.0018192 -0.0339105 -0.390887 0.0173111 0.0140073 -0.0148912 0.0109517 0.0069466 0.0051597 -0.244409 0.00357872 -0.00792237 -0.0621217 0.0517333 -0.116992 -0.313772 -0.0107485 -0.239327 -0.113405 -0.348031 -0.0478569 -0.225396 -0.0854009 -0.211023 0.0218454 0.264089
internal_weight=10344 10296 192 149 10104 2570 130 90 7534 2440 7491 7415 2253 153 7363 6706 2337 760 1577 410 695 370 506 180 1167 329 279 220 838 189
internal_count=10344 10296 192 149 10104 2570 130 90 7534 2440 7491 7415 2253 153 7363 6706 2337 760 1577 410 695 370 506 180 1167 329 279 220 838 189
is_linear=0
shrinkage=0.05


Tree=147
num_leaves=31
num_cat=0
split_feature=9 9 10 27 13 13 0 6 17 11 13 15 7 22 12 15 14 11 0 6 6 23 26 4 23 22 11 23 6 10
split_gain=1698.1 3222.42 2617.27 1964.56 9544.11 4872.44 4563.17 7283.82 3679.39 2893.51 2799.93 4847.19 3199.36 3000.49 5315.78 3922.95 3225.38 2893.08 2751.67 2218.15 4377.2 3677.78 9742.8 5454.93 13402.2 12882.4 3844.34 3562.55 3519.99 3724.39
threshold=429.84025000000003 420.00265000000007 437.17360000000002 11.853440746711057 70.585539098348661 78.009786898730354 10.500000000000002 0.30164402523644185 61.993266094711018 324.77815000000004 18.52337686299828 304.17890000000006 -0.091258822863740666 20.850000000000005 354.89819166666672 316.41565000000008 288.39125000000007 301.85270000000008 5.5000000000000009 0.50557357885840837 0.46800856592688472 1.7895833333333335 1.0000000180025095e-35 0.78656609248549325 0.20208333333333339 -1.95 352.97670000000011 2.4312500000000004 0.55656748448714433 299.65790000000004
decision_type=2 2 2 2 2 2 2 2 2 2 2 2 2 2 2 2 2 2 2 2 2 2 2 2 2 2 2 2 2 2
left_child=1 3 -2 5 10 19 8 -8 -7 -9 12 -12 -5 15 16 -13 -15 -17 -16 20 21 22 23 24 26 -25 -1 -23 29 -21
right_child=2 -3 -4 4 -6 6 7 9 -10 -11 11 13 -14 14 18 17 -18 -19 -20 28 -22 27 -24 25 -26 -27 -28 -29 -30 -31
leaf_value=0.14857948819981581 0.51821378178894528 -0.41067642650256558 -0.01133446078747511 -0.50355838576797396 -0.78917067480641745 0.27786802549287676 0.79243874996900565 -0.20270796059852556 -0.30512050218501335 0.33479215324886386 0.53201836179941897 -0.51692909976151202 0.019024946650973075 0.069616599631562984 0.017477719460360027 -0.016409949129570424 0.43399907449363834 -0.33745825062000967 -0.51301292715763502 -0.47964768988682949 0.3202851964237769 0.27618027587628202 -0.85558141186833392 0.046796178576108571 0.81435711268259559 -1.0495727052646024 -0.18649491131431445 0.023245646016368002 -0.015110454304093064 -0.066371550969779494
leaf_weight=134 40 48 56 64 43 50 65 42 59 62 40 53 54 388 44 454 72 83 55 85 121 144 40 74 49 42 237 4189 3305 152
leaf_count=134 40 48 56 64 43 50 65 42 59 62 40 53 54 388 44 454 72 83 55 85 121 144 40 74 49 42 237 4189 3305 152
internal_value=-9.75541e-11 -0.00196076 0.209311 -3.73876e-05 -0.0562207 0.00853294 0.214544 0.37723 -0.0376946 0.117725 -0.0321068 -0.00905229 -0.26441 -0.0278885 0.0551207 -0.106536 0.12665 -0.0660319 -0.277239 0.00185177 0.0231952 0.0158724 -0.102827 -0.0466516 0.0371758 -0.350165 -0.0654707 0.0316515 -0.0284581 -0.214593
internal_weight=10344 10248 96 10200 1350 8850 278 169 109 104 1307 1189 118 1149 559 590 460 537 99 8572 5030 4909 576 536 420 116 371 4333 3542 237
internal_count=10344 10248 96 10200 1350 8850 278 169 109 104 1307 1189 118 1149 559 590 460 537 99 8572 5030 4909 576 536 420 116 371 4333 3542 237
is_linear=0
shrinkage=0.05


Tree=148
num_leaves=31
num_cat=0
split_feature=10 15 10 12 9 0 13 13 24 9 4 9 2 27 23 17 17 17 26 23 23 6 17 17 12 18 10 7 16 13
split_gain=1612.78 3015.41 3010.17 4768.55 2741.26 2028.46 7361.79 6014.03 5921.52 5274.62 4194.32 6938.97 6643.55 5527.04 6197.37 5430.41 29360.1 6089.69 6324.08 7355.2 7173.46 6444.4 5272.8 10648.3 6114.3 5517.04 7653.66 6792.09 5681.11 7266.04
threshold=201.54350000000002 382.66135000000003 214.83060000000003 244.77270625000003 1.0000000180025095e-35 5.5000000000000009 20.433354708366721 23.115525502820365 12.037202380952385 392.40175000000005 -0.37940952255126065 424.42965000000004 4.5000000000000009 -9.0261908924299572 10.195833333333335 66.6276553647741 69.609935490138255 63.553992964393032 -1.1479166666666665 4.4166666666666679 6.9645833333333345 0.54940630780725741 37.317147644344338 36.787140226981613 307.15603333333337 246.61495000000002 329.35900000000009 0.93158198870884079 305.90243273809529 34.188997684936062
decision_type=2 2 2 2 2 2 2 2 2 2 2 2 2 2 2 2 2 2 2 2 2 2 2 2 2 2 2 2 2 2
left_child=1 -1 3 -2 -4 6 -6 8 -7 -8 11 12 22 -14 -15 17 -17 18 -12 -20 21 -21 23 24 -9 28 -27 -28 29 -24
right_child=2 -3 4 -5 5 7 9 10 -10 -11 15 -13 13 14 -16 16 -18 -19 19 20 -22 -23 25 -25 -26 26 27 -29 -30 -31
leaf_value=-0.037568736462681385 0.078701731663639266 0.53520123116672047 -0.40690351550172016 -0.54215502642668212 -0.1457303648955863 0.14574325199774951 0.065334386989399862 0.1462880053366834 -0.051582504776556473 0.5008247841356529 -0.67246151970965529 -0.60830745339393621 0.020304522430651114 -0.18181269012488016 -0.84323229849338532 -1.4558488196134567 -0.059830745580521497 0.55025279178488551 0.11854779082967576 -0.14435503479634595 -0.065163053048608727 -0.72452932783850921 0.29602411225522784 -0.77517724246890463 -0.5087491923570634 -0.66049759236036565 -0.12650390605093512 0.46261624007944074 0.21994699562400313 -0.052505604333645144
leaf_weight=54 59 40 41 65 435 1050 2027 171 596 72 42 45 367 309 40 45 231 41 498 117 1864 81 198 54 45 51 219 63 813 611
leaf_count=54 59 40 41 65 435 1050 2027 171 596 72 42 45 367 309 40 45 231 41 498 117 1864 81 198 54 45 51 219 63 813 611
internal_value=-2.16373e-10 0.206163 -0.00189067 -0.246747 0.00110778 0.00276652 0.0414757 -0.0102237 0.0742936 0.0802726 -0.0337826 0.00788155 0.0173098 -0.115164 -0.25762 -0.0764031 -0.287442 -0.054365 -0.063892 -0.0539076 -0.0955579 -0.381699 0.0599397 -0.147178 0.00982192 0.0885442 -0.0968316 0.00510804 0.126602 0.0327959
internal_weight=10344 94 10250 124 10126 10085 2534 7551 1646 2099 5905 2986 2941 716 349 2919 276 2643 2602 2560 2062 198 2225 270 216 1955 333 282 1622 809
internal_count=10344 94 10250 124 10126 10085 2534 7551 1646 2099 5905 2986 2941 716 349 2919 276 2643 2602 2560 2062 198 2225 270 216 1955 333 282 1622 809
is_linear=0
shrinkage=0.05


Tree=149
num_leaves=31
num_cat=0
split_feature=23 0 6 24 13 10 14 8 9 5 27 15 22 12 14 16 14 10 19 27 12 15 22 6 26 14 0 12 16 10
split_gain=1643.36 2764.05 4317.1 3703.24 3003.09 2246.77 10167.8 32880.1 8941.16 4305.99 7167.72 6334.16 6054.06 5093 5859.02 6023.05 6767.6 4653.66 4419.01 3775.63 6607.84 4477.63 3645.74 3452.96 3200.72 4233.65 4929.78 2917.9 2787.12 2692.67
threshold=-3.8520833333333324 13.500000000000002 0.15101559051660998 -0.94464285714285712 21.636347954638477 366.29005000000006 221.98540000000003 1.0000000180025095e-35 398.86505000000005 -0.70710678118654757 -2.324093688544977 399.1692000000001 25.300000000000004 310.33828958333339 242.43190000000001 306.72960416666672 282.11335000000003 372.00940000000008 459.26090000000005 -0.29710269552393537 369.53723541666676 488.78540000000004 15.300000000000002 -0.21861968191509915 -0.64166666666666661 272.56000000000006 12.500000000000002 398.71277291666678 334.24767053571435 363.64205000000004
decision_type=2 2 2 2 2 2 2 2 2 2 2 2 2 2 2 2 2 2 2 2 2 2 2 2 2 2 2 2 2 2
left_child=1 4 -3 -4 -1 8 7 -7 29 10 11 -8 13 -11 -15 -16 22 -18 -14 20 28 -22 -17 -13 -12 -26 -27 -21 -19 -2
right_child=5 2 3 -5 -6 6 9 -9 -10 12 24 23 18 14 15 16 17 19 -20 27 21 -23 -24 -25 25 26 -28 -29 -30 -31
leaf_value=-0.39738499962148216 -0.0012148455907029058 -0.21299578256905083 0.11883870933737073 0.63315124316939286 0.065763635003850573 -1.5276018994384344 0.4107633083695319 0.40586699496868051 0.71650321984832943 -0.67676393474851348 -0.048672999938329062 -0.11008047795537668 0.62562223295582109 0.47776190527249129 -0.62773999094457955 -0.002455381208071203 -0.72306718826293948 -0.61015038940641619 -0.046443373958269758 -0.4858766421726024 0.55547151063968037 -0.054537230775906491 0.46236030833134728 -0.6060107872160998 0.031224152956690107 0.072560199085209109 0.70472834692621722 -0.028981928264393525 -0.09825460977279224 0.25851082250955376
leaf_weight=42 8341 40 70 70 210 45 41 43 44 42 66 97 47 40 59 132 40 45 51 111 56 65 62 55 70 45 98 51 65 101
leaf_count=42 8341 40 70 70 210 45 41 43 44 42 66 97 47 40 59 132 40 45 51 111 56 65 62 55 70 45 98 51 65 101
internal_value=4.6596e-10 0.0954622 0.245108 0.375995 -0.0114278 -0.00416058 -0.0622317 -0.582839 0.00559777 -0.0279914 0.0935058 -0.140762 -0.0942117 -0.141436 -0.110467 -0.144766 -0.0993185 -0.209272 0.275874 -0.156978 -0.0271941 0.227781 0.146094 -0.289529 0.255562 0.349832 0.505794 -0.342039 -0.307667 0.00189251
internal_weight=10344 432 180 140 252 9912 1426 88 8486 1338 472 193 866 768 726 686 627 433 98 393 231 121 194 152 279 213 143 162 110 8442
internal_count=10344 432 180 140 252 9912 1426 88 8486 1338 472 193 866 768 726 686 627 433 98 393 231 121 194 152 279 213 143 162 110 8442
is_linear=0
shrinkage=0.05


end of trees

feature_importances:
last=443
lag168=333
hour=302
interaction_temp_sin=295
std24=292
temp_last=281
lag24=246
weekday=244
temp_mean24=203
doy_sin=197
min24=174
temp_delta24=173
doy_cos=171
mean24=159
mean168=123
interaction_temp_work=123
std168=122
hour_cos=118
min168=110
temp_mean168=104
max24=97
max168=81
hour_sin=77
workhour=32

parameters:
[boosting: gbdt]
[objective: regression]
[metric: l2]
[tree_learner: serial]
[device_type: cpu]
[data_sample_strategy: bagging]
[data: ]
[valid: ]
[num_iterations: 150]
[learning_rate: 0.05]
[num_leaves: 31]
[num_threads: 2]
[seed: 20261006]
[deterministic: 1]
[force_col_wise: 1]
[force_row_wise: 0]
[histogram_pool_size: -1]
[max_depth: -1]
[min_data_in_leaf: 40]
[min_sum_hessian_in_leaf: 0.001]
[bagging_fraction: 1]
[pos_bagging_fraction: 1]
[neg_bagging_fraction: 1]
[bagging_freq: 0]
[bagging_seed: 27463]
[bagging_by_query: 0]
[feature_fraction: 1]
[feature_fraction_bynode: 1]
[feature_fraction_seed: 885]
[extra_trees: 0]
[extra_seed: 17743]
[early_stopping_round: 0]
[early_stopping_min_delta: 0]
[first_metric_only: 0]
[max_delta_step: 0]
[lambda_l1: 0]
[lambda_l2: 0]
[linear_lambda: 0]
[min_gain_to_split: 0]
[drop_rate: 0.1]
[max_drop: 50]
[skip_drop: 0.5]
[xgboost_dart_mode: 0]
[uniform_drop: 0]
[drop_seed: 19011]
[top_rate: 0.2]
[other_rate: 0.1]
[min_data_per_group: 100]
[max_cat_threshold: 32]
[cat_l2: 10]
[cat_smooth: 10]
[max_cat_to_onehot: 4]
[top_k: 20]
[monotone_constraints: ]
[monotone_constraints_method: basic]
[monotone_penalty: 0]
[feature_contri: ]
[forcedsplits_filename: ]
[refit_decay_rate: 0.9]
[cegb_tradeoff: 1]
[cegb_penalty_split: 0]
[cegb_penalty_feature_lazy: ]
[cegb_penalty_feature_coupled: ]
[path_smooth: 0]
[interaction_constraints: ]
[verbosity: -1]
[saved_feature_importance_type: 0]
[use_quantized_grad: 0]
[num_grad_quant_bins: 4]
[quant_train_renew_leaf: 0]
[stochastic_rounding: 1]
[linear_tree: 0]
[max_bin: 255]
[max_bin_by_feature: ]
[min_data_in_bin: 3]
[bin_construct_sample_cnt: 200000]
[data_random_seed: 5366]
[is_enable_sparse: 1]
[enable_bundle: 1]
[use_missing: 1]
[zero_as_missing: 0]
[feature_pre_filter: 1]
[pre_partition: 0]
[two_round: 0]
[header: 0]
[label_column: ]
[weight_column: ]
[group_column: ]
[ignore_column: ]
[categorical_feature: ]
[forcedbins_filename: ]
[precise_float_parser: 0]
[parser_config_file: ]
[objective_seed: 8607]
[num_class: 1]
[is_unbalance: 0]
[scale_pos_weight: 1]
[sigmoid: 1]
[boost_from_average: 1]
[reg_sqrt: 0]
[alpha: 0.9]
[fair_c: 1]
[poisson_max_delta_step: 0.7]
[tweedie_variance_power: 1.5]
[lambdarank_truncation_level: 30]
[lambdarank_norm: 1]
[label_gain: ]
[lambdarank_position_bias_regularization: 0]
[eval_at: ]
[multi_error_top_k: 1]
[auc_mu_weights: ]
[num_machines: 1]
[local_listen_port: 12400]
[time_out: 120]
[machine_list_filename: ]
[machines: ]
[gpu_platform_id: -1]
[gpu_device_id: -1]
[gpu_device_id_list: ]
[gpu_use_dp: 0]
[num_gpu: 1]

end of parameters

pandas_categorical:[]
