tree
version=v4
num_class=1
num_tree_per_iteration=1
label_index=0
max_feature_idx=32
objective=regression
feature_names=hour lead weekday weekend hour_sin hour_cos doy_sin doy_cos workhour last lag24 lag168 mean24 std24 min24 max24 mean168 std168 min168 max168 missing24 missing168 temp_last temp_mean24 temp_mean168 temp_delta24 response_cool24 response_heat24 response_cool168 response_heat168 interaction_temp_work interaction_cool_work interaction_temp_sin
feature_infos=[0:23] [1:24] [0:6] [0:1] [-1:1] [-1:1] [-0.9999994220246925:0.99998555065071859] [-0.99997919295908233:0.9999907524084426] [0:1] [0:473.34809999999999] [0:669.67240000000004] [0:669.67240000000004] [198.16243333333333:485.20365416666669] [0:196.34452317078706] [0:407.9579] [247.38040000000001:669.67240000000004] [243.00278273809522:422.1969666666667] [29.379798488138235:115.18698510270571] [0:311.97559999999999] [336.40519999999998:669.67240000000004] none none [-11.699999999999999:30] [-12.245833333333335:30.425000000000001] [-5.5702380952380945:28.647619047619049] [-16.599999999999998:13.299999999999999] [0:12.424999999999999] [0:30.245833333333337] [0:10.647619047619045] [0:23.570238095238096] [-12.245833333333335:29.712499999999995] [0:11.712499999999999] [-30.425000000000001:30.425000000000001]
tree_sizes=1394 1422 1424 1422 1425 1408 1419 1429 1405 1425 1416 1429 1414 1408 1411 1418 1419 1418 1421 1422 1415 1418 1402 1414 1417 1420 1425 1413 1417 1421 1406 1428 1431 1410 1427 1426 1429 1424 1432 1418 1429 1420 1427 1427 1421 1428 1421 1432 1428 1425 1433 1423 1424 1442 1426 1440 1436 1429 1438 1420 1439 1436 1448 1432 1440 1433 1430 1425 1438 1429 1431 1436 1408 1445 1431 1424 1435 1454 1430 1425 1414 1431 1438 1431 1430 1427 1451 1425 1446 1439 1446 1442 1432 1429 1435 1441 1440 1439 1442 1437 1451 1448 1440 1441 1407 1430 1435 1429 1424 1438 1437 1463 1414 1441 1435 1435 1423 1446 1439 1437 1445 1441 1432 1426 1445 1435 1429 1438 1426 1430 1419 1440 1437 1422 1428 1431 1418 1432 1445 1423 1430 1429 1432 1429 1428 1432 1424 1443 1420 1434

Tree=0
num_leaves=15
num_cat=0
split_feature=10 11 30 12 32 2 9 22 2 14 14 22 0 9
split_gain=1.09438e+07 4.0219e+06 1.61808e+06 1.45644e+06 829166 667379 612891 512637 485986 556699 474329 396158 386590 358186
threshold=352.72000000000008 307.38730000000004 -1.0000000180025095e-35 279.50754375000002 -1.0000000180025095e-35 4.5000000000000009 347.96405000000004 3.0500000000000003 1.0000000180025095e-35 270.86590000000007 269.03000000000003 -1.95 12.500000000000002 287.44125000000008
decision_type=2 2 2 2 2 2 2 2 2 2 2 2 2 2
left_child=1 3 12 -1 8 7 -7 -4 9 -3 -5 -6 -2 -13
right_child=2 4 5 10 11 6 -8 -9 -10 -11 -12 13 -14 -15
leaf_value=308.43036290185256 315.78399922093473 312.91652725782734 315.70628020067937 309.77869041698222 314.36680249572288 311.01149236188689 314.29731706839158 313.74963977852281 312.03179147479699 316.82731618994205 311.10182605324479 309.17877700457262 319.84859604327619 311.15754332205722
leaf_weight=1865 99 367 512 2159 76 330 249 967 1280 121 987 309 143 880
leaf_count=1865 99 367 512 2159 76 330 249 967 1280 121 987 309 143 880
internal_value=311.277 310.407 314.318 309.537 311.844 313.864 312.425 314.427 312.544 313.886 310.194 310.867 318.186 310.643
internal_weight=10344 8044 2300 5011 3033 2058 579 1479 1768 488 3146 1265 242 1189
internal_count=10344 8044 2300 5011 3033 2058 579 1479 1768 488 3146 1265 242 1189
is_linear=0
shrinkage=1


Tree=1
num_leaves=15
num_cat=0
split_feature=10 10 11 30 12 2 11 2 9 9 22 9 14 0
split_gain=1.00145e+07 2.50416e+06 2.14245e+06 1.0043e+06 921174 673849 655275 457195 361806 342098 315863 289076 280754 258008
threshold=317.66055000000006 383.41895000000005 306.42370000000005 -1.0000000180025095e-35 279.50754375000002 1.0000000180025095e-35 322.83205000000004 4.5000000000000009 368.22620000000006 276.46805000000006 3.0500000000000003 347.96405000000004 221.98540000000003 11.500000000000002
decision_type=2 2 2 2 2 2 2 2 2 2 2 2 2 2
left_child=2 6 4 -3 -1 13 9 10 -8 12 -5 -9 -2 -4
right_child=1 3 5 7 -6 -7 8 11 -10 -11 -12 -13 -14 -15
leaf_value=-2.7594053826033154 -4.448485729963549 6.8870616703941714 -0.4577083116637603 4.9560712275625782 -1.2738342462188976 -0.49175758999558639 1.5258751347143478 -0.21402232781818784 4.348684559798822 0.58737035103282231 2.9245491907461405 2.9495987257240595 -0.44457014037058662 2.1194132614747754
leaf_weight=1783 62 210 124 316 2516 1329 1472 141 123 1038 485 148 149 448
leaf_count=1783 62 210 124 316 2516 1329 1472 141 123 1038 485 148 149 448
internal_value=-2.42203e-08 1.90294 -1.2719 3.7209 -1.88997 0.125826 1.07195 3.11091 1.74356 0.214286 3.726 1.4061 -1.62108 1.56074
internal_weight=10344 4144 6200 1300 4299 1901 2844 1090 1595 1249 801 289 211 572
internal_count=10344 4144 6200 1300 4299 1901 2844 1090 1595 1249 801 289 211 572
is_linear=0
shrinkage=0.05


Tree=2
num_leaves=15
num_cat=0
split_feature=10 10 11 30 12 2 9 11 2 22 9 12 32 11
split_gain=9.03805e+06 2.26e+06 1.93357e+06 906378 831359 608149 598671 540642 412618 285067 260891 248987 248158 246866
threshold=317.66055000000006 383.41895000000005 306.42370000000005 -1.0000000180025095e-35 279.50754375000002 1.0000000180025095e-35 368.22620000000006 320.13185000000004 4.5000000000000009 3.0500000000000003 347.96405000000004 268.59636458333341 -0.53435348686791351 354.21165000000002
decision_type=2 2 2 2 2 2 2 2 2 2 2 2 2 2
left_child=2 6 4 -3 -1 13 7 11 9 -5 -10 -2 -9 -4
right_child=1 3 5 8 -6 -7 -8 12 10 -11 -12 -13 -14 -15
leaf_value=-2.621435044670767 -3.8879529391229157 6.5427087146043776 0.44397000964450933 4.708267732360695 -1.2101425335473799 -0.46716970838017713 3.6143403290255556 1.8608845661684559 -0.20332120521694211 2.7783217624905188 2.8021187930493743 0.12886673151163822 0.47364441317550104 2.5214294217787425
leaf_weight=1783 40 210 286 316 2516 1329 206 1046 141 485 148 1086 466 286
leaf_count=1783 40 210 286 316 2516 1329 206 1046 141 485 148 1086 466 286
internal_value=-1.06138e-09 1.80779 -1.20831 3.53486 -1.79547 0.119535 1.01835 0.815631 2.95536 3.5397 1.3358 -0.0138267 1.43334 1.4827
internal_weight=10344 4144 6200 1300 4299 1901 2844 2638 1090 801 289 1126 1512 572
internal_count=10344 4144 6200 1300 4299 1901 2844 2638 1090 801 289 1126 1512 572
is_linear=0
shrinkage=0.05


Tree=3
num_leaves=15
num_cat=0
split_feature=10 11 12 30 32 2 9 11 22 10 9 0 32 10
split_gain=8.19157e+06 3.09914e+06 1.19214e+06 1.08015e+06 708340 499284 435765 413778 356042 344584 338181 329213 328049 312730
threshold=359.09740000000005 307.38730000000004 295.97181250000011 -1.0000000180025095e-35 -1.0000000180025095e-35 4.5000000000000009 347.96405000000004 467.96960000000007 -1.95 442.46265000000011 287.44125000000008 12.500000000000002 4.2404673850403203 304.88340000000005
decision_type=2 2 2 2 2 2 2 2 2 2 2 2 2 2
left_child=1 2 12 11 7 9 -7 -3 -6 -5 -10 -2 -1 -4
right_child=3 4 13 5 8 6 -8 -9 10 -11 -12 -13 -14 -15
leaf_value=-1.6552153581556119 3.7260363410812682 1.0128139030700525 -1.1086198430525298 2.6147403292878817 2.7742045997863727 -0.30132775756564961 2.6500198690676382 5.4536851038535445 -1.9906041156465546 5.0771590980850618 -0.09704794114706955 7.4996730137538243 -2.7562594858805149 0.066424935972147256
leaf_weight=1407 97 1831 1455 1155 84 270 233 54 319 162 904 143 1303 927
leaf_count=1407 97 1831 1455 1155 84 270 233 54 319 162 904 143 1303 927
internal_value=6.47909e-09 -0.701654 -1.46735 2.8216 0.519818 2.40584 1.0658 1.14003 -0.374675 2.91763 -0.590952 5.97449 -2.18461 -0.651329
internal_weight=10344 8284 5092 2060 3192 1820 503 1885 1307 1317 1223 240 2710 2382
internal_count=10344 8284 5092 2060 3192 1820 503 1885 1307 1317 1223 240 2710 2382
is_linear=0
shrinkage=0.05


Tree=4
num_leaves=15
num_cat=0
split_feature=10 10 11 10 30 9 11 2 2 19 16 9 32 9
split_gain=7.425e+06 1.84551e+06 1.56574e+06 822509 735569 520538 451672 417392 339316 259833 249596 249127 229863 229702
threshold=317.66055000000006 383.41895000000005 325.40140000000002 269.50805000000008 -1.0000000180025095e-35 368.22620000000006 320.13185000000004 1.0000000180025095e-35 4.5000000000000009 444.46585000000005 269.28757678571429 304.82115000000005 2.2163990721967255 276.46805000000006
decision_type=2 2 2 2 2 2 2 2 2 2 2 2 2 2
left_child=2 5 3 10 12 6 13 -4 9 -6 -1 -5 -3 -2
right_child=1 4 7 11 8 -7 -8 -9 -10 -11 -12 -13 -14 -15
leaf_value=-2.9928592931424913 -1.5402237087926445 5.0084269199842293 1.7417831229968765 -1.254628710061569 0.87576365776073473 3.3458319044518241 1.3007304147487044 -0.18114524246286601 1.208502605615448 3.5549330830403001 -1.8493731538009026 -0.24793305860163994 8.9478846470514934 0.31390999785792123
leaf_weight=686 204 162 436 1768 104 206 1512 800 289 697 1568 942 48 922
leaf_count=686 204 162 436 1768 104 206 1512 800 289 697 1568 942 48 922
internal_value=-3.47423e-09 1.63855 -1.09519 -1.49167 3.19922 0.925164 0.736135 0.497169 2.67718 3.20708 -2.19739 -0.9047 5.90887 -0.0220077
internal_weight=10344 4144 6200 4964 1300 2844 2638 1236 1090 801 2254 2710 210 1126
internal_count=10344 4144 6200 4964 1300 2844 2638 1236 1090 801 2254 2710 210 1126
is_linear=0
shrinkage=0.05


Tree=5
num_leaves=15
num_cat=0
split_feature=10 11 10 30 32 2 9 2 14 22 9 22 9 0
split_gain=6.72317e+06 2.54147e+06 998408 881598 619194 417375 384529 382740 493082 325700 322952 314403 300760 282435
threshold=359.09740000000005 307.38730000000004 279.79485000000005 -1.0000000180025095e-35 -1.0000000180025095e-35 4.5000000000000009 347.96405000000004 1.5000000000000002 270.86590000000007 3.0500000000000003 308.59115000000003 -1.95 282.05545000000006 12.500000000000002
decision_type=2 2 2 2 2 2 2 2 2 2 2 2 2 2
left_child=1 2 -1 13 7 9 -7 8 -3 -5 -4 -6 -13 -2
right_child=3 4 10 5 11 6 -8 -9 -10 -11 -12 12 -14 -15
leaf_value=-2.0051263593652586 3.3220319395212785 1.2328216087001904 -1.0467357553226984 3.7111211327396241 2.5931785078275773 -0.32882637688959088 2.4435899316501111 0.43922209298106529 4.2613038415797275 2.0666961693626278 0.13821723546862222 -1.9915654023226939 -0.13688259170247194 6.8173036148498118
leaf_weight=2635 97 628 1539 466 84 270 233 1086 171 851 918 285 938 143
leaf_count=2635 97 628 1539 466 84 270 233 1086 171 851 918 285 938 143
internal_value=-2.19677e-09 -0.635662 -1.32906 2.55623 0.470465 2.18061 0.955414 1.05034 1.88097 2.64855 -0.604006 -0.365849 -0.569086 5.40463
internal_weight=10344 8284 5092 2060 3192 1820 503 1885 799 1317 2457 1307 1223 240
internal_count=10344 8284 5092 2060 3192 1820 503 1885 799 1317 2457 1307 1223 240
is_linear=0
shrinkage=0.05


Tree=6
num_leaves=15
num_cat=0
split_feature=10 9 11 2 0 22 11 32 12 2 22 0 11 11
split_gain=6.12059e+06 1.55922e+06 1.29092e+06 819193 801487 570621 552037 505515 457247 430093 294250 261056 242590 206532
threshold=317.66055000000006 346.78115000000008 286.98965000000004 4.5000000000000009 12.500000000000002 4.7000000000000011 378.59150000000005 3.9351278982462445 279.50754375000002 1.0000000180025095e-35 -6.9499999999999993 18.500000000000004 479.47655000000003 354.21165000000002
decision_type=2 2 2 2 2 2 2 2 2 2 2 2 2 2
left_child=2 3 8 4 -2 11 10 9 -1 13 -3 -6 -8 -4
right_child=1 6 7 -5 5 -7 12 -9 -10 -11 -12 -13 -14 -15
leaf_value=-2.329304764300923 -0.27828763723538547 4.6535777649636998 0.47953383948419009 -0.58935152972775062 4.1989009048908379 1.2854784511945059 4.1528357888517515 -1.2047505447095035 -1.1323245615501987 -0.27502579283572087 1.9769920934297796 1.7933537992902779 8.0242464430788729 2.3385158385242923
leaf_weight=1498 564 118 333 736 314 1107 291 945 1707 1446 791 176 47 271
leaf_count=1498 564 118 333 736 314 1107 291 945 1707 1446 791 176 47 271
internal_value=6.38439e-11 1.48768 -0.994344 0.851361 1.34204 1.91428 2.96595 -0.247998 -1.69179 0.193042 2.32445 3.33487 4.69117 1.31361
internal_weight=10344 4144 6200 2897 2161 1597 1247 2995 3205 2050 909 490 338 604
internal_count=10344 4144 6200 2897 2161 1597 1247 2995 3205 2050 909 490 338 604
is_linear=0
shrinkage=0.05


Tree=7
num_leaves=15
num_cat=0
split_feature=10 11 22 12 2 2 10 11 32 11 2 32 9 9
split_gain=5.56405e+06 1.73113e+06 1.03757e+06 773564 699703 526523 473732 326921 277429 258289 230766 230093 206986 189613
threshold=340.75020000000006 310.10480000000007 -4.1499999999999995 298.98066250000005 4.5000000000000009 1.0000000180025095e-35 412.22415000000007 434.02505000000002 4.2404673850403203 406.94650000000007 4.5000000000000009 1.0253865595360862e-15 424.42965000000004 212.83295000000001
decision_type=2 2 2 2 2 2 2 2 2 2 2 2 2 2
left_child=1 3 9 8 6 7 -4 -3 10 -2 -1 -7 -8 -10
right_child=2 5 4 -5 -6 11 12 -9 13 -11 -12 -13 -14 -15
leaf_value=-0.70839576833666063 3.7709724161406641 1.0960676119580259 1.5609424887696119 -0.51263271710772063 -0.0025339772311510642 0.38410709615035005 3.7805424045153604 4.2385044700091647 -5.3411967335915085 7.2016574095277228 -1.9533833879794966 -0.72655018798261883 0.0073758811503648759 -2.1753728500912946
leaf_weight=774 284 564 1459 2044 571 1118 398 97 49 68 717 800 40 1361
leaf_count=774 284 564 1459 2044 571 1118 398 97 49 68 717 800 40 1361
internal_value=4.41548e-09 -0.70994 1.89418 -1.25765 1.53198 0.340252 1.99387 1.55721 -1.78258 4.43372 -1.30709 -0.0791493 3.43596 -2.28539
internal_weight=10344 7524 2820 4945 2468 2579 1897 661 2901 352 1491 1918 438 1410
internal_count=10344 7524 2820 4945 2468 2579 1897 661 2901 352 1491 1918 438 1410
is_linear=0
shrinkage=0.05


Tree=8
num_leaves=15
num_cat=0
split_feature=10 10 30 9 11 11 2 11 12 11 22 12 0 0
split_gain=5.04481e+06 1.89091e+06 711197 625225 510911 434751 328052 327613 306427 272237 266411 248540 247827 228255
threshold=357.71860000000009 286.82310000000001 -1.0000000180025095e-35 308.59115000000003 273.959 434.02505000000002 4.5000000000000009 323.45075000000003 370.19984375000007 342.86950000000007 3.0500000000000003 260.80630000000008 12.500000000000002 12.500000000000002
decision_type=2 2 2 2 2 2 2 2 2 2 2 2 2 2
left_child=1 4 13 7 -1 -5 10 11 -8 -6 -4 -3 -9 -2
right_child=2 3 6 5 9 -7 8 12 -10 -11 -12 -13 -14 -15
leaf_value=-1.9587371646139982 2.8771512413147802 -3.6239415168762208 3.223626481831452 0.71445693030113733 -1.0693883121504235 5.3513383389665528 -0.3419439148308589 -0.89711161429857045 2.1050915389184208 0.50779137328765322 1.7498935207776638 -0.6733119105228339 0.84579545458649064 6.0193348916260518
leaf_weight=1878 97 75 473 1814 1625 52 278 286 237 329 872 1474 711 143
leaf_count=1878 97 75 473 1814 1625 52 278 286 237 329 872 1474 711 143
internal_value=2.28103e-09 -0.5573 2.1878 0.148419 -1.36983 0.843673 1.85727 -0.361143 0.784168 -0.803835 2.26817 -0.816176 0.345824 4.74937
internal_weight=10344 8244 2100 4412 3832 1866 1860 2546 515 1954 1345 1549 997 240
internal_count=10344 8244 2100 4412 3832 1866 1860 2546 515 1954 1345 1549 997 240
is_linear=0
shrinkage=0.05


Tree=9
num_leaves=15
num_cat=0
split_feature=10 9 11 11 19 11 0 22 2 11 22 8 9 23
split_gain=4.57555e+06 1.23296e+06 976350 648504 560784 433964 290938 283700 275673 250047 230811 248565 207560 182388
threshold=317.66055000000006 346.78115000000008 325.40140000000002 348.12010000000004 431.64330000000007 434.02505000000002 12.500000000000002 -6.9499999999999993 1.0000000180025095e-35 255.80810000000002 4.7000000000000011 1.0000000180025095e-35 308.59115000000003 27.602083333333333
decision_type=2 2 2 2 2 2 2 2 2 2 2 2 2 2
left_child=2 3 4 -2 9 7 -5 -3 -4 -1 11 -8 -6 -9
right_child=1 5 8 6 12 -7 10 13 -10 -11 -12 -13 -14 -15
leaf_value=-2.2030205988067024 0.096713705152663365 4.382060828575721 1.4091850799687824 -0.080726872749913192 -0.89719502646266602 5.4995657197940044 1.5584868272252985 2.2483813036428013 -0.15355872828559952 -1.2480327769108399 1.3409279158358174 4.0583440036967744 0.16370321942539068 0.14569797990923256
leaf_weight=1140 1709 143 436 208 1423 117 185 870 800 1719 580 215 682 117
leaf_count=1140 1709 143 436 208 1423 117 185 870 800 1719 580 215 682 117
internal_value=-7.54901e-10 1.28627 -0.859729 0.720433 -1.17282 2.60082 1.61769 2.30068 0.3977 -1.62883 1.97817 2.90216 -0.553474 1.99913
internal_weight=10344 4144 6200 2897 4964 1247 1188 1130 1236 2859 980 400 2105 987
internal_count=10344 4144 6200 2897 4964 1247 1188 1130 1236 2859 980 400 2105 987
is_linear=0
shrinkage=0.05


Tree=10
num_leaves=15
num_cat=0
split_feature=10 10 22 9 2 11 11 0 2 10 32 9 16 2
split_gain=4.1614e+06 1.58797e+06 614402 534094 429790 416253 371104 284634 482979 268520 227390 219676 215980 203998
threshold=359.09740000000005 286.82310000000001 -3.5999999999999992 308.59115000000003 4.5000000000000009 273.959 438.21245000000005 11.500000000000002 4.5000000000000009 442.46265000000011 -1.0000000180025095e-35 246.17640000000003 269.28757678571429 4.5000000000000009
decision_type=2 2 2 2 2 2 2 2 2 2 2 2 2 2
left_child=1 5 -2 7 9 12 -5 11 -9 -4 13 -3 -1 -7
right_child=2 3 4 6 -6 10 -8 8 -10 -11 -12 -13 -14 -15
leaf_value=-2.5361313756394646 3.95669073838312 -4.6215198722109205 1.7451767298845942 0.66639214643456191 0.13342380202251508 0.49458507315527717 5.0753536454572972 0.59793374038011515 -1.4183899360711241 3.7068368101293601 -1.1388239592220673 -0.83895245565160337 -1.3986737578530044 -1.444014190139411
leaf_weight=626 339 40 1139 1837 376 517 49 1179 397 206 1253 950 1252 184
leaf_count=626 339 40 1139 1837 376 517 49 1179 397 206 1253 950 1252 184
internal_value=2.13052e-10 -0.500103 2.01109 0.14215 1.62785 -1.24627 0.780941 -0.327359 0.0900146 2.04562 -0.735386 -0.991783 -1.77783 -0.0142627
internal_weight=10344 8284 2060 4452 1721 3832 1886 2566 1576 1345 1954 990 1878 701
internal_count=10344 8284 2060 4452 1721 3832 1886 2566 1576 1345 1954 990 1878 701
is_linear=0
shrinkage=0.05


Tree=11
num_leaves=15
num_cat=0
split_feature=10 11 14 30 2 32 2 11 14 9 22 9 32 0
split_gain=3.75566e+06 1.4631e+06 754506 556261 354516 334283 354036 270177 267411 233500 229078 212358 209587 190962
threshold=359.09740000000005 322.83205000000004 257.98325000000006 -1.0000000180025095e-35 1.0000000180025095e-35 4.2404673850403203 4.5000000000000009 358.12125000000009 269.97185000000007 212.83295000000001 -4.1499999999999995 329.63600000000002 1.0253865595360862e-15 12.500000000000002
decision_type=2 2 2 2 2 2 2 2 2 2 2 2 2 2
left_child=1 2 5 13 8 6 -1 10 -3 -7 -5 12 -6 -2
right_child=3 4 -4 7 11 9 -8 -9 -10 -11 -12 -13 -14 -15
leaf_value=-0.31602879732941247 2.460670715555088 0.92466597964076636 -0.070037535296929423 2.8006798139214517 0.37925283772060725 -5.1041588278377761 -1.6390892422124743 2.2909252395001221 3.2516051917765916 -1.674837381753066 0.73799161315403605 1.3219812341889225 -0.8820974721237218 5.334724794401156
leaf_weight=1248 97 403 1864 160 984 51 850 812 178 1858 848 353 495 143
leaf_count=1248 97 403 1864 160 984 51 850 812 178 1858 848 353 495 143
internal_value=-2.45338e-09 -0.475097 -0.901097 1.91054 0.561389 -1.28769 -0.852064 1.61217 1.63757 -1.76645 1.0654 0.220091 -0.0429029 4.17313
internal_weight=10344 8284 5871 2060 2413 4007 2098 1820 581 1909 1008 1832 1479 240
internal_count=10344 8284 5871 2060 2413 4007 2098 1820 581 1909 1008 1832 1479 240
is_linear=0
shrinkage=0.05


Tree=12
num_leaves=15
num_cat=0
split_feature=10 9 11 11 10 11 0 12 0 24 2 22 8 17
split_gain=3.42524e+06 1.08444e+06 663869 572516 403436 378498 279538 257277 253999 214874 188153 181489 249716 173514
threshold=308.32895000000002 346.78115000000008 342.86950000000007 348.12010000000004 268.73305000000005 377.97000000000008 12.500000000000002 260.80630000000008 11.500000000000002 24.09196428571429 4.5000000000000009 4.7000000000000011 1.0000000180025095e-35 37.072854666084737
decision_type=2 2 2 2 2 2 2 2 2 2 2 2 2 2
left_child=2 3 4 7 -1 9 -5 -2 -4 -3 -9 12 -8 -12
right_child=1 5 8 6 -6 -7 11 10 -10 -11 13 -13 -14 -15
leaf_value=-1.5225606216935565 -3.2430139391098991 2.136037378391126 -0.66362662575358256 -0.19100859217222566 -0.6139452427204618 3.6114502522332423 1.2101409479011944 0.45385474927673591 1.3222226829489385 0.43086111042872971 -3.5915307798846201 1.1586018015990538 3.6351238334443838 -0.35035240939705897
leaf_weight=2314 59 716 252 242 2588 352 201 1346 446 249 44 639 225 671
leaf_count=2314 59 716 252 242 2588 352 201 1346 446 249 44 639 225 671
internal_value=2.16789e-09 0.988537 -0.837432 0.519901 -1.04286 2.20799 1.34297 0.0124702 0.605268 1.69605 0.105665 1.69154 2.49094 -0.54981
internal_weight=10344 4744 5600 3427 4902 1317 1307 2120 698 965 2061 1065 426 715
internal_count=10344 4744 5600 3427 4902 1317 1307 2120 698 965 2061 1065 426 715
is_linear=0
shrinkage=0.05


Tree=13
num_leaves=15
num_cat=0
split_feature=10 11 22 2 9 2 10 0 12 19 11 9 9 0
split_gain=3.10715e+06 984372 693785 464099 461969 390595 311234 275252 264716 225620 192299 185714 178394 169668
threshold=335.79120000000006 298.77350000000007 -4.1499999999999995 4.5000000000000009 269.75540000000007 1.0000000180025095e-35 412.22415000000007 11.500000000000002 277.02386458333336 431.64330000000007 406.94650000000007 424.42965000000004 282.05545000000006 19.500000000000004
decision_type=2 2 2 2 2 2 2 2 2 2 2 2 2 2
left_child=1 4 10 6 -1 7 -4 -3 -9 -6 -2 -8 -7 -10
right_child=2 5 3 -5 9 12 11 8 13 -11 -12 -13 -14 -15
leaf_value=-1.7160611464295319 2.845724089500401 -0.51310232934198885 1.1098594487801388 -0.11049089753460661 -1.1451849289531189 -0.81321481812534646 2.9382076801161223 0.41562385573814598 3.4256360586594656 -0.2113930060412634 5.8009378856157561 -0.63581515967845925 0.11578122443839355 0.91724438113825668
leaf_weight=1628 289 190 1623 642 1201 778 398 232 216 1402 68 40 1539 98
leaf_count=1628 289 190 1623 642 1201 778 398 232 216 1402 68 40 1539 98
internal_value=-1.65341e-09 -0.561672 1.337 1.06339 -1.05542 0.122591 1.42905 1.12604 1.69643 -0.642236 3.40862 2.61181 -0.196156 2.64276
internal_weight=10344 7284 3060 2703 4231 3053 2061 736 546 2603 357 438 2317 314
internal_count=10344 7284 3060 2703 4231 3053 2061 736 546 2603 357 438 2317 314
is_linear=0
shrinkage=0.05


Tree=14
num_leaves=15
num_cat=0
split_feature=10 9 22 11 6 11 25 32 2 12 23 10 2 9
split_gain=2.8284e+06 931003 579887 571351 393407 381023 279045 248865 241275 237757 230785 202524 198335 153540
threshold=308.32895000000002 361.58320000000009 4.7000000000000011 348.12010000000004 0.51297097409535064 415.87400000000008 5.2500000000000027 -1.8092956694386877 2.5000000000000004 260.80630000000008 27.602083333333333 384.97810000000004 1.0000000180025095e-35 362.4504500000001
decision_type=2 2 2 2 2 2 2 2 2 2 2 2 2 2
left_child=2 3 -1 9 7 10 11 8 -4 -2 -3 12 -5 -9
right_child=1 5 4 6 -6 -7 -8 13 -10 -11 -12 -13 -14 -15
leaf_value=0.26986730537216419 -3.0551735571380387 2.3058524524004778 1.2201685425012734 3.1661987563861267 -1.5656545749631896 5.2898821700703023 -0.32893639775249395 -1.0137360345532496 -0.65177043516022648 0.15928674697651746 -0.39949519063733269 2.5673931761877613 0.91826959099959249 0.98873634677712285
leaf_weight=1097 59 690 314 112 1874 99 218 1833 381 2301 89 384 792 101
leaf_count=1097 59 690 314 112 1874 99 218 1833 381 2301 89 384 792 101
internal_value=8.15096e-10 0.898293 -0.760982 0.56449 -1.01211 2.36809 1.3254 -0.617538 0.193969 0.0789252 1.99677 1.60541 1.19677 -0.90916
internal_weight=10344 4744 5600 3866 4503 878 1506 2629 695 2360 779 1288 904 1934
internal_count=10344 4744 5600 3866 4503 878 1506 2629 695 2360 779 1288 904 1934
is_linear=0
shrinkage=0.05


Tree=15
num_leaves=15
num_cat=0
split_feature=10 32 2 9 22 19 12 4 2 11 10 22 2 32
split_gain=2.57548e+06 1.06373e+06 630652 450094 420620 392431 385141 321515 297040 190995 186315 177534 170875 187486
threshold=357.71860000000009 3.9351278982462445 4.5000000000000009 308.59115000000003 -3.5999999999999992 427.00840000000005 286.04884375000006 -0.37940952255126065 4.5000000000000009 438.21245000000005 442.46265000000011 3.6000000000000001 4.5000000000000009 1.389249085237537
decision_type=2 2 2 2 2 2 2 2 2 2 2 2 2 2
left_child=1 2 3 7 12 -4 -3 11 10 -5 -6 -1 13 -2
right_child=4 6 5 9 8 -7 -8 -9 -10 -11 -12 -13 -14 -15
leaf_value=2.1698720572290906 2.7697963067913443 -1.8437600706800632 -1.7390466085362228 1.1376296211148813 1.3526999604741294 -0.14635743057764064 -0.69149948299150876 -0.53236163322392971 0.030709641456565601 4.3363602448482901 2.9838285939062685 0.37897717391704183 1.7215504849050927 5.7728995042377056
leaf_weight=157 123 1185 645 980 1166 966 1869 1226 388 49 206 1167 127 90
leaf_count=157 123 1185 645 980 1166 966 1869 1226 388 49 206 1167 127 90
internal_value=3.213e-09 -0.398194 0.0374862 0.40727 1.5632 -0.784026 -1.13859 0.0510827 1.25218 1.28995 1.59761 0.591342 3.17318 4.03871
internal_weight=10344 8244 5190 3579 2100 1611 3054 2550 1760 1029 1372 1324 340 213
internal_count=10344 8244 5190 3579 2100 1611 3054 2550 1760 1029 1372 1324 340 213
is_linear=0
shrinkage=0.05


Tree=16
num_leaves=15
num_cat=0
split_feature=11 14 10 9 25 10 32 2 11 9 25 17 2 12
split_gain=2.34254e+06 853873 702905 398685 280517 274205 266593 332906 258400 196032 159454 143872 139672 156153
threshold=323.96775000000008 257.98325000000006 363.64205000000004 364.18065000000007 6.6500000000000012 476.20150000000007 2.2163990721967255 4.5000000000000009 467.96960000000007 212.83295000000001 1.6500000000000006 64.075310498650964 1.5000000000000002 289.73853541666671
decision_type=2 2 2 2 2 2 2 2 2 2 2 2 2 2
left_child=1 6 4 -3 8 10 7 -1 12 -8 -4 -6 -2 -14
right_child=2 3 5 -5 11 -7 9 -9 -10 -11 -12 -13 13 -15
leaf_value=-0.013290500478411613 1.0449912505990824 -0.094488994209337776 2.1441433454614609 1.7015090576158121 -0.44020165524620947 4.1098566731810573 -4.330849841724743 -1.3350450396735436 3.6657864370693769 -1.3078181830817988 0.94136346160953455 -3.4079907696308762 -0.78874941897991402 0.5212756321180948
leaf_weight=1111 887 2045 729 364 138 130 55 834 69 2148 443 58 291 1042
leaf_count=1111 887 2045 729 364 138 130 55 834 69 2148 443 58 291 1042
internal_value=1.36395e-09 -0.571826 0.990088 0.176886 0.497013 1.93117 -1.00665 -0.580048 0.652464 -1.38329 1.68951 -1.31842 0.558806 0.235291
internal_weight=10344 6557 3787 2409 2485 1302 4148 1945 2289 2203 1172 196 2220 1333
internal_count=10344 6557 3787 2409 2485 1302 4148 1945 2289 2203 1172 196 2220 1333
is_linear=0
shrinkage=0.05


Tree=17
num_leaves=15
num_cat=0
split_feature=10 9 22 11 6 22 0 11 12 32 2 2 22 11
split_gain=2.12804e+06 732608 470517 371536 338182 270209 205450 193342 187939 186904 166384 138050 218938 134616
threshold=308.32895000000002 344.78755000000007 3.6000000000000001 348.12010000000004 0.19337368024598436 -7.4999999999999991 12.500000000000002 375.2349000000001 260.80630000000008 1.6004602856356974e-15 4.5000000000000009 4.5000000000000009 3.0500000000000003 349.27230000000003
decision_type=2 2 2 2 2 2 2 2 2 2 2 2 2 2
left_child=2 3 -1 8 13 -3 -5 -7 -2 10 -6 12 -8 -4
right_child=1 5 4 6 9 7 11 -9 -10 -11 -12 -13 -14 -15
leaf_value=0.40064374157581711 -2.8228164093979338 3.8217579491649354 -0.54198533653019065 -0.27817897652935547 -0.26531092515936117 1.1391057358811385 2.7620135207083965 2.5470196062078081 0.040638052142434662 -1.6277314355854391 -1.6357878412354947 -0.88826458032314604 1.0532866818326541 0.7951693169835613
leaf_weight=881 59 140 2075 240 646 934 252 330 1992 1454 337 65 732 207
leaf_count=881 59 140 2075 240 646 934 252 330 1992 1454 337 65 732 207
internal_value=2.16e-09 0.779179 -0.660076 0.376329 -0.858104 1.73753 1.04153 1.50668 -0.0417334 -1.2677 -0.735149 1.34347 1.49089 -0.420692
internal_weight=10344 4744 5600 3340 4719 1404 1289 1264 2051 2437 983 1049 984 2282
internal_count=10344 4744 5600 3340 4719 1404 1289 1264 2051 2437 983 1049 984 2282
is_linear=0
shrinkage=0.05


Tree=18
num_leaves=15
num_cat=0
split_feature=11 9 10 14 9 11 25 30 32 32 25 32 22 27
split_gain=1.94613e+06 729925 596361 307085 304954 285416 247862 198744 154091 151962 147878 137954 174536 144562
threshold=323.96775000000008 310.56370000000004 384.97810000000004 227.24735000000001 364.18065000000007 492.81720000000001 6.6500000000000012 -4.6374999999999984 4.1308414081960914 4.7511734126122933 3.4000000000000012 -0.36720269662491573 -4.1499999999999995 10.185416666666669
decision_type=2 2 2 2 2 2 2 2 2 2 2 2 2 2
left_child=1 3 5 -1 9 6 11 -4 -5 -3 -9 13 -13 -2
right_child=2 4 7 8 -6 -7 -8 10 -10 -11 -12 12 -14 -15
leaf_value=-1.4067830053494554 0.56066555813877805 0.3734440466934803 4.9736110863862217 -0.25310565007442221 1.5105490826833994 4.0892879558461059 -1.1272580943595281 2.2298011591302429 -0.99784166910490912 -0.61817113043201866 0.69922135191929857 3.2133730273355137 -0.011451653914322121 1.543158574441494
leaf_weight=1683 1106 942 54 1705 400 56 220 626 1172 655 211 44 904 566
leaf_count=1683 1106 942 54 1705 400 56 220 626 1172 655 211 44 904 566
internal_value=1.91975e-09 -0.521203 0.902437 -0.870314 0.275965 0.554407 0.484705 2.03363 -0.556488 -0.033261 1.84396 0.620061 0.138224 0.893256
internal_weight=10344 6557 3787 4560 1997 2896 2840 891 2877 1597 837 2620 948 1672
internal_count=10344 6557 3787 4560 1997 2896 2840 891 2877 1597 837 2620 948 1672
is_linear=0
shrinkage=0.05


Tree=19
num_leaves=15
num_cat=0
split_feature=11 10 14 32 10 9 9 2 14 22 9 15 14 32
split_gain=1.7583e+06 668723 527072 260234 236006 214438 213801 184414 244127 179354 177459 155270 137476 130302
threshold=311.97975000000002 363.64205000000004 262.89990000000006 -1.0000000180025095e-35 476.20150000000007 364.18065000000007 275.88510000000002 1.5000000000000002 270.86590000000007 3.6000000000000001 308.59115000000003 344.00740000000002 281.23140000000006 7.0021335827111182
decision_type=2 2 2 2 2 2 2 2 2 2 2 2 2 2
left_child=2 3 6 7 -3 -4 13 8 -2 -5 12 -9 -11 -1
right_child=1 4 5 9 -6 -7 -8 11 -10 10 -12 -13 -14 -15
leaf_value=-0.96797162897534172 0.79845064828341117 1.4203937464964991 -0.10564274103494019 0.5462840020809121 3.6235364186563603 1.3866437872533095 -0.53235545040767585 -1.039358815431912 2.8999565423204658 -1.1227261795977048 0.091575371058277011 0.5391810690264891 -4.1767212934246878 -1.8149562166127724
leaf_weight=1296 618 1309 1521 448 134 286 1991 188 178 364 362 909 41 699
leaf_count=1296 618 1309 1521 448 134 286 1991 188 178 364 362 909 41 699
internal_value=-5.36972e-10 0.73548 -0.577795 0.322496 1.62498 0.130546 -0.898913 0.689039 1.26839 -0.248586 -0.712865 0.268656 -1.4319 -1.26473
internal_weight=10344 4551 5793 3108 1443 1807 3986 1893 796 1215 767 1097 405 1995
internal_count=10344 4551 5793 3108 1443 1807 3986 1893 796 1215 767 1097 405 1995
is_linear=0
shrinkage=0.05


Tree=20
num_leaves=15
num_cat=0
split_feature=22 0 2 8 0 9 9 6 0 9 6 9 6 29
split_gain=1.6269e+06 812168 754353 605532 583591 384261 310409 305718 178019 175602 138311 129138 124944 124250
threshold=3.6000000000000001 12.500000000000002 4.5000000000000009 1.0000000180025095e-35 12.500000000000002 310.56370000000004 329.63600000000002 0.60555468348150676 21.500000000000004 212.83295000000001 0.43733377705052551 366.54130000000004 0.21022171450811275 0.051190476190476182
decision_type=2 2 2 2 2 2 2 2 2 2 2 2 2 2
left_child=3 5 7 6 -5 9 -1 8 13 -2 -4 -6 -11 -3
right_child=1 2 10 4 11 -7 -8 -9 -10 12 -12 -13 -14 -15
leaf_value=0.11266426755821511 -3.7405559099637546 2.1348321677873439 -0.59671260324092967 0.85175107060716704 3.1067519580072069 -0.11666721217213614 1.4230467489494925 -0.19194715908111692 -0.066372217283636889 -0.73185069513691625 -1.8833526048676246 5.3105403493432446 -1.4045770793006971 0.99851258034838575
leaf_weight=1282 65 306 649 390 305 1235 698 770 318 1222 308 85 1586 1125
leaf_count=1282 65 306 649 390 305 1235 698 770 318 1222 308 85 1586 1125
internal_value=1.4148e-09 -0.378278 0.184218 1.03944 2.21941 -0.854236 0.574607 0.638221 1.0037 -1.17129 -1.0108 3.58706 -1.11182 1.2415
internal_weight=10344 7584 3476 2760 780 4108 1980 2519 1749 2873 957 390 2808 1431
internal_count=10344 7584 3476 2760 780 4108 1980 2519 1749 2873 957 390 2808 1431
is_linear=0
shrinkage=0.05


Tree=21
num_leaves=15
num_cat=0
split_feature=22 32 2 9 9 22 8 0 8 0 9 6 9 0
split_gain=1.46853e+06 657056 664973 523278 301971 287528 286607 429265 196895 251230 168488 125809 110397 106832
threshold=4.7000000000000011 -1.9003494744388461 4.5000000000000009 329.63600000000002 321.11515000000003 21.400000000000002 1.0000000180025095e-35 12.500000000000002 1.0000000180025095e-35 12.500000000000002 224.40420000000003 0.62587949062545845 392.40175000000005 20.500000000000004
decision_type=2 2 2 2 2 2 2 2 2 2 2 2 2 2
left_child=3 2 5 6 10 13 -1 -8 -5 -10 -3 -4 -7 -2
right_child=1 4 11 8 -6 12 7 -9 9 -11 -12 -13 -14 -15
leaf_value=0.075655809070986624 0.50484962646275433 -2.9296302544828663 -0.64876146518848066 1.323170324796811 -0.018648301773121722 1.7887161738581572 0.024154179524630309 2.6989279886434474 1.4176205457037536 4.135912457748371 -0.99480553456464682 -1.9617484069609827 -0.82240929488431336 -0.38147575565822556
leaf_weight=1560 1272 117 623 740 882 506 300 300 170 170 2938 258 44 464
leaf_count=1560 1272 117 623 740 882 506 300 300 170 170 2938 258 44 464
internal_value=2.75256e-09 -0.402336 0.133805 0.882159 -0.833618 0.583582 0.432846 1.36154 1.78078 2.77677 -1.06891 -1.03327 1.57983 0.267952
internal_weight=10344 7104 3167 3240 3937 2286 2160 600 1080 340 3055 881 550 1736
internal_count=10344 7104 3167 3240 3937 2286 2160 600 1080 340 3055 881 550 1736
is_linear=0
shrinkage=0.05


Tree=22
num_leaves=15
num_cat=0
split_feature=22 32 2 8 0 9 6 9 0 9 23 9 9 22
split_gain=1.33559e+06 664377 614332 498340 473540 318435 265007 261654 152318 146357 126939 120577 110465 106931
threshold=3.6000000000000001 -0.12239984007973397 4.5000000000000009 1.0000000180025095e-35 12.500000000000002 310.56370000000004 0.60555468348150676 364.18065000000007 20.500000000000004 212.83295000000001 1.7895833333333335 288.36615 366.54130000000004 21.950000000000003
decision_type=2 2 2 2 2 2 2 2 2 2 2 2 2 2
left_child=3 2 6 7 -5 9 8 -1 13 -3 -11 -4 -6 -2
right_child=1 5 11 4 12 -7 -8 -9 -10 10 -12 -13 -14 -15
leaf_value=0.22818643125590632 0.93655486394397591 -3.4070465986545275 -1.4797550011922391 0.78026512846876039 2.7999779903107003 -0.10149481407675878 -0.196518287928654 1.6518287844588899 0.15397203037468327 -3.7689294858676634 -0.9662948405259798 -0.35720706804783453 4.8382176426578978 1.9932018732186407
leaf_weight=1574 951 65 473 390 305 1235 770 406 476 41 2769 484 85 320
leaf_count=1574 951 65 473 390 305 1235 770 406 476 41 2769 484 85 320
internal_value=1.22981e-09 -0.342742 0.166277 0.941795 2.01224 -0.772993 0.576265 0.520105 0.916874 -1.06145 -1.00719 -0.91203 3.24421 1.20259
internal_weight=10344 7584 3474 2760 780 4110 2517 1980 1747 2875 2810 957 390 1271
internal_count=10344 7584 3474 2760 780 4110 2517 1980 1747 2875 2810 957 390 1271
is_linear=0
shrinkage=0.05


Tree=23
num_leaves=15
num_cat=0
split_feature=22 32 2 9 9 0 8 22 8 0 9 22 13 6
split_gain=1.21008e+06 535342 542153 438056 261096 246477 298924 239424 162933 201555 135701 119093 111478 107563
threshold=4.7000000000000011 -1.9003494744388461 4.5000000000000009 329.63600000000002 267.17015000000004 10.500000000000002 1.0000000180025095e-35 21.400000000000002 1.0000000180025095e-35 12.500000000000002 362.4504500000001 20.300000000000004 24.78630621111316 0.62587949062545845
decision_type=2 2 2 2 2 2 2 2 2 2 2 2 2 2
left_child=3 2 7 5 11 -1 -7 -2 -5 -10 -6 -3 -8 -4
right_child=1 4 13 8 10 6 12 -9 9 -11 -12 -13 -14 -15
leaf_value=-0.19096223038103846 0.23682411968114431 -1.2880023804641314 -0.57954369601869271 1.2066975026986739 -0.59637172159947216 0.28291949734886485 3.3598825501827969 1.4339398446922953 1.3116163855615786 3.7463829102235686 0.73058006104368434 -3.7386539397331386 1.478663440548948 -1.793589112783111
leaf_weight=990 1736 1063 623 740 2614 750 105 550 170 170 208 52 315 258
leaf_count=990 1736 1063 623 740 2614 750 105 550 170 170 208 52 315 258
internal_value=8.23969e-10 -0.36522 0.118722 0.800778 -0.754511 0.389678 0.880988 0.524844 1.62298 2.529 -0.498567 -1.40229 1.94897 -0.935076
internal_weight=10344 7104 3167 3240 3937 2160 1170 2286 1080 340 2822 1115 420 881
internal_count=10344 7104 3167 3240 3937 2160 1170 2286 1080 340 2822 1115 420 881
is_linear=0
shrinkage=0.05


Tree=24
num_leaves=15
num_cat=0
split_feature=10 22 9 32 11 14 2 2 0 12 6 9 17 2
split_gain=1.10191e+06 421571 282432 268494 236863 236632 174500 161835 145007 140127 133972 123015 114072 107753
threshold=308.32895000000002 -4.1499999999999995 282.05545000000006 4.2404673850403203 398.40555000000006 198.01040000000003 1.5000000000000002 4.5000000000000009 11.500000000000002 296.48716875000008 0.17646842360078763 387.41265000000004 71.775494611918518 1.0000000180025095e-35
decision_type=2 2 2 2 2 2 2 2 2 2 2 2 2 2
left_child=3 11 5 6 -4 -3 8 -7 -1 -8 -5 -2 -10 -6
right_child=1 2 4 10 13 7 9 -9 12 -11 -12 -13 -14 -15
leaf_value=-0.46783754218622997 1.5425021290369743 -4.0966047396747083 0.43660903242979154 -0.51014076777795703 3.2878492243878257 0.16247760635502695 -0.79804057685165042 -1.5399581326150829 0.60148626631983981 0.056851716111509167 -1.2326873200252444 3.4632610050837203 3.1257718510615331 1.2780204436640783
leaf_weight=353 273 41 2910 1363 77 647 1129 178 662 833 1212 120 48 498
leaf_count=353 273 41 2910 1363 77 647 1129 178 662 833 1212 120 48 498
internal_value=1.42724e-10 0.560686 0.41903 -0.474981 0.619842 -0.389088 -0.155556 -0.204836 0.360371 -0.435082 -0.850229 2.12899 0.772142 1.54716
internal_weight=10344 4744 4351 5600 3485 866 3025 825 1063 1962 2575 393 710 575
internal_count=10344 4744 4351 5600 3485 866 3025 825 1063 1962 2575 393 710 575
is_linear=0
shrinkage=0.05


Tree=25
num_leaves=15
num_cat=0
split_feature=22 9 8 0 0 2 11 9 29 9 6 32 23 6
split_gain=1.02231e+06 522920 395777 384191 313262 338024 238722 203390 140836 133408 94677.7 91527.9 88430.6 88160
threshold=3.6000000000000001 307.67320000000001 1.0000000180025095e-35 12.500000000000002 11.500000000000002 4.5000000000000009 351.81105000000008 369.78525000000008 0.051190476190476182 212.83295000000001 0.21022171450811275 4.2404673850403203 -4.6374999999999984 0.30164402523644185
decision_type=2 2 2 2 2 2 2 2 2 2 2 2 2 2
left_child=2 4 7 -4 9 8 11 -1 -6 -2 -11 -3 -5 -12
right_child=1 6 3 12 5 -7 -8 -9 -10 10 13 -13 -14 -15
leaf_value=0.22154374003272054 -3.3127028734485311 0.36230643775387578 0.66824686551705392 5.1147154629230505 2.1556289045938426 -1.1374719965944722 1.1897172157701523 1.5813218634214365 0.0601233453309327 -0.57127628834741129 -3.3009849059085052 -0.32764884705000275 2.6330712212324148 -1.1208978841848514
leaf_weight=1650 60 987 390 40 84 696 572 330 1764 1068 48 937 350 1368
leaf_count=1650 60 987 390 40 84 696 572 330 1764 1068 48 937 350 1368
internal_value=1.10114e-09 -0.299863 0.823972 1.77792 -0.590659 -0.198329 0.292912 0.448173 0.155374 -0.982988 -0.926714 0.0262939 2.8876 -1.1948
internal_weight=10344 7584 2760 780 5088 2544 2496 1980 1848 2544 2484 1924 390 1416
internal_count=10344 7584 2760 780 5088 2544 2496 1980 1848 2544 2484 1924 390 1416
is_linear=0
shrinkage=0.05


Tree=26
num_leaves=15
num_cat=0
split_feature=9 32 2 4 22 22 19 29 25 0 12 11 14 5
split_gain=924231 615321 398994 354132 241894 190700 167646 146926 127382 120884 113824 110570 107760 83583
threshold=344.78755000000007 4.2404673850403203 4.5000000000000009 -0.37940952255126065 4.7000000000000011 -7.4999999999999991 427.00840000000005 0.051190476190476182 6.6500000000000012 18.500000000000004 279.32421875000006 375.2349000000001 269.98940000000005 -0.9159756150367534
decision_type=2 2 2 2 2 2 2 2 2 2 2 2 2 2
left_child=1 2 3 4 9 -2 -4 -6 13 -1 -3 -7 -10 -5
right_child=5 10 6 8 7 11 -8 -9 12 -11 -12 -13 -14 -15
leaf_value=2.2569867300110178 2.8211872945073995 -1.2807478392887803 -1.1736189234676668 0.42824741813152506 1.7669499589061297 0.68535178022935572 -0.17551029819985342 0.28780812416185392 -0.66756952065926312 0.82890804038009847 -0.59722539575900446 1.7063163568040374 -3.4844715115303795 -0.2888851432734979
leaf_weight=333 144 943 676 628 189 1169 1114 1503 116 267 1720 343 48 1151
leaf_count=333 144 943 676 628 189 1169 1114 1503 116 267 1720 343 48 1151
internal_value=1.61639e-09 -0.206341 0.0734073 0.337937 0.758911 1.08254 -0.55245 0.453031 -0.158652 1.62149 -0.839269 0.916959 -1.49203 -0.0357321
internal_weight=10344 8688 6025 4235 2292 1656 1790 1692 1943 600 2663 1512 164 1779
internal_count=10344 8688 6025 4235 2292 1656 1790 1692 1943 600 2663 1512 164 1779
is_linear=0
shrinkage=0.05


Tree=27
num_leaves=15
num_cat=0
split_feature=22 32 9 9 0 2 4 30 8 0 14 22 2 0
split_gain=855208 391764 313575 261033 175856 230329 154956 129099 128523 153956 120682 118644 109029 107735
threshold=4.7000000000000011 -18.635209962520467 329.63600000000002 267.17015000000004 10.500000000000002 4.5000000000000009 0.25881904510252091 7.0166666666666684 1.0000000180025095e-35 12.500000000000002 226.63060000000004 8.6000000000000032 4.5000000000000009 19.500000000000004
decision_type=2 2 2 2 2 2 2 2 2 2 2 2 2 2
left_child=2 12 4 10 -1 13 7 -5 -4 -10 -3 -9 -2 -6
right_child=1 3 8 6 5 -7 -8 11 9 -11 -12 -13 -14 -15
leaf_value=-0.16507683827943931 1.2788547758800899 -1.2638640603732452 0.99911267568671924 -0.17300770027482382 1.6281875325573816 -0.25175219198784388 -0.52353912580727435 2.213333366179437 1.1095462719307227 3.237486826396164 -0.48323961201025334 0.36744685802038024 -0.16361609893479473 0.3549959216367764
leaf_weight=990 461 1064 740 1664 540 390 2110 102 170 170 926 594 183 240
leaf_count=990 461 1064 740 1664 540 390 2110 102 170 170 926 594 183 240
internal_value=3.52516e-10 -0.307031 0.673194 -0.424266 0.325375 0.740373 -0.212199 0.0661604 1.36883 2.17352 -0.900619 0.637965 0.86896 1.23644
internal_weight=10344 7104 3240 6460 2160 1170 4470 2360 1080 340 1990 696 644 780
internal_count=10344 7104 3240 6460 2160 1170 4470 2360 1080 340 1990 696 644 780
is_linear=0
shrinkage=0.05


Tree=28
num_leaves=15
num_cat=0
split_feature=22 9 8 0 0 2 4 9 2 29 9 0 22 22
split_gain=778346 420663 304693 300263 230635 278779 192071 155208 120175 115676 113035 77643.3 86659.8 77452.4
threshold=3.6000000000000001 304.82115000000005 1.0000000180025095e-35 12.500000000000002 11.500000000000002 4.5000000000000009 0.25881904510252091 369.78525000000008 2.5000000000000004 0.051190476190476182 212.83295000000001 20.500000000000004 8.6000000000000032 -4.1499999999999995
decision_type=2 2 2 2 2 2 2 2 2 2 2 2 2 2
left_child=2 4 7 -4 10 9 8 -1 -3 -6 -2 12 -11 -5
right_child=1 6 3 13 5 -7 -8 -9 -10 11 -12 -13 -14 -15
leaf_value=0.19125626572368978 -3.0241873073577885 1.122447370409225 0.57496583241969346 4.1894687702258429 1.9486090473653306 -1.0512664165534351 -0.25917334001661013 1.3791050311110238 0.23269251812162742 0.8363318030331014 -0.82688382543287364 -0.54142247255093279 -0.046501376476341394 2.2365362773220423
leaf_weight=1650 60 644 390 60 84 684 1120 330 924 414 2388 420 846 330
leaf_count=1650 60 644 390 60 84 684 1120 330 924 414 2388 420 846 330
internal_value=4.36954e-10 -0.261648 0.718964 1.55598 -0.537567 -0.194395 0.240919 0.389231 0.598128 0.137861 -0.880739 0.0473237 0.243572 2.53699
internal_weight=10344 7584 2760 780 4896 2448 2688 1980 1568 1764 2448 1680 1260 390
internal_count=10344 7584 2760 780 4896 2448 2688 1980 1568 1764 2448 1680 1260 390
is_linear=0
shrinkage=0.05


Tree=29
num_leaves=15
num_cat=0
split_feature=9 32 2 4 22 22 19 29 9 25 17 13 0 11
split_gain=721027 472246 294708 315917 185270 154956 141112 116894 102861 101016 100964 95467.5 91563.7 86506.2
threshold=344.78755000000007 4.8984943794592262 4.5000000000000009 -0.37940952255126065 4.7000000000000011 -7.4999999999999991 427.00840000000005 0.051190476190476182 212.83295000000001 6.6500000000000012 63.106855447188671 77.468135043253696 19.500000000000004 347.08825000000007
decision_type=2 2 2 2 2 2 2 2 2 2 2 2 2 2
left_child=1 2 3 4 12 -2 -4 -6 -3 -5 -11 13 -1 -7
right_child=5 8 6 9 7 11 -8 -9 -10 10 -12 -13 -14 -15
leaf_value=1.867247872662485 2.5234129542277923 -3.133116807623042 -1.0357637061166496 -0.067167627627574694 1.5828247207261268 0.59777423348874681 -0.1353560442636654 0.2634876091824504 -0.72068690086095577 -0.64805745253885605 -3.4601036088807242 -0.96989425949545383 0.56023693135499364 1.3997729428944605
leaf_weight=402 144 45 703 1886 189 905 1142 1503 2442 133 42 72 201 535
leaf_count=402 144 45 703 1886 189 905 1142 1503 2442 133 42 72 201 535
internal_value=6.43006e-10 -0.182252 0.0512021 0.275533 0.679049 0.956161 -0.478438 0.41086 -0.764338 -0.173796 -1.32295 0.806899 1.43158 0.895739
internal_weight=10344 8688 6201 4356 2295 1656 1845 1692 2487 2061 175 1512 603 1440
internal_count=10344 8688 6201 4356 2295 1656 1845 1692 2487 2061 175 1512 603 1440
is_linear=0
shrinkage=0.05


Tree=30
num_leaves=15
num_cat=0
split_feature=7 11 9 9 4 8 14 10 25 22 6 13 22 11
split_gain=656831 337516 244616 185401 140969 209693 130895 159486 126879 117151 99379.5 97753.1 95604.5 88089.4
threshold=0.689015599449598 341.66090000000003 369.78525000000008 275.88510000000002 -0.37940952255126065 1.0000000180025095e-35 121.39710000000001 283.37195000000003 6.6500000000000012 20.300000000000004 0.44505654568748165 23.667216366151656 24.150000000000002 438.21245000000005
decision_type=2 2 2 2 2 2 2 2 2 2 2 2 2 2
left_child=1 3 4 6 5 -2 7 -1 -6 -3 -10 -7 -5 -4
right_child=2 9 13 12 8 11 -8 -9 10 -11 -12 -13 -14 -15
leaf_value=-0.85539844691753386 0.38536305616806033 0.067612997161845365 1.3733010140409903 -0.31243606170291577 0.24117320592357078 3.8173316774623736 -0.70750406937050725 -5.0047706687450413 -3.3285547293557061 1.001879400920088 -0.22019564415017767 1.5233302043203045 0.45415858952839416 3.406970973679277
leaf_weight=55 707 900 419 2865 1620 56 2235 40 45 535 60 272 474 61
leaf_count=55 707 900 419 2865 1620 56 2235 40 45 535 60 272 474 61
internal_value=1.14557e-09 -0.269075 0.589972 -0.442471 0.408794 0.870114 -0.784768 -2.6025 0.132002 0.415928 -1.55235 1.91499 -0.203611 1.63175
internal_weight=10344 7104 3240 5669 2760 1035 2330 95 1725 1435 105 328 3339 480
internal_count=10344 7104 3240 5669 2760 1035 2330 95 1725 1435 105 328 3339 480
is_linear=0
shrinkage=0.05


Tree=31
num_leaves=15
num_cat=0
split_feature=22 9 8 0 32 2 4 12 2 13 29 6 22 7
split_gain=603041 329703 249016 247824 189253 204019 146863 120847 117357 108327 89913.8 87916.1 77770 75425.4
threshold=3.6000000000000001 307.67320000000001 1.0000000180025095e-35 11.500000000000002 -1.8092956694386877 4.5000000000000009 0.25881904510252091 366.56660000000005 2.5000000000000004 114.61714181040874 0.051190476190476182 0.21022171450811275 -5.8499999999999988 0.60383265664488517
decision_type=2 2 2 2 2 2 2 2 2 2 2 2 2 2
left_child=2 4 7 -4 5 10 8 -1 -3 11 -2 -6 -5 -12
right_child=1 6 3 12 9 -7 -8 -9 -10 -11 13 -13 -14 -15
leaf_value=0.054134907434975434 1.8429906911664196 1.1209738456436438 0.29798235785550414 4.1699547462520146 -0.36417087480591831 -0.8892087627284625 -0.21342031161193376 0.87849937986460924 0.2023970408463463 -3.2842746352277157 -0.072431541503589214 -0.93273151200577709 1.9148356632089041 0.82904815644052032
leaf_weight=1306 77 574 312 42 1167 622 1040 674 882 41 1268 1629 426 284
leaf_count=1306 77 574 312 42 1167 622 1040 674 882 41 1268 1629 426 284
internal_value=2.18618e-09 -0.230306 0.63284 1.38952 -0.461209 -0.118868 0.240383 0.334752 0.564528 -0.732838 0.175271 -0.695425 2.11722 0.0925299
internal_weight=10344 7584 2760 780 5088 2251 2496 1980 1456 2837 1629 2796 468 1552
internal_count=10344 7584 2760 780 5088 2251 2496 1980 1456 2837 1629 2796 468 1552
is_linear=0
shrinkage=0.05


Tree=32
num_leaves=15
num_cat=0
split_feature=9 32 2 4 22 22 19 23 13 9 25 14 9 13
split_gain=554701 378136 238017 260214 149660 124309 112548 87311.6 85195.9 82533.6 79625.9 90576.9 77865.3 74982.5
threshold=344.78755000000007 5.1613523558657572 4.5000000000000009 -0.37940952255126065 1.4000000000000001 -7.4999999999999991 427.00840000000005 26.800000000000008 77.468135043253696 212.83295000000001 6.6500000000000012 269.98940000000005 274.91860000000003 23.667216366151656
decision_type=2 2 2 2 2 2 2 2 2 2 2 2 2 2
left_child=1 2 3 4 -1 -2 -4 12 -7 -3 -5 -12 -6 -14
right_child=5 9 6 10 7 8 -8 -9 -10 -11 11 -13 13 -15
leaf_value=1.6608921857494297 2.2423933652591788 -2.8131859638955863 -0.92029386353880338 -0.061296458633613195 -0.031004014325362667 0.78889339840666972 -0.12197629486059072 2.4411353492074546 -0.9735203292013872 -0.65161932386699606 -0.46697175458414864 -2.9684529920220375 1.5790273627266289 0.47741038088846688
leaf_weight=297 144 45 717 1934 675 1440 1149 54 72 2367 131 50 180 1089
leaf_count=297 144 45 717 1934 675 1440 1149 54 72 2367 131 50 180 1089
internal_value=1.12764e-09 -0.159855 0.0446397 0.244934 0.61364 0.838658 -0.428725 0.457967 0.704969 -0.691947 -0.15515 -1.15799 0.402879 0.633668
internal_weight=10344 8688 6276 4410 2295 1656 1866 1998 1512 2412 2115 181 1944 1269
internal_count=10344 8688 6276 4410 2295 1656 1866 1998 1512 2412 2115 181 1944 1269
is_linear=0
shrinkage=0.05


Tree=33
num_leaves=15
num_cat=0
split_feature=7 32 22 11 32 30 9 2 13 25 26 9 25 32
split_gain=513148 261039 197109 147326 125960 197784 107330 129897 103528 89502 75988.5 75384.7 74389.5 81784.6
threshold=0.689015599449598 -18.635209962520467 -3.5999999999999992 272.60830000000004 -1.0000000180025095e-35 0.57708333333333339 224.40420000000003 3.5000000000000004 23.667216366151656 -1.0000000180025095e-35 3.9875000000000003 387.41265000000004 6.6500000000000012 1.5071113614263736
decision_type=2 2 2 2 2 2 2 2 2 2 2 2 2 2
left_child=1 10 11 -3 5 -4 7 -5 -7 -10 -1 -2 -6 -14
right_child=2 3 4 6 12 8 -8 -9 9 -11 -12 -13 13 -15
leaf_value=-0.69976741173645352 1.110222583411572 -0.64533060205360515 0.37364663414212645 0.025170521038334545 0.16189212607435766 3.4895471181188316 -0.11410263759941396 -3.9797202351689336 2.2639733031334788 0.4258659527478395 0.92957323137803327 2.6018312885363901 -2.9525876123003845 -0.16873034367941925
leaf_weight=82 288 2388 989 41 1393 70 3991 40 130 135 562 120 41 74
leaf_count=82 288 2388 989 41 1393 70 3991 40 130 135 562 120 41 74
internal_value=1.06919e-09 -0.237831 0.521466 -0.333528 0.373442 0.729315 -0.150673 -1.95255 1.77933 1.32758 0.722111 1.54893 0.0609904 -1.16124
internal_weight=10344 7104 3240 6460 2832 1324 4072 81 335 265 644 408 1508 115
internal_count=10344 7104 3240 6460 2832 1324 4072 81 335 265 644 408 1508 115
is_linear=0
shrinkage=0.05


Tree=34
num_leaves=15
num_cat=0
split_feature=9 22 9 32 11 30 32 32 23 22 2 13 13 2
split_gain=473563 210327 208972 174756 151130 123010 150291 97756.3 94928.5 93819 91648.6 84254.6 77080.1 72840.3
threshold=304.82115000000005 8.6000000000000032 362.4504500000001 2.9839679074944816 467.96960000000007 0.73333333333333328 0.68571205856856443 -5.4327225132537666 27.602083333333333 21.950000000000003 1.0000000180025095e-35 74.6791525769613 59.039254785542347 4.5000000000000009
decision_type=2 2 2 2 2 2 2 2 2 2 2 2 2 2
left_child=1 5 3 10 8 -1 -7 9 -4 13 -2 -9 -12 -3
right_child=2 7 4 -5 -6 6 -8 11 -10 -11 12 -13 -14 -15
leaf_value=-0.16462785529814672 1.3778240823286012 -0.12787288597779223 1.0925073185672443 -0.33670032660553351 3.9317082510438079 1.1839852739962826 -0.3276248833333904 -0.71883363698890224 -0.41306219977326697 0.90289789512979268 0.20532832325207312 -2.9553781557914824 0.99968757806929487 -1.0347645444427862
leaf_weight=1844 235 815 821 1035 43 436 264 2033 120 165 1819 43 367 304
leaf_count=1844 235 815 821 1035 43 436 264 2033 120 165 1819 43 367 304
internal_value=1.09554e-09 -0.293382 0.390118 0.207084 1.03297 0.0495876 0.613892 -0.553059 0.900511 -0.21013 0.439556 -0.765159 0.338691 -0.374249
internal_weight=10344 5904 4440 3456 984 2544 700 3360 941 1284 2421 2076 2186 1119
internal_count=10344 5904 4440 3456 984 2544 700 3360 941 1284 2421 2076 2186 1119
is_linear=0
shrinkage=0.05


Tree=35
num_leaves=15
num_cat=0
split_feature=22 4 2 8 0 9 23 22 7 13 9 24 0 6
split_gain=436118 257720 269012 192573 167855 143374 117187 95828.6 88883.2 110273 80406.7 75680.9 75305.3 74857.8
threshold=1.4000000000000001 -0.37940952255126065 4.5000000000000009 1.0000000180025095e-35 12.500000000000002 282.05545000000006 24.122916666666665 21.400000000000002 0.52583933546504591 23.667216366151656 322.49670000000009 4.5375000000000005 4.5000000000000009 -0.065535378769913874
decision_type=2 2 2 2 2 2 2 2 2 2 2 2 2 2
left_child=3 2 7 10 -5 6 13 8 -2 11 -1 -10 -7 -3
right_child=1 5 -4 4 -6 12 -8 -9 9 -11 -12 -13 -14 -15
leaf_value=0.023952162857280999 0.053235093787063509 -0.23183573235323035 -0.56806683292303106 0.5780751260139726 2.325047015374357 0.20019122176115633 -3.2122688375578989 1.1340179882728392 0.56400192174646591 0.48184944267413549 0.75524675157028509 3.1778696758879557 -0.33121701219277461 -0.85243039332222248
leaf_weight=820 1152 750 837 275 275 1000 45 450 45 549 694 72 2000 1380
leaf_count=820 1152 750 837 275 275 1000 45 450 45 549 694 72 2000 1380
internal_value=-3.4513e-10 -0.162094 0.198031 0.650262 1.45156 -0.378169 -0.687256 0.480757 0.319059 0.778862 0.359169 2.17254 -0.154081 -0.633911
internal_weight=10344 8280 3105 2064 550 5175 2175 2268 1818 666 1514 117 3000 2130
internal_count=10344 8280 3105 2064 550 5175 2175 2268 1818 666 1514 117 3000 2130
is_linear=0
shrinkage=0.05


Tree=36
num_leaves=15
num_cat=0
split_feature=9 32 2 4 23 11 19 0 6 9 22 25 14 17
split_gain=398680 276522 179788 193511 120797 97181.4 84830.3 74078.1 73326.2 68323.5 71751.4 61780.2 82682.6 57172.5
threshold=344.78755000000007 5.1613523558657572 4.5000000000000009 -0.37940952255126065 3.0166666666666671 479.47655000000003 427.00840000000005 21.500000000000004 0.60555468348150676 267.17015000000004 20.300000000000004 6.6500000000000012 269.98940000000005 51.874815420669186
decision_type=2 2 2 2 2 2 2 2 2 2 2 2 2 2
left_child=1 2 3 4 13 7 -4 -2 -6 10 -3 -5 -13 -1
right_child=5 9 6 11 8 -7 -8 -9 -10 -11 -12 12 -14 -15
leaf_value=2.3899552994304236 0.74944617160624283 -0.86762577143061714 -0.79882276743401048 -0.048915825854931407 0.6144574978347167 2.9520927848968102 -0.10574537501836584 -0.4621195275714432 -0.0200346901280503 -0.41419140753688555 -2.9499330836263571 -0.35470923707315716 -2.74469788312912 0.94784314032427219
leaf_weight=108 1471 692 717 1934 1296 47 1149 138 702 1676 44 131 50 189
leaf_count=108 1471 692 717 1934 1296 47 1149 138 702 1676 44 131 50 189
internal_value=1.44989e-09 -0.135522 0.0393511 0.21343 0.531386 0.710997 -0.372056 0.645533 0.391528 -0.590539 -0.992112 -0.131586 -1.01493 1.47225
internal_weight=10344 8688 6276 4410 2295 1656 1866 1609 1998 2412 736 2115 181 297
internal_count=10344 8688 6276 4410 2295 1656 1866 1609 1998 2412 736 2115 181 297
is_linear=0
shrinkage=0.05


Tree=37
num_leaves=15
num_cat=0
split_feature=7 32 22 9 14 32 30 15 10 25 4 8 9 9
split_gain=368934 198062 146918 116439 127729 96415.9 140717 88883.5 149001 88261.7 70499 75580.2 65988.6 63560.8
threshold=0.689015599449598 -19.575072725847583 -3.5999999999999992 275.88510000000002 227.24735000000001 0.10600396772969187 0.57708333333333339 378.05510000000004 295.2951000000001 -4.4499999999999984 0.25881904510252091 1.0000000180025095e-35 387.41265000000004 315.1565500000001
decision_type=2 2 2 2 2 2 2 2 2 2 2 2 2 2
left_child=1 -1 12 4 7 6 -4 -3 -9 -8 11 -5 -2 -11
right_child=2 3 5 10 -6 -7 9 8 -10 13 -12 -13 -14 -15
leaf_value=0.69735722709182946 0.91875797911650603 -0.78837273849091849 0.29835904234259369 -0.11788551050472629 -0.20332118225008866 -0.012669850355570772 3.3940859680219244 -0.2148299146716188 -4.3192112803614391 0.62950858647306251 -0.33218677005178537 0.52396426783272021 2.3143149615327516 2.0448713592439893
leaf_weight=564 288 1151 1175 1409 1351 1255 48 41 48 234 1860 680 120 120
leaf_count=564 288 1151 1175 1409 1351 1255 48 41 48 234 1860 680 120 120
internal_value=-8.10541e-11 -0.201661 0.44216 -0.279191 -0.53965 0.314363 0.574621 -0.906086 -2.42843 1.3821 -0.108299 0.091046 1.32922 1.10929
internal_weight=10344 7104 3240 6540 2591 2832 1577 1240 89 402 3949 2089 408 354
internal_count=10344 7104 3240 6540 2591 2832 1577 1240 89 402 3949 2089 408 354
is_linear=0
shrinkage=0.05


Tree=38
num_leaves=15
num_cat=0
split_feature=22 4 2 8 5 0 6 22 31 9 13 12 13 6
split_gain=342475 199750 193716 160704 159571 141000 86732 77300.5 89742.9 76569.7 74307.9 70495 67630.3 61876.1
threshold=1.4000000000000001 0.25881904510252091 4.5000000000000009 1.0000000180025095e-35 0.60355339059327384 11.500000000000002 0.19337368024598436 21.950000000000003 1.0000000180025095e-35 246.84540000000001 20.991579079663328 299.52656250000001 53.351744731122317 0.3504237462291826
decision_type=2 2 2 2 2 2 2 2 2 2 2 2 2 2
left_child=3 2 4 11 7 -5 9 8 -2 -3 -7 -1 -11 -4
right_child=1 6 13 5 -6 10 -8 -9 -10 12 -12 -13 -14 -15
leaf_value=-0.59032619908844175 0.60729997027693472 -2.3693258874118328 -0.19566533897482491 0.32774086449210621 -0.19487187074377232 3.5535052695870402 -0.70855258842700708 1.178927576467395 -0.13747670801508055 -0.27827279479216505 1.6082041252211288 0.4395652144782955 0.60639675704985863 -0.91138602191339713
leaf_weight=190 1326 40 826 220 1260 60 1570 360 582 1590 270 1324 250 476
leaf_count=190 1326 40 826 220 1260 60 1570 360 582 1590 270 1324 250 476
internal_value=2.92079e-10 -0.143641 0.0639139 0.576236 0.256277 1.30823 -0.434219 0.506915 0.38012 -0.205121 1.9619 0.310319 -0.158073 -0.457327
internal_weight=10344 8280 4830 2064 3528 550 3450 2268 1908 1880 330 1514 1840 1302
internal_count=10344 8280 4830 2064 3528 550 3450 2268 1908 1880 330 1514 1840 1302
is_linear=0
shrinkage=0.05


Tree=39
num_leaves=15
num_cat=0
split_feature=9 32 9 11 2 0 22 23 10 14 11 13 23 14
split_gain=319942 248089 137932 113177 90123.3 113107 83784.8 75744.6 74573.6 68787.8 64979.4 56931.3 56483.6 54502.3
threshold=362.4504500000001 7.4819205963728601 289.46525000000003 467.96960000000007 4.5000000000000009 11.500000000000002 1.4000000000000001 27.602083333333333 372.00940000000008 224.81820000000002 425.5102500000001 12.592347737317665 27.456250000000001 276.72510000000005
decision_type=2 2 2 2 2 2 2 2 2 2 2 2 2 2
left_child=1 2 4 7 5 13 -7 -2 -9 -6 12 -8 -4 -1
right_child=3 -3 10 -5 9 6 11 8 -10 -11 -12 -13 -14 -15
leaf_value=-0.38439481282913801 0.91450738226691441 -0.58873019386205805 0.14302543384289973 3.3661170036293742 -1.2266734170963431 1.3811022642585966 1.6231556469450394 0.45101044274866581 -2.1930910050123931 -0.32049929208344796 0.95317492776301993 0.049568373975153381 1.0663540135683685 -2.1524573850081019
leaf_weight=831 821 1970 3445 43 294 144 60 80 40 728 300 1368 174 46
leaf_count=831 821 1970 3445 43 294 144 60 80 40 728 300 1368 174 46
internal_value=3.50002e-10 -0.0901614 0.0427453 0.857633 -0.186786 -0.0221999 0.231602 0.743005 -0.430357 -0.58118 0.246037 0.115685 0.187419 -0.477132
internal_weight=10344 9360 7390 984 3471 2449 1572 941 120 1022 3919 1428 3619 877
internal_count=10344 9360 7390 984 3471 2449 1572 941 120 1022 3919 1428 3619 877
is_linear=0
shrinkage=0.05


Tree=40
num_leaves=15
num_cat=0
split_feature=9 22 22 32 30 30 13 23 13 4 14 15 10 32
split_gain=293349 151031 139257 106604 101831 90578 77977.8 73422.6 70286.8 61868.5 59704.2 64592.2 86241.4 105058
threshold=304.82115000000005 8.6000000000000032 -6.3999999999999995 1.0253865595360862e-15 0.57708333333333339 9.4145833333333346 57.692165975949358 4.5416666666666679 77.831074539680671 -0.37940952255126065 230.25030000000001 378.05510000000004 294.64560000000006 -7.2687500000000016
decision_type=2 2 2 2 2 2 2 2 2 2 2 2 2 2
left_child=1 5 9 4 8 -1 -5 -6 -4 -2 11 -3 -13 -14
right_child=2 10 3 6 7 -7 -8 -9 -10 -11 -12 12 13 -15
leaf_value=-0.0095108617122988005 2.6377841465267138 -0.56679523011262067 0.34126401108339532 -0.16287428091877079 2.2069749431651937 1.3453649692810501 0.64507769384871727 0.77938433225095138 -1.7804791433736682 0.88986113965649294 -0.24018835134026936 -0.22647364468934639 -1.0224618554961953 -4.5629915169626472
leaf_weight=2414 81 1536 1614 1663 114 130 364 429 40 135 1680 60 44 40
leaf_count=2414 81 1536 1614 1663 114 130 364 429 40 135 1680 60 44 40
internal_value=1.20381e-09 -0.230907 0.307043 0.243722 0.484994 0.0597241 -0.0177857 1.0791 0.289952 1.54533 -0.450955 -0.661723 -1.67428 -2.70843
internal_weight=10344 5904 4440 4224 2197 2544 2027 543 1654 216 3360 1680 144 84
internal_count=10344 5904 4440 4224 2197 2544 2027 543 1654 216 3360 1680 144 84
is_linear=0
shrinkage=0.05


Tree=41
num_leaves=15
num_cat=0
split_feature=22 6 11 4 2 6 22 24 9 16 32 23 16 14
split_gain=272393 156019 130202 125056 99251.9 84529 83566.6 70809.6 73742.5 69625.4 58936.5 58079.4 62551.2 56847.6
threshold=4.7000000000000011 0.63920241694561786 445.16465000000005 0.25881904510252091 4.5000000000000009 -0.159513159777915 -4.1499999999999995 1.8282738095238096 288.81795000000005 328.75401220238098 -19.575072725847583 -1.4937499999999997 324.96435297619053 366.15630000000004
decision_type=2 2 2 2 2 2 2 2 2 2 2 2 2 2
left_child=2 3 6 4 10 -4 13 -8 9 -9 -2 -10 -13 -1
right_child=1 -3 5 -5 -6 -7 7 8 11 -11 -12 12 -14 -15
leaf_value=0.69266481415283898 0.9210233005025803 -0.53645719750316001 3.52521669272156 -0.31749733355869969 -0.27000167780073497 1.0640528819948725 -0.24279147221697614 0.061013806092998259 -0.91818201916833075 -1.8994433656030774 0.24464215590677588 0.29306560220474903 1.0278788874150835 2.2928329187812229
leaf_weight=349 398 2088 42 2090 840 206 709 598 62 49 1688 592 567 66
leaf_count=349 398 2088 42 2090 840 206 709 598 62 49 1688 592 567 66
internal_value=1.28251e-09 -0.173278 0.379929 -0.0220988 0.1889 1.48086 0.288675 0.182635 0.344105 -0.0874598 0.373693 0.572789 0.652547 0.947149
internal_weight=10344 7104 3240 5016 2926 248 2992 2577 1868 647 2086 1221 1159 415
internal_count=10344 7104 3240 5016 2926 248 2992 2577 1868 647 2086 1221 1159 415
is_linear=0
shrinkage=0.05


Tree=42
num_leaves=15
num_cat=0
split_feature=9 32 2 4 11 23 23 19 14 0 0 23 13 25
split_gain=253611 199588 114529 180816 94987.4 81354.5 78835.7 71627.2 68169.2 66462.9 58573.7 56173.6 49884.5 49615.2
threshold=362.4504500000001 7.4819205963728601 4.5000000000000009 -0.37940952255126065 467.96960000000007 3.0166666666666671 26.800000000000008 427.00840000000005 311.60485000000006 21.500000000000004 20.500000000000004 27.054166666666671 13.124641543380386 6.6500000000000012
decision_type=2 2 2 2 2 2 2 2 2 2 2 2 2 2
left_child=1 2 3 5 9 8 10 -4 -1 11 12 -2 -7 -5
right_child=4 -3 7 13 -6 6 -8 -9 -10 -11 -12 -13 -14 -15
leaf_value=1.4587651231417471 0.97736361645954717 -0.52745910224826242 -0.64868088754253472 -0.053472943302344159 3.0616568576457892 2.1395801612309047 1.8867249931450243 -0.050517557322232058 -0.46812897368713663 -0.70149035294790096 -0.20463443794308256 -0.076726890132798778 0.39317487905881987 -0.85684221733737598
leaf_weight=306 705 1970 783 2528 43 42 81 1387 54 82 454 154 1547 208
leaf_count=306 705 1970 783 2528 43 42 81 1387 54 82 454 154 1547 208
internal_value=1.54853e-10 -0.0802729 0.0389364 0.165848 0.763572 0.474689 0.356885 -0.266353 1.16973 0.658558 0.296231 0.788388 0.439335 -0.114548
internal_weight=10344 9360 7390 5220 984 2484 2124 2170 360 941 2043 859 1589 2736
internal_count=10344 9360 7390 5220 984 2484 2124 2170 360 941 2043 859 1589 2736
is_linear=0
shrinkage=0.05


Tree=43
num_leaves=15
num_cat=0
split_feature=7 22 7 25 11 32 9 6 28 9 29 14 11 8
split_gain=231921 143967 102684 96628.7 118150 91706.1 124112 77297.5 77183 73217.3 79838.6 69997.7 64022.2 63425
threshold=0.689015599449598 20.300000000000004 -0.18493013702746822 6.6500000000000012 434.02505000000002 -14.032270681310182 262.59275000000008 -0.159513159777915 1.0000000180025095e-35 377.60620000000006 15.061011904761905 232.19045000000003 361.05020000000007 1.0000000180025095e-35
decision_type=2 2 2 2 2 2 2 2 2 2 2 2 2 2
left_child=1 2 -1 4 9 -3 -7 -6 -5 10 12 -12 -2 -4
right_child=3 5 13 8 7 6 -8 -9 -10 -11 11 -13 -14 -15
leaf_value=-0.5836357747397104 0.35986089830118501 0.71558381236632473 -0.2675397044302954 -0.16590199397899033 3.0603541890095021 -2.4944517620364017 0.06754277146768882 0.98122422926127906 -2.4393359588381527 1.1049876443589663 1.5045862848856557 -0.1610476763503057 1.3249573420475027 0.22606614854029866
leaf_weight=1968 1151 603 2224 168 58 49 1340 195 48 274 67 1077 202 920
leaf_count=1968 1151 603 2224 168 58 49 1340 195 48 274 67 1077 202 920
internal_value=-2.41045e-10 -0.159888 -0.300396 0.35057 0.423547 0.200691 -0.0228372 1.45786 -0.67111 0.329111 0.243973 -0.0634974 0.503948 -0.1231
internal_weight=10344 7104 5112 3240 3024 1992 1389 253 216 2771 2497 1144 1353 3144
internal_count=10344 7104 5112 3240 3024 1992 1389 253 216 2771 2497 1144 1353 3144
is_linear=0
shrinkage=0.05


Tree=44
num_leaves=15
num_cat=0
split_feature=9 32 11 22 22 2 4 23 24 7 13 4 9 9
split_gain=214385 144673 79404.2 80287 78027.8 69739.2 106731 78339.1 77925.8 71230.5 64067.5 53083.4 48447.8 95609.6
threshold=329.63600000000002 7.8614623345203354 492.81720000000001 24.700000000000003 -6.3999999999999995 4.5000000000000009 -0.37940952255126065 3.2645833333333338 2.4723214285714286 0.38043945030393422 54.991078278162668 -0.37940952255126065 437.66935000000007 424.42965000000004
decision_type=2 2 2 2 2 2 2 2 2 2 2 2 2 2
left_child=1 2 3 5 11 6 7 10 -9 -7 -1 -2 13 -6
right_child=4 -3 -4 -5 12 9 -8 8 -10 -11 -12 -13 -14 -15
leaf_value=1.7511017781524165 2.3348569035990003 -0.54967379585368614 1.6219714343956071 1.3344321388041689 0.3418398334459396 -0.63836197585768562 -0.17922353744669048 -1.3889283084889523 0.26900036878999284 -0.01510131575453645 0.093297219325018971 0.71578250240206864 1.8969840702911218 -1.915475379054745
leaf_weight=159 81 1598 73 105 2064 893 2354 74 1678 942 92 135 48 48
leaf_count=159 81 1598 73 105 2064 893 2354 74 1678 942 92 135 48 48
internal_value=3.68625e-10 -0.1243 -0.0175895 -0.0365966 0.416845 -0.0598457 0.0490517 0.317329 0.198974 -0.31841 1.14346 1.32294 0.326236 0.290537
internal_weight=10344 7968 6370 6297 2376 6192 4357 2003 1752 1835 251 216 2160 2112
internal_count=10344 7968 6370 6297 2376 6192 4357 2003 1752 1835 251 216 2160 2112
is_linear=0
shrinkage=0.05


Tree=45
num_leaves=15
num_cat=0
split_feature=22 6 8 0 15 13 6 23 10 7 13 4 17 23
split_gain=199788 157766 123880 120991 82278.3 184401 73861.4 62103.1 65186.6 52965.4 60306.1 45109 42407.1 40437.3
threshold=3.6000000000000001 -0.065535378769913874 1.0000000180025095e-35 11.500000000000002 443.18080000000003 77.831074539680671 -0.46801505794253101 1.7208333333333334 261.52740000000006 0.98899263613956456 26.131440871462281 -0.98296291314453399 48.344205346740956 8.3229166666666696
decision_type=2 2 2 2 2 2 2 2 2 2 2 2 2 2
left_child=2 4 11 -4 5 6 13 -3 -9 10 -5 -1 -8 -2
right_child=1 7 3 9 -6 -7 12 8 -10 -11 -12 -13 -14 -15
leaf_value=1.1150869370478651 0.83568779099111756 -2.1409173129747314 0.13527685742681991 2.7435116340219974 0.68036697947518965 -3.0694887546822431 1.4093109458188218 -0.60620830524100455 -0.17788274214789834 -0.066392820328474045 1.2804685295639953 0.094744170746958289 0.34681753647411018 -0.1046038296911635
leaf_weight=115 120 48 312 90 528 48 120 1384 2480 54 324 1865 432 2424
leaf_count=115 120 48 312 90 528 48 120 1384 2480 54 324 1865 432 2424
internal_value=1.35358e-09 -0.132561 0.364254 0.89796 0.102822 0.00583011 0.0535095 -0.353503 -0.3313 1.40642 1.59852 0.154007 0.577794 -0.0602505
internal_weight=10344 7584 2760 780 3672 3144 3096 3912 3864 468 414 1980 552 2544
internal_count=10344 7584 2760 780 3672 3144 3096 3912 3864 468 414 1980 552 2544
is_linear=0
shrinkage=0.05


Tree=46
num_leaves=15
num_cat=0
split_feature=9 32 2 4 11 0 32 17 24 0 0 14 0 9
split_gain=188835 150444 89226.5 142570 75573.9 67655.7 65402.8 60947.9 69455.8 59360.4 58713.3 50014.1 45284.1 45026.7
threshold=362.4504500000001 7.4819205963728601 4.5000000000000009 -0.37940952255126065 467.96960000000007 20.500000000000004 -2.9494587014808142 69.44395178227667 1.8282738095238096 21.500000000000004 11.500000000000002 311.60485000000006 4.5000000000000009 305.96235000000007
decision_type=2 2 2 2 2 2 2 2 2 2 2 2 2 2
left_child=1 2 3 5 9 6 7 8 -1 -2 -4 -8 -3 -10
right_child=4 12 10 -5 -6 -7 11 -9 13 -11 -12 -13 -14 -15
leaf_value=-1.4565097067578168 0.68790839290521755 -0.095276536478350562 0.10444285353771098 -0.10273246292958556 2.7087163218232089 -0.067690589990250877 1.4630917334161353 1.7733777355402709 0.23421971052664406 -0.72011469508735637 -0.43437005454730193 -0.25413222312927247 -0.61615948850414748 0.8311835192707987
leaf_weight=51 859 600 802 2736 43 552 279 80 1013 82 1368 50 1370 459
leaf_count=51 859 600 802 2736 43 552 279 80 1013 82 1368 50 1370 459
internal_value=3.14162e-10 -0.069267 0.0342308 0.146249 0.658881 0.42049 0.55997 0.428176 0.357515 0.565211 -0.235233 1.20212 -0.457515 0.420365
internal_weight=10344 9360 7390 5220 984 2484 1932 1603 1523 941 2170 329 1970 1472
internal_count=10344 9360 7390 5220 984 2484 1932 1603 1523 941 2170 329 1970 1472
is_linear=0
shrinkage=0.05


Tree=47
num_leaves=15
num_cat=0
split_feature=9 22 22 8 0 14 9 14 23 32 24 14 0 8
split_gain=174804 109124 88353 88238.4 101420 85055.3 76040 73710.2 87066.5 54787.6 49654.9 56869.3 47997.8 69731.1
threshold=288.69085000000007 4.7000000000000011 21.950000000000003 1.0000000180025095e-35 12.500000000000002 227.24735000000001 399.25805000000008 276.72510000000005 1.2583333333333335 -18.635209962520467 -0.43065476190476176 274.94440000000003 11.500000000000002 1.0000000180025095e-35
decision_type=2 2 2 2 2 2 2 2 2 2 2 2 2 2
left_child=5 3 -3 -2 -5 -1 9 12 -9 -4 -6 -12 -7 -14
right_child=1 2 6 4 10 7 -8 8 -10 -11 11 -13 13 -15
leaf_value=-0.54365420120388819 0.24002521017632455 -0.19493688123087244 0.95579046162071624 0.30668613203551987 0.44794082557453829 -0.23610460212122653 -1.6384194055572152 -2.9422647988966979 -0.19310904977222285 0.20492343498742091 1.0223552396024267 2.4826972416639332 -0.079714971768611059 0.66828094938231519
leaf_weight=1512 1690 2208 321 355 85 1368 48 48 72 999 120 150 888 480
leaf_count=1512 1690 2208 321 355 85 1368 48 48 72 999 120 150 888 480
internal_value=2.58576e-10 0.175726 0.000688614 0.436533 0.904276 -0.240417 0.316435 -0.0798794 -1.29277 0.387521 1.50187 1.83366 -0.0266824 0.18274
internal_weight=10344 5976 3576 2400 710 4368 1368 2856 120 1320 355 270 2736 1368
internal_count=10344 5976 3576 2400 710 4368 1368 2856 120 1320 355 270 2736 1368
is_linear=0
shrinkage=0.05


Tree=48
num_leaves=15
num_cat=0
split_feature=7 22 25 2 9 10 7 32 9 16 4 7 11 0
split_gain=161316 106031 80971.9 82996.8 85951.1 82892.8 78629.3 69234 103015 66317.6 78860.3 61985.1 48024.2 46764.3
threshold=0.689015599449598 20.300000000000004 -0.50000000000000011 1.0000000180025095e-35 437.66935000000007 372.00940000000008 -0.18493013702746822 -14.032270681310182 262.59275000000008 344.40339345238101 -0.37940952255126065 0.99681593486783593 445.16465000000005 4.5000000000000009
decision_type=2 2 2 2 2 2 2 2 2 2 2 2 2 2
left_child=1 6 5 9 -5 11 -1 -3 -9 10 -4 12 -2 -10
right_child=2 7 3 4 -6 -7 -8 8 13 -11 -12 -13 -14 -15
leaf_value=-0.50178398320170281 0.38761659953374189 0.62348066329844853 3.4072938352160982 -0.16629178642589959 1.6046302399080661 1.1747697957802972 -0.098785158267935491 -2.2698869215286508 0.51702346525620679 0.090243821690479925 0.75968968721230823 -0.7954884181875701 2.1149784093811399 -0.12846105130468596
leaf_weight=1968 959 603 45 1416 72 402 3144 49 400 120 75 109 42 940
leaf_count=1968 959 603 45 1416 72 402 3144 49 400 120 75 109 42 940
internal_value=9.71163e-10 -0.133348 0.292377 0.0585639 -0.080602 0.559592 -0.25393 0.1761 -0.0181198 0.921393 1.75254 0.336797 0.460093 0.0642209
internal_weight=10344 7104 3240 1728 1488 1512 5112 1992 1389 240 120 1110 1001 1340
internal_count=10344 7104 3240 1728 1488 1512 5112 1992 1389 240 120 1110 1001 1340
is_linear=0
shrinkage=0.05


Tree=49
num_leaves=15
num_cat=0
split_feature=9 32 2 4 11 0 0 0 0 22 13 23 25 23
split_gain=150344 124293 88406 101124 62979.9 57109.2 55394.6 54543.7 52507.8 52260.4 62724.5 55858.6 45073.4 40749.8
threshold=362.4504500000001 5.1613523558657572 4.5000000000000009 -0.37940952255126065 467.96960000000007 20.500000000000004 11.500000000000002 4.5000000000000009 21.500000000000004 6.9500000000000011 24.78630621111316 27.456250000000001 -0.50000000000000011 27.054166666666671
decision_type=2 2 2 2 2 2 2 2 2 2 2 2 2 2
left_child=1 2 3 5 8 9 -4 -3 13 10 -1 -11 -12 -2
right_child=4 7 6 -5 -6 -7 -8 -9 -10 11 12 -13 -14 -15
leaf_value=1.7750311515363706 0.77875131853446633 -0.031891474458203596 0.15448395801442011 -0.071890549697060935 2.4591684525962485 -0.060206182049992299 -0.40789825705891714 -0.52109535448398681 -0.70646316869320669 0.24103426353820476 1.0192385851647261 1.8580041613961971 0.12884679245097297 -0.11903762756423518
leaf_weight=147 705 854 644 2298 43 552 1368 1712 82 1155 315 56 259 154
leaf_count=147 705 854 644 2298 43 552 1368 1712 82 1155 315 56 259 154
internal_value=3.56156e-11 -0.0618058 0.050169 0.167161 0.587909 0.388313 -0.227891 -0.358282 0.502399 0.516462 0.853483 0.315807 0.617476 0.617797
internal_weight=10344 9360 6794 4782 984 2484 2012 2566 941 1932 721 1211 574 859
internal_count=10344 9360 6794 4782 984 2484 2012 2566 941 1932 721 1211 574 859
is_linear=0
shrinkage=0.05


Tree=50
num_leaves=15
num_cat=0
split_feature=9 14 11 14 13 32 2 11 4 15 32 6 22 6
split_gain=143498 125484 91842.6 78100.5 68561.2 57044.3 51959.8 50962.7 48550.3 80808.2 47636.8 56509.9 46036.1 65652.4
threshold=282.05545000000006 279.90080000000006 492.81720000000001 227.24735000000001 50.415775823312437 8.272483820085343 1.0000000180025095e-35 398.40555000000006 -0.60355339059327362 349.83750000000003 19.193288011372626 0.51297097409535064 27.250000000000004 -0.29343379936893921
decision_type=2 2 2 2 2 2 2 2 2 2 2 2 2 2
left_child=1 3 4 10 5 6 8 12 9 -2 11 -1 13 -6
right_child=2 -3 -4 -5 7 -7 -8 -9 -10 -11 -12 -13 -14 -15
leaf_value=0.28934048556158704 0.34356535423909668 -2.7850477575014039 1.7943405278879834 -0.036543875349899835 0.82630897496345934 -0.33073888852802247 0.020697646712163689 1.0089694217701717 0.21543366748602796 2.4439066444898581 -2.1880971669423874 -0.5980176973408694 -1.0952811098098756 0.12153262174082574
leaf_weight=213 113 48 83 2352 455 955 2957 266 379 77 41 1138 60 1207
leaf_count=213 113 48 83 2352 455 955 2957 266 379 77 41 1138 60 1207
internal_value=-6.08554e-10 -0.244794 0.141676 -0.212227 0.120471 0.012051 0.104894 0.364854 0.542448 1.19476 -0.509071 -0.458116 0.265356 0.314477
internal_weight=10344 3792 6552 3744 6469 4481 3526 1988 569 190 1392 1351 1722 1662
internal_count=10344 3792 6552 3744 6469 4481 3526 1988 569 190 1392 1351 1722 1662
is_linear=0
shrinkage=0.05


Tree=51
num_leaves=15
num_cat=0
split_feature=22 32 30 22 6 26 9 5 9 13 13 5 14 15
split_gain=130713 110706 139530 79507.1 64576.4 58073.2 79186.3 59858.5 51814.1 51637.5 45940.1 38565.1 37478.6 36776.9
threshold=-0.84999999999999998 1.0253865595360862e-15 1.01875 1.4000000000000001 0.19337368024598436 3.9875000000000003 392.40175000000005 -0.12940952255126037 246.84540000000001 78.009786898730354 51.405133082057226 0.25881904510252057 366.15630000000004 490.3227500000001
decision_type=2 2 2 2 2 2 2 2 2 2 2 2 2 2
left_child=9 2 5 -4 8 -2 7 -7 -3 11 -10 12 13 -1
right_child=1 4 3 -5 -6 6 -8 -9 10 -11 -12 -13 -14 -15
leaf_value=0.83354256003788052 -0.1958444284780608 -1.6849293299019337 1.9116287420193356 0.42091443437556847 -0.43980048808827177 -0.5914664950794899 -1.8875396998226641 0.57965171494588408 -0.11504302632312979 1.6075564117636532 0.53551901498661625 0.043966458763720268 1.8846846783267601 0.0026346329067434586
leaf_weight=364 2447 48 96 1310 2144 130 40 679 1959 96 315 450 56 210
leaf_count=364 2447 48 96 1310 2144 130 40 679 1959 96 315 450 56 210
internal_value=9.1413e-10 -0.0636579 0.105673 0.522699 -0.241937 -0.0722209 0.284089 0.391462 -0.0592409 0.496272 -0.0249256 0.397491 0.650008 0.529552
internal_weight=10344 9168 4702 1406 4466 3296 849 809 2322 1176 2274 1080 630 574
internal_count=10344 9168 4702 1406 4466 3296 849 809 2322 1176 2274 1080 630 574
is_linear=0
shrinkage=0.05


Tree=52
num_leaves=15
num_cat=0
split_feature=7 22 25 12 2 9 11 7 16 4 9 32 9 9
split_gain=122264 85207.4 66953.5 72367.4 69675.1 69276 66655.2 64644 60715 64428.8 54356 77503.4 86489.6 49361.9
threshold=0.689015599449598 20.300000000000004 -0.50000000000000011 296.75368958333337 1.0000000180025095e-35 437.66935000000007 445.16465000000005 -0.18493013702746822 344.40339345238101 -0.37940952255126065 399.25805000000008 -13.25473203793003 262.59275000000008 381.54325000000006
decision_type=2 2 2 2 2 2 2 2 2 2 2 2 2 2
left_child=1 7 3 -2 8 -6 13 -1 9 -4 11 -3 -13 -5
right_child=2 10 4 6 5 -7 -8 -9 -10 -11 -12 12 -14 -15
leaf_value=-0.44891893754552809 -0.5686478527055846 0.67089932465916613 3.1234467658731675 0.43410499375376022 -0.16251203161315719 1.4273707438674239 1.9572841791219489 -0.083512922836101497 0.03721665139620503 0.73033045369386684 -1.5008634443084399 -2.0721672899869024 0.068068612786615482 1.6484736989438535
leaf_weight=1968 144 607 45 1192 1416 72 86 3144 120 75 48 49 1288 90
leaf_count=1968 144 607 45 1192 1416 72 86 3144 120 75 48 49 1288 90
internal_value=-1.52531e-11 -0.11609 0.254539 0.497524 0.0419268 -0.0855822 0.609753 -0.224186 0.832483 1.62775 0.161311 0.202352 -0.0103694 0.519357
internal_weight=10344 7104 3240 1512 1728 1488 1368 5112 240 120 1992 1944 1337 1282
internal_count=10344 7104 3240 1512 1728 1488 1368 5112 240 120 1992 1944 1337 1282
is_linear=0
shrinkage=0.05


Tree=53
num_leaves=15
num_cat=0
split_feature=9 14 11 22 13 8 10 18 11 0 14 23 0 6
split_gain=113130 112656 76180.5 68926.6 57213.9 49204.2 46451.9 52297.2 47135.5 46178.2 45880.9 43333.1 42144.6 40309
threshold=282.05545000000006 279.90080000000006 492.81720000000001 8.6000000000000032 49.739893463231816 1.0000000180025095e-35 287.73255000000006 258.28425000000004 285.19935000000004 11.500000000000002 353.25150000000008 24.650000000000002 20.500000000000004 0.71503381463111937
decision_type=2 2 2 2 2 2 2 2 2 2 2 2 2 2
left_child=1 3 4 5 6 -1 -2 8 -8 -7 -10 13 -6 -5
right_child=2 -3 -4 11 12 9 7 -9 10 -11 -12 -13 -14 -15
leaf_value=-0.10273325327552379 -0.27063453859570896 -2.6242618714769681 1.6309608237481261 -0.13153781629916675 0.41016399046026164 -0.10803176284423986 -0.14446294286059405 -0.29423018530342998 0.28972852571227253 0.96215185647080137 1.7553235677697441 -1.8491368338465692 -0.2697260274555377 -0.56242470699214631
leaf_weight=1092 1136 48 83 1176 1799 168 714 668 1836 252 55 48 261 1008
leaf_count=1092 1136 48 83 1176 1799 168 714 668 1836 252 55 48 261 1008
internal_value=7.03103e-10 -0.217354 0.125795 -0.186497 0.106483 0.0741589 0.00484265 0.100456 0.201665 0.534078 0.332356 -0.36307 0.324023 -0.330409
internal_weight=10344 3792 6552 3744 6469 1512 4409 3273 2605 420 1891 2232 2060 2184
internal_count=10344 3792 6552 3744 6469 1512 4409 3273 2605 420 1891 2232 2060 2184
is_linear=0
shrinkage=0.05


Tree=54
num_leaves=15
num_cat=0
split_feature=9 32 2 4 0 0 0 13 11 23 7 9 0 31
split_gain=106434 90444.7 58014.6 95516.4 51005.8 47923.1 44771.6 41874.8 41303.7 40418.4 39481.6 35142.3 34731 34657.3
threshold=362.4504500000001 7.8614623345203354 4.5000000000000009 -0.37940952255126065 21.500000000000004 11.500000000000002 20.500000000000004 22.345356179534388 467.96960000000007 27.456250000000001 0.16587474750015932 224.40420000000003 4.5000000000000009 0.087499999999999994
decision_type=2 2 2 2 2 2 2 2 2 2 2 2 2 2
left_child=1 2 3 6 8 -4 7 10 -2 13 -1 -3 -13 -9
right_child=4 11 5 -5 -6 -7 -8 9 -10 -11 -12 12 -14 -15
leaf_value=0.35675426252186299 0.52749803180993904 -1.5408462620355556 0.11144617132037807 -0.084698604666648011 -0.69926961285130285 -0.37123002646746572 -0.05539561288593256 0.43688731559296123 2.1154476668945579 1.6722669502986329 1.4832759668571609 0.010302763349826282 -0.46365321972779133 -0.11608913331242499
leaf_weight=140 859 61 824 2786 82 1368 552 1189 43 56 175 553 1284 372
leaf_count=140 859 61 824 2786 82 1368 552 1189 43 56 175 553 1284 372
internal_value=1.5748e-10 -0.0520027 0.0263843 0.116298 0.49466 -0.189786 0.341732 0.455197 0.603199 0.352456 0.9826 -0.360182 -0.320976 0.305108
internal_weight=10344 9360 7462 5270 984 2192 2484 1932 902 1617 315 1898 1837 1561
internal_count=10344 9360 7462 5270 984 2192 2484 1932 902 1617 315 1898 1837 1561
is_linear=0
shrinkage=0.05


Tree=55
num_leaves=15
num_cat=0
split_feature=22 6 8 0 17 6 15 13 13 6 4 2 23 12
split_gain=98986.8 86627.9 66170.3 62078.9 53231.1 50213.3 56992 135935 43662.1 39200 45676 62115.1 43917.1 39022.3
threshold=1.4000000000000001 -0.074117382312902977 1.0000000180025095e-35 11.500000000000002 55.682972341248302 -0.46801505794253101 443.18080000000003 77.831074539680671 59.039254785542347 -0.01397611846945947 -0.37940952255126065 4.5000000000000009 1.2583333333333335 299.52656250000001
decision_type=2 2 2 2 2 2 2 2 2 2 2 2 2 2
left_child=2 5 13 -4 8 6 7 -2 -5 -3 11 -11 -12 -1
right_child=1 9 3 4 -6 -7 -8 -9 -10 10 12 -13 -14 -15
leaf_value=-0.53092488238686009 -0.028126239318305376 -1.0399026111596161 0.1289151000671766 2.6121915600862771 0.69472751747628658 0.4376586393337874 0.61461992671801935 -2.7130216933786873 0.65981673825354814 0.19101188621976248 -1.6652420433362327 -0.52533824239800009 -0.29705110972624998 0.23532192469349422
leaf_weight=190 2640 144 220 90 198 840 336 48 42 1197 60 405 2610 1324
leaf_count=190 2640 144 220 90 198 840 336 48 42 1197 60 405 2610 1324
internal_value=-1.44382e-10 -0.0772243 0.309795 0.779503 1.21323 0.0956696 0.000672613 -0.0760708 1.99098 -0.228506 -0.201156 0.00991213 -0.327797 0.139161
internal_weight=10344 8280 2064 550 330 3864 3024 2688 132 4416 4272 1602 2670 1514
internal_count=10344 8280 2064 550 330 3864 3024 2688 132 4416 4272 1602 2670 1514
is_linear=0
shrinkage=0.05


Tree=56
num_leaves=15
num_cat=0
split_feature=9 14 11 22 13 13 32 2 8 4 9 0 11 14
split_gain=92737.3 100771 61083.8 58402.2 47288.6 42054.1 39382.9 40212.3 39023.6 37382.8 68597.5 36337.2 35983.7 36816.1
threshold=282.05545000000006 279.90080000000006 492.81720000000001 8.6000000000000032 49.739893463231816 13.661018838500643 8.272483820085343 1.0000000180025095e-35 1.0000000180025095e-35 -0.60355339059327362 317.53975000000008 20.500000000000004 398.40555000000006 302.76315000000005
decision_type=2 2 2 2 2 2 2 2 2 2 2 2 2 2
left_child=1 3 4 5 6 -1 7 9 -7 10 -2 12 -6 -14
right_child=2 -3 -4 -5 11 8 -8 -9 -10 -11 -12 -13 13 -15
leaf_value=0.97043029266409586 0.43953885395518122 -2.4732026448473334 1.4616941160286767 -0.33014094440580899 0.28369083974346171 -0.17320531542082468 -0.28522587705660485 0.0062331708817989669 0.41181024714629166 0.17885058016656336 2.5459090618071736 -0.25695089381901809 0.51770031491572832 1.8136437656730415
leaf_weight=120 136 48 83 2232 1545 992 928 2912 400 379 54 261 174 80
leaf_count=120 136 48 83 2232 1545 992 928 2912 400 379 54 261 174 80
internal_value=1.03311e-10 -0.196791 0.113894 -0.167606 0.096601 0.0723254 0.00419644 0.0813536 -0.0050974 0.465801 1.03819 0.294374 0.37436 0.925871
internal_weight=10344 3792 6552 3744 6469 1512 4409 3481 1392 569 190 2060 1799 254
internal_count=10344 3792 6552 3744 6469 1512 4409 3481 1392 569 190 2060 1799 254
is_linear=0
shrinkage=0.05


Tree=57
num_leaves=15
num_cat=0
split_feature=22 32 30 22 0 26 9 5 6 13 7 7 9 23
split_gain=85964.6 79515.9 103595 57167.4 51600 44609.7 68638.2 51161.9 42608 40721.3 36660.4 33697.7 33609.7 32660.6
threshold=-0.84999999999999998 1.0253865595360862e-15 1.01875 1.4000000000000001 4.5000000000000009 3.9875000000000003 392.40175000000005 -0.12940952255126037 0.19337368024598436 78.009786898730354 0.95436825032516992 -0.25206183926700709 281.06265000000002 12.189583333333333
decision_type=2 2 2 2 2 2 2 2 2 2 2 2 2 2
left_child=9 2 5 -4 12 -2 7 -7 13 -1 11 -10 -3 -6
right_child=1 4 3 -5 8 6 -8 -9 10 -11 -12 -13 -14 -15
leaf_value=0.314736243074208 -0.16974927564058459 -0.25478018811796188 1.6289642349506419 0.36491077173458603 0.18179373306175872 -0.55787050762428692 -1.7709364515170458 0.52483702264534138 -0.78010239753872157 1.389312010879318 -1.6691580864064623 -0.26955891804790361 0.23214476611339926 -0.30416769941029997
leaf_weight=1080 2447 588 96 1310 522 130 40 679 520 96 66 854 892 1024
leaf_count=1080 2447 588 96 1310 522 130 40 679 520 96 66 854 892 1024
internal_value=-1.24712e-10 -0.051624 0.0918845 0.451219 -0.202716 -0.0613995 0.250888 0.350854 -0.322369 0.402457 -0.51807 -0.462778 0.0386908 -0.140085
internal_weight=10344 9168 4702 1406 4466 3296 849 809 2986 1176 1440 1374 1480 1546
internal_count=10344 9168 4702 1406 4466 3296 849 809 2986 1176 1440 1374 1480 1546
is_linear=0
shrinkage=0.05


Tree=58
num_leaves=15
num_cat=0
split_feature=9 32 6 6 6 0 16 22 9 14 13 11 11 18
split_gain=82656.1 67468 49138 63517 55468.4 44019.7 43648 40237.8 36873 86698.1 39873.8 33055.6 31309.6 29982.5
threshold=362.4504500000001 7.8614623345203354 -0.074117382312902977 -0.022576249993022688 -0.72696319516528884 21.500000000000004 302.40958869047626 -4.1499999999999995 282.05545000000006 279.90080000000006 27.236258456609526 467.96960000000007 431.25270000000006 269.64635000000004
decision_type=2 2 2 2 2 2 2 2 2 2 2 2 2 2
left_child=1 2 4 -4 -1 11 -6 -5 9 -9 -10 -2 -8 -12
right_child=5 -3 3 7 6 -7 12 8 10 -11 13 -13 -14 -15
leaf_value=-0.04265590775129046 0.46902737757700641 -0.31199793685998012 -1.2623418621888216 0.85696220349210006 1.2549015316504823 -0.67323837402935438 0.24726059670809852 -0.17970380542489392 0.43218541636643848 -2.3307143311947587 -0.0050199776044414423 1.8896060109138491 1.1911942196911889 -0.91535766578034361
leaf_weight=1303 859 1898 110 120 138 82 1167 1947 551 48 1888 43 95 95
leaf_count=1303 859 1898 110 120 138 82 1167 1947 551 48 1888 43 95 95
internal_value=6.52011e-10 -0.0458271 0.0218748 -0.0748229 0.192124 0.435917 0.410638 -0.046725 -0.0706691 -0.231457 0.0559185 0.536749 0.318317 -0.0486317
internal_weight=10344 9360 7462 4759 2703 984 1400 4649 4529 1995 2534 902 1262 1983
internal_count=10344 9360 7462 4759 2703 984 1400 4649 4529 1995 2534 902 1262 1983
is_linear=0
shrinkage=0.05


Tree=59
num_leaves=15
num_cat=0
split_feature=7 22 25 12 7 0 9 6 9 9 32 9 11 2
split_gain=74748.2 60805.7 55528.3 64111.9 60957 65010.2 60858.9 55057.7 52381.4 48952.6 44658.4 41818.6 39418.1 35993
threshold=0.689015599449598 21.950000000000003 -0.50000000000000011 302.15350416666672 0.99681593486783593 10.500000000000002 381.54325000000006 0.20180702842483325 437.66935000000007 399.25805000000008 -18.635209962520467 288.69085000000007 401.93200000000007 4.5000000000000009
decision_type=2 2 2 2 2 2 2 2 2 2 2 2 2 2
left_child=1 13 4 -4 5 -2 7 12 -5 10 -3 -12 -7 -1
right_child=2 9 3 8 -6 6 -8 -9 -10 -11 11 -13 -14 -15
leaf_value=-0.085993834836220182 0.14205744446847926 0.75358743359659908 0.81117986443418055 -0.17551784886189531 -0.66096339870865151 0.86000774720729878 2.4783281423151493 0.29444615205142161 1.2064155308943656 -1.3705681892732779 -1.2491545190052553 0.16700139900098918 2.1227450650409763 -0.3668171806296221
leaf_weight=4080 638 338 216 1440 120 242 52 377 72 48 55 999 83 1584
leaf_count=4080 638 338 216 1440 120 242 52 377 72 48 55 999 83 1584
internal_value=4.38068e-10 -0.090771 0.199024 0.00539992 0.420308 0.513521 0.827837 0.705578 -0.109711 0.199345 0.253479 0.0931033 1.18249 -0.164529
internal_weight=10344 7104 3240 1728 1512 1392 754 702 1512 1440 1392 1054 325 5664
internal_count=10344 7104 3240 1728 1512 1392 754 702 1512 1440 1392 1054 325 5664
is_linear=0
shrinkage=0.05


Tree=60
num_leaves=15
num_cat=0
split_feature=22 5 22 9 32 9 25 4 2 27 2 7 5 2
split_gain=69982.4 81623.7 70608.8 40752.3 53914.4 50066.4 36945.6 35409.7 76436.8 41680.9 34688.4 33224.9 48342.1 33646.2
threshold=6.9500000000000011 -0.70710678118654757 20.300000000000004 399.25805000000008 -19.096952548881379 262.59275000000008 6.6500000000000012 -0.78656609248549292 4.5000000000000009 22.343750000000004 4.5000000000000009 -0.14250536273956091 0.1294095225512602 2.5000000000000004
decision_type=2 2 2 2 2 2 2 2 2 2 2 2 2 2
left_child=1 6 11 4 10 -6 -1 8 9 -3 -4 12 13 -2
right_child=2 7 3 -5 5 -7 -8 -9 -10 -11 -12 -13 -14 -15
leaf_value=0.6039926980557544 -0.303657915349204 0.4948942176551957 0.94810447290925526 -1.3020397502308092 -1.4490815165909856 0.087704278367627828 -0.81601693990329904 -0.073928593737866408 -0.39919348364626922 2.0765639668082199 -0.041852504793073869 -0.096771446064128866 -0.10480774456183568 -0.88140473454933099
leaf_weight=1002 468 560 309 48 55 1456 48 2275 270 45 124 2280 858 546
leaf_count=1002 468 560 309 48 55 1456 48 2275 270 45 124 2280 858 546
internal_value=-2.41848e-10 0.157297 -0.107527 0.137186 0.172722 0.0317657 0.539078 0.0300369 0.300347 0.612539 0.664606 -0.224933 -0.381028 -0.614752
internal_weight=10344 4200 6144 1992 1944 1511 1050 3150 875 605 433 4152 1872 1014
internal_count=10344 4200 6144 1992 1944 1511 1050 3150 875 605 433 4152 1872 1014
is_linear=0
shrinkage=0.05


Tree=61
num_leaves=15
num_cat=0
split_feature=9 32 13 0 25 14 13 5 22 2 19 4 22 0
split_gain=66465 56049.6 45504 39595.5 38134 36996.5 37667 41825.7 39313.8 38957.7 77057.9 52448.2 74547.7 40744.6
threshold=362.4504500000001 8.272483820085343 57.935637385979128 20.500000000000004 1.9500000000000008 187.84795000000003 22.345356179534388 0.60355339059327384 7.5000000000000009 4.5000000000000009 533.16650000000016 -0.37940952255126065 2.5000000000000004 7.5000000000000009
decision_type=2 2 2 2 2 2 2 2 2 2 2 2 2 2
left_child=1 2 5 -2 -5 -1 7 8 -7 10 11 12 -8 -11
right_child=3 -3 -4 4 -6 6 9 -9 -10 13 -12 -13 -14 -15
leaf_value=-1.3665558498571901 0.51077704151938741 -0.2899641748761061 0.36138618435017594 0.29269428639672695 -1.4943181074717466 0.64064289245292672 1.4668550650042202 -0.17739183534202832 0.030931956678438288 0.18292742111952975 -0.56700798783400286 -0.10560849098302771 0.19857138798494514 -0.46240151141606889
leaf_weight=51 861 1822 860 72 51 606 126 504 469 320 511 1613 1440 1038
leaf_count=51 861 1822 860 72 51 606 126 504 469 320 511 1613 1440 1038
internal_value=1.94951e-10 -0.0410943 0.0190597 0.390897 -0.448262 -0.0250255 -0.0147013 0.198436 0.374639 -0.0813703 0.00289403 0.0945014 0.300617 -0.310336
internal_weight=10344 9360 7538 984 123 6678 6627 1579 1075 5048 3690 3179 1566 1358
internal_count=10344 9360 7538 984 123 6678 6627 1579 1075 5048 3690 3179 1566 1358
is_linear=0
shrinkage=0.05


Tree=62
num_leaves=15
num_cat=0
split_feature=9 11 29 13 0 2 4 7 19 32 0 2 19 22
split_gain=62480.2 53736.5 47569.3 38184.2 45729.3 44925.2 53238.1 45228.3 89516.9 41317.8 43152.9 41258.1 56634.2 56529.5
threshold=266.31720000000001 492.81720000000001 0.082142857142857115 57.692165975949358 19.500000000000004 1.0000000180025095e-35 -0.37940952255126065 0.69521084835931835 506.68480000000005 1.0253865595360862e-15 4.5000000000000009 4.5000000000000009 533.16650000000016 3.0500000000000003
decision_type=2 2 2 2 2 2 2 2 2 2 2 2 2 2
left_child=2 3 -1 5 -5 6 7 -2 -9 11 -11 12 13 -7
right_child=1 -3 -4 4 -6 9 -8 8 -10 10 -12 -13 -14 -15
leaf_value=-1.7871001603702705 0.40778852105893271 1.2004962542284172 -0.19641412399752159 0.44691820107988822 -0.36701473414611363 1.1291084710222026 0.050000559039446606 3.4237654306671836 0.53766968313982522 0.10828581803880462 -0.31318246664515015 -0.17443068308553256 -0.42569907496440901 0.22369292004665869
leaf_weight=48 198 103 2256 1013 208 195 570 44 69 880 1960 1021 292 1487
leaf_count=48 198 103 2256 1013 208 195 570 44 69 880 1960 1021 292 1487
internal_value=5.19592e-11 0.0657825 -0.229553 0.0510571 0.308263 0.00429584 0.337103 0.863302 1.66146 -0.0459531 -0.182587 0.0836092 0.217074 0.328661
internal_weight=10344 8040 2304 7937 1221 6716 881 311 113 5835 2840 2995 1974 1682
internal_count=10344 8040 2304 7937 1221 6716 881 311 113 5835 2840 2995 1974 1682
is_linear=0
shrinkage=0.05


Tree=63
num_leaves=15
num_cat=0
split_feature=9 22 7 13 5 9 0 6 30 10 8 7 23 24
split_gain=58718.5 45596.1 54042.8 44017.3 46445 43446.2 38192 32711.2 50180.5 31447.1 48483 69672.1 31440.9 26275.8
threshold=317.53975000000008 26.400000000000002 -0.19337245081799007 22.586817147112125 0.37940952255126048 275.44580000000002 17.500000000000004 0.69676570133721638 -5.3145833333333323 320.3798000000001 1.0000000180025095e-35 -0.8142754349318998 -1.7770833333333329 3.8538690476190487
decision_type=2 2 2 2 2 2 2 2 2 2 2 2 2 2
left_child=1 2 6 4 5 -4 9 8 -2 -1 11 -11 -5 -14
right_child=7 -3 3 12 -6 -7 -8 -9 -10 10 -12 -13 13 -15
leaf_value=-0.31835476304987259 1.9878963980823756 1.174128196015954 0.19119958517572253 1.187500677506129 -0.13171905213409765 0.9517208640584871 0.061486853714411462 -0.37837630853988236 0.2044072722104168 -0.65768110742003238 -0.31260628912009691 -3.3221421160868241 -0.33150837591598059 -0.019085737135443717
leaf_weight=1566 40 72 465 48 468 315 600 240 2816 59 133 42 912 2568
leaf_count=1566 40 72 465 48 468 315 600 240 2816 59 133 42 912 2568
internal_value=-3.12739e-10 -0.0778582 -0.09042 0.00684832 0.262064 0.498333 -0.283984 0.182273 0.229386 -0.399141 -0.939785 -1.76567 -0.0834319 -0.100962
internal_weight=10344 7248 7176 4776 1248 780 2400 3096 2856 1800 234 101 3528 3480
internal_count=10344 7248 7176 4776 1248 780 2400 3096 2856 1800 234 101 3528 3480
is_linear=0
shrinkage=0.05


Tree=64
num_leaves=15
num_cat=0
split_feature=6 22 32 30 0 23 7 10 0 0 0 2 28 11
split_gain=55531.1 58989.7 52334 47490.9 43704.8 38835.5 34760 42269 32721.4 31497.2 32561.4 30141.6 28682.5 85488.8
threshold=0.69676570133721638 -6.3999999999999995 2.0244942398404686e-15 0.57708333333333339 11.500000000000002 2.0250000000000008 -0.25206183926700709 320.3798000000001 3.5000000000000004 20.500000000000004 10.500000000000002 1.0000000180025095e-35 1.0000000180025095e-35 375.2349000000001
decision_type=2 2 2 2 2 2 2 2 2 2 2 2 2 2
left_child=1 4 3 -3 -1 -5 7 -2 -4 10 -8 -12 -10 -14
right_child=6 2 8 5 -6 -7 9 -9 12 -11 11 -13 13 -15
leaf_value=0.19220620077990352 -0.38569267866334744 0.069103627931700246 0.1887138020589281 1.9529644685132164 1.8051160082221032 0.40157070494731706 -0.20961714644050888 -1.9833812905306165 0.047580812695880569 -0.58906570358960719 0.91013837397098551 0.087029904013668946 -0.24069738237160943 -2.5515950311247897
leaf_weight=84 700 2742 810 42 84 1020 990 44 941 270 130 770 1676 41
leaf_count=84 700 2742 810 42 84 1020 990 44 941 270 130 770 1676 41
internal_value=3.15748e-10 0.0723779 0.0509786 0.179051 0.998661 0.462925 -0.185431 -0.48018 -0.0895019 -0.0839063 -0.0117407 0.205923 -0.174285 -0.295879
internal_weight=10344 7440 7272 3804 168 1062 2904 744 3468 2160 1890 900 2658 1717
internal_count=10344 7440 7272 3804 168 1062 2904 744 3468 2160 1890 900 2658 1717
is_linear=0
shrinkage=0.05


Tree=65
num_leaves=15
num_cat=0
split_feature=9 32 2 5 11 31 7 13 0 26 7 22 0 7
split_gain=51915 43121.3 58750.9 69076 40540.6 42668.4 38512.7 48730 35277 32841.1 30440.7 29604.5 29313.9 36824.5
threshold=362.4504500000001 1.0253865595360862e-15 4.5000000000000009 0.60355339059327384 279.90015000000005 0.087499999999999994 0.99681593486783593 22.345356179534388 21.500000000000004 0.7020833333333335 0.16587474750015932 -4.1499999999999995 3.5000000000000004 -0.23537842981696178
decision_type=2 2 2 2 2 2 2 2 2 2 2 2 2 2
left_child=1 2 3 4 -1 6 7 10 -2 -7 -6 -3 -13 -14
right_child=8 11 -4 -5 5 9 -8 -9 -10 -11 -12 12 13 -15
leaf_value=1.3255523204953983 0.43573723996260477 0.90427850945429378 -0.20356482555251501 -0.14521888377907538 0.34764964107113583 -1.0932014911737242 -0.72953102746180132 0.34081839498790878 -0.64744905797628372 0.058782270804760117 1.44700495893838 0.063993005798175059 -0.45029135504558826 -0.10875129362949849
leaf_weight=99 902 66 1411 1104 96 71 70 1307 82 481 183 1083 1251 2138
leaf_count=99 902 66 1411 1104 96 71 70 1307 82 481 183 1083 1251 2138
internal_value=-3.31086e-10 -0.0363188 0.0677922 0.180042 0.335694 0.291311 0.418212 0.468869 0.345472 -0.0893896 1.06873 -0.146945 -0.16246 -0.234826
internal_weight=10344 9360 4822 3411 2307 2208 1656 1586 984 552 279 4538 4472 3389
internal_count=10344 9360 4822 3411 2307 2208 1656 1586 984 552 279 4538 4472 3389
is_linear=0
shrinkage=0.05


Tree=66
num_leaves=15
num_cat=0
split_feature=9 13 22 13 12 18 11 14 11 9 10 14 19 15
split_gain=50180.4 40068.8 52463 36377.1 32482.4 31274.3 44018 41143.5 37240.3 48163.1 31733.9 30187.1 43254.8 33842.1
threshold=289.46525000000003 57.692165975949358 27.250000000000004 12.592347737317665 371.43508958333342 246.16770000000002 467.96960000000007 269.98940000000005 285.19935000000004 391.0202000000001 407.05765000000002 226.63060000000004 533.16650000000016 378.05510000000004
decision_type=2 2 2 2 2 2 2 2 2 2 2 2 2 2
left_child=3 5 -3 -1 11 6 8 -7 -2 -10 -11 13 -13 -5
right_child=1 2 -4 4 -6 7 -8 -9 9 10 -12 12 -14 -15
leaf_value=0.54687462297054779 -0.14245369827598273 0.4462762683835747 -1.2447413876342277 -0.27454614219078349 1.1367100428479413 -0.8167210595958212 1.7543725207448007 -0.049269915660133529 0.15429660889761929 2.1345998167642395 0.27431326450371163 -0.011127490690565678 -0.713904073475084 -1.081074147692157
leaf_weight=192 1192 1032 48 1344 48 216 40 912 2347 52 41 2496 240 144
leaf_count=192 1192 1032 48 1344 48 216 40 912 2347 52 41 2496 240 144
internal_value=1.15225e-10 0.0959547 0.37112 -0.126392 -0.156651 0.0340426 0.104779 -0.196229 0.0866122 0.198516 1.31447 -0.171348 -0.0727746 -0.352597
internal_weight=10344 5880 1080 4464 4272 4800 3672 1128 3632 2440 93 4224 2736 1488
internal_count=10344 5880 1080 4464 4272 4800 3672 1128 3632 2440 93 4224 2736 1488
is_linear=0
shrinkage=0.05


Tree=67
num_leaves=15
num_cat=0
split_feature=6 22 32 2 5 4 7 13 13 23 12 9 0 32
split_gain=47578.5 49024.2 43326.7 41231 43078.4 39367.7 34416.9 30949 42911.9 36854.8 32335 30990.3 29657.7 33867.2
threshold=0.69676570133721638 -6.3999999999999995 0.10600396772969187 4.5000000000000009 0.78656609248549303 -0.37940952255126065 0.99681593486783593 22.345356179534388 25.35247348022396 23.945833333333336 288.15064583333339 275.44580000000002 4.5000000000000009 0.52410856633260494
decision_type=2 2 2 2 2 2 2 2 2 2 2 2 2 2
left_child=1 5 3 4 6 -1 7 9 10 11 -9 -3 -4 -14
right_child=-2 2 12 -5 -6 -7 -8 8 -10 -11 -12 -13 13 -15
leaf_value=1.8995410555884953 -0.17164030488993853 0.54232662583983282 0.1285581833295408 -0.094059470035550805 -0.095278031998535032 0.31854785283406578 -0.65016045873984707 -1.7968561038374902 0.38305376962494275 -0.14039886934416634 0.11041570067405702 1.6854592136236339 -1.0767485398401335 -0.1482397977275309
leaf_weight=63 2904 109 1076 1150 653 105 80 40 1700 70 50 130 103 2111
leaf_count=63 2904 109 1076 1150 653 105 80 40 1700 70 50 130 103 2111
internal_value=4.39532e-10 0.0669951 0.0474869 0.158422 0.260948 0.91142 0.367701 0.406495 0.326725 0.868593 -0.737261 1.16411 -0.0867814 -0.191436
internal_weight=10344 7440 7272 3982 2832 168 2179 2099 1790 309 90 239 3290 2214
internal_count=10344 7440 7272 3982 2832 168 2179 2099 1790 309 90 239 3290 2214
is_linear=0
shrinkage=0.05


Tree=68
num_leaves=15
num_cat=0
split_feature=9 11 29 13 22 13 19 24 7 17 2 0 22 6
split_gain=44854 41127.9 39101.3 29019.9 42361.3 35975.3 38778.3 43062.2 56296.1 42324.9 41184.4 64105.4 69036.3 45909
threshold=266.31720000000001 492.81720000000001 0.082142857142857115 57.692165975949358 27.250000000000004 24.091712159168953 533.16650000000016 2.5559523809523816 0.8511460603353429 51.874815420669186 4.5000000000000009 12.500000000000002 3.0500000000000003 0.92922379131507438
decision_type=2 2 2 2 2 2 2 2 2 2 2 2 2 2
left_child=2 3 -1 5 -5 -2 10 9 -9 -8 11 -7 -13 -12
right_child=1 -3 -4 4 -6 6 7 8 -10 -11 13 12 -14 -15
leaf_value=-1.6066226001828909 0.22850777356229901 1.0484404710311335 -0.16445179622018041 0.32665607440797495 -1.1887986179829264 -0.11450996676053526 -1.3908670988990302 -0.51569072495525081 -2.6926326191702556 -0.054472616775092325 -0.17755272041734618 1.2221094698351336 0.19811843847679694 -1.4797851937185946
leaf_weight=48 1391 103 2256 1173 48 1846 67 96 43 512 1128 187 1374 72
leaf_count=48 1391 103 2256 1173 48 1846 67 96 43 512 1128 187 1374 72
internal_value=2.46516e-10 0.0557365 -0.194497 0.0428539 0.26708 0.00208852 -0.0570569 -0.398841 -1.18913 -0.209116 -0.00378993 0.0849321 0.320787 -0.255687
internal_weight=10344 8040 2304 7937 1221 6716 5325 718 139 579 4607 3407 1561 1200
internal_count=10344 8040 2304 7937 1221 6716 5325 718 139 579 4607 3407 1561 1200
is_linear=0
shrinkage=0.05


Tree=69
num_leaves=15
num_cat=0
split_feature=6 30 32 30 9 9 22 5 6 22 11 6 10 5
split_gain=42387.6 45208.6 34286.9 36973.3 33317.5 29549.2 27274.1 32145.9 28425.7 26768.9 20248.3 21102.7 20808.1 51838.4
threshold=0.69676570133721638 -5.3145833333333323 11.853440746711057 27.456250000000001 392.40175000000005 241.27835000000002 4.7000000000000011 -0.70710678118654757 0.80926549319045582 23.050000000000004 413.95685000000009 0.96904697354198299 317.08265000000006 -0.3794095225512602
decision_type=2 2 2 2 2 2 2 2 2 2 2 2 2 2
left_child=1 -1 3 -3 5 -4 7 8 -2 -7 11 12 -8 -14
right_child=6 2 4 -5 -6 9 10 -9 -10 -11 -12 -13 13 -15
leaf_value=1.7396436656452714 -0.18437018280937559 0.088195619623454347 -1.458864399790764 1.2438440875496184 1.1424090515739389 -0.37034904803421798 -0.32290665988899248 -0.11100110860489723 0.9564815851501548 0.1504115597315212 0.51435935618002204 -0.011897250868148735 -1.8559998293966053 -0.19262535551777193
leaf_weight=40 84 6143 48 70 45 718 1205 720 156 376 79 467 80 113
leaf_count=40 84 6143 48 70 45 718 1205 720 156 376 79 467 80 113
internal_value=2.18245e-11 0.0632349 0.0541732 0.101216 -0.192058 -0.244642 -0.162007 0.056045 0.557183 -0.191367 -0.269687 -0.302898 -0.400107 -0.882107
internal_weight=10344 7440 7400 6213 1187 1142 2904 960 240 1094 1944 1865 1398 193
internal_count=10344 7440 7400 6213 1187 1142 2904 960 240 1094 1944 1865 1398 193
is_linear=0
shrinkage=0.05


Tree=70
num_leaves=15
num_cat=0
split_feature=22 32 30 22 0 26 9 5 11 6 14 13 22 23
split_gain=39559.5 36136.1 63656.8 38844.6 36561.8 30477.3 60797.1 37712.1 30405.3 30340.7 33798.7 53059.9 26280.7 24520.3
threshold=-0.84999999999999998 1.0253865595360862e-15 1.01875 1.4000000000000001 4.5000000000000009 3.9875000000000003 392.40175000000005 -0.12940952255126037 304.31490000000002 0.19337368024598436 281.99270000000007 43.227794740285205 13.050000000000002 26.966666666666672
decision_type=2 2 2 2 2 2 2 2 2 2 2 2 2 2
left_child=-1 2 5 -4 -3 -2 7 -7 -5 -6 12 -12 -11 -10
right_child=1 4 3 8 9 6 -8 -9 13 10 11 -13 -14 -15
leaf_value=0.2730139608542454 -0.14799142717851343 0.066331074296031148 1.3142292956928336 0.88774944810924694 -0.083774062365963381 -0.48641479558096484 -1.7031491493061186 0.44314642783682329 0.12361140345312316 -0.18740056485456535 -0.26055347419999264 -2.6145608361030739 -0.66326812789028622 1.1704694770150266
leaf_weight=1176 2447 1480 96 174 1546 130 40 679 1077 919 54 43 424 59
leaf_count=1176 2447 1480 96 174 1546 130 40 679 1077 919 54 43 424 59
internal_value=8.15633e-10 -0.0350201 0.0617233 0.343401 -0.136876 -0.058434 0.19969 0.293773 0.272256 -0.237595 -0.402738 -1.30408 -0.337637 0.177982
internal_weight=10344 9168 4702 1406 4466 3296 849 809 1310 2986 1440 97 1343 1136
internal_count=10344 9168 4702 1406 4466 3296 849 809 1310 2986 1440 97 1343 1136
is_linear=0
shrinkage=0.05


Tree=71
num_leaves=15
num_cat=0
split_feature=22 5 22 9 32 9 25 12 5 9 0 13 0 2
split_gain=38349.3 61217.3 47892.5 36023.8 36924.8 36437.1 29367.2 27898.4 29782.5 27458.7 25983.7 25592.2 21258.2 22135.2
threshold=6.9500000000000011 -0.70710678118654757 20.300000000000004 399.25805000000008 -19.096952548881379 262.59275000000008 6.6500000000000012 269.11614166666669 0.60355339059327384 347.47680000000008 21.500000000000004 45.082691007639731 10.500000000000002 1.0000000180025095e-35
decision_type=2 2 2 2 2 2 2 2 2 2 2 2 2 2
left_child=1 6 9 4 11 -6 12 -7 -9 -2 -3 -4 -1 -14
right_child=2 10 3 -5 5 7 -8 8 -10 -11 -12 -13 13 -15
leaf_value=-0.010026133396735269 -0.16238516995752073 0.057002104530975754 0.22569805411659943 -1.2312122670312724 -1.2246057256785308 0.83735844219724331 -0.76107607688754797 -0.15513686665156801 0.33473151852309829 -1.365243165443341 -0.39994158335788443 1.001241634944652 1.1695184050089327 0.48992882312369956
leaf_weight=167 4104 2800 245 48 55 114 48 855 487 48 350 188 145 690
leaf_count=167 4104 2800 245 48 55 114 48 855 487 48 350 188 145 690
internal_value=7.36737e-10 0.116441 -0.0795982 0.121942 0.155354 0.0387014 0.447071 0.0864225 0.0226321 -0.176291 0.00623058 0.562424 0.504947 0.607941
internal_weight=10344 4200 6144 1992 1944 1511 1050 1456 1342 4152 3150 433 1002 835
internal_count=10344 4200 6144 1992 1944 1511 1050 1456 1342 4152 3150 433 1002 835
is_linear=0
shrinkage=0.05


Tree=72
num_leaves=15
num_cat=0
split_feature=6 22 32 32 2 22 18 19 29 9 18 9 22 12
split_gain=36209.6 39685.8 41136.5 28957.7 31954 36930.6 39786.9 44465.6 49859.8 41714.2 37044.8 34152.6 30831.9 46762.9
threshold=0.69676570133721638 -7.4999999999999991 1.8110382451708966 0.10600396772969187 4.5000000000000009 27.250000000000004 251.83085000000003 509.37290000000007 9.3973214285714306 307.67320000000001 270.09240000000005 294.27090000000004 21.400000000000002 253.9442
decision_type=2 2 2 2 2 2 2 2 2 2 2 2 2 2
left_child=1 2 -1 4 5 6 9 -8 -9 11 -10 12 13 -3
right_child=-2 3 -4 -5 -6 -7 7 8 10 -11 -12 -13 -14 -15
leaf_value=0.19371909291616507 -0.14973581909117373 -1.2770484330562446 2.2931193205714226 -0.063974048736255215 -0.085456485346741246 -1.0948910780537586 -1.2607312068820766 1.311167726105509 -0.80803519656191336 0.56742328221910587 0.26736799492040181 -0.40335794500051403 1.1441589646287018 0.26469388997412002
leaf_weight=56 2904 52 40 3323 1163 52 78 65 143 1053 182 234 91 908
leaf_count=56 2904 52 40 3323 1163 52 78 65 143 1053 182 234 91 908
internal_value=-2.56152e-10 0.0584453 1.06847 0.0452423 0.1355 0.225413 0.249881 -0.170938 0.0470201 0.334117 -0.205809 0.142932 0.264561 0.181183
internal_weight=10344 7440 96 7344 4021 2858 2806 468 390 2338 325 1285 1051 960
internal_count=10344 7440 96 7344 4021 2858 2806 468 390 2338 325 1285 1051 960
is_linear=0
shrinkage=0.05


Tree=73
num_leaves=15
num_cat=0
split_feature=11 9 22 7 13 5 24 24 16 6 32 9 15 0
split_gain=35795.7 32680.3 37168 31169.5 34458.1 34555.8 31531.8 52145.9 33499.8 34447.9 35094.5 32234.9 34548 28402.8
threshold=492.81720000000001 317.53975000000008 26.400000000000002 -0.19337245081799007 23.115525502820365 1.0000000180025095e-35 3.8538690476190487 3.6964285714285716 323.72973184523818 -0.46801505794253101 -2.5969211624092678 306.49555000000004 484.53065000000009 17.500000000000004
decision_type=2 2 2 2 2 2 2 2 2 2 2 2 2 2
left_child=1 2 3 13 5 -5 7 11 -8 -10 -11 12 -6 -1
right_child=-2 -3 -4 4 6 -7 8 -9 9 10 -12 -13 -14 -15
leaf_value=-0.32553895591281862 0.86960536743649564 0.1273832929176176 1.0622002017994723 0.47244573847425209 -0.25004337695536311 -0.03966401097126681 -0.074689534770822893 -2.0493491935175521 -0.53233379731472164 1.5363244930672091 0.33028756709087015 -0.89049796071703458 0.81112135789367601 0.071693342064196863
leaf_weight=1800 117 3043 72 648 555 670 2184 43 72 86 202 163 89 600
leaf_count=1800 117 3043 72 648 555 670 2184 43 72 86 202 163 89 600
internal_value=-2.11414e-12 -0.00994855 -0.0681196 -0.0795627 -0.00485897 0.212117 -0.0891177 -0.352773 -0.00102515 0.445872 0.690424 -0.262374 -0.103392 -0.226231
internal_weight=10344 10227 7184 7112 4712 1318 3394 850 2544 360 288 807 644 2400
internal_count=10344 10227 7184 7112 4712 1318 3394 850 2544 360 288 807 644 2400
is_linear=0
shrinkage=0.05


Tree=74
num_leaves=15
num_cat=0
split_feature=9 29 11 0 9 32 2 25 9 4 2 18 6 32
split_gain=32997.1 34144.2 31211.7 27367.2 28971.4 37379.7 41038.3 61067.9 34204.9 26387.8 63740.9 34471.3 36266 36741.8
threshold=265.94725000000005 0.082142857142857115 492.81720000000001 21.500000000000004 377.60620000000006 -0.8863240279920277 4.5000000000000009 -0.50000000000000011 424.42965000000004 0.25881904510252091 4.5000000000000009 246.61495000000002 -0.074117382312902977 -3.3145630368119412
decision_type=2 2 2 2 2 2 2 2 2 2 2 2 2 2
left_child=1 -1 3 4 9 8 7 -7 -6 10 11 -2 -13 -14
right_child=2 -3 -4 -5 5 6 -8 -9 -10 -11 -12 12 13 -15
leaf_value=-1.4883704171826444 0.33601631950703559 -0.14040860387092149 0.91198700638940045 -0.26885557124002224 0.25971799640235704 2.4301728188409473 -0.37479364401415777 0.59255763871909739 -1.3478149475795884 -0.068342632400492834 -0.20747201486248709 0.21671528424960618 -1.743312067821108 -0.19050336591563785
leaf_weight=48 2238 2208 103 674 156 64 57 154 42 3150 1020 261 58 111
leaf_count=48 2238 2208 103 674 156 64 57 154 42 3150 1020 261 58 111
internal_value=-5.36451e-11 -0.169089 0.0471642 0.0360087 0.0641141 0.442557 0.819715 1.13204 -0.0812738 0.0379363 0.128711 0.257237 -0.15278 -0.72342
internal_weight=10344 2256 8088 7985 7311 473 275 218 198 6838 3688 2668 430 169
internal_count=10344 2256 8088 7985 7311 473 275 218 198 6838 3688 2668 430 169
is_linear=0
shrinkage=0.05


Tree=75
num_leaves=15
num_cat=0
split_feature=22 5 22 9 32 9 25 12 5 9 13 23 0 0
split_gain=31549 52724.5 38884.1 31214.8 31082.3 30666.8 26096.2 25340.9 26534.4 25135.2 22438.3 22803.7 21948.2 18484.8
threshold=6.9500000000000011 -0.70710678118654757 20.300000000000004 399.25805000000008 -19.096952548881379 262.59275000000008 6.6500000000000012 269.11614166666669 0.60355339059327384 347.47680000000008 57.294771807442224 23.104166666666675 21.500000000000004 13.500000000000002
decision_type=2 2 2 2 2 2 2 2 2 2 2 2 2 2
left_child=1 6 9 4 10 -6 13 -7 -9 -2 11 -4 -3 -1
right_child=2 12 3 -5 5 7 -8 8 -10 -11 -12 -13 -14 -15
leaf_value=0.31515602116655311 -0.14601789080870536 0.049996055689540561 1.3664924243092538 -1.1501985876510541 -1.1254900773005052 0.7929464461935456 -0.72642368208616981 -0.15133428542891092 0.31105057021614463 -1.296860652541121 1.4291965630547754 0.21949757956713439 -0.36996720882292311 0.77071994913820019
leaf_weight=668 4104 2800 50 48 55 114 48 855 487 48 58 325 350 334
leaf_count=668 4104 2800 50 48 55 114 48 855 487 48 58 325 350 334
internal_value=3.23459e-10 0.105614 -0.0721967 0.109403 0.140504 0.0334777 0.412454 0.0772574 0.0164611 -0.159322 0.513983 0.37243 0.00333347 0.467011
internal_weight=10344 4200 6144 1992 1944 1511 1050 1456 1342 4152 433 375 3150 1002
internal_count=10344 4200 6144 1992 1944 1511 1050 1456 1342 4152 433 375 3150 1002
is_linear=0
shrinkage=0.05


Tree=76
num_leaves=15
num_cat=0
split_feature=6 30 15 13 8 7 9 15 23 30 32 22 7 11
split_gain=30522.3 34310.5 23852 47147.8 78909.8 36671.6 24525.1 23721.8 36615.4 47759.2 39504.5 37435.9 30976.3 29665.5
threshold=0.69676570133721638 -5.3145833333333323 449.57390000000004 77.831074539680671 1.0000000180025095e-35 0.97263757644091875 369.78525000000008 399.1692000000001 12.435416666666669 7.0166666666666684 -2.5969211624092678 24.150000000000002 0.69521084835931835 434.02505000000002
decision_type=2 2 2 2 2 2 2 2 2 2 2 2 2 2
left_child=1 -1 3 6 -5 -4 7 8 9 -3 12 -10 -11 -9
right_child=-2 2 5 4 -6 -7 -8 13 11 10 -12 -13 -14 -15
leaf_value=1.5140970227867365 -0.13747452298825807 0.14238125535988522 0.35946223639552777 -2.3088928499392103 0.59879001572728163 -0.26066751275419731 0.50029614811587175 -0.13554704234250259 -0.10030713699975576 0.76885762498492294 0.34161560320639395 0.66966539745086007 2.6374145526835262 -1.2479104735075481
leaf_weight=40 2904 1336 1132 56 40 302 254 1233 2616 42 111 168 47 63
leaf_count=40 2904 1336 1132 56 40 302 254 1233 2616 42 111 168 47 63
internal_value=-1.70265e-10 0.0536594 0.0457652 0.00175536 -1.09736 0.228863 0.0197306 -0.00200434 0.0542804 0.250255 0.970849 -0.0538433 1.75562 -0.18962
internal_weight=10344 7440 7400 5966 96 1434 5870 5616 4320 1536 200 2784 89 1296
internal_count=10344 7440 7400 5966 96 1434 5870 5616 4320 1536 200 2784 89 1296
is_linear=0
shrinkage=0.05


Tree=77
num_leaves=15
num_cat=0
split_feature=10 10 13 11 13 13 9 16 13 19 6 22 14 17
split_gain=30159.5 33480.4 26977.8 26431.3 23740.1 83757.6 37145.4 27279.2 22049.1 25300.6 26463.5 35433.4 31095.4 25725.7
threshold=1.0000000180025095e-35 238.70270000000002 134.0837409048402 492.81720000000001 78.009786898730354 77.468135043253696 378.00475000000006 377.2999002976191 24.091712159168953 533.16650000000016 0.65883702558178847 1.4000000000000001 200.65960000000004 51.874815420669186
decision_type=2 2 2 2 2 2 2 2 2 2 2 2 2 2
left_child=-1 -2 3 4 5 6 8 -8 -3 10 11 -10 -13 -11
right_child=1 2 -4 -5 -6 -7 7 -9 9 13 -12 12 -14 -15
leaf_value=1.1896753747508211 -0.34046521301069071 0.1367708350328958 -1.1897542535610821 0.78079848205834113 0.51440200546981196 -2.1030551798800206 0.87440864097256721 0.011112791151733872 0.51408056972401317 -1.2471349702397392 -0.17854270016477328 0.67469923766608719 -0.023128179113883558 -0.22606734854592958
leaf_weight=53 698 2031 46 114 232 47 212 161 380 67 1736 167 3622 778
leaf_count=53 698 2031 46 114 232 47 212 161 380 67 1736 167 3622 778
internal_value=-6.50303e-10 -0.00612698 0.0181999 0.0240202 0.0148743 0.00227892 0.0130885 0.50178 -0.00767018 -0.0511309 -0.0145123 0.0537911 0.00762853 -0.307028
internal_weight=10344 10291 9593 9547 9433 9201 9154 373 8781 6750 5905 4169 3789 845
internal_count=10344 10291 9593 9547 9433 9201 9154 373 8781 6750 5905 4169 3789 845
is_linear=0
shrinkage=0.05


Tree=78
num_leaves=15
num_cat=0
split_feature=10 10 13 11 13 13 9 16 19 10 13 19 2 0
split_gain=27218.9 30295.7 24379.8 23803.9 20967.5 75657.4 33651 28188.1 20638.9 35665.2 20476.5 22973.9 25727.6 37228.7
threshold=1.0000000180025095e-35 239.80130000000003 134.0837409048402 492.81720000000001 78.009786898730354 77.468135043253696 381.54325000000006 377.2999002976191 459.26090000000005 398.55290000000008 24.091712159168953 533.16650000000016 4.5000000000000009 7.5000000000000009
decision_type=2 2 2 2 2 2 2 2 2 2 2 2 2 2
left_child=-1 -2 3 4 5 6 10 8 -8 -10 -3 12 -12 -14
right_child=1 2 -4 -5 -6 -7 7 -9 9 -11 11 -13 13 -15
leaf_value=1.1301916172481934 -0.31425082976016167 0.1329526414530062 -1.1302665160402008 0.7417585594612256 0.48534862273070334 -1.997902454213893 0.37356226742267612 0.010557153071305767 2.3683611899006123 0.44047759517710267 0.046549383292150207 -0.29167635231810285 0.16913525922538347 -0.37411361384189146
leaf_weight=53 739 2040 46 114 231 47 91 161 49 47 4446 845 468 967
leaf_count=53 739 2040 46 114 231 47 91 161 49 47 4446 845 468 967
internal_value=3.89392e-10 -0.00582063 0.0180414 0.0235981 0.0148811 0.00301795 0.0133365 0.495535 0.913082 1.4245 -0.0058062 -0.0478918 -0.0128641 -0.196943
internal_weight=10344 10291 9552 9506 9392 9161 9114 348 187 96 8766 6726 5881 1435
internal_count=10344 10291 9552 9506 9392 9161 9114 348 187 96 8766 6726 5881 1435
is_linear=0
shrinkage=0.05


Tree=79
num_leaves=15
num_cat=0
split_feature=13 16 10 30 7 14 16 32 7 11 16 22 2 18
split_gain=25795.9 28904.5 31599 69840.3 107480 28161.8 28147.7 34111.1 26796.8 26557.5 27974.6 43718.6 24655.3 24547.8
threshold=57.692165975949358 318.29195119047625 323.97490000000005 15.727083333333336 -0.6905596507703472 235.15060000000003 290.55932232142862 -15.50920873402494 0.97263757644091875 293.23915000000005 293.65380029761911 20.300000000000004 3.5000000000000004 246.16770000000002
decision_type=2 2 2 2 2 2 2 2 2 2 2 2 2 2
left_child=5 2 -2 4 -4 6 7 12 -3 -8 11 -11 -1 -7
right_child=1 8 3 -5 -6 13 9 -9 -10 10 -12 -13 -14 -15
leaf_value=1.2118435949764468 0.22966562453570757 0.58341378590355264 -3.1726450077644213 1.2687509097482847 -0.29389139453610108 0.084467353243162624 -0.073106908949503044 -0.11317912644474118 -0.24098192576318977 -2.6325482234731319 -0.43096339592191868 -0.52537620859220624 0.0068049234497111026 -0.15132450357751925
leaf_weight=88 430 552 41 46 155 4728 426 1654 120 40 478 64 82 1440
leaf_count=88 430 552 41 46 155 4728 426 1654 120 40 478 64 82 1440
internal_value=7.9831e-11 0.204326 -0.0275489 -0.484583 -0.89608 -0.0305126 -0.161041 -0.0438586 0.4362 -0.373085 -0.592657 -1.33583 0.63059 0.0294187
internal_weight=10344 1344 672 242 196 9000 2832 1824 672 1008 582 104 170 6168
internal_count=10344 1344 672 242 196 9000 2832 1824 672 1008 582 104 170 6168
is_linear=0
shrinkage=0.05


Tree=80
num_leaves=15
num_cat=0
split_feature=4 2 23 13 18 6 18 29 29 9 6 9 16 14
split_gain=24967.4 90636.9 55637.7 42449.8 39568.3 43339.4 33774 34849.5 142034 28611.9 26449.6 25973.5 27926.3 25922.2
threshold=-0.37940952255126065 4.5000000000000009 3.0166666666666671 20.991579079663328 246.89835000000002 -0.074117382312902977 245.14305000000004 0.051190476190476182 0.064285714285714279 437.66935000000007 -0.159513159777915 308.59115000000003 305.90243273809529 228.32025000000002
decision_type=2 2 2 2 2 2 2 2 2 2 2 2 2 2
left_child=1 2 3 -1 6 -6 7 13 -9 -2 -5 -10 -13 -4
right_child=9 -3 4 10 5 -7 -8 8 11 -11 -12 12 -14 -15
leaf_value=1.7741651942700516 -0.068977506386074083 -0.2800101004254576 1.815446691811085 1.6741601534353361 0.026879097192237772 -1.3169250998563238 1.3633040264958429 -2.668508692317539 0.077023565894027757 1.1962063340346019 0.39342333953683228 0.21557521922288886 1.1596976661019855 0.49629963360278417
leaf_weight=81 6420 1116 45 45 180 90 63 45 1278 45 387 207 126 216
leaf_count=81 6420 1116 45 45 180 90 63 45 1278 45 387 207 126 216
internal_value=-1.41908e-10 0.100285 0.25389 0.723781 0.146755 -0.421056 0.224183 0.186748 0.102113 -0.0601711 0.526833 0.179505 0.572811 0.723739
internal_weight=10344 3879 2763 513 2250 270 1980 1917 1656 6465 432 1611 333 261
internal_count=10344 3879 2763 513 2250 270 1980 1917 1656 6465 432 1611 333 261
is_linear=0
shrinkage=0.05


Tree=81
num_leaves=15
num_cat=0
split_feature=6 30 7 32 30 9 23 32 19 9 10 19 19 11
split_gain=23641.6 26560.3 23234.6 20831.1 30339.6 27827.5 23563.5 19850.3 19099.6 34148.7 31218.8 26877.1 59966.6 17614.2
threshold=0.69676570133721638 -5.3145833333333323 -0.6523320455745395 11.853440746711057 27.456250000000001 392.40175000000005 28.395833333333339 -7.2687500000000016 614.30520000000013 399.25805000000008 422.2267500000001 590.83130000000017 573.47545000000014 402.81115000000005
decision_type=2 2 2 2 2 2 2 2 2 2 2 2 2 2
left_child=1 -1 7 4 8 6 -5 -2 9 10 11 12 -3 -4
right_child=2 3 13 5 -6 -7 -8 -9 -10 -11 -12 -13 -14 -15
leaf_value=1.3321746930480005 -1.6948603668590871 0.074221308684675566 -0.12585759894514745 -0.15370353683133153 1.112007727857147 1.0679283646908073 -1.3210871193144058 -0.33892646565844742 -0.23801665954945106 -1.2513503886283712 0.59653088867491644 0.86981394878373708 -1.7198643819448798 0.37046883758933596
leaf_weight=40 41 5164 2592 1097 70 45 45 79 479 47 302 104 47 192
leaf_count=40 41 5164 2592 1097 70 45 45 79 479 47 302 104 47 192
internal_value=2.2166e-10 0.0472254 -0.120991 0.0402798 0.0769476 -0.151647 -0.199704 -0.802204 0.065153 0.0907918 0.102022 0.073924 0.0580398 -0.0916282
internal_weight=10344 7440 2904 7400 6213 1187 1142 120 6143 5664 5617 5315 5211 2784
internal_count=10344 7440 2904 7400 6213 1187 1142 120 6143 5664 5617 5315 5211 2784
is_linear=0
shrinkage=0.05


Tree=82
num_leaves=15
num_cat=0
split_feature=10 10 11 13 0 13 25 10 13 5 26 30 32 9
split_gain=23811.8 24366 20113.4 19606.4 19382.8 22701.9 26874.2 33484 22009.3 25083.8 34090.7 32450 32554.2 31711.3
threshold=1.0000000180025095e-35 238.70270000000002 492.81720000000001 134.0837409048402 21.500000000000004 57.692165975949358 3.4000000000000012 401.96350000000007 24.091712159168953 -0.12940952255126037 3.7791666666666672 1.01875 1.2168129192918504 282.05545000000006
decision_type=2 2 2 2 2 2 2 2 2 2 2 2 2 2
left_child=-1 -2 3 4 5 8 -7 -8 -3 11 -11 13 -13 -10
right_child=1 2 -4 -5 -6 6 7 -9 9 10 -12 12 -14 -15
leaf_value=1.0570923499341283 -0.29066583967853049 0.14780005376707792 0.67549143854463312 -1.0223859536583009 -0.21974076901842704 0.39687150346858424 0.12748554337425466 -1.178156365081668 -0.86557627808683968 -0.056290119257299043 0.32139514380814732 0.13292336343406055 -0.3199829015318213 -0.21729038508423437
leaf_weight=53 698 1965 114 46 821 797 211 64 254 1989 854 1135 610 733
leaf_count=53 698 1965 114 46 821 797 211 64 254 1989 854 1135 610 733
internal_value=-3.01702e-11 -0.00544416 0.015309 0.00736922 0.0123908 0.0345204 0.249817 -0.176373 0.00391057 -0.0468056 0.0571616 -0.154997 -0.0253992 -0.384124
internal_weight=10344 10291 9593 9479 9433 8612 1072 275 7540 5575 2843 2732 1745 987
internal_count=10344 10291 9593 9479 9433 8612 1072 275 7540 5575 2843 2732 1745 987
is_linear=0
shrinkage=0.05


Tree=83
num_leaves=15
num_cat=0
split_feature=22 30 5 22 12 13 5 32 9 4 2 13 25 13
split_gain=21773.2 50031.2 33885.8 33479 24406.3 42923.2 30443.9 23084.1 22105 21416.4 25927.8 20824.4 21551.9 20120.7
threshold=8.6000000000000032 9.4145833333333346 -0.70710678118654757 20.300000000000004 248.81662083333336 77.831074539680671 -0.12940952255126037 1.6004602856356974e-15 347.47680000000008 -0.98296291314453399 4.5000000000000009 20.991579079663328 -0.50000000000000011 45.487075051731644
decision_type=2 2 2 2 2 2 2 2 2 2 2 2 2 2
left_child=1 2 11 8 -5 6 -6 -3 -2 10 -4 -1 -13 -8
right_child=3 7 9 4 5 -7 13 -9 -10 -11 -12 12 -14 -15
leaf_value=0.70175169348716748 -0.14637629879204422 1.5407557803037835 0.8557064593910314 1.2093302677075068 -0.10508604466351779 -1.1299547218614154 0.11870703396834006 0.23394139545005666 -1.2267899224612242 -0.055662474790431564 -0.36708113950869392 0.42314868018928886 -0.069498364288393441 0.57383955088686711
leaf_weight=240 3456 83 139 48 858 72 611 57 48 3378 63 444 444 403
leaf_count=240 3456 83 139 48 858 72 611 57 48 3378 63 444 444 403
internal_value=6.1898e-11 0.0772376 0.0495392 -0.068131 0.0955395 0.0680385 0.114115 1.0087 -0.161176 -0.0257572 0.474342 0.288512 0.176825 0.299593
internal_weight=10344 4848 4708 5496 1992 1944 1872 140 3504 3580 202 1128 888 1014
internal_count=10344 4848 4708 5496 1992 1944 1872 140 3504 3580 202 1128 888 1014
is_linear=0
shrinkage=0.05


Tree=84
num_leaves=15
num_cat=0
split_feature=10 10 0 0 2 27 15 11 9 14 11 23 9 6
split_gain=21227.8 22069.3 18147.7 26616.8 94490.7 46701.2 51558 39630.6 39136.3 47807.7 36508.1 34642.1 31162.3 30391.6
threshold=1.0000000180025095e-35 227.86515000000003 21.500000000000004 12.500000000000002 4.5000000000000009 15.043750000000001 435.43605000000008 317.46115000000003 398.86505000000005 354.00470000000007 434.02505000000002 7.1187500000000012 212.83295000000001 -0.159513159777915
decision_type=2 2 2 2 2 2 2 2 2 2 2 2 2 2
left_child=-1 -2 3 8 5 7 -7 11 10 -10 12 -5 -3 -8
right_child=1 2 -4 4 -6 6 13 -9 9 -11 -12 -13 -14 -15
leaf_value=0.99808812255285828 -0.36413874330311802 -1.3607787958118651 -0.21178991072783632 -0.55406155060045426 -0.2638542507288732 1.4333387338413912 1.5699113366338944 0.075710443897790039 2.008344142168176 0.039636127469249265 -1.4362802229821683 0.73652463411705282 -0.039149279585892545 0.17202554900537839
leaf_weight=53 411 45 845 59 1078 170 45 1699 51 78 48 438 5038 286
leaf_count=53 411 45 845 59 1078 170 45 1699 51 78 48 438 5038 286
internal_value=-3.25886e-10 -0.00514029 0.00979376 0.0305174 0.131819 0.289971 0.725575 0.190592 -0.0421851 0.817963 -0.0638103 0.583316 -0.0508497 0.36207
internal_weight=10344 10291 9880 9035 3775 2697 501 2196 5260 129 5131 497 5083 331
internal_count=10344 10291 9880 9035 3775 2697 501 2196 5260 129 5131 497 5083 331
is_linear=0
shrinkage=0.05


Tree=85
num_leaves=15
num_cat=0
split_feature=6 30 7 32 32 30 9 10 19 9 10 19 19 25
split_gain=19853.6 23055 20284.3 18589.2 18249.1 28251.5 22548.1 20771.5 17092.5 31865.5 25967.1 24356.4 52851.5 16301.5
threshold=0.69676570133721638 -5.3145833333333323 -0.6523320455745395 -7.2687500000000016 11.853440746711057 27.456250000000001 392.40175000000005 324.82135000000005 614.30520000000013 399.25805000000008 422.2267500000001 590.83130000000017 573.47545000000014 -0.84999999999999953
decision_type=2 2 2 2 2 2 2 2 2 2 2 2 2 2
left_child=1 -1 3 -2 5 8 7 -6 9 10 11 12 -3 -9
right_child=2 4 -4 -5 6 -7 -8 13 -10 -11 -12 -13 -14 -15
leaf_value=1.2404361438006164 -1.6112070444880464 0.069291475673636194 -0.083439858492616703 -0.2990501828774621 -0.12562107556801758 1.0699316467131887 0.95497473200162253 -1.6553707346683595 -0.2270536345653314 -1.2124998711525128 0.54584831009304391 0.82687179509263764 -1.6149993646652143 -0.26965243924747812
leaf_weight=40 41 5164 2784 79 1057 70 45 41 479 47 302 104 47 44
leaf_count=40 41 5164 2784 79 1057 70 45 41 479 47 302 104 47 44
internal_value=1.93322e-10 0.043277 -0.110875 -0.74737 0.0368059 0.071126 -0.142833 -0.186091 0.0597446 0.0839989 0.0948473 0.0692212 0.0541002 -0.938058
internal_weight=10344 7440 2904 120 7400 6213 1187 1142 6143 5664 5617 5315 5211 85
internal_count=10344 7440 2904 120 7400 6213 1187 1142 6143 5664 5617 5315 5211 85
is_linear=0
shrinkage=0.05


Tree=86
num_leaves=15
num_cat=0
split_feature=10 22 30 13 0 0 22 2 5 13 26 2 30 13
split_gain=19394.6 20252.5 45368.6 31272.9 28374.9 30942.5 29722.2 26541.4 26118.6 97758.9 40652 25171.4 36894.4 23858.2
threshold=1.0000000180025095e-35 8.6000000000000032 9.4145833333333346 13.368404228895702 19.500000000000004 10.500000000000002 -5.8499999999999988 3.5000000000000004 -0.12940952255126037 77.831074539680671 2.3229166666666665 1.0000000180025095e-35 4.5833333333333348 46.512937705957619
decision_type=2 2 2 2 2 2 2 2 2 2 2 2 2 2
left_child=-1 2 3 -2 5 7 -7 -5 -3 10 -10 12 -8 -12
right_child=1 8 -4 4 -6 6 11 -9 9 -11 13 -13 -14 -15
leaf_value=0.95401806977559933 0.73472015914047439 -0.1895097036756721 0.95668587356805801 -0.20926910330686732 -0.25588687445627983 1.0779319904067302 1.0465362025468665 0.14903017409000693 -0.13336969459808812 -2.162297588825226 0.11857754594066608 0.09982322665040777 -0.37001897900823566 0.55285904694373922
leaf_weight=53 158 2508 140 1173 777 99 170 924 1350 50 1118 1320 63 441
leaf_count=53 158 2508 140 1173 777 99 170 924 1350 50 1118 1320 63 441
internal_value=3.33561e-10 -0.00491332 0.0697576 0.0432482 0.0191094 0.0761038 0.237943 -0.0513919 -0.0708019 0.029813 0.067491 0.184396 0.663519 0.241424
internal_weight=10344 10291 4824 4684 4526 3749 1652 2097 5467 2959 2909 1553 233 1559
internal_count=10344 10291 4824 4684 4526 3749 1652 2097 5467 2959 2909 1553 233 1559
is_linear=0
shrinkage=0.05


Tree=87
num_leaves=15
num_cat=0
split_feature=9 18 32 13 0 13 2 0 27 17 17 13 25 18
split_gain=18429.8 26215.5 35364.5 37760.4 19531.1 21360.8 25240.8 42878.4 30478.4 32897.3 26561.6 25639.7 19201.8 18995
threshold=266.31720000000001 100.93615000000001 13.959971378829605 62.274321359490358 21.500000000000004 57.692165975949358 1.0000000180025095e-35 11.500000000000002 13.070833333333335 56.671035940615084 47.977002462840268 20.991579079663328 -9.1999999999999975 189.85245000000003
decision_type=2 2 2 2 2 2 2 2 2 2 2 2 2 2
left_child=1 2 3 -1 5 6 7 -2 9 10 -9 -10 -7 -8
right_child=4 -3 -4 -5 -6 12 13 8 11 -11 -12 -13 -14 -15
leaf_value=-0.37760777299550086 -0.04852173868791413 -0.0081984890055341233 -1.4737615854846258 0.93620417654514321 -0.2227376830594531 1.2820345541292972 0.15355285213780448 0.47516869853843346 1.8429150867927822 1.3425451952715717 -0.77074541183454659 0.4755952563136816 0.21683550187119877 -0.068596334137242948
leaf_weight=618 456 1560 66 60 670 44 1254 110 80 60 70 60 1100 4136
leaf_count=618 456 1560 66 60 670 44 1254 110 80 60 70 60 1100 4136
internal_value=1.9121e-10 -0.124673 -0.368895 -0.261341 0.0357273 0.0592241 0.0227358 0.278364 0.670626 0.328621 -0.00935346 1.25692 0.257805 -0.0169126
internal_weight=10344 2304 744 678 8040 7370 6226 836 380 240 180 140 1144 5390
internal_count=10344 2304 744 678 8040 7370 6226 836 380 240 180 140 1144 5390
is_linear=0
shrinkage=0.05


Tree=88
num_leaves=15
num_cat=0
split_feature=10 10 9 9 4 2 9 18 6 28 24 16 10 6
split_gain=16863.9 17823.5 16439.6 35133.9 20745.2 66738.8 54329.7 31734.3 37975.1 33531.8 31763.3 37820.1 38523.8 31062.7
threshold=1.0000000180025095e-35 227.86515000000003 437.66935000000007 424.42965000000004 -0.37940952255126065 4.5000000000000009 362.4504500000001 246.89835000000002 -0.074117382312902977 0.054464285714285694 23.522321428571434 291.45610922619056 367.36375000000004 -0.48314718476766422
decision_type=2 2 2 2 2 2 2 2 2 2 2 2 2 2
left_child=-1 -2 3 4 5 6 7 9 13 -3 11 -11 -13 -9
right_child=1 2 -4 -5 -6 -7 -8 8 -10 10 -12 12 -14 -15
leaf_value=0.88960208656652928 -0.32720434890511624 0.52055828370069479 0.76160794165399348 -1.360456278095854 -0.047531871003352953 -0.22877950142185091 0.96647392538927746 -0.25775195681386526 -0.89706589932061931 0.17777103502739708 0.51923162979960791 -0.25252681190666576 -1.7753991988797981 1.0868220540975768
leaf_weight=53 411 706 72 47 6024 1081 233 135 144 683 336 308 48 63
leaf_count=53 411 706 72 47 6024 1081 233 135 144 683 336 308 48 63
internal_value=1.47214e-10 -0.00458157 0.00883928 0.00331324 0.0098799 0.102427 0.237229 0.167104 -0.279252 0.240459 0.0966415 -0.0400191 -0.457858 0.170067
internal_weight=10344 10291 9880 9808 9761 3737 2656 2423 342 2081 1375 1039 356 198
internal_count=10344 10291 9880 9808 9761 3737 2656 2423 342 2081 1375 1039 356 198
is_linear=0
shrinkage=0.05


Tree=89
num_leaves=15
num_cat=0
split_feature=9 14 18 17 23 23 18 11 32 25 14 14 17 17
split_gain=16306.9 25553.2 28674.2 35226.5 24121.7 23640.8 22452.9 25479.8 22568.5 19100.6 22300.8 25099.3 31975.5 23203.8
threshold=289.46525000000003 273.09210000000007 245.14305000000004 46.320905731280384 24.650000000000002 1.2583333333333335 258.28425000000004 479.47655000000003 -3.5031248451283532 -10.549999999999997 257.98325000000006 251.32810000000003 71.775494611918518 49.589796763351742
decision_type=2 2 2 2 2 2 2 2 2 2 2 2 2 2
left_child=1 2 4 -4 -1 -3 7 9 -8 -2 11 12 -11 -12
right_child=6 5 3 -5 -6 -7 8 -9 -10 10 13 -13 -14 -15
leaf_value=-0.060832975284961933 1.0867486171265865 -1.3122095185021561 1.4068794298917056 0.11002963818027639 -1.1886373033126196 -0.26603401158936324 -0.60796144822653808 1.0877641032449901 -0.030996709421827435 -0.0010695830743495955 0.38975646498416583 -0.42502663159421267 1.3479970148371327 0.070774769625705558
leaf_weight=3864 47 72 72 192 48 216 225 64 687 1835 839 359 45 1779
leaf_count=3864 47 72 72 192 48 216 225 64 687 1835 839 359 45 1779
internal_value=2.1712e-10 -0.0720508 -0.0406351 0.463716 -0.0746711 -0.527578 0.0546998 0.0965621 -0.17334 0.0836264 0.0739194 -0.0419327 0.0312219 0.173
internal_weight=10344 4464 4176 264 3912 288 5880 4968 912 4904 4857 2239 1880 2618
internal_count=10344 4464 4176 264 3912 288 5880 4968 912 4904 4857 2239 1880 2618
is_linear=0
shrinkage=0.05


Tree=90
num_leaves=15
num_cat=0
split_feature=13 9 14 23 18 23 11 19 12 25 14 10 19 22
split_gain=15735.7 19785.6 25631.1 30644.2 23569.3 21844.2 19875.7 18260.4 17573.9 17164.3 21045.3 24895.3 57082.4 30651.3
threshold=12.592347737317665 289.46525000000003 276.72510000000005 1.2583333333333335 258.28425000000004 24.650000000000002 479.47655000000003 509.37290000000007 371.43508958333342 -10.549999999999997 257.98325000000006 381.04305000000005 444.46585000000005 24.150000000000002
decision_type=2 2 2 2 2 2 2 2 2 2 2 2 2 2
left_child=-1 2 5 -4 6 8 9 -6 -2 -3 11 13 -13 -11
right_child=1 4 3 -5 7 -7 -8 -9 -10 10 -12 12 -14 -15
leaf_value=0.38106329115389875 -0.067631904658429415 1.032411192452654 -1.778913005270685 -0.23163218067881342 -0.53557340335594772 -1.1292054696629445 0.98246135000259649 -0.039509551126796466 0.89476244859397414 -0.044666250814114329 0.16981777686793734 -1.7851006977718613 0.11083009778795874 0.71647695875398709
leaf_weight=264 4032 47 48 96 264 48 62 624 48 1930 2572 65 102 142
leaf_count=264 4032 47 48 96 264 48 62 624 48 1930 2572 65 102 142
internal_value=-6.93728e-10 -0.00998023 -0.0916596 -0.747392 0.050098 -0.0687852 0.0928891 -0.186988 -0.0563096 0.0815359 0.0722466 -0.0398361 -0.627107 0.00749704
internal_weight=10344 10080 4272 144 5808 4128 4920 888 4080 4858 4811 2239 167 2072
internal_count=10344 10080 4272 144 5808 4128 4920 888 4080 4858 4811 2239 167 2072
is_linear=0
shrinkage=0.05


Tree=91
num_leaves=15
num_cat=0
split_feature=10 10 13 0 9 4 2 9 9 11 14 13 0 2
split_gain=14825.7 15470.9 16266.8 24691.7 27160 22406.8 44164.6 39136.9 30053.5 25331.4 20683.7 18969.4 18954.9 23585.3
threshold=1.0000000180025095e-35 226.19515000000004 24.091712159168953 4.5000000000000009 393.29170000000005 -0.37940952255126065 4.5000000000000009 424.42965000000004 362.4504500000001 434.02505000000002 208.31250000000003 35.020446363916058 10.500000000000002 3.5000000000000004
decision_type=2 2 2 2 2 2 2 2 2 2 2 2 2 2
left_child=-1 -2 12 4 -4 6 7 8 -5 -7 -8 -12 -3 -14
right_child=1 2 3 5 -6 9 10 -9 -10 -11 11 -13 13 -15
leaf_value=0.83411165751376248 -0.32174661685284733 -0.031618561336021547 0.11016672950068984 0.10294844663643657 1.3057461149230296 -0.14817041881931467 0.49448541685500569 -1.3288481684525808 0.75002968084104937 -1.2030365291597516 -0.1116596665669386 -0.67737128487858067 0.46883303438791391 0.033467913408362381
leaf_weight=53 370 1058 1554 2013 49 3034 68 45 197 58 267 333 637 608
leaf_count=53 370 1058 1554 2013 49 3034 68 45 197 58 267 333 637 608
internal_value=-3.87137e-10 -0.00429578 0.00754343 -0.0276588 0.146713 -0.0741288 0.0251249 0.130906 0.160629 -0.167958 -0.331965 -0.42563 0.123987 0.256221
internal_weight=10344 10291 9921 7618 1603 6015 2923 2255 2210 3092 668 600 2303 1245
internal_count=10344 10291 9921 7618 1603 6015 2923 2255 2210 3092 668 600 2303 1245
is_linear=0
shrinkage=0.05


Tree=92
num_leaves=15
num_cat=0
split_feature=9 9 9 25 32 2 32 30 26 25 29 13 27 26
split_gain=14993.2 28231.3 18937.5 24080.5 18190.3 22056.8 17754.4 27196.1 34645.2 28743.1 29134.8 31860.6 26748.5 25339.2
threshold=437.66935000000007 424.42965000000004 377.60620000000006 0.60000000000000109 -0.12239984007973397 3.5000000000000004 -0.29710269552393537 1.0000000180025095e-35 0.093749999999999931 -4.4499999999999984 13.460416666666667 20.266661485179164 15.043750000000001 0.7020833333333335
decision_type=2 2 2 2 2 2 2 2 2 2 2 2 2 2
left_child=1 2 6 4 -4 -6 7 -1 9 -9 11 -11 -12 -10
right_child=-2 -3 3 -5 5 -7 -8 8 13 10 12 -13 -14 -15
leaf_value=-0.020765146666529719 0.71900826433880471 -1.2147960978560151 0.14319068261168219 -0.073008395122208955 1.6199408035137151 0.28353697636093084 -0.073531876350207845 1.2154771642988189 -0.88494020573298138 1.6547340275347233 -0.61559828218072665 0.40610751107681636 0.5880947795708974 0.095301505009106516
leaf_weight=3042 72 48 88 192 76 52 5441 114 75 60 120 344 75 545
leaf_count=3042 72 48 88 192 76 52 5441 114 75 60 120 344 75 545
internal_value=5.77251e-11 -0.00503978 0.00063983 0.334418 0.696575 1.07703 -0.0132336 0.0617568 0.250078 0.487777 0.349283 0.591547 -0.152639 -0.0232761
internal_weight=10344 10272 10224 408 216 128 9816 4375 1333 713 599 404 195 620
internal_count=10344 10272 10224 408 216 128 9816 4375 1333 713 599 404 195 620
is_linear=0
shrinkage=0.05


Tree=93
num_leaves=15
num_cat=0
split_feature=6 17 10 0 9 28 7 18 0 22 2 30 15 32
split_gain=14592.2 16689.5 88160.4 17622.8 17817.9 25482.8 18164.3 16754.5 21183.5 20023.5 18494.8 16185.5 15600.7 14125.2
threshold=0.69676570133721638 36.93592095136524 294.18500000000006 20.500000000000004 306.71200000000005 0.69226190476190486 0.29958852271690523 222.00575000000003 11.500000000000002 4.7000000000000011 4.5000000000000009 -5.3145833333333323 399.1692000000001 11.853440746711057
decision_type=2 2 2 2 2 2 2 2 2 2 2 2 2 2
left_child=11 2 -2 4 5 7 -7 8 -3 10 -10 -1 -11 -13
right_child=1 3 -4 -5 -6 6 -8 -9 9 12 -12 13 -14 -15
leaf_value=1.0401751040294767 -0.05602584057090472 0.051783456416922585 -2.2776848961909613 -0.39840477664184609 -0.35314921681606581 -0.16157085945770619 -1.0916077650492155 -0.13939848590541845 1.2754701518095457 0.38013475804417224 0.25695687320759236 0.061874457444561243 -0.62542710297637516 -0.12636364454457658
leaf_weight=40 258 672 54 324 315 315 63 399 117 270 72 6213 45 1187
leaf_count=40 258 672 54 324 315 315 63 399 117 270 72 6213 45 1187
internal_value=4.42622e-10 -0.0950549 -0.440544 -0.0534683 -0.0041916 0.0520919 -0.316577 0.140572 0.235563 0.480601 0.887465 0.0371021 0.236483 0.03168
internal_weight=10344 2904 312 2592 2268 1953 378 1575 1176 504 189 7440 315 7400
internal_count=10344 2904 312 2592 2268 1953 378 1575 1176 504 189 7440 315 7400
is_linear=0
shrinkage=0.05


Tree=94
num_leaves=15
num_cat=0
split_feature=9 18 32 13 16 14 0 22 30 5 2 9 25 32
split_gain=13359.3 21551.7 30020.5 33153.8 18356.6 17939.3 16943.2 16897.8 36202.3 30589 25038.4 39363.9 22754.1 20702.3
threshold=265.94725000000005 100.93615000000001 13.959971378829605 62.274321359490358 298.0989788690477 187.84795000000003 21.500000000000004 8.6000000000000032 7.0166666666666684 -0.12940952255126037 4.5000000000000009 275.98205000000002 -4.7499999999999982 3.4221376195497153
decision_type=2 2 2 2 2 2 2 2 2 2 2 2 2 2
left_child=1 2 3 5 -3 -1 7 8 -2 10 12 -12 -9 -10
right_child=6 4 -4 -5 -6 -7 -8 9 13 -11 11 -13 -14 -15
leaf_value=-1.3687156949192287 0.085767817779661526 0.068138602586466632 -1.3759274820072784 0.88704738323887189 -0.42908116569603783 -0.27248433254110749 -0.21000790457788426 -0.79583503998289207 1.0098729768425396 0.12003187507852429 -1.9140252733095124 -0.33760595441598334 -0.010350397580487851 0.020709182375943977
leaf_weight=40 3402 1320 63 60 216 557 674 99 174 1881 44 396 1342 76
leaf_count=40 3402 1320 63 60 216 557 674 99 174 1881 44 396 1342 76
internal_value=2.8989e-10 -0.107589 -0.33331 -0.233333 -0.00178293 -0.345934 0.0300101 0.0518299 0.128443 -0.0225431 -0.165118 -0.495248 -0.064315 0.709167
internal_weight=10344 2256 720 657 1536 597 8088 7414 3652 3762 1881 440 1441 250
internal_count=10344 2256 720 657 1536 597 8088 7414 3652 3762 1881 440 1441 250
is_linear=0
shrinkage=0.05


Tree=95
num_leaves=15
num_cat=0
split_feature=13 9 14 23 18 23 32 25 11 18 25 14 10 29
split_gain=13088.4 16262.1 23234.9 26924.1 21141.7 20052.1 18014.5 18036.7 15932 15162 14738.6 17914.8 22837.4 53967.5
threshold=12.592347737317665 289.46525000000003 276.72510000000005 1.2583333333333335 258.28425000000004 24.650000000000002 -3.3899661479187824 -2.2499999999999996 479.47655000000003 265.38960000000003 -10.549999999999997 257.98325000000006 381.04305000000005 0.057738095238095227
decision_type=2 2 2 2 2 2 2 2 2 2 2 2 2 2
left_child=-1 2 5 -4 8 9 7 -6 10 -2 -3 12 -12 -14
right_child=1 4 3 -5 6 -7 -8 -9 -10 -11 11 -13 13 -15
leaf_value=0.34753388439121685 -0.062339172522752229 0.95685339462249841 -1.6743650746221346 -0.22403898437817893 -1.476386705874889 -1.0773645346984269 -0.049549513689159053 -0.34520597480616333 0.88233695433985815 0.66972326089938483 0.009043071009237796 0.15714183307646068 0.9275855819673039 -1.1280651410861362
leaf_weight=264 4008 47 48 96 44 48 667 177 62 72 2072 2572 43 124
leaf_count=264 4008 47 48 96 44 48 667 177 62 72 2072 2572 43 124
internal_value=-3.99716e-10 -0.00910208 -0.0831522 -0.707481 0.0453645 -0.0613733 -0.17918 -0.570418 0.0858921 -0.0494204 0.0757275 0.0671195 -0.0362915 -0.598766
internal_weight=10344 10080 4272 144 5808 4128 888 221 4920 4080 4858 4811 2239 167
internal_count=10344 10080 4272 144 5808 4128 888 221 4920 4080 4858 4811 2239 167
is_linear=0
shrinkage=0.05


Tree=96
num_leaves=15
num_cat=0
split_feature=10 13 0 9 26 9 32 2 25 9 32 2 11 31
split_gain=13100.8 14040.3 13361 28935.6 29652.8 24401.8 30083.8 28239.6 33765.6 20963.1 19999.7 40379.7 31916 29304.8
threshold=1.0000000180025095e-35 134.0837409048402 20.500000000000004 393.29170000000005 2.2708333333333335 377.60620000000006 -0.8863240279920277 4.5000000000000009 -0.50000000000000011 424.42965000000004 -1.0000000180025095e-35 4.5000000000000009 279.90015000000005 0.087499999999999994
decision_type=2 2 2 2 2 2 2 2 2 2 2 2 2 2
left_child=-1 2 5 4 -4 10 -7 8 -8 -10 11 12 -2 -14
right_child=1 -3 3 -5 -6 6 7 -9 9 -11 -12 -13 13 -15
leaf_value=0.78408929721786169 1.069664605149945 -0.87561675657558702 -0.26402162613937474 -1.4419637410413653 0.27535631471964689 -0.10664643560839498 1.9308791556977667 -0.32121105986946036 0.072523018320401519 1.2562374796252698 -0.059922590784037603 -0.17044390138429422 0.27458877919839242 -0.13765830639878671
leaf_weight=53 103 46 878 42 359 190 64 53 90 64 5132 996 1696 578
leaf_count=53 103 46 878 42 359 190 64 53 90 64 5132 996 1696 578
internal_value=2.41795e-10 -0.00403816 -0.000124779 -0.151306 -0.107484 0.0214412 0.375739 0.713942 0.965608 0.564456 0.00223711 0.0968127 0.208797 0.169805
internal_weight=10344 10291 10245 1279 1237 8966 461 271 218 154 8505 3373 2377 2274
internal_count=10344 10291 10245 1279 1237 8966 461 271 218 154 8505 3373 2377 2274
is_linear=0
shrinkage=0.05


Tree=97
num_leaves=15
num_cat=0
split_feature=13 18 9 14 18 23 18 12 25 32 25 14 25 13
split_gain=11994.9 14700 14200.8 21259.5 18607.6 18017 17517.3 16848.6 16558.3 14530.7 13992.2 16683.3 25137.2 23377.3
threshold=12.592347737317665 245.14305000000004 289.46525000000003 273.09210000000007 258.28425000000004 24.650000000000002 265.38960000000003 307.15603333333337 5.2500000000000027 -3.5031248451283532 -10.549999999999997 257.98325000000006 -6.9499999999999984 25.35247348022396
decision_type=2 2 2 2 2 2 2 2 2 2 2 2 2 2
left_child=1 -1 3 5 10 6 -2 -6 -5 -9 -4 -12 -13 -14
right_child=2 -3 4 8 7 -7 -8 9 -10 -11 11 12 13 -15
leaf_value=0.10422222822865781 -0.049262348099000521 0.94197226776612097 0.92970469975844028 -0.32584662987522922 -1.0795719942698876 -1.0121692220990857 0.91175503581762318 -0.48720010823908438 -1.3525193748374782 0.00022182849633721677 -0.027798032284225505 -0.76354234860175196 0.49813222666891915 0.11074048465593407
leaf_weight=192 3912 72 48 216 48 48 48 201 48 639 2256 72 480 2064
leaf_count=192 3912 72 48 216 48 48 48 201 48 639 2256 72 480 2064
internal_value=-1.87166e-10 0.3327 -0.00871356 -0.0779115 0.0421841 -0.049285 -0.0376137 -0.168474 -0.512514 -0.116411 0.0802053 0.0718359 0.157759 0.183833
internal_weight=10344 264 10080 4272 5808 4008 3960 888 264 840 4920 4872 2616 2544
internal_count=10344 264 10080 4272 5808 4008 3960 888 264 840 4920 4872 2616 2544
is_linear=0
shrinkage=0.05


Tree=98
num_leaves=15
num_cat=0
split_feature=10 13 10 13 0 9 4 2 9 9 11 14 12 11
split_gain=12028.3 12035.8 12346 13075 28114.9 21649.3 16623.8 37414 36721.3 25211.4 23876.3 18481.7 19477.3 23558.7
threshold=1.0000000180025095e-35 134.0837409048402 226.19515000000004 24.091712159168953 4.5000000000000009 393.29170000000005 -0.37940952255126065 4.5000000000000009 424.42965000000004 362.4504500000001 434.02505000000002 317.05485000000004 351.7555895833334 317.46115000000003
decision_type=2 2 2 2 2 2 2 2 2 2 2 2 2 2
left_child=-1 2 -2 -4 5 -5 7 8 9 11 -8 12 13 -6
right_child=1 -3 3 4 6 -7 10 -9 -10 -11 -12 -13 -14 -15
leaf_value=0.75130782543488273 -0.28380645824747314 -0.8108366100360519 0.11470158207883369 0.13241391885440953 0.35175311800358555 1.1999277835901905 -0.13275602571121761 -0.31642926700825891 -1.3017841938138011 0.68075851896390094 -1.156924351484611 -0.65188928768958576 0.54660294667905218 -0.059930907573909446
leaf_weight=53 370 46 2303 1545 490 49 3019 659 45 197 58 81 234 1195
leaf_count=53 370 46 2303 1545 490 49 3019 659 45 197 58 81 234 1195
internal_value=-2.64028e-11 -0.00386933 -0.000246055 0.0103785 -0.0213511 0.16523 -0.0711017 0.0147694 0.11212 0.14108 -0.152061 0.0879218 0.119149 0.0597873
internal_weight=10344 10291 10245 9875 7572 1594 5978 2901 2242 2197 3077 2000 1919 1685
internal_count=10344 10291 10245 9875 7572 1594 5978 2901 2242 2197 3077 2000 1919 1685
is_linear=0
shrinkage=0.05


Tree=99
num_leaves=15
num_cat=0
split_feature=9 9 32 13 19 19 9 4 13 6 22 11 6 0
split_gain=11774.1 25696.1 17360.7 21611 12178.3 24994.5 17702.2 14029 15892.6 12823 29634.4 42352.7 23756.1 29278.6
threshold=437.66935000000007 424.42965000000004 -23.221153121816556 56.443380128269446 614.30520000000013 590.83130000000017 377.60620000000006 -0.37940952255126065 53.942385346167228 -0.074117382312902977 9.1500000000000021 387.29630000000003 -0.01397611846945947 11.500000000000002
decision_type=2 2 2 2 2 2 2 2 2 2 2 2 2 2
left_child=1 2 3 -1 5 6 9 -8 -9 10 11 -4 13 -11
right_child=-2 -3 4 -5 -6 -7 7 8 -10 12 -12 -13 -14 -15
leaf_value=0.20552718421890953 0.63716476642423214 -1.1586269064030299 0.18354329193123417 1.4678256815526545 -0.26875295572487329 0.65640834247072544 0.92006327022993295 -0.25332369693687989 0.69964562582969669 0.007670704452764421 -0.034806003900289095 1.3258638145548574 -0.048584582962600931 -1.3124718026036311
leaf_weight=196 72 48 919 41 432 144 86 105 75 84 2609 89 5360 84
leaf_count=196 72 48 919 41 432 144 86 105 75 84 2609 89 5360 84
internal_value=-4.01474e-10 -0.00446611 0.000952487 0.423899 -0.00908441 0.00265571 -0.00734752 0.394736 0.143747 -0.0190429 0.0541524 0.284403 -0.066935 -0.652401
internal_weight=10344 10272 10224 237 9987 9555 9411 266 180 9145 3617 1008 5528 168
internal_count=10344 10272 10224 237 9987 9555 9411 266 180 9145 3617 1008 5528 168
is_linear=0
shrinkage=0.05


Tree=100
num_leaves=15
num_cat=0
split_feature=10 2 13 0 32 9 22 12 17 32 9 23 28 5
split_gain=10837.1 18734.2 11070.9 24801.7 22575.3 34284.3 30080.1 30540.5 23128.5 71706.1 21314.6 21152.6 20948.9 25878.1
threshold=476.20150000000007 3.5000000000000004 24.091712159168953 4.5000000000000009 1.0253865595360862e-15 424.42965000000004 24.150000000000002 295.97181250000011 66.6276553647741 0.60355434731181756 392.40175000000005 4.4166666666666679 0.075297619047619016 1.0000000180025095e-35
decision_type=2 2 2 2 2 2 2 2 2 2 2 2 2 2
left_child=2 -2 12 10 5 6 -5 -8 11 -10 -4 -6 13 -1
right_child=1 -3 3 4 8 -7 7 -9 9 -11 -12 -13 -14 -15
leaf_value=0.45785228921121396 0.8152238827311632 -0.41517095526059472 0.10346070581257538 -0.024485393258807098 0.1490053948238492 -1.4380178402836732 1.7393209000541405 0.28938099248961618 -2.5699476633130054 -0.26105971677816492 1.1046918378634887 -0.22529489302939823 -0.060953203343110635 0.0024879086971617281
leaf_weight=624 99 45 1585 3254 475 41 44 208 41 187 55 1838 1224 624
leaf_count=624 99 45 1585 3254 475 41 44 208 41 187 55 1838 1224 624
internal_value=-3.24215e-10 0.430725 -0.00608083 -0.0355422 -0.0820324 -0.000539283 0.0162709 0.542545 -0.195789 -0.676254 0.137039 -0.148428 0.0860217 0.23017
internal_weight=10344 144 10200 7728 6088 3547 3506 252 2541 228 1640 2313 2472 1248
internal_count=10344 144 10200 7728 6088 3547 3506 252 2541 228 1640 2313 2472 1248
is_linear=0
shrinkage=0.05


Tree=101
num_leaves=15
num_cat=0
split_feature=9 9 22 23 25 0 7 15 0 15 7 9 19 0
split_gain=11115.9 22650.6 15024.1 20114.1 32059.2 39310.8 32223 31464.4 31274.1 29817.8 26279.1 22870.4 22293.1 21394.2
threshold=437.66935000000007 424.42965000000004 21.950000000000003 12.189583333333333 -0.50000000000000011 10.500000000000002 0.99681593486783593 373.30625000000003 18.500000000000004 378.92725000000007 0.91159213926341531 269.42765000000003 635.50815000000011 6.5000000000000009
decision_type=2 2 2 2 2 2 2 2 2 2 2 2 2 2
left_child=1 2 3 4 5 -1 8 11 12 -9 -10 -6 -7 -11
right_child=-2 -3 -4 -5 7 6 -8 9 10 13 -12 -13 -14 -15
leaf_value=-0.049509753951298828 0.61909838976959397 -1.0879471100866795 0.15191600361364069 -0.12202752187452051 -0.15699321674018629 0.62203181170410871 -0.88798713560860887 -1.4429726074139277 -0.13031409869512803 0.096750061886602456 0.6567123663502521 0.30930582045333549 -0.5866672597080469 -0.29303130928871424
leaf_weight=1232 72 48 1416 3264 432 824 52 48 395 497 145 672 40 1207
leaf_count=1232 72 48 1416 3264 432 824 52 48 395 497 145 672 40 1207
internal_value=-1.76592e-10 -0.00433947 0.000747885 -0.0235543 0.0344212 0.158358 0.334245 -0.0822249 0.379513 -0.213965 0.0810171 0.126841 0.566074 -0.179345
internal_weight=10344 10272 10224 8808 5544 2688 1456 2856 1404 1752 540 1104 864 1704
internal_count=10344 10272 10224 8808 5544 2688 1456 2856 1404 1752 540 1104 864 1704
is_linear=0
shrinkage=0.05


Tree=102
num_leaves=15
num_cat=0
split_feature=10 13 0 9 26 9 32 2 25 9 16 32 2 11
split_gain=10361.5 11867.9 11492.3 25684.7 26506.4 18935.2 25916.6 24686.1 27319.8 20315.2 18614.3 16461.3 35526.9 28653.7
threshold=1.0000000180025095e-35 134.0837409048402 20.500000000000004 393.29170000000005 2.2708333333333335 377.60620000000006 -0.8863240279920277 4.5000000000000009 -0.50000000000000011 424.42965000000004 290.34443750000008 -1.0000000180025095e-35 4.5000000000000009 281.96710000000002
decision_type=2 2 2 2 2 2 2 2 2 2 2 2 2 2
left_child=-1 2 5 4 -4 11 -7 8 -8 -10 -6 12 13 -2
right_child=1 -3 3 -5 10 6 7 -9 9 -11 -12 -13 -14 -15
leaf_value=0.69731172441311606 0.97461033757426785 -0.80491031628587972 -0.24691696712049255 -1.3561998957679386 0.82301717369329364 -0.1156232432315224 1.7495757808908821 -0.32182336865731009 0.03620512511995104 1.2014825699385256 0.031556726018274861 -0.05330264932433542 -0.16179000489642845 0.15533076245489863
leaf_weight=53 112 46 878 42 105 190 64 53 90 64 254 5132 996 2265
leaf_count=53 112 46 878 42 105 190 64 53 90 64 254 5132 996 2265
internal_value=2.48955e-11 -0.00359125 6.67188e-06 -0.140204 -0.0989174 0.0200078 0.332107 0.646013 0.881313 0.520476 0.263042 0.00309095 0.0888935 0.193934
internal_weight=10344 10291 10245 1279 1237 8966 461 271 218 154 359 8505 3373 2377
internal_count=10344 10291 10245 1279 1237 8966 461 271 218 154 359 8505 3373 2377
is_linear=0
shrinkage=0.05


Tree=103
num_leaves=15
num_cat=0
split_feature=7 7 11 22 2 6 7 32 9 9 18 14 2 32
split_gain=10020.6 16666.3 12962.1 12848.2 12610 10748.6 13527.5 18190.8 13360.8 15829.1 14058.8 16638.7 13739.7 17792.8
threshold=0.99988440732898443 0.99681593486783593 492.81720000000001 -2.4999999999999996 1.0000000180025095e-35 0.69676570133721638 -0.6523320455745395 -7.2687500000000016 306.71200000000005 292.91655000000009 221.97985000000003 233.98480000000004 2.5000000000000004 -1.3818301755071654
decision_type=2 2 2 2 2 2 2 2 2 2 2 2 2 2
left_child=1 2 5 -4 -3 -1 7 -7 9 10 -8 -12 -11 -14
right_child=-2 4 3 -5 -6 6 8 -9 -10 12 11 -13 13 -15
leaf_value=0.032439084462032551 0.72075381328662236 -1.1666783172326782 -0.18233138456940653 0.93257472939687236 -0.23089207210578025 -1.4562305293432098 -0.011981716854609031 -0.15821237874134808 -0.34581969660772405 -0.065156457442531568 -1.2172791705777248 -0.22624797293709384 1.1127647041887432 0.22012164184612595
leaf_weight=7105 48 48 40 73 144 41 1507 79 355 216 48 360 77 203
leaf_count=7105 48 48 40 73 144 41 1507 79 355 216 48 360 77 203
internal_value=1.3908e-10 -0.00336016 0.00540903 0.537918 -0.464839 -0.000613739 -0.081986 -0.601702 -0.0594387 -0.0172714 -0.0824726 -0.34284 0.234463 0.465598
internal_weight=10344 10296 10104 113 192 9991 2886 120 2766 2411 1915 408 496 280
internal_count=10344 10296 10104 113 192 9991 2886 120 2766 2411 1915 408 496 280
is_linear=0
shrinkage=0.05


Tree=104
num_leaves=15
num_cat=0
split_feature=30 0 31 30 32 22 30 30 24 22 0 9 27 25
split_gain=9795.23 16232.9 12652.4 30112.9 26236 26012 19627.4 24361.4 22114.9 19204.1 19829.5 22883.7 17507.3 16646.8
threshold=27.456250000000001 11.500000000000002 1.0000000180025095e-35 7.0166666666666684 2.0316595254948573 11.4 4.4166666666666679 1.4166666666666667 4.6083333333333343 4.7000000000000011 10.500000000000002 294.5990000000001 8.4937500000000004 -3.8499999999999992
decision_type=2 2 2 2 2 2 2 2 2 2 2 2 2 2
left_child=2 -2 3 6 5 12 7 -1 -8 10 -9 13 -5 -12
right_child=1 -3 -4 4 -6 -7 8 9 -10 -11 11 -13 -14 -15
leaf_value=-0.014101207500038015 -0.28775720462203025 1.0125987682243189 -0.15251808264735522 1.1761763828427843 -0.053888225983687199 -0.23965678207385235 -0.97403493454510515 -0.057120029934435747 -0.064182520438643073 -0.48657720792293557 -0.35605150356660697 1.3579744078715643 0.45188477324579468 0.94727155703062926
leaf_weight=7674 40 60 1270 150 264 78 110 87 170 50 49 105 188 49
leaf_count=7674 40 60 1270 150 264 78 110 87 170 50 49 105 188 49
internal_value=1.83449e-10 0.492456 -0.00480727 0.0160968 0.335972 0.583384 -0.0101289 0.00424833 -0.421625 0.418408 0.57444 0.845109 0.773316 0.29561
internal_weight=10344 100 10244 8974 680 416 8294 8014 280 340 290 203 338 98
internal_count=10344 100 10244 8974 680 416 8294 8014 280 340 290 203 338 98
is_linear=0
shrinkage=0.05


Tree=105
num_leaves=15
num_cat=0
split_feature=13 18 9 14 23 23 0 18 23 0 25 0 9 12
split_gain=9445.16 12327.3 10739.8 39477.5 16250.9 17705.1 17805.4 14635.9 15189.2 15570.2 21133.5 14132.9 13770.9 12612.8
threshold=12.592347737317665 245.14305000000004 282.05545000000006 279.90080000000006 24.650000000000002 21.947916666666671 14.500000000000002 258.28425000000004 3.0166666666666671 5.5000000000000009 -2.2499999999999996 21.500000000000004 366.54130000000004 371.43508958333342
decision_type=2 2 2 2 2 2 2 2 2 2 2 2 2 2
left_child=1 -1 3 4 5 13 -7 11 -9 -10 -11 -4 -13 -2
right_child=2 -3 7 -5 -6 6 -8 8 9 10 -12 12 -14 -15
leaf_value=0.086002072181630265 -0.077580410760264007 0.85316689064105367 0.085018511482866252 -1.5010065313428642 -0.97130444645881653 0.08008125182241202 1.3381349185936982 0.079331470983258143 0.14327315703507454 -1.4142968782672176 -0.34590185340493917 -0.10853740619799204 -0.98700427007675173 0.73869322687387473
leaf_weight=192 3360 72 5104 48 48 75 45 384 126 54 324 414 50 48
leaf_count=192 3360 72 5104 48 48 75 45 384 126 54 324 414 50 48
internal_value=6.40476e-11 0.295229 -0.00773218 -0.0766175 -0.0574981 -0.0450654 0.551851 0.0309358 -0.157577 -0.338079 -0.49853 0.0610003 -0.2032 -0.0660836
internal_weight=10344 264 10080 3624 3576 3528 120 6456 888 504 378 5568 464 3408
internal_count=10344 264 10080 3624 3576 3528 120 6456 888 504 378 5568 464 3408
is_linear=0
shrinkage=0.05


Tree=106
num_leaves=15
num_cat=0
split_feature=10 13 10 13 0 9 0 22 7 19 11 6 12 2
split_gain=9365.48 10400.5 9708.74 10504.3 23483.7 16625.5 14120.6 17850.9 14625.2 15470.5 19419.4 20978.8 13095.9 12253
threshold=1.0000000180025095e-35 134.0837409048402 226.19515000000004 24.091712159168953 4.5000000000000009 393.29170000000005 4.5000000000000009 10.850000000000001 0.99681593486783593 614.30520000000013 359.92335000000008 0.57782244426053786 323.42505416666671 4.5000000000000009
decision_type=2 2 2 2 2 2 2 2 2 2 2 2 2 2
left_child=-1 2 -2 6 5 -5 -4 8 9 10 -8 12 -12 -6
right_child=1 -3 3 4 13 -7 7 -9 -10 -11 11 -13 -14 -15
leaf_value=0.66295139966708305 -0.25150280953825427 -0.75355777630339504 -0.13434570570482021 0.12270093441182826 -0.025797263233067233 1.0581916056117233 0.29346662625089098 -0.034205552825968752 -0.3800756629409367 -0.2703661722258518 1.9535000523742365 0.28383029167646473 0.7578631000398377 -0.19681880627015946
leaf_weight=53 370 46 493 1545 4624 49 785 683 76 95 49 79 43 1354
leaf_count=53 370 46 493 1545 4624 49 785 683 76 95 49 79 43 1354
internal_value=-1.27141e-10 -0.00341429 -4.61462e-05 0.00937552 -0.0190643 0.151458 0.102882 0.167498 0.289736 0.338172 0.398644 0.881475 1.39467 -0.0645332
internal_weight=10344 10291 10245 9875 7572 1594 2303 1810 1127 1051 956 171 92 5978
internal_count=10344 10291 10245 9875 7572 1594 2303 1810 1127 1051 956 171 92 5978
is_linear=0
shrinkage=0.05


Tree=107
num_leaves=15
num_cat=0
split_feature=30 0 31 30 32 25 15 30 30 24 22 32 9 25
split_gain=9072.77 14643.5 11266 27138.6 23341.5 24496.6 26674.5 17464.2 21502 19370.4 17146.4 17836 19763.8 14213.8
threshold=27.456250000000001 11.500000000000002 1.0000000180025095e-35 7.0166666666666684 2.0316595254948573 -1.1000000000000001 406.56615000000005 4.4166666666666679 1.4166666666666667 4.6083333333333343 4.7000000000000011 0.68571205856856443 294.37650000000008 -5.2499999999999982
decision_type=2 2 2 2 2 2 2 2 2 2 2 2 2 2
left_child=2 -2 3 7 5 -5 -7 8 -1 -9 11 12 -10 -4
right_child=1 -3 13 4 -6 6 -8 9 10 -11 -12 -13 -14 -15
leaf_value=-0.013475049992176996 -0.26708581477403642 0.96797024443745616 -0.83658160361328293 1.0113933937417137 -0.04895981005534078 0.49244265982843177 -0.81184989296051924 -0.91495375856714833 0.26280573726777573 -0.063427525276646898 -0.46226817816495896 0.019806047174192612 1.301892640250484 -0.10361007984991495
leaf_weight=7674 40 60 70 171 264 196 49 110 83 170 50 105 102 1200
leaf_count=7674 40 60 70 171 264 196 49 110 83 170 50 105 102 1200
internal_value=-3.66065e-10 0.473948 -0.00462659 0.015099 0.318766 0.552131 0.231584 -0.0097978 0.00376399 -0.397956 0.392859 0.540295 0.835708 -0.14401
internal_weight=10344 100 10244 8974 680 416 245 8294 8014 280 340 290 185 1270
internal_count=10344 100 10244 8974 680 416 245 8294 8014 280 340 290 185 1270
is_linear=0
shrinkage=0.05


Tree=108
num_leaves=15
num_cat=0
split_feature=6 17 10 9 28 18 7 0 32 25 6 11 22 0
split_gain=9431.83 12721.5 78726.1 14690.6 16559.1 18503.5 15757.3 14851 12820.2 14254.5 12733.5 10491.7 10436.1 20615.8
threshold=0.69676570133721638 36.93592095136524 294.18500000000006 306.71200000000005 0.69226190476190486 209.07770000000002 0.29958852271690523 20.500000000000004 1.2806996763060359 -7.2499999999999991 0.98049069993378934 300.95135000000005 -5.8499999999999988 10.500000000000002
decision_type=2 2 2 2 2 2 2 2 2 2 2 2 2 2
left_child=12 2 -2 4 5 8 -6 -7 9 -3 -11 -9 13 -1
right_child=1 3 -4 -5 6 7 -8 11 -10 10 -12 -13 -14 -15
leaf_value=-0.16957220526581462 -0.014693227632678758 1.1690540003661927 -2.1141155938307445 -0.33650584419568386 -0.13525526596477397 -0.01409463901122017 -0.94553567474294042 -0.26292764223454629 0.0036038952933811642 0.19673349644481175 0.91059432299169785 -1.2834473256766796 0.020190596610882898 0.87025979278036036
leaf_weight=88 258 52 54 360 360 756 72 68 378 433 73 40 7248 104
leaf_count=88 258 52 54 360 360 756 72 68 378 433 73 40 7248 104
internal_value=-4.08591e-10 -0.0764208 -0.378055 -0.040113 0.00769224 0.0744109 -0.270302 -0.092445 0.228432 0.380734 0.299721 -0.640898 0.0298288 0.39367
internal_weight=10344 2904 312 2592 2232 1800 432 864 936 558 506 108 7440 192
internal_count=10344 2904 312 2592 2232 1800 432 864 936 558 506 108 7440 192
is_linear=0
shrinkage=0.05


Tree=109
num_leaves=15
num_cat=0
split_feature=7 7 28 7 25 4 0 6 17 9 14 0 30 10
split_gain=8808.97 13296.8 10853 33309.6 26903 25005 24181 31631 20899.7 19457.5 25807.2 14072 16399.7 16115.4
threshold=0.99988440732898443 0.99681593486783593 1.0000000180025095e-35 0.94909129669788206 -0.50000000000000011 1.0000000180025095e-35 10.500000000000002 0.3342611484689354 83.585255397521777 310.9079000000001 310.34025000000003 19.500000000000004 4.4166666666666679 348.87095000000005
decision_type=2 2 2 2 2 2 2 2 2 2 2 2 2 2
left_child=1 2 4 -4 6 -5 -1 9 11 -8 -11 12 -6 -13
right_child=-2 -3 3 5 8 -7 7 -9 -10 10 -12 13 -14 -15
leaf_value=0.014245310807251993 0.67577464651937291 -0.41534719375971085 -0.015207714332689562 -0.12497988525364134 0.037253142232385773 -1.4427283818937011 1.2828295666692604 0.14260511553995089 0.96674952865578234 0.14085908906875985 1.1852495981932998 -0.11493772398345842 -0.50164553135633472 -0.90547382190113979
leaf_weight=748 48 192 6648 72 1200 72 117 507 48 169 91 167 160 105
leaf_count=748 48 192 6648 72 1200 72 117 507 48 169 91 167 160 105
internal_value=-1.55037e-10 -0.00315046 0.00468225 -0.0315041 0.0788905 -0.783854 0.223474 0.400514 -0.0615624 0.747358 0.506396 -0.0918069 -0.0261467 -0.420108
internal_weight=10344 10296 10104 6792 3312 144 1632 884 1680 377 260 1632 1360 272
internal_count=10344 10296 10104 6792 3312 144 1632 884 1680 377 260 1632 1360 272
is_linear=0
shrinkage=0.05


Tree=110
num_leaves=15
num_cat=0
split_feature=10 13 0 9 26 16 9 32 2 25 9 16 32 2
split_gain=8670.34 9346.24 9135.73 22362.5 23815.2 16404.2 15275.3 22693.8 21853.1 23355.2 17691.4 14418.7 12786 29176.8
threshold=1.0000000180025095e-35 134.0837409048402 20.500000000000004 393.29170000000005 2.2708333333333335 290.34443750000008 377.60620000000006 -0.8863240279920277 4.5000000000000009 -0.50000000000000011 424.42965000000004 305.90243273809529 -1.0000000180025095e-35 4.5000000000000009
decision_type=2 2 2 2 2 2 2 2 2 2 2 2 2 2
left_child=-1 2 6 4 -4 -6 12 -8 9 -9 -11 -7 13 -2
right_child=1 -3 3 -5 5 11 7 8 -10 10 -12 -13 -14 -15
leaf_value=0.63787379966310742 0.17335721779207994 -0.71439508297683108 -0.22686463715954086 -1.2597348900068375 0.78219453202826639 -0.54833417234791293 -0.12090875396210897 1.615980913117528 -0.31880937972158757 0.027641734083493553 1.1150687556713821 0.28074835578600571 -0.047154671813427404 -0.14901127050435323
leaf_weight=53 2377 46 878 42 105 74 190 64 53 90 64 180 5132 996
leaf_count=53 2377 46 878 42 105 74 190 64 53 90 64 180 5132 996
internal_value=1.86044e-10 -0.00328513 -9.22534e-05 -0.125104 -0.0865794 0.256514 0.0177406 0.298059 0.591801 0.813188 0.479559 0.0392046 0.0025464 0.0781663
internal_weight=10344 10291 10245 1279 1237 359 8966 461 271 218 154 254 8505 3373
internal_count=10344 10291 10245 1279 1237 359 8966 461 271 218 154 254 8505 3373
is_linear=0
shrinkage=0.05


Tree=111
num_leaves=15
num_cat=0
split_feature=17 13 17 17 23 22 5 29 5 7 7 30 10 14
split_gain=8308.53 14337.2 9785.14 15922.2 9759.02 9963.82 27988.4 17986.4 15644.9 23731.3 47691.9 21268.9 25636.2 20589.8
threshold=104.13585983690119 134.0837409048402 85.820497425554251 83.585255397521777 28.860416666666673 6.9500000000000011 -0.70710678118654757 21.25476190476191 -0.12940952255126037 -0.7614016681079937 -0.72694848937061807 8.3229166666666696 317.97535000000005 246.38840000000002
decision_type=2 2 2 2 2 2 2 2 2 2 2 2 2 2
left_child=1 2 3 4 5 6 7 -1 11 -10 -11 12 -7 -14
right_child=-2 -3 -4 -5 -6 8 -8 -9 9 10 -12 -13 13 -15
leaf_value=0.326134359895286 0.37714353317601818 -0.86742321749528262 -0.50365420708743236 0.91202170715356867 0.71041821663578353 -0.19778272151538262 -0.019808934882878226 -0.73055631120999653 0.22333094858779359 -1.5624343886398353 -0.029397992926932116 -0.02795116413819021 -1.8406418173051464 -0.56864712560601849
leaf_weight=978 144 48 96 48 48 802 3060 42 1053 52 2080 1710 41 142
leaf_count=978 144 48 96 48 48 802 3060 42 1053 52 2080 1710 41 142
internal_value=6.30974e-11 -0.00532438 -0.00124826 0.00354798 -0.000809212 -0.00423681 0.0557992 0.282624 -0.0458944 0.0291281 -0.0667891 -0.134557 -0.31963 -0.85363
internal_weight=10344 10200 10152 10056 10008 9960 4080 1020 5880 3185 2132 2695 985 183
internal_count=10344 10200 10152 10056 10008 9960 4080 1020 5880 3185 2132 2695 985 183
is_linear=0
shrinkage=0.05


Tree=112
num_leaves=15
num_cat=0
split_feature=30 0 31 30 32 15 7 30 30 24 22 9 0 11
split_gain=8109.51 13166.2 10270.8 20355.2 21150.7 17789.3 28267.2 15748.1 17739 16963.7 15118.6 15755.1 18388.6 13808
threshold=27.456250000000001 11.500000000000002 0.087499999999999994 7.0166666666666684 -1.9003494744388461 406.56615000000005 0.64414586362404946 4.4166666666666679 1.4166666666666667 4.6083333333333343 4.7000000000000011 294.5990000000001 12.500000000000002 308.26105000000007
decision_type=2 2 2 2 2 2 2 2 2 2 2 2 2 2
left_child=2 -2 3 7 5 6 13 8 -1 -9 11 -10 -13 -5
right_child=1 -3 -4 4 -6 -7 -8 9 10 -11 -12 12 -14 -15
leaf_value=-0.011473927781267268 -0.25457933619618417 0.91652342021465305 -0.14181845874971866 1.0536072893748207 0.0013041173284383198 -0.30628170435213381 1.538514643907547 -0.86110288590192807 0.11456818678549359 -0.064230849190669903 -0.4453764176368713 0.29847665055592859 1.405684608578682 0.19354111609773506
leaf_weight=7674 40 60 1200 63 380 54 73 110 140 170 50 75 75 180
leaf_count=7674 40 60 1200 63 380 54 73 110 140 170 50 75 75 180
internal_value=-9.21531e-11 0.448082 -0.0043741 0.0138627 0.26331 0.532397 0.675716 -0.00869408 0.00418416 -0.377288 0.357597 0.49604 0.852081 0.416521
internal_weight=10344 100 10244 9044 750 370 316 8294 8014 280 340 290 150 243
internal_count=10344 100 10244 9044 750 370 316 8294 8014 280 340 290 150 243
is_linear=0
shrinkage=0.05


Tree=113
num_leaves=15
num_cat=0
split_feature=10 13 0 28 5 6 9 32 9 22 12 17 32 6
split_gain=8138.59 8222.46 19021.5 16311.3 18661.1 16038.5 15772.2 14544.4 28576 22303.7 32966 19273.7 79495.6 28513
threshold=1.0000000180025095e-35 24.091712159168953 4.5000000000000009 0.075297619047619016 1.0000000180025095e-35 0.94138322595482449 392.40175000000005 0.10600396772969187 424.42965000000004 24.150000000000002 295.97181250000011 68.387341556717757 0.77299578991270301 -0.17647087149565668
decision_type=2 2 2 2 2 2 2 2 2 2 2 2 2 2
left_child=-1 3 6 4 5 -2 -3 8 9 -4 -11 -9 -13 -14
right_child=1 2 7 -5 -6 -7 -8 11 -10 10 -12 12 13 -15
leaf_value=0.61800383245045287 0.31416495237763686 0.094462077963137617 -0.02658494770662281 -0.053386473963521246 0.010155704571755055 1.1740281657874585 0.95580205191265455 -0.11540675758010809 -1.274383374235847 1.7512253614823994 0.21122790182891646 -2.4571742957052978 -1.0801223952262127 0.19833839117896324
leaf_weight=53 564 1578 3484 1224 624 60 55 2129 44 41 228 46 61 153
leaf_count=53 564 1578 3484 1224 624 60 55 2129 44 41 228 46 61 153
internal_value=-7.71155e-10 -0.0031828 -0.0283127 0.0763037 0.2035 0.396844 0.123472 -0.0683814 -0.00756772 0.00728437 0.445949 -0.165037 -0.57143 -0.166083
internal_weight=10344 10291 7819 2472 1248 624 1633 6186 3797 3753 269 2389 260 214
internal_count=10344 10291 7819 2472 1248 624 1633 6186 3797 3753 269 2389 260 214
is_linear=0
shrinkage=0.05


Tree=114
num_leaves=15
num_cat=0
split_feature=6 7 32 9 9 10 14 2 32 4 32 4 25 23
split_gain=8211.61 11704.3 16327.2 11757.1 13772.2 12929.2 29685.3 12750.4 15153.6 11102.6 10261 9945.22 12225.8 9519.08
threshold=0.69676570133721638 -0.6523320455745395 -7.2687500000000016 306.71200000000005 292.91655000000009 330.50410000000005 227.97625000000002 2.5000000000000004 -1.213214273918068 -0.78656609248549292 -3.9793428184512627 -0.70710678118654735 -8.5999999999999979 6.6437500000000016
decision_type=2 2 2 2 2 2 2 2 2 2 2 2 2 2
left_child=-1 2 -2 4 5 9 -7 -6 -9 -3 -5 -11 -13 -12
right_child=1 3 -4 10 7 6 -8 8 -10 11 13 12 -14 -15
leaf_value=0.027832461544449939 -1.3643717505582948 0.24577495829238521 -0.13463916193835343 0.24113525056711108 -0.06864544451064257 -1.5958024570549076 -0.13867750767399284 1.004748492093668 0.20681125435466863 -0.64595671693483991 -0.29407662050107158 -0.82912094082151144 -0.024286240396673573 -0.9838296731933952
leaf_weight=7440 41 308 79 67 216 44 170 84 204 75 229 49 1274 64
leaf_count=7440 41 308 79 67 216 44 170 84 204 75 229 49 1274 64
internal_value=7.21978e-11 -0.0713063 -0.554798 -0.0504662 -0.0108685 -0.0719303 -0.438273 0.221748 0.439543 -0.0259764 -0.317091 -0.0858472 -0.0540949 -0.444739
internal_weight=10344 2904 120 2784 2424 1920 214 504 288 1706 360 1398 1323 293
internal_count=10344 2904 120 2784 2424 1920 214 504 288 1706 360 1398 1323 293
is_linear=0
shrinkage=0.05


Tree=115
num_leaves=15
num_cat=0
split_feature=7 7 25 11 22 32 6 13 17 2 5 23 6 4
split_gain=7910.29 12122 10116.5 9377.85 10520.7 9197.19 7866.18 11065.6 15106.4 18325 16399.7 29588.1 15390.2 23095.4
threshold=0.99988440732898443 0.99681593486783593 1.5999999999999992 492.81720000000001 -2.4999999999999996 6.4013308730431452e-16 0.69676570133721638 27.532578903362388 53.550884006029669 4.5000000000000009 -0.3794095225512602 10.195833333333335 0.81428061195174062 -0.37940952255126065
decision_type=2 2 2 2 2 2 2 2 2 2 2 2 2 2
left_child=1 3 5 6 -5 -3 -1 -8 9 12 11 -11 13 -9
right_child=-2 2 -4 4 -6 -7 7 8 -10 10 -12 -13 -14 -15
leaf_value=0.027646176045538335 0.64037698709095525 -1.2289068957567215 -0.033613416335235041 -0.19432307422161102 0.81455927501649483 -0.24926079521360608 0.077337349325818677 -1.2523649868510096 0.041185936399811891 -0.33161395755079059 -0.30668039204270553 -2.0675866270065306 -0.045437569328292154 -0.11963588399191699
leaf_weight=7105 48 50 96 40 73 46 882 72 756 54 165 45 792 120
leaf_count=7105 48 50 96 40 73 46 882 72 756 54 165 45 792 120
internal_value=4.18469e-10 -0.00298544 -0.396553 0.00449328 0.457433 -0.759493 -0.000629543 -0.0702411 -0.135193 -0.242038 -0.611935 -1.12069 -0.142798 -0.544409
internal_weight=10344 10296 192 10104 113 96 9991 2886 2004 1248 264 99 984 192
internal_count=10344 10296 192 10104 113 96 9991 2886 2004 1248 264 99 984 192
is_linear=0
shrinkage=0.05


Tree=116
num_leaves=15
num_cat=0
split_feature=4 2 22 13 18 9 9 22 30 18 15 15 9 0
split_gain=7866.78 11340.7 20644.8 8192.9 9610.77 8151.22 11127.7 11378.4 14619.1 12886.5 15069 14450.7 13962.3 33702.6
threshold=-0.98296291314453399 4.5000000000000009 2.5000000000000004 12.592347737317665 245.14305000000004 437.66935000000007 424.42965000000004 21.950000000000003 23.579166666666669 246.61495000000002 376.68465000000009 443.18080000000003 314.88355000000007 10.500000000000002
decision_type=2 2 2 2 2 2 2 2 2 2 2 2 2 2
left_child=1 2 -1 4 -2 6 7 8 -5 10 -9 12 13 -12
right_child=3 -3 -4 5 -6 -7 -8 9 -10 -11 11 -13 -14 -15
leaf_value=1.1955152059401402 0.083069727422021664 -0.19444523857485863 0.16794296374650508 -0.030484301641105122 0.77502175746620572 0.52505371462877681 -0.79614520628491181 0.44146274736697749 -0.58643509919444725 -0.30063145444352435 -1.657167981090871 0.34852375394489243 0.020083086691302349 0.2586259065040698
leaf_weight=61 184 124 246 8091 69 69 46 368 120 161 44 276 437 48
leaf_count=61 184 124 246 8091 69 69 46 368 120 161 44 276 437 48
internal_value=-7.06398e-10 0.209116 0.372119 -0.00909202 0.271784 -0.0164483 -0.020344 -0.0166052 -0.0386093 0.118834 0.176407 0.0552392 -0.0977789 -0.657623
internal_weight=10344 431 307 9913 253 9660 9591 9545 8211 1334 1173 805 529 92
internal_count=10344 431 307 9913 253 9660 9591 9545 8211 1334 1173 805 529 92
is_linear=0
shrinkage=0.05


Tree=117
num_leaves=15
num_cat=0
split_feature=30 0 17 13 13 13 9 12 12 12 11 11 18 32
split_gain=7314.01 11038.1 9004.64 17334.2 9082.65 44960.1 18748.4 16811.8 24731.6 22848.4 16660.6 13939.9 13259.1 11339.9
threshold=27.456250000000001 11.500000000000002 104.13585983690119 117.92598741444549 78.009786898730354 76.942801139376115 381.54325000000006 381.33431666666678 386.37306041666676 366.65748333333335 384.97810000000004 337.53880000000009 293.50970000000007 0.4291666666666667
decision_type=2 2 2 2 2 2 2 2 2 2 2 2 2 2
left_child=2 -2 3 4 5 6 7 9 13 -1 -11 -6 -10 -9
right_child=1 -3 -4 -5 11 -7 -8 8 12 10 -12 -13 -14 -15
leaf_value=-0.018987388442230739 -0.21783475816249848 0.85445287068684894 0.43774251694742006 -0.84260193111314896 -0.039011985774555093 -1.3536050008189295 0.35122052281267113 -0.53427617859095333 0.058477941579702833 0.17007258855970578 0.87862640951726856 0.72835005119021212 -0.83911695304947598 -1.470750916004181
leaf_weight=8494 40 60 114 62 134 62 360 95 288 320 112 106 48 49
leaf_count=8494 40 60 114 62 134 62 360 95 288 320 112 106 48 49
internal_value=-2.9323e-10 0.425538 -0.00415402 -0.00912699 -0.00399435 -0.0114156 -0.00289464 -0.0164479 -0.304706 -0.000946616 0.353772 0.299906 -0.0697499 -0.852938
internal_weight=10344 100 10244 10130 10068 9828 9766 9406 480 8926 432 240 336 144
internal_count=10344 100 10244 10130 10068 9828 9766 9406 480 8926 432 240 336 144
is_linear=0
shrinkage=0.05


Tree=118
num_leaves=15
num_cat=0
split_feature=10 13 0 9 26 16 13 7 16 32 13 2 18 22
split_gain=7504.5 8006.51 7800.5 20156.1 19443.5 15007.9 13530.7 13784.5 13037 10605.6 34353.1 31678.8 44487.7 31083
threshold=1.0000000180025095e-35 134.0837409048402 20.500000000000004 393.29170000000005 2.2708333333333335 290.34443750000008 57.692165975949358 0.97263757644091875 305.90243273809529 -0.20294629611730197 56.591986218718873 4.5000000000000009 199.55675000000005 1.4000000000000001
decision_type=2 2 2 2 2 2 2 2 2 2 2 2 2 2
left_child=-1 2 6 4 -4 -6 9 -8 -7 10 11 12 13 -2
right_child=1 -3 3 -5 5 8 7 -9 -10 -11 -12 -13 -14 -15
leaf_value=0.59344090802489591 1.3401701092099152 -0.66122901374879095 -0.20579906697639588 -1.1928198010438966 0.73377616682577707 -0.53556883423715029 0.24533183902143418 -0.31266736130416395 0.25279049020286443 -0.05256893877182052 -1.1493700983231527 -0.15262877632604674 0.018437619257436897 0.37906140545797395
leaf_weight=53 96 46 878 42 105 74 966 125 180 4829 57 929 1284 680
leaf_count=53 96 46 878 42 105 74 966 125 180 4829 57 929 1284 680
internal_value=4.42459e-10 -0.0030563 -0.000101106 -0.115616 -0.0790419 0.230966 0.0163771 0.1814 0.023111 -0.00648503 0.0665744 0.0897624 0.199074 0.497961
internal_weight=10344 10291 10245 1279 1237 359 8966 1091 254 7875 3046 2989 2060 776
internal_count=10344 10291 10245 1279 1237 359 8966 1091 254 7875 3046 2989 2060 776
is_linear=0
shrinkage=0.05


Tree=119
num_leaves=15
num_cat=0
split_feature=28 25 30 30 24 15 15 5 28 25 5 19 17 29
split_gain=7257.88 18146.8 25203.6 17046.5 30834.9 16407.7 20056 20275.1 66753.7 15699.5 15487.4 15457.9 15193.2 14503.8
threshold=0.053571428571428555 1.6500000000000006 7.0166666666666684 4.4166666666666679 4.6083333333333343 367.19505000000009 466.35420000000005 -0.3794095225512602 1.0000000180025095e-35 -3.3499999999999988 -0.60355339059327384 432.08595000000008 55.978875341993977 10.162797619047621
decision_type=2 2 2 2 2 2 2 2 2 2 2 2 2 2
left_child=1 2 3 10 -5 -3 7 8 -7 -4 12 -9 -1 -2
right_child=13 5 9 4 -6 6 -8 11 -10 -11 -12 -13 -14 -15
leaf_value=0.55107968011808617 -0.015565474215870748 0.16848580218308296 1.2426225124938148 -1.3127086263398331 0.23197037224258696 -0.26462627420920176 0.024195195026131294 0.69203271890266072 -2.3094234179843354 0.35292060489163685 0.03814968550945072 -0.3017429757296729 0.037493395373698266 -0.33331697606384603
leaf_weight=336 5544 432 70 60 70 153 528 45 54 170 1946 300 252 384
leaf_count=336 5544 432 70 60 70 153 528 45 54 170 1946 300 252 384
internal_value=9.67877e-12 0.0485255 0.121662 0.0774496 -0.480958 -0.0919426 -0.196114 -0.406844 -0.798052 0.612417 0.106097 -0.17212 0.330971 -0.0361486
internal_weight=10344 4416 2904 2664 130 1512 1080 552 207 240 2534 345 588 5928
internal_count=10344 4416 2904 2664 130 1512 1080 552 207 240 2534 345 588 5928
is_linear=0
shrinkage=0.05


Tree=120
num_leaves=15
num_cat=0
split_feature=13 18 9 22 0 24 0 2 4 2 27 32 0 12
split_gain=7107.98 9222.04 7255.77 20106.4 33946.4 15430.8 13717.5 17747.5 27186.9 13306.8 12813.5 24882.1 16692.9 17505.1
threshold=12.592347737317665 245.14305000000004 317.53975000000008 24.700000000000003 10.500000000000002 26.152976190476199 4.5000000000000009 1.0000000180025095e-35 -0.37940952255126065 1.0000000180025095e-35 1.0000000180025095e-35 -14.332060004618022 18.500000000000004 292.09138958333341
decision_type=2 2 2 2 2 2 2 2 2 2 2 2 2 2
left_child=1 -1 3 5 -5 -2 9 8 -8 -4 -9 -12 13 -13
right_child=2 -3 6 4 -6 -7 7 10 -10 -11 11 12 -14 -15
leaf_value=0.075144257514815169 -0.038301219179813974 0.73868663339979124 -0.5212610669732094 -0.28481952764771207 1.255917965162259 -0.67670855222386317 1.0975986088646783 -0.20646425019220704 -0.10025932057946921 0.32800381167134379 0.7444287021912761 -0.86586889430232672 -0.3106815591757851 0.1315602118698033
leaf_weight=192 6744 72 50 66 78 96 90 741 100 595 118 46 350 1006
leaf_count=192 6744 72 50 66 78 96 90 741 100 595 118 46 350 1006
internal_value=-2.47798e-10 0.25611 -0.00670765 -0.0349519 0.549747 -0.0472613 0.0570061 0.00301574 0.467147 0.262169 -0.0359869 0.0471208 -0.0115684 0.0879464
internal_weight=10344 264 10080 6984 144 6840 3096 2451 190 645 2261 1520 1402 1052
internal_count=10344 264 10080 6984 144 6840 3096 2451 190 645 2261 1520 1402 1052
is_linear=0
shrinkage=0.05


Tree=121
num_leaves=15
num_cat=0
split_feature=10 13 10 11 16 24 11 23 14 10 13 11 25 25
split_gain=6950.76 7436.83 7485.3 11368.6 8605.69 22178.2 24451.1 20808.8 15900.6 34222.6 36919.8 24351.5 20033.7 17731.4
threshold=1.0000000180025095e-35 134.0837409048402 224.26325000000003 314.64195000000007 290.13645654761916 9.0437500000000011 293.95535000000007 20.231250000000003 234.00000000000003 403.14735000000007 50.123651235841486 280.44490000000002 4.7500000000000009 2.5000000000000009
decision_type=2 2 2 2 2 2 2 2 2 2 2 2 2 2
left_child=-1 2 3 -2 5 6 -4 -7 9 10 11 -6 13 -13
right_child=1 -3 4 -5 8 7 -8 -9 -10 -11 -12 12 -14 -15
leaf_value=0.57112704133087744 -0.12537941426348109 -0.63726696708927988 0.15550462104065318 -1.024756713830866 0.086917059194100532 -0.028036428714892699 1.607557633823278 0.30268458497163558 0.012780297188406502 -1.5079618058306106 0.3532703638684993 -0.49819864487856819 0.25151581849630283 -1.5266832399951376
leaf_weight=53 289 46 71 40 285 1941 49 630 6000 47 294 471 82 46
leaf_count=53 289 46 71 40 285 1941 49 630 6000 47 294 471 82 46
internal_value=-5.60738e-11 -0.00294138 -9.32604e-05 -0.234726 0.00769156 0.0840148 0.748426 0.0530037 -0.0207355 -0.184895 -0.132107 -0.293533 -0.474549 -0.589708
internal_weight=10344 10291 10245 329 9916 2691 120 2571 7225 1225 1178 884 599 517
internal_count=10344 10291 10245 329 9916 2691 120 2571 7225 1225 1178 884 599 517
is_linear=0
shrinkage=0.05


Tree=122
num_leaves=15
num_cat=0
split_feature=7 7 25 32 11 22 30 10 31 30 32 15 7 25
split_gain=6872.71 10928.1 8592 8290.06 8122.22 9688.77 6576.98 10168.6 8678.68 16611 17321 14439 22622.8 12295.8
threshold=0.99988440732898443 0.99681593486783593 1.5999999999999992 6.4013308730431452e-16 492.81720000000001 -2.4999999999999996 27.456250000000001 317.08265000000006 0.087499999999999994 7.0166666666666684 -1.9003494744388461 406.56615000000005 0.64414586362404946 -5.2499999999999982
decision_type=2 2 2 2 2 2 2 2 2 2 2 2 2 2
left_child=1 4 3 -3 6 -6 8 -8 9 -1 11 12 -11 -10
right_child=-2 2 -4 -5 5 -7 7 -9 13 10 -12 -13 -14 -15
leaf_value=-0.0080414771802655542 0.59690258173892896 -1.1566067706048491 -0.041988973536839086 -0.22652643988232898 -0.19961009144783021 0.76856103293495637 -0.21450296476483346 0.81468383247653642 -0.77362776649317577 0.40314193372653817 0.0045204710597793263 -0.26882977165141198 1.468675773176882 -0.090736861215797215
leaf_weight=7962 48 50 96 46 40 73 40 60 70 238 375 53 63 1130
leaf_count=7962 48 50 96 46 40 73 40 60 70 238 375 53 63 1130
internal_value=5.17473e-10 -0.00278276 -0.376466 -0.710943 0.00431811 0.425846 -0.000449442 0.403009 -0.00452849 0.0128748 0.241319 0.492165 0.626161 -0.130572
internal_weight=10344 10296 192 96 10104 113 9991 100 9891 8691 729 354 301 1200
internal_count=10344 10296 192 96 10104 113 9991 100 9891 8691 729 354 301 1200
is_linear=0
shrinkage=0.05


Tree=123
num_leaves=15
num_cat=0
split_feature=4 2 22 13 22 7 7 23 0 13 0 9 27 28
split_gain=6745.94 9649.29 18294 6975.89 9394.5 6917.82 10947.2 8910.15 8539.93 7196.58 18965.2 14129 14234.1 13886.4
threshold=-0.98296291314453399 4.5000000000000009 2.5000000000000004 43.709019985889043 15.300000000000002 0.99988440732898443 0.99681593486783593 4.866666666666668 12.500000000000002 24.091712159168953 4.5000000000000009 243.52440000000004 0.20208333333333339 0.075297619047619016
decision_type=2 2 2 2 2 2 2 2 2 2 2 2 2 2
left_child=1 2 -1 -4 -5 6 9 -8 -9 13 11 -11 -13 -2
right_child=5 -3 3 4 -6 -7 7 8 -10 10 -12 12 -14 -15
leaf_value=1.1191034209410675 0.20100381495046574 -0.17860514931005217 0.34875677502567665 -0.77135047870222484 0.27117720742491963 0.60331902678893967 -0.045385737717151646 -0.31875970883366583 -1.2905203771591187 -0.74960008972220959 -0.070082743820826562 0.40635877372068352 0.060659069615324294 -0.046061991786747816
leaf_weight=61 1104 124 159 40 47 46 92 52 40 45 5796 400 1165 1173
leaf_count=61 1104 124 159 40 47 46 92 52 40 45 5796 400 1165 1173
internal_value=7.84619e-10 0.193647 0.344003 0.151803 -0.208146 -0.00841944 -0.0112714 -0.393325 -0.741264 -0.00401144 -0.0279125 0.1239 0.149017 0.0737275
internal_weight=10344 431 307 246 87 9913 9867 184 92 9683 7406 1610 1565 2277
internal_count=10344 431 307 246 87 9913 9867 184 92 9683 7406 1610 1565 2277
is_linear=0
shrinkage=0.05


Tree=124
num_leaves=15
num_cat=0
split_feature=9 9 32 13 19 19 10 11 19 14 11 30 6 9
split_gain=6393.98 19393.5 11555.1 16732.2 9066.21 15925.3 11293.5 9971.76 8613.33 21858.3 23166.4 18218.4 13853.3 11379.4
threshold=437.66935000000007 424.42965000000004 -23.221153121816556 56.443380128269446 614.30520000000013 590.83130000000017 476.20150000000007 352.97670000000011 536.79520000000014 281.99270000000007 434.02505000000002 -1.0000000180025095e-35 0.57782244426053786 323.97895000000005
decision_type=2 2 2 2 2 2 2 2 2 2 2 2 2 2
left_child=1 2 3 -1 5 6 8 -6 11 12 13 -4 -10 -11
right_child=-2 -3 4 -5 7 -7 -8 -9 9 10 -12 -13 -14 -15
leaf_value=0.15432498678565026 0.46954022499008313 -1.0059662715066224 0.69294304379899252 1.2650345322562426 0.15652832418680193 0.52519476182965774 0.59451480752382524 -0.37979894382401541 0.47793478699896835 -0.87150200836933578 -1.4324277983521516 -0.0033217929822723698 -0.14042168665247468 -0.11611703249547528
leaf_weight=196 72 48 95 41 120 144 78 312 139 65 53 8507 260 214
leaf_count=196 72 48 95 41 120 144 78 312 139 65 53 8507 260 214
internal_value=1.7714e-10 -0.00329117 0.00141623 0.346473 -0.00677227 0.00335733 -0.00462744 -0.230819 -0.00963473 -0.174408 -0.474143 0.00436772 0.0749957 -0.292103
internal_weight=10344 10272 10224 237 9987 9555 9411 432 9333 731 332 8602 399 279
internal_count=10344 10272 10224 237 9987 9555 9411 432 9333 731 332 8602 399 279
is_linear=0
shrinkage=0.05


Tree=125
num_leaves=15
num_cat=0
split_feature=11 16 24 23 11 12 11 11 6 14 11 5 13 14
split_gain=6297.14 6499.56 20914.3 21868.5 21537.2 17425.8 16160.4 25780.3 12631.3 13422.8 15801.1 11320.6 10677.9 15871.7
threshold=514.79450000000008 290.13645654761916 9.0437500000000011 20.231250000000003 293.95535000000007 263.15881666666672 285.19935000000004 323.45075000000003 0.51297097409535064 252.28835000000004 277.70820000000009 -0.12940952255126037 85.697583779838894 234.00000000000003
decision_type=2 2 2 2 2 2 2 2 2 2 2 2 2 2
left_child=1 2 4 -4 -1 6 -3 -8 9 10 -5 -10 13 -7
right_child=-2 5 3 8 -6 12 7 -9 11 -11 -12 -13 -14 -15
leaf_value=0.14855250640654227 0.4475595199144804 0.097564710970495794 -0.045597580066912446 0.22852877697400881 1.5113399198468853 -0.20810594545241759 -1.721257761180401 -0.23473719498940879 -0.62316471304405818 -0.083197081486384078 0.83425101581047856 0.26658439903687209 0.45529282752235062 0.0067785793053504202
leaf_weight=71 78 71 2208 228 49 1005 50 70 66 120 204 78 118 5928
leaf_count=71 78 71 2208 228 49 1005 50 70 66 120 204 78 118 5928
internal_value=-1.79173e-11 -0.00340051 0.0581668 0.0314371 0.705024 -0.0291088 -0.500353 -0.854121 0.275823 0.384616 0.514564 -0.141217 -0.0163436 -0.0243708
internal_weight=10344 10266 3024 2904 120 7242 191 120 696 552 432 144 7051 6933
internal_count=10344 10266 3024 2904 120 7242 191 120 696 552 432 144 7051 6933
is_linear=0
shrinkage=0.05


Tree=126
num_leaves=15
num_cat=0
split_feature=13 18 30 10 17 13 9 23 17 17 9 0 9 12
split_gain=6259.83 7884.17 6332.2 8930.49 7461.64 14244.2 8425.88 8197.97 8043.3 10669.1 10640.2 101866 9857.56 17242.6
threshold=12.592347737317665 245.14305000000004 27.456250000000001 317.08265000000006 104.13585983690119 117.92598741444549 205.31900000000005 28.860416666666673 85.820497425554251 83.585255397521777 424.42965000000004 11.500000000000002 317.53975000000008 383.14804166666676
decision_type=2 2 2 2 2 2 2 2 2 2 2 2 2 2
left_child=1 -1 4 -4 5 6 -2 8 9 10 12 -12 13 -8
right_child=2 -3 3 -5 -6 -7 7 -9 -10 -11 11 -13 -14 -15
leaf_value=0.073019729566294697 0.52877180750171349 0.68654584726577417 -0.18909762993454934 0.77540208011865619 0.39193636215569683 -0.7703917071944284 -0.037517355031305946 0.63770369887351996 -0.47274404889903965 0.73078476678735271 1.1110853270373562 -2.331490984700975 0.067855588742594924 -0.98859478981855009
leaf_weight=192 72 72 40 60 114 62 6638 48 96 48 44 42 2768 48
leaf_count=192 72 72 40 60 114 62 6638 48 96 48 44 42 2768 48
internal_value=5.79026e-10 0.240345 -0.00629475 0.389602 -0.0102617 -0.014909 -0.0101314 -0.0141183 -0.0173491 -0.0127895 -0.0165307 -0.570173 -0.0114944 -0.0443453
internal_weight=10344 264 10080 100 9980 9866 9804 9732 9684 9588 9540 86 9454 6686
internal_count=10344 264 10080 100 9980 9866 9804 9732 9684 9588 9540 86 9454 6686
is_linear=0
shrinkage=0.05


Tree=127
num_leaves=15
num_cat=0
split_feature=10 32 9 30 22 12 22 10 9 16 6 10 12 12
split_gain=6292.62 6817.75 23650.1 18353.8 13320.6 10243 8317.12 40012.1 8647.79 17451.4 10478.8 9210.19 8482.86 17738.4
threshold=1.0000000180025095e-35 13.959971378829605 237.71195000000003 27.456250000000001 23.050000000000004 350.55762291666673 27.250000000000004 363.64205000000004 378.85180000000008 376.68936041666672 0.16799745313369893 476.20150000000007 381.33431666666678 366.65748333333335
decision_type=2 2 2 2 2 2 2 2 2 2 2 2 2 2
left_child=-1 3 -3 6 -4 -6 8 -8 12 -10 -11 -12 13 -2
right_child=1 2 4 -5 5 -7 7 -9 9 10 11 -13 -14 -15
leaf_value=0.5434158839144797 -0.0063690936530652557 -1.314627594947815 -0.19824383952385616 0.79013156847159072 0.37462498789247012 -0.22068032606873872 0.44628642705770638 -1.6571440018713475 0.65406896484556132 -0.68867206328238062 -0.043161267683600749 0.80187332681039492 -0.20314686334632903 0.31967313340791165
leaf_weight=53 7718 40 709 75 227 106 52 40 154 48 151 41 489 441
leaf_count=53 7718 40 709 75 227 106 52 40 154 48 151 41 489 441
internal_value=2.56458e-10 -0.00279866 -0.121527 0.0111512 -0.0757266 0.185128 0.00475491 -0.468249 0.00956759 0.238654 -0.0279034 0.137289 -0.000869522 0.0112537
internal_weight=10344 10291 1082 9209 1042 333 9134 92 9042 394 240 192 8648 8159
internal_count=10344 10291 1082 9209 1042 333 9134 92 9042 394 240 192 8648 8159
is_linear=0
shrinkage=0.05


Tree=128
num_leaves=15
num_cat=0
split_feature=15 13 18 18 18 0 6 17 5 25 30 17 32 11
split_gain=6053.69 6845.84 9227.33 7413.95 22029.8 24665 15468.6 15111.2 14107.5 12455.4 13560.4 12858.5 20617.5 12042.3
threshold=252.69990000000004 13.282353800303133 245.14305000000004 246.16770000000002 245.97765000000004 13.500000000000002 0.15101559051660998 44.376489743485386 1.0000000180025095e-35 -2.2499999999999996 6.0395833333333337 55.682972341248302 0.87916666666666665 383.99520000000007
decision_type=2 2 2 2 2 2 2 2 2 2 2 2 2 2
left_child=-1 2 -2 4 -3 -6 -7 8 -5 11 -11 12 -9 -12
right_child=1 3 -4 7 5 6 -8 9 -10 10 13 -13 -14 -15
leaf_value=-0.56020843070000415 0.058871726904471872 -0.001257649435231473 0.63888308069435884 -0.10366349909454585 0.054318782211849825 0.38509646864980462 1.575874128540357 1.0866816815306863 -1.1879259607195853 -0.064910747704732638 -0.27837332279349747 -0.13434975393116474 -0.12159545869836885 -1.249946263604595
leaf_weight=48 240 8208 96 60 154 50 60 82 60 954 104 120 62 46
leaf_count=48 240 8208 96 60 154 50 60 82 60 954 104 120 62 46
internal_value=-2.94831e-10 0.00261169 0.224589 -0.00487671 0.0132023 0.462774 1.03461 -0.10781 -0.645795 -0.0606186 -0.134396 0.247905 0.566451 -0.576322
internal_weight=10344 10296 336 9960 8472 264 110 1488 120 1368 1104 264 144 150
internal_count=10344 10296 336 9960 8472 264 110 1488 120 1368 1104 264 144 150
is_linear=0
shrinkage=0.05


Tree=129
num_leaves=15
num_cat=0
split_feature=4 2 22 10 9 0 16 11 6 6 9 16 10 23
split_gain=5867.3 8685.48 16438.4 6518.53 27982.1 17208.3 14377.1 19069.4 18675.7 39683.8 17756.6 14173.2 13516.5 12684.7
threshold=-0.98296291314453399 4.5000000000000009 2.5000000000000004 355.08610000000004 398.86505000000005 22.500000000000004 321.42061636904765 286.00745000000006 -0.67803021058859225 -0.15101209918632377 315.1565500000001 372.46709613095248 384.97810000000004 -0.55833333333333324
decision_type=2 2 2 2 2 2 2 2 2 2 2 2 2 2
left_child=1 2 -1 4 13 6 8 -8 12 -10 -11 -9 -5 -2
right_child=3 -3 -4 5 -6 -7 7 11 9 10 -12 -13 -14 -15
leaf_value=1.0579859476597584 0.30401180982589726 -0.1725759698558719 0.14105402574367154 -0.25825188418868744 1.3153570838090851 -1.0238243783610719 -0.70632925732504759 0.20786325112956097 -1.8482994129800279 -0.53149503118851615 0.229665407340611 -0.13142996198271664 0.58942667880857536 -0.0077670410886566321
leaf_weight=61 341 124 246 101 41 48 84 765 46 238 113 515 88 7533
leaf_count=61 341 124 246 101 41 48 84 765 46 238 113 515 88 7533
internal_value=-2.99494e-10 0.180596 0.323246 -0.00785201 0.0125191 -0.0885513 -0.0655292 0.0234584 -0.272661 -0.467419 -0.286449 0.0713507 0.136434 0.00573519
internal_weight=10344 431 307 9913 7915 1998 1950 1364 586 397 351 1280 189 7874
internal_count=10344 431 307 9913 7915 1998 1950 1364 586 397 351 1280 189 7874
is_linear=0
shrinkage=0.05


Tree=130
num_leaves=15
num_cat=0
split_feature=11 16 24 23 11 12 11 0 16 6 14 11 5 16
split_gain=5711.95 6305.69 18383.2 19222.6 18822.3 14838.5 14304.1 20631 21350.1 11236.9 12054.4 13922.9 10194 9345.58
threshold=514.79450000000008 290.13645654761916 9.0437500000000011 20.231250000000003 293.95535000000007 263.15881666666672 277.20030000000003 10.500000000000002 294.576361904762 0.51297097409535064 252.28835000000004 277.70820000000009 -0.12940952255126037 296.92731904761911
decision_type=2 2 2 2 2 2 2 2 2 2 2 2 2 2
left_child=1 2 4 -4 -1 6 -3 -8 -9 10 11 -5 -11 -7
right_child=-2 5 3 9 -6 13 7 8 -10 12 -12 -13 -14 -15
leaf_value=0.14363898085561438 0.42625663549854204 0.26320625391602515 -0.039880780098990175 0.21872876255625956 1.4176406246058795 -0.14544242947995126 -1.5123335654954786 -1.0245444376269977 0.52438806444406516 -0.58921609538974185 -0.079246092929194378 0.78731300100391988 0.25509882874977896 0.0089730754916377848
leaf_weight=71 78 50 2208 228 49 1176 52 45 44 66 120 204 78 5875
leaf_count=71 78 50 2208 228 49 1176 52 45 44 66 120 204 78 5875
internal_value=2.41391e-10 -0.00323865 0.0574034 0.0323434 0.663856 -0.0285606 -0.463416 -0.721083 -0.25878 0.261468 0.364081 0.487227 -0.131879 -0.0167811
internal_weight=10344 10266 3024 2904 120 7242 191 141 89 696 552 432 144 7051
internal_count=10344 10266 3024 2904 120 7242 191 141 89 696 552 432 144 7051
is_linear=0
shrinkage=0.05


Tree=131
num_leaves=15
num_cat=0
split_feature=10 32 9 30 22 12 28 22 10 9 16 6 29 22
split_gain=5644.67 6069.83 20745.2 16797.4 11640.4 9269.6 7837.99 7477.4 35346.3 7269.08 14688.7 9339.87 7646.4 16551
threshold=1.0000000180025095e-35 13.959971378829605 237.71195000000003 27.456250000000001 23.050000000000004 350.55762291666673 7.5300595238095243 27.250000000000004 363.64205000000004 378.85180000000008 376.68936041666672 0.16799745313369893 15.061011904761905 2.5000000000000004
decision_type=2 2 2 2 2 2 2 2 2 2 2 2 2 2
left_child=-1 3 -3 7 6 -6 -4 9 -9 12 -11 -12 13 -2
right_child=1 2 4 -5 5 -7 -8 8 -10 10 11 -13 -14 -15
leaf_value=0.51467824732919909 0.21241531356515897 -1.2321052933484316 -0.13762772132144815 0.75573126873870689 0.35233442036656559 -0.21397879434362899 -0.75400239944990188 0.41546259435037014 -1.5615261526405813 0.60010613850136474 -0.64938922592749204 0.13039558261710529 -0.097510148906567173 -0.0088763271723627038
leaf_weight=53 983 40 653 75 227 106 56 52 40 154 48 192 1648 6017
leaf_count=53 983 40 653 75 227 106 56 52 40 154 48 192 1648 6017
internal_value=-4.10983e-10 -0.00265066 -0.114678 0.0105118 -0.071782 0.172067 -0.186312 0.00439274 -0.444098 0.00895601 0.218989 -0.0255614 -0.000613013 0.0221993
internal_weight=10344 10291 1082 9209 1042 333 709 9134 92 9042 394 240 8648 7000
internal_count=10344 10291 1082 9209 1042 333 709 9134 92 9042 394 240 8648 7000
is_linear=0
shrinkage=0.05


Tree=132
num_leaves=15
num_cat=0
split_feature=7 7 25 32 11 22 10 9 7 6 25 7 25 17
split_gain=5491.95 8587.64 7136.18 7094.2 6571.53 9394.69 6425.81 25998.1 24787.3 68773.9 19963.2 18915.9 17402.5 14604
threshold=0.99988440732898443 0.99681593486783593 1.5999999999999992 6.4013308730431452e-16 492.81720000000001 -2.4999999999999996 366.29005000000006 398.86505000000005 -0.75013812021657655 -0.48314718476766422 -0.50000000000000011 -0.48313741114591585 -0.50000000000000011 49.285680666322769
decision_type=2 2 2 2 2 2 2 2 2 2 2 2 2 2
left_child=1 4 3 -3 6 -6 7 -1 9 -8 -10 -12 -11 -13
right_child=-2 2 -4 -5 5 -7 8 -9 10 12 11 13 -14 -15
leaf_value=0.010614907527488872 0.53358379111935694 -1.0508418122828007 -0.028921201499179008 -0.19045581931005354 -0.23292395505122843 0.72044062957371757 -2.3622818176483 1.1776194388667742 0.21929079090298331 -0.6882919584506566 0.67211813580605295 -0.64526380378995429 0.19668226956031643 -0.11581715544862803
leaf_weight=8297 48 50 96 46 40 73 43 48 577 97 62 169 130 568
leaf_count=8297 48 50 96 46 40 73 43 48 577 97 62 169 130 568
internal_value=-2.46003e-10 -0.00248757 -0.333747 -0.638574 0.00380715 0.382966 -0.000481207 0.0173275 -0.0907687 -0.528792 -0.00481949 -0.166661 -0.181479 -0.237224
internal_weight=10344 10296 192 96 10104 113 9991 8345 1646 270 1376 799 227 737
internal_count=10344 10296 192 96 10104 113 9991 8345 1646 270 1376 799 227 737
is_linear=0
shrinkage=0.05


Tree=133
num_leaves=15
num_cat=0
split_feature=15 16 29 14 22 13 15 5 11 12 24 11 5 25
split_gain=5416.09 6451.05 18430.8 14394.1 33638.5 24254.9 21316.2 34327.1 18255.7 15364.8 13794.2 13549.3 11168.1 11134.1
threshold=252.69990000000004 289.45278511904769 0.56250000000000011 234.00000000000003 25.850000000000005 50.123651235841486 376.68465000000009 -0.70710678118654757 298.77350000000007 283.81012708333338 9.0437500000000011 277.20030000000003 0.1294095225512602 0.50000000000000033
decision_type=2 2 2 2 2 2 2 2 2 2 2 2 2 2
left_child=-1 2 -2 4 5 6 -3 -8 -9 -7 11 -4 -11 -10
right_child=1 3 10 -5 -6 9 7 8 13 12 -12 -13 -14 -15
leaf_value=-0.52988588946561022 0.4454406766456992 -0.11660196762221556 0.10993766064888665 0.010935834177534735 -1.4688644245266915 -0.42468011101914782 -1.6964374901819974 0.37073543347891363 -0.29936241298758737 0.10553323469745618 0.0011964839559648402 1.3148091310262682 0.7304276927063863 -1.3019415578577256
leaf_weight=48 288 720 56 6048 48 72 60 63 72 156 2496 40 132 45
leaf_count=48 288 720 56 6048 48 72 60 63 72 156 2496 40 132 45
internal_value=-2.39003e-10 0.00247033 0.0659799 -0.0221936 -0.168661 -0.12138 -0.25263 -0.660714 -0.315473 0.228619 0.0238176 0.611967 0.391943 -0.68497
internal_weight=10344 10296 2880 7416 1368 1320 960 240 180 360 2592 96 288 117
internal_count=10344 10296 2880 7416 1368 1320 960 240 180 360 2592 96 288 117
is_linear=0
shrinkage=0.05


Tree=134
num_leaves=15
num_cat=0
split_feature=4 2 7 10 9 0 16 11 6 6 9 14 23 29
split_gain=5305.63 7882.3 15428.9 5862.42 23264 15435.5 13026.4 17381.2 16905.4 33270.2 14724.8 13307.6 16574.5 15591.4
threshold=-0.98296291314453399 4.5000000000000009 0.85561368268953431 355.08610000000004 394.85475000000002 22.500000000000004 321.42061636904765 286.00745000000006 -0.67803021058859225 -0.15101209918632377 315.1565500000001 286.54200000000009 7.9229166666666666 15.836309523809526
decision_type=2 2 2 2 2 2 2 2 2 2 2 2 2 2
left_child=1 2 -1 4 -2 6 8 -8 -5 -10 -11 13 -13 -9
right_child=3 -3 -4 5 -6 -7 7 11 9 10 -12 12 -14 -15
leaf_value=0.12931618785371587 0.0052979919198725125 -0.16471176840845617 1.0122497888342028 0.12986765312099899 1.1330129063647727 -0.96978395627811553 -0.67422326137090016 0.49905508874731813 -1.7090324417728446 -0.5020983933561145 0.19104117450460922 0.041789211146911566 -0.60107892991910727 -0.15678472520342768
leaf_weight=245 7869 124 62 189 46 48 84 294 46 238 113 739 116 131
leaf_count=245 7869 124 62 189 46 48 84 294 46 238 113 739 116 131
internal_value=-6.00753e-11 0.171735 0.307629 -0.00746673 0.011852 -0.0839971 -0.0621931 0.0225115 -0.259355 -0.444653 -0.278951 0.0682347 -0.0454303 0.296902
internal_weight=10344 431 307 9913 7915 1998 1950 1364 586 397 351 1280 855 425
internal_count=10344 431 307 9913 7915 1998 1950 1364 586 397 351 1280 855 425
is_linear=0
shrinkage=0.05


Tree=135
num_leaves=15
num_cat=0
split_feature=10 32 17 30 22 12 28 9 0 19 11 9 4 17
split_gain=5153.9 5814.28 19626.1 15753.9 10638.1 8946.29 7173.84 7067.27 73004.4 8757.01 11230.5 10567.2 16477.8 13688.5
threshold=1.0000000180025095e-35 13.959971378829605 63.405530592724226 27.456250000000001 23.050000000000004 354.89819166666672 7.5300595238095243 424.42965000000004 14.500000000000002 614.30520000000013 514.79450000000008 378.85180000000008 -0.37940952255126065 53.387803264122233
decision_type=2 2 2 2 2 2 2 2 2 2 2 2 2 2
left_child=-1 3 4 7 6 -6 -3 9 -9 10 11 -2 13 -13
right_child=1 2 -4 -5 5 -7 -8 8 -10 -11 -12 12 -14 -15
leaf_value=0.49179564936543407 0.0072492205180990053 -0.11497093197401301 -0.96860345654071323 0.73205087020993231 0.33393087230687002 -0.38606842609148756 -0.70379424777680211 0.67305883202287886 -2.0181306320996515 -0.21130307025768924 0.84570717419066088 0.28899656642301408 -0.027415690922047483 1.4854387557506561
leaf_weight=53 8342 678 63 75 232 53 56 63 42 429 41 51 121 45
leaf_count=53 8342 678 63 75 232 53 56 63 42 429 41 51 121 45
internal_value=-2.23724e-10 -0.00253281 -0.112176 0.0103496 -0.0592271 0.200036 -0.159895 0.00442363 -0.403417 0.00916649 0.0201643 0.0162098 0.360674 0.849829
internal_weight=10344 10291 1082 9209 1019 285 734 9134 105 9029 8600 8559 217 96
internal_count=10344 10291 1082 9209 1019 285 734 9134 105 9029 8600 8559 217 96
is_linear=0
shrinkage=0.05


Tree=136
num_leaves=15
num_cat=0
split_feature=9 9 32 13 31 30 32 22 27 25 30 30 22 9
split_gain=5192.88 15463.5 9333.03 13218 7030.9 20406 16442.9 18947.8 15048.7 11248.2 10875 12824.1 12563.4 13198.7
threshold=437.66935000000007 424.42965000000004 -23.221153121816556 56.443380128269446 1.0000000180025095e-35 7.0166666666666684 2.0316595254948573 11.4 8.4937500000000004 -5.2499999999999982 4.4166666666666679 1.4166666666666667 4.7000000000000011 294.37650000000008
decision_type=2 2 2 2 2 2 2 2 2 2 2 2 2 2
left_child=1 2 3 -1 5 10 7 8 -7 -6 11 -4 13 -13
right_child=-2 -3 4 -5 9 6 -8 -9 -10 -11 -12 12 -14 -15
leaf_value=0.14056410456874543 0.423146775778797 -0.89830272709950809 -0.014931325546397815 1.1277690102414388 -0.70463388760231049 1.0045732818841935 -0.035538711192820115 -0.2334810083445448 0.33306116658718665 -0.077826776362628206 -0.31830865491979887 0.051119999644848015 -0.43284452489018443 0.72939061375334857
leaf_weight=196 72 48 7382 41 76 150 264 78 188 1229 280 130 50 160
leaf_count=196 72 48 7382 41 76 150 264 78 188 1229 280 130 50 160
internal_value=3.68066e-10 -0.00296598 0.00123748 0.311346 -0.00612167 0.0101433 0.2731 0.468966 0.63107 -0.11433 -0.0122024 -0.00110298 0.299135 0.425338
internal_weight=10344 10272 10224 237 9987 8682 680 416 338 1305 8002 7722 340 290
internal_count=10344 10272 10224 237 9987 8682 680 416 338 1305 8002 7722 340 290
is_linear=0
shrinkage=0.05


Tree=137
num_leaves=15
num_cat=0
split_feature=6 9 17 10 0 11 28 24 18 0 22 23 15 2
split_gain=5181.19 10042.5 12888.4 67055.6 10976.7 16972.9 11850.6 11823.1 9917.44 10760.2 11917.1 12498.2 11592.4 10312.7
threshold=0.69676570133721638 306.71200000000005 36.93592095136524 294.18500000000006 20.500000000000004 330.01170000000008 0.69226190476190486 13.582142857142861 222.00575000000003 11.500000000000002 4.7000000000000011 8.3229166666666696 421.64920000000006 4.5000000000000009
decision_type=2 2 2 2 2 2 2 2 2 2 2 2 2 2
left_child=-1 2 3 -2 6 -6 8 -8 9 12 13 -12 -4 -11
right_child=1 -3 4 -5 5 -7 7 -9 -10 10 11 -13 -14 -15
leaf_value=0.022108142636441758 0.012675447207550671 -0.30381347707162304 -0.026112391799688342 -1.9248976963813658 -0.10420387958473665 -1.1742179720408537 -0.58455061839213451 0.0086436266685643841 -0.092739467593586838 0.9739980418712666 -0.44783866150038582 0.33952986188085071 0.53933288646361754 0.21344704367220402
leaf_weight=7440 258 360 564 54 235 44 126 252 399 117 63 252 108 72
leaf_count=7440 258 360 564 54 235 44 126 252 399 117 63 252 108 72
internal_value=-4.32024e-10 -0.0566407 -0.0216634 -0.322674 0.0204133 -0.272952 0.0623226 -0.189088 0.122661 0.195743 0.370384 0.182056 0.0647627 0.684264
internal_weight=10344 2904 2544 312 2232 279 1953 378 1575 1176 504 315 672 189
internal_count=10344 2904 2544 312 2232 279 1953 378 1575 1176 504 315 672 189
is_linear=0
shrinkage=0.05


Tree=138
num_leaves=15
num_cat=0
split_feature=13 18 7 7 16 28 7 4 25 0 6 9 14 12
split_gain=4980.35 6436.49 5038.49 7788.67 6602.23 6523.97 23579.7 29942.1 15924.1 20604.3 25629.8 13369.4 18191 12323.5
threshold=12.592347737317665 245.14305000000004 0.99988440732898443 0.99681593486783593 321.42061636904765 1.0000000180025095e-35 0.95436825032516992 0.25881904510252091 -0.50000000000000011 10.500000000000002 0.3342611484689354 311.66870000000006 297.84350000000006 307.73257916666677
decision_type=2 2 2 2 2 2 2 2 2 2 2 2 2 2
left_child=1 -1 3 5 -5 8 -7 -8 9 -2 11 -11 -13 -12
right_child=2 -3 -4 4 -6 6 7 -9 -10 10 13 12 -14 -15
leaf_value=0.063194916774712825 -0.026422617483894358 0.61753949162860711 0.50543512729927897 0.05506537913655242 -0.55056702613908182 -0.017680499938266713 -0.057544592938252863 -1.6595640571415424 -0.051355476330610973 1.1003366349854022 0.41993267634549203 -0.047153450604169991 0.84003982847699765 -0.086761650584566474
leaf_weight=192 726 72 48 72 120 6456 70 50 1680 117 195 104 130 312
leaf_count=192 726 72 48 72 120 6456 70 50 1680 117 195 104 130 312
internal_value=6.99345e-10 0.21438 -0.00561471 -0.00805992 -0.323455 -0.00190588 -0.0305888 -0.725053 0.0558817 0.169618 0.335499 0.663933 0.445732 0.108121
internal_weight=10344 264 10080 10032 192 9840 6576 120 3264 1584 858 351 234 507
internal_count=10344 264 10080 10032 192 9840 6576 120 3264 1584 858 351 234 507
is_linear=0
shrinkage=0.05


Tree=139
num_leaves=15
num_cat=0
split_feature=25 13 12 19 10 6 18 32 18 6 17 32 16 9
split_gain=4848.3 13563.3 15233.6 11493.5 16253.1 9479.88 7240.92 17007.8 16732.1 13790.7 13140.8 10947 20572.9 36071.7
threshold=-6.9499999999999984 39.857455311254697 317.69626041666669 443.18080000000003 298.02865000000003 0.99761913169647187 246.16770000000002 -3.0572999702735308 245.98705000000004 0.64579916509010216 44.927890673362022 -0.20294629611730197 327.21366130952384 393.29170000000005
decision_type=2 2 2 2 2 2 2 2 2 2 2 2 2 2
left_child=1 5 3 -3 -5 -1 8 10 11 -10 -8 12 13 -2
right_child=6 2 -4 4 -6 -7 7 -9 9 -11 -12 -13 -14 -15
leaf_value=-0.50417162573236662 0.04397225993937591 -0.28120145169086758 -0.63730448062221212 0.052360397819429638 1.216157917380333 0.26556376661174003 -1.1301931669669492 0.011426043273361622 0.24809207247259715 1.1956318346240247 -0.26006159269715362 -0.038523655242894535 0.33240421346014237 -1.398412439790131
leaf_weight=240 2914 48 48 60 60 48 49 1108 192 48 379 4452 654 44
leaf_count=240 2914 48 48 60 60 48 49 1108 192 48 379 4452 654 44
internal_value=-1.48234e-10 -0.151253 0.148254 0.372699 0.634259 -0.375882 0.00774708 -0.091981 0.0261939 0.4376 -0.359679 0.0139497 0.0786261 0.0225169
internal_weight=10344 504 216 168 120 288 9840 1536 8304 240 428 8064 3612 2958
internal_count=10344 504 216 168 120 288 9840 1536 8304 240 428 8064 3612 2958
is_linear=0
shrinkage=0.05


Tree=140
num_leaves=15
num_cat=0
split_feature=16 29 24 5 14 10 12 9 10 11 12 11 4 7
split_gain=4877.6 17616.3 12324.8 12507.9 12310.3 31021.8 30121 18421 27830.9 43350.4 22653.9 14726.2 12846.7 13831.5
threshold=289.45278511904769 0.56250000000000011 9.0437500000000011 1.0000000180025095e-35 234.00000000000003 403.14735000000007 315.58338750000001 316.88320000000004 317.97535000000005 321.06160000000006 300.20666250000005 301.85270000000008 1.0000000180025095e-35 -0.98521978256641018
decision_type=2 2 2 2 2 2 2 2 2 2 2 2 2 2
left_child=1 -1 3 -3 5 6 7 8 11 -10 -11 -2 13 -9
right_child=4 2 -4 -5 -6 -7 -8 12 9 10 -12 -13 -14 -15
leaf_value=0.42596114604061264 0.062046519343991552 1.1409960098487015 -0.0068516116626282462 -0.0004543722374364734 0.0090638389032161315 -1.4056360351853074 0.63015472560129582 0.10617593589980723 -2.0116998081130011 0.039720662509169537 -1.2583968512865962 -0.3761073445495447 -0.15407452952565143 1.2491864846087992
leaf_weight=288 413 48 2544 48 6048 48 124 59 54 107 49 358 108 48
leaf_count=288 413 48 2544 48 6048 48 124 59 54 107 49 358 108 48
internal_value=3.41825e-10 0.0546422 0.0141347 0.570271 -0.0215739 -0.157025 -0.111621 -0.188528 -0.280392 -0.790682 -0.368021 -0.141402 0.230629 0.618928
internal_weight=10344 2928 2640 96 7416 1368 1320 1196 981 210 156 771 215 107
internal_count=10344 2928 2640 96 7416 1368 1320 1196 981 210 156 771 215 107
is_linear=0
shrinkage=0.05


Tree=141
num_leaves=15
num_cat=0
split_feature=15 15 32 15 28 24 11 6 2 0 7 15 17 28
split_gain=4726.39 5804.67 10852.3 13985.6 19686.6 21932.7 10897.4 9945.87 10862.3 9291.26 15738.7 11831.8 17925.3 11646.9
threshold=252.69990000000004 312.05505000000005 -3.0572999702735308 301.54570000000007 4.9434523809523823 18.218154761904767 303.42290000000008 -0.71504373327588355 2.5000000000000004 3.5000000000000004 -0.75013812021657655 385.54940000000005 73.472859769513875 1.0000000180025095e-35
decision_type=2 2 2 2 2 2 2 2 2 2 2 2 2 2
left_child=-1 2 3 4 5 -2 -4 -5 -9 10 -3 12 -12 -11
right_child=1 9 6 7 -6 -7 -8 8 -10 13 11 -13 -14 -15
leaf_value=-0.49499902330959844 0.099026306024561195 0.43129324172559669 0.050454653409966667 0.045414426699280745 -0.87243518301031819 1.3210310405208952 -0.54568406067810016 1.5074118828286931 0.45460730496109747 0.044752727226841676 -0.057667869789800888 0.18582748454056103 -1.1510661283880472 -0.08314782465327443
leaf_weight=48 292 292 645 40 44 42 87 49 49 2880 596 580 40 4660
leaf_count=48 292 292 645 40 44 42 87 49 49 2880 596 580 40 4660
internal_value=2.84807e-10 0.00230769 0.103394 0.279007 0.121724 0.252692 -0.0203979 0.709823 0.98101 -0.0116353 0.101661 0.022506 -0.126435 -0.0342946
internal_weight=10344 10296 1248 516 378 334 732 138 98 9048 1508 1216 636 7540
internal_count=10344 10296 1248 516 378 334 732 138 98 9048 1508 1216 636 7540
is_linear=0
shrinkage=0.05


Tree=142
num_leaves=15
num_cat=0
split_feature=10 9 22 11 18 16 32 5 11 14 29 26 29 25
split_gain=4651.1 21041.3 16812.6 11738.1 11159.6 10286.6 14827.4 20862.2 20496.1 14724.9 15668.9 14008.1 13678.3 14784.1
threshold=355.08610000000004 394.85475000000002 27.250000000000004 286.00745000000006 188.55470000000003 321.42061636904765 -23.221153121816556 -0.70710678118654757 387.29630000000003 284.90975000000009 15.836309523809526 2.6270833333333337 0.067857142857142852 -0.50000000000000011
decision_type=2 2 2 2 2 2 2 2 2 2 2 2 2 2
left_child=1 -1 3 4 -2 6 -5 -8 11 10 -7 -9 -11 -14
right_child=2 -3 -4 5 -6 9 7 8 -10 12 -12 -13 13 -15
leaf_value=0.011217185659154215 0.099108071938373052 1.0722073783107262 -0.92003316343096753 0.54594745328029004 -0.69193764489942367 0.5060442219132949 0.096275282732211059 -0.69155298439349899 -1.5934145694687254 -0.62890677756455904 -0.1212791942664095 0.13030178416066054 0.27914762879611421 -0.14725101284290618
leaf_weight=8117 69 47 56 60 126 304 200 141 42 91 148 82 329 532
leaf_count=8117 69 47 56 60 126 304 200 141 42 91 148 82 329 532
internal_value=3.52943e-10 0.0173253 -0.0648824 -0.0423361 -0.412029 -0.00496428 -0.193782 -0.289231 -0.58018 0.0656408 0.300637 -0.389346 -0.0459333 0.0156818
internal_weight=10344 8164 2180 2124 195 1929 525 465 265 1404 452 223 952 861
internal_count=10344 8164 2180 2124 195 1929 525 465 265 1404 452 223 952 861
is_linear=0
shrinkage=0.05


Tree=143
num_leaves=15
num_cat=0
split_feature=4 2 7 10 9 0 16 11 6 6 11 9 14 14
split_gain=4623.51 7081.13 14152.3 5778.48 19082.8 13228.7 10203.5 14541.3 14409.1 28753.2 12072.8 11979.2 10705.2 13566.1
threshold=-0.98296291314453399 4.5000000000000009 0.85561368268953431 355.08610000000004 398.86505000000005 22.500000000000004 321.42061636904765 286.00745000000006 -0.67803021058859225 -0.15101209918632377 366.53165000000007 315.1565500000001 286.54200000000009 347.95915000000008
decision_type=2 2 2 2 2 2 2 2 2 2 2 2 2 2
left_child=1 2 -1 4 -2 6 8 -8 10 -10 -5 -11 -9 -14
right_child=3 -3 -4 5 -6 -7 7 12 9 11 -12 -13 13 -15
leaf_value=0.11834165790555429 0.0066074560774508689 -0.15857461242515955 0.96395977399041577 0.32912925864826115 1.0881077848556566 -0.90297501919170231 -0.62507844708327742 0.25911594141406175 -1.583751175860348 -0.45555975767744689 -0.64919304043054593 0.16962812893521206 -0.19965730191186043 0.21350156356503441
leaf_weight=245 7874 124 62 149 41 48 84 425 46 238 40 113 541 314
leaf_count=245 7874 124 62 149 41 48 84 425 46 238 40 113 541 314
internal_value=3.76121e-10 0.160315 0.289118 -0.00697024 0.0122097 -0.0829507 -0.0627655 0.0122013 -0.237262 -0.408332 0.122077 -0.254288 0.0540228 -0.0479241
internal_weight=10344 431 307 9913 7915 1998 1950 1364 586 397 189 351 1280 855
internal_count=10344 431 307 9913 7915 1998 1950 1364 586 397 189 351 1280 855
is_linear=0
shrinkage=0.05


Tree=144
num_leaves=15
num_cat=0
split_feature=10 2 10 19 23 9 11 32 29 25 32 6 9 32
split_gain=4530.37 12202.6 6872.43 27099.2 48269.2 23309 12577.2 11010.1 11313.6 13661.6 9561.6 8033.74 8997.37 6807.85
threshold=476.20150000000007 3.5000000000000004 376.68765000000002 444.46585000000005 23.579166666666669 398.86505000000005 313.29005000000006 -19.096952548881379 0.067857142857142852 -0.50000000000000011 2.1175183229841168 -0.24372957273992746 351.54535000000004 -1.0000000180025095e-35
decision_type=2 2 2 2 2 2 2 2 2 2 2 2 2 2
left_child=2 -2 5 4 6 13 -4 -5 -9 10 11 12 -10 -1
right_child=1 -3 3 7 -6 -7 -8 8 9 -11 -12 -13 -14 -15
leaf_value=0.05639160405766222 0.58880731638784356 -0.40420435051123305 -0.88636946673970662 0.36633163017641968 -2.0041051902770994 1.0379943694851617 0.19507539076049155 -0.71682200034459431 0.96795520709517102 -0.1958742407673385 0.86339033265063103 -0.054642352265915996 -0.047401151508092883 -0.03238557659181153
leaf_weight=3765 99 45 40 157 50 55 82 66 48 554 47 232 40 5064
leaf_count=3765 99 45 40 157 50 55 82 66 48 554 47 232 40 5064
internal_value=4.49669e-11 0.278491 -0.00393164 -0.110567 -0.69572 0.0118644 -0.159497 -0.0225895 -0.0844544 -0.0391381 0.197461 0.0996524 0.50643 0.00547217
internal_weight=10344 144 10200 1316 172 8884 122 1144 987 921 367 320 88 8829
internal_count=10344 144 10200 1316 172 8884 122 1144 987 921 367 320 88 8829
is_linear=0
shrinkage=0.05


Tree=145
num_leaves=15
num_cat=0
split_feature=7 7 2 6 17 10 9 0 11 28 13 32 11 18
split_gain=4631.12 7072.84 6374.48 5048.31 8974.01 59836.7 11570.7 10401.6 15837.8 10036.6 10873.8 9798.96 8850.75 8444.4
threshold=0.99988440732898443 0.99681593486783593 1.0000000180025095e-35 0.69676570133721638 36.93592095136524 294.18500000000006 306.71200000000005 20.500000000000004 330.01170000000008 0.69226190476190486 39.711262741925601 -4.3058127376973578 273.959 222.00575000000003
decision_type=2 2 2 2 2 2 2 2 2 2 2 2 2 2
left_child=1 3 -3 -1 5 12 7 9 -9 13 -11 -8 -5 -6
right_child=-2 2 -4 4 6 -7 11 8 -10 10 -12 -13 -14 -15
leaf_value=0.025873774912606076 0.4899845090384285 -0.80191387803448988 -0.13657774543907081 -0.1287888249577511 0.18446165485900343 -1.8190874502338745 0.2871305117684026 -0.10186892719027846 -1.1354836625809019 -0.33618696447079766 0.26254176217885244 -0.40375678432580309 0.62376870230461168 -0.081736186504793501
leaf_weight=7200 48 48 144 210 1176 54 62 235 44 273 105 298 48 399
leaf_count=7200 48 48 144 210 1176 54 62 235 44 273 105 298 48 399
internal_value=-1.10509e-10 -0.00228431 -0.302912 0.00342833 -0.0522215 -0.305562 -0.0217268 0.0206996 -0.264876 0.0614962 -0.169873 -0.284771 0.0112219 0.117025
internal_weight=10344 10296 192 10104 2904 312 2592 2232 279 1953 378 360 258 1575
internal_count=10344 10296 192 10104 2904 312 2592 2232 279 1953 378 360 258 1575
is_linear=0
shrinkage=0.05


Tree=146
num_leaves=15
num_cat=0
split_feature=16 23 24 16 14 0 26 0 16 0 27 5 29 9
split_gain=4524.6 11967.8 13105.9 11191.1 14544.7 33475.3 30424.7 30191.8 14301.8 10101.5 15969.2 10059.7 10027.8 9132.29
threshold=290.34443750000008 20.231250000000003 9.0437500000000011 295.90730982142861 232.19045000000003 10.500000000000002 5.1708333333333334 16.500000000000004 295.80137767857144 18.500000000000004 0.20208333333333339 -0.60355339059327384 0.81815476190476211 264.72205000000002
decision_type=2 2 2 2 2 2 2 2 2 2 2 2 2 2
left_child=1 2 11 4 5 -2 7 -7 -6 -3 12 -1 -11 -5
right_child=3 9 -4 13 8 6 -8 -9 -10 10 -12 -13 -14 -15
leaf_value=1.1097122584070478 0.08798349776210633 0.13317288537820179 -0.033866024221735673 -0.19846574292399935 0.024676551779092493 -2.2416372189919156 -0.19872964000186097 -0.63047182233560661 -0.86765618991727633 0.64410284651177274 1.4498520091176035 0.1902799302915239 -0.34830254346132278 0.023715180454661599
leaf_weight=42 187 570 2208 504 696 54 104 63 48 70 40 102 40 5616
leaf_count=42 187 570 2208 504 696 54 104 63 48 70 40 102 40 5616
internal_value=7.36602e-10 0.0508783 -0.00372437 -0.0214931 -0.164458 -0.40437 -0.820977 -1.37409 -0.0328933 0.229247 0.594328 0.458448 0.283228 0.00541793
internal_weight=10344 3072 2352 7272 1152 408 221 117 744 720 150 144 110 6120
internal_count=10344 3072 2352 7272 1152 408 221 117 744 720 150 144 110 6120
is_linear=0
shrinkage=0.05


Tree=147
num_leaves=15
num_cat=0
split_feature=32 23 30 13 23 9 32 26 5 25 26 25 7 25
split_gain=4520.69 16349.7 13885.6 11508.8 11044.1 7416.58 61210.8 7801.04 20519.2 12030.2 12437 11730.4 10470.7 9821.17
threshold=12.154166666666669 28.433333333333341 27.456250000000001 53.351744731122317 26.097916666666674 424.42965000000004 -0.78665629407003379 4.085416666666668 -0.12940952255126037 -0.50000000000000011 5.104166666666667 4.1500000000000012 -0.96687281075841669 -0.50000000000000011
decision_type=2 2 2 2 2 2 2 2 2 2 2 2 2 2
left_child=2 3 5 -2 -5 7 -7 12 9 -9 -11 -10 -1 -14
right_child=1 -3 -4 4 -6 6 -8 8 11 10 -12 -13 13 -15
leaf_value=-0.62688232642214969 -0.11809368338730174 -1.023070948049426 0.7141222294792533 0.016278768057236447 0.79034807506120863 -1.9469734072685243 0.54636153781320906 -0.34532832196050323 0.21693824653829805 0.64203225625213234 -0.053482724105175988 0.83312622594625452 0.058616699178463565 -0.057979759662409702
leaf_weight=68 1076 45 70 128 72 40 64 274 758 80 327 86 3388 3868
leaf_count=68 1076 45 70 128 72 40 64 274 758 80 327 86 3388 3868
internal_value=-9.69126e-10 -0.0863878 0.0126475 -0.0533543 0.294944 0.00716293 -0.412613 0.0120964 0.114978 -0.0892015 0.0832278 0.279725 -0.00932555 -0.00353808
internal_weight=10344 1321 9023 1276 200 8953 104 8849 1525 681 407 844 7324 7256
internal_count=10344 1321 9023 1276 200 8953 104 8849 1525 681 407 844 7324 7256
is_linear=0
shrinkage=0.05


Tree=148
num_leaves=15
num_cat=0
split_feature=0 9 26 28 11 16 9 16 13 0 2 11 13 11
split_gain=4519.97 14133.2 17368.2 9513 19887.2 9393.82 9157 8740.2 8235.9 7619.84 39058.2 29368.5 38690.4 24573.5
threshold=20.500000000000004 393.29170000000005 2.1937500000000005 0.054464285714285694 325.40140000000002 290.34443750000008 358.24820000000005 305.90243273809529 45.487075051731644 12.500000000000002 4.5000000000000009 308.26105000000007 48.628130008935365 434.02505000000002
decision_type=2 2 2 2 2 2 2 2 2 2 2 2 2 2
left_child=9 2 3 6 -5 -4 -2 -7 -9 13 11 12 -11 -1
right_child=1 -3 5 4 -6 7 -8 8 -10 10 -12 -13 -14 -15
leaf_value=-0.013762918397755734 0.028454592805395335 -0.9896305607188316 0.62305473436911907 -0.22444034041669464 -1.2909008802590418 -0.3745963011414577 -0.65896011041822256 0.023218992849191031 0.73775307225684328 0.87902063493609939 -0.19381519326444474 0.10956712647179244 -0.48928490001708269 -1.1499543058375516
leaf_weight=5555 471 42 108 306 51 78 54 123 60 268 992 2124 64 48
leaf_count=5555 471 42 108 306 51 78 54 123 60 268 992 2124 64 48
internal_value=-1.92736e-10 -0.0874465 -0.0571574 -0.17766 -0.376792 0.230874 -0.0422509 0.0685924 0.257492 0.0124924 0.0709742 0.177925 0.615251 -0.0234965
internal_weight=10344 1293 1251 882 357 369 525 261 183 9051 3448 2456 332 5603
internal_count=10344 1293 1251 882 357 369 525 261 183 9051 3448 2456 332 5603
is_linear=0
shrinkage=0.05


Tree=149
num_leaves=15
num_cat=0
split_feature=9 9 32 13 31 30 32 22 27 9 30 16 14 30
split_gain=4581.45 13148.5 7794.1 11570.8 6247.29 17310.9 13736.8 17132.5 10080.4 10803.2 9679.18 12075.9 13915 10443.1
threshold=437.66935000000007 424.42965000000004 -23.221153121816556 56.443380128269446 1.0000000180025095e-35 7.0166666666666684 2.0316595254948573 13.050000000000002 8.4937500000000004 281.44530000000003 4.4166666666666679 303.72788898809529 293.76545000000004 1.4166666666666667
decision_type=2 2 2 2 2 2 2 2 2 2 2 2 2 2
left_child=1 2 3 -1 5 10 7 8 9 -7 13 -12 -13 -4
right_child=-2 -3 4 -5 -6 6 -8 -9 -10 -11 11 12 -14 -15
leaf_value=0.12469436110054354 0.39745542731963929 -0.8283870328217745 -0.012891899739889605 1.0483392304036676 -0.10763562619864542 0.50336380957388405 -0.030208037827502601 -0.52659777998924262 0.30402418431708389 1.3243349068544128 0.26906733521393367 -0.74666295364499102 0.15428408777341249 0.27052292836590341
leaf_weight=196 72 48 7382 41 1305 102 264 42 206 66 70 150 60 340
leaf_count=196 72 48 7382 41 1305 102 264 42 206 66 70 150 60 340
internal_value=-2.58507e-10 -0.0027859 0.00109016 0.284481 -0.00563495 0.00969688 0.251891 0.430916 0.538444 0.825888 -0.0108845 -0.29967 -0.48925 -0.000413132
internal_weight=10344 10272 10224 237 9987 8682 680 416 374 168 8002 280 210 7722
internal_count=10344 10272 10224 237 9987 8682 680 416 374 168 8002 280 210 7722
is_linear=0
shrinkage=0.05


end of trees

feature_importances:
last=259
temp_last=152
hour=150
lag168=146
interaction_temp_sin=142
weekday=126
std24=117
lag24=111
doy_sin=87
min24=75
doy_cos=73
temp_delta24=69
interaction_temp_work=69
temp_mean24=61
mean24=52
hour_sin=50
mean168=43
min168=41
hour_cos=40
std168=38
max168=37
max24=30
workhour=25
response_heat168=25
temp_mean168=24
response_cool168=19
response_cool24=18
response_heat24=11
interaction_cool_work=10

parameters:
[boosting: gbdt]
[objective: regression]
[metric: l2]
[tree_learner: serial]
[device_type: cpu]
[data_sample_strategy: bagging]
[data: ]
[valid: ]
[num_iterations: 150]
[learning_rate: 0.05]
[num_leaves: 15]
[num_threads: 2]
[seed: 20261006]
[deterministic: 1]
[force_col_wise: 1]
[force_row_wise: 0]
[histogram_pool_size: -1]
[max_depth: -1]
[min_data_in_leaf: 40]
[min_sum_hessian_in_leaf: 0.001]
[bagging_fraction: 1]
[pos_bagging_fraction: 1]
[neg_bagging_fraction: 1]
[bagging_freq: 0]
[bagging_seed: 27463]
[bagging_by_query: 0]
[feature_fraction: 1]
[feature_fraction_bynode: 1]
[feature_fraction_seed: 885]
[extra_trees: 0]
[extra_seed: 17743]
[early_stopping_round: 0]
[early_stopping_min_delta: 0]
[first_metric_only: 0]
[max_delta_step: 0]
[lambda_l1: 0]
[lambda_l2: 0]
[linear_lambda: 0]
[min_gain_to_split: 0]
[drop_rate: 0.1]
[max_drop: 50]
[skip_drop: 0.5]
[xgboost_dart_mode: 0]
[uniform_drop: 0]
[drop_seed: 19011]
[top_rate: 0.2]
[other_rate: 0.1]
[min_data_per_group: 100]
[max_cat_threshold: 32]
[cat_l2: 10]
[cat_smooth: 10]
[max_cat_to_onehot: 4]
[top_k: 20]
[monotone_constraints: ]
[monotone_constraints_method: basic]
[monotone_penalty: 0]
[feature_contri: ]
[forcedsplits_filename: ]
[refit_decay_rate: 0.9]
[cegb_tradeoff: 1]
[cegb_penalty_split: 0]
[cegb_penalty_feature_lazy: ]
[cegb_penalty_feature_coupled: ]
[path_smooth: 0]
[interaction_constraints: ]
[verbosity: -1]
[saved_feature_importance_type: 0]
[use_quantized_grad: 0]
[num_grad_quant_bins: 4]
[quant_train_renew_leaf: 0]
[stochastic_rounding: 1]
[linear_tree: 0]
[max_bin: 255]
[max_bin_by_feature: ]
[min_data_in_bin: 3]
[bin_construct_sample_cnt: 200000]
[data_random_seed: 5366]
[is_enable_sparse: 1]
[enable_bundle: 1]
[use_missing: 1]
[zero_as_missing: 0]
[feature_pre_filter: 1]
[pre_partition: 0]
[two_round: 0]
[header: 0]
[label_column: ]
[weight_column: ]
[group_column: ]
[ignore_column: ]
[categorical_feature: ]
[forcedbins_filename: ]
[precise_float_parser: 0]
[parser_config_file: ]
[objective_seed: 8607]
[num_class: 1]
[is_unbalance: 0]
[scale_pos_weight: 1]
[sigmoid: 1]
[boost_from_average: 1]
[reg_sqrt: 0]
[alpha: 0.9]
[fair_c: 1]
[poisson_max_delta_step: 0.7]
[tweedie_variance_power: 1.5]
[lambdarank_truncation_level: 30]
[lambdarank_norm: 1]
[label_gain: ]
[lambdarank_position_bias_regularization: 0]
[eval_at: ]
[multi_error_top_k: 1]
[auc_mu_weights: ]
[num_machines: 1]
[local_listen_port: 12400]
[time_out: 120]
[machine_list_filename: ]
[machines: ]
[gpu_platform_id: -1]
[gpu_device_id: -1]
[gpu_device_id_list: ]
[gpu_use_dp: 0]
[num_gpu: 1]

end of parameters

pandas_categorical:[]
