tree
version=v4
num_class=1
num_tree_per_iteration=1
label_index=0
max_feature_idx=21
objective=regression
feature_names=hour lead weekday weekend hour_sin hour_cos doy_sin doy_cos workhour last lag24 lag168 mean24 std24 min24 max24 mean168 std168 min168 max168 missing24 missing168
feature_infos=[0:23] [1:24] [0:6] [0:1] [-1:1] [-1:1] [-0.9999994220246925:0.99998555065071859] [-0.99997919295908233:0.9999907524084426] [0:1] [237.88:357.02999999999997] [76.930000000000007:473.66000000000003] [78.349999999999994:473.66000000000003] [304.41750000000002:398.59916666666669] [6.0798824544330028:104.54317562017138] [76.930000000000007:350.06] [321.62:473.66000000000003] [329.62386904761905:379.58279761904765] [19.189054105021345:48.583651475567422] [76.930000000000007:336.05000000000001] [377.11000000000001:473.66000000000003] [0:0.041666666666666664] [0:0.0059523809523809521]
tree_sizes=2675 2734 2743 2737 2732 2735 2752 2750 2753 2735 2766 2757 2751 2765 2766 2754 2769 2765 2761 2782 2751 2761 2775 2769 2768 2775 2776 2772 2804 2772 2774 2782 2788 2797 2760 2763 2787 2782 2775 2804 2788 2772 2791 2763 2765 2806 2778 2768 2781 2783 2786 2785 2804 2792 2767 2798 2787 2773 2796 2784 2798 2773 2792 2803 2811 2808 2806 2820 2808 2814 2819 2785 2829 2809 2804 2839 2834 2791 2814 2797 2805 2800 2809 2808 2825 2808 2811 2827 2805 2802 2818 2780 2822 2798 2809 2805 2813 2800 2824 2777 2815 2821 2821 2829 2821 2812 2815 2813 2829 2825 2822 2837 2831 2845 2808 2818 2829 2821 2825 2807 2831 2818 2798 2834 2832 2837 2816 2840 2813 2793 2824 2818 2791 2852 2840 2817 2840 2804 2811 2839 2806 2792 2831 2814 2821 2806 2818 2836 2828 2803

Tree=0
num_leaves=31
num_cat=0
split_feature=11 11 11 10 8 11 8 10 10 11 2 0 10 19 11 19 11 9 10 11 10 0 10 18 12 10 13 16 9 10
split_gain=8.25287e+06 1.20955e+06 960631 255266 225928 180901 160434 147015 145210 69048.6 64904.8 59424.7 52966.8 52608.9 47131 46217 42643.1 39694.4 34281.7 31771.4 31575 25089.4 22385 19578.6 25192 18645.4 18032.8 17196.5 16465.3 14662.8
threshold=368.38000000000005 334.29500000000007 401.44000000000005 328.15000000000003 1.0000000180025095e-35 351.23500000000007 1.0000000180025095e-35 409.87500000000006 390.25500000000005 300.34000000000009 4.5000000000000009 9.5000000000000018 346.17000000000007 428.67500000000007 380.53500000000003 402.32500000000005 415.84500000000008 318.09000000000009 423.34500000000008 420.96500000000009 361.98500000000007 3.5000000000000004 431.66500000000002 300.48000000000008 360.37791666666675 376.78000000000003 10.386330250546999 368.37294642857142 310.90000000000003 403.97000000000008
decision_type=2 2 2 2 2 2 2 2 2 2 2 2 2 2 2 2 2 2 2 2 2 2 2 2 2 2 2 2 2 2
left_child=1 3 8 9 5 12 -5 13 14 -1 18 -6 -3 23 25 -13 -9 21 29 -15 -7 -11 -18 -4 -25 -2 -16 -21 -14 -10
right_child=2 4 7 6 11 20 -8 16 10 17 -12 15 28 19 26 -17 22 -19 -20 27 -22 -23 -24 24 -26 -27 -28 -29 -30 -31
leaf_value=355.56298405486336 359.82305949746183 358.34020056958309 361.54969909300399 358.05997776645643 359.63107759027866 359.08563335136711 361.0676971091541 362.05513023826853 361.03644542437183 356.84516226652426 359.92340914342287 360.03621872425282 358.20193406950756 361.64229484494501 361.50720755889739 361.8311716125209 362.58953188511509 357.60044421328297 362.57856052672747 361.90721834289496 359.56685322951728 357.35159184241797 363.17181577945411 360.02728408619544 361.498054877897 360.41072762846773 360.50798710204566 362.80279842603443 358.91152229835546 361.60768278254443
leaf_weight=60 492 1090 100 1226 161 695 46 260 265 503 84 65 90 347 49 80 449 629 57 95 669 476 261 74 48 186 575 123 892 195
leaf_count=60 492 1090 100 1226 161 695 46 260 265 503 84 65 90 347 49 80 449 629 57 95 669 476 261 74 48 186 575 123 892 195
internal_value=359.44 358.394 361.348 357.635 358.99 358.875 358.169 362.191 360.57 357.228 361.212 360.292 358.58 361.683 360.273 361.027 362.603 357.291 361.422 361.939 359.322 357.091 362.804 361.031 360.606 359.984 360.586 362.413 358.846 361.279
internal_weight=10342 6682 3660 2940 3742 3436 1272 1757 1903 1668 601 306 2072 787 1302 145 970 1608 517 565 1364 979 710 222 122 678 624 218 982 460
internal_count=10342 6682 3660 2940 3742 3436 1272 1757 1903 1668 601 306 2072 787 1302 145 970 1608 517 565 1364 979 710 222 122 678 624 218 982 460
is_linear=0
shrinkage=1


Tree=1
num_leaves=31
num_cat=0
split_feature=11 11 11 10 8 11 8 10 10 11 2 0 16 11 19 10 11 10 9 10 11 0 17 12 10 9 13 9 9 5
split_gain=7.44821e+06 1.09214e+06 866970 226225 207002 168057 143368 132681 131166 61910.2 58678.3 53586.4 48078.5 44787.4 41221.2 39150.1 39011.8 38793.6 36254 27714.1 26553.5 21483.9 20826 19439.7 19025.8 15705.2 15531.9 14817.5 13938.5 16183.1
threshold=368.38000000000005 334.00500000000005 401.44000000000005 328.15000000000003 1.0000000180025095e-35 348.64500000000004 1.0000000180025095e-35 409.87500000000006 392.93500000000006 300.34000000000009 4.5000000000000009 9.5000000000000018 367.77556547619054 380.53500000000003 402.32500000000005 359.59000000000009 420.96500000000009 346.17000000000007 317.82000000000005 423.34500000000008 420.96500000000009 3.5000000000000004 35.495554529497745 360.37791666666675 376.78000000000003 333.83500000000009 10.386330250546999 321.17500000000007 325.69000000000005 0.25881904510252057
decision_type=2 2 2 2 2 2 2 2 2 2 2 2 2 2 2 2 2 2 2 2 2 2 2 2 2 2 2 2 2 2
left_child=1 3 8 9 5 17 28 12 13 -1 19 -6 22 24 -13 -7 27 -3 21 -10 -14 -11 23 -4 -2 -17 -15 -9 -5 -30
right_child=2 4 7 6 11 15 -8 16 10 18 -12 14 20 26 -16 25 -18 -19 -20 -21 -22 -23 -24 -25 -26 -27 -28 -29 29 -31
leaf_value=-3.6826992257436117 0.36437244553467246 -1.0770046305474041 0.85792892443185509 -1.4797564922341861 0.18198963059401663 -0.42434749539460342 1.5571817813979256 2.0758654013923978 1.8041949747809705 -2.4696419355604387 0.47508909483499173 0.56687370281953076 2.2364589609418597 1.9643131197715293 2.2573447975111596 -0.12738919954018188 3.2766030399288448 -0.61414188882106635 -1.7531316912042607 2.9820983819794238 3.1951243811506567 -1.9968686943901686 2.038303020388581 2.0432069987581492 0.93285598496950817 0.30963726157495564 1.0392261052484431 2.7963783636033162 -0.19367751762980509 -1.2135065193194368
leaf_weight=60 492 1023 88 629 161 806 45 92 403 495 79 65 175 49 81 469 560 812 634 57 123 467 344 57 210 366 613 318 42 527
leaf_count=60 492 1023 88 629 161 806 45 92 403 495 79 65 175 49 81 469 560 812 634 57 123 467 344 57 210 366 613 318 42 527
internal_value=-2.26132e-10 -0.993073 1.81304 -1.72329 -0.433494 -0.543412 -1.21347 2.61391 1.0736 -2.10595 1.73396 0.811049 2.13153 0.81266 1.50474 -0.175772 3.00528 -0.872185 -2.04668 1.95015 2.63215 -2.24014 1.82646 1.32387 0.534432 0.0641697 1.1077 2.6347 -1.31755 -1.13823
internal_weight=10342 6682 3660 2899 3783 3476 1243 1757 1903 1656 539 307 787 1364 146 1641 970 1835 1596 460 298 962 489 145 702 835 662 410 1198 569
internal_count=10342 6682 3660 2899 3783 3476 1243 1757 1903 1656 539 307 787 1364 146 1641 970 1835 1596 460 298 962 489 145 702 835 662 410 1198 569
is_linear=0
shrinkage=0.05


Tree=2
num_leaves=31
num_cat=0
split_feature=11 11 11 10 11 8 10 8 10 11 8 19 10 2 10 10 10 10 11 10 11 10 11 18 12 10 9 11 2 16
split_gain=6.72391e+06 1.08099e+06 668098 219828 204603 138368 119745 114930 106579 56510.2 51445.4 44161.8 41722.2 37037.1 36880.7 33451 32377.5 32126.8 29351.8 28176.8 26558.4 22285.8 20355.9 16690 21118.1 16340.4 14202.2 13909.4 13608 13316
threshold=371.15500000000003 334.97500000000008 401.44000000000005 328.15000000000003 351.23500000000007 1.0000000180025095e-35 409.87500000000006 1.0000000180025095e-35 395.66000000000003 300.34000000000009 1.0000000180025095e-35 428.67500000000007 346.17000000000007 4.5000000000000009 432.89500000000004 361.98500000000007 319.00500000000005 354.73500000000007 382.44500000000005 383.80500000000006 420.96500000000009 424.31500000000005 422.73000000000008 300.48000000000008 360.37791666666675 373.97500000000008 333.83500000000009 317.59500000000008 4.5000000000000009 368.90068452380962
decision_type=2 2 2 2 2 2 2 2 2 2 2 2 2 2 2 2 2 2 2 2 2 2 2 2 2 2 2 2 2 2
left_child=1 3 8 9 7 27 11 12 18 -1 15 23 -3 21 22 -6 -11 -9 25 -12 -13 -10 -8 -4 -25 -2 -14 -5 -17 -22
right_child=2 4 6 5 10 -7 14 17 13 16 19 20 26 -15 -16 28 -18 -19 -20 -21 29 -23 -24 24 -26 -27 -28 -29 -30 -31
leaf_value=-3.4985641638437905 0.38925505767216567 -0.98287574703356073 1.9062889080047609 -1.6673137269775322 -0.31212059574786311 1.4744135447910853 2.4238453567181271 0.051287328004837041 1.7700978233896454 -2.1152582207228519 0.43682396592416428 1.9880229182820501 -0.65790244980953461 0.5193158257890631 3.3578894287685181 0.40066152241505987 -1.6577873258986189 1.9791864395141603 1.1040028781816982 1.7589082688701396 2.2978552191345782 2.8798421089465802 2.9640910763529287 0.5051211955579552 1.8517276922861736 0.89612716277097837 -0.24474332153157055 -1.1705939510035157 -0.023352557447188619 3.0794402131167327
leaf_weight=60 352 1039 100 161 736 49 389 40 348 987 227 347 645 54 265 332 636 47 603 49 108 52 316 74 48 290 307 1131 440 110
leaf_count=60 352 1039 100 161 736 49 389 40 348 987 227 347 645 54 265 332 636 47 603 49 108 52 316 74 48 290 307 1131 440 110
internal_value=3.34862e-09 -0.903196 1.7996 -1.61116 -0.348847 -1.13358 2.48322 -0.686053 1.09264 -1.9917 0.043929 2.02496 -0.763783 1.74843 2.85502 -0.0709392 -1.93599 1.0928 0.853501 0.671542 2.25974 1.91436 2.666 1.42744 1.03493 0.618216 -0.524667 -1.23249 0.158995 2.69223
internal_weight=10342 6886 3456 3024 3862 1341 1757 2078 1699 1683 1784 787 1991 454 970 1508 1623 87 1245 276 565 400 705 222 122 642 952 1292 772 218
internal_count=10342 6886 3456 3024 3862 1341 1757 2078 1699 1683 1784 787 1991 454 970 1508 1623 87 1245 276 565 400 705 222 122 642 952 1292 772 218
is_linear=0
shrinkage=0.05


Tree=3
num_leaves=31
num_cat=0
split_feature=11 10 11 11 8 11 10 10 11 11 2 0 10 16 10 11 11 19 9 9 11 10 15 13 13 2 8 9 13 10
split_gain=6.06948e+06 893252 705397 224118 219087 115528 108897 108070 60099 55769.5 50542.1 46495.1 45848.3 40033.9 37679.2 33342.3 30368.6 28305.3 25135.6 22154.1 21999.1 17936 17519.9 26736.4 43079.8 19502.7 16813.1 15339.7 15189.2 14760.2
threshold=368.38000000000005 340.09000000000009 401.44000000000005 324.75500000000005 1.0000000180025095e-35 348.64500000000004 385.27500000000003 409.87500000000006 339.30500000000006 300.34000000000009 4.5000000000000009 10.500000000000002 320.50500000000005 367.77556547619054 407.24500000000006 415.84500000000008 382.44500000000005 402.32500000000005 330.02500000000003 321.17500000000007 415.22000000000008 431.66500000000002 407.03500000000003 10.790393427095889 11.783583696410485 1.0000000180025095e-35 1.0000000180025095e-35 313.02500000000003 10.386330250546999 328.15000000000003
decision_type=2 2 2 2 2 2 2 2 2 2 2 2 2 2 2 2 2 2 2 2 2 2 2 2 2 2 2 2 2 2
left_child=1 3 6 9 5 19 16 13 29 -1 14 -6 27 22 -8 -9 -2 -13 -7 -3 -15 -17 23 -4 -25 -26 -10 -11 -18 -5
right_child=2 4 7 8 11 18 10 15 26 12 -12 17 -14 20 -16 21 28 -19 -20 -21 -22 -23 -24 24 25 -27 -28 -29 -30 -31
leaf_value=-3.2500004423989193 0.45545327355042603 -0.94538783387259684 2.483885728611666 -1.5050441323030965 0.46164679553978499 -0.31547503222055862 1.3394315386018023 2.2278465115107022 -0.78100571618940107 -2.2450905181159659 0.36629218989119089 0.70850996316933057 -1.4957683801585226 1.8820325371787305 2.1578312746369011 2.6980607564836943 1.8555571916368274 2.3175167909482632 0.10388345118645813 -0.56234902278180454 2.7507548019899963 3.2192777757900433 2.0666307763355536 -0.15872166467749554 2.2355207898723548 1.2203599211592113 0.030035471547550215 -1.8331673894288405 0.88628302157976169 -1.1463716748351611
leaf_weight=72 699 655 51 479 146 699 463 260 568 484 97 41 623 127 202 449 45 82 731 891 171 261 164 46 67 161 72 424 397 715
leaf_count=72 699 655 51 479 146 699 463 260 568 484 97 41 623 127 202 449 45 82 731 891 171 261 164 46 67 161 72 424 397 715
internal_value=3.70375e-09 -0.89646 1.63665 -1.45818 -0.301502 -0.42502 0.969672 2.35906 -1.08071 -1.89005 1.43251 1.065 -1.82609 1.92371 1.58803 2.71227 0.660575 1.78118 -0.101104 -0.724633 2.38053 2.88966 1.64532 1.43272 1.23707 1.51867 -0.689764 -2.05274 0.984965 -1.29026
internal_weight=10342 6682 3660 3437 3245 2976 1903 1757 1834 1603 762 269 1531 787 665 970 1141 123 1430 1546 298 710 489 325 274 228 640 908 442 1194
internal_count=10342 6682 3660 3437 3245 2976 1903 1757 1834 1603 762 269 1531 787 665 970 1141 123 1430 1546 298 710 489 325 274 228 640 908 442 1194
is_linear=0
shrinkage=0.05


Tree=4
num_leaves=31
num_cat=0
split_feature=11 11 10 11 8 11 10 11 2 11 11 10 10 9 10 19 0 11 9 19 10 2 10 19 5 18 9 0 9 12
split_gain=5.48254e+06 828511 670105 182765 181196 131472 96099.1 80381.6 59845.3 51534.5 43082.7 41408.9 41223.9 39110.6 38639.7 37001.7 29242 25556.2 21999.3 18939 17881.4 16936.7 15137.8 14947.3 14533 13777.1 12616.3 15252.1 12280.3 14094.1
threshold=363.46000000000009 395.73000000000008 339.15500000000003 324.75500000000005 1.0000000180025095e-35 417.44500000000005 381.35000000000008 342.23500000000007 4.5000000000000009 300.34000000000009 339.30500000000006 403.97000000000008 425.81000000000006 321.83500000000004 402.30000000000007 402.32500000000005 9.5000000000000018 379.80500000000006 320.38000000000005 428.67500000000007 319.61000000000007 3.5000000000000004 361.45500000000004 427.84000000000003 -0.70710678118654757 306.19500000000005 332.37500000000006 4.5000000000000009 322.36500000000007 369.40416666666675
decision_type=2 2 2 2 2 2 2 2 2 2 2 2 2 2 2 2 2 2 2 2 2 2 2 2 2 2 2 2 2 2
left_child=2 6 3 9 7 14 17 21 11 -1 26 -8 19 20 23 -6 -17 -2 -9 -7 -11 -4 -20 25 -13 -3 27 -5 29 -16
right_child=1 5 4 10 15 12 8 18 -10 13 -12 24 -14 -15 28 16 -18 -19 22 -21 -22 -23 -24 -25 -26 -27 -28 -29 -30 -31
leaf_value=-3.121233394783987 0.28840648931682855 1.3831269254061311 -0.46150549477859726 -1.574956997062849 0.046609786550203959 1.610182023048401 1.1151150763146134 -0.58062199962735528 0.29297842358992926 -2.0370361263305954 -0.69973242101267852 2.4499984539879698 2.9678772942870078 -1.3202784352931218 2.0073229572441007 0.67014394629942753 2.1521549820899963 0.7797898589306963 -0.33460114123847556 2.417038182138957 -1.6112266107303341 -0.93394170493264983 0.010391139329766243 1.6557264575557633 1.5437379294428333 0.47954756213772687 -0.95385196656678561 -1.1480681284309664 2.203665719237379 0.85541392683982842
leaf_weight=71 832 132 246 368 60 84 502 436 168 743 560 90 382 402 79 57 80 388 663 542 369 829 611 305 87 62 297 485 372 40
leaf_count=71 832 132 246 368 60 84 502 436 168 743 560 90 382 402 79 57 80 388 663 542 369 829 611 305 87 62 297 485 372 40
internal_value=3.3033e-10 1.43055 -0.926431 -1.41789 -0.383381 2.1566 0.72875 -0.487042 1.13791 -1.80468 -1.05938 1.34697 2.55855 -1.74294 1.74733 1.08207 1.53555 0.444683 -0.27406 2.30877 -1.89574 -0.825831 -0.169146 1.43748 2.00455 1.09435 -1.23451 -1.33224 2.06224 1.62013
internal_weight=10342 4065 6277 3295 2982 1998 2067 2785 847 1585 1710 679 1008 1514 990 197 137 1220 1710 626 1112 1075 1274 499 177 194 1150 853 491 119
internal_count=10342 4065 6277 3295 2982 1998 2067 2785 847 1585 1710 679 1008 1514 990 197 137 1220 1710 626 1112 1075 1274 499 177 194 1150 853 491 119
is_linear=0
shrinkage=0.05


Tree=5
num_leaves=31
num_cat=0
split_feature=11 11 11 10 11 8 10 8 19 10 2 10 11 11 19 10 7 11 13 9 11 9 13 8 9 10 0 9 9 9
split_gain=4.95004e+06 802336 496113 158800 157403 117307 116208 90377.8 59811.7 41197.3 37745.3 34729.6 32819.2 32447.7 31010.2 30552.7 23905.1 21576.1 18193.3 18060.1 17123 18968.3 16719.1 16672.8 16518.4 15745.2 15150 14923 14423.9 14417.9
threshold=371.15500000000003 334.58500000000004 408.94500000000011 324.75500000000005 354.42500000000007 1.0000000180025095e-35 395.66000000000003 1.0000000180025095e-35 427.84000000000003 351.15000000000003 3.5000000000000004 432.89500000000004 300.34000000000009 386.03500000000003 409.87000000000006 366.47500000000008 0.96407344085605606 432.89500000000004 25.232407991572924 318.09000000000009 305.66000000000003 330.80000000000007 10.607254350858371 1.0000000180025095e-35 324.66500000000002 420.32500000000005 3.5000000000000004 333.83500000000009 308.23000000000008 324.59500000000008
decision_type=2 2 2 2 2 2 2 2 2 2 2 2 2 2 2 2 2 2 2 2 2 2 2 2 2 2 2 2 2 2
left_child=1 3 6 12 7 20 13 9 18 -3 25 17 -1 28 -9 -6 -17 24 -4 26 -5 -22 -15 -12 -10 -8 -14 -11 -2 -25
right_child=2 4 8 5 15 -7 10 14 11 27 23 -13 19 22 -16 16 -18 -19 -20 -21 21 -23 -24 29 -26 -27 -28 -29 -30 -31
leaf_value=-2.9600600344794139 -0.20561747164637956 -0.78677818540638056 0.76049772358652379 -2.1301015216402894 -0.1019904619976644 1.3394278699755668 1.7666250906724199 -0.090363429431562073 1.8484002601697309 -0.49340348234684184 0.52374651741403611 2.9125578345504461 -2.040639791335447 1.9102065633844447 1.5308566704163185 0.26992506287652235 1.386444822813456 2.7067931631535433 1.805648120099848 -1.4739262056857982 -1.2194952061683182 -0.83596711774397492 0.98731770591332568 0.81516004127004882 2.3237513210689813 2.6136937228116124 -1.6280010095283168 -0.058690365883731201 0.64050028537672388 1.7208509118103785
leaf_weight=56 54 1412 67 41 795 50 325 54 305 623 78 255 498 54 65 614 52 209 110 470 986 479 538 69 456 66 402 289 749 121
leaf_count=56 54 1412 67 41 795 50 325 54 305 623 78 255 498 54 65 614 52 209 110 470 986 479 538 69 456 66 402 289 749 121
internal_value=4.73011e-09 -0.774953 1.54408 -1.39249 -0.303256 -1.0432 1.04914 -0.548775 2.26918 -0.617592 1.59632 2.39332 -1.77364 0.790652 0.795177 0.107287 0.357101 2.25682 1.41003 -1.72514 -1.1223 -1.0941 1.0715 1.13926 2.13324 1.90961 -1.85633 -0.355649 0.583601 1.39194
internal_weight=10342 6886 3456 2982 3904 1556 2054 2443 1402 2324 659 1225 1426 1395 119 1461 666 970 177 1370 1506 1465 592 268 761 391 900 912 803 190
internal_count=10342 6886 3456 2982 3904 1556 2054 2443 1402 2324 659 1225 1426 1395 119 1461 666 970 177 1370 1506 1465 592 268 761 391 900 912 803 190
is_linear=0
shrinkage=0.05


Tree=6
num_leaves=31
num_cat=0
split_feature=11 11 10 8 11 11 10 11 2 10 11 11 10 9 0 16 13 9 15 19 9 11 9 10 10 17 10 4 2 15
split_gain=4.47281e+06 674954 552810 149715 149243 108952 80255 65056.3 50266.5 44932.4 42507.1 35041.5 34337.6 32750.2 31849.3 24999.8 20583.5 19218.9 18451.4 17352.4 16240.3 15590.8 14915.3 14405.2 13344.5 12724 12106.9 11854.1 11078.8 10877.3
threshold=363.46000000000009 395.73000000000008 339.15500000000003 1.0000000180025095e-35 324.75500000000005 420.96500000000009 381.35000000000008 341.73000000000008 4.5000000000000009 406.49500000000006 300.34000000000009 339.30500000000006 407.24500000000006 321.83500000000004 10.500000000000002 367.77556547619054 9.3323925063245223 320.38000000000005 400.44000000000011 412.53500000000003 325.27500000000003 378.49500000000006 325.2050000000001 319.00500000000005 356.79500000000007 35.670249727784082 344.34500000000008 -0.70710678118654735 1.0000000180025095e-35 349.69000000000005
decision_type=2 2 2 2 2 2 2 2 2 2 2 2 2 2 2 2 2 2 2 2 2 2 2 2 2 2 2 2 2 2
left_child=2 6 4 7 10 9 16 22 12 20 -1 -6 -8 23 -5 18 -2 -9 29 -16 25 26 -4 -12 -19 -3 -18 -24 -13 -7
right_child=1 5 3 14 11 15 8 17 -10 -11 13 28 -14 -15 19 -17 21 24 -20 -21 -22 -23 27 -25 -26 -27 -28 -29 -30 -31
leaf_value=-2.8283792688813012 1.3925656383037568 0.56217786530395608 -0.92989373026857924 0.37498091752914825 -1.1171396750956775 2.0113347541454227 1.0397267512211177 -0.53392399252199529 0.25823143912767549 1.9818448535081385 -1.846615927252051 -0.36448115634245681 1.9095515850517488 -1.189842306766242 0.871765765256998 2.6193941269427965 -0.20796233665060115 -0.35325894765609694 2.2859473241245287 2.2361070632934572 1.6289312878952307 0.60235762778186031 0.058408209638319157 -1.4676593969317633 -0.026819660387111713 1.2911283023960085 0.31462569300533666 -0.65149217014336713 -0.81777782851528991 0.90518658161163335
leaf_weight=71 50 77 556 102 1150 43 535 454 168 535 730 226 144 402 41 489 135 519 233 54 306 416 69 382 789 269 619 398 334 46
leaf_count=71 50 77 556 102 1150 43 535 454 168 535 730 226 144 402 41 489 135 519 233 54 306 416 69 382 789 269 619 398 334 46
internal_value=-3.45588e-09 1.29212 -0.836781 -0.343544 -1.28316 1.94744 0.658684 -0.43777 1.0326 1.64224 -1.63269 -0.959194 1.2242 -1.57661 0.988529 2.39413 0.399088 -0.253634 2.05202 1.64729 1.36358 0.356632 -0.754921 -1.71643 -0.156347 1.12891 0.221059 -0.546603 -0.63484 1.43962
internal_weight=10342 4065 6277 2982 3295 1998 2067 2785 847 1187 1585 1710 679 1514 197 811 1220 1762 322 95 652 1170 1023 1112 1308 346 754 467 560 89
internal_count=10342 4065 6277 2982 3295 1998 2067 2785 847 1187 1585 1710 679 1514 197 811 1220 1762 322 95 652 1170 1023 1112 1308 346 754 467 560 89
is_linear=0
shrinkage=0.05


Tree=7
num_leaves=31
num_cat=0
split_feature=11 11 10 8 11 10 10 11 2 11 11 19 10 0 10 11 19 11 13 11 13 2 11 10 10 17 9 4 10 7
split_gain=4.03727e+06 567429 526672 141749 138215 96469.5 72510 64134.5 39759.6 38362.6 34461.9 33959.7 29615.9 29521.9 28696 26827.6 21010.8 20746.5 20552.7 18507.4 18227.7 14534.7 14095.7 13818.5 12305.3 12216.8 11764.6 11563.4 11498.2 13301.9
threshold=364.95500000000004 396.69500000000005 339.15500000000003 1.0000000180025095e-35 324.75500000000005 408.90500000000003 381.35000000000008 342.23500000000007 4.5000000000000009 300.34000000000009 343.71000000000009 428.67500000000007 320.50500000000005 9.5000000000000018 405.52500000000003 414.39000000000004 409.87000000000006 418.89500000000004 9.3323925063245223 357.34000000000009 13.634155048378727 3.5000000000000004 380.53500000000003 425.81000000000006 344.34500000000008 36.30660020481325 310.04000000000002 -0.37940952255126065 328.95500000000004 -0.35846086284744721
decision_type=2 2 2 2 2 2 2 2 2 2 2 2 2 2 2 2 2 2 2 2 2 2 2 2 2 2 2 2 2 2
left_child=2 6 4 7 9 11 18 21 14 -1 28 20 26 -5 -8 -7 -15 -13 -2 -9 -3 27 24 -17 -20 -16 -11 -4 29 -6
right_child=1 5 3 13 10 15 8 19 -10 12 -12 17 -14 16 25 23 -18 -19 22 -21 -22 -23 -24 -25 -26 -27 -28 -29 -30 -31
leaf_value=-2.6869602377355939 1.3957472445070744 0.060760375348533069 0.23562665298581123 0.27656069116836246 -1.5238873129089674 1.7677389645401171 0.9951575097802785 -0.32353698161237227 0.28129421699027352 -1.9116126974775378 -0.46899311119380099 1.469448472804042 -1.2270900422910063 0.65567047238349918 2.0983491172790525 2.1120911133807638 1.993712610593984 2.0555727190658692 -0.18869889586520711 0.025082295990453859 1.2004866941598218 -0.80559603315379269 0.6188366232029463 2.5398509725106422 0.33307817990256366 1.2218903490991304 -1.5395242006372276 -0.56263887776883059 -0.88655563096505829 -1.0228074481217868
leaf_weight=71 50 41 60 99 192 272 522 1247 151 339 360 396 606 50 100 345 71 244 139 548 243 829 354 417 604 66 569 186 744 427
leaf_count=71 50 41 60 99 192 272 522 1247 151 339 360 396 606 50 100 345 71 244 139 548 243 829 354 417 604 66 569 186 744 427
internal_value=-1.32231e-09 1.25824 -0.775636 -0.306259 -1.21408 1.86225 0.662756 -0.40002 1.016 -1.55105 -0.904098 1.49099 -1.49778 0.916894 1.17726 2.19402 1.4408 1.69291 0.404364 -0.217106 1.03595 -0.705444 0.359178 2.34618 0.235464 1.74988 -1.67844 -0.36794 -1.01902 -1.17823
internal_weight=10342 3944 6398 3090 3308 1958 1986 2870 839 1585 1723 924 1514 220 688 1034 121 640 1147 1795 284 1075 1097 762 743 166 908 246 1363 619
internal_count=10342 3944 6398 3090 3308 1958 1986 2870 839 1585 1723 924 1514 220 688 1034 121 640 1147 1795 284 1075 1097 762 743 166 908 246 1363 619
is_linear=0
shrinkage=0.05


Tree=8
num_leaves=31
num_cat=0
split_feature=11 11 10 8 11 11 11 10 2 19 9 11 9 10 16 0 15 11 10 16 17 9 11 11 13 10 5 2 2 7
split_gain=3.64442e+06 549786 452391 144267 89841.4 87788.7 77024.9 65379.3 41511.7 33566.2 30816.8 33152.5 29513.9 29309.8 28867.4 26304.3 22280.8 21578.4 20252.2 18330.7 17504.2 15054.3 13815.4 12662.3 12643.7 12571.2 12091.5 11411.1 10465 9882.27
threshold=363.46000000000009 395.73000000000008 332.83000000000004 1.0000000180025095e-35 417.44500000000005 342.00500000000005 324.41500000000002 380.73000000000008 4.5000000000000009 402.32500000000005 316.32500000000005 300.34000000000009 325.27500000000003 403.97000000000008 367.77556547619054 8.5000000000000018 411.15500000000003 340.31000000000006 353.62500000000006 359.83952380952383 23.26182996334725 333.83500000000009 329.05500000000006 379.80500000000006 38.455038718150675 408.90500000000003 -0.70710678118654757 4.5000000000000009 3.5000000000000004 -0.99465740988130902
decision_type=2 2 2 2 2 2 2 2 2 2 2 2 2 2 2 2 2 2 2 2 2 2 2 2 2 2 2 2 2 2
left_child=2 7 6 5 12 22 10 20 13 -5 11 -1 24 -9 16 -11 19 -8 -7 -6 -2 27 -4 29 28 -14 -15 -20 -3 -22
right_child=1 4 3 9 14 18 17 8 -10 15 -12 -13 25 26 -16 -17 -18 -19 21 -21 23 -23 -24 -25 -26 -27 -28 -29 -30 -31
leaf_value=-3.0258975150792495 1.2991753919327513 1.0296043610248458 -0.9771708627069785 -0.050470046342258726 1.6215501887457713 -0.44461962755749512 -1.0912098099961722 0.90539258711152915 0.22366253344494613 0.25011687332933602 -1.2525660544279362 -1.6428869925828344 1.4467906078781945 2.0551821751064727 2.3213160201932985 1.7106019424003305 2.0458136401296088 -0.59035080430964981 0.040661321993951408 0.3746195489168167 -0.47067929860934909 0.12252938152158871 -0.65824945617765063 0.56111357472836976 1.4654798984527588 1.9228427127422578 1.2285447534473464 -0.39730883000958833 0.1539167430996895 0.24906945347380477
leaf_weight=46 47 232 484 71 112 798 832 528 171 44 620 747 313 90 577 103 279 290 218 40 51 418 1138 358 156 249 87 468 40 735
leaf_count=46 47 232 484 71 112 798 832 528 171 44 620 747 313 90 577 103 279 290 218 40 51 418 1138 358 156 249 87 468 40 735
internal_value=-3.49287e-10 1.16635 -0.755329 -0.405957 1.75778 -0.483174 -1.27105 0.594652 0.922538 0.842265 -1.51664 -1.72311 1.41947 1.09205 2.09006 1.27345 1.78046 -0.961754 -0.252716 1.29341 0.353486 -0.114003 -0.753415 0.314633 1.10663 1.65771 1.64887 -0.258129 0.900827 0.202368
internal_weight=10342 4065 6277 3742 1998 3524 2535 2067 876 218 1413 793 990 705 1008 147 431 1122 1902 152 1191 1104 1622 1144 428 562 177 686 272 786
internal_count=10342 4065 6277 3742 1998 3524 2535 2067 876 218 1413 793 990 705 1008 147 431 1122 1902 152 1191 1104 1622 1144 428 562 177 686 272 786
is_linear=0
shrinkage=0.05


Tree=9
num_leaves=31
num_cat=0
split_feature=11 11 11 11 10 8 10 8 19 2 10 10 10 11 2 11 13 11 9 10 13 9 10 9 0 2 0 2 5 2
split_gain=3.29191e+06 538787 332831 111933 104585 79980.7 78842.2 63426.4 42127.1 29733.7 27978.3 25883.9 24540.7 23204.5 22180.2 21731.4 16492.7 16310.4 16204 14837.8 13825 13088.2 12250 11489.5 10888.2 11497.1 10723.1 10679.5 11513 10215
threshold=371.15500000000003 334.00500000000005 408.94500000000011 351.23500000000007 321.95000000000005 1.0000000180025095e-35 395.66000000000003 1.0000000180025095e-35 427.84000000000003 3.5000000000000004 368.74500000000006 432.89500000000004 351.15000000000003 300.34000000000009 4.5000000000000009 382.44500000000005 10.18733216452757 432.89500000000004 330.80000000000007 353.62500000000006 25.232407991572924 324.66500000000002 420.96500000000009 313.24500000000006 4.5000000000000009 1.5000000000000002 3.5000000000000004 4.5000000000000009 -0.5 4.5000000000000009
decision_type=2 2 2 2 2 2 2 2 2 2 2 2 2 2 2 2 2 2 2 2 2 2 2 2 2 2 2 2 2 2
left_child=1 4 6 7 13 18 15 12 20 22 27 17 -3 -1 -12 -2 -17 21 24 -9 -4 -10 -8 26 -6 -26 -15 28 -5 -14
right_child=2 3 8 10 5 -7 9 19 11 -11 14 -13 29 23 -16 16 -18 -19 -20 -21 -22 -23 -24 -25 25 -27 -28 -29 -30 -31
leaf_value=-2.5277990737051335 0.42715503944670119 -0.67592787769011364 0.56584799111779061 0.55297607771660162 -1.2778924948119739 1.1377310893637069 1.4634014235972639 0.078317532539367685 1.4784427230866228 0.89883146853700502 0.61130917892809711 2.4055372875812009 0.0025611776697474558 -1.8016151100668865 0.0309122176629473 1.7404807038929153 0.76341255041296419 2.2306651172455418 -0.71453137162914149 1.3646716050657572 1.4769246195663106 1.9015691128150938 2.2398932282129924 -1.2942295970565756 -0.37002839018475847 -1.0140469343655489 -1.3781512861486771 -0.42240389007051804 -0.090244308366596596 -0.42513217462620806
leaf_weight=53 642 1358 67 76 376 47 331 40 305 268 304 255 185 329 359 46 707 209 493 51 110 456 60 557 77 693 274 223 822 569
leaf_count=53 642 1358 67 76 376 47 331 40 305 268 304 255 185 329 359 46 707 209 493 51 110 456 60 557 77 693 274 223 822 569
internal_value=2.63328e-09 -0.631968 1.25918 -0.254833 -1.15064 -0.89591 0.853795 -0.493239 1.85309 1.3045 0.0395655 1.95727 -0.548928 -1.5047 0.297037 0.640881 0.823101 1.83943 -0.954227 0.799241 1.13205 1.73198 1.58256 -1.45796 -1.05734 -0.949645 -1.6092 -0.112712 -0.0358069 -0.320194
internal_weight=10342 6886 3456 3987 2899 1686 2054 2203 1402 659 1784 1225 2112 1213 663 1395 753 970 1639 91 177 761 391 1160 1146 770 603 1121 898 754
internal_count=10342 6886 3456 3987 2899 1686 2054 2203 1402 659 1784 1225 2112 1213 663 1395 753 970 1639 91 177 761 391 1160 1146 770 603 1121 898 754
is_linear=0
shrinkage=0.05


Tree=10
num_leaves=31
num_cat=0
split_feature=11 11 10 8 11 11 11 10 8 9 19 9 11 0 10 19 11 13 9 2 13 12 7 10 10 11 2 9 2 13
split_gain=2.97213e+06 459249 367280 110172 74827.4 70007.8 61584.5 56322.4 34147.3 31915.9 30784.4 28324.7 25286.8 21849.3 21480.4 20159.6 19956 17296.6 15704.4 15231.5 14083.3 12765 12223.5 12137.9 12057.1 11334.5 13267.1 11216.2 10110.2 10298.4
threshold=362.95000000000005 395.73000000000008 334.38000000000005 1.0000000180025095e-35 420.32500000000005 324.41500000000002 341.73000000000008 376.78000000000003 1.0000000180025095e-35 325.27500000000003 402.32500000000005 321.77500000000003 300.34000000000009 8.5000000000000018 407.24500000000006 443.87500000000006 346.75500000000005 9.3323925063245223 320.38000000000005 3.5000000000000004 35.226666402245179 372.17666666666673 -0.99761278905001471 415.22000000000008 361.45500000000004 316.06000000000006 1.0000000180025095e-35 312.61000000000007 2.5000000000000004 12.273067053899736
decision_type=2 2 2 2 2 2 2 2 2 2 2 2 2 2 2 2 2 2 2 2 2 2 2 2 2 2 2 2 2 2
left_child=2 7 5 6 9 11 25 17 19 20 -5 12 -1 -12 -10 -6 -7 -2 -8 -9 28 -22 -19 -11 -20 -4 -27 -28 29 -3
right_child=1 4 3 10 15 16 18 8 14 23 13 -13 -14 -15 -16 -17 -18 22 24 -21 21 -23 -24 -25 -26 26 27 -29 -30 -31
leaf_value=-2.5764315334020877 1.1882255061864855 0.49945411807612372 -1.3219791279898752 -0.1261691843921488 1.6753898310738724 -0.9327480098894223 -0.47181145829528992 0.80478040023294628 0.90044383152179375 1.385800827220637 0.19034851893782617 -0.97880056616515754 -1.4359540706864296 1.5691522486215712 1.6529487229883673 2.1643267606972625 -0.3592477531510998 -0.54309916209507114 -0.27502274845045704 0.26435830104563918 1.4366511128465154 0.57109772574226814 0.27389301691189272 1.8309415107796552 0.023616700563780582 0.11763401446597917 -0.92845326572420106 -0.58652042660093062 0.16934798445742011 1.2859738454870557
leaf_weight=51 50 76 63 66 385 1098 497 244 366 403 40 362 1034 102 128 466 176 48 769 280 217 53 991 247 603 56 315 1005 59 92
leaf_count=51 50 76 63 66 385 1098 497 244 366 403 40 362 1034 102 128 466 176 48 769 280 217 53 991 247 603 56 315 1005 59 92
internal_value=2.28189e-09 1.0448 -0.687654 -0.350118 1.58789 -1.12381 -0.420301 0.529804 0.797177 1.32433 0.766059 -1.36178 -1.48956 1.18076 1.09542 1.94313 -0.85352 0.279863 -0.231002 0.516005 1.0227 1.26675 0.236149 1.55495 -0.143769 -0.666166 -0.63614 -0.668118 0.732421 0.930167
internal_weight=10342 4105 6237 3516 1998 2721 3308 2107 1018 1147 208 1447 1085 142 494 851 1274 1089 1869 524 497 270 1039 650 1372 1439 1376 1320 227 168
internal_count=10342 4105 6237 3516 1998 2721 3308 2107 1018 1147 208 1447 1085 142 494 851 1274 1089 1869 524 497 270 1039 650 1372 1439 1376 1320 227 168
is_linear=0
shrinkage=0.05


Tree=11
num_leaves=31
num_cat=0
split_feature=11 10 11 8 11 10 11 19 11 10 0 2 9 10 11 19 13 11 9 11 5 17 9 17 10 9 9 7 10 7
split_gain=2.68604e+06 447137 271664 110280 100617 64580.6 61271.2 35875.5 28981.2 27569.9 27081.8 25316.7 22055.9 21983.3 18084.8 15086.4 14321.8 13900.8 13846 13535.2 12802.5 12729.7 11548.6 11521.1 10457.7 9808.58 9337.74 9118.11 8758.69 12610.7
threshold=371.15500000000003 340.09000000000009 408.94500000000011 1.0000000180025095e-35 324.75500000000005 395.66000000000003 355.57000000000005 427.84000000000003 343.71000000000009 314.92000000000007 10.500000000000002 3.5000000000000004 321.17500000000007 432.89500000000004 382.44500000000005 412.53500000000003 10.18733216452757 302.34500000000008 330.02500000000003 428.59000000000003 0.25881904510252057 35.670249727784082 324.59500000000008 25.595166236388597 420.32500000000005 308.23000000000008 334.22000000000008 -0.85225707553516283 328.15000000000003 -0.35846086284744721
decision_type=2 2 2 2 2 2 2 2 2 2 2 2 2 2 2 2 2 2 2 2 2 2 2 2 2 2 2 2 2 2
left_child=1 4 5 6 9 14 12 21 28 17 -5 24 -3 19 25 -12 -16 -1 -8 22 26 -4 -9 -10 -7 -2 -14 -25 29 -6
right_child=2 3 7 10 8 11 18 13 23 -11 15 -13 20 -15 16 -17 -18 -19 -20 -21 -22 -23 -24 27 -26 -27 -28 -29 -30 -31
leaf_value=-2.2148538248879568 -0.33698807081038301 -0.61536402073451635 0.47810707662416541 0.30560847200496599 -1.3389269309482357 1.3191290679803263 -0.13840267170471121 1.2635406291007998 0.38130802862022239 -1.0872970280672907 0.73752232789993288 0.80475726281362248 -0.23836514293126188 2.1832395319845164 1.5995801350344783 1.7686693298643914 0.6890849299332038 -1.4341844469655971 0.23295823585955314 1.926487953285253 -0.42566201911090923 1.3475247383669571 1.6971612619694754 -1.1164888608714809 2.0094671567281086 0.43651776055814734 0.19904278366573458 -0.36770414627064024 -0.73163181663267451 -0.82539215670869304
leaf_weight=63 44 805 69 172 174 325 461 250 46 939 73 268 414 255 46 69 707 601 551 322 704 108 398 46 66 598 173 350 863 382
leaf_count=63 44 805 69 172 174 325 461 250 46 939 73 268 414 255 46 69 707 601 551 322 704 108 398 46 66 598 173 350 863 382
internal_value=-4.02379e-10 -0.570857 1.13742 -0.165484 -0.971316 0.771174 -0.255704 1.67399 -0.721218 -1.26167 0.727522 1.17908 -0.409963 1.77013 0.578476 1.23857 0.744706 -1.50825 0.0637909 1.66153 -0.281886 1.0086 1.52987 -0.36768 1.43566 0.383505 -0.109453 -0.454684 -0.83134 -0.986103
internal_weight=10342 6886 3456 3422 3464 2054 3108 1402 1861 1603 314 659 2096 1225 1395 142 753 664 1012 970 1291 177 648 442 391 642 587 396 1419 556
internal_count=10342 6886 3456 3422 3464 2054 3108 1402 1861 1603 314 659 2096 1225 1395 142 753 664 1012 970 1291 177 648 442 391 642 587 396 1419 556
is_linear=0
shrinkage=0.05


Tree=12
num_leaves=31
num_cat=0
split_feature=11 10 11 8 11 10 10 11 2 11 9 11 16 0 10 13 9 18 9 10 8 19 17 7 9 7 11 2 12 10
split_gain=2.42457e+06 343476 318147 87023.3 85870 50851 48350.1 40586 28599.4 25162.5 23627.8 23545.2 22363.3 22323.9 17006.4 16222.7 15507.4 14536.9 19013.2 14188.5 13683.4 12332.4 12163.7 12113.6 11949.2 11354.1 10676.4 10428 10344.2 10188.4
threshold=366.58500000000004 340.09000000000009 401.44000000000005 1.0000000180025095e-35 324.75500000000005 385.27500000000003 407.24500000000006 345.34500000000008 3.5000000000000004 300.34000000000009 325.34000000000009 339.07500000000005 368.90068452380962 10.500000000000002 432.89500000000004 9.3323925063245223 330.02500000000003 315.28500000000008 326.28500000000003 410.55000000000007 1.0000000180025095e-35 412.53500000000003 35.351365016307987 -0.40613878790836594 311.53000000000003 -0.99761278905001471 381.21500000000009 3.5000000000000004 370.63875000000002 312.88500000000005
decision_type=2 2 2 2 2 2 2 2 2 2 2 2 2 2 2 2 2 2 2 2 2 2 2 2 2 2 2 2 2 2
left_child=1 4 5 7 9 15 12 24 19 -1 29 -6 17 -5 27 -2 -9 18 22 -7 -10 -15 -4 -24 -3 -17 -27 -8 -14 -11
right_child=2 3 6 13 11 8 14 16 20 10 -12 -13 28 21 -16 25 -18 -19 -20 -21 -22 -23 23 -25 -26 26 -28 -29 -30 -31
leaf_value=-2.1120693952673011 1.2476525311286633 -0.80849289009037129 0.28348937578368605 0.25635572068691254 -0.829722418710653 1.0112411344051362 1.6925240574514164 -0.26407465706946409 0.24199573341333733 -1.4256053619996856 -0.72333548220997779 -0.45331445749657889 1.7991682944153293 0.6647694838018372 2.0617287653797081 -0.38439515692492332 0.049332829556745617 0.32953271184944444 1.8771542187893031 1.7020914344077416 0.87002074415223651 1.716794670422872 0.56570293618205159 1.287923942411946 -0.41712756321052452 0.25894557713963728 0.57009459271642793 1.2378234225511553 1.1351571436439243 -1.1338163505983718
leaf_weight=72 52 240 57 125 1174 355 595 812 176 483 262 643 165 52 265 51 768 72 66 94 171 60 81 205 1041 722 446 160 91 786
leaf_count=72 52 240 57 125 1174 355 595 812 176 483 262 643 165 52 265 51 768 72 66 94 171 60 81 205 1041 722 446 160 91 786
internal_value=7.83182e-10 -0.586391 0.999502 -0.205032 -0.931844 0.579026 1.49416 -0.281303 0.892402 -1.19858 -1.15562 -0.696519 1.1856 0.715697 1.71712 0.382765 -0.111735 0.984665 1.09999 1.15587 0.551484 1.22835 0.950453 1.08338 -0.490451 0.345871 0.377758 1.59616 1.56313 -1.24488
internal_weight=10342 6518 3824 3098 3420 2067 1757 2861 796 1603 1531 1817 737 237 1020 1271 1580 481 409 449 347 112 343 286 1281 1219 1168 755 256 1269
internal_count=10342 6518 3824 3098 3420 2067 1757 2861 796 1603 1531 1817 737 237 1020 1271 1580 481 409 449 347 112 343 286 1281 1219 1168 755 256 1269
is_linear=0
shrinkage=0.05


Tree=13
num_leaves=31
num_cat=0
split_feature=11 11 10 8 11 11 11 10 8 9 19 13 11 0 10 19 17 10 9 2 13 9 0 9 7 5 11 2 7 19
split_gain=2.1914e+06 338022 273052 87414.2 57384.5 51222.5 44922.3 43854.2 26690.3 24954.8 24416.7 22066.4 18813.7 17970.9 16684.5 15450.5 14737.5 12829.8 12713.8 11903.9 11367.1 11157.9 11446 10258.4 10240.6 10196.4 9647.08 9148.52 8694.13 8591.58
threshold=362.95000000000005 395.73000000000008 332.83000000000004 1.0000000180025095e-35 420.32500000000005 342.00500000000005 317.59500000000008 377.47500000000008 1.0000000180025095e-35 325.27500000000003 402.32500000000005 10.71449692572833 340.31000000000006 8.5000000000000018 419.62500000000006 443.87500000000006 23.26182996334725 353.62500000000006 321.83500000000004 3.5000000000000004 38.203653012856932 331.61000000000007 3.5000000000000004 333.83500000000009 -0.99761278905001471 -0.70710678118654757 329.05500000000006 4.5000000000000009 -0.5129677127369543 427.56
decision_type=2 2 2 2 2 2 2 2 2 2 2 2 2 2 2 2 2 2 2 2 2 2 2 2 2 2 2 2 2 2
left_child=2 7 6 5 9 26 11 16 19 20 -5 -1 21 -12 -10 29 -2 -7 -13 -9 -3 22 28 27 -18 -11 -4 -19 -8 -6
right_child=1 4 3 10 15 17 12 8 14 25 13 18 -14 -15 -16 -17 24 23 -20 -21 -22 -23 -24 -25 -26 -27 -28 -29 -30 -31
leaf_value=-2.394184938872733 1.0954173081244032 0.67902966757277838 -0.76933074164212001 -0.12046522454205733 0.82125704434453228 -0.3513493247339608 -1.7798321630440506 0.70600992002548113 0.86543251433766977 1.5218165218485575 0.16198356194155558 -1.3019637625648046 -0.46032656722883181 1.3891287300916551 1.8567474659453049 1.8678067663324751 -0.51390800848603246 0.066174862505692364 -0.83935110861816087 0.22355097954505287 1.1721074174376245 -0.56450283245742328 -0.83495326377568579 0.11263110205414706 0.23354602138300887 1.1249215321517305 -0.50282933423442933 -0.33054737444242338 -1.0860390447723078 1.5299679094960172
leaf_weight=41 48 309 484 67 49 791 51 236 438 346 42 737 288 103 47 466 48 212 186 279 188 200 636 405 1011 304 1138 462 394 336
leaf_count=41 48 309 484 67 49 791 51 236 438 346 42 737 288 103 47 466 48 212 186 279 188 200 636 405 1011 304 1138 462 394 336
internal_value=2.95662e-10 0.897138 -0.590469 -0.316887 1.36307 -0.376736 -0.990527 0.455312 0.695316 1.13226 0.668926 -1.25916 -0.825478 1.03368 0.961498 1.67416 0.238507 -0.198388 -1.20874 0.444639 0.865546 -0.907574 -0.971046 -0.0862541 0.199667 1.33619 -0.582353 -0.205762 -1.16555 1.43977
internal_weight=10342 4105 6237 3704 1998 3492 2533 2107 1000 1147 212 964 1569 145 485 851 1107 1870 923 515 497 1281 1081 1079 1059 650 1622 674 445 385
internal_count=10342 4105 6237 3704 1998 3492 2533 2107 1000 1147 212 964 1569 145 485 851 1107 1870 923 515 497 1281 1081 1079 1059 650 1622 674 445 385
is_linear=0
shrinkage=0.05


Tree=14
num_leaves=31
num_cat=0
split_feature=11 10 11 8 11 10 11 9 19 13 5 11 2 10 9 13 10 0 10 9 2 10 13 10 2 9 9 13 0 16
split_gain=1.97963e+06 330755 203200 81304.2 74389.6 54029.7 46561.7 25726.1 24049.6 23660.5 21744 21409.2 20196.7 19889.5 17713.7 15927.2 15252.3 11713.1 11490.7 11084.7 10957.1 10282.7 10255.2 9076.07 11847.5 9331.75 8956.09 8838.79 12379.7 8646.48
threshold=371.15500000000003 340.09000000000009 411.4550000000001 1.0000000180025095e-35 327.84500000000008 392.93500000000006 355.57000000000005 321.83500000000004 427.84000000000003 14.92357113003632 0.25881904510252057 300.34000000000009 3.5000000000000004 378.09000000000009 311.53000000000003 10.386330250546999 430.73000000000008 3.5000000000000004 420.96500000000009 332.37500000000006 1.5000000000000002 376.78000000000003 31.547086042151388 354.73500000000007 4.5000000000000009 334.22000000000008 309.26000000000005 13.429067211446414 8.5000000000000018 338.15202380952388
decision_type=2 2 2 2 2 2 2 2 2 2 2 2 2 2 2 2 2 2 2 2 2 2 2 2 2 2 2 2 2 2
left_child=1 4 5 6 7 15 14 11 22 -5 20 -1 18 -11 -3 -2 -10 26 -7 -8 27 29 -4 -16 -25 -26 -13 -6 -29 -17
right_child=2 3 8 9 10 12 19 -9 16 13 -12 17 -14 -15 23 21 -18 -19 -20 -21 -22 -23 -24 24 25 -27 -28 28 -30 -31
leaf_value=-2.178464123431374 1.1010064039003067 -0.70225703115905491 0.46930537121860605 1.5671979359334165 -0.34836457618935546 1.1028084932025928 -0.093861622730722002 -0.76876840033633187 1.443022045101926 0.063531826560192003 -0.70106709387082444 -1.5759256770159746 0.69369697919839135 0.95596642891565953 -0.40082445834947411 -0.273458126766075 1.8584790793259938 -0.97519193148840699 1.7681135734954438 0.23803259542024829 -0.54530345427041704 0.6138485512617099 1.3050335168838503 0.14997163084534249 -0.39343607890689924 0.042562251454501446 -1.1623964405485563 -0.1999766432289635 0.86341190982838067 0.37241393254730337
leaf_weight=51 99 310 76 55 121 413 544 561 838 154 1165 185 314 105 931 56 300 602 77 468 220 518 71 211 479 165 448 62 49 694
leaf_count=51 99 310 76 55 121 413 544 561 838 154 1165 185 314 105 931 56 300 602 77 468 220 518 71 211 479 165 448 62 49 694
internal_value=-1.16065e-09 -0.490076 0.976464 -0.141427 -0.834498 0.681502 -0.218892 -1.0513 1.4748 0.625338 -0.58686 -1.17455 1.00675 0.42533 -0.353367 0.490208 1.55254 -1.13309 1.20736 0.0596231 -0.292501 0.44252 0.872956 -0.292809 -0.175192 -0.281728 -1.28325 -0.0527736 0.269447 0.324189
internal_weight=10342 6886 3456 3422 3464 2171 3108 1847 1285 314 1617 1286 804 259 2096 1367 1138 1235 490 1012 452 1268 147 1786 855 644 633 232 111 750
internal_count=10342 6886 3456 3422 3464 2171 3108 1847 1285 314 1617 1286 804 259 2096 1367 1138 1235 490 1012 452 1268 147 1786 855 644 633 232 111 750
is_linear=0
shrinkage=0.05


Tree=15
num_leaves=31
num_cat=0
split_feature=8 11 10 10 11 9 0 0 11 16 9 7 10 19 16 16 11 2 17 9 0 9 10 2 10 11 18 13 19 13
split_gain=1.7885e+06 411041 151696 84076.2 77469.3 46109.1 30221.8 22131.2 21854.4 21523.2 20156.6 20179.3 18963.8 18230.1 14595.5 17013.8 13973 13336.3 12169.8 11695.5 12032.5 11942.1 11105.1 11002.3 10982.1 10280.8 9908.45 8882.17 8743.32 8757.03
threshold=1.0000000180025095e-35 342.00500000000005 406.49500000000006 328.15000000000003 358.55500000000006 325.27500000000003 9.5000000000000018 9.5000000000000018 300.34000000000009 341.50383928571438 332.37500000000006 -0.99761278905001471 432.89500000000004 426.80000000000001 361.99747023809533 358.63101190476192 386.03500000000003 3.5000000000000004 39.882096638127756 331.12000000000006 3.5000000000000004 309.26000000000005 365.32000000000005 1.5000000000000002 353.62500000000006 329.05500000000006 306.19500000000005 20.054510209366825 431.00000000000006 13.021684273779085
decision_type=2 2 2 2 2 2 2 2 2 2 2 2 2 2 2 2 2 2 2 2 2 2 2 2 2 2 2 2 2 2
left_child=1 3 5 8 24 6 -2 -7 -1 27 11 -6 17 -9 15 23 -13 -4 -19 20 21 -10 -15 28 -3 -5 -25 -8 29 -11
right_child=2 4 12 25 10 7 9 13 19 14 -12 16 -14 22 -16 -17 -18 18 -20 -21 -22 -23 -24 26 -26 -27 -28 -29 -30 -31
leaf_value=-1.9734046394794675 0.077691620797689626 -0.37789328752263401 1.4373573042049881 -0.71593289338525157 -1.0450108997523786 0.6979972619736392 -0.33974753586309303 0.86529882005012115 -1.497344294282579 0.36275473083369436 0.40050857057933931 0.014202039270210513 1.7920277789079355 1.8410200348606818 1.4486393970556748 -0.20270158363425217 0.57821273433314713 1.1798607242766337 0.27748050430546639 -0.50763054785521133 -0.87518983721722654 -1.0556731828492263 1.1769949513598015 0.72221949541763897 -0.12509199349916281 -0.48170597187500219 -0.067600083071738482 0.42703258605224309 1.515517592063317 1.056031049163187
leaf_weight=59 290 906 722 709 40 296 56 173 194 64 804 679 287 135 78 46 131 199 46 115 713 725 118 168 817 1381 52 116 65 158
leaf_count=59 290 906 722 709 40 296 56 173 194 64 804 679 287 135 78 46 131 199 46 115 713 725 118 168 817 1381 52 116 65 158
internal_value=9.18009e-10 -0.427124 1.01221 -0.777079 -0.0233858 0.720018 0.515193 1.03009 -1.02695 0.673194 0.221038 0.0512807 1.43512 1.26084 0.808344 0.718031 0.105419 1.32919 1.01043 -0.994983 -1.02932 -1.14891 1.53132 0.801569 -0.258022 -0.561164 0.535535 0.177383 1.0055 0.856168
internal_weight=10342 7273 3069 3896 3377 1815 1093 722 1806 803 1654 850 1254 426 631 553 810 967 245 1747 1632 919 253 507 1723 2090 220 172 287 222
internal_count=10342 7273 3069 3896 3377 1815 1093 722 1806 803 1654 850 1254 426 631 553 810 967 245 1747 1632 919 253 507 1723 2090 220 172 287 222
is_linear=0
shrinkage=0.05


Tree=16
num_leaves=31
num_cat=0
split_feature=11 11 11 11 8 8 10 10 9 19 5 2 0 2 9 11 10 0 5 12 18 7 9 10 13 2 19 9 9 17
split_gain=1.61657e+06 271996 165518 64374.5 56143.1 48798.5 45591.1 44516.2 39375.3 20231 20169.9 19269.2 18837.8 17881.4 15459.9 14772.6 13500.9 12874.4 12771.4 12442.1 12572.6 12090.8 11184 10658 10485.3 8443.19 8395.2 8043.64 7755.78 12756.5
threshold=371.15500000000003 334.00500000000005 411.4550000000001 251.51500000000001 1.0000000180025095e-35 1.0000000180025095e-35 351.49500000000006 400.23000000000008 325.34000000000009 431.00000000000006 0.60355339059327384 4.5000000000000009 9.5000000000000018 3.5000000000000004 333.83500000000009 382.99000000000007 425.81000000000006 4.5000000000000009 0.60355339059327384 358.61270833333339 306.19500000000005 0.99611390731392835 331.24000000000007 366.47500000000008 10.18733216452757 1.0000000180025095e-35 427.56 308.23000000000008 334.13500000000005 34.72186386427704
decision_type=2 2 2 2 2 2 2 2 2 2 2 2 2 2 2 2 2 2 2 2 2 2 2 2 2 2 2 2 2 2
left_child=1 3 7 -1 6 8 17 15 10 19 -5 23 -6 -9 -13 27 -11 22 -10 20 -4 -14 26 -8 -17 -19 -3 -2 29 -26
right_child=2 4 9 5 12 -7 11 13 18 16 -12 14 21 -15 -16 24 -18 25 -20 -21 -22 -23 -24 -25 28 -27 -28 -29 -30 -31
leaf_value=-2.7785573608991578 -0.34185205903318194 -1.5527414643487267 0.92703548700381555 -0.71212673483050282 0.081600193739165494 0.85033980535136333 -0.0053117663809724974 1.2113755784822666 -0.011431449962728615 1.2810106168858342 -1.0446304229410015 -0.31591981395558549 1.04535050987024 0.66184593349571519 0.10129713985604792 1.3399702726526463 1.6496378541277246 -0.089469179691142472 -0.59326867793500426 1.2567305437032728 -0.163264796435833 0.075320561646029016 -0.44814790291711692 0.38739423917461063 0.089415356793846837 -0.39863863146238576 -0.75398770170552387 0.3491447213502768 0.82401694224157307 0.61611055665792269
leaf_weight=41 45 43 78 702 197 45 483 351 109 610 1302 764 127 256 313 47 419 282 700 138 40 43 308 269 156 1018 140 657 222 437
leaf_count=41 45 43 78 702 197 45 483 351 109 610 1302 764 127 256 313 47 419 282 700 138 40 43 308 269 156 1018 140 657 222 437
internal_value=6.01574e-10 -0.442863 0.882393 -0.811387 -0.174903 -0.783167 -0.234645 0.616181 -0.809298 1.33216 -0.928155 -0.0590559 0.414369 0.979613 -0.194667 0.475131 1.43111 -0.413959 -0.514875 0.934402 0.557442 0.79999 -0.632089 0.135164 0.613804 -0.331573 -0.941673 0.30485 0.571927 0.477553
internal_weight=10342 6886 3456 2899 3987 2858 3620 2171 2813 1285 2004 1829 367 607 1077 1564 1029 1791 809 256 118 170 491 752 862 1300 183 702 815 593
internal_count=10342 6886 3456 2899 3987 2858 3620 2171 2813 1285 2004 1829 367 607 1077 1564 1029 1791 809 256 118 170 491 752 862 1300 183 702 815 593
is_linear=0
shrinkage=0.05


Tree=17
num_leaves=31
num_cat=0
split_feature=8 11 10 10 11 9 0 7 2 0 16 9 7 10 7 15 16 16 0 2 17 10 2 9 5 10 15 6 18 6
split_gain=1.46409e+06 334896 124047 69582.7 62571 39229.8 25642.7 19653.8 87474 18773.6 18272.4 17062.2 17836.5 15818.8 15164 18819.1 12284.6 15878.1 11115.3 11021.2 10717.8 10133.8 9606.65 9212.6 14760.9 8827.18 8704.29 8446.59 8316.9 7859.47
threshold=1.0000000180025095e-35 342.00500000000005 406.49500000000006 328.15000000000003 358.55500000000006 325.27500000000003 9.5000000000000018 -0.5129677127369543 1.0000000180025095e-35 8.5000000000000018 341.50383928571438 332.37500000000006 -0.99761278905001471 432.89500000000004 -0.99052477729077237 377.30500000000006 361.99747023809533 358.63101190476192 17.500000000000004 3.5000000000000004 39.882096638127756 312.13500000000005 1.5000000000000002 325.34000000000009 0.60355339059327384 349.30000000000007 399.40000000000003 -0.39036798905311365 229.64000000000001 0.082691702092476851
decision_type=2 2 2 2 2 2 2 2 2 2 2 2 2 2 2 2 2 2 2 2 2 2 2 2 2 2 2 2 2 2
left_child=1 3 5 7 25 6 -2 8 -1 -7 28 12 -6 19 -11 -16 17 22 -14 -4 -21 -9 -12 -5 -25 -3 -17 -24 -8 -30
right_child=2 4 13 23 11 9 10 21 -10 14 16 -13 18 -15 15 26 -18 -19 -20 20 -22 -23 27 24 -26 -27 -28 -29 29 -31
leaf_value=-2.9226247734519153 0.059670789857356854 -0.36134083427236496 1.2998354535023591 -0.60938612150432503 -0.98923053905367864 0.4597643610602245 -0.22148000241257249 -1.0435737426143614 -0.85209188134358405 0.40668080932385209 0.92113513255407486 0.3627657895147875 -0.17551320213540139 1.6242249724263722 1.5975412252963634 0.49951563562140056 1.3201570625488577 -0.23959464157081167 0.22042878251454801 1.0707323659604517 0.2238938269407853 -0.76605763319543108 -0.15581016356036778 -0.083434768012118785 -0.51279904413378563 -0.13318037040522035 1.100229732338655 0.63248256147535675 0.033124885677049562 0.95827798369255945
leaf_weight=65 290 753 722 1060 40 160 80 486 237 74 287 804 262 287 171 81 78 46 548 199 46 1018 42 272 758 970 236 178 48 44
leaf_count=65 290 753 722 1060 40 160 80 486 237 74 287 804 262 287 171 81 78 46 548 199 46 1018 42 272 758 970 236 178 48 44
internal_value=-1.17122e-10 -0.386451 0.915821 -0.702332 -0.0220224 0.651596 0.462667 -0.929646 -1.29774 0.937606 0.608207 0.197645 0.0414603 1.29825 1.07365 1.17478 0.732733 0.649878 0.0923587 1.20151 0.911734 -0.855734 0.730579 -0.505907 -0.399414 -0.232893 0.946735 0.48199 0.151371 0.475589
internal_weight=10342 7273 3069 3896 3377 1815 1093 1806 302 722 803 1654 850 1254 562 488 631 553 810 967 245 1504 507 2090 1030 1723 317 220 172 92
internal_count=10342 7273 3069 3896 3377 1815 1093 1806 302 722 803 1654 850 1254 562 488 631 553 810 967 245 1504 507 2090 1030 1723 317 220 172 92
is_linear=0
shrinkage=0.05


Tree=18
num_leaves=31
num_cat=0
split_feature=8 11 10 11 10 9 0 7 2 0 16 9 7 2 10 19 16 16 10 11 9 19 16 18 13 17 9 9 7 13
split_gain=1.32135e+06 302496 111952 67640.8 53955.7 35404.9 23142.6 17972.8 85363.9 17175.5 16490.8 15398.7 16097.5 14626 14769.1 14275.6 11114.1 14879.4 10834.9 10763.2 9228.16 9103.77 9074.32 9215.6 8932.64 8921.56 8884.95 8315.54 7717.27 7528.91
threshold=1.0000000180025095e-35 339.30500000000006 406.49500000000006 358.55500000000006 328.15000000000003 325.27500000000003 9.5000000000000018 -0.5129677127369543 1.0000000180025095e-35 9.5000000000000018 341.50383928571438 332.37500000000006 -0.99761278905001471 3.5000000000000004 430.73000000000008 426.80000000000001 360.89434523809524 358.63101190476192 353.62500000000006 386.03500000000003 318.24500000000006 428.67500000000007 347.04574404761905 228.29500000000004 35.226666402245179 32.976875713997295 323.54500000000002 320.31500000000005 -0.99052477729077237 20.054510209366825
decision_type=2 2 2 2 2 2 2 2 2 2 2 2 2 2 2 2 2 2 2 2 2 2 2 2 2 2 2 2 2 2
left_child=1 4 5 18 7 6 -2 8 -1 -7 29 12 -5 14 -4 28 17 21 -3 -14 -9 22 23 -12 -24 -17 27 -15 -11 -8
right_child=2 3 13 11 -6 9 10 20 -10 15 16 -13 19 26 -16 25 -18 -19 -20 -21 -22 -23 24 -25 -26 -27 -28 -29 -30 -31
leaf_value=-2.9135443678660105 0.056687250100718491 -0.34506375425612235 1.2164266854398611 -0.93976901395246382 -0.50314227570219083 0.59816518882037817 -0.3323069847055844 -0.92558359109708399 -0.80964574972086634 0.21273950131572025 0.47303248385970414 0.34462749896830513 0.007683820545464886 0.96721760619770392 1.671258136636216 0.86711708003119259 1.2507837553567525 -0.25463475166095628 -0.11318795064173981 0.50269215941884138 -0.67157060447927375 1.0193720394412413 0.027866466970996814 1.1704168627488203 0.81191608237999469 1.5224365656905705 1.1185941306167635 0.050728096167246509 0.95390635540168134 0.37364848975477549
leaf_weight=61 290 1138 680 40 1811 296 56 866 230 49 104 804 679 55 242 73 79 45 904 131 609 151 111 87 54 180 232 45 124 116
leaf_count=61 290 1138 680 40 1811 296 56 866 230 49 104 804 679 55 242 73 79 45 904 131 609 151 111 87 54 180 232 45 124 116
internal_value=-8.96806e-10 -0.367128 0.87003 -0.0499039 -0.694906 0.619016 0.439534 -0.891555 -1.25067 0.890725 0.577797 0.187763 0.0393873 1.23334 1.33581 1.09401 0.696096 0.616712 -0.242412 0.0877407 -0.820706 0.69405 0.556063 0.790689 0.284465 1.33335 0.948776 0.554797 0.74398 0.143803
internal_weight=10342 7273 3069 3696 3577 1815 1093 1766 291 722 803 1654 850 1254 922 426 631 552 2042 810 1475 507 356 191 165 253 332 100 173 172
internal_count=10342 7273 3069 3696 3577 1815 1093 1766 291 722 803 1654 850 1254 922 426 631 552 2042 810 1475 507 356 191 165 253 332 100 173 172
is_linear=0
shrinkage=0.05


Tree=19
num_leaves=31
num_cat=0
split_feature=11 10 11 8 11 10 9 18 17 11 13 10 2 10 13 10 2 2 9 15 0 2 18 8 9 11 19 11 10 13
split_gain=1.1959e+06 205883 124101 47480.2 46477.7 34969.3 26769.2 19565.1 61033.8 18533.4 16747.3 15897.8 15429.8 14870.8 13952.8 13478.1 11593.5 11547 10654.9 10614 10456.5 9531.5 9015.01 10183.3 8855.62 9706.86 8032 7725.89 7626.99 7309.15
threshold=371.15500000000003 340.36500000000007 414.39000000000004 1.0000000180025095e-35 317.59500000000008 388.75500000000005 320.38000000000005 159.84000000000003 39.942926457747369 339.07500000000005 14.92357113003632 362.84500000000008 3.5000000000000004 425.11500000000007 9.3323925063245223 378.09000000000009 1.0000000180025095e-35 4.5000000000000009 332.14000000000004 358.93000000000006 3.5000000000000004 4.5000000000000009 159.84000000000003 1.0000000180025095e-35 325.69000000000005 300.34000000000009 428.49500000000006 387.48500000000007 416.56500000000005 13.508478702830866
decision_type=2 2 2 2 2 2 2 2 2 2 2 2 2 2 2 2 2 2 2 2 2 2 2 2 2 2 2 2 2 2
left_child=1 4 5 6 7 14 17 8 -1 18 -5 16 28 26 -2 -12 -8 -3 20 29 -6 -13 -14 -24 25 -9 -4 -16 -7 -11
right_child=2 3 13 10 9 12 11 24 -10 19 15 21 22 -15 27 -17 -18 -19 -20 -21 -22 -23 23 -25 -26 -27 -28 -29 -30 -31
leaf_value=-2.9551295381911258 1.1025082622804951 -0.1259685817504661 0.67362828123713703 1.2956178812204668 -0.86698417614403389 0.82225097737968922 0.36215879642197657 -0.1439573371782899 -0.81111872627408099 -0.27184566877400268 0.020407544848283915 0.31332990596100452 -0.20092768512666226 1.4088363291057824 0.23309151785188728 0.75602694639847401 -0.22726679825282703 -0.50999675276905299 -0.38560379914148751 -0.50327191840500052 -0.58090912977471054 -0.02498336163332765 0.15945491575015089 0.7702437434156062 -0.43045443920823545 -0.94455363139468074 1.115358468705465 0.49194186186425848 1.2407711456147887 0.22701665774057403
leaf_weight=47 62 285 124 53 497 502 90 40 113 234 153 315 40 438 743 105 1142 625 384 365 894 614 96 236 115 708 605 471 139 107
leaf_count=47 62 285 124 53 497 502 90 40 113 234 153 315 40 438 743 105 1142 625 384 365 894 614 96 236 115 708 605 471 139 107
internal_value=6.57923e-10 -0.380907 0.758948 -0.10262 -0.649504 0.545012 -0.162238 -0.933091 -1.44092 -0.532572 0.486087 -0.0664439 0.764349 1.17857 0.370883 0.319788 -0.184208 -0.389724 -0.618758 -0.315886 -0.683123 0.08973 0.508194 0.59363 -0.838939 -0.901741 1.04022 0.333519 0.913007 -0.115311
internal_weight=10342 6886 3456 3382 3504 2289 3071 1023 160 2481 311 2161 1013 1167 1276 258 1232 910 1775 706 1391 929 372 332 863 748 729 1214 641 341
internal_count=10342 6886 3456 3382 3504 2289 3071 1023 160 2481 311 2161 1013 1167 1276 258 1232 910 1775 706 1391 929 372 332 863 748 729 1214 641 341
is_linear=0
shrinkage=0.05


Tree=20
num_leaves=31
num_cat=0
split_feature=8 11 10 10 11 9 17 0 11 0 7 2 13 14 10 11 15 7 16 16 2 9 0 9 2 6 16 17 19 9
split_gain=1.08006e+06 247747 91862.6 62575.8 33740.3 30706 20199.6 20421.2 16119.9 14877.5 14553.8 12829.2 12576 12180.6 11809.1 10374.4 10228.1 9956.22 9125.35 14406 11587.7 8797.56 10327.9 9428.58 8820.66 7861.6 7823.48 7753.99 11366.7 7614.92
threshold=1.0000000180025095e-35 345.34500000000008 407.24500000000006 328.15000000000003 369.69000000000005 325.27500000000003 46.354287850065255 9.5000000000000018 300.34000000000009 9.5000000000000018 0.99681593486783593 3.5000000000000004 20.839564646577028 323.87500000000006 430.73000000000008 333.11500000000007 399.40000000000003 -0.79382744783423187 360.89434523809524 358.34839285714293 1.5000000000000002 331.17500000000007 3.5000000000000004 309.26000000000005 1.5000000000000002 -0.48314718476766422 370.40252976190482 30.187203798747209 427.56 323.54500000000002
decision_type=2 2 2 2 2 2 2 2 2 2 2 2 2 2 2 2 2 2 2 2 2 2 2 2 2 2 2 2 2 2
left_child=1 3 5 8 13 6 7 -2 -1 -7 18 14 17 -3 -4 -5 -14 -11 19 20 27 22 23 -10 -24 -22 -15 -9 -29 -13
right_child=2 4 11 15 -6 9 -8 10 21 12 -12 29 16 26 -16 -17 -18 -19 -20 -21 25 -23 24 -25 -26 -27 -28 28 -30 -31
leaf_value=-1.605564783993414 0.07433754504418047 -0.204394441021132 1.10979294134148 -0.52269437286569709 0.28418486700017292 0.54000553629242332 -0.70621499238535768 1.4706249591979115 -1.2161895892054764 0.79226702880114319 -0.15247823093668558 0.48216154944036432 0.16814259354889927 0.23567060569669318 1.5183646124502845 -0.31690084259025753 0.93522540470681248 1.5560552638024092 1.1342761569920883 -0.21845610327315779 -0.22866652586111208 -0.34833126188082209 -0.41269200846793191 -0.82436212682691612 -0.77790004028056214 0.52050446526845917 -0.060704995204539813 0.45669393656361434 1.1233564524287762 1.0110827661005028
leaf_weight=59 283 1072 657 1101 867 298 40 44 194 64 64 97 56 334 242 1380 194 128 81 53 41 118 248 736 496 240 668 144 115 228
leaf_count=59 283 1072 657 1101 867 298 40 44 194 64 64 97 56 334 242 1380 194 128 81 53 41 118 248 736 496 240 668 144 115 228
internal_value=4.1287e-10 -0.331921 0.786594 -0.572368 0.0222511 0.563785 0.396861 0.438291 -0.792376 0.813043 0.570004 1.12245 0.997126 -0.0872458 1.21978 -0.408226 0.763399 1.30146 0.634403 0.57084 0.642471 -0.765603 -0.795016 -0.906098 -0.656164 0.411195 0.0380869 0.856955 0.752702 0.85322
internal_weight=10342 7273 3069 4332 2941 1845 1105 1065 1851 740 782 1224 442 2074 899 2481 250 192 718 637 584 1792 1674 930 744 281 1002 303 259 325
internal_count=10342 7273 3069 4332 2941 1845 1105 1065 1851 740 782 1224 442 2074 899 2481 250 192 718 637 584 1792 1674 930 744 281 1002 303 259 325
is_linear=0
shrinkage=0.05


Tree=21
num_leaves=31
num_cat=0
split_feature=11 11 10 11 2 11 10 10 2 18 17 12 13 13 2 0 11 17 2 9 0 13 18 9 19 11 9 10 14 5
split_gain=977031 152195 126415 35269.5 30111.1 29069.9 24115.7 18913.1 21354.2 17526.2 54860.9 16980.3 18057.9 16055.5 15776.6 15451.4 11793.3 10854.8 9943.11 9055 9232.16 8997.41 8437.07 8014.79 7982.04 7846.24 8659.82 7692.25 7684 7507.9
threshold=362.95000000000005 396.69500000000005 340.36500000000007 317.59500000000008 1.0000000180025095e-35 426.47500000000008 379.98500000000007 360.02000000000004 4.5000000000000009 159.84000000000003 39.942926457747369 359.33729166666672 10.790393427095889 11.61371199602779 3.5000000000000004 9.5000000000000018 339.07500000000005 23.26182996334725 4.5000000000000009 331.61000000000007 3.5000000000000004 16.057754606294552 306.19500000000005 333.83500000000009 431.00000000000006 300.34000000000009 325.69000000000005 410.55000000000007 316.72000000000008 -0.70710678118654757
decision_type=2 2 2 2 2 2 2 2 2 2 2 2 2 2 2 2 2 2 2 2 2 2 2 2 2 2 2 2 2 2
left_child=2 6 3 9 15 11 17 18 -9 10 -1 12 -3 -14 27 -4 19 -2 -6 20 -5 -20 24 -10 -15 -11 -27 -8 -24 -13
right_child=1 5 4 16 7 -7 14 8 23 25 -12 29 13 22 -16 -17 -18 -19 21 -21 -22 -23 28 -25 -26 26 -28 -29 -30 -31
leaf_value=-2.7600757337631063 0.89843175200124592 1.13306270548526 0.0026889643860313131 -0.79822409419276774 -0.17745166376411634 1.2316399880247051 0.61059115438877998 0.30251970695802771 -0.26024550197934654 -0.16534290438834229 -0.72737572688972008 1.0226774676693875 -0.43357151655050424 0.5206209119907611 0.2734772432383627 1.1529591272885982 -0.30790050914665817 0.13122225908928448 -0.25261265425822066 -0.35368667192770725 -0.52570970313047394 -0.6103930804533152 -0.35710173418576069 0.093352765974443447 1.2460205861330031 -0.85534741182964147 -0.36257063688016405 1.181827996495892 0.5531905952156807 0.73285060942918068
leaf_weight=47 48 102 53 479 819 536 442 344 605 53 113 618 52 157 422 65 632 1167 347 411 885 356 44 218 50 708 102 68 49 350
leaf_count=47 48 102 53 479 819 536 442 344 605 53 113 618 52 157 422 65 632 1167 347 411 885 356 44 218 50 708 102 68 49 350
internal_value=1.54514e-10 0.599036 -0.394267 -0.597904 -0.145435 0.91784 0.308297 -0.17974 -0.0283041 -0.84384 -1.32448 0.799558 0.547267 0.377519 0.499628 0.636312 -0.493378 0.161532 -0.295854 -0.559418 -0.621409 -0.433793 0.518108 -0.166583 0.695838 -0.754729 -0.793294 0.686756 0.122515 0.917885
internal_weight=10342 4105 6237 3430 2807 1958 2147 2689 1167 1023 160 1422 454 352 932 118 2407 1215 1522 1775 1364 703 300 823 207 863 810 510 93 968
internal_count=10342 4105 6237 3430 2807 1958 2147 2689 1167 1023 160 1422 454 352 932 118 2407 1215 1522 1775 1364 703 300 823 207 863 810 510 93 968
is_linear=0
shrinkage=0.05


Tree=22
num_leaves=31
num_cat=0
split_feature=8 11 10 10 9 10 17 0 2 11 7 13 2 7 11 15 13 10 0 2 13 13 15 15 13 2 5 9 17 9
split_gain=886130 202478 75056.3 58334.6 25854.8 23842.4 17802.5 17265.4 16542.3 14917 14150.3 12662.8 10941.1 10762.3 10755.5 10711.4 10695 10325.5 9660.82 8376.87 11208.7 21925.8 17815.2 10462.1 8095.85 8070.73 8030.43 9911.18 7190.46 6216.87
threshold=1.0000000180025095e-35 348.64500000000004 407.24500000000006 328.15000000000003 325.27500000000003 369.09500000000008 46.354287850065255 8.5000000000000018 3.5000000000000004 300.34000000000009 0.99681593486783593 20.839564646577028 3.5000000000000004 -0.9575230291762723 333.11500000000007 399.40000000000003 10.790393427095889 430.73000000000008 10.500000000000002 3.5000000000000004 11.783583696410485 10.790393427095889 379.37500000000006 410.74500000000006 11.482999848160668 1.0000000180025095e-35 0.60355339059327384 310.04000000000002 39.882096638127756 333.83500000000009
decision_type=2 2 2 2 2 2 2 2 2 2 2 2 2 2 2 2 2 2 2 2 2 2 2 2 2 2 2 2 2 2
left_child=1 3 4 9 6 16 7 -2 -7 -1 19 13 17 -6 -5 -13 -3 -4 -15 20 21 -9 -22 -24 -18 -26 -11 -28 -14 -10
right_child=2 5 12 14 11 8 -8 10 29 26 -12 15 28 18 -16 -17 24 -19 -20 -21 22 -23 23 -25 25 -27 27 -29 -30 -31
leaf_value=-1.4938950034403007 -0.11438100648119108 0.36044563485516445 1.0031027728195558 -0.47345555178807558 0.28965362586081028 0.44795932797657223 -0.67764375499449681 0.86009245398971768 -0.09585908261539422 -0.46489118322507661 -0.19693292354802705 0.022928001263311931 0.89065700561976913 0.65725675125916805 -0.27281217779005734 0.68988147597240157 -0.6794404951314772 1.3851486209256592 1.4155765260968891 0.18554603620949719 1.0756879801461519 -0.33908833728896248 0.26261544889472066 0.82278530329998056 0.25673269865841702 -0.1397490541954868 -0.96224805277096093 -0.66252888795367859 0.31855833462306432 0.21300141471172418
leaf_weight=59 143 126 657 1101 40 483 40 72 319 335 72 70 255 60 1698 430 62 242 140 144 207 81 206 140 145 1118 365 1129 70 333
leaf_count=59 143 126 657 1101 40 483 40 72 319 335 72 70 255 60 1698 430 62 242 140 144 207 81 206 140 145 1118 365 1129 70 333
internal_value=5.62738e-11 -0.300648 0.712483 -0.496608 0.511084 0.0545214 0.357913 0.396807 0.22618 -0.711385 0.476091 0.739806 1.01606 1.03834 -0.351736 0.596508 -0.0797535 1.10594 1.18808 0.5331 0.60399 0.225232 0.708781 0.489274 -0.121614 -0.0942306 -0.686142 -0.735753 0.767436 0.0618872
internal_weight=10342 7273 3069 4687 1845 2586 1105 1065 1135 1888 922 740 1224 240 2799 500 1451 899 200 850 706 153 553 346 1325 1263 1829 1494 325 652
internal_count=10342 7273 3069 4687 1845 2586 1105 1065 1135 1888 922 740 1224 240 2799 500 1451 899 200 850 706 153 553 346 1325 1263 1829 1494 325 652
is_linear=0
shrinkage=0.05


Tree=23
num_leaves=31
num_cat=0
split_feature=8 11 10 10 11 13 17 7 13 5 10 6 9 7 6 7 2 9 0 2 6 5 19 19 18 19 4 12 2 17
split_gain=799732 182925 68187.1 36853.7 35448.2 26099.1 17783.3 15550.3 18379.5 14083.1 12692.3 12394.5 11664.7 13807.1 11603.1 11174.9 48700.2 9749.73 10433.8 11374.7 9529.83 9022.98 7761.81 10770.7 12057.4 15942.6 7668.73 7389.53 7211.12 7519.77
threshold=1.0000000180025095e-35 341.73000000000008 400.23000000000008 321.95000000000005 358.55500000000006 10.322301615318512 46.354287850065255 0.94909129669788206 12.386566716141798 -0.5 425.11500000000007 0.15101559051660998 332.37500000000006 -0.99761278905001471 -0.94139628442229062 -0.5129677127369543 1.0000000180025095e-35 332.14000000000004 4.5000000000000009 1.0000000180025095e-35 0.94138322595482449 0.60355339059327384 443.72500000000008 431.00000000000006 306.19500000000005 425.95500000000004 -0.60355339059327362 376.73770833333339 3.5000000000000004 39.803227899270858
decision_type=2 2 2 2 2 2 2 2 2 2 2 2 2 2 2 2 2 2 2 2 2 2 2 2 2 2 2 2 2 2
left_child=1 3 5 15 -3 -2 7 9 -9 14 28 -10 13 -6 -7 16 -1 18 -5 -20 22 -19 23 24 -16 -26 -15 -12 -4 -30
right_child=2 4 10 17 12 6 -8 8 11 -11 27 -13 -14 26 20 -17 -18 21 19 -21 -22 -23 -24 -25 25 -27 -28 -29 29 -31
leaf_value=-2.4730306984546289 1.1348690254828679 -0.17521216431727835 0.89669371661068953 -0.66412760339146182 -0.88883849209174515 1.2372544788611188 -0.64376155176665639 -0.7753597214818001 0.070323529648048264 0.25875377848532072 0.71851454352339106 0.90071180199583378 0.28365622329912543 0.15642289488612598 0.59790911204398201 -0.67259830045896374 -0.67630187069397918 0.10860627523130353 0.25618259384636838 -0.43236028474109167 1.2630665354754615 -0.34211390792415286 0.05366056082369406 0.95385092227426294 0.69049643673175998 -0.59463277844542806 -0.18996154463692616 1.2015330064229965 0.70174951516186379 -0.050190657642669979
leaf_weight=48 130 1761 655 519 40 71 40 50 179 386 96 60 804 591 344 1059 176 136 63 1252 46 605 79 146 43 55 219 452 197 40
leaf_count=48 130 1761 655 519 40 71 40 50 179 386 96 60 804 591 344 1059 176 136 63 1252 46 605 79 146 43 55 219 452 197 40
internal_value=-1.02911e-09 -0.285615 0.676859 -0.521535 -0.0190917 0.455273 0.396335 0.42485 0.0964105 0.505978 0.927529 0.278789 0.147128 0.0179892 0.627697 -0.740465 -1.06132 -0.412453 -0.474295 -0.399373 0.566998 -0.259391 0.518994 0.581513 0.458523 -0.0307496 0.0627708 1.11692 0.811179 0.57484
internal_weight=10342 7273 3069 3858 3415 1629 1499 1459 289 1170 1440 239 1654 850 784 1283 224 2575 1834 1315 713 741 667 588 442 98 810 548 892 237
internal_count=10342 7273 3069 3858 3415 1629 1499 1459 289 1170 1440 239 1654 850 784 1283 224 2575 1834 1315 713 741 667 588 442 98 810 548 892 237
is_linear=0
shrinkage=0.05


Tree=24
num_leaves=31
num_cat=0
split_feature=11 10 11 2 11 5 17 10 9 10 18 11 19 5 5 9 2 10 2 4 9 13 11 7 17 0 9 7 15 13
split_gain=725115 148243 61578.6 35569 28782.9 27934.2 20747 17678.8 16363 15487.8 15406 47873.9 12860.5 12038.3 11844.8 11101.4 9595.25 9428.47 9395.08 9207.44 9441.79 8747.67 8107.41 7571.59 7389.41 7395.09 7060.63 6810.33 6683.28 9788.56
threshold=375.34500000000008 340.36500000000007 414.39000000000004 4.5000000000000009 316.56500000000005 -0.5 45.46741229618474 399.31500000000005 319.59500000000008 364.75500000000005 159.84000000000003 309.78500000000003 412.53500000000003 0.37940952255126048 -0.5 332.14000000000004 4.5000000000000009 425.81000000000006 1.0000000180025095e-35 -0.60355339059327362 307.19500000000005 9.3323925063245223 300.34000000000009 -0.99761278905001471 41.239216506224551 11.500000000000002 325.69000000000005 -0.87810534180523914 351.27000000000004 13.994995406714176
decision_type=2 2 2 2 2 2 2 2 2 2 2 2 2 2 2 2 2 2 2 2 2 2 2 2 2 2 2 2 2 2
left_child=1 4 6 5 10 12 7 21 -5 18 11 -1 -3 16 -10 19 24 -4 -7 -15 -21 -2 -12 -23 25 -6 -24 -22 -25 -30
right_child=2 3 17 8 13 9 -8 -9 14 -11 22 -13 -14 15 -16 -17 -18 -19 -20 20 27 23 26 28 -26 -27 -28 -29 29 -31
leaf_value=-2.6173178667245911 1.0142938756598878 0.28989222011613575 0.81729480360647055 -0.43113587585906032 -0.11855330522112069 0.33307014589330985 -0.64834047864849975 0.69922447264023868 0.078762679754467629 0.25074413513686239 -0.05988451079377588 -0.63102528880377429 1.0481979352297244 -0.21936893767255936 -0.24726223483461368 -0.28898635525107086 -0.46118250933214322 1.1138648515160707 -0.12326200749261174 -1.1360336633376134 -1.2166951389610769 -0.22116737712513315 -0.75732646666535552 0.069028811484871319 -0.62408193439759063 0.47179288711631673 -0.28725904625850718 -0.55191085722956934 0.78847165259586027 0.35879180820879869
leaf_weight=43 52 132 750 596 310 126 41 655 487 522 53 103 97 168 651 499 317 417 1076 81 40 55 654 151 58 64 91 1045 157 851
leaf_count=43 52 132 750 596 310 126 41 655 487 522 53 103 97 168 651 499 317 417 1076 81 40 55 654 151 58 64 91 1045 157 851
internal_value=5.03893e-10 -0.27575 0.635662 -0.0540822 -0.50754 0.0922511 0.464594 0.488348 -0.218897 0.0233326 -0.743799 -1.21603 0.611096 -0.421162 -0.107742 -0.490175 -0.252268 0.923267 -0.0754269 -0.565433 -0.615294 0.379245 -0.657401 0.352044 -0.0989665 -0.0175315 -0.699909 -0.576419 0.379245 0.425716
internal_weight=10342 7213 3129 3687 3526 1953 1962 1921 1734 1724 944 146 229 2582 1138 1833 749 1167 1202 1334 1166 1266 798 1214 432 374 745 1085 1159 1008
internal_count=10342 7213 3129 3687 3526 1953 1962 1921 1734 1724 944 146 229 2582 1138 1833 749 1167 1202 1334 1166 1266 798 1214 432 374 745 1085 1159 1008
is_linear=0
shrinkage=0.05


Tree=25
num_leaves=31
num_cat=0
split_feature=11 10 11 2 11 5 17 10 9 10 18 2 19 5 15 9 2 7 9 17 5 13 9 11 9 7 7 13 9 18
split_gain=654416 133789 55574.7 32101.1 25976.6 25210.6 18724.2 16035.5 15439.3 14541.8 13903.9 45864.5 11606.6 10996.7 10632.5 10050.1 9255.48 9072.75 8770.16 12418.4 8427.84 8083.14 7885.24 7316.94 7077.4 6789.54 6482.19 8725.48 6474.74 6075.93
threshold=375.34500000000008 340.36500000000007 414.39000000000004 4.5000000000000009 316.56500000000005 -0.5 45.46741229618474 397.36500000000007 330.80000000000007 356.35000000000008 159.84000000000003 1.5000000000000002 412.53500000000003 0.25881904510252057 364.61000000000007 339.44500000000011 4.5000000000000009 -0.99465740988130902 325.82500000000005 32.976875713997295 1.0000000180025095e-35 9.3323925063245223 312.06500000000005 300.34000000000009 339.11000000000007 -0.99761278905001471 0.94909129669788206 20.054510209366825 322.52000000000004 228.29500000000004
decision_type=2 2 2 2 2 2 2 2 2 2 2 2 2 2 2 2 2 2 2 2 2 2 2 2 2 2 2 2 2 2
left_child=1 4 6 5 10 12 7 21 20 14 11 -1 -3 16 -7 17 29 -15 -4 24 22 -2 -5 -12 -20 -23 -27 -28 -25 -6
right_child=2 3 18 8 13 9 -8 -9 -10 -11 23 -13 -14 15 -16 -17 -18 -19 19 -21 -22 25 -24 28 -26 26 27 -29 -30 -31
leaf_value=-2.5267925294332727 0.96357918810099363 0.27539760842354916 0.70686883030757053 -0.47731299970891011 -0.35841534069629127 0.40724943896192456 -0.61592346908490558 0.65322908656460887 -0.0094607792358797869 0.16975831998666455 -0.056890290300801116 -0.58263281271295642 0.99578803421295792 -1.2200695352673177 -0.17818280694817631 -0.12589485475406556 -0.42022247598880402 -0.47643118627471259 0.017888912489247878 1.0853719759700426 -0.57688810971805882 -0.22107443936445095 -0.14692932751336818 -0.73954063391102509 0.80663066364469993 0.39561762297863678 -0.56387824949830079 0.32123092209236531 -0.3737689866659869 0.1253014138860758
leaf_weight=43 52 132 459 258 93 86 41 707 626 848 53 103 97 42 790 207 274 1751 43 581 248 54 602 593 84 986 43 79 152 215
leaf_count=43 52 132 459 258 93 86 41 707 626 848 53 103 97 42 790 207 274 1751 43 581 248 54 602 593 84 986 43 79 152 215
internal_value=2.18794e-11 -0.261963 0.603879 -0.0513781 -0.482163 0.0876385 0.441365 0.463931 -0.207952 0.0221659 -0.706609 -1.15523 0.580541 -0.400104 -0.120709 -0.455767 -0.208821 -0.49385 0.877104 0.987468 -0.320096 0.353688 -0.246044 -0.624531 0.539576 0.326395 0.353077 0.00926621 -0.664913 -0.0207559
internal_weight=10342 7213 3129 3687 3526 1953 1962 1921 1734 1724 944 146 229 2582 876 2000 582 1793 1167 708 1108 1214 860 798 127 1162 1108 122 745 308
internal_count=10342 7213 3129 3687 3526 1953 1962 1921 1734 1724 944 146 229 2582 876 2000 582 1793 1167 708 1108 1214 860 798 127 1162 1108 122 745 308
is_linear=0
shrinkage=0.05


Tree=26
num_leaves=31
num_cat=0
split_feature=8 11 10 11 11 9 18 11 0 9 16 5 0 9 7 2 13 9 13 16 16 7 2 13 10 18 5 5 7 11
split_gain=593038 136206 50672.2 29351.8 24759.5 19456.4 14339.9 57725.9 13982.5 11274.2 10131.8 10107.7 9881.54 9718.78 11347.7 8908.4 8695.19 8243.77 9086.25 8116.25 10676.9 8222.55 8530.88 9566.15 7712.88 7147.32 6835.74 6676.49 6593.73 6563.52
threshold=1.0000000180025095e-35 339.30500000000006 407.24500000000006 358.55500000000006 316.56500000000005 325.27500000000003 159.84000000000003 308.45500000000004 9.5000000000000018 332.37500000000006 334.55717261904766 0.60355339059327384 10.500000000000002 332.37500000000006 -0.99761278905001471 3.5000000000000004 20.839564646577028 306.17000000000002 16.410127000427302 361.99747023809533 358.34839285714293 0.99681593486783593 1.0000000180025095e-35 13.429067211446414 430.73000000000008 306.19500000000005 0.60355339059327384 0.78656609248549303 -0.79382744783423187 300.34000000000009
decision_type=2 2 2 2 2 2 2 2 2 2 2 2 2 2 2 2 2 2 2 2 2 2 2 2 2 2 2 2 2 2
left_child=1 4 5 17 6 8 7 -1 -2 11 -10 -6 -7 14 -5 24 28 18 -3 20 21 22 23 -12 -4 -24 -11 -19 -14 -8
right_child=2 3 15 13 9 12 29 -9 10 26 19 -13 16 -15 -16 -17 -18 27 -20 -21 -22 -23 25 -25 -26 -27 -28 -29 -30 -31
leaf_value=-2.7575332602858547 -0.012962656029055209 -0.057338715016841894 0.82452290081541324 -0.81650880362838518 -0.33408035604806513 0.43650828045731127 -0.082163797501932118 -0.53675497354033896 -0.38510833330452443 0.17184998986211797 0.42941038196619891 -0.55986988201475174 0.62264987432530949 0.24809342175293528 0.046194401190701173 0.60795759676052974 0.574857140995371 -0.093943940973620119 -0.94804157143208523 0.90783878061920409 -0.29917434338066312 -0.26116087168455121 0.44099095026139745 1.1377331609329717 1.1547158233882968 -0.13084048895308606 -0.27392703351795306 -0.34564855008903478 1.2871377282908985 -0.63838241931325201
leaf_weight=40 291 50 657 40 1018 377 57 109 40 103 104 966 56 804 810 325 195 1610 67 80 54 40 343 88 242 65 521 315 112 763
leaf_count=40 291 50 657 40 1018 377 57 109 40 103 104 966 56 804 810 325 195 1610 67 80 54 40 343 88 242 65 521 315 112 763
internal_value=1.3175e-10 -0.245952 0.582864 -0.0330873 -0.465899 0.417383 -0.68171 -1.13294 0.28451 -0.385715 0.390854 -0.444016 0.615795 0.123473 0.0055966 0.832303 0.801997 -0.159899 -0.567399 0.430956 0.375984 0.43295 0.479224 0.754058 0.913407 0.34989 -0.200345 -0.135132 1.06564 -0.599718
internal_weight=10342 7273 3069 3696 3577 1845 969 149 1105 2608 814 1984 740 1654 850 1224 363 2042 117 774 694 640 600 192 899 408 624 1925 168 820
internal_count=10342 7273 3069 3696 3577 1845 969 149 1105 2608 814 1984 740 1654 850 1224 363 2042 117 774 694 640 600 192 899 408 624 1925 168 820
is_linear=0
shrinkage=0.05


Tree=27
num_leaves=31
num_cat=0
split_feature=11 10 11 2 5 10 17 10 9 4 19 0 2 9 7 17 9 11 11 13 13 5 13 10 11 9 7 7 13 13
split_gain=535770 109670 45429.3 27083 21055.2 20984.8 16814.6 13010.4 12878.3 12494.5 9753.31 9070.96 18101.8 13731.1 12059.2 9565.72 9270.31 8014.75 7416.2 8344.79 10160 7378.83 7114.84 7067.17 7004.96 6617.31 5827.59 5745.27 7670.45 5732.8
threshold=375.34500000000008 340.36500000000007 414.39000000000004 4.5000000000000009 -0.5 316.14000000000004 45.46741229618474 397.36500000000007 330.80000000000007 -0.78656609248549292 412.53500000000003 4.5000000000000009 1.5000000000000002 339.44500000000011 -0.98212955754013376 41.239216506224551 308.07500000000005 345.67500000000007 426.47500000000008 26.470834505082689 10.790393427095889 1.0000000180025095e-35 9.3323925063245223 355.84500000000008 302.34500000000008 312.06500000000005 -0.99761278905001471 0.94909129669788206 19.70245920721122 26.103654381024594
decision_type=2 2 2 2 2 2 2 2 2 2 2 2 2 2 2 2 2 2 2 2 2 2 2 2 2 2 2 2 2 2
left_child=1 5 6 4 10 24 7 22 21 17 -3 13 15 14 -7 29 -16 -6 19 20 -4 25 -2 -11 -1 -5 -24 -28 -29 -13
right_child=2 3 18 8 9 11 -8 -9 -10 23 -12 12 -14 -15 16 -17 -18 -19 -20 -21 -22 -23 26 -25 -26 -27 27 28 -30 -31
leaf_value=-1.132284576445818 0.89374718571511602 0.25205123550964126 0.97536755240693385 -0.43517748603756118 0.85911962269246589 -1.3904449746012688 -0.60245776170546694 0.59136273262388284 -0.0089016328719013129 -0.15019322001739455 0.91242684626702175 0.13028648510335292 -0.41331340593961774 -0.088185595523561408 -1.1678256404399872 -0.62710486373207619 -0.46886673132359952 0.18212999595200707 0.93019083592095486 0.78545781772308865 0.1166871656567372 -0.53288674265777158 -0.21126062599597156 0.083793300421413475 -0.60454562477070373 -0.13251958598655053 0.3607144297201198 -0.56026483766916324 0.27905211236419869 -0.31624467807511492
leaf_weight=68 52 132 49 258 50 40 41 707 626 771 97 357 897 202 50 61 926 348 536 466 116 248 54 555 835 602 986 41 81 90
leaf_count=68 52 132 49 258 50 40 41 707 626 771 97 357 897 202 50 61 926 348 536 466 116 248 54 555 835 602 986 41 81 90
internal_value=5.68531e-10 -0.237029 0.546402 -0.0463687 0.0813209 -0.436395 0.399468 0.420852 -0.190185 0.021487 0.531774 -0.364826 -0.278253 -0.464691 -0.539547 -0.03977 -0.504674 0.267179 0.793431 0.677262 0.371689 -0.292607 0.321552 -0.0522577 -0.644287 -0.223317 0.295946 0.320665 -0.00301342 0.0403809
internal_weight=10342 7213 3129 3687 1953 3526 1962 1921 1734 1724 229 2623 1405 1218 1016 508 976 398 1167 631 165 1108 1214 1326 903 860 1162 1108 122 447
internal_count=10342 7213 3129 3687 1953 3526 1962 1921 1734 1724 229 2623 1405 1218 1016 508 976 398 1167 631 165 1108 1214 1326 903 860 1162 1108 122 447
is_linear=0
shrinkage=0.05


Tree=28
num_leaves=31
num_cat=0
split_feature=8 11 9 10 17 0 0 10 7 7 2 12 2 7 0 13 13 2 15 13 6 13 11 11 9 2 17 10 2 4
split_gain=485120 111219 42214.6 32816.5 23210.5 20939.1 18363.4 15268 12148.8 11365.8 53859.6 62028.7 10824.6 10120.4 8906.76 8049.05 17748.1 12223.2 13564.2 7813.46 7715.62 7319.5 6624.31 6494.3 6279.26 6239.38 5306.03 5259.22 6959.89 5285.98
threshold=1.0000000180025095e-35 348.64500000000004 325.27500000000003 328.15000000000003 45.46741229618474 9.5000000000000018 9.5000000000000018 369.09500000000008 -0.99052477729077237 -0.39036009226888674 1.0000000180025095e-35 328.37854166666671 3.5000000000000004 0.99681593486783593 16.500000000000004 11.783583696410485 10.790393427095889 1.0000000180025095e-35 410.74500000000006 10.790393427095889 -0.37447345805034543 11.482999848160668 329.05500000000006 327.55500000000006 315.21500000000009 1.0000000180025095e-35 32.976875713997295 346.17000000000007 3.5000000000000004 -0.60355339059327362
decision_type=2 2 2 2 2 2 2 2 2 2 2 2 2 2 2 2 2 2 2 2 2 2 2 2 2 2 2 2 2 2
left_child=1 3 4 9 6 -4 -2 19 -7 10 11 -1 -9 15 26 16 -8 -17 20 -3 -19 -21 -5 24 -11 -23 -10 -24 29 -29
right_child=2 7 5 22 -6 8 13 12 14 23 -12 -13 -14 -15 -16 17 -18 18 -20 21 -22 25 27 -25 -26 -27 -28 28 -30 -31
leaf_value=-0.60869305955039144 0.01386564447683223 0.30958246869877692 0.3432419745763764 -0.39109117208818456 -0.62937043209870658 0.25452365527162329 0.74830056032587899 0.35754938085272325 0.70535316126504255 -0.63782811327575073 -0.47455282124600057 -3.3147671061940494 0.045246663900017969 -0.1456838841957506 0.47656524588882521 0.94030608737042964 -0.39604993147982492 -0.45045084964483978 0.63036076017742748 -0.63285718610089636 0.29961416598409418 0.23217226544844694 -0.28669923386103996 -0.2727363073440312 -0.40102384961952553 -0.11643573211665117 0.96019603864147973 0.55544494346205919 -0.20096936802296048 -0.018939718702189037
leaf_weight=45 282 126 320 709 60 96 64 483 280 568 339 40 652 64 148 168 72 40 480 62 240 145 1139 344 552 1118 755 53 734 164
leaf_count=45 282 126 320 709 60 96 64 483 280 568 339 40 652 64 148 168 72 40 480 62 240 145 1139 344 552 1118 755 53 734 164
internal_value=-1.46477e-10 -0.222451 0.52717 -0.367685 0.333764 0.704972 0.374749 0.0407801 0.795475 -0.528775 -0.756734 -1.88214 0.178147 0.46497 0.839373 0.501701 0.142468 0.554347 0.46903 -0.0666712 0.192462 -0.102451 -0.259026 -0.462755 -0.521117 -0.0764134 0.891253 -0.214225 -0.127423 0.121348
internal_weight=10342 7273 3069 4687 1470 1599 1410 2586 1279 1888 424 85 1135 1128 1183 1064 136 928 760 1451 280 1325 2799 1464 1120 1263 1035 2090 951 217
internal_count=10342 7273 3069 4687 1470 1599 1410 2586 1279 1888 424 85 1135 1128 1183 1064 136 928 760 1451 280 1325 2799 1464 1120 1263 1035 2090 951 217
is_linear=0
shrinkage=0.05


Tree=29
num_leaves=31
num_cat=0
split_feature=8 11 9 10 17 5 11 0 2 18 11 0 7 7 9 0 13 13 13 2 15 7 6 11 9 16 0 7 7 5
split_gain=437820 100643 38098.7 22426.4 20947.4 19213 19177.6 16572.9 14031 12232.4 50025.9 11255.9 9732.44 9133.65 8978.06 9050.05 8284.76 7264.27 16017.7 11031.5 12241.7 7250.15 6963.35 6233.04 6120.08 11904.3 7160.22 5946.49 7297.44 5800.92
threshold=1.0000000180025095e-35 339.30500000000006 325.27500000000003 369.09500000000008 45.46741229618474 -0.5 316.56500000000005 9.5000000000000018 3.5000000000000004 159.84000000000003 308.45500000000004 10.500000000000002 -0.75013812021657655 0.99681593486783593 331.61000000000007 3.5000000000000004 10.790393427095889 11.783583696410485 10.790393427095889 1.0000000180025095e-35 410.74500000000006 -0.52765736634565841 -0.37447345805034543 300.34000000000009 308.23000000000008 353.43000000000006 4.5000000000000009 0.29958852271690523 0.46611290379786346 0.60355339059327384
decision_type=2 2 2 2 2 2 2 2 2 2 2 2 2 2 2 2 2 2 2 2 2 2 2 2 2 2 2 2 2 2
left_child=1 6 4 16 7 11 9 -2 -5 10 -1 -4 -13 17 15 21 -3 18 -9 -19 22 -8 -21 -11 25 -18 -26 -14 -29 -16
right_child=2 3 5 8 -6 -7 14 13 -10 23 -12 12 27 -15 29 -17 24 19 -20 20 -22 -23 -24 -25 26 -27 -28 28 -30 -31
leaf_value=-2.5194469732046127 0.013172363148381314 0.22674789741022155 0.49963758610538211 0.34886461970797644 -0.59790190401176613 0.32322348891873842 -1.1155711446168288 0.71088553150184453 0.010962322477620178 -0.010242002065244475 -0.45208071965143221 0.60602128159503144 1.0972779823817425 -0.13839969034888783 0.1582250607174796 -0.31823689724799858 -0.17797816866045368 0.89329078282628738 -0.37624743738108213 -0.42792830812919419 0.59884272357531398 -0.49901051829049464 0.28463345870065193 -0.55227679218755132 -0.34127238347234529 -1.0597750017849299 -0.079147913533180125 0.26624407727892202 0.90296484066380389 -0.23755416634599397
leaf_weight=40 282 161 320 492 60 320 53 64 818 57 109 300 335 64 111 1411 145 168 72 40 480 475 240 763 307 52 1721 54 270 558
leaf_count=40 282 161 320 492 60 320 53 64 818 57 109 300 335 64 111 1411 145 168 72 40 480 475 240 763 307 52 1721 54 270 558
internal_value=-3.2617e-11 -0.211328 0.500811 -0.0283507 0.317076 0.669723 -0.400393 0.356011 0.137869 -0.590326 -1.00708 0.756416 0.842098 0.441721 -0.329824 -0.384315 -0.119611 0.476616 0.135345 0.52663 0.445578 -0.5609 0.182839 -0.514599 -0.144674 -0.410737 -0.118828 0.949569 0.796845 -0.171887
internal_weight=10342 7273 3069 3696 1470 1599 3577 1410 1310 969 149 1279 959 1128 2608 1939 2386 1064 136 928 760 528 280 820 2225 197 2028 659 324 669
internal_count=10342 7273 3069 3696 1470 1599 3577 1410 1310 969 149 1279 959 1128 2608 1939 2386 1064 136 928 760 528 280 820 2225 197 2028 659 324 669
is_linear=0
shrinkage=0.05


Tree=30
num_leaves=31
num_cat=0
split_feature=11 10 11 2 10 15 10 14 14 9 5 15 2 13 9 13 5 9 11 11 9 17 9 16 12 17 17 5 10 9
split_gain=396172 82322 33634 20564.1 17274.8 14591.6 16073.5 13100.9 12135.4 10897.1 10834.7 8997.4 11540.3 12172.6 9368.65 8670.56 8290.38 7473.05 6670.22 6528.19 6087.06 7639.69 5920.52 5622.67 5547.38 5266.35 5109.27 5097.84 5022.18 5006.46
threshold=375.34500000000008 342.28500000000003 414.39000000000004 3.5000000000000004 321.95000000000005 358.13000000000005 373.97500000000008 321.15500000000003 320.29000000000002 312.11500000000007 -0.70710678118654757 358.93000000000006 3.5000000000000004 13.021684273779085 308.23000000000008 14.741334363978735 -0.5 339.44500000000011 300.34000000000009 307.16000000000003 334.13500000000005 32.976875713997295 310.04000000000002 371.87217261904772 359.48770833333339 27.705588296160098 35.495554529497745 0.60355339059327384 355.84500000000008 310.48500000000007
decision_type=2 2 2 2 2 2 2 2 2 2 2 2 2 2 2 2 2 2 2 2 2 2 2 2 2 2 2 2 2 2
left_child=1 4 7 5 18 -3 28 8 24 -5 23 12 13 14 -6 -15 -11 19 -1 -13 21 -4 -21 -9 25 -2 -27 -20 -7 -29
right_child=2 3 20 9 11 6 -8 10 -10 16 -12 17 -14 15 -16 -17 -18 -19 27 22 -22 -23 -24 -25 -26 26 -28 29 -30 -31
leaf_value=-1.0564943988368196 0.6277514938194797 0.83469848922197376 0.0081630322004796248 -0.38721916994910283 -0.837881229147315 -0.097025072710384588 0.47381599974055011 0.89209855542673422 -0.45072143082580873 0.062030991076326536 0.36802755723451014 -0.98027833011415277 -0.34415195750880923 0.87096076167546799 0.0072406383916981277 0.017966328425840897 -0.15875790340807769 -0.086876064418386134 -0.26400004711393354 -0.7657105363228105 0.83934188375415486 0.6416608965573728 -0.34221259262328574 0.40561979031840034 0.39395322949664791 -0.16341176781774935 0.20366419770862804 -0.67345205405678776 0.12427509606297367 -0.45070148400481341
leaf_weight=53 53 69 51 332 40 557 222 192 63 682 643 45 318 65 182 55 1129 241 219 88 404 712 1327 86 451 131 343 386 475 728
leaf_count=53 53 69 51 332 40 557 222 192 63 682 643 45 318 65 182 55 1129 241 219 88 404 712 1327 86 451 131 343 386 475 728
internal_value=-5.30353e-10 -0.203824 0.469856 -0.028194 -0.366282 0.12681 0.0878587 0.343428 0.2219 -0.123887 0.48079 -0.284026 -0.127329 0.0742782 -0.145034 0.480005 -0.0756116 -0.344826 -0.506402 -0.387405 0.68241 0.599317 -0.36855 0.741605 0.265229 0.155068 0.102215 -0.484531 0.00483305 -0.527884
internal_weight=10342 7213 3129 3466 3747 1323 1254 1962 1041 2143 921 2361 660 342 222 120 1811 1701 1386 1460 1167 763 1415 278 978 527 474 1333 1032 1114
internal_count=10342 7213 3129 3466 3747 1323 1254 1962 1041 2143 921 2361 660 342 222 120 1811 1701 1386 1460 1167 763 1415 278 978 527 474 1333 1032 1114
is_linear=0
shrinkage=0.05


Tree=31
num_leaves=31
num_cat=0
split_feature=8 11 9 10 5 17 0 9 0 7 2 12 19 7 6 9 6 4 2 2 4 11 18 11 9 15 9 18 5 12
split_gain=358668 82930.7 31976.1 24489 19822.1 16529.5 13032.4 11600.3 11466.1 9569.96 47195.3 55043.7 9092.25 8458.72 8077.46 15429.3 11434.1 6789.45 6065.48 5828.47 20653 5986.58 5178.93 5011.93 5268.84 4890.73 4527.08 4394.4 4333.36 4304.38
threshold=1.0000000180025095e-35 348.64500000000004 320.38000000000005 328.15000000000003 -0.5 42.04441352259056 11.500000000000002 334.13500000000005 9.5000000000000018 -0.39036009226888674 1.0000000180025095e-35 328.37854166666671 435.44500000000005 -0.99761278905001471 0.048362692321690152 307.05500000000001 -0.61237985104942771 -0.78656609248549292 3.5000000000000004 4.5000000000000009 -0.78656609248549292 330.68500000000006 304.82500000000005 327.55500000000006 315.21500000000009 433.87500000000006 320.47000000000008 168.59000000000003 0.25881904510252057 359.33729166666672
decision_type=2 2 2 2 2 2 2 2 2 2 2 2 2 2 2 2 2 2 2 2 2 2 2 2 2 2 2 2 2 2
left_child=1 3 5 9 6 8 25 13 -2 10 11 -1 29 -3 15 -10 -17 18 -15 20 -5 -21 -18 24 -11 -4 -19 -16 -9 -8
right_child=2 7 4 19 -6 -7 12 28 14 23 -12 -13 -14 17 27 16 22 26 -20 21 -22 -23 -24 -25 -26 -27 -28 -29 -30 -31
leaf_value=-0.51889615257581079 -0.071208980863794999 -0.72860405957326302 0.36584955588604018 0.71889966447470766 0.25614153265464801 -0.51838167016394443 0.32921878454685216 0.26523383443852361 -0.57039275242880527 -0.55344241911571634 -0.40087226479338994 -3.0680553676933053 0.8775864193505849 0.19072457022657754 0.22417405105758614 0.67172850981792986 0.23438183538050261 -0.30303760387519596 -0.11940981135683809 -0.42396115090197067 -0.19020834262642161 -0.21709907088468292 -0.38637330827768895 -0.22833340332442678 -0.33652579004376915 0.66728467396413438 -0.048891017254603313 0.61221463067555115 0.048801307486468735 0.67844295492985607
leaf_weight=45 188 44 420 66 412 70 125 554 56 568 339 40 604 479 96 136 112 242 235 528 1169 1036 48 344 552 198 635 304 397 300
leaf_count=45 188 44 420 66 412 70 125 554 56 568 339 40 604 479 96 136 112 242 235 528 1169 1036 48 344 552 198 635 304 397 300
internal_value=-4.29648e-10 -0.191274 0.453286 -0.316685 0.566322 0.222849 0.643914 0.0360286 0.278047 -0.455843 -0.665019 -1.7185 0.752913 -0.0447362 0.365362 0.190676 0.334662 -0.0258235 0.0886495 -0.22282 -0.141624 -0.286935 0.0481553 -0.395262 -0.446534 0.462426 -0.11902 0.519085 0.174883 0.57573
internal_weight=10342 7273 3069 4687 2059 1010 1647 2586 940 1888 424 85 1029 1635 752 352 296 1591 714 2799 1235 1564 160 1464 1120 618 877 400 951 425
internal_count=10342 7273 3069 4687 2059 1010 1647 2586 940 1888 424 85 1029 1635 752 352 296 1591 714 2799 1235 1564 160 1464 1120 618 877 400 951 425
is_linear=0
shrinkage=0.05


Tree=32
num_leaves=31
num_cat=0
split_feature=11 10 11 2 0 9 2 5 2 6 9 9 17 14 10 9 9 7 13 5 4 13 17 9 5 2 9 4 11 19
split_gain=323774 75204.4 22453.5 20187.3 15642.9 20299.1 16843.7 13503.3 12067.3 49038.5 10244 10025.8 8909.53 9358.72 8773.7 8334.58 7964.38 10346.1 7894.66 7152.64 6344.69 7385.29 5408.06 7898.47 5369.41 5323.02 4819.44 4788.68 4783.38 4678.38
threshold=378.49500000000006 342.55500000000006 414.39000000000004 4.5000000000000009 4.5000000000000009 316.32500000000005 1.5000000000000002 -0.70710678118654757 1.0000000180025095e-35 0.59177612190863982 331.24000000000007 333.83500000000009 41.239216506224551 304.58500000000004 365.32000000000005 330.80000000000007 340.68000000000006 -0.98212955754013376 16.057754606294552 -0.70710678118654757 -0.60355339059327362 12.597542009912422 32.976875713997295 325.82500000000005 -0.5 3.5000000000000004 306.61000000000007 -0.60355339059327362 329.39500000000004 402.32500000000005
decision_type=2 2 2 2 2 2 2 2 2 2 2 2 2 2 2 2 2 2 2 2 2 2 2 2 2 2 2 2 2 2
left_child=1 4 10 7 5 8 12 29 9 -1 15 24 20 -14 18 25 17 -7 27 -12 21 -6 -4 -24 26 -2 -5 -9 -8 -3
right_child=2 3 22 11 6 16 28 14 -10 -11 19 -13 13 -15 -16 -17 -18 -19 -20 -21 -22 -23 23 -25 -26 -27 -28 -29 -30 -31
leaf_value=-0.45723470717668535 0.31376600683731676 0.22306277269208935 0.33383035968814123 -0.48611621584934306 -0.048952074649019378 -1.0871900334682627 -0.44268567159197608 0.76085327065185371 -0.54586407141043591 -2.4602932017296553 0.69246573618545038 0.070833845782429336 -0.051851161914291212 -1.0538133241963095 0.20333536705475744 -0.45370849835318189 -0.0073310896500267779 -0.33710313119989976 -0.071269446509199294 0.36472949673186594 -0.056814610956458268 0.65115158307024201 0.49576355819579732 0.77713919588622737 -0.32542244638554507 0.0094169494640399618 -0.068122197811280483 0.10225045135703639 -0.24122996640911196 0.76079590447405554
leaf_weight=100 782 71 149 78 72 48 600 46 468 44 246 419 54 41 649 43 176 1088 1022 515 454 79 437 581 567 176 595 69 579 94
leaf_count=100 782 71 149 78 72 48 600 46 468 44 246 419 54 41 649 43 176 1088 1022 515 454 79 437 581 567 176 595 69 579 94
internal_value=4.84858e-10 -0.175854 0.445067 -0.0123964 -0.331015 -0.431229 -0.228402 0.0966346 -0.669021 -1.06928 0.332404 -0.140618 -0.0341196 -0.484277 0.0566527 0.227286 -0.320308 -0.368797 -0.0270737 0.470673 0.0365663 0.317327 0.615173 0.656352 -0.212068 0.257852 -0.116567 0.365692 -0.343752 0.529408
internal_weight=10342 7413 2929 3610 3803 1924 1879 1951 612 144 1762 1659 700 95 1786 1001 1312 1136 1137 761 605 151 1167 1018 1240 958 673 115 1179 165
internal_count=10342 7413 2929 3610 3803 1924 1879 1951 612 144 1762 1659 700 95 1786 1001 1312 1136 1137 761 605 151 1167 1018 1240 958 673 115 1179 165
is_linear=0
shrinkage=0.05


Tree=33
num_leaves=31
num_cat=0
split_feature=8 11 0 10 9 17 10 15 7 7 2 12 7 13 13 2 15 2 0 13 13 9 5 2 9 11 18 2 7 16
split_gain=293065 67331.4 27045 20038.5 18918.5 11142.2 9843.16 9780.19 9578.04 8172.21 40658.3 48561.1 6701.83 6693.38 13613 8822.92 6999.82 6633.37 6420.58 5851.87 6493.44 5289.21 6368.01 8043.72 5980.91 5633.26 5212.6 5001.28 4691.8 4614.16
threshold=1.0000000180025095e-35 348.64500000000004 10.500000000000002 328.15000000000003 325.69000000000005 45.46741229618474 369.09500000000008 407.03500000000003 -0.99052477729077237 -0.39036009226888674 1.0000000180025095e-35 328.37854166666671 0.99681593486783593 11.783583696410485 10.790393427095889 1.0000000180025095e-35 410.74500000000006 3.5000000000000004 16.500000000000004 10.790393427095889 11.482999848160668 306.17000000000002 0.25881904510252057 4.5000000000000009 325.69000000000005 307.86500000000007 306.19500000000005 1.0000000180025095e-35 -0.87810534180523914 351.94553571428577
decision_type=2 2 2 2 2 2 2 2 2 2 2 2 2 2 2 2 2 2 2 2 2 2 2 2 2 2 2 2 2 2
left_child=1 3 7 9 5 12 19 -2 -6 10 11 -1 13 14 -4 -15 26 -8 -10 -3 -21 29 23 24 -23 -24 -17 -22 -27 -5
right_child=2 6 4 21 8 -7 17 -9 18 -11 -12 -13 -14 15 -16 16 -18 -19 -20 20 27 22 25 -25 -26 28 -28 -29 -30 -31
leaf_value=-0.456130131913556 -0.017575665263973094 0.271254245245031 0.63759268645995437 -0.29488725966081936 0.09045681294719024 -0.4392673348209688 0.28264874360344794 0.3153799524878127 0.74720372096716914 -0.35579849806906638 -0.35990630028368276 -2.8504795388877393 -0.14053100375458599 0.82318915789630143 -0.43381719884891362 0.29866686586113206 0.51593197376815259 0.03817185190705543 0.38529541612557183 -0.58490665045026091 0.21547539437575072 0.026314003595354542 -0.82004330129158198 -0.15483047602943292 0.61642099753022195 -0.051619865780608593 -0.27404951199280975 -0.09663428999743906 -0.26971389175653943 -0.7924262317873183
leaf_weight=45 366 126 56 179 70 42 483 555 857 1464 339 40 56 147 63 210 455 652 143 62 145 151 41 760 60 308 49 1118 1237 63
leaf_count=45 366 126 56 179 70 42 483 555 857 1464 339 40 56 147 63 210 455 652 143 62 145 151 41 760 60 308 49 1118 1237 63
internal_value=1.76699e-11 -0.172899 0.40974 -0.285901 0.506931 0.359096 0.0319134 0.183065 0.655872 -0.411781 -0.605078 -1.58288 0.391462 0.421861 0.0703757 0.470441 0.397816 0.142209 0.695451 -0.0543621 -0.0853264 -0.200992 -0.179847 -0.0790036 0.194117 -0.241587 0.190315 -0.0608022 -0.226236 -0.424412
internal_weight=10342 7273 3069 4687 2148 1078 2586 921 1070 1888 424 85 1036 980 119 861 714 1135 1000 1451 1325 2799 2557 971 211 1586 259 1263 1545 242
internal_count=10342 7273 3069 4687 2148 1078 2586 921 1070 1888 424 85 1036 980 119 861 714 1135 1000 1451 1325 2799 2557 971 211 1586 259 1263 1545 242
is_linear=0
shrinkage=0.05


Tree=34
num_leaves=31
num_cat=0
split_feature=11 10 11 2 0 9 2 9 9 10 15 7 17 9 5 17 14 5 9 7 9 14 2 5 4 13 13 19 9 10
split_gain=264894 63015.3 17670 17451.5 13246.8 17652.7 14561.3 10934.1 15423.1 10344.4 11861.8 10198.9 25088.4 8828.2 8262.87 7999.73 8297.96 6980.99 6964.26 9194.2 5856.83 10853.9 7156.86 5548.6 5146.51 6853.52 5033.47 9634.02 4418.19 4200.11
threshold=379.25000000000006 342.55500000000006 426.47500000000008 3.5000000000000004 4.5000000000000009 316.32500000000005 1.5000000000000002 331.24000000000007 330.94500000000005 373.97500000000008 358.13000000000005 -0.61236746317008228 39.942926457747369 311.61500000000007 -0.70710678118654757 41.239216506224551 304.58500000000004 -0.5 340.93500000000006 -0.98212955754013376 308.23000000000008 303.91500000000002 3.5000000000000004 -0.5 -0.60355339059327362 12.597542009912422 38.455038718150675 426.50500000000005 330.59000000000009 312.13500000000005
decision_type=2 2 2 2 2 2 2 2 2 2 2 2 2 2 2 2 2 2 2 2 2 2 2 2 2 2 2 2 2 2
left_child=1 4 7 9 5 11 15 8 20 10 -3 12 -1 -5 -9 24 -17 -15 19 -7 21 -2 23 -22 25 -6 27 -24 -19 -8
right_child=2 3 -4 13 6 18 29 14 -10 -11 -12 -13 -14 17 -16 16 -18 28 -20 -21 22 -23 26 -25 -26 -27 -28 -29 -30 -31
leaf_value=-1.8757453537717159 0.40451963796992518 0.66981641299821237 0.66561225213148678 -0.34642021440467058 -0.051383312914520508 -1.0106262676417828 -0.64735573211620601 0.63563983108602251 -0.56482696831226353 0.38726322694122794 0.01533228462990989 -0.52684373222066738 -0.24056211570898692 0.06421150351638176 0.34522229673068583 -0.048620106882669711 -0.98838221568886819 -0.23726688750398087 0.0079661462412670605 -0.30358046692450219 0.45914787228612863 -0.51410678884045025 0.26767297762891523 0.20183516700656795 -0.043451846996066419 0.61595050751974312 0.28045901983976362 -0.77972439335925248 -0.042024713145332383 -0.28637329502719466
leaf_weight=49 68 74 536 307 75 48 87 439 55 300 1074 518 45 727 554 55 41 544 172 1092 679 61 46 303 455 79 105 42 620 1092
leaf_count=49 68 74 536 307 75 48 87 439 55 300 1074 518 45 727 554 55 41 544 172 1092 679 61 46 303 455 79 105 42 620 1092
internal_value=1.61505e-10 -0.15751 0.406537 -0.00893733 -0.299762 -0.392043 -0.205521 0.347496 0.255343 0.125837 0.0575203 -0.613794 -1.09294 -0.0977242 0.473614 -0.0257617 -0.449977 -0.0573489 -0.288605 -0.333351 0.289936 -0.0298696 0.325047 0.379753 0.0411096 0.29095 0.0466981 -0.232221 -0.133272 -0.313011
internal_weight=10342 7454 2888 3646 3808 1924 1884 2352 1359 1448 1148 612 94 2198 993 705 96 1891 1312 1140 1304 129 1175 982 609 154 193 88 1164 1179
internal_count=10342 7454 2888 3646 3808 1924 1884 2352 1359 1448 1148 612 94 2198 993 705 96 1891 1312 1140 1304 129 1175 982 609 154 193 88 1164 1179
is_linear=0
shrinkage=0.05


Tree=35
num_leaves=31
num_cat=0
split_feature=8 11 5 4 9 9 2 17 5 9 11 7 0 7 13 13 2 15 19 9 9 19 9 9 5 9 14 16 13 9
split_gain=239719 55429.1 23638.9 19326.9 17637 12119.6 11934.5 11631.2 10515.7 12276.3 9826.55 8963.42 7198.92 6989.85 6370.25 13404.3 8383.66 8370.32 6536.47 5947.75 5933.11 6401.76 5723.88 5131.05 4780.71 4650.87 4746.01 4095.06 4081.77 4004.31
threshold=1.0000000180025095e-35 333.11500000000007 -0.5 -0.60355339059327362 325.27500000000003 316.91500000000002 3.5000000000000004 45.46741229618474 0.37940952255126048 336.53000000000003 300.34000000000009 -0.99052477729077237 11.500000000000002 0.99681593486783593 11.783583696410485 10.790393427095889 1.0000000180025095e-35 410.74500000000006 425.95500000000004 320.38000000000005 331.17500000000007 427.56 326.38500000000005 318.09000000000009 0.25881904510252057 341.02500000000003 333.65500000000003 352.06458333333336 42.554963238344357 333.28500000000003
decision_type=2 2 2 2 2 2 2 2 2 2 2 2 2 2 2 2 2 2 2 2 2 2 2 2 2 2 2 2 2 2
left_child=1 5 4 6 7 10 22 13 9 23 -1 -6 -13 14 15 -2 -16 18 -18 -4 21 -10 -3 -5 -7 26 -26 -14 -19 -8
right_child=2 3 19 8 11 24 29 -9 20 -11 -12 12 27 -15 16 -17 17 28 -20 -21 -22 -23 -24 -25 25 -27 -28 -29 -30 -31
leaf_value=-1.1616801231735103 0.57009483447181997 0.081822037737779685 -0.12914707046417095 -0.24967386027530736 0.10382770089587819 0.082062110009494135 -0.13286746132679078 -0.46206422825731963 -0.9309412460375045 0.20038899888192685 -0.41775411774590909 0.44706042792421541 0.2867185001481663 -0.17484376328065993 0.72965349314645644 -0.4244073200556967 0.23197982879844795 0.53129268513864369 -0.40901735173538328 0.20206504369754166 -0.1798940054121114 -0.34157863560490886 0.32633362214434075 -0.05384670872527595 -0.2680493153803814 0.071517557624195302 -0.81537598255204002 0.73516750117785667 0.14005556298419833 0.09515263445169149
leaf_weight=46 64 505 202 540 96 111 585 48 56 355 1268 444 55 64 168 72 232 400 48 412 621 260 455 879 1166 98 41 684 80 287
leaf_count=46 64 505 202 540 96 111 585 48 56 355 1268 444 55 64 168 72 232 400 48 412 621 260 455 879 1166 98 41 684 80 287
internal_value=-8.02564e-11 -0.156373 0.370576 -0.0493707 0.439974 -0.334435 0.0760826 0.300212 -0.134148 -0.0625801 -0.443797 0.56848 0.606187 0.332649 0.363175 0.0435937 0.410011 0.339353 0.122095 0.0930995 -0.269645 -0.446023 0.19771 -0.128369 -0.232951 -0.259745 -0.286641 0.701792 0.466086 -0.0578196
internal_weight=10342 7273 3069 4543 2455 2730 1832 1176 2711 1774 1314 1279 1183 1128 1064 136 928 760 280 614 937 316 960 1419 1416 1305 1207 739 480 872
internal_count=10342 7273 3069 4543 2455 2730 1832 1176 2711 1774 1314 1279 1183 1128 1064 136 928 760 280 614 937 316 960 1419 1416 1305 1207 739 480 872
is_linear=0
shrinkage=0.05


Tree=36
num_leaves=31
num_cat=0
split_feature=8 11 0 4 16 2 9 9 17 0 9 5 18 16 6 7 13 6 13 19 13 15 13 2 0 9 5 9 13 9
split_gain=216347 50024.8 21992.5 17747.2 14639.9 11220.7 11197.5 9087.8 8993.4 8367.03 8077.49 7521.98 7442.18 9245.84 8255.38 6908.19 6487.83 6057.35 7228.28 5360.56 5287.23 5255.76 9296.96 5205.71 5131.92 4992.02 4000.13 3917 3630.72 3339.05
threshold=1.0000000180025095e-35 333.11500000000007 10.500000000000002 -0.78656609248549292 361.72083333333336 3.5000000000000004 325.34000000000009 334.13500000000005 45.46741229618474 4.5000000000000009 320.47000000000008 0.37940952255126048 316.29500000000002 360.73443452380957 -0.69057362043749781 -0.99273797715557011 10.71449692572833 0.048362692321690152 42.659814409184754 429.10000000000008 12.273067053899736 359.85000000000008 12.52059987512361 1.5000000000000002 16.500000000000004 326.38500000000005 0.60355339059327384 315.98000000000008 11.783583696410485 306.17000000000002
decision_type=2 2 2 2 2 2 2 2 2 2 2 2 2 2 2 2 2 2 2 2 2 2 2 2 2 2 2 2 2 2
left_child=1 6 10 5 8 25 16 9 12 19 -2 -9 13 14 -4 -6 -1 27 20 -5 -19 -8 -23 -22 -17 28 -18 -16 -3 -11
right_child=2 3 4 7 15 -7 21 11 -10 29 -12 -13 -14 -15 17 24 26 18 -20 -21 23 22 -24 -25 -26 -27 -28 -29 -30 -31
leaf_value=-0.91092240372007449 -0.062280331931253478 -0.26559012267324661 0.67973925667519897 -0.86018599748219315 0.0058055333945215967 -0.049303535494997393 0.36981763111220467 0.15257867615781803 -0.39675420657509852 -0.37264705611599819 0.2520887947972198 -0.11116474988158938 0.95107095363188765 -0.40625075422936963 -0.099733076900019688 0.66350632640954332 -0.26456936884654364 -0.025251992698758843 -0.12992722967728262 -0.31660623519538761 0.71367629549709999 -0.79405650748261092 -0.13354931071468998 0.37159018836756974 0.32545136973574645 0.37701756738475184 -0.4169142240469631 0.27917876819880416 0.17676484312148805 -0.11413249949143529
leaf_weight=56 306 54 161 57 49 635 45 483 42 135 615 614 49 42 133 785 654 56 63 222 168 58 654 329 131 343 1263 140 329 1671
leaf_count=56 306 54 161 57 49 635 45 483 42 135 615 614 49 42 133 785 654 56 63 222 168 58 654 329 131 343 1263 140 329 1671
internal_value=-2.33956e-11 -0.148554 0.352048 -0.0469022 0.439691 0.104205 -0.317713 -0.111534 0.321797 -0.172825 0.14764 0.00495929 0.348247 0.321197 0.350295 0.584219 -0.380437 0.290632 0.377518 -0.42766 0.435329 -0.154233 -0.187355 0.487225 0.61516 0.238472 -0.364941 0.0945807 0.114396 -0.133457
internal_weight=10342 7273 3069 4543 2148 1361 2730 3182 1183 2085 921 1097 1141 1092 1050 965 1973 889 616 279 553 757 712 497 916 726 1917 273 383 1806
internal_count=10342 7273 3069 4543 2148 1361 2730 3182 1183 2085 921 1097 1141 1092 1050 965 1973 889 616 279 553 757 712 497 916 726 1917 273 383 1806
is_linear=0
shrinkage=0.05


Tree=37
num_leaves=31
num_cat=0
split_feature=8 10 5 9 2 4 9 17 11 4 2 7 9 7 5 12 13 7 13 2 15 9 11 13 7 6 11 9 9 0
split_gain=195253 45152 20372.8 14404.3 13186.5 11515.1 13834.7 9692.91 9557.76 7891.15 7752.61 7722.77 7246.61 7101.49 7725.43 6547.26 6116.73 11504.9 11248.5 9643.99 9274.92 5440.38 5411.43 5176.91 5160.02 11117.6 4881.8 4600.4 4436.52 4490.28
threshold=1.0000000180025095e-35 346.17000000000007 -0.5 325.27500000000003 4.5000000000000009 -0.60355339059327362 316.91500000000002 45.46741229618474 300.34000000000009 -0.78656609248549292 1.5000000000000002 -0.75013812021657655 333.83500000000009 -0.99761278905001471 0.60355339059327384 352.57958333333346 12.386566716141798 0.94909129669788206 11.111862054744838 1.0000000180025095e-35 410.74500000000006 331.61000000000007 347.45500000000004 22.822800274882223 0.31595530242620651 0.88621069759564464 347.82500000000005 346.82000000000005 298.98500000000007 3.5000000000000004
decision_type=2 2 2 2 2 2 2 2 2 2 2 2 2 2 2 2 2 2 2 2 2 2 2 2 2 2 2 2 2 2
left_child=1 5 3 7 9 10 8 16 -7 26 22 15 -6 -8 -15 -5 17 18 -2 -18 23 -4 -1 -21 -13 -26 -3 -16 -10 -30
right_child=2 4 21 11 12 6 13 -9 28 -11 -12 24 -14 14 27 -17 19 -19 -20 20 -22 -23 -24 -25 25 -27 -28 -29 29 -31
leaf_value=0.68796552431252278 0.58645687445320871 0.74177796273004448 -0.034365305079733434 -0.27399105500429871 -0.1732064160927119 -1.1208618886768817 -0.8316858902404255 -0.42330423350892188 -0.83336604833602912 -0.00031259574412283121 -0.19459692052739153 0.71482982657931671 0.074933408264435383 -0.016522687588742573 -0.25890876114593991 0.40030178190700511 0.72920654632875492 -0.71402579762041574 -0.36507776385794083 -0.45288139428943402 0.42509102441060054 0.27602573066738184 0.070968053727989366 0.15415648765047082 0.55502473133674357 -0.32089009761810305 0.18682861102969145 0.18721100799739362 -0.48581939866522694 -0.29371218155182077
leaf_weight=45 88 42 394 40 1105 45 44 48 52 930 295 455 401 493 1567 360 144 40 48 40 480 220 169 288 384 40 702 60 474 849
leaf_count=45 88 42 394 40 1105 45 44 48 52 930 295 455 401 493 1567 360 144 40 48 40 480 220 169 288 384 40 702 60 474 849
internal_value=-5.05963e-11 -0.141126 0.334445 0.39887 0.000211589 -0.250937 -0.282542 0.272565 -0.403813 0.0967847 -0.0283969 0.515004 -0.107135 -0.202965 -0.189917 0.332872 0.302176 0.0313832 0.250621 0.352239 0.285056 0.0768497 0.200711 0.0801275 0.597886 0.472391 0.218156 -0.242457 -0.380346 -0.36254
internal_weight=10342 7273 3069 2455 3180 4093 3584 1176 1420 1674 509 1279 1506 2164 2120 400 1128 176 136 952 808 614 214 328 879 424 744 1627 1375 1323
internal_count=10342 7273 3069 2455 3180 4093 3584 1176 1420 1674 509 1279 1506 2164 2120 400 1128 176 136 952 808 614 214 328 879 424 744 1627 1375 1323
is_linear=0
shrinkage=0.05


Tree=38
num_leaves=31
num_cat=0
split_feature=8 11 0 4 16 9 2 5 9 17 15 18 16 6 7 13 6 13 9 19 9 15 13 13 2 0 9 2 9 16
split_gain=176216 41029.8 19412.9 14573.4 12153.7 9548.22 8984.17 8433.97 9627.72 7385.96 6961.35 6403.03 8086.47 7028.82 6070.6 5778.42 4841.34 6517.89 4775.91 5150.64 4745.17 4651.11 8323.07 4570.14 4503.21 4145.72 4044.22 3631.28 3542.65 3393.56
threshold=1.0000000180025095e-35 333.11500000000007 10.500000000000002 -0.60355339059327362 361.72083333333336 325.2050000000001 3.5000000000000004 0.37940952255126048 336.53000000000003 45.46741229618474 407.03500000000003 316.29500000000002 360.73443452380957 -0.70291267844185523 -0.99465740988130902 10.71449692572833 0.048362692321690152 42.659814409184754 331.17500000000007 427.56 326.38500000000005 359.85000000000008 12.52059987512361 12.273067053899736 1.5000000000000002 16.500000000000004 318.09000000000009 1.5000000000000002 315.98000000000008 353.43000000000006
decision_type=2 2 2 2 2 2 2 2 2 2 2 2 2 2 2 2 2 2 2 2 2 2 2 2 2 2 2 2 2 2
left_child=1 5 10 6 9 15 20 8 26 11 -2 12 13 -4 -6 -1 28 23 19 -9 -3 -7 -23 -18 -25 -16 29 -12 -15 -5
right_child=2 3 4 7 14 21 -8 18 -10 -11 27 -13 -14 16 25 -17 17 -19 -20 -21 -22 22 -24 24 -26 -27 -28 -29 -30 -31
leaf_value=-0.84637335783668943 -0.043597440943223695 0.066940526233912265 0.63078005700432638 -0.12625926420245606 -0.056142004543826701 0.35539823174476626 -0.049249147904849633 -0.83017882640872687 0.18134687666453317 -0.35852942236122631 0.46625543866645214 0.87577400487296453 -0.38878443498341814 -0.094258157684838861 0.6017905359496698 -0.33106330357003222 -0.029846540439341752 -0.13839817251270964 -0.15644907833687399 -0.30153476118987715 0.28956871238434634 -0.74294079806784108 -0.11840683051938178 0.65723024152795828 0.33906206136914735 0.2991021929188829 -0.043633437494407498 0.16586293107067648 0.26188844967962938 -0.38970205605049979
leaf_weight=56 366 505 154 353 42 45 872 56 355 42 132 49 42 133 791 1906 56 63 621 260 455 58 665 168 329 132 879 423 147 187
leaf_count=56 366 505 154 353 42 45 872 56 355 42 132 49 42 133 791 1906 56 63 621 260 455 58 665 168 329 132 879 423 147 187
internal_value=-3.34934e-10 -0.13407 0.317723 -0.0420097 0.400066 -0.287268 0.0669288 -0.115626 -0.051533 0.292648 0.125678 0.316618 0.291528 0.31874 0.531751 -0.345771 0.265108 0.343467 -0.236973 -0.395219 0.172457 -0.13781 -0.168508 0.398363 0.446612 0.558502 -0.109794 0.237308 0.0927188 -0.217489
internal_weight=10342 7273 3069 4543 2148 2730 1832 2711 1774 1183 921 1141 1092 1050 965 1962 896 616 937 316 960 768 723 553 497 923 1419 555 280 540
internal_count=10342 7273 3069 4543 2148 2730 1832 2711 1774 1183 921 1141 1092 1050 965 1962 896 616 937 316 960 768 723 553 497 923 1419 555 280 540
is_linear=0
shrinkage=0.05


Tree=39
num_leaves=31
num_cat=0
split_feature=11 10 5 2 0 2 7 2 15 17 5 14 9 13 9 15 19 19 7 16 12 7 4 5 11 18 19 2 9 9
split_gain=159035 39505 11902.7 11742.4 9757.17 13762.8 47755.7 11632.4 8539.1 7792.9 7674.6 7645.97 7636.94 6656.68 5884.44 5258.56 6888.43 10700.7 5134.15 9006.52 4899.82 4728.92 4688.98 4127.01 4089.63 3887.55 6995.23 3882.3 4954.67 3846.54
threshold=379.80500000000006 343.74500000000006 -0.70710678118654757 4.5000000000000009 4.5000000000000009 1.0000000180025095e-35 -0.52765736634565841 1.5000000000000002 433.27500000000003 41.239216506224551 -0.70710678118654757 304.58500000000004 326.20000000000005 10.18733216452757 333.83500000000009 431.78500000000003 447.92000000000002 443.72500000000008 0.79773375822167203 352.18330357142861 358.61270833333339 -0.99761278905001471 -0.78656609248549292 1.0000000180025095e-35 320.03500000000003 228.29500000000004 424.87000000000006 3.5000000000000004 334.13500000000005 325.69000000000005
decision_type=2 2 2 2 2 2 2 2 2 2 2 2 2 2 2 2 2 2 2 2 2 2 2 2 2 2 2 2 2 2
left_child=1 4 8 10 5 6 -1 9 13 24 -3 -11 -7 -2 23 16 17 18 21 20 -20 -15 29 -5 -6 -26 -27 28 -4 -12
right_child=2 3 27 14 7 12 -8 -9 -10 11 22 -13 -14 15 -16 -17 -18 -19 19 -21 -22 -23 -24 -25 25 26 -28 -29 -30 -31
leaf_value=-1.7326758230487778 0.8614386036478241 0.39946776826466834 0.15892986441184231 -0.10595252571333175 0.44999364193063229 -0.3430443090867808 -0.26483576996221569 -0.24423561590748905 0.60037897809527785 -0.010843017958758172 0.055950053985141773 -0.87738307419678441 -0.12552210285053395 -0.12079709448465488 0.065075297778614177 -0.25080896738916636 0.69901725937490877 -0.39420343069014729 0.067395055911610602 -0.54277764318919763 0.56538194369479833 0.43296243772188192 -0.00033387287711615074 -0.33037997378393624 -0.22313924105760974 0.36297393861994054 -0.048941313231891541 -0.0028672047550340899 0.38897910881399489 0.33125031017495887
leaf_weight=73 58 175 669 939 64 964 230 1256 422 57 283 46 694 41 407 40 115 54 122 41 83 646 1241 262 121 159 293 197 360 230
leaf_count=73 58 175 669 939 64 964 230 1256 422 57 283 46 694 41 407 40 115 54 122 41 83 646 1241 262 121 159 293 197 360 230
internal_value=1.4861e-10 -0.120873 0.318054 0.000551493 -0.229408 -0.30862 -0.618474 -0.151586 0.406922 0.00566909 0.0837294 -0.397841 -0.251995 0.338889 -0.0992309 0.31235 0.332791 0.290121 0.329728 0.13372 0.269019 0.399914 0.0522275 -0.154912 0.0709149 0.0285745 0.0959581 0.200483 0.239414 0.179379
internal_weight=10342 7494 2848 3537 3957 1961 303 1996 1622 740 1929 103 1658 1200 1608 1142 1102 987 933 246 205 687 1754 1201 637 573 452 1226 1029 513
internal_count=10342 7494 2848 3537 3957 1961 303 1996 1622 740 1929 103 1658 1200 1608 1142 1102 987 933 246 205 687 1754 1201 637 573 452 1226 1029 513
is_linear=0
shrinkage=0.05


Tree=40
num_leaves=31
num_cat=0
split_feature=8 11 0 4 16 9 13 2 9 7 17 9 18 16 6 5 7 6 13 7 13 7 5 9 14 2 9 0 9 7
split_gain=143975 33828.9 16583 12111.2 10368.8 8658.02 8317.36 7737.22 6641.26 6732.66 6450.6 6227.3 5626.3 7183.11 6235.05 5564.86 5114.27 4352.3 5715.64 4054.6 4009.75 4195.03 3863.18 3836.2 4084.9 3819.96 3719.3 3442.25 3408.57 6725.85
threshold=1.0000000180025095e-35 333.11500000000007 10.500000000000002 -0.78656609248549292 361.72083333333336 316.91500000000002 10.71449692572833 3.5000000000000004 334.13500000000005 -0.99761278905001471 45.46741229618474 320.47000000000008 316.29500000000002 360.73443452380957 -0.69057362043749781 0.37940952255126048 -0.99273797715557011 0.048362692321690152 42.659814409184754 -0.8611288361322974 12.273067053899736 -0.43733099657705293 0.25881904510252057 341.02500000000003 333.65500000000003 3.5000000000000004 326.38500000000005 16.500000000000004 307.05500000000001 0.67007489853957602
decision_type=2 2 2 2 2 2 2 2 2 2 2 2 2 2 2 2 2 2 2 2 2 2 2 2 2 2 2 2 2 2
left_child=1 5 11 7 10 6 -1 26 9 -5 12 -2 13 14 -4 -10 -6 -16 20 -8 -19 -22 -7 24 -24 -23 -3 -18 29 -11
right_child=2 3 4 8 16 22 19 -9 15 28 -12 -13 -14 -15 17 -17 27 18 -20 -21 21 25 23 -25 -26 -27 -28 -29 -30 -31
leaf_value=-1.0366441152123518 -0.074623519445166861 0.091631070334055806 0.57491480803452666 -0.74157217566085898 -0.012749749604536563 0.10865789344827939 0.090321741645986386 -0.040237439670050001 0.13557087628645187 -0.7592004938261403 -0.3444714104490621 0.20140338048287607 0.81062434370420411 -0.37822789252026096 0.070572684460316171 -0.091281140142673869 0.55114556190931496 -0.0392857021519116 -0.14083124988135839 -0.34858140607856947 0.19715278574629971 0.59948419563357203 -0.20578202367720305 0.10225083445179828 -0.71355905300233424 0.19836482960585652 0.31831576052588839 0.27428017705110197 -0.10952539698527047 -0.11964696054308691
leaf_weight=43 306 383 161 46 49 111 55 635 483 62 42 615 49 42 273 614 785 56 63 1216 161 259 1166 98 41 77 343 131 1855 122
leaf_count=43 306 383 161 46 49 111 55 635 483 62 42 615 49 42 273 614 785 56 63 1216 161 259 1166 98 41 77 343 131 1855 122
internal_value=1.34958e-10 -0.121186 0.287191 -0.0375939 0.363296 -0.260293 -0.352727 0.0872346 -0.0909853 -0.143381 0.264078 0.109694 0.286479 0.26296 0.288607 0.00859992 0.484928 0.236756 0.310405 -0.329589 0.361812 0.407006 -0.174517 -0.198603 -0.22303 0.507561 0.198729 0.51155 -0.129886 -0.335149
internal_weight=10342 7273 3069 4543 2148 2730 1314 1361 3182 2085 1183 921 1141 1092 1050 1097 965 889 616 1271 553 497 1416 1305 1207 336 726 916 2039 184
internal_count=10342 7273 3069 4543 2148 2730 1314 1361 3182 2085 1183 921 1141 1092 1050 1097 965 889 616 1271 553 497 1416 1305 1207 336 726 916 2039 184
is_linear=0
shrinkage=0.05


Tree=41
num_leaves=31
num_cat=0
split_feature=8 0 9 5 2 7 9 0 9 17 2 2 7 11 11 12 0 9 13 2 18 13 4 7 6 4 9 17 11 15
split_gain=129938 30784.7 20171.7 15595.4 14611.7 45398.2 10253.5 9139.9 7434.84 7231.15 7209.63 6886.57 6096.06 5859.41 5774.98 5695.83 5042.41 4491.93 4300.15 7088.71 6662.31 4748.46 4252.73 4239.27 9125.09 4094.5 3988.13 3514.01 3486.61 3481
threshold=1.0000000180025095e-35 4.5000000000000009 325.34000000000009 -0.5 1.0000000180025095e-35 -0.52765736634565841 325.27500000000003 21.500000000000004 335.92000000000002 45.46741229618474 3.5000000000000004 3.5000000000000004 -0.75013812021657655 329.39500000000004 336.00500000000005 352.57958333333346 11.500000000000002 331.61000000000007 12.419043150453344 1.0000000180025095e-35 305.08500000000009 24.187280294778656 -0.60355339059327362 0.31595530242620651 0.88621069759564464 -0.9159756150367534 303.99500000000006 37.371941774352024 343.48500000000007 376.99500000000006
decision_type=2 2 2 2 2 2 2 2 2 2 2 2 2 2 2 2 2 2 2 2 2 2 2 2 2 2 2 2 2 2
left_child=1 4 10 6 5 -1 9 11 26 16 22 14 15 29 -4 -8 -2 -5 20 -20 -18 -21 28 27 -25 -16 -6 -14 -3 -12
right_child=3 2 7 17 8 -7 12 -9 -10 -11 13 -13 23 -15 25 -17 18 -19 19 21 -22 -23 -24 24 -26 -27 -28 -29 -30 -31
leaf_value=-1.6260144364536755 0.11173342235072491 0.50298073786462461 0.79397969735786322 -0.053603826587674624 -0.67426140592123074 -0.23673009370899073 -0.30066575763747094 -0.15389423475420561 -0.036947050904225121 -0.37840699131290118 -0.23844815942490205 0.018048741222108568 0.78176546545318248 -0.13792191010914148 0.35063247347725673 0.3282566989490685 -0.25742052557212969 0.22843663675964554 0.82332107392139742 -0.17345047995448115 0.4982613153830171 0.3647039718427898 -0.12761219165059029 0.46193365744135617 -0.33161910861730576 0.10887619227339573 -0.25772443064699047 0.49645410925416966 0.030722405993442611 -0.49287801596715497
leaf_weight=79 423 43 40 394 60 230 40 416 425 48 356 1057 176 1123 247 360 70 220 80 45 50 460 590 384 40 602 1360 279 429 216
leaf_count=79 423 43 40 394 60 230 40 416 425 48 356 1057 176 1123 247 360 70 220 80 45 50 460 590 384 40 602 1360 279 429 216
internal_value=-6.93432e-12 -0.115127 -0.0483986 0.272831 -0.273708 -0.591919 0.329199 0.0588342 -0.220414 0.222634 -0.140268 0.10431 0.427181 -0.204269 0.206872 0.265364 0.24821 0.047453 0.330096 0.386024 0.0574469 0.31675 -0.0381197 0.500818 0.38707 0.17921 -0.275325 0.606816 0.0737459 -0.334527
internal_weight=10342 7273 5119 3069 2154 309 2455 2362 1845 1176 2757 1946 1279 1695 889 400 1128 614 705 585 120 505 1062 879 424 849 1420 455 472 572
internal_count=10342 7273 5119 3069 2154 309 2455 2362 1845 1176 2757 1946 1279 1695 889 400 1128 614 705 585 120 505 1062 879 424 849 1420 455 472 572
is_linear=0
shrinkage=0.05


Tree=42
num_leaves=31
num_cat=0
split_feature=8 0 9 0 2 7 7 16 0 9 2 2 15 0 18 16 6 15 11 7 15 17 4 4 7 13 13 9 2 17
split_gain=117269 27783.2 18205 14270.6 13187 41412.2 30890.1 8774.4 8248.76 6873.5 6506.69 6305.11 5472.52 5383.7 5258.97 6011.41 5453.87 8356.81 5073.35 4436.59 4433.27 3843.46 4232.88 3809.16 3807.87 3620.99 4625.06 3492.2 3221.43 3653.83
threshold=1.0000000180025095e-35 4.5000000000000009 325.34000000000009 10.500000000000002 1.0000000180025095e-35 -0.30982845708428081 -0.79382744783423187 360.89434523809524 21.500000000000004 326.20000000000005 3.5000000000000004 4.5000000000000009 407.03500000000003 20.500000000000004 316.29500000000002 360.53607142857146 -0.75015329512557194 429.54000000000002 336.00500000000005 -0.99465740988130902 411.88500000000005 42.04441352259056 -0.60355339059327362 -0.98296291314453399 -0.96687281075841669 11.783583696410485 14.741334363978735 312.06500000000005 3.5000000000000004 40.349681210171397
decision_type=2 2 2 2 2 2 2 2 2 2 2 2 2 2 2 2 2 2 2 2 2 2 2 2 2 2 2 2 2 2
left_child=1 4 10 12 5 6 -1 14 11 -6 21 18 -2 27 15 16 -5 20 -4 -9 -18 22 25 -20 -13 -3 -27 -12 29 -21
right_child=3 2 8 7 9 -7 -8 19 -10 -11 13 24 -14 -15 -16 -17 17 -19 23 28 -22 -23 -24 -25 -26 26 -28 -29 -30 -31
leaf_value=-0.5310312490463257 -0.055553470197250779 -0.22448521886641781 0.68534822517887084 0.52835725485247431 -0.3005559624273999 -0.16489138551300303 -2.2975337974270995 -0.063331135752655213 -0.14619952221468199 -0.10722778436093559 -0.23980241843836342 0.25691838858007382 0.19350787412870762 -0.38056860323463171 0.74365321627666003 -0.37240469022875744 0.1648008141355202 -0.33173359568629945 0.38281815838403044 0.45721640434816868 0.41625584817434452 -0.44717641875699715 -0.10584156645881844 0.11540657910139679 -0.048581511055899355 0.53577246485168439 0.080163174862187214 -0.079851341737297382 0.27725811625520386 0.74594972733044085
leaf_weight=50 366 72 47 140 975 210 49 42 416 870 618 119 555 315 49 42 616 70 156 622 245 54 560 910 714 68 308 762 189 133
leaf_count=50 366 72 47 140 975 210 49 42 416 870 618 119 555 315 49 42 616 70 156 622 245 54 560 910 714 68 308 762 189 133
internal_value=4.40092e-11 -0.109371 -0.0459786 0.25919 -0.260022 -0.562323 -1.40536 0.32979 0.0558925 -0.209393 -0.133255 0.0990941 0.0945324 -0.194055 0.236701 0.214382 0.237394 0.19364 0.176955 0.439495 0.236353 -0.0362137 -0.0141978 0.15454 -0.00493867 0.100357 0.162561 -0.151482 0.461866 0.508079
internal_weight=10342 7273 5119 3069 2154 309 99 2148 2362 1845 2757 1946 921 1695 1162 1113 1071 931 1113 986 861 1062 1008 1066 833 448 376 1380 944 755
internal_count=10342 7273 5119 3069 2154 309 99 2148 2362 1845 2757 1946 921 1695 1162 1113 1071 931 1113 986 861 1062 1008 1066 833 448 376 1380 944 755
is_linear=0
shrinkage=0.05


Tree=43
num_leaves=31
num_cat=0
split_feature=8 0 9 5 11 9 0 0 6 9 15 2 6 11 7 9 12 13 16 17 9 9 2 19 13 15 17 4 13 13
split_gain=105835 25074.3 16430 13767.6 12155.9 8923.06 8902.71 7444.51 7263.39 6174.23 5920.81 5872.29 5819.4 4998.78 4826.91 4470.69 4436.63 6789.04 5599.45 4383.45 4173.83 3914.3 3569.02 3536.4 3825 4692.87 3468.72 3820.17 3267.94 4174.11
threshold=1.0000000180025095e-35 4.5000000000000009 325.34000000000009 -0.5 300.34000000000009 339.44500000000011 11.500000000000002 21.500000000000004 0.94138322595482449 308.23000000000008 360.16000000000003 3.5000000000000004 -0.91597725483594616 329.39500000000004 -0.99465740988130902 334.22000000000008 359.33729166666672 10.18733216452757 359.83952380952383 37.461003459720608 331.61000000000007 332.37500000000006 3.5000000000000004 431.00000000000006 13.873794982644283 358.93000000000006 42.04441352259056 -0.60355339059327362 11.783583696410485 14.741334363978735
decision_type=2 2 2 2 2 2 2 2 2 2 2 2 2 2 2 2 2 2 2 2 2 2 2 2 2 2 2 2 2 2
left_child=1 4 11 6 -1 9 20 10 12 -6 -4 26 -8 -13 -11 -12 17 -14 23 -10 -2 -5 -18 24 -19 -26 27 28 -3 -30
right_child=3 2 7 21 5 -7 8 -9 19 14 15 13 16 -15 -16 -17 22 18 -20 -21 -22 -23 -24 -25 25 -27 -28 -29 29 -31
leaf_value=-0.92579368501901627 0.096772192392416315 -0.21326095648627313 0.545637976665582 -0.056548081305440479 -0.52275358952372997 0.011926232135975649 0.61201724527951562 -0.13888954735873715 0.97559771166245146 -0.77828734505921604 -0.0025737192447833866 -0.30466454518874264 0.81497210085391991 -0.12307161138528165 -0.22178057470560028 0.15188902389301354 0.45085155541625099 -0.17072014231766974 -0.25986385977268223 0.42338784252819811 0.31875353866002776 0.20957387814464928 0.19696982180895775 0.65678149670362473 0.63507542043613896 0.13963592936859487 -0.42481760092131382 -0.10054948870791124 0.5089838392156012 0.076155016950237894
leaf_weight=64 591 72 70 404 214 331 170 416 75 40 906 572 40 1123 1505 970 510 70 75 69 330 210 190 40 60 235 54 560 68 308
leaf_count=64 591 72 70 404 214 331 170 416 75 40 906 572 40 1123 1505 970 510 70 75 69 330 210 190 40 60 235 54 560 68 308
internal_value=8.62478e-11 -0.103902 -0.0436797 0.24623 -0.247021 -0.226236 0.299191 0.0530979 0.372969 -0.271052 0.0941394 -0.126592 0.33795 -0.184353 -0.236189 0.0772924 0.29976 0.189133 0.136979 0.710997 0.176309 0.0344708 0.381941 0.210469 0.161558 0.240403 -0.034403 -0.013488 0.095339 0.154433
internal_weight=10342 7273 5119 3069 2154 2090 2455 2362 1534 1759 1946 2757 1390 1695 1545 1876 1220 520 480 144 921 614 700 405 365 295 1062 1008 448 376
internal_count=10342 7273 5119 3069 2154 2090 2455 2362 1534 1759 1946 2757 1390 1695 1545 1876 1220 520 480 144 921 614 700 405 365 295 1062 1008 448 376
is_linear=0
shrinkage=0.05


Tree=44
num_leaves=31
num_cat=0
split_feature=8 5 9 5 9 14 14 0 9 0 0 6 6 9 6 4 2 6 2 17 9 2 11 2 11 15 9 14 13 11
split_gain=95516.2 22903.2 16142 12425.3 8414.76 10442 9681.05 7642.45 7535.83 5786.46 5529.9 5457.48 5378.93 4987.18 4540.68 4445.39 10830.1 14175.8 4434.86 3956.06 3541.25 3495.01 4833.86 3461.9 4874.46 3440.21 3173.04 3025.96 3003.98 2804.43
threshold=1.0000000180025095e-35 0.60355339059327384 320.47000000000008 -0.5 308.23000000000008 303.91500000000002 306.80000000000007 11.500000000000002 316.67500000000007 10.500000000000002 11.500000000000002 0.94138322595482449 -0.76141707087277943 343.79500000000007 0.15101559051660998 0.12940952255126045 1.0000000180025095e-35 0.26866988313759588 3.5000000000000004 37.461003459720608 331.61000000000007 4.5000000000000009 347.45500000000004 3.5000000000000004 359.75500000000005 401.93000000000006 343.89000000000004 328.49500000000006 10.607254350858371 369.18500000000006
decision_type=2 2 2 2 2 2 2 2 2 2 2 2 2 2 2 2 2 2 2 2 2 2 2 2 2 2 2 2 2 2
left_child=1 2 9 4 5 14 -7 -6 15 -1 13 12 25 29 -2 18 17 -17 -3 -13 -5 22 -11 24 -12 -9 28 -14 -10 -4
right_child=3 8 10 20 7 6 -8 11 26 21 23 19 27 -15 -16 16 -18 -19 -20 -21 -22 -23 -24 -25 -26 -27 -28 -29 -30 -31
leaf_value=-0.23701090455743606 -0.037748761952389034 -0.073600144233205364 -0.025073704258985075 -0.056980576305673818 0.19339386826184438 -1.0181677623488941 0.081891810707747939 0.87939129725098619 0.11793902104809172 0.54409290502468755 0.75893950317872738 0.92681782384713485 0.240428907424872 0.26900275091507603 0.55785230258479712 -0.33660874341097147 -0.31144931383278907 -1.6218784632888146 -0.36951647641331853 0.4022184488997943 0.19344173630953512 -0.12428140486815634 -0.0023532664186732715 0.06382894917202854 0.18935712160559237 0.4522667594355616 0.0218987399228401 0.43597709326649253 -0.18791459067787575 -0.32149103341385898
leaf_weight=828 64 240 1106 394 843 40 40 60 84 48 41 75 705 140 64 45 294 41 268 69 220 600 258 702 448 220 231 275 1813 86
leaf_count=828 64 240 1106 394 843 40 40 60 84 48 41 75 705 140 64 45 294 41 268 69 220 600 258 702 448 220 231 275 1813 86
internal_value=7.96807e-11 -0.098707 -0.0240234 0.233919 0.284232 -0.0200212 -0.468138 0.312396 -0.204121 -0.141467 0.0566933 0.383848 0.350522 -0.0133028 0.260052 -0.32647 -0.455817 -0.949354 -0.229713 0.675447 0.0327473 -0.0541496 0.0833638 0.134976 0.237114 0.543793 -0.153066 0.295302 -0.174371 -0.0464595
internal_weight=10342 7273 4257 3069 2455 208 80 2247 3016 1734 2523 1404 1260 1332 128 888 380 86 508 144 614 906 306 1191 489 280 2128 980 1897 1192
internal_count=10342 7273 4257 3069 2455 208 80 2247 3016 1734 2523 1404 1260 1332 128 888 380 86 508 144 614 906 306 1191 489 280 2128 980 1897 1192
is_linear=0
shrinkage=0.05


Tree=45
num_leaves=31
num_cat=0
split_feature=8 0 9 5 2 7 0 16 2 9 9 11 2 0 7 16 6 6 13 13 9 0 17 4 13 13 13 16 9 0
split_gain=86203.4 21023.8 13751.5 11478.6 10858.8 37937.1 6175.46 5927.09 5501.06 5444.52 5386.02 5382 4956.84 4259.64 4078.78 3750.86 3674.98 5190.47 4365.19 4305.61 3226.93 3148.47 3111.4 3053.28 2909.69 3733.3 2693.71 2693.49 2708.77 2690.42
threshold=1.0000000180025095e-35 4.5000000000000009 325.34000000000009 -0.70710678118654757 1.0000000180025095e-35 -0.52765736634565841 21.500000000000004 361.72083333333336 2.5000000000000004 320.38000000000005 335.92000000000002 344.60500000000008 3.5000000000000004 20.500000000000004 -0.99273797715557011 360.73443452380957 -0.75015329512557194 -0.52766804058324157 42.659814409184754 37.396318979479872 303.99500000000006 10.500000000000002 42.04441352259056 -0.60355339059327362 11.783583696410485 14.741334363978735 37.162828750675423 371.35380952380962 335.65000000000003 11.500000000000002
decision_type=2 2 2 2 2 2 2 2 2 2 2 2 2 2 2 2 2 2 2 2 2 2 2 2 2 2 2 2 2 2
left_child=1 4 12 7 5 -1 8 15 11 -5 20 -4 22 21 -9 16 -2 -18 19 -19 -6 -14 23 24 -3 -26 -27 -10 -29 -16
right_child=3 2 6 9 10 -7 -8 14 27 -11 -12 -13 13 -15 29 -17 17 18 -20 -21 -22 -23 -24 -25 25 26 -28 28 -30 -31
leaf_value=-1.4444488195254457 0.49200658397097696 -0.20387476233558521 0.6759298722392747 -0.046582404254834259 -0.58446730464696894 -0.17444901790955791 -0.12494894943710488 -0.079673876790773313 0.09575130567408266 0.17753810043133261 -0.022724487878820476 0.16267942622914694 -0.22387307567383954 -0.33345201685610748 0.29522794387267748 -0.24252505146321798 -0.22319329827318365 0.19786538799895745 -0.13232403695583345 0.47011902148232743 -0.20978413412593963 -0.069125904018624826 -0.39954120869989751 -0.087807233856126141 0.47838707044720652 -0.080749191378096219 0.21500879817713914 -0.16790830383647962 0.044428936286181539 0.49146220362007631
leaf_weight=79 126 72 56 404 60 230 416 42 698 823 425 581 540 315 262 42 66 504 72 204 1360 840 54 560 68 152 156 266 345 524
leaf_count=79 126 72 56 404 60 230 416 42 698 823 425 581 540 315 262 42 66 504 72 204 1360 840 54 560 68 152 156 266 345 524
internal_value=-1.70623e-10 -0.0937717 -0.0386275 0.222223 -0.224822 -0.499142 0.0499106 0.301144 0.0872907 0.103745 -0.178879 0.2078 -0.114481 -0.167548 0.400398 0.220096 0.240086 0.202565 0.238591 0.276311 -0.225616 -0.129679 -0.029782 -0.00997343 0.0873188 0.143079 0.0690503 0.0286469 -0.0480125 0.426051
internal_weight=10342 7273 5119 3069 2154 309 2362 1842 1946 1227 1845 637 2757 1695 828 1014 972 846 780 708 1420 1380 1062 1008 448 376 308 1309 611 786
internal_count=10342 7273 5119 3069 2154 309 2362 1842 1946 1227 1845 637 2757 1695 828 1014 972 846 780 708 1420 1380 1062 1008 448 376 308 1309 611 786
is_linear=0
shrinkage=0.05


Tree=46
num_leaves=31
num_cat=0
split_feature=8 0 9 0 2 7 9 15 12 6 13 0 7 9 6 2 11 9 14 12 17 19 16 9 12 15 9 4 17 7
split_gain=77798.6 18974 12410.7 10714.2 9800.04 34238.2 7311.99 5930.37 5863.21 6817.29 5584.9 5510.47 5394.74 5026.55 4990.31 4473.54 3971.08 3837.98 3810.92 7698.18 5680.43 5353.19 3819.33 3643.51 3610.19 3082.15 3040.48 3008.4 2808.04 2791.89
threshold=1.0000000180025095e-35 4.5000000000000009 325.34000000000009 9.5000000000000018 1.0000000180025095e-35 -0.52765736634565841 325.69000000000005 360.16000000000003 375.21645833333338 0.92273069556937592 37.162828750675423 21.500000000000004 -0.99052477729077237 326.20000000000005 0.01505151768384008 3.5000000000000004 329.39500000000004 334.22000000000008 300.90500000000003 321.94625000000002 37.044101631913186 427.56 354.32372023809529 336.97000000000008 343.02125000000007 378.41500000000008 302.28500000000003 -0.60355339059327362 42.04441352259056 0.79773375822167203
decision_type=2 2 2 2 2 2 2 2 2 2 2 2 2 2 2 2 2 2 2 2 2 2 2 2 2 2 2 2 2 2
left_child=1 4 15 23 5 -1 8 27 9 10 18 17 14 -6 -8 28 25 -9 26 -20 21 -21 -22 -2 -14 -17 -5 -4 -3 -23
right_child=3 2 7 6 13 -7 12 11 -10 -11 -12 -13 24 -15 -16 16 -18 -19 19 20 22 29 -24 -25 -26 -27 -28 -29 -30 -31
leaf_value=-1.3722263543760476 -0.043113904280211543 -0.0094747589475503904 0.7686801207996905 0.053339284161726633 -0.2478939812057771 -0.16572656547124298 -0.44739769323728978 -0.0065764880201020686 -0.29411854895643047 0.83886456744745375 0.31586013187920969 -0.13783750625755262 0.83884855210781106 -0.082567951353072822 0.34240546077489853 -0.18031839332751537 -0.1045515597751074 0.13653934608806481 -0.63370887227356443 0.076741030094713253 0.10685462872808178 -0.12008717722880345 0.54052857824347234 0.24435027423411762 0.35529944390085538 -0.42288663178095087 0.57976791104301817 0.18691958972811701 -0.37956414791858861 -0.68568791816942398
leaf_weight=79 470 1008 40 48 975 230 40 906 64 40 432 396 40 870 40 369 1123 970 40 248 120 48 88 144 1103 203 64 50 54 40
leaf_count=79 470 1008 40 48 975 230 40 906 64 40 432 396 40 870 40 369 1123 970 40 248 120 48 88 144 1103 203 64 50 54 40
internal_value=9.88607e-13 -0.0890831 -0.0366961 0.211112 -0.213581 -0.474184 0.257832 0.0474151 0.171858 0.197391 0.174643 0.0316467 0.34444 -0.169935 -0.0524961 -0.108757 -0.159171 0.0674226 0.0869917 0.0357548 0.08498 -0.0421426 0.290332 0.0243044 0.372222 -0.266405 0.354156 0.44548 -0.0282929 -0.377178
internal_weight=10342 7273 5119 3069 2154 309 2455 2362 1232 1168 1128 2272 1223 1845 80 2757 1695 1876 696 584 544 336 208 614 1143 572 112 90 1062 88
internal_count=10342 7273 5119 3069 2154 309 2455 2362 1232 1168 1128 2272 1223 1845 80 2757 1695 1876 696 584 544 336 208 614 1143 572 112 90 1062 88
is_linear=0
shrinkage=0.05


Tree=47
num_leaves=31
num_cat=0
split_feature=8 5 9 5 17 0 9 0 6 9 0 6 13 13 16 6 4 2 10 17 2 6 9 15 13 2 9 2 9 11
split_gain=70213.2 17558.3 12676.8 10135.4 7508.04 6397.43 6082.21 5182.8 5028.28 4481.41 4146.1 4005.63 3916.31 6252.61 5551.11 4006.56 3717.94 9391.29 12814.3 3541.54 3519.94 3111.64 3776.52 3047.33 2981.69 2980.94 2886.42 2875.84 2833.41 2659.49
threshold=1.0000000180025095e-35 0.60355339059327384 316.91500000000002 -0.5 45.46741229618474 11.500000000000002 316.67500000000007 11.500000000000002 0.94138322595482449 343.79500000000007 10.500000000000002 -0.95244167294248061 10.18733216452757 13.508478702830866 368.90068452380962 0.40614137006726808 0.12940952255126045 1.0000000180025095e-35 307.04500000000002 36.930656204259527 3.5000000000000004 -0.79384350655589164 307.05500000000001 407.03500000000003 10.607254350858371 1.5000000000000002 320.38000000000005 3.5000000000000004 343.89000000000004 362.12500000000006
decision_type=2 2 2 2 2 2 2 2 2 2 2 2 2 2 2 2 2 2 2 2 2 2 2 2 2 2 2 2 2 2
left_child=1 2 10 4 5 23 16 9 11 -4 -1 -7 -13 14 15 -14 20 18 -18 -10 -3 22 -12 -2 -8 -25 -5 29 -26 -9
right_child=3 6 7 26 -6 8 24 27 19 -11 21 12 13 -15 -16 -17 17 -19 -20 -21 -22 -23 -24 25 28 -27 -28 -29 -30 -31
leaf_value=-0.2275489653993252 0.03795862806870727 -0.05927649598481366 -0.049174360573635278 -0.1359587331182591 -0.3731943242872755 0.55570498795463485 0.14896165640963305 0.50346719072200352 0.8958587399808069 0.24816544830266918 -0.66862593709036366 0.72169628991021062 -0.4920563038495871 0.291029299494937 0.41823083387480847 0.1216905145512687 -0.2543837229872859 -0.27069896414850642 -1.475055470646814 0.39290056527104406 -0.32290740223990672 -0.016422026641567816 -0.083665163776317206 0.43364844094453892 -0.16429632318933518 0.1612500341172286 0.094774142418337037 0.053184827423513076 0.024197718874035806 0.16271666148522571
leaf_weight=689 351 240 1336 202 48 130 91 65 60 140 43 45 65 1030 45 45 43 294 43 84 268 658 77 132 1813 420 412 768 224 481
leaf_count=689 351 240 1336 202 48 130 91 65 60 140 43 45 65 1030 45 45 43 294 43 84 268 658 77 132 1813 420 412 768 224 481
internal_value=-5.35708e-11 -0.0846289 -0.0192379 0.200556 0.245997 0.258345 -0.176927 0.0433277 0.321507 -0.0209714 -0.138228 0.291758 0.263861 0.246475 -0.0495948 -0.240978 -0.286843 -0.405135 -0.86472 0.602466 -0.198357 -0.0591245 -0.293276 0.153145 -0.131059 0.226389 0.0188653 0.115554 -0.143568 0.203282
internal_weight=10342 7273 4257 3069 2455 2407 3016 2790 1504 1476 1467 1360 1230 1185 155 110 888 380 86 144 508 778 120 903 2128 552 614 1314 2037 546
internal_count=10342 7273 4257 3069 2455 2407 3016 2790 1504 1476 1467 1360 1230 1185 155 110 888 380 86 144 508 778 120 903 2128 552 614 1314 2037 546
is_linear=0
shrinkage=0.05


Tree=48
num_leaves=31
num_cat=0
split_feature=8 5 17 9 9 5 0 11 6 13 13 6 6 9 2 9 16 6 17 9 13 9 7 18 7 15 4 2 9 7
split_gain=63367.4 15912 9271.82 9150.66 8908.64 8744.61 5773.68 4750.91 4538.02 4431.41 6074.65 22565.5 3814.03 3766.92 3654.05 3475.32 3339.52 3307.9 3256.52 3254.59 3897.06 3210.59 3374.78 6126.86 4597.82 3044.82 2830.9 3422.02 2803.11 2651.94
threshold=1.0000000180025095e-35 0.25881904510252057 45.46741229618474 318.8250000000001 316.91500000000002 -0.5 11.500000000000002 300.34000000000009 0.94138322595482449 10.607254350858371 12.386566716141798 0.048362692321690152 -0.66528616069191593 298.98500000000007 3.5000000000000004 343.89000000000004 359.081755952381 -0.54220184589352438 37.461003459720608 321.54500000000007 34.473321924859782 338.81000000000006 0.43540432083943431 316.00500000000005 0.91159213926341531 410.45000000000005 -0.37940952255126065 3.5000000000000004 334.57500000000005 0.94909129669788206
decision_type=2 2 2 2 2 2 2 2 2 2 2 2 2 2 2 2 2 2 2 2 2 2 2 2 2 2 2 2 2 2
left_child=1 3 5 16 7 6 28 -3 12 -6 11 -11 19 -9 -5 25 -1 -14 -10 -8 -21 22 23 -19 -24 -12 27 -15 -2 -7
right_child=2 4 -4 14 9 29 8 13 18 10 15 -13 17 26 -16 -17 -18 21 -20 20 -22 -23 24 -25 -26 -27 -28 -29 -30 -31
leaf_value=-0.062201469291266014 0.088864254401756257 -0.75541496064927849 -0.42491720182200271 0.16928067464192786 0.19128306754219992 0.070428101120024733 0.20360875529297831 -0.71007376968860625 0.80040860875447606 -1.2895073199272158 -0.028728355852743755 -0.025232600035766762 -0.11672543831742728 0.049565069547664098 0.022891362429818735 0.065777172225716649 -0.28844314035484375 0.17540516068778622 0.32444590888917446 0.94668705940246589 0.42787472280094757 0.42451066131570514 0.44065461646190829 -0.43649296995997428 0.12618796767585952 -0.14921304575794786 -0.26801813674143904 -0.25058984187594857 0.2825428979146774 -0.25694658138922283
leaf_weight=972 639 45 60 696 130 532 115 40 75 50 780 120 65 186 1100 320 196 225 69 45 185 210 235 50 230 1600 844 194 264 70
leaf_count=972 639 45 60 696 130 532 115 40 75 50 780 120 65 186 1100 320 196 225 69 45 185 210 235 50 230 1600 844 194 264 70
internal_value=-4.25121e-11 -0.0803975 0.190528 0.00877367 -0.141735 0.2028 0.245428 -0.250572 0.305431 -0.0942456 -0.107179 -0.397078 0.27717 -0.232599 0.0796213 -0.088926 -0.100167 0.228353 0.572343 0.420791 0.529381 0.251964 0.202998 0.064151 0.285112 -0.109726 -0.216996 -0.103672 0.145488 0.0323613
internal_weight=10342 7273 3069 2964 4309 3009 2407 1309 1504 3000 2870 170 1360 1264 1796 2700 1168 1015 144 345 230 950 740 275 465 2380 1224 380 903 602
internal_count=10342 7273 3069 2964 4309 3009 2407 1309 1504 3000 2870 170 1360 1264 1796 2700 1168 1015 144 345 230 950 740 275 465 2380 1224 380 903 602
is_linear=0
shrinkage=0.05


Tree=49
num_leaves=31
num_cat=0
split_feature=8 4 9 0 2 11 2 5 9 17 6 6 16 9 14 18 14 16 13 0 11 9 7 12 9 9 17 7 14 12
split_gain=57189.1 15021.2 11179.5 8450.17 8208.52 9691.93 6628.61 6083.68 5756.34 6517.96 6301.39 7781.77 5540.5 4299.56 3892.3 6184.54 4672.05 4033.33 3297.21 3206.91 6189.83 3109.13 4401.06 6396.76 3047.96 3031.91 2865.76 2833.28 2726.77 2704.88
threshold=1.0000000180025095e-35 -0.60355339059327362 321.37000000000006 9.5000000000000018 4.5000000000000009 337.52500000000003 3.5000000000000004 0.37940952255126048 318.24500000000006 39.724853079941902 0.9550229469509578 0.90892735371523092 360.80937500000005 311.61500000000007 310.28000000000003 301.55000000000001 300.90500000000003 338.69247023809527 43.417644145584383 4.5000000000000009 300.34000000000009 341.02500000000003 -0.98212955754013376 365.37750000000005 308.23000000000008 336.97000000000008 43.550918203932532 -0.99628250747696534 329.98500000000007 358.61270833333339
decision_type=2 2 2 2 2 2 2 2 2 2 2 2 2 2 2 2 2 2 2 2 2 2 2 2 2 2 2 2 2 2
left_child=1 4 19 25 5 -1 8 -4 12 10 11 18 14 -8 15 16 -5 -18 27 20 -3 22 23 -9 -22 -2 -7 -10 -6 -15
right_child=3 2 7 6 28 26 13 21 9 -11 -12 -13 -14 29 -16 -17 17 -19 -20 -21 24 -23 -24 -25 -26 -27 -28 -29 -30 -31
leaf_value=0.76844117666594691 -0.046398151961922776 -0.8895596402883531 0.02746930830122727 0.32794833247740329 -0.12567293297752744 0.10400957523599359 -0.39052417345810686 -0.9401459995213719 -0.12759744465351106 0.55442132866630955 0.5700084407104562 -0.24946398272179071 -0.38733485050809885 0.49977839505299926 -0.12635012422899969 0.66082235418467061 -0.42883681683257846 0.11897574072354473 -0.18009365683421494 -0.15838091112418207 -0.41578581848782359 0.014079105746032312 -0.1279927825235477 -0.099239139576746654 -0.19715625989641994 0.21583161659461136 -0.32660997927188878 0.30284210123446198 0.095213374201474452 0.068931799271490943
leaf_weight=55 470 40 1206 176 693 1133 48 42 40 240 151 80 48 40 88 72 48 112 40 1307 214 357 1337 49 625 144 40 864 175 408
leaf_count=55 470 40 1206 176 693 1133 48 42 40 240 151 80 48 40 88 72 48 112 40 1307 214 357 1337 49 625 144 40 864 175 408
internal_value=-1.31767e-11 -0.0763776 -0.122099 0.181002 0.0365523 0.119742 0.222494 -0.0592848 0.263834 0.316978 0.268478 0.224014 0.125604 0.059214 0.175243 0.240292 0.150179 -0.045368 0.26414 -0.208045 -0.281892 -0.117899 -0.150893 -0.48735 -0.252921 0.015102 0.0893252 0.283796 -0.0811394 0.1074
internal_weight=10342 7273 5177 3069 2096 1228 2455 2991 1959 1415 1175 1024 544 496 496 408 336 160 944 2186 879 1785 1428 91 839 614 1173 904 868 448
internal_count=10342 7273 5177 3069 2096 1228 2455 2991 1959 1415 1175 1024 544 496 496 408 336 160 944 2186 879 1785 1428 91 839 614 1173 904 868 448
is_linear=0
shrinkage=0.05


Tree=50
num_leaves=31
num_cat=0
split_feature=8 5 9 17 5 0 7 7 2 11 0 13 13 16 2 13 9 9 16 9 14 14 11 15 12 13 13 18 9 19
split_gain=51613.2 13748.3 9662.32 8184.37 7589.67 4975.1 4859.01 4579.17 11144.2 5296.67 4348.17 4269.78 4923.34 8714.02 4123.92 6173.57 3925.99 3823.33 3657.73 3187.67 4268.87 3031.08 2586.88 2564.38 2466.69 2460.1 2409.14 2395.12 2372.62 2306.82
threshold=1.0000000180025095e-35 0.60355339059327384 316.91500000000002 45.46741229618474 -0.5 11.500000000000002 -0.84313311835787952 -0.70289845916694649 1.5000000000000002 300.34000000000009 11.500000000000002 10.18733216452757 11.783583696410485 368.90068452380962 1.0000000180025095e-35 24.514388501824918 308.23000000000008 343.79500000000007 359.081755952381 298.98500000000007 300.66500000000002 305.08500000000009 369.18500000000006 433.87500000000006 359.48770833333339 12.597542009912422 10.790393427095889 280.24000000000007 308.23000000000008 428.49500000000006
decision_type=2 2 2 2 2 2 2 2 2 2 2 2 2 2 2 2 2 2 2 2 2 2 2 2 2 2 2 2 2 2
left_child=1 2 18 4 5 23 -3 8 -8 -9 17 -7 13 -13 25 -16 -11 22 19 -1 -21 -20 -4 -2 27 -14 -12 -17 -27 -6
right_child=3 6 10 -5 29 11 7 9 -10 16 26 12 14 -15 15 24 -18 -19 21 20 -22 -23 -24 -25 -26 28 -28 -29 -30 -31
leaf_value=-0.44746418787439457 0.084904187947013043 -0.0050139794654305622 -0.026768438872005793 -0.40627700172364717 -0.10614493846894929 0.711310032714497 -1.076709851186024 0.35171639872999982 -0.18794519063916856 -0.35024264986737758 0.47866468599864415 -0.41008800179830623 0.2325293090939522 0.41106913341519741 -0.10389117430185989 0.27512988155862939 -0.14967352658518512 0.22962406709324568 -0.65814537598441047 0.14871617008246851 -0.10927249694604789 -0.20849772248558743 -0.31027083668078104 0.28639309151719011 0.33296543383767624 0.41677235575392846 0.093780230479600477 -0.0850583258420229 0.93341484990715973 0.097913370458071414
leaf_weight=58 699 462 1250 60 216 55 48 49 133 277 42 70 40 60 105 120 2047 140 48 191 999 171 86 204 889 40 1272 75 50 386
leaf_count=58 699 462 1250 60 216 55 48 49 133 277 42 70 40 60 105 120 2047 140 48 191 999 171 86 204 889 40 1272 75 50 386
internal_value=-1.65697e-12 -0.0725587 -0.0146957 0.171952 0.183482 0.223194 -0.154231 -0.181223 -0.42364 -0.162733 0.0399268 0.278894 0.262481 -0.0310924 0.291415 0.262182 -0.17358 -0.0189678 -0.118579 -0.0855059 -0.0678642 -0.307051 -0.0450178 0.130423 0.297641 0.558791 0.106082 0.136596 0.703796 0.0246964
internal_weight=10342 7273 4257 3069 3009 2407 3016 2554 181 2373 2790 1504 1449 130 1319 1189 2324 1476 1467 1248 1190 219 1336 903 1084 130 1314 195 90 602
internal_count=10342 7273 4257 3069 3009 2407 3016 2554 181 2373 2790 1504 1449 130 1319 1189 2324 1476 1467 1248 1190 219 1336 903 1084 130 1314 195 90 602
is_linear=0
shrinkage=0.05


Tree=51
num_leaves=31
num_cat=0
split_feature=5 2 0 4 9 9 2 11 16 9 14 6 18 18 11 9 7 6 12 9 9 16 13 12 7 16 17 12 15 17
split_gain=46674.2 20964.8 8854.84 8593.84 7779.24 6534.81 6211.06 6886.46 5276.56 5132.94 11040.6 5943.74 6600.42 9498.02 4827.01 5859.9 4812.62 4557.09 4411.82 4163.8 3604.12 3507.53 3287.24 3160.73 4827.2 9314.78 3077.99 6319.61 2995.68 2784.93
threshold=1.0000000180025095e-35 3.5000000000000004 10.500000000000002 -0.60355339059327362 339.44500000000011 312.06500000000005 4.5000000000000009 337.52500000000003 344.01889880952382 308.23000000000008 303.91500000000002 -0.70291267844185523 317.93000000000006 315.67500000000007 300.34000000000009 308.23000000000008 -0.99761278905001471 0.048362692321690152 342.59229166666677 338.97000000000008 310.04000000000002 373.57255952380962 33.564592187906605 358.23187500000006 0.80798785254895478 347.14916666666676 41.866300447412648 377.18395833333341 410.45000000000005 39.724853079941902
decision_type=2 2 2 2 2 2 2 2 2 2 2 2 2 2 2 2 2 2 2 2 2 2 2 2 2 2 2 2 2 2
left_child=1 2 19 6 14 -3 7 -2 -7 10 17 29 13 20 -5 18 -17 -4 -16 -1 -13 -14 -8 24 -22 -26 -10 -28 -18 -11
right_child=3 5 9 4 -6 8 22 -9 26 11 -12 12 21 -15 15 16 28 -19 -20 -21 23 -23 -24 -25 25 -27 27 -29 -30 -31
leaf_value=0.023698650249441403 0.65182027244294183 -0.16532381897875248 -0.1091084282224377 -0.57869667899277477 0.021597563412509999 0.42407053607804263 -0.079360911274367632 0.042646005041541507 0.034883132753930117 0.30422426481242804 -0.58197105791685844 0.66059746235609063 0.52211101769714563 -0.43436480682576079 -0.26731762019266297 -0.65212435066699992 -0.075653658864598794 0.51984387251238029 -0.70445553334695954 0.29462926377932175 0.19581812027972775 0.24687119812353867 -0.41903847831611829 0.26848965059869201 0.15014701089356097 -0.73089307111998403 -0.66262474872637545 0.14872750031451384 -0.18002804927242255 0.56675153220338481
leaf_weight=808 49 516 48 72 603 84 276 872 1536 184 56 40 232 64 329 45 1300 72 70 172 256 231 96 424 80 48 48 48 1459 224
leaf_count=808 49 516 48 72 603 84 276 872 1536 184 56 40 232 64 329 45 1300 72 70 172 256 231 96 424 80 48 48 48 1459 224
internal_value=-4.2679e-10 0.10622 0.193955 -0.10622 -0.14344 -0.00930634 0.00541006 0.0750559 0.037608 0.25534 -0.00226605 0.280768 0.23104 0.152985 -0.173827 -0.164725 -0.139214 0.268263 -0.344008 0.0712497 0.197313 0.384788 -0.16702 0.174379 0.0704644 -0.180243 0.0177166 -0.256949 -0.130848 0.448357
internal_weight=10342 5171 2939 5171 3878 2232 1293 921 1716 1959 176 1783 1375 912 3275 3203 2804 120 399 980 848 463 372 808 384 128 1632 96 2759 408
internal_count=10342 5171 2939 5171 3878 2232 1293 921 1716 1959 176 1783 1375 912 3275 3203 2804 120 399 980 848 463 372 808 384 128 1632 96 2759 408
is_linear=0
shrinkage=0.05


Tree=52
num_leaves=31
num_cat=0
split_feature=5 2 9 0 9 16 13 12 6 6 19 19 13 6 15 13 13 6 2 4 9 11 2 9 7 17 12 5 17 9
split_gain=42123.4 18920.7 8110.47 7991.49 5897.67 4762.1 4665.62 6696.3 4953.23 5512.86 7520.91 4656.57 7670.68 7486.21 6285.16 4360.72 4691.6 15599.7 4259.69 4047.52 3757.83 3530.59 3230.51 3067.59 2781.43 2777.89 5703.45 2758.54 2682.73 3356.03
threshold=1.0000000180025095e-35 3.5000000000000004 316.91500000000002 10.500000000000002 312.06500000000005 344.01889880952382 10.18733216452757 358.61270833333339 0.94138322595482449 -0.91597725483594616 443.72500000000008 433.93500000000006 13.021684273779085 0.59177612190863982 358.93000000000006 10.607254350858371 12.386566716141798 0.048362692321690152 1.0000000180025095e-35 -0.37940952255126065 338.97000000000008 300.34000000000009 1.5000000000000002 334.13500000000005 -0.75013812021657655 41.866300447412648 377.18395833333341 -0.70710678118654757 40.048549066800589 334.22000000000008
decision_type=2 2 2 2 2 2 2 2 2 2 2 2 2 2 2 2 2 2 2 2 2 2 2 2 2 2 2 2 2 2
left_child=1 3 19 20 -3 -6 -5 8 9 -8 11 12 13 -11 -14 -4 17 -17 -18 22 24 -21 -2 -20 -1 27 -27 -7 29 -9
right_child=2 4 15 6 5 25 7 28 -10 10 -12 -13 14 -15 -16 16 18 -19 23 21 -22 -23 -24 -25 -26 26 -28 -29 -30 -31
leaf_value=-0.21884767171801425 0.095345973994496264 -0.15705762850874205 0.19902042912271545 0.59837013117291715 0.40286700767243194 0.10014506684198449 0.55779630738709662 0.17609435753675184 0.65302743069827562 -0.63955963295367035 -0.56161916255950928 0.44401493082754317 0.44189490834871931 0.16656980526944001 0.012913744114307887 -0.98118596325318019 0.27147795657316842 -0.021593084587948397 -0.10606327701571901 -0.69085045185956095 0.27989780025686634 -0.23324612834033998 -0.16903822681441938 -0.0047727953701194844 0.058169378260605635 -0.62949351373439033 0.14129112514201553 -0.033867114080415678 0.46596066530865549 0.36923608713550493
leaf_weight=104 172 516 156 88 84 768 56 479 40 72 48 80 120 48 296 60 96 144 1920 44 172 1003 352 1224 704 48 48 768 208 424
leaf_count=104 172 516 156 88 84 768 56 479 40 72 48 80 120 48 296 60 96 144 1920 44 172 1003 352 1224 704 48 48 768 208 424
internal_value=-4.47127e-11 0.100909 -0.100909 0.184258 -0.00884102 0.0357276 0.242573 0.225838 0.111471 0.0813847 0.0412054 0.0881787 0.0350689 -0.317108 0.136658 -0.059543 -0.071255 -0.303826 -0.0566116 -0.1957 0.0676873 -0.252477 -0.0822556 -0.0666296 0.0225137 0.0168307 -0.244101 0.033139 0.304073 0.266783
internal_weight=10342 5171 5171 2939 2232 1716 1959 1871 760 720 664 616 536 120 416 3600 3444 204 3240 1571 980 1047 524 3144 808 1632 96 1536 1111 903
internal_count=10342 5171 5171 2939 2232 1716 1959 1871 760 720 664 616 536 120 416 3600 3444 204 3240 1571 980 1047 524 3144 808 1632 96 1536 1111 903
is_linear=0
shrinkage=0.05


Tree=53
num_leaves=31
num_cat=0
split_feature=5 2 4 0 9 2 11 9 9 14 6 18 18 16 13 13 7 6 10 6 9 15 2 9 16 12 13 11 9 18
split_gain=38016.4 17076 7505.94 7212.32 6504.11 5440.79 6223.27 5322.65 4513.81 9484.66 4939.86 5451.09 8298.17 4297.79 4016.49 7227.85 45098.7 3931.34 3648.77 3907.16 3392.23 7372.75 7495.88 3391.44 3168.91 3041.98 2957.8 2921.8 2665.3 5283.84
threshold=1.0000000180025095e-35 3.5000000000000004 -0.60355339059327362 10.500000000000002 339.44500000000011 4.5000000000000009 337.52500000000003 312.06500000000005 308.23000000000008 303.91500000000002 -0.70291267844185523 317.93000000000006 315.67500000000007 344.01889880952382 10.322301615318512 12.273067053899736 -0.61236746317008228 0.048362692321690152 424.31500000000005 0.94138322595482449 311.84500000000008 352.43500000000006 1.5000000000000002 338.97000000000008 373.57255952380962 356.35958333333332 33.564592187906605 303.74500000000006 321.37000000000006 154.41500000000005
decision_type=2 2 2 2 2 2 2 2 2 2 2 2 2 2 2 2 2 2 2 2 2 2 2 2 2 2 2 2 2 2
left_child=1 3 5 23 14 6 -2 -3 9 17 -10 12 18 -9 -4 16 -16 -5 19 25 21 27 -23 -1 -13 -12 -7 -17 29 -15
right_child=2 7 4 8 -6 26 -8 13 10 -11 11 24 -14 28 15 20 -18 -19 -20 -21 -22 22 -24 -25 -26 -27 -28 -29 -30 -31
leaf_value=0.02138803267361894 0.62193523545046248 -0.14920474669061079 0.12924157970736169 -0.11088990153123934 0.020258550459571544 -0.069771696559779439 0.042836411329121929 0.38272365824807264 0.40707172079459203 -0.54843187265630278 0.074533169491244972 0.47920333317898473 -0.41097838617861271 -0.5850993757679438 -1.8809297239238565 0.3046993497759104 -0.1585663102407803 0.47328651850111786 -0.15597373170123713 0.64364077017015342 -0.1162114682210717 -0.85901643273731088 -0.28053802207356232 0.26590291016063716 0.21758672174563212 0.27963765747527403 -0.39197901338920932 -0.13077320435490364 0.054327612816317317 -0.028682291138102303
leaf_weight=808 49 516 117 48 603 276 872 84 408 56 344 232 64 48 44 48 279 72 74 49 2268 72 252 172 231 381 96 195 1200 384
leaf_count=808 49 516 117 48 603 276 872 84 408 56 344 232 64 48 44 48 279 72 74 49 2268 72 252 172 231 381 96 195 1200 384
internal_value=-2.05728e-11 0.0958635 -0.0958635 0.175045 -0.130648 0.00846187 0.0736462 -0.00839897 0.230444 -0.0111265 0.254289 0.208955 0.138021 0.0339412 -0.158433 -0.169091 -0.393192 0.239616 0.179455 0.211524 -0.143558 -0.252945 -0.409089 0.0643029 0.348678 0.182319 -0.152922 -0.0447539 0.0159892 -0.0905064
internal_weight=10342 5171 5171 2939 3878 1293 921 2232 1959 176 1783 1375 912 1716 3275 3158 323 120 848 774 2835 567 324 980 463 725 372 243 1632 432
internal_count=10342 5171 5171 2939 3878 1293 921 2232 1959 176 1783 1375 912 1716 3275 3158 323 120 848 774 2835 567 324 980 463 725 372 243 1632 432
is_linear=0
shrinkage=0.05


Tree=54
num_leaves=31
num_cat=0
split_feature=5 4 2 9 2 11 9 13 13 2 16 15 6 9 13 9 16 9 9 0 18 6 9 13 12 13 13 6 15 18
split_gain=34389.8 11927.2 10786.7 8064.3 7287.67 6102.87 4819.39 4582.17 5087.57 4338.31 4375.4 4298.59 4244.13 4597.06 3985.45 3691.72 3585 3232.14 3419.77 4917.72 3175.14 3096.97 3733.22 3925.16 4828.37 3070.78 3427.87 14065.9 2725.02 6228.87
threshold=-0.5 -0.60355339059327362 3.5000000000000004 316.67500000000007 3.5000000000000004 342.00500000000005 343.89000000000004 37.162828750675423 10.18733216452757 2.5000000000000004 370.35922619047625 341.83500000000009 -0.73866753694953124 321.83500000000004 42.554963238344357 312.06500000000005 344.01889880952382 298.98500000000007 315.98000000000008 4.5000000000000009 305.55500000000001 -0.54220184589352438 339.92000000000002 11.707351713503803 343.55062500000003 10.607254350858371 12.386566716141798 0.048362692321690152 364.61000000000007 228.29500000000004
decision_type=2 2 2 2 2 2 2 2 2 2 2 2 2 2 2 2 2 2 2 2 2 2 2 2 2 2 2 2 2 2
left_child=2 4 7 17 5 -2 25 8 -1 14 -11 -10 13 -13 -9 20 -17 -3 -19 -20 -4 -14 23 24 -23 -5 27 -27 29 -25
right_child=1 3 15 6 -6 -7 -8 9 11 10 -12 12 21 -15 -16 16 -18 18 19 -21 -22 22 -24 28 -26 26 -28 -29 -30 -31
leaf_value=0.50931589154272594 0.58850794893514835 -0.63147575074214157 -0.061053115128704941 0.14814522103829816 -0.072465020513314743 0.086975408855161473 0.10534277464482503 0.30986593089102971 -0.2592705688232349 0.35730489664478227 0.87081835057054247 0.060964030834535755 -0.19245962937362493 0.70826811328879558 0.014764453017510878 0.46079363074552804 0.050571415589066054 -0.17379061522965741 -0.8728596989742734 -0.16075817352091826 -0.53492817549034954 -0.51555585392883851 0.34369064024871304 -0.18273300441602869 0.2036973048001528 -0.97726533144712457 -0.084003098065232637 -0.025551469949299868 0.057963052577557683 0.49120205964272223
leaf_weight=88 64 44 304 132 930 1161 363 408 72 160 56 48 80 64 159 56 1088 1254 44 54 40 56 168 48 40 55 2662 132 392 120
leaf_count=88 64 44 304 132 930 1161 363 408 72 160 56 48 80 64 159 56 1088 1254 44 54 40 56 168 48 40 55 2662 132 392 120
internal_value=-1.44743e-10 -0.0644668 0.128952 -0.108808 0.0330629 0.113178 -0.0666699 0.206039 0.143641 0.299754 0.490438 0.114065 0.140522 0.430852 0.227113 0.0274656 0.0706522 -0.209746 -0.196021 -0.480477 -0.116155 0.104552 0.133388 0.0795295 -0.215867 -0.0876161 -0.0985394 -0.305467 0.130169 0.298649
internal_weight=10342 6895 3447 4740 2155 1225 3344 1959 1176 783 216 1088 1016 112 567 1488 1144 1396 1352 98 344 904 824 656 96 2981 2849 187 560 168
internal_count=10342 6895 3447 4740 2155 1225 3344 1959 1176 783 216 1088 1016 112 567 1488 1144 1396 1352 98 344 904 824 656 96 2981 2849 187 560 168
is_linear=0
shrinkage=0.05


Tree=55
num_leaves=31
num_cat=0
split_feature=5 2 0 9 16 17 9 11 9 14 9 6 18 18 9 18 5 11 15 12 17 17 17 16 13 13 6 7 9 7
split_gain=31758 16300.4 7162.48 5018.09 5196.1 5157.02 5002.09 4802.06 5534.12 9781.55 4867.79 4333.36 6510.29 7122.39 3582.37 3411.74 3397.6 3293.94 3066.69 4793.96 3448.06 3061.78 3901.3 3038.33 2953.74 3798.94 15184.5 2742.46 2685.86 2667.37
threshold=0.25881904510252057 3.5000000000000004 10.500000000000002 311.61500000000007 341.01913690476198 43.364923875081082 316.91500000000002 342.50500000000005 308.23000000000008 303.91500000000002 309.46000000000009 -0.69057362043749781 317.93000000000006 315.67500000000007 338.97000000000008 228.29500000000004 -0.70710678118654757 300.34000000000009 429.54000000000002 356.69958333333346 38.438477411002125 39.724853079941902 41.606956917221218 373.57255952380962 10.607254350858371 12.386566716141798 0.048362692321690152 -0.87810534180523914 298.98500000000007 0.80798785254895478
decision_type=2 2 2 2 2 2 2 2 2 2 2 2 2 2 2 2 2 2 2 2 2 2 2 2 2 2 2 2 2 2
left_child=1 2 14 -3 -5 16 17 -4 9 15 -10 21 13 18 -1 -9 -6 -2 19 29 -20 -12 -23 -14 -8 26 -26 -27 -19 -13
right_child=6 3 7 4 5 -7 24 8 10 -11 11 12 23 -15 -16 -17 -18 28 20 -21 -22 22 -24 -25 25 27 -28 -29 -30 -31
leaf_value=0.0092899895803357415 -0.60559317111969002 -0.15079339913267786 0.65250013475878199 0.56700194272257043 0.093136455845944835 -0.54314307623426428 0.16502222178074033 -0.20110152634077294 0.72599108868175088 -0.6405980616531991 0.19151067411094302 0.12056762702926341 0.42676957969753337 -0.39587509122987591 0.2340625512357368 0.34543519283918778 -0.040366962253222442 -0.57344373967498541 0.13037979962690824 0.27084938080023185 -0.46477037264241111 0.71759917360213077 0.30273047342312104 0.18313691253236566 -1.0399705645740034 0.042803528063754759 -0.0028751666440318029 -0.087942262071572519 -0.15708798101670993 -0.15847173228573341
leaf_weight=1010 45 574 57 42 834 42 130 43 45 54 198 251 252 72 215 85 1112 40 53 416 45 90 153 260 50 490 120 2210 1224 130
leaf_count=1010 45 574 57 42 834 42 130 43 45 54 198 251 252 72 215 85 1112 40 53 416 45 90 153 260 50 490 120 2210 1224 130
internal_value=-1.76259e-10 0.0740485 0.145669 -0.0202633 0.0166452 0.00501797 -0.103675 0.199543 0.187518 -0.0762509 0.211949 0.199901 0.158883 0.0825511 0.0487399 0.161833 0.0168488 -0.185229 0.121039 0.153494 -0.142903 0.337462 0.456386 0.30305 -0.0680898 -0.0786489 -0.307903 -0.0642143 -0.170264 0.0253573
internal_weight=10342 6033 3429 2604 2030 1988 4309 2204 2147 182 1965 1920 1479 967 1225 128 1946 1309 895 797 98 441 243 512 3000 2870 170 2700 1264 381
internal_count=10342 6033 3429 2604 2030 1988 4309 2204 2147 182 1965 1920 1479 967 1225 128 1946 1309 895 797 98 441 243 512 3000 2870 170 2700 1264 381
is_linear=0
shrinkage=0.05


Tree=56
num_leaves=31
num_cat=0
split_feature=5 2 9 9 4 2 7 16 9 16 7 13 6 9 15 15 12 7 12 9 13 6 7 15 15 13 13 13 13 9
split_gain=28824.3 12763.2 5779.72 5735.92 4563.74 4622.22 4461.54 4467.48 4009.04 3976.87 3823.46 9567 5761.21 4016.64 6688.25 6113.98 5547.53 4134.57 3760.82 3655.08 3452.85 3445.74 3306.29 3061.94 2962.48 2953.78 2915.02 2907.75 5148.2 2801.6
threshold=1.0000000180025095e-35 3.5000000000000004 332.37500000000006 334.13500000000005 -0.37940952255126065 4.5000000000000009 -0.75013812021657655 361.99747023809533 321.37000000000006 338.69247023809527 0.94909129669788206 12.386566716141798 0.048362692321690152 307.05500000000001 380.9500000000001 407.03500000000003 320.0952083333334 0.35645927230573393 356.05895833333335 320.31500000000005 12.419043150453344 -0.73866753694953124 -0.96234030595689413 445.35000000000008 421.70500000000004 28.874505530581374 16.057754606294552 10.322301615318512 10.790393427095889 311.84500000000008
decision_type=2 2 2 2 2 2 2 2 2 2 2 2 2 2 2 2 2 2 2 2 2 2 2 2 2 2 2 2 2 2
left_child=1 3 4 6 5 -2 7 9 19 -1 13 -12 -13 16 20 17 -8 25 -19 -3 -15 -5 -6 -17 -7 -16 -22 -24 -29 -30
right_child=2 8 -4 21 22 24 10 -9 -10 -11 11 12 -14 14 15 23 -18 18 -20 -21 26 -23 27 -25 -26 -27 -28 28 29 -31
leaf_value=-0.31083540627111994 0.028660786255910571 -0.053627743193622339 -0.0047865651527453645 0.5697153307674897 -0.6097427174868062 -0.11996069164015354 0.23168007379087308 -0.53141320552676918 0.054807612321185098 0.1968653430989771 -0.59299668967723851 -0.14942065524558226 0.31967000235906906 0.26429063678597625 0.39731456690157452 0.20377161705256663 -0.5284960103786337 -0.069033375730117169 -0.66281489430305862 -0.4231565200749578 0.78676646368371117 0.23101329619311695 0.14494745111092927 -0.21093542749617011 -0.49300093296915293 -0.10904961994383484 0.28373558575112839 -0.67961028484191666 -0.24469299558701621 -0.11699813839163631
leaf_weight=60 808 948 1608 84 40 316 48 48 1212 108 60 120 144 276 48 840 48 60 48 72 72 708 80 47 64 72 48 47 584 1624
leaf_count=60 808 948 1608 84 40 316 48 48 1212 108 60 120 144 276 48 840 48 60 48 72 72 708 80 47 64 72 48 47 584 1624
internal_value=1.44934e-10 0.0834732 -0.0834732 0.151929 -0.118985 -0.0389745 0.109504 -0.106002 -0.00666646 0.0155436 0.133611 -0.0230796 0.106447 0.165202 0.185127 0.122436 -0.148408 -0.108498 -0.332936 -0.0797121 0.361643 0.266936 -0.159007 0.181797 -0.182789 0.0934961 0.585554 -0.151285 -0.161795 -0.150773
internal_weight=10342 5171 5171 2939 3563 1188 2147 216 2232 168 1931 324 264 1607 1511 1115 96 228 108 1020 396 792 2375 887 380 120 120 2335 2255 2208
internal_count=10342 5171 5171 2939 3563 1188 2147 216 2232 168 1931 324 264 1607 1511 1115 96 228 108 1020 396 792 2375 887 380 120 120 2335 2255 2208
is_linear=0
shrinkage=0.05


Tree=57
num_leaves=31
num_cat=0
split_feature=5 4 2 9 2 11 7 13 13 2 16 9 9 15 13 6 9 15 11 13 9 6 13 6 9 16 18 16 14 9
split_gain=26656.6 9415.5 8054.35 6475.4 5538.2 5498.4 3911.88 3776.45 4369.84 3813.58 3791.51 3625.89 5919.85 3515.49 3334.64 3330.21 3785.77 3091.46 5090.65 4618.52 3296.04 2896.77 2956.97 5472.48 2861.81 3085.52 2858.51 2813.93 2785.76 2310.86
threshold=-0.5 -0.60355339059327362 3.5000000000000004 336.53000000000003 3.5000000000000004 338.10500000000008 -0.99761278905001471 37.162828750675423 10.18733216452757 2.5000000000000004 370.35922619047625 316.32500000000005 315.98000000000008 341.83500000000009 42.554963238344357 -0.73866753694953124 321.83500000000004 352.43500000000006 302.34500000000008 16.299266582126045 302.08500000000009 -0.54220184589352438 11.555722190545973 0.52033990680116082 312.06500000000005 344.01889880952382 305.55500000000001 369.59687500000001 334.57500000000005 334.13500000000005
decision_type=2 2 2 2 2 2 2 2 2 2 2 2 2 2 2 2 2 2 2 2 2 2 2 2 2 2 2 2 2 2
left_child=2 4 7 6 5 -2 -3 8 -1 14 -11 12 17 -10 -9 16 -15 18 -8 -19 -21 -17 23 -23 26 -26 -4 -5 -13 -7
right_child=1 3 24 27 -6 29 11 9 13 10 -12 28 -14 15 -16 21 -18 19 -20 20 -22 22 -24 -25 25 -27 -28 -29 -30 -31
leaf_value=0.46239697404036467 0.64854285913434895 -0.59424878138710147 -0.048333491981152055 0.14449449865175443 -0.062096773962534393 0.036285661590364934 0.41672223154455423 0.27280981304653573 -0.24153497659911716 0.32006966833956541 0.79809298600469325 -0.075573714481230889 -0.69840911669587646 0.041523344213298216 0.0028760457821424656 -0.19910212422255427 0.628939352487214 -0.67219543190164999 -0.12174433857841567 -0.61445446999912923 -0.16702779414757013 -0.58981343828141686 0.14878870240257169 0.20205455760781965 0.42580331083653233 0.045229712360870672 -0.49796070858836172 -0.039026263405393828 -0.47713866900991314 0.19303965567421444
leaf_weight=88 44 44 304 308 930 857 48 408 72 160 56 2343 54 48 159 80 64 55 513 44 638 40 736 48 56 1088 40 649 44 324
leaf_count=88 44 44 304 308 930 857 48 408 72 160 56 2343 54 48 159 80 64 55 513 44 638 40 736 48 56 1088 40 649 44 324
internal_value=-2.94166e-11 -0.0567575 0.113532 -0.0961542 0.0298968 0.0997368 -0.125548 0.180143 0.123497 0.265221 0.444002 -0.120032 -0.185456 0.0960856 0.197114 0.120011 0.37719 -0.164116 -0.0756723 -0.231439 -0.195894 0.0881487 0.116037 -0.157885 0.0258354 0.0638592 -0.100616 0.0200379 -0.0829758 0.0792901
internal_weight=10342 6895 3447 4740 2155 1225 3783 1959 1176 783 216 3739 1352 1088 567 1016 112 1298 561 737 682 904 824 88 1488 1144 344 957 2387 1181
internal_count=10342 6895 3447 4740 2155 1225 3783 1959 1176 783 216 3739 1352 1088 567 1016 112 1298 561 737 682 904 824 88 1488 1144 344 957 2387 1181
is_linear=0
shrinkage=0.05


Tree=58
num_leaves=31
num_cat=0
split_feature=5 2 9 7 17 9 16 17 0 11 9 11 19 5 17 6 13 13 19 19 19 18 16 19 7 13 13 6 2 17
split_gain=24351.4 12297.6 5737.62 5014.1 4467.96 4033.64 4510.86 4580.95 4008.08 4134.77 3736.71 3106.57 3066.67 2773.82 2667.26 4500.44 3029.15 4070.65 3386.77 6812.23 3966.22 3103.8 2549.28 3293.41 3284.87 2499.07 3323.08 13484.8 2510.93 2466.56
threshold=0.25881904510252057 3.5000000000000004 334.13500000000005 -0.98212955754013376 46.354287850065255 311.61500000000007 341.01913690476198 43.364923875081082 11.500000000000002 342.50500000000005 316.91500000000002 300.34000000000009 456.68500000000006 -0.70710678118654757 26.018330773267571 0.1849296026015865 37.162828750675423 37.884560497165118 447.24000000000007 443.72500000000008 435.44500000000005 306.19500000000005 350.42979166666674 404.90500000000003 0.80798785254895478 10.607254350858371 12.386566716141798 0.048362692321690152 1.0000000180025095e-35 37.371941774352024
decision_type=2 2 2 2 2 2 2 2 2 2 2 2 2 2 2 2 2 2 2 2 2 2 2 2 2 2 2 2 2 2
left_child=1 2 3 -1 8 -3 -7 13 -5 -10 11 -2 -4 -8 15 -11 18 -18 19 20 22 -19 23 -16 -24 -12 27 -27 -28 -23
right_child=10 5 12 4 -6 6 7 -9 9 14 25 -13 -14 -15 16 -17 17 21 -20 -21 -22 29 24 -25 -26 26 28 -29 -30 -31
leaf_value=-0.45394552429871898 -0.569505254957411 -0.13410422918670697 0.21366510493382537 0.032802696441017749 -0.3444997412485204 0.52879934114891858 0.085261337348423033 -0.51145709211982437 0.66407959073781964 0.071959128518673518 0.15439387316887196 -0.14673837909726958 0.65096633363337753 -0.035365898618941523 -0.11948590488687461 0.80475149013102054 0.61872890197804997 0.25309887903133749 0.33243299232999562 -0.47467863649944775 0.39585064247250562 0.19136213046964259 -0.0043060491550836319 0.27105425041682762 -0.47876825047036009 -0.97403644859790806 0.21969804755877706 0.0032946193031966687 -0.064665071397981694 -0.19436118233689043
leaf_weight=42 45 574 882 1032 56 42 834 42 40 44 130 1264 42 1112 86 40 56 358 96 64 80 80 152 145 48 50 80 120 2620 86
leaf_count=42 45 574 882 1032 56 42 834 42 40 44 130 1264 42 1112 86 40 56 358 96 64 80 80 152 145 48 50 80 120 2620 86
internal_value=9.77929e-11 0.0648412 0.12705 0.0877685 0.097006 -0.0170762 0.0160145 0.00518103 0.107278 0.163175 -0.0907837 -0.161272 0.233542 0.0163315 0.148166 0.420908 0.129853 0.213538 0.0575169 0.0116179 0.0725239 0.170235 0.0125097 0.125658 -0.118177 -0.0600273 -0.0697398 -0.284156 -0.0562395 -0.00847043
internal_weight=10342 6033 3429 2505 2463 2604 2030 1988 2407 1375 4309 1309 924 1946 1335 84 1251 580 671 575 511 524 431 231 200 3000 2870 170 2700 166
internal_count=10342 6033 3429 2505 2463 2604 2030 1988 2407 1375 4309 1309 924 1946 1335 84 1251 580 671 575 511 524 431 231 200 3000 2870 170 2700 166
is_linear=0
shrinkage=0.05


Tree=59
num_leaves=31
num_cat=0
split_feature=5 4 2 9 2 11 17 7 11 9 12 12 9 14 6 6 2 9 6 12 14 6 14 9 2 7 6 0 13 13
split_gain=22326.6 7999.49 6694.94 5610.08 4719.84 5641.92 3599.54 3417.14 3454.94 4906.39 3828.89 6236.86 3394.33 7593.58 3320.03 3475.61 2953.74 2599.06 3954.15 2975.55 5500.27 4448.69 3867.83 2569.92 2558.43 2540.13 2525.4 2367.71 2325.46 2193.44
threshold=-0.5 -0.60355339059327362 3.5000000000000004 339.44500000000011 4.5000000000000009 334.00500000000005 43.703806745705663 -0.99761278905001471 300.34000000000009 308.23000000000008 342.59229166666677 349.4656250000001 308.23000000000008 303.91500000000002 -0.70291267844185523 0.9550229469509578 1.5000000000000002 310.04000000000002 0.90892735371523092 344.67562500000003 318.97500000000008 -0.54220184589352438 314.2000000000001 304.92500000000001 1.0000000180025095e-35 -0.6391983530350368 -0.61237985104942771 3.5000000000000004 13.021684273779085 33.564592187906605
decision_type=2 2 2 2 2 2 2 2 2 2 2 2 2 2 2 2 2 2 2 2 2 2 2 2 2 2 2 2 2 2
left_child=2 4 12 7 5 -2 -7 -3 -9 10 28 -12 13 23 -14 17 27 -16 19 20 22 26 -19 -1 -5 -4 -21 -11 -10 -6
right_child=1 3 25 24 29 6 -8 8 9 16 11 -13 14 -15 15 -17 -18 18 -20 21 -22 -23 -24 -25 -26 -27 -28 -29 -30 -31
leaf_value=-0.0094199542370107456 0.66098688237369063 -0.50299323406409135 0.14130702752008803 0.40822684026577261 -0.033036764006170886 0.072944694187042525 -0.38112630135483211 -0.44932906917399829 -0.33805182038953435 -0.11028307395633952 -0.96606003750454306 -0.11423358879983425 0.31056351203687704 -0.52561630455644004 0.51575581498444079 0.36798306001502579 -0.1064353844697898 -0.054275281326128889 -0.23343597865023186 0.063605001582098863 -0.51159994360059502 0.20688894206535827 0.52427111953496941 0.46289731984337168 0.01504141857342265 -0.012415879065663601 -0.45656641058623793 0.059153917313299401 -0.091335375557548518 -0.2479630068473489
leaf_weight=72 40 55 352 44 460 1450 45 72 152 319 44 42 408 56 40 159 2479 104 80 56 48 808 40 48 693 1136 40 583 257 160
leaf_count=72 40 55 352 44 460 1450 45 72 152 319 44 42 408 56 40 159 2479 104 80 56 48 808 40 48 693 1136 40 583 257 160
internal_value=9.33686e-11 -0.0519436 0.103902 -0.0882572 0.0279293 0.0749567 0.059277 -0.111597 -0.106145 -0.09977 -0.246791 -0.550052 0.164633 -0.0448504 0.185311 0.148145 -0.0782452 0.1194 0.105918 0.130689 -0.0480759 0.168657 0.106432 0.179507 0.0385152 0.0239487 -0.153133 -0.000768921 -0.183025 -0.0885016
internal_weight=10342 6895 3447 4740 2155 1535 1495 4003 3948 3876 495 86 1959 176 1783 1375 3381 1216 1176 1096 192 904 144 120 737 1488 96 902 409 620
internal_count=10342 6895 3447 4740 2155 1535 1495 4003 3948 3876 495 86 1959 176 1783 1375 3381 1216 1176 1096 192 904 144 120 737 1488 96 902 409 620
is_linear=0
shrinkage=0.05


Tree=60
num_leaves=31
num_cat=0
split_feature=5 2 0 11 9 14 9 9 6 6 19 9 12 15 13 16 18 7 7 12 9 16 7 11 9 15 12 2 14 7
split_gain=20258.3 10148.6 5014.43 3705.71 3991.1 7781.98 4050.16 3547.28 3515.31 6138.57 3360.76 3303.48 2871.91 4475.19 2751.67 7601.52 2680.41 2679.26 3275.57 2612.61 2565.46 2441.62 2390.56 16452.7 4248.78 2888.6 3624.17 3073.67 2281.3 2255.66
threshold=0.25881904510252057 3.5000000000000004 10.500000000000002 342.50500000000005 308.23000000000008 303.91500000000002 309.46000000000009 331.24000000000007 0.9550229469509578 0.90892735371523092 435.44500000000005 332.37500000000006 358.61270833333339 341.97000000000008 10.790393427095889 358.34839285714293 228.29500000000004 -0.99628250747696534 -0.90892157495189674 361.47166666666675 338.97000000000008 367.21672619047621 -0.3744658827978154 307.86500000000007 307.05500000000001 376.99500000000006 347.77041666666679 4.5000000000000009 330.43500000000006 -0.20180761162458913
decision_type=2 2 2 2 2 2 2 2 2 2 2 2 2 2 2 2 2 2 2 2 2 2 2 2 2 2 2 2 2 2
left_child=1 2 20 -4 5 16 -6 -3 9 10 12 17 13 -8 -15 -16 -5 -2 -19 -14 29 28 23 -20 -25 -24 -27 -28 -9 -1
right_child=11 7 3 4 6 -7 8 21 -10 -11 -12 -13 19 14 15 -17 -18 18 22 -21 -22 -23 25 24 -26 26 27 -29 -30 -31
leaf_value=-0.1060947593676886 -0.51865964703261846 -0.056042052434012293 0.55863489278575829 -0.18316528211499372 0.63980210887061228 -0.57720205993564044 0.51590558717027313 0.055048585530104381 0.37157324434917299 -0.263829036421246 0.24611157184384763 -0.017637385214425261 0.55056759579615155 0.26732358434607112 -0.0038441184451388326 -0.69870241391989918 0.30126609682160266 0.29456269758939746 -1.0609540900471164 0.1477258664153327 0.19137987724570341 0.011400040621286398 -0.018336675073202146 -0.55422392792713182 -0.080036516765280563 -0.48510285771851031 -0.077226427276352691 -0.26637752591183894 0.34830868265791137 0.053219867362640796
leaf_weight=330 40 1750 57 43 45 54 40 140 178 90 674 1340 44 63 314 45 85 50 51 472 215 588 870 52 516 70 1050 270 126 680
leaf_count=330 40 1750 57 43 45 54 40 140 178 90 674 1340 44 63 314 45 85 50 51 472 215 588 870 52 516 70 1050 270 126 680
internal_value=-1.74259e-10 0.0591413 0.115654 0.160731 0.150167 -0.0738319 0.170914 -0.0152752 0.159925 0.138298 0.160206 -0.0828033 0.101003 0.0104523 -0.037458 -0.0909433 0.138527 -0.112215 -0.106664 0.182077 0.0345509 0.0682634 -0.113632 -0.20069 -0.123448 -0.0897875 -0.134509 -0.115916 0.193961 0.00116657
internal_weight=10342 6033 3429 2204 2147 182 1965 2604 1920 1742 1652 4309 978 462 422 359 128 2969 2929 516 1225 854 2879 619 568 2260 1390 1320 266 1010
internal_count=10342 6033 3429 2204 2147 182 1965 2604 1920 1742 1652 4309 978 462 422 359 128 2969 2929 516 1225 854 2879 619 568 2260 1390 1320 266 1010
is_linear=0
shrinkage=0.05


Tree=61
num_leaves=31
num_cat=0
split_feature=5 4 2 9 2 11 17 7 2 9 13 13 2 16 15 13 6 9 6 16 9 7 10 13 13 12 12 9 16 18
split_gain=18824.5 6693.71 5412.78 4746.95 3946.83 5060.66 3121.14 3097.18 8334.78 2988.57 2870.63 3508.15 3222.07 3170.7 3105.1 2767 2709.21 3149.2 2531.34 2486.42 2414.03 2998.83 3681.86 2402.94 3735.54 2339.85 3042.79 2170.61 2580.77 2564.05
threshold=-0.5 -0.60355339059327362 3.5000000000000004 336.53000000000003 4.5000000000000009 337.52500000000003 43.703806745705663 -0.98212955754013376 3.5000000000000004 298.98500000000007 37.162828750675423 10.18733216452757 2.5000000000000004 370.35922619047625 341.83500000000009 42.554963238344357 -0.73866753694953124 321.83500000000004 -0.54220184589352438 369.59687500000001 339.92000000000002 -0.8142754349318998 366.47500000000008 10.322301615318512 10.71449692572833 335.96125000000012 342.06895833333334 312.06500000000005 344.01889880952382 305.55500000000001
decision_type=2 2 2 2 2 2 2 2 2 2 2 2 2 2 2 2 2 2 2 2 2 2 2 2 2 2 2 2 2 2
left_child=2 4 10 7 5 -2 -7 8 -3 -9 11 -1 15 -14 -13 -12 17 -16 -18 -5 21 22 -20 -11 -25 -23 -27 29 -29 -4
right_child=1 3 27 19 -6 6 -8 9 -10 23 12 14 13 -15 16 -17 18 -19 20 -21 -22 25 -24 24 -26 26 -28 28 -30 -31
leaf_value=0.40427841351748528 0.51464752496265975 -0.89498635918663982 -0.037095693971557347 0.13555919606807074 -0.081102892604990748 0.062814503675131181 -0.36010020084886091 -0.50826994795352221 0.028280069504610518 0.10718281925297701 0.23053896472214119 -0.24123825728893281 0.27518795277923347 0.71232786646911084 0.024367354425097198 -0.015349215121482905 -0.19870989680755885 0.5601247636019252 -0.5497349388352254 -0.036951216007188217 0.26499420931185819 0.26780769464559856 0.010505421994959267 -0.51456743474635813 -0.095456194484027118 -0.373362092114985 0.089839825241898125 0.38764857987740209 0.039592354358640426 -0.46293455501087011
leaf_weight=88 61 44 304 308 620 1429 45 44 55 143 408 72 160 56 48 159 80 64 41 649 168 160 103 54 3443 40 312 56 1088 40
leaf_count=88 61 44 304 308 620 1429 45 44 55 143 408 72 160 56 48 159 80 64 41 649 168 160 103 54 3443 40 312 56 1088 40
internal_value=-1.75003e-10 -0.0476962 0.0954062 -0.080914 0.0253676 0.0683719 0.0499033 -0.106081 -0.382061 -0.0986642 0.150013 0.100625 0.224189 0.388521 0.0760647 0.161586 0.0985507 0.330514 0.0698119 0.0185694 0.0958819 0.0525727 -0.149007 -0.093713 -0.101928 0.109267 0.0372032 0.023515 0.0566301 -0.0866118
internal_weight=10342 6895 3447 4740 2155 1535 1474 3783 99 3684 1959 1176 783 216 1088 567 1016 112 904 957 824 656 144 3640 3497 512 352 1488 1144 344
internal_count=10342 6895 3447 4740 2155 1535 1474 3783 99 3684 1959 1176 783 216 1088 567 1016 112 904 957 824 656 144 3640 3497 512 352 1488 1144 344
is_linear=0
shrinkage=0.05


Tree=62
num_leaves=31
num_cat=0
split_feature=5 9 2 16 16 11 15 4 7 13 9 14 6 18 18 10 9 7 2 6 6 6 7 9 2 9 15 2 6 16
split_gain=16989.1 6221.72 4885.04 4284.1 7641.06 4915.44 3661.27 3152.93 2912.98 2894.36 2717.84 6145.98 2744.67 2904.32 7486.88 3757.79 2576.87 2729.96 9440.87 17797.8 2426.17 2411.61 2346.08 2277.41 3860.94 2222.13 2215.33 2207.71 2203.82 2173.49
threshold=-0.5 325.34000000000009 3.5000000000000004 367.21672619047621 367.77556547619054 356.00000000000006 432.38500000000005 -0.37940952255126065 -0.21862536810265826 37.162828750675423 308.23000000000008 303.91500000000002 -0.70291267844185523 317.85000000000008 315.67500000000007 424.31500000000005 298.98500000000007 -0.074115882986646633 1.0000000180025095e-35 0.61237135649459018 0.01505151768384008 -0.52766804058324157 0.96407344085605606 308.07500000000005 1.0000000180025095e-35 304.92500000000001 411.88500000000005 1.0000000180025095e-35 0.878110924644389 360.16220238095246
decision_type=2 2 2 2 2 2 2 2 2 2 2 2 2 2 2 2 2 2 2 2 2 2 2 2 2 2 2 2 2 2
left_child=2 6 10 -3 -5 -6 7 9 -8 20 11 25 -12 14 15 21 -9 18 19 -18 22 -14 -2 24 -22 -1 29 -7 -15 -23
right_child=1 3 -4 4 5 27 8 16 -10 -11 12 -13 13 28 -16 -17 17 -19 -20 -21 23 26 -24 -25 -26 -27 -28 -29 -30 -31
leaf_value=-0.018773454696767861 -0.091165075963363054 0.07940528781766383 0.022339256128264925 -0.66243438233310981 -0.09434624894631892 0.24641359412001776 -0.045824244571849707 -0.51607162933796646 -0.53851951380260299 0.1113160622991481 0.27489850513121189 -0.47745717833084722 -0.14693746330646371 0.16501086034801452 -0.48516793933896613 -0.22616017480691275 0.01596405433677137 -0.075556511993383646 -0.11237463558016687 -1.3249087979142764 0.48391546599566937 0.058952646758370975 -0.37861036441392371 -0.055533890037365544 -0.033888235033179323 0.42042293287813665 0.28738984108401033 0.028647178437334605 0.41391000838465053 0.3736786118708551
leaf_weight=72 336 1200 1488 48 1137 136 48 40 80 318 408 56 65 352 56 75 50 1520 490 49 60 384 90 396 90 48 260 807 119 64
leaf_count=72 336 1200 1488 48 1137 136 48 40 80 318 408 56 65 352 56 75 50 1520 490 49 60 384 90 396 90 48 260 807 119 64
internal_value=2.97525e-12 -0.0453114 0.0906359 0.00386068 -0.0387397 -0.0243467 -0.0911887 -0.0814158 -0.353759 -0.0196235 0.142512 -0.0449374 0.161015 0.127223 0.0747702 0.111747 -0.118508 -0.110968 -0.202353 -0.6477 -0.0624618 0.144533 -0.151893 0.00731422 0.173233 0.156905 0.171292 0.0600536 0.227896 0.103913
internal_weight=10342 6895 3447 3328 2128 2080 3567 3439 128 1290 1959 176 1783 1375 904 848 2149 2109 589 99 972 773 426 546 150 120 708 943 471 448
internal_count=10342 6895 3447 3328 2128 2080 3567 3439 128 1290 1959 176 1783 1375 904 848 2149 2109 589 99 972 773 426 546 150 120 708 943 471 448
is_linear=0
shrinkage=0.05


Tree=63
num_leaves=31
num_cat=0
split_feature=5 2 9 7 17 9 16 17 7 13 6 15 9 18 13 13 7 7 11 11 9 15 7 19 12 0 2 2 5 13
split_gain=15675.2 7872.91 4070.23 3782.46 3161.73 3087.76 3897.92 4022.96 2980.3 7705.91 5290.82 3618.99 5817.45 7716.49 4827.66 2849.88 2825.91 4620.5 11230.6 7035.47 3002.51 2510.79 2505.19 2436.55 2400.56 2390.74 2346.98 3093.07 2761.83 2131.96
threshold=0.25881904510252057 3.5000000000000004 334.13500000000005 -0.98212955754013376 46.354287850065255 311.61500000000007 341.01913690476198 43.364923875081082 0.94909129669788206 12.386566716141798 0.082691702092476851 380.9500000000001 307.05500000000001 295.7000000000001 24.849951466666564 12.419043150453344 -0.84313311835787952 -0.70289845916694649 314.28500000000003 300.34000000000009 308.23000000000008 445.35000000000008 -0.30982845708428081 456.68500000000006 342.59229166666677 11.500000000000002 4.5000000000000009 5.5000000000000009 0.60355339059327384 37.092153736074522
decision_type=2 2 2 2 2 2 2 2 2 2 2 2 2 2 2 2 2 2 2 2 2 2 2 2 2 2 2 2 2 2
left_child=1 2 3 -1 8 -3 -7 25 11 -10 -11 12 13 -5 -13 -14 -2 18 -18 -19 24 29 -17 -4 -21 -8 28 -28 -22 -16
right_child=16 5 23 4 -6 6 7 -9 9 10 -12 14 15 -15 21 22 17 19 -20 20 26 -23 -24 -25 -26 -27 27 -29 -30 -31
leaf_value=-0.40178830650235925 0.022371526275563873 -0.11591265060328831 0.17377378427737145 0.23913056684125747 -0.29466610828281514 0.49210513737939654 -0.048183689753489224 -0.47879163558994026 -0.51707055064184326 -0.12507617167374563 0.29111069823681779 -0.25027436650353985 0.19549151426385886 -0.6574187280033672 -0.00067274351077642111 0.11003043885741914 -1.0315388701856136 0.50260377996242966 -0.14670821758853789 -0.15645932202889873 0.046685128772572818 -0.23854907236315986 0.55592834500093313 0.56356762718586695 -0.48221592725090245 0.063804561670001911 -0.22856956328347608 -0.026191932575738021 -0.076360055185434358 0.1470138943828975
leaf_weight=42 660 574 882 56 56 42 834 42 70 168 140 112 364 42 336 42 43 52 216 336 653 55 126 42 68 1112 436 333 1512 896
leaf_count=42 660 574 882 56 56 42 834 42 70 168 140 112 364 42 336 42 43 52 216 336 653 55 126 42 68 1112 436 333 1512 896
internal_value=9.40936e-11 0.052023 0.101798 0.0687129 0.076736 -0.0135212 0.0154309 0.00536027 0.0853769 -0.0435244 0.0640997 0.109391 0.2089 -0.145105 0.06458 0.274111 -0.072837 -0.0900576 -0.293611 -0.0745059 -0.0834962 0.09198 0.444454 0.191492 -0.21129 0.0158096 -0.0658995 -0.140934 -0.0392476 0.106736
internal_weight=10342 6033 3429 2505 2463 2604 2030 1988 2407 378 308 2029 630 98 1399 532 4309 3649 259 3390 3338 1287 168 924 404 1946 2934 769 2165 1232
internal_count=10342 6033 3429 2505 2463 2604 2030 1988 2407 378 308 2029 630 98 1399 532 4309 3649 259 3390 3338 1287 168 924 404 1946 2934 769 2165 1232
is_linear=0
shrinkage=0.05


Tree=64
num_leaves=31
num_cat=0
split_feature=5 4 9 2 11 0 13 11 9 14 18 16 2 2 0 13 7 2 6 11 0 17 9 17 14 14 16 9 9 11
split_gain=14453 6805.81 4703.65 2913.04 3814.46 2912.07 2872.04 4339.32 4279.86 2415.14 2818.25 2378.16 2355.86 2133.33 3667.43 3138.17 2636.17 2209.47 2061.88 2043.83 1993.23 1992.38 1926.62 1850.64 1838.25 3706.45 1837.52 2378.77 2575.71 1816.55
threshold=-0.70710678118654757 -0.78656609248549292 343.89000000000004 3.5000000000000004 342.50500000000005 11.500000000000002 10.322301615318512 300.34000000000009 308.23000000000008 298.82500000000005 168.59000000000003 373.66133928571435 4.5000000000000009 4.5000000000000009 3.5000000000000004 32.907995798865905 -0.99761278905001471 1.0000000180025095e-35 0.94138322595482449 431.66500000000002 20.500000000000004 37.94450341318116 334.13500000000005 34.72186386427704 300.90500000000003 304.92000000000002 360.80937500000005 307.13000000000005 305.64500000000004 332.20500000000004
decision_type=2 2 2 2 2 2 2 2 2 2 2 2 2 2 2 2 2 2 2 2 2 2 2 2 2 2 2 2 2 2
left_child=5 3 6 4 -2 -1 -3 -8 9 -9 -11 -4 18 14 29 -15 -16 23 -7 -20 -17 -22 24 -18 -6 -26 27 28 -12 -10
right_child=1 2 11 -5 22 12 7 8 13 10 26 -13 -14 15 16 20 17 -19 19 -21 21 -23 -24 -25 25 -27 -28 -29 -30 -31
leaf_value=0.027328441742420835 0.53379509124032998 0.11873038932834599 0.22488164958711235 -0.025303692524984822 0.19742237008465777 0.15610380057183099 -0.47724347261415012 -0.014477407308443199 -0.080128870600477964 -0.5561799514012925 -0.17225104897124011 -0.011543878874717615 0.047915492695756262 -0.062099908365334147 -0.38054220656553905 -0.16932771591767959 -0.083172342181205755 -0.014275829397498333 0.61875718677043912 0.19495330344546924 -0.68731891001973844 -0.2222818013207585 0.17868908253723978 0.21022451337918924 -0.3303521409754952 0.041320629274661888 -0.48365812410528841 -0.43548493309062908 0.23126451230170778 -0.24066657572198769
leaf_weight=862 47 182 195 930 145 1112 69 126 687 69 205 234 496 901 45 320 72 1790 50 66 42 51 322 212 75 635 52 64 49 237
leaf_count=862 47 182 195 930 145 1112 69 126 687 69 205 234 496 901 45 320 72 1790 50 66 42 51 322 212 75 635 52 64 49 237
internal_value=-4.29132e-11 -0.0341304 -0.0631734 0.0414031 0.0920872 0.102365 -0.0763674 -0.0834817 -0.0779617 -0.207436 -0.262818 0.0959223 0.139883 -0.0611719 -0.0381812 -0.114414 -0.00193438 0.00628035 0.177029 0.377627 -0.228544 -0.432299 0.0744489 0.135842 0.0351911 0.00205942 -0.20811 -0.163052 -0.0944075 -0.121306
internal_weight=10342 7756 5602 2154 1224 2586 5173 4991 4922 565 439 429 1724 4357 3043 1314 2119 2074 1228 116 413 93 1177 284 855 710 370 318 254 924
internal_count=10342 7756 5602 2154 1224 2586 5173 4991 4922 565 439 429 1724 4357 3043 1314 2119 2074 1228 116 413 93 1177 284 855 710 370 318 254 924
is_linear=0
shrinkage=0.05


Tree=65
num_leaves=31
num_cat=0
split_feature=11 5 9 7 2 0 17 15 18 18 18 7 14 16 6 9 12 13 7 13 13 6 11 2 19 0 10 13 18 13
split_gain=13714.4 11899.2 6198.95 5320 4156.2 5060.67 6092.8 3429.2 3515.15 3254.46 8008.33 3906.45 2995.47 2709.8 2697.8 2691.74 2594.37 2738.2 2570.03 3632.16 3139.82 3862.4 2589.6 2386.16 2258.02 2213.52 4090.35 2346.04 2151.69 2098.35
threshold=251.51500000000001 -0.70710678118654757 334.13500000000005 -0.99761278905001471 4.5000000000000009 3.5000000000000004 45.46741229618474 445.35000000000008 316.29500000000002 304.34000000000009 305.08500000000009 0.78724360164103002 308.92000000000002 371.35380952380962 -0.84315017450793706 338.81000000000006 383.47229166666676 10.18733216452757 0.94353349168649059 14.741334363978735 13.873794982644283 0.048362692321690152 323.16500000000008 1.5000000000000002 445.98000000000008 11.500000000000002 421.88500000000005 37.092153736074522 329.00000000000006 11.783583696410485
decision_type=2 2 2 2 2 2 2 2 2 2 2 2 2 2 2 2 2 2 2 2 2 2 2 2 2 2 2 2 2 2
left_child=-1 15 3 -3 5 29 7 8 9 18 -11 12 -12 -4 -14 16 17 -2 19 22 -20 -22 -7 -15 -10 26 27 -19 -25 -5
right_child=1 2 13 4 -6 6 -8 -9 24 10 11 -13 14 23 -16 -17 -18 25 20 -21 21 -23 -24 28 -26 -27 -28 -29 -30 -31
leaf_value=-0.91264860630035405 0.37822503954397912 -0.5479592890099243 0.11426955656983913 -0.33743479538442833 -0.11118736619911106 0.6177232029999411 -0.41159932936979349 -0.32540380295528021 0.35650386233474057 -0.64407133217900991 0.31554594633834704 -0.42882025533222728 0.10822281237425549 0.12685936574893142 -0.10008704090890075 0.21041932265981342 0.3197646337214346 -0.05013704488406754 -0.32512535227551348 0.048899917493248547 -0.2143855835998156 0.13161875560973621 0.1886516263057029 -0.1072975771883467 0.071094900040657494 0.088207972176325811 -0.50135007622163918 0.17000990715216507 0.054052326025043708 -0.098380463183777772
leaf_weight=41 66 54 874 105 1834 43 83 69 126 56 70 56 238 270 448 432 102 454 84 1007 122 238 193 522 154 1322 42 165 342 730
leaf_count=41 66 54 874 105 1834 43 83 69 126 56 70 56 238 270 448 432 102 454 84 1007 122 238 193 522 154 1322 42 165 342 730
internal_value=-8.77696e-11 0.00363252 -0.027456 -0.0540289 -0.0493132 -0.0196227 0.010797 0.0228696 0.0313461 0.0129151 -0.0657554 -0.0258715 0.00397652 0.0481077 -0.0278163 0.0965248 0.0736506 0.061399 0.0533929 0.0902768 -0.0498656 0.0143617 0.26683 -0.00288484 0.199529 0.0508541 -0.0238537 0.0085451 -0.0434299 -0.128441
internal_weight=10342 10301 7718 5710 5656 3822 2987 2904 2835 2555 868 812 756 2008 686 2583 2151 2049 1687 1243 444 360 236 1134 280 1983 661 619 864 835
internal_count=10342 10301 7718 5710 5656 3822 2987 2904 2835 2555 868 812 756 2008 686 2583 2151 2049 1687 1243 444 360 236 1134 280 1983 661 619 864 835
is_linear=0
shrinkage=0.05


Tree=66
num_leaves=31
num_cat=0
split_feature=11 5 9 7 15 0 2 0 17 15 14 13 12 12 15 13 13 13 7 6 2 11 12 13 18 16 7 9 2 17
split_gain=12377.2 10757.8 4874.1 4069.57 3810.04 3710.52 3401.78 4179.81 4685.45 2939.21 2951.98 2507.15 2322.17 2311.23 2154.17 3193.76 3050.33 3246.84 3590.68 2840.74 2373.34 1983.37 1897.25 1893.77 7319.72 1800.64 3352.12 4531.37 3646.05 3262.91
threshold=251.51500000000001 -0.5 334.13500000000005 -0.99761278905001471 456.68500000000006 11.500000000000002 4.5000000000000009 3.5000000000000004 45.46741229618474 445.35000000000008 328.49500000000006 10.18733216452757 363.12312500000013 369.85166666666674 364.61000000000007 27.028048533574143 12.419043150453344 10.790393427095889 0.94909129669788206 -0.14250824554987665 1.0000000180025095e-35 322.75500000000005 354.39875000000001 11.783583696410485 303.54500000000002 347.97645833333343 0.91159213926341531 307.19500000000005 1.5000000000000002 38.171008011165263
decision_type=2 2 2 2 2 2 2 2 2 2 2 2 2 2 2 2 2 2 2 2 2 2 2 2 2 2 2 2 2 2
left_child=-1 4 3 -3 5 -2 7 23 9 10 14 -7 25 -4 16 19 17 -9 -19 -16 21 -18 -8 24 -5 -13 27 -27 29 -29
right_child=1 2 13 6 -6 11 22 8 -10 -11 -12 12 -14 -15 15 -17 20 18 -20 -21 -22 -23 -24 -25 -26 26 -28 28 -30 -31
leaf_value=-0.86701611658421962 0.0018457142897885953 -0.5159641474485398 0.14024977784478634 -0.84214278807545595 0.51789979262587926 0.42840118092795215 -0.069438708839678662 0.17042979752104129 -0.39369858054208084 -0.32747704751789569 0.25670719038215328 0.13083804990289868 0.15499162399506872 0.0065482050383306005 -0.47469320412366267 0.015001049780605017 0.61368981346488005 -0.020515324616350146 -0.51086928655082986 -0.087668221770266522 -0.039178159236907963 0.22323180843016199 -0.17993262829791015 -0.09346144040820048 0.013573959073983134 -0.34621577391667024 -0.37646388509903445 0.085450659962715933 -0.029903523901501968 0.48235717210031698
leaf_weight=41 1274 48 424 41 48 60 991 155 71 60 132 410 1004 1360 60 1356 40 168 48 226 70 174 639 730 64 70 55 135 304 84
leaf_count=41 1274 48 424 41 48 60 991 155 71 60 132 410 1004 1360 60 1356 40 168 48 226 70 174 639 730 64 70 55 135 304 84
internal_value=1.25642e-10 0.00345089 -0.0327614 -0.05776 0.0755495 0.0692972 -0.0533831 -0.0248775 0.00680731 0.0182319 0.0267715 0.109794 0.100523 0.0383248 0.0135579 -0.0170239 0.0902226 -0.00418243 -0.129483 -0.168862 0.213547 0.296215 -0.112755 -0.122019 -0.320563 0.0488338 -0.00305162 0.0315819 0.0821476 0.237689
internal_weight=10342 10301 6857 5073 3444 3396 5025 3395 2560 2489 2429 2122 2062 1784 2297 1642 655 371 216 286 284 214 1630 835 105 1058 648 593 523 219
internal_count=10342 10301 6857 5073 3444 3396 5025 3395 2560 2489 2429 2122 2062 1784 2297 1642 655 371 216 286 284 214 1630 835 105 1058 648 593 523 219
is_linear=0
shrinkage=0.05


Tree=67
num_leaves=31
num_cat=0
split_feature=11 5 9 7 4 16 9 16 9 2 0 17 18 18 16 15 6 14 2 2 6 18 17 13 6 9 13 18 13 16
split_gain=11170.4 9827.75 5091.6 4388.34 3528.56 2396.22 2395.73 5689.9 2360.78 2643.11 2671.62 2948.85 2178.56 2499.44 2588.16 2139.75 2130.26 2385.23 2105.31 2097.45 1952.37 1941.9 1868.6 3252.36 2252.66 1815.24 1780.04 6606.05 1647.97 1557.84
threshold=251.51500000000001 -0.70710678118654757 334.13500000000005 -0.99761278905001471 -0.78656609248549292 371.35380952380962 308.23000000000008 353.43000000000006 298.98500000000007 4.5000000000000009 3.5000000000000004 45.46741229618474 326.05500000000001 316.29500000000002 371.05383928571433 376.99500000000006 -0.94705910369513524 300.90500000000003 1.5000000000000002 3.5000000000000004 -0.97509794945709805 329.00000000000006 39.947066393970559 43.417644145584383 0.9550229469509578 305.64500000000004 11.783583696410485 303.54500000000002 10.790393427095889 372.37050595238105
decision_type=2 2 2 2 2 2 2 2 2 2 2 2 2 2 2 2 2 2 2 2 2 2 2 2 2 2 2 2 2 2
left_child=-1 6 3 -3 12 -4 7 -2 -6 10 26 28 13 16 -15 25 20 -18 -7 22 -5 -20 23 24 -8 -11 27 -10 -12 -26
right_child=1 2 5 4 8 18 19 -9 9 15 11 -13 -14 14 -16 -17 17 -19 21 -21 -22 -23 -24 -25 29 -27 -28 -29 -30 -31
leaf_value=-0.82366536884773078 0.051156403011409571 -0.49765844328191 0.10572399234732728 0.069867276474833484 -0.40409300983525243 0.11742654780063917 0.10891914871380999 -0.54518154989928014 -0.8000356435730327 -0.20654350077766465 0.16886281853320298 -0.37244834483794448 -0.32820582616735594 0.39324688685437043 -0.0044531096642216042 -0.19356534322504981 0.14683124383911492 -0.043657990029136291 -0.10320216424422431 0.048288285290425753 0.48969510437920694 0.050080290795794048 0.27001143727489579 -0.314227535823981 0.14949676246399543 -0.017917569904194141 -0.084281898980040473 0.012895260471850634 -0.0078170105778507266 0.51967586329750093
leaf_weight=41 240 54 874 90 52 270 936 48 41 169 143 53 44 90 75 596 195 1045 522 958 40 342 245 42 54 520 726 64 1713 60
leaf_count=41 240 54 874 90 52 270 936 48 41 169 143 53 44 90 75 596 195 1045 522 958 40 342 245 42 54 520 726 64 1713 60
internal_value=-2.13227e-10 0.00327835 -0.0249748 -0.0490577 -0.0447747 0.0435079 0.0876988 -0.0482333 -0.0693521 -0.0650275 -0.0372802 -0.00470556 0.0186843 0.0286277 0.212474 -0.124193 0.00648566 -0.013702 -0.00444348 0.104757 0.199045 -0.0425279 0.145218 0.11722 0.134478 -0.0641843 -0.112112 -0.304535 0.00579571 0.344328
internal_weight=10342 10301 7718 5710 5656 2008 2583 288 4077 4025 2740 1909 1579 1535 165 1285 1370 1240 1134 2295 130 864 1337 1092 1050 689 831 105 1856 114
internal_count=10342 10301 7718 5710 5656 2008 2583 288 4077 4025 2740 1909 1579 1535 165 1285 1370 1240 1134 2295 130 864 1337 1092 1050 689 831 105 1856 114
is_linear=0
shrinkage=0.05


Tree=68
num_leaves=31
num_cat=0
split_feature=5 9 13 13 13 16 2 15 13 17 13 16 7 4 9 11 6 17 15 2 2 15 18 16 18 10 6 11 14 13
split_gain=10274.4 4873.69 3874.57 4639.96 6912.74 12216.5 4594.24 4742.49 5199.01 3959.25 3366.19 3007.87 2593.97 2546.76 3014.63 2422.32 2364.54 2413.09 2589.57 2380.21 2300.04 2130.72 2124.92 2118.81 2946.79 1839.05 2076.3 1777.11 1761.66 1737.74
threshold=1.0000000180025095e-35 334.13500000000005 37.162828750675423 10.790393427095889 11.482999848160668 359.83952380952383 1.0000000180025095e-35 351.71000000000004 13.021684273779085 43.550918203932532 38.307152543724023 351.65622023809527 -0.19337245081799007 -0.37940952255126065 346.82000000000005 367.55000000000007 -0.66528616069191593 37.300787137782258 445.76000000000005 1.5000000000000002 3.5000000000000004 445.35000000000008 77.640000000000015 372.77776785714292 329.00000000000006 406.49500000000006 0.8697513045430848 330.04500000000007 280.24000000000007 10.607254350858371
decision_type=2 2 2 2 2 2 2 2 2 2 2 2 2 2 2 2 2 2 2 2 2 2 2 2 2 2 2 2 2 2
left_child=1 2 3 -1 5 -5 7 8 11 10 -4 -6 -9 20 15 22 -3 18 19 -18 27 -12 -15 -21 -25 -19 -27 -2 -8 -24
right_child=13 16 9 4 6 -7 28 12 -10 -11 21 -13 -14 14 -16 -17 17 25 -20 23 -22 -23 29 24 -26 26 -28 -29 -30 -31
leaf_value=0.2158120504416087 0.25441743143213297 0.31476338066829324 0.32950408189820179 0.10203231886805347 -0.54085587020963433 -0.90694941123326611 0.25540652403142305 0.10046241473406554 0.25986400200927168 -0.35000013935690127 0.098043904709236754 -0.0098306509262571732 0.51954854535870254 -0.387476514428854 0.14929181698567442 -0.4447126808535794 0.25778656145455642 0.12548794034920949 0.45530706408744059 0.13895967484169983 -0.066501679048455387 -0.2116394374709008 0.10360343635442074 -0.22284170729418595 0.10672746419381254 -0.44800204319601999 0.014875887133181095 0.02791227337196301 -0.051335553003796636 -0.08167138643151739
leaf_weight=204 96 156 156 60 48 60 48 60 96 48 948 60 96 55 144 46 228 71 60 456 744 59 132 120 156 47 50 884 1884 3070
leaf_count=204 96 156 156 60 48 60 48 60 96 48 948 60 96 55 144 46 228 71 60 456 744 59 132 120 156 47 50 884 1884 3070
internal_value=-6.36907e-11 0.0498364 0.0210703 -0.0131596 -0.0325254 -0.402459 -0.0131572 0.150835 -0.00786263 0.0950136 0.113381 -0.245842 0.358362 -0.0498364 -0.074652 -0.0844152 0.131747 0.107715 0.136635 0.116718 -0.000219679 0.0798996 -0.0793266 0.0727788 -0.0365635 -0.067873 -0.209405 0.0501005 -0.0437146 -0.0740336
internal_weight=10342 5171 3827 2616 2412 120 2292 360 204 1211 1163 108 156 5171 3447 3303 1344 1188 1020 960 1724 1007 3257 732 276 168 97 980 1932 3202
internal_count=10342 5171 3827 2616 2412 120 2292 360 204 1211 1163 108 156 5171 3447 3303 1344 1188 1020 960 1724 1007 3257 732 276 168 97 980 1932 3202
is_linear=0
shrinkage=0.05


Tree=69
num_leaves=31
num_cat=0
split_feature=11 5 4 9 7 9 16 9 12 2 0 13 2 11 13 18 0 10 13 16 17 19 13 11 14 14 19 16 0 13
split_gain=9991.82 8355.28 4332.55 3257.71 2400.87 2168.1 2158.75 2140.69 2109.64 2107.21 2211.02 2101.46 2000.37 3111.23 1876.2 7386.93 1832.18 3696.54 1935.48 1681.26 1628.04 2497.66 1822.48 1613.79 1521.54 1607.84 1469.24 2755.7 1447.1 1476.88
threshold=251.51500000000001 -0.70710678118654757 -0.78656609248549292 335.92000000000002 -0.99761278905001471 338.81000000000006 370.88949404761911 298.98500000000007 383.47229166666676 1.5000000000000002 3.5000000000000004 10.18733216452757 3.5000000000000004 342.50500000000005 13.021684273779085 302.09000000000009 11.500000000000002 421.88500000000005 37.092153736074522 374.4775297619048 26.018330773267571 428.49500000000006 13.634155048378727 320.48500000000007 310.28000000000003 318.97500000000008 440.85000000000008 361.99747023809533 21.500000000000004 42.065823514729608
decision_type=2 2 2 2 2 2 2 2 2 2 2 2 2 2 2 2 2 2 2 2 2 2 2 2 2 2 2 2 2 2
left_child=-1 5 12 4 -4 8 28 -6 11 10 14 -2 13 -3 15 -9 17 18 -13 -11 -15 22 -22 -12 -24 -26 -23 -28 29 -5
right_child=1 2 3 6 7 -7 -8 9 -10 19 23 16 -14 20 -16 -17 -18 -19 -20 -21 21 26 24 -25 25 -27 27 -29 -30 -31
leaf_value=-0.77900070039237423 0.32691834469636283 0.47817798301260528 -0.40378090859605714 0.11846559242531947 -0.38088396678750336 0.18315777229641014 -0.024182689148874881 -0.76224945962399326 0.28234555899877761 -0.072209498912280332 0.26399867079437594 -0.050344284919079288 -0.018019323037907244 0.32162430956959726 -0.0089736106721813088 -0.019199960853438825 0.074109643306135828 -0.48177165470219085 0.14961431953265811 -0.24077831690068333 -0.34598868943091171 0.17633610274749145 0.088025973306923924 0.018681007435309375 -0.29619660025110117 0.040598535881487326 -0.3573044137656689 0.079388835018965098 -0.095577123517389687 0.42730230375785716
leaf_weight=41 66 47 52 322 52 432 741 47 102 2855 73 454 930 58 217 116 1322 42 165 156 48 350 166 821 74 68 40 373 68 44
leaf_count=41 66 47 52 322 52 432 741 47 102 2855 73 454 930 58 217 116 1322 42 165 156 48 350 166 821 74 68 40 373 68 44
internal_value=3.10084e-11 0.00310058 -0.0229502 -0.0462589 -0.0660545 0.0809402 0.0276839 -0.0620052 0.0604112 -0.0581355 -0.0042317 0.0493632 0.0372586 0.079259 -0.105264 -0.233453 0.0401254 -0.0278432 0.00295647 -0.0809431 0.0633294 0.0499415 -0.0594185 0.0387125 -0.0147582 -0.134914 0.100967 0.0370941 0.11624 0.155594
internal_weight=10342 10301 7718 5564 4389 2583 1175 4337 2151 4285 1274 2049 2154 1224 380 163 1983 661 619 3011 1177 1119 356 894 308 142 763 413 434 366
internal_count=10342 10301 7718 5564 4389 2583 1175 4337 2151 4285 1274 2049 2154 1224 380 163 1983 661 619 3011 1177 1119 356 894 308 142 763 413 434 366
is_linear=0
shrinkage=0.05


Tree=70
num_leaves=31
num_cat=0
split_feature=11 5 9 7 2 0 17 15 14 16 9 16 18 9 7 16 6 4 18 17 16 13 0 7 9 17 4 13 15 13
split_gain=9017.62 7540.64 4034.08 3565.56 2706.09 3183.08 4496.42 2609.09 2731.23 2034.58 2014.98 4998.94 1854.48 5544.06 3966.73 2961.67 1787.11 1774.82 1758.22 4749.88 2913.42 3016.27 1744.51 1701.65 1676.97 1597.89 1773.73 1577.2 1536.56 1718.75
threshold=251.51500000000001 -0.70710678118654757 334.13500000000005 -0.99761278905001471 4.5000000000000009 3.5000000000000004 45.46741229618474 445.35000000000008 328.49500000000006 367.21672619047621 308.23000000000008 353.43000000000006 300.72500000000008 307.19500000000005 0.34033495509342482 358.34839285714293 0.57077594689671507 -0.60355339059327362 228.29500000000004 32.096326689572358 359.83952380952383 14.741334363978735 11.500000000000002 -0.039769286347669845 346.82000000000005 39.803227899270858 -0.37940952255126065 14.376815645731243 341.25500000000005 35.604678725174857
decision_type=2 2 2 2 2 2 2 2 2 2 2 2 2 2 2 2 2 2 2 2 2 2 2 2 2 2 2 2 2 2
left_child=-1 10 3 -3 5 -5 7 8 12 -4 11 -2 18 -14 15 25 -8 -11 19 -7 21 -20 -12 -22 -19 26 -15 -6 -16 -30
right_child=1 2 9 4 27 6 16 -9 -10 17 22 -13 13 14 28 -17 -18 24 20 -21 23 -23 -24 -25 -26 -27 -28 -29 29 -31
leaf_value=-0.74005068918553807 0.045389551731544395 -0.44760431248944732 0.1249609262179692 -0.10172342600524656 -0.017528327480319638 -0.44933971110041498 -0.5889834812501582 -0.28471115070962066 0.23123652389418192 0.086703907656315041 0.030887667575936303 -0.51356843981387401 -0.59052001718609104 0.66692789551757636 0.21977579936030367 0.033774551496441874 -0.12492926120758058 -0.06060639904288978 0.37433446202576159 0.041307366526636642 0.067147764989307954 0.095586962238263157 0.12336203075362349 -0.38293817600767532 0.10386242206926302 0.059453467723159563 0.20740875811094331 -0.11925833561220905 -0.1678563363859972 -0.020893425571820921
leaf_weight=41 240 54 514 835 540 54 41 69 154 498 765 48 42 42 42 406 42 804 125 570 42 434 1530 42 192 42 42 1294 378 420
leaf_count=41 240 54 514 835 540 54 41 69 154 498 765 48 42 42 42 406 42 804 125 570 42 434 1530 42 192 42 42 1294 378 420
internal_value=-4.40148e-11 0.00294555 -0.0218027 -0.0432392 -0.0393785 -0.0154211 0.00870428 0.0190754 0.0264692 0.0391546 0.0768932 -0.0477701 0.0147071 -0.0246567 -0.00733433 0.0994956 -0.354161 0.00963359 0.0586379 -0.00115248 0.116662 0.157919 0.0925372 -0.157895 -0.0289016 0.311263 0.437168 -0.0893051 -0.0749933 -0.0905074
internal_weight=10342 10301 7718 5710 5656 3822 2987 2904 2835 2008 2583 288 2681 1414 1372 532 83 1494 1267 624 643 559 2295 84 996 126 84 1834 840 798
internal_count=10342 10301 7718 5710 5656 3822 2987 2904 2835 2008 2583 288 2681 1414 1372 532 83 1494 1267 624 643 559 2295 84 996 126 84 1834 840 798
is_linear=0
shrinkage=0.05


Tree=71
num_leaves=31
num_cat=0
split_feature=11 5 9 15 0 7 2 19 16 2 0 17 13 12 12 18 14 12 6 12 15 11 9 15 16 18 9 2 9 7
split_gain=8138.4 6840.59 3273.16 3174.35 2768.99 2641.63 2392 2598.75 2377.1 2186.44 2315.13 3355.52 1952.88 1754.38 1747.29 1737.5 5009.5 2936.74 2141.92 1940.07 1674.99 2572.66 2376.13 1657.19 2115.72 4444.77 1616.64 1658.26 2111.83 2905.89
threshold=251.51500000000001 -0.5 332.37500000000006 456.68500000000006 11.500000000000002 -0.99761278905001471 2.5000000000000004 440.13500000000005 374.94699404761911 4.5000000000000009 3.5000000000000004 45.46741229618474 10.18733216452757 353.75500000000011 359.33729166666672 303.89000000000004 306.63000000000005 357.96062500000005 -0.43733984355855576 337.5870833333334 364.61000000000007 320.48500000000007 309.75500000000005 359.85000000000008 359.83952380952383 305.20000000000005 304.92500000000001 1.5000000000000002 336.97000000000008 -0.30982845708428081
decision_type=2 2 2 2 2 2 2 2 2 2 2 2 2 2 2 2 2 2 2 2 2 2 2 2 2 2 2 2 2 2
left_child=-1 3 5 4 26 -3 7 -4 -9 10 -7 20 -6 -11 15 17 -17 18 -14 -18 21 -12 -22 24 -23 -26 -2 28 29 -28
right_child=1 2 6 -5 12 9 -8 8 -10 13 11 -13 14 -15 -16 16 19 -19 -20 -21 22 23 -24 -25 25 -27 27 -29 -30 -31
leaf_value=-0.70304814257272863 -0.23381744808478594 -0.41834831821421786 0.17811328662989909 0.46405639819179972 0.37075990503033007 -0.096841114594114625 -0.017318443190177075 0.07476163874433904 -0.19469860226048954 -0.053483099235482168 0.3883607796469673 -0.33646779089746343 0.37420289300490117 -0.16567220034843019 0.12302171035667281 -0.55234952674350812 0.31677523715628519 -0.29028957401003158 0.076466758575136823 -0.041582756941305837 -0.29976828954049517 0.079337656194847728 -0.0020903792500732124 0.25733445522080112 -0.54564215017760054 0.036863086990908615 -0.18790921064404151 -0.02670730387526651 0.37291004344820977 0.15728187690434792
leaf_weight=41 72 48 424 48 60 783 1296 304 112 928 61 71 69 558 1134 45 45 49 485 235 70 381 1584 82 47 108 90 863 60 189
leaf_count=41 72 48 424 48 60 783 1296 304 112 928 61 71 69 558 1134 45 45 49 485 235 70 381 1584 82 47 108 90 863 60 189
internal_value=1.50227e-10 0.00279827 -0.026078 0.060291 0.054584 -0.0493145 0.0252793 0.0910016 0.00221465 -0.0455239 -0.02217 0.00215098 0.0895672 -0.0956106 0.0813851 0.0305058 -0.0626855 0.0807333 0.113549 0.0160105 0.0124561 0.078579 -0.0146886 0.0480018 0.015977 -0.139768 -0.00368462 0.0101004 0.103803 0.0459299
internal_weight=10342 10301 6857 3444 3396 4721 2136 840 416 4673 3187 2404 2122 1486 2062 928 325 603 554 280 2333 679 1654 618 536 155 1274 1202 339 279
internal_count=10342 10301 6857 3444 3396 4721 2136 840 416 4673 3187 2404 2122 1486 2062 928 325 603 554 280 2333 679 1654 618 536 155 1274 1202 339 279
is_linear=0
shrinkage=0.05


Tree=72
num_leaves=31
num_cat=0
split_feature=5 9 7 0 13 14 12 10 13 7 7 15 11 9 7 12 15 15 6 17 15 16 0 13 6 9 4 2 13 7
split_gain=7378.13 4114.09 3673.34 3254.72 2166.31 2440.45 6289.41 2041.11 2264.55 2007.49 3539.11 9969.28 8589.04 2092.56 1980.04 2023.07 1905.99 1898.02 2209.68 2528.01 2673.72 1932.44 1904.98 3115.91 1861.83 3728.61 5960.08 3604.63 1859.58 1837.85
threshold=0.25881904510252057 334.13500000000005 -0.99761278905001471 11.500000000000002 10.18733216452757 300.90500000000003 322.31208333333342 421.88500000000005 37.092153736074522 -0.84313311835787952 -0.70289845916694649 369.31500000000005 300.34000000000009 308.23000000000008 -0.40613878790836594 344.15020833333341 407.82500000000005 375.60000000000008 -0.66528616069191593 37.300787137782258 445.76000000000005 375.36485119047626 13.500000000000002 40.592540559425068 -0.048361574224334618 336.53000000000003 0.37940952255126054 1.0000000180025095e-35 37.162828750675423 -0.87810534180523914
decision_type=2 2 2 2 2 2 2 2 2 2 2 2 2 2 2 2 2 2 2 2 2 2 2 2 2 2 2 2 2 2
left_child=1 2 -1 7 -5 -6 -7 8 -4 24 11 -11 -12 14 -14 -16 -15 -3 -19 20 21 -20 23 -21 25 26 -2 -26 -18 -23
right_child=9 17 3 4 5 6 -8 -9 -10 10 12 -13 13 16 15 -17 28 18 19 22 -22 29 -24 -25 27 -27 -28 -29 -30 -31
leaf_value=-0.4541742763814649 0.0041692768999685844 0.29146564817758253 -0.062366225675351473 0.30882963586598633 0.17134015470309816 -0.59624303378164767 0.036727216689967916 -0.34280619433400439 0.057360694475998592 -0.88482297046148062 0.58677769830593707 -0.092788612936579057 -0.47256504147848555 0.0061838915102181268 -0.074907399092903712 -0.39757846904725863 -0.15117224408037122 0.25196051871056085 0.10184503747794074 -0.20991891781730893 0.39230706210647315 0.015430499102304956 -0.30939714302221549 0.36787666817661374 0.50088984870910647 0.062924124527256931 -0.78376610230377997 0.043395608042276677 -0.043046095356075391 -0.37240861171767831
leaf_weight=42 60 126 1271 80 328 40 2079 52 573 49 52 210 47 1093 299 58 581 182 868 56 70 112 72 40 50 200 40 310 1260 42
leaf_count=42 60 126 1271 80 328 40 2079 52 573 49 52 210 47 1093 299 58 581 182 868 56 70 112 72 40 50 200 40 310 1260 42
internal_value=6.93151e-11 0.0356913 0.0112231 0.0156424 0.0527947 0.0444241 0.0247787 -0.0338743 -0.0251626 -0.0499711 -0.0644854 -0.242633 -0.0508747 -0.0608081 -0.167494 -0.12733 -0.046118 0.105366 0.0891053 0.0655818 0.0933608 0.0728851 -0.114982 0.0308292 0.030275 -0.0617189 -0.311005 0.106936 -0.0771696 -0.0903438
internal_weight=10342 6033 4465 4423 2527 2447 2119 1896 1844 4309 3649 259 3390 3338 404 357 2934 1568 1442 1260 1092 1022 168 96 660 300 100 360 1841 154
internal_count=10342 6033 4465 4423 2527 2447 2119 1896 1844 4309 3649 259 3390 3338 404 357 2934 1568 1442 1260 1092 1022 168 96 660 300 100 360 1841 154
is_linear=0
shrinkage=0.05


Tree=73
num_leaves=31
num_cat=0
split_feature=11 5 4 9 12 12 2 14 7 10 7 2 14 16 18 14 6 17 13 9 10 18 15 13 17 19 5 6 6 6
split_gain=7446.95 5875.9 3244.09 2459.11 2159.03 4624.35 1903.72 2175.15 4282.56 1760.03 2360.07 1721.54 1590.73 2112.65 2306.72 1533.35 1464.56 1425.78 1463.08 1367.74 2170.89 1439.65 3433.84 1332.75 1319.14 2617.71 1251.71 1244.59 1346.09 2219.99
threshold=251.51500000000001 -0.70710678118654757 -0.78656609248549292 308.23000000000008 342.59229166666677 349.4656250000001 1.5000000000000002 336.06500000000005 -0.9575230291762723 317.14000000000004 0.5403928698825039 3.5000000000000004 329.98500000000007 369.47148809523816 310.99500000000006 328.75000000000006 0.9550229469509578 37.300787137782258 38.359578653249329 323.54500000000002 421.88500000000005 305.08500000000009 360.64500000000004 38.443165025123484 26.018330773267571 396.82500000000005 0.60355339059327384 0.86113431103781346 0.082691702092476851 -0.94705910369513524
decision_type=2 2 2 2 2 2 2 2 2 2 2 2 2 2 2 2 2 2 2 2 2 2 2 2 2 2 2 2 2 2
left_child=-1 11 12 4 9 -6 7 8 -5 -4 -11 24 15 14 -14 16 27 18 -15 20 21 -13 -23 -19 -2 -26 -10 28 29 -3
right_child=1 2 3 6 5 -7 -8 -9 26 10 -12 19 13 17 -16 -17 -18 23 -20 -21 -22 22 -24 -25 25 -27 -28 -29 -30 -31
leaf_value=-0.67251910814424853 0.30358763375343423 0.13811731959419216 -0.016362288084919335 -0.38735247431609499 -0.67427651165769653 -0.00082154327630996709 -0.046123692300206812 0.27204282307122124 0.085985882782475334 -0.47926987840777691 -0.098781269538652655 0.044395729175525735 0.067324617965654907 0.063086402823285356 0.51561458945274363 -0.22017371170762656 0.25302481946463767 0.086277895023425422 0.39366931928321724 0.077586711334122593 -0.37056942571732426 -0.52068249615175388 0.022234660888973037 -0.28879378831386565 -0.29645010836067653 0.10438291382909599 -0.018792917173058525 -0.10914194925639192 0.079251412137256907 -0.068614016816189338
leaf_weight=41 78 170 305 65 52 50 3663 83 532 57 143 387 55 205 60 69 65 45 40 546 44 42 95 50 42 1349 614 190 655 550
leaf_count=41 78 170 305 65 52 50 3663 83 532 57 143 387 55 205 60 69 65 45 40 546 44 42 95 50 42 1349 614 190 655 550
internal_value=-7.4552e-11 0.00267676 -0.0191695 -0.0393389 -0.13433 -0.344152 -0.027707 0.024426 0.00745477 -0.0919497 -0.207221 0.0679534 0.0329302 0.115961 0.301215 0.0106943 0.0204672 0.0533009 0.117059 0.0210791 -0.0332399 -0.00491455 -0.144207 -0.111128 0.1035 0.0922801 0.0298479 0.0108083 0.0273832 -0.0198025
internal_weight=10342 10301 7718 5564 607 102 4957 1294 1211 505 200 2583 2154 455 115 1699 1630 340 245 1114 568 524 137 95 1469 1391 1146 1565 1375 720
internal_count=10342 10301 7718 5564 607 102 4957 1294 1211 505 200 2583 2154 455 115 1699 1630 340 245 1114 568 524 137 95 1469 1391 1146 1565 1375 720
is_linear=0
shrinkage=0.05


Tree=74
num_leaves=31
num_cat=0
split_feature=11 5 2 17 7 6 6 9 6 6 6 6 15 13 10 6 6 9 6 7 6 0 13 7 6 0 9 18 13 11
split_gain=6720.87 5339.72 4334.55 5565.39 3641.94 8678.61 3190.74 2502.01 11413.9 2605.1 4511.14 6270.16 3643.99 3138.9 4602.79 2598.1 3719.38 4088.69 2770.07 2460.64 2188.73 2420.78 2144.16 2134.56 8465.76 2116.03 2068.61 1983.31 1865.24 1831.3
threshold=251.51500000000001 0.60355339059327384 4.5000000000000009 45.46741229618474 -0.99761278905001471 0.01505151768384008 0.57077594689671507 307.05500000000001 -0.12546116083924153 -0.69057362043749781 -0.54220184589352438 -0.58482361983252518 401.93000000000006 43.225061852357669 415.22000000000008 0.9550229469509578 0.80926549319045582 311.53000000000003 0.99907018497641664 -0.96687281075841669 0.15101559051660998 12.500000000000002 34.214723565693482 0.94909129669788206 0.26866988313759588 8.5000000000000018 320.38000000000005 300.96500000000009 12.597542009912422 302.34500000000008
decision_type=2 2 2 2 2 2 2 2 2 2 2 2 2 2 2 2 2 2 2 2 2 2 2 2 2 2 2 2 2 2
left_child=-1 2 3 4 5 -2 -5 8 -6 12 11 -11 28 15 26 16 23 -18 25 -4 -10 -22 -19 -12 27 -17 -15 -25 -9 -3
right_child=1 29 19 6 7 -7 -8 9 20 10 13 -13 -14 14 -16 18 17 22 -20 -21 21 -23 -24 24 -26 -27 -28 -29 -30 -31
leaf_value=-0.63889316771088578 -0.69968420673234799 0.18687328008281723 0.17073188987560572 -0.60134373700618748 -0.64587996359914546 0.22272781379813075 -0.039253345287094517 0.19458288582029687 -0.10664774269224651 0.017533629933212769 0.12162066765227526 -0.50038714678848495 0.089489922845517017 -0.20294622871259305 -0.60372562996577472 0.063895440813567905 0.32706461454577307 -0.20567676972458773 -0.085217691823730582 -0.049162060170963806 0.020288627496403127 0.44291916765505451 -0.0092391248915673196 0.18481361199462532 -0.60792349290614034 0.35246055881259425 0.15524948354396556 -0.040619758833299352 0.47061634425292997 -0.060172194071732278
leaf_weight=41 51 77 136 50 68 51 51 153 83 187 1659 85 850 73 40 90 68 221 68 1971 72 64 374 204 51 216 90 187 102 2909
leaf_count=41 51 77 136 50 68 51 51 153 83 187 1659 85 850 73 40 90 68 221 68 1971 72 64 374 204 51 216 90 187 102 2909
internal_value=2.47204e-10 0.00254292 0.0255429 0.050024 0.0572928 -0.238478 -0.317516 0.0633205 -0.0800139 0.0720396 0.0514925 -0.144317 0.139222 0.0674339 -0.123112 0.0797605 0.063025 -0.0402256 0.203442 -0.0349686 0.0956888 0.219174 -0.0822017 0.0956072 -0.00203171 0.267588 -0.00516946 0.0769977 0.304996 -0.0538016
internal_weight=10342 10301 7315 5208 5107 102 101 5005 287 4718 3613 272 1105 3341 203 3138 2764 663 374 2107 219 136 595 2101 442 306 163 391 255 2986
internal_count=10342 10301 7315 5208 5107 102 101 5005 287 4718 3613 272 1105 3341 203 3138 2764 663 374 2107 219 136 595 2101 442 306 163 391 255 2986
is_linear=0
shrinkage=0.05


Tree=75
num_leaves=31
num_cat=0
split_feature=11 5 9 7 13 9 16 18 2 16 18 17 12 12 16 16 16 6 16 17 4 17 7 15 9 13 15 15 17 17
split_gain=6065.58 5115.54 2797.63 2624.32 1980.3 2046.46 4171.78 2432.27 6403.37 2190.17 2155.88 2281.55 3661.6 2985.47 2179.59 1974.09 1721.4 1643.48 2575.19 2177.71 1630.15 1835.38 1623.66 1590.19 1563.12 1523.73 1621.24 2035.6 1860.79 2511.47
threshold=251.51500000000001 -0.70710678118654757 334.13500000000005 -0.99761278905001471 10.322301615318512 308.23000000000008 360.80937500000005 168.59000000000003 3.5000000000000004 374.74690476190477 324.54000000000002 37.123945814626033 344.36812500000002 333.98812500000008 351.28383928571435 353.724880952381 373.57255952380962 0.01505151768384008 344.77922619047627 28.874532703509917 -0.60355339059327362 41.606956917221218 -0.84313311835787952 455.73500000000007 320.50500000000005 10.18733216452757 411.15500000000003 420.29000000000002 37.3448970847843 34.332654413925532
decision_type=2 2 2 2 2 2 2 2 2 2 2 2 2 2 2 2 2 2 2 2 2 2 2 2 2 2 2 2 2 2
left_child=-1 23 3 -3 -5 6 7 8 -6 10 11 14 13 -13 24 -16 -4 -9 19 -19 21 -14 -18 25 -7 -2 28 -28 29 -27
right_child=1 2 16 4 5 9 -8 17 -10 -11 -12 12 20 -15 15 -17 22 18 -20 -21 -22 -23 -24 -25 -26 26 27 -29 -30 -31
leaf_value=-0.60694848342639651 0.28501226555866505 -0.38273098631589503 0.068769055048409952 0.12405942543959006 -0.73656248645262523 -0.041382354842143192 -0.47469821672162249 -0.14239087648915524 0.017955159662025318 -0.20592939876548855 0.17222566982092977 0.020482602904840615 0.085441443985328089 0.25957459043063547 -0.40634797283068852 -0.096315509554133538 0.046494263699327514 0.056850137132116486 -0.090278292707232546 0.44684221261739732 -0.059159177908771447 -0.13391625577067376 -0.10005585227993802 0.36847073433122468 0.11724871141986565 0.031200593130456079 0.24200662557494035 0.064615458374869483 0.096204306052104172 -0.15398275937669556
leaf_weight=41 72 54 1252 195 47 720 72 231 70 162 143 302 480 230 54 1044 378 126 215 50 1198 119 378 42 198 522 191 1055 419 282
leaf_count=41 72 54 1252 195 47 720 72 231 70 162 143 302 480 230 54 1044 378 126 215 50 1198 119 378 42 198 522 191 1055 419 282
internal_value=2.65102e-10 0.00241577 -0.0179681 -0.0358196 -0.0325075 -0.0380982 -0.111389 -0.0759925 -0.285142 -0.0253156 -0.0187961 -0.0250829 0.00862648 0.123849 -0.0640259 -0.111563 0.0327951 -0.036651 0.0258194 0.167643 -0.0254852 0.0418629 -0.0267808 0.0633226 -0.00716781 0.0582789 0.051667 0.0918078 0.0107712 -0.0337518
internal_weight=10342 10301 7718 5710 5656 5461 811 739 117 4650 4488 4345 2329 532 2016 1098 2008 622 391 176 1797 599 756 2583 918 2541 2469 1246 1223 804
internal_count=10342 10301 7718 5710 5656 5461 811 739 117 4650 4488 4345 2329 532 2016 1098 2008 622 391 176 1797 599 756 2583 918 2541 2469 1246 1223 804
is_linear=0
shrinkage=0.05


Tree=76
num_leaves=31
num_cat=0
split_feature=11 5 4 9 12 12 9 14 16 14 17 12 12 9 16 13 13 7 2 18 6 14 15 15 18 13 9 13 13 18
split_gain=5474.19 4616.78 2682.69 2254.08 1936.08 4247.78 1908.57 1803.25 2300.99 1958.85 1693.69 1610.57 4067.46 1767.59 2254.61 1909.99 1560.16 3289.07 1538.55 1515.83 1512.85 1620.29 1511.97 2262.02 5609.52 2015.4 2159.1 1796.14 2757.82 1596.59
threshold=251.51500000000001 -0.70710678118654757 -0.60355339059327362 308.23000000000008 342.59229166666677 349.4656250000001 346.82000000000005 329.98500000000007 371.35380952380962 331.50000000000006 37.300787137782258 343.02125000000007 344.15020833333341 322.52000000000004 365.43247023809528 43.658056687438318 13.021684273779085 -0.40613878790836594 5.5000000000000009 326.05500000000001 0.27694220057652758 305.92500000000007 433.27500000000003 429.54000000000002 299.17000000000002 37.396318979479872 338.81000000000006 10.790393427095889 11.482999848160668 305.55500000000001
decision_type=2 2 2 2 2 2 2 2 2 2 2 2 2 2 2 2 2 2 2 2 2 2 2 2 2 2 2 2 2 2
left_child=-1 22 7 4 16 -6 11 19 9 -9 -10 -5 -13 15 20 -14 17 -4 -18 -3 -15 -22 23 25 -25 26 27 -2 -29 -30
right_child=1 2 3 6 5 -7 -8 8 10 -11 -12 12 13 14 -16 -17 18 -19 -20 -21 21 -23 -24 24 -26 -27 -28 28 29 -31
leaf_value=-0.5766010610068717 0.19855559620695809 0.0094873782124984055 -0.60765167593956004 0.034509221743406392 -0.66876110368563491 0.0036195281731045761 0.11867385807973162 0.54842736302387152 0.099589860969215863 0.16034701420770336 -0.14108361028427005 -0.41922186592904231 -0.078216972967057069 0.10691387571542164 -0.054605353694826768 -0.40072093491132066 0.074670234019464321 -0.090100257832444075 -0.15832475776473681 -0.27779748579289054 0.25784760772900578 -0.047951810591254251 0.14212160118537032 -0.59613049475753566 0.032969149401954688 0.17125822702666185 0.1899481451341111 -0.31851424070244488 0.057207344090833168 -0.061426169091266483
leaf_weight=41 120 1991 40 724 48 46 216 42 258 144 102 72 1054 476 1493 48 173 132 120 47 48 444 462 47 144 329 198 66 767 450
leaf_count=41 120 1991 40 724 48 46 216 42 258 144 102 72 1054 476 1493 48 173 132 120 47 48 444 462 47 144 329 198 66 767 450
internal_value=-2.08674e-11 0.00229499 -0.0170697 -0.0379829 -0.132763 -0.339724 -0.0264021 0.0244816 0.105179 0.247978 0.031399 -0.033591 -0.0471549 -0.0396363 -0.0160702 -0.0922643 -0.0909254 -0.210461 -0.0207543 0.00286206 0.0433648 -0.0181177 0.0601565 0.0423027 -0.121835 0.0585465 0.0353846 0.0135716 -0.00373007 0.0133412
internal_weight=10342 10301 7718 5134 559 94 4575 2584 546 186 360 4359 3635 3563 2461 1102 465 172 293 2038 968 492 2583 2121 191 1930 1601 1403 1283 1217
internal_count=10342 10301 7718 5134 559 94 4575 2584 546 186 360 4359 3635 3563 2461 1102 465 172 293 2038 968 492 2583 2121 191 1930 1601 1403 1283 1217
is_linear=0
shrinkage=0.05


Tree=77
num_leaves=31
num_cat=0
split_feature=5 0 2 9 13 13 13 16 11 9 19 11 11 9 14 15 17 13 6 17 6 6 12 12 7 14 17 9 9 14
split_gain=4973.49 2750.62 1906.94 1881.95 2154.88 1876.75 3705.57 2188.87 3835.23 3300.04 6075.14 2851.24 1862.59 2263.16 3406.5 2359.94 1915.29 4411.75 3630.9 2594.95 2674.93 2433.82 1574.12 3636.6 2640.13 1511.73 2201.6 1452.65 1947.93 1595.04
threshold=1.0000000180025095e-35 11.500000000000002 3.5000000000000004 336.02500000000003 42.065823514729608 10.322301615318512 10.607254350858371 342.42065476190481 303.74500000000006 308.23000000000008 420.76000000000005 302.34500000000008 355.57000000000005 308.23000000000008 303.91500000000002 341.97000000000008 39.947066393970559 43.225061852357669 0.93544191479114935 41.606956917221218 0.60555468348150676 0.90892735371523092 343.02125000000007 344.67562500000003 -0.89404254237865755 320.50500000000005 37.461003459720608 333.01000000000005 330.94500000000005 340.31000000000006
decision_type=2 2 2 2 2 2 2 2 2 2 2 2 2 2 2 2 2 2 2 2 2 2 2 2 2 2 2 2 2 2
left_child=1 3 12 -1 -5 -2 -7 8 -8 10 -9 -11 -3 14 -14 -15 17 18 21 20 -18 27 -13 -24 -25 -20 -27 28 -17 -29
right_child=5 2 -4 4 -6 6 7 9 -10 11 -12 22 13 15 -16 16 19 -19 25 -21 -22 -23 23 24 -26 26 -28 29 -30 -31
leaf_value=-0.032303389608887248 0.12970545004327072 0.33571172339841726 0.01988211389352602 0.048548540628578427 0.43323232233524323 -0.48206764534115792 0.51518709924678474 -0.71849835254251959 0.02088674253271789 -0.38594986255885222 -0.1109219429413012 0.05212006486326573 0.06843502906764426 0.44672823633466452 -0.48974973670229682 0.044088289817335501 0.59084250901056368 -0.40260325402875125 0.56525046703893522 0.075413046131024564 0.1077344611743275 -0.32153957574850039 -0.48333109533009327 0.066291485157831745 -0.054253718491978721 0.37354437482222774 -0.08002430155146413 0.1876762398051473 -0.30934733634903316 -0.11911237130359727
leaf_weight=1710 168 80 1302 405 40 47 43 48 449 57 288 512 82 49 41 543 69 48 42 147 49 42 46 536 2977 77 41 313 42 49
leaf_count=1710 168 80 1302 405 40 47 43 48 449 57 288 512 82 49 41 543 69 48 42 147 49 42 46 536 2977 77 41 313 42 49
internal_value=-8.79565e-11 0.0346735 0.0654988 -0.00846745 0.0831269 -0.0346735 -0.0401934 -0.0360029 0.0640878 -0.0470344 -0.197719 -0.0347694 0.10015 0.0886174 -0.117627 0.105406 0.0939666 0.0670395 0.0866591 0.215596 0.39023 0.0509088 -0.0298523 -0.0416449 -0.0358614 0.30764 0.215948 0.0674271 0.0187134 0.14615
internal_weight=10342 5171 3016 2155 445 5171 5003 4956 492 4464 336 4128 1714 1634 123 1511 1462 1197 1149 265 118 989 4071 3559 3513 160 118 947 585 362
internal_count=10342 5171 3016 2155 445 5171 5003 4956 492 4464 336 4128 1714 1634 123 1511 1462 1197 1149 265 118 989 4071 3559 3513 160 118 947 585 362
is_linear=0
shrinkage=0.05


Tree=78
num_leaves=31
num_cat=0
split_feature=11 5 17 6 2 7 6 11 7 17 9 6 6 6 6 15 13 10 9 7 9 6 6 7 9 11 7 12 6 9
split_gain=4973.05 4032.77 3512.83 10436.6 4041.07 3217.11 7473.35 2511.63 2844.7 3900.75 2247.02 9769.16 2358.19 4412.61 5165.49 2747.67 2707.27 3971.25 2316.8 2134.07 1991.7 1764.35 3378.67 2700.91 2262.64 1742.06 1713.78 1585.55 1517.52 2464.89
threshold=251.51500000000001 0.60355339059327384 45.46741229618474 0.54219432480460406 4.5000000000000009 -0.99761278905001471 0.01505151768384008 333.72000000000008 0.99681593486783593 23.26182996334725 307.05500000000001 -0.12546116083924153 -0.69057362043749781 -0.54220184589352438 -0.58482361983252518 401.93000000000006 43.225061852357669 415.22000000000008 348.18500000000006 -0.96687281075841669 317.82000000000005 0.95998215779580554 0.8697513045430848 -0.32613736746952143 332.92000000000002 302.34500000000008 -0.6391983530350368 336.86708333333337 -0.8041866928211282 343.89000000000004
decision_type=2 2 2 2 2 2 2 2 2 2 2 2 2 2 2 2 2 2 2 2 2 2 2 2 2 2 2 2 2 2
left_child=-1 2 4 -4 5 6 -2 -7 9 -9 11 -11 15 14 -14 27 18 20 21 -6 -18 22 -15 -24 -23 -3 -27 -12 29 -17
right_child=1 25 3 -5 19 7 -8 8 -10 10 12 -13 13 16 -16 28 17 -19 -20 -21 -22 24 23 -25 -26 26 -28 -29 -30 -31
leaf_value=-0.54957507201811173 -0.65514404849678876 0.18795919470585787 -0.80371542415767916 0.10666389068369481 0.15950707511562059 0.21362751778676983 0.20082390135994146 0.50791445125211421 -0.19185055798385295 -0.61454971304306616 0.16115421057021356 0.14543664156159095 -0.0080898985582004701 0.065406153538537307 -0.48702582293246172 0.021868562127278415 -0.26177146185962663 -0.57114430757239465 0.23603804101917134 -0.045392073758401041 0.11544239016123188 0.358039570340485 0.090033055551237237 -0.1869695202101756 0.073138474566565664 0.015634917528308059 -0.074453369697324953 0.42342321497946983 0.22350588162988425 0.38630371487140658
leaf_weight=41 51 77 50 85 136 242 51 47 120 65 136 121 175 1972 83 644 53 40 186 1937 103 102 132 264 220 693 2216 100 150 50
leaf_count=41 51 77 50 85 136 242 51 47 120 65 136 121 175 1972 83 644 53 40 186 1937 103 102 132 264 220 693 2216 100 150 50
internal_value=-2.05429e-11 0.00218742 0.0221754 -0.230514 0.0269266 0.0508252 -0.22716 0.0564904 0.0485065 0.0547187 0.0500842 -0.12015 0.0572641 0.0364417 -0.162166 0.121466 0.0531217 -0.126679 0.0653751 -0.0319496 -0.0127136 0.0535747 0.0386425 -0.0946353 0.163387 -0.0467786 -0.052992 0.272285 0.0792943 0.0481247
internal_weight=10342 10301 7315 135 7180 5107 102 5005 4763 4643 4596 186 4410 3330 258 1080 3072 196 2876 2073 156 2690 2368 396 322 2986 2909 236 844 694
internal_count=10342 10301 7315 135 7180 5107 102 5005 4763 4643 4596 186 4410 3330 258 1080 3072 196 2876 2073 156 2690 2368 396 322 2986 2909 236 844 694
is_linear=0
shrinkage=0.05


Tree=79
num_leaves=31
num_cat=0
split_feature=11 5 4 9 12 12 9 14 16 14 17 14 10 7 19 13 0 13 18 18 16 7 11 19 13 18 15 16 9 18
split_gain=4488.18 3788.95 2186.32 1879.87 1614.93 3633.83 1571.09 1534.71 1988.06 1739.05 1493.35 1453.47 1442.74 2035.37 1437.5 1378.42 1362.72 1352.34 1246.51 1567.21 1317.05 1826.53 1834.15 1770.21 1875.96 1563.94 1508.14 1756.35 1894.02 1496.56
threshold=251.51500000000001 -0.70710678118654757 -0.60355339059327362 308.23000000000008 342.59229166666677 349.4656250000001 346.82000000000005 329.98500000000007 371.35380952380962 331.50000000000006 37.300787137782258 300.90500000000003 318.65000000000003 0.5403928698825039 424.87000000000006 38.419708815269111 11.500000000000002 38.443165025123484 326.05500000000001 319.79000000000002 355.9445238095239 0.65720762023595369 338.10500000000008 431.00000000000006 15.629833060876502 314.78000000000003 421.98000000000008 348.7775595238096 324.90000000000003 229.64000000000001
decision_type=2 2 2 2 2 2 2 2 2 2 2 2 2 2 2 2 2 2 2 2 2 2 2 2 2 2 2 2 2 2
left_child=-1 16 7 4 12 -6 14 11 9 -9 15 -3 -4 -14 -5 -10 -2 -12 19 20 23 22 -22 26 -25 -24 27 29 -29 -13
right_child=1 2 3 6 5 -7 -8 8 10 -11 17 18 13 -15 -16 -17 -18 -19 -20 -21 21 -23 25 24 -26 -27 -28 28 -30 -31
leaf_value=-0.52209629314701733 0.0031358690698751177 0.11155849822643536 -0.01829186782376109 0.022955521144486905 -0.61424945296409239 0.0076450662120528846 0.10785768282108217 0.51231777821445756 0.040981654496567058 0.14665841016879616 0.0590553199329103 -0.097325985915958882 -0.49337265282361353 -0.094915707756654699 -0.045774459761547703 0.3540354817041329 0.080176013174524122 -0.30569529196730372 -0.268249557235407 0.12508693871592794 -0.361368256625202 -0.37377160275354981 0.014132846245002332 0.40395639895427005 0.049086529423172279 -0.18149481483798646 0.17874425923717874 -0.2932672761931705 0.040202014701384486 0.095534438643147035
leaf_weight=41 861 264 303 982 48 46 216 42 216 144 48 180 44 118 3377 42 1722 54 47 198 45 48 452 54 120 132 84 120 66 228
leaf_count=41 861 264 303 982 48 46 216 42 216 144 48 180 44 118 3377 42 1722 54 47 198 45 48 452 54 120 132 84 120 66 228
internal_value=5.08224e-11 0.00207805 -0.0154648 -0.0343444 -0.1209 -0.309918 -0.0237685 0.022046 0.0964923 0.229227 0.0279129 0.0021011 -0.0826901 -0.203139 -0.0302909 0.0919439 0.054496 -0.134048 -0.0141879 -0.0072737 -0.0244139 -0.0764725 -0.0537851 0.0169519 0.159219 -0.0300844 -0.0195591 -0.047602 -0.174939 0.010449
internal_weight=10342 10301 7718 5134 559 94 4575 2584 546 186 360 2038 465 162 4359 258 2583 102 1774 1727 1529 677 629 852 174 584 678 594 186 408
internal_count=10342 10301 7718 5134 559 94 4575 2584 546 186 360 2038 465 162 4359 258 2583 102 1774 1727 1529 677 629 852 174 584 678 594 186 408
is_linear=0
shrinkage=0.05


Tree=80
num_leaves=31
num_cat=0
split_feature=11 11 5 17 6 2 7 6 9 6 10 11 6 6 6 15 13 10 6 6 9 6 15 17 16 7 9 13 0 0
split_gain=4050.58 3478.58 4007.81 3085.9 9264.85 3574.4 2888.17 6711.65 2082.77 8351.68 4903.27 2329.72 2164.14 3907.25 4657.28 2458.05 2437.15 3594.59 2198.95 2429.06 3475.88 2120.53 2076.94 5003.78 1916.14 1907.1 1796.93 1646.57 1630.51 1557.78
threshold=251.51500000000001 300.34000000000009 0.60355339059327384 45.46741229618474 0.54219432480460406 4.5000000000000009 -0.99761278905001471 0.01505151768384008 307.05500000000001 0.048362692321690152 342.03500000000003 333.72000000000008 -0.69057362043749781 -0.54220184589352438 -0.58482361983252518 401.93000000000006 43.225061852357669 415.22000000000008 0.9550229469509578 0.80926549319045582 311.53000000000003 0.99907018497641664 355.28500000000003 34.332654413925532 335.96485119047628 -0.96687281075841669 317.82000000000005 34.214723565693482 8.5000000000000018 12.500000000000002
decision_type=2 2 2 2 2 2 2 2 2 2 2 2 2 2 2 2 2 2 2 2 2 2 2 2 2 2 2 2 2 2
left_child=-1 -2 3 5 -5 6 7 -3 9 10 -8 -10 15 14 -14 -13 18 26 19 22 -21 28 23 -15 -24 -7 -18 -22 -20 -11
right_child=1 2 -4 4 -6 25 8 -9 11 29 -12 12 13 16 -16 -17 17 -19 21 20 27 -23 24 -25 -26 -27 -28 -29 -30 -31
leaf_value=-0.49599147235474939 0.46160940876821188 -0.62205284417552109 -0.049066638764990039 -0.75691687864065171 0.10083483915228178 0.15004120777696647 -0.67821856843417194 0.18912240754374687 0.22945374911412217 0.0021707066491748511 -0.022143551547612467 0.25733930126021981 -0.0072803630009293562 0.1293886253229713 -0.46204624407621753 0.074802507725169096 -0.25020816757712722 -0.54492967868456621 0.05048704692886935 0.30067044348428168 -0.18946432867758844 -0.08127162912443503 -0.19138380691409113 -0.44773587965303002 0.095974947892151774 -0.043658615082207961 0.10808717753484989 -0.01503932906225426 0.30379222833585962 0.30620736485579986
leaf_weight=41 41 51 2949 50 85 136 68 51 195 89 49 236 175 93 83 844 53 40 90 67 215 67 60 63 1751 1936 103 365 216 80
leaf_count=41 41 51 2949 50 85 136 68 51 195 89 49 236 175 93 83 844 53 40 90 67 215 67 60 63 1751 1936 103 365 216 80
internal_value=1.20333e-10 0.00197414 0.000137394 0.0199846 -0.216851 0.0244401 0.0469239 -0.216465 0.0522949 -0.0787207 -0.403452 0.0602403 0.0529417 0.0335612 -0.153581 0.11469 0.0487302 -0.122068 0.0599375 0.0437321 -0.040308 0.173506 0.0713751 -0.103681 0.0864545 -0.0309447 -0.0136414 -0.0796969 0.229291 0.146093
internal_weight=10342 10301 10260 7311 135 7176 5104 102 5002 286 117 4716 4521 3441 258 1080 3183 196 2987 2614 647 373 1967 156 1811 2072 156 580 306 169
internal_count=10342 10301 10260 7311 135 7176 5104 102 5002 286 117 4716 4521 3441 258 1080 3183 196 2987 2614 647 373 1967 156 1811 2072 156 580 306 169
is_linear=0
shrinkage=0.05


Tree=81
num_leaves=31
num_cat=0
split_feature=5 15 13 13 11 9 17 11 2 12 18 9 4 9 12 19 0 13 17 9 16 12 10 17 13 16 6 9 6 13
split_gain=3791 2254.48 2087.06 2913.94 12688.6 3332.52 4465.96 2972.62 2746.73 2520.58 2265.87 4412.3 3025.32 2127.35 1915.82 1875.08 1764.02 1666.78 1415.94 1349.31 1834.76 1298.08 1268.93 1820.65 1723.11 1243.28 1212.65 1201.41 1184.86 1165.21
threshold=-0.5 456.68500000000006 10.322301615318512 12.273067053899736 307.86500000000007 331.61000000000007 30.567077271337364 300.34000000000009 1.0000000180025095e-35 322.31208333333342 228.29500000000004 311.61500000000007 -0.37940952255126065 322.52000000000004 376.36166666666674 448.46000000000009 11.500000000000002 40.121445836053603 38.510675973285949 323.12000000000006 369.22538690476193 390.21750000000003 421.88500000000005 38.357251931318892 37.092153736074522 362.30127976190482 -0.48314718476766422 311.53000000000003 0.7090011537757156 10.18733216452757
decision_type=2 2 2 2 2 2 2 2 2 2 2 2 2 2 2 2 2 2 2 2 2 2 2 2 2 2 2 2 2 2
left_child=1 16 28 4 -4 6 -6 -5 10 -8 11 -9 -12 14 18 17 22 26 25 -11 -21 -17 24 -24 -1 -10 -15 -20 -2 -18
right_child=2 -3 3 7 5 -7 9 8 13 19 12 -13 -14 15 -16 21 29 -19 27 20 -22 -23 23 -25 -26 -27 -28 -29 -30 -31
leaf_value=-0.031494904794934414 0.21442926372918816 0.38308727436233314 -0.79101774398094182 0.36042613857067551 -0.60357987427241389 0.19680962029292629 -0.33539146211916121 -0.31997232178523061 -0.075177444862007045 0.077143658571575416 0.41917854881224531 0.32078097066418693 0.059725889294097827 -0.07170658334097213 -0.33452694213483486 -0.10925571957709242 0.28312422672907517 0.098658187762644498 -0.14765787609508188 -0.33732923724656477 0.050941984576638788 0.090167206628636143 0.0030411894300154279 -0.43547206104892056 0.10380037720522915 -0.26165406131088581 0.017091032457683977 0.01920965301274441 -0.025564961612690243 0.059602750202206213
leaf_weight=853 144 48 65 52 42 108 69 69 1297 201 96 44 150 495 64 544 60 496 127 58 64 96 56 41 325 96 1722 716 80 2064
leaf_count=853 144 48 65 52 42 108 69 69 1297 201 96 44 150 495 64 544 60 496 127 58 64 96 56 41 325 96 1722 716 80 2064
internal_value=1.32399e-10 0.0428145 -0.0214042 -0.0264449 -0.130893 -0.0517267 -0.113574 -0.0159898 -0.0192456 -0.0610738 0.114864 -0.0704755 0.2 -0.0277624 -0.0647966 -0.00235866 0.0380093 0.0158019 -0.0570762 -0.00247348 -0.133646 -0.0793423 -0.00848163 -0.18231 0.00583189 -0.0880287 -0.00273523 -0.00592935 0.128717 0.0659169
internal_weight=10342 3447 6895 6671 607 542 434 6064 6012 392 359 113 246 5653 2300 3353 3399 2713 2236 323 122 640 1275 97 1178 1393 2217 843 224 2124
internal_count=10342 3447 6895 6671 607 542 434 6064 6012 392 359 113 246 5653 2300 3353 3399 2713 2236 323 122 640 1275 97 1178 1393 2217 843 224 2124
is_linear=0
shrinkage=0.05


Tree=82
num_leaves=31
num_cat=0
split_feature=11 11 5 9 12 7 17 16 9 17 2 17 6 6 12 10 13 16 17 7 11 6 16 16 16 13 7 0 6 15
split_gain=3715.43 3076.81 3397.67 2768.41 4302.84 2230.24 5164.55 1958.86 7814.79 1988.56 3243.81 2080.91 1888.19 3093.24 2095.9 3108.8 1876.21 1993.6 1736.72 1583.64 1561.19 1548.45 1520 3430.01 3220.41 1522.69 1413.79 1407.37 2140.6 2055.46
threshold=251.51500000000001 300.34000000000009 0.60355339059327384 321.77500000000003 376.36166666666674 -0.99761278905001471 26.768341167857965 360.80937500000005 308.64500000000004 46.354287850065255 1.0000000180025095e-35 38.510675973285949 -0.95244167294248061 -0.96235977360714686 339.53000000000003 338.16500000000008 13.021684273779085 351.65622023809527 37.40346900133391 0.91852788691372023 369.18500000000006 -0.97509794945709805 351.3622023809524 354.16958333333343 352.78050595238102 36.257716411794824 -0.84313311835787952 12.500000000000002 0.56369777965491019 426.03000000000003
decision_type=2 2 2 2 2 2 2 2 2 2 2 2 2 2 2 2 2 2 2 2 2 2 2 2 2 2 2 2 2 2
left_child=-1 -2 3 4 7 6 -5 9 -9 10 16 22 13 -7 15 -14 17 -3 -18 -16 -10 -22 25 24 -24 -12 -4 29 -29 -13
right_child=1 2 26 5 -6 12 -8 8 20 -11 11 27 14 -15 19 -17 18 -19 -20 -21 21 -23 23 -25 -26 -27 -28 28 -30 -31
leaf_value=-0.47502899140846444 0.43416827829872695 -0.10802728121437261 0.036335878842768413 0.084191844967358265 -0.41090871319174771 0.10117872126782552 -0.5522533080202765 -0.60030062957940733 -0.11879594239815161 -0.26206165738403797 -0.05130763122188238 0.048582768150501783 0.079247513057457086 0.51525339864048314 0.036816104945278337 -0.52656662359833717 0.39424215271921442 0.16549107195212953 0.10029289588239043 0.17501333662186544 -0.12930115526914596 0.20676025100940959 -0.12997111187261695 -0.036278260720951749 -0.65557613751905808 0.090643553477438063 -0.059851042523807158 0.279317979787437 0.020917511789087694 -0.25087903896477859
leaf_weight=41 41 118 451 85 68 390 51 68 164 67 729 297 45 51 3344 40 101 153 100 221 50 109 68 289 51 255 2498 142 184 71
leaf_count=41 41 118 451 85 68 390 51 68 164 67 729 297 45 51 3344 40 101 153 100 221 50 109 68 289 51 255 2498 142 184 71
internal_value=-6.6049e-11 0.00189071 0.000163283 0.0184374 -0.0175836 0.0447181 -0.154475 -0.00871551 -0.113123 0.00683626 0.0138793 -0.0129038 0.05134 0.149065 0.0395327 -0.205841 0.132247 0.0463945 0.247999 0.0453832 -0.0105595 0.101081 -0.0481652 -0.129306 -0.35523 -0.0145215 -0.0451409 0.0578223 0.133472 -0.00919383
internal_weight=10342 10301 10260 7311 3084 4227 136 3016 391 2625 2558 2086 4091 441 3650 85 472 271 201 3565 323 159 1392 408 119 984 2949 694 326 368
internal_count=10342 10301 10260 7311 3084 4227 136 3016 391 2625 2558 2086 4091 441 3650 85 472 271 201 3565 323 159 1392 408 119 984 2949 694 326 368
is_linear=0
shrinkage=0.05


Tree=83
num_leaves=31
num_cat=0
split_feature=4 13 7 10 2 9 14 17 14 9 0 6 7 17 0 7 17 13 12 15 19 6 18 18 9 19 9 16 7 2
split_gain=3398 3086.08 8948.19 18363.9 2934.35 2228.05 1986.53 2294.97 2010.9 1767.73 1613.12 1657.32 4606.41 1864.77 2197.15 1492.66 4403.35 1485.03 1452.97 3036.53 2368.54 1577.63 1698.73 3052.8 2805.25 2446.18 1957.56 1910.8 4114.49 3222.19
threshold=0.12940952255126045 12.386566716141798 -0.62587551141915865 340.09000000000009 3.5000000000000004 346.82000000000005 305.46500000000009 39.724853079941902 303.91500000000002 299.45000000000005 21.500000000000004 -0.73866753694953124 0.56191161272202661 38.916707155804104 17.500000000000004 0.99681593486783593 25.299205526904164 8.2814152151796545 389.2091666666667 448.46000000000009 448.76000000000005 0.96465729447553372 304.34000000000009 305.20000000000005 336.53000000000003 404.90500000000003 334.13500000000005 348.43732142857147 0.86869874770991873 1.0000000180025095e-35
decision_type=2 2 2 2 2 2 2 2 2 2 2 2 2 2 2 2 2 2 2 2 2 2 2 2 2 2 2 2 2 2
left_child=4 2 3 -2 15 9 8 -8 -4 -3 11 12 13 14 -6 16 -1 -18 19 21 -20 22 24 -24 25 -19 -25 -27 -29 -30
right_child=1 5 6 -5 10 -7 7 -9 -10 -11 -12 -13 -14 -15 -16 -17 17 18 20 -21 -22 -23 23 26 -26 27 -28 28 29 -31
leaf_value=0.51999439023291838 -1.3668208170150009 -0.30558991648934108 -0.073096729611808617 -0.033288815184913355 -0.028697241905641248 0.14777144569564948 -0.031898539034884453 0.35413758619265123 -0.48708152693103668 -0.020131976977962353 -0.11093820163060696 0.024676449625875604 -0.57120247661474755 0.050643407657342265 -0.47161221270534126 -0.14168883557175543 0.32087486466536158 -0.057033203701855828 -0.027442315048896351 -0.33428313050132535 0.42529319245081681 0.18889813124341412 -0.37682930015815569 -0.038110533393946003 -0.155747193002548 0.24102876022379924 0.093906125161149059 0.13765671550910699 -0.47685081798296713 0.051205339635220865
leaf_weight=52 42 55 88 67 77 198 308 44 44 3894 372 1639 44 242 44 91 52 208 52 52 65 194 52 702 117 286 468 676 52 65
leaf_count=52 42 55 88 67 77 198 308 44 44 3894 372 1639 44 242 44 91 52 208 52 52 65 194 52 702 117 286 468 676 52 65
internal_value=1.74466e-10 -0.0311574 -0.137848 -0.547127 0.0263631 -0.0159013 -0.0456752 0.016356 -0.211092 -0.0241077 -0.0151622 0.00225165 -0.0880536 -0.0294901 -0.189757 0.0578984 0.0637705 0.0559692 0.0513606 0.0443244 0.224077 0.0513059 0.041141 -0.00196453 0.0786588 0.0999684 0.0146961 0.130234 0.090275 -0.183486
internal_weight=10342 4740 593 109 5602 4147 484 352 132 3949 2418 2046 407 363 121 3184 3093 3041 2989 2872 117 2820 2626 1222 1404 1287 1170 1079 793 117
internal_count=10342 4740 593 109 5602 4147 484 352 132 3949 2418 2046 407 363 121 3184 3093 3041 2989 2872 117 2820 2626 1222 1404 1287 1170 1079 793 117
is_linear=0
shrinkage=0.05


Tree=84
num_leaves=31
num_cat=0
split_feature=5 4 9 2 11 13 16 16 11 13 11 18 19 9 9 7 15 9 0 12 15 7 7 14 16 9 18 15 13 10
split_gain=3206.75 1968.15 1986.64 1707.47 1873.82 1221.43 1887.28 7647.7 3603.96 1914.92 2987.44 1858.36 1399.52 1194.19 1148.58 5247.92 1136.56 1110.59 1096.04 1085.62 2822.46 1426.75 1085.42 1082.96 1440.35 1600.04 1076.33 1050.07 1405.18 2639.92
threshold=-0.70710678118654757 -0.37940952255126065 346.82000000000005 3.5000000000000004 323.16500000000008 39.709215270480037 342.42065476190481 342.87892857142862 303.74500000000006 10.607254350858371 300.34000000000009 305.20000000000005 410.79000000000002 313.2050000000001 307.05500000000001 0.67007489853957602 340.62500000000006 343.89000000000004 7.5000000000000009 337.87958333333341 360.44000000000005 -0.96687281075841669 0.98899263613956456 330.12500000000006 373.57255952380962 336.02500000000003 315.11000000000007 455.73500000000007 42.554963238344357 422.73000000000008
decision_type=2 2 2 2 2 2 2 2 2 2 2 2 2 2 2 2 2 2 2 2 2 2 2 2 2 2 2 2 2 2
left_child=14 3 5 4 -2 6 8 -8 -3 11 -11 -9 -12 -14 15 -1 -16 -7 -10 -15 -21 -22 -17 -6 25 -25 -27 28 -18 -30
right_child=1 2 -4 -5 23 17 7 9 18 10 12 -13 13 19 16 22 27 -19 -20 20 21 -23 -24 24 -26 26 -28 -29 29 -31
leaf_value=-0.52347278404534636 0.3781423390089047 0.46052891676840579 0.11886755070776085 -0.027665733713899868 0.019859894795608679 -0.0024243886653203474 -0.73099382842327798 0.38201644904488191 0.045721464659819827 -0.46891442779046688 0.029560827997564855 0.0068028736196345451 -0.14901708436343225 0.069704279766418048 0.29939235486090182 0.14530894977709516 0.060332749078640446 0.25547585031017661 -0.13866924257306135 -0.39911895042787943 0.068132475155847846 -0.073471087507907165 -0.12262247568341318 0.40882406420465833 0.017024466719123579 -0.096821979251468474 0.2380180399399251 0.30130043022689368 0.072237992521303779 -0.32493035993405756
leaf_weight=48 42 46 198 1302 1337 814 43 44 281 46 360 132 457 150 48 126 2094 44 113 63 198 1751 54 69 168 42 56 42 104 70
leaf_count=48 42 46 198 1302 1337 814 43 44 281 46 360 132 457 150 48 126 2094 44 113 63 198 1751 54 69 168 42 56 42 104 70
internal_value=9.0483e-11 -0.0160766 -0.0361679 0.0154991 0.0482883 -0.0429264 -0.0554395 -0.0686195 0.0417328 -0.0597216 -0.0690497 0.100606 -0.0628753 -0.0755813 0.0482175 -0.0589446 0.0585792 0.0108013 -0.00716216 -0.0600585 -0.0697327 -0.0590855 0.0649295 0.0400025 0.120392 0.224379 0.0945152 0.0535753 0.0489878 -0.0875424
internal_weight=10342 7756 4740 3016 1714 4542 3684 3244 440 3201 3025 176 2979 2619 2586 228 2358 858 394 2162 2012 1949 180 1672 335 167 98 2310 2268 174
internal_count=10342 7756 4740 3016 1714 4542 3684 3244 440 3201 3025 176 2979 2619 2586 228 2358 858 394 2162 2012 1949 180 1672 335 167 98 2310 2268 174
is_linear=0
shrinkage=0.05


Tree=85
num_leaves=31
num_cat=0
split_feature=11 11 5 17 6 2 7 6 11 7 17 8 9 6 6 6 6 13 10 15 9 7 9 12 14 18 15 9 6 9
split_gain=3179.81 3058.61 2871.34 2446.73 8064.91 2678.47 2296.47 5972.45 1824.98 2010.83 2870.41 1651.71 1635.73 7493.39 1870.27 3332.45 4048.61 2164.93 3145.44 1907.3 1707.96 1572.35 1537.35 1465.47 1386.9 2480.26 2540.23 1906.97 1784.04 3328.22
threshold=251.51500000000001 300.34000000000009 0.60355339059327384 45.46741229618474 0.54219432480460406 4.5000000000000009 -0.99761278905001471 0.01505151768384008 333.72000000000008 0.99681593486783593 23.26182996334725 1.0000000180025095e-35 307.05500000000001 -0.12546116083924153 -0.69057362043749781 -0.54220184589352438 -0.58482361983252518 43.225061852357669 415.22000000000008 401.93000000000006 348.18500000000006 -0.96687281075841669 317.82000000000005 336.86708333333337 310.99500000000006 316.29500000000002 355.73500000000007 344.4550000000001 0.90162119223771331 323.69000000000011
decision_type=2 2 2 2 2 2 2 2 2 2 2 2 2 2 2 2 2 2 2 2 2 2 2 2 2 2 2 2 2 2
left_child=-1 -2 3 5 -5 6 7 -3 11 10 -10 -8 13 -12 19 16 -16 20 22 23 24 -7 -19 -14 -17 26 -26 -27 -28 -30
right_child=1 2 -4 4 -6 21 8 -9 9 -11 12 -13 14 -15 15 17 -18 18 -20 -21 -22 -23 -24 -25 25 27 28 -29 29 -31
leaf_value=-0.4394567530329635 0.43274621741800773 -0.57720897573356822 -0.041620738912289026 -0.69794098260998727 0.1023395353774814 0.13718559909064104 0.2423078340358841 0.18799316585063935 0.43226552068236029 -0.16380087889420492 -0.53871751314172378 -0.09684270120818507 0.12164569938664926 0.12688718777427005 -0.0090799662438886507 0.098108566698229205 -0.43308868869179751 -0.23656805800449737 -0.51474252611398696 0.067693703168985472 0.19909547189831414 -0.03869480600949543 0.094839488146871834 0.37378740310668945 -0.34520837668960375 0.11600323361423864 0.03106174976392477 -0.063205123126984925 0.1143480076614504 -0.24518821287758485
leaf_weight=41 41 51 2949 50 85 136 195 51 47 120 65 44 136 121 175 790 83 53 40 844 186 1936 103 100 62 720 648 187 99 184
leaf_count=41 41 51 2949 50 85 136 195 51 47 120 65 44 136 121 175 790 83 53 40 844 186 1936 103 100 62 720 648 187 99 184
internal_value=1.72945e-10 0.00174912 2.68162e-05 0.016826 -0.194061 0.0207933 0.0402564 -0.194608 0.0450457 0.0382805 0.0435033 0.17987 0.0395277 -0.105717 0.0456537 0.0271101 -0.145486 0.0416055 -0.11918 0.10283 0.0525631 -0.0271505 -0.0177541 0.228485 0.0424311 0.019281 -0.0353163 0.0790551 -0.014679 -0.119414
internal_weight=10342 10301 10260 7311 135 7176 5104 102 5002 4763 4643 239 4596 186 4410 3330 258 3072 196 1080 2876 2072 156 236 2690 1900 993 907 931 283
internal_count=10342 10301 10260 7311 135 7176 5104 102 5002 4763 4643 239 4596 186 4410 3330 258 3072 196 1080 2876 2072 156 236 2690 1900 993 907 931 283
is_linear=0
shrinkage=0.05


Tree=86
num_leaves=31
num_cat=0
split_feature=4 13 7 9 2 9 14 17 14 9 7 7 17 10 9 15 9 19 15 15 6 7 11 6 10 7 17 13 12 15
split_gain=2921.79 2764.17 7863.5 16987.6 2351.86 1763.54 1723.94 1909.64 1712.76 1482.31 1460.51 1777.41 1669.9 2412.43 1404.46 2220.64 1873.1 1329.16 1685.35 1618.07 1490.45 3071.93 1892.14 1444.63 1597.83 1267.39 3769.35 1254.5 1259.03 2662.45
threshold=0.12940952255126045 12.386566716141798 -0.62587551141915865 339.11000000000007 3.5000000000000004 346.82000000000005 305.46500000000009 39.724853079941902 303.91500000000002 299.45000000000005 -0.6391983530350368 -0.3744658827978154 41.866300447412648 358.41000000000003 311.3300000000001 347.04500000000007 340.185 448.46000000000009 439.56000000000006 455.73500000000007 0.78325454425165997 -0.5129677127369543 302.34500000000008 0.69676570133721638 418.89500000000004 0.99681593486783593 25.299205526904164 8.2814152151796545 389.2091666666667 448.46000000000009
decision_type=2 2 2 2 2 2 2 2 2 2 2 2 2 2 2 2 2 2 2 2 2 2 2 2 2 2 2 2 2 2
left_child=4 2 3 -2 25 9 8 -8 -4 -3 -6 -12 14 -14 15 -13 -16 18 20 -19 22 -22 -11 24 -24 26 -1 -28 29 -29
right_child=1 5 6 -5 10 -7 7 -9 -10 17 11 12 13 -15 16 -17 -18 19 -20 -21 21 -23 23 -25 -26 -27 27 28 -30 -31
leaf_value=0.48019378360074305 -1.0270981436394728 -0.27951281238685954 -0.070200474890456957 0.2451345181939277 0.057079170909514844 0.13116194944019721 -0.029690016782237823 0.32244954444468021 -0.45226560394194992 0.30468208220973614 -0.17712014211102939 0.077874803747981794 0.0074218432465568184 -0.50999591775783681 0.04353370973460044 -0.17743050764619539 -0.15763322880939368 -0.11826132017780433 0.11473259694652038 0.1984304121102799 -0.40924960925159132 -0.047850829021787493 -0.010621261436253443 0.1359244710977697 -0.31832727419082513 -0.13123232071380039 0.29434905141018908 0.046623127686936439 0.20741309364979021 -0.31443459695348375
leaf_weight=52 65 55 88 44 572 198 308 44 44 50 195 130 50 41 1053 247 130 484 264 44 66 539 2237 167 43 91 52 2820 117 52
leaf_count=52 65 55 88 44 572 198 308 44 44 50 195 130 50 41 1053 247 130 484 264 44 66 539 2237 167 43 91 52 2820 117 52
internal_value=-4.08312e-11 -0.0288918 -0.129864 -0.513536 0.0244461 -0.0144533 -0.0434588 0.0143274 -0.197556 -0.0217543 -0.0127299 -0.0343608 -0.0174995 -0.2257 -0.00535445 -0.0893942 0.0214275 -0.0181136 -0.00654397 -0.0918703 -0.0168654 -0.0872762 0.000194496 -0.00602715 -0.0164245 0.0526784 0.0580893 0.0508715 0.0466356 0.0400859
internal_weight=10342 4740 593 109 5602 4147 484 352 132 3949 2418 1846 1651 91 1560 377 1183 3894 3366 528 3102 605 2497 2447 2280 3184 3093 3041 2989 2872
internal_count=10342 4740 593 109 5602 4147 484 352 132 3949 2418 1846 1651 91 1560 377 1183 3894 3366 528 3102 605 2497 2447 2280 3184 3093 3041 2989 2872
is_linear=0
shrinkage=0.05


Tree=87
num_leaves=31
num_cat=0
split_feature=5 4 9 2 11 13 13 7 11 18 16 18 12 9 8 14 15 0 13 9 14 14 9 13 14 16 9 18 19 14
split_gain=2848.68 1632.75 1582.11 1330.01 1704.89 1044.55 2945.7 11190.2 2295.88 1742.44 1301.26 1276.29 1177.03 1147.45 1016.16 1001.96 990.319 980.115 1373.25 1300.9 1640.89 1168.53 1816.39 1072.9 963.388 1254.82 1421.92 954.239 953.796 1653.75
threshold=-0.70710678118654757 -0.37940952255126065 346.82000000000005 3.5000000000000004 323.16500000000008 10.322301615318512 12.273067053899736 -0.61236746317008228 300.34000000000009 305.20000000000005 374.4775297619048 326.65000000000003 322.31208333333342 321.77500000000003 1.0000000180025095e-35 310.41500000000002 455.73500000000007 12.500000000000002 43.348748382654456 304.92500000000001 303.51500000000004 299.94500000000005 307.05500000000001 42.659814409184754 330.12500000000006 373.57255952380962 336.02500000000003 315.11000000000007 441.13500000000005 305.32000000000005
decision_type=2 2 2 2 2 2 2 2 2 2 2 2 2 2 2 2 2 2 2 2 2 2 2 2 2 2 2 2 2 2
left_child=16 3 5 4 -2 9 7 -7 -8 -3 13 -12 -9 -10 -5 -15 17 19 21 -1 -21 -19 -23 -22 28 26 -26 -28 -6 -30
right_child=1 2 -4 14 24 6 8 12 10 -11 11 -13 -14 15 -16 -17 -18 18 -20 20 23 22 -24 -25 25 -27 27 -29 29 -31
leaf_value=-0.1959946601599869 0.35718062097827596 0.35443342578258707 0.1049015824556012 -0.010157643955561423 0.04313871617507313 -0.71903926797799378 0.30597278848290443 -0.23773451590289674 -0.056676551606142316 -0.017860764276913622 -0.34988393039865928 -0.086036094905300578 -0.0026073702778667213 0.0951394374659362 -0.16063598871170995 -0.013660392924184285 0.28625725976058414 0.28892771265271938 -0.15508052848634268 0.20070643382322073 0.013599729190147234 -0.16529956114695721 0.089255336604747326 -0.24415907497916903 0.38139882569295774 0.013983527433481954 -0.095057391419651971 0.22022015420453891 -0.34595390983990265 -0.014214759828160476
leaf_weight=72 42 44 198 1178 939 76 50 66 1664 110 55 275 275 242 124 1685 42 66 63 117 1041 75 1068 42 69 168 42 56 42 356
leaf_count=72 42 44 198 1178 939 76 50 66 1664 110 55 275 275 242 124 1685 42 66 63 117 1041 75 1068 42 69 168 42 56 42 356
internal_value=-4.88503e-11 -0.0151525 -0.033452 0.0136072 0.0425461 -0.0394832 -0.0439752 -0.170394 -0.0306997 0.088509 -0.0349929 -0.130011 -0.0481159 -0.0262612 -0.0244889 3.1042e-06 0.0454458 0.0414702 0.072505 0.0104353 0.0228211 0.0843643 0.0725523 0.00360354 0.0346426 0.110465 0.207524 0.0851012 0.0156445 -0.0492224
internal_weight=10342 7756 4740 3016 1714 4542 4388 417 3971 154 3921 330 341 3591 1302 1927 2586 2544 1272 1272 1200 1209 1143 1083 1672 335 167 98 1337 398
internal_count=10342 7756 4740 3016 1714 4542 4388 417 3971 154 3921 330 341 3591 1302 1927 2586 2544 1272 1272 1200 1209 1143 1083 1672 335 167 98 1337 398
is_linear=0
shrinkage=0.05


Tree=88
num_leaves=31
num_cat=0
split_feature=11 11 5 17 6 2 7 9 11 0 7 17 10 7 9 18 14 16 12 6 16 18 2 9 7 7 18 12 7 7
split_gain=2901.35 2579.73 2533.29 2174.75 7194.47 2221.89 2056.21 3249.53 1757.44 3039.52 1846.65 2314.54 1575.92 1361.58 1320.94 2137.06 4184.15 2008.17 2459.04 1812.02 2296.53 2082.68 1629.84 1522.62 1568.78 1770.35 2469.01 1983.22 1730.61 1367.72
threshold=251.51500000000001 300.34000000000009 0.60355339059327384 45.46741229618474 0.54219432480460406 4.5000000000000009 -0.99052477729077237 334.65000000000003 341.73000000000008 17.500000000000004 0.99681593486783593 23.26182996334725 375.09500000000008 -0.96687281075841669 326.38500000000005 304.34000000000009 307.14500000000004 357.59071428571434 375.21645833333338 -0.39036798905311365 358.08821428571434 168.59000000000003 3.5000000000000004 327.43500000000006 0.93769647993491489 0.31595530242620651 317.93000000000006 377.26083333333338 0.14888728888808328 0.063390085881955341
decision_type=2 2 2 2 2 2 2 2 2 2 2 2 2 2 2 2 2 2 2 2 2 2 2 2 2 2 2 2 2 2
left_child=-1 -2 3 5 -5 6 7 -3 9 -8 11 -10 -9 -7 15 19 -17 22 29 -13 21 -21 -18 -16 25 28 27 -27 -25 -19
right_child=1 2 -4 4 -6 13 8 12 10 -11 -12 14 -14 -15 23 16 17 18 -20 20 -22 -23 -24 24 -26 26 -28 -29 -30 -31
leaf_value=-0.41977427616351992 0.39749214823653056 -0.46384253174650908 -0.039030148207735677 -0.65886427542567261 0.096996474222225307 0.12886751433252358 0.094345636415528136 0.2495812603441829 0.39528826128277517 0.52950572578067134 -0.18202567767620703 0.14366286889242985 -0.10494113557484992 -0.03480074890691514 0.30844163646707767 -0.45826702815343129 -0.2029560863110588 0.24591439751221947 -0.28823916514714559 -0.082404323260920745 -0.33482223891693619 0.076481257811132256 0.12441111720622855 0.061937670507739108 0.35755953992761319 -0.279623776327732 0.038988313731548208 0.10276067758614259 0.24284677724983239 0.02750561829203459
leaf_weight=41 41 51 2949 50 85 136 456 44 45 44 97 341 109 1936 61 61 199 95 51 300 46 660 47 1238 42 129 502 46 148 292
leaf_count=41 41 51 2949 50 85 136 456 44 45 44 97 341 109 1936 61 61 199 95 51 300 46 660 47 1238 42 129 502 46 148 292
internal_value=-8.40454e-11 0.00167078 8.90416e-05 0.0158683 -0.182952 0.0196087 0.0373355 -0.118201 0.0438109 0.13264 0.0337167 0.03858 -0.00298698 -0.024058 0.0348102 0.00647306 -0.0614791 -0.026093 0.0381126 0.0440561 0.0102928 0.0268295 -0.14041 0.0621793 0.0550429 0.0488841 -0.017389 -0.179111 0.0812555 0.0811202
internal_weight=10342 10301 10260 7311 135 7176 5104 204 4900 500 4400 4303 153 2072 4258 2092 745 684 438 1347 1006 960 246 2166 2105 2063 677 175 1386 387
internal_count=10342 10301 10260 7311 135 7176 5104 204 4900 500 4400 4303 153 2072 4258 2092 745 684 438 1347 1006 960 246 2166 2105 2063 677 175 1386 387
is_linear=0
shrinkage=0.05


Tree=89
num_leaves=31
num_cat=0
split_feature=11 11 5 9 13 17 13 13 13 16 2 15 9 6 17 10 7 15 12 17 19 15 7 7 7 6 9 16 18 6
split_gain=2618.47 2328.21 2323.3 1581.7 1640.89 2452 2451.34 1838 4245.61 8490.24 1783.19 2927.37 3017.13 1548.47 1731 1602.19 1482.72 1467.95 1512.35 1447.92 2120.74 1556.95 1684.01 2162.97 1368.95 1320.1 1253.49 1251.39 1288.81 2207.61
threshold=251.51500000000001 300.34000000000009 1.0000000180025095e-35 334.13500000000005 37.162828750675423 43.550918203932532 38.307152543724023 10.790393427095889 11.482999848160668 359.83952380952383 1.0000000180025095e-35 351.71000000000004 308.07500000000005 -0.66528616069191593 37.300787137782258 427.55500000000001 -0.19337245081799007 445.76000000000005 382.3683333333334 37.511313964662747 400.11000000000007 430.84000000000009 0.82777578779003613 0.79253265336324141 -0.6391983530350368 -0.45274443793211405 340.185 369.22538690476193 324.88000000000005 -0.97113884758256674
decision_type=2 2 2 2 2 2 2 2 2 2 2 2 2 2 2 2 2 2 2 2 2 2 2 2 2 2 2 2 2 2
left_child=-1 -2 3 4 7 6 -6 -3 9 -9 11 12 -10 -5 17 26 -13 18 -15 21 -21 22 23 -12 -4 -20 -16 -8 29 -29
right_child=1 2 24 13 5 -7 27 8 10 -11 19 16 -14 14 15 -17 -18 -19 25 20 -22 -23 -24 -25 -26 -27 -28 28 -30 -31
leaf_value=-0.39878560915225891 0.37761754213673315 0.12912449774702706 0.02291804937212448 0.21847084967944866 0.25435376618690314 -0.29472874171721436 0.068349232647899216 0.1034844925130407 0.12712788956568521 -0.73765752712885546 -0.10027375818320078 0.058228121943150961 -0.26425525341182948 0.10150095744819349 0.19153075300701805 -0.30229944961687522 0.37507624434462439 0.31534282315522433 -0.27481150765282414 0.24841066833178049 -0.0076018300686567916 0.14784191309341363 -0.0042793816079326448 -0.44749159975908698 -0.038233510510747332 0.012427624833459655 -0.15075437978461936 0.088893291653463768 0.094995450629839606 -0.34886570614245205
leaf_weight=41 41 204 1196 156 156 48 814 60 119 60 684 60 84 672 53 61 96 60 48 96 514 84 504 48 3898 240 54 48 71 72
leaf_count=41 41 204 1196 156 156 48 814 60 119 60 684 60 84 672 53 61 96 60 48 96 514 84 504 48 3898 240 54 48 71 72
internal_value=-1.94436e-10 0.00158724 8.45895e-05 0.0237112 0.00730499 0.0554687 0.0699472 -0.0149797 -0.0271828 -0.317087 -0.0119847 0.0903392 -0.0348238 0.0703664 0.0509184 -0.0977969 0.253212 0.0754126 0.060417 -0.0310181 0.0326887 -0.0604583 -0.0746146 -0.123042 -0.023876 -0.0354456 0.0187887 0.0413229 -0.0738575 -0.173762
internal_weight=10342 10301 10260 5166 3822 1209 1161 2613 2409 120 2289 359 203 1344 1188 168 156 1020 960 1930 610 1320 1236 732 5094 288 107 1005 191 120
internal_count=10342 10301 10260 5166 3822 1209 1161 2613 2409 120 2289 359 203 1344 1188 168 156 1020 960 1930 610 1320 1236 732 5094 288 107 1005 191 120
is_linear=0
shrinkage=0.05


Tree=90
num_leaves=31
num_cat=0
split_feature=4 13 11 13 16 15 2 9 16 11 13 7 13 2 14 18 0 6 7 17 0 14 9 9 17 14 6 2 13 14
split_gain=2408.84 2290.51 6817.14 2687.27 3663.67 5860.42 1861.41 1475.02 1928.58 2253.77 1904.51 1695.7 8473.18 2227.67 1354.81 1423.08 1329.6 1366.61 3644.53 1724.95 1927.09 1280.86 1411.45 1224.15 1220.88 1199.46 1192.38 1584.96 1510.62 1335.19
threshold=0.12940952255126045 12.386566716141798 307.86500000000007 10.790393427095889 369.22538690476193 354.9500000000001 3.5000000000000004 321.77500000000003 342.42065476190481 305.66000000000003 39.869872625620594 -0.5129677127369543 24.187280294778656 1.0000000180025095e-35 305.60000000000008 229.64000000000001 21.500000000000004 -0.73866753694953124 0.56191161272202661 38.916707155804104 17.500000000000004 305.46500000000009 304.48500000000007 302.28500000000003 28.396677683634405 310.28000000000003 0.46800856592688472 1.5000000000000002 17.623147885232456 334.85500000000008
decision_type=2 2 2 2 2 2 2 2 2 2 2 2 2 2 2 2 2 2 2 2 2 2 2 2 2 2 2 2 2 2
left_child=6 2 -2 -4 5 21 -1 8 9 -3 26 12 -10 -13 15 -11 17 18 19 20 -8 22 -5 -15 -18 -25 27 -9 -28 -29
right_child=1 7 3 4 -6 -7 16 10 11 14 -12 13 -14 23 -16 -17 24 -19 -20 -21 -22 -23 -24 25 -26 -27 28 29 -30 -31
leaf_value=0.047313346071890167 -0.63302924781395442 0.39663209053022519 0.073324403268057628 -0.07358350626059941 0.097518987592422612 -0.77060350864004534 -0.028283297938185854 0.15351895938532797 -0.8233096192336895 -0.30120235165315018 0.093723741597580637 0.15976901268586519 -0.029859416252913908 -0.3349639786915346 0.10297730052949523 0.01361138539761305 -0.32253174786097727 0.025296370733715851 -0.50682522420856091 0.052092003045711391 -0.44308596734296196 -0.004979629984591157 -0.48599041882084643 -0.010400843961785238 -0.061315307741460857 -0.12047230130212024 0.11086066606539219 0.030105807709885281 -0.089517384991394167 -0.10409651505227087
leaf_weight=3184 58 42 217 42 99 46 77 187 44 56 550 110 143 44 176 100 52 1639 44 242 44 90 41 495 320 495 110 693 649 253
leaf_count=3184 58 42 217 42 99 46 77 187 44 56 550 110 143 44 176 100 52 1639 44 242 44 90 41 495 320 495 110 693 649 253
internal_value=2.22143e-11 -0.0262334 -0.118148 -0.0623295 -0.154898 -0.269005 0.0221968 -0.01309 -0.0487772 0.0515411 0.0118267 -0.0769659 -0.216554 -0.0541486 0.00788498 -0.0993987 -0.0108765 0.00493309 -0.0770704 -0.0249789 -0.179121 -0.135632 -0.277303 -0.0769058 -0.0978294 -0.0654366 -0.0119805 0.0205075 -0.0604771 -0.00578551
internal_weight=10342 4740 593 535 318 219 5602 4147 1705 374 2442 1331 187 1144 332 156 2418 2046 407 363 121 173 83 1034 372 990 1892 1133 759 946
internal_count=10342 4740 593 535 318 219 5602 4147 1705 374 2442 1331 187 1144 332 156 2418 2046 407 363 121 173 83 1034 372 990 1892 1133 759 946
is_linear=0
shrinkage=0.05


Tree=91
num_leaves=31
num_cat=0
split_feature=5 15 13 13 11 12 17 11 12 2 16 17 17 0 6 15 13 17 16 17 17 15 9 19 12 14 9 15 15 9
split_gain=2323.89 1649.25 1425.31 1678.78 9914.59 2665.3 2593.49 2322.12 2084.37 1881.15 1665.08 1708.66 1804.63 1229.75 1168.54 1147.17 1185.92 1784.09 1906.56 1716.83 1526.09 1576.63 1452.75 2236.06 1989.67 3916.24 1815.28 1607.11 1408.89 1061.17
threshold=-0.5 456.68500000000006 10.322301615318512 12.273067053899736 307.86500000000007 355.68395833333335 30.567077271337364 300.34000000000009 322.31208333333342 1.0000000180025095e-35 341.50383928571438 30.415277880550878 36.469805204244658 22.500000000000004 0.7090011537757156 448.46000000000009 35.065253950596635 36.30660020481325 348.79071428571439 43.162633024122876 37.794621976946793 339.73500000000007 332.37500000000006 422.80500000000001 330.35562500000003 310.30500000000006 330.59000000000009 421.77500000000003 416.82000000000005 322.52000000000004
decision_type=2 2 2 2 2 2 2 2 2 2 2 2 2 2 2 2 2 2 2 2 2 2 2 2 2 2 2 2 2 2
left_child=1 15 14 4 -4 6 -6 -5 -8 10 -9 -12 -13 29 -2 16 20 -18 -19 -20 22 -22 23 -1 -25 -26 -27 28 -24 -11
right_child=2 -3 3 7 5 -7 8 9 -10 13 11 12 -14 -15 -16 -17 17 18 19 -21 21 -23 27 24 25 26 -28 -29 -30 -31
leaf_value=0.02518950514595731 0.19242088590140663 0.32455775059449177 -0.68372289594549407 0.31970236653891893 -0.37745606822186506 0.34279627129435541 -0.27409785803461423 -0.20071271611821084 0.025178387913742481 -0.043924608765410038 0.37212096621267132 -0.20599492056214294 0.139781437460444 -0.11382730601536895 -0.045914724646136162 -0.18027292576152831 0.17338299636845478 -0.2103477123503884 0.073580748697912146 -0.23380477043489614 -0.21875353187322616 0.10776772794054179 0.06786608690437039 0.099883626820519572 -0.53196331619983539 -0.04277892650500166 -0.31465677271597087 -0.05357088943364316 0.32860344338696451 0.0015981105410991592
leaf_weight=464 144 48 65 52 58 44 69 42 371 2159 61 46 210 349 80 64 320 72 847 48 40 488 272 80 64 264 80 232 64 3145
leaf_count=464 144 48 65 52 58 44 69 42 371 2159 61 46 210 349 80 64 320 72 847 48 40 488 272 80 64 264 80 232 64 3145
internal_value=-9.40822e-11 0.0335214 -0.0167583 -0.0209239 -0.100203 -0.0302232 -0.0631808 -0.0129882 -0.0217536 -0.0158658 0.0951192 0.134315 0.0776497 -0.022914 0.107301 0.0294114 0.0334353 0.0710472 0.0371822 0.0570953 0.00979934 0.0830313 -0.0156391 -0.0533962 -0.128117 -0.172823 -0.106006 0.0476439 0.11753 -0.016932
internal_weight=10342 3447 6895 6671 607 542 498 6064 440 6012 359 317 256 5653 224 3399 3335 1287 967 895 2048 528 1520 952 488 408 344 568 336 5304
internal_count=10342 3447 6895 6671 607 542 498 6064 440 6012 359 317 256 5653 224 3399 3335 1287 967 895 2048 528 1520 952 488 408 344 568 336 5304
is_linear=0
shrinkage=0.05


Tree=92
num_leaves=31
num_cat=0
split_feature=11 11 5 17 6 2 11 0 7 6 7 17 9 7 12 7 16 19 16 13 0 9 6 6 6 6 17 13 10 17
split_gain=2255.32 2081.94 1919.41 1833.06 6192.48 1740.12 1921.28 2678.47 1569.21 4724.74 1622.03 1981.34 1308.9 1136.62 1244.62 1132.43 1056.02 1717.8 1478.53 1081.47 1630.39 1052.68 5071.26 1748.1 3793.96 2604.41 1903.2 1756.85 2634.57 1607.33
threshold=251.51500000000001 300.34000000000009 0.60355339059327384 45.46741229618474 0.54219432480460406 4.5000000000000009 341.73000000000008 17.500000000000004 -0.99761278905001471 0.01505151768384008 0.99681593486783593 23.26182996334725 307.05500000000001 -0.6391983530350368 366.32416666666671 -0.96687281075841669 371.99735119047625 441.13500000000005 361.72083333333336 32.159826360308166 12.500000000000002 307.05500000000001 -0.12546116083924153 -0.66528616069191593 -0.54220184589352438 -0.58482361983252518 35.191307648286362 43.225061852357669 415.22000000000008 39.724853079941902
decision_type=2 2 2 2 2 2 2 2 2 2 2 2 2 2 2 2 2 2 2 2 2 2 2 2 2 2 2 2 2 2
left_child=-1 -2 3 5 -5 6 7 12 9 -8 11 -10 -3 14 -4 -7 17 18 -17 -19 -21 22 -13 26 25 -25 -23 -26 -29 -28
right_child=1 2 13 4 -6 15 8 -9 10 -11 -12 21 -14 -15 -16 16 -18 19 -20 20 -22 23 -24 24 27 -27 29 28 -30 -31
leaf_value=-0.37010024466165681 0.35706058640669036 -0.11587223857641221 0.088150774111985852 -0.61027700950950381 0.090976174953667555 0.11804211590137773 -0.5114281212436218 0.49854649506424642 0.36172219905588365 0.16916671875206865 -0.17505488593476951 -0.46593584718845665 0.12489693185075737 -0.05120326011620812 -0.045875227681159626 -0.018134839954771619 -0.11644843639684171 0.0080072966556657445 -0.16058942566823839 0.027214389349575398 0.35421805839157772 0.3494459097631849 0.1175108880210336 -0.047336639406402481 0.038267808001086978 -0.41882775776088244 -0.0013475122923303521 -0.021878333211442905 -0.48022804290056231 0.12419471377920253
leaf_weight=41 41 66 351 50 85 136 51 44 45 51 97 59 390 2256 342 1036 306 220 221 81 72 65 101 115 2713 80 445 145 40 597
leaf_count=41 41 66 351 50 85 136 51 44 45 51 97 59 390 2256 342 1036 306 220 221 81 72 65 101 115 2713 80 445 145 40 597
internal_value=1.22716e-10 0.00147307 5.21079e-05 0.0137871 -0.168747 0.0172211 0.0329087 0.125997 0.0227993 -0.171131 0.0271931 0.0316467 0.0900488 -0.033999 0.0220081 -0.0214227 -0.0312198 -0.0152198 -0.0431806 0.0790072 0.181098 0.0282399 -0.0976351 0.0330352 0.0137372 -0.199743 0.0869545 0.0281018 -0.120981 0.0705802
internal_weight=10342 10301 10260 7311 135 7176 5104 500 4604 102 4502 4405 456 2949 693 2072 1936 1630 1257 373 153 4360 160 4200 3093 195 1107 2898 185 1042
internal_count=10342 10301 10260 7311 135 7176 5104 500 4604 102 4502 4405 456 2949 693 2072 1936 1630 1257 373 153 4360 160 4200 3093 195 1107 2898 185 1042
is_linear=0
shrinkage=0.05


Tree=93
num_leaves=31
num_cat=0
split_feature=4 9 11 7 2 2 13 17 7 19 15 6 5 9 6 14 14 6 14 12 19 17 9 14 7 10 13 13 17 13
split_gain=2166.91 2084.91 3347.83 2329.2 1966.03 1611.9 3901.14 3662.32 3356.1 3042.1 3001.31 2829.98 1855.72 1434.66 1812.86 1599.32 2131.78 1374.61 1363.74 1338.97 1260.2 1410.95 1153 1256.3 1155.09 1081.25 1063.51 1050.23 996.886 1194.42
threshold=0.12940952255126045 339.17000000000002 300.34000000000009 -0.99761278905001471 1.0000000180025095e-35 1.0000000180025095e-35 12.597542009912422 39.122015943195095 0.94909129669788206 443.72500000000008 354.9500000000001 -0.42180583328916638 -0.3794095225512602 308.23000000000008 0.78325454425165997 305.60000000000008 303.91500000000002 -0.76141707087277943 310.28000000000003 340.80479166666674 435.44500000000005 28.20712087962373 321.77500000000003 305.46500000000009 0.91159213926341531 421.88500000000005 13.457202396416962 11.482999848160668 36.040325237077226 39.869872625620594
decision_type=2 2 2 2 2 2 2 2 2 2 2 2 2 2 2 2 2 2 2 2 2 2 2 2 2 2 2 2 2 2
left_child=5 2 -2 -4 -3 6 8 -8 9 20 -11 -9 -7 14 15 16 19 -6 22 -5 21 -1 23 -15 -24 28 -18 -14 29 -20
right_child=1 4 3 13 17 12 7 11 -10 10 -12 -13 27 18 -16 -17 26 -19 25 -21 -22 -23 24 -25 -26 -27 -28 -29 -30 -31
leaf_value=0.30043458623381764 -0.43037152798087508 0.37545639188452201 -0.35707787208936437 -0.0098907406108143438 0.27125979950312867 0.049409349657983548 0.43461127756163481 0.32394713040154716 -0.29087705940772324 -0.42422252976550506 0.032312473763003308 -0.17092908652929162 0.21744628582770625 -0.073868143258269722 -0.42667538126612581 0.11341532745837479 -0.48898744253814225 0.011088032880956731 -0.090503655647128464 -0.3099331769753586 0.28496440395187494 -0.003705511554763034 0.076204134097894324 0.058946479906954785 0.36262665973468261 -0.23561490614022784 -0.14986045828392341 -0.018358148763410118 -0.0070104440085888026 0.14072668820619583
leaf_weight=52 54 44 55 240 55 1844 130 52 78 52 117 65 48 308 41 87 50 660 807 44 117 143 176 422 44 67 43 2904 1483 60
leaf_count=52 54 44 55 240 55 1844 130 52 78 52 117 65 48 308 41 87 50 660 807 44 117 143 176 422 44 67 43 2904 1483 60
internal_value=-1.42169e-10 -0.0248811 -0.0393605 -0.0339837 0.0510639 0.0210526 0.086477 0.251961 0.0133562 0.0626913 -0.10816 0.0490159 0.0100576 -0.0293943 -0.107982 -0.0798213 -0.124414 0.0311012 -0.0176074 -0.0563762 0.155236 0.0773985 0.033149 0.00290963 0.133489 -0.0375571 -0.332187 -0.0145239 -0.0319104 -0.0745016
internal_weight=10342 4740 3981 3927 759 5602 806 247 559 481 169 117 4796 3872 505 464 377 715 3367 284 312 195 950 730 220 2417 93 2952 2350 867
internal_count=10342 4740 3981 3927 759 5602 806 247 559 481 169 117 4796 3872 505 464 377 715 3367 284 312 195 950 730 220 2417 93 2952 2350 867
is_linear=0
shrinkage=0.05


Tree=94
num_leaves=31
num_cat=0
split_feature=5 13 13 11 9 16 16 11 11 2 16 13 17 0 0 6 9 12 16 18 17 16 16 10 7 13 9 9 7 11
split_gain=1983.39 1172.16 1611.02 8706.33 2601.85 3098.47 5515.63 3009.87 2220.35 1906.94 1738.12 1485.98 1154.68 1506.66 1127.92 1117.99 1061.24 1665.75 1482.95 1408.48 1126.35 1079.56 1037.45 869.496 838.668 833.857 821.356 812.301 798.382 798.336
threshold=-0.70710678118654757 10.322301615318512 12.273067053899736 307.86500000000007 331.61000000000007 359.83952380952383 368.54883928571434 363.46000000000009 300.34000000000009 1.0000000180025095e-35 341.50383928571438 11.707351713503803 30.415277880550878 4.5000000000000009 22.500000000000004 0.7090011537757156 322.52000000000004 376.36166666666674 373.54505952380958 323.03000000000003 38.510675973285949 361.72083333333336 371.35380952380962 384.38500000000005 0.7254836971458194 41.715703903654848 318.8250000000001 305.64500000000004 -0.87810534180523914 333.72000000000008
decision_type=2 2 2 2 2 2 2 2 2 2 2 2 2 2 2 2 2 2 2 2 2 2 2 2 2 2 2 2 2 2
left_child=-1 15 3 -3 5 11 7 -7 -4 10 -10 -5 -12 -14 16 26 17 20 19 22 21 -11 25 -21 -15 -18 -2 -22 -20 -28
right_child=1 2 8 4 -6 6 -8 -9 9 14 12 -13 13 24 -16 -17 18 -19 28 23 27 -23 -24 -25 -26 -27 29 -29 -30 -31
leaf_value=0.037920725404933422 0.012704600593834013 -0.63986470907926563 0.31659984385164885 0.095235117432175651 0.17533682021465091 -0.25295533812496557 -0.030289304123627365 -0.85554120182991034 -0.18902944916238387 -0.045531420845200649 0.31516651500394377 -0.183500620410327 -0.11637142022018848 0.2232083507820026 -0.10547389937111079 -0.047868031519982555 0.011044978738582963 -0.28236407890559778 0.014215123389644556 0.081280236739362258 -0.18298765224218372 -0.20255700768981161 -0.066220346454236495 0.29318705082885804 0.019388778488605454 0.10045975537368042 0.42877775344997648 0.024407220409879048 -0.088110955183261216 0.14726999496274137
leaf_weight=2586 54 65 52 209 122 43 142 40 48 1365 69 62 69 143 349 90 1763 68 289 209 50 119 374 63 78 306 40 847 560 68
leaf_count=2586 54 65 52 209 122 43 142 40 48 1365 69 62 69 143 349 90 1763 68 289 209 50 119 374 63 78 306 40 847 560 68
internal_value=2.19752e-10 -0.0126435 -0.0162055 -0.0894185 -0.0315236 -0.0824047 -0.219555 -0.543358 -0.00887459 -0.0113749 0.0935493 0.0314653 0.131331 0.0875913 -0.0180873 0.0934262 -0.0130153 -0.0383552 0.00439702 0.0224328 -0.0313865 -0.0581231 0.0104161 0.130362 0.151272 0.0242692 0.171923 0.0128467 -0.0532791 0.251532
internal_weight=10342 7756 7504 683 618 496 225 83 6821 6769 407 271 359 290 6362 252 6013 2449 3564 2715 2381 1484 2443 272 221 2069 162 897 849 108
internal_count=10342 7756 7504 683 618 496 225 83 6821 6769 407 271 359 290 6362 252 6013 2449 3564 2715 2381 1484 2443 272 221 2069 162 897 849 108
is_linear=0
shrinkage=0.05


Tree=95
num_leaves=31
num_cat=0
split_feature=11 11 5 15 15 15 15 18 7 19 14 17 11 13 15 15 9 17 9 6 17 17 9 19 12 15 7 15 13 9
split_gain=1965.44 1983.42 1548.11 1266.04 1242.74 1477.34 1782.65 3273.32 1768.02 1254.71 1562.05 1444.12 1078.43 1073.01 1214 1508.18 1994.12 1336.26 2712.82 3698.41 1974.54 2877.89 1955.24 1929.52 1607.69 2078.13 1822.68 1588.45 1636.11 1451.66
threshold=251.51500000000001 300.34000000000009 1.0000000180025095e-35 456.68500000000006 448.25000000000006 434.15000000000003 432.60000000000008 317.93000000000006 -0.67801649466304881 446.56000000000006 328.68500000000006 36.968867993391818 440.99000000000007 9.3323925063245223 411.88500000000005 419.54000000000008 336.02500000000003 37.3448970847843 318.24500000000006 -0.90893996196865023 34.332654413925532 34.863302756636401 339.11000000000007 447.24000000000007 333.07625000000002 397.85000000000008 0.99530134160901229 345.30500000000006 13.508478702830866 306.80000000000007
decision_type=2 2 2 2 2 2 2 2 2 2 2 2 2 2 2 2 2 2 2 2 2 2 2 2 2 2 2 2 2 2
left_child=-1 -2 3 4 5 6 12 -8 -7 10 -10 -11 13 -3 17 16 -16 20 19 -19 22 -22 24 -20 26 -26 -15 -21 -29 -23
right_child=1 2 -4 -5 -6 8 7 -9 9 11 -12 -13 -14 14 15 -17 -18 18 23 27 21 29 -24 -25 25 -27 -28 28 -30 -31
leaf_value=-0.34549791347689746 0.34844668463962836 0.15925966634259869 -0.019570716304960642 0.22747368773238527 -0.14266656833390395 -0.1688714012503624 -0.39693260010410575 0.13761726169226071 0.11063578762200282 0.2147210174229085 0.35303584375263508 -0.031783160133278136 0.22903676463355283 0.16009973759792048 0.063727607959594243 0.017501684259964019 0.34887775750387284 -0.39655815400027983 0.3162536148261279 0.17934593445921349 -0.44296034495035808 -0.33896453099635743 0.19000734359025956 0.049196561753990189 -0.11856341552103472 0.085272096523216795 -0.1348921992143409 -0.30316801090569551 0.0076500443435562025 -0.0502396243898015
leaf_weight=41 41 120 5094 72 120 60 71 48 216 84 96 203 58 192 227 1230 84 60 120 118 60 48 120 155 489 168 72 48 359 468
leaf_count=41 41 120 5094 72 120 60 71 48 216 84 96 203 58 192 227 1230 84 60 120 118 60 48 120 155 489 168 72 48 359 468
internal_value=9.97486e-11 0.00137515 -1.17835e-05 0.0192746 0.0163318 0.0201677 0.00951869 -0.181316 0.0898954 0.115815 0.18522 0.0403644 0.0149308 0.0119298 0.00752973 0.0423744 0.140746 -0.014148 0.0362088 -0.0246776 -0.0409302 -0.115208 0.000169063 0.165731 -0.0245656 -0.0664411 0.0796474 0.0178231 -0.0290066 -0.0770978
internal_weight=10342 10301 10260 5166 5094 4974 4315 119 659 599 312 287 4196 4138 4018 1541 311 2477 860 585 1617 576 1041 275 921 657 264 525 407 516
internal_count=10342 10301 10260 5166 5094 4974 4315 119 659 599 312 287 4196 4138 4018 1541 311 2477 860 585 1617 576 1041 275 921 657 264 525 407 516
is_linear=0
shrinkage=0.05


Tree=96
num_leaves=31
num_cat=0
split_feature=4 13 7 0 11 2 9 0 6 7 19 17 9 19 15 15 6 7 11 6 10 16 12 15 6 14 17 19 16 19
split_gain=1910.66 1793.61 6515.38 15560 1581.9 1442.43 1195.85 1148.16 1251.44 2947.54 1455.59 1174.86 1096.32 1126.28 1257.8 1200.28 1108.58 2549.86 1416.77 1200.78 1446.91 1080.57 1054.74 1640.54 1256.18 2550.1 1438.03 1217.35 3303.31 2154.42
threshold=0.12940952255126045 12.273067053899736 -0.62587551141915865 5.5000000000000009 303.74500000000006 3.5000000000000004 346.82000000000005 21.500000000000004 -0.73866753694953124 0.56191161272202661 455.73500000000007 36.663766014706894 299.45000000000005 448.46000000000009 439.56000000000006 455.73500000000007 0.78325454425165997 -0.5129677127369543 302.34500000000008 0.69676570133721638 418.89500000000004 368.05976190476196 390.21750000000003 448.46000000000009 0.94138322595482449 320.40000000000003 36.219623496686559 441.13500000000005 361.99747023809533 435.44500000000005
decision_type=2 2 2 2 2 2 2 2 2 2 2 2 2 2 2 2 2 2 2 2 2 2 2 2 2 2 2 2 2 2
left_child=4 2 3 -2 -1 22 12 8 9 10 11 -7 -3 14 16 21 18 -18 -14 20 -20 -15 23 24 27 -26 -27 29 -29 -6
right_child=1 6 -4 -5 5 7 -8 -9 -10 -11 -12 -13 13 15 -16 -17 17 -19 19 -21 -22 -23 -24 -25 25 26 -28 28 -30 -31
leaf_value=0.29426233745538272 -1.1152500513560919 -0.2396414657004855 -0.02443377892048304 0.08567270184556644 0.025423320904315646 -0.14963653191512863 0.10794417245426413 -0.09527848721692328 0.021917646960054271 -0.4626904808662155 -0.24149526713317204 0.07755924266412717 0.26513212355971338 0.052980583292347463 0.10053783198800925 0.16725784143676389 -0.36687899383180067 -0.037977893582883886 -0.0076560226749370162 0.1257225683048189 -0.30045548560487673 -0.14071992650333048 0.22089333076221057 -0.21381299126606723 0.45747038406821394 0.22033924603077409 -0.039227648051239031 -0.41122222889501314 0.0035634901941730048 0.1593743595673644
leaf_weight=52 49 55 462 60 1712 77 198 354 1624 44 66 218 50 88 264 44 66 550 2248 167 43 396 78 65 52 91 129 52 624 364
leaf_count=52 49 55 462 60 1712 77 198 354 1624 44 66 218 50 88 264 44 66 550 2248 167 43 396 78 65 52 91 129 52 624 364
internal_value=7.77117e-11 -0.0233637 -0.106472 -0.454192 0.0197687 0.0171968 -0.011981 -0.0121886 0.00230808 -0.0763239 -0.0292321 0.0182573 -0.0179606 -0.0148471 -0.00426149 -0.0827717 -0.0131178 -0.0732173 0.00164352 -0.0037163 -0.0131516 -0.105502 0.0393078 0.0347226 0.0400648 0.14257 0.0681387 0.0299335 -0.0283431 0.0489099
internal_weight=10342 4740 571 109 5602 5550 4169 2383 2029 405 361 295 3971 3916 3388 528 3124 616 2508 2458 2291 484 3167 3089 3024 272 220 2752 676 2076
internal_count=10342 4740 571 109 5602 5550 4169 2383 2029 405 361 295 3971 3916 3388 528 3124 616 2508 2458 2291 484 3167 3089 3024 272 220 2752 676 2076
is_linear=0
shrinkage=0.05


Tree=97
num_leaves=31
num_cat=0
split_feature=4 9 11 7 2 11 2 13 7 19 17 19 9 5 6 9 7 2 15 9 14 19 17 10 9 14 7 12 15 12
split_gain=1724.37 1708.02 3058.54 1987.39 1841.84 1427.66 1344.95 3251.41 3187.01 2896.42 2528.72 2503.41 2368 1517.11 1181.36 1162.57 1665.05 2445.61 1295.36 1571.15 1195.06 1049.39 1138.4 987.282 968.469 1166.93 1039.84 908.102 1375.82 1262.88
threshold=0.12940952255126045 339.17000000000002 300.34000000000009 -0.99761278905001471 1.0000000180025095e-35 303.74500000000006 1.0000000180025095e-35 12.419043150453344 0.94909129669788206 443.72500000000008 39.122015943195095 448.32500000000005 311.61500000000007 -0.3794095225512602 -0.76141707087277943 308.23000000000008 -0.40613878790836594 1.0000000180025095e-35 382.58000000000004 299.45000000000005 310.28000000000003 435.44500000000005 28.20712087962373 421.88500000000005 321.77500000000003 305.46500000000009 0.91159213926341531 363.12312500000013 347.04500000000007 330.69041666666669
decision_type=2 2 2 2 2 2 2 2 2 2 2 2 2 2 2 2 2 2 2 2 2 2 2 2 2 2 2 2 2 2
left_child=5 2 -2 -4 -3 -1 7 8 9 21 -9 -11 -12 27 -6 16 17 -5 19 -18 24 22 -7 -22 25 -17 -26 28 -8 -30
right_child=1 4 3 15 14 6 13 10 -10 11 12 -13 -14 -15 -16 20 18 -19 -20 -21 23 -23 -24 -25 26 -27 -28 -29 29 -31
leaf_value=0.27954922205267047 -0.40903688304954111 0.36052319065413696 -0.32860862322490325 -0.54197779034680504 0.24985974299298094 0.27243556096576732 0.18631448797532357 0.36525593470610307 -0.2977525517036132 -0.35739143452410088 -0.21389201557149692 0.048883933113417127 0.24642648032078376 -0.016189360530588441 0.008668405905956399 -0.069508885132306103 -0.33452212600796316 -0.0508060366592624 0.17449656892906537 -0.041096138958280695 -0.02859139428812852 0.26187773268574327 -0.0010111709413098983 -0.2232428606543968 0.069810667615423552 0.058494630150752958 0.34156854220411997 0.07281827531138893 -0.25359944907465465 -0.0021468210152068021
leaf_weight=52 54 44 55 47 55 52 90 141 74 65 49 91 65 2913 660 308 54 55 55 294 2350 117 142 67 176 422 44 1034 54 663
leaf_count=52 54 44 55 47 55 52 90 141 74 65 49 91 65 2913 660 308 54 55 55 294 2350 117 142 67 176 422 44 1034 54 663
internal_value=-2.7828e-10 -0.0221955 -0.035301 -0.0301618 0.0465434 0.0187802 0.016337 0.0764889 0.00711102 0.0554192 0.223679 -0.120397 0.0485703 0.00626527 0.0272216 -0.0259225 -0.0966662 -0.27713 -0.0509904 -0.0866278 -0.015312 0.14361 0.0722838 -0.0339872 0.0322018 0.00448767 0.124162 0.0417951 0.00204534 -0.0210847
internal_weight=10342 4740 3981 3927 759 5602 5550 796 541 467 255 156 114 4754 715 3872 505 102 403 348 3367 311 194 2417 950 730 220 1841 807 717
internal_count=10342 4740 3981 3927 759 5602 5550 796 541 467 255 156 114 4754 715 3872 505 102 403 348 3367 311 194 2417 950 730 220 1841 807 717
is_linear=0
shrinkage=0.05


Tree=98
num_leaves=31
num_cat=0
split_feature=11 11 5 17 17 17 13 17 13 0 9 14 9 17 13 7 7 11 2 11 13 18 18 16 2 9 9 9 15 14
split_gain=1588.16 1786.11 1386.79 1433.29 1229.33 2417.96 1313.03 1759.31 1624.05 2232.34 1603.53 1962.68 1705.28 4964.88 1634.25 1992.1 2132.05 3005.15 1900.17 2539.83 2447.12 1504.01 1638.17 1203.97 1282.85 1278.19 1099.36 1365.65 1329.09 1100.25
threshold=251.51500000000001 300.34000000000009 0.60355339059327384 46.354287850065255 45.81161926007686 45.001873527224213 37.162828750675423 36.663766014706894 37.714095523265293 11.500000000000002 298.98500000000007 299.94500000000005 307.05500000000001 41.180671730874856 14.376815645731243 -0.98801846520836312 0.94909129669788206 362.64500000000004 3.5000000000000004 358.55500000000006 12.597542009912422 311.10000000000008 316.08000000000004 348.7775595238096 3.5000000000000004 338.16500000000002 334.22000000000008 335.07000000000011 432.38500000000005 332.72500000000008
decision_type=2 2 2 2 2 2 2 2 2 2 2 2 2 2 2 2 2 2 2 2 2 2 2 2 2 2 2 2 2 2
left_child=-1 -2 3 4 5 6 10 -8 9 -9 -3 -12 13 -13 15 -14 18 -18 20 -20 -17 23 -23 -10 25 -25 28 -28 -16 -29
right_child=1 2 -4 -5 -6 -7 7 8 21 -11 11 12 14 -15 26 16 17 -19 19 -21 -22 22 -24 24 -26 -27 27 29 -30 -31
leaf_value=-0.31057219330857444 0.33059270454616085 -0.27935829574570942 -0.029023600421472784 -0.21860235087128721 0.25833999790689527 -0.33450356608629228 0.11538986849238889 -0.040525686163455255 -0.16802237502244466 0.47283628106117254 0.14835775376085869 -0.03527693504181046 -0.25349611222159629 -0.56452076563648157 -0.045396605875069378 0.094242741847252953 0.050252902547695814 -0.47553042123715089 0.041581335803772698 -0.38002325003966692 0.34367176278225953 -0.2986101738012889 -0.030783881975882006 0.06445936001007628 -0.032194680224686516 0.29157944424283311 0.19960907803410119 0.070309406353989648 0.21337594885159944 -0.040389640158549504
leaf_weight=41 41 51 2949 67 51 50 646 40 68 45 220 338 51 51 1834 590 77 42 334 40 118 68 356 696 339 68 102 391 51 527
leaf_count=41 41 51 2949 67 51 50 646 40 68 45 220 338 51 51 1834 590 77 42 334 40 118 68 356 696 339 68 102 391 51 527
internal_value=-1.86397e-11 0.00123614 -8.0004e-05 0.0115948 0.0137239 0.0119895 0.0144149 0.0452646 0.0182998 0.231254 -0.000481535 0.00250267 -0.00455587 -0.104664 0.00481193 0.052566 0.0655628 -0.135318 0.0876559 -0.00351006 0.135814 0.00695113 -0.0737372 0.036167 0.0487553 0.0846742 -0.0157692 0.0260449 -0.0383953 0.00675995
internal_weight=10342 10301 10260 7311 7244 7193 7143 2326 1680 85 4817 4766 4546 389 4157 1252 1201 119 1082 374 708 1595 424 1171 1103 764 2905 1020 1885 918
internal_count=10342 10301 10260 7311 7244 7193 7143 2326 1680 85 4817 4766 4546 389 4157 1252 1201 119 1082 374 708 1595 424 1171 1103 764 2905 1020 1885 918
is_linear=0
shrinkage=0.05


Tree=99
num_leaves=31
num_cat=0
split_feature=4 13 7 0 11 14 13 17 19 6 12 7 13 17 12 14 13 10 16 16 0 13 11 9 9 12 7 13 12 15
split_gain=1553.78 1572.14 5992.1 13840.1 1275.13 1247.34 1561.06 1915.87 1512.66 1474.64 2690.8 2092.01 2333.55 1879.32 2517.96 2577.67 1395.42 1387.43 1723.19 1441.75 1194.13 1185.79 1176.42 1143.36 1538.49 1125.68 2172.24 1561.63 1533.98 1294.59
threshold=0.12940952255126045 12.273067053899736 -0.62587551141915865 5.5000000000000009 303.74500000000006 237.45500000000001 43.348748382654456 39.581801499194547 420.76000000000005 0.048362692321690152 321.94625000000002 0.96407344085605606 13.19016736529124 35.191307648286362 332.11687500000005 330.12500000000006 12.597542009912422 377.47500000000008 353.23101190476194 354.32372023809529 20.500000000000004 14.137000485691397 336.00500000000005 340.185 346.11500000000007 364.42125000000004 0.029024409397335523 40.060100281007017 361.47166666666675 427.56
decision_type=2 2 2 2 2 2 2 2 2 2 2 2 2 2 2 2 2 2 2 2 2 2 2 2 2 2 2 2 2 2
left_child=4 2 3 -2 -1 8 9 -8 -6 10 -7 12 16 14 22 -16 -12 18 -14 -20 -13 -17 -11 25 -25 28 29 -28 -15 -27
right_child=1 -3 -4 -5 5 6 7 -9 -10 13 11 20 17 23 15 21 -18 -19 19 -21 -22 -23 -24 24 -26 26 27 -29 -30 -31
leaf_value=0.26427264273739776 -1.0557937013555547 -0.010412206309162279 -0.020202623736879335 0.076811824272929999 0.0013721087613166908 -0.3740078750048198 -0.39150568982586265 -0.026750375701186175 0.25562336863551893 0.16959656317802996 0.090009983955589068 -0.094864761929033675 0.06065887670012865 0.005918254826627509 0.015402054358066184 0.38510362377533547 0.37813672589567993 0.034230724675524418 -0.37349957110868259 -0.077257858478423438 -0.38702138655715523 0.1404411564831837 0.53734480186777067 -0.18234672670324262 0.10718411950824352 0.1347328771908696 0.18542274453781912 -0.00029096723135028571 -0.24546767295553137 -0.16045479929146286
leaf_weight=52 49 4169 462 60 117 51 52 117 117 44 219 157 235 914 645 65 52 825 44 617 45 208 43 156 65 52 347 168 65 130
leaf_count=52 49 4169 462 60 117 51 52 117 117 44 219 157 235 914 645 65 52 825 44 617 45 208 43 156 65 52 347 168 65 130
internal_value=1.43541e-10 -0.021069 -0.098877 -0.432341 0.0178271 0.015518 0.0105449 -0.138983 0.128498 0.0154546 -0.0149736 -0.00662777 0.00891988 0.038994 0.0942745 0.0699105 0.145296 -0.0125548 -0.0556331 -0.0969774 -0.159949 0.198694 0.351357 0.0097072 -0.0971906 0.0238029 0.072367 0.12484 -0.0107723 -0.0761155
internal_weight=10342 4740 571 109 5602 5550 5316 169 234 5147 2245 2194 1992 2902 1005 918 271 1721 896 661 202 273 87 1897 221 1676 697 515 979 182
internal_count=10342 4740 571 109 5602 5550 5316 169 234 5147 2245 2194 1992 2902 1005 918 271 1721 896 661 202 273 87 1897 221 1676 697 515 979 182
is_linear=0
shrinkage=0.05


Tree=100
num_leaves=31
num_cat=0
split_feature=13 13 11 11 9 16 17 16 2 17 10 13 9 12 7 17 6 6 16 18 6 14 13 17 9 5 17 11 0 12
split_gain=1483.38 1782.92 7493.37 3289.85 3099.99 5177.25 11268.4 5135.89 2093.23 2868.81 1608.09 1465.52 1429.11 2412.39 4133.9 1863.78 1410.99 1367.76 1336.56 2053.49 2053.31 1811.44 1274.95 1581.96 1436.94 1268.49 1252 1335.43 1208.25 1595.87
threshold=10.322301615318512 12.273067053899736 307.86500000000007 300.34000000000009 331.61000000000007 359.83952380952383 34.72186386427704 362.30127976190482 1.0000000180025095e-35 43.955569731031112 308.37500000000006 11.707351713503803 322.52000000000004 376.36166666666674 -0.21862536810265826 38.478676729397428 0.7090011537757156 -0.71504373327588355 373.54505952380958 323.96500000000009 0.80926549319045582 308.12500000000006 38.455038718150675 26.184225389559419 302.28500000000003 -0.78656609248549325 34.423651661783644 356.49000000000007 12.500000000000002 332.21791666666672
decision_type=2 2 2 2 2 2 2 2 2 2 2 2 2 2 2 2 2 2 2 2 2 2 2 2 2 2 2 2 2 2
left_child=16 2 -2 -3 5 11 -7 -8 9 10 -5 -4 13 15 -15 22 -1 -9 19 20 25 -22 23 -10 -25 -14 -21 -28 -17 -30
right_child=1 3 4 8 -6 6 7 17 12 -11 -12 -13 18 14 -16 28 -18 -19 -20 26 21 -23 -24 24 -26 -27 27 -29 29 -31
leaf_value=0.17970737558789551 -0.58750013346855467 0.38187525183485271 0.099099922184625794 -0.1436359285015841 0.16477056048333463 -0.97119960385290072 -0.59128362788508337 0.17388046501825255 0.021063194838999252 -0.2967607862727587 0.15773262233075822 -0.13564837308340641 0.10577342189063971 0.050912702471638718 -0.6052993369909625 -0.020579019078179939 -0.03413011860374051 -0.093649259630695619 -0.034369074916163166 0.060597315053261505 0.24923703700769695 -0.066337674905285152 0.029338424735154453 -0.31444729798369941 -0.084649243189272347 0.019551202587570999 0.1135979842952099 0.41886400792803341 -0.12231509860647821 0.1092453233056959
leaf_weight=216 65 57 293 49 164 44 45 72 360 43 458 86 539 48 48 711 120 142 1199 192 48 864 384 72 1233 2045 77 67 87 514
leaf_count=216 65 57 293 49 164 44 45 72 360 43 458 86 539 48 48 711 120 142 1199 192 48 864 384 72 1233 2045 77 67 87 514
internal_value=-3.19827e-12 -0.00347004 -0.070158 0.00320976 -0.0304095 -0.0773443 -0.231417 -0.10574 0.000821631 0.0953503 0.128606 0.0458325 -0.00530358 -0.0300537 -0.277193 -0.0229946 0.103337 -0.00363926 0.0117032 0.0261188 0.0147717 -0.0497285 -0.0527887 -0.0717297 -0.0973278 0.0375364 0.144183 0.255631 0.0235358 0.0757249
internal_weight=10342 10006 911 9095 846 682 303 259 9038 550 507 379 8488 3457 96 3361 336 214 5031 3832 3496 912 2049 1665 1305 2584 336 144 1312 601
internal_count=10342 10006 911 9095 846 682 303 259 9038 550 507 379 8488 3457 96 3361 336 214 5031 3832 3496 912 2049 1665 1305 2584 336 144 1312 601
is_linear=0
shrinkage=0.05


Tree=101
num_leaves=31
num_cat=0
split_feature=11 11 5 16 9 15 17 9 9 16 11 19 7 14 2 13 0 17 13 17 15 13 10 14 19 9 7 17 18 14
split_gain=1397.91 1509.7 1153.01 912.222 1021.81 1687.55 1344.47 1799.15 1445.66 1176.05 1313.94 1137.05 910.493 870.398 863.32 1010.75 2144.17 812.093 1555.45 803.419 760.971 725.951 2447.29 1262.73 1072.55 1004.79 3078.41 1130.58 1024.39 946.265
threshold=251.51500000000001 300.34000000000009 -0.70710678118654757 377.38086309523811 310.48500000000007 378.41500000000008 37.794621976946793 331.61000000000007 330.80000000000007 359.081755952381 342.78500000000003 447.24000000000007 -0.96234030595689413 333.47000000000008 4.5000000000000009 33.83610280201281 20.500000000000004 42.466582874160316 39.709215270480037 34.332654413925532 455.73500000000007 42.554963238344357 422.73000000000008 280.24000000000007 421.23000000000008 307.05500000000001 0.67007489853957602 38.679849237916891 232.78000000000003 313.26000000000005
decision_type=2 2 2 2 2 2 2 2 2 2 2 2 2 2 2 2 2 2 2 2 2 2 2 2 2 2 2 2 2 2
left_child=-1 -2 20 4 9 6 7 8 19 -4 -11 -8 -9 -5 17 -16 -17 -7 -19 -6 21 23 24 -3 -23 26 -25 -27 -28 -29
right_child=1 2 3 13 5 14 11 12 -10 10 -12 -13 -14 -15 15 16 -18 18 -20 -21 -22 22 -24 25 -26 27 28 29 -30 -31
leaf_value=-0.29137726004530745 0.30396064774292275 0.28670769638071458 -0.034035778638155829 -0.23053522165657747 0.076972065997695682 0.0022100236723932793 0.18751070557858882 0.25790761056637695 -0.27611479760596047 -0.073604277543285315 -0.43475227730115878 0.027815603834010435 0.062456928685633954 -0.019998205018540226 -0.0070534225061820253 -0.062154766140754027 -0.35833877379533979 -0.33101464708646144 -0.010275720583186264 -0.044266194981193413 0.23995081985458022 -0.13064353262916917 -0.30319609842130119 -0.42838308783248069 0.18570594301296248 0.017309178846226361 -0.1141627675630677 0.18529724287482741 0.13985615046280953 0.046228037806956668
leaf_weight=41 41 48 1043 90 198 3772 262 86 54 68 40 194 194 108 501 375 73 54 126 441 42 42 70 48 74 1590 71 207 90 299
leaf_count=41 41 48 1043 90 198 3772 262 86 54 68 40 194 194 108 501 375 73 54 126 441 42 42 70 48 74 1590 71 207 90 299
internal_value=1.60184e-10 0.00115974 -5.02843e-05 -0.00976777 -0.00696414 0.000915601 0.0487261 0.0155247 -0.0276928 -0.0502993 -0.207363 0.11957 0.122488 -0.115697 -0.0130247 -0.0558488 -0.110417 -0.00274123 -0.106497 -0.00669941 0.0288612 0.0253694 -0.0697232 0.0328863 0.0711656 0.0276006 -0.0769421 0.038025 0.0278354 0.10312
internal_weight=10342 10301 10260 7679 7481 6330 1429 973 693 1151 108 456 280 198 4901 949 448 3952 180 639 2581 2539 186 2353 116 2305 209 2096 161 506
internal_count=10342 10301 10260 7679 7481 6330 1429 973 693 1151 108 456 280 198 4901 949 448 3952 180 639 2581 2539 186 2353 116 2305 209 2096 161 506
is_linear=0
shrinkage=0.05


Tree=102
num_leaves=31
num_cat=0
split_feature=13 13 7 13 0 17 10 5 16 11 19 2 19 18 15 13 11 9 12 18 7 7 6 7 15 12 7 13 11 15
split_gain=1384.34 1605.14 5493.89 10138.5 6767.67 1403.37 1328.03 1280.84 1413.62 2234.29 1253.2 1248.34 2183.56 4163.21 1994.76 1183.55 1105.18 1070.77 1894.78 1367.42 2541.32 1162.99 1107.39 1054.57 1206.88 1114.27 1019.22 916.981 1165.09 1072.89
threshold=10.322301615318512 11.482999848160668 0.04621408538533487 11.111862054744838 6.5000000000000009 36.062586831352611 330.01500000000004 0.60355339059327384 344.54675595238103 302.34500000000008 448.25000000000006 1.0000000180025095e-35 412.53500000000003 229.64000000000001 363.59500000000008 12.273067053899736 304.92000000000002 322.52000000000004 376.36166666666674 305.08500000000009 0.79773375822167203 0.96407344085605606 -0.92923668111203805 0.77108682076304769 410.45000000000005 347.20562500000005 -0.62587551141915865 25.232407991572924 364.44500000000005 408.98500000000007
decision_type=2 2 2 2 2 2 2 2 2 2 2 2 2 2 2 2 2 2 2 2 2 2 2 2 2 2 2 2 2 2
left_child=10 2 3 4 -2 6 -4 11 16 -10 -1 12 13 26 15 -14 -9 18 19 22 -21 27 -13 24 -11 -25 -3 28 -19 -29
right_child=1 7 5 -5 -6 -7 -8 8 9 23 -12 17 14 -15 -16 -17 -18 21 -20 20 -22 -23 -24 25 -26 -27 -28 29 -30 -31
leaf_value=0.15025566955252243 -0.63207983759845177 -0.42128435857228785 0.091314212012697349 -0.92935859430581336 0.1285361968537829 0.12328099126655918 -0.2819196240546612 0.2777213768810034 -0.33866020466591562 0.036828210073258351 -0.085076239440887658 0.24002045793276205 -0.016189642155351229 0.29004876479214314 0.43481584272584795 0.16871198129981069 0.027268872563829455 0.012276034546893766 -0.27888750918209554 -0.045208007876058741 -0.41340109679628823 0.22862952877493467 0.0037575326905948635 -0.27905082852641744 -0.047685263461282296 -0.067932643057165357 -0.10517793627930623 0.14341881933579834 -0.12295360870821322 0.024339796655856144
leaf_weight=264 41 51 44 48 102 192 52 50 62 654 72 51 136 51 51 238 370 518 68 578 51 68 1802 75 1193 375 51 204 230 2600
leaf_count=264 41 51 44 48 102 192 52 50 62 654 72 51 136 51 51 238 370 518 68 578 51 68 1802 75 1193 375 51 204 230 2600
internal_value=-6.37538e-11 -0.00335219 -0.0926635 -0.300596 -0.0895425 0.045236 -0.110854 0.00113822 -0.0274299 -0.042477 0.0998274 0.0129033 0.0831664 -0.0788045 0.141476 0.101475 0.0570846 0.00632114 -0.0184964 -0.0113624 -0.0750615 0.0238031 0.0102602 -0.0344826 -0.0177601 -0.103119 -0.263231 0.0198819 -0.0293053 0.0330032
internal_weight=10342 10006 479 191 143 288 96 9527 2779 2359 336 6748 578 153 425 374 420 6170 2550 2482 629 3620 1853 2297 1847 450 102 3552 748 2804
internal_count=10342 10006 479 191 143 288 96 9527 2779 2359 336 6748 578 153 425 374 420 6170 2550 2482 629 3620 1853 2297 1847 450 102 3552 748 2804
is_linear=0
shrinkage=0.05


Tree=103
num_leaves=31
num_cat=0
split_feature=4 18 9 14 0 7 2 11 11 0 6 10 9 6 14 12 14 14 19 13 17 6 14 18 6 6 12 2 12 7
split_gain=1342.76 1490.76 1262.29 2083.83 3573.01 1732.19 1630.81 1333.5 1141.85 1078.78 1011.97 957.295 1062.89 1509.18 1285.92 1717.9 2138.36 912.081 1476.25 1158.25 1844.01 1360.24 2089.84 1864.03 1699.48 1846.07 2425.51 1853.48 1489.52 1361.03
threshold=0.12940952255126045 77.640000000000015 339.17000000000002 335.13500000000005 4.5000000000000009 -0.99761278905001471 1.0000000180025095e-35 300.34000000000009 303.74500000000006 22.500000000000004 -0.67803021058859225 421.88500000000005 308.23000000000008 0.78325454425165997 305.60000000000008 342.59229166666677 303.91500000000002 237.45500000000001 420.76000000000005 43.225061852357669 39.581801499194547 0.94138322595482449 320.40000000000003 321.69000000000005 0.80417553764032002 0.048362692321690152 321.94625000000002 2.5000000000000004 384.48145833333342 0.98005052076767474
decision_type=2 2 2 2 2 2 2 2 2 2 2 2 2 2 2 2 2 2 2 2 2 2 2 2 2 2 2 2 2 2
left_child=8 -2 3 5 -5 -3 -4 -7 -1 17 -8 12 13 14 15 16 -9 18 -10 21 -21 24 -23 -24 25 26 -19 29 -29 -28
right_child=1 2 6 4 -6 7 10 11 9 -11 -12 -13 -14 -15 -16 -17 -18 19 -20 20 -22 22 23 -25 -26 -27 27 28 -30 -31
leaf_value=0.24978243072266479 -0.23924909686963811 -0.33315169689330193 0.33843993656337262 -0.61898334209807215 -0.026597973240672479 0.24705668053728469 0.19603780863153472 0.012132831435442804 -0.0095305823272577046 -0.063561146089539763 0.0041479017135911981 -0.20682814128916052 -0.0066226535006992928 -0.37557075579718846 0.11417349533702451 -0.39271058372475887 -0.28196308944465182 -0.35796332589040203 0.25189812805124179 -0.33751507938160735 0.0038834687780278428 0.41509304189433655 -0.047048228839412336 0.16706792589932407 -0.066849672447237968 0.064420727433829747 0.077030822791401721 -0.052288232758670707 0.1823144270314111 -0.17418015397571285
leaf_weight=52 76 44 44 40 70 47 77 251 108 411 638 68 3131 41 87 44 82 48 108 59 120 48 192 216 587 1635 766 1122 72 58
leaf_count=52 76 44 44 40 70 47 77 251 108 411 638 68 3131 41 87 44 82 48 108 59 120 48 192 216 587 1635 766 1122 72 58
internal_value=-1.15013e-10 -0.0195862 -0.0160068 -0.0274746 -0.242011 -0.0212561 0.0429942 -0.0175975 0.0165724 0.0143874 0.024813 -0.0209557 -0.0174796 -0.0847925 -0.0590987 -0.0990846 -0.0602872 0.0206214 0.121184 0.0162092 -0.108645 0.0209201 0.103022 0.0663074 0.0121892 0.0247252 -0.00668918 0.00166621 -0.0381413 0.0593485
internal_weight=10342 4740 4664 3905 110 3795 759 3751 5602 5550 715 3704 3636 505 464 377 333 5139 216 4923 179 4744 456 408 4288 3701 2066 2018 1194 824
internal_count=10342 4740 4664 3905 110 3795 759 3751 5602 5550 715 3704 3636 505 464 377 333 5139 216 4923 179 4744 456 408 4288 3701 2066 2018 1194 824
is_linear=0
shrinkage=0.05


Tree=104
num_leaves=31
num_cat=0
split_feature=11 11 5 16 6 6 9 15 2 13 0 4 11 18 18 9 14 12 17 13 16 16 7 16 17 14 6 0 18 10
split_gain=1300.25 1319.43 984.57 831.743 858.002 971.813 896.122 1591.02 1096.96 1148.54 2234.47 1042.55 1244.64 1180.88 905.771 1241.22 863.91 878.052 852.308 1349.17 848.043 966.493 1617.61 855.757 998.194 798.735 797.726 949.302 784.55 848.035
threshold=251.51500000000001 300.34000000000009 -0.70710678118654757 377.38086309523811 0.96465729447553372 0.80926549319045582 310.48500000000007 378.41500000000008 4.5000000000000009 33.83610280201281 20.500000000000004 0.12940952255126045 369.18500000000006 118.84500000000001 299.17000000000002 323.12000000000006 302.09000000000009 322.31208333333342 42.466582874160316 39.709215270480037 341.74535714285719 356.22407738095245 -0.32613736746952143 360.16220238095246 36.040325237077226 333.05500000000001 0.51297097409535064 21.500000000000004 190.29000000000005 305.21500000000009
decision_type=2 2 2 2 2 2 2 2 2 2 2 2 2 2 2 2 2 2 2 2 2 2 2 2 2 2 2 2 2 2
left_child=-1 -2 -3 4 5 6 16 11 18 -10 -11 20 13 -13 15 -15 28 -18 25 -20 -8 22 -22 -23 -25 -9 27 -19 -4 -30
right_child=1 2 3 -5 -6 -7 7 8 9 10 -12 12 -14 14 -16 -17 17 26 19 -21 21 23 -24 24 -26 -27 -28 -29 29 -31
leaf_value=-0.28101509722267709 0.28419620356545217 0.026703683786250793 -0.16495397499963349 -0.11014092948682833 0.06069639333280609 -0.054301460388660461 -0.10190239369869232 0.023172718419611719 0.00017493337220629725 -0.071405084605905264 -0.40202681167016846 0.20911787812052887 -0.20342625040011331 0.036714270449382191 0.041295788276490046 -0.33732409159697241 -0.27165696658194066 -0.013413668432971213 -0.31064582756823966 -0.011930731590467668 0.065778412841378697 -0.069981260768448322 0.42408207924001751 0.22442960725338371 0.046416373265089184 -0.044308428831332833 -0.19087160366773606 -0.23127025935931933 -0.12821316332311225 0.084813101419956072
leaf_weight=41 41 2581 51 198 449 1077 45 2352 357 315 61 82 61 47 308 42 54 467 54 126 63 72 63 135 189 539 100 56 57 259
leaf_count=41 41 2581 51 198 449 1077 45 2352 357 315 61 82 61 47 308 42 54 467 54 126 63 72 63 135 189 539 100 56 57 259
internal_value=1.07901e-10 0.0011185 -1.27119e-05 -0.0089924 -0.0063153 -0.0105941 -0.00268929 0.0062536 -0.00909883 -0.064057 -0.125043 0.0590094 0.00928838 0.0363773 0.000697888 -0.139798 -0.0447569 -0.0782451 0.00401884 -0.101545 0.106363 0.124317 0.24493 0.0859395 0.120589 0.0105915 -0.0614807 -0.0367406 0.0170185 0.0463875
internal_weight=10342 10301 10260 7679 7481 7032 5955 4911 3804 733 376 1107 540 479 397 89 1044 677 3071 180 567 522 126 396 324 2891 623 523 367 316
internal_count=10342 10301 10260 7679 7481 7032 5955 4911 3804 733 376 1107 540 479 397 89 1044 677 3071 180 567 522 126 396 324 2891 623 523 367 316
is_linear=0
shrinkage=0.05


Tree=105
num_leaves=31
num_cat=0
split_feature=13 13 11 11 9 16 17 16 2 17 10 6 13 9 12 7 17 6 16 12 13 17 9 0 10 6 8 9 17 17
split_gain=1204.22 1446.05 6653.47 2804.68 2451.04 4259.81 9363.57 3994.04 1589.11 2436.93 1367.29 1229.74 1221.72 1165.23 1787.6 3544.4 1541.19 1143.63 1143.02 1220.9 1064.54 1271.83 1149.96 1034.48 1561.84 1459.14 1677.4 1143.67 1024.56 1022.77
threshold=10.322301615318512 12.273067053899736 307.86500000000007 300.34000000000009 331.61000000000007 359.83952380952383 34.72186386427704 362.30127976190482 1.0000000180025095e-35 43.955569731031112 329.34500000000008 -0.71504373327588355 11.707351713503803 322.52000000000004 376.36166666666674 -0.21862536810265826 38.478676729397428 0.7090011537757156 371.35380952380962 390.21750000000003 38.455038718150675 26.184225389559419 302.28500000000003 12.500000000000002 411.4550000000001 0.56369777965491019 1.0000000180025095e-35 311.53000000000003 22.853756606194239 41.012377939040938
decision_type=2 2 2 2 2 2 2 2 2 2 2 2 2 2 2 2 2 2 2 2 2 2 2 2 2 2 2 2 2 2
left_child=17 2 -2 -3 5 12 -7 -8 9 10 -5 -9 -4 14 16 -16 20 -1 19 -15 21 28 -23 24 -18 26 -25 -27 -10 -29
right_child=1 3 4 8 -6 6 7 11 13 -11 -12 -13 -14 18 15 -17 23 -19 -20 -21 -22 22 -24 25 -26 27 -28 29 -30 -31
leaf_value=0.16186213747779321 -0.55067222321692577 0.35251934167585874 0.092902555623578076 0.031425897361850551 0.14782201798133007 -0.88158220167864454 -0.5208371697661156 0.1657057787033005 -0.03298924639397724 -0.27834564045418142 0.19564608169470246 -0.087966646574942631 -0.12143235383230414 0.024903139704404564 0.064068646527205911 -0.54355646501062438 -0.0013383260561325402 -0.030652771663541595 -0.019040862123752875 0.23325953167319918 0.0270270691001618 -0.28251036084903819 -0.076935725606959909 0.08001327113626891 -0.32295022831764075 -0.24231378857723695 0.35536242583514871 0.08984428181905639 0.157755690595756 -0.13743282494445641
leaf_weight=216 65 57 293 253 164 44 45 72 264 43 254 142 86 2992 48 48 671 120 1967 72 384 72 1233 219 40 44 74 198 96 66
leaf_count=216 65 57 293 253 164 44 45 72 264 43 254 142 86 2992 48 48 671 120 1967 72 384 72 1233 219 40 44 74 198 96 66
internal_value=-6.63825e-11 -0.00312651 -0.0631848 0.00288922 -0.0257301 -0.067464 -0.20722 -0.0926568 0.000684207 0.0830473 0.113698 -0.00261891 0.0442672 -0.0046527 -0.0270013 -0.239744 -0.0209248 0.0931068 0.0107039 0.0297992 -0.0480179 -0.0653256 -0.0882778 0.0213876 -0.0194318 0.0696781 0.149555 -0.00630911 0.0178761 0.033025
internal_weight=10342 10006 911 9095 846 682 303 259 9038 550 507 214 379 8488 3457 96 3361 336 5031 3064 2049 1665 1305 1312 711 601 293 308 360 264
internal_count=10342 10006 911 9095 846 682 303 259 9038 550 507 214 379 8488 3457 96 3361 336 5031 3064 2049 1665 1305 1312 711 601 293 308 360 264
is_linear=0
shrinkage=0.05


Tree=106
num_leaves=31
num_cat=0
split_feature=11 11 5 15 13 10 14 17 9 16 17 18 9 17 19 17 9 7 13 2 16 6 13 9 6 6 0 17 6 6
split_gain=1237.51 1125.22 871.802 725.091 1143.12 3896.34 1162.69 962.809 1029.09 1907.87 2277.29 1249.02 1002.49 1678.69 897.416 896.869 856.734 723.82 1125.41 1788.25 1006.75 1454.91 838.639 1007.39 845.862 775.41 866.885 1124.4 700.919 888.392
threshold=251.51500000000001 300.34000000000009 -0.70710678118654757 439.56000000000006 42.554963238344357 417.44500000000005 280.24000000000007 38.478676729397428 321.37000000000006 357.13235119047624 41.155130397380496 296.57000000000011 306.17000000000002 30.350097923534168 421.23000000000008 38.226441773464366 325.38500000000005 -0.87810534180523914 11.555722190545973 1.0000000180025095e-35 373.54505952380958 0.96465729447553372 41.617478689385564 298.98500000000007 0.80926549319045582 0.66527693225344786 4.5000000000000009 37.38199216828685 -0.99275805973510278 -0.159513159777915
decision_type=2 2 2 2 2 2 2 2 2 2 2 2 2 2 2 2 2 2 2 2 2 2 2 2 2 2 2 2 2 2
left_child=-1 -2 3 4 6 14 -3 12 9 11 -11 -9 13 -8 -6 -14 -10 18 -4 -20 21 22 23 -19 25 -25 27 -27 -24 -30
right_child=1 2 17 -5 5 -7 7 8 16 10 -12 -13 15 -15 -16 -17 -18 20 19 -21 -22 -23 28 24 -26 26 -28 -29 29 -31
leaf_value=-0.27415113507247552 0.26250599906211947 0.26766683341314396 -0.16609511307495484 0.098262347269182412 -0.12228894849739425 -0.53922261923551562 0.0088860681224049946 0.036460673010775019 0.28558384740858206 0.037991079067190486 -0.4420506275303307 0.31028842812886948 0.016417399051819711 -0.39547591709664892 0.1918949187824539 -0.21807966847859681 0.081016246496565567 -0.23570821545328255 0.29556661469466761 0.025929439067452528 -0.068817139768245203 0.0925979599713386 -0.13470339925476799 -0.016441632028146566 -0.059337862128118493 -0.27696059366188397 0.090281933520410029 0.041233241029062069 0.11409302514557745 -0.0047050186148327264
leaf_weight=41 41 48 68 300 41 40 66 182 84 60 42 54 1398 42 51 42 131 54 66 900 755 342 54 3315 1005 41 363 86 306 324
leaf_count=41 41 48 68 300 41 40 66 182 84 60 42 54 1398 42 51 42 131 54 66 900 755 342 54 3315 1005 41 363 86 306 324
internal_value=9.59782e-11 0.00109118 4.65352e-05 0.0251864 0.0155754 -0.127243 0.0243479 0.018789 0.0754194 0.02102 -0.159673 0.0991162 -0.00144143 -0.148366 0.0518782 0.0095779 0.16094 -0.00840327 0.030512 0.0443519 -0.0144587 -0.00749087 -0.0136607 -0.0209506 -0.0185396 -0.00776373 0.0509449 -0.0614908 0.0381784 0.0529969
internal_weight=10342 10301 10260 2581 2281 132 2149 2101 553 338 102 236 1548 108 92 1440 215 7679 1034 966 6645 5890 5548 4864 4810 3805 490 127 684 630
internal_count=10342 10301 10260 2581 2281 132 2149 2101 553 338 102 236 1548 108 92 1440 215 7679 1034 966 6645 5890 5548 4864 4810 3805 490 127 684 630
is_linear=0
shrinkage=0.05


Tree=107
num_leaves=31
num_cat=0
split_feature=4 11 11 9 13 17 17 14 7 10 14 10 6 2 13 9 2 17 11 12 12 14 15 12 9 17 19 7 6 7
split_gain=1120.19 1459.25 998.701 974.562 963.132 2044.06 1608.73 1347.33 1490.76 1193.4 1568.34 1139.82 2711.51 996.172 1439.65 980.157 1279.06 1615.11 1124.55 885.326 811.47 1605.91 988.574 761.078 1869.37 1074.38 1133.56 876.518 860.478 1037.48
threshold=0.12940952255126045 300.34000000000009 303.74500000000006 346.82000000000005 14.741334363978735 41.180671730874856 41.372863328101964 300.43000000000006 0.40418040343369133 358.76500000000004 237.45500000000001 350.00500000000005 -0.77245553105869302 5.5000000000000009 12.597542009912422 330.22000000000008 4.5000000000000009 37.3448970847843 350.07000000000005 333.07625000000002 390.10937500000006 337.32000000000005 448.25000000000006 363.12312500000013 333.55000000000007 38.106357909700932 424.46500000000009 0.87291090774974645 0.64579916509010216 -0.23537842981696178
decision_type=2 2 2 2 2 2 2 2 2 2 2 2 2 2 2 2 2 2 2 2 2 2 2 2 2 2 2 2 2 2
left_child=2 -2 -1 -3 5 7 -7 -4 13 10 -6 -12 -13 14 -9 16 17 18 -10 -20 22 -22 23 24 25 26 -11 28 -25 -30
right_child=1 3 4 -5 9 6 -8 8 15 20 11 12 -14 -15 -16 -17 -18 -19 19 -21 21 -23 -24 27 -26 -27 -28 -29 29 -31
leaf_value=0.23323940650846522 -0.26714632572156599 -0.019595202975956825 0.2999110120392981 0.093755710540860293 0.12520700217823363 -0.35644944541308349 -0.0073100523414588213 0.10947212847576548 -0.012107898553626406 0.023858862664681256 -0.028757332697962934 -0.4762569271065295 -0.064795508132830484 0.027880011257936356 0.34149185676541594 0.16114514502114619 0.06557151948177331 0.13971600588038566 -0.15538683259633906 -0.43593060958902446 0.35769114526463491 -0.041077740937471394 -0.13833987326920033 0.0028455586341619905 -0.27569531047286894 0.087017338871499345 -0.13211776832128086 0.14830283969089653 -0.081957820417093374 0.10900608614681224
leaf_weight=52 58 4484 63 198 140 49 101 260 63 285 1108 50 201 194 90 78 185 50 66 49 51 50 100 1083 65 255 197 169 84 464
leaf_count=52 58 4484 63 198 140 49 101 260 63 285 1108 50 201 194 90 78 185 50 66 49 51 50 100 1083 65 255 197 169 84 464
internal_value=3.19212e-11 -0.0178894 0.0151367 -0.0148016 0.0130932 0.051765 -0.121362 0.0754163 0.0617514 0.00187461 -0.0341367 -0.0505518 -0.14676 0.118761 0.169134 -0.00141156 -0.0321123 -0.111373 -0.181904 -0.274923 0.0211329 0.160281 0.0159316 0.0218605 -0.0186511 0.00401899 -0.0398909 0.0399107 0.0286794 0.0797342
internal_weight=10342 4740 5602 4682 5550 1248 150 1098 1035 4302 1499 1359 251 544 350 491 413 228 178 115 2803 101 2702 2602 802 737 482 1800 1631 548
internal_count=10342 4740 5602 4682 5550 1248 150 1098 1035 4302 1499 1359 251 544 350 491 413 228 178 115 2803 101 2702 2602 802 737 482 1800 1631 548
is_linear=0
shrinkage=0.05


Tree=108
num_leaves=31
num_cat=0
split_feature=13 13 11 11 12 6 7 2 17 10 6 0 9 12 7 17 0 10 19 12 14 16 2 0 18 9 11 18 12 15
split_gain=1105.66 1285.45 5954.44 2582.12 2154.28 4796.39 1441.28 1294.97 2122.39 1237.61 1036.93 1005.92 950.137 1577.66 3239.59 1163.87 1359.34 1768.5 1296.73 1169.14 1045.17 973.826 936.149 1216.03 1047.85 1977.17 1184.65 1041.39 921.943 896.427
threshold=10.322301615318512 12.273067053899736 307.86500000000007 300.34000000000009 321.94625000000002 0.36648264796514479 -0.98521978256641018 1.0000000180025095e-35 43.955569731031112 308.37500000000006 0.7090011537757156 22.500000000000004 322.52000000000004 376.36166666666674 -0.21862536810265826 37.145851761049407 12.500000000000002 414.39000000000004 425.95500000000004 329.41916666666674 317.49500000000006 371.35380952380962 1.5000000000000002 18.500000000000004 329.00000000000006 343.86000000000007 436.54000000000002 331.96000000000009 390.21750000000003 382.58000000000004
decision_type=2 2 2 2 2 2 2 2 2 2 2 2 2 2 2 2 2 2 2 2 2 2 2 2 2 2 2 2 2 2
left_child=10 2 -2 -3 5 -4 -6 8 9 -5 -1 12 13 15 -15 18 17 -17 20 -18 29 28 23 -23 25 26 -24 -26 -14 -9
right_child=1 3 4 7 6 -7 -8 11 -10 -11 -12 -13 21 14 -16 16 19 -19 -20 -21 -22 22 24 -25 27 -27 -28 -29 -30 -31
leaf_value=0.15468471836820419 -0.52078967602708592 0.33814731114135504 -0.62720567209853062 -0.13531706631183624 -0.25841462615256511 0.04645986070681829 0.024951126973221757 -0.060145171095503158 -0.26235340764356213 0.12906731920028067 -0.028630229343349734 -0.087380403217013639 0.027124784099765556 0.071245375129839653 -0.52215942811706795 -0.0095161124028968203 -0.10958975346526133 -0.34992339808028194 -0.11352887435234393 0.094162455426126057 -0.25022159745187861 0.1029393291355748 -0.048656519188275973 -0.14471950117498636 0.065371373939373159 -0.25485289974057157 0.19912411053391066 -0.12159674381027404 0.21207634413722848 0.029189167747469869
leaf_weight=216 65 57 45 49 48 64 689 474 43 458 120 349 2869 46 46 827 80 40 481 587 46 285 891 60 391 115 51 92 69 689
leaf_count=216 65 57 45 49 48 64 689 474 43 458 120 349 2869 46 46 827 80 40 481 587 46 285 891 60 391 115 51 92 69 689
internal_value=1.92048e-10 -0.00299583 -0.059621 0.00267603 -0.0241884 -0.231659 0.00649583 0.000560308 0.0749111 0.103515 0.0892151 -0.00425743 -0.000693117 -0.021296 -0.225457 -0.0154701 0.0160622 -0.0252212 -0.0440917 0.0697244 -0.0164662 0.0134722 -0.0145771 0.0598682 -0.0312548 -0.059135 -0.0352416 0.0297584 0.0314684 -0.00722053
internal_weight=10342 10006 911 9095 846 109 737 9038 550 507 336 8488 8139 3316 92 3224 1534 867 1690 667 1209 4823 1885 345 1540 1057 942 483 2938 1163
internal_count=10342 10006 911 9095 846 109 737 9038 550 507 336 8488 8139 3316 92 3224 1534 867 1690 667 1209 4823 1885 345 1540 1057 942 483 2938 1163
is_linear=0
shrinkage=0.05


Tree=109
num_leaves=31
num_cat=0
split_feature=11 11 5 15 7 13 2 16 18 14 13 9 13 10 6 6 17 13 13 13 10 14 19 15 15 14 9 7 18 9
split_gain=1109.11 990.728 734.121 648.715 621.344 1041.45 1544.31 859.622 1285.69 796.336 665.351 907.315 662.583 642.903 609.257 822.015 609.393 604.979 575.994 572.662 2004.76 1023.43 857.749 837.796 1434.01 1325.75 960.957 3687.05 1008.39 1038.13
threshold=251.51500000000001 300.34000000000009 -0.70710678118654757 455.73500000000007 -0.87810534180523914 11.555722190545973 1.0000000180025095e-35 373.54505952380958 323.96500000000009 335.57000000000011 41.617478689385564 298.98500000000007 34.337792915305307 386.01500000000004 -0.99275805973510278 -0.63921128368950708 41.012377939040938 14.741334363978735 35.845282279385245 42.554963238344357 422.73000000000008 280.24000000000007 421.23000000000008 410.45000000000005 404.95000000000005 307.36500000000007 307.05500000000001 0.67007489853957602 315.17000000000007 331.61000000000007
decision_type=2 2 2 2 2 2 2 2 2 2 2 2 2 2 2 2 2 2 2 2 2 2 2 2 2 2 2 2 2 2
left_child=-1 -2 3 19 5 -4 -7 8 10 13 11 -6 -8 -10 -12 -16 -17 -9 -19 21 22 -3 -21 24 26 -25 27 -23 -28 -30
right_child=1 2 4 -5 7 6 12 17 9 -11 14 -13 -14 -15 15 16 -18 18 -20 20 -22 23 -24 25 -26 -27 28 -29 29 -31
leaf_value=-0.25953965361525372 0.24632834975675838 0.25508299032614257 -0.16077677543987245 0.21802139922621705 -0.22231677539163719 0.27512044127691876 0.035386807344310059 0.028653461244215986 0.098388340819234921 -0.072033043647253964 -0.12781605669469745 -0.016230227460109117 -0.14525956633474887 0.31079366246859236 0.11362165413710668 0.034883785031140889 -0.11417142038750981 -0.14688955360673303 -0.047022787647554035 -0.11751692571810313 -0.27587255786572185 -0.50728744176172069 0.1653867947894174 0.25279067316419118 -0.19957061796552605 0.037882988583914479 0.064538918269329545 0.020856457650060615 -0.13797764716794095 0.065327850287711181
leaf_weight=41 41 48 68 42 54 66 846 144 171 54 54 4864 54 45 270 288 90 234 377 42 70 42 74 77 90 1055 628 155 150 108
leaf_count=41 41 48 68 42 54 66 846 144 171 54 54 4864 54 45 270 288 90 234 377 42 70 42 74 77 90 1055 628 155 150 108
internal_value=-2.16091e-11 0.00103302 5.27937e-05 0.0231223 -0.00770113 0.0283543 0.0416679 -0.0133116 -0.00687296 0.099705 -0.0119932 -0.0184931 0.024548 0.142639 0.0335426 0.0469891 -0.00060555 -0.0635413 -0.0852696 0.0198983 -0.06456 0.0265746 0.0629561 0.021816 -0.00779665 0.0525013 0.00814024 -0.0917427 0.030349 -0.052873
internal_weight=10342 10301 10260 2581 7679 1034 966 6645 5890 270 5620 4918 900 216 702 648 378 755 611 2539 186 2353 116 2305 1173 1132 1083 197 886 258
internal_count=10342 10301 10260 2581 7679 1034 966 6645 5890 270 5620 4918 900 216 702 648 378 755 611 2539 186 2353 116 2305 1173 1132 1083 197 886 258
is_linear=0
shrinkage=0.05


Tree=110
num_leaves=31
num_cat=0
split_feature=13 13 6 4 11 11 13 17 13 14 12 9 13 13 14 10 12 11 6 6 6 14 17 7 9 10 13 10 2 11
split_gain=1028.34 1185.19 2406.05 964.22 5292.09 2623.31 1567.4 4744.25 994.447 1027.6 1213.29 3068.19 1100.28 998.481 1935.95 1044.7 1718.47 2049.79 955.423 1390.27 1375.82 1098.92 1556 1070.97 1515.57 1055.84 1333.96 1040.3 3902.91 1014.05
threshold=10.322301615318512 10.607254350858371 0.031174179426909168 0.37940952255126054 302.34500000000008 302.34500000000008 11.482999848160668 36.062586831352611 10.790393427095889 237.45500000000001 321.94625000000002 306.94500000000005 75.816245190646228 42.257811174423374 300.51500000000004 424.31500000000005 369.40416666666675 382.44500000000005 0.96465729447553372 0.99700008544936913 0.80417553764032002 327.49000000000007 38.523295755701099 -0.30982845708428081 322.67500000000007 360.45500000000004 16.410127000427302 350.36500000000007 4.5000000000000009 352.04500000000007
decision_type=2 2 2 2 2 2 2 2 2 2 2 2 2 2 2 2 2 2 2 2 2 2 2 2 2 2 2 2 2 2
left_child=-1 2 -2 4 -3 -5 7 -7 -6 12 11 -11 -10 18 -15 16 -16 -18 20 21 25 -20 -23 -22 -25 26 29 -28 -29 -12
right_child=1 3 -4 5 8 6 -8 -9 9 10 13 -13 -14 14 15 -17 17 -19 19 -21 23 22 -24 24 -26 -27 27 28 -30 -31
leaf_value=0.086039236650824372 0.070340572887410732 0.48215728846646971 -0.43294512830833176 -0.37397867144586949 0.21239993320456865 -0.56434652846233513 -0.0098896805661836864 0.044320211000740531 0.14523953039481838 0.0042260627380826254 0.074656185032425645 -0.48586195067399079 -0.12569739284562984 -0.38774632350541655 0.14865726945956922 0.096888586840800303 -0.06610294564327758 -0.46564225842141449 0.37639332005754111 -0.054215832035212463 -0.15442649290406546 0.19019706267739336 -0.11107754143265387 0.091993102272853067 -0.07767034743717055 0.0390144651693674 -0.025060781541975181 -0.026034922638398319 -0.54903507201952184 -0.044832182858640761
leaf_weight=336 48 59 47 52 58 51 3528 86 224 110 560 45 45 44 53 103 112 45 45 120 207 150 60 195 405 2170 929 148 47 260
leaf_count=336 48 59 47 52 58 51 3528 86 224 110 560 45 45 44 53 103 112 45 45 120 207 150 60 195 405 2170 929 148 47 260
internal_value=-2.17512e-10 -0.00288919 -0.178653 -0.00120443 0.0108768 -0.0213365 -0.0163331 -0.182264 0.00634449 0.00437786 -4.70113e-05 -0.138058 0.0999155 0.00373711 -0.0771986 -0.0335434 -0.0975171 -0.180621 0.00919294 0.0861246 0.00333044 0.152167 0.104119 -0.056362 -0.0225297 0.0150397 -0.0117223 -0.047099 -0.152091 0.0367696
internal_weight=10342 10006 95 9911 6194 3717 3665 137 6135 6077 5808 155 269 5653 357 313 210 157 5296 375 4921 255 210 807 600 4114 1944 1124 195 820
internal_count=10342 10006 95 9911 6194 3717 3665 137 6135 6077 5808 155 269 5653 357 313 210 157 5296 375 4921 255 210 807 600 4114 1944 1124 195 820
is_linear=0
shrinkage=0.05


Tree=111
num_leaves=31
num_cat=0
split_feature=11 11 17 6 17 17 5 10 6 6 13 6 14 7 17 15 10 11 12 12 14 16 12 16 16 9 2 13 17 10
split_gain=1014.97 849.56 659.332 1181.63 774.037 1812.68 762.096 1137.56 860.076 2124.33 1737.36 1560.79 2852.63 1313.23 1142.22 1066.82 1010.74 922.295 918.273 2386.69 4284.27 1202.5 2708.44 1374.63 1479.89 1081.73 1011.93 975.469 1882.91 1861.85
threshold=251.51500000000001 300.34000000000009 46.354287850065255 0.58481550752069722 45.81161926007686 45.159045628601568 0.60355339059327384 312.13500000000005 -0.94705910369513524 -0.97876850416056738 38.136688890352595 -0.90163369914317015 305.60000000000008 -0.12545862287572049 42.083480930672401 340.62500000000006 379.44000000000005 387.48500000000007 344.67562500000003 343.02125000000007 325.17500000000007 359.081755952381 339.53000000000003 354.87452380952385 351.94553571428577 307.19500000000005 1.0000000180025095e-35 37.162828750675423 36.663766014706894 422.73000000000008
decision_type=2 2 2 2 2 2 2 2 2 2 2 2 2 2 2 2 2 2 2 2 2 2 2 2 2 2 2 2 2 2
left_child=-1 -2 4 -4 5 6 7 -3 9 13 -11 12 -10 17 15 -13 -16 -9 19 21 -21 23 -23 24 -17 -20 -27 -28 -29 -30
right_child=1 2 3 -5 -6 -7 -8 8 11 10 -12 14 -14 -15 16 18 -18 -19 25 20 -22 22 -24 -25 -26 26 27 28 29 -31
leaf_value=-0.2482800652341145 0.22813629849654871 0.22532485645020106 -0.32426833141335226 0.036623570028071602 0.16463802428916097 -0.30641649809355537 -0.020092767808351918 0.002151380769819731 -0.48176104724821117 0.36342999676571175 0.081495220915968322 0.13299111363709354 -0.038346455333863994 -0.052223948213036789 0.011610951264565057 -0.0083712217507555201 0.27038329524387206 0.33157554227252339 0.20927875219460798 -0.59605076487596131 0.012121886342986306 -0.38511783051401821 0.024082401939028622 0.11124315270741435 -0.2924245228382702 0.11324036106058998 -0.015838054784276582 0.10783957885601184 0.028889622794836995 -0.1282708987897597
leaf_weight=41 41 61 43 48 72 48 2890 42 45 85 153 157 187 321 74 714 77 43 68 51 67 67 102 237 49 219 2651 559 891 239
leaf_count=41 41 61 43 48 72 48 2890 42 45 85 153 157 187 321 74 714 77 43 68 51 67 67 102 237 49 219 2651 559 891 239
internal_value=-4.00123e-11 0.000988203 8.04965e-05 -0.133908 0.00127953 0.000114644 0.00157882 0.0103274 0.00847969 0.0635785 0.182186 0.00298176 -0.124354 -0.0059502 0.00772972 0.00435111 0.143568 0.168801 0.000936085 -0.0364212 -0.250732 -0.0147885 -0.138145 0.00605877 -0.0266132 0.011327 0.00837447 0.00308285 0.0327805 -0.00435052
internal_weight=10342 10301 10260 91 10169 10097 10049 7159 7098 644 238 6454 232 406 6222 6071 151 85 5914 1287 118 1169 169 1000 763 4627 4559 4340 1689 1130
internal_count=10342 10301 10260 91 10169 10097 10049 7159 7098 644 238 6454 232 406 6222 6071 151 85 5914 1287 118 1169 169 1000 763 4627 4559 4340 1689 1130
is_linear=0
shrinkage=0.05


Tree=112
num_leaves=31
num_cat=0
split_feature=13 19 4 11 9 18 13 9 18 18 16 13 7 12 15 16 11 14 13 19 9 12 7 15 18 18 7 18 7 16
split_gain=940.266 1095.09 966.439 4975.52 885.058 1479.27 774.637 815.704 761.938 1309.95 1089.77 1485.11 1017.09 848.542 947.556 830.744 747.435 730.192 1241.38 976.895 917.432 1590.42 1999.51 1480.95 1317.6 2310.12 1770.65 966.56 929.198 875.487
threshold=10.18733216452757 448.25000000000006 0.12940952255126045 300.34000000000009 308.23000000000008 168.59000000000003 11.892313305114877 305.64500000000004 331.05500000000006 329.00000000000006 374.56196428571434 13.969698772646066 -0.55656394595157355 390.21750000000003 445.35000000000008 373.99922619047624 303.74500000000006 237.45500000000001 43.388145002387454 420.76000000000005 325.2050000000001 374.10645833333342 0.063390085881955341 430.84000000000009 303.89000000000004 305.00000000000006 0.78724360164103002 302.47000000000008 0.95936279103287792 351.28383928571435
decision_type=2 2 2 2 2 2 2 2 2 2 2 2 2 2 2 2 2 2 2 2 2 2 2 2 2 2 2 2 2 2
left_child=1 -1 8 -4 5 -5 -7 -8 9 10 13 -12 -13 14 15 16 -2 19 20 -18 21 23 -23 24 27 -26 29 -19 -22 -27
right_child=2 -3 3 4 -6 6 7 -9 -10 -11 11 12 -14 -15 -16 -17 17 18 -20 -21 28 22 -24 -25 25 26 -28 -29 -30 -31
leaf_value=0.14536800971901459 0.20195314139127732 -0.079795442707836631 -0.51546545624732976 -0.2887446029925011 -0.0063773239714784852 -0.22006992734265776 -0.068363201514196892 0.091741594089930809 -0.14344144325034741 0.12344125226534045 0.15525860527100474 -0.056993658320939215 -0.27082423411800965 0.21490059214142654 -0.11539881034609928 0.21445089686805241 -0.0048482929762357317 0.0032882186612347465 -0.191035175922876 0.19947410248156289 0.032380510680503488 0.018804571641465793 -0.41967109437816996 0.18383224897373182 -0.35008825239653774 0.16369048891302485 -0.28446181697341116 0.13470382045714124 0.26018913653881653 -0.031218636580407657
leaf_weight=216 52 72 50 71 4075 53 240 119 78 260 52 143 91 52 142 52 117 1438 78 117 1663 52 52 104 65 65 65 155 46 507
leaf_count=216 52 72 50 71 4075 53 240 119 78 260 52 143 91 52 142 52 117 1438 78 117 1663 52 52 104 65 65 65 155 46 507
internal_value=-2.61276e-11 0.0890771 -0.00255164 -0.0194044 -0.0139627 -0.0779596 -0.041635 -0.0152923 0.0117079 0.0139623 0.00838975 -0.0864393 -0.14015 0.0140142 0.0118242 0.0157278 0.0134696 0.0113031 0.00661167 0.0973129 0.0102718 -0.00901026 -0.200433 -0.000711804 -0.00907458 -0.0661449 -0.0371711 0.016075 0.0385123 -0.00906987
internal_weight=10342 288 10054 4608 4558 483 412 359 5446 5368 5108 286 234 4822 4770 4628 4576 4524 4290 234 4212 2503 104 2399 2295 702 637 1593 1709 572
internal_count=10342 288 10054 4608 4558 483 412 359 5446 5368 5108 286 234 4822 4770 4628 4576 4524 4290 234 4212 2503 104 2399 2295 702 637 1593 1709 572
is_linear=0
shrinkage=0.05


Tree=113
num_leaves=31
num_cat=0
split_feature=18 2 11 5 4 19 11 6 6 6 9 15 7 18 0 11 16 17 13 13 7 0 14 14 2 11 10 14 7 5
split_gain=931.198 2573.86 1579.35 694.238 608.141 567.157 770.34 780.974 615.05 991.645 685.652 687.581 762.666 1113.13 1984.18 771.366 738.103 916.738 665.361 986.248 1264.44 1252.01 907.544 2787.16 797.004 895.968 825.451 678.159 658.768 651.765
threshold=77.640000000000015 1.5000000000000002 300.34000000000009 -0.70710678118654757 -0.98296291314453399 448.46000000000009 419.62500000000006 0.96465729447553372 0.78325454425165997 0.69676570133721638 321.37000000000006 432.60000000000008 0.77652048701313048 304.82500000000005 7.5000000000000009 386.77000000000004 360.80937500000005 46.354287850065255 39.869872625620594 33.564592187906605 0.83258597624099873 20.500000000000004 318.97500000000008 321.15500000000003 1.5000000000000002 334.97500000000008 340.36500000000007 334.85500000000008 -0.70289845916694649 0.37940952255126048
decision_type=2 2 2 2 2 2 2 2 2 2 2 2 2 2 2 2 2 2 2 2 2 2 2 2 2 2 2 2 2 2
left_child=1 -1 -2 -4 -5 6 7 8 9 10 11 12 16 15 -15 -14 17 -6 19 22 21 -21 -12 -24 25 -25 -27 -26 -20 -18
right_child=2 -3 3 4 5 -7 -8 -9 -10 -11 18 -13 13 14 -16 -17 29 -19 28 20 -22 -23 23 24 27 26 -28 -29 -30 -31
leaf_value=-0.43076124270545679 0.22604725686594462 0.005735333499809106 0.022811127114636065 0.050768862060218495 0.062670148858102043 -0.045721342339591756 -0.16335985827700872 0.06824298477505282 -0.043690340093961999 0.088564226244402647 0.13772852974147293 -0.20793642506879917 -0.038374882229102222 0.019452425502822737 -0.36573653900197578 0.15859212784383159 -0.19318620551909721 -0.13868891253830895 -0.091711320695001639 -0.063648130201267375 0.075877695486653518 -0.30440415877118626 -0.31051158492381759 -0.07526198844507076 0.037234127440653443 0.34364825209905936 0.098721460996975388 -0.049056117220504868 0.10431956671364606 0.015727620469406248
leaf_weight=47 78 120 2539 424 550 1003 76 360 982 295 152 51 1127 64 70 52 70 63 50 297 127 66 65 57 592 43 172 370 300 80
leaf_count=47 78 120 2539 424 550 1003 76 360 982 295 152 51 1127 64 70 52 70 63 50 297 127 66 65 57 592 43 172 370 300 80
internal_value=9.21867e-11 -0.117111 0.00192212 0.000190735 -0.00740826 -0.0108659 -0.00516377 -0.00317816 -0.00769293 -0.00019251 -0.006119 -0.0265617 -0.0221059 -0.0452082 -0.181766 -0.0296876 0.0176492 0.0419758 0.0128603 0.00141816 -0.0599137 -0.107422 0.0221298 0.00860325 0.0254124 0.100982 0.147707 0.00404557 0.0763152 -0.0817655
internal_weight=10342 167 10175 10097 7558 7134 6131 6055 5695 4713 4418 2127 2076 1313 134 1179 763 613 2291 1941 490 363 1451 1299 1234 272 215 962 350 150
internal_count=10342 167 10175 10097 7558 7134 6131 6055 5695 4713 4418 2127 2076 1313 134 1179 763 613 2291 1941 490 363 1451 1299 1234 272 215 962 350 150
is_linear=0
shrinkage=0.05


Tree=114
num_leaves=31
num_cat=0
split_feature=11 11 9 7 9 15 7 0 12 14 18 16 14 16 0 7 7 6 16 13 16 18 10 6 19 16 7 9 11 6
split_gain=888.053 770.684 571.153 1317.2 718.234 1086.39 1204.82 825.998 777.043 693.018 1173.39 1429.11 1202.81 1131.53 1027.3 3022.3 1298.15 890.61 859.65 814.231 789.812 731.388 676.906 666.698 1477.09 1060.1 1813.09 1703.65 3279.09 1496.56
threshold=251.51500000000001 300.34000000000009 334.13500000000005 -0.99761278905001471 335.07000000000011 375.60000000000008 -0.9575230291762723 10.500000000000002 376.21666666666675 332.62500000000006 327.22500000000008 372.77776785714292 336.06500000000005 376.15720238095241 13.500000000000002 0.91159213926341531 0.89691351184655443 -0.21861968191509915 369.59687500000001 39.367802399925488 371.43970238095244 303.94000000000005 418.29000000000002 0.96465729447553372 446.56000000000006 359.52946428571437 0.93158198870884079 308.64500000000004 344.92000000000007 -0.94705910369513524
decision_type=2 2 2 2 2 2 2 2 2 2 2 2 2 2 2 2 2 2 2 2 2 2 2 2 2 2 2 2 2 2
left_child=-1 -2 3 -3 7 6 -6 -4 -9 13 11 12 -11 14 16 18 17 21 -16 -12 -20 -7 -13 25 -25 29 27 28 -27 -5
right_child=1 2 4 23 5 9 -8 8 -10 10 19 22 -14 -15 15 -17 -18 -19 20 -21 -22 -23 -24 24 -26 26 -28 -29 -30 -31
leaf_value=-0.23223888757752209 0.21727099408006589 -0.21978856000868188 0.0024602086519376495 0.16380395302844086 0.34869080536688368 0.050995092626128884 0.03967551118061554 0.050244738715581411 0.26530879683342284 -0.097108475014964057 -0.0014469481286748002 -0.13350836440663913 0.082493375069121036 -0.16138113568207094 -0.048995150942355396 -0.42919701980426911 0.2951958719132976 0.016144297621724615 0.25129701871269694 0.1587651566369459 0.034473011226925469 0.2596454910446136 -0.35185777386452294 0.17094124260336341 -0.022530583294583916 0.011002213607675263 -0.34682323654060782 -0.020790542584679897 -0.58172940490767366 0.00012221636241228819
leaf_weight=41 41 72 142 144 48 84 92 78 91 216 456 145 164 72 190 40 66 364 60 96 140 84 47 168 239 56 46 2200 40 4620
leaf_count=41 41 72 142 144 48 84 92 78 91 216 456 145 164 72 190 40 66 364 60 96 140 84 47 168 239 56 46 2200 40 4620
internal_value=2.53578e-10 0.000924357 5.98135e-05 -0.00694597 0.0199248 0.0105276 0.145624 0.0913554 0.166048 0.00202338 -0.025588 -0.0757737 -0.0195961 0.0302372 0.0436579 -0.0152859 0.0860422 0.0600946 0.0271666 0.026416 0.0995202 0.15532 -0.186958 -0.00490621 0.05733 -0.00847083 -0.0360146 -0.0297876 -0.235969 0.00506978
internal_weight=10342 10301 10260 7585 2675 2364 140 311 169 2224 1124 572 380 1100 1028 430 598 532 390 552 200 168 192 7513 407 7106 2342 2296 96 4764
internal_count=10342 10301 10260 7585 2675 2364 140 311 169 2224 1124 572 380 1100 1028 430 598 532 390 552 200 168 192 7513 407 7106 2342 2296 96 4764
is_linear=0
shrinkage=0.05


Tree=115
num_leaves=31
num_cat=0
split_feature=4 18 9 14 0 2 11 7 10 6 0 11 9 7 13 14 18 9 18 2 17 15 11 18 6 14 17 6 15 15
split_gain=853.034 1220.9 886.104 1753.25 2952.46 1247.81 1236.33 1173.43 902.564 768.952 735.889 838.966 652.169 916.536 2354.76 785.789 1075.92 1156.79 768.851 822.06 670.538 930.256 886.703 787.244 626.043 1950.2 1312.99 927.992 1084.64 890.112
threshold=0.12940952255126045 77.640000000000015 339.17000000000002 335.13500000000005 4.5000000000000009 1.0000000180025095e-35 300.34000000000009 -0.99761278905001471 421.88500000000005 -0.76141707087277943 22.500000000000004 304.92000000000002 311.84500000000008 -0.40613878790836594 13.021684273779085 310.80000000000007 230.89000000000001 326.53000000000003 154.41500000000005 2.5000000000000004 35.191307648286362 400.44000000000011 393.87000000000006 159.84000000000003 0.94138322595482449 313.95000000000005 37.461003459720608 0.80926549319045582 349.69000000000005 429.01000000000005
decision_type=2 2 2 2 2 2 2 2 2 2 2 2 2 2 2 2 2 2 2 2 2 2 2 2 2 2 2 2 2 2
left_child=10 -2 3 6 -5 -4 -3 -8 12 -7 11 -1 13 14 -9 16 18 -18 -14 -20 -17 23 -23 -22 27 -26 -27 29 -29 -13
right_child=1 2 5 4 -6 9 7 8 -10 -11 -12 24 15 -15 -16 20 17 -19 19 -21 21 22 -24 -25 25 26 -28 28 -30 -31
leaf_value=0.24654117702506484 -0.21440030031984578 0.23857257683226407 0.2954963155641136 -0.56144143786281353 -0.022949245460331443 0.2007791896841743 -0.27616183784875004 -0.37744518011808398 -0.1969035248463864 0.0061897658309758158 -0.049561215344851021 0.032993316541515369 0.080123601899825689 -0.025899801118557442 0.0056020090445638342 -0.06228855364237032 0.063912000201550981 0.31249696384701464 -0.2032190314247862 0.013521406371993097 0.20524582419568649 -0.042456848586413964 0.094174129611757751 0.030624877412413671 0.37307859944800537 0.12579485487658532 -0.046416617596792754 0.15456209792134665 -0.069545255555099147 -0.021495502954536311
leaf_weight=40 76 47 44 40 70 55 44 70 68 660 431 3047 99 664 94 581 351 54 87 88 77 936 136 399 48 216 227 60 539 994
leaf_count=40 76 47 44 40 70 55 44 70 68 660 431 3047 99 664 94 581 351 54 87 88 77 936 136 399 48 216 227 60 539 994
internal_value=2.55608e-11 -0.0156111 -0.0123718 -0.0219801 -0.218765 0.0370618 -0.0162762 -0.019472 -0.0164227 0.0211582 0.013209 0.0184408 -0.0130474 -0.0520435 -0.157894 -0.00154854 0.0452872 0.0970567 -0.0312333 -0.0942296 -0.0164858 0.000704991 -0.0251231 0.0588724 0.0166626 0.0703521 0.0375511 0.0109812 -0.0470971 0.0195902
internal_weight=10342 4740 4664 3905 110 759 3795 3748 3704 715 5602 5171 3636 828 164 2808 679 405 274 175 2129 1548 1072 476 5131 491 443 4640 599 4041
internal_count=10342 4740 4664 3905 110 759 3795 3748 3704 715 5602 5171 3636 828 164 2808 679 405 274 175 2129 1548 1072 476 5131 491 443 4640 599 4041
is_linear=0
shrinkage=0.05


Tree=116
num_leaves=31
num_cat=0
split_feature=11 11 17 6 17 17 5 10 18 7 9 6 6 13 6 14 7 17 10 0 15 10 12 12 14 17 17 7 8 9
split_gain=848.438 634.596 557.951 1040.91 692.935 1576.37 640.377 1107.83 798.408 844.099 1098.97 789.628 1767.15 1520.25 1321.23 2705.83 1076.57 952.442 916.272 858.315 853.493 918.029 808.908 2080.95 3688.39 1107.24 2291.4 1286.44 1121.27 1028.54
threshold=251.51500000000001 300.34000000000009 46.354287850065255 0.58481550752069722 45.81161926007686 45.159045628601568 0.60355339059327384 316.14000000000004 154.41500000000005 -0.84313311835787952 330.94500000000005 -0.94705910369513524 -0.97876850416056738 38.136688890352595 -0.90163369914317015 305.60000000000008 -0.12545862287572049 42.083480930672401 386.01500000000004 12.500000000000002 340.62500000000006 332.20500000000004 344.67562500000003 343.02125000000007 325.17500000000007 32.428356060710634 35.27858756178334 0.98899263613956456 1.0000000180025095e-35 307.19500000000005
decision_type=2 2 2 2 2 2 2 2 2 2 2 2 2 2 2 2 2 2 2 2 2 2 2 2 2 2 2 2 2 2
left_child=-1 -2 4 -4 5 6 7 -3 -8 10 -10 12 16 -14 15 -13 19 20 -19 -9 21 -16 23 25 -25 27 -27 -22 -29 -24
right_child=1 2 3 -5 -6 -7 8 11 9 -11 -12 14 13 -15 17 -17 -18 18 -20 -21 22 -23 29 24 -26 26 -28 28 -30 -31
leaf_value=-0.22699987597581819 0.19722184709659438 0.16843021286444532 -0.30180456433012043 0.036916795885190368 0.15578555773350269 -0.28573380225958922 0.073399602539930928 0.0048575036827565379 0.21243015015987973 -0.037615260157508282 0.00085776105317284228 -0.48429539930529714 0.33756621811319798 0.073835268553370748 0.038259513148115681 -0.035782093037029401 -0.045464864358120249 0.024518715262669941 0.27376067938748749 0.32317937217885628 0.11252823225825544 0.30691380186573319 0.20271941639263844 -0.55581759391169927 0.0084780032190480345 -0.34142269026192412 -0.025363916433518333 0.037582278311854664 -0.23634203237791859 0.0068149891349486352
leaf_weight=41 41 108 43 48 72 48 219 45 76 2276 319 41 85 153 103 187 321 87 64 40 278 46 68 51 67 63 639 99 60 4554
leaf_count=41 41 108 43 48 72 48 219 45 76 2276 319 41 85 153 103 187 321 87 64 40 278 46 68 51 67 63 639 99 60 4554
internal_value=-1.28676e-10 0.000903504 0.000118996 -0.123138 0.001222 0.00011983 0.00148524 0.00950477 -0.0183805 -0.0259057 0.0415654 0.00707051 0.059847 0.168025 0.00176568 -0.116436 -0.00356763 0.00612722 0.130158 0.154656 0.00302028 0.1212 2.5091e-05 -0.0355393 -0.235412 -0.0148325 -0.0537282 0.0476498 -0.0657854 0.00969718
internal_weight=10342 10301 10260 91 10169 10097 10049 7159 2890 2671 395 7051 644 238 6407 228 406 6179 151 85 6028 149 5879 1257 118 1139 702 437 159 4622
internal_count=10342 10301 10260 91 10169 10097 10049 7159 2890 2671 395 7051 644 238 6407 228 406 6179 151 85 6028 149 5879 1257 118 1139 702 437 159 4622
is_linear=0
shrinkage=0.05


Tree=117
num_leaves=31
num_cat=0
split_feature=13 19 13 11 11 16 16 13 0 2 17 11 11 10 5 6 18 7 9 13 16 18 11 16 7 15 17 10 14 15
split_gain=835.179 967.431 861.693 5286 2080.53 1701.91 5236.09 7095.45 1628.6 972.636 1570.4 1036.34 821.539 1066.96 812.688 738.728 930.222 735.039 684.892 954.285 737.398 1245.38 719.977 2014.99 1535.77 1365.07 699.834 845.962 694.594 682.978
threshold=10.18733216452757 448.25000000000006 12.273067053899736 304.92000000000002 300.34000000000009 369.22538690476193 359.83952380952383 11.61371199602779 3.5000000000000004 1.0000000180025095e-35 43.955569731031112 309.15500000000003 318.58000000000004 329.34500000000008 -0.9159756150367534 -0.42180583328916638 228.29500000000004 0.95936279103287792 310.90000000000003 36.483081998331606 373.54505952380958 322.94000000000005 341.00500000000005 348.7775595238096 0.98332250088165762 379.69500000000011 37.300787137782258 422.73000000000008 329.80500000000006 374.45000000000005
decision_type=2 2 2 2 2 2 2 2 2 2 2 2 2 2 2 2 2 2 2 2 2 2 2 2 2 2 2 2 2 2
left_child=1 -1 3 -2 -4 6 8 -8 -5 10 11 -6 -13 -14 -11 -15 -17 -10 19 22 21 29 25 24 -24 -16 -22 28 -28 -20
right_child=2 -3 4 5 9 -7 7 -9 17 14 -12 12 13 15 18 16 -18 -19 20 -21 26 -23 23 -25 -26 -27 27 -29 -30 -31
leaf_value=0.13686015824873551 -0.58928183733030814 -0.074772662234803042 0.30347861579635693 -0.2534906570921126 -0.15150980073958636 0.07277744670267193 -0.69853347250643905 -0.057293112046416787 0.098370107437552312 0.037141342718010645 -0.22522480252177215 0.30436387229330686 -0.0042857231252290849 0.32389927758620335 -0.010423457810109508 -0.071202231162026827 0.17944778328382033 -0.073479775518556195 0.049941036400374915 0.087430817899072463 -0.012754187392232634 0.09344833713789219 0.15834717687289671 -0.39997602160072931 -0.19954374288951143 -0.23854938426429961 -0.14483268652818626 -0.29787734325307058 0.00017729310003900632 -0.0093329211765759684
leaf_weight=216 43 72 57 46 41 312 68 118 293 1064 43 49 179 52 442 51 135 79 543 105 714 357 53 59 69 77 158 46 173 4628
leaf_count=216 43 72 57 46 41 312 68 118 293 1064 43 49 179 52 442 51 135 79 543 105 714 357 53 59 69 77 158 46 173 4628
internal_value=-4.63679e-12 0.083952 -0.00240483 -0.0474833 0.00234835 -0.0220495 -0.0710329 -0.291725 0.0271698 0.000449215 0.0648855 0.0894905 0.110694 0.0879371 -0.00372609 0.157298 0.110721 0.0618751 -0.00958316 -0.0531304 -0.00428697 0.00312704 -0.0742145 -0.160081 -0.0440665 -0.0442687 -0.0418531 -0.0969635 -0.069042 -0.00310864
internal_weight=10342 288 10054 959 9095 916 604 186 418 9038 550 507 466 417 8488 238 186 372 7424 805 6619 5528 700 181 122 519 1091 377 331 5171
internal_count=10342 288 10054 959 9095 916 604 186 418 9038 550 507 466 417 8488 238 186 372 7424 805 6619 5528 700 181 122 519 1091 377 331 5171
is_linear=0
shrinkage=0.05


Tree=118
num_leaves=31
num_cat=0
split_feature=11 11 16 9 6 6 6 9 14 12 16 0 4 6 0 13 17 13 12 12 18 5 7 13 17 0 7 19 9 11
split_gain=801.938 541.278 511.395 739.419 670.679 1125.02 1109.14 798.848 1184.33 2856.05 1144.83 1209.43 1475.15 1226.84 1041.59 901.819 2125.18 1394.7 1911.3 2337.23 1456.97 1390.75 1468.75 1002.74 951.182 947.526 886.059 1072.45 780.361 778.526
threshold=251.51500000000001 300.34000000000009 377.38086309523811 332.92000000000002 0.96465729447553372 0.99939377080793557 0.80417553764032002 310.48500000000007 303.91500000000002 323.5845833333334 334.93351190476193 13.500000000000002 -0.60355339059327362 0.47559651477048942 12.500000000000002 30.345201259724707 45.46741229618474 35.966705933943722 356.05895833333335 358.61270833333339 324.54000000000002 -0.12940952255126037 -0.75013812021657655 33.564592187906605 37.794621976946793 20.500000000000004 0.04621408538533487 399.55500000000006 308.93000000000006 343.98500000000007
decision_type=2 2 2 2 2 2 2 2 2 2 2 2 2 2 2 2 2 2 2 2 2 2 2 2 2 2 2 2 2 2
left_child=-1 -2 4 -4 6 -6 7 8 14 -10 -11 13 28 -12 -3 24 17 18 -17 -20 21 22 -21 -23 -9 -25 27 -26 -13 -29
right_child=1 2 3 -5 5 -7 -8 15 9 10 11 12 -14 -15 -16 16 -18 -19 19 20 -22 23 -24 25 26 -27 -28 29 -30 -31
leaf_value=-0.22069160124150719 0.1821886134220333 -0.039886333118613997 -0.24604356745257974 -0.029088535949725797 0.083201045138950269 -0.10358494480218117 -0.041337263213456557 0.018363049571607747 -0.44754203613847499 -0.29639181401147402 0.078117251455191189 0.043005786655703565 -0.30776557463620391 -0.16341829000327451 0.080155432914661193 0.20152848214945862 -0.33321885135956109 0.021047182139301492 -0.40562917388354736 -0.15816178660783353 -0.18112276223865117 0.034364426605287914 0.10351163092056302 -0.08365617292562362 0.28588755291275447 -0.30139469657952972 0.20962020533004155 0.10013224544231908 -0.17696124660442511 -0.023179632187501402
leaf_weight=41 41 387 48 216 503 96 1461 2120 48 43 275 112 70 65 339 72 48 2636 48 66 168 129 286 216 48 65 120 257 63 255
leaf_count=41 41 387 48 216 503 96 1461 2120 48 43 275 112 70 65 339 72 48 2636 48 66 168 129 286 216 48 65 120 257 63 255
internal_value=-6.45616e-11 0.000878396 0.000153862 -0.0685349 0.00196797 0.0532654 -0.00130192 0.0060685 -0.0281781 -0.0758022 -0.047389 -0.0290862 -0.113778 0.0319413 0.0161662 0.0134168 -0.00266862 0.00163588 -0.0470957 -0.0653993 -0.0478391 -0.0184537 0.0544479 -0.0810424 0.0348678 -0.134023 0.0863238 0.0599032 -0.0361823 0.0387172
internal_weight=10342 10301 10260 264 9996 599 9397 7936 1402 676 628 585 245 340 726 6534 3734 3686 1050 978 930 762 352 410 2800 281 680 560 175 512
internal_count=10342 10301 10260 264 9996 599 9397 7936 1402 676 628 585 245 340 726 6534 3734 3686 1050 978 930 762 352 410 2800 281 680 560 175 512
is_linear=0
shrinkage=0.05


Tree=119
num_leaves=31
num_cat=0
split_feature=18 2 11 4 0 9 14 14 6 12 2 19 6 6 11 15 17 7 15 9 13 10 16 16 12 2 6 16 15 10
split_gain=823.545 2255.71 1240.62 586.273 808.162 716.436 698.106 2166.15 961.091 1455.9 1178.13 1069.87 934.019 1019.3 1305.48 1105.09 1027.94 807.572 1422.76 1756.86 1420.09 1442.8 2474.19 1173.98 979.475 922.231 745.593 713.286 664.1 922.242
threshold=77.640000000000015 1.5000000000000002 300.34000000000009 0.12940952255126045 22.500000000000004 348.18500000000006 280.24000000000007 297.53000000000003 0.01505151768384008 322.31208333333342 1.0000000180025095e-35 435.44500000000005 0.26866988313759588 0.31799963745711152 345.34500000000008 345.99000000000007 39.803227899270858 0.2499757677084001 432.38500000000005 327.64000000000004 31.547086042151388 350.82000000000005 347.14916666666676 371.87217261904772 390.10937500000006 4.5000000000000009 -0.63921128368950708 374.77244047619052 420.29000000000002 392.93500000000006
decision_type=2 2 2 2 2 2 2 2 2 2 2 2 2 2 2 2 2 2 2 2 2 2 2 2 2 2 2 2 2 2
left_child=1 -1 -2 4 6 -5 26 -8 9 -9 11 -11 28 14 -14 16 -15 23 20 -20 21 25 -23 24 -12 -19 -4 -25 -10 -30
right_child=2 -3 3 5 -6 -7 7 8 12 10 17 -13 13 15 -16 -17 -18 18 19 -21 -22 22 -24 27 -26 -27 -28 -29 29 -31
leaf_value=-0.40376002488935248 0.20044943850774033 0.0048698561048756044 0.2517787388339639 -0.016672425453620951 -0.055769867099013673 0.089431870521018003 -0.32164975965861231 -0.28175209079248215 0.13900638714709521 -0.010011120003958544 0.033594377496168407 0.19626959737841831 0.076926920799220477 0.32364332404918972 -0.29582306557080962 0.02175974902901158 0.009482292487771939 -0.17092562465712061 -0.45053451095397279 -0.022742753957087795 0.0414639284316956 -0.076793015954133723 -0.5587198522532496 -0.1477579859568828 0.26799745963265503 0.052251694446667697 0.049851517740171408 -0.0040949850170700639 0.15024958302942562 -0.14242289396362348
leaf_weight=47 78 120 60 4444 415 165 48 48 323 120 623 132 41 60 55 2057 46 71 48 48 335 76 41 144 48 133 192 216 51 57
leaf_count=47 78 120 60 4444 415 165 48 48 323 120 623 132 41 60 55 2057 46 71 48 48 335 76 41 144 48 133 192 216 51 57
internal_value=1.44809e-10 -0.110134 0.0018076 0.00027308 0.0113144 -0.0128739 0.0168022 0.0125616 0.0159226 -0.0095743 -0.00315438 0.0980407 0.0356662 0.022797 -0.136628 0.0298727 0.187309 -0.0174568 -0.0568576 -0.236639 -0.0305482 -0.105701 -0.245673 0.0112818 0.0503624 -0.0254228 0.0979294 -0.0615602 0.103118 -0.00421645
internal_weight=10342 167 10175 10097 5488 4609 5073 4821 4773 2083 2035 252 2690 2259 96 2163 106 1783 752 96 656 321 117 1031 671 204 252 360 431 108
internal_count=10342 167 10175 10097 5488 4609 5073 4821 4773 2083 2035 252 2690 2259 96 2163 106 1783 752 96 656 321 117 1031 671 204 252 360 431 108
is_linear=0
shrinkage=0.05


Tree=120
num_leaves=31
num_cat=0
split_feature=11 16 9 18 7 14 18 7 7 13 2 0 12 10 10 9 9 17 18 17 17 6 7 7 0 17 10 12 14 13
split_gain=776.981 472.157 664.881 584.291 1043.89 780.149 736.826 516.089 1175.29 608.035 575.419 1056.9 1381.52 1175.3 968.842 894.188 973.692 885.421 902.122 741.252 1173.44 713.417 1543.01 884.409 706.573 1138.2 628.388 613.005 3759.21 836.348
threshold=251.51500000000001 377.38086309523811 332.92000000000002 327.22500000000008 -0.99761278905001471 342.35500000000008 327.13000000000005 -0.96234030595689413 -0.9575230291762723 30.345201259724707 3.5000000000000004 3.5000000000000004 390.21750000000003 315.50000000000006 335.05500000000006 330.31500000000005 328.32000000000011 46.354287850065255 83.830000000000013 45.81161926007686 45.159045628601568 0.78325454425165997 0.04621408538533487 -0.3744658827978154 21.500000000000004 28.800276103515163 323.18500000000006 322.31208333333342 303.79000000000002 14.92357113003632
decision_type=2 2 2 2 2 2 2 2 2 2 2 2 2 2 2 2 2 2 2 2 2 2 2 2 2 2 2 2 2 2
left_child=-1 3 -3 4 -2 6 7 9 -9 -6 11 14 13 -13 15 16 21 18 -15 20 24 23 -23 -10 26 -26 -12 28 -20 -29
right_child=1 2 -4 -5 5 -7 -8 8 10 -11 19 12 -14 17 -16 -17 -18 -19 27 -21 -22 22 -24 -25 25 -27 -28 29 -30 -31
leaf_value=-0.21723047407661997 -0.19009737927052711 -0.23346393198395768 -0.027734556628045678 0.050444348020789523 0.080415863404785737 -0.2000414528825786 -0.19334071915460907 -0.24634489587818587 0.13689607154311878 -0.078053592248923262 0.049446413131681972 0.15110820673575456 0.31565995451062917 0.1367732962545056 -0.24814197941181751 0.07046796592204152 -0.27928783813284502 -0.15525951703637841 0.049871062859892845 0.14612955250001203 -0.26146427801189326 -0.35755409714290681 0.033481125338361242 -0.044439487319884591 -0.32706803677692298 -0.046983697679142393 -0.014400298746256835 0.06461077469597358 -0.49083298689552718 0.0051437171866465931
leaf_weight=41 72 48 216 600 380 48 48 48 84 72 443 165 40 154 52 185 45 75 137 72 48 49 52 337 42 266 2963 752 42 2766
leaf_count=41 72 48 216 600 380 48 48 48 84 72 443 165 40 154 52 185 45 75 137 72 48 49 52 337 42 266 2963 752 42 2766
internal_value=1.57897e-10 0.00086462 -0.0651399 0.00260072 -0.00044116 0.00101696 0.00205278 0.00306464 0.000393327 0.0551729 0.00174393 0.0130333 0.0232414 0.0203822 -0.0394163 -0.0249832 -0.0561268 0.0148881 0.0182018 -0.0127874 -0.0158288 -0.0368888 -0.156229 -0.00825852 -0.0126542 -0.085177 -0.0060961 0.0132627 -0.076998 0.0178553
internal_weight=10342 10301 264 10037 9437 9365 9317 9269 8817 452 8769 4935 4131 4091 804 752 567 3926 3851 3834 3762 522 101 421 3714 308 3406 3697 179 3518
internal_count=10342 10301 264 10037 9437 9365 9317 9269 8817 452 8769 4935 4131 4091 804 752 567 3926 3851 3834 3762 522 101 421 3714 308 3406 3697 179 3518
is_linear=0
shrinkage=0.05


Tree=121
num_leaves=31
num_cat=0
split_feature=18 2 11 4 14 14 2 6 7 18 18 7 15 0 17 15 12 12 15 13 17 12 17 17 15 9 6 17 14 14
split_gain=791.782 2070.64 1183.96 534.6 744.244 1058.84 1432.08 861.008 1304.63 1271.5 2128.5 1882.64 1477.95 1205.1 942.965 1270.69 1402.88 1335.04 1093.36 983.155 852.079 836.751 1593.38 1256.92 884.263 1261.78 794.637 913.076 1004.94 841.818
threshold=77.640000000000015 1.5000000000000002 300.34000000000009 0.12940952255126045 237.45500000000001 298.54000000000008 2.5000000000000004 0.01505151768384008 0.96407344085605606 304.34000000000009 305.85500000000008 0.78724360164103002 367.18000000000006 20.500000000000004 36.778768612149001 445.76000000000005 331.65666666666675 339.53000000000003 439.00500000000005 12.250171391013145 37.470394543241291 364.42125000000004 37.044101631913186 37.160464519201035 425.07000000000005 323.36500000000007 0.27694220057652758 36.367037384736598 330.12500000000006 331.50000000000006
decision_type=2 2 2 2 2 2 2 2 2 2 2 2 2 2 2 2 2 2 2 2 2 2 2 2 2 2 2 2 2 2
left_child=1 -1 -2 4 -4 6 -6 8 9 12 -11 -12 -7 -10 15 16 -9 -18 21 -19 -20 22 -16 -23 25 -25 -21 28 -28 -30
right_child=2 -3 3 -5 5 7 -8 14 13 10 11 -13 -14 -15 18 -17 17 19 20 26 -22 23 -24 24 -26 -27 27 -29 29 -31
leaf_value=-0.38931203784143675 0.19582515364656083 0.002195838928843538 0.10070572539687797 -0.01228095660614867 -0.29983141221849324 0.17082369405905615 0.032072726327639363 0.18838140334092801 -0.070968575448097801 -0.34932545781350482 -0.0066756500360052864 -0.31514440786380038 0.011302708074896623 -0.37420443002844145 -0.21273100733757022 0.27229064300942879 -0.1713355565061554 0.20012985465045158 -0.22048691029732048 0.097245553452671774 -0.020682247327063089 0.30179091382485174 0.012519343627798486 0.34114334063891039 -0.0044388624524890783 0.0095557075925171379 -0.048287959535684669 0.16563101322509541 0.2574041049927473 0.019368725408656667
leaf_weight=47 78 120 221 4609 65 180 65 155 149 52 1014 52 751 42 90 65 78 91 91 310 129 52 615 52 299 64 546 78 52 130
leaf_count=47 78 120 221 4609 65 180 65 155 149 52 1014 52 751 42 90 65 78 91 91 310 129 52 615 52 299 64 546 78 52 130
internal_value=5.81373e-12 -0.107989 0.0017724 0.000273329 0.0108168 0.00704514 -0.133879 0.0106115 -0.0126678 -0.00101754 -0.0369602 -0.0217229 0.0421446 -0.137649 0.0286113 0.0560457 0.0462846 0.0291445 -0.00105013 0.0421001 -0.103329 0.0181489 -0.016236 0.0700577 0.0410212 0.158198 0.0292142 0.00304831 -0.0143713 0.0873788
internal_weight=10342 167 10175 10097 5488 5267 130 5137 2240 2049 1118 1066 931 191 2897 1505 1440 1285 1392 1207 220 1172 705 467 415 116 1116 806 728 182
internal_count=10342 167 10175 10097 5488 5267 130 5137 2240 2049 1118 1066 931 191 2897 1505 1440 1285 1392 1207 220 1172 705 467 415 116 1116 806 728 182
is_linear=0
shrinkage=0.05


Tree=122
num_leaves=31
num_cat=0
split_feature=11 5 15 13 10 14 9 15 12 17 17 13 13 7 9 17 17 11 14 11 9 17 10 9 9 15 19 19 11 6
split_gain=752.518 454.647 541.292 493.18 1669.8 906.124 1020.55 689.354 660.353 708.758 654.836 969.403 756.72 1450.18 760.263 659.075 615.708 887.119 610.682 1188.83 850.31 927.861 558.589 710.237 1403.76 486.309 467.563 448.638 739.404 671.475
threshold=251.51500000000001 -0.70710678118654757 455.73500000000007 42.554963238344357 422.73000000000008 299.94500000000005 302.28500000000003 421.19500000000005 321.94625000000002 38.679849237916891 38.438477411002125 34.214723565693482 30.043392036228472 0.81304046271159414 306.61000000000007 36.418502764453983 34.034361862160424 393.03000000000003 313.26000000000005 384.38500000000005 321.37000000000006 40.170942150120801 339.41000000000003 331.61000000000007 330.59000000000009 428.49500000000006 431.00000000000006 448.46000000000009 419.62500000000006 0.96465729447553372
decision_type=2 2 2 2 2 2 2 2 2 2 2 2 2 2 2 2 2 2 2 2 2 2 2 2 2 2 2 2 2 2
left_child=-1 2 3 5 7 6 -2 -5 -7 10 11 12 14 25 -10 16 -13 -18 19 -11 21 -20 -16 24 -24 -14 -17 28 29 -3
right_child=1 27 -4 4 -6 8 -8 -9 9 18 -12 15 13 -15 22 26 17 -19 20 -21 -22 -23 23 -25 -26 -27 -28 -29 -30 -31
leaf_value=-0.21378331765895939 -0.028691912302747369 -0.0025849644566752999 0.1970417252076524 -0.052028565223780326 -0.25516751051481279 -0.18150010960442681 0.26433316250928701 0.1941006515622139 -0.17350789705912273 0.017144756101533376 -0.19226264584632147 0.0048360676223897572 -0.29842421676060471 0.11819424865146477 0.176359457988292 -0.11573554317622135 0.35308180190622807 0.10353202890550746 0.044186889776028693 0.24700981797026805 0.077704187485921603 -0.27761422949177877 -0.012386362477572578 0.054616798689774086 -0.31639139552911127 -0.10174262357565265 0.041135744577306406 -0.035405285905067953 -0.15547445359590806 0.065718131740906655
leaf_weight=41 48 6198 42 66 70 42 78 50 60 113 42 84 66 48 48 60 48 138 48 112 210 42 396 342 42 60 228 1062 76 382
leaf_count=41 48 6198 42 66 70 42 78 50 60 113 42 84 66 48 48 60 48 138 48 112 210 42 396 342 42 60 228 1062 76 382
internal_value=-1.47062e-11 0.0008509 0.0190085 0.0160658 -0.0623149 0.0222563 0.152705 0.0540616 0.0148824 0.0186538 0.00265609 0.00770954 -0.0203267 -0.115674 -0.00164382 0.0610688 0.117191 0.167932 0.0692981 0.131566 0.0225968 -0.105987 0.0108101 0.000622445 -0.0415375 -0.204766 0.00845423 -0.00522593 -0.000410658 0.00138035
internal_weight=10342 10301 2583 2541 186 2355 126 116 2229 2187 1662 1620 1062 174 888 558 270 186 525 225 300 90 828 780 438 126 288 7718 6656 6580
internal_count=10342 10301 2583 2541 186 2355 126 116 2229 2187 1662 1620 1062 174 888 558 270 186 525 225 300 90 828 780 438 126 288 7718 6656 6580
is_linear=0
shrinkage=0.05


Tree=123
num_leaves=31
num_cat=0
split_feature=13 11 19 6 18 12 6 5 9 14 12 6 0 4 0 14 13 18 4 12 17 12 17 13 5 2 13 15 10 15
split_gain=729.697 915.661 828.149 444.814 1099.01 1026.53 783.811 743.115 672.455 1190.01 2119.71 977.861 1245.47 1689.45 889.765 763.253 1436.15 823.399 763.064 696.701 2568.27 2550.01 966.934 1041.02 956.887 1044.24 1268.3 866.98 772.669 1244.12
threshold=10.18733216452757 300.34000000000009 448.25000000000006 0.96465729447553372 324.88000000000005 382.89583333333343 0.80417553764032002 -0.3794095225512602 310.48500000000007 303.79000000000002 323.5845833333334 0.51297097409535064 13.500000000000002 -0.60355339059327362 12.500000000000002 298.54000000000008 14.560010513276842 296.57000000000011 1.0000000180025095e-35 343.02125000000007 45.46741229618474 343.80437500000005 37.044101631913186 55.701083219195461 1.0000000180025095e-35 4.5000000000000009 24.750658935498379 410.74500000000006 350.82000000000005 429.46000000000009
decision_type=2 2 2 2 2 2 2 2 2 2 2 2 2 2 2 2 2 2 2 2 2 2 2 2 2 2 2 2 2 2
left_child=2 -2 -1 6 5 -5 8 -6 9 14 -11 12 -12 -14 15 -3 -17 -18 -13 22 21 -21 -10 -24 -23 27 -27 -26 -28 -30
right_child=1 3 -4 4 7 -7 -8 -9 19 10 11 18 13 -15 -16 16 17 -19 -20 20 -22 24 23 -25 25 26 28 -29 29 -31
leaf_value=0.12742319549088951 -0.17748137899749988 0.0776479558625187 -0.068383448463605931 0.026119102974189446 0.19205432843222325 -0.16480923868948594 -0.038170875102988139 0.043323255666635106 -0.02397075458315381 -0.39696756874521577 0.042483679544446727 -0.062460650251073363 -0.026869300192875135 -0.33778044787830996 0.078159268980931007 0.030352032276343057 -0.34320804692547902 -0.084054507604585257 -0.3238545974857121 -0.35713889883675926 -0.36157328407280148 0.029580777873323961 0.11960373638356303 -0.061081465551978908 0.063985419616477621 0.022027378389611843 -0.070446624388364992 -0.012250246867004325 -0.10822293744471512 -0.41840972810679555
leaf_weight=216 74 104 72 264 134 96 1413 225 285 48 301 59 154 61 317 134 58 65 53 48 48 2781 470 96 485 252 271 1614 95 49
leaf_count=216 74 104 72 264 134 96 1413 225 285 48 301 59 154 61 317 134 58 65 53 48 48 2781 470 96 485 252 271 1614 95 49
internal_value=4.26849e-11 -0.00224784 0.0784715 -0.000948515 0.0369357 -0.0247951 -0.00388975 0.0988385 0.00228243 -0.0297706 -0.0767142 -0.0522362 -0.0231684 -0.115081 0.0170346 -0.03664 -0.0828889 -0.206257 -0.186156 0.00896549 0.00260563 0.00572996 0.0511378 0.0889575 0.00886998 -0.0119531 -0.0664519 0.00536495 -0.120179 -0.213773
internal_weight=10342 10054 288 9980 719 360 9261 359 7848 1354 676 628 516 215 678 361 257 123 112 6494 5643 5595 851 566 5547 2766 667 2099 415 144
internal_count=10342 10054 288 9980 719 360 9261 359 7848 1354 676 628 516 215 678 361 257 123 112 6494 5643 5595 851 566 5547 2766 667 2099 415 144
is_linear=0
shrinkage=0.05


Tree=124
num_leaves=31
num_cat=0
split_feature=18 6 11 4 0 13 9 9 9 6 12 9 19 13 9 17 13 12 7 13 6 9 16 18 9 7 2 14 14 6
split_gain=730.926 1967.73 1214.72 478.163 690.523 634.987 1184.11 1072.07 1106.32 1171.09 921.795 1024.56 699.8 865.324 2027.9 836.571 2216.43 2930.39 1518.25 906.173 628.866 596.655 1097.33 908.931 716.443 590.206 751.787 561.599 1897.75 766.852
threshold=77.640000000000015 0.63920241694561786 300.34000000000009 0.12940952255126045 22.500000000000004 39.709215270480037 299.45000000000005 321.09000000000009 315.98000000000008 0.41398981800788198 390.21750000000003 345.86000000000007 425.11500000000007 13.021684273779085 309.26000000000005 36.040325237077226 11.555722190545973 343.55062500000003 -0.94137724084408114 16.729248475480066 -0.031173458710879235 326.28500000000003 369.22538690476193 230.89000000000001 333.28500000000003 -0.16799793862756093 5.5000000000000009 280.24000000000007 297.53000000000003 0.01505151768384008
decision_type=2 2 2 2 2 2 2 2 2 2 2 2 2 2 2 2 2 2 2 2 2 2 2 2 2 2 2 2 2 2
left_child=1 -1 -2 4 27 6 -5 8 -7 -10 11 12 13 14 -8 16 17 -14 20 25 -18 22 23 -21 -23 -17 -27 -4 -29 -30
right_child=2 -3 3 5 -6 7 10 -9 9 -11 -12 -13 15 -15 -16 19 18 -19 -20 21 -22 24 -24 -25 -26 26 -28 28 29 -31
leaf_value=-0.37799966479552555 0.19826022138198218 0.0036560508546729883 0.087993142389562323 -0.25339065521127652 -0.051853841839986571 0.055441986113663549 -0.36116928435405909 0.060412038019922877 -0.009451932225424748 -0.28611950514543999 -0.2449848471717401 0.10696475879035212 -0.62113767793720098 0.033367931240988517 0.021969298520881652 -0.053805465312867333 0.24291252596303822 -0.062673850901086223 -0.085915053736083269 -0.22316588465914583 0.026752360381993592 0.068169536798101185 -0.27148154518482359 -0.021450549609812887 -0.064710476523032412 0.12478073892476134 -0.0027935350987766134 -0.30139549638455115 -0.0082040551936408048 0.032207047182843299
leaf_weight=47 78 120 252 54 415 121 49 649 77 76 44 165 41 877 117 145 44 55 589 66 143 198 66 363 208 234 228 48 2083 2690
leaf_count=47 78 120 252 54 415 121 49 649 77 76 44 165 41 877 117 145 44 55 589 66 143 198 66 363 208 234 228 48 2083 2690
internal_value=-9.8011e-11 -0.103756 0.00170292 0.000184506 0.010156 -0.0116886 -0.0209756 0.0253987 -0.0575343 -0.146882 -0.01752 -0.0147306 -0.0205967 0.013554 -0.0911258 -0.0355628 -0.0745458 -0.301184 -0.046508 -0.0130209 0.0776136 -0.0448341 -0.0816834 -0.0524837 9.30768e-05 0.0342009 0.061822 0.0152287 0.0114252 0.0145711
internal_weight=10342 167 10175 10097 5488 4609 3686 923 274 153 3632 3588 3423 1043 166 2380 872 96 776 1508 187 901 495 429 406 607 462 5073 4821 4773
internal_count=10342 167 10175 10097 5488 4609 3686 923 274 153 3632 3588 3423 1043 166 2380 872 96 776 1508 187 901 495 429 406 607 462 5073 4821 4773
is_linear=0
shrinkage=0.05


Tree=125
num_leaves=31
num_cat=0
split_feature=11 16 9 6 18 6 10 11 13 13 11 16 5 7 13 7 12 13 9 15 15 2 10 15 13 17 14 5 0 9
split_gain=687.844 399.861 543.367 458.07 928.771 873.73 638.934 616.399 568.802 1396.99 3811.98 10713 621.815 608.292 1209.13 898.502 593.522 870.294 603.122 685.795 899.961 683.863 1026.98 787.761 725.172 967.051 675.88 833.427 665.904 1236.75
threshold=251.51500000000001 377.38086309523811 332.92000000000002 0.96465729447553372 324.88000000000005 0.80417553764032002 420.32500000000005 338.40500000000003 10.790393427095889 11.482999848160668 367.04500000000007 369.22538690476193 -0.9159756150367534 -0.96234030595689413 19.079579184708233 -0.95242240592625282 318.47145833333337 14.741334363978735 310.90000000000003 360.44000000000005 363.59500000000008 4.5000000000000009 391.91000000000003 378.41500000000008 20.374049890377751 45.46741229618474 303.79000000000002 -0.78656609248549325 20.500000000000004 325.89500000000004
decision_type=2 2 2 2 2 2 2 2 2 2 2 2 2 2 2 2 2 2 2 2 2 2 2 2 2 2 2 2 2 2
left_child=-1 3 -3 5 6 8 -5 -6 -2 10 -10 -12 -11 14 -14 -15 17 -17 26 -20 -21 24 23 -23 -22 -26 -18 -28 -25 -30
right_child=1 2 -4 4 7 -7 -8 -9 9 12 11 -13 13 15 -16 16 18 -19 19 20 21 22 -24 28 25 -27 27 -29 29 -31
leaf_value=-0.20439033566451653 0.06457621697629673 -0.21209503888773421 -0.026112930804784235 0.017875812257625513 -0.014441076727748357 -0.03579886884165015 -0.17916257019775611 0.16038540577659241 0.071064280052311149 0.045237533879889637 -0.95642567135038847 0.095975455774092361 0.18912937217544704 -0.23420335153738658 0.01438639546864267 0.2945035541566407 0.0019481550614329883 0.013490551550473488 0.077783918622238879 -0.18925013797623771 0.18008161780853121 0.017292157541369164 0.093145829215085602 -0.063967627161411397 0.012685345797168124 -0.18517367987346556 -0.27032840062005847 -0.057800608600140795 -0.39280863860820203 -0.042036522724838175
leaf_weight=41 397 48 216 288 68 1463 48 195 117 923 42 57 122 42 525 41 521 84 290 63 63 252 133 478 3127 63 51 483 47 54
leaf_count=41 397 48 216 288 68 1463 48 195 117 923 42 57 122 42 525 41 521 84 290 63 63 252 133 478 3127 63 51 483 47 54
internal_value=8.81535e-11 0.000813514 -0.0599279 0.00241117 0.0448107 -0.000279787 -0.0102725 0.115183 0.00623613 0.00317978 -0.122152 -0.350498 0.00685698 0.00135531 0.0473364 -0.00378104 -0.00209795 0.105663 -0.00449264 0.00337382 -0.00166798 0.00113441 -0.0358532 -0.0564993 0.0120954 0.00877779 -0.0385682 -0.0780982 -0.0886157 -0.205267
internal_weight=10342 10301 264 10037 599 9438 336 263 7975 7578 216 99 7362 6439 647 5792 5750 125 5625 4570 4280 4217 964 831 3253 3190 1055 534 579 101
internal_count=10342 10301 264 10037 599 9438 336 263 7975 7578 216 99 7362 6439 647 5792 5750 125 5625 4570 4280 4217 964 831 3253 3190 1055 534 579 101
is_linear=0
shrinkage=0.05


Tree=126
num_leaves=31
num_cat=0
split_feature=18 6 11 4 13 17 11 7 11 12 15 9 14 10 14 10 6 6 19 11 7 9 14 6 10 7 9 12 17 17
split_gain=667.21 1803.82 1159.69 432.399 635.66 1319.54 1215.31 824.551 1006.73 1211.79 1303.74 774.7 738.001 912.374 935.615 926.81 2608.54 680.321 644.668 767.056 598.383 561.762 599.945 594.487 1362.65 800.38 677.655 612.22 583.995 1010.53
threshold=77.640000000000015 0.63920241694561786 300.34000000000009 0.12940952255126045 14.741334363978735 41.180671730874856 359.75500000000005 0.40418040343369133 355.14500000000004 328.62479166666674 355.73500000000007 311.07500000000005 237.45500000000001 358.76500000000004 295.7000000000001 350.36500000000007 -0.77245553105869302 -0.52766804058324157 420.76000000000005 356.97000000000008 -0.96234030595689413 348.18500000000006 334.49000000000007 -0.75015329512557194 421.88500000000005 0.50370931781787065 340.02500000000003 384.40937500000013 39.011517218381265 39.545460914498911
decision_type=2 2 2 2 2 2 2 2 2 2 2 2 2 2 2 2 2 2 2 2 2 2 2 2 2 2 2 2 2 2
left_child=1 -1 -2 4 5 7 -7 11 -9 -10 -11 -4 18 15 -15 -14 -17 -13 -6 -20 -19 23 -23 25 28 26 27 -5 -25 -30
right_child=2 -3 3 21 12 6 -8 8 9 10 -12 17 13 14 -16 16 -18 20 19 -21 -22 22 -24 24 -26 -27 -28 -29 29 -31
leaf_value=-0.3617034362351641 0.19368095963429183 0.0037103388644754891 0.2681470101349987 0.0036887974450727744 -0.0011731993693571826 0.025380297279220889 -0.26039170238547599 0.068990903891310823 0.076064285996134393 -0.33999818671747284 -0.01033911073702525 0.1953976165646544 -0.019038224563096052 -0.21622125184671448 0.016259442522921094 -0.4659886489743772 -0.045701000923514964 0.16133488517882721 0.024277917634611311 0.28245595526514633 0.013216933319071198 0.18136902450063785 -0.0097398432566974825 -0.029492895539002341 -0.26212544681157096 0.1411213469895542 0.15658684774869913 -0.15595092654640957 0.11557283341756155 -0.019829381088615507
leaf_weight=47 78 120 64 667 104 87 65 352 83 59 61 104 1116 44 2636 46 187 91 51 66 272 77 88 2833 59 121 66 66 203 429
leaf_count=47 78 120 64 667 104 87 65 352 83 59 61 104 1116 44 2636 46 187 91 51 66 272 77 88 2833 59 121 66 66 203 429
internal_value=-1.87641e-10 -0.0991307 0.00162701 0.00014338 0.00962566 0.0411546 -0.0968248 0.0604667 0.0178515 -0.0708239 -0.172421 0.105008 0.000441456 -0.00443834 0.0124426 -0.037975 -0.128676 0.0826506 0.0894039 0.169917 0.0503484 -0.0111473 0.0794443 -0.0145108 -0.0238548 0.0212805 0.00313191 -0.0106853 -0.0197977 0.0236622
internal_weight=10342 167 10175 10097 5488 1238 152 1086 555 203 120 531 4250 4029 2680 1349 233 467 221 117 363 4609 165 4444 3524 920 799 733 3465 632
internal_count=10342 167 10175 10097 5488 1238 152 1086 555 203 120 531 4250 4029 2680 1349 233 467 221 117 363 4609 165 4444 3524 920 799 733 3465 632
is_linear=0
shrinkage=0.05


Tree=127
num_leaves=31
num_cat=0
split_feature=11 16 9 6 6 6 10 6 13 10 0 17 6 13 13 9 8 6 10 12 12 13 13 2 13 13 6 16 6 9
split_gain=669.133 366.131 480.901 423.525 853.659 791.536 585.99 551.019 1252.18 2785.64 1445.51 1052.49 1085.91 2132.45 1155.3 961.079 981.734 826.17 780.203 855.353 858.999 708.167 1188.99 720.289 701.579 1787.54 1540.27 722.183 735.354 1576.61
threshold=251.51500000000001 377.38086309523811 332.92000000000002 0.96465729447553372 0.99939377080793557 0.80417553764032002 387.42500000000007 0.048362692321690152 41.021011064884625 418.89500000000004 8.5000000000000018 45.159045628601568 -0.20180236284700911 12.085203393858867 47.826596810128429 303.99500000000006 1.0000000180025095e-35 0.78325454425165997 377.47500000000008 391.84000000000009 389.2091666666667 11.111862054744838 11.783583696410485 1.5000000000000002 36.483081998331606 34.337792915305307 0.7210268013660811 334.03717261904768 0.24372619187392155 343.08500000000009
decision_type=2 2 2 2 2 2 2 2 2 2 2 2 2 2 2 2 2 2 2 2 2 2 2 2 2 2 2 2 2 2
left_child=-1 3 -3 5 -5 7 -6 11 10 -10 17 12 14 -14 18 -15 -17 -9 21 20 -20 -2 -23 -24 25 27 -27 -12 29 -29
right_child=1 2 -4 4 6 -7 -8 8 9 -11 24 -13 13 15 -16 16 -18 -19 19 -21 -22 22 23 -25 -26 26 -28 28 -30 -31
leaf_value=-0.20159132131716101 0.061553309116764425 -0.20047425154674181 -0.025508834601970634 0.069177118284058689 0.010873817777194615 -0.03406348149059818 -0.23969478182494641 -0.0051366336735747531 -0.017918770873345109 -0.45581797444057176 -0.13629593392213188 -0.23869175584986807 -0.38164564099473264 -0.252009618592759 0.178861044900259 0.020926804568554308 -0.11791607584183415 -0.2283893189804499 0.035284676204644635 -0.1845426086691164 0.23796903707087039 -0.22261506284897528 0.039546403063567388 -0.031658918508383586 0.11030936214795882 -0.17827665140076232 0.15525219790740974 0.19650200152090597 0.046259749408792517 -0.066132174427310633
leaf_weight=41 281 48 216 503 56 1463 40 1142 318 41 45 48 48 48 96 435 180 43 1055 42 55 72 456 1606 464 150 45 240 990 75
leaf_count=41 281 48 216 503 56 1463 40 1142 318 41 45 48 48 48 96 435 180 43 1055 42 55 72 456 1606 464 150 45 240 990 75
internal_value=7.7731e-11 0.000802373 -0.0573207 0.00233117 0.0431006 -0.000256338 -0.0935298 0.00594552 0.0206077 -0.0679295 0.0305592 -0.00583531 -0.00327996 -0.0598273 0.00769605 -0.0365282 -0.0197101 -0.0132378 0.00308942 0.0369469 0.0453276 -0.0130612 -0.0228863 -0.0159123 0.0563926 0.0402002 -0.101308 0.0606403 0.0674312 0.13397
internal_weight=10342 10301 264 10037 599 9438 96 7975 3553 359 3194 4422 4374 711 3663 663 615 1185 3567 1152 1110 2415 2134 2062 2009 1545 195 1350 1305 315
internal_count=10342 10301 264 10037 599 9438 96 7975 3553 359 3194 4422 4374 711 3663 663 615 1185 3567 1152 1110 2415 2134 2062 2009 1545 195 1350 1305 315
is_linear=0
shrinkage=0.05


Tree=128
num_leaves=31
num_cat=0
split_feature=13 11 7 2 0 7 9 4 17 17 7 17 18 17 9 2 9 13 17 6 7 12 11 12 9 12 11 14 14 14
split_gain=657.841 892.699 751.87 432.984 339.41 599.294 598.021 374.171 544.171 1312.26 942.718 985.304 865.11 709.059 728.819 1811.08 843.74 696.164 1863.21 1639.26 579.796 725.293 502.657 501.657 851.638 675.947 483.453 472.969 415.015 409.166
threshold=10.18733216452757 300.34000000000009 -0.40613878790836594 1.0000000180025095e-35 22.500000000000004 -0.58481178939031186 338.58500000000009 0.12940952255126045 39.011517218381265 39.545460914498911 0.81304046271159414 41.19961840446782 295.7000000000001 38.226441773464366 305.03000000000003 3.5000000000000004 306.80000000000007 11.482999848160668 36.062586831352611 -0.065535378769913874 -0.13398942717002907 365.78500000000003 349.76500000000004 390.84666666666669 345.01000000000005 382.09812500000004 444.12500000000006 299.94500000000005 229.64000000000001 280.24000000000007
decision_type=2 2 2 2 2 2 2 2 2 2 2 2 2 2 2 2 2 2 2 2 2 2 2 2 2 2 2 2 2 2
left_child=2 -2 -1 -4 7 6 -6 26 13 12 -11 -12 -10 14 15 -9 -16 18 19 -18 21 -15 -14 24 28 -26 29 -17 -19 -3
right_child=1 4 3 -5 5 -7 -8 8 9 10 11 -13 22 20 16 27 17 23 -20 -21 -22 -23 -24 -25 25 -27 -28 -29 -30 -31
leaf_value=0.21443613097071648 -0.17515680163696007 0.069648141514223369 -0.022191973741509073 0.12797884390585954 0.14765855876256281 -0.081322358408942821 -0.096657923872116969 -0.37008165479922783 0.28397461399435997 0.011281051608946336 -0.29672084768061285 -0.0045806674887576412 -0.011105876540144284 -0.0576788521388715 0.17100240626515678 0.12099625831046566 0.001172313229604201 -0.14597802766344764 0.12726137504947407 -0.39655903344234777 -0.035770731567489826 -0.31445843471722168 0.15433304063256154 -0.17255479569800877 0.24779212721369484 0.03916119973344559 0.13821741959003553 -0.084501514303219782 -0.0070598144003756651 0.0052050759401237592
leaf_weight=72 74 260 144 72 67 303 40 49 62 859 54 62 96 55 65 44 44 55 54 63 154 55 88 44 55 132 73 77 2391 4679
leaf_count=72 74 260 144 72 67 303 40 49 62 859 54 62 96 55 65 44 44 55 54 63 154 55 88 44 55 132 73 77 2391 4679
internal_value=1.08826e-10 -0.0021343 0.0745078 0.027865 -0.000851366 -0.0453997 0.0563253 0.00105718 -0.00931016 0.0192507 -0.00678616 -0.140577 0.122445 -0.0197605 -0.0130051 -0.113628 -0.00711255 -0.011192 -0.112171 -0.233006 -0.0983949 -0.186069 0.0680171 -0.00511893 -0.00232091 0.100523 0.0104854 -0.00977505 -0.0101835 0.0085975
internal_weight=10342 10054 288 216 9980 410 107 9570 4558 1221 975 116 246 3337 3073 170 2903 2838 161 107 264 110 184 2677 2633 187 5012 121 2446 4939
internal_count=10342 10054 288 216 9980 410 107 9570 4558 1221 975 116 246 3337 3073 170 2903 2838 161 107 264 110 184 2677 2633 187 5012 121 2446 4939
is_linear=0
shrinkage=0.05


Tree=129
num_leaves=31
num_cat=0
split_feature=16 11 11 19 8 17 11 7 5 0 2 14 13 5 15 6 12 10 10 15 14 17 6 6 13 16 18 17 12 13
split_gain=667.419 3698.1 3269.26 1021.79 1059.63 1007.57 704.964 629.61 585.162 501.234 427.72 415.329 431.82 410.354 909.222 719.628 689.836 1251.57 1153.17 867.972 830.037 1394.73 1153.92 1292.83 1139.2 2069.81 1859.73 1000.52 969.257 942.478
threshold=342.42065476190481 300.34000000000009 303.74500000000006 398.80000000000007 1.0000000180025095e-35 45.159045628601568 373.03000000000003 0.98005052076767474 0.25881904510252057 10.500000000000002 1.0000000180025095e-35 301.32000000000005 13.021684273779085 -0.5 456.68500000000006 0.99907018497641664 363.12312500000013 386.72500000000008 412.62500000000006 447.92000000000002 303.91500000000002 41.239216506224551 -0.8041866928211282 -0.97876850416056738 16.057754606294552 352.78050595238102 306.8250000000001 27.562472012264859 341.24604166666671 50.446198649465337
decision_type=2 2 2 2 2 2 2 2 2 2 2 2 2 2 2 2 2 2 2 2 2 2 2 2 2 2 2 2 2 2
left_child=2 -2 -1 4 11 7 10 13 -9 -6 -5 -4 -13 14 15 16 18 -18 20 -19 29 22 23 -22 27 -26 -27 -24 -25 -3
right_child=1 5 3 6 9 -7 -8 8 -10 -11 -12 12 -14 -15 -16 -17 17 19 -20 -21 21 -23 24 28 25 26 -28 -29 -30 -31
leaf_value=0.44582312604848379 -0.38595896907269012 0.11961630028024639 0.11581100725617849 0.20038848529259365 -0.24415841467146362 -0.23006625378814838 0.26273368055723151 -0.023439827960516729 -0.27383148308377714 -0.065837881873060666 0.033238424053615746 -0.12800593163099205 0.023446462435164937 -0.0065764704211168368 0.23178299092687668 -0.19822135019116105 0.2873263123616272 0.040578155106118452 -0.24790144088316937 -0.11490407918657486 -0.066242160201072695 -0.27099448197855142 0.19014581896675131 0.091296743143660333 -0.00036259882521176117 -0.49897627395500121 -0.11780508945230395 -0.0097321231564274063 0.42455443123355513 -0.10911772785309171
leaf_weight=47 63 230 95 45 56 48 49 56 40 133 256 57 270 6069 48 40 49 1381 49 96 55 53 72 48 217 48 96 480 40 56
leaf_count=47 63 230 95 45 56 48 49 56 40 133 256 57 270 6069 48 40 49 1381 49 96 55 53 72 48 217 48 96 480 40 56
internal_value=5.68968e-11 -0.00417411 0.0386519 0.0187382 -0.0202832 -0.00157973 0.0868585 -0.0003906 -0.12777 -0.118674 0.0582276 0.0237826 -0.0029535 0.000949204 0.0158849 0.012442 0.0152792 0.0387199 -0.00949264 0.0304723 -0.00111843 -0.0207046 -0.00814266 0.123924 -0.0288278 -0.0978915 -0.244862 0.0163389 0.242778 0.0748292
internal_weight=10342 9334 1008 961 611 9271 350 9223 96 189 301 422 327 9127 3058 3010 2970 1526 1444 1477 1395 1109 1056 143 913 361 144 552 88 286
internal_count=10342 9334 1008 961 611 9271 350 9223 96 189 301 422 327 9127 3058 3010 2970 1526 1444 1477 1395 1109 1056 143 913 361 144 552 88 286
is_linear=0
shrinkage=0.05


Tree=130
num_leaves=31
num_cat=0
split_feature=18 2 11 0 4 13 13 9 9 9 11 12 9 19 17 12 14 7 13 12 13 9 7 2 11 9 2 9 16 18
split_gain=627.918 1720.96 1304.19 381.797 498.376 500.25 494.729 1043.36 885.736 918.106 1043 765.163 775.502 605.042 698.281 1796.37 1936.54 961.683 720.009 687.604 665.8 1706.7 536.812 603.096 528.146 881.196 515.254 511.052 943.426 743.536
threshold=77.640000000000015 1.5000000000000002 300.34000000000009 22.500000000000004 0.12940952255126045 8.2814152151796545 39.709215270480037 299.45000000000005 321.09000000000009 315.98000000000008 362.95000000000005 390.21750000000003 345.86000000000007 425.11500000000007 36.040325237077226 345.00770833333337 318.97500000000008 -0.94137724084408114 16.729248475480066 379.89895833333338 13.021684273779085 309.26000000000005 -0.16799793862756093 5.5000000000000009 368.38000000000005 334.13500000000005 1.0000000180025095e-35 326.28500000000003 369.22538690476193 230.89000000000001
decision_type=2 2 2 2 2 2 2 2 2 2 2 2 2 2 2 2 2 2 2 2 2 2 2 2 2 2 2 2 2 2
left_child=1 -1 -2 4 5 -4 7 -6 9 -8 -11 12 13 20 15 16 -15 -17 22 24 21 -9 26 -24 -19 -26 -16 28 29 -20
right_child=2 -3 3 -5 6 -7 8 11 -10 10 -12 -13 -14 14 18 17 -18 19 27 -21 -22 -23 23 -25 25 -27 -28 -29 -30 -31
leaf_value=-0.35263894587121114 0.20524593903086125 0.0042838358102987211 0.17347990355920048 -0.046957156091075702 -0.23624590905728163 0.011296187545988358 0.05038930617026554 -0.32520240489013341 0.054678191018516113 -0.052300976758653472 -0.34272191019425557 -0.2220771798356013 0.093580175066987681 -0.10192731051754796 -0.12516515973627895 0.063552752128717568 -0.5317361307144165 -0.0077304490784941074 -0.20048084869755037 -0.16043042381272907 0.031735472483658676 0.026286247006466246 0.11410412546625347 -0.00015970609301962612 -0.29476205220228019 0.013074378312929817 0.069795579256282922 0.0025013824095367456 -0.24916775549451509 -0.018039093721855547
leaf_weight=47 78 120 48 415 54 5025 121 49 649 110 43 44 165 76 91 176 40 333 66 154 877 117 234 228 47 46 54 406 66 363
leaf_count=47 78 120 48 415 54 5025 121 49 649 110 43 44 165 76 91 176 40 333 66 154 877 117 234 228 47 46 54 406 66 363
internal_value=5.10203e-13 -0.0961675 0.00157838 5.0299e-06 0.00201797 0.0128307 -0.00988335 -0.0180807 0.0228528 -0.0525294 -0.133923 -0.0148371 -0.0122957 -0.0173992 -0.0313152 -0.0669307 -0.250137 -0.0388196 -0.0107205 -0.0698843 0.0143553 -0.0774664 0.0313721 0.0577142 -0.0371517 -0.142499 -0.0525591 -0.0390782 -0.0731818 -0.0461071
internal_weight=10342 167 10175 10097 9682 5073 4609 3686 923 274 153 3632 3588 3423 2380 872 116 756 1508 580 1043 166 607 462 426 93 145 901 495 429
internal_count=10342 167 10175 10097 9682 5073 4609 3686 923 274 153 3632 3588 3423 2380 872 116 756 1508 580 1043 166 607 462 426 93 145 901 495 429
is_linear=0
shrinkage=0.05


Tree=131
num_leaves=31
num_cat=0
split_feature=16 11 11 19 8 17 16 7 10 0 16 10 14 17 7 2 0 14 11 11 0 10 18 17 2 10 2 7 0 11
split_gain=591.226 3501.67 2896.95 909.136 962.955 903.409 642.041 562.96 543.233 448.434 426.822 406.863 673.539 394.648 2196.18 1021.43 1003.5 1140.95 761.483 463.856 400.937 848.596 744.225 1349.28 1334.37 844.445 609.174 819.052 613.434 1114.69
threshold=342.42065476190481 300.34000000000009 303.74500000000006 398.80000000000007 1.0000000180025095e-35 45.159045628601568 337.5897321428572 0.98005052076767474 343.14500000000004 10.500000000000002 343.47300595238102 307.65000000000003 301.32000000000005 26.885045155687585 -0.99761278905001471 1.0000000180025095e-35 21.500000000000004 311.97500000000008 355.57000000000005 377.16500000000002 3.5000000000000004 313.31000000000006 300.90500000000003 35.810521384201031 3.5000000000000004 337.30500000000006 4.5000000000000009 -0.97874870457683594 22.500000000000004 333.72000000000008
decision_type=2 2 2 2 2 2 2 2 2 2 2 2 2 2 2 2 2 2 2 2 2 2 2 2 2 2 2 2 2 2
left_child=2 -2 -1 4 11 7 -5 10 -9 -6 -3 -4 -13 15 -15 18 17 -17 -12 -19 22 -22 23 24 -16 -24 28 -28 29 -23
right_child=1 5 3 6 9 -7 -8 8 -10 -11 13 12 -14 14 20 16 -18 19 -20 -21 21 26 25 -25 -26 -27 27 -29 -30 -31
leaf_value=0.41966479090934111 -0.37543554485790315 0.087619702389596835 -0.096600316971784728 0.25175222047449403 -0.23166047184994176 -0.21775778210333863 0.05489041739068648 -0.23480958414077757 0.0032768122365941172 -0.06299338028604283 0.021941638919524848 0.18104270494897182 0.0092215179968304171 -0.3403439426639428 -0.45379894082975947 0.27324388270657934 -0.22987391300499441 0.0392671579528098 0.30757687437747205 -0.080250559675429642 0.1229398370988361 0.12048760322853923 0.02113673882470448 -0.03717367592997102 -0.055121741677838856 -0.11049246946606657 0.15944954672207434 -0.028180080043378682 -0.07163304662683867 0.0087489290421056999
leaf_weight=47 63 140 61 48 56 48 302 50 46 133 40 71 290 48 43 44 40 282 56 114 146 235 763 369 41 145 60 1900 217 4444
leaf_count=47 63 140 61 48 56 48 302 50 46 133 40 71 290 48 43 44 40 282 56 114 146 235 763 369 41 145 60 1900 217 4444
internal_value=-6.70829e-11 -0.00392863 0.0363788 0.0176333 -0.0191742 -0.0014041 0.0818886 -0.000278108 -0.120727 -0.112969 0.000988797 0.0228333 0.0430146 -0.000360744 -0.00310267 0.039678 0.00990114 0.0316989 0.188562 0.00486054 -0.00116705 0.0036596 -0.0259989 -0.0783453 -0.259206 0.000116656 0.0011195 -0.0224363 0.0105495 0.0143609
internal_weight=10342 9334 1008 961 611 9271 350 9223 96 189 9127 422 361 8987 8411 576 480 440 96 396 8363 7002 1361 453 84 908 6856 1960 4896 4679
internal_count=10342 9334 1008 961 611 9271 350 9223 96 189 9127 422 361 8987 8411 576 480 440 96 396 8363 7002 1361 453 84 908 6856 1960 4896 4679
is_linear=0
shrinkage=0.05


Tree=132
num_leaves=31
num_cat=0
split_feature=13 11 6 11 5 6 18 12 5 13 6 11 9 13 14 12 12 16 0 4 17 9 15 19 10 0 2 14 18 9
split_gain=571.207 727.751 713.276 499.149 368.956 355.176 802.787 879.234 623.457 625.371 558.396 542.922 508.332 876.018 866.344 1505.55 1019.46 695.402 851.036 1320.47 833.336 659.873 593.98 1448.85 3612.74 996.409 2341.86 1039.61 920.294 1191.33
threshold=10.18733216452757 300.34000000000009 0.7090011537757156 333.39500000000004 -0.5 0.96465729447553372 324.88000000000005 382.89583333333343 -0.3794095225512602 40.732392519553137 0.80926549319045582 356.49000000000007 310.48500000000007 36.483081998331606 303.79000000000002 323.5845833333334 338.72625000000005 334.93351190476193 13.500000000000002 -0.60355339059327362 32.428356060710634 308.93000000000006 429.01000000000005 431.00000000000006 385.27500000000003 18.500000000000004 4.5000000000000009 319.57000000000005 324.54000000000002 342.91500000000002
decision_type=2 2 2 2 2 2 2 2 2 2 2 2 2 2 2 2 2 2 2 2 2 2 2 2 2 2 2 2 2 2
left_child=2 -2 3 -1 -5 10 7 -7 -8 11 12 -10 13 14 16 -16 -3 -17 20 21 -19 -20 -14 24 -24 28 27 -27 29 -25
right_child=1 5 -4 4 -6 6 8 -9 9 -11 -12 -13 22 -15 15 17 -18 18 19 -21 -22 -23 23 25 -26 26 -28 -29 -30 -31
leaf_value=0.23775706471015631 -0.15821056091100782 0.022404548079511505 -0.041851674659604515 0.1546535450950145 -0.015839534714244881 0.027382372278423814 0.17131033651113733 -0.14931734580119763 0.022954328988063419 -0.1031546355248429 -0.032686966249841291 0.2171922127944681 0.017495882575676403 0.11940817532207196 -0.34795851589490973 -0.25005216439102973 -0.21733652750651042 0.11298590459609255 0.035088592629347534 -0.30732204836094756 -0.05399535253861959 -0.17744349440326915 0.054453716300694011 0.010420451764968315 -0.56770324498415004 -0.20431618410807389 -0.36399404248222711 0.018419171106070283 -0.059115539121370742 0.14229960773601399
leaf_weight=65 74 582 96 62 65 264 134 96 112 60 1389 53 4528 96 48 43 48 124 105 64 188 56 56 948 40 65 60 270 342 209
leaf_count=65 74 582 96 62 65 264 134 96 112 60 1389 53 4528 96 48 43 48 124 105 64 188 56 56 948 40 65 60 270 342 209
internal_value=-2.68061e-10 -0.0019888 0.0694285 0.125069 0.0673933 -0.000830443 0.0330221 -0.0197376 0.0859286 0.0350791 -0.00345866 0.0853459 0.00169862 -0.0261786 -0.0372885 -0.0788476 0.00413856 -0.0565763 -0.0410838 -0.115205 0.012369 -0.0388356 0.00748961 -0.0152784 -0.204778 -0.00567335 -0.0763216 -0.0247981 0.0129431 0.034243
internal_weight=10342 10054 288 192 127 9980 719 360 359 225 9261 165 7872 1354 1258 628 630 580 537 225 312 161 6518 1990 96 1894 395 335 1499 1157
internal_count=10342 10054 288 192 127 9980 719 360 359 225 9261 165 7872 1354 1258 628 630 580 537 225 312 161 6518 1990 96 1894 395 335 1499 1157
is_linear=0
shrinkage=0.05


Tree=133
num_leaves=31
num_cat=0
split_feature=18 6 11 17 6 17 17 5 10 7 2 14 6 6 6 12 16 10 7 16 12 19 9 6 13 7 6 19 12 10
split_gain=572.573 1610.96 1366.08 327.188 721.17 454.711 860.703 358.164 949.088 557.389 812.452 716.274 499.243 740.614 1071.58 623.466 1339.17 773.975 4081.97 1035.9 1937.09 942.464 1709.45 949.531 3424.41 909.5 882.212 794.899 631.286 783.041
threshold=77.640000000000015 0.63920241694561786 300.34000000000009 46.354287850065255 0.58481550752069722 45.81161926007686 45.159045628601568 0.60355339059327384 316.14000000000004 -0.84313311835787952 1.0000000180025095e-35 168.59000000000003 0.99939377080793557 0.9550229469509578 0.94704596667653973 372.49583333333334 372.77776785714292 422.73000000000008 0.7074720817434873 359.83952380952383 330.11770833333338 427.84000000000003 327.04500000000007 -0.55657520495441892 35.226666402245179 0.90438663683299525 0.81428061195174062 427.24000000000007 338.72625000000005 337.61500000000007
decision_type=2 2 2 2 2 2 2 2 2 2 2 2 2 2 2 2 2 2 2 2 2 2 2 2 2 2 2 2 2 2
left_child=1 -1 -2 5 -5 6 7 8 -4 10 -9 -11 13 14 15 17 -17 19 -19 21 -21 23 -23 24 -10 26 28 -25 -22 -30
right_child=2 -3 3 4 -6 -7 -8 9 12 11 -12 -13 -14 -15 -16 16 -18 18 -20 20 25 22 -24 27 -26 -27 -28 -29 29 -31
leaf_value=-0.33997134613863966 0.20995142830249211 0.005356475208536722 0.15469969236857703 -0.24319842322621238 0.038740256867216279 0.12595501340304813 -0.21136681593876952 0.21551865155342967 -0.46203895005963597 0.18109426276226129 0.01169068686228681 -0.027216799784386472 -0.13017033858101487 0.063048494876495428 -0.22701497764198805 0.058179679101706933 -0.030064985559351439 0.11853678831067244 -0.52198544520707368 -0.3566478330087155 0.10717904162987815 0.031919551675225824 0.27109173593329799 -0.0053399338143987575 0.042280638082460929 -0.23635426391573514 -0.11674124696221784 0.15681184475557716 -0.22936687307523154 -0.0055064472364782027
leaf_weight=47 78 120 107 43 48 72 48 56 51 42 385 2362 68 525 51 1223 663 61 42 47 118 962 81 1746 99 51 199 79 41 827
leaf_count=47 78 120 107 43 48 72 48 56 51 42 385 2362 68 525 51 1223 663 61 42 47 118 962 81 1746 99 51 199 79 41 827
internal_value=3.03117e-11 -0.0918316 0.00150721 -0.000103034 -0.0944835 0.000755313 -0.000152114 0.000873408 0.00692298 -0.0140985 0.0375736 -0.0235774 0.0046426 0.00597777 0.00125263 0.00310345 0.0271584 -0.00719799 -0.142647 -0.00395427 -0.0415891 0.0120449 0.0504938 -0.00826005 -0.129188 -0.0296087 -0.0207108 0.00167924 -0.00132936 -0.0160805
internal_weight=10342 167 10175 10097 91 10006 9934 9886 7041 2845 441 2404 6934 6866 6341 6290 1886 4404 103 4301 1283 3018 1043 1975 150 1236 1185 1825 986 868
internal_count=10342 167 10175 10097 91 10006 9934 9886 7041 2845 441 2404 6934 6866 6341 6290 1886 4404 103 4301 1283 3018 1043 1975 150 1236 1185 1825 986 868
is_linear=0
shrinkage=0.05


Tree=134
num_leaves=31
num_cat=0
split_feature=11 11 17 6 13 17 7 10 8 7 11 9 6 6 6 17 15 12 10 11 16 14 17 11 19 11 12 12 13 15
split_gain=578.66 457.291 308.947 3516.37 647.914 342.999 668.203 2339.79 1734.54 1156.3 886.055 1275.16 649.842 945.955 675.23 1058.23 790.497 1064.79 1060.6 609.455 780.657 691.396 1061.34 684.575 597.419 597.038 591.892 686.14 589.993 1306.64
threshold=251.51500000000001 300.34000000000009 45.46741229618474 0.52766072109828632 21.099837276596165 38.510675973285949 0.71952396275653763 418.29000000000002 1.0000000180025095e-35 0.5403928698825039 312.10500000000008 307.05500000000001 0.96465729447553372 0.99552231814189451 0.80926549319045582 37.40346900133391 427.86000000000007 378.15041666666673 353.20500000000004 440.99000000000007 372.76288690476196 334.57500000000005 42.04441352259056 378.49500000000006 449.48000000000008 338.40500000000003 390.21750000000003 383.05020833333339 35.966705933943722 429.01000000000005
decision_type=2 2 2 2 2 2 2 2 2 2 2 2 2 2 2 2 2 2 2 2 2 2 2 2 2 2 2 2 2 2
left_child=-1 -2 5 -4 -5 12 9 8 -8 10 -7 -12 14 25 24 16 18 -18 -16 20 21 22 26 -24 28 -14 27 -13 29 -3
right_child=1 2 3 4 -6 6 7 -9 -10 -11 11 19 13 -15 15 -17 17 -19 -20 -21 -22 -23 23 -25 -26 -27 -28 -29 -30 -31
leaf_value=-0.18746805074738293 0.16739742134402438 -0.00027071921108572615 -0.46037316332722816 0.16094139309393035 -0.0511766437544591 0.21609584293686429 -0.059675251851898772 -0.39744894072050002 0.15408488162211142 0.10998595406231276 -0.21250881619052964 0.038830176325915733 -0.012842987778200421 -0.017970340954012832 0.0022757329728925269 -0.13667955880053342 0.18827226071152836 -0.026704454216330005 -0.12287371811681312 0.1769282193588359 -0.056660634188980458 0.21444156300276518 0.0030557050131028518 -0.20851148011115117 -0.14442601482797829 0.16005235262386197 0.20880003865570465 -0.10328266105574112 0.028298195657096542 -0.10013722877121634
leaf_weight=41 41 3632 43 72 72 52 367 41 128 359 64 1106 67 264 443 240 96 144 274 56 358 47 75 78 72 196 47 92 1415 360
leaf_count=41 41 3632 43 72 72 52 367 41 128 359 64 1106 67 264 443 240 96 144 274 56 358 47 75 78 72 196 47 92 1415 360
internal_value=1.79305e-10 0.00074616 8.02045e-05 -0.0635988 0.0548824 0.00126237 0.0158792 -0.0344652 -0.0043999 0.0274407 0.0124363 0.00692913 -0.00456163 0.0488911 -0.00878116 -0.0428017 -0.0192587 0.0592862 -0.0455499 0.0144837 0.00943833 0.0258144 0.0194729 -0.104802 -0.00134867 0.116007 0.0347452 0.0279167 0.000556555 -0.00927672
internal_weight=10342 10301 10260 187 144 10073 2870 536 495 2334 1975 1923 7203 527 6676 1197 957 240 717 1859 1803 1445 1398 153 5479 263 1245 1198 5407 3992
internal_count=10342 10301 10260 187 144 10073 2870 536 495 2334 1975 1923 7203 527 6676 1197 957 240 717 1859 1803 1445 1398 153 5479 263 1245 1198 5407 3992
is_linear=0
shrinkage=0.05


Tree=135
num_leaves=31
num_cat=0
split_feature=18 2 11 4 13 17 11 14 7 11 12 15 5 14 13 17 10 10 6 19 11 9 6 9 12 15 12 14 16 7
split_gain=540.578 1513.85 1233.06 338.478 550.614 1045.91 1112.47 704.528 927.393 683.215 893.432 1125.61 609.035 600.456 1016.45 1414.02 690.13 1046.47 3961.38 616.564 876.468 598.967 619.99 569.205 958.636 560.921 838.682 741.988 741.612 808.735
threshold=77.640000000000015 1.5000000000000002 300.34000000000009 0.12940952255126045 14.741334363978735 41.180671730874856 359.75500000000005 300.43000000000006 0.40418040343369133 355.14500000000004 328.62479166666674 355.73500000000007 -0.9159756150367534 229.64000000000001 43.097692111487184 39.581801499194547 358.76500000000004 350.82000000000005 -0.66528616069191593 420.76000000000005 356.97000000000008 311.07500000000005 -0.52766804058324157 349.92500000000007 390.21750000000003 448.25000000000006 384.48145833333342 335.41500000000002 374.74690476190477 -0.86974577485258975
decision_type=2 2 2 2 2 2 2 2 2 2 2 2 2 2 2 2 2 2 2 2 2 2 2 2 2 2 2 2 2 2
left_child=1 -1 -2 4 5 7 -7 -4 21 -10 -11 -12 -6 19 16 -16 17 -15 -19 -14 -21 -9 -23 24 25 26 28 -28 -18 -30
right_child=2 -3 3 -5 12 6 -8 8 9 10 11 -13 13 14 15 -17 23 18 -20 20 -22 22 -24 -25 -26 -27 27 -29 29 -31
leaf_value=-0.3297732047261076 0.19950066858377213 0.0049842219178875295 0.21447180336484545 -0.010054818460846413 0.04407942858893743 0.031745663954844253 -0.24166817152156284 0.25435545734476811 0.042903421426052385 0.057551779063712609 -0.31725111836093967 -0.010939418112278963 -0.039238022620027721 -0.01484490590745517 -0.31365004948412001 -0.028753717666999863 0.017265234259572233 -0.58427915226668126 -0.028313215333760158 0.012742711352401001 0.32841674771573809 0.18152229041174556 0.043053882480303944 -0.11766388231888414 0.2576353659603472 -0.1554944604324798 0.29975747629068794 0.03185880960164858 0.01630350003639857 -0.2770812443579021
leaf_weight=47 78 120 65 4609 656 87 65 51 307 76 59 61 55 1096 65 132 1590 40 161 43 45 104 363 80 41 48 48 56 48 46
leaf_count=47 78 120 65 4609 656 87 65 51 307 76 59 61 55 1096 65 132 1590 40 161 43 45 104 363 80 41 48 48 56 48 46
internal_value=-1.30351e-12 -0.0892289 0.00146449 -6.53479e-05 0.00832413 0.0376682 -0.0851747 0.0548617 0.0447005 -0.00365772 -0.0765877 -0.161543 -0.000223633 -0.00831011 -0.0124703 -0.122755 -0.00579361 -0.0340783 -0.138953 0.0920881 0.174167 0.0916583 0.0738905 0.0129521 0.0185191 0.0131793 0.0177075 0.155504 0.00919748 -0.127268
internal_weight=10342 167 10175 10097 5488 1238 152 1086 1021 503 196 120 4250 3594 3451 197 3254 1297 201 143 88 518 467 1957 1877 1836 1788 104 1684 94
internal_count=10342 167 10175 10097 5488 1238 152 1086 1021 503 196 120 4250 3594 3451 197 3254 1297 201 143 88 518 467 1957 1877 1836 1788 104 1684 94
is_linear=0
shrinkage=0.05


Tree=136
num_leaves=31
num_cat=0
split_feature=11 11 13 0 16 13 17 9 6 5 0 7 13 7 7 0 9 16 18 17 11 12 18 14 11 19 11 15 15 10
split_gain=568.996 362.186 307.388 795.233 993.607 630.307 3085.44 1516.78 531.616 575.346 500.923 477.511 992.301 926.717 474.22 449.263 497.631 424.212 928.008 758.537 786.674 554.8 533.939 766.336 1291.16 522.128 559.588 521.181 553.537 731.613
threshold=251.51500000000001 300.34000000000009 10.790393427095889 3.5000000000000004 371.16574404761911 11.482999848160668 36.062586831352611 308.64500000000004 0.31799963745711152 -0.12940952255126037 16.500000000000004 -0.96234030595689413 19.079579184708233 -0.95242240592625282 -0.99052477729077237 22.500000000000004 352.89500000000004 373.54505952380958 322.94000000000005 34.423651661783644 338.40500000000003 390.21750000000003 329.07000000000005 333.30000000000007 434.35500000000008 448.76000000000005 358.15500000000003 445.35000000000008 439.56000000000006 428.59000000000003
decision_type=2 2 2 2 2 2 2 2 2 2 2 2 2 2 2 2 2 2 2 2 2 2 2 2 2 2 2 2 2 2
left_child=-1 -2 3 -3 8 6 -4 -8 10 -10 -5 12 -7 -13 -14 16 17 18 21 -20 -21 27 23 24 25 -19 -27 28 29 -15
right_child=1 2 5 4 -6 11 7 -9 9 -11 -12 13 14 15 -16 -17 -18 22 19 20 -22 -23 -24 -25 -26 26 -28 -29 -30 -31
leaf_value=-0.18589609018186246 0.14905251293647578 -0.1092702075218161 -0.36332590510802615 0.13128193984257763 -0.03564862494222211 0.15877892208950861 -0.23811013953967228 0.088954945552737238 0.10622351021421227 0.34879762112078344 -0.043856983815157229 -0.22200961533623437 -0.031760360413971241 -0.00021657445233241065 0.057213446631471425 -0.056710492920826916 0.16464639046917792 0.0042835777990840838 0.0095854040225157935 -0.023354497337911992 0.21371024194153121 0.1409376059456364 0.015853729790368472 -0.14445292154003098 0.23067893147468568 -0.032747302723250223 -0.19867946964197902 -0.090448620711216093 0.064543129342878577 -0.12098392600892112
leaf_weight=41 41 78 70 116 159 140 45 167 55 44 63 48 312 6191 288 356 46 209 184 47 137 69 391 184 45 112 93 161 322 128
leaf_count=41 41 78 70 116 159 140 45 167 55 44 63 48 312 6191 288 356 46 209 184 47 137 69 391 184 45 112 93 161 322 128
internal_value=-7.21884e-11 0.000739903 0.000147231 0.037794 0.0640434 -0.00184231 -0.0755046 0.0195308 0.121062 0.214034 0.0696409 0.000352846 0.0389153 -0.00291853 0.0109471 -0.00170626 0.000647565 -0.000264311 0.00401477 0.0813705 0.153156 -0.000128278 -0.030222 -0.0582401 -0.0236799 -0.0513276 -0.108024 -0.00155926 0.000595713 -0.00266288
internal_weight=10342 10301 10260 515 437 9745 282 212 278 99 179 9463 740 8723 600 8675 8319 8273 7239 368 184 6871 1034 643 459 414 205 6802 6641 6319
internal_count=10342 10301 10260 515 437 9745 282 212 278 99 179 9463 740 8723 600 8675 8319 8273 7239 368 184 6871 1034 643 459 414 205 6802 6641 6319
is_linear=0
shrinkage=0.05


Tree=137
num_leaves=31
num_cat=0
split_feature=18 11 11 15 13 10 17 12 6 4 2 11 19 5 15 6 15 10 15 9 12 17 12 7 13 15 18 14 6 9
split_gain=531.203 12093.3 7829.04 1602.22 1195.58 1220.66 810.867 731.772 578.163 430.678 486.402 2325.35 759.975 421.852 767.791 599.466 693.666 1603.78 1493.65 1083.27 998.016 1566.84 971.539 895.147 1027.48 1032.26 934.958 1033.43 684.078 2028.09
threshold=159.84000000000003 308.45500000000004 300.34000000000009 394.67500000000007 39.552887350455784 404.88000000000005 46.354287850065255 353.75500000000011 0.58481550752069722 -0.98296291314453399 4.5000000000000009 363.87500000000006 428.49500000000006 -0.5 456.68500000000006 0.99907018497641664 410.45000000000005 387.42500000000007 420.29000000000002 336.02500000000003 355.68395833333335 34.619837278718997 363.12312500000013 -0.67801649466304881 38.934546141866129 432.16500000000002 326.65000000000003 330.74500000000006 -0.71504373327588355 308.64500000000004
decision_type=2 2 2 2 2 2 2 2 2 2 2 2 2 2 2 2 2 2 2 2 2 2 2 2 2 2 2 2 2 2
left_child=1 -1 -2 6 5 -5 -3 -6 -8 10 11 -4 -13 14 15 16 20 -18 19 -19 28 -22 -20 -24 25 -25 27 -27 29 -11
right_child=2 3 9 4 7 -7 8 -9 -10 13 -12 12 -14 -15 -16 -17 17 18 22 -21 21 -23 23 24 -26 26 -28 -29 -30 -31
leaf_value=-0.88611097589135179 0.57333267132441212 0.077152306160553019 0.43516226054691692 -0.083403136708119954 -0.12230779005491987 -0.36756821295549708 -0.21772136390209199 0.11071021185890467 0.034720316389575602 -0.39614293427206576 -0.036449252719228921 -0.14170286583785827 0.075441013205817295 -0.010030751016296906 0.21141783850810802 -0.18241624307120219 0.28644911607147239 0.078209215307773181 -0.23357866697368168 0.32160479675978426 -0.027258425860200077 -0.29926921224428549 -0.086366145129343777 0.022873893690404375 -0.019672964842488563 0.14093650494469331 -0.023619217381443985 0.4214124420968195 0.024124725739356062 0.012120512526805008
leaf_weight=40 60 523 41 312 47 43 43 119 48 40 110 52 179 5674 48 40 61 192 42 60 200 72 198 308 520 104 48 48 943 127
leaf_count=40 60 523 41 312 47 43 43 119 48 40 110 52 179 5674 48 40 61 192 42 60 200 72 198 308 520 104 48 48 943 127
internal_value=5.90049e-11 -0.0316514 0.00405699 -0.00153828 -0.0660291 -0.117823 0.0531844 0.0447352 -0.0845653 0.000306405 0.0522713 0.0881509 0.0265601 -0.00196873 0.0130243 0.00985322 0.0124488 0.0350675 0.0249792 0.136161 -0.0134268 -0.0992613 0.00288319 0.0109838 0.0297341 0.0803083 0.168757 0.229508 0.00760649 -0.0856671
internal_weight=10342 1175 9167 1135 521 355 614 166 91 9107 382 272 231 8725 3051 3003 2963 1581 1520 252 1382 272 1268 1226 1028 508 200 152 1110 167
internal_count=10342 1175 9167 1135 521 355 614 166 91 9107 382 272 231 8725 3051 3003 2963 1581 1520 252 1382 272 1268 1226 1028 508 200 152 1110 167
is_linear=0
shrinkage=0.05


Tree=138
num_leaves=31
num_cat=0
split_feature=16 11 11 19 8 17 11 7 10 0 16 2 10 14 10 12 0 17 7 11 14 13 15 13 5 9 16 18 6 7
split_gain=504.489 3594.51 2584.23 760.645 847.776 672.321 620.434 492.426 481.041 399.333 395.155 364.681 363.689 573.144 403.494 593.239 418.465 346.616 1880.57 931.947 1260.89 834.633 423.015 463.282 516.195 358.945 400.267 895.911 690.206 591.11
threshold=342.42065476190481 300.34000000000009 303.74500000000006 398.80000000000007 1.0000000180025095e-35 45.159045628601568 373.03000000000003 0.98005052076767474 343.14500000000004 10.500000000000002 343.47300595238102 1.0000000180025095e-35 307.65000000000003 301.32000000000005 318.14500000000004 326.268125 19.500000000000004 26.885045155687585 -0.99761278905001471 324.41500000000002 311.97500000000008 12.690054366152227 421.77500000000003 25.232407991572924 -0.12940952255126037 352.89500000000004 373.54505952380958 322.94000000000005 0.80417553764032002 0.77108682076304769
decision_type=2 2 2 2 2 2 2 2 2 2 2 2 2 2 2 2 2 2 2 2 2 2 2 2 2 2 2 2 2 2
left_child=2 -2 -1 4 12 7 11 10 -9 -6 -3 -5 -4 -14 -15 -16 -17 19 -19 -12 -21 -22 23 24 -23 26 27 28 29 -20
right_child=1 5 3 6 9 -7 -8 8 -10 -11 17 -13 13 14 15 16 -18 18 25 20 21 22 -24 -25 -26 -27 -28 -29 -30 -31
leaf_value=0.39561210645640155 -0.3800284345915157 0.084440270779388302 -0.091271917863947449 0.17908165792624156 -0.2177798922173679 -0.18771369495273879 0.23966804434146202 -0.22010457605123521 0.0039390193703381917 -0.058614472325373083 -0.19243178182031687 0.024739857522945385 0.16805406586909799 0.13427178638214071 -0.18173658750123448 0.059021283378824597 -0.11953699899216493 -0.31485282396897674 0.018552945175180476 0.27089082250992458 0.16662548752501607 -0.08954314110668922 -0.082897426412140929 0.13919068059573572 0.072331787253568453 0.13534480830033621 -0.027896387729145523 0.077097667373891454 -0.03150137007518896 -0.017775978669213179
leaf_weight=47 63 140 61 45 56 48 49 50 46 133 41 256 71 53 45 150 42 48 3567 60 88 99 118 72 98 48 1247 384 1485 1632
leaf_count=47 63 140 61 45 56 48 49 50 46 133 41 256 71 53 45 150 42 48 3567 60 88 99 118 72 98 48 1247 384 1485 1632
internal_value=3.84271e-12 -0.00362903 0.0336045 0.0158996 -0.017768 -0.00107125 0.0746737 -9.98896e-05 -0.11275 -0.105775 0.001085 0.0478142 0.0216473 0.0407278 0.00955482 -0.0183355 0.0199617 -0.000213518 -0.00278317 0.0373097 0.054916 0.027635 -0.00397009 0.0306523 -0.00901653 -0.000992026 -0.00177906 0.0028288 -0.001438 0.00714906
internal_weight=10342 9334 1008 961 611 9271 350 9223 96 189 9127 301 422 361 290 237 192 8987 8411 576 535 475 387 269 197 8363 8315 7068 6684 5199
internal_count=10342 9334 1008 961 611 9271 350 9223 96 189 9127 301 422 361 290 237 192 8987 8411 576 535 475 387 269 197 8363 8315 7068 6684 5199
is_linear=0
shrinkage=0.05


Tree=139
num_leaves=31
num_cat=0
split_feature=18 6 11 4 13 10 10 13 9 9 7 2 11 15 12 9 19 0 17 2 0 7 7 12 2 16 17 7 2 6
split_gain=512.446 1445.22 1091.47 304.127 519.655 507.544 1512.75 616.676 957.664 685.543 733.666 601.897 452.503 505.026 445.506 529.874 488.055 1297.43 719.439 1697.6 11472.8 1583.31 679.013 810.222 592.659 530.804 559.829 518.387 743.036 486.395
threshold=77.640000000000015 0.63920241694561786 300.34000000000009 0.12940952255126045 8.2814152151796545 421.88500000000005 425.81000000000006 39.056789889499733 299.45000000000005 320.76000000000005 0.8852232634113919 2.5000000000000004 440.99000000000007 430.40000000000003 389.90375000000012 345.86000000000007 410.79000000000002 7.5000000000000009 36.040325237077226 1.0000000180025095e-35 4.5000000000000009 -0.065537083312030994 -0.94137724084408114 379.89895833333338 4.5000000000000009 334.80199404761908 28.874532703509917 -0.16799793862756093 1.0000000180025095e-35 1.0000000180025095e-35
decision_type=2 2 2 2 2 2 2 2 2 2 2 2 2 2 2 2 2 2 2 2 2 2 2 2 2 2 2 2 2 2
left_child=1 -1 -2 4 -4 7 -7 8 -5 11 -11 -9 -6 -14 15 16 17 24 19 20 -18 -22 29 -24 25 -10 -27 -20 -29 -21
right_child=2 -3 3 5 12 6 -8 9 14 10 -12 -13 13 -15 -16 -17 18 -19 27 22 21 -23 23 -25 -26 26 -28 28 -30 -31
leaf_value=-0.32190473307954504 0.18774491903873591 0.0051766278229964276 0.165249812660309 -0.22582178663255439 0.0043609479648512072 -0.36042318235151471 0.028155203024620441 -0.096787051924348222 -0.042569737682739896 0.038776647488127813 0.23027410953892052 0.053648131423526341 0.24313387368761361 0.022615906081217177 -0.16816886797871278 0.079100909667670152 -0.88646514911881913 -0.066703479522733353 -0.053497412306558328 0.14657099096757639 0.29001079061809854 -0.12834943610997426 -0.029942633463922536 -0.16606878858703356 -0.0068836045116671858 0.071999554487410938 0.22331487180458176 0.090257986879014249 -0.0083551401806322024 -0.014181993895572079
leaf_weight=47 78 120 52 54 5326 40 67 173 45 678 54 108 42 68 46 154 44 264 392 77 49 42 557 136 151 128 117 245 867 121
leaf_count=47 78 120 52 54 5326 40 67 173 45 678 54 108 42 68 46 154 44 264 392 77 49 42 557 136 151 128 117 245 867 121
internal_value=-5.22968e-11 -0.0868762 0.00142588 -1.34473e-05 0.00793894 -0.00948246 -0.117108 -0.00692451 -0.0168958 0.0274188 0.0529035 -0.0389685 0.00643413 0.106814 -0.0136113 -0.0115135 -0.0158271 0.0209631 -0.026079 -0.0583607 -0.22359 0.0969215 -0.033326 -0.0566571 0.0734438 0.115269 0.14426 -0.00405697 0.0133717 0.0483331
internal_weight=10342 167 10175 10097 5488 4609 107 4502 3489 1013 732 281 5436 110 3435 3389 3235 705 2530 1026 135 91 891 693 441 290 245 1504 1112 198
internal_count=10342 167 10175 10097 5488 4609 107 4502 3489 1013 732 281 5436 110 3435 3389 3235 705 2530 1026 135 91 891 693 441 290 245 1504 1112 198
is_linear=0
shrinkage=0.05


Tree=140
num_leaves=31
num_cat=0
split_feature=13 11 11 2 17 0 9 9 13 6 0 15 11 10 2 9 10 2 15 17 17 9 9 6 17 19 17 16 2 9
split_gain=497.299 886.738 715.477 449.206 306.452 401.65 294.134 1145.27 820.486 1120.61 1427.38 1503.35 942.805 1087.37 1931.62 1181.83 863.615 787.135 460.086 1065.42 964.263 871.554 1263.92 1555.24 659.353 607.702 820.189 566.185 559.067 713.441
threshold=10.322301615318512 300.34000000000009 321.06500000000005 1.0000000180025095e-35 36.953961585822704 12.500000000000002 308.23000000000008 308.07500000000005 36.483081998331606 1.0000000180025095e-35 4.5000000000000009 349.22000000000008 318.12500000000006 341.76500000000004 4.5000000000000009 304.16500000000008 350.00500000000005 3.5000000000000004 378.41500000000008 45.46741229618474 37.794621976946793 333.01000000000005 330.94500000000005 0.30983042691905771 35.687146777334952 433.71000000000009 34.72186386427704 356.82678571428579 4.5000000000000009 322.52000000000004
decision_type=2 2 2 2 2 2 2 2 2 2 2 2 2 2 2 2 2 2 2 2 2 2 2 2 2 2 2 2 2 2
left_child=2 -2 -1 4 5 -4 7 8 9 12 11 -11 -3 14 15 -14 -15 -12 20 28 21 22 25 -24 -23 27 -27 -8 -20 -30
right_child=1 6 3 -5 -6 -7 18 -9 -10 10 17 -13 13 16 -16 -17 -18 -19 19 -21 -22 24 23 -25 -26 26 -28 -29 29 -31
leaf_value=0.25287240874909223 -0.17444995544045361 0.06596157786037242 -0.033877703070174903 0.16404756843903157 -0.057745316584368017 0.14191602114023585 0.002435974631775912 -0.27829073140787525 0.14786070699596571 -0.0091651073401819352 0.11456151294160864 -0.38752000493610783 -0.21447671417845415 0.12853160030566729 -0.0351439499733592 -0.58246881855651744 -0.14302751061631674 -0.012182273123869483 0.0050682135701849967 -0.2386928127768139 0.068953919292957966 0.11709003275488768 -0.39723851761470241 0.0052583503236140437 -0.088133459879706305 -0.24922621932953759 -0.025714905844668901 0.12700115190976757 -0.076558984179611378 -0.0029746870805846433
leaf_weight=42 74 70 64 53 111 66 402 43 72 73 245 41 48 52 74 40 67 245 5366 48 734 212 48 48 48 46 381 118 524 887
leaf_count=42 74 70 64 53 111 66 402 43 72 73 245 41 48 52 74 40 67 245 5366 48 734 212 48 48 48 46 381 118 524 887
internal_value=-8.50647e-11 -0.00200917 0.0598325 0.0322554 0.00327201 0.0553714 -0.000724368 -0.0254871 -0.0149023 -0.0271734 0.0141151 -0.14524 -0.0982227 -0.139123 -0.223422 -0.381746 -0.024363 0.0511896 0.00226549 -0.00395849 0.023119 -0.0027005 -0.0231174 -0.19599 0.0792026 -0.00559281 -0.0497934 0.0307027 -0.00229592 -0.0303015
internal_weight=10342 10006 336 294 241 130 9932 1070 1027 955 604 114 351 281 162 88 119 490 8862 6825 2037 1303 1043 96 260 947 427 520 6777 1411
internal_count=10342 10006 336 294 241 130 9932 1070 1027 955 604 114 351 281 162 88 119 490 8862 6825 2037 1303 1043 96 260 947 427 520 6777 1411
is_linear=0
shrinkage=0.05


Tree=141
num_leaves=31
num_cat=0
split_feature=18 11 11 15 13 10 17 12 6 10 19 9 17 4 2 11 19 5 15 11 10 7 15 13 10 13 19 7 9 7
split_gain=488.893 10725.2 7251.05 1391.9 1053.06 1070.51 705.198 637.331 511.363 418.445 1076.48 833.863 812.779 375.462 431.084 2071.45 652.719 383.774 701.009 604.448 1408.25 660.819 538.466 756.536 839.984 754.722 860.505 842.583 796.015 791.473
threshold=159.84000000000003 308.45500000000004 300.34000000000009 394.67500000000007 39.552887350455784 404.88000000000005 46.354287850065255 353.75500000000011 0.58481550752069722 327.49000000000007 399.55500000000006 312.25500000000005 39.942926457747369 -0.98296291314453399 4.5000000000000009 363.46000000000009 428.49500000000006 -0.5 456.68500000000006 369.18500000000006 337.03500000000003 -0.90161545992537195 447.92000000000002 34.214723565693482 385.27500000000003 38.419708815269111 441.61500000000007 0.91159213926341531 316.25000000000006 0.7254836971458194
decision_type=2 2 2 2 2 2 2 2 2 2 2 2 2 2 2 2 2 2 2 2 2 2 2 2 2 2 2 2 2 2
left_child=1 -1 -2 6 5 -5 9 -6 -8 12 -11 -12 -3 14 15 -4 -17 18 22 21 -21 -19 23 -15 -25 26 -26 28 -27 -28
right_child=2 3 13 4 7 -7 8 -9 -10 10 11 -13 -14 17 -16 16 -18 19 -20 20 -22 -23 -24 24 25 27 29 -29 -30 -31
leaf_value=-0.83504106611013418 0.55175111599266535 0.32055540793471871 0.41488453254103663 -0.078491071878577207 -0.11405383012396225 -0.34460478404233624 -0.20469008997775787 0.10340864819889309 0.032720797214036187 0.26368150032904686 -0.11943335934457454 0.059623672042685344 0.061247146179211211 -0.0081861192759047907 -0.034721129802478982 -0.1288407474193933 0.070921209504484467 0.051157854143349293 0.20202792865845065 -0.29925806102557828 -0.0314374965752608 -0.0088273768464060803 -0.10708003670442851 0.22132633947545577 0.03069632391782048 0.20563643480837346 0.24405794538334652 -0.19334305390575024 -0.0030126151897879858 0.025360092250048184
leaf_weight=40 60 45 40 312 47 43 43 119 48 49 88 249 92 1702 110 53 179 515 48 52 875 4232 96 63 325 50 117 53 533 64
leaf_count=40 60 45 40 312 47 43 43 119 48 49 88 249 92 1702 110 53 179 515 48 52 875 4232 96 63 325 50 117 53 533 64
internal_value=2.32655e-11 -0.0303647 0.00389206 -0.00200609 -0.0621154 -0.110725 0.0489987 0.0418379 -0.0794624 0.0713504 0.0447061 0.0128669 0.146421 0.000282584 0.0488021 0.0825798 0.0252859 -0.00184171 0.0124587 -0.00953126 -0.0464609 -0.0023196 0.00942862 0.0132762 0.0435905 0.0337855 0.079356 -0.00247026 0.0148818 0.166728
internal_weight=10342 1175 9167 1135 521 355 614 166 91 523 386 337 137 9107 382 272 232 8725 3051 5674 927 4747 3003 2907 1205 1142 506 636 583 181
internal_count=10342 1175 9167 1135 521 355 614 166 91 523 386 337 137 9107 382 272 232 8725 3051 5674 927 4747 3003 2907 1205 1142 506 636 583 181
is_linear=0
shrinkage=0.05


Tree=142
num_leaves=31
num_cat=0
split_feature=18 2 11 10 4 10 14 13 9 9 7 2 13 17 17 17 11 17 7 10 10 14 5 6 15 19 19 10 10 6
split_gain=482.226 1373.32 929.28 313.939 269.969 465.656 1428.07 536.724 856.854 618.066 662.525 530.862 462.66 949.935 1111.13 560.18 880.997 1593.96 788.515 541.48 1076.32 549.671 715.614 490.974 731.353 819.726 1596.3 421.721 703.227 991.133
threshold=77.640000000000015 1.5000000000000002 300.34000000000009 334.38000000000005 0.12940952255126045 421.88500000000005 326.95000000000005 39.056789889499733 299.45000000000005 320.76000000000005 0.8852232634113919 2.5000000000000004 15.629833060876502 40.73536975413203 41.30893458470927 39.277913519042691 357.34000000000009 26.698399792547217 0.94909129669788206 359.25000000000006 357.68000000000006 237.45500000000001 -0.12940952255126037 0.78857998149907527 344.79000000000002 410.79000000000002 426.80000000000001 318.65000000000003 308.37500000000006 1.0000000180025095e-35
decision_type=2 2 2 2 2 2 2 2 2 2 2 2 2 2 2 2 2 2 2 2 2 2 2 2 2 2 2 2 2 2
left_child=1 -1 -2 -3 12 7 -7 8 -6 11 -11 -9 13 15 -15 16 23 -18 -19 20 21 -14 -23 24 -4 -26 -27 28 29 -10
right_child=2 3 4 -5 5 6 -8 9 27 10 -12 -13 19 14 -16 -17 17 18 -20 -21 -22 22 -24 -25 25 26 -28 -29 -30 -31
leaf_value=-0.31338314681928209 0.17330266737785094 0.11982948742341251 -0.0014515665330072033 -0.051727572483941914 -0.21334253704796236 -0.3483613994624466 0.029183426232480294 -0.091711556432348795 0.094005622700960551 0.036397061796356156 0.21837346073653965 0.049567938782274723 0.078138738341237371 -0.27709013419598344 0.0056169102654645316 0.15260433105103999 0.2737882584156025 -0.024779212983963902 -0.24723663568496704 0.012042976401607227 -0.26693040488494768 -0.2003235537558794 -0.020297786377417578 -0.0046346655714401752 -0.00080287103813267164 0.42967833006381995 0.11912581020578122 -0.019431538850995841 0.071167337949290602 -0.18936715220722061
leaf_weight=47 78 40 141 80 54 40 67 173 54 678 54 108 133 50 114 115 42 347 45 2716 45 58 1144 159 89 50 240 2983 326 72
leaf_count=47 78 40 141 80 54 40 67 173 54 678 54 108 133 50 114 115 42 347 45 2716 45 58 1144 159 89 50 240 2983 326 72
internal_value=1.09299e-10 -0.0842757 0.0013832 0.00545811 5.51082e-05 -0.00886633 -0.111955 -0.0064162 -0.0157186 0.0256235 0.0498216 -0.037412 0.00754762 0.0324508 -0.0805743 0.0475453 0.0366902 -0.0189514 -0.0503164 -0.000915558 -0.0264195 -0.0183123 -0.0289846 0.0722549 0.0957654 0.131933 0.172669 -0.0126119 0.0323947 -0.0679217
internal_weight=10342 167 10175 120 10097 4609 107 4502 3489 1013 732 281 5488 1392 164 1228 1113 434 392 4096 1380 1335 1202 679 520 379 290 3435 452 126
internal_count=10342 167 10175 120 10097 4609 107 4502 3489 1013 732 281 5488 1392 164 1228 1113 434 392 4096 1380 1335 1202 679 520 379 290 3435 452 126
is_linear=0
shrinkage=0.05


Tree=143
num_leaves=31
num_cat=0
split_feature=16 11 11 19 8 11 17 7 5 16 5 10 10 11 8 2 9 13 17 7 11 14 15 14 10 0 9 16 18 6
split_gain=474.771 3605.37 2325.51 615.778 732.758 566.322 542.715 403.375 451.143 388.004 359.493 333.455 328.591 581.554 409.034 408.406 314.244 327.152 286.652 1565.62 827.504 1171.78 677.931 577.751 392.814 349.905 297.426 353.187 786.884 622.056
threshold=342.42065476190481 300.34000000000009 303.74500000000006 398.80000000000007 1.0000000180025095e-35 373.03000000000003 45.159045628601568 0.98005052076767474 0.25881904510252057 343.47300595238102 -0.70710678118654757 330.64500000000004 340.09000000000009 327.17500000000007 1.0000000180025095e-35 3.5000000000000004 302.92500000000007 13.021684273779085 26.885045155687585 -0.99761278905001471 324.41500000000002 311.97500000000008 421.77500000000003 332.46000000000009 363.68000000000006 12.500000000000002 352.89500000000004 373.54505952380958 322.94000000000005 0.78325454425165997
decision_type=2 2 2 2 2 2 2 2 2 2 2 2 2 2 2 2 2 2 2 2 2 2 2 2 2 2 2 2 2 2
left_child=2 -2 -1 4 16 12 7 9 -9 11 -6 -3 13 15 -14 -5 -4 -18 20 -20 -11 -22 23 24 -23 -24 27 28 29 -21
right_child=1 6 3 5 10 -7 -8 8 -10 18 -12 -13 14 -15 -16 -17 17 -19 19 26 21 22 25 -25 -26 -27 -28 -29 -30 -31
leaf_value=0.37600866793952092 -0.3804879927327709 0.20145650236601279 0.15193824216368654 0.1217363362903135 -0.04037488231990944 0.22632136111128698 -0.16864924316760155 -0.010436315082811884 -0.23029257725924254 -0.18266254500826684 -0.18132415706912677 0.033067007275412279 0.051362943144022732 0.23092388642184877 -0.12809611613489688 -0.068381945682423451 -0.10262575698526283 0.027300810314074803 -0.28737791045568883 0.0072621624684156951 0.25861684533456963 0.067665536231873311 0.00066361560353210992 0.18500596309701603 -0.057189286749889247 -0.17193391081961718 0.12310183917482694 -0.026252731251897799 0.072212258928811932 -0.02828154449416817
leaf_weight=47 63 42 42 57 114 49 48 56 40 41 75 98 87 51 50 56 57 323 48 5057 60 191 63 72 94 55 48 1247 384 1627
leaf_count=47 63 42 42 57 114 49 48 56 40 41 75 98 87 51 50 56 57 323 48 5057 60 191 63 72 94 55 48 1247 384 1627
internal_value=-2.20152e-10 -0.00352051 0.0325997 0.0158044 -0.014488 0.0686863 -0.000958876 -8.61511e-05 -0.102043 0.000986257 -0.0963071 0.0835839 0.0430248 0.0907726 -0.0141331 0.0275184 0.0221562 0.00781183 -0.000300453 -0.00263729 0.033823 0.0504135 0.0241141 0.0584559 0.0264853 -0.0797844 -0.001003 -0.00171942 0.00260897 -0.00138978
internal_weight=10342 9334 1008 961 611 350 9271 9223 96 9127 189 140 301 164 137 113 422 380 8987 8411 576 535 475 357 285 118 8363 8315 7068 6684
internal_count=10342 9334 1008 961 611 350 9271 9223 96 9127 189 140 301 164 137 113 422 380 8987 8411 576 535 475 357 285 118 8363 8315 7068 6684
is_linear=0
shrinkage=0.05


Tree=144
num_leaves=31
num_cat=0
split_feature=13 11 11 2 9 9 13 6 0 15 11 18 2 4 6 12 12 17 17 11 17 15 7 12 10 16 6 2 16 16
split_gain=456.142 852.775 648.031 428.9 257.084 947.098 717.367 950.88 1262.52 1354.12 836.189 1010.8 677.361 598.074 399.097 398.306 1538.18 1382.14 748.646 683.192 1232.83 996.909 795.818 605.413 773.212 509.796 469.529 381.57 757.702 655.753
threshold=10.322301615318512 300.34000000000009 321.06500000000005 1.0000000180025095e-35 308.23000000000008 308.07500000000005 36.483081998331606 1.0000000180025095e-35 4.5000000000000009 349.22000000000008 318.12500000000006 304.34000000000009 3.5000000000000004 0.60355339059327384 -0.091260668982868165 343.02125000000007 343.80437500000005 45.46741229618474 36.841692048912869 350.07000000000005 32.428356060710634 356.28000000000003 0.94909129669788206 332.21791666666672 338.16500000000008 356.65821428571434 0.61237135649459018 4.5000000000000009 352.85199404761909 352.18330357142861
decision_type=2 2 2 2 2 2 2 2 2 2 2 2 2 2 2 2 2 2 2 2 2 2 2 2 2 2 2 2 2 2
left_child=2 -2 -1 -4 5 6 7 10 9 -9 -3 13 -10 14 -12 18 -17 27 19 -6 22 -22 -21 24 25 -20 -26 29 -29 -18
right_child=1 4 3 -5 15 -7 -8 8 12 -11 11 -13 -14 -15 -16 16 17 -19 23 20 21 -23 -24 -25 26 -27 -28 28 -30 -31
leaf_value=0.24101922896114136 -0.17103039734946512 0.063510993343911012 0.0027372949749919205 0.15983688433496457 0.024139324737514428 -0.25370839820351709 0.13800233828498878 -0.0083555463210309624 0.10602489285289823 -0.36744151999492475 0.038658964093774562 -0.2839839580142266 -0.011549321490551384 -0.20719809863587907 -0.13929455758112927 -0.28445212041648726 0.038030867162280414 -0.26794510081720851 0.13489602936529799 0.18357125216738343 -0.35150993178810991 -0.032630809257889908 -0.10163286044901493 0.10797097201357247 0.0019818020831626742 1.0748644283897168e-05 -0.19515266974541276 -0.083718329395300578 -0.002955466459622498 -0.0019535593401583452
leaf_weight=42 74 70 241 53 371 43 72 73 245 41 100 77 245 58 46 48 1360 48 133 47 57 43 51 352 67 148 55 357 1557 4168
leaf_count=42 74 70 241 53 371 43 72 73 245 41 100 77 245 58 46 48 1360 48 133 47 57 43 51 352 67 148 55 357 1557 4168
internal_value=7.81382e-11 -0.00192423 0.0573031 0.031058 -0.000664277 -0.0238149 -0.0141894 -0.0256635 0.01237 -0.137501 -0.0911115 -0.12963 0.0472378 -0.0713683 -0.0174086 0.00213094 -0.00231157 -0.000503461 0.0274237 -0.0158856 -0.0908819 -0.214392 0.0351487 0.0600635 0.0182187 0.0638532 -0.0868903 0.0012215 -0.0180194 0.00788342
internal_weight=10342 10006 336 294 9932 1070 1027 955 604 114 351 281 490 204 146 8862 7538 7490 1324 569 198 100 98 755 403 281 122 7442 1914 5528
internal_count=10342 10006 336 294 9932 1070 1027 955 604 114 351 281 490 204 146 8862 7538 7490 1324 569 198 100 98 755 403 281 122 7442 1914 5528
is_linear=0
shrinkage=0.05


Tree=145
num_leaves=31
num_cat=0
split_feature=16 11 11 19 8 11 17 7 5 16 17 0 18 16 14 10 7 6 10 15 11 11 2 9 0 12 7 19 9 11
split_gain=446.941 3145.61 2167.88 531.801 661.392 515.516 478.28 363.039 410.583 340.87 742.74 631.716 930.617 600.97 532.891 485.83 458.73 1321.21 1151.76 3216.59 1171.48 1005.22 676.462 667.996 1155.33 789.311 638.164 1275.18 811.116 1595.14
threshold=342.42065476190481 300.34000000000009 303.74500000000006 398.80000000000007 1.0000000180025095e-35 373.03000000000003 45.159045628601568 0.98005052076767474 0.25881904510252057 344.77922619047627 40.170942150120801 11.500000000000002 228.29500000000004 344.01889880952382 304.27000000000004 347.88000000000005 0.77108682076304769 -0.46801505794253101 422.73000000000008 433.5750000000001 389.59000000000009 363.46000000000009 1.0000000180025095e-35 320.01500000000004 21.500000000000004 381.73750000000001 0.5969655492110445 432.60000000000008 307.05500000000001 339.99000000000007
decision_type=2 2 2 2 2 2 2 2 2 2 2 2 2 2 2 2 2 2 2 2 2 2 2 2 2 2 2 2 2 2
left_child=2 -2 -1 4 -4 -5 7 9 -9 10 11 12 -3 -13 -14 -12 26 21 20 -20 23 -18 -22 24 -19 -25 28 -28 29 -11
right_child=1 6 3 5 -6 -7 -8 8 -10 16 15 13 14 -15 -16 -17 17 18 19 -21 22 -23 -24 25 -26 -27 27 -29 -30 -31
leaf_value=0.36319619486940669 -0.35552824726180426 0.121370133947905 0.022076595164984419 0.040074236553620267 -0.090470188134719465 0.21495577442787628 -0.15844429028220475 -0.0095369262687329745 -0.21927729126065973 0.03522580185354772 0.046849581835473462 0.07750129387943272 -0.22141447767536057 0.26834787866100668 0.015439944108948112 -0.18143942124313781 -0.037269889108710368 -0.037288567086678361 -0.50376990784046261 0.066894025925611111 -0.055419691545622686 -0.3267379763185001 0.13003517597285932 0.041605758450732791 -0.26826972727974258 -0.097459888021694502 0.14259895124715291 0.0089352152766380664 0.0014031208105862883 -0.27532606572987367
leaf_weight=47 63 92 422 301 189 49 48 56 40 88 41 132 47 60 48 54 59 554 43 58 63 61 224 503 60 128 238 713 5783 78
leaf_count=47 63 92 422 301 189 49 48 56 40 88 41 132 47 60 48 54 59 554 43 58 63 61 224 503 60 128 238 713 5783 78
internal_value=-3.93135e-13 -0.00341578 0.0316298 0.0154138 -0.0127374 0.0645577 -0.00102304 -0.000203757 -0.0969287 0.00081362 0.0420988 0.0734347 0.00802508 0.137141 -0.101741 -0.0829147 -0.00144793 -0.0242881 -0.0125211 -0.176062 -0.00173941 -0.184416 0.0893256 -0.0227319 -0.05986 0.0133959 0.00435479 0.0423863 -0.00172488 -0.110696
internal_weight=10342 9334 1008 961 611 350 9271 9223 96 9127 474 379 187 192 95 95 8653 1753 1633 101 1532 120 287 1245 614 631 6900 951 5949 166
internal_count=10342 9334 1008 961 611 350 9271 9223 96 9127 474 379 187 192 95 95 8653 1753 1633 101 1532 120 287 1245 614 631 6900 951 5949 166
is_linear=0
shrinkage=0.05


Tree=146
num_leaves=31
num_cat=0
split_feature=18 11 11 15 13 10 17 12 6 5 10 7 9 12 6 9 2 11 8 0 9 7 0 17 5 13 19 9 19 18
split_gain=457.304 9418.83 7001.73 1156.38 913.434 939.312 640.085 526.769 373.639 363.397 774.735 470.049 773.796 446.18 903.454 430.709 448.445 818.611 1346.78 1037.17 864.828 1247.84 1217.73 720.695 717.807 662.289 652.727 1220.86 3572.69 1209.52
threshold=159.84000000000003 308.45500000000004 300.34000000000009 394.67500000000007 39.552887350455784 403.97000000000008 46.354287850065255 353.75500000000011 0.58481550752069722 0.60355339059327384 316.14000000000004 -0.84313311835787952 330.94500000000005 321.94625000000002 0.15101559051660998 298.98500000000007 4.5000000000000009 343.98500000000007 1.0000000180025095e-35 6.5000000000000009 313.27000000000004 0.9980355542543059 10.500000000000002 30.415277880550878 -0.70710678118654757 33.564592187906605 428.49500000000006 334.65000000000003 426.50500000000005 302.09000000000009
decision_type=2 2 2 2 2 2 2 2 2 2 2 2 2 2 2 2 2 2 2 2 2 2 2 2 2 2 2 2 2 2
left_child=1 -1 -2 6 5 -5 -3 -6 -8 10 -4 12 -11 14 -12 -15 17 18 19 25 21 22 -19 -24 -20 -17 27 28 -22 -29
right_child=2 3 9 4 7 -7 8 -9 -10 11 13 -13 -14 15 -16 16 -18 20 24 -21 26 -23 23 -25 -26 -27 -28 29 -30 -31
leaf_value=-0.78344742298126224 0.54212220211823781 0.064992792462897478 0.14194035850322018 -0.071864746475832603 -0.10248994231224061 -0.31632151090436511 -0.18573266539809319 0.095212315398213621 0.017204543855041266 0.17816385564663889 -0.25678008602818053 -0.024390389714174343 0.00063061635031840739 -0.14112762525981787 -0.0010474349348208844 0.15750997857753482 -0.013340414067448837 -0.027945281411392978 0.043060360671508882 0.2793937602940994 -0.037781058527926681 -0.15575522401928901 0.34895484631365919 0.13116020693613048 -0.24926337234321094 0.010560171620931194 0.01255565832642826 0.20014037502448212 -0.45944167211917897 -0.028554249496170969
leaf_weight=40 60 523 104 310 47 45 43 119 48 76 49 2229 319 49 117 139 1795 109 42 79 488 50 47 198 42 171 2694 89 56 165
leaf_count=40 60 523 104 310 47 45 43 119 48 76 49 2229 319 49 117 139 1795 109 42 79 488 50 47 198 42 171 2694 89 56 165
internal_value=-3.59384e-11 -0.0293674 0.00376423 -0.00279186 -0.0575802 -0.102852 0.043698 0.0392364 -0.0786889 0.000217341 0.00657163 -0.0154819 0.0347889 0.00436465 -0.0765348 0.00652613 0.00769989 0.0163443 0.0784593 0.117665 0.00880311 0.0780614 0.111086 0.172941 -0.103102 0.0764506 0.000790405 -0.0389284 -0.0811873 0.0515789
internal_weight=10342 1175 9167 1135 521 355 614 166 91 9107 6483 2624 395 6379 166 6213 6164 4369 473 389 3896 404 354 245 84 310 3492 798 544 254
internal_count=10342 1175 9167 1135 521 355 614 166 91 9107 6483 2624 395 6379 166 6213 6164 4369 473 389 3896 404 354 245 84 310 3492 798 544 254
is_linear=0
shrinkage=0.05


Tree=147
num_leaves=31
num_cat=0
split_feature=18 6 11 5 11 19 5 8 11 5 2 11 15 9 15 6 12 11 10 10 19 16 19 11 4 16 16 2 7 14
split_gain=439.864 1365.47 982.538 281.163 511.314 842.531 1005.51 572.963 938.841 699.735 1019.95 945.04 676.362 1024.86 532.513 527.033 582.77 619.049 663.61 770.646 511.006 953.599 445.257 427.857 420.555 464.666 522.347 406.263 400.253 389.665
threshold=77.640000000000015 0.63920241694561786 300.34000000000009 -0.70710678118654757 369.18500000000006 427.84000000000003 0.1294095225512602 1.0000000180025095e-35 354.85500000000008 1.0000000180025095e-35 4.5000000000000009 343.71000000000009 410.45000000000005 310.25500000000005 414.34000000000009 0.78325454425165997 344.15020833333341 341.35500000000008 306.28500000000003 322.79500000000002 441.13500000000005 362.94348214285719 471.64500000000004 324.41500000000002 -0.98296291314453399 374.11348214285721 375.71041666666673 5.5000000000000009 -0.99761278905001471 307.97000000000008
decision_type=2 2 2 2 2 2 2 2 2 2 2 2 2 2 2 2 2 2 2 2 2 2 2 2 2 2 2 2 2 2
left_child=1 -1 -2 22 7 6 -6 9 -9 10 11 -5 13 15 -14 16 17 18 -11 -20 29 -22 -4 -18 -23 -26 -27 -21 -15 -7
right_child=2 -3 3 4 5 20 -8 8 -10 12 -12 -13 14 28 -16 -17 23 -19 19 27 21 24 -24 -25 25 26 -28 -29 -30 -31
leaf_value=-0.30894086766750256 0.17809827566051331 0.0089881270181285805 0.01163530263742156 0.30207599970865351 -0.054717424177848133 0.10677132137767648 -0.26024563154333258 -0.19335691666364979 0.0076003973263091057 -0.086941465406146445 0.010390307556842502 0.07726991231653732 -0.11817787953962883 0.18288452809953945 -0.015799111155680289 -0.15813130895411107 -0.25689434682859519 -0.15226956766919564 0.098757531523863365 0.033663330757473076 -0.2718804356528492 0.074646573180847983 0.17579736120200584 -0.028470013944841013 -0.013569555755021473 -0.23036584323942977 -0.043786935871738257 -0.16311907435164733 0.034728923656399936 0.0048651948444955124
leaf_weight=47 78 120 2497 58 322 115 73 97 145 112 693 241 135 47 2147 76 41 59 258 54 41 94 42 41 471 59 103 51 1516 509
leaf_count=47 78 120 2497 58 322 115 73 97 145 112 693 241 135 47 2147 76 41 59 258 54 41 94 42 41 471 59 103 51 1516 509
internal_value=6.51122e-12 -0.0804889 0.00132105 -4.45697e-05 -0.00488051 -0.0282513 -0.0927011 0.0023563 -0.0729486 0.00565234 0.0436925 0.120878 -0.00266501 0.0167555 -0.0218557 -0.0339033 -0.0185765 0.000480977 0.0194542 0.0522815 -0.00996274 -0.0372698 0.0143509 -0.142682 -0.0240387 -0.0386934 -0.111739 -0.0619167 0.039184 0.023646
internal_weight=10342 167 10175 10097 7558 1787 395 5771 242 5529 992 299 4537 2255 2282 692 616 534 475 363 1392 768 2539 82 727 633 162 105 1563 624
internal_count=10342 167 10175 10097 7558 1787 395 5771 242 5529 992 299 4537 2255 2282 692 616 534 475 363 1392 768 2539 82 727 633 162 105 1563 624
is_linear=0
shrinkage=0.05


Tree=148
num_leaves=31
num_cat=0
split_feature=4 11 11 10 12 4 6 15 19 17 2 19 13 13 7 7 7 6 5 18 15 14 11 17 11 17 16 11 15 11
split_gain=417.514 5092.48 4032.75 518.426 476.284 1742.33 733.714 668.386 501.724 359.804 597.31 573.201 1100.88 859.243 2243.5 741.556 834.259 745.947 704.873 692.842 1478.69 654.947 580.771 883.95 621.838 1208.69 569.301 753.655 759.301 711.992
threshold=0.37940952255126054 300.34000000000009 300.34000000000009 406.49500000000006 322.31208333333342 1.0000000180025095e-35 0.38243310158943505 341.97000000000008 424.87000000000006 26.018330773267571 1.0000000180025095e-35 425.11500000000007 51.563402494586406 42.659814409184754 0.83258597624099873 0.83730377313544024 0.77108682076304769 -0.55657520495441892 -0.78656609248549325 304.82500000000005 397.85000000000008 313.56000000000006 324.00500000000005 43.955569731031112 329.05500000000006 37.145851761049407 352.57508928571434 335.58000000000004 422.08500000000009 333.72000000000008
decision_type=2 2 2 2 2 2 2 2 2 2 2 2 2 2 2 2 2 2 2 2 2 2 2 2 2 2 2 2 2 2
left_child=2 -2 -1 -3 5 6 8 -6 -4 10 -9 19 13 15 18 16 22 -18 -15 -11 -21 -22 -13 24 25 -24 27 -17 -29 -28
right_child=1 3 4 -5 7 -7 -8 9 -10 11 -12 12 -14 14 -16 26 17 -19 -20 20 21 -23 23 -25 -26 -27 29 28 -30 -31
leaf_value=0.49613074303737714 -0.57421640545129782 -0.0033258028003979416 0.016938385894705713 -0.096101277962232098 0.13307679682934226 -0.33026617832329808 0.11769898867734321 0.19772893007068584 -0.17945797545214495 -0.0096211000617504837 0.02491259478715559 0.081252941562866818 0.22346516959369184 0.11242217299479403 -0.39787650099231137 0.0084857671462659611 -0.21466555733978751 -0.024488985476958935 -0.065506645154136303 -0.31874753328505906 0.10275134046562016 -0.099570706219722832 -0.26610255193091553 -0.22157236575370742 0.0148032479699519 0.02262136192665376 0.16412460869853049 0.32657808035612113 0.092364650675271817 -0.020471651674096668
leaf_weight=42 40 3681 71 157 104 49 82 60 60 1050 300 282 60 76 45 79 75 165 208 60 60 120 59 42 2798 94 69 65 74 215
leaf_count=42 40 3681 71 157 104 49 82 60 60 1050 300 282 60 76 45 79 75 165 208 60 60 120 59 42 2798 94 69 65 74 215
internal_value=-3.25859e-11 -0.0129703 0.00778138 -0.00712094 0.00458757 -0.0614373 0.000405934 0.00739577 -0.0730141 0.00523744 0.0537153 0.00217353 0.010756 0.00781936 -0.0698655 0.0141819 0.00606331 -0.0839192 -0.0178919 -0.0271399 -0.103784 -0.03213 0.0126574 0.00619439 0.00943607 -0.0887166 0.0710281 0.131802 0.201889 0.0243774
internal_weight=10342 3878 6464 3838 6422 262 213 6160 131 6056 360 5696 4406 4346 329 4017 3515 240 284 1290 240 180 3275 2993 2951 153 502 218 139 284
internal_count=10342 3878 6464 3838 6422 262 213 6160 131 6056 360 5696 4406 4346 329 4017 3515 240 284 1290 240 180 3275 2993 2951 153 502 218 139 284
is_linear=0
shrinkage=0.05


Tree=149
num_leaves=31
num_cat=0
split_feature=18 11 11 15 13 10 17 12 11 6 17 13 10 10 9 17 17 6 17 7 2 11 10 6 10 16 14 7 14 9
split_gain=397.156 8521.93 6085.02 1055.89 807.098 845.753 592.599 501.145 346.289 365.07 377.007 440.138 337.262 335.316 900.374 785.84 678.885 333.439 303.233 1487.54 611.198 751.774 545.184 710.281 418.87 407.426 632.029 370.117 569.608 362.553
threshold=159.84000000000003 308.45500000000004 300.34000000000009 394.67500000000007 39.552887350455784 403.97000000000008 46.354287850065255 353.75500000000011 307.86500000000007 0.42179998225932674 28.874532703509917 14.654842499119573 309.06500000000005 327.49000000000007 312.25500000000005 39.942926457747369 40.592202821373668 0.58481550752069722 26.885045155687585 -0.99273797715557011 1.0000000180025095e-35 352.04500000000007 312.88500000000005 -0.03977009085991149 338.48500000000007 335.96485119047628 311.97500000000008 -0.96687281075841669 168.59000000000003 298.98500000000007
decision_type=2 2 2 2 2 2 2 2 2 2 2 2 2 2 2 2 2 2 2 2 2 2 2 2 2 2 2 2 2 2
left_child=1 -1 -2 6 5 -5 13 -6 9 10 12 -12 -4 15 -15 -3 -16 -8 20 -20 21 -10 -22 -24 -25 -26 -27 -21 -29 -30
right_child=2 3 8 4 7 -7 17 -9 18 -11 11 -13 -14 14 16 -17 -18 -19 19 27 22 -23 23 24 25 26 -28 28 29 -31
leaf_value=-0.7446468101441861 0.50538744827111559 0.30124972763160868 -0.19763820782642474 -0.067594754618682681 -0.10167260756517978 -0.29955776927371819 -0.17654673528619286 0.091161338650785836 0.007725739135191991 -0.15072175696083945 0.14571892655311297 -0.046322039860699861 0.0029647291451692583 -0.089304373344627791 0.044582362138717954 0.046274985567383145 0.23387066967785361 0.015163034883638224 -0.22741051009959645 0.062032603845242798 -0.16734738582745196 0.24640054681630277 0.21464406194165353 0.072699383181081254 -0.10276071642024012 0.15223872390924953 -0.019884373469394631 0.17249745381005266 -0.12060726608615369 -0.0010960937198788536
leaf_weight=40 60 45 44 310 47 45 43 119 65 73 52 70 40 101 225 92 60 48 72 240 40 67 45 189 104 64 320 47 64 7511
leaf_count=40 60 45 44 310 47 45 43 119 65 73 52 70 40 101 225 92 60 48 72 240 40 67 45 189 104 64 320 47 64 7511
internal_value=-3.87363e-11 -0.027368 0.00350795 -0.00208943 -0.0544432 -0.0969985 0.0423345 0.0365638 0.000201398 -0.0546428 -0.0205954 0.0355315 -0.102113 0.0628242 0.0389729 0.130026 0.0844325 -0.0754251 0.00193469 -0.00117595 0.0295408 0.128871 0.0123339 0.0222885 0.00950273 -0.014973 0.00880281 0.000895902 -0.00102916 -0.00210583
internal_weight=10342 1175 9167 1135 521 355 614 166 9107 279 206 122 84 523 386 137 285 91 8828 7934 894 132 762 722 677 488 384 7862 7622 7575
internal_count=10342 1175 9167 1135 521 355 614 166 9107 279 206 122 84 523 386 137 285 91 8828 7934 894 132 762 722 677 488 384 7862 7622 7575
is_linear=0
shrinkage=0.05


end of trees

feature_importances:
last=550
lag168=478
std24=400
doy_cos=317
doy_sin=296
weekday=295
lag24=295
std168=294
mean168=221
hour=202
max24=198
mean24=180
min24=165
min168=165
hour_cos=150
max168=139
hour_sin=85
workhour=70

parameters:
[boosting: gbdt]
[objective: regression]
[metric: l2]
[tree_learner: serial]
[device_type: cpu]
[data_sample_strategy: bagging]
[data: ]
[valid: ]
[num_iterations: 150]
[learning_rate: 0.05]
[num_leaves: 31]
[num_threads: 2]
[seed: 20261006]
[deterministic: 1]
[force_col_wise: 1]
[force_row_wise: 0]
[histogram_pool_size: -1]
[max_depth: -1]
[min_data_in_leaf: 40]
[min_sum_hessian_in_leaf: 0.001]
[bagging_fraction: 1]
[pos_bagging_fraction: 1]
[neg_bagging_fraction: 1]
[bagging_freq: 0]
[bagging_seed: 27463]
[bagging_by_query: 0]
[feature_fraction: 1]
[feature_fraction_bynode: 1]
[feature_fraction_seed: 885]
[extra_trees: 0]
[extra_seed: 17743]
[early_stopping_round: 0]
[early_stopping_min_delta: 0]
[first_metric_only: 0]
[max_delta_step: 0]
[lambda_l1: 0]
[lambda_l2: 0]
[linear_lambda: 0]
[min_gain_to_split: 0]
[drop_rate: 0.1]
[max_drop: 50]
[skip_drop: 0.5]
[xgboost_dart_mode: 0]
[uniform_drop: 0]
[drop_seed: 19011]
[top_rate: 0.2]
[other_rate: 0.1]
[min_data_per_group: 100]
[max_cat_threshold: 32]
[cat_l2: 10]
[cat_smooth: 10]
[max_cat_to_onehot: 4]
[top_k: 20]
[monotone_constraints: ]
[monotone_constraints_method: basic]
[monotone_penalty: 0]
[feature_contri: ]
[forcedsplits_filename: ]
[refit_decay_rate: 0.9]
[cegb_tradeoff: 1]
[cegb_penalty_split: 0]
[cegb_penalty_feature_lazy: ]
[cegb_penalty_feature_coupled: ]
[path_smooth: 0]
[interaction_constraints: ]
[verbosity: -1]
[saved_feature_importance_type: 0]
[use_quantized_grad: 0]
[num_grad_quant_bins: 4]
[quant_train_renew_leaf: 0]
[stochastic_rounding: 1]
[linear_tree: 0]
[max_bin: 255]
[max_bin_by_feature: ]
[min_data_in_bin: 3]
[bin_construct_sample_cnt: 200000]
[data_random_seed: 5366]
[is_enable_sparse: 1]
[enable_bundle: 1]
[use_missing: 1]
[zero_as_missing: 0]
[feature_pre_filter: 1]
[pre_partition: 0]
[two_round: 0]
[header: 0]
[label_column: ]
[weight_column: ]
[group_column: ]
[ignore_column: ]
[categorical_feature: ]
[forcedbins_filename: ]
[precise_float_parser: 0]
[parser_config_file: ]
[objective_seed: 8607]
[num_class: 1]
[is_unbalance: 0]
[scale_pos_weight: 1]
[sigmoid: 1]
[boost_from_average: 1]
[reg_sqrt: 0]
[alpha: 0.9]
[fair_c: 1]
[poisson_max_delta_step: 0.7]
[tweedie_variance_power: 1.5]
[lambdarank_truncation_level: 30]
[lambdarank_norm: 1]
[label_gain: ]
[lambdarank_position_bias_regularization: 0]
[eval_at: ]
[multi_error_top_k: 1]
[auc_mu_weights: ]
[num_machines: 1]
[local_listen_port: 12400]
[time_out: 120]
[machine_list_filename: ]
[machines: ]
[gpu_platform_id: -1]
[gpu_device_id: -1]
[gpu_device_id_list: ]
[gpu_use_dp: 0]
[num_gpu: 1]

end of parameters

pandas_categorical:[]
