tree
version=v4
num_class=1
num_tree_per_iteration=1
label_index=0
max_feature_idx=27
objective=regression
feature_names=hour lead weekday weekend hour_sin hour_cos doy_sin doy_cos workhour last lag24 lag168 mean24 std24 min24 max24 mean168 std168 min168 max168 missing24 missing168 temp_last temp_mean24 temp_mean168 temp_delta24 interaction_temp_work interaction_temp_sin
feature_infos=[0:23] [1:24] [0:6] [0:1] [-1:1] [-1:1] [-0.9999994220246925:0.99998555065071859] [-0.99997919295908233:0.9999907524084426] [0:1] [237.88:357.02999999999997] [76.930000000000007:473.66000000000003] [78.349999999999994:473.66000000000003] [304.41750000000002:398.59916666666669] [6.0798824544330028:104.54317562017138] [76.930000000000007:350.06] [321.62:473.66000000000003] [329.62386904761905:379.58279761904765] [19.189054105021345:48.583651475567422] [76.930000000000007:336.05000000000001] [377.11000000000001:473.66000000000003] [0:0.041666666666666664] [0:0.0059523809523809521] [6.7000000000000002:38.899999999999999] [8.0083333333333346:39.958333333333336] [10.133928571428571:38.198214285714286] [-10:6.1000000000000014] [0:39.958333333333336] [-39.958333333333336:39.958333333333336]
tree_sizes=2673 2721 2739 2726 2736 2737 2739 2752 2757 2736 2733 2753 2755 2769 2753 2763 2766 2764 2749 2781 2762 2758 2762 2780 2783 2764 2745 2794 2799 2793 2805 2779 2790 2795 2783 2785 2784 2778 2758 2789 2798 2785 2790 2765 2786 2799 2782 2794 2781 2780 2801 2796 2771 2784 2793 2774 2792 2776 2784 2792 2777 2811 2801 2819 2793 2794 2808 2796 2819 2794 2797 2824 2813 2793 2826 2814 2795 2806 2787 2804 2810 2816 2807 2822 2817 2820 2783 2820 2815 2823 2832 2812 2809 2805 2830 2833 2804 2809 2817 2829 2829 2815 2797 2812 2844 2792 2804 2833 2822 2825 2822 2805 2827 2811 2850 2821 2828 2858 2824 2836 2841 2828 2839 2796 2817 2829 2817 2851 2824 2818 2837 2797 2849 2834 2818 2850 2839 2826 2807 2833 2819 2832 2806 2797 2819 2835 2834 2810 2818 2809

Tree=0
num_leaves=31
num_cat=0
split_feature=11 11 11 10 26 11 8 10 10 11 2 27 10 19 11 11 9 19 10 10 11 0 10 18 12 10 13 16 9 10
split_gain=8.25287e+06 1.20955e+06 960631 255266 235714 180099 160434 147015 145210 69048.6 64904.8 61667 53015 52608.9 47131 42643.1 39694.4 36700.5 34281.7 32385.8 31771.4 25089.4 22385 19578.6 25192 18645.4 18032.8 17196.5 16465.3 14662.8
threshold=368.38000000000005 334.29500000000007 401.44000000000005 328.15000000000003 9.533333333333335 351.23500000000007 1.0000000180025095e-35 409.87500000000006 390.25500000000005 300.34000000000009 4.5000000000000009 8.2311735392867824 346.17000000000007 428.67500000000007 380.53500000000003 415.84500000000008 318.09000000000009 402.32500000000005 423.34500000000008 361.98500000000007 420.96500000000009 3.5000000000000004 431.66500000000002 300.48000000000008 360.37791666666675 376.78000000000003 10.386330250546999 368.37294642857142 310.90000000000003 403.97000000000008
decision_type=2 2 2 2 2 2 2 2 2 2 2 2 2 2 2 2 2 2 2 2 2 2 2 2 2 2 2 2 2 2
left_child=1 3 8 9 5 12 -5 13 14 -1 18 17 -3 23 25 -9 21 -6 29 -7 -15 -11 -17 -4 -25 -2 -16 -22 -14 -10
right_child=2 4 7 6 11 19 -8 15 10 16 -12 -13 28 20 26 22 -18 -19 -20 -21 27 -23 -24 24 -26 -27 -28 -29 -30 -31
leaf_value=355.56298405486336 359.82305949746183 358.34008034301695 361.54969909300399 358.05997776645643 360.14262733762973 359.08088378646295 361.0676971091541 362.05513023826853 361.03644542437183 356.84516226652426 359.92340914342287 359.65145942998737 358.20193406950756 361.64229484494501 361.50720755889739 362.58953188511509 357.60044421328297 361.77374496697342 362.57856052672747 359.56667865719862 361.90721834289496 357.35159184241797 363.17181577945411 360.02728408619544 361.498054877897 360.41072762846773 360.50798710204566 362.80279842603443 358.91152229835546 361.60768278254443
leaf_weight=60 492 1091 100 1226 59 702 46 260 265 503 84 154 90 347 49 449 629 83 57 671 95 476 261 74 48 186 575 123 892 195
leaf_count=60 492 1091 100 1226 59 702 46 260 265 503 84 154 90 347 49 449 629 83 57 671 95 476 261 74 48 186 575 123 892 195
internal_value=359.44 358.394 361.348 357.635 358.99 358.874 358.169 362.191 360.57 357.228 361.212 360.344 358.58 361.683 360.273 362.603 357.291 361.096 361.422 359.318 361.939 357.091 362.804 361.031 360.606 359.984 360.586 362.413 358.846 361.279
internal_weight=10342 6682 3660 2940 3742 3446 1272 1757 1903 1668 601 296 2073 787 1302 970 1608 142 517 1373 565 979 710 222 122 678 624 218 982 460
internal_count=10342 6682 3660 2940 3742 3446 1272 1757 1903 1668 601 296 2073 787 1302 970 1608 142 517 1373 565 979 710 222 122 678 624 218 982 460
is_linear=0
shrinkage=1


Tree=1
num_leaves=31
num_cat=0
split_feature=11 11 11 10 26 11 8 10 10 11 2 27 16 11 10 11 10 9 19 10 11 0 17 12 10 9 13 9 24 9
split_gain=7.44821e+06 1.09214e+06 866970 226225 215849 167549 143368 132681 131166 61910.2 58678.3 55970.2 48078.5 44787.4 39883 39011.8 38825.5 36254 32409.1 27714.1 26553.5 21483.9 20826 19439.7 19025.8 15676 15531.9 14817.5 14149.4 13938.5
threshold=368.38000000000005 334.00500000000005 401.44000000000005 328.15000000000003 9.533333333333335 348.64500000000004 1.0000000180025095e-35 409.87500000000006 392.93500000000006 300.34000000000009 4.5000000000000009 6.1307761308659643 367.77556547619054 380.53500000000003 359.59000000000009 420.96500000000009 346.17000000000007 317.82000000000005 402.32500000000005 423.34500000000008 420.96500000000009 3.5000000000000004 35.495554529497745 360.37791666666675 376.78000000000003 333.83500000000009 10.386330250546999 321.17500000000007 17.553273809523812 325.69000000000005
decision_type=2 2 2 2 2 2 2 2 2 2 2 2 2 2 2 2 2 2 2 2 2 2 2 2 2 2 2 2 2 2
left_child=1 3 8 9 5 16 29 12 13 -1 19 18 22 24 -7 27 -3 21 -6 -10 -14 -11 23 28 -2 -16 -15 -9 -4 -5
right_child=2 4 7 6 11 14 -8 15 10 17 -12 -13 20 26 25 -17 -18 -19 -20 -21 -22 -23 -24 -25 -26 -27 -28 -29 -30 -31
leaf_value=-3.6826992257435998 0.36437244553467246 -1.0770949865476642 1.4919403429058464 -1.4797564922341861 0.70269884860740517 -0.42750473972013725 1.5571817813979256 2.0758654013923978 1.8041949747809705 -2.4696419355604387 0.47508909483499173 0.26308754336022772 2.2364589609418597 1.9643131197715293 -0.12655275710027927 3.2766030399288448 -0.61414188882106635 -1.7531316912042607 2.3179500935872399 2.9820983819794238 3.1951243811506567 -1.9968686943901686 2.038303020388581 2.0432069987581492 0.93285598496950817 0.30966070169796711 1.0392261052484431 2.7963783636033162 0.22391750595786353 -1.1382291589135236
leaf_weight=60 492 1024 44 629 53 813 45 92 403 495 79 169 175 49 471 560 812 634 75 57 123 467 344 57 210 366 613 318 44 569
leaf_count=60 492 1024 44 629 53 813 45 92 403 495 79 169 175 49 471 560 812 634 75 57 123 467 344 57 210 366 613 318 44 569
internal_value=2.39127e-10 -0.993073 1.81304 -1.72329 -0.433494 -0.543735 -1.21347 2.61391 1.0736 -2.10595 1.73396 0.860441 2.13153 0.81266 -0.17808 3.00528 -0.872347 -2.04668 1.64914 1.95015 2.63215 -2.24014 1.82646 1.32387 0.534432 0.0641929 1.1077 2.6347 0.857929 -1.31755
internal_weight=10342 6682 3660 2899 3783 3486 1243 1757 1903 1656 539 297 787 1364 1650 970 1836 1596 128 460 298 962 489 145 702 837 662 410 88 1198
internal_count=10342 6682 3660 2899 3783 3486 1243 1757 1903 1656 539 297 787 1364 1650 970 1836 1596 128 460 298 962 489 145 702 837 662 410 88 1198
is_linear=0
shrinkage=0.05


Tree=2
num_leaves=31
num_cat=0
split_feature=11 11 11 10 26 11 8 10 10 11 27 19 10 2 10 10 10 11 19 11 10 11 18 12 10 9 11 2 16 9
split_gain=6.72391e+06 1.081e+06 668098 219825 211259 163881 138350 119745 106579 56510.2 55999.6 44140.6 41763.3 37037.1 36880.7 34344.9 32377.5 29351.8 26934.6 26618.9 22285.8 20355.9 16591.8 21051 16340.4 14202.5 13950.4 13527.4 13286 13280.7
threshold=371.15500000000003 334.97500000000008 401.44000000000005 328.15000000000003 9.533333333333335 351.23500000000007 1.0000000180025095e-35 409.87500000000006 395.66000000000003 300.34000000000009 6.1307761308659643 428.67500000000007 346.17000000000007 4.5000000000000009 432.89500000000004 361.98500000000007 319.00500000000005 382.44500000000005 402.32500000000005 420.96500000000009 424.31500000000005 422.73000000000008 300.48000000000008 360.37791666666675 373.97500000000008 333.83500000000009 317.59500000000008 4.5000000000000009 368.90068452380962 313.24500000000006
decision_type=2 2 2 2 2 2 2 2 2 2 2 2 2 2 2 2 2 2 2 2 2 2 2 2 2 2 2 2 2 2
left_child=1 3 8 9 5 12 26 11 17 -1 18 22 -3 20 21 -7 29 24 -6 -13 -10 -9 -4 -24 -2 -14 -5 -17 -21 -11
right_child=2 4 7 6 10 15 -8 14 13 16 -12 19 25 -15 -16 27 -18 -19 -20 28 -22 -23 23 -25 -26 -27 -28 -29 -30 -31
leaf_value=-3.4985641638437905 0.38925505767216567 -0.98298438113469355 1.9050208826065065 -1.6679532909985655 0.82781108152121308 -0.31667649678351611 1.4742416683508426 2.4238453567181271 1.7700978233896454 -2.2734393878033643 0.30001541811148996 1.9876574941945695 -0.65789188412444077 0.5193158257890631 3.3578894287685181 0.39866571932296346 -1.6577870779770352 1.1040028781816982 2.2117988867637441 2.2987357837182505 2.8798421089465802 2.9640910763529287 0.50726313446019144 1.8517276922861736 0.89612716277097837 -0.24472906767020569 -1.1705025045113897 -0.023368597419043496 3.0794402131167327 -1.9025964750530033
leaf_weight=60 352 1040 100 161 64 746 49 389 348 566 208 347 645 54 265 334 636 603 78 108 52 316 74 48 290 307 1131 440 110 421
leaf_count=60 352 1040 100 161 64 746 49 389 348 566 208 347 645 54 265 334 636 603 78 108 52 316 74 48 290 307 1131 440 110 421
internal_value=3.3592e-10 -0.903196 1.7996 -1.61117 -0.348845 -0.465588 -1.13359 2.48322 1.09264 -1.9917 0.822581 2.02496 -0.763944 1.74843 2.85502 -0.0745845 -1.93599 0.853501 1.58803 2.25968 1.91436 2.666 1.42758 1.03623 0.618216 -0.524656 -1.23249 0.15875 2.69267 -2.11526
internal_weight=10342 6886 3456 3024 3862 3512 1341 1757 1699 1683 350 787 1992 454 970 1520 1623 1245 142 565 400 705 222 122 642 952 1292 774 218 987
internal_count=10342 6886 3456 3024 3862 3512 1341 1757 1699 1683 350 787 1992 454 970 1520 1623 1245 142 565 400 705 222 122 642 952 1292 774 218 987
is_linear=0
shrinkage=0.05


Tree=3
num_leaves=31
num_cat=0
split_feature=11 10 11 11 26 11 10 10 11 11 2 0 10 16 10 11 19 11 9 9 11 10 26 15 13 13 2 13 10 9
split_gain=6.07066e+06 894866 705088 223734 221644 115281 108863 108070 59977.6 55793.6 50564.1 46378.5 45769 40035.4 37584.8 33342.3 32029.8 30302.5 25181.8 22323.5 21998.3 17936 17814.8 17457.3 26432.9 43004.6 19229.9 15189.2 14669.3 14149.5
threshold=368.38000000000005 340.09000000000009 401.44000000000005 324.75500000000005 9.533333333333335 348.64500000000004 385.27500000000003 409.87500000000006 339.30500000000006 300.34000000000009 4.5000000000000009 9.5000000000000018 320.50500000000005 367.77556547619054 407.24500000000006 415.84500000000008 402.32500000000005 382.44500000000005 330.02500000000003 321.17500000000007 415.22000000000008 431.66500000000002 9.533333333333335 407.03500000000003 10.790393427095889 11.783583696410485 1.0000000180025095e-35 10.386330250546999 328.15000000000003 313.02500000000003
decision_type=2 2 2 2 2 2 2 2 2 2 2 2 2 2 2 2 2 2 2 2 2 2 2 2 2 2 2 2 2 2
left_child=1 3 6 9 5 19 17 13 28 -1 14 -6 29 23 -8 -9 -13 -2 -7 -3 -15 -17 -10 24 -4 -26 -27 -19 -5 -11
right_child=2 4 7 8 11 18 10 15 22 12 -12 16 -14 20 -16 21 -18 27 -20 -21 -22 -23 -24 -25 25 26 -28 -29 -30 -31
leaf_value=-3.2505178676711193 0.4560301387442065 -0.94538597207601749 2.4782778478136254 -1.5050867902896599 0.36853650833831214 -0.31503405457040945 1.3400094065340498 2.2278465115107022 -0.781280753172505 -2.2374919763281329 0.36629240342329461 0.64289798997342595 -1.4962646525478767 1.8820498436454713 2.157382868304111 2.6980607564836943 2.2275449371337892 1.8555571916368274 0.10409831393483987 -0.56088614472084586 2.750756219116568 3.2192777757900433 0.080378237008047637 2.0658722737940347 -0.15601487781690515 2.231732364199055 1.2236968746836883 0.88628302157976169 -1.1475211872968667 -1.8418719512111736
leaf_weight=72 699 655 51 479 122 703 463 260 573 484 97 48 623 127 202 449 95 45 731 891 171 261 67 164 46 67 161 397 715 424
leaf_count=72 699 655 51 479 122 703 463 260 573 484 97 48 623 127 202 449 95 45 731 891 171 261 67 164 46 67 161 397 715 424
internal_value=2.38562e-09 -0.896547 1.63681 -1.45878 -0.301052 -0.424279 0.969977 2.35906 -1.08163 -1.89027 1.43274 1.08467 -1.8263 1.92371 1.58829 2.71227 1.69564 0.660929 -0.101376 -0.723789 2.38054 2.88966 -0.691076 1.64532 1.4331 1.23856 1.51992 0.984965 -1.29097 -2.05275
internal_weight=10342 6682 3660 3437 3245 2980 1903 1757 1834 1603 762 265 1531 787 665 970 143 1141 1434 1546 298 710 640 489 325 274 228 442 1194 908
internal_count=10342 6682 3660 3437 3245 2980 1903 1757 1834 1603 762 265 1531 787 665 970 143 1141 1434 1546 298 710 640 489 325 274 228 442 1194 908
is_linear=0
shrinkage=0.05


Tree=4
num_leaves=31
num_cat=0
split_feature=11 11 10 26 11 11 10 11 2 11 11 10 10 10 10 19 0 11 9 19 2 10 19 5 18 9 27 9 0 9
split_gain=5.48448e+06 827932 671384 183514 182348 131429 96137.9 80064.3 59929.6 51554.4 42894.6 41237.4 41094.2 38879.2 38608.9 35510.7 27239.7 25488 22021.4 18997.7 16926.6 15111.7 14896.8 14430.4 13474.4 12770 12539.6 12492.7 15421.9 12261.8
threshold=363.46000000000009 395.73000000000008 339.15500000000003 9.533333333333335 324.75500000000005 417.44500000000005 381.35000000000008 342.23500000000007 4.5000000000000009 300.34000000000009 339.30500000000006 425.81000000000006 403.97000000000008 320.50500000000005 402.30000000000007 402.32500000000005 9.5000000000000018 379.80500000000006 320.38000000000005 428.67500000000007 3.5000000000000004 361.45500000000004 427.84000000000003 -0.70710678118654757 306.19500000000005 313.02500000000003 -9.9073773639869227 332.37500000000006 4.5000000000000009 322.36500000000007
decision_type=2 2 2 2 2 2 2 2 2 2 2 2 2 2 2 2 2 2 2 2 2 2 2 2 2 2 2 2 2 2
left_child=2 6 4 7 9 14 17 20 12 -1 27 19 -8 25 22 -5 -17 -2 -9 -7 26 -20 24 -14 -3 -11 -4 28 -6 -16
right_child=1 5 3 15 10 11 8 18 -10 13 -12 -13 23 -15 29 16 -18 -19 21 -21 -22 -23 -24 -25 -26 -27 -28 -29 -30 -31
leaf_value=-3.1216797546601636 0.28905612447588985 1.3807079846886072 0.30436825772578069 0.068055600236202107 -1.5764837223550547 1.608992956365858 1.1167258915287328 -0.57963274357191252 0.2929647248349197 -2.1256173941714702 -0.70155991454010036 2.9678772942870078 2.4466487068600125 -1.4329707264801852 1.6204009540942537 0.69991903879812789 2.1377289685606957 0.77978346808957533 -0.33431176596418094 2.4170983243252522 -0.93280816568495362 0.010382089883991428 1.655547539205825 1.5435909868656905 0.48710755359741953 -1.749778332350389 -0.62711946413769293 -0.95588899422687812 -1.1472248219583452 2.2035006561586932
leaf_weight=71 832 132 44 58 368 84 502 439 168 484 560 382 90 606 119 56 80 388 663 542 829 611 305 87 62 424 202 297 485 372
leaf_count=71 832 132 44 58 368 84 502 439 168 484 560 382 90 606 119 56 80 388 663 542 829 611 305 87 62 424 202 297 485 372
internal_value=-3.49707e-09 1.43081 -0.926595 -0.383027 -1.41853 2.1566 0.729248 -0.486495 1.1385 -1.80487 -1.06042 2.55848 1.3477 -1.74312 1.7474 1.10392 1.54569 0.445124 -0.274235 2.30866 -0.824729 -0.168999 1.43767 2.00277 1.09512 -1.95012 -0.460512 -1.23517 -1.33242 2.06218
internal_weight=10342 4065 6277 2982 3295 1998 2067 2788 847 1585 1710 1008 679 1514 990 194 136 1220 1713 626 1075 1274 499 177 194 908 246 1150 853 491
internal_count=10342 4065 6277 2982 3295 1998 2067 2788 847 1585 1710 1008 679 1514 990 194 136 1220 1713 626 1075 1274 499 177 194 908 246 1150 853 491
is_linear=0
shrinkage=0.05


Tree=5
num_leaves=31
num_cat=0
split_feature=11 11 11 26 10 11 10 8 19 27 11 2 10 10 11 9 9 11 19 0 13 13 9 8 10 9 9 9 9 5
split_gain=4.94993e+06 802629 496250 158689 158267 124788 116251 106115 59389.5 44092.7 41477.8 37933.8 34757.4 33289.1 32424.6 27574.2 25726 21658.3 19558.3 18610 18327.7 16684.7 16642.9 16612.9 15804.4 14558 14423.4 12155.7 11655.7 15790.6
threshold=371.15500000000003 334.58500000000004 408.94500000000011 9.533333333333335 328.15000000000003 351.23500000000007 395.66000000000003 1.0000000180025095e-35 427.84000000000003 8.2311735392867824 300.34000000000009 3.5000000000000004 432.89500000000004 351.15000000000003 386.03500000000003 331.24000000000007 318.24500000000006 432.89500000000004 402.32500000000005 3.5000000000000004 25.232407991572924 10.607254350858371 324.66500000000002 1.0000000180025095e-35 420.32500000000005 324.59500000000008 308.23000000000008 333.83500000000009 325.34000000000009 0.25881904510252057
decision_type=2 2 2 2 2 2 2 2 2 2 2 2 2 2 2 2 2 2 2 2 2 2 2 2 2 2 2 2 2 2
left_child=1 4 6 5 10 13 14 28 20 18 -1 24 17 -3 26 -7 19 22 -5 -12 -4 -16 -10 -13 -8 -25 -2 -15 -6 -30
right_child=2 3 8 9 7 15 11 -9 12 -11 16 23 -14 27 21 -17 -18 -19 -20 -21 -22 -23 -24 25 -26 -27 -28 -29 29 -31
leaf_value=-3.005026110013326 -0.20566403192502483 -0.81198739238925643 0.76122441113884776 0.71463372475454512 -1.2149510481630879 -0.25201634852759386 1.7671542069361761 1.3273643595166504 1.846683319279405 0.20401256077493413 -2.0342702897327523 0.52372870873003152 2.9124086380004885 -0.52755222256411105 1.9091101460986668 0.17634472042412686 -1.4136946152469771 2.7072388147052968 1.8329772425794055 -1.6016356241850815 1.8102266922864048 0.98717175418836478 2.3238216092450581 0.8107849186745244 2.6158140529285778 1.7208678718440791 0.64044046174978542 -0.08864122834097285 -0.0091443181700176668 -0.98253884166213978
leaf_weight=60 54 1297 67 71 651 841 325 48 305 193 511 78 255 507 54 679 621 209 87 484 110 538 456 69 66 121 749 229 45 562
leaf_count=60 54 1297 67 71 651 841 325 48 305 193 511 78 255 507 54 679 621 209 87 484 110 538 456 69 66 121 749 229 45 562
internal_value=4.64787e-09 -0.774945 1.54406 -0.303161 -1.3926 -0.403356 1.04906 -0.979953 2.26926 0.711061 -1.71415 1.59634 2.39296 -0.659575 0.790519 -0.0606629 -1.66622 2.25641 1.33043 -1.82382 1.41315 1.07127 2.13259 1.13813 1.91041 1.39036 0.583542 -0.390989 -1.06799 -0.910376
internal_weight=10342 6886 3456 3904 2982 3553 2054 1306 1402 351 1676 659 1225 2033 1395 1520 1616 970 158 995 177 592 761 268 391 190 803 736 1258 607
internal_count=10342 6886 3456 3904 2982 3553 2054 1306 1402 351 1676 659 1225 2033 1395 1520 1616 970 158 995 177 592 761 268 391 190 803 736 1258 607
is_linear=0
shrinkage=0.05


Tree=6
num_leaves=31
num_cat=0
split_feature=11 11 10 26 11 11 10 11 2 10 11 11 9 10 19 16 0 13 9 15 9 11 9 10 10 17 10 4 2 9
split_gain=4.47799e+06 673408 552449 149737 149154 108992 80522 64989.8 49495.1 44873.4 42654.5 34245.2 33983.1 33927.6 30628.7 24981.6 22652.1 20583.3 18904.4 18420.7 16298.5 15457.8 14828.3 14184.8 13810.4 12849 12176.3 11469.3 10914.6 13160
threshold=363.46000000000009 395.73000000000008 339.15500000000003 9.533333333333335 324.75500000000005 420.96500000000009 381.35000000000008 341.73000000000008 4.5000000000000009 406.49500000000006 300.34000000000009 339.30500000000006 321.83500000000004 407.24500000000006 402.32500000000005 367.77556547619054 9.5000000000000018 9.3323925063245223 320.38000000000005 400.44000000000011 325.27500000000003 378.49500000000006 325.2050000000001 319.61000000000007 356.35000000000008 35.670249727784082 344.34500000000008 -0.70710678118654735 3.5000000000000004 323.36500000000007
decision_type=2 2 2 2 2 2 2 2 2 2 2 2 2 2 2 2 2 2 2 2 2 2 2 2 2 2 2 2 2 2
left_child=2 6 4 7 10 9 17 22 13 20 -1 -6 23 -8 -5 19 -16 -2 -9 -7 25 26 -4 -12 -20 -3 -19 -24 -11 -30
right_child=1 5 3 14 11 15 8 18 -10 28 12 -13 -14 -15 16 -17 -18 21 24 -21 -22 -23 27 -25 -26 -27 -28 -29 29 -31
leaf_value=-2.8306842582326541 1.39360285872221 0.55910568724979048 -0.92920219907202106 0.036932722068038486 -1.1157704348988506 1.440330652172646 1.0414513294217744 -0.53070355903589594 0.26629131364503078 2.1417040137762435 -1.8450276848445188 -0.63898261542298973 -1.1827665794158901 1.9060672713650597 0.63797193914651873 2.6193908614371209 1.9491301085054875 -0.20756871088787363 -0.36234473792525629 2.2859569120816405 1.6295318059866724 0.60235036730031988 0.048078172373166986 -1.4657773498274125 -0.028508533897174906 1.2916288010914529 0.31651650786765451 -0.65020290063553721 1.0108009064639056 1.9448566375732423
leaf_weight=71 50 77 556 58 1150 89 535 457 168 356 743 560 402 144 56 489 80 135 504 233 306 416 69 369 804 269 619 398 54 125
leaf_count=71 50 77 556 58 1150 89 535 457 168 356 743 560 402 144 56 489 80 135 504 233 306 416 69 369 804 269 619 398 54 125
internal_value=1.43531e-09 1.29287 -0.837266 -0.34419 -1.2835 1.94743 0.660158 -0.437652 1.0347 1.64218 -1.63292 -0.959629 -1.57675 1.22482 0.998964 2.3942 1.40924 0.400131 -0.253866 2.05223 1.36371 0.357675 -0.754741 -1.71918 -0.157143 1.12861 0.222682 -0.547031 1.98156 1.66307
internal_weight=10342 4065 6277 2982 3295 1998 2067 2788 847 1187 1585 1710 1514 679 194 811 136 1220 1765 322 652 1170 1023 1112 1308 346 754 467 535 179
internal_count=10342 4065 6277 2982 3295 1998 2067 2788 847 1187 1585 1710 1514 679 194 811 136 1220 1765 322 652 1170 1023 1112 1308 346 754 467 535 179
is_linear=0
shrinkage=0.05


Tree=7
num_leaves=31
num_cat=0
split_feature=11 11 10 26 11 11 10 11 2 11 10 11 9 10 9 19 11 9 0 2 19 13 10 17 10 10 25 27 7 2
split_gain=4.04139e+06 607751 498585 135137 134612 98917.9 72671.1 58711.7 44669.3 38495.6 31972.3 30906.3 30669.8 30669.4 29956.7 27938.1 18769.9 16990 15397.3 14682.7 14127 13885.6 13792.3 13085.4 12819.2 12141.9 12014.5 11411.7 10749.1 10704.2
threshold=363.46000000000009 395.73000000000008 339.15500000000003 9.533333333333335 324.75500000000005 417.44500000000005 381.35000000000008 342.00500000000005 4.5000000000000009 300.34000000000009 425.81000000000006 339.30500000000006 321.83500000000004 403.97000000000008 325.27500000000003 412.53500000000003 379.80500000000006 320.38000000000005 10.500000000000002 3.5000000000000004 428.67500000000007 38.455038718150675 408.90500000000003 36.313679253861466 319.00500000000005 361.45500000000004 1.0999999999999963 -9.9073773639869227 -0.99465740988130902 1.0000000180025095e-35
decision_type=2 2 2 2 2 2 2 2 2 2 2 2 2 2 2 2 2 2 2 2 2 2 2 2 2 2 2 2 2 2
left_child=2 6 4 7 9 14 16 19 13 -1 20 -6 24 -8 21 -5 28 -9 -17 27 -7 26 -16 -15 -11 -19 -3 -4 -2 -13
right_child=1 5 3 15 11 10 8 17 -10 12 -12 29 -14 23 22 18 -18 25 -20 -21 -22 -23 -24 -25 -26 -27 -28 -29 -30 -31
leaf_value=-2.6891500179091814 -0.45709383683461768 0.70275962725281715 0.39331147249152021 0.33649061882182174 -1.0599819157230466 1.3753968664578029 0.96403877430732754 -0.50310159239384622 0.25297674612984772 -1.7560260224015747 2.5591985090864893 -0.34128412521584373 -1.1236282594323586 2.0690531695654637 1.5141635316915025 0.85372167560789325 0.6673126620569354 -0.29146757768804105 2.106016728613112 -0.8121944366926741 2.0722516655042162 1.5559528487806138 2.0128010680876582 1.1851968095583076 -1.3985393441004279 0.015574154187090914 1.3865710480855062 -0.52356177616089139 0.29212077066019687 -0.78685191466980531
leaf_weight=71 51 168 41 95 1150 84 502 447 168 730 382 226 402 109 313 45 388 677 54 812 542 156 249 68 382 614 104 197 781 334
leaf_count=71 51 168 41 95 1150 84 502 447 168 730 382 226 402 109 313 45 388 677 54 812 542 156 249 68 382 614 104 197 781 334
internal_value=3.84178e-09 1.22823 -0.795403 -0.326981 -1.21933 1.85006 0.62715 -0.415769 0.982961 -1.55127 2.19872 -0.911648 -1.49791 1.16358 1.49507 0.949015 0.380124 -0.237427 1.53679 -0.710969 1.97874 1.1799 1.73509 1.72949 -1.63322 -0.145438 0.964217 -0.365613 0.246195 -0.607033
internal_weight=10342 4065 6277 2982 3295 1998 2067 2788 847 1585 1008 1710 1514 679 990 194 1220 1738 99 1050 626 428 562 177 1112 1291 272 238 832 560
internal_count=10342 4065 6277 2982 3295 1998 2067 2788 847 1585 1008 1710 1514 679 990 194 1220 1738 99 1050 626 428 562 177 1112 1291 272 238 832 560
is_linear=0
shrinkage=0.05


Tree=8
num_leaves=31
num_cat=0
split_feature=11 11 10 26 11 10 11 10 26 19 9 11 0 11 11 11 19 13 10 11 13 2 11 10 11 10 23 10 24 16
split_gain=3.64832e+06 511058 475420 144037 89024.5 88045 85225.5 65630.6 35356.9 31634 31589.2 30265.8 29828.6 27305 24534.7 21564 20679.8 20313.6 19375.7 18792.9 17761.9 15581.6 13586.6 12604.4 12502.4 12516.4 11702.6 10450.6 10329.1 9146.57
threshold=364.95500000000004 396.69500000000005 334.38000000000005 9.533333333333335 324.41500000000002 408.90500000000003 342.23500000000007 381.35000000000008 8.3458333333333368 428.67500000000007 321.77500000000003 300.34000000000009 9.5000000000000018 346.75500000000005 414.39000000000004 355.57000000000005 402.32500000000005 9.3323925063245223 423.34500000000008 420.96500000000009 13.634155048378727 3.5000000000000004 329.05500000000006 432.89500000000004 380.53500000000003 344.34500000000008 29.516666666666676 353.62500000000006 21.569940476190478 368.90068452380962
decision_type=2 2 2 2 2 2 2 2 2 2 2 2 2 2 2 2 2 2 2 2 2 2 2 2 2 2 2 2 2 2
left_child=2 7 4 6 10 9 22 17 21 20 11 -1 -5 28 -7 27 -14 -2 -10 -11 -3 -9 -4 -16 25 26 -19 -8 -6 -21
right_child=1 5 3 12 13 14 15 8 18 19 -12 -13 16 -15 23 -17 -18 24 -20 29 -22 -23 -24 -25 -26 -27 -28 -29 -30 -31
leaf_value=-2.8294794482343342 1.3707349799312651 0.012810465766162408 -0.97133157635528955 0.20558755619185312 -0.85474430994132611 1.6786149346434021 -0.50658627797176503 0.96798961711385856 1.1707393189821795 1.4174882238809492 -1.1010204412207749 -1.5817637193652603 0.42582448862847833 -0.37695104575101684 2.0922181013122949 -0.0050143711315735577 1.7743166834623978 0.092661085491049663 2.3124307248650529 1.6649135971180749 1.1378798342781302 0.34224952857582536 -0.6361413471865105 2.5280796086201907 0.58475733086214221 0.32214973871688679 -0.91337506712936778 -0.2152611627741309 -1.1639801038173365 2.3186795961076969
leaf_weight=51 50 41 420 105 479 272 584 183 397 426 362 1034 42 188 518 696 88 98 41 107 243 218 1079 244 354 604 41 651 619 107
leaf_count=51 50 41 420 105 479 272 584 183 397 426 362 1034 42 188 518 696 88 98 41 107 243 218 1079 244 354 604 41 651 619 107
internal_value=-2.45861e-09 1.1961 -0.737328 -0.365134 -1.23645 1.76932 -0.44718 0.630965 0.967039 1.41464 -1.50547 -1.64041 0.832388 -0.933743 2.08627 -0.227587 1.33865 0.385137 1.27761 1.60952 0.975458 0.627812 -0.730057 2.23179 0.340214 0.223702 -0.204083 -0.353021 -1.02908 1.9918
internal_weight=10342 3944 6398 3665 2733 1958 3430 1986 839 924 1447 1085 235 1286 1034 1931 130 1147 438 640 284 401 1499 762 1097 743 139 1235 1098 214
internal_count=10342 3944 6398 3665 2733 1958 3430 1986 839 924 1447 1085 235 1286 1034 1931 130 1147 438 640 284 401 1499 762 1097 743 139 1235 1098 214
is_linear=0
shrinkage=0.05


Tree=9
num_leaves=31
num_cat=0
split_feature=11 11 10 26 11 11 11 10 2 9 19 9 11 10 0 19 11 10 13 13 26 25 9 12 7 11 7 2 11 19
split_gain=3.29409e+06 505636 402582 129317 81646.2 75774.5 68291.8 60433 37985.6 33719.8 28516.4 27485.9 30158.8 27229 22451.4 22180 19358.6 17517.9 17008.6 15179.3 14965.6 13618.9 13417.2 13112.7 12675.9 12674.3 11709.9 11340.8 10715.9 10700.8
threshold=362.95000000000005 395.73000000000008 332.83000000000004 9.533333333333335 420.32500000000005 342.00500000000005 324.41500000000002 380.73000000000008 4.5000000000000009 325.27500000000003 402.32500000000005 316.32500000000005 300.34000000000009 407.24500000000006 8.5000000000000018 443.87500000000006 340.31000000000006 353.62500000000006 9.3323925063245223 35.226666402245179 12.895833333333334 -1.1500000000000001 333.83500000000009 372.17666666666673 -0.99273797715557011 329.05500000000006 -0.99761278905001471 4.5000000000000009 380.53500000000003 427.56
decision_type=2 2 2 2 2 2 2 2 2 2 2 2 2 2 2 2 2 2 2 2 2 2 2 2 2 2 2 2 2 2
left_child=2 7 6 5 9 25 11 18 13 19 -5 12 -1 -9 -12 29 -8 -7 -2 21 -11 -3 27 -21 -22 -4 -20 -19 -28 -6
right_child=1 4 3 10 15 17 16 8 -10 20 14 -13 -14 -15 -16 -17 -18 22 26 23 24 -23 -24 -25 -26 -27 28 -29 -30 -31
leaf_value=-2.8784127069556198 1.2352739580869674 0.17820830020037565 -0.92822227085178555 -0.058714476600289348 1.0697587942590518 -0.42557275118341514 -1.0404032340685754 0.88218077676262685 0.22217270851009682 1.017139208871265 0.22020082786315825 -1.1914496073907903 -1.5593217654400562 1.6529375895857812 1.6036474073974831 2.2728828172315345 -0.56478540411012046 0.049232337157736089 -0.41191598039918714 1.5100173000366457 1.0507329533177037 1.0310503331585701 0.11142319274675333 0.63275317513155493 1.8085272611315508 -0.62279542666370147 0.23182679511820947 -0.39176218876699836 0.5756021769057158 1.8606948130276231
leaf_weight=46 50 66 484 64 49 793 832 561 178 86 41 620 747 144 103 466 288 213 56 217 62 161 405 53 502 1139 802 462 316 336
leaf_count=46 50 66 484 64 49 793 832 561 178 86 41 620 747 144 103 466 288 213 56 217 62 161 405 53 502 1139 802 462 316 336
internal_value=-2.3251e-10 1.09993 -0.723943 -0.391749 1.66979 -0.463811 -1.20971 0.559556 0.874828 1.39448 0.819453 -1.44085 -1.63584 1.03961 1.20975 2.04086 -0.918102 -0.247122 0.332117 1.08445 1.63154 0.783087 -0.116094 1.33781 1.72522 -0.713878 0.293653 -0.252604 0.328994 1.76003
internal_weight=10342 4105 6237 3704 1998 3496 2533 2107 883 1147 208 1413 793 705 144 851 1120 1873 1224 497 650 227 1080 270 564 1623 1174 675 1118 385
internal_count=10342 4105 6237 3704 1998 3496 2533 2107 883 1147 208 1413 793 705 144 851 1120 1873 1224 497 650 227 1080 270 564 1623 1174 675 1118 385
is_linear=0
shrinkage=0.05


Tree=10
num_leaves=31
num_cat=0
split_feature=11 10 11 26 11 10 11 16 15 11 10 0 2 16 9 26 17 11 9 10 19 19 14 5 19 10 12 26 19 10
split_gain=2.97319e+06 489079 303062 122527 111572 71962 69881.1 38488.9 32942.8 32492.7 30145.4 28340.7 27976.4 25557.2 23351.8 20993 16537.7 14951.9 13407.2 13009.3 12958.6 12873.6 13261.1 12867.9 11603 11386.6 11353.7 10708 10406.5 10208.4
threshold=371.15500000000003 340.09000000000009 408.94500000000011 9.533333333333335 324.75500000000005 395.66000000000003 355.57000000000005 367.77556547619054 407.03500000000003 343.71000000000009 314.92000000000007 10.500000000000002 3.5000000000000004 359.83952380952383 321.17500000000007 17.541666666666671 45.81161926007686 302.34500000000008 330.02500000000003 425.81000000000006 412.53500000000003 429.10000000000008 303.91500000000002 0.25881904510252057 397.85000000000008 420.96500000000009 342.59229166666677 22.487500000000001 428.49500000000006 328.95500000000004
decision_type=2 2 2 2 2 2 2 2 2 2 2 2 2 2 2 2 2 2 2 2 2 2 2 2 2 2 2 2 2 2
left_child=1 4 5 6 10 15 14 8 13 29 17 -5 25 21 -3 28 24 -1 -8 -9 -13 22 -4 -16 -17 -7 -11 -14 -2 -6
right_child=2 3 7 11 9 12 18 19 -10 26 -12 20 27 -15 23 16 -18 -19 -20 -21 -22 -23 -24 -25 -26 -27 -28 -29 -30 -31
leaf_value=-2.3158394412388876 0.21709947564941287 -0.6471484420781447 1.6050049758538969 0.33971619565458694 -1.0251169071925477 1.395266875453586 -0.12795772223924815 1.824126870479865 1.7407852547548037 -0.1889554986051683 -1.1428318590675584 0.8242344565050943 0.58322449583041525 0.082956433087064518 -0.13114078517961975 1.7424331944163254 -0.12013169382698835 -1.5061934744310062 0.23619030039358596 2.247288853293512 1.789801793858625 1.8019622944496776 0.41698954408819033 -0.44815679824228449 0.86315580104979195 2.1438948853810631 -0.71486756660987016 1.2257143371755428 0.58098735515821409 -0.75469037674786532
leaf_weight=63 299 805 41 169 619 331 467 407 440 280 939 70 158 57 587 41 40 601 551 328 69 74 55 704 442 60 162 110 573 800
leaf_count=63 299 805 41 169 619 331 467 407 440 280 939 70 158 57 587 41 40 601 551 328 69 74 55 704 442 60 162 110 573 800
internal_value=-2.56301e-10 -0.600596 1.19667 -0.176636 -1.01942 0.809841 -0.27073 1.7634 1.48839 -0.756054 -1.32516 0.774691 1.24043 0.999178 -0.4358 0.606429 0.856882 -1.58301 0.0691401 2.01297 1.30354 1.30638 0.924371 -0.304014 0.937794 1.51015 -0.381711 0.846933 0.456214 -0.872657
internal_weight=10342 6886 3456 3422 3464 2054 3114 1402 667 1861 1603 308 659 227 2096 1395 523 664 1018 735 139 170 96 1291 483 391 442 268 872 1419
internal_count=10342 6886 3456 3422 3464 2054 3114 1402 667 1861 1603 308 659 227 2096 1395 523 664 1018 735 139 170 96 1291 483 391 442 268 872 1419
is_linear=0
shrinkage=0.05


Tree=11
num_leaves=31
num_cat=0
split_feature=11 11 10 26 10 11 11 10 2 10 13 19 9 11 0 11 17 11 13 11 10 17 9 11 2 7 9 10 19 11
split_gain=2.68671e+06 414345 329283 105771 66659 63160.1 55447.8 52649.1 30438 25324.3 25319.6 24702.4 23941.2 22959.4 18932.5 18819.3 17141.9 17018.6 25663 15807.5 13961.5 12317.3 11837.9 11810.2 11402.2 11218 10646.5 9857.02 9468.48 8976.46
threshold=362.95000000000005 396.69500000000005 332.83000000000004 9.533333333333335 408.90500000000003 342.23500000000007 324.41500000000002 376.78000000000003 4.5000000000000009 403.97000000000008 10.790393427095889 402.32500000000005 321.77500000000003 300.34000000000009 8.5000000000000018 414.39000000000004 23.26182996334725 426.47500000000008 11.555722190545973 340.31000000000006 356.35000000000008 36.30660020481325 312.25500000000005 314.85500000000008 4.5000000000000009 -0.99761278905001471 333.83500000000009 432.89500000000004 444.10000000000008 381.21500000000009
decision_type=2 2 2 2 2 2 2 2 2 2 2 2 2 2 2 2 2 2 2 2 2 2 2 2 2 2 2 2 2 2
left_child=2 7 6 5 10 22 12 16 9 -9 -3 -5 13 -1 -13 -6 -2 18 -12 -8 -7 -11 -4 -24 -22 -18 -26 -17 -19 -27
right_child=1 4 3 11 15 20 19 8 -10 21 17 14 -14 -15 -16 27 25 28 -20 -21 24 -23 23 -25 26 29 -28 -29 -30 -31
leaf_value=-2.453812445612515 1.2173860625647333 1.8518917116251861 -0.88826764419399662 -0.075303840264678013 1.438142798578038 -0.35967592950015637 -0.94088435483774036 0.74972611555640034 0.1917675704298977 1.7399657389947347 -0.05674295058617225 0.19659184251071476 -0.93997599696148348 -1.3666348017869503 1.4670029414510264 1.7991931572326363 -0.51542148130635423 1.1439628233300878 1.098954351657913 -0.51109836960838739 0.15839419294499746 0.91847195129889947 -1.3231823133230209 -0.53919735009282876 -0.34973062187132253 0.17692097204816762 0.088639465108877283 2.1846365072688121 2.0817133388822042 0.51425062871146876
leaf_weight=51 46 132 379 64 272 890 832 668 188 112 52 41 346 1016 103 518 48 47 630 288 321 77 50 1224 427 739 205 244 63 269
leaf_count=51 46 132 379 64 272 890 832 668 188 112 52 41 346 1016 103 518 48 47 630 288 321 77 50 1224 427 739 205 244 63 269
internal_value=-6.62147e-10 0.993366 -0.653803 -0.353369 1.51939 -0.418541 -1.09313 0.513649 0.767912 0.894301 1.21077 0.742029 -1.3014 -1.4186 1.10529 1.79517 0.272539 1.10392 1.01084 -0.830368 -0.217271 1.40528 -0.642946 -0.569966 -0.0842805 0.23138 -0.207538 1.92262 1.68104 0.266942
internal_weight=10342 4105 6237 3704 1958 3496 2533 2147 1045 857 924 208 1413 1067 144 1034 1102 792 682 1120 1843 189 1653 1274 953 1056 632 762 110 1008
internal_count=10342 4105 6237 3704 1958 3496 2533 2147 1045 857 924 208 1413 1067 144 1034 1102 792 682 1120 1843 189 1653 1274 953 1056 632 762 110 1008
is_linear=0
shrinkage=0.05


Tree=12
num_leaves=31
num_cat=0
split_feature=11 11 10 11 26 11 10 11 9 8 10 19 11 10 19 17 18 13 2 26 2 13 12 25 9 7 7 9 0 12
split_gain=2.42476e+06 374215 298327 80237.2 78550.9 62239.6 46239.2 33003.5 27595.4 27174 25436.1 20527.4 19192.4 18308.2 16975.2 15705.6 12683.8 31663.2 12641.6 12287.3 11928.2 11624.7 12008.7 11689.7 11563.4 10967.2 9921.87 9672.87 13175.9 10306.4
threshold=362.95000000000005 395.73000000000008 339.76500000000004 324.75500000000005 9.533333333333335 420.32500000000005 376.78000000000003 341.73000000000008 325.27500000000003 1.0000000180025095e-35 314.92000000000007 412.53500000000003 339.07500000000005 407.24500000000006 443.87500000000006 23.26182996334725 164.20000000000002 20.054510209366825 3.5000000000000004 12.895833333333334 3.5000000000000004 35.226666402245179 372.17666666666673 -1.1500000000000001 320.38000000000005 -0.99628250747696534 -0.99761278905001471 332.14000000000004 3.5000000000000004 344.15020833333341
decision_type=2 2 2 2 2 2 2 2 2 2 2 2 2 2 2 2 2 2 2 2 2 2 2 2 2 2 2 2 2 2
left_child=2 6 3 10 7 8 15 20 21 18 16 -6 27 -11 -7 -2 17 -1 -8 -10 -4 23 -23 -3 -9 -21 -17 28 29 -5
right_child=1 5 4 12 11 14 9 24 19 13 -12 -13 -14 -15 -16 26 -18 -19 -20 25 -22 22 -24 -25 -26 -27 -28 -29 -30 -31
leaf_value=-3.00701885450454 1.1565167592271515 0.088967487035375659 -0.21993721529703447 -1.917389458279277 0.20489133691394723 1.5122377205823925 0.73333644241745377 -0.40471135245770962 0.85130172250575797 0.80712770965164082 -1.0298319809650403 1.252988059356964 -0.47915445156395436 1.5018499382771553 1.9608996858796339 -0.48965042307972911 -1.3316410856901173 -1.3079842362222793 0.24099827754111694 0.72543043036793564 -0.64069787585552407 1.2996134744811167 0.46009309336824239 0.87909847796426066 -0.10784293812891446 1.5562453466219088 0.24634793099764751 -0.59109178377995419 -0.78286112218890058 -1.0710273343866523
leaf_weight=42 46 66 216 43 91 385 244 442 86 366 932 96 600 128 466 48 543 79 280 43 765 217 53 161 1272 521 995 315 581 220
leaf_count=42 46 66 216 43 91 385 244 442 86 366 932 96 600 128 466 48 543 79 280 43 765 217 53 161 1272 521 995 315 581 220
internal_value=9.70927e-10 0.943698 -0.621113 -0.941613 -0.248011 1.43394 0.478819 -0.316771 1.19356 0.72108 -1.19831 0.742952 -0.7087 0.987137 1.75792 0.252353 -1.4348 -1.89773 0.470255 1.40801 -0.548053 0.913094 1.13482 0.649369 -0.184398 1.4929 0.212476 -0.827532 -0.915777 -1.20941
internal_weight=10342 4105 6237 3355 2882 1998 2107 2695 1147 1018 1596 187 1759 494 851 1089 664 121 524 650 981 497 270 227 1714 564 1043 1159 844 263
internal_count=10342 4105 6237 3355 2882 1998 2107 2695 1147 1018 1596 187 1759 494 851 1089 664 121 524 650 981 497 270 227 1714 564 1043 1159 844 263
is_linear=0
shrinkage=0.05


Tree=13
num_leaves=31
num_cat=0
split_feature=11 11 11 26 10 10 8 10 16 13 27 2 2 16 9 13 11 19 9 0 10 26 17 9 11 10 27 10 10 9
split_gain=2.19199e+06 365137 225324 78101.2 74678 61761.6 59182.3 54015.7 29912.9 26755.1 25897.1 23815.9 22965 19215.7 18935.1 17179.8 16603.3 14421.2 14340.7 14200.2 13240.3 12707.5 12892.2 11879.2 10052.2 9948.4 9477.25 9475.63 9135.16 9084.66
threshold=371.15500000000003 334.00500000000005 408.94500000000011 9.533333333333335 321.53000000000003 351.49500000000006 1.0000000180025095e-35 395.66000000000003 367.77556547619054 26.294198348841004 8.2311735392867824 4.5000000000000009 3.5000000000000004 359.83952380952383 333.83500000000009 9.3323925063245223 300.34000000000009 430.40000000000003 330.80000000000007 4.5000000000000009 366.47500000000008 19.045833333333338 45.81161926007686 331.24000000000007 355.57000000000005 425.81000000000006 -22.750859937887107 420.32500000000005 374.60000000000008 309.46000000000009
decision_type=2 2 2 2 2 2 2 2 2 2 2 2 2 2 2 2 2 2 2 2 2 2 2 2 2 2 2 2 2 2
left_child=1 4 7 5 16 19 18 15 9 13 -5 20 27 17 -13 -2 -1 -4 26 23 -7 28 -23 -3 -21 -10 -6 -9 -17 -18
right_child=2 3 8 10 6 11 -8 12 25 -11 -12 14 -14 -15 -16 21 29 -19 -20 24 -22 22 -24 -25 -26 -27 -28 -29 -30 -31
leaf_value=-2.1128361723333038 1.3678475546209437 -1.0305233063491805 0.55406730760026857 0.97194147122017349 -0.15640635761347685 -0.010761629565102279 1.01809312092497 1.2004540986281176 1.5710466002308621 1.4516268436019943 0.11311427401137475 -0.35485862570242466 0.71049269978235019 -0.026555369049310686 0.10687615934985516 0.21773073152325007 -1.4046855664562869 1.7387284064779476 -0.55534753276964166 -0.46342172862955966 0.42625641331352571 0.78099907748491804 -0.15931156007573011 -0.52189212001908525 -0.11098982759341598 1.9410929117624354 -0.90439358688981764 1.8575803200403851 0.5389299640453914 -1.105695334631436
leaf_weight=53 57 183 54 161 44 484 47 325 407 507 193 764 268 57 313 462 385 49 495 1061 270 411 40 308 250 328 1128 66 425 747
leaf_count=53 57 183 54 161 44 484 47 325 407 507 193 764 268 57 313 462 385 49 495 1061 270 411 40 308 250 328 1128 66 425 747
internal_value=1.01612e-09 -0.515692 1.0275 -0.205225 -0.942678 -0.274304 -0.731671 0.693954 1.51617 1.27373 0.503711 -0.0697865 1.06701 0.710023 -0.220668 0.517722 -1.24788 1.11764 -0.781005 -0.482112 0.14573 0.481506 0.697601 -0.711463 -0.396215 1.73618 -0.876312 1.31138 0.371631 -1.20738
internal_weight=10342 6886 3456 3987 2899 3633 1714 2054 1402 667 354 1831 659 160 1077 1395 1185 103 1667 1802 754 1338 451 491 1311 735 1172 391 887 1132
internal_count=10342 6886 3456 3987 2899 3633 1714 2054 1402 667 354 1831 659 160 1077 1395 1185 103 1667 1802 754 1338 451 491 1311 735 1172 391 887 1132
is_linear=0
shrinkage=0.05


Tree=14
num_leaves=31
num_cat=0
split_feature=11 10 11 26 11 10 11 10 19 13 2 5 13 10 9 26 10 17 12 18 27 9 6 9 2 26 6 10 13 10
split_gain=1.97827e+06 330406 204061 81971.8 74405.2 54325.2 48137.8 26157.5 24519.3 22307.6 21800.7 20511 19435.3 18415.1 18190.1 17021.1 14689.5 13654.3 13108.7 14330.7 10910.3 10768 12258.8 10516.4 10352.9 9718.66 9920.96 9666.12 9187.26 10225.5
threshold=371.15500000000003 340.09000000000009 411.4550000000001 9.533333333333335 327.84500000000008 397.36500000000007 355.57000000000005 321.53000000000003 431.00000000000006 16.057754606294552 3.5000000000000004 0.25881904510252057 10.71449692572833 378.09000000000009 311.53000000000003 17.995833333333337 425.81000000000006 41.239216506224551 358.61270833333339 306.19500000000005 13.067313296185047 311.84500000000008 0.70290292807158616 330.02500000000003 1.5000000000000002 22.487500000000001 -0.48314718476766422 420.96500000000009 16.057754606294552 344.95500000000004
decision_type=2 2 2 2 2 2 2 2 2 2 2 2 2 2 2 2 2 2 2 2 2 2 2 2 2 2 2 2 2 2
left_child=1 4 5 6 7 15 14 12 18 -5 27 24 -1 -11 -3 -2 -10 20 19 -4 28 22 -14 -8 -6 26 -12 -7 29 -17
right_child=2 3 8 9 11 10 23 -9 16 13 25 -13 21 -15 -16 17 -18 -19 -20 -21 -22 -23 -24 -25 -26 -27 -28 -29 -30 -31
leaf_value=-2.2516292217165925 0.37813285825772058 -0.70895898284931347 1.0452994850965647 1.5493171458352697 -0.067568587141908332 1.1637729241811869 -0.11088314863746714 -0.82843540213905387 1.42789086273337 0.078973269741982224 -0.19782239000002544 -0.6974056931652225 -1.2548104928946442 0.94472297347993361 -0.29404183008617063 0.83921297090809532 1.8124024808833594 0.1745812053852264 1.3684860497065214 -0.11873996526002883 0.60437015815487305 -1.0145090823526575 -2.0964088951547941 0.21162618988932205 -0.54632561997171825 1.0658084479078913 0.68952087507479731 1.7859169545111719 0.80275297127962109 1.8672173978413564
leaf_weight=43 923 310 78 55 232 330 467 770 610 148 42 1165 439 105 1786 41 419 93 138 40 241 547 48 551 220 114 126 77 125 59
leaf_count=43 923 310 78 55 232 330 467 770 610 148 42 1165 439 105 1786 41 419 93 138 40 241 547 48 551 220 114 126 77 125 59
internal_value=7.46631e-11 -0.489907 0.976129 -0.141442 -0.834147 0.680542 -0.218405 -1.05097 1.47552 0.636677 1.04736 -0.586484 -1.21007 0.438277 -0.355408 0.510002 1.58446 0.727741 1.03764 0.65071 0.838135 -1.16676 -1.33776 0.0636774 -0.300592 0.70948 0.467685 1.28148 1.08852 1.44574
internal_weight=10342 6886 3456 3422 3464 2171 3114 1847 1285 308 689 1617 1077 253 2096 1482 1029 559 256 118 466 1034 487 1018 452 282 168 407 225 100
internal_count=10342 6886 3456 3422 3464 2171 3114 1847 1285 308 689 1617 1077 253 2096 1482 1029 559 256 118 466 1034 487 1018 452 282 168 407 225 100
is_linear=0
shrinkage=0.05


Tree=15
num_leaves=31
num_cat=0
split_feature=11 11 11 11 8 10 10 9 11 2 9 2 5 10 26 13 9 7 26 13 25 17 10 9 13 11 5 11 8 12
split_gain=1.78693e+06 253402 241907 67549 53142.9 49676.5 41866.2 41603.2 39118.1 32809.2 26438.9 26047.1 22046.7 18901.9 17708.7 15203 13575.2 13156 11983.1 11722.7 12178.5 13368.7 11489.4 11173.3 11170.5 10819.5 9860.6 9715.9 8964.56 8904.96
threshold=364.95500000000004 401.44000000000005 333.11500000000007 251.51500000000001 1.0000000180025095e-35 352.37500000000006 385.27500000000003 325.34000000000009 426.47500000000008 4.5000000000000009 325.27500000000003 3.5000000000000004 0.60355339059327384 368.74500000000006 9.533333333333335 10.386330250546999 333.01000000000005 -0.99628250747696534 12.895833333333334 35.226666402245179 -1.0999999999999999 35.670249727784082 410.55000000000007 306.94500000000005 11.555722190545973 348.64500000000004 0.60355339059327384 382.44500000000005 1.0000000180025095e-35 372.17666666666673
decision_type=2 2 2 2 2 2 2 2 2 2 2 2 2 2 2 2 2 2 2 2 2 2 2 2 2 2 2 2 2 2
left_child=2 6 3 -1 7 14 15 12 10 13 19 22 -5 -7 25 -2 -11 -12 -19 20 -3 -22 -8 -16 -17 -4 -9 -26 -13 -21
right_child=1 8 5 4 -6 9 11 26 -10 16 17 28 -14 -15 23 24 -18 18 -20 29 21 -23 -24 -25 27 -27 -28 -29 -30 -31
leaf_value=-2.8816574207348071 0.93118722992283964 0.051224828317557293 -0.52429842136948424 -0.75124816573203701 0.88662321457470006 0.04434748665215487 0.88144529991450404 -0.083032929656481513 1.6403195442437237 -0.37069963274151085 0.51246239413385808 0.22083145869126666 -1.1071748392089553 0.61232056428375214 0.88435817647725345 -0.2478334518055422 0.022253902938909234 0.70788894750304143 1.4551262489004011 1.194041089567603 0.071170447319746019 1.1496925165255865 1.496887768059969 -0.20977870444101945 0.21177336481442888 -0.25571706107778036 -0.61885594929405818 0.52760739985616567 0.71333566216523192 0.53168400023132567
leaf_weight=41 91 73 1358 657 44 474 361 99 536 625 46 201 1288 212 40 99 339 59 592 245 40 102 96 56 822 518 647 346 171 64
leaf_count=41 91 73 1358 657 44 474 361 99 536 625 46 201 1288 212 40 99 339 59 592 245 40 102 96 56 822 518 647 346 171 64
internal_value=2.72121e-10 0.837097 -0.516022 -0.867207 -0.837009 -0.246864 0.477871 -0.865192 1.28424 -0.0444306 1.12792 0.757866 -0.986947 0.219873 -0.416243 0.306946 -0.232514 1.32966 1.3874 0.859585 0.576069 0.845883 1.01073 0.246112 0.262111 -0.450138 -0.547748 0.305334 0.447225 1.05685
internal_weight=10342 3944 6398 2776 2735 3622 2187 2691 1757 1650 1221 829 1945 686 1972 1358 964 697 651 524 215 142 457 96 1267 1876 746 1168 372 309
internal_count=10342 3944 6398 2776 2735 3622 2187 2691 1757 1650 1221 829 1945 686 1972 1358 964 697 651 524 215 142 457 96 1267 1876 746 1168 372 309
is_linear=0
shrinkage=0.05


Tree=16
num_leaves=31
num_cat=0
split_feature=11 10 11 26 11 10 11 11 18 17 19 13 2 10 11 9 9 0 10 13 15 9 12 18 22 5 9 9 9 7
split_gain=1.61314e+06 271852 167546 65961.6 62423 45052.8 37817.9 25588 20396.7 63561.9 20258.2 19086 18230.9 16062.1 15901.6 15146.2 13419.3 13676.4 12718.3 11943.3 11802.7 10904.5 10846.9 12126.4 10420.6 9791.55 9116.46 9037.02 8883.27 8606.03
threshold=371.15500000000003 340.36500000000007 411.4550000000001 9.533333333333335 317.59500000000008 400.23000000000008 356.49000000000007 339.07500000000005 159.84000000000003 39.942926457747369 431.00000000000006 16.057754606294552 3.5000000000000004 382.50500000000005 382.99000000000007 316.91500000000002 331.61000000000007 3.5000000000000004 425.81000000000006 10.18733216452757 358.93000000000006 325.69000000000005 358.61270833333339 306.19500000000005 29.150000000000002 0.25881904510252057 332.37500000000006 334.22000000000008 308.23000000000008 -0.49812626372919411
decision_type=2 2 2 2 2 2 2 2 2 2 2 2 2 2 2 2 2 2 2 2 2 2 2 2 2 2 2 2 2 2
left_child=1 4 5 6 8 14 15 16 9 -1 22 -5 -7 -13 28 -3 17 29 -12 -16 24 -10 23 -4 -9 27 -8 -17 -2 -6
right_child=2 3 10 11 7 12 26 20 21 -11 18 13 -14 -15 19 25 -18 -19 -20 -21 -22 -23 -24 -25 -26 -27 -28 -29 -30 -31
leaf_value=-3.1434482899117979 -0.3845640230841107 -0.52032936696747423 0.94695494709870764 1.4402461633929668 -1.5899405445371357 1.2132510225572479 -0.074470508325933008 -0.045812990916791661 -1.0532453406990612 -0.95548335429841436 1.2873020918936027 0.10326717228787702 0.65837592526222588 0.93755325412147494 1.3906079216206328 -0.1938659705653282 -0.46634053295192707 -0.67577851811287104 1.6450855365089698 0.57090210038551525 -0.55851517127801298 -0.53027258181377601 1.2369018129464511 -0.12382154345512392 -0.8868861166494233 -0.34900449286370827 0.2360583081557015 0.21330237224077186 0.34160206672484611 -0.93034919503169144
leaf_weight=47 45 608 78 53 56 351 508 299 748 113 610 164 256 89 47 561 411 885 419 815 365 115 138 40 42 777 442 180 657 423
leaf_count=47 45 608 78 53 56 351 508 299 748 113 610 164 256 89 47 561 411 885 419 815 365 115 138 40 42 777 442 180 657 423
internal_value=7.89248e-10 -0.442392 0.881456 -0.122615 -0.751036 0.613619 -0.192261 -0.615522 -1.07969 -1.5982 1.33397 0.577487 0.979235 0.396751 0.471721 -0.309455 -0.716791 -0.792257 1.43299 0.615596 -0.360914 -0.983556 0.935946 0.58398 -0.149406 -0.224994 0.0700071 -0.0949587 0.295053 -1.00746
internal_weight=10342 6886 3456 3382 3504 2171 3076 2481 1023 160 1285 306 607 253 1564 2126 1775 1364 1029 862 706 863 256 118 341 1518 950 741 702 479
internal_count=10342 6886 3456 3382 3504 2171 3076 2481 1023 160 1285 306 607 253 1564 2126 1775 1364 1029 862 706 863 256 118 341 1518 950 741 702 479
is_linear=0
shrinkage=0.05


Tree=17
num_leaves=31
num_cat=0
split_feature=11 11 10 26 11 11 10 9 11 18 2 19 5 10 0 7 17 5 10 13 25 17 9 12 2 4 9 7 9 26
split_gain=1.45759e+06 226786 185805 64884.5 45156.1 40731.6 31227.7 24573.8 23877.3 33391.6 19242.3 17368.7 13996.4 13788.6 13183.9 13123.9 12165.5 12111.3 10082.6 9977.28 12222.5 9514.42 9125.4 9053.74 8865.83 27663.7 8535.32 13179 8522.56 8231.5
threshold=362.95000000000005 395.73000000000008 328.95500000000004 9.533333333333335 341.73000000000008 426.47500000000008 376.78000000000003 325.27500000000003 310.82500000000005 159.84000000000003 3.5000000000000004 402.32500000000005 0.60355339059327384 410.55000000000007 8.5000000000000018 -0.99628250747696534 23.26182996334725 -0.70710678118654757 361.45500000000004 35.226666402245179 -1.1500000000000001 35.670249727784082 331.12000000000006 372.17666666666673 4.5000000000000009 -0.60355339059327362 332.37500000000006 -0.9575230291762723 316.32500000000005 22.487500000000001
decision_type=2 2 2 2 2 2 2 2 2 2 2 2 2 2 2 2 2 2 2 2 2 2 2 2 2 2 2 2 2 2
left_child=2 6 8 4 24 7 16 19 9 -1 13 -5 -10 -8 -13 -9 -2 -17 -6 20 28 -22 -14 -21 25 -4 27 -18 -3 -12
right_child=1 5 3 11 18 -7 10 15 12 -11 29 14 22 -15 -16 17 26 -19 -20 23 21 -23 -24 -25 -26 -27 -28 -29 -30 -31
leaf_value=-2.292901192566958 0.97942731302717467 -0.46829107457941233 0.66529311696856708 -0.098275378173676098 -0.25361274245281012 1.4861587281714179 0.67533897610768534 0.39227498556083107 -0.52118050133808336 -1.018223091320859 0.20886135380139748 0.10196346320757053 -0.90821508322169509 1.4598312953161816 1.1578225904197064 1.3684360167461225 -0.7355175300976452 0.96859244901803321 -0.020530810506522071 1.0427944491554411 0.21155300852605854 0.97806528285723326 -0.46535261988298587 0.41085856884298189 -0.59313131823485965 -0.45889115987777318 0.37157705871719182 0.11309701420265535 0.53365956335896403 0.71963204362740119
leaf_weight=58 46 44 59 69 1214 536 505 53 417 450 348 41 1038 63 106 464 49 320 751 281 59 129 131 71 1148 755 304 690 41 102
leaf_count=58 46 44 59 69 1214 536 505 53 417 450 348 41 1038 63 106 464 49 320 751 281 59 129 131 71 1148 755 304 690 41 102
internal_value=-8.71289e-10 0.731671 -0.481563 -0.287546 -0.333952 1.11331 0.369773 0.97662 -0.86543 -1.16376 0.568862 0.556151 -0.769874 0.762351 0.863331 1.15376 0.183664 1.20523 -0.164532 0.739398 0.512554 0.737511 -0.858587 0.91533 -0.503632 -0.377409 0.148568 0.0568289 0.0150028 0.324636
internal_weight=10342 4105 6237 4143 3927 1998 2107 1462 2094 508 1018 216 1586 568 147 837 1089 784 1965 625 273 188 1169 352 1962 814 1043 739 85 450
internal_count=10342 4105 6237 4143 3927 1998 2107 1462 2094 508 1018 216 1586 568 147 837 1089 784 1965 625 273 188 1169 352 1962 814 1043 739 85 450
is_linear=0
shrinkage=0.05


Tree=18
num_leaves=31
num_cat=0
split_feature=11 11 10 26 11 11 26 6 11 18 17 0 9 10 17 27 10 14 5 16 19 9 11 12 10 11 13 15 2 5
split_gain=1.31703e+06 222293 159162 56523.1 36894.2 35161.1 32232 23534.1 21179.7 47703.6 16989.1 16891.5 16496.7 15886.1 15660.5 14619.1 13490.4 13067.6 11991 11002 8763.09 8726.83 8433.26 8043.57 8007.31 7446.76 7219.71 6977.81 6600.45 6441.1
threshold=361.15500000000003 395.73000000000008 328.95500000000004 9.533333333333335 414.39000000000004 341.73000000000008 9.533333333333335 0.94138322595482449 309.78500000000003 159.84000000000003 45.46741229618474 9.5000000000000018 332.37500000000006 425.11500000000007 29.649917874557282 10.628124999999999 390.25500000000005 321.06500000000005 0.60355339059327384 341.50383928571438 428.49500000000006 331.12000000000006 329.05500000000006 359.48770833333339 356.35000000000008 300.34000000000009 31.547086042151388 430.19500000000011 4.5000000000000009 -0.70710678118654757
decision_type=2 2 2 2 2 2 2 2 2 2 2 2 2 2 2 2 2 2 2 2 2 2 2 2 2 2 2 2 2 2
left_child=2 6 8 5 17 22 12 10 9 -1 16 -5 14 20 -2 -9 -8 23 -10 -13 26 -20 -4 -3 -7 -11 -6 -25 -26 -19
right_child=1 4 3 11 13 24 7 15 18 25 -12 19 -14 -15 -16 -17 -18 29 21 -21 -22 -23 -24 27 28 -27 -28 -29 -30 -31
leaf_value=-2.7838378523290159 -0.59056266850613537 0.40668068641704003 -0.62454689859300627 -0.02322213130026329 0.32532135365439241 -0.27354282558667692 0.3935015066009816 1.9429792842966447 -0.51323720727789113 -0.36602779922906648 -0.49834686530133088 0.24631951458570436 0.35757798397233531 1.4769512791120656 0.10368015156252104 0.65931312434730083 0.84212141840367538 1.2455902280835058 -0.86980318204867579 1.2579941122959823 1.1744428529276336 -0.43963713896545498 -0.4048978589046961 1.0115850923918419 0.14138868565774629 -1.0496650941470282 1.08846351873307 0.42499499369311977 -0.15622086576395322 0.82990261195872983
leaf_weight=40 94 221 657 82 61 956 535 47 415 45 42 41 669 438 598 42 244 173 1104 78 605 132 1305 161 270 347 63 74 601 202
leaf_count=40 94 221 657 82 61 956 535 47 415 45 42 41 669 438 598 42 244 173 1104 78 605 132 1305 161 270 347 63 74 601 202
internal_value=3.34181e-10 0.672984 -0.473072 -0.288126 1.05765 -0.33147 0.334561 0.564925 -0.827339 -1.13902 0.481206 0.528947 0.180535 1.23895 0.00937549 1.3372 0.534019 0.803031 -0.745783 0.909434 1.09596 -0.823863 -0.47845 0.623226 -0.173629 -0.971186 0.713047 0.826872 -0.0639653 1.02167
internal_weight=10342 4269 6073 3990 1998 3789 2271 910 2083 432 821 201 1361 1167 692 89 779 831 1651 119 729 1236 1962 456 1827 392 124 235 871 375
internal_count=10342 4269 6073 3990 1998 3789 2271 910 2083 432 821 201 1361 1167 692 89 779 831 1651 119 729 1236 1962 456 1827 392 124 235 871 375
is_linear=0
shrinkage=0.05


Tree=19
num_leaves=31
num_cat=0
split_feature=11 11 11 11 26 8 10 10 9 27 2 2 0 9 17 13 9 5 0 9 11 9 9 19 10 17 8 2 10 7
split_gain=1.19089e+06 204446 124119 56350.6 44066.7 37649.6 35796.7 35382.9 32839.6 17348.3 15686.6 15425.6 15307.8 15021.9 16099.1 14087.8 12927.5 10536.9 10360.5 9770.61 9493.06 9349.51 9290.76 9254.51 8979.92 7589.15 7503.5 7435.85 7259.31 7062.02
threshold=371.15500000000003 334.00500000000005 414.39000000000004 251.51500000000001 9.533333333333335 1.0000000180025095e-35 395.66000000000003 351.49500000000006 325.34000000000009 8.2311735392867824 4.5000000000000009 3.5000000000000004 3.5000000000000004 325.82500000000005 32.976875713997295 9.3323925063245223 333.83500000000009 0.60355339059327384 4.5000000000000009 309.26000000000005 381.21500000000009 331.17500000000007 339.11000000000007 429.10000000000008 369.09500000000008 39.882096638127756 1.0000000180025095e-35 1.0000000180025095e-35 344.64500000000004 -0.99761278905001471
decision_type=2 2 2 2 2 2 2 2 2 2 2 2 2 2 2 2 2 2 2 2 2 2 2 2 2 2 2 2 2 2
left_child=1 3 6 -1 7 8 15 18 12 -6 24 -8 19 -4 22 -2 -12 -10 21 -5 28 23 -15 -3 -9 26 -13 -20 -17 -22
right_child=2 4 13 5 9 -7 11 10 17 -11 16 25 -14 14 -16 20 -18 -19 27 -21 29 -23 -24 -25 -26 -27 -28 -29 -30 -31
leaf_value=-2.5401040232797132 1.1343523318729092 -1.5019507873349074 0.9542114473992962 -1.259951584775683 0.76795740282128322 0.7616137306557762 0.98529061593009537 0.023171945917633698 0.030006504656080537 0.065032867265025579 -0.27821226897490997 0.22125230960967676 -0.68731255360704591 0.2137595896457517 1.4329193763524655 -0.26117252866188956 0.10330638305415003 -0.4984864097991959 -0.058169405849429069 -0.86798692294760382 -0.15573022010367971 -0.38906233624145869 1.1174582597755252 -0.64496842845726543 0.40866849875906441 0.042780375708976102 0.82500881677005378 -0.34650060646200737 0.27371357362024668 0.50174338941694596
leaf_weight=41 62 41 459 213 161 45 493 545 109 193 764 71 1164 43 581 73 313 700 286 627 43 314 84 136 209 62 187 1025 484 814
leaf_count=41 62 41 459 213 161 45 493 545 109 193 764 71 1164 43 581 73 313 700 286 627 43 314 84 136 209 62 187 1025 484 814
internal_value=3.86662e-10 -0.380107 0.757355 -0.69961 -0.147792 -0.673207 0.543403 -0.199681 -0.69616 0.384725 -0.0448819 0.809823 -0.804705 1.17701 1.32145 0.396656 -0.167335 -0.42728 -0.35697 -0.967378 0.36431 -0.552874 0.811482 -0.843478 0.130027 0.539494 0.658859 -0.2836 0.203612 0.468755
internal_weight=10342 6886 3456 2899 3987 2858 2289 3633 2813 354 1831 813 2004 1167 708 1476 1077 809 1802 840 1414 491 127 177 754 320 258 1311 557 857
internal_count=10342 6886 3456 2899 3987 2858 2289 3633 2813 354 1831 813 2004 1167 708 1476 1077 809 1802 840 1414 491 127 177 754 320 258 1311 557 857
is_linear=0
shrinkage=0.05


Tree=20
num_leaves=31
num_cat=0
split_feature=8 11 10 10 9 11 0 13 11 16 10 9 7 16 16 27 7 2 15 2 11 17 11 9 0 9 18 6 7 2
split_gain=1.07585e+06 253269 95745.8 64049.1 34732.2 34316.5 21066.7 17788 17387.1 16256.9 14525.9 14125.7 16979.5 13378.5 14418.6 13351.9 11946.7 13181.6 10773.2 10156 9504.7 9392.18 9135.54 8756.96 10552.1 10900.9 8476.75 8294.99 7988.94 7850.1
threshold=1.0000000180025095e-35 345.34500000000008 406.49500000000006 328.15000000000003 325.27500000000003 358.55500000000006 9.5000000000000018 20.839564646577028 300.34000000000009 334.55717261904766 432.89500000000004 332.37500000000006 -0.99761278905001471 361.99747023809533 358.63101190476192 9.2775636814296476 0.99681593486783593 1.5000000000000002 399.40000000000003 3.5000000000000004 333.11500000000007 39.882096638127756 386.03500000000003 331.17500000000007 3.5000000000000004 309.26000000000005 168.59000000000003 -0.39036798905311365 -0.79382744783423187 1.5000000000000002
decision_type=2 2 2 2 2 2 2 2 2 2 2 2 2 2 2 2 2 2 2 2 2 2 2 2 2 2 2 2 2 2
left_child=1 3 4 8 6 -3 -2 15 -1 -8 19 12 -7 14 16 28 17 26 -9 -4 -5 -21 -14 24 25 -10 -11 -19 -6 -26
right_child=2 5 10 20 7 11 9 18 23 13 -12 -13 22 -15 -16 -17 -18 27 -20 21 -22 -23 -24 -25 29 -27 -28 -29 -30 -31
leaf_value=-1.6415138878559663 0.0098805545064909722 -0.16679596193111268 1.1227259390159328 -0.51788703323410423 0.8882081029415132 -0.9702498131245374 -0.4754990898817778 0.073434716793043281 -1.2442126844347139 0.3835107355564833 1.4334109133128923 0.32772548397839651 0.01127856185050086 1.1790348852292085 -0.36705360833717432 0.6040751809547753 -0.28713951140642163 -0.29031456270964728 0.74434938662260486 0.89901061123190207 -0.32090827221427948 0.10627076204704203 0.46732510763384005 -0.35285429283818703 -0.42846941699183755 -0.82290230497069983 0.97939376595806571 0.47089575897009417 1.6423328229936502 -0.77299963404694871
leaf_weight=59 290 1287 722 1101 50 40 40 70 194 80 287 804 679 78 46 72 40 42 412 199 1380 46 131 118 248 736 235 242 118 496
leaf_count=59 290 1287 722 1101 50 40 40 70 194 80 287 804 679 78 46 72 40 42 412 199 1380 46 131 118 248 736 235 242 118 496
internal_value=-6.67763e-10 -0.331272 0.785058 -0.574385 0.552922 0.0268251 0.375153 0.822038 -0.796968 0.507069 1.12104 0.177484 0.0353738 0.55858 0.48793 1.17375 0.549478 0.605346 0.646914 1.02833 -0.408322 0.75017 0.0850342 -0.769162 -0.798508 -0.910789 0.828058 0.358322 1.41789 -0.658156
internal_weight=10342 7273 3069 4332 1815 2941 1093 722 1851 803 1254 1654 850 763 685 240 639 599 482 967 2481 245 810 1792 1674 930 315 284 168 744
internal_count=10342 7273 3069 4332 1815 2941 1093 722 1851 803 1254 1654 850 763 685 240 639 599 482 967 2481 245 810 1792 1674 930 315 284 168 744
is_linear=0
shrinkage=0.05


Tree=21
num_leaves=31
num_cat=0
split_feature=11 10 11 26 11 10 11 13 11 0 9 17 13 2 9 9 0 15 25 26 2 9 7 9 12 9 9 9 6 17
split_gain=972145 179110 93774 42298.1 38325.1 27152.3 24689.9 15793.4 15574.9 14588.4 12484.3 13666 12370.2 11762.4 11673 8568.56 10584.1 8337.36 11118.5 8723.9 8285.82 7915.3 7416.3 7196.38 6760.04 6695.38 6662.51 6586.4 10731.1 6577.29
threshold=372.55500000000006 340.36500000000007 414.39000000000004 9.533333333333335 317.59500000000008 400.23000000000008 354.85500000000008 10.71449692572833 348.64500000000004 9.5000000000000018 325.82500000000005 32.976875713997295 9.3323925063245223 3.5000000000000004 310.48500000000007 339.44500000000011 3.5000000000000004 351.27000000000004 -1.0999999999999999 22.579166666666669 1.0000000180025095e-35 339.11000000000007 0.19969739736768838 326.38500000000005 325.10708333333338 331.12000000000006 337.0750000000001 315.21500000000009 0.70290292807158616 39.882096638127756
decision_type=2 2 2 2 2 2 2 2 2 2 2 2 2 2 2 2 2 2 2 2 2 2 2 2 2 2 2 2 2 2
left_child=1 4 5 6 7 12 14 -1 15 -5 -4 21 -2 -7 -3 16 25 18 -14 -19 -11 -12 26 -8 -20 -6 -21 28 -9 -15
right_child=2 3 10 9 8 13 23 27 -10 20 11 -13 17 29 -16 -17 -18 19 24 22 -22 -23 -24 -25 -26 -27 -28 -29 -30 -31
leaf_value=-1.7820814361405928 1.1075211664725995 -0.57306825115400206 0.86093629347627143 0.1122821732583206 -0.81661857002582716 0.94988914765701959 -0.11927608537427957 -0.84242577077742631 -0.1490787062522084 1.3909767884306792 0.17416420086005402 1.2984248496886992 -0.68425190535987301 0.64492293979351722 -0.19996552429209088 -0.20978141066478326 -0.46984491096656406 0.31509103096162566 0.5518867804979285 0.36374176094904243 0.57796897429944882 1.008290029778367 1.1455700726441618 0.13978334752193508 -0.19749177441913257 -0.49925041333550502 0.81536220503268675 -0.66091843428739006 -1.5573154015056159 0.026210534572601321
leaf_weight=43 58 238 459 164 488 393 421 476 310 41 43 581 41 210 1759 193 1247 863 78 247 133 84 53 738 49 252 122 445 59 54
leaf_count=43 58 238 459 164 488 393 421 476 310 41 43 581 41 210 1759 193 1247 863 78 247 133 84 53 738 49 252 122 445 59 54
internal_value=3.40603e-10 -0.334438 0.70267 -0.0809589 -0.586545 0.508148 -0.137891 -0.844198 -0.480691 0.450634 1.06404 1.19572 0.391469 0.776493 -0.244431 -0.527847 -0.558741 0.362886 0.0316413 0.406192 0.76954 0.725869 0.592497 0.0456815 0.262756 -0.708542 0.513058 -0.803046 -0.921264 0.518368
internal_weight=10342 7007 3335 3494 3513 2168 3156 1023 2490 338 1167 708 1511 657 1997 2180 1987 1453 168 1285 174 127 422 1159 127 740 369 980 535 264
internal_count=10342 7007 3335 3494 3513 2168 3156 1023 2490 338 1167 708 1511 657 1997 2180 1987 1453 168 1285 174 127 422 1159 127 740 369 980 535 264
is_linear=0
shrinkage=0.05


Tree=22
num_leaves=31
num_cat=0
split_feature=8 11 10 10 11 9 0 7 2 27 13 16 2 9 7 10 16 16 27 2 15 18 16 4 10 2 4 9 5 16
split_gain=880236 207173 79370.8 49056.4 32606.3 29274.5 18013.9 16918.3 73706 35063.2 14772.6 14322.1 12814.3 12091.5 15386.6 11948.1 11340.6 13464.7 11260.2 10669.3 9709.04 9112.2 10172.6 8362.76 8319.01 8080.17 26384.7 7220.17 8059.94 7010.5
threshold=1.0000000180025095e-35 343.71000000000009 407.24500000000006 328.15000000000003 358.55500000000006 325.27500000000003 9.5000000000000018 -0.39036009226888674 1.0000000180025095e-35 9.0808526542371677 20.839564646577028 334.55717261904766 3.5000000000000004 332.37500000000006 -0.99761278905001471 430.73000000000008 361.99747023809533 358.63101190476192 9.0808526542371677 1.5000000000000002 399.40000000000003 228.29500000000004 344.93226190476196 -0.60355339059327362 312.13500000000005 4.5000000000000009 -0.78656609248549292 330.80000000000007 1.0000000180025095e-35 346.68000000000001
decision_type=2 2 2 2 2 2 2 2 2 2 2 2 2 2 2 2 2 2 2 2 2 2 2 2 2 2 2 2 2 2
left_child=1 3 5 7 -3 6 -2 8 9 -1 18 -8 15 14 -6 -4 17 19 -7 21 -12 22 -13 -16 -9 26 -5 28 -27 -23
right_child=2 4 12 25 13 10 11 24 -10 -11 20 16 -14 -15 23 -17 -18 -19 -20 -21 -22 29 -24 -25 -26 27 -28 -29 -30 -31
leaf_value=-1.3061255182325842 0.0023731522502128 -0.16347351964369983 1.0089372171681583 0.8981787937490836 -0.92954005045816313 1.297496367685766 -0.4618536803498865 -0.82047500747108926 -0.67303926436759443 -3.3868574236951225 0.045523443839379722 -0.081240414269268521 0.75322372667147564 0.29823675005145334 0.17282498885196668 1.4199066128858853 1.0721057668700815 -0.38318399929482005 0.55587987572558839 0.29220474399417973 0.68050331173740808 1.2838906798362733 0.83720149878869976 -0.18889425925136497 -0.56170620141680938 -0.39866820780003648 -0.32785773983172456 -0.25349411319050963 -0.68689772910809743 0.68408100981292108
leaf_weight=40 291 1486 657 46 40 166 40 456 324 41 70 64 325 804 591 242 80 46 74 313 430 75 57 219 974 542 953 318 439 139
leaf_count=40 291 1486 657 46 40 166 40 456 324 41 70 64 325 804 591 242 80 46 74 313 430 75 57 219 974 542 953 318 439 139
internal_value=-2.30962e-10 -0.299646 0.71011 -0.532248 0.006513 0.503003 0.340017 -0.725019 -1.0103 -2.35934 0.746382 0.460722 1.02229 0.159234 0.0277531 1.11957 0.508401 0.44342 1.06883 0.502099 0.591606 0.698209 0.351414 0.0750268 -0.644223 -0.378316 -0.271404 -0.460537 -0.527652 0.894295
internal_weight=10342 7273 3069 4133 3140 1845 1105 1835 405 81 740 814 1224 1654 850 899 774 694 240 648 500 335 121 810 1430 2298 999 1299 981 214
internal_count=10342 7273 3069 4133 3140 1845 1105 1835 405 81 740 814 1224 1654 850 899 774 694 240 648 500 335 121 810 1430 2298 999 1299 981 214
is_linear=0
shrinkage=0.05


Tree=23
num_leaves=31
num_cat=0
split_feature=11 10 11 2 11 5 17 10 9 10 19 18 17 26 2 26 10 13 9 0 13 9 5 19 18 9 13 9 11 2
split_gain=795306 161223 65584.1 37988.1 32028.3 30934.2 22881.3 21190.4 17761.8 17693.4 13959.9 13887.4 52365.7 13127 11536 10486.8 10485.9 8923.61 9529.02 10077.6 12839.1 9019.68 8751.16 8548.94 10754 8501.28 8396.1 7692.41 6923.34 6464.18
threshold=375.34500000000008 340.36500000000007 414.39000000000004 4.5000000000000009 317.59500000000008 -0.5 45.46741229618474 404.88000000000005 330.80000000000007 364.75500000000005 412.53500000000003 159.84000000000003 39.942926457747369 9.533333333333335 1.0000000180025095e-35 17.995833333333337 425.81000000000006 10.790393427095889 339.44500000000011 4.5000000000000009 11.663698131622075 307.19500000000005 1.0000000180025095e-35 428.49500000000006 306.19500000000005 312.06500000000005 13.021684273779085 322.17500000000007 432.89500000000004 1.5000000000000002
decision_type=2 2 2 2 2 2 2 2 2 2 2 2 2 2 2 2 2 2 2 2 2 2 2 2 2 2 2 2 2 2
left_child=1 4 6 5 11 10 7 15 22 14 -3 12 -1 17 -7 23 28 -6 19 20 -19 -22 25 24 -2 -5 -15 -13 -4 -21
right_child=2 3 16 8 13 9 -8 -9 -10 -11 -12 27 -14 26 -16 -17 -18 18 -20 29 21 -23 -24 -25 -26 -27 -28 -29 -30 -31
leaf_value=-2.5966429338176202 0.25700959355946057 0.30495237804328407 0.77895488324977746 -0.51290387411623495 -0.10683074541632416 0.36818028691387372 -0.67960470860324262 0.79033831971021851 -0.015048451088859847 0.26414939487639327 1.0950059600097617 -0.76836088771658728 -0.61070612125692125 -0.36395495879981254 -0.13748051548295753 0.57161281067241088 1.1635309701843513 -1.4284811210267399 -0.15429369653202596 -0.24972244017508799 -1.2848107353846234 -0.55731888480528669 -0.60990130415997434 0.41499194322550537 -0.44879866355698406 -0.16985719785267531 0.56884137688634495 -0.41333248375284709 1.1721135697653857 -0.50185065959041064
leaf_weight=47 207 132 613 258 169 126 41 510 626 522 97 665 113 45 1076 605 417 49 200 382 45 801 248 526 73 602 52 198 137 760
leaf_count=47 207 132 613 258 169 126 41 510 626 522 97 665 113 45 1076 605 417 49 200 382 45 801 248 526 73 602 52 198 137 760
internal_value=-1.20374e-09 -0.288788 0.665718 -0.0576192 -0.530513 0.0936083 0.489174 0.514119 -0.227946 0.0210833 0.639604 -0.766229 -1.19408 -0.434174 -0.0844745 0.414281 0.962529 -0.457165 -0.483632 -0.515967 -0.641592 -0.596015 -0.34823 0.296184 0.0729953 -0.272771 0.136101 -0.686906 0.850772 -0.417514
internal_weight=10342 7213 3129 3687 3526 1953 1962 1921 1734 1724 229 1023 160 2503 1202 1411 1167 2406 2237 2037 895 846 1108 806 280 860 97 863 750 1142
internal_count=10342 7213 3129 3687 3526 1953 1962 1921 1734 1724 229 1023 160 2503 1202 1411 1167 2406 2237 2037 895 846 1108 806 280 860 97 863 750 1142
is_linear=0
shrinkage=0.05


Tree=24
num_leaves=31
num_cat=0
split_feature=8 11 10 10 13 10 17 0 7 2 7 2 27 6 2 13 6 9 13 25 2 10 18 23 11 27 11 9 9 17
split_gain=717991 170289 65194.3 43220 25868.6 24027.8 18612 16754.9 16713 15871.2 13939.8 64880.2 29805.7 12067.4 11333.3 11140.4 10738.9 10894.1 18877.7 23275.8 13428.8 10196.6 9326.95 10015.5 7728.9 7280.11 7169.12 6925.56 6918.75 6146.73
threshold=1.0000000180025095e-35 345.34500000000008 407.24500000000006 328.15000000000003 10.322301615318512 369.09500000000008 46.354287850065255 8.5000000000000018 0.99681593486783593 3.5000000000000004 -0.39036009226888674 1.0000000180025095e-35 9.0808526542371677 -0.94705910369513524 3.5000000000000004 10.790393427095889 0.94138322595482449 334.13500000000005 11.783583696410485 -1.0000000180025095e-35 1.0000000180025095e-35 430.73000000000008 306.19500000000005 21.320833333333336 327.55500000000006 8.3723906735651656 329.05500000000006 333.83500000000009 315.21500000000009 39.882096638127756
decision_type=2 2 2 2 2 2 2 2 2 2 2 2 2 2 2 2 2 2 2 2 2 2 2 2 2 2 2 2 2 2
left_child=1 3 4 10 25 15 7 -6 13 -7 11 12 -1 -9 21 -3 17 18 19 -15 -20 -4 -22 -24 28 -2 -5 -11 -12 -16
right_child=2 5 14 26 6 9 -8 8 -10 27 24 -13 -14 16 29 -17 -18 -19 20 -21 22 -23 23 -25 -26 -27 -28 -29 -30 -31
leaf_value=-1.1912013649195434 1.3830954109297859 0.33791072857292259 0.91354965546722655 -0.46792768142875735 0.081952559050044116 0.41496363342222242 -0.66380105936899791 1.0895896502159617 -0.24181421512944834 -0.10402012793571354 -0.76412721859474841 -0.59556535227315099 -3.0982958737583388 -0.96571713818444138 0.78515335160435418 -0.13352054701413343 1.1190252096815543 0.76147898953746673 0.91474560808597338 0.37442251833868617 0.4848788339606423 1.2932021194684111 -0.29740340729968417 0.55425717769456762 -0.36332649586844112 0.57239678621292123 -0.27979630441594089 0.20543450836478067 -0.51555702641295897 0.25620335502283914
leaf_weight=40 90 136 657 709 290 486 40 93 72 374 568 328 42 54 255 1595 66 242 144 81 487 242 90 56 321 40 1772 350 552 70
leaf_count=40 90 136 657 709 290 486 40 93 72 374 568 328 42 54 255 1595 66 242 144 81 487 242 90 56 321 40 1772 350 552 70
internal_value=5.08789e-10 -0.270626 0.641336 -0.469973 0.453634 0.0230063 0.402087 0.427541 0.499903 0.193943 -0.652815 -0.910053 -2.16801 0.540576 0.924269 -0.0964815 0.498725 0.463249 0.384113 -0.161633 0.478934 1.01575 0.379792 0.0292609 -0.579625 1.13365 -0.333559 0.0455781 -0.641618 0.671226
internal_weight=10342 7273 3069 4332 1845 2941 1715 1675 1385 1210 1851 410 82 1313 1224 1731 1220 1154 912 135 777 899 633 146 1441 130 2481 724 1120 325
internal_count=10342 7273 3069 4332 1845 2941 1715 1675 1385 1210 1851 410 82 1313 1224 1731 1220 1154 912 135 777 899 633 146 1441 130 2481 724 1120 325
is_linear=0
shrinkage=0.05


Tree=25
num_leaves=31
num_cat=0
split_feature=11 10 11 2 11 5 17 10 9 10 18 2 5 19 5 2 9 22 2 9 17 13 11 9 7 26 17 4 9 12
split_gain=649839 133292 54222.6 32261 26150.4 25137.9 19325.6 17146.8 15570.1 14618 12389.7 47177.2 12078.4 11786.7 11164.3 10322.5 9824.15 10000.7 9534.04 9178.83 10849.1 8994.46 7030.27 7853.09 6692.91 7314.57 6583.63 6530.69 10074.2 6905.01
threshold=375.34500000000008 340.36500000000007 414.39000000000004 4.5000000000000009 316.56500000000005 -0.5 45.46741229618474 404.88000000000005 319.59500000000008 363.22500000000008 159.84000000000003 1.5000000000000002 -0.5 412.53500000000003 0.25881904510252057 1.0000000180025095e-35 332.37500000000006 34.70000000000001 4.5000000000000009 325.82500000000005 32.976875713997295 9.3323925063245223 300.34000000000009 325.69000000000005 -0.99761278905001471 21.725000000000005 41.239216506224551 -0.60355339059327362 307.19500000000005 334.51604166666669
decision_type=2 2 2 2 2 2 2 2 2 2 2 2 2 2 2 2 2 2 2 2 2 2 2 2 2 2 2 2 2 2
left_child=1 4 6 5 10 13 7 21 -5 15 11 -1 -10 -3 18 -7 17 27 26 -4 -21 -2 -12 -24 -23 -26 -6 -16 29 -29
right_child=2 3 19 8 14 9 -8 -9 12 -11 22 -13 -14 -15 16 -17 -18 -19 -20 20 -22 24 23 -25 25 -27 -28 28 -30 -31
leaf_value=-2.5205730191496918 1.0197145491265334 0.27320049187224921 0.69748771358240802 -0.41484810872372213 0.076963653923817599 0.34794750085898807 -0.63289556815856851 0.71263500231185795 0.08894698887726854 0.23029520640443812 -0.072141980393877578 -0.54878653392051036 -0.24027629620078184 0.99915824083937821 -0.19720188114114784 -0.1315459101038812 -0.26084101147039157 -1.192611457955725 -0.42032626964063485 0.56591458645040593 1.0760590331122382 -0.15784594709834746 -0.72868928150060253 -0.23294381597130509 0.2873726708451374 0.53682432992094087 -0.59665243591935868 -0.66202996516076384 -0.489021614642623 -1.4756990963762457
leaf_weight=43 52 132 459 596 266 126 41 510 487 570 53 103 651 97 165 1028 493 53 274 127 581 62 654 91 847 450 42 64 1181 44
leaf_count=43 52 132 459 596 266 126 41 510 487 570 53 103 651 97 165 1028 493 53 274 127 581 62 654 91 847 450 42 64 1181 44
internal_value=1.41248e-10 -0.261045 0.601763 -0.0508519 -0.480836 0.0885106 0.441238 0.464164 -0.207816 0.0231325 -0.706032 -1.12952 -0.0993872 0.580702 -0.398502 -0.0791922 -0.454588 -0.517971 -0.205767 0.871644 0.98455 0.374355 -0.628552 -0.668135 0.349661 0.373921 -0.0148931 -0.493379 -0.531292 -0.993525
internal_weight=10342 7213 3129 3687 3526 1953 1962 1921 1734 1724 944 146 1138 229 2582 1154 2000 1507 582 1167 708 1411 798 745 1359 1297 308 1454 1289 108
internal_count=10342 7213 3129 3687 3526 1953 1962 1921 1734 1724 944 146 1138 229 2582 1154 2000 1507 582 1167 708 1411 798 745 1359 1297 308 1454 1289 108
is_linear=0
shrinkage=0.05


Tree=26
num_leaves=31
num_cat=0
split_feature=11 10 11 2 10 5 17 26 9 0 6 15 2 13 10 19 9 15 13 11 7 9 22 19 9 9 5 9 15 17
split_gain=586480 120596 48935.9 28005.8 26046 20993.4 17441.3 15528.6 14377.5 12626.4 12734.8 11995.6 15754.5 15307.8 11981.2 10307.3 9561.06 9070.92 9001.09 8875.97 29619.1 8732.05 19885.2 8328.55 7816.93 7036.68 7025.81 6633.13 6337.14 7043.45
threshold=375.34500000000008 342.28500000000003 414.39000000000004 4.5000000000000009 321.95000000000005 -0.5 45.46741229618474 17.252083333333335 332.47000000000008 9.5000000000000018 0.94138322595482449 358.93000000000006 3.5000000000000004 13.021684273779085 355.84500000000008 412.53500000000003 308.23000000000008 364.61000000000007 14.741334363978735 309.15500000000003 -0.5129677127369543 339.44500000000011 35.850000000000009 427.84000000000003 321.83500000000004 325.82500000000005 -0.5 306.61000000000007 355.28500000000003 37.447363263114767
decision_type=2 2 2 2 2 2 2 2 2 2 2 2 2 2 2 2 2 2 2 2 2 2 2 2 2 2 2 2 2 2
left_child=1 4 6 5 19 15 7 28 26 -9 24 12 13 16 17 -3 -6 -7 -15 20 -1 22 -13 -4 -11 -25 27 -5 29 -2
right_child=2 3 23 8 11 14 -8 9 -10 10 -12 21 -14 18 -16 -17 -18 -19 -20 -21 -22 -23 -24 25 -26 -27 -28 -29 -30 -31
leaf_value=-2.0030250319775114 -0.44315080127695156 0.26443126269902745 0.42980232746971742 -0.60120012390462663 -0.8729960923269392 0.4875002883117775 -0.60125079182226493 0.29118908085772455 0.028315361850767436 0.35917442499694086 1.3365886903660638 -0.42582748798144299 -0.41602731051755221 0.92619536490394516 0.16207849323189 0.95170796694868098 -0.019240124797407582 -0.16406260340429082 0.057094314558939499 -0.54383551342793945 -0.65248238928366031 -0.13499034645272076 -1.4606670790157903 0.69408603965451843 0.74412873427016324 0.96666593928496514 -0.42656826287060978 -0.11014136450887849 0.3465069602293106 0.34638250430247619
leaf_weight=47 57 130 118 79 40 58 41 265 533 191 70 1412 318 65 865 94 182 676 55 1041 298 241 48 361 426 688 500 531 856 56
leaf_count=47 57 130 118 79 40 58 41 265 533 191 70 1412 318 65 865 94 182 676 55 1041 298 241 48 361 426 688 500 531 856 56
internal_value=1.07647e-09 -0.247993 0.571675 -0.0354209 -0.444623 0.0995081 0.419176 0.440955 -0.185132 0.584378 0.697471 -0.343621 -0.16269 0.0728694 0.0360016 0.552842 -0.17307 -0.112577 0.527857 -0.616677 -0.836469 -0.413823 -0.45985 0.828062 0.624961 0.872861 -0.287625 -0.173737 0.300049 -0.0518777
internal_weight=10342 7213 3129 3466 3747 1823 1962 1921 1643 952 687 2361 660 342 1599 224 222 734 120 1386 345 1701 1460 1167 617 1049 1110 610 969 113
internal_count=10342 7213 3129 3466 3747 1823 1962 1921 1643 952 687 2361 660 342 1599 224 222 734 120 1386 345 1701 1460 1167 617 1049 1110 610 969 113
is_linear=0
shrinkage=0.05


Tree=27
num_leaves=31
num_cat=0
split_feature=11 11 10 11 26 9 24 11 10 27 10 2 9 11 9 0 2 7 12 17 12 16 13 16 24 11 2 7 10 2
split_gain=530481 92087.8 67569.4 21512.9 21069.2 13312.1 14810.5 13130.5 11917.8 10736.2 10708.9 11048 8861.97 6616.58 6547.43 6978.5 10483.3 8662.35 24765.8 5962.11 9560.17 6626.18 5959.29 5892.55 5871.1 5318.12 9106.23 4965.3 4815.12 11004.7
threshold=361.15500000000003 390.31500000000005 332.20500000000004 426.47500000000008 10.264583333333334 334.13500000000005 34.260416666666671 339.07500000000005 316.14000000000004 8.2311735392867824 386.01500000000004 3.5000000000000004 306.17000000000002 302.34500000000008 336.02500000000003 4.5000000000000009 1.5000000000000002 -0.5129677127369543 344.15020833333341 34.72186386427704 361.56541666666675 348.7775595238096 9.3323925063245223 350.89389880952388 13.374107142857145 310.26500000000004 1.0000000180025095e-35 -0.88620506325989179 342.85000000000008 1.0000000180025095e-35
decision_type=2 2 2 2 2 2 2 2 2 2 2 2 2 2 2 2 2 2 2 2 2 2 2 2 2 2 2 2 2 2
left_child=2 10 8 5 7 6 19 25 13 -6 22 -12 23 -1 15 17 24 18 -10 20 21 -3 -2 -9 -17 -4 -27 -14 -24 -30
right_child=1 3 4 -5 9 -7 -8 12 14 -11 11 -13 27 -15 -16 16 -18 -19 -20 -21 -22 -23 28 -25 -26 26 -28 -29 29 -31
leaf_value=-1.1227730631609174 0.64104378687984809 0.45214616297930488 -0.86919704396618391 0.92406964775925471 0.71009725380688904 0.75043394920089213 -0.25120571756708449 -0.23779052188952587 -1.918844013093483 -0.072534221679402086 0.62045393474858068 0.17729444195823577 0.097204030630809651 -0.60968593958790052 -0.053051669659933687 0.44557535052299502 -0.48729501654083535 -0.48481861262257919 -0.36570155062204734 0.56017486188482846 0.80027881477166118 -0.28898502321129571 -0.12687724373628234 -1.0212489649653436 -0.19205892844953473 0.30585570561348419 -0.31914383369571353 -0.12107152217620983 0.629485840390962 0.083757059536628986
leaf_weight=68 51 50 41 536 100 601 69 56 42 78 244 332 310 827 113 43 435 626 66 858 54 76 215 42 225 61 1307 1633 101 1082
leaf_count=68 51 50 41 536 100 601 69 56 42 78 244 332 310 827 113 43 435 626 66 858 54 76 215 42 225 61 1307 1633 101 1082
internal_value=3.06044e-10 0.427111 -0.300237 0.647713 -0.163323 0.560988 0.458136 -0.190692 -0.503397 0.367146 0.182652 0.365022 -0.109645 -0.648669 -0.419513 -0.448331 -0.335742 -0.556164 -0.969701 0.505289 0.243664 0.00511465 0.110157 -0.573558 -0.0897519 -0.308091 -0.291275 -0.0862463 0.0907901 0.130349
internal_weight=10342 4269 6073 2244 3628 1708 1107 3450 2445 178 2025 576 2041 895 1550 1437 703 734 108 1038 180 126 1449 98 268 1409 1368 1943 1398 1183
internal_count=10342 4269 6073 2244 3628 1708 1107 3450 2445 178 2025 576 2041 895 1550 1437 703 734 108 1038 180 126 1449 98 268 1409 1368 1943 1398 1183
is_linear=0
shrinkage=0.05


Tree=28
num_leaves=31
num_cat=0
split_feature=8 11 10 11 13 10 16 0 6 6 9 13 13 2 13 2 7 2 9 7 10 9 13 19 11 23 5 13 9 4
split_gain=480736 115542 44991.3 24778.7 20947.3 20907.7 14503.5 12524.8 10643.2 11142.6 10401.1 13289.5 16489.1 9743.27 12576.9 9431.69 9215.87 58151.6 8421.96 12162.9 8063.47 6935.22 8571.26 6179.88 6092.41 6930.44 6076.14 5832.36 5677.1 5590.19
threshold=1.0000000180025095e-35 339.30500000000006 407.24500000000006 358.55500000000006 10.18733216452757 326.63500000000005 334.55717261904766 8.5000000000000018 -0.94705910369513524 0.94138322595482449 334.13500000000005 11.783583696410485 11.111862054744838 1.0000000180025095e-35 24.187280294778656 3.5000000000000004 -0.5129677127369543 1.0000000180025095e-35 332.37500000000006 -0.99761278905001471 430.73000000000008 306.17000000000002 16.410127000427302 412.53500000000003 306.52500000000003 33.912500000000009 0.78656609248549303 43.225061852357669 334.13500000000005 -0.60355339059327362
decision_type=2 2 2 2 2 2 2 2 2 2 2 2 2 2 2 2 2 2 2 2 2 2 2 2 2 2 2 2 2 2
left_child=1 5 4 21 -2 16 -6 -8 -9 10 11 12 -10 23 -15 20 17 -1 19 -5 27 22 -3 -13 -7 -26 28 -4 -23 -21
right_child=2 3 15 18 6 24 7 8 9 -11 -12 13 -14 14 -16 -17 -18 -19 -20 29 -22 26 -24 -25 25 -27 -28 -29 -30 -31
leaf_value=-2.2729099662331018 1.037950686365366 -0.020270947486162188 0.79786819315789748 -0.84239228148013356 -0.51277868878841404 -0.91560553370452513 0.052974656590378977 0.93035742469852978 0.23890800052218966 0.96829437581698097 0.63415345007107282 0.27492084459022242 -0.86626742647753829 -0.15144603999667905 0.37415150532406338 0.52898305297814885 -0.50277496839763691 -0.4501113788529395 0.23446715723014258 0.13071797036265642 1.0900079193840588 -0.12937970679948138 -0.88536422457268005 0.93987455691653077 -0.33889942212712532 -0.066988284289021136 -0.32001669240376307 0.26435687922473466 0.098249019638186191 -0.16502187402247023
leaf_weight=55 110 50 601 40 50 41 291 93 90 75 242 54 54 144 543 325 1374 214 804 591 242 1260 67 99 1619 274 315 56 350 219
leaf_count=55 110 50 601 40 50 41 291 93 90 75 242 54 54 144 543 325 1374 214 804 591 242 1260 67 99 1619 274 315 56 350 219
internal_value=1.12395e-10 -0.221443 0.524783 -0.0253894 0.368853 -0.42402 0.326432 0.351335 0.413618 0.376679 0.340488 0.268265 -0.175533 0.344344 0.263983 0.759824 -0.555171 -0.822803 0.118459 0.00872805 0.843276 -0.141905 -0.515666 0.705185 -0.312602 -0.299542 -0.119188 0.752394 -0.0798952 0.0507587
internal_weight=10342 7273 3069 3696 1845 3577 1735 1685 1394 1301 1226 984 144 840 687 1224 1643 269 1654 850 899 2042 117 153 1934 1893 1925 657 1610 810
internal_count=10342 7273 3069 3696 1845 3577 1735 1685 1394 1301 1226 984 144 840 687 1224 1643 269 1654 850 899 2042 117 153 1934 1893 1925 657 1610 810
is_linear=0
shrinkage=0.05


Tree=29
num_leaves=31
num_cat=0
split_feature=8 11 9 4 17 5 9 0 0 11 2 5 9 7 7 13 13 2 15 6 5 9 9 9 22 2 7 9 27 27
split_gain=433865 104287 41907.6 23566.3 22314.9 20186.4 19376.7 19210.8 17514.5 17016 16031.7 12401.1 12210.2 11950.3 10260.1 8008.89 17937.3 11413.3 14412.8 8047 7806.03 6735.39 6423.23 6327.04 7602.95 6151.02 6103.15 6380.36 6063.49 4949.38
threshold=1.0000000180025095e-35 339.07500000000005 325.27500000000003 -0.78656609248549292 45.46741229618474 -0.70710678118654757 321.37000000000006 9.5000000000000018 4.5000000000000009 300.34000000000009 3.5000000000000004 0.60355339059327384 332.37500000000006 0.99681593486783593 -0.99052477729077237 11.783583696410485 10.790393427095889 1.0000000180025095e-35 410.74500000000006 -0.37447345805034543 0.78656609248549303 308.23000000000008 326.38500000000005 341.02500000000003 35.850000000000009 1.5000000000000002 -0.96234030595689413 306.17000000000002 4.0763999603647045 11.167140820657979
decision_type=2 2 2 2 2 2 2 2 2 2 2 2 2 2 2 2 2 2 2 2 2 2 2 2 2 2 2 2 2 2
left_child=1 6 4 10 7 14 8 -2 9 -1 22 -8 26 15 -4 16 -9 -17 19 -19 -14 -11 -3 24 -13 -10 -5 -28 -16 -7
right_child=2 3 5 12 -6 29 11 13 25 21 -12 23 20 -15 28 17 -18 18 -20 -21 -22 -23 -24 -25 -26 -27 27 -29 -30 -31
leaf_value=-1.6871470635547305 -0.023087350327475328 0.16461365345244608 0.24658792846215272 -0.6956059669655178 -0.6385275706959268 0.58640440784556713 -0.0056899294232511353 0.72894062260165815 -0.11729125884131238 -0.87263142982462671 -0.054506266559991572 -0.36186867592990019 0.085784425765086783 -0.22526159767294304 0.95515548486488155 0.90368874055289083 -0.421495058760047 -0.49336723915010228 0.61459594893967739 0.27263543467347823 -0.24365680881290008 -0.54441396629860417 0.46563431411937234 -0.072961264440800228 -0.95111240560253119 -0.43163332782689667 -0.58822840214256311 -0.15924630386758523 0.673137089339781 0.30720633427853233
leaf_weight=40 282 375 72 62 60 345 340 64 186 212 540 975 824 64 611 168 72 40 480 240 230 595 336 179 58 953 93 1275 277 294
leaf_count=40 282 375 72 62 60 345 340 64 186 212 540 975 824 64 611 168 72 40 480 240 230 595 336 179 58 953 93 1275 277 294
internal_value=-5.61238e-11 -0.210371 0.498544 -0.0260982 0.305843 0.675698 -0.404905 0.346029 -0.508345 -0.680531 0.150879 -0.272539 -0.115228 0.438308 0.820639 0.478222 0.119886 0.530737 0.448295 0.163206 0.013895 -0.630637 0.306868 -0.347398 -0.394953 -0.380301 -0.2104 -0.18841 0.867184 0.457947
internal_weight=10342 7273 3069 3735 1470 1599 3538 1410 1986 847 1251 1552 2484 1128 960 1064 136 928 760 280 1054 807 711 1212 1033 1139 1430 1368 888 639
internal_count=10342 7273 3069 3735 1470 1599 3538 1410 1986 847 1251 1552 2484 1128 960 1064 136 928 760 280 1054 807 711 1212 1033 1139 1430 1368 888 639
is_linear=0
shrinkage=0.05


Tree=30
num_leaves=31
num_cat=0
split_feature=8 11 9 10 17 5 0 10 7 7 2 12 7 2 13 13 2 13 25 2 15 6 2 4 11 11 27 9 4 9
split_gain=391563 94398.2 37821.6 27564.4 20139.2 18218.2 17337.7 13613.1 10785.2 9776.48 48804.9 61756.7 9259.74 8084.41 7799.72 7375.87 7305.34 7228.02 16749.2 10300.5 13007.6 7262.41 5933.94 20512.5 6331.06 5541.64 5472.3 5069.88 4851 5863.9
threshold=1.0000000180025095e-35 348.64500000000004 325.27500000000003 328.15000000000003 45.46741229618474 -0.70710678118654757 9.5000000000000018 369.09500000000008 0.99681593486783593 -0.39036009226888674 1.0000000180025095e-35 328.37854166666671 -0.99052477729077237 3.5000000000000004 10.790393427095889 11.482999848160668 1.0000000180025095e-35 11.783583696410485 -1.0000000180025095e-35 1.0000000180025095e-35 410.74500000000006 -0.37447345805034543 4.5000000000000009 -0.78656609248549292 330.68500000000006 327.55500000000006 4.0763999603647045 315.21500000000009 0.91597561503675362 325.69000000000005
decision_type=2 2 2 2 2 2 2 2 2 2 2 2 2 2 2 2 2 2 2 2 2 2 2 2 2 2 2 2 2 2
left_child=1 3 4 9 6 12 -2 14 17 10 11 -1 -4 -9 -3 -16 -17 18 -8 -19 21 -21 23 -5 -24 27 -14 -11 -25 -30
right_child=2 7 5 22 -6 -7 8 13 -10 25 -12 -13 26 -15 15 16 -18 19 -20 20 -22 -23 24 28 -26 -27 -28 -29 29 -31
leaf_value=-0.49335740738444867 -0.02193298423993038 0.31711802801915578 0.23425853227575621 0.70545076583371014 -0.60660119295120252 0.43504972560404104 -0.47464429419487719 0.32740664633789235 -0.21399851741189196 -0.5788445071159849 -0.4240992406861181 -3.1934905581176283 0.90739770982195 0.05751163058466438 -0.62699725343094714 0.26549170546490569 -0.1117216494384435 0.85850430316114368 0.6370355948857549 -0.46869887093198487 0.58386615003459164 0.25900366299475236 -0.43967519162141611 -0.26080839238038145 -0.22694461631541893 -0.24453227580876935 0.63948023640264884 -0.36606276430796153 -0.16347201438218525 0.32974062154002221
leaf_weight=45 282 126 72 66 60 639 64 483 64 568 339 40 611 652 62 145 1118 168 72 40 480 240 528 866 1036 344 277 552 220 83
leaf_count=45 282 126 72 66 60 639 64 483 64 568 339 40 611 652 62 145 1118 168 72 40 480 240 528 866 1036 344 277 552 220 83
internal_value=2.83895e-10 -0.199853 0.473617 -0.333654 0.290551 0.641913 0.328727 0.0426564 0.416393 -0.481292 -0.692713 -1.76401 0.779607 0.172366 -0.0588046 -0.0945527 -0.0684153 0.454311 0.113892 0.5042 0.42588 0.155046 -0.234069 -0.152142 -0.298762 -0.420061 0.823824 -0.473974 -0.200561 -0.0283676
internal_weight=10342 7273 3069 4687 1470 1599 1410 2586 1128 1888 424 85 960 1135 1451 1325 1263 1064 136 928 760 280 2799 1235 1564 1464 888 1120 1169 303
internal_count=10342 7273 3069 4687 1470 1599 1410 2586 1128 1888 424 85 960 1135 1451 1325 1263 1064 136 928 760 280 2799 1235 1564 1464 888 1120 1169 303
is_linear=0
shrinkage=0.05


Tree=31
num_leaves=31
num_cat=0
split_feature=11 10 11 2 0 9 2 15 10 17 2 6 10 26 5 17 6 9 22 7 4 25 9 6 22 9 17 26 11 14
split_gain=354189 75486.6 31234.1 19378.7 17509 20472.9 18740.5 14022.4 16033.2 11951.6 11750.3 49579.3 11231.2 9740.59 9726.54 8516.12 8340.58 7955.56 14401.2 6444.99 5925.32 8747.55 5907.82 5645.74 8461.6 5627.72 7381.23 5603.18 5203.83 4852.65
threshold=375.34500000000008 342.28500000000003 414.39000000000004 3.5000000000000004 4.5000000000000009 316.67500000000007 1.5000000000000002 358.13000000000005 365.32000000000005 45.46741229618474 1.0000000180025095e-35 0.59177612190863982 369.09500000000008 17.252083333333335 -0.70710678118654757 41.239216506224551 0.94138322595482449 340.68000000000006 35.850000000000009 -0.40613878790836594 -0.60355339059327362 -0.84999999999999776 314.06500000000005 -0.72696319516528884 24.700000000000003 334.13500000000005 34.72186386427704 13.916666666666666 432.89500000000004 318.97500000000008
decision_type=2 2 2 2 2 2 2 2 2 2 2 2 2 2 2 2 2 2 2 2 2 2 2 2 2 2 2 2 2 2
left_child=1 4 9 7 5 10 15 -3 -9 13 11 -1 23 -2 16 20 22 18 -7 -17 21 -6 -15 24 -5 26 29 -22 -28 -4
right_child=2 3 25 12 6 17 -8 8 -10 -11 -12 -13 -14 14 -16 19 -18 -19 -20 -21 27 -23 -24 -25 -26 -27 28 -29 -30 -31
leaf_value=-0.46838416472077377 0.22886019829176252 0.81987475992544834 0.53068844206631194 -1.0477471955286133 -0.13128035811044403 -0.34327449963603818 -0.35909948298016725 -0.038902307102612839 0.34013178849632819 -0.52227469835339524 -0.56979691498239193 -2.4824562491087079 0.014917286643463888 0.11202350617529683 0.30273241757849356 -0.88409575274650087 1.245801649025331 -0.024933429214107836 -1.1048422170633621 -0.037026175016234085 -0.10833748599974102 0.67338098337567309 0.63264846681929487 -0.16130819020885856 -0.29253528391792311 0.799988365455503 0.5365622861403202 0.46391752977700285 0.84305688671230039 -0.22620151120755408
leaf_weight=100 969 69 40 45 59 1044 1162 835 419 41 488 44 917 65 502 47 48 174 66 43 393 79 337 970 211 404 484 48 194 45
leaf_count=100 969 69 40 45 59 1044 1162 835 419 41 488 44 917 65 502 47 48 174 66 43 393 79 337 970 211 404 484 48 194 45
internal_value=-3.26817e-11 -0.192721 0.444263 -0.0245413 -0.348289 -0.453948 -0.237725 0.125928 0.0877447 0.322429 -0.68691 -1.0838 -0.117435 0.340458 0.454049 -0.0269083 0.62285 -0.339281 -0.388557 -0.479385 0.0434248 0.329359 0.548468 -0.216429 -0.425287 0.649094 0.569197 -0.0460512 0.624261 0.129982
internal_weight=10342 7213 3129 3466 3747 1916 1831 1323 1254 1962 632 144 2143 1921 952 669 450 1284 1110 90 579 138 402 1226 256 1167 763 441 678 85
internal_count=10342 7213 3129 3466 3747 1916 1831 1323 1254 1962 632 144 2143 1921 952 669 450 1284 1110 90 579 138 402 1226 256 1167 763 441 678 85
is_linear=0
shrinkage=0.05


Tree=32
num_leaves=31
num_cat=0
split_feature=26 11 0 9 10 17 10 7 7 2 12 13 25 25 18 2 9 2 23 13 13 25 0 13 9 7 7 9 5 2
split_gain=319871 78554.7 31345.3 24323.1 22736.5 13286.6 12769 10842.6 8299.67 41930.1 54354.6 8011.32 9033.22 13698.5 11248.5 9152.09 7641.12 7334.55 7081.21 6874.97 6551.87 6510.8 6441.82 6425.35 5797.28 5428.44 9724.98 5222.72 6500.41 7832.46
threshold=8.8312500000000025 348.64500000000004 9.5000000000000018 325.27500000000003 328.15000000000003 45.46741229618474 369.09500000000008 -0.75013812021657655 -0.35846086284744721 1.0000000180025095e-35 328.37854166666671 36.927294719761029 -1.5999999999999985 -4.7499999999999991 304.34000000000009 1.5000000000000002 320.47000000000008 3.5000000000000004 13.464583333333335 10.790393427095889 11.482999848160668 -1.0000000180025095e-35 16.500000000000004 23.093779332283383 338.81000000000006 0.31595530242620651 0.46611290379786346 306.17000000000002 0.60355339059327384 4.5000000000000009
decision_type=2 2 2 2 2 2 2 2 2 2 2 2 2 2 2 2 2 2 2 2 2 2 2 2 2 2 2 2 2 2
left_child=1 4 16 5 8 11 19 24 9 10 -1 12 13 -4 -15 18 -2 -8 -14 -3 -21 -20 25 -17 -5 -9 -27 -6 29 -29
right_child=2 6 3 7 27 -7 17 22 -10 -11 -12 -13 15 14 -16 23 -18 -19 21 20 -22 -23 -24 -25 -26 26 -28 28 -30 -31
leaf_value=-0.43127673531985949 -0.14064281185959826 0.29465263733078562 0.76290681611746558 0.22545664075185501 -0.43318791100235798 -0.46727282976110773 0.30517183178099005 0.9427096716629052 -0.37766290943891578 -0.38801575622888151 -2.9644291530549527 0.54575023721320448 0.17914024792611599 0.018866531030190262 -0.99236705228220679 -0.43156119301915175 0.23599037228582664 0.052315145587631465 1.3066246658563614 -0.59363022239938867 -0.067279424185640202 0.58967923076921391 0.4028802544913358 0.26764226750490944 0.61112447055056696 0.069152245088480419 0.78673381595516523 0.044551413510098427 -0.28176962930967731 -0.20218189363133832
leaf_weight=45 202 126 40 168 242 48 512 398 1445 358 40 448 80 88 40 40 404 652 40 62 1274 152 108 184 232 56 301 480 1102 975
leaf_count=45 202 126 40 168 242 48 512 398 1445 358 40 448 80 88 40 40 404 652 40 62 1274 152 108 184 232 56 301 480 1102 975
internal_value=-1.76195e-10 -0.17896 0.432069 0.512508 -0.301622 0.347207 0.0399713 0.664328 -0.435708 -0.625043 -1.62335 0.382364 0.272128 -0.0447509 -0.297144 0.379458 0.110446 0.163537 0.574366 -0.0584082 -0.0917059 0.739043 0.764066 0.142785 0.449144 0.815732 0.674172 -0.211177 -0.190165 -0.120785
internal_weight=10342 7313 3029 2423 4687 1160 2626 1263 1888 443 85 1112 664 168 128 496 606 1164 272 1462 1336 192 863 224 400 755 357 2799 2557 1455
internal_count=10342 7313 3029 2423 4687 1160 2626 1263 1888 443 85 1112 664 168 128 496 606 1164 272 1462 1336 192 863 224 400 755 357 2799 2557 1455
is_linear=0
shrinkage=0.05


Tree=33
num_leaves=31
num_cat=0
split_feature=11 10 10 2 0 9 2 5 13 2 6 9 17 2 13 16 2 15 13 14 9 22 10 4 25 13 16 11 17 26
split_gain=288790 70246.7 21230.2 18666.5 15952.6 18069.6 17395.4 11698.5 11650 9880.57 42333.8 9670 9437.83 8606.02 8113.09 21069 8670.33 13092.7 11636.8 7859.16 7539.43 12330.3 7285.79 6730.25 10049.9 6202.59 5531.93 5523.2 5419.22 5416.32
threshold=379.25000000000006 343.74500000000006 415.22000000000008 4.5000000000000009 4.5000000000000009 316.67500000000007 1.5000000000000002 -0.70710678118654757 10.607254350858371 1.0000000180025095e-35 0.59177612190863982 333.83500000000009 41.239216506224551 3.5000000000000004 11.555722190545973 369.22538690476193 1.0000000180025095e-35 351.27000000000004 24.514388501824918 304.58500000000004 340.68000000000006 35.850000000000009 365.32000000000005 -0.60355339059327362 -0.84999999999999776 16.057754606294552 359.081755952381 406.61500000000007 39.122015943195095 13.279166666666667
decision_type=2 2 2 2 2 2 2 2 2 2 2 2 2 2 2 2 2 2 2 2 2 2 2 2 2 2 2 2 2 2
left_child=1 4 8 7 5 9 12 -3 -2 10 -1 -5 23 -4 15 -10 17 28 -18 -14 21 -7 25 24 -6 -9 -15 -20 -16 -25
right_child=2 3 13 11 6 20 -8 22 14 -11 -12 -13 19 26 16 -17 18 -19 27 -21 -22 -23 -24 29 -26 -27 -28 -29 -30 -31
leaf_value=-0.42561969038844111 0.74731096097014171 0.50168415017470103 0.7096282987764122 -0.19836603918601758 -0.1294464147557258 -0.31264813876044695 -0.32229191591985434 0.36300008916581167 -0.590606734447363 -0.52295390369454553 -2.2867143501125446 0.083669152441240069 -0.07421387562062591 -0.097115177617353554 -0.25864608201715683 0.63651573780130166 -0.092984430448882091 0.88152901562952235 0.26351388686263083 -0.96718551115217533 -0.010368364029163395 -1.0117433855171079 0.19471083709945136 -0.10231783748839994 0.66853122183300084 -0.054590604557791571 0.48655402060392217 0.49791039198543097 0.47823735166873249 0.42154135355459793
leaf_weight=100 154 169 694 1200 68 1076 1255 98 82 488 44 407 56 51 45 61 185 155 849 44 186 67 671 415 94 960 199 357 56 56
leaf_count=100 154 169 694 1200 68 1076 1255 98 82 488 44 407 56 51 45 61 185 155 849 44 186 67 671 415 94 960 199 357 56 56
internal_value=-1.07304e-10 -0.164461 0.424478 -0.00153589 -0.309068 -0.410252 -0.209258 0.104638 0.330009 -0.630346 -0.994288 -0.126936 -0.0157274 0.619018 0.294107 -0.0671489 0.325473 0.592888 0.276258 -0.467121 -0.305587 -0.353627 0.0658288 0.0555829 0.333578 -0.0159102 0.367486 0.3329 0.149923 -0.0400331
internal_weight=10342 7454 2888 3505 3949 1961 1988 1898 1944 632 144 1607 733 944 1790 143 1647 256 1391 100 1329 1143 1729 633 162 1058 250 1206 101 471
internal_count=10342 7454 2888 3505 3949 1961 1988 1898 1944 632 144 1607 733 944 1790 143 1647 256 1391 100 1329 1143 1729 633 162 1058 250 1206 101 471
is_linear=0
shrinkage=0.05


Tree=34
num_leaves=31
num_cat=0
split_feature=26 11 5 9 10 2 9 17 7 7 27 27 13 22 13 9 9 13 25 2 15 12 2 10 7 7 5 15 4 9
split_gain=261221 64929.1 27417.4 20731.2 20405.8 13763.4 13155.5 12102.4 9769.24 9444.18 8244.82 7299.41 7103.66 6794.91 6750.31 6562.5 6112.44 6110.39 10542.4 6897.8 9602.69 5854.19 5292.19 6342.31 4793.29 5092.75 4766.12 4580.7 3958.07 6214.14
threshold=8.8312500000000025 333.11500000000007 -0.5 325.27500000000003 352.37500000000006 3.5000000000000004 325.34000000000009 45.46741229618474 -0.75013812021657655 -0.99761278905001471 4.0763999603647045 2.7693637825969741 10.790393427095889 35.850000000000009 10.71449692572833 333.83500000000009 331.24000000000007 11.783583696410485 -1.0000000180025095e-35 1.0000000180025095e-35 410.74500000000006 352.57958333333346 1.0000000180025095e-35 373.97500000000008 0.29958852271690523 0.46611290379786346 0.60355339059327384 359.85000000000008 -0.60355339059327362 308.23000000000008
decision_type=2 2 2 2 2 2 2 2 2 2 2 2 2 2 2 2 2 2 2 2 2 2 2 2 2 2 2 2 2 2
left_child=1 6 3 7 9 22 14 11 21 -3 24 17 -11 27 -1 -7 -4 18 -2 -19 -21 -5 -6 -24 -10 -26 -16 -8 -14 -30
right_child=2 4 16 8 5 15 13 -9 10 12 -12 -13 28 -15 26 -17 -18 19 -20 20 -22 -23 23 -25 25 -27 -28 -29 29 -31
leaf_value=-0.96385533580822613 -0.48152182658513393 -0.79154045736609868 -0.031943733698605557 -0.17225356334820391 0.7550752910971642 -0.1293140195552763 0.3546704168783294 -0.46425989971806603 0.96179619184077636 0.15265953040839544 0.49306325369647575 0.17868075331258601 -0.040602059758309744 -0.68356387041753441 -0.29737792955298514 0.087197448824057569 0.29702757398564639 0.86555998862903805 0.6007800681061215 0.16191320819195343 0.60493070939711513 0.46535188887371781 0.058036870318907231 0.31579408754884408 0.18129008549369044 0.76270816020377274 -0.46367057157117764 -0.1669369309144195 -0.54798200372753181 -0.18135492463368771
leaf_weight=56 45 58 382 40 40 925 45 48 279 183 308 409 427 61 654 563 224 107 45 207 299 360 558 417 45 231 1263 651 127 1285
leaf_count=56 45 58 382 40 40 925 45 48 279 183 308 409 427 61 654 563 224 107 45 207 299 360 558 417 45 231 1263 651 127 1285
internal_value=-1.48902e-11 -0.161724 0.390454 0.465684 -0.0467367 0.0494408 -0.354758 0.313076 0.605847 -0.162473 0.700519 0.34663 -0.144429 -0.17756 -0.422746 -0.0473947 0.0896562 0.444341 0.0596291 0.500824 0.423696 0.401591 0.191403 0.168278 0.815648 0.667912 -0.406938 -0.133212 -0.173992 -0.214331
internal_weight=10342 7313 3029 2423 4583 2503 2730 1160 1263 2080 863 1112 2022 757 1973 1488 606 703 90 613 506 400 1015 975 555 276 1917 696 1839 1412
internal_count=10342 7313 3029 2423 4583 2503 2730 1160 1263 2080 863 1112 2022 757 1973 1488 606 703 90 613 506 400 1015 975 555 276 1917 696 1839 1412
is_linear=0
shrinkage=0.05


Tree=35
num_leaves=31
num_cat=0
split_feature=26 11 0 9 10 9 0 11 17 5 7 2 9 0 17 7 9 15 13 2 9 23 0 9 24 13 2 13 22 10
split_gain=235752 58724.4 25562.5 16783.4 15264.9 12891 10872.9 11616.5 9217.72 8994.05 8700.01 7926.11 7805.94 6523.04 6320.86 8693.9 7338.51 7206.61 6128.49 5551.02 5069.15 11338.7 5161.13 4888.71 4683.68 5824.98 9365.82 5983.76 5140.52 4599.89
threshold=8.8312500000000025 339.07500000000005 10.500000000000002 325.69000000000005 369.09500000000008 321.37000000000006 4.5000000000000009 300.34000000000009 45.46741229618474 0.60355339059327384 -0.99052477729077237 3.5000000000000004 320.47000000000008 16.500000000000004 38.510675973285949 -0.40613878790836594 316.19500000000005 429.24500000000006 10.790393427095889 1.0000000180025095e-35 308.23000000000008 21.779166666666672 4.5000000000000009 308.23000000000008 27.199702380952385 12.386566716141798 1.0000000180025095e-35 23.093779332283383 12.500000000000002 363.22500000000008
decision_type=2 2 2 2 2 2 2 2 2 2 2 2 2 2 2 2 2 2 2 2 2 2 2 2 2 2 2 2 2 2
left_child=1 5 12 8 18 6 7 -1 14 -7 -5 -6 -2 29 24 16 -16 -17 -3 -8 21 -20 -22 -9 25 -4 -27 -28 -29 -12
right_child=2 4 3 10 11 9 19 23 -10 -11 13 -13 -14 -15 15 17 -18 -19 20 -21 22 -23 -24 -25 -26 26 27 28 -30 -31
leaf_value=-1.3517419346515089 -0.058104951647740391 0.20494844536039911 -0.24579999886807943 0.068632015655083312 0.27140512227549107 0.035225242918685958 0.030905003393813968 -0.68497380774889916 -0.4000686065426895 -0.25578125192331946 1.0094232268631458 0.022127550462799864 0.25271363635946559 0.33066783945294143 -0.25074313139276849 0.86482685210023613 0.50150382087215195 0.30141386787096658 -0.1208450157001808 -0.32223275824573033 -0.27333218968096762 -0.94109177981214287 -0.054536125851901443 -0.40534798745879858 0.62298937314129499 0.80040539000715527 -0.3904672730891478 0.52277804593156485 0.11897495636030248 0.65432685765767085
leaf_weight=40 303 163 63 70 521 340 125 212 42 1212 104 822 606 141 56 175 77 84 154 1014 319 58 1738 595 77 70 42 112 266 741
leaf_count=40 303 163 63 70 521 340 125 212 42 1212 104 822 606 141 56 175 77 84 154 1014 319 58 1738 595 77 70 42 112 266 741
internal_value=-9.90087e-11 -0.153637 0.370931 0.466043 -0.0164696 -0.299994 -0.384364 -0.520031 0.32589 -0.19203 0.607258 0.118832 0.149107 0.645497 0.355724 0.513361 0.184768 0.682098 -0.0911857 -0.283478 -0.112459 -0.345252 -0.0884671 -0.478806 0.257638 0.206766 0.264954 0.175712 0.23862 0.698031
internal_weight=10342 7313 3029 2120 3775 3538 1986 847 1064 1552 1056 1343 909 986 1022 392 133 259 2432 1139 2269 212 2057 807 630 553 490 420 378 845
internal_count=10342 7313 3029 2120 3775 3538 1986 847 1064 1552 1056 1343 909 986 1022 392 133 259 2432 1139 2269 212 2057 807 630 553 490 420 378 845
is_linear=0
shrinkage=0.05


Tree=36
num_leaves=31
num_cat=0
split_feature=11 11 11 5 9 9 11 2 0 2 9 7 9 7 5 23 27 2 0 22 17 17 17 16 9 9 17 6 19 12
split_gain=213227 42441.4 33371.6 25244.3 15849 11753.1 10861.6 8672.45 8219.4 14507.4 7231.37 7566.03 7010.12 7764.93 6180.13 6046.17 5519.32 8252.5 5465.24 5394.06 4930.45 10054.3 6278.95 12292.9 4757.27 4543.5 4498.74 6659.56 5734.36 5553
threshold=358.55500000000006 387.48500000000007 251.51500000000001 0.60355339059327384 321.37000000000006 331.24000000000007 426.47500000000008 1.0000000180025095e-35 9.5000000000000018 4.5000000000000009 336.02500000000003 -0.99761278905001471 325.27500000000003 -0.99761278905001471 -0.70710678118654757 12.560416666666669 -5.3694167731893865 3.5000000000000004 7.5000000000000009 34.150000000000006 35.351365016307987 32.428356060710634 41.239216506224551 357.13235119047624 334.13500000000005 308.23000000000008 27.705588296160098 0.048362692321690152 396.82500000000005 349.02312500000005
decision_type=2 2 2 2 2 2 2 2 2 2 2 2 2 2 2 2 2 2 2 2 2 2 2 2 2 2 2 2 2 2
left_child=2 10 -1 4 8 16 12 18 -4 -10 11 -2 15 -14 -15 -3 17 -5 -6 25 21 -17 -22 -24 -9 -18 27 -13 -28 -29
right_child=1 6 3 5 7 -7 -8 24 9 -11 -12 26 13 14 -16 20 19 -19 -20 -21 22 -23 23 -25 -26 -27 28 29 -30 -31
leaf_value=-1.6211091520582759 -0.60251114716132481 0.71147082406477846 -0.29836309096238606 -0.079715458158938948 0.18466610129583966 -0.14938301729602349 0.60013979521611327 -0.062802183066909129 0.29873365956092524 -0.1936382637166251 0.24177063179949312 -0.24335252775234129 -0.13905380979964607 0.58130742449126416 0.33386048664749657 0.25560220002949441 -0.61556349800848364 -0.43958076934647877 0.90907167612120166 -0.9784345960721027 0.31557304847725931 -0.70126535064456141 0.40957824271552418 -0.74882191260193676 0.15390867151076365 -0.3637346085988401 -0.53667083179408859 0.91338885941721026 0.044052134693945311 0.22370456462943711
leaf_weight=41 45 61 851 341 66 914 536 817 196 632 596 42 57 518 492 73 218 299 43 43 531 44 49 43 367 1004 44 47 1255 77
leaf_count=41 45 61 851 341 66 914 536 817 196 632 596 42 57 518 492 73 218 299 43 43 531 44 49 43 367 1004 44 47 1255 77
internal_value=-3.88751e-11 0.258172 -0.199649 -0.189586 -0.0879143 -0.296775 0.401734 0.0436606 -0.18924 -0.0770865 0.0942963 0.0360878 0.344803 0.428726 0.460769 0.233012 -0.367492 -0.24784 0.470441 -0.428028 0.193571 -0.104245 0.249501 -0.131848 0.00437086 -0.40866 0.0557035 0.300806 0.0243818 0.485117
internal_weight=10342 4510 5832 5791 2972 2819 2404 1293 1679 828 2106 1510 1868 1067 1010 801 1905 640 109 1265 740 117 623 92 1184 1222 1465 166 1299 124
internal_count=10342 4510 5832 5791 2972 2819 2404 1293 1679 828 2106 1510 1868 1067 1010 801 1905 640 109 1265 740 117 623 92 1184 1222 1465 166 1299 124
is_linear=0
shrinkage=0.05


Tree=37
num_leaves=31
num_cat=0
split_feature=26 10 5 9 2 4 9 17 2 25 7 7 5 9 4 11 27 11 13 13 2 13 9 9 15 18 9 9 7 7
split_gain=193478 48102.7 22159.3 15150.6 13897.7 11844.2 13619.8 9665.32 8277.59 9503.61 8130.63 7893 7292.28 7237.79 6931.21 6758.04 6526.55 5783.14 5419.45 14919.6 7365.83 8721.92 5312.81 5113.65 4906.08 4781.04 4595.26 4485.53 4303.14 4570.43
threshold=8.8312500000000025 346.17000000000007 -0.5 325.27500000000003 3.5000000000000004 -0.60355339059327362 318.24500000000006 45.46741229618474 1.5000000000000002 -0.84999999999999776 -0.75013812021657655 -0.99761278905001471 0.60355339059327384 330.80000000000007 -0.78656609248549292 300.34000000000009 4.0763999603647045 432.89500000000004 11.783583696410485 10.790393427095889 1.0000000180025095e-35 22.822800274882223 338.81000000000006 331.61000000000007 410.74500000000006 317.13000000000005 343.89000000000004 298.98500000000007 0.29958852271690523 0.46611290379786346
decision_type=2 2 2 2 2 2 2 2 2 2 2 2 2 2 2 2 2 2 2 2 2 2 2 2 2 2 2 2 2 2
left_child=1 5 3 7 14 8 15 17 9 -1 22 -8 -13 -6 -3 -7 28 18 19 -2 -20 -22 25 -4 -23 -5 -14 -17 -12 -30
right_child=2 4 23 10 13 6 11 -9 -10 -11 16 12 26 -15 -16 27 -18 -19 20 -21 21 24 -24 -25 -26 -27 -28 -29 29 -31
leaf_value=-0.24392130332753847 0.47399193485018237 0.26108795050757988 -0.042478576257872658 0.27211931559431835 -0.16570166123573926 -0.99526456382692519 -0.86388938115401703 -0.42146897003985945 -0.20005446168404642 0.44970874299711366 0.8507621858883182 -0.012419391897591678 -0.2633396524927582 0.03099958748950174 0.029095753648713849 -0.83593342258380021 0.425279285640353 0.74651053787573529 0.63276878649538215 -0.58307189709610407 -0.46515671839937572 0.13405856901469332 0.49221246715731404 0.26077972599822613 0.40110079268695875 -0.35413525672629476 0.056215277085172349 -0.36312537631679093 0.11131637354691824 0.66211260541692962
leaf_weight=76 71 576 390 128 1078 46 44 48 295 141 279 462 1445 826 730 52 308 69 154 63 40 288 232 216 427 40 122 1420 45 231
leaf_count=76 71 576 390 128 1078 46 44 48 295 141 279 462 1445 826 730 52 308 69 154 63 40 288 232 216 427 40 122 1420 45 231
internal_value=1.64179e-10 -0.139183 0.336033 0.403666 0.00579621 -0.252608 -0.284685 0.273205 -0.0276273 0.206778 0.523488 -0.201359 -0.186991 -0.080368 0.131414 -0.398477 0.609856 0.303191 0.273863 -0.0229858 0.317623 0.253341 0.337148 0.0656135 0.293537 0.123011 -0.23846 -0.379828 0.712288 0.572309
internal_weight=10342 7313 3029 2423 3210 4103 3591 1160 512 217 1263 2073 2029 1904 1306 1518 863 1112 1043 134 909 755 400 606 715 168 1567 1472 555 276
internal_count=10342 7313 3029 2423 3210 4103 3591 1160 512 217 1263 2073 2029 1904 1306 1518 863 1112 1043 134 909 755 400 606 715 168 1567 1472 555 276
is_linear=0
shrinkage=0.05


Tree=38
num_leaves=31
num_cat=0
split_feature=26 11 0 4 9 2 9 5 9 17 7 15 22 13 17 7 15 12 9 19 15 0 12 7 9 15 24 13 2 13
split_gain=174614 43674.5 20650.9 14642 12588.4 9862.37 9818.26 9178.27 9832.01 7198.24 6873.61 6549.3 6076.09 5845.42 5230.45 7281.67 6523.74 6374.75 5193.68 6040.05 4932.25 4778.27 4497.61 4326.23 4174.34 3925.9 3853.25 5025.46 7576.12 4613.85
threshold=8.8312500000000025 333.11500000000007 10.500000000000002 -0.60355339059327362 325.69000000000005 3.5000000000000004 325.2050000000001 0.37940952255126048 326.53000000000003 45.46741229618474 -0.99052477729077237 407.03500000000003 35.850000000000009 10.71449692572833 38.510675973285949 -0.40613878790836594 429.24500000000006 335.96125000000012 331.17500000000007 427.56 362.81000000000006 16.500000000000004 374.45562500000011 0.34033495509342482 326.38500000000005 359.85000000000008 27.199702380952385 12.386566716141798 1.0000000180025095e-35 24.336874661106751
decision_type=2 2 2 2 2 2 2 2 2 2 2 2 2 2 2 2 2 2 2 2 2 2 2 2 2 2 2 2 2 2
left_child=1 6 11 5 9 24 13 8 -5 14 -6 -2 25 -1 26 17 -17 -16 19 -9 -12 22 23 -22 -3 -8 27 -4 -29 -30
right_child=2 3 4 7 10 -7 12 18 -10 -11 20 -13 -14 -15 15 16 -18 -19 -20 -21 21 -23 -24 -25 -26 -27 -28 28 29 -31
leaf_value=-0.85336235763638146 -0.044745358983029102 0.082109458434464752 -0.24602571867761158 -0.15585043876123075 0.048256607103560653 -0.051079374140180822 0.35423584567175975 -0.87421726547181611 0.078080157452714405 -0.35818531797045755 0.88493544001309654 0.22928571141028142 -0.6177761745013175 -0.33507327473498733 -0.35715491459483195 0.78138140188796179 0.24532616259086704 0.38754638512055956 -0.15420375202681971 -0.30174693879313197 0.53380028133591018 0.23736192238709283 0.64873031467604703 0.062292165412671047 0.28961799205553568 -0.12839376616758244 0.5518610273862814 0.70996527652655328 -0.24637557584940206 0.21773544407243572
leaf_weight=56 363 511 63 950 70 872 45 56 852 42 105 546 61 1906 42 175 84 91 621 260 150 126 533 72 461 662 77 70 63 357
leaf_count=56 363 511 63 950 70 872 45 56 852 42 105 546 61 1906 42 175 84 91 621 260 150 126 533 72 461 662 77 70 63 357
internal_value=-1.13195e-10 -0.132224 0.319232 -0.0379171 0.404719 0.0710036 -0.290542 -0.111247 -0.0452462 0.283339 0.527019 0.119854 -0.138985 -0.349866 0.309703 0.4531 0.607526 0.152378 -0.238176 -0.403197 0.561008 0.522402 0.569971 0.380879 0.180527 -0.0976748 0.220478 0.174336 0.228383 0.148119
internal_weight=10342 7313 3029 4583 2120 1844 2730 2739 1802 1064 1056 909 768 1962 1022 392 259 133 937 316 986 881 755 222 972 707 630 553 490 420
internal_count=10342 7313 3029 4583 2120 1844 2730 2739 1802 1064 1056 909 768 1962 1022 392 259 133 937 316 986 881 755 222 972 707 630 553 490 420
is_linear=0
shrinkage=0.05


Tree=39
num_leaves=31
num_cat=0
split_feature=26 10 5 9 2 27 9 17 2 7 5 4 9 11 9 7 27 27 12 25 9 5 9 13 25 2 15 5 15 7
split_gain=157589 39468.9 19104.5 12322.7 11700.4 10436 10906.4 8085.92 8056.7 7071.28 6630.47 6557.12 6403.92 5929.35 5341.75 5824.65 5281.67 5236.35 4903.03 4698.77 4571.49 4517.46 4742.72 4450.34 8237.95 4460.07 6308.95 3897.03 3857.2 3727.01
threshold=8.8312500000000025 346.17000000000007 -0.5 325.27500000000003 4.5000000000000009 -9.0284710233262775 318.24500000000006 45.46741229618474 1.5000000000000002 -0.75013812021657655 0.37940952255126048 -0.9159756150367534 333.83500000000009 300.34000000000009 346.82000000000005 -0.98212955754013376 4.0763999603647045 2.7693637825969741 352.57958333333346 -0.84999999999999776 331.61000000000007 1.0000000180025095e-35 306.61000000000007 11.783583696410485 -1.0000000180025095e-35 1.0000000180025095e-35 410.74500000000006 0.60355339059327384 360.16000000000003 0.29958852271690523
decision_type=2 2 2 2 2 2 2 2 2 2 2 2 2 2 2 2 2 2 2 2 2 2 2 2 2 2 2 2 2 2
left_child=1 5 3 7 11 8 13 17 19 18 -8 -3 21 -7 15 -12 29 23 -5 -1 -4 22 -6 24 -2 -25 -27 -15 -21 -11
right_child=2 4 20 9 12 6 10 -9 -10 16 14 -13 -14 27 -16 -17 -18 -19 -20 28 -22 -23 -24 25 -26 26 -28 -29 -30 -31
leaf_value=-0.14256220566374916 -0.44808753278520375 0.24722694348686736 -0.05002114113288908 -0.22480907293967906 -0.49324592511131338 -0.92649422432093509 0.031526992114367346 -0.38697515554595158 -0.18631888422797294 0.77569394509291245 -0.69478422602287671 0.032069013746123691 0.075326721256882181 -0.26308258462265849 0.21023912486244939 -0.22456989402662475 0.38863288151257519 0.13358890459916048 0.35870482069747395 0.43022077277892357 0.23671090666256431 -0.35956243603146293 -0.072461036403008092 0.70008787965036445 0.50863996201091344 0.13259146998901875 0.49168125667385792 -0.42836234931759543 -0.081867046726867565 0.51655068183992658
leaf_weight=91 45 502 390 40 73 46 295 48 469 279 69 1202 401 680 67 1447 308 409 360 139 216 222 810 107 45 207 299 750 50 276
leaf_count=91 45 502 390 40 73 46 295 48 469 279 69 1202 401 680 67 1447 308 409 360 139 216 222 810 107 45 207 299 750 50 276
internal_value=-1.11334e-10 -0.125613 0.30327 0.366068 0.00571266 -0.228355 -0.266038 0.248411 -0.059612 0.474131 -0.186106 0.0954547 -0.0958282 -0.367742 -0.226662 -0.245971 0.554676 0.275837 0.300353 0.152622 0.0521804 -0.15794 -0.107248 0.358597 0.0302762 0.4068 0.344781 -0.349768 0.294748 0.646823
internal_weight=10342 7313 3029 2423 3210 4103 3354 1160 749 1263 1878 1704 1506 1476 1583 1516 863 1112 400 280 606 1105 883 703 90 613 506 1430 189 555
internal_count=10342 7313 3029 2423 3210 4103 3354 1160 749 1263 1878 1704 1506 1476 1583 1516 863 1112 400 280 606 1105 883 703 90 613 506 1430 189 555
is_linear=0
shrinkage=0.05


Tree=40
num_leaves=31
num_cat=0
split_feature=26 10 0 0 2 7 9 2 2 9 17 7 23 23 4 25 13 25 25 18 19 6 9 13 9 2 6 18 11 10
split_gain=142224 35835.6 17533.3 11356.8 12360.7 46943.7 11267.9 10927.2 9933.14 8376.76 6828.23 6191.63 5860.71 5338.27 4802.71 6100.69 4788.52 6035.74 10135.7 8944.28 6397.64 6807.53 6578.36 4768.04 4483.89 4399.93 5121.4 7025.8 4269.8 4197.58
threshold=8.8312500000000025 351.15000000000003 9.5000000000000018 4.5000000000000009 1.0000000180025095e-35 -0.52765736634565841 325.27500000000003 2.5000000000000004 4.5000000000000009 335.92000000000002 45.46741229618474 -0.99052477729077237 36.110416666666673 33.220833333333339 -0.78656609248549292 -0.84999999999999776 37.162828750675423 -1.5999999999999985 -4.7499999999999991 304.34000000000009 436.76000000000005 0.048362692321690152 321.71500000000009 42.257811174423374 320.47000000000008 3.5000000000000004 -0.73866753694953124 316.29500000000002 329.39500000000004 391.91000000000003
decision_type=2 2 2 2 2 2 2 2 2 2 2 2 2 2 2 2 2 2 2 2 2 2 2 2 2 2 2 2 2 2
left_child=1 3 24 4 5 -1 10 14 -3 -6 16 12 -8 29 15 -5 17 18 -4 -20 21 -19 -23 -18 -2 26 -13 -28 -9 -10
right_child=2 8 6 7 9 -7 11 28 13 -11 -12 25 -14 -15 -16 -17 23 20 19 -21 -22 22 -24 -25 -26 -27 27 -29 -30 -31
leaf_value=-1.662172152239241 -0.14477972573471617 0.11625700552833469 0.61293952688574793 -0.15047687433055931 -0.29708666736499739 -0.22883469243088495 -0.39663094986230135 -0.31824890677869072 -0.19408040400967003 -0.030876250880459945 -0.34812601581215863 0.74521281704030651 0.39579117984644008 0.10848505698274882 -0.060752505950446692 0.41902705123720241 0.49892483437188756 -0.045740146364772478 -0.0171034211800857 -0.91883329162374139 0.65155130728909916 0.48938013926575269 -0.16504970286041498 0.13514362513960806 0.14373467253742389 0.28844926079157096 0.2849580698536317 0.60134708482547694 -0.14700696648944556 0.029363061710097789
leaf_weight=76 202 1409 40 74 1394 230 40 628 725 375 48 216 56 307 804 129 304 184 88 40 88 192 48 128 404 232 304 415 866 296
leaf_count=76 202 1409 40 74 1394 230 40 628 725 375 48 216 56 307 804 129 304 184 88 40 88 192 48 128 404 232 304 415 866 296
internal_value=-8.82997e-11 -0.119332 0.288106 -0.204932 -0.291409 -0.584827 0.348267 -0.133184 0.023783 -0.240654 0.235758 0.451601 0.0656153 -0.0743313 -0.00588462 0.211425 0.260962 0.178262 -0.0817908 -0.298894 0.263592 0.183072 0.358494 0.391138 0.0475632 0.483353 0.531714 0.467575 -0.218988 -0.129301
internal_weight=10342 7313 3029 4576 2075 306 2423 2501 2737 1769 1160 1263 96 1328 1007 203 1112 680 168 128 512 424 240 432 606 1167 935 719 1494 1021
internal_count=10342 7313 3029 4576 2075 306 2423 2501 2737 1769 1160 1263 96 1328 1007 203 1112 680 168 128 512 424 240 432 606 1167 935 719 1494 1021
is_linear=0
shrinkage=0.05


Tree=41
num_leaves=31
num_cat=0
split_feature=26 10 5 0 2 2 7 9 9 17 2 6 18 18 6 13 4 11 11 24 23 15 12 9 14 15 27 6 6 7
split_gain=128358 32469 16596.4 13276.3 13537.5 12694.5 45507.8 10046 8029.23 6922.93 6903.46 6694.33 9300.25 9849.93 5757.61 5690.86 5525.24 6638.03 5436.84 4662.15 4186.19 4152.22 5596.82 3916.17 3795.96 3795.03 3755.71 3665.28 4311.82 3479.35
threshold=8.8312500000000025 359.25000000000006 -0.5 4.5000000000000009 3.5000000000000004 1.0000000180025095e-35 -0.52765736634565841 321.77500000000003 326.20000000000005 42.04441352259056 3.5000000000000004 -0.66528616069191593 317.85000000000008 316.00500000000005 0.9550229469509578 34.473321924859782 -0.78656609248549292 348.26000000000005 329.39500000000004 11.60059523809524 33.220833333333339 429.54000000000002 352.57958333333346 331.61000000000007 321.15500000000003 376.99500000000006 1.7941075607508728e-15 -0.73866753694953124 -0.85227431625818906 0.95936279103287792
decision_type=2 2 2 2 2 2 2 2 2 2 2 2 2 2 2 2 2 2 2 2 2 2 2 2 2 2 2 2 2 2
left_child=1 3 7 5 16 6 -1 9 -7 19 -3 15 13 21 -14 -9 17 -5 25 -2 -12 22 -13 -4 -19 -6 29 28 -20 -21
right_child=2 10 23 4 18 8 -8 11 -10 -11 20 12 14 -15 -16 -17 -18 24 27 26 -22 -23 -24 -25 -26 -27 -28 -29 -30 -31
leaf_value=-1.6083529897505724 0.76560050092637544 0.16951755296534265 -0.054920026360987084 0.75293264547983807 -0.23474728895366315 -0.32416121621994687 -0.21739295606298939 0.99830495069424308 -0.11358367542838183 -0.33513593198398928 -0.066100563700789192 -0.050898120961048537 0.40613951262425296 -0.42213269582550439 0.77941708513639041 0.50131493918597703 -0.051349551473250536 -0.017057449429935919 -0.20978716867776323 0.3886982381582087 0.14214134616452076 -0.017878962812634805 0.43592068098298076 0.21046595000144511 0.48784713757799025 -0.49208646506186504 0.099530557321193522 -0.095808908143140095 -0.78222412813541498 0.061061233289118083
leaf_weight=79 40 780 390 45 372 975 230 72 845 56 1032 72 440 56 135 288 1213 179 140 344 315 96 328 216 47 233 390 785 43 106
leaf_count=79 40 780 390 45 372 975 230 72 845 56 1032 72 440 56 135 288 1213 179 140 344 315 96 328 216 47 233 390 785 43 106
internal_value=2.18167e-10 -0.113365 0.273701 -0.180837 -0.114075 -0.276701 -0.573011 0.332232 -0.226393 0.203908 0.0511436 0.413007 0.353047 0.206452 0.493779 0.600713 -0.00574764 0.198367 -0.216273 0.238211 -0.0174026 0.277421 0.348293 0.039673 0.0879448 -0.333855 0.213097 -0.142785 -0.344294 0.311522
internal_weight=10342 7313 3029 5186 3057 2129 309 2423 1820 936 2127 1487 1127 552 575 360 1484 271 1573 880 1347 496 400 606 226 605 840 968 183 450
internal_count=10342 7313 3029 5186 3057 2129 309 2423 1820 936 2127 1487 1127 552 575 360 1484 271 1573 880 1347 496 400 606 226 605 840 968 183 450
is_linear=0
shrinkage=0.05


Tree=42
num_leaves=31
num_cat=0
split_feature=26 10 0 0 9 22 2 2 9 7 17 9 17 13 6 23 6 2 15 4 11 11 22 17 25 10 22 14 23 2
split_gain=115864 29984.4 15393.7 11900.4 12025.1 15266.5 12018.3 9887.27 9484.12 11079.5 26272.9 8477.33 6896.12 7191.08 7638.51 6769.92 6492.62 6228.51 4930.94 4917.16 6074.5 4906.74 4679.14 5420.37 4498.12 3533.85 3520.52 3489.12 3477.66 3454.18
threshold=9.533333333333335 359.25000000000006 10.500000000000002 4.5000000000000009 339.44500000000011 35.850000000000009 3.5000000000000004 3.5000000000000004 316.32500000000005 -0.61236746317008228 40.170942150120801 318.24500000000006 39.724853079941902 43.225061852357669 0.9550229469509578 29.202083333333338 0.90892735371523092 4.5000000000000009 407.03500000000003 -0.78656609248549292 348.26000000000005 329.39500000000004 20.850000000000005 38.298102963260213 0.59999999999999887 398.28000000000003 35.300000000000004 321.15500000000003 36.110416666666673 1.5000000000000002
decision_type=2 2 2 2 2 2 2 2 2 2 2 2 2 2 2 2 2 2 2 2 2 2 2 2 2 2 2 2 2 2
left_child=1 3 18 4 5 8 19 11 9 10 -1 15 13 14 16 24 -13 -3 -2 20 -5 -8 23 25 -4 -9 -19 -22 -21 -20
right_child=2 17 7 6 -6 -7 21 22 -10 -11 -12 12 -14 -15 -16 -17 -18 26 29 28 27 -23 -24 -25 -26 -27 -28 -29 -30 -31
leaf_value=-1.8210639797024091 -0.054945632892453834 0.13665500782417078 0.42173303450230792 0.71528601004017733 0.020712541344095281 -1.071127848501783 -0.31716203282472261 -0.21680328084362879 -0.20018708813386135 -0.35906518931446885 -0.050518116466701041 0.4207662892584213 0.72518090250732126 -0.24273712429695016 0.79647292997096741 -0.27407741840440958 -0.081995394718168038 -0.069519016562218969 0.40620973593216725 -0.072071897114096325 -0.020057077385814481 -0.13564570503471005 0.28330965863738194 -0.55581440407605409 0.079540388869202672 0.25687523147179964 0.19606195078490096 0.46345478385052785 0.2771984393806442 0.11221822055437379
leaf_weight=44 360 1058 238 45 318 64 605 63 1143 520 40 777 203 41 126 63 70 935 132 1145 181 968 217 42 161 105 144 47 76 411
leaf_count=44 360 1058 238 45 318 64 605 63 1143 520 40 777 203 41 126 63 70 935 132 1145 181 968 217 42 161 105 144 47 76 411
internal_value=2.06925e-10 -0.107205 0.26126 -0.172045 -0.262866 -0.31266 -0.109 0.335313 -0.284874 -0.445135 -0.977947 0.389948 0.459171 0.405916 0.433249 0.207601 0.379216 0.0504509 0.0885503 -0.00743998 0.184395 -0.20546 0.120485 -0.0477662 0.283655 0.0792458 -0.0340754 0.0796142 -0.0503319 0.183686
internal_weight=10342 7333 3009 5196 2129 1811 3067 2106 1747 604 84 1679 1217 1014 973 462 847 2137 903 1494 273 1573 427 210 399 168 1079 228 1221 543
internal_count=10342 7333 3009 5196 2129 1811 3067 2106 1747 604 84 1679 1217 1014 973 462 847 2137 903 1494 273 1573 427 210 399 168 1079 228 1221 543
is_linear=0
shrinkage=0.05


Tree=43
num_leaves=31
num_cat=0
split_feature=26 10 5 9 5 27 0 16 13 2 2 15 7 17 13 18 9 15 22 2 18 9 17 14 27 9 9 6 11 9
split_gain=104568 27060.9 14577 11101.6 9526.95 8816.83 8798.92 6612.97 6264.63 5621.23 5327.66 4431.86 4163.75 4051.89 3923.16 4291.52 3702.78 3635.39 3457.74 5173.1 4582.52 3433.55 3368.25 3923.24 3524.48 3903.01 3316.53 11044 4601.73 3309.93
threshold=9.533333333333335 359.25000000000006 -0.5 325.2050000000001 0.37940952255126048 2.7693637825969741 4.5000000000000009 361.72083333333336 10.790393427095889 4.5000000000000009 3.5000000000000004 360.16000000000003 -0.99761278905001471 33.256954977665693 16.057754606294552 300.27500000000003 334.57500000000005 433.87500000000006 24.700000000000003 3.5000000000000004 317.13000000000005 320.38000000000005 41.19961840446782 304.58500000000004 -9.3462180497990577 311.61500000000007 311.84500000000008 0.70290292807158616 302.34500000000008 338.81000000000006
decision_type=2 2 2 2 2 2 2 2 2 2 2 2 2 2 2 2 2 2 2 2 2 2 2 2 2 2 2 2 2 2
left_child=1 3 5 6 11 7 8 -2 -1 -3 22 -5 -6 29 -12 -16 -13 -7 20 -20 -15 -4 24 -24 25 -8 27 28 -10 -9
right_child=2 9 21 4 12 17 10 13 26 -11 14 16 -14 18 15 -17 -18 -19 19 -21 -22 -23 23 -25 -26 -27 -28 -29 -30 -31
leaf_value=-0.88878625115873866 0.282302344003106 0.12982225740831943 -0.14372070884826232 0.56838578103482729 -0.58588313099985223 0.12428045837258089 0.36777253984713676 -0.11658097523264588 0.17266470301896333 -0.032371632608242398 -0.14228154927459158 -0.031809336557570435 -0.11748266520282336 0.10936916041374208 -0.18949528494526424 -0.46365547769640447 0.28091147184530468 0.36445732832904543 0.82581766528052258 0.25261481695808474 0.56766170273721217 0.11110848646904595 -0.079874574228540648 -0.64200900426277752 -0.11061110194208044 -0.024917887126678948 -0.24552610649815662 -1.1655514668921629 -0.4006546014440911 0.40353769362545933
leaf_weight=49 831 1058 196 50 49 692 97 40 40 1079 600 288 1495 75 288 283 141 204 185 50 200 406 77 52 495 182 685 45 280 130
leaf_count=49 831 1058 196 50 49 692 97 40 40 1079 600 288 1495 75 288 283 141 204 185 50 200 406 77 52 495 182 685 45 280 130
internal_value=-1.52047e-10 -0.101844 0.248197 -0.163442 -0.0719121 0.303234 -0.221799 0.376924 -0.336181 0.0479284 -0.161189 0.122895 -0.132348 0.492557 -0.231561 -0.325375 0.070973 0.178964 0.563024 0.70386 0.442673 0.0281408 -0.0699318 -0.306471 -0.0305085 0.111609 -0.310392 -0.432127 -0.32899 0.281157
internal_weight=10342 7333 3009 5196 2023 2407 3173 1511 1099 2137 2074 479 1544 680 1171 571 429 896 510 235 275 602 903 129 774 279 1050 365 320 170
internal_count=10342 7333 3009 5196 2023 2407 3173 1511 1099 2137 2074 479 1544 680 1171 571 429 896 510 235 275 602 903 129 774 279 1050 365 320 170
is_linear=0
shrinkage=0.05


Tree=44
num_leaves=31
num_cat=0
split_feature=26 10 5 2 27 9 16 9 2 9 5 24 4 9 7 11 17 9 22 18 16 6 6 18 13 10 25 5 9 25
split_gain=94379.8 23943.2 13326.5 7713.94 7075.7 8102.53 6336.71 5475.49 5175.45 4917.8 4761.19 4602 4426.86 4396.9 4478.21 4283.91 4159.23 4803.78 4054.39 6191.1 3977.69 5735.82 4642.17 4437.32 6629 4802.64 3913.36 3906.59 3647.03 3570.68
threshold=8.8312500000000025 346.17000000000007 -0.70710678118654757 3.5000000000000004 -9.0284710233262775 318.09000000000009 361.72083333333336 320.38000000000005 1.5000000000000002 311.61500000000007 0.37940952255126048 11.094940476190477 -0.9159756150367534 346.82000000000005 -0.98212955754013376 300.34000000000009 33.256954977665693 338.81000000000006 24.700000000000003 316.08000000000004 360.73443452380957 -0.75015329512557194 -0.52766804058324157 301.55000000000001 13.021684273779085 420.32500000000005 -0.84999999999999776 1.0000000180025095e-35 298.98500000000007 0.5999999999999962
decision_type=2 2 2 2 2 2 2 2 2 2 2 2 2 2 2 2 2 2 2 2 2 2 2 2 2 2 2 2 2 2
left_child=1 4 6 12 8 15 11 -4 26 -5 -7 -2 -3 14 -12 -6 17 -8 19 -18 21 -13 -23 24 -24 -26 -1 -11 -17 -28
right_child=2 3 7 9 5 10 16 -9 -10 27 13 20 -14 -15 -16 28 18 -19 -20 -21 -22 22 23 -25 25 -27 29 -29 -30 -31
leaf_value=-0.13757148799742316 0.74834755377932671 0.2410418036962291 -0.045191626576706771 -0.28087075699012248 -0.7716289294802624 0.043432075751557851 -0.20919662755914034 0.18086284146530487 -0.13984089810282058 0.02780722582513076 -0.58527158960376091 0.54875491203533278 0.039145037943869428 0.22216886715162476 -0.17305537947329172 -0.68431150427571052 -0.040019140040708917 0.36280040312856915 0.62812261985654527 0.48434735972347653 -0.26218474256761731 -0.21592139931339208 -0.30531241426425471 0.4047445356573709 0.26745656662273171 -0.30810414761304861 0.55820480885379242 -0.1303859176374669 -0.26532681407067954 0.10232327581549866
leaf_weight=91 42 385 400 221 46 298 48 811 469 1068 69 126 921 67 1460 54 72 156 282 258 42 66 72 228 386 40 66 615 1360 123
leaf_count=91 42 385 400 221 46 298 48 811 469 1068 69 126 921 67 1460 54 72 156 282 258 42 66 72 228 386 40 66 615 1360 123
internal_value=2.63285e-11 -0.0972096 0.234696 0.00507539 -0.177233 -0.208261 0.320292 0.106196 -0.0382872 -0.0591185 -0.14003 0.236052 0.0986628 -0.174285 -0.191658 -0.296775 0.423733 0.228213 0.488907 0.36994 0.213639 0.235409 0.185559 0.222057 0.138417 0.213413 0.131815 -0.0299995 -0.281328 0.26152
internal_weight=10342 7313 3029 3210 4103 3354 1818 1211 749 1904 1894 1002 1306 1596 1529 1460 816 204 612 330 960 918 792 726 498 426 280 1683 1414 189
internal_count=10342 7313 3029 3210 4103 3354 1818 1211 749 1904 1894 1002 1306 1596 1529 1460 816 204 612 330 960 918 792 726 498 426 280 1683 1414 189
is_linear=0
shrinkage=0.05


Tree=45
num_leaves=31
num_cat=0
split_feature=26 10 0 13 11 2 9 5 9 22 17 13 6 6 22 5 2 9 9 9 14 9 23 14 18 24 2 15 9 10
split_gain=85225.6 22453.8 12469.2 10144.4 10419.5 8871.12 8757.49 7450.13 6735.77 6238.68 5844.99 6470.42 6585.19 5597.91 5141.29 4479.73 4354.41 4233.69 4220.94 3935.35 5263.37 4421.7 7869.55 3814.95 4386.63 3668.64 3625.96 4818.77 3515.4 3141.66
threshold=9.533333333333335 359.25000000000006 10.500000000000002 10.322301615318512 300.34000000000009 3.5000000000000004 334.13500000000005 0.60355339059327384 318.24500000000006 28.050000000000004 39.724853079941902 43.225061852357669 0.9550229469509578 0.90892735371523092 35.300000000000004 0.37940952255126048 4.5000000000000009 311.61500000000007 336.97000000000008 298.98500000000007 299.94500000000005 307.05500000000001 21.652083333333334 310.28000000000003 301.55000000000001 34.733928571428578 1.0000000180025095e-35 355.73500000000007 310.04000000000002 391.91000000000003
decision_type=2 2 2 2 2 2 2 2 2 2 2 2 2 2 2 2 2 2 2 2 2 2 2 2 2 2 2 2 2 2
left_child=1 3 18 -1 -5 8 7 19 9 23 11 12 13 -10 16 -8 -3 -7 -2 -6 -21 22 -22 24 -4 26 27 -23 -9 -18
right_child=2 14 5 4 6 17 15 28 10 -11 -12 -13 -14 -15 -16 -17 29 -19 -20 20 21 25 -24 -25 -26 -27 -28 -29 -30 -31
leaf_value=0.19579298972215467 0.0085675263051888436 0.091537429954424168 0.24378457245449303 -0.76797661006450657 -0.56805936427826575 -0.38944487841356373 0.25955611825529629 -0.3873499771777435 0.36948423649545792 -0.31479728644979854 0.64907273297276113 -0.26014757036435893 0.71832396519917352 -0.097352568964873043 0.23492046709748379 -0.057594406416180299 -0.13238647864923839 0.13922991307488605 0.26319434449968621 0.14569807438470581 -0.15751648236249971 -0.055103042526429315 -0.73774618465835473 -0.036991878336930011 0.73181519550936569 -0.5674974131397903 -0.11559768208508225 0.45560243650175192 -0.22001690912637401 0.057786022455624302
leaf_weight=206 690 898 259 70 47 42 131 387 777 56 203 41 126 70 304 742 592 385 213 189 233 144 78 91 56 40 1200 68 1661 343
leaf_count=206 690 898 259 70 47 42 131 387 777 56 203 41 126 70 304 742 592 385 213 189 233 144 78 91 56 40 1200 68 1661 343
internal_value=3.50214e-11 -0.0919439 0.224069 -0.148054 -0.162249 0.290718 -0.153631 -0.184614 0.342469 0.179928 0.404173 0.355145 0.381072 0.330903 0.0444849 -0.0100037 0.0129015 0.0872291 0.068629 -0.115947 -0.105061 -0.131944 -0.30304 0.248166 0.330546 -0.0952968 -0.08192 0.108708 -0.251637 -0.0626227
internal_weight=10342 7333 3009 5196 4990 2106 4920 4047 1679 462 1217 1014 973 847 2137 873 1833 427 903 1999 1952 1763 311 406 315 1452 1412 212 2048 935
internal_count=10342 7333 3009 5196 4990 2106 4920 4047 1679 462 1217 1014 973 847 2137 873 1833 427 903 1999 1952 1763 311 406 315 1452 1412 212 2048 935
is_linear=0
shrinkage=0.05


Tree=46
num_leaves=31
num_cat=0
split_feature=26 0 9 5 13 7 17 27 9 0 15 13 13 16 2 17 19 5 24 4 11 22 24 13 9 2 22 24 16 10
split_gain=76916.1 20445.9 14994.8 12098 10297.2 36708.7 7445.03 6990.29 6533.88 6509.28 5467.64 5466.7 5938.28 9840.38 4627.07 6099.3 4586.42 4534.86 4337.14 4303 5171.89 4185.51 3551.64 3241.07 3591.88 3107.46 4440.37 4072.85 3081.13 3735.17
threshold=9.533333333333335 4.5000000000000009 325.34000000000009 -0.5 12.865384578260773 -0.61236746317008228 45.46741229618474 2.7693637825969741 335.92000000000002 21.500000000000004 360.16000000000003 10.18733216452757 11.783583696410485 368.90068452380962 4.5000000000000009 45.46741229618474 435.44500000000005 1.0000000180025095e-35 11.60059523809524 -0.60355339059327362 341.73000000000008 35.300000000000004 12.524107142857146 14.376815645731243 311.84500000000008 3.5000000000000004 24.700000000000003 32.048214285714295 374.56196428571434 381.89500000000004
decision_type=2 2 2 2 2 2 2 2 2 2 2 2 2 2 2 2 2 2 2 2 2 2 2 2 2 2 2 2 2 2
left_child=1 4 14 6 5 -1 7 11 23 10 -4 -2 13 -13 15 19 18 -16 -14 20 -3 28 -20 -6 -25 26 -18 -28 29 -12
right_child=3 2 9 -5 8 -7 -8 -9 -10 -11 21 12 16 -15 17 -17 25 -19 22 -21 -22 -23 -24 24 -26 -27 27 -29 -30 -31
leaf_value=-1.4543666507243307 0.83095984285528024 0.56827894893227793 0.53066774700369157 0.012393464954365725 0.051763906965032226 -0.19481611209675531 -0.35346040974060694 0.16376335577600942 0.0006987965189267037 -0.12099606722655994 0.02073507830648675 -0.40195183344185353 0.75898178746533951 0.47066391899638504 -0.10699452560982253 -0.5673034534134247 0.39006803154280467 -0.29190364679055553 -0.21587879834114576 -0.1052284470147915 0.031415894422715217 0.23440199404705866 0.2696992678162215 -0.42519988152695198 -0.20524259593271879 0.24115018791556359 0.92683081658557054 0.45607531170634669 -0.11778423855765439 0.20731588863485839
leaf_weight=74 55 49 70 602 100 265 48 878 430 416 912 70 43 60 900 54 260 525 40 738 531 359 643 225 1060 125 100 85 245 380
leaf_count=74 55 49 70 602 100 265 48 878 430 416 912 70 43 60 900 54 260 525 40 738 531 359 643 225 1060 125 100 85 245 380
internal_value=1.28195e-10 -0.0873467 -0.0335034 0.212866 -0.216806 -0.469762 0.263005 0.275548 -0.169559 0.0586885 0.0967092 0.341819 0.322954 0.000793898 -0.112016 -0.0464763 0.355269 -0.175119 0.271925 -0.0251374 0.0767716 0.0806876 0.241261 -0.222419 -0.243757 0.461423 0.523297 0.710538 0.0447842 0.0756118
internal_weight=10342 7333 5179 3009 2154 339 2407 2359 1815 2382 1966 1481 1426 130 2797 1372 1296 1425 726 1318 580 1896 683 1385 1285 570 445 185 1537 1292
internal_count=10342 7333 5179 3009 2154 339 2407 2359 1815 2382 1966 1481 1426 130 2797 1372 1296 1425 726 1318 580 1896 683 1385 1285 570 445 185 1537 1292
is_linear=0
shrinkage=0.05


Tree=47
num_leaves=31
num_cat=0
split_feature=11 11 5 9 5 9 17 2 6 0 16 15 13 9 15 9 9 26 17 15 17 16 7 2 9 17 25 15 9 0
split_gain=69490.7 21296.8 17118.3 13040.5 6977.78 6097.62 5923.5 6329.58 8780.88 7025.15 5341.14 4824.21 5130.25 4552.81 6416.68 4534.41 3831.22 3665.65 4446.33 6848.42 8858.08 6160.95 3759.4 3530.7 3671.36 3744.63 3472.74 3353.68 3052.27 3103.17
threshold=379.80500000000006 251.51500000000001 0.60355339059327384 321.37000000000006 -0.70710678118654757 332.37500000000006 46.354287850065255 4.5000000000000009 0.048362692321690152 9.5000000000000018 367.21672619047621 434.15000000000003 10.18733216452757 325.34000000000009 363.59500000000008 307.05500000000001 308.23000000000008 22.541666666666668 34.996858739866063 429.46000000000009 39.419768720214911 348.7775595238096 -0.24372464231556024 3.5000000000000004 334.13500000000005 30.350097923534168 -0.84999999999999776 352.43500000000006 343.79500000000007 6.5000000000000009
decision_type=2 2 2 2 2 2 2 2 2 2 2 2 2 2 2 2 2 2 2 2 2 2 2 2 2 2 2 2 2 2
left_child=1 -1 3 6 11 -4 7 8 15 -10 13 12 -2 26 -15 -3 -14 18 21 -20 -21 -18 -19 24 25 -6 -5 -11 29 -12
right_child=4 2 5 10 23 -7 -8 -9 9 27 28 -13 16 14 -16 -17 17 22 19 20 -22 -23 -24 -25 -26 -27 -28 -29 -30 -31
leaf_value=-1.2163328438270384 0.68862883198107117 -0.51625295989215381 -0.21493745871509873 -0.24242619540869226 -0.38102414567489179 -0.060172481584639614 -0.63849935246631506 -0.1759268930220067 -0.031053960736229694 0.57686994815511372 -0.1590324733403517 0.43102854799897394 -0.1293695796328255 0.74306893999929791 0.17765354587806834 -0.095031544748238495 0.22114114407927563 0.23104369035895511 0.37605335168571918 0.28534057144414299 -0.69255027212202558 -0.40933240866893295 0.5018758679922346 -0.073701757691838413 0.28609463126553847 0.11789747829295825 0.10241523676836978 0.19590838515879336 0.20265560084128681 0.025162874447085478
leaf_weight=41 58 76 2045 104 40 924 50 1036 323 84 334 392 79 54 709 401 78 422 237 55 40 77 184 197 360 629 245 185 158 725
leaf_count=41 58 76 2045 104 40 924 50 1036 323 84 334 392 79 54 709 401 78 422 237 55 40 77 184 197 360 629 245 185 158 725
internal_value=9.84977e-11 -0.0798995 -0.0736479 -0.0119873 0.210241 -0.166772 -0.10063 -0.0878544 -0.00250063 0.126131 0.0700332 0.278284 0.229604 0.149246 0.21767 -0.162144 0.206888 0.231192 0.129049 0.232278 -0.126403 -0.0920618 0.313277 0.120221 0.157348 0.0880666 -0.000345534 0.31487 -0.00234526 -0.0329308
internal_weight=10342 7494 7453 4484 2848 2969 2155 2105 1069 592 2329 1622 1230 1112 763 477 1172 1093 487 332 95 155 606 1226 1029 669 349 269 1217 1059
internal_count=10342 7494 7453 4484 2848 2969 2155 2105 1069 592 2329 1622 1230 1112 763 477 1172 1093 487 332 95 155 606 1226 1029 669 349 269 1217 1059
is_linear=0
shrinkage=0.05


Tree=48
num_leaves=31
num_cat=0
split_feature=26 0 9 5 2 7 14 27 15 0 9 6 2 9 14 6 22 0 17 27 13 15 13 15 17 4 6 2 9 9
split_gain=62998.5 17189.2 12361 10316.1 9088.53 35832.4 29532.1 6497.54 5599.01 5309.67 5062.83 4930.39 4063.76 3905.98 7226.97 4249.89 3713.96 3657.76 3256.63 3164.92 3560.91 4726.49 2994.56 3945.69 2931.78 2841.79 2801.66 2795.58 2755.57 2745.55
threshold=8.8312500000000025 4.5000000000000009 325.34000000000009 -0.5 1.0000000180025095e-35 -0.42179730054635828 327.07000000000005 3.7916990107519317 360.16000000000003 21.500000000000004 336.02500000000003 0.94138322595482449 3.5000000000000004 308.23000000000008 303.91500000000002 -0.76141707087277943 35.300000000000004 20.500000000000004 42.04441352259056 -9.3462180497990577 11.783583696410485 364.61000000000007 10.322301615318512 407.03500000000003 37.461003459720608 -0.60355339059327362 0.14250626876356556 4.5000000000000009 332.37500000000006 303.99500000000006
decision_type=2 2 2 2 2 2 2 2 2 2 2 2 2 2 2 2 2 2 2 2 2 2 2 2 2 2 2 2 2 2
left_child=1 4 12 7 5 6 -1 11 25 16 29 13 18 14 -2 -15 27 -14 19 20 -3 -22 -17 -24 -13 -4 -18 -10 -5 -6
right_child=3 2 8 28 10 -7 -8 -9 9 -11 -12 24 17 15 -16 22 26 -19 -20 -21 21 -23 23 -25 -26 -27 -28 -29 -30 -31
leaf_value=-2.1184678337707812 0.29769415777834024 -0.21097046535600117 0.75464950598776337 -0.069275653839926232 -0.53169913272062941 -0.10655817472074308 -0.28748587478883564 0.12711351774807009 0.098178064502728785 -0.12803313664614571 -0.0022744528171662467 0.79360894201199217 -0.11480164723146868 0.46943353685866374 -0.45518108904361726 0.66251049694560826 0.16518651857663683 -0.30363028651561647 -0.40434227683753882 -0.085871200248088655 0.4535623280141427 0.051386807120213686 0.099284047601582798 0.30869983653568567 0.34200097471475605 0.18922808192670348 0.58703211971455149 -0.037975952010966985 0.1558104863842425 -0.18614420273095664
leaf_weight=49 85 81 40 400 60 220 40 856 874 396 415 75 1380 280 51 42 314 315 54 562 98 287 357 608 69 50 45 663 206 1370
leaf_count=49 85 81 40 400 60 220 40 856 874 396 415 75 1380 280 51 42 314 315 54 562 98 287 357 608 69 50 45 663 206 1370
internal_value=1.28552e-10 -0.0794209 -0.0298885 0.191748 -0.198055 -0.44902 -1.29555 0.237895 0.0536779 0.0384875 -0.156024 0.29841 -0.101568 0.270197 0.0153659 0.297126 0.0732672 -0.149894 -0.0258647 -0.00598356 0.0903616 0.153759 0.249215 0.231227 0.577213 0.440526 0.218064 0.0394467 0.00723878 -0.200643
internal_weight=10342 7313 5159 3029 2154 309 89 2423 2382 2292 1845 1567 2777 1423 136 1287 1896 1695 1082 1028 466 385 1007 965 144 90 359 1537 606 1430
internal_count=10342 7313 5159 3029 2154 309 89 2423 2382 2292 1845 1567 2777 1423 136 1287 1896 1695 1082 1028 466 385 1007 965 144 90 359 1537 606 1430
is_linear=0
shrinkage=0.05


Tree=49
num_leaves=31
num_cat=0
split_feature=26 5 9 0 9 2 9 22 17 13 6 6 9 4 7 22 13 15 11 9 25 11 15 2 9 25 16 2 25 14
split_gain=56856.2 15855 10066.9 9346.58 8161.44 6832.15 5221.4 5441.18 4853.97 5379.08 5146.43 4624.1 4023.01 4410.46 4722.34 7860.76 3890.31 4324.42 5320.26 4159.38 3860.91 3809.04 3765.62 3500.45 3497.04 3356.04 3145.74 3105.06 2758.96 3911.32
threshold=8.8312500000000025 0.25881904510252057 318.8250000000001 10.500000000000002 316.91500000000002 3.5000000000000004 318.24500000000006 28.050000000000004 39.724853079941902 43.225061852357669 0.9550229469509578 0.90892735371523092 341.02500000000003 -0.60355339059327362 -0.98212955754013376 35.850000000000009 10.71449692572833 352.43500000000006 304.92000000000002 309.75500000000005 0.59999999999999887 302.34500000000008 407.03500000000003 3.5000000000000004 311.61500000000007 1.0999999999999963 359.081755952381 1.5000000000000002 -0.60000000000000042 303.51500000000004
decision_type=2 2 2 2 2 2 2 2 2 2 2 2 2 2 2 2 2 2 2 2 2 2 2 2 2 2 2 2 2 2
left_child=1 2 26 22 16 6 7 20 9 10 11 -8 13 -6 15 -15 -3 21 -19 25 28 -18 -2 -4 -7 -20 -1 -24 29 -5
right_child=3 4 23 5 12 24 8 -9 -10 -11 -12 -13 -14 14 -16 -17 17 18 19 -21 -22 -23 27 -25 -26 -27 -28 -29 -30 -31
leaf_value=-0.064730361998299332 -0.076781287044864005 -0.63784770581050454 0.17145591667936999 0.49359233197238717 0.015418775171699773 -0.37084677134241378 0.30951107386331839 -0.31902619704071966 0.56301084829338366 -0.2658512188167107 0.61693901398056561 -0.11478166835382582 0.036471910877107626 -0.13529611763515278 -0.13287416699492449 -1.028804996199906 0.33487717310587567 -0.81025158658306651 -0.2798410808262618 -0.18853123290639015 0.021569156953843222 -0.14887808584569789 0.3421716308432885 0.030001054533333946 0.10921569784190886 -0.69416532418088006 -0.28412227407644258 0.063678671315634081 0.53827528775650624 -0.027578589000872206
leaf_weight=982 363 59 726 63 498 42 777 56 203 41 126 70 510 64 1888 40 45 47 115 533 168 425 132 1100 392 85 196 414 98 84
leaf_count=982 363 59 726 63 498 42 777 56 203 41 126 70 510 64 1888 40 45 47 115 533 168 425 132 1100 392 85 196 414 98 84
internal_value=1.01262e-10 -0.0754499 0.0127247 0.182161 -0.13692 0.239673 0.285213 0.143473 0.339836 0.295158 0.318797 0.274446 -0.0914661 -0.11767 -0.150943 -0.478953 -0.241094 -0.222367 -0.294557 -0.261491 0.206185 -0.102561 0.0480286 0.0862421 0.062758 -0.455929 -0.101234 0.131007 0.332778 0.19578
internal_weight=10342 7313 3004 3029 4309 2120 1686 469 1217 1014 973 847 3000 2490 1992 104 1309 1250 780 733 413 470 909 1826 434 200 1178 546 245 147
internal_count=10342 7313 3004 3029 4309 2120 1686 469 1217 1014 973 847 3000 2490 1992 104 1309 1250 780 733 413 470 909 1826 434 200 1178 546 245 147
is_linear=0
shrinkage=0.05


Tree=50
num_leaves=31
num_cat=0
split_feature=26 4 9 5 2 11 5 17 27 13 13 16 2 13 25 13 0 9 22 12 16 11 9 19 9 27 19 17 15 12
split_gain=51312.7 14609.3 11131.2 9107.28 7654.4 9206.25 7136.28 5879.6 5159.24 4225.4 4968.29 8242.64 3615.81 6041.77 3491.62 3715.39 3506.85 3445.19 13015.2 3032.1 3004.26 13343.2 5192.71 6702.18 2908.32 2920.75 2717.54 2683.83 2595.57 2504.63
threshold=8.8312500000000025 -0.60355339059327362 318.09000000000009 -0.5 4.5000000000000009 337.52500000000003 0.37940952255126048 45.46741229618474 2.7693637825969741 10.18733216452757 11.783583696410485 368.90068452380962 1.0000000180025095e-35 22.618180073892912 1.6999999999999977 33.564592187906605 19.500000000000004 339.44500000000011 35.850000000000009 344.36812500000002 342.42065476190481 302.34500000000008 308.23000000000008 420.76000000000005 336.02500000000003 4.6350177327109794 435.44500000000005 43.550918203932532 378.41500000000008 338.72625000000005
decision_type=2 2 2 2 2 2 2 2 2 2 2 2 2 2 2 2 2 2 2 2 2 2 2 2 2 2 2 2 2 2
left_child=1 4 20 7 5 -1 24 8 9 -2 11 -11 -12 -14 15 -6 -17 18 19 -8 -3 -22 23 -23 25 -4 -15 -7 -19 -24
right_child=3 2 6 -5 14 27 17 -9 -10 10 12 -13 13 26 -16 16 -18 28 -20 -21 21 22 29 -25 -26 -27 -28 -29 -30 -31
leaf_value=0.75146634632890885 0.71422841527245273 -0.10446108668860971 0.16183128624907517 -0.00030974651052518182 -0.069157876739592741 0.10379921564002681 0.069773789025577057 -0.33145971546570463 0.13160427058318339 -0.39572629358087269 0.55048287615297353 0.40291207934108875 -0.26261704356647003 0.22278372794435156 0.088649662782852898 -0.20178857495387398 -0.74237825846676497 0.31541035529891298 -0.79236934041822116 -0.15168806498671653 -1.1012941692272822 -0.95402942467273943 -0.058957900993721515 -0.3041372074842898 0.14377590819895367 -0.060084364107787253 0.37847208885513295 -0.31285346858203411 -0.047336769842296914 -0.2277138500148119
leaf_weight=55 55 441 181 606 483 1145 175 48 882 70 127 60 51 615 238 105 42 56 77 1323 45 45 362 335 372 820 515 40 413 560
leaf_count=55 55 441 181 606 483 1145 175 48 882 70 127 60 51 615 238 105 42 56 77 1323 45 45 362 335 372 820 515 40 413 560
internal_value=3.90649e-10 -0.0716774 -0.116651 0.173053 0.0393711 0.119086 -0.0637593 0.216411 0.227484 0.284126 0.267675 -0.027124 0.296975 0.269714 -0.0745073 -0.136144 -0.356243 -0.122981 -0.158403 -0.125816 -0.217732 -0.254817 -0.225561 -0.381098 0.0244042 -0.0199578 0.293739 0.089735 -0.00402368 -0.161456
internal_weight=10342 7313 5205 3029 2108 1240 3417 2423 2375 1493 1438 130 1308 1181 868 630 147 2044 1575 1498 1788 1347 1302 380 1373 1001 1130 1185 469 922
internal_count=10342 7313 5205 3029 2108 1240 3417 2423 2375 1493 1438 130 1308 1181 868 630 147 2044 1575 1498 1788 1347 1302 380 1373 1001 1130 1185 469 922
is_linear=0
shrinkage=0.05


Tree=51
num_leaves=31
num_cat=0
split_feature=5 2 9 4 9 22 16 9 0 9 2 11 17 16 17 25 24 6 14 23 9 15 6 2 6 13 27 9 18 13
split_gain=46527.9 20872.3 9296.21 9067.19 8098.23 7703.49 7296.23 7251.14 6451.09 6312.4 6118.34 6489.06 5383.38 4665.41 4515.75 5470.99 6037.55 5379.83 4318.3 6744.88 4001.45 3978.36 3920.01 3790.17 3437.18 3334.21 3324.38 3216.43 5848.51 3178.56
threshold=1.0000000180025095e-35 3.5000000000000004 318.24500000000006 -0.60355339059327362 336.53000000000003 35.850000000000009 360.80937500000005 312.06500000000005 10.500000000000002 316.67500000000007 4.5000000000000009 337.52500000000003 42.04441352259056 344.01889880952382 39.724853079941902 -0.60000000000000042 14.495535714285717 0.9550229469509578 310.28000000000003 13.464583333333335 315.98000000000008 345.30500000000006 0.082691702092476851 1.0000000180025095e-35 0.83376496542330847 10.18733216452757 11.301041666666668 321.37000000000006 154.41500000000005 33.564592187906605
decision_type=2 2 2 2 2 2 2 2 2 2 2 2 2 2 2 2 2 2 2 2 2 2 2 2 2 2 2 2 2 2
left_child=1 2 6 10 5 9 12 -3 -4 20 11 -2 18 -9 15 16 -10 24 19 21 -5 -1 -20 -11 -17 -18 -21 28 -15 -12
right_child=3 7 8 4 -6 -7 -8 13 14 23 29 -13 -14 27 -16 17 25 -19 22 26 -22 -23 -24 -25 -26 -27 -28 -29 -30 -31
leaf_value=-0.383808649679025 0.63760929195856564 -0.17356390734221208 0.12550792933664007 -0.23713656949027448 -0.0006326006218882594 -0.72786622045059057 -0.43045115456140293 0.40359414397251037 -0.44951761066913609 0.078852283456259317 -0.07633057127342277 0.046272938703096032 -0.35744094749912625 -0.61584257991053171 0.50801596177256825 0.36228766785094857 0.62743726268410693 0.70610180264338851 -0.48585688203262789 0.40744839594309978 -0.60405268266797074 0.10722387257229649 0.097477002339696306 -0.13964962940112496 0.063596434281207634 0.1481601535435528 0.067005071259036514 0.063613205573890205 -0.030448392564721871 -0.41034586507206161
leaf_weight=60 49 516 708 1044 783 63 72 84 40 225 276 872 60 48 240 488 40 96 48 275 80 132 72 1683 120 391 97 1200 384 96
leaf_count=60 49 516 708 1044 783 63 72 84 40 225 276 872 60 48 240 488 40 96 48 275 80 132 72 1683 120 391 97 1200 384 96
internal_value=1.42452e-11 0.106053 0.193595 -0.106053 -0.144284 -0.180626 0.0501607 -0.00921767 0.248726 -0.169256 0.00860976 0.0777338 0.0966715 0.0402011 0.310378 0.270009 0.138105 0.358258 0.136506 0.194455 -0.263252 -0.0462238 -0.135857 -0.113883 0.303335 0.192641 0.318677 0.0214971 -0.0954922 -0.162528
internal_weight=10342 5171 2939 5171 3878 3095 816 2232 2123 3032 1293 921 744 1716 1415 1175 471 704 684 564 1124 192 120 1908 608 431 372 1632 432 372
internal_count=10342 5171 2939 5171 3878 3095 816 2232 2123 3032 1293 921 744 1716 1415 1175 471 704 684 564 1124 192 120 1908 608 431 372 1632 432 372
is_linear=0
shrinkage=0.05


Tree=52
num_leaves=31
num_cat=0
split_feature=5 4 2 9 2 11 9 7 9 22 9 22 18 16 17 6 6 2 16 9 9 0 14 23 7 9 7 15 18 6
split_gain=42259.4 14271.5 13241.4 9944.84 7416.81 6080.26 5702.14 5340.05 5177.85 4907.14 4873.42 4247.49 3771.56 3769.44 3739.28 4068.54 4207.67 3665 3514.96 3309.21 3480.53 5111.42 3108.15 4561.56 3992.52 2874.85 2798.5 2729.28 2711.85 3278.77
threshold=-0.5 -0.78656609248549292 3.5000000000000004 336.53000000000003 3.5000000000000004 342.50500000000005 318.24500000000006 -0.99761278905001471 312.06500000000005 28.050000000000004 316.67500000000007 35.850000000000009 305.55500000000001 344.01889880952382 39.724853079941902 0.9550229469509578 0.90892735371523092 1.0000000180025095e-35 370.88949404761911 298.98500000000007 315.98000000000008 4.5000000000000009 310.28000000000003 13.464583333333335 0.32410992729244009 326.38500000000005 -0.99761278905001471 347.31500000000005 299.17000000000002 0.30164402523644185
decision_type=2 2 2 2 2 2 2 2 2 2 2 2 2 2 2 2 2 2 2 2 2 2 2 2 2 2 2 2 2 2
left_child=2 4 6 7 5 -2 9 -3 12 22 19 17 -4 -10 15 16 26 -12 -5 -9 -21 -22 23 27 -25 -7 -8 -1 29 -28
right_child=1 3 8 18 -6 25 14 10 13 -11 11 -13 -14 -15 -16 -17 -18 -19 -20 20 21 -23 -24 24 -26 -27 28 -29 -30 -31
leaf_value=-0.32795191841820875 0.73204558647814255 -0.67217593886113425 -0.07953060480703196 0.14817308850676544 -0.065905686127862087 0.03378513670238719 -0.17097044527530669 -0.62106672050431377 0.48170150925538374 -0.32048148884787225 0.073376768675322335 -0.56542341420426967 -0.5959979874640704 0.061059195091718935 0.46109328752383594 0.48680175444148238 -0.13937655708752572 -0.11287942702356964 -0.043395473899519338 -0.17772904631529585 -0.88735614469782886 -0.1850342242875033 -0.096311306509260952 0.067130416301502432 0.48642405824270107 0.20906386552086192 0.24575859648175538 0.14895518561825158 0.30255796251347589 -0.17600483652721677
leaf_weight=48 42 48 304 372 744 492 40 48 56 64 300 48 40 1088 240 151 80 2208 672 1368 44 63 104 88 160 446 128 80 704 72
leaf_count=48 42 48 304 372 744 492 40 48 56 64 300 48 40 1088 240 151 80 2208 672 1368 44 63 104 88 160 446 128 80 704 72
internal_value=4.78838e-11 -0.0714633 0.142947 -0.112999 0.0531188 0.14348 0.228356 -0.147874 0.0305043 0.0907773 -0.141704 -0.0995168 -0.139585 0.0816501 0.281248 0.244514 0.208786 -0.0906 0.0248646 -0.212505 -0.19921 -0.473839 0.145612 0.212527 0.337642 0.117127 0.238291 -0.029885 0.2564 0.0939238
internal_weight=10342 6895 3447 5171 1724 980 1959 4127 1488 544 4079 2556 344 1144 1415 1175 1024 2508 1044 1523 1475 107 480 376 248 938 944 128 904 200
internal_count=10342 6895 3447 5171 1724 980 1959 4127 1488 544 4079 2556 344 1144 1415 1175 1024 2508 1044 1523 1475 107 480 376 248 938 944 128 904 200
is_linear=0
shrinkage=0.05


Tree=53
num_leaves=31
num_cat=0
split_feature=5 2 0 9 9 13 25 15 18 9 16 17 15 9 12 17 25 22 6 12 9 9 4 2 5 18 22 9 7 11
split_gain=38527.2 19491.6 9333.76 6695.48 5767.3 5760.07 12713.6 8017.26 5640.21 5614.75 5397.78 4991.46 4987.25 4248.59 4176.63 4116.09 5190 7212.12 5674.53 4343.96 5052.91 5524.7 4011.62 4057.4 3954.54 3468.92 3211.29 3793.44 5208.31 4374.53
threshold=0.25881904510252057 3.5000000000000004 9.5000000000000018 312.06500000000005 318.24500000000006 13.021684273779085 -1.0999999999999999 358.93000000000006 304.82500000000005 332.37500000000006 341.01913690476198 43.364923875081082 348.99000000000007 336.02500000000003 347.77041666666679 39.724853079941902 -0.60000000000000042 11.950000000000001 0.9550229469509578 339.53000000000003 334.13500000000005 330.94500000000005 -0.37940952255126065 4.5000000000000009 -0.70710678118654757 77.640000000000015 35.300000000000004 313.02500000000003 -0.59867820553660911 302.34500000000008
decision_type=2 2 2 2 2 2 2 2 2 2 2 2 2 2 2 2 2 2 2 2 2 2 2 2 2 2 2 2 2 2
left_child=1 2 13 -3 5 6 -4 -7 14 22 -5 24 -8 -1 -9 16 17 -6 19 -18 21 -21 23 -2 -12 -24 27 28 -27 -30
right_child=9 3 4 10 15 7 12 8 -10 -11 11 -13 -14 -15 -16 -17 18 -19 -20 20 -22 -23 25 -25 -26 26 -28 -29 29 -31
leaf_value=-0.026540285113978348 0.0093954004536739404 -0.16778113216229798 -0.82978768020868299 0.5832456252315924 -0.53789529345929621 0.49870299919042743 0.28777603834867477 -0.11924878677120432 -0.39026530871788667 -0.029233297201719678 0.10508356878144209 -0.52883259795960924 -0.37281769983470442 0.22296939751313238 0.27996486795183861 0.42840462175508343 0.7587599487602712 0.15751811331600285 0.62158349111676214 0.1855137228500098 0.38015259415904684 -0.33271585782524205 -0.61071016830392189 -0.21936129399722348 -0.03999421652659254 -0.73411121905914378 -0.58051620134893722 -0.12467000582387791 0.25021777901459824 -0.26943457076373589
leaf_weight=760 606 602 50 42 40 140 100 100 60 1340 822 42 40 220 190 300 40 549 120 360 300 60 48 285 1096 56 49 1372 44 509
leaf_count=760 606 602 50 42 40 140 100 100 60 1340 822 42 40 220 190 300 40 549 120 360 300 60 48 285 1096 56 49 1372 44 509
internal_value=3.94679e-10 0.0815592 0.159878 -0.0215721 0.212061 0.0883036 -0.145392 0.17892 0.0510072 -0.11419 0.0223928 0.0103745 0.099035 0.0294721 0.142305 0.259633 0.225167 0.110291 0.302055 0.251603 0.223427 0.111481 -0.152534 -0.0637759 0.022182 -0.190592 -0.180658 -0.170767 -0.274619 -0.228088
internal_weight=10342 6033 3429 2604 2449 680 190 490 350 4309 2002 1960 140 980 290 1769 1469 589 880 760 720 420 2969 891 1918 2078 2030 1981 609 553
internal_count=10342 6033 3429 2604 2449 680 190 490 350 4309 2002 1960 140 980 290 1769 1469 589 880 760 720 420 2969 891 1918 2078 2030 1981 609 553
is_linear=0
shrinkage=0.05


Tree=54
num_leaves=31
num_cat=0
split_feature=5 2 0 27 9 9 9 13 6 18 18 2 11 9 25 16 9 10 6 25 6 15 22 6 11 15 16 9 17 18
split_gain=35049.3 15552.5 7095.56 7025.89 6710.57 5420.9 4747.49 9779.47 4788.55 4802.96 6990.64 4621.7 4196.71 4803.83 3741.93 3622.75 3470.73 3432.75 3267.37 3513.89 4058.7 3977.54 4445.31 3179.12 2968.96 3110.92 2905.89 2890.94 4171.93 2839.36
threshold=1.0000000180025095e-35 3.5000000000000004 10.500000000000002 -9.1915624949774912 341.02500000000003 312.06500000000005 308.23000000000008 13.021684273779085 -0.70291267844185523 317.85000000000008 315.67500000000007 3.5000000000000004 300.34000000000009 310.04000000000002 3.8999999999999999 344.01889880952382 338.97000000000008 424.31500000000005 0.94138322595482449 -3.3499999999999992 -0.51297808981038739 414.34000000000009 11.950000000000001 0.15101559051660998 367.55000000000007 407.82500000000005 357.43577380952382 324.59500000000008 41.7238166826995 305.55500000000001
decision_type=2 2 2 2 2 2 2 2 2 2 2 2 2 2 2 2 2 2 2 2 2 2 2 2 2 2 2 2 2 2
left_child=1 2 16 11 12 29 7 -4 -8 10 17 -2 -5 14 -14 -7 -1 18 19 -10 -21 22 -22 -9 25 -15 -24 28 -17 -3
right_child=3 5 6 4 -6 15 8 23 9 -11 -12 -13 13 24 -16 27 -18 -19 -20 20 21 -23 26 -25 -26 -27 -28 -29 -30 -31
leaf_value=0.014357693040268588 0.071803644882346696 -0.10701080105571779 -0.47312427837815552 -0.53182450115370261 0.062536468938169568 0.35549485821365601 0.39744109543218442 -0.064745680019259455 0.5931397138757909 0.3318453318245646 -0.40613405671236774 -0.10204661167607287 -0.24149370970470563 -0.047706840913661515 -0.70468362153818209 -0.030741954385810073 0.26171425864815195 -0.15468801820801725 0.59692226040120022 -0.28286456229055629 -0.40983841681852939 0.35779332542942033 0.072324786565071478 0.50347923848312348 -0.53010209886313875 -0.15880019302109294 0.41196015715599066 0.067939290184784271 -0.51761102372159562 -0.47289762762064735
leaf_weight=808 885 456 72 72 401 84 408 40 47 471 56 673 476 1103 48 528 172 74 49 51 40 211 296 64 43 1470 80 1056 48 60
leaf_count=808 885 456 72 72 401 84 408 40 47 471 56 673 476 1103 48 528 172 74 49 51 40 211 296 64 43 1470 80 1056 48 60
internal_value=2.5062e-10 0.0920465 0.167613 -0.0920465 -0.130319 -0.00745627 0.222562 -0.0251824 0.247017 0.202382 0.134929 -0.00329342 -0.154396 -0.145741 -0.283923 0.0352729 0.0577713 0.17066 0.201765 0.175058 0.146076 0.180966 0.0912774 0.284931 -0.118062 -0.111176 0.144588 0.0187909 -0.0713144 -0.149556
internal_weight=10342 5171 2939 5171 3613 2232 1959 176 1783 1375 904 1558 3212 3140 524 1716 980 848 774 725 678 627 416 104 2616 2573 376 1632 576 516
internal_count=10342 5171 2939 5171 3613 2232 1959 176 1783 1375 904 1558 3212 3140 524 1716 980 848 774 725 678 627 416 104 2616 2573 376 1632 576 516
is_linear=0
shrinkage=0.05


Tree=55
num_leaves=31
num_cat=0
split_feature=5 4 2 9 2 11 22 9 9 9 14 6 18 18 9 9 16 18 10 12 7 9 13 14 2 16 9 24 11 22
split_gain=32460.7 10699 9766.87 7965.07 6846.17 6469.26 5259.61 5438.55 6184.28 4584.71 9314.52 4231.64 4212.37 7478.7 3786.47 3415.9 3261.33 3154.73 3085.82 3102.93 4647.41 3969.32 3873.25 3180.53 2934.99 2933.69 2890.58 2325.84 2722.83 2648.61
threshold=-0.5 -0.60355339059327362 3.5000000000000004 336.53000000000003 3.5000000000000004 338.10500000000008 35.850000000000009 316.32500000000005 315.98000000000008 308.23000000000008 303.91500000000002 -0.70291267844185523 317.85000000000008 315.67500000000007 312.06500000000005 304.92500000000001 369.47681547619055 305.55500000000001 424.31500000000005 356.69958333333346 0.80798785254895478 315.73000000000008 16.057754606294552 311.54500000000002 1.0000000180025095e-35 344.01889880952382 298.98500000000007 28.767559523809531 302.34500000000008 31.400000000000002
decision_type=2 2 2 2 2 2 2 2 2 2 2 2 2 2 2 2 2 2 2 2 2 2 2 2 2 2 2 2 2 2
left_child=2 4 9 6 5 -2 7 8 26 10 15 -11 13 18 17 -1 -5 -4 19 20 22 -22 -13 -21 -9 -16 -3 28 -28 -29
right_child=1 3 14 16 -6 -7 -8 24 -10 11 -12 12 -14 -15 25 -17 -18 -19 -20 23 21 -23 -24 -25 -26 -27 27 29 -30 -31
leaf_value=-0.014155840534820325 0.70267878999425615 -0.58572111796926374 -0.061814478147578872 0.16183295722310792 -0.072542114302967253 0.085211329209790979 -0.54624032492374441 0.070188784852623948 -0.73379129722576453 0.36407387476307729 -0.57728931999632294 0.47399711422622204 0.30195063547655887 -0.44209386009190771 0.42537745236685237 0.53037970370302601 -0.037680964317229212 -0.53416415135492579 -0.15171256665388744 0.4410937046004193 0.052261052809190002 -0.5228706806126866 0.061014259146759287 0.15604457383207676 -0.10351818431878479 0.054285151867642371 0.17955431582341935 -0.69529363493519758 -0.17205846243507197 -0.14667821126058697
leaf_weight=72 44 44 304 297 930 1181 77 275 54 408 56 88 471 56 56 48 660 40 75 175 80 48 160 222 2101 1088 58 44 1086 44
leaf_count=72 44 44 304 297 930 1181 77 275 54 408 56 88 471 56 56 48 660 40 75 175 80 48 160 222 2101 1088 58 44 1086 44
internal_value=1.06434e-11 -0.0626326 0.125283 -0.104629 0.0297393 0.10739 -0.137228 -0.12873 -0.209688 0.198635 -0.044825 0.222667 0.180708 0.117538 0.0287132 0.203658 0.0242371 -0.116739 0.154495 0.184205 0.0812689 -0.163413 0.207557 0.281696 -0.0834132 0.0724505 -0.187508 -0.173286 -0.154232 -0.420986
internal_weight=10342 6895 3447 4740 2155 1225 3783 3706 1330 1959 176 1783 1375 904 1488 120 957 344 848 773 376 128 248 397 2376 1144 1276 1232 1144 88
internal_count=10342 6895 3447 4740 2155 1225 3783 3706 1330 1959 176 1783 1375 904 1488 120 957 344 848 773 376 128 248 397 2376 1144 1276 1232 1144 88
is_linear=0
shrinkage=0.05


Tree=56
num_leaves=31
num_cat=0
split_feature=5 2 0 9 11 9 14 16 17 9 6 18 18 9 7 23 18 25 5 13 13 24 9 15 6 12 24 17 17 16
split_gain=29498.7 14680 6931.21 5069.5 4869.93 5282.29 9610.29 4437.74 4393.71 4375.26 3727.42 4537.75 6372.99 3669.85 3575.27 3783.35 3475.01 3212.41 3209.18 3134.84 4214.87 3489.33 2848.24 2847.13 4130.48 3590.98 3599.22 2626.83 4272.1 2458.72
threshold=0.25881904510252057 3.5000000000000004 10.500000000000002 312.06500000000005 342.50500000000005 308.23000000000008 303.91500000000002 341.01913690476198 43.364923875081082 332.37500000000006 -0.70291267844185523 317.85000000000008 315.67500000000007 338.97000000000008 -0.99628250747696534 36.306250000000006 228.29500000000004 -4.1499999999999995 -0.70710678118654757 10.322301615318512 10.790393427095889 34.237500000000004 298.98500000000007 429.54000000000002 0.94138322595482449 356.69958333333346 13.526190476190481 39.724853079941902 41.606956917221218 347.43497023809527
decision_type=2 2 2 2 2 2 2 2 2 2 2 2 2 2 2 2 2 2 2 2 2 2 2 2 2 2 2 2 2 2
left_child=1 2 13 29 -4 6 16 -5 18 14 27 12 23 -1 -2 19 -6 -13 -9 -16 -21 22 -22 24 25 26 -12 -7 -29 -3
right_child=9 3 4 7 5 10 -8 8 -10 -11 11 17 -14 -15 15 -17 -18 -19 -20 20 21 -23 -24 -25 -26 -27 -28 28 -30 -31
leaf_value=0.0040532386999595727 -0.60328110099770127 -0.051131115889054529 0.6484774021203058 0.52865729608706069 -0.20777068344313046 0.19415922712798073 -0.63686173257452472 0.094982413354005729 -0.49666794776206924 -0.024923147529314984 -0.36829489931768306 -0.12270678311417049 -0.38278134188925228 0.23155385561807212 0.14101896554604174 0.35558439593762164 0.3438101796170368 0.32379073432199584 -0.035709879611003602 -0.56201624103143055 -0.5459042661637068 -0.5487166530415416 -0.12080167376170832 -0.10580118964208621 0.6341195793284311 0.24647987452949907 0.090765056940053698 0.7137270304501161 0.28407961996847098 -0.25372014263644815
leaf_weight=1010 40 322 57 42 43 198 54 822 42 1340 49 44 63 215 100 40 85 477 1096 59 40 50 2640 107 45 398 332 90 162 280
leaf_count=1010 40 322 57 42 43 198 54 822 42 1340 49 44 63 215 100 40 85 477 1096 59 40 50 2640 107 45 398 332 90 162 280
internal_value=1.83498e-10 0.0713659 0.139334 -0.0181355 0.192331 0.180221 -0.077477 0.0201204 0.00922319 -0.0999189 0.204089 0.166558 0.103909 0.0439819 -0.133767 -0.127355 0.158513 0.286083 0.0203011 -0.134041 -0.143904 -0.134868 -0.127146 0.136843 0.168352 0.141446 0.0317258 0.330444 0.437525 -0.145359
internal_weight=10342 6033 3429 2604 2204 2147 182 2002 1960 4309 1965 1515 994 1225 2969 2929 128 521 1918 2889 2789 2730 2680 931 824 779 381 450 252 602
internal_count=10342 6033 3429 2604 2204 2147 182 2002 1960 4309 1965 1515 994 1225 2969 2929 128 521 1918 2889 2789 2730 2680 931 824 779 381 450 252 602
is_linear=0
shrinkage=0.05


Tree=57
num_leaves=31
num_cat=0
split_feature=5 4 2 9 2 11 7 11 9 9 14 12 12 6 6 13 9 25 25 26 6 27 9 13 17 27 13 15 2 6
split_gain=27062.5 9023.8 8065.26 6880.28 5616.27 5755.69 4664.39 4271.2 5202.37 3835.99 7882.71 3616.29 5562.09 3573.15 3738.06 4770.96 3255.99 4608 5284.19 4448.73 3184.56 3133.83 3006.73 2785.4 3090.54 2544.52 2506.39 2415.46 2387.47 2271.49
threshold=-0.5 -0.60355339059327362 3.5000000000000004 339.44500000000011 3.5000000000000004 338.10500000000008 -0.99761278905001471 300.34000000000009 308.23000000000008 308.23000000000008 303.91500000000002 342.59229166666677 349.4656250000001 -0.70291267844185523 0.048362692321690152 42.554963238344357 323.54500000000002 1.1000000000000008 -1.0999999999999985 15.339583333333335 -0.065535378769913874 22.180511442014751 304.92500000000001 35.668193136313135 26.018330773267571 3.968876168236715e-15 13.021684273779085 341.25500000000005 1.5000000000000002 -0.54220184589352438
decision_type=2 2 2 2 2 2 2 2 2 2 2 2 2 2 2 2 2 2 2 2 2 2 2 2 2 2 2 2 2 2
left_child=2 4 9 6 5 -2 -3 -8 11 10 22 26 -13 -11 20 23 17 18 -4 -20 29 -5 -1 24 -16 -19 27 -9 -10 -15
right_child=1 3 16 21 -6 -7 7 8 28 13 -12 12 -14 14 15 -17 -18 25 19 -21 -22 -23 -24 -25 -26 -27 -28 -29 -30 -31
leaf_value=-0.017410160769294535 0.65947471545501202 -0.578884022439068 0.017197069321791159 -0.031484683591724065 -0.064995033879393857 0.07705558422954073 -0.49681093897638173 -0.15919207285501458 -0.016326413535437612 0.3329709722413956 -0.53147893996377082 -0.94711777283386755 -0.1426899292018442 -0.10249377193932351 0.54520916237185402 -0.13608066552671894 0.1022075622050849 0.21390094057852257 -0.21828469016790308 -0.80244025155901921 -0.31389850764535371 0.18428741271500118 0.49347263051119328 0.34287931830622259 0.12105967329915467 -0.0800656196285634 -0.10237625014826889 -0.55782935462499927 -0.11132571921578092 0.17726438358426094
leaf_weight=72 44 55 232 477 930 1181 72 76 902 408 56 44 42 104 48 87 728 193 176 40 56 260 48 432 408 119 257 76 2479 240
leaf_count=72 44 55 232 477 930 1181 72 76 902 408 56 44 42 104 48 87 728 193 176 40 56 260 48 432 408 119 257 76 2479 240
internal_value=-5.78069e-11 -0.0571881 0.114393 -0.0957565 0.0276446 0.0979751 -0.121604 -0.115234 -0.108146 0.181049 -0.0416458 -0.259536 -0.554258 0.203032 0.164475 0.217279 0.0266372 -0.0457512 -0.148496 -0.326462 0.0357645 0.0446357 0.186943 0.251899 0.165707 0.101779 -0.197566 -0.358511 -0.0859813 0.0926863
internal_weight=10342 6895 3447 4740 2155 1225 4003 3948 3876 1959 176 495 86 1783 1375 975 1488 760 448 216 400 737 120 888 456 312 409 152 3381 344
internal_count=10342 6895 3447 4740 2155 1225 4003 3948 3876 1959 176 495 86 1783 1375 975 1488 760 448 216 400 737 120 888 456 312 409 152 3381 344
is_linear=0
shrinkage=0.05


Tree=58
num_leaves=31
num_cat=0
split_feature=5 2 9 24 12 6 18 9 6 14 18 12 18 16 17 15 19 9 13 9 23 23 0 27 14 15 13 13 15 15
split_gain=24574.7 12111.1 6267.88 8971.01 18864.8 4956.78 4573.7 4409.19 4108.05 8005.3 8974.47 4238.58 4986.17 3963.37 3883.04 3866.41 3789.92 3713.01 3385.04 3302.59 3193.52 11734.8 3145.1 2957.22 2941.57 2829.41 2701.97 3901.82 2657 3924.7
threshold=0.25881904510252057 3.5000000000000004 334.13500000000005 34.260416666666671 343.55062500000003 -0.69057362043749781 168.59000000000003 312.06500000000005 0.082691702092476851 314.53500000000003 316.29500000000002 340.16000000000008 310.41500000000002 341.01913690476198 43.364923875081082 401.93000000000006 445.98000000000008 331.17500000000007 12.273067053899736 309.46000000000009 36.306250000000006 35.179166666666667 8.5000000000000018 3.7916990107519317 341.33000000000004 356.28000000000003 10.322301615318512 10.790393427095889 434.15000000000003 429.01000000000005
decision_type=2 2 2 2 2 2 2 2 2 2 2 2 2 2 2 2 2 2 2 2 2 2 2 2 2 2 2 2 2 2
left_child=1 2 3 5 -5 15 19 -3 -8 18 11 -11 -13 -9 23 25 -12 20 -10 -7 21 26 -20 -15 28 -1 -2 -28 29 -4
right_child=17 7 24 4 -6 6 8 13 9 10 16 12 -14 14 -16 -17 -18 -19 22 -21 -22 -23 -24 -25 -26 -27 27 -29 -30 -31
leaf_value=0.27028365884981459 0.14994360797805714 -0.13480479055860906 0.25508732255548239 -1.1892979058481399 0.15109341288251538 -0.53033207532606041 -0.051332042094320067 0.50010987607141333 -0.085314202215522536 -0.60350680251916256 0.50281063967042283 0.1064310999484835 -0.28013784437283101 0.07249428319434674 -0.46636145058132361 0.1429368207714842 0.0875033595621586 -0.02702932053434386 0.082474014157473685 -0.049423073729922794 0.27127779318392276 -0.98211387986317278 0.39119096056594477 -0.053287103015536019 -0.043935445005384585 0.66675496407917567 -0.5306884115467132 -0.11947381475432883 0.36807947429639015 -0.12152462736481713
leaf_weight=126 90 602 392 42 70 42 350 42 56 42 98 182 154 1112 42 420 125 1480 105 238 50 40 385 806 84 70 59 2590 364 84
leaf_count=126 90 602 392 42 70 42 350 42 56 42 98 182 154 1112 42 420 125 1480 105 238 50 40 385 806 84 70 59 2590 364 84
internal_value=8.12633e-11 0.0651379 0.126873 0.0858169 -0.351553 0.106287 0.0639185 -0.0161562 0.0986104 0.144364 0.0184614 -0.129942 -0.0707463 0.0195213 0.00922299 0.22851 0.270015 -0.0911991 0.28295 -0.121559 -0.12477 -0.131895 0.325037 0.0196372 0.238178 0.411881 -0.119479 -0.128633 0.266389 0.188626
internal_weight=10342 6033 3429 2505 112 2393 1777 2604 1497 1147 601 378 336 2002 1960 616 223 4309 546 280 2829 2779 490 1918 924 196 2739 2649 840 476
internal_count=10342 6033 3429 2505 112 2393 1777 2604 1497 1147 601 378 336 2002 1960 616 223 4309 546 280 2829 2779 490 1918 924 196 2739 2649 840 476
is_linear=0
shrinkage=0.05


Tree=59
num_leaves=31
num_cat=0
split_feature=5 9 2 7 0 2 17 2 7 5 9 14 27 9 25 25 26 23 12 15 23 9 14 2 19 10 11 27 22 23
split_gain=22813 7840.67 6567.98 6314.87 4887.91 7009.56 5598.57 3417.34 16152.4 3292.49 3278.43 6727.16 3046.11 2810.77 4081.83 4813.16 3960.39 2746.21 3405.04 2663.91 2616 2571.19 2485.93 2407.85 2251.51 2714.39 2421.52 2243.68 2069.72 2336.92
threshold=-0.5 332.37500000000006 3.5000000000000004 -0.99761278905001471 3.5000000000000004 4.5000000000000009 45.46741229618474 1.0000000180025095e-35 -0.42179730054635828 0.60355339059327384 308.23000000000008 303.91500000000002 4.0763999603647045 323.54500000000002 1.1000000000000008 -1.0999999999999985 15.339583333333335 33.220833333333339 365.62208333333336 397.85000000000008 12.350000000000003 304.92500000000001 328.08500000000004 2.5000000000000004 435.44500000000005 424.31500000000005 415.22000000000008 3.968876168236715e-15 10.850000000000001 12.756250000000003
decision_type=2 2 2 2 2 2 2 2 2 2 2 2 2 2 2 2 2 2 2 2 2 2 2 2 2 2 2 2 2 2
left_child=2 3 10 -2 7 6 17 8 -5 23 11 21 24 14 15 -4 -17 20 -19 -7 -6 -1 -22 -3 25 28 -26 -16 -12 -30
right_child=1 9 13 4 5 19 -8 -9 -10 -11 12 -13 -14 -15 27 16 -18 18 -20 -21 22 -23 -24 -25 26 -27 -28 -29 29 -31
leaf_value=-0.018498533633020189 -0.65891751233721152 0.16884930536572665 0.020013379216483187 -1.2176716550145039 0.14265888920494807 -0.10207109533310417 -0.43941577610870203 -0.13232355608605326 -0.12316516406165484 -0.043393203148693799 0.49282873791676984 -0.49320350145655018 0.096654155849508525 0.096049844725268563 0.20271601523489841 -0.20590396138193851 -0.75706636670976879 0.46157449091939884 -0.048432758880468711 -0.26594279895321299 -0.039584156887943672 0.45393470547472436 0.19535715563688427 0.024360084643575336 0.59141606634313415 -0.19319905836212758 0.26836406116438 -0.073326194008514908 -0.18997243075143724 0.19936804295165275
leaf_weight=72 48 477 232 43 264 744 72 976 156 938 54 56 626 728 193 176 40 72 60 372 1824 48 120 729 66 48 479 119 42 468
leaf_count=72 48 477 232 43 264 744 72 976 156 938 54 56 626 728 193 176 40 72 60 372 1824 48 120 729 66 48 479 119 42 468
internal_value=1.30676e-10 -0.0525064 0.105028 -0.0883242 -0.0825006 -0.0530836 -0.00514396 -0.170827 -0.359667 0.0268642 0.16518 -0.0406956 0.185502 0.025836 -0.0414214 -0.138122 -0.307971 0.00821825 0.229753 -0.156695 -0.00502568 0.170475 -0.0250816 0.0815088 0.233573 0.167753 0.307486 0.0974307 0.198472 0.167305
internal_weight=10342 6895 3447 4751 4703 3528 2412 1175 199 2144 1959 176 1783 1488 760 448 216 2340 132 1116 2208 120 1944 1206 1157 612 545 312 564 510
internal_count=10342 6895 3447 4751 4703 3528 2412 1175 199 2144 1959 176 1783 1488 760 448 216 2340 132 1116 2208 120 1944 1206 1157 612 545 312 564 510
is_linear=0
shrinkage=0.05


Tree=60
num_leaves=31
num_cat=0
split_feature=5 4 2 9 2 11 13 13 7 22 13 13 12 13 13 2 9 16 19 16 9 15 7 13 9 18 11 12 16 19
split_gain=20588.7 7340.27 5927.61 5679.37 4484.44 5082.54 3516.32 5937.51 24270 3727.27 3060.8 5463.2 6857.23 3445.32 3726.24 3735.7 3611.37 3439.73 3208.37 3607.49 2821.02 4597.7 6020.96 2819.48 2583.65 2510.92 2481.37 2387.73 2328.72 2118.42
threshold=-0.5 -0.60355339059327362 3.5000000000000004 343.89000000000004 3.5000000000000004 342.50500000000005 10.322301615318512 12.273067053899736 -0.61236746317008228 35.300000000000004 10.18733216452757 12.419043150453344 321.94625000000002 14.654842499119573 37.092153736074522 2.5000000000000004 308.23000000000008 370.35922619047625 434.78500000000003 359.83952380952383 311.84500000000008 352.43500000000006 -0.58481178939031186 42.554963238344357 312.06500000000005 305.55500000000001 303.74500000000006 358.23187500000006 344.01889880952382 447.92000000000002
decision_type=2 2 2 2 2 2 2 2 2 2 2 2 2 2 2 2 2 2 2 2 2 2 2 2 2 2 2 2 2 2
left_child=2 4 10 6 5 -2 -3 8 -8 20 -1 12 -12 16 -15 23 -13 -17 19 -14 21 26 -23 29 25 -4 -9 -22 -26 -16
right_child=1 3 24 -5 -6 -7 7 9 -10 -11 11 13 18 14 15 17 -18 -19 -20 -21 27 22 -24 -25 28 -27 -28 -29 -30 -31
leaf_value=0.44510249664837664 0.50957733035525854 0.13425254809319395 -0.046604145417222756 0.10538291821240886 -0.056150281042360042 0.06478498661383511 -1.1762179246315589 0.29671685177346935 -0.12199125698333349 0.091609446253190105 -0.67045571997761733 0.16155417199978339 0.069796000665519387 0.07428472863717947 0.31291599781917678 0.29167180305434159 0.7293956443667412 0.74697946565491824 0.21641682387329639 -0.5355019551701844 -0.01042285683778177 -0.85596256645565694 -0.23558962613143111 -0.013258629404711272 0.37511159664552129 -0.46800812836736444 -0.10570857762542095 -0.11071191978481994 0.044488555028938746 0.072383346179113323
leaf_weight=88 68 154 304 363 930 1157 65 46 341 264 40 56 64 704 280 160 56 56 120 40 836 44 352 159 56 40 229 2046 1088 136
leaf_count=88 68 154 304 363 930 1157 65 46 341 264 40 56 64 704 280 160 56 56 120 40 836 44 352 159 56 40 229 2046 1088 136
internal_value=-9.90808e-11 -0.0498811 0.0997766 -0.0846662 0.02663 0.0894755 -0.100428 -0.108986 -0.290771 -0.0896498 0.156921 0.143367 -0.0674293 0.177997 0.157958 0.232428 0.445475 0.409715 0.0402539 -0.163011 -0.103118 -0.195452 -0.30452 0.16583 0.0245442 -0.0956046 -0.0383938 -0.0816204 0.0606729 0.23428
internal_weight=10342 6895 3447 4740 2155 1225 4377 4223 406 3817 1959 1871 264 1607 1495 791 112 216 224 104 3553 671 396 575 1488 344 275 2882 1144 416
internal_count=10342 6895 3447 4740 2155 1225 4377 4223 406 3817 1959 1871 264 1607 1495 791 112 216 224 104 3553 671 396 575 1488 344 275 2882 1144 416
is_linear=0
shrinkage=0.05


Tree=61
num_leaves=31
num_cat=0
split_feature=5 2 9 24 12 27 9 6 13 6 13 6 13 7 19 13 13 9 25 25 26 15 13 23 2 6 25 10 16 11
split_gain=18868 7965.42 4469.58 7623.18 11488.2 4370.52 4181.31 3872.58 3524.08 3905.18 4457.48 11000.6 5750.6 4051.53 4030.17 3465.18 6409.03 3398.23 3972.22 5522.84 6303.17 3110.06 3047.1 17976.2 2796.14 2763.96 3640.53 2679.06 2714.79 2591.93
threshold=1.0000000180025095e-35 3.5000000000000004 334.13500000000005 34.260416666666671 344.15020833333341 -9.1915624949774912 343.89000000000004 -0.69057362043749781 10.322301615318512 -0.52766804058324157 13.021684273779085 0.59177612190863982 14.654842499119573 0.46611290379786346 416.45500000000004 10.322301615318512 10.71449692572833 321.37000000000006 1.1000000000000008 -1.0999999999999985 15.339583333333335 401.93000000000006 12.273067053899736 32.216666666666676 3.5000000000000004 -0.73866753694953124 -0.50000000000000167 367.30000000000007 369.47681547619055 330.40500000000003
decision_type=2 2 2 2 2 2 2 2 2 2 2 2 2 2 2 2 2 2 2 2 2 2 2 2 2 2 2 2 2 2
left_child=1 2 3 7 -5 24 15 21 -9 -10 11 -11 -12 -14 -15 -7 -17 18 19 -3 -21 -1 23 -18 29 -4 27 -27 -29 -2
right_child=5 17 25 4 -6 6 -8 8 9 10 12 -13 13 14 -16 16 22 -19 -20 20 -22 -23 -24 -25 -26 26 -28 28 -30 -31
leaf_value=0.398872142695334 0.41819227095693351 -0.0098779926921620416 0.49431170097419197 -0.89828096578518546 0.19564911968385179 0.15571260161473063 0.094250750175332867 0.37889437706298418 -0.34916231922805308 -0.59380529066991239 0.50122910325548486 0.12618078390239842 -0.041445255794429356 -0.075750667715652129 0.22673392216754584 -0.73604759329131675 -0.094633791671858897 0.052923017423757483 0.049920136032069073 -0.21686142457277335 -0.89324004609137786 0.13833737371153096 -0.099529084632815762 -1.1996736584061927 -0.074347132185327347 0.37409741104157135 0.28818518815050814 -0.37796754727051374 0.063652185745206966 0.040385689054757111
leaf_weight=168 48 324 84 48 48 116 263 84 60 84 84 144 455 144 468 42 225 1212 408 248 40 360 2923 44 673 55 408 42 203 837
leaf_count=168 48 324 84 48 48 116 263 84 60 84 84 144 455 144 468 42 225 1212 408 248 40 360 2923 44 673 55 408 42 203 837
internal_value=-1.08918e-11 0.0675352 0.121615 0.0841651 -0.351316 -0.0675352 -0.0977208 0.104548 0.0640951 0.045719 0.0629002 -0.139077 0.10291 0.0715518 0.155561 -0.112792 -0.122423 -0.00367455 -0.0709258 -0.15149 -0.310803 0.221235 -0.114349 -0.275384 0.00246497 0.223136 0.190963 0.0587404 -0.0120541 0.0608769
internal_weight=10342 5171 2939 2147 96 5171 3613 2051 1523 1439 1379 228 1151 1067 612 3350 3234 2232 1020 612 288 528 3192 269 1558 792 708 300 245 885
internal_count=10342 5171 2939 2147 96 5171 3613 2051 1523 1439 1379 228 1151 1067 612 3350 3234 2232 1020 612 288 528 3192 269 1558 792 708 300 245 885
is_linear=0
shrinkage=0.05


Tree=62
num_leaves=31
num_cat=0
split_feature=5 9 16 16 2 11 15 27 27 7 23 7 16 11 13 13 25 9 7 2 6 11 16 27 13 13 2 9 12 12
split_gain=17315.1 6590.03 5086.41 7737.22 4825.51 4228.6 3857.62 3482.4 2684.92 2672.9 2519.53 2887.46 2902.19 3031.68 2409.88 2913.7 3019.39 2361.22 2334.93 9153.02 18428.5 2500.63 2328.61 2263.35 2134.54 2111.68 2056.45 2845.31 2772.47 2542.71
threshold=-0.5 325.34000000000009 367.21672619047621 367.77556547619054 3.5000000000000004 356.00000000000006 432.38500000000005 -9.1915624949774912 3.2869009819615319e-15 -0.21862536810265826 14.591666666666667 0.29958852271690523 364.18755952380957 313.83000000000004 10.18733216452757 12.419043150453344 -1.0999999999999959 298.98500000000007 -0.074115882986646633 1.0000000180025095e-35 0.61237135649459018 302.34500000000008 351.65622023809527 2.7693637825969741 37.162828750675423 37.092153736074522 1.0000000180025095e-35 308.23000000000008 358.23187500000006 355.52750000000009
decision_type=2 2 2 2 2 2 2 2 2 2 2 2 2 2 2 2 2 2 2 2 2 2 2 2 2 2 2 2 2 2
left_child=4 6 10 -4 8 -5 7 24 14 -8 -3 12 13 -12 -1 16 -16 -9 19 20 -19 -20 -21 -6 -2 -10 27 -17 29 -28
right_child=1 2 3 5 23 -7 9 17 25 -11 11 -13 -14 -15 15 26 -18 18 21 22 -22 -23 -24 -25 -26 -27 28 -29 -30 -31
leaf_value=0.52864626518943736 -0.049392411527213034 0.29684534485277253 -0.66916250077192674 -0.091997514790388465 0.070841783144437315 0.051209405029053315 -0.067506849102210262 -0.47270271264664504 0.0095528258654535812 -0.53946176504716281 -0.34075192491092338 -0.051356574043134262 0.33682588289229898 0.10537061711137888 -0.29077468933094119 0.13497399996186413 0.16054464551413228 0.047845810986295041 0.21381309832129089 -0.00088884231386586075 -1.3234510109360729 -0.093559805521139877 -0.21982737514386033 -0.056909303068268025 0.11203000427337993 0.17385705546562716 0.1162251642226805 0.68967296528816224 0.23690589777525847 -0.31629196218279909
leaf_weight=51 858 128 48 1137 938 943 48 46 498 80 41 368 128 535 63 43 90 49 69 248 49 1613 238 550 269 322 162 50 637 43
leaf_count=51 858 128 48 1137 938 943 48 46 498 80 41 368 128 535 63 43 90 49 69 248 49 1613 238 550 269 322 162 50 637 43
internal_value=2.08557e-10 -0.0457439 0.00486257 -0.0415557 0.0915011 -0.0270725 -0.0929597 -0.0829281 0.14306 -0.362479 0.0871776 0.0621427 0.121472 0.0736154 0.192727 0.17698 -0.0252927 -0.118057 -0.110857 -0.196993 -0.637803 -0.0809506 -0.108106 0.023622 -0.010863 0.0740723 0.21008 0.433199 0.185436 0.0255021
internal_weight=10342 6895 3328 2128 3447 2080 3567 3439 1959 128 1200 1072 704 576 1139 1088 153 2312 2266 584 98 1682 486 1488 1127 820 935 93 842 205
internal_count=10342 6895 3328 2128 3447 2080 3567 3439 1959 128 1200 1072 704 576 1139 1088 153 2312 2266 584 98 1682 486 1488 1127 820 935 93 842 205
is_linear=0
shrinkage=0.05


Tree=63
num_leaves=31
num_cat=0
split_feature=5 9 24 12 2 6 17 6 14 18 19 22 18 19 15 11 7 11 7 23 7 13 13 9 15 12 13 0 2 25
split_gain=15921.9 8098.72 5943.77 9584.08 6348.85 3753.23 3810.97 3866.87 4969.11 7315.2 3384.5 4516.23 4150.37 3250.71 3127.21 3126.81 18359.8 9017.89 3089.06 3053.41 3206.4 2747.9 6780.17 2607.89 3565.22 2610.9 2603.98 2576.17 2443.38 2360.99
threshold=0.25881904510252057 334.13500000000005 34.260416666666671 343.55062500000003 3.5000000000000004 -0.69057362043749781 42.04441352259056 0.048362692321690152 314.53500000000003 316.29500000000002 433.71000000000009 16.950000000000003 311.10000000000008 445.98000000000008 401.93000000000006 307.86500000000007 -0.5129677127369543 300.34000000000009 -0.43733099657705293 36.110416666666673 -0.99465740988130902 38.136688890352595 36.927294719761029 308.23000000000008 410.45000000000005 325.10708333333338 12.273067053899736 9.5000000000000018 4.5000000000000009 -5.8500000000000005
decision_type=2 2 2 2 2 2 2 2 2 2 2 2 2 2 2 2 2 2 2 2 2 2 2 2 2 2 2 2 2 2
left_child=1 2 4 -4 5 14 7 -7 18 10 -10 -12 -13 -11 -1 16 -2 -18 -9 20 -17 22 -6 25 -25 -22 -20 -28 -26 -3
right_child=15 29 3 -5 21 6 -8 8 9 13 11 12 -14 -15 -16 19 17 -19 26 -21 23 -23 -24 24 28 -27 27 -29 -30 -31
leaf_value=0.35605893964898222 -1.0049444282641176 -0.16861717322442149 -0.80172111237687727 -0.03788434614294342 -0.049648814459749481 -0.078355691033518984 -0.31366250739565921 0.036238311592023821 0.017755450217237512 0.43918934871195536 -0.74126217035310615 0.12800742290914058 -0.39328918183843298 0.054558938699960716 0.1141865166152517 -0.47215307122841477 0.61736851861310571 -0.16651606783047321 -0.11754303691642626 0.078378383616312386 -0.038008589531327117 0.087925469875335699 -0.69394116451342902 0.0080871397138514711 -0.072312401929604156 -0.31666907989606263 0.10697807448027148 0.36833534567080667 -0.22040892893612823 0.16199579908557268
leaf_weight=196 61 56 56 154 1470 378 70 224 182 98 42 70 84 125 420 50 43 250 42 359 145 350 42 1321 1540 200 132 330 340 1512
leaf_count=196 61 56 56 154 1470 378 70 224 182 98 42 70 84 125 420 50 43 250 42 359 145 350 42 1321 1540 200 132 330 340 1512
internal_value=2.96879e-10 0.0524309 0.0181009 -0.241574 0.0309168 0.0847917 0.0479238 0.0627516 0.102886 -0.00352224 -0.137506 -0.281677 -0.156336 0.223589 0.191146 -0.0734081 -0.215773 -0.051475 0.190731 -0.0606655 -0.0745466 -0.0383219 -0.0675458 -0.0689402 -0.0548632 -0.199551 0.259395 0.293662 -0.0990958 0.150188
internal_weight=10342 6033 4465 210 4255 2393 1777 1707 1329 601 378 196 154 223 616 4309 354 293 728 3955 3596 1862 1512 3546 3201 345 504 462 1880 1568
internal_count=10342 6033 4465 210 4255 2393 1777 1707 1329 601 378 196 154 223 616 4309 354 293 728 3955 3596 1862 1512 3546 3201 345 504 462 1880 1568
is_linear=0
shrinkage=0.05


Tree=64
num_leaves=31
num_cat=0
split_feature=5 4 9 26 2 11 13 11 9 6 24 12 12 13 7 2 16 9 12 9 12 6 0 15 6 19 13 17 16 16
split_gain=14755 7272.8 4756.33 3214.94 3084.9 3636.51 2776.27 4767.42 4062.14 2624.64 2617.03 2555.53 4936.23 3830.8 2719.87 2504.87 2375.95 2063.91 2030.56 2027.98 1904.75 2153.86 1818.7 1798.85 1797.85 1739.72 1713.39 2459.56 2134.17 2664.6
threshold=-0.70710678118654757 -0.78656609248549292 343.89000000000004 17.252083333333335 3.5000000000000004 342.50500000000005 10.322301615318512 300.34000000000009 308.23000000000008 0.9550229469509578 11.094940476190477 342.59229166666677 349.4656250000001 13.021684273779085 0.5403928698825039 4.5000000000000009 373.66133928571435 308.23000000000008 363.12312500000013 334.13500000000005 343.02125000000007 0.58481550752069722 20.500000000000004 443.62000000000006 0.49065764355977465 420.13000000000005 37.162828750675423 26.018330773267571 368.37294642857142 359.83952380952383
decision_type=2 2 2 2 2 2 2 2 2 2 2 2 2 2 2 2 2 2 2 2 2 2 2 2 2 2 2 2 2 2
left_child=3 4 6 10 5 -2 -3 -8 11 17 -1 13 -13 14 -9 -15 22 -5 -12 23 21 -19 -4 26 -20 -10 27 -7 29 -29
right_child=1 2 16 9 -6 19 7 8 25 -11 18 12 -14 15 -16 -17 -18 20 24 -21 -22 -23 -24 -25 -26 -27 -28 28 -30 -31
leaf_value=0.34076022977630299 0.52703591269698558 0.11404147480133471 0.30801150570313141 -0.16659164014789796 -0.025049555468335566 0.33511451712499063 -0.49749877426935279 -0.69006191720678056 0.0014552529673900964 0.37054846574919242 -0.01396084891565837 -0.77275470721607031 -0.076960289135575302 0.10432510292626543 -0.22611219496798834 -0.18260069596692033 -0.011940182618096346 0.47142854732771716 0.22396277839938802 0.18547944135107797 0.12275625814622192 0.10452781738713385 -0.054411450790034399 -0.27310883394146174 0.010497074055245087 -0.078204715994768623 0.1435653099985309 -0.02675159886655222 0.19137056659441443 -0.37092647598790274
leaf_weight=72 47 182 150 54 930 48 69 44 852 132 828 52 50 139 112 168 234 90 210 322 942 72 45 44 186 3505 327 286 80 70
leaf_count=72 47 182 150 54 930 48 69 44 852 132 828 52 50 139 112 168 234 90 210 322 942 72 45 44 186 3505 327 286 80 70
internal_value=-4.98278e-11 -0.0344852 -0.0645081 0.103429 0.0435967 0.0957545 -0.0777757 -0.0847705 -0.0789845 0.159308 0.0478085 -0.205123 -0.431679 -0.155212 -0.35697 -0.0526897 0.095476 0.135229 0.030576 0.0785325 0.149992 0.308362 0.224375 0.0382554 0.123699 -0.0626274 0.0551482 -0.00458816 -0.0419866 -0.0944264
internal_weight=10342 7756 5602 2586 2154 1224 5173 4991 4922 1290 1296 565 102 463 156 307 429 1158 1224 1177 1104 162 195 855 396 4357 811 484 436 356
internal_count=10342 7756 5602 2586 2154 1224 5173 4991 4922 1290 1296 565 102 463 156 307 429 1158 1224 1177 1104 162 195 855 396 4357 811 484 436 356
is_linear=0
shrinkage=0.05


Tree=65
num_leaves=31
num_cat=0
split_feature=5 9 16 16 0 15 11 27 13 12 7 9 2 23 7 16 24 24 26 7 23 6 17 15 9 7 2 6 11 16
split_gain=13359.3 5346.81 4529.27 6744.27 4147.04 3421.51 3346.35 2724.19 2552.68 3532.89 2344.58 2256.12 2231.22 2211.42 2270.42 2546.23 2585.01 2198.23 3597.19 3540.1 2907 2489.93 3508.66 1961.93 1910.04 1933.89 7517.59 16495.3 2204.43 2019.77
threshold=-0.5 325.34000000000009 367.21672619047621 367.77556547619054 11.500000000000002 432.38500000000005 356.00000000000006 -9.1915624949774912 10.18733216452757 363.12312500000013 -0.21862536810265826 336.53000000000003 1.5000000000000002 13.693750000000003 0.29958852271690523 364.18755952380957 36.669345238095239 34.260416666666671 21.887500000000006 0.19969739736768838 36.110416666666673 -0.55657520495441892 36.700953547138802 430.84000000000009 298.98500000000007 -0.074115882986646633 1.0000000180025095e-35 0.61237135649459018 302.34500000000008 351.65622023809527
decision_type=2 2 2 2 2 2 2 2 2 2 2 2 2 2 2 2 2 2 2 2 2 2 2 2 2 2 2 2 2 2
left_child=4 5 13 -4 11 7 -5 23 -6 17 -7 -1 -13 -3 15 16 -15 18 21 -20 -19 22 -10 -2 -9 26 27 -26 -27 -28
right_child=1 2 3 6 8 10 -8 24 9 -11 -12 12 -14 14 -16 -17 -18 20 19 -21 -22 -23 -24 -25 25 28 29 -29 -30 -31
leaf_value=-0.023627600081327242 -0.022341722786695824 0.29463329431268254 -0.62435197712232671 -0.08263326339216219 0.44442034848034384 -0.060274550024769273 0.044761391181581733 -0.42330158021220043 -0.57901996739208694 0.17940610608158497 -0.50229464595831819 0.40849307868629697 0.061046581036545602 0.10175753691935714 -0.036495814313063119 0.31636141079361552 -0.2814855916425586 -0.47152758396334121 0.15363235895408364 0.66785792123526333 0.082413250342011468 0.052036149042397742 0.0364280774850737 0.3300021714644461 0.072949713651014839 0.20611654535151913 0.0041623056334848972 -1.2244288215223624 -0.082478582508248841 -0.19974105926137614
leaf_weight=1032 1086 112 48 1137 60 48 943 46 40 1034 80 60 201 528 384 128 48 45 205 40 50 625 55 41 49 69 248 49 1613 238
leaf_count=1032 1086 112 48 1137 60 48 943 46 40 1034 80 60 201 528 384 128 48 45 205 40 50 625 55 41 49 69 248 49 1613 238
internal_value=4.14984e-11 -0.0401804 0.00540341 -0.0383989 0.0803724 -0.0827099 -0.0248769 -0.0732624 0.122863 0.11365 -0.336537 0.00958721 0.140919 0.0830796 0.061302 0.114646 0.0698206 0.0495059 0.0720977 0.237588 -0.17998 0.0157852 -0.222708 -0.00952353 -0.104332 -0.0978572 -0.176248 -0.57574 -0.0706397 -0.0956916
internal_weight=10342 6895 3328 2128 3447 3567 2080 3439 2154 2094 128 1293 261 1200 1088 704 576 1060 965 245 95 720 95 1127 2312 2266 584 98 1682 486
internal_count=10342 6895 3328 2128 3447 3567 2080 3439 2154 2094 128 1293 261 1200 1088 704 576 1060 965 245 95 720 95 1127 2312 2266 584 98 1682 486
is_linear=0
shrinkage=0.05


Tree=66
num_leaves=31
num_cat=0
split_feature=11 5 9 7 2 0 17 15 16 15 25 6 25 13 25 26 26 25 27 11 6 26 7 2 13 13 18 11 12 9
split_gain=12304 11073 5893.27 5341.79 4072.05 5121.41 4318.55 3906.03 2900.54 2851.1 7062.71 3853.9 4323.24 8144.41 3434.51 2728.78 3362.98 2674.1 3021.48 2566.74 2389.21 2323.98 2475.85 2238.82 2056.24 4029.7 2054.21 2027.86 1884.52 1786.9
threshold=251.51500000000001 -0.70710678118654757 334.13500000000005 -0.99761278905001471 3.5000000000000004 3.5000000000000004 46.354287850065255 445.35000000000008 371.35380952380962 364.61000000000007 -0.84999999999999776 0.41398981800788198 -2.6999999999999971 12.273067053899736 3.8999999999999999 16.972916666666674 16.062500000000004 2.2000000000000024 9.0808526542371677 346.40500000000003 0.9550229469509578 13.389583333333336 0.84199059757024453 1.5000000000000002 38.136688890352595 36.927294719761029 329.00000000000006 321.06500000000005 363.12312500000013 308.23000000000008
decision_type=2 2 2 2 2 2 2 2 2 2 2 2 2 2 2 2 2 2 2 2 2 2 2 2 2 2 2 2 2 2
left_child=-1 15 3 -3 5 17 7 9 -4 10 11 12 -7 -14 -11 16 21 -5 -19 -13 29 28 -23 -10 25 -6 -25 -12 -2 -17
right_child=1 2 8 4 24 6 -8 -9 23 14 27 19 13 -15 -16 20 -18 18 -20 -21 -22 22 -24 26 -26 -27 -28 -29 -30 -31
leaf_value=-0.86444722559393916 -0.016985353130757219 -0.54739922516875805 0.11557869041408893 -0.086242459472739355 -0.10553388910675383 0.091751943076295528 -0.41488750217990439 -0.38341367949138988 0.12004603966656657 0.018127079359168765 0.54673815119139701 0.44326255632483441 -0.95959642522391819 -0.078881838407833138 -0.38056227849696633 -0.16024579982514736 -0.29148591384032951 -0.14763728705131346 -0.66991358305017157 -0.046390120108844718 0.34497232083486973 -0.032452736064001467 0.34308861023426512 -0.10730606415532029 0.0009553441661927436 -0.54332198812453836 0.050346400271774387 0.20172897418017299 0.13232747682498075 0.13411596885653781
leaf_weight=41 683 54 874 574 1976 70 55 55 270 1526 47 46 42 70 56 54 72 72 45 64 132 66 131 522 450 54 342 454 306 1139
leaf_count=41 683 54 874 574 1976 70 55 55 270 1526 47 46 42 70 56 54 72 72 45 64 132 66 131 522 450 54 342 454 306 1139
internal_value=3.54807e-11 0.00344067 -0.0265491 -0.0524586 -0.0477332 -0.0102439 0.0232372 0.0331536 0.0471279 0.0428004 0.120177 -0.0752775 -0.216495 -0.40915 0.00401418 0.09305 0.0403076 -0.13065 -0.348513 0.158374 0.143125 0.0604502 0.217273 -0.00562863 -0.0957437 -0.117179 -0.044902 0.234095 0.0292125 0.120792
internal_weight=10342 10301 7718 5710 5656 3176 2485 2430 2008 2375 793 292 182 112 1582 2583 1258 691 117 110 1325 1186 197 1134 2480 2030 864 501 989 1193
internal_count=10342 10301 7718 5710 5656 3176 2485 2430 2008 2375 793 292 182 112 1582 2583 1258 691 117 110 1325 1186 197 1134 2480 2030 864 501 989 1193
is_linear=0
shrinkage=0.05


Tree=67
num_leaves=31
num_cat=0
split_feature=5 9 24 15 2 17 15 7 13 13 13 7 7 2 11 9 14 6 25 26 7 6 2 2 6 25 2 9 9 12
split_gain=11431.2 6011.33 4894.39 8661.05 4852.69 3082.2 2939.38 6249.08 8545.35 5073.5 3399.08 2653.6 5061.57 11091.9 6793.12 2667.22 2508.36 2458.88 2540.25 2635.83 5049.37 2393.26 4345.61 2785.34 2306.62 2150.5 2066.38 2220.67 2126.6 2037.82
threshold=0.25881904510252057 334.13500000000005 34.260416666666671 360.92500000000001 3.5000000000000004 46.354287850065255 364.61000000000007 0.94909129669788206 12.386566716141798 36.927294719761029 43.225061852357669 -0.84313311835787952 -0.70289845916694649 1.5000000000000002 300.34000000000009 308.23000000000008 312.53000000000003 0.97314989601849466 1.2000000000000013 15.339583333333335 0.65720762023595369 0.031174179426909168 1.0000000180025095e-35 1.0000000180025095e-35 0.15101559051660998 -5.8500000000000005 3.5000000000000004 340.185 339.83500000000009 342.59229166666677
decision_type=2 2 2 2 2 2 2 2 2 2 2 2 2 2 2 2 2 2 2 2 2 2 2 2 2 2 2 2 2 2
left_child=1 2 4 -4 5 6 7 -1 -9 -8 16 21 13 -13 -14 29 -11 18 19 -6 -21 22 -2 -23 -10 -3 -27 28 -28 -16
right_child=11 25 3 -5 17 -7 9 8 24 10 -12 12 14 -15 15 -17 -18 -19 -20 20 -22 23 -24 -25 -26 26 27 -29 -30 -31
leaf_value=0.23883676104291918 -0.49110244281589988 -0.17561477798902031 -0.75328134944928549 -0.027157751386138525 -0.06488942030569142 -0.29299633626693061 -0.079487307775670146 -0.52696026702544518 -0.040961881265753793 0.25364842407226601 -0.10935372867274518 -0.83490424624819681 0.50447210314182145 -0.094750921220371598 -0.141373211530022 -0.05485950700473418 0.080843811994667961 0.20971822237016213 0.032902477977959997 -0.057811453659087422 -0.69832776824384934 0.47299514102563267 0.012379394799470901 0.065504198232665664 0.48305859379470351 0.18931788638067304 0.10092866272985504 -0.034197863072289954 0.43711448555945287 -0.44151045926298726
leaf_weight=588 50 56 56 154 1004 56 546 70 42 336 153 69 52 190 336 2934 560 98 630 80 50 50 300 260 42 882 294 280 56 68
leaf_count=588 50 56 56 154 1004 56 546 70 42 336 153 69 52 190 336 2934 560 98 630 80 50 50 300 260 42 882 294 280 56 68
internal_value=4.66909e-11 0.0444258 0.014849 -0.220791 0.0264787 0.0735797 0.0823637 0.164578 -0.118956 0.0441174 0.108453 -0.0622003 -0.0788875 -0.291935 -0.0626104 -0.0714445 0.145646 -0.0340544 -0.0475973 -0.0923195 -0.304164 0.0300599 -0.0595466 0.131229 0.221048 0.128648 0.139917 0.0707556 0.154718 -0.191891
internal_weight=10342 6033 4465 210 4255 2393 2337 742 154 1595 1049 4309 3649 259 3390 3338 896 1862 1764 1134 130 660 350 310 84 1568 1512 630 350 404
internal_count=10342 6033 4465 210 4255 2393 2337 742 154 1595 1049 4309 3649 259 3390 3338 896 1862 1764 1134 130 660 350 310 84 1568 1512 630 350 404
is_linear=0
shrinkage=0.05


Tree=68
num_leaves=31
num_cat=0
split_feature=11 5 9 7 2 0 17 15 16 15 25 6 25 13 25 11 25 27 26 26 6 2 26 7 19 18 13 15 4 13
split_gain=11148.2 9501.92 4939.07 4644.42 3501.85 4424.19 3676.52 3493.32 2519.77 2519.24 6041.55 3287.78 3867.99 7036.24 3023.41 2384.22 2359.89 2704.17 2302.91 2950.96 2120.06 2049.81 2013.31 2157.97 1911.87 1827.81 1826.31 3660.07 1768.09 1904.08
threshold=251.51500000000001 -0.70710678118654757 334.13500000000005 -0.99761278905001471 3.5000000000000004 3.5000000000000004 46.354287850065255 445.35000000000008 371.35380952380962 364.61000000000007 -0.84999999999999776 0.41398981800788198 -2.6999999999999971 12.273067053899736 3.8999999999999999 346.40500000000003 2.2000000000000024 9.0808526542371677 16.972916666666674 16.062500000000004 0.9550229469509578 1.5000000000000002 13.389583333333336 0.84199059757024453 455.73500000000007 329.00000000000006 38.136688890352595 432.38500000000005 -0.37940952255126065 12.597542009912422
decision_type=2 2 2 2 2 2 2 2 2 2 2 2 2 2 2 2 2 2 2 2 2 2 2 2 2 2 2 2 2 2
left_child=-1 18 3 -3 5 16 7 9 -4 10 11 12 -7 -14 -11 -13 -5 -18 19 22 -20 -10 -2 -24 28 -23 27 -6 29 -12
right_child=1 2 8 4 26 6 -8 -9 21 14 24 15 13 -15 -16 -17 17 -19 20 -21 -22 25 23 -25 -26 -27 -28 -29 -30 -31
leaf_value=-0.82284631903578598 0.027625599712664518 -0.50972905928889911 0.10674311894077573 -0.07924682853117955 -0.097444517904612615 0.093430844385709089 -0.38218191121112222 -0.36273078390143138 0.11402414879403766 0.017120078942454073 0.21442942194463244 0.42268055537715554 -0.89199368540375001 -0.07338619396622692 -0.35694808828245317 -0.049241940805222845 -0.1355922368587926 -0.62968366105523377 0.11124858291818129 -0.2729723261979719 0.32242469834446008 -0.10267248647501587 -0.030478535643355415 0.32012667361902825 -0.10446212690855777 0.046038748469334423 0.0027909853080701499 -0.51467156716518936 0.14920275798680163 0.50272565150323023
leaf_weight=41 989 54 874 574 1976 70 55 55 270 1526 126 46 42 70 56 64 72 45 1193 72 132 522 66 131 42 342 450 54 228 105
leaf_count=41 989 54 874 574 1976 70 55 55 270 1526 126 46 42 70 56 64 72 45 1193 72 132 522 66 131 42 342 450 54 228 105
internal_value=4.29559e-11 0.00327509 -0.0245058 -0.0482252 -0.043819 -0.00905346 0.0220653 0.0312149 0.0429433 0.0403379 0.113072 -0.0677013 -0.198135 -0.380364 0.00387873 0.148107 -0.120964 -0.325627 0.0862843 0.0378321 0.132287 -0.00622863 0.0567004 0.202665 0.218433 -0.0438076 -0.0883414 -0.108543 0.247979 0.345473
internal_weight=10342 10301 7718 5710 5656 3176 2485 2430 2008 2375 793 292 182 112 1582 110 691 117 2583 1258 1325 1134 1186 197 501 864 2480 2030 459 231
internal_count=10342 10301 7718 5710 5656 3176 2485 2430 2008 2375 793 292 182 112 1582 110 691 117 2583 1258 1325 1134 1186 197 501 864 2480 2030 459 231
is_linear=0
shrinkage=0.05


Tree=69
num_leaves=31
num_cat=0
split_feature=11 5 4 23 23 9 12 12 14 0 22 2 11 15 2 12 13 9 23 13 25 25 6 12 24 26 6 9 14 7
split_gain=10061.3 8575.49 4774.33 3322.02 4880.36 3080.45 2307.44 4242.69 2510.35 2299.1 2297.13 2105.85 3041.22 2023.49 3973.85 1926.34 2415.37 1905.87 1888.24 1734.63 3553.06 1615.72 1516.83 1493.15 1429.35 2664.32 2309.35 2028.48 2551.85 1879.17
threshold=251.51500000000001 -0.70710678118654757 -0.78656609248549292 36.110416666666673 35.94166666666667 308.23000000000008 342.59229166666677 349.4656250000001 303.91500000000002 11.500000000000002 21.400000000000002 3.5000000000000004 348.26000000000005 376.99500000000006 4.5000000000000009 363.12312500000013 10.18733216452757 326.38500000000005 36.443750000000009 11.783583696410485 -1.0000000180025095e-35 -2.800000000000002 0.15951094710994371 389.2091666666667 34.260416666666671 21.887500000000006 -0.55657520495441892 323.12000000000006 321.98500000000007 -0.43733099657705293
decision_type=2 2 2 2 2 2 2 2 2 2 2 2 2 2 2 2 2 2 2 2 2 2 2 2 2 2 2 2 2 2
left_child=-1 9 11 4 5 6 8 -8 -4 -2 -10 12 -3 -7 -15 16 -11 19 -5 20 -14 -19 -20 -23 25 26 -18 -28 -29 -27
right_child=1 2 3 18 -6 13 7 -9 10 15 -12 -13 17 14 -16 -17 24 21 22 -21 -22 23 -24 -25 -26 29 27 28 -30 -31
leaf_value=-0.78170400712548238 0.015258433024606395 0.39597048566306703 -0.033594590289285409 0.37506233919411902 -0.54157741257043268 0.01914483213075243 -0.69413025806156492 -0.049064226776361464 -0.16226145466500821 0.40946217255356415 -0.57715484395623207 -0.016793117751818031 -0.55094257950782777 -0.031548182092603863 -0.16548774695513671 0.17027669309037807 -0.24776414330800375 -0.081126222735605186 0.011084112753232681 0.035870839464213926 0.096713869290219412 0.1375763970303607 0.30377058121748268 0.45673776207491756 -0.16201185100270732 0.095867610221792909 0.10653130738113795 -0.45542938835918911 0.033688586310017858 0.4108652433007956
leaf_weight=41 861 73 320 48 52 1081 52 50 129 48 45 930 40 2651 700 828 75 78 386 511 45 437 50 40 76 116 379 40 80 80
leaf_count=41 861 73 320 48 52 1081 52 50 129 48 45 930 40 2651 700 828 75 78 386 511 45 437 50 40 76 116 379 40 80 80
internal_value=8.94412e-11 0.00311134 -0.0232805 -0.0477488 -0.059674 -0.0546901 -0.161413 -0.377921 -0.116708 0.0819701 -0.269561 0.0399235 0.083017 -0.0403385 -0.0595272 0.115326 0.0644319 0.0631685 0.0774173 0.00108124 -0.208066 0.129842 0.0446491 0.16434 0.0448557 0.0652738 0.010925 0.0498062 -0.129351 0.224438
internal_weight=10342 10301 7718 5564 5080 5028 596 102 494 2583 174 2154 1224 4432 3351 1722 894 1151 484 596 85 555 436 477 846 770 574 499 120 196
internal_count=10342 10301 7718 5564 5080 5028 596 102 494 2583 174 2154 1224 4432 3351 1722 894 1151 484 596 85 555 436 477 846 770 574 499 120 196
is_linear=0
shrinkage=0.05


Tree=70
num_leaves=31
num_cat=0
split_feature=11 5 23 23 15 0 9 15 5 22 22 6 12 16 15 13 12 27 24 26 7 23 6 22 19 13 2 2 9 7
split_gain=9080.31 7756.39 3739.43 6637.19 3560.56 3383.96 3157.37 3447.56 2717.7 2384.13 3099.14 2176.59 2111.94 2104.8 2906.1 2022.76 2056.41 1901.95 1659.35 2629.57 2977.57 2384.23 2036.05 3456.9 1700.94 1664.81 1638.19 1624.35 2273.13 1882.86
threshold=251.51500000000001 -0.5 36.110416666666673 36.00833333333334 456.68500000000006 11.500000000000002 310.48500000000007 361.64000000000004 0.60355339059327384 29.150000000000002 31.400000000000002 0.17646842360078763 332.21791666666672 373.54505952380958 437.47000000000008 10.18733216452757 363.12312500000013 -9.3462180497990577 34.260416666666671 21.887500000000006 0.19969739736768838 36.110416666666673 -0.55657520495441892 25.300000000000004 433.71000000000009 41.021011064884625 1.0000000180025095e-35 1.5000000000000002 336.97000000000008 -0.30982845708428081
decision_type=2 2 2 2 2 2 2 2 2 2 2 2 2 2 2 2 2 2 2 2 2 2 2 2 2 2 2 2 2 2
left_child=-1 4 3 6 5 27 9 -8 13 12 -11 -4 17 14 26 -7 18 -3 19 22 -21 -20 23 -17 25 -24 -9 28 29 -2
right_child=1 2 11 -5 -6 15 7 8 -10 10 -12 -13 -14 -15 -16 16 -18 -19 21 20 -22 -23 24 -25 -26 -27 -28 -29 -30 -31
leaf_value=-0.74261880211713838 -0.16467684023082257 0.099693291267030873 0.059220132118424598 -0.62489851550975195 0.49179893260200819 0.38298457416395348 0.090602100526183102 0.26361076112974574 -0.077880908134337207 -0.66745558817719308 -0.082993659159789485 0.37213834757285735 -0.19570847738771435 -0.11547954473753422 0.1459046273015169 -0.52892212850803677 0.13973536191037875 -0.093494966936830667 -0.42356194751130211 0.12394956387397721 0.59555282145738608 0.078103511928464292 0.10956627940014403 0.078745345965027816 -0.12975339652484527 -0.22647627004422249 -0.015883952964459443 -0.042127444619804701 0.36404410178462665 0.10752532615981721
leaf_weight=41 90 180 536 48 48 60 632 54 1989 43 48 62 318 342 369 44 1004 436 45 205 40 50 469 50 115 40 1800 908 60 216
leaf_count=41 90 180 536 48 48 60 632 54 1989 43 48 62 318 342 369 44 1004 436 45 205 40 50 469 50 115 40 1800 908 60 216
internal_value=4.98173e-11 0.00295577 -0.0277928 -0.0392059 0.0641761 0.058132 -0.0346795 -0.0188307 -0.0340177 -0.114867 -0.359168 0.0916632 -0.0910646 -4.41757e-06 0.017761 0.0968052 0.088478 -0.0370439 0.0398367 0.059504 0.200946 -0.159527 0.0112404 -0.205695 0.0439197 0.0831582 -0.00774333 -0.00628298 0.0826426 0.0274659
internal_weight=10342 10301 6857 6259 3444 3396 6211 5186 4554 1025 91 598 934 2565 2223 2122 2062 616 1058 963 245 95 718 94 624 509 1854 1274 366 306
internal_count=10342 10301 6857 6259 3444 3396 6211 5186 4554 1025 91 598 934 2565 2223 2122 2062 616 1058 963 245 95 718 94 624 509 1854 1274 366 306
is_linear=0
shrinkage=0.05


Tree=71
num_leaves=31
num_cat=0
split_feature=11 5 9 7 2 0 25 17 25 15 25 12 23 16 9 16 16 27 13 18 6 4 4 18 22 13 16 13 9 7
split_gain=8194.98 7077.15 4105.66 3914.51 2735.06 3176.71 4298.09 3341.75 2964.68 3254.61 3285.61 2898.41 2427.57 2312.05 2020.24 5018.44 2011.99 1993.17 1955.76 2533.71 2157.36 2016.8 1854.2 1850.57 1689.96 1532.65 1713.28 1614.09 1576.99 1430.55
threshold=251.51500000000001 -0.70710678118654757 334.13500000000005 -0.99761278905001471 1.5000000000000002 3.5000000000000004 2.2000000000000024 43.162633024122876 -0.84999999999999776 379.69500000000011 3.8999999999999999 321.94625000000002 12.895833333333334 367.21672619047621 308.23000000000008 353.43000000000006 374.74690476190477 3.7916990107519317 12.419043150453344 228.29500000000004 -0.05695216311707673 -0.37940952255126065 -0.78656609248549292 322.94000000000005 12.500000000000002 37.162828750675423 344.01889880952382 16.057754606294552 322.52000000000004 -0.16799793862756093
decision_type=2 2 2 2 2 2 2 2 2 2 2 2 2 2 2 2 2 2 2 2 2 2 2 2 2 2 2 2 2 2
left_child=-1 14 3 -3 5 6 24 8 11 18 -11 -7 -13 -4 15 -2 23 -16 -10 20 -20 -21 -15 25 -5 26 -6 -28 -29 -18
right_child=1 2 13 4 16 7 -8 -9 9 10 -12 12 -14 22 17 -17 29 -19 19 21 -22 -23 -24 -25 -26 -27 27 28 -30 -31
leaf_value=-0.70548783744253774 0.042962291993123174 -0.46648382319275428 0.13179853474141501 -0.25656316960623987 -0.010987155930142095 -0.32409680898700444 -0.51545746753792887 -0.33177007005973297 0.11549504269334608 0.065441886715936037 -0.41647299826131318 -0.28725995131369148 0.064017659976230101 0.098675647907363009 0.12120246706294102 -0.51708468180149791 -0.40405585050272452 0.020277446889268469 0.3466150325556685 0.63587699675134246 -0.1664628016203642 0.25495528531112316 -0.025686624998590653 0.13412720369957387 0.021659092500537509 -0.013060390414708915 -0.035851643402929768 -0.18029452646981078 -0.071002779767504728 -0.06361351369155778
leaf_weight=41 240 54 514 71 627 70 57 55 266 224 42 56 404 415 1588 48 72 707 42 70 40 69 1079 125 236 1134 576 808 558 54
leaf_count=41 240 54 514 71 627 70 57 55 266 224 42 56 404 415 1588 48 72 707 42 70 40 69 1079 125 236 1134 576 808 558 54
internal_value=1.25208e-10 0.00280798 -0.0211676 -0.0427934 -0.0387483 0.014247 -0.116718 0.0498758 0.0662363 0.130002 -0.0106499 -0.0243589 0.0212534 0.0403282 0.074447 -0.0503789 -0.0615601 0.0901114 0.206826 0.316754 0.0963332 0.446786 0.00885845 -0.0550892 -0.0426855 -0.0614765 -0.0828482 -0.106049 -0.13565 -0.258152
internal_weight=10342 10301 7718 5710 5656 1702 364 1338 1283 753 266 530 460 2008 2583 288 3954 2295 487 221 82 139 1494 3828 307 3703 2569 1942 1366 126
internal_count=10342 10301 7718 5710 5656 1702 364 1338 1283 753 266 530 460 2008 2583 288 3954 2295 487 221 82 139 1494 3828 307 3703 2569 1942 1366 126
is_linear=0
shrinkage=0.05


Tree=72
num_leaves=31
num_cat=0
split_feature=5 9 24 15 2 6 17 6 14 18 7 18 19 22 18 19 6 25 26 18 7 7 15 11 26 6 2 2 15 12
split_gain=7514.44 4420.67 3774.14 7348.4 3370.77 2538.87 2617.97 2755.81 3173.75 5553.14 2841.33 3837.39 2682.22 3259.54 3291.35 2517.42 2134.42 2256.52 2628.53 4552.28 2100.82 4343.85 9961.15 7163.75 2060.35 1999.75 3385.91 2587.18 1942.71 2186.46
threshold=0.25881904510252057 334.13500000000005 34.260416666666671 360.92500000000001 3.5000000000000004 -0.69057362043749781 42.04441352259056 -0.52766804058324157 314.53500000000003 316.29500000000002 0.99681593486783593 168.59000000000003 433.71000000000009 16.950000000000003 311.10000000000008 446.56000000000006 0.97314989601849466 1.2000000000000013 15.339583333333335 303.19500000000005 -0.84313311835787952 -0.70289845916694649 369.31500000000005 300.34000000000009 17.252083333333335 0.031174179426909168 1.0000000180025095e-35 1.0000000180025095e-35 401.93000000000006 336.86708333333337
decision_type=2 2 2 2 2 2 2 2 2 2 2 2 2 2 2 2 2 2 2 2 2 2 2 2 2 2 2 2 2 2
left_child=1 2 4 -4 5 28 7 24 10 12 11 -9 -10 -14 -15 -11 17 18 -6 -20 25 22 -22 -23 -7 26 -2 -27 29 -1
right_child=20 -3 3 -5 16 6 -8 8 9 15 -12 -13 13 14 -16 -17 -18 -19 19 -21 21 23 -24 -25 -26 27 -28 -29 -30 -31
leaf_value=0.13295261865049335 -0.43118327462673189 0.10824409511582676 -0.68674880465758703 -0.017909800840009534 -0.056958569096868854 -0.47326593365181574 -0.26989156983792784 -0.046897992524096654 -0.017297654703392517 0.33635070352881619 -0.14344648969720822 0.19737223358488842 -0.66492211953515101 0.085217023513146806 -0.37900790505643406 0.00035773209287776606 0.19753809535343733 0.033671171817307673 -0.67016112741827971 -0.061989303203299644 -0.90457172187007195 0.53214753109675195 -0.11286022960164009 -0.059271413216011294 0.022553687207400801 0.45352299594879153 0.013239274978948138 0.060794545577552463 0.086938999907024916 0.4704112940423546
leaf_weight=112 50 1568 56 154 1004 44 70 210 210 112 98 686 42 70 84 111 98 630 50 80 49 52 210 3338 40 50 300 260 420 84
leaf_count=112 50 1568 56 154 1004 44 70 210 210 112 98 686 42 70 84 111 98 630 50 80 49 52 210 3338 40 50 300 260 420 84
internal_value=2.82556e-10 0.0360195 0.010656 -0.196267 0.0208684 0.0601241 0.0298015 0.0420912 0.0565442 -0.0313509 0.112164 0.140121 -0.141455 -0.274481 -0.167997 0.169108 -0.0295822 -0.0422 -0.0843506 -0.295902 -0.0504306 -0.0652784 -0.262643 -0.0501995 -0.237161 0.0316596 -0.0502497 0.124138 0.147597 0.277578
internal_weight=10342 6033 4465 210 4255 2393 1777 1707 1623 629 994 896 406 196 154 223 1862 1764 1134 130 4309 3649 259 3390 84 660 350 310 616 196
internal_count=10342 6033 4465 210 4255 2393 1777 1707 1623 629 994 896 406 196 154 223 1862 1764 1134 130 4309 3649 259 3390 84 660 350 310 616 196
is_linear=0
shrinkage=0.05


Tree=73
num_leaves=31
num_cat=0
split_feature=11 5 2 17 7 6 26 9 24 17 16 18 17 12 17 19 13 25 6 27 7 9 12 7 9 12 15 15 19 10
split_gain=7437.14 6087.23 4592.87 5734.77 3796.68 8529.62 3499.14 2445.57 4671.98 3354.41 3557.63 5375.42 3512.69 2918.67 2874.52 11305.6 2614.42 2562.85 2470.9 2312.69 2211.48 2190.3 2139.2 1882.07 1881.78 1611.23 2222.76 1871.55 2144.16 3062.67
threshold=251.51500000000001 0.60355339059327384 4.5000000000000009 45.46741229618474 -0.99761278905001471 0.01505151768384008 24.327083333333338 325.69000000000005 34.260416666666671 38.510675973285949 346.68000000000001 228.29500000000004 22.64855009317731 339.53000000000003 35.351365016307987 427.56 42.257811174423374 -6.3499999999999996 0.54940630780725741 2.7693637825969741 -0.84313311835787952 306.61000000000007 355.47020833333335 -0.96687281075841669 323.36500000000007 391.45562500000005 448.25000000000006 434.15000000000003 441.13500000000005 425.11500000000007
decision_type=2 2 2 2 2 2 2 2 2 2 2 2 2 2 2 2 2 2 2 2 2 2 2 2 2 2 2 2 2 2
left_child=-1 2 3 4 5 -2 -5 8 9 10 11 21 -13 -9 15 -12 -11 -15 -18 22 -3 -6 -14 -4 -16 26 27 28 29 -19
right_child=1 20 23 6 7 -7 -8 13 -10 16 14 12 19 17 24 -17 18 25 -20 -21 -22 -23 -24 -25 -26 -27 -28 -29 -30 -31
leaf_value=-0.67207598337313035 -0.69940824228174547 0.044531424441932393 0.14484282775973792 -0.61205895509497799 -0.46480185056143269 0.21505204972573649 -0.02343039045855403 0.47537111209011551 -0.44256501241641888 0.16029621888474041 -0.0272366079074495 -0.063926364600407987 0.54429224552689026 -0.21177435594596972 0.013080666206454317 -0.87603299676203261 0.11797880366945468 0.13713371937624907 -0.21828078673322604 0.11038121796162347 -0.075633804125548765 -0.026309525731074458 0.20238662289212581 -0.047469505907091682 -0.23756993757889552 0.29620514917096091 -0.090982142796898202 0.17229072872522555 -0.013429522291588903 -0.29021599339532922
leaf_weight=41 51 451 136 51 49 51 50 51 51 728 170 119 91 67 629 51 119 889 101 156 2535 68 92 1971 85 102 153 714 476 44
leaf_count=41 51 451 136 51 49 51 50 51 51 728 170 119 91 67 629 51 119 889 101 156 2535 68 92 1971 85 102 153 714 476 44
internal_value=-1.28094e-10 0.00267499 0.0272321 0.0524322 0.0598107 -0.242178 -0.320659 0.0659652 0.031105 0.040933 -0.00534805 0.0925184 0.169787 0.101007 -0.0655333 -0.223113 0.114651 0.0931981 -0.0363949 0.251828 -0.0574843 -0.209952 0.372405 -0.0350564 -0.0167587 0.101791 0.0930779 0.106343 0.072924 0.11698
internal_weight=10342 10301 7315 5208 5107 102 101 5005 2509 2458 1510 575 458 2496 935 221 948 2445 220 339 2986 117 183 2107 714 2378 2276 2123 1409 933
internal_count=10342 10301 7315 5208 5107 102 101 5005 2509 2458 1510 575 458 2496 935 221 948 2445 220 339 2986 117 183 2107 714 2378 2276 2123 1409 933
is_linear=0
shrinkage=0.05


Tree=74
num_leaves=31
num_cat=0
split_feature=11 5 4 9 2 11 9 12 12 16 13 13 17 16 25 16 16 24 9 12 13 7 2 11 23 26 26 14 6 22
split_gain=6712.02 5834.5 3463.92 2740.57 2144.96 3582.75 1930.86 2210.65 3868.58 1837.87 1821.61 2185.35 2527.18 2027.53 1731.64 1694.92 2817.07 1694.57 1680.51 2883.3 1595.57 2542.99 1838.9 1553.83 1540.49 2241.48 4849.79 3677.26 3137.21 2820.85
threshold=251.51500000000001 -0.70710678118654757 -0.60355339059327362 343.89000000000004 3.5000000000000004 336.68500000000006 308.23000000000008 342.59229166666677 349.4656250000001 373.66133928571435 10.18733216452757 34.214723565693482 36.663766014706894 348.79071428571439 0.60000000000000064 367.44089285714284 368.37294642857142 27.199702380952385 330.80000000000007 374.10645833333342 13.021684273779085 -0.40613878790836594 5.5000000000000009 302.34500000000008 32.720833333333346 28.816666666666674 21.887500000000006 310.99500000000006 -0.55657520495441892 25.300000000000004
decision_type=2 2 2 2 2 2 2 2 2 2 2 2 2 2 2 2 2 2 2 2 2 2 2 2 2 2 2 2 2 2
left_child=-1 10 4 6 5 -3 7 20 -9 -5 -2 24 -13 -14 18 17 -17 23 19 -6 21 -4 -22 -8 25 26 28 -27 29 -12
right_child=1 2 3 9 14 -7 15 8 -10 -11 11 12 13 -15 -16 16 -18 -19 -20 -21 22 -23 -24 -25 -26 27 -28 -29 -30 -31
leaf_value=-0.63847218780982784 0.3155538965844446 0.53439234077930453 -0.56625387871637944 0.20136571959799363 -0.090399820388179952 0.054611272135804204 0.24338622907905477 -0.67598315048962831 -0.034315471440229728 -0.01496172562431268 -0.61386010367423305 0.22432628896685541 -0.27578334602571669 0.081469839934310687 0.044305553237375409 -0.42102288207039235 -0.071096911033011342 0.043216081009586044 0.038866760198384372 -0.50261388350433367 0.079166355203686423 -0.11117187291727698 -0.17555711125644546 -0.050714237485258308 0.11077498168254284 -0.59197669258075103 0.28157917860985943 -0.011678698186117871 0.004326201614526193 -0.075772044224043697
leaf_weight=41 72 40 40 180 365 1429 46 48 46 216 41 348 42 730 504 60 1389 787 198 48 173 132 120 1897 342 42 144 78 684 60
leaf_count=41 72 40 40 180 365 1429 46 48 46 216 41 348 42 730 504 60 1389 787 198 48 173 132 120 1897 342 42 144 78 684 60
internal_value=-1.45772e-13 0.00254124 -0.0192279 -0.0429919 0.0279874 0.0676754 -0.0535531 -0.140826 -0.361976 0.0833689 0.0675875 0.0604774 0.11246 0.0620338 -0.0243012 -0.0418792 -0.0855866 -0.0186806 -0.0808933 -0.138308 -0.0961203 -0.217005 -0.0251572 -0.0437515 0.0186219 -0.0114223 0.014846 -0.214783 -0.0340834 -0.294204
internal_weight=10342 10301 7718 5134 2584 1469 4738 559 94 396 2583 2511 1120 772 1115 4179 1449 2730 611 413 465 172 293 1943 1391 1049 929 120 785 101
internal_count=10342 10301 7718 5134 2584 1469 4738 559 94 396 2583 2511 1120 772 1115 4179 1449 2730 611 413 465 172 293 1943 1391 1049 929 120 785 101
is_linear=0
shrinkage=0.05


Tree=75
num_leaves=31
num_cat=0
split_feature=11 5 27 9 2 11 15 27 9 9 12 12 14 23 13 12 2 14 9 16 25 25 16 18 16 9 25 16 13 12
split_gain=6057.59 5265.64 3158.33 2972.45 2517.74 1965.6 1711.7 1791.84 1948.03 1680.56 2020.91 3681.93 1653.04 1639.18 1561.59 1784.73 1690.7 1557.1 1962.35 2152.89 1582.12 1548.45 1579.81 1905.53 1533.1 2391.16 1776.22 7280.04 1454.7 1473.24
threshold=251.51500000000001 -0.70710678118654757 -9.1915624949774912 346.82000000000005 3.5000000000000004 330.40500000000003 455.73500000000007 1.7941075607508728e-15 304.92500000000001 308.23000000000008 342.59229166666677 349.4656250000001 302.34500000000008 11.608333333333336 13.021684273779085 325.10708333333338 5.5000000000000009 330.12500000000006 336.02500000000003 371.6445833333334 -0.50000000000000167 0.60000000000000064 371.4805952380953 317.93000000000006 366.9383928571429 334.22000000000008 1.7000000000000004 369.59687500000001 10.322301615318512 359.33729166666672
decision_type=2 2 2 2 2 2 2 2 2 2 2 2 2 2 2 2 2 2 2 2 2 2 2 2 2 2 2 2 2 2
left_child=-1 6 4 9 5 -3 7 28 -9 10 14 -12 -10 -7 15 -4 -16 -15 19 -19 -20 -6 23 -23 25 -11 -26 -28 -2 -30
right_child=1 2 3 -5 21 13 -8 8 12 24 11 -13 -14 17 16 -17 -18 18 20 -21 -22 22 -24 -25 26 -27 27 -29 29 -31
leaf_value=-0.60654855908417127 0.38123925117595886 0.35886822677640756 -0.12179949617033436 0.14927251974370367 -0.081248707571761947 0.34868251694285357 0.38079969777858685 -0.27088878054106447 0.22946866881102324 -0.03278546685808105 -0.65498509353938261 -0.022214029497570464 0.010539886415104834 0.018379406249030724 0.075692024212944645 -0.50080465421080589 -0.16729761383306804 0.59061535285277811 -0.089153428275867849 0.098753035366535194 0.17065680909247416 0.039292836470064922 -0.11435849859878638 0.3579821077209932 -0.046599311847456276 0.12047395034387083 -0.78366963225741726 -0.095831227700085675 0.030649908037377979 0.13739436801892982
leaf_weight=41 44 55 139 194 670 46 42 57 94 2311 47 45 1042 1165 182 40 118 44 97 45 148 357 138 54 1129 286 43 365 592 712
leaf_count=41 44 55 139 194 670 46 42 57 94 2311 47 45 1042 1165 182 40 118 44 97 45 148 357 138 54 1129 286 43 365 592 712
internal_value=8.85254e-11 0.00241418 -0.0182665 -0.0425293 0.0238985 0.0651434 0.0642081 0.0589752 0.0143436 -0.0504378 -0.130843 -0.345478 0.0286555 0.0546872 -0.089619 -0.206493 -0.0198839 0.0456653 0.140839 0.341921 0.0677932 -0.0302375 0.0320166 0.0811644 -0.039332 -0.0159075 -0.0789114 -0.168324 0.0984748 0.0889337
internal_weight=10342 10301 7718 4899 2819 1600 2583 2541 1193 4705 571 92 1136 1545 479 179 300 1499 334 89 245 1219 549 411 4134 2597 1537 408 1348 1304
internal_count=10342 10301 7718 4899 2819 1600 2583 2541 1193 4705 571 92 1136 1545 479 179 300 1499 334 89 245 1219 549 411 4134 2597 1537 408 1348 1304
is_linear=0
shrinkage=0.05


Tree=76
num_leaves=31
num_cat=0
split_feature=5 27 9 7 13 7 7 27 11 25 12 17 17 17 12 15 6 24 23 2 13 19 12 19 6 12 25 23 2 10
split_gain=5613 3788.03 2845.36 3972.13 2505.7 2175.49 2724.17 8644.13 6184.08 2090.57 4953.55 2451.25 2170.67 2363.13 1898.31 2452.36 2165.68 3510.24 1984.87 1933.77 2724.3 3236.51 2361 2328.5 1679.02 1644.44 2257.67 1639.51 1570.45 1662.93
threshold=0.60355339059327384 3.7916990107519317 339.17000000000002 -0.99761278905001471 10.322301615318512 -0.84313311835787952 -0.70289845916694649 6.6343948561279538 300.34000000000009 -1.1500000000000001 321.94625000000002 45.46741229618474 39.803227899270858 40.885013375424116 390.10937500000006 448.25000000000006 0.94138322595482449 22.193750000000005 22.497916666666669 1.5000000000000002 11.555722190545973 433.93500000000006 363.69979166666673 412.53500000000003 -0.76141707087277943 370.80020833333339 1.7000000000000022 19.979166666666668 4.5000000000000009 421.88500000000005
decision_type=2 2 2 2 2 2 2 2 2 2 2 2 2 2 2 2 2 2 2 2 2 2 2 2 2 2 2 2 2 2
left_child=1 4 3 -3 27 -2 7 -7 -8 10 -6 14 -12 -14 15 16 19 18 -18 20 21 -11 -21 -22 -4 -25 -27 -1 29 -5
right_child=5 2 24 28 9 6 8 -9 -10 11 12 -13 13 -15 -16 -17 17 -19 -20 22 23 -23 -24 25 -26 26 -28 -29 -30 -31
leaf_value=0.5093507613273377 0.042434624394047119 -0.53019389703869824 0.40120066840201618 0.0048787378911498858 -0.5093049933823447 0.028202661604813814 0.49466824470734116 -0.67323080747077868 -0.072929216869513661 -0.40162634898139082 -0.02527106496553071 -0.23747179999001444 0.41562081103523574 0.030945095945781938 0.36874799319288948 -0.19895601684664505 0.18325539106532696 -0.028134160406059691 0.56755159685595169 -0.016037829712104715 -0.018199780336222972 0.16910620580116908 0.096984977112867715 0.31375516419529276 0.064648996314698462 -0.083711762774166545 0.36472011163182882 0.13812239859943037 -0.08417720790182065 -0.27408222426067702
leaf_weight=47 462 40 40 1863 48 106 49 75 2324 46 743 63 63 109 55 81 63 81 72 906 104 54 943 279 504 72 46 81 868 55
leaf_count=47 462 40 40 1863 48 106 49 75 2324 46 743 63 63 109 55 81 63 81 72 906 104 54 943 279 504 72 46 81 868 55
internal_value=3.57788e-10 0.0236346 -0.0153198 -0.0354774 0.0568187 -0.0574094 -0.0754705 -0.262447 -0.0612089 0.0495421 -0.014191 0.0709645 0.0117822 0.171844 0.0778993 0.072076 0.0803107 0.232083 0.388213 0.0669299 0.144845 -0.0934308 0.0416044 0.192405 0.0893954 0.247576 0.0911007 0.274433 -0.0283745 -0.00312066
internal_weight=10342 7326 3370 2826 3956 3016 2554 181 2373 3828 963 2865 915 172 2802 2747 2666 216 135 2450 601 100 1849 501 544 397 118 128 2786 1918
internal_count=10342 7326 3370 2826 3956 3016 2554 181 2373 3828 963 2865 915 172 2802 2747 2666 216 135 2450 601 100 1849 501 544 397 118 128 2786 1918
is_linear=0
shrinkage=0.05


Tree=77
num_leaves=31
num_cat=0
split_feature=11 5 15 23 23 0 9 15 16 9 18 2 6 17 7 10 10 10 23 13 25 25 7 0 2 16 13 0 13 6
split_gain=5554.89 4519.07 2793.78 2413.65 5122.28 2283.45 2259 2978.26 1901.93 2536.05 2003.7 1889.04 1872.66 1806.69 1574.66 1598.72 2236.58 1475.46 2816.22 1957.13 1426.96 2625.15 1861.25 1470.37 1399.83 1553.14 1411.03 2088.99 1391.47 1386.19
threshold=251.51500000000001 -0.5 456.68500000000006 36.110416666666673 36.00833333333334 11.500000000000002 310.48500000000007 361.64000000000004 373.54505952380958 334.13500000000005 324.88000000000005 1.5000000000000002 0.048362692321690152 26.184225389559419 0.48877522411129354 316.14000000000004 328.42500000000007 421.88500000000005 23.687500000000004 37.092153736074522 3.3000000000000003 2.7999999999999985 0.7487283477006671 21.500000000000004 4.5000000000000009 352.18330357142861 34.473321924859782 20.500000000000004 10.322301615318512 -0.75015329512557194
decision_type=2 2 2 2 2 2 2 2 2 2 2 2 2 2 2 2 2 2 2 2 2 2 2 2 2 2 2 2 2 2
left_child=-1 2 5 4 6 17 13 -8 9 10 24 12 -5 -3 15 -15 -17 19 -19 -2 21 22 -16 -24 25 -9 -26 -28 -7 -27
right_child=1 3 -4 11 -6 28 7 8 -10 -11 -12 -13 -14 14 20 16 -18 18 -20 -21 -22 -23 23 -25 26 29 27 -29 -30 -31
leaf_value=-0.58083558082580566 -0.033646691916783419 0.051618527852803131 0.4278304536826909 0.085019236728916647 -0.54485610133657858 0.29467276049511776 0.088766581971195371 0.026249206302306247 -0.10937977997466652 0.061328431633565175 0.18924233656919873 0.0045576065787589987 0.38638501951041132 -0.056787004728208891 0.066367936885217207 -0.59312574177581279 -0.15719957969361736 -0.46294294689991039 0.078798225458632132 0.11054356588767125 -0.31302982529450674 0.24342930762082218 -0.11677964957111059 -0.40609141173958785 -0.045258590142183801 -0.0001814263992352642 -0.12003754336601841 -0.44958685084672301 0.067977472144740925 -0.10628845513724522
leaf_weight=41 853 176 48 152 48 70 632 943 608 864 96 368 78 66 128 56 62 49 47 325 64 62 361 50 479 557 260 59 2052 688
leaf_count=41 853 176 48 152 48 70 632 943 608 864 96 368 78 66 128 56 62 49 47 325 64 62 361 50 479 557 260 59 2052 688
internal_value=-4.02609e-11 0.00231184 0.0490413 -0.0211585 -0.0303278 0.0436873 -0.0263515 -0.0129457 -0.0270612 -0.0143775 -0.0356007 0.074813 0.187222 -0.0941783 -0.124402 -0.253855 -0.36408 -0.00922658 -0.197715 0.00613415 -0.0885838 -0.0646827 -0.100124 -0.151976 -0.0428295 -0.0221547 -0.0995166 -0.180989 0.0754556 -0.0588173
internal_weight=10342 10301 3444 6857 6259 3396 6211 5186 4554 3946 3082 598 230 1025 849 184 118 1274 96 1178 665 601 539 411 2986 2188 798 319 2122 1245
internal_count=10342 10301 3444 6857 6259 3396 6211 5186 4554 3946 3082 598 230 1025 849 184 118 1274 96 1178 665 601 539 411 2986 2188 798 319 2122 1245
is_linear=0
shrinkage=0.05


Tree=78
num_leaves=31
num_cat=0
split_feature=11 5 17 6 2 7 25 11 9 6 18 0 23 6 15 15 18 16 19 6 15 24 13 10 25 13 22 7 15 7
split_gain=5013.29 4190.03 3412.08 10574.8 3755.88 3073.68 7012.82 2483.3 2240.32 8263.44 2558.14 1785.52 1766.9 3485.03 2587.4 3046.48 3136.48 4277.82 2956.24 2415.76 2401.83 2487.67 2156.77 4250.33 1804.82 1774.97 1744.73 1691.91 1660.64 1606.16
threshold=251.51500000000001 0.60355339059327384 45.46741229618474 0.54219432480460406 4.5000000000000009 -0.99761278905001471 0.50000000000000189 333.72000000000008 307.05500000000001 -0.12546116083924153 228.29500000000004 13.500000000000002 21.845833333333339 -0.52766804058324157 447.92000000000002 400.11000000000007 316.29500000000002 359.83952380952383 427.56 -0.59869031648930193 380.9500000000001 20.999702380952385 41.021011064884625 418.89500000000004 -2.7999999999999994 12.419043150453344 19.150000000000002 0.28313308994381586 456.68500000000006 -0.96687281075841669
decision_type=2 2 2 2 2 2 2 2 2 2 2 2 2 2 2 2 2 2 2 2 2 2 2 2 2 2 2 2 2 2
left_child=-1 2 4 -4 5 6 -2 -7 9 -9 -11 -12 13 19 15 16 17 18 -15 -10 25 -22 24 -24 -17 -14 -16 -27 -23 -6
right_child=1 -3 3 -5 29 7 -8 8 12 10 11 -13 20 14 26 22 -18 -19 -20 -21 21 28 23 -25 -26 27 -28 -29 -30 -31
leaf_value=-0.55179378666528844 0.19316238851158643 -0.047715308960587108 -0.80345291551947595 0.11293319390100592 0.13658828168203507 0.2120785004286142 -0.63601264847332939 -0.58246393774098792 -0.036371779202350546 -0.11015643033716414 0.051233560840288794 0.50452915728092196 0.11533148216359242 -0.088947168916901465 -0.023948641674702661 -0.024793673589825631 0.18338942109119327 -0.42573781516857268 0.28218477820046245 -0.51710029662567736 0.32395909804193418 0.038351866846121872 0.073965491098351779 -0.50305873802522327 0.16519694479859126 0.20781761187275777 -0.41082152550419171 0.55428574835772026 0.26545061642924944 -0.041169715617390551
leaf_weight=41 51 2986 50 85 136 242 51 65 56 90 45 42 343 332 68 150 126 82 64 49 85 1931 144 41 750 114 51 51 84 1937
leaf_count=41 51 2986 50 85 136 242 51 65 56 90 45 42 343 332 68 150 126 82 64 49 85 1931 144 41 750 114 51 51 84 1937
internal_value=6.84689e-11 0.00219625 0.0225703 -0.226469 0.0272528 0.0502926 -0.221425 0.0558301 0.0478914 -0.100324 0.0767325 0.270066 0.0558251 0.0193283 0.0355917 0.0514684 -0.0385332 -0.0970317 -0.0289662 -0.260712 0.082596 0.0589961 0.101571 -0.0539156 0.133532 0.180154 -0.189751 0.314908 0.047819 -0.0295078
internal_weight=10342 10301 7315 135 7180 5107 102 5005 4763 242 177 87 4521 1913 1808 1689 604 478 396 105 2608 2100 1085 185 900 508 119 165 2015 2073
internal_count=10342 10301 7315 135 7180 5107 102 5005 4763 242 177 87 4521 1913 1808 1689 604 478 396 105 2608 2100 1085 185 900 508 119 165 2015 2073
is_linear=0
shrinkage=0.05


Tree=79
num_leaves=31
num_cat=0
split_feature=5 27 9 2 13 13 7 11 18 11 13 16 9 9 23 27 23 23 17 19 19 24 22 9 17 7 9 9 15 13
split_gain=4598.46 2896.98 2615.1 1936.87 1806.1 3943.77 16321.1 2458.01 1770.94 1755.01 1478.35 1438.38 1798.4 1402.94 7292.34 1426.58 1353.44 1335.52 2036.91 1495.37 2163.6 3261.7 2385.27 1732.76 1530.21 1730.13 1283.87 1276.86 1818.59 1261.23
threshold=-0.70710678118654757 -9.1915624949774912 346.82000000000005 3.5000000000000004 10.322301615318512 12.273067053899736 -0.61236746317008228 300.34000000000009 305.20000000000005 330.40500000000003 33.564592187906605 374.4775297619048 321.77500000000003 307.05500000000001 21.779166666666672 3.7916990107519317 11.608333333333336 12.756250000000003 26.018330773267571 427.84000000000003 440.85000000000008 33.393750000000004 24.700000000000003 334.57500000000005 41.657807556260927 -0.23537842981696178 348.18500000000006 330.22000000000008 426.34500000000008 38.136688890352595
decision_type=2 2 2 2 2 2 2 2 2 2 2 2 2 2 2 2 2 2 2 2 2 2 2 2 2 2 2 2 2 2
left_child=13 3 4 9 8 6 -6 -7 -3 -2 -5 12 -9 14 -1 -15 -11 -18 -19 -20 26 22 23 -22 25 -24 27 -21 -29 -12
right_child=1 2 -4 10 5 7 -8 11 -10 16 29 -13 -14 15 -16 -17 17 18 19 20 21 -23 24 -25 -26 -27 -28 28 -30 -31
leaf_value=0.073675869482879838 0.334904754514044 0.39025098438872852 0.13758224214705611 0.01602145940413871 -0.89217976962386725 0.30451807835522821 -0.063084109846209255 -0.072039619985643566 0.014138938039136323 0.3146254515518313 -0.18337658472565674 -0.14534840694335302 -0.0029384383749375964 0.095156878781920029 -0.65576460148606985 0.01094058128840039 -0.24574840540066362 0.37452830490858657 -0.044013763741595768 0.10317934500168505 -0.1375995936853058 -0.35954847278605617 0.079794160244257561 0.11520299328543809 -0.062138234291757855 0.42562398390881229 -0.10436959789858924 0.50617425122882354 0.16316892740516259 -0.016469302285334161
leaf_weight=186 55 43 194 767 71 51 362 1807 115 46 221 327 1966 1631 42 727 40 46 410 243 188 56 69 106 49 76 45 59 112 232
leaf_count=186 55 43 194 767 71 51 362 1807 115 46 221 327 1966 1631 42 727 40 46 410 243 188 56 69 106 49 76 45 59 112 232
internal_value=1.79978e-12 -0.0192517 -0.042349 0.0211767 -0.0497101 -0.055439 -0.199033 -0.0404604 0.116499 0.0573606 -0.0262776 -0.0447516 -0.036033 0.0577402 -0.0606947 0.069192 0.0474804 0.0392825 0.0470969 0.0364374 0.0693237 0.00186861 0.0433427 -0.0464531 0.179425 0.261057 0.14927 0.17684 0.281516 -0.0978965
internal_weight=10342 7756 4936 2820 4742 4584 433 4151 158 1600 1220 4100 3773 2586 228 2358 1545 1499 1459 1413 1003 544 488 294 194 145 459 414 171 453
internal_count=10342 7756 4936 2820 4742 4584 433 4151 158 1600 1220 4100 3773 2586 228 2358 1545 1499 1459 1413 1003 544 488 294 194 145 459 414 171 453
is_linear=0
shrinkage=0.05


Tree=80
num_leaves=31
num_cat=0
split_feature=11 5 23 23 9 15 22 22 2 24 12 17 9 27 19 23 11 16 18 13 13 12 17 10 22 27 23 16 13 16
split_gain=4590.85 3638.65 2470.95 4950.69 2195.47 2751.88 2330.01 3028.08 1983.16 1843.27 1759.16 1749.89 1883.64 1899.71 1800.41 1693.27 1628.74 1468.39 2072.19 1304.69 1595.7 2074.56 2216.02 1916.39 3517 1542.37 1256.73 1348.81 1240.17 1377.97
threshold=251.51500000000001 -0.70710678118654757 36.110416666666673 36.00833333333334 310.48500000000007 376.99500000000006 29.150000000000002 31.400000000000002 4.5000000000000009 10.784523809523812 332.21791666666672 37.794621976946793 330.80000000000007 -8.5794592937645096 449.48000000000008 36.443750000000009 334.00500000000005 359.83952380952383 305.20000000000005 10.18733216452757 35.065253950596635 390.21750000000003 36.541559847702224 421.88500000000005 13.600000000000003 5.4276510583374495 14.927083333333336 350.42979166666674 36.483081998331606 342.42065476190481
decision_type=2 2 2 2 2 2 2 2 2 2 2 2 2 2 2 2 2 2 2 2 2 2 2 2 2 2 2 2 2 2
left_child=-1 19 3 4 6 11 10 -8 9 -7 16 12 17 -14 -13 -4 -3 -6 -19 -2 -21 22 -22 -24 -25 -26 27 -18 29 -12
right_child=1 2 15 -5 5 8 7 -9 -10 -11 28 14 13 -15 -16 -17 26 18 -20 20 21 -23 23 24 25 -27 -28 -29 -30 -31
leaf_value=-0.52803421979997223 0.26332437529021668 -0.073221463486722746 0.31295361710602748 -0.50074931583712223 0.063050864100278853 0.21401003189384937 -0.59469822024812513 -0.051850941584066113 -0.092374386224078481 -0.015095333669080358 -0.0871140187245492 0.19251192806016409 0.37685510500792474 0.025632100749050615 -0.017616739099321422 0.049822660553324419 0.096066670188273515 -0.37987686741959165 -0.043923653004191869 0.013717117153763165 0.19734393885592 0.43883774279661125 0.11417892070831887 -0.4909167654067278 0.051142774351704737 -0.26793515370650728 0.20080741798066026 -0.2363546522690895 0.034533717804070975 -0.30662023824406792
leaf_weight=41 72 437 68 54 252 90 49 54 898 3580 142 349 63 99 144 606 87 54 306 1463 288 42 362 40 272 44 123 47 72 144
leaf_count=41 72 437 68 54 252 90 49 54 898 3580 142 349 63 99 144 606 87 54 306 1463 288 42 362 40 272 44 123 47 72 144
internal_value=-1.50162e-12 0.00210168 -0.0150897 -0.0238409 -0.0201567 -0.00768954 -0.0831399 -0.310099 -0.0257733 -0.00947695 -0.0609186 0.0575092 0.0106128 0.162219 0.131136 0.07637 -0.0144803 -0.0295183 -0.0943166 0.0534694 0.0474521 0.0945458 0.0801718 0.0331724 -0.0491994 0.0067142 0.0854025 -0.0205289 -0.150942 -0.197635
internal_weight=10342 10301 7718 7044 6990 5835 1155 103 4568 3670 1052 1267 774 162 493 674 694 612 360 2583 2511 1048 1006 718 356 316 257 134 358 286
internal_count=10342 10301 7718 7044 6990 5835 1155 103 4568 3670 1052 1267 774 162 493 674 694 612 360 2583 2511 1048 1006 718 356 316 257 134 358 286
is_linear=0
shrinkage=0.05


Tree=81
num_leaves=31
num_cat=0
split_feature=11 5 17 6 2 7 6 11 7 17 9 24 6 6 6 13 10 9 6 24 9 27 24 13 9 7 10 6 7 6
split_gain=4143.24 3436.54 2995.49 9367.5 3045.07 2585.05 6348.91 2341.6 1962.54 2710.42 2226.35 6964.04 1613.58 4023.06 5288.11 2375.53 4262.04 1906.77 1787.93 2381.67 1766.62 1613.35 1622.73 1568.42 2109.19 1503.2 1398.85 1390.91 1388.27 1306.69
threshold=251.51500000000001 0.60355339059327384 45.46741229618474 0.54219432480460406 4.5000000000000009 -0.99761278905001471 0.01505151768384008 333.72000000000008 0.99681593486783593 23.26182996334725 307.05500000000001 15.179761904761905 -0.69057362043749781 -0.54220184589352438 -0.58482361983252518 43.225061852357669 415.22000000000008 348.18500000000006 -0.79384350655589164 27.199702380952385 320.38000000000005 3.2869009819615319e-15 11.094940476190477 38.455038718150675 343.89000000000004 -0.84313311835787952 422.73000000000008 -0.93545489084327571 -0.96687281075841669 0.95998215779580554
decision_type=2 2 2 2 2 2 2 2 2 2 2 2 2 2 2 2 2 2 2 2 2 2 2 2 2 2 2 2 2 2
left_child=-1 2 4 -4 5 6 -2 -7 9 -9 11 -11 18 14 -14 17 20 21 19 -12 -17 22 -15 27 -25 -3 -23 -21 -6 -24
right_child=1 25 3 -5 28 7 -8 8 -10 10 12 -13 13 15 -16 16 -18 -19 -20 23 -22 26 29 24 -26 -27 -28 -29 -30 -31
leaf_value=-0.50163249998557857 -0.59808029981658739 0.040902359455142229 -0.7559432027637959 0.10654704132172116 0.12814700879389421 0.20238407640294598 0.19086977076881073 0.42588195808311097 -0.15668970076677702 0.13480130541655752 -0.068573318610645154 -0.48520750189916451 0.0004253069747771536 0.33703870340701075 -0.4841620917970606 -0.1867644619036998 -0.57877901190891856 0.2164006944931042 0.23986258772974037 0.36551564607550119 0.15153795721572499 0.019273978636498212 0.057393381821467852 0.027571807262750395 0.37250643116235738 -0.05816841914299329 -0.2677701832895929 0.11389700263237752 -0.037114814175153416 0.20540344206862812
leaf_weight=41 51 451 50 85 136 242 51 47 120 108 220 78 175 62 83 70 40 186 199 102 86 1200 1214 390 50 2535 44 119 1937 170
leaf_count=41 51 451 50 85 136 242 51 47 120 108 220 78 175 62 83 70 40 186 199 102 86 1200 1214 390 50 2535 44 119 1937 170
internal_value=1.67451e-10 0.0019966 0.020448 -0.212894 0.0248353 0.0455808 -0.203605 0.0506591 0.0429502 0.04811 0.0442468 -0.125202 0.0513936 0.0341695 -0.155469 0.0500962 -0.118329 0.0615744 0.104501 0.0739257 -0.00026441 0.0508689 0.0867846 0.121354 0.0667689 -0.0432049 0.00912129 0.230029 -0.0262727 0.0755738
internal_weight=10342 10301 7315 135 7180 5107 102 5005 4763 4643 4596 186 4410 3330 258 3072 196 2876 1080 881 156 2690 1446 661 440 2986 1244 221 2073 1384
internal_count=10342 10301 7315 135 7180 5107 102 5005 4763 4643 4596 186 4410 3330 258 3072 196 2876 1080 881 156 2690 1446 661 440 2986 1244 221 2073 1384
is_linear=0
shrinkage=0.05


Tree=82
num_leaves=31
num_cat=0
split_feature=0 9 22 13 2 2 25 14 16 9 9 11 24 6 6 6 25 12 23 22 7 24 16 12 15 11 6 6 12 16
split_gain=3811.48 3096.09 2963.48 16080.2 2794.8 2161.71 2127.99 2356.27 1977.08 1868.39 5108.04 2125.57 1843.23 2017.71 2436.59 4382.16 1837.2 5672.07 3333.34 4729.89 4370.66 2794.91 3735.45 2619.68 2753.33 2484.49 1988.95 2257.45 2082.11 1821.74
threshold=10.500000000000002 339.17000000000002 35.850000000000009 12.753971637596027 3.5000000000000004 1.0000000180025095e-35 1.6999999999999977 330.43500000000006 345.05764880952387 316.32500000000005 315.98000000000008 303.74500000000006 12.426785714285717 -0.92274349529687905 -0.73866753694953124 -0.84315017450793706 -0.60000000000000042 324.68062500000008 13.13125 12.500000000000002 0.91159213926341531 11.877976190476192 338.15202380952388 388.36770833333338 360.16000000000003 366.05000000000007 -0.73866753694953124 -0.52766804058324157 385.70520833333342 369.47148809523816
decision_type=2 2 2 2 2 2 2 2 2 2 2 2 2 2 2 2 2 2 2 2 2 2 2 2 2 2 2 2 2 2
left_child=1 2 9 -4 16 -3 7 8 -6 10 -1 -11 -10 -14 15 -15 17 25 20 -20 -19 -18 -23 24 29 -2 28 -28 -21 -24
right_child=4 5 3 -5 6 -7 -8 -9 12 11 -12 -13 13 14 -16 -17 21 18 19 26 -22 22 23 -25 -26 -27 27 -29 -30 -31
leaf_value=-0.07043886190458408 -0.11617958832611429 0.39970166043124422 -1.0640400381250816 0.10663041590755298 0.042885147739231098 0.038615952913512615 0.060731242128262031 0.067813073351608091 0.12852600737450978 0.34423644028604033 -0.56691755908023989 -0.023175811350403655 0.026071589755324216 -0.11943054931859176 -0.11971792983636401 -0.71199642061614077 0.31288665275455485 0.061682382455238931 0.41415166311211637 0.083286298538247761 -0.55332207834491365 -0.20037501005353367 0.25865460363772763 0.352693182780346 0.044116531489196253 -0.63897807322738864 -0.19479448061902077 0.036563261174747057 0.43936907263615965 -0.064247848048510678
leaf_weight=1276 47 44 44 88 286 715 702 377 78 40 54 2479 182 78 663 52 130 65 91 195 52 117 273 91 1287 44 130 558 52 52
leaf_count=1276 47 44 44 88 286 715 702 377 78 40 54 2479 182 78 663 52 130 65 91 195 52 117 273 91 1287 44 130 558 52 52
internal_value=-1.22064e-10 -0.0329987 -0.0506434 -0.283593 0.0279211 0.0595485 -0.0126048 -0.0426059 -0.0736947 -0.0426544 -0.0905966 -0.0173416 -0.105358 -0.124069 -0.158528 -0.356457 0.0586973 0.010953 0.0411999 0.070034 -0.211653 0.0889109 0.0729126 0.0916881 0.076954 -0.368961 0.0365423 -0.00715259 0.158251 0.20699
internal_weight=10342 4740 3981 132 5602 759 2418 1716 1339 3849 1330 2519 1053 975 793 130 3184 1234 1143 1026 117 1950 1820 1703 1612 91 935 688 247 325
internal_count=10342 4740 3981 132 5602 759 2418 1716 1339 3849 1330 2519 1053 975 793 130 3184 1234 1143 1026 117 1950 1820 1703 1612 91 935 688 247 325
is_linear=0
shrinkage=0.05


Tree=83
num_leaves=31
num_cat=0
split_feature=5 9 24 2 17 17 25 13 13 16 11 11 9 19 6 17 25 0 14 15 17 13 13 13 24 17 13 2 15 25
split_gain=3730.56 2115.15 2766.19 5762.04 2114.92 2822.81 5816.95 1812.11 3648.35 1979.38 4260.41 3871.33 2880.82 2987.21 1760.07 1852.92 2447.24 2629.5 1846.98 1674.13 1638.39 1695.93 1818.14 2365.06 1967.95 1799.08 1629.2 1602.53 1460.5 1343.95
threshold=1.0000000180025095e-35 334.13500000000005 34.260416666666671 1.0000000180025095e-35 38.510675973285949 45.46741229618474 1.1000000000000008 10.322301615318512 10.607254350858371 342.42065476190481 300.34000000000009 303.74500000000006 308.23000000000008 420.76000000000005 -0.73866753694953124 37.300787137782258 -2.1999999999999997 13.500000000000002 341.33000000000004 410.45000000000005 38.438477411002125 37.092153736074522 16.410127000427302 23.294212726247455 21.714880952380955 36.313679253861466 39.83671117449763 4.5000000000000009 445.76000000000005 1.6499999999999988
decision_type=2 2 2 2 2 2 2 2 2 2 2 2 2 2 2 2 2 2 2 2 2 2 2 2 2 2 2 2 2 2
left_child=1 2 4 -4 20 -6 -7 -2 -9 11 -11 -10 13 -12 -3 18 -17 -18 28 -14 21 22 29 24 -24 -23 -27 -21 -16 -1
right_child=7 14 3 -5 5 6 -8 8 9 10 12 -13 19 -15 15 16 17 -19 -20 27 -22 25 23 -25 -26 26 -28 -29 -30 -31
leaf_value=-0.0082061902097754057 0.13149355828895101 0.25737173216360992 -0.64938890828440599 -0.009673323455464209 0.091005038855368314 -0.57966408344606568 0.19875258423853667 -0.47390374253860656 0.51710210584623872 -0.51531704526315347 -0.55407406300022877 0.020480736862361962 0.0160456597945943 -0.11863862165916086 0.094706801254958284 0.17780603654682636 -0.015473902619310788 -0.49022233197093013 -0.13378407879291834 -0.031241164546935582 -0.29743193176497396 0.20461101579169433 -0.13576347664748836 -0.028231518945904102 -0.49608243410475555 0.10051432083744337 -0.11959549714322691 -0.13278574882694122 0.34959123874704046 0.14243241609895932
leaf_weight=540 168 132 48 132 1236 48 48 47 43 47 46 449 1525 274 888 60 70 50 84 2095 48 180 180 768 48 204 143 477 60 204
leaf_count=540 168 132 48 132 1236 48 48 47 43 47 46 449 1525 274 888 60 70 50 84 2095 48 180 180 768 48 204 143 477 60 204
internal_value=6.93246e-11 0.03003 0.0110793 -0.180264 0.0205232 0.0707196 -0.190456 -0.03003 -0.0354539 -0.0312959 -0.0417862 0.0638846 -0.0367475 -0.181232 0.0839914 0.0651084 -0.0829218 -0.213286 0.0909276 -0.0254624 -0.00835866 -0.00223801 -0.0260381 -0.070212 -0.21162 0.076343 0.00980624 -0.0500735 0.110839 0.0330979
internal_weight=10342 5171 3827 180 3647 1332 96 5171 5003 4956 4464 492 4417 320 1344 1212 180 120 1032 4097 2315 2267 1740 996 228 527 347 2572 948 744
internal_count=10342 5171 3827 180 3647 1332 96 5171 5003 4956 4464 492 4417 320 1344 1212 180 120 1032 4097 2315 2267 1740 996 228 527 347 2572 948 744
is_linear=0
shrinkage=0.05


Tree=84
num_leaves=31
num_cat=0
split_feature=11 5 23 23 9 15 22 10 16 9 17 19 9 27 12 23 16 18 17 4 2 9 12 17 16 13 9 27 4 16
split_gain=3670.86 2926.11 1927.11 4036.25 1659.44 2411.24 1944.09 2626.68 1635.4 2026.86 1502.7 1672.56 1537.5 1682.66 1481.64 1430.69 1427.15 1643.85 1395.73 1393.65 1452.66 1403.09 1342.93 1288.24 1463.17 1513.06 1456.68 1239.52 1213.31 1193.82
threshold=251.51500000000001 -0.70710678118654757 36.110416666666673 36.00833333333334 310.48500000000007 376.99500000000006 29.150000000000002 318.65000000000003 373.57255952380962 343.89000000000004 37.794621976946793 449.48000000000008 330.59000000000009 -8.5794592937645096 332.21791666666672 36.443750000000009 359.83952380952383 305.20000000000005 26.885045155687585 -0.78656609248549292 4.5000000000000009 326.20000000000005 371.54354166666673 41.676789940887666 371.35380952380962 38.307152543724023 331.99000000000007 -5.1607439180754788 -0.37940952255126065 352.18330357142861
decision_type=2 2 2 2 2 2 2 2 2 2 2 2 2 2 2 2 2 2 2 2 2 2 2 2 2 2 2 2 2 2
left_child=-1 -2 3 4 6 10 14 -8 9 19 12 -12 16 -14 18 -4 -6 -18 27 22 29 28 -7 24 25 26 -24 -3 -22 -21
right_child=1 2 15 -5 5 8 7 -9 -10 -11 11 -13 13 -15 -16 -17 17 -19 -20 20 21 -23 23 -25 -26 -27 -28 -29 -30 -31
leaf_value=-0.47217087618461467 0.047943738662432074 0.36772895759592455 0.28470033651546522 -0.45188229614782527 0.061966038135892999 -0.016057543756599114 0.012375569716095925 -0.49805877800336334 -0.10016215765418535 0.14364856031742135 0.18131550064438523 -0.021215110794097807 0.3301248266228608 0.016536832932721485 -0.135015769504198 0.042830697677279567 -0.34800301605352651 -0.047381234041919629 -0.040220855429324354 0.029338821218538709 -0.41619120982842167 -0.022458049608300241 0.58118990063667297 -0.11304580790301165 -0.028321790220461003 0.090675897706231037 0.20294823166182532 0.020262811863512704 -0.14038085804937034 -0.048390926695599523
leaf_weight=41 2583 42 68 54 252 645 44 59 611 198 349 144 70 110 358 606 54 288 586 766 47 247 40 60 95 135 70 66 263 1391
leaf_count=41 2583 42 68 54 252 645 44 59 611 198 349 144 70 110 358 606 54 288 586 766 47 247 40 60 95 135 70 66 263 1391
internal_value=-4.42799e-11 0.00187933 -0.0135371 -0.0212656 -0.0179389 -0.00710009 -0.0726961 -0.280009 -0.0240277 -0.0122718 0.0539301 0.122158 0.0104719 0.138488 -0.0523984 0.067233 -0.0283207 -0.0948478 -0.0097802 -0.0204846 -0.039376 -0.111361 0.0285787 0.100555 0.138249 0.202838 0.340491 0.155389 -0.182197 -0.0207873
internal_weight=10342 10301 7718 7044 6990 5835 1155 103 4568 3957 1267 493 774 180 1052 674 594 342 694 3759 2714 557 1045 400 340 245 110 108 310 2157
internal_count=10342 10301 7718 7044 6990 5835 1155 103 4568 3957 1267 493 774 180 1052 674 594 342 694 3759 2714 557 1045 400 340 245 110 108 310 2157
is_linear=0
shrinkage=0.05


Tree=85
num_leaves=31
num_cat=0
split_feature=11 5 13 13 23 7 9 12 25 2 22 13 13 26 2 13 16 27 16 25 15 15 19 12 17 25 15 15 11 18
split_gain=3312.95 2696.72 2441.19 5941.28 12305.3 2920.48 2554.35 4179.34 2368.14 2079.11 2475.93 2023.51 1747.52 2188.8 2331.81 3610.02 2714.15 1950.52 1924.13 1895.83 1658.92 1695.17 1978.95 2098.36 2366.57 1919.05 1693.47 1649.4 1616.94 1575.13
threshold=251.51500000000001 0.60355339059327384 10.790393427095889 11.482999848160668 32.216666666666676 0.87709077819680659 321.77500000000003 376.36166666666674 -6.3499999999999996 1.0000000180025095e-35 23.600000000000005 25.232407991572924 37.162828750675423 28.816666666666674 1.0000000180025095e-35 13.021684273779085 351.65622023809527 3.7916990107519317 346.25702380952384 3.3500000000000001 419.54000000000008 434.15000000000003 447.24000000000007 390.21750000000003 36.968867993391818 -1.7 416.82000000000005 408.98500000000007 364.44500000000005 302.09000000000009
decision_type=2 2 2 2 2 2 2 2 2 2 2 2 2 2 2 2 2 2 2 2 2 2 2 2 2 2 2 2 2 2
left_child=-1 2 -2 4 5 -4 7 12 -8 10 -10 28 13 14 15 16 -5 -14 19 -16 26 25 -23 24 -24 -22 27 -13 -11 -27
right_child=1 -3 3 6 -6 -7 8 -9 9 11 -12 20 17 -15 18 -17 -18 -19 -20 -21 21 22 23 -25 -26 29 -28 -29 -30 -31
leaf_value=-0.44856234974250564 0.14291635312550571 -0.038256153679788012 0.12427507850396283 -0.2894357340662061 -0.92700273020594737 -0.33912667310705374 -0.1934179039833385 -0.40408355685717923 -0.093880388692167471 0.020196369125772138 0.30872583572421908 0.17368943848300214 0.13555213803363184 -0.30561203239751716 0.03907903996337015 0.26491265856689122 0.13737363211313885 -0.030677865864132348 -0.094319009703117851 -0.23772150663768543 -0.11450696218685777 0.16705591483787838 0.17774654535748879 0.21938680930047477 -0.079722746655981502 0.13039083946496249 0.31389517381223814 -0.072561975137567999 -0.13515768589656954 -0.0017299280282144841
leaf_weight=41 372 2986 102 74 51 51 101 68 51 539 152 204 389 70 685 165 75 323 897 68 255 493 119 119 357 323 119 102 243 748
leaf_count=41 372 2986 102 74 51 51 101 68 51 539 152 204 389 70 685 165 75 323 897 68 255 493 119 119 357 323 119 102 243 748
internal_value=5.60653e-11 0.00178537 0.0181304 0.0114445 -0.254395 -0.0301922 0.0194919 -0.0168637 0.0455567 0.0518685 0.207578 0.0431391 -0.00727484 -0.0308739 -0.0210818 0.103807 -0.0745988 0.0601416 -0.0448485 0.0140824 0.062756 0.0467189 0.0929746 0.031593 -0.0153554 0.00876544 0.153847 0.0916056 -0.0280786 0.038116
internal_weight=10342 10301 7315 6943 204 153 6739 2814 3925 3824 203 3621 2746 2034 1964 314 149 712 1650 753 2839 2414 1088 595 476 1326 425 306 782 1071
internal_count=10342 10301 7315 6943 204 153 6739 2814 3925 3824 203 3621 2746 2034 1964 314 149 712 1650 753 2839 2414 1088 595 476 1326 425 306 782 1071
is_linear=0
shrinkage=0.05


Tree=86
num_leaves=31
num_cat=0
split_feature=4 9 22 13 2 18 11 9 7 10 23 22 2 25 12 23 9 22 13 17 13 12 6 0 13 24 23 13 6 6
split_gain=3126.9 2659.61 4346.49 16955.1 2197.15 1898.83 2702.42 2232.1 2227.56 2347.49 2295.56 2807 1892.78 1839.89 4166.58 2993.26 3708.73 3699.74 2489.6 3060.71 3286.99 2609.13 1659.56 1530.33 1505.14 1730.49 2663.55 2449.25 1431.53 1677
threshold=0.12940952255126045 339.17000000000002 35.850000000000009 12.753971637596027 3.5000000000000004 77.640000000000015 300.34000000000009 308.23000000000008 -0.40613878790836594 328.15000000000003 13.464583333333335 11.950000000000001 1.0000000180025095e-35 -0.60000000000000042 321.94625000000002 13.13125 321.77500000000003 12.500000000000002 14.92357113003632 41.19961840446782 12.597542009912422 388.36770833333338 -0.76141707087277943 20.500000000000004 22.305702013269695 22.499702380952382 25.114583333333336 31.792484853225222 -0.73866753694953124 -0.52766804058324157
decision_type=2 2 2 2 2 2 2 2 2 2 2 2 2 2 2 2 2 2 2 2 2 2 2 2 2 2 2 2 2 2
left_child=4 2 5 -4 13 -2 -7 8 9 -8 11 -10 -3 14 -1 16 -16 -17 19 20 -15 24 -14 -6 -20 27 -27 -26 -19 -30
right_child=1 12 3 -5 23 6 7 -9 10 -11 -12 -13 22 18 15 17 -18 28 21 -21 -22 -23 -24 -25 25 26 -28 -29 29 -31
leaf_value=-0.38483189138082358 -0.28401067868659369 0.37417909780686553 -1.1297572838650509 0.072338719731620094 0.011144094029291264 0.35797605683857747 -0.61517027053568096 -0.021045197931554155 -0.08516219466276792 -0.10991550286082513 0.01703518066380141 -0.52216960719131211 0.30017852487889207 0.13264392116204737 0.018328836139960166 0.35929450953563496 -0.5268074254003855 0.12904010958411555 -0.16450208593364601 -0.10998509575684484 0.42623757746044577 0.30847594616422946 0.014310133342955715 -0.083265807559462543 -0.13925666000161852 -0.22957809355396491 0.036424239765535153 0.14001330895865519 -0.17301830339890262 0.025960106115975587
leaf_weight=65 76 44 44 88 1860 44 45 3234 115 47 234 54 55 286 78 91 52 247 91 78 143 91 660 558 91 117 481 572 130 571
leaf_count=65 76 44 44 88 1860 44 45 3234 115 47 234 54 55 286 78 91 52 247 91 78 143 91 660 558 91 117 481 572 130 571
internal_value=3.24674e-12 -0.0298887 -0.0462424 -0.32836 0.0252896 -0.0365672 -0.031583 -0.0361795 -0.135057 -0.357051 -0.0843786 -0.224798 0.0558872 0.0525775 0.00479833 0.026463 -0.199726 0.0547638 0.0828131 0.178125 0.230508 0.0493252 0.0363 -0.0106428 0.0318824 0.0460545 -0.0156197 0.101682 0.0255314 -0.0109403
internal_weight=10342 4740 3981 132 5602 3849 3773 3729 495 92 403 169 759 3184 1234 1169 130 1039 1950 507 429 1443 715 2418 1352 1261 598 663 948 701
internal_count=10342 4740 3981 132 5602 3849 3773 3729 495 92 403 169 759 3184 1234 1169 130 1039 1950 507 429 1443 715 2418 1352 1261 598 663 948 701
is_linear=0
shrinkage=0.05


Tree=87
num_leaves=31
num_cat=0
split_feature=11 5 15 27 9 23 23 2 9 6 16 14 14 17 6 5 2 11 0 7 18 7 27 16 12 11 13 7 13 10
split_gain=3056.05 2482.26 1951.33 1551.96 1443.04 1417.26 2930.81 1551.11 1331.11 1279.89 1263.52 1244.54 1368.8 1235.49 1972.08 1279.08 1375.69 2684.37 2788.89 1159.75 1192.63 1176.05 2713.26 4695.34 1833.34 1640.67 1119.79 1107.82 1070.24 1021.33
threshold=251.51500000000001 -0.5 456.68500000000006 1.7941075607508728e-15 304.92500000000001 36.110416666666673 36.00833333333334 1.5000000000000002 298.98500000000007 0.048362692321690152 377.38086309523811 302.77500000000003 229.64000000000001 45.46741229618474 0.54219432480460406 0.60355339059327384 4.5000000000000009 347.82500000000005 17.500000000000004 -0.84313311835787952 154.41500000000005 -0.5129677127369543 5.6186767980715384 371.4805952380953 358.35062500000009 302.34500000000008 10.322301615318512 0.94909129669788206 42.659814409184754 307.65000000000003
decision_type=2 2 2 2 2 2 2 2 2 2 2 2 2 2 2 2 2 2 2 2 2 2 2 2 2 2 2 2 2 2
left_child=-1 2 3 26 -5 6 8 9 -3 -7 13 12 -6 15 -15 16 17 18 -10 -17 -21 22 24 -24 -22 -23 -2 -19 -13 -27
right_child=1 5 -4 4 11 7 -8 -9 10 -11 -12 28 -14 14 -16 19 -18 27 -20 20 21 25 23 -25 -26 29 -28 -29 -30 -31
leaf_value=-0.43081954775786979 0.28025270691944354 -0.24654779932898238 0.35291604722539582 -0.20919712176661434 -0.056291046063415708 0.075227809179035071 -0.41190537048193321 -0.0058010256626521766 0.082347251869764437 0.32437234358527722 -0.17278496810322397 0.0025568023751735124 0.27269320006287379 -0.44395002433651148 -0.024089085366576911 0.081963899093754011 -0.041671866175403194 0.0091400228324845893 0.42579776103057987 0.077026633203495301 0.21575768373298404 0.18427004716793696 -0.77198089724179453 -0.01979346252268269 -0.18072053758789683 -0.16075826437346896 0.056875296149375199 -0.14417548335971328 -0.21327638893698653 -0.041649984524911421
leaf_weight=41 58 64 48 81 50 152 48 368 566 78 128 1344 86 43 80 189 936 1631 66 180 49 75 41 42 72 201 1717 127 60 1721
leaf_count=41 58 64 48 81 50 152 48 368 566 78 128 1344 86 43 80 189 936 1631 66 180 49 75 41 42 72 201 1717 127 60 1721
internal_value=2.35058e-10 0.00171475 0.0363477 0.0318732 -0.0034967 -0.01568 -0.0227063 0.057861 -0.0196985 0.15972 -0.0173366 0.00732261 0.151743 -0.0140308 -0.17087 -0.0107589 0.00971239 0.0298361 0.118214 -0.0372522 -0.0467154 -0.0568351 -0.171188 -0.391356 -0.0201632 -0.0451536 0.0641744 -0.00193567 -0.00666684 -0.0541062
internal_weight=10342 10301 3444 3396 1621 6857 6259 598 6211 230 6147 1540 136 6019 123 5896 3326 2390 632 2570 2381 2201 204 83 121 1997 1775 1758 1404 1922
internal_count=10342 10301 3444 3396 1621 6857 6259 598 6211 230 6147 1540 136 6019 123 5896 3326 2390 632 2570 2381 2201 204 83 121 1997 1775 1758 1404 1922
is_linear=0
shrinkage=0.05


Tree=88
num_leaves=31
num_cat=0
split_feature=11 11 5 17 6 9 16 25 7 6 15 6 16 18 17 2 2 25 22 19 27 11 6 7 22 16 12 9 12 25
split_gain=2758.08 2376.36 2466.38 2130.69 7377.95 2135.16 4857.61 2680.66 1649.52 4182.53 1567.13 1630.34 3865.88 1904.59 1864.59 1562.75 1539.16 2405.72 5316 2452.26 1706.21 1359.47 1355.28 1290.03 1274.05 1208.07 2388.28 1683.95 1825.95 1652.92
threshold=251.51500000000001 300.34000000000009 0.60355339059327384 45.46741229618474 0.54219432480460406 316.19500000000005 359.081755952381 -1.0999999999999985 -0.99761278905001471 -0.01397611846945947 340.62500000000006 -0.55657520495441892 354.16958333333343 228.29500000000004 30.415277880550878 4.5000000000000009 1.5000000000000002 -0.84999999999999776 11.950000000000001 449.48000000000008 3.4940571088840322 359.40000000000003 -0.95244167294248061 -0.6391983530350368 15.850000000000003 371.35380952380962 371.54354166666673 344.65500000000003 386.17854166666672 -4.4499999999999984
decision_type=2 2 2 2 2 2 2 2 2 2 2 2 2 2 2 2 2 2 2 2 2 2 2 2 2 2 2 2 2 2
left_child=-1 -2 3 5 -5 6 10 -8 9 -7 -3 12 -12 14 -13 -15 17 18 -10 22 25 -20 -19 -4 -24 26 -18 28 -28 -27
right_child=1 2 23 4 -6 8 7 -9 16 -11 11 13 -14 15 -16 -17 20 19 21 -21 -22 -23 24 -25 -26 29 27 -29 -30 -31
leaf_value=-0.40927860584200887 0.38152790022332495 0.14709076694075895 0.021178994918259569 -0.66305834582448009 0.10238000995972579 -0.49378966062749718 -0.56394697669163063 -0.15063585175968269 -0.4804515158721045 0.078959464553524469 -0.45548975385391888 -0.28775613137397421 0.0193421088800836 0.10505764661604687 -0.028510193790913831 -0.032486085505627087 0.029510970325741539 0.42663577862230001 0.21255949515228473 -0.067333855079252186 -0.011843119263008073 0.01170365726550939 0.32026564506448663 -0.056816824137739731 0.12712007087534508 -0.29886381663382056 0.16190003188087376 -0.10149524138757476 0.49621908380753466 0.019572764677856038
leaf_weight=41 41 170 693 50 85 51 51 170 51 85 67 83 119 526 422 340 866 51 108 119 1751 383 102 2256 524 44 442 54 45 552
leaf_count=41 41 170 693 50 85 51 51 170 51 85 67 83 119 526 422 340 866 51 108 119 1751 383 102 2256 524 44 442 54 45 552
internal_value=-1.46313e-10 0.00162901 0.000110894 0.0156804 -0.181116 0.0193827 -0.0252978 -0.246015 0.036031 -0.135821 0.00294691 -0.0127913 -0.151699 0.00605397 -0.0711189 0.0510566 0.040621 0.0866664 0.00541679 0.14199 0.0242095 0.0558838 0.178784 -0.0384882 0.158591 0.0557262 0.0809989 0.163418 0.192792 -0.00393598
internal_weight=10342 10301 10260 7311 135 7176 1948 221 5228 136 1727 1557 186 1371 505 866 5092 1338 542 796 3754 491 677 2949 626 2003 1407 541 487 596
internal_count=10342 10301 10260 7311 135 7176 1948 221 5228 136 1727 1557 186 1371 505 866 5092 1338 542 796 3754 491 677 2949 626 2003 1407 541 487 596
is_linear=0
shrinkage=0.05


Tree=89
num_leaves=31
num_cat=0
split_feature=13 13 11 11 24 9 23 2 2 17 9 12 7 17 23 18 25 5 13 19 4 16 16 25 16 6 12 0 10 16
split_gain=2605.11 3704.44 13205.5 4432.66 3322.44 18927.9 2857.72 3320.56 2763.41 3682 2519.37 3496.29 4197.12 2565.58 2516.48 2178.54 1733.18 1769.3 1841.99 1776.66 1658.82 1651.03 2189.81 2139.38 2112.46 1590.23 1530.52 1389.11 1433.99 1330.62
threshold=10.322301615318512 12.273067053899736 307.86500000000007 300.34000000000009 34.260416666666671 336.02500000000003 15.506250000000003 5.5000000000000009 1.0000000180025095e-35 43.955569731031112 322.52000000000004 376.36166666666674 -0.21862536810265826 38.510675973285949 22.154166666666672 228.29500000000004 -6.3499999999999996 1.0000000180025095e-35 24.336874661106751 448.46000000000009 -0.37940952255126065 351.3622023809524 353.724880952381 0.59999999999999887 352.78050595238102 0.7090011537757156 356.05895833333335 12.500000000000002 411.4550000000001 355.01910714285719
decision_type=2 2 2 2 2 2 2 2 2 2 2 2 2 2 2 2 2 2 2 2 2 2 2 2 2 2 2 2 2 2
left_child=25 2 -2 -3 6 -6 7 -4 9 14 11 13 -13 21 15 -5 -12 18 26 -19 -17 23 24 -10 -23 -1 -18 28 -15 -28
right_child=1 3 4 8 5 -7 -8 -9 10 -11 16 12 -14 27 -16 20 17 19 -20 -21 -22 22 -24 -25 -26 -27 29 -29 -30 -31
leaf_value=0.21801992730082326 -0.78750462093032336 0.44457094340438125 -0.48189179408213784 -0.15214264354134879 -1.0958030768566662 0.22610007708563523 0.043531824848100864 -0.016158180825412274 0.036393228183852239 -0.33335235513920014 -0.15377732590948057 -0.0045604009802142778 -0.66577140152852132 -0.0030510611417017474 0.28101975685251612 0.3202634950409885 0.046461290281819313 0.013805727674452468 0.073261589327128382 -0.093518212393682923 0.030691535610455369 -0.12602536726190011 -0.076936985729060409 -0.09274096167858345 -0.48430114249802297 -0.0089940309803932909 0.090215192510125553 0.084136170809642155 -0.31156782757490875 -0.21082879822128098
leaf_weight=216 65 57 62 89 45 68 571 100 646 43 143 48 48 645 210 81 239 1961 2004 480 127 96 646 637 72 120 48 579 40 156
leaf_count=216 65 57 62 89 45 68 571 100 646 43 143 48 48 645 210 81 239 1961 2004 480 127 96 646 637 72 120 48 579 40 156
internal_value=-2.08519e-10 -0.00459854 -0.100725 0.00502997 -0.0479584 -0.300322 -0.0090538 -0.194402 0.00225791 0.11087 -0.00477986 -0.0376416 -0.335166 -0.0291435 0.148546 0.054877 0.0178008 0.0228203 0.0528653 -0.00729853 0.143458 -0.0630593 -0.118758 -0.0277209 -0.279572 0.136944 -0.0394012 0.0271236 -0.0210666 -0.139995
internal_weight=10342 10006 911 9095 846 113 733 162 9038 550 8488 3457 96 3361 507 297 5031 4888 2447 2441 208 2097 814 1283 168 336 443 1264 685 204
internal_count=10342 10006 911 9095 846 113 733 162 9038 550 8488 3457 96 3361 507 297 5031 4888 2447 2441 208 2097 814 1283 168 336 443 1264 685 204
is_linear=0
shrinkage=0.05


Tree=90
num_leaves=31
num_cat=0
split_feature=11 5 24 24 12 23 2 11 11 2 15 17 6 2 13 9 13 23 19 12 24 12 23 27 24 23 6 23 2 13
split_gain=2596.24 2108.31 1309.96 4346.99 4685.25 2080.51 1198.78 1113.24 1062.98 1569.17 1220.9 1068.75 2313 1438.05 2001.7 1917.28 1859.22 3447.43 1646.54 1132.08 1102.56 1017.08 979.927 961.762 940.552 1066.38 2011.63 1933.53 2365.58 2020.67
threshold=251.51500000000001 -0.70710678118654757 34.75833333333334 34.23125000000001 344.15020833333341 32.677083333333336 2.5000000000000004 302.34500000000008 308.45500000000004 1.0000000180025095e-35 339.91500000000002 45.46741229618474 0.54219432480460406 1.0000000180025095e-35 37.162828750675423 302.28500000000003 12.419043150453344 13.508333333333335 448.25000000000006 390.21750000000003 11.877976190476192 365.62208333333336 13.227083333333335 -17.554166666666664 11.094940476190477 22.464583333333334 0.96904697354198299 21.779166666666672 3.5000000000000004 42.554963238344357
decision_type=2 2 2 2 2 2 2 2 2 2 2 2 2 2 2 2 2 2 2 2 2 2 2 2 2 2 2 2 2 2
left_child=-1 24 3 5 -5 7 -4 -3 9 -9 -10 13 -13 16 15 -15 17 -12 -16 -20 -17 23 -18 -7 -2 27 -27 29 -29 -26
right_child=1 2 6 4 -6 21 -8 8 10 -11 11 12 -14 14 18 20 22 -19 19 -21 -22 -23 -24 -25 25 26 -28 28 -30 -31
leaf_value=-0.39708894738336892 0.22014651536088092 0.17142962101650866 0.12059474589057757 -0.64359330794325587 -0.10454107643860691 0.32580037614744572 8.3952381758502237e-05 -0.41056884070334498 0.11840761637568108 -0.06692893244611213 -0.35211909175628708 -0.44304871097841164 -0.010287539201478164 -0.30030183706951974 0.035018905808958688 0.10474393696391159 0.38654263642866438 0.045151222088578635 -0.090905054615017911 0.086935597637461295 -0.055609748033331713 0.019778648727206569 0.11738660743199483 0.096050758876146822 0.038006157226270106 0.04921374011866661 0.28685788255631145 0.0176679275860941 -0.46745717176731594 -0.24747224724498773
leaf_weight=41 71 76 334 54 159 72 540 40 162 196 63 47 90 78 1599 112 41 410 522 108 2500 198 193 124 1019 1230 96 54 47 66
leaf_count=41 71 76 334 54 159 72 540 40 162 196 63 47 90 78 1599 112 41 410 522 108 2500 198 193 124 1019 1230 96 54 47 66
internal_value=1.26186e-10 0.00158049 -0.0115055 -0.0188667 -0.241202 -0.0117249 0.0461373 -0.0187641 -0.0211103 -0.125173 -0.0169653 -0.0207707 -0.158753 -0.0174107 -0.0269943 -0.0560285 0.0492678 -0.00776216 0.00804479 -0.0604181 -0.0487339 0.0997058 0.164546 0.180449 0.0406815 0.0356091 0.0664187 0.00116247 -0.208083 0.0206407
internal_weight=10342 10301 7718 6844 213 6631 874 6237 6161 236 5925 5763 137 5626 4919 2690 707 473 2229 630 2612 394 234 196 2583 2512 1326 1186 101 1085
internal_count=10342 10301 7718 6844 213 6631 874 6237 6161 236 5925 5763 137 5626 4919 2690 707 473 2229 630 2612 394 234 196 2583 2512 1326 1186 101 1085
is_linear=0
shrinkage=0.05


Tree=91
num_leaves=31
num_cat=0
split_feature=4 13 11 13 24 24 24 24 2 13 12 5 17 13 9 7 9 12 15 11 12 18 14 9 23 10 23 9 7 13
split_gain=2420.49 2245.43 7523.3 2322.61 3144.33 1782.15 1761.03 2695.78 1923.78 3587.38 3093.27 2485 1886.23 2332.24 1574.76 1510.22 1447.15 1335.1 1226.67 4735.74 2966.72 1224.24 1175.54 2122.37 1465.19 2179.84 1452.45 1404.22 1378.82 1256.8
threshold=0.12940952255126045 12.273067053899736 307.86500000000007 10.790393427095889 34.237500000000004 14.714880952380954 11.60059523809524 11.78184523809524 1.0000000180025095e-35 12.597542009912422 322.31208333333342 -0.3794095225512602 34.332654413925532 38.307152543724023 346.82000000000005 -0.62587551141915865 299.45000000000005 343.55062500000003 349.22000000000008 307.16000000000003 329.07541666666674 316.29500000000002 310.28000000000003 312.11500000000007 23.850000000000005 422.73000000000008 24.720833333333335 321.77500000000003 0.91159213926341531 17.623147885232456
decision_type=2 2 2 2 2 2 2 2 2 2 2 2 2 2 2 2 2 2 2 2 2 2 2 2 2 2 2 2 2 2
left_child=6 2 -2 21 5 -5 12 -8 9 10 -9 -10 -1 -14 16 -11 -3 -12 19 -18 -20 -4 27 -24 25 29 -26 -22 -29 -25
right_child=1 14 3 4 -6 -7 7 8 11 15 17 -13 13 -15 -16 -17 18 -19 20 -21 22 -23 23 24 26 -27 -28 28 -30 -31
leaf_value=0.3883400477927465 -0.65904523776523005 -0.2751159470494498 0.18641018184616176 -0.30703182010911406 -0.52926133242638218 -0.0011411233263100267 -0.34152191407405419 -0.2645793573309978 0.054628086928326061 0.037592481119701496 0.0041451697070629175 -0.021013948669471275 -0.12083407432222977 0.28469334212633285 0.12405812127064125 0.34873395904343435 0.58882235801895155 0.17544279837837587 -0.33127868746395239 -0.0041089758318477261 -0.0047112775842641768 -0.05113440769639882 -0.29303242252147815 0.085324697760813001 0.29137182618406687 -0.41205609198977156 -0.00061011670295857206 0.078668691083430289 0.3897565911862661 -0.072823169297276155
leaf_weight=65 58 55 107 64 46 186 52 78 1764 52 273 2824 78 65 198 156 40 195 77 213 682 110 77 143 44 44 1331 187 44 1034
leaf_count=65 58 55 107 64 46 186 52 78 1764 52 273 2824 78 65 198 156 40 195 77 213 682 110 77 143 44 44 1331 187 44 1034
internal_value=-1.21426e-10 -0.0262968 -0.119285 -0.0582597 -0.149352 -0.0794491 0.0222504 0.0167454 0.0202328 0.0942481 0.0269337 0.008069 0.16501 0.0634966 -0.0135608 0.270949 -0.0204226 0.0755192 -0.0168455 0.0896351 -0.0242 0.0659959 -0.0176063 -0.0343372 -0.0266641 -0.066526 0.00873331 0.031377 0.137924 -0.0536089
internal_weight=10342 4740 571 513 296 250 5602 5394 5342 754 546 4588 208 143 4169 208 3971 468 3916 253 3663 217 3586 2673 2596 1221 1375 913 231 1177
internal_count=10342 4740 571 513 296 250 5602 5394 5342 754 546 4588 208 143 4169 208 3971 468 3916 253 3663 217 3586 2673 2596 1221 1375 913 231 1177
is_linear=0
shrinkage=0.05


Tree=92
num_leaves=31
num_cat=0
split_feature=11 11 5 17 6 13 13 13 23 2 25 23 14 7 17 18 17 14 13 23 9 6 6 15 12 12 10 24 10 13
split_gain=2246.27 1953.43 1920.84 1695.1 6025.71 1766.87 2000.97 3578.56 8869.4 2963.5 2616.96 2274.52 2457.95 2146.82 1940.49 2252.84 1340.17 1216.09 1533.78 1216.03 1185.51 1156.77 1148.95 1632.9 1149.51 1098.75 1083.92 1081.36 1321.49 4178.11
threshold=251.51500000000001 300.34000000000009 0.60355339059327384 45.46741229618474 0.54219432480460406 37.162828750675423 10.790393427095889 11.482999848160668 32.216666666666676 1.0000000180025095e-35 -1.0999999999999999 32.720833333333346 280.24000000000007 0.87709077819680659 36.663766014706894 311.10000000000008 28.874532703509917 312.20000000000005 12.655926375298659 32.429166666666674 298.98500000000007 0.97314989601849466 0.97696484778429815 432.75000000000006 384.36895833333341 359.23937500000005 327.76000000000005 29.92113095238096 422.73000000000008 42.257811174423374
decision_type=2 2 2 2 2 2 2 2 2 2 2 2 2 2 2 2 2 2 2 2 2 2 2 2 2 2 2 2 2 2
left_child=-1 -2 3 5 -5 6 -3 8 13 10 -9 12 -11 -8 21 27 -12 26 -19 20 -14 -7 23 -17 -25 -13 -18 28 -16 -30
right_child=1 2 -4 4 -6 14 7 9 -10 11 16 25 19 -15 15 22 17 18 -20 -21 -22 -23 -24 24 -26 -27 -28 -29 29 -31
leaf_value=-0.36935715006618963 0.3459082149150895 0.11154390301685931 -0.033970080857069353 -0.59724061048030863 0.094505332530859645 0.10366038022644231 0.10890139314327754 -0.14633785543874617 -0.78491478392890857 0.22807570678346301 0.36212573115001706 0.16960336933789011 -0.27916397720429242 -0.28840738365463187 0.061320136648080337 0.073394241333007815 0.17113656846070013 0.12524118935550327 0.44742261714795062 -0.2867742749588455 -0.035815914711695929 0.32167789488619963 0.075666822448815452 -0.29314614310234538 -0.080354875464485415 0.027832423577852112 -0.063106455971840128 0.15094464627450663 0.053917027441937417 -0.52428185081198098
leaf_weight=41 41 371 2949 50 85 578 102 84 51 85 68 170 51 51 820 85 86 134 51 51 2682 68 101 119 136 697 116 255 122 42
leaf_count=41 41 371 2949 50 85 578 102 84 51 85 68 170 51 51 820 85 86 134 51 51 2682 68 101 119 136 697 116 255 122 42
internal_value=-2.13951e-10 0.00147011 9.37041e-05 0.0138338 -0.161697 0.017136 -4.56059e-05 -0.00928868 -0.21388 0.000474272 0.110075 -0.015338 -0.0367845 -0.0235349 0.0529619 0.0246426 0.157413 0.121443 0.214059 -0.0448711 -0.040357 0.12661 -0.0724077 -0.116395 -0.179657 0.0556306 0.0366208 0.059186 0.0354071 -0.0941583
internal_weight=10342 10301 10260 7311 135 7176 4850 4479 204 4275 539 3736 2869 153 2326 1680 455 387 185 2784 2733 646 441 340 255 867 202 1239 984 164
internal_count=10342 10301 10260 7311 135 7176 4850 4479 204 4275 539 3736 2869 153 2326 1680 455 387 185 2784 2733 646 441 340 255 867 202 1239 984 164
is_linear=0
shrinkage=0.05


Tree=93
num_leaves=31
num_cat=0
split_feature=4 11 13 9 9 25 14 6 17 25 12 14 13 24 17 13 9 16 13 25 12 12 15 14 19 0 6 13 13 2
split_gain=2213.33 2079.38 1719.09 2207.21 1863.51 1656.05 1615.22 1780.72 2652.87 2624.91 2607.5 3512.13 2518.24 2206.3 2147.25 2316.57 2026.88 2209.57 1841.37 2191.76 1455.35 1362.84 1644.51 1349.36 1277.97 1240.12 1261.94 1240.03 1279.68 1236.04
threshold=0.12940952255126045 300.34000000000009 39.709215270480037 299.45000000000005 324.59500000000008 3.3000000000000003 237.45500000000001 0.048362692321690152 36.778768612149001 1.6999999999999977 329.41916666666674 330.12500000000006 40.022450996952145 27.062500000000004 37.38199216828685 43.225061852357669 308.64500000000004 371.87217261904772 39.709215270480037 -3.3999999999999999 377.26083333333338 390.10937500000006 444.89500000000004 306.45500000000004 420.76000000000005 14.500000000000002 -0.26037633224328088 14.137000485691397 37.985059996154895 2.5000000000000004
decision_type=2 2 2 2 2 2 2 2 2 2 2 2 2 2 2 2 2 2 2 2 2 2 2 2 2 2 2 2 2 2
left_child=6 -2 3 -3 5 -4 24 13 10 14 -9 -12 -11 18 29 -16 -15 21 19 -8 -14 22 -18 -21 -1 -25 -27 -13 -29 -10
right_child=1 2 4 -5 -6 -7 7 8 9 12 11 27 20 16 15 -17 17 -19 -20 23 -22 -23 -24 25 -26 26 -28 28 -30 -31
leaf_value=0.033020223093688746 -0.322689072839145 -0.35393823875735203 -0.0084200353504027461 -0.031945546479000157 0.098244459072720614 -0.33769669257277668 0.12650529914177383 0.33058823606608295 -0.34083485285011239 0.14840803480874271 0.018955269929122283 0.39478322721373005 0.058542728750035168 -0.28413941748261168 0.01445994442047367 -0.33412696580384293 0.08279608207699593 -0.052602169676364365 0.098175396990174288 -0.0466263305982609 -0.31553968738119764 0.328663479959449 -0.20745786978648259 -0.062381704569355968 0.2667165785836868 -0.19683934732207231 -0.46318937010235256 0.085530892325716923 0.29002905463178957 -0.10293702769840321
leaf_weight=117 58 54 341 3694 550 43 91 104 78 390 962 65 52 52 728 51 793 481 130 273 52 52 52 136 117 252 54 221 117 182
leaf_count=117 58 54 341 3694 550 43 91 104 78 390 962 65 52 52 728 51 793 481 130 273 52 52 52 136 117 252 54 221 117 182
internal_value=3.29792e-10 -0.0251462 -0.0214603 -0.0365847 0.0392315 -0.0452922 0.0212769 0.0156714 0.0412374 -0.00477365 0.0892531 0.0708656 0.0901119 -0.016767 -0.0498877 -0.00836153 0.0222959 0.0338595 -0.0764464 -0.104611 -0.128498 0.0802229 0.0649343 -0.134026 0.149868 -0.188008 -0.243842 0.194781 0.156319 -0.174306
internal_weight=10342 4740 4682 3748 934 384 5602 5368 3002 1533 1469 1365 494 2366 1039 779 1430 1378 936 806 104 897 845 715 234 442 306 403 338 260
internal_count=10342 4740 4682 3748 934 384 5602 5368 3002 1533 1469 1365 494 2366 1039 779 1430 1378 936 806 104 897 845 715 234 442 306 403 338 260
is_linear=0
shrinkage=0.05


Tree=94
num_leaves=31
num_cat=0
split_feature=13 13 11 11 24 9 23 2 2 17 23 9 12 7 17 0 25 13 17 6 5 13 19 12 17 9 12 24 11 15
split_gain=2061.51 2846.78 10804.7 4100.66 2618.28 14859.6 2090.01 2864.86 1913.57 2967.01 1980.04 1905.73 2824.96 3203.1 2042.5 1810.89 1517.64 1422.45 2441.26 1405.01 1376.49 1602.43 1507.84 1327.07 1291.13 1254.01 1509.64 1282.19 1537.26 1242.03
threshold=10.322301615318512 12.273067053899736 307.86500000000007 300.34000000000009 34.260416666666671 336.02500000000003 15.506250000000003 5.5000000000000009 1.0000000180025095e-35 43.955569731031112 22.154166666666672 322.52000000000004 376.36166666666674 -0.21862536810265826 38.510675973285949 4.5000000000000009 -6.3499999999999996 35.966705933943722 26.184225389559419 0.7090011537757156 1.0000000180025095e-35 24.336874661106751 448.46000000000009 356.05895833333335 22.853756606194239 302.28500000000003 354.39875000000001 24.892857142857146 359.40000000000003 347.98500000000007
decision_type=2 2 2 2 2 2 2 2 2 2 2 2 2 2 2 2 2 2 2 2 2 2 2 2 2 2 2 2 2 2
left_child=19 2 -2 -3 6 -6 7 -4 9 10 15 12 14 -14 17 -5 -13 18 24 -1 21 23 -22 -18 -10 -20 -27 28 -28 -17
right_child=1 3 4 8 5 -7 -8 -9 11 -11 -12 16 13 -15 -16 29 20 -19 25 -21 22 -23 -24 -25 -26 26 27 -29 -30 -31
leaf_value=0.19802902377452014 -0.70957834566441869 0.42711014128045033 -0.43163530788414423 -0.22519265381046216 -0.96948533007668125 0.20177173967308859 0.038879285030223552 0.00096137395128607743 -0.03260129018828152 -0.30670122705226721 0.24339414828589986 -0.14508919313263435 -0.011377994421248636 -0.58900815745194757 0.025089716446723 -0.0053419675877076078 0.040558964011325624 -0.0012049175251377165 -0.32875143676582308 -0.015354595654256021 0.013039734807051388 0.065687864389388589 -0.085832048746718403 -0.13306309469592045 0.18152400902375423 -0.05888437500102775 -0.20689054043926547 -0.090523692049152615 -0.55550244049169117 0.2203574081131241
leaf_weight=216 65 57 62 52 45 68 571 100 264 43 210 143 48 48 1264 131 239 768 72 120 1961 2004 480 204 96 538 151 168 40 114
leaf_count=216 65 57 62 52 45 68 571 100 264 43 210 143 48 48 1264 131 239 768 72 120 1961 2004 480 204 96 538 151 168 40 114
internal_value=-6.19413e-11 -0.00409072 -0.088358 0.00434991 -0.0406283 -0.264658 -0.00609165 -0.1646 0.00168368 0.0920646 0.125885 -0.00417276 -0.0327537 -0.300193 -0.0251148 0.0427977 0.0154663 -0.0553764 -0.0866809 0.121821 0.0201634 0.0466642 -0.00640248 -0.0393934 0.0244988 -0.127986 -0.111871 -0.191277 -0.279898 0.0996773
internal_weight=10342 10006 911 9095 846 113 733 162 9038 550 507 8488 3457 96 3361 297 5031 2097 1329 336 4888 2447 2441 443 360 969 897 359 191 245
internal_count=10342 10006 911 9095 846 113 733 162 9038 550 507 8488 3457 96 3361 297 5031 2097 1329 336 4888 2447 2441 443 360 969 897 359 191 245
is_linear=0
shrinkage=0.05


Tree=95
num_leaves=31
num_cat=0
split_feature=11 11 5 17 10 9 16 0 27 15 15 16 19 19 17 15 15 15 7 24 24 9 24 18 15 10 18 2 13 18
split_gain=1985.27 1783.84 1630.1 1535.13 1389.56 1531.09 3842.53 1654.15 1210.67 1299.83 1333.83 1102.18 1027.48 1443.62 1491.94 1186.61 1202.21 1707.07 1657.9 1173.44 1458.7 1530.16 1162.88 1021.34 990.245 2072.35 1381.47 1222.42 1306.9 1071.49
threshold=251.51500000000001 300.34000000000009 0.60355339059327384 46.354287850065255 316.14000000000004 307.05500000000001 360.80937500000005 6.5000000000000009 3.7916990107519317 456.68500000000006 448.46000000000009 351.94553571428577 385.55000000000001 399.55500000000006 43.703806745705663 341.25500000000005 355.28500000000003 360.16000000000003 0.81800285027139297 11.716666666666669 11.967261904761907 316.91500000000002 14.461904761904767 228.29500000000004 443.62000000000006 421.88500000000005 310.09500000000008 1.5000000000000002 53.120016344664535 317.85000000000008
decision_type=2 2 2 2 2 2 2 2 2 2 2 2 2 2 2 2 2 2 2 2 2 2 2 2 2 2 2 2 2 2
left_child=-1 -2 3 4 -3 6 7 -6 12 10 24 23 -7 -14 15 -15 18 -18 -17 -19 -21 22 -22 -9 25 26 27 28 -10 -28
right_child=1 2 -4 -5 5 8 -8 11 9 -11 -12 -13 13 14 -16 16 17 19 -20 20 21 -23 -24 -25 -26 -27 29 -29 -30 -31
leaf_value=-0.34723630489372631 0.33052947761082074 0.19128373443403029 -0.031313345575344043 -0.22551123368373116 -0.26477407185269181 -0.16799889396307832 -0.42760826734396135 -0.059495983652922572 0.12876419362839284 0.25385056578864656 -0.23604368412541965 -0.17057177906057663 0.17872318578656238 0.25357511533749483 -0.25776909225901895 0.0015120406624276278 0.22769688376380751 0.2061066226515266 -0.30963451676724252 -0.24699832188322191 0.090756573216989642 0.049543852815097121 -0.10637386233290276 0.10708504372798816 0.11545513972498929 -0.33982503946791304 -0.11139905460196849 -0.001275421633682404 -0.16234053397594497 -0.0095684413598196953
leaf_weight=41 41 110 2949 67 61 59 65 147 373 48 63 70 184 63 43 172 120 97 57 47 100 2310 297 246 165 47 414 1156 43 687
leaf_count=41 41 110 2949 67 61 59 65 147 373 48 63 70 184 63 43 172 120 97 57 47 100 2310 297 246 165 47 414 1156 43 687
internal_value=-8.91047e-11 0.00138207 6.67621e-05 0.0127244 0.0149278 0.0122086 -0.0650064 -0.0200272 0.0191573 -0.00424777 -0.00845018 0.0122181 0.0389155 0.0424135 0.034827 0.0386828 0.0344521 0.0429606 -0.0759349 0.035185 0.0291649 0.0339597 -0.0567188 0.0447761 -0.00348021 -0.010695 -0.00490786 0.0251743 0.098674 -0.047859
internal_weight=10342 10301 10260 7311 7244 7134 589 524 6545 2996 2948 463 3549 3490 3306 3263 3200 2971 229 2851 2754 2707 397 393 2885 2720 2673 1572 416 1101
internal_count=10342 10301 10260 7311 7244 7134 589 524 6545 2996 2948 463 3549 3490 3306 3263 3200 2971 229 2851 2754 2707 397 393 2885 2720 2673 1572 416 1101
is_linear=0
shrinkage=0.05


Tree=96
num_leaves=31
num_cat=0
split_feature=4 11 13 9 9 24 24 24 0 17 13 14 16 9 18 25 19 9 16 14 13 9 24 17 22 25 17 12 2 7
split_gain=1856.85 1940.15 1466.79 1915.27 1621.02 1444.49 2083.14 1565.29 1571.05 1465.08 1879.63 1399.1 1711.16 1735.81 1580.15 1389.1 1196.74 1273.52 1191.01 1136.79 1088.21 2187.95 1037.69 1025.05 957.522 946.718 944.955 3059.93 4632.39 1421.66
threshold=0.12940952255126045 300.34000000000009 39.709215270480037 299.45000000000005 324.59500000000008 11.60059523809524 11.78184523809524 11.877976190476192 16.500000000000004 34.332654413925532 38.307152543724023 329.98500000000007 371.35380952380962 335.43500000000006 326.05500000000001 3.3000000000000003 424.87000000000006 350.68500000000006 357.76425595238101 237.45500000000001 13.021684273779085 309.46000000000009 14.297916666666667 37.371941774352024 21.950000000000003 -2.1999999999999971 36.040325237077226 343.55062500000003 1.0000000180025095e-35 -0.94137724084408114
decision_type=2 2 2 2 2 2 2 2 2 2 2 2 2 2 2 2 2 2 2 2 2 2 2 2 2 2 2 2 2 2
left_child=5 -2 3 -3 15 9 -7 -8 -9 -1 -11 14 13 -13 19 22 20 26 24 -10 21 -5 -4 25 -6 -14 27 28 -18 -29
right_child=1 2 4 16 18 6 7 8 11 10 -12 12 23 -15 -16 -17 17 -19 -20 -21 -22 -23 -24 -25 -26 -27 -28 29 -30 -31
leaf_value=0.34560751017469626 -0.31044108764878636 -0.32906454515953865 -0.14484268524119576 -0.38097875306990986 0.33649576074117193 -0.30043463900398754 0.29055486985285267 0.044322208055185934 0.12788417472527558 -0.10616383550640865 0.25789344439139733 0.324796035923824 -0.14770809082962974 0.040635042626629862 -0.29135436458247049 -0.31004559202986059 -0.76228802973722543 0.14010657625172329 0.052552804371910844 -0.031104500505406408 0.03924315915610771 0.013662642528182799 0.047314035820520739 -0.14553835296205112 0.044103817243806347 0.078481968801076482 -0.029457494076091668 0.059629118617843181 -0.060130312021991074 -0.095583069024578235
leaf_weight=65 58 54 99 49 77 52 52 2441 119 78 65 98 56 119 56 43 41 88 429 2037 866 124 242 98 44 266 1585 187 55 699
leaf_count=65 58 54 99 49 77 52 52 2441 119 78 65 98 56 119 56 43 41 88 429 2037 866 124 242 98 44 266 1585 187 55 699
internal_value=-1.52388e-10 -0.0230324 -0.019472 -0.0334425 0.0365894 0.0194883 0.0145025 0.0175682 0.0148848 0.148783 0.0593167 -0.010337 0.0549566 0.168966 -0.0291399 -0.0422432 -0.029121 -0.0469242 0.0916289 -0.0223292 0.0163723 -0.0981144 -0.0084734 -0.00394811 0.230171 0.0391446 -0.0533358 -0.0918767 -0.36001 -0.0628238
internal_weight=10342 4740 4682 3748 934 5602 5394 5342 5290 208 143 2849 637 217 2212 384 3694 2655 550 2156 1039 173 341 420 121 322 2567 982 96 886
internal_count=10342 4740 4682 3748 934 5602 5394 5342 5290 208 143 2849 637 217 2212 384 3694 2655 550 2156 1039 173 341 420 121 322 2567 982 96 886
is_linear=0
shrinkage=0.05


Tree=97
num_leaves=31
num_cat=0
split_feature=13 13 11 11 9 24 0 18 23 26 6 26 25 12 13 17 26 17 26 12 10 18 6 16 0 25 17 15 25 9
split_gain=1818.43 2409.78 9637.02 3853.58 2406.85 11144.1 2333.8 2393.06 1741.09 2328.48 1877.05 1775.5 1461.46 1810.08 1334.4 3259.34 2249.55 2082.79 2007.88 1960.65 1804.65 1665.12 1526.25 1665.9 1550.3 1728.6 1453.51 1804.67 1490.81 1784.48
threshold=10.322301615318512 12.273067053899736 304.92000000000002 300.34000000000009 331.61000000000007 34.260416666666671 3.5000000000000004 303.19500000000005 32.677083333333336 32.339583333333344 -0.94705910369513524 31.116666666666671 1.6999999999999977 337.87958333333341 37.162828750675423 45.46741229618474 28.816666666666674 36.663766014706894 22.579166666666669 342.06895833333334 373.42000000000007 311.10000000000008 0.01505151768384008 346.68000000000001 13.500000000000002 3.4000000000000017 37.97855033243988 423.72500000000008 -1.7 320.76000000000005
decision_type=2 2 2 2 2 2 2 2 2 2 2 2 2 2 2 2 2 2 2 2 2 2 2 2 2 2 2 2 2 2
left_child=-1 2 -2 -3 5 6 7 -4 9 11 -10 14 13 -8 16 17 18 20 22 -20 -16 -19 24 -24 25 -5 27 28 -26 -30
right_child=1 3 4 8 -6 -7 12 -9 10 -11 -12 -13 -14 -15 15 -17 -18 21 19 -21 -22 -23 23 -25 26 -27 -28 -29 29 -31
leaf_value=0.11441321220959905 -0.81201933106017676 0.41374998991949519 -0.55754897626116873 -0.0075377666444795162 0.1273274062181505 -0.82078396244905893 0.0049651482778714055 -0.02319405166093599 0.29876492709154262 -0.34873991171270613 0.037354706862034175 0.21434639303013681 0.1234954932599925 -0.26144909174181524 0.016928589569525448 -0.39259100143487258 -0.27441577470137019 0.023930286681123118 0.37346726065812014 0.027926207242103724 0.16230619917160247 -0.074011574532515431 0.056062556326583038 -0.032528970596675061 0.071894332618616968 -0.28988800721949548 -0.0084469390057632897 -0.46592673442016053 -0.25463932406323159 0.0033393553255692773
leaf_weight=336 43 57 40 829 164 48 314 44 72 50 1485 90 178 80 432 48 90 1548 60 130 422 603 768 1717 68 58 181 48 247 92
leaf_count=336 43 57 40 829 164 48 314 44 72 50 1485 90 178 80 432 48 90 1548 60 130 422 603 768 1717 68 58 181 48 247 92
internal_value=2.45708e-10 -0.00384198 -0.081372 0.00392382 -0.0451764 -0.0853619 -0.0315506 -0.277649 0.00133916 -0.00867257 0.049443 -0.0063844 0.00458973 -0.0491291 -0.00909054 0.0161733 -0.0270781 0.0227027 -0.0217754 0.137044 0.0887662 -0.00352622 -0.0293043 -0.00514938 -0.0687167 -0.0260004 -0.128291 -0.175966 -0.141769 -0.184627
internal_weight=10342 10006 911 9095 868 704 656 84 9038 7481 1557 7431 572 394 7341 3053 4288 3005 4198 190 854 2151 4008 2485 1523 887 636 455 407 339
internal_count=10342 10006 911 9095 868 704 656 84 9038 7481 1557 7431 572 394 7341 3053 4288 3005 4198 190 854 2151 4008 2485 1523 887 636 455 407 339
is_linear=0
shrinkage=0.05


Tree=98
num_leaves=31
num_cat=0
split_feature=11 11 5 23 26 13 27 12 18 15 16 6 27 6 9 6 16 6 4 9 15 0 14 2 27 9 13 14 9 25
split_gain=1732.77 1638.22 1387.67 1046.3 1261.06 1175.84 2189.96 1434.92 1572.9 860.466 834.081 1834.5 1041.39 873.517 1115.27 1402.43 1248.84 1185.55 1012.9 1357.37 902.875 833.052 817.052 1280.2 747.089 1135.84 1043.08 1208.68 1578.15 2730.44
threshold=251.51500000000001 300.34000000000009 -0.70710678118654757 33.220833333333339 31.939583333333335 11.555722190545973 9.2775636814296476 361.47166666666675 303.54500000000002 455.73500000000007 373.54505952380958 0.96465729447553372 -17.850948635506732 0.80926549319045582 321.37000000000006 0.69676570133721638 359.83952380952383 0.77244481603295057 -0.78656609248549292 343.89000000000004 410.45000000000005 17.500000000000004 319.25500000000005 2.5000000000000004 1.7941075607508728e-15 304.92500000000001 43.348748382654456 299.94500000000005 307.05500000000001 0.5999999999999962
decision_type=2 2 2 2 2 2 2 2 2 2 2 2 2 2 2 2 2 2 2 2 2 2 2 2 2 2 2 2 2 2
left_child=-1 -2 9 4 10 6 -5 8 -7 24 11 13 -13 14 15 -4 -16 -17 22 20 -20 -10 -18 -24 26 -26 27 -3 29 -29
right_child=1 2 3 5 -6 7 -8 -9 21 -11 -12 12 -14 -15 16 17 18 -19 19 -21 -22 -23 23 -25 25 -27 -28 28 -30 -31
leaf_value=-0.32440413861739925 0.31671728637160323 0.25419919794568652 -0.039760748695730826 0.088638294828326802 -0.28544914128936155 0.041104498611261642 -0.41721960749477155 0.0076947745807026194 0.17103773889442286 0.25621356729950223 -0.067046066132814996 0.26240424895420289 0.05446310183844727 -0.057795035338462503 0.077373931837728963 0.169639771423573 -0.082084562798792671 -0.060147624358069154 0.023916600632351327 0.20941078518331052 -0.10028848538442625 0.42614985656303661 0.27193032073148765 0.0182161845492139 -0.21859359197449268 0.010141127226958339 -0.14185488950317868 -0.43586980303706124 0.06667574669509034 0.13806299222109372
leaf_weight=41 41 78 2346 46 44 208 40 791 96 42 733 78 264 1077 669 155 66 88 215 50 458 48 83 124 57 1135 65 43 1121 40
leaf_count=41 41 78 2346 46 44 208 40 791 96 42 733 78 264 1077 669 155 66 88 215 50 458 48 83 124 57 1135 65 43 1121 40
internal_value=-3.15746e-11 0.00129119 3.07174e-05 -0.0106299 -0.0186863 0.0316515 -0.146644 0.0450666 0.129047 0.0317481 -0.016854 -0.0103688 0.101888 -0.0175704 -0.00738657 -0.0279172 0.0245376 0.0864246 -0.0109519 -0.0419357 -0.0606093 0.256075 0.0711042 0.119947 0.028035 -0.000796691 0.0535491 0.0634564 0.0510994 -0.159276
internal_weight=10342 10301 10260 7679 6450 1229 86 1143 352 2581 6406 5673 342 5331 4254 2589 1665 243 996 723 673 144 273 207 2539 1192 1347 1282 1204 83
internal_count=10342 10301 10260 7679 6450 1229 86 1143 352 2581 6406 5673 342 5331 4254 2589 1665 243 996 723 673 144 273 207 2539 1192 1347 1282 1204 83
is_linear=0
shrinkage=0.05


Tree=99
num_leaves=31
num_cat=0
split_feature=13 13 11 11 9 24 0 18 2 17 23 0 5 22 11 6 9 12 17 7 19 16 18 4 9 17 15 14 25 0
split_gain=1666.14 2117.65 8714.77 3458.44 2119.28 9928.62 2087.94 2160.69 1602.29 2514.02 1551.33 1557.1 1485.11 1435.11 2862.58 1259.25 1196.65 1817.46 2013.21 1721.63 1655.68 1342.88 1466.67 1338.58 1435.89 1192.18 1046.37 1011.21 1062.98 1037.48
threshold=10.322301615318512 12.273067053899736 304.92000000000002 300.34000000000009 331.61000000000007 34.260416666666671 3.5000000000000004 303.19500000000005 1.0000000180025095e-35 43.955569731031112 22.154166666666672 4.5000000000000009 -0.9159756150367534 14.700000000000001 342.50500000000005 0.7090011537757156 322.52000000000004 376.36166666666674 37.145851761049407 -0.21862536810265826 425.95500000000004 373.54505952380958 323.28500000000003 -0.37940952255126065 315.73000000000008 41.703795230772627 347.98500000000007 317.49500000000006 3.8999999999999999 21.500000000000004
decision_type=2 2 2 2 2 2 2 2 2 2 2 2 2 2 2 2 2 2 2 2 2 2 2 2 2 2 2 2 2 2
left_child=15 2 -2 -3 5 6 7 -4 9 10 11 -5 -10 14 -8 -1 17 18 20 -19 27 22 -18 24 -20 -26 -13 28 29 -14
right_child=1 3 4 8 -6 -7 13 -9 12 -11 -12 26 16 -15 -16 -17 21 19 23 -21 -22 -23 -24 -25 25 -27 -28 -29 -30 -31
leaf_value=0.18166481765952927 -0.77116402263731465 0.39184869632386327 -0.52759173203259713 -0.20705735619502286 0.11993442541215478 -0.7738047520319622 0.0034976835812217202 -0.019841786884618077 0.051040020360172855 -0.28320683525052182 0.21900212482394033 -0.0022046336065266879 0.0019115474448690929 0.054043413050786915 -0.48254897733014535 -0.020347669358015991 0.0093132234868496793 -0.039303900620767052 -0.010994142379898292 -0.49202495579208644 -0.15135131000969687 -0.044857352069473416 0.12266041051744232 -0.028742506797309032 0.18777556903446202 -0.072328607145837456 0.20495606749956782 -0.28013763225114924 -0.22624265287248863 -0.17347797769502368
leaf_weight=216 43 57 40 52 164 48 116 44 1064 43 210 131 903 415 41 120 3037 42 286 42 439 1049 315 800 261 53 114 41 63 93
leaf_count=216 43 57 40 52 164 48 116 44 1064 43 210 131 903 415 41 120 3037 42 286 42 439 1049 315 800 261 53 114 41 63 93
internal_value=7.24082e-11 -0.00367758 -0.0763566 0.00360231 -0.0419365 -0.079645 -0.0288528 -0.261627 0.00115376 0.0838577 0.114989 0.0414451 -0.00420524 0.00533084 -0.123432 0.109518 -0.0121229 -0.0363439 -0.0297897 -0.265664 -0.0692589 0.00451418 0.0199649 0.0135983 0.0700528 0.143873 0.0941885 -0.0364966 -0.0270638 -0.0144652
internal_weight=10342 10006 911 9095 868 704 656 84 9038 550 507 297 8488 572 157 336 7424 3023 2939 84 1539 4401 3352 1400 600 314 245 1100 1059 996
internal_count=10342 10006 911 9095 868 704 656 84 9038 550 507 297 8488 572 157 336 7424 3023 2939 84 1539 4401 3352 1400 600 314 245 1100 1059 996
is_linear=0
shrinkage=0.05


Tree=100
num_leaves=31
num_cat=0
split_feature=11 11 5 10 9 26 26 23 24 24 26 15 18 6 13 19 2 12 12 12 10 27 22 13 13 12 12 26 6 15
split_gain=1629.99 1414.11 1186.06 1358.79 1402.53 3369.54 1429.67 888.549 2140.63 2262.5 2373.76 1376.5 1368.9 3134.95 1313.75 1273.29 1278.23 1150.88 1143.99 1956.24 1599.53 1444.68 1488.58 1781.58 1393.78 2058.71 1572.67 1291.6 1220.17 1545.59
threshold=251.51500000000001 300.34000000000009 0.60355339059327384 316.14000000000004 312.06500000000005 28.816666666666674 17.541666666666671 23.687500000000004 22.499702380952382 23.208333333333339 22.010416666666668 448.46000000000009 312.29500000000007 0.031174179426909168 26.470834505082689 428.83500000000009 1.5000000000000002 388.36770833333338 363.69979166666673 337.87958333333341 412.62500000000006 3.7916990107519317 20.850000000000005 40.339206836811918 37.396318979479872 355.52750000000009 340.7000000000001 12.825000000000001 0.82414472752956958 426.99000000000007
decision_type=2 2 2 2 2 2 2 2 2 2 2 2 2 2 2 2 2 2 2 2 2 2 2 2 2 2 2 2 2 2
left_child=-1 -2 3 -3 5 6 -5 8 11 10 -10 18 -9 15 -15 -14 -17 -16 19 -6 24 22 28 -24 25 26 -21 -26 29 -20
right_child=1 2 -4 4 7 -7 -8 12 9 -11 -12 -13 13 14 17 16 -18 -19 21 20 -22 -23 23 -25 27 -27 -28 -29 -30 -31
leaf_value=-0.31463561392411954 0.29431008289499982 0.18448314376695604 -0.026685818006898704 -0.034792947790317288 0.1386817421971096 -0.38464804756552429 0.1852843426285854 0.065364425707413742 -0.14230228107752038 -0.0023884688425114603 -0.57673274703323851 -0.24072256884446333 -0.24044934782035213 0.23977196957579616 -0.0061373442530705431 0.077166616588452447 -0.073224199342982091 0.25954868674424353 0.22836740489540081 -0.26234484769257843 -0.3386073909136792 -0.0039988264385876441 0.39966293697498373 0.0072806590961085431 0.012553638723745411 -0.16805163492993366 0.029345047772153705 0.31818432097136973 -0.088982817763462674 0.035409819206210134
leaf_weight=41 41 111 2949 1120 180 67 79 1787 147 236 40 51 85 136 203 187 578 51 161 51 43 561 81 45 112 265 492 50 100 292
leaf_count=41 41 111 2949 1120 180 67 79 1787 147 236 40 51 85 136 203 187 578 51 161 51 43 561 81 45 112 265 492 50 100 292
internal_value=2.48495e-10 0.00125231 8.12231e-05 0.0108781 0.00820169 -0.0395751 -0.0202924 0.0183947 -0.00134862 -0.105323 -0.235229 0.0163571 0.0373554 -0.0030093 0.114359 -0.0568607 -0.036462 0.0472091 0.0217459 -0.0132085 -0.0401978 0.0553754 0.104431 0.259526 -0.0269694 -0.0538063 0.00194876 0.106884 0.0690932 0.103989
internal_weight=10342 10301 10260 7311 7200 1266 1199 5934 2907 423 187 2484 3027 1240 390 850 765 254 2433 1193 1013 1240 679 126 970 808 543 162 553 453
internal_count=10342 10301 10260 7311 7200 1266 1199 5934 2907 423 187 2484 3027 1240 390 850 765 254 2433 1193 1013 1240 679 126 970 808 543 162 553 453
is_linear=0
shrinkage=0.05


Tree=101
num_leaves=31
num_cat=0
split_feature=13 13 11 11 16 16 13 0 2 17 23 18 5 15 4 9 25 14 16 18 24 10 16 16 17 17 5 18 17 23
split_gain=1523 1927.33 7842.05 3107.14 1840.97 5748.92 7180.71 1730.68 1431.49 2217.4 1405.47 1426.91 1308.14 1184.11 1127.07 1076.6 1407.05 1123.66 998.667 1636.02 1269.23 933.332 1095.57 1071.16 1789.23 1308.33 1328.47 1168.19 1107.17 1078.76
threshold=10.322301615318512 12.273067053899736 304.92000000000002 300.34000000000009 369.22538690476193 359.83952380952383 11.61371199602779 3.5000000000000004 1.0000000180025095e-35 43.955569731031112 22.154166666666672 228.29500000000004 -0.9159756150367534 361.99500000000006 -0.37940952255126065 310.48500000000007 3.8999999999999999 299.94500000000005 373.54505952380958 323.28500000000003 27.519940476190481 428.59000000000003 368.80726190476196 356.42351190476199 43.185101821713985 38.510675973285949 -0.5 317.85000000000008 39.545460914498911 14.100000000000003
decision_type=2 2 2 2 2 2 2 2 2 2 2 2 2 2 2 2 2 2 2 2 2 2 2 2 2 2 2 2 2 2
left_child=13 2 -2 -3 5 7 -7 -4 9 10 11 -5 -10 -1 -13 16 17 -14 19 20 21 23 -23 25 27 29 -27 -25 -28 -17
right_child=1 3 4 8 -6 6 -8 -9 12 -11 -12 14 15 -15 -16 18 -18 -19 -20 -21 -22 22 -24 24 -26 26 28 -29 -30 -31
leaf_value=0.066387950114828218 -0.73195220270129147 0.37142899867735413 -0.27476574600390763 -0.12902722703240643 0.069940386857541101 -0.728834781138336 -0.08375293120990461 0.05033375334316334 0.047892012968230507 -0.26545139980870625 0.20751956283336592 0.25594300367857942 0.072926186569364504 0.33462496795691554 0.01725390827882298 0.039246419764568045 -0.34834237918257716 -0.081447351465173887 -0.048576727013731787 0.11441956815176778 0.0319828977802201 -0.36982528568222756 -0.024173907104593058 -0.075563382978890398 -0.37308861700499935 0.18249564240114732 0.11704234991540524 0.014769536397519109 -0.026321801294923727 -0.062434305365651893
leaf_weight=288 43 57 46 89 264 68 118 372 1064 43 210 81 147 48 127 412 42 595 1091 315 1740 41 52 866 41 171 208 610 382 711
leaf_count=288 43 57 46 89 264 68 118 372 1064 43 210 81 147 48 127 412 42 595 1091 315 1740 41 52 866 41 171 208 610 382 711
internal_value=1.59277e-10 -0.00351606 -0.0728522 0.00342899 -0.0402009 -0.0883422 -0.319589 0.0145573 0.00110812 0.0792798 0.108517 0.0385158 -0.0039572 0.104708 0.110205 -0.0113882 -0.0668003 -0.0508639 -0.00484555 0.00375253 -0.00290779 -0.0202832 -0.176558 -0.0160099 -0.0472809 0.00916952 0.0597853 -0.0382307 0.0242201 -0.0251302
internal_weight=10342 10006 911 9095 868 604 186 418 9038 550 507 297 8488 336 208 7424 784 742 6640 5549 5234 3494 93 3401 1517 1884 761 1476 590 1123
internal_count=10342 10006 911 9095 868 604 186 418 9038 550 507 297 8488 336 208 7424 784 742 6640 5549 5234 3494 93 3401 1517 1884 761 1476 590 1123
is_linear=0
shrinkage=0.05


Tree=102
num_leaves=31
num_cat=0
split_feature=11 11 9 7 7 24 14 25 2 14 17 10 9 18 9 11 25 5 13 0 6 19 9 13 0 11 26 17 17 13
split_gain=1545.74 1217.82 1071.33 1520.89 1089.84 1793.46 1245.81 1436.58 1179.14 1087.09 1006.32 967.117 1487.59 941.977 1700.51 1940.15 1800.82 1785.81 1237.31 943.823 1004.81 934.303 1322.37 922.491 1165.88 961.031 903.688 897.069 1715.47 1187.71
threshold=251.51500000000001 300.34000000000009 334.13500000000005 -0.99761278905001471 0.91852788691372023 14.544047619047623 332.62500000000006 2.2000000000000006 1.5000000000000002 280.24000000000007 46.354287850065255 414.39000000000004 340.35000000000008 327.22500000000008 343.21500000000009 388.84000000000009 1.0000000180025095e-35 -0.5 39.367802399925488 11.500000000000002 0.14250626876356556 435.44500000000005 313.24500000000006 10.790393427095889 3.5000000000000004 334.29500000000007 37.120833333333344 45.81161926007686 45.001873527224213 37.162828750675423
decision_type=2 2 2 2 2 2 2 2 2 2 2 2 2 2 2 2 2 2 2 2 2 2 2 2 2 2 2 2 2 2
left_child=-1 -2 3 -3 5 11 7 -7 26 21 23 12 -4 14 16 -16 17 -10 19 -15 -21 22 -5 24 -11 -26 -8 28 29 -25
right_child=1 2 4 9 -6 6 8 -9 13 10 -12 -13 -14 18 15 -17 -18 -19 -20 20 -22 -23 -24 27 25 -27 -28 -29 -30 -31
leaf_value=-0.30639639845708522 0.27317829771739682 -0.238169924948468 0.18290449311335882 0.12343850604447654 0.19644509462396736 0.042676125226564526 0.1371436847537687 0.18138395834947008 0.28408869271063142 -0.13775570255811098 -0.20508986672581134 -0.33194744771102536 -0.15097116436448324 -0.090496089893470841 -0.04931484487194282 -0.45281193947250192 -0.12340090570462592 -0.02124366904055322 0.18858309157658371 0.00024099439744734103 0.26439670139613253 0.20504766794620083 -0.062132569070187549 -0.029203856989997043 0.29309120299639524 0.062978279616185268 -0.12158371865749361 0.16064918536899819 -0.3177935897669894 0.016956965141910342
leaf_weight=41 41 72 45 192 92 840 216 240 72 61 67 42 129 192 65 55 216 143 96 144 48 96 192 4411 54 284 40 72 47 2037
leaf_count=41 41 72 45 192 92 840 216 240 72 61 67 42 129 192 65 55 216 143 96 144 48 96 192 4411 54 284 40 72 47 2037
internal_value=7.71616e-11 0.00121952 0.000132743 -0.00946219 0.0273393 0.0213162 0.033902 0.0735001 0.00067287 -0.0072704 -0.0122391 -0.116604 -0.064624 -0.0231753 -0.0677825 -0.234251 -0.021434 0.0810072 0.0280302 -0.0121081 0.0662799 0.0655319 0.030653 -0.0103843 0.0634327 0.0997419 0.0967175 -0.0148693 -0.016815 -0.0146211
internal_weight=10342 10301 10260 7585 2675 2583 2367 1080 1287 7513 7033 216 174 1031 551 120 431 215 480 384 192 480 384 6966 399 338 256 6567 6495 6448
internal_count=10342 10301 10260 7585 2675 2583 2367 1080 1287 7513 7033 216 174 1031 551 120 431 215 480 384 192 480 384 6966 399 338 256 6567 6495 6448
is_linear=0
shrinkage=0.05


Tree=103
num_leaves=31
num_cat=0
split_feature=4 11 24 24 24 0 9 14 18 16 9 17 13 9 12 18 18 11 25 9 13 14 25 25 18 15 6 19 16 7
split_gain=1423.57 1860.22 1277.67 1930.88 1348.42 1243.62 1135 1102.37 1427.68 1327.42 1547.79 1056.42 1499.55 975.053 1666.84 984.531 1258.2 1338.92 3510.61 959.094 1686.39 920.75 916.95 853.218 2291.09 1133.29 869.777 1328.21 1528.83 1488.54
threshold=0.12940952255126045 300.34000000000009 11.60059523809524 11.78184523809524 11.877976190476192 16.500000000000004 346.82000000000005 329.98500000000007 326.05500000000001 371.35380952380962 335.43500000000006 34.332654413925532 38.307152543724023 304.92500000000001 342.59229166666677 311.10000000000008 317.93000000000006 369.18500000000006 1.4000000000000006 336.02500000000003 42.065823514729608 237.45500000000001 2.2000000000000006 1.6499999999999988 320.03500000000003 423.72500000000008 -0.97113884758256674 440.85000000000008 360.89434523809524 0.7487283477006671
decision_type=2 2 2 2 2 2 2 2 2 2 2 2 2 2 2 2 2 2 2 2 2 2 2 2 2 2 2 2 2 2
left_child=2 -2 11 -4 -5 -6 13 8 21 10 -9 -1 -13 14 -3 19 17 -17 -19 -15 -21 -7 -8 26 25 -25 -23 29 -29 -28
right_child=1 6 3 4 5 7 22 9 -10 -11 -12 12 -14 15 -16 16 -18 18 -20 20 -22 23 -24 24 -26 -27 27 28 -30 -31
leaf_value=0.30579823730083611 -0.30159326262515168 -0.05837328690104187 -0.29083430883116446 0.2686974815881023 0.039026365002832998 0.11536721512283975 0.042957739200588173 0.29591703458252006 -0.2755383050335305 -0.0035280016534740017 0.02758664045357654 -0.085113001385560411 0.24005977289034772 -0.0077375263773804721 -0.39682555767622862 -0.069613017892868029 -0.018936842692121383 -0.01913863572398903 -0.59073437462405609 0.027788375385782937 0.33895723384889692 0.070323325859249705 0.30177226432345133 0.041449073489474242 0.35066837172299548 -0.11740405416428489 0.019235651886948309 -0.42720264171560607 -0.10562626232284229 -0.10794007612476075
leaf_weight=65 58 210 52 52 2441 119 154 98 56 420 119 78 65 2426 44 342 1089 61 48 209 55 140 44 371 49 161 588 42 308 378
leaf_count=65 58 210 52 52 2441 119 154 98 56 420 119 78 65 2426 44 342 1089 61 48 209 55 140 44 371 49 161 588 42 308 378
internal_value=1.2601e-10 -0.0201669 0.0170637 0.0123747 0.0153262 0.0128356 -0.0166806 -0.00960447 -0.0262948 0.0483531 0.148768 0.138663 0.0626928 -0.0218537 -0.117003 -0.0161403 -0.0480212 -0.118249 -0.270851 0.00211122 0.0926152 -0.0198209 0.100472 -0.0277185 0.0235083 -0.0066249 -0.04816 -0.0607646 -0.144215 -0.0305288
internal_weight=10342 4740 5602 5394 5342 5290 4682 2849 2212 637 217 208 143 4484 254 4230 1540 451 109 2690 264 2156 198 2037 581 532 1456 1316 350 966
internal_count=10342 4740 5602 5394 5342 5290 4682 2849 2212 637 217 208 143 4484 254 4230 1540 451 109 2690 264 2156 198 2037 581 532 1456 1316 350 966
is_linear=0
shrinkage=0.05


Tree=104
num_leaves=31
num_cat=0
split_feature=11 11 5 10 9 26 26 6 6 12 7 13 10 14 6 6 6 25 6 7 24 23 14 6 15 26 27 9 24 17
split_gain=1287.17 1180.34 991.703 1243.07 1134.53 2973.55 1219.51 837.826 2610.71 1858.28 1572.59 963.112 3131.17 1873.56 1096.61 1650.58 1572.58 1537.11 1506.6 1368.42 2403.15 1238.65 1943.43 1612.95 2309.96 1181.64 1175.55 1150.62 2057.55 2217.28
threshold=251.51500000000001 300.34000000000009 0.60355339059327384 316.14000000000004 312.06500000000005 28.816666666666674 17.541666666666671 -0.94705910369513524 -0.97876850416056738 382.46979166666671 -0.12545862287572049 43.225061852357669 422.73000000000008 300.43000000000006 0.96465729447553372 0.82414472752956958 0.048362692321690152 1.1000000000000008 0.99374995976406788 -0.99052477729077237 34.75833333333334 32.720833333333346 310.28000000000003 -0.75015329512557194 432.53000000000003 27.908333333333339 13.455943514006121 324.90000000000003 13.766666666666667 40.673137644329906
decision_type=2 2 2 2 2 2 2 2 2 2 2 2 2 2 2 2 2 2 2 2 2 2 2 2 2 2 2 2 2 2
left_child=-1 -2 3 -3 5 6 -5 8 10 -10 -6 13 -13 -9 15 16 19 27 -16 20 -15 22 -21 25 -25 -24 -19 28 29 -18
right_child=1 2 -4 4 7 -7 -8 11 9 -11 -12 12 -14 14 18 -17 17 26 -20 21 -22 -23 23 24 -26 -27 -28 -29 -30 -31
leaf_value=-0.27959804156931439 0.26885411019732314 0.17596385576972018 -0.024432939751357532 -0.030892821947802858 0.18452239999438036 -0.35977722023850056 0.17236617113687569 0.22737613524511163 0.27481931244187496 -0.06567409025395618 -0.057345853486124469 -0.0058562300121411687 -0.43790452285110953 -0.43813062377420126 0.16609575329861773 -0.062857323654549976 -0.48016852187175374 0.15629898144594498 -0.01243080616469297 0.078063028050880681 -0.027901617744389703 0.052051341680456442 -0.052568765824253211 -0.10503872577310712 -0.47173276006006726 0.1742192868249757 0.0041979438483209933 0.050480241436104967 0.014311511542361516 -0.011602785166352988
leaf_weight=41 41 111 2949 1120 85 67 79 102 187 51 321 260 50 51 254 781 51 450 221 266 119 643 320 272 51 70 177 816 286 50
leaf_count=41 41 111 2949 1120 85 67 79 102 187 51 321 260 50 51 254 781 51 450 221 266 119 643 320 272 51 70 177 816 286 50
internal_value=-3.92488e-11 0.00111285 4.29338e-05 0.00991564 0.00735573 -0.0356146 -0.0175004 0.0165233 0.0703699 0.201856 -0.00670841 0.00996808 -0.0755414 0.015291 0.0108562 0.00306961 0.0172852 0.0498873 0.0830339 -0.0160082 -0.15097 -0.001863 -0.0372735 -0.0803023 -0.162938 -0.0118632 0.113361 0.0168049 -0.0542006 -0.248205
internal_weight=10342 10301 10260 7311 7200 1266 1199 5934 644 238 406 5290 310 4980 4878 4403 3622 1830 475 1792 170 1622 979 713 323 390 627 1203 387 101
internal_count=10342 10301 10260 7311 7200 1266 1199 5934 644 238 406 5290 310 4980 4878 4403 3622 1830 475 1792 170 1622 979 713 323 390 627 1203 387 101
is_linear=0
shrinkage=0.05


Tree=105
num_leaves=31
num_cat=0
split_feature=27 18 9 22 0 11 16 24 2 24 24 2 2 23 11 23 10 25 14 14 19 2 14 14 16 16 9 13 17 9
split_gain=1290.43 1738.68 1217.3 3210.58 11466.7 2094.55 1447.28 1173 1099.76 1094.63 1696.48 1426.63 1245.26 1190.47 1157.82 2013.12 1047.5 990.259 1040.27 1181.18 974.83 974.117 982.316 969.125 1441.82 1077.27 1330.03 1227.47 1162.04 1233.91
threshold=2.7693637825969741 77.640000000000015 339.17000000000002 35.850000000000009 4.5000000000000009 300.34000000000009 367.21672619047621 14.31339285714286 2.5000000000000004 11.60059523809524 11.78184523809524 1.0000000180025095e-35 3.5000000000000004 10.906250000000002 320.03500000000003 26.493750000000002 421.88500000000005 1.6999999999999977 330.9500000000001 329.98500000000007 441.61500000000007 1.5000000000000002 334.06000000000006 330.43500000000006 345.05764880952387 374.74690476190477 315.73000000000008 13.429067211446414 41.209027477846888 321.09000000000009
decision_type=2 2 2 2 2 2 2 2 2 2 2 2 2 2 2 2 2 2 2 2 2 2 2 2 2 2 2 2 2 2
left_child=9 -2 3 5 -5 -3 8 -8 -4 11 -11 -1 14 -13 15 -12 -7 23 19 20 -19 -9 -23 24 -14 26 27 -26 29 -28
right_child=1 2 6 4 -6 16 7 21 -10 10 12 13 17 -15 -16 -17 -18 18 -20 -21 -22 22 -24 -25 25 -27 28 -29 -30 -31
leaf_value=-0.14214809101256656 -0.25655734814997566 0.32873037568358487 0.39712194949388507 -0.8856114325967307 0.083149740711918899 -0.018613646129840764 -0.25116506109014153 0.14819792982783506 0.090969811616973442 -0.27257153638280357 0.05531098762294278 0.074248518510499892 0.043694751580207525 0.33212512406783229 0.02785243600064885 0.43217801269219847 -0.2166873438831638 0.012865000843005472 -0.10659600824583322 0.29256515631165642 0.2049904321606916 0.081444456499943974 -0.068338037668162904 0.037005213016658947 0.063620891741727692 -0.30415224160712501 0.1351440150004167 -0.20346904893192544 -0.25690778824858945 -0.045905087254418692
leaf_weight=41 76 43 44 48 84 3627 40 132 88 52 128 105 292 78 2852 49 68 430 104 52 78 187 264 377 52 52 117 249 52 481
leaf_count=41 76 43 44 48 84 3627 40 132 88 52 128 105 292 78 2852 49 68 430 104 52 78 187 264 377 52 52 117 249 52 481
internal_value=1.65055e-10 -0.0193472 -0.0154492 -0.0267793 -0.269127 -0.0182212 0.0426266 0.0107615 0.193021 0.0161232 0.0116443 0.124437 0.0143991 0.184163 0.0355535 0.159641 -0.0222588 -0.0130311 0.0386274 0.0655975 0.0423646 0.0287324 -0.0062331 -0.0335462 -0.0540851 -0.0825515 -0.0704345 -0.157327 -0.0301965 -0.0104824
internal_weight=10342 4701 4625 3870 132 3738 755 623 132 5641 5417 224 5365 183 3029 177 3695 2336 664 560 508 583 451 1672 1295 1003 951 301 650 598
internal_count=10342 4701 4625 3870 132 3738 755 623 132 5641 5417 224 5365 183 3029 177 3695 2336 664 560 508 583 451 1672 1295 1003 951 301 650 598
is_linear=0
shrinkage=0.05


Tree=106
num_leaves=31
num_cat=0
split_feature=13 13 18 11 24 10 11 2 17 0 11 23 2 23 0 15 9 12 7 17 19 0 10 9 17 25 25 6 22 11
split_gain=1230.13 1697.16 6984.68 2732.56 2085.5 6673.51 1899.48 1262.6 1966.14 1246.66 1205.56 1266.91 2738.31 1171.19 1352.41 1055.36 997.26 1760.79 2112.48 1090.36 1597.73 1401.9 1708.52 1256.24 1121.45 1110.14 1071.12 1044.02 1019.19 1283.88
threshold=10.322301615318512 12.273067053899736 154.41500000000005 300.34000000000009 34.237500000000004 338.89500000000004 391.98500000000007 1.0000000180025095e-35 43.955569731031112 22.500000000000004 305.66000000000003 15.506250000000003 5.5000000000000009 22.154166666666672 4.5000000000000009 361.99500000000006 322.52000000000004 376.36166666666674 -0.21862536810265826 37.145851761049407 425.95500000000004 12.500000000000002 414.39000000000004 315.73000000000008 40.288608048200096 3.8999999999999999 -6.3499999999999996 0.57077594689671507 16.400000000000002 359.40000000000003
decision_type=2 2 2 2 2 2 2 2 2 2 2 2 2 2 2 2 2 2 2 2 2 2 2 2 2 2 2 2 2 2
left_child=15 2 -2 -3 10 -6 -7 8 13 16 -4 12 -12 14 -5 -1 17 19 -19 20 25 22 -21 27 -25 -9 -18 -23 29 -22
right_child=1 3 4 7 5 6 -8 9 -10 -11 11 -13 -14 -15 -16 -17 26 18 -20 21 28 23 -24 24 -26 -27 -28 -29 -30 -31
leaf_value=0.05792675957135443 -0.6618219416192237 0.34846280687406922 0.26227826403453947 -0.19336815518685257 -0.75667630454525359 0.27793559737503531 -0.2093380583403632 0.00018778316748099762 -0.25001619097798372 -0.096112986848313361 -0.39704163704909662 0.017937865811452437 0.017142083491681954 0.19250265298987784 0.087380679476131901 0.311161632463336 -0.12290338738719478 0.0031905504247254652 -0.47599335748540322 -0.010529225463207538 -0.060680085765879334 0.089736955549237857 -0.34511462262133136 0.21794660046500597 0.037977759790776666 -0.20634815531067444 0.018932824596089207 -0.091459589144942594 -0.08394515880594236 -0.4364735867170727
leaf_weight=288 47 57 40 52 40 40 40 1140 43 349 64 534 106 210 245 48 137 46 46 827 41 158 40 190 159 69 4686 160 389 51
leaf_count=288 47 57 40 52 40 40 40 1140 43 349 64 534 106 210 245 48 137 46 46 827 41 158 40 190 159 69 4686 160 389 51
internal_value=-8.62843e-11 -0.00315997 -0.0682244 0.0033572 -0.0359338 -0.22936 0.0342988 0.00118072 0.0745963 -0.00357641 -0.00473609 -0.0199074 -0.138786 0.102128 0.038226 0.0941032 0.000391552 -0.0207161 -0.236401 -0.0145613 -0.0422643 0.0159589 -0.0259657 0.0704546 0.135955 -0.0115996 0.0149039 -0.00143112 -0.11934 -0.269
internal_weight=10342 10006 911 9095 864 120 80 9038 550 8488 744 704 170 507 297 336 8139 3316 92 3224 1690 1534 867 667 349 1209 4823 318 481 92
internal_count=10342 10006 911 9095 864 120 80 9038 550 8488 744 704 170 507 297 336 8139 3316 92 3224 1690 1534 867 667 349 1209 4823 318 481 92
is_linear=0
shrinkage=0.05


Tree=107
num_leaves=31
num_cat=0
split_feature=11 5 4 15 24 24 10 27 23 15 13 12 18 13 0 18 26 17 18 2 17 27 24 24 9 23 18 27 23 10
split_gain=1296.78 958.177 764.528 714.374 683.106 2003.79 1531.87 919.03 836.569 747.652 971.649 1279.42 1349.56 1114.24 1581.84 980.449 977.356 878.907 1297.45 740.23 688.33 704.84 643.349 743.197 639.545 4060.66 1011.62 627.045 691.539 1697.69
threshold=251.51500000000001 -0.70710678118654757 -0.98296291314453399 455.73500000000007 34.75833333333334 34.23125000000001 337.03500000000003 27.237146478396088 35.022916666666674 376.99500000000006 35.966705933943722 347.56625000000003 324.54000000000002 34.473321924859782 20.500000000000004 243.02500000000003 15.145833333333336 46.354287850065255 154.41500000000005 2.5000000000000004 35.351365016307987 -17.291707078266025 11.094940476190477 11.877976190476192 307.05500000000001 21.779166666666672 228.29500000000004 1.7941075607508728e-15 23.687500000000004 421.88500000000005
decision_type=2 2 2 2 2 2 2 2 2 2 2 2 2 2 2 2 2 2 2 2 2 2 2 2 2 2 2 2 2 2
left_child=-1 3 -3 22 5 8 -7 -8 9 17 11 -11 13 16 15 -15 -13 18 -4 -6 21 -12 -2 -24 25 26 -25 -26 29 -29
right_child=1 2 4 -5 19 6 7 -9 -10 10 20 12 -14 14 -16 -17 -18 -19 -20 -21 -22 -23 23 24 27 -27 -28 28 -30 -31
leaf_value=-0.28063946177319782 0.17248819772101626 0.057001897771821165 0.14397102573654982 0.23200276451451438 0.091576288295909761 -0.35517610754970819 -0.17193386811588426 0.10480759295945366 0.0980544299729878 -0.2464028252003824 0.25424680153839291 0.010556693412349581 -0.208626438242172 -0.24954172143147196 -0.34728590911727841 -0.015634551398190005 -0.13494989839876353 -0.2053048448070236 0.0024831859578692936 -0.00590922206110668 -0.018360580510169779 0.031511128486401467 -0.13845135919853219 -0.10938225377489019 0.057606854671616428 -0.49704552154455872 0.16435969821384386 0.0066810243329325433 0.042841864589450732 -0.22603627128776205
leaf_weight=41 71 431 179 42 315 73 80 48 168 85 40 918 119 56 59 224 132 46 1709 510 2209 317 72 54 1152 42 90 408 555 97
leaf_count=41 71 431 179 42 315 73 80 48 168 85 40 918 119 56 59 224 132 46 1709 510 2209 317 72 54 1152 42 90 408 555 97
internal_value=1.58207e-10 0.001117 -0.00770492 0.0274769 -0.0115321 -0.017002 -0.172397 -0.0681558 -0.0120133 -0.0150482 -0.0269918 -0.0576645 -0.047026 -0.0331812 -0.111995 -0.062416 -0.00773556 0.0106363 0.0158976 0.0313125 -0.00794997 0.0564675 0.0240963 0.0198308 0.0245832 -0.0644633 0.0617065 0.0320708 0.00431847 -0.0380191
internal_weight=10342 10301 7718 2583 7287 6462 201 128 6261 6093 4159 1593 1508 1389 339 280 1050 1934 1888 825 2566 357 2541 2470 2398 186 144 2212 1060 505
internal_count=10342 10301 7718 2583 7287 6462 201 128 6261 6093 4159 1593 1508 1389 339 280 1050 1934 1888 825 2566 357 2541 2470 2398 186 144 2212 1060 505
is_linear=0
shrinkage=0.05


Tree=108
num_leaves=31
num_cat=0
split_feature=11 11 23 26 6 26 6 13 13 16 7 19 26 7 16 17 26 25 5 15 23 13 9 23 18 2 12 6 17 25
split_gain=1170.34 887.911 847.553 3242.64 1836.14 1778.53 1299.1 1020.57 2442.12 1108.27 975.517 1642.15 1542.6 1382.86 1809.62 1314.21 1302.94 889.397 852.714 882.274 833.037 972.981 815.672 806.75 938.737 787.85 767.865 725.899 694.677 1031.64
threshold=251.51500000000001 300.34000000000009 32.677083333333336 31.939583333333335 0.22700754078277605 31.116666666666671 -0.94705910369513524 11.555722190545973 10.892110485812649 376.73565476190481 -0.24372464231556024 410.79000000000002 22.487500000000001 -0.082691941062253513 357.13235119047624 45.159045628601568 27.368750000000006 3.3000000000000003 0.60355339059327384 340.62500000000006 29.054166666666671 39.253840942439531 298.98500000000007 25.764583333333334 118.84500000000001 2.5000000000000004 384.48145833333342 -0.90893996196865023 39.277913519042691 -4.4499999999999984
decision_type=2 2 2 2 2 2 2 2 2 2 2 2 2 2 2 2 2 2 2 2 2 2 2 2 2 2 2 2 2 2
left_child=-1 -2 3 5 -5 10 -4 8 -8 17 11 16 15 -14 -15 18 23 25 19 -12 21 -16 -21 -3 -25 -9 -27 -23 -13 -30
right_child=1 2 6 4 -6 -7 7 9 -10 -11 12 28 13 14 20 -17 -18 -19 -20 22 -22 27 -24 24 -26 26 -28 -29 29 -31
leaf_value=-0.26660748662018197 0.23327968538534352 0.25347518774991235 0.23988669443254673 -0.50689017921686175 -0.052394608035683632 0.20643650754913689 0.072656651662991331 0.081753886008674517 -0.39315153919160367 -0.11229222404460114 0.14483391402774501 -0.095862896496084954 0.26255717228270242 0.33215515619516373 0.10380986693442207 -0.26477369014173746 -0.15866667562804651 0.21715538378597962 -0.029934692361375043 -0.19200332030361775 -0.20323411136865618 0.027690576513608296 0.0092471711059254526 -0.028039085373072134 0.11507312612730503 -0.010902106711227034 0.1614454691049079 -0.19796908820458389 0.20560617755011967 -0.048860335497297035
leaf_weight=41 41 48 72 50 40 100 68 568 48 120 119 869 90 50 220 48 80 72 1886 51 40 90 3938 248 213 720 71 59 48 234
leaf_count=41 41 48 72 50 40 100 68 568 48 120 119 869 90 50 220 48 80 72 1886 51 40 90 3938 248 213 720 71 59 48 234
internal_value=7.1518e-11 0.00106115 0.000133181 -0.0063589 -0.304892 -0.00317209 0.031944 0.0229627 -0.120092 0.0336618 -0.0056881 -0.0389878 0.00310289 0.0833492 0.0482103 -0.0041886 0.028914 0.0459011 -0.00210184 0.0106763 0.0134982 0.0369923 0.00667415 0.0583963 0.0380843 0.036828 0.00456778 -0.0616646 -0.0737351 -0.00554689
internal_weight=10342 10301 10260 8521 90 8431 1739 1667 116 1551 8331 1740 6591 549 459 6042 589 1431 5994 4108 409 369 3989 509 461 1359 791 149 1151 282
internal_count=10342 10301 10260 8521 90 8431 1739 1667 116 1551 8331 1740 6591 549 459 6042 589 1431 5994 4108 409 369 3989 509 461 1359 791 149 1151 282
is_linear=0
shrinkage=0.05


Tree=109
num_leaves=31
num_cat=0
split_feature=27 11 25 14 14 12 2 14 17 12 18 7 25 17 18 9 9 17 14 16 15 6 19 6 11 13 9 9 25 19
split_gain=1107.04 1797.63 994.771 1229.44 2045.58 1269.86 1433.26 1139.66 1367.51 1511.32 1218.79 1220.18 1509.32 1272.95 1164.25 1478.89 1875.56 1521.92 1324.71 1133.46 1023.41 991.112 1925.22 1702.08 985.62 947.74 1537.98 1218.43 1025.02 965.391
threshold=2.7693637825969741 300.34000000000009 1.6499999999999988 237.45500000000001 295.7000000000001 321.94625000000002 3.5000000000000004 340.31000000000006 34.619837278718997 389.90375000000012 306.19500000000005 -0.3744658827978154 -0.84999999999999776 41.131176914083262 229.64000000000001 312.25500000000005 326.04500000000007 29.479766912308381 317.49500000000006 357.59071428571434 448.25000000000006 0.099822040462190967 448.25000000000006 0.48314048284850658 366.05000000000007 39.709215270480037 299.45000000000005 324.59500000000008 3.3000000000000003 424.87000000000006
decision_type=2 2 2 2 2 2 2 2 2 2 2 2 2 2 2 2 2 2 2 2 2 2 2 2 2 2 2 2 2 2
left_child=2 -2 3 -1 -5 24 7 8 14 10 11 12 -10 -13 -7 -16 18 -18 -17 -12 21 -4 23 -23 -6 26 -3 28 -27 -28
right_child=1 25 20 4 5 6 -8 -9 9 -11 19 13 -14 -15 15 16 17 -19 -20 -21 -22 22 -24 -25 -26 27 29 -29 -30 -31
leaf_value=0.13876401438979033 -0.29700280469760559 -0.29577276461506979 0.0079479041988807005 -0.35481072640637074 -0.021289726933266254 -0.15637672151395576 -0.029879714355567411 -0.19921844068628092 0.11642766770405265 0.27362853377484359 -0.24942456190402693 0.15778538883155721 -0.1223483344314845 -0.029927507490201885 0.31351270376704637 0.036966481674184551 0.057316290307790042 0.25932103447814486 -0.26035996948440493 -0.028927491612217211 -0.11363519951496477 0.20071437820123444 0.31018194901542023 0.027248553809991458 -0.34685525511917858 -0.008950308510046228 0.019285629861293785 0.078180675588167201 -0.26839684532132257 -0.037898910487760847
leaf_weight=158 57 52 573 41 47 43 1676 52 104 52 65 286 182 132 80 134 208 169 52 564 91 184 91 611 46 332 1024 550 43 2643
leaf_count=158 57 52 573 41 47 43 1676 52 104 52 65 286 182 132 80 134 208 169 52 564 91 184 91 611 46 332 1024 550 43 2643
internal_value=-1.98132e-11 -0.0179198 0.0149337 0.00200945 -0.00348438 0.000216646 0.00468522 0.0319725 0.0377774 0.00918285 -0.00113311 0.0440586 -0.0355207 0.0985076 0.0955082 0.112353 0.0837688 0.14787 -0.046157 -0.0517134 0.0490453 0.0591919 0.0923328 0.0673966 -0.182322 -0.0144943 -0.0257592 0.0307965 -0.0387002 -0.0219303
internal_weight=10342 4701 5641 4091 3933 3892 3799 2123 2071 1385 1333 704 286 418 686 643 563 377 186 629 1550 1459 886 795 93 4644 3719 925 375 3667
internal_count=10342 4701 5641 4091 3933 3892 3799 2123 2071 1385 1333 704 286 418 686 643 563 377 186 629 1550 1459 886 795 93 4644 3719 925 375 3667
is_linear=0
shrinkage=0.05


Tree=110
num_leaves=31
num_cat=0
split_feature=13 13 11 11 26 16 24 17 19 2 17 0 10 23 2 0 19 5 22 13 17 9 16 17 8 6 10 23 10 14
split_gain=1104.77 1293.75 6923.82 2693.88 1459.94 6050.6 1660.42 2069.23 1156.43 1028.94 1675.83 1077.1 1064.18 937.737 3359.14 1010.35 952.797 909.592 701.19 856.891 1508.13 917.83 1053.11 894.018 800.184 948.698 774.462 3008.33 771.028 812.605
threshold=10.18733216452757 12.273067053899736 304.92000000000002 300.34000000000009 29.595833333333342 368.90068452380962 36.212202380952384 30.567077271337364 448.25000000000006 1.0000000180025095e-35 43.955569731031112 22.500000000000004 308.37500000000006 15.506250000000003 5.5000000000000009 3.5000000000000004 443.62000000000006 -0.9159756150367534 34.70000000000001 37.162828750675423 45.46741229618474 298.98500000000007 344.01889880952382 36.663766014706894 1.0000000180025095e-35 0.55656748448714433 428.59000000000003 22.052083333333332 373.42000000000007 329.02000000000004
decision_type=2 2 2 2 2 2 2 2 2 2 2 2 2 2 2 2 2 2 2 2 2 2 2 2 2 2 2 2 2 2
left_child=8 2 -2 -3 6 -6 7 -4 -1 10 12 17 -5 14 -9 16 -15 -11 19 21 23 -19 24 28 -23 -26 -25 -28 -21 -30
right_child=1 3 4 9 5 -7 -8 13 -10 11 -12 -13 -14 15 -16 -17 -18 18 -20 20 -22 22 -24 26 25 -27 27 -29 29 -31
leaf_value=0.15440148383689423 -0.67808041526654428 0.34571315524609469 -0.28050533486530188 -0.12887636430713598 -0.68554670691490172 0.10834900120118013 0.26659259621340498 -0.47494787157259205 -0.076982515695918768 0.043393383141331544 -0.23251860654631329 -0.089411017728267636 0.11628386639627958 -0.28750404200620122 0.064343172934881995 0.05783563258204806 0.039710540476847779 -0.26549509010103067 0.039899371193434556 0.014615724227070755 -0.29479025467298925 0.058484361950855726 -0.038018770782960898 0.0054859408118083488 -0.14850769549832746 0.11527115386359546 -0.48352583451196551 0.027392999485171252 0.055741182289981622 0.21562312750449017
leaf_weight=216 43 57 72 49 40 60 52 44 72 1064 43 349 458 45 84 475 44 40 739 404 40 551 2906 1755 112 49 40 103 207 129
leaf_count=216 43 57 72 49 40 60 52 44 72 1064 43 349 458 45 84 475 44 40 739 404 40 551 2906 1755 112 49 40 103 207 129
internal_value=-8.4958e-11 -0.00276586 -0.0580014 0.00305831 -0.0288929 -0.209209 -0.00679527 -0.0254028 0.0965555 0.000897289 0.0671723 -0.00339716 0.0925899 0.00113964 -0.121038 0.0288679 -0.125735 0.000291114 -0.00619098 -0.0115667 0.00992353 -0.0272996 -0.0246662 0.0145439 0.0298319 -0.0682272 -0.00363105 -0.115521 0.0611602 0.117124
internal_weight=10342 10054 959 9095 916 100 816 764 288 9038 550 8488 507 692 128 564 89 8139 7075 6336 2678 3658 3618 2638 712 161 1898 143 740 336
internal_count=10342 10054 959 9095 916 100 816 764 288 9038 550 8488 507 692 128 564 89 8139 7075 6336 2678 3658 3618 2638 712 161 1898 143 740 336
is_linear=0
shrinkage=0.05


Tree=111
num_leaves=31
num_cat=0
split_feature=18 2 11 5 4 14 14 12 13 17 17 13 10 9 25 17 17 10 9 15 15 18 17 24 9 7 12 24 7 22
split_gain=1081.15 2312.93 1482.65 830.768 696.504 624.568 908.004 844.919 757.922 701.496 1070.43 1381.47 837.213 2272.08 838.236 1098.77 735.645 670.115 764.81 736.137 837.817 777.98 594.338 591.54 1664.57 934.126 899.656 590.158 1726.34 618.696
threshold=77.640000000000015 1.5000000000000002 300.34000000000009 -0.70710678118654757 -0.98296291314453399 280.24000000000007 298.82500000000005 321.94625000000002 42.856045418317173 38.510675973285949 38.357251931318892 35.966705933943722 421.88500000000005 321.09000000000009 1.1000000000000008 41.180671730874856 41.044900189934808 339.41000000000003 332.37500000000006 421.77500000000003 416.82000000000005 320.14500000000004 36.953961585822704 22.411904761904765 313.2050000000001 0.19969739736768838 333.07625000000002 34.75833333333334 -0.98521978256641018 35.850000000000009
decision_type=2 2 2 2 2 2 2 2 2 2 2 2 2 2 2 2 2 2 2 2 2 2 2 2 2 2 2 2 2 2
left_child=1 -1 -2 5 -5 8 -7 -8 -4 10 11 17 14 -14 15 -11 -15 -9 23 20 -20 -21 -13 26 -25 -26 -19 28 -6 -30
right_child=2 -3 3 4 27 6 7 9 -10 12 -12 22 13 16 -16 -17 -18 18 19 21 -22 -23 -24 24 25 -27 -28 -29 29 -31
leaf_value=-0.42351602218014767 0.21922677924426703 -0.0097353930771350867 0.28998481333255771 0.05434128810522007 -0.30654093940176219 -0.19814570939287227 -0.18384305737005588 0.13375034805138905 0.037462558692846544 0.14097967002622402 -0.23770751279024852 0.13504527671498687 -0.31844983582695324 -0.021409155362018265 0.21026233797564339 -0.098124943424418978 0.16895771970351536 0.1471803780483163 0.04174057772560489 0.11641497802058305 0.2732795932873463 -0.10744081933213318 0.020382317050950984 -0.41063352108001711 -0.1254653061449818 0.10438409851443382 -0.050937001261661743 0.028176433183391265 -0.017050289806373079 0.080784083767625761
leaf_weight=47 78 120 48 424 51 47 48 75 78 137 42 288 45 101 155 74 102 69 210 54 48 138 186 40 154 62 338 824 6093 166
leaf_count=47 78 120 48 424 51 47 48 75 78 137 42 288 45 101 155 74 102 69 210 54 48 138 186 40 154 62 338 824 6093 166
internal_value=1.37758e-10 -0.126189 0.00207111 0.000393564 -0.00791913 0.0251385 0.0194717 0.0237946 0.133662 0.0280943 0.0115832 0.017883 0.0739165 0.00298839 0.121977 0.0571231 0.0742432 -0.0109113 -0.0206594 0.02965 0.0848176 -0.0444814 0.090051 -0.0548061 -0.114356 -0.05949 -0.0173495 -0.0116195 -0.0168163 -0.0144555
internal_weight=10342 167 10175 10097 7558 2539 2413 2366 126 2318 1704 1662 614 248 366 211 203 1188 1113 450 258 192 474 663 256 216 407 7134 6310 6259
internal_count=10342 167 10175 10097 7558 2539 2413 2366 126 2318 1704 1662 614 248 366 211 203 1188 1113 450 258 192 474 663 256 216 407 7134 6310 6259
is_linear=0
shrinkage=0.05


Tree=112
num_leaves=31
num_cat=0
split_feature=11 24 23 23 14 12 0 2 15 9 0 6 7 15 26 9 26 17 13 5 13 10 24 26 7 17 17 23 23 0
split_gain=1079.11 806.756 684.363 1910.25 806.391 805.615 1151.18 1159.53 940.02 983.393 1595.63 992.854 983.71 875.899 1217.8 2296.77 1627.12 1065.87 1022.06 969.124 945.311 2376.41 1470.32 1154.83 1115.11 897.923 1714.22 1016.27 1670.88 1856.18
threshold=251.51500000000001 10.784523809523812 36.110416666666673 36.00833333333334 342.35500000000008 390.21750000000003 9.5000000000000018 3.5000000000000004 448.25000000000006 346.11500000000007 16.500000000000004 0.96465729447553372 0.11478523713130606 374.45000000000005 29.260416666666668 318.8250000000001 21.887500000000006 45.46741229618474 35.966705933943722 1.0000000180025095e-35 42.554963238344357 422.73000000000008 13.766666666666667 31.710416666666671 0.57605713708605399 37.3448970847843 34.332654413925532 13.464583333333335 21.543750000000003 4.5000000000000009
decision_type=2 2 2 2 2 2 2 2 2 2 2 2 2 2 2 2 2 2 2 2 2 2 2 2 2 2 2 2 2 2
left_child=-1 -2 3 4 5 8 -7 -8 9 11 -11 13 -13 14 16 -16 25 18 -15 20 23 22 -22 24 -20 26 -3 -28 -29 -30
right_child=1 2 -4 -5 -6 6 7 -9 -10 10 -12 12 -14 17 15 -17 -18 -19 19 -21 21 -23 -24 -25 -26 -27 27 28 29 -31
leaf_value=-0.25600441112750916 0.091616479657047126 0.034402473073725293 0.04041183571976005 -0.26176255930008158 -0.20759788697275022 -0.048511616550385953 0.3659156502490597 0.018374455307743381 -0.097105115742394429 0.23504716900779921 -0.13113155207552371 0.010582600963001218 0.14415973844873006 -0.040246879145839562 -0.35913503989577295 0.078355228975415234 0.18234101086854937 -0.21115889557533796 -0.0080765393580804808 -0.025981088653524321 0.26902060242013093 -0.35799355699735536 -0.053616573225090308 0.3182364430651069 0.095580563873775004 0.050217982521722729 -0.25299748905106551 0.021625837184476797 -0.43348119109092909 -0.081383564844727529
leaf_weight=41 240 820 902 72 48 70 56 42 264 102 42 384 215 2515 60 60 150 72 512 1320 47 51 142 40 526 948 72 311 48 170
leaf_count=41 240 820 902 72 48 70 56 42 264 102 42 384 215 2515 60 60 150 72 512 1320 47 51 142 40 526 948 72 311 48 170
internal_value=-1.88416e-10 0.00101895 -0.00114221 -0.00523455 -0.00320198 -0.00211657 0.106352 0.216969 -0.00417076 -0.00132021 0.128245 -0.0035248 0.0585277 -0.00825133 0.0152287 -0.14039 0.0226421 -0.0201104 -0.017441 0.0043015 0.03463 -0.0551136 0.026616 0.0546101 0.044451 0.0125303 -0.0126126 -0.0767595 -0.0527725 -0.15891
internal_weight=10342 10301 10061 9159 9087 9039 168 98 8871 8607 144 8463 599 7864 2639 120 2519 5225 5153 2638 1318 240 189 1078 1038 2369 1421 601 529 218
internal_count=10342 10301 10061 9159 9087 9039 168 98 8871 8607 144 8463 599 7864 2639 120 2519 5225 5153 2638 1318 240 189 1078 1038 2369 1421 601 529 218
is_linear=0
shrinkage=0.05


Tree=113
num_leaves=31
num_cat=0
split_feature=13 13 11 11 26 16 24 22 23 11 19 2 17 27 6 18 16 0 10 5 11 22 22 11 9 11 0 16 18 24
split_gain=993.51 1139.33 6253.31 2336.94 1340.51 5220.59 1370.21 1709.53 1080.24 1659.44 1017.8 888.316 1499.43 1019.24 1237.75 1333 1189.73 943.378 749.958 748.303 710.993 668.672 1033.02 723.421 657.068 1181.6 1364.88 685.044 1010.21 786.678
threshold=10.18733216452757 12.273067053899736 307.86500000000007 300.34000000000009 29.595833333333342 368.90068452380962 36.212202380952384 35.850000000000009 15.506250000000003 342.50500000000005 448.25000000000006 1.0000000180025095e-35 43.955569731031112 -5.1607439180754788 -0.42180583328916638 228.29500000000004 350.28020833333341 22.500000000000004 308.37500000000006 -0.9159756150367534 322.37000000000006 12.500000000000002 13.600000000000003 369.18500000000006 306.17000000000002 341.00500000000005 14.500000000000002 373.54505952380958 323.28500000000003 27.519940476190481
decision_type=2 2 2 2 2 2 2 2 2 2 2 2 2 2 2 2 2 2 2 2 2 2 2 2 2 2 2 2 2 2
left_child=10 2 -2 -3 6 -6 7 8 9 20 -1 12 13 14 -5 -16 -17 19 -15 21 -4 23 -23 -13 25 -21 -27 28 29 -26
right_child=1 3 4 11 5 -7 -8 -9 -10 -11 -12 17 -14 18 15 16 -18 -19 -20 24 -22 22 -24 -25 27 26 -28 -29 -30 -31
leaf_value=0.14583266756747401 -0.52796580224096457 0.32198975516908002 -0.17517274903030033 0.37898773177052447 -0.63501403599977502 0.10242186725139618 0.24981381428929478 -0.33362952701747423 0.036398547431798996 -0.38572595315735514 -0.071240066962006188 -0.0051597139726464562 -0.22106994435537694 -0.16968826479500249 -0.13057868118087451 0.38403813735918796 0.057863715911904971 -0.083657934429573644 0.058588061507687389 -0.020726766520866049 0.075601166783292831 -0.20177898954910539 0.036432083627418031 0.23108063819709909 -0.013057537694629277 -0.44115938259879262 -0.04641302645682021 -0.039313335934630572 0.094142669559145964 0.028249894918737292
leaf_weight=216 65 57 45 53 40 60 52 40 540 41 72 52 43 42 45 47 69 349 251 285 76 48 878 86 3686 41 47 1039 300 1677
leaf_count=216 65 57 45 53 40 60 52 40 540 41 72 52 43 42 45 47 69 349 251 285 76 48 878 86 3686 41 47 1039 300 1677
internal_value=-7.9738e-11 -0.00262289 -0.0544573 0.00284266 -0.0200299 -0.192552 0.00169837 -0.0156898 0.00242645 -0.110814 0.0915645 0.000829889 0.0624098 0.0864525 0.169405 0.100412 0.190021 -0.00316033 0.0258659 0.000291408 -0.0176619 0.0393859 0.0240842 0.142063 -0.00558796 -0.0701771 -0.230329 -0.00199325 0.00485393 -0.000140781
internal_weight=10342 10054 959 9095 894 100 794 742 702 162 288 9038 550 507 214 161 116 8488 293 8139 121 1064 926 138 7075 373 88 6702 5663 5363
internal_count=10342 10054 959 9095 894 100 794 742 702 162 288 9038 550 507 214 161 116 8488 293 8139 121 1064 926 138 7075 373 88 6702 5663 5363
is_linear=0
shrinkage=0.05


Tree=114
num_leaves=31
num_cat=0
split_feature=11 24 4 24 13 9 19 0 25 14 14 14 9 14 6 7 19 17 25 10 24 25 13 19 12 7 15 0 24 2
split_gain=1025.03 749.769 614.4 1347.52 984.682 1221.26 986.68 1515.99 972.505 1178.15 1656.05 1171.91 1815.65 1083.02 1321.06 1957.26 1171.66 1108.13 1216.19 1005.7 1454.86 1208.99 980.321 1593.93 1349.21 870.313 2647.75 4444.87 1407.36 1074.92
threshold=251.51500000000001 10.784523809523812 0.12940952255126045 11.60059523809524 39.253840942439531 299.45000000000005 410.79000000000002 7.5000000000000009 1.6499999999999988 237.45500000000001 297.53000000000003 330.12500000000006 340.36500000000007 328.68500000000006 -0.94705910369513524 -0.091258822863740666 448.76000000000005 24.578748747542676 -6.3499999999999996 358.76500000000004 27.783928571428579 -0.50000000000000167 39.021921642330845 448.25000000000006 365.78500000000003 -0.074115882986646633 360.44000000000005 4.5000000000000009 34.627678571428582 2.5000000000000004
decision_type=2 2 2 2 2 2 2 2 2 2 2 2 2 2 2 2 2 2 2 2 2 2 2 2 2 2 2 2 2 2
left_child=-1 -2 8 -4 5 -5 7 -7 9 -3 -11 13 -13 14 15 -12 -15 -16 -19 21 -21 -17 23 -10 -25 26 27 -8 29 -28
right_child=1 2 3 4 -6 6 25 -9 22 10 11 12 -14 16 17 19 -18 18 -20 20 -22 -23 -24 24 -26 -27 28 -29 -30 -31
leaf_value=-0.24950763365117515 0.088332262166077272 0.13190178333196598 -0.23885711638087576 -0.25964966082462559 0.032508982382807881 0.084744459185729773 -0.68180345571703382 -0.061167824031575259 0.046591046968988352 -0.28852596046188128 0.26066167684128655 0.1115071565924472 -0.032368573971166652 -0.038214973495477471 0.10326778474144448 0.089135274108913212 -0.30932785411508612 0.15927745974980867 -0.041748060695344917 -0.057821539553868422 0.28632426517682952 -0.24800760061981589 -0.02379948170969072 0.071775058886179563 0.39393280135754211 -0.010172537305590592 -0.1886329640589535 -0.065990750420384034 0.030945425410754981 -0.043811212266916616
leaf_weight=41 240 156 66 54 1000 477 45 284 986 52 104 481 403 103 156 45 65 78 2125 68 56 65 390 65 65 1583 187 84 411 407
leaf_count=41 240 156 66 54 1000 477 45 284 986 52 104 481 403 103 156 45 65 78 2125 68 56 65 390 65 65 1583 187 84 411 407
internal_value=2.60814e-12 0.000993089 -0.00109034 -0.0145584 -0.0112919 -0.0236931 -0.0200296 0.030291 0.0102452 -0.00276933 -0.00829648 -0.00440959 0.0459168 -0.0199379 -0.0122653 0.0801825 -0.14311 -0.0255113 -0.0346305 -3.03955e-05 0.0975991 -0.110086 0.0444409 0.0682883 0.232854 -0.0341238 -0.0675585 -0.280809 -0.040186 -0.0894032
internal_weight=10342 10301 10061 4598 4532 3532 3478 761 5463 3957 3801 3749 884 2865 2697 338 168 2359 2203 234 124 110 1506 1116 130 2717 1134 129 1005 594
internal_count=10342 10301 10061 4598 4532 3532 3478 761 5463 3957 3801 3749 884 2865 2697 338 168 2359 2203 234 124 110 1506 1116 130 2717 1134 129 1005 594
is_linear=0
shrinkage=0.05


Tree=115
num_leaves=31
num_cat=0
split_feature=18 6 11 5 15 8 11 5 15 11 27 9 15 24 2 27 12 2 11 12 14 10 16 27 27 9 7 23 10 9
split_gain=982.919 2148.86 1381.1 679.803 1104.41 829.305 966.396 852.714 971.821 1163.57 1349.57 1328.89 968.64 880.202 772.529 1228.29 821.553 729.089 2199.83 713.764 765.965 990.499 963.928 671.33 661.152 704.974 658.378 676.044 649.522 3354.77
threshold=77.640000000000015 0.63920241694561786 300.34000000000009 -0.5 456.68500000000006 1.0000000180025095e-35 354.42500000000007 1.0000000180025095e-35 410.45000000000005 367.99000000000007 -16.282509787680713 310.25500000000005 414.34000000000009 33.68571428571429 4.5000000000000009 -18.857703167406147 360.98520833333339 4.5000000000000009 347.82500000000005 344.15020833333341 302.09000000000009 305.21500000000009 344.77922619047627 11.916870399992122 1.7941075607508728e-15 304.92500000000001 -0.52765736634565841 21.779166666666672 421.88500000000005 325.89500000000004
decision_type=2 2 2 2 2 2 2 2 2 2 2 2 2 2 2 2 2 2 2 2 2 2 2 2 2 2 2 2 2 2
left_child=1 -1 -2 4 24 7 -7 17 9 11 -11 13 -10 19 16 -16 -14 18 23 20 21 -9 -23 -5 -4 -26 -22 -28 -27 -30
right_child=2 -3 3 5 -6 6 -8 8 12 10 -12 -13 14 -15 15 -17 -18 -19 -20 -21 26 22 -24 -25 25 28 27 -29 29 -31
leaf_value=-0.40690710167301464 0.2115616381025085 -0.0080724978074431433 0.036444680397436112 0.45016082264482976 0.25675011429314815 -0.25518673000857234 -0.043744918717557618 -0.13632016565772842 -0.15963208536532791 -0.025083210402838535 -0.34893261817810328 0.045687877286426398 0.16929252440730733 0.18130849008989891 -0.2851729819410001 -0.050733006197401412 -0.018498725820693149 -0.0087457136899188968 0.032206043886928319 -0.19015335035851089 -0.26884634374845318 0.22525632883887736 -0.01146042098000806 0.18095253722234206 -0.15181359920972659 0.012510546513289124 -0.097162456581647183 0.083120987520498402 -0.48157880916481927 0.020199271249845163
leaf_weight=47 78 120 1746 40 48 60 544 61 143 107 46 1554 60 43 66 364 1986 488 509 82 41 80 93 55 81 1308 221 68 42 161
leaf_count=47 78 120 1746 40 48 60 544 61 143 107 46 1554 60 43 66 364 1986 488 509 82 41 80 93 55 81 1308 221 68 42 161
internal_value=2.41456e-11 -0.120319 0.00197477 0.000355702 0.0186205 -0.00885972 -0.0647491 -0.0033321 -0.0120504 0.0109614 -0.12245 0.0200617 -0.0331029 -0.0377366 -0.0257953 -0.0867168 -0.0129917 0.0367068 0.07343 -0.052317 -0.032277 0.0369195 0.098004 0.294303 0.0151962 -0.00810762 -0.0813436 -0.0547428 -0.000403992 -0.0836169
internal_weight=10342 167 10175 10097 3386 6711 604 6107 5015 2396 153 2243 2619 689 2476 430 2046 1092 604 646 564 234 173 95 3338 1592 330 289 1511 203
internal_count=10342 167 10175 10097 3386 6711 604 6107 5015 2396 153 2243 2619 689 2476 430 2046 1092 604 646 564 234 173 95 3338 1592 330 289 1511 203
is_linear=0
shrinkage=0.05


Tree=116
num_leaves=31
num_cat=0
split_feature=11 24 16 24 24 12 23 10 11 6 18 14 10 6 25 25 17 6 6 0 25 7 15 12 11 17 25 6 0 23
split_gain=988.972 662.191 607.591 850.65 3515.35 3180.59 1386.78 1039.92 1212.98 915.065 914.291 999.004 951.426 830.296 1128.89 987.297 2518.77 2480.15 1290.05 974.466 1149.39 1025.76 966.002 905.298 967.141 884.244 878.624 774.272 750.322 927.057
threshold=251.51500000000001 10.784523809523812 377.38086309523811 34.75833333333334 34.23125000000001 343.80437500000005 32.677083333333336 398.28000000000003 339.07500000000005 0.96465729447553372 324.88000000000005 313.95000000000005 389.55000000000007 0.78325454425165997 -4.7499999999999991 1.1000000000000008 45.46741229618474 0.57077594689671507 0.099822040462190967 8.5000000000000018 3.9000000000000017 0.62420859727530387 340.62500000000006 389.53708333333344 391.16000000000003 37.97855033243988 2.199999999999998 -0.70291267844185523 21.500000000000004 16.635416666666668
decision_type=2 2 2 2 2 2 2 2 2 2 2 2 2 2 2 2 2 2 2 2 2 2 2 2 2 2 2 2 2 2
left_child=-1 -2 3 4 6 -6 9 8 -7 13 11 -11 -13 14 -3 16 22 -18 25 -20 21 26 -16 -24 -25 28 -21 -10 29 -17
right_child=1 2 -4 -5 5 7 -8 -9 27 10 -12 12 -14 -15 15 18 17 -19 19 20 -22 -23 23 24 -26 -27 -28 -29 -30 -31
leaf_value=-0.24507980259453377 0.083055354629953712 0.11972670314426069 -0.075833854649328833 0.0430669251862019 -0.54799589688579242 -0.27398114039198213 0.080317810983768889 -0.31508961847132966 0.18494631927460434 0.2124226961284876 0.12571321743781264 0.021428049295431094 -0.18307362053937351 -0.04016123514209375 0.089905449751057423 -0.10787148699807354 -0.55475668616073082 -0.031909360822949866 0.0018003670822950863 0.13079111351045195 -0.096417638760502064 0.20190161154217401 -0.024454405967396616 0.0015888279546307376 0.29238937483268218 0.04487563956176685 -0.082652751753727605 -0.060577882575735299 -0.22215086609524276 0.018200504810631495
leaf_weight=41 240 192 264 1072 48 46 526 46 48 48 263 210 78 1605 216 239 43 48 321 135 59 270 3131 73 47 431 75 97 56 374
leaf_count=41 240 192 264 1072 48 46 526 46 48 48 263 210 78 1605 216 239 43 48 321 135 59 270 3131 73 47 431 75 97 56 374
internal_value=-1.04434e-10 0.000975466 -0.000982508 0.00103451 -0.00412981 -0.176841 0.00170226 -0.10167 -0.050271 -0.00352288 0.0558915 0.0012394 -0.0339578 -0.00838812 0.000542849 -0.00360418 -0.0193016 -0.278969 0.0248914 0.0707681 0.111842 0.13744 -0.012486 -0.019289 0.115486 -0.0109758 0.0545612 0.0206991 -0.0469578 -0.0309532
internal_weight=10342 10301 10061 9797 8725 285 8440 237 191 7914 599 336 288 7315 5710 5518 3558 91 1960 860 539 480 3467 3251 120 1100 210 145 669 613
internal_count=10342 10301 10061 9797 8725 285 8440 237 191 7914 599 336 288 7315 5710 5518 3558 91 1960 860 539 480 3467 3251 120 1100 210 145 669 613
is_linear=0
shrinkage=0.05


Tree=117
num_leaves=31
num_cat=0
split_feature=11 11 16 23 26 26 6 13 27 6 16 19 10 17 15 19 6 6 26 5 26 11 6 13 0 24 25 24 7 10
split_gain=892.547 625.43 564.858 809.691 2664.06 1423.03 1404.52 964.536 1516.24 831.385 841.477 1219.96 2013.68 1558.41 944.894 1089.33 959.427 1279.22 1045.59 1237.44 892.892 886.324 841.242 1545.92 1092.77 2800.03 1575.73 915.393 827.436 1059.43
threshold=251.51500000000001 300.34000000000009 377.38086309523811 32.677083333333336 31.939583333333335 31.116666666666671 0.22700754078277605 11.555722190545973 17.836514878777006 0.96465729447553372 359.83952380952383 431.00000000000006 421.88500000000005 45.159045628601568 421.98000000000008 424.46500000000009 -0.59869031648930193 -0.55657520495441892 21.127083333333335 -0.12940952255126037 27.368750000000006 390.31500000000005 0.048362692321690152 31.547086042151388 13.500000000000002 15.646130952380954 3.3500000000000001 14.402380952380954 -0.24372464231556024 388.03500000000003
decision_type=2 2 2 2 2 2 2 2 2 2 2 2 2 2 2 2 2 2 2 2 2 2 2 2 2 2 2 2 2 2
left_child=-1 -2 3 4 5 9 -6 8 -5 10 11 12 14 -13 15 20 -17 -18 19 -19 22 -16 23 24 26 -26 27 -3 -12 -30
right_child=1 2 -4 7 6 -7 -8 -9 -10 -11 28 13 -14 -15 21 16 17 18 -20 -21 -22 -23 -24 -25 25 -27 -28 -29 29 -31
leaf_value=-0.23282581364236227 0.19582205140826905 -0.063357812959615512 -0.072042160922269852 0.026289000028842376 -0.45148771609179672 0.18616040041297677 -0.053984699435532094 0.044699623696103488 -0.35402820883551617 0.053096933111249904 -0.077374532363722354 0.060281379527522161 -0.32822273543142544 -0.23052715985104444 0.029638665705844992 0.16000845458668966 -0.27169905690890223 0.02855332564243613 -0.30210349366068839 -0.094386726537871266 -0.14005016458779573 0.21536587372655047 0.038189434198210886 0.092324199638096627 -0.062707294442823955 -0.48697371426783498 -0.29749389734296572 0.12053251742784465 -0.036447599117474798 0.040924745249905761
leaf_weight=41 41 131 264 76 50 100 40 1527 40 599 686 1145 49 48 326 48 72 365 40 466 100 80 1239 192 175 50 42 140 1551 619
leaf_count=41 41 131 264 76 50 100 40 1527 40 599 686 1145 49 48 326 48 72 365 40 466 100 80 1239 192 175 50 42 140 1551 619
internal_value=-7.1442e-11 0.000926692 0.000147871 0.00205445 -0.00425678 -0.00130983 -0.27482 0.0341407 -0.104855 -0.00360641 -0.0080968 0.00489221 -0.0099358 0.0485808 -0.00543607 -0.0149454 -0.0580508 -0.0691503 -0.0524069 -0.0403878 0.00570102 0.0662352 0.0131033 -0.0294744 -0.0729415 -0.156989 -0.0125242 0.0316409 -0.0295087 -0.0143769
internal_weight=10342 10301 10260 9996 8353 8263 90 1643 116 8163 7564 4708 3515 1193 3466 3060 991 943 871 831 2069 406 1969 730 538 225 313 271 2856 2170
internal_count=10342 10301 10260 9996 8353 8263 90 1643 116 8163 7564 4708 3515 1193 3466 3060 991 943 871 831 2069 406 1969 730 538 225 313 271 2856 2170
is_linear=0
shrinkage=0.05


Tree=118
num_leaves=31
num_cat=0
split_feature=13 11 27 11 11 25 14 12 14 16 2 10 15 12 14 12 9 18 19 14 13 13 17 22 7 25 5 16 6 19
split_gain=894.294 938.944 909.72 9653.25 4375.98 889.722 967.221 1651.17 1486.53 1250.91 1212.53 901.815 970.288 1475.31 882.722 926.819 859.74 1555.81 963.831 921.752 848.519 1340.06 1175.61 1767.58 887.524 841.738 858.355 813.716 833.883 938.303
threshold=10.18733216452757 320.03500000000003 5.4276510583374495 302.34500000000008 302.34500000000008 1.6499999999999988 237.45500000000001 321.94625000000002 295.7000000000001 350.42979166666674 3.5000000000000004 311.48000000000008 347.04500000000007 333.98812500000008 340.31000000000006 389.90375000000012 311.07500000000005 232.78000000000003 404.90500000000003 334.37000000000006 33.564592187906605 34.620298110748969 39.630427155819255 26.950000000000003 -0.24372464231556024 0.59999999999999887 -0.78656609248549325 377.71696428571437 -0.96235977360714686 457.78500000000008
decision_type=2 2 2 2 2 2 2 2 2 2 2 2 2 2 2 2 2 2 2 2 2 2 2 2 2 2 2 2 2 2
left_child=1 -1 4 -4 -2 6 -6 9 -9 -8 14 -12 -13 -14 15 16 17 18 -10 -18 -15 -22 24 -24 -23 26 -26 28 -7 -30
right_child=2 -3 3 -5 5 27 7 8 10 -11 11 12 13 20 -16 -17 19 -19 -20 -21 21 22 23 -25 25 -27 -28 -29 29 -31
leaf_value=0.31166872750967745 0.45018839599298577 0.050614750214792309 -0.65522226885718826 -0.011154481746555487 0.11245396182985244 -0.11606559470677986 -0.039090905651788826 -0.29526051290502603 -0.20937306714612386 -0.41830250149549442 -0.20593051754467651 0.12074378268959535 -0.27940073205468557 0.0053361263999849862 -0.18106129857210013 0.23593715684345137 -0.0011188730983917245 0.23799019221885082 0.13161983320489526 0.11342675921124251 -0.28581276914248099 -0.20135759715739565 -0.34651833907766666 0.015814560506260022 0.21725943024137193 -0.10271452053699015 0.014720248188913446 -0.18232357625554249 0.044107109303915572 0.26029554019467188
leaf_weight=40 56 248 59 4170 165 78 44 44 43 43 73 105 60 873 52 52 1619 117 40 197 65 51 71 64 70 101 207 41 1442 52
leaf_count=40 56 248 59 4170 165 78 44 44 43 43 73 105 60 873 52 52 1619 117 40 197 65 51 71 64 70 101 207 41 1442 52
internal_value=6.46197e-11 0.0868722 -0.00248848 -0.0201401 0.0103267 0.00605695 -0.00617586 -0.0110804 -0.0062794 -0.226517 -0.00298532 -0.0339179 -0.0263852 -0.0362755 0.0224027 0.0275188 0.022143 0.120533 -0.0450391 0.0113071 -0.0265634 -0.0708373 -0.0460617 -0.174746 -0.00556679 0.0208494 0.0659034 0.0375756 0.0433109 0.0516317
internal_weight=10342 288 10054 4229 5825 5769 4156 3991 3904 87 3860 1740 1667 1562 2120 2068 2016 200 83 1816 1502 629 564 135 429 378 277 1613 1572 1494
internal_count=10342 288 10054 4229 5825 5769 4156 3991 3904 87 3860 1740 1667 1562 2120 2068 2016 200 83 1816 1502 629 564 135 429 378 277 1613 1572 1494
is_linear=0
shrinkage=0.05


Tree=119
num_leaves=31
num_cat=0
split_feature=18 2 11 0 27 14 14 6 12 23 27 13 4 15 18 6 12 17 15 25 27 17 13 14 16 25 14 14 19 15
split_gain=863.012 2008.82 1381.78 596.809 837.629 826.558 1033.08 931.134 1044.43 1114.42 1302.39 1386.08 1741 2444.79 1070.55 1244.59 928.794 849.936 1175.62 1296.36 1218.28 1177.6 1082.58 1060.56 1449.46 923.937 1054.36 1022.26 899.347 850.234
threshold=77.640000000000015 1.5000000000000002 300.34000000000009 22.500000000000004 2.7693637825969741 280.24000000000007 297.53000000000003 0.01505151768384008 322.31208333333342 27.518750000000004 -8.2908367447840945 39.869872625620594 -0.60355339059327362 432.38500000000005 306.19500000000005 -0.19337636264337835 354.56270833333343 36.778768612149001 446.56000000000006 1.6999999999999977 -3.1834742547610104 37.794621976946793 10.18733216452757 328.49500000000006 349.67958333333337 -1.0000000180025095e-35 320.21000000000009 327.49000000000007 448.25000000000006 433.27500000000003
decision_type=2 2 2 2 2 2 2 2 2 2 2 2 2 2 2 2 2 2 2 2 2 2 2 2 2 2 2 2 2 2
left_child=1 -1 -2 4 5 -4 -7 8 -8 10 11 12 13 14 15 16 -10 22 19 21 28 -19 -9 24 -24 26 -26 -27 -21 -25
right_child=2 -3 3 -5 -6 6 7 17 9 -11 -12 -13 -14 -15 -16 -17 -18 18 -20 20 -22 -23 23 29 25 27 -28 -29 -30 -31
leaf_value=-0.38983415791645964 0.21148862501558585 -0.0042140255216509106 0.10458244178842893 -0.058484196935679356 -0.012803440789499666 -0.21404480940103532 -0.23644264781475069 0.29414957559977972 0.17527715177275241 0.027771628169778257 0.038729315342686851 0.08117908313218504 -0.34144202665752404 -0.41543696192758423 -0.16420373283639678 -0.16490961140649313 -0.049447246147797275 -0.092154647354184396 -0.14504465127692504 0.094480427690962362 -0.098886039135429801 0.032057742113613112 0.090192168847940388 0.068550389642804507 -0.25505725221619724 0.071848607050466223 -0.024090661740240951 -0.16144444092952959 0.30863508114591243 0.21429484750583977
leaf_weight=47 78 120 254 415 4571 50 50 48 112 1138 299 100 77 49 119 69 78 315 119 268 68 484 402 328 84 216 120 60 60 144
leaf_count=47 78 120 254 415 4571 50 50 48 112 1138 299 100 77 49 119 69 78 315 119 268 68 484 402 328 84 216 120 60 60 144
internal_value=-2.58338e-11 -0.112742 0.00185041 0.000230937 0.00274765 0.0166557 0.0120575 0.0144093 -0.0106707 -0.00513974 -0.0466161 -0.0888649 -0.122604 -0.0831411 -0.0400657 0.0169706 0.0830219 0.0337179 0.00482613 0.0197505 0.0937238 -0.0169121 0.0607963 0.0525238 0.0201521 -0.0385064 -0.119195 0.0211327 0.133655 0.113015
internal_weight=10342 167 10175 10097 9682 5111 4857 4807 2091 2041 903 604 504 427 378 259 190 2716 1314 1195 396 799 1402 1354 882 480 204 276 328 472
internal_count=10342 167 10175 10097 9682 5111 4857 4807 2091 2041 903 604 504 427 378 259 190 2716 1314 1195 396 799 1402 1354 882 480 204 276 328 472
is_linear=0
shrinkage=0.05


Tree=120
num_leaves=31
num_cat=0
split_feature=11 24 17 6 17 17 17 6 6 6 6 0 17 24 25 18 17 17 16 12 14 9 24 11 12 10 17 11 17 16
split_gain=813.769 556.872 498.321 1361.68 582.754 883.07 517.372 1045.99 1170.19 905.305 996.986 904.181 856.417 862.879 821.886 795.086 794.508 1512.79 832.421 825.738 1201.72 1493.31 772.888 753.506 721.611 1008.68 2207.77 1180.6 1030.51 1041.22
threshold=251.51500000000001 10.784523809523812 46.354287850065255 0.58481550752069722 45.81161926007686 45.159045628601568 38.510675973285949 0.96465729447553372 0.99552231814189451 0.78325454425165997 0.048362692321690152 8.5000000000000018 38.298102963260213 24.892857142857146 -4.4499999999999984 168.59000000000003 36.778768612149001 37.3448970847843 373.59681547619056 331.65666666666675 329.80500000000006 343.08500000000009 11.967261904761907 338.40500000000003 390.21750000000003 428.59000000000003 39.803227899270858 434.35500000000008 39.667951411265953 353.30223214285724
decision_type=2 2 2 2 2 2 2 2 2 2 2 2 2 2 2 2 2 2 2 2 2 2 2 2 2 2 2 2 2 2
left_child=-1 -2 4 -4 5 6 7 9 23 10 -3 -12 13 -11 -8 -16 19 -18 -19 -13 22 -22 -21 -9 25 27 -27 28 29 -17
right_child=1 2 3 -5 -6 -7 14 8 -10 12 11 16 -14 -15 15 24 17 18 -20 20 21 -23 -24 -25 -26 26 -28 -29 -30 -31
leaf_value=-0.22231359888867633 0.076155002265586524 -0.02138681451633272 -0.32173456704287334 0.065677862893790004 0.14188594200337928 -0.21481820013432298 0.14648250486003236 -0.0093329345223618979 -0.013593107828108426 -0.02448788837035738 -0.018825622271947451 0.19149162562253574 -0.17624673313926909 -0.18204140589037476 0.055207757645348347 0.11476035471466231 -0.13533411097029846 0.23419042942424617 -0.015672721376021704 -0.139452492783467 0.20962831990216815 -0.011478605509425205 0.031839952045810166 0.18490136536408444 0.12855048601777527 -0.38369797111912207 0.058473246313374617 0.23942084697892471 -0.046078846287225167 -0.010047439384425452
leaf_weight=41 240 3035 43 48 72 48 120 67 264 1151 806 120 120 94 777 259 150 60 75 75 210 120 540 196 96 55 58 49 882 471
leaf_count=41 240 3035 43 48 72 48 120 67 264 1151 806 120 120 94 777 259 150 60 75 75 210 120 540 196 96 55 58 49 882 471
internal_value=-8.88315e-11 0.000884852 -0.000910679 -0.117385 0.000152428 -0.00087857 0.000163979 -0.00699826 0.0607719 -0.0124459 -0.00291821 0.02308 -0.0486792 -0.0363835 0.018498 0.0126959 0.0480993 -0.0260496 0.0953776 0.0679419 0.0522531 0.129226 0.0109506 0.13542 -0.00496814 -0.0121935 -0.156743 -0.00235962 -0.00970903 0.0342337
internal_weight=10342 10301 10061 91 9970 9898 9850 7083 527 6556 5191 2156 1365 1245 2767 2647 1350 285 135 1065 945 330 615 263 1870 1774 113 1661 1612 730
internal_count=10342 10301 10061 91 9970 9898 9850 7083 527 6556 5191 2156 1365 1245 2767 2647 1350 285 135 1065 945 330 615 263 1870 1774 113 1661 1612 730
is_linear=0
shrinkage=0.05


Tree=121
num_leaves=31
num_cat=0
split_feature=18 2 11 0 27 15 12 9 25 13 19 13 11 11 16 10 26 10 6 24 25 14 7 14 13 0 25 19 6 14
split_gain=814.582 1805.35 1303.46 540.301 730.958 871.818 804.505 1351.1 806.228 1873.66 1476.17 1163.44 1547.16 1386.74 1310.94 1040.25 814.399 877.372 781.269 748.539 897.986 743.885 948.56 738.17 943.976 1216.27 1983.79 851.312 756.767 2015.81
threshold=77.640000000000015 1.5000000000000002 300.34000000000009 22.500000000000004 3.6326085679708375e-15 456.68500000000006 390.10937500000006 345.01000000000005 1.7000000000000022 11.555722190545973 433.71000000000009 14.654842499119573 349.76500000000004 336.68500000000006 347.04574404761905 325.97500000000008 36.110416666666673 421.88500000000005 -0.58482361983252518 11.60059523809524 -0.60000000000000042 333.05500000000001 -0.9292178835113839 237.45500000000001 43.097692111487184 13.500000000000002 -1.5999999999999985 420.76000000000005 0.94138322595482449 320.40000000000003
decision_type=2 2 2 2 2 2 2 2 2 2 2 2 2 2 2 2 2 2 2 2 2 2 2 2 2 2 2 2 2 2
left_child=1 -1 -2 4 23 6 7 8 16 10 -10 12 15 -13 -15 -11 17 19 -16 20 -6 -21 -23 27 28 -26 -27 -4 -25 -30
right_child=2 -3 3 -5 5 -7 -8 -9 9 11 -12 13 -14 14 18 -17 -18 -19 -20 21 -22 22 -24 24 25 26 -28 -29 29 -31
leaf_value=-0.37221711496723464 0.2054087939313971 -0.0066480800245578096 0.00059102875666019138 -0.055641506506376961 -0.31567048950166243 0.16762991493512225 -0.18225238269993238 0.10558342685861788 -0.481648865308274 0.16105644216245796 -0.072080149789425466 0.030364399902469537 0.34181230860677636 -0.30078100660443308 0.029511772968271545 -0.15796164930798115 0.16305172858493669 -0.17391034204371369 -0.11645443169630765 0.0084206630252718385 -0.035246071909019287 0.065230469413929515 -0.12635328677039612 0.01013330063831082 0.13169427162155192 -0.44361125732010065 -0.049778904453811487 0.20727767719412751 0.38485649414360523 0.041758966607316823
leaf_weight=47 78 120 94 415 41 67 70 234 44 47 44 281 44 75 128 56 70 79 323 2710 94 90 229 4104 47 44 117 106 48 396
leaf_count=47 78 120 94 415 41 67 70 234 44 47 44 281 44 75 128 56 70 79 323 2710 94 90 229 4104 47 44 117 106 48 396
internal_value=-2.12434e-11 -0.109533 0.00179774 0.000224828 0.00261943 -0.0114492 -0.0140245 -0.0114584 -0.0177472 -0.0561075 -0.276865 -0.0357441 0.0936295 -0.0593104 -0.107216 -0.0123903 -0.00568219 -0.0093243 -0.0750272 -0.00521485 -0.120412 -8.06087e-05 -0.0723014 0.0160352 0.0120781 -0.0920836 -0.15741 0.110135 0.0168418 0.0788506
internal_weight=10342 167 10175 10097 9682 4726 4659 4589 4355 1042 88 954 147 807 526 103 3313 3243 451 3164 135 3029 319 4956 4756 208 161 200 4548 444
internal_count=10342 167 10175 10097 9682 4726 4659 4589 4355 1042 88 954 147 807 526 103 3313 3243 451 3164 135 3029 319 4956 4756 208 161 200 4548 444
is_linear=0
shrinkage=0.05


Tree=122
num_leaves=31
num_cat=0
split_feature=11 24 9 27 24 13 9 12 13 11 17 7 17 10 14 10 6 19 0 7 15 0 9 25 11 13 26 2 18 17
split_gain=790.387 496.498 461.63 449.656 1117.51 895.435 1048.74 928.207 825.724 1202.59 1491.06 1345.16 940.313 852.645 1259.61 1140.57 4133.8 769.565 1342.57 767.479 2348.13 3920.78 1001.11 1243.75 1005.48 1394.79 973.136 838.891 888.873 726.876
threshold=251.51500000000001 10.784523809523812 352.89500000000004 3.6326085679708375e-15 11.60059523809524 39.552887350455784 299.45000000000005 390.21750000000003 16.057754606294552 342.00500000000005 26.885045155687585 0.94909129669788206 40.73536975413203 358.76500000000004 237.45500000000001 350.82000000000005 -0.66528616069191593 410.79000000000002 7.5000000000000009 -0.16799793862756093 360.64500000000004 4.5000000000000009 339.44500000000011 1.4000000000000006 334.00500000000005 30.043392036228472 21.652083333333334 1.0000000180025095e-35 300.72500000000008 39.724853079941902
decision_type=2 2 2 2 2 2 2 2 2 2 2 2 2 2 2 2 2 2 2 2 2 2 2 2 2 2 2 2 2 2
left_child=-1 -2 3 8 -5 6 -6 17 9 -3 -11 12 29 14 -10 -16 -17 18 -8 20 21 -19 23 -22 -25 -26 -23 28 -21 -12
right_child=1 2 -4 4 5 -7 7 -9 13 10 11 -13 -14 -15 15 16 -18 19 -20 27 22 26 -24 24 25 -27 -28 -29 -30 -31
leaf_value=-0.21909646697160678 0.071944942849222579 0.09705223576010788 0.125327797813548 -0.21731581778519532 -0.24005248641112337 0.03309407721101424 0.081059031622714717 -0.24122900347346846 0.10739641080014038 0.20873866917777667 0.0076836339840359001 -0.23344259445708412 -0.16272282732965113 0.013368587387789203 -0.030755010972334958 -0.59562337003475008 -0.040350727102792777 -0.63617794781923298 -0.052991219247154386 0.21762267239391805 -0.024508173713386754 0.089135411723206437 0.034147385514100619 -0.39469296626214473 0.04987861290157064 -0.26305168971027199 -0.23837306048980977 -0.022575417047463894 0.019279322038743309 0.22352734362440452
leaf_weight=41 240 571 72 66 54 952 477 46 138 79 547 67 77 2578 1014 43 152 45 307 76 429 48 356 42 67 76 43 1377 220 42
leaf_count=41 240 571 72 66 54 952 477 46 138 79 547 67 77 2578 1014 43 152 45 307 76 429 48 356 42 67 76 43 1377 220 42
internal_value=2.09822e-12 0.000872047 -0.000823361 -0.00173265 -0.0130292 -0.0101076 -0.0213356 -0.018063 0.0082295 0.0414519 0.00235362 -0.0198898 0.00159375 -0.00347663 -0.0357164 -0.0520519 -0.162795 -0.0151819 0.0285674 -0.0275242 -0.0598411 -0.254408 -0.0325615 -0.0712397 -0.179606 -0.116434 -0.0656213 -0.00615994 0.0702053 0.0230749
internal_weight=10342 10301 10061 9989 4681 4615 3663 3609 5308 1383 812 733 666 3925 1347 1209 195 3563 784 2779 1106 136 970 614 185 143 91 1673 296 589
internal_count=10342 10301 10061 9989 4681 4615 3663 3609 5308 1383 812 733 666 3925 1347 1209 195 3563 784 2779 1106 136 970 614 185 143 91 1673 296 589
is_linear=0
shrinkage=0.05


Tree=123
num_leaves=31
num_cat=0
split_feature=13 11 11 19 0 6 23 26 26 6 13 4 18 16 26 25 26 12 22 13 16 25 26 19 7 16 17 25 14 24
split_gain=784.34 933.319 893.515 507.971 693.797 684.657 460.559 3016.47 1271.92 974.456 825.565 1439.14 790.397 746.203 739.783 674.95 574.971 1058.74 1140.44 1913.78 1566.63 1232.49 952.668 727.034 602.684 750.955 601.182 628.381 597.667 556.68
threshold=10.18733216452757 300.34000000000009 320.03500000000003 448.25000000000006 9.5000000000000018 0.31799963745711152 32.677083333333336 31.939583333333335 31.116666666666671 -0.94705910369513524 11.555722190545973 0.25881904510252091 315.11000000000007 376.73565476190481 30.689583333333335 3.3000000000000003 22.487500000000001 388.36770833333338 26.400000000000002 39.181947627355726 369.22538690476193 1.6999999999999977 22.243750000000002 400.11000000000007 -0.43733099657705293 359.081755952381 42.466582874160316 1.0000000180025095e-35 255.01500000000001 27.199702380952385
decision_type=2 2 2 2 2 2 2 2 2 2 2 2 2 2 2 2 2 2 2 2 2 2 2 2 2 2 2 2 2 2
left_child=2 -2 -1 4 -4 -6 7 8 14 -8 11 -11 -9 15 16 -12 22 18 19 23 24 29 28 -18 -21 -26 27 -25 -3 -20
right_child=1 6 3 -5 5 -7 9 12 -10 10 13 -13 -14 -15 -16 -17 17 -19 21 20 -22 -23 -24 26 25 -27 -28 -29 -30 -31
leaf_value=0.30064748900011184 -0.17924562378509626 0.060602686466325884 -0.0554889030348171 -0.06589313082060673 0.071964897416514365 0.32180437473552526 0.20257799773373539 -0.46861585682723672 0.19545966582372787 0.035983249199177537 0.025602810666802173 -0.35669220780953764 -0.15429172996897253 -0.096299045554672683 -0.17980684525022905 0.18269324541712803 0.33111137216910724 0.23764120459246141 -0.29230079748978216 -0.14106391161680221 -0.27898865353505492 0.042004946051165462 -0.25153983406722547 0.19465690317505505 0.22868531206250192 -0.033683789620796843 -0.076292038168758167 0.039415710119699895 -0.0099474841505208262 -0.076917336632808059
leaf_weight=40 74 314 55 72 79 42 72 40 80 56 1359 40 40 120 60 72 40 60 60 40 59 120 40 160 50 60 40 110 6828 60
leaf_count=40 74 314 55 72 79 42 72 40 80 56 1359 40 40 120 60 72 40 60 60 40 59 120 40 160 50 60 40 110 6828 60
internal_value=-1.20563e-10 -0.00233049 0.0813566 0.0459872 0.0917564 0.158686 -0.00101869 -0.00591838 -0.00293063 0.0225278 0.0146567 -0.127632 -0.311454 0.0234637 -0.0048898 0.0335067 -0.00358461 0.0350756 0.0198642 0.0590053 -0.060716 -0.0713021 -0.00820855 0.130496 0.0251379 0.0855749 0.10461 0.13141 -0.00684573 -0.184609
internal_weight=10342 10054 288 248 176 121 9980 8261 8181 1719 1647 96 80 1551 8101 1431 8041 859 799 559 209 240 7182 350 150 110 310 270 7142 120
internal_count=10342 10054 288 248 176 121 9980 8261 8181 1719 1647 96 80 1551 8101 1431 8041 859 799 559 209 240 7182 350 150 110 310 270 7142 120
is_linear=0
shrinkage=0.05


Tree=124
num_leaves=31
num_cat=0
split_feature=18 0 11 23 5 26 22 5 15 11 10 9 24 15 11 22 2 27 12 12 14 10 16 11 10 7 10 11 15 14
split_gain=775.699 1754.15 1306.7 883.286 516.481 618.066 914.375 708.401 803.842 1070.09 1256.89 1041.71 832.872 804.145 683.843 662.793 627.627 1121.97 690.276 581.763 639.292 826.771 721.559 664.75 646.782 707.891 565.193 564.557 503.166 493.269
threshold=77.640000000000015 5.5000000000000009 300.34000000000009 27.320833333333336 -0.70710678118654757 16.062500000000004 15.850000000000003 1.0000000180025095e-35 410.45000000000005 367.99000000000007 337.30500000000006 310.25500000000005 33.68571428571429 414.34000000000009 361.15500000000003 24.700000000000003 4.5000000000000009 -18.857703167406147 360.98520833333339 344.15020833333341 302.34500000000008 305.21500000000009 344.77922619047627 308.45500000000004 325.97500000000008 0.69521084835931835 398.28000000000003 324.41500000000002 455.73500000000007 303.91500000000002
decision_type=2 2 2 2 2 2 2 2 2 2 2 2 2 2 2 2 2 2 2 2 2 2 2 2 2 2 2 2 2 2
left_child=1 -1 -2 -3 28 7 -7 -6 9 11 -11 12 19 -10 -8 -12 18 -18 -15 20 21 -9 -23 -22 25 -25 -16 -21 -4 -20
right_child=2 3 4 -5 5 6 14 8 13 10 15 -13 -14 16 26 -17 17 -19 29 27 23 22 -24 24 -26 -27 -28 -29 -30 -31
leaf_value=-0.390965226510676 0.20561752599210312 0.1384155121355973 0.01680340686805817 -0.12909622447817432 0.027532025310881416 -0.26735693107951775 -0.20433460617607291 -0.1233933014014075 -0.14482593308040104 -0.35827336989808828 -0.18378197634592652 0.04195167809520145 0.18116380336672763 0.15574595362568897 0.0098601867252534336 0.064558320800247412 -0.26746612620737514 -0.043401926909675724 -0.14486646589583771 -0.30172851967239162 -0.23761534689065933 0.19391955814488671 -0.0076222398268279215 0.1044390287049996 -0.17223045596669259 -0.083751589633714138 -0.076507789612920998 -0.039338599910914179 0.19131457074767066 -0.011555944553704381
leaf_weight=41 78 54 2497 72 1632 44 55 62 143 40 44 1554 43 60 511 69 66 364 72 41 52 85 93 93 71 108 301 41 42 1914
leaf_count=41 78 54 2497 72 1632 44 55 62 143 40 44 1554 43 60 511 69 66 364 72 41 52 85 93 93 71 108 301 41 42 1914
internal_value=-2.56227e-10 -0.106887 0.00175431 -0.0144483 0.000179449 -0.00637489 -0.0449971 -0.00108154 -0.0103931 0.0105357 -0.117404 0.0192628 -0.0319107 -0.0295399 -0.0337124 -0.0321406 -0.0228816 -0.0777932 -0.011341 -0.0460937 -0.0280014 0.0338496 0.0886196 -0.073817 -0.0425026 0.00332168 -0.0221555 -0.170534 0.0196902 -0.016389
internal_weight=10342 167 10175 126 10097 7558 911 6647 5015 2396 153 2243 689 2619 867 113 2476 430 2046 646 564 240 178 324 272 201 812 82 2539 1986
internal_count=10342 167 10175 126 10097 7558 911 6647 5015 2396 153 2243 689 2619 867 113 2476 430 2046 646 564 240 178 324 272 201 812 82 2539 1986
is_linear=0
shrinkage=0.05


Tree=125
num_leaves=31
num_cat=0
split_feature=11 24 17 6 17 17 17 6 6 6 17 6 0 15 19 12 26 9 7 16 14 25 18 11 24 12 12 24 13 9
split_gain=730.598 453.887 429.791 1201.99 506.776 802.669 486.188 916.473 1034.1 806.743 790.475 757.52 1094.23 724.823 1215.79 956.136 714.328 705.654 1657.72 1107.55 775.474 675.09 681.319 660.335 656.522 620.331 1155.18 750.399 675.06 615.415
threshold=251.51500000000001 10.784523809523812 46.354287850065255 0.58481550752069722 45.81161926007686 45.159045628601568 38.510675973285949 0.96465729447553372 0.99552231814189451 0.80926549319045582 37.40346900133391 0.048362692321690152 8.5000000000000018 427.86000000000007 426.22500000000008 376.86250000000007 20.039583333333336 340.68000000000006 -0.97874870457683594 374.69892857142861 330.74500000000006 -4.4499999999999984 168.59000000000003 338.40500000000003 14.544047619047623 334.87375000000009 340.16000000000008 12.134226190476193 13.873794982644283 351.75500000000005
decision_type=2 2 2 2 2 2 2 2 2 2 2 2 2 2 2 2 2 2 2 2 2 2 2 2 2 2 2 2 2 2
left_child=-1 -2 4 -4 5 6 7 9 23 11 13 29 -13 14 -11 -15 -12 18 -14 24 25 -8 -23 -9 -19 27 -27 -20 -29 -3
right_child=1 2 3 -5 -6 -7 21 8 -10 10 16 12 17 15 -16 -17 -18 19 20 -21 -22 22 -24 -25 -26 26 -28 28 -30 -31
leaf_value=-0.2106467142337706 0.068793062769109389 -0.023462874540606363 -0.30094523215016655 0.063041592575609692 0.1323761973814625 -0.20472469270850222 0.13400327906322976 -0.0086050808207312635 -0.013176938126288765 0.015733251532739297 -0.091455776375973075 -0.026476095870259137 0.35973246991634372 0.19911299159543383 -0.11458197426824167 -0.018665286985092931 -0.32291756985243414 -0.13023133668634626 0.2869228083359 -0.1705889545919167 0.16248172573469305 0.052104673586591627 -0.0035998878110496501 0.17322457438828995 0.085223371497157863 -0.23440302759408951 0.027236187954191811 -0.0048891188645804372 0.18220209444314242 0.12448247743240144
leaf_weight=41 240 2963 43 48 72 48 120 67 264 336 200 867 45 72 383 168 40 45 45 90 135 777 1870 196 165 45 675 135 75 72
leaf_count=41 240 2963 43 48 72 48 120 67 264 336 200 867 45 72 383 168 40 45 45 90 135 777 1870 196 165 45 675 135 75 72
internal_value=2.20008e-11 0.000838415 -0.000782608 -0.108952 0.000204697 -0.000756745 0.000237211 -0.00670583 0.0567301 -0.0118051 -0.0488791 -0.00350722 0.0179886 -0.0285695 -0.0536836 0.0466682 -0.130033 0.0444841 0.0622302 -0.0238385 0.0501693 0.0180101 0.0127516 0.126903 0.0390545 0.0346184 0.0108837 0.101634 0.0619292 -0.0199531
internal_weight=10342 10301 10061 91 9970 9898 9850 7083 527 6556 1199 5357 2322 959 719 240 240 1455 1155 300 1110 2767 2647 263 210 975 720 255 210 3035
internal_count=10342 10301 10061 91 9970 9898 9850 7083 527 6556 1199 5357 2322 959 719 240 240 1455 1155 300 1110 2767 2647 263 210 975 720 255 210 3035
is_linear=0
shrinkage=0.05


Tree=126
num_leaves=31
num_cat=0
split_feature=18 6 11 0 27 15 12 9 25 13 19 13 11 11 12 10 26 10 24 25 24 13 19 10 6 14 7 2 14 13
split_gain=732.008 1740.23 1236.31 495.556 580.266 726.359 654.116 1152.97 705.191 1598.89 1283.34 963.561 1349.59 1251.28 1218.82 935.906 717.378 803.409 669.19 710.649 702.055 611.596 805.673 663.779 629.744 611.01 832.371 681.869 564.856 848.718
threshold=77.640000000000015 0.63920241694561786 300.34000000000009 22.500000000000004 3.6326085679708375e-15 456.68500000000006 390.10937500000006 345.01000000000005 1.7000000000000022 11.555722190545973 433.71000000000009 14.654842499119573 349.76500000000004 336.68500000000006 349.169375 325.97500000000008 36.110416666666673 421.88500000000005 11.60059523809524 -0.60000000000000042 11.825892857142859 34.945775785253275 464.83000000000004 352.71500000000009 0.46800856592688472 333.05500000000001 -0.9292178835113839 2.5000000000000004 237.45500000000001 43.388145002387454
decision_type=2 2 2 2 2 2 2 2 2 2 2 2 2 2 2 2 2 2 2 2 2 2 2 2 2 2 2 2 2 2
left_child=1 -1 -2 4 28 6 7 8 16 10 -10 12 15 -13 -15 -11 17 18 19 -6 -20 23 -23 -16 -25 -22 27 -27 -4 -30
right_child=2 -3 3 -5 5 -7 -8 -9 9 11 -12 13 -14 14 21 -17 -18 -19 20 -21 25 22 -24 24 -26 26 -28 -29 29 -31
leaf_value=-0.3617358304243139 0.20000087976073611 -0.0028208435016373792 0.096733799027279022 -0.053330744739330138 -0.28673912922783601 0.15338933651905451 -0.16411136861358372 0.09801380298315332 -0.44666183580729096 0.15025509203526569 -0.064779134416444742 0.030755270397774478 0.31655157856981864 -0.29260708152933018 0.032668786894443427 -0.15233996315094245 0.15373280325638397 -0.16554597284456221 0.19900445497848773 -0.037274698589116022 0.0056394226306695529 0.015029873771045619 -0.22572006485992815 -0.11085711947745747 -0.32810768209538371 0.20837925435930849 -0.11821582710297217 -0.067485735099762675 0.01462212594731005 -0.11077430892816123
leaf_weight=47 78 120 200 415 41 67 70 234 44 47 44 281 44 71 43 56 70 79 44 94 2666 228 41 90 53 42 229 48 4617 139
leaf_count=47 78 120 200 415 41 67 70 234 44 47 44 281 44 71 43 56 70 79 44 94 2666 228 41 90 53 42 229 48 4617 139
internal_value=-6.73293e-11 -0.103833 0.00170419 0.00017233 0.00246563 -0.0100692 -0.0124199 -0.010106 -0.0159154 -0.0517916 -0.25572 -0.0329806 0.0847566 -0.0544271 -0.0999333 -0.0142626 -0.00463172 -0.00805001 -0.00411759 -0.113038 0.000736905 -0.0698677 -0.0216644 -0.139581 -0.191377 -0.00218563 -0.0675825 0.0612513 0.0144188 0.0109573
internal_weight=10342 167 10175 10097 9682 4726 4659 4589 4355 1042 88 954 147 807 526 103 3313 3243 3164 135 3029 455 269 186 143 2985 319 90 4956 4756
internal_count=10342 167 10175 10097 9682 4726 4659 4589 4355 1042 88 954 147 807 526 103 3313 3243 3164 135 3029 455 269 186 143 2985 319 90 4956 4756
is_linear=0
shrinkage=0.05


Tree=127
num_leaves=31
num_cat=0
split_feature=11 5 26 22 11 19 2 6 27 6 6 11 22 10 23 11 5 12 12 2 13 0 14 11 0 15 6 25 9 2
split_gain=711.066 420.952 569.827 894.253 584.723 578.432 533.632 464.14 598.567 549.456 851.521 492.368 739.851 585.601 564.874 452.762 451.77 669.617 2600.74 759.216 1199.04 1885.55 664.407 840.186 623.421 1052.53 659.767 601.378 510.451 1126.96
threshold=251.51500000000001 -0.70710678118654757 16.370833333333337 15.850000000000003 356.00000000000006 448.46000000000009 3.5000000000000004 0.96465729447553372 -16.097369540270794 0.78325454425165997 0.67167992559793654 313.24500000000006 26.950000000000003 325.97500000000008 22.052083333333332 391.16000000000003 1.0000000180025095e-35 343.02125000000007 344.36812500000002 4.5000000000000009 33.564592187906605 20.500000000000004 305.81000000000006 349.76500000000004 21.500000000000004 400.11000000000007 0.56369777965491019 1.7000000000000022 323.36500000000007 5.5000000000000009
decision_type=2 2 2 2 2 2 2 2 2 2 2 2 2 2 2 2 2 2 2 2 2 2 2 2 2 2 2 2 2 2
left_child=-1 -2 5 -4 -5 7 -6 9 -9 10 16 -11 13 -13 -15 -7 28 22 -19 24 -21 -22 27 -24 26 -26 -20 -18 -3 -30
right_child=1 2 3 4 6 15 -8 8 -10 11 -12 12 -14 14 -16 -17 17 18 19 20 21 -23 23 -25 25 -27 -28 -29 29 -31
leaf_value=-0.20781195018349627 0.018298903114866202 0.0039288907262310943 -0.27311551247723403 -0.21819541964679959 -0.0017435057801996384 -0.047512568237628054 -0.098624015297709824 0.18215384428622203 0.025467475994810231 -0.20015008628723169 0.082374534678990557 0.061320803157952776 -0.19918038639190949 -0.066517326224595316 0.038918143422947936 0.084008900144360438 -0.03812224313899476 -0.32266827590655595 0.029487487276606179 -0.0057273490821422007 -0.07160212621244974 -0.42527899807691577 0.115128194472728 -0.10604753357172013 -0.28704309202730655 -0.021193713541258097 -0.088642401890112799 0.091767749760173656 0.11425499293213111 -0.096709035212794947
leaf_weight=41 2583 672 40 40 662 835 181 80 256 42 367 201 57 450 177 71 364 69 1302 347 153 50 304 50 44 242 130 118 336 78
leaf_count=41 2583 672 40 40 662 835 181 80 256 42 367 201 57 450 177 71 364 69 1302 347 153 50 304 50 44 242 130 118 336 78
internal_value=2.62285e-11 0.000827132 -0.00502018 -0.0418825 -0.0314077 -1.29789e-05 -0.0225447 0.00570898 0.0627738 0.00225611 0.00929671 -0.0328785 -0.0249402 -0.0129454 -0.0367532 -0.0372057 0.00299956 -0.00652741 -0.0202654 -0.0110653 -0.0621936 -0.158715 0.0318764 0.0838887 0.00530292 -0.0620936 0.0187634 -0.00632345 0.0308348 0.0745081
internal_weight=10342 10301 7718 923 883 6795 843 5889 336 5553 4626 927 885 828 627 906 4259 3173 2337 2268 550 203 836 354 1718 286 1432 482 1086 414
internal_count=10342 10301 7718 923 883 6795 843 5889 336 5553 4626 927 885 828 627 906 4259 3173 2337 2268 550 203 836 354 1718 286 1432 482 1086 414
is_linear=0
shrinkage=0.05


Tree=128
num_leaves=31
num_cat=0
split_feature=13 13 5 15 16 11 11 25 17 26 9 23 11 11 9 17 27 17 9 17 25 9 6 15 6 25 25 23 12 24
split_gain=702.019 1005.31 2090.35 880.138 666.125 4860.51 3399.19 1091.1 922.508 711.842 626.258 1374.82 2514.28 2125.74 2114.76 864.836 552.122 1049.17 531.577 461.826 817.735 772.011 1557.14 1671.41 835.771 815.551 1546.26 924.493 1004.87 953.69
threshold=10.322301615318512 10.607254350858371 0.1294095225512602 361.99500000000006 344.77922619047627 303.74500000000006 300.34000000000009 3.8999999999999999 45.001873527224213 27.720833333333335 308.23000000000008 21.652083333333334 339.99000000000007 324.00500000000005 305.03000000000003 37.160464519201035 -6.2907299695028476 36.953961585822704 308.43500000000006 38.679849237916891 -4.4499999999999984 325.69000000000005 -0.90893996196865023 360.44000000000005 -0.83377653105606597 1.6999999999999977 1.4000000000000006 12.756250000000003 358.96145833333338 13.374107142857145
decision_type=2 2 2 2 2 2 2 2 2 2 2 2 2 2 2 2 2 2 2 2 2 2 2 2 2 2 2 2 2 2
left_child=3 2 -2 16 5 -3 -6 9 10 -7 11 13 -13 14 -8 -15 17 -1 -12 21 -21 25 -23 -24 -25 26 27 28 -20 -29
right_child=1 4 -4 -5 6 7 8 -9 -10 -11 18 12 -14 15 -16 -17 -18 -19 19 20 -22 22 23 24 -26 -27 -28 29 -30 -31
leaf_value=0.2726273405911594 0.049015684038973772 0.53596130546344367 -0.42218492701649668 0.26931077300881351 -0.41732005411386491 0.031322241766676959 -0.033565832778306985 -0.22052030290166535 -0.22472321202463294 -0.11406730289053586 0.16689326409832575 0.013436848365047292 -0.40772671479293532 0.21033870182221845 -0.45549312601255815 0.014422937187404311 -0.01798416812738254 -0.03078822686469981 -0.35907943663389785 0.162430070740326 0.013090730912838903 0.18359351312741637 -0.2926135742008531 -0.20264690708524236 0.0074811809286525954 0.017484492903518761 -0.33113320886041042 0.14649970072011154 -0.05990705150696967 -0.040761936776374144
leaf_weight=58 52 46 43 48 50 1304 96 48 47 90 48 74 68 84 43 171 174 56 46 96 2030 120 48 48 3348 593 48 72 72 1221
leaf_count=58 52 46 43 48 50 1304 96 48 47 90 48 74 68 84 43 171 174 56 46 96 2030 120 48 48 3348 593 48 72 72 1221
internal_value=-9.30733e-11 -0.00238716 -0.164265 0.071089 -0.000835514 0.030005 -0.00628377 0.0138649 -0.00382923 0.0219355 -0.00258229 -0.0548598 -0.188247 -0.00678617 -0.16409 0.0789599 0.0380521 0.123581 0.00101472 -1.37193e-05 0.0198342 -0.00752737 0.0065392 0.000370061 0.00451117 -0.0319588 -0.0520546 -0.0425608 -0.176534 -0.0303344
internal_weight=10342 10006 95 336 9911 1488 8423 1442 8373 1394 8326 536 142 394 139 255 288 114 7790 7742 2126 5616 3564 3444 3396 2052 1459 1411 118 1293
internal_count=10342 10006 95 336 9911 1488 8423 1442 8373 1394 8326 536 142 394 139 255 288 114 7790 7742 2126 5616 3564 3444 3396 2052 1459 1411 118 1293
is_linear=0
shrinkage=0.05


Tree=129
num_leaves=31
num_cat=0
split_feature=11 11 17 6 17 17 5 10 6 7 24 6 14 13 17 10 9 16 13 17 10 23 13 13 14 27 25 10 11 17
split_gain=665.211 445.807 399.964 1055.69 433.827 697.052 402.935 1101.4 693.457 1803.08 1197.55 1061.24 1204.18 954.553 878.802 684.257 673.023 610.395 593.939 965.958 1876.85 2297.32 866.469 910.707 765.397 980.434 758.028 896.173 720.931 815.335
threshold=251.51500000000001 300.34000000000009 46.354287850065255 0.58481550752069722 45.81161926007686 45.159045628601568 0.60355339059327384 316.14000000000004 -0.94705910369513524 0.19969739736768838 27.858333333333334 -0.90163369914317015 305.60000000000008 38.136688890352595 42.083480930672401 386.01500000000004 325.89500000000004 368.05976190476196 35.966705933943722 37.300787137782258 422.73000000000008 17.518750000000004 40.592540559425068 43.152410958898081 329.02000000000004 19.508056890531027 2.199999999999998 403.05000000000007 341.00500000000005 26.885045155687585
decision_type=2 2 2 2 2 2 2 2 2 2 2 2 2 2 2 2 2 2 2 2 2 2 2 2 2 2 2 2 2 2
left_child=-1 -2 4 -4 5 6 7 -3 9 10 -9 12 -10 -11 18 -16 -14 -12 28 24 26 -22 -23 -24 -20 -26 -21 -28 -13 -30
right_child=1 2 3 -5 -6 -7 -8 8 11 13 17 14 16 -15 15 -17 -18 -19 19 20 21 22 23 -25 25 -27 27 -29 29 -31
leaf_value=-0.20099965363014036 0.16534535899394898 0.16593738632207666 -0.28414525986584122 0.056971886443595091 0.12337421602052119 -0.18988043814645911 -0.014645850073274166 -0.080054155180194222 -0.35126165087993555 0.39375082733584388 0.20786637121482807 0.028466292446593572 0.019648442594256223 0.10759413237409557 0.031833559738695567 0.24722002928610892 -0.17753841242314702 0.039128190399747596 0.032388209371782641 0.046814226077936942 -0.48838740343227988 -0.20493659644853324 0.19194261930558995 -0.1226839939861194 0.17483447634376759 -0.094753250349313034 -0.11904592457534065 0.11261958870371538 0.036323543278335674 -0.033812436713003782
leaf_weight=41 41 108 43 48 72 48 2890 204 41 51 68 912 119 68 87 64 68 253 757 674 40 64 46 46 215 40 164 56 496 2518
leaf_count=41 41 108 43 48 72 48 2890 204 41 51 68 912 119 68 87 64 68 253 757 674 40 64 46 46 215 40 164 56 496 2518
internal_value=-1.0761e-10 0.000800018 0.000142478 -0.104215 0.00107635 0.000204266 0.00111222 0.00747356 0.00504638 0.0545046 0.0146729 7.50767e-05 -0.10586 0.230233 0.00398401 0.123123 -0.0520559 0.0748734 0.0009996 0.0224489 -0.0102106 -0.150334 -0.0636541 0.0346293 0.0576256 0.132546 0.02051 -0.0600765 -0.0104845 -0.0222705
internal_weight=10342 10301 10260 91 10169 10097 10049 7159 7051 644 525 6407 228 119 6179 151 187 321 6028 2102 1090 196 156 92 1012 255 894 220 3926 3014
internal_count=10342 10301 10260 91 10169 10097 10049 7159 7051 644 525 6407 228 119 6179 151 187 321 6028 2102 1090 196 156 92 1012 255 894 220 3926 3014
is_linear=0
shrinkage=0.05


Tree=130
num_leaves=31
num_cat=0
split_feature=13 13 5 11 16 11 11 25 17 26 9 23 11 11 2 17 9 17 5 14 10 17 9 9 22 14 18 16 15 11
split_gain=666.305 897.09 1884.18 850.071 598.331 4437.75 3110.63 981.665 797.606 621.521 560.013 1204.8 2210.89 1924.11 1916.07 783.703 480.911 402.017 757.936 724.524 710.272 2594.19 745.708 707.497 1436.44 861.616 846.164 1104.63 769.232 812.415
threshold=10.322301615318512 10.607254350858371 0.1294095225512602 320.03500000000003 344.77922619047627 303.74500000000006 300.34000000000009 3.8999999999999999 45.001873527224213 27.720833333333335 308.23000000000008 21.652083333333334 339.99000000000007 324.00500000000005 4.5000000000000009 37.160464519201035 308.43500000000006 38.679849237916891 1.0000000180025095e-35 168.59000000000003 428.59000000000003 39.803227899270858 334.60500000000008 334.13500000000005 36.400000000000013 332.62500000000006 327.22500000000008 373.57255952380962 440.49000000000007 371.64000000000004
decision_type=2 2 2 2 2 2 2 2 2 2 2 2 2 2 2 2 2 2 2 2 2 2 2 2 2 2 2 2 2 2
left_child=3 2 -2 -1 5 -3 -6 9 10 -7 11 13 -13 14 -8 -15 -12 23 20 -20 22 -22 -19 24 28 -25 27 -27 29 -18
right_child=1 4 -4 -5 6 7 8 -9 -10 -11 16 12 -14 15 -16 -17 17 18 19 -21 21 -23 -24 25 -26 26 -28 -29 -30 -31
leaf_value=0.2856006691232324 0.04724719505040692 0.51182139136868976 -0.40011322196832921 0.040021560078713339 -0.39922615391016009 0.029373149329228104 -0.43398262664112591 -0.20937367289637529 -0.20907182161636811 -0.106479865639574 0.15866102826548742 0.012305877221011986 -0.38263093805461029 0.1996944166631216 -0.032364588591735813 0.013194731114247042 -0.0082993046144026091 0.052184936510986837 0.17832668694027234 -0.02047898647334493 -0.35218304688567104 0.081712835118303018 0.21889481444473136 0.044894592478897308 -0.29328310539325081 -0.01878584279623436 0.025624194884342918 -0.18007221941887919 0.068611623410712239 -0.065463486010603575
leaf_weight=40 52 46 43 296 50 1304 43 48 47 90 48 74 68 84 96 171 2189 827 48 1013 49 116 73 1148 48 404 576 144 239 868
leaf_count=40 52 46 43 296 50 1304 43 48 47 90 48 74 68 84 96 171 2189 827 48 1013 49 116 73 1148 48 404 576 144 239 868
internal_value=-7.52281e-11 -0.00232565 -0.155242 0.0692572 -0.000859893 0.0283691 -0.00602346 0.0129469 -0.00367543 0.0206022 -0.00251597 -0.0519513 -0.176819 -0.00694828 -0.156606 0.0746299 0.000885486 -9.27144e-05 0.0184254 -0.011485 0.0482235 -0.0471411 0.065707 -0.00710296 -0.0217311 0.0144272 -0.0166907 -0.0611677 -0.0177765 -0.0245304
internal_weight=10342 10006 95 336 9911 1488 8423 1442 8373 1394 8326 536 142 394 139 255 7790 7742 2126 1061 1065 165 900 5616 3344 2272 1124 548 3296 3057
internal_count=10342 10006 95 336 9911 1488 8423 1442 8373 1394 8326 536 142 394 139 255 7790 7742 2126 1061 1065 165 900 5616 3344 2272 1124 548 3296 3057
is_linear=0
shrinkage=0.05


Tree=131
num_leaves=31
num_cat=0
split_feature=18 0 11 23 5 15 10 17 12 15 12 14 22 9 24 2 23 17 10 7 15 24 23 24 17 14 9 2 25 7
split_gain=659.268 1561.71 1306.04 831.836 428.691 849.979 741.416 636.298 519.856 538.532 892.086 994.462 586.662 622.596 832.091 1758.32 1230.5 701.419 1594.7 3729.15 854.744 841.865 1578.37 921.551 890.472 786.95 747.648 763.509 1088.91 865.651
threshold=77.640000000000015 5.5000000000000009 300.34000000000009 27.320833333333336 -0.5 456.68500000000006 408.90500000000003 37.300787137782258 390.01729166666672 448.46000000000009 385.71604166666674 334.57500000000005 38.050000000000004 338.81000000000006 34.260416666666671 1.0000000180025095e-35 36.614583333333336 38.510675973285949 422.73000000000008 0.65720762023595369 440.13500000000005 17.553273809523812 17.252083333333335 15.772321428571432 38.226441773464366 305.92500000000007 334.13500000000005 1.0000000180025095e-35 1.0000000180025095e-35 0.98005052076767474
decision_type=2 2 2 2 2 2 2 2 2 2 2 2 2 2 2 2 2 2 2 2 2 2 2 2 2 2 2 2 2 2
left_child=1 -1 -2 -3 5 8 -6 -8 9 10 12 -12 13 14 17 -16 -17 20 -19 -20 21 23 -23 26 25 -24 27 29 -29 -4
right_child=2 3 4 -5 6 -7 7 -9 -10 -11 11 -13 -14 -15 15 16 -18 18 19 -21 -22 22 24 -25 -26 -27 -28 28 -30 -31
leaf_value=-0.36658281196908254 0.20542941787399546 0.13702676997140603 -0.31908461152575912 -0.12257703477904823 -0.0053267273055841472 0.22345419819466772 -0.023883594168970984 -0.28871298839533049 -0.13951493146929092 -0.1521271949983202 0.048093928844679765 0.35407465308904651 -0.17879593966528773 0.074949939210858685 -0.38586326086195188 -0.092412190611082079 0.19797955107254286 0.088338071306835311 0.046289144058648812 -0.49913204842951242 0.16395588321611287 -0.27001462369743318 -0.2085442846020063 0.15916110927438631 -0.25504267525859181 0.0008514043046087081 0.21227367758750915 0.083577971752310992 -0.06466755436655755 0.0098627314157783991
leaf_weight=41 78 54 40 72 6620 48 48 43 56 48 79 40 40 368 40 152 48 645 133 41 72 72 48 112 40 688 40 256 240 40
leaf_count=41 78 54 40 72 6620 48 48 43 56 48 79 40 40 368 40 152 48 645 133 41 72 72 48 112 40 688 40 256 240 40
internal_value=3.63075e-11 -0.0985389 0.0016173 -0.0113183 4.28347e-05 0.0145471 -0.00727522 -0.149023 0.0115431 0.0141205 0.016588 0.150945 0.0114553 0.0139301 0.00563484 -0.0832424 -0.0227182 0.0142812 0.0521002 -0.0822296 -0.00451361 -0.0122102 -0.0460697 0.0272306 -0.0252913 -0.0128048 0.00324321 -0.0112728 0.0118463 -0.154611
internal_weight=10342 167 10175 126 10097 3386 6711 91 3338 3282 3234 119 3115 3075 2707 240 200 2467 819 174 1648 1576 848 728 776 736 616 576 496 80
internal_count=10342 167 10175 126 10097 3386 6711 91 3338 3282 3234 119 3115 3075 2707 240 200 2467 819 174 1648 1576 848 728 776 736 616 576 496 80
is_linear=0
shrinkage=0.05


Tree=132
num_leaves=31
num_cat=0
split_feature=11 11 17 6 16 6 23 26 26 6 7 17 13 26 6 16 12 6 6 25 25 6 15 12 17 17 0 23 9 13
split_gain=672.441 419.272 376.675 944.554 380.739 518.773 456.164 1960.66 1069.1 1032.28 798.932 1597.51 1058.37 615.072 539.97 516.882 507.032 457.016 592.63 647.331 621.187 830.003 686.919 693.639 810.719 665.712 676.155 808.087 768.25 637.817
threshold=251.51500000000001 300.34000000000009 46.354287850065255 0.58481550752069722 377.38086309523811 0.97696484778429815 32.677083333333336 31.939583333333335 31.116666666666671 0.22700754078277605 -0.99052477729077237 26.997766173024608 25.696505813483508 30.689583333333335 -0.94705910369513524 375.66815476190482 374.45562500000011 0.96465729447553372 0.78325454425165997 -4.7499999999999991 1.1000000000000008 0.099822040462190967 340.62500000000006 390.21750000000003 41.131176914083262 37.97855033243988 21.500000000000004 16.635416666666668 310.48500000000007 40.231049175865714
decision_type=2 2 2 2 2 2 2 2 2 2 2 2 2 2 2 2 2 2 2 2 2 2 2 2 2 2 2 2 2 2
left_child=-1 -2 4 -4 6 -6 7 8 13 -9 11 15 -13 17 -12 -8 -10 18 19 -3 22 25 -21 24 -24 26 27 -22 -29 -26
right_child=1 2 3 -5 5 -7 10 9 16 -11 14 12 -14 -15 -16 -17 -18 -19 -20 20 21 -23 23 -25 29 -27 -28 28 -30 -31
leaf_value=-0.20208890321778089 0.16037760620437019 0.090684754448915716 -0.27130323856375943 0.051359892139832178 -0.12217140474046272 0.01859170126418273 0.14292461469303816 -0.38568880307674408 0.070979006156946231 -0.044907978428527714 0.17749436164481774 -0.34950410039164126 -0.07170467198962191 -0.16108061763613177 0.036632615401407685 -0.034297714822201265 0.30079600967466835 0.041614731959687651 -0.030703911803975623 0.074047057583758777 -0.094836803961868998 0.058411288792329402 -0.011443389263501455 0.13649473328971201 -0.14639236025518779 0.042944114934653048 -0.20537141249182503 0.13470681134103377 -0.026409824855164091 -0.01892732294777838
leaf_weight=41 41 206 43 48 144 120 96 50 60 40 72 48 120 60 1235 72 40 599 1603 220 233 902 2989 72 213 401 56 110 226 182
leaf_count=41 41 206 43 48 144 120 96 50 60 40 72 48 120 60 1235 72 40 599 1603 220 233 902 2989 72 213 401 56 110 226 182
internal_value=4.63789e-11 0.000804354 0.000166683 -0.101107 0.00107296 -0.0581882 0.00265246 -0.00213251 0.000423632 -0.234231 0.0267142 -0.0420519 -0.151076 -0.00158928 0.0443924 0.0669722 0.162906 -0.000394885 -0.00378943 0.00363637 0.000436521 0.0234227 -0.0116193 -0.0170726 -0.02034 -0.00733729 -0.0395978 -0.0232827 0.0263367 -0.0876616
internal_weight=10342 10301 10260 91 10169 264 9905 8262 8172 90 1643 336 168 8072 1307 168 100 8012 7413 5810 5604 1928 3676 3456 3384 1026 625 569 336 395
internal_count=10342 10301 10260 91 10169 264 9905 8262 8172 90 1643 336 168 8072 1307 168 100 8012 7413 5810 5604 1928 3676 3456 3384 1026 625 569 336 395
is_linear=0
shrinkage=0.05


Tree=133
num_leaves=31
num_cat=0
split_feature=11 24 5 11 11 27 11 9 14 19 6 16 7 24 24 10 0 9 13 13 18 9 11 13 19 0 27 2 17 16
split_gain=606.878 406.87 358.129 503.53 534.012 438.084 422.496 460.529 666.654 544.956 415.087 596.919 579.272 520.884 1269.28 1215.29 843.062 901.707 712.019 776.425 839.751 730.475 1682.48 716.103 1331.99 1491.1 900.151 883.956 710.471 643.526
threshold=251.51500000000001 10.325595238095241 -0.9159756150367534 437.77500000000003 419.62500000000006 -22.750859937887107 334.29500000000007 303.99500000000006 299.94500000000005 459.22000000000008 0.98049069993378934 377.38086309523811 0.11478523713130606 34.75833333333334 34.23125000000001 337.03500000000003 7.5000000000000009 330.94500000000005 16.057754606294552 35.966705933943722 324.54000000000002 306.17000000000002 336.00500000000005 33.564592187906605 445.48000000000008 20.500000000000004 -5.5759328029274391 2.5000000000000004 45.46741229618474 334.03717261904768
decision_type=2 2 2 2 2 2 2 2 2 2 2 2 2 2 2 2 2 2 2 2 2 2 2 2 2 2 2 2 2 2
left_child=-1 -2 6 4 10 -6 -3 -8 -9 -10 11 13 -12 14 18 -16 -17 -18 29 20 21 22 -20 -23 25 27 -26 -25 -21 -4
right_child=1 2 3 -5 5 -7 7 8 9 -11 12 -13 -14 -15 15 16 17 -19 19 28 -22 23 -24 24 26 -27 -28 -29 -30 -31
leaf_value=-0.19198444064070541 0.14599634520709515 0.17702312066473747 -0.14044833452408684 0.10436159719791367 -0.19522154593357333 -0.041083607815265183 -0.14140730086973935 0.16844713168561853 0.0085669430413767601 0.19213756906489532 0.015494578630587428 -0.1094151413797943 0.15678576588144769 0.032461203452846338 -0.28820197612047194 0.14511870415231518 0.044399061806499961 -0.23898808448575437 -0.013331113840949031 0.0077656377332793241 -0.15793311135658555 0.00077699463188167484 -0.32738843821562258 -0.26546988262265336 0.21097826860219118 -0.3444870964545062 -0.044711479627161849 -0.04041717779030099 -0.19948288443542661 0.028868313952890159
leaf_weight=41 48 44 58 107 54 315 43 76 1081 42 343 134 92 916 75 43 50 64 124 2683 131 1389 65 51 61 59 79 302 42 1730
leaf_count=41 48 44 58 107 54 315 43 76 1081 42 343 134 92 916 75 43 50 64 124 2683 131 1389 65 51 61 59 79 302 42 1730
internal_value=1.30818e-10 0.000764136 8.4223e-05 -0.00345462 -0.00475669 -0.0636404 0.0247598 0.0193656 0.0251315 0.0154325 -0.00219774 -0.00476662 0.0453769 -0.0029965 -0.00763242 -0.122631 -0.0435362 -0.114695 -0.00369389 -0.0134012 -0.0350622 -0.0275053 -0.12134 -0.0183684 -0.0665439 -0.11182 0.0666962 -0.0729319 0.00457135 0.0233759
internal_weight=10342 10301 10253 8967 8860 369 1286 1242 1199 1123 8491 8056 435 7922 7006 232 157 114 6774 4986 2261 2130 189 1941 552 412 140 353 2725 1788
internal_count=10342 10301 10253 8967 8860 369 1286 1242 1199 1123 8491 8056 435 7922 7006 232 157 114 6774 4986 2261 2130 189 1941 552 412 140 353 2725 1788
is_linear=0
shrinkage=0.05


Tree=134
num_leaves=31
num_cat=0
split_feature=18 2 11 27 25 15 2 10 13 13 9 12 15 15 12 9 5 16 18 10 9 12 23 24 12 24 9 18 14 22
split_gain=602.226 1526.38 1229.59 384.007 603.546 753.376 703.205 884.234 812.076 2429.02 766.659 1349.44 756.031 1133.84 741.583 845.798 645.025 640.835 983.066 634.766 579.921 944.385 576.34 772.768 567.104 840.812 1328.24 1184.74 820.052 820.03
threshold=77.640000000000015 1.5000000000000002 300.34000000000009 2.7693637825969741 1.6499999999999988 448.25000000000006 3.5000000000000004 311.48000000000008 44.048338618741639 43.225061852357669 344.4550000000001 385.71604166666674 347.04500000000007 355.73500000000007 321.94625000000002 313.02500000000003 0.37940952255126048 343.47300595238102 229.64000000000001 322.47000000000008 304.92500000000001 342.59229166666677 11.608333333333336 12.780059523809525 383.05020833333339 27.199702380952385 329.67500000000001 306.19500000000005 321.56500000000005 24.150000000000002
decision_type=2 2 2 2 2 2 2 2 2 2 2 2 2 2 2 2 2 2 2 2 2 2 2 2 2 2 2 2 2 2
left_child=1 -1 -2 4 6 22 8 -8 9 10 11 14 -9 -14 19 17 -13 18 -16 -4 21 -5 -6 -24 25 26 27 29 -28 -17
right_child=2 -3 3 20 5 -7 7 12 -10 -11 -12 16 13 -15 15 24 -18 -19 -20 -21 -22 -23 23 -25 -26 -27 28 -29 -30 -31
leaf_value=-0.3357172716727872 0.19930298114434267 0.00042280687950551509 0.010012961450316337 -0.039514456945237468 0.20309912825172596 -0.10397477494245702 -0.20111358125923551 0.10407584814720938 0.16138188845367843 -0.33050334827572692 -0.071668518645653753 0.3021301245549694 -0.24863068901135454 -0.019346019960789052 -0.18538225855678322 0.027292239438459466 0.04618015500251204 0.16721353162789632 0.1287499009659796 -0.25411372914289437 -0.00648317421387076 -0.29548785316503862 -0.085472343795017572 0.049340460781098869 -0.094808470757089119 0.076553411133180704 0.2700964245141721 -0.13879996513319939 0.045140006038629769 -0.18392937387017391
leaf_weight=47 78 120 46 199 55 91 69 117 93 51 212 64 56 1451 40 395 40 168 66 45 4328 44 116 1271 117 442 51 221 197 52
leaf_count=47 78 120 46 199 55 91 69 117 93 51 212 64 56 1451 40 395 40 168 66 45 4328 44 116 1271 117 442 51 221 197 52
internal_value=2.51559e-11 -0.0941795 0.00154575 1.80591e-05 0.00888642 0.0355549 -0.0013522 -0.0258088 0.01665 0.0105512 0.0186188 0.028465 -0.0183605 -0.0278662 0.0185611 0.0258015 0.203688 0.106475 0.0102095 -0.120599 -0.0107031 -0.0858635 0.0443602 0.0380656 0.0108155 0.0199156 -0.00741396 -0.0440998 0.0914012 0.0027206
internal_weight=10342 167 10175 10097 5526 1533 3993 1693 2300 2207 2156 1944 1624 1507 1840 1749 104 274 106 91 4571 243 1442 1387 1475 1358 916 668 248 447
internal_count=10342 167 10175 10097 5526 1533 3993 1693 2300 2207 2156 1944 1624 1507 1840 1749 104 274 106 91 4571 243 1442 1387 1475 1358 916 668 248 447
is_linear=0
shrinkage=0.05


Tree=135
num_leaves=31
num_cat=0
split_feature=11 24 9 16 18 7 11 12 2 18 26 22 15 24 10 9 11 23 7 6 10 11 9 14 0 24 19 12 13 17
split_gain=595.338 338.158 330.383 364.071 889.486 864.896 741.401 727.792 647.847 730.23 741.694 796.441 626.411 642.823 769.84 1233.88 980.356 805.183 606.595 789.134 1320.36 2396.84 1165.73 1132.97 929.709 790.171 684.492 849.408 598.884 572.344
threshold=251.51500000000001 10.325595238095241 352.89500000000004 373.54505952380958 322.94000000000005 -0.99761278905001471 440.99000000000007 390.21750000000003 1.5000000000000002 329.07000000000005 19.229166666666668 28.050000000000004 445.35000000000008 27.199702380952385 316.69000000000005 307.05500000000001 405.66000000000003 27.012500000000006 0.5403928698825039 0.67167992559793654 422.73000000000008 414.39000000000004 320.47000000000008 316.45000000000005 9.5000000000000018 16.268750000000001 410.79000000000002 326.268125 40.66962075812399 34.423651661783644
decision_type=2 2 2 2 2 2 2 2 2 2 2 2 2 2 2 2 2 2 2 2 2 2 2 2 2 2 2 2 2 2
left_child=-1 -2 3 4 5 -3 8 12 -5 10 -10 -12 13 18 -15 -16 17 -17 26 20 22 -22 23 -20 -21 -26 27 -7 -24 -6
right_child=1 2 -4 6 29 7 -8 -9 9 -11 11 -13 -14 14 15 16 -18 -19 19 24 21 -23 28 -25 25 -27 -28 -29 -30 -31
leaf_value=-0.19015047143145306 0.13315893079464633 -0.21220686949479084 0.10686592020016786 0.037563381927595896 0.023369378166160349 -0.1799959541060204 0.17999642094553903 0.15892390046889585 -0.055712512829623556 0.0017905647456818434 -0.32289456081887091 -0.071193882727035973 -0.096294369804672902 0.12794723355502713 -0.21635586971949256 0.10310742698702963 0.10811640874996072 -0.0030332356548828112 -0.007920855531482078 -0.016995739937638459 -0.41712849994875356 0.051977318736524995 0.036368783452828242 -0.15656975028886849 -0.033987941976104462 0.15590513940990186 -0.042350139186306451 0.055162098662004215 0.16160505644202364 0.13682564115927864
leaf_weight=41 48 48 72 275 264 43 43 72 515 432 60 66 168 163 56 200 283 1676 1992 230 53 56 615 137 70 252 1748 359 113 192
leaf_count=41 48 48 72 275 264 43 43 72 515 432 60 66 168 163 56 200 283 1676 1992 230 53 56 615 137 70 252 1748 359 113 192
internal_value=-2.64217e-11 0.000756836 0.000136988 -0.000617798 0.00314349 -0.000577002 -0.0243861 0.00064895 -0.0309058 -0.0484538 -0.0823158 -0.191051 -0.000738413 0.00125679 0.0230758 0.0153584 0.0213686 0.0082824 -0.00789733 0.00488988 -0.00532613 -0.17612 0.00118998 -0.0174863 0.0597825 0.114624 -0.0288208 0.0300084 0.0558079 0.0711404
internal_weight=10342 10301 10253 10181 8790 8334 1391 8286 1348 1073 641 126 8214 8046 2378 2215 2159 1876 5668 3518 2966 109 2857 2129 552 322 2150 402 728 456
internal_count=10342 10301 10253 10181 8790 8334 1391 8286 1348 1073 641 126 8214 8046 2378 2215 2159 1876 5668 3518 2966 109 2857 2129 552 322 2150 402 728 456
is_linear=0
shrinkage=0.05


Tree=136
num_leaves=31
num_cat=0
split_feature=18 6 11 0 27 9 14 25 15 12 9 14 14 13 15 27 26 26 23 12 23 23 14 11 6 12 7 10 24 23
split_gain=574.237 1449.41 1156.93 376.698 511.975 808.112 847.688 1303.7 691.988 632.603 849.619 687.846 803.54 1072.52 2162.57 1347.11 1319.69 692.87 670.836 1943.83 921.605 1274.14 1233.14 1798.77 741.389 726 640.288 978.4 593.222 2030.09
threshold=77.640000000000015 0.63920241694561786 300.34000000000009 22.500000000000004 1.7941075607508728e-15 304.92500000000001 298.54000000000008 1.7000000000000004 456.68500000000006 390.21750000000003 345.01000000000005 310.28000000000003 229.64000000000001 13.873794982644283 348.99000000000007 6.399294968842252 12.07291666666667 36.110416666666673 35.179166666666667 355.52750000000009 23.850000000000005 24.720833333333335 312.20000000000005 347.82500000000005 -0.27694604220087021 337.5870833333334 -0.16799793862756093 358.07000000000005 22.261309523809526 22.243750000000002
decision_type=2 2 2 2 2 2 2 2 2 2 2 2 2 2 2 2 2 2 2 2 2 2 2 2 2 2 2 2 2 2
left_child=1 -1 -2 4 28 6 -6 -8 9 10 11 12 -7 14 15 -14 -17 18 20 -20 22 -22 23 -13 -21 -24 27 -27 29 -4
right_child=2 -3 3 -5 5 8 7 -9 -10 -11 -12 17 13 -15 -16 16 -18 -19 19 24 21 -23 25 -25 -26 26 -28 -29 -30 -31
leaf_value=-0.3273336593180578 0.19333463930166686 0.00022110548491279287 0.015080767608288817 -0.046620034621691848 0.07809382971110089 -0.090648632538570487 -0.075986321792406442 -0.38269288601692431 0.14939122093168811 -0.16949377794892104 0.087667138032591518 -0.067123315527497493 -0.2339316762806404 0.06257866160011763 -0.34179234129842373 0.16322774638682605 -0.16673381984233859 0.16207755891978742 -0.36223759315907955 -0.16874719046770711 0.21906022489226112 0.0020695150877249294 0.13129483997376998 -0.45882469138928822 0.021759534024030847 -0.038653503506280051 -0.027024412688764817 -0.35029523991979661 -0.0036277922294622165 0.16234517921905289
leaf_weight=47 78 120 2061 415 56 142 163 44 72 59 236 97 42 857 52 125 40 50 56 73 72 1120 67 42 170 68 1212 40 2402 264
leaf_count=47 78 120 2061 415 56 142 163 44 72 59 236 97 42 857 52 125 40 50 56 73 72 1120 67 42 170 68 1212 40 2402 264
internal_value=-9.27059e-11 -0.091965 0.0015094 2.75375e-05 0.00202699 -0.00920308 -0.0944905 -0.14118 -0.00442248 -0.00681957 -0.00471526 -0.00975624 0.0213781 0.0356323 -0.0535298 0.018884 0.0832371 -0.0225267 -0.0255861 -0.0966713 -0.0177662 0.0151763 -0.0434985 -0.185479 -0.0354709 -0.0292697 -0.0374196 -0.154076 0.0137987 0.0318024
internal_weight=10342 167 10175 10097 9682 4955 263 207 4692 4620 4561 4325 1258 1116 259 207 165 3067 3017 299 2718 1192 1526 139 243 1387 1320 108 4727 2325
internal_count=10342 167 10175 10097 9682 4955 263 207 4692 4620 4561 4325 1258 1116 259 207 165 3067 3017 299 2718 1192 1526 139 243 1387 1320 108 4727 2325
is_linear=0
shrinkage=0.05


Tree=137
num_leaves=31
num_cat=0
split_feature=11 5 24 12 13 10 14 9 6 14 11 11 5 16 19 6 27 10 17 24 0 25 5 17 12 24 24 0 10 13
split_gain=582.997 343.838 453.37 541.869 449.957 1738.21 558.35 572.007 584.871 877.955 411.417 506.062 408.743 430.572 383.795 644.072 874.223 595.613 597.572 778.095 1258.14 784.435 737.145 656.999 678.695 561.771 949.029 2759.78 847.408 686.427
threshold=251.51500000000001 -0.9159756150367534 11.78184523809524 321.94625000000002 42.554963238344357 424.31500000000005 318.13500000000005 331.24000000000007 -0.75015329512557194 321.41000000000003 437.77500000000003 419.62500000000006 -0.70710678118654757 372.2877083333334 455.73500000000007 0.94138322595482449 -17.291707078266025 428.59000000000003 37.794621976946793 11.877976190476192 17.500000000000004 1.099999999999999 -0.70710678118654757 40.673137644329906 358.96145833333338 34.75833333333334 34.23125000000001 4.5000000000000009 348.63500000000005 13.344099563256629
decision_type=2 2 2 2 2 2 2 2 2 2 2 2 2 2 2 2 2 2 2 2 2 2 2 2 2 2 2 2 2 2
left_child=-1 2 -2 -4 6 -6 -5 8 -8 -10 11 14 -13 -14 15 17 -17 18 19 20 21 -3 -20 24 -24 26 -21 -28 -29 -27
right_child=1 10 3 4 5 -7 7 -9 9 -11 -12 12 13 -15 -16 16 -18 -19 22 25 -22 -23 23 -25 -26 29 27 28 -30 -31
leaf_value=-0.18816927467904443 0.15908404410001822 -0.079033167303229374 -0.15817186772113756 0.07238144148960711 -0.3126512397340564 0.127253916288944 0.04742236772179604 0.037058191977258417 -0.31671367633555619 -0.042628624783052758 0.094749180958649828 -0.026914958689635095 -0.065704232205947247 -0.27028876346785852 -0.04215941577926003 0.18623088508406108 0.023229292075094932 -0.1593156122416258 0.10118350490007687 -0.018121453657089812 0.26344732174254731 0.15387406565880934 0.072112330247880704 -0.022291301956175121 -0.0018701491035497963 0.13484165923049052 -0.47478965308103299 0.17063924713060261 -0.10457476025487307 0.0036685676358925315
leaf_weight=41 60 102 42 500 43 47 75 387 42 96 107 259 69 41 541 102 425 60 247 3693 66 56 596 910 646 114 45 40 93 797
leaf_count=41 60 102 42 500 43 47 75 387 42 96 107 259 69 41 541 102 425 60 247 3693 66 56 596 910 646 114 45 40 93 797
internal_value=-3.02573e-11 0.000748951 0.024871 0.0183347 0.0245643 -0.082923 0.0333587 0.000839792 -0.0649655 -0.126046 -0.00271045 -0.00388189 -0.0612098 -0.141958 -0.00140281 0.00135612 0.054778 -0.00241526 -0.00114395 -0.0109766 0.0801031 0.00351623 0.0193739 0.00998408 0.0336319 -0.015243 -0.0235567 -0.136323 -0.0218036 0.0200832
internal_weight=10342 10301 1292 1232 1190 90 1100 600 213 138 9009 8902 369 110 8533 7992 527 7465 7405 5006 224 158 2399 2152 1242 4782 3871 178 133 911
internal_count=10342 10301 1292 1232 1190 90 1100 600 213 138 9009 8902 369 110 8533 7992 527 7465 7405 5006 224 158 2399 2152 1242 4782 3871 178 133 911
is_linear=0
shrinkage=0.05


Tree=138
num_leaves=31
num_cat=0
split_feature=18 0 11 23 5 26 11 15 15 11 27 19 15 9 23 5 27 12 7 2 10 11 16 6 2 27 12 14 7 23
split_gain=551.19 1390.87 1094.73 728.824 351.798 704.934 859.181 704.446 544.733 905.333 1449.56 1103 710.637 684.218 631.669 617.341 532.156 942.669 652.443 512.212 504.489 523.74 495.979 487.525 506.724 1137.58 574.687 481.314 637.914 637.902
threshold=77.640000000000015 5.5000000000000009 300.34000000000009 27.320833333333336 -0.5 9.8229166666666679 354.42500000000007 456.68500000000006 410.45000000000005 367.99000000000007 -21.321580240396759 429.40000000000003 414.34000000000009 310.25500000000005 32.216666666666676 1.0000000180025095e-35 -9.4905708601030714 344.15020833333341 -0.40613878790836594 4.5000000000000009 306.28500000000003 341.73000000000008 351.3622023809524 0.98667101781630195 4.5000000000000009 -18.857703167406147 360.98520833333339 311.54500000000002 -0.96234030595689413 13.13125
decision_type=2 2 2 2 2 2 2 2 2 2 2 2 2 2 2 2 2 2 2 2 2 2 2 2 2 2 2 2 2 2
left_child=1 -1 -2 -3 7 8 -7 -4 9 13 -11 -12 -10 14 16 22 19 18 -18 -6 -20 -22 -14 24 26 -26 -17 29 -29 -15
right_child=2 3 4 -5 5 6 -8 -9 12 10 11 -13 15 27 -16 23 17 -19 20 -21 21 -23 -24 -25 25 -27 -28 28 -30 -31
leaf_value=-0.34305826665424721 0.18807598820481547 0.13106732698032392 0.010441756776311933 -0.11193109294528969 0.14302874727398848 -0.24335842871744384 -0.039082871265218311 0.20336017031222584 -0.11280765909514281 0.040496318059211431 -0.38203399053641729 -0.079332367875255078 0.18678816307622653 -0.059312709415672529 0.17932465054094793 0.13633509732782842 -0.17240588158143288 -0.21907605921823375 -0.10170299795527871 -0.017635962443819153 0.045483748063537936 -0.13665812451806333 0.023577241547959482 0.058813763841883172 -0.2711684585316107 -0.040832300387943783 -0.020907631552345009 0.10723729622502304 0.0091583996930306687 0.10190004896397283
leaf_weight=41 78 54 3338 72 81 57 531 48 179 132 49 78 52 71 40 60 66 71 104 128 321 45 444 180 64 330 1842 194 1140 452
leaf_count=41 78 54 3338 72 81 57 531 48 179 132 49 78 52 71 40 60 66 71 104 128 321 45 444 180 64 330 1842 194 1140 452
internal_value=-4.28819e-12 -0.0901006 0.0014788 -0.00778891 3.73244e-05 -0.00659201 -0.0588851 0.0131766 -0.00157024 0.0137858 -0.0755293 -0.196123 -0.016054 0.0223124 -0.0146714 -0.0102266 -0.024181 -0.0478742 -0.0251963 0.0446312 -0.00452435 0.0230893 0.0406881 -0.020426 -0.0266381 -0.0782473 -0.0159473 0.0393604 0.0234217 0.0800146
internal_weight=10342 167 10175 126 10097 6711 588 3386 6123 2972 259 127 3151 2713 856 2972 816 607 536 209 470 366 496 2476 2296 394 1902 1857 1334 523
internal_count=10342 167 10175 126 10097 6711 588 3386 6123 2972 259 127 3151 2713 856 2972 816 607 536 209 470 366 496 2476 2296 394 1902 1857 1334 523
is_linear=0
shrinkage=0.05


Tree=139
num_leaves=31
num_cat=0
split_feature=11 18 24 24 12 10 11 23 27 24 7 23 10 24 26 25 17 12 24 25 11 10 0 12 15 6 6 16 24 26
split_gain=567.025 300.272 362.528 2057.85 1562.61 805.704 1014.99 761.61 725.641 597.728 475.96 454.982 877.988 623.584 510.629 771.54 490.65 677.789 591.247 534.583 439.277 487.337 828.675 1388.99 688.085 494.745 1742.98 926.656 1029.89 658.612
threshold=251.51500000000001 331.96000000000009 34.75833333333334 34.23125000000001 343.80437500000005 398.28000000000003 339.07500000000005 32.677083333333336 28.491226925625657 34.422023809523814 -0.71502926860092908 32.383333333333347 353.62500000000006 27.199702380952385 28.168750000000006 1.4000000000000006 42.909453217727851 390.21750000000003 28.144047619047623 0.60000000000000064 302.34500000000008 308.37500000000006 1.5000000000000002 333.07625000000002 340.62500000000006 -0.55657520495441892 -0.58482361983252518 356.42351190476199 25.566369047619052 24.327083333333338
decision_type=2 2 2 2 2 2 2 2 2 2 2 2 2 2 2 2 2 2 2 2 2 2 2 2 2 2 2 2 2 2
left_child=-1 2 3 7 -5 6 -6 8 11 -8 -10 13 -13 14 20 -16 17 18 19 -15 -2 22 23 -22 -23 26 27 -26 -29 -27
right_child=1 -3 -4 4 5 -7 9 -9 10 -11 -12 12 -14 16 15 -17 -18 -19 -20 -21 21 24 -24 -25 25 29 -28 28 -30 -31
leaf_value=-0.18557373372519889 0.11601640847451114 -0.087276817640910553 0.029073623941043642 -0.39405582572023073 -0.24061281094732495 -0.26906970451059553 0.1852993331849575 0.060946689121834152 -0.2596691899546763 -0.036965839846023162 -0.053031906674498287 0.054899150051642212 -0.23533663019015078 0.10320250637970874 -0.28507027051411571 0.025481683973921466 -0.055165995187223794 0.24006356549050129 0.006724864230784295 -0.029945653348520243 -0.40845764886315278 0.094500541806753199 -0.010962142000901081 0.0006540228390977497 0.036482198542250058 -0.0017796986336623512 -0.33980302662467182 -0.24632485148678018 -0.036965126443222217 0.10122890245402233
leaf_weight=41 77 96 1072 48 46 46 43 526 41 102 87 48 57 398 40 40 143 42 715 93 41 182 183 42 350 5146 46 72 319 160
leaf_count=41 77 96 1072 48 46 46 43 526 41 102 87 48 57 398 40 40 143 42 715 93 41 182 183 42 350 5146 46 72 319 160
internal_value=-3.3466e-11 0.00073862 0.00156659 -0.00166209 -0.133904 -0.0812154 -0.035973 0.00259752 -0.00109049 0.0289473 -0.11922 0.000754838 -0.102657 0.00209719 -0.00422928 -0.129794 0.0325606 0.0426127 0.0357363 0.077983 -0.00271141 -0.00410907 -0.0703961 -0.201437 -0.00129913 -0.0041607 -0.0411556 -0.0226161 -0.0755173 0.00132648
internal_weight=10342 10301 10205 9133 285 237 191 8848 8322 145 128 8194 105 8089 6698 80 1391 1248 1206 491 6618 6541 266 83 6275 6093 787 741 391 5306
internal_count=10342 10301 10205 9133 285 237 191 8848 8322 145 128 8194 105 8089 6698 80 1391 1248 1206 491 6618 6541 266 83 6275 6093 787 741 391 5306
is_linear=0
shrinkage=0.05


Tree=140
num_leaves=31
num_cat=0
split_feature=13 11 15 0 24 11 24 10 9 16 16 6 5 11 13 16 2 16 25 26 2 19 11 12 15 10 9 13 25 18
split_gain=527.633 990.793 772.057 412.95 861.926 406.017 309.546 893.948 761.235 648.54 2468.09 894.869 1797.15 641.77 1249.57 764.484 719.492 621.811 531.054 511.472 800.135 543.294 521.96 507.524 600.725 698.584 974.024 490.309 483.527 474.808
threshold=10.18733216452757 300.34000000000009 361.99500000000006 9.5000000000000018 19.800000000000004 396.69500000000005 27.199702380952385 312.13500000000005 307.05500000000001 367.21672619047621 367.77556547619054 -0.94705910369513524 0.60355339059327384 334.29500000000007 13.969698772646066 371.87217261904772 2.5000000000000004 364.18755952380957 -1.0000000180025095e-35 29.260416666666668 1.0000000180025095e-35 421.77500000000003 347.82500000000005 390.21750000000003 436.62500000000006 383.07500000000005 342.4550000000001 11.555722190545973 -2.4999999999999996 317.85000000000008
decision_type=2 2 2 2 2 2 2 2 2 2 2 2 2 2 2 2 2 2 2 2 2 2 2 2 2 2 2 2 2 2
left_child=2 -2 3 -1 -5 -6 29 -8 -9 11 -11 12 18 16 27 23 -12 19 -10 20 22 -21 -13 24 25 -16 -27 -15 -17 -3
right_child=1 6 -4 4 5 -7 7 8 9 10 13 17 -14 14 15 28 -18 -19 -20 21 -22 -23 -24 -25 -26 26 -28 -29 -30 -31
leaf_value=-0.047486132092541086 -0.18419246372540254 -0.01460771642312678 0.24978363156939545 0.27505603047708671 -0.095386818900704384 0.10819985950365663 0.17562517563318031 -0.16463273112174304 0.28677226496020369 -0.36366842702652019 -0.23270580907494334 0.29969749538227919 -0.098206232968837986 0.056655861498465958 -0.004494857458735289 -0.11693474047792943 -0.019453861849227302 0.11140972231919676 0.089166364150450511 -0.12221082442340309 0.0085910959479349319 0.026279205588454552 0.058432501503357707 0.18164641682238303 -0.070007054263353352 0.23473221827886609 -0.041605692449957134 0.21598273908126761 -0.018461761109594584 0.017044787433494548
leaf_weight=100 74 4936 48 42 50 48 81 63 102 48 59 40 62 107 189 153 120 161 51 140 862 110 51 57 125 95 48 88 673 1559
leaf_count=100 74 4936 48 42 50 48 81 63 102 48 59 40 62 107 189 153 120 161 51 140 862 110 51 57 125 95 48 88 673 1559
internal_value=1.05694e-10 -0.00191144 0.0667278 0.0301166 0.0855472 0.00432911 -0.000559856 0.0114615 0.00755519 0.0108021 -0.0100519 0.0340729 0.128881 -0.000148953 0.0102989 -0.00691034 -0.0897436 0.0191288 0.220904 0.00677862 0.0234769 -0.0568752 0.164483 0.0409648 0.0234181 0.0585933 0.141975 0.128557 -0.0367019 -0.00701014
internal_weight=10342 10054 288 240 140 98 9980 3485 3404 3341 1762 1579 215 1714 1535 1340 179 1364 153 1203 953 250 91 514 457 332 143 195 826 6495
internal_count=10342 10054 288 240 140 98 9980 3485 3404 3341 1762 1579 215 1714 1535 1340 179 1364 153 1203 953 250 91 514 457 332 143 195 826 6495
is_linear=0
shrinkage=0.05


Tree=141
num_leaves=31
num_cat=0
split_feature=18 6 11 0 13 27 9 10 18 15 18 18 11 26 24 23 22 10 11 14 23 17 9 25 27 22 14 14 14 16
split_gain=528.614 1377.89 1092.09 340.224 436.389 435.938 699.701 805.092 1479.36 579.325 583.214 804.147 760.429 1903.13 562.545 1767.7 1644.43 1073.54 2854.08 836.495 913.476 801.883 762.381 724.726 655.461 636.776 559.809 533.97 959.268 631.727
threshold=77.640000000000015 0.63920241694561786 300.34000000000009 22.500000000000004 38.934546141866129 1.7941075607508728e-15 304.92500000000001 320.0800000000001 232.78000000000003 456.68500000000006 310.8300000000001 317.85000000000008 369.18500000000006 23.687500000000004 22.261309523809526 22.243750000000002 24.700000000000003 341.39500000000004 344.29500000000007 311.97500000000008 22.529166666666669 36.418502764453983 303.99500000000006 -0.50000000000000167 -19.080097979017001 21.400000000000002 328.49500000000006 229.64000000000001 299.94500000000005 334.3048511904762
decision_type=2 2 2 2 2 2 2 2 2 2 2 2 2 2 2 2 2 2 2 2 2 2 2 2 2 2 2 2 2 2
left_child=1 -1 -2 5 -5 14 7 -7 -9 10 27 12 -12 -14 15 22 17 -16 -19 -17 -21 -20 -4 24 -23 -25 -22 -8 -29 -30
right_child=2 -3 3 4 -6 6 9 8 -10 -11 11 -13 13 -15 16 19 -18 18 21 20 26 23 -24 25 -26 -27 -28 28 29 -31
leaf_value=-0.31772410859740241 0.18782019085991078 0.0016467969895650946 0.11125146419908952 -0.015054094529570863 -0.13413956611389841 0.013762055126218392 -0.085971234576173228 -0.36413273759055559 -0.041287743260568763 0.13673089832753046 -0.041399819457211169 -0.005893795908209383 -0.3752951244738969 -0.024228952536659857 0.037521149613010361 0.35113233876499267 0.020044471179154352 -0.51168613084932657 0.10530817870878512 0.31608350672335789 -0.017270490670143957 -0.13662390126713683 0.0051215199805547795 -0.31131813917998918 0.067377565983268953 -0.11054485748160858 0.16248548538121699 0.13678056613585896 -0.18849483961012306 0.0094270411422952248
leaf_weight=47 78 120 186 313 102 112 142 57 94 72 416 1295 66 93 158 44 1788 41 54 44 99 70 1875 54 90 147 77 149 41 2418
leaf_count=47 78 120 186 313 102 112 142 57 94 72 416 1295 66 93 158 44 1788 41 54 44 99 70 1875 54 90 147 77 149 41 2418
internal_value=-2.68924e-11 -0.088236 0.0014482 8.46215e-06 -0.0443233 0.00190866 -0.00845399 -0.0878147 -0.163156 -0.00400559 -0.00619889 -0.027742 -0.076948 -0.169955 0.0127711 0.0303031 -0.00419883 -0.0747966 -0.113714 0.152118 0.112315 -0.074396 0.0146995 -0.101277 -0.0218731 -0.164484 0.0613727 0.00845043 0.0135915 0.006127
internal_weight=10342 167 10175 10097 415 9682 4955 263 151 4692 4620 1870 575 159 4727 2325 2402 614 456 264 220 415 2061 361 160 201 176 2750 2608 2459
internal_count=10342 167 10175 10097 415 9682 4955 263 151 4692 4620 1870 575 159 4727 2325 2402 614 456 264 220 415 2061 361 160 201 176 2750 2608 2459
is_linear=0
shrinkage=0.05


Tree=142
num_leaves=31
num_cat=0
split_feature=11 5 24 12 13 10 14 9 6 24 13 11 11 19 25 23 9 22 26 23 18 17 13 4 17 0 25 2 17 25
split_gain=522.298 289.679 406.759 481.746 415.119 1521.05 520.233 509.906 484.055 766.877 374.34 349.317 486.017 384.281 952.174 378.767 341.308 336.754 681.618 555.85 407.604 333.601 376.052 737.244 915.017 1483.19 6192.16 11701.7 803.622 673.019
threshold=251.51500000000001 -0.9159756150367534 11.78184523809524 321.94625000000002 42.554963238344357 424.31500000000005 318.13500000000005 331.24000000000007 -0.75015329512557194 22.805952380952387 37.092153736074522 437.77500000000003 419.62500000000006 440.85000000000008 -2.300000000000002 25.608333333333338 331.37500000000006 26.400000000000002 21.887500000000006 30.164583333333336 306.00000000000006 46.354287850065255 16.057754606294552 0.12940952255126045 36.040325237077226 4.5000000000000009 1.0999999999999963 5.5000000000000009 34.72186386427704 -1.0999999999999959
decision_type=2 2 2 2 2 2 2 2 2 2 2 2 2 2 2 2 2 2 2 2 2 2 2 2 2 2 2 2 2 2
left_child=-1 2 -2 -4 6 -6 10 8 -8 -10 17 12 21 -14 -15 -16 -13 18 20 -19 -5 22 23 29 25 26 -25 -28 -27 -3
right_child=1 11 3 4 5 -7 7 -9 9 -11 -12 16 13 14 15 -17 -18 19 -20 -21 -22 -23 -24 24 -26 28 27 -29 -30 -31
leaf_value=-0.17810449600219727 0.14997665746137501 -0.012145843366482134 -0.14976798666729815 0.067352275961460789 -0.29560949729625569 0.11590029302429646 0.039703414201736453 0.033786131605477068 -0.040145576074913453 -0.29630599682707165 0.14479927277558896 0.16941688315107906 0.00056245536724855384 -0.30742672906981577 -0.1104614507443834 0.041521622270237708 -0.0098183441451009448 -0.17319187387114479 0.24245058961726806 0.07588007699232549 -0.09959197160270479 -0.10338676023898247 -0.0064516923057224233 0.08767232048115918 0.029538835142427639 -0.029101824487093836 -1.082748025229999 0.08404079483906654 0.19426232948026156 0.071390271034446881
leaf_weight=41 60 348 42 195 43 47 75 387 96 42 122 58 154 45 101 69 49 42 48 48 45 79 6235 104 598 250 42 44 48 785
leaf_count=41 60 348 42 195 43 47 75 387 96 42 122 58 154 45 101 69 49 42 48 48 45 79 6235 104 598 250 42 44 48 785
internal_value=-3.1244e-11 0.000708891 0.0228498 0.0166586 0.0225325 -0.0807099 0.0309796 -0.00040973 -0.0625402 -0.118107 0.0686468 -0.00246639 -0.00354581 -0.0597268 -0.102911 -0.0487742 0.0873372 0.0440684 0.0704503 -0.0403535 0.0360502 -0.00111632 -0.000160638 0.0175161 -0.0119211 -0.0627266 -0.171893 -0.485786 0.00687629 0.0457322
internal_weight=10342 10301 1292 1232 1190 90 1100 600 213 138 500 9009 8902 369 215 170 107 378 288 90 240 8533 8454 2219 1086 488 190 86 298 1133
internal_count=10342 10301 1292 1232 1190 90 1100 600 213 138 500 9009 8902 369 215 170 107 378 288 90 240 8533 8454 2219 1086 488 190 86 298 1133
is_linear=0
shrinkage=0.05


Tree=143
num_leaves=31
num_cat=0
split_feature=13 11 11 16 0 26 23 24 26 24 19 18 13 26 24 16 2 11 9 10 11 9 27 0 17 13 6 9 12 13
split_gain=486.26 915.874 772.422 367.723 661.89 310.805 1700.21 908.076 795.593 582.112 569.276 495.657 687.681 475.396 520.939 824.775 1169.7 911.59 720.176 651.755 589.903 583.036 641.222 1700.85 1214.25 783.188 581.126 449.434 440.802 435.837
threshold=10.18733216452757 300.34000000000009 321.06500000000005 366.62193452380956 9.5000000000000018 31.939583333333335 32.677083333333336 33.53839285714286 31.116666666666671 32.89345238095239 414.16000000000003 303.19500000000005 34.473321924859782 30.689583333333335 27.199702380952385 367.21672619047621 1.0000000180025095e-35 332.20500000000004 314.94000000000005 395.66000000000003 376.03000000000003 343.52000000000004 24.917163141127578 4.5000000000000009 28.396677683634405 13.969698772646066 -0.97113884758256674 338.58500000000009 374.45562500000011 26.470834505082689
decision_type=2 2 2 2 2 2 2 2 2 2 2 2 2 2 2 2 2 2 2 2 2 2 2 2 2 2 2 2 2 2
left_child=2 -2 -1 4 -4 8 9 -8 13 -7 -9 12 -12 14 -3 16 17 -16 -19 21 -21 22 25 -24 -25 -17 -18 -13 -10 -28
right_child=1 5 3 -5 -6 6 7 10 28 -11 11 27 -14 -15 15 19 26 18 -20 20 -22 -23 23 24 -26 -27 29 -29 -30 -31
leaf_value=0.26223100947127459 -0.1770888847978534 -0.0065496344668765612 -0.078355372945467627 -0.036642247170675546 0.16119502382757872 -0.11522883975878358 0.16523355116801605 -0.14928801591973753 0.041275081485509874 -0.38497691981494431 0.1821508579914059 -0.19934014822822066 -0.048529485356993973 -0.13999834078053633 0.32325915903097296 0.10921110655698513 0.19958027543810508 -0.074802474711428993 0.18264143159481841 0.2069079919428122 0.016475593341422862 0.046290286284102693 -0.3326167907477135 0.19743507059121676 -0.10244299847889565 -0.037220936607216468 0.064675538819001038 -0.013063560931614655 0.27600948773324491 0.00011246009307134756
leaf_weight=42 74 6495 42 112 92 40 70 80 40 40 70 40 60 60 61 108 48 44 71 61 122 252 63 44 145 591 396 170 40 769
leaf_count=42 74 6495 42 112 92 40 70 80 40 40 70 40 60 60 61 108 48 44 71 61 122 252 63 44 145 591 396 170 40 769
internal_value=1.14832e-10 -0.00183497 0.0640583 0.0302239 0.0861121 -0.000535492 -0.0363869 -0.00149452 0.00163617 -0.250103 -0.0292825 -0.00104594 0.075683 0.00028992 0.00119793 0.0193314 0.0465608 0.167017 0.0841412 -0.00795683 0.0799531 -0.0213297 -0.0392479 -0.107627 -0.0326301 -0.0145962 0.0290831 -0.0485448 0.158642 0.0220584
internal_weight=10342 10054 288 246 134 9980 570 490 9410 80 420 340 130 9330 9270 2775 1389 176 115 1386 183 1203 951 252 189 699 1213 210 80 1165
internal_count=10342 10054 288 246 134 9980 570 490 9410 80 420 340 130 9330 9270 2775 1389 176 115 1386 183 1203 951 252 189 699 1213 210 80 1165
is_linear=0
shrinkage=0.05


Tree=144
num_leaves=31
num_cat=0
split_feature=18 2 11 10 0 13 27 9 14 25 25 15 19 9 22 2 10 10 6 11 11 2 5 14 14 12 24 9 15 9
split_gain=496.911 1337.32 1132.27 369.478 317.119 381.055 359.56 637.158 753.566 1187.97 529.391 837.732 785.247 685.04 676.168 569.165 1214.52 2167.34 820.976 761.178 1310.78 807.279 718.8 691.131 1647.98 990.905 997.269 781.132 712.798 988.596
threshold=77.640000000000015 1.5000000000000002 300.34000000000009 335.35500000000008 22.500000000000004 38.934546141866129 1.7941075607508728e-15 304.92500000000001 298.54000000000008 1.7000000000000004 1.7000000000000004 430.94500000000005 448.25000000000006 342.91500000000002 21.950000000000003 4.5000000000000009 350.82000000000005 358.76500000000004 -0.92923668111203805 320.48500000000007 324.41500000000002 1.0000000180025095e-35 -0.3794095225512602 232.78000000000003 298.82500000000005 322.31208333333342 14.958035714285716 315.55000000000007 351.71000000000004 311.53000000000003
decision_type=2 2 2 2 2 2 2 2 2 2 2 2 2 2 2 2 2 2 2 2 2 2 2 2 2 2 2 2 2 2
left_child=1 -1 -2 -3 6 -6 10 8 -8 -10 15 12 -12 14 -13 19 22 -18 -19 21 -21 -4 -17 -22 -25 -26 27 -27 -28 -30
right_child=2 3 4 -5 5 -7 7 -9 9 -11 11 13 -14 -15 -16 16 17 18 -20 20 23 -23 -24 24 25 26 28 -29 29 -31
leaf_value=-0.31163418528405912 0.19117411781962101 0.12256361423503787 0.31468902422206069 -0.061379367328034 -0.015511177223735155 -0.12679082350257564 0.079351668738360914 -0.0033936021595363172 -0.0651577477006276 -0.35793492424894469 0.048921165454480359 -0.20422153698328216 0.21568457338559843 0.082181222354993227 -0.0073789331986747605 0.17669992277191746 -0.32301947023624034 0.15275528702139854 -0.061076585038359325 -0.27223794414639108 0.15290080494083025 0.050457671212450587 0.0041799870374448159 -0.26785316111625368 -0.18614734304447969 0.20132447921596799 -0.12254193006259091 0.047629857999454073 0.23015860243840144 0.0043334448780951882
leaf_weight=47 78 42 41 78 313 102 56 4692 163 44 848 78 77 80 99 72 78 50 439 41 85 98 374 53 60 113 106 308 50 1577
leaf_count=47 78 42 41 78 313 102 56 4692 163 44 848 78 77 80 99 72 78 50 439 41 85 98 374 53 60 113 106 308 50 1577
internal_value=9.8924e-11 -0.0855493 0.0014041 0.00300068 -6.18852e-05 -0.0428618 0.00177265 -0.00763853 -0.0833694 -0.127391 0.0116378 0.0406155 0.0628031 -0.0392424 -0.0941231 0.00197579 -0.0296986 -0.0782546 -0.0392124 0.014648 0.00804085 0.128396 0.0320307 0.0129267 0.0076784 0.0142742 0.019857 0.0888828 0.00308848 0.0112734
internal_weight=10342 167 10175 120 10097 415 9682 4955 263 207 4727 1182 925 257 177 3545 1013 567 489 2532 2393 139 446 2352 2267 2214 2154 421 1733 1627
internal_count=10342 167 10175 120 10097 415 9682 4955 263 207 4727 1182 925 257 177 3545 1013 567 489 2532 2393 139 446 2352 2267 2214 2154 421 1733 1627
is_linear=0
shrinkage=0.05


Tree=145
num_leaves=31
num_cat=0
split_feature=11 10 9 9 23 26 23 23 16 12 0 11 10 18 8 18 15 0 17 9 14 9 10 24 16 6 25 13 0 27
split_gain=485.584 295.905 270.878 308.959 279.752 885.393 428.691 663.805 407.993 669.478 1017.36 654.973 488.779 559.658 738.176 460.091 568.533 801.391 398.16 545.541 349.121 347.817 809.455 1208.79 590.665 792.521 756.123 691.534 725.795 683.33
threshold=251.51500000000001 250.96500000000003 352.89500000000004 351.98000000000008 36.110416666666673 35.389583333333341 36.00833333333334 35.631250000000009 373.54505952380958 387.6652083333334 9.5000000000000018 440.99000000000007 339.15500000000003 329.07000000000005 1.0000000180025095e-35 323.28500000000003 445.35000000000008 10.500000000000002 26.885045155687585 343.08500000000009 335.57000000000011 334.13500000000005 427.55500000000001 11.78184523809524 359.52946428571437 -0.94705910369513524 -4.7499999999999991 11.707351713503803 3.5000000000000004 -6.9060762295886118
decision_type=2 2 2 2 2 2 2 2 2 2 2 2 2 2 2 2 2 2 2 2 2 2 2 2 2 2 2 2 2 2
left_child=-1 -2 3 4 5 6 7 8 9 15 -11 12 -10 -14 -15 16 21 -18 19 -6 -17 24 23 -23 25 29 -27 28 -28 -3
right_child=1 2 -4 -5 18 -7 -8 -9 11 10 -12 -13 13 14 -16 20 17 -19 -20 -21 -22 22 -24 -25 -26 26 27 -29 -30 -31
leaf_value=-0.17173060614888261 0.13474022008296921 0.24647410865873098 0.09678889514050551 -0.12708865722330909 0.1721591201145202 -0.19388890439023576 -0.14435241729952394 0.17775339906041224 0.030875430256128312 -0.044507590167756593 0.20506663751047183 0.15929870832451554 -0.083382611172154467 -0.047684701146099018 0.16620524028937023 0.078287391094232189 0.030191835158250548 -0.22913337341867962 0.012050022873428783 -0.034287856162215274 -0.067362794252888616 0.29279333476139152 -0.15767953990484185 0.027991642250296267 -0.026186434582495061 0.08857130509699894 -0.094959990459028643 -0.0093810320777694273 0.088626102941896448 0.026503914971722338
leaf_weight=41 41 62 72 48 96 60 52 52 193 70 98 43 566 138 57 288 55 65 700 48 48 46 53 683 2107 239 64 3836 339 82
leaf_count=41 41 62 72 48 96 60 52 52 193 70 98 43 566 138 57 288 55 65 700 48 48 46 53 683 2107 239 64 3836 339 82
internal_value=7.20532e-12 0.000683521 0.000147817 -0.000535158 6.39113e-05 -0.00243851 -0.00119479 -0.000384228 -0.00139859 0.00230124 0.101077 -0.0315873 -0.0401912 -0.0582146 0.014837 0.000218353 -0.00230294 -0.110276 0.0276262 0.103343 0.0574802 -0.000577902 0.0309844 0.0447007 -0.00424586 0.00575604 0.00204326 -0.0028353 0.059471 0.121213
internal_weight=10342 10301 10260 10188 10140 9296 9236 9184 9132 8135 168 997 954 761 195 7967 7631 120 844 144 336 7511 782 729 6729 4622 4478 4239 403 144
internal_count=10342 10301 10260 10188 10140 9296 9236 9184 9132 8135 168 997 954 761 195 7967 7631 120 844 144 336 7511 782 729 6729 4622 4478 4239 403 144
is_linear=0
shrinkage=0.05


Tree=146
num_leaves=31
num_cat=0
split_feature=18 11 11 23 0 9 7 17 9 27 15 9 10 18 18 14 7 14 12 18 0 2 10 26 23 2 9 14 25 13
split_gain=448.915 1299.29 1062.76 496.265 291.228 376.164 427.226 353.567 322.725 363.422 553.967 518.138 722.411 1321.82 616.188 625.109 1215.67 1034.4 666.576 510.19 583.67 2086.37 681.294 608.458 1311.08 751.141 810.753 767.538 953.57 783.048
threshold=77.640000000000015 327.55500000000006 300.34000000000009 27.320833333333336 22.500000000000004 339.98500000000007 -0.58481178939031186 30.567077271337364 352.89500000000004 1.7941075607508728e-15 456.68500000000006 304.92500000000001 320.0800000000001 232.78000000000003 310.8300000000001 322.74000000000007 -0.22700609751797865 320.21000000000009 390.21750000000003 306.47500000000008 3.5000000000000004 1.0000000180025095e-35 421.88500000000005 15.979166666666668 17.072916666666668 4.5000000000000009 336.02500000000003 316.31500000000005 -1.0999999999999985 42.701880030897151
decision_type=2 2 2 2 2 2 2 2 2 2 2 2 2 2 2 2 2 2 2 2 2 2 2 2 2 2 2 2 2 2
left_child=1 -1 -2 -3 8 6 -6 -8 9 -4 11 12 -11 -14 19 16 17 -16 -17 20 21 -13 23 25 -25 26 27 29 -29 -22
right_child=2 3 4 -5 5 -7 7 -9 -10 10 -12 14 13 -15 15 18 -18 -19 -20 -21 22 -23 -24 24 -26 -27 -28 28 -30 -31
leaf_value=-0.32981902917847039 0.18518731937003441 0.11004318242045966 0.010853086030384578 -0.089428525154168409 0.088322426412831737 -0.15577706333677299 -0.1827275532408662 -0.025522751387409649 0.10942013643789983 0.017329023566117031 0.12907578382744558 -0.31216256277984944 -0.34023293035856467 -0.035061766676842535 -0.072605538888213542 -0.0044965284101415263 -0.038883936846126427 -0.40085802767425777 -0.19620459972226875 0.068449102983905538 0.099509831812548896 -0.010028527101106383 -0.14579982333816588 -0.27006299238651993 0.00035123335596552556 -0.011816568692271528 0.21631326615674104 -0.20333246207485597 0.046110771598188945 -0.082452020321541752
leaf_weight=40 78 55 4693 72 71 61 42 241 69 112 72 64 57 94 48 1286 406 48 47 312 503 533 64 50 433 476 82 60 106 67
leaf_count=40 78 55 4693 72 71 61 42 241 69 112 72 64 57 94 48 1286 406 48 47 312 503 533 64 50 433 476 82 60 106 67
internal_value=-9.2573e-11 -0.0813128 0.00133457 -0.00304314 -8.57058e-05 -0.0411013 -0.0213408 -0.0488535 0.00167235 0.000898958 -0.0085959 -0.0106405 -0.0788906 -0.150259 -0.00672564 -0.0291647 -0.0767194 -0.236732 -0.0112559 0.00824735 0.000543106 -0.0424181 0.0144746 0.020247 -0.027642 0.0381221 0.0671817 0.0505665 -0.0440494 0.0781213
internal_weight=10342 167 10175 127 10097 415 354 283 9682 9613 4920 4848 263 151 4585 1835 502 96 1333 2750 2438 597 1841 1777 483 1294 818 736 166 570
internal_count=10342 167 10175 127 10097 415 354 283 9682 9613 4920 4848 263 151 4585 1835 502 96 1333 2750 2438 597 1841 1777 483 1294 818 736 166 570
is_linear=0
shrinkage=0.05


Tree=147
num_leaves=31
num_cat=0
split_feature=11 10 5 14 19 11 12 13 11 13 6 17 26 23 17 26 25 15 10 0 10 16 9 0 10 10 19 11 17 25
split_gain=475.238 275.317 275.756 383.996 429.235 358.994 621.916 368.476 426.84 801.224 482.665 323.507 317.62 1012.22 549.812 536.687 525.23 362.868 641.283 432.078 1587.43 573.647 819.176 735.961 711.352 672.308 646.416 611.516 501.549 466.743
threshold=251.51500000000001 250.96500000000003 -0.9159756150367534 295.7000000000001 459.22000000000008 334.29500000000007 322.88250000000005 42.554963238344357 422.73000000000008 38.136688890352595 0.90892735371523092 46.354287850065255 31.939583333333335 32.593750000000007 36.311479016313037 31.116666666666671 -0.84999999999999776 358.93000000000006 350.82000000000005 1.5000000000000002 308.37500000000006 359.081755952381 315.43500000000006 4.5000000000000009 344.04500000000007 317.14000000000004 436.76000000000005 317.10000000000008 38.226441773464366 2.7999999999999985
decision_type=2 2 2 2 2 2 2 2 2 2 2 2 2 2 2 2 2 2 2 2 2 2 2 2 2 2 2 2 2 2
left_child=-1 -2 3 -3 5 -5 -7 8 9 -8 -10 12 15 -14 -15 17 -16 18 19 20 -4 22 24 -23 25 -21 -25 -27 -24 -29
right_child=1 2 11 4 -6 6 7 -9 10 -11 -12 -13 13 14 16 -17 -18 -19 -20 21 -22 23 28 26 -26 27 -28 29 -30 -31
leaf_value=-0.16989121030016643 0.12998512576266033 0.1348022261332773 -0.27346287478323816 0.15313741926636015 0.17225401153167089 -0.1822393427278067 0.014587182762522808 -0.11960679341618921 -0.0022143499657810268 0.15321075786505978 -0.16868611273271117 -0.10706156970480003 -0.25824834673988578 -0.051661104450152422 0.20146486839013444 0.13787439794944864 -0.039493891587924393 -0.0060959745286718915 -0.15029414869704338 0.081410228495951753 0.069395455201306661 0.14539968544410337 0.099375032331624064 -0.22763958548037513 0.21394841830432415 -0.19491776211985523 -0.021359844664250741 -0.017221464791538698 0.28926723796460369 0.10922222825131199
leaf_weight=41 41 71 53 42 42 43 654 51 209 124 55 74 49 273 49 70 42 6855 53 296 93 45 153 53 50 42 134 453 45 87
leaf_count=41 41 71 53 42 42 43 654 51 209 124 55 74 49 273 49 70 42 6855 53 296 93 45 153 53 50 42 134 453 45 87
internal_value=-2.26284e-11 0.0006762 0.000159469 0.0217651 0.0151867 0.00958671 0.00427938 0.0116173 0.0180399 0.0366814 -0.036896 -0.00295045 -0.00208432 -0.0449022 -0.0161825 5.35803e-07 0.0902531 -0.00114677 0.0206431 0.0266668 -0.0550668 0.035454 0.0502049 -0.0361385 0.0305057 0.0200591 -0.0798242 -0.0111435 0.142532 0.00315002
internal_weight=10342 10301 10260 1291 1220 1178 1136 1093 1042 778 264 8969 8895 413 364 8482 91 8412 1557 1504 146 1358 1126 232 928 878 187 582 198 540
internal_count=10342 10301 10260 1291 1220 1178 1136 1093 1042 778 264 8969 8895 413 364 8482 91 8412 1557 1504 146 1358 1126 232 928 878 187 582 198 540
is_linear=0
shrinkage=0.05


Tree=148
num_leaves=31
num_cat=0
split_feature=11 16 9 24 7 24 7 10 9 9 7 7 23 26 11 26 6 11 11 25 12 10 14 12 0 27 15 10 4 27
split_gain=428.902 261.684 366.574 321.696 601.105 549.209 468.381 390.354 382.163 368.236 351.344 540.685 337.146 1528.85 518.661 504.735 496.597 434.225 430.476 608.383 587.516 886.444 414.8 892.226 926.764 372.61 358.712 450.572 419.699 1022.2
threshold=251.51500000000001 377.38086309523811 332.92000000000002 37.704761904761909 -0.99052477729077237 34.75833333333334 -0.96687281075841669 381.35000000000008 352.89500000000004 334.60500000000008 -0.9575230291762723 -0.96234030595689413 32.677083333333336 32.110416666666673 307.86500000000007 31.116666666666671 -0.94705910369513524 302.34500000000008 334.29500000000007 1.1000000000000008 361.47166666666675 340.36500000000007 333.81000000000006 387.6652083333334 10.500000000000002 -28.033384464478484 340.62500000000006 332.20500000000004 0.25881904510252091 -6.0628361315265584
decision_type=2 2 2 2 2 2 2 2 2 2 2 2 2 2 2 2 2 2 2 2 2 2 2 2 2 2 2 2 2 2
left_child=-1 3 -3 4 5 -2 9 -7 10 -6 11 -8 13 15 -14 17 -16 -12 19 -18 21 -20 23 25 -25 -19 27 28 29 -27
right_child=1 2 -4 -5 6 7 8 -9 -10 -11 12 -13 14 -15 16 -17 18 22 20 -21 -22 -23 -24 24 -26 26 -28 -29 -30 -31
leaf_value=-0.16139664998868619 -0.18824812617450437 -0.1734800595790148 -0.020721511062044926 0.10724335855080024 -0.066346432356901158 0.018157824757663126 0.024078289357324444 -0.11385657009616326 0.14202205107236904 0.083388163890971645 0.1157498681234031 -0.2132428768805312 -0.14700635321438313 -0.23441038712326973 0.17986580619686529 0.1339463659375906 0.031825066073392722 -0.085545247040975547 0.32518694800324743 -0.17282456494867804 0.014417148230789815 0.064429770684298338 -0.054195735256435798 -0.011466528365585524 0.27922697321608148 0.068213163517028483 -0.0023021223270468928 0.19894709481817227 0.098711545368499853 -0.24335699655115606
leaf_weight=41 72 48 216 72 48 151 48 89 48 284 79 48 40 70 57 70 92 130 40 60 513 176 364 52 58 77 7106 46 107 40
leaf_count=41 72 48 216 72 48 151 48 89 48 284 79 48 40 70 57 70 92 130 40 60 513 176 364 52 58 77 7106 46 107 40
internal_value=7.68086e-11 0.00064239 -0.0484958 0.00193486 0.00117397 -0.0671323 0.00338174 -0.0307975 0.00130311 0.0617398 0.000574704 -0.0945823 0.00157014 -0.00173979 0.0293187 0.000263773 0.0368378 -0.000897386 0.027584 -0.0489577 0.0435434 0.112718 -0.00205216 0.000439992 0.141808 -0.00163175 -0.000152799 0.0564142 0.0271441 -0.0383065
internal_weight=10342 10301 264 10037 9965 312 9653 240 9321 332 9273 96 9177 8199 978 8129 938 8059 881 152 729 216 7980 7616 110 7506 7376 270 224 117
internal_count=10342 10301 264 10037 9965 312 9653 240 9321 332 9273 96 9177 8199 978 8129 938 8059 881 152 729 216 7980 7616 110 7506 7376 270 224 117
is_linear=0
shrinkage=0.05


Tree=149
num_leaves=31
num_cat=0
split_feature=18 22 11 0 5 10 19 15 11 19 9 14 11 26 5 2 27 15 9 13 13 10 10 24 15 25 4 11 22 12
split_gain=418.522 1367.05 1017.33 508.733 275.064 691.969 563.275 536.096 438.419 1208 1008.46 851.666 819.151 678.376 721.043 1653.07 960.475 673.379 759.071 698.145 892.939 905.392 928.286 697.688 583.025 551.699 538.07 488.147 448.941 519.75
threshold=77.640000000000015 25.300000000000004 300.34000000000009 7.5000000000000009 -0.5 408.90500000000003 447.24000000000007 456.68500000000006 363.46000000000009 427.84000000000003 332.67500000000001 310.28000000000003 372.11500000000007 9.8229166666666679 1.0000000180025095e-35 4.5000000000000009 -9.3462180497990577 410.45000000000005 309.75500000000005 35.668193136313135 34.473321924859782 339.76500000000004 358.76500000000004 33.68571428571429 421.70500000000004 0.84999999999999798 -0.60355339059327362 354.42500000000007 34.70000000000001 362.70166666666665
decision_type=2 2 2 2 2 2 2 2 2 2 2 2 2 2 2 2 2 2 2 2 2 2 2 2 2 2 2 2 2 2
left_child=1 -1 -2 -3 7 8 -7 -4 13 10 11 -10 -13 14 15 16 -6 18 23 20 25 24 -23 -16 -22 -19 -21 -15 -11 -30
right_child=2 3 4 -5 5 6 -8 -9 9 28 -12 12 -14 27 17 -17 -18 19 -20 26 21 22 -24 -25 -26 -27 -28 -29 29 -31
leaf_value=-0.30709567074763017 0.1811680946021508 0.15660928750876338 0.0091315283022437906 -0.06177971425931901 0.36241586046374363 -0.28027559945859565 -0.030255993437021973 0.17742640742411217 -0.07512708295668874 -0.016240567251812988 0.012242619089189579 -0.44468541377268384 -0.16537490965532406 -0.22595621068369259 -0.042081188778090799 -0.0046176501850023009 0.10926217345317993 -0.067462674286119156 0.036324394996438726 0.078756408578862722 -0.20632143613041901 -0.39088810222190729 -0.078931201758181191 0.16870598184565705 0.0276203869645925 0.045375496074129114 -0.013940503930920041 -0.0065166185510919447 0.22045116045258265 0.018386374183161105
leaf_weight=47 78 40 3338 80 46 41 50 48 112 985 110 42 70 55 601 449 202 287 1547 178 41 57 41 42 76 174 1299 47 44 115
leaf_count=47 78 40 3338 80 46 41 50 48 112 985 110 42 70 55 601 449 202 287 1547 178 41 57 41 42 76 174 1299 47 44 115
internal_value=-6.67407e-11 -0.078512 0.0012886 0.0110166 -0.000100981 -0.00596291 -0.142902 0.0115173 -0.00408052 -0.0280807 -0.111738 -0.172622 -0.270116 0.00281801 0.00540161 0.0526094 0.156218 -0.00217469 0.0173464 -0.0220313 -0.0641173 -0.148264 -0.260376 -0.0283128 -0.0543592 -0.024873 -0.00276918 -0.124842 -0.00365618 0.0743037
internal_weight=10342 167 10175 120 10097 6711 91 3386 6620 1478 334 224 112 5142 5040 697 248 4343 2190 2153 676 215 98 643 117 461 1477 102 1144 159
internal_count=10342 167 10175 120 10097 6711 91 3386 6620 1478 334 224 112 5142 5040 697 248 4343 2190 2153 676 215 98 643 117 461 1477 102 1144 159
is_linear=0
shrinkage=0.05


end of trees

feature_importances:
last=483
lag168=450
std24=321
lag24=283
weekday=274
std168=236
doy_sin=219
doy_cos=181
mean24=176
max24=176
mean168=170
temp_delta24=164
hour=152
temp_mean168=146
hour_cos=142
interaction_temp_work=141
min168=138
temp_mean24=135
min24=122
max168=118
interaction_temp_sin=116
temp_last=82
hour_sin=55
workhour=20

parameters:
[boosting: gbdt]
[objective: regression]
[metric: l2]
[tree_learner: serial]
[device_type: cpu]
[data_sample_strategy: bagging]
[data: ]
[valid: ]
[num_iterations: 150]
[learning_rate: 0.05]
[num_leaves: 31]
[num_threads: 2]
[seed: 20261006]
[deterministic: 1]
[force_col_wise: 1]
[force_row_wise: 0]
[histogram_pool_size: -1]
[max_depth: -1]
[min_data_in_leaf: 40]
[min_sum_hessian_in_leaf: 0.001]
[bagging_fraction: 1]
[pos_bagging_fraction: 1]
[neg_bagging_fraction: 1]
[bagging_freq: 0]
[bagging_seed: 27463]
[bagging_by_query: 0]
[feature_fraction: 1]
[feature_fraction_bynode: 1]
[feature_fraction_seed: 885]
[extra_trees: 0]
[extra_seed: 17743]
[early_stopping_round: 0]
[early_stopping_min_delta: 0]
[first_metric_only: 0]
[max_delta_step: 0]
[lambda_l1: 0]
[lambda_l2: 0]
[linear_lambda: 0]
[min_gain_to_split: 0]
[drop_rate: 0.1]
[max_drop: 50]
[skip_drop: 0.5]
[xgboost_dart_mode: 0]
[uniform_drop: 0]
[drop_seed: 19011]
[top_rate: 0.2]
[other_rate: 0.1]
[min_data_per_group: 100]
[max_cat_threshold: 32]
[cat_l2: 10]
[cat_smooth: 10]
[max_cat_to_onehot: 4]
[top_k: 20]
[monotone_constraints: ]
[monotone_constraints_method: basic]
[monotone_penalty: 0]
[feature_contri: ]
[forcedsplits_filename: ]
[refit_decay_rate: 0.9]
[cegb_tradeoff: 1]
[cegb_penalty_split: 0]
[cegb_penalty_feature_lazy: ]
[cegb_penalty_feature_coupled: ]
[path_smooth: 0]
[interaction_constraints: ]
[verbosity: -1]
[saved_feature_importance_type: 0]
[use_quantized_grad: 0]
[num_grad_quant_bins: 4]
[quant_train_renew_leaf: 0]
[stochastic_rounding: 1]
[linear_tree: 0]
[max_bin: 255]
[max_bin_by_feature: ]
[min_data_in_bin: 3]
[bin_construct_sample_cnt: 200000]
[data_random_seed: 5366]
[is_enable_sparse: 1]
[enable_bundle: 1]
[use_missing: 1]
[zero_as_missing: 0]
[feature_pre_filter: 1]
[pre_partition: 0]
[two_round: 0]
[header: 0]
[label_column: ]
[weight_column: ]
[group_column: ]
[ignore_column: ]
[categorical_feature: ]
[forcedbins_filename: ]
[precise_float_parser: 0]
[parser_config_file: ]
[objective_seed: 8607]
[num_class: 1]
[is_unbalance: 0]
[scale_pos_weight: 1]
[sigmoid: 1]
[boost_from_average: 1]
[reg_sqrt: 0]
[alpha: 0.9]
[fair_c: 1]
[poisson_max_delta_step: 0.7]
[tweedie_variance_power: 1.5]
[lambdarank_truncation_level: 30]
[lambdarank_norm: 1]
[label_gain: ]
[lambdarank_position_bias_regularization: 0]
[eval_at: ]
[multi_error_top_k: 1]
[auc_mu_weights: ]
[num_machines: 1]
[local_listen_port: 12400]
[time_out: 120]
[machine_list_filename: ]
[machines: ]
[gpu_platform_id: -1]
[gpu_device_id: -1]
[gpu_device_id_list: ]
[gpu_use_dp: 0]
[num_gpu: 1]

end of parameters

pandas_categorical:[]
