tree
version=v4
num_class=1
num_tree_per_iteration=1
label_index=0
max_feature_idx=29
objective=regression
feature_names=hour lead weekday weekend hour_sin hour_cos doy_sin doy_cos workhour last lag24 lag168 mean24 std24 min24 max24 mean168 std168 min168 max168 missing24 missing168 temp_last temp_mean24 temp_mean168 temp_delta24 response_cool24 response_heat24 response_cool168 response_heat168
feature_infos=[0:23] [1:24] [0:6] [0:1] [-1:1] [-1:1] [-0.9999994220246925:0.99998555065071859] [-0.99997919295908233:0.9999907524084426] [0:1] [237.88:357.02999999999997] [76.930000000000007:473.66000000000003] [78.349999999999994:473.66000000000003] [304.41750000000002:398.59916666666669] [6.0798824544330028:104.54317562017138] [76.930000000000007:350.06] [321.62:473.66000000000003] [329.62386904761905:379.58279761904765] [19.189054105021345:48.583651475567422] [76.930000000000007:336.05000000000001] [377.11000000000001:473.66000000000003] [0:0.041666666666666664] [0:0.0059523809523809521] [6.7000000000000002:38.899999999999999] [8.0083333333333346:39.958333333333336] [10.133928571428571:38.198214285714286] [-10:6.1000000000000014] [0:21.958333333333332] [0:9.9916666666666671] [0:20.198214285714286] [0:7.8660714285714288]
tree_sizes=2675 2730 2745 2736 2738 2744 2761 2757 2749 2742 2748 2754 2775 2769 2748 2758 2772 2765 2763 2785 2772 2775 2779 2773 2766 2778 2785 2755 2741 2769 2791 2792 2772 2786 2760 2785 2760 2793 2788 2788 2764 2805 2775 2786 2808 2751 2810 2765 2794 2791 2792 2796 2797 2793 2754 2803 2783 2797 2784 2800 2795 2782 2808 2790 2788 2801 2802 2828 2833 2801 2802 2814 2783 2816 2807 2796 2821 2799 2807 2814 2803 2819 2804 2819 2816 2809 2819 2823 2820 2823 2819 2824 2812 2819 2824 2804 2816 2798 2821 2831 2821 2825 2806 2823 2830 2808 2826 2842 2808 2805 2826 2846 2838 2804 2812 2799 2796 2847 2808 2819 2844 2796 2837 2834 2827 2822 2831 2842 2827 2819 2827 2831 2820 2833 2814 2817 2809 2814 2810 2813 2808 2811 2797 2841 2812 2821 2822 2818 2847 2855

Tree=0
num_leaves=31
num_cat=0
split_feature=11 11 11 10 8 11 8 10 10 11 2 0 10 19 11 19 11 9 10 11 10 0 10 18 12 10 13 16 9 10
split_gain=8.25287e+06 1.20955e+06 960631 255266 225928 180901 160434 147015 145210 69048.6 64904.8 59424.7 52966.8 52608.9 47131 46217 42643.1 39694.4 34281.7 31771.4 31575 25089.4 22385 19578.6 25192 18645.4 18032.8 17196.5 16465.3 14662.8
threshold=368.38000000000005 334.29500000000007 401.44000000000005 328.15000000000003 1.0000000180025095e-35 351.23500000000007 1.0000000180025095e-35 409.87500000000006 390.25500000000005 300.34000000000009 4.5000000000000009 9.5000000000000018 346.17000000000007 428.67500000000007 380.53500000000003 402.32500000000005 415.84500000000008 318.09000000000009 423.34500000000008 420.96500000000009 361.98500000000007 3.5000000000000004 431.66500000000002 300.48000000000008 360.37791666666675 376.78000000000003 10.386330250546999 368.37294642857142 310.90000000000003 403.97000000000008
decision_type=2 2 2 2 2 2 2 2 2 2 2 2 2 2 2 2 2 2 2 2 2 2 2 2 2 2 2 2 2 2
left_child=1 3 8 9 5 12 -5 13 14 -1 18 -6 -3 23 25 -13 -9 21 29 -15 -7 -11 -18 -4 -25 -2 -16 -21 -14 -10
right_child=2 4 7 6 11 20 -8 16 10 17 -12 15 28 19 26 -17 22 -19 -20 27 -22 -23 -24 24 -26 -27 -28 -29 -30 -31
leaf_value=355.56298405486336 359.82305949746183 358.34020056958309 361.54969909300399 358.05997776645643 359.63107759027866 359.08563335136711 361.0676971091541 362.05513023826853 361.03644542437183 356.84516226652426 359.92340914342287 360.03621872425282 358.20193406950756 361.64229484494501 361.50720755889739 361.8311716125209 362.58953188511509 357.60044421328297 362.57856052672747 361.90721834289496 359.56685322951728 357.35159184241797 363.17181577945411 360.02728408619544 361.498054877897 360.41072762846773 360.50798710204566 362.80279842603443 358.91152229835546 361.60768278254443
leaf_weight=60 492 1090 100 1226 161 695 46 260 265 503 84 65 90 347 49 80 449 629 57 95 669 476 261 74 48 186 575 123 892 195
leaf_count=60 492 1090 100 1226 161 695 46 260 265 503 84 65 90 347 49 80 449 629 57 95 669 476 261 74 48 186 575 123 892 195
internal_value=359.44 358.394 361.348 357.635 358.99 358.875 358.169 362.191 360.57 357.228 361.212 360.292 358.58 361.683 360.273 361.027 362.603 357.291 361.422 361.939 359.322 357.091 362.804 361.031 360.606 359.984 360.586 362.413 358.846 361.279
internal_weight=10342 6682 3660 2940 3742 3436 1272 1757 1903 1668 601 306 2072 787 1302 145 970 1608 517 565 1364 979 710 222 122 678 624 218 982 460
internal_count=10342 6682 3660 2940 3742 3436 1272 1757 1903 1668 601 306 2072 787 1302 145 970 1608 517 565 1364 979 710 222 122 678 624 218 982 460
is_linear=0
shrinkage=1


Tree=1
num_leaves=31
num_cat=0
split_feature=11 11 11 10 8 11 8 10 10 11 2 0 16 11 19 10 11 10 9 10 11 0 17 12 10 9 13 26 9 9
split_gain=7.44821e+06 1.09214e+06 866970 226225 207002 168057 143368 132681 131166 61910.2 58678.3 53586.4 48078.5 44787.4 41221.2 39150.1 39011.8 38793.6 36254 27714.1 26553.5 21483.9 20826 19439.7 19025.8 15705.2 15531.9 15013.9 14817.5 13938.5
threshold=368.38000000000005 334.00500000000005 401.44000000000005 328.15000000000003 1.0000000180025095e-35 348.64500000000004 1.0000000180025095e-35 409.87500000000006 392.93500000000006 300.34000000000009 4.5000000000000009 9.5000000000000018 367.77556547619054 380.53500000000003 402.32500000000005 359.59000000000009 420.96500000000009 346.17000000000007 317.82000000000005 423.34500000000008 420.96500000000009 3.5000000000000004 35.495554529497745 360.37791666666675 376.78000000000003 333.83500000000009 10.386330250546999 1.2354166666666668 321.17500000000007 325.69000000000005
decision_type=2 2 2 2 2 2 2 2 2 2 2 2 2 2 2 2 2 2 2 2 2 2 2 2 2 2 2 2 2 2
left_child=1 3 8 9 5 17 29 12 13 -1 19 -6 22 24 -13 -7 28 -3 21 -10 -14 -11 23 27 -2 -17 -15 -4 -9 -5
right_child=2 4 7 6 11 15 -8 16 10 18 -12 14 20 26 -16 25 -18 -19 -20 -21 -22 -23 -24 -25 -26 -27 -28 -29 -30 -31
leaf_value=-3.6826992257436117 0.36437244553467246 -1.0770046305474041 1.4819818305580512 -1.4797564922341861 0.18198963059401663 -0.42434749539460342 1.5571817813979256 2.0758654013923978 1.8041949747809705 -2.4696419355604387 0.47508909483499173 0.56687370281953076 2.2364589609418597 1.9643131197715293 2.2573447975111596 -0.12738919954018188 3.2766030399288448 -0.61414188882106635 -1.7531316912042607 2.9820983819794238 3.1951243811506567 -1.9968686943901686 2.038303020388581 2.0432069987581492 0.93285598496950817 0.30963726157495564 1.0392261052484431 0.17444240819840207 2.7963783636033162 -1.1382291589135236
leaf_weight=60 492 1023 46 629 161 806 45 92 403 495 79 65 175 49 81 469 560 812 634 57 123 467 344 57 210 366 613 42 318 569
leaf_count=60 492 1023 46 629 161 806 45 92 403 495 79 65 175 49 81 469 560 812 634 57 123 467 344 57 210 366 613 42 318 569
internal_value=-2.26132e-10 -0.993073 1.81304 -1.72329 -0.433494 -0.543412 -1.21347 2.61391 1.0736 -2.10595 1.73396 0.811049 2.13153 0.81266 1.50474 -0.175772 3.00528 -0.872185 -2.04668 1.95015 2.63215 -2.24014 1.82646 1.32387 0.534432 0.0641697 1.1077 0.857929 2.6347 -1.31755
internal_weight=10342 6682 3660 2899 3783 3476 1243 1757 1903 1656 539 307 787 1364 146 1641 970 1835 1596 460 298 962 489 145 702 835 662 88 410 1198
internal_count=10342 6682 3660 2899 3783 3476 1243 1757 1903 1656 539 307 787 1364 146 1641 970 1835 1596 460 298 962 489 145 702 835 662 88 410 1198
is_linear=0
shrinkage=0.05


Tree=2
num_leaves=31
num_cat=0
split_feature=11 11 11 10 11 8 10 8 10 11 28 19 10 10 2 10 10 10 11 11 2 10 11 18 12 10 9 11 16 9
split_gain=6.72391e+06 1.08099e+06 668098 219828 204603 138368 119745 114930 106579 56510.2 54820.1 43726.5 41771 41722.2 37037.1 36880.7 32377.5 32126.8 29351.8 26542.6 26079.9 22285.8 20355.9 16400.6 20790 16340.4 14202.2 13950.4 13404.7 13280.7
threshold=371.15500000000003 334.97500000000008 401.44000000000005 328.15000000000003 351.23500000000007 1.0000000180025095e-35 409.87500000000006 1.0000000180025095e-35 395.66000000000003 300.34000000000009 0.022321428571428565 428.67500000000007 365.32000000000005 346.17000000000007 4.5000000000000009 432.89500000000004 319.00500000000005 354.73500000000007 382.44500000000005 420.96500000000009 4.5000000000000009 424.31500000000005 422.73000000000008 300.48000000000008 360.37791666666675 373.97500000000008 333.83500000000009 317.59500000000008 368.90068452380962 313.24500000000006
decision_type=2 2 2 2 2 2 2 2 2 2 2 2 2 2 2 2 2 2 2 2 2 2 2 2 2 2 2 2 2 2
left_child=1 3 8 9 7 27 11 13 18 -1 -6 23 -12 -3 21 22 29 -9 25 -13 -14 -10 -8 -4 -25 -2 -15 -5 -21 -11
right_child=2 4 6 5 10 -7 15 17 14 16 12 19 20 26 -16 -17 -18 -19 -20 28 -22 -23 -24 24 -26 -27 -28 -29 -30 -31
leaf_value=-3.4985641638437905 0.38925505767216567 -0.98287574703356073 1.9050705165863038 -1.6679532909985655 1.6761616384387015 1.4744135447910853 2.4238453567181271 0.051287328004837041 1.7700978233896454 -2.2734394386884604 -0.2176359263356038 1.9869438639635313 0.59470411867556305 -0.65790244980953461 0.5193158257890631 3.3578894287685181 -1.6577873258986189 1.9791864395141603 1.1040028781816982 2.2952549996199432 0.0038220533521074076 2.8798421089465802 2.9640910763529287 0.51562247662930882 1.8517276922861736 0.89612716277097837 -0.24474332153157055 -1.1705029101497193 3.0794402131167327 -1.9025965357619623
leaf_weight=60 352 1039 100 161 50 49 389 40 348 566 983 347 348 645 54 265 636 47 603 108 403 52 316 74 48 290 307 1131 110 421
leaf_count=60 352 1039 100 161 50 49 389 40 348 566 983 347 348 645 54 265 636 47 603 108 403 52 316 74 48 290 307 1131 110 421
internal_value=3.10685e-09 -0.903196 1.7996 -1.61116 -0.348847 -1.13358 2.48322 -0.686053 1.09264 -1.9917 0.043929 2.02496 -0.00313656 -0.763783 1.74843 2.85502 -1.93599 1.0928 0.853501 2.25858 0.277626 1.91436 2.666 1.43039 1.0413 0.618216 -0.524667 -1.23249 2.69094 -2.11526
internal_weight=10342 6886 3456 3024 3862 1341 1757 2078 1699 1683 1784 787 1734 1991 454 970 1623 87 1245 565 751 400 705 222 122 642 952 1292 218 987
internal_count=10342 6886 3456 3024 3862 1341 1757 2078 1699 1683 1784 787 1734 1991 454 970 1623 87 1245 565 751 400 705 222 122 642 952 1292 218 987
is_linear=0
shrinkage=0.05


Tree=3
num_leaves=31
num_cat=0
split_feature=11 10 11 11 8 11 10 10 11 11 2 0 10 16 10 11 11 19 9 9 11 10 8 15 13 13 2 13 10 9
split_gain=6.07093e+06 893898 705018 224029 221669 114406 108908 108070 60331.1 55793.6 50614.1 46005.5 45768.9 40040.2 37623.1 33342.3 30301.3 28316 25236.8 22323.5 21997.7 17936 17473.9 17464.8 26446.2 42977.7 19243.9 15189.2 14648.4 14149.5
threshold=368.38000000000005 340.09000000000009 401.44000000000005 324.75500000000005 1.0000000180025095e-35 348.64500000000004 385.27500000000003 409.87500000000006 339.30500000000006 300.34000000000009 4.5000000000000009 10.500000000000002 320.50500000000005 367.77556547619054 407.24500000000006 415.84500000000008 382.44500000000005 402.32500000000005 330.02500000000003 321.17500000000007 415.22000000000008 431.66500000000002 1.0000000180025095e-35 407.03500000000003 10.790393427095889 11.783583696410485 1.0000000180025095e-35 10.386330250546999 328.15000000000003 313.02500000000003
decision_type=2 2 2 2 2 2 2 2 2 2 2 2 2 2 2 2 2 2 2 2 2 2 2 2 2 2 2 2 2 2
left_child=1 3 6 9 5 19 16 13 28 -1 14 -6 29 23 -8 -9 -2 -13 -7 -3 -15 -17 -10 24 -4 -26 -27 -18 -5 -11
right_child=2 4 7 8 11 18 10 15 22 12 -12 17 -14 20 -16 21 27 -19 -20 -21 -22 -23 -24 -25 25 26 -28 -29 -30 -31
leaf_value=-3.2505178676711193 0.4560405001603971 -0.94538866464077076 2.4784780754762537 -1.5050169549742423 0.47296988736480883 -0.31810014006130144 1.3401230122145773 2.2278465115107022 -0.78241170289840978 -2.2374919763281329 0.36592799241164914 0.71266580805545898 -1.4962647260383466 1.882083964253974 2.1579132037587683 2.6980607564836943 1.8555571916368274 2.3219756928885853 0.10210126990480438 -0.56088870196508123 2.7507788903531973 3.2192777757900433 0.044414466102090149 2.0659461102834564 -0.15568868958431742 2.231792243558969 1.2233893143834536 0.88628302157976169 -1.1477061089157565 -1.8418719512111736
leaf_weight=72 699 655 51 479 146 699 463 260 568 484 97 41 623 127 202 449 45 82 731 891 171 261 72 164 46 67 161 397 715 424
leaf_count=72 699 655 51 479 146 699 463 260 568 484 97 41 623 127 202 449 45 82 731 891 171 261 72 164 46 67 161 397 715 424
internal_value=2.93375e-09 -0.896567 1.63685 -1.45849 -0.301394 -0.425638 0.970046 2.35906 -1.08109 -1.89027 1.4329 1.07314 -1.8263 1.92371 1.58853 2.71227 0.660935 1.78554 -0.103298 -0.723791 2.38056 2.88966 -0.689394 1.6453 1.43304 1.23845 1.51972 0.984965 -1.29105 -2.05275
internal_weight=10342 6682 3660 3437 3245 2976 1903 1757 1834 1603 762 269 1531 787 665 970 1141 123 1430 1546 298 710 640 489 325 274 228 442 1194 908
internal_count=10342 6682 3660 3437 3245 2976 1903 1757 1834 1603 762 269 1531 787 665 970 1141 123 1430 1546 298 710 640 489 325 274 228 442 1194 908
is_linear=0
shrinkage=0.05


Tree=4
num_leaves=31
num_cat=0
split_feature=11 11 10 8 11 11 10 11 2 11 11 10 10 10 10 19 0 11 9 19 2 10 19 5 18 9 9 0 9 12
split_gain=5.48407e+06 828052 670814 182820 182578 131341 96285.3 79716.3 60056.8 51554.4 43165.4 41422.1 41264.9 38879.1 38577.2 36511.7 29118.4 25537 22048.7 18845.9 16926.6 15367.6 14752.7 14520.6 13388.3 12770 12500.2 15408.1 12261.1 14104.5
threshold=363.46000000000009 395.73000000000008 339.15500000000003 1.0000000180025095e-35 324.75500000000005 417.44500000000005 381.35000000000008 342.23500000000007 4.5000000000000009 300.34000000000009 339.30500000000006 403.97000000000008 425.81000000000006 320.50500000000005 402.30000000000007 402.32500000000005 9.5000000000000018 379.80500000000006 320.38000000000005 428.67500000000007 3.5000000000000004 361.45500000000004 427.84000000000003 -0.70710678118654757 306.19500000000005 313.02500000000003 332.37500000000006 4.5000000000000009 322.36500000000007 369.40416666666675
decision_type=2 2 2 2 2 2 2 2 2 2 2 2 2 2 2 2 2 2 2 2 2 2 2 2 2 2 2 2 2 2
left_child=2 6 4 7 9 14 17 20 11 -1 26 -8 19 25 22 -5 -17 -2 -9 -7 -4 -20 24 -13 -3 -11 27 -6 29 -16
right_child=1 5 3 15 10 12 8 18 -10 13 -12 23 -14 -15 28 16 -18 -19 21 -21 -22 -23 -24 -25 -26 -27 -28 -29 -30 -31
leaf_value=-3.1216797546601636 0.28858452177673127 1.381718224716006 -0.46051428561379026 0.060197477440039317 -1.5764851211205775 1.6115733737037297 1.1162377895089794 -0.58215455292732621 0.29227748428072248 -2.1256173906247482 -0.69996004100822451 2.4510720698038737 2.9678772942870078 -1.4329707700722289 2.0077599996252906 0.67567218991748079 2.1545478668808937 0.77978335096375995 -0.33692278277787746 2.4164446471801986 -0.93280970499647475 0.01067785290732931 1.6547556315142602 1.5451990056311948 0.49097880413455353 -1.7497783283017718 -0.95588696536855766 -1.1474185772900729 2.2035037504729407 0.85542583107948311
leaf_weight=71 832 132 246 60 368 84 502 436 168 484 560 90 382 606 79 57 80 388 663 542 829 611 305 87 62 424 297 485 372 40
leaf_count=71 832 132 246 60 368 84 502 436 168 484 560 90 382 606 79 57 80 388 663 542 829 611 305 87 62 424 297 485 372 40
internal_value=1.28612e-09 1.43075 -0.92656 -0.383223 -1.41828 2.15659 0.729144 -0.487347 1.1387 -1.80487 -1.05995 1.34813 2.55835 -1.74312 1.74754 1.08878 1.53925 0.444802 -0.275249 2.30844 -0.824731 -0.170216 1.43793 2.00581 1.09705 -1.95012 -1.23525 -1.33253 2.06219 1.62042
internal_weight=10342 4065 6277 2982 3295 1998 2067 2785 847 1585 1710 679 1008 1514 990 197 137 1220 1710 626 1075 1274 499 177 194 908 1150 853 491 119
internal_count=10342 4065 6277 2982 3295 1998 2067 2785 847 1585 1710 679 1008 1514 990 197 137 1220 1710 626 1075 1274 499 177 194 908 1150 853 491 119
is_linear=0
shrinkage=0.05


Tree=5
num_leaves=31
num_cat=0
split_feature=11 11 11 10 11 10 8 8 19 11 10 28 2 10 11 19 10 9 11 0 13 13 8 2 9 10 9 9 9 2
split_gain=4.94992e+06 802328 496290 158382 157666 116205 106454 90816.5 59378.5 41477.8 41217 39313.4 37788.5 34775.3 32428 30686.2 25805.2 25725.9 21577 18610.1 17979 16686.4 16651.9 16501.6 16493.5 15741.2 14919 14461.1 14423.5 12744.1
threshold=371.15500000000003 334.58500000000004 408.94500000000011 328.15000000000003 354.42500000000007 395.66000000000003 1.0000000180025095e-35 1.0000000180025095e-35 427.84000000000003 300.34000000000009 351.15000000000003 0.022321428571428565 3.5000000000000004 432.89500000000004 386.03500000000003 409.87000000000006 366.47500000000008 318.24500000000006 432.89500000000004 3.5000000000000004 25.232407991572924 10.607254350858371 1.0000000180025095e-35 4.5000000000000009 324.66500000000002 420.32500000000005 333.83500000000009 324.59500000000008 308.23000000000008 4.5000000000000009
decision_type=2 2 2 2 2 2 2 2 2 2 2 2 2 2 2 2 2 2 2 2 2 2 2 2 2 2 2 2 2 2
left_child=1 3 5 9 7 14 -5 10 20 -1 -3 -6 25 18 28 -9 -13 19 24 -11 -4 -16 -14 -18 -10 -7 29 -24 -2 -12
right_child=2 4 8 6 11 12 -8 15 13 17 26 16 22 -15 21 -17 23 -19 -20 -21 -22 -23 27 -25 -26 -27 -28 -29 -30 -31
leaf_value=-3.005026110013326 -0.20564827601666802 -0.78718346064486855 0.76756081154097378 -1.0678634767525714 1.5970642353992823 1.7667080580638004 1.3313066839861374 -0.082665307433516896 1.8481828547928665 -2.0342705984171592 -0.053302157944641437 -0.13016057614959711 0.52375665654738746 2.9125586333929325 1.9091967370775009 1.5300637837556694 0.55838439132516782 -1.4136950833785937 2.7063724887428102 -1.6016344366241093 1.8065385567058219 0.98721040973308249 0.8137620248656342 0.049306323496194987 2.3231747314333915 2.6136707334807427 -0.059032309979883547 1.7208096925877343 0.64045786244125769 -0.60981247870130639
leaf_weight=60 54 1412 67 1258 43 325 48 54 305 511 130 781 78 255 54 65 312 621 209 484 110 538 69 325 456 66 289 121 749 493
leaf_count=60 54 1412 67 1258 43 325 48 54 305 511 130 781 78 255 54 65 312 621 209 484 110 538 69 325 456 66 289 121 749 493
internal_value=3.05414e-09 -0.774943 1.54406 -1.39248 -0.303248 1.04903 -0.979686 -0.548973 2.26929 -1.71415 -0.617956 0.107638 1.59621 2.39298 0.790547 0.798237 0.0624718 -1.66622 2.25639 -1.82382 1.41325 1.07131 1.13888 0.298651 2.1328 1.90967 -0.355951 1.39141 0.583559 -0.493687
internal_weight=10342 6886 3456 2982 3904 2054 1306 2443 1402 1676 2324 1461 659 1225 1395 119 1418 1616 970 995 177 592 268 637 761 391 912 190 803 623
internal_count=10342 6886 3456 2982 3904 2054 1306 2443 1402 1676 2324 1461 659 1225 1395 119 1418 1616 970 995 177 592 268 637 761 391 912 190 803 623
is_linear=0
shrinkage=0.05


Tree=6
num_leaves=31
num_cat=0
split_feature=11 11 10 8 11 11 10 11 2 10 11 11 10 9 0 16 13 9 15 19 9 11 9 10 10 17 4 10 2 15
split_gain=4.47253e+06 675030 552858 150679 149848 108868 80867.6 64818.4 49736.5 44891.4 42597.5 34836.9 34252.1 34197.9 31516.2 25045.8 20752.6 19267.7 18535.4 16836.4 16192.5 15747.7 15630.5 13970.7 13606.2 12638.9 11906.9 11655.4 11052.4 10875.5
threshold=363.46000000000009 395.73000000000008 339.15500000000003 1.0000000180025095e-35 324.75500000000005 420.96500000000009 381.35000000000008 341.73000000000008 4.5000000000000009 406.49500000000006 300.34000000000009 339.30500000000006 407.24500000000006 321.83500000000004 10.500000000000002 367.77556547619054 9.3323925063245223 320.38000000000005 400.44000000000011 412.53500000000003 325.27500000000003 378.49500000000006 325.2050000000001 319.61000000000007 356.79500000000007 35.670249727784082 -0.70710678118654735 344.34500000000008 1.0000000180025095e-35 349.69000000000005
decision_type=2 2 2 2 2 2 2 2 2 2 2 2 2 2 2 2 2 2 2 2 2 2 2 2 2 2 2 2 2 2
left_child=2 6 4 7 10 9 16 22 12 20 -1 -6 -8 23 -5 18 -2 -9 29 -16 25 27 -4 -12 -19 -3 -24 -18 -13 -7
right_child=1 5 3 14 11 15 8 17 -10 -11 13 28 -14 -15 19 -17 21 24 -20 -21 -22 -23 26 -25 -26 -27 -28 -29 -30 -31
leaf_value=-2.8303506407939216 1.3955714741647245 0.56466367531132389 -0.93371531031992316 0.38252909840906368 -1.1160153414522642 2.0094038918960928 1.0402920663969539 -0.53487245629106683 0.26367210316516104 1.9818050711622863 -1.8450276742552685 -0.36508848049669673 1.9090334173705843 -1.1820273407415225 0.88426118672984411 2.6194250739669021 -0.20180640448022774 -0.35564971153179337 2.2859884167945435 2.2281632211473252 1.6287825586456881 0.60235174627562704 0.065013360588446908 -1.4686501209005756 -0.026025309989167467 1.2911741868381608 -0.64646451599783639 0.31094543331465196 -0.81784594184802684 0.90334955091061797
leaf_weight=71 50 77 556 102 1150 43 535 454 168 535 743 226 144 402 41 489 135 519 233 54 306 416 69 369 789 269 398 619 334 46
leaf_count=71 50 77 556 102 1150 43 535 454 168 535 743 226 144 402 41 489 135 519 233 54 306 416 69 369 789 269 398 619 334 46
internal_value=1.41888e-09 1.29208 -0.836755 -0.343497 -1.28316 1.94743 0.658608 -0.438025 1.03395 1.64236 -1.63339 -0.958531 1.22453 -1.57725 0.99286 2.39395 0.398023 -0.254227 2.05153 1.64816 1.36382 0.355393 -0.754597 -1.72013 -0.156817 1.12949 -0.541343 0.21914 -0.635126 1.43774
internal_weight=10342 4065 6277 2982 3295 1998 2067 2785 847 1187 1585 1710 679 1514 197 811 1220 1762 322 95 652 1170 1023 1112 1308 346 467 754 560 89
internal_count=10342 4065 6277 2982 3295 1998 2067 2785 847 1187 1585 1710 679 1514 197 811 1220 1762 322 95 652 1170 1023 1112 1308 346 467 754 560 89
is_linear=0
shrinkage=0.05


Tree=7
num_leaves=31
num_cat=0
split_feature=11 11 10 8 11 10 10 11 2 11 11 19 9 0 10 11 11 13 19 11 13 2 11 10 10 17 10 23 4 10
split_gain=4.03694e+06 567518 526710 142942 138774 96483.1 73021.4 63867.4 39378.5 38444.2 34301.2 33667.7 30863.6 29116.2 28675.5 26828.1 20721 20719.1 20417.6 18563.2 17978.8 14523.7 14225.5 13816.7 12630.8 12230.6 11899.1 12072.1 11578.9 11293.8
threshold=364.95500000000004 396.69500000000005 339.15500000000003 1.0000000180025095e-35 324.75500000000005 408.90500000000003 381.35000000000008 342.23500000000007 4.5000000000000009 300.34000000000009 343.71000000000009 428.67500000000007 321.83500000000004 9.5000000000000018 405.52500000000003 414.39000000000004 418.89500000000004 9.3323925063245223 409.87000000000006 357.34000000000009 13.634155048378727 3.5000000000000004 380.53500000000003 425.81000000000006 319.00500000000005 36.30660020481325 344.34500000000008 29.516666666666676 -0.37940952255126065 328.95500000000004
decision_type=2 2 2 2 2 2 2 2 2 2 2 2 2 2 2 2 2 2 2 2 2 2 2 2 2 2 2 2 2 2
left_child=2 6 4 7 9 11 17 21 14 -1 29 20 24 -5 -8 -7 -13 -2 -15 -9 -3 28 26 -17 -11 -16 27 -19 -4 -6
right_child=1 5 3 13 10 15 8 19 -10 12 -12 16 -14 18 25 23 -18 22 -20 -21 -22 -23 -24 -25 -26 -27 -28 -29 -30 -31
leaf_value=-2.6888330721519367 1.3987432366609573 0.069372298659347909 0.23619653915365535 0.28616112775423308 -1.1759002567974546 1.7677550629219589 0.99559403861662321 -0.32442373095211702 0.28596967352640551 -1.7560260264514245 -0.46936685695416397 1.4686860379207918 -1.1229259913722378 0.66840530025959022 2.0987118988037112 2.1121279390307439 2.0544506138954008 0.11799517971824627 1.9874237671704362 0.024720376357627374 1.2012899229310667 -0.8052664378601766 0.61883900755106103 2.5398596277339855 -1.4011756296479265 1.2217578396652684 0.32969540308402323 -0.90379955884886953 -0.56260625787519958 -0.88682794959975342
leaf_weight=71 50 41 60 99 619 272 522 1247 151 730 360 396 402 50 100 345 244 98 71 548 243 829 354 417 382 66 604 41 186 744
leaf_count=71 50 41 60 99 619 272 522 1247 151 730 360 396 402 50 100 345 244 98 71 548 243 829 354 417 382 66 604 41 186 744
internal_value=-5.97668e-10 1.25819 -0.775604 -0.306211 -1.21406 1.86225 0.662658 -0.400365 1.01715 -1.55172 -0.903456 1.49096 -1.49839 0.922079 1.17763 2.19404 1.69201 0.403357 1.44237 -0.217833 1.03788 -0.705152 0.357988 2.3462 -1.63413 1.75004 0.233706 -0.183398 -0.367776 -1.01811
internal_weight=10342 3944 6398 3090 3308 1958 1986 2870 839 1585 1723 924 1514 220 688 1034 640 1147 121 1795 284 1075 1097 762 1112 166 743 139 246 1363
internal_count=10342 3944 6398 3090 3308 1958 1986 2870 839 1585 1723 924 1514 220 688 1034 640 1147 121 1795 284 1075 1097 762 1112 166 743 139 246 1363
is_linear=0
shrinkage=0.05


Tree=8
num_leaves=31
num_cat=0
split_feature=11 11 10 8 11 11 11 10 2 19 9 11 9 10 16 0 15 11 10 16 11 9 11 13 10 5 25 2 7 13
split_gain=3.64418e+06 549851 451564 145219 89747.6 87718.2 77278 65867.5 41049.9 33078.4 29581.2 33082.1 29467.9 29375.2 28923.2 26370.5 22367.7 21471.6 20439.4 18385.2 17464.9 15071.5 14183.5 12616.1 12574.3 12061.7 11747.4 10377.2 10334.9 9420.37
threshold=363.46000000000009 395.73000000000008 332.83000000000004 1.0000000180025095e-35 417.44500000000005 342.00500000000005 324.41500000000002 380.73000000000008 4.5000000000000009 402.32500000000005 316.32500000000005 300.34000000000009 325.27500000000003 403.97000000000008 367.77556547619054 8.5000000000000018 411.15500000000003 340.31000000000006 353.62500000000006 359.83952380952383 379.80500000000006 333.83500000000009 329.05500000000006 38.455038718150675 408.90500000000003 -0.70710678118654757 1.0999999999999963 4.5000000000000009 -0.99465740988130902 10.607254350858371
decision_type=2 2 2 2 2 2 2 2 2 2 2 2 2 2 2 2 2 2 2 2 2 2 2 2 2 2 2 2 2 2
left_child=2 7 6 5 12 22 10 20 13 -5 11 -1 23 -9 16 -11 19 -8 -7 -6 28 27 -4 26 -14 -15 -3 -20 -2 -22
right_child=1 4 3 9 14 18 17 8 -10 15 -12 -13 24 25 -16 -17 -18 -19 21 -21 29 -23 -24 -25 -26 -27 -28 -29 -30 -31
leaf_value=-3.0202388874862507 -0.46689717680873244 0.64293517905420494 -0.98057234243081881 -0.040144404559068279 1.6206137672066689 -0.44614625441279254 -1.0898858480827094 0.90538968797490904 0.22871206238952993 0.2494988198984753 -1.2578216146990178 -1.6386984102098818 1.4467523333744501 2.0555075083838572 2.3213628643616855 1.7118211164057833 2.0458552332334619 -0.59026764452264746 0.02672020244762438 0.37183086514472963 1.3214493144642223 0.12266243530847309 -0.65743051415279852 1.4655055914169703 1.9228628755094537 1.2298887066457465 1.3191019901862511 -0.3909382213070754 0.26827311349515764 0.54300756561863528
leaf_weight=46 51 168 484 71 112 798 832 528 171 44 620 747 313 90 577 103 279 290 218 40 44 418 1138 156 249 87 104 468 763 333
leaf_count=46 51 168 484 71 112 798 832 528 171 44 620 747 313 90 577 103 279 290 218 40 44 418 1138 156 249 87 104 468 763 333
internal_value=4.8812e-10 1.16631 -0.755304 -0.406252 1.75778 -0.483723 -1.27055 0.59458 0.923689 0.846079 -1.51655 -1.71884 1.41964 1.09226 2.08988 1.27412 1.77999 -0.960751 -0.253357 1.29199 0.352515 -0.114005 -0.753855 1.10705 1.6577 1.64969 0.90147 -0.258213 0.222212 0.63386
internal_weight=10342 4065 6277 3742 1998 3524 2535 2067 876 218 1413 793 990 705 1008 147 431 1122 1902 152 1191 1104 1622 428 562 177 272 686 814 377
internal_count=10342 4065 6277 3742 1998 3524 2535 2067 876 218 1413 793 990 705 1008 147 431 1122 1902 152 1191 1104 1622 428 562 177 272 686 814 377
is_linear=0
shrinkage=0.05


Tree=9
num_leaves=31
num_cat=0
split_feature=11 11 11 8 10 11 8 10 19 0 2 10 10 11 9 11 9 11 13 19 13 9 10 0 2 9 0 8 9 9
split_gain=3.29161e+06 538789 333082 113066 105306 88709.3 80473.3 78622.8 41624 30636.1 29939.8 25936.4 24601.7 23045.1 22569 21570.3 17548.4 16327.5 15923.3 15286.1 13644.3 13095.3 12244.3 10848.5 11661.3 10513.4 10198 10090.9 12041 9957.97
threshold=371.15500000000003 334.00500000000005 408.94500000000011 1.0000000180025095e-35 321.95000000000005 351.23500000000007 1.0000000180025095e-35 395.66000000000003 427.84000000000003 10.500000000000002 3.5000000000000004 432.89500000000004 351.15000000000003 300.34000000000009 331.24000000000007 382.44500000000005 330.80000000000007 432.89500000000004 10.18733216452757 402.32500000000005 25.232407991572924 324.66500000000002 420.96500000000009 4.5000000000000009 1.5000000000000002 310.04000000000002 3.5000000000000004 1.0000000180025095e-35 323.36500000000007 308.23000000000008
decision_type=2 2 2 2 2 2 2 2 2 2 2 2 2 2 2 2 2 2 2 2 2 2 2 2 2 2 2 2 2 2
left_child=1 4 7 5 13 12 16 15 20 -5 22 17 -3 -1 -7 29 23 21 -17 -11 -4 -10 -9 -6 -25 26 -15 -12 -29 -2
right_child=2 3 8 9 6 14 -8 10 11 19 27 -13 -14 25 -16 18 -18 -19 -20 -21 -22 -23 -24 24 -26 -27 -28 28 -30 -31
leaf_value=-2.5254697624242533 -0.29792304394597358 -0.67588941353878673 0.5740452229087033 0.21224397926398361 -1.2809573787086188 -0.22172423877278111 1.1448891724677797 1.4635540923683306 1.4777410577164323 0.60791550779688186 0.41774342124087688 2.4055344682581286 -0.31971416216719906 -1.9022195283236081 0.1670656587067163 1.723917253121086 -0.70406029641960755 2.2302934028315202 0.76386237042880978 1.6358621169077723 1.4791492038423366 1.9009813341459161 2.2398659880956013 -0.36956860570890182 -1.0181687679604063 -1.3465418052544986 -1.4075786141496078 0.53467401864472774 1.3768503414260018 0.48145096841716772
leaf_weight=53 44 1358 67 222 376 829 47 331 305 69 78 255 754 213 679 46 493 209 707 76 110 456 60 77 693 743 204 64 126 598
leaf_count=53 44 1358 67 222 376 829 47 331 305 69 78 255 754 213 679 46 493 209 707 76 110 456 60 77 693 743 204 64 126 598
internal_value=-1.29929e-09 -0.631939 1.25912 -0.254804 -1.15061 -0.339584 -0.895006 0.853585 1.85326 0.581444 1.30366 1.95682 -0.548732 -1.50589 -0.0466657 0.640968 -0.953502 1.83886 0.822511 1.1467 1.13654 1.73135 1.58268 -1.06081 -0.953309 -1.45931 -1.66024 0.896591 1.09317 0.428036
internal_weight=10342 6886 3456 3987 2899 3620 1686 2054 1402 367 659 1225 2112 1213 1508 1395 1639 970 753 145 177 761 391 1146 770 1160 417 268 190 642
internal_count=10342 6886 3456 3987 2899 3620 1686 2054 1402 367 659 1225 2112 1213 1508 1395 1639 970 753 145 177 761 391 1146 770 1160 417 268 190 642
is_linear=0
shrinkage=0.05


Tree=10
num_leaves=31
num_cat=0
split_feature=11 11 10 11 8 11 10 11 8 9 11 9 19 11 10 19 17 5 9 2 13 25 9 12 7 10 10 9 0 4
split_gain=2.97564e+06 457464 366726 99742.4 97152.3 74988.2 56427.7 39223.1 33416.3 31557.5 28339.1 25309.7 25180.6 23825.8 20854.3 20181.6 18035.7 17643.8 14737.4 14591.2 13900.3 13698.1 13158.4 12791.5 12290.7 12131.2 11361.4 10010.7 13335.9 9973.68
threshold=362.95000000000005 395.73000000000008 339.76500000000004 324.41500000000002 1.0000000180025095e-35 420.32500000000005 376.78000000000003 341.73000000000008 1.0000000180025095e-35 325.27500000000003 300.34000000000009 325.34000000000009 402.32500000000005 339.30500000000006 407.24500000000006 443.87500000000006 23.26182996334725 -0.5 320.38000000000005 3.5000000000000004 35.226666402245179 -1.1500000000000001 325.2050000000001 372.17666666666673 -0.99761278905001471 415.22000000000008 319.00500000000005 332.14000000000004 3.5000000000000004 -0.60355339059327362
decision_type=2 2 2 2 2 2 2 2 2 2 2 2 2 2 2 2 2 2 2 2 2 2 2 2 2 2 2 2 2 2
left_child=2 6 3 10 7 9 16 22 19 20 -1 26 -6 27 -10 -7 -2 -14 -9 -8 21 -3 -4 -22 -18 -11 -12 28 -5 -24
right_child=1 5 4 13 12 15 8 18 14 25 11 -13 17 -15 -16 -17 24 -19 -20 -21 23 -23 29 -25 -26 -27 -28 -29 -30 -31
leaf_value=-2.3043301789296997 1.2501639474993169 0.12865301451899788 -0.76939659045252373 -1.2865119874689503 -0.060923204871646146 1.6751860148179067 0.80354014431416498 -0.45678583852912819 0.90196586691168812 1.3838258923486653 -1.4978650301964054 -0.82527258799570369 1.6421325930629871 -0.52570244133433974 1.6434224685654044 2.164388863672003 -0.54294655949342996 0.4531722196638584 -0.12079384894558352 0.27459929939891609 1.4362129786047519 0.983971641985526 0.15087287637634555 0.56976161627274635 0.27621416925054848 1.8288439804243173 -1.186077428041999 -0.67624468319812181 -0.87010835825369282 -0.50350678846759389
leaf_weight=72 46 66 539 281 57 385 244 439 366 403 775 246 83 581 128 466 48 50 1272 280 217 161 69 53 995 247 469 322 609 373
leaf_count=72 46 66 539 281 57 385 244 439 366 403 775 246 83 581 128 466 48 50 1272 280 217 161 69 53 995 247 469 322 609 373
internal_value=-1.09561e-09 1.04542 -0.68806 -1.04341 -0.274392 1.58745 0.531423 -0.351516 0.799046 1.3236 -1.3355 -1.28868 0.818332 -0.788951 1.09408 1.94307 0.281248 1.19516 -0.207001 0.5209 1.02367 0.735289 -0.60357 1.26613 0.238515 1.55293 -1.38032 -0.915146 -1.00158 -0.401352
internal_weight=10342 4105 6237 3355 2882 1998 2107 2692 1018 1147 1562 1490 190 1793 494 851 1089 133 1711 524 497 227 981 270 1043 650 1244 1212 890 442
internal_count=10342 4105 6237 3355 2882 1998 2107 2692 1018 1147 1562 1490 190 1793 494 851 1089 133 1711 524 497 227 981 270 1043 650 1244 1212 890 442
is_linear=0
shrinkage=0.05


Tree=11
num_leaves=31
num_cat=0
split_feature=11 10 11 8 11 10 11 19 11 10 0 2 9 10 11 19 11 13 11 5 9 17 9 12 10 9 9 10 7 13
split_gain=2.68595e+06 444394 272337 111085 101449 64358.4 62295.6 35264 29484.5 26894.1 25841.3 25551.8 22089.3 22004 17941.8 14288.8 14214.8 14197.4 13521.8 13455.1 12973.5 12608.9 11521.2 11325.8 10464.4 9368.13 8866.12 8645.63 13773.1 13081.4
threshold=371.15500000000003 340.09000000000009 408.94500000000011 1.0000000180025095e-35 324.75500000000005 395.66000000000003 355.57000000000005 427.84000000000003 343.71000000000009 314.92000000000007 10.500000000000002 3.5000000000000004 321.17500000000007 432.89500000000004 382.44500000000005 412.53500000000003 302.34500000000008 10.18733216452757 428.59000000000003 0.25881904510252057 330.02500000000003 35.670249727784082 324.59500000000008 342.59229166666677 420.32500000000005 334.22000000000008 308.23000000000008 328.15000000000003 -0.35846086284744721 14.376815645731243
decision_type=2 2 2 2 2 2 2 2 2 2 2 2 2 2 2 2 2 2 2 2 2 2 2 2 2 2 2 2 2 2
left_child=1 4 5 6 9 14 12 21 27 16 -5 24 -3 18 26 -12 -1 -16 22 25 -8 -4 -9 -10 -7 -14 -2 28 29 -6
right_child=2 3 7 10 8 11 20 13 23 -11 15 -13 19 -15 17 -17 -18 -19 -20 -21 -22 -23 -24 -25 -26 -27 -28 -29 -30 -31
leaf_value=-2.2197058465745712 -0.30086897388100625 -0.61836747606163445 0.48696885368098386 0.31740366413452947 -2.0756918326668119 1.3191038006910913 -0.13083265271934796 1.2636915233135224 -0.16983374761949693 -1.0894045820406164 0.74112452211445323 0.80184708638533742 -0.23698545487300643 2.1832551264295392 1.595059619260871 1.7446457900862766 -1.4302688235599863 0.68852627651144838 1.9261265136995673 -0.43203255736529667 0.22863735154916798 1.3522521183446603 1.6967985318908143 -0.69509940922697211 2.0096644661643288 0.20113367720620134 0.43453735440882257 -0.73095756634154718 -0.81582607080604097 -1.0926146051846446
leaf_weight=63 44 805 69 172 46 325 461 250 280 939 73 268 414 255 46 69 601 707 322 704 551 108 398 162 66 173 598 863 382 128
leaf_count=63 44 805 69 172 46 325 461 250 280 939 73 268 414 255 46 69 601 707 322 704 551 108 398 162 66 173 598 863 382 128
internal_value=-7.17943e-12 -0.570847 1.1374 -0.166719 -0.970076 0.7707 -0.257267 1.67463 -0.718946 -1.26162 0.729542 1.17791 -0.412811 1.76995 0.578334 1.22875 -1.50517 0.743905 1.6613 -0.284637 0.0648867 1.01494 1.5297 -0.362352 1.43567 -0.107863 0.384136 -0.83002 -0.983781 -1.35251
internal_weight=10342 6886 3456 3422 3464 2054 3108 1402 1861 1603 314 659 2096 1225 1395 142 664 753 970 1291 1012 177 648 442 391 587 642 1419 556 174
internal_count=10342 6886 3456 3422 3464 2054 3108 1402 1861 1603 314 659 2096 1225 1395 142 664 753 970 1291 1012 177 648 442 391 587 642 1419 556 174
is_linear=0
shrinkage=0.05


Tree=12
num_leaves=31
num_cat=0
split_feature=11 11 10 8 10 11 11 10 2 19 9 13 11 5 11 0 11 19 13 13 10 9 11 2 9 7 15 15 2 24
split_gain=2.42685e+06 373611 300720 90441.2 62539.9 56793.7 50977.4 47664.4 29257.6 26349.5 25240.6 24100.6 21872.6 21145.8 19067.2 18679.7 16747.1 16724.5 16370.6 14553.8 14020 11452.5 11081.3 13416.6 10487.8 10380.4 10364 9958.76 10810.7 9424.86
threshold=362.95000000000005 395.73000000000008 334.38000000000005 1.0000000180025095e-35 408.90500000000003 324.41500000000002 341.73000000000008 381.35000000000008 4.5000000000000009 402.32500000000005 321.77500000000003 10.790393427095889 300.34000000000009 -0.70710678118654757 414.39000000000004 8.5000000000000018 346.75500000000005 428.67500000000007 14.741334363978735 9.3323925063245223 356.35000000000008 333.83500000000009 316.06000000000006 1.0000000180025095e-35 312.61000000000007 -0.99761278905001471 410.74500000000006 351.27000000000004 1.0000000180025095e-35 21.569940476190478
decision_type=2 2 2 2 2 2 2 2 2 2 2 2 2 2 2 2 2 2 2 2 2 2 2 2 2 2 2 2 2 2
left_child=2 7 5 6 11 10 22 19 13 -5 12 -3 -1 26 -6 -11 29 18 -13 -2 -8 -22 -4 -24 -25 -21 -9 -19 -29 -7
right_child=1 4 3 9 14 16 20 8 -10 15 -12 17 -14 -15 -16 -17 -18 27 -20 25 21 -23 23 24 -26 -27 -28 28 -30 -31
leaf_value=-2.361840402846243 1.1191265652179718 1.7583441459080753 -1.2516843417334178 -0.13012006769351889 1.3490548286693438 -0.67864602735122215 -0.34956644684391242 0.95566852533972113 0.19119296688959003 0.16324970539659264 -0.86885130573990266 -0.20700695633888247 -1.3011472907976556 0.7518179860712576 1.8315480738902694 1.4381276022569807 -0.31980121716094967 0.68671969318220139 0.88365053280703421 -0.41003333590271185 -0.20980891712702984 0.14425698838945802 0.18446083334939822 -0.85744703587514182 -0.52680311296939086 0.28128756169578323 1.7308344909123012 1.7067632327645512 1.1506709241769788 -0.97403590530397821
leaf_weight=51 50 136 63 66 280 479 899 77 175 40 362 40 1034 504 762 102 176 79 246 57 602 368 56 315 1005 1146 98 118 337 619
leaf_count=51 50 136 63 66 280 479 899 77 175 40 362 40 1034 504 762 102 176 79 246 57 602 368 56 315 1005 1146 98 118 337 619
internal_value=9.71688e-11 0.944106 -0.621381 -0.315958 1.43395 -1.01604 -0.379546 0.479603 0.767662 0.695342 -1.23038 1.1419 -1.351 0.916236 1.7019 1.07901 -0.772594 1.03966 0.731111 0.283272 -0.207319 -0.0754829 -0.603238 -0.573549 -0.605707 0.248532 1.38976 1.20492 1.29489 -0.845173
internal_weight=10342 4105 6237 3516 1998 2721 3308 2107 854 208 1447 956 1085 679 1042 142 1274 820 286 1253 1869 970 1439 1376 1320 1203 175 534 455 1098
internal_count=10342 4105 6237 3516 1998 2721 3308 2107 854 208 1447 956 1085 679 1042 142 1274 820 286 1253 1869 970 1439 1376 1320 1203 175 534 455 1098
is_linear=0
shrinkage=0.05


Tree=13
num_leaves=31
num_cat=0
split_feature=11 10 11 8 11 10 11 9 19 13 2 5 11 10 9 10 13 0 11 10 2 9 18 10 2 9 11 10 13 0
split_gain=2.19214e+06 363972 223357 90773.1 82709.7 59596.5 51080 27687.9 25645.7 23174.2 22714.5 22478.4 21681.1 21472.7 19250.9 17029.4 16085.7 12904.7 12729.5 12620.2 11412.4 11111.9 10026 9671.94 12497.5 9587.88 9400.04 9148.53 8689.01 12645.4
threshold=371.15500000000003 340.09000000000009 411.4550000000001 1.0000000180025095e-35 327.84500000000008 392.93500000000006 355.57000000000005 321.83500000000004 427.84000000000003 14.92357113003632 3.5000000000000004 0.25881904510252057 300.34000000000009 378.09000000000009 311.53000000000003 430.73000000000008 9.3323925063245223 3.5000000000000004 382.44500000000005 420.96500000000009 1.5000000000000002 330.02500000000003 310.41500000000002 354.73500000000007 4.5000000000000009 334.22000000000008 432.89500000000004 371.96500000000009 13.429067211446414 8.5000000000000018
decision_type=2 2 2 2 2 2 2 2 2 2 2 2 2 2 2 2 2 2 2 2 2 2 2 2 2 2 2 2 2 2
left_child=1 4 5 6 7 16 14 12 22 -5 19 20 -1 -11 -3 26 -2 -14 27 -7 28 -8 -4 -16 -25 -26 -10 -18 -6 -30
right_child=2 3 8 9 11 10 21 -9 15 13 -12 -13 17 -15 23 -17 18 -19 -20 -21 -22 -23 -24 24 25 -27 -28 -29 29 -31
leaf_value=-2.2437483890383851 1.324961859189858 -0.73638553860206768 1.2071842977316072 1.5923425769670443 -0.36502251615824782 1.1630630568211073 -0.12124180828025183 -0.81251081013836224 1.4241918778130198 0.086349587156981628 0.72789183696435333 -0.73201262947603618 -1.3493752674657211 1.0136228053147593 -0.42104649239856945 1.95355488773187 0.11406108909915831 -1.0260221983395839 0.62543662046962056 1.8603015354701453 -0.57460543093440886 0.21143901903374959 0.31664422620897709 0.14583989790645185 -0.41077539715099309 0.031165728465174188 1.8248773015996136 0.50332396325183582 -0.22690261479827667 0.84783771555034493
leaf_weight=51 59 310 101 55 121 413 461 561 649 154 314 1165 633 105 931 300 296 602 704 77 220 551 46 211 479 165 189 308 62 49
leaf_count=51 59 310 101 55 121 413 461 561 649 154 314 1165 633 105 931 300 296 602 704 77 220 551 46 211 479 165 189 308 62 49
internal_value=3.36981e-10 -0.515709 1.02754 -0.149972 -0.877012 0.718292 -0.231824 -1.10561 1.55001 0.660214 1.05988 -0.615893 -1.23348 0.462271 -0.372672 1.63029 0.517386 -1.19176 0.480958 1.27263 -0.316604 0.0598917 0.928512 -0.309542 -0.188125 -0.297545 1.51456 0.312559 -0.0719467 0.247532
internal_weight=10342 6886 3456 3422 3464 2171 3108 1847 1285 314 804 1617 1286 259 2096 1138 1367 1235 1308 490 452 1012 147 1786 855 644 838 604 232 111
internal_count=10342 6886 3456 3422 3464 2171 3108 1847 1285 314 804 1617 1286 259 2096 1138 1367 1235 1308 490 452 1012 147 1786 855 644 838 604 232 111
is_linear=0
shrinkage=0.05


Tree=14
num_leaves=31
num_cat=0
split_feature=11 11 11 11 8 10 10 9 11 2 9 2 5 5 11 13 7 9 13 25 17 10 28 8 11 5 5 10 23 10
split_gain=1.97896e+06 279944 266228 67354.9 57807.7 53453.2 45528.7 42903.9 40559.4 35335.5 28057.1 27589.4 23049 20833.8 18328.4 14508.1 14064.2 13862.4 13541.2 13721.5 14109.7 12325.6 11769.1 11243 10942.1 10854.1 10446.7 9915.13 10301.9 9499.3
threshold=364.95500000000004 401.44000000000005 333.11500000000007 251.51500000000001 1.0000000180025095e-35 352.37500000000006 385.27500000000003 325.34000000000009 426.47500000000008 4.5000000000000009 325.27500000000003 3.5000000000000004 0.60355339059327384 -0.5 348.64500000000004 9.3323925063245223 -0.99628250747696534 333.01000000000005 35.226666402245179 -1.0999999999999999 35.670249727784082 410.55000000000007 0.26755952380952386 1.0000000180025095e-35 381.21500000000009 0.60355339059327384 -0.70710678118654757 344.34500000000008 29.202083333333338 368.74500000000006
decision_type=2 2 2 2 2 2 2 2 2 2 2 2 2 2 2 2 2 2 2 2 2 2 2 2 2 2 2 2 2 2
left_child=2 6 3 -1 7 14 15 12 10 13 18 21 -5 -7 -4 -2 -12 -11 19 -3 -21 -8 -16 -13 27 -9 -18 28 -17 -15
right_child=1 8 5 4 -6 9 11 25 -10 17 16 23 -14 29 22 24 26 -19 -20 20 -22 -23 -24 -25 -26 -27 -28 -29 -30 -31
leaf_value=-2.9230104154566443 1.1205660472132943 0.053489521452008859 -0.53537181147677049 -0.79334214396173741 0.91638754218054774 0.97665761181233846 0.9216771182921456 -0.1007637617262927 1.7134828954879475 -0.38551820266559722 0.55461790794911592 0.22209939852505181 -1.1572699753324622 0.0065017926792303726 0.4945165648379109 0.084045207226762966 1.6053144633454435 0.011570728714179501 1.1273227773245098 0.10109401017427444 1.209101738064897 1.5591222527126471 -0.27390678815227354 0.77365103784011824 0.4853970397818172 -0.66293161571532533 1.1845871860738348 0.2607999018842368 -0.84425894417041958 0.46036128445017727
leaf_weight=41 55 73 1387 657 44 81 361 99 536 625 46 201 1288 450 55 98 425 339 309 40 102 96 530 171 467 647 226 695 43 155
leaf_count=41 55 73 1387 657 44 81 361 99 536 625 46 201 1288 450 55 98 425 339 309 40 102 96 530 171 467 647 226 695 43 155
internal_value=1.62617e-10 0.880926 -0.54304 -0.911457 -0.881302 -0.260676 0.503355 -0.910696 1.3509 -0.0506881 1.19173 0.795341 -1.03434 0.223602 -0.436376 0.325111 1.39955 -0.245878 0.915305 0.61059 0.896987 1.05558 -0.201662 0.475635 0.291535 -0.588328 1.45926 0.183241 -0.199055 0.12278
internal_weight=10342 3944 6398 2776 2735 3622 2187 2691 1757 1650 1221 829 1945 686 1972 1358 697 964 524 215 142 457 585 372 1303 746 651 836 141 605
internal_count=10342 3944 6398 2776 2735 3622 2187 2691 1757 1650 1221 829 1945 686 1972 1358 697 964 524 215 142 457 585 372 1303 746 651 836 141 605
is_linear=0
shrinkage=0.05


Tree=15
num_leaves=31
num_cat=0
split_feature=8 11 10 10 11 9 0 0 16 10 7 2 9 7 13 16 16 24 2 11 10 17 13 2 10 11 18 13 19 13
split_gain=1.78986e+06 411728 150154 83285.5 77132.5 46113.5 29588.6 22149.6 21166.2 20500.8 20453 88576.7 19763.8 20757.7 17770.7 14928.9 17402.3 14611.8 14124.2 13421.3 12159.8 11783.2 11608.7 10842.4 10833.6 10427.3 9698.48 9315.79 8517.77 8755.84
threshold=1.0000000180025095e-35 342.00500000000005 406.49500000000006 328.15000000000003 358.55500000000006 325.27500000000003 9.5000000000000018 9.5000000000000018 341.50383928571438 432.89500000000004 -0.5129677127369543 1.0000000180025095e-35 332.37500000000006 -0.99761278905001471 20.839564646577028 361.99747023809533 358.63101190476192 34.733928571428578 3.5000000000000004 386.03500000000003 312.13500000000005 39.882096638127756 25.232407991572924 1.5000000000000002 353.62500000000006 329.05500000000006 306.19500000000005 24.63616756271561 431.00000000000006 12.753971637596027
decision_type=2 2 2 2 2 2 2 2 2 2 2 2 2 2 2 2 2 2 2 2 2 2 2 2 2 2 2 2 2 2
left_child=1 3 5 10 24 6 -2 -7 27 18 11 -1 13 -6 17 16 23 -9 -4 -15 -12 -20 -16 28 -3 -5 -25 -8 29 -10
right_child=2 4 9 25 12 7 8 14 15 -11 20 -13 -14 19 22 -17 -18 -19 21 -21 -22 -23 -24 26 -26 -27 -28 -29 -30 -31
leaf_value=-3.0368228365824774 0.084163378325515792 -0.37639507527111582 1.4345285502311431 -0.71850400217959853 -1.0593066912889479 0.69974761564989352 -0.1456935444342283 1.8711727072795232 0.31498306351048605 1.8044404013231656 -1.1565863115306745 -0.95328018103219281 0.39839398790167102 0.018096114736220449 0.40843440860961427 1.4549848969166097 -0.21510429835837819 0.86384662215908381 1.1618883868407963 0.57085992447065037 -0.85259248769177898 0.27395778116972552 1.1910417024977507 0.72116742959866931 -0.12530826126775879 -0.48261435495812255 -0.060238953421895329 0.59527814090251929 1.5064057152087873 1.0379981621503773
leaf_weight=65 290 906 722 709 40 296 96 144 56 287 486 237 804 679 66 78 46 48 199 131 1018 46 168 168 817 1381 52 76 65 166
leaf_count=65 290 906 722 709 40 296 96 144 56 287 486 237 804 679 66 78 46 48 199 131 1018 46 168 168 817 1381 52 76 65 166
internal_value=-8.38778e-10 -0.427287 1.0126 -0.777534 -0.0232112 0.721892 0.517057 1.03198 0.673394 1.43335 -1.02622 -1.40172 0.220681 0.0525855 1.26283 0.807418 0.71608 1.61934 1.32321 0.107494 -0.950825 0.995175 0.970306 0.800566 -0.257336 -0.562636 0.536471 0.181713 1.00301 0.855616
internal_weight=10342 7273 3069 3896 3377 1815 1093 722 803 1254 1806 302 1654 850 426 631 553 192 967 810 1504 245 234 507 1723 2090 220 172 287 222
internal_count=10342 7273 3069 3896 3377 1815 1093 722 803 1254 1806 302 1654 850 426 631 553 192 967 810 1504 245 234 507 1723 2090 220 172 287 222
is_linear=0
shrinkage=0.05


Tree=16
num_leaves=31
num_cat=0
split_feature=11 10 11 8 11 10 11 9 16 13 5 13 2 13 10 16 9 11 19 2 0 13 9 2 7 9 7 11 9 0
split_gain=1.61772e+06 272116 166149 65515.8 62193.5 44626.2 35341.2 21885.1 20103 19833.4 18775 18633.1 18443.5 17334.2 17037.1 16055.2 15327.6 13559.3 10327.7 10040.9 9931.03 9703.89 8597.74 8545.87 8264.06 7874.67 11785.2 7687.59 7720.76 8889.87
threshold=371.15500000000003 340.36500000000007 411.4550000000001 1.0000000180025095e-35 327.17500000000007 400.23000000000008 355.57000000000005 321.77500000000003 367.77556547619054 26.962352643358816 0.25881904510252057 14.92357113003632 3.5000000000000004 10.71449692572833 382.50500000000005 359.83952380952383 311.53000000000003 382.99000000000007 429.40000000000003 1.5000000000000002 3.5000000000000004 10.386330250546999 332.37500000000006 1.5000000000000002 -0.99628250747696534 311.84500000000008 -0.52765736634565841 348.64500000000004 330.31500000000005 3.5000000000000004
decision_type=2 2 2 2 2 2 2 2 2 2 2 2 2 2 2 2 2 2 2 2 2 2 2 2 2 2 2 2 2 2
left_child=1 4 5 6 7 17 16 13 9 15 19 -5 -7 -1 -13 18 -3 -2 -4 -6 25 -19 -8 -22 -12 26 -15 28 29 -26
right_child=2 3 8 11 10 12 22 -9 -10 -11 24 14 -14 20 -16 -17 -18 21 -20 -21 23 -23 -24 -25 27 -27 -28 -29 -30 -31
leaf_value=-2.0147324283072292 0.31162582085099061 -0.64199564270178477 0.47418438453713191 1.4223453682548595 -0.037185711414604312 1.215245898997682 -0.086421312699319047 -0.69442731143531489 1.5181257308658984 1.2857620417280535 -1.3186349853526715 0.098183001472047102 0.65714544297079558 -2.1631142654642463 0.9529323945889312 -0.078715594084757687 -0.25540475914908928 1.2000010789604858 1.5226059337457023 -0.49991279501339481 -0.46594525822997102 0.56011141468899184 0.20650572954143726 -0.97440415909435574 -1.0694107370430164 -1.0109120099242108 -1.2377280020344308 -0.2607108239623222 -0.4947227572878295 -0.65211420350247573
leaf_weight=47 702 300 46 53 237 351 539 551 686 452 43 169 256 40 89 53 1764 64 48 232 100 798 468 476 178 339 246 137 427 451
leaf_count=47 702 300 46 53 237 351 539 551 686 452 43 169 256 40 89 53 1764 64 48 232 100 798 468 476 178 339 246 137 427 451
internal_value=-8.86578e-10 -0.44302 0.882707 -0.123087 -0.751813 0.615988 -0.193119 -0.956886 1.33333 1.12169 -0.535435 0.568451 0.979869 -1.07276 0.393038 0.617181 -0.311595 0.474764 1.00955 -0.266083 -1.0359 0.607621 0.0497156 -0.88613 -0.637641 -1.17393 -1.36715 -0.613095 -0.658812 -0.770204
internal_weight=10342 6886 3456 3382 3504 2171 3071 1799 1285 599 1705 311 607 1248 258 147 2064 1564 94 469 1201 862 1007 576 1236 625 286 1193 1056 629
internal_count=10342 6886 3456 3382 3504 2171 3071 1799 1285 599 1705 311 607 1248 258 147 2064 1564 94 469 1201 862 1007 576 1236 625 286 1193 1056 629
is_linear=0
shrinkage=0.05


Tree=17
num_leaves=31
num_cat=0
split_feature=8 11 10 10 11 9 0 0 11 16 10 9 7 19 16 16 7 2 2 13 0 9 0 9 29 17 10 10 9 5
split_gain=1.46508e+06 336742 123329 68215.1 61497 39642.2 24824.2 18571.9 18322.4 17879.3 17786.3 16786 18648.7 15475.6 13847.8 13694.4 13298.9 13092.7 11673.9 11082 10823.2 10695.8 11074.3 11009.9 10483.2 10402.5 9296.22 9280.73 9118.31 14498.4
threshold=1.0000000180025095e-35 342.00500000000005 406.49500000000006 328.15000000000003 358.55500000000006 325.27500000000003 9.5000000000000018 9.5000000000000018 300.34000000000009 360.89434523809524 432.89500000000004 332.37500000000006 -0.99761278905001471 426.80000000000001 334.55717261904766 358.63101190476192 0.99681593486783593 1.0000000180025095e-35 3.5000000000000004 13.429067211446414 17.500000000000004 331.17500000000007 3.5000000000000004 309.26000000000005 3.8288690476190479 39.882096638127756 365.32000000000005 353.62500000000006 325.34000000000009 0.60355339059327384
decision_type=2 2 2 2 2 2 2 2 2 2 2 2 2 2 2 2 2 2 2 2 2 2 2 2 2 2 2 2 2 2
left_child=1 3 5 8 27 6 -2 -7 -1 14 18 12 -6 -9 -8 16 17 19 -4 -16 -14 22 23 -10 -19 -20 -15 -3 -5 -30
right_child=2 4 10 28 11 7 9 13 21 -11 -12 -13 20 26 15 -17 -18 24 25 -21 -22 -23 -24 -25 -26 -27 -28 -29 29 -31
leaf_value=-1.795007848487062 0.066236783790498452 -0.34039810625568989 1.2960659240669161 -0.61179446625821998 -1.0121839696168899 0.63595705206908693 -0.37623956292867661 0.78712091334379486 -1.380446016911379 1.3201856313626978 1.6431032979737592 0.36040355760618042 -0.17057545483041242 1.6841216687802918 0.6901269047879256 -0.26216583159234791 -0.24243211445398627 0.39094590134428525 1.0532784225203884 1.4525081488557838 0.22013073584747189 -0.42416907942241378 -0.78334749306579543 -0.95661029933411401 0.97460439657991371 0.21899095048075137 1.0765808457035131 -0.10800218950282221 -0.089742199285298252 -0.51527202471815503
leaf_weight=59 290 906 722 1060 40 296 40 173 194 79 287 804 262 135 104 45 40 304 199 88 548 111 713 729 103 46 118 817 272 758
leaf_count=59 290 906 722 1060 40 296 40 173 194 79 287 804 262 135 104 45 40 304 199 88 548 111 713 729 103 46 118 817 272 758
internal_value=-4.71301e-10 -0.38658 0.916129 -0.703331 -0.0211491 0.652668 0.462749 0.940178 -0.9284 0.605948 1.29745 0.196625 0.04171 1.15156 0.528013 0.580893 0.640264 0.699208 1.19487 1.03955 0.0937542 -0.899133 -0.931358 -1.04569 0.538653 0.896637 1.40076 -0.230202 -0.508846 -0.402899
internal_weight=10342 7273 3069 3896 3377 1815 1093 722 1806 803 1254 1654 850 426 724 684 639 599 967 192 810 1747 1636 923 407 245 253 1723 2090 1030
internal_count=10342 7273 3069 3896 3377 1815 1093 722 1806 803 1254 1654 850 426 724 684 639 599 967 192 810 1747 1636 923 407 245 253 1723 2090 1030
is_linear=0
shrinkage=0.05


Tree=18
num_leaves=31
num_cat=0
split_feature=8 11 10 11 10 9 0 0 16 10 7 2 10 2 7 15 17 7 16 2 10 2 17 11 9 5 15 9 18 13
split_gain=1.32223e+06 304238 111305 66643.7 52986.1 35777.1 22403.9 17380.9 16136 16052.2 15982.8 74956.8 15937.6 14863.5 13951.4 16093.4 12849 13386.3 15029.9 12909.3 11068 10535.7 9388.22 8835.88 9727.03 10405.9 8436.98 8248.22 7965.56 7793.35
threshold=1.0000000180025095e-35 339.30500000000006 406.49500000000006 358.55500000000006 326.63500000000005 325.27500000000003 9.5000000000000018 8.5000000000000018 360.89434523809524 432.89500000000004 -0.5129677127369543 1.0000000180025095e-35 370.26500000000004 3.5000000000000004 -0.99052477729077237 377.30500000000006 42.04441352259056 0.99681593486783593 358.63101190476192 1.5000000000000002 353.62500000000006 3.5000000000000004 39.882096638127756 306.52500000000003 330.02500000000003 0.60355339059327384 399.40000000000003 331.37500000000006 306.19500000000005 10.790393427095889
decision_type=2 2 2 2 2 2 2 2 2 2 2 2 2 2 2 2 2 2 2 2 2 2 2 2 2 2 2 2 2 2
left_child=1 4 5 20 10 6 -2 -7 16 21 11 -1 29 -14 -9 -16 17 18 19 -8 -3 -4 -23 -6 -25 -26 -17 -12 -21 -5
right_child=2 3 9 12 23 7 8 14 -10 -11 27 -13 13 -15 15 26 -18 -19 -20 28 -22 22 -24 24 25 -27 -28 -29 -30 -31
leaf_value=-2.9035648726333272 0.062924944651794851 -0.34394884723924457 1.231262630709238 0.46862141299819532 -1.2447906693034785 0.4333938441786449 0.92600053150493378 0.38432407111332223 1.254176346486128 1.5609481309764477 -0.86327432737257992 -0.83407501090909841 0.53935124214755692 0.12971568378216278 1.5120205597570766 0.46988824541554042 -0.28017633428312461 -0.12961946020368487 -0.24905752897262576 0.58196831229467727 -0.10959211721144767 1.0006145066352345 0.20804142900135206 -0.59226867965096974 0.031567687947519012 -0.45087915643238702 1.0613063713235749 -0.29038895562178263 -0.10765669013445195 -0.036471502439192664
leaf_weight=55 290 1138 722 86 41 160 299 74 79 287 1308 214 436 450 171 81 49 64 45 215 904 199 46 1167 138 588 236 66 52 682
leaf_count=55 290 1138 722 86 41 160 299 74 79 287 1308 214 436 450 171 81 49 64 45 215 904 199 46 1167 138 588 236 66 52 682
internal_value=1.0356e-09 -0.367251 0.870322 -0.0491147 -0.695972 0.620035 0.439612 0.893169 0.57565 1.23258 -0.904758 -1.2572 0.186794 0.331297 1.02407 1.12108 0.501612 0.558364 0.630428 0.700352 -0.240198 1.13512 0.851805 -0.518601 -0.502873 -0.359174 0.910187 -0.835756 0.447659 0.0200884
internal_weight=10342 7273 3069 3696 3577 1815 1093 722 803 1254 1643 269 1654 886 562 488 724 675 611 566 2042 967 245 1934 1893 726 317 1374 267 768
internal_count=10342 7273 3069 3696 3577 1815 1093 722 803 1254 1643 269 1654 886 562 488 724 675 611 566 2042 967 245 1934 1893 726 317 1374 267 768
is_linear=0
shrinkage=0.05


Tree=19
num_leaves=31
num_cat=0
split_feature=11 10 11 8 11 10 11 18 17 11 10 2 0 13 2 4 9 9 0 15 22 18 8 19 9 11 13 13 2 15
split_gain=1.19477e+06 203631 124208 48146.2 47755.5 35803.1 26203.6 19244.1 60719.2 18979 16148.9 15718.2 14836.2 13318.5 11436.3 20881.2 10553.2 10132.6 10476.4 9927.37 9423.8 9176.23 9486.46 9113.47 8788.88 9802.03 8126.68 11644.4 9882.3 20837.1
threshold=371.15500000000003 340.36500000000007 414.39000000000004 1.0000000180025095e-35 317.59500000000008 388.75500000000005 348.64500000000004 159.84000000000003 39.942926457747369 339.07500000000005 425.81000000000006 3.5000000000000004 9.5000000000000018 10.386330250546999 4.5000000000000009 -0.78656609248549292 326.38500000000005 331.61000000000007 3.5000000000000004 358.93000000000006 29.150000000000002 159.84000000000003 1.0000000180025095e-35 412.53500000000003 325.69000000000005 300.34000000000009 11.555722190545973 11.03295852633134 1.0000000180025095e-35 351.71000000000004
decision_type=2 2 2 2 2 2 2 2 2 2 2 2 2 2 2 2 2 2 2 2 2 2 2 2 2 2 2 2 2 2
left_child=1 4 5 6 7 13 14 8 -1 17 -4 -7 -5 -2 15 -3 -8 18 -6 20 -11 -13 -23 -14 25 -9 27 -15 29 -28
right_child=2 3 10 12 9 11 16 24 -10 19 -12 21 23 26 -16 -17 -18 -19 -20 -21 -22 22 -24 -25 -26 -27 28 -29 -30 -31
leaf_value=-2.9492576051265638 0.91064419526541873 0.8496950700730086 1.03970299286743 0.12876087495082075 -0.87046794859004173 0.9165383980962537 -0.18288700345688125 -0.14300855507142843 -0.81077898999231057 -0.017554441665028252 1.4278342844842435 -0.20747416131198407 0.46750894990251513 0.30040323667832325 -0.41097098368022933 -0.22507585891274773 0.084337420049108755 -0.39890859312561422 -0.58016955669795689 -0.4912703415539677 -0.81738869356257582 0.17509957885486074 0.76462094912589607 1.2189820342550153 -0.43499068786673578 -0.9475200731686112 0.12176926558489327 -0.74195475947289236 0.28995271238300374 1.1466422292344067
leaf_weight=47 104 50 750 149 479 641 605 40 113 299 417 40 86 74 997 470 949 411 885 365 42 96 236 76 115 708 91 42 856 109
leaf_count=47 104 50 750 149 479 641 605 40 113 299 417 40 86 74 997 470 949 411 885 365 42 96 236 76 115 708 91 42 856 109
internal_value=2.54379e-10 -0.380727 0.75859 -0.103967 -0.647851 0.544562 -0.164002 -0.935309 -1.43896 -0.529322 1.17839 0.766498 0.488855 0.368369 -0.311825 -0.121733 -0.0196978 -0.616538 -0.682115 -0.310046 -0.116068 0.50796 0.594157 0.820052 -0.841933 -0.904498 0.320249 -0.0770022 0.363887 0.680325
internal_weight=10342 6886 3456 3382 3504 2289 3071 1023 160 2481 1167 1013 311 1276 1517 520 1554 1775 1364 706 341 372 332 162 863 748 1172 116 1056 200
internal_count=10342 6886 3456 3382 3504 2289 3071 1023 160 2481 1167 1013 311 1276 1517 520 1554 1775 1364 706 341 372 332 162 863 748 1172 116 1056 200
is_linear=0
shrinkage=0.05


Tree=20
num_leaves=31
num_cat=0
split_feature=8 11 10 10 11 9 17 0 11 0 17 7 2 9 7 10 26 15 16 7 15 25 4 19 9 0 9 2 2 4
split_gain=1.08229e+06 248098 91495.8 50536.5 45154.8 31188.5 19530.7 19563.6 15711.9 14972.5 14855.1 17511.2 14021.5 13910.5 16256.1 13566.4 12715.8 15939.7 13347.8 12355.7 13781.1 9000.56 8841.57 8682.05 8113.17 9168.12 9516.97 8164.5 8041.01 27005.1
threshold=1.0000000180025095e-35 342.00500000000005 407.24500000000006 328.15000000000003 358.55500000000006 325.27500000000003 46.354287850065255 9.5000000000000018 300.34000000000009 9.5000000000000018 37.252176429328721 -0.40613878790836594 3.5000000000000004 332.37500000000006 -0.99761278905001471 430.73000000000008 4.0979166666666673 347.31500000000005 353.23101190476194 -0.99052477729077237 369.48500000000007 1.1000000000000008 -0.78656609248549292 412.53500000000003 331.12000000000006 3.5000000000000004 309.26000000000005 1.5000000000000002 4.5000000000000009 -0.60355339059327362
decision_type=2 2 2 2 2 2 2 2 2 2 2 2 2 2 2 2 2 2 2 2 2 2 2 2 2 2 2 2 2 2
left_child=1 3 5 8 -3 6 7 -2 -1 -7 16 21 15 14 -6 -4 17 -9 23 -11 -21 -12 -16 -19 25 26 -10 -27 29 -5
right_child=2 4 12 28 13 9 -8 10 24 19 11 -13 -14 -15 22 -17 -18 18 -20 20 -22 -23 -24 -25 -26 27 -28 -29 -30 -31
leaf_value=-1.6003678679339968 0.081319017098499174 -0.19773087105722231 1.1064540399626874 0.69226296971567347 -0.95697794534266001 0.54234045671936648 -0.68784659752214794 -0.61599849909543991 -1.2148002565521556 0.35252102982430233 -0.22340780652382156 1.0972357288357759 0.84112610081984451 0.31710513129069318 0.20227767931671778 1.5443712769461073 0.86253001274703789 0.33742597251896211 -0.28391344169935873 1.5117202096125659 0.88314141948159353 0.65756787697510688 -0.13980532244530816 1.0024194991084892 -0.36485300958156586 -0.4148335431436343 -0.82051799120574165 -0.77933655064248297 -0.52145601320146595 -0.39765141017921818
leaf_weight=59 283 1723 657 61 40 298 40 48 194 63 44 210 325 804 510 242 103 159 62 136 243 85 300 71 115 224 725 489 1197 832
leaf_count=59 283 1723 657 61 40 298 40 48 194 63 44 210 325 804 510 242 103 159 62 136 243 85 300 71 115 224 725 489 1197 832
internal_value=-2.29045e-10 -0.332262 0.787404 -0.604144 -0.0185955 0.56504 0.39681 0.437548 -0.797865 0.816248 0.566465 0.815584 1.12259 0.168013 0.0269893 1.22434 0.37583 0.228388 0.367191 1.00092 1.1087 0.35708 0.0755803 0.542707 -0.770763 -0.799366 -0.903751 -0.664822 -0.436747 -0.3232
internal_weight=10342 7273 3069 3896 3377 1845 1105 1065 1806 740 782 339 1224 1654 850 899 443 340 292 442 379 129 810 230 1747 1632 919 713 2090 893
internal_count=10342 7273 3069 3896 3377 1845 1105 1065 1806 740 782 339 1224 1654 850 899 443 340 292 442 379 129 810 230 1747 1632 919 713 2090 893
is_linear=0
shrinkage=0.05


Tree=21
num_leaves=31
num_cat=0
split_feature=11 10 11 8 11 10 9 18 17 10 5 0 10 9 22 2 2 13 2 2 0 13 2 4 9 2 11 9 9 9
split_gain=977029 177301 93591.4 40902 39205.1 26477.8 23944.5 17225 54573.6 16215.9 15290.4 13554.5 13451.8 12764.7 12049.6 11512.3 11263.9 11167.8 10687.2 10558.5 9699.19 11818 8775.78 8685.68 12316.3 8087.95 7786.19 8621.33 7448.85 10162.1
threshold=372.55500000000006 340.36500000000007 414.39000000000004 1.0000000180025095e-35 317.59500000000008 392.93500000000006 320.38000000000005 159.84000000000003 39.942926457747369 362.84500000000008 0.37940952255126048 9.5000000000000018 425.81000000000006 332.14000000000004 34.70000000000001 3.5000000000000004 4.5000000000000009 9.3323925063245223 1.0000000180025095e-35 4.5000000000000009 8.5000000000000018 13.021684273779085 4.5000000000000009 -0.60355339059327362 307.19500000000005 1.0000000180025095e-35 300.34000000000009 325.69000000000005 323.36500000000007 320.31500000000005
decision_type=2 2 2 2 2 2 2 2 2 2 2 2 2 2 2 2 2 2 2 2 2 2 2 2 2 2 2 2 2 2
left_child=1 4 5 6 7 17 19 8 -1 18 16 -5 -4 14 23 -7 20 -2 -8 -3 -6 -22 -11 -12 -25 -13 -9 -28 29 -17
right_child=2 3 12 11 10 15 9 26 -10 22 13 25 -14 -15 -16 28 -18 -19 -20 -21 21 -23 -24 24 -26 -27 27 -29 -30 -31
leaf_value=-2.7550264388956922 1.046962365700767 -0.10683076184738823 0.93887638900741788 0.11086706765310234 -0.25309250440600339 0.86620730691332914 0.33562761029849453 -0.17123315564866337 -0.72765498657142169 0.30040774032822815 -0.26831841583130883 1.3553945582087448 1.2931154967640801 -0.34257008882345463 -1.4113724573534363 0.57272209770539229 -0.51560860876307424 0.33726558331597284 -0.21352347017697881 -0.47059378271341323 -0.34515531186650444 0.75622072992225498 -0.010757742674417982 -1.2811907241344453 -0.6165091022127781 0.55424326055628415 -0.85869182024340507 -0.36701133985291512 0.64054506988886883 -0.4918317236518488
leaf_weight=47 58 293 750 166 319 541 96 53 113 352 160 41 417 492 49 51 309 1252 1149 625 41 60 636 75 985 136 708 102 226 40
leaf_count=47 58 293 750 166 319 541 96 53 113 352 160 41 417 492 49 51 309 1252 1149 625 41 60 636 75 985 136 708 102 226 40
internal_value=5.46286e-10 -0.335277 0.704433 -0.0830816 -0.586108 0.5101 -0.139524 -0.846701 -1.3232 -0.0511494 -0.479045 0.435429 1.06546 -0.558764 -0.642584 0.72601 -0.286471 0.368687 -0.171179 -0.354491 -0.117892 0.309127 0.100103 -0.611706 -0.663538 0.739821 -0.75836 -0.796777 0.486747 0.104786
internal_weight=10342 7007 3335 3494 3513 2168 3151 1023 160 2233 2490 343 1167 1761 1269 858 729 1310 1245 918 420 101 988 1220 1060 177 863 810 317 91
internal_count=10342 7007 3335 3494 3513 2168 3151 1023 160 2233 2490 343 1167 1761 1269 858 729 1310 1245 918 420 101 988 1220 1060 177 863 810 317 91
is_linear=0
shrinkage=0.05


Tree=22
num_leaves=31
num_cat=0
split_feature=8 11 10 11 11 9 18 11 17 0 9 7 25 16 2 5 0 10 2 10 7 13 15 2 9 13 9 5 10 9
split_gain=885856 203518 76082.4 43283.9 35495.7 26968.1 17828.7 65444.7 17230.1 16839.1 14215 13529.5 13085 20052.3 19780.8 13011.4 12435 12080.7 11764.4 11456.4 11081.2 12249.8 14332.2 11057.9 9571.27 9223.57 8449.36 7744.64 7726.42 7063.09
threshold=1.0000000180025095e-35 339.30500000000006 407.24500000000006 358.55500000000006 316.56500000000005 325.27500000000003 159.84000000000003 308.45500000000004 46.354287850065255 8.5000000000000018 332.37500000000006 0.99681593486783593 -0.84999999999999776 359.83952380952383 1.0000000180025095e-35 0.60355339059327384 8.5000000000000018 370.26500000000004 3.5000000000000004 430.73000000000008 -0.99052477729077237 20.839564646577028 399.40000000000003 3.5000000000000004 306.17000000000002 16.410127000427302 322.17500000000007 0.60355339059327384 350.00500000000005 323.54500000000002
decision_type=2 2 2 2 2 2 2 2 2 2 2 2 2 2 2 2 2 2 2 2 2 2 2 2 2 2 2 2 2 2
left_child=1 4 5 24 6 8 7 -1 9 -2 15 12 13 -11 -14 -6 -7 -5 19 -4 -18 -22 -23 -19 25 -3 -8 -12 -26 -20
right_child=2 3 18 17 10 16 26 -9 -10 11 27 -13 14 -15 -16 -17 20 23 29 -21 21 22 -24 -25 28 -27 -28 -29 -30 -31
leaf_value=-3.0607940247654919 -0.11340697286324902 -0.11958119115978479 1.0028951173520662 0.0045798104088741335 -0.41418469537100766 0.35295677591115238 -0.82548158851703202 -0.69619732536033752 -0.66560552688315511 0.42803188343393384 0.13086299585558256 -0.18836415661498906 1.0448926433644912 -0.73510407278704093 0.42679360767699576 -0.67036148080212798 0.28374109387397767 0.45498199833625369 0.40284873194915732 1.4053194492562744 1.2417100897096474 -0.0021631721683122492 0.89513716572829394 0.10165798037615606 -0.27251427129984729 -1.0169893627736106 -0.44714664578283392 -0.34362518849251744 -0.071966486372619265 0.91224484439743192
leaf_weight=40 143 50 657 768 1018 160 627 109 40 268 103 72 216 43 323 966 75 436 97 242 198 54 253 450 919 67 193 521 1006 228
leaf_count=40 143 50 657 768 1018 160 627 109 40 268 103 72 216 43 323 966 75 436 97 242 198 54 253 450 919 67 193 521 1006 228
internal_value=6.01719e-11 -0.300601 0.712373 -0.0404006 -0.569458 0.509602 -0.827857 -1.33099 0.353168 0.391432 -0.473451 0.469731 0.525476 0.267212 0.674492 -0.538916 0.743196 0.149719 1.01802 1.11122 0.850848 0.935072 0.737306 0.275528 -0.194396 -0.633482 -0.736434 -0.265304 -0.167709 0.76021
internal_weight=10342 7273 3069 3696 3577 1845 969 149 1105 1065 2608 922 850 311 539 1984 740 1654 1224 899 580 505 307 886 2042 117 820 624 1925 325
internal_count=10342 7273 3069 3696 3577 1845 969 149 1105 1065 2608 922 850 311 539 1984 740 1654 1224 899 580 505 307 886 2042 117 820 624 1925 325
is_linear=0
shrinkage=0.05


Tree=23
num_leaves=31
num_cat=0
split_feature=8 11 10 10 10 9 2 0 7 2 15 13 17 15 17 25 13 2 13 10 13 2 13 11 6 6 9 11 13 9
split_gain=799485 183864 68683.9 45866.5 25559.7 24395 16805.1 16156.6 13684.4 61315 15189.2 13412.6 16586 20617.9 13311 15854.7 20203.2 12718.2 10614.7 10485.5 10462.6 10230.5 9135.95 8608.56 8421.34 8341.96 8198.83 8128.09 7568.3 7344.53
threshold=1.0000000180025095e-35 345.34500000000008 406.49500000000006 328.15000000000003 369.09500000000008 318.24500000000006 3.5000000000000004 8.5000000000000018 -0.39036009226888674 1.0000000180025095e-35 348.99000000000007 10.790393427095889 36.906119695214279 361.99500000000006 46.354287850065255 -1.1500000000000001 16.057754606294552 1.0000000180025095e-35 10.790393427095889 434.35500000000008 30.715729214426538 2.5000000000000004 42.554963238344357 332.80500000000006 0.90162119223771331 0.39827038710620805 333.83500000000009 327.55500000000006 20.054510209366825 315.21500000000009
decision_type=2 2 2 2 2 2 2 2 2 2 2 2 2 2 2 2 2 2 2 2 2 2 2 2 2 2 2 2 2 2
left_child=1 3 5 8 18 14 -6 -7 9 10 -1 -9 13 -13 15 16 -2 -17 -3 22 -14 -18 -4 -5 -15 -24 -8 29 -19 -10
right_child=2 4 19 23 6 7 26 11 27 -11 -12 12 20 24 -16 17 21 28 -20 -21 -22 -23 25 -25 -26 -27 -28 -29 -30 -31
leaf_value=-1.4783392387192424 -0.95152083495259276 0.32032179138006867 0.94541366306429908 -0.45922454435772969 0.42327198363867408 0.24899482542623855 -0.11959602101183034 1.2030562128339497 -0.79834888847413621 -0.63021485596134263 -2.8393446212861599 -0.55024489038520386 1.3582638952077604 0.68202598990077279 -0.63232525052502764 0.74675434265817919 0.69490271077281052 -0.32345283663272861 -0.13985258018741017 1.2503450760595589 0.71556443528169045 -0.19954431057822974 0.82043398199854678 -0.27114461693926267 0.12168722297233273 -0.020656699155058182 0.21710579343299782 -0.38673851368629675 0.35226895808403902 -0.54224427503101746
leaf_weight=41 50 136 880 1069 486 223 374 126 568 328 41 45 102 349 40 210 62 50 1595 251 167 66 74 1412 83 49 350 321 242 552
leaf_count=41 50 136 880 1069 486 223 374 126 568 328 41 45 102 349 40 210 62 50 1595 251 167 66 74 1412 83 49 350 321 242 552
internal_value=-6.862e-11 -0.285571 0.676755 -0.492712 0.01954 0.480143 0.195842 0.628785 -0.681069 -0.93594 -2.15884 0.72591 0.645319 0.468273 0.254083 0.306225 -0.0992247 0.44999 -0.103698 0.961324 0.959265 0.233703 0.888997 -0.352183 0.574368 0.485365 0.0431742 -0.608552 0.236563 -0.672126
internal_weight=10342 7273 3069 4332 2941 1815 1210 1095 1851 410 82 872 746 477 720 680 178 502 1731 1254 269 128 1003 2481 432 123 724 1441 292 1120
internal_count=10342 7273 3069 4332 2941 1815 1210 1095 1851 410 82 872 746 477 720 680 178 502 1731 1254 269 128 1003 2481 432 123 724 1441 292 1120
is_linear=0
shrinkage=0.05


Tree=24
num_leaves=31
num_cat=0
split_feature=11 10 11 2 11 5 17 10 9 10 13 19 15 5 9 19 5 7 2 7 7 13 17 2 9 9 17 17 0 13
split_gain=722355 145476 61344.4 35301.1 28923.4 26623.2 21016 18836.2 16481.8 16149.2 14377.5 12403.4 11996.3 11556.2 10170.9 10168.6 9159.48 8846.37 8753.76 8476.79 8241.77 9117.3 8719.75 8516.48 7777.53 7562.7 6983.4 6970.71 7367.13 6475.06
threshold=375.34500000000008 340.36500000000007 414.39000000000004 4.5000000000000009 317.59500000000008 -0.5 45.46741229618474 399.31500000000005 330.80000000000007 356.35000000000008 10.71449692572833 412.53500000000003 364.61000000000007 0.37940952255126048 339.44500000000011 427.84000000000003 1.0000000180025095e-35 -0.99465740988130902 4.5000000000000009 -0.99761278905001471 0.94909129669788206 19.70245920721122 28.472572515980449 1.0000000180025095e-35 312.06500000000005 325.82500000000005 32.976875713997295 41.239216506224551 8.5000000000000018 13.021684273779085
decision_type=2 2 2 2 2 2 2 2 2 2 2 2 2 2 2 2 2 2 2 2 2 2 2 2 2 2 2 2 2 2
left_child=1 4 6 5 10 11 7 19 16 12 -1 -3 -7 18 17 -4 24 -15 27 -2 22 -22 23 -21 -5 -17 -27 28 -6 -30
right_child=2 3 15 8 13 9 -8 -9 -10 -11 -12 -13 -14 14 -16 25 -18 -19 -20 20 21 -23 -24 -25 -26 26 -28 -29 29 -31
leaf_value=-1.6236949181140856 -0.23210059426047588 0.28122641569370349 0.48144857280461467 -0.4881804694371053 -0.15704948104126551 0.43309688131259971 -0.65641933334309888 0.7052860028050727 -0.014744256804295528 0.17840014754334368 -0.68957670984761221 1.0259328724182759 -0.18874885604466324 -1.2504904749167221 -0.14621680244948509 0.78567343528828804 -0.60340231161925106 -0.50622299157696993 -0.45056414512561749 1.3150029962987833 -0.59364215382715557 0.31770311209810786 0.39240053401118391 0.50921588914772109 -0.16006091442489007 0.70111484058679796 1.1373746951211998 -0.61178309699070876 -0.14817149326205256 0.67309889664252598
leaf_weight=43 55 132 118 258 273 86 41 655 626 848 980 97 790 41 199 361 248 1523 309 53 41 83 948 86 602 109 579 58 40 60
leaf_count=43 55 132 118 258 273 86 41 655 626 848 980 97 790 41 199 361 248 1523 309 53 41 83 948 86 602 109 579 58 40 60
internal_value=1.09315e-10 -0.275225 0.634451 -0.0556348 -0.504842 0.0901462 0.463709 0.487616 -0.219828 0.0228643 -0.728841 0.59667 -0.1277 -0.413291 -0.482896 0.921509 -0.335696 -0.525734 -0.247464 0.374998 0.402571 0.0163712 0.446627 0.816458 -0.258497 0.97101 1.06826 -0.101853 -0.0225615 0.344591
internal_weight=10342 7213 3129 3687 3526 1953 1962 1921 1734 1724 1023 229 876 2503 1763 1167 1108 1564 740 1266 1211 124 1087 139 860 1049 688 431 373 100
internal_count=10342 7213 3129 3687 3526 1953 1962 1921 1734 1724 1023 229 876 2503 1763 1167 1108 1564 740 1266 1211 124 1087 139 860 1049 688 431 373 100
is_linear=0
shrinkage=0.05


Tree=25
num_leaves=31
num_cat=0
split_feature=8 11 10 11 10 9 0 16 2 9 7 0 16 19 7 2 10 13 2 13 6 9 16 9 0 2 22 9 13 5
split_gain=653788 151233 56407.7 32564.4 26493.4 20921.4 13895.5 10919.6 10317.1 10223.6 13819.2 10065.4 9927.87 10767.4 9569.92 42862.5 9168.67 8870.78 16543.1 8809.84 8049.28 7663.46 8647.02 7175.17 9300.71 16400.5 12513.8 9224.65 6722.1 6558.92
threshold=1.0000000180025095e-35 339.07500000000005 407.24500000000006 358.55500000000006 321.95000000000005 325.27500000000003 9.5000000000000018 361.99747023809533 3.5000000000000004 334.13500000000005 -0.99761278905001471 10.500000000000002 358.63101190476192 428.67500000000007 -0.5129677127369543 1.0000000180025095e-35 430.73000000000008 13.021684273779085 1.0000000180025095e-35 10.18733216452757 -0.58482361983252518 306.17000000000002 352.71151785714295 341.02500000000003 4.5000000000000009 1.0000000180025095e-35 35.850000000000009 312.91500000000002 22.822800274882223 0.78656609248549303
decision_type=2 2 2 2 2 2 2 2 2 2 2 2 2 2 2 2 2 2 2 2 2 2 2 2 2 2 2 2 2 2
left_child=1 4 5 21 14 6 -2 12 16 10 -5 -7 13 17 15 -1 -4 -8 -19 -13 -21 22 -3 24 26 -26 27 -6 -20 -23
right_child=2 3 8 9 23 11 7 -9 -10 -11 -12 19 -14 -15 -16 -17 -18 18 28 20 -22 29 -24 -25 25 -27 -28 -29 -30 -31
leaf_value=-2.3146946764055722 0.0030641891996782671 -0.25006820359562021 0.86553865014894371 -0.88588330287486317 -1.2409977900981906 0.46219296296292661 -0.2301002636952843 0.96033068805932997 0.63373407082388611 0.27601581673433012 0.063394852167294083 1.4078017405101233 -0.36599268667075946 0.75951294796120739 -0.61304256798868828 -0.61089853244118908 1.2255470265288 1.0628608397725556 -0.23058434426784516 1.3357117326363275 0.61838234772413292 -0.10339068990229239 -1.1449968832295114 -0.096349955143799126 0.4086828802632434 -0.37800393977730251 -1.3362927762791514 -0.45996535993971915 0.33003164385302136 -0.34900710582361771
leaf_weight=47 291 79 657 40 40 377 72 80 325 691 923 56 46 155 1045 172 242 72 64 46 261 1635 41 190 70 1237 48 689 325 326
leaf_count=47 291 79 657 40 40 377 72 80 325 691 923 56 46 155 1045 172 242 72 64 46 261 1635 41 190 70 1237 48 689 325 326
internal_value=-2.35798e-10 -0.258242 0.61199 -0.0363361 -0.492505 0.437394 0.29961 0.405623 0.875167 0.129265 0.0239648 0.643141 0.345164 0.392712 -0.676024 -0.976553 0.962449 0.286044 0.366657 0.831067 0.725865 -0.167958 -0.555836 -0.390496 -0.417313 -0.335871 -0.554309 -0.50282 0.237797 -0.144222
internal_weight=10342 7273 3069 3735 3538 1845 1105 814 1224 1654 963 740 734 688 1264 219 899 533 461 363 307 2081 120 2274 2084 1307 777 729 389 1961
internal_count=10342 7273 3069 3735 3538 1845 1105 814 1224 1654 963 740 734 688 1264 219 899 533 461 363 307 2081 120 2274 2084 1307 777 729 389 1961
is_linear=0
shrinkage=0.05


Tree=26
num_leaves=31
num_cat=0
split_feature=11 10 11 2 11 5 17 10 9 10 18 2 19 5 2 9 23 19 2 5 9 11 7 7 13 2 15 10 16 9
split_gain=591807 119451 49932.1 29456.3 24153.8 21994.7 18262.9 15085.3 14347.6 13852.8 13152.5 43667.8 10560.9 9488.74 9135.18 9030.79 8958.67 8622.94 8037.81 7974.89 7640.16 7446.86 7307.37 7016.59 7796.05 7585.38 11985.9 7563.8 7354.8 6425.78
threshold=375.34500000000008 340.36500000000007 414.39000000000004 4.5000000000000009 316.56500000000005 -0.5 45.46741229618474 399.31500000000005 333.83500000000009 363.22500000000008 159.84000000000003 1.5000000000000002 412.53500000000003 0.25881904510252057 1.0000000180025095e-35 332.14000000000004 35.179166666666667 427.84000000000003 4.5000000000000009 1.0000000180025095e-35 312.06500000000005 300.34000000000009 -0.99761278905001471 0.94909129669788206 19.70245920721122 1.0000000180025095e-35 351.71000000000004 377.47500000000008 368.90068452380962 325.69000000000005
decision_type=2 2 2 2 2 2 2 2 2 2 2 2 2 2 2 2 2 2 2 2 2 2 2 2 2 2 2 2 2 2
left_child=1 4 6 5 10 12 7 22 19 14 11 -1 -3 18 -7 16 -15 -4 -6 20 -5 -12 -2 25 -25 26 -24 -27 -28 -23
right_child=2 3 17 8 13 9 -8 -9 -10 -11 21 -13 -14 15 -16 -17 -18 -19 -20 -21 -22 29 23 24 -26 27 28 -29 -30 -31
leaf_value=-2.4482554780189383 -0.22194422510537237 0.25235148456060524 0.42801176123952467 -0.4459582148184783 -0.025112656982579307 0.32409107053268049 -0.62396243973294407 0.63730397624596391 0.052685069322656354 0.223544426952211 -0.02112342120622689 -0.55122424514548296 0.93952392899652115 -0.47077013445152521 -0.12698472479833037 -0.24719606519496373 -1.2114986696413585 0.87883306211544232 -0.39737557294594983 -0.49938490860088258 -0.1295875936978475 -0.68929638007786753 0.2102790473976679 -0.55309841571057716 0.2896290067717972 0.092017575625438414 1.2161296330574083 0.42917600589868521 0.59407796938532753 -0.24085915695343699
leaf_weight=43 55 132 118 258 308 126 41 655 424 570 53 103 97 1452 1028 506 42 1049 274 319 733 654 114 41 83 241 82 537 113 91
leaf_count=43 55 132 118 258 308 126 41 655 424 570 53 103 97 1452 1028 506 42 1049 274 319 733 654 114 41 83 241 82 537 113 91
internal_value=-1.91159e-11 -0.249116 0.574266 -0.0501358 -0.457183 0.0830311 0.420222 0.442508 -0.200121 0.0218767 -0.673611 -1.10994 0.543425 -0.378055 -0.0777338 -0.429761 -0.491594 0.833249 -0.20037 -0.281946 -0.211952 -0.593781 0.341725 0.367325 0.0109853 0.407975 0.617557 0.324735 0.855659 -0.634521
internal_weight=10342 7213 3129 3687 3526 1953 1962 1921 1734 1724 944 146 229 2582 1154 2000 1494 1167 582 1310 991 798 1266 1211 124 1087 309 778 195 745
internal_count=10342 7213 3129 3687 3526 1953 1962 1921 1734 1724 944 146 229 2582 1154 2000 1494 1167 582 1310 991 798 1266 1211 124 1087 309 778 195 745
is_linear=0
shrinkage=0.05


Tree=27
num_leaves=31
num_cat=0
split_feature=8 11 10 10 11 13 2 17 5 18 11 7 9 0 2 13 6 6 15 25 16 7 17 9 19 10 11 0 9 23
split_gain=534428 124296 46606.7 26370.9 22433.8 17531 15437.4 13927.5 13457.7 13435.8 54446 10302 9830.88 10180.6 9655.45 9270.31 8902.74 9555.67 9635.62 11735.9 12477.9 8093.46 7559.15 12028.1 15321.5 7036.54 6583.97 6415.9 7092.51 13718.9
threshold=1.0000000180025095e-35 339.07500000000005 409.87500000000006 368.74500000000006 316.56500000000005 10.18733216452757 3.5000000000000004 46.354287850065255 -0.5 159.84000000000003 308.45500000000004 0.99681593486783593 331.61000000000007 3.5000000000000004 3.5000000000000004 10.790393427095889 0.94138322595482449 -0.94705910369513524 407.03500000000003 -1.6499999999999984 349.67958333333337 -0.52765736634565841 34.72186386427704 337.30500000000006 426.50500000000005 430.73000000000008 300.34000000000009 4.5000000000000009 308.23000000000008 21.779166666666672
decision_type=2 2 2 2 2 2 2 2 2 2 2 2 2 2 2 2 2 2 2 2 2 2 2 2 2 2 2 2 2 2
left_child=1 4 5 15 9 -2 -5 8 11 10 -1 16 13 21 25 -3 17 -7 19 20 -19 -6 23 24 -21 -4 -11 -17 29 -29
right_child=2 3 14 6 12 7 -8 -9 -10 26 -12 -13 -14 -15 -16 27 -18 18 -20 22 -22 -23 -24 -25 -26 -27 -28 28 -30 -31
leaf_value=-2.6654011830687523 1.0162476454675182 0.23251932118247987 0.80191457942883315 0.36369724640215861 -1.2054878967312668 0.9885863631714269 0.013256251473369327 -0.5564549923408777 0.17216795993179834 -0.05313848089753536 -0.50863671159252122 -0.14292966671055182 -0.2016765927309043 -0.35488640222437923 0.56718107403630957 -0.36492081763994566 1.0772261567069934 0.38880780949774718 0.64430235197228025 0.33015553901204842 -0.54206189814334116 -0.54830741629035984 0.62294535622508684 0.97048249195019398 -0.61938725606726175 1.121924910244863 -0.61022298444418899 -0.1436858778076989 -0.090488633124722606 -1.0610454203658983
leaf_weight=40 110 163 592 505 52 84 832 40 517 57 109 64 657 1387 308 321 65 72 359 176 72 473 264 48 56 242 763 143 1714 57
leaf_count=40 110 163 592 505 52 84 832 40 517 57 109 64 657 1387 308 321 65 72 359 176 72 473 264 48 56 242 763 143 1714 57
internal_value=6.27693e-10 -0.233482 0.553313 -0.032307 -0.445859 0.403314 0.145622 0.366207 0.386976 -0.650863 -1.08763 0.475116 -0.368534 -0.425869 0.806419 -0.131511 0.508189 0.475485 0.43432 0.32475 -0.076627 -0.6134 0.430997 0.250017 0.100956 0.894771 -0.571499 -0.15806 -0.123367 -0.405133
internal_weight=10342 7273 3069 3735 3538 1927 1337 1817 1777 969 149 1260 2569 1912 1142 2398 1196 1131 1047 688 144 525 544 280 232 834 820 2235 1914 200
internal_count=10342 7273 3069 3735 3538 1927 1337 1817 1777 969 149 1260 2569 1912 1142 2398 1196 1131 1047 688 144 525 544 280 232 834 820 2235 1914 200
is_linear=0
shrinkage=0.05


Tree=28
num_leaves=31
num_cat=0
split_feature=11 10 11 2 10 5 17 9 10 10 0 2 13 9 22 14 9 19 15 11 13 13 5 11 13 15 7 7 13 5
split_gain=483890 98835.5 41562.9 23960.1 21782 16566.1 15620.2 12586.7 12551.2 10428.7 10169.6 18393.3 14610.9 13168.4 21564.4 12271.8 9993.95 8473.83 7686.66 7606.22 7343.82 9623.71 6711 6508.98 6370.34 6130.27 6080.23 5870.72 7139.34 7043.76
threshold=375.34500000000008 342.28500000000003 414.39000000000004 4.5000000000000009 316.14000000000004 -0.5 45.46741229618474 333.83500000000009 404.88000000000005 356.35000000000008 4.5000000000000009 1.0000000180025095e-35 13.021684273779085 339.44500000000011 35.300000000000004 305.81000000000006 316.25000000000006 412.53500000000003 364.61000000000007 426.47500000000008 26.470834505082689 10.790393427095889 -0.5 302.34500000000008 42.659814409184754 339.91500000000002 -0.99761278905001471 0.94909129669788206 19.70245920721122 -0.5
decision_type=2 2 2 2 2 2 2 2 2 2 2 2 2 2 2 2 2 2 2 2 2 2 2 2 2 2 2 2 2 2
left_child=1 4 6 5 23 17 8 22 26 18 13 12 15 14 16 -12 -6 -3 -7 20 21 -4 -5 -1 -10 -13 -2 29 -29 -28
right_child=2 3 19 7 10 9 -8 -9 24 -11 11 25 -14 -15 -16 -17 -18 -19 -20 -21 -22 -23 -24 -25 -26 -27 27 28 -30 -31
leaf_value=-1.0876169918269356 -0.1616408528820161 0.23318375433866795 0.93877922211374565 -0.14274570597587408 -0.82519397287629548 0.45281317246885139 -0.58695453501692629 0.070265402539582744 0.68472584537999426 0.1557347653222266 -0.7923764860943745 0.16435750185378961 0.55194046068585145 -0.089515002821972472 -1.5169932019184618 0.033213947249454596 -0.39407442075562504 0.85634202395981929 -0.14639550970402287 0.894058385705089 0.73940911725675096 0.10306813015506185 -0.3763567022016947 -0.5789040577013469 0.18298749951897442 -0.37149682949675222 0.51974428071007428 -0.52173796307022979 0.28005052425487098 0.27644337878208347
leaf_weight=68 62 130 49 666 160 58 41 406 436 848 57 56 106 221 51 214 841 94 693 536 466 116 571 835 74 1138 512 41 86 710
leaf_count=68 62 130 49 666 160 58 41 406 436 848 57 56 106 221 51 214 841 94 693 536 466 116 571 835 74 1138 512 41 86 710
internal_value=-3.39723e-11 -0.225261 0.519274 -0.0328206 -0.40327 0.0919826 0.378732 -0.171297 0.399342 0.0355686 -0.335341 -0.25023 0.0542388 -0.440375 -0.514082 -0.140434 -0.462985 0.494688 -0.100118 0.755558 0.637909 0.351249 -0.250581 -0.617212 0.611925 -0.346365 0.322505 0.344757 0.0212054 0.378383
internal_weight=10342 7213 3129 3466 3747 1823 1962 1643 1921 1599 2844 1571 377 1273 1052 271 1001 224 751 1167 631 165 1237 903 510 1194 1411 1349 127 1222
internal_count=10342 7213 3129 3466 3747 1823 1962 1643 1921 1599 2844 1571 377 1273 1052 271 1001 224 751 1167 631 165 1237 903 510 1194 1411 1349 127 1222
is_linear=0
shrinkage=0.05


Tree=29
num_leaves=31
num_cat=0
split_feature=11 10 11 2 11 18 10 15 17 9 10 5 11 7 7 11 10 15 9 9 2 13 9 0 5 9 11 25 14 17
split_gain=436711 89284.3 37510.6 22608.9 18245.7 28068.4 16550.1 20634 14097.3 11834.5 11327.4 10552.2 8864.55 8765.8 7694.13 7220.64 7089.69 7011.24 5871.82 10011.3 7673.26 5749.23 5726.95 5037 4890.61 4961.19 4739.56 4683.18 4195.43 4699.46
threshold=375.34500000000008 340.36500000000007 414.39000000000004 4.5000000000000009 310.82500000000005 159.84000000000003 369.09500000000008 358.13000000000005 45.46741229618474 319.59500000000008 404.88000000000005 -0.5 334.00500000000005 -0.99628250747696534 -0.8611288361322974 300.34000000000009 425.11500000000007 365.78500000000003 331.24000000000007 330.80000000000007 1.0000000180025095e-35 42.659814409184754 310.04000000000002 13.500000000000002 0.78656609248549303 341.09000000000009 426.47500000000008 3.0500000000000012 299.28500000000003 41.180671730874856
decision_type=2 2 2 2 2 2 2 2 2 2 2 2 2 2 2 2 2 2 2 2 2 2 2 2 2 2 2 2 2 2
left_child=1 4 8 6 5 -1 7 23 10 -5 18 -11 14 -14 -6 -7 26 28 19 -2 -20 -12 -16 -3 25 -9 -4 -19 -15 -30
right_child=2 3 16 9 12 15 -8 24 -10 11 21 -13 13 17 22 -17 -18 27 20 -21 -22 -23 -24 -25 -26 -27 -28 -29 29 -31
leaf_value=-1.6685866915544527 0.26351534796798742 0.3401835112935967 0.52447381372399193 -0.35386570891671687 -0.060812796950340281 0.019539801354678171 0.31791624900916576 -0.056339756198277628 -0.55760681752751518 0.097195290035407556 0.65048955741011083 -0.21052634377771426 -0.95812683179974556 0.23787183376236098 -0.6072291979401172 -0.5979914149929586 0.87677182021750699 -0.2732259989901285 0.8542376832647639 -0.53692875148319619 0.35100380706732714 0.17383812467844503 -0.39048239047126987 1.084214986536814 -0.26941670961439229 0.27233160959556696 0.78848034368327791 -0.71165521732398451 -0.068014674229310693 -0.53280243871267885
leaf_weight=61 827 45 459 596 145 53 515 983 41 487 436 651 40 90 395 443 438 469 91 41 452 74 1334 46 234 130 270 70 362 64
leaf_count=61 827 45 459 596 145 53 515 983 41 487 436 651 40 90 395 443 438 469 91 41 452 74 1334 46 234 130 270 70 362 64
internal_value=3.2159e-10 -0.213998 0.49331 -0.041968 -0.393883 -0.656478 0.0746987 -0.0124063 0.359795 -0.173369 0.379375 -0.0788388 -0.344619 -0.231595 -0.41066 -0.532005 0.71778 -0.204048 0.30638 0.225706 0.43534 0.581328 -0.439999 0.716287 -0.061635 -0.0179505 0.622254 -0.330165 -0.0723105 -0.137842
internal_weight=10342 7213 3129 3687 3526 557 1953 1438 1962 1734 1921 1138 2969 1095 1874 496 1167 1055 1411 868 543 510 1729 91 1347 1113 729 539 516 426
internal_count=10342 7213 3129 3687 3526 557 1953 1438 1962 1734 1921 1138 2969 1095 1874 496 1167 1055 1411 868 543 510 1729 91 1347 1113 729 539 516 426
is_linear=0
shrinkage=0.05


Tree=30
num_leaves=31
num_cat=0
split_feature=8 11 9 4 17 5 9 0 0 2 6 2 9 5 7 13 25 25 18 7 18 6 5 13 2 9 10 9 0 9
split_gain=395954 91833.7 38127.6 20853.1 19246.1 18227.7 17302.6 16860.5 15799 15588.6 54433.6 13988.2 13099.3 12360.9 9243.83 8672.39 13124.2 15499.6 11503.2 10551.9 9398.91 7675.12 6662.16 6529.92 6509.96 6489.6 6415.14 5964.07 5953.79 6128.97
threshold=1.0000000180025095e-35 339.07500000000005 325.27500000000003 -0.78656609248549292 45.46741229618474 -0.70710678118654757 317.00500000000005 4.5000000000000009 9.5000000000000018 1.0000000180025095e-35 0.59177612190863982 3.5000000000000004 332.37500000000006 0.60355339059327384 -0.75013812021657655 36.927294719761029 -1.5999999999999985 -4.7499999999999991 304.34000000000009 0.79773375822167203 298.83000000000004 0.082691702092476851 0.78656609248549303 20.054510209366825 1.5000000000000002 341.02500000000003 368.74500000000006 326.38500000000005 4.5000000000000009 306.17000000000002
decision_type=2 2 2 2 2 2 2 2 2 2 2 2 2 2 2 2 2 2 2 2 2 2 2 2 2 2 2 2 2 2
left_child=1 6 4 11 8 14 7 9 -2 10 -1 27 28 -8 -4 16 17 -10 -19 26 21 -21 -14 -22 -9 -15 -18 -3 -5 -30
right_child=2 3 5 12 -6 -7 13 24 15 -11 -12 -13 22 25 -16 -17 19 18 -20 20 23 -23 -24 -25 -26 -27 -28 -29 29 -31
leaf_value=-0.5056196744387087 -0.0049580692333426879 0.14706141843994458 0.55284132743440573 -0.54303797550075428 -0.58457336328923704 0.438323345473284 -0.053658211147654761 -0.075514716751152469 0.79351223349571232 -0.57419413622954618 -2.6497296075488248 -0.053420342351677121 0.088263812266422007 -0.39149763044566321 0.88757461406449289 0.58176633593577309 0.85788201412016696 -0.029321949835866692 -1.0385377214755864 0.12168889157474042 -0.67844131186604506 0.85630222863983363 -0.2160840177082497 0.15800020204166818 -0.42912800577996768 -0.070319426396872081 0.34663296183388609 0.43712352478566274 -0.57264738060463138 -0.14937528729812463
leaf_weight=95 282 375 300 123 60 639 452 155 40 506 43 540 824 1296 660 456 154 96 40 80 40 64 230 56 812 179 102 336 92 1215
leaf_count=95 282 375 300 123 60 639 452 155 40 506 43 540 824 1296 660 456 154 96 40 80 40 64 230 56 812 179 102 336 92 1215
internal_value=1.26795e-10 -0.20097 0.476265 -0.0280492 0.29246 0.645241 -0.38352 -0.504451 0.329781 -0.702662 -1.17371 0.138429 -0.111891 -0.282419 0.78297 0.413465 0.299261 -0.0716814 -0.32615 0.430885 0.192703 0.448184 0.0218501 -0.190517 -0.372447 -0.352521 0.654181 0.284137 -0.210467 -0.179169
internal_weight=10342 7273 3069 3735 1470 1599 3538 1611 1410 644 138 1251 2484 1927 960 1128 672 176 136 496 240 144 1054 96 967 1475 256 711 1430 1307
internal_count=10342 7273 3069 3735 1470 1599 3538 1611 1410 644 138 1251 2484 1927 960 1128 672 176 136 496 240 144 1054 96 967 1475 256 711 1430 1307
is_linear=0
shrinkage=0.05


Tree=31
num_leaves=31
num_cat=0
split_feature=8 11 9 10 0 17 0 10 11 7 0 2 6 13 25 9 19 13 13 2 6 9 9 2 4 11 25 9 4 9
split_gain=357348 82925.4 34410.1 22150.4 17490.1 17369.6 14511.3 13114 9495.38 9143.1 9027.42 8178.9 7210.84 7809.93 8743.66 10703.7 8537.1 6761.82 5970.66 5833.9 5597.82 6724.32 5592.85 5222.46 19556.4 5520.53 5075.11 4893.74 4609.86 7434.9
threshold=1.0000000180025095e-35 345.34500000000008 325.27500000000003 328.15000000000003 10.500000000000002 45.46741229618474 10.500000000000002 369.09500000000008 300.34000000000009 -0.99052477729077237 16.500000000000004 3.5000000000000004 0.92922379131507438 36.927294719761029 -1.5999999999999985 308.43500000000006 436.26500000000004 10.790393427095889 11.482999848160668 1.0000000180025095e-35 0.048362692321690152 321.71500000000009 304.48500000000007 4.5000000000000009 -0.78656609248549292 330.68500000000006 -0.84999999999999776 333.83500000000009 -0.60355339059327362 308.23000000000008
decision_type=2 2 2 2 2 2 2 2 2 2 2 2 2 2 2 2 2 2 2 2 2 2 2 2 2 2 2 2 2 2
left_child=1 3 5 8 -4 6 -2 17 -1 -6 -11 -9 13 14 15 -8 20 -3 -19 26 -16 -22 -21 24 -5 -25 -20 -13 -10 -30
right_child=2 7 4 23 9 -7 12 11 28 10 -12 27 -14 -15 16 -17 -18 18 19 22 21 -23 -24 25 -26 -27 -28 -29 29 -31
leaf_value=-1.0850455562694599 0.068271338627464526 0.26413593396462282 0.36049363029548354 0.80586371749055152 0.21959733322284941 -0.5553447057679296 -0.72980666607618339 0.2989302057297632 -0.066949237468121925 0.82231863176395281 0.40049662647164752 -0.091992070964154071 1.0593558230215596 0.56585367069673287 0.065876984881696771 0.20616771568145073 0.89555196740797582 -0.55808624569056686 -0.30166561581194401 -0.68538235525290181 0.6313939611421151 -0.085973600511040013 -0.099238305456567949 -0.42373996949542997 -0.19716452158913902 -0.21883940752750705 0.34122902538740274 0.16813756761433823 -0.65571731500317554 -0.40283234680734925
leaf_weight=59 423 136 480 51 84 60 42 486 79 887 148 374 42 378 154 112 70 69 40 42 147 42 1312 528 1031 871 132 350 371 1342
leaf_count=59 423 136 480 51 84 60 42 486 79 887 148 374 42 378 154 112 70 69 40 42 147 42 1312 528 1031 871 132 350 371 1342
internal_value=5.63897e-11 -0.190922 0.452451 -0.330032 0.612979 0.277837 0.313292 0.0139839 -0.460929 0.721284 0.762 0.140267 0.4183 0.389809 0.272446 -0.049098 0.392343 -0.0742903 -0.103147 -0.0825761 0.289647 0.471979 -0.11742 -0.232375 -0.149887 -0.296171 0.191719 0.0337612 -0.44038 -0.457602
internal_weight=10342 7273 3069 4332 1599 1470 1410 2941 1851 1119 1035 1210 987 945 567 154 413 1731 1595 1526 343 189 1354 2481 1082 1399 172 724 1792 1713
internal_count=10342 7273 3069 4332 1599 1470 1410 2941 1851 1119 1035 1210 987 945 567 154 413 1731 1595 1526 343 189 1354 2481 1082 1399 172 724 1792 1713
is_linear=0
shrinkage=0.05


Tree=32
num_leaves=31
num_cat=0
split_feature=8 11 9 4 0 17 11 18 5 2 9 9 7 0 15 25 2 12 13 0 11 18 7 7 5 7 5 2 9 9
split_gain=322507 75033.5 31055.1 17538.4 15784.8 15676 15108.9 42173.5 13256.8 11808.1 11264.9 9297.25 8612.08 7840.31 7830.23 12423.7 10227.9 9381.04 7403.96 7387.89 6890.01 6236.42 5991.07 7019.44 5685.66 5592.32 5148.29 5109.08 5072.62 5059.51
threshold=1.0000000180025095e-35 339.07500000000005 325.27500000000003 -0.78656609248549292 10.500000000000002 45.46741229618474 309.78500000000003 159.84000000000003 -0.5 3.5000000000000004 332.37500000000006 331.61000000000007 -0.75013812021657655 3.5000000000000004 410.74500000000006 -1.1500000000000001 1.0000000180025095e-35 325.19437500000009 12.419043150453344 16.500000000000004 300.34000000000009 303.19500000000005 0.29958852271690523 0.46611290379786346 0.37940952255126048 -0.99761278905001471 0.60355339059327384 2.5000000000000004 306.17000000000002 326.38500000000005
decision_type=2 2 2 2 2 2 2 2 2 2 2 2 2 2 2 2 2 2 2 2 2 2 2 2 2 2 2 2 2 2
left_child=1 6 5 9 -4 8 7 -1 14 29 25 13 -6 -8 15 17 18 -2 21 22 -9 -17 -14 -24 -12 -5 -13 -19 -27 -3
right_child=2 3 4 10 12 -7 11 20 -10 -11 24 26 19 -15 -16 16 -18 27 -20 -21 -22 -23 23 -25 -26 28 -28 -29 -30 -31
leaf_value=-2.0462954128889934 -0.78457019098103054 0.13522394178013006 0.34246894911668885 -0.76888994938898381 0.47961225549916603 -0.52757746895154323 -0.47980334463863072 0.057957470472575282 -0.0089990672120388512 -0.048661394470923207 0.12724695175585363 0.17388838940274179 0.99037759680356552 -0.28738941299858273 0.52734622463506342 -0.08351623620837928 0.17541258630102896 0.3302916136197746 0.92222663541989669 0.39947204668413511 -0.53155278736039213 0.67042263569310312 0.16842470331014031 0.79289941738049197 -0.10614966367930175 -0.53308049694644988 -0.20230096030696185 -0.36178929522633552 -0.15079013732584257 0.40238528747258462
leaf_weight=46 40 375 480 41 350 60 798 57 282 540 579 108 335 1573 480 48 264 80 112 110 380 64 54 270 475 93 576 40 1296 336
leaf_count=46 40 375 480 41 350 60 798 57 282 540 579 108 335 1573 480 48 264 80 112 110 380 64 54 270 475 93 576 40 1296 336
internal_value=-1.22426e-10 -0.181376 0.429829 -0.0250701 0.58233 0.263945 -0.346384 -0.606244 0.297627 0.127605 -0.101961 -0.3053 0.685219 -0.35215 0.374283 0.260904 0.386263 -0.121444 0.634766 0.778799 -0.45466 0.347306 0.842116 0.68882 0.0220635 -0.193374 -0.142903 0.099598 -0.176386 0.261477
internal_weight=10342 7273 3069 3735 1599 1470 3538 483 1410 1251 2484 3055 1119 2371 1128 648 488 160 224 769 437 112 659 324 1054 1430 684 120 1389 711
internal_count=10342 7273 3069 3735 1599 1470 3538 483 1410 1251 2484 3055 1119 2371 1128 648 488 160 224 769 437 112 659 324 1054 1430 684 120 1389 711
is_linear=0
shrinkage=0.05


Tree=33
num_leaves=31
num_cat=0
split_feature=11 11 10 2 0 10 11 9 24 10 2 9 0 2 7 2 18 17 2 4 9 2 6 22 13 7 15 7 7 29
split_gain=291450 51941.9 39602 12454.3 19618.7 13015 12145.2 10347.2 11740.1 8739.31 7820.62 7513.75 8303.75 10180.7 42709.7 7980.5 7973.51 6985.72 6533.03 6264.24 6087.75 5271.05 5528.88 6118.15 5473.42 4894.92 4525.83 4435.87 4360.71 4320.07
threshold=361.15500000000003 393.03000000000003 332.20500000000004 1.0000000180025095e-35 4.5000000000000009 360.02000000000004 426.47500000000008 334.13500000000005 34.260416666666671 379.98500000000007 4.5000000000000009 336.02500000000003 3.5000000000000004 1.0000000180025095e-35 -0.42179730054635828 1.5000000000000002 159.84000000000003 23.26182996334725 3.5000000000000004 -0.60355339059327362 306.17000000000002 3.5000000000000004 0.90892735371523092 22.500000000000004 38.307152543724023 -0.97874870457683594 350.38000000000005 0.94909129669788206 -0.99761278905001471 3.7666666666666671
decision_type=2 2 2 2 2 2 2 2 2 2 2 2 2 2 2 2 2 2 2 2 2 2 2 2 2 2 2 2 2 2
left_child=2 9 11 4 -4 20 7 8 21 17 -7 12 13 14 -1 16 -14 -2 -11 -6 26 22 27 -24 -23 -12 -5 -3 -19 -28
right_child=1 6 3 5 19 10 -8 -9 -10 18 25 -13 15 -15 -16 -17 -18 28 -20 -21 -22 24 23 -25 -26 -27 29 -29 -30 -31
leaf_value=-2.1340254189486201 0.63429164991659281 0.50744482805021107 -0.6066402720031786 -0.22040778951160611 0.95708976798276935 0.22624469861144059 0.69777912943095755 0.59582051732727603 -0.34436991247119475 0.40285386582279853 0.41057203624513933 0.0060611496564031636 -0.67588830156403723 -0.42162984497954803 -0.42892811224308042 -0.40714719277320033 -0.051353930310633879 -0.37862321456273396 0.12705256287409389 0.30050936718303545 -0.1817059974343144 -0.3210119214128046 -0.23480391707872192 0.54134441815143408 0.31235612357991471 -0.11061745598215972 -0.95082051891367891 0.031871573697283585 0.058364641772966498 -0.31557314460692198
leaf_weight=47 51 655 51 100 54 288 536 558 61 435 48 121 59 977 168 691 382 60 424 111 2133 51 62 43 103 733 64 53 1177 46
leaf_count=47 51 655 51 100 54 288 536 558 61 435 48 121 59 977 168 691 382 60 424 111 2133 51 62 43 103 733 64 53 1177 46
internal_value=-2.60172e-10 0.316584 -0.222542 -0.117724 0.250466 -0.141033 0.492016 0.422477 0.328385 0.143194 0.00353914 -0.378074 -0.398074 -0.490177 -0.80167 -0.30109 -0.134908 0.0608126 0.266719 0.51539 -0.206995 0.370824 0.42163 0.0830473 0.102604 -0.0785853 -0.463856 0.471844 0.0371688 -0.685172
internal_weight=10342 4269 6073 3628 216 3412 2122 1586 1028 2147 1069 2445 2324 1192 215 1132 441 1288 859 165 2343 967 813 105 154 781 210 708 1237 110
internal_count=10342 4269 6073 3628 216 3412 2122 1586 1028 2147 1069 2445 2324 1192 215 1132 441 1288 859 165 2343 967 813 105 154 781 210 708 1237 110
is_linear=0
shrinkage=0.05


Tree=34
num_leaves=31
num_cat=0
split_feature=8 11 9 4 17 5 2 9 0 11 5 9 7 9 19 6 13 25 25 16 24 12 9 5 22 15 9 0 16 9
split_gain=263944 62083.8 26484.3 19939.2 13633.5 13590.8 13120.5 13089.3 12028.7 11001.9 10849.1 12215.9 7347.4 6663.67 7374.27 5989.06 6179.51 7007.35 9671.27 8042.48 7243.19 6342.35 5578.22 5336.23 5667.03 5142.57 4902.46 4746.71 4767.22 4737.38
threshold=1.0000000180025095e-35 333.11500000000007 325.27500000000003 -0.60355339059327362 45.46741229618474 -0.70710678118654757 3.5000000000000004 316.91500000000002 10.500000000000002 300.34000000000009 0.37940952255126048 336.53000000000003 -0.99052477729077237 331.17500000000007 427.56 0.92922379131507438 36.927294719761029 -1.5999999999999985 -2.800000000000002 349.67958333333337 27.199702380952385 325.19437500000009 318.09000000000009 0.25881904510252057 35.850000000000009 355.73500000000007 326.38500000000005 11.500000000000002 352.06458333333336 333.28500000000003
decision_type=2 2 2 2 2 2 2 2 2 2 2 2 2 2 2 2 2 2 2 2 2 2 2 2 2 2 2 2 2 2
left_child=1 7 4 6 8 12 26 9 -2 -1 11 22 -4 14 -12 16 17 18 -10 -20 21 -19 -5 -9 -25 -23 -3 -14 -29 -8
right_child=2 3 5 10 -6 -7 29 23 15 -11 13 -13 27 -15 -16 -17 -18 20 19 -21 -22 25 -24 24 -26 -27 -28 28 -30 -31
leaf_value=-1.2257878743193071 0.043991535454636209 0.096861488900267259 0.1628273800895032 -0.25636350978023581 -0.50249698390563335 0.35101065432072764 -0.14544223991218699 0.0857468051903017 0.5915080361777828 -0.43862859054254844 -0.9819491861121995 0.19806458847387365 0.52451307987542573 -0.17946195853769109 -0.34940284911256575 0.94690330617484586 0.49330447281479206 0.63781924518671906 0.12551589336778438 -0.72187918697350795 0.7770537988573023 -0.30323040943060603 -0.052181357482794691 -0.25290281893043637 -0.7585011939357581 0.23798232247956613 0.32314942742308994 0.26900679824704471 0.80994370685156136 0.10257298990772577
leaf_weight=46 423 505 72 540 60 639 585 111 42 1268 56 355 296 621 260 42 378 77 56 56 77 56 879 1247 58 203 455 44 548 287
leaf_count=46 423 505 72 540 60 639 585 111 42 1268 56 355 296 621 260 42 378 77 56 56 77 56 879 1247 58 203 455 44 548 287
internal_value=1.57278e-10 -0.164084 0.38885 -0.0508404 0.235659 0.529681 0.0765845 -0.352532 0.26707 -0.466185 -0.13695 -0.0642564 0.648609 -0.274578 -0.4615 0.362676 0.33671 0.232313 -0.055539 -0.298182 0.339648 0.239409 -0.129883 -0.247066 -0.275374 0.120963 0.204113 0.687997 0.769739 -0.0638134
internal_weight=10342 7273 3069 4543 1470 1599 1832 2730 1410 1314 2711 1774 960 937 316 987 945 567 154 112 413 336 1419 1416 1305 259 960 888 592 872
internal_count=10342 7273 3069 4543 1470 1599 1832 2730 1410 1314 2711 1774 960 937 316 987 945 567 154 112 413 336 1419 1416 1305 259 960 888 592 872
is_linear=0
shrinkage=0.05


Tree=35
num_leaves=31
num_cat=0
split_feature=8 11 0 9 4 2 9 13 5 9 17 7 15 12 7 9 19 26 18 18 13 13 2 15 6 5 22 9 9 15
split_gain=238209 56030.6 24267.8 19081 17995.1 11841.3 11813.1 10697.9 9791.28 11059.1 9365.89 7932.49 7372.68 6074.95 6028.87 6022.5 6084.92 5772.97 8974.19 7885.41 5336.32 13920.7 8850.67 8353.14 7780.72 4815.95 5114.49 4521.85 4424.47 4352.14
threshold=1.0000000180025095e-35 333.11500000000007 9.5000000000000018 325.27500000000003 -0.60355339059327362 3.5000000000000004 316.91500000000002 10.71449692572833 0.37940952255126048 326.53000000000003 45.46741229618474 -0.75013812021657655 407.03500000000003 352.57958333333346 0.99681593486783593 331.24000000000007 429.10000000000008 5.929166666666668 316.29500000000002 311.10000000000008 11.783583696410485 10.790393427095889 1.0000000180025095e-35 410.74500000000006 -0.37447345805034543 0.25881904510252057 35.850000000000009 325.34000000000009 326.38500000000005 429.54000000000002
decision_type=2 2 2 2 2 2 2 2 2 2 2 2 2 2 2 2 2 2 2 2 2 2 2 2 2 2 2 2 2 2
left_child=1 6 12 10 5 28 7 -1 9 -6 14 13 -2 -5 20 16 -10 18 19 29 21 -4 -22 24 -24 -8 27 -27 -3 -13
right_child=2 4 3 11 8 -7 25 -9 15 -11 -12 17 -14 -15 -16 -17 -18 -19 -20 -21 22 -23 23 -25 -26 26 -28 -29 -30 -31
leaf_value=-1.2185162531688463 -0.12509223590375948 0.092018412872735419 0.59585521367844196 -0.19576712290756404 -0.17916712591774828 -0.06062270542841678 0.081459464832536285 -0.41663472146340991 -0.86774090445958663 0.070894020859280996 -0.38967808146650595 0.75691325073130433 0.22896295703645497 0.45374902911807613 -0.14785913858213462 -0.16869175081865995 -0.32665861435378379 0.8112383227878146 0.6995992908072346 -0.28611120066295065 0.72310023672790047 -0.41761981935964693 -0.540578566621989 0.44867966434375073 0.21264412792011475 -0.34137995233663926 -0.72057614161488448 -0.15060918722203095 0.30699195706500459 0.17380839870311321
leaf_weight=43 244 505 64 40 936 872 111 1271 65 838 48 64 370 360 64 613 259 360 343 48 168 72 40 480 240 586 58 661 455 64
leaf_count=43 244 505 64 40 936 872 111 1271 65 838 48 64 370 360 64 613 259 360 343 48 168 72 40 480 240 586 58 661 455 64
internal_value=1.5197e-10 -0.155879 0.369407 0.439722 -0.0482983 0.0727553 -0.334905 -0.442876 -0.130102 -0.0610435 0.294351 0.573386 0.0882635 0.388797 0.323459 -0.260849 -0.435209 0.657385 0.550666 0.260414 0.351809 0.0593096 0.394675 0.322076 0.105041 -0.234712 -0.261605 -0.240258 0.193907 0.465361
internal_weight=10342 7273 3069 2455 4543 1832 2730 1314 2711 1774 1176 1279 614 400 1128 937 324 879 519 176 1064 136 928 760 280 1416 1305 1247 960 128
internal_count=10342 7273 3069 2455 4543 1832 2730 1314 2711 1774 1176 1279 614 400 1128 937 324 879 519 176 1064 136 928 760 280 1416 1305 1247 960 128
is_linear=0
shrinkage=0.05


Tree=36
num_leaves=31
num_cat=0
split_feature=8 11 5 9 4 2 9 11 17 5 9 7 0 0 12 9 19 9 7 7 9 13 13 2 15 15 13 9 9 0
split_gain=214984 50567.6 22973 17298.7 16240.6 10686.8 10661.4 9869.45 9116.88 8836.63 10448.9 7875.63 6548.06 6354.94 6181.4 5462.21 6076.11 5444.99 5253.82 4840.66 4684.04 4560.66 8599.88 5209.77 6226.73 4378.88 6665.87 4644.58 4275.48 4154.75
threshold=1.0000000180025095e-35 333.11500000000007 -0.5 325.27500000000003 -0.60355339059327362 3.5000000000000004 316.91500000000002 300.34000000000009 45.46741229618474 0.37940952255126048 336.53000000000003 -0.75013812021657655 11.500000000000002 11.500000000000002 352.57958333333346 331.17500000000007 427.56 331.61000000000007 0.29958852271690523 0.46611290379786346 318.09000000000009 11.783583696410485 10.790393427095889 1.0000000180025095e-35 410.74500000000006 359.85000000000008 12.419043150453344 334.22000000000008 333.28500000000003 3.5000000000000004
decision_type=2 2 2 2 2 2 2 2 2 2 2 2 2 2 2 2 2 2 2 2 2 2 2 2 2 2 2 2 2 2
left_child=1 6 3 8 5 -3 7 -1 13 10 20 14 -13 -2 -5 16 -11 -4 -14 -20 -6 22 -15 -23 -25 -8 -27 -28 -7 -9
right_child=2 4 17 11 9 28 25 29 -10 15 -12 12 18 21 -16 -17 -18 -19 19 -21 -22 23 -24 24 -26 26 27 -29 -30 -31
leaf_value=-1.140180308031647 0.15644026122448096 0.18421157015505951 -0.033866270752930965 -0.2269713315088302 -0.23458697760628572 -0.13513899254278303 0.068642483392761924 -0.51098651269676798 -0.39394006753961247 -0.88946467051947753 0.18461665656968532 0.45429616070606493 0.88828012491426167 0.5579063561889861 0.42821096227038657 -0.16169113146115677 -0.31528761056036902 0.27665650595402852 0.10549055294858085 0.67356700060764951 -0.047484213719621249 0.76204057634554134 -0.41961227416992186 0.16991885279009983 0.52744526945489145 -0.76873071948855609 -0.2746505292353793 -0.036911293677101359 0.10047547507638482 -0.32423055102836484
leaf_weight=46 423 960 394 40 540 585 118 478 48 56 355 330 279 45 360 621 260 220 45 225 879 110 45 205 300 59 979 260 287 790
leaf_count=46 423 960 394 40 540 585 118 478 48 56 355 330 279 45 360 621 260 220 45 225 879 110 45 205 300 59 979 260 287 790
internal_value=1.64433e-10 -0.148085 0.350937 0.41935 -0.0458834 0.0691175 -0.31816 -0.420732 0.280935 -0.123597 -0.0579914 0.546618 0.630316 0.309653 0.362693 -0.247807 -0.417041 0.077396 0.73612 0.578888 -0.118686 0.401581 0.069147 0.45023 0.382311 -0.222977 -0.249488 -0.224762 -0.0575916 -0.394632
internal_weight=10342 7273 3069 2455 4543 1832 2730 1314 1176 2711 1774 1279 879 1128 400 937 316 614 549 270 1419 705 90 615 505 1416 1298 1239 872 1268
internal_count=10342 7273 3069 2455 4543 1832 2730 1314 1176 2711 1774 1279 879 1128 400 937 316 614 549 270 1419 705 90 615 505 1416 1298 1239 872 1268
is_linear=0
shrinkage=0.05


Tree=37
num_leaves=31
num_cat=0
split_feature=11 10 5 2 0 2 7 10 2 15 9 17 10 15 10 14 13 25 4 6 22 15 6 15 6 9 16 16 17 19
split_gain=194182 46168.1 14870.9 13368.7 11137.6 14829.7 50154.9 28292.1 13143.7 10942.7 8268.93 8128.78 7799.6 8960.3 7667.57 7412.15 6750.75 5529.01 10403.1 5494.81 11926.6 5425.29 6827.89 6297.79 6788.33 5708.27 8298.03 11535.8 4680.79 4662.06
threshold=378.49500000000006 343.74500000000006 -0.70710678118654757 3.5000000000000004 4.5000000000000009 1.0000000180025095e-35 -0.42179730054635828 328.15000000000003 1.5000000000000002 433.27500000000003 326.20000000000005 41.239216506224551 373.97500000000008 358.93000000000006 386.01500000000004 304.58500000000004 10.18733216452757 -0.84999999999999776 -0.60355339059327362 -0.72696319516528884 24.150000000000002 431.78500000000003 0.94138322595482449 407.03500000000003 -0.91597725483594616 334.75500000000005 359.83952380952383 368.90068452380962 35.670249727784082 427.84000000000003
decision_type=2 2 2 2 2 2 2 2 2 2 2 2 2 2 2 2 2 2 2 2 2 2 2 2 2 2 2 2 2 2
left_child=1 4 9 12 5 6 7 -1 11 16 -7 17 13 -3 19 -13 -2 -6 -19 20 -5 22 23 24 -18 26 28 -28 -26 -4
right_child=2 3 29 14 8 10 -8 -9 -10 -11 -12 15 -14 -15 -16 -17 21 18 -20 -21 -22 -23 -24 -25 25 -27 27 -29 -30 -31
leaf_value=-2.5970060586929322 0.89495909501766335 0.66737241703167305 0.023743814613670113 -1.11636128162102 -0.10254888305880808 -0.373667184672274 -0.26421959009317852 -0.74953515578061347 -0.2676976259312856 0.66397672185621348 -0.14732337044243318 -0.034816596596078442 0.35143664131144547 0.023048920857026423 0.084847268101472362 -0.90548361512747688 0.82078356968193522 0.64708785631079624 0.033322401566860768 -0.088939693136781683 -0.20450321534710408 -0.22996660515666012 0.91115877429644265 0.44822860877246096 -0.036952604706872443 0.64750419671044634 -0.87795933015803085 0.26965261966716952 0.35831581667766516 0.26423958454095547
leaf_weight=43 58 57 250 41 275 964 220 40 1255 422 694 55 286 1011 521 44 41 94 260 1267 286 40 54 570 122 51 47 41 194 1039
leaf_count=43 58 57 250 41 275 964 220 40 1255 422 694 55 286 1011 521 44 41 94 260 1267 286 40 54 570 122 51 47 41 194 1039
internal_value=-1.80333e-10 -0.136187 0.344675 -0.00313818 -0.253211 -0.337705 -0.659343 -1.70666 -0.169656 0.444556 -0.278925 -0.000641555 0.119537 0.057437 -0.0816737 -0.42178 0.368533 0.0656425 0.1963 -0.136101 -0.318834 0.342212 0.362647 0.334861 0.20458 0.149054 0.0861305 -0.343276 0.205712 0.217596
internal_weight=10342 7413 2929 3469 3944 1961 303 83 1983 1640 1658 728 1354 1068 2115 99 1218 629 354 1594 327 1160 1120 1066 496 455 404 88 316 1289
internal_count=10342 7413 2929 3469 3944 1961 303 83 1983 1640 1658 728 1354 1068 2115 99 1218 629 354 1594 327 1160 1120 1066 496 455 404 88 316 1289
is_linear=0
shrinkage=0.05


Tree=38
num_leaves=31
num_cat=0
split_feature=8 11 0 4 16 2 9 15 9 7 18 16 6 15 6 13 5 13 7 0 22 7 19 15 11 9 0 5 2 7
split_gain=176014 41459.7 19874.5 13551.2 13268.4 9402.85 9214.02 8216.62 7894.95 8255.46 7039.79 6935.09 7416.84 7880.52 6146.45 7287.58 5906.17 5905.37 5897.88 5699.58 5630.77 4949.1 4926.58 4199.48 4185.07 4574.81 4146.39 3944.81 3672.69 3513.9
threshold=1.0000000180025095e-35 333.11500000000007 10.500000000000002 -0.78656609248549292 361.72083333333336 4.5000000000000009 325.2050000000001 407.03500000000003 334.13500000000005 -0.99761278905001471 316.29500000000002 360.73443452380957 -0.75015329512557194 429.54000000000002 0.048362692321690152 13.021684273779085 0.37940952255126048 10.71449692572833 -0.99273797715557011 16.500000000000004 35.850000000000009 0.49626980634301193 399.55500000000006 359.85000000000008 343.98500000000007 326.38500000000005 4.5000000000000009 0.60355339059327384 1.5000000000000002 0.98332250088165762
decision_type=2 2 2 2 2 2 2 2 2 2 2 2 2 2 2 2 2 2 2 2 2 2 2 2 2 2 2 2 2 2
left_child=1 6 7 5 10 24 17 -2 9 -5 11 12 -4 14 29 -16 -10 -1 -6 -20 23 22 -17 -8 -3 -26 -11 -19 -9 -14
right_child=2 3 4 8 18 -7 20 28 16 26 -12 -13 13 -15 15 21 -18 27 19 -21 -22 -23 -24 -25 25 -27 -28 -29 -30 -31
leaf_value=-0.85153340558255364 -0.060678984029880145 0.67112792141380773 0.61790596788533692 -0.81745119736246452 0.0040027662807581377 -0.094862112710712959 0.36598640024662021 0.47475286323762811 0.14145721376084916 -0.32379661444574598 0.87538914096598719 -0.36721958259031889 0.18803983780147115 -0.24865813174031001 -0.084607765199495602 0.72791356237567206 -0.09224815270105069 -0.23095183378724801 0.61798848945754259 0.26172704152364767 -0.60208503710197625 0.58714664028327268 0.16931850168535148 -0.1331765855383972 0.047088222750039266 0.27723457556917225 -0.11243496634284861 -0.38252145482575806 0.17265251575227183 -0.22277759052813054
leaf_weight=56 366 42 147 46 49 455 45 132 483 267 49 42 203 77 77 49 614 653 785 131 61 266 203 662 440 424 1772 1253 423 70
leaf_count=56 366 42 147 46 49 455 45 132 483 267 49 42 203 77 77 49 614 653 785 131 61 266 203 662 440 424 1772 1253 423 70
internal_value=3.65536e-10 -0.133993 0.317541 -0.041452 0.400858 0.0905888 -0.287992 0.123226 -0.0979283 -0.155056 0.288622 0.263268 0.287517 0.236123 0.279128 0.369253 0.0106504 -0.345462 0.538449 0.567038 -0.141173 0.436719 0.277934 -0.101405 0.183724 0.16003 -0.140112 -0.330593 0.244503 0.082702
internal_weight=10342 7273 3069 4543 2148 1361 2730 921 3182 2085 1183 1134 1092 945 868 595 1097 1962 965 916 768 518 252 707 906 864 2039 1906 555 273
internal_count=10342 7273 3069 4543 2148 1361 2730 921 3182 2085 1183 1134 1092 945 868 595 1097 1962 965 916 768 518 252 707 906 864 2039 1906 555 273
is_linear=0
shrinkage=0.05


Tree=39
num_leaves=31
num_cat=0
split_feature=8 10 5 9 2 11 7 17 4 9 2 25 11 4 7 0 9 5 15 0 9 7 9 5 7 9 12 9 13 25
split_gain=158853 37441.4 18499.9 13313.4 10938.9 10006.1 25538.6 7817.39 7344.28 7621.43 6959.09 9651.26 6682.55 6479.55 6464.69 6464.66 6327.99 5892.55 5434.7 5216.64 4909.89 4884.87 4732.96 4398.9 4334.96 4194.24 3922.14 3830.97 3784.24 7573.75
threshold=1.0000000180025095e-35 346.17000000000007 -0.5 325.27500000000003 4.5000000000000009 307.86500000000007 -0.5129677127369543 45.46741229618474 -0.60355339059327362 311.61500000000007 1.5000000000000002 -0.84999999999999776 300.34000000000009 -0.9159756150367534 -0.99761278905001471 11.500000000000002 333.83500000000009 0.60355339059327384 352.43500000000006 11.500000000000002 346.82000000000005 -0.75013812021657655 320.38000000000005 1.0000000180025095e-35 0.29958852271690523 306.61000000000007 363.41104166666668 308.43500000000006 11.783583696410485 -1.0000000180025095e-35
decision_type=2 2 2 2 2 2 2 2 2 2 2 2 2 2 2 2 2 2 2 2 2 2 2 2 2 2 2 2 2 2
left_child=1 5 3 7 13 6 -1 19 10 18 11 -7 -8 -3 -11 -5 23 -16 -10 -2 -19 -17 -4 25 -23 -6 -26 -20 29 -21
right_child=2 4 22 15 16 8 12 -9 9 14 -12 -13 -14 -15 17 21 -18 20 27 28 -22 24 -24 -25 26 -27 -28 -29 -30 -31
leaf_value=-1.4210773735493423 0.12940600314716993 0.24032013717980938 -0.14206110027683255 0.32967547277842341 -0.47107169530163073 -0.27611338705436828 0.29428445376633178 -0.38330184966325764 -0.26168538302443306 -0.79160624474964358 -0.18451805682821079 0.43215509862341783 -0.38636688847533046 0.025264518817475542 -0.057670635782282757 0.37862796878553928 0.073778454619146269 -0.24384085367264152 -0.72359816184153369 -0.40998217734197778 0.21623968220005435 0.78347615008926741 0.15339730667510948 -0.35706035981777018 0.12565832869573074 -0.075365304337285555 0.59882383941217909 -0.3546855587815797 0.39582422548193275 0.50736590147018434
leaf_weight=60 423 499 202 480 73 73 42 48 409 44 293 141 255 1175 704 250 401 1730 147 45 60 279 412 222 55 810 215 135 615 45
leaf_count=60 423 499 202 480 73 73 42 48 409 44 293 141 255 1175 704 250 401 1730 147 45 60 279 412 222 55 810 215 135 615 45
internal_value=5.71535e-11 -0.127294 0.301664 0.363057 0.00141169 -0.22729 -0.480191 0.241628 -0.203123 -0.230902 -0.0262055 0.190549 -0.290113 0.0893701 -0.19082 0.474706 -0.0963588 -0.180221 -0.37812 0.268221 -0.228419 0.561834 0.0561944 -0.158101 0.645261 -0.108079 0.502438 -0.546991 0.351509 0.0486919
internal_weight=10342 7273 3069 2455 3180 4093 357 1176 3736 3229 507 214 297 1674 2538 1279 1506 2494 691 1128 1790 799 614 1105 549 883 270 282 705 90
internal_count=10342 7273 3069 2455 3180 4093 357 1176 3736 3229 507 214 297 1674 2538 1279 1506 2494 691 1128 1790 799 614 1105 549 883 270 282 705 90
is_linear=0
shrinkage=0.05


Tree=40
num_leaves=31
num_cat=0
split_feature=8 11 5 9 10 11 9 17 0 12 7 23 0 7 2 13 0 9 15 9 9 13 13 2 15 19 28 5 16 2
split_gain=143365 33883.3 16696.2 12015.4 11480.4 8272.36 8651.52 7055.2 6293.03 6211.93 6187.87 6079.55 5759.19 5013.58 4970.55 4858.42 4477.07 4414.07 3967.6 3802.01 3762.55 3725.12 7812.31 5602.07 3832.84 3846.41 3645.96 3620.5 3536.06 3455.69
threshold=1.0000000180025095e-35 333.11500000000007 -0.5 325.27500000000003 369.09500000000008 300.34000000000009 325.34000000000009 45.46741229618474 4.5000000000000009 344.36812500000002 -0.99052477729077237 36.110416666666673 11.500000000000002 0.99681593486783593 3.5000000000000004 10.386330250546999 11.500000000000002 332.37500000000006 359.85000000000008 346.82000000000005 334.13500000000005 11.783583696410485 10.790393427095889 1.0000000180025095e-35 411.15500000000003 425.45000000000005 0.022321428571428565 0.60355339059327384 352.06458333333336 3.5000000000000004
decision_type=2 2 2 2 2 2 2 2 2 2 2 2 2 2 2 2 2 2 2 2 2 2 2 2 2 2 2 2 2 2
left_child=1 5 3 7 8 -1 27 13 9 -3 11 -5 -12 16 -6 -10 -2 -4 -8 -11 26 22 -18 -23 25 -25 -17 -7 -14 -30
right_child=2 4 17 10 14 6 18 -9 15 19 12 -13 28 -15 -16 20 21 -19 -20 -21 -22 23 -24 24 -26 -27 -28 -29 29 -31
leaf_value=-0.76433759995182105 0.1482524959900344 -0.74627601806143373 -0.043270372992877372 -0.40589300639228898 0.20992554713609471 -0.20592156952136104 0.35560612552695803 -0.36413675069343299 0.24728260922859172 -0.2334201590569204 0.33997254768482971 0.4011884074624894 0.18210841349580073 -0.17499400785200125 0.012225008395155543 0.31884809102118017 0.55940834522247318 0.23933053281889963 -0.12895293528740498 0.16570044876733686 0.052575513413746139 0.73591950630325653 -0.40094945748647054 0.27427004516895476 0.44579260421611755 -0.2795509454607964 -0.11375030973054248 -0.35071754067924654 0.65326753635941215 0.3668239302080698
leaf_weight=79 399 54 404 40 494 657 45 48 126 487 444 56 55 64 892 50 40 210 690 68 490 105 45 145 290 40 1882 1259 554 130
leaf_count=79 399 54 404 40 494 657 45 48 126 487 444 56 55 64 892 50 40 210 690 68 490 105 45 145 290 40 1882 1259 554 130
internal_value=2.82753e-11 -0.120929 0.286581 0.344904 -0.0372694 -0.260147 -0.245122 0.229547 -0.0899344 -0.23433 0.450971 0.0649045 0.4823 0.25481 0.0826897 -0.0554223 0.280662 0.0533847 -0.0992861 -0.184519 -0.07117 0.360108 0.0509836 0.405411 0.332352 0.154525 -0.102555 -0.301067 0.567812 0.598827
internal_weight=10342 7273 3069 2455 4543 2730 2651 1176 3157 609 1279 96 1183 1128 1386 2548 1064 614 735 555 2422 665 85 580 475 185 1932 1916 739 684
internal_count=10342 7273 3069 2455 4543 2730 2651 1176 3157 609 1279 96 1183 1128 1386 2548 1064 614 735 555 2422 665 85 580 475 185 1932 1916 739 684
is_linear=0
shrinkage=0.05


Tree=41
num_leaves=31
num_cat=0
split_feature=8 10 0 16 2 0 2 7 2 15 9 18 16 6 15 23 4 6 13 7 15 10 24 9 0 11 17 6 22 4
split_gain=129387 30758.5 15530.5 10273.2 9405.19 8342.94 12361.9 43223.9 9402.45 6896.83 6633.89 5832.4 6327.07 6093.13 7251.86 5591.55 5539.18 5488.83 6027.35 4835.69 4531.11 4485.79 4314.75 4208.07 4066.64 3944.13 3932.92 3732.44 4013.36 3586.54
threshold=1.0000000180025095e-35 346.17000000000007 10.500000000000002 361.72083333333336 4.5000000000000009 4.5000000000000009 1.0000000180025095e-35 -0.52765736634565841 1.5000000000000002 407.03500000000003 336.02500000000003 316.29500000000002 360.73443452380957 -0.75015329512557194 429.54000000000002 33.220833333333339 -0.9159756150367534 0.048362692321690152 13.021684273779085 -0.99273797715557011 358.93000000000006 391.91000000000003 12.855059523809524 303.99500000000006 16.500000000000004 329.39500000000004 40.673137644329906 -0.78326540922535159 25.300000000000004 -0.60355339059327362
decision_type=2 2 2 2 2 2 2 2 2 2 2 2 2 2 2 2 2 2 2 2 2 2 2 2 2 2 2 2 2 2
left_child=1 5 9 11 16 6 7 -1 26 -2 23 12 13 -4 17 21 -3 -15 -19 -5 -20 27 -22 -8 -21 -10 29 28 -6 -7
right_child=2 4 3 19 15 8 10 -9 25 -11 -12 -13 -14 14 -16 -17 -18 18 20 24 22 -23 -24 -25 -26 -27 -28 -29 -30 -31
leaf_value=-1.6327427933681502 -0.068008714620675384 0.22289921550550509 0.54668619287593079 -0.016961300905261722 -0.81608559137040926 0.25782335586635408 -0.6833493214597306 -0.23628470365059281 -0.30098082675989402 0.21159149531014934 -0.021730564883187045 0.7812280768642621 -0.37814869713925181 0.056278524527346697 -0.26439731144285822 0.089192139344765123 0.024060398209126709 -0.085689889765405036 0.74232340743402381 0.53589600035244489 0.73670692262904991 0.027099440145193023 0.26698294318777011 -0.2551714202491106 0.23496620477344271 -0.13313646474705185 -0.24832143971118434 -0.14530666998843697 -0.26671607583788609 -0.013776661060539257
leaf_weight=73 366 499 147 49 44 177 60 230 641 555 322 49 42 273 77 341 1175 77 77 785 56 296 385 1315 131 771 116 689 136 388
leaf_count=73 366 499 147 49 44 177 60 230 641 555 322 49 42 273 77 341 1175 77 77 785 56 296 385 1315 131 771 116 689 136 388
internal_value=2.2657e-10 -0.114883 0.272252 0.345903 0.00177238 -0.205516 -0.278542 -0.572725 -0.135735 0.10048 -0.226016 0.247144 0.224066 0.247228 0.200646 -0.0888855 0.0833319 0.2419 0.327067 0.466972 0.388423 -0.141009 0.32663 -0.273856 0.492859 -0.209332 0.0168636 -0.198271 -0.401006 0.0713087
internal_weight=10342 7273 3069 2148 3180 4093 2000 303 2093 921 1697 1183 1134 1092 945 1506 1674 868 595 965 518 1165 441 1375 916 1412 681 869 180 565
internal_count=10342 7273 3069 2148 3180 4093 2000 303 2093 921 1697 1183 1134 1092 945 1506 1674 868 595 965 518 1165 441 1375 916 1412 681 869 180 565
is_linear=0
shrinkage=0.05


Tree=42
num_leaves=31
num_cat=0
split_feature=8 10 5 9 9 0 2 6 5 2 17 6 6 6 12 13 2 23 17 6 16 18 9 7 7 17 13 9 13 18
split_gain=116771 27931.6 14368.9 10265.7 9443 9656.37 9517.5 42656.9 8381.58 8146.01 6613.17 6143.21 10627.5 6423.7 6492.68 5232.94 5044.3 4864.96 4396.54 4833.95 4628.36 4367.32 4216.69 4811.43 4170.28 4003.12 3980.21 3948.68 3825.19 4129.71
threshold=1.0000000180025095e-35 351.15000000000003 -0.5 321.77500000000003 318.24500000000006 4.5000000000000009 1.0000000180025095e-35 0.59177612190863982 0.37940952255126048 4.5000000000000009 42.04441352259056 0.9550229469509578 0.90892735371523092 -0.66528616069191593 344.67562500000003 34.473321924859782 3.5000000000000004 33.220833333333339 30.350097923534168 0.15101559051660998 342.69351190476198 321.69000000000005 343.89000000000004 -0.99761278905001471 0.99681593486783593 26.184225389559419 10.607254350858371 320.38000000000005 16.057754606294552 295.7000000000001
decision_type=2 2 2 2 2 2 2 2 2 2 2 2 2 2 2 2 2 2 2 2 2 2 2 2 2 2 2 2 2 2
left_child=1 4 3 10 5 6 7 -1 -6 -3 24 12 13 15 -15 -5 18 -11 19 -7 -20 -13 23 -10 25 -2 -25 -4 -18 -30
right_child=2 9 27 11 8 16 -8 -9 22 17 -12 21 -14 14 -16 -17 28 -19 20 -21 -22 -23 -24 26 -26 -27 -28 -29 29 -31
leaf_value=-0.20588879041373731 0.65540540537663872 0.1032362554510049 -0.13878058858289577 0.95334724196646781 0.064395024618218236 -0.057156524355664401 -0.32095594076206907 -2.0740721850909973 -0.69175668370950483 -0.12274289611210715 -0.34285294724894422 0.33253461174899712 -0.1743589976633137 -0.16373639821540564 0.35943583084505493 0.47677184110895426 -0.17423100067055231 0.10425746491852335 -0.55748906118566532 0.61489801645278941 -0.071920566971310898 0.84473488423503751 0.07413664219250693 0.12788593379183882 -0.17170815507124645 0.21767585936733258 -0.19224059228721546 0.13109011286960065 -0.18308508315704008 -0.53976584321294496
leaf_weight=100 56 1379 202 72 497 66 560 44 46 1021 56 64 88 64 808 288 497 307 57 45 353 119 169 103 64 776 1694 412 138 197
leaf_count=100 56 1379 202 72 497 66 560 44 46 1021 56 64 88 64 808 288 497 307 57 45 353 119 169 103 64 776 1694 412 138 197
internal_value=1.04984e-10 -0.109138 0.258639 0.312745 -0.184585 -0.263997 -0.414181 -0.776723 -0.119478 0.0181194 0.184275 0.394117 0.356479 0.394396 0.321038 0.572087 -0.185853 -0.0702662 -0.0638517 0.215298 -0.139426 0.665605 -0.164898 -0.186817 0.217221 0.247138 -0.173892 0.0423053 -0.262251 -0.392835
internal_weight=10342 7273 3069 2455 4566 2057 704 144 2509 2707 952 1503 1320 1232 872 360 1353 1328 521 111 410 183 2012 1843 896 832 1797 614 832 335
internal_count=10342 7273 3069 2455 4566 2057 704 144 2509 2707 952 1503 1320 1232 872 360 1353 1328 521 111 410 183 2012 1843 896 832 1797 614 832 335
is_linear=0
shrinkage=0.05


Tree=43
num_leaves=31
num_cat=0
split_feature=11 11 10 5 2 13 15 4 9 15 13 13 13 14 9 2 25 5 10 10 2 13 9 17 9 6 23 29 6 13
split_gain=105596 25918.3 23869.7 9303.18 8954.28 7171.31 6607.7 6101.34 8742.86 7547.62 7016.21 5753.55 5346.33 5261.64 5078.62 5031 11338.6 4635.62 4465.88 4448.25 4397.39 4273.86 4240.42 4479.14 4120.82 5302.89 4386.22 4957.88 4153.96 4282.64
threshold=378.49500000000006 251.51500000000001 351.49500000000006 -0.70710678118654757 3.5000000000000004 10.322301615318512 434.15000000000003 -0.60355339059327362 308.23000000000008 349.22000000000008 13.021684273779085 13.873794982644283 10.18733216452757 295.7000000000001 343.89000000000004 1.0000000180025095e-35 -0.84999999999999776 0.60355339059327384 386.01500000000004 373.97500000000008 3.5000000000000004 13.021684273779085 334.13500000000005 30.350097923534168 308.23000000000008 0.28519915169571858 22.529166666666669 0.55386904761904765 -0.52766804058324157 42.659814409184754
decision_type=2 2 2 2 2 2 2 2 2 2 2 2 2 2 2 2 2 2 2 2 2 2 2 2 2 2 2 2 2 2
left_child=1 -1 5 6 11 -3 12 15 9 10 -9 -4 -2 -11 17 16 -7 -10 -6 -13 22 -18 23 -5 25 -14 28 -28 -26 -30
right_child=3 2 4 20 18 7 -8 8 14 13 -12 19 24 -15 -16 -17 21 -19 -20 -21 -22 -23 -24 -25 26 -27 27 -29 29 -31
leaf_value=-1.35407969675413 0.74568383791323367 0.14564078373240902 0.59931724351186022 -0.38537429876443818 -0.09719765569415012 -0.36959964013927116 0.51224867063479462 -0.49425066136432899 -0.09641677243270047 -0.13135366601512788 -0.063812087068700382 0.039515398708459992 -0.46262332007966256 -0.7264934752111476 0.089676987343039874 -0.10946012535215995 0.24307306657703417 -0.22497695590616804 0.078184851600716906 0.27763034642489742 -0.054492985825889365 0.90972893427718771 0.32954718967968666 0.15326861737828171 -0.18320853429742986 0.32772300345141714 0.32703120357774595 0.8560792398949465 0.28107522077216757 -0.26332277744077148
leaf_weight=41 58 182 65 41 1202 52 392 159 1078 47 234 639 44 177 185 446 53 2006 520 283 212 44 378 658 72 41 572 48 373 40
leaf_count=41 58 182 65 41 1202 52 392 159 1078 47 234 639 44 177 185 446 53 2006 520 283 212 44 378 658 72 41 572 48 373 40
internal_value=1.26072e-10 -0.100428 -0.0934553 0.254172 0.0245847 -0.162031 0.333173 -0.174528 -0.197358 -0.369985 -0.237959 0.144656 0.276924 -0.60162 -0.164775 -0.0254243 0.226119 -0.180039 -0.0442366 0.112603 0.153659 0.545474 0.194633 0.121674 0.254077 -0.0813974 0.279883 0.36799 0.167252 0.228349
internal_weight=10342 7413 7372 2929 2709 4663 1640 4481 3886 617 393 987 1248 224 3269 595 149 3084 1722 922 1289 97 1077 699 1190 85 1105 620 485 413
internal_count=10342 7413 7372 2929 2709 4663 1640 4481 3886 617 393 987 1248 224 3269 595 149 3084 1722 922 1289 97 1077 699 1190 85 1105 620 485 413
is_linear=0
shrinkage=0.05


Tree=44
num_leaves=31
num_cat=0
split_feature=8 10 0 0 2 7 2 2 9 17 6 6 28 9 15 23 22 11 25 9 23 25 2 13 15 28 9 6 6 6
split_gain=95757 23164 13092.4 9918.51 12236.6 40124.5 11961 8193.38 7282.92 6600.26 6974.66 5923.84 5909.2 5749.25 5651 5620.96 5373.57 4818.6 4671.33 4501.92 4466.99 4430.25 4411.38 4187.68 3962.65 3763 3497.11 3458.98 3260.08 3784.92
threshold=1.0000000180025095e-35 359.25000000000006 10.500000000000002 4.5000000000000009 1.0000000180025095e-35 -0.52765736634565841 3.5000000000000004 3.5000000000000004 318.24500000000006 39.724853079941902 0.9550229469509578 0.90892735371523092 0.055952380952380948 335.92000000000002 407.03500000000003 29.202083333333338 35.300000000000004 329.39500000000004 0.59999999999999887 311.61500000000007 36.110416666666673 -0.84999999999999776 4.5000000000000009 10.322301615318512 376.99500000000006 0.022321428571428565 303.99500000000006 -0.95244167294248061 -0.73866753694953124 -0.85227431625818906
decision_type=2 2 2 2 2 2 2 2 2 2 2 2 2 2 2 2 2 2 2 2 2 2 2 2 2 2 2 2 2 2
left_child=1 3 14 4 5 -1 20 8 15 10 11 12 -10 26 -2 18 22 24 -4 -9 23 -12 -3 -5 -8 -25 -6 -27 29 -19
right_child=2 16 7 6 13 -7 17 19 9 -11 21 -13 -14 -15 -16 -17 -18 28 -20 -21 -22 -23 -24 25 -26 27 -28 -29 -30 -31
leaf_value=-1.5015248829428156 -0.076013953473083068 0.090272620550382862 0.39111254190988082 0.28118124509023296 -0.61019425819317508 -0.19542508558815588 -0.20309040432405331 -0.38420199680896033 -0.22765847735461736 0.67031673254001711 0.2704733576091779 -0.12891462856105396 0.38109531001992969 -0.023193969900703767 0.17707633360016353 -0.25516440366941784 0.23574073244449931 -0.18850798413024417 0.048796097508775782 0.16048365826507657 0.34389280689941659 0.89645015597343447 -0.066726766786896652 0.38208783628791571 -0.46605113997871594 0.19451823665450019 -0.22010489982592635 -0.088125987913600712 -0.080180868027245361 -0.72482975412939876
leaf_weight=79 366 858 245 108 60 230 372 42 42 210 41 70 784 406 555 63 304 140 168 392 91 91 935 50 233 120 1354 1105 785 43
leaf_count=79 366 858 245 108 60 230 372 42 42 210 41 70 784 406 555 63 304 140 168 392 91 91 935 50 233 120 1354 1105 785 43
internal_value=2.58848e-10 -0.0988313 0.234213 -0.155628 -0.238431 -0.529347 -0.097772 0.301836 0.350975 0.414884 0.362704 0.312715 0.350142 -0.189039 0.0764997 0.184758 0.0413589 -0.193668 0.251865 0.107772 0.00456525 0.702018 0.00840177 -0.0177622 -0.304363 -0.0430844 -0.236657 -0.0604384 -0.124484 -0.314529
internal_weight=10342 7273 3069 5176 2129 309 3047 2148 1714 1238 1028 896 826 1820 921 476 2097 1573 413 434 1474 132 1793 1383 605 1275 1414 1225 968 183
internal_count=10342 7273 3069 5176 2129 309 3047 2148 1714 1238 1028 896 826 1820 921 476 2097 1573 413 434 1474 132 1793 1383 605 1275 1414 1225 968 183
is_linear=0
shrinkage=0.05


Tree=45
num_leaves=31
num_cat=0
split_feature=8 9 5 5 0 0 13 0 6 2 16 9 18 17 15 9 18 18 13 13 14 24 15 13 13 13 2 11 9 22
split_gain=86420.7 21394.5 17067.2 11918.7 9933.13 8111.81 6673.02 6104.49 6052.06 5312.02 4967.59 4959.36 4202.79 3858.94 3781.2 3396.46 3375.51 5919.64 3314.3 7814.02 5770.5 3780.77 3395.07 3505.4 3310.42 4809.3 3194.08 3471 3009.07 4535.2
threshold=1.0000000180025095e-35 316.91500000000002 0.60355339059327384 -0.5 6.5000000000000009 11.500000000000002 10.71449692572833 11.500000000000002 0.94138322595482449 1.5000000000000002 361.72083333333336 343.79500000000007 303.89000000000004 37.461003459720608 433.87500000000006 332.37500000000006 316.00500000000005 317.93000000000006 13.508478702830866 10.790393427095889 306.80000000000007 11.60059523809524 358.93000000000006 43.388145002387454 13.021684273779085 14.741334363978735 3.5000000000000004 359.75500000000005 339.44500000000011 35.850000000000009
decision_type=2 2 2 2 2 2 2 2 2 2 2 2 2 2 2 2 2 2 2 2 2 2 2 2 2 2 2 2 2 2
left_child=1 4 7 5 6 14 -1 11 10 24 18 -3 -11 -10 -2 -5 -12 -18 19 -7 -21 -20 -23 -24 -6 -26 27 -9 29 -4
right_child=3 2 28 15 9 8 -8 26 13 12 16 -13 -14 -15 -16 -17 17 -19 21 20 -22 22 23 -25 25 -27 -28 -29 -30 -31
leaf_value=-0.96936278479491789 0.10044331952002071 -0.052435357130662767 -0.15522931331706905 -0.059309921551110811 -0.13516917196207476 0.49063514141738418 -0.31670872001169648 0.58710495345948033 0.89902577114105231 -0.12715964958180634 0.58038705137060143 0.2603587837863181 -0.34180663499286418 0.38090625653664273 0.34441536183322907 0.18858480485777063 -0.2437750287912786 0.40253514090117309 0.6942121794424021 -0.73081442855298517 0.11848659622948617 0.6010816052928567 0.23930929092391301 -0.2456309110671282 0.61562934250247725 0.027064597080735598 0.059672439068166716 0.17481563720006521 -0.030080060836181907 -0.5483487479291953
leaf_weight=41 717 1336 1554 404 133 50 875 57 75 855 215 140 311 69 204 210 40 310 50 40 40 60 545 40 49 119 768 489 469 77
leaf_count=41 717 1336 1554 404 133 50 875 57 75 855 215 140 311 69 204 210 40 310 50 40 40 60 545 40 49 119 768 489 469 77
internal_value=5.23551e-11 -0.0938898 -0.0340249 0.222503 -0.216735 0.271779 -0.345921 0.0470161 0.342203 -0.13607 0.310238 -0.0227665 -0.184411 0.65076 0.154483 0.0254749 0.424457 0.328671 0.232015 0.00029726 -0.306164 0.275358 0.242889 0.206151 0.0511928 0.198729 0.125402 0.217857 -0.141694 -0.173789
internal_weight=10342 7273 4890 3069 2383 2455 916 2790 1534 1467 1390 1476 1166 144 921 614 565 350 825 130 80 695 645 585 301 168 1314 546 2100 1631
internal_count=10342 7273 4890 3069 2383 2455 916 2790 1534 1467 1390 1476 1166 144 921 614 565 350 825 130 80 695 645 585 301 168 1314 546 2100 1631
is_linear=0
shrinkage=0.05


Tree=46
num_leaves=31
num_cat=0
split_feature=8 0 9 0 2 7 2 9 15 17 6 6 0 23 9 2 28 9 0 25 25 22 15 7 16 17 4 13 13 10
split_gain=77994.7 19330.7 14765.3 11082.4 10868.9 36220.6 7516.08 7034.17 6781.55 5911.06 6162.43 5832.94 5809.51 5489.66 5235.43 4903.27 4782.66 4685.38 4613.91 4227.14 4215.71 4194.34 3794.98 3742.9 3556.38 3337.29 3383.4 3938.73 3939.93 3295.24
threshold=1.0000000180025095e-35 4.5000000000000009 325.34000000000009 9.5000000000000018 1.0000000180025095e-35 -0.52765736634565841 3.5000000000000004 318.24500000000006 360.16000000000003 39.724853079941902 0.9550229469509578 0.90892735371523092 21.500000000000004 29.202083333333338 335.92000000000002 3.5000000000000004 0.055952380952380948 311.61500000000007 20.500000000000004 0.59999999999999887 -0.84999999999999776 35.300000000000004 407.03500000000003 -0.99761278905001471 373.54505952380958 42.04441352259056 -0.60355339059327362 11.783583696410485 14.741334363978735 385.27500000000003
decision_type=2 2 2 2 2 2 2 2 2 2 2 2 2 2 2 2 2 2 2 2 2 2 2 2 2 2 2 2 2 2
left_child=1 4 15 22 5 -1 7 13 -4 10 11 16 21 19 -6 25 -9 -8 -17 -5 -12 24 -2 -18 29 26 27 -3 -29 -10
right_child=3 2 8 6 14 -7 17 9 12 -11 20 -13 -14 -15 -16 18 23 -19 -20 -21 -22 -23 -24 -25 -26 -27 -28 28 -30 -31
leaf_value=-1.412980009747457 -0.13168430440738552 -0.24654129385792964 0.48110012684431347 0.33605195574695246 -0.21497233628121559 -0.17204326616033264 -0.38445550402005518 -0.17999749267473819 0.035077855015042757 0.58778116965200755 0.22066979592348984 -0.13842069952748717 -0.13545845898286901 -0.2565652583932711 -0.014937442892614533 -0.12828552634312698 -0.14045233514159919 0.13532923696958668 -0.3403629702855907 0.031448746123351155 0.79126509305519566 0.22898239588499858 0.12233280482594983 0.35438378602274473 -0.092803170470224197 -0.41362433118952646 -0.092096589591487185 0.50159118962200255 0.081079359658897024 0.23369724354856444
leaf_weight=79 244 72 90 280 1420 230 48 48 858 240 47 80 396 72 425 1380 40 448 315 192 104 359 370 856 383 54 560 68 308 276
leaf_count=79 244 72 90 280 1420 230 48 48 858 240 47 80 396 72 425 1380 40 448 315 192 104 359 370 856 383 54 560 68 308 276
internal_value=3.89269e-11 -0.0891953 -0.0363182 0.211377 -0.214858 -0.489305 0.258894 0.302915 0.0554258 0.361662 0.315476 0.271505 0.0385637 0.15011 -0.168894 -0.114918 0.306244 0.0850275 -0.167698 0.212146 0.613663 0.0752976 0.0213879 0.332293 0.0389279 -0.0306781 -0.0101631 0.0922537 0.157129 0.0834191
internal_weight=10342 7273 5119 3069 2154 309 2455 1959 2362 1415 1175 1024 2272 544 1845 2757 944 496 1695 472 151 1876 614 896 1517 1062 1008 448 376 1134
internal_count=10342 7273 5119 3069 2154 309 2455 1959 2362 1415 1175 1024 2272 544 1845 2757 944 496 1695 472 151 1876 614 896 1517 1062 1008 448 376 1134
is_linear=0
shrinkage=0.05


Tree=47
num_leaves=31
num_cat=0
split_feature=8 9 5 5 0 0 13 6 6 2 9 4 22 9 2 13 13 16 0 6 9 17 12 17 13 9 15 13 9 11
split_gain=70390.2 18208.5 14295 10351.1 8552.29 6999.44 5953.28 5159.69 4509.1 4496.02 4409.29 4648.53 6819.4 20296.1 4019.45 3650.51 6680.89 5897.81 3586.01 3508.01 3339.06 3334.12 3319.33 3099.97 3013.87 2963.7 2952.28 10469.3 3612.17 3428.97
threshold=1.0000000180025095e-35 316.91500000000002 0.25881904510252057 -0.5 6.5000000000000009 11.500000000000002 10.71449692572833 0.94138322595482449 -0.91597725483594616 3.5000000000000004 341.02500000000003 -0.37940952255126065 35.850000000000009 337.0750000000001 3.5000000000000004 10.18733216452757 13.508478702830866 368.90068452380962 21.500000000000004 0.59177612190863982 334.57500000000005 36.930656204259527 358.23187500000006 41.19961840446782 29.301221179298651 332.37500000000006 352.43500000000006 16.299266582126045 303.99500000000006 302.34500000000008
decision_type=2 2 2 2 2 2 2 2 2 2 2 2 2 2 2 2 2 2 2 2 2 2 2 2 2 2 2 2 2 2
left_child=1 4 14 5 6 20 -1 8 24 23 11 -4 22 -14 -3 -10 17 19 -11 -17 -2 -9 -13 -6 -7 -5 29 -28 -29 -8
right_child=3 2 10 25 9 7 26 21 15 18 -12 12 13 -15 -16 16 -18 -19 -20 -21 -22 -23 -24 -25 -26 -27 27 28 -30 -31
leaf_value=-0.90679727379323516 0.07742359160843959 0.1703192150803311 -0.020439730066331693 -0.062004926422666209 0.0745996684044683 0.90341335654258725 0.24993072890100027 0.88172107443213477 0.7187788420915604 -0.14406325605221804 0.036577202681527365 -0.036939646116280485 -1.4158720225273145 -0.025562518710004437 0.020483365148769153 -0.45886709446708362 0.2802125362750581 0.41798812402619262 -0.4197303712998024 0.12094709788449109 0.2879601798048525 0.39371336378778021 -0.19130318919992884 -0.26299388331937651 0.40710132649741493 0.16955914970221264 -1.1200813548550721 -0.70632691152241778 -0.25450670305700912 -0.23377850078344867
leaf_weight=41 657 728 747 404 357 40 42 60 40 890 510 504 42 70 1162 75 1020 45 136 40 264 84 1127 84 130 210 42 49 455 287
leaf_count=41 657 728 747 404 357 40 42 60 40 890 510 504 42 70 1162 75 1020 45 136 40 264 84 1127 84 130 210 42 49 455 287
internal_value=1.1111e-10 -0.0847355 -0.0295076 0.200809 -0.198065 0.246731 -0.317937 0.312148 0.282633 -0.123217 -0.0973621 -0.124795 -0.169519 -0.546929 0.0781979 0.249017 0.233092 -0.067298 -0.180604 -0.257193 0.137773 0.59705 -0.143603 0.0102961 0.523881 0.0171945 -0.290344 -0.361637 -0.298434 -0.172028
internal_weight=10342 7273 4890 3069 2383 2455 916 1534 1390 1467 3000 2490 1743 112 1890 1220 1180 160 1026 115 921 144 1631 441 170 614 875 546 504 329
internal_count=10342 7273 4890 3069 2383 2455 916 1534 1390 1467 3000 2490 1743 112 1890 1220 1180 160 1026 115 921 144 1631 441 170 614 875 546 504 329
is_linear=0
shrinkage=0.05


Tree=48
num_leaves=31
num_cat=0
split_feature=8 5 9 5 9 16 2 0 16 0 9 29 7 13 16 6 6 13 13 11 9 2 11 13 2 10 16 13 0 7
split_gain=63527.1 16566.9 12361.9 9478.65 6448.76 4993.15 4927.45 4605.92 4519.98 4073.82 3805.81 3777.59 3695 3480.38 3170.55 4327.84 4918.36 4151.9 3591.64 2864.43 2852.3 2829.67 4339.74 2610.26 2461.02 2541.49 2450.16 2375.7 2364.53 2360.02
threshold=1.0000000180025095e-35 0.60355339059327384 321.37000000000006 -0.70710678118654757 316.67500000000007 361.72083333333336 3.5000000000000004 11.500000000000002 338.69247023809527 11.500000000000002 343.79500000000007 7.2949404761904768 -0.99273797715557011 10.71449692572833 360.73443452380957 -0.75015329512557194 -0.52766804058324157 42.659814409184754 36.927294719761029 369.18500000000006 334.13500000000005 4.5000000000000009 347.45500000000004 16.057754606294552 1.0000000180025095e-35 386.01500000000004 351.79636904761918 18.273746863849635 8.5000000000000018 -0.84313311835787952
decision_type=2 2 2 2 2 2 2 2 2 2 2 2 2 2 2 2 2 2 2 2 2 2 2 2 2 2 2 2 2 2
left_child=1 2 7 5 13 11 8 -1 -5 10 19 14 -7 -3 15 -2 -17 18 -18 26 28 22 -9 -23 -11 -26 -4 -25 -10 -6
right_child=3 4 9 6 29 12 -8 21 20 24 -12 -13 -14 -15 -16 16 17 -19 -20 -21 -22 23 -24 27 25 -27 -28 -29 -30 -31
leaf_value=-0.19132113074020529 0.45968830348362055 -0.73324403686494366 0.26958829429414538 -0.25969911343691982 -0.016738875430809066 -0.10334447641812622 -0.11597355397478226 0.52020351551473143 -0.059014280464638164 0.3864419802225062 0.24180162592125792 0.65236184350880133 0.37800078233757295 -0.26155490337034254 -0.25689838847943713 -0.2690046765813322 0.14660316187031724 -0.17918275477778581 0.40294171800099621 -0.31368693175780427 0.30139046887263915 0.014719394042659257 0.0077992859211834997 -0.53870913629730544 0.041857021788946042 0.19988110603446907 -0.032665394606259772 -0.14430891773256932 0.16161635353124326 -0.14903431151568533
leaf_weight=948 126 41 72 68 420 42 248 48 162 84 140 42 786 847 42 66 474 72 192 85 264 252 297 45 634 425 975 252 485 1708
leaf_count=948 126 41 72 68 420 42 248 48 162 84 140 42 786 847 42 66 474 72 192 85 264 252 297 45 634 425 975 252 485 1708
internal_value=-2.07867e-10 -0.0804987 -0.0169806 0.190768 -0.170153 0.262485 0.0831049 -0.114541 0.133535 0.057432 -0.00412702 0.188096 0.353585 -0.283333 0.168035 0.187226 0.144526 0.181509 0.220503 -0.0345422 0.162888 -0.0331234 0.0790903 -0.10364 0.125939 0.105276 -0.01188 -0.204067 0.106373 -0.122923
internal_weight=10342 7273 4257 3069 3016 1842 1227 1842 979 2415 1272 1014 828 888 972 930 804 738 666 1132 911 894 345 549 1143 1059 1047 297 647 2128
internal_count=10342 7273 4257 3069 3016 1842 1227 1842 979 2415 1272 1014 828 888 972 930 804 738 666 1132 911 894 345 549 1143 1059 1047 297 647 2128
is_linear=0
shrinkage=0.05


Tree=49
num_leaves=31
num_cat=0
split_feature=8 9 5 17 0 0 2 7 9 17 6 29 28 11 9 2 15 2 0 17 6 27 2 15 9 12 16 12 11 9
split_gain=57333.2 15150.8 9927.51 8930.11 8493.17 7954.2 5655.84 4681.55 5573.09 4978.87 5292.49 6371.36 4773.84 4193.77 4491.13 4182.96 4175 4147.8 4367.55 3982.21 4674.17 3855.82 3698.1 7651.2 3610.06 3609.06 3375.54 4973.82 3269.49 3017.23
threshold=1.0000000180025095e-35 325.34000000000009 0.25881904510252057 45.46741229618474 10.500000000000002 6.5000000000000009 3.5000000000000004 0.91159213926341531 307.05500000000001 26.018330773267571 -0.69057362043749781 0.55386904761904765 5.3080357142857153 300.34000000000009 308.23000000000008 3.5000000000000004 407.03500000000003 3.5000000000000004 20.500000000000004 36.335028319721992 0.048362692321690152 0.36875000000000008 1.5000000000000002 421.19500000000005 311.61500000000007 343.55062500000003 367.21672619047621 344.15020833333341 343.08500000000004 342.4550000000001
decision_type=2 2 2 2 2 2 2 2 2 2 2 2 2 2 2 2 2 2 2 2 2 2 2 2 2 2 2 2 2 2
left_child=1 5 15 4 16 13 7 8 -6 -10 -11 12 -12 -1 -15 28 -2 -7 -19 20 -9 -13 -23 -24 -8 -14 -4 -28 -3 -29
right_child=3 2 26 -5 6 17 24 19 9 10 11 21 25 14 -16 -17 -18 18 -20 -21 -22 22 23 -25 -26 -27 27 29 -30 -31
leaf_value=-0.69649899969709683 -0.069837421304320774 0.65410808529704811 0.017233373259628811 -0.42276835975547633 -0.24275092283884683 0.0045758426968531447 -0.35565879316557025 -0.075851964017338291 0.87795130525316523 0.48577374045980587 -0.24564794769244536 0.73574447566909451 -0.17318968575979984 -0.38730431638791096 -0.17336118216854951 0.037381417255865045 0.15071871573442047 -0.090705241460739203 -0.30045614656947911 -0.35203599944333769 0.39044830193430058 0.50891971112149104 -0.40628080242091702 0.33737274281281449 0.13297256596075993 0.25805816854937635 -0.5256476823881634 -0.14539695530059088 0.18314265976739555 0.020821924749761821
leaf_weight=47 351 40 750 60 42 826 42 98 42 371 70 70 56 308 1205 814 552 1170 315 42 119 175 42 196 378 363 70 860 468 400
leaf_count=47 351 40 750 60 42 826 42 98 42 371 70 70 56 308 1205 814 552 1170 315 42 119 175 42 196 378 363 70 860 468 400
internal_value=-1.58528e-10 -0.0764738 0.000505774 0.18123 0.193274 -0.144127 0.248279 0.289176 0.324671 0.341878 0.325114 0.263792 0.136567 -0.231362 -0.216913 0.107643 0.0649876 -0.0852398 -0.135198 0.0936075 0.179861 0.392597 0.334436 0.20614 0.0841094 0.200421 -0.0675879 -0.11542 0.220227 -0.0926291
internal_weight=10342 7273 3402 3069 3009 3871 2106 1686 1427 1385 1343 972 489 1560 1513 1322 903 2311 1485 259 217 483 413 238 420 419 2080 1330 508 1260
internal_count=10342 7273 3402 3069 3009 3871 2106 1686 1427 1385 1343 972 489 1560 1513 1322 903 2311 1485 259 217 483 413 238 420 419 2080 1330 508 1260
is_linear=0
shrinkage=0.05


Tree=50
num_leaves=31
num_cat=0
split_feature=8 0 9 13 7 5 15 17 0 22 9 13 13 16 2 13 0 2 11 16 15 12 2 6 13 9 24 25 17 15
split_gain=51743.3 13987 10405.5 9150.14 32800 8440.23 6107.31 5863.89 5604.2 4921.33 4405.86 4013.17 4268.47 7516.33 4019.51 5705.6 3814.14 3601.65 3654.8 3193.04 3150.93 3030.13 3173.36 2974 2944.42 4228.45 3093.45 2933.22 2910.94 2720.49
threshold=1.0000000180025095e-35 4.5000000000000009 325.34000000000009 12.865384578260773 -0.61236746317008228 -0.5 360.16000000000003 45.46741229618474 11.500000000000002 35.300000000000004 346.82000000000005 10.18733216452757 11.783583696410485 368.90068452380962 1.0000000180025095e-35 22.618180073892912 21.500000000000004 3.5000000000000004 329.39500000000004 373.54505952380958 376.99500000000006 358.23187500000006 3.5000000000000004 0.15951094710994371 14.137000485691397 311.84500000000008 25.566369047619052 1.1500000000000006 42.04441352259056 407.03500000000003
decision_type=2 2 2 2 2 2 2 2 2 2 2 2 2 2 2 2 2 2 2 2 2 2 2 2 2 2 2 2 2 2
left_child=1 3 17 4 -1 7 -4 8 29 16 24 -10 13 -13 -14 -16 19 28 20 -8 -19 -17 -23 -11 -5 26 -26 -20 -3 -2
right_child=5 2 6 10 -6 -7 9 -9 11 23 -12 12 14 -15 15 21 -18 18 27 -21 -22 22 -24 -25 25 -27 -28 -29 -30 -31
leaf_value=-1.3487034272830432 0.01725177120077729 -0.0022964351745839748 0.45330529207156767 0.10378986939344377 -0.15809711701658397 0.0063660495658177611 0.072968561206281118 -0.33357488478844366 0.70288530067964039 0.13982043085296131 0.20604662580622568 -0.35758815398173671 0.55866273954367418 0.40505236976469555 -0.25693259958922865 0.11470614282187166 -0.15865783432834082 -0.15035462488493559 -0.1460135301005781 -0.094009299950027367 -0.39242157722064469 0.3834671925764328 0.1765970101937944 0.56507619791056807 -0.28387918498955272 -0.13657046786037094 -0.76765982672572142 0.023212738714734966 -0.37910580619893697 0.19529039747633406
leaf_weight=74 351 1008 90 105 265 614 1134 48 55 387 90 70 130 60 50 205 322 356 728 383 216 679 255 46 190 1390 40 395 54 552
leaf_count=74 351 1008 90 105 265 614 1134 48 55 387 90 70 130 60 50 205 322 356 728 383 216 679 255 46 190 1390 40 395 54 552
internal_value=1.73665e-10 -0.0726501 -0.0276715 -0.179542 -0.417993 0.172168 0.0493457 0.213636 0.224548 0.0333437 -0.135005 0.283665 0.267752 -0.00560022 0.294694 0.265832 -0.0023638 -0.0936542 -0.13889 0.0308113 -0.241765 0.288781 0.326988 0.184998 -0.152799 -0.16943 -0.368015 -0.0864905 -0.0214562 0.126086
internal_weight=10342 7273 5119 2154 339 3069 2362 2455 2407 2272 1815 1504 1449 130 1319 1189 1839 2757 1695 1517 572 1139 934 433 1725 1620 230 1123 1062 903
internal_count=10342 7273 5119 2154 339 3069 2362 2455 2407 2272 1815 1504 1449 130 1319 1189 1839 2757 1695 1517 572 1139 934 433 1725 1620 230 1123 1062 903
is_linear=0
shrinkage=0.05


Tree=51
num_leaves=31
num_cat=0
split_feature=8 4 9 5 2 11 5 2 9 13 16 6 11 25 13 0 9 15 9 9 13 13 6 0 6 6 9 17 11 22
split_gain=46698.3 13036.4 10424.9 7674.77 7422.43 9828.2 5876.26 4210.9 3824.27 6546.12 3797.29 3796.23 3674.51 3423.49 3517.08 3492.96 3397.13 4166.17 4718.83 3646.08 3245.9 8748.92 20097.8 3215.21 2799.02 3039.41 2749.32 2661.05 2618.13 2602.5
threshold=1.0000000180025095e-35 -0.60355339059327362 318.09000000000009 -0.70710678118654757 4.5000000000000009 336.68500000000006 0.37940952255126048 3.5000000000000004 308.23000000000008 13.021684273779085 338.69247023809527 0.15101559051660998 300.34000000000009 1.6999999999999977 33.564592187906605 19.500000000000004 308.23000000000008 348.99000000000007 306.80000000000007 306.17000000000002 10.607254350858371 12.386566716141798 0.28519915169571858 11.500000000000002 0.94138322595482449 -0.76141707087277943 336.02500000000003 43.550918203932532 431.66500000000002 35.300000000000004
decision_type=2 2 2 2 2 2 2 2 2 2 2 2 2 2 2 2 2 2 2 2 2 2 2 2 2 2 2 2 2 2
left_child=1 4 12 8 5 -1 26 10 9 -2 -5 -11 -3 14 -6 -16 17 -14 19 -19 -8 22 -22 -10 25 -25 -4 -7 -26 -23
right_child=3 2 6 7 13 27 20 -9 23 11 -12 -13 16 -15 15 -17 -18 18 -20 -21 21 29 -24 24 28 -27 -28 -29 -30 -31
leaf_value=0.80914456546306612 -0.45389985539433031 -0.64581501585371948 -0.022718218806588489 -0.24712824098875419 -0.071585966781838414 0.10053283393610338 0.1781747591405452 -0.11735358128771037 0.15235991749611727 -0.060674920967883544 0.14020475451052436 0.55044849527378881 -0.1717234829285012 0.085829818033722832 -0.19675605822177161 -0.73627464977935675 -0.14679231134875015 -0.4356863088522025 -0.86520773587891697 0.071509215455840935 -1.4225906058968534 -0.12258116123664212 -0.062875190321597968 0.4344955427347616 0.80433385962247861 0.2256559632242211 0.13788948896455847 -0.31438435226678851 0.32466925195785185 0.059316855980068799
leaf_weight=49 54 47 987 68 483 1139 91 248 562 54 911 48 323 238 105 42 1133 182 52 44 42 1610 77 224 50 784 365 40 66 224
leaf_count=49 54 47 987 68 483 1139 91 248 562 54 911 48 323 238 105 42 1133 182 52 44 42 1610 77 224 50 784 365 40 66 224
internal_value=-1.35352e-10 -0.0690176 -0.111612 0.16356 0.0361871 0.115293 -0.0602292 0.0666814 0.228093 -0.00875327 0.113301 0.226913 -0.209587 -0.0757275 -0.13676 -0.350904 -0.197763 -0.293854 -0.435753 -0.33694 -0.113721 -0.127321 -0.542775 0.250007 0.298831 0.272065 0.0206411 0.0864559 0.531421 -0.100365
internal_weight=10342 7273 5177 3069 2096 1228 3396 1227 1842 156 979 102 1781 868 630 147 1734 601 278 226 2044 1953 119 1686 1124 1008 1352 1179 116 1834
internal_count=10342 7273 5177 3069 2096 1228 3396 1227 1842 156 979 102 1781 868 630 147 1734 601 278 226 2044 1953 119 1686 1124 1008 1352 1179 116 1834
is_linear=0
shrinkage=0.05


Tree=52
num_leaves=31
num_cat=0
split_feature=5 2 9 0 9 16 19 25 13 11 22 4 9 7 13 13 13 13 9 9 17 12 22 2 2 24 16 7 4 26
split_gain=42741.6 18914.4 8507.06 8498.03 6711.19 5059.84 4876.85 4649.49 8006.06 4592.46 4562.08 4357.45 4338.99 4259.95 4213.77 8053.08 6628.39 4961.06 4094.74 4066.03 3304.18 6644.67 3221.79 18981 3426.09 3181.89 3141.36 3031.62 3020.95 3084.69
threshold=1.0000000180025095e-35 3.5000000000000004 316.91500000000002 10.500000000000002 312.06500000000005 344.01889880952382 435.44500000000005 -2.300000000000002 33.564592187906605 300.34000000000009 24.700000000000003 -0.60355339059327362 341.02500000000003 -0.20180761162458913 10.322301615318512 13.021684273779085 14.654842499119573 10.790393427095889 338.97000000000008 298.98500000000007 41.866300447412648 377.18395833333341 35.850000000000009 1.0000000180025095e-35 1.0000000180025095e-35 11.60059523809524 359.081755952381 -0.23537842981696178 -0.60355339059327362 3.9416666666666669
decision_type=2 2 2 2 2 2 2 2 2 2 2 2 2 2 2 2 2 2 2 2 2 2 2 2 2 2 2 2 2 2
left_child=1 3 9 18 -3 -6 14 8 -8 -2 13 -4 22 -9 -5 17 -17 -16 -1 -11 -7 -22 24 -24 -13 -18 28 -12 -21 -30
right_child=2 4 11 6 5 20 7 10 -10 19 27 12 -14 -15 15 16 25 -19 -20 26 21 -23 23 -25 -26 -27 -28 -29 29 -31
leaf_value=0.01761821428092547 -0.69655141856935288 -0.16619377844342456 0.035997229515057474 0.67753845892846587 0.41790128083389605 0.037765849752880359 -0.34346501738764346 -0.21467326460406186 0.35871251162040879 -0.63693988397717483 0.41011699902266269 0.08032838570181694 0.049013495766049464 0.33049243773431192 0.19228651884976511 0.70230318008689219 0.56912538978892069 -0.39988760463796402 0.28629257210725267 -0.0099478938899031193 -0.68057723255672808 0.15138025285365683 -1.1999574533436035 0.038517774084601747 -0.12617359873565098 0.14963215323490303 -0.35150302127551508 0.72800691001117235 -0.25272839741570319 -0.063828824088672437
leaf_weight=808 45 516 900 40 84 1536 64 40 111 48 200 225 459 344 56 64 48 96 172 330 48 48 45 99 1872 776 204 120 609 335
leaf_count=808 45 516 900 40 84 1536 64 40 111 48 200 225 459 344 56 64 48 96 172 330 48 48 45 99 1872 776 204 120 609 335
internal_value=4.31203e-10 0.101647 -0.101647 0.184981 -0.00808485 0.0394584 0.245116 0.332562 0.101916 -0.198728 0.389896 -0.0592814 -0.091041 0.273704 0.173945 0.154576 0.21214 -0.181718 0.0647733 -0.184048 0.0199797 -0.264598 -0.119727 -0.348506 -0.104017 0.174069 -0.169339 0.529326 -0.14017 -0.185693
internal_weight=10342 5171 5171 2939 2232 1716 1959 879 175 1571 704 3600 2700 384 1080 1040 888 152 980 1526 1632 96 2241 144 2097 824 1478 320 1274 944
internal_count=10342 5171 5171 2939 2232 1716 1959 879 175 1571 704 3600 2700 384 1080 1040 888 152 980 1526 1632 96 2241 144 2097 824 1478 320 1274 944
is_linear=0
shrinkage=0.05


Tree=53
num_leaves=31
num_cat=0
split_feature=5 2 9 0 9 16 19 25 13 11 22 4 9 7 13 13 13 13 9 9 9 18 22 2 11 19 2 24 18 6
split_gain=38574.3 17070.2 7677.62 7669.47 6056.85 4566.51 4401.35 4196.17 7225.47 4144.69 4117.28 3932.6 3915.94 3844.6 3802.93 7267.91 5982.12 4477.36 3695.5 3669.6 3123.33 5812.62 2907.67 17130.4 3173.48 2894.58 2894.27 2871.66 2868.56 2760.2
threshold=1.0000000180025095e-35 3.5000000000000004 316.91500000000002 10.500000000000002 312.06500000000005 344.01889880952382 435.44500000000005 -2.300000000000002 33.564592187906605 300.34000000000009 24.700000000000003 -0.60355339059327362 341.02500000000003 -0.20180761162458913 10.322301615318512 13.021684273779085 14.654842499119573 10.790393427095889 338.97000000000008 298.98500000000007 321.37000000000006 154.41500000000005 35.850000000000009 1.0000000180025095e-35 302.34500000000008 440.85000000000008 4.5000000000000009 11.60059523809524 305.55500000000001 -0.49813634056773481
decision_type=2 2 2 2 2 2 2 2 2 2 2 2 2 2 2 2 2 2 2 2 2 2 2 2 2 2 2 2 2 2
left_child=1 3 9 18 28 -6 14 8 -8 -2 13 26 22 -9 -5 17 -17 -16 -1 -11 21 -7 24 -24 -13 -21 -4 -18 -3 -28
right_child=2 4 11 6 5 20 7 10 -10 19 -12 12 -14 -15 15 16 27 -19 -20 25 -22 -23 23 -25 -26 -27 29 -29 -30 -31
leaf_value=0.016737303074946662 -0.66172386354870272 -0.11512091052309986 0.0832019401657762 0.64366153750568633 0.39700621918198609 -0.61505402767409878 -0.32629177258349956 -0.20393960461951793 0.34077688615332852 -0.6050929011156162 0.50285942722897747 0.34227240982465451 0.046562819697940822 0.31396781469121321 0.18267219266188997 0.66718801205861389 0.54066911254388594 -0.37989322516756752 0.2719779436931361 -0.13683591207071985 0.060482838980252078 -0.031459031121266891 -1.1399595549371508 0.036591885773220444 -0.10739320985062613 -0.36456674516009979 -0.41564573521415399 0.14215054547914649 -0.48288424553349618 -0.013214762448048107
leaf_weight=808 45 456 693 40 84 48 64 40 111 48 320 40 459 344 56 64 48 96 172 1322 1200 384 45 99 2057 156 60 776 60 147
leaf_count=808 45 456 693 40 84 48 64 40 111 48 320 40 459 344 56 64 48 96 172 1322 1200 384 45 99 2057 156 60 776 60 147
internal_value=-1.03059e-10 0.0965643 -0.0965643 0.175732 -0.00768061 0.0374855 0.23286 0.315934 0.0968203 -0.188792 0.370401 -0.0563174 -0.086489 0.260019 0.165248 0.146847 0.201533 -0.172632 0.0615346 -0.174845 0.0189807 -0.0963029 -0.113741 -0.33108 -0.0988159 -0.160872 0.0341974 0.165365 -0.157884 -0.129861
internal_weight=10342 5171 5171 2939 2232 1716 1959 879 175 1571 704 3600 2700 384 1080 1040 888 152 980 1526 1632 432 2241 144 2097 1478 900 824 516 207
internal_count=10342 5171 5171 2939 2232 1716 1959 879 175 1571 704 3600 2700 384 1080 1040 888 152 980 1526 1632 432 2241 144 2097 1478 900 824 516 207
is_linear=0
shrinkage=0.05


Tree=54
num_leaves=31
num_cat=0
split_feature=5 4 2 9 2 11 9 22 13 25 12 6 12 9 13 6 12 17 16 7 14 16 9 2 2 9 18 2 10 14
split_gain=35333.8 11555.2 10597.2 8778.53 8250.71 7706.61 4885.25 7388.03 4421.11 5319.37 8247.16 5280.91 4725.18 4380.02 4076.77 4995.41 3836.59 3782.49 4734.43 4179.3 3756.78 3707.98 3503.22 5270.43 3341.53 3340.5 3312.61 3125 2593.82 2581.31
threshold=-0.5 -0.60355339059327362 3.5000000000000004 339.44500000000011 3.5000000000000004 338.10500000000008 316.67500000000007 36.400000000000013 37.162828750675423 -1.2000000000000008 325.19437500000009 -0.73866753694953124 356.05895833333335 312.06500000000005 42.554963238344357 -0.63921128368950708 368.56333333333345 26.545227722861124 337.5897321428572 -0.98521978256641018 316.72000000000008 344.01889880952382 315.98000000000008 2.5000000000000004 1.0000000180025095e-35 298.98500000000007 305.55500000000001 1.0000000180025095e-35 414.39000000000004 312.53000000000003
decision_type=2 2 2 2 2 2 2 2 2 2 2 2 2 2 2 2 2 2 2 2 2 2 2 2 2 2 2 2 2 2
left_child=2 4 8 6 5 -2 22 -8 9 10 -1 20 -12 26 29 -16 -14 27 -19 -20 -11 -15 25 -24 -5 -3 -4 -13 -17 -10
right_child=1 3 13 24 -6 -7 7 -9 14 11 12 17 16 21 15 28 -18 18 19 -21 -22 -23 23 -25 -26 -27 -28 -29 -30 -31
leaf_value=-0.70332429997622969 0.7656243727965788 -0.62011903338134289 -0.070036545448238036 0.4721131619573995 -0.081633132201749642 0.091688767701638182 -0.083082500619808278 -0.58024593843268113 0.52848208371017669 0.26476589941552708 0.27231179092024616 0.79445328399538995 -0.55696925550699239 0.47393620646159562 0.44880209364928308 0.073410923096847228 0.033607408739838078 -0.40613706955686218 -0.339863498210907 0.18820381328307578 0.86757509137193356 0.056737110345784464 -0.9166232298972995 -0.17771527005867527 0.022764338255244404 -0.17688028784524473 -0.5540616641938686 0.2158155258279294 -0.41506521307996347 0.29750477405377079
leaf_weight=40 44 44 304 44 930 1181 2530 77 168 56 136 40 40 56 64 77 88 40 40 592 48 1088 43 55 693 1254 40 56 42 432
leaf_count=40 44 44 304 44 930 1181 2530 77 168 56 136 40 40 56 64 77 88 40 40 592 48 1088 43 55 693 1254 40 56 42 432
internal_value=-1.84351e-10 -0.0653456 0.13071 -0.10899 0.0306511 0.115895 -0.138186 -0.0977667 0.207117 0.145826 -0.0342759 0.208613 0.067095 0.0301188 0.29917 0.092586 -0.150948 0.163334 0.121394 0.154782 0.542986 0.0771594 -0.213669 -0.50193 0.0495911 -0.191905 -0.126319 0.456915 -0.0989924 0.362178
internal_weight=10342 6895 3447 4740 2155 1225 4003 2607 1959 1176 304 872 264 1488 783 183 128 768 672 632 104 1144 1396 98 737 1298 344 96 119 600
internal_count=10342 6895 3447 4740 2155 1225 4003 2607 1959 1176 304 872 264 1488 783 183 128 768 672 632 104 1144 1396 98 737 1298 344 96 119 600
is_linear=0
shrinkage=0.05


Tree=55
num_leaves=31
num_cat=0
split_feature=5 2 9 24 12 9 6 9 18 18 17 6 14 7 9 16 11 15 13 13 6 2 6 25 22 9 2 10 17 12
split_gain=32105.6 14113.8 6791.13 9543.7 13596.5 6342.78 6334.57 5014.92 4583.02 7872.48 4203.46 5285.14 6429.09 4763.47 4600.5 3818.45 3676.23 3652.47 3553.55 4018.96 13560.7 4157.01 3369.02 4471.17 3172.3 3051.07 2983 2957.62 2916.33 5825.01
threshold=1.0000000180025095e-35 3.5000000000000004 334.13500000000005 34.260416666666671 344.15020833333341 316.91500000000002 -0.69057362043749781 312.06500000000005 316.29500000000002 315.67500000000007 42.04441352259056 0.048362692321690152 314.53500000000003 -0.43733099657705293 322.36500000000007 344.01889880952382 300.34000000000009 401.93000000000006 10.607254350858371 12.386566716141798 0.048362692321690152 1.0000000180025095e-35 -0.73866753694953124 -0.50000000000000167 34.70000000000001 298.98500000000007 1.5000000000000002 365.32000000000005 41.866300447412648 377.18395833333341
decision_type=2 2 2 2 2 2 2 2 2 2 2 2 2 2 2 2 2 2 2 2 2 2 2 2 2 2 2 2 2 2
left_child=1 2 3 6 -5 16 17 -3 9 10 11 -8 13 -13 -14 -9 -2 -1 -7 20 -20 -21 -4 27 -23 -18 -16 -24 -17 -30
right_child=5 7 22 4 -6 18 8 15 -10 -11 -12 12 14 -15 26 28 25 -19 19 21 -22 24 23 -25 -26 -27 -28 -29 29 -31
leaf_value=0.47847085074920748 -0.6173278199301826 -0.14336729207357696 0.58461183474975686 -0.96838079908241836 0.22170497378489623 0.18189480203705341 -0.074086285540029218 0.36316297271488507 0.31403966948282735 -0.50753753603436047 -0.32996756552408141 0.042125522558732587 0.26053912346916541 0.34144250136399668 -0.43687589812195959 0.034194013180967889 -0.55110500839849308 0.19612946804527182 -0.9088837512334188 0.27557635090003413 -0.014200316338489453 -0.077826024069343067 0.45421664594300099 0.35744618856548971 0.071628864172859782 -0.14604839027983879 -0.021391455463944348 0.032960176443308592 -0.63934835998807105 0.13960694578321028
leaf_weight=168 45 516 84 48 48 156 324 84 191 60 60 192 84 432 72 1536 48 360 60 96 144 2736 50 408 408 1478 108 250 48 48
leaf_count=168 45 516 84 48 48 156 324 84 191 60 60 192 84 432 72 1536 48 360 60 96 144 2736 50 408 408 1478 108 250 48 48
internal_value=1.00774e-11 0.0880964 0.160083 0.113921 -0.373338 -0.0880964 0.136728 -0.00669239 0.0849892 0.0521449 0.078545 0.0987684 0.161837 0.249345 -0.0450002 0.0344057 -0.171924 0.285965 -0.0515151 -0.0620877 -0.277343 -0.0485346 0.285223 0.249702 -0.0584311 -0.158789 -0.187585 0.10317 0.0174843 -0.249871
internal_weight=10342 5171 2939 2147 96 5171 2051 2232 1523 1332 1272 1212 888 624 264 1716 1571 528 3600 3444 204 3240 792 708 3144 1526 180 300 1632 96
internal_count=10342 5171 2939 2147 96 5171 2051 2232 1523 1332 1272 1212 888 624 264 1716 1571 528 3600 3444 204 3240 792 708 3144 1526 180 300 1632 96
is_linear=0
shrinkage=0.05


Tree=56
num_leaves=31
num_cat=0
split_feature=5 4 2 9 2 11 7 9 9 14 9 6 18 18 9 10 6 16 9 0 18 22 2 12 24 15 9 16 17 16
split_gain=29683.2 10168.8 8645.25 7501.97 5417.28 6306.69 4640.49 4204.04 3957.3 7708.4 4700.22 3885.01 4625.34 8532.73 3597.79 3383.62 3177.2 3060.95 3026.62 4775.12 2989.63 2984.54 3205.39 2909.99 3181.94 3117.09 2851.28 2679.44 2427.92 2340.82
threshold=-0.5 -0.78656609248549292 3.5000000000000004 336.53000000000003 3.5000000000000004 342.50500000000005 -0.99761278905001471 316.67500000000007 308.23000000000008 303.91500000000002 304.92500000000001 -0.70291267844185523 317.85000000000008 315.67500000000007 312.06500000000005 424.31500000000005 -0.52766804058324157 344.01889880952382 315.98000000000008 4.5000000000000009 305.55500000000001 35.850000000000009 1.0000000180025095e-35 356.69958333333346 13.374107142857145 371.11500000000007 298.98500000000007 370.88949404761911 43.228495854923018 344.54675595238103
decision_type=2 2 2 2 2 2 2 2 2 2 2 2 2 2 2 2 2 2 2 2 2 2 2 2 2 2 2 2 2 2
left_child=2 4 8 6 5 -2 -3 18 9 10 -1 -10 13 15 20 16 -13 -16 26 -20 -4 22 -9 24 -18 -26 -8 -5 -19 -28
right_child=1 3 14 27 -6 -7 7 21 11 -11 -12 12 -14 -15 17 -17 23 28 19 -21 -22 -23 -24 -25 25 -27 29 -29 -30 -31
leaf_value=-0.066827489352888542 0.72191881296180549 -0.61399846217245801 -0.059366353471475453 0.13244606481792445 -0.056454704053229304 0.095654539651663623 -0.54465036628146968 0.080515554690112678 0.34663365645169775 -0.52176081699186139 0.57192509236435096 -0.15922097637103155 0.29798533956138634 -0.4930248892733029 0.43208124752356003 -0.17642303228378298 -0.31406482590362428 0.06761827696628428 -0.84134571782408551 -0.16252121998972835 -0.51919020887464284 -0.47085483001234635 -0.093670684768854387 0.30914520284926372 0.35006060848681958 0.031520696538548991 -0.066950371661738561 -0.034811799237892654 -0.32929061967879536 -0.20253954644673891
leaf_weight=72 42 48 304 372 744 938 48 300 408 56 48 65 471 56 56 75 40 1048 44 63 40 48 2208 348 128 192 504 672 40 864
leaf_count=72 42 48 304 372 744 938 48 300 408 56 48 65 471 56 56 75 40 1048 44 63 40 48 2208 348 128 192 504 672 40 864
internal_value=6.93809e-11 -0.0598931 0.119804 -0.0949536 0.0452681 0.122494 -0.125244 -0.119492 0.188815 -0.0373738 0.188674 0.211142 0.170938 0.104745 0.0289475 0.14422 0.17533 0.0715812 -0.185252 -0.441664 -0.112834 -0.0803096 -0.072835 0.206045 0.106381 0.158937 -0.165876 0.0247858 0.053026 -0.152586
internal_weight=10342 6895 3447 5171 1724 980 4127 4079 1959 176 120 1783 1375 904 1488 848 773 1144 1523 107 344 2556 2508 708 360 320 1416 1044 1088 1368
internal_count=10342 6895 3447 5171 1724 980 4127 4079 1959 176 120 1783 1375 904 1488 848 773 1144 1523 107 344 2556 2508 708 360 320 1416 1044 1088 1368
is_linear=0
shrinkage=0.05


Tree=57
num_leaves=31
num_cat=0
split_feature=5 2 0 11 9 9 24 9 25 6 6 29 27 13 9 17 17 18 16 14 17 7 7 11 16 15 0 15 13 13
split_gain=26889.9 13598.2 6815.8 4838.21 4835.05 4789.8 5765.47 4216.39 3890.45 3780.35 3921.29 4087.21 5163.54 3626.86 3567.23 3556.69 4460.66 3547.96 3531.13 3301.44 3299.02 3164.89 3145.29 6733.78 2958.73 2944.01 2860.34 2817.14 2704.11 4024.09
threshold=0.25881904510252057 3.5000000000000004 10.500000000000002 342.50500000000005 331.24000000000007 334.13500000000005 34.260416666666671 316.91500000000002 1.2000000000000013 -0.69057362043749781 -0.52766804058324157 0.55386904761904765 0.38125000000000003 26.962352643358816 338.97000000000008 39.724853079941902 41.578280812296782 316.29500000000002 357.43577380952382 317.49500000000006 45.159045628601568 -0.67801649466304881 -0.85225707553516283 302.34500000000008 367.21672619047621 421.77500000000003 10.500000000000002 344.79000000000002 10.607254350858371 12.386566716141798
decision_type=2 2 2 2 2 2 2 2 2 2 2 2 2 2 2 2 2 2 2 2 2 2 2 2 2 2 2 2 2 2
left_child=1 2 14 -4 8 6 9 22 20 15 -11 -12 -13 17 -1 -5 -17 19 -7 27 -3 25 -2 -24 -6 -20 -10 -14 -9 -30
right_child=7 4 3 5 24 18 -8 28 26 10 11 12 13 -15 -16 16 -18 -19 21 -21 -22 -23 23 -25 -26 -27 -28 -29 29 -31
leaf_value=-0.00036828376885300672 0.21864366018772127 -0.10231559203496934 0.6407652151689196 0.10537789032972751 0.2178968726716852 -0.13971304505370383 -0.30856561359638968 0.16031680964506589 -0.1087511985589351 -0.31310685235593055 -0.021966398680921307 0.62672269775141631 -0.21903515318265329 0.26727707541956586 0.22392873412128106 0.70946982126728997 0.24566325953799406 0.44536588347620437 0.42417197104957372 -0.35186655623099161 -0.55368454023486091 0.44057089073414152 -0.70721624622405588 -0.16007963892433327 0.016931131704729038 0.063779314816777219 0.12139935060625984 0.17202316876736623 -0.30878054621574635 -0.057974318555418271
leaf_weight=1010 50 1120 57 162 266 43 72 130 210 54 330 62 65 328 215 81 144 45 90 63 42 297 59 1200 588 153 378 158 170 2700
leaf_count=1010 50 1120 57 162 266 43 72 130 210 54 330 62 65 328 215 81 144 45 90 63 42 297 59 1200 588 153 378 158 170 2700
internal_value=1.46757e-11 0.0681371 0.133553 0.186107 -0.0180034 0.174036 0.12844 -0.0953983 -0.0655983 0.149529 0.102428 0.123778 0.190485 0.149443 0.0389981 0.284015 0.412634 0.0326775 0.296356 -0.032256 -0.11863 0.33108 -0.170274 -0.18572 0.079527 0.197258 0.0392027 0.0580376 -0.0627274 -0.0728304
internal_weight=10342 6033 3429 2204 2604 2147 1564 4309 1750 1492 1105 1051 721 659 1225 387 225 331 583 286 1162 540 1309 1259 854 243 588 223 3000 2870
internal_count=10342 6033 3429 2204 2604 2147 1564 4309 1750 1492 1105 1051 721 659 1225 387 225 331 583 286 1162 540 1309 1259 854 243 588 223 3000 2870
is_linear=0
shrinkage=0.05


Tree=58
num_leaves=31
num_cat=0
split_feature=5 9 2 4 15 4 15 13 9 16 16 13 25 12 12 6 2 16 13 14 12 17 16 7 9 25 25 6 6 7
split_gain=24982.1 8530.55 7005.29 4575.66 6193.59 4098.21 3798.47 3450.06 3428.88 3455.41 4714.42 3427.46 4241.14 6913.03 4097.88 3985.33 3594.71 3930.67 3530.11 3304.57 3222.32 3195.95 3791.07 3531.62 3182.48 4236.02 5277.42 3054.22 6565.52 2803.92
threshold=-0.5 325.34000000000009 3.5000000000000004 -0.60355339059327362 360.16000000000003 -0.37940952255126065 432.38500000000005 37.162828750675423 343.89000000000004 367.21672619047621 368.05976190476196 37.162828750675423 -1.1500000000000001 325.19437500000009 356.05895833333335 -0.73866753694953124 2.5000000000000004 370.35922619047625 42.554963238344357 316.72000000000008 368.56333333333345 26.545227722861124 337.5897321428572 -0.98521978256641018 323.54500000000002 1.1000000000000008 -1.0999999999999985 -0.35846811432664222 -0.86976336936302323 -0.074115882986646633
decision_type=2 2 2 2 2 2 2 2 2 2 2 2 2 2 2 2 2 2 2 2 2 2 2 2 2 2 2 2 2 2
left_child=2 5 11 4 -3 6 7 -2 9 -5 -11 12 13 -1 -15 19 18 -18 -13 -14 -16 -17 -23 -24 25 26 -4 28 -28 -7
right_child=1 3 24 8 -6 29 -8 -9 -10 10 -12 16 15 14 20 21 17 -19 -20 -21 -22 22 23 -25 -26 -27 27 -29 -30 -31
leaf_value=-0.65368222638964657 -0.070010886701071112 0.63253732722997669 0.023631649306204556 0.017600202056485086 0.062169200975654863 -0.23962846211674482 -0.47622898464032914 0.11971707120625619 0.1040593019083717 -0.62633165984668526 -0.09852532644633373 0.26484065846078936 0.20447823134184417 0.24438172600999036 -0.52080660387873656 0.40505689023605856 0.30047023755963892 0.78718677077974597 -0.012892024511465533 0.7698441275705894 0.013336969764592747 -0.37546445393469186 -0.32784598005004228 0.15779240844461889 0.10283425353796244 0.098005711815009514 -0.11198917753994464 -0.17560564697829678 -1.0179084249958397 -0.11502713876822963
leaf_weight=40 972 50 232 781 990 629 48 318 363 44 1100 408 56 136 40 96 160 56 159 48 96 40 40 584 728 312 40 136 40 1600
leaf_count=40 972 50 232 781 990 629 48 318 363 44 1100 408 56 136 40 96 160 56 159 48 96 40 40 584 728 312 40 136 40 1600
internal_value=1.82237e-10 -0.0549459 0.109908 0.00263137 0.0895907 -0.108665 -0.0394914 -0.0232407 -0.0368956 -0.0634757 -0.118826 0.17203 0.118064 -0.0399464 0.0503088 0.175124 0.253082 0.426656 0.186958 0.465416 -0.143764 0.1354 0.0964132 0.126662 0.0281219 -0.0434447 -0.141955 -0.319807 -0.564949 -0.150188
internal_weight=10342 6895 3447 3328 1040 3567 1338 1290 2288 1925 1144 1959 1176 312 272 864 783 216 567 104 136 760 664 624 1488 760 448 216 80 2229
internal_count=10342 6895 3447 3328 1040 3567 1338 1290 2288 1925 1144 1959 1176 312 272 864 783 216 567 104 136 760 664 624 1488 760 448 216 80 2229
is_linear=0
shrinkage=0.05


Tree=59
num_leaves=31
num_cat=0
split_feature=5 9 7 2 0 2 17 2 7 23 12 5 9 16 14 18 23 17 6 6 28 19 9 16 12 2 28 7 28 16
split_gain=22546.3 7786.29 6894.07 6322.28 4961.43 8054.23 5274.58 3695.26 14528.2 3471.41 3737.54 3286.74 3171.68 4750.64 3529.94 4907.09 3077.17 2915.01 3715.54 3072.02 2889.81 2888.8 2878.41 2742.92 2727.28 2696.37 2641.93 2681.69 6268.29 4260.74
threshold=-0.5 332.37500000000006 -0.99761278905001471 3.5000000000000004 3.5000000000000004 4.5000000000000009 45.46741229618474 1.0000000180025095e-35 -0.42179730054635828 33.220833333333339 365.62208333333336 0.60355339059327384 318.24500000000006 360.80937500000005 310.28000000000003 301.55000000000001 31.947916666666668 39.724853079941902 0.9550229469509578 0.90892735371523092 0.066666666666666624 412.53500000000003 312.06500000000005 344.01889880952382 356.05895833333335 2.5000000000000004 0.022321428571428565 0.94909129669788206 0.82470238095238102 350.28020833333341
decision_type=2 2 2 2 2 2 2 2 2 2 2 2 2 2 2 2 2 2 2 2 2 2 2 2 2 2 2 2 2 2
left_child=3 2 -2 12 7 6 9 8 -4 16 -11 25 13 14 15 21 26 18 19 20 -14 -1 -5 -24 -7 -3 -6 -28 29 -29
right_child=1 11 4 22 5 24 -8 -9 -10 10 -12 -13 17 -15 -16 -17 -18 -19 -20 -21 -22 -23 23 -25 -26 -27 27 28 -30 -31
leaf_value=-0.058143605032957915 -0.68407880635932095 0.17391851671797612 -1.1808874370053759 -0.10010159547538172 0.26353275254368785 -0.10796422048031243 -0.42230048817582433 -0.13075694239774213 -0.1428680944757966 0.50413785216708973 -0.030190063791039091 -0.043299823542083823 -0.18685211158756698 -0.41414929206948731 -0.18042484908788042 0.54332344459318038 -0.35587571414808439 0.3616667333613926 0.40198053008081108 -0.16119118651375175 0.18347895538307485 0.23507354493208588 0.40610864457807372 0.047284912285078251 -0.27377346106905048 0.021017351813701561 0.021534502915863278 0.046794720527730767 -0.59527744706099239 -0.46719262771075593
leaf_weight=168 48 477 43 344 96 744 72 976 156 72 60 938 56 48 88 72 60 240 151 80 888 168 56 1088 372 729 1692 252 60 48
leaf_count=168 48 477 43 344 96 744 72 976 156 72 60 938 56 48 88 72 60 240 151 80 888 168 56 1088 372 729 1692 252 60 48
internal_value=2.39327e-10 -0.0521986 -0.087892 0.104412 -0.0818072 -0.0521697 -0.000781823 -0.170795 -0.367164 0.012188 0.261262 0.0268962 0.163428 0.0608216 0.106787 0.168734 -0.00270228 0.202876 0.170442 0.136299 0.16151 0.088465 0.0267158 0.0648497 -0.163234 0.0814932 0.0071629 -0.00483102 -0.128749 -0.0354433
internal_weight=10342 6895 4751 3447 4703 3528 2412 1175 199 2340 132 2144 1959 544 496 408 2208 1415 1175 1024 944 336 1488 1144 1116 1206 2148 2052 360 300
internal_count=10342 6895 4751 3447 4703 3528 2412 1175 199 2340 132 2144 1959 544 496 408 2208 1415 1175 1024 944 336 1488 1144 1116 1206 2148 2052 360 300
is_linear=0
shrinkage=0.05


Tree=60
num_leaves=31
num_cat=0
split_feature=5 2 0 11 9 24 9 7 7 15 11 9 25 9 25 6 17 6 16 6 14 18 18 17 17 9 7 12 17 6
split_gain=20648.9 10366.5 5528.64 4263.92 4008.22 5172.25 3783.83 3568.8 5558.83 14255.3 5744.34 4122.28 3310.21 4716.55 3237.37 3099.3 3628.96 4992.31 4138.12 3393.86 3480.21 4245.76 4117.64 3058.31 3877.3 2942.93 2902.59 3114.72 2810.98 2785.88
threshold=0.25881904510252057 3.5000000000000004 10.500000000000002 342.50500000000005 334.13500000000005 34.260416666666671 331.24000000000007 -0.84313311835787952 -0.70289845916694649 369.31500000000005 300.34000000000009 308.23000000000008 -0.50000000000000167 335.92000000000002 1.2000000000000013 -0.69057362043749781 26.018330773267571 0.082691702092476851 337.29071428571433 -0.52766804058324157 314.88000000000005 316.29500000000002 302.47000000000008 39.724853079941902 41.578280812296782 338.97000000000008 -0.40613878790836594 344.15020833333341 45.159045628601568 0.01505151768384008
decision_type=2 2 2 2 2 2 2 2 2 2 2 2 2 2 2 2 2 2 2 2 2 2 2 2 2 2 2 2 2 2
left_child=1 2 25 -4 5 15 14 29 9 -9 -10 26 13 -6 28 23 17 -17 -18 -20 22 -22 -21 -5 -25 -1 -12 -28 -3 -2
right_child=7 6 3 4 12 -7 -8 8 10 -11 11 -13 -14 -15 -16 16 18 -19 19 20 21 -23 -24 24 -26 -27 27 -29 -30 -31
leaf_value=-0.00409104687355385 -0.076262659896165139 -0.090923531349565434 0.59097946275744528 0.08721099692270344 0.5091987726234255 -0.30279878920151132 0.070776368787140595 -1.0941426053643226 0.43558098295560249 -0.14703430132940412 -0.61312125077907087 -0.073397116601555137 0.37198554346907703 0.012492680541625379 0.037993933212805579 -0.037770861014723781 -0.41341040139509877 0.69921303844010385 -0.30277057778504163 0.12810486722687905 -0.13821214129573522 0.22140857200212777 0.51620954453945156 0.64887367107526028 0.21645744578240234 0.19963577925985637 -0.13008001332411101 -0.53045247875410939 -0.5075709059124901 0.12928302090873331
leaf_weight=1010 340 1120 57 162 63 72 854 49 52 210 47 2934 322 198 588 40 44 54 54 469 239 125 80 81 144 215 299 58 42 320
leaf_count=1010 340 1120 57 162 63 72 854 49 52 210 47 2934 322 198 588 40 44 54 54 469 239 125 80 81 144 215 299 58 42 320
internal_value=2.30578e-10 0.0597087 0.116825 0.164157 0.152825 0.111115 -0.0155026 -0.0835978 -0.10295 -0.326217 -0.085892 -0.0940156 0.264721 0.132387 -0.0576068 0.131089 0.0884419 0.385603 0.0608127 0.0823906 0.105171 -0.014716 0.184659 0.25286 0.372127 0.0316651 -0.243755 -0.195127 -0.105983 0.0233959
internal_weight=10342 6033 3429 2204 2147 1564 2604 4309 3649 259 3390 3338 583 261 1750 1492 1105 94 1011 967 913 364 549 387 225 1225 404 357 1162 660
internal_count=10342 6033 3429 2204 2147 1564 2604 4309 3649 259 3390 3338 583 261 1750 1492 1105 94 1011 967 913 364 549 387 225 1225 404 357 1162 660
is_linear=0
shrinkage=0.05


Tree=61
num_leaves=31
num_cat=0
split_feature=5 4 9 2 11 0 7 11 9 2 12 12 2 9 6 2 2 13 2 14 9 18 25 6 19 9 0 13 9 15
split_gain=19007.1 6949.53 5487.72 5126.54 6233.06 5113.1 3735.33 3832.26 4831.61 3107.61 3023.61 5633.54 2726.93 2678.16 2446.32 2388.46 2212.14 2116.76 2516.99 1983.15 2528.21 2512.07 4053.46 2463.65 2387.18 1968.38 1887.56 1841.26 1808.48 2548.82
threshold=-0.5 -0.60355339059327362 339.44500000000011 3.5000000000000004 338.10500000000008 11.500000000000002 -0.99761278905001471 300.34000000000009 308.23000000000008 3.5000000000000004 342.59229166666677 349.4656250000001 1.0000000180025095e-35 336.53000000000003 0.93544191479114935 1.5000000000000002 1.5000000000000002 13.021684273779085 1.0000000180025095e-35 316.72000000000008 327.43500000000006 304.34000000000009 -1.5999999999999999 -0.73866753694953124 412.53500000000003 304.92500000000001 3.5000000000000004 38.136688890352595 312.06500000000005 347.04500000000007
decision_type=2 2 2 2 2 2 2 2 2 2 2 2 2 2 2 2 2 2 2 2 2 2 2 2 2 2 2 2 2 2
left_child=5 3 6 4 -2 13 -3 -8 10 14 17 -12 -4 25 19 26 -15 18 -9 20 21 24 -23 27 -7 -1 -10 -21 29 -11
right_child=1 2 12 -5 -6 9 7 8 15 28 11 -13 -14 16 -16 -17 -18 -19 -20 23 -22 22 -24 -25 -26 -27 -28 -29 -30 -31
leaf_value=-0.27106632323832147 0.67803495309569628 -0.51407047714699405 0.42530122003094717 -0.061988611005469457 0.071944375516678025 0.031921286242703593 -0.46059584612440735 -0.52516647107616254 -0.099194965505721433 0.22370070955405633 -0.90320447141473947 -0.093626325151750026 0.019374324284590683 0.42678587113817534 0.4059315627981579 -0.096432464915481672 0.080828345007267766 -0.094195744106618517 -0.117919930009401 0.64390009628439504 -0.27777844791300599 -0.44205563724040986 0.18570743777478738 0.17540856947167777 0.28240087737544223 -8.3950322975094122e-06 0.052089329868715617 0.27669518565138185 0.11238437009887392 -0.16011053129309608
leaf_weight=72 44 55 44 930 1181 150 72 79 319 60 44 42 693 60 124 2479 201 257 73 55 40 45 60 400 260 960 583 90 715 155
leaf_count=72 44 55 44 930 1181 150 72 79 319 60 44 42 693 60 124 2479 201 257 73 55 40 45 60 400 260 960 583 90 715 155
internal_value=-2.44667e-11 -0.0479269 -0.0817735 0.0265199 0.0937142 0.0958676 -0.104858 -0.099157 -0.092443 0.143049 -0.238339 -0.507829 0.0436088 0.017269 0.195398 -0.0710829 0.160359 -0.181674 -0.329581 0.171665 0.105137 0.134878 -0.0833339 0.239414 0.190762 -0.0189194 -0.00141365 0.41598 0.0741503 -0.0530004
internal_weight=10342 6895 4740 2155 1225 3447 4003 3948 3876 2154 495 86 737 1293 1224 3381 261 409 152 1100 555 515 105 545 410 1032 902 145 930 215
internal_count=10342 6895 4740 2155 1225 3447 4003 3948 3876 2154 495 86 737 1293 1224 3381 261 409 152 1100 555 515 105 545 410 1032 902 145 930 215
is_linear=0
shrinkage=0.05


Tree=62
num_leaves=31
num_cat=0
split_feature=5 9 24 12 2 6 4 2 9 22 13 9 9 17 6 14 18 7 9 10 13 23 15 11 19 26 2 6 17 24
split_gain=17189.1 7511.72 5977.1 11259.2 6186.48 4073.98 3865.56 4366.35 4194.55 3883.97 18686.4 3408.35 4544.34 3265.54 3656.43 4497.52 6929.41 3487.28 3219.8 3712.49 3202.81 3001.61 2917.24 2906.47 2676.64 2474.86 2768.78 2421.65 2381.87 2850.89
threshold=1.0000000180025095e-35 334.13500000000005 34.260416666666671 343.55062500000003 3.5000000000000004 -0.69057362043749781 -0.37940952255126065 4.5000000000000009 339.44500000000011 35.850000000000009 13.021684273779085 316.32500000000005 315.73000000000008 42.04441352259056 0.048362692321690152 314.53500000000003 316.29500000000002 -0.43733099657705293 322.36500000000007 355.4550000000001 33.564592187906605 27.012500000000006 401.93000000000006 302.34500000000008 445.98000000000008 0.050000000000000051 1.5000000000000002 0.97314989601849466 41.578280812296782 28.767559523809531
decision_type=2 2 2 2 2 2 2 2 2 2 2 2 2 2 2 2 2 2 2 2 2 2 2 2 2 2 2 2 2 2
left_child=1 2 4 -4 5 22 7 -2 9 11 -11 12 28 14 -7 17 18 -16 -17 -20 -9 -22 -1 -13 -18 -3 -27 -6 29 -8
right_child=6 25 3 -5 27 13 8 20 -10 10 -12 23 -14 -15 15 16 24 -19 19 -21 21 -23 -24 -25 -26 26 -28 -29 -30 -31
leaf_value=0.39180025134424107 0.047238658622549223 -0.18640413992106916 -0.90829084157012407 -0.01405576901232769 -0.045709730743285867 -0.074795283477201505 -0.16131779526540413 -0.053603161015527569 0.033504315669328648 -1.2665168573707344 0.11110520450165495 0.35390863445587462 -0.62496041278735825 -0.30294601348539196 0.028529933125052295 0.10829414069885389 0.45632971403676842 0.28463218465654389 -0.67429793893825263 -0.14382766953352441 -0.16873214456385799 -0.67851636829701345 0.13947141271291508 -0.077010399416037323 0.079235391931556098 0.315933428608696 0.14014493483645354 0.23011106435386908 0.078614883561385795 -0.55851276398025218
leaf_weight=168 1228 48 48 132 1512 324 768 368 536 40 64 40 55 60 192 96 84 432 40 188 84 44 360 1800 107 288 1008 84 96 48
leaf_count=168 1228 48 48 132 1512 324 768 368 536 40 64 40 55 60 192 96 84 432 40 188 84 44 360 1800 107 288 1008 84 96 48
internal_value=1.95125e-10 0.0644606 0.0287479 -0.252518 0.0426299 0.100076 -0.0644606 -0.00333243 -0.0950335 -0.118701 -0.418749 -0.107584 -0.183585 0.0585837 0.0734106 0.115569 0.00620311 0.205831 -0.134615 -0.236893 -0.128537 -0.34397 0.219758 -0.0676426 0.245078 0.166151 0.179209 -0.0311928 -0.156967 -0.184682
internal_weight=10342 5171 3827 180 3647 2051 5171 1724 3447 2911 104 2807 967 1523 1463 1139 515 624 324 228 496 128 528 1840 191 1344 1296 1596 912 816
internal_count=10342 5171 3827 180 3647 2051 5171 1724 3447 2911 104 2807 967 1523 1463 1139 515 624 324 228 496 128 528 1840 191 1344 1296 1596 912 816
is_linear=0
shrinkage=0.05


Tree=63
num_leaves=31
num_cat=0
split_feature=5 9 0 16 16 11 15 4 13 12 13 7 9 7 2 6 9 24 23 23 6 9 26 9 23 6 25 17 15 0
split_gain=15934.3 5860.18 4613.01 3965.59 7888.14 4186.44 3085.17 3201.49 2737.68 3327.73 2693.72 2659.29 2587.36 2379.86 10180.2 22062.9 2249.69 2230.29 3135.95 3096.27 4208.97 2984.71 3705.56 2271.96 2590.91 2208.04 3082.12 3814.69 2167.15 2895.33
threshold=-0.5 325.34000000000009 11.500000000000002 367.21672619047621 367.77556547619054 356.00000000000006 432.38500000000005 -0.37940952255126065 10.18733216452757 363.12312500000013 37.162828750675423 -0.21862536810265826 298.98500000000007 -0.074115882986646633 1.0000000180025095e-35 0.61237135649459018 336.53000000000003 34.260416666666671 36.110416666666673 22.154166666666672 -0.55657520495441892 323.12000000000006 1.1187500000000004 321.83500000000004 25.114583333333336 0.01505151768384008 1.6499999999999988 29.479766912308381 363.59500000000008 7.5000000000000009
decision_type=2 2 2 2 2 2 2 2 2 2 2 2 2 2 2 2 2 2 2 2 2 2 2 2 2 2 2 2 2 2
left_child=2 6 16 28 -5 -6 7 10 -4 17 25 -8 -9 14 15 -14 -1 19 -19 20 -10 -22 -23 24 -21 -2 27 -27 29 -3
right_child=1 3 8 4 5 -7 11 12 9 -11 -12 -13 13 -15 -16 -17 -18 18 -20 23 21 22 -24 -25 -26 26 -28 -29 -30 -31
leaf_value=-0.020046640162774933 -0.14381203661134964 0.027137463428080086 0.46559701147178806 -0.67084458457926921 -0.087123039785681242 0.05536809330741941 -0.035215430225556094 -0.51518444631947202 -0.48242879239842296 0.18686843229510877 0.10915054580923055 -0.50596758214756843 0.08188114538788796 -0.076193902186902349 -0.10114570064204081 -1.4110375326506945 0.14426581020604365 -0.47316755575024416 0.10217309657018632 0.41437062356282373 0.11275548655868453 -0.56144499790854752 0.016940584919518897 0.37596110432098312 0.02580223023031767 0.22329633161203849 0.18176783696680074 -0.15964746815936653 0.058563869051306811 0.62873202286660668
leaf_weight=1032 426 40 60 48 1137 943 48 40 40 1034 318 80 50 1520 490 49 261 45 50 55 425 40 90 120 195 84 174 288 1120 40
leaf_count=1032 426 40 60 48 1137 943 48 40 40 1034 318 80 50 1520 490 49 261 45 50 55 425 40 90 120 195 84 174 288 1120 40
internal_value=3.96794e-11 -0.0438821 0.0877769 0.00383984 -0.0371463 -0.0225225 -0.0884065 -0.0794354 0.132591 0.12305 -0.017169 -0.329436 -0.116813 -0.109257 -0.194581 -0.657038 0.0131208 0.0607963 -0.170357 0.0835523 0.0129257 0.0486269 -0.161024 0.197127 0.111287 -0.0584958 0.00806964 -0.0731763 0.0765219 0.327935
internal_weight=10342 6895 3447 3328 2128 2080 3567 3439 2154 2094 1290 128 2149 2109 589 99 1293 1060 95 965 595 555 130 370 250 972 546 372 1200 80
internal_count=10342 6895 3447 3328 2128 2080 3567 3439 2154 2094 1290 128 2149 2109 589 99 1293 1060 95 965 595 555 130 370 250 972 546 372 1200 80
is_linear=0
shrinkage=0.05


Tree=64
num_leaves=31
num_cat=0
split_feature=5 2 9 16 9 17 14 23 29 6 17 25 24 6 6 7 13 11 23 23 9 9 16 17 17 25 29 2 4 27
split_gain=14498.2 7757.38 4298.3 6520.59 4123.9 3696.75 4083.76 5348.2 4132.84 3432.33 3094.22 3963.6 6730.89 4277.51 4061.36 3476.21 3085.33 4801.96 3752.99 4743.43 4166.08 2995.58 4248.19 4921.08 2718.58 2657.61 2614.14 3814.47 4535.24 2554.2
threshold=0.25881904510252057 3.5000000000000004 318.24500000000006 360.80937500000005 314.94000000000005 42.04441352259056 310.28000000000003 13.464583333333335 4.4139880952380954 0.082691702092476851 39.724853079941902 -0.60000000000000042 13.766666666666667 0.9550229469509578 0.90892735371523092 -0.99761278905001471 10.322301615318512 300.34000000000009 36.110416666666673 35.94166666666667 308.23000000000008 312.06500000000005 341.01913690476198 43.364923875081082 41.606956917221218 -6.3499999999999996 3.7419642857142863 4.5000000000000009 0.12940952255126045 0.097916666666666666
decision_type=2 2 2 2 2 2 2 2 2 2 2 2 2 2 2 2 2 2 2 2 2 2 2 2 2 2 2 2 2 2
left_child=1 2 3 5 -5 6 7 8 -1 -8 11 12 -4 14 15 -13 -2 -18 19 20 26 -3 -23 -24 -12 -14 27 28 -19 -16
right_child=16 21 10 4 -6 -7 9 -9 -10 -11 24 13 25 -15 29 -17 17 18 -20 -21 -22 22 23 -25 -26 -27 -28 -29 -30 -31
leaf_value=-0.43782426028379373 0.1608299668306219 -0.11282636828479231 -0.5925681328489667 -0.76183862948701497 -0.061167187704926441 -0.29854630978778002 -0.46801722980037869 0.23499291713015835 0.058161825252075999 0.037336141358883607 0.39380929845347246 -0.28255921304225923 -0.23916478979846706 0.40015328371941694 0.152122505293006 0.18270098187965803 -0.49145009784615068 -0.26166634147658069 0.082647346559085844 -0.62731401376426232 -0.060914446512544608 0.51193512727816903 0.015439557570275077 -0.53167647570371634 0.13882498129387386 0.08578990681686488 -0.10013690559996986 -0.16084242196471876 -0.95034133099847373 -0.34108814386384828
leaf_weight=56 140 602 42 42 42 70 56 434 168 84 196 42 69 168 42 910 69 51 363 40 3278 42 1918 42 224 714 204 119 45 70
leaf_count=56 140 602 42 42 42 70 56 434 168 84 196 42 69 168 42 910 69 51 363 40 3278 42 1918 42 224 714 204 119 45 70
internal_value=2.10392e-10 0.0500317 0.0994398 0.00914153 -0.411503 0.0498491 0.0804101 0.132584 -0.0658347 -0.164805 0.134145 0.108893 0.0240773 0.165689 0.128669 0.162175 -0.0700491 -0.0778023 -0.0708409 -0.0857502 -0.0798907 -0.0150298 0.0143776 0.00371564 0.257818 0.0571541 -0.22835 -0.350003 -0.584483 -0.156134
internal_weight=10342 6033 3429 952 84 868 798 658 224 140 2477 2057 825 1232 1064 952 4309 4169 4100 3737 3697 2604 2002 1960 420 783 419 215 96 112
internal_count=10342 6033 3429 952 84 868 798 658 224 140 2477 2057 825 1232 1064 952 4309 4169 4100 3737 3697 2604 2002 1960 420 783 419 215 96 112
is_linear=0
shrinkage=0.05


Tree=65
num_leaves=31
num_cat=0
split_feature=5 4 9 7 2 11 9 16 11 9 2 16 12 12 0 13 7 16 0 9 14 9 9 14 24 24 12 2 24 2
split_gain=13794 6836.13 4601.67 3526.86 3437.48 4099.06 2807.63 5465.2 2752.26 3407.18 3490.77 2470.51 2404.46 4705.19 2224.02 2103.35 4293.76 2050.37 1952.66 1763.81 1819.93 3925.21 1869.77 2420.66 2268.26 1844.99 2021.74 1761.84 1691.01 1821.07
threshold=-0.70710678118654757 -0.78656609248549292 336.53000000000003 -0.99761278905001471 3.5000000000000004 342.50500000000005 308.23000000000008 353.43000000000006 300.34000000000009 308.23000000000008 1.5000000000000002 370.88949404761911 342.59229166666677 349.4656250000001 11.500000000000002 13.021684273779085 -0.40613878790836594 351.65622023809527 3.5000000000000004 334.13500000000005 300.90500000000003 308.23000000000008 330.94500000000005 326.95000000000005 22.859226190476196 27.199702380952385 331.65666666666675 4.5000000000000009 35.546428571428578 2.5000000000000004
decision_type=2 2 2 2 2 2 2 2 2 2 2 2 2 2 2 2 2 2 2 2 2 2 2 2 2 2 2 2 2 2
left_child=6 4 3 -3 5 -2 7 -1 -5 12 18 -4 15 -14 -8 16 -10 -18 -11 20 -7 -22 23 25 -24 26 -23 -17 -13 -30
right_child=1 2 11 8 -6 19 14 -9 9 10 -12 28 13 -15 -16 27 17 -19 -20 -21 21 22 24 -25 -26 -27 -28 -29 29 -31
leaf_value=0.050246609232854102 0.55530576503023188 -0.4946187682785631 0.12697140797834022 -0.38488989110066468 -0.030104816631659342 0.20299013323054235 0.048884577092327977 -0.53419767480033142 -0.70562095256860968 -0.085075925042865819 -0.087149226780521297 -0.090950784151114544 -0.74072276752155564 -0.061406342774629599 0.15322943729334501 0.070683262566868355 -0.28825600664023054 0.10946191702611173 0.066378736359464549 0.17886987078749803 -0.44333303345574271 0.32493438661098484 0.054656195725072867 0.44903182312846185 -0.42896598363189364 0.19888465878638356 -0.050633662125247336 -0.16995263361549451 0.20463861243441128 -0.044278125881531537
leaf_weight=240 47 52 403 73 930 145 766 48 44 303 2737 429 52 50 1532 139 86 52 715 322 45 40 54 40 44 143 344 168 130 169
leaf_count=240 47 52 403 73 930 145 766 48 44 303 2737 429 52 50 1532 139 86 52 715 322 45 40 54 40 44 143 344 168 130 169
internal_value=-1.26762e-10 -0.0333433 -0.062451 -0.0852431 0.0423583 0.097416 0.100004 -0.0471608 -0.0804259 -0.0753118 -0.0577482 0.0276495 -0.186904 -0.407725 0.118448 -0.140843 -0.275524 -0.138391 0.0212994 0.0791315 0.0415692 0.00860299 0.0391851 0.0740409 -0.16248 0.0455786 -0.011512 -0.0610002 -0.0273322 0.0639465
internal_weight=10342 7756 5602 4471 2154 1224 2586 288 4419 4346 3755 1131 591 102 2298 489 182 138 1018 1177 855 710 665 567 98 527 384 307 728 299
internal_count=10342 7756 5602 4471 2154 1224 2586 288 4419 4346 3755 1131 591 102 2298 489 182 138 1018 1177 855 710 665 567 98 527 384 307 728 299
is_linear=0
shrinkage=0.05


Tree=66
num_leaves=31
num_cat=0
split_feature=5 4 9 2 11 13 13 11 9 22 28 22 9 24 18 2 16 2 25 0 17 17 12 16 9 6 0 17 16 15
split_gain=12449.1 6169.61 4275.23 3102.33 3699.41 3046.84 3929.42 15142.9 3166.09 8246.35 3123.01 2777.02 2732.42 2847.3 3184.03 2388.01 2260.76 2253.57 2704.04 2415.64 2398.17 2128.32 2013 1853.46 2970.59 1807.33 1754.02 1749.22 2227.28 2442.46
threshold=-0.70710678118654757 -0.78656609248549292 343.89000000000004 3.5000000000000004 342.50500000000005 10.322301615318512 12.273067053899736 307.86500000000007 331.61000000000007 30.300000000000004 0.39345238095238094 35.300000000000004 334.13500000000005 34.260416666666671 304.34000000000009 3.5000000000000004 373.66133928571435 4.5000000000000009 3.4000000000000017 3.5000000000000004 45.46741229618474 31.244189546743787 354.39875000000001 342.87892857142862 312.06500000000005 0.19337368024598436 20.500000000000004 38.510675973285949 347.97645833333343 422.65000000000003
decision_type=2 2 2 2 2 2 2 2 2 2 2 2 2 2 2 2 2 2 2 2 2 2 2 2 2 2 2 2 2 2
left_child=12 3 5 4 -2 -3 7 -7 9 10 -9 17 13 15 -15 27 26 18 19 23 -21 -20 -19 -8 -25 -13 -4 -1 -29 -30
right_child=1 2 16 -5 -6 6 11 8 -10 -11 -12 25 -14 14 -16 -17 -18 22 21 20 -22 -23 -24 24 -26 -27 -28 28 29 -31
leaf_value=0.075505105747154119 0.52754047563735484 0.1290399537452466 0.30022022576505941 -0.028599576213727558 0.07517493573083095 -0.9248536828894599 0.076554384613249066 -0.39883981961114656 0.19236602785216797 -0.78339332460049305 0.01066629781108547 0.025338427569144048 0.18174328808416337 0.10794095887492101 -0.48818062314142785 0.013225887452977545 -0.012430873447153559 -0.067236885995157744 -0.50446939896792176 0.0036616670004645082 -0.33448135236071219 -0.13093039947008336 -0.19106256132481866 -0.44346710223083696 -0.10472041518994957 0.34824536719646021 -0.055699589086903471 -0.04346501874178002 0.4244548756656224 0.15043534084289062
leaf_weight=618 47 182 150 930 1177 65 116 58 74 47 236 260 672 42 48 798 234 650 52 1809 54 143 663 72 640 52 45 72 138 198
leaf_count=618 47 182 150 930 1177 65 116 58 74 47 236 260 672 42 48 798 234 650 52 1809 54 143 663 72 640 52 45 72 138 198
internal_value=-5.18242e-11 -0.0316762 -0.0593284 0.0402403 0.0925452 -0.0719071 -0.0792348 -0.21524 -0.104096 -0.168431 -0.0701206 -0.0647629 0.095004 0.06455 -0.209991 0.0780964 0.092349 -0.0754566 -0.0507498 -0.0377215 -0.00613958 -0.230541 -0.129763 -0.108781 -0.138976 0.0791563 0.218085 0.128551 0.208901 0.262979
internal_weight=10342 7756 5602 2154 1224 5173 4991 480 415 341 294 4511 2586 1914 90 1824 429 4199 2886 2691 1863 195 1313 828 712 312 195 1026 408 336
internal_count=10342 7756 5602 2154 1224 5173 4991 480 415 341 294 4511 2586 1914 90 1824 429 4199 2886 2691 1863 195 1313 828 712 312 195 1026 408 336
is_linear=0
shrinkage=0.05


Tree=67
num_leaves=31
num_cat=0
split_feature=11 5 9 7 2 0 17 15 23 23 25 7 14 9 24 18 16 15 25 23 11 25 2 2 13 13 4 18 19 13
split_gain=11940 10201.3 5349.3 5592.54 3930.43 4727.59 3391.85 3284.02 2708.75 5741.15 2638.66 3038.66 2612.03 2518.45 2546.28 2873.59 2477.12 2397.51 5146.23 3626.83 3163.87 2836.17 2188.14 2150.53 1896.17 4318.15 1881.15 1858.24 1675.37 1639.36
threshold=251.51500000000001 -0.70710678118654757 334.13500000000005 -0.99761278905001471 3.5000000000000004 3.5000000000000004 46.354287850065255 445.35000000000008 32.593750000000007 31.947916666666668 2.2000000000000024 -0.074115882986646633 328.49500000000006 334.13500000000005 34.260416666666671 304.34000000000009 371.35380952380962 364.61000000000007 -0.84999999999999776 13.464583333333335 346.75500000000005 3.8999999999999999 3.5000000000000004 1.5000000000000002 38.136688890352595 36.927294719761029 -0.78656609248549292 329.00000000000006 429.40000000000003 33.564592187906605
decision_type=2 2 2 2 2 2 2 2 2 2 2 2 2 2 2 2 2 2 2 2 2 2 2 2 2 2 2 2 2 2
left_child=-1 13 3 -3 5 10 7 8 9 12 -5 -12 17 14 22 -16 -4 18 19 20 -7 -19 -2 -18 25 29 28 -25 -20 -6
right_child=1 2 16 4 24 6 -8 -9 -10 -11 11 -13 -14 -15 15 -17 23 21 26 -21 -22 -23 -24 27 -26 -27 -28 -29 -30 -31
leaf_value=-0.85156302800992645 0.12125318276642527 -0.5565044754219276 0.10805623382937327 -0.07998567131649742 -0.076247642585141204 -0.080301708317008516 -0.36452752584083514 -0.34941953765397726 0.22729753309150758 -0.47370866811169049 -0.67478439726888439 -0.14627322388460506 0.24792091504670682 0.17265612387971141 0.10254391309406077 -0.46377158661683399 0.11921644746705339 0.0014498249533920989 0.60544840724931825 0.081543206979615104 -0.65832913160324102 -0.36203271779896962 0.010757762516308202 -0.10179963898104599 0.00044527392526571121 -0.55412918952880086 0.12906247966978421 0.048144640961977819 0.24080374290457085 -0.18492967514165642
leaf_weight=41 1025 54 874 574 1527 58 55 55 181 56 43 74 140 672 42 48 270 1288 45 138 40 56 796 522 450 54 268 342 105 449
leaf_count=41 1025 54 874 574 1527 58 55 55 181 56 43 74 140 672 42 48 270 1288 45 138 40 56 796 522 450 54 268 342 105 449
internal_value=-2.34675e-10 0.00338939 -0.0253957 -0.0500806 -0.0452455 -0.0084139 0.0237542 0.0325425 0.0413879 0.0260508 -0.124098 -0.340512 0.0391408 0.0893993 0.0601222 -0.199491 0.0447986 0.0245116 0.103028 -0.0836343 -0.316231 -0.0136953 0.0729532 -0.00395547 -0.0924138 -0.112998 0.208417 -0.0424467 0.350197 -0.100943
internal_weight=10342 10301 7718 5710 5656 3176 2485 2430 2375 2194 691 117 2138 2583 1911 90 2008 1998 654 236 98 1344 1821 1134 2480 2030 418 864 150 1976
internal_count=10342 10301 7718 5710 5656 3176 2485 2430 2375 2194 691 117 2138 2583 1911 90 2008 1998 654 236 98 1344 1821 1134 2480 2030 418 864 150 1976
is_linear=0
shrinkage=0.05


Tree=68
num_leaves=31
num_cat=0
split_feature=11 5 9 7 2 0 17 15 23 23 9 16 25 7 14 16 15 25 23 11 13 13 4 0 9 13 13 4 2 17
split_gain=10775.8 9206.69 4827.74 5047.26 3547.21 4266.65 3061.15 2963.83 2444.65 5181.39 2389.36 4793.08 2381.39 2742.39 2357.36 2299.04 2163.75 4644.47 3273.21 2855.39 2716.74 2685.73 2038.75 1977.16 1731.65 1711.29 3897.13 1697.74 1657.53 1616.58
threshold=251.51500000000001 -0.70710678118654757 334.13500000000005 -0.99761278905001471 3.5000000000000004 3.5000000000000004 46.354287850065255 445.35000000000008 32.593750000000007 31.947916666666668 308.23000000000008 353.43000000000006 2.2000000000000024 -0.074115882986646633 328.49500000000006 367.21672619047621 364.61000000000007 -0.84999999999999776 13.464583333333335 346.75500000000005 27.028048533574143 26.103654381024594 -0.60355339059327362 11.500000000000002 346.82000000000005 38.136688890352595 36.927294719761029 -0.78656609248549292 3.5000000000000004 34.619837278718997
decision_type=2 2 2 2 2 2 2 2 2 2 2 2 2 2 2 2 2 2 2 2 2 2 2 2 2 2 2 2 2 2
left_child=-1 10 3 -3 5 12 7 8 9 14 11 -2 -5 -14 16 -4 17 18 19 -7 21 -18 28 -12 -24 26 -6 -19 -17 -22
right_child=1 2 15 4 25 6 -8 -9 -10 -11 23 -13 13 -15 -16 22 20 27 -20 -21 29 -23 24 -25 -26 -27 -28 -29 -30 -31
leaf_value=-0.8089848791680686 0.040399472438730301 -0.52867923565898778 0.13377138393025587 -0.075986387005391398 -0.095895949241745063 -0.076286625373980108 -0.34630115238102999 -0.33194856109605597 0.21593265450091323 -0.45002323306564779 0.03633287490369886 -0.50692800000930827 -0.64104517890616908 -0.13895956415909569 0.23552486815978357 0.16603611610918093 -0.088502950399962019 0.33268728360037009 0.077466049614915822 -0.62541267514228827 0.16280190824708415 -0.52909573184414993 -0.062341087496351789 0.13478072985213896 0.10478767383128798 0.00042301044706255199 -0.52642272788065447 0.12260935637307591 -0.021378530340734871 -0.0056164790705682394
leaf_weight=41 240 54 514 574 1976 58 55 55 181 56 765 48 43 74 140 306 196 150 138 40 168 42 804 1530 192 450 54 268 192 938
leaf_count=41 240 54 514 574 1976 58 55 55 181 56 765 48 43 74 140 306 196 150 138 40 168 42 804 1530 192 450 54 268 192 938
internal_value=2.9623e-11 0.00321992 -0.024126 -0.0475765 -0.0429833 -0.00799321 0.0225665 0.0309153 0.0393185 0.0247482 0.0849293 -0.0508218 -0.117893 -0.323487 0.0371838 0.0425587 0.023286 0.097877 -0.0794526 -0.30042 -0.0130105 -0.166255 0.0111776 0.101965 -0.0301235 -0.0877931 -0.107348 0.197996 0.0937799 0.0199661
internal_weight=10342 10301 7718 5710 5656 3176 2485 2430 2375 2194 2583 288 691 117 2138 2008 1998 654 236 98 1344 238 1494 2295 996 2480 2030 418 498 1106
internal_count=10342 10301 7718 5710 5656 3176 2485 2430 2375 2194 2583 288 691 117 2138 2008 1998 654 236 98 1344 238 1494 2295 996 2480 2030 418 498 1106
is_linear=0
shrinkage=0.05


Tree=69
num_leaves=31
num_cat=0
split_feature=11 5 23 23 15 0 9 15 5 2 2 6 13 23 12 15 25 7 12 13 17 22 9 2 7 18 22 24 23 6
split_gain=9725.17 8383.5 3650.56 7303.09 3598.63 3436.03 3414.37 3405.79 2779.06 2609 2529.32 2552.41 2379.61 2317.81 2390.12 2846.83 2613.18 2378.3 2031.1 1985.07 2186.32 1942.92 1835.98 1931.41 2382.99 2441.48 2225.56 1708.76 2507.71 3518.39
threshold=251.51500000000001 -0.5 36.110416666666673 36.00833333333334 456.68500000000006 11.500000000000002 310.48500000000007 361.64000000000004 0.60355339059327384 4.5000000000000009 1.0000000180025095e-35 -0.18492532721306487 10.18733216452757 32.035416666666677 325.10708333333338 344.79000000000002 3.8999999999999999 0.32410992729244009 363.12312500000013 20.839564646577028 43.703806745705663 13.600000000000003 304.92500000000001 1.5000000000000002 -0.29342786347392819 298.83000000000004 30.850000000000005 34.260416666666671 22.154166666666672 -0.55657520495441892
decision_type=2 2 2 2 2 2 2 2 2 2 2 2 2 2 2 2 2 2 2 2 2 2 2 2 2 2 2 2 2 2
left_child=-1 4 3 6 5 22 13 -8 9 19 11 -4 -7 14 15 21 17 -16 27 -9 -21 -3 -2 24 26 -26 -24 28 29 -14
right_child=1 2 10 -5 -6 12 7 8 -10 -11 -12 -13 18 -15 16 -17 -18 -19 -20 20 -22 -23 23 -25 25 -27 -28 -29 -30 -31
leaf_value=-0.76853563727402108 -0.24952715842777656 -0.23648271573973553 0.028711335445669568 -0.65455674733966596 0.49660874813174205 0.40999701341614125 0.089811985043343159 0.25865936184301974 -0.078406221771871121 -0.087202548402118274 0.042487769315125809 0.53372746397709026 -0.45427988559007648 -0.45803791254293175 -0.39911894936573833 0.26683916183522877 -0.52088526138599878 -0.093246301883820243 0.14150840111593513 0.026800365661898043 -0.32606511907445063 0.029913655206010765 -0.31443976032383303 -0.02931228414844821 0.54189131862587403 0.12640396748979887 0.11032844384272511 -0.16008449492485899 0.16455499930736336 0.031288675023646288
leaf_weight=41 72 112 44 48 48 60 632 90 1989 639 496 58 40 48 73 78 47 491 1004 1791 45 176 51 863 45 165 78 95 369 554
leaf_count=41 72 112 44 48 48 60 632 90 1989 639 496 58 40 48 73 78 47 491 1004 1791 45 176 51 863 45 165 78 95 369 554
internal_value=-5.56042e-11 0.00305892 -0.0289085 -0.0401852 0.066706 0.0606296 -0.0354372 -0.0189559 -0.0340506 0.000344421 0.0891194 0.315877 0.0995993 -0.118824 -0.102159 -0.00111422 -0.162686 -0.132836 0.0905674 0.0293904 0.0181517 -0.0736849 -0.00427904 0.0104114 0.111537 0.215437 -0.0576032 0.0422264 0.0621843 -0.00140954
internal_weight=10342 10301 6857 6259 3444 3396 6211 5186 4554 2565 598 102 2122 1025 977 366 611 564 2062 1926 1836 288 1274 1202 339 210 129 1058 963 594
internal_count=10342 10301 6857 6259 3444 3396 6211 5186 4554 2565 598 102 2122 1025 977 366 611 564 2062 1926 1836 288 1274 1202 339 210 129 1058 963 594
is_linear=0
shrinkage=0.05


Tree=70
num_leaves=31
num_cat=0
split_feature=11 5 4 9 7 13 12 2 11 16 9 2 0 17 15 9 24 23 23 6 9 26 9 25 6 19 9 12 25 0
split_gain=8776.96 7597.64 4163.65 3039.02 2462.64 2158.46 2357.98 2085.72 3213.52 2037.52 1984 1961.17 2324.94 2255.6 2179.61 1909.44 1663.33 3103 2435.78 3407.77 3313.37 3084.46 2062.41 1982.12 1624.26 1610.84 1483.38 2754.69 2290.52 1435.14
threshold=251.51500000000001 -0.70710678118654757 -0.78656609248549292 335.92000000000002 -0.99761278905001471 10.18733216452757 363.12312500000013 3.5000000000000004 348.26000000000005 370.88949404761911 298.98500000000007 4.5000000000000009 3.5000000000000004 45.46741229618474 376.99500000000006 305.64500000000004 34.260416666666671 36.110416666666673 22.154166666666672 -0.55657520495441892 323.12000000000006 1.1187500000000004 321.83500000000004 0.5999999999999962 0.9916835347852474 455.73500000000007 322.76000000000005 372.17666666666673 -5.8500000000000005 21.500000000000004
decision_type=2 2 2 2 2 2 2 2 2 2 2 2 2 2 2 2 2 2 2 2 2 2 2 2 2 2 2 2 2 2
left_child=-1 5 7 4 -4 -2 16 8 -3 29 -6 12 -12 25 15 -13 18 -18 19 -7 -21 -22 -20 -24 -10 -14 27 -8 -28 -5
right_child=1 2 3 9 10 6 26 -9 24 -11 11 14 13 -15 -16 -17 17 -19 22 20 21 -23 23 -25 -26 -27 28 -29 -30 -31
leaf_value=-0.73010883680204064 0.34705375912599268 0.4016710592459326 -0.4059482129577261 0.15185676190411784 -0.36679067863867831 -0.42460866978702444 0.11337551102933417 -0.0193568725067301 0.047730318465763949 -0.023756836493362583 -0.10053092542258245 -0.18907611300761001 0.018114326903143334 -0.32543953128580783 -0.16953399286858284 0.0043824563765883801 -0.43568905180803053 0.086756217827399576 0.056674624647673401 0.073411442876080091 -0.52346995947882535 -0.041755780715633323 0.57608791192372644 0.16796426092292749 0.35749766451348974 -0.15077249367045714 -0.21263227122170583 -0.2348228940465607 0.1650174865497607 -0.098273991020944196
leaf_weight=41 72 73 52 366 52 48 209 930 1107 741 887 169 1829 53 674 520 54 60 299 509 48 108 42 102 44 153 42 78 912 68
leaf_count=41 72 73 52 366 52 48 209 930 1107 741 887 169 1829 53 674 520 54 60 299 509 48 108 42 102 44 153 42 78 912 68
internal_value=-2.95357e-10 0.00290598 -0.0219356 -0.0447855 -0.0639051 0.0771326 0.0693929 0.037088 0.079975 0.0266324 -0.0598041 -0.0560787 -0.0329762 -0.0035309 -0.105606 -0.0430696 0.0214968 -0.160718 0.0394661 -0.0177433 0.0116244 -0.189976 0.131543 0.287 0.059572 0.00507715 0.118408 0.0187432 0.148391 0.112666
internal_weight=10342 10301 7718 5564 4389 2583 2511 2154 1224 1175 4337 4285 2922 2035 1363 689 1270 114 1156 713 665 156 443 144 1151 1982 1241 287 954 434
internal_count=10342 10301 7718 5564 4389 2583 2511 2154 1224 1175 4337 4285 2922 2035 1363 689 1270 114 1156 713 665 156 443 144 1151 1982 1241 287 954 434
is_linear=0
shrinkage=0.05


Tree=71
num_leaves=31
num_cat=0
split_feature=11 5 9 7 15 0 13 22 9 22 16 4 14 13 18 12 17 12 2 16 13 0 13 18 16 12 9 2 7 18
split_gain=7921.21 6888.11 3251.19 3511.93 3191.02 3023.48 2593.48 2347.32 2255.91 4005.45 2083.51 2039.05 2688.88 1986.64 1846.46 2082.42 2902.92 2685.57 2028.47 2130.43 1791.01 2526.6 1736.96 2057.35 1694.11 1684.58 1627.94 1696.32 2159.71 2206.39
threshold=251.51500000000001 -0.5 334.13500000000005 -0.99761278905001471 456.68500000000006 11.500000000000002 10.322301615318512 36.400000000000013 308.23000000000008 29.150000000000002 374.74690476190477 -0.60355339059327362 306.80000000000007 10.18733216452757 324.54000000000002 343.55062500000003 37.044101631913186 332.21791666666672 4.5000000000000009 352.18330357142861 34.473321924859782 20.500000000000004 35.604678725174857 308.60500000000008 367.21672619047621 363.12312500000013 304.92500000000001 1.5000000000000002 -0.29342786347392819 298.83000000000004
decision_type=2 2 2 2 2 2 2 2 2 2 2 2 2 2 2 2 2 2 2 2 2 2 2 2 2 2 2 2 2 2
left_child=-1 4 3 -3 5 26 -5 8 9 11 14 -8 -13 -7 15 16 -10 -18 19 -17 -20 -22 23 -21 -4 -15 -2 28 -28 -30
right_child=1 2 24 6 -6 13 7 -9 10 -11 -12 12 -14 25 -16 18 17 -19 20 22 21 -23 -24 -25 -26 -27 27 -29 29 -31
leaf_value=-0.69360338071497474 -0.23709170202621155 -0.4722877795497577 0.11499140950666818 0.14766420468666477 0.46527666455755634 0.37489866218219203 0.030403859823283447 0.25633097555368178 -0.07424863830965478 -0.53026157963618448 -0.22585846544833554 -0.11531115699188957 -0.49813426586870968 0.039009122960824025 0.15456957836286167 0.02847024167097106 0.0016553670744455997 0.24073780498044062 -0.067023225493834701 -0.4332746993051842 -0.1500990703257804 -0.51252640526173476 -0.042746081517261995 -0.10909394783218607 0.0032904544976716642 0.12942615762722598 -0.058573151893855993 -0.029551221027340081 0.51170021070374383 0.11672252636064183
leaf_weight=41 72 48 456 173 48 60 205 62 368 59 144 389 52 1058 128 863 252 220 527 64 260 59 992 208 1328 1004 129 863 45 165
leaf_count=41 72 48 456 173 48 60 205 62 368 59 144 389 52 1058 128 863 252 220 527 64 260 59 992 208 1328 1004 129 863 45 165
internal_value=1.1973e-10 0.00276068 -0.0262158 -0.0466326 0.0604527 0.0547308 -0.0425667 -0.0493494 -0.053306 -0.135903 -0.0390512 -0.0998858 -0.160451 0.0912863 -0.0322255 -0.0384961 0.031019 0.113092 -0.0581371 -0.03209 -0.123624 -0.217131 -0.0734377 -0.185372 0.0318418 0.0830337 -0.00615661 0.00767644 0.102448 0.201361
internal_weight=10342 10301 6857 5073 3444 3396 5025 4852 4790 705 4085 646 441 2122 3941 3813 840 472 2973 2127 846 319 1264 272 1784 2062 1274 1202 339 210
internal_count=10342 10301 6857 5073 3444 3396 5025 4852 4790 705 4085 646 441 2122 3941 3813 840 472 2973 2127 846 319 1264 272 1784 2062 1274 1202 339 210
is_linear=0
shrinkage=0.05


Tree=72
num_leaves=31
num_cat=0
split_feature=5 9 24 15 2 18 7 13 18 18 15 15 15 15 18 17 0 25 26 2 9 9 7 18 0 13 0 2 16 11
split_gain=7262.75 4624.47 4279.71 8858.64 3681.64 3800.07 4056.92 8125.55 3844.79 2527.48 2443.65 3580.52 2362.35 2540.47 2307.23 2208.6 2223.43 2079.9 2146.61 2473.7 2631.26 2232.17 2040.3 3043.95 2002.91 1973.19 1917.85 1791.96 1777.24 4731.02
threshold=0.25881904510252057 334.13500000000005 34.260416666666671 360.92500000000001 1.5000000000000002 82.635000000000005 0.94909129669788206 12.386566716141798 228.29500000000004 118.84500000000001 445.35000000000008 439.56000000000006 362.81000000000006 407.03500000000003 77.640000000000015 34.72186386427704 11.500000000000002 -5.8500000000000005 0.050000000000000051 3.5000000000000004 340.185 339.83500000000009 -0.67801649466304881 317.85000000000008 9.5000000000000018 10.322301615318512 11.500000000000002 2.5000000000000004 342.42065476190481 300.34000000000009
decision_type=2 2 2 2 2 2 2 2 2 2 2 2 2 2 2 2 2 2 2 2 2 2 2 2 2 2 2 2 2 2
left_child=1 2 4 -4 5 -1 9 -8 -9 -7 11 26 15 -14 -2 16 -11 -3 -19 22 21 -21 27 -24 -25 -16 -6 -20 -27 -30
right_child=14 17 3 -5 10 6 7 8 -10 12 -12 -13 13 -15 25 -17 -18 18 19 20 -22 -23 23 24 -26 28 -28 -29 29 -31
leaf_value=-0.31057371379075799 -0.336383101084958 -0.18994486701807806 -0.74940748225365372 -0.015047943812202326 -0.065252038798379638 0.47927183598679096 -0.52875208271401275 -0.26923073316436436 0.30255410210134426 0.14284058648627251 -0.34002681103619664 0.22049108802152442 -0.20222833317017097 0.10653291092057544 0.13967457935214042 0.15019190722571996 0.59301455151289706 -0.18341442510219558 0.17775648958282547 0.090922812119975285 -0.062594019265537315 0.43535177782177925 0.53352307553092648 0.0092373775159940129 0.27400470129922033 0.046228345986899171 0.018788429306323438 -0.049299328119331409 -0.56622727092193526 -0.055957325719381092
leaf_weight=56 69 56 56 154 1188 56 70 42 98 48 55 168 84 322 140 420 64 56 280 294 266 56 84 100 250 420 1584 126 46 3634
leaf_count=56 69 56 56 154 1188 56 70 42 98 48 55 168 84 322 140 420 64 56 280 294 266 56 84 100 250 420 1584 126 46 3634
internal_value=1.51407e-11 0.0354111 0.00946957 -0.210877 0.0203445 0.0920503 0.110777 -0.0889049 0.131019 0.152963 -0.00982221 -0.00364491 0.133482 0.0426513 -0.0495789 0.202801 0.400083 0.109282 0.120364 0.132048 0.0559432 0.146031 0.187858 0.263228 0.198357 -0.0449116 -0.0172289 0.107291 -0.0512145 -0.0623357
internal_weight=10342 6033 4465 210 4255 1260 1204 210 140 994 2995 2940 938 406 4309 532 112 1568 1512 1456 616 350 840 434 350 4240 2772 406 4100 3680
internal_count=10342 6033 4465 210 4255 1260 1204 210 140 994 2995 2940 938 406 4309 532 112 1568 1512 1456 616 350 840 434 350 4240 2772 406 4100 3680
is_linear=0
shrinkage=0.05


Tree=73
num_leaves=31
num_cat=0
split_feature=11 5 9 7 2 4 15 23 25 28 14 24 9 16 25 2 14 6 24 14 19 18 27 23 27 6 13 18 13 25
split_gain=6964.3 5871.26 3387.59 3673.08 2360.2 3187.99 3076.98 2877.67 2759.18 2608.1 2825.33 2631.66 1846.85 3999.67 1762.57 1741.75 1677.09 1657.53 1775.75 2328.74 2363.69 2226.12 1693.85 1618.72 3678.78 2863.39 2354 2206.81 2181.93 2360.56
threshold=251.51500000000001 -0.70710678118654757 334.13500000000005 -0.99761278905001471 3.5000000000000004 -0.37940952255126065 444.89500000000004 33.220833333333339 3.3000000000000003 0.022321428571428565 328.49500000000006 32.89345238095239 308.23000000000008 353.43000000000006 -5.8500000000000005 2.5000000000000004 332.62500000000006 0.94138322595482449 27.199702380952385 315.13500000000005 406.0800000000001 306.19500000000005 4.7312500000000011 22.497916666666669 0.089583333333333362 0.96904697354198299 42.659814409184754 311.10000000000008 37.396318979479872 -4.7499999999999991
decision_type=2 2 2 2 2 2 2 2 2 2 2 2 2 2 2 2 2 2 2 2 2 2 2 2 2 2 2 2 2 2
left_child=-1 12 3 -3 5 6 7 9 -7 -5 11 17 13 -2 -4 -16 -17 18 19 20 -11 22 -22 24 -14 27 28 -25 29 -26
right_child=1 2 14 4 -6 8 -8 -9 -10 10 -12 -13 23 -15 15 16 -18 -19 -20 -21 21 -23 -24 25 26 -27 -28 -29 -30 -31
leaf_value=-0.65036044120788583 0.031820451676224673 -0.44930988201112659 -0.20630047490762485 0.43685298680904366 -0.071525949503442057 -0.027788851864607833 -0.37000622835646318 0.36618797971637218 -0.2359837331553655 -0.16068787294872372 0.34252619928547312 -0.37341044786430544 -0.42168195915541484 -0.46815866329707206 0.10660147080644455 0.063461799560011259 -0.054792740454022708 0.27885204002497693 0.1533478970711048 -0.14958047192414611 0.20854881812175294 -0.24236318948900415 -0.050711973011493688 0.15712827710606889 0.38355691759359267 0.39279314797785547 -0.23257465060574539 0.017003460240035559 0.18325844269682054 -0.0047375527659188153
leaf_weight=41 240 54 72 42 2480 1756 41 77 175 112 70 42 42 48 730 648 558 63 182 238 252 42 84 690 42 90 66 474 316 575
leaf_count=41 240 54 72 42 2480 1756 41 77 175 112 70 42 42 48 730 648 558 63 182 238 252 42 84 690 42 90 66 474 316 575
internal_value=2.08583e-11 0.00258856 -0.0192491 -0.038893 -0.0349745 -0.00643315 0.055954 0.0704593 -0.0466568 0.0502542 0.0352891 0.0141003 0.0678394 -0.0515094 0.0366107 0.0456446 0.00874701 0.0308274 0.0136564 -0.0212664 0.0410576 0.100834 0.143734 0.0828165 0.0367285 0.121076 0.056001 0.100067 0.0764148 0.0216942
internal_weight=10342 10301 7718 5710 5656 3176 1245 1204 1931 1127 1085 1015 2583 288 2008 1936 1206 973 910 728 490 378 336 2295 1041 1254 999 1164 933 617
internal_count=10342 10301 7718 5710 5656 3176 1245 1204 1931 1127 1085 1015 2583 288 2008 1936 1206 973 910 728 490 378 336 2295 1041 1254 999 1164 933 617
is_linear=0
shrinkage=0.05


Tree=74
num_leaves=31
num_cat=0
split_feature=11 5 9 12 24 7 6 2 17 6 23 26 13 22 12 29 13 12 6 0 24 14 25 17 0 7 11 0 25 25
split_gain=6285.28 5526.85 4331.07 6253.7 4850.78 3237.31 6031.06 2743.11 3018.09 3112.13 4113.38 6401.63 3367.45 2698.63 2943.95 3562.16 2808.63 5666.76 3529.89 2585.16 2381.61 3879.17 2348.5 2232.2 2212.95 2035.84 2111.08 2005.7 1900.88 1783.41
threshold=251.51500000000001 0.60355339059327384 321.54500000000007 376.36166666666674 33.911011904761914 -0.99761278905001471 -0.01397611846945947 4.5000000000000009 46.354287850065255 0.048362692321690152 17.587500000000002 0.4958333333333334 40.50208915340707 20.850000000000005 343.55062500000003 0.62589285714285725 10.790393427095889 340.7000000000001 0.49065764355977465 12.500000000000002 15.179761904761905 311.54500000000002 -1.7 39.277913519042691 12.500000000000002 -0.84313311835787952 302.34500000000008 9.5000000000000018 -1.0000000180025095e-35 1.0000000180025095e-35
decision_type=2 2 2 2 2 2 2 2 2 2 2 2 2 2 2 2 2 2 2 2 2 2 2 2 2 2 2 2 2 2
left_child=-1 2 3 4 7 6 -4 8 9 10 11 -2 22 16 29 -16 24 -18 -19 -17 -13 -22 -11 -20 -7 -3 -27 -24 -29 -15
right_child=1 25 5 -5 -6 13 -8 -9 -10 12 -12 20 -14 14 15 19 17 18 23 -21 21 -23 27 -25 -26 26 -28 28 -30 -31
leaf_value=-0.61784237594139291 0.014221873715243957 0.043016655390830237 -0.6118171920379003 -0.49412227519787849 -0.49252585332438942 0.046429572654543103 0.075950545131721919 -0.065839376769729341 -0.29382741262218842 -0.011384748078570395 0.090319317699080193 -0.11161316485673774 -0.082037424243065302 0.55668041460654316 0.061934613350053229 0.10694951001571976 -0.52312403956756881 0.15804244414243659 -0.059800161049235613 0.39811188792809848 -0.83843177150861892 -0.22173840713267234 0.077250938175116177 0.15753309705486412 0.51302300058305261 0.18551983667368241 -0.080353934321123616 0.4718899764967236 0.20839129311347065 0.18268122194444433
leaf_weight=41 270 451 51 68 51 54 85 1036 67 167 408 51 186 51 2208 162 51 323 900 144 51 51 215 136 48 77 2458 88 308 85
leaf_count=41 270 451 51 68 51 54 85 1036 67 167 408 51 186 51 2208 162 51 323 900 144 51 51 215 136 48 77 2458 88 308 85
internal_value=1.8025e-10 0.00245913 0.0258586 -0.0200618 -0.00913057 0.0580927 -0.181962 -0.000623609 0.0356619 0.0479603 -0.0229492 -0.132201 0.109087 0.0659369 0.0963487 0.0840913 0.0126356 -0.00569309 0.0137248 0.243967 -0.390594 -0.530085 0.15478 -0.0312699 0.266003 -0.0548642 -0.0722781 0.200196 0.266947 0.322931
internal_weight=10342 10301 7315 3017 2949 4298 136 2898 1862 1795 831 423 964 4162 2650 2514 1512 1410 1359 306 153 102 778 1036 102 2986 2535 611 396 136
internal_count=10342 10301 7315 3017 2949 4298 136 2898 1862 1795 831 423 964 4162 2650 2514 1512 1410 1359 306 153 102 778 1036 102 2986 2535 611 396 136
is_linear=0
shrinkage=0.05


Tree=75
num_leaves=31
num_cat=0
split_feature=5 9 24 15 2 18 7 13 6 15 15 18 13 13 29 16 11 11 9 19 0 26 25 2 9 7 18 9 28 6
split_gain=5742.85 3381.47 3253.11 7651.69 2631.37 3047.3 3153.92 6769.75 2920.37 2168.63 2579.99 2111.07 2045.26 4586.29 2004 2001.39 4209.09 3395.19 3858.09 3535.38 1855.83 1780.02 1843.43 1790.6 2258.44 2220.38 2934.36 1883.23 1658.93 4573.08
threshold=1.0000000180025095e-35 334.13500000000005 34.260416666666671 360.92500000000001 1.5000000000000002 82.635000000000005 0.94909129669788206 12.386566716141798 0.048362692321690152 445.35000000000008 439.56000000000006 118.84500000000001 10.322301615318512 10.607254350858371 1.5297619047619051 342.42065476190481 303.74500000000006 300.34000000000009 308.23000000000008 420.76000000000005 12.500000000000002 0.050000000000000051 -5.8500000000000005 3.5000000000000004 340.185 -0.67801649466304881 317.85000000000008 339.83500000000009 8.4696428571428601 -0.55657520495441892
decision_type=2 2 2 2 2 2 2 2 2 2 2 2 2 2 2 2 2 2 2 2 2 2 2 2 2 2 2 2 2 2
left_child=1 2 4 -4 5 -1 11 -8 -9 10 28 -7 -2 -14 -13 16 -15 -17 19 -19 -16 -3 -23 25 27 -24 -27 -25 29 -6
right_child=12 21 3 -5 9 6 7 8 -10 -11 -12 14 13 15 20 17 -18 18 -20 -21 -22 22 23 24 -26 26 -28 -29 -30 -31
leaf_value=-0.30041771881903212 0.13434094078838826 -0.19350790701185663 -0.73480734536812342 0.0023793278325518422 -0.23068597660148665 0.46942080260487273 -0.51668387805422156 -0.16831073074912031 0.33518174679742918 -0.34052113541897311 0.20777173986554975 0.078411650423529669 -0.53461064651925516 0.52992382165650997 0.11089494414790942 -0.4716295872596985 0.012091129722451181 -0.61722623155168865 -0.031350062953247763 -0.14352005524033967 0.39619479138208069 -0.18750443387931837 0.088761850154220043 0.093793957990904661 -0.06029934997408929 0.55111733971991483 0.19567297442536802 0.43550716377794746 0.066849771353278173 -0.0013706780240883946
leaf_weight=48 168 48 48 132 252 48 60 48 72 47 144 576 47 43 114 47 449 46 4097 274 114 48 348 252 228 72 300 48 540 1584
leaf_count=48 168 48 48 132 252 48 60 48 72 47 144 576 47 43 114 47 449 46 4097 274 114 48 348 252 228 72 300 48 540 1584
internal_value=-4.54878e-11 0.037259 0.013298 -0.194204 0.0235394 0.0890172 0.107131 -0.0830381 0.133785 -0.00400877 0.00226746 0.147307 -0.037259 -0.0430213 0.128076 -0.0383594 0.0573489 -0.0489079 -0.0444098 -0.211615 0.253545 0.105487 0.116561 0.128256 0.0583185 0.179544 0.264469 0.148468 -0.0101873 -0.0328453
internal_weight=10342 5171 3827 180 3647 1080 1032 180 120 2567 2520 852 5171 5003 804 4956 492 4464 4417 320 228 1344 1296 1248 528 720 372 300 2376 1836
internal_count=10342 5171 3827 180 3647 1080 1032 180 120 2567 2520 852 5171 5003 804 4956 492 4464 4417 320 228 1344 1296 1248 528 720 372 300 2376 1836
is_linear=0
shrinkage=0.05


Tree=76
num_leaves=31
num_cat=0
split_feature=11 5 23 23 9 15 23 5 12 15 0 25 7 16 18 9 23 22 0 9 23 15 23 27 13 6 13 25 18 15
split_gain=5679.93 4743.58 2937.73 6572.82 2741.03 2715.29 2475.15 2069.98 1877.65 2362.26 2170.45 2058.18 2133.87 1869.12 2714.48 2062.01 1840.44 1713.19 1615.99 1609.23 5656.18 1525.59 1516.65 2997.87 2868.54 2523.47 2136.14 2311.54 1605.22 1544.41
threshold=251.51500000000001 -0.70710678118654757 36.110416666666673 36.00833333333334 310.48500000000007 361.64000000000004 32.035416666666677 0.60355339059327384 325.10708333333338 344.79000000000002 15.500000000000002 3.8999999999999999 0.32410992729244009 373.54505952380958 323.28500000000003 334.22000000000008 36.443750000000009 13.600000000000003 21.500000000000004 307.05500000000001 21.779166666666672 341.25500000000005 22.497916666666669 0.089583333333333362 42.659814409184754 0.96904697354198299 37.396318979479872 -4.7499999999999991 311.10000000000008 351.27000000000004
decision_type=2 2 2 2 2 2 2 2 2 2 2 2 2 2 2 2 2 2 2 2 2 2 2 2 2 2 2 2 2 2
left_child=-1 19 3 4 6 -6 8 13 9 17 -11 12 -10 14 15 -7 -4 -3 -14 20 -2 -21 23 -23 26 28 27 -25 29 -24
right_child=1 2 16 -5 5 7 -8 -9 11 10 -12 -13 18 -15 -16 -17 -18 -19 -20 21 -22 22 25 24 -26 -27 -28 -29 -30 -31
leaf_value=-0.58733663500809097 0.052492004913348024 -0.19883719282372603 0.3290843449039933 -0.57634610445411116 0.082833624284356713 -0.015377218261654075 -0.42346638718757917 -0.061268684663962014 -0.33869905778801584 0.010735796888669331 0.5094315245747566 -0.42660408989297899 -0.036998709311621907 -0.094617048523453581 0.21562080302021724 0.099268427752112309 0.054756728235267949 0.037008462065002988 -0.31182125654071569 0.33596496359203704 -0.58992635239625268 -0.391189711931206 -0.14043478768629333 0.36631165325331194 -0.29526766425619527 0.35927450549271378 0.16731871528642348 -0.017662699702013365 0.013629675436497742 0.15359253059678082
leaf_weight=41 186 126 68 54 712 2068 54 1989 83 48 40 53 493 417 165 484 606 198 60 54 42 42 48 42 60 90 316 587 474 642
leaf_count=41 186 126 68 54 712 2068 54 1989 83 48 40 53 493 417 165 484 606 198 60 54 42 42 48 42 60 90 316 587 474 642
internal_value=1.99219e-11 0.00233772 -0.0172911 -0.0268331 -0.022588 -0.00865774 -0.0929629 -0.0213733 -0.0767529 0.00768633 0.237416 -0.127245 -0.102298 0.00394638 0.0190737 0.00636592 0.0824337 -0.0547093 -0.0668167 0.0609885 -0.0658482 0.0732682 0.0671032 0.0226779 0.0399739 0.104195 0.061259 0.00797629 0.0844725 0.133138
internal_weight=10342 10301 7718 7044 6990 5835 1155 5123 1101 412 88 689 636 3134 2717 2552 674 324 553 2583 228 2355 2301 1047 1005 1254 945 629 1164 690
internal_count=10342 10301 7718 7044 6990 5835 1155 5123 1101 412 88 689 636 3134 2717 2552 674 324 553 2583 228 2355 2301 1047 1005 1254 945 629 1164 690
is_linear=0
shrinkage=0.05


Tree=77
num_leaves=31
num_cat=0
split_feature=11 5 4 9 2 11 11 9 16 25 9 12 12 12 13 9 23 16 16 19 13 12 15 13 10 14 23 25 15 24
split_gain=5126.14 4281.08 2681 2392.52 1991.35 4173.83 1743.08 2089.07 1649.46 1612.57 1591.42 2968.91 1569.85 3614.1 1552.97 1606.12 3847.42 1476.48 1877.58 1449.46 1413.87 1404.03 1390.06 1327.47 4604.39 1946.94 1281.9 1186.93 4555.09 2182.73
threshold=251.51500000000001 -0.70710678118654757 -0.60355339059327362 343.89000000000004 3.5000000000000004 336.68500000000006 302.34500000000008 308.23000000000008 373.66133928571435 0.60000000000000064 330.80000000000007 374.10645833333342 342.59229166666677 349.4656250000001 10.18733216452757 308.23000000000008 21.779166666666672 371.25410714285721 363.42538690476198 420.13000000000005 34.945775785253275 390.10937500000006 455.73500000000007 42.554963238344357 422.73000000000008 300.90500000000003 13.464583333333335 -1.0999999999999959 355.28500000000003 11.877976190476192
decision_type=2 2 2 2 2 2 2 2 2 2 2 2 2 2 2 2 2 2 2 2 2 2 2 2 2 2 2 2 2 2
left_child=-1 14 4 6 5 -3 -4 12 -5 10 11 -6 -8 -14 -2 16 26 18 -11 -9 -19 27 23 25 -25 -17 -16 28 -7 -29
right_child=1 2 3 8 9 21 7 19 -10 17 -12 -13 13 -15 15 22 -18 20 -20 -21 -22 -23 -24 24 -26 -27 -28 29 -30 -31
leaf_value=-0.55796978473663328 0.28689231115066732 0.5670992901176215 0.18421099123079332 0.19251680720494024 -0.08713966775704686 -0.3436113995479213 -0.10468500951711818 0.02114795283844086 -0.012422781004581204 0.030780565463399301 0.036660826973842854 -0.50542898947993919 -0.63351890978713832 -0.013315316143891085 -0.1002142696408555 0.35458500070528964 -0.41662263835469882 0.011142150898064886 0.29882221502207579 -0.053734943987729246 -0.34415862382877443 0.33406152026284314 0.35035961107129143 0.13160906034458261 -0.38712748195443836 0.063057612598706389 0.14491623335673162 0.38251120779249403 0.051109479388083238 0.054727999913120162
leaf_weight=41 72 40 80 180 365 90 435 802 216 294 198 48 48 46 96 59 60 84 84 3327 42 42 42 110 70 1954 120 54 389 854
leaf_count=41 72 40 80 180 365 90 435 802 216 294 198 48 48 46 96 59 60 84 84 3327 42 42 42 110 70 1954 120 54 389 854
internal_value=2.09599e-10 0.00222083 -0.0164265 -0.0373331 0.0251117 0.0633522 -0.0472009 -0.0511754 0.0807316 -0.0252699 -0.0798817 -0.135754 -0.144725 -0.330015 0.057939 0.0513741 -0.0624202 0.0409362 0.0903454 -0.03919 -0.107291 0.0492515 0.0654265 0.0599695 -0.0701218 0.0716021 0.0359693 0.0406272 -0.0230552 0.0742217
internal_weight=10342 10301 7718 5134 2584 1469 4738 4658 396 1115 611 413 529 94 2583 2511 276 504 378 4129 126 1429 2235 2193 180 2013 216 1387 479 908
internal_count=10342 10301 7718 5134 2584 1469 4738 4658 396 1115 611 413 529 94 2583 2511 276 504 378 4129 126 1429 2235 2193 180 2013 216 1387 479 908
is_linear=0
shrinkage=0.05


Tree=78
num_leaves=31
num_cat=0
split_feature=11 5 17 6 2 7 6 11 9 6 10 23 6 6 0 6 18 15 6 7 6 13 10 0 18 6 7 6 24 7
split_gain=4626.34 4009.14 3563.95 10770.2 3900.17 3278.67 8242.73 2770.05 3002.51 8687 4632.55 2761.63 4332.21 3176.16 2577.47 2543.24 3451.97 2350.78 2501.58 2054.91 7237.93 2152.74 3910.95 2073.58 1956.33 2015.15 1875.07 1791.64 1779.59 2428.12
threshold=251.51500000000001 0.60355339059327384 45.46741229618474 0.54219432480460406 4.5000000000000009 -0.99761278905001471 0.01505151768384008 333.72000000000008 307.05500000000001 0.048362692321690152 342.03500000000003 21.845833333333339 -0.52766804058324157 -0.59869031648930193 12.500000000000002 0.8697513045430848 321.69000000000005 369.48500000000007 0.96904697354198299 0.94909129669788206 0.26866988313759588 40.022450996952145 422.73000000000008 8.5000000000000018 324.54000000000002 0.534952257794027 -0.96687281075841669 0.082691702092476851 27.783928571428579 -0.15950993297387572
decision_type=2 2 2 2 2 2 2 2 2 2 2 2 2 2 2 2 2 2 2 2 2 2 2 2 2 2 2 2 2 2
left_child=-1 2 4 -4 5 6 -2 -7 9 10 -9 12 13 -10 -11 19 -17 -13 28 21 27 23 -23 -14 -25 -26 -6 -21 -19 -30
right_child=1 -3 3 -5 26 7 -8 8 11 14 -12 17 15 -15 -16 16 -18 18 -20 20 -22 22 -24 24 25 -27 -28 -29 29 -31
leaf_value=-0.53007131756805792 -0.67980441163275762 -0.046712514913609886 -0.81477316582202919 0.11004189259427435 0.14844677656724611 0.22104513848215834 0.21914529920208692 -0.74292479196532835 -0.043798442490931067 -0.092511002297202757 -0.090074899450552706 0.19438493298760767 0.0049172137120378117 -0.59501730713004963 0.35121200144704851 -0.15902653165584127 0.20027851294506999 -0.006747463666026467 0.2533291855826974 -0.056117114607299783 -0.63261360307534542 0.072978790916419775 -0.38449633770148484 0.24710008350385415 0.22566165247699246 -0.23249889225699008 -0.043616234837929306 0.17175387617821494 0.065586325432293369 0.29040735654256966
leaf_weight=41 51 2986 50 85 136 242 51 61 56 60 49 449 186 49 72 313 85 767 169 203 45 259 57 414 48 48 1937 150 1088 135
leaf_count=41 51 2986 50 85 136 242 51 61 56 60 49 449 186 49 72 313 85 767 169 203 45 259 57 414 48 48 1937 150 1088 135
internal_value=-2.28068e-11 0.00210979 0.0220392 -0.232482 0.0268247 0.050303 -0.23033 0.0560222 0.0476377 -0.123948 -0.45211 0.0568223 0.0111942 -0.301034 0.14952 0.029327 -0.0822905 0.0902911 0.068643 0.0608332 -0.0354179 0.0986868 -0.00954046 0.147824 0.199944 -0.00341862 -0.0310159 0.0407119 0.0529586 0.090403
internal_weight=10342 10301 7315 135 7180 5107 102 5005 4763 242 110 4521 1913 105 132 1808 398 2608 2159 1410 398 1012 316 696 510 96 2073 353 1990 1223
internal_count=10342 10301 7315 135 7180 5107 102 5005 4763 242 110 4521 1913 105 132 1808 398 2608 2159 1410 398 1012 316 696 510 96 2073 353 1990 1223
is_linear=0
shrinkage=0.05


Tree=79
num_leaves=31
num_cat=0
split_feature=4 9 22 13 2 25 12 28 13 25 7 12 9 18 14 13 0 28 6 6 2 6 5 6 6 6 28 6 24 16
split_gain=4353.36 3600.11 6253.38 19887.4 3518.55 2905.72 4552.15 4749.73 3378.05 3417.36 3553.85 3367.41 2374.05 2784.07 2761.8 2283.64 2152.06 2073.93 2259.79 1984.37 1972.49 2639.99 1815.26 1759.23 1739.54 1689.93 4242.72 2227.63 1623.74 1976.57
threshold=0.12940952255126045 339.17000000000002 35.850000000000009 12.753971637596027 3.5000000000000004 -0.60000000000000042 321.94625000000002 0.11160714285714289 14.92357113003632 0.5999999999999962 -0.71502926860092908 388.36770833333338 321.77500000000003 77.640000000000015 310.99500000000006 22.305702013269695 20.500000000000004 0.67886904761904765 -0.73866753694953124 -0.52766804058324157 1.5000000000000002 0.534952257794027 0.1294095225512602 0.048362692321690152 -0.63921128368950708 0.78325454425165997 7.0547619047619063 0.71503381463111937 27.199702380952385 369.22538690476193
decision_type=2 2 2 2 2 2 2 2 2 2 2 2 2 2 2 2 2 2 2 2 2 2 2 2 2 2 2 2 2 2
left_child=4 2 12 -4 5 6 -1 -8 9 23 -11 15 13 -2 -14 -10 -6 -9 28 24 21 -3 -17 -7 -20 27 -27 -15 -19 -30
right_child=1 20 3 -5 16 8 7 17 11 10 -12 -13 14 25 -16 22 -18 18 19 -21 -22 -23 -24 -25 -26 26 -28 -29 29 -31
leaf_value=-0.40293189651690997 -0.40267114769953949 0.30971186354860558 -1.2606188135433265 0.041283459053374827 0.010204706764404452 0.24762003704864577 -0.44014047924250077 0.21781678790680303 -0.19835311907578956 -0.25862458485823414 0.19073440846172976 0.35777073136561521 0.1690082385833041 -0.065121514134780872 -0.023846062942704357 0.11654168778731432 -0.10175236167726659 -0.062887591255398903 -0.017598687708377841 0.015499719661542483 0.018442603782511526 -0.13317994921129536 -0.0037957215809988985 0.5712182648575459 -0.38340002779777232 -0.099907748700188828 -0.63366159217495643 0.17961418543650648 0.35105657559365799 0.0071722376977021891
leaf_weight=65 65 143 44 88 1860 91 52 156 91 52 286 91 209 1529 1661 679 558 65 65 584 572 44 582 78 65 242 44 99 117 65
leaf_count=65 65 143 44 88 1860 91 52 156 91 52 286 91 209 1529 1661 679 558 65 65 584 572 44 582 78 65 242 44 99 117 65
internal_value=3.12655e-10 -0.0352665 -0.0542932 -0.392684 0.0298399 0.064372 0.00432786 0.0269728 0.102369 0.213393 0.121602 0.0633608 -0.0426882 -0.0808597 -0.00229176 0.0435448 -0.0156315 0.0487184 0.0212685 -0.0238278 0.0645297 0.205502 0.0610013 0.396973 -0.200499 -0.0699309 -0.182024 -0.0502389 0.151628 0.228241
internal_weight=10342 4740 3981 132 5602 3184 1234 1169 1950 507 338 1443 3849 1979 1870 1352 2418 1117 961 714 759 187 1261 169 130 1914 286 1628 247 182
internal_count=10342 4740 3981 132 5602 3184 1234 1169 1950 507 338 1443 3849 1979 1870 1352 2418 1117 961 714 759 187 1261 169 130 1914 286 1628 247 182
is_linear=0
shrinkage=0.05


Tree=80
num_leaves=31
num_cat=0
split_feature=5 13 13 11 11 9 23 2 22 28 15 0 9 10 19 7 12 25 10 23 13 25 13 12 13 14 13 9 23 17
split_gain=4064.39 2231.23 3273.99 12116.2 3481.21 3059.45 9415.23 2862.66 2729.63 2679.64 2208.95 2148.82 2017 1936.84 1827.09 1618.11 1547.6 1493.72 1478.12 2337.18 1923.75 1457.72 1349.38 1325.99 1282.89 1302.1 2588.16 1745.99 4734.74 1269.12
threshold=-0.5 10.322301615318512 12.273067053899736 307.86500000000007 300.34000000000009 331.61000000000007 32.216666666666676 1.0000000180025095e-35 32.500000000000007 0.39345238095238094 456.68500000000006 11.500000000000002 322.52000000000004 308.37500000000006 448.46000000000009 0.04621408538533487 376.36166666666674 -0.84999999999999776 421.88500000000005 23.687500000000004 37.092153736074522 -6.6499999999999995 40.121445836053603 390.21750000000003 10.322301615318512 280.24000000000007 43.348748382654456 308.23000000000008 21.779166666666672 38.510675973285949
decision_type=2 2 2 2 2 2 2 2 2 2 2 2 2 2 2 2 2 2 2 2 2 2 2 2 2 2 2 2 2 2
left_child=10 -2 3 -3 -4 6 9 8 13 -5 11 18 16 -6 21 -15 29 -17 20 -20 -1 -14 -23 -16 -13 -26 27 28 -27 -9
right_child=1 2 4 5 7 -7 -8 12 -10 -11 -12 24 14 15 23 17 -18 -19 19 -21 -22 22 -24 -25 25 26 -28 -29 -30 -31
leaf_value=-0.035728612346880372 0.13305721491841335 -0.7831495151858634 0.3910533830523491 -0.30923926702602522 -0.23541448650800667 0.17740844782027934 -0.82224204741245099 -0.086935956113485716 0.47673493916897675 0.021536884768052947 0.38115097234646478 0.28087024271130628 -0.19611017365008593 -0.098938130310764816 -0.10999953033619531 -0.020093686626766062 -0.3069984738031053 0.27637185591472579 -0.4373019369468093 0.053796118307620926 0.10722695383085655 0.0036401302996880987 0.096348598288653498 0.091556052025407564 0.23055961962450633 0.050633225886884972 -0.32104453866059585 0.079519363453646477 -0.52796813326577341 -0.0092096731410356864
leaf_weight=853 224 65 52 76 46 108 43 1393 46 315 48 70 80 66 544 61 64 140 50 47 325 2153 480 96 110 165 45 1689 45 843
leaf_count=853 224 65 52 76 46 108 43 1393 46 315 48 70 80 66 544 61 64 140 50 47 325 2153 480 96 110 165 45 1689 45 843
internal_value=1.20294e-10 -0.0221625 -0.0273745 -0.138087 -0.0162922 -0.0607276 -0.119987 -0.0198155 0.117095 -0.0427572 0.0443314 0.0395749 -0.0285102 0.0642408 -0.00377413 0.115867 -0.0645711 0.1864 -0.0117368 -0.199347 0.00371159 0.0141525 0.020541 -0.0797662 0.0703765 0.0632029 0.0537331 0.0626141 -0.0733528 -0.0576322
internal_weight=10342 6895 6671 607 6064 542 434 6012 359 391 3447 3399 5653 313 3353 267 2300 201 1275 97 1178 2713 2633 640 2124 2054 1944 1899 210 2236
internal_count=10342 6895 6671 607 6064 542 434 6012 359 391 3447 3399 5653 313 3353 267 2300 201 1275 97 1178 2713 2633 640 2124 2054 1944 1899 210 2236
is_linear=0
shrinkage=0.05


Tree=81
num_leaves=31
num_cat=0
split_feature=11 11 5 17 6 2 7 6 9 6 22 11 23 6 6 15 13 18 28 12 17 6 6 15 22 13 10 7 24 22
split_gain=4100.85 3981.67 3820.55 3009.37 9483.8 3161.81 2820.36 6860.67 2226.65 7169.98 4678.63 2323.45 2605.2 3999.32 2637.7 2270.11 3063.58 3791.28 4046.13 2719.06 2138.22 2209.99 2220.9 1971.3 1909.04 1860.92 3920.06 1812.64 1711.91 1658.39
threshold=251.51500000000001 300.34000000000009 0.60355339059327384 45.46741229618474 0.54219432480460406 4.5000000000000009 -0.99761278905001471 0.01505151768384008 307.05500000000001 0.048362692321690152 12.500000000000002 337.78000000000003 21.845833333333339 -0.52766804058324157 -0.59869031648930193 447.92000000000002 24.514388501824918 316.29500000000002 0.14702380952380953 337.5870833333334 26.018330773267571 0.96904697354198299 -0.66528616069191593 401.93000000000006 33.600000000000001 41.021011064884625 418.89500000000004 -0.84313311835787952 27.963690476190475 19.150000000000002
decision_type=2 2 2 2 2 2 2 2 2 2 2 2 2 2 2 2 2 2 2 2 2 2 2 2 2 2 2 2 2 2
left_child=-1 -2 3 5 -5 6 7 -3 9 10 -8 -10 13 14 -13 16 17 18 -15 -20 -14 22 23 -22 -24 -18 -27 -4 -25 -17
right_child=1 2 27 4 -6 -7 8 -9 11 -11 -12 12 20 15 -16 29 25 -19 19 -21 21 -23 24 28 -26 26 -28 -29 -30 -31
leaf_value=-0.49905936892439684 0.49373663838316761 -0.62539856305309371 0.044236928595440622 -0.76089156877994535 0.10693650619072073 -0.028291210444994913 -0.10815521226349203 0.19473212838136392 0.1910068437927267 0.12309074069913367 -0.74578021455044841 -0.05282837428152562 0.37927348381381926 -0.59483009783105689 -0.57173654061431689 -0.027878014173577815 0.10756472961627639 0.16720325508528228 0.083488309965652277 -0.22468994061559122 0.24076612010469725 0.22610480035570535 -0.036012093024078672 0.00070485105505213152 0.095494335419025286 0.055680353608257419 -0.49640751250269938 -0.064675910977021731 0.14143631343628241 -0.40505688340202267
leaf_weight=41 41 51 451 50 85 2072 66 51 309 169 51 50 59 46 48 68 977 121 127 164 232 220 746 400 438 149 41 2498 470 51
leaf_count=41 41 51 451 50 85 2072 66 51 309 169 51 50 59 46 48 68 977 121 127 164 232 220 746 400 438 149 41 2498 470 51
internal_value=-1.35317e-10 0.00198635 2.127e-05 0.0193992 -0.214481 0.0237992 0.0449456 -0.215333 0.0502531 -0.0852122 -0.386094 0.0584684 0.0491753 0.0038107 -0.306987 0.0212753 0.0367124 -0.0728749 -0.159075 -0.0901929 0.081753 0.0747483 0.0601821 0.111266 0.0126364 0.079721 -0.0634544 -0.0480195 0.0767322 -0.189526
internal_weight=10342 10301 10260 7311 135 7176 5104 102 5002 286 117 4716 4407 1842 98 1744 1625 458 337 291 2565 2506 2286 1102 1184 1167 190 2949 870 119
internal_count=10342 10301 10260 7311 135 7176 5104 102 5002 286 117 4716 4407 1842 98 1744 1625 458 337 291 2565 2506 2286 1102 1184 1167 190 2949 870 119
is_linear=0
shrinkage=0.05


Tree=82
num_leaves=31
num_cat=0
split_feature=4 9 22 13 2 25 15 16 15 13 17 13 12 13 18 11 9 7 13 27 24 13 25 14 16 28 27 15 7 17
split_gain=3776.86 3051.4 5582.41 17247 2854.69 2529.66 3921.91 3308.44 3232.28 2788.95 2922.75 3317.97 2888.75 2181.75 2050.62 2821.41 2396.58 2977.27 3158.44 2802.16 2255.92 1980.52 1876.93 1887.31 1885.51 1807.8 3093.38 2317 2065.04 2381.34
threshold=0.12940952255126045 339.17000000000002 35.850000000000009 12.753971637596027 3.5000000000000004 -0.60000000000000042 355.28500000000003 359.83952380952383 367.18000000000006 14.92357113003632 41.19961840446782 12.597542009912422 388.36770833333338 43.225061852357669 77.640000000000015 300.34000000000009 308.23000000000008 -0.40613878790836594 18.273746863849635 3.1791666666666676 14.495535714285717 22.305702013269695 1.6999999999999977 330.43500000000006 374.74690476190477 4.7017857142857151 0.38125000000000003 407.48500000000007 -0.6391983530350368 37.003208708426314
decision_type=2 2 2 2 2 2 2 2 2 2 2 2 2 2 2 2 2 2 2 2 2 2 2 2 2 2 2 2 2 2
left_child=4 2 14 -4 5 6 7 -1 -8 10 11 -7 21 -10 -2 -16 17 18 -17 -19 -21 -11 23 24 -6 26 -23 -28 -27 -30
right_child=1 -3 3 -5 22 9 8 -9 13 12 -12 -13 -14 -15 15 16 -18 19 -20 20 -22 25 -24 -25 -26 28 27 -29 29 -31
leaf_value=-0.060654502213522268 -0.29654418421529333 0.059028175716964483 -1.1783533569764006 0.034046655559954661 -0.057236841824119179 0.14809549573704706 0.30724937026747146 -0.49087252673907927 0.036420971039908566 -0.18471867900628311 -0.086311412927431941 0.44306956136768516 0.33159099698557959 -0.2415917585228945 0.36382161617617714 -0.67851043950067835 -0.023235563510030428 0.070009326438831038 -0.092030045322396545 -0.12182522692935581 -0.52326866977436592 0.41023354190282335 0.05571038182758932 0.057482163454912388 -0.36433971045682068 0.1066498646980174 -0.12387380450327173 0.12560418703521675 0.14085037449559012 -0.15449417609339344
leaf_weight=143 76 759 44 88 1287 286 104 65 845 91 78 143 91 77 44 48 3234 172 44 188 43 78 702 377 52 247 117 455 91 273
leaf_count=143 76 759 44 88 1287 286 104 65 845 91 78 143 91 77 44 48 3234 172 44 188 43 78 702 377 52 247 117 455 91 273
internal_value=1.11022e-10 -0.0328485 -0.0503653 -0.370087 0.027794 0.0588982 0.00287422 -0.195098 0.0430089 0.0943514 0.195231 0.24642 0.0589073 0.013203 -0.0394006 -0.0342209 -0.0389176 -0.141374 -0.39802 -0.0827843 -0.196553 0.0405536 -0.0131638 -0.0413396 -0.0691632 0.0568104 0.114854 0.0745746 -0.00493782 -0.080658
internal_weight=10342 4740 3981 132 5602 3184 1234 208 1026 1950 507 429 1443 922 3849 3773 3729 495 92 403 231 1352 2418 1716 1339 1261 650 572 611 364
internal_count=10342 4740 3981 132 5602 3184 1234 208 1026 1950 507 429 1443 922 3849 3773 3729 495 92 403 231 1352 2418 1716 1339 1261 650 572 611 364
is_linear=0
shrinkage=0.05


Tree=83
num_leaves=31
num_cat=0
split_feature=11 11 5 17 6 2 7 6 11 9 24 18 23 6 6 15 13 18 14 9 6 6 7 8 0 7 13 10 28 22
split_gain=3744.36 3475.41 3479.75 2584.36 8343.04 2726.65 2490.28 5995.58 2093.06 2284.26 7131.63 2148.2 2076.05 3362.31 2598.38 2160.48 2543.05 3183.77 4053.35 1887.16 1931.85 1768.08 1628.76 1586.55 1675.19 1585.68 1558.87 3687.98 1485.69 1478.7
threshold=251.51500000000001 300.34000000000009 0.60355339059327384 45.46741229618474 0.54219432480460406 4.5000000000000009 -0.99761278905001471 0.01505151768384008 333.72000000000008 307.05500000000001 15.179761904761905 228.29500000000004 21.845833333333339 -0.52766804058324157 -0.59869031648930193 447.92000000000002 24.514388501824918 316.29500000000002 318.97500000000008 308.64500000000004 0.96904697354198299 0.69056404122701587 -0.96687281075841669 1.0000000180025095e-35 5.5000000000000009 -0.84313311835787952 41.021011064884625 418.89500000000004 0.39345238095238094 19.150000000000002
decision_type=2 2 2 2 2 2 2 2 2 2 2 2 2 2 2 2 2 2 2 2 2 2 2 2 2 2 2 2 2 2
left_child=-1 -2 3 5 -5 6 7 -3 23 10 11 -10 13 14 -11 16 17 18 28 -14 21 -21 -7 24 -8 -4 -18 -28 -15 -17
right_child=1 2 25 4 -6 22 8 -9 9 12 -12 -13 19 15 -16 29 26 -19 -20 20 -22 -23 -24 -25 -26 -27 27 -29 -30 -31
leaf_value=-0.47687485508802463 0.46132367504079169 -0.58564521784108936 0.040501797065849186 -0.71067638570815328 0.10328666214557257 0.14151804892702358 0.16330718089314833 0.18103750760794857 -0.16386940119377638 -0.033937672193029095 -0.50322800475435381 0.21318916870369797 0.3451993827009574 -0.25714334485782014 -0.53250539503155314 -0.028837961670668689 0.10271837845261363 0.15674873630974503 -0.44399323968625648 0.077224390974924853 0.21190986104648221 -0.036646163343221898 -0.037489619429254148 -0.079554036733779046 0.49271720310427114 -0.061364695957086927 0.058676814940699845 -0.4728318771211113 0.021872820784810232 -0.38499747104212351
leaf_weight=41 41 51 451 50 85 136 142 51 59 56 78 105 64 62 49 68 1011 126 82 1909 220 415 1936 44 53 2498 160 41 207 51
leaf_count=41 41 51 451 50 85 136 142 51 59 56 78 105 64 62 49 68 1011 126 82 1909 220 415 1936 44 53 2498 160 41 207 51
internal_value=-1.84433e-10 0.00189806 6.21439e-05 0.0185556 -0.198181 0.022633 0.0422704 -0.202304 0.0472577 0.0400126 -0.10965 0.07754 0.0480237 0.00846263 -0.266603 0.0244371 0.038945 -0.0588518 -0.136247 0.0770422 0.0702961 0.0568904 -0.0257401 0.191645 0.252839 -0.0457859 0.0774344 -0.0497404 -0.0424357 -0.181478
internal_weight=10342 10301 10260 7311 135 7176 5104 102 5002 4763 242 164 4521 1913 105 1808 1689 477 351 2608 2544 2324 2072 239 195 2949 1212 201 269 119
internal_count=10342 10301 10260 7311 135 7176 5104 102 5002 4763 242 164 4521 1913 105 1808 1689 477 351 2608 2544 2324 2072 239 195 2949 1212 201 269 119
is_linear=0
shrinkage=0.05


Tree=84
num_leaves=31
num_cat=0
split_feature=5 4 9 2 11 25 13 13 11 11 18 24 22 28 13 13 23 29 28 9 16 9 12 24 25 0 9 12 12 10
split_gain=3557.1 2216.16 2204.8 1789.43 1962.3 1399.2 1361.47 3015.64 10085.8 2564.18 1852.61 1619.31 4322.38 1752.6 1274.74 2125.85 1871.18 1271.96 1794.14 1326.98 1221.11 1339.59 1852 1200.72 1169.12 1128.43 1120.27 1437.02 1281.4 1068.58
threshold=-0.70710678118654757 -0.37940952255126065 346.82000000000005 3.5000000000000004 323.16500000000008 1.6999999999999977 10.18733216452757 12.273067053899736 307.86500000000007 300.34000000000009 305.20000000000005 36.212202380952384 30.300000000000004 0.39345238095238094 33.564592187906605 38.136688890352595 22.443750000000005 7.2949404761904768 0.043154761904761883 306.17000000000002 374.4775297619048 305.64500000000004 342.59229166666677 22.859226190476196 2.199999999999998 11.500000000000002 343.89000000000004 358.23187500000006 357.73145833333348 421.88500000000005
decision_type=2 2 2 2 2 2 2 2 2 2 2 2 2 2 2 2 2 2 2 2 2 2 2 2 2 2 2 2 2 2
left_child=17 3 6 4 -2 14 10 8 -8 -9 -3 12 13 -10 -5 16 -16 18 -1 -20 21 22 -11 -22 -7 29 27 28 -23 -21
right_child=1 2 -4 5 -6 24 7 9 11 20 -12 -13 -14 -15 15 -17 -18 -19 19 25 23 26 -24 -25 -26 -27 -28 -29 -30 -31
leaf_value=-0.22476927886406581 0.3876933560396234 0.37776135436513208 0.12507468788799914 -0.017097056696520133 0.041661843707259491 0.22728123261605379 -0.76543484026145547 0.31944148060679439 -0.31743938723143117 -0.08058504886114537 -0.019596443679289557 0.22350845781154929 -0.54198784261941912 0.016446765149788309 -0.12547878298553683 -0.0042579495541557868 -0.45921514498335975 0.2783105112115542 -0.092169787106414644 0.035139510661125195 -0.30582379406535787 0.0041151240484598225 -0.44005268811967907 -0.080325928159985738 0.0089494313837409616 0.085964829958770611 0.14137358613067655 -0.054680364232515079 0.27904752560637219 -0.1371575482332936
leaf_weight=60 42 44 198 595 1672 77 62 50 47 193 88 40 50 240 105 154 70 60 150 668 77 1152 44 253 301 1544 99 2059 44 104
leaf_count=60 42 44 198 595 1672 77 62 50 47 193 88 40 50 240 105 154 70 60 150 668 77 1152 44 253 301 1544 99 2059 44 104
internal_value=1.18756e-10 -0.0169321 -0.0382517 0.0165741 0.050141 -0.0276147 -0.0453716 -0.0501076 -0.174461 -0.0363602 0.112856 -0.0772718 -0.112973 -0.0382315 -0.0607671 -0.139745 -0.258973 0.0507833 0.0453788 0.0519518 -0.0408973 -0.0324387 -0.147322 -0.132942 0.0534244 0.0612861 -0.0243209 -0.0293604 0.0142297 0.0119285
internal_weight=10342 7756 4740 3016 1714 1302 4542 4410 439 3971 132 377 337 287 924 329 175 2586 2526 2466 3921 3591 237 330 378 2316 3354 3255 1196 772
internal_count=10342 7756 4740 3016 1714 1302 4542 4410 439 3971 132 377 337 287 924 329 175 2586 2526 2466 3921 3591 237 330 378 2316 3354 3255 1196 772
is_linear=0
shrinkage=0.05


Tree=85
num_leaves=31
num_cat=0
split_feature=11 11 5 17 25 2 7 25 11 9 24 18 23 6 6 6 18 24 15 7 6 15 17 10 0 15 8 13 7 12
split_gain=3433.72 3081.96 2958.91 2300.16 7673.71 2346.92 2237.04 5661.75 1920.72 1977.76 6374.84 1960.16 1857.36 3039.57 2346.58 1953.8 2603.69 1781.17 1841.91 1547.54 5329.77 1533.24 2146.61 2927.07 1866.54 1599.09 1457.57 1500.74 1444.43 1395.34
threshold=251.51500000000001 300.34000000000009 0.60355339059327384 45.46741229618474 1.1000000000000008 4.5000000000000009 -0.99761278905001471 0.50000000000000189 333.72000000000008 307.05500000000001 15.179761904761905 228.29500000000004 21.845833333333339 -0.52766804058324157 -0.59869031648930193 0.8697513045430848 321.69000000000005 20.999702380952385 384.18000000000006 0.94909129669788206 0.26866988313759588 428.49500000000006 37.300787137782258 422.73000000000008 8.5000000000000018 432.75000000000006 1.0000000180025095e-35 14.560010513276842 -0.96687281075841669 353.33500000000009
decision_type=2 2 2 2 2 2 2 2 2 2 2 2 2 2 2 2 2 2 2 2 2 2 2 2 2 2 2 2 2 2
left_child=-1 -2 3 5 -5 6 7 -3 26 10 11 -10 13 14 -11 19 -17 -14 -19 21 -21 24 -23 25 -15 -24 27 -8 -7 -20
right_child=1 2 -4 4 -6 28 8 -9 9 12 -12 -13 17 15 -16 16 -18 18 29 20 -22 22 23 -25 -26 -27 -28 -29 -30 -31
leaf_value=-0.45666516234235072 0.43445637050743513 0.17991843466446097 -0.042189122960749899 -0.56710244175880697 0.18685660689850064 0.13361953789751757 0.47398184011964234 -0.5651139932903736 -0.15588863428082256 -0.033397857871438778 -0.47437620283319398 0.20428963243872636 0.24806232991737917 -0.019318072065724046 -0.5071929944774175 -0.14225806929171086 0.16979243639637442 0.14900675258466176 -0.16381462553981693 0.031632978575193343 -0.54615966406133443 0.10831365503937654 0.18484530073919281 -0.41013614781971636 0.18945400635471366 -0.16337043023377193 -0.077691721459004021 0.15835524496829345 -0.03495437136500322 0.049348041005790058
leaf_weight=41 41 51 2949 67 68 136 51 51 59 56 78 105 136 143 49 313 85 490 80 353 45 253 68 58 426 64 44 144 1936 1902
leaf_count=41 41 51 2949 67 68 136 51 51 59 56 78 105 136 143 49 313 85 490 80 353 45 253 68 58 426 64 44 144 1936 1902
internal_value=-1.85738e-10 0.00181762 8.87484e-05 0.0171422 -0.18733 0.0209888 0.0392075 -0.192598 0.0439345 0.036994 -0.102266 0.0747133 0.0444483 0.00702888 -0.254502 0.0222174 -0.0756141 0.0718959 0.0622039 0.0498322 -0.0336953 0.082682 0.0129328 -0.114074 0.136986 0.0160134 0.18225 0.240904 -0.0238897 0.0407441
internal_weight=10342 10301 10260 7311 135 7176 5104 102 5002 4763 242 164 4521 1913 105 1808 398 2608 2472 1410 398 1012 443 190 569 132 239 195 2072 1982
internal_count=10342 10301 10260 7311 135 7176 5104 102 5002 4763 242 164 4521 1913 105 1808 398 2608 2472 1410 398 1012 443 190 569 132 239 195 2072 1982
is_linear=0
shrinkage=0.05


Tree=86
num_leaves=31
num_cat=0
split_feature=4 13 22 16 18 5 22 9 6 16 2 12 13 13 9 11 17 6 9 6 13 28 7 2 10 10 24 9 16 17
split_gain=3173.09 2543.14 8149.18 6192.22 2360.71 2163.8 2290.63 2023.39 1697.74 1676.82 1531.52 1848.93 1490.75 3143.77 2313.04 1826.83 1439.29 1310.3 2265.92 1824.07 1916 1264.96 3964.75 1414.61 1248.8 1225.42 1159.38 1250.28 1443.48 1223.08
threshold=0.12940952255126045 12.386566716141798 35.850000000000009 342.87892857142862 164.73500000000004 -0.3794095225512602 34.70000000000001 346.82000000000005 0.17646842360078763 374.74690476190477 3.5000000000000004 388.36770833333338 12.690054366152227 12.865384578260773 299.45000000000005 302.34500000000008 41.131176914083262 0.082691702092476851 312.06500000000005 -0.861146256326485 39.253840942439531 5.3080357142857153 -0.099822328936730861 1.0000000180025095e-35 339.15500000000003 348.63500000000005 24.523214285714285 343.89000000000004 361.45803571428581 46.354287850065255
decision_type=2 2 2 2 2 2 2 2 2 2 2 2 2 2 2 2 2 2 2 2 2 2 2 2 2 2 2 2 2 2
left_child=5 2 3 -2 -5 -1 9 12 -8 10 11 16 -3 -14 -15 -16 17 19 -19 20 24 22 25 -24 -7 -17 -23 28 29 -28
right_child=1 7 -4 4 -6 6 8 -9 -10 -11 -12 -13 13 14 15 21 -18 18 -20 -21 -22 26 23 -25 -26 -27 27 -29 -30 -31
leaf_value=0.064791557523537602 -0.63637703702200299 0.15740549916232174 -0.65072077426946529 0.33891544387760492 -0.045199425647204576 0.088000975981476201 0.081311557398223114 0.13971506971724784 0.42634569376707082 -0.1475094400122072 -0.044411117076624637 0.33492743751655024 -0.44948960477486255 -0.3848227605837482 0.28002583086490634 -0.21003849119879306 -0.097420793036664177 0.27062079133465888 0.042503236596930553 -0.092943048780988455 -0.091569742036517715 0.14852829124411623 0.15882881696081974 -0.046672630832716985 0.46509842540891405 -0.58475547924637794 0.056442768070976951 0.19132973615612303 -0.056558886581419922 -0.22849612478865311
leaf_weight=2154 43 110 66 44 440 46 328 198 40 216 1256 48 44 44 50 48 224 128 728 328 64 132 88 1731 42 40 644 77 901 40
leaf_count=2154 43 110 66 44 440 46 328 198 40 216 1256 48 44 44 50 48 224 128 728 328 64 132 88 1731 42 40 644 77 901 40
internal_value=-1.52036e-10 -0.0301087 -0.12696 -0.0613656 -0.0102799 0.0254757 0.000914759 -0.0162594 0.118815 -0.0131721 -0.00304046 0.0292739 -0.0240799 -0.02928 -0.024408 -0.0201803 0.0198692 0.0395346 0.0766143 -0.0265908 0.11659 -0.024236 -0.0525881 -0.0367308 0.267979 -0.380364 0.00590182 -0.00542591 -0.0149844 0.0397797
internal_weight=10342 4740 593 527 484 5602 3448 4147 368 3080 2864 1608 3949 3839 3795 3751 1560 1336 856 480 152 3701 1907 1819 88 88 1794 1662 1585 684
internal_count=10342 4740 593 527 484 5602 3448 4147 368 3080 2864 1608 3949 3839 3795 3751 1560 1336 856 480 152 3701 1907 1819 88 88 1794 1662 1585 684
is_linear=0
shrinkage=0.05


Tree=87
num_leaves=31
num_cat=0
split_feature=11 11 5 9 7 13 13 16 2 16 25 13 17 13 14 15 0 7 26 25 29 17 15 11 12 6 7 24 2 9
split_gain=3112.45 2718.45 2598.59 2091.56 5332.63 1969.79 2729.07 5675.64 2239.01 3152.14 2498.21 2203.87 3881.41 2446.05 1982.07 1564.75 1552.52 1950.56 1513.32 1583.26 1470.09 1456.33 1460.21 1421.17 2450.46 1812.55 1311.9 1234.21 1216.91 1890.42
threshold=251.51500000000001 300.34000000000009 0.60355339059327384 334.13500000000005 -0.99761278905001471 10.790393427095889 11.482999848160668 359.83952380952383 1.0000000180025095e-35 341.50383928571438 -1.0999999999999999 37.162828750675423 44.509941609998144 38.307152543724023 280.24000000000007 445.35000000000008 10.500000000000002 0.29958852271690523 0.050000000000000051 -5.8500000000000005 1.0000000180025095e-35 45.81161926007686 432.38500000000005 341.00500000000005 344.36812500000002 -0.55657520495441892 -0.84313311835787952 24.892857142857146 3.5000000000000004 340.185
decision_type=2 2 2 2 2 2 2 2 2 2 2 2 2 2 2 2 2 2 2 2 2 2 2 2 2 2 2 2 2 2
left_child=-1 -2 3 4 -3 -6 7 -7 9 -8 -11 14 13 16 -10 -15 -13 -18 -5 -20 -12 22 23 -16 25 -25 -4 -22 -21 -30
right_child=1 2 26 18 5 6 8 -9 11 10 20 12 -14 15 21 -17 17 -19 19 28 27 -23 -24 24 -26 -27 -28 -29 29 -31
leaf_value=-0.43477715079377338 0.40805505067110065 -0.50863051453934005 0.038972290818416362 -0.17043218076475622 0.1325069672960256 0.062281998501104469 -0.27527165627479555 -0.55057499536915733 0.23115568537922468 -0.14059180150281136 0.37664123287940598 0.047041282630883731 -0.3922369823005854 0.039772479213402823 -0.004098797822578778 -0.18268458676036625 0.56129849855601788 0.16319931329693646 -0.16697293546269923 0.11446925710298009 0.19129572287935206 0.16133577809395161 0.21579710764481741 -0.44870136500052782 -0.057544598408229508 -0.14153454605537127 -0.053683514949333246 -0.048543757978169358 0.099766751409453513 -0.060707223660027149
leaf_weight=41 41 51 451 68 287 85 50 68 68 67 83 91 51 1341 897 84 50 80 68 1018 254 85 51 69 1371 158 2498 68 425 323
leaf_count=41 41 51 451 68 287 85 50 68 68 67 83 91 51 1341 897 84 50 80 68 1018 254 85 51 69 1371 158 2498 68 425 323
internal_value=7.21776e-11 0.0017305 0.000106784 0.0160882 0.000229605 0.00507318 -0.00213911 -0.210099 0.00433056 0.102234 0.142224 -0.00729491 0.0373523 0.0506628 -0.0353669 0.0266592 0.205437 0.316314 0.0611875 0.0697753 0.189011 -0.0422554 -0.0490524 -0.0544662 -0.0827387 -0.234902 -0.0395134 0.140646 0.0788914 0.0304712
internal_weight=10342 10301 10260 7311 5409 5358 5071 153 4918 522 472 4396 1697 1646 2699 1425 221 130 1902 1834 405 2631 2546 2495 1598 227 2949 322 1766 748
internal_count=10342 10301 10260 7311 5409 5358 5071 153 4918 522 472 4396 1697 1646 2699 1425 221 130 1902 1834 405 2631 2546 2495 1598 227 2949 322 1766 748
is_linear=0
shrinkage=0.05


Tree=88
num_leaves=31
num_cat=0
split_feature=4 11 9 0 2 25 12 28 13 25 7 12 28 6 9 25 13 2 9 13 14 14 23 12 28 27 15 22 25 23
split_gain=2868.69 2521.59 1996.06 1954.49 1674.56 2323.5 3571.43 3565.71 1974.79 2550.44 2947.61 2247.93 1812.24 2078.62 1534.53 1849.26 1927.83 3569.23 1647.59 1512 1470.17 1602.93 1482.11 1495.05 1442.34 2604.17 1834.64 1702.88 1400.67 3093.23
threshold=0.12940952255126045 300.34000000000009 346.82000000000005 22.500000000000004 3.5000000000000004 -0.60000000000000042 321.94625000000002 0.11160714285714289 14.92357113003632 0.5999999999999962 -0.71502926860092908 388.36770833333338 0.67886904761904765 -0.73866753694953124 308.23000000000008 3.2999999999999985 13.021684273779085 1.0000000180025095e-35 305.64500000000004 22.305702013269695 308.23000000000008 299.28500000000003 16.972916666666674 387.37125000000009 4.7017857142857151 0.38125000000000003 407.48500000000007 25.300000000000004 1.7000000000000004 36.00833333333334
decision_type=2 2 2 2 2 2 2 2 2 2 2 2 2 2 2 2 2 2 2 2 2 2 2 2 2 2 2 2 2 2
left_child=3 -2 14 4 5 6 -1 -8 9 -7 -11 19 -9 -14 15 16 17 -3 -18 -10 21 -15 -22 -24 25 -21 -27 -26 -16 -30
right_child=1 2 -4 -5 -6 8 7 12 11 10 -12 -13 13 20 28 -17 18 -19 -20 24 22 -23 23 -25 27 26 -28 -29 29 -31
leaf_value=-0.37380310829728841 -0.35628549394936398 -0.52314229746038721 0.13079162644730374 -0.078074196041097083 9.9174299490793313e-05 0.34633364177380621 -0.39871494879480451 0.20667167765398822 -0.15985371563361872 -0.26169202908252681 0.16425884418528192 0.31223381429555874 0.14556639030649279 -0.071229269175479823 -0.0040394342343217883 -0.37167066077045247 -0.10059873118957199 -0.0072671610028728064 0.13690201705399932 0.39584646303943982 -0.25951981654479389 0.27869344008051689 0.0096819544978995614 -0.24069762555226473 -0.14598394512302346 -0.10850264521453667 0.12255818874663896 0.053264592398135441 -0.053629236086644431 -0.48258685837923132
leaf_weight=60 58 60 198 431 2232 156 48 144 84 48 264 84 228 60 2998 61 189 76 119 72 84 72 372 71 144 108 420 420 937 44
leaf_count=60 58 60 198 431 2232 156 48 144 84 48 264 84 228 60 2998 61 189 76 119 72 84 72 372 71 144 108 420 420 937 44
internal_value=1.99432e-11 -0.0286281 -0.0245691 0.024223 0.0327494 0.0575453 0.00165761 0.0225359 0.0929098 0.181263 0.0987279 0.0618667 0.0421479 0.0154383 -0.0314294 -0.113534 -0.0780691 -0.234859 -0.00883708 0.0450151 -0.0295832 0.119638 -0.0669592 -0.0304466 0.0597994 0.113762 0.0752957 0.00239263 -0.021009 -0.0728689
internal_weight=10342 4740 4682 5602 5171 2939 1139 1079 1800 468 312 1332 1031 887 4484 505 444 136 308 1248 659 132 527 443 1164 600 528 564 3979 981
internal_count=10342 4740 4682 5602 5171 2939 1139 1079 1800 468 312 1332 1031 887 4484 505 444 136 308 1248 659 132 527 443 1164 600 528 564 3979 981
is_linear=0
shrinkage=0.05


Tree=89
num_leaves=31
num_cat=0
split_feature=5 4 9 23 23 6 18 16 11 13 11 9 18 19 10 29 28 18 16 29 9 14 24 22 23 24 28 14 9 23
split_gain=2781.68 1580.6 1587.55 1349.41 1926.35 1809.92 1265.76 1140.03 4205.99 1394.12 4248.8 1712.64 1598.93 1377.31 1143.39 1111.39 1496.78 1076.43 2341.77 1620.95 2403.22 1569.46 1462.12 1551.56 1178.39 1142.53 1306.43 1224.4 1026.01 3918.08
threshold=-0.70710678118654757 -0.37940952255126065 346.82000000000005 32.720833333333346 32.035416666666677 -0.66528616069191593 77.640000000000015 342.42065476190481 303.74500000000006 10.607254350858371 300.34000000000009 308.23000000000008 305.20000000000005 420.76000000000005 403.97000000000008 7.2949404761904768 0.043154761904761883 316.29500000000002 371.35380952380962 1.0764880952380953 333.01000000000005 300.90500000000003 29.92113095238096 30.300000000000004 11.650000000000002 10.784523809523812 0.1357142857142857 314.39000000000004 307.05500000000001 21.779166666666672
decision_type=2 2 2 2 2 2 2 2 2 2 2 2 2 2 2 2 2 2 2 2 2 2 2 2 2 2 2 2 2 2
left_child=15 3 6 4 17 -6 -3 8 -8 12 -11 13 -9 -12 -13 16 -1 21 19 -19 -21 24 25 -24 -2 -23 -27 -28 29 -18
right_child=1 2 -4 -5 5 -7 7 9 -10 10 11 14 -14 -15 -16 -17 28 18 -20 20 -22 22 23 -25 -26 26 27 -29 -30 -31
leaf_value=-0.20689174124350151 0.31992822590911268 -0.24135631595395113 0.10561299052258784 0.088617703926391622 -0.46542732974603063 -0.041687202136520121 0.49247403182089333 0.35446713048626077 -0.011373664823454768 -0.53346377160814074 -0.42599708020154925 -0.03192813947760946 0.0064278713907256271 -0.11655308375954627 -0.30079680459573865 0.25758965786236032 0.052114480920135979 0.039155424610093359 -0.022369992741967427 0.57329696745288616 0.14443796379681753 0.17661262343255138 0.30549228740116907 -0.086840393500668675 0.049973855793750264 -0.25388486948977046 -0.00084615477777939905 -0.099476615143922587 0.055389315860995381 -0.49195258441780298
leaf_weight=60 49 76 198 497 42 63 46 44 416 45 42 3451 132 250 40 60 156 119 335 49 98 56 63 42 231 77 756 539 2268 42
leaf_count=60 49 76 198 497 42 63 46 44 416 45 42 3451 132 250 40 60 156 119 335 49 98 56 63 42 231 77 756 539 2268 42
internal_value=1.81601e-10 -0.0149733 -0.0329781 0.0133234 -0.00153215 -0.211183 -0.0390197 -0.0355765 0.038793 -0.0441576 -0.0504838 -0.0447386 0.0934377 -0.161062 -0.0350088 0.0449082 0.0398564 0.0075869 0.0655774 0.176338 0.287391 -0.0116367 -0.0315184 0.148559 0.0972159 -0.0447594 -0.053795 -0.0418978 0.04586 -0.0632937
internal_weight=10342 7756 4740 3016 2519 105 4542 4466 462 4004 3828 3783 176 292 3491 2586 2526 2414 601 266 147 1813 1533 105 280 1428 1372 1295 2466 198
internal_count=10342 7756 4740 3016 2519 105 4542 4466 462 4004 3828 3783 176 292 3491 2586 2526 2414 601 266 147 1813 1533 105 280 1428 1372 1295 2466 198
is_linear=0
shrinkage=0.05


Tree=90
num_leaves=31
num_cat=0
split_feature=11 11 5 15 23 13 2 0 10 17 13 9 15 2 16 13 8 17 14 9 7 4 0 7 14 13 17 7 6 0
split_gain=2656.04 2841.36 2218.02 1778.29 1360.86 1923.72 2932.51 1321.87 1393.22 2335.13 1474.58 1214.88 1602.6 1678.48 1172.66 1787.63 1153.16 1122.48 1069.19 1289.6 1242.76 2700.19 1287.21 1131.97 997.978 2098.14 992.975 1625.32 968.692 1799.31
threshold=251.51500000000001 300.34000000000009 -0.5 456.68500000000006 32.720833333333346 11.555722190545973 1.0000000180025095e-35 11.500000000000002 421.88500000000005 38.357251931318892 37.092153736074522 310.48500000000007 376.99500000000006 4.5000000000000009 347.14916666666676 35.668193136313135 1.0000000180025095e-35 37.300787137782258 295.7000000000001 298.98500000000007 -0.40613878790836594 0.12940952255126045 21.500000000000004 0.94353349168649059 280.24000000000007 43.348748382654456 37.794621976946793 0.04621408538533487 -0.031173458710879235 20.500000000000004
decision_type=2 2 2 2 2 2 2 2 2 2 2 2 2 2 2 2 2 2 2 2 2 2 2 2 2 2 2 2 2 2
left_child=-1 -2 3 7 11 -6 -7 8 10 -10 -3 18 26 14 16 -16 -14 -17 -4 -20 21 -21 -22 -24 -9 -26 -13 -28 29 -15
right_child=1 2 4 -5 5 6 -8 24 9 -11 -12 12 13 28 15 17 -18 -19 19 20 22 -23 23 -25 25 -27 27 -29 -30 -31
leaf_value=-0.40163618369800291 0.41700715838772501 -0.031520247234060182 0.098367127715609973 0.33486234502245987 -0.20916965161695292 0.3275946677408435 0.026008014099271115 0.19920380860313097 0.01336484462954104 -0.48682752236723897 0.093658500004273199 -0.00066746477589333525 0.093319433013738337 -0.12044401584541078 -0.10382804812452869 0.042498594501800352 -0.15393933275783506 -0.034713067252538934 -0.34452660124031054 -0.0037613114315859031 -0.027455429161542057 -0.4497773942122093 -0.067763661189625665 -0.42790888555115086 0.052263231748661279 -0.29303565490641631 0.026063914908669317 0.2354567613452673 -0.060742546254095364 -0.49081264130771163
leaf_weight=41 41 852 80 48 76 88 959 110 56 40 325 601 372 182 592 768 54 1216 48 71 637 65 48 40 1966 45 260 144 477 40
leaf_count=41 41 852 80 48 76 88 959 110 56 40 325 601 372 182 592 768 54 1216 48 71 637 65 48 40 1966 45 260 144 477 40
internal_value=1.18652e-10 0.00159859 -6.14239e-05 0.0326577 -0.0165794 0.033725 0.0513563 0.0283837 -0.0118939 -0.195049 0.00304483 -0.0264989 -0.0159121 -0.0311169 -0.0148688 -0.027577 0.0619768 -0.00482468 -0.0768742 -0.092297 -0.0782354 -0.216931 -0.0522181 -0.231466 0.0525579 0.0445365 0.0400808 0.100699 -0.100898 -0.187177
internal_weight=10342 10301 10260 3442 6818 1123 1047 3394 1273 96 1177 5695 4706 3701 3002 2576 426 1984 989 909 861 136 725 88 2121 2011 1005 404 699 222
internal_count=10342 10301 10260 3442 6818 1123 1047 3394 1273 96 1177 5695 4706 3701 3002 2576 426 1984 989 909 861 136 725 88 2121 2011 1005 404 699 222
is_linear=0
shrinkage=0.05


Tree=91
num_leaves=31
num_cat=0
split_feature=11 11 5 6 6 24 6 13 24 24 2 12 2 23 26 11 6 6 18 10 17 16 12 18 23 16 11 17 25 6
split_gain=2397.08 2564.33 2081.2 1890.96 3503.46 2189.21 2116.95 2424.99 3305.48 4188.73 9143.94 4063.08 3621.64 2336.09 2952.24 3425.56 2293.08 1823.94 1783.22 3364.81 3485.36 2423.73 4386.3 1934.45 1782.56 1975.54 1774.69 1674.59 1544.41 1544.2
threshold=251.51500000000001 300.34000000000009 0.60355339059327384 -0.94705910369513524 -0.96689237009891416 27.783928571428579 0.031174179426909168 39.367802399925488 35.314880952380953 34.260416666666671 1.5000000000000002 376.36166666666674 3.5000000000000004 17.587500000000002 1.2354166666666668 359.75500000000005 0.26866988313759588 -0.52766804058324157 316.29500000000002 422.73000000000008 38.438477411002125 359.83952380952383 340.16000000000008 315.11000000000007 23.850000000000005 368.72892857142864 396.69500000000005 46.354287850065255 1.1000000000000008 0.77244481603295057
decision_type=2 2 2 2 2 2 2 2 2 2 2 2 2 2 2 2 2 2 2 2 2 2 2 2 2 2 2 2 2 2
left_child=-1 -2 3 4 5 -3 7 8 9 11 -11 13 -13 14 -5 -16 -8 -10 19 21 -21 27 -23 26 25 -20 -24 29 -6 -18
right_child=1 2 -4 6 28 -7 16 -9 17 10 -12 12 -14 -15 15 -17 18 -19 24 20 -22 22 23 -25 -26 -27 -28 -29 -30 -31
leaf_value=-0.38155437518910662 0.39615680546295357 -0.091034926942038338 -0.035515541379086774 -0.053089359945962027 0.45194426829324047 0.1205613189987594 0.11768789621171988 0.071928822079540364 0.34284658297604209 -0.88555064481496815 -0.11635182354927941 -0.11493627899271602 -0.64790003191606671 0.036622411575229663 -0.037326984293758872 -0.67325639426708228 0.071848221388991343 0.026979731365480059 0.18229406612614793 0.035408293771056025 -0.51013384454174726 -0.54043856067400353 -0.061380369263185589 -0.26873614000968443 0.24589134823499609 0.0096575681501572339 0.21424211935151982 -0.21807753194623919 0.10390653562019854 -0.02780629970148827
leaf_weight=41 41 204 2949 457 85 305 612 476 51 50 170 85 51 661 40 45 1104 440 204 52 67 51 224 78 119 883 79 67 51 600
leaf_count=41 41 204 2949 457 85 305 612 476 51 50 170 85 51 661 40 45 1104 440 204 52 67 51 224 78 119 883 79 67 51 600
internal_value=6.10907e-12 0.00151866 -5.83528e-05 0.0142438 0.0959916 0.0357565 0.00633394 -0.0297385 -0.0533452 -0.0889762 -0.29117 -0.0557554 -0.314798 -0.0264705 -0.103416 -0.373995 0.0283434 0.0597887 0.0128448 -0.0127735 -0.271746 0.00121543 -0.104972 -0.0466811 0.0621697 0.0420567 0.0104816 0.0271177 0.32143 0.0367586
internal_weight=10342 10301 10260 7311 645 509 6666 2526 2050 1559 220 1339 136 1203 542 85 4140 491 3528 2322 119 2203 432 381 1206 1087 303 1771 136 1704
internal_count=10342 10301 10260 7311 645 509 6666 2526 2050 1559 220 1339 136 1203 542 85 4140 491 3528 2322 119 2203 432 381 1206 1087 303 1771 136 1704
is_linear=0
shrinkage=0.05


Tree=92
num_leaves=31
num_cat=0
split_feature=4 11 11 0 9 14 13 25 6 14 6 6 12 24 13 25 18 17 12 25 25 17 25 19 6 5 13 23 29 16
split_gain=2305.18 2121.67 1871.02 1739.08 1568.26 1505.11 1569.66 2086.09 2006.4 2694.69 2004.73 2401.6 2479.81 2718.3 1942.43 2128.3 1909.7 1876.21 1588.48 1580.58 1861.44 1763.62 1899.96 1543.88 1510.49 2438.23 1503.44 1432.04 2266.09 3619.39
threshold=0.12940952255126045 300.34000000000009 303.74500000000006 22.500000000000004 346.82000000000005 237.45500000000001 43.225061852357669 -0.84999999999999776 0.94138322595482449 320.40000000000003 0.80417553764032002 0.048362692321690152 321.94625000000002 27.199702380952385 39.435818704589337 -4.7499999999999991 316.46000000000009 37.461003459720608 329.89645833333344 1.2000000000000013 4.150000000000003 34.332654413925532 -1.9499999999999991 420.76000000000005 -0.90893996196865023 0.60355339059327384 19.079579184708233 16.758333333333336 0.1017857142857143 353.23101190476194
decision_type=2 2 2 2 2 2 2 2 2 2 2 2 2 2 2 2 2 2 2 2 2 2 2 2 2 2 2 2 2 2
left_child=2 -2 -1 5 -3 23 8 -8 10 -10 11 12 -7 14 15 -14 24 -11 -17 21 -21 26 -23 -4 25 -15 -13 -20 -29 -30
right_child=1 4 3 -5 -6 6 7 -9 9 17 -12 19 13 16 -16 18 -18 -19 27 20 -22 22 -24 -25 -26 -27 -28 28 29 -31
leaf_value=0.32024025679207768 -0.32621624983590225 -0.028020329272776562 0.022339250804280814 -0.080052651729323701 0.11576974813007948 -0.36135493748297454 -0.36761222193806864 -0.0044953741692006595 0.48072679322212936 0.18576042841703855 -0.069799669521180135 0.30062977457319962 0.1844258587062359 0.29716373861002521 0.10883309769613499 0.022484222548953492 -0.027775672715232892 -0.029053954332872917 -0.060512218855958637 0.17802734497456876 -0.15543146771581279 0.14396838888074412 -0.04924184373318613 0.28968919705064899 0.050861157075851232 -0.071138194172332678 0.072354324255739497 -0.11842954523568408 -0.19390958190585178 -0.73817926426418135
leaf_weight=52 58 4484 108 411 198 48 59 120 48 216 587 94 60 179 132 139 468 192 190 464 46 165 556 108 480 60 310 178 84 48
leaf_count=52 58 4484 108 411 198 48 59 120 48 216 587 94 60 179 132 139 468 192 190 464 46 165 556 108 480 60 310 178 84 48
internal_value=1.5769e-10 -0.0256627 0.0217139 0.0189169 -0.0219395 0.0268322 0.0211642 -0.124182 0.0266484 0.126361 0.0160446 0.02966 -0.00617069 0.0022777 -0.0670782 -0.100297 0.0508327 0.0846713 -0.127032 0.0749359 0.147951 0.0418359 -0.00502591 0.156014 0.101999 0.204703 0.125468 -0.168598 -0.234843 -0.391826
internal_weight=10342 4740 5602 5550 4682 5139 4923 179 4744 456 4288 3701 2066 2018 831 699 1187 408 639 1635 510 1125 721 216 719 239 404 500 310 132
internal_count=10342 4740 5602 5550 4682 5139 4923 179 4744 456 4288 3701 2066 2018 831 699 1187 408 639 1635 510 1125 721 216 719 239 404 500 310 132
is_linear=0
shrinkage=0.05


Tree=93
num_leaves=31
num_cat=0
split_feature=5 13 13 11 11 9 23 28 2 16 23 0 23 9 16 12 17 6 6 13 17 9 22 29 28 6 13 15 17 25
split_gain=2208.41 1456.73 2285.18 9032.49 2664.85 2288.73 7125.12 2053.38 2002.46 1935.7 1380.19 1991.64 1379.67 1361.88 1648.77 1464.17 1319.11 1121.85 1079.39 1037.63 1498.87 1462.24 1036.45 977.67 1600.45 938.798 906.629 895.264 894.612 889.463
threshold=-0.70710678118654757 10.322301615318512 12.273067053899736 307.86500000000007 300.34000000000009 331.61000000000007 32.216666666666676 0.39345238095238094 1.0000000180025095e-35 341.50383928571438 22.154166666666672 4.5000000000000009 11.922916666666669 322.52000000000004 371.35380952380962 376.36166666666674 38.510675973285949 0.7090011537757156 -0.48314718476766422 38.455038718150675 26.184225389559419 302.28500000000003 23.050000000000004 7.2252976190476206 0.043154761904761883 0.89404822654372251 10.18733216452757 455.73500000000007 38.782059280923669 1.0999999999999963
decision_type=2 2 2 2 2 2 2 2 2 2 2 2 2 2 2 2 2 2 2 2 2 2 2 2 2 2 2 2 2 2
left_child=23 17 3 -3 -4 6 7 12 9 -6 11 -11 -5 15 -15 16 19 -2 -16 20 -10 -22 -20 24 -1 -9 -26 -28 -18 -13
right_child=1 2 4 5 8 -7 -8 25 13 10 -12 29 -14 14 18 -17 28 -19 22 -21 21 -23 -24 -25 26 -27 27 -29 -30 -31
leaf_value=-0.23423260057827944 0.18353717931442792 -0.6651703848073689 0.34798704754704468 -0.039775569006312822 -0.20200817423562209 0.14847500175619346 -0.66563597662108287 0.067921800770363583 0.017473056991757066 -0.26172066758431139 0.2371600160019301 -0.0066995902015612677 -0.43614110889966073 0.027460255374065424 -0.11088536022256852 -0.26843576217070225 0.20441072599755394 -0.036633511450555593 -0.058733378751376179 0.017850237553809874 -0.36827589568716512 -0.10085069732667534 0.039760772245188737 0.22998187634529491 0.21575226512634094 -0.12151865143069002 0.03159150944568178 0.26448875445695152 -0.0051510878186672923 0.24373707645453321
leaf_weight=54 162 65 52 42 48 122 49 273 270 42 174 65 46 2297 396 72 54 90 593 288 54 957 486 66 72 86 2352 42 895 78
leaf_count=54 162 65 52 42 48 122 49 273 270 42 174 65 46 2297 396 72 54 90 593 288 54 957 486 66 72 86 2352 42 895 78
internal_value=-1.5637e-10 -0.0133414 -0.0173124 -0.104508 -0.00858127 -0.0455392 -0.0932604 -0.0305168 -0.0113205 0.0961995 0.136071 0.0409932 -0.246967 -0.0181989 0.000970426 -0.0461165 -0.0397595 0.104905 -0.0402819 -0.0679047 -0.0871845 -0.115135 -0.0143699 0.040014 0.0350386 0.0225405 0.0409351 0.0356774 0.0067734 0.129902
internal_weight=10342 7756 7504 683 6821 618 496 447 6769 407 359 185 88 6362 3772 2590 2518 252 1475 1569 1281 1011 1079 2586 2520 359 2466 2394 949 143
internal_count=10342 7756 7504 683 6821 618 496 447 6769 407 359 185 88 6362 3772 2590 2518 252 1475 1569 1281 1011 1079 2586 2520 359 2466 2394 949 143
is_linear=0
shrinkage=0.05


Tree=94
num_leaves=31
num_cat=0
split_feature=11 11 5 9 15 17 9 22 2 19 16 11 13 0 25 12 2 7 7 7 25 18 0 0 25 22 4 17 0 11
split_gain=2115.64 2301.39 1728.24 1155.18 1343.19 1630.58 1883.38 2652.36 1430.57 1244.84 1051.4 1471.59 1027.1 2122.59 1020.4 1837.68 2585.92 1617.48 953.659 935.451 929.102 1259.86 1032.99 916.434 896.071 891.998 875.208 873.422 930.894 1313.96
threshold=251.51500000000001 300.34000000000009 -0.70710678118654757 310.48500000000007 378.41500000000008 37.794621976946793 332.37500000000006 36.400000000000013 4.5000000000000009 448.76000000000005 359.081755952381 333.39500000000004 33.83610280201281 20.500000000000004 0.59999999999999887 322.88250000000005 1.5000000000000002 0.73721509932751383 -0.32613736746952143 -0.96234030595689413 1.6499999999999988 300.48000000000008 3.5000000000000004 22.500000000000004 -6.6499999999999995 18.600000000000005 -0.60355339059327362 44.509941609998144 3.5000000000000004 348.95000000000005
decision_type=2 2 2 2 2 2 2 2 2 2 2 2 2 2 2 2 2 2 2 2 2 2 2 2 2 2 2 2 2 2
left_child=-1 -2 -3 10 5 6 7 20 23 18 14 -12 -10 -14 17 -16 -17 -4 -7 -8 21 -5 -22 24 -6 -18 -20 28 -26 -30
right_child=1 2 3 4 8 9 19 -9 12 -11 11 -13 13 -15 15 16 25 -19 26 -21 22 -23 -24 -25 27 -27 -28 -29 29 -31
leaf_value=-0.35845652695109204 0.37528532071084514 0.035328920528161223 0.1404014356720906 -0.28800820374488828 -0.17833028265844975 0.077926724389985658 0.25120385950647817 -0.3774454638361931 -0.020706041255005629 0.015505913212763692 -0.0078718244433403015 -0.37802081133142629 -0.07571661503795811 -0.35904130713566196 0.093136397267248747 -0.40605083193237851 -0.13422267039397123 -0.049958212684117716 0.42333058373424814 0.050004979886580259 -0.14680702777579427 -0.022896729376494746 0.13857065636445495 -0.10114638410159388 -0.036387189050306142 0.051908890502786055 0.17679801193137085 -0.19935661872812349 0.083674889610468595 0.0037906403310874874
leaf_weight=41 41 2581 156 50 67 132 86 54 519 198 50 58 405 79 103 76 226 392 54 176 40 432 153 224 866 90 108 51 676 2158
leaf_count=41 41 2581 156 50 67 132 86 54 519 198 50 58 405 79 103 76 226 392 54 176 40 432 153 224 866 90 108 51 676 2158
internal_value=8.4681e-11 0.00142673 -6.72495e-05 -0.0119643 -0.0038212 0.0380109 0.00106921 -0.0402535 -0.0161179 0.11242 -0.0581487 -0.206656 -0.0695672 -0.121962 -0.0427712 -0.0948067 -0.14419 0.00423176 0.177688 0.116047 -0.0132782 -0.0503979 0.079425 -0.00285477 0.00291194 -0.0812105 0.258976 0.00614928 0.00898192 0.0228456
internal_weight=10342 10301 10260 7679 6528 1483 991 729 5045 492 1151 108 1003 484 1043 495 392 548 294 262 675 482 193 4042 3818 316 162 3751 3700 2834
internal_count=10342 10301 10260 7679 6528 1483 991 729 5045 492 1151 108 1003 484 1043 495 392 548 294 262 675 482 193 4042 3818 316 162 3751 3700 2834
is_linear=0
shrinkage=0.05


Tree=95
num_leaves=31
num_cat=0
split_feature=4 11 11 2 25 15 9 16 13 12 15 17 13 18 25 13 9 9 25 14 16 18 12 0 13 13 25 17 2 24
split_gain=2022.49 1948.87 1690.41 1507.97 1652.02 2726.61 2524.34 2066.43 1819.4 2008.97 1642.98 1632.3 2242.49 1613.27 1505.52 1481.77 1870.35 1839.89 1561.88 1446.75 1446.84 1445.6 1379.52 1323.15 1914.82 2226.07 1488.04 1632.47 1354.41 1324.63
threshold=0.12940952255126045 300.34000000000009 303.74500000000006 3.5000000000000004 -0.60000000000000042 355.28500000000003 336.53000000000003 359.83952380952383 14.92357113003632 388.36770833333338 358.93000000000006 41.19961840446782 12.597542009912422 303.94000000000005 1.6999999999999977 39.709215270480037 299.45000000000005 324.59500000000008 3.3000000000000003 330.43500000000006 374.74690476190477 305.85500000000008 383.78000000000003 20.500000000000004 24.750658935498379 34.620298110748969 1.1000000000000008 41.866300447412648 4.5000000000000009 12.276190476190477
decision_type=2 2 2 2 2 2 2 2 2 2 2 2 2 2 2 2 2 2 2 2 2 2 2 2 2 2 2 2 2 2
left_child=2 -2 -1 4 5 7 10 -4 11 -10 -7 12 -6 -8 19 16 -3 18 -17 20 23 -12 -23 26 -25 -26 27 29 -28 -5
right_child=1 15 3 14 8 6 13 -9 9 -11 21 -13 -14 -15 -16 17 -18 -19 -20 -21 -22 22 -24 24 25 -27 28 -29 -30 -31
leaf_value=0.30409097705896082 -0.31209153209266993 -0.32664570396904047 -0.063467545067587644 0.20030741584405565 0.10863813422259574 0.34679772441203777 -0.29405050784444964 -0.40422701505514297 0.025149178619802356 0.26788920647167896 0.12472685296896631 -0.063677975694338487 0.35314698149583168 -0.024996074695044605 0.049633914986705829 -0.012300248616689113 -0.030240499321163322 0.09451525062949144 -0.33207808989425036 0.048486874450432926 -0.32110854801587552 -0.074131074788836904 0.16681318850099269 -0.020754198867442279 -0.5845591832484518 -0.14742699335476286 0.37829546004533771 -0.35931658193469052 0.021207257037204278 -0.049580002414964609
leaf_weight=52 58 54 141 57 284 52 78 65 1346 91 363 75 140 195 694 341 3694 550 43 377 52 260 77 145 42 95 40 40 79 762
leaf_count=52 58 54 141 57 284 52 78 65 1346 91 363 75 140 195 694 341 3694 550 43 377 52 260 77 145 42 95 40 40 79 762
internal_value=2.05419e-10 -0.0240378 0.020339 0.0176804 0.0402882 -0.00499918 0.0283607 -0.170989 0.069084 0.040521 0.0756381 0.151339 0.189372 -0.101869 -0.0123653 -0.0204694 -0.034511 0.0358776 -0.0481087 -0.0378404 -0.0626463 0.0554948 -0.0190785 -0.0519796 -0.147399 -0.281438 -0.0244662 -0.0474215 0.141237 -0.0321886
internal_weight=10342 4740 5602 5550 3167 1231 1025 206 1936 1437 752 499 424 273 2383 4682 3748 934 384 1689 1312 700 337 1260 282 137 978 859 119 819
internal_count=10342 4740 5602 5550 3167 1231 1025 206 1936 1437 752 499 424 273 2383 4682 3748 934 384 1689 1312 700 337 1260 282 137 978 859 119 819
is_linear=0
shrinkage=0.05


Tree=96
num_leaves=31
num_cat=0
split_feature=13 13 24 11 22 5 15 24 16 11 11 23 2 8 6 28 22 2 7 9 24 25 26 27 23 25 13 7 9 15
split_gain=1971.97 2788.49 8208.07 5064.82 3115.71 1709.11 1400.73 1376.97 1338.84 6825.04 4170.65 1606.14 1548.02 1374.46 1337.25 1241.22 1222.92 1367.77 1396.5 2330.05 1683.41 1498.27 1226.64 3913.91 1824.08 1562.84 1095.62 1281.4 1610.51 1550.23
threshold=10.322301615318512 11.482999848160668 34.260416666666671 308.45500000000004 11.950000000000001 -0.5 456.68500000000006 11.60059523809524 342.42065476190481 300.34000000000009 303.74500000000006 32.720833333333346 1.0000000180025095e-35 1.0000000180025095e-35 0.7090011537757156 0.043154761904761883 8.6000000000000032 1.5000000000000002 0.26659387353423869 325.69000000000005 27.095238095238098 -1.0999999999999999 5.6916666666666673 0.033333333333333291 24.720833333333335 -2.6999999999999971 37.162828750675423 0.95936279103287792 309.26000000000005 410.45000000000005
decision_type=2 2 2 2 2 2 2 2 2 2 2 2 2 2 2 2 2 2 2 2 2 2 2 2 2 2 2 2 2 2
left_child=14 2 3 -2 -5 6 7 -3 10 -10 -7 26 -13 -12 -1 -9 -17 18 19 20 -18 -20 23 -19 -24 -26 27 29 -29 -11
right_child=1 5 -4 4 -6 8 -8 15 9 11 13 12 -14 -15 -16 16 17 22 21 -21 -22 -23 24 -25 25 -27 -28 28 -30 -31
leaf_value=0.19349397050768691 -0.56892830312252041 0.21419159393165807 -0.61381701907763886 -0.32717607942996207 0.084080414606121409 0.53059618384685636 0.29992353270451227 -0.25482888938859105 -0.67166714612394574 -0.0095636682788759596 0.045399076087559734 0.26170920129563358 0.023915207780883307 -0.21040417506712777 -0.014681286398942273 -0.24905717257410287 -0.32593246430624279 -0.51064978964626795 0.0089453067773809809 0.12680320038254231 0.026501986829357019 0.23859280874852892 0.35366556525547455 -0.0074874294509468496 -0.15700963665537226 0.05465742392901296 -0.00088130641728295872 -0.37930927679117304 -0.070044995957182929 -0.091857237087608734
leaf_weight=216 40 96 72 54 313 43 48 40 40 1542 555 74 911 58 120 40 64 40 104 208 72 224 47 1144 96 952 2032 64 123 910
leaf_count=216 40 96 72 54 313 43 48 40 40 1542 555 74 911 58 120 40 64 40 104 208 72 224 47 1144 96 952 2032 64 123 910
internal_value=-2.11574e-10 -0.00400089 -0.121717 -0.0346621 0.0235686 0.00191764 0.031872 0.0277573 -0.0130548 -0.020845 0.0545864 -0.0162423 0.0417799 0.0211958 0.119146 0.0218525 0.0255526 0.0292749 0.0919623 0.02158 -0.13935 0.165778 0.0107905 -0.0244862 0.0489345 0.0352681 -0.0284777 -0.0497266 -0.175889 -0.0401049
internal_weight=10342 10006 479 407 367 9527 3175 3127 6352 5696 656 5656 985 613 336 3031 2991 2951 672 344 136 328 2279 1184 1095 1048 4671 2639 187 2452
internal_count=10342 10006 479 407 367 9527 3175 3127 6352 5696 656 5656 985 613 336 3031 2991 2951 672 344 136 328 2279 1184 1095 1048 4671 2639 187 2452
is_linear=0
shrinkage=0.05


Tree=97
num_leaves=31
num_cat=0
split_feature=4 13 7 0 11 14 13 6 14 23 17 28 10 13 25 10 25 23 15 11 24 9 19 15 9 17 22 28 25 12
split_gain=1792.79 1814.52 7200.14 15661.7 1570.87 1415.66 1550.96 1573.34 2600.24 2070.18 1907.21 1564.7 1613.39 1484.79 1295.44 1999.69 1294.72 1256.01 1233.25 1718.91 1399.55 1341.52 1188.83 1243.32 1135.44 1115.12 1155.91 1048.09 1038.15 2015.23
threshold=0.12940952255126045 12.273067053899736 -0.62587551141915865 5.5000000000000009 303.74500000000006 237.45500000000001 43.097692111487184 0.94138322595482449 320.40000000000003 32.720833333333346 37.461003459720608 0.022321428571428565 403.05000000000007 8.2814152151796545 0.5999999999999962 422.73000000000008 -8.5999999999999996 10.906250000000002 375.60000000000008 354.85500000000008 34.75833333333334 325.69000000000005 420.76000000000005 384.18000000000006 346.82000000000005 41.578280812296782 25.850000000000005 0.5675595238095239 0.60000000000000064 321.94625000000002
decision_type=2 2 2 2 2 2 2 2 2 2 2 2 2 2 2 2 2 2 2 2 2 2 2 2 2 2 2 2 2 2
left_child=4 2 3 -2 -1 22 7 9 -9 11 -10 17 13 -13 15 -8 -15 -7 19 21 -21 -11 23 -6 -3 26 27 -4 29 -18
right_child=1 24 25 -5 5 6 14 8 10 18 -12 12 -14 16 -16 -17 28 -19 -20 20 -22 -23 -24 -25 -26 -27 -28 -29 -30 -31
leaf_value=0.29268466004958521 -1.1349734172529105 -0.017009359993203063 -0.13769734249073121 0.069867047307391961 0.17003402214783891 0.023913529439240088 -0.076625134866862066 0.43702617518317244 0.15887941734499147 0.17320579412308607 -0.052845854750917992 0.23242940176278354 0.049623117667771582 0.21488473427295687 0.016450654378590678 -0.48967241727229621 -0.34629915155588636 0.29896395504474643 0.045821070393690697 -0.17285099540712573 0.2110571556425882 0.54599797055125243 0.24964721300957615 -0.15798326050146269 0.10567414130582804 0.21944493913007054 -0.2875959549268538 0.041219763118008027 -0.0073053819316110033 -0.057436318237200995
leaf_weight=52 49 3971 121 60 65 98 84 52 234 55 195 52 764 50 104 45 63 72 650 43 53 43 117 52 198 44 44 253 1208 1451
leaf_count=52 49 3971 121 60 65 98 84 52 234 55 195 52 764 50 104 45 63 72 650 43 53 43 117 52 198 44 44 253 1208 1451
internal_value=-9.36502e-11 -0.0226316 -0.106223 -0.471758 0.0191492 0.0165863 0.0112883 0.0170705 0.103115 0.00807716 0.0626407 -0.0078154 -0.0148381 -0.0322774 -0.114854 -0.220711 -0.037243 0.140405 0.0788405 0.189473 0.0390983 0.336778 0.136948 0.0242486 -0.0111827 -0.0199814 -0.0451842 -0.0166652 -0.0418743 -0.0694564
internal_weight=10342 4740 571 109 5602 5550 5316 5083 481 4602 429 3758 3588 2824 233 129 2772 170 844 194 96 98 234 117 4169 462 418 374 2722 1514
internal_count=10342 4740 571 109 5602 5550 5316 5083 481 4602 429 3758 3588 2824 233 129 2772 170 844 194 96 98 234 117 4169 462 418 374 2722 1514
is_linear=0
shrinkage=0.05


Tree=98
num_leaves=31
num_cat=0
split_feature=13 13 18 11 24 12 2 17 23 0 28 2 9 12 7 25 17 5 13 13 17 19 25 25 13 17 6 0 9 11
split_gain=1714.57 2394.96 7659.76 4242.72 3619.11 11851.9 2184.62 2927.04 2023.82 1874.05 1753.63 3228.78 1701.44 2839.3 3972.5 1899.11 1855.85 1408.98 1867.8 1392 2261.55 1369.44 1354.84 2574.5 1329.83 1274.32 1235.68 1159.61 1093.74 1093.66
threshold=10.322301615318512 12.273067053899736 154.41500000000005 300.34000000000009 34.237500000000004 343.80437500000005 1.0000000180025095e-35 43.955569731031112 22.154166666666672 4.5000000000000009 0.39345238095238094 5.5000000000000009 322.52000000000004 376.36166666666674 -0.21862536810265826 -6.3499999999999996 38.510675973285949 1.0000000180025095e-35 24.336874661106751 35.966705933943722 26.184225389559419 448.46000000000009 -1.1000000000000008 1.1000000000000008 20.839564646577028 22.853756606194239 0.7090011537757156 8.5000000000000018 312.61000000000007 401.44000000000005
decision_type=2 2 2 2 2 2 2 2 2 2 2 2 2 2 2 2 2 2 2 2 2 2 2 2 2 2 2 2 2 2
left_child=26 2 -2 -3 10 -6 7 8 9 -5 11 -4 13 16 -15 29 19 18 24 20 25 -19 27 -24 -17 -8 -1 -18 -29 -14
right_child=1 3 4 6 5 -7 12 -9 -10 -11 -12 -13 15 14 -16 17 22 21 -20 -21 -22 -23 23 -25 -26 -27 -28 28 -30 -31
leaf_value=0.18256683912800833 -0.70264383129617003 0.4340319918435917 -0.49763031896824644 -0.22516361603943202 -0.91059478328873722 0.10370819692810376 -0.03383693872125481 -0.2982011246819829 0.25026219890231177 0.10532332037062364 0.031497022160018484 0.0046131456581254802 -0.079835922079323565 0.021556291729211807 -0.62171806848297528 0.012872658992095859 -0.01001425431282432 0.010503631330086683 0.066202985600021372 0.00043726255386597289 -0.12387483456658376 -0.083721431107163277 -0.11377927653407782 0.058856060220274689 -0.17207660393388424 0.17888989460285909 -0.017546210565293829 -0.044852733678287932 0.23089876874823478 -0.38789243405684831
leaf_weight=216 47 57 48 52 48 72 264 43 210 245 600 96 103 48 48 299 135 1961 2004 768 969 480 356 549 144 96 120 45 179 40
leaf_count=216 47 57 48 52 48 72 264 43 210 245 600 96 103 48 48 299 135 1961 2004 768 969 480 356 549 144 96 120 45 179 40
internal_value=1.39451e-10 -0.00373065 -0.081022 0.00401123 -0.0472069 -0.302013 0.00129921 0.0978693 0.131461 0.0474603 -0.00610911 -0.162801 -0.00495827 -0.0319639 -0.300081 0.0135983 -0.0243056 0.0188527 0.0456644 -0.0531514 -0.0841191 -0.00802485 0.02355 -0.00905353 -0.0472463 0.0228902 0.111098 0.10574 0.175502 -0.166006
internal_weight=10342 10006 911 9095 864 120 9038 550 507 297 744 144 8488 3457 96 5031 3361 4888 2447 2097 1329 2441 1264 905 443 360 336 359 224 143
internal_count=10342 10006 911 9095 864 120 9038 550 507 297 744 144 8488 3457 96 5031 3361 4888 2447 2097 1329 2441 1264 905 443 360 336 359 224 143
is_linear=0
shrinkage=0.05


Tree=99
num_leaves=31
num_cat=0
split_feature=11 11 5 6 6 24 6 18 10 17 6 17 2 7 25 6 6 2 6 13 10 14 6 25 9 2 2 2 6 6
split_gain=1761.37 2187.77 1359.78 1482.95 2606.75 1746.47 1638.56 1829.1 1436.28 1429.06 6171.73 1421.87 1301.18 1384 1254.43 1075.24 1966.66 4606.15 1902.75 1561.61 2917.31 1693.17 1765.94 4424.32 1552.47 1478.68 1340.67 1205.5 1795.45 1792.02
threshold=251.51500000000001 300.34000000000009 0.60355339059327384 -0.94705910369513524 -0.96689237009891416 27.783928571428579 -0.90163369914317015 304.34000000000009 316.14000000000004 45.46741229618474 0.54219432480460406 42.083480930672401 3.5000000000000004 -0.15950993297387572 1.1000000000000008 0.048362692321690152 -0.11692013674435776 1.0000000180025095e-35 0.26866988313759588 43.225061852357669 417.44500000000005 237.45500000000001 0.30983042691905771 -1.0000000180025095e-35 322.67500000000007 4.5000000000000009 1.0000000180025095e-35 1.5000000000000002 -0.20180236284700911 -0.25205528343633254
decision_type=2 2 2 2 2 2 2 2 2 2 2 2 2 2 2 2 2 2 2 2 2 2 2 2 2 2 2 2 2 2
left_child=-1 -2 3 4 5 -3 7 -5 -8 11 -11 15 13 -7 -6 16 27 -18 26 21 24 -20 23 -23 -21 -24 -17 28 -10 -29
right_child=1 2 -4 6 14 12 8 -9 9 10 -12 -13 -14 -15 -16 18 17 -19 19 20 -22 22 25 -25 -26 -27 -28 29 -30 -31
leaf_value=-0.32707048447138248 0.3658147239830436 -0.081405770324864513 -0.028815143300390436 -0.036763550808981936 0.39588307314059312 -0.0021486070116653161 0.19718297328986228 -0.34359356721534451 0.10157011419805138 -0.60191802994481158 0.1041742748780442 0.15359671563802366 0.0039737823272221967 0.31685762770254827 0.082216928282058718 0.31946366018973865 -0.61168282390995465 -0.061900932515945133 0.27156517933758478 -0.13970889505959047 -0.51302782431244853 -0.54894038562973335 0.04025984870782523 0.079963528809707557 0.22122268964384878 -0.036090507107782999 0.078159963000550961 -0.053378332958301244 -0.17864661894061351 0.10990364353579643
leaf_weight=41 41 204 2949 170 85 51 100 68 427 49 84 167 152 102 51 65 44 284 63 97 40 48 2092 67 43 910 503 1080 66 199
leaf_count=41 41 204 2949 170 85 51 100 68 427 49 84 167 152 102 51 65 44 284 63 97 40 48 2092 67 43 910 503 1080 66 199
internal_value=-4.04763e-11 0.0013018 -0.000154826 0.0114057 0.0837989 0.0318411 0.004401 -0.124429 0.00917101 0.0061999 -0.155965 0.0096814 0.107587 0.210522 0.278258 0.00569437 -0.0231866 -0.135652 0.0211348 0.00682678 -0.136446 0.0149366 0.00974965 -0.182535 -0.0288513 0.0171157 0.105774 -0.00236908 0.0640563 -0.0279732
internal_weight=10342 10301 10260 7311 645 509 6666 238 6428 6328 133 6195 305 153 136 6028 2100 328 3928 3360 180 3180 3117 115 140 3002 568 1772 493 1279
internal_count=10342 10301 10260 7311 645 509 6666 238 6428 6328 133 6195 305 153 136 6028 2100 328 3928 3360 180 3180 3117 115 140 3002 568 1772 493 1279
is_linear=0
shrinkage=0.05


Tree=100
num_leaves=31
num_cat=0
split_feature=4 18 9 22 13 11 2 11 0 6 10 9 7 10 27 25 14 14 19 13 17 6 14 18 6 6 24 13 25 9
split_gain=1620.57 1651.78 1387.9 3987.73 11449.6 2554.41 1580.04 1307.97 1305.23 1285.74 1260.97 1201.36 1808.95 2197.04 1904.47 1465.96 1203.59 1085.2 1236.14 1216.99 1828.51 1469.16 2075.98 1650.4 1641.25 1798.82 1788.96 1534.71 1664.08 1408.34
threshold=0.12940952255126045 77.640000000000015 339.17000000000002 35.850000000000009 12.753971637596027 300.34000000000009 1.0000000180025095e-35 303.74500000000006 22.500000000000004 -0.77245553105869302 421.88500000000005 308.23000000000008 -0.40613878790836594 328.15000000000003 3.1791666666666676 3.2999999999999985 331.68000000000006 237.45500000000001 420.76000000000005 43.225061852357669 39.581801499194547 0.94138322595482449 320.40000000000003 321.69000000000005 0.80417553764032002 0.048362692321690152 27.199702380952385 39.709215270480037 -4.7499999999999991 308.64500000000004
decision_type=2 2 2 2 2 2 2 2 2 2 2 2 2 2 2 2 2 2 2 2 2 2 2 2 2 2 2 2 2 2
left_child=7 -2 3 5 -5 -3 -4 -1 17 -8 11 12 13 -7 -14 -16 -13 18 -9 21 -21 24 -23 -24 25 26 27 28 -19 -28
right_child=1 2 6 4 -6 10 9 8 -10 -11 -12 16 14 -15 15 -17 -18 19 -20 20 -22 22 23 -25 -26 -27 29 -29 -30 -31
leaf_value=0.267805001196953 -0.2527389013061398 0.35841724130917685 0.33492768373001708 -0.95846431594003334 0.029370365746911955 -0.54296571462518639 0.288056662238457 0.012804026025588867 -0.069872848057684345 0.009052101549888154 -0.23500472195446492 -0.00026945108774370101 0.078428584619880073 -0.054170118383270627 -0.083684902734254829 -0.41656739081488925 -0.11315519042921902 0.16665538277787467 0.25202911429546981 -0.33797526471790373 0.0019853798982997733 0.41910088172492882 -0.035188438776337233 0.16628458884768879 -0.064005804914954154 0.065170796569807052 -0.23134058693734311 0.11578134535984308 -0.1079212683485482 0.04502570004815433
leaf_weight=52 76 44 44 44 88 45 44 108 411 671 70 2907 172 47 191 40 257 60 108 59 120 48 192 216 587 1635 48 108 687 1163
leaf_count=52 76 44 44 44 88 45 44 108 411 671 70 2907 172 47 191 40 257 60 108 59 120 48 192 216 587 1635 48 108 687 1163
internal_value=-1.4921e-10 -0.0215171 -0.0177493 -0.0297742 -0.299908 -0.0203235 0.0441176 0.0182062 0.0158676 0.0262216 -0.0247924 -0.0207708 -0.0932045 -0.293255 -0.0475355 -0.141327 -0.00943874 0.0227248 0.132417 0.017912 -0.110069 0.022741 0.108066 0.0714738 0.0136673 0.0259866 -0.00502307 -0.0603956 -0.0858669 0.0340715
internal_weight=10342 4740 4664 3905 132 3773 759 5602 5550 715 3729 3659 495 92 403 231 3164 5139 216 4923 179 4744 456 408 4288 3701 2066 855 747 1211
internal_count=10342 4740 4664 3905 132 3773 759 5602 5550 715 3729 3659 495 92 403 231 3164 5139 216 4923 179 4744 456 408 4288 3701 2066 855 747 1211
is_linear=0
shrinkage=0.05


Tree=101
num_leaves=31
num_cat=0
split_feature=11 11 26 27 6 16 16 28 7 24 16 16 13 13 16 12 11 24 5 7 29 6 10 18 10 9 12 10 17 6
split_gain=1669.94 1828.1 1268.79 3964.49 1732.33 1719.28 2537.48 1663.84 1566.46 1574.12 1243.26 4344.09 1816.42 1654.38 1410.24 1217.22 1201.93 1189.8 1185.48 1309.46 1255.18 3445.73 1177.22 1166.12 1129.01 1082.56 1073.41 1104.57 1060.39 1372.3
threshold=251.51500000000001 300.34000000000009 4.772916666666668 1.0000000180025095e-35 0.96904697354198299 360.53607142857146 360.89434523809524 8.4696428571428601 -0.32613736746952143 23.745238095238101 367.21672619047621 367.77556547619054 13.969698772646066 16.057754606294552 371.87217261904772 390.21750000000003 360.62500000000006 35.314880952380953 0.60355339059327384 0.5969655492110445 1.1178571428571431 -0.55657520495441892 386.01500000000004 308.60500000000008 397.36500000000007 332.37500000000006 383.05020833333339 377.47500000000008 46.354287850065255 0.58481550752069722
decision_type=2 2 2 2 2 2 2 2 2 2 2 2 2 2 2 2 2 2 2 2 2 2 2 2 2 2 2 2 2 2
left_child=-1 -2 3 -3 5 8 16 -8 9 -4 13 -12 -13 -9 15 17 -7 26 19 -5 -21 -22 -19 -10 -6 -15 27 -14 -11 -30
right_child=1 2 4 18 24 6 7 10 23 28 11 12 14 25 -16 -17 -18 22 -20 20 21 -23 -24 -25 -26 -27 -28 -29 29 -31
leaf_value=-0.31846768556435301 0.33447257614717252 -0.47034447147355724 -0.26184022389352324 -0.047162530029808414 0.068742425056706066 -0.11657112783120414 -0.087961757848490155 0.24172333460702591 0.22012396903010087 0.043193491228198648 -0.3902447862990408 0.13575020518515094 -0.023833059145891594 -0.039368416469043099 -0.053687492636214432 0.2366585209655265 -0.47542856123298405 0.016720068608136737 -0.052440975722148279 0.10778093741155521 -0.34380315798608696 0.017782975521799669 0.36969964988529685 0.063510297192661741 0.26777894458904561 0.10094449974017659 -0.11533474085320319 0.17738908115442437 -0.33933537176182105 0.049584453308489179
leaf_weight=41 41 48 48 986 261 56 504 116 192 1136 72 234 210 263 912 72 40 51 1413 356 68 2120 44 312 98 288 168 101 43 48
leaf_count=41 41 48 48 986 261 56 504 116 192 1136 72 234 210 263 912 72 40 51 1413 356 68 2120 44 312 98 288 168 101 43 48
internal_value=-3.04332e-11 0.00126756 -6.39572e-05 -0.01813 0.0170488 0.00929659 -0.0130057 -0.00500024 0.0485481 0.0190495 0.01152 -0.00944261 0.00585747 0.070102 -0.0136514 0.04287 -0.266095 0.0185621 -0.0137386 0.00175327 0.020712 0.00654538 0.180205 0.123173 0.123076 0.0339712 -0.0134966 0.0415156 0.0300378 -0.134191
internal_weight=10342 10301 10260 4991 5269 4910 3131 3035 1779 1275 2531 1864 1792 667 1558 646 96 574 4943 3530 2544 2188 95 504 359 551 479 311 1227 91
internal_count=10342 10301 10260 4991 5269 4910 3131 3035 1779 1275 2531 1864 1792 667 1558 646 96 574 4943 3530 2544 2188 95 504 359 551 479 311 1227 91
is_linear=0
shrinkage=0.05


Tree=102
num_leaves=31
num_cat=0
split_feature=11 11 5 16 24 24 14 23 6 4 12 13 16 15 13 10 14 19 9 23 18 17 17 13 17 25 18 14 13 14
split_gain=1507.12 1649.86 1189.27 920.445 1277.57 3290.31 2151.91 1295.35 1192.07 936.897 934.926 796.192 730.245 696.913 758.739 3134.04 1655.76 1020.3 966.176 2691.29 1371.29 849.859 940.079 1022.57 991.682 856.421 1994.78 1124.68 1032.97 811.73
threshold=251.51500000000001 300.34000000000009 -0.70710678118654757 377.38086309523811 34.75833333333334 34.23125000000001 322.87500000000006 32.677083333333336 0.96465729447553372 0.78656609248549325 365.62208333333336 13.344099563256629 373.54505952380958 455.73500000000007 42.554963238344357 422.73000000000008 280.24000000000007 421.23000000000008 307.05500000000001 21.779166666666672 232.78000000000003 38.679849237916891 38.388369812597084 37.396318979479872 36.418502764453983 1.1000000000000008 83.830000000000013 313.26000000000005 13.969698772646066 309.85500000000008
decision_type=2 2 2 2 2 2 2 2 2 2 2 2 2 2 2 2 2 2 2 2 2 2 2 2 2 2 2 2 2 2
left_child=-1 -2 13 4 5 7 -7 8 -4 -8 -9 -6 -10 14 16 17 -3 -16 19 20 -18 22 23 -20 -25 26 -23 29 -28 -27
right_child=1 2 3 -5 11 6 9 10 12 -11 -12 -13 -14 -15 15 -17 18 -19 21 -21 -22 25 -24 24 -26 27 28 -29 -30 -31
leaf_value=-0.30254429996740528 0.31774894871362824 0.32429610580826801 -0.019899642957962718 -0.11633528766194078 0.18454035405814651 -0.48109127442455951 -0.19046637371901798 0.15732259205732571 0.10042485060062728 0.083757164779790616 0.003278154651211067 0.033728244134189081 -0.049240919240863525 0.23131135322508359 -0.1086522451114087 -0.33546384846259447 -0.15154561705782379 0.19989480789046032 0.004545834367889386 -0.43269759001919916 0.13827407300365546 -0.21637026907410473 -0.21355360674899115 0.18914699347445829 0.018837084165164109 0.15996689578381981 0.33084379611980347 0.074478824635183336 0.058994334230486015 0.47459607024495382
leaf_weight=41 41 48 5627 198 100 54 113 196 342 43 198 701 107 42 42 70 71 74 1206 42 96 60 42 168 174 41 42 114 208 41
leaf_count=41 41 48 5627 198 100 54 113 196 342 43 198 701 107 42 42 70 71 74 1206 42 96 60 42 168 174 41 42 114 208 41
internal_value=-3.12866e-11 0.00120419 -6.07593e-05 -0.00992986 -0.00711362 -0.0142686 -0.209048 -0.00794659 -0.0136436 -0.114879 0.0799094 0.0525562 0.0647584 0.0293018 0.0259602 -0.0712562 0.033645 0.0881795 0.0275923 -0.0749221 0.0150573 0.0378144 0.0198537 0.0261864 0.102498 0.0942524 0.0425292 0.17606 0.104665 0.317281
internal_weight=10342 10301 10260 7679 7481 6680 210 6470 6076 156 394 801 449 2581 2539 186 2353 116 2305 209 167 2096 1590 1548 342 506 310 196 250 82
internal_count=10342 10301 10260 7679 7481 6680 210 6470 6076 156 394 801 449 2581 2539 186 2353 116 2305 209 167 2096 1590 1548 342 506 310 196 250 82
is_linear=0
shrinkage=0.05


Tree=103
num_leaves=31
num_cat=0
split_feature=4 11 11 0 13 9 9 19 25 29 9 7 2 25 28 12 25 16 28 6 14 12 15 24 23 13 27 11 12 11
split_gain=1448.55 1645.87 1164.56 1131.3 1117.77 1536.65 1460.32 1289.58 1251.77 1296.73 1118.52 1064.17 956.092 1404.76 2205.89 2130.14 1577.68 1611.95 1384.76 1478.71 1369.39 1162.14 1221.93 1402.17 1470.14 1462.22 1385.62 1274.47 1153.8 1124.56
threshold=0.12940952255126045 300.34000000000009 303.74500000000006 22.500000000000004 39.709215270480037 299.45000000000005 324.59500000000008 424.87000000000006 3.3000000000000003 5.0369047619047622 350.68500000000006 0.64414586362404946 3.5000000000000004 -0.60000000000000042 0.11160714285714289 324.68062500000008 -1.0000000180025095e-35 337.29071428571433 0.59226190476190477 -0.73866753694953124 308.23000000000008 388.36770833333338 360.16000000000003 22.261309523809526 23.850000000000005 31.792484853225222 0.38125000000000003 348.95000000000005 385.70520833333342 365.58500000000004
decision_type=2 2 2 2 2 2 2 2 2 2 2 2 2 2 2 2 2 2 2 2 2 2 2 2 2 2 2 2 2 2
left_child=2 -2 -1 12 5 -3 8 -7 9 -6 -9 -8 13 14 -4 29 -15 -18 -17 28 -21 22 27 25 -25 -24 -27 -19 -20 -16
right_child=1 4 3 -5 6 7 11 10 -10 -11 -12 -13 -14 16 15 18 17 21 19 20 -22 -23 23 24 -26 26 -28 -29 -30 -31
leaf_value=0.25273131398627391 -0.28505892116447978 -0.29405455836267386 -0.33503354631053905 -0.064817203416595567 0.036875693483786151 0.021836236465423833 0.056054263553202123 -0.049878281186736872 -0.29716749821984489 -0.20991799858765622 0.1314101094930348 0.25649281609561542 -0.0034083967774895378 0.27930737847373605 -0.054637370362531315 0.20143506382809623 -0.15894706596779387 0.31833631634013732 0.063083378633277287 0.11042452203174535 -0.063559040867244607 0.24937148584673802 -0.067971442317386638 -0.19752523535862565 0.015597706097856309 0.35250490551193558 0.096045449864024218 0.087653569002956663 0.3389801577354471 -0.42296618625521659
leaf_weight=52 58 54 48 411 275 1039 473 2567 43 66 88 77 2213 84 43 107 82 80 180 144 527 84 119 96 515 60 431 238 48 40
leaf_count=52 58 54 48 411 275 1039 473 2567 43 66 88 77 2213 84 43 107 82 80 180 144 527 84 119 96 515 60 431 238 48 40
internal_value=-3.70037e-11 -0.0203431 0.0172128 0.0150062 -0.0170638 -0.0292595 0.0318754 -0.0253886 -0.0429479 -0.0108908 -0.0438695 0.0841157 0.0213902 0.0401459 -0.00331094 0.0113104 0.067765 0.0573429 0.0313967 0.0111586 -0.0262213 0.0682707 0.0583861 0.0356492 -0.0178881 0.0892742 0.127385 0.145687 0.121167 -0.232145
internal_weight=10342 4740 5602 5550 4682 3748 934 3694 384 341 2655 550 5139 2926 1137 1089 1789 1705 1006 899 671 1623 1539 1221 611 610 491 318 228 83
internal_count=10342 4740 5602 5550 4682 3748 934 3694 384 341 2655 550 5139 2926 1137 1089 1789 1705 1006 899 671 1623 1539 1221 611 610 491 318 228 83
is_linear=0
shrinkage=0.05


Tree=104
num_leaves=31
num_cat=0
split_feature=13 13 11 11 16 24 28 2 2 17 0 10 22 17 29 19 13 6 11 13 23 0 16 29 12 27 19 19 13 19
split_gain=1426.38 1661.94 7423.15 3511.17 2137.84 7073.5 2175.04 2828.96 1672.07 2304 1670.43 1528.58 1309.05 2540.83 1582.81 1581.33 1556.38 2344.21 4391.7 1536.03 2072.48 1451.33 1779.56 1385.5 1150.25 1129.64 1100.33 1071.87 1224.43 1062.18
threshold=10.18733216452757 12.273067053899736 307.86500000000007 300.34000000000009 369.22538690476193 34.260416666666671 0.39345238095238094 5.5000000000000009 1.0000000180025095e-35 43.955569731031112 3.5000000000000004 308.37500000000006 20.850000000000005 45.001873527224213 0.72142857142857142 429.90500000000003 35.966705933943722 -0.55657520495441892 341.00500000000005 37.162828750675423 33.822916666666679 12.500000000000002 355.31428571428575 6.6336309523809529 383.53979166666676 0.097916666666666666 457.78500000000008 427.84000000000003 33.83610280201281 448.25000000000006
decision_type=2 2 2 2 2 2 2 2 2 2 2 2 2 2 2 2 2 2 2 2 2 2 2 2 2 2 2 2 2 2
left_child=29 2 -2 -3 5 6 7 -4 9 11 -8 -5 13 16 15 27 17 18 -10 20 24 -16 -23 -19 -17 -21 -27 28 -14 -1
right_child=1 3 4 8 -6 -7 10 -9 12 -11 -12 -13 14 -15 21 19 -18 23 -20 25 -22 22 -24 -25 -26 26 -28 -29 -30 -31
leaf_value=0.16515162743334832 -0.58164812596944671 0.39465309939624971 -0.52764356976205651 -0.15014737739170692 0.077365210212958169 -0.57645097484955421 -0.26343542575570095 -0.028503343882039192 0.064444213029411099 -0.26592189780501435 0.070223510435164158 0.14367687419765043 0.054066218983832459 -0.39224816372697346 0.018694741370940304 -0.087761814763519394 0.010375033823701627 -0.050752829298463642 -0.61324475693936442 0.039138077539607519 0.020234706637894978 -0.091069334631108431 0.26444338036923332 0.18121694761203297 -0.33924754522740841 0.00065798365821441017 -0.24658567851616278 0.18741988267865964 -0.065335328520141608 -0.056602378624180952
leaf_weight=216 65 57 44 49 312 65 42 80 45 43 351 458 1150 47 259 862 1820 1640 51 1128 575 44 176 67 48 120 72 120 264 72
leaf_count=216 65 57 44 49 312 65 42 80 45 43 351 458 1150 47 259 862 1820 1640 51 1128 575 44 176 67 48 120 72 120 264 72
internal_value=-3.28466e-12 -0.00314277 -0.0657465 0.00345833 -0.0282369 -0.0848483 -0.0230414 -0.205618 0.000991183 0.0854766 0.0345653 0.11528 -0.00448325 -0.0269814 0.0126542 0.00313228 -0.0222429 -0.0551684 -0.295578 -0.0191897 -0.0540738 0.098908 0.193341 -0.041648 -0.101027 0.020055 -0.0920584 0.0439492 0.0317734 0.109713
internal_weight=10342 10054 959 9095 894 582 517 124 9038 550 393 507 8488 3670 4818 4339 3623 1803 96 2805 1485 479 220 1707 910 1320 192 1534 1414 288
internal_count=10342 10054 959 9095 894 582 517 124 9038 550 393 507 8488 3670 4818 4339 3623 1803 96 2805 1485 479 220 1707 910 1320 192 1534 1414 288
is_linear=0
shrinkage=0.05


Tree=105
num_leaves=31
num_cat=0
split_feature=11 11 5 16 24 24 18 23 6 12 13 0 18 13 13 16 23 27 24 24 13 6 13 19 27 6 16 6 2 13
split_gain=1359.21 1446.51 1040.98 757.321 1086.62 2727.33 1805.84 1076.89 992.994 824.441 762.016 656.834 650.416 633.312 637.779 1996.58 729.666 2312.68 1913.7 4235.88 1556.56 905.46 855.421 1060.25 826.683 781.732 778.519 889.952 795.023 738.723
threshold=251.51500000000001 300.34000000000009 -0.70710678118654757 377.38086309523811 34.75833333333334 34.23125000000001 304.34000000000009 32.677083333333336 0.96465729447553372 365.62208333333336 13.344099563256629 17.500000000000004 324.88000000000005 10.18733216452757 11.555722190545973 359.83952380952383 23.687500000000004 0.22500000000000001 22.805952380952387 24.683630952380955 42.659814409184754 0.92922379131507438 37.396318979479872 447.92000000000002 0.34375000000000006 -0.55657520495441892 371.87217261904772 0.75014288946266361 1.5000000000000002 38.307152543724023
decision_type=2 2 2 2 2 2 2 2 2 2 2 2 2 2 2 2 2 2 2 2 2 2 2 2 2 2 2 2 2 2
left_child=-1 -2 13 4 5 7 -7 8 -4 11 -6 -9 -10 -3 15 -15 17 18 -16 -20 22 26 24 29 -19 -26 27 -18 -28 -24
right_child=1 2 3 -5 10 6 -8 9 12 -11 -12 -13 -14 14 16 -17 21 20 19 -21 -22 -23 23 -25 25 -27 28 -29 -30 -31
leaf_value=-0.28731536283725645 0.29753954334229959 0.17363752979371283 -0.018466817822495988 -0.10579144574015054 0.17743090391345323 -0.0847452626982029 -0.39364207753290736 0.080020385264024996 0.0055917623667194258 0.00058245964000246142 0.029891107240346354 0.27369924305063303 0.12686234478732963 0.1072522694565123 0.056062798535761738 -0.26510703742193681 0.084545129412599174 0.22526143867345083 -0.7020871358917935 0.012350690595450856 -0.20914272162498851 0.22361989374248645 0.33309056578824919 -0.04310205701324675 -0.21225879699701355 0.0104080981050448 0.14827184644527733 -0.13770541144379725 -0.079967574384664342 0.11605349750014318
leaf_weight=41 41 72 5627 198 100 138 72 130 252 198 701 66 197 72 48 72 731 42 41 42 66 78 48 90 42 641 48 48 186 214
leaf_count=41 41 72 5627 198 100 138 72 130 252 198 701 66 197 72 48 72 731 42 41 42 66 78 48 90 42 641 48 48 186 214
internal_value=-1.12648e-10 0.00114357 -4.0857e-05 -0.00927421 -0.00671969 -0.0133184 -0.190653 -0.00756254 -0.012757 0.0725435 0.0483106 0.145239 0.0587996 0.0274303 0.0232346 -0.0789274 0.029455 0.00375437 -0.195235 -0.340564 0.0265607 0.0594666 0.0410049 0.104956 0.00995545 -0.00328445 0.046827 0.0708506 -0.0331492 0.155816
internal_weight=10342 10301 10260 7679 7481 6680 210 6470 6076 394 801 196 449 2581 2509 144 2365 1274 131 83 1143 1091 1077 352 725 683 1013 779 234 262
internal_count=10342 10301 10260 7679 7481 6680 210 6470 6076 394 801 196 449 2581 2509 144 2365 1274 131 83 1143 1091 1077 352 725 683 1013 779 234 262
is_linear=0
shrinkage=0.05


Tree=106
num_leaves=31
num_cat=0
split_feature=13 13 11 11 16 16 13 0 2 17 23 0 22 17 13 6 11 29 19 13 23 0 16 29 10 13 11 24 2 7
split_gain=1256.66 1469.02 6712.72 3143.14 2148.91 5169.67 7938.18 2168.42 1476.39 2080.19 1376.68 1536.75 1119.4 2184.49 1386.61 2051.75 3958.57 1346.45 1376.18 1347.95 1815.78 1307.66 1578.89 1250.8 1064.88 4903.19 1287.78 1084.1 1042.3 1166.1
threshold=10.18733216452757 12.273067053899736 304.92000000000002 300.34000000000009 369.22538690476193 359.83952380952383 11.61371199602779 3.5000000000000004 1.0000000180025095e-35 43.955569731031112 22.154166666666672 4.5000000000000009 20.850000000000005 45.001873527224213 35.966705933943722 -0.55657520495441892 341.00500000000005 0.72142857142857142 429.90500000000003 37.162828750675423 33.822916666666679 12.500000000000002 355.31428571428575 6.6336309523809529 422.73000000000008 40.836453743340819 389.59000000000009 20.147321428571434 1.5000000000000002 -0.34234976856068178
decision_type=2 2 2 2 2 2 2 2 2 2 2 2 2 2 2 2 2 2 2 2 2 2 2 2 2 2 2 2 2 2
left_child=-1 2 -2 -3 5 7 -7 -4 9 10 11 -5 13 14 15 16 -10 18 -14 20 28 -19 -23 -17 26 27 -16 -26 -20 -30
right_child=1 3 4 8 -6 6 -8 -9 12 -11 -12 -13 17 -15 24 23 -18 21 19 -21 -22 22 -24 -25 25 -27 -28 -29 29 -31
leaf_value=0.10297921251557354 -0.67236117518312022 0.37338226557823651 -0.31446203615354457 -0.20752614761631075 0.073407935688140788 -0.7377651659881368 -0.059512668377640902 0.049435917484468878 0.065183656248781419 -0.25358443676039227 0.20661185050649303 0.091745524981192192 0.040920361659502934 -0.36371259774933473 0.0014776406080661635 -0.04771297201214688 -0.57822012217605812 0.015039287300818173 0.13215765175409616 0.018782831707309624 0.018895208203598211 -0.087078885937278916 0.24778961931588128 0.17269156797608334 0.11759549637917768 -0.57894998050871349 0.11277383029392343 -0.14661962201197942 -0.17590879876050169 -0.057988473335726265
leaf_weight=288 43 57 46 52 312 68 118 372 45 43 210 245 1534 47 1282 1640 51 259 48 1320 575 44 176 67 110 42 326 60 360 502
leaf_count=288 43 57 46 52 312 68 118 372 45 43 210 245 1534 47 1282 1640 51 259 48 1320 575 44 176 67 110 42 326 60 360 502
internal_value=1.06042e-10 -0.00294987 -0.061808 0.00325628 -0.0331467 -0.0881881 -0.307476 0.00938973 0.000922004 0.0803103 0.108629 0.0393478 -0.00422215 -0.0250268 -0.0206331 -0.051711 -0.276625 0.0116253 0.00284308 -0.0179807 -0.0506593 0.0911789 0.180816 -0.0390621 0.0101544 -0.0951772 0.0240414 0.0243431 -0.0946086 -0.107236
internal_weight=10342 10054 959 9095 916 604 186 418 9038 550 507 297 8488 3670 3623 1803 96 4818 4339 2805 1485 479 220 1707 1820 212 1608 170 910 862
internal_count=10342 10054 959 9095 916 604 186 418 9038 550 507 297 8488 3670 3623 1803 96 4818 4339 2805 1485 479 220 1707 1820 212 1608 170 910 862
is_linear=0
shrinkage=0.05


Tree=107
num_leaves=31
num_cat=0
split_feature=11 11 5 15 9 11 12 6 29 16 25 15 28 6 18 2 23 4 15 15 25 17 6 6 25 15 15 9 18 13
split_gain=1282.67 1242.4 944.294 1177.08 1375.31 1688.52 1550.07 1076.04 1996.91 1681.77 1301.46 1004.97 990.691 957.499 1538.86 818.353 835.732 1616.18 804.927 1078.32 2319.61 1922.58 1285.41 961.835 1078.03 868.146 1437.5 1225.12 1164.3 1021.64
threshold=251.51500000000001 300.34000000000009 1.0000000180025095e-35 410.45000000000005 310.25500000000005 369.18500000000006 343.55062500000003 -0.94705910369513524 0.042857142857142837 367.44089285714284 -1.0000000180025095e-35 414.34000000000009 13.704464285714289 -0.90163369914317015 304.34000000000009 4.5000000000000009 25.764583333333334 -0.60355339059327362 340.62500000000006 411.15500000000003 -5.8500000000000005 43.364923875081082 0.94138322595482449 0.90892735371523092 -4.7499999999999991 419.54000000000008 416.82000000000005 320.47000000000008 168.59000000000003 35.604678725174857
decision_type=2 2 2 2 2 2 2 2 2 2 2 2 2 2 2 2 2 2 2 2 2 2 2 2 2 2 2 2 2 2
left_child=-1 -2 7 4 12 -6 -7 8 9 10 -3 -5 -4 14 -9 -13 -17 -18 -15 22 -21 25 23 24 -20 26 -22 -28 -27 -30
right_child=1 2 3 11 5 6 -8 13 -10 -11 -12 15 -14 18 -16 16 17 -19 19 20 21 -23 -24 -25 -26 28 27 -29 29 -31
leaf_value=-0.27910801223138487 0.27580088250702478 0.42347602713077026 -0.067172416793082043 -0.16750743869900497 0.046567143269828165 -0.37463612860959511 -0.010379823045805097 -0.013528066325622302 -0.15308520573501785 0.063146505749185955 0.087360619528529554 -0.018005904727394648 0.14850883992581532 0.1339818222166011 -0.34850320403153701 -0.024180264146348766 -0.40326315134341989 -0.085181032153950245 0.15750380797932548 -0.22557124092007977 0.024546140115596578 -0.26886748705680169 0.11722259018015826 -0.15718316364130289 -0.025646499727709427 0.206402784853708 0.025451366975903514 0.3290421046592571 -0.036298235890602597 0.051876474729654912
leaf_weight=41 41 72 649 143 1642 46 80 120 72 263 48 2046 58 132 48 215 53 162 84 83 167 48 168 132 1846 96 48 108 456 1175
leaf_count=41 41 72 649 143 1642 46 80 120 72 263 48 2046 58 132 48 215 53 162 84 83 167 48 168 132 1846 96 48 108 456 1175
internal_value=6.59153e-11 0.0011109 1.32157e-05 -0.0152624 0.00946191 0.0330314 -0.143362 0.0150759 0.0885033 0.133919 0.28903 -0.0386272 -0.0494786 0.0079841 -0.109235 -0.0311838 -0.0938861 -0.163592 0.0123189 0.00867808 0.0336758 0.043932 -0.0157704 -0.0266059 -0.0176752 0.0512561 0.126494 0.23563 0.0371844 0.0272243
internal_weight=10342 10301 10260 5094 2475 1768 126 5166 455 383 120 2619 707 4711 168 2476 430 215 4543 4411 2181 2098 2230 2062 1930 2050 323 156 1727 1631
internal_count=10342 10301 10260 5094 2475 1768 126 5166 455 383 120 2619 707 4711 168 2476 430 215 4543 4411 2181 2098 2230 2062 1930 2050 323 156 1727 1631
is_linear=0
shrinkage=0.05


Tree=108
num_leaves=31
num_cat=0
split_feature=4 11 11 14 13 25 7 25 14 9 29 9 2 12 9 9 16 10 25 23 25 10 10 9 18 10 6 25 6 19
split_gain=1225.15 1586.19 1012.52 1016.61 1190.29 2007.63 1154.54 1094.54 1455.49 1781.35 1329.53 1232.57 1225.46 1252.47 1156.51 1726.93 1111.96 1149.72 1351.4 1196.54 1782.18 1586.21 3856.14 2224.73 1066.69 1170.64 1020.24 1872.12 1773.22 1109.99
threshold=0.12940952255126045 300.34000000000009 303.74500000000006 237.45500000000001 43.388145002387454 -1.0000000180025095e-35 -0.14250536273956091 1.6499999999999988 330.12500000000006 343.21500000000009 5.5092261904761912 331.61000000000007 3.5000000000000004 322.31208333333342 325.2050000000001 318.93000000000006 374.74690476190477 311.48000000000008 1.2000000000000013 29.108333333333338 -0.59999999999999865 350.36500000000007 363.22500000000008 320.85500000000008 327.8300000000001 392.93500000000006 0.099822040462190967 4.4500000000000011 0.46800856592688472 448.32500000000005
decision_type=2 2 2 2 2 2 2 2 2 2 2 2 2 2 2 2 2 2 2 2 2 2 2 2 2 2 2 2 2 2
left_child=2 -2 -1 -4 7 -6 -7 8 10 11 12 -10 13 -5 15 -12 17 -14 19 20 -19 -22 -23 -24 25 -11 -9 28 -28 -30
right_child=1 -3 3 4 5 6 -8 26 9 24 14 -13 16 -15 -16 -17 -18 18 -20 -21 21 22 23 -25 -26 -27 27 -29 29 -31
leaf_value=0.23543622697022959 -0.27858138951505057 -0.015489479783376512 0.11576872693740914 -0.19806257742643357 -0.38045552840026531 -0.16654835557565095 0.1666386432802448 -0.0044037689703446412 0.33699219725452939 0.0021022529700504881 0.12057648437718552 0.082234243291597342 -0.29901583836354478 0.011626803000578955 0.23948798642439001 -0.19476195998140611 -0.29391568250094474 -0.021833431837923082 0.22180973500013354 0.029256610169265701 -0.048960560665444568 -0.70400834852238992 -0.39521366694386595 0.0085304322619648553 0.053903375829641637 -0.28407812504327462 0.25233606529612856 -0.15125722199097857 0.041531006704031211 0.23027286028673691
leaf_weight=52 58 4682 234 75 52 52 52 517 52 70 135 546 47 1410 85 64 52 391 45 279 131 41 57 85 130 73 166 77 541 91
leaf_count=52 58 4682 234 75 52 52 52 517 52 70 135 546 47 1410 85 64 52 391 45 279 131 41 57 85 130 73 166 77 541 91
internal_value=3.55398e-11 -0.0187087 0.01583 0.0137724 0.00928271 -0.126788 4.51439e-05 0.0133965 -0.000600171 0.0560739 -0.0176396 0.104387 -0.0288065 0.00103643 0.085104 0.0191611 -0.0680944 -0.0571811 -0.0461352 -0.0583888 -0.093074 -0.181784 -0.276866 -0.153536 -0.049755 -0.14399 0.051284 0.0841875 0.106906 0.0687074
internal_weight=10342 4740 5602 5550 5316 156 104 5160 3768 871 2897 598 2613 1485 284 199 1128 1076 1029 984 705 314 183 142 273 143 1392 875 798 632
internal_count=10342 4740 5602 5550 5316 156 104 5160 3768 871 2897 598 2613 1485 284 199 1128 1076 1029 984 705 314 183 142 273 143 1392 875 798 632
is_linear=0
shrinkage=0.05


Tree=109
num_leaves=31
num_cat=0
split_feature=4 18 9 22 0 11 22 15 23 10 2 0 11 11 9 7 27 25 14 18 18 14 19 13 0 25 15 6 14 6
split_gain=1105.7 1523.07 1042 3511.93 10928 2222.85 1272.43 1237 1223.67 1148.66 1078.24 992.413 1127.12 931.696 847.287 1620.8 1342.38 1300.87 1003.26 841.949 908.382 813.986 1005.34 994.906 1190.39 2085.1 960.447 895.142 1720.71 1260.28
threshold=0.12940952255126045 77.640000000000015 339.17000000000002 35.850000000000009 4.5000000000000009 300.34000000000009 28.600000000000005 434.15000000000003 36.685416666666676 421.88500000000005 2.5000000000000004 22.500000000000004 304.92000000000002 371.64000000000004 308.23000000000008 -0.43733099657705293 3.1791666666666676 3.2999999999999985 331.68000000000006 324.54000000000002 310.8300000000001 237.45500000000001 420.76000000000005 43.097692111487184 13.500000000000002 -1.5999999999999985 384.18000000000006 0.94138322595482449 320.40000000000003 0.80417553764032002
decision_type=2 2 2 2 2 2 2 2 2 2 2 2 2 2 2 2 2 2 2 2 2 2 2 2 2 2 2 2 2 2
left_child=11 -2 3 5 -5 -3 7 -4 10 14 -8 12 -1 -6 15 -7 -17 -18 19 20 -16 22 26 27 -25 -26 -14 29 -29 -23
right_child=1 2 6 4 13 9 8 -9 -10 -11 -12 -13 21 -15 18 16 17 -19 -20 -21 -22 23 -24 24 25 -27 -28 28 -30 -31
leaf_value=0.28550028134137395 -0.23980402823929725 0.33760056903755126 -0.20983745666680398 -0.87990757887988968 0.22459138357503849 -0.29980086242513998 0.31603945139795542 0.019042133181834439 0.013923887202135202 -0.22050692749874934 0.086018515815419597 -0.057855773262199872 0.14077367176443845 -0.10882773315533996 0.011577740119173903 0.056818203595418906 -0.067282820491032444 -0.38086156573845076 -0.10121171923113284 0.10192756436358928 -0.054772407668447834 0.023519724603345074 0.22189929537751057 0.11498578694069161 -0.45162622403692121 -0.047862662718846254 -0.16042425880829495 0.36996859594558679 0.052977045557127726 -0.055383577494738462
leaf_weight=40 76 44 77 48 44 70 88 253 220 70 121 431 59 40 2018 194 191 40 257 196 693 3671 108 53 44 117 48 48 396 587
leaf_count=40 76 44 77 48 44 70 88 253 220 70 121 431 59 40 2018 194 191 40 257 196 693 3671 108 53 44 117 48 48 396 587
internal_value=-1.67753e-10 -0.0177733 -0.0141553 -0.0245745 -0.278081 -0.0157055 0.0394508 -0.0343631 0.0962307 -0.0198743 0.182869 0.0150385 0.0211142 0.0658204 -0.016036 -0.0768663 -0.0401476 -0.121582 -0.00651928 0.00185222 -0.00538303 0.0190531 0.114281 0.0148883 -0.0905478 -0.158208 0.00565684 0.019687 0.0872464 0.0126423
internal_weight=10342 4740 4664 3905 132 3773 759 330 429 3729 209 5602 5171 84 3659 495 425 231 3164 2907 2711 5131 215 4916 214 161 107 4702 444 4258
internal_count=10342 4740 4664 3905 132 3773 759 330 429 3729 209 5602 5171 84 3659 495 425 231 3164 2907 2711 5131 215 4916 214 161 107 4702 444 4258
is_linear=0
shrinkage=0.05


Tree=110
num_leaves=31
num_cat=0
split_feature=11 11 5 10 6 29 16 6 14 17 25 17 17 7 9 15 0 2 11 10 25 25 24 9 22 27 28 16 10 15
split_gain=1151.57 1078.05 873.882 1430.61 1182.82 1843.67 2096.23 1182.43 2087.12 966.596 4577.31 1116.31 849.154 3115.98 1340.67 1111.39 979.349 941.501 1063.64 907.503 839.406 822.189 1322.76 1251.95 1249.53 1523.82 1555.46 1189.79 1013.46 1133.7
threshold=251.51500000000001 300.34000000000009 0.60355339059327384 316.14000000000004 -0.94705910369513524 0.042857142857142837 367.44089285714284 -0.90163369914317015 305.60000000000008 45.46741229618474 1.1000000000000008 42.083480930672401 26.885045155687585 -0.99628250747696534 306.17000000000002 350.38000000000005 12.500000000000002 1.0000000180025095e-35 356.49000000000007 351.91500000000008 1.0000000180025095e-35 -0.59999999999999865 11.78184523809524 321.17500000000007 13.050000000000002 2.4437500000000005 0.7767857142857143 377.38086309523811 337.61500000000007 360.44000000000005
decision_type=2 2 2 2 2 2 2 2 2 2 2 2 2 2 2 2 2 2 2 2 2 2 2 2 2 2 2 2 2 2
left_child=-1 -2 3 -3 5 6 20 8 -6 11 -11 12 17 -14 15 16 -15 18 -9 -17 -5 22 23 -16 28 -26 -27 -23 -24 -30
right_child=1 2 -4 4 7 -7 -8 9 -10 10 -12 -13 13 14 21 19 -18 -19 -20 -21 -22 27 24 -25 25 26 -28 -29 29 -31
leaf_value=-0.26446012440251143 0.25692952526051827 0.18743203812622811 -0.022945876140301406 0.32610506034698811 -0.43474396887439781 -0.12380285688182886 0.04143979586961289 0.0041537993564838317 -0.040832778458847085 -0.42026623844433192 0.16640076648839044 0.13461113732397378 -0.39592178136017175 -0.13984714935020523 -0.016754437405235915 -0.31759542641349331 0.075265793637170092 0.031967993636576153 0.33687314492618214 -0.052384641915559776 0.08365515727075 0.029218234531054432 -0.10332609851132422 -0.37238401352614164 -0.014587322541904313 -0.044866997945834611 -0.41015280612616567 -0.14447904744222029 0.29921479894528313 0.061981071112862975
leaf_weight=41 41 111 2949 119 41 102 372 41 187 67 66 167 50 98 49 78 115 567 58 55 51 2947 68 50 1317 68 51 102 63 251
leaf_count=41 41 111 2949 119 41 102 372 41 187 67 66 167 50 98 49 78 115 567 58 55 51 2947 68 50 1317 68 51 102 63 251
internal_value=-4.3412e-11 0.0010526 3.0093e-05 0.00929779 0.00655155 0.0712122 0.107912 0.000199902 -0.111668 0.00423053 -0.129138 0.00709381 0.00356107 -0.00305272 0.00064522 -0.0945175 -0.0237064 0.056809 0.19908 -0.207922 0.25337 0.00727557 -0.0183823 -0.196365 -0.00869012 -0.0300698 -0.201418 0.0234074 0.0716796 0.109579
internal_weight=10342 10301 10260 7311 7200 644 542 6556 228 6328 133 6195 6028 5362 5312 346 213 666 99 133 170 4966 1917 99 1818 1436 119 3049 382 314
internal_count=10342 10301 10260 7311 7200 644 542 6556 228 6328 133 6195 6028 5362 5312 346 213 666 99 133 170 4966 1917 99 1818 1436 119 3049 382 314
is_linear=0
shrinkage=0.05


Tree=111
num_leaves=31
num_cat=0
split_feature=11 11 23 23 14 23 9 0 17 16 12 18 24 9 15 27 13 24 13 25 14 27 16 5 10 22 16 10 0 14
split_gain=1039.29 972.938 815.899 3120.99 1193.47 991.4 837.277 1317.96 985.472 932.9 1561.61 1328.12 950.262 1385.93 1417.25 923.131 1982.51 2099.62 3358.97 1504.81 1819.97 1368.99 1053.36 1011.94 999.905 895.779 894.243 1278.64 1026.16 872.903
threshold=251.51500000000001 300.34000000000009 36.110416666666673 36.00833333333334 342.35500000000008 36.443750000000009 347.14500000000004 15.500000000000002 36.30660020481325 373.54505952380958 390.21750000000003 323.28500000000003 27.199702380952385 307.05500000000001 369.31500000000005 0.23333333333333348 39.552887350455784 23.059523809523814 34.975457414045742 1.1000000000000008 306.80000000000007 0.36875000000000008 342.69351190476198 0.60355339059327384 316.14000000000004 35.850000000000009 371.99735119047625 428.59000000000003 11.500000000000002 335.57000000000011
decision_type=2 2 2 2 2 2 2 2 2 2 2 2 2 2 2 2 2 2 2 2 2 2 2 2 2 2 2 2 2 2
left_child=-1 -2 3 4 6 -4 9 8 -8 10 11 12 15 -14 -15 16 17 18 -3 20 -19 -17 -21 24 -23 -16 27 28 -26 -13
right_child=1 2 5 -5 -6 -7 7 -9 -10 -11 -12 29 13 14 25 21 -18 19 -20 22 -22 23 -24 -25 26 -27 -28 -29 -30 -31
leaf_value=-0.25123711359210132 0.24408304389657043 -0.081341165210149891 0.20100097072351242 -0.33226993057566384 -0.25047786969225855 0.02778467511954201 0.33034511731239036 -0.077894701017066845 0.067113217561272906 -0.050816038075188419 0.28689307390401758 0.13106959466592041 -0.1893742945122843 0.11274940100560656 0.0039748763667149453 0.10911002555524062 0.056905365289795944 -0.34367410965931061 -0.5005875803840657 0.15491349890421169 -0.064473001379795961 0.18532451087314833 -0.030498922869649739 -0.048996663682692877 -0.031892422802672633 0.2234901157595838 0.14760524389739749 -0.2302457047046208 0.030497837077795839 -0.099236706756831466
leaf_weight=41 41 142 92 72 48 809 64 72 80 911 48 288 72 442 1462 259 336 67 72 119 453 76 215 1156 1239 48 101 61 1408 48
leaf_count=41 41 142 92 72 48 809 64 72 80 911 48 288 72 442 1462 259 336 67 72 119 453 76 215 1156 1239 48 101 61 1408 48
internal_value=2.375e-10 0.000999973 2.85886e-05 -0.00434625 -0.00180393 0.0454716 -0.000511982 0.0967719 0.184105 -0.00284084 0.0025469 0.000854367 -0.00337669 0.0260569 0.0340031 -0.0138209 -0.0490225 -0.0823481 -0.222396 -0.0472541 -0.100447 -0.00232712 0.0355612 -0.00946946 0.00636882 0.0109528 0.00152701 -0.00392125 0.00129439 0.0981687
internal_weight=10342 10301 10260 9359 9287 901 9239 216 144 9023 8112 8064 7728 2024 1952 5704 1404 1068 214 854 520 4300 334 4041 2885 1510 2809 2708 2647 336
internal_count=10342 10301 10260 9359 9287 901 9239 216 144 9023 8112 8064 7728 2024 1952 5704 1404 1068 214 854 520 4300 334 4041 2885 1510 2809 2708 2647 336
is_linear=0
shrinkage=0.05


Tree=112
num_leaves=31
num_cat=0
split_feature=13 13 18 11 16 24 15 2 17 10 0 19 5 22 6 6 29 4 12 10 17 13 9 18 6 25 19 13 23 24
split_gain=1006.28 1297.74 6245.25 2640.93 1610.15 7200.38 2345.79 1222.65 1626.28 1166.02 969.337 845.455 807.835 831.576 1349.93 3032.26 1052.1 1161.58 1926.59 1033.75 2013.35 953.996 912.728 942.099 1037.57 792.84 765.298 1099.89 1109.61 972.304
threshold=10.18733216452757 12.273067053899736 154.41500000000005 300.34000000000009 369.22538690476193 34.260416666666671 354.9500000000001 1.0000000180025095e-35 43.955569731031112 308.37500000000006 22.500000000000004 448.25000000000006 -0.9159756150367534 20.850000000000005 -0.72696319516528884 -0.8041866928211282 0.91398809523809532 -0.60355339059327362 373.22770833333334 428.59000000000003 37.123945814626033 35.966705933943722 298.98500000000007 301.55000000000001 -0.55657520495441892 0.60000000000000064 429.90500000000003 37.162828750675423 33.822916666666679 22.261309523809526
decision_type=2 2 2 2 2 2 2 2 2 2 2 2 2 2 2 2 2 2 2 2 2 2 2 2 2 2 2 2 2 2
left_child=11 2 -2 -3 5 6 -4 8 9 -5 12 -1 -9 14 15 -14 26 18 -18 21 -21 22 -16 -24 -25 -6 -15 28 29 -28
right_child=1 3 4 7 25 -7 -8 10 -10 -11 -12 -13 13 16 19 -17 17 -19 -20 20 -22 -23 23 24 -26 -27 27 -29 -30 -31
leaf_value=0.14161175268177262 -0.62002204415646012 0.34246390380880287 0.014094430464707937 -0.13348404427572175 0.16395589491973322 -0.66428494888047385 -0.29195905303996472 0.040491254989073536 -0.22192824039348338 0.1231393169998049 -0.085225136215694497 -0.05623015667208367 0.079267305713146941 0.032792008413427845 -0.27916159499436616 -0.53638931412249802 0.003910966004644122 0.026600531147649653 0.43321672958055779 0.036832914647706987 -0.4450247765041706 0.013837903210224704 0.0066990711695297973 -0.32264091080054641 -0.061075579949466968 0.00012383203383781923 0.11045841379479196 0.020264132431114159 0.013163310142296186 -0.098841287291571378
leaf_weight=216 47 57 480 49 120 48 72 1064 43 458 349 72 40 1278 40 40 49 195 56 46 41 1424 662 40 727 192 60 1160 479 738
leaf_count=216 47 57 480 49 120 48 72 1064 43 458 349 72 40 1278 40 40 49 195 56 46 41 1424 662 40 727 192 60 1160 479 738
internal_value=4.06994e-11 -0.0026397 -0.0579603 0.00319345 -0.0289944 -0.0769023 -0.0258256 0.00105377 0.0732985 0.0983375 -0.0036275 0.0921513 -0.000128598 -0.00623736 -0.0258728 -0.228561 0.0087276 0.0987963 0.232874 -0.0204315 -0.190249 -0.0153246 -0.0435938 -0.0369999 -0.0747165 0.0631362 0.00145422 -0.0149798 -0.0469946 -0.0831045
internal_weight=10342 10054 959 9095 912 600 552 9038 550 507 8488 288 8139 7075 3060 80 4015 300 105 2980 87 2893 1469 1429 767 312 3715 2437 1277 798
internal_count=10342 10054 959 9095 912 600 552 9038 550 507 8488 288 8139 7075 3060 80 4015 300 105 2980 87 2893 1469 1429 767 312 3715 2437 1277 798
is_linear=0
shrinkage=0.05


Tree=113
num_leaves=31
num_cat=0
split_feature=11 24 29 5 15 15 12 15 13 12 0 10 9 13 13 15 13 24 10 27 28 17 9 12 11 17 16 24 7 15
split_gain=992.1 791.468 848.942 715.593 1141.6 814.771 728.341 1137.29 987.729 665.777 675.821 1037.04 3169.2 1137.07 864.065 1004.27 890.136 882.669 849.887 1945.24 1155.15 1131.51 1139.47 829.088 780.187 731.698 644.908 729.409 2037.88 745.502
threshold=251.51500000000001 10.784523809523812 6.8101190476190476 -0.5 456.68500000000006 448.46000000000009 390.01729166666672 443.84500000000008 39.632000410159492 386.17854166666672 12.500000000000002 421.88500000000005 326.53000000000003 35.065253950596635 30.043392036228472 350.90000000000003 10.892110485812649 17.663095238095242 428.59000000000003 1.3062500000000001 0.12678571428571431 38.510675973285949 306.17000000000002 342.59229166666677 351.62000000000006 39.084321583459101 377.38086309523811 34.75833333333334 -0.98521978256641018 378.33000000000004
decision_type=2 2 2 2 2 2 2 2 2 2 2 2 2 2 2 2 2 2 2 2 2 2 2 2 2 2 2 2 2 2
left_child=-1 -2 3 4 5 6 7 9 -9 10 11 13 -13 14 15 16 -3 -16 20 -20 -12 22 -22 -17 -18 -23 27 28 -5 -30
right_child=1 2 -4 26 -6 -7 -8 8 -10 -11 18 12 -14 -15 17 23 24 -19 19 -21 21 25 -24 -25 -26 -27 -28 -29 29 -31
leaf_value=-0.24546710223686408 0.09071201759545755 0.10169003799557685 -0.17344636011107917 -0.33718858525777856 0.26102195729811989 -0.16124867540784182 -0.19311980139464141 0.34707435010932386 0.059495664194603518 0.21814145375043156 0.24786509351272668 -0.51000094608199309 0.015141986729577185 0.069183339000452079 0.037210117716614796 0.12082452198060661 -0.059170921013823576 -0.24692352167217108 0.022824022391190135 -0.37317748134955764 -0.20892005612341957 0.30813453322233159 0.023924771646096799 -0.012382548720605912 -0.28346908011784161 0.088169099890850866 -0.10386097843928094 0.040885829607397908 0.015615499812810517 -0.022751834797696095
leaf_weight=41 240 40 71 48 48 64 40 48 79 40 70 41 96 434 41 156 84 82 138 40 56 43 851 465 72 313 176 712 1894 3819
leaf_count=41 240 40 71 48 48 64 40 48 79 40 70 41 96 434 41 156 84 82 138 40 56 43 851 465 72 313 176 712 1894 3819
internal_value=-6.08559e-11 0.000977007 -0.00116358 6.08566e-05 0.018939 0.0154103 0.0189118 0.0215713 0.168187 0.0154903 0.0128079 -0.010837 -0.142018 0.00224284 -0.0286637 -0.0100634 -0.108737 -0.152212 0.0364529 -0.0661651 0.0501558 0.0391981 0.00954846 0.0210801 -0.162693 0.114738 -0.00942508 -0.00685738 -0.012758 -0.0100321
internal_weight=10342 10301 10061 9990 3341 3293 3229 3189 127 3062 3022 1511 137 1374 940 817 196 123 1511 178 1333 1263 907 621 156 356 6649 6473 5761 5713
internal_count=10342 10301 10061 9990 3341 3293 3229 3189 127 3062 3022 1511 137 1374 940 817 196 123 1511 178 1333 1263 907 621 156 356 6649 6473 5761 5713
is_linear=0
shrinkage=0.05


Tree=114
num_leaves=31
num_cat=0
split_feature=4 11 22 10 13 5 16 12 9 6 15 15 15 10 2 13 9 19 0 9 7 23 12 10 6 24 17 12 2 6
split_gain=936.776 1526.06 870.264 1107.83 1271.45 814.978 1053.57 801.617 879.461 1019.98 798.1 945.787 853.41 1599.74 763.91 734.215 1176.08 979.194 1343.09 903.961 1038.68 727.158 718.602 722.533 882.11 735.272 1094.95 698.953 798.076 673.49
threshold=0.12940952255126045 300.34000000000009 34.70000000000001 340.09000000000009 23.806290621741663 -0.3794095225512602 374.74690476190477 352.57958333333346 340.36500000000007 0.048362692321690152 456.68500000000006 448.46000000000009 443.62000000000006 421.88500000000005 1.5000000000000002 39.056789889499733 299.45000000000005 410.79000000000002 7.5000000000000009 320.76000000000005 0.89691351184655443 37.78958333333334 390.21750000000003 413.45000000000005 0.96465729447553372 11.877976190476192 37.97855033243988 325.19437500000009 4.5000000000000009 -0.63921128368950708
decision_type=2 2 2 2 2 2 2 2 2 2 2 2 2 2 2 2 2 2 2 2 2 2 2 2 2 2 2 2 2 2
left_child=2 -2 5 4 -4 -1 22 -5 9 29 11 12 13 15 -14 16 -3 18 27 -17 -21 -10 23 24 25 26 -7 -18 -29 -9
right_child=1 10 3 7 -6 6 -8 8 21 -11 -12 -13 14 -15 -16 19 17 -19 -20 20 -22 -23 -24 -25 -26 -27 -28 28 -30 -31
leaf_value=0.032559869477470048 -0.27125852652664845 -0.25523001359844649 0.4384091497921363 -0.16874711615283317 0.049244291603911756 0.21579218193550004 -0.11540334144676175 0.25235133132962295 -0.097205419116653508 0.34677146271699005 0.15943922670840316 -0.17801770196423272 0.2437580324506218 -0.28547490375370466 0.030276926810620355 -0.039573616402177637 -0.092036822187499367 -0.03435399876796192 -0.055593645868227931 0.049605952735521312 0.30491757060993807 0.073994961812449009 0.20955313747748733 -0.20725992536822033 0.10569027885845812 -0.015686570088351323 -0.023847957686162914 0.15267762832842985 0.0097016502637416128 0.024927736868136634
leaf_weight=1924 58 54 41 41 43 88 216 43 112 45 66 88 55 55 176 283 52 2673 288 421 44 139 40 43 182 2407 104 276 151 134
leaf_count=1924 58 54 41 41 43 88 216 43 112 45 66 88 55 55 176 283 52 2673 288 421 44 139 40 43 182 2407 104 276 151 134
internal_value=1.24579e-10 -0.0163594 0.0138421 0.0708496 0.239194 0.0070295 -0.0089187 0.0433381 0.0617218 0.134217 -0.0132018 -0.0156702 -0.012515 -0.017548 0.0811058 -0.0140741 -0.0236988 -0.0200643 0.0297354 0.0308839 0.0737645 -0.00239724 -0.000887734 -0.00386848 -0.000723631 -0.00817547 0.0859871 0.0810398 0.102117 0.0801775
internal_weight=10342 4740 5602 598 84 5004 3080 514 473 222 4682 4616 4528 4297 231 4242 3494 3440 767 748 465 251 2864 2824 2781 2599 192 479 427 177
internal_count=10342 4740 5602 598 84 5004 3080 514 473 222 4682 4616 4528 4297 231 4242 3494 3440 767 748 465 251 2864 2824 2781 2599 192 479 427 177
is_linear=0
shrinkage=0.05


Tree=115
num_leaves=31
num_cat=0
split_feature=18 2 11 5 4 14 14 13 12 17 17 13 12 24 6 14 15 17 2 9 29 23 28 12 17 19 22 18 22 11
split_gain=924.719 2993.37 1796.58 754.041 663.774 560.422 1114.95 854.042 617.016 528.997 1030.82 994.971 841.57 3696.71 767.572 2311.06 951.067 753.267 631.323 578.829 975.387 914.522 709.322 858.869 561.959 555.476 534.372 553.927 501.279 748.937
threshold=77.640000000000015 1.5000000000000002 300.34000000000009 -0.70710678118654757 -0.98296291314453399 280.24000000000007 298.82500000000005 42.856045418317173 321.94625000000002 38.510675973285949 38.357251931318892 34.214723565693482 372.17666666666673 22.859226190476196 -0.54220184589352438 310.30500000000006 415.62500000000006 36.953961585822704 1.5000000000000002 338.81000000000006 1.4098214285714288 36.306250000000006 0.41398809523809527 334.37125000000009 37.470394543241291 447.65000000000003 38.050000000000004 330.25000000000006 26.950000000000003 361.60500000000008
decision_type=2 2 2 2 2 2 2 2 2 2 2 2 2 2 2 2 2 2 2 2 2 2 2 2 2 2 2 2 2 2
left_child=1 -1 -2 5 -5 7 -7 -4 -8 10 11 14 28 -14 15 -10 -17 25 -19 20 21 -16 -22 -24 -20 -13 27 -21 29 -11
right_child=2 -3 3 4 -6 6 8 -9 9 12 -12 17 13 -15 19 16 -18 18 24 26 22 -23 23 -25 -26 -27 -28 -29 -30 -31
leaf_value=-0.45494956872723202 0.2409577213227749 0.015777039101036887 0.29238246792713957 0.052929219476216122 -0.011463103767215077 -0.22286922525852285 -0.15437236949801447 0.024325623697577379 -0.42954843517925057 0.014730204662806551 -0.23223268284151952 0.085172573250766173 -0.43297296805041174 0.084884441015310591 -0.099745620007376634 0.10468312410267595 -0.19043380848708608 0.16832928256619545 -0.13353646645943326 0.19516856234666766 -0.025876298241755216 0.12250525967942344 0.31495283689527287 0.056723592977673903 0.049825100528482255 0.24483371835314865 -0.070453566046697766 -0.020582411846234688 0.030444441437721254 0.20590232828297939
leaf_weight=47 78 120 48 424 7134 47 48 78 42 71 42 312 42 192 324 78 42 42 90 102 168 54 42 138 78 66 42 42 125 184
leaf_count=47 78 120 48 424 7134 47 48 78 42 71 42 312 42 192 324 78 42 42 90 102 168 54 42 138 78 66 42 42 125 184
internal_value=2.89034e-10 -0.116703 0.00191542 6.88012e-05 -0.00785073 0.0236434 0.0182755 0.126443 0.0230658 0.0267401 0.012402 0.0185841 0.0665316 -0.00806432 -0.0100409 -0.110333 0.0013922 0.0708687 -0.00505759 0.00777417 -0.0123879 -0.0679955 0.0480134 0.116977 -0.0484043 0.11305 0.0864714 0.132241 0.112467 0.152674
internal_weight=10342 167 10175 10097 7558 2539 2413 126 2366 2318 1704 1662 614 234 1074 162 120 588 210 912 726 378 348 180 168 378 186 144 380 255
internal_count=10342 167 10175 10097 7558 2539 2413 126 2366 2318 1704 1662 614 234 1074 162 120 588 210 912 726 378 348 180 168 378 186 144 380 255
is_linear=0
shrinkage=0.05


Tree=116
num_leaves=31
num_cat=0
split_feature=13 13 11 11 12 24 12 0 18 28 2 2 18 6 4 0 11 16 13 9 12 7 25 25 25 2 9 2 11 10
split_gain=891.95 1127.74 5798.82 2391.92 1460.95 2342.62 4632.34 1718.99 2721.54 1839.2 1701.61 1063.4 1473.13 2596.64 1722.58 847.223 754.581 701.845 877.66 687.372 1458.64 2342.76 1099.66 979.607 1020.86 1322.79 1208 899.935 1573.22 837.498
threshold=10.18733216452757 12.273067053899736 304.92000000000002 300.34000000000009 356.35958333333332 34.260416666666671 343.55062500000003 3.5000000000000004 303.19500000000005 0.39345238095238094 5.5000000000000009 1.0000000180025095e-35 228.29500000000004 -0.19337636264337835 -0.37940952255126065 22.500000000000004 320.03500000000003 350.28020833333341 13.508478702830866 322.52000000000004 376.36166666666674 -0.21862536810265826 -6.3499999999999996 -1.0999999999999985 1.1000000000000008 2.5000000000000004 310.04000000000002 3.5000000000000004 359.75500000000005 408.90500000000003
decision_type=2 2 2 2 2 2 2 2 2 2 2 2 2 2 2 2 2 2 2 2 2 2 2 2 2 2 2 2 2 2
left_child=16 2 -2 -3 5 7 -7 8 -4 10 -9 12 13 -5 17 19 -1 -14 -19 20 23 -22 29 -13 27 26 -26 -25 -29 -21
right_child=1 3 4 11 -6 6 -8 9 -10 -11 -12 15 14 -15 -16 -17 -18 18 -20 22 21 -23 -24 24 25 -27 -28 28 -30 -31
leaf_value=0.28828040529042481 -0.621526674926281 0.32583243493317515 -0.52547682762145997 0.26262634698068726 0.25369134931401777 -0.62192535828799012 0.072722542068610591 -0.42787185244262221 0.00026699804002419116 0.054675692951706802 -0.026761994085823877 0.026813459837497469 0.40254729754394952 -0.16860159428397312 0.039519912255927922 -0.07973462465435352 0.054254771487162103 0.33067652445700435 0.018398211374878886 -0.048374987090217703 0.038301580458494799 -0.4663245809143004 0.01595211694386639 -0.01059622898961053 -0.34079429763369262 0.030266244370425577 -0.050485606364321048 -0.080912292223725327 -0.33705080425825673 -0.32027320299297574
leaf_weight=40 43 57 40 48 44 48 48 40 64 554 78 1077 54 128 230 349 248 45 45 97 46 46 4686 345 40 892 344 457 69 40
leaf_count=40 43 57 40 48 44 48 48 40 64 554 78 1077 54 128 230 349 248 45 45 97 46 46 4686 345 40 892 344 457 69 40
internal_value=1.84532e-10 -0.00248522 -0.0540552 0.00295245 -0.0274162 -0.0416006 -0.274601 -0.0127757 -0.201942 0.0165 -0.162731 0.00091614 0.0682919 -0.050994 0.124426 -0.00344963 0.0867583 0.260041 0.174537 -0.000178535 -0.0177025 -0.214012 0.0118699 -0.0121006 -0.0316211 -0.00313584 -0.0807261 -0.0733515 -0.114512 -0.127761
internal_weight=10342 10054 959 9095 916 872 96 776 104 672 118 9038 550 176 374 8488 288 144 90 8139 3316 92 4823 3224 2147 1276 384 871 526 137
internal_count=10342 10054 959 9095 916 872 96 776 104 672 118 9038 550 176 374 8488 288 144 90 8139 3316 92 4823 3224 2147 1276 384 871 526 137
is_linear=0
shrinkage=0.05


Tree=117
num_leaves=31
num_cat=0
split_feature=11 11 26 27 24 4 28 11 9 2 9 5 15 18 15 6 16 15 2 6 7 11 13 15 0 9 14 10 0 7
split_gain=941.01 710.986 625.793 2165.22 911.814 2314.72 1744.87 991.753 1294.16 2175.61 2981.75 1074.1 1017.04 957.985 1135.05 1291.95 874.37 855.822 853.218 833.32 832.614 1479.84 805.806 837.082 1017.6 1219.37 943.196 937.504 1371.05 904.368
threshold=251.51500000000001 300.34000000000009 4.772916666666668 1.0000000180025095e-35 20.999702380952385 -0.37940952255126065 3.5315476190476196 323.16500000000008 312.11500000000007 1.0000000180025095e-35 308.64500000000004 0.37940952255126048 350.38000000000005 311.10000000000008 421.70500000000004 0.048362692321690152 375.71041666666673 447.92000000000002 1.0000000180025095e-35 -0.91597725483594616 -0.25206183926700709 415.84500000000008 35.966705933943722 376.99500000000006 21.500000000000004 322.36500000000007 304.92000000000002 308.37500000000006 1.5000000000000002 0.91852788691372023
decision_type=2 2 2 2 2 2 2 2 2 2 2 2 2 2 2 2 2 2 2 2 2 2 2 2 2 2 2 2 2 2
left_child=-1 -2 3 -3 5 6 -4 18 9 10 -9 13 -11 -10 15 -15 20 22 19 -6 21 -16 23 27 26 -26 -25 28 -5 -28
right_child=1 2 4 17 7 -7 -8 8 11 12 -12 -13 -14 14 16 -17 -18 -19 -20 -21 -22 -23 -24 24 25 -27 29 -29 -30 -31
leaf_value=-0.23906311109298614 0.20875007194898476 -0.34676340199269667 0.087660698087679012 -0.36512902809715853 0.069606832570807881 -0.012927003850229086 0.52797304966383507 -0.60204045003236728 0.050562714579081527 0.13449714723520165 -0.065346740687695845 -0.028546404651175833 -0.088754670696259752 -0.014121568507204455 -0.093211471810936933 0.15119549387349532 0.044484369182624883 -0.1128136181854643 0.045580703930202242 0.38667359650135041 -0.025034374410433366 -0.42636003617197277 0.020992669867950359 -0.26645172055472027 -0.41554319120761829 -0.058006344670266441 -0.069823062394491653 0.012453781138820163 -0.024633816781647083 0.022949958806674456
leaf_weight=41 41 48 45 41 43 150 45 43 1624 82 65 1370 135 300 200 195 195 192 383 40 314 40 1820 44 41 57 616 1568 106 458
leaf_count=41 41 48 45 41 43 150 45 43 1624 82 65 1370 135 300 200 195 195 192 383 40 314 40 1820 44 41 57 616 1568 106 458
internal_value=-1.91919e-10 0.000951518 0.000121134 -0.0125665 0.0121394 0.107352 0.307817 0.00759553 0.00049978 -0.0956566 -0.27903 0.00787373 -0.00439223 0.0252711 -0.00774629 0.0510033 -0.0465728 -0.00932125 0.0770761 0.22241 -0.0786236 -0.148736 -0.00513886 -0.0213652 -0.0530982 -0.207588 -0.0395562 0.00113473 -0.119602 -0.0302606
internal_weight=10342 10301 10260 4991 5269 240 90 5029 4563 325 108 4238 217 2868 1244 495 749 4943 466 83 554 240 4751 2931 1216 98 1118 1715 147 1074
internal_count=10342 10301 10260 4991 5269 240 90 5029 4563 325 108 4238 217 2868 1244 495 749 4943 466 83 554 240 4751 2931 1216 98 1118 1715 147 1074
is_linear=0
shrinkage=0.05


Tree=118
num_leaves=31
num_cat=0
split_feature=11 24 29 5 29 10 25 11 24 24 22 9 23 10 9 23 24 26 26 6 29 0 27 18 9 2 23 28 9 13
split_gain=849.261 678.856 751.578 563.41 562.706 4785.55 1254.25 683.095 590.5 605.603 762.838 622.433 1844.04 657.493 576.648 568.168 1635.41 766.244 659.956 901.364 837.594 1199.66 774.177 655.259 822.924 621.319 496.087 711.742 553.267 495.478
threshold=251.51500000000001 10.784523809523812 6.8101190476190476 -0.70710678118654757 4.8639880952380965 422.73000000000008 -1.0000000180025095e-35 344.92000000000007 13.71666666666667 14.252380952380955 11.950000000000001 307.05500000000001 21.779166666666672 338.16500000000008 318.93000000000006 16.972916666666674 17.553273809523812 2.0666666666666669 4.7500000000000009 0.96904697354198299 0.16607142857142859 12.500000000000002 0.089583333333333362 315.17000000000007 312.11500000000007 3.5000000000000004 10.643750000000002 0.043154761904761883 304.16500000000008 45.804888543381033
decision_type=2 2 2 2 2 2 2 2 2 2 2 2 2 2 2 2 2 2 2 2 2 2 2 2 2 2 2 2 2 2
left_child=-1 -2 3 4 8 6 7 -6 -3 -10 -11 12 -12 -13 -8 16 25 -17 22 20 23 -22 -19 24 -20 -15 28 -28 -5 -26
right_child=1 2 -4 26 5 -7 14 -9 9 10 11 13 -14 15 -16 17 -18 18 19 -21 21 -23 -24 -25 29 -27 27 -29 -30 -31
leaf_value=-0.22710993188183481 0.084010271490551541 0.20200992151318739 -0.1631811580187838 0.030759466667142178 0.059150027930736537 -0.52400684290650223 -0.12392618906562261 0.35136042766273023 -0.14064029149918095 0.18239536218118305 0.063130734192317406 0.17390881522901749 -0.35375509313529446 0.11155977589501576 0.099515703049573037 0.15415417418684352 -0.29081823058702327 -0.23991068418891659 -0.15459515485912562 0.19260496709702746 -0.29719484977262173 0.060130240550885596 -0.010072290394065792 -0.02001240718094871 0.089838077945707445 -0.12610295739024877 0.15293870289141023 -0.0061476330022233018 -0.13959422726052026 -0.073360633194446564
leaf_weight=41 240 48 71 72 40 44 84 40 54 78 72 76 42 88 44 121 54 42 40 90 46 48 287 312 666 40 71 7200 141 50
leaf_count=41 240 48 71 72 40 44 84 40 54 78 72 76 42 88 44 121 54 42 40 90 46 48 287 312 666 40 71 7200 141 50
internal_value=4.41586e-11 0.000903942 -0.00107852 7.3564e-05 0.0205935 -0.0502658 0.0499486 0.205255 0.0285157 0.0247406 0.0288905 0.0231174 -0.0904588 0.0297234 -0.047118 0.023907 -0.0600607 0.0328859 0.0236048 0.0401647 0.0283578 -0.114731 -0.0394134 0.0409517 0.0661115 0.0372902 -0.00679749 -0.00459418 -0.0820099 0.0784415
internal_weight=10342 10301 10061 9990 2506 252 208 80 2254 2206 2152 2074 114 1960 128 1884 182 1702 1581 1252 1162 94 329 1068 756 128 7484 7271 213 716
internal_count=10342 10301 10061 9990 2506 252 208 80 2254 2206 2152 2074 114 1960 128 1884 182 1702 1581 1252 1162 94 329 1068 756 128 7484 7271 213 716
is_linear=0
shrinkage=0.05


Tree=119
num_leaves=31
num_cat=0
split_feature=18 2 11 4 14 25 14 13 19 12 14 9 14 19 6 7 24 25 29 7 0 25 16 23 9 9 13 10 9 24
split_gain=847.732 2682.08 1587.69 606.804 923.742 957.111 1871.88 1018.8 1339.02 1073.76 1010.04 1684.31 1071.49 1303.22 1246.6 1995.15 1063.72 995.906 1172.27 1238.83 1747.5 2345.59 1366.74 1169.71 1056.48 1209.76 1242.67 1019.72 964.925 951.812
threshold=77.640000000000015 1.5000000000000002 300.34000000000009 0.12940952255126045 237.45500000000001 1.6499999999999988 297.53000000000003 39.021921642330845 445.76000000000005 365.78500000000003 330.12500000000006 340.36500000000007 328.75000000000006 448.76000000000005 -0.94705910369513524 -0.10837475778693638 28.144047619047623 -6.3499999999999996 4.241369047619048 0.7487283477006671 21.500000000000004 1.1000000000000008 352.57508928571434 25.764583333333334 325.2050000000001 314.49000000000007 38.934546141866129 346.17000000000007 307.05500000000001 15.646130952380954
decision_type=2 2 2 2 2 2 2 2 2 2 2 2 2 2 2 2 2 2 2 2 2 2 2 2 2 2 2 2 2 2
left_child=1 -1 -2 4 -4 6 -6 8 -7 -10 12 -12 14 -14 15 -8 -17 -16 19 22 21 29 23 -19 25 27 -27 -20 -24 -21
right_child=2 -3 3 -5 5 7 10 -9 9 -11 11 -13 13 -15 17 16 -18 18 24 20 -22 -23 28 -25 -26 26 -28 -29 -30 -31
leaf_value=-0.43191552413429357 0.22655044893423715 0.013663042886958769 0.11147469973983876 -0.013277244888808866 -0.30395936501713905 0.041278082769974633 0.26271197448054762 -0.036314525788649916 0.057799342322425964 0.3106118468883714 0.10801867055943869 -0.030555258300525159 -0.041117258485659815 -0.34817821046767328 0.15373364048233878 0.054663131035362869 -0.20181433247292746 0.1640704798215831 0.0010946848862139244 -0.076502749868124331 -0.39867705714244112 0.21027010251175274 -0.22192189279848185 -0.026977479442797915 0.19719568443357607 -0.24832263763405776 0.035766717151571543 0.21198985417341365 -0.039651899592125513 -0.28263762869279491
leaf_weight=47 78 120 221 4609 52 958 104 325 78 91 481 403 103 52 78 195 51 154 168 154 52 55 78 167 88 76 78 87 1051 88
leaf_count=47 78 120 221 4609 52 958 104 325 78 91 481 403 103 52 78 195 51 154 168 154 52 55 78 167 88 76 78 87 1051 88
internal_value=-1.82438e-10 -0.111739 0.00183395 9.80021e-05 0.011331 0.007129 -0.00602038 0.0416778 0.064169 0.193929 -0.00190324 0.0448453 -0.0162574 -0.144131 -0.00898119 0.0791109 0.00149097 -0.0219686 -0.0279376 -0.0467161 -0.131289 -0.0844737 -0.0263603 0.0646779 0.0400353 0.0062208 -0.104433 0.0730472 -0.0522445 -0.151461
internal_weight=10342 167 10175 10097 5488 5267 3815 1452 1127 169 3763 884 2879 155 2724 350 246 2374 2296 1799 349 297 1450 321 497 409 154 255 1129 242
internal_count=10342 167 10175 10097 5488 5267 3815 1452 1127 169 3763 884 2879 155 2724 350 246 2374 2296 1799 349 297 1450 321 497 409 154 255 1129 242
is_linear=0
shrinkage=0.05


Tree=120
num_leaves=31
num_cat=0
split_feature=11 24 29 23 23 14 15 17 9 16 17 13 17 10 27 4 11 16 22 14 14 11 0 25 15 10 13 12 15 9
split_gain=829.213 580.984 674.016 536.703 2338.25 909.832 794.683 1358.76 1229.88 1225.39 1166.94 1054.11 1191.85 1287.72 1095.06 1221.97 938.424 2285.2 964.673 914.201 2086.86 2823.66 1023.72 944.818 930.737 831.236 814.702 811.246 895.533 837.891
threshold=251.51500000000001 10.784523809523812 6.8101190476190476 36.110416666666673 36.00833333333334 342.35500000000008 376.99500000000006 45.46741229618474 312.25500000000005 368.37294642857142 37.97855033243988 35.966705933943722 36.663766014706894 364.17500000000007 5.1833333333333345 0.60355339059327384 334.00500000000005 369.22538690476193 34.70000000000001 303.91500000000002 304.92000000000002 348.26000000000005 12.500000000000002 0.59999999999999887 358.93000000000006 338.48500000000007 15.052361835783357 390.21750000000003 447.92000000000002 345.01000000000005
decision_type=2 2 2 2 2 2 2 2 2 2 2 2 2 2 2 2 2 2 2 2 2 2 2 2 2 2 2 2 2 2
left_child=-1 -2 3 4 5 6 8 11 19 10 -10 14 13 -13 -8 -16 17 -11 -18 22 21 -21 -3 25 -24 -22 -27 28 29 -14
right_child=1 2 -4 -5 -6 -7 7 -9 9 16 -12 12 27 -15 15 -17 18 -19 -20 20 23 -23 24 -25 -26 26 -28 -29 -30 -31
leaf_value=-0.22441331577010271 0.077775680942383296 -0.031387783104118799 -0.15445130310008226 0.03693645526635659 -0.28730725081016623 -0.21833997541107239 -0.022470356800374756 -0.22611087941461139 0.049340674215297142 -0.42814763261470951 0.17720840900749441 -0.0060445660074333572 -0.0082063028263864145 0.10752001384013816 -0.065586190589237967 -0.34310157048915113 0.017746249674351976 0.013170047746124595 0.26036568385633557 -0.069640373085935917 0.094177206462526877 -0.58983358256518847 0.1382549925368618 -0.1025051431929782 -0.073571033025103996 0.059901076322421434 -0.23456402529921869 0.11842512846148263 -0.097419887529556756 0.20320037407800556
leaf_weight=41 240 359 71 902 72 48 2419 72 480 40 284 455 1990 553 136 56 595 110 44 75 214 40 242 188 66 48 46 120 288 48
leaf_count=41 240 359 71 902 72 48 2419 72 480 40 284 455 1990 553 136 56 595 110 44 75 214 40 242 188 66 48 46 120 288 48
internal_value=4.23158e-11 0.000893209 -0.000940783 0.000150233 -0.00350086 -0.00123444 -7.24148e-05 -0.0101815 0.0218419 0.0517377 0.0968727 -0.0076181 0.0105053 0.0562582 -0.031593 -0.146528 0.00803284 -0.104515 0.0344524 -0.0144869 -0.0586712 -0.250577 0.0259877 -0.0141769 0.0928637 0.0397378 -0.0841989 -0.00834948 -0.0148899 -0.00322715
internal_weight=10342 10301 10061 9990 9088 9016 8968 6137 2831 1553 764 6065 3454 1008 2611 192 789 150 639 1278 611 115 667 496 308 308 94 2446 2326 2038
internal_count=10342 10301 10061 9990 9088 9016 8968 6137 2831 1553 764 6065 3454 1008 2611 192 789 150 639 1278 611 115 667 496 308 308 94 2446 2326 2038
is_linear=0
shrinkage=0.05


Tree=121
num_leaves=31
num_cat=0
split_feature=18 6 11 5 4 15 13 10 14 7 17 17 15 15 17 16 7 16 17 16 16 17 10 6 6 2 11 16 13 6
split_gain=774.892 2589.02 1510.89 572.944 540.834 490.986 548.844 2363.96 1119.12 690.815 672.46 730.475 888.411 933.956 850.301 1746.59 1471.27 1028.95 605.791 592.43 1758.47 580.574 556.217 500.54 572.856 487.799 1892.89 633.488 496.87 453.715
threshold=77.640000000000015 0.63920241694561786 300.34000000000009 -0.70710678118654757 -0.98296291314453399 455.73500000000007 42.554963238344357 422.73000000000008 280.24000000000007 -0.3744658827978154 38.510675973285949 38.357251931318892 411.15500000000003 419.73000000000008 31.513955495909844 354.32372023809529 0.92519182738459482 358.34839285714293 33.256954977665693 355.9445238095239 360.89434523809524 37.3448970847843 432.89500000000004 0.99466373373798567 0.93544191479114935 4.5000000000000009 361.60500000000008 368.05976190476196 37.162828750675423 -0.51297808981038739
decision_type=2 2 2 2 2 2 2 2 2 2 2 2 2 2 2 2 2 2 2 2 2 2 2 2 2 2 2 2 2 2
left_child=1 -1 -2 5 25 6 8 9 -4 -8 11 12 14 -14 29 16 -16 -17 -15 -12 -21 -19 -22 24 -20 26 -5 28 -28 -10
right_child=2 -3 3 4 -6 -7 7 -9 10 -11 19 -13 13 18 15 17 -18 21 23 20 22 -23 -24 -25 -26 -27 27 -29 -30 -31
leaf_value=-0.42140398458577694 0.22096698750288057 0.016376776391019424 0.26320585300369809 0.39793973681403372 -0.01010409207871381 0.19014393350198155 -0.081234211119867505 -0.29348940758965913 0.18265063880743193 0.17667575398569599 0.12086781176521366 -0.18862128621355323 0.18053854571230579 -0.060544586364323132 -0.36140508920503545 0.12733635179990649 -0.05430176613422541 -0.11148573555293735 0.049625124507361937 -0.25893576340749863 0.10529698608721404 0.086498447604632628 -0.098533162004314376 -0.11305311167102663 0.24329609890424073 -0.036358388907230296 -0.11706657030700166 0.12820183218886647 0.060921844825344657 0.0094235641812836692
leaf_weight=47 78 120 48 41 7134 42 42 70 42 68 266 48 114 156 78 102 78 162 420 48 205 48 40 42 42 122 81 104 76 378
leaf_count=47 78 120 48 41 7134 42 42 70 42 68 266 48 114 156 78 102 78 162 420 48 205 48 40 42 42 122 81 104 76 378
internal_value=-3.22033e-11 -0.106831 0.00175339 5.99533e-05 -0.00684336 0.0206095 0.0177579 -0.0663452 0.0242916 0.078201 0.0192374 0.0036744 0.00922806 0.048384 -0.0249011 -0.0712513 -0.207853 -0.00295018 0.0255573 0.0668452 0.0178008 -0.0662322 0.0720186 0.0522079 0.0672316 0.04802 0.0821066 0.0324929 -0.0309066 0.0267463
internal_weight=10342 167 10175 10097 7558 2539 2497 180 2317 110 2269 1710 1662 774 888 468 156 312 660 559 293 210 245 504 462 424 302 261 157 420
internal_count=10342 167 10175 10097 7558 2539 2497 180 2317 110 2269 1710 1662 774 888 468 156 312 660 559 293 210 245 504 462 424 302 261 157 420
is_linear=0
shrinkage=0.05


Tree=122
num_leaves=31
num_cat=0
split_feature=11 11 24 16 7 2 18 16 17 19 10 17 11 15 11 16 13 6 24 17 25 10 22 0 7 2 2 12 6 24
split_gain=808.855 505.546 538.548 979.923 2066.81 995.237 831.584 1399.33 1882.47 1455.84 2432.86 1297.53 1183.06 961.664 1153.77 1095.59 866.513 1287.24 832.826 949.224 797.832 954.471 978.805 976.292 988.841 824.274 1024.59 965.862 781.93 769.016
threshold=251.51500000000001 300.34000000000009 27.199702380952385 371.87217261904772 -0.99761278905001471 1.5000000000000002 316.29500000000002 356.42351190476199 43.185101821713985 431.00000000000006 421.88500000000005 34.619837278718997 367.04500000000007 421.98000000000008 390.31500000000005 348.7775595238096 35.226666402245179 -0.45274443793211405 19.089880952380955 37.730048238930159 3.8999999999999999 308.37500000000006 29.150000000000002 21.500000000000004 0.96407344085605606 4.5000000000000009 3.5000000000000004 356.43375000000009 -0.45274443793211405 33.865773809523816
decision_type=2 2 2 2 2 2 2 2 2 2 2 2 2 2 2 2 2 2 2 2 2 2 2 2 2 2 2 2 2 2
left_child=-1 -2 6 4 -4 29 7 9 11 10 13 12 -9 15 -15 20 17 -17 19 -13 21 -3 23 25 -25 26 -23 -27 -7 -5
right_child=1 2 3 5 -6 28 -8 8 -10 -11 -12 18 -14 14 -16 16 -18 -19 -20 -21 -22 22 -24 24 -26 27 -28 -29 -30 -31
leaf_value=-0.22164137588768471 0.17610577294012397 -0.1075558774186028 -0.29249121087292829 -0.060857771973436087 0.03874247046186588 -0.1022586063010642 0.021972429703927779 -0.026474178860000537 -0.36763975999007625 0.06836186618122346 -0.3810344760285484 0.15007083893586429 -0.34606388681637706 0.027083105962140176 0.27379881243237802 -0.30382520900521848 -0.0064948561549311576 -0.075984588691091898 -0.056098102901925233 -0.03542287074572717 -0.15991431291008162 0.04087556519258001 -0.21469863514371573 0.016192441547496449 -0.30949897577122942 0.016055036288930701 0.1724794191771517 -0.19633755339826975 0.00074222821858711547 0.11307533952714677
leaf_weight=41 41 155 48 96 2497 408 1703 51 48 616 45 117 67 281 57 72 358 446 1006 168 72 680 42 54 41 356 189 63 336 188
leaf_count=41 41 155 48 96 2497 408 1703 51 48 616 45 117 67 281 57 72 358 446 1006 168 72 680 42 54 41 356 189 63 336 188
internal_value=4.01634e-11 0.000882176 0.000181965 0.0158534 0.0324952 -0.0253466 -0.00819158 -0.0184984 -0.059719 -0.00147024 -0.0162475 -0.0492292 -0.207936 -0.0105199 0.068689 -0.0211103 -0.0663124 -0.107654 -0.034723 0.0407272 0.00285891 0.0102764 0.0230933 0.0303147 -0.124369 0.0417239 0.0694983 -0.0158799 -0.0557421 0.054281
internal_weight=10342 10301 10260 3573 2545 1028 6687 4984 1457 3527 2911 1409 118 2866 338 2528 876 518 1291 285 1652 1580 1425 1383 95 1288 869 419 744 284
internal_count=10342 10301 10260 3573 2545 1028 6687 4984 1457 3527 2911 1409 118 2866 338 2528 876 518 1291 285 1652 1580 1425 1383 95 1288 869 419 744 284
is_linear=0
shrinkage=0.05


Tree=123
num_leaves=31
num_cat=0
split_feature=11 16 24 24 12 23 10 11 11 6 6 6 27 6 25 10 15 25 17 6 6 17 12 11 18 0 25 7 25 11
split_gain=729.992 482.392 698.022 3772.63 3146.16 1022.79 896.172 1283.33 831.711 721.563 686.271 671.682 808.465 738.911 1017.47 799.003 684.733 885.854 1804.92 2435.36 1121.15 1009.32 895.476 904.462 796.411 795.318 1648.64 1003.98 910.729 681.35
threshold=251.51500000000001 377.38086309523811 34.75833333333334 34.23125000000001 343.80437500000005 32.677083333333336 398.28000000000003 339.07500000000005 302.34500000000008 -0.70291267844185523 0.97696484778429815 0.96465729447553372 1.4416666666666671 0.78325454425165997 -4.7499999999999991 337.30500000000006 340.62500000000006 1.1000000000000008 45.46741229618474 0.57077594689671507 0.099822040462190967 30.415277880550878 389.53708333333344 387.48500000000007 232.78000000000003 8.5000000000000018 3.9000000000000017 0.62420859727530387 2.199999999999998 313.24500000000006
decision_type=2 2 2 2 2 2 2 2 2 2 2 2 2 2 2 2 2 2 2 2 2 2 2 2 2 2 2 2 2 2
left_child=-1 2 3 5 -5 8 7 -6 -2 -9 -3 13 -13 14 15 -10 -16 18 22 -20 21 24 -18 -24 -19 -22 27 28 -27 -15
right_child=1 10 -4 4 6 -7 -8 9 11 -11 -12 12 -14 29 16 -17 17 20 19 -21 25 -23 23 -25 -26 26 -28 -29 -30 -31
leaf_value=-0.21055931826917137 0.16203957063336977 -0.13946909614217778 0.040724065572159358 -0.55010753467989459 -0.28859509258814481 0.071487121901496142 -0.30432501315359417 0.17306738497378926 0.0072596070555488714 -0.063952508305689104 0.022431313191773369 0.078001664262138601 -0.067127800711120164 -0.23998780919937418 0.077735365782666627 0.21321830108016729 -0.019781213833859081 -0.30245561378031244 -0.5137738286409268 0.0043307899031788111 0.0003530208348341197 0.013594347416516508 0.0032964602698172842 0.28173008060455323 -0.061812399492266773 0.11839745931706772 -0.15568598547372325 0.18219762445197632 -0.098911001314719527 -0.030999133398865338
leaf_weight=41 78 144 1072 48 46 526 46 48 89 97 120 479 120 40 259 100 3241 41 43 48 334 809 70 50 213 135 58 312 75 1560
leaf_count=41 78 144 1072 48 46 526 46 48 89 97 120 479 120 40 259 100 3241 41 43 48 334 809 70 50 213 135 58 312 75 1560
internal_value=5.76814e-11 0.000838067 0.00259288 -0.0019667 -0.180967 0.00391062 -0.106205 -0.0584897 -0.000448621 0.0145092 -0.065878 -0.00201797 0.0489273 -0.00609932 0.00210202 0.116232 -0.00169029 -0.00547943 -0.0207642 -0.240488 0.021209 -0.0137055 -0.0148151 0.11931 -0.100656 0.0618152 0.097209 0.125308 0.0407873 -0.0362239
internal_weight=10342 10301 10037 8965 285 8680 237 191 8154 145 264 8076 599 7477 5877 189 5688 5429 3452 91 1977 1063 3361 120 254 914 580 522 210 1600
internal_count=10342 10301 10037 8965 285 8680 237 191 8154 145 264 8076 599 7477 5877 189 5688 5429 3452 91 1977 1063 3361 120 254 914 580 522 210 1600
is_linear=0
shrinkage=0.05


Tree=124
num_leaves=31
num_cat=0
split_feature=18 2 11 0 4 15 12 9 25 13 0 13 11 16 10 24 7 24 25 24 14 13 0 25 19 6 14 29 6 6
split_gain=710.151 2362.7 1393.8 510.825 734.77 671.096 830.9 1285.65 859.481 2089.54 3134.48 1665.9 1250.3 1151.52 1070.38 758.503 1191.47 669.068 1178.78 668.636 652.185 766.451 1096.2 1870.28 666.496 580.239 1362.92 896.593 874.202 893.81
threshold=77.640000000000015 1.5000000000000002 300.34000000000009 22.500000000000004 0.12940952255126045 456.68500000000006 390.10937500000006 345.01000000000005 1.7000000000000022 11.663698131622075 5.5000000000000009 14.560010513276842 336.00500000000005 347.04574404761905 421.88500000000005 23.208333333333339 -0.013976481981245173 11.60059523809524 -0.60000000000000042 11.825892857142859 237.45500000000001 43.097692111487184 13.500000000000002 -1.5999999999999985 420.76000000000005 0.94138322595482449 320.40000000000003 1.0764880952380953 0.80926549319045582 0.048362692321690152
decision_type=2 2 2 2 2 2 2 2 2 2 2 2 2 2 2 2 2 2 2 2 2 2 2 2 2 2 2 2 2 2
left_child=1 -1 -2 4 20 6 7 8 14 10 -10 -11 -13 -14 17 16 -15 18 -6 -19 24 25 -23 -24 -4 28 -27 -28 29 -22
right_child=2 -3 3 -5 5 -7 -8 -9 9 11 -12 12 13 15 -16 -17 -18 19 -20 -21 21 22 23 -25 -26 26 27 -29 -30 -31
leaf_value=-0.40277977011939314 0.21222678147829496 0.015428439766789476 0.007235702031418139 -0.054269037763532028 -0.33377730526802379 0.14622144556293887 -0.19048436589990603 0.10608930934559216 -0.5785696664906067 0.14710307765288755 -0.029975910688129565 0.025973691698576568 -0.28602991551347079 -0.37689679961564931 -0.20611496980373678 -0.010600664816273933 -0.082806125233714292 0.19718841211870314 -0.0124874833812739 0.00084936300366644118 -0.002405516194131541 0.11448767005845353 -0.42373467999595138 -0.041335235727139014 0.18830154220427009 0.32208526718119779 -0.028711478056114476 0.12238422483361017 -0.046916296137577813 0.047581892507696927
leaf_weight=47 78 120 96 415 41 66 66 220 46 112 60 282 75 43 65 228 173 44 94 2994 2047 54 44 117 108 48 216 180 575 1588
leaf_count=47 78 120 96 415 41 66 66 220 46 112 60 282 75 43 65 228 173 44 94 2994 2047 54 44 117 108 48 216 180 575 1588
internal_value=3.47317e-11 -0.102271 0.00167855 5.20499e-05 0.00238042 -0.0120704 -0.01437 -0.0117738 -0.0178649 -0.0579135 -0.268045 -0.0335171 -0.0587723 -0.104819 -0.00526155 -0.0742094 -0.141352 -0.00114699 -0.110064 0.00369298 0.0155095 0.0118399 -0.0804568 -0.145842 0.103094 0.0161037 0.0704675 0.0399684 0.0103703 0.0194322
internal_weight=10342 167 10175 10097 9682 4609 4543 4477 4257 1019 106 913 801 519 3238 444 216 3173 135 3038 5073 4869 215 161 204 4654 444 396 4210 3635
internal_count=10342 167 10175 10097 9682 4609 4543 4477 4257 1019 106 913 801 519 3238 444 216 3173 135 3038 5073 4869 215 161 204 4654 444 396 4210 3635
is_linear=0
shrinkage=0.05


Tree=125
num_leaves=31
num_cat=0
split_feature=11 5 11 9 14 22 16 24 24 25 11 25 13 13 2 25 0 13 6 4 14 6 11 26 25 4 12 24 24 4
split_gain=713.4 455.153 546.537 541.146 963.117 626.915 479.625 656.215 2579.59 1978.71 1702.77 1285.57 672.508 628.497 734.943 1266.56 983.692 2197.98 972.614 876.009 859.667 851.939 835.025 1650.08 697.68 806.716 2304.06 670.902 878.399 1683.99
threshold=251.51500000000001 -0.9159756150367534 436.54000000000002 303.12500000000006 300.90500000000003 23.600000000000005 377.38086309523811 34.75833333333334 34.23125000000001 1.7000000000000022 338.78500000000003 -1.6499999999999984 13.344099563256629 16.057754606294552 4.5000000000000009 1.6999999999999977 20.500000000000004 33.967558014980519 -0.92923668111203805 -0.37940952255126065 311.25500000000005 0.74443451080969758 341.00500000000005 4.0583333333333345 3.4000000000000017 0.60355339059327384 371.20229166666667 27.199702380952385 24.892857142857146 0.12940952255126045
decision_type=2 2 2 2 2 2 2 2 2 2 2 2 2 2 2 2 2 2 2 2 2 2 2 2 2 2 2 2 2 2
left_child=-1 3 6 -2 5 -5 7 8 13 10 -10 -12 -9 27 24 16 18 -18 -16 21 -21 -17 -20 -24 -15 -26 -27 28 -3 -30
right_child=1 2 -4 4 -6 -7 -8 12 9 -11 11 -13 -14 14 15 19 17 -19 22 20 -22 -23 23 -25 25 26 -28 -29 29 -31
leaf_value=-0.20815266705140836 -0.13615296653006226 0.017720541070970892 0.099025355242625929 0.32443797303570643 0.022652003575963586 0.060511326160695822 -0.077372470302549429 0.14833097815261051 0.16968872820337613 -0.47880378883509406 -0.37997559352584609 -0.079766631722792025 0.020656110733117503 0.0045722160384794701 0.098154552574010789 0.030089301388296821 -0.036345683092872304 -0.46432332725543529 -0.035700330782569338 0.15363058355675702 -0.084516775168271538 0.26145030882150405 -0.44109565513889964 -0.091826928251572543 -0.01605623598108117 -0.47246298937215692 0.017441601226372377 0.077550611126321681 0.047622317969799044 -0.3301760312928646
leaf_weight=41 48 1391 129 45 1154 45 221 118 45 42 53 109 819 3968 90 108 75 50 431 48 180 63 41 193 191 42 56 427 65 54
leaf_count=41 48 1391 129 45 1154 45 221 118 45 42 53 109 819 3968 90 108 75 50 431 48 180 63 41 193 191 42 56 427 65 54
internal_value=1.023e-10 0.000828489 -0.00315168 0.0285819 0.0349382 0.192475 -0.00463601 -0.00277959 -0.00757432 -0.165892 -0.102402 -0.177983 0.0367347 -0.00229919 -0.0108763 -0.0441128 -0.0776165 -0.207537 -0.0561066 0.0297801 -0.0343805 0.115328 -0.076984 -0.153024 -0.000890511 -0.0758943 -0.192518 0.0222144 0.00656637 -0.123816
internal_weight=10342 10301 9009 1292 1244 90 8880 8659 7722 249 207 162 937 7473 5536 1279 880 125 755 399 228 171 665 234 4257 289 98 1937 1510 119
internal_count=10342 10301 9009 1292 1244 90 8880 8659 7722 249 207 162 937 7473 5536 1279 880 125 755 399 228 171 665 234 4257 289 98 1937 1510 119
is_linear=0
shrinkage=0.05


Tree=126
num_leaves=31
num_cat=0
split_feature=13 13 11 11 12 24 12 0 18 28 2 15 2 18 6 4 5 22 10 17 13 27 29 4 12 16 9 14 11 29
split_gain=657.206 941.119 5233.42 1917.74 1088.86 1548.41 3001.14 1395.36 2319.59 1527.22 1195.39 753.831 747.741 1068.22 1939.84 1406.76 630.437 637.633 988.973 1688.13 832.151 891.936 761.621 871.282 1487.14 598.65 924.077 900.72 895.893 893.068
threshold=10.18733216452757 12.273067053899736 304.92000000000002 300.34000000000009 356.35958333333332 34.260416666666671 343.55062500000003 3.5000000000000004 303.19500000000005 0.39345238095238094 5.5000000000000009 361.99500000000006 1.0000000180025095e-35 228.29500000000004 -0.19337636264337835 -0.37940952255126065 -0.9159756150367534 20.850000000000005 428.59000000000003 37.123945814626033 41.715703903654848 1.0000000180025095e-35 0.91398809523809532 -0.60355339059327362 373.22770833333334 360.53607142857146 332.37500000000006 334.85500000000008 436.54000000000002 0.18273809523809523
decision_type=2 2 2 2 2 2 2 2 2 2 2 2 2 2 2 2 2 2 2 2 2 2 2 2 2 2 2 2 2 2
left_child=11 2 -2 -3 5 7 -7 8 -4 10 -9 -1 13 14 -5 -15 -14 18 20 -20 21 -18 25 24 -24 29 28 -28 -27 -19
right_child=1 3 4 12 -6 6 -8 9 -10 -11 -12 -13 16 15 -16 -17 17 22 19 -21 -22 -23 23 -25 -26 26 27 -29 -30 -31
leaf_value=0.038295360777604703 -0.58834060749342276 0.29194345568355762 -0.48186810584622441 0.22700052994769068 0.21874643845314329 -0.50517427586019037 0.053948710610469186 -0.37192461850696423 0.0035016139096114788 0.048416584250365893 -0.035731305888830091 0.25535394498147074 0.033344435845055316 0.22786361316603793 -0.14572053732990753 0.028580618221717688 -0.26258171316236262 0.035034545732351159 0.019345268590942676 -0.41909506718761158 0.061340186672311253 -0.024791678490537442 -0.0038025691345029951 0.020959382921102502 0.37337746086663437 -0.056012691072495513 0.048241802768759806 -0.033803301051474451 0.16901872209880664 -0.15779918940767412
leaf_weight=240 43 57 40 48 44 48 48 40 64 554 78 48 1064 144 128 230 40 1279 46 42 286 2794 49 210 56 1149 776 588 46 63
leaf_count=240 43 57 40 48 44 48 48 40 64 554 78 48 1064 144 128 230 40 1279 46 42 286 2794 49 210 56 1149 776 588 46 63
internal_value=1.12612e-10 -0.00213327 -0.0492435 0.00283415 -0.0239365 -0.036182 -0.225613 -0.0127472 -0.183179 0.0136291 -0.149695 0.0744718 0.00101083 0.0575085 -0.0440693 0.10531 -0.00265008 -0.00780877 -0.0246072 -0.18991 -0.0199448 -0.0281479 0.00497336 0.0797596 0.19736 -0.00106552 -0.0152499 0.0128734 -0.0473504 0.025982
internal_weight=10342 10054 959 9095 916 872 96 776 104 672 118 288 9038 550 176 374 8488 7424 3208 88 3120 2834 4216 315 105 3901 2559 1364 1195 1342
internal_count=10342 10054 959 9095 916 872 96 776 104 672 118 288 9038 550 176 374 8488 7424 3208 88 3120 2834 4216 315 105 3901 2559 1364 1195 1342
is_linear=0
shrinkage=0.05


Tree=127
num_leaves=31
num_cat=0
split_feature=11 24 29 17 15 17 27 28 2 10 10 24 16 10 22 9 16 17 11 10 4 25 2 18 6 16 24 25 25 26
split_gain=681.474 468.561 486.187 449.842 406.753 1038.6 894.723 1200.35 1228.07 1443.28 1114.71 832.766 2465.85 1782.57 776.827 732.3 1059.08 865.702 769.326 996.543 715.933 1033.76 1548.85 1343.16 701.264 657.668 823.351 649.854 1279.27 615.108
threshold=251.51500000000001 10.784523809523812 6.8101190476190476 37.97855033243988 376.99500000000006 45.46741229618474 1.5541666666666669 0.75327380952380962 4.5000000000000009 428.59000000000003 312.13500000000005 34.237500000000004 369.82014880952391 337.03500000000003 15.300000000000002 312.25500000000005 368.37294642857142 37.97855033243988 408.94500000000011 350.36500000000007 1.0000000180025095e-35 0.59999999999999887 1.0000000180025095e-35 230.89000000000001 -0.91597725483594616 374.69892857142861 22.710714285714293 1.1500000000000006 1.6000000000000012 1.6729166666666668
decision_type=2 2 2 2 2 2 2 2 2 2 2 2 2 2 2 2 2 2 2 2 2 2 2 2 2 2 2 2 2 2
left_child=-1 3 4 -2 11 6 25 8 9 29 -9 15 13 -13 -10 18 17 24 19 20 -3 -22 23 -23 -17 -6 -27 -12 -29 -8
right_child=1 2 -4 -5 5 -7 7 10 14 -11 27 12 -14 -15 -16 16 -18 -19 -20 -21 21 22 -24 -25 -26 26 -28 28 -30 -31
leaf_value=-0.20344172905131086 0.13830739905436834 0.039508139071291672 -0.13121532430531274 0.0014008100797461035 0.014281964374898258 -0.19553454027304218 0.051473520686497437 -0.33552026885210984 -0.12133930760330369 -0.25549402122580728 -0.12427816571559969 -0.38535380981751344 0.098157238550748385 -0.063882556034267443 0.097329516380947709 -0.095326159239953592 0.0046283092756552258 0.15907483278104748 0.16898219470054873 -0.19614880658362224 0.017779133134239979 -0.49641313640082751 -0.030227768677421392 -0.091690445400592763 0.074717806575063148 -0.23854916201283538 -0.023650305763247816 0.17616334970180805 -0.064645584547383048 -0.13268540645949542
leaf_weight=41 120 570 71 120 4191 72 819 41 264 43 298 67 141 121 48 72 696 284 62 69 344 41 173 41 384 48 624 65 364 48
leaf_count=41 120 570 71 120 4191 72 819 41 264 43 298 67 141 121 48 72 696 284 62 69 344 41 173 41 384 48 624 65 364 48
internal_value=-2.58796e-10 0.000809738 -0.00083728 0.0698541 8.93304e-05 -0.00662276 -0.00463799 -0.0328802 -0.002095 0.0272546 -0.0818641 0.0152545 -0.0599037 -0.178449 -0.087698 0.0242922 0.0489044 0.0905478 -0.00289489 -0.0115026 -0.000603926 -0.038774 -0.115065 -0.294052 0.0478688 0.0069191 -0.0390002 -0.0675588 -0.0281594 0.0412779
internal_weight=10342 10301 10061 240 9990 6925 6853 1990 1222 910 768 3065 329 188 312 2736 1436 740 1300 1238 1169 599 255 82 456 4863 672 727 429 867
internal_count=10342 10301 10061 240 9990 6925 6853 1990 1222 910 768 3065 329 188 312 2736 1436 740 1300 1238 1169 599 255 82 456 4863 672 727 429 867
is_linear=0
shrinkage=0.05


Tree=128
num_leaves=31
num_cat=0
split_feature=18 6 11 0 4 15 10 23 12 9 25 13 0 13 11 19 6 24 25 14 18 17 14 19 6 24 14 13 25 7
split_gain=681.862 2280.34 1300.37 441.879 575.714 611.037 738.205 1638.02 787.694 1061.06 795.518 1763.6 2714.42 1457.04 1119.35 1021.8 639.894 602.094 993.411 586.858 874.219 624.444 618.324 948.988 577.721 555.307 554.61 720.509 1609.13 638.11
threshold=77.640000000000015 0.63920241694561786 300.34000000000009 22.500000000000004 0.12940952255126045 456.68500000000006 421.88500000000005 23.687500000000004 390.10937500000006 345.01000000000005 1.7000000000000022 11.663698131622075 5.5000000000000009 14.560010513276842 336.00500000000005 400.11000000000007 -0.58482361983252518 11.60059523809524 -0.60000000000000042 299.94500000000005 230.89000000000001 39.122015943195095 304.92000000000002 407.17500000000007 0.57077594689671507 36.646130952380958 237.45500000000001 43.388145002387454 -1.0000000180025095e-35 -0.14250536273956091
decision_type=2 2 2 2 2 2 2 2 2 2 2 2 2 2 2 2 2 2 2 2 2 2 2 2 2 2 2 2 2 2
left_child=1 -1 -2 4 26 6 8 -8 9 10 17 12 -12 -13 -15 -16 -17 18 -6 20 -19 -22 -21 24 -24 -11 -4 -28 -29 -30
right_child=2 -3 3 -5 5 -7 7 -9 -10 25 11 13 -14 14 15 16 -18 19 -20 22 21 -23 23 -25 -26 -27 27 28 29 -31
leaf_value=-0.39543858941723697 0.20501393652879277 0.015416683809210859 0.094628225768204122 -0.050448657933802134 -0.30942533081624568 0.14049057381679161 -0.35220102984078078 0.060959094667688334 -0.19783154079859908 0.16778249691834485 -0.53364713778314388 0.13969182101677038 -0.023133942515899741 0.026697728442232928 -0.30538016164077902 0.02732929000232974 -0.10854781402726686 -0.006883113682270051 -0.014477230121005089 -0.070339000880768582 0.071359811530617823 0.33774204972115429 0.16514458682020786 -0.0037727965280527874 0.0058514110508717989 0.0043597534552893861 0.013834564456176604 -0.33607339947484438 -0.11042180519240599 0.14739562631584704
leaf_weight=47 78 120 204 415 41 66 49 47 55 127 46 112 60 282 53 117 334 110 94 296 44 44 142 2307 95 88 4725 48 48 48
leaf_count=47 78 120 204 415 41 66 49 47 55 127 46 112 60 282 53 117 334 110 94 296 44 44 142 2307 95 88 4725 48 48 48
internal_value=8.9609e-11 -0.100213 0.00164478 7.37373e-05 0.00223928 -0.0105522 -0.0127465 -0.149925 -0.00978515 -0.00743029 -0.013006 -0.051797 -0.244677 -0.0290293 -0.053071 -0.0977036 -0.0732981 -0.000731714 -0.104054 0.00385963 0.0870876 0.204551 -0.00194288 0.00601516 0.101293 0.100893 0.0138608 0.0104768 -0.0996999 0.0184869
internal_weight=10342 167 10175 10097 9682 4609 4543 96 4447 4392 4177 1004 106 898 786 504 451 3173 135 3038 198 88 2840 2544 237 215 5073 4869 144 96
internal_count=10342 167 10175 10097 9682 4609 4543 96 4447 4392 4177 1004 106 898 786 504 451 3173 135 3038 198 88 2840 2544 237 215 5073 4869 144 96
is_linear=0
shrinkage=0.05


Tree=129
num_leaves=31
num_cat=0
split_feature=11 24 26 27 6 16 7 24 16 0 10 17 12 23 22 2 9 17 22 14 2 5 17 23 22 4 10 12 9 15
split_gain=665.825 418.569 424.091 1417.66 636.805 868.737 914.814 943.376 852.278 1025.39 738.868 810.543 732.755 872.754 663.562 1578.03 904.287 1305.1 2411.97 914.293 1092.16 996.982 691.639 729.118 668.084 648.843 608.184 599.718 1102.91 566.759
threshold=251.51500000000001 10.784523809523812 4.772916666666668 1.0000000180025095e-35 0.97314989601849466 360.53607142857146 -0.32613736746952143 23.745238095238101 360.89434523809524 9.5000000000000018 339.41000000000003 46.354287850065255 332.11687500000005 25.764583333333334 28.050000000000004 1.0000000180025095e-35 334.42500000000001 39.724853079941902 35.850000000000009 335.13500000000005 2.5000000000000004 -0.5 36.418502764453983 23.222916666666674 25.300000000000004 -0.37940952255126065 425.11500000000007 374.45562500000011 346.21500000000009 447.92000000000002
decision_type=2 2 2 2 2 2 2 2 2 2 2 2 2 2 2 2 2 2 2 2 2 2 2 2 2 2 2 2 2 2
left_child=-1 -2 3 -3 5 6 7 -4 9 -7 11 -9 -12 -14 15 -10 17 18 -16 21 -21 27 -17 25 -25 -24 -6 -18 -29 -5
right_child=1 2 4 29 26 8 -8 10 14 -11 12 -13 13 -15 16 22 19 -19 -20 20 -22 -23 23 24 -26 -27 -28 28 -30 -31
leaf_value=-0.20109236356688709 0.066057609327059869 -0.28189416976335147 -0.2073320577852428 -0.0052397118721225731 0.047825873037978611 0.035671414770185948 0.089688550387158075 0.085064750953212684 0.18418437944104274 -0.29578467020432336 -0.16499963665846737 -0.13962969576770609 0.18479731077328326 -0.01529759519313296 -0.045695349449776289 -0.15949960747578493 0.043455575366637543 0.04193194194603956 -0.41742872196094444 0.072277032547592657 -0.057046204167757734 0.037383755214978012 0.22318274603949653 -0.10936305479678726 -0.0054861528477680192 -0.016973265036940573 0.23818007314205172 0.3533217742294073 0.050157164937506118 -0.092939678683372537
leaf_weight=41 240 48 48 4547 261 40 504 457 72 56 72 44 60 594 480 144 56 381 48 284 384 368 45 336 287 75 50 80 48 192
leaf_count=41 240 48 48 4547 261 40 504 457 72 56 72 44 60 594 480 144 56 381 48 284 384 368 45 336 287 75 50 80 48 192
internal_value=-2.30466e-10 0.000800387 -0.000756291 -0.0115313 0.00902375 0.00467453 0.0326605 0.0101177 -0.0109621 -0.157678 0.0186243 0.0653311 -0.0136073 0.00305974 -0.006401 -0.0409353 0.00915485 -0.0285966 -0.0794893 0.0372827 -0.00206447 0.0848986 -0.0592088 -0.0397716 -0.0615097 0.0730852 0.0784294 0.179928 0.239635 -0.00879287
internal_weight=10342 10301 10061 4787 5274 4963 1779 1275 3184 96 1227 501 726 654 3088 959 2129 909 528 1220 668 552 887 743 623 120 311 184 128 4739
internal_count=10342 10301 10061 4787 5274 4963 1779 1275 3184 96 1227 501 726 654 3088 959 2129 909 528 1220 668 552 887 743 623 120 311 184 128 4739
is_linear=0
shrinkage=0.05


Tree=130
num_leaves=31
num_cat=0
split_feature=18 6 11 5 4 11 10 23 15 8 11 5 9 28 24 27 10 11 2 25 2 13 13 0 25 14 14 23 7 27
split_gain=627.976 2049.86 1230.71 416.189 430.599 488.976 1397.22 1393.93 590.161 956.813 920.117 890.121 861.981 943.995 642.836 901.864 729.631 691.96 1499.93 2700.71 656.987 641.859 972.702 788.068 639.441 566.763 544.734 656.215 553.233 545.802
threshold=77.640000000000015 0.63920241694561786 300.34000000000009 -0.70710678118654757 -0.98296291314453399 369.18500000000006 337.30500000000006 27.110416666666669 410.45000000000005 1.0000000180025095e-35 355.14500000000004 1.0000000180025095e-35 310.25500000000005 13.704464285714289 14.10416666666667 5.1833333333333345 306.28500000000003 334.58500000000004 4.5000000000000009 0.59999999999999887 4.5000000000000009 35.668193136313135 34.473321924859782 20.500000000000004 0.84999999999999798 306.45500000000004 311.54500000000002 13.13125 -0.96234030595689413 2.5166666666666671
decision_type=2 2 2 2 2 2 2 2 2 2 2 2 2 2 2 2 2 2 2 2 2 2 2 2 2 2 2 2 2 2
left_child=1 -1 -2 -4 -5 8 7 -7 9 12 -11 -10 13 14 16 17 -6 18 19 -16 -18 22 24 -24 -13 -19 27 -14 -28 -29
right_child=2 -3 3 4 5 6 -8 -9 11 10 -12 21 26 -15 15 -17 20 25 -20 -21 -22 -23 23 -25 -26 -27 28 29 -30 -31
leaf_value=-0.37608035368488191 0.19942553800841173 0.013458927391717833 0.017564298283065185 0.043120228247673094 -0.11584426175270762 -0.051149901814477629 -0.021553305704714188 -0.43941161365407266 0.051037784140667189 -0.23436073373902488 0.004241501531574164 -0.074895491148957882 -0.060464269883822711 0.16723989445355633 -0.021694914111867549 -0.25087611764669421 0.16574711808744744 -0.030224483818747108 -0.01123360712220038 -0.54459808826619804 -0.008743794698578616 -0.012932089158099526 -0.10163981225563301 -0.31679465400479867 0.043401172558924624 0.17934113605778504 0.09944337545847981 0.077024897560803357 0.0098664279416837593 0.21301840678338083
leaf_weight=47 78 120 2539 424 70 53 1444 41 389 74 89 304 69 62 58 60 98 85 218 43 120 1570 168 57 183 52 202 357 1175 93
leaf_count=47 78 120 2539 424 70 53 1444 41 389 74 89 304 69 62 58 60 98 85 218 43 120 1570 168 57 183 52 202 357 1175 93
internal_value=6.34189e-11 -0.0961719 0.00157845 5.00658e-05 -0.00583359 -0.00874309 -0.0337125 -0.220498 -0.00188053 0.0136358 -0.104081 -0.0188724 0.0205829 -0.0207473 -0.0352438 -0.0686451 0.0246002 -0.0446673 -0.0850312 -0.244317 0.0696971 -0.0307896 -0.0701666 -0.156146 -0.0304432 0.0493187 0.0394605 0.0831148 0.023007 0.10513
internal_weight=10342 167 10175 10097 7558 7134 1538 94 5596 2925 163 2671 2762 866 804 516 288 456 319 101 218 2282 712 225 487 137 1896 519 1377 450
internal_count=10342 167 10175 10097 7558 7134 1538 94 5596 2925 163 2671 2762 866 804 516 288 456 319 101 218 2282 712 225 487 137 1896 519 1377 450
is_linear=0
shrinkage=0.05


Tree=131
num_leaves=31
num_cat=0
split_feature=11 24 6 7 6 16 23 10 11 6 25 10 15 25 22 6 13 13 18 17 0 14 16 11 9 23 11 23 0 25
split_gain=649.924 383.49 365.154 709.928 626.828 563.241 532.852 550.979 592.008 506.981 946.58 1053.52 2911.04 1259.57 1071.99 888.264 1472.87 894.815 875.055 846.746 750.206 835.787 655.022 1032.85 675.682 842.706 1032.38 665.067 663.588 652.155
threshold=251.51500000000001 10.325595238095241 0.96465729447553372 0.11478523713130606 0.78325454425165997 377.38086309523811 25.402083333333334 430.73000000000008 427.55500000000001 0.048362692321690152 1.1000000000000008 422.73000000000008 431.39000000000004 1.0000000180025095e-35 35.300000000000004 -0.20180236284700911 12.085203393858867 44.853156706682661 229.64000000000001 45.159045628601568 8.5000000000000018 329.02000000000004 349.80764880952387 390.31500000000005 311.07500000000005 12.895833333333334 348.26000000000005 15.506250000000003 3.5000000000000004 3.9000000000000017
decision_type=2 2 2 2 2 2 2 2 2 2 2 2 2 2 2 2 2 2 2 2 2 2 2 2 2 2 2 2 2 2
left_child=-1 -2 4 6 5 9 7 8 -4 15 11 13 -13 14 22 17 -17 19 -15 -3 -12 29 23 -11 -24 26 -26 28 -27 -22
right_child=1 2 3 -5 -6 -7 -8 -9 -10 10 20 12 -14 18 -16 16 -18 -19 -20 -21 21 -23 24 -25 25 27 -28 -29 -30 -31
leaf_value=-0.1986766914042031 0.14178847378740708 0.0011341703975198112 -0.019397460067925115 0.11048028147497842 -0.030995143294476574 -0.10422176082385703 0.1291083733447724 -0.18758997718348755 0.18079388580716604 0.041375730318840898 0.0041796800617907026 -0.46663945493373005 0.043178248995697346 -0.16318502170201257 0.16448908238904553 -0.32484602971623344 -0.038026291994429945 0.11636746458687067 -0.019195427315003455 -0.21030616542945305 0.08726089688250796 0.22009544078792845 -0.1545818919762193 0.2907705758677589 0.0052912887399909139 -0.076915811103853315 -0.2670419977977872 -0.0078338020782740339 0.1388974710561853 -0.071880415474643578
leaf_weight=41 48 3495 372 215 1605 120 72 43 41 536 402 44 77 139 140 48 663 168 438 48 495 105 72 45 87 44 58 420 187 74
leaf_count=41 48 3495 372 215 1605 120 72 43 41 536 402 44 77 139 140 48 663 168 438 48 495 105 72 45 87 44 58 420 187 74
internal_value=5.76146e-11 0.000790772 0.000130684 0.0338888 -0.00250678 0.00327738 0.002701 -0.0172581 0.000476257 0.0049344 0.0195657 0.00137042 -0.14221 0.00939131 0.0323675 -0.00619292 -0.0573896 0.003616 -0.0538827 -0.00173039 0.0582391 0.0904822 0.0196021 0.060692 -0.00790168 0.00536588 -0.103642 0.0296457 0.0977902 0.0665641
internal_weight=10342 10301 10253 743 9510 7905 528 456 413 7785 3363 2287 121 2166 1589 4422 711 3711 577 3543 1076 674 1449 581 868 796 145 651 231 569
internal_count=10342 10301 10253 743 9510 7905 528 456 413 7785 3363 2287 121 2166 1589 4422 711 3711 577 3543 1076 674 1449 581 868 796 145 651 231 569
is_linear=0
shrinkage=0.05


Tree=132
num_leaves=31
num_cat=0
split_feature=18 2 11 0 4 13 9 7 9 29 25 12 9 19 17 13 10 7 13 22 13 9 14 12 9 24 9 11 23 19
split_gain=595.536 1969.73 1162.41 384.332 508.178 555.828 947.559 933.537 806.435 711.819 966.357 710.088 734.35 688.185 695.958 1791.28 2061.01 944.422 827.857 1028.55 687.361 1971.21 697.959 676.023 618.377 546.34 529.454 508.279 502.889 692.803
threshold=77.640000000000015 1.5000000000000002 300.34000000000009 22.500000000000004 0.12940952255126045 39.709215270480037 324.59500000000008 0.64414586362404946 299.45000000000005 5.0369047619047622 3.3000000000000003 390.21750000000003 345.86000000000007 425.11500000000007 36.040325237077226 11.555722190545973 338.89500000000004 -0.94137724084408114 16.729248475480066 25.850000000000005 13.021684273779085 309.26000000000005 316.00500000000005 379.89895833333338 323.12000000000006 36.646130952380958 305.64500000000004 383.75500000000005 26.408333333333335 448.46000000000009
decision_type=2 2 2 2 2 2 2 2 2 2 2 2 2 2 2 2 2 2 2 2 2 2 2 2 2 2 2 2 2 2
left_child=1 -1 -2 4 -4 8 9 -8 -6 10 -7 12 13 20 15 16 -15 -17 19 -16 21 -10 26 27 -20 -14 -22 -19 29 -26
right_child=2 -3 3 -5 5 6 7 -9 11 -11 -12 -13 25 14 18 17 -18 23 24 -21 22 -23 -24 -25 28 -27 -28 -29 -30 -31
leaf_value=-0.36803774944843448 0.19381625204800795 0.013811641552795968 0.012989970278425836 -0.047066120787927636 -0.21043719138467201 0.031062381239043493 0.040189793382340112 0.22792304977774622 -0.34397468390513442 -0.18573485104156906 -0.2245441033526562 -0.2154261017048901 0.18695782081695733 -0.52429985407401214 0.070996953199928006 0.054401215906055733 -0.059337145376663951 -0.0204597390285613 -0.09094440731431612 -0.077638225506540315 -0.059001691962581086 0.033771130273866856 -0.043858762467068373 -0.16460170907137747 0.0034590429847838576 0.0045864813876422966 0.076103465805131984 -0.17403599236692702 0.077410573932344018 -0.15000432932166141
leaf_weight=47 78 120 5073 415 54 264 473 77 49 66 43 44 77 44 450 187 52 372 385 157 83 117 220 154 286 88 574 63 131 99
leaf_count=47 78 120 5073 415 54 264 473 77 49 66 43 44 77 44 450 187 52 372 385 157 83 117 220 154 286 88 574 63 131 99
internal_value=5.15418e-11 -0.093655 0.00153714 5.17689e-05 0.00207139 -0.0099464 0.0247524 0.0664724 -0.0186352 -0.0367652 -0.00473918 -0.0157835 -0.0133353 -0.0183016 -0.0331429 -0.0686991 -0.272445 -0.0434935 -0.0125826 0.0325526 0.0155645 -0.0777322 0.0332239 -0.0745738 -0.04299 0.0896931 0.0590354 -0.0427018 -0.00720999 -0.036003
internal_weight=10342 167 10175 10097 9682 4609 923 550 3686 373 307 3632 3588 3423 2380 872 96 776 1508 607 1043 166 877 589 901 165 657 435 516 385
internal_count=10342 167 10175 10097 9682 4609 923 550 3686 373 307 3632 3588 3423 2380 872 96 776 1508 607 1043 166 877 589 901 165 657 435 516 385
is_linear=0
shrinkage=0.05


Tree=133
num_leaves=31
num_cat=0
split_feature=11 5 24 29 17 11 19 17 10 24 0 17 11 7 0 25 13 2 10 6 2 23 25 13 13 2 11 22 13 22
split_gain=633.554 339.6 482.905 819.851 1368.68 465.56 387.764 516.076 1077.44 921.532 922.423 808.747 1008.72 2346.63 927.581 1156.62 1686.15 1441.94 1918.57 2914.77 852.332 860.833 779.861 567.854 1528.24 804.455 1398.85 839.007 756.733 968.433
threshold=251.51500000000001 -0.9159756150367534 11.78184523809524 5.0369047619047622 35.495554529497745 436.54000000000002 457.78500000000008 37.794621976946793 428.59000000000003 11.877976190476192 17.500000000000004 36.062586831352611 308.45500000000004 0.94353349168649059 13.500000000000002 1.6999999999999977 36.727112021967706 4.5000000000000009 350.82000000000005 -0.27694604220087021 2.5000000000000004 27.675000000000004 1.099999999999999 10.892110485812649 11.482999848160668 1.0000000180025095e-35 334.00500000000005 15.300000000000002 37.714095523265293 34.70000000000001
decision_type=2 2 2 2 2 2 2 2 2 2 2 2 2 2 2 2 2 2 2 2 2 2 2 2 2 2 2 2 2 2
left_child=-1 2 -2 -4 -5 6 7 9 -9 10 22 12 13 -11 -13 17 -17 20 -19 -20 21 -16 -3 -14 -25 26 -26 -28 29 -27
right_child=1 5 3 4 -6 -7 -8 8 -10 11 -12 14 23 -15 15 16 -18 18 19 -21 -22 -23 -24 24 25 28 27 -29 -30 -31
leaf_value=-0.19615860087115591 0.1632694423540185 -0.057569454897727294 0.029458188116556563 0.055106336840738859 -0.33573202410978931 0.091646995574466941 -0.050572306535560899 0.020499646948533512 -0.19546641954931165 -0.45110467485174904 0.2455247651842056 -0.0084203458014141374 0.092644296503729295 -0.0062281457237272622 -0.15860177335747774 0.18832766380767491 -0.13163354815325784 -0.053542273085225717 -0.68690383973575786 -0.17140644888770828 0.041481264654203515 0.057898879455307785 0.16961567499122376 -0.30046897331873579 -0.10212602618562638 -0.030226252981710413 -0.0050836381103311276 0.26006757289135052 0.049783670109287977 0.04401184833670322
leaf_weight=41 60 105 1142 48 42 129 426 2729 59 41 66 898 171 107 207 86 79 99 42 79 141 59 59 42 61 2065 42 103 556 558
leaf_count=41 60 105 1142 48 42 129 426 2729 59 41 66 898 171 107 207 86 79 99 42 79 141 59 59 42 61 2065 42 103 556 558
internal_value=-5.89995e-11 0.00078075 0.0247537 0.0180078 -0.127285 -0.00265726 -0.00402722 -0.0016818 0.0159293 -0.0103475 0.0876833 -0.0144952 -0.00154147 -0.129471 -0.0432081 -0.0826519 0.0351341 -0.113648 -0.216781 -0.350339 -0.0579009 -0.110581 0.0241618 0.00372078 -0.000716317 0.00300292 0.0987561 0.183265 -0.00320191 -0.0144333
internal_weight=10342 10301 1292 1232 90 9009 8880 8454 2788 5666 230 5436 3746 148 1690 792 165 627 220 121 407 266 164 3598 3427 3385 206 145 3179 2623
internal_count=10342 10301 1292 1232 90 9009 8880 8454 2788 5666 230 5436 3746 148 1690 792 165 627 220 121 407 266 164 3598 3427 3385 206 145 3179 2623
is_linear=0
shrinkage=0.05


Tree=134
num_leaves=31
num_cat=0
split_feature=11 18 24 24 12 10 11 24 23 11 15 0 12 0 12 15 6 15 27 10 25 11 17 16 25 25 12 25 4 6
split_gain=571.782 317.713 444.702 2505.74 1860.58 819.967 1218.35 705.796 676.7 560.743 502.116 609.843 493.811 1019.06 878.727 550.18 548.398 611.299 564.16 603.609 489.559 967.219 730.388 514.995 466.393 499.834 442.911 762.829 450.724 524.044
threshold=251.51500000000001 331.96000000000009 34.75833333333334 34.23125000000001 343.80437500000005 398.28000000000003 339.07500000000005 34.422023809523814 32.677083333333336 302.34500000000008 340.62500000000006 3.5000000000000004 390.21750000000003 9.5000000000000018 394.78375000000005 448.25000000000006 0.96465729447553372 445.76000000000005 1.2395833333333335 389.55000000000007 -4.7499999999999991 391.98500000000007 38.679849237916891 356.22407738095245 2.2000000000000024 1.0000000180025095e-35 365.62208333333336 -1.6999999999999973 0.37940952255126054 0.40614137006726808
decision_type=2 2 2 2 2 2 2 2 2 2 2 2 2 2 2 2 2 2 2 2 2 2 2 2 2 2 2 2 2 2
left_child=-1 2 3 8 -5 6 -6 -8 9 -2 11 -11 15 -14 -15 16 17 20 -18 -20 21 22 23 -12 25 -4 28 -28 29 -10
right_child=1 -3 24 4 5 -7 7 -9 26 10 12 -13 13 14 -16 -17 18 -19 19 -21 -22 -23 -24 -25 -26 -27 27 -29 -30 -31
leaf_value=-0.18635063520291958 0.13267334735450836 -0.089793688951370632 0.045182765337227329 -0.4317816856006782 -0.26897781814408045 -0.2799243951621263 0.19625264492080829 -0.045270775148973749 0.20859062707827736 -0.10997659512037455 0.028332700444355846 0.094494667393300924 -0.069979152654608093 0.36153520212433898 0.038100042034472738 -0.076988984118074644 0.072642659866456336 0.1374221613475432 0.03254142774956989 -0.16763062783631319 -0.012021065680078132 0.23772864094363497 0.15611630827470713 -0.13326263803137858 0.11578115067418873 -0.032493633387061079 0.15080375224513573 -0.040035999487774164 0.0189377065443871 0.0068661083678968936
leaf_weight=41 78 96 616 48 46 46 43 102 120 43 126 240 60 42 42 264 431 72 111 57 6552 57 66 81 144 312 72 192 98 44
leaf_count=41 78 96 616 48 46 46 43 102 120 43 126 240 60 42 42 264 431 72 111 57 6552 57 66 81 144 312 72 192 98 44
internal_value=-3.78659e-11 0.000741712 0.00159339 -0.00198253 -0.147908 -0.0904146 -0.0447735 0.0263534 0.00271782 -0.000758537 -0.00202099 0.0634266 -0.00434754 0.0874023 0.199818 -0.0060377 -0.00355774 -0.0075119 0.0423475 -0.0353741 -0.00902821 0.0503935 0.0112796 -0.0349003 0.0320588 0.0190674 0.0577183 0.0120112 0.103774 0.154469
internal_weight=10342 10301 10205 9133 285 237 191 145 8848 8322 8244 283 7961 144 84 7817 7553 6954 599 168 6882 330 273 207 1072 928 526 264 262 164
internal_count=10342 10301 10205 9133 285 237 191 145 8848 8322 8244 283 7961 144 84 7817 7553 6954 599 168 6882 330 273 207 1072 928 526 264 262 164
is_linear=0
shrinkage=0.05


Tree=135
num_leaves=31
num_cat=0
split_feature=16 11 11 17 6 0 17 11 6 8 9 11 5 15 25 12 9 24 7 15 11 19 25 25 15 0 17 9 27 25
split_gain=571.225 4528.35 3660.33 778.682 594.369 712.649 669.721 791.128 655.582 605.833 607.227 955.847 483.677 949.8 1005.57 997.842 1721.27 856.805 807.877 927.495 1233.12 1025.14 859.852 919.603 804.978 792.577 738.945 729.769 956.739 1651.16
threshold=342.42065476190481 300.34000000000009 303.74500000000006 45.159045628601568 0.048362692321690152 7.5000000000000009 46.354287850065255 371.64000000000004 0.58481550752069722 1.0000000180025095e-35 316.91500000000002 352.04500000000007 1.0000000180025095e-35 410.45000000000005 -5.8500000000000005 356.05895833333335 318.49500000000006 11.353571428571431 0.98005052076767474 410.45000000000005 367.99000000000007 429.10000000000008 1.0000000180025095e-35 1.6000000000000012 431.78500000000003 21.500000000000004 27.705588296160098 318.24500000000006 0.18541666666666676 -1.9499999999999991
decision_type=2 2 2 2 2 2 2 2 2 2 2 2 2 2 2 2 2 2 2 2 2 2 2 2 2 2 2 2 2 2
left_child=2 -2 -1 12 5 -4 7 9 -8 -6 11 -11 13 15 24 17 -17 -3 19 20 22 -22 -14 25 -15 26 -24 28 29 -19
right_child=1 3 4 -5 6 -7 8 -9 -10 10 -12 -13 18 14 -16 16 -18 27 -20 -21 21 -23 23 -25 -26 -27 -28 -29 -30 -31
leaf_value=0.46659451290330989 -0.42633488263402675 -0.20531421383010581 0.071960717049724121 -0.20185486711561682 0.074609746070187763 -0.096300135418491931 -0.22696927289456822 0.2724635637933161 0.041843069980677688 -0.1562806572020054 -0.20873935430696827 0.17466360026349625 0.061724126431383156 0.016050275492792331 0.03778470127861519 -0.36169379505639276 -0.045632276188670884 -0.3214193017035723 -0.21551157750460939 -0.029276456911003369 -0.29302210645919496 -0.022802539895643893 0.1675816791930369 0.039307221208881284 -0.2750577413338296 -0.20734562910112897 -0.056298317552924748 0.048231195390252952 0.026459873603252915 -0.034010053917229874
leaf_weight=47 63 47 91 48 405 204 43 41 48 40 41 48 921 48 2482 48 420 60 48 2548 55 97 42 497 47 76 301 719 468 299
leaf_count=47 63 47 91 48 405 204 43 41 48 40 41 48 921 48 2482 48 420 60 48 2548 55 97 42 497 47 76 301 719 468 299
internal_value=-3.74062e-11 -0.0038616 0.0357581 -0.000990734 0.014687 -0.0443959 0.0408574 0.0608039 -0.0851781 0.0445529 -0.0498115 0.0242344 5.46391e-05 0.0114392 0.0316742 -0.0138619 -0.0780488 0.0049953 -0.0114615 -0.00930273 0.0162845 -0.120579 0.0276091 -0.00669208 -0.127972 -0.0612545 -0.0288844 0.0113889 -0.020642 -0.082045
internal_weight=10342 9334 1008 9271 961 295 666 575 91 534 129 88 9223 4638 2577 2061 468 1593 4585 4537 1989 152 1837 916 95 419 343 1546 827 359
internal_count=10342 9334 1008 9271 961 295 666 575 91 534 129 88 9223 4638 2577 2061 468 1593 4585 4537 1989 152 1837 916 95 419 343 1546 827 359
is_linear=0
shrinkage=0.05


Tree=136
num_leaves=31
num_cat=0
split_feature=13 11 11 27 23 0 6 23 6 10 15 18 17 9 10 22 23 9 13 22 9 10 0 10 16 13 29 25 11 17
split_gain=553.128 888.859 826.122 399.601 886.439 1930.31 969.392 887.703 838.601 787.945 2687.21 833.355 752.964 682.445 679.978 665.873 773.049 642.936 1339.3 1327.69 774.675 631.276 1734.77 547.771 697.854 649.06 585.78 542.536 533.147 456.319
threshold=10.18733216452757 300.34000000000009 320.03500000000003 1.5541666666666669 16.758333333333336 16.500000000000004 0.52033990680116082 16.972916666666674 0.78857998149907527 422.73000000000008 430.59000000000009 228.29500000000004 38.510675973285949 335.74000000000007 310.89000000000004 10.850000000000001 14.787500000000001 308.23000000000008 13.021684273779085 21.400000000000002 308.64500000000004 345.36500000000007 13.500000000000002 307.65000000000003 344.77922619047627 10.954922381970059 6.6336309523809529 -1.0000000180025095e-35 376.65500000000003 22.853756606194239
decision_type=2 2 2 2 2 2 2 2 2 2 2 2 2 2 2 2 2 2 2 2 2 2 2 2 2 2 2 2 2 2
left_child=2 -2 -1 14 9 7 -7 -6 -8 11 -11 28 23 -9 -3 -14 -17 18 19 -16 -19 -20 -23 27 29 -26 -27 -13 -5 -25
right_child=1 3 -4 4 5 6 8 13 -10 10 -12 12 15 -15 17 16 -18 20 21 -21 -22 22 -24 24 25 26 -28 -29 -30 -31
leaf_value=0.27917962204664948 -0.17460704105528627 0.098460574929612049 0.034311426276971979 -0.086071831670135282 -0.20694696792200504 -0.42827388562616853 0.030029396974437295 0.060953794551246311 -0.25257772696337527 -0.46337515916675331 0.038547163950279358 -0.22592816219418027 0.27432755672372883 -0.1040930270140662 -0.010946819541000186 -0.045150598571792752 0.16324739899444449 0.22109157443490057 0.062113994952516273 -0.38577528159237573 0.0056304338599150088 0.10139530291375908 -0.34883094538003206 0.0079992368199194967 -0.20113277208680908 -0.01216577591462095 0.10991312464530995 -0.010246828796031575 0.049237500560971412 0.10277038476718912
leaf_weight=40 74 194 248 364 51 42 42 238 70 40 80 49 45 85 42 89 89 42 149 54 6210 46 40 226 42 1090 108 72 91 290
leaf_count=40 74 194 248 364 51 42 42 238 70 40 80 49 45 85 42 89 89 42 149 54 6210 46 40 226 42 1090 108 72 91 290
internal_value=8.68387e-11 -0.00195707 0.0683209 -0.000676903 -0.0152301 -0.0744354 -0.22342 -0.0130888 -0.1466 -0.00354395 -0.12876 0.00233705 0.0156289 0.0175204 0.00620134 0.10249 0.0590484 0.00348248 -0.0644281 -0.221788 0.00707787 -0.000144973 -0.108012 0.00530918 0.0123995 -0.00793359 -0.00116033 -0.0975889 -0.05901 0.0612621
internal_weight=10342 10054 288 9980 3203 528 154 374 112 2675 120 2555 2100 323 6777 223 178 6583 331 96 6252 235 86 1877 1756 1240 1198 121 455 516
internal_count=10342 10054 288 9980 3203 528 154 374 112 2675 120 2555 2100 323 6777 223 178 6583 331 96 6252 235 86 1877 1756 1240 1198 121 455 516
is_linear=0
shrinkage=0.05


Tree=137
num_leaves=31
num_cat=0
split_feature=18 0 11 23 5 10 6 7 13 7 0 9 6 14 9 10 11 14 4 7 7 4 2 15 15 5 9 17 7 28
split_gain=525.366 1904.69 1333.01 860.633 339.447 1180.87 689.836 1332.08 1154.07 969.437 732.173 898.474 719.565 1070.78 641.156 543.876 1209.7 1608.86 1085.12 668.477 949.4 553.913 770.966 447.342 1116.66 722.502 946.561 720.329 1242.44 997.95
threshold=77.640000000000015 5.5000000000000009 300.34000000000009 27.320833333333336 0.60355339059327384 316.14000000000004 -0.94705910369513524 0.19969739736768838 38.136688890352595 -0.12545862287572049 12.500000000000002 331.37500000000006 -0.90163369914317015 305.60000000000008 325.89500000000004 337.61500000000007 329.05500000000006 328.43000000000001 -0.60355339059327362 0.95936279103287792 0.97263757644091875 0.60355339059327384 1.0000000180025095e-35 416.82000000000005 419.54000000000008 -0.5 336.02500000000003 26.885045155687585 -0.99465740988130902 0.043154761904761883
decision_type=2 2 2 2 2 2 2 2 2 2 2 2 2 2 2 2 2 2 2 2 2 2 2 2 2 2 2 2 2 2
left_child=1 -1 -2 -3 5 -4 7 9 -9 10 -7 -12 13 -8 -15 19 17 -17 -18 21 -21 -6 -23 27 25 26 -25 -14 -29 -30
right_child=2 3 4 -5 15 6 12 8 -10 -11 11 -13 23 14 -16 16 18 -19 -20 20 -22 22 -24 24 -26 -27 -28 28 29 -31
leaf_value=-0.38398178683185002 0.20734965522319843 0.15924941179239088 0.16824358184229246 -0.10480962193622773 0.021317721989500778 0.014179539724460078 -0.32042975869120621 0.38333283329711243 0.068687822502654261 -0.035906738862743447 0.33323451863585174 0.022968327943235639 0.041599002152586009 0.031703145676801187 -0.16075874213129282 -0.45425760791886871 0.040118266052256032 -0.021265660160117682 -0.088025807474910386 -0.26996423498015193 -0.030008481951473761 -0.24975600627561412 -0.020888193043870757 0.086277991707902402 0.0065751533446805621 0.037296999767422678 0.38000421623388925 -0.26812027333304289 -0.16421841549348426 -0.010534969825817087
leaf_weight=41 78 54 110 72 1549 108 41 51 68 321 56 40 547 119 68 41 309 45 355 51 215 42 297 64 2607 125 48 50 110 2660
leaf_count=41 78 54 110 72 1549 108 41 51 68 321 56 40 547 119 68 41 309 45 355 51 215 42 297 64 2607 125 48 50 110 2660
internal_value=-4.63421e-11 -0.0879645 0.00144374 0.00835854 -0.000146895 0.00567821 0.00315354 0.0524937 0.203536 0.0182575 0.103487 0.203957 -0.00178124 -0.0890199 -0.038283 -0.0145753 -0.0512455 -0.227692 -0.0283925 -0.00180705 -0.076015 0.0086481 -0.0492435 0.00142121 0.0160216 0.119933 0.212161 -0.0109113 -0.0210968 -0.0166379
internal_weight=10342 167 10175 126 10097 7193 7083 644 119 525 204 96 6439 228 187 2904 750 86 664 2154 266 1888 339 6211 2844 237 112 3367 2820 2770
internal_count=10342 167 10175 126 10097 7193 7083 644 119 525 204 96 6439 228 187 2904 750 86 664 2154 266 1888 339 6211 2844 237 112 3367 2820 2770
is_linear=0
shrinkage=0.05


Tree=138
num_leaves=31
num_cat=0
split_feature=16 11 11 17 6 0 17 11 8 6 10 2 11 10 5 15 25 12 9 15 24 7 13 15 11 10 26 25 6 10
split_gain=504 4141.65 3360.25 732.287 506.067 649.374 560.283 717.466 552.45 550.074 537.46 456.582 420.358 416.89 416.611 819.946 907.407 898.841 1495.3 726.787 712.584 709.612 1370.74 949.047 1164.67 931.108 756.974 716.678 698.288 693.739
threshold=342.42065476190481 300.34000000000009 303.74500000000006 45.159045628601568 0.048362692321690152 7.5000000000000009 46.354287850065255 371.64000000000004 1.0000000180025095e-35 0.58481550752069722 347.11500000000007 4.5000000000000009 320.03500000000003 320.0800000000001 1.0000000180025095e-35 410.45000000000005 -5.8500000000000005 356.05895833333335 318.49500000000006 431.78500000000003 11.353571428571431 0.96849880583763492 33.564592187906605 410.45000000000005 367.99000000000007 337.30500000000006 5.929166666666668 1.0000000180025095e-35 0.91596454896554913 406.49500000000006
decision_type=2 2 2 2 2 2 2 2 2 2 2 2 2 2 2 2 2 2 2 2 2 2 2 2 2 2 2 2 2 2
left_child=2 -2 -1 14 5 12 7 8 11 -8 -10 13 -4 -6 15 17 19 20 -19 -17 -3 23 -23 24 27 -26 -27 -16 -20 -18
right_child=1 3 4 -5 6 -7 9 -9 10 -11 -12 -13 -14 -15 21 16 29 18 28 -21 -22 22 -24 -25 25 26 -28 -29 -30 -31
leaf_value=0.44638676646542041 -0.4076592157402682 -0.18670724414764567 -0.031759572467611484 -0.19567002411931755 0.029870395857621641 -0.090664939370517644 -0.20761261432496614 0.25735684567835276 0.097091630784173821 0.038620574847906639 -0.12070633804361369 0.010252825109861217 0.1834915142073188 0.1706319851103151 0.061893796530960249 0.01469365724672874 0.066072238935268118 -0.33810206955919664 -0.017195721060529145 -0.26191513750781409 0.01091792533732288 -0.33786358529857052 0.00011364860460162164 -0.027487620291731726 -0.32090353408828376 -0.20768656244590167 0.06081436358791377 -0.0013996067387208495 -0.20143615134060383 0.012593089084146501
leaf_weight=47 63 47 48 48 85 204 43 41 42 48 87 182 43 138 897 48 1054 48 360 47 1546 48 80 2516 40 42 70 892 60 1428
leaf_count=47 63 47 48 48 85 204 43 41 42 48 87 182 43 138 897 48 1054 48 360 47 1546 48 80 2516 40 42 70 892 60 1428
internal_value=8.10866e-12 -0.00362726 0.0335882 -0.000881713 0.0133993 -0.0411185 0.0375476 0.0557917 0.0403157 -0.0777314 -0.0497954 0.0690178 0.0699525 0.116978 0.00013204 0.0106979 0.0294988 -0.0128101 -0.0737298 -0.122155 0.00508718 -0.0105559 -0.126628 -0.00722247 0.019046 -0.113829 -0.0398735 0.0303355 -0.0435158 0.0353034
internal_weight=10342 9334 1008 9271 961 295 666 575 534 91 129 405 91 223 9223 4638 2577 2061 468 95 1593 4585 128 4457 1941 152 112 1789 420 2482
internal_count=10342 9334 1008 9271 961 295 666 575 534 91 129 405 91 223 9223 4638 2577 2061 468 95 1593 4585 128 4457 1941 152 112 1789 420 2482
is_linear=0
shrinkage=0.05


Tree=139
num_leaves=31
num_cat=0
split_feature=4 11 11 10 25 25 11 12 18 14 14 12 25 2 9 12 12 17 17 19 17 9 14 14 24 26 11 22 17 12
split_gain=526.293 5676.92 4951.38 581.755 575.865 887.542 903.401 1497.6 1148.74 753.95 1371.36 1010.83 1181.03 743.116 816.659 1434.6 833.136 832.892 831.448 1007.99 867.32 825.548 762.402 745.918 716.524 812.364 805.001 992.073 682.513 645.999
threshold=0.37940952255126054 300.34000000000009 300.34000000000009 404.88000000000005 1.6499999999999988 1.4000000000000006 331.83500000000004 375.21645833333338 304.82500000000005 237.45500000000001 295.7000000000001 322.31208333333342 -1.7 3.5000000000000004 344.4550000000001 385.71604166666674 383.05020833333339 40.349681210171397 34.127988426181091 427.24000000000007 37.470394543241291 316.91500000000002 330.43500000000006 328.49500000000006 27.519940476190481 0.14791666666666656 339.68500000000006 15.300000000000002 41.131176914083262 383.6622916666667
decision_type=2 2 2 2 2 2 2 2 2 2 2 2 2 2 2 2 2 2 2 2 2 2 2 2 2 2 2 2 2 2
left_child=2 -2 -1 -3 5 9 -7 8 -8 -4 -11 12 -12 14 15 16 18 -17 19 21 23 -13 -15 24 25 -20 -27 -28 -22 -18
right_child=1 3 4 -5 -6 6 7 -9 -10 10 11 13 -14 22 -16 17 29 -19 20 -21 28 -23 -24 -25 -26 26 27 -29 -30 -31
leaf_value=0.54985578001609869 -0.60713972054421905 -0.0039807680967113446 0.10091135192972918 -0.094401043302125565 0.029432982216132289 -0.31855070210993292 -0.12616216928459878 -0.23518678940942184 0.2161391639591832 -0.27811666001876195 -0.34476107935110734 0.15897162218864722 -0.029244670765367395 -0.037659284663929975 -0.064685523281805213 0.10559297895838077 -0.22239616150967778 0.36510181269523773 0.060811845486362773 0.1938119345693057 0.082033152693478384 -0.0068260581170519197 0.041407452126821648 0.07233357868015261 0.044357105674488209 0.018932598670944573 -0.39981944899667399 -0.13278261426926019 -0.019000308038945896 0.0096238318365067244
leaf_weight=42 40 3651 180 187 1774 40 43 68 57 45 45 104 87 1397 240 104 60 44 60 147 447 270 390 118 105 60 44 166 267 60
leaf_count=42 40 3651 180 187 1774 40 43 68 57 45 45 104 87 1397 240 104 60 44 60 147 447 270 390 118 105 60 44 166 267 60
internal_value=2.47486e-10 -0.0145622 0.00873644 -0.00838634 0.00519751 -0.00405243 -0.104999 -0.0541532 0.0689496 0.000676596 -0.00355867 -0.000627451 -0.136807 0.00377512 0.0225936 0.0327818 0.0211495 0.182744 0.029709 0.0828798 0.00784475 0.0392781 -0.0204035 -0.0391617 -0.0694065 -0.105604 -0.142585 -0.188733 0.0442517 -0.106386
internal_weight=10342 3878 6464 3838 6422 4648 208 168 100 4440 4260 4215 132 4083 2296 2056 1908 148 1788 521 1267 374 1787 553 435 330 270 210 714 120
internal_count=10342 3878 6464 3838 6422 4648 208 168 100 4440 4260 4215 132 4083 2296 2056 1908 148 1788 521 1267 374 1787 553 435 330 270 210 714 120
is_linear=0
shrinkage=0.05


Tree=140
num_leaves=31
num_cat=0
split_feature=13 11 11 16 0 27 23 0 29 23 10 15 18 17 22 23 9 10 9 13 22 9 9 11 10 16 2 9 25 17
split_gain=514.895 804.492 791.834 358.605 469.364 327.971 767.484 1712.79 872.623 766.705 719.941 2433.69 694.944 669.739 629.743 703.859 617.726 607.739 553.231 1117.98 1116.75 670.514 581.034 658.019 513.16 567.549 874.339 665.795 504.787 488.826
threshold=10.18733216452757 300.34000000000009 321.06500000000005 366.62193452380956 9.5000000000000018 1.5541666666666669 16.758333333333336 16.500000000000004 3.1226190476190481 16.972916666666674 422.73000000000008 430.59000000000009 228.29500000000004 38.510675973285949 10.850000000000001 14.787500000000001 335.74000000000007 310.89000000000004 308.23000000000008 13.021684273779085 21.400000000000002 308.64500000000004 306.61000000000007 341.00500000000005 307.65000000000003 348.43732142857147 4.5000000000000009 311.3300000000001 -1.0000000180025095e-35 34.423651661783644
decision_type=2 2 2 2 2 2 2 2 2 2 2 2 2 2 2 2 2 2 2 2 2 2 2 2 2 2 2 2 2 2
left_child=2 -2 -1 4 -4 17 10 9 -9 -8 12 -12 -7 24 -15 -16 -11 -3 19 20 -19 -20 23 -21 28 26 -26 -28 -14 -27
right_child=1 5 3 -5 -6 6 7 8 -10 16 11 -13 13 14 15 -17 -18 18 21 22 -22 -23 -24 -25 25 29 27 -29 -30 -31
leaf_value=0.2665649334500943 -0.16614030688699033 0.092781961902006313 -0.051646003978593015 -0.034371412033215164 0.15007849127540124 -0.053380840931159371 -0.19132025924821694 -0.30831543964507818 -0.066238904365574919 0.058611585903020597 -0.44111119482666256 0.036547688376158481 -0.21834234928674237 0.26380920053356227 -0.044974645417120852 0.15387874238841823 -0.098414283952511408 -0.010407551342532748 0.20543232800860314 0.026616785675287247 -0.35417253866239834 0.0049791777966723622 0.11356036716947954 -0.1809190902548532 0.074049460329588951 -0.093120036237401727 0.017839096974143209 -0.17377672166947056 -0.010299678922941287 0.0021227400111965837
leaf_weight=42 74 194 42 112 92 455 51 91 63 238 40 80 49 45 89 89 85 42 42 97 54 6210 75 63 590 162 136 68 72 800
leaf_count=42 74 194 42 112 92 455 51 91 63 238 40 80 49 45 89 89 85 42 42 97 54 6210 75 63 590 162 136 68 72 800
internal_value=-3.74675e-12 -0.00188823 0.0659174 0.0316605 0.0868514 -0.000670324 -0.0138548 -0.0689446 -0.209284 -0.0111577 -0.00298099 -0.122672 0.0026405 0.0147785 0.096699 0.054452 0.017289 0.00556103 0.00299064 -0.0600045 -0.203775 0.00632579 -0.00127254 -0.0551005 0.00504575 0.0119084 0.0431971 -0.0460328 -0.0945484 -0.0139161
internal_weight=10342 10054 288 246 134 9980 3203 528 154 374 2675 120 2555 2100 223 178 323 6777 6583 331 96 6252 235 160 1877 1756 794 204 121 962
internal_count=10342 10054 288 246 134 9980 3203 528 154 374 2675 120 2555 2100 223 178 323 6777 6583 331 96 6252 235 160 1877 1756 794 204 121 962
is_linear=0
shrinkage=0.05


Tree=141
num_leaves=31
num_cat=0
split_feature=18 2 11 10 4 15 10 17 12 9 25 13 0 13 11 16 22 10 13 11 0 28 28 23 10 9 7 9 19 10
split_gain=498.922 1786.57 1417.55 357.291 350.378 527.964 648.626 1521.78 594.914 826.038 673.428 1421.47 2341.97 1162.15 948.195 926.593 510.549 796.104 821.724 552.186 532.746 616.965 1997.44 1278.95 1021.88 810.024 1300.6 795.678 687.988 624.166
threshold=77.640000000000015 1.5000000000000002 300.34000000000009 334.38000000000005 0.12940952255126045 456.68500000000006 421.88500000000005 38.357251931318892 390.10937500000006 345.01000000000005 1.7000000000000022 11.663698131622075 5.5000000000000009 14.560010513276842 336.00500000000005 347.04574404761905 34.70000000000001 340.09000000000009 23.806290621741663 419.62500000000006 22.500000000000004 4.7017857142857151 4.936011904761906 22.154166666666672 313.31000000000006 307.05500000000001 -0.42179730054635828 328.32000000000011 448.25000000000006 347.88000000000005
decision_type=2 2 2 2 2 2 2 2 2 2 2 2 2 2 2 2 2 2 2 2 2 2 2 2 2 2 2 2 2 2
left_child=1 -1 -2 -3 16 6 8 -8 9 10 -6 12 -12 -13 -15 -16 20 18 -18 -19 21 23 -23 -4 -24 26 -26 29 -29 -25
right_child=2 3 4 -5 5 -7 7 -9 -10 -11 11 13 -14 14 15 -17 17 19 -20 -21 -22 22 24 27 25 -27 -28 28 -30 -31
leaf_value=-0.34703658846543828 0.21374173419406783 0.13863875063543674 0.011154286171909588 -0.044380343598313637 -0.0012406647704192714 0.13000337914987045 0.02722371011872643 -0.37656764239072804 -0.17308376656337221 0.087962389058151916 -0.489801542222014 0.1228992053374116 -0.015604242679352563 0.024161929743866443 -0.2524767066836357 -0.061987452360091511 0.35875445012003188 0.045383804316168785 0.043901395191286885 -0.13272304354565376 -0.05479320978447997 -0.27122695932371749 0.23795004672435827 0.087663471876747084 0.054237174260061839 -0.0011166143143230885 -0.31585097609544704 0.13355766023198765 -0.061945678027809162 0.33147562661814312
leaf_weight=47 78 40 2164 80 3173 66 56 40 55 215 46 112 60 282 75 429 40 466 43 48 369 72 43 45 43 1847 53 120 72 63
leaf_count=47 78 40 2164 80 3173 66 56 40 55 215 46 112 60 282 75 429 40 466 43 48 369 72 43 45 43 1847 53 120 72 63
internal_value=-2.13122e-10 -0.0857221 0.00140694 0.016626 -0.000233362 -0.0103969 -0.0124366 -0.141023 -0.00966077 -0.00761426 -0.0125338 -0.0482242 -0.221388 -0.027784 -0.0492554 -0.0903341 0.00830232 0.0519532 0.195638 0.0287513 0.00297425 0.00768814 -0.0125203 0.0245668 -0.00314121 -0.00847673 -0.150082 0.121316 0.0602439 0.229887
internal_weight=10342 167 10175 120 10097 4609 4543 96 4447 4392 4177 1004 106 898 786 504 5488 597 83 514 4891 4522 2058 2464 1986 1943 96 300 192 108
internal_count=10342 167 10175 120 10097 4609 4543 96 4447 4392 4177 1004 106 898 786 504 5488 597 83 514 4891 4522 2058 2464 1986 1943 96 300 192 108
is_linear=0
shrinkage=0.05


Tree=142
num_leaves=31
num_cat=0
split_feature=13 11 15 0 7 0 6 7 11 6 16 23 10 9 14 0 6 18 4 28 11 0 25 24 7 10 26 7 24 15
split_gain=471.006 817.029 731.643 326.154 549.4 358.998 318.408 520.838 478.927 456.967 434.579 427.018 470.8 420.021 804.648 1197.03 1395.45 772.718 1685.84 720.47 735.239 605.755 834.544 515.957 889.979 569.681 500.216 455.87 518.407 435.392
threshold=10.18733216452757 300.34000000000009 361.99500000000006 3.5000000000000004 0.90438663683299525 18.500000000000004 0.96465729447553372 0.11478523713130606 338.40500000000003 0.80417553764032002 377.38086309523811 25.402083333333334 430.73000000000008 310.48500000000007 303.79000000000002 13.500000000000002 0.47559651477048942 304.34000000000009 -0.78656609248549292 0.35565476190476197 352.42000000000007 12.500000000000002 3.2999999999999985 11.825892857142859 0.96407344085605606 332.83000000000004 1.0895833333333338 0.7487283477006671 14.402380952380954 378.41500000000008
decision_type=2 2 2 2 2 2 2 2 2 2 2 2 2 2 2 2 2 2 2 2 2 2 2 2 2 2 2 2 2 2
left_child=2 -2 3 -1 5 -5 9 11 -9 10 13 12 -8 14 21 16 19 27 -19 -16 -21 22 26 -23 25 -25 -3 -17 -29 -15
right_child=1 6 -4 4 -6 -7 7 8 -10 -11 -12 -13 -14 29 15 17 -18 18 -20 20 -22 23 -24 24 -26 -27 -28 28 -30 -31
leaf_value=-0.10292953638359906 -0.16733290510805879 -0.034803032843006211 0.24124578901877008 0.055278207459487021 0.21921316403895619 -0.1176855743676424 0.0022445309907796487 -0.027614727828104313 0.14145197305191734 -0.029242390829948506 -0.092775169467398277 0.11641288463336726 -0.17210517794240354 0.034005814614643137 -0.073567877209892399 0.017397080823455171 -0.19947863193543477 -0.040978201695252209 -0.50003200590610508 0.13427851555054721 -0.10021432928922701 -0.09214905703609641 -0.19825307318319879 0.094832380731413909 0.005641673749286525 0.30514641715246338 0.10787715220520662 -0.027184682866108829 -0.22456947130461535 0.0017931555389797795
leaf_weight=40 74 215 48 120 40 40 389 57 158 1413 120 72 43 1324 95 69 74 40 40 181 41 44 60 74 142 57 86 58 78 5050
leaf_count=40 74 215 48 120 40 40 389 57 158 1413 120 72 43 1324 95 69 74 40 40 181 41 44 60 74 142 57 86 58 78 5050
internal_value=1.53772e-10 -0.00180596 0.0630455 0.0274054 0.0534724 0.0120373 -0.000578604 0.0314739 0.0966296 -0.00306707 0.00164568 0.00367922 -0.0151097 0.00311185 -0.0221793 -0.0607809 -0.00397633 -0.138713 -0.270505 0.0416614 0.0909713 0.0163084 -0.027979 0.0667429 0.0923519 0.186343 0.00596273 -0.0872816 -0.140391 0.00848433
internal_weight=10342 10054 288 240 200 160 9980 719 215 9261 7848 504 432 7728 1354 676 391 285 80 317 222 678 361 317 273 131 301 205 136 6374
internal_count=10342 10054 288 240 200 160 9980 719 215 9261 7848 504 432 7728 1354 676 391 285 80 317 222 678 361 317 273 131 301 205 136 6374
is_linear=0
shrinkage=0.05


Tree=143
num_leaves=31
num_cat=0
split_feature=4 11 11 10 13 10 9 10 9 6 13 7 14 14 25 14 14 10 25 14 12 12 15 12 9 11 2 24 17 15
split_gain=468.732 5105.46 4552.38 511.745 533.563 935.218 792.595 687.235 735.816 740.487 642.291 590.826 542.789 532.708 503.818 726.641 1216.33 821.791 1780.81 873.128 841.309 774.113 564.892 546.313 535.136 545.074 628.685 594.588 527.092 862.501
threshold=0.37940952255126054 300.34000000000009 300.34000000000009 406.49500000000006 39.056789889499733 318.65000000000003 320.76000000000005 320.0800000000001 304.92500000000001 -0.05695216311707673 14.560010513276842 0.8852232634113919 310.28000000000003 311.54500000000002 1.6499999999999988 237.45500000000001 295.7000000000001 311.48000000000008 1.0999999999999963 304.58500000000004 321.94625000000002 324.85354166666673 448.25000000000006 388.82687500000014 314.49000000000007 350.07000000000005 1.5000000000000002 13.218154761904762 26.885045155687585 421.77500000000003
decision_type=2 2 2 2 2 2 2 2 2 2 2 2 2 2 2 2 2 2 2 2 2 2 2 2 2 2 2 2 2 2
left_child=2 -2 -1 4 5 10 -6 -7 9 -9 -3 -8 -10 -14 15 -4 -17 18 19 -18 -19 -22 24 -24 25 26 -16 -27 29 -23
right_child=1 3 14 -5 6 7 11 8 12 -11 -12 -13 13 -15 22 16 17 20 -20 -21 21 28 23 -25 -26 27 -28 -29 -30 -31
leaf_value=0.52710349806362677 -0.57570387095212938 0.13388425019895372 0.094695200920104985 -0.096291191482050412 -0.046252296629957376 -0.2212258284488185 0.048649019556158191 -0.31652135055784775 0.034200215099404879 -0.048228781924083614 0.0022803002078259408 0.24126496536787168 -0.13751125286798924 -0.021114365943532915 0.21098261943390206 -0.2664062875095341 -0.15289090369174729 -0.16236612991064411 -0.39947998918956373 0.099621504747441844 0.13704087269770054 0.10330091338458598 -0.18373895455772679 0.046725301702196402 0.051956236900309496 -0.22699478237579265 0.0014691503709791422 -0.024974270951965 -0.0064631730901269051 -0.089587468452751645
leaf_weight=42 40 163 180 157 233 44 537 41 439 69 215 43 104 1793 43 45 67 79 41 70 104 255 60 45 1213 48 214 151 3732 75
leaf_count=42 40 163 180 157 233 44 537 41 439 69 215 43 104 1793 43 45 67 79 41 70 104 255 60 45 1213 48 214 151 3732 75
internal_value=1.18902e-10 -0.0137429 0.00824486 -0.00788604 -0.00411543 -0.0142507 0.0316385 -0.0253753 -0.0218522 -0.148229 0.0590302 0.0629292 -0.0159013 -0.0274956 0.00485151 -0.00380047 -0.00776851 -0.00513711 -0.110387 -0.02387 -0.000723807 0.00234142 0.0275203 -0.0849686 0.0345972 -0.0115794 0.0365239 -0.0737028 -0.00110731 0.0594626
internal_weight=10342 3878 6464 3838 3681 2868 813 2490 2446 110 378 580 2336 1897 6422 4648 4468 4423 178 137 4245 4166 1774 105 1669 456 257 199 4062 330
internal_count=10342 3878 6464 3838 3681 2868 813 2490 2446 110 378 580 2336 1897 6422 4648 4468 4423 178 137 4245 4166 1774 105 1669 456 257 199 4062 330
is_linear=0
shrinkage=0.05


Tree=144
num_leaves=31
num_cat=0
split_feature=18 0 11 23 5 10 29 23 22 6 12 2 2 13 10 14 17 15 15 17 15 15 17 16 7 16 14 14 10 19
split_gain=455.855 1727.4 1366.67 781.728 340.49 405.887 514.717 1054.22 460.633 434.572 365.422 766.725 736.955 558.158 1977.28 767.352 585.864 613.338 562.651 512.189 654.257 665.807 611.07 1168.49 1169.04 790.276 596.924 506.811 415.97 407.061
threshold=77.640000000000015 5.5000000000000009 300.34000000000009 27.320833333333336 -0.70710678118654757 405.52500000000003 0.53630952380952379 24.947916666666668 20.300000000000004 0.98049069993378934 385.71604166666674 2.5000000000000004 3.5000000000000004 42.554963238344357 422.73000000000008 280.24000000000007 38.510675973285949 432.60000000000008 421.19500000000005 38.357251931318892 411.15500000000003 419.73000000000008 31.513955495909844 354.32372023809529 0.92519182738459482 358.34839285714293 332.72500000000008 330.59500000000008 368.26000000000005 436.26500000000004
decision_type=2 2 2 2 2 2 2 2 2 2 2 2 2 2 2 2 2 2 2 2 2 2 2 2 2 2 2 2 2 2
left_child=1 -1 -2 -3 10 9 7 -7 -8 -6 13 -12 -13 15 18 -4 19 -18 -15 20 22 -22 -17 24 -24 -25 27 29 -27 -23
right_child=2 3 4 -5 5 6 8 -9 -10 -11 11 12 -14 14 -16 16 17 -19 -20 -21 21 26 23 25 -26 28 -28 -29 -30 -31
leaf_value=-0.36384292361440096 0.20983409627507899 0.15359935336056407 0.21482567280569734 -0.098063985809373366 -0.0058925795540058779 -0.34077622380107642 -0.045202370383169342 -0.053427353727666639 0.14058111785574165 0.049115521758966801 -0.028822196878138043 0.31771651408635082 0.048455673607963101 -0.048435258306562902 -0.29420021881277741 0.018308187298392852 0.079644620997946614 -0.084618202092555855 0.1799296048222756 -0.16304922229222332 0.14995954328853833 -0.03725972590156091 -0.31337303607784306 0.10527832413128778 -0.0396241795605956 -0.029175815109296573 -0.081469911171395029 0.19765253888908774 -0.20510235503315927 0.066488201323663829
leaf_weight=41 78 54 48 72 6819 40 115 158 47 379 84 48 54 60 65 420 452 65 49 48 114 156 78 102 78 168 120 48 42 240
leaf_count=41 78 54 48 72 6819 40 115 158 47 379 84 48 54 60 65 420 452 65 49 48 114 156 78 102 78 168 120 48 42 240
internal_value=7.92562e-11 -0.0819389 0.00134485 0.00979173 -0.000265748 -0.00558749 -0.0573987 -0.111478 0.00869778 -0.00299621 0.0155758 0.0830427 0.175167 0.0102427 -0.0759344 0.0171242 0.012671 0.0589926 0.0542242 -0.00216678 0.00276448 0.0397507 -0.025475 -0.0647676 -0.176499 -0.00890207 0.0174744 0.0442162 -0.0643611 0.0256178
internal_weight=10342 167 10175 126 10097 7558 360 198 162 7198 2539 186 102 2353 174 2179 2131 517 109 1614 1566 678 888 468 156 312 564 444 210 396
internal_count=10342 167 10175 126 10097 7558 360 198 162 7198 2539 186 102 2353 174 2179 2131 517 109 1614 1566 678 888 468 156 312 564 444 210 396
is_linear=0
shrinkage=0.05


Tree=145
num_leaves=31
num_cat=0
split_feature=11 24 17 17 10 6 11 6 10 25 27 25 6 6 0 9 14 16 24 13 19 10 0 2 23 6 6 2 15 26
split_gain=463.337 343.132 303.781 612.989 669.372 589.524 635.34 972.981 616.86 507.677 500.814 568.914 442.102 566.03 995.76 716.287 1409.86 913.255 773.485 604.775 632.975 564.429 521.937 792.545 1179.19 553.444 565.444 538.368 523.493 488.433
threshold=251.51500000000001 10.325595238095241 38.510675973285949 38.438477411002125 353.62500000000006 0.94138322595482449 352.74500000000006 0.9962888416657264 351.91500000000008 -4.4499999999999984 0.012499999999999957 0.5999999999999962 0.80926549319045582 0.048362692321690152 8.5000000000000018 340.68000000000006 330.74500000000006 374.69892857142861 14.544047619047623 39.056789889499733 448.46000000000009 308.37500000000006 17.500000000000004 4.5000000000000009 11.608333333333336 0.76696112484652046 0.21862473630160603 1.0000000180025095e-35 368.39500000000004 0.097916666666666666
decision_type=2 2 2 2 2 2 2 2 2 2 2 2 2 2 2 2 2 2 2 2 2 2 2 2 2 2 2 2 2 2
left_child=-1 -2 3 5 -5 12 8 10 -7 -4 -8 -12 13 -3 19 16 22 18 -17 20 21 -15 25 24 -24 26 -16 -28 -29 -26
right_child=1 2 9 4 -6 6 7 -9 -10 -11 11 -13 -14 14 15 17 -18 -19 -20 -21 -22 -23 23 -25 29 -27 27 28 -30 -31
leaf_value=-0.16775050468561126 0.13403994683176279 -0.017604415975443027 0.11406861441830794 -0.019473522116563152 -0.28727650877321137 0.027850433107991908 0.015575731676398663 -0.018569397473973886 -0.13409369961370396 0.0091410854333731969 0.32151569728222162 0.12799517997336807 -0.039909980421020563 -0.1624906511393501 0.071609291965918004 -0.15646829558743372 0.19233658274917892 -0.16308925376998054 0.077392519310003891 0.090116379427902335 -0.15925331809605012 -0.010038291817615827 0.33493739258911881 -0.023644144136007086 -0.066323254924888414 0.11536323177096708 -0.16776170354957384 0.09347325535836043 -0.053301835508534207 0.11199963625646586
leaf_weight=41 48 3011 120 56 40 230 57 147 79 2930 54 128 959 67 144 45 165 90 165 99 99 647 54 132 48 99 72 81 243 192
leaf_count=41 48 3011 120 56 40 230 57 147 79 2930 54 128 959 67 144 45 165 90 165 99 99 647 54 132 48 99 72 81 243 192
internal_value=-1.71326e-10 0.00066768 4.32899e-05 -0.0055571 -0.131058 -0.00386185 0.0398785 0.0826512 -0.0135528 0.0132694 0.144908 0.185413 -0.00860289 -0.00309702 0.0147907 0.0394412 0.0563369 -0.0298311 0.0272795 -0.0265638 -0.0407721 -0.024344 0.0352665 0.0781362 0.123833 0.00668677 -0.0132373 -0.0440905 -0.0166081 0.0763351
internal_weight=10342 10301 10253 7203 96 7107 695 386 309 3050 239 182 6412 5453 2442 1530 1230 300 210 912 813 714 1065 426 294 639 540 396 324 240
internal_count=10342 10301 10253 7203 96 7107 695 386 309 3050 239 182 6412 5453 2442 1530 1230 300 210 912 813 714 1065 426 294 639 540 396 324 240
is_linear=0
shrinkage=0.05


Tree=146
num_leaves=31
num_cat=0
split_feature=16 11 11 17 8 6 5 25 5 15 10 25 24 12 6 13 24 16 12 7 15 11 19 9 14 11 14 13 24 10
split_gain=432.827 3741.79 3131.98 626.064 420.803 905.485 724.908 439.727 379.744 760.992 795.036 777.637 770.608 1059.22 762.411 714.167 730.512 689.148 640.187 628.872 780.383 1045.7 910.533 706.899 685.032 1752.8 654.127 627.042 707.804 629.365
threshold=342.42065476190481 300.34000000000009 303.74500000000006 45.159045628601568 1.0000000180025095e-35 0.55656748448714433 -0.78656609248549325 0.59999999999999887 1.0000000180025095e-35 410.45000000000005 358.07000000000005 -5.8500000000000005 25.867559523809529 355.52750000000009 0.94138322595482449 24.63616756271561 34.260416666666671 367.21672619047621 357.73145833333348 0.98005052076767474 410.45000000000005 367.99000000000007 429.10000000000008 310.25500000000005 306.80000000000007 324.41500000000002 310.23500000000007 16.410127000427302 11.353571428571431 348.26000000000005
decision_type=2 2 2 2 2 2 2 2 2 2 2 2 2 2 2 2 2 2 2 2 2 2 2 2 2 2 2 2 2 2
left_child=2 -2 -1 8 -4 6 7 -6 9 10 14 -11 13 -12 15 16 27 -14 -15 20 21 23 -23 24 -10 -26 -25 28 -3 -29
right_child=1 3 4 -5 5 -7 -8 -9 19 11 12 -13 17 18 -16 -17 -18 -19 -20 -21 -22 22 -24 26 25 -27 -28 29 -30 -31
leaf_value=0.42965707940624115 -0.38739484766172988 -0.1707054466207294 0.033871138444389472 -0.18085911370192964 0.1095737325874242 0.13606347273414335 -0.16863641073035093 -0.082520463174352285 0.0012151366183695564 -0.11200584063796622 -0.035508164615285671 0.0337590786193908 0.040758860483765605 -0.33786274329671323 0.15064547086755437 0.13102051401510836 -0.15986013873418173 -0.0848146442700356 -0.12663745064590429 -0.19004867530117434 -0.026435182869546388 -0.27319541129198943 -0.01852857833824207 0.10945642687559538 -0.36761984990747726 0.084940722691826523 0.025376747554524782 0.0013135525259248754 0.02953591320913589 -0.26674007512629033
leaf_weight=47 63 47 662 48 55 60 119 65 332 95 286 2482 316 53 96 99 75 167 111 48 2548 55 97 291 46 40 1128 47 723 41
leaf_count=47 63 47 662 48 55 60 119 65 332 95 286 2482 316 53 96 99 75 167 111 48 2548 55 97 291 46 40 1128 47 723 41
internal_value=-1.28602e-10 -0.00336141 0.0311264 -0.000751753 0.0116353 -0.037596 -0.0811925 0.00552271 0.000185594 0.0102731 -0.012374 0.0283855 -0.0465199 -0.0935974 0.015869 0.00333161 -0.0102174 -0.00265889 -0.194899 -0.0100185 -0.00811385 0.0153566 -0.110678 0.0257852 -0.0313623 -0.157127 0.0426193 0.00286329 0.0173134 -0.123575
internal_weight=10342 9334 1008 9271 961 299 239 120 9223 4638 2061 2577 933 450 1128 1032 933 483 164 4585 4537 1989 152 1837 418 86 1419 858 770 88
internal_count=10342 9334 1008 9271 961 299 239 120 9223 4638 2061 2577 933 450 1128 1032 933 483 164 4585 4537 1989 152 1837 418 86 1419 858 770 88
is_linear=0
shrinkage=0.05


Tree=147
num_leaves=31
num_cat=0
split_feature=18 6 11 0 5 8 11 15 5 15 11 13 9 28 15 2 11 9 10 6 2 10 10 12 22 15 14 13 16 7
split_gain=434.175 1680.25 1396.49 321.514 301.883 802.31 912.913 715.614 587.582 603.613 850.701 863.876 700.468 1056.19 602.036 511.104 1769.76 532.192 478.843 455.347 482.303 812.214 1529.37 460.481 453.832 450.754 434.374 808.198 638.994 632.725
threshold=77.640000000000015 0.63920241694561786 300.34000000000009 7.5000000000000009 -0.5 1.0000000180025095e-35 354.42500000000007 456.68500000000006 1.0000000180025095e-35 410.45000000000005 367.99000000000007 11.555722190545973 309.75500000000005 13.704464285714289 414.34000000000009 4.5000000000000009 347.82500000000005 325.34000000000009 408.90500000000003 0.98667101781630195 4.5000000000000009 350.82000000000005 358.76500000000004 360.98520833333339 26.950000000000003 448.46000000000009 298.82500000000005 24.849951466666564 344.77922619047627 0.32410992729244009
decision_type=2 2 2 2 2 2 2 2 2 2 2 2 2 2 2 2 2 2 2 2 2 2 2 2 2 2 2 2 2 2
left_child=1 -1 -2 -3 7 8 -7 25 15 10 12 -12 13 26 -11 16 -6 -18 -8 20 23 -22 -23 -16 -24 -4 28 29 -10 -28
right_child=2 3 4 -5 5 6 18 -9 9 14 11 -13 -14 -15 19 -17 17 -19 -20 -21 21 22 24 -25 -26 -27 27 -29 -30 -31
leaf_value=-0.3333867550195948 0.21206399192794778 0.13503244330175221 0.011668381627600213 -0.038581967444624755 0.26107374575969422 -0.24652185884614786 -0.022839502289440351 0.20354101275637126 0.15715661701051742 -0.12460028203529912 -0.24619840678004992 -0.0047914006451093075 0.035566549773343385 0.18801502987461272 0.1216528201599916 -0.0058392110143642168 -0.03403887041261263 0.069533760706752032 -0.16209311765211989 0.05749265592752232 -0.019154290986232093 -0.4317577364295721 0.030833282809365883 -0.019101199053080518 -0.17228592313148761 -0.12231588530703448 -0.17211590556191358 -0.21988829109533176 -0.082044632648522006 -0.010003729912645181
leaf_weight=47 78 40 3274 80 95 60 473 48 59 143 63 90 1590 53 60 488 214 295 71 180 244 40 55 1842 55 64 73 72 53 343
leaf_count=47 78 40 3274 80 95 60 473 48 59 143 63 90 1590 53 60 488 214 295 71 180 244 40 55 1842 55 64 73 72 53 343
internal_value=1.22611e-10 -0.0799667 0.00131248 0.0192895 -0.000315594 -0.00645665 -0.0614288 0.0118559 -0.00101974 -0.00825687 0.00987899 -0.104194 0.0176602 -0.0259403 -0.0248485 0.0322167 0.0629638 0.0259885 -0.0410141 -0.0190874 -0.0250911 -0.0754412 -0.167001 -0.014661 -0.0707263 0.00909948 -0.0448397 -0.0652207 0.0439632 -0.0384513
internal_weight=10342 167 10175 120 10097 6711 604 3386 6107 5015 2396 153 2243 653 2619 1092 604 509 544 2476 2296 394 150 1902 110 3338 600 488 112 416
internal_count=10342 167 10175 120 10097 6711 604 3386 6107 5015 2396 153 2243 653 2619 1092 604 509 544 2476 2296 394 150 1902 110 3338 600 488 112 416
is_linear=0
shrinkage=0.05


Tree=148
num_leaves=31
num_cat=0
split_feature=11 29 29 14 12 12 17 11 9 10 10 0 23 8 7 11 10 28 22 4 0 6 10 16 5 9 15 6 6 6
split_gain=434.554 324.765 448.254 310.136 299.724 1496.9 959.501 666.282 545.559 652.379 1108.95 1474.68 803.818 1376.85 1015.88 1062.51 953.291 1278.23 617.383 591.665 571.885 571.691 1737.89 447.074 415.636 963.039 879.952 634.97 1247.5 1329.37
threshold=251.51500000000001 7.2252976190476206 6.8101190476190476 317.85000000000008 343.02125000000007 343.55062500000003 45.46741229618474 305.66000000000003 315.43500000000006 317.14000000000004 308.37500000000006 1.5000000000000002 29.202083333333338 1.0000000180025095e-35 -0.78324956448884031 408.94500000000011 350.00500000000005 5.3080357142857153 19.700000000000003 1.0000000180025095e-35 16.500000000000004 0.26866988313759588 330.01500000000004 370.59315476190483 0.25881904510252057 307.19500000000005 410.45000000000005 -0.61237985104942771 -0.54220184589352438 -0.58482361983252518
decision_type=2 2 2 2 2 2 2 2 2 2 2 2 2 2 2 2 2 2 2 2 2 2 2 2 2 2 2 2 2 2
left_child=-1 2 4 -3 8 -6 7 -7 9 10 11 -2 14 -14 -11 16 19 -18 -13 20 -16 -21 -23 -10 27 -26 -27 -9 29 -29
right_child=1 3 -4 -5 5 6 -8 24 23 12 -12 18 13 -15 15 -17 17 -19 -20 21 -22 22 -24 -25 25 26 -28 28 -30 -31
leaf_value=-0.16245658790192954 -0.23303899295402297 0.014327868002795889 -0.15322056245058777 0.12710743459368434 -0.28317542880152663 -0.18511760423378068 -0.18473886395804584 0.042246283750674817 0.072951358585957485 0.22235399816806117 0.11530811390518053 -0.014089064963093593 -0.013714104591247937 -0.29666221379927954 0.12343261965240043 0.1814441629441885 -0.016871088162981093 -0.35935832005149376 0.20780889148061929 -0.0063012094274768997 -0.0074690083667696252 -0.35095350449735468 0.013235822228001959 -0.033601985188821952 -0.2364254749612883 0.028146446440869718 -0.029342021475172321 0.0068967397258217853 0.0044247339833656347 -0.33762314021587375
leaf_weight=41 66 167 48 96 48 49 72 1119 548 48 275 109 120 67 126 65 63 48 44 246 247 55 81 120 48 985 2053 56 3176 56
leaf_count=41 66 167 48 96 48 49 72 1119 548 48 275 109 120 67 126 65 63 48 44 246 247 55 81 120 48 985 2053 56 3176 56
internal_value=1.47902e-10 0.000646609 -0.000790431 0.0554946 -5.80339e-05 -0.00483188 -0.00307715 -0.00134291 0.0156538 0.000299392 0.0484555 -0.0354917 -0.020103 -0.115091 -0.00195913 -0.0135241 -0.028158 -0.164974 0.0497247 -0.00804341 0.0367498 -0.0517813 -0.134047 0.05381 -0.000141128 -0.0142137 -0.0107027 0.00971315 -0.0013588 -0.165363
internal_weight=10342 10301 10038 263 9990 7662 7614 7542 2328 1660 494 219 1166 187 979 931 866 111 153 755 373 382 136 668 7493 3086 3038 4407 3288 112
internal_count=10342 10301 10038 263 9990 7662 7614 7542 2328 1660 494 219 1166 187 979 931 866 111 153 755 373 382 136 668 7493 3086 3038 4407 3288 112
is_linear=0
shrinkage=0.05


Tree=149
num_leaves=31
num_cat=0
split_feature=13 11 11 2 10 9 16 2 18 7 12 18 15 24 10 15 0 13 16 24 25 27 13 28 10 27 25 11 14 5
split_gain=415.949 769.975 768.23 294.119 375.619 263.153 279.163 696.157 679.101 725.449 693.566 569.421 512.758 557.96 631.974 863.286 577.763 1226.44 1192.41 579.877 536.708 497.651 995.161 1046.7 1883.22 772.823 729.818 854.241 1639.42 590.122
threshold=10.18733216452757 321.06500000000005 300.34000000000009 1.0000000180025095e-35 352.37500000000006 352.89500000000004 373.54505952380958 1.5000000000000002 322.94000000000005 -0.99761278905001471 390.21750000000003 329.07000000000005 445.35000000000008 27.199702380952385 309.69500000000005 340.62500000000006 3.5000000000000004 12.753971637596027 368.37294642857142 37.128869047619055 3.9000000000000044 0.25208333333333355 39.552887350455784 5.2339285714285717 379.44000000000005 0.34375000000000006 1.1000000000000008 332.20500000000004 306.80000000000007 0.37940952255126048
decision_type=2 2 2 2 2 2 2 2 2 2 2 2 2 2 2 2 2 2 2 2 2 2 2 2 2 2 2 2 2 2
left_child=1 -1 -2 4 -3 6 8 -8 9 -4 12 -9 13 21 -15 -16 18 -18 -17 20 -19 22 23 24 -11 -23 27 -25 -29 -30
right_child=2 3 5 -5 -6 -7 7 11 -10 10 -12 -13 -14 14 15 16 17 19 -20 -21 -22 25 -24 26 -26 -27 -28 28 29 -31
leaf_value=0.25710488025631223 -0.16220476105809212 -0.044430387713067183 -0.19501876123249531 0.12979450749347585 0.1147792921513319 0.094736495138042498 0.054779382936346037 -0.068011750834046744 0.061495338640994761 -0.069069877053148668 0.15442929448310883 0.0055871375695763469 -0.087881094178495323 0.17996487396799762 -0.18253946664198392 0.014872760949580649 0.15045303478458813 0.017442191283273314 -0.20734511944814585 -0.16959825392812491 0.16985487441842756 0.099795020477258592 0.040652497511438838 0.037325920248986226 -0.42429627734727193 -0.0042177276327392656 0.019741128651976754 -0.40665195913364488 -0.043786610965876667 -0.22089370814838302
leaf_weight=42 74 143 48 53 50 72 240 671 456 139 72 432 168 61 53 246 197 1548 80 40 60 187 336 128 51 3969 358 42 269 57
leaf_count=42 74 143 48 53 50 72 240 671 456 139 72 432 168 61 53 246 197 1548 80 40 60 187 336 128 51 3969 358 42 269 57
internal_value=-5.30769e-11 0.0592463 -0.00169713 0.0254656 -0.00318436 -0.000506992 -0.00119911 -0.022394 0.00212427 -0.00121439 -6.03639e-05 -0.0391861 -0.00145269 0.000403851 0.021191 0.0168362 0.0217035 0.0325459 -0.0396592 0.0184514 0.0231292 -0.00817611 -0.0341916 -0.0582794 -0.16442 0.000462345 -0.034665 -0.0739339 -0.112633 -0.0747532
internal_weight=10342 288 10054 246 193 9980 9908 1343 8565 8109 8061 1103 7989 7821 2285 2224 2171 1845 326 1648 1608 5536 1380 1044 190 4156 854 496 368 326
internal_count=10342 288 10054 246 193 9980 9908 1343 8565 8109 8061 1103 7989 7821 2285 2224 2171 1845 326 1648 1608 5536 1380 1044 190 4156 854 496 368 326
is_linear=0
shrinkage=0.05


end of trees

feature_importances:
last=460
lag168=445
std24=350
lag24=297
weekday=294
doy_sin=254
hour=218
std168=197
max24=192
doy_cos=190
temp_delta24=180
mean168=176
hour_cos=141
mean24=140
min168=128
temp_mean168=127
temp_mean24=117
min24=106
hour_sin=89
max168=89
temp_last=83
workhour=66
response_cool168=56
response_heat168=44
response_heat24=37
response_cool24=24

parameters:
[boosting: gbdt]
[objective: regression]
[metric: l2]
[tree_learner: serial]
[device_type: cpu]
[data_sample_strategy: bagging]
[data: ]
[valid: ]
[num_iterations: 150]
[learning_rate: 0.05]
[num_leaves: 31]
[num_threads: 2]
[seed: 20261006]
[deterministic: 1]
[force_col_wise: 1]
[force_row_wise: 0]
[histogram_pool_size: -1]
[max_depth: -1]
[min_data_in_leaf: 40]
[min_sum_hessian_in_leaf: 0.001]
[bagging_fraction: 1]
[pos_bagging_fraction: 1]
[neg_bagging_fraction: 1]
[bagging_freq: 0]
[bagging_seed: 27463]
[bagging_by_query: 0]
[feature_fraction: 1]
[feature_fraction_bynode: 1]
[feature_fraction_seed: 885]
[extra_trees: 0]
[extra_seed: 17743]
[early_stopping_round: 0]
[early_stopping_min_delta: 0]
[first_metric_only: 0]
[max_delta_step: 0]
[lambda_l1: 0]
[lambda_l2: 0]
[linear_lambda: 0]
[min_gain_to_split: 0]
[drop_rate: 0.1]
[max_drop: 50]
[skip_drop: 0.5]
[xgboost_dart_mode: 0]
[uniform_drop: 0]
[drop_seed: 19011]
[top_rate: 0.2]
[other_rate: 0.1]
[min_data_per_group: 100]
[max_cat_threshold: 32]
[cat_l2: 10]
[cat_smooth: 10]
[max_cat_to_onehot: 4]
[top_k: 20]
[monotone_constraints: ]
[monotone_constraints_method: basic]
[monotone_penalty: 0]
[feature_contri: ]
[forcedsplits_filename: ]
[refit_decay_rate: 0.9]
[cegb_tradeoff: 1]
[cegb_penalty_split: 0]
[cegb_penalty_feature_lazy: ]
[cegb_penalty_feature_coupled: ]
[path_smooth: 0]
[interaction_constraints: ]
[verbosity: -1]
[saved_feature_importance_type: 0]
[use_quantized_grad: 0]
[num_grad_quant_bins: 4]
[quant_train_renew_leaf: 0]
[stochastic_rounding: 1]
[linear_tree: 0]
[max_bin: 255]
[max_bin_by_feature: ]
[min_data_in_bin: 3]
[bin_construct_sample_cnt: 200000]
[data_random_seed: 5366]
[is_enable_sparse: 1]
[enable_bundle: 1]
[use_missing: 1]
[zero_as_missing: 0]
[feature_pre_filter: 1]
[pre_partition: 0]
[two_round: 0]
[header: 0]
[label_column: ]
[weight_column: ]
[group_column: ]
[ignore_column: ]
[categorical_feature: ]
[forcedbins_filename: ]
[precise_float_parser: 0]
[parser_config_file: ]
[objective_seed: 8607]
[num_class: 1]
[is_unbalance: 0]
[scale_pos_weight: 1]
[sigmoid: 1]
[boost_from_average: 1]
[reg_sqrt: 0]
[alpha: 0.9]
[fair_c: 1]
[poisson_max_delta_step: 0.7]
[tweedie_variance_power: 1.5]
[lambdarank_truncation_level: 30]
[lambdarank_norm: 1]
[label_gain: ]
[lambdarank_position_bias_regularization: 0]
[eval_at: ]
[multi_error_top_k: 1]
[auc_mu_weights: ]
[num_machines: 1]
[local_listen_port: 12400]
[time_out: 120]
[machine_list_filename: ]
[machines: ]
[gpu_platform_id: -1]
[gpu_device_id: -1]
[gpu_device_id_list: ]
[gpu_use_dp: 0]
[num_gpu: 1]

end of parameters

pandas_categorical:[]
