tree
version=v4
num_class=1
num_tree_per_iteration=1
label_index=0
max_feature_idx=32
objective=regression
feature_names=hour lead weekday weekend hour_sin hour_cos doy_sin doy_cos workhour last lag24 lag168 mean24 std24 min24 max24 mean168 std168 min168 max168 missing24 missing168 temp_last temp_mean24 temp_mean168 temp_delta24 response_cool24 response_heat24 response_cool168 response_heat168 interaction_temp_work interaction_cool_work interaction_temp_sin
feature_infos=[0:23] [1:24] [0:6] [0:1] [-1:1] [-1:1] [-0.9999994220246925:0.99998555065071859] [-0.99997919295908233:0.9999907524084426] [0:1] [237.88:357.02999999999997] [76.930000000000007:473.66000000000003] [78.349999999999994:473.66000000000003] [304.41750000000002:398.59916666666669] [6.0798824544330028:104.54317562017138] [76.930000000000007:350.06] [321.62:473.66000000000003] [329.62386904761905:379.58279761904765] [19.189054105021345:48.583651475567422] [76.930000000000007:336.05000000000001] [377.11000000000001:473.66000000000003] [0:0.041666666666666664] [0:0.0059523809523809521] [6.7000000000000002:38.899999999999999] [8.0083333333333346:39.958333333333336] [10.133928571428571:38.198214285714286] [-10:6.1000000000000014] [0:21.958333333333332] [0:9.9916666666666671] [0:20.198214285714286] [0:7.8660714285714288] [0:39.958333333333336] [0:21.958333333333332] [-39.958333333333336:39.958333333333336]
tree_sizes=2673 2721 2741 2726 2735 2736 2746 2737 2751 2738 2751 2770 2740 2764 2766 2774 2778 2748 2760 2761 2748 2761 2770 2771 2754 2790 2750 2789 2813 2781 2803 2767 2788 2772 2785 2779 2776 2782 2778 2781 2792 2772 2786 2798 2772 2779 2782 2797 2798 2798 2787 2780 2785 2778 2792 2777 2789 2778 2807 2778 2779 2778 2796 2805 2821 2813 2813 2815 2814 2820 2786 2803 2796 2821 2788 2807 2812 2818 2819 2818 2809 2828 2812 2803 2840 2813 2809 2812 2795 2823 2828 2820 2795 2821 2824 2809 2814 2821 2844 2817 2805 2811 2796 2818 2825 2830 2791 2816 2823 2827 2834 2817 2803 2810 2834 2824 2827 2831 2822 2800 2823 2843 2798 2832 2828 2813 2808 2821 2819 2834 2846 2792 2819 2817 2813 2840 2808 2828 2834 2840 2803 2816 2811 2831 2828 2806 2822 2846 2845 2798

Tree=0
num_leaves=31
num_cat=0
split_feature=11 11 11 10 30 11 8 10 10 11 2 32 10 19 11 11 9 19 10 10 11 0 10 18 12 10 13 16 9 10
split_gain=8.25287e+06 1.20955e+06 960631 255266 235714 180099 160434 147015 145210 69048.6 64904.8 61667 53015 52608.9 47131 42643.1 39694.4 36700.5 34281.7 32385.8 31771.4 25089.4 22385 19578.6 25192 18645.4 18032.8 17196.5 16465.3 14662.8
threshold=368.38000000000005 334.29500000000007 401.44000000000005 328.15000000000003 9.533333333333335 351.23500000000007 1.0000000180025095e-35 409.87500000000006 390.25500000000005 300.34000000000009 4.5000000000000009 8.2311735392867824 346.17000000000007 428.67500000000007 380.53500000000003 415.84500000000008 318.09000000000009 402.32500000000005 423.34500000000008 361.98500000000007 420.96500000000009 3.5000000000000004 431.66500000000002 300.48000000000008 360.37791666666675 376.78000000000003 10.386330250546999 368.37294642857142 310.90000000000003 403.97000000000008
decision_type=2 2 2 2 2 2 2 2 2 2 2 2 2 2 2 2 2 2 2 2 2 2 2 2 2 2 2 2 2 2
left_child=1 3 8 9 5 12 -5 13 14 -1 18 17 -3 23 25 -9 21 -6 29 -7 -15 -11 -17 -4 -25 -2 -16 -22 -14 -10
right_child=2 4 7 6 11 19 -8 15 10 16 -12 -13 28 20 26 22 -18 -19 -20 -21 27 -23 -24 24 -26 -27 -28 -29 -30 -31
leaf_value=355.56298405486336 359.82305949746183 358.34008034301695 361.54969909300399 358.05997776645643 360.14262733762973 359.08088378646295 361.0676971091541 362.05513023826853 361.03644542437183 356.84516226652426 359.92340914342287 359.65145942998737 358.20193406950756 361.64229484494501 361.50720755889739 362.58953188511509 357.60044421328297 361.77374496697342 362.57856052672747 359.56667865719862 361.90721834289496 357.35159184241797 363.17181577945411 360.02728408619544 361.498054877897 360.41072762846773 360.50798710204566 362.80279842603443 358.91152229835546 361.60768278254443
leaf_weight=60 492 1091 100 1226 59 702 46 260 265 503 84 154 90 347 49 449 629 83 57 671 95 476 261 74 48 186 575 123 892 195
leaf_count=60 492 1091 100 1226 59 702 46 260 265 503 84 154 90 347 49 449 629 83 57 671 95 476 261 74 48 186 575 123 892 195
internal_value=359.44 358.394 361.348 357.635 358.99 358.874 358.169 362.191 360.57 357.228 361.212 360.344 358.58 361.683 360.273 362.603 357.291 361.096 361.422 359.318 361.939 357.091 362.804 361.031 360.606 359.984 360.586 362.413 358.846 361.279
internal_weight=10342 6682 3660 2940 3742 3446 1272 1757 1903 1668 601 296 2073 787 1302 970 1608 142 517 1373 565 979 710 222 122 678 624 218 982 460
internal_count=10342 6682 3660 2940 3742 3446 1272 1757 1903 1668 601 296 2073 787 1302 970 1608 142 517 1373 565 979 710 222 122 678 624 218 982 460
is_linear=0
shrinkage=1


Tree=1
num_leaves=31
num_cat=0
split_feature=11 11 11 10 30 11 8 10 10 11 2 32 16 11 10 11 10 9 19 10 11 0 17 12 10 9 13 26 9 9
split_gain=7.44821e+06 1.09214e+06 866970 226225 215849 167549 143368 132681 131166 61910.2 58678.3 55970.2 48078.5 44787.4 39883 39011.8 38825.5 36254 32409.1 27714.1 26553.5 21483.9 20826 19439.7 19025.8 15676 15531.9 15013.9 14817.5 13938.5
threshold=368.38000000000005 334.00500000000005 401.44000000000005 328.15000000000003 9.533333333333335 348.64500000000004 1.0000000180025095e-35 409.87500000000006 392.93500000000006 300.34000000000009 4.5000000000000009 6.1307761308659643 367.77556547619054 380.53500000000003 359.59000000000009 420.96500000000009 346.17000000000007 317.82000000000005 402.32500000000005 423.34500000000008 420.96500000000009 3.5000000000000004 35.495554529497745 360.37791666666675 376.78000000000003 333.83500000000009 10.386330250546999 1.2354166666666668 321.17500000000007 325.69000000000005
decision_type=2 2 2 2 2 2 2 2 2 2 2 2 2 2 2 2 2 2 2 2 2 2 2 2 2 2 2 2 2 2
left_child=1 3 8 9 5 16 29 12 13 -1 19 18 22 24 -7 28 -3 21 -6 -10 -14 -11 23 27 -2 -16 -15 -4 -9 -5
right_child=2 4 7 6 11 14 -8 15 10 17 -12 -13 20 26 25 -17 -18 -19 -20 -21 -22 -23 -24 -25 -26 -27 -28 -29 -30 -31
leaf_value=-3.6826992257435998 0.36437244553467246 -1.0770949865476642 1.4819818305580512 -1.4797564922341861 0.70269884860740517 -0.42750473972013725 1.5571817813979256 2.0758654013923978 1.8041949747809705 -2.4696419355604387 0.47508909483499173 0.26308754336022772 2.2364589609418597 1.9643131197715293 -0.12655275710027927 3.2766030399288448 -0.61414188882106635 -1.7531316912042607 2.3179500935872399 2.9820983819794238 3.1951243811506567 -1.9968686943901686 2.038303020388581 2.0432069987581492 0.93285598496950817 0.30966070169796711 1.0392261052484431 0.17444240819840207 2.7963783636033162 -1.1382291589135236
leaf_weight=60 492 1024 46 629 53 813 45 92 403 495 79 169 175 49 471 560 812 634 75 57 123 467 344 57 210 366 613 42 318 569
leaf_count=60 492 1024 46 629 53 813 45 92 403 495 79 169 175 49 471 560 812 634 75 57 123 467 344 57 210 366 613 42 318 569
internal_value=2.39127e-10 -0.993073 1.81304 -1.72329 -0.433494 -0.543735 -1.21347 2.61391 1.0736 -2.10595 1.73396 0.860441 2.13153 0.81266 -0.17808 3.00528 -0.872347 -2.04668 1.64914 1.95015 2.63215 -2.24014 1.82646 1.32387 0.534432 0.0641929 1.1077 0.857929 2.6347 -1.31755
internal_weight=10342 6682 3660 2899 3783 3486 1243 1757 1903 1656 539 297 787 1364 1650 970 1836 1596 128 460 298 962 489 145 702 837 662 88 410 1198
internal_count=10342 6682 3660 2899 3783 3486 1243 1757 1903 1656 539 297 787 1364 1650 970 1836 1596 128 460 298 962 489 145 702 837 662 88 410 1198
is_linear=0
shrinkage=0.05


Tree=2
num_leaves=31
num_cat=0
split_feature=11 11 11 10 30 11 8 10 10 11 32 19 10 2 10 10 10 11 19 11 10 11 18 12 10 9 11 2 16 9
split_gain=6.72391e+06 1.081e+06 668098 219825 211259 163881 138350 119745 106579 56510.2 55999.6 43726.5 41763.3 37037.1 36880.7 34344.9 32377.5 29351.8 26934.6 26542.6 22285.8 20355.9 16400.6 20790 16340.4 14202.5 13950.4 13527.4 13404.7 13280.7
threshold=371.15500000000003 334.97500000000008 401.44000000000005 328.15000000000003 9.533333333333335 351.23500000000007 1.0000000180025095e-35 409.87500000000006 395.66000000000003 300.34000000000009 6.1307761308659643 428.67500000000007 346.17000000000007 4.5000000000000009 432.89500000000004 361.98500000000007 319.00500000000005 382.44500000000005 402.32500000000005 420.96500000000009 424.31500000000005 422.73000000000008 300.48000000000008 360.37791666666675 373.97500000000008 333.83500000000009 317.59500000000008 4.5000000000000009 368.90068452380962 313.24500000000006
decision_type=2 2 2 2 2 2 2 2 2 2 2 2 2 2 2 2 2 2 2 2 2 2 2 2 2 2 2 2 2 2
left_child=1 3 8 9 5 12 26 11 17 -1 18 22 -3 20 21 -7 29 24 -6 -13 -10 -9 -4 -24 -2 -14 -5 -17 -21 -11
right_child=2 4 7 6 10 15 -8 14 13 16 -12 19 25 -15 -16 27 -18 -19 -20 28 -22 -23 23 -25 -26 -27 -28 -29 -30 -31
leaf_value=-3.4985641638437905 0.38925505767216567 -0.98298438113469355 1.9050705165863038 -1.6679532909985655 0.82781108152121308 -0.31667649678351611 1.4742416683508426 2.4238453567181271 1.7700978233896454 -2.2734393878033643 0.30001541811148996 1.9869438639635313 -0.65789188412444077 0.5193158257890631 3.3578894287685181 0.39866571932296346 -1.6577870779770352 1.1040028781816982 2.2117988867637441 2.2952549996199432 2.8798421089465802 2.9640910763529287 0.51562247662930882 1.8517276922861736 0.89612716277097837 -0.24472906767020569 -1.1705025045113897 -0.023368597419043496 3.0794402131167327 -1.9025964750530033
leaf_weight=60 352 1040 100 161 64 746 49 389 348 566 208 347 645 54 265 334 636 603 78 108 52 316 74 48 290 307 1131 440 110 421
leaf_count=60 352 1040 100 161 64 746 49 389 348 566 208 347 645 54 265 334 636 603 78 108 52 316 74 48 290 307 1131 440 110 421
internal_value=3.69348e-10 -0.903196 1.7996 -1.61117 -0.348845 -0.465588 -1.13359 2.48322 1.09264 -1.9917 0.822581 2.02496 -0.763944 1.74843 2.85502 -0.0745845 -1.93599 0.853501 1.58803 2.25858 1.91436 2.666 1.43039 1.0413 0.618216 -0.524656 -1.23249 0.15875 2.69094 -2.11526
internal_weight=10342 6886 3456 3024 3862 3512 1341 1757 1699 1683 350 787 1992 454 970 1520 1623 1245 142 565 400 705 222 122 642 952 1292 774 218 987
internal_count=10342 6886 3456 3024 3862 3512 1341 1757 1699 1683 350 787 1992 454 970 1520 1623 1245 142 565 400 705 222 122 642 952 1292 774 218 987
is_linear=0
shrinkage=0.05


Tree=3
num_leaves=31
num_cat=0
split_feature=11 10 11 11 30 11 10 10 11 11 2 0 10 16 10 11 19 11 9 9 11 10 30 15 13 13 2 13 10 9
split_gain=6.07066e+06 894866 705088 223734 221644 115281 108863 108070 59977.6 55793.6 50564.1 46378.5 45769 40040.2 37584.8 33342.3 32029.8 30302.5 25181.8 22323.5 21997.7 17936 17814.8 17464.8 26446.2 42977.7 19243.9 15189.2 14669.3 14149.5
threshold=368.38000000000005 340.09000000000009 401.44000000000005 324.75500000000005 9.533333333333335 348.64500000000004 385.27500000000003 409.87500000000006 339.30500000000006 300.34000000000009 4.5000000000000009 9.5000000000000018 320.50500000000005 367.77556547619054 407.24500000000006 415.84500000000008 402.32500000000005 382.44500000000005 330.02500000000003 321.17500000000007 415.22000000000008 431.66500000000002 9.533333333333335 407.03500000000003 10.790393427095889 11.783583696410485 1.0000000180025095e-35 10.386330250546999 328.15000000000003 313.02500000000003
decision_type=2 2 2 2 2 2 2 2 2 2 2 2 2 2 2 2 2 2 2 2 2 2 2 2 2 2 2 2 2 2
left_child=1 3 6 9 5 19 17 13 28 -1 14 -6 29 23 -8 -9 -13 -2 -7 -3 -15 -17 -10 24 -4 -26 -27 -19 -5 -11
right_child=2 4 7 8 11 18 10 15 22 12 -12 16 -14 20 -16 21 -18 27 -20 -21 -22 -23 -24 -25 25 26 -28 -29 -30 -31
leaf_value=-3.2505178676711193 0.4560301387442065 -0.94538597207601749 2.4784780754762537 -1.5050867902896599 0.36853650833831214 -0.31503405457040945 1.3400094065340498 2.2278465115107022 -0.781280753172505 -2.2374919763281329 0.36629240342329461 0.64289798997342595 -1.4962646525478767 1.882083964253974 2.157382868304111 2.6980607564836943 2.2275449371337892 1.8555571916368274 0.10409831393483987 -0.56088614472084586 2.7507788903531973 3.2192777757900433 0.080378237008047637 2.0659461102834564 -0.15568868958431742 2.231792243558969 1.2233893143834536 0.88628302157976169 -1.1475211872968667 -1.8418719512111736
leaf_weight=72 699 655 51 479 122 703 463 260 573 484 97 48 623 127 202 449 95 45 731 891 171 261 67 164 46 67 161 397 715 424
leaf_count=72 699 655 51 479 122 703 463 260 573 484 97 48 623 127 202 449 95 45 731 891 171 261 67 164 46 67 161 397 715 424
internal_value=5.31168e-09 -0.896547 1.63681 -1.45878 -0.301052 -0.424279 0.969977 2.35906 -1.08163 -1.89027 1.43274 1.08467 -1.8263 1.92371 1.58829 2.71227 1.69564 0.660929 -0.101376 -0.723789 2.38056 2.88966 -0.691076 1.6453 1.43304 1.23845 1.51972 0.984965 -1.29097 -2.05275
internal_weight=10342 6682 3660 3437 3245 2980 1903 1757 1834 1603 762 265 1531 787 665 970 143 1141 1434 1546 298 710 640 489 325 274 228 442 1194 908
internal_count=10342 6682 3660 3437 3245 2980 1903 1757 1834 1603 762 265 1531 787 665 970 143 1141 1434 1546 298 710 640 489 325 274 228 442 1194 908
is_linear=0
shrinkage=0.05


Tree=4
num_leaves=31
num_cat=0
split_feature=11 11 10 30 11 11 10 11 2 11 11 10 10 10 10 19 0 11 9 19 2 10 19 5 18 9 32 9 0 9
split_gain=5.48448e+06 827932 671384 183514 182348 131340 96137.9 80064.3 59929.6 51554.4 42894.6 41264.9 41094.2 38879.2 38577.5 35510.7 27239.7 25488 22021.4 18845.9 16926.6 15111.7 14752.7 14430.4 13388.3 12770 12539.6 12492.7 15421.9 12261.2
threshold=363.46000000000009 395.73000000000008 339.15500000000003 9.533333333333335 324.75500000000005 417.44500000000005 381.35000000000008 342.23500000000007 4.5000000000000009 300.34000000000009 339.30500000000006 425.81000000000006 403.97000000000008 320.50500000000005 402.30000000000007 402.32500000000005 9.5000000000000018 379.80500000000006 320.38000000000005 428.67500000000007 3.5000000000000004 361.45500000000004 427.84000000000003 -0.70710678118654757 306.19500000000005 313.02500000000003 -9.9073773639869227 332.37500000000006 4.5000000000000009 322.36500000000007
decision_type=2 2 2 2 2 2 2 2 2 2 2 2 2 2 2 2 2 2 2 2 2 2 2 2 2 2 2 2 2 2
left_child=2 6 4 7 9 14 17 20 12 -1 27 19 -8 25 22 -5 -17 -2 -9 -7 26 -20 24 -14 -3 -11 -4 28 -6 -16
right_child=1 5 3 15 10 11 8 18 -10 13 -12 -13 23 -15 29 16 -18 -19 21 -21 -22 -23 -24 -25 -26 -27 -28 -29 -30 -31
leaf_value=-3.1216797546601636 0.28905612447588985 1.3817189970477062 0.30436825772578069 0.068055600236202107 -1.5764837223550547 1.6115733737037297 1.1167258915287328 -0.57963274357191252 0.2929647248349197 -2.1256173941714702 -0.70155991454010036 2.9678772942870078 2.4466487068600125 -1.4329707264801852 1.6204233301787818 0.69991903879812789 2.1377289685606957 0.77978346808957533 -0.33431176596418094 2.4164446471801986 -0.93280816568495362 0.010382089883991428 1.654756375223887 1.5435909868656905 0.49097926251349916 -1.749778332350389 -0.62711946413769293 -0.95588899422687812 -1.1472248219583452 2.2035079268999
leaf_weight=71 832 132 44 58 368 84 502 439 168 484 560 382 90 606 119 56 80 388 663 542 829 611 305 87 62 424 202 297 485 372
leaf_count=71 832 132 44 58 368 84 502 439 168 484 560 382 90 606 119 56 80 388 663 542 829 611 305 87 62 424 202 297 485 372
internal_value=-1.16838e-09 1.43081 -0.926595 -0.383027 -1.41853 2.1566 0.729248 -0.486495 1.1385 -1.80487 -1.06042 2.55835 1.3477 -1.74312 1.74754 1.10392 1.54569 0.445124 -0.274235 2.30844 -0.824729 -0.168999 1.43793 2.00277 1.09705 -1.95012 -0.460512 -1.23517 -1.33242 2.06219
internal_weight=10342 4065 6277 2982 3295 1998 2067 2788 847 1585 1710 1008 679 1514 990 194 136 1220 1713 626 1075 1274 499 177 194 908 246 1150 853 491
internal_count=10342 4065 6277 2982 3295 1998 2067 2788 847 1585 1710 1008 679 1514 990 194 136 1220 1713 626 1075 1274 499 177 194 908 246 1150 853 491
is_linear=0
shrinkage=0.05


Tree=5
num_leaves=31
num_cat=0
split_feature=11 11 11 30 10 11 10 8 19 32 11 2 10 10 11 9 9 11 19 0 13 13 8 9 10 9 9 9 9 5
split_gain=4.94993e+06 802629 496222 158689 158267 124788 116249 106115 59053.6 44092.7 41477.8 37934.4 34807 33289.1 32429.7 27574.2 25726 21620 19558.3 18610 18107.2 16686.6 16613.2 16592.7 15803.9 14557.5 14423.4 12155.7 11655.7 15790.6
threshold=371.15500000000003 334.58500000000004 408.94500000000011 9.533333333333335 328.15000000000003 351.23500000000007 395.66000000000003 1.0000000180025095e-35 427.84000000000003 8.2311735392867824 300.34000000000009 3.5000000000000004 432.89500000000004 351.15000000000003 386.03500000000003 331.24000000000007 318.24500000000006 432.89500000000004 402.32500000000005 3.5000000000000004 25.232407991572924 10.607254350858371 1.0000000180025095e-35 324.66500000000002 420.32500000000005 324.59500000000008 308.23000000000008 333.83500000000009 325.34000000000009 0.25881904510252057
decision_type=2 2 2 2 2 2 2 2 2 2 2 2 2 2 2 2 2 2 2 2 2 2 2 2 2 2 2 2 2 2
left_child=1 4 6 5 10 13 14 28 20 18 -1 24 17 -3 26 -7 19 23 -5 -12 -4 -16 -13 -10 -8 -24 -2 -15 -6 -30
right_child=2 3 8 9 7 15 11 -9 12 -11 16 22 -14 27 21 -17 -18 -19 -20 -21 -22 -23 25 -25 -26 -27 -28 -29 29 -31
leaf_value=-3.005026110013326 -0.20566403192502483 -0.81198739238925643 0.76756078912251036 0.71463372475454512 -1.2149510481630879 -0.25201634852759386 1.7671675169284526 1.3273643595166504 1.846755705132592 0.20401256077493413 -2.0342702897327523 0.52372870873003152 2.9124086069593247 -0.52755222256411105 1.9091966955750079 0.17634472042412686 -1.4136946152469771 2.7063724887428102 1.8329772425794055 -1.6016356241850815 1.8102358185161245 0.98720549115959599 0.81080173720484194 2.3231746772402211 2.6158137437069056 1.7208690749712225 0.64044046174978542 -0.08864122834097285 -0.0091443181700176668 -0.98253884166213978
leaf_weight=60 54 1297 67 71 651 841 325 48 305 193 511 78 255 507 54 679 621 209 87 484 110 538 69 456 66 121 749 229 45 562
leaf_count=60 54 1297 67 71 651 841 325 48 305 193 511 78 255 507 54 679 621 209 87 484 110 538 69 456 66 121 749 229 45 562
internal_value=3.04447e-09 -0.774945 1.54406 -0.303161 -1.3926 -0.403356 1.04907 -0.979953 2.26924 0.711061 -1.71415 1.59635 2.39259 -0.659575 0.790536 -0.0606629 -1.66622 2.25594 1.33043 -1.82382 1.41555 1.07131 1.13814 2.13223 1.91042 1.39037 0.583542 -0.390989 -1.06799 -0.910376
internal_weight=10342 6886 3456 3904 2982 3553 2054 1306 1402 351 1676 659 1225 2033 1395 1520 1616 970 158 995 177 592 268 761 391 190 803 736 1258 607
internal_count=10342 6886 3456 3904 2982 3553 2054 1306 1402 351 1676 659 1225 2033 1395 1520 1616 970 158 995 177 592 268 761 391 190 803 736 1258 607
is_linear=0
shrinkage=0.05


Tree=6
num_leaves=31
num_cat=0
split_feature=11 11 10 30 11 11 10 11 2 10 11 11 9 10 19 16 0 13 9 15 9 11 9 10 10 17 10 4 2 9
split_gain=4.47799e+06 673409 552449 149737 149154 108873 80521.9 64989.8 49495.1 44832.5 42654.5 34245.2 33983.1 33927.6 30628.7 25044.7 22652.1 20583.3 18904.4 18535.2 16169.6 15457.8 14828.3 14184.8 13810.4 12654.1 12176.3 11469.3 10914.6 13160.3
threshold=363.46000000000009 395.73000000000008 339.15500000000003 9.533333333333335 324.75500000000005 420.96500000000009 381.35000000000008 341.73000000000008 4.5000000000000009 406.49500000000006 300.34000000000009 339.30500000000006 321.83500000000004 407.24500000000006 402.32500000000005 367.77556547619054 9.5000000000000018 9.3323925063245223 320.38000000000005 400.44000000000011 325.27500000000003 378.49500000000006 325.2050000000001 319.61000000000007 356.35000000000008 35.670249727784082 344.34500000000008 -0.70710678118654735 3.5000000000000004 323.36500000000007
decision_type=2 2 2 2 2 2 2 2 2 2 2 2 2 2 2 2 2 2 2 2 2 2 2 2 2 2 2 2 2 2
left_child=2 6 4 7 10 9 17 22 13 20 -1 -6 23 -8 -5 19 -16 -2 -9 -7 25 26 -4 -12 -20 -3 -19 -24 -11 -30
right_child=1 5 3 14 11 15 8 18 -10 28 12 -13 -14 -15 16 -17 -18 21 24 -21 -22 -23 27 -25 -26 -27 -28 -29 29 -31
leaf_value=-2.8306842582326541 1.3936017476916314 0.56466851064137058 -0.92920219907202106 0.036932722068038486 -1.1157704348988506 1.4377570463030527 1.0414507707758485 -0.53070355903589594 0.26629129335106838 2.1417165536559031 -1.8450276848445188 -0.63898261542298973 -1.1827665794158901 1.9060669680436453 0.63797193914651873 2.6194310312134603 1.9491301085054875 -0.20756871088787363 -0.36234473792525629 2.286005672262462 1.6287724888987012 0.60234962358909594 0.048078172373166986 -1.4657773498274125 -0.028508533897174906 1.2916140451639559 0.31651650786765451 -0.65020290063553721 1.0108059905193469 1.9448725357055665
leaf_weight=71 50 77 556 58 1150 89 535 457 168 356 743 560 402 144 56 489 80 135 504 233 306 416 69 369 804 269 619 398 54 125
leaf_count=71 50 77 556 58 1150 89 535 457 168 356 743 560 402 144 56 489 80 135 504 233 306 416 69 369 804 269 619 398 54 125
internal_value=1.89696e-11 1.29287 -0.837266 -0.34419 -1.2835 1.94743 0.660158 -0.437652 1.0347 1.64235 -1.63292 -0.959629 -1.57675 1.22482 0.998964 2.39396 1.40924 0.400131 -0.253866 2.05155 1.364 0.357675 -0.754741 -1.71918 -0.157143 1.12984 0.222682 -0.547031 1.98158 1.66309
internal_weight=10342 4065 6277 2982 3295 1998 2067 2788 847 1187 1585 1710 1514 679 194 811 136 1220 1765 322 652 1170 1023 1112 1308 346 754 467 535 179
internal_count=10342 4065 6277 2982 3295 1998 2067 2788 847 1187 1585 1710 1514 679 194 811 136 1220 1765 322 652 1170 1023 1112 1308 346 754 467 535 179
is_linear=0
shrinkage=0.05


Tree=7
num_leaves=31
num_cat=0
split_feature=11 11 10 30 11 11 10 11 2 11 10 11 9 10 12 19 19 18 11 9 0 2 19 17 10 10 10 2 9 32
split_gain=4.04139e+06 607752 498585 135137 134612 98852.8 72671 58711.7 44669.3 38495.6 31994.4 30906.3 30669.8 30669.4 29901.9 27938.1 19932.7 24073.7 18769.8 16990 15397.3 14682.7 14008.7 13085.4 12819.2 12141.9 11747.6 12907.2 11843.9 11411.7
threshold=363.46000000000009 395.73000000000008 339.15500000000003 9.533333333333335 324.75500000000005 417.44500000000005 381.35000000000008 342.00500000000005 4.5000000000000009 300.34000000000009 425.81000000000006 339.30500000000006 321.83500000000004 403.97000000000008 359.33729166666672 412.53500000000003 431.00000000000006 306.19500000000005 379.80500000000006 320.38000000000005 10.500000000000002 3.5000000000000004 428.67500000000007 36.313679253861466 319.00500000000005 361.45500000000004 408.90500000000003 3.5000000000000004 323.54500000000002 -9.9073773639869227
decision_type=2 2 2 2 2 2 2 2 2 2 2 2 2 2 2 2 2 2 2 2 2 2 2 2 2 2 2 2 2 2
left_child=2 6 4 7 9 14 18 21 13 -1 22 -6 24 -8 16 -5 17 -3 -2 -9 -17 29 -7 -15 -11 -21 -16 -28 -29 -4
right_child=1 5 3 15 11 10 8 19 -10 12 -12 -13 -14 23 26 20 -18 -19 -20 25 -22 -23 -24 -25 -26 -27 27 28 -30 -31
leaf_value=-2.6891500179091814 0.24619535830699113 1.0638378947675229 0.39331147249152021 0.33649061882182174 -1.0599819157230466 1.3777377128601076 0.96403824336218291 -0.50310159239384622 0.25297672747235217 -1.7560260224015747 2.5592089784082943 -0.60703348535445656 -1.1236282594323586 2.0690528642146959 1.4589978129267693 0.85372167560789325 1.5578616935310636 -0.31668056860566141 0.6673117556666821 -0.29146757768804105 2.106016728613112 -0.8121944366926741 2.0716687148347552 1.1851964347502766 -1.3985393441004279 0.015574154187090914 2.1184312368835414 0.82538897124203769 1.8210444552924046 -0.52356177616089139
leaf_weight=71 832 150 41 95 1150 84 502 447 168 730 382 560 402 109 300 45 141 40 388 677 54 812 542 68 382 614 222 44 93 197
leaf_count=71 832 150 41 95 1150 84 502 447 168 730 382 560 402 109 300 45 141 40 388 677 54 812 542 68 382 614 222 44 93 197
internal_value=1.76686e-09 1.22823 -0.795403 -0.326981 -1.21933 1.85006 0.62715 -0.415769 0.98296 -1.55127 2.1986 -0.911648 -1.49791 1.16357 1.49518 0.949015 1.10745 0.773202 0.380124 -0.237427 1.53679 -0.710969 1.97855 1.72949 -1.63322 -0.145438 1.68993 1.88291 1.50127 -0.365613
internal_weight=10342 4065 6277 2982 3295 1998 2067 2788 847 1585 1008 1710 1514 679 990 194 331 190 1220 1738 99 1050 626 177 1112 1291 659 359 137 238
internal_count=10342 4065 6277 2982 3295 1998 2067 2788 847 1585 1008 1710 1514 679 990 194 331 190 1220 1738 99 1050 626 177 1112 1291 659 359 137 238
is_linear=0
shrinkage=0.05


Tree=8
num_leaves=31
num_cat=0
split_feature=11 11 10 11 30 10 10 11 30 11 11 19 9 0 11 13 10 11 13 19 2 9 9 10 7 10 10 7 2 11
split_gain=3.64825e+06 511206 475000 126679 125539 87611 65655.7 56242 35352.1 33786 31793.8 30447.9 28842 25759.3 24646.7 20383.6 19363.2 18910.5 17304.2 17274.9 15580.8 15569 14420.6 13974.6 13147.2 12640 11531.6 13308.2 16577.7 11142.5
threshold=364.95500000000004 396.69500000000005 339.76500000000004 324.75500000000005 9.533333333333335 408.90500000000003 381.35000000000008 345.34500000000008 8.3458333333333368 300.34000000000009 343.71000000000009 428.67500000000007 325.34000000000009 9.5000000000000018 414.39000000000004 9.3323925063245223 423.34500000000008 420.96500000000009 13.634155048378727 409.87000000000006 3.5000000000000004 330.31500000000005 311.53000000000003 319.00500000000005 -0.99761278905001471 432.89500000000004 328.95500000000004 -0.35846086284744721 1.0000000180025095e-35 380.53500000000003
decision_type=2 2 2 2 2 2 2 2 2 2 2 2 2 2 2 2 2 2 2 2 2 2 2 2 2 2 2 2 2 2
left_child=2 6 3 9 7 11 15 22 20 -1 26 18 23 -6 -7 -2 -10 -13 -3 -15 -8 -9 -4 -11 -17 -16 27 28 -5 -26
right_child=1 5 4 10 13 14 8 21 16 12 -12 17 -14 19 25 24 -18 -19 -20 -21 -22 -23 -24 -25 29 -27 -28 -29 -30 -31
leaf_value=-2.526946691258086 1.3722898115068674 0.03455197869277582 -0.95672096799830997 -2.3773821043968204 0.26710786381834434 1.6769737568848275 0.96797354678964354 -0.31468188460714025 1.1707228447838456 -1.6472132243111368 -0.44800850559129479 1.4141452242091228 -0.93671429994147892 0.64703005804699298 2.091640694468178 -0.44391142544975759 2.3120441995015959 1.9902481984590814 1.1450308706473422 1.8675388809660793 0.34224949057444659 0.0079941397168447319 -0.53124208178133114 -1.3052321994403382 0.26546107267797797 2.5281182609620645 -0.83702513598163208 -0.97050467210645142 -1.2333683371543884 0.6144026738608025
leaf_weight=72 50 41 245 40 95 272 183 792 397 783 378 426 258 49 518 51 41 214 243 71 218 708 1064 483 708 244 781 427 152 338
leaf_count=72 50 41 245 40 95 272 183 792 397 783 378 426 258 49 518 51 41 214 243 71 218 708 1064 483 708 244 781 427 152 338
internal_value=-1.31827e-09 1.19609 -0.73732 -1.14518 -0.282252 1.76939 0.630871 -0.37138 0.967009 -1.46855 -0.854914 1.41558 -1.41855 0.882209 2.08556 0.384995 1.27756 1.60678 0.984715 1.36916 0.627804 -0.162379 -0.610877 -1.51674 0.339995 2.23141 -0.964778 -1.12597 -1.4717 0.378217
internal_weight=10342 3944 6398 3374 3024 1958 1986 2809 839 1596 1778 924 1524 215 1034 1147 438 640 284 120 401 1500 1309 1266 1097 762 1400 619 192 1046
internal_count=10342 3944 6398 3374 3024 1958 1986 2809 839 1596 1778 924 1524 215 1034 1147 438 640 284 120 401 1500 1309 1266 1097 762 1400 619 192 1046
is_linear=0
shrinkage=0.05


Tree=9
num_leaves=31
num_cat=0
split_feature=11 11 10 30 11 11 11 10 2 9 10 19 9 11 0 19 11 17 10 13 30 11 25 12 9 7 7 17 2 10
split_gain=3.29542e+06 505222 402227 130599 81597.5 76393.9 68599.4 60527.6 35414 34314.3 32105.8 28790.4 27691.8 30839.6 22715.8 22644.6 19449.2 18625.7 17648.9 15095.3 14875.4 13782 13751.3 12652.8 12433.3 12293.3 12181 11524.1 11370 10745.2
threshold=362.95000000000005 395.73000000000008 332.83000000000004 9.533333333333335 420.32500000000005 342.23500000000007 324.41500000000002 376.78000000000003 4.5000000000000009 325.27500000000003 403.97000000000008 402.32500000000005 316.32500000000005 300.34000000000009 8.5000000000000018 443.87500000000006 340.31000000000006 23.26182996334725 353.62500000000006 35.226666402245179 12.895833333333334 329.05500000000006 -1.1500000000000001 372.17666666666673 333.83500000000009 -0.99273797715557011 -0.99761278905001471 36.313679253861466 4.5000000000000009 403.05000000000007
decision_type=2 2 2 2 2 2 2 2 2 2 2 2 2 2 2 2 2 2 2 2 2 2 2 2 2 2 2 2 2 2
left_child=2 7 6 5 9 21 12 17 10 19 -9 -5 13 -1 -13 29 -8 -2 -7 22 -11 -4 -3 -21 28 -22 -19 -12 -20 -6
right_child=1 4 3 11 15 18 16 8 -10 20 27 14 -14 -15 -16 -17 -18 26 24 23 25 -23 -24 -25 -26 -27 -28 -29 -30 -31
leaf_value=-2.893539315721263 1.2855307991413967 0.17345800196582623 -0.93563125274059455 -0.057226612884551289 1.3995639460928302 -0.42555250226361158 -1.0399639901234947 0.81562524640117828 0.2175278708735045 1.0211435000563778 1.893488331453516 0.22195676223533911 -1.1909687311828676 -1.5596430860848791 1.613525802591472 2.2751772954740237 -0.56323498069476852 -0.52049658621350925 0.059640881666357483 1.5036176220612594 1.062857069507722 -0.61835913630529049 1.0304367175453013 0.64187530904727164 0.10750760488020297 1.8091285221100568 0.29499855600398073 1.0640338606694166 -0.38395765752991151 1.952198008648363
leaf_weight=46 46 66 484 64 136 771 832 653 188 86 109 41 620 747 103 466 288 48 211 217 62 1169 161 53 403 502 995 68 458 249
leaf_count=46 46 66 484 64 136 771 832 653 188 86 109 41 620 747 103 466 288 48 211 217 62 1169 161 53 403 502 995 68 458 249
internal_value=-1.82572e-09 1.10016 -0.724088 -0.392041 1.66978 -0.46446 -1.20964 0.559999 0.837174 1.39455 0.977527 0.825148 -1.4413 -1.63702 1.21732 2.04074 -0.917377 0.300895 -0.243106 1.0818 1.63369 -0.711257 0.781271 1.33446 -0.111887 1.72709 0.257469 1.57483 -0.244048 1.75698
internal_weight=10342 4105 6237 3704 1998 3496 2533 2107 1018 1147 830 208 1413 793 144 851 1120 1089 1843 497 650 1653 227 270 1072 564 1043 177 669 385
internal_count=10342 4105 6237 3704 1998 3496 2533 2107 1018 1147 830 208 1413 793 144 851 1120 1089 1843 497 650 1653 227 270 1072 564 1043 177 669 385
is_linear=0
shrinkage=0.05


Tree=10
num_leaves=31
num_cat=0
split_feature=11 11 11 11 10 8 10 30 16 15 28 10 2 16 31 11 19 10 17 9 10 19 14 2 32 10 9 2 30 14
split_gain=2.97647e+06 489056 302285 104390 95699.1 74599.9 71590.9 60337.9 39150.6 32192.2 27899.5 27516.6 27242.6 25718.4 21276.2 20900.5 20339.8 19500.5 17302.4 15938.2 12730 12670.8 12982.8 12487.6 12190.2 11250.3 10957.3 11203.9 10607 10495.7
threshold=371.15500000000003 334.00500000000005 408.94500000000011 354.42500000000007 321.95000000000005 1.0000000180025095e-35 395.66000000000003 9.533333333333335 367.77556547619054 407.03500000000003 0.022321428571428565 351.15000000000003 3.5000000000000004 359.83952380952383 1.7229166666666669 300.34000000000009 409.87000000000006 366.47500000000008 45.81161926007686 330.80000000000007 425.81000000000006 429.10000000000008 303.91500000000002 4.5000000000000009 13.067313296185047 420.96500000000009 333.83500000000009 4.5000000000000009 22.487500000000001 318.85500000000008
decision_type=2 2 2 2 2 2 2 2 2 2 2 2 2 2 2 2 2 2 2 2 2 2 2 2 2 2 2 2 2 2
left_child=1 4 6 7 15 19 14 11 9 13 -5 -3 25 21 -2 -1 -9 -12 24 -6 -10 22 -4 -19 29 -8 27 -13 -14 -16
right_child=2 3 8 10 5 -7 12 16 20 -11 17 26 28 -15 18 -17 -18 23 -20 -21 -22 -23 -24 -25 -26 -27 -28 -29 -30 -31
leaf_value=-2.4047473477867416 0.4623881154904666 -0.62498852147147832 1.6049987438248428 1.3495106903619547 -1.0100012602482844 1.1126284987368482 1.3924408690806962 -0.086369945194858772 1.8282340167744739 1.7354722186584366 -0.11071338036411207 0.020338523290478267 0.58971112270049664 0.083256025259432043 0.96935833090772994 -1.3894071021830214 1.2272745288470213 0.48799829922462756 -0.12758495500311257 -0.67001342136586661 2.2468291077671982 1.8021974028767767 0.42951376199722291 0.045144259071120851 0.72417379919726688 2.13657488822937 -0.024060525555061562 -0.49985020007960151 1.2291640603542329 1.7090172377464019
leaf_weight=53 896 1476 41 43 1146 47 331 52 407 440 781 130 158 57 130 1160 68 312 40 493 328 74 55 325 253 60 292 508 110 76
leaf_count=53 896 1476 41 43 1146 47 331 52 407 440 781 130 158 57 130 1160 68 312 40 493 328 74 55 325 253 60 292 508 110 76
internal_value=1.67394e-09 -0.600927 1.19733 -0.241619 -1.09508 -0.851414 0.810998 -0.436194 1.76333 1.48597 0.0947907 -0.490768 1.24048 1.00236 0.608111 -1.43377 0.658029 0.056742 0.869768 -0.907735 2.01504 1.31053 0.931544 0.262052 0.956684 1.50663 -0.277748 -0.393856 0.852173 1.24224
internal_weight=10342 6886 3456 3987 2899 1686 2054 2526 1402 667 1461 2406 659 227 1395 1213 120 1418 499 1639 735 170 96 637 459 391 930 638 268 206
internal_count=10342 6886 3456 3987 2899 1686 2054 2526 1402 667 1461 2406 659 227 1395 1213 120 1418 499 1639 735 170 96 637 459 391 930 638 268 206
is_linear=0
shrinkage=0.05


Tree=11
num_leaves=31
num_cat=0
split_feature=11 11 10 30 10 11 11 10 2 9 13 19 11 5 11 11 0 11 13 13 10 11 2 15 9 11 10 22 9 10
split_gain=2.68692e+06 413313 332520 100619 65948.1 63237.9 55643.1 52817.9 32314.5 26314.5 25565.6 25561.9 23033.5 21392.2 19071.2 18758.6 17472.1 17330.3 25652.7 17273.7 14430.5 11525.5 13117.5 11519.7 11274.5 11183.2 10901.6 11417.2 10126.7 9988.02
threshold=362.95000000000005 396.69500000000005 334.38000000000005 9.533333333333335 408.90500000000003 324.41500000000002 341.73000000000008 380.73000000000008 4.5000000000000009 321.77500000000003 10.790393427095889 402.32500000000005 300.34000000000009 -0.70710678118654757 346.75500000000005 414.39000000000004 9.5000000000000018 426.47500000000008 11.555722190545973 9.3323925063245223 356.35000000000008 316.06000000000006 1.0000000180025095e-35 410.74500000000006 333.83500000000009 380.53500000000003 344.34500000000008 29.150000000000002 312.61000000000007 432.89500000000004
decision_type=2 2 2 2 2 2 2 2 2 2 2 2 2 2 2 2 2 2 2 2 2 2 2 2 2 2 2 2 2 2
left_child=2 7 5 6 10 9 21 19 13 12 -3 -5 -1 23 -7 -6 -13 18 -12 -2 -8 -4 -23 -9 -22 26 27 -21 -24 -17
right_child=1 4 3 11 15 14 20 8 -10 -11 17 16 -14 -15 -16 29 -18 -19 -20 25 24 22 28 -25 -26 -27 -28 -29 -30 -31
leaf_value=-2.4554817040761314 1.1937375881350958 1.8560302970987381 -1.2940388195098393 -0.092238456862313412 1.4366267167470035 -0.88939449093771084 -0.3634111710796164 0.97066768978427109 0.19956568107846079 -0.92586405555516971 -0.056861315323756295 0.43348059668870909 -1.3670038482552571 0.79279599236854181 -0.32875194575701078 1.7960782174898391 1.5709717544387369 1.6868150345303796 1.098602646779683 0.05240333166646266 -0.21867231865093781 0.14706852080500019 -0.88111383219874362 1.763212676690175 0.13252102574460087 0.50337543357217973 0.25243516449030423 -0.89130990616130557 -0.55660339738274767 2.1840744100633218
leaf_weight=51 52 132 63 63 272 1098 901 82 178 362 52 56 1034 545 176 518 85 110 630 118 603 56 316 104 368 343 681 44 1005 244
leaf_count=51 52 132 63 63 272 1098 901 82 178 362 52 56 1034 545 176 518 85 110 630 118 603 56 316 104 368 343 681 44 1005 244
internal_value=1.24453e-09 0.993405 -0.653828 -0.332661 1.51877 -1.06883 -0.399044 0.514286 0.803702 -1.29501 1.21181 0.745081 -1.41817 0.950811 -0.811943 1.79308 1.1192 1.10444 1.0105 0.301782 -0.219298 -0.632713 -0.602456 1.41381 -0.0855733 0.262675 0.164738 -0.203914 -0.63423 1.92032
internal_weight=10342 4105 6237 3516 1958 2721 3312 2147 909 1447 924 204 1085 731 1274 1034 141 792 682 1238 1872 1440 1377 186 971 1186 843 162 1321 762
internal_count=10342 4105 6237 3516 1958 2721 3312 2147 909 1447 924 204 1085 731 1274 1034 141 792 682 1238 1872 1440 1377 186 971 1186 843 162 1321 762
is_linear=0
shrinkage=0.05


Tree=12
num_leaves=31
num_cat=0
split_feature=11 10 11 30 11 10 11 16 10 13 0 5 2 9 16 31 17 19 11 5 2 9 19 11 32 13 10 9 10 19
split_gain=2.42675e+06 403878 247554 101039 91467.3 59537.5 58573.7 33258.5 30592.1 27340.5 24649.1 23900 23712 19550 19322.5 18303.7 14944.7 14338.7 13680.7 12322.8 12120 11673.7 10922.1 10860.7 10466.5 10019.6 12194.6 9938.23 9707.21 9255.66
threshold=371.15500000000003 340.09000000000009 408.94500000000011 9.533333333333335 327.84500000000008 395.66000000000003 355.57000000000005 367.77556547619054 314.92000000000007 26.294198348841004 10.500000000000002 0.25881904510252057 3.5000000000000004 321.17500000000007 359.83952380952383 1.7229166666666669 45.81161926007686 430.40000000000003 302.34500000000008 0.25881904510252057 1.5000000000000002 330.02500000000003 412.53500000000003 424.31500000000005 13.067313296185047 16.057754606294552 345.7050000000001 336.97000000000008 420.32500000000005 428.49500000000006
decision_type=2 2 2 2 2 2 2 2 2 2 2 2 2 2 2 2 2 2 2 2 2 2 2 2 2 2 2 2 2 2
left_child=1 4 5 6 8 15 13 9 18 14 -5 20 28 -3 17 29 24 -4 -1 -15 -6 -8 -12 -9 25 26 -17 -10 -7 -2
right_child=2 3 7 10 11 12 21 23 27 -11 22 -13 -14 19 -16 16 -18 -19 -20 -21 -22 -23 -24 -25 -26 -27 -28 -29 -30 -31
leaf_value=-2.1262024470738004 0.19520195869051599 -0.58729194702522725 0.61464235738471706 0.30089572614731169 -0.087870354195735578 1.2592105825497555 -0.11554070716999008 1.6033879643773277 -1.0405487884976425 1.5175265516167329 0.75972355331693375 -0.76833977995768121 0.76090203013424007 -0.10415753512404301 0.029229381405993512 0.89359019413590435 -0.13773045502370224 1.7959110941205705 -1.3539806106174366 -0.414386078277444 -0.60587607208978056 0.22425254400778974 1.6461775617970937 1.9917734937760092 0.65451427268401796 0.83342522440588707 2.0756614724795024 -0.40849183178789011 1.9243180628978847 0.53081941002660293
leaf_weight=63 319 805 54 169 232 325 467 315 1078 507 70 1165 268 587 57 40 40 49 640 704 220 551 69 420 253 118 48 66 66 577
leaf_count=63 319 805 54 169 232 325 467 315 1078 507 70 1165 268 587 57 40 40 49 640 704 220 551 69 420 253 118 48 66 66 577
internal_value=-2.39129e-11 -0.542605 1.08113 -0.157339 -0.9232 0.731512 -0.242785 1.59333 -1.1636 1.33769 0.706553 -0.648605 1.12317 -0.393911 0.767853 0.546491 0.789183 1.17661 -1.42318 -0.273329 -0.339997 0.0683749 1.19976 1.82532 0.86996 1.13456 1.53836 -1.00408 1.37148 0.411331
internal_weight=10342 6886 3456 3422 3464 2054 3114 1402 1847 667 308 1617 659 2096 160 1395 499 103 703 1291 452 1018 139 735 459 206 88 1144 391 896
internal_count=10342 6886 3456 3422 3464 2054 3114 1402 1847 667 308 1617 659 2096 160 1395 499 103 703 1291 452 1018 139 735 459 206 88 1144 391 896
is_linear=0
shrinkage=0.05


Tree=13
num_leaves=31
num_cat=0
split_feature=11 11 10 30 11 11 11 10 9 2 13 19 10 11 0 19 13 9 10 13 30 30 9 0 13 16 7 25 11 2
split_gain=2.19148e+06 337621 273610 87597 57263.4 51640.1 45595.6 43065 26778.2 25259.3 22367.5 21187.4 19671.3 19121.9 17029.8 16226.3 15215.8 12540.6 12174.3 11475.1 11439 11374.9 11294.8 12019.1 10852.5 11062.1 10373.5 9957.31 9848.06 9380.45
threshold=362.95000000000005 395.73000000000008 332.83000000000004 9.533333333333335 420.32500000000005 342.00500000000005 317.59500000000008 376.78000000000003 325.27500000000003 3.5000000000000004 10.71449692572833 402.32500000000005 403.97000000000008 340.31000000000006 8.5000000000000018 443.87500000000006 10.386330250546999 321.83500000000004 353.62500000000006 38.203653012856932 12.895833333333334 22.487500000000001 331.61000000000007 3.5000000000000004 11.555722190545973 359.83952380952383 -0.99628250747696534 1.0999999999999963 329.05500000000006 1.0000000180025095e-35
decision_type=2 2 2 2 2 2 2 2 2 2 2 2 2 2 2 2 2 2 2 2 2 2 2 2 2 2 2 2 2 2
left_child=2 7 6 5 8 28 10 16 19 12 -1 -5 -9 22 -13 -6 -2 -12 -7 27 -10 -11 23 -8 25 -18 -22 -3 -4 -26
right_child=1 4 3 11 15 18 13 9 20 21 17 14 -14 -15 -16 -17 24 -19 -20 -21 26 -23 -24 -25 29 -27 -28 -29 -30 -31
leaf_value=-2.404328869610298 0.89199321731561576 0.44546622647977002 -0.7713062918236987 -0.076713755121454605 1.4333694078434598 -0.34581032322841837 -1.1706083987803941 0.77013252583832292 0.80634460643280392 0.27347567285218372 -1.3034101820723982 0.15483372886551591 1.5253763784777445 -0.45653540325713249 1.3597199067184069 1.8720219237865809 0.27754249445548873 -0.84395821495081802 -0.08781485390055524 1.1639729446711693 0.67899130000624552 0.87390225498991869 -0.56226270621269936 -0.83183426064023258 0.56968581439458832 -0.82553298122742602 1.4870064888835925 1.0296676528908439 -0.50207844164902782 0.15900181653298831
leaf_weight=41 82 191 484 64 385 793 445 462 86 348 737 41 106 288 103 466 41 186 1080 188 43 102 200 636 171 51 521 118 1139 744
leaf_count=41 82 191 484 64 385 793 445 462 86 348 737 41 106 288 103 466 41 186 1080 188 43 102 200 636 171 51 521 118 1139 744
internal_value=-2.03125e-10 0.897156 -0.59048 -0.316619 1.36281 -0.375929 -0.990947 0.455592 1.13224 0.68939 -1.26158 0.680239 0.911076 -0.824667 1.01666 1.67357 0.237038 -1.21082 -0.197046 0.855959 1.3435 0.409572 -0.907432 -0.971293 0.183705 -0.333945 1.4254 0.668559 -0.582366 0.235753
internal_weight=10342 4105 6237 3704 1998 3496 2533 2107 1147 1018 964 208 568 1569 144 851 1089 923 1873 497 650 450 1281 1081 1007 92 564 309 1623 915
internal_count=10342 4105 6237 3704 1998 3496 2533 2107 1147 1018 964 208 568 1569 144 851 1089 923 1873 497 650 450 1281 1081 1007 92 564 309 1623 915
is_linear=0
shrinkage=0.05


Tree=14
num_leaves=31
num_cat=0
split_feature=11 10 11 30 11 10 11 19 11 11 13 2 9 10 9 31 10 17 12 18 9 30 6 10 32 13 5 9 0 10
split_gain=1.98035e+06 330797 203724 82582.7 74382.7 54421 48206.1 24512.6 22805.6 22289.8 21372.4 20675.2 19648.8 17547.1 17379.4 17193.2 15243.4 13465.7 12544.4 13585.7 10353.2 9608.47 10287.3 9564.36 9528.15 9339.83 9288.36 13643.3 9511.65 9226.39
threshold=371.15500000000003 340.09000000000009 411.4550000000001 9.533333333333335 324.75500000000005 397.36500000000007 355.57000000000005 431.00000000000006 348.64500000000004 300.34000000000009 16.057754606294552 3.5000000000000004 325.34000000000009 378.09000000000009 311.53000000000003 1.7229166666666669 425.81000000000006 41.239216506224551 358.61270833333339 306.19500000000005 332.37500000000006 22.487500000000001 -0.48314718476766422 420.96500000000009 13.067313296185047 16.057754606294552 0.37940952255126048 331.24000000000007 3.5000000000000004 312.88500000000005
decision_type=2 2 2 2 2 2 2 2 2 2 2 2 2 2 2 2 2 2 2 2 2 2 2 2 2 2 2 2 2 2
left_child=1 4 5 6 9 15 14 18 26 -1 -5 23 29 -12 -3 -2 -9 24 19 -4 -8 22 -13 -7 25 -17 -6 28 -28 -11
right_child=2 3 7 10 8 11 20 16 -10 12 13 21 -14 -15 -16 17 -18 -19 -20 -21 -22 -23 -24 -25 -26 -27 27 -29 -30 -31
leaf_value=-1.9440148812201288 0.37921481213058206 -0.70142566409562868 1.0434869124339177 1.5328253253481607 -0.50003303869860249 1.1593523847153693 -0.08354750797795979 1.4250532210019768 -0.21301712294387604 -1.2971975379355454 0.094589488855814821 -0.19870337343641692 -0.64960881887956434 0.93968926428329391 -0.29585977712587985 1.4456736440818334 1.8167469367776112 0.18261343715161649 1.3614481538750125 -0.089889065921306618 0.23639855219019404 1.0737012606065133 0.70487250854808192 1.7782130154696381 0.62154704711325315 0.79296282869246282 -1.1366756387565971 -0.55446279720081604 -0.75740904346835325 -1.0195256240609039
leaf_weight=72 929 310 78 55 440 330 550 610 291 483 148 42 262 105 1786 97 419 93 138 40 468 114 126 77 237 126 277 443 410 786
leaf_count=72 929 310 78 55 440 330 550 610 291 483 148 42 262 105 1786 97 419 93 138 40 468 114 126 77 237 126 277 443 410 786
internal_value=-6.10725e-10 -0.490165 0.976643 -0.141494 -0.834609 0.6813 -0.218742 1.47562 -0.619574 -1.08425 0.63952 1.04845 -1.04382 0.445323 -0.355843 0.51061 1.58455 0.731344 1.0378 0.659292 0.0635397 0.719398 0.478979 1.27643 0.842283 1.07688 -0.694929 -0.770818 -0.91033 -1.12521
internal_weight=10342 6886 3456 3422 3464 2171 3114 1285 1861 1603 308 689 1531 253 2096 1482 1029 553 256 118 1018 282 168 407 460 223 1570 1130 687 1269
internal_count=10342 6886 3456 3422 3464 2171 3114 1285 1861 1603 308 689 1531 253 2096 1482 1029 553 256 118 1018 282 168 407 460 223 1570 1130 687 1269
is_linear=0
shrinkage=0.05


Tree=15
num_leaves=31
num_cat=0
split_feature=11 11 11 11 30 8 10 10 9 11 9 2 5 32 2 9 13 7 30 13 25 17 0 10 9 7 5 10 8 12
split_gain=1.78742e+06 256577 234884 66060.8 53878.5 53059.7 44444.8 38960 38914.8 38796.9 27275.7 23117 21254.9 20729.7 19716.4 15049.2 14479.6 12958.2 11899.1 11869.5 12669.1 12255.9 11757.2 10967.1 10794.2 10260.3 9993.24 9634.43 9385.2 9347.33
threshold=366.58500000000004 333.11500000000007 401.44000000000005 251.51500000000001 9.533333333333335 1.0000000180025095e-35 351.15000000000003 385.27500000000003 325.34000000000009 426.47500000000008 325.27500000000003 3.5000000000000004 0.60355339059327384 8.2311735392867824 4.5000000000000009 333.83500000000009 9.3323925063245223 -0.99628250747696534 12.895833333333334 35.226666402245179 -1.0999999999999999 35.670249727784082 4.5000000000000009 410.55000000000007 331.17500000000007 -0.99761278905001471 0.60355339059327384 368.74500000000006 1.0000000180025095e-35 372.17666666666673
decision_type=2 2 2 2 2 2 2 2 2 2 2 2 2 2 2 2 2 2 2 2 2 2 2 2 2 2 2 2 2 2
left_child=1 3 7 -1 6 8 22 16 12 10 19 23 -5 -6 27 -16 -2 -12 -19 20 -4 -22 24 -9 -3 -18 -10 -8 -13 -21
right_child=2 4 9 5 13 -7 14 11 26 -11 17 28 -14 -15 15 -17 25 18 -20 29 21 -23 -24 -25 -26 -27 -28 -29 -30 -31
leaf_value=-2.8598357968214083 1.1422048669594984 -0.94772221401942025 0.034392524541240851 -0.7523246558091804 0.91093056058698851 0.88444613570516761 0.014649261234078517 0.88091135095437656 -0.091151091847756896 1.6378300090612319 0.52141650526419936 0.20837547108372251 -1.1018020640549639 0.017990423549848204 -0.35197063577909615 0.076265814112053382 -0.40395012725802038 0.71262678534297619 1.4572387944516803 1.1940441080760591 0.10312964722514154 1.1357888911284653 -0.37363395487555801 1.488291171890624 -0.48133224059260016 0.32056110786471026 -0.63056577074820463 0.47672382495080945 0.72849372752577246 0.51543437475338583
leaf_weight=41 52 196 73 657 129 44 485 355 99 536 46 176 1288 131 739 284 51 59 592 245 40 102 1293 94 338 1168 647 147 171 64
leaf_count=41 52 196 73 657 129 44 485 355 99 536 46 176 1288 131 739 284 51 59 592 245 40 102 1293 94 338 1168 647 147 171 64
internal_value=-3.57109e-10 -0.50348 0.858181 -0.8677 -0.233284 -0.837836 -0.285128 0.496893 -0.865997 1.28321 1.12754 0.771193 -0.983752 0.461026 -0.0974402 -0.233086 0.325105 1.33245 1.38975 0.85499 0.569704 0.844899 -0.455146 1.00807 -0.652517 0.290249 -0.558981 0.122125 0.464687 1.05349
internal_weight=10342 6518 3824 2776 3742 2735 3482 2067 2691 1757 1221 796 1945 260 1655 1023 1271 697 651 524 215 142 1827 449 534 1219 746 632 347 309
internal_count=10342 6518 3824 2776 3742 2735 3482 2067 2691 1757 1221 796 1945 260 1655 1023 1271 697 651 524 215 142 1827 449 534 1219 746 632 347 309
is_linear=0
shrinkage=0.05


Tree=16
num_leaves=31
num_cat=0
split_feature=11 11 11 30 30 10 10 10 32 19 2 2 11 9 7 2 10 13 0 12 18 9 10 9 9 0 2 30 2 26
split_gain=1.61569e+06 271868 167147 62281.3 56930.9 47269.4 45152.8 44979.7 20286.6 20260.7 19257 17156 16809.6 14694.7 14635.8 62197.5 13205.9 11799.3 10923.6 10359.3 11492.2 10263.5 9902.85 9501.45 9312.23 9169.84 10858.7 8202.14 8147.76 7852.51
threshold=371.15500000000003 334.58500000000004 411.4550000000001 13.504166666666668 9.533333333333335 321.53000000000003 400.23000000000008 352.37500000000006 8.2311735392867824 431.00000000000006 4.5000000000000009 3.5000000000000004 382.44500000000005 333.83500000000009 -0.5129677127369543 1.0000000180025095e-35 425.81000000000006 10.18733216452757 4.5000000000000009 358.61270833333339 306.19500000000005 330.31500000000005 369.09500000000008 331.24000000000007 308.23000000000008 4.5000000000000009 1.5000000000000002 22.487500000000001 1.0000000180025095e-35 4.3250000000000002
decision_type=2 2 2 2 2 2 2 2 2 2 2 2 2 2 2 2 2 2 2 2 2 2 2 2 2 2 2 2 2 2
left_child=1 3 6 5 7 14 12 18 -6 19 22 -8 24 -12 15 -1 -11 -14 23 20 -4 25 -9 -3 -2 -7 -27 29 -20 -13
right_child=2 4 9 -5 8 21 11 10 -10 16 13 27 17 -15 -16 -17 -18 -19 28 -21 -22 -23 -24 -25 -26 26 -28 -29 -30 -31
leaf_value=-3.0742787770603015 -0.4202955831180919 -0.90530429460193929 0.94547040386077696 1.1574698279239237 0.85943389036044293 -0.94714673911270342 1.2076687572646005 0.030832673943296526 0.095386054549713675 1.2846988962370842 -0.30918490377167118 0.73868036334929266 1.3767566770315172 0.10098912909812628 -0.98884774405472331 -1.0005422188509145 1.6492763032207627 0.57094574719359925 -0.09307169979240032 1.2301924249292284 -0.096930875778198256 -0.4817808783842103 0.43879607597535308 -0.44001555199153186 0.33230838947265279 -0.1004806256312647 -0.71021726573245569 1.0228900431394576 -0.39636826643507539 0.017485634400509299
leaf_weight=46 44 174 78 40 158 380 351 516 193 610 733 92 48 311 984 169 419 848 282 138 40 541 209 297 624 81 741 100 1031 64
leaf_count=46 44 174 78 40 158 380 351 516 193 610 733 92 48 311 984 169 419 848 282 138 40 541 209 297 624 81 741 100 1031 64
internal_value=-2.54436e-10 -0.442742 0.882153 -0.802215 -0.168165 -0.828859 0.614635 -0.228178 0.439316 1.33412 -0.0495234 0.980656 0.472579 -0.186997 -1.0705 -1.44423 1.43315 0.614114 -0.40533 0.936078 0.592114 -0.662633 0.148439 -0.611906 0.282736 -0.744031 -0.650134 0.669401 -0.331228 0.442806
internal_weight=10342 6886 3456 2982 3904 2942 2171 3553 351 1285 1769 607 1564 1044 1199 215 1029 896 1784 256 118 1743 725 471 668 1202 822 256 1313 156
internal_count=10342 6886 3456 2982 3904 2942 2171 3553 351 1285 1769 607 1564 1044 1199 215 1029 896 1784 256 118 1743 725 471 668 1202 822 256 1313 156
is_linear=0
shrinkage=0.05


Tree=17
num_leaves=31
num_cat=0
split_feature=11 11 10 30 11 11 30 9 6 11 7 14 9 17 0 17 32 10 7 5 5 16 13 25 11 12 9 17 10 2
split_gain=1.46048e+06 244372 175453 62181.2 40494.9 39339.7 35220.6 25300.4 25193.5 22757.3 26367.3 39184.6 18082.3 17393.9 16717.1 16668.1 15010.8 14334.8 12712.1 12234.7 11840.4 11373.7 10142.5 12766.3 9823.98 9625.56 8663.41 8655.53 8466.04 8455.18
threshold=361.15500000000003 395.73000000000008 328.95500000000004 9.533333333333335 426.47500000000008 341.73000000000008 9.533333333333335 325.27500000000003 0.94138322595482449 312.82500000000005 -0.5129677127369543 306.80000000000007 332.37500000000006 45.46741229618474 9.5000000000000018 29.649917874557282 10.628124999999999 390.25500000000005 -0.99628250747696534 -0.70710678118654757 0.60355339059327384 341.50383928571438 35.226666402245179 -1.1500000000000001 300.34000000000009 372.17666666666673 316.32500000000005 35.670249727784082 356.35000000000008 4.5000000000000009
decision_type=2 2 2 2 2 2 2 2 2 2 2 2 2 2 2 2 2 2 2 2 2 2 2 2 2 2 2 2 2 2
left_child=2 6 9 5 7 29 12 22 13 10 11 -1 15 17 -5 -2 -10 -8 -9 -20 -11 -16 23 26 -12 -24 -3 -25 -7 -4
right_child=1 4 3 14 -6 28 8 18 16 20 24 -13 -14 -15 21 -17 -18 -19 19 -21 -22 -23 25 27 -26 -27 -28 -29 -30 -31
leaf_value=-0.83914446517204255 -0.60528736339604605 -0.48948436514897786 -0.38165333409832575 0.0036932997042086069 1.4837610513750299 -0.28522884217558514 0.41663076796407905 0.40600434687902348 2.0075417812834395 -0.53119405355761973 -0.2291523506678641 -2.8202401945224178 0.37820161788979123 -0.48311281420645263 0.25729985615102258 0.11094091719788901 0.70679198780230124 0.8790783669127793 1.370136083277135 0.96826126124360601 -0.85017627760407211 1.2859215875466665 1.043812557556451 0.23453776477757149 -1.0453961379730956 0.39222620339460779 0.52071179471364837 0.96563443478725697 -0.069731818663455444 -0.59232091242668561
leaf_weight=48 94 44 814 82 536 956 535 53 47 399 40 52 669 42 41 598 42 244 464 320 1074 78 281 59 470 71 41 129 871 1148
leaf_count=48 94 44 814 82 536 956 535 53 47 399 40 52 669 42 41 598 42 244 464 320 1074 78 281 59 470 71 41 129 871 1148
internal_value=7.898e-10 0.708686 -0.498169 -0.303988 1.112 -0.34945 0.353855 0.975705 0.594661 -0.870125 -1.12694 -1.86931 0.192845 0.508041 0.553005 0.0136498 1.3937 0.56148 1.15544 1.20611 -0.763772 0.931523 0.735001 0.506287 -0.981377 0.912385 -0.00221328 0.736195 -0.182493 -0.504919
internal_weight=10342 4269 6073 3990 1998 3789 2271 1462 910 2083 610 100 1361 821 201 692 89 779 837 784 1473 119 625 273 510 352 85 188 1827 1962
internal_count=10342 4269 6073 3990 1998 3789 2271 1462 910 2083 610 100 1361 821 201 692 89 779 837 784 1473 119 625 273 510 352 85 188 1827 1962
is_linear=0
shrinkage=0.05


Tree=18
num_leaves=31
num_cat=0
split_feature=11 10 11 30 11 10 11 11 18 17 16 13 13 16 2 11 9 10 15 9 0 13 22 9 5 19 7 9 9 9
split_gain=1.31892e+06 227596 137346 53840.6 50751.7 36715.3 31681.1 21655 18927.5 60017 17549.2 17610 16376.5 14918.6 14650.9 13864.8 13781.3 13203.6 11585.3 10726.4 10835.2 10302.9 9587.9 9458.13 9120.19 8807.98 8543.17 8060.31 7735.5 7429.74
threshold=371.15500000000003 340.36500000000007 411.4550000000001 9.533333333333335 317.59500000000008 400.23000000000008 356.49000000000007 339.07500000000005 159.84000000000003 39.942926457747369 367.77556547619054 26.962352643358816 16.057754606294552 359.83952380952383 3.5000000000000004 382.44500000000005 316.91500000000002 382.50500000000005 358.93000000000006 331.61000000000007 3.5000000000000004 10.18733216452757 29.150000000000002 322.17500000000007 0.25881904510252057 429.40000000000003 -0.52765736634565841 308.23000000000008 334.22000000000008 332.37500000000006
decision_type=2 2 2 2 2 2 2 2 2 2 2 2 2 2 2 2 2 2 2 2 2 2 2 2 2 2 2 2 2 2
left_child=1 4 5 6 8 15 16 19 9 -1 11 13 -5 25 -7 27 -3 -14 22 20 26 -17 -9 -10 28 -4 -6 -2 -18 -8
right_child=2 3 10 12 7 14 29 18 23 -11 -12 -13 17 -15 -16 21 24 -19 -20 -21 -22 -23 -24 -25 -26 -27 -28 -29 -30 -31
leaf_value=-2.9797934542310998 -0.40005254017358483 -0.47876291331577758 0.41742173601751748 1.3242648872002116 -1.5379475739537454 1.0943694414088021 -0.060730466000941091 -0.017091143452079599 -0.9764802224999225 -0.85371612021617127 1.379395112292108 1.1635974200327048 0.091581741677279158 -0.13720829310422797 0.59695027659327027 1.2676164073248706 -0.16305804216633293 0.84799478688601715 -0.5217819683876348 -0.4294805000166787 -0.61719076580204879 0.51463473571196994 -0.82385928233464567 -0.5828081076136894 -0.31673167468825636 1.3856382320324581 -0.84113662032193914 0.30013692719386226 0.21365064136476983 0.21960344977204885
leaf_weight=47 44 608 46 53 49 351 508 299 665 113 686 452 164 53 256 48 561 89 365 411 885 848 42 198 777 48 430 624 180 442
leaf_count=47 44 608 46 53 49 351 508 299 665 113 686 452 164 53 256 48 561 89 365 411 885 848 42 198 777 48 430 624 180 442
internal_value=-3.066e-10 -0.400019 0.797029 -0.107426 -0.682425 0.554529 -0.170349 -0.560234 -0.978764 -1.47825 1.20673 1.00899 0.525088 0.533605 0.884585 0.426432 -0.277614 0.357672 -0.32601 -0.653396 -0.720867 0.554973 -0.116458 -0.886159 -0.197048 0.91183 -0.912418 0.254017 -0.0715499 0.0696986
internal_weight=10342 6886 3456 3382 3504 2171 3076 2481 1023 160 1285 599 306 147 607 1564 2126 253 706 1775 1364 896 341 863 1518 94 479 668 741 950
internal_count=10342 6886 3456 3382 3504 2171 3076 2481 1023 160 1285 599 306 147 607 1564 2126 253 706 1775 1364 896 341 863 1518 94 479 668 741 950
is_linear=0
shrinkage=0.05


Tree=19
num_leaves=31
num_cat=0
split_feature=11 11 10 30 11 30 11 10 6 32 10 9 17 17 14 32 11 10 11 9 12 19 5 2 4 9 5 13 14 9
split_gain=1.19126e+06 199771 144763 46715.1 38898 26539.7 25737.4 25536 22724.6 15890.9 15708 15328.4 14666.9 14329.4 13908.1 11538.3 10374.4 9988.92 9620.95 9469.46 8427.72 8112.69 7982 7654.63 23345.4 6938.49 6770.25 6760.72 6597.53 7348.41
threshold=361.15500000000003 393.03000000000003 332.83000000000004 10.264583333333334 414.39000000000004 9.533333333333335 342.00500000000005 316.14000000000004 0.94138322595482449 8.2311735392867824 425.81000000000006 332.37500000000006 45.46741229618474 29.649917874557282 321.15500000000003 9.8137836733519297 302.34500000000008 386.01500000000004 340.31000000000006 336.02500000000003 359.48770833333339 428.49500000000006 -0.70710678118654757 4.5000000000000009 -0.70710678118654735 320.38000000000005 0.60355339059327384 31.547086042151388 310.54000000000002 321.17500000000007
decision_type=2 2 2 2 2 2 2 2 2 2 2 2 2 2 2 2 2 2 2 2 2 2 2 2 2 2 2 2 2 2
left_child=2 5 7 6 14 11 23 16 12 -5 21 13 17 -2 20 -10 -1 -7 19 -9 -3 27 -16 24 -4 -8 -18 -6 -22 -30
right_child=1 4 3 9 10 8 25 18 15 -11 -12 -13 -14 -15 22 -17 26 -19 -20 -21 28 -23 -24 -25 -26 -27 -28 -29 29 -31
leaf_value=-1.5479085257824732 -0.57624400248552898 0.36837793778367783 0.66445379700383234 0.96236334019899372 0.2966007989938142 0.35280907018591517 -0.31501839938686654 -0.71112462425803624 1.9099664688110352 0.010208841317739243 1.4237567798125088 0.33535179975711515 -0.46931966793324265 0.08876335308887065 1.201066129489949 0.71636013951152566 -0.51066629809793085 0.75248017265187017 -0.33222166733266634 -0.22553143455313707 1.0545262501542938 1.1145027431389689 0.76606642315910844 -0.51370442191616994 -0.38881906662531224 -0.091091553087009336 -0.95727862711236511 1.0322427159175278 0.17563558556671655 0.86207942081699995
leaf_weight=68 94 254 58 100 61 445 476 1272 41 78 417 658 42 586 190 40 96 241 244 109 116 625 237 1009 566 1266 731 64 70 88
leaf_count=68 94 254 58 100 61 445 476 1272 41 78 417 658 42 586 190 40 96 241 244 109 116 625 237 1009 566 1266 731 64 70 88
internal_value=7.66209e-10 0.640044 -0.449917 -0.244328 0.984089 0.300004 -0.285965 -0.739781 0.526081 0.545127 1.17774 0.163311 0.437687 -0.00316413 0.747446 1.32053 -0.954249 0.493218 -0.621659 -0.672798 0.575853 1.04096 0.959626 -0.428574 -0.290919 -0.152279 -0.905435 0.673249 0.768184 0.557959
internal_weight=10342 4269 6073 3553 2122 2147 3375 2520 809 178 1167 1338 728 680 955 81 895 686 1625 1381 528 750 427 1633 624 1742 827 125 274 158
internal_count=10342 4269 6073 3553 2122 2147 3375 2520 809 178 1167 1338 728 680 955 81 895 686 1625 1381 528 750 427 1633 624 1742 827 125 274 158
is_linear=0
shrinkage=0.05


Tree=20
num_leaves=31
num_cat=0
split_feature=11 10 11 30 11 10 11 11 18 11 5 9 17 13 19 2 9 17 9 0 9 15 25 30 7 7 9 9 9 12
split_gain=1.0771e+06 197115 103269 46428.4 42282.2 29062.6 28332.9 17500.1 16866.4 54231 14675.5 14663.5 15721.2 13701.3 12734 12186.9 11686 9672.96 8750.38 11669 8689.9 8304.14 11314.6 8599.38 8415.57 8274.14 8124.35 7398.01 7126.5 6981.13
threshold=372.55500000000006 340.36500000000007 414.39000000000004 9.533333333333335 317.59500000000008 392.93500000000006 355.57000000000005 343.71000000000009 159.84000000000003 309.78500000000003 -0.5 325.82500000000005 32.976875713997295 9.3323925063245223 412.53500000000003 3.5000000000000004 310.48500000000007 25.595166236388597 332.14000000000004 3.5000000000000004 339.11000000000007 351.27000000000004 -1.0999999999999999 22.579166666666669 0.19969739736768838 -0.85225707553516283 322.17500000000007 339.11000000000007 330.02500000000003 325.10708333333338
decision_type=2 2 2 2 2 2 2 2 2 2 2 2 2 2 2 2 2 2 2 2 2 2 2 2 2 2 2 2 2 2
left_child=1 4 5 6 8 13 16 18 9 -1 14 -4 20 -2 -5 -7 -3 -9 19 -6 -13 22 -15 -23 27 -19 -10 -25 -8 -24
right_child=2 3 11 10 7 15 28 17 26 -11 -12 12 -14 21 -16 -17 -18 25 -20 -21 -22 23 29 24 -26 -27 -28 -29 -30 -31
leaf_value=-2.8770614005971789 1.1386227031206262 -0.5811790251226957 0.89873469153455654 0.39331643812713168 -0.81688057156777338 0.90594441999170017 -0.082693473854553459 0.44317210051231087 -0.88342415938475982 -0.80058642839774119 0.097533043544437439 0.17954751577141673 1.3717192644557938 -0.69673937399212915 1.2165551104930723 0.51552492805025085 -0.21137061995607734 -0.92388588606069488 -0.37252123061127113 -0.5283112042217869 1.0535353724445615 0.31168446848673131 0.55240555927157409 0.38203822685388367 1.2985713181341998 -0.22613871789612885 -0.51856421344358516 0.98689598621744112 0.17437826376868631 -0.20912858107868507
leaf_weight=43 58 242 459 105 524 541 485 48 665 117 148 43 581 41 85 317 1822 48 443 1057 84 762 78 216 40 370 198 66 607 49
leaf_count=43 58 242 459 105 524 541 485 48 665 117 148 43 581 41 85 317 1822 48 443 1057 84 762 78 216 40 370 198 66 607 49
internal_value=3.57373e-11 -0.352028 0.739628 -0.0861136 -0.616504 0.535495 -0.145761 -0.505318 -0.887131 -1.35864 0.470829 1.11886 1.26156 0.38734 0.761607 0.761699 -0.25473 -0.229068 -0.568922 -0.623953 0.757618 0.352537 0.0254406 0.40323 0.61987 -0.306263 -0.799714 0.523601 0.0602026 0.258585
internal_weight=10342 7007 3335 3494 3513 2168 3156 2490 1023 160 338 1167 708 1310 190 858 2064 466 2024 1581 127 1252 168 1084 322 418 863 282 1092 127
internal_count=10342 7007 3335 3494 3513 2168 3156 2490 1023 160 338 1167 708 1310 190 858 2064 466 2024 1581 127 1252 168 1084 322 418 863 282 1092 127
is_linear=0
shrinkage=0.05


Tree=21
num_leaves=31
num_cat=0
split_feature=8 11 10 10 9 11 0 11 13 16 10 9 7 32 16 16 2 15 18 16 11 2 17 4 9 0 9 7 2 6
split_gain=975583 228956 86626.8 57858.5 31914.9 31260.3 20202.5 16137.2 16121.9 14895.7 13747.4 12969.5 17840.4 12525.7 11670 15072.3 10607.7 10595.7 9907.24 10520.6 9516.55 9291.19 10034.4 8756.93 8150.21 9745.91 12459.7 7775.79 7770.22 7567.29
threshold=1.0000000180025095e-35 345.34500000000008 407.24500000000006 328.15000000000003 325.27500000000003 358.55500000000006 9.5000000000000018 300.34000000000009 20.839564646577028 334.55717261904766 432.89500000000004 332.37500000000006 -0.99761278905001471 9.2775636814296476 361.99747023809533 358.63101190476192 1.5000000000000002 399.40000000000003 228.29500000000004 350.46946428571437 329.05500000000006 3.5000000000000004 39.882096638127756 -0.60355339059327362 331.17500000000007 3.5000000000000004 309.26000000000005 -0.79382744783423187 1.5000000000000002 -0.48314718476766422
decision_type=2 2 2 2 2 2 2 2 2 2 2 2 2 2 2 2 2 2 2 2 2 2 2 2 2 2 2 2 2 2
left_child=1 3 4 7 6 -3 -2 -1 13 -8 21 12 -7 27 15 16 18 -10 19 -11 -5 -4 -23 -14 25 26 -9 -6 -27 -18
right_child=2 5 10 20 8 11 9 24 17 14 -12 -13 23 -15 -16 -17 29 -19 -20 -21 -22 22 -24 -25 -26 28 -28 -29 -30 -31
leaf_value=-1.5717837664661771 0.0034690474176017694 -0.15978031348141827 1.0728555466803871 -0.54358585700445272 0.83608703321218492 -0.99816220939159406 -0.45200341757386919 -1.2240583800777947 0.053167961790625544 0.03382101978175342 1.3764953958240538 0.31277244861240022 0.1836217431628103 0.57041960669060543 1.1093209398537875 -0.40298868521400122 -0.30886300901836922 0.71650911544904461 0.93365770664901671 1.018843225880367 -0.32683132999804859 0.86792224817016583 0.038800619840621949 -0.18652401227231849 -0.32974623834430161 -0.39628446453491284 -0.77362936858249753 1.5800836926799711 -0.73905727259135023 0.41981538647292727
leaf_weight=59 291 1287 699 709 50 40 40 194 70 80 287 804 591 72 80 46 41 430 214 41 1772 193 45 219 118 248 736 118 496 272
leaf_count=59 291 1287 699 709 50 40 40 194 70 80 287 804 591 72 80 46 41 430 214 41 1772 193 45 219 118 248 736 118 496 272
internal_value=5.21011e-10 -0.315458 0.747581 -0.546607 0.531214 0.0250177 0.361036 -0.75816 0.785331 0.488864 1.07372 0.168812 0.0326414 1.12219 0.537488 0.47157 0.533653 0.623641 0.729197 0.367589 -0.388774 0.980983 0.711156 0.0835453 -0.731373 -0.759683 -0.86759 1.35866 -0.6248 0.324366
internal_weight=10342 7273 3069 4332 1845 2941 1105 1851 740 814 1224 1654 850 240 774 694 648 500 335 121 2481 937 238 810 1792 1674 930 168 744 313
internal_count=10342 7273 3069 4332 1845 2941 1105 1851 740 814 1224 1654 850 240 774 694 648 500 335 121 2481 937 238 810 1792 1674 930 168 744 313
is_linear=0
shrinkage=0.05


Tree=22
num_leaves=31
num_cat=0
split_feature=11 10 11 2 11 5 17 10 10 9 18 17 30 19 9 17 2 30 19 18 5 4 2 9 5 22 9 13 9 11
split_gain=880501 177432 71832 42547.4 34335.9 32690.7 22286.1 23488.1 19623.5 18828.8 15128.6 52381.5 14912.7 13318.6 12229.5 13352.4 12051 10857.7 9559.31 9945.61 9556.57 9344.3 11081.9 10959.6 9719.76 13295 12869.5 8977.7 8099.72 7599.8
threshold=375.34500000000008 340.36500000000007 414.39000000000004 4.5000000000000009 317.59500000000008 -0.5 45.46741229618474 404.88000000000005 363.22500000000008 330.80000000000007 159.84000000000003 39.942926457747369 9.533333333333335 412.53500000000003 325.82500000000005 32.976875713997295 1.0000000180025095e-35 17.072916666666668 428.49500000000006 306.19500000000005 1.0000000180025095e-35 -0.60355339059327362 2.5000000000000004 331.24000000000007 0.37940952255126048 34.70000000000001 307.19500000000005 13.021684273779085 312.06500000000005 300.34000000000009
decision_type=2 2 2 2 2 2 2 2 2 2 2 2 2 2 2 2 2 2 2 2 2 2 2 2 2 2 2 2 2 2
left_child=1 4 6 5 10 13 7 17 16 20 11 -1 21 -3 -4 -16 -7 18 19 -2 28 22 -6 24 -23 26 -26 -14 -5 -12
right_child=2 3 14 9 12 8 -8 -9 -10 -11 29 -13 27 -15 15 -17 -18 -19 -20 -21 -22 23 -24 -25 25 -27 -28 -29 -30 -31
leaf_value=-2.6508434558168372 0.25596127104251942 0.333102795275662 0.81007072392826773 -0.52099139973938158 0.12098414204224493 0.36710168872442517 -0.63777258238051004 0.83113396827058461 0.26416341759885353 -0.022410475359835362 -0.13865936942802709 -0.66460825843093674 -0.36695685931377942 1.1047963480359502 0.67699196486565194 1.242938956097025 -0.15098443717777535 0.5894206486713206 0.43459035509511801 -0.43168595909868207 -0.63890129787201488 -0.40291890609151332 -0.48146769196535999 -0.33260649352989818 -1.2670290406922966 -1.5063279853080926 -0.5861074355246243 0.59760597111800551 -0.18614458592617855 -0.75667010439582816
leaf_weight=47 188 132 459 258 132 126 41 510 570 626 53 113 45 97 127 581 1028 631 519 73 248 477 181 567 75 46 928 52 602 810
leaf_count=47 188 132 459 258 132 126 41 510 570 626 53 113 45 97 127 581 1028 631 519 73 248 477 181 567 75 46 928 52 602 810
internal_value=-2.31303e-10 -0.303863 0.700467 -0.0613508 -0.557448 0.0986947 0.515705 0.540324 0.0241392 -0.24161 -0.801507 -1.24806 -0.457699 0.659977 1.0111 1.14142 -0.094417 0.435212 0.310462 0.0636308 -0.365453 -0.482204 -0.227399 -0.520309 -0.590051 -0.675144 -0.637024 0.150128 -0.286599 -0.718716
internal_weight=10342 7213 3129 3687 3526 1953 1962 1921 1724 1734 1023 160 2503 229 1167 708 1154 1411 780 261 1108 2406 313 2093 1526 1049 1003 97 860 863
internal_count=10342 7213 3129 3687 3526 1953 1962 1921 1724 1734 1023 160 2503 229 1167 708 1154 1411 780 261 1108 2406 313 2093 1526 1049 1003 97 860 863
is_linear=0
shrinkage=0.05


Tree=23
num_leaves=31
num_cat=0
split_feature=8 11 10 11 10 9 0 7 2 13 16 2 10 10 32 2 25 9 2 13 18 15 9 13 25 9 5 13 13 9
split_gain=795898 188460 71420.5 41940.2 33032.3 27004 17445.7 14700.8 80512.7 14026.2 12718.1 12254.1 11957.3 11406 10690.4 10617.2 10052.4 21087.9 14263.5 11750.3 10131.4 9527.41 8902.75 9194.81 8885.41 8245.43 7392.94 7077.55 8464.19 6801.67
threshold=1.0000000180025095e-35 339.30500000000006 407.24500000000006 358.55500000000006 328.15000000000003 325.27500000000003 9.5000000000000018 -0.5129677127369543 1.0000000180025095e-35 20.839564646577028 334.55717261904766 3.5000000000000004 430.73000000000008 370.26500000000004 9.2775636814296476 3.5000000000000004 -1.5999999999999985 308.43500000000006 1.0000000180025095e-35 12.419043150453344 303.19500000000005 399.40000000000003 306.17000000000002 16.410127000427302 -3.3499999999999992 318.24500000000006 0.78656609248549303 10.790393427095889 11.482999848160668 334.13500000000005
decision_type=2 2 2 2 2 2 2 2 2 2 2 2 2 2 2 2 2 2 2 2 2 2 2 2 2 2 2 2 2 2
left_child=1 4 5 22 7 6 -2 8 -1 14 -8 12 -4 27 -7 -15 17 -12 19 20 -18 -11 23 -3 -19 -9 29 -5 -29 -24
right_child=2 3 11 13 -6 9 10 25 -10 21 16 -13 -14 15 -16 -17 18 24 -20 -21 -22 -23 26 -25 -26 -27 -28 28 -30 -31
leaf_value=-2.6372340188163226 -0.010040384974839531 -0.096501240640878685 0.95582165574510347 0.43901598628523741 -0.39360661962301502 1.2451828712863584 -0.42835642367601401 -0.73257602372058339 -0.59399147949141007 0.02075813455241067 -0.84615020528435714 0.70824767620675266 1.3669492624084318 0.4506925987327523 0.51698089850445583 0.10447988666697511 -0.0073813879241545997 1.015145792606029 0.39291909584828788 1.2660076302609273 0.95357475792989144 0.64977051033356859 -0.17121036622215002 -0.99250941721361086 0.19709436094338917 -0.49246881117765934 -0.3819116272756623 -0.68249149716769653 0.0061445520991718029 0.077945757033569485
leaf_weight=61 291 50 657 86 1811 168 40 866 230 70 40 325 242 436 72 450 48 47 350 112 64 430 1260 67 113 609 315 48 634 350
leaf_count=61 291 50 657 86 1811 168 40 866 230 70 40 325 242 436 72 450 48 47 350 112 64 430 1260 67 113 609 315 48 634 350
internal_value=-3.1293e-10 -0.28493 0.675235 -0.0345401 -0.54365 0.478774 0.322236 -0.697516 -1.0223 0.712524 0.441022 0.97137 1.06649 0.152605 1.02672 0.274851 0.485952 0.180688 0.592315 0.903872 0.541736 0.561709 -0.186126 -0.6096 0.437397 -0.63344 -0.160388 0.0115774 -0.0423225 -0.117046
internal_weight=10342 7273 3069 3696 3577 1845 1105 1766 291 740 814 1224 899 1654 240 886 774 200 574 224 112 500 2042 117 160 1475 1925 768 682 1610
internal_count=10342 7273 3069 3696 3577 1845 1105 1766 291 740 814 1224 899 1654 240 886 774 200 574 224 112 500 2042 117 160 1475 1925 768 682 1610
is_linear=0
shrinkage=0.05


Tree=24
num_leaves=31
num_cat=0
split_feature=11 10 11 2 11 5 17 10 10 9 9 11 19 5 10 2 13 5 7 30 19 19 9 4 0 2 13 5 11 6
split_gain=718571 146050 59060.5 35929 28625.2 27067 19748.1 19037.6 16209.6 16018.8 13626.1 14355 11173.4 10602.7 10470.7 10121.5 9276.53 8486.62 7821.42 7017.34 7859.23 10292.9 6760.58 6559.72 6550.63 7928.94 6514.41 6477.64 6406.48 5770.31
threshold=375.34500000000008 340.36500000000007 414.39000000000004 4.5000000000000009 327.17500000000007 -0.5 45.46741229618474 404.88000000000005 364.75500000000005 330.80000000000007 316.32500000000005 300.34000000000009 412.53500000000003 0.25881904510252057 425.11500000000007 1.0000000180025095e-35 9.3323925063245223 1.0000000180025095e-35 -0.99628250747696534 21.725000000000005 428.49500000000006 426.22500000000008 312.06500000000005 -0.60355339059327362 3.5000000000000004 1.5000000000000002 42.659814409184754 -0.5 432.89500000000004 0.878110924644389
decision_type=2 2 2 2 2 2 2 2 2 2 2 2 2 2 2 2 2 2 2 2 2 2 2 2 2 2 2 2 2 2
left_child=1 4 6 5 10 12 7 16 15 17 11 -1 -3 -6 28 23 -2 22 -15 20 21 -18 -5 -7 -13 -26 -9 -11 29 -4
right_child=2 3 14 9 13 8 -8 26 -10 27 -12 24 -14 18 -16 -17 19 -19 -20 -21 -22 -23 -24 -25 25 -27 -28 -29 -30 -31
leaf_value=-1.6381968537102578 1.0491983314832816 0.30392460208209798 0.80291180183448219 -0.47418884131290356 -0.16005934752114273 0.84893726677915393 -0.62055946273229479 0.82386117067605624 0.25740175035753615 0.18062449824553165 -0.5016424068348474 -0.87539723071314046 1.0107431706847605 -1.0910015075721524 1.107668762461848 -0.12593356277757944 0.22358168768095635 -0.5920425234140918 -0.41226759301597404 0.52321671881523579 0.39449576710120415 -0.5062318994663656 -0.16827208879133038 0.088042476486010726 -0.16326393386615176 -0.69992727448496472 0.31648085306373402 -0.14822242342517097 1.1165288713216208 0.40210777191953229
leaf_weight=46 52 132 489 258 482 43 41 436 522 248 868 420 97 44 438 1076 248 248 1201 477 574 60 602 83 84 381 74 378 130 110
leaf_count=46 52 132 489 258 482 43 41 436 522 248 868 420 97 44 438 1076 248 248 1201 477 574 60 602 83 84 381 74 378 130 110
internal_value=-1.76694e-11 -0.274503 0.632787 -0.0544804 -0.504572 0.0925915 0.465254 0.488428 0.0247512 -0.220127 -0.644156 -0.777025 0.603319 -0.35917 0.91445 -0.0762834 0.393797 -0.334357 -0.436255 0.368719 0.285164 0.0814102 -0.260047 0.347713 -0.732264 -0.602982 0.750241 -0.0179444 0.79836 0.729308
internal_weight=10342 7213 3129 3687 3526 1953 1962 1921 1724 1734 1799 931 229 1727 1167 1202 1411 1108 1245 1359 882 308 860 126 885 465 510 626 729 599
internal_count=10342 7213 3129 3687 3526 1953 1962 1921 1724 1734 1799 931 229 1727 1167 1202 1411 1108 1245 1359 882 308 860 126 885 465 510 626 729 599
is_linear=0
shrinkage=0.05


Tree=25
num_leaves=31
num_cat=0
split_feature=8 11 10 10 11 13 17 0 7 7 2 6 2 6 10 9 7 9 13 25 2 18 23 10 32 2 4 11 17 9
split_gain=650552 155034 58255.9 32026.9 28164.5 23240.4 16368.2 15470.3 15511.2 13343.4 61887.5 10965.6 10709.4 10342.8 10270 10127.1 14060.4 9911.12 19486.6 22660.8 12551.8 8555.34 9374.48 7051.55 6704.41 6635.43 23830.3 6564.5 6473.34 5931.53
threshold=1.0000000180025095e-35 342.00500000000005 407.24500000000006 328.15000000000003 358.55500000000006 10.322301615318512 46.354287850065255 8.5000000000000018 0.99681593486783593 -0.39036009226888674 1.0000000180025095e-35 -0.94705910369513524 3.5000000000000004 0.94138322595482449 430.73000000000008 332.37500000000006 -0.99761278905001471 334.13500000000005 11.783583696410485 -1.0000000180025095e-35 1.0000000180025095e-35 306.19500000000005 21.320833333333336 312.13500000000005 8.3723906735651656 4.5000000000000009 -0.60355339059327362 386.03500000000003 39.882096638127756 331.24000000000007
decision_type=2 2 2 2 2 2 2 2 2 2 2 2 2 2 2 2 2 2 2 2 2 2 2 2 2 2 2 2 2 2
left_child=1 3 5 9 -3 24 7 29 11 10 -1 -9 14 17 -4 16 -6 18 19 -13 -20 -22 -23 -11 -2 26 -5 -18 -14 -7
right_child=2 4 12 25 15 6 -8 8 -10 23 -12 13 28 -15 -16 -17 27 -19 20 -21 21 22 -24 -25 -26 -27 -28 -29 -30 -31
leaf_value=-2.1353179089630707 1.3169669606950549 -0.15112405219977454 0.86428740676690907 0.71778889244697142 -0.89770539306104191 -0.09950240787507153 -0.61539261443540461 1.0401202696946361 -0.23696512081142931 -0.71764754504459893 -0.57068342640995984 -0.98128997131630225 0.74886332986985948 1.0856247895792352 1.2453044527110237 0.26493994559043216 7.0379338939077554e-05 0.72651668966185956 0.88425502689788127 0.34102553567032756 0.46771216434512664 -0.28469110125882757 0.53926632095660476 -0.47809686577668642 0.53898309990763671 -0.41621483368682388 -0.30605636665162683 0.38665329598686626 0.20604211517742704 0.36737168049867003
leaf_weight=79 90 1723 657 61 40 181 40 93 72 452 316 54 255 66 242 804 679 242 144 81 487 90 56 959 40 1197 832 131 70 109
leaf_count=79 90 1723 657 61 40 181 40 93 72 452 316 54 255 66 242 804 679 242 144 81 487 90 56 959 40 1197 832 131 70 109
internal_value=3.40247e-10 -0.257603 0.610474 -0.472526 -0.00964876 0.433041 0.384183 0.408054 0.477586 -0.626743 -0.88361 0.516769 0.877928 0.476875 0.966853 0.137728 0.0174014 0.442059 0.366577 -0.187901 0.462915 0.367066 0.0313474 -0.554835 1.07759 -0.339265 -0.236118 0.0625918 0.631948 0.0759779
internal_weight=10342 7273 3069 3896 3377 1845 1715 1675 1385 1806 395 1313 1224 1220 899 1654 850 1154 912 135 777 633 146 1411 130 2090 893 810 325 290
internal_count=10342 7273 3069 3896 3377 1845 1715 1675 1385 1806 395 1313 1224 1220 899 1654 850 1154 912 135 777 633 146 1411 130 2090 893 810 325 290
is_linear=0
shrinkage=0.05


Tree=26
num_leaves=31
num_cat=0
split_feature=11 10 11 2 11 5 17 10 9 18 17 10 5 2 18 32 19 9 17 15 9 7 11 13 5 9 16 32 9 15
split_gain=587186 120600 48788.9 28597 26200.8 20460.6 16663.4 15407.5 13511 12627 44414.2 12522.2 11827.1 10772.5 10212.9 11098.6 9078.31 9040.95 10662.9 8760.8 8534.18 8415.11 8203.57 7753.26 7269.02 7020.38 6828.52 6757.65 7849.89 7602.04
threshold=375.34500000000008 342.28500000000003 414.39000000000004 4.5000000000000009 317.59500000000008 -0.5 45.46741229618474 404.88000000000005 332.47000000000008 159.84000000000003 39.942926457747369 356.35000000000008 0.37940952255126048 1.5000000000000002 228.29500000000004 2.7693637825969741 412.53500000000003 325.82500000000005 32.976875713997295 364.61000000000007 339.44500000000011 -0.99465740988130902 300.34000000000009 9.3323925063245223 -0.5 325.69000000000005 343.05473214285718 -9.0284710233262775 309.75500000000005 352.43500000000006
decision_type=2 2 2 2 2 2 2 2 2 2 2 2 2 2 2 2 2 2 2 2 2 2 2 2 2 2 2 2 2 2
left_child=1 4 6 5 9 16 7 23 24 10 -1 19 13 14 26 -16 -3 -4 -19 -7 21 -14 -11 -2 -5 -24 -6 -23 29 -29
right_child=2 3 17 8 12 11 -8 -9 -10 22 -12 -13 20 -15 15 -17 -18 18 -20 -21 -22 27 25 -25 -26 -27 -28 28 -30 -31
leaf_value=-2.3591195902925857 0.9550844837839787 0.27765289077678551 0.65517760103402056 -0.17036377311546783 -0.91633650688897994 0.47970236583516518 -0.57766184530607079 0.6765703720292624 0.020066203487823817 0.0068514536016366706 -0.53016608594133785 0.1697607090157997 -1.1816975793097078 -0.35832350615891495 0.78137176962275257 -0.009086721329787625 0.92265462353032968 0.52504794084884987 1.0307959724967841 -0.16000499144877867 -0.1478181459663207 -0.25897982729710861 -0.68050865247228254 0.33297863129692223 -0.42753330898955472 -0.24436047323188692 -0.06966845628890124 -0.54520653708689459 -0.46880679257519531 -1.3414623638369003
leaf_weight=47 52 130 459 610 42 58 41 510 533 55 113 848 41 505 57 201 94 127 581 693 228 341 712 1359 500 106 55 69 1122 53
leaf_count=47 52 130 459 610 42 58 41 510 533 55 113 848 41 505 57 201 94 127 581 693 228 341 712 1359 500 106 55 69 1122 53
internal_value=-3.67459e-11 -0.248142 0.57202 -0.0355662 -0.444776 0.100779 0.41975 0.441038 -0.186849 -0.659085 -1.06742 0.038084 -0.363206 -0.209953 0.00110947 0.165549 0.548323 0.828021 0.940076 -0.1106 -0.434295 -0.474465 -0.584247 0.355905 -0.286206 -0.623991 -0.436267 -0.45617 -0.510223 -0.891121
internal_weight=10342 7213 3129 3466 3747 1823 1962 1921 1643 1033 160 1599 2714 860 355 258 224 1167 708 751 1854 1626 873 1411 1110 818 97 1585 1244 122
internal_count=10342 7213 3129 3466 3747 1823 1962 1921 1643 1033 160 1599 2714 860 355 258 224 1167 708 751 1854 1626 873 1411 1110 818 97 1585 1244 122
is_linear=0
shrinkage=0.05


Tree=27
num_leaves=31
num_cat=0
split_feature=8 11 9 10 0 17 11 0 2 2 18 7 7 9 13 13 13 2 15 0 13 0 6 23 5 17 4 9 5 9
split_gain=532222 127621 48137.5 27713.5 23327.8 22779.5 22294.2 20966.7 16487.8 13502.7 45969.1 13273.6 13234.1 10572.1 10400.3 9633.62 17557.7 11696.7 14428.9 9420.29 9245.78 8904.69 7939.09 7891.28 7290.86 6117.51 6038.24 8821.15 7204.33 7097.76
threshold=1.0000000180025095e-35 339.07500000000005 325.27500000000003 369.09500000000008 9.5000000000000018 45.46741229618474 316.56500000000005 9.5000000000000018 3.5000000000000004 1.0000000180025095e-35 168.59000000000003 -0.99052477729077237 0.99681593486783593 332.37500000000006 10.790393427095889 11.783583696410485 10.790393427095889 1.0000000180025095e-35 410.74500000000006 16.500000000000004 12.690054366152227 3.5000000000000004 -0.37447345805034543 36.110416666666673 0.60355339059327384 32.976875713997295 -0.70710678118654735 308.23000000000008 0.37940952255126048 336.53000000000003
decision_type=2 2 2 2 2 2 2 2 2 2 2 2 2 2 2 2 2 2 2 2 2 2 2 2 2 2 2 2 2 2
left_child=1 6 5 14 -4 7 9 -2 -5 10 -1 23 15 21 -3 16 -9 -17 22 25 -12 -8 -19 -6 -15 -13 -16 -28 29 -29
right_child=2 3 4 8 11 -7 13 12 -10 -11 20 19 -14 24 26 17 -18 18 -20 -21 -22 -23 -24 -25 -26 -27 27 28 -30 -31
leaf_value=-2.5158948149622944 0.00062715765683257838 0.25622257692225142 0.3602295116137248 0.38465294594492205 -0.26425558690098117 -0.60851072541127604 -0.59808222420371915 0.73422035528346896 0.018695339372658017 -0.56770257798845825 -1.0063674122910016 0.73719209792624629 -0.21565402145497503 0.20049806335568429 -0.037709850895507407 0.95980115338627781 -0.403975886437628 -0.43861620896961545 0.66518158632485824 0.51032686755438716 -0.14608327531423726 -0.36102427954236888 0.32223308420507241 0.65525201473917283 -0.26612056093381042 1.0108291536627572 -0.66018389099937624 -0.1651061481729538 -0.3320684263387732 0.18771051100709224
leaf_weight=41 282 163 320 492 40 60 552 64 822 803 64 280 64 100 719 168 72 40 480 148 61 1403 240 56 514 755 103 750 510 176
leaf_count=41 282 163 320 492 40 60 552 64 822 803 64 280 64 100 719 168 72 40 480 148 61 1403 240 56 514 755 103 750 510 176
internal_value=1.91798e-10 -0.233 0.55217 -0.0291509 0.742036 0.345642 -0.4482 0.386244 0.155721 -0.652565 -1.06307 0.837562 0.482648 -0.371115 -0.12949 0.524651 0.131646 0.582247 0.498787 0.883447 -0.586549 -0.427958 0.21354 0.272124 -0.190124 0.936802 -0.157334 -0.213221 -0.181161 -0.0980481
internal_weight=10342 7273 3069 3735 1599 1470 3538 1410 1314 969 166 1279 1128 2569 2421 1064 136 928 760 1183 125 1955 280 96 614 1035 2258 1539 1436 926
internal_count=10342 7273 3069 3735 1599 1470 3538 1410 1314 969 166 1279 1128 2569 2421 1064 136 928 760 1183 125 1955 280 96 614 1035 2258 1539 1436 926
is_linear=0
shrinkage=0.05


Tree=28
num_leaves=31
num_cat=0
split_feature=8 11 9 10 0 17 0 10 7 7 2 12 7 0 2 13 25 2 15 13 6 11 13 2 11 9 32 22 10 15
split_gain=480330 115305 43444.1 33426.8 21240.9 20558.5 18922.5 15370.1 11943.8 11279.1 53093.8 59962.6 10724.1 10163.4 9959.62 8694.34 16672 10556.3 13022.1 8307.26 7165.02 6970.96 6652.57 7080.01 6402.4 6315.5 5653.12 5573.04 5183.35 8434.17
threshold=1.0000000180025095e-35 348.64500000000004 325.27500000000003 328.15000000000003 10.500000000000002 45.46741229618474 9.5000000000000018 369.09500000000008 0.99681593486783593 -0.39036009226888674 1.0000000180025095e-35 328.37854166666671 -0.99052477729077237 16.500000000000004 3.5000000000000004 11.783583696410485 -1.0000000180025095e-35 1.0000000180025095e-35 410.74500000000006 10.790393427095889 -0.37447345805034543 333.11500000000007 11.482999848160668 1.0000000180025095e-35 327.55500000000006 315.21500000000009 -22.750859937887107 35.300000000000004 365.32000000000005 434.15000000000003
decision_type=2 2 2 2 2 2 2 2 2 2 2 2 2 2 2 2 2 2 2 2 2 2 2 2 2 2 2 2 2 2
left_child=1 3 5 9 -4 6 -2 19 15 10 11 -1 -6 28 -9 16 -8 -17 20 -3 -19 26 -21 -24 25 -11 -5 -23 -14 -30
right_child=2 7 4 21 12 -7 8 14 -10 24 -12 -13 13 -15 -16 17 -18 18 -20 22 -22 27 23 -25 -26 -27 -28 -29 29 -31
leaf_value=-0.62421405745877168 0.00059580098712116699 0.32682314563306081 0.42668955681224663 0.21852352417460305 0.28095555044710635 -0.57808518936236708 -0.46211547991260887 0.35658311025272305 -0.20487132328562441 -0.6410361276690284 -0.47872883128579213 -3.2848383118584752 1.2587252065400099 0.48481052367620781 0.057017445168600772 0.91181109506149027 0.64700052260110785 -0.41668539758771656 0.63192250890657309 -0.60369537033651388 0.3061214301836056 -0.22750630166412336 0.25550928482207763 -0.11584106657657378 -0.27737172856726577 -0.40354951929530486 -0.37983699642754387 0.064608175682076996 0.7310273075307786 1.0602500135791952
leaf_weight=45 282 126 480 41 84 60 64 483 64 568 339 40 107 148 652 168 72 40 480 62 240 1515 145 1118 344 552 1060 183 409 371
leaf_count=45 282 126 480 41 84 60 64 483 64 568 339 40 107 148 652 168 72 40 480 62 240 1515 145 1118 344 552 1060 183 409 371
internal_value=-3.13419e-10 -0.22135 0.524561 -0.369228 0.704934 0.32836 0.366932 0.0466721 0.458516 -0.531809 -0.758897 -1.87627 0.824288 0.868385 0.184498 0.498419 0.125064 0.553134 0.473848 -0.0611377 0.202863 -0.259563 -0.0980306 -0.0732078 -0.466041 -0.523989 -0.357555 -0.196024 0.932386 0.887619
internal_weight=10342 7273 3069 4687 1599 1470 1410 2586 1128 1888 424 85 1119 1035 1135 1064 136 928 760 1451 280 2799 1325 1263 1464 1120 1101 1698 887 780
internal_count=10342 7273 3069 4687 1599 1470 1410 2586 1128 1888 424 85 1119 1035 1135 1064 136 928 760 1451 280 2799 1325 1263 1464 1120 1101 1698 887 780
is_linear=0
shrinkage=0.05


Tree=29
num_leaves=31
num_cat=0
split_feature=11 10 11 2 0 9 2 15 10 2 6 14 10 14 5 17 9 22 9 17 10 11 7 31 4 25 9 16 14 9
split_gain=433511 90745.4 36048 22900.7 19588.7 25118.3 22694.2 15080.8 17598.7 13391.3 51704.8 12957.2 12643 12548.9 11253.1 9236.08 9055.43 28297.4 6594.79 7938.31 6496.18 6346.66 6304.31 6211.79 7409.13 9018.86 5703.83 5546.78 5028.34 4976.04
threshold=375.34500000000008 342.28500000000003 414.39000000000004 3.5000000000000004 4.5000000000000009 316.32500000000005 1.5000000000000002 358.13000000000005 365.32000000000005 1.0000000180025095e-35 0.59177612190863982 321.15500000000003 369.09500000000008 320.29000000000002 -0.70710678118654757 41.239216506224551 339.44500000000011 35.850000000000009 334.13500000000005 34.72186386427704 377.47500000000008 432.89500000000004 -0.40613878790836594 0.44583333333333336 -0.60355339059327362 -0.84999999999999776 312.11500000000007 371.87217261904772 318.97500000000008 333.83500000000009
decision_type=2 2 2 2 2 2 2 2 2 2 2 2 2 2 2 2 2 2 2 2 2 2 2 2 2 2 2 2 2 2
left_child=1 4 11 7 5 9 15 -3 -9 10 -1 13 26 20 27 23 17 -7 19 28 -2 -21 -17 24 25 -6 -5 -13 -4 -14
right_child=2 3 18 12 6 16 -8 8 -10 -11 -12 14 29 -15 -16 22 -18 -19 -20 21 -22 -23 -24 -25 -26 -27 -28 -29 -30 -31
leaf_value=-0.5529790463969112 0.14102608328165409 0.8544153829199681 0.57746773836202914 -0.45688462796039941 -0.17967128310691227 -0.37753852347773997 -0.40039966864214921 -0.037527764651193812 0.35958038097100786 -0.63006009523653328 -2.6097718060016635 0.91249691150345225 -0.074852981298361862 -0.44423157955919002 0.38230051767916751 -0.90632650440043594 -0.082197493620749032 -1.6449453894858774 0.87489493260653417 0.58531269133283403 0.40011080105033925 0.92379344313875922 -0.068552366280278498 0.54390626896511429 -0.12375640332759258 0.65864164208548825 -0.18245265647838682 0.42931231260299685 -0.1930020126534833 0.16933324546248557
leaf_weight=100 439 69 40 234 55 1034 1162 835 419 468 44 192 596 63 643 47 224 46 404 484 539 194 43 55 392 77 992 86 45 321
leaf_count=100 439 69 40 234 55 1034 1162 835 419 468 44 192 596 63 643 47 224 46 404 484 539 194 43 55 392 77 992 86 45 321
internal_value=-2.00803e-10 -0.213212 0.491499 -0.0288163 -0.38378 -0.495538 -0.266834 0.134757 0.0951583 -0.759797 -1.18144 0.360613 -0.1298 0.239754 0.49722 -0.034842 -0.371514 -0.431521 0.71155 0.62506 0.283814 0.682164 -0.506057 0.0384038 -0.0146546 0.309345 -0.234832 0.763023 0.169572 0.0106255
internal_weight=10342 7213 3129 3466 3747 1916 1831 1323 1254 612 144 1962 2143 1041 921 669 1304 1080 1167 763 978 678 90 579 524 132 1226 278 85 917
internal_count=10342 7213 3129 3466 3747 1916 1831 1323 1254 612 144 1962 2143 1041 921 669 1304 1080 1167 763 978 678 90 579 524 132 1226 278 85 917
is_linear=0
shrinkage=0.05


Tree=30
num_leaves=31
num_cat=0
split_feature=8 11 9 4 0 9 17 0 0 11 2 5 9 7 7 13 13 2 15 9 0 23 5 19 7 9 9 2 9 22
split_gain=393180 94644.9 36425.6 21519.2 17966 17757.4 17722.7 15980.1 15496.5 16747.3 14914.1 12092.5 11737.3 10679.3 10381.3 7741.49 15263.1 9559.43 11315.7 7700.42 7232.75 7043.73 6933.91 6856.49 6219.03 6468.72 6123.63 6079.61 5852.19 7387.12
threshold=1.0000000180025095e-35 339.07500000000005 325.27500000000003 -0.78656609248549292 9.5000000000000018 321.37000000000006 45.46741229618474 9.5000000000000018 4.5000000000000009 300.34000000000009 3.5000000000000004 0.60355339059327384 332.37500000000006 -0.99052477729077237 0.99681593486783593 11.783583696410485 10.790393427095889 1.0000000180025095e-35 410.74500000000006 308.23000000000008 16.500000000000004 36.110416666666673 0.78656609248549303 425.95500000000004 -0.99761278905001471 306.17000000000002 326.38500000000005 1.5000000000000002 341.02500000000003 35.850000000000009
decision_type=2 2 2 2 2 2 2 2 2 2 2 2 2 2 2 2 2 2 2 2 2 2 2 2 2 2 2 2 2 2
left_child=1 5 6 10 -4 8 7 -2 9 -1 26 -7 24 21 15 16 -9 -17 23 -11 -15 -6 -14 -19 -5 -26 -3 -10 29 -13
right_child=2 3 4 12 13 11 -8 14 27 19 -12 28 22 20 -16 17 -18 18 -20 -21 -22 -23 -24 -25 25 -27 -28 -29 -30 -31
leaf_value=-1.6452106527984143 -0.0059001533179077435 0.15595515694220863 0.30468801433919002 -0.81010606950376107 -0.29035102752968672 0.0046343541890382775 -0.54667130182186763 0.6616329753305763 -0.10269031911307286 -0.85582579021113669 -0.053697980794208379 -0.34591912081283638 0.084464410885951469 0.81149573281263399 -0.20356236496008934 0.84506766266588651 -0.39958368962009749 0.28823183890881726 0.57564952800419034 -0.50488194074951298 0.43780435012603136 0.57837509523544994 -0.22602854324099808 -0.3682690413358311 -0.58808362323550456 -0.15637928792214406 0.44987171339758092 -0.41520234673271289 -0.068857161357853178 -0.92673893679126074
leaf_weight=40 282 375 320 41 40 340 60 64 186 212 540 975 824 1035 64 168 72 232 480 595 148 56 230 48 93 1296 336 953 179 58
leaf_count=40 282 375 320 41 40 340 60 64 186 212 540 975 824 1035 64 168 72 232 480 595 148 56 230 48 93 1296 336 953 179 58
internal_value=1.36608e-10 -0.200265 0.474593 -0.0247171 0.639755 -0.385587 0.294938 0.330751 -0.484611 -0.646574 0.144399 -0.258874 -0.109888 0.723587 0.414914 0.452115 0.0998124 0.503746 0.428296 -0.597075 0.764745 0.216406 0.0167098 0.175689 -0.203198 -0.185284 0.294852 -0.364169 -0.332795 -0.37853
internal_weight=10342 7273 3069 3735 1599 3538 1470 1410 1986 847 1251 1552 2484 1279 1128 1064 136 928 760 807 1183 96 1054 280 1430 1389 711 1139 1212 1033
internal_count=10342 7273 3069 3735 1599 3538 1470 1410 1986 847 1251 1552 2484 1279 1128 1064 136 928 760 807 1183 96 1054 280 1430 1389 711 1139 1212 1033
is_linear=0
shrinkage=0.05


Tree=31
num_leaves=31
num_cat=0
split_feature=8 11 9 4 0 11 18 17 5 2 9 9 7 7 11 5 32 13 25 0 5 5 9 7 9 7 7 2 15 9
split_gain=354845 85417 32874.1 19421.1 16666.9 16122 57714.5 15994.7 14597.5 13460 11154 10685 9343.33 9151.26 8559.49 8122.91 7951.26 7913.51 11450.7 6984.25 6600.57 6211.31 5948.08 5919.3 6225.13 5908.9 6835.89 5660.42 7802.38 5526.58
threshold=1.0000000180025095e-35 339.07500000000005 325.27500000000003 -0.78656609248549292 10.500000000000002 308.45500000000004 159.84000000000003 45.46741229618474 -0.5 3.5000000000000004 331.61000000000007 334.13500000000005 0.99681593486783593 -0.75013812021657655 300.34000000000009 0.60355339059327384 3.7916990107519317 11.783583696410485 -1.0000000180025095e-35 16.500000000000004 0.37940952255126048 0.60355339059327384 312.25500000000005 -0.98212955754013376 306.17000000000002 0.29958852271690523 0.46611290379786346 1.0000000180025095e-35 410.74500000000006 326.38500000000005
decision_type=2 2 2 2 2 2 2 2 2 2 2 2 2 2 2 2 2 2 2 2 2 2 2 2 2 2 2 2 2 2
left_child=1 5 7 9 -4 6 -1 8 12 29 15 23 16 -6 -8 22 17 18 -2 25 -13 -12 -7 -5 -25 -15 -27 -19 -29 -3
right_child=2 3 4 11 13 10 14 -9 -10 -11 21 20 -14 19 -16 -17 -18 27 -20 -21 -22 -23 -24 24 -26 26 -28 28 -30 -31
leaf_value=-2.4665325535088778 -0.51124420691104167 0.14815739878416062 0.36129538312976367 -0.66046578787988242 0.50154674597829574 -0.39186991691956347 0.097179951897021721 -0.51933772465835015 -0.0075449454285211022 -0.051013082545164429 0.19619531085663433 0.16599376471834401 -0.19208911056630315 1.0187614971304784 -0.57016300006824383 -0.45825983004736437 0.24079424019724335 0.9134343744255603 0.63668642912473949 0.4411377525939183 -0.10751184880839174 -0.21529804114153639 -0.15609183938529594 -0.55867943064539982 -0.13664570337465956 0.20573219331326309 0.82198852881237316 0.26133684505070759 0.67089540631144873 0.42737813037764721
leaf_weight=40 42 375 480 62 350 538 57 60 282 540 109 461 64 335 306 1378 365 112 45 110 423 578 532 93 1445 54 270 184 316 336
leaf_count=40 42 375 480 62 350 538 57 60 282 540 109 461 64 335 306 1378 365 112 45 110 423 578 532 93 1445 54 270 184 316 336
internal_value=3.87976e-10 -0.190252 0.450864 -0.0234813 0.607767 -0.366308 -0.664 0.280191 0.314213 0.137179 -0.32804 -0.104394 0.394653 0.713492 -0.465374 -0.378002 0.429946 0.528716 0.082513 0.809957 0.0351195 -0.15001 -0.274642 -0.181474 -0.162165 0.87152 0.719279 0.592146 0.520178 0.28011
internal_weight=10342 7273 3069 3735 1599 3538 403 1470 1410 1251 3135 2484 1128 1119 363 2448 1064 699 87 769 884 687 1070 1600 1538 659 324 612 500 711
internal_count=10342 7273 3069 3735 1599 3538 403 1470 1410 1251 3135 2484 1128 1119 363 2448 1064 699 87 769 884 687 1070 1600 1538 659 324 612 500 711
is_linear=0
shrinkage=0.05


Tree=32
num_leaves=31
num_cat=0
split_feature=8 11 9 10 5 17 0 10 32 7 2 12 7 7 11 13 13 2 15 13 2 6 13 2 7 2 4 11 7 10
split_gain=320247 77735.9 29668.9 22780.5 15216.1 14435.3 13491.2 10909.4 9773.02 8959.43 43820.7 51387.4 8534.39 7540.9 6926.27 6829.47 16883.6 7591.58 7461.22 6530.81 6385.13 6256.34 6039.43 5641.66 5624.66 5617.98 15888.8 5633.41 5078.86 4712.66
threshold=1.0000000180025095e-35 348.64500000000004 325.27500000000003 328.15000000000003 -0.5 45.46741229618474 9.5000000000000018 369.09500000000008 4.0763999603647045 -0.39036009226888674 1.0000000180025095e-35 328.37854166666671 0.99681593486783593 -0.75013812021657655 432.89500000000004 11.783583696410485 10.790393427095889 1.0000000180025095e-35 410.74500000000006 10.790393427095889 3.5000000000000004 -0.37447345805034543 11.482999848160668 1.0000000180025095e-35 0.29958852271690523 3.5000000000000004 -0.78656609248549292 330.68500000000006 0.46611290379786346 312.13500000000005
decision_type=2 2 2 2 2 2 2 2 2 2 2 2 2 2 2 2 2 2 2 2 2 2 2 2 2 2 2 2 2 2
left_child=1 3 5 9 8 6 -2 19 13 10 11 -1 14 -4 15 16 -8 -17 21 -3 -9 -19 -21 -24 -15 26 -5 -27 -26 -11
right_child=2 7 4 25 -6 -7 12 20 -10 29 -12 -13 -14 24 -16 17 -18 18 -20 22 -22 -23 23 -25 28 27 -28 -29 -30 -31
leaf_value=-0.49481081015533879 -0.010822359190391814 0.29248847625927915 0.52945948964953427 0.77481080404929048 0.26901891707209868 -0.49337084663100539 0.61050604798254515 0.29323173094076621 0.47041999087497238 -0.51113543305137576 -0.38424054499671612 -2.9578506298735743 -0.18493319333065303 1.0191407441078122 0.89028520686285839 0.74403871670849142 -0.54706339561750017 -0.42318895172327758 0.48679676846223396 -0.56600930693168794 0.053373136439045003 0.25223029032504812 0.2328738867825475 -0.098616036524455108 0.21632641573747 -0.38595370812390267 -0.15936400210558946 -0.20102512625686311 0.79442357292902643 -0.31742156547007322
leaf_weight=45 282 126 250 48 320 60 63 483 461 456 339 40 64 279 70 154 63 40 434 62 652 240 145 1118 45 612 880 1259 244 1008
leaf_count=45 282 126 250 48 320 60 63 483 461 456 339 40 64 279 70 154 63 40 434 62 652 240 145 1118 45 612 880 1259 244 1008
internal_value=6.39215e-11 -0.180739 0.42832 -0.302159 0.577379 0.266181 0.298503 0.0393291 0.654529 -0.436375 -0.638769 -1.65389 0.375834 0.758288 0.409564 0.375711 0.0317213 0.425645 0.356971 -0.051499 0.155445 0.155742 -0.0842103 -0.060559 0.859004 -0.211627 -0.111045 -0.261515 0.704408 -0.377759
internal_weight=10342 7273 3069 4687 1599 1470 1410 2586 1279 1888 424 85 1128 818 1064 994 126 868 714 1451 1135 280 1325 1263 568 2799 928 1871 289 1464
internal_count=10342 7273 3069 4687 1599 1470 1410 2586 1279 1888 424 85 1128 818 1064 994 126 868 714 1451 1135 280 1325 1263 568 2799 928 1871 289 1464
is_linear=0
shrinkage=0.05


Tree=33
num_leaves=31
num_cat=0
split_feature=11 10 2 10 0 9 2 5 17 7 17 13 2 9 14 9 22 10 13 16 16 2 13 25 12 4 13 5 16 24
split_gain=289258 71995.2 20198.3 19145.8 15062.3 18639.4 17760 10978.2 10607.3 10553.7 23284.5 10153.9 8826.54 8688.96 8664.81 7540.41 13398 7249.37 6661.48 17808.5 30334.6 7924.45 6666.03 6497.71 11780.2 6846.17 6160.55 5561.5 5478.27 5312.67
threshold=379.80500000000006 343.74500000000006 4.5000000000000009 415.22000000000008 4.5000000000000009 316.32500000000005 1.5000000000000002 -0.70710678118654757 41.239216506224551 -0.61236746317008228 39.942926457747369 10.386330250546999 3.5000000000000004 333.83500000000009 304.58500000000004 340.68000000000006 35.850000000000009 365.32000000000005 11.555722190545973 369.22538690476193 358.63101190476192 1.5000000000000002 24.514388501824918 -0.84999999999999776 343.02125000000007 -0.60355339059327362 16.057754606294552 -0.5 359.081755952381 12.780059523809525
decision_type=2 2 2 2 2 2 2 2 2 2 2 2 2 2 2 2 2 2 2 2 2 2 2 2 2 2 2 2 2 2
left_child=1 4 7 11 5 9 8 -3 23 10 -1 -2 29 27 -10 16 -7 26 19 20 -13 -20 -23 -6 25 -25 -9 -4 -14 -5
right_child=3 2 13 12 6 15 -8 17 14 -11 -12 18 28 -15 -16 -17 -18 -19 21 -21 -22 22 -24 24 -26 -27 -28 -29 -30 -31
leaf_value=-1.8783622634654145 0.74927132254158213 0.48762535670399665 -0.1005360389580448 0.14573528915643694 -0.12330574233845999 -0.30943861690589508 -0.32732285105222525 0.36784677607368454 -0.077327411758545961 -0.54836720789766524 -0.30306239578458999 0.37168988122270918 -0.10409080234228396 0.069695212410566129 -0.99979627470931287 -0.0085301068000575558 -1.0377827324195585 0.19809519334314565 0.47474812610646167 0.66919980593025685 -1.4156312182892201 -0.050344205742607576 0.30409395874358558 0.71607717959718276 -0.34044476729122142 0.18306412660755725 -0.048266241359217373 -0.3168646916778195 0.47703996691429479 0.73935259151112742
leaf_weight=49 139 175 662 40 279 1096 1256 98 57 518 45 53 51 407 46 186 67 693 626 60 43 158 827 88 79 191 963 539 198 653
leaf_count=49 139 175 662 40 279 1096 1256 98 57 518 45 53 51 407 46 186 67 693 626 60 43 158 827 88 79 191 963 539 198 653
internal_value=7.85106e-11 -0.163014 0.000905859 0.428941 -0.309534 -0.407952 -0.212842 0.109996 -0.0185347 -0.636817 -1.12423 0.337803 0.613346 -0.129962 -0.489304 -0.304124 -0.351398 0.0723196 0.305435 -0.00654225 -0.428881 0.335645 0.24724 0.0575865 0.198561 0.351183 -0.00983167 -0.197623 0.358013 0.705089
internal_weight=10342 7494 3537 2848 3957 1961 1996 1929 740 612 94 1906 942 1608 103 1349 1163 1754 1767 156 96 1611 985 637 358 279 1061 1201 249 693
internal_count=10342 7494 3537 2848 3957 1961 1996 1929 740 612 94 1906 942 1608 103 1349 1163 1754 1767 156 96 1611 985 637 358 279 1061 1201 249 693
is_linear=0
shrinkage=0.05


Tree=34
num_leaves=31
num_cat=0
split_feature=30 10 0 9 2 11 18 17 4 2 25 4 9 7 7 9 5 11 11 9 23 13 25 2 13 11 0 5 9 15
split_gain=262190 64587.8 25657 19538.3 17843 14058.1 22573.8 9669.98 9328.17 9460.54 9903.23 9099.39 8700.21 8797.37 8573.25 8067.76 7404.51 6851.16 6598.27 6132.63 5898.62 5877.08 13594.6 7853.03 10147 5227.41 5041.62 4511.35 5493 4477.77
threshold=8.8312500000000025 346.17000000000007 9.5000000000000018 325.27500000000003 4.5000000000000009 310.82500000000005 159.84000000000003 45.46741229618474 -0.60355339059327362 1.5000000000000002 -0.84999999999999776 -0.78656609248549292 321.77500000000003 -0.99761278905001471 -0.99052477729077237 333.83500000000009 0.60355339059327384 300.34000000000009 432.89500000000004 320.47000000000008 36.110416666666673 11.783583696410485 -1.0000000180025095e-35 1.0000000180025095e-35 22.822800274882223 347.82500000000005 16.500000000000004 1.0000000180025095e-35 306.61000000000007 410.74500000000006
decision_type=2 2 2 2 2 2 2 2 2 2 2 2 2 2 2 2 2 2 2 2 2 2 2 2 2 2 2 2 2 2
left_child=1 5 19 7 11 6 -1 18 9 10 -7 25 -10 -14 20 27 -15 -8 21 -2 -5 22 -4 -23 -25 -3 -16 28 -6 -26
right_child=2 4 3 14 15 8 17 -9 12 -11 -12 -13 13 16 26 -17 -18 -19 -20 -21 -22 23 -24 24 29 -27 -28 -29 -30 -31
leaf_value=-1.4343458360824428 -0.12474559797342905 0.78907571278867272 -0.49103676290525233 -0.31790890440344816 -0.55388852021822788 -0.26855416420945216 0.11104192013090307 -0.37904075582822166 -0.38032838334240698 -0.24499503035869066 0.43950908593305038 0.014347407450036495 -0.90802728587930859 0.0086793890683365439 0.67668550679812267 0.07268514290180271 -0.24998171131316976 -0.4806334475561993 0.81570652957473477 0.21266850126794271 0.47707206702658111 0.6852075930539665 0.5163104022994186 -0.48155898258090019 0.18451678451642187 0.21495554681662155 0.3625615101307631 -0.39062308811830143 -0.10104171775318799 0.43975698302364408
leaf_weight=61 202 42 68 40 73 76 55 48 1417 290 141 954 44 358 1021 401 1218 443 70 404 56 154 66 40 288 708 146 222 810 426
leaf_count=61 202 42 68 40 73 76 55 48 1417 290 141 954 44 358 1021 401 1218 443 70 404 56 154 66 40 288 708 146 222 810 426
internal_value=4.73701e-10 -0.162023 0.391178 0.463953 0.00597131 -0.293455 -0.526491 0.3158 -0.256698 -0.0581615 0.191524 0.116794 -0.289842 -0.210694 0.600023 -0.119422 -0.191225 -0.415288 0.345793 0.100197 0.14583 0.314225 0.0051193 0.359842 0.293389 0.247106 0.637386 -0.189137 -0.13848 0.336803
internal_weight=10342 7313 3029 2423 3210 4103 559 1160 3544 507 217 1704 3037 1620 1263 1506 1576 498 1112 606 96 1042 134 908 754 750 1167 1105 883 714
internal_count=10342 7313 3029 2423 3210 4103 559 1160 3544 507 217 1704 3037 1620 1263 1506 1576 498 1112 606 96 1042 134 908 754 750 1167 1105 883 714
is_linear=0
shrinkage=0.05


Tree=35
num_leaves=31
num_cat=0
split_feature=30 10 5 9 2 11 18 17 4 2 25 7 9 9 7 5 4 32 12 11 13 13 2 13 9 11 32 9 7 6
split_gain=236627 58290.5 24036.6 17293.4 16232.6 12850.8 29300.5 9392.52 8701.02 8589.26 8937.67 8279.19 8275.65 7878.69 7548.16 7875.35 7390.57 6828.36 6507.49 6213.04 5785.04 12692.4 7052.19 8811.73 5444.79 5095.08 4685.24 4570.65 4451.21 4779.59
threshold=8.8312500000000025 346.17000000000007 -0.5 325.27500000000003 3.5000000000000004 309.15500000000003 164.20000000000002 45.46741229618474 -0.60355339059327362 1.5000000000000002 -0.84999999999999776 -0.75013812021657655 318.24500000000006 330.80000000000007 -0.99761278905001471 0.60355339059327384 -0.9159756150367534 4.0763999603647045 352.57958333333346 432.89500000000004 11.783583696410485 10.790393427095889 1.0000000180025095e-35 22.822800274882223 331.61000000000007 300.34000000000009 3.7916990107519317 346.82000000000005 0.29958852271690523 0.8697513045430848
decision_type=2 2 2 2 2 2 2 2 2 2 2 2 2 2 2 2 2 2 2 2 2 2 2 2 2 2 2 2 2 2
left_child=1 5 3 7 16 6 -1 19 9 10 -7 18 -10 -6 -14 -16 -3 28 -5 20 21 -2 -22 -24 -4 -8 -25 -17 -13 -30
right_child=2 4 24 11 13 8 25 -9 12 -11 -12 17 14 -15 15 27 -18 -19 -20 -21 22 -23 23 26 -26 -27 -28 -29 29 -31
leaf_value=-1.7584981683303011 0.4535256385803223 0.32539893132386516 -0.021559719045061428 -0.22297896575182677 -0.17648029964659553 -0.25512645858168409 0.073532254844903944 -0.38212355744714538 -0.3816471870505273 -0.23367897160927353 0.41753363280114553 0.90283708690956077 -0.86262593113563291 0.028745029637585542 -0.017993872444131472 -0.27550254902632104 0.064531249502404769 0.46843053537433027 0.44926287299377798 0.79173820270900286 0.65541341909533979 -0.52145328129686064 -0.43803618392441424 0.41984961577731633 0.29136334718347862 -0.46663641168107822 0.15264749816417988 0.170222084261477 0.7052947247906004 0.11423156610690058
leaf_weight=44 71 385 390 40 1078 76 50 48 1212 291 141 279 44 826 452 1389 921 308 360 69 154 63 40 460 216 344 255 60 236 40
leaf_count=44 71 385 390 40 1078 76 50 48 1212 291 141 279 44 826 452 1389 921 308 360 69 154 63 40 460 216 344 255 60 236 40
internal_value=2.87452e-10 -0.153922 0.371619 0.442058 0.00567274 -0.278782 -0.534749 0.302677 -0.248192 -0.0561377 0.181948 0.570073 -0.279096 -0.0874487 -0.215192 -0.200207 0.141433 0.657227 0.382039 0.332236 0.301838 -0.00485997 0.34705 0.284152 0.0899772 -0.398087 0.324554 -0.257046 0.762001 0.619633
internal_weight=10342 7313 3029 2423 3210 4103 438 1160 3665 508 217 1263 3157 1904 1945 1901 1306 863 400 1112 1043 134 909 755 606 394 715 1449 555 276
internal_count=10342 7313 3029 2423 3210 4103 438 1160 3665 508 217 1263 3157 1904 1945 1901 1306 863 400 1112 1043 134 909 755 606 394 715 1449 555 276
is_linear=0
shrinkage=0.05


Tree=36
num_leaves=31
num_cat=0
split_feature=30 11 0 10 16 9 2 13 18 16 6 15 15 22 13 15 0 12 7 0 15 23 24 9 5 28 9 7 2 22
split_gain=213556 52931.5 22038.1 17718.1 14699.7 11097.3 9659.7 7816.77 7581.21 7814.36 8326.26 7214.8 7209.52 6782.43 6683.99 6165.77 6076.28 10976.3 5870.34 5194.88 4802.52 4800.96 4026.8 3949.87 3904.92 3844.01 5210.68 7120.57 3545.8 3654.47
threshold=8.8312500000000025 333.11500000000007 10.500000000000002 360.02000000000004 361.72083333333336 325.2050000000001 3.5000000000000004 10.790393427095889 316.29500000000002 360.73443452380957 -0.75015329512557194 429.54000000000002 407.03500000000003 35.850000000000009 10.71449692572833 410.74500000000006 4.5000000000000009 344.36812500000002 -0.99273797715557011 16.500000000000004 359.85000000000008 33.220833333333339 13.218154761904762 346.82000000000005 0.60355339059327384 0.022321428571428565 306.17000000000002 0.7254836971458194 3.5000000000000004 24.700000000000003
decision_type=2 2 2 2 2 2 2 2 2 2 2 2 2 2 2 2 2 2 2 2 2 2 2 2 2 2 2 2 2 2
left_child=1 5 12 7 8 14 -5 -3 9 10 -4 15 -2 20 -1 -12 17 -9 -6 28 -7 -8 -17 -19 -16 -18 27 -27 29 -20
right_child=2 3 4 6 18 13 21 16 -10 -11 11 -13 -14 -15 24 22 25 23 19 -21 -22 -23 -24 -25 -26 26 -28 -29 -30 -31
leaf_value=-0.92198814286717357 -0.025623686848844585 0.17850543264018295 0.67173963131851888 0.21058681337286045 0.054336278961629285 0.3840796873966853 -0.07236012918840308 -1.084059695208945 0.93135431287240023 -0.3731363472839197 0.21997377386621883 -0.19672582667659633 0.26188797191358532 -0.6652461259396838 -0.26863198935975585 0.92038611137137127 0.35834838453420376 -0.28521682449835745 0.58073652886186611 0.32254639114722494 -0.1497207908506373 0.15757962368087222 0.4170107051339888 0.13676490124965471 -0.41943335940552978 -0.94924383163452153 -0.092703279995295013 -0.19674470082521439 0.45232587088950171 0.82612783453994609
leaf_weight=56 363 192 147 756 49 45 933 41 49 42 595 77 546 61 653 49 43 463 269 129 662 300 210 63 1253 42 1625 125 156 348
leaf_count=56 363 192 147 756 49 45 933 41 49 42 595 77 546 61 653 49 43 463 269 129 662 300 210 63 1253 42 1625 125 156 348
internal_value=-1.64388e-10 -0.146226 0.353038 -0.042405 0.44135 -0.320516 0.069867 -0.128492 0.322599 0.295966 0.322035 0.266818 0.147073 -0.15939 -0.383587 0.308613 -0.153031 -0.296095 0.587323 0.616277 -0.115745 -0.0164137 0.512244 -0.234675 -0.367768 -0.108826 -0.120036 -0.385996 0.665296 0.719142
internal_weight=10342 7313 3029 4583 2120 2730 1989 2594 1169 1120 1078 931 909 768 1962 854 2402 567 951 902 707 1233 259 526 1906 1835 1792 167 773 617
internal_count=10342 7313 3029 4583 2120 2730 1989 2594 1169 1120 1078 931 909 768 1962 854 2402 567 951 902 707 1233 259 526 1906 1835 1792 167 773 617
is_linear=0
shrinkage=0.05


Tree=37
num_leaves=31
num_cat=0
split_feature=11 11 11 5 9 11 9 2 32 10 32 2 9 24 17 2 32 2 22 9 2 9 7 25 9 6 22 7 19 22
split_gain=193137 40637.4 32929.2 21868.5 14249.3 9620.99 9583.89 8171.85 9101.57 7319.81 7302.79 11258.9 7213.64 12405.2 6540.82 5319.82 4971.22 8419.35 5493.03 6468.27 4715.9 4498.84 4419.73 4392 7124.29 3924.41 5421.85 3785.67 3644.48 3508.49
threshold=357.34000000000009 387.48500000000007 251.51500000000001 0.60355339059327384 321.37000000000006 426.47500000000008 331.17500000000007 1.5000000000000002 9.7158832308142955 372.42500000000007 4.8900623334057549 4.5000000000000009 334.13500000000005 34.260416666666671 23.26182996334725 3.5000000000000004 -5.1607439180754788 3.5000000000000004 34.150000000000006 308.23000000000008 3.5000000000000004 338.97000000000008 -0.99465740988130902 1.099999999999999 321.09000000000009 0.90892735371523092 22.500000000000004 0.94909129669788206 402.32500000000005 24.700000000000003
decision_type=2 2 2 2 2 2 2 2 2 2 2 2 2 2 2 2 2 2 2 2 2 2 2 2 2 2 2 2 2 2
left_child=2 9 -1 4 10 12 16 8 -6 14 11 28 13 15 -2 25 17 -5 19 -18 -11 22 -16 24 -17 27 -27 -3 -4 -7
right_child=1 5 3 6 7 29 -8 -9 -10 20 -12 -13 -14 -15 21 23 18 -19 -20 -21 -22 -23 -24 -25 -26 26 -28 -29 -30 -31
leaf_value=-1.6065467369265674 0.52306564369222575 0.41758152557400918 0.053369896754968997 -0.062206277972949087 0.9871869683265686 0.4612014562218858 -0.15132281173501372 -0.015735637614057257 0.16069506999012662 0.29493018737861626 -0.27536933924299833 -0.17609540836813001 0.46210633651243233 -0.37085954965771856 -0.51317910557647917 -0.66132797876069715 -0.6360242173249756 -0.42530683085047571 -0.96203721657200436 -0.33274070762483132 0.082582666591898043 0.20382057653659405 -0.043186700795881786 0.30224592904249831 0.20856692783821087 -0.19863242933489447 0.46770545244216921 0.038109982743238409 0.5097878112886729 0.72073167400777072
leaf_weight=41 57 754 86 335 42 313 917 1018 161 492 934 539 658 74 53 43 214 305 43 985 558 179 890 90 52 72 53 72 89 223
leaf_count=41 57 754 86 335 42 313 917 1018 161 492 934 539 658 74 53 43 214 305 43 985 558 179 890 90 52 72 53 72 89 223
internal_value=1.68491e-10 0.239855 -0.194649 -0.184436 -0.0874293 0.382446 -0.283868 0.0420269 0.331693 0.0860703 -0.183343 -0.0629615 0.328865 0.256408 0.000563162 0.297269 -0.348451 -0.235246 -0.406785 -0.386871 0.182083 -0.0259811 -0.069602 0.0519487 -0.185175 0.344992 0.0838948 0.384504 0.285491 0.569178
internal_weight=10342 4633 5709 5668 2869 2404 2799 1221 203 2229 1648 714 1868 1210 1179 1136 1882 640 1242 1199 1050 1122 943 185 95 951 125 826 175 536
internal_count=10342 4633 5709 5668 2869 2404 2799 1221 203 2229 1648 714 1868 1210 1179 1136 1882 640 1242 1199 1050 1122 943 185 95 951 125 826 175 536
is_linear=0
shrinkage=0.05


Tree=38
num_leaves=31
num_cat=0
split_feature=30 10 5 9 0 2 7 10 2 2 9 17 7 9 32 9 4 25 32 13 25 2 15 18 11 4 9 6 5 11
split_gain=175037 43493.4 19704.3 13596.5 12541.5 14281.6 46408 27200.4 12251.6 12192.7 8683.04 7942.43 7019.44 5461.4 5407.28 5338.5 4846.83 6077.43 4830.73 4709 7526.14 4796.05 6173.65 4671.68 4626.08 4530.61 4518.38 4340.69 4123.54 3936.6
threshold=8.8312500000000025 351.15000000000003 -0.5 325.27500000000003 4.5000000000000009 1.0000000180025095e-35 -0.42179730054635828 328.15000000000003 2.5000000000000004 4.5000000000000009 326.20000000000005 45.46741229618474 -0.75013812021657655 333.83500000000009 4.0763999603647045 338.81000000000006 -0.78656609248549292 -0.84999999999999776 2.7693637825969741 11.783583696410485 -1.0000000180025095e-35 1.0000000180025095e-35 410.74500000000006 317.13000000000005 329.39500000000004 -0.9159756150367534 331.61000000000007 -0.73866753694953124 1.0000000180025095e-35 359.75500000000005
decision_type=2 2 2 2 2 2 2 2 2 2 2 2 2 2 2 2 2 2 2 2 2 2 2 2 2 2 2 2 2 2
left_child=1 4 3 11 5 6 7 -1 16 25 -7 18 15 28 -14 23 17 -6 19 20 -2 -21 -23 -5 -10 29 -4 -26 -11 -3
right_child=2 9 26 12 8 10 -8 -9 24 13 -12 -13 14 -15 -16 -17 -18 -19 -20 21 -22 22 -24 -25 27 -27 -28 -29 -30 -31
leaf_value=-2.5070202939039055 -0.42848029375076302 0.70456959632310001 -0.036989005087659912 0.2565042024747527 -0.15940218843721055 -0.36308667403272904 -0.24797242630950433 -0.72858428870176173 -0.34546441381954207 -0.098450689643702544 -0.14039349585575522 -0.36991751094659175 0.67038974443467358 0.077922425919925764 0.40914776912503331 0.47920408545318866 -0.071615839450022409 0.40901519550053883 0.15035955385073865 0.72019562710111396 0.4859798073437479 0.14184680378091508 0.49706513753416248 -0.36254671279340989 -0.42544337258721793 0.064202936829578103 0.2480724620624204 -0.1186937476897648 -0.36953236650218046 0.20786196432464626
leaf_weight=43 45 44 390 128 74 974 220 43 628 781 795 48 555 376 308 232 804 129 409 107 45 207 299 40 137 938 216 729 171 427
leaf_count=43 45 44 390 128 74 974 220 43 628 781 795 48 555 376 308 232 804 129 409 107 45 207 299 40 137 938 216 729 171 427
internal_value=1.20671e-10 -0.132384 0.319618 0.383394 -0.226687 -0.317563 -0.632957 -1.6178 -0.15129 0.0252829 -0.263007 0.259805 0.496904 -0.0834196 0.577154 0.323765 -0.0164965 0.201809 0.286988 0.366477 0.0287498 0.416061 0.351749 0.109111 -0.242145 0.127736 0.0646171 -0.167221 -0.147143 0.254264
internal_weight=10342 7313 3029 2423 4576 2075 306 86 2501 2737 1769 1160 1263 1328 863 400 1007 203 1112 703 90 613 506 168 1494 1409 606 866 952 471
internal_count=10342 7313 3029 2423 4576 2075 306 86 2501 2737 1769 1160 1263 1328 863 400 1007 203 1112 703 90 613 506 168 1494 1409 606 866 952 471
is_linear=0
shrinkage=0.05


Tree=39
num_leaves=31
num_cat=0
split_feature=30 10 5 9 0 2 7 2 2 9 17 17 9 10 11 13 25 2 15 7 9 22 9 4 25 32 9 11 4 6
split_gain=157971 39252.8 17783.1 12270.8 11318.7 12889.2 42191.5 11057.1 11003.9 7837.77 7168.04 6388.14 5398.5 5112.31 4598.55 4628.09 11196.5 6017.78 6330.97 6188.08 4576.68 4532.85 4472.03 4374.27 5484.88 4289.74 4241.76 4175.04 4088.88 3917.47
threshold=8.8312500000000025 351.15000000000003 -0.5 325.27500000000003 4.5000000000000009 1.0000000180025095e-35 -0.52765736634565841 2.5000000000000004 4.5000000000000009 336.02500000000003 45.46741229618474 32.976875713997295 331.24000000000007 391.91000000000003 437.77500000000003 11.783583696410485 -1.0000000180025095e-35 1.5000000000000002 379.37500000000006 0.28313308994381586 304.92500000000001 35.300000000000004 303.99500000000006 -0.78656609248549292 -0.84999999999999776 4.0763999603647045 320.38000000000005 329.39500000000004 -0.9159756150367534 -0.73866753694953124
decision_type=2 2 2 2 2 2 2 2 2 2 2 2 2 2 2 2 2 2 2 2 2 2 2 2 2 2 2 2 2 2
left_child=1 4 3 10 5 6 -1 23 28 22 14 12 -5 21 15 16 -2 19 -19 -17 -21 -10 -7 24 -6 -13 -4 -9 -3 -29
right_child=2 8 26 11 7 9 -8 27 13 -11 -12 25 -14 -15 -16 17 -18 18 -20 20 -22 -23 -24 -25 -26 -27 -28 29 -30 -31
leaf_value=-1.6226693823639502 -0.47465617281987388 0.24155034865954628 -0.12708918621018528 -0.088330789603706869 -0.15143207886533158 -0.72594479938348133 -0.26381657145188558 -0.32819119276788278 -0.1854207303017068 -0.043798059544429349 -0.35142162988583248 0.62893053596304294 0.39198710383393637 0.078903778124509799 0.77358003190972591 0.10733261690675332 0.42939499512962676 -0.41335822689812629 0.23843451883733052 0.18448438112224852 0.69616025491201095 0.12064162242475529 -0.28474274682645961 -0.068035047549050098 0.38856443671524066 0.3985821066477469 0.15423123257950389 -0.40417120391434996 0.060992789831779984 -0.11275905994404573
leaf_weight=76 68 471 200 72 74 60 230 628 817 366 48 564 312 369 44 93 69 40 543 56 199 142 1343 804 129 315 406 137 938 729
leaf_count=76 68 471 200 72 74 60 230 628 817 366 48 564 312 369 44 93 69 40 543 56 199 142 1343 804 129 315 406 137 938 729
internal_value=5.81908e-12 -0.125765 0.303637 0.364224 -0.215353 -0.301685 -0.601309 -0.143726 0.0240188 -0.249857 0.246815 0.472059 0.301927 -0.0792486 0.272638 0.252 -0.0193311 0.291928 0.193715 0.456462 0.583792 -0.140102 -0.303611 -0.0156716 0.191718 0.546382 0.0613862 -0.230038 0.12135 -0.15886
internal_weight=10342 7313 3029 2423 4576 2075 306 2501 2737 1769 1160 1263 384 1328 1112 1068 137 931 583 348 255 959 1403 1007 203 879 606 1494 1409 866
internal_count=10342 7313 3029 2423 4576 2075 306 2501 2737 1769 1160 1263 384 1328 1112 1068 137 931 583 348 255 959 1403 1007 203 879 606 1494 1409 866
is_linear=0
shrinkage=0.05


Tree=40
num_leaves=31
num_cat=0
split_feature=30 10 0 9 2 32 9 11 2 7 17 5 9 17 7 12 15 0 9 22 15 2 10 2 16 25 6 15 10 9
split_gain=142569 35566.6 16735.1 11665.4 10781.4 8592.83 11277.8 7845.57 6657.69 6560.5 6185.59 5887.8 5791.65 5214.88 7205.83 7444.91 6704.71 5100.88 4906.05 6037.53 17695.8 4716.64 4799.49 4577.74 4796.51 4824.64 4336.88 4219.19 4022.59 3982.74
threshold=8.8312500000000025 346.17000000000007 9.5000000000000018 325.69000000000005 3.5000000000000004 -9.0284710233262775 316.91500000000002 300.34000000000009 1.5000000000000002 -0.99052477729077237 45.46741229618474 0.37940952255126048 321.37000000000006 38.510675973285949 -0.40613878790836594 328.62479166666674 429.24500000000006 4.5000000000000009 343.89000000000004 35.850000000000009 378.33000000000004 1.0000000180025095e-35 376.78000000000003 3.5000000000000004 353.43000000000006 -3.3999999999999999 0.01505151768384008 407.03500000000003 383.80500000000006 298.98500000000007
decision_type=2 2 2 2 2 2 2 2 2 2 2 2 2 2 2 2 2 2 2 2 2 2 2 2 2 2 2 2 2 2
left_child=1 5 27 10 17 8 7 -7 -1 26 13 -8 -6 -4 15 -15 -16 -3 19 -13 -21 -19 -23 24 -11 -26 -5 -2 -14 -9
right_child=2 4 3 9 12 6 11 29 -10 23 -12 18 28 14 16 -17 -18 21 -20 20 -22 22 -24 -25 25 -27 -28 -29 -30 -31
leaf_value=0.12904007342311422 -0.10835325471779778 -0.22548467024128038 0.17745055934517751 -0.34831709408201283 -0.19725599703124497 -1.0095531753533418 0.023670613938423842 -0.75910739457165755 -0.17907105163504275 0.18790243843210525 -0.31835355656221509 -0.21154536290287249 -0.068680163160210417 -0.4706474686332513 0.70328972523892297 0.3240147859190724 0.19494861547524733 0.4769080864883275 0.085326544448616926 -1.4212495630886406 -0.028160337499290145 0.042729800341431423 0.26497371123198216 0.28607810260312233 0.20514003517035442 0.61631717945476894 0.38796409070491794 0.16102491225625115 0.12353665803559125 -0.32082361233818574
leaf_weight=280 242 101 720 40 613 45 316 54 469 88 48 1426 901 40 200 112 96 98 128 40 53 747 360 224 79 736 40 364 390 1292
leaf_count=280 242 101 720 40 613 45 316 54 469 88 48 1426 901 40 200 112 96 98 128 40 53 747 360 224 79 736 40 364 390 1292
internal_value=1.00962e-10 -0.119476 0.288455 0.34723 0.00518794 -0.217008 -0.251202 -0.360119 -0.0638893 0.457347 0.237928 -0.174022 -0.0707035 0.260789 0.394725 0.114893 0.538422 0.115829 -0.211952 -0.237002 -0.627338 0.144437 0.115004 0.488405 0.538595 0.576461 0.0198235 0.0534515 -0.0106131 -0.338407
internal_weight=10342 7313 3029 2423 3210 4103 3354 1391 749 1207 1216 1963 1904 1168 448 152 296 1306 1647 1519 93 1205 1107 1127 903 815 80 606 1291 1346
internal_count=10342 7313 3029 2423 3210 4103 3354 1391 749 1207 1216 1963 1904 1168 448 152 296 1306 1647 1519 93 1205 1107 1127 903 815 80 606 1291 1346
is_linear=0
shrinkage=0.05


Tree=41
num_leaves=31
num_cat=0
split_feature=30 10 5 9 5 0 16 16 2 13 17 2 6 18 7 32 9 6 15 24 29 9 18 2 18 7 13 18 9 9
split_gain=128702 32940.1 15396.6 12447.3 10730.9 10247 9890.03 7363.93 6908.86 6762.24 6718.53 6272.63 5789.89 5745.58 5721.81 5377.77 5008.91 12606.3 4727.81 4180.02 4507.04 7774.29 4773.98 7550.18 6072.07 4101.56 4056.43 4462.82 3675.41 3663.01
threshold=9.533333333333335 359.25000000000006 -0.5 325.2050000000001 0.37940952255126048 4.5000000000000009 361.72083333333336 360.80937500000005 4.5000000000000009 10.790393427095889 45.46741229618474 3.5000000000000004 -0.70291267844185523 316.29500000000002 -0.99273797715557011 3.4940571088840322 311.84500000000008 0.70290292807158616 360.16000000000003 11.094940476190477 5.0065476190476206 320.85500000000008 306.19500000000005 2.5000000000000004 190.29000000000005 -0.99761278905001471 16.057754606294552 300.27500000000003 334.57500000000005 332.37500000000006
decision_type=2 2 2 2 2 2 2 2 2 2 2 2 2 2 2 2 2 2 2 2 2 2 2 2 2 2 2 2 2 2
left_child=1 3 6 5 18 9 7 10 -3 -1 12 -7 -2 19 -8 -16 17 -11 -5 -14 22 -22 24 -24 -21 -6 -13 -28 -20 -4
right_child=2 8 29 4 25 11 14 -9 -10 16 -12 26 13 -15 15 -17 -18 -19 28 20 21 -23 23 -25 -26 -27 27 -29 -30 -31
leaf_value=-0.94030985429274794 0.54893731569278648 0.14304616178158366 -0.039761472043270872 0.58284677611291413 -0.59830557016693819 -0.078312750201046277 -0.048614818569538851 -0.42811305450275539 -0.036767176075936041 -0.3787964651803486 -0.31952598103865365 -0.16290814751666038 0.6668374949910989 0.73202517016657764 0.55831231651237523 0.32211071536197178 -0.25966680347572768 -1.2725738199137979 -0.033307919715136657 0.048045858161523937 0.1527375166836594 -0.65931322980672125 0.3487027096251647 -0.53813259601593022 0.37365352179973371 -0.1334161979131526 -0.21052046546570236 -0.49009864884609683 0.27825494390773647 0.22019840389433898
leaf_weight=49 176 1058 396 50 49 903 56 40 1079 320 48 600 48 56 647 384 685 45 288 200 112 40 48 48 504 1495 288 283 141 206
leaf_count=49 176 1058 396 50 49 903 56 40 1079 320 48 600 48 56 647 384 685 45 288 200 112 40 48 48 504 1495 288 283 141 206
internal_value=-9.56639e-11 -0.112987 0.275353 -0.180948 -0.084029 -0.242741 0.331916 0.239943 0.052256 -0.366176 0.26082 -0.177333 0.283431 0.23918 0.443603 0.470338 -0.339383 -0.488988 0.122722 0.21158 0.188626 -0.06096 0.236047 -0.0947149 0.281151 -0.14817 -0.253691 -0.349085 0.0690939 0.0491949
internal_weight=10342 7333 3009 5196 2023 3173 2407 1320 2137 1099 1280 2074 1232 1056 1087 1031 1050 365 479 1000 952 152 800 96 704 1544 1171 571 429 602
internal_count=10342 7333 3009 5196 2023 3173 2407 1320 2137 1099 1280 2074 1232 1056 1087 1031 1050 365 479 1000 952 152 800 96 704 1544 1171 571 429 602
is_linear=0
shrinkage=0.05


Tree=42
num_leaves=31
num_cat=0
split_feature=30 10 0 13 2 11 2 9 9 4 17 6 23 6 5 15 28 24 25 9 22 17 16 18 2 23 25 9 10 15
split_gain=116153 29817.4 14603.9 9815.98 9428.49 9406.78 8553.99 8409.35 8299.05 7793.63 7176.79 7681.29 6896.4 6715.68 6599.4 6080.7 5876.26 5252.17 4820 4794.14 4687.42 5057.47 4613.16 4905.5 5395.21 4416.77 4296.55 4123.22 3424.99 3346.51
threshold=9.533333333333335 352.37500000000006 10.500000000000002 10.322301615318512 3.5000000000000004 300.34000000000009 4.5000000000000009 318.24500000000006 308.23000000000008 -0.60355339059327362 39.724853079941902 0.9550229469509578 29.202083333333338 0.90892735371523092 0.60355339059327384 349.22000000000008 0.055952380952380948 15.179761904761905 -0.84999999999999776 336.97000000000008 20.850000000000005 38.298102963260213 350.42979166666674 228.29500000000004 4.5000000000000009 33.220833333333339 0.59999999999999887 343.89000000000004 391.91000000000003 407.03500000000003
decision_type=2 2 2 2 2 2 2 2 2 2 2 2 2 2 2 2 2 2 2 2 2 2 2 2 2 2 2 2 2 2
left_child=1 3 19 -1 7 -5 -3 12 9 22 11 13 26 16 -10 -11 -9 -17 -13 29 21 -6 23 -7 -25 28 -4 -16 -8 -2
right_child=2 6 4 5 20 8 25 10 14 15 -12 18 -14 -15 27 17 -18 -19 -20 -21 -22 -23 -24 24 -26 -27 -28 -29 -30 -31
leaf_value=0.1630307317067565 -0.083670085843464012 0.11371958635785172 0.41716144147853396 -0.78206689088495773 0.078215591646355845 -0.35268250253537431 -0.17828310568749051 -0.18696710399928548 -0.070297882552086202 -0.30582600883466915 0.72737990449655232 0.30728157366194381 -0.28070531967613432 -0.12145915857383183 -0.22812901353480997 -0.34612343255863637 0.42036824524317951 -0.85056909035111594 0.96021366649931617 0.30072021393428949 0.28689752053769846 -0.53521713100018953 -0.39401482439986091 0.66912561104349466 -0.067757245077303171 0.10047179684575387 0.082724033539061964 0.032777572873454154 0.025031206243973526 0.13663244985312351
leaf_weight=196 336 1365 238 68 168 46 690 42 1350 324 203 41 63 70 2133 86 770 129 91 213 217 42 82 46 54 305 161 163 296 354
leaf_count=196 336 1365 238 68 168 46 690 42 1350 324 203 41 63 70 2133 86 770 129 91 213 217 42 82 46 54 305 161 163 296 354
internal_value=2.11371e-10 -0.107338 0.261585 -0.183317 0.333714 -0.198467 0.0264552 0.387066 -0.189474 -0.338969 0.456011 0.401683 0.205451 0.348445 -0.158025 -0.44263 0.388954 -0.648791 0.757409 0.0933645 0.123929 -0.044471 -0.0939111 0.0746404 0.271209 -0.0658112 0.282213 -0.209606 -0.117248 0.0293547
internal_weight=10342 7333 3009 4677 2106 4481 2656 1679 4413 767 1217 1014 462 882 3646 539 812 215 132 903 427 210 228 146 100 1291 399 2296 986 690
internal_count=10342 7333 3009 4677 2106 4481 2656 1679 4413 767 1217 1014 462 882 3646 539 812 215 132 903 427 210 228 146 100 1291 399 2296 986 690
is_linear=0
shrinkage=0.05


Tree=43
num_leaves=31
num_cat=0
split_feature=30 10 5 0 2 7 2 16 9 9 9 11 13 23 17 9 24 28 22 18 24 2 2 18 29 16 6 6 18 15
split_gain=104862 26587.9 13898.2 10777.9 11835.1 39561.2 11600.3 7161.14 6257.54 6011.22 5560.97 4774.59 4552.09 4512.03 4298.77 5471.06 3969.11 3931.71 3914.07 7658.06 4203.51 4155.35 3858.48 3777.79 4604.87 4240.87 4533.01 5431.51 4368.03 3678.63
threshold=8.8312500000000025 359.25000000000006 -0.70710678118654757 4.5000000000000009 1.0000000180025095e-35 -0.52765736634565841 3.5000000000000004 361.72083333333336 335.92000000000002 316.91500000000002 320.38000000000005 329.39500000000004 10.322301615318512 36.110416666666673 33.256954977665693 338.81000000000006 11.094940476190477 0.022321428571428565 24.700000000000003 317.13000000000005 23.208333333333339 3.5000000000000004 3.5000000000000004 316.29500000000002 5.0065476190476206 360.66187500000007 -0.75015329512557194 -0.52766804058324157 190.29000000000005 376.99500000000006
decision_type=2 2 2 2 2 2 2 2 2 2 2 2 2 2 2 2 2 2 2 2 2 2 2 2 2 2 2 2 2 2
left_child=1 3 7 4 5 -1 12 16 -6 -3 -4 29 -5 17 15 -9 -2 -14 19 20 -16 -20 -11 24 25 26 -18 -28 -29 -8
right_child=2 9 10 6 8 -7 11 14 -10 22 -12 -13 13 -15 18 -17 23 -19 21 -21 -22 -23 -24 -25 -26 -27 27 28 -30 -31
leaf_value=-1.5013304601741744 0.7210129478857632 -0.1529756539997375 -0.036406108300783675 0.2962388515408732 -0.25099997899542487 -0.20443066606581539 -0.21058509198883649 -0.22081123203970493 -0.028300113777006093 0.17026145494947056 0.19140602381522143 -0.12910552973330333 0.38301067789969967 0.33088704055038898 -0.31883684738228718 0.38962142740627037 0.54809068692108942 -0.069255244558863713 0.74758796446897968 0.54163016810780396 0.36610275783709123 0.2786169186482827 0.021433312807233013 0.68814545060907095 -0.094178181590937216 -0.21034796602713565 -0.20960279615087943 0.066550106088527378 0.36505449378379734 -0.46394684585650725
leaf_weight=79 42 321 400 117 1414 230 372 48 406 733 811 968 50 82 48 156 126 1235 222 240 42 60 1073 42 114 48 66 180 384 233
leaf_count=79 42 321 400 117 1414 230 372 48 406 733 811 968 50 82 48 156 126 1235 222 240 42 60 1073 42 114 48 66 180 384 233
internal_value=-1.42875e-10 -0.102466 0.247386 -0.163522 -0.249896 -0.536001 -0.103369 0.334799 -0.201321 0.0464008 0.116158 -0.197973 -0.00309098 -0.0287103 0.444763 0.24599 0.245247 -0.0516573 0.511021 0.394131 0.000801635 0.647807 0.0818381 0.224432 0.203216 0.245384 0.27432 0.219565 0.269787 -0.308161
internal_weight=10342 7313 3029 5186 2129 309 3057 1818 1820 2127 1211 1573 1484 1367 816 204 1002 1285 612 330 90 282 1806 960 918 804 756 630 564 605
internal_count=10342 7313 3029 5186 2129 309 3057 1818 1820 2127 1211 1573 1484 1367 816 204 1002 1285 612 330 90 282 1806 960 918 804 756 630 564 605
is_linear=0
shrinkage=0.05


Tree=44
num_leaves=31
num_cat=0
split_feature=30 10 5 9 5 0 32 6 13 22 2 6 2 13 13 16 2 9 6 24 17 13 13 32 17 14 15 6 11 13
split_gain=94669.4 24577.7 12769.5 10277.5 8700.08 8005.89 7985.33 6465.05 6031.9 5226.24 4892.29 4842.61 4802.08 4533.73 8421.12 6685.5 4028.61 4020.58 11046.2 3765.99 3763.74 3683.91 12934.6 27699.4 3607.52 4008.1 3601.14 3558.45 3469.76 3434.53
threshold=9.533333333333335 359.25000000000006 -0.5 325.2050000000001 0.37940952255126048 4.5000000000000009 2.7693637825969741 0.94138322595482449 10.790393427095889 35.300000000000004 3.5000000000000004 -0.91597725483594616 4.5000000000000009 10.18733216452757 13.508478702830866 368.90068452380962 1.0000000180025095e-35 311.84500000000008 0.70290292807158616 11.60059523809524 37.461003459720608 10.607254350858371 12.52059987512361 5.7651942296586531 41.19961840446782 304.58500000000004 433.87500000000006 0.59177612190863982 302.34500000000008 16.057754606294552
decision_type=2 2 2 2 2 2 2 2 2 2 2 2 2 2 2 2 2 2 2 2 2 2 2 2 2 2 2 2 2 2
left_child=1 3 6 5 16 8 7 11 -1 12 24 -2 -3 -13 15 27 -5 18 28 -16 -9 -6 23 -23 -7 -26 -8 -15 -10 -12
right_child=2 9 -4 4 21 10 26 20 17 -11 29 13 -14 14 19 -17 -18 -19 -20 -21 -22 22 -24 -25 25 -27 -28 -29 -30 -31
leaf_value=-0.86310639905990394 0.57394815540304134 0.096567257737869477 0.030196776795061771 0.39566907834406329 0.17300343781940103 -0.025694221152637628 0.11497932885194095 0.92164226801196747 0.10916142884641887 0.23783375574030768 -0.13784350621079405 0.81211018860340123 -0.065323509066539984 -0.49192670665576427 0.78168770621509065 0.44305352210998539 0.042727457961077464 -0.22413749397050822 -1.163091725705502 0.3033776822614645 0.40995366331459826 0.0048214721575117955 -0.10521923673249506 -1.7115996253374033 -0.082256329141847495 -0.65043809094036431 0.35402219237978844 0.09773481331765653 -0.38867393508287412 -0.30915577341577516
leaf_weight=49 170 898 602 103 97 774 692 75 40 304 600 40 935 71 43 45 376 685 45 958 69 57 1350 40 77 52 204 40 280 571
leaf_count=49 170 898 602 103 97 774 692 75 40 304 600 40 935 71 43 45 376 685 45 958 69 57 1350 40 77 52 204 40 280 571
internal_value=5.02226e-11 -0.0969042 0.236158 -0.155608 -0.0675405 -0.211757 0.287669 0.357799 -0.320862 0.0458312 -0.153943 0.324231 0.013988 0.288766 0.270673 -0.0710256 0.118621 -0.295558 -0.429593 0.323924 0.676458 -0.125294 -0.14529 -0.702981 -0.0664937 -0.311291 0.169404 -0.279436 -0.326445 -0.221378
internal_weight=10342 7333 3009 5196 2023 3173 2407 1511 1099 2137 2074 1367 1833 1197 1157 156 479 1050 365 1001 144 1544 1447 97 903 129 896 111 320 1171
internal_count=10342 7333 3009 5196 2023 3173 2407 1511 1099 2137 2074 1367 1833 1197 1157 156 479 1050 365 1001 144 1544 1447 97 903 129 896 111 320 1171
is_linear=0
shrinkage=0.05


Tree=45
num_leaves=31
num_cat=0
split_feature=30 10 0 2 2 4 9 9 23 17 13 6 6 11 5 7 4 11 9 5 9 9 25 9 9 12 9 12 9 13
split_gain=85439.1 22187.8 11806.7 8341.08 6882.96 6721.54 8739.22 6531.4 6154.53 6070.89 6773.92 7198.6 6411.84 5770.25 4920.94 4812.63 4666.67 4524.31 4499.35 4339.15 4220.89 4062.66 3913.4 3775.46 3387.48 5792.8 3293.36 3104.93 5226.79 2977.05
threshold=9.533333333333335 343.74500000000006 10.500000000000002 3.5000000000000004 4.5000000000000009 -0.60355339059327362 316.91500000000002 318.24500000000006 29.202083333333338 39.724853079941902 43.225061852357669 0.9550229469509578 0.90892735371523092 300.34000000000009 -0.5 -0.99761278905001471 -0.78656609248549292 347.45500000000004 319.59500000000008 0.60355339059327384 311.61500000000007 336.97000000000008 0.59999999999999887 323.89000000000004 308.23000000000008 342.59229166666677 343.89000000000004 323.5845833333334 315.73000000000008 33.564592187906605
decision_type=2 2 2 2 2 2 2 2 2 2 2 2 2 2 2 2 2 2 2 2 2 2 2 2 2 2 2 2 2 2
left_child=1 5 21 7 16 23 13 8 22 10 11 12 -9 -7 18 -8 17 -3 -6 -17 -5 -2 27 -1 25 -15 -21 -4 -29 -16
right_child=2 4 3 20 14 6 15 9 -10 -11 -12 -13 -14 24 29 19 -18 -19 -20 26 -22 -23 -24 -25 -26 -27 -28 28 -30 -31
leaf_value=-0.040362176288244796 0.014170884313331784 0.6775833304971457 0.055061957958553523 -0.38406500190141657 -0.13595767900617822 -0.85272867467668323 -0.6690024967237217 0.36554430128809934 -0.27993526117550949 0.64973286560924703 -0.27937837514980901 0.72931689281341816 -0.13408014450754438 -0.31378754222557714 -0.095106812487892253 0.020856962203918659 -0.0014080930966451129 0.13144830976986033 0.10031437565993012 -0.17919581310270588 0.14380956850099294 0.26397810362524271 0.061457943030118201 0.45199230715285899 -0.21202009319087659 -0.82109255269169812 0.10936422783898998 0.64345052054614049 0.039363662465190408 -0.30135455614428469
leaf_weight=412 690 40 56 42 331 45 41 777 63 203 41 126 70 466 504 421 1076 730 515 1472 385 213 161 43 799 64 106 133 49 268
leaf_count=412 690 40 56 42 331 45 41 777 63 203 41 126 70 466 504 421 1076 730 515 1472 385 213 161 43 799 64 106 133 49 268
internal_value=2.53161e-10 -0.092059 0.22435 0.289204 -0.000141874 -0.174354 -0.198414 0.339385 0.179329 0.400146 0.350179 0.376707 0.324253 -0.295889 -0.0754246 -0.132761 0.0658426 0.159819 0.00787224 -0.121762 0.0918875 0.0730955 0.251844 0.00616803 -0.277035 -0.375047 -0.159812 0.380635 0.480812 -0.166706
internal_weight=10342 7333 3009 2106 3464 3869 3414 1679 462 1217 1014 973 847 1374 1618 2040 1846 770 846 1999 427 903 399 455 1329 530 1578 238 182 772
internal_count=10342 7333 3009 2106 3464 3869 3414 1679 462 1217 1014 973 847 1374 1618 2040 1846 770 846 1999 427 903 399 455 1329 530 1578 238 182 772
is_linear=0
shrinkage=0.05


Tree=46
num_leaves=31
num_cat=0
split_feature=30 9 5 5 0 16 19 17 13 2 2 7 4 9 22 13 0 19 9 18 28 32 11 32 24 7 7 13 7 12
split_gain=77124.9 20000.5 13321.4 11308.3 10272.2 6800.43 5830 5398.53 5192.71 4903.94 4651.54 4651.24 4320.14 4387.39 13747.4 23391.9 4293.09 4277.17 3813.91 6326.43 3805.6 3530.65 3198.02 3071.92 3046.78 3243.9 10712 6193.97 4541.93 3920.18
threshold=8.8312500000000025 325.34000000000009 0.25881904510252057 -0.5 5.5000000000000009 360.89434523809524 441.61500000000007 45.46741229618474 10.71449692572833 3.5000000000000004 3.5000000000000004 -0.99273797715557011 -0.60355339059327362 339.44500000000011 35.850000000000009 26.294198348841004 20.500000000000004 439.93500000000006 307.05500000000001 190.29000000000005 0.022321428571428565 3.4940571088840322 343.08500000000004 -9.4905708601030714 11.094940476190477 0.79773375822167203 0.84199059757024453 12.386566716141798 0.19969739736768838 351.08729166666677
decision_type=2 2 2 2 2 2 2 2 2 2 2 2 2 2 2 2 2 2 2 2 2 2 2 2 2 2 2 2 2 2
left_child=1 4 10 5 8 6 7 17 -1 20 22 -7 -4 14 -14 -16 -11 24 19 -10 -6 -13 -3 -22 -2 28 -27 -28 -26 -30
right_child=3 2 12 -5 9 11 -8 -9 18 16 -12 21 13 -15 15 -17 -18 -19 -20 -21 23 -23 -24 -25 25 26 27 -29 29 -31
leaf_value=-0.79393790538640729 0.55221732650617406 0.66850301317754202 0.065173800980958804 0.018981428777725243 0.40708719018101691 -0.092546115210279833 -0.41096891596913337 -0.31807356753076116 -1.0000295937770891 -0.11975081215981467 0.048142904638345939 0.44554746236590237 -0.12016420746806454 0.0028059389760175637 -1.6640078354626895 -0.026839585074534017 -0.32588176838757976 0.51699214221646672 -0.21969776416728481 -0.31853122511257731 0.045503787766788005 0.25635754469421912 0.20346568329216816 -0.13814631257352397 0.097096132453503639 -0.70917923063039778 -0.44268284790217882 0.21245201525775684 0.67745322406291963 0.27646860742897844
leaf_weight=47 56 40 416 606 50 56 40 48 42 1275 814 662 1040 536 40 48 315 112 1068 180 484 393 488 430 272 40 40 368 80 256
leaf_count=47 56 40 416 606 50 56 40 48 42 1275 814 662 1040 536 40 48 315 112 1068 180 484 393 488 430 272 40 40 368 80 256
internal_value=1.03589e-10 -0.0878753 0.000297076 0.21216 -0.16542 0.260474 0.183393 0.202083 -0.277703 -0.10664 0.123115 0.351502 -0.0789438 -0.114973 -0.170939 -0.771007 -0.160588 0.222482 -0.258895 -0.447463 -0.0176605 0.375072 0.238696 -0.0408962 0.192819 0.17376 0.0716693 0.148223 0.248984 0.371941
internal_weight=10342 7313 3422 3029 3891 2423 1312 1272 1337 2554 1342 1111 2080 1664 1128 88 1590 1224 1290 222 964 1055 528 914 1112 1056 448 408 608 336
internal_count=10342 7313 3422 3029 3891 2423 1312 1272 1337 2554 1342 1111 2080 1664 1128 88 1590 1224 1290 222 964 1055 528 914 1112 1056 448 408 608 336
is_linear=0
shrinkage=0.05


Tree=47
num_leaves=31
num_cat=0
split_feature=30 10 5 13 11 9 5 4 16 2 22 9 16 24 6 6 13 9 7 2 2 13 25 7 0 16 15 13 16 18
split_gain=69646.4 18536 10403.7 9259.75 9852.17 7380.29 6143.14 5175.05 5137.65 5119.21 4584.34 4174.09 3916.37 4625.28 4560.68 4074.48 4464.53 3769.15 3613.94 4681.16 3568.5 3536.11 3494.92 3303.89 3240.55 3230.06 3246.42 3152.79 2825.52 4670.44
threshold=9.533333333333335 359.25000000000006 -0.70710678118654757 10.322301615318512 300.34000000000009 310.48500000000007 0.60355339059327384 -0.60355339059327362 360.89434523809524 3.5000000000000004 35.300000000000004 334.13500000000005 359.83952380952383 11.60059523809524 -0.75015329512557194 -0.52766804058324157 42.659814409184754 334.13500000000005 -0.95242240592625282 1.0000000180025095e-35 4.5000000000000009 36.927294719761029 3.8999999999999999 -0.99052477729077237 8.5000000000000018 344.77922619047627 352.43500000000006 12.419043150453344 350.42979166666674 228.29500000000004
decision_type=2 2 2 2 2 2 2 2 2 2 2 2 2 2 2 2 2 2 2 2 2 2 2 2 2 2 2 2 2 2
left_child=1 3 8 -1 -5 7 17 28 12 11 20 24 13 -2 -15 -16 21 18 -7 27 -3 -17 25 -10 -4 -9 -27 -20 29 -6
right_child=2 10 9 4 5 6 -8 22 23 -11 -12 -13 -14 14 15 16 -18 -19 19 -21 -22 -23 -24 -25 -26 26 -28 -29 -30 -31
leaf_value=0.19441523173444192 0.67615182954404096 0.08220322833008617 -0.10923973200596604 -0.73666429738913264 -0.31397692672352295 -0.49715569225220907 -0.15870579769511445 -0.17995597243167913 -0.033229247901666287 -0.11583890833540773 0.22066538668494964 0.31170711145951202 -0.17153263065230215 0.50259386044582011 -0.22013434923507949 0.15778205084240227 -0.19930364898243694 0.1600443039912664 0.042413380447154245 -0.081142849388035634 -0.057353257702235233 0.42422061962578667 -0.70482182917850356 0.39407196762063956 0.13926404628108208 -0.26265165532042961 -0.55547491894566525 0.51718980388207869 -0.27832858549430967 0.19604666957303007
leaf_weight=206 54 898 175 70 67 46 2282 330 48 244 304 260 66 108 66 438 66 224 96 1125 935 174 56 786 524 212 171 55 120 136
leaf_count=206 54 898 175 70 67 46 2282 330 48 244 304 260 66 108 66 438 66 224 96 1125 935 174 56 786 524 212 171 55 120 136
internal_value=3.89331e-11 -0.0831165 0.202557 -0.134097 -0.147659 -0.139279 -0.106571 -0.253935 0.278437 0.0886422 0.0408402 0.140669 0.20032 0.227409 0.198967 0.154892 0.1914 -0.029617 -0.0617532 -0.0460569 0.0110165 0.233534 -0.324478 0.369479 0.0770492 -0.294606 -0.39339 0.215345 -0.0859862 0.0277138
internal_weight=10342 7333 3009 5196 4990 4920 3828 1092 1806 1203 2137 959 972 906 852 744 678 1546 1322 1276 1833 612 769 834 699 713 383 151 323 203
internal_count=10342 7333 3009 5196 4990 4920 3828 1092 1806 1203 2137 959 972 906 852 744 678 1546 1322 1276 1833 612 769 834 699 713 383 151 323 203
is_linear=0
shrinkage=0.05


Tree=48
num_leaves=31
num_cat=0
split_feature=30 0 9 0 11 2 9 15 0 9 23 17 13 6 6 9 22 2 17 5 22 17 22 14 18 4 11 9 13 16
split_gain=62855.9 16865.3 12770.2 9632.39 8971.08 7090.91 6859.65 6239.78 5810.32 5142.93 5420.24 5307.14 5922.4 6259.68 5729.56 4612 5751.33 4101.5 6017.11 4112.4 3867.95 4361.19 3773.03 3635.25 4050.43 3565.99 5088.32 3549.73 3323.77 2986.73
threshold=9.533333333333335 4.5000000000000009 325.34000000000009 10.500000000000002 300.34000000000009 3.5000000000000004 339.44500000000011 360.16000000000003 21.500000000000004 318.24500000000006 29.202083333333338 39.724853079941902 43.225061852357669 0.9550229469509578 0.90892735371523092 308.23000000000008 35.850000000000009 4.5000000000000009 45.46741229618474 1.0000000180025095e-35 20.850000000000005 38.298102963260213 35.300000000000004 310.28000000000003 301.55000000000001 -0.60355339059327362 341.73000000000008 320.47000000000008 13.508478702830866 374.56196428571434
decision_type=2 2 2 2 2 2 2 2 2 2 2 2 2 2 2 2 2 2 2 2 2 2 2 2 2 2 2 2 2 2
left_child=1 4 17 27 -1 9 15 -4 22 10 23 12 13 14 -11 -6 -17 18 25 -19 21 -7 29 24 28 26 -3 -2 -5 -9
right_child=3 2 7 5 6 20 -8 8 -10 11 -12 -13 -14 -15 -16 16 -18 19 -20 -21 -22 -23 -24 -25 -26 -27 -28 -29 -30 -31
leaf_value=-0.77965181488543756 -0.085796127904219061 0.56067840572522609 0.46340522600751788 -0.098066551699524829 -0.43551703229071637 0.030033148952671108 0.030134667088404257 0.071629783041139455 -0.13521043434074723 0.31939811646534394 -0.27574977882442969 0.58455241485567666 -0.28418485250596598 0.65809035735677879 -0.1528963163016098 -0.16948638620032441 -0.69475629647020942 -0.097051052479901256 -0.55811455702340163 -0.27313680188943235 0.21711731204625717 -0.53961026586281757 0.22131020512878066 -0.068958182887928127 0.68682099399822105 -0.09252389126336126 0.028170569476990728 0.12521087062843267 0.31941493452355574 -0.11878058097040167
leaf_weight=64 297 49 90 63 214 168 331 1292 396 777 63 203 41 126 70 1491 54 900 54 525 217 42 359 84 56 738 531 606 196 245
leaf_count=64 297 49 90 63 214 168 331 1292 396 777 63 203 41 126 70 1491 54 900 54 525 217 42 359 84 56 738 531 606 196 245
internal_value=-1.0313e-10 -0.0789607 -0.0300587 0.192429 -0.196539 0.251008 -0.178683 0.0550201 0.0389841 0.297276 0.155248 0.351193 0.304475 0.32928 0.280366 -0.217977 -0.187845 -0.102514 -0.0408083 -0.161925 0.0690782 -0.0838955 0.0753665 0.2233 0.301235 -0.0196137 0.0731583 0.0558099 0.217865 0.0412781
internal_weight=10342 7333 5179 3009 2154 2106 2090 2382 2292 1679 462 1217 1014 973 847 1759 1545 2797 1372 1425 427 210 1896 399 315 1318 580 903 259 1537
internal_count=10342 7333 5179 3009 2154 2106 2090 2382 2292 1679 462 1217 1014 973 847 1759 1545 2797 1372 1425 427 210 1896 399 315 1318 580 903 259 1537
is_linear=0
shrinkage=0.05


Tree=49
num_leaves=31
num_cat=0
split_feature=11 11 5 9 17 2 6 0 9 14 2 13 9 6 18 18 25 17 25 9 32 9 7 2 24 23 7 6 25 16
split_gain=56941.8 19385.8 15279.8 10680.6 5342.75 6429.81 9150.92 6662.58 5170.82 8492.43 5703.6 4913.58 4780.87 4632.19 6908.74 18179.7 4298.6 4441.35 4057.14 3955.16 3720.23 4611.65 3472.89 5207.61 4064.2 6026.64 3397.22 3285.84 3157.83 3053.02
threshold=382.99000000000007 251.51500000000001 0.60355339059327384 321.37000000000006 46.354287850065255 4.5000000000000009 0.048362692321690152 9.5000000000000018 308.23000000000008 303.91500000000002 3.5000000000000004 9.3323925063245223 334.13500000000005 -0.70291267844185523 317.85000000000008 315.67500000000007 3.3500000000000001 41.239216506224551 -4.7499999999999991 311.07500000000005 5.4276510583374495 343.86000000000007 0.91159213926341531 1.0000000180025095e-35 16.608333333333334 17.252083333333335 0.37247810748448967 0.878110924644389 1.7000000000000004 371.35380952380962
decision_type=2 2 2 2 2 2 2 2 2 2 2 2 2 2 2 2 2 2 2 2 2 2 2 2 2 2 2 2 2 2
left_child=1 -1 3 4 5 6 16 -8 9 -2 13 -5 -4 -10 15 22 17 -3 -16 -9 29 28 23 -15 -25 -26 -17 -20 -22 -13
right_child=8 2 12 11 -6 -7 7 19 10 -11 -12 20 -14 14 18 26 -18 -19 27 -21 21 -23 -24 24 25 -27 -28 -29 -30 -31
leaf_value=-1.1531203380445154 0.25650393859003534 -0.056174929543575718 -0.18912113727268964 0.520035216186581 -0.58685853820956824 -0.16407368660205079 -0.019359691960412557 0.51958064115088853 0.37748466939821756 -0.59336020111475352 0.057695471777771727 0.18947945707519456 -0.044794601567309189 0.55364554432005841 -0.10749080427447144 -0.92950796253979218 -0.63447664351690392 -0.58417682400481263 0.30605349290014816 0.15129976473342241 0.015328983876196495 0.26121054525644366 -0.083663706967914572 0.3972717066859307 -0.43521903778115911 0.15843157581794445 -0.27785381987690927 0.59496210426572826 -0.17028886205982419 -0.0016567589378131454
leaf_weight=41 66 420 2202 58 52 1036 330 126 536 53 468 668 776 104 49 40 42 44 477 173 970 154 103 147 48 391 40 124 300 304
leaf_count=41 66 420 2202 58 52 1036 330 126 536 53 468 668 776 104 49 40 42 44 477 173 970 154 103 147 48 391 40 124 300 304
internal_value=1.80454e-10 -0.0687932 -0.0629856 -0.00661736 -0.0860049 -0.0740084 0.00820093 0.135538 0.200088 -0.122007 0.215256 0.0652973 -0.151513 0.251068 0.206578 0.114688 -0.150089 -0.106244 0.329993 0.306495 0.0542894 0.00281522 0.187159 0.227586 0.169719 0.0935222 -0.603681 0.365662 -0.0285178 0.1297
internal_weight=10342 7696 7655 4677 2223 2171 1135 629 2646 119 2527 2454 2978 2059 1523 873 506 464 650 299 2396 1424 793 690 586 439 80 601 1270 972
internal_count=10342 7696 7655 4677 2223 2171 1135 629 2646 119 2527 2454 2978 2059 1523 873 506 464 650 299 2396 1424 793 690 586 439 80 601 1270 972
is_linear=0
shrinkage=0.05


Tree=50
num_leaves=31
num_cat=0
split_feature=30 9 5 5 0 16 13 13 15 2 9 4 7 2 9 2 15 2 13 13 16 15 18 6 6 19 13 2 18 15
split_gain=51892.2 14312.4 12109.9 8919.86 6687.33 5043.73 4863.79 4771.33 4994.54 4037.06 3483.15 3993.31 4054.33 6705.61 3445.75 3315.84 3290.41 9577.92 11325 3204.53 6326.84 3620.42 7984.5 3840.32 3778.37 3792.75 5866.78 2926.22 5196.13 3543.36
threshold=8.8312500000000025 316.91500000000002 0.25881904510252057 -0.70710678118654757 5.5000000000000009 359.081755952381 10.892110485812649 10.18733216452757 434.15000000000003 3.5000000000000004 341.02500000000003 -0.60355339059327362 -0.98212955754013376 2.5000000000000004 334.13500000000005 3.5000000000000004 352.43500000000006 1.5000000000000002 38.596827527454202 11.555722190545973 369.22538690476193 429.54000000000002 298.83000000000004 0.94138322595482449 0.90892735371523092 427.84000000000003 13.634155048378727 1.5000000000000002 228.29500000000004 344.79000000000002
decision_type=2 2 2 2 2 2 2 2 2 2 2 2 2 2 2 2 2 2 2 2 2 2 2 2 2 2 2 2 2 2
left_child=1 4 15 7 6 27 -1 -2 19 14 11 -4 13 -13 -5 -3 -8 18 -18 20 -9 23 -23 24 25 26 -21 28 -6 -30
right_child=3 2 10 9 5 -7 16 8 -10 -11 -12 12 -14 -15 -16 -17 17 -19 -20 21 -22 22 -24 -25 -26 -27 -28 -29 29 -31
leaf_value=-0.78518246651646939 0.66139354405529582 0.15611155037806967 0.016203252212240279 0.057707128632922322 -0.18519597976826707 -0.32749081808221292 -0.12160056621388154 -0.38865129414832955 0.38455259125653862 -0.11099668861410934 0.032991791118538998 -0.95386878009885556 -0.12535358551861664 -0.12861821348778904 0.2707468496177059 0.021686634804417099 -1.4049782379752114 -0.23499648453434929 -0.24385019636579922 -0.40727152329470429 0.3657862369591991 -0.55485863182693718 0.20816385959275069 0.70843197362763544 -0.18646182624140273 0.36253855705233007 0.20622206715728952 -0.1170315541067541 -0.04590891965975364 0.40367533133415112
leaf_weight=47 66 758 498 703 130 236 270 66 396 248 510 40 1888 64 260 1162 42 384 42 42 48 48 120 42 54 396 540 1058 72 112
leaf_count=47 66 758 498 703 130 236 270 66 396 248 510 40 1888 64 260 1162 42 384 42 42 48 48 120 42 54 396 540 1058 72 112
internal_value=2.08941e-11 -0.072081 -0.0232981 0.174027 -0.172378 -0.113978 -0.292007 0.244056 0.228334 0.0688977 -0.086053 -0.110436 -0.142095 -0.446022 0.115226 0.0747565 -0.260598 -0.340789 -0.824414 0.182713 -0.0709934 0.206 -0.00984257 0.239763 0.220689 0.24317 0.161949 -0.0772512 0.0567857 0.227751
internal_weight=10342 7313 4920 3029 2393 1608 785 1818 1752 1211 3000 2490 1992 104 963 1920 738 468 84 1356 114 1242 168 1074 1032 978 582 1372 314 184
internal_count=10342 7313 4920 3029 2393 1608 785 1818 1752 1211 3000 2490 1992 104 963 1920 738 468 84 1356 114 1242 168 1074 1032 978 582 1372 314 184
is_linear=0
shrinkage=0.05


Tree=51
num_leaves=31
num_cat=0
split_feature=30 9 5 5 0 32 13 13 16 18 16 12 2 2 0 28 9 6 2 11 12 2 19 22 24 10 26 9 9 11
split_gain=46832.7 13068.5 8750.16 8372.21 6813.93 5579.28 4616.88 4371.69 7807.46 3816.9 3498.91 4431.71 3453.34 3425.38 3616.19 3259.25 2967.77 4629.78 8884.97 5022.2 4118.72 2943.02 4169.44 4209.83 3974.89 3367.62 3093.12 2563.93 2523.15 2402.22
threshold=8.8312500000000025 325.34000000000009 0.25881904510252057 -0.5 6.5000000000000009 2.7693637825969741 10.18733216452757 11.783583696410485 368.90068452380962 77.640000000000015 367.21672619047621 344.15020833333341 2.5000000000000004 3.5000000000000004 20.500000000000004 0.022321428571428565 313.02500000000003 0.70290292807158616 3.5000000000000004 302.34500000000008 360.60416666666674 3.5000000000000004 435.44500000000005 24.700000000000003 32.048214285714295 424.31500000000005 0.1041666666666666 334.57500000000005 342.4550000000001 349.76500000000004
decision_type=2 2 2 2 2 2 2 2 2 2 2 2 2 2 2 2 2 2 2 2 2 2 2 2 2 2 2 2 2 2
left_child=1 4 12 5 9 6 -2 8 -8 -1 -4 -12 29 15 -15 -6 17 19 -19 -11 -18 22 25 -24 -25 26 -9 -7 -13 -3
right_child=3 2 10 -5 13 27 7 21 -10 16 11 28 -14 14 -16 -17 20 18 -20 -21 -22 -23 23 24 -26 -27 -28 -29 -30 -31
leaf_value=-0.65099383462220439 0.71497772151773631 0.59250893178509512 0.024931879809467747 -0.00089330340585004392 0.41732388976547458 0.054409363402701277 -0.38718188783686075 0.48026360153257852 0.39008828754226371 0.27828839304654496 -0.49735096772467452 -0.13686524620182206 0.052479855482555994 -0.082293512514306333 -0.27315161204409033 -0.019988547851181544 -0.027518384467343643 -1.1478407716245524 -0.2089874869766867 -0.26901966337651267 -0.24292908165265215 0.14079438491891591 0.30160634171504241 0.82732217585621415 0.36226198873975701 -0.19258909084918827 0.19630722114318999 0.24060429373254572 0.015136194332939341 0.18690834091165223
leaf_weight=48 55 41 750 606 45 640 70 125 60 46 70 860 968 1170 315 801 427 42 63 472 462 312 260 100 85 44 412 260 400 333
leaf_count=48 55 41 750 606 45 640 70 125 60 46 70 860 968 1170 315 801 427 42 63 472 462 312 260 100 85 44 412 260 400 333
internal_value=-5.83447e-11 -0.0684769 0.00279619 0.165326 -0.131159 0.206898 0.265223 0.248372 -0.0284418 -0.21204 -0.0614256 -0.110123 0.102335 -0.0770302 -0.122779 0.00327275 -0.198105 -0.281784 -0.584529 -0.220417 -0.139464 0.275267 0.31616 0.431331 0.613646 0.227948 0.262405 0.108199 -0.0886108 0.231373
internal_weight=10342 7313 3422 3029 3891 2423 1523 1468 130 1560 2080 1330 1342 2331 1485 846 1512 623 105 518 889 1338 1026 445 185 581 537 900 1260 374
internal_count=10342 7313 3422 3029 3891 2423 1523 1468 130 1560 2080 1330 1342 2331 1485 846 1512 623 105 518 889 1338 1026 445 185 581 537 900 1260 374
is_linear=0
shrinkage=0.05


Tree=52
num_leaves=31
num_cat=0
split_feature=5 2 0 4 9 9 2 11 9 16 23 17 25 6 7 11 9 7 13 14 23 15 7 9 6 15 9 18 13 25
split_gain=42534.1 18191.3 8746.44 8611.24 7096.36 6699.64 6271.25 6801 5389.6 5036.53 5014.64 4481.25 5352.02 5524.64 5363.09 4394.66 5688.73 4750.68 3738.64 3442.24 5669.63 3938.16 3856.15 3400.92 3341.89 3268.4 3098.6 5292.92 3079.82 3067.95
threshold=1.0000000180025095e-35 3.5000000000000004 10.500000000000002 -0.60355339059327362 339.44500000000011 312.06500000000005 4.5000000000000009 337.52500000000003 318.24500000000006 344.01889880952382 29.202083333333338 39.724853079941902 -0.60000000000000042 0.9550229469509578 0.91159213926341531 300.34000000000009 308.23000000000008 -0.99761278905001471 10.18733216452757 310.28000000000003 13.464583333333335 345.30500000000006 -0.42179730054635828 338.97000000000008 0.90892735371523092 410.45000000000005 321.37000000000006 154.41500000000005 33.564592187906605 1.0000000180025095e-35
decision_type=2 2 2 2 2 2 2 2 2 2 2 2 2 2 2 2 2 2 2 2 2 2 2 2 2 2 2 2 2 2
left_child=1 2 23 6 15 -3 7 -2 10 -7 19 12 14 24 18 -5 -17 -18 -10 20 21 -4 -22 -1 -14 -19 27 -11 -8 -30
right_child=3 5 8 4 -6 9 28 -9 11 26 -12 -13 13 -15 -16 16 17 25 -20 -21 22 -23 -24 -25 -26 -27 -28 -29 29 -31
leaf_value=0.0181988984988403 0.65350039665188109 -0.16418703585112282 -0.44371966570615773 -0.55399249541676709 0.018970243625753971 0.41885821000185042 -0.078071539410039026 0.04811767594720058 0.63669015698134901 -0.58798966822214427 -0.27830443897271634 0.49243699988350276 0.32717582102323994 0.69511969493081172 -0.42894995495676991 -0.33564068093046284 -0.64345840901964246 -0.067895395345448584 0.1291775731063779 -0.097556536626264775 0.091669649388641125 0.15462360193063929 0.51343729729276333 0.26305516114415128 -0.054793264518957586 -0.17691746703329406 0.063191864658838318 -0.031094626596313901 -0.72735984375079477 -0.15757882087318986
leaf_weight=808 49 516 40 72 603 84 276 872 40 48 72 240 544 96 40 399 45 1300 391 96 80 88 168 172 64 1459 1200 384 42 54
leaf_count=808 49 516 40 72 603 84 276 872 40 48 72 240 544 96 40 399 45 1300 391 96 80 88 168 172 64 1459 1200 384 42 54
internal_value=-5.50634e-11 0.1014 0.183126 -0.1014 -0.138657 -0.00621417 0.0103434 0.0803259 0.244133 0.0412882 0.110378 0.295556 0.255342 0.342626 0.124879 -0.167679 -0.158996 -0.13386 0.176279 0.169669 0.237897 -0.0323587 0.377383 0.0611737 0.286969 -0.125548 0.0218544 -0.0929719 -0.16292 -0.406858
internal_weight=10342 5171 2939 5171 3878 2232 1293 921 1959 1716 544 1415 1175 704 471 3275 3203 2804 431 472 376 128 248 980 608 2759 1632 432 372 96
internal_count=10342 5171 2939 5171 3878 2232 1293 921 1959 1716 544 1415 1175 704 471 3275 3203 2804 431 472 376 128 248 980 608 2759 1632 432 372 96
is_linear=0
shrinkage=0.05


Tree=53
num_leaves=31
num_cat=0
split_feature=5 4 2 2 9 11 22 9 9 9 11 16 6 6 6 2 13 9 18 9 16 16 17 6 6 17 9 18 16 6
split_gain=38638.4 13556.5 11484.3 9196.69 8733.72 7278.27 6193.13 6643.63 5361.81 4802.01 4717.61 4688.65 3962.86 4920.31 4382.55 3942.23 3514.42 4212.66 3408.41 3330.92 3280.92 3210.65 2816.92 3011.1 4900.54 2697.03 2665.87 2611.67 2593.16 2492.16
threshold=-0.5 -0.60355339059327362 3.5000000000000004 3.5000000000000004 336.53000000000003 338.10500000000008 35.850000000000009 316.67500000000007 318.24500000000006 311.61500000000007 300.34000000000009 360.80937500000005 -0.73866753694953124 0.9550229469509578 0.90892735371523092 1.0000000180025095e-35 29.301221179298651 334.60500000000008 305.55500000000001 298.98500000000007 370.88949404761911 343.82065476190479 42.04441352259056 0.048362692321690152 -0.59869031648930193 35.791804386842912 334.13500000000005 83.830000000000013 359.91898809523815 0.99761913169647187
decision_type=2 2 2 2 2 2 2 2 2 2 2 2 2 2 2 2 2 2 2 2 2 2 2 2 2 2 2 2 2 2
left_child=2 3 8 5 6 -2 7 10 11 18 -3 22 16 14 -14 -9 -10 -18 -4 -12 -6 -11 23 24 -1 -25 -7 -23 -21 -15
right_child=1 4 9 -5 20 26 -8 15 12 21 19 -13 13 29 -16 -17 17 -19 -20 28 -22 27 -24 25 -26 -27 -28 -29 -30 -31
leaf_value=0.44189763131241011 0.75705840460617435 -0.74319254187650463 -0.076879913153890006 -0.0829013251097903 0.14376480263504923 0.055929509033989647 -0.59356994169413457 0.088663932328620423 0.78363827521513618 0.48010860862365617 -0.63886834958737548 -0.38904522005080561 0.21344896447908887 0.61011107362605432 -0.17322833583690228 -0.11290407918139389 0.2489221596597837 0.76857825567324956 -0.56943734722211958 -0.16924092448457626 -0.049546136518081582 -0.27029882666787935 -0.27383691977709529 0.48262803797454884 -0.14574193913106095 0.15316627035129138 0.22429454509329833 0.080094503829560848 -0.38153389851386293 0.14979582654312254
leaf_weight=48 44 43 288 930 341 857 77 275 56 48 44 48 872 111 80 2057 208 48 40 1122 616 56 40 96 136 176 324 1056 165 40
leaf_count=48 44 43 288 930 341 857 77 275 56 48 44 48 872 111 80 2057 208 48 40 1122 616 56 40 96 136 176 324 1056 165 40
internal_value=2.44646e-10 -0.068333 0.136686 0.0356452 -0.115606 0.125644 -0.149742 -0.140521 0.216226 0.0319687 -0.227736 0.0828163 0.267516 0.223013 0.180955 -0.0891343 0.424844 0.346358 -0.136948 -0.211083 0.0193348 0.0797313 0.12848 0.163771 0.00755534 0.269447 0.102119 0.0624488 -0.196458 0.488173
internal_weight=10342 6895 3447 2155 4740 1225 3783 3706 1959 1488 1374 544 1415 1103 952 2332 312 256 328 1331 957 1160 496 456 184 272 1181 1112 1287 151
internal_count=10342 6895 3447 2155 4740 1225 3783 3706 1959 1488 1374 544 1415 1103 952 2332 312 256 328 1331 957 1160 496 456 184 272 1181 1112 1287 151
is_linear=0
shrinkage=0.05


Tree=54
num_leaves=31
num_cat=0
split_feature=5 2 0 32 9 22 13 9 9 2 13 13 16 16 13 25 12 18 9 7 16 11 9 27 15 9 18 18 2 11
split_gain=35364.8 14979.3 7315.87 7173.93 6194.53 6387.44 11896.4 5544.12 5306 5120.44 4796.85 6507.95 9690.22 13857.1 5359.44 6654.55 4978.65 4474.71 4404.95 4363.31 4265.22 3715.95 2933.14 2855.99 3396.77 2740.19 4628.48 2550.51 2545.89 2542.24
threshold=1.0000000180025095e-35 3.5000000000000004 10.500000000000002 -9.1915624949774912 339.44500000000011 35.850000000000009 26.044170580594532 312.06500000000005 316.67500000000007 3.5000000000000004 10.18733216452757 12.419043150453344 368.90068452380962 359.83952380952383 14.654842499119573 0.54999999999999905 358.61270833333339 306.19500000000005 316.19500000000005 0.94909129669788206 344.01889880952382 302.34500000000008 338.97000000000008 5.0875000000000012 358.93000000000006 321.37000000000006 154.41500000000005 305.55500000000001 1.0000000180025095e-35 330.40500000000003
decision_type=2 2 2 2 2 2 2 2 2 2 2 2 2 2 2 2 2 2 2 2 2 2 2 2 2 2 2 2 2 2
left_child=1 2 22 9 5 8 -7 27 18 29 -4 12 13 19 15 -13 17 23 -5 -12 -9 -10 -1 24 -16 26 -22 -3 -23 -2
right_child=3 7 10 4 -6 6 -8 20 21 -11 11 14 -14 -15 16 -17 -18 -19 -20 -21 25 28 -24 -25 -26 -27 -28 -29 -30 -31
leaf_value=0.015176862393192356 0.43014314606358922 -0.10857485346690131 0.58318298875608232 -0.20959995537376447 0.02711952344663697 -1.1755201394128245 -0.035956337470181135 0.38547800253367143 0.38208053085952998 -0.10672162488410125 0.26838396770286232 1.09392879486084 0.3511095230467618 -0.97962785012399167 0.59172592156877124 0.28958438449642726 0.27339986130340049 -0.38558463267982007 -0.66474539029545021 -0.38293037243187428 -0.55075109285147239 0.06487517963792315 0.24257126713907998 -0.11764226253779436 0.12672081640479588 0.059009233254240824 -0.029982217199813022 -0.45535173087070391 -0.12528509974659233 0.055974903467241759
leaf_weight=808 48 456 88 1048 528 43 49 84 40 673 72 40 104 48 48 72 1095 48 56 40 48 197 172 88 216 1200 384 60 1652 837
leaf_count=808 48 456 88 1048 528 43 49 84 40 673 72 40 104 48 48 72 1095 48 56 40 48 197 172 88 216 1200 384 60 1652 837
internal_value=1.29989e-10 0.0924598 0.166621 -0.0924598 -0.131133 -0.158218 -0.568579 -0.00519231 -0.145604 -0.0027765 0.222416 0.205448 -0.0246224 -0.268848 0.243245 0.57685 0.218252 0.0672849 -0.232687 0.0357717 0.0380198 -0.0947101 0.0550869 0.12904 0.211267 0.0201359 -0.0878454 -0.148898 -0.105025 0.0762688
internal_weight=10342 5171 2939 5171 3613 3085 92 2232 2993 1558 1959 1871 264 160 1607 112 1495 400 1104 112 1716 1889 980 352 264 1632 432 516 1849 885
internal_count=10342 5171 2939 5171 3613 3085 92 2232 2993 1558 1959 1871 264 160 1607 112 1495 400 1104 112 1716 1889 980 352 264 1632 432 516 1849 885
is_linear=0
shrinkage=0.05


Tree=55
num_leaves=31
num_cat=0
split_feature=5 4 2 2 9 11 22 9 9 11 13 25 14 25 11 9 17 6 6 9 2 28 16 18 12 12 18 14 2 15
split_gain=32227.8 11167 9293.95 7534.09 7225.44 6506.13 5053.9 5460.69 4526.74 4208.74 4194.22 8776.69 5539.52 4305.31 4206.72 3949.33 3511.04 4106.05 3900.51 3296.28 3276.15 3205.27 2972.14 2852.35 2825.94 5879.87 2817.86 2797.74 2747.32 2739.97
threshold=-0.5 -0.60355339059327362 3.5000000000000004 3.5000000000000004 336.53000000000003 338.10500000000008 35.850000000000009 316.67500000000007 318.24500000000006 300.34000000000009 13.021684273779085 -1.0999999999999999 310.28000000000003 1.6000000000000003 409.87500000000006 311.61500000000007 39.724853079941902 0.9550229469509578 0.90892735371523092 308.23000000000008 1.0000000180025095e-35 0.066666666666666624 369.59687500000001 305.55500000000001 342.59229166666677 349.4656250000001 304.82500000000005 303.91500000000002 4.5000000000000009 404.95000000000005
decision_type=2 2 2 2 2 2 2 2 2 2 2 2 2 2 2 2 2 2 2 2 2 2 2 2 2 2 2 2 2 2
left_child=2 3 8 5 6 -2 7 9 10 -3 11 -1 13 -12 -13 23 17 18 21 24 -9 -10 -6 -4 27 -26 -14 -11 -29 -21
right_child=1 4 15 -5 22 -7 -8 20 16 19 12 14 26 -15 -16 -17 -18 -19 -20 29 -22 -23 -24 -25 25 -27 -28 28 -30 -31
leaf_value=-0.78490847419947396 0.71040453858334907 -0.69396519605503526 -0.067607175611677436 -0.075333823070971556 0.14533199079383116 0.091180058207615239 -0.5372952146286315 0.0806397594511509 -0.16645043480343052 -0.14111861244869209 0.42475576993204989 -0.20736437232544025 0.059157093379846107 0.036362902491043007 0.40706714506332697 0.073944816149185119 0.41778380609359983 0.45132013253855291 -0.16318810406140982 -0.06158268084668133 -0.10311260100619463 0.22357042640337199 -0.043277170141127093 -0.51819790802896026 -0.95907746255397797 -0.13198871963790484 -0.49030990704894067 -0.68213332148975336 -0.23471375035920314 -0.24731318061663346
leaf_weight=40 44 43 288 930 308 1181 77 275 56 258 176 60 56 120 52 1160 240 151 80 526 2057 888 649 40 44 42 40 58 84 319
leaf_count=40 44 43 288 930 308 1181 77 275 56 258 176 60 56 120 52 1160 240 151 80 526 2057 888 649 40 44 42 40 58 84 319
internal_value=5.96234e-11 -0.0624074 0.124833 0.0319633 -0.105312 0.113422 -0.136361 -0.128031 0.196387 -0.207101 0.0738056 -0.149149 0.160258 0.267299 0.0779074 0.0306298 0.243514 0.207918 0.172026 -0.191372 -0.0814437 0.200434 0.0174246 -0.122557 -0.295126 -0.55515 -0.169787 -0.239221 -0.417463 -0.131699
internal_weight=10342 6895 3447 2155 4740 1225 3783 3706 1959 1374 544 152 392 296 112 1488 1415 1175 1024 1331 2332 944 957 328 486 86 96 400 142 845
internal_count=10342 6895 3447 2155 4740 1225 3783 3706 1959 1374 544 152 392 296 112 1488 1415 1175 1024 1331 2332 944 957 328 486 86 96 400 142 845
is_linear=0
shrinkage=0.05


Tree=56
num_leaves=31
num_cat=0
split_feature=5 2 9 16 32 9 17 9 32 2 16 14 23 29 6 25 17 24 6 12 7 6 9 9 9 15 13 11 17 12
split_gain=29404.9 12355.3 6219.38 5907.13 5898.49 5331.54 4895.4 4595.12 4417.96 4232.15 3846.02 3765.98 5177.84 4457.91 3465.57 3453.41 4816.93 4533.02 3380.47 3291.94 3286.53 4803.15 3382.9 4189.26 3172.12 2669.25 7303.62 5216.67 2652.13 5985.72
threshold=1.0000000180025095e-35 3.5000000000000004 318.24500000000006 360.80937500000005 -9.1915624949774912 341.02500000000003 42.04441352259056 312.06500000000005 4.0763999603647045 3.5000000000000004 344.01889880952382 310.28000000000003 13.464583333333335 4.4139880952380954 0.082691702092476851 -0.60000000000000042 39.724853079941902 14.495535714285717 0.9550229469509578 339.53000000000003 -0.98212955754013376 -0.048361574224334618 316.67500000000007 315.98000000000008 332.47000000000008 352.43500000000006 16.299266582126045 302.34500000000008 41.866300447412648 377.18395833333341
decision_type=2 2 2 2 2 2 2 2 2 2 2 2 2 2 2 2 2 2 2 2 2 2 2 2 2 2 2 2 2 2
left_child=1 2 3 6 9 20 11 -3 15 -2 -9 12 13 -1 -13 16 17 -4 19 -17 21 -6 23 25 -21 27 -27 -22 -12 -30
right_child=4 7 8 -5 5 -7 -8 10 -10 -11 28 14 -14 -15 -16 18 -18 -19 -20 24 22 -23 -24 -25 -26 26 -28 -29 29 -31
leaf_value=-0.45987801076844337 0.068874032573069385 -0.13520702042115146 -0.42208061635494237 -0.3981053414444129 -0.77464070218254122 0.052523861179578857 -0.35684991553425793 0.36490446591661096 0.10883198070309325 -0.097488414930708353 0.033915092103355464 -0.46925909467972815 0.27713368799229482 0.096518692019809449 0.079221215694107949 0.70464964387091733 0.48185957615734432 0.13736553447795252 0.6230941617772694 0.16267204061664431 0.40823345966637137 -0.059168654316001469 -0.093117403957952052 -0.56525395212543983 0.39120518012425387 -0.88971712360294863 -0.19795077390393073 -0.14304062241389429 -0.631790837024649 0.1578369374697407
leaf_weight=48 885 516 40 72 49 401 60 84 854 673 1536 48 372 144 72 44 93 382 84 367 48 45 2000 74 259 41 550 405 48 48
leaf_count=48 885 516 40 72 49 401 60 84 854 673 1536 48 372 144 72 44 93 382 84 367 48 45 2000 74 259 41 550 405 48 48
internal_value=-4.98272e-11 0.0843097 0.151663 0.0343421 -0.0843097 -0.119377 0.0761919 -0.00437771 0.196756 -0.00298857 0.0349626 0.114178 0.168295 -0.0425805 -0.140171 0.255926 0.156123 0.0843375 0.324095 0.286608 -0.140838 -0.432127 -0.132056 -0.201714 0.257225 -0.175946 -0.245941 -0.0846275 0.0179803 -0.236977
internal_weight=10342 5171 2939 816 5171 3613 744 2232 2123 1558 1716 684 564 192 120 1269 515 422 754 670 3212 94 3118 1118 626 1044 591 453 1632 96
internal_count=10342 5171 2939 816 5171 3613 744 2232 2123 1558 1716 684 564 192 120 1269 515 422 754 670 3212 94 3118 1118 626 1044 591 453 1632 96
is_linear=0
shrinkage=0.05


Tree=57
num_leaves=31
num_cat=0
split_feature=5 4 2 9 2 11 7 9 14 6 18 18 9 11 2 0 17 9 10 9 32 12 7 26 13 14 18 32 9 13
split_gain=26989.9 9286.83 7552.81 5991.35 4725.45 5716.07 4251.84 3982 9730.13 4027.35 4055.72 8306.71 3877.29 3760.94 3974.99 4905.46 3845.54 3538.33 3333.68 3251.04 3124.22 2654.01 4299.04 4232.96 4046.76 2753.13 2574.25 2537.82 2537.57 2809.01
threshold=-0.5 -0.78656609248549292 3.5000000000000004 339.44500000000011 3.5000000000000004 342.50500000000005 -0.99761278905001471 308.23000000000008 303.91500000000002 -0.70291267844185523 317.85000000000008 315.67500000000007 298.98500000000007 300.34000000000009 4.5000000000000009 3.5000000000000004 45.46741229618474 304.92500000000001 424.31500000000005 311.61500000000007 22.180511442014751 356.69958333333346 0.80798785254895478 0.14791666666666656 16.057754606294552 311.54500000000002 305.55500000000001 3.7916990107519317 326.38500000000005 11.783583696410485
decision_type=2 2 2 2 2 2 2 2 2 2 2 2 2 2 2 2 2 2 2 2 2 2 2 2 2 2 2 2 2 2
left_child=2 4 7 6 5 -2 -3 8 17 -9 11 18 -8 -14 15 -15 -17 -1 21 26 -5 22 24 -24 -11 -23 -4 -21 29 -7
right_child=1 3 19 20 -6 28 12 9 -10 10 -12 -13 13 14 -16 16 -18 -19 -20 27 -22 25 23 -25 -26 -27 -28 -29 -30 -31
leaf_value=-0.015867657576584156 0.68617981672286987 -0.53171219970099626 -0.057466465604051747 -0.033324434920145633 -0.051619361966528547 -0.28666641612482419 -0.5547557357077797 0.33909104824221381 -0.59236450175355582 0.46665739386596466 0.27917305008642229 -0.49157702317461371 -0.45864758942633466 -0.15798886193651154 -0.17010146045166799 -0.0083250189257826034 -0.46611033752486314 0.53834084464857979 -0.18109674062331518 0.12402128731427041 0.17738429789932875 0.40651602217874361 0.12505182784207136 -0.45001365309581165 0.044525219863280653 0.14131018729997918 -0.48552764877676968 -0.030101489902019492 0.1763366334561817 0.059505565681951644
leaf_weight=72 42 60 288 544 744 68 48 408 56 88 471 56 73 944 1279 1916 47 48 75 743 260 175 64 64 160 222 40 417 446 424
leaf_count=72 42 60 288 544 744 68 48 408 56 88 471 56 73 944 1279 1916 47 48 75 743 260 175 64 64 160 222 40 417 446 424
internal_value=1.01333e-10 -0.0571113 0.114239 -0.0906169 0.0433863 0.115513 -0.11371 0.178743 -0.0481507 0.20114 0.160206 0.0982223 -0.107887 -0.102851 -0.0966458 -0.0643273 -0.0192857 0.205816 0.137171 0.0293172 0.0348152 0.168051 0.0728519 -0.162481 0.194314 0.258215 -0.109669 0.0686168 0.0899607 0.0116607
internal_weight=10342 6895 3447 5171 1724 980 4367 1959 176 1783 1375 904 4307 4259 4186 2907 1963 120 848 1488 804 773 376 128 248 397 328 1160 938 492
internal_count=10342 6895 3447 5171 1724 980 4367 1959 176 1783 1375 904 4307 4259 4186 2907 1963 120 848 1488 804 773 376 128 248 397 328 1160 938 492
is_linear=0
shrinkage=0.05


Tree=58
num_leaves=31
num_cat=0
split_feature=5 2 32 11 9 24 9 16 17 9 6 29 6 19 6 13 28 9 5 15 15 11 11 25 9 13 13 6 22 9
split_gain=24405.5 11613.4 6273.47 4775.96 4638.33 5215.99 4371.16 5195.97 4488.04 3801.54 3624.12 3765.5 5897.93 4288.58 5112.96 3569.97 3459.48 3270.68 3137.91 3127.19 3122.29 4330.92 3650.84 2972.89 4641.1 2927.32 4041.14 17775.1 2952.12 2874.71
threshold=0.25881904510252057 3.5000000000000004 7.542418339362631 342.50500000000005 334.13500000000005 34.260416666666671 311.61500000000007 341.01913690476198 43.364923875081082 316.91500000000002 -0.69057362043749781 0.55386904761904765 0.048362692321690152 421.23000000000008 0.31799963745711152 10.71449692572833 5.3080357142857153 338.97000000000008 -0.70710678118654757 401.93000000000006 352.43500000000006 304.92000000000002 302.34500000000008 -0.50000000000000167 335.92000000000002 10.607254350858371 12.386566716141798 0.048362692321690152 34.70000000000001 310.04000000000002
decision_type=2 2 2 2 2 2 2 2 2 2 2 2 2 2 2 2 2 2 2 2 2 2 2 2 2 2 2 2 2 2
left_child=1 2 3 -1 5 10 -3 -8 18 15 19 16 -13 -14 -15 -2 -12 -4 -9 -5 22 -22 -17 24 -6 -11 27 -27 -28 -23
right_child=9 6 17 4 23 -7 7 8 -10 25 11 12 13 14 -16 20 -18 -19 -20 -21 21 29 -24 -25 -26 26 28 -29 -30 -31
leaf_value=0.6276863201668389 -0.54204996026168439 -0.13651911378419057 -0.0042790393055942436 0.49520933355337809 0.54553752635621422 -0.32186129263136537 0.57010410186790283 0.092478195308513353 -0.50324511726697285 0.17220471765846015 -0.31053974464949641 -0.057776948822359758 0.52560546199016478 -0.26905513738788533 0.23649588374777097 0.38601606898837626 0.050973057512007661 0.20411797061177164 -0.035821709902926456 0.17954686212687548 -0.67066543747452989 -0.33181276095454537 -0.08758694212270135 0.39116838693438521 0.037233136952953771 -1.0988815157711507 -0.075663504069299503 0.023200335719933116 0.079987265858799228 -0.11280564737139381
leaf_weight=57 59 574 999 112 59 64 42 834 42 130 90 234 107 57 408 45 250 232 1112 262 47 210 425 310 188 50 2350 120 350 523
leaf_count=57 59 574 999 112 59 64 42 834 42 130 90 234 107 57 408 45 250 232 1112 262 47 210 425 310 188 50 2350 120 350 523
internal_value=-1.1243e-10 0.0649132 0.125367 0.175979 0.163953 0.120312 -0.0146931 0.0197543 0.00812715 -0.0908845 0.13893 0.0948245 0.15369 0.240199 0.174525 -0.161982 -0.0447215 0.0349964 0.019164 0.274077 -0.144042 -0.205384 -0.042242 0.288059 0.15865 -0.0598624 -0.0703741 -0.306824 -0.0554866 -0.17555
internal_weight=10342 6033 3429 2198 2141 1584 2604 2030 1988 4309 1520 1146 806 572 465 1309 340 1231 1946 374 1250 780 470 557 247 3000 2870 170 2700 733
internal_count=10342 6033 3429 2198 2141 1584 2604 2030 1988 4309 1520 1146 806 572 465 1309 340 1231 1946 374 1250 780 470 557 247 3000 2870 170 2700 733
is_linear=0
shrinkage=0.05


Tree=59
num_leaves=31
num_cat=0
split_feature=5 4 2 9 2 11 7 9 14 6 6 13 11 9 9 6 32 12 12 9 25 25 30 32 13 12 9 22 13 2
split_gain=22469.9 7827.75 6240.14 5182.73 5125.37 5560.51 3804.56 3569.95 8562.1 3472.04 3387.18 4182.76 3369.13 4511.27 3059.74 2859.22 2791.41 2748.58 5223.96 2691.88 4306.24 5016.67 3357.85 2451.34 2448.4 3119.04 2460.16 4108.83 2390.26 2193.73
threshold=-0.5 -0.60355339059327362 3.5000000000000004 339.44500000000011 3.5000000000000004 338.10500000000008 -0.99761278905001471 308.23000000000008 303.91500000000002 -0.70291267844185523 0.048362692321690152 43.417644145584383 300.34000000000009 308.23000000000008 304.92500000000001 -0.065535378769913874 22.180511442014751 342.59229166666677 349.4656250000001 323.54500000000002 1.1000000000000008 -1.0999999999999985 15.339583333333335 3.968876168236715e-15 35.668193136313135 335.96125000000012 332.37500000000006 18.600000000000005 13.021684273779085 2.5000000000000004
decision_type=2 2 2 2 2 2 2 2 2 2 2 2 2 2 2 2 2 2 2 2 2 2 2 2 2 2 2 2 2 2
left_child=2 4 7 6 5 -2 -3 8 14 -9 15 24 -8 17 -1 29 -5 28 -19 20 21 -4 -23 -22 25 -12 27 -27 -14 -11
right_child=1 3 19 16 -6 -7 12 9 -10 10 11 -13 13 -15 -16 -17 -18 18 -20 -21 23 22 -24 -25 -26 26 -28 -29 -30 -31
leaf_value=-0.019878075988445848 0.64598430815068164 -0.52345288900997156 0.023346236301987466 -0.038024980919650342 -0.061597633956360726 0.073525546217446877 -0.443607807573345 0.31216085453220421 -0.56247281418847184 0.15603929222936952 0.52530687953500699 -0.17042460966234407 -0.34253905883156943 -0.077776870906644438 0.49548852741718297 -0.3077760865246611 0.1656180994232723 -0.87706657499074936 -0.097473164044675376 0.095757820272682606 0.21389318966075122 -0.21751770406315868 -0.72502404659986497 -0.074640504485230991 0.30873025986511821 -0.3486504200380296 0.24017023452377712 0.12214119932392525 -0.092408939775673798 -0.12546118280539911
leaf_weight=72 44 55 232 477 930 1181 72 408 56 248 48 72 152 3381 48 56 260 44 42 728 193 176 40 119 447 64 176 168 257 96
leaf_count=72 44 55 232 477 930 1181 72 408 56 248 48 72 152 3381 48 56 260 44 42 728 193 176 40 119 447 64 176 168 257 96
internal_value=-1.06872e-10 -0.0521101 0.104235 -0.0880317 0.0269008 0.0940873 -0.110465 0.162867 -0.0519673 0.184073 0.146066 0.196331 -0.104712 -0.0984168 0.186269 0.023545 0.0338165 -0.239394 -0.496335 0.0270451 -0.0387745 -0.138098 -0.3115 0.103843 0.225574 0.144059 0.099206 -0.00773235 -0.185367 0.077481
internal_weight=10342 6895 3447 4740 2155 1225 4003 1959 176 1783 1375 975 3948 3876 120 400 737 495 86 1488 760 448 216 312 903 456 408 232 409 344
internal_count=10342 6895 3447 4740 2155 1225 4003 1959 176 1783 1375 975 3948 3876 120 400 737 495 86 1488 760 448 216 312 903 456 408 232 409 344
is_linear=0
shrinkage=0.05


Tree=60
num_leaves=31
num_cat=0
split_feature=5 2 0 11 9 14 9 25 13 13 7 22 18 9 9 17 31 24 13 13 6 16 25 9 12 9 32 14 13 16
split_gain=20321.3 9616.07 5209.8 4349.59 4387.21 9748.09 3819.09 3886.15 3418.4 5654.21 19111.1 5006.42 3284.87 3263.63 3337.97 3939.78 3255.53 5679.94 3239.16 4683.68 3229.9 2728.22 2659.22 4206.19 2621.66 2538.97 2344.71 2294.34 2255.82 2255.81
threshold=0.25881904510252057 3.5000000000000004 10.500000000000002 342.50500000000005 308.23000000000008 303.91500000000002 331.24000000000007 1.2000000000000013 10.322301615318512 12.273067053899736 -0.61236746317008228 35.300000000000004 228.29500000000004 309.46000000000009 334.13500000000005 38.510675973285949 0.9604166666666667 23.745238095238101 10.18733216452757 11.707351713503803 0.17646842360078763 367.21672619047621 -0.50000000000000167 335.92000000000002 322.31208333333342 336.02500000000003 2.7693637825969741 340.31000000000006 40.170921814458886 347.97645833333343
decision_type=2 2 2 2 2 2 2 2 2 2 2 2 2 2 2 2 2 2 2 2 2 2 2 2 2 2 2 2 2 2
left_child=1 2 25 -4 5 12 7 16 -2 10 -10 -11 -5 -6 15 18 -3 -18 -15 -20 -13 -8 23 -16 -12 -1 -9 -24 -27 -17
right_child=8 6 3 4 13 -7 21 26 9 11 24 20 -14 14 22 29 17 -19 19 -21 -22 -23 27 -25 -26 28 -28 -29 -30 -31
leaf_value=-0.007153531926438997 0.1600897609256208 -0.082825807323854181 0.59127892986136055 -0.20455239564180375 0.59140213393502772 -0.64948731382135994 0.20634610708172718 0.13540677804781751 -1.0278036414308178 -0.09071958564498557 -0.40452653643985592 0.046386884298047118 0.33172585788018566 0.42173418016345415 0.49770129138515112 0.0079906105919919836 -0.84275818795897062 -0.073563397003648182 -0.35134955885280905 0.062581126279859386 0.48151793652772912 0.013367387396600226 0.41651987347390451 0.028637614350464909 -0.03648761801570654 0.09376406548502432 -0.066453657287777787 0.059277973393047301 0.45177478849887848 0.27271696680532714
leaf_weight=950 140 1062 57 43 45 54 266 337 69 3450 60 290 85 54 63 99 40 60 76 678 50 588 268 198 250 220 251 54 55 430
leaf_count=950 140 1062 57 43 45 54 266 337 69 3450 60 290 85 54 63 99 40 60 76 678 50 588 268 198 250 220 251 54 55 430
internal_value=-6.8354e-11 0.0592332 0.114243 0.16019 0.148745 -0.0861064 -0.0132046 -0.0555045 -0.082932 -0.0910929 -0.275229 -0.0726793 0.15157 0.170497 0.160632 0.117098 -0.108507 -0.381241 0.0476499 0.0208587 0.110377 0.0734755 0.26047 0.14186 -0.107721 0.0315754 0.0492385 0.35661 0.165366 0.223175
internal_weight=10342 6033 3429 2204 2147 182 2604 1750 4309 4169 379 3790 128 1965 1920 1337 1162 100 808 754 340 854 583 261 310 1225 588 322 275 529
internal_count=10342 6033 3429 2204 2147 182 2604 1750 4309 4169 379 3790 128 1965 1920 1337 1162 100 808 754 340 854 583 261 310 1225 588 322 275 529
is_linear=0
shrinkage=0.05


Tree=61
num_leaves=31
num_cat=0
split_feature=5 9 2 16 16 11 15 32 9 14 6 18 18 10 7 15 0 9 9 7 2 6 9 9 15 14 22 17 17 2
split_gain=18969.2 7037.97 5031.77 4620.92 7980.22 4617.91 3730.77 3483.1 2979.86 7217.06 3055.5 2834.14 7040.51 3920.96 2802.73 2744.6 3018.85 2691.53 2534.27 2611.54 9967.25 17617.6 2443.22 2431.03 2700.45 2371.55 2355.76 2814.27 5821.94 2307.75
threshold=-0.5 325.34000000000009 3.5000000000000004 367.21672619047621 367.77556547619054 356.00000000000006 432.38500000000005 -9.1915624949774912 308.23000000000008 303.91500000000002 -0.73866753694953124 317.85000000000008 315.67500000000007 428.59000000000003 -0.21862536810265826 363.59500000000008 7.5000000000000009 304.92500000000001 298.98500000000007 -0.074115882986646633 1.0000000180025095e-35 0.61237135649459018 311.61500000000007 334.60500000000008 401.93000000000006 312.20000000000005 10.850000000000001 35.573827685932869 34.127988426181091 1.0000000180025095e-35
decision_type=2 2 2 2 2 2 2 2 2 2 2 2 2 2 2 2 2 2 2 2 2 2 2 2 2 2 2 2 2 2
left_child=2 6 8 15 -5 -6 7 -2 9 17 23 12 13 26 -8 16 -3 -1 -9 20 21 -20 -4 24 25 -10 -12 28 -28 -7
right_child=1 3 22 4 5 29 14 18 10 -11 11 -13 -14 -15 -16 -17 -18 -19 19 -21 -22 -23 -24 -25 -26 -27 27 -29 -30 -31
leaf_value=-0.02247674945327971 -0.014735452209069612 0.058663234831765304 -0.094030157592440045 -0.67721047345548868 -0.092963160063621736 0.24722639412536998 -0.059672560822218661 -0.48935230975241767 0.17475851481780411 -0.51655094397387336 0.39079613722860818 0.23399683413117525 -0.45998202640829344 -0.36544028967618947 -0.54295425424817956 0.062667738810123413 0.67295626991428437 0.46088654897951831 0.0048195266221859019 -0.082852795998850037 -0.11281983615502854 -1.335969552853886 0.060526133270970353 0.62675541949768865 0.15348885916810731 0.67883680016467618 0.08056519069034225 0.19024021888632581 -0.56841365940868849 0.024580735554907109
leaf_weight=72 1127 40 328 48 1137 136 48 46 40 56 85 471 56 40 80 1120 40 48 49 1682 486 49 1160 48 232 56 254 461 40 807
leaf_count=72 1127 40 328 48 1137 136 48 46 40 56 85 471 56 40 80 1120 40 48 49 1682 486 49 1160 48 232 56 254 461 40 807
internal_value=1.88643e-11 -0.047879 0.095772 0.00441913 -0.0398241 -0.0251152 -0.0966731 -0.0868079 0.148421 -0.0478558 0.167796 0.13396 0.0836205 0.118213 -0.361724 0.0828772 0.36581 0.170869 -0.12194 -0.114482 -0.205577 -0.665575 0.0264573 0.294412 0.245776 0.468804 0.141245 0.113149 -0.00773125 0.0566908
internal_weight=10342 6895 3447 3328 2128 2080 3567 3439 1959 176 1783 1407 936 880 128 1200 80 120 2312 2266 584 98 1488 376 328 96 840 755 294 943
internal_count=10342 6895 3447 3328 2128 2080 3567 3439 1959 176 1783 1407 936 880 128 1200 80 120 2312 2266 584 98 1488 376 328 96 840 755 294 943
is_linear=0
shrinkage=0.05


Tree=62
num_leaves=31
num_cat=0
split_feature=5 9 7 0 2 0 17 13 18 12 13 28 23 23 12 32 7 30 7 15 18 18 9 32 12 9 9 14 2 15
split_gain=17119.7 6515.12 5613.31 4827.66 3609 6433.45 5396.36 4510.99 16295.2 3092.17 4223.9 2864.39 3030.47 3758.17 2930.82 2778.13 2657.26 2573.48 5351.82 3498.46 2542.88 3922.08 3278.27 2277.18 2199.34 2185.38 2159.01 2120.4 2087.22 2050.88
threshold=-0.5 332.37500000000006 -0.99761278905001471 11.500000000000002 4.5000000000000009 3.5000000000000004 45.46741229618474 12.865384578260773 302.09000000000009 363.12312500000013 10.18733216452757 0.022321428571428565 32.593750000000007 31.947916666666668 365.62208333333336 -19.528071484090031 0.89691351184655443 21.452083333333334 -0.30982845708428081 361.99500000000006 305.55500000000001 306.8250000000001 323.12000000000006 -2.7688245762530128 356.05895833333335 336.53000000000003 310.25500000000005 328.08500000000004 1.5000000000000002 340.62500000000006
decision_type=2 2 2 2 2 2 2 2 2 2 2 2 2 2 2 2 2 2 2 2 2 2 2 2 2 2 2 2 2 2
left_child=3 2 -2 25 5 7 11 8 -4 10 -5 23 13 27 -14 -3 -17 20 19 -19 22 -22 -12 -7 26 -1 -6 29 -27 -13
right_child=1 15 4 9 24 6 -8 -9 -10 -11 17 12 14 -15 -16 16 -18 18 -20 -21 21 -23 -24 -25 -26 28 -28 -29 -30 -31
leaf_value=-0.018079790851243865 -0.61609984599053869 0.13576532766071109 -1.0979082296924159 0.48739393528550867 -0.17532673582990943 0.50728617065093096 -0.4283932384103537 -0.1083988437336581 -0.018535035411089969 0.19917728439427379 0.11114919637746 0.19369571717386996 0.41217500414932151 -0.45291235477974018 -0.045366573932891091 -0.022087059210889139 0.20251635632788145 -0.28469540079201883 0.49039046430176025 0.16927299413749755 -0.58048781035002317 -0.036968810619452057 -0.29683328261429615 0.019293535714969043 -0.22299332034759103 0.40266218329469361 -0.027103967490085569 0.19859525557296973 0.066614693361079655 -0.030547276967799436
leaf_weight=1032 48 460 55 60 448 51 72 652 96 1034 470 108 84 48 60 1540 144 60 95 145 40 195 55 45 496 60 544 120 201 1824
leaf_count=1032 48 460 55 60 448 51 72 652 96 1034 470 108 84 48 60 1540 144 60 95 145 40 195 55 45 496 60 544 120 201 1824
internal_value=-4.20757e-11 -0.0454851 -0.0781351 0.0909834 -0.0726445 -0.0428465 -0.00203618 -0.16543 -0.411684 0.136829 0.0792674 0.0110825 -0.000359515 -0.015575 0.221533 0.0268658 -0.00288107 0.0561659 0.180167 0.0364042 0.00721824 -0.129483 0.0684082 0.27854 -0.137027 0.0146102 -0.0940433 -0.00534487 0.143867 -0.018012
internal_weight=10342 6895 4751 3447 4703 3215 2412 803 151 2154 1120 2340 2244 2100 144 2144 1684 1060 300 205 760 235 525 96 1488 1293 992 2052 261 1932
internal_count=10342 6895 4751 3447 4703 3215 2412 803 151 2154 1120 2340 2244 2100 144 2144 1684 1060 300 205 760 235 525 96 1488 1293 992 2052 261 1932
is_linear=0
shrinkage=0.05


Tree=63
num_leaves=31
num_cat=0
split_feature=5 4 9 30 2 11 13 13 7 22 6 9 2 25 9 0 17 30 30 28 7 9 16 12 6 14 12 6 0 16
split_gain=15581.4 7288.35 4775.9 3519.93 3498.29 3939.75 3140.6 4449.68 15744.1 3096.86 2890.61 2700.76 2422.53 3049.55 2389.29 2326.79 3026.41 2294.18 2911.17 2786.4 2690.35 2263.62 2243.04 2007.13 2285.05 2177.66 1984.76 1946.89 1872.16 1859.65
threshold=-0.70710678118654757 -0.78656609248549292 343.89000000000004 17.252083333333335 3.5000000000000004 347.45500000000004 10.322301615318512 12.273067053899736 -0.61236746317008228 35.300000000000004 0.9550229469509578 308.23000000000008 4.5000000000000009 3.3000000000000003 308.23000000000008 3.5000000000000004 45.46741229618474 16.062500000000004 13.389583333333336 1.1755952380952384 0.84199059757024453 334.13500000000005 373.66133928571435 343.02125000000007 0.58481550752069722 312.20000000000005 363.12312500000013 0.19337368024598436 20.500000000000004 342.87892857142862
decision_type=2 2 2 2 2 2 2 2 2 2 2 2 2 2 2 2 2 2 2 2 2 2 2 2 2 2 2 2 2 2
left_child=3 4 6 17 5 -2 -3 8 -8 12 14 -10 13 15 -5 29 -17 18 26 -19 -20 -7 28 24 25 -16 -1 -11 -4 -9
right_child=1 2 22 10 -6 21 7 9 11 27 -12 -13 -14 -15 23 16 -18 19 20 -21 -22 -23 -24 -25 -26 -27 -28 -29 -30 -31
leaf_value=-0.014210663949907349 0.46249343697513856 0.12522785779194917 0.30491881931759424 -0.18525556950243538 -0.030373486436312637 0.032612189410764797 -0.88606793857240052 0.091285363823175425 -0.32525859085413128 0.025296968555507754 0.38644074584131666 -0.029448148446394304 -0.13842477436282699 -0.21147194878455464 0.2229700424131893 0.0034781737265204811 -0.37658081210597799 0.030047132910201047 -0.017487581760029902 -0.49091569121394846 0.37348655491051352 0.18874159816259184 -0.0095482950942574925 0.12741176511483335 0.10799032638056412 0.71596317940081167 0.13898713889872669 0.36043977341256461 -0.062792615228229098 -0.13922025944638466
leaf_weight=684 70 182 150 54 930 832 77 100 104 260 132 299 1313 286 42 1746 54 66 66 42 132 322 234 942 72 48 306 52 45 700
leaf_count=684 70 182 150 54 930 832 77 100 104 260 132 299 1313 286 42 1746 54 66 66 42 132 322 234 942 72 48 306 52 45 700
internal_value=-9.17726e-11 -0.0354378 -0.0654928 0.106286 0.0427276 0.0982702 -0.0787876 -0.0862272 -0.230957 -0.070827 0.164755 -0.105786 -0.0821197 -0.0565035 0.139486 -0.039457 -0.0079236 0.0480869 0.0681448 -0.17255 0.243162 0.0761769 0.0948202 0.15537 0.31794 0.4859 0.0331414 0.0811541 0.220062 -0.110407
internal_weight=10342 7756 5602 2586 2154 1224 5173 4991 480 4511 1290 403 4199 2886 1158 2600 1800 1296 1188 108 198 1154 429 1104 162 90 990 312 195 800
internal_count=10342 7756 5602 2586 2154 1224 5173 4991 480 4511 1290 403 4199 2886 1158 2600 1800 1296 1188 108 198 1154 429 1104 162 90 990 312 195 800
is_linear=0
shrinkage=0.05


Tree=64
num_leaves=31
num_cat=0
split_feature=5 2 17 25 15 28 7 13 15 13 32 9 13 13 18 19 11 9 25 25 30 2 13 23 17 15 32 17 16 11
split_gain=14296.7 6132.84 3600.61 3797.58 11191.2 4312.76 3463.72 4879.72 5834.15 3847.96 3264.48 3261.22 2974.01 5539.53 2861.49 3358.56 2815.04 2762.78 4250.5 4649.85 3398.65 2628.01 2745.26 3693.93 2563.34 2907.92 2447.1 2176.94 1922.74 5569.1
threshold=1.0000000180025095e-35 3.5000000000000004 46.354287850065255 -0.84999999999999776 342.34000000000003 0.11160714285714289 -0.99052477729077237 14.654842499119573 399.40000000000003 12.419043150453344 -9.1915624949774912 343.89000000000004 10.322301615318512 10.71449692572833 305.85500000000008 431.56500000000005 367.55000000000007 324.59500000000008 1.1000000000000008 -1.0999999999999985 15.339583333333335 4.5000000000000009 33.564592187906605 27.012500000000006 35.670249727784082 454.28000000000003 3.968876168236715e-15 37.40346900133391 342.42065476190481 300.34000000000009
decision_type=2 2 2 2 2 2 2 2 2 2 2 2 2 2 2 2 2 2 2 2 2 2 2 2 2 2 2 2 2 2
left_child=1 2 3 4 -1 -6 -5 9 27 -8 21 12 -12 -14 -7 -16 28 18 19 -3 -21 -2 -23 -24 -10 -26 -20 -9 -15 -30
right_child=10 17 -4 6 5 14 7 8 24 -11 11 -13 13 16 15 -17 -18 -19 26 20 -22 22 23 -25 25 -27 -28 -29 29 -31
leaf_value=-0.62629241804281877 0.043094665420276644 -0.014719216183569001 -0.32325853103150926 -0.21768280535936357 -0.38473142647223235 0.19282097826160696 0.20280274555249062 -0.18700555629407367 0.2745969655876509 0.51348063972038338 0.15056237633247732 0.084663989596040545 -0.67759174949356493 0.012594607383532115 -0.27048298334481108 0.077674951938605769 -0.49226751886308195 0.054378675624435206 0.15701882623074184 -0.20463198215265616 -0.65289757421612737 -0.030365292092135229 -0.079139950882930021 -0.6723994350568816 0.088417660348597132 0.4914918827824295 -0.074561112754160372 0.12125591665861153 -0.66002027445369293 -0.099220636344006977
leaf_weight=60 1108 372 48 60 48 444 276 180 396 156 116 263 42 373 84 395 45 1068 271 274 50 341 65 44 660 48 197 84 45 2729
leaf_count=60 1108 372 48 60 48 444 276 180 396 156 116 263 42 373 84 395 45 1068 271 274 50 341 65 44 660 48 197 84 45 2729
internal_value=8.47149e-11 0.0587876 0.10624 0.113371 0.0364005 0.0773496 0.156036 0.168494 0.122231 0.314992 -0.0587876 -0.0848755 -0.0981856 -0.107108 0.10138 0.0166201 -0.0996016 -0.00369606 -0.0569811 -0.13533 -0.273809 0.0017103 -0.100187 -0.318621 0.172724 0.115745 0.0595375 -0.0889224 -0.0939867 -0.108318
internal_weight=10342 5171 2939 2891 1031 971 1860 1800 1368 432 5171 3613 3350 3234 923 479 3192 2232 1164 696 324 1558 450 109 1104 708 468 264 3147 2774
internal_count=10342 5171 2939 2891 1031 971 1860 1800 1368 432 5171 3613 3350 3234 923 479 3192 2232 1164 696 324 1558 450 109 1104 708 468 264 3147 2774
is_linear=0
shrinkage=0.05


Tree=65
num_leaves=31
num_cat=0
split_feature=5 4 9 7 30 2 11 9 16 6 11 7 11 2 17 9 24 0 22 17 19 13 12 28 6 6 19 0 16 9
split_gain=13244.7 6048.1 4092.24 3390.29 2944.83 2933.41 3572.91 2696.22 2524 2494.54 2446.95 21248.9 8487.3 3194.28 2355.42 2128.28 2069.62 1906.11 1922.39 1856.74 2306.91 2722.06 1822.67 1792.16 1775.15 1756.63 3556.03 1715.21 1611.37 1714.06
threshold=-0.70710678118654757 -0.78656609248549292 336.53000000000003 -0.99761278905001471 17.252083333333335 3.5000000000000004 342.50500000000005 298.98500000000007 370.88949404761911 0.9550229469509578 307.86500000000007 -0.70289845916694649 300.34000000000009 1.5000000000000002 43.162633024122876 308.23000000000008 11.094940476190477 3.5000000000000004 35.300000000000004 26.018330773267571 428.49500000000006 13.634155048378727 363.12312500000013 0.043154761904761883 -0.75015329512557194 -0.55657520495441892 433.93500000000006 21.500000000000004 374.4775297619048 310.04000000000002
decision_type=2 2 2 2 2 2 2 2 2 2 2 2 2 2 2 2 2 2 2 2 2 2 2 2 2 2 2 2 2 2
left_child=4 5 3 -3 16 6 -2 -5 27 15 11 -9 -13 14 17 -6 -1 -12 -19 -8 21 -21 23 -18 -17 26 -25 -4 29 -15
right_child=1 2 8 7 9 -7 19 10 -10 -11 13 12 -14 28 -16 24 22 18 -20 20 -22 -23 -24 25 -26 -27 -28 -29 -30 -31
leaf_value=0.30527760454763975 0.51688694091553378 -0.4829161648244526 0.16929111031288299 -0.4347331703139039 -0.17849295829871187 -0.028407299660086149 0.34816279318825955 -1.2542438397095319 -0.030658168586899764 0.35741115409429325 -0.091334766382018914 0.52746251626656615 -0.17584983687543748 -0.19090728646942548 -0.3393685283813071 0.23643822440631346 -0.33098179059369226 0.040285828645693536 0.35982375695556401 -0.39730252772569657 0.10706311990500844 0.007504650597708518 0.11766217504583172 -0.54202990934607531 0.099973170540945996 0.037825239050011256 0.0151477520664533 -0.11660472435816643 -0.24659542584219404 -0.066784786588927586
leaf_weight=72 47 52 341 52 54 930 58 42 728 132 280 52 245 315 47 348 42 803 50 48 763 308 396 42 756 654 90 62 156 2377
leaf_count=72 47 52 341 52 54 930 58 42 728 132 280 52 245 315 47 348 42 803 50 48 763 308 396 42 756 654 90 62 156 2377
internal_value=6.78956e-11 -0.0326726 -0.0600512 -0.0815448 0.0979925 0.0385322 0.0893931 -0.0768217 0.0249157 0.151473 -0.0725599 -0.201573 -0.052711 -0.061702 0.00747174 0.127998 0.0447598 0.0218596 0.0590161 0.0723224 0.0580251 -0.0470761 0.0294352 -0.0127603 0.142989 0.00424395 -0.162136 0.125307 -0.0903624 -0.0813088
internal_weight=10342 7756 5602 4471 2586 2154 1224 4419 1131 1290 4367 339 297 4028 1180 1158 1296 1133 853 1177 1119 356 1224 828 1104 786 132 403 2848 2692
internal_count=10342 7756 5602 4471 2586 2154 1224 4419 1131 1290 4367 339 297 4028 1180 1158 1296 1133 853 1177 1119 356 1224 828 1104 786 132 403 2848 2692
is_linear=0
shrinkage=0.05


Tree=66
num_leaves=31
num_cat=0
split_feature=11 5 9 7 2 17 0 15 14 0 23 23 15 13 25 23 14 16 13 18 25 12 12 13 29 2 28 2 18 24
split_gain=12107.2 10901.5 5745.52 5592.18 3697.73 4315.64 4710.22 3905.81 3556.81 2857.55 2751.77 5370.87 2782.11 4226.88 3960.59 4206.97 3059.61 2694.2 2657.16 2485.1 2471.7 3800.81 2362.47 2921.29 2341.05 2318.55 2163.22 2040.55 2021.66 1842.79
threshold=251.51500000000001 -0.70710678118654757 334.13500000000005 -0.99761278905001471 4.5000000000000009 45.46741229618474 3.5000000000000004 445.35000000000008 328.49500000000006 11.500000000000002 32.593750000000007 31.947916666666668 364.61000000000007 27.028048533574143 -0.84999999999999776 13.464583333333335 303.91500000000002 371.35380952380962 26.103654381024594 300.96500000000009 2.2000000000000024 346.41437500000001 363.12312500000013 10.18733216452757 4.4196428571428585 1.5000000000000002 0.1357142857142857 1.0000000180025095e-35 329.00000000000006 27.783928571428579
decision_type=2 2 2 2 2 2 2 2 2 2 2 2 2 2 2 2 2 2 2 2 2 2 2 2 2 2 2 2 2 2
left_child=-1 9 3 -3 5 6 20 8 10 -2 11 12 14 18 15 16 -8 -4 19 -14 -5 -22 23 -11 29 -19 -16 -28 -27 -15
right_child=1 2 17 4 -6 -7 7 -9 -10 22 -12 -13 13 24 26 -17 -18 25 -20 -21 21 -23 -24 -25 -26 28 27 -29 -30 -31
leaf_value=-0.85750601698712614 0.017951855537753105 -0.55833385517751732 0.11237519557749771 -0.07460127930174297 -0.10545317440108633 -0.33834416498475284 -0.074234610642971738 -0.352122891286685 0.26228672301082256 0.45260000607619688 0.19605687184832418 -0.4831155260758741 0.076661596466631954 -0.042708911835596122 0.52998095080256469 0.11222672203852646 -0.63877824481044509 0.12345154137341996 -0.55585787296295164 -0.2377458800648718 -0.6398982594035707 -0.11615800238680095 0.1903666487099237 0.051621952285411069 0.14548148129966909 -0.10631571651456014 0.19098156635030838 -0.18599283978343012 0.050082865363526109 0.130536891491879
leaf_weight=41 861 54 874 662 1834 103 56 69 154 48 195 56 96 980 42 138 42 270 42 182 53 100 828 846 280 522 350 40 342 182
leaf_count=41 861 54 874 662 1834 103 56 69 154 48 195 56 96 980 42 138 42 270 42 182 53 100 828 846 280 522 350 40 342 182
internal_value=-8.96619e-11 0.00341304 -0.0263435 -0.0519262 -0.0470914 -0.0190862 -0.0102442 0.0195655 0.0286119 0.0923256 0.0151893 0.00100223 0.0121589 -0.0207823 0.0990486 -0.0656718 -0.316182 0.0464041 -0.185176 -0.129174 -0.116462 -0.297584 0.129513 0.073151 0.0156989 -0.0044414 0.189035 0.152318 -0.0444079 -0.015574
internal_weight=10342 10301 7718 5710 5656 3822 3719 2904 2835 2583 2681 2486 2430 1762 668 236 98 2008 320 278 815 153 1722 894 1442 1134 432 390 864 1162
internal_count=10342 10301 7718 5710 5656 3822 3719 2904 2835 2583 2681 2486 2430 1762 668 236 98 2008 320 278 815 153 1722 894 1442 1134 432 390 864 1162
is_linear=0
shrinkage=0.05


Tree=67
num_leaves=31
num_cat=0
split_feature=5 9 24 15 2 6 17 6 14 18 9 2 7 19 15 12 9 13 0 7 7 2 11 9 15 2 6 25 17 6
split_gain=11122.6 5918.32 6414.32 10578.8 4898.77 3501.84 3523.7 3592.4 5440.69 7256.39 3206.63 3252.92 3169.96 3088.3 2972.89 2790.94 2718.25 2655.81 2599.48 2588.37 4810.71 10953 7074.77 2816.84 2402.25 2686.84 2268.07 2573.68 2487.79 2288.04
threshold=0.25881904510252057 334.13500000000005 34.260416666666671 360.92500000000001 3.5000000000000004 -0.69057362043749781 42.04441352259056 0.048362692321690152 314.53500000000003 316.29500000000002 322.36500000000007 1.5000000000000002 -0.43733099657705293 445.98000000000008 401.93000000000006 336.86708333333337 329.30000000000007 12.273067053899736 8.5000000000000018 -0.84313311835787952 -0.70289845916694649 1.5000000000000002 300.34000000000009 308.23000000000008 404.95000000000005 4.5000000000000009 0.97314989601849466 1.2000000000000013 43.228495854923018 -0.92923668111203805
decision_type=2 2 2 2 2 2 2 2 2 2 2 2 2 2 2 2 2 2 2 2 2 2 2 2 2 2 2 2 2 2
left_child=1 2 4 -4 5 14 7 -7 12 10 -10 16 -9 -11 15 -1 -12 -14 -19 -2 21 -21 -22 -24 -25 -26 27 28 29 -6
right_child=19 -3 3 -5 26 6 -8 8 9 13 11 -13 17 -15 -16 -17 -18 18 -20 20 22 -23 23 24 25 -27 -28 -29 -30 -31
leaf_value=0.17523735274693797 0.029764303949689777 0.12739001422855442 -0.84378096147307335 -0.041284292434378492 0.10425584050478993 -0.082248623051222366 -0.30819013357162478 0.027858875301067849 0.072085144834792503 0.41744132559955577 -0.69819490616875035 -0.097728903860144031 -0.12675234937064705 0.042542619371414188 0.102806767683831 0.5565003169079622 -0.20554768853554772 0.061419130091771794 0.35046292422878106 -0.82509531076403642 0.5167521748405236 -0.089591118771778916 -0.19476148976510999 0.0069804061224760239 -0.058291807893736669 -0.20899119834857804 0.20109216830484114 0.034989683720475388 -0.41598070474075421 -0.10391277847438647
leaf_weight=112 660 1568 56 154 154 378 70 224 112 98 56 154 42 125 420 84 56 99 363 69 52 190 404 1043 1524 367 98 630 56 924
leaf_count=112 660 1568 56 154 154 378 70 224 112 98 56 154 42 125 420 84 56 99 363 69 52 190 404 1043 1524 367 98 630 56 924
internal_value=2.24353e-11 0.043822 0.0144749 -0.255283 0.0277885 0.0751125 0.0395007 0.0537587 0.0924425 -0.0189005 -0.152345 -0.246841 0.184362 0.207296 0.177843 0.338636 -0.451871 0.253919 0.288525 -0.0613548 -0.0778357 -0.285536 -0.0619671 -0.0709825 -0.0539386 -0.0875391 -0.0330314 -0.0460382 -0.0910537 -0.0741744
internal_weight=10342 6033 4465 210 4255 2393 1777 1707 1329 601 378 266 728 223 616 196 112 504 462 4309 3649 259 3390 3338 2934 1891 1862 1764 1134 1078
internal_count=10342 6033 4465 210 4255 2393 1777 1707 1329 601 378 266 728 223 616 196 112 504 462 4309 3649 259 3390 3338 2934 1891 1862 1764 1134 1078
is_linear=0
shrinkage=0.05


Tree=68
num_leaves=31
num_cat=0
split_feature=11 5 9 7 2 0 25 17 25 15 12 25 23 0 16 13 18 4 6 4 12 13 16 13 16 16 9 23 17 14
split_gain=11017 9279.23 4818.78 4956.47 3159.6 3250.59 5029.82 3552.94 3497.82 4252.58 4063.34 3603.24 2774.95 2579.39 2447.28 2188.81 3008.47 2305.4 2127.64 2060.03 1982.12 2565.07 1939.34 2120.17 1899.27 1747.83 3122.62 3325.2 2538.82 1647.95
threshold=251.51500000000001 -0.70710678118654757 334.13500000000005 -0.99761278905001471 1.5000000000000002 3.5000000000000004 2.2000000000000024 43.162633024122876 -0.84999999999999776 379.69500000000011 321.94625000000002 3.8999999999999999 12.895833333333334 11.500000000000002 367.21672619047621 12.419043150453344 228.29500000000004 -0.37940952255126065 -0.05695216311707673 -0.78656609248549292 363.12312500000013 10.18733216452757 374.74690476190477 37.162828750675423 344.01889880952382 346.84627976190484 307.19500000000005 13.508333333333335 37.3448970847843 305.81000000000006
decision_type=2 2 2 2 2 2 2 2 2 2 2 2 2 2 2 2 2 2 2 2 2 2 2 2 2 2 2 2 2 2
left_child=-1 13 3 -3 5 6 -5 8 10 15 -7 -11 -12 -2 -4 -10 18 -18 -17 -16 21 -15 23 24 -6 -23 -27 -28 -29 -26
right_child=1 2 14 4 22 7 -8 -9 9 11 12 -13 -14 20 19 16 17 -19 -20 -21 -22 25 -24 -25 29 26 27 28 -30 -31
leaf_value=-0.81798793629902178 0.014625269229626326 -0.52438209684634651 0.13653238123932362 -0.03850677198076663 -0.010549246645939168 -0.3865066995245538 -0.54994174308682753 -0.34359492035074668 0.12725460688247436 0.05496634932018684 -0.30745169129222633 -0.44970500359223009 0.068119109871377703 0.42455334179103377 0.10471926328580244 0.3485333336960702 0.68402666323951322 0.27676213190526416 -0.16099810369312764 -0.026363889637240925 0.17635773159950185 0.14678259695710213 -0.26060270931893248 -0.0063398284420633838 -0.22982566326501824 -0.33220953618874777 -0.39738649651408198 -0.0098634993917383132 0.23955521250049336 -0.093037444236427985
leaf_weight=41 861 54 514 307 627 70 57 55 266 224 56 42 404 48 415 42 70 69 40 1079 828 296 126 1205 252 64 40 288 158 1744
leaf_count=41 861 54 514 307 627 70 57 55 266 224 56 42 404 48 415 42 70 69 40 1079 828 296 126 1205 252 64 40 288 158 1744
internal_value=-1.53935e-10 0.00325575 -0.0241976 -0.0476264 -0.0430747 0.0138854 -0.118594 0.0499261 0.0667957 0.136058 -0.0316088 -0.0247186 0.0223974 0.0852865 0.0424251 0.223874 0.340167 0.481859 0.0999814 0.0100481 0.120617 0.0689915 -0.0675931 -0.0612401 -0.0864612 0.0488177 -0.00390515 0.0393283 0.0784956 -0.110307
internal_weight=10342 10301 7718 5710 5656 1702 364 1338 1283 753 530 266 460 2583 2008 487 221 139 82 1494 1722 894 3954 3828 2623 846 550 486 446 1996
internal_count=10342 10301 7718 5710 5656 1702 364 1338 1283 753 530 266 460 2583 2008 487 221 139 82 1494 1722 894 3954 3828 2623 846 550 486 446 1996
is_linear=0
shrinkage=0.05


Tree=69
num_leaves=31
num_cat=0
split_feature=11 5 9 7 16 2 17 0 15 14 30 15 25 16 12 29 25 7 6 6 2 18 30 28 30 27 23 16 14 16
split_gain=9942.83 8374.51 4383.31 4415.59 2889.1 2675.48 3430.04 3548.94 2647.38 3258.96 2378.09 2169.5 6079.95 4173.19 2766.74 2742.73 2163.43 3408.12 2100.09 2096.4 1961.3 2047.58 1894.64 2281.57 2130.95 2080.74 1802.92 1798.76 2647.45 2750.91
threshold=251.51500000000001 -0.70710678118654757 332.37500000000006 -0.99761278905001471 371.35380952380962 4.5000000000000009 45.46741229618474 3.5000000000000004 445.35000000000008 328.08500000000004 17.252083333333335 364.61000000000007 -0.84999999999999776 359.83952380952383 347.77041666666679 4.4196428571428585 2.2000000000000024 -0.074115882986646633 0.9550229469509578 -0.03977009085991149 1.5000000000000002 329.00000000000006 16.062500000000004 1.1755952380952384 13.389583333333336 4.1604166666666673 13.693750000000003 346.68000000000001 314.2000000000001 370.59315476190483
decision_type=2 2 2 2 2 2 2 2 2 2 2 2 2 2 2 2 2 2 2 2 2 2 2 2 2 2 2 2 2 2
left_child=-1 10 3 -3 26 6 7 16 9 11 22 12 13 -9 19 -16 -5 -18 -12 -13 -6 -22 24 -24 -2 -26 -4 -14 -29 -30
right_child=1 2 4 5 20 -7 -8 8 -10 -11 18 14 27 -15 15 -17 17 -19 -20 -21 21 -23 23 -25 25 -27 -28 28 29 -31
leaf_value=-0.7770885601276305 0.021484190289753222 -0.49816299291948485 0.374097035990821 -0.065485879494755872 0.092988895670681276 -0.095951689776620053 -0.30373598862692575 0.0080127765875808981 -0.3829936024619312 0.28586356410024955 0.10753408465466029 -0.52829172405458635 0.40170644584261339 -0.44234321989651237 -0.031689970880903195 0.13343833003725325 -0.63011573811675969 -0.11221120802124925 0.31803886728135478 -0.10607740918972663 -0.10620034668062416 0.043280808112920371 0.015975037171985163 -0.45543872146379383 0.086224509087455187 0.43049878615773091 0.077879179713927715 0.036377547643521115 0.43868511772847607 0.0094850999569254264
leaf_weight=41 989 54 54 618 306 1672 103 194 41 112 1157 42 81 70 1370 308 47 98 132 98 630 360 66 42 131 66 1054 238 112 56
leaf_count=41 989 54 54 618 306 1672 103 194 41 112 1157 42 81 70 1370 308 47 98 132 98 630 360 66 42 131 66 1054 238 112 56
internal_value=-9.16565e-13 0.00309296 -0.0229878 -0.0483318 0.0330347 -0.0437137 -0.0193709 -0.0109665 0.0157474 0.0218452 0.0810221 0.0103349 0.0818248 -0.1114 -0.019197 -0.00138037 -0.106268 -0.280084 0.129091 -0.232742 -0.017647 -0.0518436 0.0331392 -0.167353 0.0513965 0.201565 0.0923158 0.186571 0.14365 0.295618
internal_weight=10342 10301 7718 5314 2404 5260 3588 3485 2722 2681 2583 2569 751 264 1818 1678 763 145 1289 140 1296 990 1294 108 1186 197 1108 487 406 168
internal_count=10342 10301 7718 5314 2404 5260 3588 3485 2722 2681 2583 2569 751 264 1818 1678 763 145 1289 140 1296 990 1294 108 1186 197 1108 487 406 168
is_linear=0
shrinkage=0.05


Tree=70
num_leaves=31
num_cat=0
split_feature=11 5 23 23 9 22 0 15 5 2 2 12 15 26 2 13 12 24 30 7 23 6 22 19 6 16 9 13 17 9
split_gain=8973.4 7628.86 3658.3 6736.43 3318.1 3482.73 3289.89 2928.29 2518.59 2515.24 2239.97 2079.56 2784.28 2722.86 3297.33 2032.23 2392.08 2117.48 3415.45 3165.17 2628.18 2017.47 2940.05 1912.71 1826.66 1592.96 2110.06 1522.1 1568.06 1518.74
threshold=251.51500000000001 -0.5 36.110416666666673 36.00833333333334 308.23000000000008 29.150000000000002 11.500000000000002 361.64000000000004 0.60355339059327384 1.0000000180025095e-35 4.5000000000000009 326.268125 344.79000000000002 0.32291666666666669 4.5000000000000009 10.18733216452757 363.12312500000013 34.260416666666671 21.452083333333334 0.19969739736768838 36.110416666666673 -0.55657520495441892 25.300000000000004 433.71000000000009 -0.18492532721306487 373.57255952380962 342.91500000000002 20.839564646577028 43.185101821713985 322.76000000000005
decision_type=2 2 2 2 2 2 2 2 2 2 2 2 2 2 2 2 2 2 2 2 2 2 2 2 2 2 2 2 2 2
left_child=-1 6 3 4 5 11 -2 -6 10 24 25 12 -3 -13 -15 -8 17 18 21 29 -19 22 -17 -23 -4 26 27 -9 -29 -20
right_child=1 2 9 -5 7 -7 15 8 -10 -11 -12 13 -14 14 -16 16 -18 20 19 -21 -22 23 -24 -25 -26 -27 -28 28 -30 -31
leaf_value=-0.7382341344182084 0.00058379314771180133 -0.089472283278591941 0.073789358647032219 -0.62890025313245135 0.065998145307185938 -0.45680327749681116 0.38842477654417357 0.21453044270024157 -0.078056106458211497 0.044094887092538677 -0.08233789858818745 0.052051070610900502 0.25439218808538638 -0.53976721288999185 -0.14747520865745506 -0.50766029385003175 0.14737262186836145 -0.46199020711912048 0.032526356152330453 0.60009335054291624 0.064715327609330422 0.081529221156302234 0.052742367476224898 -0.14466375154767025 0.5010158956050873 -0.096366944815963515 0.23737824053340961 0.022051509744101291 -0.25245235554046103 0.30941516544669867
leaf_weight=41 1292 240 44 48 824 75 60 99 2031 496 675 91 78 77 176 44 1034 45 130 45 50 499 50 115 58 243 126 1422 54 80
leaf_count=41 1292 240 44 48 824 75 60 99 2031 496 675 91 78 77 176 44 1034 45 130 45 50 499 50 115 58 243 126 1422 54 80
internal_value=1.45849e-10 0.00293832 -0.0275564 -0.038845 -0.0342849 -0.133883 0.0636533 -0.0208754 -0.0362697 0.0905965 -0.00386493 -0.0972988 -0.00512817 -0.182503 -0.266868 0.101518 0.0932897 0.0404337 0.0626507 0.219552 -0.184777 0.00613957 -0.209574 0.0391641 0.316722 0.0233826 0.0404897 0.0247386 0.0120087 0.138008
internal_weight=10342 10301 6857 6259 6211 737 3444 5474 4650 598 2619 662 318 344 253 2152 2092 1058 963 255 95 708 94 614 102 1944 1701 1575 1476 210
internal_count=10342 10301 6857 6259 6211 737 3444 5474 4650 598 2619 662 318 344 253 2152 2092 1058 963 255 95 708 94 614 102 1944 1701 1575 1476 210
is_linear=0
shrinkage=0.05


Tree=71
num_leaves=31
num_cat=0
split_feature=11 5 9 7 16 4 9 16 32 9 25 2 16 16 11 18 23 19 2 15 32 2 18 9 18 23 30 30 13 16
split_gain=8098.5 6908.99 3794.12 3812.14 2529.63 2257.57 2107.61 5851.73 2195.88 1935.04 1878.09 4332.28 2728.23 2629.14 2212.39 2015.03 1912.26 1715.22 1678.7 2123.99 1850.1 1667.6 1793.28 1650.6 1649.93 1628.34 1573.62 2887.53 2086.43 1531.07
threshold=251.51500000000001 -0.70710678118654757 332.37500000000006 -0.99761278905001471 371.35380952380962 -0.78656609248549292 308.23000000000008 353.43000000000006 3.7916990107519317 298.98500000000007 -0.84999999999999776 1.0000000180025095e-35 359.31940476190482 362.68383928571433 363.46000000000009 316.29500000000002 23.222916666666674 432.75000000000006 4.5000000000000009 376.99500000000006 -13.344791666666664 1.5000000000000002 329.00000000000006 305.64500000000004 228.29500000000004 13.693750000000003 12.895833333333334 11.65 38.307152543724023 376.15720238095241
decision_type=2 2 2 2 2 2 2 2 2 2 2 2 2 2 2 2 2 2 2 2 2 2 2 2 2 2 2 2 2 2
left_child=-1 6 3 -3 25 10 7 24 26 -7 12 14 17 -14 -12 -13 -17 -5 -11 23 -21 29 -23 -20 -2 -4 27 28 -8 -6
right_child=1 2 4 5 21 9 8 -9 -10 18 11 15 13 -15 -16 16 -18 -19 19 20 -22 22 -24 -25 -26 -27 -28 -29 -30 -31
leaf_value=-0.70132242295800185 -0.12237631525016493 -0.46244180668145418 0.35448552116199777 -0.041492239979364104 0.14785506876392498 -0.36348723250512899 0.046923596415194675 -0.55788801556142675 0.016274712755632307 -0.03378265560222015 0.59970247694956402 -0.022035076797951157 -0.59444831281900412 -0.11745594222671712 0.17939632191546109 0.45897228571689797 -0.016162536041811112 0.25177061240499221 -0.18029860174118062 -0.50825212247669693 -0.15426432975649709 -0.098602136013667213 0.041289142602019845 0.0013499639952301655 0.14841901755208772 0.072974747747904758 0.15843832270481836 -0.35524889986962083 0.3482197253315738 -0.11581048970628116
leaf_weight=41 90 54 54 295 234 52 444 48 707 2571 42 720 40 104 123 45 40 60 169 40 478 630 360 481 150 1054 1038 40 66 72
leaf_count=41 90 54 54 295 234 52 444 48 707 2571 42 720 40 104 123 45 40 60 169 40 478 630 360 481 150 1054 1038 40 66 72
internal_value=-1.01778e-10 0.0027914 -0.0208976 -0.0444769 0.0312238 -0.040186 0.0735742 -0.0539224 0.0895738 -0.0605767 0.0124356 0.0529848 -0.0663874 -0.249954 0.286383 0.00514534 0.235379 0.00807331 -0.0563639 -0.10607 -0.181599 -0.0162002 -0.0477326 -0.0458787 0.0468708 0.0866946 0.122208 0.0538302 0.0859149 0.0858161
internal_weight=10342 10301 7718 5314 2404 5260 2583 288 2295 3791 1469 970 499 144 165 805 85 355 3739 1168 518 1296 990 650 240 1108 1588 550 510 306
internal_count=10342 10301 7718 5314 2404 5260 2583 288 2295 3791 1469 970 499 144 165 805 85 355 3739 1168 518 1296 990 650 240 1108 1588 550 510 306
is_linear=0
shrinkage=0.05


Tree=72
num_leaves=31
num_cat=0
split_feature=5 9 24 15 2 16 17 7 13 18 15 13 17 13 18 18 12 13 7 7 2 11 9 15 6 6 4 2 13 32
split_gain=7396.24 4346.87 5022.52 9030.28 3433.09 3586.02 3451.33 3739.81 7707.93 3050.52 2525.93 3710.58 3419.5 2913.3 2486.25 5363.58 2445.76 2285.83 2084.45 4061.49 9750.91 7333.52 2145.42 2554.67 2082.63 3976.89 5583.08 2921.3 2032.23 1922.68
threshold=0.25881904510252057 334.13500000000005 34.260416666666671 360.92500000000001 1.5000000000000002 334.55717261904766 25.299205526904164 0.94909129669788206 12.386566716141798 228.29500000000004 445.35000000000008 37.162828750675423 43.550918203932532 38.307152543724023 309.40000000000003 316.29500000000002 337.5870833333334 75.816245190646228 -0.84313311835787952 -0.70289845916694649 1.5000000000000002 300.34000000000009 310.04000000000002 407.82500000000005 -0.048361574224334618 -0.18492532721306487 0.12940952255126045 1.0000000180025095e-35 35.966705933943722 11.515625
decision_type=2 2 2 2 2 2 2 2 2 2 2 2 2 2 2 2 2 2 2 2 2 2 2 2 2 2 2 2 2 2
left_child=1 2 4 -4 5 -1 -7 14 -9 -10 11 -6 13 29 17 16 -16 -8 24 20 -20 -21 -23 -24 25 -2 -27 -26 -25 -13
right_child=18 -3 3 -5 10 6 7 8 9 -11 -12 12 -14 -15 15 -17 -18 -19 19 21 -22 22 23 28 27 26 -28 -29 -30 -31
leaf_value=-0.36263696644455196 0.044219307770359928 0.1073542593483135 -0.77184244484773712 -0.030402849619458251 -0.038093938328396859 0.55263912461343268 0.20487476352411349 -0.60600114363644808 -0.2244388138919714 0.31456524390727281 -0.34248365700244904 0.43491835338728768 -0.35721035503915383 0.064562097924203699 0.12539848330475034 0.20852852211489031 -0.322009067889303 -0.17582859524658748 -0.76475550571753503 0.53896534081835012 -0.070784940087530571 -0.15066552913368303 0.023931642460977252 -0.17413641550007658 0.46746950814127919 0.050249545332044371 -0.7851453492697329 0.055615416806071044 -0.048102608376067023 0.030575383552128362
leaf_weight=42 220 1568 56 154 2030 42 644 56 42 70 55 98 42 728 42 168 112 42 69 52 190 540 967 413 50 40 40 310 1418 42
leaf_count=42 220 1568 56 154 2030 42 644 56 42 70 55 98 42 728 42 168 112 42 69 52 190 540 967 413 50 40 40 310 1418 42
internal_value=3.09522e-11 0.0357351 0.0105842 -0.22812 0.0223651 0.0916081 0.107272 0.0913658 -0.127041 0.112439 -0.00676553 -0.000485088 0.0834116 0.104732 0.127767 0.0131507 -0.199989 0.181566 -0.0500324 -0.0648223 -0.255665 -0.0502416 -0.0594204 -0.0418106 0.0317374 -0.0655586 -0.367448 0.112817 -0.0765308 0.313615
internal_weight=10342 6033 4465 210 4255 1260 1218 1176 168 112 2995 2940 910 868 1008 322 154 686 4309 3649 259 3390 3338 2798 660 300 80 360 1831 140
internal_count=10342 6033 4465 210 4255 1260 1218 1176 168 112 2995 2940 910 868 1008 322 154 686 4309 3649 259 3390 3338 2798 660 300 80 360 1831 140
is_linear=0
shrinkage=0.05


Tree=73
num_leaves=31
num_cat=0
split_feature=11 5 4 9 12 12 2 11 9 32 9 25 9 12 13 7 12 12 9 16 13 12 30 30 24 14 2 6 16 18
split_gain=7394.77 5888.25 3399 2459.61 2357.57 3901.65 2331.51 3606.79 2004.48 1945.18 2105.75 1874.27 1801.37 2879.18 1766.75 3937.27 1689.18 4128.91 1798.08 2007.9 1699.8 1536.87 1527.32 1687.24 1903.55 1509.44 1497.97 1466.21 1418.73 1973.85
threshold=251.51500000000001 -0.70710678118654757 -0.60355339059327362 308.23000000000008 342.59229166666677 349.4656250000001 3.5000000000000004 336.68500000000006 346.82000000000005 1.7941075607508728e-15 304.92500000000001 0.60000000000000064 330.80000000000007 374.10645833333342 13.021684273779085 -0.40613878790836594 343.02125000000007 344.15020833333341 322.90500000000003 365.43247023809528 43.658056687438318 390.10937500000006 13.389583333333336 12.350000000000003 12.276190476190477 302.34500000000008 5.5000000000000009 0.78857998149907527 371.4805952380953 317.93000000000006
decision_type=2 2 2 2 2 2 2 2 2 2 2 2 2 2 2 2 2 2 2 2 2 2 2 2 2 2 2 2 2 2
left_child=-1 9 6 4 14 -6 7 -3 16 22 -11 12 13 -8 15 -4 -5 -18 20 27 -19 -9 23 24 -2 -12 -16 -20 29 -13
right_child=1 2 3 8 5 -7 11 21 -10 10 25 28 -14 -15 26 -17 17 18 19 -21 -22 -23 -24 -25 -26 -27 -28 -29 -30 -31
leaf_value=-0.67015913753974732 0.3063968443727742 0.53722707148641347 -0.65735594772035266 0.031730196366886718 -0.68547628568485386 -0.041071617797664974 -0.097392206685234836 0.046815833229844867 0.11803129829932005 -0.27474752415559794 0.22860200645481338 0.048479419880147492 0.038169097247524097 -0.50931177303039776 0.073248791785081688 -0.091097536568078355 -0.42676988873863597 -0.080795413501445729 0.072285381469982243 -0.055754978097415558 -0.35392331912492714 0.35381802852664679 0.15254642023151654 -0.21525210891517679 0.033176895850173693 0.019569457203731544 -0.15665301507486828 -0.07966078779678426 -0.10563450549418728 0.39124886173134055
leaf_weight=41 75 40 40 724 48 46 365 1387 216 57 94 336 198 48 173 132 72 1126 716 1457 60 42 813 56 425 1063 120 204 120 48
leaf_count=41 75 40 40 724 48 46 365 1387 216 57 94 336 198 48 173 132 72 1126 716 1457 60 42 813 56 425 1063 120 204 120 48
internal_value=4.36462e-11 0.00266736 -0.0192018 -0.0427421 -0.141749 -0.370129 0.027569 0.0689469 -0.0306449 0.0680125 0.021936 -0.026946 -0.0858227 -0.145267 -0.0955816 -0.222786 -0.0380122 -0.0519031 -0.044328 -0.0192383 -0.094613 0.055839 0.108872 0.0450105 0.0741599 0.0365522 -0.0209089 0.038593 0.0444303 0.0913256
internal_weight=10342 10301 7718 5134 559 94 2584 1469 4575 2583 1214 1115 611 413 465 172 4359 3635 3563 2377 1186 1429 1369 556 500 1157 293 920 504 384
internal_count=10342 10301 7718 5134 559 94 2584 1469 4575 2583 1214 1115 611 413 465 172 4359 3635 3563 2377 1186 1429 1369 556 500 1157 293 920 504 384
is_linear=0
shrinkage=0.05


Tree=74
num_leaves=31
num_cat=0
split_feature=11 5 9 7 17 6 2 25 15 2 11 13 17 16 17 13 7 13 14 13 25 7 28 30 2 26 9 9 13 22
split_gain=6673.78 5499.79 4270.71 8057.75 3638.83 11796.6 3942.6 2816.74 6199.9 6194.94 4727.43 4024.51 3580.49 3158.29 3290.46 3156.2 5884.59 2870.01 2701.8 2544.21 2234.81 1919.67 1874.06 2025.14 1767.09 2730.96 2043.09 2024.85 1863.56 2302.02
threshold=251.51500000000001 0.60355339059327384 334.13500000000005 -0.99761278905001471 45.46741229618474 0.54219432480460406 4.5000000000000009 -1.0999999999999985 342.34000000000003 1.0000000180025095e-35 356.49000000000007 27.028048533574143 32.976875713997295 351.71663690476197 39.122015943195095 10.790393427095889 0.80798785254895478 12.419043150453344 308.25500000000005 42.257811174423374 -5.8500000000000005 -0.85225707553516283 4.385714285714287 21.320833333333336 3.5000000000000004 0.050000000000000051 340.185 339.83500000000009 40.170921814458886 30.300000000000004
decision_type=2 2 2 2 2 2 2 2 2 2 2 2 2 2 2 2 2 2 2 2 2 2 2 2 2 2 2 2 2 2
left_child=-1 2 3 -2 6 -6 7 8 10 17 -5 12 -11 -10 15 -15 -17 -9 -19 22 -4 -3 23 -13 25 -22 27 -26 -27 -30
right_child=1 21 20 4 5 -7 -8 9 13 11 -12 19 -14 14 -16 16 -18 18 -20 -21 24 -23 -24 -25 26 28 -28 -29 29 -31
leaf_value=-0.63665115789669313 -0.62228297608740191 0.042175144440594642 -0.1911423504790839 -0.051442062570935199 -0.85652390563488012 0.11135333783286008 -0.046776493205454558 0.11779569851348957 0.12521915693020011 -0.18296274907203811 -0.79726039822711503 0.14147727339366448 0.2697610863867928 0.18667877529035598 0.10725180641558377 -0.10713527037935183 -0.68320569214867621 0.21459128200566691 0.54724450830151061 -0.058686814989444239 -0.21476723504270995 -0.071248307186504045 0.045387281764140253 0.475948018707335 0.068199233865399306 0.12807740217358296 -0.048610653527738419 0.36589511972578137 0.41020656581420234 0.016302450541772096
leaf_weight=41 51 437 68 42 50 85 1699 289 405 304 43 477 51 68 221 339 51 152 102 305 51 2549 629 50 357 831 340 68 136 51
leaf_count=41 51 437 68 42 50 85 1699 289 405 304 43 477 51 68 221 339 51 152 102 305 51 2549 629 50 357 831 340 68 136 51
internal_value=1.24603e-11 0.002534 0.0258762 0.00322976 0.00917925 -0.24712 0.0157988 0.0459335 -0.0175317 0.0773837 -0.428738 0.0330773 -0.117924 0.0147124 -0.0512011 -0.12766 -0.182468 0.225561 0.348176 0.0697681 0.0903267 -0.0546488 0.10366 0.173211 0.100763 0.142281 0.0427456 0.115831 0.160169 0.302778
internal_weight=10342 10301 7315 5413 5362 135 5227 3528 1169 2359 85 1816 355 1084 679 458 390 543 254 1461 1902 2986 1156 527 1834 1069 765 425 1018 187
internal_count=10342 10301 7315 5413 5362 135 5227 3528 1169 2359 85 1816 355 1084 679 458 390 543 254 1461 1902 2986 1156 527 1834 1069 765 425 1018 187
is_linear=0
shrinkage=0.05


Tree=75
num_leaves=31
num_cat=0
split_feature=11 5 15 23 23 0 9 15 22 22 2 6 16 6 32 9 13 10 23 13 12 17 15 32 9 16 18 16 13 13
split_gain=6023.09 5153.5 2960.15 2728.84 5481.51 2598.21 2515.71 3041.14 2287.34 3860.77 2049.64 1977.98 1748.47 2712.23 2108.9 2051.89 1705.74 1685.86 2682.9 2094.05 1556.73 1621.58 1454.75 1703.81 1363.77 5736.08 1769.23 1255.95 1545.79 1291.15
threshold=251.51500000000001 -0.5 456.68500000000006 36.110416666666673 36.00833333333334 11.500000000000002 310.48500000000007 360.64500000000004 29.150000000000002 31.400000000000002 1.5000000000000002 0.048362692321690152 373.54505952380958 0.96465729447553372 -17.850948635506732 334.13500000000005 10.18733216452757 421.88500000000005 23.687500000000004 37.092153736074522 332.21791666666672 26.885045155687585 355.73500000000007 -6.5708333333333337 308.23000000000008 353.43000000000006 228.29500000000004 342.87892857142862 37.162828750675423 34.473321924859782
decision_type=2 2 2 2 2 2 2 2 2 2 2 2 2 2 2 2 2 2 2 2 2 2 2 2 2 2 2 2 2 2
left_child=-1 2 5 4 6 17 8 22 20 -10 11 -5 13 15 -15 27 -7 19 -19 -2 21 -3 -8 -24 25 26 -18 -9 29 -29
right_child=1 3 -4 10 -6 16 7 12 9 -11 -12 -13 -14 14 -16 -17 24 18 -20 -21 -22 -23 23 -25 -26 -27 -28 28 -30 -31
leaf_value=-0.60481862556643606 -0.034374442837334263 0.15862985274676855 0.44221423339719579 0.091441651722600104 -0.56467074387085936 0.34348363459110259 0.035126036268295621 0.050867078758518008 -0.68325079121561938 -0.030912971077486875 0.0062080265165644494 0.40116632372522965 -0.1054103894355089 0.38315940595930442 0.060131936476876341 0.048486498909579595 -0.12692246568588805 -0.46999887322284739 0.058763988506286703 0.11477437978925614 -0.16639762766565544 -0.065032449305066478 0.37817068613338761 0.083451387715205314 0.087446252595634294 -0.58592531935311853 0.18937786024956343 -0.058976129194352682 -0.01693195456989997 -0.1612746298584693
leaf_weight=41 853 96 48 152 48 60 364 303 43 48 368 78 624 64 240 720 70 49 47 325 318 520 82 122 1832 40 120 924 1280 463
leaf_count=41 853 96 48 152 48 60 364 303 43 48 368 78 624 64 240 720 70 49 47 325 318 520 82 122 1832 40 120 924 1280 463
internal_value=6.64945e-11 0.0024073 0.0523092 -0.0226564 -0.0324061 0.0467982 -0.0282927 -0.0141456 -0.0998697 -0.339161 0.0793891 0.196479 -0.0275739 -0.0154132 0.128138 -0.0272396 0.0806853 -0.00964503 -0.211125 0.00677443 -0.0765555 -0.030176 0.0950298 0.201917 0.0730385 -0.0417228 0.0728462 -0.0455974 -0.0565568 -0.0931248
internal_weight=10342 10301 3444 6857 6259 3396 6211 5186 1025 91 598 230 4618 3994 304 3690 2122 1274 96 1178 934 616 568 204 2062 230 190 2970 2667 1387
internal_count=10342 10301 3444 6857 6259 3396 6211 5186 1025 91 598 230 4618 3994 304 3690 2122 1274 96 1178 934 616 568 204 2062 230 190 2970 2667 1387
is_linear=0
shrinkage=0.05


Tree=76
num_leaves=31
num_cat=0
split_feature=5 9 12 24 17 2 13 18 23 11 32 13 13 25 12 28 25 11 17 9 13 13 32 4 29 7 13 25 15 15
split_gain=5462.4 3535.9 6646.98 4792.79 2480.93 2985.95 2912.77 2826.47 2339.08 2501.43 2250.61 2341.78 2967.75 3046.81 2297.66 2249.97 2137.14 2070.35 1973.81 1933.58 1904.91 4710.08 26379.4 2709.78 2512.2 2106.2 2104.99 2076.71 1711.16 1675.42
threshold=0.37940952255126048 320.38000000000005 376.36166666666674 33.911011904761914 46.354287850065255 1.0000000180025095e-35 13.021684273779085 303.89000000000004 17.252083333333335 363.46000000000009 3.4940571088840322 10.790393427095889 11.482999848160668 -6.3499999999999996 390.21750000000003 0.4065476190476191 3.8999999999999999 388.05500000000006 37.40346900133391 306.61000000000007 10.322301615318512 12.273067053899736 17.534526873573302 0.12940952255126045 0.62589285714285725 -0.84313311835787952 14.376815645731243 -1.0999999999999959 456.68500000000006 448.25000000000006
decision_type=2 2 2 2 2 2 2 2 2 2 2 2 2 2 2 2 2 2 2 2 2 2 2 2 2 2 2 2 2 2
left_child=1 2 3 4 5 6 15 16 9 -9 11 -3 -13 -14 29 -1 17 -7 -8 -10 -2 22 23 27 -25 26 -23 -22 -12 -15
right_child=20 10 -4 -5 -6 7 18 8 19 -11 28 12 13 14 -16 -17 -18 -19 -20 -21 21 25 -24 24 -26 -27 -28 -29 -30 -31
leaf_value=-0.30095120393567615 0.1443129545301273 0.33139577320556057 -0.62173066602812876 -0.51939485723773637 -0.31575501055767141 0.0023841520495208619 0.44597744358910457 -0.11465587128387314 -0.37045104367813719 -0.60544637099225473 0.0092398372726444165 -0.30049258255958561 -0.30845547893104402 0.098772138597363987 0.39357237657532096 0.084322442651415863 -0.2747155528034394 0.17298790494530975 0.11483384773445626 -0.018976479723428686 -0.17003420744091274 0.29052303683380654 -1.4200971019704169 -0.57541584708705185 -0.081245601560542557 -0.052493912753276778 0.013642100957118803 0.17265071477430563 0.33203030468097761 -0.13496568855363875
leaf_weight=45 126 97 45 45 60 1077 90 58 45 47 1829 50 47 1840 64 240 60 213 90 300 70 81 41 41 69 2880 450 120 42 80
leaf_count=45 126 97 45 45 60 1077 90 58 45 47 1829 50 47 1840 64 240 60 213 90 300 70 81 41 41 69 2880 450 120 42 80
internal_value=-5.5568e-12 0.0281457 -0.0197376 -0.00830739 0.00158463 0.00999098 0.122941 -0.0191878 -0.127709 -0.334343 0.0567055 0.091256 0.0800625 0.0894312 0.0988569 0.0234898 0.0169861 0.0305536 0.280406 -0.064821 -0.0469144 -0.0533362 -0.230517 -0.067941 -0.265436 -0.0356233 0.0558782 0.0463984 0.0164858 0.0890331
internal_weight=10342 6464 2415 2370 2325 2265 465 1800 450 105 4049 2178 2081 2031 1984 285 1350 1290 180 345 3878 3752 341 300 110 3411 531 190 1871 1920
internal_count=10342 6464 2415 2370 2325 2265 465 1800 450 105 4049 2178 2081 2031 1984 285 1350 1290 180 345 3878 3752 341 300 110 3411 531 190 1871 1920
is_linear=0
shrinkage=0.05


Tree=77
num_leaves=31
num_cat=0
split_feature=11 5 23 23 9 22 22 15 5 23 7 23 12 32 16 15 2 16 27 2 13 15 15 29 24 6 13 2 13 16
split_gain=5282.74 4416.71 2641.46 5604.55 2481.43 2807.03 4636.31 2662.67 1898.52 1792.16 1698.21 1946.19 1654.39 1792.25 1641.57 2455.55 1755.23 1637.13 1852.05 1798.27 1576.52 1628.19 1891.78 1325.54 1756.73 1689.56 1718.38 1493.09 1311.4 1411.82
threshold=251.51500000000001 -0.70710678118654757 36.110416666666673 36.00833333333334 310.48500000000007 29.150000000000002 31.400000000000002 360.64500000000004 0.60355339059327384 36.443750000000009 0.94909129669788206 16.972916666666674 332.21791666666672 -9.3462180497990577 373.54505952380958 436.76000000000005 1.0000000180025095e-35 349.67958333333337 3.5020833333333337 5.5000000000000009 10.18733216452757 433.27500000000003 432.38500000000005 4.4196428571428585 27.519940476190481 -0.51297808981038739 39.869872625620594 4.5000000000000009 36.483081998331606 342.42065476190481
decision_type=2 2 2 2 2 2 2 2 2 2 2 2 2 2 2 2 2 2 2 2 2 2 2 2 2 2 2 2 2 2
left_child=-1 20 3 4 5 12 -7 10 14 -4 11 -6 13 17 15 16 -9 19 -19 -3 -2 22 -22 24 25 26 -18 -25 29 -14
right_child=1 2 9 -5 7 6 -8 8 -10 -11 -12 -13 28 -15 -16 -17 23 18 -20 -21 21 -23 -24 27 -26 -27 -28 -29 -30 -31
leaf_value=-0.56642839483371599 0.28953076592750021 0.43982101696458731 0.32127079374211681 -0.5331595166569093 0.35958830922997248 -0.69004122613720142 -0.018333916944727576 0.23095833045708669 -0.058355935338704402 0.050565120482288242 -0.1410916937256439 0.081405746143624835 -0.087829541738971451 -0.072818810297631251 -0.087423924556237043 0.12150627535686141 -0.22344432372545964 0.12849998217185629 -0.29379272857858313 0.021013394370675089 0.039980664522634296 0.13702470126130428 -0.3031051592855919 0.1269860845131279 0.039371643123824983 -0.031917673646628467 0.11624271012419328 -0.097229183487819906 0.039042873846160044 -0.31001616703449852
leaf_weight=41 72 55 68 54 72 49 54 77 2017 606 72 496 142 481 428 473 242 68 42 48 2008 462 41 297 605 913 44 99 72 144
leaf_count=41 72 55 68 54 72 49 54 77 2017 606 72 496 142 481 428 473 242 68 42 48 2008 462 41 297 605 913 44 99 72 144
internal_value=1.85193e-11 0.0022545 -0.0166859 -0.0257341 -0.021814 -0.0887735 -0.337884 -0.00855986 -0.020415 0.0778767 0.0876703 0.116668 -0.0643834 -0.0193492 0.00366525 0.017842 -0.00369208 0.101397 -0.0327391 0.244649 0.0588484 0.0522339 0.0331156 -0.0119048 -0.0300886 -0.0651374 -0.171185 0.0709323 -0.151684 -0.1997
internal_weight=10342 10301 7718 7044 6990 1155 103 5835 5195 674 640 568 1052 694 3178 2750 2277 213 110 103 2583 2511 2049 2200 1804 1199 286 396 358 286
internal_count=10342 10301 7718 7044 6990 1155 103 5835 5195 674 640 568 1052 694 3178 2750 2277 213 110 103 2583 2511 2049 2200 1804 1199 286 396 358 286
is_linear=0
shrinkage=0.05


Tree=78
num_leaves=31
num_cat=0
split_feature=11 5 32 9 2 11 29 23 9 6 25 32 9 11 27 15 9 12 12 7 16 9 25 16 16 18 15 24 14 28
split_gain=4767.67 3986.08 2518.88 2467.16 2163.36 2011.75 1755.92 2527.95 2093.45 1744.47 1632.21 1541.22 1813.73 1505.89 1890.23 1501.1 1443.34 1918.07 3302.84 1594.46 1499.38 1968.72 1661.08 6746.09 1440.8 1616.04 1440.15 1499.89 2658.05 1871.43
threshold=251.51500000000001 -0.70710678118654757 -9.1915624949774912 346.82000000000005 3.5000000000000004 330.40500000000003 3.7154761904761906 18.658333333333335 308.23000000000008 0.9916835347852474 0.60000000000000064 1.7941075607508728e-15 304.92500000000001 348.64500000000004 4.9020833333333336 441.13500000000005 308.23000000000008 342.59229166666677 349.4656250000001 -0.40613878790836594 366.86473214285724 334.22000000000008 1.7000000000000004 369.59687500000001 371.4805952380953 317.93000000000006 439.25500000000005 22.499702380952382 316.84500000000008 9.1491071428571455
decision_type=2 2 2 2 2 2 2 2 2 2 2 2 2 2 2 2 2 2 2 2 2 2 2 2 2 2 2 2 2 2
left_child=-1 11 4 16 5 -3 7 -7 -9 15 -6 -2 -13 -8 -15 26 17 19 -19 -4 21 -18 -22 -24 25 -12 27 28 -10 -29
right_child=1 2 3 -5 10 6 13 8 9 -11 24 12 -14 14 -16 -17 20 18 -20 -21 22 -23 23 -25 -26 -27 -28 29 -30 -31
leaf_value=-0.53810698419082459 0.092276401209494541 0.35718850498849697 -0.28751557239077313 0.13722133759370786 -0.080750575023981294 -0.15461215332917433 0.43274375268004156 -0.2854316694492644 0.52473904397752547 0.35789715568630065 0.043913624945934079 -0.26045247507199909 0.028456883375994158 0.23224810090329912 -0.061638658558544904 -0.11204562891335762 -0.026156097620558601 -0.62148251993224979 -0.022171110759178797 -0.039152966516870842 -0.042400656833262794 0.1151682039871272 -0.75217774891576106 -0.09004441354371534 -0.10424917709703248 0.33739844039772399 0.36817697133868932 -0.10496686380873953 0.072019191863866336 0.079776782339521846
leaf_weight=41 1369 55 77 194 670 170 44 44 45 49 357 57 1157 135 92 122 2300 47 45 402 1150 276 43 365 138 54 40 189 116 499
leaf_count=41 1369 55 77 194 670 170 44 44 45 49 357 57 1157 135 92 122 2300 47 45 402 1150 276 43 365 138 54 40 189 116 499
internal_value=1.27795e-10 0.00214177 -0.0158516 -0.0375195 0.0218038 0.060036 0.0494578 0.0248734 0.0525116 0.0665395 -0.0283778 0.055906 0.0148919 0.165031 0.11314 0.0524183 -0.0447245 -0.119239 -0.328341 -0.0790776 -0.0344323 -0.0110142 -0.0731519 -0.159828 0.0355379 0.0824737 0.0749881 0.0611747 0.198556 0.029026
internal_weight=10342 10301 7718 4899 2819 1600 1545 1274 1104 1060 1219 2583 1214 271 227 1011 4705 571 92 479 4134 2576 1558 408 549 411 889 849 161 688
internal_count=10342 10301 7718 4899 2819 1600 1545 1274 1104 1060 1219 2583 1214 271 227 1011 4705 571 92 479 4134 2576 1558 408 549 411 889 849 161 688
is_linear=0
shrinkage=0.05


Tree=79
num_leaves=31
num_cat=0
split_feature=11 5 9 7 17 6 2 11 25 15 25 14 6 16 9 13 17 15 2 18 25 7 22 9 6 13 18 25 2 26
split_gain=4302.82 3780.05 3154.28 6896.46 2764.73 9995.83 2984.03 2727.38 2568.93 6165.04 4385.89 2471.42 2495.2 2993.75 3331.48 2387.2 2233.39 3500.75 3331.12 1831.35 1751.44 1666.69 2566.41 2624.22 1661.51 1513.56 1504.61 1500.68 1464.32 2345.02
threshold=251.51500000000001 0.60355339059327384 334.13500000000005 -0.99761278905001471 45.46741229618474 0.54219432480460406 4.5000000000000009 333.72000000000008 -0.84999999999999776 342.34000000000003 -1.0000000180025095e-35 307.81000000000006 -0.61237985104942771 349.67958333333337 323.36500000000007 39.056789889499733 32.976875713997295 403.56000000000006 1.0000000180025095e-35 312.29500000000007 -5.8500000000000005 0.5969655492110445 24.700000000000003 329.67500000000001 0.94704596667653973 14.560010513276842 168.59000000000003 -2.1999999999999997 3.5000000000000004 0.050000000000000051
decision_type=2 2 2 2 2 2 2 2 2 2 2 2 2 2 2 2 2 2 2 2 2 2 2 2 2 2 2 2 2 2
left_child=-1 2 3 -2 6 -6 7 25 9 -9 15 26 27 -14 -15 19 17 18 -12 -10 -4 22 23 24 -18 -5 -11 -13 29 -22
right_child=1 -3 20 4 5 -7 -8 8 10 11 16 12 13 14 -16 -17 21 -19 -20 -21 28 -23 -24 -25 -26 -27 -28 -29 -30 -31
leaf_value=-0.51120164517949263 -0.57676165793456291 -0.04537216677834615 -0.17240093301789947 0.39409803168193713 -0.77694349709711974 0.11400333565824172 -0.04124158357762446 -0.46530637130770203 0.58612312702462077 -0.12909549677706497 0.19789458547647185 0.18159001091311516 0.069272909531842036 -0.49073794973202239 -0.11478971418657986 -0.021156570012681189 -0.093677560184708131 0.24657991697374537 -0.19703858593995854 0.23109975902784974 -0.2070499401466519 0.13598872699007156 0.088155181292176296 0.16650922104278032 -0.40863446710156465 0.11651716878229422 0.1751585504713179 -0.044830292005042571 0.033200786628583875 0.14038469876006726
leaf_weight=41 51 2986 68 74 50 85 1699 77 64 49 65 142 142 78 241 48 234 76 299 84 51 545 639 85 51 146 238 151 765 1018
leaf_count=41 51 2986 68 74 50 85 1699 77 64 49 65 142 142 78 241 48 234 76 299 84 51 545 639 85 51 146 238 151 765 1018
internal_value=-5.98853e-11 0.00203468 0.0213863 0.00192373 0.00742782 -0.215977 0.0131978 0.0394145 0.0280773 -0.0335915 0.0595593 -0.00165866 -0.0491893 -0.121703 -0.206714 0.285249 0.0373752 -0.0620712 -0.126515 0.384623 0.0767757 0.0655324 0.0274763 -0.0773179 -0.150038 0.209885 0.123213 0.0649024 0.0860145 0.123809
internal_weight=10342 10301 7315 5413 5362 135 5227 3528 3308 1118 2190 1041 754 461 319 196 1994 440 364 148 1902 1554 1009 370 285 220 287 293 1834 1069
internal_count=10342 10301 7315 5413 5362 135 5227 3528 3308 1118 2190 1041 754 461 319 196 1994 440 364 148 1902 1554 1009 370 285 220 287 293 1834 1069
is_linear=0
shrinkage=0.05


Tree=80
num_leaves=31
num_cat=0
split_feature=5 32 13 16 16 11 13 11 9 15 25 9 12 13 10 14 25 16 16 2 7 12 11 15 19 15 25 12 2 7
split_gain=4012.33 2499.87 1940.29 1731.69 7306.6 3969.7 1881.67 3034.46 1944.6 1721.05 1840.11 1688.61 1667.71 2188.58 2947.74 1624.59 1826.92 3486.58 4726.18 2459.18 2862.74 2361.81 2102.36 1832.45 1602.39 1546.03 1520.57 1985.77 1513.65 1512.91
threshold=1.0000000180025095e-35 3.7916990107519317 10.322301615318512 342.42065476190481 342.87892857142862 303.74500000000006 10.386330250546999 300.34000000000009 308.23000000000008 411.88500000000005 -5.8500000000000005 306.80000000000007 390.21750000000003 43.152410958898081 428.59000000000003 255.01500000000001 -1.0999999999999959 358.34839285714293 368.90068452380962 1.0000000180025095e-35 -0.42179730054635828 343.80437500000005 404.11500000000007 404.95000000000005 427.56 410.45000000000005 0.84999999999999798 342.06895833333334 4.5000000000000009 -0.6652727025667432
decision_type=2 2 2 2 2 2 2 2 2 2 2 2 2 2 2 2 2 2 2 2 2 2 2 2 2 2 2 2 2 2
left_child=1 2 -1 5 -5 -2 -6 -8 11 15 -11 -9 13 -12 -15 -4 17 23 -19 20 21 -18 -22 24 -17 -10 27 -21 -27 -28
right_child=3 -3 9 4 6 -7 7 8 25 10 12 -13 -14 14 -16 16 19 18 -20 26 22 -23 -24 -25 -26 28 29 -29 -30 -31
leaf_value=0.27628224212676289 0.49968437633436658 -0.011287609351380538 0.20136435459842295 -0.66092216136290682 0.12413862060600273 0.012433765724699897 -0.44038997647610123 -0.087707813438602483 0.012496911436439585 -0.19170562801051089 0.1086745104482318 -0.35362998808239715 0.36547575859647052 0.079558637772997223 -0.42883254866237225 -0.0028185055325968787 -0.32989945516345048 -0.64524807025466058 0.0014968918370349069 -0.36284346156914177 0.50171985792262219 0.20035299587817421 0.14059727963648347 -0.27884658914804461 0.33053760996391612 -0.032699433583003909 0.18803467823024422 -0.031994555308483545 -0.1314406909579626 -0.016193595584155174
leaf_weight=100 46 2077 107 47 180 458 47 227 1525 56 1291 81 57 75 46 223 42 57 56 58 70 42 95 50 43 2083 133 208 477 285
leaf_count=100 46 2077 107 47 180 458 47 227 1525 56 1291 81 57 75 46 223 42 57 56 58 70 42 95 50 43 2083 133 208 477 285
internal_value=3.32534e-10 0.0311434 0.0596273 -0.0311434 -0.040652 0.0569051 -0.0343419 -0.0407668 -0.0364912 0.052391 0.0895974 -0.157642 0.100321 0.0896171 -0.113714 0.0137663 -0.00097153 -0.0863708 -0.324737 0.0382956 0.172836 -0.0647732 0.293801 -0.00113209 0.0510699 -0.0273568 -0.0106818 -0.104135 -0.0510977 0.0487881
internal_weight=10342 5171 3094 5171 4667 504 4620 4440 4393 2994 1525 308 1469 1412 121 1469 1362 429 113 933 249 84 165 316 266 4085 684 266 2560 418
internal_count=10342 5171 3094 5171 4667 504 4620 4440 4393 2994 1525 308 1469 1412 121 1469 1362 429 113 933 249 84 165 316 266 4085 684 266 2560 418
is_linear=0
shrinkage=0.05


Tree=81
num_leaves=31
num_cat=0
split_feature=11 11 5 9 12 16 25 7 17 17 9 15 22 12 29 29 6 14 16 32 9 25 23 2 6 19 22 11 25 11
split_gain=3879.35 3301.17 3684.97 2831.42 5970.59 3900.39 6353.24 2650.91 4773.31 2460.36 2183.13 1839.23 1690.13 2854.09 3137.87 3753.56 2834.95 2738.84 2219 2097.09 2024.64 1618.76 1614.13 1676.39 2287.53 3431.14 2591.45 1780.5 1673.43 2013.99
threshold=251.51500000000001 300.34000000000009 0.60355339059327384 320.38000000000005 376.36166666666674 359.081755952381 -1.9499999999999991 -0.99761278905001471 26.768341167857965 46.354287850065255 298.98500000000007 340.62500000000006 20.850000000000005 343.55062500000003 0.42767857142857152 0.1630952380952381 0.82414472752956958 308.12500000000006 371.87217261904772 5.4276510583374495 338.81000000000006 1.0000000180025095e-35 30.341666666666672 4.5000000000000009 0.082691702092476851 399.55500000000006 21.400000000000002 348.95000000000005 -2.2999999999999994 352.74500000000006
decision_type=2 2 2 2 2 2 2 2 2 2 2 2 2 2 2 2 2 2 2 2 2 2 2 2 2 2 2 2 2 2
left_child=-1 -2 3 4 5 9 -7 8 -5 10 -3 -12 16 21 15 18 -9 -18 20 -16 -15 -14 23 24 28 27 -27 -26 -13 -30
right_child=1 2 -4 7 -6 6 -8 12 -10 -11 11 22 13 14 19 -17 17 -19 -20 -21 -22 -23 -24 -25 25 26 -28 -29 29 -31
leaf_value=-0.48539464691790135 0.44969235905786847 -0.25889720240443509 -0.047038052632411155 0.055172599124557832 -0.55708157291599347 -0.68599414297689998 -0.077860242855967959 0.058089854745759832 -0.55669097200803019 -0.28723774679672365 0.19598979394444649 0.11955219422028784 0.51328131270174893 0.053071067830367129 0.28998674399722207 -0.21700395635219621 0.27006554986331976 -0.11369763670308593 -0.027827816483783591 0.067403536139818934 0.18733041852552834 0.16827967225747439 0.18346904852324064 -0.06113991591703985 0.15986294891776109 0.13070248208951527 -0.088544032318600557 0.61782743856310851 0.067718089804102002 -0.15470231683483643
leaf_weight=41 41 68 2949 85 51 51 272 1054 51 67 153 136 51 1136 226 136 51 526 594 199 373 102 135 645 41 405 202 44 153 304
leaf_count=41 41 68 2949 85 51 51 272 1054 51 67 153 136 51 1136 226 136 51 526 594 199 373 102 135 645 41 405 202 44 153 304
internal_value=1.43916e-10 0.00193197 0.00014267 0.0191737 -0.0211688 -0.0109553 -0.173881 0.0431733 -0.174276 0.0114099 0.0201629 0.0287184 0.0498219 0.073274 0.0612128 0.0375707 0.00931643 -0.0797775 0.0540339 0.185765 0.0862578 0.28328 0.0163249 0.00463348 0.0376481 0.0994038 0.0577407 0.396927 -0.0344174 -0.0802377
internal_weight=10342 10301 10260 7311 2727 2676 323 4584 136 2353 2286 2218 4448 2817 2664 2239 1631 577 2103 425 1509 153 2065 1930 1285 692 607 85 593 457
internal_count=10342 10301 10260 7311 2727 2676 323 4584 136 2353 2286 2218 4448 2817 2664 2239 1631 577 2103 425 1509 153 2065 1930 1285 692 607 85 593 457
is_linear=0
shrinkage=0.05


Tree=82
num_leaves=31
num_cat=0
split_feature=5 32 9 13 13 11 11 13 17 12 18 2 11 29 23 9 6 16 9 15 13 32 9 15 11 27 18 2 15 2
split_gain=3554.58 2405.51 2284.25 1667.41 3385.39 11384.4 2895.76 1931.24 3047.19 1747.15 1729.65 1667.34 1826.08 1489.42 2101.74 1628.42 1453.16 1403.29 1456.08 1407.27 1375.44 1341.22 1590.61 1330.5 1317.35 1678.59 1292.56 4761.42 1282.53 1272
threshold=-0.70710678118654757 -9.1915624949774912 346.82000000000005 10.18733216452757 12.273067053899736 307.86500000000007 300.34000000000009 10.790393427095889 35.27858756178334 322.31208333333342 305.20000000000005 3.5000000000000004 330.40500000000003 3.7154761904761906 18.658333333333335 308.23000000000008 0.9916835347852474 374.4775297619048 311.53000000000003 365.78500000000003 33.564592187906605 1.7941075607508728e-15 304.92500000000001 441.13500000000005 348.64500000000004 4.9020833333333336 168.59000000000003 1.5000000000000002 439.25500000000005 1.0000000180025095e-35
decision_type=2 2 2 2 2 2 2 2 2 2 2 2 2 2 2 2 2 2 2 2 2 2 2 2 2 2 2 2 2 2
left_child=21 11 3 10 5 -5 -6 -7 -9 -10 -3 12 -2 14 29 -16 23 18 26 -20 -13 -1 -23 28 -15 -26 27 -8 -17 -14
right_child=1 2 -4 4 6 7 17 8 9 -11 -12 20 13 24 15 16 -18 -19 19 -21 -22 22 -24 -25 25 -27 -28 -29 -30 -31
leaf_value=0.084663351841079787 0.33659452958540487 0.38992525408217732 0.13019133587319828 -0.79760460494535446 0.33868393512333145 0.11791218552493343 -0.67581750885361724 -0.43216841962944336 -0.32061406817131988 0.01909036003209276 0.0064448980874912722 0.016685076829560851 0.085057770295275587 0.40024267428088933 -0.25208779529784808 0.053663126410295574 0.32425848954186148 -0.13977546236030644 0.10565919905583361 -0.026402540194872016 -0.093196140781402703 -0.24534355195467936 0.02520730177468149 -0.10938635931615566 0.21355772438183152 -0.063387856915917085 -0.066059386139396548 -0.015493834840181547 0.34337763890624046 -0.22495338630080225
leaf_weight=1371 55 43 194 64 51 95 42 69 48 179 93 767 45 44 44 849 49 327 217 2866 453 57 1158 122 135 92 570 78 40 125
leaf_count=1371 55 43 194 64 51 95 42 69 48 179 93 767 45 44 44 849 49 327 217 2866 453 57 1158 122 135 92 570 78 40 125
internal_value=-1.61783e-10 -0.0169261 -0.0379732 -0.044853 -0.0499477 -0.179422 -0.0357557 -0.078236 -0.141189 -0.0527414 0.127692 0.0199138 0.0534857 0.0434074 0.0207655 0.0459663 0.0583383 -0.0404134 -0.0318018 -0.0171072 -0.0241151 0.0507652 0.0125148 0.04545 0.14985 0.101315 -0.097459 -0.246607 0.0666987 -0.142892
internal_weight=10342 7756 4936 4742 4606 455 4151 391 296 227 136 2820 1600 1545 1274 1104 1060 4100 3773 3083 1220 2586 1215 1011 271 227 690 120 889 170
internal_count=10342 7756 4936 4742 4606 455 4151 391 296 227 136 2820 1600 1545 1274 1104 1060 4100 3773 3083 1220 2586 1215 1011 271 227 690 120 889 170
is_linear=0
shrinkage=0.05


Tree=83
num_leaves=31
num_cat=0
split_feature=11 11 5 9 7 17 6 2 25 15 2 11 25 9 24 15 25 13 25 6 13 7 25 25 29 27 32 26 2 9
split_gain=3573.73 2925.59 3130.05 2604.22 5975.12 2260.79 8634.65 2289.71 2115.92 4140.46 3854.59 3813 2897.03 2726.13 2235.34 1986.45 2278.26 2050.2 1934.32 1908.2 1808.46 1499.14 1478.3 1424.5 1817.21 2242.23 1247.23 1219.83 1677.18 1972.27
threshold=251.51500000000001 300.34000000000009 0.60355339059327384 334.13500000000005 -0.99761278905001471 45.46741229618474 0.54219432480460406 4.5000000000000009 -0.84999999999999776 342.34000000000003 1.0000000180025095e-35 356.49000000000007 1.4000000000000006 329.67500000000001 11.353571428571431 380.9500000000001 1.599999999999999 24.849951466666564 -1.0000000180025095e-35 0.90892735371523092 43.549039369967844 -0.85225707553516283 -5.8500000000000005 -5.2999999999999998 3.7154761904761906 2.4437500000000005 3.4940571088840322 0.050000000000000051 3.5000000000000004 340.185
decision_type=2 2 2 2 2 2 2 2 2 2 2 2 2 2 2 2 2 2 2 2 2 2 2 2 2 2 2 2 2 2
left_child=-1 -2 3 4 -3 7 -7 8 9 11 18 -6 13 -12 -11 -14 -17 -18 -10 23 -19 -4 -5 -16 25 -25 -26 -24 -29 -30
right_child=1 2 21 22 5 6 -8 -9 10 14 12 -13 15 -15 19 16 17 20 -20 -21 -22 -23 27 24 26 -27 -28 28 29 -31
leaf_value=-0.46588222704282622 0.42337457367287179 -0.53862923380060523 0.042158353722758717 -0.1608903626445681 -0.018046340142332373 -0.71825289225578315 0.10981297825298766 -0.037336640380631732 0.42756738660528382 -0.32165774941071867 0.039090289451165855 -0.6878600393616876 -0.2725156413772738 0.24062620546727764 0.21682548460495821 -0.33832783509118886 -0.22348877075292611 0.07036991504786004 0.14233050841080436 -0.20835196777202547 -0.17714470672804644 -0.058182615713855169 -0.13128625279949868 0.0031940153007620157 0.2374992499528108 -0.34229982638475942 0.006480946705125056 0.12629060819918889 0.098458290336379678 -0.06545269140172115
leaf_weight=41 41 51 437 68 42 50 85 1698 68 50 697 43 83 221 102 51 85 560 472 84 85 2512 68 593 135 51 103 1018 425 323
leaf_count=41 41 51 437 68 42 50 85 1698 68 50 697 43 83 221 102 51 85 560 472 84 85 2512 68 593 135 51 103 1018 425 323
internal_value=9.98209e-11 0.0018543 0.000169865 0.0177095 1.38587e-05 0.00514092 -0.196878 0.0103625 0.0333394 -0.02048 0.0612225 -0.356893 0.0257599 0.0876082 0.005097 -0.0399539 -0.0152387 0.0073333 0.178249 0.0203945 0.0377517 -0.0433135 0.0680333 0.0399216 0.0194634 -0.0241665 0.137521 0.0765212 0.0845229 0.0276785
internal_weight=10342 10301 10260 7311 5409 5358 135 5223 3525 1203 2322 85 1782 918 1118 864 781 730 540 1068 645 2949 1902 984 882 644 238 1834 1766 748
internal_count=10342 10301 10260 7311 5409 5358 135 5223 3525 1203 2322 85 1782 918 1118 864 781 730 540 1068 645 2949 1902 984 882 644 238 1834 1766 748
is_linear=0
shrinkage=0.05


Tree=84
num_leaves=31
num_cat=0
split_feature=11 5 23 23 9 15 17 22 22 9 32 16 2 19 13 16 9 25 17 10 28 2 24 15 13 16 18 12 32 16
split_gain=3225.29 2710.96 1955.17 4474.94 1544.47 2119.62 1979.28 1965.99 3382.47 1636.64 1741.2 1580.45 1517.25 1496.25 1460.75 1657.18 1514.25 1802.79 1486 1660.89 1420.38 1443.91 1380.33 1325.08 1282.56 1260.24 2112.05 1237.88 1331.86 1329.98
threshold=251.51500000000001 -0.70710678118654757 36.110416666666673 36.00833333333334 310.48500000000007 376.99500000000006 37.794621976946793 29.150000000000002 31.400000000000002 330.59000000000009 -8.5794592937645096 377.38086309523811 1.0000000180025095e-35 449.48000000000008 37.162828750675423 344.01889880952382 322.52000000000004 -1.2000000000000008 36.30660020481325 373.42000000000007 0.49047619047619057 2.5000000000000004 35.258928571428577 455.73500000000007 10.18733216452757 359.83952380952383 305.20000000000005 332.21791666666672 -9.3462180497990577 349.67958333333337
decision_type=2 2 2 2 2 2 2 2 2 2 2 2 2 2 2 2 2 2 2 2 2 2 2 2 2 2 2 2 2 2
left_child=-1 23 3 4 7 6 9 27 -9 25 -11 14 -4 -8 15 -7 -17 22 19 -16 -19 -22 -18 24 -2 -6 -27 28 29 -3
right_child=1 2 12 -5 5 11 13 8 -10 10 -12 -13 -14 -15 18 16 17 20 -20 -21 21 -23 -24 -25 -26 26 -28 -29 -30 -31
leaf_value=-0.44258814003409414 0.24951422491317823 0.22238581108914923 0.23281306172881663 -0.47427644468154073 0.045261988757429497 0.073308033631201766 0.18457416590879591 -0.57945573415075036 -0.0057212362272871867 0.32746359599488128 0.0084676827185533269 -0.21176948708447593 0.034074298545424445 -0.0069841738635053234 0.020114482240458517 -0.12839278702731016 -0.18159484899809791 0.21428735497821538 -0.011236714612920022 0.21446687273481593 0.10324269675066451 -0.049219638549127726 0.095325662292264135 0.32465286808354515 0.035429903296919737 -0.38904881649823103 -0.048293659538548028 -0.12528974208681631 -0.056911839789317888 -0.027629988936030053
leaf_weight=41 72 103 116 54 252 251 349 49 54 70 110 108 558 144 318 610 270 72 1799 168 198 720 54 42 2469 54 288 358 481 110
leaf_count=41 72 103 116 54 252 251 349 49 54 70 110 108 558 144 318 610 270 72 1799 168 198 720 54 42 2469 54 288 358 481 110
internal_value=5.3388e-11 0.00176159 -0.0130773 -0.0208618 -0.017359 -0.00690239 0.0503184 -0.0701854 -0.278663 0.000442775 0.132522 -0.0227734 0.0682786 0.128622 -0.0181968 -0.0475263 -0.06329 -0.0330673 0.00972078 0.087298 0.000436973 -0.0163356 -0.135441 0.0461002 0.041496 -0.0395811 -0.102097 -0.0497737 -0.0108187 0.0932697
internal_weight=10342 10301 7718 7044 6990 5835 1267 1155 103 774 180 4568 674 493 4460 2175 1924 1314 2285 486 990 918 324 2583 2541 594 342 1052 694 213
internal_count=10342 10301 7718 7044 6990 5835 1267 1155 103 774 180 4568 674 493 4460 2175 1924 1314 2285 486 990 918 324 2583 2541 594 342 1052 694 213
is_linear=0
shrinkage=0.05


Tree=85
num_leaves=31
num_cat=0
split_feature=4 9 22 13 2 18 11 9 7 13 23 22 25 15 15 6 28 16 13 12 13 13 2 6 25 10 14 16 5 14
split_gain=3021.04 2633.01 4742.29 17061.3 2301.46 1944.85 2642.27 2129.61 3221.44 3016.16 2393.5 2790.54 1879.97 3770.8 2932.06 2746.79 2698.59 3306.48 2574.38 3152.33 2817.56 2212.96 1830.41 2472.27 1731.84 1705.48 1664.89 1889.22 1601.57 1557.44
threshold=0.12940952255126045 339.17000000000002 35.850000000000009 12.753971637596027 3.5000000000000004 77.640000000000015 300.34000000000009 308.23000000000008 -0.40613878790836594 18.273746863849635 13.464583333333335 11.950000000000001 -0.60000000000000042 355.28500000000003 367.18000000000006 0.49812943072827093 0.043154761904761883 338.15202380952388 14.137000485691397 388.36770833333338 12.597542009912422 43.225061852357669 1.5000000000000002 0.534952257794027 1.6999999999999977 421.88500000000005 330.43500000000006 372.76288690476196 0.1294095225512602 309.08500000000009
decision_type=2 2 2 2 2 2 2 2 2 2 2 2 2 2 2 2 2 2 2 2 2 2 2 2 2 2 2 2 2 2
left_child=4 2 5 -4 12 -2 -7 8 9 -8 11 -10 13 15 -15 -1 -14 -18 20 28 -19 29 23 -3 26 -9 27 -6 -20 -16
right_child=1 22 3 -5 24 6 7 25 10 -11 -12 -13 16 14 21 -17 17 18 19 -21 -22 -23 -24 -25 -26 -27 -28 -29 -30 -31
leaf_value=-0.33037441377313093 -0.28596818811799352 0.29261300830574305 -1.1442361757201567 0.061618629339235759 -0.04673808157728275 0.35469928695396946 -0.6726887123038372 -0.014861273040487653 -0.074839175149150519 -0.099570240554484463 0.032873177303908728 -0.51056348998789436 0.40010165532047931 0.2955131516039658 0.1980331689463212 0.044940482844144869 -0.18499537106030262 0.11875038263429311 0.085798053922534867 0.33784690921253702 0.40343298789145604 -0.24115548116433155 0.011571158215296098 -0.1359791730276563 0.054240841525235339 -0.26437598494546755 0.05383380689282731 -0.25705420523245109 -0.029024287393805404 0.009893948416578929
leaf_weight=130 76 143 44 88 1222 44 48 3164 115 44 234 54 65 104 130 78 117 338 658 91 117 77 572 44 702 70 377 117 564 715
leaf_count=130 76 143 44 88 1222 44 48 3164 115 44 234 54 65 104 130 78 117 338 658 91 117 77 572 44 702 70 377 117 564 715
internal_value=-1.48622e-10 -0.0293784 -0.0456501 -0.340333 0.0248578 -0.035544 -0.0304997 -0.0350448 -0.131626 -0.398589 -0.0706814 -0.214065 0.052786 0.00448911 0.043843 -0.189631 0.0833492 0.0724267 0.089462 0.0539448 0.191954 0.015455 0.0559674 0.191768 -0.0119176 -0.020262 -0.0389825 -0.0651152 0.0328031 0.0388384
internal_weight=10342 4740 3981 132 5602 3849 3773 3729 495 92 403 169 3184 1234 1026 208 1950 1885 1768 1313 455 922 759 187 2418 3234 1716 1339 1222 845
internal_count=10342 4740 3981 132 5602 3849 3773 3729 495 92 403 169 3184 1234 1026 208 1950 1885 1768 1313 455 922 759 187 2418 3234 1716 1339 1222 845
is_linear=0
shrinkage=0.05


Tree=86
num_leaves=31
num_cat=0
split_feature=11 11 5 17 25 13 17 13 13 23 2 29 23 14 7 29 15 18 22 13 0 28 28 9 6 6 8 30 16 10
split_gain=2964.18 2557.16 2657.88 2149.75 7602.29 2284.74 2528.59 2488.5 5068.04 13300.3 4065.57 3194.57 3026.84 3425.31 2857.68 2642.6 2579.52 2243.94 1597.86 1764.46 2358.38 1575.8 1793.79 1535.5 1639.9 3203.29 2397.62 1482.67 1450.88 1898.33
threshold=251.51500000000001 300.34000000000009 0.60355339059327384 45.46741229618474 1.1000000000000008 37.162828750675423 36.663766014706894 10.790393427095889 11.482999848160668 32.216666666666676 1.0000000180025095e-35 0.0023809523809523729 33.220833333333339 280.24000000000007 0.87709077819680659 0.62589285714285725 347.98500000000007 311.10000000000008 25.300000000000004 39.83671117449763 11.500000000000002 5.1931547619047631 4.1630952380952388 298.98500000000007 -0.54220184589352438 -0.58482361983252518 1.0000000180025095e-35 33.70000000000001 349.06148809523819 373.42000000000007
decision_type=2 2 2 2 2 2 2 2 2 2 2 2 2 2 2 2 2 2 2 2 2 2 2 2 2 2 2 2 2 2
left_child=-1 -2 3 5 -5 7 -7 -3 9 14 11 27 13 -12 -9 -13 -17 28 21 20 -20 22 -19 -15 25 -25 -27 -10 29 -8
right_child=1 2 -4 4 -6 6 17 8 10 -11 12 15 -14 23 -16 16 -18 18 19 -21 -22 -23 -24 24 -26 26 -28 -29 -30 -31
leaf_value=-0.424295214908879 0.39577507151336211 0.12490070379738297 -0.039955656646317658 -0.55939799561651782 0.19104427695274354 0.14480504917756484 0.11414377516135575 0.13256406146010347 0.45451675471183589 -0.95259740745064381 0.27186102074735302 -0.16551016874537611 0.067263579109710467 -0.32215253552969769 -0.32582839717175449 -0.0098165554509155057 0.28992318439927395 -0.094553557629970947 -0.065348000240046542 -0.1277114162769388 0.46230687611632881 -0.013310766311155426 -0.43909222592106634 -0.066971933710087292 -0.023717583446766749 -0.13395736484716719 -0.61888106135278953 0.13363833494484426 0.077567086814486291 -0.35925650299216311
leaf_weight=41 41 371 2949 67 68 646 40 102 90 51 85 101 833 51 51 152 136 85 40 68 45 135 68 559 2106 52 50 60 1154 45
leaf_count=41 41 371 2949 67 68 646 40 102 90 51 85 101 833 51 51 152 136 85 40 68 45 135 68 559 2106 52 50 60 1154 45
internal_value=1.10181e-11 0.00168878 0.000113969 0.0162766 -0.181397 0.0199954 0.0607347 0.000457379 -0.00985038 -0.253324 0.00176803 0.13014 -0.0167525 -0.0408605 -0.0202334 0.0545525 0.131727 0.0284077 -0.0684507 0.0621275 0.213999 -0.13782 -0.247682 -0.0502932 -0.0452824 -0.11399 -0.371665 0.326165 0.0628827 -0.13648
internal_weight=10342 10301 10260 7311 135 7176 2326 4850 4479 204 4275 539 3736 2903 153 389 288 1680 441 153 85 288 153 2818 2767 661 102 150 1239 85
internal_count=10342 10301 10260 7311 135 7176 2326 4850 4479 204 4275 539 3736 2903 153 389 288 1680 441 153 85 288 153 2818 2767 661 102 150 1239 85
is_linear=0
shrinkage=0.05


Tree=87
num_leaves=31
num_cat=0
split_feature=4 13 22 16 18 0 9 6 17 12 14 9 18 17 17 25 2 12 13 26 17 10 9 9 15 19 27 13 6 7
split_gain=2723.58 2360.53 7683.77 4619.34 2442.92 2044.58 1797.97 1547.1 2596.19 2724.73 3594.41 2487.5 4308.01 2386.41 2624.22 2346.09 2228.45 2010.7 1899.08 1811.59 1771.79 2081.59 1501.43 1455.07 1444.62 1444.31 1425.66 1424.32 1412.87 3406.31
threshold=0.12940952255126045 12.273067053899736 35.850000000000009 344.77922619047627 168.59000000000003 21.500000000000004 346.82000000000005 0.048362692321690152 36.469805204244658 329.41916666666674 330.12500000000006 307.05500000000001 304.34000000000009 37.97855033243988 43.703806745705663 1.6999999999999977 1.0000000180025095e-35 390.10937500000006 40.022450996952145 0.14791666666666656 37.38199216828685 423.34500000000008 299.45000000000005 324.66500000000002 439.00500000000005 408.51500000000004 1.2500000000000002 16.729248475480066 0.78325454425165997 -0.5129677127369543
decision_type=2 2 2 2 2 2 2 2 2 2 2 2 2 2 2 2 2 2 2 2 2 2 2 2 2 2 2 2 2 2
left_child=5 2 3 -2 -5 7 22 11 9 -9 19 12 -1 -13 16 20 -15 -18 -17 -11 23 -22 -3 -10 -25 -21 -23 -7 -24 -30
right_child=1 6 -4 4 -6 27 -8 8 15 10 -12 13 -14 14 -16 18 17 -19 -20 25 21 26 28 24 -26 -27 -28 -29 29 -31
leaf_value=-0.042204252495007089 -0.55260806614749647 -0.28159416617317634 -0.63059249664797934 0.3435831552540714 -0.048096760619948643 0.05744616682236714 0.13221290290348039 0.36716497423070854 -0.27551751845939593 0.16731875496304999 0.23512580155053389 -0.020890401145277154 -0.59902234609154137 0.35824489342895421 -0.23532282485541975 0.17376874872243428 0.059059896318079987 0.41144973193718637 -0.050629071228093271 0.13854338753065376 0.047134455457629745 -0.032092214465141294 -0.0022251376812192341 0.048466118054141194 -0.2860901409675452 -0.048992967435172778 -0.43257486559450631 -0.086693534451446091 -0.41950612933459608 -0.046211324322996947
leaf_weight=165 43 55 66 44 418 236 198 99 110 198 319 1177 44 88 55 330 506 44 132 132 624 50 3025 121 44 462 40 626 66 825
leaf_count=165 43 55 66 44 418 236 198 99 110 198 319 1177 44 88 55 330 506 44 132 132 624 50 3025 121 44 462 40 626 66 825
internal_value=-4.93019e-11 -0.0278946 -0.123236 -0.0569286 -0.0107939 0.0236023 -0.0148362 0.0364838 0.0617328 0.115815 0.0934178 0.00416652 -0.159429 0.0224507 0.0960619 0.016633 0.12463 0.0872511 0.109655 0.036341 -0.0268212 0.0147119 -0.0221683 -0.134656 -0.0407489 -0.00731822 -0.210085 -0.0472307 -0.0185247 -0.0738628
internal_weight=10342 4740 571 505 462 5602 4169 4740 2661 1210 1111 2079 209 1870 693 1451 638 550 462 792 989 714 3971 275 165 594 90 862 3916 891
internal_count=10342 4740 571 505 462 5602 4169 4740 2661 1210 1111 2079 209 1870 693 1451 638 550 462 792 989 714 3971 275 165 594 90 862 3916 891
is_linear=0
shrinkage=0.05


Tree=88
num_leaves=31
num_cat=0
split_feature=5 15 13 13 11 9 23 11 28 2 16 23 18 32 9 15 7 16 10 13 14 14 9 23 17 14 9 25 16 0
split_gain=2642.53 2098.94 1470.97 2380.81 10674.5 2675.16 6845.76 2376.85 1895.47 1858.69 1885 1567.84 1478.69 1428.71 1363.78 1786.02 2217.25 1733.79 1431.23 1003.38 2124.26 1435.32 1135 3601.97 1001.73 1201.38 1508.61 967.319 888.144 861.046
threshold=-0.5 456.68500000000006 10.322301615318512 12.273067053899736 307.86500000000007 331.61000000000007 32.216666666666676 300.34000000000009 0.39345238095238094 1.0000000180025095e-35 341.50383928571438 22.154166666666672 228.29500000000004 3.2869009819615319e-15 326.28500000000003 432.38500000000005 -0.21862536810265826 373.57255952380962 355.4550000000001 43.348748382654456 237.45500000000001 280.24000000000007 308.23000000000008 21.779166666666672 38.510675973285949 295.7000000000001 302.28500000000003 2.2000000000000006 368.37294642857142 21.500000000000004
decision_type=2 2 2 2 2 2 2 2 2 2 2 2 2 2 2 2 2 2 2 2 2 2 2 2 2 2 2 2 2 2
left_child=1 13 -2 4 -4 6 8 -5 -6 10 -9 12 -12 19 15 24 -17 -16 -18 21 -21 -1 23 -23 25 -11 -27 -14 -13 -28
right_child=2 -3 3 7 5 -7 -8 9 -10 14 11 28 27 -15 17 16 18 -19 -20 20 -22 22 -24 -25 -26 26 29 -29 -30 -31
leaf_value=0.3632190946489573 0.10816022126902161 0.3640711576367418 -0.72198340177536013 0.32393698056156817 -0.25758457242045552 0.17877718537562975 -0.69812577768813733 -0.22000523394062405 0.020613990191421988 0.080777139039451468 -0.22319894980552585 0.33166226329246784 0.01051153190630047 -0.0069520162268220127 0.028416748039988102 -0.036161981240314035 -0.18973222067755349 -0.060407214372238144 -0.57796073798523395 0.11074833615259692 -0.35535643912259152 0.062854482414144472 0.074736685719748563 -0.42926152790120498 0.0054956972299778622 -0.30782769061625004 -0.046286432541432707 0.305097664824941 0.072424420582441001 -0.15906487365344957
leaf_weight=40 224 48 65 52 76 108 43 42 315 144 43 106 76 1429 1930 112 53 768 43 55 44 165 1618 48 971 64 1375 44 48 193
leaf_count=40 224 48 65 52 76 108 43 42 315 144 43 106 76 1429 1930 112 53 768 43 55 44 165 1618 48 971 64 1375 44 48 193
internal_value=8.12676e-11 0.0357458 -0.0178703 -0.0221022 -0.116513 -0.0439013 -0.0993144 -0.0126517 -0.0334604 -0.015563 0.0947576 0.136461 0.028378 0.0311092 -0.022569 -0.0460353 -0.187299 0.00313254 -0.363626 0.0587181 -0.0964093 0.0669263 0.0604535 -0.0480449 -0.035339 -0.0576647 -0.0698801 0.118526 0.250861 -0.060168
internal_weight=10342 3447 6895 6671 607 542 434 6064 391 6012 359 317 163 3399 5653 2955 208 2698 96 1970 99 1871 1831 213 2747 1776 1632 120 154 1568
internal_count=10342 3447 6895 6671 607 542 434 6064 391 6012 359 317 163 3399 5653 2955 208 2698 96 1970 99 1871 1831 213 2747 1776 1632 120 154 1568
is_linear=0
shrinkage=0.05


Tree=89
num_leaves=31
num_cat=0
split_feature=11 11 5 9 7 17 6 13 13 6 6 6 23 13 16 17 17 29 25 26 9 18 6 25 32 16 22 14 7 0
split_gain=2674.08 2278.83 2160.32 1872.09 4579.19 1655.7 7019.84 1850.49 2083.71 2227.56 5143.13 2871.28 2864.2 1942.57 1769.83 2220.07 7221.89 2580.1 1946.52 1773.47 1695.71 1599.09 1722.37 1708.25 1595.63 1591.42 1786.68 1481.93 1416.45 1380.25
threshold=251.51500000000001 300.34000000000009 0.60355339059327384 334.13500000000005 -0.99761278905001471 45.46741229618474 0.54219432480460406 37.162828750675423 10.790393427095889 -0.94705910369513524 -0.97876850416056738 -0.90893996196865023 29.054166666666671 38.307152543724023 346.68000000000001 34.72186386427704 34.332654413925532 0.43452380952380959 1.6000000000000012 5.0937500000000009 322.76000000000005 304.82500000000005 1.0000000180025095e-35 3.3500000000000001 11.301041666666668 369.22538690476193 25.300000000000004 302.34500000000008 0.29958852271690523 13.500000000000002
decision_type=2 2 2 2 2 2 2 2 2 2 2 2 2 2 2 2 2 2 2 2 2 2 2 2 2 2 2 2 2 2
left_child=-1 -2 3 4 -3 7 -7 8 -6 10 20 12 -11 24 21 16 -16 18 29 -19 -10 22 23 -13 28 -15 -27 -24 -9 -17
right_child=1 2 -4 -5 5 6 -8 13 9 11 -12 14 -14 25 15 17 -18 19 -20 -21 -22 -23 27 -25 -26 26 -28 -29 -30 -31
leaf_value=-0.40299757689964483 0.37362568741891444 -0.47185841874749057 -0.036007482173966952 0.057356462958986165 0.11730158657536482 -0.63881009399890898 0.10782075391096227 0.49909287716906808 -0.17099776209569445 -0.031847420889957283 0.4360598585097229 -0.030739644545733968 -0.5617566323163462 0.055877840531278901 -0.080915372876968761 -0.089131949440697619 -0.70929599665835796 0.0084886573915155267 0.029120924777439418 0.24924610486801935 0.11802585178036427 0.30138878617800918 0.18646479512948325 -0.34985310213238585 0.013378746713293189 -0.20725582963338607 0.04951292728895651 0.012645424596372655 0.16994427491233433 -0.28001170523048191
leaf_weight=41 41 51 2949 1902 287 50 85 52 102 51 85 236 51 1188 442 230 51 764 185 85 101 51 170 51 81 135 136 440 88 161
leaf_count=41 41 51 2949 1902 287 50 85 52 102 51 85 236 51 1188 442 230 51 764 185 85 101 51 170 51 81 135 136 440 88 161
internal_value=2.4042e-10 0.00160401 0.000117373 0.0146889 -0.000314601 0.00417378 -0.168709 0.00864232 -0.0118515 -0.0232357 0.109528 -0.0361184 -0.296802 0.0518623 -0.0268407 -0.0544642 -0.14592 -0.0228236 -0.104505 0.0325928 -0.0271978 0.0290472 0.0135629 -0.0874462 0.190007 0.030937 -0.0783977 0.0610869 0.292199 -0.167729
internal_weight=10342 10301 10260 7311 5409 5358 135 5223 3543 3256 288 2968 102 1680 2866 1918 493 1425 576 849 203 948 897 287 221 1459 271 610 140 391
internal_count=10342 10301 10260 7311 5409 5358 135 5223 3543 3256 288 2968 102 1680 2866 1918 493 1425 576 849 203 948 897 287 221 1459 271 610 140 391
is_linear=0
shrinkage=0.05


Tree=90
num_leaves=31
num_cat=0
split_feature=11 11 23 23 9 9 16 11 15 17 13 17 10 24 12 13 16 12 19 12 32 15 23 13 10 11 10 9 30 7
split_gain=2413.35 2056.65 2040.21 5303.76 2143.68 4611.76 4126.99 4258.83 2193.73 3750.95 2585.75 2709.54 2695.33 2270.88 1870.15 1895.14 1869.14 1788.55 2214.89 2131.96 1706.38 1747.6 1665.9 1562.69 5542.06 1601.86 1558.24 1465.9 1352.05 1591.61
threshold=251.51500000000001 300.34000000000009 36.110416666666673 36.00833333333334 308.23000000000008 308.07500000000005 360.80937500000005 342.78500000000003 376.99500000000006 45.46741229618474 37.162828750675423 36.663766014706894 373.42000000000007 11.353571428571431 327.17020833333339 26.962352643358816 375.36485119047626 390.21750000000003 447.92000000000002 374.88895833333339 -4.5401174161733922 344.79000000000002 36.443750000000009 42.659814409184754 421.88500000000005 394.75500000000005 377.47500000000008 346.11500000000007 21.887500000000006 0.28313308994381586
decision_type=2 2 2 2 2 2 2 2 2 2 2 2 2 2 2 2 2 2 2 2 2 2 2 2 2 2 2 2 2 2
left_child=-1 -2 3 4 5 6 14 -8 13 10 16 12 -12 -6 20 -16 27 18 23 26 21 -3 -4 25 -25 -13 -20 -10 -15 -30
right_child=1 2 22 -5 8 -7 7 -9 9 -11 11 17 -14 28 15 -17 -18 -19 19 -21 -22 -23 -24 24 -26 -27 -28 -29 29 -31
leaf_value=-0.38284770802753731 0.35494439988964943 0.056416417102861618 0.27358133558831782 -0.43428946036405658 -0.30016238217552504 -0.57671267691739769 -0.060999806492396128 -0.73069735016933712 -0.037156415967733919 -0.44964284749391181 0.012397580686285018 0.013534519753509817 0.19153500261709955 0.042730952979708664 -0.15508368258870403 0.07752110979675006 -0.2904774212795827 0.18562971465677647 -0.063503067599278748 -0.12893478115731544 -0.02767178393428606 0.36386695762866761 0.049044088344233593 0.0099844436714892956 -0.59209712547334759 0.14678291032597743 0.22326908547650365 0.24142039787499622 0.097478296868503095 0.39109759827454887
leaf_weight=41 41 140 92 72 45 43 53 43 2917 48 416 727 424 1684 324 120 72 120 107 576 304 69 809 291 44 327 85 48 200 60
leaf_count=41 41 140 92 72 45 43 53 43 2917 48 416 727 424 1684 324 120 72 120 107 576 304 69 809 291 44 327 85 48 200 60
internal_value=2.00215e-10 0.00152381 0.000111505 -0.00680651 -0.00349233 -0.0691636 -0.0484375 -0.360968 0.00529484 -0.00935877 -0.00592464 0.0260671 0.102819 0.050987 -0.0170864 -0.0922175 -0.0387591 -0.00224726 -0.0126994 -0.0808377 0.0479394 0.157919 0.0719713 0.0249754 -0.0690949 0.0548744 0.0634534 -0.0326466 0.0591155 0.165237
internal_weight=10342 10301 10260 9359 9287 1096 1053 96 8191 6202 6154 3117 840 1989 957 444 3037 2277 2157 768 513 209 901 1389 335 1054 192 2965 1944 260
internal_count=10342 10301 10260 9359 9287 1096 1053 96 8191 6202 6154 3117 840 1989 957 444 3037 2277 2157 768 513 209 901 1389 335 1054 192 2965 1944 260
is_linear=0
shrinkage=0.05


Tree=91
num_leaves=31
num_cat=0
split_feature=4 11 23 6 26 30 15 17 12 14 15 25 17 13 26 25 9 6 24 13 24 18 19 26 16 25 18 0 32 24
split_gain=2294 2119.86 1684.52 2494.79 3583.12 2817.92 2153.47 2093.38 2460.8 2282.38 2116.08 3021.83 2184.69 2072.9 1710.36 1701.86 1677.11 1602.07 1567.33 2525.32 1956.54 1563.77 2358.4 1502.43 2537.72 1847.01 2001.28 2021.83 2662.53 1566.89
threshold=0.12940952255126045 300.34000000000009 32.720833333333346 0.082691702092476851 14.241666666666669 31.116666666666671 430.19500000000011 36.778768612149001 329.41916666666674 330.12500000000006 446.56000000000006 1.6999999999999977 37.215543944807855 41.781211654408317 0.14791666666666656 -0.84999999999999776 346.82000000000005 0.41398981800788198 34.33095238095239 15.226920022091168 34.75833333333334 319.79000000000002 433.71000000000009 9.3250000000000011 369.59687500000001 -3.3999999999999999 304.82500000000005 13.500000000000002 -10.907551906395136 27.24880952380953
decision_type=2 2 2 2 2 2 2 2 2 2 2 2 2 2 2 2 2 2 2 2 2 2 2 2 2 2 2 2 2 2
left_child=2 -2 3 4 5 13 -6 8 -5 14 11 12 -9 23 -10 -12 -3 -14 19 -4 -20 22 -16 25 29 -1 -27 -28 -29 -25
right_child=1 16 18 7 6 -7 -8 10 9 -11 15 -13 17 -15 21 -17 -18 -19 20 -21 -22 -23 -24 24 -26 26 27 28 -30 -31
leaf_value=0.11363792814529286 -0.32602516474394966 -0.028167078386237283 0.37717751734531846 0.31991462915276109 -0.54918705041591942 0.35833538242926205 -0.094143985219013238 -0.17616117924514516 0.14650710425192146 0.19203201539289111 0.031315613606506414 0.11911776640215843 -0.2628348954308492 0.12270946656771674 0.0071286436048862735 -0.34012910163937471 0.12052940247507503 0.024105431974818559 -0.19485119275020391 0.068319522508594036 0.072468669068437713 0.093542713756415985 -0.24796507308658106 -0.080209732151184335 -0.13313354915290168 -0.046180524903242121 0.016102855492915426 -0.18821827099386571 -0.57900990992784507 0.18124023337494929
leaf_weight=104 58 4484 104 104 52 48 52 208 221 273 51 494 52 195 299 78 198 754 78 182 559 221 130 78 165 520 84 226 54 216
leaf_count=104 58 4484 104 104 52 48 52 208 221 273 51 494 52 195 299 78 198 754 78 182 559 221 130 78 165 520 84 226 54 216
internal_value=-1.02247e-10 -0.0256004 0.0216612 0.00948357 -0.0368155 -0.0192863 -0.321666 0.0382741 0.0870536 0.0658844 0.00108599 0.0177127 -0.0316898 -0.0303252 0.0263456 -0.193279 -0.0218788 0.00559315 0.0833935 0.180632 0.0397356 -0.0145093 -0.0701725 -0.0509483 0.0238006 -0.0856749 -0.109123 -0.199042 -0.263585 0.111876
internal_weight=10342 4740 5602 4679 1794 1690 104 2885 1248 1144 1637 1508 1014 1642 871 129 4682 806 923 286 637 650 429 1447 459 988 884 364 280 294
internal_count=10342 4740 5602 4679 1794 1690 104 2885 1248 1144 1637 1508 1014 1642 871 129 4682 806 923 286 637 650 429 1447 459 988 884 364 280 294
is_linear=0
shrinkage=0.05


Tree=92
num_leaves=31
num_cat=0
split_feature=5 32 9 16 11 11 9 19 23 23 28 2 12 23 17 15 22 24 15 9 25 27 15 24 19 16 15 24 28 9
split_gain=2165.18 1317.81 1450.3 1470.79 6442.85 4123.06 1398.44 3178.66 1057.08 1194.73 1461.42 1198.73 1551.88 1242.19 2060.7 2094.46 2695.79 2036.2 1786.07 1210.63 1726.56 1549.16 1542.09 1081.53 1611.51 1715.26 1053.42 1045.64 1646.9 1143.15
threshold=-0.70710678118654757 -9.1915624949774912 348.18500000000006 342.42065476190481 300.34000000000009 303.74500000000006 308.23000000000008 420.76000000000005 11.608333333333336 32.720833333333346 15.050892857142861 3.5000000000000004 389.90375000000012 12.756250000000003 35.894564060380773 361.64000000000004 20.850000000000005 15.179761904761905 444.89500000000004 339.44500000000011 0.60000000000000064 0.15208333333333338 427.56 34.163095238095245 441.13500000000005 355.17869047619052 455.73500000000007 11.094940476190477 0.043154761904761883 307.05500000000001
decision_type=2 2 2 2 2 2 2 2 2 2 2 2 2 2 2 2 2 2 2 2 2 2 2 2 2 2 2 2 2 2
left_child=26 8 3 5 -5 -3 7 -6 -2 10 11 12 13 -10 15 -15 17 -17 -16 20 21 22 -13 24 25 -11 27 -1 -29 -30
right_child=1 2 -4 4 6 -7 -8 -9 9 23 -12 19 -14 14 18 16 -18 -19 -20 -21 -22 -23 -24 -25 -26 -27 -28 28 29 -31
leaf_value=0.22334787270778583 0.17371228164061905 0.49228263269079497 0.11833978638852038 -0.57148437902592775 -0.52501526203420423 0.0012124213881611083 -0.027750957799694189 -0.073770592958287445 -0.2496352667361498 0.10395201860616606 -0.17366101210752119 -0.09325395327327507 0.33716935955169725 0.37325148557126525 0.012790069626028895 0.14008262661270429 0.26954252312378008 -0.24892133481303849 -0.26903817946182901 -0.23578872786130051 0.056836909240426448 -0.002557904024132948 -0.38067691984985558 0.031362770965900226 -0.015740917456047287 0.5405119090610081 0.28798570682605112 -0.25996840378890435 -0.079337089081445364 0.046032899044084252
leaf_weight=72 100 47 162 57 45 472 3859 294 40 45 126 140 41 75 717 61 98 75 61 74 361 237 70 396 58 45 42 48 198 2226
leaf_count=72 100 47 162 57 45 472 3859 294 40 45 126 140 41 75 717 61 98 75 61 74 361 237 70 396 58 45 42 48 198 2226
internal_value=-4.68914e-11 -0.0132102 -0.0287883 -0.0337809 -0.0434735 0.0456831 -0.0363042 -0.13367 0.014057 0.00818732 -0.00838145 0.0017772 0.0350023 0.0240095 0.0340792 0.143317 0.0696201 -0.0744416 -0.009307 -0.0422215 -0.0244939 -0.0901771 -0.189062 0.0744624 0.189783 0.322232 0.0396204 0.0355201 0.0300494 0.0357923
internal_weight=10342 7756 4936 4774 4255 519 4198 339 2820 2720 2176 2050 1168 1127 1087 309 234 136 778 882 808 447 210 544 148 90 2586 2544 2472 2424
internal_count=10342 7756 4936 4774 4255 519 4198 339 2820 2720 2176 2050 1168 1127 1087 309 234 136 778 882 808 447 210 544 148 90 2586 2544 2472 2424
is_linear=0
shrinkage=0.05


Tree=93
num_leaves=31
num_cat=0
split_feature=13 13 11 11 16 24 28 2 2 17 23 9 12 7 17 25 18 0 4 19 13 16 5 13 11 15 15 15 25 16
split_gain=2079.56 2751.24 9613.36 3980.78 3393.58 11156.4 2442.21 3789.48 2096.95 3182.88 2479.14 1840.7 3092.43 3901.54 1939.13 1616.66 1615.89 1521.63 1518.23 1469.92 1465.79 2340.48 1427.14 1691.66 1631.33 1284.34 1531.4 1384.12 1597.37 1563.41
threshold=10.18733216452757 12.273067053899736 307.86500000000007 300.34000000000009 369.22538690476193 34.260416666666671 0.39345238095238094 5.5000000000000009 1.0000000180025095e-35 43.955569731031112 22.154166666666672 322.52000000000004 376.36166666666674 -0.21862536810265826 38.510675973285949 -6.3499999999999996 228.29500000000004 3.5000000000000004 -0.37940952255126065 448.25000000000006 35.966705933943722 342.42065476190481 0.60355339059327384 25.232407991572924 368.38000000000005 419.54000000000008 416.82000000000005 434.15000000000003 -1.7 369.17053571428579
decision_type=2 2 2 2 2 2 2 2 2 2 2 2 2 2 2 2 2 2 2 2 2 2 2 2 2 2 2 2 2 2
left_child=19 2 -2 -3 5 6 7 -4 9 10 16 12 14 -14 20 -13 -5 -8 -18 -1 21 -10 23 24 -17 26 -25 28 -27 -30
right_child=1 3 4 8 -6 -7 17 -9 11 -11 -12 15 13 -15 -16 22 18 -19 -20 -21 -22 -23 -24 25 -26 27 -28 -29 29 -31
leaf_value=0.19768973300858678 -0.67144090660489519 0.42123325546517187 -0.60153309005227962 -0.13955060897834515 0.091392781179922916 -0.73037249220893363 -0.25873651114248097 -0.023837048746645453 0.00056912366445401627 -0.31633349219553697 0.26320110744652564 -0.15046858420738807 0.0067898569628596309 -0.63071312994385764 0.024761752204103919 0.015284145559695367 0.28417872937373173 0.059714108164106473 0.0071494018021002999 -0.06317762393349162 0.0013488012136804173 -0.13662049495070025 -0.022110593119959946 0.075678828874682053 -0.15543893339381237 -0.11195351196406018 0.28706408818917617 0.081698882200554879 0.093803457978418936 -0.030001022678419954
leaf_weight=216 65 57 44 89 312 65 42 80 496 43 210 143 48 48 1264 502 81 351 127 72 768 833 1421 306 194 238 119 1088 510 510
leaf_count=216 65 57 44 89 312 65 42 80 496 43 210 143 48 48 1264 502 81 351 127 72 768 833 1421 306 194 238 119 1088 510 510
internal_value=-4.6082e-11 -0.00379473 -0.0843431 0.0046985 -0.041657 -0.112983 -0.0353611 -0.228826 0.00207154 0.0966843 0.131713 -0.00405912 -0.0321482 -0.311962 -0.0241559 0.015242 0.0387422 0.0256812 0.115031 0.132473 -0.0536417 -0.0854196 0.0200899 0.0373864 -0.0323025 0.0548903 0.134867 0.0404018 0.00468546 0.0319012
internal_weight=10342 10054 959 9095 894 582 517 124 9038 550 507 8488 3457 96 3361 5031 297 393 208 288 2097 1329 4888 3467 696 2771 425 2346 1258 1020
internal_count=10342 10054 959 9095 894 582 517 124 9038 550 507 8488 3457 96 3361 5031 297 393 208 288 2097 1329 4888 3467 696 2771 425 2346 1258 1020
is_linear=0
shrinkage=0.05


Tree=94
num_leaves=31
num_cat=0
split_feature=11 11 5 23 30 13 32 2 11 15 32 13 14 9 25 9 10 9 13 17 6 18 5 9 14 7 11 24 9 18
split_gain=2051 2105.45 1647.66 1220.83 2073.63 1478.43 2569.27 1791.66 1011.3 942.842 1021.95 1348.8 1221.02 1619.78 2844.34 1041.92 918.185 4514.4 1031.64 891.218 2057.79 1304 1203.1 1211 1250.23 1359.63 1157.96 1124.8 1087.83 1000.82
threshold=251.51500000000001 300.34000000000009 -0.70710678118654757 32.677083333333336 31.891666666666669 11.555722190545973 9.2775636814296476 1.0000000180025095e-35 341.73000000000008 455.73500000000007 1.7941075607508728e-15 43.348748382654456 299.94500000000005 307.05500000000001 0.5999999999999962 304.92500000000001 421.88500000000005 325.89500000000004 37.396318979479872 45.46741229618474 0.54219432480460406 154.41500000000005 0.60355339059327384 298.98500000000007 299.94500000000005 -0.3744658827978154 312.10500000000008 27.783928571428579 307.05500000000001 316.29500000000002
decision_type=2 2 2 2 2 2 2 2 2 2 2 2 2 2 2 2 2 2 2 2 2 2 2 2 2 2 2 2 2 2
left_child=-1 -2 9 4 19 6 -5 8 -7 10 11 12 -3 14 -14 -12 18 -18 -17 21 -21 26 23 -23 -25 28 -4 29 -26 -27
right_child=1 2 3 5 -6 7 -8 -9 -10 -11 15 -13 13 -15 -16 16 17 -19 -20 20 -22 22 -24 24 25 27 -28 -29 -30 -31
leaf_value=-0.35293831040219564 0.35899377021847706 0.26347100977332166 0.3114793067841336 0.08700538863954338 -0.37951655933633449 0.11959873487552007 -0.46091263143345718 0.028498379948753611 0.44416556697338816 0.2695014810455697 -0.21166827657439732 -0.16171053999461807 -0.43609964194339379 0.075117444833549513 0.14968190543353557 -0.0011288262185102907 -0.55056271489177433 0.033046651397280066 0.12227989572628931 -0.40431697593089577 -0.0016385236040999493 -0.26462649345736611 -0.051030366909006954 0.10895049456845632 -0.33981311976909639 -0.02830434142059865 0.03940465862763598 0.097830235449372555 -0.066085223090592587 0.039687612909878406
leaf_weight=41 41 78 43 46 40 60 40 1115 40 42 57 65 43 1121 40 714 42 157 222 49 90 44 2215 242 40 1714 432 286 392 791
leaf_count=41 41 78 43 46 40 60 40 1115 40 42 57 65 43 1121 40 714 42 157 222 49 90 44 2215 242 40 1714 432 286 392 791
internal_value=1.75934e-10 0.00140476 -2.41981e-05 -0.0116406 -0.0206448 0.0325011 -0.16784 0.0466817 0.249425 0.034537 0.0306502 0.0604909 0.0717569 0.0593369 -0.153795 -0.00307068 0.00740515 -0.0901272 0.0281412 -0.0183799 -0.14359 -0.0155723 -0.0221784 -0.00396602 -0.000656048 -0.00888589 0.0640346 0.00389062 -0.0914304 -0.00683463
internal_weight=10342 10301 10260 7679 6378 1301 86 1215 100 2581 2539 1347 1282 1204 83 1192 1135 199 936 6338 139 6199 5724 3509 3465 3223 475 2791 432 2505
internal_count=10342 10301 10260 7679 6378 1301 86 1215 100 2581 2539 1347 1282 1204 83 1192 1135 199 936 6338 139 6199 5724 3509 3465 3223 475 2791 432 2505
is_linear=0
shrinkage=0.05


Tree=95
num_leaves=31
num_cat=0
split_feature=13 13 11 11 16 24 9 2 17 23 9 12 7 17 0 25 19 16 16 16 25 0 22 26 9 0 10 6 30 17
split_gain=1900.12 2441.13 8647.76 3563.26 3029.66 9925.09 2413.01 1865.22 2804.28 2165.52 1580.17 2661.43 3402.88 1692.98 1491.52 1453.65 1346.76 1337.65 2106.26 1960.31 1597.34 1470.65 1902.35 2047.33 1279.49 1195.18 1580.5 1337.09 2482.38 1226.36
threshold=10.18733216452757 12.273067053899736 307.86500000000007 300.34000000000009 369.22538690476193 34.260416666666671 323.12000000000006 1.0000000180025095e-35 43.955569731031112 22.154166666666672 322.52000000000004 376.36166666666674 -0.21862536810265826 38.510675973285949 4.5000000000000009 -6.3499999999999996 448.25000000000006 351.3622023809524 353.724880952381 352.78050595238102 1.0000000180025095e-35 21.500000000000004 16.950000000000003 0.4958333333333334 327.81000000000006 12.500000000000002 411.4550000000001 0.56369777965491019 8.8312500000000025 39.42764036103415
decision_type=2 2 2 2 2 2 2 2 2 2 2 2 2 2 2 2 2 2 2 2 2 2 2 2 2 2 2 2 2 2
left_child=16 2 -2 -3 5 6 -4 8 9 14 11 13 -13 17 -5 -12 -1 20 19 -19 -9 22 23 -22 -8 26 -15 28 -27 -29
right_child=1 3 4 7 -6 -7 24 10 -10 -11 15 12 -14 25 -16 -17 -18 18 -20 -21 21 -23 -24 -25 -26 27 -28 29 -30 -31
leaf_value=0.18905346919178825 -0.63633301235735429 0.39845896703109407 0.016397076654760496 -0.20610574089133971 0.086698899256328177 -0.68873124523804741 -0.46124244240874596 0.043756518307716333 -0.29655648400617202 0.24688914622047117 -0.14314536423962954 0.0081822144178052749 -0.58718849209447699 -0.0025842720687988597 0.088728205248409395 0.018585631073563615 -0.060646487322325505 -0.10999361548456364 -0.059175721397219751 -0.4551259758474771 -0.028297253114646238 -0.30970217644654474 0.08233134544859029 -0.25378421233929943 -0.084101337753236305 0.073683594577997044 -0.32647860143566509 0.19212667029915434 0.42785271499305966 -0.052261312748607881
leaf_weight=216 65 57 427 52 312 65 44 574 43 210 143 48 48 645 245 4888 72 96 646 72 302 58 198 151 46 218 40 66 64 231
leaf_count=216 65 57 427 52 312 65 44 574 43 210 143 48 48 645 245 4888 72 96 646 72 302 58 198 151 46 218 40 66 64 231
internal_value=2.40642e-10 -0.00362731 -0.0795004 0.00437294 -0.0390148 -0.106408 -0.0331949 0.00188756 0.0911195 0.123999 -0.00389444 -0.0299198 -0.289503 -0.0225053 0.0371074 0.0139886 0.126628 -0.0500563 -0.100192 -0.257907 -0.0182479 -0.0684461 -0.0469517 -0.10346 -0.268481 0.0232022 -0.0214978 0.0760857 0.154062 0.00204713
internal_weight=10342 10054 959 9095 894 582 517 9038 550 507 8488 3457 96 3361 297 5031 288 2097 814 168 1283 709 651 453 90 1264 685 579 282 297
internal_count=10342 10054 959 9095 894 582 517 9038 550 507 8488 3457 96 3361 297 5031 288 2097 814 168 1283 709 651 453 90 1264 685 579 282 297
is_linear=0
shrinkage=0.05


Tree=96
num_leaves=31
num_cat=0
split_feature=11 11 5 24 24 14 23 13 12 32 15 13 10 14 13 28 23 13 12 31 24 19 17 11 6 16 24 18 4 16
split_gain=1940.87 1807.99 1464.87 1109.35 4109.13 2619.26 1735.84 1143.17 1001.47 929.736 845.212 890.2 2634.69 2007.03 1155.23 1448.9 3482.94 1045.52 1137.75 1018.76 1330.39 891.553 878.506 834.346 808.423 1178.11 1036.79 1414.15 2425.93 2049.55
threshold=251.51500000000001 300.34000000000009 -0.70710678118654757 34.75833333333334 34.23125000000001 322.87500000000006 32.677083333333336 13.344099563256629 365.62208333333336 27.637546962877568 455.73500000000007 42.554963238344357 422.73000000000008 280.24000000000007 37.092153736074522 4.385714285714287 24.047916666666669 10.18733216452757 321.94625000000002 4.8395833333333345 20.147321428571434 421.23000000000008 39.545460914498911 384.38500000000005 0.98049069993378934 371.43970238095244 27.199702380952385 316.29500000000002 -0.60355339059327362 359.83952380952383
decision_type=2 2 2 2 2 2 2 2 2 2 2 2 2 2 2 2 2 2 2 2 2 2 2 2 2 2 2 2 2 2
left_child=-1 -2 10 4 6 -6 24 -5 -8 -7 11 13 21 -3 17 19 -17 -15 -19 20 -16 -13 -20 -24 25 26 27 29 -29 -4
right_child=1 2 3 7 5 9 8 -9 -10 -11 -12 12 -14 14 15 16 -18 18 22 -21 -22 -23 23 -25 -26 -27 -28 28 -30 -31
leaf_value=-0.34333118113075817 0.3327339738243964 0.35727451220930867 -0.019350635438992257 0.20122915164381269 -0.53558668523199027 -0.2032389267199223 0.17110193390874384 0.021572977800481265 0.011669415687069749 0.076306941490620381 0.25509712718693273 -0.11416330345063692 -0.3185990221159799 0.19597382949044306 0.16855024482611045 -0.2783177901942952 0.11973539827781435 -0.20369568757139722 -0.006081088165764267 0.38879343661524002 -0.13506473431452401 0.17426114271621448 0.025893808540031815 0.21937714312356382 0.050335036875053196 -0.07872851755542945 0.034630254175244735 0.20126814906472446 -0.023543443120110575 -0.12543374914589236
leaf_weight=41 41 48 2993 100 54 116 196 773 198 40 42 42 70 72 256 78 186 65 1326 42 42 74 149 89 413 792 927 180 360 537
leaf_count=41 41 48 2993 100 54 116 196 773 198 40 42 42 70 72 256 78 186 65 1326 42 42 74 149 89 413 792 927 180 360 537
internal_value=-7.20597e-11 0.00136653 4.23474e-05 -0.0109108 -0.0177171 -0.235453 -0.010785 0.0421522 0.090981 -0.13156 0.0326301 0.0289501 -0.076352 0.037274 0.0306102 0.0900124 0.00212877 0.00951741 0.00127624 0.158251 0.125759 0.0698316 0.0097949 0.0982468 -0.0172499 -0.0220716 -0.0130918 -0.0239611 0.0513938 -0.0354885
internal_weight=10342 10301 10260 7679 6806 210 6596 873 394 156 2581 2539 186 2353 2305 604 264 1701 1629 340 298 116 1564 238 6202 5789 4997 4070 540 3530
internal_count=10342 10301 10260 7679 6806 210 6596 873 394 156 2581 2539 186 2353 2305 604 264 1701 1629 340 298 116 1564 238 6202 5789 4997 4070 540 3530
is_linear=0
shrinkage=0.05


Tree=97
num_leaves=31
num_cat=0
split_feature=32 11 0 13 9 9 19 25 9 2 25 15 13 16 25 16 28 12 11 22 24 27 9 12 17 12 14 7 13 14
split_gain=1767.05 1868.28 1378.14 1364.07 1977.89 1969.97 1481.08 1292.88 1257.31 1227.58 1356.01 2848.32 2222.75 1943.07 1775.7 2282.94 1736.84 1668.3 1749.26 2126.37 1305.96 1271.28 1223.4 1634.92 1157.51 3343.71 4313.53 1431.7 1226.9 1147.44
threshold=2.7693637825969741 300.34000000000009 22.500000000000004 39.709215270480037 299.45000000000005 321.09000000000009 424.87000000000006 3.3000000000000003 350.68500000000006 3.5000000000000004 -0.60000000000000042 355.28500000000003 43.225061852357669 359.83952380952383 -1.0000000180025095e-35 337.29071428571433 0.59226190476190477 388.36770833333338 321.06500000000005 14.700000000000001 19.59196428571429 0.88125000000000009 349.92500000000007 385.71604166666674 36.040325237077226 345.00770833333337 318.97500000000008 -0.94137724084408114 10.892110485812649 334.37000000000006
decision_type=2 2 2 2 2 2 2 2 2 2 2 2 2 2 2 2 2 2 2 2 2 2 2 2 2 2 2 2 2 2
left_child=2 -2 9 4 -3 7 -6 -5 24 10 11 13 16 -1 -12 -16 -13 18 20 -20 -17 22 23 -18 25 26 -8 -27 -26 -29
right_child=1 3 -4 5 6 -7 8 -9 -10 -11 14 12 -14 -15 15 17 21 -19 19 -21 -22 -23 -24 -25 28 27 -28 29 -30 -31
leaf_value=-0.064386625448241835 -0.30715462879130717 -0.33886674248541776 -0.067057581045805309 -0.030004390211419225 0.022730516638739574 0.083017742252006116 -0.12802304361799829 -0.32820172372252443 0.13772284717045047 -0.0018729697071624984 0.29315175576008518 0.24817839061502706 -0.22478634541573592 -0.4059705406404101 -0.18821678233961034 0.092257253072656142 0.069411128477201378 0.29311041407553212 0.19013521658758134 0.025793827195315269 0.49382167642586866 -0.0749211129223563 -0.14062792357057333 0.37581917326897385 0.13078112669486916 0.059142517324606764 -0.76949617564678197 -0.056937073392945597 -0.040221400141700718 -0.20252003140005478
leaf_weight=136 57 52 431 235 1024 647 76 43 88 2249 88 110 73 60 86 41 468 84 234 1239 40 194 60 48 113 187 40 490 1462 187
leaf_count=136 57 52 431 235 1024 647 76 43 88 2249 88 110 73 60 86 41 468 84 234 1239 40 194 60 48 113 187 40 490 1462 187
internal_value=-4.6292e-11 -0.0226399 0.0188673 -0.0191478 -0.0326623 0.0351879 -0.0283202 -0.0761284 -0.0480992 0.0259754 0.0471274 0.004636 0.0403374 -0.168953 0.0740715 0.0628888 0.0623307 0.0760726 0.0643408 0.051901 0.290561 0.035781 0.0730661 0.0979142 -0.0544993 -0.0971636 -0.349221 -0.0633226 -0.0279526 -0.0971498
internal_weight=10342 4701 5641 4644 3719 925 3667 278 2643 5210 2961 1149 953 196 1812 1724 880 1638 1554 1473 81 770 576 516 2555 980 116 864 1575 677
internal_count=10342 4701 5641 4644 3719 925 3667 278 2643 5210 2961 1149 953 196 1812 1724 880 1638 1554 1473 81 770 576 516 2555 980 116 864 1575 677
is_linear=0
shrinkage=0.05


Tree=98
num_leaves=31
num_cat=0
split_feature=11 11 23 30 18 30 6 15 7 14 12 30 16 15 6 27 30 25 30 13 14 19 17 25 18 5 24 15 2 11
split_gain=1637.55 1739.06 1358.52 3904.85 2578.78 2262.67 2024.02 1552.04 4387.94 1432.28 1403.18 1988.09 1250.92 1248.94 1674.45 1620.88 1229.26 2321.22 1567.28 2054.7 2258.83 1344.48 1418.04 2886.48 1386.16 1232.11 1103.79 1308.98 1073.11 1354.76
threshold=251.51500000000001 300.34000000000009 32.677083333333336 31.939583333333335 305.20000000000005 31.116666666666671 -0.94705910369513524 360.92500000000001 -0.91595872546125101 342.35500000000008 390.21750000000003 26.912500000000001 376.73565476190481 448.25000000000006 0.96465729447553372 1.2395833333333335 28.816666666666674 1.1000000000000008 24.327083333333338 28.874505530581374 313.10000000000008 455.73500000000007 45.46741229618474 1.1000000000000008 154.41500000000005 0.60355339059327384 24.808630952380955 384.18000000000006 4.5000000000000009 333.72000000000008
decision_type=2 2 2 2 2 2 2 2 2 2 2 2 2 2 2 2 2 2 2 2 2 2 2 2 2 2 2 2 2 2
left_child=-1 -2 3 5 -5 9 -4 8 -8 10 13 -12 -9 14 16 -16 18 -18 21 20 -20 22 24 -24 26 28 -3 -28 29 -26
right_child=1 2 6 4 -6 -7 7 12 -10 -11 11 -13 -14 -15 15 -17 17 -19 19 -21 -22 -23 23 -25 25 -27 27 -29 -30 -31
leaf_value=-0.31536478996276857 0.32624435310320155 0.17570209364987505 0.29978514212287138 -0.63509768392890698 -0.096476755887269977 0.23165708791092038 -0.51398242834645014 0.055356524954615141 0.10670344964201961 -0.27994140402879569 0.033473438493764177 0.44825801670551302 -0.11271898709237577 -0.11789157165133755 0.12646312021975581 -0.056627455675819276 -0.3374946597032249 0.056762252428701948 0.11674389213545842 -0.0021508003530713421 0.55550774432718752 -0.119829536048005 -0.42510009086919864 0.036688196611296582 0.1523237578282699 -0.047458550961705349 0.14807359920038532 -0.062436641469442604 -0.034946605346478178 0.010744847585601926
leaf_weight=41 41 174 72 40 50 100 48 1429 70 48 104 40 120 254 431 168 80 70 110 240 40 290 61 76 181 1802 120 192 1308 2542
leaf_count=41 41 174 72 40 50 100 48 1429 70 48 104 40 120 254 431 168 80 70 110 240 40 290 61 76 181 1802 120 192 1308 2542
internal_value=-1.61737e-10 0.00125521 -4.3476e-05 -0.00826275 -0.335864 -0.00476564 0.0402305 0.02902 -0.145779 -0.00760351 -0.00602531 0.148691 0.0423358 -0.00876265 -0.00524727 0.0751122 -0.0118538 -0.153508 -0.00887622 0.0885793 0.233748 -0.0145103 -0.00977945 -0.168926 -0.00632906 -0.0130887 0.0748007 0.0185288 0.00227582 0.0201557
internal_weight=10342 10301 10260 8521 90 8431 1739 1667 118 8331 8283 144 1549 8139 7885 599 7286 150 7136 390 150 6746 6456 137 6319 5833 486 312 4031 2723
internal_count=10342 10301 10260 8521 90 8431 1739 1667 118 8331 8283 144 1549 8139 7885 599 7286 150 7136 390 150 6746 6456 137 6319 5833 486 312 4031 2723
is_linear=0
shrinkage=0.05


Tree=99
num_leaves=31
num_cat=0
split_feature=32 18 9 22 13 11 2 6 10 24 24 2 2 23 7 24 29 16 7 17 0 24 9 7 27 10 24 14 7 7
split_gain=1612.28 1803.62 1339.71 3525.66 11236.4 2352.4 1515.89 1500.79 1350.55 1333.85 2628.8 1798.35 1463.68 1304.16 1202.93 1468.71 1694.39 1878.3 1650.6 1554.7 1462.86 1229.59 1202.21 2376.75 1902.48 1880.31 1505.75 1249.07 1087.13 1547.93
threshold=2.7693637825969741 77.640000000000015 339.17000000000002 35.850000000000009 12.753971637596027 300.34000000000009 1.0000000180025095e-35 -0.76141707087277943 421.88500000000005 11.60059523809524 11.78184523809524 1.0000000180025095e-35 3.5000000000000004 10.906250000000002 -0.6391983530350368 21.623511904761909 2.0160714285714292 371.35380952380962 0.59003219687534991 38.916707155804104 14.500000000000002 28.144047619047623 308.23000000000008 -0.40613878790836594 3.1791666666666676 328.15000000000003 14.495535714285717 331.68000000000006 0.95936279103287792 0.84199059757024453
decision_type=2 2 2 2 2 2 2 2 2 2 2 2 2 2 2 2 2 2 2 2 2 2 2 2 2 2 2 2 2 2
left_child=9 -2 3 5 -5 -3 -4 -8 22 11 -11 -1 28 -13 -14 16 17 -16 19 20 -17 -22 23 25 -25 -7 -26 -24 29 -12
right_child=1 2 6 4 -6 8 7 -9 -10 10 12 13 14 -15 15 18 -18 -19 -20 -21 21 -23 27 24 26 -27 -28 -29 -30 -31
leaf_value=-0.16172129291950205 -0.26322520639453278 0.34711411761683086 0.32806965409862726 -0.93589954064650971 0.042695501266809349 -0.55379264305035281 0.2765252760323611 0.0046112120094731817 -0.24562097139218275 -0.34071772774824732 0.035732720871897092 0.089600256709825424 0.049777852660785854 0.35951043313894515 0.14301787188861712 0.013113126321695746 -0.046439037209532651 -0.11515275237078851 -0.35954311745098005 0.021338435379671051 -0.1489811836845345 -0.43528944833411115 -1.1012896818605175e-05 0.084183762514920435 -0.073314424847268453 -0.1016001250198547 -0.40317962216429931 -0.11504367552951328 -0.059780831231547919 0.1578020081351158
leaf_weight=41 76 43 44 44 88 45 55 656 68 52 2486 105 572 78 312 120 633 91 52 286 225 45 2886 172 177 47 43 257 253 290
leaf_count=41 76 43 44 44 88 45 55 656 68 52 2486 105 572 78 312 120 633 91 52 286 225 45 2886 172 177 47 43 257 253 290
internal_value=6.44888e-12 -0.0216257 -0.0176557 -0.0295417 -0.283503 -0.0205736 0.0432701 0.0256454 -0.0248525 0.0180221 0.013078 0.137586 0.0165071 0.204644 -0.0132316 -0.0336632 0.00458182 0.0847213 -0.0880888 -0.0672077 -0.132142 -0.196699 -0.0207134 -0.0940695 -0.0403923 -0.322781 -0.137788 -0.00941712 0.0394419 0.0484849
internal_weight=10342 4701 4625 3870 132 3738 755 711 3695 5641 5417 224 5365 183 2336 1764 1036 403 728 676 390 270 3627 484 392 92 220 3143 3029 2776
internal_count=10342 4701 4625 3870 132 3738 755 711 3695 5641 5417 224 5365 183 2336 1764 1036 403 728 676 390 270 3627 484 392 92 220 3143 3029 2776
is_linear=0
shrinkage=0.05


Tree=100
num_leaves=31
num_cat=0
split_feature=11 11 5 15 32 24 7 22 13 13 6 18 13 24 7 12 2 15 11 13 14 9 13 4 11 0 13 9 15 9
split_gain=1524.57 1484.1 1242.84 1372.1 946.619 877.624 2758.79 1165.76 1129.48 736.904 736.462 1153.94 992.924 1605.7 1116.66 807.324 1264.24 961.118 855.346 863.331 771.93 742.871 838.509 724.574 684.126 764.019 1072.2 1516.36 1252 1036.62
threshold=251.51500000000001 300.34000000000009 -0.5 456.68500000000006 3.2869009819615319e-15 34.75833333333334 -0.98521978256641018 36.400000000000013 13.344099563256629 10.18733216452757 0.81428061195174062 322.58500000000009 16.729248475480066 23.208333333333339 0.40418040343369133 330.11770833333338 1.5000000000000002 360.44000000000005 420.32500000000005 37.78632403928674 303.91500000000002 343.86000000000007 42.017845337763326 -0.98296291314453399 373.03000000000003 22.500000000000004 39.056789889499733 298.98500000000007 407.82500000000005 310.25500000000005
decision_type=2 2 2 2 2 2 2 2 2 2 2 2 2 2 2 2 2 2 2 2 2 2 2 2 2 2 2 2 2 2
left_child=-1 -2 3 4 9 6 -4 23 -7 -3 15 12 -12 14 -14 20 17 -17 19 -19 -6 22 -18 -8 25 26 27 -25 29 -29
right_child=1 2 5 -5 10 8 7 -9 -10 -11 11 -13 13 -15 -16 16 21 18 -20 -21 -22 -23 -24 24 -26 -27 -28 28 -30 -31
leaf_value=-0.30429092151362724 0.30143396243816473 0.22201652474967495 -0.39632955413156501 0.28996006534434854 -0.0018681934375441478 0.20639252681285145 0.048771070329452396 0.14551664300982589 0.016135782478011201 0.038001558805883129 0.048619493980098655 0.13501916807144881 -0.4267323434936689 0.074034840594977142 -0.1162415457670303 -0.043810977582489294 0.023186610304730567 0.14069375526885708 -0.013498911225214238 0.40146047443979321 -0.22561627417693245 -0.17974567764021199 -0.16644351317663678 -0.32721465208181522 -0.07231860459116532 -0.086783654741768426 0.032338278410111984 -0.044850849577662895 -0.059244528774828491 0.028991649887389521
leaf_weight=41 41 56 48 48 89 88 372 110 687 1911 54 48 67 40 51 62 654 77 41 54 68 58 64 41 631 363 1070 735 1328 1345
leaf_count=41 41 56 48 48 89 88 372 110 687 1911 54 48 67 40 51 62 654 77 41 54 68 58 64 41 631 363 1070 735 1328 1345
internal_value=1.15337e-10 0.00121114 1.14168e-05 0.0245035 0.0207493 -0.0123532 -0.0187774 -0.0157545 0.0377391 0.0432404 -0.0102529 -0.0863524 -0.136474 -0.199734 -0.292537 0.00670161 0.023098 0.124968 0.185807 0.248185 -0.0987782 -0.00762061 0.00628365 -0.0187689 -0.0233263 -0.016994 -0.011388 -0.0249534 -0.021317 0.00289827
internal_weight=10342 10301 10260 3442 3394 6818 6043 5995 775 1967 1427 260 212 158 118 1167 1010 234 172 131 157 776 718 5885 5513 4882 4519 3449 3408 2080
internal_count=10342 10301 10260 3442 3394 6818 6043 5995 775 1967 1427 260 212 158 118 1167 1010 234 172 131 157 776 718 5885 5513 4882 4519 3449 3408 2080
is_linear=0
shrinkage=0.05


Tree=101
num_leaves=31
num_cat=0
split_feature=13 13 11 11 16 24 28 2 2 17 23 18 0 0 4 9 12 7 25 7 2 13 0 29 22 10 9 19 19 30
split_gain=1462.55 1850.61 7546.69 3118.73 2289.79 7616.31 1936.88 3086.97 1577.57 2300.8 1577.29 1359.64 1325 1284.78 1248.54 1230.53 2079.67 2964.89 1205.99 1169.38 1311.76 1259.98 1487.09 1698.83 1228.98 1213.51 1168.28 1366.07 1134.77 998.415
threshold=10.18733216452757 12.273067053899736 307.86500000000007 300.34000000000009 369.22538690476193 34.260416666666671 0.39345238095238094 5.5000000000000009 1.0000000180025095e-35 43.955569731031112 22.154166666666672 228.29500000000004 3.5000000000000004 22.500000000000004 -0.37940952255126065 322.52000000000004 376.36166666666674 -0.21862536810265826 -6.3499999999999996 -0.82413948779581736 4.5000000000000009 37.162828750675423 12.500000000000002 4.4244047619047624 25.300000000000004 415.22000000000008 298.98500000000007 407.17500000000007 448.25000000000006 16.758333333333336
decision_type=2 2 2 2 2 2 2 2 2 2 2 2 2 2 2 2 2 2 2 2 2 2 2 2 2 2 2 2 2 2
left_child=28 2 -2 -3 5 6 7 -4 9 10 11 -5 -8 15 -13 16 19 -18 -17 20 -10 26 25 24 -24 -23 -21 -28 -1 -29
right_child=1 3 4 8 -6 -7 12 -9 13 -11 -12 14 -14 -15 -16 18 17 -19 -20 21 -22 22 23 -25 -26 -27 27 29 -30 -31
leaf_value=0.16839688027415564 -0.58942108787596226 0.3724689484165426 -0.53455875698815702 -0.12439944533149848 0.077867024048464378 -0.60012884543492251 -0.23692271938059656 -0.013153386837802828 0.34381850852995466 -0.26763255616953208 0.21818341598269486 0.2625159940964048 0.060241567966875825 -0.097800104282155936 0.011293822928793787 -0.12993666497840936 0.026163373515009882 -0.54152588776272281 0.02056440636443603 -0.294412860063755 0.016806779546744151 -0.010076593079094618 -0.02239592177415034 0.27431874360625791 0.18623408656194806 -0.29242132983920055 0.018133698681377288 -0.054690092808427175 -0.060809283563867216 -0.20045668299381553
leaf_weight=216 65 57 44 89 312 65 42 80 46 43 210 81 351 349 127 137 46 46 4686 46 92 530 240 99 100 41 681 1219 72 130
leaf_count=216 65 57 44 89 312 65 42 80 46 43 210 81 351 349 127 137 46 46 4686 46 92 530 240 99 100 41 681 1219 72 130
internal_value=-9.28715e-11 -0.00318236 -0.0692441 0.00378335 -0.0314236 -0.0900124 -0.0258778 -0.198168 0.00145816 0.0835216 0.113304 0.0391467 0.0284836 -0.00385933 0.109126 0.000168844 -0.0232778 -0.257681 0.0162893 -0.0165889 0.125811 -0.0229567 0.0228476 0.0920409 0.0389658 -0.03035 -0.0452411 -0.0395948 0.111095 -0.0687373
internal_weight=10342 10054 959 9095 894 582 517 124 9038 550 507 297 393 8488 208 8139 3316 92 4823 3224 138 3086 1010 439 340 571 2076 2030 288 1349
internal_count=10342 10054 959 9095 894 582 517 124 9038 550 507 297 393 8488 208 8139 3316 92 4823 3224 138 3086 1010 439 340 571 2076 2030 288 1349
is_linear=0
shrinkage=0.05


Tree=102
num_leaves=31
num_cat=0
split_feature=11 11 5 24 24 14 23 13 32 12 32 9 12 13 10 14 13 17 13 12 17 17 24 6 25 9 31 16 30 2
split_gain=1448.22 1266.71 1117.48 802.669 3023.31 1800.19 1243.51 943.784 883.518 822.715 720.113 694.081 684.012 858.533 2741.3 1782.49 889.694 884.524 846.444 841.869 1087.41 1475.4 1757.17 1670.35 958.615 1053.23 911.827 869.58 957.499 804.389
threshold=251.51500000000001 300.34000000000009 -0.70710678118654757 34.75833333333334 34.23125000000001 322.87500000000006 32.677083333333336 13.344099563256629 27.637546962877568 365.62208333333336 -17.554166666666664 343.86000000000007 385.71604166666674 42.554963238344357 422.73000000000008 280.24000000000007 35.065253950596635 42.466582874160316 10.18733216452757 321.94625000000002 37.3448970847843 34.332654413925532 27.858333333333334 0.23537774960157334 1.7000000000000022 333.83500000000009 0.2937499999999999 371.99735119047625 28.168750000000006 2.5000000000000004
decision_type=2 2 2 2 2 2 2 2 2 2 2 2 2 2 2 2 2 2 2 2 2 2 2 2 2 2 2 2 2 2
left_child=-1 -2 12 4 6 -6 -4 -5 11 10 -8 -7 13 15 -15 -3 18 -18 -17 -20 21 24 23 -23 -21 26 -26 28 -22 -14
right_child=1 2 3 7 5 8 9 -9 -10 -11 -12 -13 29 14 -16 16 17 -19 19 20 27 22 -24 -25 25 -27 -28 -29 -30 -31
leaf_value=-0.29657341968722462 0.27854501028976791 0.33126940003906691 -0.014809884197010396 0.18018190094828607 -0.45086893704202446 -0.09536481916407745 0.27518760368434919 0.016943004656098735 0.086715317182242874 0.004909980951366251 0.076385396682927695 -0.35121255680555252 0.0063194245476985269 0.063044126109908463 -0.34319223409661881 0.1681075075486054 0.08338274208896132 -0.15321931503713132 -0.18339848981453821 0.054628216771542532 0.15763189032722008 -0.46413506815830874 0.095282721299773609 -0.11872107028340301 -0.027381194499321283 0.06382563630015485 -0.32688948397559153 -0.086174126229051393 -0.087699724485476818 0.21525854634888031
leaf_weight=41 41 48 6202 100 54 75 72 773 40 198 124 41 84 115 65 72 664 42 65 474 232 42 78 210 48 72 54 66 48 102
leaf_count=41 41 48 6202 100 54 75 72 773 40 198 124 41 84 115 65 72 664 42 65 474 232 42 78 210 48 72 54 66 48 102
internal_value=9.87538e-12 0.00118042 7.20434e-05 -0.00949455 -0.0152841 -0.202049 -0.009338 0.0356416 -0.11592 0.0767956 0.149415 -0.185794 0.0285346 0.0213614 -0.0836523 0.0298953 0.0232197 0.0693073 0.000948805 -0.00771601 0.000908886 -0.0260431 -0.1121 -0.17629 0.0177822 -0.0825913 -0.185944 0.0770911 0.115575 0.120899
internal_weight=10342 10301 10260 7679 6806 210 6596 873 156 394 196 116 2581 2395 180 2215 2167 706 1461 1389 1324 978 330 252 648 174 102 346 280 186
internal_count=10342 10301 10260 7679 6806 210 6596 873 156 394 196 116 2581 2395 180 2215 2167 706 1461 1389 1324 978 330 252 648 174 102 346 280 186
is_linear=0
shrinkage=0.05


Tree=103
num_leaves=31
num_cat=0
split_feature=32 11 24 24 2 24 0 23 14 9 16 18 14 13 9 9 19 9 6 18 9 17 12 14 7 13 22 12 13 13
split_gain=1352.58 1811.86 1165.63 2296.65 1505.01 1390.79 1215.81 1179.89 1170.03 1612.65 1486.84 1423.2 1105.62 1071.9 1680.78 1519.29 1289.67 1083.09 1371.1 1062.97 1017.83 1112.83 2643.6 3321.01 1229.35 1071.85 1349.51 1010.94 1006.54 2093.52
threshold=2.7693637825969741 300.34000000000009 11.60059523809524 11.78184523809524 1.0000000180025095e-35 11.877976190476192 16.500000000000004 10.906250000000002 329.98500000000007 340.02500000000003 371.09693452380958 326.05500000000001 237.45500000000001 39.709215270480037 321.09000000000009 299.45000000000005 424.87000000000006 315.98000000000008 0.41398981800788198 327.22500000000008 348.3300000000001 36.040325237077226 345.00770833333337 318.97500000000008 -0.94137724084408114 16.729248475480066 25.850000000000005 379.89895833333338 13.021684273779085 12.690054366152227
decision_type=2 2 2 2 2 2 2 2 2 2 2 2 2 2 2 2 2 2 2 2 2 2 2 2 2 2 2 2 2 2
left_child=2 -2 4 -4 -1 -5 -7 -6 11 10 -10 12 -8 15 17 -3 28 -15 -19 -11 21 22 23 -18 -24 26 -23 -26 29 -17
right_child=1 13 3 5 7 6 8 -9 9 19 -12 -13 -14 14 -16 16 20 18 -20 -21 -22 25 24 -25 27 -27 -28 -29 -30 -31
leaf_value=-0.14553226045355566 -0.29999315644565383 -0.29671687668081947 -0.31880484598760428 0.27241612136220705 0.080197398054546551 0.038291076024532751 0.12773617036770754 0.33692594567934675 0.24245345221110146 -0.13245885077686537 0.035120874652860776 -0.27571829089096617 -0.02905738041514442 0.034278663899749519 0.075977518666288046 0.024047794205447039 -0.12164644544061863 -0.01133384852783402 -0.31570536643770097 0.062627037975909114 0.10589516147124496 0.069495582479508003 0.051940476170238004 -0.68450216479599479 -0.05444032599297452 -0.05716375821330958 -0.099818396980571711 -0.1924209394376423 0.045133993164472808 -0.36380171943075806
leaf_weight=41 57 52 52 52 105 2464 119 78 147 147 210 56 2037 130 647 120 76 74 74 133 110 470 187 40 470 948 157 185 855 49
leaf_count=41 57 52 52 52 105 2464 119 78 147 147 210 56 2037 130 647 120 76 74 74 133 110 470 187 40 470 948 157 185 855 49
internal_value=4.07898e-11 -0.0198076 0.0165069 0.0118851 0.128277 0.0150903 0.0125717 0.189623 -0.009672 0.0500377 0.120493 -0.0268669 -0.0204032 -0.0163686 0.0317976 -0.0283487 -0.0245431 -0.071024 -0.16352 -0.0397931 -0.0429998 -0.0494658 -0.0919595 -0.315735 -0.0611306 -0.0236189 0.0270996 -0.0934119 0.0230947 -0.0884056
internal_weight=10342 4701 5641 5417 224 5365 5313 183 2849 637 357 2212 2156 4644 925 3719 3667 278 148 280 2643 2533 958 116 842 1575 627 655 1024 169
internal_count=10342 4701 5641 5417 224 5365 5313 183 2849 637 357 2212 2156 4644 925 3719 3667 278 148 280 2643 2533 958 116 842 1575 627 655 1024 169
is_linear=0
shrinkage=0.05


Tree=104
num_leaves=31
num_cat=0
split_feature=13 13 11 11 30 16 28 2 24 23 2 17 10 0 9 16 18 6 9 12 6 17 7 2 19 11 13 32 5 12
split_gain=1263.3 1582.22 6728.94 2935.31 1972.98 7221.32 1981.88 2661.22 1475.03 2987.07 1454.47 2053.73 1443.78 1147.42 1062.96 1140.86 2286.83 1849.12 1300.65 2344.1 1451.98 1134.89 1067.52 1223.43 1039.43 949.283 918.818 1231.66 896.857 956.75
threshold=10.18733216452757 12.273067053899736 307.86500000000007 300.34000000000009 29.595833333333342 368.90068452380962 0.39345238095238094 5.5000000000000009 36.212202380952384 32.216666666666676 1.0000000180025095e-35 43.955569731031112 308.37500000000006 21.500000000000004 352.89500000000004 373.54505952380958 323.28500000000003 0.80417553764032002 321.37000000000006 376.36166666666674 0.69676570133721638 34.423651661783644 -0.82413948779581736 4.5000000000000009 448.25000000000006 356.49000000000007 12.419043150453344 3.2869009819615319e-15 1.0000000180025095e-35 384.48145833333342
decision_type=2 2 2 2 2 2 2 2 2 2 2 2 2 2 2 2 2 2 2 2 2 2 2 2 2 2 2 2 2 2
left_child=24 2 -2 -3 6 -6 7 -4 9 -8 11 12 -5 14 15 16 17 18 19 20 22 -18 23 -12 -1 -23 -14 -28 29 -20
right_child=1 3 4 10 5 -7 8 -9 -10 -11 13 -13 26 -15 -16 -17 21 -19 28 -21 -22 25 -24 -25 -26 -27 27 -29 -30 -31
leaf_value=0.15809251517574821 -0.55522743864701352 0.36116266298973776 -0.49792372191494166 -0.14979728286971852 -0.75801460325717929 0.10929201453303297 0.043463473604101771 -0.013806951181031764 0.28777104310216739 -0.35603070375966095 0.33826794471930377 -0.25174080452253655 -0.0084414087916106998 -0.065054232601419487 0.20145130624825303 -0.047798700768114898 0.06028050310119535 -0.053435830811478235 0.054588063423882852 -0.37224578591571617 0.12621942359958846 0.11341931390647704 -0.023385517697801478 0.015359497870403258 -0.061274263540851998 0.38162057714453385 0.2513524154534087 0.067281000334539529 0.0072881236802579633 0.20246988231529639
leaf_weight=216 65 57 44 49 40 60 567 80 52 51 44 43 89 703 66 1077 198 1252 1235 44 197 65 2207 88 72 67 207 162 1125 120
leaf_count=216 65 57 44 49 40 60 567 80 52 51 44 43 89 703 66 1077 198 1252 1235 44 197 65 2207 88 72 67 207 162 1125 120
internal_value=1.04098e-10 -0.00295765 -0.0640414 0.00348318 -0.0283288 -0.237631 -0.00196837 -0.18559 0.0320154 0.0104955 0.0012274 0.0800241 0.108162 -0.00387842 0.00164587 -6.25345e-05 0.00767788 0.000969601 0.0144312 -0.0104225 -0.00414479 0.135989 -0.0151246 0.122996 0.103251 0.249552 0.13576 0.170541 0.040287 0.0676846
internal_weight=10342 10054 959 9095 894 100 794 124 670 618 9038 550 507 8488 7785 7719 6642 6312 5060 2580 2536 330 2339 132 288 132 458 369 2480 1355
internal_count=10342 10054 959 9095 894 100 794 124 670 618 9038 550 507 8488 7785 7719 6642 6312 5060 2580 2536 330 2339 132 288 132 458 369 2480 1355
is_linear=0
shrinkage=0.05


Tree=105
num_leaves=31
num_cat=0
split_feature=11 11 23 30 6 30 6 13 6 14 2 11 12 30 15 6 27 30 13 6 6 31 31 13 14 14 7 29 13 9
split_gain=1272.14 1145.65 987.211 3409.35 2024.18 1789.55 1688.32 1205.61 2636.58 1165.67 1151.53 1238.47 1104.77 1645.56 1096.41 1362.15 1255.4 1055.2 1527.89 1108.64 1480.13 1764.95 1572.06 1552.09 1657.5 1334.43 991.849 967.996 1434.73 1184.96
threshold=251.51500000000001 300.34000000000009 32.677083333333336 31.939583333333335 0.22700754078277605 31.116666666666671 -0.94705910369513524 11.555722190545973 -0.30983472475487867 342.35500000000008 1.0000000180025095e-35 341.00500000000005 390.21750000000003 26.912500000000001 448.25000000000006 0.96465729447553372 1.4416666666666671 29.260416666666668 27.375563713972646 0.78325454425165997 0.69676570133721638 4.6041666666666679 4.4270833333333339 29.301221179298651 313.10000000000008 316.92000000000002 0.44312301391210612 0.52142857142857146 39.552887350455784 310.04000000000002
decision_type=2 2 2 2 2 2 2 2 2 2 2 2 2 2 2 2 2 2 2 2 2 2 2 2 2 2 2 2 2 2
left_child=-1 -2 3 5 -5 9 -4 8 -8 12 11 -9 14 -14 15 17 -17 19 -19 20 21 22 -3 24 -23 -22 -25 28 -21 -29
right_child=1 2 6 4 -6 -7 7 10 -10 -11 -12 -13 13 -15 -16 16 -18 18 -20 27 25 23 -24 26 -26 -27 -28 29 -30 -31
leaf_value=-0.27795995677389751 0.26488410503399085 -0.01128913697958922 0.27143902378156781 -0.52515460035204897 -0.047953943312168124 0.2065703441053629 0.055008851150826869 0.014776399338020468 -0.43626830100335862 -0.25189785192875813 0.023754642640668941 0.3477862221583472 0.027672499328708425 0.40503747642040255 -0.10946373188497836 0.10478759651244395 -0.076061616002213367 -0.41007984638214112 -0.022703218699565958 -0.1222802247866772 0.15592346023768189 0.11755115819474063 -0.32608980197459458 -0.033368419809499755 0.50437819354236124 -0.0088501980201625783 0.1665051816776395 0.22959499718078102 0.097411726311195726 -0.025459194309204014
leaf_weight=41 41 4646 72 50 40 100 72 53 44 48 1439 59 104 40 254 479 120 40 70 547 285 90 40 200 40 216 90 48 86 888
leaf_count=41 41 4646 72 50 40 100 72 53 44 48 1439 59 104 40 254 479 120 40 70 547 285 90 40 200 40 216 90 48 86 888
internal_value=1.41457e-10 0.00110634 5.22526e-05 -0.00695432 -0.313065 -0.00368662 0.0343841 0.0241454 -0.131338 -0.00621041 0.035774 0.190201 -0.00478665 0.132496 -0.00721554 -0.00392181 0.0685574 -0.00988051 -0.163567 -0.00752466 0.00287143 -0.00517556 -0.0139763 0.0930155 0.236575 0.0848833 0.0286613 -0.0446763 -0.0924327 -0.0123795
internal_weight=10342 10301 10260 8521 90 8431 1739 1667 116 8331 1551 112 8283 144 8139 7885 599 7286 110 7176 5607 5106 4686 420 130 501 290 1569 633 936
internal_count=10342 10301 10260 8521 90 8431 1739 1667 116 8331 1551 112 8283 144 8139 7885 599 7286 110 7176 5607 5106 4686 420 130 501 290 1569 633 936
is_linear=0
shrinkage=0.05


Tree=106
num_leaves=31
num_cat=0
split_feature=32 11 11 6 17 12 14 14 26 13 15 25 13 17 10 7 23 25 19 22 15 0 14 17 32 24 11 2 16 7
split_gain=1202.63 1678.81 1071.48 1086.28 1958.38 1942.76 2356.55 1838.15 1754.08 1731.62 1658.44 1642.87 1992.92 1561.3 1497.29 1421.62 1421.83 2829.2 1346.61 1410.46 1223.31 1210.94 1185.37 2317.47 2010.82 3295.35 1175.69 1139.99 1076.8 999.62
threshold=2.7693637825969741 300.34000000000009 303.74500000000006 0.048362692321690152 36.778768612149001 331.65666666666675 330.12500000000006 164.20000000000002 9.3250000000000011 39.709215270480037 432.38500000000005 1.6999999999999977 40.022450996952145 37.38199216828685 423.34500000000008 -0.3744658827978154 32.720833333333346 -1.7 448.25000000000006 14.150000000000002 432.75000000000006 13.500000000000002 305.60000000000008 37.145851761049407 -10.907551906395136 15.646130952380954 421.88500000000005 2.5000000000000004 361.45803571428581 0.43540432083943431
decision_type=2 2 2 2 2 2 2 2 2 2 2 2 2 2 2 2 2 2 2 2 2 2 2 2 2 2 2 2 2 2
left_child=2 -2 -1 7 5 -5 29 -4 9 10 21 13 18 27 -15 16 17 -10 19 -13 -14 -9 -23 24 -24 -26 -16 -6 -11 -7
right_child=1 -3 3 4 11 6 -8 8 15 28 -12 12 20 14 26 -17 -18 -19 -20 -21 -22 22 23 -25 25 -27 -28 -29 -30 -31
leaf_value=0.23124923247582557 -0.28837914500843015 -0.015367098542164427 0.28250377576511643 0.24216022342201568 -0.3073226268522633 -0.040354083774563593 0.1557382942552184 0.038521153454710445 -0.39829133614038048 0.13614182022132287 -0.31736257241632887 0.31394967358067349 0.041234589263032646 0.016375868379173895 -0.39672996045612713 0.093466099403052463 0.026311693296268531 -0.023031297809869997 0.31182731249584605 0.03047314443789861 -0.25246379483777742 -0.0020588675485086745 -0.15191042613606531 0.0020787749162598235 -0.13759701095876239 -0.76774588863297211 -0.037118293293843078 -0.078474718303186822 -0.12882527234749153 0.062235376489912911
leaf_weight=57 57 4644 52 154 78 468 405 179 65 146 78 53 78 748 41 440 624 221 78 255 65 178 182 148 42 41 51 180 52 482
leaf_count=57 57 4644 52 154 78 468 405 179 65 146 78 53 78 748 41 440 624 221 78 255 65 178 182 148 42 41 51 180 52 482
internal_value=6.53581e-11 -0.0186774 0.015565 0.0133634 0.0328478 0.0738757 0.0547496 -0.011597 -0.0179798 -0.0665816 -0.0976677 -0.00520452 0.0671808 -0.0400787 -0.00703549 0.0196776 -0.0160004 -0.108318 0.12625 0.0792532 -0.0922647 -0.0754128 -0.109921 -0.156408 -0.244922 -0.448875 -0.19738 -0.147661 0.0665545 0.0116966
internal_weight=10342 4701 5641 5584 3136 1509 1355 2448 2396 1046 848 1627 529 1098 840 1350 910 286 386 308 143 770 591 413 265 83 92 258 198 950
internal_count=10342 4701 5641 5584 3136 1509 1355 2448 2396 1046 848 1627 529 1098 840 1350 910 286 386 308 143 770 591 413 265 83 92 258 198 950
is_linear=0
shrinkage=0.05


Tree=107
num_leaves=31
num_cat=0
split_feature=13 13 11 11 9 24 0 18 28 2 2 17 10 5 19 9 9 16 18 16 29 9 6 11 6 14 16 24 14 13
split_gain=1184.25 1407.08 6059.41 2705.96 1850.54 4930.28 2028.11 2451.36 1535.6 2049.77 1163.62 1773.42 1282.41 1077.19 940.774 936.853 2194.84 1037.79 1276.68 981.408 1402.22 1376.59 1130.24 1006.91 921.286 976.833 956.386 819.985 766.883 763.43
threshold=10.18733216452757 12.273067053899736 304.92000000000002 300.34000000000009 331.61000000000007 34.260416666666671 3.5000000000000004 303.19500000000005 0.39345238095238094 5.5000000000000009 1.0000000180025095e-35 43.955569731031112 308.37500000000006 -0.9159756150367534 448.25000000000006 320.38000000000005 320.31500000000005 373.54505952380958 322.94000000000005 359.081755952381 1.4577380952380956 306.61000000000007 -0.55657520495441892 389.59000000000009 0.80926549319045582 308.12500000000006 371.35380952380962 20.410714285714288 310.54000000000002 12.597542009912422
decision_type=2 2 2 2 2 2 2 2 2 2 2 2 2 2 2 2 2 2 2 2 2 2 2 2 2 2 2 2 2 2
left_child=14 2 -2 -3 5 6 7 -4 9 -8 11 12 -5 -12 -1 16 19 18 24 20 21 -15 -22 -24 26 -26 -17 -23 -27 -14
right_child=1 3 4 10 -6 -7 8 -9 -10 -11 13 -13 29 15 -16 17 -18 -19 -20 -21 22 27 23 -25 25 28 -28 -29 -30 -31
leaf_value=0.15214254824203199 -0.64054953026217087 0.34663202166557316 -0.5389488031715155 -0.14544565364414333 0.10661209206235536 -0.46211019763723016 -0.44425082080066203 0.0018765971741893075 0.049212729710150137 -0.004014324055363735 0.04352787749166076 -0.23677007056945981 0.010885383907408841 -0.24647073390937987 -0.05655425841299197 0.03044477863137094 -0.39371945822522758 -0.041827738897660102 0.10431855231998306 -0.108516160587758 -0.2567497042081659 0.22033717443386747 -0.052088089630716844 0.1285253746861435 0.15297722178215664 -0.2189192030057755 -0.072065831032685115 0.032556811053703422 -0.037870806440337128 0.16062568406655414
leaf_weight=216 43 57 40 49 188 72 40 44 454 78 1064 43 113 42 72 2343 42 1049 357 336 63 63 1098 83 63 63 252 753 817 345
leaf_count=216 43 57 40 49 188 72 40 44 454 78 1064 43 113 42 72 2343 42 1049 357 336 63 63 1098 83 63 63 252 753 817 345
internal_value=-5.68133e-12 -0.00286362 -0.0604676 0.00321029 -0.0332367 -0.0693515 -0.0262438 -0.255659 0.00744655 -0.153247 0.00104443 0.0715236 0.0976708 -0.00352243 0.0999683 -0.0102656 -0.0353441 0.00231415 0.0142024 -0.0291702 -0.016487 0.0326862 -0.0504022 -0.0393947 0.00510931 -0.0372161 0.02049 0.0470546 -0.0508322 0.123681
internal_weight=10342 10054 959 9095 916 728 656 84 572 118 9038 550 507 8488 288 7424 2480 4944 3895 2438 2102 858 1244 1181 3538 943 2595 816 880 458
internal_count=10342 10054 959 9095 916 728 656 84 572 118 9038 550 507 8488 288 7424 2480 4944 3895 2438 2102 858 1244 1181 3538 943 2595 816 880 458
is_linear=0
shrinkage=0.05


Tree=108
num_leaves=31
num_cat=0
split_feature=11 24 23 23 23 14 9 30 17 22 30 23 30 23 9 30 31 19 7 31 12 25 17 14 23 12 25 19 29 16
split_gain=1124.96 1074.15 841.381 2682.74 1099.38 1004.32 1115.29 2092.81 1049.87 924.611 921.159 2349.73 1068.32 1003.75 927.1 924.671 1087.57 2635.09 1954.09 1527.29 1185.75 1024.78 993.903 922.396 837.818 766.613 757.172 752.192 748.803 740.638
threshold=251.51500000000001 10.784523809523812 36.110416666666673 36.00833333333334 36.443750000000009 342.35500000000008 343.89000000000004 25.402083333333334 34.535794084897695 30.850000000000005 31.939583333333335 32.593750000000007 31.116666666666671 35.631250000000009 330.80000000000007 29.595833333333342 4.6041666666666679 399.55500000000006 -0.43733099657705293 4.3750000000000009 370.31583333333339 1.1000000000000008 36.880517527303418 255.01500000000001 23.850000000000005 357.96062500000005 -6.6499999999999995 455.73500000000007 0.0023809523809523729 377.38086309523811
decision_type=2 2 2 2 2 2 2 2 2 2 2 2 2 2 2 2 2 2 2 2 2 2 2 2 2 2 2 2 2 2
left_child=-1 -2 3 5 -4 6 10 8 -8 -9 12 -12 13 15 -13 16 19 -18 -19 23 25 -17 -22 -3 -24 28 -25 29 -20 -28
right_child=1 2 4 -5 -6 -7 7 9 -10 -11 11 14 -14 -15 -16 21 17 18 20 -21 22 -23 24 26 -26 -27 27 -29 -30 -31
leaf_value=-0.26138657942050841 0.10557907598791645 0.074907163325044671 0.20841268923781486 -0.30999500159329424 0.026018358843608036 -0.23168747316425048 0.20340268848319254 0.4324682488441467 -0.015386244979181132 0.10994895595125853 -0.34684238524841415 0.13664273478755992 0.16770294826891688 0.21347318429884932 -0.092322976000917462 -0.31806927718222144 0.44665568739175798 -0.13098513978223006 0.26026387263089418 -0.26221598079428077 0.13573950208102664 0.00205276644974947 -0.20401966362812762 0.090879666890412963 0.01167609887859343 0.27667213415727021 -0.0093863108519487183 -0.077806114292807052 -0.0046895258477889007 -0.20654467300822341
leaf_weight=41 240 314 92 72 810 48 66 50 324 40 70 70 90 52 120 50 40 150 40 60 120 50 59 172 190 90 6244 450 80 48
leaf_count=41 240 314 92 72 810 48 66 50 324 40 70 70 90 52 120 50 40 150 40 60 120 50 59 172 190 90 6244 450 80 48
internal_value=-1.95181e-10 0.00104037 -0.00145335 -0.00599093 0.0446218 -0.00358219 -0.00237087 0.0717933 0.0216396 0.289126 -0.0065301 -0.0992028 -0.00362675 -0.00550514 -0.00796719 -0.0069011 -0.00502562 0.0515272 0.0298466 -0.0109928 0.0715128 -0.158008 0.017534 -0.00890743 -0.0394325 0.166361 -0.0127139 -0.0153567 0.0836283 -0.0108904
internal_weight=10342 10301 10061 9159 902 9087 9039 480 390 90 8559 260 8299 8209 190 8157 8057 769 729 7288 579 100 369 7228 249 210 6914 6742 120 6292
internal_count=10342 10301 10061 9159 902 9087 9039 480 390 90 8559 260 8299 8209 190 8157 8057 769 729 7288 579 100 369 7228 249 210 6914 6742 120 6292
is_linear=0
shrinkage=0.05


Tree=109
num_leaves=31
num_cat=0
split_feature=4 18 11 15 10 23 13 9 7 16 11 18 2 11 9 6 17 12 14 24 13 16 13 2 25 13 26 24 10 29
split_gain=1053.32 1605.28 1242.23 952.812 1009.46 1796.51 969.801 1182.67 1414.34 1173.46 2577.27 1706.24 9887.43 3643.35 2008.24 948.011 1689.7 1666.24 2097.6 1656.61 2234.85 1586.81 1730.75 1637.31 1430.17 1750.16 1393.62 1355.11 1655.05 2838.87
threshold=0.12940952255126045 77.640000000000015 303.74500000000006 456.68500000000006 421.88500000000005 23.687500000000004 39.056789889499733 320.76000000000005 0.8852232634113919 342.42065476190481 305.66000000000003 159.84000000000003 1.0000000180025095e-35 302.34500000000008 299.45000000000005 0.048362692321690152 36.778768612149001 331.65666666666675 328.49500000000006 27.062500000000004 39.709215270480037 371.87217261904772 11.61371199602779 1.0000000180025095e-35 1.6999999999999977 40.022450996952145 1.2354166666666668 17.792559523809526 350.36500000000007 0.1017857142857143
decision_type=2 2 2 2 2 2 2 2 2 2 2 2 2 2 2 2 2 2 2 2 2 2 2 2 2 2 2 2 2 2
left_child=2 -2 -1 4 6 -6 9 -8 -9 10 -3 12 -11 -13 -15 19 17 -17 -19 20 26 22 -21 -24 -18 -26 -4 -28 -29 -30
right_child=1 3 15 -5 5 -7 7 8 -10 11 -12 13 -14 14 -16 16 24 18 -20 21 -22 -23 23 -25 25 -27 27 28 29 -31
leaf_value=0.25792290631395121 -0.24529179103893084 0.41507113710130483 -0.03218977729079258 0.1749954478815198 -0.38455101988464596 0.046011565086689403 -0.054498269430235752 0.046246756904685271 0.31299451497141967 -0.84131402928720833 0.011126496680080892 0.39413314344836214 -0.015966000223019416 -0.3713635794645132 -0.027021997455690529 0.22587480390395381 -0.037599314263574053 0.0036518016243735152 0.13317989872208599 -0.14892373825986308 0.10289758609596796 -0.050934604748137116 0.29881930181231259 0.05906575341591689 0.11838797339732993 -0.086530259564206319 -0.37332763301638461 -0.012357256057157153 -0.11331070704210518 -0.59679977966517939
leaf_weight=52 76 44 402 66 50 47 281 623 54 44 385 51 207 43 2769 152 1086 851 494 91 169 494 78 818 384 143 65 165 117 41
leaf_count=52 76 44 402 66 50 47 281 623 54 44 385 51 207 43 2769 152 1086 851 494 91 169 494 78 818 384 143 65 165 117 41
internal_value=-1.67161e-10 -0.0173472 0.0146779 -0.0136328 -0.0163404 -0.175928 -0.0129012 0.0317322 0.0675235 -0.0249697 0.0525567 -0.0356501 -0.160649 -0.0246915 -0.0322875 0.0123989 0.0307028 0.0689589 0.0512257 -0.0109312 -0.0621293 0.0222214 0.0588365 0.0799372 -0.00480205 0.062784 -0.0974325 -0.165029 -0.123112 -0.238773
internal_weight=10342 4740 5602 4664 4598 97 4501 958 677 3543 429 3114 251 2863 2812 5550 3110 1497 1345 2440 959 1481 987 896 1613 527 790 388 323 158
internal_count=10342 4740 5602 4664 4598 97 4501 958 677 3543 429 3114 251 2863 2812 5550 3110 1497 1345 2440 959 1481 987 896 1613 527 790 388 323 158
is_linear=0
shrinkage=0.05


Tree=110
num_leaves=31
num_cat=0
split_feature=13 13 11 11 18 24 0 18 28 2 0 2 16 5 19 9 18 9 12 16 18 6 14 16 10 30 5 9 0 23
split_gain=1046.59 1259.64 5551.84 2365.74 1704.78 4292.9 1646.49 2367.05 1310.74 1841.53 1023.35 900.474 1816.37 848.881 833.201 826.397 754.459 751.655 1359.59 825.39 942.527 784.622 857.801 814.154 1571.26 986.714 968.967 905.821 830.078 1694.9
threshold=10.18733216452757 12.273067053899736 304.92000000000002 300.34000000000009 324.54000000000002 34.260416666666671 3.5000000000000004 303.19500000000005 0.39345238095238094 5.5000000000000009 22.500000000000004 1.0000000180025095e-35 341.50383928571438 -0.9159756150367534 448.25000000000006 307.05500000000001 300.48000000000008 320.47000000000008 376.36166666666674 373.54505952380958 323.28500000000003 0.80926549319045582 308.12500000000006 360.53607142857146 424.31500000000005 29.054166666666671 1.0000000180025095e-35 332.37500000000006 9.5000000000000018 37.006250000000001
decision_type=2 2 2 2 2 2 2 2 2 2 2 2 2 2 2 2 2 2 2 2 2 2 2 2 2 2 2 2 2 2
left_child=14 2 -2 -3 5 6 7 -4 9 -8 11 12 -5 -13 -1 -14 -10 18 -15 20 21 23 -23 24 25 26 -19 -25 -29 -30
right_child=1 3 4 10 -6 -7 8 -9 16 -11 -12 13 15 17 -16 -17 -18 19 -20 -21 -22 22 -24 27 -26 -27 -28 28 29 -31
leaf_value=0.14307952125780973 -0.61244956837144016 0.32416258764110117 -0.51144245956093071 -0.18181497459299864 0.11280130865939318 -0.44224208755528233 -0.42051930882036692 0.0093495195459884894 0.13160454165071059 -0.0032440002673329452 -0.080175416400626073 0.042053285254431624 -0.0068785459956242929 -0.022637055045544544 -0.053323378005168509 0.14321244868756622 -0.002641425221139249 0.15244336631833852 -0.26370036528135338 -0.034544243603721971 0.10163360107565921 0.15172735934456191 -0.043978468790708158 -0.044228113775557659 -0.22951262539819531 -0.080076199993491179 0.04646907499073847 -0.016428694261562345 0.13387362421664875 -0.15571587716539703
leaf_weight=216 43 57 40 64 168 68 40 48 156 78 372 1064 126 2325 72 337 318 340 60 999 300 60 838 658 46 100 590 379 320 60
leaf_count=216 43 57 40 64 168 68 40 48 156 78 372 1064 126 2325 72 337 318 340 60 999 300 60 838 658 46 100 590 379 320 60
internal_value=-6.06154e-11 -0.00269205 -0.0571945 0.00305483 -0.0311291 -0.0634557 -0.025577 -0.227374 0.00441982 -0.144693 0.0010297 0.00451554 0.0678553 0.000414291 0.0939788 0.102367 0.0415408 -0.00584774 -0.0287015 0.00577407 0.0166866 0.00917134 -0.0309024 0.0236062 0.0563962 0.0691649 0.0852124 -0.00129285 0.035929 0.088149
internal_weight=10342 10054 959 9095 916 748 680 88 592 118 9038 8666 527 8139 288 463 474 7075 2385 4690 3691 3391 898 2493 1076 1030 930 1417 759 380
internal_count=10342 10054 959 9095 916 748 680 88 592 118 9038 8666 527 8139 288 463 474 7075 2385 4690 3691 3391 898 2493 1076 1030 930 1417 759 380
is_linear=0
shrinkage=0.05


Tree=111
num_leaves=31
num_cat=0
split_feature=11 24 23 23 23 14 9 30 17 30 25 25 30 23 30 30 30 24 19 7 14 17 13 7 7 15 10 19 22 6
split_gain=1061.67 909.237 741.858 2269.19 974.454 879.891 921.765 1843.46 920.831 855.446 2123.07 1219.34 925.693 867.042 836.269 957.557 2139.52 1905.99 1783.7 1516.91 1685.68 1259.1 1145.59 1009.48 994.348 932.789 929.592 903.569 819.63 815.343
threshold=251.51500000000001 10.784523809523812 36.110416666666673 36.00833333333334 36.443750000000009 342.35500000000008 343.89000000000004 25.402083333333334 34.535794084897695 31.939583333333335 -1.9499999999999991 2.4999999999999987 31.116666666666671 35.631250000000009 29.595833333333342 17.252083333333335 16.062500000000004 17.553273809523812 399.55500000000006 -0.43733099657705293 312.53000000000003 43.185101821713985 39.181947627355726 0.29958852271690523 0.19969739736768838 384.18000000000006 384.38500000000005 455.73500000000007 30.850000000000005 0.90892735371523092
decision_type=2 2 2 2 2 2 2 2 2 2 2 2 2 2 2 2 2 2 2 2 2 2 2 2 2 2 2 2 2 2
left_child=-1 -2 3 5 -4 6 9 8 -8 12 -11 -12 13 14 15 16 27 -18 -17 25 -21 22 23 24 -22 -20 -16 -3 -9 -25
right_child=1 2 4 -5 -6 -7 7 28 -10 10 11 -13 -14 -15 26 18 17 -19 19 20 21 -23 -24 29 -26 -27 -28 -29 -30 -31
leaf_value=-0.25392797080481927 0.097190449930106615 -0.0022356942394146542 0.19618488479324658 -0.28513662856744809 0.024466208511572565 -0.2168369000699992 0.18838390323869658 0.40416239953041083 -0.01651888436739862 -0.35614120919878284 0.044703732320340354 -0.26393988719210032 0.15630439935045112 0.1985935918771877 -0.33663460861891514 0.28116942533424927 -0.066829210134843983 -0.41197319592038789 0.0088224119527472392 0.17235139548225981 0.10529621513729746 -0.23039975547790528 -0.055023979748537205 0.060480123953535581 0.39640710622072223 -0.21305711416155104 -0.025455362486342586 -0.076075390090868056 0.10050406417809428 -0.15998983020707966
leaf_weight=41 240 6195 92 72 810 48 66 50 324 60 160 40 90 52 40 70 120 60 90 209 110 50 259 260 40 100 60 444 40 50
leaf_count=41 240 6195 92 72 810 48 66 50 324 60 160 40 90 52 40 70 120 60 90 209 110 50 259 260 40 100 60 444 40 50
internal_value=-3.85637e-11 0.00101068 -0.00128364 -0.00554442 0.0419808 -0.00332909 -0.0021953 0.0652281 0.018157 -0.00597649 -0.0952826 -0.017025 -0.00317861 -0.00492712 -0.00622454 -0.00444097 -0.0117855 -0.181877 0.0360134 0.0213209 0.046436 0.0122146 0.0290862 0.0764439 0.182926 -0.107956 -0.149927 -0.00717391 0.269203 0.0249205
internal_weight=10342 10301 10061 9159 902 9087 9039 480 390 8559 260 200 8299 8209 8157 8057 6819 180 1238 1168 978 769 719 460 150 190 100 6639 90 310
internal_count=10342 10301 10061 9159 902 9087 9039 480 390 8559 260 200 8299 8209 8157 8057 6819 180 1238 1168 978 769 719 460 150 190 100 6639 90 310
is_linear=0
shrinkage=0.05


Tree=112
num_leaves=31
num_cat=0
split_feature=11 24 5 15 30 16 24 7 13 6 15 13 11 26 9 9 24 12 10 6 6 32 13 13 6 14 18 10 6 0
split_gain=958.158 820.586 722.504 981.996 725.707 667.083 826.028 1742.97 889.648 784.49 890.651 1302.38 910.374 1308.01 1174.75 915.823 1794.83 949.13 1427.1 1356.61 1075.58 1366.82 1955.57 1443.13 1130.24 781.631 780.893 751.102 726.893 974.847
threshold=251.51500000000001 10.784523809523812 -0.5 456.68500000000006 16.062500000000004 377.38086309523811 34.75833333333334 -0.98521978256641018 13.344099563256629 0.97314989601849466 407.82500000000005 35.966705933943722 362.64500000000004 5.729166666666667 316.75500000000005 310.25500000000005 34.237500000000004 342.59229166666677 340.68500000000006 -0.12546116083924153 0.51297097409535064 5.6186767980715384 13.429067211446414 13.457202396416962 0.38243310158943505 316.47500000000008 324.54000000000002 306.28500000000003 -0.90163369914317015 16.500000000000004
decision_type=2 2 2 2 2 2 2 2 2 2 2 2 2 2 2 2 2 2 2 2 2 2 2 2 2 2 2 2 2 2
left_child=-1 -2 3 -3 5 6 7 -4 -8 10 12 25 15 -14 -15 17 -17 20 19 -19 24 23 -23 -22 27 -12 28 -9 29 -27
right_child=1 2 4 -5 -6 -7 8 9 -10 -11 11 -13 13 14 -16 16 -18 18 -20 -21 21 22 -24 -25 -26 26 -28 -29 -30 -31
leaf_value=-0.24123152581656854 0.092330928393639627 0.014435569267884883 -0.33075414250294366 0.24222046384432666 -0.070901972602012614 -0.10571991725336397 0.20820054140849373 -0.11271526605511706 0.028155210962286223 0.070079670660802493 -0.20664586652691166 -0.01050537812782662 -0.16966999907236655 -0.14412747114896773 0.20934890547865317 0.052418306705786302 -0.27550405277762308 -0.48363252590410416 0.06491458379492468 -0.071835489105433234 0.22420455431979566 -0.50692497398704295 -0.021209559017835663 -0.1885539563233033 0.28614468450953318 -0.022323759831488134 -0.18081017443910241 0.042583218306185479 -0.0073364641219962647 -0.34570231488565123
leaf_weight=41 240 3316 42 48 466 164 78 96 570 308 120 1798 158 40 57 1410 43 40 49 40 45 40 43 40 41 54 120 412 382 41
leaf_count=41 240 3316 42 48 466 164 78 96 570 308 120 1798 158 40 57 1410 43 40 49 40 45 40 43 40 41 54 120 412 382 41
internal_value=-1.48831e-11 0.000960149 -0.00121945 0.0176858 -0.0107158 -0.00621466 -0.00352488 -0.0099047 0.0498273 -0.00739853 -0.0121062 -0.0332267 0.00869176 -0.0809415 0.0635855 0.0186337 0.0427138 -0.0227238 -0.147581 -0.277734 -0.000259987 -0.110964 -0.255289 0.0299653 0.0336167 -0.0902044 -0.066799 0.0132355 -0.038117 -0.161887
internal_weight=10342 10301 10061 3364 6697 6231 6067 5419 648 5377 5069 2515 2554 255 97 2299 1453 846 129 80 717 168 83 85 549 717 597 508 477 95
internal_count=10342 10301 10061 3364 6697 6231 6067 5419 648 5377 5069 2515 2554 255 97 2299 1453 846 129 80 717 168 83 85 549 717 597 508 477 95
is_linear=0
shrinkage=0.05


Tree=113
num_leaves=31
num_cat=0
split_feature=4 11 11 14 13 25 7 6 24 13 25 12 16 25 25 17 12 32 19 6 12 19 17 19 15 9 9 17 15 10
split_gain=920.348 1455.85 1147.38 895.7 1165.5 1707.38 1084.59 1015.79 1818.5 1297.17 1182.79 1091.84 1272.53 1054.61 1595.12 1798.45 1470.87 1207.36 1162.41 1639.25 1133.16 1086.16 1069.04 979.195 947.878 903.307 861.387 848.669 838.062 1059.62
threshold=0.12940952255126045 300.34000000000009 303.74500000000006 237.45500000000001 43.348748382654456 -0.84999999999999776 -0.14250536273956091 0.048362692321690152 27.062500000000004 39.435818704589337 -4.7499999999999991 330.11770833333338 371.87217261904772 4.4500000000000011 1.6499999999999988 34.619837278718997 334.37125000000009 -22.750859937887107 448.32500000000005 0.59177612190863982 343.55062500000003 421.23000000000008 34.227732766993846 420.76000000000005 384.18000000000006 315.73000000000008 320.85500000000008 37.97855033243988 456.68500000000006 421.88500000000005
decision_type=2 2 2 2 2 2 2 2 2 2 2 2 2 2 2 2 2 2 2 2 2 2 2 2 2 2 2 2 2 2
left_child=2 -2 -1 23 7 -6 -7 8 9 10 -5 -10 -13 14 15 16 -9 -17 19 21 -18 -16 -22 24 -4 27 -27 -12 29 -3
right_child=1 28 3 4 5 6 -8 13 11 -11 25 12 -14 -15 18 17 20 -19 -20 -21 22 -23 -24 -25 -26 26 -28 -29 -30 -31
leaf_value=0.24749432998494458 -0.2651817304307017 -0.012169425178441426 0.13227879197551654 0.10979140593455389 -0.36027356704267177 -0.15209791881390489 0.15426631670158644 0.31356162181304348 -0.20126152018514964 0.069858381512796289 -0.11066076876358338 0.069240012478809607 -0.034780242011913064 -0.15147613010236197 0.076929738712542273 -0.18695744712650778 -0.17023462944105269 -0.0065888846302830806 0.25135330639403458 0.023667113053282184 0.05499582797709493 0.30711325649354682 0.29404294828955946 0.20955037288626449 -0.15412633687329408 -0.27820924015990062 -0.099417808850077879 0.048103950249193159 0.16377916489163358 -0.18003961128803592
leaf_weight=52 58 4520 65 65 52 65 52 62 52 143 314 831 455 77 103 100 50 1285 104 502 465 102 52 117 52 129 141 115 66 96
leaf_count=52 58 4520 65 65 52 65 52 62 52 143 314 831 455 77 103 100 50 1285 104 502 465 102 52 117 52 129 141 115 66 96
internal_value=-1.13322e-10 -0.0162153 0.0137202 0.0115299 0.00731566 -0.121886 -0.015936 0.011558 -0.0136964 -0.0683531 -0.0942225 0.0233541 0.0324366 0.0310948 0.0360711 0.0122294 0.0823408 -0.0196119 0.0952786 0.07232 0.0570574 0.19146 0.0790393 0.107269 0.00498762 -0.113194 -0.18484 -0.0681015 -0.0131312 -0.0156607
internal_weight=10342 4740 5602 5550 5316 169 117 5147 2245 907 764 1338 1286 2902 2825 2014 629 1385 811 707 567 205 517 234 117 699 270 429 4682 4616
internal_count=10342 4740 5602 5550 5316 169 117 5147 2245 907 764 1338 1286 2902 2825 2014 629 1385 811 707 567 205 517 234 117 699 270 429 4682 4616
is_linear=0
shrinkage=0.05


Tree=114
num_leaves=31
num_cat=0
split_feature=13 13 18 11 24 12 11 28 11 4 0 17 6 2 10 17 17 13 23 14 23 12 17 18 10 24 9 10 13 6
split_gain=883.453 1134.78 5009.47 2327.44 1597.58 6266.51 1814.29 1261.61 1680.02 1142.96 934.136 791.729 1639.15 1341.6 1196.37 742.508 1682.67 1122.36 1140.81 1113.84 1031.37 1025.77 968.308 1022.64 1019.68 958.827 884.226 883.094 3735.58 840.794
threshold=10.18733216452757 12.273067053899736 154.41500000000005 300.34000000000009 34.237500000000004 343.55062500000003 305.66000000000003 0.49047619047619057 348.26000000000005 1.0000000180025095e-35 22.500000000000004 46.354287850065255 0.58481550752069722 1.0000000180025095e-35 308.37500000000006 45.81161926007686 45.001873527224213 37.162828750675423 32.720833333333346 280.24000000000007 32.429166666666674 359.23937500000005 36.663766014706894 311.10000000000008 373.42000000000007 29.92113095238096 298.98500000000007 422.73000000000008 42.257811174423374 0.97696484778429815
decision_type=2 2 2 2 2 2 2 2 2 2 2 2 2 2 2 2 2 2 2 2 2 2 2 2 2 2 2 2 2 2
left_child=-1 2 -2 -3 6 -6 -4 8 -8 -7 11 13 -13 14 -5 16 17 18 19 -15 26 -20 24 25 -19 27 -21 -24 -29 -25
right_child=1 3 4 10 5 9 7 -9 -10 -11 -12 12 -14 15 -16 -17 -18 22 21 20 -22 -23 23 29 -26 -27 -28 28 -30 -31
leaf_value=0.086344108423024105 -0.55759484712430774 0.32147890912336219 0.32824622687883676 -0.17792778551578523 -0.64755234022935237 0.22466526348919921 -0.045974739695467601 0.018012728863337855 -0.41223690394489537 -0.12038271084117394 -0.076612219906359497 -0.37565453488652301 0.05912385297858197 0.1254631092950054 0.10694168072451019 0.16417620018718468 -0.30543624215655862 0.01265436278062044 0.12366841483537271 -0.2466090875475303 -0.22406727792560188 0.0058887827715706949 0.023427966119503953 -0.081295310499996928 0.12078047873109939 0.10158299255132948 -0.025927402216303332 0.039385771237649636 -0.50733584939014342 0.059816309325668941
leaf_weight=288 47 57 40 40 48 48 123 563 42 48 372 41 46 115 469 69 45 417 230 46 69 942 1145 460 457 345 3429 122 42 137
leaf_count=288 47 57 40 40 48 48 123 563 42 48 372 41 46 115 469 69 45 417 230 46 69 942 1145 460 457 345 3429 122 42 137
internal_value=7.44206e-11 -0.00247335 -0.0542041 0.00298127 -0.0282618 -0.18109 0.000393454 -0.0176204 -0.139205 0.0521413 0.000972597 0.00430303 -0.145772 0.00582495 0.0845551 0.000859192 -0.000549241 0.00117523 -0.0139289 -0.0276801 -0.0326495 0.0290025 0.024525 0.00718219 0.0691917 0.0274293 -0.0288487 0.00788539 -0.100628 -0.0489129
internal_weight=10342 10054 959 9095 912 144 768 728 165 96 9038 8666 87 8579 509 8070 8001 7956 4831 3659 3544 1172 3125 2251 874 1654 3475 1309 164 597
internal_count=10342 10054 959 9095 912 144 768 728 165 96 9038 8666 87 8579 509 8070 8001 7956 4831 3659 3544 1172 3125 2251 874 1654 3475 1309 164 597
is_linear=0
shrinkage=0.05


Tree=115
num_leaves=31
num_cat=0
split_feature=5 32 18 13 11 16 11 2 17 2 11 25 15 6 30 25 14 10 9 30 17 17 16 11 13 17 13 6 6 12
split_gain=872.514 1736.93 1354.42 1070.31 3751.72 1128.02 3336.97 1655.82 845.993 896.479 1958.66 1008.19 2065.33 1797.57 2120.7 1785.56 1595.67 2099.33 1257.26 1126.78 988.12 974.328 1163.84 964.63 1029.38 923.072 917.117 1303.62 849.994 1441.75
threshold=0.37940952255126048 30.855802399061218 77.640000000000015 11.61371199602779 306.52500000000003 342.42065476190481 302.34500000000008 1.0000000180025095e-35 46.354287850065255 3.5000000000000004 333.72000000000008 -0.60000000000000042 342.34000000000003 -0.73866753694953124 31.710416666666671 -1.0000000180025095e-35 310.28000000000003 412.62500000000006 339.11000000000007 38.347916666666677 45.81161926007686 32.976875713997295 362.94348214285719 401.44000000000005 43.681268612552181 45.001873527224213 39.181947627355726 0.77244481603295057 -0.52766804058324157 343.02125000000007
decision_type=2 2 2 2 2 2 2 2 2 2 2 2 2 2 2 2 2 2 2 2 2 2 2 2 2 2 2 2 2 2
left_child=8 2 -2 4 -4 7 -7 -5 9 10 -1 12 -12 14 -14 -13 17 23 21 -20 25 22 -17 24 -15 -11 -23 -28 -18 -30
right_child=1 -3 3 5 -6 6 -8 -9 -10 20 11 15 13 16 -16 18 28 -19 19 -21 -22 26 -24 -25 -26 -27 27 -29 29 -31
leaf_value=0.24763724508881571 -0.24696352410866249 -0.3311112992211499 0.51029761904893922 0.3511071717197245 0.0092653811396213991 -0.38389165738597514 -0.02179546044577196 0.024095557267873071 -0.17562684308504686 -0.0083584845800176964 -0.2727054441688766 0.24891135119924357 0.060142788680612437 0.10640944269430988 0.45280480185523636 -0.022038891128605229 -0.19120135978737382 -0.27261476280485714 0.14714269184086945 -0.13362815869040787 0.22410899582836363 0.070320179141002317 -0.29230352603726922 0.25251992895112685 -0.17270474662867988 -0.23669265367918546 0.038439855655079957 -0.13958719406214853 -0.2833053213854631 -0.018211826279190293
leaf_weight=100 62 44 43 44 285 65 3013 322 60 2700 71 102 245 170 40 347 120 41 335 40 45 787 45 84 41 45 327 150 57 512
leaf_count=100 62 44 43 44 285 65 3013 322 60 2700 71 102 245 170 40 347 120 41 335 40 45 787 45 84 41 45 327 150 57 512
internal_value=2.05209e-10 -0.01875 -0.0151652 -0.0113552 0.0749495 -0.0195747 -0.0294421 0.0634084 0.0112488 0.0129997 0.0294367 0.0232272 -0.010057 0.00417812 0.115253 0.0447769 -0.0267062 0.0626285 0.034525 0.117194 -0.00829182 0.0158047 -0.0530642 0.109222 0.052174 -0.0121017 0.0371628 -0.0175435 -0.0702714 -0.0447678
internal_weight=10342 3878 3834 3772 328 3444 3078 366 6464 6404 3614 3514 1381 1310 285 2133 1025 336 2031 375 2790 1656 392 295 211 2745 1264 477 689 569
internal_count=10342 3878 3834 3772 328 3444 3078 366 6464 6404 3614 3514 1381 1310 285 2133 1025 336 2031 375 2790 1656 392 295 211 2745 1264 477 689 569
is_linear=0
shrinkage=0.05


Tree=116
num_leaves=31
num_cat=0
split_feature=11 11 5 10 9 30 25 17 30 30 6 16 17 6 6 24 24 12 12 15 14 14 2 13 12 11 6 23 13 10
split_gain=863.862 783.623 711.336 1480.67 1009.21 3191.62 1392.67 1263.02 952.128 2130.4 1350.56 1078.7 1049.64 807.384 1748.76 1078.93 987.945 732.155 730.559 1391.74 3157.78 3089.07 873.923 681.179 860.103 798.61 783.968 747.95 713.478 1914.82
threshold=251.51500000000001 300.34000000000009 0.60355339059327384 316.14000000000004 316.19500000000005 28.816666666666674 0.54999999999999905 45.46741229618474 17.541666666666671 16.635416666666668 0.57077594689671507 359.081755952381 39.776350087586088 -0.94705910369513524 -0.96689237009891416 27.783928571428579 28.08839285714286 390.21750000000003 334.51604166666669 360.44000000000005 322.29500000000002 318.97500000000008 1.0000000180025095e-35 24.849951466666564 357.32687500000003 372.55500000000006 -0.15101209918632377 33.675000000000004 43.388145002387454 418.29000000000002
decision_type=2 2 2 2 2 2 2 2 2 2 2 2 2 2 2 2 2 2 2 2 2 2 2 2 2 2 2 2 2 2
left_child=-1 -2 3 -3 5 8 -7 13 9 11 -10 -5 -12 14 15 -6 -17 -18 -15 20 21 -20 -21 24 27 26 -26 -24 -25 -30
right_child=1 2 -4 4 7 6 -8 -9 10 -11 12 -13 -14 18 -16 16 17 -19 19 22 -22 -23 23 28 25 -27 -28 -29 29 -31
leaf_value=-0.22905389811934496 0.21906691149967475 0.18962514756901847 -0.020689394122781344 -0.0016627129610421645 -0.065877279961969765 -0.53807307455688713 -0.13667583066098235 -0.23314626026153565 0.25392037179225529 -0.38453905113041403 0.085465772279227775 -0.14046007705071281 -0.22236452975310383 0.14574440507218242 0.23123417831957341 0.25467590111366006 -0.0078668366057949284 0.20610493415710973 -0.042228280898987086 0.10937961234679271 0.061738705808813334 -0.59254680387401848 -0.020716482405896155 0.02607060476226904 -0.1427919275293659 -0.19648828582217298 0.054785545778992986 0.13131774132158244 0.013583835829859196 -0.37198822574601292
leaf_weight=41 41 111 2949 1445 187 40 47 50 78 40 90 155 40 100 136 68 185 51 51 234 119 51 391 3037 91 120 112 102 138 42
leaf_count=41 41 111 2949 1445 187 40 47 50 78 40 90 155 40 100 136 68 185 51 51 234 119 51 391 3037 91 120 112 102 138 42
internal_value=3.06944e-10 0.00091168 3.99093e-05 0.00840138 0.00560751 -0.0252708 -0.321226 0.016956 -0.0113379 -0.0241192 0.0894381 -0.0151087 -0.00925124 0.0193539 0.0725722 0.028625 0.0867564 0.0383728 0.012081 0.00910278 -0.113243 -0.317388 0.0154394 0.00998886 -0.0308118 -0.0942312 -0.0337837 0.0107389 0.020338 -0.076383
internal_weight=10342 10301 10260 7311 7200 1935 87 5265 1848 1640 208 1600 130 5215 627 491 304 236 4588 4488 221 102 4267 4033 816 323 203 493 3217 180
internal_count=10342 10301 10260 7311 7200 1935 87 5265 1848 1640 208 1600 130 5215 627 491 304 236 4588 4488 221 102 4267 4033 816 323 203 493 3217 180
is_linear=0
shrinkage=0.05


Tree=117
num_leaves=31
num_cat=0
split_feature=4 11 11 9 12 14 13 25 6 24 13 26 24 10 29 25 29 14 17 25 19 23 16 6 0 17 6 25 30 16
split_gain=869.331 1355.15 970.25 812.226 1605.44 794.734 972.587 1886.43 901.041 1510.16 1151.87 1188.43 1098.94 1466.33 2399.69 969.265 1441.71 1068.7 1627.9 1195.52 2252.53 996.326 964.003 1166.07 959.708 1033.15 958.304 917.868 885.652 1117.06
threshold=0.12940952255126045 300.34000000000009 303.74500000000006 304.92500000000001 342.59229166666677 237.45500000000001 43.388145002387454 -1.0000000180025095e-35 0.048362692321690152 27.062500000000004 39.709215270480037 1.2354166666666668 17.792559523809526 350.36500000000007 0.1017857142857143 4.4500000000000011 4.4502976190476202 330.12500000000006 37.300787137782258 1.6499999999999988 448.25000000000006 10.706250000000002 358.08821428571434 -0.94705910369513524 12.500000000000002 35.933599538428261 -0.19337636264337835 -0.84999999999999776 26.772916666666671 361.72083333333336
decision_type=2 2 2 2 2 2 2 2 2 2 2 2 2 2 2 2 2 2 2 2 2 2 2 2 2 2 2 2 2 2
left_child=2 -2 -1 4 -3 -4 8 -8 9 10 11 26 -13 -14 -15 16 17 19 -19 28 -21 -18 23 -11 -23 -26 -7 -20 29 -10
right_child=1 3 5 -5 -6 6 7 -9 15 22 -12 12 13 14 -16 -17 21 18 27 20 -22 24 -24 -25 25 -27 -28 -29 -30 -31
leaf_value=0.22830809016640369 -0.25596166525421471 -0.042196403884563118 0.10150215638419376 -0.0077961542403862383 -0.3743565899573944 0.03946701092587318 -0.36153996774496944 0.0072964079176577245 0.020201376735827711 0.32648192964440503 0.083893661635617414 -0.33420896614973361 -0.0046321062136893019 -0.10239802335317319 -0.54691828252384223 -0.14552803072449449 0.0076489326672968252 0.13345017806194032 0.044841733466383524 0.018947764258003898 0.30999826824722382 -0.043394205845892431 0.0035397198675587052 0.049991187729410358 0.12187934045956748 0.31649927844603859 -0.11792095899121997 -0.20116384364449635 -0.1909344644118578 -0.081156355751363776
leaf_weight=52 58 210 234 4428 44 240 52 104 742 52 117 65 165 117 41 77 159 390 91 450 78 50 1156 143 185 108 162 65 78 429
leaf_count=52 58 210 234 4428 44 240 52 104 742 52 117 65 165 117 41 77 159 390 91 450 78 50 1156 143 185 108 162 65 78 429
internal_value=-9.47648e-11 -0.0157595 0.0133345 -0.0127839 -0.099736 0.0113204 0.00735074 -0.115649 0.0110693 -0.0126173 -0.0625222 -0.0842066 -0.146629 -0.108881 -0.217748 0.0294996 0.0342702 0.0176657 0.0788471 -0.00113291 0.0619439 0.111108 0.0208865 0.123722 0.159067 0.193616 -0.023958 -0.0576606 -0.0277979 -0.0169314
internal_weight=10342 4740 5602 4682 254 5550 5316 156 5160 2258 907 790 388 323 158 2902 2825 2323 546 1777 528 502 1351 195 343 293 402 156 1249 1171
internal_count=10342 4740 5602 4682 254 5550 5316 156 5160 2258 907 790 388 323 158 2902 2825 2323 546 1777 528 502 1351 195 343 293 402 156 1249 1171
is_linear=0
shrinkage=0.05


Tree=118
num_leaves=31
num_cat=0
split_feature=32 11 11 10 9 2 25 13 9 25 2 6 18 24 0 13 9 25 9 14 0 19 19 10 13 16 12 18 9 11
split_gain=799.529 8825.83 7126.52 974.727 1391.96 2378.93 937.058 1946.3 844.052 843.12 914.436 1076.65 1486.61 1348.18 1016.95 1509.44 2107.68 2200.38 909.973 1215.37 1239.4 1089.43 1129.04 1536.94 1178.1 1552.68 1276.07 1248.95 992.409 987.191
threshold=10.01244228808144 304.92000000000002 300.34000000000009 318.65000000000003 308.23000000000008 3.5000000000000004 1.7000000000000004 11.555722190545973 346.82000000000005 1.6499999999999988 3.5000000000000004 -0.95244167294248061 316.08000000000004 27.783928571428579 20.500000000000004 24.750658935498379 325.89500000000004 -0.59999999999999865 344.4550000000001 327.07000000000005 3.5000000000000004 441.13500000000005 435.44500000000005 422.73000000000008 13.021684273779085 351.71663690476197 363.12312500000013 302.09000000000009 322.36500000000007 400.4500000000001
decision_type=2 2 2 2 2 2 2 2 2 2 2 2 2 2 2 2 2 2 2 2 2 2 2 2 2 2 2 2 2 2
left_child=2 -2 -1 -3 5 -5 -6 -8 -9 10 11 12 13 -4 -12 -16 17 -17 19 21 -21 22 23 24 27 29 28 -13 -27 -26
right_child=1 3 9 4 6 -7 7 8 -10 -11 14 18 -14 -15 15 16 -18 -19 -20 20 -22 -23 -24 -25 25 26 -28 -29 -30 -31
leaf_value=0.56151245431653385 -0.72363547066395939 0.072428536882811465 0.0086937928820649789 -0.40180780714939512 0.0060836041786634532 -0.026000577704174313 -0.37898451750891082 -0.054317106840680224 0.17248579114675522 0.033266521032207223 -0.014347540879304777 -0.17479994733206694 -0.070711090939429899 0.30580240959922472 0.0026785348323512012 -0.12300226873856911 -0.048801602896682061 -0.6018613984390182 -0.089574908653739849 -0.11313062528414386 0.11373917618616169 -0.085168699258699632 0.12106256019751482 -0.30569466933517198 0.042795998628871658 -0.36147312288647337 0.0053615745334031663 0.080997555023607087 -0.06581539947364945 0.20296777933615773
leaf_weight=58 44 318 60 63 2079 127 45 606 44 1910 1736 160 75 105 179 47 113 49 240 70 430 351 207 41 647 51 242 68 64 113
leaf_count=58 44 318 60 63 2079 127 45 606 44 1910 1736 160 75 105 179 47 113 49 240 70 430 351 207 41 647 51 242 68 64 113
internal_value=9.43679e-11 -0.0201915 0.00957197 -0.0107608 -0.019686 -0.15061 -0.0107186 -0.06098 -0.0389643 0.00497114 -0.00573491 0.0124025 0.113865 0.197763 -0.0307038 -0.103885 -0.195153 -0.36742 0.00332987 0.0124531 0.0819774 -0.00542868 0.0121412 -0.00412632 0.00506647 0.0262082 -0.0598034 -0.0985095 -0.196933 0.066611
internal_weight=10342 3326 7016 3282 2964 190 2774 695 650 6958 5048 2924 240 165 2124 388 209 96 2684 2444 500 1944 1593 1386 1345 1117 357 228 115 760
internal_count=10342 3326 7016 3282 2964 190 2774 695 650 6958 5048 2924 240 165 2124 388 209 96 2684 2444 500 1944 1593 1386 1345 1117 357 228 115 760
is_linear=0
shrinkage=0.05


Tree=119
num_leaves=31
num_cat=0
split_feature=5 16 11 11 8 17 2 10 14 10 32 13 14 9 25 13 15 28 13 24 17 6 17 24 24 11 16 13 32 23
split_gain=761.906 639.883 5834.51 3314.7 1417.86 689.123 888.38 854.196 603.361 573.35 554.876 813.224 757.176 1083.62 2109.78 692.586 662.846 703.14 1624.29 1551.76 788.598 574.889 510.575 503.639 1660.63 1067.31 1182.9 645.166 556.745 543.688
threshold=-0.70710678118654757 342.42065476190481 300.34000000000009 303.74500000000006 1.0000000180025095e-35 46.354287850065255 4.5000000000000009 307.65000000000003 309.08500000000009 328.15000000000003 1.7941075607508728e-15 43.348748382654456 299.94500000000005 307.05500000000001 0.5999999999999962 41.781211654408317 350.90000000000003 5.3080357142857153 42.129116639506051 22.411904761904765 38.831954979107373 0.90162119223771331 37.557871351942303 34.75833333333334 34.23125000000001 369.18500000000006 368.90068452380962 13.344099563256629 8.3723906735651656 32.677083333333336
decision_type=2 2 2 2 2 2 2 2 2 2 2 2 2 2 2 2 2 2 2 2 2 2 2 2 2 2 2 2 2 2
left_child=9 3 -3 -2 5 6 7 -5 -6 -1 11 12 -11 14 -14 -15 22 18 19 20 -18 -19 -12 24 29 28 -27 -25 -26 -4
right_child=1 2 23 4 8 -7 -8 -9 -10 10 16 -13 13 15 -16 -17 17 21 -20 -21 -22 -23 -24 27 25 26 -28 -29 -30 -31
leaf_value=0.21133287459611894 0.44249979455836441 -0.51195931110916471 -0.012224857310820543 -0.083734247311949728 -0.22864491492509842 -0.13500828446418631 -0.025626104381995848 0.1402089507906383 0.0096904592192731814 0.20691427340277949 -0.028291101239399236 -0.1177307422955831 -0.37533656774565233 0.046293928333322076 0.12916553497314454 0.23143390605472169 -0.0034556213841553853 0.031423738695524089 -0.33681609910435795 -0.2981546070958887 0.21596194453456483 0.21961901306428691 -0.24066126425655521 0.14663106602802875 0.057097639718599491 -0.4639969777163222 -0.092721843174317989 0.011665501238303537 -0.15548806891067704 0.054413629882612537
leaf_weight=40 47 58 5535 50 79 51 202 287 40 74 67 75 43 1077 40 53 373 522 41 42 46 44 49 100 57 45 41 773 67 324
leaf_count=40 47 58 5535 50 79 51 202 287 40 74 67 75 43 1077 40 53 373 522 41 42 46 44 49 100 57 45 41 773 67 324
internal_value=4.18426e-11 -0.00783635 -0.012556 0.0358644 0.00890837 0.0406633 0.0572853 0.106983 -0.148532 0.023503 0.020552 0.0423154 0.0516421 0.0421696 -0.132203 0.0549775 -0.00448322 0.00784623 -0.0352324 -0.00841039 0.0206332 0.0460538 -0.117999 -0.00838355 -0.0134914 -0.151641 -0.286994 0.0271255 -0.0577672 -0.00853978
internal_weight=10342 7756 7000 756 709 590 539 337 119 2586 2546 1362 1287 1213 83 1130 1184 1068 502 461 419 566 116 6942 6069 210 86 873 124 5859
internal_count=10342 7756 7000 756 709 590 539 337 119 2586 2546 1362 1287 1213 83 1130 1184 1068 502 461 419 566 116 6942 6069 210 86 873 124 5859
is_linear=0
shrinkage=0.05


Tree=120
num_leaves=31
num_cat=0
split_feature=13 13 11 11 12 24 12 0 18 28 17 0 11 13 13 2 32 9 6 5 7 7 11 2 27 25 0 12 10 10
split_gain=748.344 954.315 5035.25 2138.17 1369.46 2210.99 3656.07 1637.17 2128.1 1186.09 1265.88 807.838 759.497 651.951 1481.24 1201.35 794.152 695.164 1432.39 677.462 649.122 2015.08 652.049 597.417 1073.97 839.434 943.352 1007.18 795.284 2190.97
threshold=10.18733216452757 12.273067053899736 304.92000000000002 300.34000000000009 356.35958333333332 34.260416666666671 343.55062500000003 3.5000000000000004 303.19500000000005 0.39345238095238094 36.062586831352611 22.500000000000004 320.03500000000003 12.753971637596027 13.021684273779085 1.0000000180025095e-35 3.2869009819615319e-15 302.08500000000009 -0.17647087149565668 -0.9159756150367534 0.83730377313544024 0.78192542922038288 369.18500000000006 4.5000000000000009 3.7645833333333338 1.599999999999999 13.500000000000002 373.22770833333334 350.82000000000005 358.76500000000004
decision_type=2 2 2 2 2 2 2 2 2 2 2 2 2 2 2 2 2 2 2 2 2 2 2 2 2 2 2 2 2 2
left_child=12 2 -2 -3 5 7 -7 8 -4 10 -9 13 -1 -5 16 -16 -15 18 -17 20 21 -19 -22 -21 25 28 -27 -28 -25 -30
right_child=1 3 4 11 -6 6 -8 9 -10 -11 -12 -13 -14 14 15 17 -18 19 -20 23 22 -23 -24 24 -26 26 27 -29 29 -31
leaf_value=0.28164532364811751 -0.57850759158474074 0.3079990929156019 -0.48132620451971891 0.073935369378086757 0.24727067351341248 -0.57354748174548154 0.043575552324182358 -0.35467147186398507 -0.016422758647240698 0.048605370294976823 -0.0087077429661384011 -0.071349127095453033 0.046858625629007999 -0.058917667649009013 0.10089880297922432 0.060267476154410318 -0.36477077285327564 0.037302888714497974 -0.33431389354493307 0.0050744071121582726 0.0052333949298798282 -0.3182423586646716 0.18790747396087681 0.004373355176996099 -0.12239527588541184 -0.020811560922576227 0.057994297720930156 0.30586505355658355 -0.28343513205470078 -0.032955445735589471
leaf_weight=40 43 57 40 320 44 48 48 40 64 554 78 372 248 44 304 46 41 779 46 4825 79 42 128 634 259 272 170 54 105 518
leaf_count=40 43 57 40 320 44 48 48 40 64 554 78 372 248 44 304 46 41 779 46 4825 79 42 128 634 259 272 170 54 105 518
internal_value=3.54028e-10 -0.00227638 -0.0497157 0.00272574 -0.0248925 -0.0386255 -0.264986 -0.0106222 -0.195232 0.0179484 -0.125984 0.000800472 0.0794679 0.00389759 0.00121222 0.00334889 -0.206447 -0.000378036 -0.137023 0.00122036 0.0390646 0.0191142 0.118191 -0.00446984 -0.027358 -0.0133165 0.0417641 0.117749 -0.0350508 -0.0751711
internal_weight=10342 10054 959 9095 916 872 96 776 104 672 118 9038 288 8666 8346 8261 85 7957 92 7865 1028 821 207 6837 2012 1753 496 224 1257 623
internal_count=10342 10054 959 9095 916 872 96 776 104 672 118 9038 288 8666 8346 8261 85 7957 92 7865 1028 821 207 6837 2012 1753 496 224 1257 623
is_linear=0
shrinkage=0.05


Tree=121
num_leaves=31
num_cat=0
split_feature=11 11 5 10 6 29 16 6 14 17 17 17 17 10 13 17 10 23 14 14 31 6 17 7 25 11 13 13 6 14
split_gain=706.988 682.319 584.342 1285.9 803.855 1767.22 1789.13 1160.62 1569.18 684.401 854.664 1226.58 1030.91 668.721 639.6 1305.95 1918.85 2462.76 1062.74 969.759 951.045 1556.18 927.912 2186.23 1173.06 1364.7 1094.74 1076 1283.33 4493.32
threshold=251.51500000000001 300.34000000000009 0.60355339059327384 316.14000000000004 -0.94705910369513524 0.042857142857142837 367.44089285714284 -0.90163369914317015 305.60000000000008 46.354287850065255 45.81161926007686 45.001873527224213 42.083480930672401 386.01500000000004 35.966705933943722 37.300787137782258 422.73000000000008 17.518750000000004 280.24000000000007 329.02000000000004 2.902083333333334 0.73283908552571653 26.885045155687585 -0.99465740988130902 0.84999999999999798 341.00500000000005 34.214723565693482 10.790393427095889 -0.52766804058324157 310.30500000000006
decision_type=2 2 2 2 2 2 2 2 2 2 2 2 2 2 2 2 2 2 2 2 2 2 2 2 2 2 2 2 2 2
left_child=-1 -2 3 -3 5 6 -5 8 -6 10 11 12 14 -14 18 19 -17 -18 -9 -16 -19 -22 -20 -24 25 26 -25 -27 29 -29
right_child=1 2 -4 4 7 -7 -8 9 -10 -11 -12 -13 13 -15 15 16 17 20 22 -21 21 -23 23 24 -26 27 -28 28 -30 -31
leaf_value=-0.20721510590576547 0.20439107294489697 0.17647398301475758 -0.018776726935024253 0.22860365990768461 -0.39121678676910521 -0.13263782846134195 0.032811786953352955 0.17114912622142586 -0.049660975201164977 -0.15642517431441583 0.21132445881515741 -0.24539816282233418 0.036749544246515761 0.25961376839550215 0.037447387695465059 0.018041177470600588 -0.50471781954169281 0.14180217773608136 0.043047176674083476 0.15018636991967238 0.067370716774580536 -0.30286116821225734 -0.34850817974291598 0.062045011406783306 0.017457267255684344 0.047080016589590483 -0.15798636756160045 -0.62783531277103632 -0.060547961226958769 -0.08066049199551345
leaf_weight=41 41 111 2949 170 41 102 372 80 187 66 50 49 71 64 757 894 40 41 620 255 51 64 51 394 1322 175 66 47 985 186
leaf_count=41 41 111 2949 170 41 102 372 80 187 66 50 49 71 64 757 894 40 41 620 255 51 64 51 394 1322 175 66 47 985 186
internal_value=-1.17535e-10 0.000824757 1.1285e-05 0.00758971 0.00498607 0.0582912 0.0942225 -0.000250123 -0.111081 0.00374315 0.00543129 0.00377407 0.00575516 0.142404 0.00269485 0.0249534 -0.0130213 -0.154704 -0.00922248 0.0658549 -0.0649572 -0.138671 -0.0129744 -0.023741 -0.0185243 -0.0441949 0.0304753 -0.0688527 -0.0855097 -0.191035
internal_weight=10342 10301 10260 7311 7200 644 542 6556 228 6328 6262 6212 6163 135 6028 2102 1090 196 3926 1012 156 115 3846 3226 3175 1853 460 1393 1218 233
internal_count=10342 10301 10260 7311 7200 644 542 6556 228 6328 6262 6212 6163 135 6028 2102 1090 196 3926 1012 156 115 3846 3226 3175 1853 460 1393 1218 233
is_linear=0
shrinkage=0.05


Tree=122
num_leaves=31
num_cat=0
split_feature=32 18 9 22 0 11 30 16 9 24 14 17 17 11 10 22 14 18 25 25 2 25 25 14 12 13 9 12 6 13
split_gain=705.471 1284.39 803.786 2212.76 9943.2 1895.17 1888.72 1255.67 908.504 828.839 800.228 1025.91 809.205 777.083 764.826 1743.84 768.095 900.625 946.568 1831.44 696.47 865.67 934.936 816.813 1734.3 925.289 2161.56 1082.1 799.312 1209.25
threshold=3.6326085679708375e-15 77.640000000000015 339.17000000000002 35.850000000000009 4.5000000000000009 300.34000000000009 35.552083333333336 367.1102678571429 341.26000000000005 14.31339285714286 334.06000000000006 28.339694685882318 38.523295755701099 303.74500000000006 421.88500000000005 25.300000000000004 331.68000000000006 324.54000000000002 3.4000000000000017 4.150000000000003 3.5000000000000004 4.150000000000003 2.2000000000000024 340.31000000000006 390.21750000000003 42.554963238344357 333.55000000000007 322.31208333333342 0.52033990680116082 47.826596810128429
decision_type=2 2 2 2 2 2 2 2 2 2 2 2 2 2 2 2 2 2 2 2 2 2 2 2 2 2 2 2 2 2
left_child=13 -2 3 5 -5 -3 -6 8 -4 -9 -11 -12 -13 -1 16 -16 17 18 -7 -20 21 22 23 24 25 27 28 -15 29 -27
right_child=1 2 7 4 6 14 -8 9 -10 10 11 12 -14 20 15 -17 -18 -19 19 -21 -22 -23 -24 -25 -26 26 -28 -29 -30 -31
leaf_value=0.20465915852154676 -0.21645838806962039 0.31367841166528793 0.077529852410278668 -0.79980454041312143 0.26900152417698076 -0.0066134950258064928 -0.18084564693272115 -0.20211863163858654 0.35325250118336782 0.088829290689086057 0.07128858560732064 -0.15015120201235627 0.089362812191247948 -0.13528050961104607 -0.40486827742308384 0.048861131502522366 -0.095159753682585724 0.09686086838524037 -0.312606558609133 0.017153348523910004 -0.010200559598068516 -0.11800570754279005 0.098781714552484343 -0.18496515735362967 0.31185517273478069 -0.083892149478197106 -0.37436650322408094 0.033754709152416351 -0.15325915233469478 0.26385005230456587
leaf_weight=52 77 44 82 48 56 3075 40 44 47 263 156 163 45 99 40 45 264 198 75 96 2331 101 433 48 51 50 49 2169 51 50
leaf_count=52 77 44 82 48 56 3075 40 44 47 263 156 163 45 99 40 45 264 198 75 96 2331 101 433 48 51 50 49 2169 51 50
internal_value=1.38631e-10 -0.0138748 -0.0106121 -0.0198024 -0.212225 -0.012581 0.0815652 0.0351211 0.177987 0.00765512 0.0223761 -0.0256382 -0.0983333 0.012291 -0.0163657 -0.164659 -0.0129663 -0.00666574 -0.0129807 -0.127478 0.0104495 0.025972 0.0308192 0.0193554 0.0232487 0.0172848 -0.0858114 0.0263762 0.00782568 0.089979
internal_weight=10342 4858 4781 3981 144 3837 96 800 129 671 627 364 208 5484 3793 85 3708 3444 3246 171 5432 3101 3000 2567 2519 2468 200 2268 151 100
internal_count=10342 4858 4781 3981 144 3837 96 800 129 671 627 364 208 5484 3793 85 3708 3444 3246 171 5432 3101 3000 2567 2519 2468 200 2268 151 100
is_linear=0
shrinkage=0.05


Tree=123
num_leaves=31
num_cat=0
split_feature=11 24 29 23 23 9 22 23 0 14 9 0 6 16 6 6 25 6 6 0 9 12 12 30 22 4 30 30 12 5
split_gain=685.952 591.193 587.736 536.003 1418.96 718.055 829.325 951.589 678.273 648.306 578.065 1304.15 742.116 696.058 706.873 1034.35 1040.65 997.401 879.511 826.509 751.919 1325.2 1254.1 1032.48 2271.23 880.602 838.258 1494.78 848.493 766.906
threshold=251.51500000000001 10.784523809523812 6.8101190476190476 36.110416666666673 36.00833333333334 340.36500000000007 34.70000000000001 36.810416666666676 8.5000000000000018 342.35500000000008 348.3300000000001 16.500000000000004 0.80926549319045582 374.50375000000003 0.96465729447553372 0.78325454425165997 -4.7499999999999991 0.99374995976406788 0.66527693225344786 8.5000000000000018 321.37000000000006 376.36166666666674 343.80437500000005 29.595833333333342 31.400000000000002 -0.37940952255126065 17.541666666666671 16.758333333333336 344.36812500000002 0.60355339059327384
decision_type=2 2 2 2 2 2 2 2 2 2 2 2 2 2 2 2 2 2 2 2 2 2 2 2 2 2 2 2 2 2
left_child=-1 -2 3 4 9 6 -5 8 -8 10 13 12 -12 14 15 16 -3 19 20 -16 21 23 25 26 -25 -22 27 -18 -28 -24
right_child=1 2 -4 5 -6 -7 7 -9 -10 -11 11 -13 -14 -15 17 -17 18 -19 -20 -21 22 -23 29 24 -26 -27 28 -29 -30 -31
leaf_value=-0.20410913652399693 0.078367411304498091 0.11415803335883 -0.14438648109757143 -0.10853332035476343 -0.22475343898145692 -0.0032579051659442485 0.07395196907222272 0.054235770837125233 0.31949407055974011 -0.18516726576878381 0.324525960176891 -0.12614381528252794 0.072212897049372685 -0.057032184915980277 0.012894796186851132 -0.039004066739402772 -0.014765483507907382 -0.0032068350735547334 0.056491851956531905 0.20479623603340766 0.29608992754466951 -0.28196038476501906 0.025560901221313999 -0.46055433532223111 0.072271391674876215 0.059634396470196194 0.19929532996482321 -0.29086870738863946 0.0022422181562982875 -0.040096929088826082
leaf_weight=41 240 216 71 48 72 500 45 234 75 48 51 49 68 552 90 1581 2501 312 667 149 63 48 1530 40 40 105 90 50 139 627
leaf_count=41 240 216 71 48 72 500 45 234 75 48 51 49 68 552 90 1581 2501 312 667 149 63 48 1530 40 40 105 90 50 139 627
internal_value=6.40431e-11 0.000812394 -0.00103764 -1.88452e-05 -0.00366756 0.0367434 0.0864962 0.112941 0.227416 -0.00190201 -0.000921108 0.0909539 0.180347 -0.00267509 0.00096278 -0.00295357 0.00636557 0.0556708 0.00241927 0.132532 -0.00447284 -0.0214199 0.0167237 -0.0170472 -0.194141 0.148305 -0.011951 -0.0201771 0.0796867 0.00647538
internal_weight=10342 10301 10061 9990 9088 902 402 354 120 9016 8968 168 119 8800 8248 7697 6116 551 5900 239 5233 2908 2325 2860 80 168 2780 2551 229 2157
internal_count=10342 10301 10061 9990 9088 902 402 354 120 9016 8968 168 119 8800 8248 7697 6116 551 5900 239 5233 2908 2325 2860 80 168 2780 2551 229 2157
is_linear=0
shrinkage=0.05


Tree=124
num_leaves=31
num_cat=0
split_feature=13 13 11 16 11 11 25 17 9 30 2 32 7 27 25 7 25 0 7 11 9 29 17 6 9 15 10 13 16 5
split_gain=649.481 902.501 2540.93 891.466 3564.05 2252.07 1407.43 1047.62 760.494 1605.76 1077.32 1257.93 1854.13 1134.87 885.341 1084.83 959.732 966.487 944.036 1766.28 741.307 730.688 720.539 1212.37 719.223 713.564 704.071 682.411 2363.71 715.75
threshold=10.18733216452757 10.607254350858371 339.30500000000006 344.77922619047627 303.74500000000006 300.34000000000009 3.8999999999999999 45.001873527224213 319.59500000000008 28.816666666666674 1.5000000000000002 1.7941075607508728e-15 -0.5129677127369543 4.7312500000000011 -2.1999999999999997 0.65071284653328287 1.6999999999999977 21.500000000000004 0.94353349168649059 359.75500000000005 309.26000000000005 1.0000000180025095e-35 46.354287850065255 0.58481550752069722 315.21500000000009 361.99500000000006 320.0800000000001 11.555722190545973 369.22538690476193 0.60355339059327384
decision_type=2 2 2 2 2 2 2 2 2 2 2 2 2 2 2 2 2 2 2 2 2 2 2 2 2 2 2 2 2 2
left_child=25 2 -2 4 -3 -5 22 8 9 10 11 13 -13 21 15 -12 17 18 19 26 -20 -7 -6 -24 -14 -1 -16 28 -10 -29
right_child=1 3 -4 5 6 7 -8 -9 27 -11 14 12 24 -15 16 -17 -18 -19 20 -21 -22 -23 23 -25 -26 -27 -28 29 -30 -31
leaf_value=0.038835855195259991 -0.46504518531262873 0.46861206468032757 0.0045091732179076928 -0.3411913692057133 0.040201439428884676 -0.040651606553130687 -0.24466637967464827 -0.2400232443784146 -0.32109560808841736 -0.26442316387247827 -0.055905138702893799 -0.3033927318927917 -0.03147739364586484 -0.090308330371044576 0.054474239898845561 0.17475304949636525 -0.0046396146850880759 -0.28498917914656624 0.19444581677327569 -0.36082750731729907 -0.038264135038480168 0.17973605198134956 -0.29814379074025987 0.067411550227552658 0.16169467280851679 0.25001759004468721 -0.10955387837821645 0.01964689447699754 0.046172243608161807 -0.018460468978721386
leaf_weight=240 40 46 103 50 1303 45 48 47 69 70 110 55 195 64 80 95 465 62 44 64 154 229 43 48 64 48 359 4246 120 1736
leaf_count=240 40 46 103 50 1303 45 48 47 69 70 110 55 195 64 80 95 465 62 44 64 154 229 43 48 64 48 359 4246 120 1736
internal_value=-5.7355e-12 -0.00212069 -0.126835 -0.000321268 0.0353563 -0.00662404 0.0215354 -0.00462615 -0.00329734 -0.0288687 -0.0209604 0.0323225 -0.0397332 0.0992618 -0.0452036 0.0509852 -0.0612611 -0.0957684 -0.0790327 -0.115437 0.0134492 0.143541 0.0307016 -0.105323 0.0162562 0.0740328 -0.0796626 0.00563254 -0.0879097 0.00858799
internal_weight=10342 10054 143 9911 1488 8423 1442 8373 8326 2155 2085 652 314 338 1433 205 1228 763 701 503 198 274 1394 91 259 288 439 6171 189 5982
internal_count=10342 10054 143 9911 1488 8423 1442 8373 8326 2155 2085 652 314 338 1433 205 1228 763 701 503 198 274 1394 91 259 288 439 6171 189 5982
is_linear=0
shrinkage=0.05


Tree=125
num_leaves=31
num_cat=0
split_feature=11 11 23 30 18 30 30 6 17 7 24 12 31 14 31 31 30 12 22 12 12 14 5 12 16 15 19 12 0 18
split_gain=640.552 609.455 498.276 2040.32 1267 1070.65 900.16 821.64 703.673 2244.72 632.34 626.948 578.362 1205.55 1091.24 973.512 945.111 683.767 712.638 1196.77 896.783 605.531 566.509 542.135 533.09 663.411 1030.37 862.249 688.82 571.997
threshold=251.51500000000001 300.34000000000009 32.677083333333336 31.939583333333335 305.20000000000005 31.116666666666671 30.689583333333335 -0.94705910369513524 26.885045155687585 -0.99761278905001471 37.128869047619055 374.45562500000011 5.8166666666666673 308.92000000000002 5.5812500000000016 4.8395833333333345 22.387500000000006 388.36770833333338 26.400000000000002 368.04833333333335 372.49583333333334 304.70500000000004 -0.9159756150367534 362.70166666666665 374.42988095238098 438.08000000000004 447.92000000000002 387.6652083333334 8.5000000000000018 329.00000000000006
decision_type=2 2 2 2 2 2 2 2 2 2 2 2 2 2 2 2 2 2 2 2 2 2 2 2 2 2 2 2 2 2
left_child=-1 -2 3 5 -5 6 12 -4 23 -10 -11 -7 14 21 15 16 24 18 19 22 -20 -14 -15 -9 25 -3 -27 -28 -29 -26
right_child=1 2 7 4 -6 11 -8 8 9 10 -12 -13 13 17 -16 -17 -18 -19 20 -21 -22 -23 -24 -25 29 26 27 28 -30 -31
leaf_value=-0.1972389389828938 0.19317517258772038 -0.007187411804426779 0.18977931601305803 -0.45151233511976896 -0.073971290931105618 0.057976028559108578 -0.19735346704411011 0.21348521728068592 -0.33149071260122587 0.028614122839418322 -0.07477770482932794 0.31352859809994699 -0.0077015383860894616 0.3275113076775098 -0.22113829843731503 0.14970128781348466 -0.24973760545719417 0.23150012716650964 -0.16755706448640142 -0.0024355419585481287 0.065782886926084763 -0.23552305479347707 0.1283343019355245 0.045448953441033765 -0.091609140686337437 0.10199535483287442 -0.093410517926456341 -0.035180431535961676 0.23576547986931271 0.014966505839565429
leaf_weight=41 41 6216 72 40 50 60 60 72 48 1235 168 40 70 51 59 100 40 60 70 160 100 50 119 144 352 360 174 49 45 196
leaf_count=41 41 6216 72 40 50 60 60 72 48 1235 168 40 70 51 59 100 40 60 70 160 100 50 119 144 352 360 174 49 45 196
internal_value=1.14703e-10 0.00078505 1.62393e-05 -0.00496154 -0.241767 -0.00243367 -0.00438578 0.0244071 0.0172644 0.00473069 0.0162336 0.160197 -0.00298595 0.04119 -0.00694322 -0.00526538 -0.0073505 0.072008 0.0528689 0.0957126 -0.0302983 -0.102627 0.188087 0.101461 -0.00603888 -0.0022394 0.0467365 -0.0274919 0.0945277 -0.0534908
internal_weight=10342 10301 10260 8521 90 8431 8331 1739 1667 1451 1403 100 8271 680 7591 7532 7432 560 500 330 170 120 170 216 7392 6844 628 268 94 548
internal_count=10342 10301 10260 8521 90 8431 8331 1739 1667 1451 1403 100 8271 680 7591 7532 7432 560 500 330 170 120 170 216 7392 6844 628 268 94 548
is_linear=0
shrinkage=0.05


Tree=126
num_leaves=31
num_cat=0
split_feature=32 11 11 10 9 25 13 25 15 9 9 15 11 25 6 17 0 6 23 26 9 6 17 28 6 19 14 25 12 22
split_gain=629.448 7531.22 6295.09 894.043 1111.45 724.678 2056.41 712.184 781.513 705.593 686.911 706.356 709.403 678.825 1088.5 1160.64 1212.08 806.733 771.739 1322.23 935.266 864.682 747.501 904.854 672.308 1413.9 968.661 648.53 646.872 776.654
threshold=10.01244228808144 304.92000000000002 300.34000000000009 316.14000000000004 304.92500000000001 1.7000000000000004 11.555722190545973 1.6499999999999988 448.25000000000006 314.49000000000007 346.82000000000005 372.04500000000002 337.52500000000003 1.4000000000000006 0.83376496542330847 37.38199216828685 15.500000000000002 0.94138322595482449 32.677083333333336 14.241666666666669 335.07000000000011 -0.66528616069191593 36.219623496686559 3.5315476190476196 -0.96235977360714686 448.25000000000006 324.35500000000008 -8.5999999999999996 342.06895833333334 36.95000000000001
decision_type=2 2 2 2 2 2 2 2 2 2 2 2 2 2 2 2 2 2 2 2 2 2 2 2 2 2 2 2 2 2
left_child=2 -2 -1 -3 -5 -6 -7 13 9 -9 11 12 -8 17 15 16 -15 18 19 27 -20 -21 23 -19 -11 28 -27 -4 -26 -30
right_child=1 3 7 4 5 6 10 8 -10 24 -12 -13 -14 14 -16 -17 -18 22 20 21 -22 -23 -24 -25 25 26 -28 -29 29 -31
leaf_value=0.5272386570942813 -0.66772259507666942 0.082073095876107657 0.13804582567087242 -0.20055855500686448 0.0026196840402100481 -0.34584525921215703 -0.049814265871457028 -0.011663028573361683 -0.098583822039602045 -0.087464600523312896 0.15591860592527235 -0.066602169419941196 0.21946048454797651 0.049242129739881922 -0.24306982858953152 0.15335623939191143 -0.3310512332990766 0.075813796578846682 0.10690673618161764 -0.36167885896232393 -0.0036590079027001331 -0.051717846393585211 0.0074481025697792531 0.34231553763565092 0.15434134155600723 0.37350089694062871 0.070374924467599145 -0.015668477181539821 0.023143559647943686 0.19060537029802802
leaf_weight=58 44 248 70 80 2215 56 51 510 111 75 46 539 47 44 77 62 40 109 298 45 534 45 202 45 131 60 47 3477 901 75
leaf_count=58 44 248 70 80 2215 56 51 510 111 75 46 539 47 44 77 62 40 109 298 45 534 45 202 45 131 60 47 3477 901 75
internal_value=-1.84686e-10 -0.0179156 0.00849306 -0.00920399 -0.016665 -0.0116848 -0.0545596 0.00416893 0.0301745 0.038119 -0.0306767 -0.0441514 0.0793277 -0.00567074 -0.0909582 -0.010735 -0.13185 -0.00172896 -0.00749936 -0.0174372 0.0359427 -0.206698 0.070709 0.153688 0.0578156 0.0667909 0.240352 -0.0126349 0.0500149 0.036012
internal_weight=10342 3326 7016 3282 3034 2954 739 6958 1910 1799 683 637 98 5048 223 146 84 4825 4469 3637 832 90 356 154 1289 1214 107 3547 1107 976
internal_count=10342 3326 7016 3282 3034 2954 739 6958 1910 1799 683 637 98 5048 223 146 84 4825 4469 3637 832 90 356 154 1289 1214 107 3547 1107 976
is_linear=0
shrinkage=0.05


Tree=127
num_leaves=31
num_cat=0
split_feature=18 2 11 0 32 15 12 9 14 14 2 24 29 6 13 19 6 14 7 6 29 23 23 6 26 32 4 9 23 7
split_gain=597.155 2504.02 1369.02 537.857 641.558 730.448 928.552 1129.47 676.661 742.546 1309.33 871.715 880.307 766.61 830.542 710.296 671.663 1985 938.664 892.227 822.297 750.987 713.11 701.569 1094.22 1386.35 1235.47 2424.58 1259.61 769.618
threshold=77.640000000000015 1.5000000000000002 300.34000000000009 22.500000000000004 3.6326085679708375e-15 456.68500000000006 390.10937500000006 345.01000000000005 237.45500000000001 298.54000000000008 2.5000000000000004 11.877976190476192 6.6898809523809533 0.30164402523644185 39.632000410159492 420.76000000000005 0.94138322595482449 313.95000000000005 0.18281312110578132 0.82414472752956958 1.1029761904761906 21.320833333333336 25.402083333333334 0.01505151768384008 9.3250000000000011 -8.4369952441037714 -0.60355339059327362 320.76000000000005 26.493750000000002 -0.3744658827978154
decision_type=2 2 2 2 2 2 2 2 2 2 2 2 2 2 2 2 2 2 2 2 2 2 2 2 2 2 2 2 2 2
left_child=1 -1 -2 4 8 6 7 -6 15 10 -10 12 -11 -14 -15 -4 19 -18 22 23 -21 -22 -19 24 25 26 28 -28 -13 -26
right_child=2 -3 3 -5 5 -7 -8 -9 9 11 -12 16 13 14 -16 -17 17 18 -20 20 21 -23 -24 -25 29 -27 27 -29 -30 -31
leaf_value=-0.40314782846798292 0.2102072652250242 0.027386037902906536 0.0049182897483177014 -0.05581257845084351 -0.016214150567720808 0.15305421945502995 -0.19395379181951286 0.096548075747126955 -0.27914639047141804 0.29896547017075742 0.055392976906471728 -0.038425079697439461 0.17262031792337637 -0.15729768806747324 0.12550432817574511 0.19371211926259524 0.36975409197621051 -0.0399123595595905 0.15943019273863346 -0.11267195085537025 -0.035684357410392324 0.19047700617617619 0.16830128834893307 0.038185673823990268 -0.0049812937249149479 0.038688794258886626 -0.52402139465635023 -0.0078145864541115974 -0.32462957934254694 0.083001436665776418
leaf_weight=47 78 120 94 415 4355 67 70 234 59 48 58 454 83 58 47 106 48 287 108 299 156 48 48 1428 715 298 45 46 42 381
leaf_count=47 78 120 94 415 4355 67 70 234 59 48 58 454 83 58 47 106 48 287 108 299 156 48 48 1428 715 298 45 46 42 381
internal_value=-1.33474e-10 -0.0937822 0.00153923 -7.27488e-05 0.00231643 -0.0108638 -0.0132211 -0.0104642 0.014885 0.0110964 -0.113306 0.0142339 0.107853 0.0590581 -0.0307101 0.104979 0.00921598 0.0643386 0.0312462 0.00229747 -0.0598664 0.0175301 -0.0100788 0.0114698 -0.00778833 -0.0491419 -0.0937306 -0.263082 -0.0626601 0.0256039
internal_weight=10342 167 10175 10097 9682 4726 4659 4589 4956 4756 117 4639 236 188 105 200 4403 491 443 3912 503 204 335 3409 1981 885 587 91 496 1096
internal_count=10342 167 10175 10097 9682 4726 4659 4589 4956 4756 117 4639 236 188 105 200 4403 491 443 3912 503 204 335 3409 1981 885 587 91 496 1096
is_linear=0
shrinkage=0.05


Tree=128
num_leaves=31
num_cat=0
split_feature=11 24 29 5 15 30 12 15 12 14 5 15 11 10 9 24 6 14 7 23 2 32 15 32 26 12 12 7 10 10
split_gain=620.289 513.131 503.458 460.255 763.561 739.435 633.675 623.316 1116.38 1155.79 601.684 901.892 1136.74 1437.78 1078.21 719.519 709.045 662.495 935.917 889.3 646.464 1228.21 684.73 646.198 663.542 558.596 982.805 704.634 655.019 685.095
threshold=251.51500000000001 10.784523809523812 6.8101190476190476 -0.5 456.68500000000006 15.979166666666668 390.01729166666672 448.46000000000009 385.71604166666674 333.88000000000005 1.0000000180025095e-35 410.45000000000005 367.99000000000007 338.48500000000007 310.25500000000005 33.68571428571429 0.98667101781630195 314.39000000000004 -0.96234030595689413 35.179166666666667 4.5000000000000009 -18.857703167406147 413.74000000000007 3.1964152070161336 0.097916666666666666 343.80437500000005 349.4656250000001 -0.54219087765047058 306.28500000000003 317.14000000000004
decision_type=2 2 2 2 2 2 2 2 2 2 2 2 2 2 2 2 2 2 2 2 2 2 2 2 2 2 2 2 2 2
left_child=-1 -2 3 4 6 10 7 8 -3 -10 -5 12 14 -14 15 25 20 23 -19 -20 22 -22 -13 24 -16 27 -27 -12 -29 -30
right_child=1 2 -4 5 -6 -7 -8 -9 9 -11 11 16 13 -15 17 -17 -18 18 19 -21 21 -23 -24 -25 -26 26 -28 28 29 -31
leaf_value=-0.19409421064504764 0.073026139657013128 0.011998330020969158 -0.13362469577138694 0.028689665962327766 0.21311534633859994 -0.068212284178982494 -0.15451125537344657 -0.1637069713906385 0.021169700596245039 0.33336000294823731 -0.22635665661768944 -0.21281931060754383 -0.37923765419051053 -0.029182671335610477 -0.14622810991273988 0.16504569138551869 0.063899485001133557 0.12473680012954209 0.010058618589541749 -0.18252237429985635 -0.28729242636835667 -0.057705567228697477 -0.021535857447877366 0.1334474823140209 0.06154793124121858 -0.3171121772223463 0.0063086577083753511 -0.11706972924242438 0.081934002559417143 -0.049764964177193956
leaf_weight=41 240 3070 71 1204 48 468 56 48 63 56 41 48 40 110 45 43 180 167 771 65 69 374 1848 310 263 48 46 113 208 188
leaf_count=41 240 3070 71 1204 48 468 56 48 63 56 41 48 40 110 45 43 180 167 771 65 69 374 1848 310 263 48 46 113 208 188
internal_value=8.20986e-11 0.000772533 -0.00095104 -8.11378e-06 0.0151319 -0.00761569 0.012246 0.0151309 0.0178227 0.168083 -0.00302757 -0.0107004 0.0108466 -0.122531 0.019515 -0.03298 -0.0317256 0.041763 0.0166723 -0.00491478 -0.0390845 -0.0934651 -0.0263785 0.0824847 0.031191 -0.0462022 -0.158842 -0.026951 -0.0108888 0.0194103
internal_weight=10342 10301 10061 9990 3341 6649 3293 3237 3189 119 6181 4977 2458 150 2308 687 2519 1621 1003 836 2339 443 1896 618 308 644 94 550 509 396
internal_count=10342 10301 10061 9990 3341 6649 3293 3237 3189 119 6181 4977 2458 150 2308 687 2519 1621 1003 836 2339 443 1896 618 308 644 94 550 509 396
is_linear=0
shrinkage=0.05


Tree=129
num_leaves=31
num_cat=0
split_feature=13 11 11 16 0 6 26 27 9 11 26 11 7 7 6 22 11 10 12 11 15 18 28 10 14 6 14 8 12 16
split_gain=593.431 834.848 731.758 495.403 479.681 520.545 431.896 1749.6 1203.66 1878.37 738.871 723.454 639.391 1069.22 1369.66 1147.44 969.464 928.214 2914.82 1308.89 1584.3 811.919 862.657 712.872 859.019 784.303 743.961 808.547 702.642 698.776
threshold=10.18733216452757 300.34000000000009 320.03500000000003 371.16574404761911 8.5000000000000018 0.31799963745711152 4.8395833333333345 1.0000000180025095e-35 307.05500000000001 347.10500000000008 5.0333333333333341 314.85500000000008 0.5969655492110445 0.77108682076304769 -0.55657520495441892 15.850000000000003 363.46000000000009 422.73000000000008 378.70166666666671 389.59000000000009 355.28500000000003 232.78000000000003 0.022321428571428565 307.65000000000003 310.80000000000007 0.3342611484689354 309.08500000000009 1.0000000180025095e-35 381.73750000000001 374.08470238095242
decision_type=2 2 2 2 2 2 2 2 2 2 2 2 2 2 2 2 2 2 2 2 2 2 2 2 2 2 2 2 2 2
left_child=2 -2 -1 4 -4 -6 7 -3 9 -8 -10 -12 -9 15 16 -14 -15 19 -19 21 -21 -16 -23 -24 26 -26 27 -25 -27 -17
right_child=1 6 3 -5 5 -7 8 12 10 -11 11 -13 13 14 17 29 -18 18 -20 20 -22 22 23 24 25 28 -28 -29 -30 -31
leaf_value=0.26921725794672968 -0.16934933248605277 -0.31186130172573034 -0.05381145917969507 -0.053264071873348695 0.06008682056197099 0.27805490459005039 -0.0046609648467996452 -0.037823716837582767 0.20829623348933335 -0.42176668167841147 0.11103357128586089 0.0075316554627526851 0.21682026203166932 -0.039248172958226253 -0.061716235306983093 0.044172923069938641 -0.35703081755588451 -0.48847897317260502 0.045197826288115812 -0.18834089414172231 0.1421036577552445 0.11330901932614368 -0.13261672521117504 0.047173254994406173 -0.14362853667195383 0.048766843493907683 0.15983694477755334 -0.09019974515820943 -0.098943800901179213 -0.15313411735308669
leaf_weight=40 74 48 41 92 70 45 79 1339 48 41 175 4790 94 48 614 689 48 40 71 42 266 168 104 491 148 217 107 137 128 48
leaf_count=40 74 48 41 92 70 45 79 1339 48 41 175 4790 94 48 614 689 48 40 71 42 266 168 104 491 148 217 107 137 128 48
internal_value=-1.91874e-10 -0.00202712 0.0707662 0.038758 0.0930274 0.145379 -0.000786455 -0.0114904 0.00932107 -0.147172 0.0130672 0.0111798 -0.00848605 0.00286746 -0.0127594 0.0523054 -0.198139 -0.00573353 -0.147118 0.000746116 0.097043 -0.0132839 0.00654107 -0.00692516 0.00371973 -0.0473416 0.0379691 0.0172049 -0.00603595 0.0313225
internal_weight=10342 10054 288 248 156 115 9980 4847 5133 120 5013 4965 4799 3460 2629 831 96 2533 111 2422 308 2114 1500 1332 1228 493 735 628 345 737
internal_count=10342 10054 288 248 156 115 9980 4847 5133 120 5013 4965 4799 3460 2629 831 96 2533 111 2422 308 2114 1500 1332 1228 493 735 628 345 737
is_linear=0
shrinkage=0.05


Tree=130
num_leaves=31
num_cat=0
split_feature=18 2 11 5 10 6 29 16 6 14 17 17 17 17 16 9 25 13 17 10 23 14 31 6 11 17 7 25 23 16
split_gain=571.827 2244.86 1369.21 483.509 1057.22 652.274 1437.41 1471.68 959.279 1083.63 594.654 741.051 899.861 836.809 590.708 573.483 570.385 534.671 967.002 1666.98 2065.68 891.998 795.201 1308.29 793.481 921.33 1571.51 1285.15 889.248 821.056
threshold=77.640000000000015 1.5000000000000002 300.34000000000009 0.60355339059327384 316.14000000000004 -0.94705910369513524 0.042857142857142837 367.44089285714284 -0.90163369914317015 305.60000000000008 46.354287850065255 45.81161926007686 45.001873527224213 42.083480930672401 370.9102083333334 325.89500000000004 -1.0000000180025095e-35 35.966705933943722 37.300787137782258 422.73000000000008 17.518750000000004 280.24000000000007 2.902083333333334 0.73283908552571653 341.00500000000005 26.885045155687585 -0.99465740988130902 0.84999999999999798 33.94583333333334 353.724880952381
decision_type=2 2 2 2 2 2 2 2 2 2 2 2 2 2 2 2 2 2 2 2 2 2 2 2 2 2 2 2 2 2
left_child=1 -1 -2 4 -4 6 7 16 9 -7 11 12 13 17 -15 -11 -6 21 -19 -20 -21 -10 -22 -24 -23 -26 -27 29 -29 -28
right_child=2 -3 3 -5 5 8 -8 -9 10 15 -12 -13 -14 14 -16 -17 -18 18 19 20 22 24 23 -25 25 26 27 28 -30 -31
leaf_value=-0.38469107910356626 0.21018886154947372 0.022954985178657808 0.16066531185314736 -0.017325845196449065 0.28149824819582353 -0.33386234662881714 -0.11975833790595919 0.029144337129909343 0.15640322840772569 0.01616187316068143 -0.14592654948320352 0.19666557544469834 -0.21001894737080651 0.23202187722884393 0.022836522279835458 -0.16585981432786759 0.094548867588095817 0.057738808083086617 0.019054542913935352 -0.46277577075175941 0.12903698573752148 0.029415773193039618 0.061491071067604368 -0.27797481920570138 0.038760328127207123 -0.31217794629069523 -0.13281874901772692 -0.015066001921994771 0.095565375525840879 -0.041538086919157911
leaf_weight=47 78 120 110 2904 102 41 102 372 80 119 66 50 49 68 67 68 68 1012 878 40 41 873 51 64 473 51 325 767 238 1018
leaf_count=47 78 120 110 2904 102 41 102 372 80 119 66 50 49 68 67 68 68 1012 878 40 41 873 51 64 473 51 325 767 238 1018
internal_value=2.94113e-11 -0.0917718 0.00150623 -0.000105858 0.0068463 0.00445746 0.0524355 0.084841 -0.000341088 -0.101068 0.00335651 0.00495988 0.00338723 0.00511679 0.128204 -0.0500278 0.206718 0.00230563 0.0226686 -0.0103771 -0.142219 -0.00879951 -0.0600245 -0.127429 -0.0123285 -0.0250175 -0.0375923 -0.0316282 0.0111333 -0.0636276
internal_weight=10342 167 10175 10097 7193 7083 644 542 6439 228 6211 6145 6095 6046 135 187 170 5911 2086 1074 196 3825 156 115 3745 2872 2399 2348 1005 1343
internal_count=10342 167 10175 10097 7193 7083 644 542 6439 228 6211 6145 6095 6046 135 187 170 5911 2086 1074 196 3825 156 115 3745 2872 2399 2348 1005 1343
is_linear=0
shrinkage=0.05


Tree=131
num_leaves=31
num_cat=0
split_feature=4 11 11 14 12 25 32 13 13 29 32 2 25 0 10 14 16 25 9 12 19 17 11 11 9 13 14 14 18 25
split_gain=595.018 4794.53 4026.03 628.075 785.339 1812.17 1346.83 782.507 667.989 1793.18 869.728 628.912 695.497 793.931 1082.49 796.811 1287.01 1111.55 919.735 2193.05 877.282 1018.17 855.942 825.057 1273.88 672.264 619.664 1137.43 703.674 536.261
threshold=0.37940952255126054 300.34000000000009 300.34000000000009 237.45500000000001 322.31208333333342 -1.7 -2.7688245762530128 75.816245190646228 42.257811174423374 5.0369047619047622 -21.675894168888007 3.5000000000000004 1.6999999999999977 13.500000000000002 311.48000000000008 330.43500000000006 373.54505952380958 1.1000000000000008 324.97000000000008 370.63875000000002 431.00000000000006 32.096326689572358 339.07500000000005 341.00500000000005 312.06500000000005 15.629833060876502 332.04500000000002 330.43500000000006 320.03500000000003 4.4000000000000004
decision_type=2 2 2 2 2 2 2 2 2 2 2 2 2 2 2 2 2 2 2 2 2 2 2 2 2 2 2 2 2 2
left_child=2 -2 -1 7 5 -5 -7 -4 11 10 -10 29 13 -13 -15 16 17 18 19 20 21 -16 -19 -23 -25 -22 27 28 -14 -6
right_child=1 -3 3 4 8 6 -8 -9 9 -11 -12 12 26 14 15 -17 -18 22 -20 -21 25 23 -24 24 -26 -27 -28 -29 -30 -31
leaf_value=0.49723133135232189 -0.56006371273426347 -0.009808209632565703 0.11880430712302525 -0.37386241275817156 0.028838071269624673 0.071671365806434906 -0.26441628563683478 -0.10959699938073755 -0.15307880208589311 -0.35522358280089167 0.033632955001051727 0.022175919672764652 0.017179091388485782 -0.30070944399141325 -0.0026321417295208601 0.035944158781009421 -0.2534389380179346 -0.0611171791466271 0.017692114256747198 -0.45871195059269665 0.1858000491352545 -0.094883371906615388 0.23735507135761194 -0.51570125934726097 -0.12790094029520535 -0.042719379390499239 -0.07873657770499233 0.29469605488909617 0.22324479109711115 -0.10652275317907334
leaf_weight=42 40 3838 225 45 2998 117 40 45 86 45 227 601 522 41 107 270 80 41 228 40 45 93 58 40 45 113 105 45 45 75
leaf_count=42 40 3838 225 45 2998 117 40 45 86 45 227 601 522 41 107 270 80 41 228 40 45 93 58 40 45 113 105 45 45 75
internal_value=-1.24647e-10 -0.0154839 0.00928937 0.00609822 0.00282244 -0.0941332 -0.0139561 0.0807374 0.00611404 -0.0600982 -0.017668 0.010353 -0.00816738 -0.0247398 -0.0482172 -0.0392929 -0.0621176 -0.0432217 -0.0650778 -0.104149 -0.0721347 -0.124524 0.113745 -0.197796 -0.310395 0.0223653 0.0334832 0.0527366 0.0335335 0.0255344
internal_weight=10342 3878 6464 6422 6152 202 157 270 5950 358 313 5592 2519 1802 1201 1160 890 810 711 483 443 285 99 178 85 158 717 612 567 3073
internal_count=10342 3878 6464 6422 6152 202 157 270 5950 358 313 5592 2519 1802 1201 1160 890 810 711 483 443 285 99 178 85 158 717 612 567 3073
is_linear=0
shrinkage=0.05


Tree=132
num_leaves=31
num_cat=0
split_feature=11 24 14 29 5 15 30 12 15 12 14 11 5 15 11 10 9 24 6 25 14 6 11 32 13 29 2 32 15 2
split_gain=559.06 427.418 420.314 417.768 413.702 709.41 661.308 571.931 539.233 975.848 1010.97 537.82 537.41 821.802 1014.18 1298.13 929.805 656.454 654.535 649.092 605.671 1040.77 1377.85 829.079 665.453 572.226 562.176 1097.5 608.361 560.202
threshold=251.51500000000001 10.784523809523812 317.85000000000008 6.8101190476190476 -0.5 456.68500000000006 15.979166666666668 390.01729166666672 448.46000000000009 385.71604166666674 334.57500000000005 358.55500000000006 1.0000000180025095e-35 410.45000000000005 367.99000000000007 338.48500000000007 310.25500000000005 33.68571428571429 0.98667101781630195 1.0000000180025095e-35 316.72000000000008 -0.21861968191509915 336.00500000000005 3.1964152070161336 35.845282279385245 0.11904761904761908 4.5000000000000009 -18.857703167406147 413.74000000000007 1.5000000000000002
decision_type=2 2 2 2 2 2 2 2 2 2 2 2 2 2 2 2 2 2 2 2 2 2 2 2 2 2 2 2 2 2
left_child=-1 2 -2 4 5 7 12 8 9 -3 -11 -8 -6 14 16 -16 17 -14 26 29 23 22 -22 -21 25 -25 28 -28 -15 -18
right_child=1 3 -4 -5 6 -7 11 -9 -10 10 -12 -13 13 18 15 -17 19 -19 -20 20 21 -23 -24 24 -26 -27 27 -29 -30 -31
leaf_value=-0.18426574036115553 0.012650515953363438 0.011390508732690964 0.14771644242573531 -0.12169629262996391 0.027121031205858293 0.20520726068255804 -0.23747601538169674 -0.14683323328915451 -0.15200646721447508 0.053619865988251525 0.36213047210127119 -0.047890301173513616 -0.042727905242636616 -0.20113383623150491 -0.35944121121545325 -0.026820702430876822 0.12419610279091536 0.15904995397262567 0.061700153970676998 -0.018747188639201186 -0.3303285250632928 0.016399238095219645 0.00029494885787151862 0.056690970593114835 -0.025739045952465019 0.26344780328006229 -0.2711817759426608 -0.054154468149713732 -0.020832721780440308 0.037173610756923735
leaf_weight=41 144 3070 96 71 1204 48 41 56 48 79 40 427 644 48 40 110 313 43 180 186 58 350 69 54 51 88 69 374 1848 452
leaf_count=41 144 3070 96 71 1204 48 41 56 48 79 40 427 644 48 40 110 313 43 180 186 58 350 69 54 51 88 69 374 1848 452
internal_value=-1.16989e-10 0.000733414 0.0666769 -0.000839634 1.93071e-05 0.0143732 -0.00719328 0.0115916 0.0143323 0.016836 0.157321 -0.0644993 -0.00285431 -0.0101057 0.0104623 -0.11552 0.01865 -0.0300984 -0.0301757 0.0393103 0.00939963 -0.0280901 -0.150698 0.0565832 0.129181 0.184822 -0.0372461 -0.0879578 -0.0253973 0.0727789
internal_weight=10342 10301 240 10061 9990 3341 6649 3293 3237 3189 119 468 6181 4977 2458 150 2308 687 2519 1621 856 477 127 379 193 142 2339 443 1896 765
internal_count=10342 10301 240 10061 9990 3341 6649 3293 3237 3189 119 468 6181 4977 2458 150 2308 687 2519 1621 856 477 127 379 193 142 2339 443 1896 765
is_linear=0
shrinkage=0.05


Tree=133
num_leaves=31
num_cat=0
split_feature=32 18 17 11 18 2 11 10 18 13 9 18 12 19 19 17 15 0 19 7 2 7 9 32 6 14 27 24 24 24
split_gain=572.119 1075.47 786.26 1696.64 1228.5 8248.51 4201.29 870.088 1642.42 897.889 921.434 904.252 1618.94 854.199 759.93 704.556 1873.59 1548.85 1017.64 816.639 825.582 718.954 748.412 677.003 703.78 707.288 587.606 566.88 1421.71 883.901
threshold=3.6326085679708375e-15 77.640000000000015 41.492503537812702 312.82500000000005 159.84000000000003 1.0000000180025095e-35 302.34500000000008 422.73000000000008 317.93000000000006 39.056789889499733 299.45000000000005 230.89000000000001 361.56541666666675 421.77500000000003 425.11500000000007 36.040325237077226 360.92500000000001 4.5000000000000009 447.24000000000007 0.04621408538533487 1.0000000180025095e-35 -0.94137724084408114 348.3300000000001 32.356078635265618 -0.091260668982868165 317.49500000000006 2.3875000000000006 11.60059523809524 11.78184523809524 11.877976190476192
decision_type=2 2 2 2 2 2 2 2 2 2 2 2 2 2 2 2 2 2 2 2 2 2 2 2 2 2 2 2 2 2
left_child=27 -2 4 -4 5 -3 -6 9 -9 10 -8 26 -13 -7 23 16 17 -16 21 -17 -21 -18 -23 24 25 -12 -11 -1 -29 -30
right_child=1 2 3 -5 6 13 7 8 -10 11 14 12 -14 -15 15 19 18 -19 -20 20 -22 22 -24 -25 -26 -27 -28 28 29 -31
leaf_value=0.09203171011826132 -0.19787097420398292 -0.73661840849142113 0.3464048652994362 0.021223707327574066 0.39855051982787348 0.071131769190573235 -0.22915565566401239 -0.41033736400771892 -0.0031262682406948163 0.030156651270617525 0.12455550748364706 0.36526932080344454 0.040362890558191242 -0.17497031357260828 -0.50634361676871775 -0.069181256288657816 0.041480188474041273 -0.12448284328926969 -0.2884003198891878 0.1050943725719795 -0.01067578958834094 -0.076612445344192315 0.11505022107490473 0.20699015814284594 -0.023092855962463452 -0.085152369363269975 -0.17295593190938235 -0.25227257089259536 0.21558143816028652 0.0084039620731011268
leaf_weight=208 77 45 44 454 62 151 54 40 65 67 190 41 591 46 40 393 248 79 40 206 610 563 56 46 523 51 76 52 52 5172
leaf_count=208 77 45 44 454 62 151 54 40 65 67 190 41 591 46 40 393 248 79 40 206 610 563 56 46 523 51 76 52 52 5172
internal_value=1.5408e-11 -0.0124948 -0.00950928 0.0499546 -0.0164234 -0.125849 -0.00987025 -0.0162342 -0.158254 -0.0123849 -0.0244225 0.0357501 0.0614407 0.0136663 -0.0207918 -0.035829 -0.0663029 -0.252839 -0.041829 -0.00996776 0.0185505 -0.0304532 -0.059273 0.0206997 0.00948326 0.0801775 -0.0777913 0.0110686 0.00787668 0.0104662
internal_weight=10342 4858 4781 498 4283 242 4041 3979 105 3874 3099 775 632 197 3045 2235 1026 119 907 1209 816 867 619 810 764 241 143 5484 5276 5224
internal_count=10342 4858 4781 498 4283 242 4041 3979 105 3874 3099 775 632 197 3045 2235 1026 119 907 1209 816 867 619 810 764 241 143 5484 5276 5224
is_linear=0
shrinkage=0.05


Tree=134
num_leaves=31
num_cat=0
split_feature=13 11 15 24 10 9 16 16 6 5 11 13 16 22 16 12 24 12 10 10 10 28 28 24 10 9 0 27 0 25
split_gain=524.883 854.972 691.184 411.329 939.445 1266.03 806.492 3058.36 740.97 1589.76 713.251 1460.99 750.561 756.245 711.296 643.429 842.36 781.804 930.8 790.908 709.323 632.019 904.737 1353.44 1881.31 3178 1370.42 1249.56 1417.18 1259.31
threshold=10.18733216452757 300.34000000000009 361.99500000000006 27.199702380952385 312.13500000000005 307.05500000000001 367.21672619047621 367.77556547619054 -0.94705910369513524 0.60355339059327384 334.29500000000007 13.969698772646066 370.35922619047625 28.600000000000005 371.87217261904772 390.21750000000003 35.314880952380953 383.05020833333339 387.42500000000007 377.47500000000008 388.03500000000003 6.939583333333335 5.4434523809523823 22.52946428571429 350.36500000000007 327.64000000000004 13.500000000000002 0.36875000000000008 10.500000000000002 -0.50000000000000167
decision_type=2 2 2 2 2 2 2 2 2 2 2 2 2 2 2 2 2 2 2 2 2 2 2 2 2 2 2 2 2 2
left_child=2 -2 -1 21 -5 -6 8 -8 9 -7 12 -12 13 -9 15 16 17 19 -19 -13 -18 22 23 27 -25 -26 -27 28 -3 -30
right_child=1 3 -4 4 5 6 7 10 -10 -11 11 14 -14 -15 -16 -17 20 18 -20 -21 -22 -23 -24 24 25 26 -28 -29 29 -31
leaf_value=0.031913060873242409 -0.17123329600419951 -0.018539281872157705 0.23975676659805081 0.18149599713491804 -0.21285495203993623 0.21216122475665769 -0.40350329270586371 -0.053461707830429077 0.025741245886275091 -0.087971907445499986 0.14004372878621021 -0.02794862692813865 -0.001257326636190592 -0.36091994618996981 -0.035172490188322025 0.1981453010714368 0.016442485079169272 0.034998281409635262 -0.21661264228634539 0.16294783596367984 0.31238857286005484 -0.048778247372292055 0.069806014725782448 0.010643388649974115 -0.45249763813954369 0.13965782045640729 -0.21493665592882924 -0.0088498981948662292 0.032930968001741792 0.25464276732108393
leaf_weight=240 74 214 48 81 63 153 48 40 1364 62 195 139 99 40 826 57 40 68 80 89 41 832 406 195 79 55 54 4401 116 143
leaf_count=240 74 214 48 81 63 153 48 40 1364 62 195 139 99 40 826 57 40 68 80 89 41 832 406 195 79 55 54 4401 116 143
internal_value=-4.63014e-11 -0.00190645 0.0665537 -0.000650921 0.0132067 0.00920213 0.0133894 -0.00986582 0.0393398 0.125611 0.00115787 0.0121722 -0.0932946 -0.207191 -0.00643597 0.0397437 0.0199869 -0.0115203 -0.101008 0.046568 0.166242 -0.00808644 -0.00210805 -0.007662 -0.0981651 -0.211025 -0.0360128 -0.000550246 0.0766734 0.155343
internal_weight=10342 10054 288 9980 3485 3404 3341 1762 1579 215 1714 1535 179 80 1340 514 457 376 148 228 81 6495 5663 5257 383 188 109 4874 473 259
internal_count=10342 10054 288 9980 3485 3404 3341 1762 1579 215 1714 1535 179 80 1340 514 457 376 148 228 81 6495 5663 5257 383 188 109 4874 473 259
is_linear=0
shrinkage=0.05


Tree=135
num_leaves=31
num_cat=0
split_feature=32 11 11 10 9 11 25 15 14 14 9 0 14 6 18 24 24 0 27 10 13 13 24 25 22 24 11 23 28 25
split_gain=510.924 6444.71 5281.63 710.663 1051.54 899.146 583.702 622.331 584.953 786.331 1084.28 1356.64 1029.16 907.771 844.424 813.138 1181.38 1345.35 1202.11 1269.43 1966.74 1005.14 1520.85 950.064 842.991 792.76 941.596 864.079 835.769 751.025
threshold=10.01244228808144 304.92000000000002 300.34000000000009 318.65000000000003 304.92500000000001 312.10500000000008 1.6499999999999988 448.25000000000006 340.31000000000006 329.80500000000006 342.76500000000004 3.5000000000000004 328.75000000000006 -0.59869031648930193 327.8300000000001 27.199702380952385 22.52946428571429 21.500000000000004 0.38125000000000003 422.73000000000008 39.753361497222492 39.947622672319746 23.059523809523814 0.60000000000000064 20.850000000000005 32.89345238095239 363.46000000000009 33.220833333333339 12.145833333333334 -4.7499999999999991
decision_type=2 2 2 2 2 2 2 2 2 2 2 2 2 2 2 2 2 2 2 2 2 2 2 2 2 2 2 2 2 2
left_child=2 -2 -1 -3 -5 -6 8 -8 9 12 11 -11 15 -13 -12 16 17 18 -4 24 -21 22 -18 -19 29 28 -27 -28 -17 -20
right_child=1 3 6 4 5 -7 7 -9 -10 10 14 13 -14 -15 -16 25 21 23 19 20 -22 -23 -24 -25 -26 26 27 -29 -30 -31
leaf_value=0.48280915596104901 -0.61725029376420115 0.062950439545041856 0.13072193428477061 -0.20311922187955209 -0.23026303480500762 -0.0074250588390848528 0.034323643105359007 -0.087665211153006906 -0.14572662909009673 -0.10172146762147397 -0.11503745076171626 0.23236427844072194 -0.14353804159590541 0.0702260637480773 0.050919563539434956 0.022249333042885761 -0.31869779276351135 -0.068321292458928845 0.16348064138165005 0.027120896480977538 -0.43699638997869833 0.068912727474842381 -0.075463050009422467 -0.32196536910436724 -0.17472965707101171 0.063061027529533784 -0.258566656464436 -0.034265543781220917 0.13980226734694509 0.0053008511309596846
leaf_weight=58 44 318 183 73 46 2845 1799 111 73 99 174 104 146 508 137 461 75 187 79 50 42 92 449 46 62 153 61 145 225 1497
leaf_count=58 44 318 183 73 46 2845 1799 111 73 99 174 104 146 508 137 461 75 187 79 50 42 92 449 46 62 153 61 145 225 1497
internal_value=-1.08553e-10 -0.016141 0.00765178 -0.00808222 -0.0157031 -0.0109707 0.00369099 0.0272342 -0.00521701 -0.00315526 0.0359391 0.0700004 -0.0132626 0.097779 -0.041931 -0.00826652 -0.0224802 -0.00496043 0.00885594 -0.00403509 -0.184759 -0.0835151 -0.110277 -0.118397 0.00611545 0.0293012 -0.030899 -0.100685 0.0608053 0.0132299
internal_weight=10342 3326 7016 3282 2964 2891 6958 1910 5048 4975 1022 711 3953 612 311 3807 2762 2146 1913 1730 92 616 524 233 1638 1045 359 206 686 1576
internal_count=10342 3326 7016 3282 2964 2891 6958 1910 5048 4975 1022 711 3953 612 311 3807 2762 2146 1913 1730 92 616 524 233 1638 1045 359 206 686 1576
is_linear=0
shrinkage=0.05


Tree=136
num_leaves=31
num_cat=0
split_feature=13 11 11 16 0 6 23 23 30 30 23 24 24 30 23 23 31 31 14 12 22 13 29 12 19 31 22 25 16 24
split_gain=491.955 877.951 687.541 445.429 430.016 451.216 366.546 1057.07 573.18 1317.59 1179.03 1140.35 945.308 718.956 583.163 572.093 455.65 1131.48 1514.66 912.486 773.272 1401.09 1084.96 923.738 837.035 568.898 567.805 433.124 393.303 448.031
threshold=10.18733216452757 300.34000000000009 320.03500000000003 371.16574404761911 8.5000000000000018 0.29342972903661901 36.110416666666673 36.00833333333334 31.837500000000002 31.116666666666671 32.677083333333336 32.779166666666676 34.548511904761916 30.689583333333335 35.631250000000009 36.443750000000009 4.697916666666667 4.3750000000000009 320.29000000000002 388.36770833333338 26.400000000000002 39.181947627355726 0.16607142857142859 372.49583333333334 400.11000000000007 4.0958333333333341 22.500000000000004 1.6999999999999977 377.38086309523811 35.258928571428577
decision_type=2 2 2 2 2 2 2 2 2 2 2 2 2 2 2 2 2 2 2 2 2 2 2 2 2 2 2 2 2 2
left_child=2 -2 -1 4 -4 -6 7 8 9 13 11 -10 -12 14 16 -8 17 25 -19 20 21 24 26 27 -18 28 -23 -22 29 -3
right_child=1 6 3 -5 5 -7 15 -9 10 -11 12 -13 -14 -15 -16 -17 19 18 -20 -21 23 22 -24 -25 -26 -27 -28 -29 -30 -31
leaf_value=0.25679415865801275 -0.17343296865253033 -0.0046023822274912822 -0.054163783317340952 -0.053851133767191486 0.030988083278590983 0.22925691214234881 0.16528040939657432 -0.1943784231475244 -0.041321610033512118 0.23380269318819047 0.12027860381019613 -0.3790130311502144 -0.09822267935129772 -0.17379279434680939 0.1668238879656061 0.018201367801621706 0.32516111440956597 0.025473996335640549 -0.40964906830340625 0.20616016092044967 -0.20573422755425175 0.16774706350266932 -0.19937525594347641 0.058785501549020416 0.082562575529736948 0.15029134780789416 -0.047041629916056996 -0.022192892029881478 -0.082337132192959517 0.073587421864826003
leaf_weight=40 74 7190 41 92 55 60 72 72 50 60 90 50 110 60 52 809 40 40 40 70 90 50 79 100 320 60 80 50 158 188
leaf_count=40 74 7190 41 92 55 60 72 72 50 60 90 50 110 60 52 809 40 40 40 70 90 50 79 100 320 60 80 50 158 188
internal_value=5.97467e-11 -0.00184568 0.0644323 0.0334062 0.0848657 0.134433 -0.000573393 -0.00355507 -0.00203305 0.000302949 -0.0699872 -0.210167 0.000102898 -0.00131353 -0.00011116 0.0302214 -0.00112584 -0.00503068 -0.192088 0.0329737 0.0179885 0.0497361 -0.0532374 -0.0572799 0.109518 -0.00306062 0.0355694 -0.140184 -0.00428158 -0.00261002
internal_weight=10342 10054 288 248 156 115 9980 9099 9027 8727 300 100 200 8667 8607 881 8555 7676 80 879 809 569 209 240 360 7596 130 140 7536 7378
internal_count=10342 10054 288 248 156 115 9980 9099 9027 8727 300 100 200 8667 8607 881 8555 7676 80 879 809 569 209 240 360 7596 130 140 7536 7378
is_linear=0
shrinkage=0.05


Tree=137
num_leaves=31
num_cat=0
split_feature=18 2 11 0 32 15 12 9 25 13 0 13 11 24 2 6 24 24 24 7 10 11 18 11 22 14 14 24 28 23
split_gain=505.689 1987.33 1272.25 444.089 537.863 568.017 748.534 961.088 661.843 1627.96 2835.88 1445.14 1200.21 1154.47 1441.08 934.628 816.1 797.629 785.152 752.577 742.115 616.08 515.671 502.736 565.91 518.089 744.355 586.083 1553.42 1194.58
threshold=77.640000000000015 1.5000000000000002 300.34000000000009 22.500000000000004 3.6326085679708375e-15 456.68500000000006 390.10937500000006 345.01000000000005 1.7000000000000022 11.663698131622075 5.5000000000000009 14.560010513276842 336.00500000000005 23.208333333333339 1.5000000000000002 0.83376496542330847 11.60059523809524 10.784523809523812 11.825892857142859 -0.80417042486635371 421.88500000000005 345.34500000000008 330.25000000000006 440.99000000000007 25.300000000000004 237.45500000000001 295.7000000000001 22.261309523809526 4.994940476190477 22.243750000000002
decision_type=2 2 2 2 2 2 2 2 2 2 2 2 2 2 2 2 2 2 2 2 2 2 2 2 2 2 2 2 2 2
left_child=1 -1 -2 4 23 6 7 8 16 10 -10 21 -13 14 -14 -16 17 -6 -18 -15 -20 -11 -9 25 -25 -4 -27 29 -29 -28
right_child=2 -3 3 -5 5 -7 -8 22 9 11 -12 12 13 19 15 -17 18 -19 20 -21 -22 -23 -24 24 -26 26 27 28 -30 -31
leaf_value=-0.36190734399046676 0.202574792284614 0.021644070440282423 0.089973145371302965 -0.05078609118496169 -0.010531471157964791 0.13451352079412832 -0.17438394176108496 0.13855890837651794 -0.53100842422522276 0.053110544361794992 -0.014618361717651761 0.031829734364398989 -0.44689595438539986 -0.13315031839907171 -0.029661378356057311 -0.23626690156453725 0.21088808785594171 -0.25234436933533289 0.002111759382707933 0.03897551798479814 -0.15310534634450568 0.29609408129006626 -0.022261326410807671 0.026491816801717506 0.26102873205618804 -0.16155399716226385 0.015335534753960442 -0.20903941928004116 0.00067504826095347327 0.13071351192802902
leaf_weight=47 78 120 200 415 73 67 70 162 46 75 63 282 40 100 124 98 44 64 3053 174 79 40 72 64 43 64 2044 92 2197 252
leaf_count=47 78 120 200 415 73 67 70 162 46 75 63 282 40 100 124 98 44 64 3053 174 79 40 72 64 43 64 2044 92 2197 252
internal_value=-4.39723e-12 -0.0863015 0.00141645 -0.000137514 0.00203344 -0.0100347 -0.0121135 -0.00963821 -0.0149422 -0.0496983 -0.232544 -0.0283368 -0.0516691 -0.0955994 -0.170641 -0.120866 -0.00401083 -0.123495 0.00114325 -0.0238441 -0.00180336 0.137627 0.0890758 0.0135416 0.120745 0.011176 0.00778611 0.0101499 -0.00775384 0.027999
internal_weight=10342 167 10175 10097 9682 4726 4659 4589 4355 1042 109 933 818 536 262 222 3313 137 3176 274 3132 115 234 4956 107 4849 4649 4585 2289 2296
internal_count=10342 167 10175 10097 9682 4726 4659 4589 4355 1042 109 933 818 536 262 222 3313 137 3176 274 3132 115 234 4956 107 4849 4649 4585 2289 2296
is_linear=0
shrinkage=0.05


Tree=138
num_leaves=31
num_cat=0
split_feature=11 5 11 11 10 30 10 5 2 15 11 32 9 7 15 30 25 6 2 12 10 6 10 0 11 15 7 13 11 2
split_gain=480.173 370.088 504.242 589.769 492.37 435.501 745.574 465.536 770.73 748.427 1062.52 1143.98 886.545 696.439 677.006 613.58 714.802 650.414 782.908 611.055 686.552 1305.83 980.859 591.39 570.536 556.045 601.483 644.926 1481.37 536.409
threshold=251.51500000000001 -0.70710678118654757 419.62500000000006 430.73000000000008 328.15000000000003 26.629166666666674 353.62500000000006 1.0000000180025095e-35 1.5000000000000002 410.45000000000005 367.99000000000007 -16.282509787680713 310.25500000000005 0.94909129669788206 414.34000000000009 8.8312500000000025 1.7000000000000022 0.3504237462291826 3.5000000000000004 344.15020833333341 318.65000000000003 0.51297097409535064 306.28500000000003 1.5000000000000002 324.41500000000002 359.85000000000008 -0.96234030595689413 12.419043150453344 336.00500000000005 4.5000000000000009
decision_type=2 2 2 2 2 2 2 2 2 2 2 2 2 2 2 2 2 2 2 2 2 2 2 2 2 2 2 2 2 2
left_child=-1 4 5 -4 -2 7 -7 8 13 10 12 -12 19 -3 -11 29 17 18 -17 20 22 -22 23 -9 -21 -14 -27 28 -28 -10
right_child=1 2 3 -5 -6 6 -8 9 15 14 11 -13 25 -15 -16 16 -18 -19 -20 24 21 -23 -24 -25 -26 26 27 -29 -30 -31
leaf_value=-0.17077117820338505 0.19112106978893281 0.098297804253625456 -0.18713041490584148 0.026725662465172786 0.014324072384014742 -0.19963427955582222 -0.021854711651939192 -0.24180216135545854 0.070155621595525505 -0.13238095278615622 -0.026818165879383266 -0.32498118537275689 0.093071720165081639 -0.054502859564705033 -0.020867677155382888 -0.0011836258870990654 -0.16894721507872504 0.055221625738748829 -0.23688275956415705 -0.28746061763022007 -0.012496499841807375 -0.3015878283776916 0.078024173396018651 -0.013761244908991187 -0.023684979147255061 0.11225866011739849 -0.30054274098231248 0.024182185216162069 0.047689827823558371 -0.0033790205392525887
leaf_weight=41 40 435 80 54 2543 72 326 42 372 144 107 46 376 90 2483 95 97 164 56 41 157 52 288 88 41 167 52 975 74 744
leaf_count=41 40 435 80 54 2543 72 326 42 372 144 107 46 376 90 2483 95 97 164 56 41 157 52 288 88 41 167 52 975 74 744
internal_value=-6.87641e-11 0.000679703 -0.00480297 -0.10095 0.0170619 -0.00310418 -0.0540158 -0.000284413 0.0198387 -0.00833286 0.011215 -0.116462 0.019517 0.0721034 -0.0269803 0.00188121 -0.0502656 -0.0137192 -0.0885952 -0.0272175 -0.010431 -0.0844235 0.0265653 -0.087436 -0.155573 0.0396719 0.0238373 0.0104255 -0.0960252 0.0211325
internal_weight=10342 10301 7718 134 2583 7584 398 7186 2053 5133 2506 153 2353 525 2627 1528 412 315 151 709 627 209 418 130 82 1644 1268 1101 126 1116
internal_count=10342 10301 7718 134 2583 7584 398 7186 2053 5133 2506 153 2353 525 2627 1528 412 315 151 709 627 209 418 130 82 1644 1268 1101 126 1116
is_linear=0
shrinkage=0.05


Tree=139
num_leaves=31
num_cat=0
split_feature=18 6 11 0 32 29 7 10 13 22 12 9 12 2 25 14 10 27 9 0 24 14 10 13 25 18 18 11 16 12
split_gain=469.736 1890.6 1205.95 398.632 493.604 538.858 2327.17 1847.14 2456.34 979.99 1293.58 1833.79 752.541 706.735 892.132 642.624 618.164 609.887 672.215 528.548 523.718 518.77 482.898 475.218 462.106 460.096 537.022 517.751 617.224 771.478
threshold=77.640000000000015 0.63920241694561786 300.34000000000009 22.500000000000004 3.6326085679708375e-15 0.14821428571428577 -0.20180761162458913 328.67500000000007 30.043392036228472 25.850000000000005 350.24062500000002 330.22000000000008 370.31583333333339 1.5000000000000002 -2.7499999999999978 323.87500000000006 320.50500000000005 0.33124999999999999 348.18500000000006 7.5000000000000009 27.199702380952385 337.04500000000007 418.29000000000002 38.934546141866129 -8.5999999999999996 331.05500000000006 329.00000000000006 440.99000000000007 373.54505952380958 390.10937500000006
decision_type=2 2 2 2 2 2 2 2 2 2 2 2 2 2 2 2 2 2 2 2 2 2 2 2 2 2 2 2 2 2
left_child=1 -1 -2 4 24 9 7 -7 -9 12 11 20 -6 -12 -15 -14 -16 -8 21 -10 -11 22 -19 -5 -4 26 27 28 29 -26
right_child=2 -3 3 23 5 6 17 8 19 10 13 -13 15 14 16 -17 -18 18 -20 -21 -22 -23 -24 -25 25 -27 -28 -29 -30 -31
leaf_value=-0.35199220330030856 0.19721216092793606 0.02210889592417516 0.13957571754573098 -0.017590557077465159 0.11608008492013971 -0.4959504933437196 0.072167344933363783 0.17805013677224202 -0.15376500351862477 -0.16705648584167165 0.088571438247065537 -0.3869981800206006 -0.063877996613460414 -0.16178478648863645 0.20142033568583431 0.13723103206350723 0.00076645158620943367 -0.016442591878010771 0.17319223676300186 -0.40489334148354833 -0.017271434733141282 -0.19415508388456973 -0.16159753064482898 -0.14186116572396429 0.0099276560916949294 -0.13140111843656219 0.087475956774491603 0.11931811418527594 -0.053637420300704744 0.22042421061884274
leaf_weight=47 78 120 71 313 319 41 195 47 44 75 253 46 143 83 40 55 950 1985 44 40 263 44 59 102 4062 56 229 104 390 44
leaf_count=47 78 120 71 313 319 41 195 47 44 75 253 46 143 83 40 55 950 1985 44 40 263 44 59 102 4062 56 229 104 390 44
internal_value=4.14725e-11 -0.083177 0.00136517 -0.000147765 0.00190908 -0.00965193 -0.0255901 -0.203064 -0.111397 0.00823284 -0.0100048 -0.0908165 0.0685545 0.0133977 -0.0043273 -0.00801438 0.00887368 -0.0124721 -0.0202135 -0.27335 -0.0505078 -0.0242891 -0.0206325 -0.0481342 0.0129336 0.0110929 0.0127453 0.00902506 0.0064738 0.0121833
internal_weight=10342 167 10175 10097 9682 4726 2499 172 131 2227 1710 384 517 1326 1073 198 990 2327 2132 84 338 2088 2044 415 4956 4885 4829 4600 4496 4106
internal_count=10342 167 10175 10097 9682 4726 2499 172 131 2227 1710 384 517 1326 1073 198 990 2327 2132 84 338 2088 2044 415 4956 4885 4829 4600 4496 4106
is_linear=0
shrinkage=0.05


Tree=140
num_leaves=31
num_cat=0
split_feature=11 24 17 6 18 15 24 22 30 14 0 5 10 2 11 0 0 11 12 14 9 7 9 18 28 9 0 22 27 6
split_gain=475.121 350.378 338.775 1000.01 409.505 1893.69 949.693 1193.1 655.268 563.158 910.037 490.346 806.138 608.365 1118.52 1769.33 882.011 1069.68 824.593 1445.28 637.279 610.579 792.492 1231.05 733.651 2896.22 618.731 567.196 828.591 1746.23
threshold=251.51500000000001 10.325595238095241 46.354287850065255 0.58481550752069722 154.41500000000005 394.67500000000007 22.805952380952387 24.150000000000002 26.629166666666674 310.99500000000006 16.500000000000004 0.60355339059327384 316.14000000000004 4.5000000000000009 347.45500000000004 17.500000000000004 4.5000000000000009 353.67500000000007 323.5845833333334 303.91500000000002 334.57500000000005 0.99748108949426018 309.46000000000009 228.29500000000004 0.055952380952380948 323.12000000000006 13.500000000000002 13.050000000000002 1.3770833333333334 -0.39036798905311365
decision_type=2 2 2 2 2 2 2 2 2 2 2 2 2 2 2 2 2 2 2 2 2 2 2 2 2 2 2 2 2 2
left_child=-1 -2 4 -4 5 8 -7 -8 9 -3 -11 12 -6 14 15 20 17 -16 19 -18 -14 22 23 -20 25 -24 -25 -26 -29 -30
right_child=1 2 3 -5 11 6 7 -9 -10 10 -12 -13 13 -15 16 -17 18 -19 21 -21 -22 -23 24 26 27 -27 -28 28 29 -31
leaf_value=-0.16987039181517394 0.13544927206821741 0.085386253478835619 -0.27111962667211542 0.060880706366151574 0.14392795216436813 0.12320435839291249 -0.30777876796200876 -0.039894209654566144 -0.051223743505155052 0.30950095234882263 0.032836961551852853 -0.0201808597405428 0.02845996789193685 -0.02118914027341132 0.016992385192877716 0.33150547949261355 -0.01828561164934921 -0.33174362668096152 -0.11388024927809744 -0.36461781386286019 0.20255397366738676 -0.13595032850179176 0.095591012577688886 0.088025763491957884 0.075541281726345375 -0.43668213581103227 0.31512764750934041 0.019733733755105225 -0.35201670153196468 -0.021998475427233478
leaf_weight=41 48 276 43 48 103 72 48 310 60 84 46 2694 482 1861 45 61 122 43 41 40 59 69 63 59 330 43 61 2456 43 591
leaf_count=41 48 276 43 48 103 72 48 310 60 84 46 2694 482 1861 45 61 122 43 41 40 59 69 63 59 330 43 61 2456 43 591
internal_value=3.21798e-11 0.000676118 4.51693e-05 -0.0959986 0.000905234 0.0331829 -0.0424881 -0.0758117 0.103008 0.125801 0.211604 -0.00221594 0.00514826 0.00293859 0.0126829 0.0762296 0.00313343 -0.153413 0.00664953 -0.1038 0.0474462 0.0114133 0.0141711 0.122654 0.00921774 -0.120331 0.203469 0.013233 0.00657872 -0.0443814
internal_weight=10342 10301 10253 91 10162 896 430 358 466 406 130 9266 6572 6469 4608 602 4006 88 3918 162 541 3756 3687 161 3526 106 120 3420 3090 634
internal_count=10342 10301 10253 91 10162 896 430 358 466 406 130 9266 6572 6469 4608 602 4006 88 3918 162 541 3756 3687 161 3526 106 120 3420 3090 634
is_linear=0
shrinkage=0.05


Tree=141
num_leaves=31
num_cat=0
split_feature=32 11 11 10 9 11 25 6 9 12 30 13 11 22 9 16 9 19 22 18 24 30 23 13 12 14 13 13 32 2
split_gain=440.763 5768.39 4678.3 596.504 922.683 810.175 554.694 567.457 528.916 1296.32 888.79 592.776 1012.14 547.496 517.698 591.895 547.526 1216.86 624.166 738.521 664.96 621.684 597.832 509.624 508.598 880.248 763.511 641.005 707.461 941.094
threshold=10.01244228808144 304.92000000000002 300.34000000000009 318.65000000000003 304.92500000000001 312.10500000000008 1.6499999999999988 -0.96235977360714686 344.4550000000001 384.48145833333342 29.431250000000006 40.468186279835514 357.34000000000009 35.300000000000004 314.49000000000007 377.71696428571437 323.69000000000011 448.25000000000006 21.400000000000002 321.69000000000005 19.800000000000004 32.339583333333344 35.179166666666667 29.63640753629743 328.62479166666674 310.28000000000003 43.435986032674847 39.056789889499733 33.469553375209735 4.5000000000000009
decision_type=2 2 2 2 2 2 2 2 2 2 2 2 2 2 2 2 2 2 2 2 2 2 2 2 2 2 2 2 2 2
left_child=2 -2 -1 23 -5 -6 8 -8 9 13 11 12 -11 -4 -9 16 17 -16 19 20 -18 22 -20 -3 -7 26 -26 28 -27 -30
right_child=1 3 6 4 5 24 7 14 -10 10 -12 -13 -14 -15 15 -17 18 -19 21 -21 -22 -23 -24 -25 25 27 -28 -29 29 -31
leaf_value=0.45430263108734431 -0.58368644227527766 0.10798107290879273 -0.011954863111714559 -0.18990735954362645 -0.2180768978336583 -0.11002342815331199 -0.096225834705659916 -0.010348352501237328 -0.065060526952974193 -0.049243081434100285 0.31835106327420193 -0.04436349683961311 0.2301227682113145 0.05832035492585113 0.072596745511550972 -0.12519519233362789 -0.0084937267545019349 0.34745339271095066 0.063921871882044845 0.10825041750039177 -0.18123278870141205 -0.061059127694794116 0.21732210755544196 -0.021987546197085726 0.084544938195390232 -0.038172534165995614 -0.12082114342837502 0.036307762212726712 0.16167987019700164 -0.1031232581883669
leaf_weight=58 44 195 4147 73 46 114 90 510 345 51 42 77 89 297 383 47 189 45 324 87 79 77 79 123 402 1644 51 482 102 50
leaf_count=58 44 195 4147 73 46 114 90 510 345 51 42 77 89 297 383 47 189 45 324 87 79 77 79 123 402 1644 51 482 102 50
internal_value=6.91032e-11 -0.0149918 0.007107 -0.00736762 -0.0143497 -0.00991669 0.0033793 0.0263301 -0.00530453 -0.000920984 0.107816 0.067067 0.128354 -0.00725825 0.0323905 0.0490293 0.0555128 0.101495 0.0319433 -0.0183237 -0.0594131 0.06912 0.0939929 0.0577102 -0.006551 -0.00223176 0.0614243 -0.0148903 -0.0286305 0.0745736
internal_weight=10342 3326 7016 3282 2964 2891 6958 1910 5048 4703 259 217 140 4444 1820 1310 1263 428 835 355 268 480 403 318 2845 2731 453 2278 1796 152
internal_count=10342 3326 7016 3282 2964 2891 6958 1910 5048 4703 259 217 140 4444 1820 1310 1263 428 835 355 268 480 403 318 2845 2731 453 2278 1796 152
is_linear=0
shrinkage=0.05


Tree=142
num_leaves=31
num_cat=0
split_feature=18 6 11 5 8 11 5 15 11 10 9 26 24 15 15 2 11 32 17 25 25 25 32 2 12 11 32 18 6 2
split_gain=441.394 1734.66 1038.25 371.07 658.615 926.52 594.345 593.518 945.735 1094.02 879.348 595.244 572.91 558.069 557.743 536.061 1954.01 560.224 500.105 547.518 861.308 702.844 849.686 1466.93 498.468 481.988 595.622 572.128 469.3 472.636
threshold=77.640000000000015 0.63920241694561786 300.34000000000009 -0.5 1.0000000180025095e-35 354.42500000000007 1.0000000180025095e-35 410.45000000000005 367.99000000000007 337.30500000000006 310.25500000000005 5.929166666666668 33.68571428571429 456.68500000000006 414.34000000000009 4.5000000000000009 347.82500000000005 12.179014768683773 22.64855009317731 3.3000000000000003 2.7999999999999985 1.0999999999999963 -8.8225951952356514 5.5000000000000009 390.01729166666672 362.95000000000005 -24.185689775957627 316.29500000000002 0.98667101781630195 4.5000000000000009
decision_type=2 2 2 2 2 2 2 2 2 2 2 2 2 2 2 2 2 2 2 2 2 2 2 2 2 2 2 2 2 2
left_child=1 -1 -2 13 6 -6 15 8 10 -10 12 -11 18 24 -9 16 17 -5 -8 20 21 -20 -23 -24 -4 -18 -27 -28 29 -16
right_child=2 -3 3 4 5 -7 7 14 9 11 -12 -13 -14 -15 28 -17 25 -19 19 -21 -22 22 23 -25 -26 26 27 -29 -30 -31
leaf_value=-0.33811884069062298 0.18304287980859862 0.020221521637092038 0.013503625092441244 0.41046621910319098 -0.2431629849784076 -0.036129411023413174 0.082381597673520449 -0.12170615102574751 -0.33625694207847118 -0.18119133057161457 0.037792155555415867 0.05627543998383721 0.14664966793254364 0.1826890252530575 -0.015918706379305439 -0.0075097271692595585 0.10309183291026525 0.1653207677933905 -0.018635028543649242 -0.19774504486741801 0.17107903334227476 0.036804807255434439 -0.42308114150911574 -0.04888180463151498 -0.13693821877324289 0.085075389045821737 -0.11424753716135205 0.039865646428130209 0.057595753639729491 -0.076086788718070994
leaf_weight=47 78 120 3282 41 60 544 72 143 40 42 1554 71 43 48 1902 488 140 54 320 62 44 43 50 55 56 121 145 103 180 394
leaf_count=47 78 120 3282 41 60 544 72 143 40 42 1554 71 43 48 1902 488 140 54 320 62 44 43 50 55 56 121 145 103 180 394
internal_value=1.30598e-10 -0.0806288 0.00132334 -8.04536e-05 -0.00688895 -0.0566957 -0.00196293 -0.00924158 0.00874198 -0.111534 0.0169463 -0.0319865 -0.0300703 0.0134139 -0.0256939 0.0314642 0.0629531 0.27112 -0.0418334 -0.0574144 -0.0404213 -0.0603059 -0.150405 -0.227072 0.0109797 0.0241007 -0.00586886 -0.0502409 -0.0201488 -0.0262437
internal_weight=10342 167 10175 10097 6711 604 6107 5015 2396 153 2243 113 689 3386 2619 1092 604 95 646 574 512 468 148 105 3338 509 369 248 2476 2296
internal_count=10342 167 10175 10097 6711 604 6107 5015 2396 153 2243 113 689 3386 2619 1092 604 95 646 574 512 468 148 105 3338 509 369 248 2476 2296
is_linear=0
shrinkage=0.05


Tree=143
num_leaves=31
num_cat=0
split_feature=11 5 24 29 32 11 11 13 11 30 15 19 17 6 16 16 11 29 30 17 22 14 16 18 4 12 14 16 23 0
split_gain=459.684 318.316 572.203 777.799 1534.72 400.126 451.915 1778.42 659.735 562.703 876.19 590.758 574.607 759.408 1153.68 932.554 2288.09 680.598 888.568 811.202 776.761 640.424 567.251 565.573 627.334 1191.01 1007.08 970.527 679.722 756.186
threshold=251.51500000000001 -0.9159756150367534 11.78184523809524 5.0065476190476206 1.5124387969469815e-15 439.15000000000003 413.45000000000005 43.225061852357669 406.61500000000007 27.237500000000001 351.27000000000004 448.46000000000009 37.123945814626033 -0.55657520495441892 354.16958333333343 359.91898809523815 332.80500000000006 2.5315476190476196 10.843750000000002 39.011517218381265 15.300000000000002 319.57000000000005 371.35380952380962 229.64000000000001 -0.37940952255126065 329.89645833333344 329.80500000000006 367.1102678571429 11.608333333333336 17.500000000000004
decision_type=2 2 2 2 2 2 2 2 2 2 2 2 2 2 2 2 2 2 2 2 2 2 2 2 2 2 2 2 2 2
left_child=-1 2 -2 -4 -5 6 8 -8 9 11 -11 12 13 14 -3 -16 -17 20 -19 -20 -14 -18 -23 -15 25 -25 28 -28 29 -27
right_child=1 5 3 4 -6 -7 7 -9 -10 10 -12 -13 17 23 15 16 21 18 19 -21 -22 22 -24 24 -26 26 27 -29 -30 -31
leaf_value=-0.16708792772416661 0.17465456838409107 -0.26549605946135468 0.027883540388330397 0.091843763383274726 -0.31497548512582269 0.10661124900791302 -0.019292370534787211 -0.3281301063795885 0.083969051888977575 -0.28116777803516019 -0.035705394576301328 -0.036356493718999031 0.19587882097157372 -0.03846912412622807 0.037351411379495401 -0.35496578859595157 -0.14804115815571062 -0.036884247849884338 -0.019357916765979359 0.26834977013724193 0.033608370339627276 0.12918201537953841 -0.040750640809969749 0.1965028572897633 -0.005823864963866744 -0.048068454014984052 0.25345659038195245 0.047941355481572932 -0.029460008023507789 0.2248286285623908
leaf_weight=41 60 59 1139 44 49 83 542 51 224 40 399 969 77 652 264 65 81 658 49 49 1746 74 146 113 1689 44 78 218 579 60
leaf_count=41 60 59 1139 44 49 83 542 51 224 40 399 969 77 652 264 65 81 658 49 49 1746 74 146 113 1689 44 78 218 579 60
internal_value=2.61856e-11 0.000665043 0.0238746 0.0165314 -0.122502 -0.00266349 -0.0036796 -0.0458535 -0.000678385 -0.00301665 -0.058071 0.000134435 0.00541122 -0.00617009 -0.0540751 -0.0342753 -0.0859405 0.0239215 -0.0159646 0.124496 0.0404624 -0.0278454 0.0164085 0.0034444 0.0132709 0.042805 0.0250645 0.102097 -0.00832012 0.109372
internal_weight=10342 10301 1292 1232 93 9009 8926 593 8333 8109 439 7670 6701 4122 689 630 366 2579 756 98 1823 301 220 3433 2781 1092 979 296 683 104
internal_count=10342 10301 1292 1232 93 9009 8926 593 8333 8109 439 7670 6701 4122 689 630 366 2579 756 98 1823 301 220 3433 2781 1092 979 296 683 104
is_linear=0
shrinkage=0.05


Tree=144
num_leaves=31
num_cat=0
split_feature=11 17 6 17 17 18 15 24 30 13 18 0 10 0 32 15 12 9 25 25 30 10 9 9 23 11 14 7 17 17
split_gain=414.865 315.735 868.335 373.618 604.919 402.773 837.99 821.023 511.161 564.478 469.81 647.606 422.054 414.719 417.662 495.231 622.061 796.778 768.188 2259.96 840.562 999 754.885 1760.09 694.5 908.944 660.041 593.027 537.627 833.584
threshold=251.51500000000001 46.354287850065255 0.58481550752069722 45.81161926007686 45.159045628601568 154.41500000000005 395.31500000000011 24.808630952380955 26.629166666666674 12.865384578260773 159.84000000000003 5.5000000000000009 367.87500000000006 22.500000000000004 3.6326085679708375e-15 456.68500000000006 390.10937500000006 345.01000000000005 1.7000000000000022 1.9499999999999995 34.202083333333341 422.73000000000008 299.45000000000005 307.19500000000005 15.722916666666668 317.59500000000008 333.81000000000006 -0.9292178835113839 40.048549066800589 39.011517218381265
decision_type=2 2 2 2 2 2 2 2 2 2 2 2 2 2 2 2 2 2 2 2 2 2 2 2 2 2 2 2 2 2
left_child=-1 3 -3 4 5 6 8 -8 9 -2 11 -7 -13 14 -12 16 17 18 20 -20 21 26 -21 -24 -25 -26 28 -28 29 -16
right_child=1 2 -4 -5 -6 10 7 -9 -10 -11 13 12 -14 -15 15 -17 -18 -19 19 22 -22 -23 23 24 25 -27 27 -29 -30 -31
leaf_value=-0.15873354138215867 0.25941716783024649 -0.25527507480840356 0.054095818614587191 0.11495429238614936 -0.17642703668680043 -0.26002934744581579 0.1098564734022754 -0.059133407987256942 -0.047103634501496953 0.082857746744661454 0.013030956099165394 0.045116437118696541 -0.14192908120155334 -0.050943965264754934 0.0023011095432794409 0.12607100643773578 -0.1587512366367238 0.08117893468906992 -0.39894065534902945 -0.24022413554146538 0.14911693831698764 -0.19984892590831105 0.28621262137799763 0.068418424230930974 -0.28405557156995287 -0.04664625566947958 0.034370854667101346 -0.13230206727672963 -0.05874652512358515 0.091957527975670542
leaf_weight=41 54 43 48 72 48 40 96 286 60 280 4475 76 50 381 1994 67 70 234 45 43 90 65 43 121 43 646 78 169 286 298
leaf_count=41 54 43 48 72 48 40 96 286 60 280 4475 76 50 381 1994 67 70 234 45 43 90 65 43 121 43 646 78 169 286 298
internal_value=-2.1552e-10 0.00063179 -0.0920904 0.00145821 0.000652159 0.00149456 0.0361038 -0.0166647 0.0872652 0.111403 -0.00138893 -0.0847517 -0.029108 0.000123778 0.0023431 -0.00880046 -0.0109392 -0.00844903 -0.0137979 -0.0531818 -0.00136159 -0.00604777 -0.0358167 -0.0255124 -0.0420608 -0.0614628 -0.00158863 -0.0796685 0.00589226 0.013958
internal_weight=10342 10301 91 10210 10138 10090 776 382 394 334 9314 166 126 9148 8767 4292 4225 4155 3921 941 2980 2890 896 853 810 689 2825 247 2578 2292
internal_count=10342 10301 91 10210 10138 10090 776 382 394 334 9314 166 126 9148 8767 4292 4225 4155 3921 941 2980 2890 896 853 810 689 2825 247 2578 2292
is_linear=0
shrinkage=0.05


Tree=145
num_leaves=31
num_cat=0
split_feature=18 2 11 5 30 11 5 15 11 10 9 26 24 15 15 2 11 11 32 18 17 25 25 25 32 2 10 12 15 10
split_gain=432.859 1719.05 1023.25 310.179 605.309 852.504 498.588 530 858.212 999.743 791.368 535.392 508.678 498.443 494.374 449.702 1602.47 448.211 541.35 491.803 444.896 495.524 789.598 655.495 748.348 1317.89 453.845 429.288 434.226 1744.38
threshold=77.640000000000015 1.5000000000000002 300.34000000000009 -0.5 9.8229166666666679 354.42500000000007 1.0000000180025095e-35 410.45000000000005 367.99000000000007 337.30500000000006 310.25500000000005 5.929166666666668 33.68571428571429 456.68500000000006 414.34000000000009 4.5000000000000009 347.82500000000005 363.46000000000009 -24.185689775957627 316.29500000000002 22.64855009317731 3.3000000000000003 2.7999999999999985 1.0999999999999963 -8.8225951952356514 5.5000000000000009 306.28500000000003 390.01729166666672 410.45000000000005 385.27500000000003
decision_type=2 2 2 2 2 2 2 2 2 2 2 2 2 2 2 2 2 2 2 2 2 2 2 2 2 2 2 2 2 2
left_child=1 -1 -2 13 6 -6 15 8 10 -10 12 -11 20 27 -9 16 -5 -18 -19 -20 -8 22 23 26 -25 -26 -22 28 -4 -30
right_child=2 -3 3 4 5 -7 7 14 9 11 -12 -13 -14 -15 -16 -17 17 18 19 -21 21 -23 -24 24 25 -27 -28 -29 29 -31
leaf_value=-0.33617438270532074 0.18171301138249993 0.020550169734827553 -0.0059350706513058831 0.24361309797800695 -0.23852026078261829 -0.035040094690457012 0.07791993709074127 -0.11430165411031748 -0.32076424026978206 -0.17140465386744058 0.036224023894972604 0.05380728668730024 0.13836493705247724 0.17223122169574101 -0.018687478408838484 -0.0072044617883368694 0.094993388105109836 0.079724293713234681 -0.10886767939246933 0.032830961661870189 -0.14872181203078341 -0.18743537025706425 0.16473664407703012 0.031873584304784618 -0.40155304375290868 -0.04687260752374476 0.010265000771268979 -0.12731627629005485 0.3099152834568587 0.020953155506165472
leaf_weight=47 78 120 1637 97 57 531 72 143 40 42 1554 71 43 48 2476 488 151 121 145 106 54 62 44 43 50 55 266 56 54 1591
leaf_count=47 78 120 1637 97 57 531 72 143 40 42 1554 71 43 48 2476 488 151 121 145 106 54 62 44 43 50 55 266 56 54 1591
internal_value=-5.46469e-11 -0.0798454 0.00131048 -8.31375e-05 -0.006308 -0.0547652 -0.00165459 -0.00836105 0.008633 -0.105943 0.0164485 -0.0298998 -0.0281542 0.0122545 -0.0239081 0.0287 0.0569603 0.0223421 -0.0071481 -0.0490268 -0.0392383 -0.0539341 -0.0377679 -0.0568068 -0.143818 -0.215768 -0.016564 0.00995401 0.0122962 0.0304388
internal_weight=10342 167 10175 10097 6711 588 6123 5015 2396 153 2243 113 689 3386 2619 1108 620 523 372 251 646 574 512 468 148 105 320 3338 3282 1645
internal_count=10342 167 10175 10097 6711 588 6123 5015 2396 153 2243 113 689 3386 2619 1108 620 523 372 251 646 574 512 468 148 105 320 3338 3282 1645
is_linear=0
shrinkage=0.05


Tree=146
num_leaves=31
num_cat=0
split_feature=11 24 17 13 17 23 30 32 32 6 22 15 32 22 18 12 0 11 25 22 28 27 15 10 11 18 2 0 11 6
split_gain=409.954 287.951 284.635 641.625 851.825 677.958 706.129 671.543 800.585 714.217 792.662 790.167 1707.74 921.007 749.645 892.875 1455.27 1062.31 741.53 689.915 854.186 755.061 664.975 653.68 2209.31 694.084 649.963 1092.22 595.471 588.701
threshold=251.51500000000001 10.325595238095241 37.794621976946793 35.966705933943722 37.300787137782258 36.110416666666673 35.389583333333341 32.801179802247837 30.855802399061218 -0.54220184589352438 35.850000000000009 429.46000000000009 -13.777591041566371 16.400000000000002 228.29500000000004 334.37125000000009 3.5000000000000004 305.66000000000003 -0.50000000000000167 11.4 0.043154761904761883 4.291666666666667 430.84000000000009 325.97500000000008 341.73000000000008 308.60500000000008 2.5000000000000004 7.5000000000000009 408.15500000000003 0.15101559051660998
decision_type=2 2 2 2 2 2 2 2 2 2 2 2 2 2 2 2 2 2 2 2 2 2 2 2 2 2 2 2 2 2
left_child=-1 -2 3 5 -5 6 7 8 9 11 14 13 -13 -3 26 16 17 -16 28 20 -17 22 -21 -20 -25 -26 27 -11 -15 -18
right_child=1 2 -4 4 -6 -7 -8 -9 -10 10 -12 12 -14 18 15 19 29 -19 23 21 -22 -23 -24 24 25 -27 -28 -29 -30 -31
leaf_value=-0.15779126692654155 0.12280644587784384 -0.25349036838548877 0.011206477452150027 0.034286903721654896 -0.05953608113696747 0.027626041464610784 -0.19416834510241945 0.14903569217248444 -0.2098458856932427 -0.37647751820988434 0.18649821704626085 -0.43596730045974258 -0.03338602970367955 0.0049445242183395188 0.045232645456874096 -0.29050915197779736 0.016896402412676256 -0.30045032941776778 0.057940834388136866 -0.030939076538667405 -0.051344018152927419 0.077857366936815983 0.074452114859313676 -0.36443234763282817 0.12157774200303513 -0.088435015402088965 -0.02780573442666593 -0.073254331185792887 0.21182973798025739 0.13279580691779433
leaf_weight=41 48 48 3673 1512 288 758 60 57 57 43 50 43 68 166 43 48 180 46 74 1611 168 216 165 64 57 127 211 96 44 280
leaf_count=41 48 48 3673 1512 288 758 60 57 57 43 50 43 68 166 43 48 180 46 74 1611 168 216 165 64 57 127 211 96 44 280
internal_value=-5.57368e-12 0.00062804 5.60551e-05 -0.00616819 0.0192752 -0.0157494 -0.0239241 -0.0213459 -0.0238329 -0.0210775 -0.0109996 -0.0671208 -0.189341 -0.0437303 -0.0141779 -0.00542721 0.0516366 -0.133435 -0.0248046 -0.0196156 -0.104492 -0.0104122 -0.0211477 -0.0724763 -0.111391 -0.0233767 -0.0831085 -0.167057 0.0482919 0.0874439
internal_weight=10342 10301 10253 6580 1800 4780 4022 3962 3905 3848 3157 691 111 580 3107 2757 549 89 532 2208 216 1992 1776 322 248 184 350 139 210 460
internal_count=10342 10301 10253 6580 1800 4780 4022 3962 3905 3848 3157 691 111 580 3107 2757 549 89 532 2208 216 1992 1776 322 248 184 350 139 210 460
is_linear=0
shrinkage=0.05


Tree=147
num_leaves=31
num_cat=0
split_feature=13 11 15 32 9 16 24 7 15 23 30 30 10 6 7 14 12 22 0 32 6 25 25 17 6 25 10 14 6 0
split_gain=398.705 1036.6 684.386 374.719 935.438 306.639 458.71 587.356 905.847 690.222 1702.9 774.43 608.131 476.439 586.235 512.236 843.341 499.073 603.257 490.156 473.036 718.374 666.018 1054.61 1345.45 721.074 913.723 801.2 674.128 1058.83
threshold=10.18733216452757 300.34000000000009 361.99500000000006 -5.6789212146244852 330.22000000000008 377.38086309523811 37.704761904761909 -0.99052477729077237 360.92500000000001 32.677083333333336 31.939583333333335 31.116666666666671 406.49500000000006 0.96465729447553372 0.11478523713130606 331.68000000000006 390.21750000000003 18.600000000000005 6.5000000000000009 -28.033384464478484 0.80417553764032002 -4.7499999999999991 1.1000000000000008 45.46741229618474 0.57077594689671507 3.4000000000000017 328.95500000000004 306.07000000000005 0.099822040462190967 8.5000000000000018
decision_type=2 2 2 2 2 2 2 2 2 2 2 2 2 2 2 2 2 2 2 2 2 2 2 2 2 2 2 2 2 2
left_child=2 -2 3 4 -1 6 7 8 -3 10 11 13 -12 15 -15 16 19 18 -17 -9 21 -21 23 -23 -25 28 -27 -28 -24 -30
right_child=1 5 -4 -5 -6 -7 -8 9 -10 -11 12 -13 -14 14 -16 17 -18 -19 -20 20 -22 22 25 24 -26 26 27 -29 29 -31
leaf_value=-0.04655662988330804 -0.18810889394702138 -0.2671295149329429 0.23035438468941721 -0.027476577651072556 0.26621090498235489 -0.056112240859462571 0.1268332448322326 -0.10051988151972183 -0.030998950649165746 0.036415575172646493 -0.37040709827095269 0.15407123155891897 -0.094696445800364015 0.0035781176218733892 0.10669607855552853 -0.13020660208196055 0.20671560503542424 -0.087201774052454772 0.078244503068311155 0.10696953108734981 -0.028638919856055385 -0.0074186466693996443 0.0057671281241718914 -0.39707864524796604 -0.0044380126443381114 0.085305598562305004 -0.30912918645888565 -0.057628457009712676 -0.0029401012811219335 0.11514779988017398
leaf_weight=51 74 48 48 144 45 240 72 128 264 1287 40 80 40 384 215 49 48 354 119 167 1310 3150 812 40 48 87 40 152 306 500
leaf_count=51 74 48 48 144 45 240 72 128 264 1287 40 80 40 384 215 49 48 354 119 167 1310 3150 812 40 48 87 40 152 306 500
internal_value=-1.08625e-10 -0.00166158 0.0580052 0.0235353 0.100053 -0.000279101 0.00109666 0.000160273 -0.0673267 0.0024108 -0.00301294 -0.000714388 -0.232552 -0.00228005 0.0405904 -0.00579297 -0.00212259 -0.0535219 0.0174463 -0.00360987 -0.00173381 0.00491381 0.00159477 -0.0121881 -0.182911 0.0251207 -0.0491151 -0.110024 0.0379216 0.0703154
internal_weight=10342 10054 288 240 96 9980 9740 9668 312 9356 8069 7989 80 7909 599 7310 6788 522 168 6740 6612 5302 5135 3238 88 1897 279 192 1618 806
internal_count=10342 10054 288 240 96 9980 9740 9668 312 9356 8069 7989 80 7909 599 7310 6788 522 168 6740 6612 5302 5135 3238 88 1897 279 192 1618 806
is_linear=0
shrinkage=0.05


Tree=148
num_leaves=31
num_cat=0
split_feature=18 0 11 23 0 13 32 9 14 25 9 9 28 24 6 22 15 9 9 14 7 2 27 17 17 14 9 28 17 11
split_gain=399.064 1679.79 1054.71 723.966 301.125 425.953 354.555 664.146 889.078 1149.41 607.813 707.412 540.549 1513.31 860.634 787.296 616.845 584.994 578.83 908.339 828.991 686.589 573.823 724.459 1186.18 720.105 1197.93 781.493 630.35 602.922
threshold=77.640000000000015 5.5000000000000009 300.34000000000009 27.320833333333336 22.500000000000004 38.934546141866129 1.7941075607508728e-15 304.92500000000001 298.54000000000008 1.7000000000000004 306.80000000000007 307.05500000000001 5.2339285714285717 22.805952380952387 0.52766072109828632 25.300000000000004 448.46000000000009 346.11500000000007 339.2050000000001 334.85500000000008 -0.99761278905001471 2.5000000000000004 0.33124999999999999 39.882096638127756 41.131176914083262 310.28000000000003 320.01500000000004 0.46011904761904765 34.72186386427704 309.15500000000003
decision_type=2 2 2 2 2 2 2 2 2 2 2 2 2 2 2 2 2 2 2 2 2 2 2 2 2 2 2 2 2 2
left_child=1 -1 -2 -3 6 -6 -4 8 -8 -10 -9 -12 13 15 18 16 17 22 20 -20 -14 -21 -13 25 -25 26 29 -28 -27 -24
right_child=2 3 4 -5 5 -7 7 10 9 -11 11 12 14 -15 -16 -17 -18 -19 19 21 -22 -23 23 24 -26 28 27 -29 -30 -31
leaf_value=-0.35465747981513962 0.18441294332703528 0.15218543124695619 0.011427296755192211 -0.090001787643672698 -0.01294618679579502 -0.13059905481835207 0.091715026630221741 0.11169949044706301 -0.071633711043728149 -0.35962016806006436 -0.20346226745181617 0.068179932748325386 -0.20034449769804877 -0.29948876819883785 0.076727696386313882 -0.21593161125977836 -0.19030394205387602 0.15083958780098905 0.12150222838821788 0.064299407936965244 -0.010302059474510161 -0.091201302039230048 -0.18035915074023334 -0.3022938695190282 0.0044725275868414969 -0.083997754473584124 0.33810123976733952 0.078790132131245805 -0.0070273757468488438 0.016016827282795153
leaf_weight=41 78 54 4727 72 313 102 56 112 163 44 45 203 60 48 428 48 47 57 216 140 1316 144 44 58 69 405 45 82 775 350
leaf_count=41 78 54 4727 72 313 102 56 112 163 44 45 203 60 48 428 48 47 57 216 140 1316 144 44 58 69 405 45 82 775 350
internal_value=2.50883e-11 -0.0766651 0.00125829 0.0137927 -0.000156595 -0.0418633 0.00163108 -0.00771437 -0.0850325 -0.132848 -0.00338047 -0.00619465 -0.0042372 -0.0217796 0.0127494 -0.0156734 -0.0111711 -0.00713886 -0.00184689 0.0442268 -0.0185888 -0.014546 -0.0115725 -0.0204291 -0.135626 -0.0118283 0.0371314 0.170672 -0.0334452 -0.00591348
internal_weight=10342 167 10175 126 10097 415 9682 4955 263 207 4692 4580 4535 2231 2304 2183 2135 2088 1876 500 1376 284 2031 1828 127 1701 521 127 1180 394
internal_count=10342 167 10175 126 10097 415 9682 4955 263 207 4692 4580 4535 2231 2304 2183 2135 2088 1876 500 1376 284 2031 1828 127 1701 521 127 1180 394
is_linear=0
shrinkage=0.05


Tree=149
num_leaves=31
num_cat=0
split_feature=11 17 6 18 15 24 22 30 30 18 0 10 2 0 9 7 17 32 13 25 0 25 2 25 15 14 10 10 15 6
split_gain=373.734 281.5 722.206 328.82 1592.65 743.847 962.646 506.498 481.214 371.291 560.772 388.25 367.911 348.637 343.497 504.54 430.448 340.279 479.325 2282.81 3840.9 465.187 486.471 872.07 1002.23 954.054 788.901 700.048 1218.93 649.511
threshold=251.51500000000001 46.354287850065255 0.58481550752069722 154.41500000000005 394.67500000000007 22.805952380952387 24.150000000000002 26.629166666666674 24.327083333333338 159.84000000000003 5.5000000000000009 367.87500000000006 1.0000000180025095e-35 22.500000000000004 339.98500000000007 -0.6391983530350368 30.350097923534168 3.6326085679708375e-15 11.663698131622075 1.7000000000000022 5.5000000000000009 -8.5999999999999996 4.5000000000000009 1.6999999999999977 350.38000000000005 310.30500000000006 350.82000000000005 391.91000000000003 427.56 0.43733377705052551
decision_type=2 2 2 2 2 2 2 2 2 2 2 2 2 2 2 2 2 2 2 2 2 2 2 2 2 2 2 2 2 2
left_child=-1 3 -3 4 7 -6 -7 8 12 10 -5 -12 -2 17 15 -15 -17 21 19 -19 -21 -11 -23 24 -24 26 -26 28 -27 -29
right_child=1 2 -4 9 5 6 -8 -9 -10 13 11 -13 -14 14 -16 16 -18 18 -20 20 -22 22 23 -25 25 27 -28 29 -30 -31
leaf_value=-0.15065952684821152 0.19859038515235572 -0.23577316664159298 0.046368012639383477 -0.23861562536563727 0.10755406499115959 -0.27694161313896382 -0.036315161024160207 -0.041252847723662861 0.25963437848538162 0.15109197143780984 0.047457378048841897 -0.13194135648012162 0.06928533271838104 0.13092630193992094 -0.15669195712078365 -0.20305607590824365 -0.025732729256247418 0.0078332221538068795 -0.0026442891159713395 -0.61681601422076882 0.0050311805909140075 0.020211093438812666 0.091904325425469627 0.05015464511631184 -0.060163842200448639 -0.029065086772787747 -0.28651746211525725 0.15181542268718584 -0.24238628790015354 -0.07097049138888166
leaf_weight=41 68 43 48 40 72 48 310 60 50 59 76 50 288 44 60 40 237 310 3881 44 57 3162 120 352 76 411 78 83 80 54
leaf_count=41 68 43 48 40 72 48 310 60 50 59 76 50 288 44 60 40 237 310 3881 44 57 3162 120 352 76 411 78 83 80 54
internal_value=2.93816e-11 0.000599654 -0.0869514 0.00137998 0.0303101 -0.0390861 -0.0685779 0.0943452 0.114384 -0.00140308 -0.0755116 -0.0237326 0.0939841 -5.82981e-05 -0.046881 -0.0263556 -0.051339 0.00197654 -0.00808185 -0.0594278 -0.265873 0.0116236 0.00976024 -0.0165919 -0.0426393 -0.0632854 -0.17481 -0.0359369 -0.0638221 0.064002
internal_weight=10342 10301 91 10210 896 430 358 466 406 9314 166 126 356 9148 381 321 277 8767 4292 411 101 4475 4416 1254 902 782 154 628 491 137
internal_count=10342 10301 91 10210 896 430 358 466 406 9314 166 126 356 9148 381 321 277 8767 4292 411 101 4475 4416 1254 902 782 154 628 491 137
is_linear=0
shrinkage=0.05


end of trees

feature_importances:
last=471
lag168=453
std24=322
weekday=288
lag24=259
doy_sin=205
std168=200
mean168=181
doy_cos=173
max24=170
temp_delta24=169
mean24=154
hour=152
min168=143
hour_cos=140
min24=134
interaction_temp_work=133
interaction_temp_sin=127
temp_mean168=119
temp_mean24=110
max168=91
temp_last=83
hour_sin=55
response_cool168=44
response_heat168=38
response_cool24=25
response_heat24=22
workhour=20
interaction_cool_work=19

parameters:
[boosting: gbdt]
[objective: regression]
[metric: l2]
[tree_learner: serial]
[device_type: cpu]
[data_sample_strategy: bagging]
[data: ]
[valid: ]
[num_iterations: 150]
[learning_rate: 0.05]
[num_leaves: 31]
[num_threads: 2]
[seed: 20261006]
[deterministic: 1]
[force_col_wise: 1]
[force_row_wise: 0]
[histogram_pool_size: -1]
[max_depth: -1]
[min_data_in_leaf: 40]
[min_sum_hessian_in_leaf: 0.001]
[bagging_fraction: 1]
[pos_bagging_fraction: 1]
[neg_bagging_fraction: 1]
[bagging_freq: 0]
[bagging_seed: 27463]
[bagging_by_query: 0]
[feature_fraction: 1]
[feature_fraction_bynode: 1]
[feature_fraction_seed: 885]
[extra_trees: 0]
[extra_seed: 17743]
[early_stopping_round: 0]
[early_stopping_min_delta: 0]
[first_metric_only: 0]
[max_delta_step: 0]
[lambda_l1: 0]
[lambda_l2: 0]
[linear_lambda: 0]
[min_gain_to_split: 0]
[drop_rate: 0.1]
[max_drop: 50]
[skip_drop: 0.5]
[xgboost_dart_mode: 0]
[uniform_drop: 0]
[drop_seed: 19011]
[top_rate: 0.2]
[other_rate: 0.1]
[min_data_per_group: 100]
[max_cat_threshold: 32]
[cat_l2: 10]
[cat_smooth: 10]
[max_cat_to_onehot: 4]
[top_k: 20]
[monotone_constraints: ]
[monotone_constraints_method: basic]
[monotone_penalty: 0]
[feature_contri: ]
[forcedsplits_filename: ]
[refit_decay_rate: 0.9]
[cegb_tradeoff: 1]
[cegb_penalty_split: 0]
[cegb_penalty_feature_lazy: ]
[cegb_penalty_feature_coupled: ]
[path_smooth: 0]
[interaction_constraints: ]
[verbosity: -1]
[saved_feature_importance_type: 0]
[use_quantized_grad: 0]
[num_grad_quant_bins: 4]
[quant_train_renew_leaf: 0]
[stochastic_rounding: 1]
[linear_tree: 0]
[max_bin: 255]
[max_bin_by_feature: ]
[min_data_in_bin: 3]
[bin_construct_sample_cnt: 200000]
[data_random_seed: 5366]
[is_enable_sparse: 1]
[enable_bundle: 1]
[use_missing: 1]
[zero_as_missing: 0]
[feature_pre_filter: 1]
[pre_partition: 0]
[two_round: 0]
[header: 0]
[label_column: ]
[weight_column: ]
[group_column: ]
[ignore_column: ]
[categorical_feature: ]
[forcedbins_filename: ]
[precise_float_parser: 0]
[parser_config_file: ]
[objective_seed: 8607]
[num_class: 1]
[is_unbalance: 0]
[scale_pos_weight: 1]
[sigmoid: 1]
[boost_from_average: 1]
[reg_sqrt: 0]
[alpha: 0.9]
[fair_c: 1]
[poisson_max_delta_step: 0.7]
[tweedie_variance_power: 1.5]
[lambdarank_truncation_level: 30]
[lambdarank_norm: 1]
[label_gain: ]
[lambdarank_position_bias_regularization: 0]
[eval_at: ]
[multi_error_top_k: 1]
[auc_mu_weights: ]
[num_machines: 1]
[local_listen_port: 12400]
[time_out: 120]
[machine_list_filename: ]
[machines: ]
[gpu_platform_id: -1]
[gpu_device_id: -1]
[gpu_device_id_list: ]
[gpu_use_dp: 0]
[num_gpu: 1]

end of parameters

pandas_categorical:[]
