date,hour,actual_kw,ai,no_response,no_interaction,no_weather,linear,weekly,daily
2017-03-14,0,19.0,20.28648488242225,20.194536936741507,20.194477824099906,20.135138020406313,23.120324259216694,20.0,19.0
2017-03-14,1,20.0,20.087711697105092,20.043760952169137,20.044165287800606,19.961761646680213,22.8534342893551,19.0,20.0
2017-03-14,2,19.0,20.060484600316368,20.02636871774691,20.044165287800606,19.961761646680213,22.70197027380915,19.0,19.0
2017-03-14,3,19.0,20.233157403163467,20.174230050097474,20.15274472253728,20.112568943067,22.622528800582394,20.0,20.0
2017-03-14,4,19.0,20.060484600316368,20.01338703120343,20.044165287800606,19.954625371082535,22.40121182707522,19.0,19.0
2017-03-14,5,19.0,20.33859266996854,20.246418089151298,20.2318685010291,20.18114464164012,22.3671144071614,20.0,20.0
2017-03-14,6,20.0,20.377205048971074,20.431855307615304,20.323018617335222,20.405466465434422,22.303248375942626,20.0,19.0
2017-03-14,7,19.0,20.4044321457598,20.449247542037533,20.323018617335222,20.405466465434422,22.253768633251912,20.0,20.0
2017-03-14,8,20.0,21.042359136494404,21.240803481843404,21.104269262508645,20.90288603525175,24.982677364214098,19.0,20.0
2017-03-14,9,21.0,21.691678181923958,21.819245094747753,21.656171277773584,21.816948778546116,25.196448435123838,21.0,22.0
2017-03-14,10,22.0,22.980768369713157,23.1683007695885,22.987674730264235,23.13312840462752,25.49352078984092,23.0,21.0
2017-03-14,11,23.0,23.593553607627523,23.78554454545304,23.569523765915147,23.812852037895418,25.597989011037765,23.0,23.0
2017-03-14,12,23.0,23.67410818367503,23.838749344314355,23.637843386171486,23.829397376847215,25.75755993583452,23.0,23.0
2017-03-14,13,23.0,24.011944569052094,24.065211086361682,23.955964691737567,24.182999349723325,26.12137482734915,25.0,23.0
2017-03-14,14,23.0,24.011944569052094,24.065211086361682,23.97515370296376,24.013484287674228,26.303862401536154,25.0,23.0
2017-03-14,15,23.0,24.011944569052094,24.065211086361682,23.97515370296376,23.840461809372563,26.57375676611478,26.0,23.0
2017-03-14,16,23.0,24.212229311696774,24.265495829006362,24.17543844560844,24.01770724339408,26.625228055521916,25.0,24.0
2017-03-14,17,23.0,23.565874358334227,23.728524014363764,23.56008556442943,23.318148298736865,26.596821064377952,23.0,22.0
2017-03-14,18,20.0,21.27325403054276,21.355294546732694,21.240366346302945,21.01039067750403,23.79892277721752,22.0,21.0
2017-03-14,19,20.0,21.18411228053233,21.278558654084787,21.15744663474079,20.87360354203228,23.879426078549283,22.0,19.0
2017-03-14,20,18.0,20.824690606996462,20.894396997515464,20.785232713990887,20.532074860447583,23.7937448741519,21.0,19.0
2017-03-14,21,21.0,20.607059735102112,20.69893409051911,20.536684648689654,20.30186527606644,23.635458814864933,20.0,21.0
2017-03-14,22,20.0,20.97202230213417,21.048663505469978,20.868656896181303,20.65270288733888,23.542652654843142,20.0,22.0
2017-03-14,23,20.0,20.607059735102112,20.69893409051911,20.517495637463462,20.290847450214226,23.441581385600504,20.0,21.0
2017-03-15,0,20.0,20.148715621535104,20.160340867904715,20.114776831530477,20.145700296418838,22.124936148005443,19.0,19.0
2017-03-15,1,19.0,20.09538814227632,20.140033981260682,20.073043729967853,20.123131219079525,21.95519202847426,19.0,20.0
2017-03-15,2,20.0,20.21360675154597,20.25311084476679,20.18162316470453,20.273938515466313,21.900627310672512,20.0,19.0
2017-03-15,3,20.0,20.068161045487596,20.122641746838454,20.073043729967853,20.123131219079525,21.650838226415758,19.0,19.0
2017-03-15,4,19.0,20.068161045487596,20.109660060294974,20.073043729967853,20.115994943481848,21.511457350095966,19.0,19.0
2017-03-15,5,20.0,20.319042018351045,20.325298883820615,20.26074694319635,20.342514214039433,21.49256968332517,20.0,19.0
2017-03-15,6,20.0,20.440508146307472,20.44418016784947,20.386750195918832,20.429101929495324,21.40155334844067,20.0,20.0
2017-03-15,7,21.0,20.413281049518748,20.426787933427242,20.386750195918832,20.429101929495324,21.379223909415686,20.0,19.0
2017-03-15,8,21.0,20.80534979607226,21.08843244727371,20.996605253552122,21.07732879569944,24.182116411142033,20.0,20.0
2017-03-15,9,22.0,21.435631969247574,21.75803050335343,21.681512806610154,21.744687597463386,24.40747935456322,22.0,21.0
2017-03-15,10,22.0,23.287562005840684,23.581186245237227,23.451599703427668,23.59674591861537,24.674030077569213,24.0,22.0
2017-03-15,11,25.0,23.40888776423859,23.780477171264977,23.633255344498757,23.83648750195632,24.69541230436528,23.0,23.0
2017-03-15,12,23.0,23.662075370672763,24.015504535570507,23.869113837948866,24.043526654751766,24.944893318229294,24.0,23.0
2017-03-15,13,24.0,22.940490326913014,23.35260395764097,23.18177223297343,23.265618553019948,24.93097845031701,22.0,23.0
2017-03-15,14,22.0,23.516826169030086,23.901621397684433,23.749978684243086,23.886619744099644,25.20362266615748,23.0,23.0
2017-03-15,15,24.0,23.74262994672027,24.069151697776135,23.917517557436856,24.077113557943292,25.470622005711864,24.0,23.0
2017-03-15,16,23.0,23.516826169030086,23.901621397684433,23.749978684243086,23.886619744099644,25.533685167630445,23.0,23.0
2017-03-15,17,23.0,23.516826169030086,23.901621397684433,23.749978684243086,23.886619744099644,25.663311059397707,23.0,23.0
2017-03-15,18,22.0,20.99028997270158,21.049292702993117,20.986854001300767,21.02010282408468,22.803369551995807,21.0,20.0
2017-03-15,19,20.0,20.953989912079383,21.049292702993117,20.92759601557979,20.995853406167353,22.856722549661846,21.0,20.0
2017-03-15,20,20.0,20.7832744323336,20.83644500579165,20.74408828861997,20.854983981077872,22.893592371449746,21.0,18.0
2017-03-15,21,21.0,21.96062102958368,22.010367404227797,21.86493652024939,22.00913604546378,23.004298348747835,23.0,21.0
2017-03-15,22,19.0,20.61767787500554,20.686514444524143,20.576754501432085,20.566518388775897,22.66142991134063,20.0,20.0
2017-03-15,23,18.0,20.472232168947166,20.533693232847746,20.426635073556398,20.32596062803199,22.4563886971011,19.0,20.0
2017-03-16,0,19.0,19.307786352177505,19.137221069830826,19.4111687059259,19.72688014553725,21.489956571320686,20.0,20.0
2017-03-16,1,19.0,19.054558973282898,18.951660616414,19.2608561696266,19.55350377181115,21.269436163934042,19.0,19.0
2017-03-16,2,18.0,19.227231776129997,19.099521948764565,19.369435604363275,19.70431106819794,21.20133916572542,20.0,20.0
2017-03-16,3,19.0,19.081786070071622,18.969052850836228,19.2608561696266,19.55350377181115,20.96365315382809,19.0,20.0
2017-03-16,4,19.0,19.054558973282898,18.93867892987052,19.2608561696266,19.546367496213474,20.847372594910574,19.0,19.0
2017-03-16,5,18.0,19.33266704293507,19.17170998781839,19.448559382855095,19.77288676677106,20.82050968589403,20.0,20.0
2017-03-16,6,20.0,19.426906074102774,19.273199037425016,19.57456263557758,19.85947448222695,20.74529790827351,20.0,20.0
2017-03-16,7,20.0,19.520187446514182,19.332542695650694,19.677722676953238,19.97201219978137,20.693350608641126,20.0,21.0
2017-03-16,8,20.0,20.256749638924813,20.181051560532193,20.40879580690326,20.40070548628497,23.286750284093102,19.0,21.0
2017-03-16,9,21.0,20.76724989727283,20.138670299928616,20.423847104826812,20.784250025013847,23.50282621345544,21.0,22.0
2017-03-16,10,20.0,21.310131053574047,20.84514488788652,21.095012302975398,21.436570632564766,23.584031228047767,21.0,22.0
2017-03-16,11,22.0,24.002005019646536,24.338978205258005,24.402434081962305,23.95468740218573,23.844276430973512,23.0,25.0
2017-03-16,12,21.0,23.603444705305073,23.954790711129064,24.09966280968906,23.67025509801085,24.012731006669007,23.0,23.0
2017-03-16,13,21.0,23.88428402399726,24.208722615979372,24.364900303785088,23.83056055649273,24.156933699654445,23.0,24.0
2017-03-16,14,21.0,23.575765456011776,23.882264502244734,24.057643031136553,23.512561386103474,24.349582226202948,23.0,22.0
2017-03-16,15,21.0,24.222120409374323,24.419236316887332,24.672995912315564,24.172611277881742,24.670379856409898,25.0,24.0
2017-03-16,16,21.0,23.909803059042765,24.175968173426394,24.35134344556037,23.894335815046023,24.737969307613053,24.0,23.0
2017-03-16,17,22.0,24.021835666729643,24.218951574242652,24.472711169670884,24.034874896739172,24.95528510798147,25.0,23.0
2017-03-16,18,19.0,22.402016112223457,22.61722065232106,22.887023026902398,22.438471164571283,22.28319380849229,24.0,22.0
2017-03-16,19,20.0,21.05492849351068,21.441195840169488,21.625683301136835,21.10194631549847,22.179108727368057,22.0,20.0
2017-03-16,20,18.0,20.695506819974813,21.057034183600166,21.21773133719738,20.76041763391377,22.100662033867952,21.0,20.0
2017-03-16,21,19.0,19.947347764589455,20.273211175667402,20.477714414753322,20.560202799611556,21.96769772281523,20.0,21.0
2017-03-16,22,19.0,19.826839295389323,20.196475283019495,20.374554373377663,20.447665082057135,21.931329570207378,20.0,19.0
2017-03-16,23,20.0,19.721963291434797,20.05212710461945,20.210991883543937,20.33583031775983,21.847723955290085,20.0,18.0
2017-03-17,0,19.0,20.252219915335342,20.33312225691117,20.347090603806105,20.365445458755026,21.8366660246909,19.0,19.0
2017-03-17,1,19.0,20.31711104534621,20.425892233773247,20.413936936980157,20.4936836778025,21.802879446939478,20.0,19.0
2017-03-17,2,19.0,20.066789335333308,20.151074957444866,20.141375089683862,20.20900823793248,21.58792490705372,19.0,18.0
2017-03-17,3,19.0,20.171665339287834,20.29542313584491,20.30535750224348,20.342876381415714,21.440749203215113,19.0,19.0
2017-03-17,4,19.0,20.31711104534621,20.412910547229767,20.413936936980157,20.48444453337616,21.41246709788451,20.0,19.0
2017-03-17,5,19.0,20.317670308196757,20.353732094427027,20.329078302912357,20.426288364063723,21.32491023220545,20.0,18.0
2017-03-17,6,20.0,20.717542651244862,20.787442426886805,20.78104723157915,20.865722907158208,21.31737596692729,21.0,20.0
2017-03-17,7,21.0,20.524239656557977,20.57961124085492,20.57319100221302,20.646744223002848,21.18393785160912,20.0,20.0
2017-03-17,8,20.0,21.372459482569617,21.64191920493958,21.325363534568613,21.144163792820176,23.695360053084716,19.0,20.0
2017-03-17,9,22.0,21.697255643990285,21.77652123930709,21.595658179335167,21.634869207749134,23.90315219521555,21.0,21.0
2017-03-17,10,21.0,22.499800062865294,22.705045439146406,22.48637897239392,22.4814225179638,24.08090284114682,22.0,20.0
2017-03-17,11,21.0,24.16118906104674,24.15413069211804,24.055777610872294,24.104207843151404,24.435917526081138,25.0,22.0
2017-03-17,12,22.0,24.1487905977116,24.15677596413672,23.900372452893276,24.031016232473792,24.577067604852235,25.0,21.0
2017-03-17,13,21.0,24.229345173759107,24.21042312634235,23.9421055544559,24.053585309813105,24.72159240760012,25.0,21.0
2017-03-17,14,21.0,24.11731256607223,24.16743972552609,23.820737830345386,24.013159492038376,24.78051456672926,24.0,21.0
2017-03-17,15,21.0,24.11731256607223,24.16743972552609,23.820737830345386,24.013159492038376,24.93108722252207,24.0,21.0
2017-03-17,16,20.0,24.11731256607223,24.16743972552609,23.820737830345386,24.013159492038376,25.070107552849137,24.0,21.0
2017-03-17,17,20.0,24.15709485815136,24.169874853848604,23.976142988324405,24.086351102715987,25.174874673825823,24.0,22.0
2017-03-17,18,19.0,22.46241643974145,22.456971593970856,22.307981696919573,22.570717986626253,22.698931869018864,24.0,19.0
2017-03-17,19,18.0,21.967647219143203,22.056775911593288,21.848530316618774,22.156160130308244,22.648710996893566,23.0,20.0
2017-03-17,20,18.0,21.195533820738966,21.287426230258248,21.23866458434229,21.276765546140094,22.603098316429783,22.0,18.0
2017-03-17,21,20.0,21.92158052690168,21.986154534347353,21.803253166294095,22.069572414852352,22.665473732006234,23.0,19.0
2017-03-17,22,18.0,20.901951622994357,20.99384403251364,20.964691320549765,21.05487578504943,22.425218675017177,21.0,19.0
2017-03-17,23,18.0,20.901951622994357,20.99384403251364,20.964691320549765,21.043857959197215,22.326558244446723,21.0,20.0
2017-03-18,0,19.0,18.70684949438032,18.790955028709284,18.854238980767875,19.383727954618394,20.140946205526333,20.0,19.0
2017-03-18,1,18.0,18.68439443740747,18.771111932904322,18.87060545134342,19.39449131808868,20.027496310302894,20.0,19.0
2017-03-18,2,19.0,18.538948731349095,18.640642834975985,18.762026016606743,19.243684021701892,19.811648266163694,19.0,19.0
2017-03-18,3,18.0,18.68439443740747,18.771111932904322,18.87060545134342,19.39449131808868,19.782908318363482,20.0,19.0
2017-03-18,4,19.0,18.538948731349095,18.627661148432505,18.762026016606743,19.23444487727555,19.576083369855823,19.0,19.0
2017-03-18,5,18.0,18.789829704212544,18.843299971958146,18.94972922983524,19.460964147833135,19.57359272653838,20.0,19.0
2017-03-18,6,19.0,18.746077342560863,18.783721682616097,18.921280081839605,19.369935617289677,19.394641141299815,19.0,20.0
2017-03-18,7,18.0,18.798627762215887,18.85934470609868,18.940765345591288,19.39569080272806,19.432620345942052,20.0,21.0
2017-03-18,8,19.0,18.30525878274723,18.32203461906532,18.436582549739146,18.877624377604192,19.34447569632986,19.0,20.0
2017-03-18,9,16.0,17.191134123637145,17.222985801949335,17.4104349946987,18.015254863682983,19.15582956010132,17.0,22.0
2017-03-18,10,17.0,17.112173571284004,17.22055067362682,17.370771035962814,17.91548675919369,19.32248572303645,18.0,21.0
2017-03-18,11,16.0,17.45370685527393,17.562083957616746,17.71230431995274,17.91548675919369,19.3180953367723,17.0,21.0
2017-03-18,12,16.0,17.46850854175834,17.569599486280453,17.77451607216747,18.041824191348134,19.511282126328567,18.0,22.0
2017-03-18,13,17.0,17.464988027264933,17.567050829430354,17.695937849377195,17.904723395723405,19.562227610494222,17.0,21.0
2017-03-18,14,16.0,17.464988027264933,17.567050829430354,17.695937849377195,17.904723395723405,19.795285909931053,18.0,21.0
2017-03-18,15,16.0,17.464988027264933,17.567050829430354,17.695937849377195,17.904723395723405,19.84123611302889,17.0,21.0
2017-03-18,16,17.0,17.44369358099685,17.507707171204675,17.670842287690753,17.907623982435087,19.985556650478767,17.0,20.0
2017-03-18,17,16.0,18.025537716493506,18.08955130670133,18.25268642318741,18.475144304450705,20.192313488491504,18.0,20.0
2017-03-18,18,17.0,17.99831061970478,18.08955130670133,18.25268642318741,18.475144304450705,20.294947359328862,18.0,19.0
2017-03-18,19,16.0,18.81537930159811,18.85685239562619,18.95569803708131,19.130814977450022,20.461234349381925,19.0,18.0
2017-03-18,20,17.0,18.91475831541496,18.96564043063758,19.041351303406124,19.300576146498386,20.580402557635168,20.0,18.0
2017-03-18,21,19.0,19.04686141615821,19.109988609037625,19.205333715965743,19.43444428998162,20.543949796389974,20.0,20.0
2017-03-18,22,19.0,18.769312609356586,18.812819218961184,18.91042088675663,19.071036211606692,20.435943798782738,19.0,18.0
2017-03-18,23,18.0,18.769312609356586,18.812819218961184,18.91042088675663,19.06001838575448,20.364016470645684,19.0,18.0
2017-03-19,0,19.0,18.45515653108891,18.488850651564093,18.65518706192823,18.880137579247837,19.411847436416533,20.0,19.0
2017-03-19,1,19.0,18.182379764103157,18.19419027943075,18.418600619159566,18.6062255028481,19.22281426110729,19.0,18.0
2017-03-19,2,18.0,18.432701474116058,18.46900755575913,18.671553532503776,18.890900942718122,19.184058692145104,20.0,19.0
2017-03-19,3,19.0,18.32782547016153,18.324659377359087,18.52718005389624,18.75703279923489,19.078910009791365,20.0,18.0
2017-03-19,4,19.0,18.287255768057683,18.325556771287314,18.5629740977671,18.730854501904993,18.86080848863228,19.0,19.0
2017-03-19,5,18.0,18.433260736966606,18.39684741641291,18.60630383238806,18.823505628979344,18.873725804235868,20.0,18.0
2017-03-19,6,19.0,18.467157282480727,18.481617305470905,18.72222816299996,18.86634524191912,18.695318126318192,19.0,19.0
2017-03-19,7,19.0,18.39353725191314,18.353548492327764,18.57224438645767,18.7263362733718,18.76038003032638,20.0,18.0
2017-03-19,8,18.0,18.17178442872547,18.150399339848466,18.34611006563618,18.524841298620423,18.73654208814857,20.0,19.0
2017-03-19,9,17.0,17.567822995044562,17.49225737017683,17.732506577132437,17.875932368565895,18.70795370764398,19.0,16.0
2017-03-19,10,17.0,16.707083060981258,16.714754459855907,17.002250076829196,17.339366963659533,18.563093422993884,17.0,17.0
2017-03-19,11,16.0,17.103861354628876,17.125069683745686,17.34378336081912,17.339366963659533,18.755722440348052,18.0,16.0
2017-03-19,12,16.0,17.131245183372865,17.13015008408688,17.34378336081912,17.339366963659533,18.77153520758047,17.0,16.0
2017-03-19,13,17.0,17.11514252661988,17.130036555559293,17.327416890243576,17.328603600189247,18.977778638187342,18.0,17.0
2017-03-19,14,16.0,17.11514252661988,17.130036555559293,17.327416890243576,17.328603600189247,19.033744462447153,17.0,16.0
2017-03-19,15,17.0,17.11514252661988,17.130036555559293,17.327416890243576,17.328603600189247,19.169916703441945,17.0,16.0
2017-03-19,16,16.0,17.11514252661988,17.130036555559293,17.327416890243576,17.328603600189247,19.377601873211812,18.0,17.0
2017-03-19,17,16.0,17.696986662116537,17.71188069105595,17.909261025740232,17.896123922204865,19.409521419592696,17.0,16.0
2017-03-19,18,16.0,17.696986662116537,17.81266612274646,18.01004668280424,17.896123922204865,19.483984776422318,17.0,17.0
2017-03-19,19,17.0,17.81117639478797,17.926855855417895,18.124236415475675,18.05307204365574,19.65081567379627,18.0,16.0
2017-03-19,20,17.0,18.572864655722867,18.680282213406358,18.83176355893308,18.567445836236136,19.7577652342837,19.0,17.0
2017-03-19,21,19.0,18.677740659677394,18.8246303918064,18.976137037540614,18.70131397971937,19.723849203730502,19.0,19.0
2017-03-19,22,18.0,18.82318636573577,18.9774516034828,19.10706745419011,18.930853914611063,19.77857847063597,20.0,19.0
2017-03-19,23,19.0,18.718310361781242,18.833103425082754,18.962693975582575,18.785967945275615,19.72431428496511,20.0,18.0
2017-03-20,0,18.0,19.93190603454073,19.871098492432175,20.037239745796093,19.602920936717126,18.955565008261868,19.0,19.0
2017-03-20,1,18.0,19.996797164551598,19.96386846929425,20.104086078970145,19.7311591557646,18.942365338362386,20.0,19.0
2017-03-20,2,19.0,19.746475454538697,19.68905119296587,19.851133165625935,19.47953492093272,18.74659474257993,19.0,18.0
2017-03-20,3,18.0,19.996797164551598,19.96386846929425,20.104086078970145,19.7311591557646,18.709420634707154,20.0,19.0
2017-03-20,4,19.0,19.851351458493223,19.820417684822434,19.99550664423347,19.573215583780136,18.506723248003425,19.0,19.0
2017-03-20,5,19.0,19.997356427402146,19.89170832994803,20.03883637885443,19.69891791589263,18.520640601850594,20.0,18.0
2017-03-20,6,20.0,20.051025756466,20.135274495227254,20.200633675447772,19.873249381745236,18.342574018354497,19.0,19.0
2017-03-20,7,20.0,20.196471462524375,20.26574359315559,20.309213110184448,20.024056678132023,18.39348152459769,20.0,19.0
2017-03-20,8,19.0,20.88747178754828,21.143442382809074,20.89677080955445,20.605840213539572,21.125788511705583,20.0,18.0
2017-03-20,9,21.0,21.59701537207861,21.84958757020603,21.702390115378837,21.29627483340834,21.348566602498718,22.0,17.0
2017-03-20,10,25.0,21.83298102129341,22.157603956464797,21.975097111828287,21.639372765196864,21.3089743794219,21.0,17.0
2017-03-20,11,28.0,23.302030648400095,23.68787235449447,23.345709728591384,22.99572880997657,21.592717060584352,23.0,16.0
2017-03-20,12,29.0,23.329414477144084,23.755369418708298,23.414029348847723,23.012274148928366,21.69946692816009,23.0,16.0
2017-03-20,13,30.0,23.409969053191592,23.809016580913926,23.47898210029907,23.03484322626768,21.809591519712612,23.0,17.0
2017-03-20,14,28.0,23.409969053191592,23.809016580913926,23.498171111525263,23.045861052119893,21.956671007780706,23.0,16.0
2017-03-20,15,26.0,23.409969053191592,23.809016580913926,23.498171111525263,23.045861052119893,22.076956733963097,23.0,17.0
2017-03-20,16,25.0,23.868438213167643,24.209212263291494,23.898364506105086,23.436169490520573,22.310677679307876,24.0,16.0
2017-03-20,17,24.0,22.68392234702888,23.11028827682482,22.799442807436158,22.286105388445776,22.234255914402922,22.0,16.0
2017-03-20,18,21.0,20.723849391410372,21.008795594407303,20.940964611865414,20.56077586308779,19.499145149613113,21.0,16.0
2017-03-20,19,20.0,20.244403966658492,20.544303408641127,20.439068943699525,19.945067972136727,19.35810662562529,19.0,17.0
2017-03-20,20,20.0,20.178564490867235,20.453723949816414,20.32469917750468,19.858480256680835,19.38634155800089,19.0,17.0
2017-03-20,21,20.0,20.726585858951445,21.023092139537116,20.87221286390412,20.476856446743135,19.541072297957296,21.0,19.0
2017-03-20,22,19.0,21.020168056696054,21.316674337281725,21.16579506164873,20.73179741287194,19.611688079675165,22.0,18.0
2017-03-20,23,19.0,20.726585858951445,21.023092139537116,20.85302385267793,20.46583862089092,19.438683623509174,21.0,19.0
2017-03-21,0,19.0,19.937590659469713,19.7555578548385,20.100895607816053,19.99029933850334,20.276341897059115,19.0,18.0
2017-03-21,1,19.0,19.90898169456013,19.775400099015815,20.071894023518258,20.03852488060889,20.263585709301566,20.0,18.0
2017-03-21,2,19.0,19.86841199245628,19.789279179487522,20.107688067389116,19.988534522667194,20.040601766399117,19.0,19.0
2017-03-21,3,18.0,19.763535988501754,19.64493100108748,19.963314588781582,19.887717584222102,19.93788116954958,19.0,18.0
2017-03-21,4,19.0,19.86841199245628,19.784050062279164,20.107688067389116,19.981398247069517,19.81517075362583,19.0,19.0
2017-03-21,5,19.0,19.973847259261355,19.869219787876467,20.28637776588542,20.057110221240315,19.721918012148112,19.0,19.0
2017-03-21,6,20.0,20.240759093276157,20.11857016983366,20.52096045334458,20.294505233082994,19.730965753581305,20.0,20.0
2017-03-21,7,20.0,20.095313387217782,19.988101071905323,20.412381018607903,20.143697936696206,19.594758934895207,19.0,20.0
2017-03-21,8,19.0,21.009408325465863,20.872449111703308,21.031249590973385,20.94273209928711,22.433125509836685,20.0,19.0
2017-03-21,9,21.0,21.361649001481474,21.279358155737924,21.502073261821288,21.386893726527184,22.520663416476154,21.0,21.0
2017-03-21,10,24.0,23.26257632123217,23.249949001890954,23.576418428291962,23.40190924290903,22.612519045388083,22.0,25.0
2017-03-21,11,23.0,24.26660915247297,24.12733396863116,24.4775753783644,24.28359086592292,22.747067283911157,23.0,28.0
2017-03-21,12,23.0,24.29399298121696,24.234363277773095,24.54589499862074,24.55772486773827,22.839560366001535,23.0,29.0
2017-03-21,13,23.0,24.76816241616013,24.842042876742074,24.74954652797036,24.696155883020367,22.949241475412123,23.0,30.0
2017-03-21,14,24.0,24.79594507434156,24.942510016100176,24.768735539196552,24.70717370887258,23.109721007256788,23.0,28.0
2017-03-21,15,25.0,24.79594507434156,24.942510016100176,24.768735539196552,24.70717370887258,23.27109176943422,23.0,26.0
2017-03-21,16,23.0,24.79594507434156,24.942510016100176,24.768735539196552,24.70717370887258,23.4110124406556,23.0,25.0
2017-03-21,17,23.0,24.528940399776978,24.702152062805645,24.499979141077073,24.543932446888473,23.535288740774366,23.0,24.0
2017-03-21,18,22.0,21.006457234114265,21.25567600871295,21.2051647291017,21.18136203064722,20.641800765233413,20.0,21.0
2017-03-21,19,20.0,20.929001880307652,21.175078829874874,21.042746702005065,21.012831103570537,20.715503172861727,20.0,20.0
2017-03-21,20,18.0,20.606176404674354,20.751569708765214,20.843706509328563,20.39707232950071,20.55685334355703,18.0,20.0
2017-03-21,21,19.0,21.248196179870487,21.30802564675046,21.157735866526206,21.173559730166396,20.83301096432368,21.0,20.0
2017-03-21,22,19.0,20.83593530772767,21.01843461268397,20.885526075383794,20.858176420835857,20.716925680679108,20.0,19.0
2017-03-21,23,20.0,20.83593530772767,21.01843461268397,20.8663370641576,20.847158594983643,20.651675757122227,20.0,19.0
2017-03-22,0,18.0,20.36209281590952,20.33664402663109,20.31122042245534,20.339831978523037,20.267315412708165,20.0,19.0
2017-03-22,1,19.0,20.136092533803637,20.168475807636494,20.16090788615604,20.166455604796937,20.06449227522086,19.0,19.0
2017-03-22,2,20.0,20.281538239862012,20.29894490556483,20.269487320892715,20.317262901183724,20.039571760105616,20.0,19.0
2017-03-22,3,19.0,20.176662235907486,20.154596727164787,20.12511384228518,20.216445962738632,19.934441755332678,20.0,18.0
2017-03-22,4,19.0,20.136092533803637,20.155494121093014,20.16090788615604,20.15931932919926,19.716354565985416,19.0,19.0
2017-03-22,5,19.0,20.386973506667086,20.371132944618655,20.348611099384534,20.385838599756845,19.715467587599125,20.0,19.0
2017-03-22,6,20.0,20.508439634623514,20.49001422864751,20.474614352107018,20.472426315212736,19.630590952303002,20.0,20.0
2017-03-22,7,20.0,20.7017426293104,20.697845414679396,20.68247058147315,20.691404999368096,19.681836480045053,21.0,20.0
2017-03-22,8,21.0,21.49761895828883,21.451724356549043,21.29232563910644,21.339631865572212,22.38872994172007,21.0,19.0
2017-03-22,9,21.0,21.97503781980043,21.930883461019107,21.84887527833282,21.788011983180798,22.478116652084214,22.0,21.0
2017-03-22,10,22.0,23.28294280573191,23.313545577662516,23.17845900784778,23.28093426285614,22.492667022564138,22.0,24.0
2017-03-22,11,23.0,24.28613000016851,24.163843829838612,24.089524413525705,24.21084478321053,22.872330228812455,25.0,23.0
2017-03-22,12,23.0,23.975677443535435,24.02082719314448,23.86893743647776,23.89635722662553,22.794591685180674,23.0,23.0
2017-03-22,13,24.0,24.282035797273128,24.24200465544181,24.10142906112288,24.10942011780849,23.014625077965604,24.0,23.0
2017-03-22,14,24.0,23.68018092011055,23.725741657951325,23.604346501756517,23.618444210342656,22.949414575336217,22.0,24.0
2017-03-22,15,23.0,24.70797994035858,24.646778227707,24.491708964878654,24.47327324790675,23.258810774804452,24.0,25.0
2017-03-22,16,23.0,24.056232019582943,24.07447435535011,23.9530791991553,23.929944129817056,23.3208655833951,23.0,23.0
2017-03-22,17,24.0,24.056232019582943,24.07447435535011,23.9530791991553,23.929944129817056,23.43249078677785,23.0,23.0
2017-03-22,18,21.0,21.810047598205696,21.797782034712313,21.83917068729042,21.78174350475776,20.73793590115324,22.0,22.0
2017-03-22,19,20.0,20.75144883911284,20.822927964146896,20.778988423815115,20.723794482554226,20.637999265696827,20.0,20.0
2017-03-22,20,19.0,20.55350626257833,20.57060809249991,20.520245179012736,20.536389828653242,20.692869775869234,20.0,18.0
2017-03-22,21,19.0,20.956081924604167,20.987155070544215,20.936828448762682,20.925226083823848,20.766309350170115,21.0,19.0
2017-03-22,22,19.0,20.512936560474483,20.562135059223557,20.533688240970775,20.380302839601615,20.54047338555988,19.0,19.0
2017-03-22,23,18.0,20.42862336347954,20.497772626784013,20.5827785357086,20.121374690553136,20.36507637400686,18.0,20.0
2017-03-23,0,19.0,19.194682867363632,19.16898303566489,19.212468140424114,20.061943325687512,19.54163132666712,19.0,18.0
2017-03-23,1,19.0,19.21900429527065,19.275632092998674,19.315108517469024,20.14019118679329,19.42230412432436,19.0,19.0
2017-03-23,2,19.0,19.173248812001546,19.231226284891676,19.38338782343304,20.026839350981025,19.20003794803802,18.0,20.0
2017-03-23,3,18.0,19.21900429527065,19.275632092998674,19.315108517469024,20.14019118679329,19.19146168105377,19.0,19.0
2017-03-23,4,19.0,19.21900429527065,19.262650406455194,19.315108517469024,20.133054911195615,19.083037518263474,19.0,19.0
2017-03-23,5,20.0,19.251456982017896,19.28602208952327,19.46251160192486,20.095415049554145,18.896554115753936,18.0,19.0
2017-03-23,6,20.0,19.591351396090527,19.59717051400969,19.628814983420003,20.44616189720909,18.99923123333562,20.0,20.0
2017-03-23,7,20.0,19.591351396090527,19.59717051400969,19.628814983420003,20.44616189720909,18.956450977898697,20.0,20.0
2017-03-23,8,20.0,20.430331582256965,20.426065222160975,20.291652567205553,21.138200197653898,21.68178552444332,20.0,21.0
2017-03-23,9,21.0,20.628212770606133,20.18125820698816,20.14612720517759,21.02009982872355,21.7964770879796,21.0,21.0
2017-03-23,10,22.0,21.484840742537642,21.542652850290164,21.454597412951898,22.218173866640136,21.74210032735768,20.0,22.0
2017-03-23,11,23.0,23.317193169422094,23.777504514959766,23.536578097231683,23.179639668264098,21.99708537565032,22.0,23.0
2017-03-23,12,23.0,23.050994800421474,23.504508395351404,23.311315519743413,22.967372789330486,22.009093532928244,21.0,23.0
2017-03-23,13,24.0,23.420379286132814,23.840695024817236,23.585085962212325,23.30455509423583,22.118004383881782,21.0,24.0
2017-03-23,14,24.0,23.448161944314243,23.838510169031547,23.604274973438518,23.315572920088044,22.250139542423494,21.0,24.0
2017-03-23,15,24.0,23.23934425329668,23.629692478013983,23.395457282420953,23.000959692522013,22.39708064109105,21.0,23.0
2017-03-23,16,23.0,23.23934425329668,23.629692478013983,23.395457282420953,23.000959692522013,22.522715059178974,21.0,23.0
2017-03-23,17,23.0,23.733211193685968,24.12355941840327,23.88932422281024,23.514875051524953,22.712595413642717,22.0,24.0
2017-03-23,18,21.0,20.267824488372703,20.606477819857343,20.574664097862073,20.630906013374034,19.81058617499627,19.0,21.0
2017-03-23,19,20.0,20.283688761397475,20.69995537330806,20.543176487414932,20.72365881279398,19.97791795877308,20.0,20.0
2017-03-23,20,18.0,19.933636188975452,20.35740780152295,20.36615561053461,20.28316150078191,19.833378741478814,18.0,19.0
2017-03-23,21,20.0,20.045176482759118,20.439162468384723,20.297876304570593,20.380167169841368,19.92295337263783,19.0,19.0
2017-03-23,22,20.0,20.045176482759118,20.439162468384723,20.297876304570593,20.380167169841368,19.887199115515124,19.0,19.0
2017-03-23,23,19.0,20.085746184862966,20.447635501661075,20.26524423138636,20.497872340435755,19.93000823161661,20.0,18.0
2017-03-24,0,20.0,20.121537408346587,20.146923886142986,20.215717539934406,20.15097787149212,19.72460009111733,19.0,19.0
2017-03-24,1,19.0,20.04098283229908,20.109224765076725,20.173984438371782,20.128408794152808,19.617265581219527,19.0,19.0
2017-03-24,2,19.0,20.04098283229908,20.109224765076725,20.173984438371782,20.128408794152808,19.500644138701002,19.0,19.0
2017-03-24,3,20.0,19.936106828344553,19.96487658667668,20.02961095976425,19.994540650669574,19.397083050715395,19.0,18.0
2017-03-24,4,19.0,20.04098283229908,20.096243078533245,20.173984438371782,20.119169649726466,19.273727703259777,19.0,19.0
2017-03-24,5,19.0,20.173645195892878,20.198805038552777,20.253108216863602,20.194881623897263,19.166256237529076,19.0,20.0
2017-03-24,6,20.0,20.393557149569222,20.410805104508963,20.44181793834132,20.432276635739942,19.188979000783434,20.0,20.0
2017-03-24,7,21.0,20.586860144256107,20.61863629054085,20.649674167707452,20.651255319895302,19.239966403017263,21.0,20.0
2017-03-24,8,22.0,21.189433478547652,21.18207628080084,21.002948611524307,21.080503501944058,21.854605034021112,20.0,20.0
2017-03-24,9,22.0,21.86015533474614,21.85167433688056,21.738221041575603,21.675342586615034,22.050129145234703,22.0,21.0
2017-03-24,10,25.0,22.533779297575396,22.536141685119222,22.44777628947123,22.423559839309586,21.997209235915303,21.0,22.0
2017-03-24,11,24.0,22.873789982781467,22.953366910078532,22.847363941676132,22.90221815975168,22.06683488408472,21.0,23.0
2017-03-24,12,25.0,23.194756009270066,23.252029508164334,23.14094613942074,23.183287874123884,22.26771959165878,22.0,23.0
2017-03-24,13,23.0,23.270558297236796,23.294633939885557,23.09791473425632,23.30503826577937,22.284923083811957,21.0,24.0
2017-03-24,14,24.0,23.298340955418226,23.292449084099868,23.09791473425632,23.316056091631584,22.41875478162811,21.0,24.0
2017-03-24,15,23.0,23.298340955418226,23.292449084099868,23.09791473425632,23.316056091631584,22.553339428254766,21.0,24.0
2017-03-24,16,23.0,22.819050703118076,22.81143259343804,22.616887252096344,22.646550501856066,22.600377061309175,20.0,23.0
2017-03-24,17,22.0,22.819050703118076,22.81143259343804,22.616887252096344,22.646550501856066,22.71124547899408,20.0,23.0
2017-03-24,18,21.0,20.638793850767467,20.601519840775588,20.589093516133783,20.52795569586012,20.014402543135734,19.0,21.0
2017-03-24,19,19.0,20.351605431708673,20.41638833902313,20.4788110832177,20.16561485314782,19.994438699542954,18.0,20.0
2017-03-24,20,19.0,20.219502330965422,20.22805972561993,20.334437604610166,20.004937760052023,20.05006599541321,18.0,18.0
2017-03-24,21,19.0,20.608591431550714,20.62437601698037,20.54146219390318,20.551153636699382,20.204424108262316,20.0,20.0
2017-03-24,22,19.0,20.351605431708673,20.3898001384422,20.4788110832177,20.138805903535257,19.980157060439414,18.0,20.0
2017-03-24,23,19.0,20.32437833491995,20.372407904019973,20.4788110832177,20.138805903535257,19.927741667567627,18.0,19.0
2017-03-25,0,19.0,19.481207958933997,19.562939834661815,19.55711904020689,19.556085347009315,18.824555865881077,19.0,20.0
2017-03-25,1,19.0,18.70839525796336,18.79223477077871,18.865958367325028,19.005054607143467,18.631531351294417,18.0,19.0
2017-03-25,2,19.0,19.43152580517242,19.525704504434625,19.573485510782433,19.5668487104796,18.602869749573994,19.0,19.0
2017-03-25,3,19.0,18.735622354752085,18.809627005200937,18.865958367325028,19.005054607143467,18.3733726245175,18.0,20.0
2017-03-25,4,19.0,19.43152580517242,19.512722817891145,19.573485510782433,19.55760956605326,18.367502909621848,19.0,19.0
2017-03-25,5,19.0,18.813830524768434,18.864422809832533,18.945082145816848,19.071527436887923,18.17801038302801,18.0,19.0
2017-03-25,6,19.0,19.63865441638419,19.686175586496965,19.732739576015295,19.693100306067386,18.186133174723416,19.0,20.0
2017-03-25,7,19.0,18.724435811303263,18.826641728942572,18.877738213804374,18.946475325939517,18.037038002431682,18.0,21.0
2017-03-25,8,18.0,19.14763010881335,19.241144995409677,19.24038843652496,19.1767854685233,18.10826862940904,19.0,22.0
2017-03-25,9,17.0,18.02479314569476,18.0803173917455,18.126933567583343,18.15618251194518,17.853635139297594,16.0,22.0
2017-03-25,10,17.0,17.981972052085897,17.893373969256952,18.045078232330034,18.213517696839634,17.964926023374225,17.0,25.0
2017-03-25,11,17.0,18.02479314569476,18.0803173917455,18.149481361062186,18.18275183961033,17.974218437432384,16.0,24.0
2017-03-25,12,17.0,18.009355880829887,17.898454369598145,18.045078232330034,18.239646445083032,18.07373721029763,16.0,25.0
2017-03-25,13,17.0,18.11608653633203,18.159006039801746,18.13311489048664,18.19811722438344,18.325411890212187,17.0,23.0
2017-03-25,14,18.0,18.14386919451346,18.156821184016056,18.13311489048664,18.19811722438344,18.357470443886815,16.0,24.0
2017-03-25,15,17.0,18.14386919451346,18.156821184016056,18.13311489048664,18.19811722438344,18.5106498545421,16.0,23.0
2017-03-25,16,17.0,18.14386919451346,18.156821184016056,18.13311489048664,18.19811722438344,18.734599067476474,17.0,23.0
2017-03-25,17,17.0,18.725713330010116,18.738665319512712,18.714959025983298,18.80043414361321,18.76805921331369,16.0,22.0
2017-03-25,18,17.0,18.745087444808416,18.75416763248719,18.714959025983298,18.85633375197428,18.96420261631358,17.0,21.0
2017-03-25,19,17.0,18.862881713650033,18.81880634529843,18.817156094412134,18.981385862922686,18.9572654078487,16.0,19.0
2017-03-25,20,18.0,18.862881713650033,18.81880634529843,18.817156094412134,18.981385862922686,19.076487672223216,17.0,19.0
2017-03-25,21,20.0,19.62456997458493,19.572232703286893,19.52468323786954,19.554197792111033,19.25480344793345,19.0,19.0
2017-03-25,22,19.0,19.62456997458493,19.572232703286893,19.52468323786954,19.554197792111033,19.212810878823014,19.0,19.0
2017-03-25,23,19.0,18.862881713650033,18.81880634529843,18.817156094412134,18.981385862922686,19.047486084008238,18.0,19.0
2017-03-26,0,19.0,19.453980862145272,19.581519205207336,19.579630309296135,19.61942525508433,18.211345991604436,19.0,19.0
2017-03-26,1,20.0,19.43152580517242,19.561676109402374,19.59599677987168,19.630188618554616,18.08781271294331,19.0,19.0
2017-03-26,2,19.0,18.70839525796336,18.828206375746458,18.888469636414275,18.998568759911468,17.862568451284123,18.0,19.0
2017-03-26,3,19.0,19.43152580517242,19.561676109402374,19.59599677987168,19.630188618554616,17.82575978857763,19.0,19.0
2017-03-26,4,20.0,19.43152580517242,19.548694422858894,19.59599677987168,19.620949474128274,17.706271467062905,19.0,19.0
2017-03-26,5,19.0,18.813830524768434,18.90039441480028,18.967593414906094,19.065041589655923,17.51283284361601,18.0,19.0
2017-03-26,6,19.0,19.611427319595464,19.704754957042486,19.75525084510454,19.7564402141424,17.533422998504836,19.0,19.0
2017-03-26,7,20.0,19.49723758692403,19.59056522437105,19.641061112433107,19.599492092691527,17.49301503940536,19.0,19.0
2017-03-26,8,19.0,18.29653551637672,18.321216804770742,18.35372926898199,18.438862206487205,17.408762430524956,18.0,18.0
2017-03-26,9,17.0,17.942895792708715,17.937892111427487,17.993078693822458,18.074628716302698,17.361275516731418,17.0,17.0
2017-03-26,10,17.0,17.942895792708715,17.937892111427487,18.0156264873013,18.101198043967848,17.428659121530572,17.0,17.0
2017-03-26,11,17.0,17.942895792708715,17.937892111427487,18.0156264873013,18.101198043967848,17.433664952786405,16.0,17.0
2017-03-26,12,18.0,17.970279621452704,17.94297251176868,18.0156264873013,18.127326792211246,17.557220459424947,16.0,17.0
2017-03-26,13,17.0,18.034189183345987,18.016580759483734,17.999260016725756,18.11656342874096,17.791491963082535,17.0,17.0
2017-03-26,14,16.0,18.061971841527416,18.014395903698045,17.999260016725756,18.11656342874096,17.83307723729826,16.0,18.0
2017-03-26,15,17.0,18.061971841527416,18.014395903698045,17.999260016725756,18.11656342874096,18.08796539804347,17.0,17.0
2017-03-26,16,17.0,18.061971841527416,18.014395903698045,17.999260016725756,18.11656342874096,18.131136005156986,16.0,17.0
2017-03-26,17,17.0,18.643815977024072,18.5962400391947,18.581104152222412,18.684083750756578,18.248256914202678,16.0,17.0
2017-03-26,18,17.0,18.643815977024072,18.5962400391947,18.581104152222412,18.684083750756578,18.338404984310316,16.0,17.0
2017-03-26,19,17.0,18.758005709695507,18.710429771866135,18.695293884893847,18.841031872207452,18.48955116840625,17.0,17.0
2017-03-26,20,18.0,18.758005709695507,18.710429771866135,18.695293884893847,18.841031872207452,18.49748606288545,17.0,18.0
2017-03-26,21,18.0,19.651797071373654,19.608204308254642,19.547194506958785,19.61753770018605,18.641897898332026,19.0,20.0
2017-03-26,22,19.0,18.862881713650033,18.85477795026618,18.83966736350138,18.974900015690686,18.512009882475084,18.0,19.0
2017-03-26,23,20.0,19.62456997458493,19.608204308254642,19.547194506958785,19.606519874333834,18.524214306516882,19.0,19.0
2017-03-27,0,19.0,19.81244765492986,19.883226221732926,20.031276897511425,19.461201980847726,19.564914250497758,18.0,19.0
2017-03-27,1,19.0,19.813769468465992,19.89578818111614,20.01951805340115,19.479176240580582,19.446567377100326,18.0,20.0
2017-03-27,2,19.0,19.843433372666016,19.927281767528438,19.921264489984786,19.756368982011693,19.439897268046277,19.0,19.0
2017-03-27,3,19.0,19.770450792608187,19.865483724999212,19.9895437959488,19.438632903508413,19.231236216714603,18.0,19.0
2017-03-27,4,19.0,19.88675204852382,19.944604537101885,19.951238747437134,19.789776043486185,19.203128656376126,19.0,20.0
2017-03-27,5,19.0,19.94886863947109,19.999469806582262,20.000388268476605,19.824944680584814,19.124364919757767,19.0,19.0
2017-03-27,6,19.0,20.18855337669717,20.231427954117226,20.234970955935765,20.062339692427493,19.147456433738153,20.0,19.0
2017-03-27,7,21.0,20.231872052554973,20.261732410234153,20.264945213388113,20.10288302949966,19.0907338122037,20.0,20.0
2017-03-27,8,20.0,21.036773202708808,21.3511556187272,21.138297721453434,20.594132869893347,21.776819014015338,19.0,19.0
2017-03-27,9,21.0,21.190639084552267,21.367190765643347,21.229689759431018,21.025335171941414,22.012063217840893,21.0,17.0
2017-03-27,10,23.0,23.534554738997134,23.614030942583316,23.533651740003567,23.33325518300164,22.4383551506629,25.0,17.0
2017-03-27,11,23.0,23.87909945824197,24.04711283482475,23.807077850978423,23.620632888344833,22.799767950850025,28.0,17.0
2017-03-27,12,23.0,23.90648328698596,24.114609899038577,23.875397471234763,23.63717822729663,22.984038415236864,29.0,18.0
2017-03-27,13,24.0,23.987037863033468,24.168257061244205,23.94035022268611,23.659747304635943,23.213123513630755,30.0,17.0
2017-03-27,14,23.0,23.987037863033468,24.168257061244205,23.959539233912302,23.670765130488157,23.171102514970443,28.0,16.0
2017-03-27,15,23.0,23.987037863033468,24.168257061244205,23.959539233912302,23.670765130488157,23.10257660915982,26.0,17.0
2017-03-27,16,23.0,23.987037863033468,24.168257061244205,23.959539233912302,23.670765130488157,23.1340811214525,25.0,17.0
2017-03-27,17,23.0,23.860520127340436,24.125273660427947,23.824122351856403,23.474452504816043,23.150340447013072,24.0,17.0
2017-03-27,18,22.0,20.715931305583165,20.97447995536894,20.86672245761673,20.59905887738326,20.179731824454315,21.0,17.0
2017-03-27,19,20.0,20.38193158688966,20.66280898127916,20.495757206100336,20.21289092132389,20.14632342824414,20.0,17.0
2017-03-27,20,19.0,20.316092111098403,20.572229522454446,20.38138743990549,20.126303205868,20.161591936509623,20.0,18.0
2017-03-27,21,20.0,20.316092111098403,20.572229522454446,20.38138743990549,20.098939213262973,20.158240534066213,20.0,18.0
2017-03-27,22,20.0,20.275522408994554,20.563756489178093,20.39483050186353,19.97021621681637,20.01592946229491,19.0,19.0
2017-03-27,23,19.0,20.31884108485236,20.59406094529502,20.405615748089687,19.999741728036327,19.938497523158496,19.0,20.0
2017-03-28,0,19.0,20.13679845867798,19.891208334236016,20.151042315836687,20.090002518730007,19.46433692530254,19.0,19.0
2017-03-28,1,20.0,20.056243882630472,19.853509213169755,20.109309214274063,20.067433441390694,19.365685328920517,19.0,19.0
2017-03-28,2,19.0,20.056243882630472,19.853509213169755,20.109309214274063,20.067433441390694,19.257155073710866,19.0,19.0
2017-03-28,3,20.0,19.983261302572643,19.79171117064053,20.17758852023808,19.81952311819443,19.053200772741192,18.0,19.0
2017-03-28,4,19.0,20.056243882630472,19.840527526626275,20.109309214274063,20.060297165793017,19.042518132324577,19.0,19.0
2017-03-28,5,21.0,20.161679149435546,19.92569725222358,20.188432992765883,20.136009139963814,18.95221144945634,19.0,19.0
2017-03-28,6,20.0,20.401363886661624,20.28585343495943,20.423015680225042,20.511138260144904,18.976077339961382,20.0,19.0
2017-03-28,7,21.0,20.521872355861756,20.36258932760734,20.5261757216007,20.623675977699325,18.904767038558845,20.0,21.0
2017-03-28,8,21.0,21.27681080946199,21.221820506055167,21.204266325398464,21.008557829962232,21.680975699790146,19.0,20.0
2017-03-28,9,22.0,21.601606970882656,21.450532704008648,21.503694408706234,21.57178296198416,21.871168377006992,21.0,21.0
2017-03-28,10,23.0,23.7134063371086,23.643040015887152,23.64313190655836,23.821639941106355,22.17159898308132,24.0,23.0
2017-03-28,11,23.0,23.77690226900556,23.766561569664802,23.749019144339446,23.9185238326059,22.15341877758645,23.0,23.0
2017-03-28,12,22.0,23.80428609774955,23.83405863387863,23.817338764595785,23.935069171557696,22.25209260194589,23.0,23.0
2017-03-28,13,25.0,24.085125416441738,24.08799053872894,24.082576258691812,24.134883682918527,22.35414115028212,23.0,24.0
2017-03-28,14,24.0,24.110644451487243,24.05523609617596,24.069019400467095,24.15914988859287,22.587222933831654,24.0,23.0
2017-03-28,15,24.0,24.22267705917412,24.09821949699222,24.190387124577608,24.29968897028602,22.808387490098955,25.0,23.0
2017-03-28,16,22.0,23.884840673797058,23.88770579608426,23.901480527273325,23.968656074749223,22.74275241611436,23.0,23.0
2017-03-28,17,23.0,23.884840673797058,23.88770579608426,23.901480527273325,23.968656074749223,22.85026935428023,23.0,23.0
2017-03-28,18,22.0,21.63865625241981,21.611013475446462,21.787572015408443,21.820455449689927,19.987361781424703,22.0,22.0
2017-03-28,19,20.0,20.580057493326954,20.636159404881045,20.72738975193314,20.762506427486393,19.888826398727197,20.0,20.0
2017-03-28,20,19.0,20.230004920904932,20.293611833095934,20.550368875052815,20.18745062809033,19.746935931375397,18.0,19.0
2017-03-28,21,20.0,20.368772311477322,20.392758734379935,20.4820895690888,20.419014784533783,19.82691081186584,19.0,20.0
2017-03-28,22,19.0,20.368772311477322,20.392758734379935,20.4820895690888,20.419014784533783,19.796647763498797,19.0,20.0
2017-03-28,23,20.0,20.486990920746972,20.528187711634104,20.5938309745121,20.637536893573262,19.845851527634718,20.0,19.0
2017-03-29,0,19.0,19.881853692958366,19.892616798461837,20.088387425232934,19.700339821812282,19.573803761606417,18.0,19.0
2017-03-29,1,19.0,19.940066507483248,19.954064578679578,19.978375017706295,19.99550682297625,19.55526363139101,19.0,20.0
2017-03-29,2,20.0,20.0582851167529,20.067141442185687,20.08695445244297,20.146314119363037,19.554444407783432,20.0,19.0
2017-03-29,3,19.0,19.940066507483248,19.954064578679578,19.978375017706295,19.99550682297625,19.336994322343962,19.0,20.0
2017-03-29,4,19.0,19.912839410694524,19.92369065771387,19.978375017706295,19.988370547378572,19.246840656372864,19.0,19.0
2017-03-29,5,20.0,20.13878314669973,20.08559627595908,20.160658837573774,20.17662023910379,19.129060525828056,19.0,21.0
2017-03-29,6,19.0,20.2851865115144,20.258210765268366,20.292081483657274,20.30147753339205,19.16679195936271,20.0,20.0
2017-03-29,7,21.0,20.378467883925808,20.317554423494045,20.395241525032933,20.41401525094647,19.109242721617406,20.0,21.0
2017-03-29,8,21.0,21.367647207591123,21.345114174674936,21.212952812032356,21.246424204091795,22.065446342443355,21.0,21.0
2017-03-29,9,21.0,21.823165065978767,21.755227214846222,21.704732459630115,21.886471752812337,22.068339439461603,21.0,22.0
2017-03-29,10,23.0,22.859404939978116,23.067426774219797,22.795641396753357,22.985013941590964,22.195209890608062,22.0,23.0
2017-03-29,11,24.0,23.890019635082787,23.907496068132613,23.618084947771678,23.88237501216164,22.363715865951043,23.0,23.0
2017-03-29,12,24.0,23.809169638485972,23.848819761256483,23.691177223365738,23.707639736014535,22.475806193842704,23.0,22.0
2017-03-29,13,24.0,24.64970596064992,24.60094416690896,24.420921281770486,24.452469938302023,22.643359305379715,24.0,25.0
2017-03-29,14,24.0,24.42404656020915,24.39645533728845,24.269304143111775,24.30024650217013,22.7825433606706,24.0,24.0
2017-03-29,15,23.0,24.198242782518964,24.22892503719675,24.101765269918005,24.10975268832648,22.816334458666606,23.0,24.0
2017-03-29,16,23.0,23.88972421453348,23.90246692346211,23.775318986043278,23.74122663920606,22.9651382899656,23.0,22.0
2017-03-29,17,24.0,24.22376181756447,24.19617059464377,24.069019400467095,24.12300106814861,23.1522167354766,24.0,23.0
2017-03-29,18,21.0,21.458191420752428,21.458365776169664,21.493989817663834,21.52936566311686,20.09529550098654,21.0,22.0
2017-03-29,19,21.0,20.69317485940418,20.777093903348856,20.72738975193314,20.726357607042132,20.09034032767406,20.0,20.0
2017-03-29,20,20.0,20.454662580765824,20.516300998425518,20.4820895690888,20.410229956694547,20.04213098903137,19.0,19.0
2017-03-29,21,20.0,20.48188967755455,20.533693232847746,20.4820895690888,20.382865964089522,20.028821540623905,19.0,20.0
2017-03-29,22,18.0,20.454662580765824,20.516300998425518,20.4820895690888,20.382865964089522,20.01268931447391,19.0,19.0
2017-03-29,23,19.0,20.370349383770883,20.451938565985973,20.531179863826623,20.054112059734027,19.847580291085134,18.0,20.0
2017-03-30,0,19.0,19.815938525404377,19.488549115056504,19.923626199794814,19.886503559114296,19.344862258443783,19.0,19.0
2017-03-30,1,19.0,19.632995465040043,19.23342868182449,19.88189309823219,19.66864971586826,19.230828834086218,19.0,19.0
2017-03-30,2,19.0,19.660222561828768,19.250820916246717,19.88189309823219,19.66864971586826,19.094151693714466,19.0,20.0
2017-03-30,3,19.0,19.560012884982214,19.292724270732343,19.950172404196206,19.427033988141027,18.89170217033997,18.0,19.0
2017-03-30,4,19.0,19.632995465040043,19.22044699528101,19.88189309823219,19.661513440270582,18.871574865934498,19.0,19.0
2017-03-30,5,19.0,20.013492019009043,19.54980573395755,20.069596311460685,20.08331747673489,18.855045685434987,20.0,20.0
2017-03-30,6,19.0,20.08050395338802,19.63390254914195,20.19559956418317,20.169905192190782,18.79717185351418,20.0,19.0
2017-03-30,7,20.0,20.148886343361163,19.683453569002143,20.285656708114985,20.282442909745203,18.72788660818208,20.0,21.0
2017-03-30,8,19.0,20.842374188022767,20.406854453422476,20.895511765748275,20.700588412828445,21.45083477576738,20.0,21.0
2017-03-30,9,21.0,21.126232474065237,20.67506926467478,21.263175395220518,21.208777034431908,21.57075745061767,21.0,21.0
2017-03-30,10,22.0,22.381406611917544,22.335589822775383,22.68605657983541,22.658156834482973,21.69644064304257,22.0,23.0
2017-03-30,11,22.0,23.612306049666895,23.536589198649956,23.70878487349841,23.732763339075166,21.86583665542063,23.0,24.0
2017-03-30,12,23.0,23.639689878410884,23.557175276786204,23.908038690322517,23.749308678026964,21.979892307755613,23.0,24.0
2017-03-30,13,23.0,24.048436716465403,23.99577405124929,24.140530314967634,24.15765633511665,22.204663957109638,24.0,24.0
2017-03-30,14,23.0,24.048436716465403,23.99577405124929,24.25620124566793,24.168674160968862,22.3447380494356,24.0,24.0
2017-03-30,15,23.0,23.848151973820723,23.79548930860461,24.05591650302325,23.991428726947344,22.49849646509573,24.0,23.0
2017-03-30,16,23.0,23.622348196130538,23.627959008512907,23.88837762982948,23.800934913103696,22.535834024798827,23.0,23.0
2017-03-30,17,23.0,23.822632938775218,23.828243751157586,24.08866237247416,23.978180347125214,22.635474823607957,23.0,24.0
2017-03-30,18,21.0,20.772104618543004,20.709363491403472,21.148914672728342,21.046955710643154,19.84760326779898,21.0,21.0
2017-03-30,19,20.0,20.465331996638223,20.43716469175921,20.817446895864954,20.707322983395287,19.812944192043023,20.0,21.0
2017-03-30,20,19.0,20.10135122782051,20.079850568958364,20.550368875052815,20.026024061913834,19.665116560704544,18.0,20.0
2017-03-30,21,20.0,20.35833722766255,20.314426447496533,20.613019985738294,20.48083355777995,19.842988050248383,20.0,20.0
2017-03-30,22,20.0,20.226234126919298,20.15268603467426,20.46864650713076,20.380016619334857,19.828043082819942,20.0,18.0
2017-03-30,23,19.0,20.18566442481545,20.144213001397908,20.366418638388502,20.24027579703604,19.64823071905267,19.0,19.0
2017-03-31,0,20.0,19.9024776917976,19.59271606754996,19.995204600333405,19.702634088293365,19.922865290042942,20.0,19.0
2017-03-31,1,20.0,19.57408892537489,19.20712653638961,19.844892064034106,19.49617776113217,19.702466255035787,19.0,19.0
2017-03-31,2,19.0,19.57408892537489,19.20712653638961,19.844892064034106,19.49617776113217,19.56763964107229,19.0,19.0
2017-03-31,3,19.0,19.719534631433266,19.337595634317946,19.95347149877078,19.48478024504733,19.528160084311175,20.0,19.0
2017-03-31,4,19.0,19.57408892537489,19.19414484984613,19.844892064034106,19.486938616705828,19.313094344007467,19.0,19.0
2017-03-31,5,19.0,19.78191267649679,19.375642256172107,19.924015842525925,19.75793535678335,19.211895352702356,19.0,19.0
2017-03-31,6,20.0,20.001824630173136,19.587642322128293,20.112725564003643,19.8331255561544,19.232046079642664,20.0,19.0
2017-03-31,7,20.0,20.222354721648745,19.812865742582407,20.320581793369776,20.05210424030976,19.271792214847117,21.0,20.0
2017-03-31,8,19.0,21.20942476405496,20.76399920146799,21.175294664297372,20.759987306735958,22.058095754803617,22.0,19.0
2017-03-31,9,22.0,21.34113534859496,20.949576108193444,21.409128667237926,21.054418647431362,22.064746349768793,22.0,21.0
2017-03-31,10,24.0,23.38143514150971,22.937620894587607,23.50063940924636,23.39556617728628,22.401571454375656,25.0,22.0
2017-03-31,11,22.0,23.501179393688098,23.34633468695778,23.652697796110704,23.542404800936325,22.40968760763463,24.0,22.0
2017-03-31,12,23.0,23.69842565661991,23.47016786036533,23.84983392351122,23.82580157447088,22.61629556727578,25.0,23.0
2017-03-31,13,23.0,23.54353233160718,23.530722633828752,23.60266042776956,23.55041770970849,22.573320948484064,23.0,23.0
2017-03-31,14,23.0,23.769336109297367,23.698252933920454,23.77019930096333,23.73360127397467,22.81888578744402,24.0,23.0
2017-03-31,15,25.0,23.54353233160718,23.530722633828752,23.60266042776956,23.20788016935773,22.875575599502763,23.0,23.0
2017-03-31,16,26.0,23.54353233160718,23.530722633828752,23.60266042776956,23.20788016935773,23.014323625405265,23.0,23.0
2017-03-31,17,24.0,22.96719648949011,22.981705193785288,23.053642987726096,22.597896804130247,23.03920490230917,22.0,23.0
2017-03-31,18,23.0,20.438743044833657,20.430971354435012,20.663141349588013,20.26755565235903,20.381679165471148,21.0,21.0
2017-03-31,19,22.0,19.945369423686085,19.946607684888676,20.126716553240687,19.765082942011887,20.265615315865485,19.0,20.0
2017-03-31,20,19.0,19.872075634655836,19.858594073220512,20.081439402916008,19.678495226555995,20.299888479474482,19.0,19.0
2017-03-31,21,21.0,19.89930273144456,19.87598630764274,20.081439402916008,19.678495226555995,20.269008229776666,19.0,20.0
2017-03-31,22,24.0,19.89930273144456,19.87598630764274,20.081439402916008,19.678495226555995,20.21616398622051,19.0,20.0
2017-03-31,23,21.0,19.872075634655836,19.858594073220512,20.081439402916008,19.66747740070378,20.145543421903753,19.0,19.0
2017-04-01,0,18.0,19.503650439465787,19.393202143824595,19.560738220523028,19.594914656429193,19.170152815571637,19.0,20.0
2017-04-01,1,19.0,19.37880689817611,19.15593773585388,19.577104691098572,19.410393253992755,19.055932661891152,19.0,20.0
2017-04-01,2,19.0,19.351579801387384,19.13854550143165,19.577104691098572,19.410393253992755,18.946708124178098,19.0,19.0
2017-04-01,3,19.0,19.351579801387384,19.13854550143165,19.577104691098572,19.410393253992755,18.8238238465126,19.0,19.0
2017-04-01,4,19.0,19.351579801387384,19.12556381488817,19.577104691098572,19.401154109566413,18.71005391791374,19.0,19.0
2017-04-01,5,18.0,19.559403552509284,19.30706122121415,19.656228469590392,19.672150849643934,18.61373799623045,19.0,19.0
2017-04-01,6,19.0,19.66109689691598,19.395344264222665,19.736358756331434,19.731929615487264,18.528212974241065,19.0,20.0
2017-04-01,7,19.0,19.546907164244544,19.28115453155123,19.62216902366,19.57498149403639,18.486578918977546,19.0,20.0
2017-04-01,8,19.0,18.321465516546212,18.163528006637144,18.479210658816417,18.2921309898741,18.398731578032365,18.0,19.0
2017-04-01,9,17.0,17.996973221136713,17.854383618841872,18.143655645343326,17.86909730461684,18.29027305794927,17.0,22.0
2017-04-01,10,16.0,17.996973221136713,17.854383618841872,18.16620343882217,17.89566663228199,18.32257770132175,17.0,24.0
2017-04-01,11,18.0,17.996973221136713,17.854383618841872,18.16620343882217,17.89566663228199,18.44005965805939,17.0,22.0
2017-04-01,12,17.0,18.024357049880702,17.859464019183065,18.16620343882217,17.89566663228199,18.54048873637387,17.0,23.0
2017-04-01,13,17.0,18.110642877444544,17.955678171384154,18.149836968246625,18.08018803471843,18.671919145351982,17.0,23.0
2017-04-01,14,18.0,18.110642877444544,17.955678171384154,18.149836968246625,18.08018803471843,18.90569521140492,18.0,23.0
2017-04-01,15,18.0,18.394801539763005,18.22148112152016,18.38191789746346,18.243429296702537,18.924635167982366,17.0,25.0
2017-04-01,16,18.0,18.394801539763005,18.22148112152016,18.38191789746346,18.243429296702537,19.04180204853543,17.0,26.0
2017-04-01,17,17.0,18.6924870129412,18.53752230688081,18.73168110374328,18.682504953948197,19.18295483220319,17.0,24.0
2017-04-01,18,18.0,18.6924870129412,18.53752230688081,18.73168110374328,18.682504953948197,19.285690109490208,17.0,23.0
2017-04-01,19,18.0,18.857927076202714,18.651712039552244,18.897966939779046,18.887727032299836,19.358347723394775,17.0,22.0
2017-04-01,20,18.0,18.777529317354126,18.57753173400426,18.820775274728273,18.863456673257673,19.518658533011276,18.0,19.0
2017-04-01,21,19.0,19.784435157994285,19.560515196317027,19.736424499885945,19.71440344311081,19.66878876137372,20.0,21.0
2017-04-01,22,19.0,19.61961533713761,19.405138397540707,19.60549408323645,19.591168712329676,19.491099886882918,19.0,24.0
2017-04-01,23,20.0,19.63898945193591,19.40769398464063,19.60549408323645,19.636050494838532,19.45989470216002,19.0,21.0
2017-04-02,0,19.0,19.069455836403026,19.156861167743827,19.126252784706455,19.166064767116897,17.96930968712234,19.0,18.0
2017-04-02,1,19.0,19.19493400512625,19.19441403610149,19.39557216862621,19.10401399207885,17.93356711803292,20.0,19.0
2017-04-02,2,19.0,19.049488299067875,19.063944938173154,19.286992733889534,19.115411508163692,17.715848530591128,19.0,19.0
2017-04-02,3,20.0,19.049488299067875,19.063944938173154,19.286992733889534,19.115411508163692,17.591974341143146,19.0,19.0
2017-04-02,4,20.0,19.19493400512625,19.181432349558012,19.39557216862621,19.09477484765251,17.570972796216704,20.0,19.0
2017-04-02,5,19.0,19.15243604623525,19.08811247955561,19.22174303377382,19.243300960331638,17.394464712440076,19.0,18.0
2017-04-02,6,19.0,19.331778297807745,19.30335146654194,19.446246799122395,19.4369478696582,17.30877682554669,19.0,19.0
2017-04-02,7,19.0,19.363034271194685,19.319630831798843,19.440636501187637,19.268602232122486,17.360833604886004,20.0,19.0
2017-04-02,8,19.0,18.788571253677286,18.74533672226249,18.941902995389462,18.749351864065993,17.259650456335326,19.0,19.0
2017-04-02,9,19.0,17.56085828660417,17.56125457163535,17.684074647840312,17.499047610377296,17.127490069296933,17.0,17.0
2017-04-02,10,19.0,17.56085828660417,17.56125457163535,17.706622441319155,17.525616938042447,17.202224534482166,17.0,16.0
2017-04-02,11,19.0,17.616103296261862,17.630036511535202,17.706622441319155,17.525616938042447,17.26560605453259,17.0,18.0
2017-04-02,12,18.0,17.64348712500585,17.635116911876395,17.706622441319155,17.525616938042447,17.488426790997096,18.0,17.0
2017-04-02,13,17.0,17.729772952569693,17.731331064077484,17.69025597074361,17.710138340478885,17.527566312040722,17.0,17.0
2017-04-02,14,17.0,17.729772952569693,17.731331064077484,17.69025597074361,17.710138340478885,17.561625912039048,16.0,18.0
2017-04-02,15,17.0,17.729772952569693,17.731331064077484,17.69025597074361,17.710138340478885,17.79623832648349,17.0,18.0
2017-04-02,16,17.0,17.729772952569693,17.731331064077484,17.69025597074361,17.710138340478885,17.9279780964064,17.0,18.0
2017-04-02,17,17.0,18.31161708806635,18.31317519957414,18.272100106240266,18.277658662494503,18.055795072468662,17.0,17.0
2017-04-02,18,17.0,18.31161708806635,18.41396063126465,18.372885763304275,18.277658662494503,18.13106660797283,17.0,18.0
2017-04-02,19,18.0,18.425806820737783,18.528150363936085,18.48707549597571,18.434606783945377,18.18974805362998,17.0,18.0
2017-04-02,20,18.0,18.425806820737783,18.528150363936085,18.48707549597571,18.434606783945377,18.308141457478285,18.0,18.0
2017-04-02,21,20.0,18.53068282469231,18.67249854233613,18.631448974583243,18.56847492742861,18.284269463760058,18.0,19.0
2017-04-02,22,19.0,19.292371085627206,19.425924900324592,19.338976118040648,19.27191660745845,18.334086526914714,19.0,19.0
2017-04-02,23,20.0,19.481135467543385,19.609050568117915,19.49988079214249,19.36877724109847,18.34000332183048,20.0,20.0
2017-04-03,0,19.0,20.04142014185272,19.796497990574224,19.988621307214927,20.031757802127867,19.89734791229987,19.0,19.0
2017-04-03,1,19.0,19.858477081488385,19.54137755734221,19.946888205652304,19.81390395888183,19.772764281197322,19.0,19.0
2017-04-03,2,19.0,19.858477081488385,19.54137755734221,19.946888205652304,19.81390395888183,19.640069216578635,19.0,19.0
2017-04-03,3,20.0,19.88570417827711,19.54137755734221,19.946888205652304,19.81390395888183,19.495078789693814,19.0,20.0
2017-04-03,4,19.0,19.88570417827711,19.52839587079873,19.946888205652304,19.806767683284153,19.374945536647225,19.0,20.0
2017-04-03,5,19.0,20.066300832610285,19.709893277124706,20.026011984144123,20.077764423361675,19.288442765333023,19.0,19.0
2017-04-03,6,20.0,20.160539863777988,19.939580361932222,20.152015236866607,20.302086247155977,19.215366669000755,19.0,19.0
2017-04-03,7,21.0,20.526515661311972,20.277880645892445,20.468450900969415,20.671872227698124,19.36215293082121,21.0,19.0
2017-04-03,8,20.0,20.999473414497967,20.9230519174903,20.870449729236572,20.905835643840156,21.813702396163393,20.0,19.0
2017-04-03,9,21.0,21.31055879732916,21.191266728742605,21.238113358708816,21.41402426544362,21.94010304995597,21.0,19.0
2017-04-03,10,22.0,22.96461155215042,23.076021221115326,22.901589058691115,23.08104150279746,22.195383085288864,23.0,19.0
2017-04-03,11,23.0,23.41889040513802,23.527718414301756,23.175015169665972,23.368419208140654,22.294895658901865,23.0,19.0
2017-04-03,12,25.0,23.446274233882008,23.595215478515584,23.37426898649008,23.38496454709245,22.433314821325254,23.0,18.0
2017-04-03,13,27.0,24.087686454222393,24.266479635264535,23.83941513252125,23.993126828739168,22.682449980767693,24.0,17.0
2017-04-03,14,26.0,23.62921729424634,23.866283952886967,23.554892668641724,23.613836216190702,22.738827330985167,23.0,17.0
2017-04-03,15,25.0,23.62921729424634,23.866283952886967,23.554892668641724,23.613836216190702,22.887214709824192,23.0,17.0
2017-04-03,16,22.0,23.62921729424634,23.866283952886967,23.554892668641724,23.613836216190702,23.02455821816841,23.0,17.0
2017-04-03,17,23.0,23.62921729424634,23.866283952886967,23.554892668641724,23.613836216190702,23.142084548123663,23.0,17.0
2017-04-03,18,23.0,21.341555834164257,21.43645256608408,21.41743483396125,21.47234731056952,20.589632973398274,22.0,17.0
2017-04-03,19,21.0,20.609097913771617,20.726323390295164,20.648011380745718,20.776956678747755,20.44624366353202,20.0,18.0
2017-04-03,20,21.0,20.397812731921984,20.482922719794054,20.40271119790138,20.46082902840017,20.37405847074625,19.0,18.0
2017-04-03,21,22.0,20.67536153872361,20.780092109870495,20.678015093158407,20.76382190913193,20.424297404962125,20.0,20.0
2017-04-03,22,20.0,20.648134441934886,20.780092109870495,20.678015093158407,20.76382190913193,20.387096867667946,20.0,19.0
2017-04-03,23,19.0,20.529915832665235,20.627270898194098,20.431413745808616,20.523264148388023,20.197453276310316,19.0,20.0
2017-04-04,0,20.0,19.98038384739213,19.985724627337255,20.074970080325915,20.034136587874453,20.21105369564239,19.0,19.0
2017-04-04,1,19.0,20.045274977402997,20.07849460419933,20.141816413499967,20.162374806921928,20.185179772949706,20.0,19.0
2017-04-04,2,19.0,19.899829271344622,19.948025506270994,20.03323697876329,20.01156751053514,19.963785350413293,19.0,19.0
2017-04-04,3,20.0,20.07250207419172,20.09588683862156,20.141816413499967,20.162374806921928,19.916469316165255,20.0,20.0
2017-04-04,4,19.0,19.899829271344622,19.935043819727515,20.03323697876329,20.004431234937464,19.71980305898712,19.0,19.0
2017-04-04,5,19.0,20.37124033568368,20.35851382928504,20.42879642135792,20.44992918965041,19.808543000214332,21.0,19.0
2017-04-04,6,21.0,20.2721763721645,20.26956392728201,20.34694344471427,20.31753822095094,19.628807819682958,20.0,20.0
2017-04-04,7,20.0,20.55876073926279,20.557992292151972,20.657959715456062,20.64905462266072,19.667570619618004,21.0,21.0
2017-04-04,8,20.0,21.261355695829813,21.248666289605772,21.164654731713693,21.184743771310416,22.65111975182797,21.0,20.0
2017-04-04,9,21.0,21.738774557341415,21.731686680266005,21.72120437094007,21.806635795227596,22.760525440053257,22.0,21.0
2017-04-04,10,22.0,23.314496817404482,23.522877525799345,23.27335925662377,23.419777379278436,22.904317779405943,23.0,22.0
2017-04-04,11,23.0,23.877009495732885,23.940102750758655,23.701825198467194,23.89843569972053,22.98518843789442,23.0,23.0
2017-04-04,12,23.0,23.754001625445255,23.863355947194208,23.72315246777742,23.792851129425433,22.983457981877674,22.0,25.0
2017-04-04,13,22.0,24.828740647633165,24.7502560265939,24.626029256576516,24.63519845579746,23.373027431976475,25.0,27.0
2017-04-04,14,24.0,24.744490698127716,24.70508776999195,24.523850543692195,24.505677199956526,23.438389473756274,24.0,26.0
2017-04-04,15,24.0,24.744490698127716,24.70508776999195,24.523850543692195,24.505677199956526,23.59644373300077,24.0,25.0
2017-04-04,16,23.0,23.408173109894204,23.45759308650164,23.28116350705681,23.17343270978087,23.58498954975372,22.0,22.0
2017-04-04,17,25.0,24.09274277735208,24.13278389763506,23.98522077796884,23.97469669010725,23.780230469577212,23.0,23.0
2017-04-04,18,21.0,21.89696235481469,21.924435121586278,21.93964398083306,21.896750449738704,20.80043823569598,22.0,23.0
2017-04-04,19,21.0,20.881240969293383,20.940581164657527,20.885411754365794,20.881084760398842,20.69917102470315,20.0,21.0
2017-04-04,20,20.0,20.66995578744375,20.697180494156417,20.640111571521455,20.564957110051257,20.628985908404548,19.0,21.0
2017-04-04,21,21.0,21.180364060534185,21.19973112078368,21.1030142356626,21.117970663610365,20.69621980818771,20.0,22.0
2017-04-04,22,20.0,20.576674415032343,20.61658331531834,20.536951530145796,20.42505539989181,20.583451027476073,19.0,20.0
2017-04-04,23,19.0,20.694893024301994,20.75201229257251,20.6486929355691,20.64357750893129,20.61331859398406,20.0,19.0
2017-04-05,0,20.0,20.17259008758131,20.17652756796159,20.202640987718663,20.191162528338864,19.842970446165264,19.0,20.0
2017-04-05,1,20.0,20.064808414745077,20.1214362124731,20.16090788615604,20.168593450999552,19.75285704975417,19.0,19.0
2017-04-05,2,19.0,20.21025412080345,20.251905310401437,20.269487320892715,20.31940074738634,19.73293915044818,20.0,19.0
2017-04-05,3,20.0,20.0920355115338,20.138828446895328,20.16090788615604,20.168593450999552,19.51095041287392,19.0,20.0
2017-04-05,4,19.0,20.064808414745077,20.10845452592962,20.16090788615604,20.161457175401875,19.417314116630756,19.0,19.0
2017-04-05,5,20.0,20.315689387608526,20.32409334945526,20.348611099384534,20.38797644595946,19.41849928956,20.0,19.0
2017-04-05,6,20.0,20.384991181917986,20.371849193781458,20.469194958746,20.436294582582985,19.22698815344651,19.0,21.0
2017-04-05,7,20.0,20.630458510251838,20.650805819516002,20.68247058147315,20.69354284557071,19.384868182005928,21.0,20.0
2017-04-05,8,20.0,21.426334839230268,21.422076995807878,21.29232563910644,21.341769711774827,22.213336620925563,21.0,20.0
2017-04-05,9,22.0,21.61017150299726,21.590261668111104,21.55529308058821,21.535208863254606,22.21971234821588,21.0,21.0
2017-04-05,10,23.0,23.479475960804937,23.489065308807948,23.401030164016518,23.403291413434253,22.444649421195955,23.0,22.0
2017-04-05,11,22.0,24.10281327342307,24.07382083385896,23.968156689415192,24.072443547719995,22.604627465550507,24.0,23.0
2017-04-05,12,26.0,24.13019710216706,24.14131789807279,24.03647630967153,24.11511763491519,22.70857639328244,24.0,23.0
2017-04-05,13,23.0,24.23293407035989,24.192917464270955,24.025660657832876,23.994829020413096,22.843526651678005,24.0,22.0
2017-04-05,14,23.0,24.518831297686944,24.466786723380046,24.32090281499375,24.325949972128235,22.946556169293615,24.0,24.0
2017-04-05,15,22.0,24.29302751999676,24.299256423288345,24.15336394179998,24.135456158284587,22.984885919424404,23.0,24.0
2017-04-05,16,22.0,24.09274277735208,24.098971680643665,23.9530791991553,23.95821072426307,23.123359077652044,23.0,23.0
2017-04-05,17,22.0,24.744490698127716,24.671275553000555,24.491708964878654,24.489191234112344,23.298813492731252,24.0,25.0
2017-04-05,18,21.0,21.188013591198164,21.17896774731039,21.21361624205416,21.204231521802527,20.320475373610776,21.0,21.0
2017-04-05,19,20.0,21.151713530575968,21.17896774731039,21.154358256333186,21.179982103885198,20.380674843090077,21.0,21.0
2017-04-05,20,21.0,20.722120121090718,20.756845830615738,20.66461865762027,20.665473361544347,20.33027623153576,20.0,20.0
2017-04-05,21,23.0,20.815401493502126,20.816189488841417,20.76777869899593,20.750647086493743,20.313484152856226,20.0,21.0
2017-04-05,22,19.0,20.465134121248678,20.52226995207757,20.60196754693479,20.079815529692134,20.105757335173777,18.0,20.0
2017-04-05,23,19.0,20.54944731824362,20.586632384517113,20.514499229744583,20.397551608195414,20.15004548551452,19.0,19.0
2017-04-06,0,19.0,20.17259008758131,20.17652756796159,20.202640987718663,20.191162528338864,19.877102072247197,19.0,20.0
2017-04-06,1,19.0,20.0920355115338,20.138828446895328,20.16090788615604,20.168593450999552,19.74301858684109,19.0,20.0
2017-04-06,2,19.0,20.064808414745077,20.1214362124731,20.16090788615604,20.168593450999552,19.615284370633805,19.0,19.0
2017-04-06,3,19.0,20.0920355115338,20.138828446895328,20.16090788615604,20.168593450999552,19.46269216836274,19.0,20.0
2017-04-06,4,20.0,20.064808414745077,20.10845452592962,20.16090788615604,20.161457175401875,19.350539171249157,19.0,19.0
2017-04-06,5,20.0,20.197470778338875,20.211016485949152,20.24003166464786,20.237169149572672,19.232742986354967,19.0,20.0
2017-04-06,6,20.0,20.291709809506578,20.31250553555578,20.366034917370342,20.323756865028564,19.15841621047692,19.0,20.0
2017-04-06,7,21.0,20.437155515564953,20.442974633484116,20.474614352107018,20.47456416141535,19.212925182144318,20.0,20.0
2017-04-06,8,23.0,21.285375341576593,21.361549470157623,21.25586499728044,20.97198373123268,21.75372289202913,19.0,20.0
2017-04-06,9,23.0,21.86852238223595,21.91139779405042,21.874162430636016,21.886046474527046,21.951857956244112,21.0,22.0
2017-04-06,10,25.0,22.904762256235298,23.03762795084289,22.965071367759258,22.984588663305672,22.107398493920996,22.0,23.0
2017-04-06,11,24.0,23.085828140481638,23.202506433622283,23.112335937504067,23.080685753549965,22.229576825809442,22.0,22.0
2017-04-06,12,23.0,23.6815720172687,24.050008251712743,24.256008297360083,24.26511051707717,22.401957295518113,23.0,26.0
2017-04-06,13,23.0,23.958348431377278,24.02565226134022,23.920787290485265,23.947192898410854,22.594690946252115,23.0,23.0
2017-04-06,14,23.0,23.986131089558707,24.02346740555453,23.939976301711457,23.95821072426307,22.75344872110045,23.0,23.0
2017-04-06,15,22.0,23.877897264217903,23.897294034464572,23.81381476048141,23.766930109164168,22.92325117866914,23.0,22.0
2017-04-06,16,22.0,23.877897264217903,23.897294034464572,23.81381476048141,23.766930109164168,23.066427734423776,23.0,22.0
2017-04-06,17,23.0,23.877897264217903,23.897294034464572,23.81381476048141,23.766930109164168,23.18762087127217,23.0,22.0
2017-04-06,18,21.0,21.135887511971173,21.104871888445096,21.200513344610318,21.204231521802527,20.471123872087663,21.0,21.0
2017-04-06,19,20.0,20.787959596881976,20.80051430336287,20.778988423815115,20.75206107700024,20.44763845906131,20.0,20.0
2017-04-06,20,21.0,20.61782970821676,20.589272418299725,20.62374538490259,20.548471144207074,20.357973156038973,19.0,21.0
2017-04-06,21,21.0,21.12415637158067,21.158758173292163,21.154979763772836,21.17173908245693,20.40237904284443,20.0,23.0
2017-04-06,22,20.0,20.694893024301994,20.69254261011593,20.66461865762027,20.638109368939322,20.39901664019428,20.0,19.0
2017-04-06,23,19.0,20.54944731824362,20.539721398439532,20.514499229744583,20.397551608195414,20.21433389724805,19.0,19.0
2017-04-07,0,19.0,20.26698311440496,20.277392984071323,20.324296974671082,20.279443809300837,20.450217207654052,20.0,19.0
2017-04-07,1,20.0,20.186428538357454,20.239693863005062,20.282563873108458,20.256874731961524,20.316180404578674,20.0,19.0
2017-04-07,2,19.0,20.04098283229908,20.109224765076725,20.173984438371782,20.106067435574737,20.08114841633617,19.0,19.0
2017-04-07,3,20.0,20.04098283229908,20.109224765076725,20.173984438371782,20.106067435574737,19.942406872570132,19.0,19.0
2017-04-07,4,19.0,20.068209929087804,20.113635312955473,20.173984438371782,20.096828291148395,19.80265593239334,19.0,20.0
2017-04-07,5,20.0,20.173645195892878,20.198805038552777,20.253108216863602,20.172540265319192,19.698691069549668,19.0,20.0
2017-04-07,6,21.0,20.393557149569222,20.410805104508963,20.44181793834132,20.40993527716187,19.717898409215884,20.0,20.0
2017-04-07,7,20.0,20.48683852198063,20.47014876273464,20.515844541175763,20.50544013784108,19.665059961995595,20.0,21.0
2017-04-07,8,20.0,21.808254740365133,21.892771019746963,21.70650459062058,21.66444622931219,22.2637688172215,19.0,23.0
2017-04-07,9,21.0,22.333351727119002,22.307264368362244,22.1963548302973,22.195119454408303,22.583029794198524,22.0,23.0
2017-04-07,10,23.0,24.163679083553518,24.077218566354144,23.955167234212702,23.98840393703598,22.818247643069217,24.0,25.0
2017-04-07,11,25.0,23.367656923170756,23.44723385046782,23.34123088206542,23.433301213055497,22.753326534552954,22.0,24.0
2017-04-07,12,24.0,23.771091851387137,23.801046948207798,23.689963579464205,23.770929880773295,22.99472683864801,23.0,23.0
2017-04-07,13,26.0,23.931658646080912,23.928415886656065,23.73169668102683,23.793498958112608,23.145973897021015,23.0,23.0
2017-04-07,14,26.0,23.95944130426234,23.926231030870376,23.73169668102683,23.80451678396482,23.304688170862313,23.0,23.0
2017-04-07,15,24.0,24.23944786313846,24.060975359528236,23.94483487504111,23.992691987660212,23.66150921266707,25.0,22.0
2017-04-07,16,25.0,24.23944786313846,24.060975359528236,23.94483487504111,23.992691987660212,23.898185074496904,26.0,22.0
2017-04-07,17,25.0,24.185245081952527,24.093761330962078,23.8992355542206,23.99501059780847,23.81849094989711,24.0,23.0
2017-04-07,18,24.0,22.074341022015748,22.01885035392996,21.984544225759404,22.065234211307203,21.123773307174392,23.0,21.0
2017-04-07,19,27.0,21.218712882819432,21.260778391615176,21.15253133311488,21.185724269036548,21.100294039993475,22.0,20.0
2017-04-07,20,29.0,20.556427097903747,20.530898463529653,20.484558380088128,20.394777203908827,20.82359081628056,19.0,21.0
2017-04-07,21,27.0,20.972345365244706,20.95591847485031,20.887698587880035,20.93970044813106,20.989179943095337,21.0,21.0
2017-04-07,22,28.0,22.35716205671667,22.289081000835914,22.206175881459128,22.249200655655454,21.224998894673025,24.0,20.0
2017-04-07,23,26.0,20.8790639928333,20.879182582202404,20.81367198504559,20.833177761599636,20.86711701667959,21.0,19.0
2017-04-08,0,21.0,18.944206798453816,19.082822618189493,19.191339443143992,19.15944127454156,20.863014157311,18.0,19.0
2017-04-08,1,20.0,19.672434535468312,19.772740584951165,19.779300844663602,19.74898242017774,20.815974464184915,19.0,20.0
2017-04-08,2,20.0,19.645207438679588,19.755348350528937,19.779300844663602,19.74898242017774,20.695069906082434,19.0,19.0
2017-04-08,3,20.0,19.672434535468312,19.772740584951165,19.779300844663602,19.74898242017774,20.54834246418307,19.0,20.0
2017-04-08,4,20.0,19.645207438679588,19.78352888353526,19.779300844663602,19.739743275751398,20.440689655980716,19.0,19.0
2017-04-08,5,20.0,19.0929718188006,19.257179947948277,19.286829692211356,19.2366774677563,20.232194438401073,18.0,20.0
2017-04-08,6,19.0,19.896481271373073,20.010721199057876,19.980893438530874,19.955403983168758,20.238547226611544,19.0,21.0
2017-04-08,7,20.0,19.709746761843476,19.815934287548366,19.789512040808667,19.71828589431465,20.212376634190424,19.0,20.0
2017-04-08,8,18.0,19.38311793470128,19.468436956669024,19.419004241379643,19.38292277608004,20.20908198245475,19.0,20.0
2017-04-08,9,18.0,18.319807981587044,18.451603150342518,18.466577146637807,18.377232151174628,20.042418282306585,17.0,21.0
2017-04-08,10,17.0,18.300433866788744,18.449047563242594,18.51800322975517,18.347901870478708,19.991224816870677,16.0,23.0
2017-04-08,11,18.0,18.50522775134775,18.750719637052622,18.58632861568016,18.4582677686343,20.25218952002172,18.0,25.0
2017-04-08,12,18.0,18.300433866788744,18.449047563242594,18.37781109094751,18.295026506650192,20.29925144112522,17.0,24.0
2017-04-08,13,17.0,18.489125094594765,18.707104800319694,18.569962145104615,18.483353666164874,20.4155894492175,17.0,26.0
2017-04-08,14,18.0,18.489125094594765,18.707104800319694,18.569962145104615,18.483353666164874,20.661045535659866,18.0,26.0
2017-04-08,15,17.0,18.28433121003576,18.405432726509666,18.361444620371966,18.320112404180765,20.838796536200284,18.0,24.0
2017-04-08,16,17.0,18.489125094594765,18.707104800319694,18.569962145104615,18.483353666164874,20.963659599700264,18.0,25.0
2017-04-08,17,18.0,19.07096923009142,19.28894893581635,19.15180628060127,19.08567058539464,20.988495829836438,17.0,25.0
2017-04-08,18,17.0,18.866175345532415,18.987276862006322,18.943288755868622,18.922429323410533,21.186409236321268,18.0,24.0
2017-04-08,19,17.0,19.236409293352935,19.403138668487784,19.318092116637036,19.29089266374628,21.202163477353167,18.0,27.0
2017-04-08,20,17.0,19.236409293352935,19.403138668487784,19.318092116637036,19.29089266374628,21.195041777699625,18.0,29.0
2017-04-08,21,19.0,19.927101343553094,19.99069206791135,19.82841226824917,19.880688271764388,21.299201066790005,19.0,27.0
2017-04-08,22,20.0,19.927101343553094,19.99069206791135,19.82841226824917,19.880688271764388,21.232636907794436,19.0,28.0
2017-04-08,23,19.0,19.992621079011894,20.093397577915063,19.931995874723516,20.010272887329855,21.269466369037527,20.0,26.0
2017-04-09,0,19.0,19.469792595662064,19.57879093186514,19.56715634291693,19.513475580433877,18.29140620131934,19.0,21.0
2017-04-09,1,19.0,19.37479276183105,19.4996041778345,19.506331148441703,19.44406897650093,18.186447823736103,19.0,20.0
2017-04-09,2,20.0,19.37479276183105,19.4996041778345,19.506331148441703,19.44406897650093,18.05916863449352,19.0,20.0
2017-04-09,3,19.0,19.520238467889424,19.630073275762836,19.61491058317838,19.594876272887717,18.026170198270552,20.0,20.0
2017-04-09,4,19.0,19.520238467889424,19.617091589219356,19.61491058317838,19.585637128461375,17.909605566366945,20.0,20.0
2017-04-09,5,19.0,19.480228028636123,19.571792216888323,19.585454926933522,19.510541806245385,17.71800485104339,19.0,20.0
2017-04-09,6,20.0,19.499067624088923,19.5984331591311,19.6307320772582,19.570320572088715,17.65950721581105,19.0,19.0
2017-04-09,7,19.0,19.412104988206213,19.501635660881895,19.516542344586767,19.41337245063784,17.60465907713391,19.0,20.0
2017-04-09,8,18.0,18.953373060320764,18.99239791718028,18.982014794917735,18.944141188919996,17.625909833172415,19.0,18.0
2017-04-09,9,19.0,18.599733336652758,18.609073223837026,18.621364219758203,18.57990769873549,17.655213896123172,19.0,18.0
2017-04-09,10,19.0,18.599733336652758,18.609073223837026,18.643912013237045,18.60647702640064,17.73260057778223,19.0,17.0
2017-04-09,11,18.0,18.599733336652758,18.609073223837026,18.643912013237045,18.60647702640064,17.8128839726757,19.0,18.0
2017-04-09,12,17.0,17.830536097202174,17.831570313516103,17.85329352296408,17.88040315462308,17.838149911880947,18.0,18.0
2017-04-09,13,18.0,17.894445659095457,17.905178561231157,17.836927052388535,17.869639791152796,17.894417181749827,17.0,17.0
2017-04-09,14,18.0,17.922228317276886,17.902993705445468,17.836927052388535,17.869639791152796,18.025093322946613,17.0,18.0
2017-04-09,15,17.0,17.922228317276886,17.902993705445468,17.836927052388535,17.869639791152796,18.182643287509467,17.0,17.0
2017-04-09,16,17.0,17.922228317276886,17.902993705445468,17.836927052388535,17.869639791152796,18.3164181747107,17.0,17.0
2017-04-09,17,17.0,18.504072452773542,18.484837840942124,18.41877118788519,18.437160113168414,18.417887872289626,17.0,18.0
2017-04-09,18,18.0,18.504072452773542,18.484837840942124,18.41877118788519,18.437160113168414,18.521222369506436,17.0,17.0
2017-04-09,19,18.0,18.618262185444976,18.599027573613558,18.532960920556626,18.594108234619288,18.67299542983662,18.0,17.0
2017-04-09,20,19.0,18.618262185444976,18.599027573613558,18.532960920556626,18.594108234619288,18.696581535782588,18.0,17.0
2017-04-09,21,19.0,19.630272156392774,19.64962332167846,19.55360615576194,19.660957993024056,18.84391706084028,20.0,19.0
2017-04-09,22,19.0,19.512053547123124,19.514194344424293,19.422675739112446,19.431418058132362,18.690212664780017,19.0,20.0
2017-04-09,23,20.0,19.630272156392774,19.64962332167846,19.55360615576194,19.64994016717184,18.720667494883006,20.0,19.0
2017-04-10,0,19.0,20.13268696972105,20.176515389246205,20.184309139078337,20.136528049831504,19.984692763181858,19.0,19.0
2017-04-10,1,20.0,20.052132393673542,20.138816268179944,20.142576037515713,20.113958972492192,19.8743239017866,19.0,19.0
2017-04-10,2,19.0,20.079359490462267,20.138816268179944,20.142576037515713,20.113958972492192,19.74106159046725,19.0,20.0
2017-04-10,3,19.0,20.197578099731917,20.26928536610828,20.25115547225239,20.26476626887898,19.728600386676273,20.0,19.0
2017-04-10,4,20.0,20.052132393673542,20.125834581636465,20.142576037515713,20.106822696894515,19.523667237328745,19.0,19.0
2017-04-10,5,20.0,20.157567660478616,20.211004307233768,20.221699816007533,20.182534671065312,19.428837858980515,19.0,19.0
2017-04-10,6,21.0,20.396079939116973,20.41610482284745,20.42142936705033,20.41992968290799,19.43734783893825,20.0,20.0
2017-04-10,7,21.0,20.589382933803858,20.623936008879337,20.629285596416462,20.63890836706335,19.5025480244687,21.0,19.0
2017-04-10,8,21.0,21.021501510139924,21.221086782805823,20.886910946076085,20.967339610667015,22.079364543507037,20.0,18.0
2017-04-10,9,22.0,21.437462896925645,21.63364977245817,21.398948054155863,21.402833264406976,22.18322382055829,21.0,19.0
2017-04-10,10,23.0,22.36546894558419,22.633706558160682,22.363695450049057,22.3100948380867,22.33360123948419,22.0,19.0
2017-04-10,11,24.0,23.380815361334047,23.62348671611914,23.33584986511302,23.35722820710401,22.52720902949669,23.0,18.0
2017-04-10,12,25.0,23.951317128996976,24.08217147710802,23.925730604059694,23.904621066149637,22.838469361610457,25.0,17.0
2017-04-10,13,24.0,24.031871705044484,24.135818639313648,23.99068335551104,23.92719014348895,23.13929111435759,27.0,18.0
2017-04-10,14,25.0,24.031871705044484,24.135818639313648,24.009872366737234,23.938207969341164,23.18242240793231,26.0,18.0
2017-04-10,15,25.0,24.031871705044484,24.135818639313648,24.009872366737234,23.938207969341164,23.23972047370776,25.0,17.0
2017-04-10,16,24.0,22.735323231218842,22.993911252030717,22.789582943957793,22.64760478557322,23.087751999557575,22.0,17.0
2017-04-10,17,24.0,23.461369937381555,23.692639556119822,23.488311248046898,23.407360449247335,23.29331960290227,23.0,17.0
2017-04-10,18,23.0,21.93810684067441,21.96153647340604,22.049581717455528,22.02562720730027,20.701770837935577,23.0,18.0
2017-04-10,19,21.0,20.777301872190368,20.864349967617798,20.89313722594631,20.93239944994643,20.574066241347342,21.0,18.0
2017-04-10,20,20.0,20.816338400353636,20.87864651274761,20.883643463705994,20.900093444124128,20.587082411226373,21.0,19.0
2017-04-10,21,23.0,21.109920598098245,21.17222871049222,21.177225661450603,21.12767041764791,20.673676025526994,22.0,19.0
2017-04-10,22,19.0,20.518638742282327,20.60644771310335,20.61143367256358,20.557346142188564,20.446980892199885,20.0,19.0
2017-04-10,23,19.0,20.400420133012677,20.453626501426953,20.461314244687895,20.316788381444656,20.270583357485016,19.0,20.0
2017-04-11,0,19.0,20.206848556720864,20.2239732870434,20.24406606011461,20.181258875668302,20.18586096946228,20.0,19.0
2017-04-11,1,20.0,20.008075371403706,20.07319730247103,20.09375352381531,20.007882501942202,19.974826408319156,19.0,20.0
2017-04-11,2,19.0,19.98084827461498,20.0558050680488,20.09375352381531,20.007882501942202,19.87541134769294,19.0,19.0
2017-04-11,3,19.0,20.126293980673356,20.18627416597714,20.202332958551985,20.15868979832899,19.85447862866779,20.0,19.0
2017-04-11,4,19.0,20.008075371403706,20.06021561592755,20.09375352381531,20.000746226344525,19.639831074157136,19.0,20.0
2017-04-11,5,20.0,20.11351063820878,20.145385341524854,20.17287730230713,20.076458200515322,19.547578370923002,19.0,20.0
2017-04-11,6,21.0,20.611380187156705,20.6176607013961,20.683623124091717,20.645369614067782,19.650495176476607,21.0,21.0
2017-04-11,7,20.0,20.41807719246982,20.409829515364216,20.475766894725584,20.426390929912422,19.51394726336893,20.0,21.0
2017-04-11,8,20.0,21.17560186423602,21.229558080513222,21.085621952358874,21.039821198902388,22.284076362442338,20.0,21.0
2017-04-11,9,21.0,21.82442271731055,21.847502306716393,21.785257829322767,21.725335525469696,22.383836741313296,21.0,22.0
2017-04-11,10,25.0,22.8606625913099,22.973732463508863,22.87616676644601,22.823877714248322,22.51505906878652,22.0,23.0
2017-04-11,11,23.0,23.926582885658796,24.01408650006636,23.89889506010901,23.898484218840515,22.67481960810589,23.0,24.0
2017-04-11,12,25.0,24.15224228609957,24.234081007481922,24.13802083025025,24.10439956801982,22.764721820840748,23.0,25.0
2017-04-11,13,25.0,23.5108138382355,23.607943676266217,23.48314999177323,23.474982029879104,22.80591069788383,22.0,24.0
2017-04-11,14,24.0,24.566395516664958,24.526795390236202,24.38970146612156,24.328480285054994,23.109591953205346,24.0,25.0
2017-04-11,15,24.0,24.566395516664958,24.526795390236202,24.38970146612156,24.328480285054994,23.241262897226957,24.0,25.0
2017-04-11,16,24.0,24.114932338534,24.15477626052399,24.051356443042888,23.974745209227237,23.28606476763757,23.0,24.0
2017-04-11,17,24.0,24.452768723911063,24.36528996143195,24.34026304034717,24.305778104764034,23.582583665566997,25.0,24.0
2017-04-11,18,22.0,21.46363663281955,21.45256054408592,21.51191270551782,21.464612568708365,20.52749618380102,21.0,23.0
2017-04-11,19,22.0,21.011970006325438,21.03448758454604,21.052350757576093,21.019271154827848,20.615352989194335,21.0,21.0
2017-04-11,20,20.0,20.582376596840188,20.612365667851385,20.562611158863177,20.504762412486997,20.565044471175476,20.0,20.0
2017-04-11,21,23.0,21.361497096406097,21.361981085261206,21.338284953602,21.32641144273012,20.614297073626123,21.0,23.0
2017-04-11,22,20.0,20.555149500051463,20.594973433429157,20.562611158863177,20.477398419881972,20.541724911480795,20.0,19.0
2017-04-11,23,18.0,20.40970379399309,20.44215222175276,20.41249173098749,20.236840659138064,20.38536132411563,19.0,19.0
2017-04-12,0,19.0,19.369551040753255,19.367256500837527,19.530977995393947,20.1923173785405,19.86165167366483,20.0,19.0
2017-04-12,1,19.0,19.31622356149447,19.346949614193495,19.489244893831323,20.16974830120119,19.72183092813159,20.0,20.0
2017-04-12,2,19.0,19.143550758647372,19.19908828184293,19.380665459094647,20.0189410048144,19.50809441644287,19.0,19.0
2017-04-12,3,19.0,19.288996464705747,19.329557379771266,19.489244893831323,20.16974830120119,19.46930593017141,20.0,19.0
2017-04-12,4,19.0,19.143550758647372,19.18610659529945,19.380665459094647,20.011804729216724,19.254770466905015,19.0,19.0
2017-04-12,5,19.0,19.421658828299545,19.41913765324732,19.568368672323142,20.23832399977431,19.23361948803651,20.0,20.0
2017-04-12,6,19.0,19.52865359727522,19.52592785637063,19.74957593256108,20.43744943278462,19.146542640075083,20.0,21.0
2017-04-12,7,20.0,19.487498304090803,19.493769070932665,19.659518788629263,20.3249117152302,19.120273714127027,20.0,20.0
2017-04-12,8,19.0,20.194845460633605,20.21486273200114,20.219196331039154,20.939208895334737,21.564687035149223,20.0,20.0
2017-04-12,9,23.0,20.7274641399118,20.34425408886803,20.457310310687614,21.153790612873465,21.77167659581818,22.0,21.0
2017-04-12,10,22.0,21.919872269596894,21.579212314278973,22.237120228492497,23.271539063390303,21.87931478050745,23.0,25.0
2017-04-12,11,23.0,23.06837673241677,23.31939775566252,23.5541790049971,23.058389486285208,21.914252771823087,22.0,23.0
2017-04-12,12,23.0,23.527406508942683,23.91394193928981,24.514127772810713,24.35540608561178,22.386767714098813,26.0,25.0
2017-04-12,13,23.0,23.36821702207522,23.84237366675056,24.337962307639387,24.046942267414295,22.249401502489754,23.0,25.0
2017-04-12,14,23.0,24.033346770053726,24.209389698808298,24.455942570619122,23.88237022304198,22.414446906464114,23.0,24.0
2017-04-12,15,22.0,23.457010927936654,23.660372258764834,23.906925130575658,23.393624869546063,22.470445648033202,22.0,24.0
2017-04-12,16,25.0,23.457010927936654,23.660372258764834,23.906925130575658,23.393624869546063,22.60866339689839,22.0,24.0
2017-04-12,17,25.0,23.457010927936654,23.660372258764834,23.906925130575658,23.393624869546063,22.726739297419936,22.0,24.0
2017-04-12,18,23.0,21.381824580722817,21.489007953004613,21.89834463358835,21.375421936810888,20.303315462252236,21.0,22.0
2017-04-12,19,22.0,20.504084092303856,20.64584128684617,20.995909684047657,21.065783959641948,20.26707997714251,20.0,22.0
2017-04-12,20,22.0,20.92805279265927,21.344060737223572,21.302687490249067,20.801209474610808,20.40902775987496,21.0,20.0
2017-04-12,21,23.0,22.200007083010902,22.309371676556985,22.635648234189706,22.17239952687968,20.538107119925275,23.0,23.0
2017-04-12,22,20.0,19.94116665880413,20.348072859388733,20.328580109779853,20.258916987862477,20.15328197809371,19.0,20.0
2017-04-12,23,19.0,19.809063558060878,20.18633244656646,20.165017619946127,20.14708222356517,20.097279485750555,19.0,18.0
2017-04-13,0,20.0,20.099475386622956,20.114187634425814,20.283818177119535,20.030451579281515,20.388877877889136,19.0,19.0
2017-04-13,1,19.0,20.018920810575448,20.076488513359553,20.24208507555691,20.007882501942202,20.267515327606958,19.0,19.0
2017-04-13,2,19.0,20.018920810575448,20.076488513359553,20.24208507555691,20.007882501942202,20.137821832473822,19.0,19.0
2017-04-13,3,19.0,20.018920810575448,20.076488513359553,20.24208507555691,20.007882501942202,20.009222215083042,19.0,19.0
2017-04-13,4,19.0,20.164366516633823,20.19397592474441,20.350664510293587,20.151553522731312,19.98459472176634,20.0,19.0
2017-04-13,5,20.0,20.269801783438897,20.279145650341714,20.429788288785407,20.22726549690211,19.885521937898037,20.0,19.0
2017-04-13,6,21.0,20.335641259230155,20.35377706802706,20.520938405091528,20.313853212358,19.812869904900698,20.0,19.0
2017-04-13,7,21.0,20.556171350705764,20.579000488481174,20.72879463445766,20.53283189651336,19.851890830343965,21.0,20.0
2017-04-13,8,20.0,22.333324926379287,22.325189932184536,22.330960193924664,22.1957553925204,22.607786355147628,23.0,19.0
2017-04-13,9,22.0,22.840647118473502,22.836958760905176,22.90235056008249,22.781540471924885,22.583428035836626,23.0,23.0
2017-04-13,10,22.0,23.755077528263556,23.67817767752094,23.786653952245356,23.622036283171195,22.849943868362327,25.0,22.0
2017-04-13,11,23.0,23.990174456664768,24.002015502824133,24.0144807423997,23.911732598662645,22.83911359944752,24.0,23.0
2017-04-13,12,24.0,23.764370678974583,23.849990880527486,23.91526148946227,23.763912872014192,22.86697040800828,23.0,23.0
2017-04-13,13,24.0,23.924937473668358,23.977359818975753,23.980214240913618,23.786481949353504,23.005543213588087,23.0,23.0
2017-04-13,14,24.0,23.952720131849787,23.975174963190064,23.99940325213981,23.79749977520572,23.152446964018846,23.0,23.0
2017-04-13,15,24.0,23.268150464391912,23.29998415205664,23.3242242708663,22.996235794879336,23.218542170351842,22.0,22.0
2017-04-13,16,24.0,23.802328432818168,23.83093109541179,23.82147670462593,23.661589725955846,23.31246797863474,22.0,25.0
2017-04-13,17,25.0,24.37866427493524,24.379948535455252,24.370494144669394,24.150335079451764,23.522278987499504,23.0,25.0
2017-04-13,18,24.0,21.501709168780017,21.47324398939667,21.66024425725942,21.464612568708365,20.89230984861632,21.0,23.0
2017-04-13,19,24.0,21.14453254803538,21.132701645163397,21.260444765666932,21.05472545676975,20.87049917847068,20.0,22.0
2017-04-13,20,21.0,21.349165633526706,21.314320985982945,21.4182847906145,21.283521050644396,20.9866132158719,21.0,22.0
2017-04-13,21,21.0,21.399569632366564,21.382664530571958,21.4866165053436,21.32641144273012,20.959115273763413,21.0,23.0
2017-04-13,22,19.0,20.620449132800655,20.633049113162137,20.71094271060478,20.477398419881972,20.858590879607867,20.0,20.0
2017-04-13,23,19.0,20.447776329953555,20.462835667063512,20.560823282729093,20.236840659138064,20.699575464422633,19.0,19.0
2017-04-14,0,19.0,20.102876900965683,20.119368421451668,20.29689472933528,20.02972768951323,20.07094541095187,19.0,20.0
2017-04-14,1,19.0,20.140540934187825,20.194746163891516,20.36374106250933,20.157965908560705,20.069505021843693,20.0,19.0
2017-04-14,2,19.0,19.99509522812945,20.06427706596318,20.255161627772654,20.007158612173917,19.858007078408185,19.0,19.0
2017-04-14,3,19.0,20.140540934187825,20.194746163891516,20.36374106250933,20.157965908560705,19.833002646768293,20.0,19.0
2017-04-14,4,19.0,19.99509522812945,20.0512953794197,20.255161627772654,19.997919467747575,19.629044060624476,19.0,19.0
2017-04-14,5,20.0,20.273203297781624,20.284326437367568,20.44286484100115,20.22443873830516,19.61454198467277,20.0,20.0
2017-04-14,6,20.0,20.60585435712144,20.6061746177317,20.770024823526406,20.62550999859562,19.623260923375256,21.0,21.0
2017-04-14,7,20.0,20.412551362434556,20.398343431699814,20.562168594160273,20.40653131444026,19.487382907419864,20.0,21.0
2017-04-14,8,19.0,21.07679466178935,21.11027094976601,21.049272664508816,20.959253319965168,22.18473669031863,20.0,20.0
2017-04-14,9,20.0,21.818896887275287,21.81570346849285,21.822935144307152,21.649989049779776,22.273808100822755,21.0,22.0
2017-04-14,10,21.0,23.291058520678774,23.306935991872468,23.33669998024381,23.167233988686984,22.51644341395298,23.0,22.0
2017-04-14,11,22.0,23.96890559126191,23.934674917739738,24.025194229752998,23.976925204665875,22.774473532738213,25.0,23.0
2017-04-14,12,21.0,24.05715772621971,24.09197625956816,24.104111248287165,24.039760305237643,22.77593614982381,24.0,24.0
2017-04-14,13,22.0,24.329757128600363,24.262328598832685,24.2672120739603,24.202868464270104,23.088984006669545,26.0,24.0
2017-04-14,14,22.0,24.357539786781793,24.260143743046996,24.2672120739603,24.213886290122318,23.224164235703842,26.0,24.0
2017-04-14,15,22.0,24.245507179094915,24.217160342230738,24.14584434984979,24.07334720842917,23.17285095294253,24.0,24.0
2017-04-14,16,21.0,24.357539786781793,24.260143743046996,24.2672120739603,24.213886290122318,23.394019794383976,25.0,24.0
2017-04-14,17,21.0,24.583199187222565,24.464632572667504,24.438018223845205,24.389476160346845,23.4916334886453,25.0,25.0
2017-04-14,18,21.0,22.664414255886825,22.55782900622542,22.649284992757472,22.605384333288104,20.806352471719155,24.0,24.0
2017-04-14,19,18.0,22.740146802951507,22.600812407041676,22.71139473114701,22.721673997063924,21.146496682369843,27.0,24.0
2017-04-14,20,19.0,22.460805048524893,22.31452232850183,22.447894261388594,22.386335774626993,21.40243464106135,29.0,21.0
2017-04-14,21,20.0,22.460805048524893,22.31452232850183,22.447894261388594,22.386335774626993,21.209418909469175,27.0,21.0
2017-04-14,22,19.0,22.367523676113485,22.237786435853923,22.37386765855415,22.290830913947783,21.292204367419924,28.0,19.0
2017-04-14,23,19.0,22.367523676113485,22.237786435853923,22.37386765855415,22.27981308809557,21.037571200588896,26.0,19.0
2017-04-15,0,18.0,19.69358387365197,19.641470189963023,19.95444178294237,19.834550446597163,18.254878959359967,21.0,19.0
2017-04-15,1,19.0,19.45059872520351,19.413795908126176,19.762952024151783,19.62633512591209,18.052009139541934,20.0,19.0
2017-04-15,2,19.0,19.45059872520351,19.413795908126176,19.762952024151783,19.62633512591209,17.933517153720818,20.0,19.0
2017-04-15,3,18.0,19.45059872520351,19.413795908126176,19.762952024151783,19.62633512591209,17.814536490442855,20.0,19.0
2017-04-15,4,19.0,19.45059872520351,19.400814221582696,19.762952024151783,19.617095981485747,17.703761910514206,20.0,19.0
2017-04-15,5,18.0,19.583261088797308,19.48598394718,19.842075802643603,19.692807955656544,17.59551564037857,20.0,20.0
2017-04-15,6,19.0,19.512281630356902,19.42640565783795,19.81362665464797,19.601779425113087,17.4309181928816,19.0,20.0
2017-04-15,7,18.0,19.543537603743843,19.442685023094853,19.80801635671321,19.595638600049,17.482169866469086,20.0,20.0
2017-04-15,8,19.0,18.275038734303962,18.18721568396625,18.55647855713295,18.357265565406646,17.298911600933994,18.0,19.0
2017-04-15,9,16.0,17.94862610742468,17.803890990622996,18.19582798197342,17.99303207522214,17.308612308566367,18.0,20.0
2017-04-15,10,17.0,17.878377859080043,17.863234648848675,18.243471337138704,18.016700816175607,17.257298671195905,17.0,21.0
2017-04-15,11,16.0,17.859003744281743,17.86067906174875,18.243471337138704,18.119520249178706,17.422322832366746,18.0,22.0
2017-04-15,12,16.0,17.905761687824032,17.868315049189867,18.243471337138704,18.016700816175607,17.545500213806786,18.0,21.0
2017-04-15,13,16.0,17.870284916272748,17.86564593356236,18.22710486656316,18.10875688570842,17.564711046181355,17.0,22.0
2017-04-15,14,16.0,17.870284916272748,17.86564593356236,18.22710486656316,18.10875688570842,17.79394125699893,18.0,22.0
2017-04-15,15,16.0,17.870284916272748,17.86564593356236,18.22710486656316,18.10875688570842,17.83660420587569,17.0,22.0
2017-04-15,16,17.0,17.889659031071048,17.868201520662282,18.22710486656316,18.00593745270532,17.978402344445385,17.0,21.0
2017-04-15,17,16.0,18.471503166567704,18.450045656158938,18.808949002059816,18.60825437193509,18.183573536234064,18.0,21.0
2017-04-15,18,17.0,18.471503166567704,18.450045656158938,18.808949002059816,18.60825437193509,18.178325299630988,17.0,21.0
2017-04-15,19,16.0,18.432295352227804,18.36054355220465,18.73406076048519,18.599438339400262,18.279251761070235,17.0,18.0
2017-04-15,20,17.0,18.53717135618233,18.504891730604694,18.898043173044808,18.733306482883496,18.292664342505283,17.0,19.0
2017-04-15,21,18.0,19.32608671390595,19.258318088593157,19.605570316502213,19.436748162913336,18.459603222881363,19.0,20.0
2017-04-15,22,19.0,19.444305323175602,19.411139300269554,19.736500733151708,19.66628809780503,18.528127115549452,20.0,19.0
2017-04-15,23,18.0,19.298859617117227,19.258318088593157,19.605570316502213,19.425730337061122,18.366499906332816,19.0,19.0
2017-04-16,0,18.0,18.125234989397622,18.01091323098314,18.44878135270537,18.66975780309472,17.041474989427904,19.0,18.0
2017-04-16,1,19.0,18.207655936379297,18.13541831357822,18.60952130188845,18.814389310048238,16.92445856245628,19.0,19.0
2017-04-16,2,18.0,18.35310164243767,18.265887411506558,18.718100736625125,18.965196606435025,16.90521492875936,20.0,19.0
2017-04-16,3,19.0,18.10277993242477,17.991070135178177,18.465147823280915,18.680521166565004,16.7114318028768,19.0,18.0
2017-04-16,4,19.0,18.207655936379297,18.12243662703474,18.60952130188845,18.805150165621896,16.59061318611318,19.0,19.0
2017-04-16,5,18.0,18.208215199229844,18.063258174232,18.544271601772735,18.74699399630946,16.512362982646934,19.0,18.0
2017-04-16,6,19.0,18.533003156860715,18.40896625914667,18.877354801857987,19.09144820202281,16.52181634987876,20.0,19.0
2017-04-16,7,18.0,18.16849171417638,18.019959250146854,18.510212155842343,18.649824640701915,16.39901720873745,19.0,18.0
2017-04-16,8,18.0,17.177541651538125,17.039307187346633,17.511627269606294,17.696127045929583,16.279290846231806,18.0,19.0
2017-04-16,9,16.0,17.488223163366175,17.289137225924257,17.75940750962131,17.950228032282798,16.43400347042825,19.0,16.0
2017-04-16,10,17.0,17.396680468753456,17.289137225924257,17.781955303100155,17.97679735994795,16.47130559900581,19.0,17.0
2017-04-16,11,16.0,17.02426152295049,16.921949539493113,17.370684293307995,17.224594739926992,16.471180045040466,18.0,16.0
2017-04-16,12,16.0,17.05164535169448,16.927029939834306,17.370684293307995,17.224594739926992,16.48087742694725,17.0,16.0
2017-04-16,13,17.0,17.035542694941494,16.92691641130672,17.35431782273245,17.213831376456707,16.694818775571914,18.0,16.0
2017-04-16,14,16.0,17.035542694941494,16.92691641130672,17.35431782273245,17.213831376456707,16.824800634265294,18.0,16.0
2017-04-16,15,17.0,17.035542694941494,16.92691641130672,17.35431782273245,17.213831376456707,16.86255137939124,17.0,16.0
2017-04-16,16,16.0,17.035542694941494,16.92691641130672,17.35431782273245,17.213831376456707,16.972953644765635,17.0,17.0
2017-04-16,17,16.0,17.61738683043815,17.508760546803376,17.936161958229107,17.781351698472324,17.096040710216357,17.0,16.0
2017-04-16,18,16.0,17.61738683043815,17.609545978493887,18.036947615293116,17.781351698472324,17.263226930992982,18.0,17.0
2017-04-16,19,17.0,17.731576563109584,17.72373571116532,18.15113734796455,17.9382998199232,17.337334964419927,18.0,16.0
2017-04-16,20,17.0,18.49326482404448,18.477162069153785,18.858664491421955,18.64174149995304,17.446644975536355,19.0,17.0
2017-04-16,21,18.0,18.49326482404448,18.477162069153785,18.858664491421955,18.64174149995304,17.430297183023217,19.0,18.0
2017-04-16,22,19.0,18.598140827999007,18.62151024755383,19.00303797002949,18.775609643436272,17.382578703056442,19.0,19.0
2017-04-16,23,18.0,18.638710530102856,18.62998328083018,18.98959490807145,18.86026360899252,17.42754111900626,20.0,18.0
2017-04-17,0,19.0,19.019298447072245,18.901629639868457,19.198052126203596,19.779019119702042,18.391058665487307,19.0,18.0
2017-04-17,1,18.0,19.18906558103764,19.138747795130577,19.40927193798518,20.00807427719461,18.370581218546604,20.0,19.0
2017-04-17,2,19.0,18.938743871024737,18.863930518802196,19.156319024640972,19.75645004236273,18.180900763749325,19.0,18.0
2017-04-17,3,18.0,19.043619874979264,19.00827869720224,19.300692503248506,19.85726698080782,18.055428408802157,19.0,19.0
2017-04-17,4,19.0,19.18906558103764,19.125766108587097,19.40927193798518,20.000938001596932,18.043799868805475,20.0,19.0
2017-04-17,5,18.0,19.189624843888186,19.066587655784357,19.344022237869467,19.975833037322637,17.966711871946636,20.0,18.0
2017-04-17,6,18.0,19.523292872792723,19.135432278598685,19.30906620706541,20.067173399492173,17.976561646208943,21.0,19.0
2017-04-17,7,19.0,19.418416868838197,19.03055627464416,19.204190203110883,20.012891689858584,17.946894067735986,21.0,18.0
2017-04-17,8,19.0,20.164115682593227,20.002425727474286,19.88594386586502,20.661562477611646,20.776602492165857,21.0,18.0
2017-04-17,9,20.0,20.653129175647948,20.46126755439384,20.444209467670266,21.08648318451355,20.915653009294203,22.0,16.0
2017-04-17,10,22.0,22.013599732724597,21.866470446440847,21.814102969907957,22.498559455738587,21.044073699647193,23.0,17.0
2017-04-17,11,22.0,23.815091860142893,24.52898290341876,24.181866071926983,23.59902793362875,21.22819827012563,24.0,16.0
2017-04-17,12,23.0,23.968993424579914,24.639463368448848,24.385602574239222,23.81188589825266,21.421940581098,25.0,16.0
2017-04-17,13,22.0,23.92303026493439,24.650127129838218,24.31513844363467,23.63814234991986,21.432001676649485,24.0,17.0
2017-04-17,14,22.0,24.04954800062742,24.693110530654476,24.46974433691676,23.84547280144419,21.666518993431236,25.0,16.0
2017-04-17,15,23.0,24.04954800062742,24.693110530654476,24.46974433691676,23.84547280144419,21.781574996989185,25.0,17.0
2017-04-17,16,22.0,23.92303026493439,24.650127129838218,24.334327454860862,23.649160175772074,21.824227095626917,24.0,16.0
2017-04-17,17,23.0,23.92303026493439,24.650127129838218,24.334327454860862,23.649160175772074,21.932338651126805,24.0,16.0
2017-04-17,18,21.0,21.953123866262366,22.597074481965667,22.52429158163283,21.876674573875384,19.082630108318043,23.0,16.0
2017-04-17,19,22.0,20.792318897778323,21.499887976177426,21.367847090123615,20.783446816521543,18.942452002690953,21.0,17.0
2017-04-17,20,20.0,19.857811897401575,20.526669676748753,20.370802885456044,20.364935313002537,18.879681584360544,20.0,17.0
2017-04-17,21,20.0,21.850984329848913,22.506495023140953,22.35066382971701,21.73847344789714,19.145766504668586,23.0,18.0
2017-04-17,22,19.0,19.817242195297727,20.5181966434724,20.384245947414083,20.20884832395091,18.726345553829873,19.0,19.0
2017-04-17,23,19.0,19.7123661913432,20.373848465072356,20.220683457580357,20.097013559653604,18.680585815034743,19.0,18.0
2017-04-18,0,19.0,20.174870994638447,19.911891779546767,20.29937386757829,20.090002518730007,19.473165864110662,19.0,19.0
2017-04-18,1,19.0,20.134886120694787,19.8603135780088,20.221846722144807,20.11742379933239,19.46607691298415,20.0,18.0
2017-04-18,2,19.0,20.09431641859094,19.874192658480506,20.257640766015665,20.067433441390694,19.235502044353748,19.0,19.0
2017-04-18,3,19.0,19.989440414636412,19.729844480080462,20.11326728740813,19.9666165029456,19.12626297180446,19.0,18.0
2017-04-18,4,19.0,20.09431641859094,19.861210971937027,20.257640766015665,20.060297165793017,18.998550753555804,19.0,19.0
2017-04-18,5,21.0,20.24032138749986,19.932501617062623,20.300970500636627,20.18599949790551,19.00949502073286,20.0,18.0
2017-04-18,6,21.0,20.555090510143174,20.409492062347542,20.67432745737825,20.675835234666675,19.03128361548128,21.0,18.0
2017-04-18,7,22.0,20.43943642262209,20.306536880270183,20.571347231966644,20.511138260144904,18.882335943479955,20.0,19.0
2017-04-18,8,20.0,21.23531275160052,21.07780805656206,21.181202289599934,21.15936512634902,21.469755111460202,20.0,19.0
2017-04-18,9,21.0,21.546398134431715,21.36341510223659,21.548865919072178,21.494041841643888,21.576108123767998,21.0,20.0
2017-04-18,10,21.0,23.680989862645802,23.590767710832065,23.77617150099502,23.819321330958097,21.98269274416303,25.0,22.0
2017-04-18,11,23.0,23.600129291831852,23.632478354874042,23.758086257407157,23.727243217507,21.88568790934782,23.0,22.0
2017-04-18,12,23.0,24.05550322747788,24.025086001165345,24.193685635516218,24.266102067094494,22.173382997548256,25.0,23.0
2017-04-18,13,23.0,24.078227977024444,24.002963791120873,24.182869983677563,24.1458134525924,22.318836780358076,25.0,22.0
2017-04-18,14,24.0,23.984275473153392,23.97155688022506,24.12847965147485,24.016292196751465,22.365752661545013,24.0,22.0
2017-04-18,15,23.0,24.042105299654338,24.04732625247516,24.204248054764854,24.15914988859287,22.492201989391926,24.0,23.0
2017-04-18,16,24.0,23.984275473153392,23.97155688022506,24.12847965147485,24.016292196751465,22.63712446293821,24.0,22.0
2017-04-18,17,25.0,24.042105299654338,24.04732625247516,24.204248054764854,24.15914988859287,22.73691842075762,24.0,23.0
2017-04-18,18,23.0,21.259640142121228,21.254782633018632,21.590828422214553,21.469617838417488,20.07096795990673,22.0,21.0
2017-04-18,19,23.0,21.53381703996471,21.60310363174566,21.863542683985226,21.7962060317726,20.11597131082,22.0,22.0
2017-04-18,20,19.0,20.552290553496164,20.566263391367084,20.761351537479896,20.6759187120305,19.981803823814666,20.0,20.0
2017-04-18,21,21.0,21.84239201868607,21.83077269284506,22.025871830456023,21.97863465855894,20.25295964225641,23.0,20.0
2017-04-18,22,19.0,20.52506345670744,20.548871156944855,20.761351537479896,20.648554719425476,19.94329994351442,20.0,19.0
2017-04-18,23,19.0,20.2680774568654,20.314295278406686,20.679511415568225,20.160086635485303,19.683403154831918,18.0,19.0
2017-04-19,0,20.0,20.12684483952776,19.96074177159381,20.29937386757829,20.140955253614894,19.88528005387853,19.0,19.0
2017-04-19,1,19.0,20.046290263480252,19.92304265052755,20.257640766015665,20.118386176275582,19.769005877645927,19.0,19.0
2017-04-19,2,19.0,20.046290263480252,19.92304265052755,20.257640766015665,20.118386176275582,19.644053992279822,19.0,19.0
2017-04-19,3,19.0,20.046290263480252,19.92304265052755,20.257640766015665,20.118386176275582,19.519526087503788,19.0,19.0
2017-04-19,4,19.0,20.046290263480252,19.91006096398407,20.257640766015665,20.111249900677905,19.404494959464838,19.0,19.0
2017-04-19,5,19.0,20.272233999485458,20.07196658222928,20.439924585883144,20.299499592403123,19.279759607982673,19.0,21.0
2017-04-19,6,20.0,20.36647303065316,20.173455631835907,20.565927838605628,20.386087307859015,19.207777472137618,19.0,21.0
2017-04-19,7,21.0,20.876881303743595,20.653654144715112,21.006479520833953,20.88773221551824,19.2461285004286,20.0,22.0
2017-04-19,8,20.0,21.266857190311768,21.163155908212072,21.352597877140067,20.92177645650871,21.794425069254448,19.0,20.0
2017-04-19,9,21.0,22.611282255639757,22.384178607999267,22.64433646228155,22.49969821833356,22.182494203792466,23.0,21.0
2017-04-19,10,23.0,22.42811670577826,22.391924891868065,22.61677335634103,22.392263162210362,22.150541111263497,22.0,21.0
2017-04-19,11,23.0,23.76694864985534,23.707896971821707,23.89735069608105,23.831742459152377,22.308211868635905,23.0,23.0
2017-04-19,12,23.0,23.79433247859933,23.775394036035536,23.965670316337388,23.848287798104174,22.424508272845927,23.0,23.0
2017-04-19,13,23.0,23.874887054646837,23.829041198241164,24.030623067788735,23.870856875443486,22.55799270437616,23.0,23.0
2017-04-19,14,23.0,24.075171797291517,24.029325940885844,24.250096821659607,24.05912013531722,22.68634154169647,23.0,24.0
2017-04-19,15,23.0,23.298551212529766,23.2800237581977,23.500794638971463,23.27189133606822,22.74836503541472,22.0,23.0
2017-04-19,16,22.0,24.41300818266858,24.239839641793804,24.53900341896389,24.390153030854016,23.14737702450438,25.0,24.0
2017-04-19,17,22.0,24.638667583109353,24.444328471414313,24.709809568848794,24.553394292838124,23.2478827212539,25.0,25.0
2017-04-19,18,21.0,22.25544247422652,22.169709862235845,22.55325272192261,22.413911826154635,20.556107996370184,23.0,23.0
2017-04-19,19,20.0,21.642806571487252,21.62069242219238,21.94497729615817,21.779679043009825,20.52115392003341,22.0,23.0
2017-04-19,20,20.0,21.06831915741267,21.03530411117988,21.327143526366918,21.159461614036324,20.600957240182467,22.0,19.0
2017-04-19,21,22.0,21.88764723598679,21.81076830791689,22.129031871831682,22.004391002659837,20.656298299405982,23.0,21.0
2017-04-19,22,19.0,20.477037301596752,20.46952311379101,20.761351537479896,20.561773345971954,20.358976375124087,20.0,19.0
2017-04-19,23,19.0,20.331591595538377,20.316701902114612,20.61123210960421,20.321215585228046,20.19088926636246,19.0,19.0
2017-04-20,0,19.0,20.191663007612398,20.003708634616004,20.407953302314965,20.171361994731217,19.69052534692646,20.0,20.0
2017-04-20,1,19.0,19.93843562871779,19.818148181199177,20.257640766015665,19.997985621005117,19.50791099209259,19.0,19.0
2017-04-20,2,19.0,19.93843562871779,19.818148181199177,20.257640766015665,19.997985621005117,19.39542214524258,19.0,19.0
2017-04-20,3,18.0,19.93843562871779,19.818148181199177,20.257640766015665,19.997985621005117,19.281596494265848,19.0,19.0
2017-04-20,4,19.0,19.93843562871779,19.805166494655698,20.257640766015665,19.99084934540744,19.174777494399308,19.0,19.0
2017-04-20,5,19.0,20.18931660158124,20.02080531818134,20.44534397924416,20.217368615965025,19.176359078884566,20.0,19.0
2017-04-20,6,0.0,20.504085724224552,20.34751778824208,20.779203461332777,20.522935015576277,19.18585239411171,21.0,20.0
2017-04-20,7,40.0,20.59736709663596,20.406861446467758,20.882363502708436,20.635472733130698,19.128914667987072,21.0,21.0
2017-04-20,8,20.0,21.106659058516097,20.91095777850207,21.181202289599934,20.952183197625033,21.832833747785862,20.0,20.0
2017-04-20,9,20.0,21.777380914714584,21.58055583458179,21.945608158192446,21.61954199938898,22.025634814753804,22.0,21.0
2017-04-20,10,20.0,22.793458463388664,22.76293320858052,23.074907145062728,22.813980833311238,22.04888083143752,22.0,23.0
2017-04-20,11,22.0,23.65909401509288,23.603002502493336,23.89735069608105,23.711341903881912,22.22171515698068,23.0,23.0
2017-04-20,12,21.0,23.912281621527054,23.791118880721285,24.133209189531158,23.918381056677358,22.41816504313539,24.0,23.0
2017-04-20,13,21.0,23.99283619757456,23.844766042926913,24.198161940982505,23.94095013401667,22.538274986911475,24.0,23.0
2017-04-20,14,22.0,23.99283619757456,23.844766042926913,24.217350952208697,23.951967959868885,22.667974089059115,24.0,23.0
2017-04-20,15,23.0,23.99283619757456,23.844766042926913,24.217350952208697,23.951967959868885,22.79900999533347,24.0,23.0
2017-04-20,16,23.0,23.935006371073616,23.768996670676813,24.141582548918695,23.809110268027478,22.936852553841064,24.0,22.0
2017-04-20,17,22.0,24.047038978760494,23.81198007149307,24.262950273029208,23.949649349720627,23.1395371640511,25.0,22.0
2017-04-20,18,22.0,22.340401297613834,22.14973799371322,22.702853018327325,22.412500011768298,20.351118146907893,24.0,21.0
2017-04-20,19,21.0,22.21081986458023,22.09039433548754,22.54043499123069,22.27571287629655,20.42526612833016,24.0,20.0
2017-04-20,20,18.0,20.6668823249056,20.607308692451547,21.03356132862231,20.784120092637053,20.17439468559077,21.0,20.0
2017-04-20,21,20.0,21.125126264349067,21.016381765628093,21.468693617489617,21.22013142885889,20.144419903287854,21.0,22.0
2017-04-20,22,19.0,20.223736960775916,20.16489644670866,20.630421120830402,20.211832855809796,19.965141505847523,19.0,19.0
2017-04-20,23,20.0,20.223736960775916,20.16489644670866,20.61123210960421,20.20081502995758,19.903045405300823,19.0,19.0
2017-04-21,0,19.0,18.905234992347594,19.141783879899656,18.670585414100458,18.982721686098426,14.577509810684353,19.0,19.0
2017-04-21,1,19.0,18.171332530869506,18.499439085223774,18.533004395065987,18.880139931817187,14.48081887219299,19.0,19.0
2017-04-21,2,19.0,17.956018454787596,18.499439085223774,18.533004395065987,18.379123363473152,14.374115659278893,19.0,19.0
2017-04-21,3,19.0,18.062360704012395,18.489455591475323,18.523277155354933,18.451933203605854,14.279071548138807,19.0,18.0
2017-04-21,4,19.0,17.956018454787596,18.494209968015415,18.533004395065987,18.36988421904681,14.162251506872751,19.0,19.0
2017-04-21,5,20.0,18.206899427651045,18.709848791541056,18.820273528298966,17.665605922979395,14.166229579401193,20.0,19.0
2017-04-21,6,20.0,18.415491714815758,19.10309473426741,19.19257475248539,18.521234611321155,14.359278389240657,20.0,0.0
2017-04-21,7,20.0,19.429782430968064,20.087189527406093,20.14446905570694,18.82799413557619,13.762804435279827,20.0,40.0
2017-04-21,8,19.0,18.43894837295592,19.29599583590599,19.21619214036583,18.7242592934043,16.834830282235785,19.0,20.0
2017-04-21,9,22.0,18.477160167278296,19.201323231409656,19.20460395293181,18.00448019408784,16.944104420904406,20.0,20.0
2017-04-21,10,22.0,19.272706755506988,20.057787303033084,20.401914812108988,19.12503346831763,17.083536777480578,21.0,20.0
2017-04-21,11,23.0,21.34483647303953,21.568954518749496,21.987105269275823,22.41026924257507,17.222958862400976,22.0,22.0
2017-04-21,12,22.0,21.223996595203733,21.994187564609796,21.612519492534453,22.040108848391956,17.239957362514346,21.0,21.0
2017-04-21,13,24.0,21.953846325183164,22.463017181188757,22.043682709313533,22.43348082980286,17.44738652600217,22.0,21.0
2017-04-21,14,25.0,22.35124435372525,22.792433841580483,22.37565495680518,22.795336266927514,17.557486690870473,22.0,22.0
2017-04-21,15,25.0,22.459478179066053,22.97259579114092,22.58467341912237,23.038594511264552,17.669741057308187,22.0,23.0
2017-04-21,16,26.0,22.165895981321444,22.679013593396313,22.291091221377762,22.783653545135746,17.69643008082961,21.0,23.0
2017-04-21,17,27.0,22.05766215598064,22.498851643835874,22.082072759060573,22.540395300798707,17.817003536641053,21.0,22.0
2017-04-21,18,22.0,20.3597880505649,20.494359732221874,20.454526639624724,20.900494769009317,14.999431296735253,21.0,22.0
2017-04-21,19,22.0,19.507169955004322,19.889101632759335,19.85532501805019,20.13229471436293,14.793812766503713,18.0,21.0
2017-04-21,20,19.0,19.481274174036546,19.860748671466254,19.599458098465227,20.22800530878962,14.96088960063311,19.0,18.0
2017-04-21,21,19.0,19.537967472889964,19.956186747221853,19.671782862110565,20.045063871315612,15.028255049972941,20.0,20.0
2017-04-21,22,19.0,19.590246000893657,19.870732165214704,19.60918533817628,20.155195468656917,14.919846252037818,19.0,19.0
2017-04-21,23,18.0,19.39252176683159,19.803365535545456,19.54085244546107,19.95323548245531,14.849722482083614,19.0,20.0
2017-04-22,0,18.0,17.875752703421238,17.94242479204202,17.894202590794833,18.727566857273157,16.694426723527616,18.0,19.0
2017-04-22,1,18.0,18.614985907383282,18.693727550962677,18.597264660197535,19.241686187471625,16.6957919408159,19.0,19.0
2017-04-22,2,19.0,18.614985907383282,18.693727550962677,18.597264660197535,19.241686187471625,16.593308325584392,19.0,19.0
2017-04-22,3,19.0,17.891855360174223,17.986039628774947,17.910569061370378,18.738330220743443,16.394546392077554,18.0,19.0
2017-04-22,4,19.0,18.614985907383282,18.721908083969,18.597264660197535,19.232447043045283,16.387847995346682,19.0,19.0
2017-04-22,5,19.0,18.02451772376802,18.116782121800803,17.989692839862197,18.804803050487898,16.192704639721917,18.0,20.0
2017-04-22,6,19.0,18.82211451859505,18.89536085257482,18.756518725430396,19.36793778305941,16.21742480274226,19.0,20.0
2017-04-22,7,18.0,17.938727546473032,18.02945002105065,17.910356243607126,18.647854929037024,16.079358865812434,18.0,20.0
2017-04-22,8,19.0,18.354068861992694,18.416281554601817,18.252174921697463,18.875626543373926,16.17005362516414,19.0,19.0
2017-04-22,9,17.0,17.26037932713261,17.3355073690164,17.184647159072536,17.889458125545154,15.860995603514223,16.0,22.0
2017-04-22,10,16.0,17.26037932713261,17.3355073690164,17.20719495255138,17.916027453210305,15.996804509414892,17.0,22.0
2017-04-22,11,17.0,17.601912611122536,17.677040653006326,17.623933312134465,17.86315208938179,15.958764360598458,16.0,23.0
2017-04-22,12,16.0,17.629296439866526,17.68212105334752,17.595055022495945,17.889280837625186,16.06476264432985,16.0,22.0
2017-04-22,13,17.0,17.69320600175981,17.71222799285723,17.60756684155892,17.91436673515576,16.14650904535118,16.0,24.0
2017-04-22,14,17.0,17.881350418108703,17.849240627620365,17.74919770998103,17.945132592385065,16.252389612536895,16.0,25.0
2017-04-22,15,17.0,17.881350418108703,17.849240627620365,17.74919770998103,17.945132592385065,16.374833831642526,16.0,25.0
2017-04-22,16,17.0,17.881350418108703,17.849240627620365,17.74919770998103,17.945132592385065,16.571985119725273,17.0,26.0
2017-04-22,17,16.0,18.46319455360536,18.43108476311702,18.331041845477685,18.547449511614833,16.56965618456315,16.0,27.0
2017-04-22,18,17.0,18.275745781546945,18.247474800934796,18.160532687417057,18.516683654385528,16.818268732955218,17.0,22.0
2017-04-22,19,17.0,18.468272858699407,18.40607700523963,18.326818523452822,18.721905732737167,16.786488985785002,16.0,22.0
2017-04-22,20,17.0,18.38787509985082,18.31064317907925,18.24962685840205,18.697635373695004,16.955313634502286,17.0,19.0
2017-04-22,21,19.0,18.38787509985082,18.31064317907925,18.24962685840205,18.697635373695004,17.05308606202189,18.0,19.0
2017-04-22,22,19.0,19.149563360785717,19.038287725599528,18.936322457229206,19.2120091662754,17.12154335081652,19.0,19.0
2017-04-22,23,19.0,18.282999095896294,18.166295000679206,18.105253379794515,18.56376723021177,16.989737815532912,18.0,18.0
2017-04-23,0,19.0,18.460525148894487,18.360170416482664,18.43820359917294,18.56957352514612,16.755349016943548,18.0,18.0
2017-04-23,1,19.0,19.19975835285653,19.093753678666165,19.16209721320589,19.142130991952538,16.71544705386649,19.0,18.0
2017-04-23,2,19.0,18.581503809601998,18.504632123410293,18.59894354835602,18.71420503209964,16.467167275372045,18.0,19.0
2017-04-23,3,19.0,19.304634356811057,19.23810185706621,19.306470691813423,19.27599913543577,16.422439318405683,19.0,19.0
2017-04-23,4,18.0,19.304634356811057,19.22512017052273,19.306470691813423,19.26675999100943,16.296874308679612,19.0,19.0
2017-04-23,5,19.0,18.68693907640707,18.576820162464116,18.678067326847838,18.780677861844094,16.099615719329293,18.0,19.0
2017-04-23,6,18.0,19.4845358712341,19.38118070470632,19.465724757046285,19.402250731023557,16.11890295498615,19.0,19.0
2017-04-23,7,19.0,18.496272895157556,18.34513988331392,18.454357251985233,18.489861596909986,16.000083248763232,18.0,18.0
2017-04-23,8,17.0,18.274520071969885,18.14199073083462,18.208576659531268,18.28836662215861,15.985551968798234,18.0,19.0
2017-04-23,9,18.0,17.816004344347352,17.614317859091322,17.7035526057642,17.79026498849087,15.864427076860633,16.0,17.0
2017-04-23,10,17.0,17.816004344347352,17.614317859091322,17.726100399243045,17.81683431615602,16.047071248961917,17.0,16.0
2017-04-23,11,16.0,17.871249354005045,17.683099798991176,17.726100399243045,17.81683431615602,16.047485990366162,16.0,17.0
2017-04-23,12,16.0,17.898633182749034,17.68818019933237,17.726100399243045,17.842963064399417,16.194751454462896,16.0,16.0
2017-04-23,13,17.0,17.962542744642317,17.761788447047422,17.7097339286675,17.83219970092913,16.42510630889182,17.0,17.0
2017-04-23,14,16.0,17.990325402823746,17.759603591261733,17.7097339286675,17.83219970092913,16.489727099942805,16.0,17.0
2017-04-23,15,17.0,17.990325402823746,17.759603591261733,17.7097339286675,17.83219970092913,16.738721251604463,17.0,17.0
2017-04-23,16,16.0,17.990325402823746,17.759603591261733,17.7097339286675,17.83219970092913,16.787968546929328,16.0,17.0
2017-04-23,17,16.0,18.572169538320402,18.34144772675839,18.291578064164156,18.39972002294475,16.92272272522186,16.0,16.0
2017-04-23,18,17.0,18.572169538320402,18.4422331584489,18.392363721228165,18.39972002294475,17.00036041121804,16.0,17.0
2017-04-23,19,17.0,18.686359270991836,18.556422891120334,18.5065534538996,18.556668144395623,17.150203676082008,17.0,17.0
2017-04-23,20,17.0,18.686359270991836,18.556422891120334,18.5065534538996,18.556668144395623,17.168131908001214,17.0,17.0
2017-04-23,21,18.0,18.791235274946363,18.70077106952038,18.650926932507133,18.690536287878857,17.21293908553761,18.0,19.0
2017-04-23,22,19.0,19.55292353588126,19.45419742750884,19.358454075964538,19.263348217067204,17.248374411475044,19.0,19.0
2017-04-23,23,19.0,18.791235274946363,18.70077106952038,18.650926932507133,18.690536287878857,17.064300682627334,18.0,19.0
2017-04-24,0,18.0,20.077501632179384,19.938624738742057,20.23982364538012,19.837567223126484,18.80506356866554,19.0,19.0
2017-04-24,1,19.0,19.923964476074048,19.83912757514657,20.266369849781512,19.567087822590906,18.575281385181647,18.0,19.0
2017-04-24,2,18.0,19.996947056131877,19.900925617675796,20.198090543817496,19.814998145787172,18.52523903850256,19.0,19.0
2017-04-24,3,19.0,19.923964476074048,19.83912757514657,20.266369849781512,19.567087822590906,18.291195154861533,18.0,19.0
2017-04-24,4,18.0,19.89207105217735,19.743595752732272,20.053717065209963,19.707044931744402,18.271237268947598,19.0,18.0
2017-04-24,5,20.0,20.02939974287912,19.911315614200394,20.34549362827333,19.635663521164027,18.059075244474815,18.0,19.0
2017-04-24,6,19.0,19.95292329430104,19.804465227163192,20.281846252063602,19.561655532331496,17.998275990127517,18.0,18.0
2017-04-24,7,20.0,20.196621354104654,20.074602706336247,20.4032175750318,19.970161559816184,18.03925744026417,19.0,19.0
2017-04-24,8,18.0,21.085410882220142,20.456884105280963,21.27075029667861,20.551945095223733,20.763968616605638,19.0,17.0
2017-04-24,9,21.0,21.123622676542517,20.36996407011975,21.25916210924459,20.81845042275003,20.883721872964397,20.0,18.0
2017-04-24,10,22.0,22.3770348206312,21.72220022025419,22.57613921311145,22.045507619030207,21.162154002041508,22.0,17.0
2017-04-24,11,23.0,22.721579539876036,22.155282112495623,22.849565324086306,22.3328853243734,21.28635513075717,22.0,16.0
2017-04-24,12,23.0,23.475010074782737,22.921507480798557,23.61661324843175,23.135315075242712,21.516159542218478,23.0,16.0
2017-04-24,13,22.0,22.9095301633138,22.35014811515772,22.982837695793993,22.398128488907908,21.562282738258904,22.0,17.0
2017-04-24,14,23.0,22.93731282149523,22.34796325937203,23.002026707020185,22.40914631476012,21.73687661327788,22.0,16.0
2017-04-24,15,22.0,23.663359527657942,23.046691563461135,23.70075501110929,23.16890197843424,21.97431744887311,23.0,17.0
2017-04-24,16,26.0,22.93731282149523,22.34796325937203,23.002026707020185,22.40914631476012,22.03911219677152,22.0,16.0
2017-04-24,17,24.0,23.663359527657942,23.046691563461135,23.70075501110929,23.16890197843424,22.254671173198503,23.0,16.0
2017-04-24,18,24.0,20.977239865876722,21.019660725973246,21.143548511449442,20.683816789402137,19.4489123289486,21.0,17.0
2017-04-24,19,19.0,21.33939800695366,21.41811892767238,21.4827487274276,20.968790047247204,19.598383770163824,22.0,17.0
2017-04-24,20,19.0,20.57740067139196,20.617410293058754,20.658213493738202,20.211061117886874,19.428165930906317,20.0,17.0
2017-04-24,21,21.0,20.57740067139196,20.617410293058754,20.658213493738202,20.18369712528185,19.391524292857177,20.0,18.0
2017-04-24,22,20.0,20.53683096928811,20.6089372597824,20.67165655569624,20.054974128835248,19.22383038877653,19.0,19.0
2017-04-24,23,19.0,20.53683096928811,20.6089372597824,20.65246754447005,20.043956302983034,19.130652818701915,19.0,19.0
2017-04-25,0,20.0,19.574479230847224,19.480692817518126,20.152779488685564,20.050884822815313,19.084663074445782,19.0,18.0
2017-04-25,1,19.0,19.598800658754243,19.58734187485191,20.255419865730474,20.129132683921092,18.944538893762797,19.0,19.0
2017-04-25,2,20.0,19.493924654799716,19.442993696451865,20.11104638712294,20.028315745476,18.824047595227167,19.0,18.0
2017-04-25,3,19.0,19.598800658754243,19.58734187485191,20.255419865730474,20.129132683921092,18.67767502736303,19.0,19.0
2017-04-25,4,20.0,19.493924654799716,19.430012009908385,20.11104638712294,20.021179469878323,18.570294523585243,19.0,18.0
2017-04-25,5,20.0,20.0702117230933,20.015222432288184,20.650979308325102,20.56749436303636,18.628741089476055,21.0,20.0
2017-04-25,6,20.0,20.164450754261004,20.099319247472582,20.776982561047586,20.65408207849225,18.569250900206153,21.0,19.0
2017-04-25,7,21.0,20.458032952005613,20.41029367963942,21.070564758792194,20.90902304462106,18.608923285265405,22.0,20.0
2017-04-25,8,19.0,20.6349209878093,20.56686844818966,20.421216638251085,20.982513322095915,21.331569334255295,20.0,18.0
2017-04-25,9,22.0,21.648244038957728,21.610945113421856,20.96163711494607,21.495748096176147,21.417590632092224,21.0,21.0
2017-04-25,10,22.0,22.647630456903723,22.667149116330627,21.964774560586303,22.498906314999505,21.473383565663344,21.0,22.0
2017-04-25,11,23.0,23.915082031693352,23.92697397907801,23.20696185057928,23.842488966797887,21.747748312590957,23.0,23.0
2017-04-25,12,23.0,23.94246586043734,23.99447104329184,23.27528147083562,23.885163053993082,21.874081417907938,23.0,23.0
2017-04-25,13,24.0,23.994798829790312,23.995666610650147,23.21407268105692,23.716451516233494,22.031415853888547,23.0,22.0
2017-04-25,14,23.0,24.35661909100273,24.28718542604612,23.52696210670693,24.109243771028257,22.26264537742064,24.0,23.0
2017-04-25,15,26.0,24.022581487971742,23.993481754864458,23.23326169228311,23.72746934208571,22.332700230883567,23.0,22.0
2017-04-25,16,26.0,24.915223788149184,24.800721236424952,23.93290278767371,24.559205259245875,22.50937904962755,24.0,26.0
2017-04-25,17,27.0,24.66893644133429,24.530453569507056,23.84861457346212,24.427028286742924,22.748726648130873,25.0,24.0
2017-04-25,18,24.0,22.711655475536908,22.660608532593777,22.78894535295082,22.628032516065062,19.766643245490393,23.0,24.0
2017-04-25,19,23.0,21.612053306081048,21.560448018875007,22.138020696365675,22.04268024905524,19.892962298801297,23.0,19.0
2017-04-25,20,21.0,20.083439562252785,20.052538046895922,20.62820022054521,20.396472659574194,19.53952650475663,19.0,19.0
2017-04-25,21,21.0,21.123946590745177,21.10907173379643,21.172129258381496,21.026569628745822,19.68223285459672,21.0,21.0
2017-04-25,22,19.0,20.11066665904151,20.06993028131815,20.62820022054521,20.36910866696917,19.456594236925557,19.0,20.0
2017-04-25,23,18.0,20.083439562252785,20.052538046895922,20.609011209319018,20.358090841116955,19.38649568469324,19.0,19.0
2017-04-26,0,18.0,19.433022787825866,19.53856608755365,19.348633671168795,20.358328567061434,18.409250128636057,20.0,20.0
2017-04-26,1,18.0,19.17979540893126,19.322868909215835,19.198321134869495,20.184952193335334,18.226799161959747,19.0,19.0
2017-04-26,2,19.0,19.207022505719983,19.340261143638063,19.198321134869495,20.184952193335334,18.10064926529094,19.0,20.0
2017-04-26,3,19.0,19.17979540893126,19.322868909215835,19.198321134869495,20.184952193335334,18.000767660723245,19.0,19.0
2017-04-26,4,18.0,19.207022505719983,19.335032026429705,19.198321134869495,20.177815917737657,17.880235680196012,19.0,20.0
2017-04-26,5,19.0,19.312457772525057,19.42020175202701,19.277444913361315,20.253527891908455,17.788352360457257,19.0,20.0
2017-04-26,6,19.0,19.552142509751135,19.652159899561973,19.512027600820474,20.490922903751134,17.811680489486843,20.0,20.0
2017-04-26,7,18.0,19.752749779156126,19.427566438006817,19.30985488006206,20.40140601284063,17.84824922260202,21.0,21.0
2017-04-26,8,19.0,20.27061422671744,20.35586132620822,20.071705143230364,21.10522008385567,20.597009761268602,20.0,19.0
2017-04-26,9,21.0,20.986401912808827,20.59947795876859,20.361312070069708,21.447442238142965,20.668555929168125,21.0,22.0
2017-04-26,10,25.0,22.490743803584444,22.148552184514564,21.875076906006367,23.016620556405627,20.906353748870742,23.0,22.0
2017-04-26,11,25.0,24.137238576909,24.48631654313066,24.718547196114972,24.1514433625662,20.97169454784702,23.0,23.0
2017-04-26,12,26.0,24.164622405652988,24.553813607344487,24.78686681637131,24.194117449761396,21.074453076145335,23.0,23.0
2017-04-26,13,26.0,24.525473942991443,24.960276537302388,25.05210431046734,24.390272169244138,21.180586328420443,23.0,24.0
2017-04-26,14,26.0,24.352971858528193,24.75780693887202,24.87100857904885,24.263553613953782,21.323946480386876,23.0,23.0
2017-04-26,15,25.0,24.952921829798456,25.307211872924874,25.37489950825021,24.67400604929245,21.413411733565354,23.0,26.0
2017-04-26,16,24.0,24.376585987681384,24.75819443288141,24.825882068206745,24.185260695796533,21.443812696347955,22.0,26.0
2017-04-26,17,25.0,24.376585987681384,24.75819443288141,24.825882068206745,24.185260695796533,21.53909296804091,22.0,27.0
2017-04-26,18,21.0,22.12260444448716,22.51487117131959,22.790844790409427,22.215224479931525,18.74718782612635,21.0,24.0
2017-04-26,19,20.0,20.993702914085603,21.462886814143584,21.679592149851167,21.590973275196554,18.727829348308802,20.0,23.0
2017-04-26,20,20.0,20.480061410912402,20.851573293364545,21.08206150034843,21.031315934539336,18.785231486827577,20.0,21.0
2017-04-26,21,23.0,21.657427387418807,21.988322157267596,22.21882066191276,21.54428146731473,18.970039573291917,22.0,21.0
2017-04-26,22,19.0,20.214107235653895,20.600762668427844,20.847971042323277,20.63013049788326,18.683550645874938,19.0,19.0
2017-04-26,23,18.0,20.10923123169937,20.4564144900278,20.68440855248955,20.518295733585955,18.635420102196292,19.0,18.0
2017-04-27,0,19.0,19.24897407594469,19.276588888187813,19.01840497175783,20.1702310433273,18.35998223860352,19.0,18.0
2017-04-27,1,19.0,19.074919404976733,19.16596203443679,18.880823952723357,20.06764928904606,18.269896849910456,19.0,18.0
2017-04-27,2,19.0,19.17979540893126,19.310310212836836,19.02519743133089,20.16846622749115,18.155535726148667,19.0,19.0
2017-04-27,3,18.0,19.10681282887343,19.24851217030761,19.093476737294907,19.996676255070934,17.95843609733317,18.0,19.0
2017-04-27,4,19.0,19.074919404976733,19.160732917228433,18.880823952723357,20.060513013448382,17.966826535197633,19.0,18.0
2017-04-27,5,20.0,19.285230675736333,19.39025082122578,19.10432120982271,20.237041926064272,17.866012981737278,19.0,19.0
2017-04-27,6,20.0,19.34950203322777,19.45546423123988,19.29605155903253,20.373844044894046,16.020447240902733,0.0,19.0
2017-04-27,7,20.0,21.240608397264108,20.788333362151548,20.547056313667174,21.824018638690685,19.73056787484675,40.0,18.0
2017-04-27,8,19.0,20.27061422671744,20.34330262982922,19.89858143969176,21.088734118011487,20.84955088901536,20.0,19.0
2017-04-27,9,21.0,20.429551908046168,20.49394209443184,20.148445983729687,21.313917061096202,20.833614548553463,20.0,21.0
2017-04-27,10,23.0,22.10567505783339,22.21800352326125,21.807164553990987,23.160713604397554,20.81897996669026,20.0,25.0
2017-04-27,11,22.0,24.1087266268352,24.392447466927244,24.4583157946519,24.05666447856477,21.073401235500608,22.0,25.0
2017-04-27,12,22.0,23.851061206207465,24.167516540619875,24.241586165536514,23.946137181147268,21.056167579128836,21.0,26.0
2017-04-27,13,23.0,24.10512809582169,24.416485735696867,24.40238683445971,24.084568196429366,21.16346322311953,21.0,26.0
2017-04-27,14,23.0,24.417960003374844,24.6993501292829,24.706625095057625,24.29488815371849,21.374749268534355,22.0,26.0
2017-04-27,15,23.0,24.994295845491916,25.248367569326366,25.25564253510109,24.783633507214407,21.6028724559909,23.0,25.0
2017-04-27,16,23.0,24.594630616866333,24.89924737791819,24.95203634854441,24.51091745301831,21.73284684980975,23.0,24.0
2017-04-27,17,23.0,24.425973826446285,24.72243763605398,24.706625095057625,24.29488815371849,21.72971608218205,22.0,25.0
2017-04-27,18,21.0,21.80895476259716,22.125076823642537,22.302069730317978,21.79211005121493,18.8499098097652,22.0,21.0
2017-04-27,19,19.0,21.43791721104594,21.799335840459964,21.859172402920578,21.36863815800944,18.83221685606021,21.0,20.0
2017-04-27,20,20.0,20.223294133579405,20.559253806223598,20.838974562220535,20.58431415013781,18.586291548417464,18.0,20.0
2017-04-27,21,20.0,20.969237453987805,21.264790527776398,21.445965410507203,21.586649025057593,18.73742756685754,20.0,23.0
2017-04-27,22,19.0,20.307607330574346,20.623616238663143,20.77069525625652,20.739757955805217,18.675744434319537,19.0,19.0
2017-04-27,23,19.0,20.348177032678194,20.632089271939495,20.73806318307229,20.857463126399605,18.732930633246742,20.0,18.0
2017-04-28,0,19.0,20.159609944307054,20.167607331453738,20.36404909167601,20.19043863857058,19.4231636715922,19.0,19.0
2017-04-28,1,20.0,20.079055368259546,20.129908210387477,20.322315990113385,20.167869561231267,19.304508696492363,19.0,19.0
2017-04-28,2,19.0,20.079055368259546,20.129908210387477,20.322315990113385,20.167869561231267,19.177338259767374,19.0,19.0
2017-04-28,3,19.0,19.97417936430502,19.985560031987433,20.17794251150585,20.034001417748033,19.064718545093,19.0,18.0
2017-04-28,4,19.0,20.079055368259546,20.116926523843997,20.322315990113385,20.158630416804925,18.934412268905067,19.0,19.0
2017-04-28,5,20.0,20.35716343791172,20.349957581791866,20.51001920334188,20.38514968736251,18.91609923640349,20.0,20.0
2017-04-28,6,20.0,20.43162968552969,20.431488549819715,20.590149490082922,20.471737402818402,18.84380366244131,20.0,20.0
2017-04-28,7,21.0,20.43162968552969,20.431488549819715,20.590149490082922,20.471737402818402,18.802753462494007,20.0,20.0
2017-04-28,8,20.0,21.252622414752604,21.332671152070994,21.32267575080604,20.96915697263573,21.547629600743868,19.0,19.0
2017-04-28,9,22.0,21.898227870706606,21.87235778219131,21.886552593317205,21.714803353693494,21.829819307045188,22.0,21.0
2017-04-28,10,22.0,22.973667856621276,22.97658069926454,23.015851580187487,22.909242187615753,21.86567269076997,22.0,23.0
2017-04-28,11,23.0,23.67354673326281,23.6904766220874,23.71213358997576,23.615322643087527,22.06700190953153,23.0,22.0
2017-04-28,12,23.0,23.12459471988973,23.146539582385127,23.163116149932296,23.031468026103443,22.09215114290995,22.0,22.0
2017-04-28,13,24.0,24.195534959731564,24.11662963205852,24.0475671059622,24.045794897612787,22.401259009361663,24.0,23.0
2017-04-28,14,22.0,24.33535022559987,24.157428177089088,24.168934830072715,24.19735180515815,22.639167671083115,25.0,23.0
2017-04-28,15,24.0,24.33535022559987,24.157428177089088,24.168934830072715,24.19735180515815,22.782810944398538,25.0,23.0
2017-04-28,16,22.0,24.33535022559987,24.157428177089088,24.168934830072715,24.19735180515815,23.01004214223951,26.0,23.0
2017-04-28,17,24.0,24.33535022559987,24.157428177089088,24.168934830072715,24.19735180515815,23.21880806609296,27.0,23.0
2017-04-28,18,20.0,21.386366851813502,21.340805495151606,21.4341474734119,21.367280673289617,20.037288951524097,22.0,21.0
2017-04-28,19,19.0,21.2567854187799,21.2640696025037,21.300862884856482,21.24752639469308,20.123176013455875,22.0,19.0
2017-04-28,20,18.0,20.501218261452806,20.492238250614726,20.558863328995287,20.361074468886148,19.852409953729644,19.0,20.0
2017-04-28,21,20.0,20.501218261452806,20.492238250614726,20.558863328995287,20.361074468886148,19.84038780513561,19.0,20.0
2017-04-28,22,19.0,20.47399116466408,20.474846016192497,20.558863328995287,20.361074468886148,19.807931373365037,19.0,19.0
2017-04-28,23,18.0,20.362450870880416,20.393091349330724,20.627142634959302,20.1084409153067,19.637625713244525,18.0,19.0
2017-04-29,0,19.0,17.8165645614321,17.737981140477416,17.799695214241492,18.624367714123164,17.397572107748047,18.0,19.0
2017-04-29,1,20.0,17.859894314973808,17.75548690342723,17.816061684817036,18.63513107759345,17.301142588628363,18.0,20.0
2017-04-29,2,19.0,18.555797765394143,18.471564402660917,18.52358882827444,19.196925180929583,17.314896202378172,19.0,19.0
2017-04-29,3,19.0,18.555797765394143,18.471564402660917,18.52358882827444,19.196925180929583,17.217301369118015,19.0,19.0
2017-04-29,4,19.0,18.555797765394143,18.458582716117437,18.52358882827444,19.18768603650324,17.122936713722364,19.0,19.0
2017-04-29,5,19.0,18.68846012898794,18.56114467613697,18.60271260676626,19.263398010674038,17.025006153396667,19.0,20.0
2017-04-29,6,19.0,18.76292637660591,18.632035484723257,18.682842893507303,19.323176776517368,16.957455172109388,19.0,20.0
2017-04-29,7,18.0,17.900833850751976,17.79968649995658,17.840944428740226,18.5765517963895,16.804319106444925,18.0,21.0
2017-04-29,8,18.0,18.32210781679228,18.17034842117248,18.17849908977437,18.830865536831883,16.8913290401964,19.0,20.0
2017-04-29,9,17.0,17.201191185143472,17.066308888634058,17.090139782519195,17.78625898239516,16.683750580554687,17.0,22.0
2017-04-29,10,17.0,17.201191185143472,17.066308888634058,17.112687575998038,17.81282831006031,16.624864416509837,16.0,22.0
2017-04-29,11,16.0,17.26673334958178,17.132970247686504,17.16417145601713,17.81282831006031,16.76498425115201,17.0,23.0
2017-04-29,12,17.0,17.29411717832577,17.138050648027697,17.16417145601713,17.83895705830371,16.754094725206855,16.0,23.0
2017-04-29,13,17.0,17.358026740219053,17.21165889574275,17.147804985441585,17.828193694833423,16.93363586263616,17.0,24.0
2017-04-29,14,17.0,17.385809398400482,17.209474039957062,17.147804985441585,17.828193694833423,17.072060383913083,17.0,22.0
2017-04-29,15,16.0,17.385809398400482,17.209474039957062,17.147804985441585,17.828193694833423,17.15923886578402,17.0,24.0
2017-04-29,16,16.0,17.385809398400482,17.209474039957062,17.147804985441585,17.828193694833423,17.29844038316414,17.0,22.0
2017-04-29,17,17.0,17.83139418240077,17.537969847251553,17.72964912093824,18.43051061406319,17.278613319058362,16.0,24.0
2017-04-29,18,17.0,17.829473850930988,17.481181776125798,17.7045535592518,18.454514211921794,17.512155738715794,17.0,20.0
2017-04-29,19,16.0,17.916436486813698,17.577979274375004,17.818743291923234,18.611462333372668,17.58897408997905,17.0,19.0
2017-04-29,20,17.0,17.94781983435554,17.686979424177125,17.6743698133157,18.477594189889434,17.640328987910884,17.0,18.0
2017-04-29,21,19.0,18.841611196033686,18.60214619498786,18.52627043538064,19.184274262561015,17.809864489476535,19.0,20.0
2017-04-29,22,19.0,18.81438409924496,18.58475396056563,18.52627043538064,19.184274262561015,17.8062462424636,19.0,19.0
2017-04-29,23,19.0,18.709508095290435,18.440405782165588,18.381896956773105,19.039388293225567,17.776864632817887,19.0,18.0
2017-04-30,0,19.0,19.318123047267754,19.09601757783225,19.146141414329712,19.265235771965486,17.27754474659169,19.0,19.0
2017-04-30,1,19.0,19.338986666152707,19.106478938144214,19.192482142357605,19.31654247250794,17.17609687691853,19.0,20.0
2017-04-30,2,19.0,19.295667990294902,19.076174482027287,19.162507884905256,19.27599913543577,17.091646162713026,19.0,19.0
2017-04-30,3,19.0,19.295667990294902,19.076174482027287,19.162507884905256,19.27599913543577,16.99003564958053,19.0,19.0
2017-04-30,4,18.0,18.572537443085842,18.32972306182789,18.45498074144785,18.704965887673296,16.799061684944917,18.0,19.0
2017-04-30,5,19.0,19.401103257099976,19.14836252108111,19.241631663397076,19.342471965180227,16.80653538664913,19.0,19.0
2017-04-30,6,19.0,18.706372265267362,18.441750419346477,18.568957656356034,18.780677861844094,16.644795757278885,18.0,19.0
2017-04-30,7,19.0,19.256503768091985,18.96071541859592,19.06319873885915,19.11143446608945,16.70700291608307,19.0,18.0
2017-04-30,8,18.0,18.160677701499203,17.835715177395656,17.920240374015567,18.154498478675375,16.501552648406964,17.0,18.0
2017-04-30,9,17.0,17.807037977831197,17.4523904840524,17.559589798856035,17.79026498849087,16.619079347433154,18.0,17.0
2017-04-30,10,17.0,17.807037977831197,17.4523904840524,17.582137592334877,17.81683431615602,16.564208863260646,17.0,17.0
2017-04-30,11,18.0,17.586291867937273,17.246300499014776,17.292088188364044,17.81683431615602,16.54957572344847,16.0,16.0
2017-04-30,12,17.0,17.613675696681263,17.25138089935597,17.292088188364044,17.842963064399417,16.623419214412202,16.0,17.0
2017-04-30,13,17.0,17.677585258574545,17.324989147071022,17.2757217177885,17.83219970092913,16.821792005738406,17.0,17.0
2017-04-30,14,17.0,17.705367916755975,17.322804291285333,17.2757217177885,17.83219970092913,16.843738308886124,16.0,17.0
2017-04-30,15,17.0,17.705367916755975,17.322804291285333,17.2757217177885,17.83219970092913,17.069900350358502,17.0,16.0
2017-04-30,16,17.0,17.705367916755975,17.322804291285333,17.2757217177885,17.83219970092913,17.091028630894073,16.0,16.0
2017-04-30,17,17.0,18.260125038361682,17.86023595514859,17.857565853285156,18.39972002294475,17.1804798508429,16.0,17.0
2017-04-30,18,16.0,18.260125038361682,17.9610213868391,17.958351510349164,18.39972002294475,17.359429735510776,17.0,17.0
2017-04-30,19,17.0,18.374314771033117,18.075211119510534,18.0725412430206,18.556668144395623,17.435587408389896,17.0,16.0
2017-04-30,20,18.0,18.401401784924065,18.119623591143935,18.0725412430206,18.556668144395623,17.457378688622537,17.0,17.0
2017-04-30,21,19.0,18.50627778887859,18.26397176954398,18.216914721628132,18.690536287878857,17.530304880948226,18.0,19.0
2017-04-30,22,19.0,19.267966049813488,19.01739812753244,18.924441865085537,19.263348217067204,17.60238562041836,19.0,19.0
2017-04-30,23,19.0,19.267966049813488,19.01739812753244,18.924441865085537,19.25233039121499,17.55451434917275,19.0,19.0
2017-05-01,0,19.0,19.96596133839572,19.856870071880284,20.308102951344136,19.58965689993022,19.379012286916797,18.0,19.0
2017-05-01,1,19.0,19.996947056131877,19.900925617675796,20.198090543817496,19.814998145787172,19.337383077602734,19.0,19.0
2017-05-01,2,19.0,19.923964476074048,19.83912757514657,20.266369849781512,19.567087822590906,19.10130706519134,18.0,19.0
2017-05-01,3,20.0,19.996947056131877,19.900925617675796,20.198090543817496,19.814998145787172,19.055196967245664,19.0,19.0
2017-05-01,4,18.0,19.81908847211952,19.681797710203046,20.121996371173978,19.459134608548137,18.84885673708956,18.0,18.0
2017-05-01,5,20.0,20.247828028995325,20.103582754657957,20.38579375704599,20.03438114074708,18.917702061329933,20.0,19.0
2017-05-01,6,20.0,20.196621354104654,20.074602706336247,20.4032175750318,19.970161559816184,18.74970596130807,19.0,19.0
2017-05-01,7,21.0,20.34206706016303,20.205071804264584,20.511797009768475,20.12096885620297,18.80435628742045,20.0,19.0
2017-05-01,8,18.0,21.706233386032377,21.86737820483,21.91138752319368,20.997719345519393,21.310310449975457,18.0,18.0
2017-05-01,9,22.0,21.344152768018127,21.390457579615887,21.50651581326373,21.083964335716892,21.64407265726323,21.0,17.0
2017-05-01,10,23.0,22.3770348206312,22.495390369272926,22.57613921311145,22.045507619030207,21.81428566700041,22.0,17.0
2017-05-01,11,24.0,23.447626246038748,23.627200565603463,23.54829362817541,23.092640988047517,22.00336588506269,23.0,18.0
2017-05-01,12,26.0,23.475010074782737,23.69469762981729,23.61661324843175,23.135315075242712,22.152358595396432,23.0,17.0
2017-05-01,13,26.0,22.9095301633138,23.123338264176454,22.982837695793993,22.398128488907908,22.211198060008122,22.0,17.0
2017-05-01,14,27.0,23.663359527657942,23.81988171247987,23.70075501110929,23.16890197843424,22.464484327717145,23.0,17.0
2017-05-01,15,24.0,22.93731282149523,23.121153408390764,23.002026707020185,22.40914631476012,22.52780468096045,22.0,17.0
2017-05-01,16,23.0,24.2302663195112,24.25148430575325,24.188576907063403,23.755523042507033,23.04575237885411,26.0,17.0
2017-05-01,17,22.0,24.121828687633993,24.220077394857437,24.100948405689113,23.55921041683492,22.980304006567938,24.0,17.0
2017-05-01,18,20.0,22.56021393371462,22.517042914139054,22.640928411817505,22.14310356723933,20.406547612463573,24.0,16.0
2017-05-01,19,21.0,20.497794441124842,20.55516854020707,20.641652843283552,20.068108898451072,19.981182359510058,19.0,17.0
2017-05-01,20,20.0,20.431954965333585,20.464589081382357,20.527283077088708,19.98152118299518,19.984630595923452,19.0,18.0
2017-05-01,21,22.0,20.979976333417795,21.03395727110306,21.07479676348815,20.59989737305748,20.135718492427483,21.0,19.0
2017-05-01,22,19.0,20.682276675346486,20.761758471458798,20.802586972345736,20.28451406372694,19.98271573798793,20.0,19.0
2017-05-01,23,19.0,20.53683096928811,20.6089372597824,20.65246754447005,20.043956302983034,19.797032471879852,19.0,19.0
2017-05-02,0,19.0,18.59555601139845,18.319938768382773,18.93220394381677,20.386730831267695,20.106529941999,20.0,19.0
2017-05-02,1,20.0,17.964703105489292,17.68463512703862,18.356677430178973,20.213354457541595,19.903496734023413,19.0,19.0
2017-05-02,2,19.0,18.515001435350943,18.252102922395522,18.890470842254146,20.364161753928382,19.8783804643765,20.0,19.0
2017-05-02,3,19.0,17.991930202278017,17.70202736146085,18.356677430178973,20.213354457541595,19.65192778499067,19.0,20.0
2017-05-02,4,19.0,18.410125431396416,18.10252562678712,18.746097363646612,20.256208539885613,19.66220745876497,20.0,18.0
2017-05-02,5,20.0,18.64766379894474,18.349435765206696,18.969594620745966,20.432737452501502,19.54008481981109,20.0,20.0
2017-05-02,6,21.0,18.741902830112444,18.424067182892042,19.09559787346845,20.519325167957394,19.468993831553934,20.0,20.0
2017-05-02,7,20.0,20.146216090088426,19.7588202810133,20.158835857951857,20.88258536127211,19.506453712257017,21.0,21.0
2017-05-02,8,19.0,19.1629794926083,19.030660632400025,18.215196404762526,20.91592779932963,22.392639794852307,19.0,18.0
2017-05-02,9,21.0,21.779845943052123,21.330709521086067,20.884474033385207,22.21749223880283,22.641584824233654,22.0,22.0
2017-05-02,10,23.0,22.37993597996178,21.190324122325812,21.184371994375564,23.16500447004624,22.683929899627636,22.0,23.0
2017-05-02,11,26.0,22.993593116115665,22.267993831710697,22.28581368709268,24.345169538813213,22.849106314323105,23.0,24.0
2017-05-02,12,24.0,23.287981619424237,22.54383442987093,22.393852091835086,24.346546443204677,22.931007173890432,23.0,26.0
2017-05-02,13,23.0,23.84148004096385,23.084670766431508,22.79347156563586,24.595458595388497,23.151250637163646,24.0,26.0
2017-05-02,14,25.0,23.47633107229944,22.74782776139846,22.477993854512626,24.415982607397062,23.17976385876476,23.0,27.0
2017-05-02,15,24.0,23.714290632267577,22.885111358167546,22.665271902853085,24.78831268573759,23.638109339532736,26.0,24.0
2017-05-02,16,26.0,23.514005889622897,22.684826615522866,22.464987160208405,24.611067251716072,23.780007800785167,26.0,23.0
2017-05-02,17,25.0,23.25747769992157,22.356370301601903,22.10766347263088,24.416231930636528,23.999055361392088,27.0,22.0
2017-05-02,18,22.0,20.850009628635075,20.257451625252415,21.108185670561383,22.67081624233433,20.792644626568492,24.0,20.0
2017-05-02,19,22.0,20.63316163201234,19.903458836790186,20.423437866859196,22.400539895175676,20.744768394476196,23.0,21.0
2017-05-02,20,22.0,18.68059996048357,18.136521390417776,18.952881954377347,21.11427106608374,20.598688577725596,21.0,20.0
2017-05-02,21,21.0,20.36713549955487,19.54366998583769,20.07077406502131,21.58202619391051,20.56465789267785,21.0,22.0
2017-05-02,22,21.0,17.0864781487813,16.765563496926973,17.63302165858296,20.541983829256484,20.38009373987067,19.0,19.0
2017-05-02,23,21.0,15.425438629623693,14.917317903954986,16.094792188733855,20.21322992490099,20.218314277129405,18.0,19.0
2017-05-03,0,18.0,20.152611693209835,20.167661562884543,20.360086484805706,19.914881541496662,20.24185530463804,18.0,19.0
2017-05-03,1,19.0,20.137841927676888,20.167311300573058,20.318353383243082,19.89231246415735,20.13324169719782,18.0,20.0
2017-05-03,2,19.0,20.183597410945993,20.211717108680055,20.250074077279066,20.21004854266063,20.135641548110982,19.0,19.0
2017-05-03,3,19.0,20.183597410945993,20.211717108680055,20.250074077279066,20.21004854266063,20.0282970176724,19.0,19.0
2017-05-03,4,18.0,20.110614830888164,20.13693737960735,20.318353383243082,19.885176188559672,19.832923186808287,18.0,19.0
2017-05-03,5,20.0,20.31625977453979,20.301297382156108,20.329197855770886,20.27862424123375,19.823817713630515,19.0,20.0
2017-05-03,6,20.0,20.5037801781189,20.462130089988413,20.55836114986903,20.477749674244063,19.740849363341592,19.0,21.0
2017-05-03,7,20.0,20.271676749858408,20.276997130989724,20.478203264132706,19.98769711234303,19.6169439700222,18.0,20.0
2017-05-03,8,19.0,21.376937240988784,21.43443813194235,21.345031188403468,21.013438822893757,22.67150116375621,19.0,19.0
2017-05-03,9,21.0,21.728960499198177,21.68054256431806,21.644459271711238,21.576663954915684,22.845515788679464,21.0,21.0
2017-05-03,10,23.0,24.04433516772372,23.916033277012822,23.905264493673876,23.96706001573103,23.236392563620367,25.0,23.0
2017-05-03,11,23.0,24.759579020396316,24.611858703147362,24.549781497178316,24.39038597229201,23.266711584713512,25.0,26.0
2017-05-03,12,23.0,24.561303448699533,24.474866937740682,24.44729496754975,24.448228494047537,23.482688693173408,26.0,24.0
2017-05-03,13,24.0,24.44157328210236,24.32822935730163,24.31196297635642,24.29355213736533,23.608512555911254,26.0,23.0
2017-05-03,14,25.0,24.867517425187813,24.73300292956682,24.702242880112195,24.440518214435333,23.703037626651135,26.0,25.0
2017-05-03,15,26.0,24.64185802474704,24.52851409994631,24.53143673022729,24.481815397239064,23.747877746031932,25.0,24.0
2017-05-03,16,27.0,24.755484817500935,24.69001952875056,24.58087515600168,24.299979132742184,23.745779286109155,24.0,26.0
2017-05-03,17,25.0,24.867517425187813,24.73300292956682,24.702242880112195,24.440518214435333,23.959150953982224,25.0,25.0
2017-05-03,18,26.0,21.571984100674882,21.560543417920567,21.634754680668838,21.570395476492646,20.749999910028652,21.0,22.0
2017-05-03,19,22.0,21.25719765569866,21.275242338367004,21.30328690380545,21.23076274924478,20.717872922591425,20.0,22.0
2017-05-03,20,21.0,21.191358179907404,21.18466287954229,21.188917137610606,21.144175033788887,20.750711634628928,20.0,22.0
2017-05-03,21,23.0,22.11649707806525,22.099442766069398,22.121465183095083,22.096053369044885,21.047733810154057,23.0,21.0
2017-05-03,22,19.0,20.68094990681697,20.682112252915026,20.726014473469462,20.53643349501973,20.646440683823933,19.0,21.0
2017-05-03,23,19.0,20.66955307557983,20.600357586053253,20.865165108035768,20.305330081813654,20.498364038299314,18.0,21.0
2017-05-04,0,19.0,19.98410928682689,19.539734021894052,19.82128007214382,20.135106596435815,19.69107944623598,19.0,18.0
2017-05-04,1,19.0,20.008430714733908,19.616246354306845,19.92392044918873,20.213354457541595,19.58869792994822,19.0,19.0
2017-05-04,2,19.0,20.008430714733908,19.616246354306845,19.92392044918873,20.213354457541595,19.48956389225856,19.0,19.0
2017-05-04,3,18.0,19.93544813467608,19.504767051974806,20.013031299782995,19.971738729814362,19.293678306195165,18.0,19.0
2017-05-04,4,19.0,19.90355471077938,19.466669058698443,19.779546970581197,20.105401243498825,19.303000311827873,19.0,18.0
2017-05-04,5,20.0,20.28653878438608,19.844048295046356,20.111623662417227,20.432737452501502,19.282487032703408,20.0,20.0
2017-05-04,6,20.0,20.380777815553785,19.945537344652983,20.23762691513971,20.519325167957394,19.21415245612332,20.0,20.0
2017-05-04,7,20.0,20.380777815553785,19.945537344652983,20.23762691513971,20.519325167957394,19.169141258793925,20.0,20.0
2017-05-04,8,19.0,21.2017705447767,20.846719946904262,21.018877560313133,21.016744737774722,22.116938377051845,19.0,19.0
2017-05-04,9,22.0,21.501667723759102,21.079140457769533,21.30520274617706,21.611713661401584,22.287126408219365,21.0,21.0
2017-05-04,10,24.0,23.511641468417608,23.156697631802977,23.359958291922556,23.774987835273723,22.48596032968858,23.0,23.0
2017-05-04,11,23.0,23.01479363276617,22.661175793518776,22.87303095793723,23.557940739564213,22.45838390667372,22.0,23.0
2017-05-04,12,23.0,23.04217746151016,22.72129411658313,22.94135057819357,23.600614826759408,22.54697434759548,22.0,23.0
2017-05-04,13,23.0,23.979364840965687,23.676774486584495,23.755605512333062,24.44626196434858,22.73246748219286,23.0,24.0
2017-05-04,14,22.0,23.693693313009632,23.63152965599275,24.043550921678733,24.403633999156643,22.834998471836727,23.0,25.0
2017-05-04,15,25.0,23.693693313009632,23.63152965599275,24.043550921678733,24.403633999156643,22.94075304015549,23.0,26.0
2017-05-04,16,24.0,23.693693313009632,23.63152965599275,24.043550921678733,24.403633999156643,23.04216925951924,23.0,27.0
2017-05-04,17,24.0,23.701707136081072,23.654617162763827,24.043550921678733,24.403633999156643,23.173420763640166,23.0,25.0
2017-05-04,18,24.0,21.22087746417196,21.16121913734332,21.71292487517123,22.183638797892236,20.012550614026857,21.0,26.0
2017-05-04,19,23.0,20.780548281523835,20.44810928675166,20.62176395670506,21.34602252491955,19.9429693406299,19.0,22.0
2017-05-04,20,25.0,20.454742660177427,20.090270010161273,20.30635235966806,20.94316926591256,20.085554823106392,20.0,21.0
2017-05-04,21,24.0,20.90254468755937,20.560923131947796,20.789513242975953,21.38887489850886,20.064379773260473,20.0,23.0
2017-05-04,22,23.0,20.24091456414591,19.866644258012286,20.08536479908675,20.541983829256484,20.00391068347457,19.0,19.0
2017-05-04,23,19.0,20.24091456414591,19.866644258012286,20.06617578786056,20.53096600340427,19.95516939208822,19.0,19.0
2017-05-05,0,19.0,20.109450041559587,19.844200084680356,20.354233040657014,20.143305667269612,19.97049486360192,19.0,19.0
2017-05-05,1,19.0,20.174341171570454,19.936970061542432,20.421079373831066,20.271543886317087,19.943733976625367,20.0,19.0
2017-05-05,2,19.0,20.02889546551208,19.806500963614095,20.31249993909439,20.1207365899303,19.721513034955247,19.0,19.0
2017-05-05,3,19.0,19.924019461557553,19.66215278521405,20.168126460486857,19.986868446447065,19.607585889624765,19.0,18.0
2017-05-05,4,19.0,20.02889546551208,19.793519277070615,20.31249993909439,20.111497445503957,19.476276386609488,19.0,19.0
2017-05-05,5,20.0,20.307003535164252,20.026550335018484,20.500203152322886,20.338016716061542,19.457332699359704,20.0,20.0
2017-05-05,6,21.0,20.381469782782222,20.108081303046333,20.580333439063928,20.424604431517434,19.38482202080734,20.0,20.0
2017-05-05,7,20.0,20.574772777469107,20.31591248907822,20.78818966843006,20.643583115672794,19.437514895149054,21.0,20.0
2017-05-05,8,20.0,21.150119014971928,20.86196024491598,21.141464112246915,21.07283129772155,21.955191204648592,20.0,19.0
2017-05-05,9,22.0,22.106418847197826,21.54397463414858,22.195605892346016,22.018507993664965,22.131042864734997,22.0,22.0
2017-05-05,10,23.0,23.017181008725117,22.519065633474764,23.19321737436933,23.160592662067867,22.168203679115887,22.0,24.0
2017-05-05,11,23.0,23.625008968062776,23.1588501847429,23.81537618274297,23.75947028688546,22.371055433123743,23.0,23.0
2017-05-05,12,23.0,23.652392796806765,23.163930585084092,23.81537618274297,23.785599035128858,22.49136651777655,23.0,23.0
2017-05-05,13,24.0,24.038763369190725,23.45882982362406,24.024648157499364,23.99866192631182,22.722393599448402,24.0,23.0
2017-05-05,14,25.0,23.156172582224094,22.613923856613248,23.181930303032082,23.017921957994,22.695054190663065,22.0,22.0
2017-05-05,15,24.0,23.62948368021976,23.287728822639625,24.1261416483905,24.14562800338182,22.985620924002,24.0,25.0
2017-05-05,16,25.0,23.46469115020958,22.940381970347886,23.50837658690681,23.507686018845984,22.947084742917234,22.0,24.0
2017-05-05,17,25.0,24.266830770016835,23.656929710483052,24.224932900144044,24.18692518618555,23.25000929121773,24.0,24.0
2017-05-05,18,23.0,21.252741833503105,20.686819659694734,21.41757526366851,21.485528650058523,20.362437127749565,20.0,24.0
2017-05-05,19,22.0,20.899161301436816,20.36216368263262,21.055552095912322,21.07139096218006,20.340767812048906,19.0,23.0
2017-05-05,20,22.0,20.434684715424485,20.0737356365827,21.302932884344248,21.20231013535129,20.242613733628716,18.0,25.0
2017-05-05,21,23.0,21.170375080639385,20.6161982824488,21.313040127622855,21.374691516685303,20.43045760094843,20.0,24.0
2017-05-05,22,19.0,20.853094609195292,20.291542305386685,21.010274945587643,20.98480324672417,20.303165768822907,19.0,23.0
2017-05-05,23,20.0,20.31229096813295,20.069684102557343,20.617326583940308,20.061307944005733,20.186590786829793,18.0,19.0
2017-05-06,0,19.0,19.461474961584653,19.15048845172948,19.47262387986682,19.45717485216655,19.029729724976328,19.0,19.0
2017-05-06,1,20.0,19.584465610670176,19.261114453852855,19.59756978517904,19.618745512023622,19.00850069419128,20.0,19.0
2017-05-06,2,19.0,19.4390199046118,19.130645355924518,19.488990350442364,19.467938215636835,18.791434621855043,19.0,19.0
2017-05-06,3,20.0,19.4390199046118,19.130645355924518,19.488990350442364,19.467938215636835,18.668120759831112,19.0,19.0
2017-05-06,4,19.0,19.4390199046118,19.117663669381038,19.488990350442364,19.458699071210493,18.55402119956041,19.0,19.0
2017-05-06,5,19.0,19.585423448259252,19.241040379577395,19.5963367257364,19.528085149652178,18.443684759402146,19.0,20.0
2017-05-06,6,19.0,19.732434472735385,19.371274846389362,19.753658677528215,19.66803388289874,18.358089060190267,19.0,21.0
2017-05-06,7,19.0,18.776502723755204,18.420238545171326,18.809472986023923,18.678713174023677,18.236811015793826,18.0,20.0
2017-05-06,8,18.0,18.436132716559353,18.05192646411516,18.39109631816021,18.34967595151818,18.22888555633561,18.0,20.0
2017-05-06,9,18.0,18.077402472869604,17.72538984189766,18.055541304687118,17.91350619072235,18.13456997126778,17.0,22.0
2017-05-06,10,17.0,18.077402472869604,17.72538984189766,18.055541304687118,17.91350619072235,18.18111750234212,17.0,23.0
2017-05-06,11,18.0,18.077402472869604,17.72538984189766,18.055541304687118,17.91350619072235,18.177945144275,16.0,23.0
2017-05-06,12,18.0,18.104786301613593,17.73047024223885,18.055541304687118,17.91350619072235,18.386252342435135,17.0,23.0
2017-05-06,13,17.0,18.08868364486061,17.730356713711267,18.039174834111574,17.902742827252066,18.50440629487322,17.0,24.0
2017-05-06,14,18.0,18.32841018078753,17.83368508058607,18.204369107017868,18.01584190222923,18.63134134946483,17.0,25.0
2017-05-06,15,17.0,18.08868364486061,17.730356713711267,18.039174834111574,17.902742827252066,18.692150800430976,16.0,24.0
2017-05-06,16,17.0,18.32841018078753,17.83368508058607,18.204369107017868,18.01584190222923,18.809647312655883,16.0,25.0
2017-05-06,17,17.0,18.910254316284185,18.415529216082724,18.786213242514524,18.618158821458998,19.01690867446719,17.0,25.0
2017-05-06,18,17.0,18.670527780357265,18.312200849207922,18.62101896960823,18.505059746481834,19.133527932320114,17.0,23.0
2017-05-06,19,18.0,18.83596784361878,18.426390581879357,18.787304805643995,18.710281824833473,19.11258689930336,16.0,22.0
2017-05-06,20,17.0,18.83596784361878,18.426390581879357,18.787304805643995,18.710281824833473,19.23125058375804,17.0,22.0
2017-05-06,21,19.0,19.597656104553675,19.17981693986782,19.4948319491014,19.413723504863313,19.39486448379206,19.0,23.0
2017-05-06,22,19.0,19.517258345705088,19.105636634319836,19.417640284050627,19.38945314582115,19.406967118045618,19.0,19.0
2017-05-06,23,20.0,19.544485442493812,19.123028868742065,19.417640284050627,19.378435319968936,19.320008458368104,19.0,20.0
2017-05-07,0,20.0,19.377514821454557,19.063287201301705,19.516740538767994,19.396855733929577,17.996990192080823,19.0,19.0
2017-05-07,1,19.0,19.38228686127043,19.043444105496743,19.53310700934354,19.407619097399863,17.877639648572696,19.0,20.0
2017-05-07,2,20.0,19.355059764481705,19.043444105496743,19.53310700934354,19.407619097399863,17.776506298168517,19.0,19.0
2017-05-07,3,19.0,19.38228686127043,19.043444105496743,19.53310700934354,19.407619097399863,17.64675677721779,19.0,20.0
2017-05-07,4,19.0,18.631929217272646,18.296992685297347,18.787765669395252,18.705956098795895,17.458603616260262,18.0,19.0
2017-05-07,5,20.0,19.474236211340433,19.193988605698618,19.640453384637574,19.467766031415206,17.459167143794847,19.0,19.0
2017-05-07,6,19.0,19.520302903581957,19.238021782363624,19.685730534962254,19.527544797258535,17.388598552399568,19.0,19.0
2017-05-07,7,19.0,19.406113170910523,19.12383204969219,19.57154080229082,19.37059667580766,17.345821369885364,19.0,19.0
2017-05-07,8,18.0,18.19166992030956,17.77612716894383,18.218172165546605,18.155488689797973,17.254622549421143,18.0,18.0
2017-05-07,9,17.0,17.83101934515003,17.392802475600575,17.857521590387073,17.778119124074898,17.182272505371575,17.0,18.0
2017-05-07,10,18.0,17.83101934515003,17.553299766961718,18.00777398282845,17.85044467713189,17.249068998716133,17.0,17.0
2017-05-07,11,17.0,17.83101934515003,17.392802475600575,17.857521590387073,17.778119124074898,17.41054782781346,18.0,18.0
2017-05-07,12,17.0,17.83101934515003,17.392802475600575,17.857521590387073,17.778119124074898,17.422579326256745,17.0,18.0
2017-05-07,13,17.0,17.814916688397044,17.553186238434133,17.991407512252906,17.839681313661604,17.5591401250625,17.0,17.0
2017-05-07,14,18.0,17.814916688397044,17.498938840521266,17.84115511981153,17.767355760604612,17.677483730764305,17.0,18.0
2017-05-07,15,17.0,17.814916688397044,17.65943613188241,17.991407512252906,17.839681313661604,17.82444350701266,17.0,17.0
2017-05-07,16,17.0,17.814916688397044,17.65943613188241,17.991407512252906,17.839681313661604,17.950092256912402,17.0,17.0
2017-05-07,17,17.0,18.3967608238937,18.241280267379064,18.57325164774956,18.40720163567722,18.06026695437428,17.0,17.0
2017-05-07,18,18.0,18.3967608238937,18.241280267379064,18.57325164774956,18.40720163567722,18.05451783136835,16.0,17.0
2017-05-07,19,17.0,18.510950556565135,18.194972708689356,18.53718898797962,18.491824204071104,18.194219935535596,17.0,18.0
2017-05-07,20,18.0,18.510950556565135,18.3554700000505,18.687441380420996,18.564149757128096,18.33025561798429,18.0,17.0
2017-05-07,21,19.0,19.377514821454557,19.092747245077863,19.42690380653544,19.32913402758418,18.392189310644643,19.0,19.0
2017-05-07,22,20.0,19.377514821454557,19.092747245077863,19.42690380653544,19.32913402758418,18.35641637594113,19.0,19.0
2017-05-07,23,19.0,19.404741918243282,18.986497351629588,19.42690380653544,19.318116201731964,18.27804916515342,19.0,20.0
2017-05-08,0,19.0,19.467349566270197,18.22663254439662,18.759774515404057,18.62801820969033,19.41404024973491,19.0,20.0
2017-05-08,1,19.0,19.359567893433965,18.188933423330358,18.718041413841433,18.60544913235102,19.326704452002254,19.0,19.0
2017-05-08,2,19.0,19.38679499022269,18.188933423330358,18.718041413841433,18.60544913235102,19.202033589572704,19.0,20.0
2017-05-08,3,20.0,19.50501359949234,18.319402521258695,18.82662084857811,18.756256428737807,19.19695003019835,20.0,19.0
2017-05-08,4,20.0,19.286585313376136,18.114153694257652,18.748506523314568,18.28057677825006,18.90414997682058,18.0,19.0
2017-05-08,5,19.0,19.913507417959277,18.73600459330428,19.190681312356745,18.818506231581814,18.986121929177187,20.0,20.0
2017-05-08,6,20.0,19.95211979696181,18.810636010989626,19.281831428662866,18.905093947037706,18.92994435059611,20.0,19.0
2017-05-08,7,20.0,20.17264988843742,19.01846719702151,19.489687658029,19.124072631193066,18.98011742830996,21.0,19.0
2017-05-08,8,20.0,20.976771151393244,19.944832943976913,20.23659493996613,19.753796724434714,21.558341287456777,18.0,18.0
2017-05-08,9,21.0,20.969995382399482,20.026867811823077,20.41824802066757,20.178228131471634,21.964750014622794,22.0,17.0
2017-05-08,10,23.0,22.303147537402523,21.271573412508943,21.61534133698504,21.49140952197453,22.093936485788646,23.0,18.0
2017-05-08,11,22.0,23.05091640696572,22.123318240117005,22.439213234981096,22.241421218775393,22.278952826911343,24.0,17.0
2017-05-08,12,23.0,23.079943493091257,22.181807318728318,22.587883893589183,22.237755716740878,22.567180095362513,26.0,17.0
2017-05-08,13,23.0,23.240510287785032,22.309176257176585,22.65283664504053,22.26032479408019,22.68553945173622,26.0,17.0
2017-05-08,14,22.0,23.26829294596646,22.25274400347803,22.521773263825345,22.199017066875413,22.893321932475384,27.0,18.0
2017-05-08,15,23.0,23.239265859840923,22.370257894022913,22.591674617914975,22.317682209162115,22.75618641443654,24.0,17.0
2017-05-08,16,23.0,22.780796699864872,21.970062211645345,22.191481223335153,21.927373770761434,22.785612814015437,23.0,17.0
2017-05-08,17,22.0,22.082068395775767,21.27133390755624,21.492752919246048,21.167618107087318,22.80056578331187,22.0,17.0
2017-05-08,18,21.0,19.887979298650727,18.780582962583658,19.193605528718745,19.042418098178825,19.828725300317586,20.0,18.0
2017-05-08,19,20.0,20.14937889609984,19.25275122803458,19.596307201234566,19.45241277146053,19.996631720642455,21.0,17.0
2017-05-08,20,20.0,19.785839762237273,18.690003503758945,19.019977776802925,18.931580964805605,19.919678615473245,20.0,18.0
2017-05-08,21,23.0,20.481997622007718,19.40013267954786,19.73014324429748,19.575358186105017,20.091647961797864,22.0,19.0
2017-05-08,22,20.0,19.77249715692215,18.681530470482592,19.033420838760964,18.775493975753978,19.764989199845125,19.0,20.0
2017-05-08,23,19.0,19.745270060133425,18.575280577034317,19.014231827534772,18.764476149901764,19.718337690405733,19.0,19.0
2017-05-09,0,20.0,19.440122469481473,18.53791180061362,18.726572249478902,18.55026480525908,20.08566737357012,19.0,19.0
2017-05-09,1,19.0,19.50501359949234,18.630681777475697,18.793418582652954,18.678503024306554,20.073798150096444,20.0,19.0
2017-05-09,2,19.0,19.359567893433965,18.50021267954736,18.68483914791628,18.527695727919767,19.865454029671117,19.0,19.0
2017-05-09,3,19.0,19.38679499022269,18.51760491396959,18.68483914791628,18.527695727919767,19.7358165742052,19.0,20.0
2017-05-09,4,19.0,19.38679499022269,18.50462322742611,18.68483914791628,18.52055945232209,19.627464070473998,19.0,20.0
2017-05-09,5,20.0,19.886280321170553,18.73162910037873,19.15747904643159,18.740752827150562,19.64189495747328,20.0,19.0
2017-05-09,6,19.0,20.17264988843742,19.03148393851819,19.456485392103843,19.046319226761813,19.651059469969717,21.0,20.0
2017-05-09,7,20.0,19.979346893750535,18.823652752486304,19.24862916273771,18.827340542606454,19.514735880220375,20.0,20.0
2017-05-09,8,19.0,20.48805174832426,19.602489700419344,19.744943122624317,19.331086008152894,22.165665006981197,19.0,20.0
2017-05-09,9,23.0,20.76969455706628,19.831201898372825,20.044371205932087,19.850949328194854,22.359999577813795,21.0,21.0
2017-05-09,10,22.0,22.719914438141153,21.856178910159628,21.9937220371116,21.88374316580825,22.572300035040946,23.0,23.0
2017-05-09,11,23.0,23.206215185043074,22.28197509268684,22.43926965634197,22.172417403923976,22.94833090720168,26.0,22.0
2017-05-09,12,25.0,23.235017925418482,22.330266741915736,22.503006641536565,22.404288772190288,22.852881085610516,24.0,23.0
2017-05-09,13,25.0,23.169780942422072,22.2901053802723,22.400420519794142,22.236364035685952,22.88196056438182,23.0,23.0
2017-05-09,14,26.0,23.39456463791828,22.42266485314447,22.59173103927585,22.248678394310698,23.21485621314703,25.0,22.0
2017-05-09,15,26.0,23.423367378293687,22.455450824578314,22.587148404214105,22.437875675381814,23.240549347524897,24.0,23.0
2017-05-09,16,26.0,23.452394464419225,22.498434225394572,22.667499442565852,22.391536086152104,23.553168045951395,26.0,23.0
2017-05-09,17,25.0,23.39456463791828,22.42266485314447,22.59173103927585,22.248678394310698,23.583574020936585,25.0,22.0
2017-05-09,18,22.0,20.67741853083258,19.772477393789206,19.973728771663804,19.74834362520643,20.648568517650364,22.0,21.0
2017-05-09,19,21.0,20.547837097798975,19.713133735563527,19.81131074456717,19.61155648973468,20.722387696341926,22.0,20.0
2017-05-09,20,20.0,20.481997622007718,19.622554276738814,19.696940978372325,19.52496877427879,20.751136161869635,22.0,20.0
2017-05-09,21,25.0,20.697063362546434,19.806388696759765,19.906822784224126,19.776293529062567,20.612286602659807,21.0,23.0
2017-05-09,22,20.0,20.18841542426311,19.328972078994205,19.403358780627716,19.242663815544958,20.618065643471375,21.0,20.0
2017-05-09,23,19.0,20.18841542426311,19.311579844571977,19.384169769401524,19.231645989692744,20.567455542391624,21.0,19.0
2017-05-10,0,19.0,19.984320438431286,19.976265146615884,20.231592467477565,19.668742054195615,20.14926208295302,18.0,20.0
2017-05-10,1,20.0,19.98807905937872,19.972791733068178,20.159394256441807,19.963909055359583,20.145090777497135,19.0,19.0
2017-05-10,2,19.0,19.98807905937872,19.972791733068178,20.159394256441807,19.963909055359583,20.0245759948488,19.0,19.0
2017-05-10,3,19.0,19.98807905937872,19.972791733068178,20.159394256441807,19.963909055359583,19.90385831655629,19.0,19.0
2017-05-10,4,19.0,19.91509647932089,19.905764573330593,20.18985936591494,19.639036701258625,19.69822290842962,18.0,19.0
2017-05-10,5,20.0,20.261457078631377,20.225700340937127,20.355337190864617,20.17141122785433,19.776194707811893,20.0,20.0
2017-05-10,6,19.0,20.30006945763391,20.282939524200245,20.446487307170738,20.25799894331022,19.71865275154451,20.0,19.0
2017-05-10,7,21.0,20.327296554422635,20.300331758622473,20.446487307170738,20.25799894331022,19.662848933902406,20.0,20.0
2017-05-10,8,20.0,21.08933581748029,21.065429088853055,21.219498231149846,20.76729933559271,22.220202873324297,19.0,19.0
2017-05-10,9,21.0,21.903837576893924,21.846330778641395,22.031038734627934,21.913002302849083,22.37685246882326,21.0,23.0
2017-05-10,10,23.0,23.27262724025513,23.21524305482693,23.34211560440708,23.212353049109556,22.635486362250692,23.0,22.0
2017-05-10,11,23.0,23.736340191613184,23.723772531084112,23.874395287114723,23.848547562964566,22.709005350549916,23.0,23.0
2017-05-10,12,23.0,24.203629608822446,24.179920904818378,24.41175604813522,24.01482129313713,22.792913550338632,23.0,25.0
2017-05-10,13,26.0,24.590000181206406,24.5536293922233,24.644247672780338,24.26373344532095,23.015164353833242,24.0,25.0
2017-05-10,14,24.0,24.646809925513374,24.59442793725387,24.743787722358277,24.228411681943452,23.232604058134612,25.0,26.0
2017-05-10,15,23.0,24.646809925513374,24.59442793725387,24.743787722358277,24.228411681943452,23.46405996142359,26.0,26.0
2017-05-10,16,23.0,24.646809925513374,24.59442793725387,24.743787722358277,24.228411681943452,23.686905624847885,27.0,26.0
2017-05-10,17,21.0,24.646809925513374,24.59442793725387,24.743787722358277,24.228411681943452,23.62614408076324,25.0,25.0
2017-05-10,18,22.0,22.62375944444857,22.53350438598096,22.706270016264124,22.499055231963112,21.20343111002239,26.0,22.0
2017-05-10,19,21.0,21.335809052585244,21.37383983123881,21.467739293522474,21.32140768967443,20.90233330416678,22.0,21.0
2017-05-10,20,20.0,20.88310600663797,20.869003530263402,20.95662728820736,20.794894524256613,20.84900665271008,21.0,20.0
2017-05-10,21,23.0,22.734078461428656,22.69630952246317,22.825710701804624,22.373405640345926,20.95935946121328,23.0,25.0
2017-05-10,22,23.0,20.42484438833198,20.443983518942744,20.553487080415454,20.222607287429355,20.61375970374634,19.0,20.0
2017-05-10,23,21.0,20.397617291543256,20.426591284520516,20.534298069189262,20.21158946157714,20.557450970744743,19.0,19.0
2017-05-11,0,19.0,20.151330133047963,20.055847180007223,20.151000466929652,20.06548031250038,20.241144750480185,19.0,19.0
2017-05-11,1,20.0,20.09800265378918,20.03554029336319,20.109267365367028,20.042911235161068,20.12867985075474,19.0,20.0
2017-05-11,2,19.0,20.070775557000456,20.018148058940962,20.109267365367028,20.042911235161068,20.033962898888515,19.0,19.0
2017-05-11,3,19.0,19.997792976942627,19.956350016411736,20.139732474840162,19.801295507433835,19.830008597918837,18.0,19.0
2017-05-11,4,18.0,20.070775557000456,20.005166372397483,20.109267365367028,20.03577495956339,19.819325957502226,19.0,19.0
2017-05-11,5,19.0,20.344153576253113,20.26330409747479,20.305210299789838,20.250413407655813,19.8087339409894,20.0,20.0
2017-05-11,6,19.0,20.41116551063209,20.34740091265919,20.43121355251232,20.337001123111705,19.75288516513903,20.0,19.0
2017-05-11,7,21.0,20.531673979832224,20.43679526754354,20.53437359388798,20.449538840666126,19.68157486373649,20.0,21.0
2017-05-11,8,18.0,21.266010624479424,21.147282711734228,21.20422447649143,20.846301515394195,22.457783524967795,19.0,20.0
2017-05-11,9,22.0,21.841235630966054,21.682235569668762,21.79723475754381,21.621105801564962,22.741504171883474,22.0,21.0
2017-05-11,10,21.0,23.723677091986502,23.581160683802658,23.62054226417248,23.5894524868932,22.94840680825897,24.0,23.0
2017-05-11,11,23.0,23.78717302388346,23.704682237580307,23.726429501953568,23.686336378392745,22.930226602764094,23.0,23.0
2017-05-11,12,23.0,23.81455685262745,23.725268315716555,23.794749122209907,23.702881717344543,23.02890042712354,23.0,23.0
2017-05-11,13,22.0,24.32105557176041,24.183689050187372,24.230792766190838,23.849050437661223,23.10332236877292,23.0,26.0
2017-05-11,14,23.0,23.546378731276175,23.4301827805234,23.530158187488663,23.42496870106167,23.163161516268207,22.0,24.0
2017-05-11,15,22.0,24.14994229249068,23.989429178830143,24.126780796432964,23.880622845150008,23.585195315276604,25.0,23.0
2017-05-11,16,22.0,24.120915206365144,23.946445778013885,24.046429758081217,23.926962434379718,23.613088210990842,24.0,23.0
2017-05-11,17,22.0,24.030095060323788,23.852919238304565,23.970661354791215,23.734431131012045,23.748231755843555,24.0,21.0
2017-05-11,18,22.0,22.526802485297374,22.38015350115067,22.531931824199845,22.437168097805397,20.951225546000018,24.0,22.0
2017-05-11,19,20.0,21.999042945158717,21.962200651313882,22.072480443899046,21.972936629961122,20.932404829657926,23.0,21.0
2017-05-11,20,19.0,22.32741834305764,22.24279815522087,22.335495069260112,22.11778004612178,21.164626241101466,25.0,20.0
2017-05-11,21,20.0,22.42466294888392,22.30751358807511,22.37624264907308,22.320798433260407,21.02991857550739,24.0,23.0
2017-05-11,22,20.0,22.198859171193735,22.13998328798341,22.20870377587931,22.13030461941676,20.90612755744151,23.0,23.0
2017-05-11,23,20.0,20.524974700192786,20.454290679334797,20.54347095685239,20.288347222022836,20.501504776426685,19.0,21.0
2017-05-12,0,19.0,20.118072209420077,20.04677166264729,20.177895262946546,20.122426377603393,19.77444124155626,19.0,19.0
2017-05-12,1,19.0,20.064744730161294,20.02646477600326,20.136162161383922,20.09985730026408,19.663283447091256,19.0,20.0
2017-05-12,2,19.0,20.03751763337257,20.00907254158103,20.136162161383922,20.09985730026408,19.569784523422065,19.0,19.0
2017-05-12,3,19.0,20.03751763337257,20.00907254158103,20.136162161383922,20.09985730026408,19.46040413667611,19.0,19.0
2017-05-12,4,19.0,19.932641629418043,19.851742676637507,19.991788682776388,19.956750012354505,19.370809411365965,19.0,18.0
2017-05-12,5,19.0,20.283668555836503,20.23683634569263,20.33210509580673,20.30525660393016,19.3607219186517,20.0,19.0
2017-05-12,6,19.0,20.578664894930082,20.526198499752365,20.620091611913907,20.610823003541412,19.38475989282889,21.0,19.0
2017-05-12,7,20.0,20.478643272654605,20.40776166860483,20.486261985382217,20.487349180065262,19.21974953805537,20.0,21.0
2017-05-12,8,20.0,21.028533319525344,20.809205039591614,20.820752855928912,20.918083864572097,22.139355723805433,20.0,18.0
2017-05-12,9,21.0,22.153167490820493,21.982618631121777,22.03237101207939,21.984492628460178,22.287305909530133,22.0,22.0
2017-05-12,10,22.0,23.089176821419347,23.000563160410703,23.04774447334659,23.019161960747624,22.441074541712176,23.0,21.0
2017-05-12,11,22.0,23.644439209611836,23.597494181716097,23.6295935089975,23.698885594015522,22.487577671032255,23.0,23.0
2017-05-12,12,22.0,23.671823038355825,23.60257458205729,23.6295935089975,23.698885594015522,22.58494439013126,23.0,23.0
2017-05-12,13,22.0,23.920351565592572,23.74798267210452,23.763097080463893,23.769090793357076,22.806840409592724,24.0,22.0
2017-05-12,14,21.0,24.007208478219056,23.866735445170878,23.919216522105643,23.876626721820987,23.01107755825838,25.0,23.0
2017-05-12,15,22.0,23.920351565592572,23.74798267210452,23.763097080463893,23.78010861920929,23.057953533946545,24.0,22.0
2017-05-12,16,21.0,23.94937865171811,23.790966072920778,23.84344811881564,23.73376902997958,23.27209978759658,25.0,22.0
2017-05-12,17,21.0,23.94937865171811,23.790966072920778,23.84344811881564,23.73376902997958,23.379112201963885,25.0,22.0
2017-05-12,18,21.0,22.107860894495705,22.039525468559845,22.106435538738708,22.194255237375234,20.385943800462307,23.0,22.0
2017-05-12,19,20.0,21.06429945438658,21.089089247662532,21.092161262648176,21.113679982278775,20.381108471135786,22.0,20.0
2017-05-12,20,20.0,21.018232762145054,21.00107563599437,21.046884112323497,21.027092266822883,20.42677846698022,22.0,19.0
2017-05-12,21,19.0,21.71696106623416,21.717196174505702,21.7456124164126,21.786847930497,20.507555928932536,23.0,20.0
2017-05-12,22,19.0,20.308732297059485,20.29986566135133,20.35016170678698,20.227228056471844,20.104226946295043,19.0,20.0
2017-05-12,23,19.0,20.45417800311786,20.452686873027726,20.481092123436476,20.445750165511324,20.140835435284576,20.0,20.0
2017-05-13,0,19.0,19.379231544160202,19.459266118617634,19.601134996823617,19.529870631160744,18.5391575887553,19.0,19.0
2017-05-13,1,19.0,19.502222193245725,19.56989212074101,19.726080902135838,19.691441291017817,18.533917256245285,20.0,19.0
2017-05-13,2,19.0,19.35677648718735,19.439423022812672,19.617501467399162,19.54063399463103,18.331750278819214,19.0,19.0
2017-05-13,3,19.0,19.502222193245725,19.56989212074101,19.726080902135838,19.691441291017817,18.314758529343198,20.0,19.0
2017-05-13,4,19.0,19.35677648718735,19.426441336269193,19.617501467399162,19.531394850204688,18.11694829046982,19.0,19.0
2017-05-13,5,20.0,19.457481703592908,19.536717728995935,19.704864967085296,19.595226001910323,18.026596560833852,19.0,19.0
2017-05-13,6,18.0,19.531947951210878,19.607608537582223,19.784995253826338,19.655004767753653,17.956919117026477,19.0,19.0
2017-05-13,7,19.0,19.444985315328168,19.49341880491079,19.670805521154904,19.49805664630278,17.899437483580943,19.0,20.0
2017-05-13,8,17.0,18.353889299134902,18.343311896581085,18.519607435117006,18.422371730512374,17.79181264724502,18.0,20.0
2017-05-13,9,17.0,18.014533170243453,18.031989323699953,18.184052421643916,18.042101578077617,17.795021044123292,18.0,21.0
2017-05-13,10,17.0,17.995159055445153,18.02943373660003,18.184052421643916,18.144921011080715,17.735246462649712,17.0,22.0
2017-05-13,11,18.0,17.995159055445153,18.02943373660003,18.184052421643916,18.144921011080715,17.9042309490701,18.0,22.0
2017-05-13,12,17.0,18.022542884189143,18.034514136941223,18.184052421643916,18.171049759324113,18.00302147925637,18.0,22.0
2017-05-13,13,17.0,18.086452446082426,18.108122384656276,18.16768595106837,18.160286395853827,18.025472067064012,17.0,22.0
2017-05-13,14,17.0,18.133609219062155,18.10849311597051,18.16768595106837,18.05746696285073,18.258662603131135,18.0,21.0
2017-05-13,15,16.0,18.114235104263855,18.105937528870587,18.16768595106837,18.160286395853827,18.279051304561357,17.0,22.0
2017-05-13,16,17.0,18.133609219062155,18.10849311597051,18.16768595106837,18.05746696285073,18.41435713237695,17.0,21.0
2017-05-13,17,18.0,18.71545335455881,18.690337251467167,18.749530086565027,18.659783882080497,18.521919117310546,17.0,21.0
2017-05-13,18,17.0,18.71545335455881,18.690337251467167,18.749530086565027,18.659783882080497,18.608806816415548,17.0,21.0
2017-05-13,19,18.0,18.808348640962162,18.732524863676478,18.83862425755002,18.784835993028903,18.77702667485754,18.0,20.0
2017-05-13,20,18.0,18.808348640962162,18.732524863676478,18.83862425755002,18.784835993028903,18.714805827093425,17.0,20.0
2017-05-13,21,19.0,19.542809805108334,19.48595122166494,19.546151401007425,19.488277673058743,18.91586362491045,19.0,19.0
2017-05-13,22,19.0,19.542809805108334,19.48595122166494,19.546151401007425,19.488277673058743,18.885507188639398,19.0,19.0
2017-05-13,23,19.0,19.68825551116671,19.638772433341337,19.67708181765692,19.706799782098223,18.920788896914306,20.0,19.0
2017-05-14,0,19.0,19.232018089080956,19.28763083940078,19.38216801062954,19.36463184562629,17.606446820566916,20.0,19.0
2017-05-14,1,19.0,19.06411732604973,19.13731864566748,19.28995504646841,19.224587912709787,17.411256244153968,19.0,19.0
2017-05-14,2,19.0,19.209563032108104,19.267787743595818,19.398534481205086,19.375395209096574,17.393448143689273,20.0,19.0
2017-05-14,3,19.0,19.06411732604973,19.13731864566748,19.28995504646841,19.224587912709787,17.18708443479619,19.0,19.0
2017-05-14,4,19.0,19.06411732604973,19.124336959124,19.28995504646841,19.215348768283445,17.081025020956066,19.0,19.0
2017-05-14,5,19.0,19.353586924371466,19.395386905896007,19.51587223834357,19.470530553448036,17.069270797835827,20.0,20.0
2017-05-14,6,20.0,19.13441278611873,19.161155982036988,19.313075354288053,19.205090542349176,16.93331094859957,19.0,18.0
2017-05-14,7,18.0,19.125099057401822,19.191314427765597,19.343259100224152,19.182010564381535,16.876210357570933,19.0,19.0
2017-05-14,8,18.0,17.92912703725403,17.89685934103585,18.04768753557872,18.033261500642375,16.797329287761535,18.0,17.0
2017-05-14,9,17.0,17.568476462094498,17.513534647692595,17.68703696041919,17.6558919349193,16.722600162949977,17.0,17.0
2017-05-14,10,17.0,17.568476462094498,17.513534647692595,17.68703696041919,17.6558919349193,16.866010844236886,18.0,17.0
2017-05-14,11,18.0,17.62372147175219,17.582316587592448,17.68703696041919,17.6558919349193,16.836823150352476,17.0,18.0
2017-05-14,12,17.0,17.65110530049618,17.58739698793364,17.68703696041919,17.682020683162698,16.952321288387427,17.0,17.0
2017-05-14,13,18.0,17.715014862389463,17.661005235648695,17.670670489843644,17.671257319692412,17.071194150399165,17.0,17.0
2017-05-14,14,17.0,17.742797520570893,17.658820379863005,17.670670489843644,17.4907244317911,17.29326844555916,18.0,17.0
2017-05-14,15,19.0,17.742797520570893,17.658820379863005,17.670670489843644,17.317701953489436,17.343599773695622,17.0,16.0
2017-05-14,16,17.0,17.742797520570893,17.658820379863005,17.670670489843644,17.317701953489436,17.453056139489952,17.0,17.0
2017-05-14,17,18.0,18.32464165606755,18.24066451535966,18.2525146253403,17.885222275505054,17.547921980919803,17.0,18.0
2017-05-14,18,17.0,18.32464165606755,18.341449947050172,18.35330028240431,17.885222275505054,17.742531995483958,18.0,17.0
2017-05-14,19,18.0,18.438831388738983,18.455639679721607,18.467490015075743,18.042170396955928,17.695688265424543,17.0,18.0
2017-05-14,20,18.0,18.438831388738983,18.455639679721607,18.467490015075743,18.042170396955928,17.819406197218413,18.0,18.0
2017-05-14,21,20.0,19.305395653628405,19.353414216110114,19.319390637140682,18.818676224934524,17.897532273984176,19.0,19.0
2017-05-14,22,20.0,19.45084135968678,19.50623542778651,19.450321053790177,19.048216159826218,17.958387787392564,20.0,19.0
2017-05-14,23,20.0,19.305395653628405,19.353414216110114,19.319390637140682,18.80765839908231,17.803916493833512,19.0,19.0
2017-05-15,0,19.0,20.189923946976762,20.046104722964373,20.17692805249264,20.14202107591309,19.548761910210818,19.0,19.0
2017-05-15,1,19.0,20.109369370929254,20.00840560189811,20.135194950930018,20.119451998573776,19.45708932227293,19.0,19.0
2017-05-15,2,19.0,20.109369370929254,20.00840560189811,20.135194950930018,20.119451998573776,19.355062467615312,19.0,19.0
2017-05-15,3,19.0,20.25481507698763,20.13887469982645,20.243774385666693,20.270259294960564,19.343748702702975,20.0,19.0
2017-05-15,4,19.0,20.25481507698763,20.12589301328297,20.243774385666693,20.263123019362887,19.243823304321474,20.0,19.0
2017-05-15,5,19.0,20.210074587334812,20.105700308081374,20.22255845061615,20.176146874681734,19.062682448464592,19.0,19.0
2017-05-15,6,19.0,20.476986421349615,20.465856490817227,20.45714113807531,20.551275994862824,19.073653839518567,20.0,20.0
2017-05-15,7,21.0,20.344883320606364,20.321508312417183,20.312767659467777,20.45045905641773,19.056677947597365,20.0,18.0
2017-05-15,8,19.0,21.120157840631762,21.134753178754902,20.914382995906752,21.11056674508701,22.054625613812764,20.0,18.0
2017-05-15,9,20.0,21.38808987078431,21.442440164452723,21.321544100032003,21.448416877213415,22.174631716283674,21.0,17.0
2017-05-15,10,23.0,23.119700227486486,23.246101258198866,23.067348010489987,23.143146496535696,22.403576362686344,23.0,17.0
2017-05-15,11,23.0,22.710271632984526,22.838424807979113,22.642045817375738,22.670768538204772,22.365079453296023,22.0,18.0
2017-05-15,12,22.0,23.43638376581762,23.604650176282046,23.409093741721183,23.447069540830686,22.564115542253585,23.0,17.0
2017-05-15,13,23.0,23.516938341865128,23.658297338487674,23.47404649317253,23.46963861817,22.659185082145676,23.0,18.0
2017-05-15,14,22.0,22.818210037776023,22.95956903439857,22.794507200309617,22.720900780348096,22.69870752574551,22.0,17.0
2017-05-15,15,23.0,23.516938341865128,23.658297338487674,23.493235504398722,23.480656444022213,22.886660878666298,23.0,19.0
2017-05-15,16,22.0,23.516938341865128,23.658297338487674,23.493235504398722,23.480656444022213,23.031423139032274,23.0,17.0
2017-05-15,17,22.0,22.826223860847463,22.97267131430787,22.794507200309617,22.720900780348096,23.028905007445687,22.0,18.0
2017-05-15,18,21.0,20.891482764581504,20.95408863478621,20.95731946801911,21.029944862638636,20.02036049535893,21.0,17.0
2017-05-15,19,20.0,20.557483045888,20.64241766069643,20.586354216502716,20.643776906579266,19.974831976222347,20.0,18.0
2017-05-15,20,19.0,20.4836297470253,20.538735921962417,20.471984450307872,20.557189191123374,20.00887794163499,20.0,18.0
2017-05-15,21,20.0,21.87851591088485,21.947593401840436,21.880878221891532,21.960722076096904,20.26638066991362,23.0,20.0
2017-05-15,22,20.0,20.61573284776855,20.68308410036246,20.616357928915406,20.63064213696344,19.961118309109743,20.0,20.0
2017-05-15,23,21.0,20.470287141710177,20.530262888686064,20.46623850103972,20.390084376219534,19.8159562310566,19.0,20.0
2017-05-16,0,20.0,20.344801994217026,20.16316007165777,20.26084228995554,20.242917557578256,20.362368879306675,20.0,19.0
2017-05-16,1,19.0,20.118801712111143,19.994991852663173,20.11052975365624,20.069541183852156,20.178662156253317,19.0,19.0
2017-05-16,2,19.0,20.118801712111143,19.994991852663173,20.11052975365624,20.069541183852156,20.078027333820877,19.0,19.0
2017-05-16,3,19.0,20.118801712111143,19.994991852663173,20.11052975365624,20.069541183852156,19.97438096438101,19.0,19.0
2017-05-16,4,18.0,20.118801712111143,19.982010166119693,20.11052975365624,20.06240490825448,19.875372801955937,19.0,19.0
2017-05-16,5,20.0,20.364952634575076,20.222755656774773,20.30647268807905,20.2770433563469,19.881864484123657,20.0,19.0
2017-05-16,6,19.0,20.313745959684404,20.32197364365395,20.32389650606486,20.350557883754416,19.71978990617727,19.0,19.0
2017-05-16,7,20.0,20.57970013494291,20.54183709646664,20.535635982177194,20.613902897695624,19.74089210352733,20.0,21.0
2017-05-16,8,19.0,21.286809682801387,21.2349323062351,21.205486864780642,21.010665572423694,22.675096035464698,19.0,19.0
2017-05-16,9,21.0,22.49470871775444,22.365546193361713,22.394065408546467,22.467484401928306,23.047142204388837,23.0,20.0
2017-05-16,10,22.0,22.99688202936354,22.96965477259059,22.90524833922446,22.95333936485157,22.952867666493432,22.0,23.0
2017-05-16,11,23.0,23.83519917899415,23.809724066503406,23.72769189024278,23.850700435422244,23.11384796761902,23.0,23.0
2017-05-16,12,22.0,24.059584045052915,24.011965459375094,23.968133018754635,24.022384438401385,23.404918191692055,25.0,22.0
2017-05-16,13,23.0,24.19796844760137,24.141381993830823,24.108854173495985,24.187811207582104,23.498493897000785,25.0,23.0
2017-05-16,14,23.0,24.140138621100423,24.065612621580723,24.052274781432175,24.05597134159291,23.72368024777311,26.0,22.0
2017-05-16,15,23.0,24.19796844760137,24.141381993830823,24.128043184722177,24.19882903343432,23.83072356916718,26.0,23.0
2017-05-16,16,22.0,24.140138621100423,24.065612621580723,24.052274781432175,24.05597134159291,23.960755290233305,26.0,22.0
2017-05-16,17,23.0,24.148152444171863,24.078714901490024,24.052274781432175,24.05597134159291,23.97147386336321,25.0,22.0
2017-05-16,18,21.0,21.392654679873935,21.428527442134758,21.43427251382013,21.401794441233832,20.77294251746401,22.0,21.0
2017-05-16,19,21.0,20.969491049095723,21.062943123928026,20.978272288978886,21.010066339633276,20.755237272068154,21.0,20.0
2017-05-16,20,22.0,20.597938092161716,20.66967035112752,20.59169273164163,20.608095314846846,20.710145169752316,20.0,19.0
2017-05-16,21,21.0,22.375444498168328,22.39475097022155,22.336757457549325,22.408622241801066,21.169434376728468,25.0,20.0
2017-05-16,22,21.0,20.62516518895044,20.68706258554975,20.59169273164163,20.58073132224182,20.678311441698224,20.0,20.0
2017-05-16,23,20.0,20.573000855303473,20.606243494335477,20.5447333451416,20.452711279052334,20.52072809252684,19.0,21.0
2017-05-17,0,20.0,20.286797256293653,20.204807592184604,20.235542522579568,20.239580807924924,19.908293695348465,19.0,20.0
2017-05-17,1,19.0,20.324461289515796,20.280185334624452,20.30238885575362,20.3678190269724,19.919714288356403,20.0,19.0
2017-05-17,2,20.0,20.17901558345742,20.149716236696115,20.193809421016944,20.21701173058561,19.720200872359584,19.0,19.0
2017-05-17,3,19.0,20.17901558345742,20.149716236696115,20.193809421016944,20.21701173058561,19.611959818042525,19.0,19.0
2017-05-17,4,20.0,20.074139579502894,19.99238637175259,20.04943594240941,20.10905851654284,19.52323933325335,19.0,18.0
2017-05-17,5,19.0,20.452393602710078,20.394872275229943,20.389752355439754,20.424513903080356,19.499888107761958,20.0,20.0
2017-05-17,6,20.0,20.37395983103068,20.348499992486005,20.40717617342556,20.36029432214946,19.350870894170633,19.0,19.0
2017-05-17,7,21.0,20.739935628564666,20.704192510868456,20.72361183752837,20.730080302691608,19.480070303551308,21.0,20.0
2017-05-17,8,21.0,21.20953703029856,21.03166096326872,21.117370944601213,21.171209307205526,22.302750838560655,20.0,19.0
2017-05-17,9,23.0,21.570750432862514,21.437727518262506,21.588194615449115,21.5402653308607,22.383925420752394,21.0,21.0
2017-05-17,10,23.0,23.5046714879512,23.424015905798587,23.47359565761331,23.40529655252654,22.602456083517527,23.0,22.0
2017-05-17,11,23.0,23.902205022879148,23.841241130757897,23.873183309818213,23.883954872968634,22.6614457354664,23.0,23.0
2017-05-17,12,24.0,23.821355026282333,23.782564823881767,23.815341388844505,23.70921959682153,22.771201946821563,23.0,22.0
2017-05-17,13,24.0,24.264974291486368,24.172899058085314,24.254345593071417,24.165006746730334,23.15110348790659,26.0,23.0
2017-05-17,14,22.0,24.23594720536083,24.129915657269056,24.193183565945862,24.124580928955606,23.08724325010453,24.0,23.0
2017-05-17,15,24.0,24.010143427670645,23.962385357177354,24.025644692752092,23.934087115111957,23.11916659002038,23.0,23.0
2017-05-17,16,23.0,23.90190960232984,23.836211986087395,23.899483151522045,23.742806500013057,23.25272393679403,23.0,22.0
2017-05-17,17,22.0,23.167543789882572,23.11978571938928,23.18304505496402,23.06916278375567,23.158317537853947,21.0,23.0
2017-05-17,18,22.0,21.452868551220213,21.45505379096681,21.517552181180832,21.411530879628877,20.448393707638733,22.0,21.0
2017-05-17,19,21.0,21.114972469781968,21.1483693133129,21.164711997715248,21.132340495582742,20.4161192199111,21.0,21.0
2017-05-17,20,20.0,21.150414972278906,21.140311185217232,21.17231644008437,21.104725081220096,20.341184209936145,20.0,22.0
2017-05-17,21,23.0,22.041443495824424,22.050100356321902,21.949459327589828,22.03308541732475,20.63751845849395,23.0,21.0
2017-05-17,22,19.0,22.041443495824424,22.050100356321902,21.949459327589828,22.03308541732475,20.60944068708069,23.0,21.0
2017-05-17,23,21.0,20.955851621579303,20.985787734026065,20.927993178918552,20.89483324411519,20.38060535103177,21.0,20.0
2017-05-18,0,20.0,20.29622959747554,20.227365447917414,20.259699839006196,20.243712978710157,20.19359359756154,19.0,20.0
2017-05-18,1,19.0,20.333893630697684,20.302743190357262,20.326546172180247,20.37195119775763,20.205107555230942,20.0,19.0
2017-05-18,2,20.0,20.215675021428034,20.189666326851153,20.21796673744357,20.221143901370844,19.99186783790477,19.0,20.0
2017-05-18,3,19.0,20.18844792463931,20.172274092428925,20.21796673744357,20.221143901370844,19.897514797254345,19.0,19.0
2017-05-18,4,18.0,20.142692441370205,20.114886597778447,20.286246043407587,20.04221765335295,19.687697063326763,18.0,20.0
2017-05-18,5,19.0,20.289153141044867,20.269568798612188,20.305330237129706,20.277838777478802,19.705821785279824,19.0,19.0
2017-05-18,6,19.0,20.410619269001295,20.388450082641043,20.43133348985219,20.364426492934694,19.622718226391356,19.0,20.0
2017-05-18,7,20.0,20.842649342157962,20.79875248706339,20.850929195330657,20.846750191031262,19.751905344081162,21.0,21.0
2017-05-18,8,20.0,22.11278730407255,21.976678173654946,22.146781456287187,21.72182039416537,22.375305418358924,18.0,21.0
2017-05-18,9,21.0,22.43889636351649,22.31725510461999,22.426279670556777,22.364974693297423,22.73700658239989,22.0,23.0
2017-05-18,10,22.0,22.77973801668582,22.730147494833282,22.78131487748191,22.735785007054385,22.688691929088733,21.0,23.0
2017-05-18,11,23.0,23.911637364061036,23.863798986490707,23.89734062624484,23.888087043753867,22.94846382176463,23.0,23.0
2017-05-18,12,23.0,24.139305935449705,24.084669807271634,24.16594498914586,24.081877816727182,23.030500061771484,23.0,24.0
2017-05-18,13,23.0,23.67084307145375,23.5892995294338,23.681880300553743,23.615701540570576,23.050009662743133,22.0,24.0
2017-05-18,14,24.0,23.91134194351173,23.811858855742624,23.923640467948672,23.74693867079829,23.29427293871035,23.0,22.0
2017-05-18,15,24.0,23.67084307145375,23.5892995294338,23.701069311779936,23.62671936642279,23.29849496161615,22.0,24.0
2017-05-18,16,23.0,23.47055832880907,23.38901478678912,23.500784569135256,23.32823592066971,23.431994981142523,22.0,23.0
2017-05-18,17,24.0,23.362324503468265,23.26284141569916,23.37462302790521,23.136955305570808,23.55223509087277,22.0,22.0
2017-05-18,18,22.0,21.83405543197288,21.785420790995346,21.935893497313838,21.790018660837895,20.71951957315732,22.0,22.0
2017-05-18,19,22.0,20.85393224968127,20.85181738332387,20.916659522999463,20.821089357037437,20.60754271076514,20.0,21.0
2017-05-18,20,21.0,20.54936569542023,20.536414592360636,20.568199298779465,20.39242398913543,20.560270344891215,19.0,20.0
2017-05-18,21,22.0,21.210251312300652,21.184301599461474,21.2648054712401,21.151747644091053,20.614352767924935,20.0,23.0
2017-05-18,22,21.0,20.667584304689882,20.671843569614804,20.69912971542896,20.5945999314221,20.641602920208577,20.0,19.0
2017-05-18,23,21.0,20.788092773890014,20.761237924499156,20.783100745578427,20.696119823124306,20.558470615541133,20.0,21.0
2017-05-19,0,21.0,20.204407558765226,19.986134572911006,20.039456594188092,20.242989088941872,19.681297913766148,19.0,20.0
2017-05-19,1,21.0,20.096625885928994,19.931043217422516,19.997723492625468,20.22042001160256,19.614058859412765,19.0,19.0
2017-05-19,2,21.0,20.123852982717718,19.948435451844745,19.997723492625468,20.22042001160256,19.508115180512632,19.0,20.0
2017-05-19,3,19.0,20.096625885928994,19.931043217422516,19.997723492625468,20.22042001160256,19.425585048509603,19.0,19.0
2017-05-19,4,20.0,19.991749881974467,19.773713352478993,19.853350014017934,20.077312723692984,19.345993927849264,19.0,18.0
2017-05-19,5,20.0,20.19733110233455,20.02833792360578,20.085086992311602,20.275012018881853,19.248666994211135,19.0,19.0
2017-05-19,6,20.0,20.27179734995252,20.109868891633628,20.165217279052644,20.361599734337744,19.18132189874589,19.0,19.0
2017-05-19,7,20.0,20.44447015279962,20.257730223984193,20.27379671378932,20.512407030724532,19.215035886657063,20.0,20.0
2017-05-19,8,19.0,21.134601646009123,20.810422096838572,20.826687665777992,21.17251471939381,22.370444623035606,20.0,20.0
2017-05-19,9,22.0,21.468587951784354,21.19909641741013,21.26837789808468,21.49927676239741,22.45630314444193,21.0,21.0
2017-05-19,10,23.0,22.821311309457446,22.558212907977246,22.60476150020541,22.75432461883577,22.56940821853762,22.0,22.0
2017-05-19,11,22.0,22.8853308751119,22.700566207999078,22.71429974843948,23.232982939277864,22.614542799745227,22.0,23.0
2017-05-19,12,23.0,22.91271470385589,22.70564660834027,22.71429974843948,23.232982939277864,22.69561738541945,22.0,23.0
2017-05-19,13,23.0,22.993269279903398,22.7592937705459,22.756032850002104,23.255552016617177,22.793879998413882,22.0,23.0
2017-05-19,14,23.0,22.908504773176354,22.674529263818854,22.67126834327506,23.365751156785564,22.795879356225964,21.0,24.0
2017-05-19,15,22.0,23.193554022548078,22.95957851319058,22.956317592646784,23.565053288222472,23.002961016568875,22.0,24.0
2017-05-19,16,23.0,22.69968708215879,22.46571157280129,22.462450652257495,23.011628876340584,23.033861029514853,21.0,23.0
2017-05-19,17,22.0,22.772245421679987,22.411195708754914,22.67126834327506,23.365751156785564,23.120771611763764,21.0,24.0
2017-05-19,18,22.0,20.918911010754794,20.585681742034275,20.897559580436077,21.47341161650877,20.05660986685659,21.0,22.0
2017-05-19,19,21.0,20.612138388850013,20.313482942390014,20.56609180357269,21.133778889260903,20.02629283089962,20.0,22.0
2017-05-19,20,20.0,20.330576508534076,20.171787744393857,20.126630653541632,20.672835563381227,20.078251355519022,20.0,21.0
2017-05-19,21,22.0,20.55688534204648,20.353373908531623,20.389884236598515,20.97191613140991,19.98197648272348,19.0,22.0
2017-05-19,22,20.0,20.1851308024757,20.01896653271746,19.995700236892137,20.443295628489533,19.97960963362425,19.0,21.0
2017-05-19,23,21.0,20.1851308024757,20.01896653271746,19.995700236892137,20.43227780263732,19.937872004370853,19.0,21.0
2017-05-20,0,20.0,19.609395789422074,19.478898990871674,19.458049759511347,19.76772729894076,18.31304445590513,19.0,21.0
2017-05-20,1,20.0,19.58694073244922,19.45905589506671,19.47441623008689,19.778490662411045,18.235866731658916,19.0,21.0
2017-05-20,2,19.0,19.58694073244922,19.45905589506671,19.47441623008689,19.778490662411045,18.147346939686273,19.0,21.0
2017-05-20,3,19.0,19.487168858802335,19.36966154018236,19.39722456503612,19.698320695007812,18.08173058943973,19.0,19.0
2017-05-20,4,19.0,19.51439595559106,19.37407208806111,19.39722456503612,19.68908155058147,17.976891942854536,19.0,20.0
2017-05-20,5,19.0,19.760546878054992,19.61481757871619,19.59316749945893,19.903719998673893,17.988401834947265,20.0,20.0
2017-05-20,6,19.0,18.920370180164003,18.777736379053216,18.81191405768121,19.06048884810948,17.734510905255355,18.0,20.0
2017-05-20,7,19.0,19.575377686943153,19.441049556702705,19.45052861879186,19.65574334667956,17.781528091338945,19.0,20.0
2017-05-20,8,19.0,18.457054573961162,18.273550413950773,18.299330532753963,18.580058430889157,17.585854936617746,17.0,19.0
2017-05-20,9,18.0,18.13234339959886,17.982055203814383,18.0259872714956,18.326125710608842,17.5481798008764,17.0,22.0
2017-05-20,10,20.0,18.13234339959886,17.982055203814383,18.0259872714956,18.326125710608842,17.564656426860196,17.0,23.0
2017-05-20,11,23.0,17.856352280047243,17.707183278876904,17.73593786752477,18.326125710608842,17.72733500086941,18.0,22.0
2017-05-20,12,20.0,17.883736108791233,17.712263679218097,17.73593786752477,18.326125710608842,17.697193680050788,17.0,23.0
2017-05-20,13,21.0,17.86763345203825,17.712150150690512,17.719571396949224,18.315362347138556,17.791581659594627,17.0,23.0
2017-05-20,14,20.0,17.86763345203825,17.712150150690512,17.719571396949224,18.315362347138556,17.897311706864897,17.0,23.0
2017-05-20,15,21.0,17.86763345203825,17.712150150690512,17.719571396949224,18.315362347138556,17.9280502527405,16.0,22.0
2017-05-20,16,21.0,17.86763345203825,17.712150150690512,17.719571396949224,18.315362347138556,18.116000517635314,17.0,23.0
2017-05-20,17,21.0,18.422390573643955,18.23959658769199,18.30141553244588,18.917679266368324,18.3225701235813,18.0,22.0
2017-05-20,18,20.0,18.422390573643955,18.23959658769199,18.30141553244588,18.917679266368324,18.313087399474334,17.0,22.0
2017-05-20,19,20.0,18.600412779165048,18.351351192040912,18.405489616266916,18.99656391256552,18.484149711429463,18.0,21.0
2017-05-20,20,22.0,18.554955016197834,18.333746770073965,18.328297951216143,18.916393945162287,18.537603788737467,18.0,20.0
2017-05-20,21,21.0,19.376605911731314,19.161610376847065,19.17522851193905,19.826343024749804,18.61695063275816,19.0,22.0
2017-05-20,22,23.0,19.31664327713273,19.087173128062428,19.035825094673548,19.619835625192128,18.631497565415415,19.0,20.0
2017-05-20,23,22.0,19.389188053990893,19.15917524852455,19.11301675972432,19.688987766743146,18.579557216402662,19.0,21.0
2017-05-21,0,22.0,19.60484746882823,19.578626400208133,19.615393547236806,19.625755205880996,18.848410159857497,19.0,20.0
2017-05-21,1,22.0,19.582392411855377,19.55878330440317,19.63176001781235,19.63651856935128,18.745487130213675,19.0,20.0
2017-05-21,2,20.0,19.555165315066652,19.541391069980943,19.63176001781235,19.63651856935128,18.646789836203567,19.0,19.0
2017-05-21,3,19.0,19.555165315066652,19.541391069980943,19.63176001781235,19.63651856935128,18.532945507646037,19.0,19.0
2017-05-21,4,20.0,19.555165315066652,19.528409383437463,19.63176001781235,19.62727942492494,18.426112175967674,19.0,19.0
2017-05-21,5,19.0,19.65587053147221,19.638685776164206,19.719123517498485,19.691110576630575,18.33415678140055,19.0,19.0
2017-05-21,6,20.0,19.875782485148555,19.84004568267883,19.907833238976202,19.90169663886069,18.357460327048404,20.0,19.0
2017-05-21,7,19.0,18.846949806968162,18.817883941758137,18.894445581295127,18.841738601002074,18.127283037792235,18.0,19.0
2017-05-21,8,18.0,18.52505103022548,18.445279943749355,18.496051789039313,18.518256305232626,18.114789836086295,18.0,19.0
2017-05-21,9,18.0,18.05952445111142,17.917607072006057,17.991027735272247,18.007018596026317,18.054647932456398,17.0,18.0
2017-05-21,10,18.0,18.191627551854673,18.07934748482833,18.13540121387978,18.14088673950955,18.077912626720913,17.0,20.0
2017-05-21,11,17.0,18.17964238021016,18.153784733612966,18.222708527780952,18.26432358495231,18.209328792737324,18.0,23.0
2017-05-21,12,18.0,18.219011380598662,18.08442788516952,18.13540121387978,18.14088673950955,18.260185990689997,17.0,20.0
2017-05-21,13,17.0,18.203505694460745,18.15631647710406,18.14413030499068,18.127222789327583,18.460033941986858,18.0,21.0
2017-05-21,14,17.0,18.202908723845677,18.084314356641936,18.119034743304237,18.130123376039265,18.510040128282604,17.0,20.0
2017-05-21,15,17.0,19.011260647637165,18.95377601175753,18.934748795263644,18.890443235200753,18.81433734819201,19.0,21.0
2017-05-21,16,18.0,18.203505694460745,18.15631647710406,18.14413030499068,18.127222789327583,18.75132499577033,17.0,21.0
2017-05-21,17,17.0,18.7853498299574,18.738160612600716,18.725974440487335,18.72953970855735,18.95401861533391,18.0,21.0
2017-05-21,18,17.0,18.784752859342333,18.666158492138592,18.700878878800893,18.697643698054883,18.96173862832711,17.0,20.0
2017-05-21,19,18.0,18.898942592013768,18.780348224810027,18.815068611472327,18.854591819505757,19.115598203182074,18.0,20.0
2017-05-21,20,19.0,18.938207750959336,18.854785473594664,18.95447202873783,19.061099219063433,19.117675053498793,18.0,22.0
2017-05-21,21,20.0,19.857923860212185,19.75859791493701,19.76853203312088,19.867743401830523,19.316181788812,20.0,21.0
2017-05-21,22,20.0,19.845341717952607,19.761033043259523,19.83074378533561,19.994080833984967,19.254874136471418,20.0,23.0
2017-05-21,23,20.0,19.845341717952607,19.761033043259523,19.83074378533561,19.983063008132753,19.206569588764626,20.0,22.0
2017-05-22,0,19.0,20.531695407898724,20.369235888599203,20.637009056101782,20.26291579074334,20.175015822971094,19.0,22.0
2017-05-22,1,20.0,20.451140831851216,20.331536767532942,20.595275954539158,20.240346713404026,20.060048751998927,19.0,22.0
2017-05-22,2,19.0,20.0927166076624,19.933407805709066,20.137346055512122,19.629352337439528,19.963941501516704,19.0,20.0
2017-05-22,3,20.0,20.065489510873675,19.916015571286838,20.137346055512122,19.629352337439528,19.854272844608982,19.0,19.0
2017-05-22,4,19.0,20.0927166076624,19.920426119165587,20.137346055512122,19.62221606184185,19.726230994688486,19.0,20.0
2017-05-22,5,20.0,20.166194727279233,20.0133102774701,20.224709555198256,19.686047213547486,19.64344007703515,19.0,19.0
2017-05-22,6,21.0,20.259261299859215,20.105333929577675,20.315859671504377,19.772634929003377,19.557816721518822,19.0,20.0
2017-05-22,7,20.0,20.598010000604475,20.42624197911567,20.632295335607186,20.142420909545525,19.71715024252334,21.0,19.0
2017-05-22,8,21.0,20.976727238204823,20.86816831150572,21.053076551612627,20.386200874641037,22.16290132387641,19.0,18.0
2017-05-22,9,22.0,20.97178567984855,20.781248276344506,21.041488364178605,20.609344390187367,22.283397271199473,20.0,18.0
2017-05-22,10,23.0,22.923926128026338,22.554727103716576,22.94145257289144,22.56958792247651,22.624510112940953,23.0,18.0
2017-05-22,11,22.0,23.213225837613482,22.845778957585928,23.214878683866296,22.856965627819704,22.728874782447757,23.0,17.0
2017-05-22,12,23.0,22.514497533524377,22.162556331291878,22.67766340579782,22.113755303097385,22.736522808355083,22.0,18.0
2017-05-22,13,24.0,23.29378041366099,22.91493179758661,23.348151055573982,22.896080044110814,22.976041407667136,23.0,17.0
2017-05-22,14,23.0,22.595052109571885,22.216203493497506,22.76180516847536,22.14734220628891,23.023457550434998,22.0,17.0
2017-05-22,15,23.0,23.29378041366099,22.91493179758661,23.367340066800175,22.907097869963028,23.257677735682606,23.0,17.0
2017-05-22,16,23.0,22.595052109571885,22.216203493497506,22.76180516847536,22.14734220628891,23.28177526451505,22.0,18.0
2017-05-22,17,23.0,22.595052109571885,22.216203493497506,22.76180516847536,22.14734220628891,23.409403044152857,22.0,17.0
2017-05-22,18,21.0,20.78380569733405,20.364063643873216,20.924617436184853,20.456386288579452,20.77805728924093,21.0,17.0
2017-05-22,19,19.0,20.449805978640544,20.052392669783437,20.553652184668458,20.07021833252008,20.729461993232878,20.0,18.0
2017-05-22,20,19.0,20.343396800745438,19.95334017768237,20.452725480431653,19.800632425204114,20.647175350764552,19.0,19.0
2017-05-22,21,20.0,20.516069603592538,20.123553623780996,20.583655897081147,20.002808367490783,20.717132294793366,20.0,20.0
2017-05-22,22,19.0,20.516069603592538,20.123553623780996,20.583655897081147,20.002808367490783,20.67381361744602,20.0,20.0
2017-05-22,23,19.0,20.786542164875122,20.395752423425257,20.836676676997367,20.307173850969107,20.694000476279097,21.0,20.0
2017-05-23,0,19.0,20.251454898858015,20.026797390514016,20.316809656416844,20.261290498191148,20.783603294248646,20.0,19.0
2017-05-23,1,20.0,20.052681713540856,19.876021405941646,20.166497120117544,20.087914124465048,20.55401250664034,19.0,20.0
2017-05-23,2,19.0,20.025454616752132,19.858629171519418,20.166497120117544,20.087914124465048,20.437305795716927,19.0,19.0
2017-05-23,3,20.0,20.052681713540856,19.876021405941646,20.166497120117544,20.087914124465048,20.294183126912266,19.0,20.0
2017-05-23,4,19.0,19.952472036694303,19.783849442446712,20.196962229590678,19.76304177036409,20.095768388692186,18.0,19.0
2017-05-23,5,19.0,20.29883263600479,20.103785210053246,20.362440054540354,20.295416296959793,20.169595885443385,20.0,20.0
2017-05-23,6,20.0,20.31250777814908,20.11994965027238,20.44817077748546,20.343734433583318,19.98948580834055,19.0,21.0
2017-05-23,7,20.0,20.364672111796047,20.178416627738592,20.453590170846475,20.382004012415685,20.056250111533902,20.0,20.0
2017-05-23,8,19.0,21.16207681723794,20.998871670293855,21.329761136201242,20.969045525038446,22.489672508728844,19.0,21.0
2017-05-23,9,21.0,21.807335819955227,21.556996982954633,21.92021317783973,21.78552333516392,22.69435464769491,21.0,22.0
2017-05-23,10,23.0,22.752032999341857,22.683227139747103,22.98857432148413,22.857496196277395,22.84042565190539,22.0,23.0
2017-05-23,11,23.0,23.48211632363166,23.39712306256996,23.684856331272403,23.56357665174917,23.0451044482088,23.0,22.0
2017-05-23,12,22.0,23.041332708929,22.98978467141151,23.330320052715326,23.161419240572386,23.060034917710013,22.0,23.0
2017-05-23,13,23.0,23.871189467664653,23.792734016305282,24.144574986854817,23.9712171171607,23.279209353929097,23.0,24.0
2017-05-23,14,23.0,23.670904725019973,23.592449273660602,23.96347925543633,23.804989508991394,23.440752926836986,23.0,23.0
2017-05-23,15,23.0,23.670904725019973,23.592449273660602,23.96347925543633,23.804989508991394,23.587272547595852,23.0,23.0
2017-05-23,16,21.0,23.12188728497651,23.043431833617138,23.414461815392865,23.195006143763912,23.62965490505931,22.0,23.0
2017-05-23,17,24.0,23.670904725019973,23.592449273660602,23.96347925543633,23.804989508991394,23.83980826935882,23.0,23.0
2017-05-23,18,20.0,20.85038548496572,20.77843322979615,21.16180454612046,21.027492307379507,21.22456086879899,21.0,21.0
2017-05-23,19,18.0,20.720804051932117,20.689038874911798,20.999386519023826,20.890705171907758,21.309974700632367,21.0,19.0
2017-05-23,20,19.0,20.948546773885468,20.892041613831694,21.17859895057359,21.059058422580673,21.42574638259884,22.0,19.0
2017-05-23,21,19.0,20.65496457614086,20.615851650509313,20.88501675282898,20.77675346384684,21.304175861942394,21.0,20.0
2017-05-23,22,19.0,20.65496457614086,20.598459416087085,20.88501675282898,20.77675346384684,21.268843082728374,21.0,19.0
2017-05-23,23,19.0,20.35726491806955,20.326260616442823,20.593617950460377,20.45035232866409,21.095187845066018,20.0,19.0
2017-05-24,0,20.0,20.221888966404364,19.995201278471818,20.301189408641594,20.261290498191148,20.469882082379677,20.0,19.0
2017-05-24,1,19.0,20.023115781087206,19.844425293899448,20.150876872342295,20.087914124465048,20.242742117134696,19.0,20.0
2017-05-24,2,20.0,20.141334390356857,19.957502157405557,20.25945630707897,20.238721420851835,20.22184717877956,20.0,19.0
2017-05-24,3,20.0,20.023115781087206,19.844425293899448,20.150876872342295,20.087914124465048,19.98715768626023,19.0,20.0
2017-05-24,4,19.0,20.141334390356857,19.944520470862077,20.25945630707897,20.231585145254158,19.977303727678834,20.0,19.0
2017-05-24,5,19.0,20.09659390070404,19.924327765660482,20.23824037202843,20.144609000573006,19.785306600799267,19.0,19.0
2017-05-24,6,20.0,20.335106179342397,20.146820515696394,20.437969923071226,20.382004012415685,19.79257511997937,20.0,20.0
2017-05-24,7,20.0,20.52840917402928,20.35465170172828,20.64582615243736,20.600982696571045,19.845203462944028,21.0,20.0
2017-05-24,8,19.0,21.180189010026556,20.88995134016043,21.247441488876333,21.261090385240323,22.414899811796314,21.0,19.0
2017-05-24,9,21.0,22.261056743721625,22.05331233816833,22.396423128983685,22.42586435454306,22.604263807177936,23.0,21.0
2017-05-24,10,22.0,23.1648728191383,23.172055178736816,23.5088686163085,23.467479561504877,22.641032392361996,23.0,23.0
2017-05-24,11,22.0,23.454172528725444,23.463107032606167,23.782294727283357,23.75485726684807,22.736086112753704,23.0,23.0
2017-05-24,12,22.0,23.622146479914683,23.570373638242824,23.942384817443465,23.81903872780211,22.963248305976105,24.0,22.0
2017-05-24,13,23.0,23.760530882463136,23.699790172698552,24.083105972184814,23.98446549698283,23.08644395013303,24.0,23.0
2017-05-24,14,23.0,22.985709664729487,22.983242432563387,23.385738670173772,23.195006143763912,23.044834477430385,22.0,23.0
2017-05-24,15,22.0,23.760530882463136,23.699790172698552,24.102294983411007,23.995483322835042,23.376448891602756,24.0,23.0
2017-05-24,16,22.0,23.173792185657494,23.119991619996267,23.470928027562163,23.389125581915344,23.444953015512045,23.0,21.0
2017-05-24,17,22.0,23.185994407374167,23.183527175208066,23.586023412818452,23.493489589516994,23.425664548261302,22.0,24.0
2017-05-24,18,19.0,21.02112037784527,20.968417195036437,21.33660645471416,21.169895555953893,21.008711679506742,22.0,20.0
2017-05-24,19,19.0,20.58636211552394,20.552566758915074,20.87889026729405,20.83642346227417,21.000920198526558,21.0,18.0
2017-05-24,20,22.0,20.3276989856159,20.294664504400625,20.59718671391132,20.488734147121328,20.916768619874254,20.0,19.0
2017-05-24,21,21.0,21.617709145520923,21.5591738058786,21.768513601123157,21.791450093649765,21.184628121597584,23.0,19.0
2017-05-24,22,21.0,20.182253279557525,20.14184329272423,20.466256297261825,20.23183021962461,20.763331306228967,19.0,19.0
2017-05-24,23,19.0,20.62539864368721,20.566863304044887,20.85020749382754,20.765735637994627,20.872543780532556,21.0,19.0
2017-05-25,0,19.0,20.260913200523195,20.120687320138195,20.435094982241512,20.242965348405907,20.43267224296535,20.0,20.0
2017-05-25,1,19.0,20.007685821628588,19.93512686672137,20.284782445942213,20.066422392595403,20.239624387213322,19.0,19.0
2017-05-25,2,18.0,20.180358624475687,20.082988199071934,20.39336188067889,20.220396271066594,20.197127731645956,20.0,20.0
2017-05-25,3,19.0,20.034912918417312,19.952519101143597,20.284782445942213,20.066422392595403,19.981425232352088,19.0,20.0
2017-05-25,4,19.0,19.93470324157076,19.860347137648663,20.35306175190623,19.817670389270493,19.788485246246946,18.0,19.0
2017-05-25,5,19.0,20.108391038034146,20.03242157290463,20.372145945628347,20.12311726870336,19.786039649697234,19.0,19.0
2017-05-25,6,18.0,20.229857165990573,20.151302856933487,20.49814919835083,20.209704984159252,19.700631398771087,19.0,20.0
2017-05-25,7,19.0,20.375302872048948,20.281771954861824,20.606728633087506,20.363678862630444,19.75240854214316,20.0,20.0
2017-05-25,8,19.0,21.038207268469726,20.865528982151105,20.594952697070358,21.02378655129972,22.64398644771169,20.0,19.0
2017-05-25,9,20.0,21.39329497152486,21.212271597510107,20.990999695157807,21.392842574954894,22.73585256152056,21.0,21.0
2017-05-25,10,23.0,22.68665589195736,22.649542545002724,22.327383297278537,22.647890431393254,22.874788729864836,22.0,22.0
2017-05-25,11,22.0,23.52497304158797,23.48961183891554,23.149826848296858,23.50487056237195,23.05734553048076,23.0,22.0
2017-05-25,12,23.0,23.55235687033196,23.510197917051787,23.218146468553197,23.521415901323746,23.170700947854794,23.0,22.0
2017-05-25,13,21.0,23.74114527172027,23.690018450347374,23.40926076123459,23.73526559376196,23.287431089205615,23.0,23.0
2017-05-25,14,24.0,23.966949049410456,23.857548750439076,23.595988645654554,23.93677723345782,23.52038063612485,24.0,23.0
2017-05-25,15,22.0,23.90911922290951,23.781779378188975,23.52022024236455,23.793919541616415,23.673578724360937,24.0,22.0
2017-05-25,16,23.0,23.632911446379467,23.563845079257415,23.302288231230737,23.555002804515272,23.710486329709457,23.0,22.0
2017-05-25,17,23.0,23.90911922290951,23.781779378188975,23.52022024236455,23.793919541616415,23.91719812095447,24.0,22.0
2017-05-25,18,20.0,21.088700899295812,21.091056800120832,21.505365164730442,21.111189466576672,20.974147662217803,22.0,19.0
2017-05-25,19,19.0,21.052400838673616,21.091056800120832,21.446107179009466,21.086940048659343,21.03310874384219,22.0,19.0
2017-05-25,20,19.0,21.151889377611116,21.140143078031514,21.57312804482077,21.23230469505285,20.923826149435225,21.0,22.0
2017-05-25,21,19.0,21.073717035784945,21.079005145402817,21.472526242859,21.085526058152848,21.02241292697823,22.0,21.0
2017-05-25,22,19.0,20.780134838040336,20.78542294765821,21.17894404511439,20.83058509202404,20.88687371058816,21.0,21.0
2017-05-25,23,19.0,20.69297916513775,20.70689514355151,21.01896620384382,20.707029548617406,20.842681741655543,21.0,19.0
2017-05-26,0,20.0,20.41147422644749,20.288048273573825,20.50347347312191,20.523022268449512,19.829770740630842,21.0,19.0
2017-05-26,1,19.0,20.33091965039998,20.250349152507564,20.461740371559287,20.5004531911102,19.73863499949635,21.0,19.0
2017-05-26,2,19.0,20.226043646445454,20.145473148553037,20.35686436760476,20.41312027643847,19.65092170976308,21.0,18.0
2017-05-26,3,19.0,19.964943852865996,19.91204886854734,20.14530470745648,20.12750062848365,19.345640316769252,19.0,19.0
2017-05-26,4,20.0,20.11038955892437,20.0295362799322,20.253884142193154,20.272235362528498,19.339572519758427,20.0,19.0
2017-05-26,5,19.0,20.21109477532993,20.13981267265894,20.34124764187929,20.336066514234133,19.252166848731935,20.0,19.0
2017-05-26,6,21.0,20.180685018993373,20.076995462286746,20.277004450012797,20.28878608620679,19.19730755399641,20.0,18.0
2017-05-26,7,20.0,20.2855610229479,20.22134364068679,20.42137792862033,20.422654229690025,19.13882107482245,20.0,19.0
2017-05-26,8,19.0,21.02803601319061,20.9213391739228,21.145664468149135,20.92878803988811,22.04739136430407,19.0,19.0
2017-05-26,9,21.0,21.537206744054558,21.35322475696031,21.635514707825855,21.60375666402665,22.326497167813965,22.0,20.0
2017-05-26,10,22.0,23.255337847165997,23.214409370235494,23.42752169630993,23.465835798127646,22.420044350129093,23.0,23.0
2017-05-26,11,22.0,22.829863441646996,22.830270412971423,23.025768826011277,22.911568583552476,22.40867378584469,22.0,22.0
2017-05-26,12,22.0,23.514498535775253,23.510541624446038,23.700947807284788,23.71283256387886,22.579546421312013,23.0,23.0
2017-05-26,13,22.0,23.179632584140922,23.170824872376386,23.278852826192338,23.319537714142122,22.715519024430975,23.0,21.0
2017-05-26,14,22.0,23.79533785446744,23.764473529296346,23.94296565149209,23.923664901091904,22.79281596277503,23.0,24.0
2017-05-26,15,22.0,22.937801846438493,22.888997975518244,23.0675019275739,22.945155486744003,22.848537005313403,22.0,22.0
2017-05-26,16,21.0,23.59505311182276,23.564188786651666,23.74268090884741,23.746419467070385,23.045057693676103,23.0,23.0
2017-05-26,17,22.0,22.90977632028293,22.761823018406037,23.193663468803948,23.136436101842904,23.05614565030139,22.0,23.0
2017-05-26,18,19.0,20.800223688393114,20.738717246426678,21.16056179444171,21.128358370908096,20.16432722928121,22.0,20.0
2017-05-26,19,18.0,20.47034143002631,20.42774281425984,20.807721610976124,20.84916798686196,20.14649599405396,21.0,19.0
2017-05-26,20,19.0,20.262834431209843,20.33827096557181,20.490234669509032,20.44719696207553,20.087221204899322,20.0,19.0
2017-05-26,21,19.0,20.85411628702576,20.90405196296068,21.056026658396053,21.017521237534876,20.279152201837807,22.0,19.0
2017-05-26,22,19.0,20.262834431209843,20.33827096557181,20.490234669509032,20.44719696207553,20.0678473950912,20.0,19.0
2017-05-26,23,19.0,20.560534089281152,20.61046976521607,20.762444460651444,20.751562445553855,20.110241518016654,21.0,19.0
2017-05-27,0,19.0,19.48261822929497,19.267213608450735,19.312461150810158,19.687529747609805,17.825954830680836,20.0,20.0
2017-05-27,1,20.0,19.432936075533394,19.229978278223545,19.328827621385702,19.69829311108009,17.75927596429621,20.0,19.0
2017-05-27,2,19.0,19.28749036947502,19.099509180295207,19.220248186649027,19.5443192326089,17.574139631125114,19.0,19.0
2017-05-27,3,19.0,19.28749036947502,19.099509180295207,19.220248186649027,19.5443192326089,17.4782444577179,19.0,19.0
2017-05-27,4,19.0,19.314717466263744,19.103919728173956,19.220248186649027,19.535080088182557,17.371370693854377,19.0,20.0
2017-05-27,5,19.0,19.388195585880577,19.19680388647847,19.30761168633516,19.598911239888192,17.301886591388193,19.0,19.0
2017-05-27,6,19.0,19.562433707145434,19.35708904994911,19.464933638126976,19.738859973134755,17.206988639381308,19.0,21.0
2017-05-27,7,19.0,19.375699197615837,19.170897196815552,19.27355224040477,19.501741884280648,17.174727514135284,19.0,20.0
2017-05-27,8,18.0,19.02657332408443,18.780900964384543,18.875158448148955,19.1782595885112,17.167389627015258,19.0,19.0
2017-05-27,9,17.0,17.945247052531123,17.709467715604717,17.78679914089378,18.045786816055486,17.052034942196826,18.0,21.0
2017-05-27,10,18.0,18.755765161167783,18.61987485217649,18.71039462162727,18.919581705337908,17.258219724052115,20.0,22.0
2017-05-27,11,17.0,20.295536907321953,20.184844145054534,20.260196295134868,20.871282552778773,17.597229505615203,23.0,22.0
2017-05-27,12,17.0,18.507157870360157,18.372435441328264,18.442696199569255,18.957933404250834,17.39715999422416,20.0,22.0
2017-05-27,13,17.0,18.800085488615593,18.664477336777487,18.698539520136123,19.262553350111087,17.58839038894867,21.0,22.0
2017-05-27,14,17.0,18.52961292733301,18.392278537133226,18.42632972899371,18.958187866632763,17.60368103801973,20.0,22.0
2017-05-27,15,17.0,18.800085488615593,18.664477336777487,18.698539520136123,19.2735711759633,17.810314436423404,21.0,22.0
2017-05-27,16,17.0,18.812667630875172,18.662042208454974,18.636327767921394,19.305952785173027,17.934398455584557,21.0,21.0
2017-05-27,17,17.0,19.245670272615882,18.99297314407198,19.28038365563278,19.87588809519307,18.021092813348368,21.0,22.0
2017-05-27,18,17.0,18.975558371158264,18.62894486122085,18.98012453631017,19.585239802487116,18.05348635429747,20.0,19.0
2017-05-27,19,17.0,18.948572039252976,18.598786415492242,18.890682804653096,19.584070362537428,18.130584341527964,20.0,18.0
2017-05-27,20,17.0,19.872509855879517,19.655818040419568,19.693158419424226,20.36607131323793,18.34218842334329,22.0,19.0
2017-05-27,21,18.0,19.441340360533655,19.224648545073705,19.261988924078363,19.97354304950787,18.26007081737483,21.0,19.0
2017-05-27,22,19.0,20.87244093228542,20.655749116825472,20.59989609006584,21.457336645453736,18.431394866269088,23.0,19.0
2017-05-27,23,19.0,19.872509855879517,19.655818040419568,19.693158419424226,20.355053487385717,18.296651279401296,22.0,19.0
2017-05-28,0,19.0,20.10709071932772,19.924793660374004,19.9739981446114,20.305076381614864,17.555050666891166,22.0,19.0
2017-05-28,1,19.0,20.084635662354867,19.90495056456904,19.990364615186945,20.31583974508515,17.468937942862816,22.0,20.0
2017-05-28,2,20.0,19.432936075533394,19.265949883191293,19.35133889047495,19.70433279719973,17.211721370071288,20.0,19.0
2017-05-28,3,19.0,19.28749036947502,19.135480785262956,19.242759455738273,19.550358918728538,17.028854057826596,19.0,19.0
2017-05-28,4,19.0,19.432936075533394,19.252968196647814,19.35133889047495,19.695093652773387,17.034352032953873,20.0,19.0
2017-05-28,5,19.0,19.388195585880577,19.23277549144622,19.330122955424407,19.60495092600783,16.860688940540008,19.0,19.0
2017-05-28,6,19.0,19.608107539556922,19.434135397960844,19.518832676902125,19.818703570322352,16.888024160792437,20.0,19.0
2017-05-28,7,19.0,19.348472100827113,19.189476567361073,19.296063509494015,19.507781570400287,16.747343166630525,19.0,19.0
2017-05-28,8,18.0,18.15250008067932,17.895021480631325,18.000491944848584,18.42885826196814,16.643315026717083,18.0,18.0
2017-05-28,9,17.0,17.79184950551979,17.51169678728807,17.63984136968905,18.051488696245066,16.65789775567922,18.0,17.0
2017-05-28,10,17.0,17.70030681090707,17.51169678728807,17.63984136968905,18.051488696245066,16.670470767275482,18.0,18.0
2017-05-28,11,18.0,17.424315691355453,17.23682486235059,17.349791965718218,18.051488696245066,16.641547546651665,17.0,17.0
2017-05-28,12,17.0,17.451699520099442,17.241905262691784,17.349791965718218,18.051488696245066,16.807397165012844,18.0,17.0
2017-05-28,13,17.0,17.435596863346458,17.2417917341642,17.333425495142674,18.04072533277478,16.803378871296566,17.0,17.0
2017-05-28,14,16.0,17.435596863346458,17.2417917341642,17.333425495142674,18.04072533277478,16.904563063331473,17.0,17.0
2017-05-28,15,17.0,17.435596863346458,17.2417917341642,17.333425495142674,18.04072533277478,17.011112661174955,17.0,17.0
2017-05-28,16,17.0,17.40850984945551,17.1973792625308,17.333425495142674,18.04072533277478,17.209880880742976,18.0,17.0
2017-05-28,17,17.0,17.990353984952165,17.779223398027455,17.91526963063933,18.608245654790398,17.2136982890568,17.0,17.0
2017-05-28,18,17.0,17.990353984952165,17.779223398027455,17.91526963063933,18.608245654790398,17.297101293800836,17.0,17.0
2017-05-28,19,18.0,18.1045437176236,17.89341313069889,18.029459363310764,18.765193776241272,17.454992543260374,18.0,17.0
2017-05-28,20,20.0,18.866231978558496,18.646839488687352,18.73698650676817,19.33800570542962,17.590044241814866,19.0,17.0
2017-05-28,21,19.0,19.03876469850782,18.84407317199715,18.867916923417663,19.530331282813737,17.686199737849194,20.0,18.0
2017-05-28,22,19.0,19.143640702462346,18.988421350397193,19.012290402025197,19.66419942629697,17.66321037486371,20.0,19.0
2017-05-28,23,20.0,19.143640702462346,18.988421350397193,19.012290402025197,19.653181600444757,17.629629184429746,20.0,19.0
2017-05-29,0,19.0,20.03188292401296,19.717201890044286,19.645067507529824,19.925446269791003,19.105577839022086,19.0,19.0
2017-05-29,1,19.0,20.09677405402383,19.809971866906363,19.711913840703875,20.05685107092288,19.114015429415968,20.0,19.0
2017-05-29,2,19.0,19.99464702382326,19.709807225094952,19.633308663419548,19.94342052952386,18.9107809437083,19.0,20.0
2017-05-29,3,20.0,20.09677405402383,19.809971866906363,19.711913840703875,20.05685107092288,18.918547559925436,20.0,19.0
2017-05-29,4,19.0,19.951328347965454,19.666521082434546,19.6033344059672,19.895740916854013,18.729135762778114,19.0,19.0
2017-05-29,5,19.0,20.197479270429387,19.907266573089625,19.79927734039001,20.11354594703084,18.737591484018818,20.0,19.0
2017-05-29,6,20.0,20.5122483930727,20.216586808728138,20.133136822478626,20.41911234664209,18.763242742622385,21.0,19.0
2017-05-29,7,19.0,20.29171830159709,20.008755622696253,19.925280593112493,20.20013366248673,18.624245710109335,20.0,19.0
2017-05-29,8,18.0,21.097503882327675,20.91517846938964,20.75195227530732,21.059311933326306,21.818280897619015,21.0,18.0
2017-05-29,9,18.0,21.54336402270375,21.374020296309194,21.310217877112567,21.440870828248244,21.93424542915691,22.0,17.0
2017-05-29,10,17.0,22.87651617770679,22.7792231883562,22.564370180107126,22.82637777180813,22.064395028074696,23.0,17.0
2017-05-29,11,17.0,22.246341473310906,22.151307107640648,21.942211988786333,22.313618873885225,22.019764476692163,22.0,18.0
2017-05-29,12,17.0,22.972453606144,22.91753247594358,22.61606650736749,23.08991987651114,22.21221835701679,23.0,17.0
2017-05-29,13,17.0,23.51147734216756,23.371375320526777,23.08121265339866,23.502797392251132,22.408046961318206,24.0,17.0
2017-05-29,14,18.0,23.05300818219151,22.97117963814921,22.700208270045028,23.123506779702666,22.44143576292583,23.0,16.0
2017-05-29,15,18.0,23.05300818219151,22.97117963814921,22.700208270045028,23.123506779702666,22.54440737170516,23.0,17.0
2017-05-29,16,18.0,23.05300818219151,22.97117963814921,22.700208270045028,23.123506779702666,22.65750145445127,23.0,17.0
2017-05-29,17,18.0,23.06102200526295,22.98428191805851,22.700208270045028,23.123506779702666,22.759783958207027,23.0,17.0
2017-05-29,18,18.0,20.51269563172378,20.377533567859945,20.23619517614947,20.638421590670564,19.551744722919906,21.0,17.0
2017-05-29,19,17.0,20.0332502069719,19.91304138209377,19.73429950798358,20.059928057227076,19.413554798290658,19.0,18.0
2017-05-29,20,18.0,20.107591587921533,19.984012277876726,19.794277477848617,20.114700617288445,19.422514794716367,19.0,20.0
2017-05-29,21,19.0,20.209718618122103,20.106529033436196,19.895233637045763,20.23911886499537,19.538443064560617,20.0,19.0
2017-05-29,22,19.0,20.06427291206373,19.9537078217598,19.76430322039627,20.04679328761125,19.425503720940455,19.0,19.0
2017-05-29,23,19.0,20.107591587921533,19.984012277876726,19.775088466622424,20.076318798831206,19.366189951234936,19.0,20.0
2017-05-30,0,20.0,19.98001512846843,19.4032717487203,19.922295279223505,19.738924915840208,19.36102026074033,19.0,19.0
2017-05-30,1,19.0,20.044906258479298,19.496041725582376,19.989141612397557,19.870329716972087,19.35776392728634,20.0,19.0
2017-05-30,2,19.0,19.899460552420923,19.36557262765404,19.88056217766088,19.716355838500895,19.157445742659338,19.0,19.0
2017-05-30,3,19.0,20.072133355268022,19.496041725582376,19.989141612397557,19.870329716972087,19.12822828420803,20.0,20.0
2017-05-30,4,20.0,19.899460552420923,19.35259094111056,19.88056217766088,19.70921956290322,18.94544955268271,19.0,19.0
2017-05-30,5,19.0,20.00016576882648,19.462867333837302,19.967925677347015,19.773050714608853,18.855863618098134,19.0,19.0
2017-05-30,6,20.0,20.27509894586076,19.694825481372266,20.24256760285843,20.013612308535937,18.866162039077107,20.0,20.0
2017-05-30,7,21.0,20.247871849072034,19.694825481372266,20.24256760285843,20.013612308535937,18.836045813887488,20.0,19.0
2017-05-30,8,20.0,20.88547083536022,20.428531798274772,20.871205048230003,20.41892918028893,21.6440301153089,19.0,18.0
2017-05-30,9,21.0,21.101059368479557,20.58891512359096,21.10697056481512,20.910753190886528,21.846889550923635,21.0,18.0
2017-05-30,10,21.0,22.741127030569015,22.392576217337105,22.759581069508815,22.60548281020881,22.09373789086527,23.0,17.0
2017-05-30,11,23.0,23.03042674015616,22.683628071206456,23.033007180483672,22.85247957596002,22.167345614787756,23.0,17.0
2017-05-30,12,22.0,22.359082264811043,22.05239683133118,22.495791902415196,22.109269251237702,22.170624176219164,22.0,17.0
2017-05-30,13,24.0,23.138365144947656,22.804772297625913,23.16627955219136,22.89159399225113,22.378146704368447,23.0,17.0
2017-05-30,14,24.0,23.138365144947656,22.804772297625913,23.18546856341755,22.902611818103345,22.48833387125082,23.0,18.0
2017-05-30,15,24.0,23.138365144947656,22.804772297625913,23.18546856341755,22.902611818103345,22.614476251355164,23.0,18.0
2017-05-30,16,22.0,22.041178639159416,21.707585791837673,22.1814754633936,21.833633478666833,22.54769463242503,21.0,18.0
2017-05-30,17,22.0,23.596834304923707,23.20496798000348,23.585661957997374,23.292920256504026,22.935074731403738,24.0,18.0
2017-05-30,18,20.0,20.30035293640862,19.881371878113246,20.43103866700681,20.089981698577727,19.745027723817156,20.0,18.0
2017-05-30,19,18.0,18.621471518128793,18.493643515209783,18.99162948113357,17.30889465251578,19.63292487159358,18.0,17.0
2017-05-30,20,19.0,20.036732527845874,19.61488370084106,20.08642126038924,19.78681898782039,19.7447124549351,19.0,18.0
2017-05-30,21,19.0,20.1416085318004,19.759231879241103,20.230794738996774,19.860271933660457,19.732305910672245,19.0,19.0
2017-05-30,22,19.0,20.1416085318004,19.759231879241103,20.230794738996774,19.860271933660457,19.70353706876933,19.0,19.0
2017-05-30,23,19.0,20.1416085318004,19.759231879241103,20.211605727770582,19.849254107808243,19.64713960014447,19.0,19.0
2017-05-31,0,20.0,20.15268793131553,19.515161476103117,19.84703897118845,19.869019653314844,19.684697233646084,20.0,20.0
2017-05-31,1,19.0,19.899460552420923,19.32960102268629,19.69672643488915,19.69247669750434,19.513309979352783,19.0,19.0
2017-05-31,2,19.0,20.044906258479298,19.460070120614628,19.805305869625826,19.84645057597553,19.504811094393997,20.0,19.0
2017-05-31,3,20.0,20.044906258479298,19.460070120614628,19.805305869625826,19.84645057597553,19.39996935978283,20.0,19.0
2017-05-31,4,19.0,19.926687649209647,19.33401157056504,19.69672643488915,19.685340421906663,19.192702688359066,19.0,20.0
2017-05-31,5,19.0,20.00016576882648,19.426895728869553,19.784089934575285,19.749171573612298,19.118903105544444,19.0,19.0
2017-05-31,6,20.0,20.33475407276187,19.676246110826746,20.0587318600867,19.98973316753938,19.12987449659842,20.0,20.0
2017-05-31,7,20.0,20.42803544517328,19.74824823128887,20.161891901462358,20.1022708850938,19.07145869464695,20.0,21.0
2017-05-31,8,20.0,21.077229063004584,20.376241644062755,20.831742784065806,20.495866977737467,21.966428811088807,19.0,20.0
2017-05-31,9,21.0,21.358871871746604,20.61761230425268,21.131170867373577,21.01889687986383,22.152336276571706,21.0,21.0
2017-05-31,10,22.0,22.19533522579243,21.617669089955193,22.07337046978793,21.899589125878407,22.28775295327554,22.0,21.0
2017-05-31,11,22.0,23.049766327107054,22.47210847670461,22.86714212169921,22.7382040939487,22.32897071024063,22.0,23.0
2017-05-31,12,23.0,22.96891633051024,22.41343216982848,22.809300200725502,22.563468817801596,22.434478829499355,22.0,22.0
2017-05-31,13,23.0,23.907006914586695,23.34255488581221,23.74971667609504,23.56454730948881,22.609263035746856,23.0,24.0
2017-05-31,14,23.0,23.907006914586695,23.34255488581221,23.768905687321233,23.575565135341023,22.728500145702107,23.0,24.0
2017-05-31,15,23.0,23.35798947454323,22.793537445768745,23.21988824727777,23.086819781845104,22.757024165912068,22.0,24.0
2017-05-31,16,22.0,23.049470906557747,22.467079332034107,22.893441963403042,22.597055720993122,22.901786426278044,22.0,22.0
2017-05-31,17,22.0,23.057484729629188,22.490166838805184,22.893441963403042,22.597055720993122,23.00660956773372,22.0,22.0
2017-05-31,18,20.0,20.346665457994607,19.854319474291373,20.26064598619312,19.974593918642146,19.848085303010844,19.0,20.0
2017-05-31,19,18.0,20.17826229662916,19.6925790614691,20.05701452186461,19.849527562279725,19.937524663603366,19.0,18.0
2017-05-31,20,19.0,20.878336093674694,20.44186248333862,20.74368140176156,20.62640663811239,20.238341234769088,22.0,19.0
2017-05-31,21,21.0,20.584753895930085,20.148280285594012,20.45009920401695,20.344101679378557,20.149358690939227,21.0,19.0
2017-05-31,22,20.0,20.584753895930085,20.148280285594012,20.45009920401695,20.344101679378557,20.124680239231854,21.0,19.0
2017-05-31,23,21.0,20.1416085318004,19.723260274273354,20.02776998499885,19.825374966811687,19.885990191479877,19.0,19.0
2017-06-01,0,21.0,20.086275393014237,19.63270615465999,19.82321503243576,19.72702536977056,20.211926353968188,19.0,20.0
2017-06-01,1,18.0,19.978493720178005,19.5776147991715,19.781481930873134,19.704456292431246,20.12946885979682,19.0,19.0
2017-06-01,2,19.0,18.593769081167284,18.449743037291842,18.577538297695046,17.345299320750286,19.929629186247222,18.0,19.0
2017-06-01,3,19.0,20.00572081696673,19.595007033593728,19.781481930873134,19.704456292431246,19.90082263457355,19.0,20.0
2017-06-01,4,19.0,19.978493720178005,19.56463311262802,19.781481930873134,19.69732001683357,19.811887172607086,19.0,19.0
2017-06-01,5,19.0,20.079198936583563,19.674909505354762,19.86884543055927,19.761151168539204,19.72249944380052,19.0,19.0
2017-06-01,6,19.0,18.8177774196586,18.601927769260175,18.78568713783124,17.428803146470806,19.545809529681595,18.0,20.0
2017-06-01,7,21.0,20.26834153446058,19.793790789383618,20.034907921334007,19.847738883995095,19.595340366547614,19.0,20.0
2017-06-01,8,18.0,21.156262230761666,20.624255420547964,20.91649828004979,20.507846572664373,22.491777635376724,19.0,20.0
2017-06-01,9,21.0,21.19247596558981,20.657794894706004,21.008070133991428,20.811897790635378,22.586980498089176,20.0,21.0
2017-06-01,10,24.0,23.31970001536538,22.85191446827397,23.101327405521754,22.921889673252974,22.899319294265165,23.0,22.0
2017-06-01,11,25.0,23.05998228490906,22.59394888209986,22.825736076453147,22.558903073776705,22.87892053741141,22.0,22.0
2017-06-01,12,24.0,23.74461737903732,23.28972577136953,23.569234677982998,23.376712393054884,23.05492822925903,23.0,23.0
2017-06-01,13,24.0,22.982572317296754,22.500773295787084,22.791587791646272,22.53435713903791,22.98135334267378,21.0,23.0
2017-06-01,14,23.0,24.05097573277501,23.51090323366686,23.820915313854307,23.60079311009006,23.385459210918675,24.0,23.0
2017-06-01,15,24.0,23.276154515041362,22.794355493531693,23.104359000617073,22.80031593101893,23.324134744847715,22.0,23.0
2017-06-01,16,22.0,23.716938129744022,23.2171995624852,23.52721489943049,23.21901868114751,23.551435038497488,23.0,22.0
2017-06-01,17,23.0,23.716938129744022,23.2171995624852,23.52721489943049,23.21901868114751,23.658033022601682,23.0,22.0
2017-06-01,18,21.0,20.662687026422784,20.19825824951362,20.476331898826597,20.17889909095317,20.580136480270717,20.0,20.0
2017-06-01,19,19.0,20.340824335927522,19.87059434510565,20.141770017848593,19.86150715720663,20.575442505389173,19.0,18.0
2017-06-01,20,20.0,20.312184394170202,19.924363064680982,20.131714492209028,19.875736380195832,20.59390032480987,19.0,19.0
2017-06-01,21,19.0,20.380566784143344,20.013757419565334,20.234874533584687,19.960910105145228,20.56799577706361,19.0,21.0
2017-06-01,22,20.0,20.339411490958927,19.94175529910321,20.131714492209028,19.848372387590807,20.553451145281752,19.0,20.0
2017-06-01,23,19.0,20.380566784143344,20.013757419565334,20.215685522358495,19.949892279293014,20.48371888439088,19.0,21.0
2017-06-02,0,20.0,20.31145260417201,20.16961144242629,20.320440102752453,20.360087677894903,19.909023267434765,20.0,21.0
2017-06-02,1,20.0,19.86006784891147,19.767700690147297,19.951727485011176,19.954171717921955,19.760711092582138,19.0,18.0
2017-06-02,2,20.0,19.964943852865996,19.91204886854734,20.09610096361871,20.08803986140519,19.640629586394986,19.0,19.0
2017-06-02,3,19.0,19.964943852865996,19.91204886854734,20.09610096361871,20.08803986140519,19.53214572352751,19.0,19.0
2017-06-02,4,20.0,20.11038955892437,20.0295362799322,20.204680398355386,20.23277459545004,19.522953591540098,20.0,19.0
2017-06-02,5,19.0,20.065649069271554,20.009343574730604,20.183464463304844,20.142631868684482,19.340055911741786,19.0,19.0
2017-06-02,6,20.0,20.50609111442351,20.429174826718675,20.580030414148695,20.602172146766925,19.457769355908223,21.0,19.0
2017-06-02,7,20.0,20.40606949214803,20.31073799557114,20.446200787617006,20.478698323290775,19.29261150084429,20.0,21.0
2017-06-02,8,19.0,20.923160009236085,20.776990995522755,20.952087245703833,20.755459129326418,22.13775510100959,19.0,18.0
2017-06-02,9,22.0,21.336905918721357,21.180102068534953,21.36675536907792,21.370063194284445,22.298830663110387,21.0,21.0
2017-06-02,10,23.0,22.906605149767213,22.86567667283671,23.098216121485443,23.186266999787275,22.39644955804026,22.0,24.0
2017-06-02,11,22.0,23.364041410073252,23.36121735632657,23.542448382345203,23.60127619023802,22.455721966534878,22.0,25.0
2017-06-02,12,23.0,23.16576583837647,23.161808927047254,23.3716422324603,23.433263765538488,22.565781613039782,22.0,24.0
2017-06-02,13,22.0,23.246320414423977,23.215456089252882,23.413375334022923,23.4558328428778,22.679215983521473,22.0,24.0
2017-06-02,14,23.0,23.046035671779297,23.015171346608202,23.213090591378243,23.168367222976933,22.81650774500625,22.0,23.0
2017-06-02,15,22.0,23.246320414423977,23.215456089252882,23.413375334022923,23.466850668730014,22.92838855982793,22.0,24.0
2017-06-02,16,22.0,22.644219648693884,22.595415777773635,22.793346852403587,22.722145641749226,22.982417553799817,21.0,22.0
2017-06-02,17,22.0,23.046035671779297,23.015171346608202,23.213090591378243,23.168367222976933,23.168712185552334,22.0,23.0
2017-06-02,18,21.0,20.184004595718953,20.092117157823534,20.488662247901868,20.421752611665383,20.08999708766409,19.0,21.0
2017-06-02,19,18.0,20.005848431367802,20.130283287614567,20.378379814985784,20.117849905561034,20.08530925862798,18.0,19.0
2017-06-02,20,20.0,20.144615821940192,20.20284198831764,20.31010050902177,20.215410617612953,20.1973130664546,19.0,20.0
2017-06-02,21,20.0,20.117388725151468,20.185449753895412,20.31010050902177,20.215410617612953,20.212877092362252,19.0,19.0
2017-06-02,22,18.0,20.144615821940192,20.20284198831764,20.31010050902177,20.215410617612953,20.17074320905515,19.0,20.0
2017-06-02,23,19.0,20.117388725151468,20.185449753895412,20.31010050902177,20.20439279176074,20.12868105585816,19.0,19.0
2017-06-03,0,18.0,19.366773847514555,19.33169712599605,19.325950937203235,19.515716414261696,17.86143700139833,19.0,20.0
2017-06-03,1,19.0,19.489764496600078,19.442323128119426,19.450896842515455,19.680453656203174,17.875243059826165,20.0,20.0
2017-06-03,2,19.0,19.344318790541703,19.31185403019109,19.34231740777878,19.526479777731982,17.690824493271172,19.0,20.0
2017-06-03,3,18.0,19.317091693752978,19.29446179576886,19.34231740777878,19.526479777731982,17.609358983373834,19.0,19.0
2017-06-03,4,19.0,19.344318790541703,19.29887234364761,19.34231740777878,19.51724063330564,17.502958169300346,19.0,20.0
2017-06-03,5,19.0,19.417796910158536,19.391756501952123,19.429680907464913,19.581071785011275,17.433771375501173,19.0,19.0
2017-06-03,6,18.0,19.51949025456523,19.48003954496064,19.509811194205955,19.640850550854605,17.35278813328737,19.0,20.0
2017-06-03,7,18.0,19.405300521893796,19.365849812289206,19.39562146153452,19.48390242940373,17.306612298248265,19.0,20.0
2017-06-03,8,17.0,18.286977408911806,18.198350669537273,18.244423375496623,18.59728540106277,17.205449132762393,18.0,19.0
2017-06-03,9,17.0,17.962266234549503,17.906855459400884,17.971080114238262,18.184633639418287,17.075808194810506,17.0,22.0
2017-06-03,10,16.0,17.870723539936783,17.906855459400884,17.971080114238262,18.184633639418287,17.187848646800507,18.0,23.0
2017-06-03,11,16.0,17.870723539936783,17.906855459400884,17.971080114238262,18.184633639418287,17.165842086295566,17.0,22.0
2017-06-03,12,17.0,17.898107368680773,17.911935859742076,17.971080114238262,18.184633639418287,17.231772922200562,17.0,23.0
2017-06-03,13,16.0,17.882004711927788,17.91182233121449,17.954713643662718,18.173870275948,17.342518392112613,17.0,22.0
2017-06-03,14,16.0,17.882004711927788,17.91182233121449,17.954713643662718,18.173870275948,17.436805940922977,17.0,23.0
2017-06-03,15,17.0,17.882004711927788,17.91182233121449,17.954713643662718,18.173870275948,17.563108312804786,17.0,22.0
2017-06-03,16,16.0,17.882004711927788,17.91182233121449,17.954713643662718,18.173870275948,17.67290607883248,17.0,22.0
2017-06-03,17,17.0,18.327589495928077,18.240318138508982,18.536557779159374,18.77618719517777,17.773116431272705,17.0,22.0
2017-06-03,18,16.0,18.340171638187655,18.23788301018647,18.474346026944644,18.808568804387495,17.871309928784136,17.0,21.0
2017-06-03,19,16.0,18.300963823847756,18.118330209573507,18.419066719322103,18.799752771852667,17.976135929151134,17.0,18.0
2017-06-03,20,17.0,18.569326276087374,18.533418950597945,18.563440197929637,18.9336209153359,17.987168076892377,17.0,20.0
2017-06-03,21,18.0,18.569326276087374,18.533418950597945,18.563440197929637,18.9336209153359,18.09257936011162,18.0,20.0
2017-06-03,22,20.0,19.19891143627902,19.125104895764135,19.126593862779508,19.314126564433064,18.198618406160342,19.0,18.0
2017-06-03,23,18.0,19.303787440233545,19.26945307416418,19.270967341387042,19.436976882064084,18.144307252264074,19.0,19.0
2017-06-04,0,19.0,18.915041071806726,18.252406092992658,18.631811918758263,18.0662754100045,17.204996032046687,19.0,18.0
2017-06-04,1,18.0,18.9974620187884,18.37691117558774,18.79255186794134,18.21090691695802,17.104621855980316,19.0,19.0
2017-06-04,2,19.0,19.142907724846776,18.507380273516077,18.901131302678017,18.36488079542921,17.100886331292074,20.0,19.0
2017-06-04,3,19.0,18.892586014833874,18.232562997187696,18.648178389333808,18.077038773474786,16.92042032052104,19.0,18.0
2017-06-04,4,18.0,18.9974620187884,18.36392948904426,18.79255186794134,18.20166777253168,16.80982028558452,19.0,19.0
2017-06-04,5,19.0,19.09816723519396,18.474205881771002,18.879915367627476,18.265498924237313,16.724180447853005,19.0,19.0
2017-06-04,6,19.0,19.13543394877799,18.400748511957246,18.815672175760984,18.19140954659741,16.669923445969996,19.0,18.0
2017-06-04,7,18.0,19.021244216106556,18.286558779285812,18.70148244308955,18.034461425146535,16.624647977286944,19.0,18.0
2017-06-04,8,17.0,17.053625820034327,16.391515222738587,16.65438385386727,15.189446851631825,16.52612455238999,18.0,17.0
2017-06-04,9,17.0,16.692975244874795,16.008190529395332,16.293733278707737,14.812077285908751,16.442122745331403,17.0,17.0
2017-06-04,10,16.0,16.601432550262075,16.008190529395332,16.293733278707737,14.812077285908751,16.49373436548428,17.0,16.0
2017-06-04,11,16.0,16.656677559919768,15.98957472536478,16.293733278707737,14.812077285908751,16.6513433385645,18.0,16.0
2017-06-04,12,17.0,16.684061388663757,15.99465512570597,16.293733278707737,14.812077285908751,16.63058516622261,17.0,17.0
2017-06-04,13,16.0,16.667958731910772,15.994541597178388,16.277366808132193,14.801313922438466,16.74816959758661,17.0,16.0
2017-06-04,14,16.0,16.667958731910772,15.994541597178388,16.277366808132193,14.801313922438466,16.769115377572476,16.0,16.0
2017-06-04,15,16.0,16.667958731910772,15.994541597178388,16.277366808132193,14.801313922438466,16.966791643641137,17.0,17.0
2017-06-04,16,16.0,16.667958731910772,15.994541597178388,16.277366808132193,14.801313922438466,17.094601933875285,17.0,16.0
2017-06-04,17,17.0,17.22271585351648,16.531973261041646,16.85921094362885,15.368834244454085,17.183638723561003,17.0,17.0
2017-06-04,18,16.0,17.22271585351648,16.632758692732157,16.959996600692858,15.368834244454085,17.28273258742849,17.0,16.0
2017-06-04,19,17.0,17.336905586187914,16.74694842540359,17.074186333364292,15.525782365904952,17.438746281108,18.0,16.0
2017-06-04,20,16.0,19.07997247703051,18.442545114919373,18.808544396655574,18.19087928104322,17.648007931001416,20.0,17.0
2017-06-04,21,18.0,18.934526770972134,18.289723903242976,18.67761398000608,17.998553703659102,17.548350750616542,19.0,18.0
2017-06-04,22,19.0,19.082721450784465,18.464376537759946,18.85196171606596,18.172965184214505,17.500136082417868,19.0,20.0
2017-06-04,23,18.0,19.07997247703051,18.442545114919373,18.808544396655574,18.179861455191006,17.57441991071979,20.0,18.0
2017-06-05,0,18.0,19.817947114365392,19.324194375544813,19.726946193886143,18.928547845525067,19.132168535572237,19.0,19.0
2017-06-05,1,18.0,19.632516534363358,19.14214707607851,19.540839613715985,18.805161829740662,19.04226520964943,19.0,18.0
2017-06-05,2,19.0,19.737392538317884,19.286495254478552,19.68521309232352,18.905978768185754,18.915201791832846,19.0,19.0
2017-06-05,3,18.0,19.88283824437626,19.41696435240689,19.793792527060194,19.059952646656946,18.894250395226898,20.0,19.0
2017-06-05,4,19.0,19.632516534363358,19.12916538953503,19.540839613715985,18.798025554142985,18.707215115591268,19.0,18.0
2017-06-05,5,18.0,19.838097754723442,19.383789960661815,19.772576592009653,18.962673644293712,18.601140099660167,19.0,19.0
2017-06-05,6,21.0,20.085803834968996,19.743946143397668,20.047218517521067,19.340969346559206,18.624339165935645,20.0,19.0
2017-06-05,7,20.0,19.835482124956094,19.469128867069287,19.794265604176857,19.086178529642922,18.501607629094106,19.0,18.0
2017-06-05,8,20.0,20.06744877770902,20.153916037368557,20.116168855386455,17.739165957629815,21.191624866309724,18.0,17.0
2017-06-05,9,23.0,20.11485071638596,20.214299662588974,20.275976255492566,17.811502176789357,21.21168491063709,18.0,17.0
2017-06-05,10,24.0,20.327628621909398,20.723619835295242,20.92459366016231,17.947084252263476,21.183496582980293,17.0,16.0
2017-06-05,11,24.0,20.63043632357944,21.386296161675528,21.379769375744974,18.098207274903213,21.263564206447768,17.0,16.0
2017-06-05,12,24.0,20.657820152323428,21.453793225889356,21.448088996001314,18.11475261385501,21.353489760347994,17.0,17.0
2017-06-05,13,25.0,20.6998170146451,21.487483763762437,21.51304174745266,18.137321691194323,21.488229948255277,17.0,16.0
2017-06-05,14,23.0,20.6998170146451,21.487483763762437,21.532230758678853,17.956788803293012,21.712218287724898,18.0,16.0
2017-06-05,15,24.0,20.6998170146451,21.487483763762437,21.532230758678853,17.783766324991348,21.84390790932731,18.0,16.0
2017-06-05,16,24.0,20.6998170146451,21.487483763762437,21.532230758678853,17.783766324991348,21.968438777905153,18.0,16.0
2017-06-05,17,23.0,20.6998170146451,21.487483763762437,21.532230758678853,17.783766324991348,22.064097442447036,18.0,17.0
2017-06-05,18,21.0,18.219977811926572,18.90473939354543,19.165520201157126,15.831409700901053,19.383531117255036,18.0,16.0
2017-06-05,19,20.0,18.219977811926572,18.90473939354543,19.165520201157126,15.831409700901053,19.33641696999653,17.0,17.0
2017-06-05,20,19.0,18.211956468907097,18.878151192964502,19.056368347234706,15.804600751288492,19.473155382021794,18.0,16.0
2017-06-05,21,19.0,19.635238821643654,20.025979579176706,20.260311980412794,18.281970043600637,19.536206956004044,19.0,18.0
2017-06-05,22,20.0,19.74011482559818,20.17032775757675,20.404685459020328,18.38278698204573,19.488077569259634,19.0,19.0
2017-06-05,23,19.0,19.635238821643654,20.025979579176706,20.241122969186602,18.270952217748423,19.439033504433212,19.0,18.0
2017-06-06,0,19.0,20.148102135697645,19.780321244256275,20.064616702849772,20.074779468062086,19.93987811587208,20.0,18.0
2017-06-06,1,19.0,19.922101853591762,19.612153025261676,19.914304166550473,19.898236512251582,19.74695163249954,19.0,18.0
2017-06-06,2,19.0,20.02697785754629,19.75650120366172,20.058677645158006,19.999053450696675,19.62391205783388,19.0,19.0
2017-06-06,3,19.0,19.922101853591762,19.612153025261676,19.914304166550473,19.898236512251582,19.52670134732081,19.0,18.0
2017-06-06,4,18.0,20.172423563604664,19.873988615046578,20.167257079894682,20.14589105357019,19.50174678558256,20.0,19.0
2017-06-06,5,19.0,20.02280706999732,19.70944773144494,20.001667666236607,19.95493138835954,19.331437137045445,19.0,18.0
2017-06-06,6,19.0,20.487876280378057,20.303346447465188,20.48378387367896,20.546581746624547,19.31376478399328,20.0,21.0
2017-06-06,7,19.0,20.587897902653534,20.43917551303495,20.588480061669433,20.653022713225486,19.377520695846783,21.0,20.0
2017-06-06,8,19.0,21.169869427992047,20.866530231274243,20.982239168742275,21.094151717739404,22.12720579765862,20.0,20.0
2017-06-06,9,22.0,21.97705212614014,21.731107337886627,21.911196628311874,22.005325967765916,22.196702516467997,21.0,23.0
2017-06-06,10,25.0,22.728750973458922,22.646399616862094,22.76863172399918,22.985199528096665,22.230960199374895,21.0,24.0
2017-06-06,11,24.0,23.852117372461255,23.771518160146634,23.876124524389226,23.920243778780705,22.494059919089118,23.0,24.0
2017-06-06,12,25.0,23.33048376116178,23.289997784317,23.3954267046021,23.448043764236584,22.499952691041408,22.0,24.0
2017-06-06,13,24.0,24.41151895538371,24.2646815162783,24.347741919175586,24.353713694615855,22.789804096066984,24.0,25.0
2017-06-06,14,25.0,23.985574812298257,23.859907944013113,23.995840037872195,24.019473661747018,22.943867229373698,24.0,23.0
2017-06-06,15,25.0,24.185859554942937,24.060192686657793,24.196124780516875,24.196719095768536,23.058288195184396,24.0,24.0
2017-06-06,16,25.0,23.411038337209288,23.343644946522627,23.47956846727964,23.51747992842897,22.993111739178016,22.0,24.0
2017-06-06,17,23.0,23.210753594564608,23.143360203877947,23.27928372463496,23.218996482675887,23.11473028000077,22.0,23.0
2017-06-06,18,21.0,20.637219548597727,20.611153515835134,20.816628416434874,20.75961733611229,20.185204929706284,20.0,21.0
2017-06-06,19,20.0,20.184812639930826,20.240584258591056,20.54628212832808,20.111797708364612,20.072757910138417,18.0,20.0
2017-06-06,20,19.0,20.269125836925767,20.278358490449673,20.4089102064939,20.34391690780053,20.211163052569656,19.0,19.0
2017-06-06,21,21.0,20.269125836925767,20.278358490449673,20.4089102064939,20.316552915195505,20.21096464872647,19.0,19.0
2017-06-06,22,20.0,20.29635293371449,20.2957507248719,20.4089102064939,20.316552915195505,20.166290614430352,19.0,20.0
2017-06-06,23,19.0,20.269125836925767,20.278358490449673,20.389721195267708,20.30553508934329,20.121270392754848,19.0,19.0
2017-06-07,0,19.0,20.190262975595274,19.98358400201538,20.161756314974213,20.247947624304615,19.65847207766632,20.0,19.0
2017-06-07,1,19.0,19.964262693489392,19.785279058099793,20.011443778674913,20.07140466849411,19.479106811370855,19.0,19.0
2017-06-07,2,18.0,19.964262693489392,19.785279058099793,20.011443778674913,20.07140466849411,19.382517582592854,19.0,19.0
2017-06-07,3,19.0,20.109708399547767,19.91574815602813,20.12002321341159,20.225378546965302,19.375873212880915,20.0,19.0
2017-06-07,4,18.0,19.859386689534865,19.63570176249139,19.86707030006738,19.96345145445134,19.1998161010988,19.0,18.0
2017-06-07,5,19.0,20.06496790989495,19.890326333618177,20.098807278361047,20.12809954460207,19.100642249983782,19.0,19.0
2017-06-07,6,19.0,20.304652647121028,20.12228448115314,20.333389965820206,20.368661138529152,19.126195175060406,20.0,19.0
2017-06-07,7,20.0,20.304652647121028,20.12228448115314,20.333389965820206,20.368661138529152,19.080824445773132,20.0,19.0
2017-06-07,8,19.0,21.079927167146426,20.75747038542432,20.93500530225918,21.02876882719843,22.154808104164506,20.0,19.0
2017-06-07,9,21.0,21.838538598252466,21.505513786033852,21.737801220598733,21.780406253730977,22.215978040306926,21.0,22.0
2017-06-07,10,22.0,23.250525194848358,23.126375217236014,23.329182136455913,23.42278599389066,22.305285411780094,22.0,25.0
2017-06-07,11,23.0,23.338999646301026,23.214384790638224,23.412565248365407,23.607328899117118,22.38250545289583,22.0,24.0
2017-06-07,12,22.0,24.18240558965306,24.071257248190047,24.29865870678469,24.280632016264367,22.548079643825297,23.0,25.0
2017-06-07,13,24.0,23.995955491135987,23.963355705966098,24.094855060116558,24.171037929905005,22.66494049906298,23.0,24.0
2017-06-07,14,24.0,24.26296016570057,24.20371365926063,24.38280046946223,24.350068180456752,22.764926679795185,23.0,25.0
2017-06-07,15,23.0,24.26296016570057,24.20371365926063,24.38280046946223,24.350068180456752,22.882309274503584,23.0,25.0
2017-06-07,16,22.0,23.713942725657105,23.654696219217165,23.833783029418765,23.861322826960834,22.902334005529077,22.0,25.0
2017-06-07,17,24.0,23.254667131519284,23.23714103004903,23.364741888654606,23.39482695650822,23.03253141528515,22.0,23.0
2017-06-07,18,21.0,20.606354273077347,20.650945763535738,20.848107949005897,20.819485339515968,19.865215675601327,20.0,21.0
2017-06-07,19,19.0,20.153947364410445,20.28037650629166,20.577761660899103,20.139921920163356,19.75455402413198,18.0,20.0
2017-06-07,20,19.0,20.230246738333946,20.246390707435236,20.440389739064923,20.33133814492551,19.89819360097333,19.0,19.0
2017-06-07,21,22.0,20.809016825840068,20.760805073640245,20.94668998823249,20.955964548194498,20.065751312507928,21.0,21.0
2017-06-07,22,20.0,20.402919541181046,20.41660415353386,20.571320155714417,20.496299729704603,19.966027589645538,20.0,20.0
2017-06-07,23,19.0,20.71573545342866,20.671410718755894,20.824340935630637,20.800665213182928,20.02717238021311,21.0,19.0
2017-06-08,0,19.0,20.279232309268274,20.042389319270494,20.326529732277805,20.33025862844761,19.161901685088353,21.0,19.0
2017-06-08,1,18.0,19.759719355628953,19.604591871714785,20.03664027257639,19.762947016061528,18.806240756628487,18.0,19.0
2017-06-08,2,19.0,19.727825931732255,19.522041735843967,19.82398748800484,19.833920050036653,18.827019783014766,19.0,18.0
2017-06-08,3,18.0,19.83270193568678,19.66638991424401,19.968360966612373,19.934736988481745,18.721644505010097,19.0,19.0
2017-06-08,4,19.0,19.727825931732255,19.509060049300487,19.82398748800484,19.826783774438976,18.645722328175474,19.0,18.0
2017-06-08,5,19.0,19.93340715209234,19.763684620427274,20.055724466298507,19.991431864589703,18.55070178904507,19.0,19.0
2017-06-08,6,19.0,20.027646183260043,19.8651736700339,20.18172771902099,20.078019580045595,18.48414336179535,19.0,19.0
2017-06-08,7,19.0,20.393621980794027,20.220866188416352,20.4981633831238,20.450972142672146,18.610598651189832,21.0,20.0
2017-06-08,8,19.0,21.62153241018926,21.41543628314535,21.703955304251846,21.26002186978658,21.60091883042366,18.0,19.0
2017-06-08,9,21.0,21.30957981190777,21.036895227227202,21.362746161044544,21.261157170841237,21.856351044058513,21.0,21.0
2017-06-08,10,22.0,23.336230949559162,23.153633166855606,23.403867462127824,23.341587130456876,22.15173059686667,24.0,22.0
2017-06-08,11,22.0,23.71238757177279,23.563437793791316,23.83341301474443,23.800232326238863,22.284825018872375,25.0,23.0
2017-06-08,12,22.0,23.652914487890296,23.465271098861205,23.74561319335902,23.605129235159886,22.280209599857745,24.0,22.0
2017-06-08,13,22.0,23.99158363308343,23.794972375961613,24.08661909074505,23.947801438362124,22.34487026783189,24.0,24.0
2017-06-08,14,23.0,23.765779855393244,23.62744207586991,23.93826922877747,23.76832545037069,22.355114800086664,23.0,24.0
2017-06-08,15,23.0,23.79129889043875,23.594687633316934,23.905523359326562,23.78157383019282,22.571228303087793,24.0,23.0
2017-06-08,16,23.0,22.916257670435737,22.775054028862886,23.06280550485928,22.78981603602279,22.504931402509218,22.0,22.0
2017-06-08,17,22.0,23.773793678464685,23.65052958264099,23.93826922877747,23.76832545037069,22.669250256605817,23.0,24.0
2017-06-08,18,21.0,20.721430011092245,20.641219511554294,20.998521529031652,20.83710081388863,19.327070764312776,21.0,21.0
2017-06-08,19,20.0,20.148703213928957,20.126805145349284,20.43296329414311,20.192604791702223,19.231639033559347,19.0,19.0
2017-06-08,20,20.0,20.228309444196075,20.189046898200967,20.44952394459776,20.29834265363045,19.365618619041886,20.0,19.0
2017-06-08,21,20.0,20.56032095129845,20.452261949588713,20.753725816815574,20.696293304964758,19.245386083385213,19.0,22.0
2017-06-08,22,19.0,20.24752271791336,20.18335162585212,20.44952394459776,20.270978661025424,19.355141968013445,20.0,20.0
2017-06-08,23,20.0,20.07484991506626,20.013138179753494,20.299404516722074,20.067635257789092,19.239257801305367,19.0,19.0
2017-06-09,0,20.0,20.21233209668432,20.147523696792263,20.19482627871637,20.24212839572523,19.17983657243676,20.0,19.0
2017-06-09,1,20.0,20.026901516682287,19.965476397325958,20.008719698546212,20.085691174902685,19.115841940069114,20.0,18.0
2017-06-09,2,20.0,20.131777520636813,20.109824575726,20.153093177153746,20.21955931838592,19.01292158115805,20.0,19.0
2017-06-09,3,20.0,19.881455810623912,19.83500729939762,19.900140263809536,19.931717296431493,18.839459663187608,19.0,18.0
2017-06-09,4,19.0,20.131777520636813,20.096842889182522,20.153093177153746,20.210320173959577,18.827762027382125,20.0,19.0
2017-06-09,5,20.0,20.087037030983996,20.076650183980927,20.131877242103204,20.12017744719402,18.65197272753145,19.0,19.0
2017-06-09,6,21.0,20.30694898466034,20.288650249937113,20.320586963580922,20.360739041121104,18.67858273802269,20.0,19.0
2017-06-09,7,21.0,20.30694898466034,20.288650249937113,20.320586963580922,20.360739041121104,18.6321549233208,20.0,19.0
2017-06-09,8,20.0,21.13456700171895,21.071139814589923,21.044873503109727,20.86687285131919,21.749245864830833,19.0,19.0
2017-06-09,9,22.0,21.737019104994303,21.623484906946686,21.60875034562089,21.60254973892279,22.006354900448535,22.0,21.0
2017-06-09,10,22.0,23.253242705611633,23.15055189297342,23.138357437825746,23.18912199530848,22.116863790812808,23.0,22.0
2017-06-09,11,24.0,22.936002125433436,22.89258630679931,22.86276610875714,22.82613539583221,22.079260385675926,22.0,22.0
2017-06-09,12,24.0,23.51240339422089,23.446684147183966,23.411783548800603,23.436118761059692,22.25061851906325,23.0,22.0
2017-06-09,13,24.0,23.043940530224933,22.95131386934613,22.904499210319763,22.848704473171523,22.252108740373114,22.0,22.0
2017-06-09,14,24.0,23.7011917956092,23.626504680479552,23.579678191593274,23.66098627935012,22.438140717593793,23.0,23.0
2017-06-09,15,27.0,23.152174355565737,23.07748724043609,23.03066075154981,23.051002914122638,22.45557025480762,22.0,23.0
2017-06-09,16,26.0,23.152174355565737,23.07748724043609,23.03066075154981,23.051002914122638,22.564192812266135,22.0,23.0
2017-06-09,17,23.0,23.016853516333985,22.896916170850954,22.904499210319763,22.859722299023737,22.67747770105903,22.0,22.0
2017-06-09,18,21.0,20.822025856990493,20.783394408101504,20.840215234492135,20.907007076889577,19.449085071878756,21.0,21.0
2017-06-09,19,19.0,20.11891917059074,20.160584432791943,20.326792593784145,20.095395484070572,19.245952536125188,18.0,20.0
2017-06-09,20,20.0,20.40299218432373,20.42296980924436,20.389443704469624,20.38528177350661,19.472405996941703,20.0,20.0
2017-06-09,21,20.0,20.40299218432373,20.42296980924436,20.389443704469624,20.38528177350661,19.48546451903129,20.0,20.0
2017-06-09,22,19.0,20.118779087692964,20.171001696283962,20.326792593784145,20.06858653445801,19.29863791426581,18.0,19.0
2017-06-09,23,20.0,20.257546478265354,20.270148597567964,20.25851328782013,20.181938370270277,19.339638271356893,19.0,20.0
2017-06-10,0,19.0,18.72314265998712,18.763818758039516,18.795814706482016,18.984851497869837,18.29717088827987,18.0,20.0
2017-06-10,1,20.0,19.462375863949163,19.471620208754832,19.498876775884717,19.557408964676256,18.30714899558784,19.0,20.0
2017-06-10,2,20.0,19.462375863949163,19.471620208754832,19.498876775884717,19.557408964676256,18.212691316154654,19.0,20.0
2017-06-10,3,19.0,18.739245316740103,18.7639322865671,18.81218117705756,18.995614861340123,18.0208214099636,18.0,20.0
2017-06-10,4,19.0,19.435148767160438,19.441246287789124,19.498876775884717,19.548169820249914,18.03322475513744,19.0,19.0
2017-06-10,5,20.0,19.56308108035472,19.568914914938095,19.58624027557085,19.61200097195555,17.934933820669908,19.0,20.0
2017-06-10,6,19.0,18.94089486538027,18.981340265746166,19.01158947821083,19.13037683602265,17.759918649431697,18.0,21.0
2017-06-10,7,19.0,18.775454802118755,18.86715053307473,18.845303642175065,18.92515475767101,17.714246773718166,18.0,21.0
2017-06-10,8,18.0,18.43226157910799,18.40129089399143,18.42181428823281,18.569776451399093,17.614561142213805,17.0,20.0
2017-06-10,9,17.0,18.07353133541824,18.108666254622772,18.08625927475972,18.133606690603266,17.59461189444253,17.0,22.0
2017-06-10,10,17.0,18.07353133541824,18.108666254622772,18.08625927475972,18.133606690603266,17.53647283362974,16.0,22.0
2017-06-10,11,18.0,18.07353133541824,18.108666254622772,18.11513756439824,18.133606690603266,17.570121415370398,16.0,24.0
2017-06-10,12,17.0,18.10091516416223,18.113746654963965,18.11513756439824,18.133606690603266,17.747221475437513,17.0,24.0
2017-06-10,13,17.0,18.084812507409247,18.11363312643638,18.098771093822695,18.12284332713298,17.754453623427167,16.0,24.0
2017-06-10,14,18.0,18.084812507409247,18.11363312643638,18.098771093822695,18.12284332713298,17.866121558157985,16.0,24.0
2017-06-10,15,17.0,18.368971169727708,18.379436076572386,18.33085202303953,18.290855751832513,18.033761809616397,17.0,27.0
2017-06-10,16,17.0,18.368971169727708,18.379436076572386,18.33085202303953,18.290855751832513,18.06619532642703,16.0,26.0
2017-06-10,17,17.0,18.639569629014954,18.64107956343786,18.68061522931935,18.725160246362748,18.30285109257787,17.0,23.0
2017-06-10,18,18.0,18.658943743813253,18.643635150537783,18.65173693968083,18.781059854723818,18.321833883059462,16.0,21.0
2017-06-10,19,17.0,18.72461193342788,18.647177007712468,18.740831110665823,18.906111965672224,18.412342620757467,16.0,19.0
2017-06-10,20,18.0,18.778926044107553,18.718966940629873,18.740831110665823,18.906111965672224,18.529238507559455,17.0,20.0
2017-06-10,21,18.0,18.778926044107553,18.718966940629873,18.740831110665823,18.906111965672224,18.63229937364035,18.0,20.0
2017-06-10,22,20.0,19.6588329143121,19.58204046440432,19.558457126142475,19.67124947224469,18.81498996279302,20.0,19.0
2017-06-10,23,20.0,18.778926044107553,18.718966940629873,18.740831110665823,18.906111965672224,18.57005578692205,18.0,20.0
2017-06-11,0,19.0,19.45760382413329,19.497483978726315,19.5017582852234,19.554038776358343,17.93535987971575,19.0,19.0
2017-06-11,1,20.0,18.739245316740103,18.744171149265437,18.81059761234154,19.003008036492496,17.7434884153373,18.0,20.0
2017-06-11,2,19.0,19.462375863949163,19.477640882921353,19.518124755798944,19.56480213982863,17.74164518445517,19.0,20.0
2017-06-11,3,20.0,19.435148767160438,19.477640882921353,19.518124755798944,19.56480213982863,17.656332092912706,19.0,19.0
2017-06-11,4,19.0,18.71201821995138,18.731189462721957,18.81059761234154,18.993768892066154,17.467264259249045,18.0,19.0
2017-06-11,5,19.0,19.56308108035472,19.574935589104616,19.605488255485078,19.619394147107922,17.462122901631428,19.0,20.0
2017-06-11,6,20.0,19.610320231183966,19.645826397690904,19.68561854222612,19.679172912951252,17.408133244024786,19.0,19.0
2017-06-11,7,19.0,18.726933259061948,18.754133754698547,18.8186245157726,18.900651922320915,17.26906246136653,18.0,19.0
2017-06-11,8,18.0,18.30015847836474,18.23718157828972,18.275857244909254,18.443301483068232,17.169755222711093,17.0,18.0
2017-06-11,9,17.0,17.939507903205207,17.853856884946467,17.915206669749722,18.065931917345157,17.191847821066492,17.0,17.0
2017-06-11,10,17.0,17.939507903205207,17.853856884946467,17.915206669749722,18.065931917345157,17.13449321864737,16.0,17.0
2017-06-11,11,18.0,17.939507903205207,17.853856884946467,17.915206669749722,18.065931917345157,17.182868624879227,16.0,18.0
2017-06-11,12,17.0,17.966891731949197,17.85893728528766,17.915206669749722,18.065931917345157,17.374762317235096,17.0,17.0
2017-06-11,13,17.0,17.950789075196212,17.858823756760074,17.898840199174177,18.05516855387487,17.38297479417008,16.0,17.0
2017-06-11,14,18.0,17.950789075196212,17.858823756760074,17.898840199174177,18.05516855387487,17.481742946705253,16.0,18.0
2017-06-11,15,17.0,17.950789075196212,17.858823756760074,17.898840199174177,18.05516855387487,17.61189290023219,16.0,17.0
2017-06-11,16,18.0,17.950789075196212,17.858823756760074,17.898840199174177,18.05516855387487,17.72464301949464,16.0,17.0
2017-06-11,17,17.0,18.50554619680192,18.386270193761554,18.480684334670833,18.62268887589049,17.920237268464135,17.0,17.0
2017-06-11,18,18.0,18.50554619680192,18.386270193761554,18.480684334670833,18.62268887589049,17.897909211669567,16.0,18.0
2017-06-11,19,18.0,18.619735929473354,18.50045992643299,18.594874067342268,18.779636997341363,18.06800355296887,17.0,17.0
2017-06-11,20,18.0,18.646822943364302,18.554857624928164,18.594874067342268,18.779636997341363,17.99746510752427,16.0,18.0
2017-06-11,21,19.0,18.646822943364302,18.554857624928164,18.594874067342268,18.779636997341363,18.19345200720759,18.0,18.0
2017-06-11,22,20.0,19.54061430504245,19.45263216131667,19.446774689407206,19.486317070012944,18.240390258237493,19.0,20.0
2017-06-11,23,19.0,18.778926044107553,18.69920580332821,18.7392475459498,18.913505140824597,18.101883834261006,18.0,20.0
2017-06-12,0,20.0,19.966161539938376,19.98227745000092,20.178794559721393,19.864220802819066,19.24550311062275,18.0,19.0
2017-06-12,1,19.0,19.95139177440543,19.964534953267208,20.13706145815877,19.841651725479753,19.15451208303311,18.0,20.0
2017-06-12,2,20.0,19.997147257674534,20.026332995796434,20.068782152194753,20.159387803983034,19.173333564102727,19.0,19.0
2017-06-12,3,19.0,19.95139177440543,19.964534953267208,20.13706145815877,19.841651725479753,18.97274933412708,18.0,20.0
2017-06-12,4,20.0,19.997147257674534,20.013351309252954,20.068782152194753,20.152251528385356,18.989065263927564,19.0,19.0
2017-06-12,5,19.0,20.024869894022263,20.06182965945047,20.224424957844903,19.89834660158771,18.813519216622627,18.0,19.0
2017-06-12,6,19.0,20.55806730278178,20.563417035546546,20.59858456870618,20.675622958173435,19.013454832081468,21.0,20.0
2017-06-12,7,20.0,20.33753721130617,20.35558584951466,20.390728339340047,20.456644274018075,18.887229382110814,20.0,19.0
2017-06-12,8,19.0,21.007935727377042,21.091807302427274,20.847970197171488,21.01593502424226,22.122385875227263,20.0,18.0
2017-06-12,9,21.0,22.37305426331783,22.496680793913335,22.35231780708498,22.422763495805178,22.420547861956116,23.0,17.0
2017-06-12,10,24.0,23.465947274207817,23.603351064248805,23.401128606334545,23.438823214091627,22.544365760982167,24.0,17.0
2017-06-12,11,25.0,23.75524698379496,23.894402918118157,23.6745547173094,23.68581997984284,22.585889758605703,24.0,18.0
2017-06-12,12,27.0,23.78263081253895,23.961899982331985,23.74287433756574,23.728494067038035,22.67690301417276,24.0,17.0
2017-06-12,13,27.0,23.972224693358264,24.13225232159651,23.888178127368835,23.819853882566715,22.864818963415434,25.0,17.0
2017-06-12,14,24.0,23.512511105438104,23.686888382616996,23.426822705663458,23.37177253182888,22.769679767944613,23.0,18.0
2017-06-12,15,24.0,23.970980265414155,24.087084064994563,23.82701610024328,23.76208097022956,22.987474253217886,24.0,17.0
2017-06-12,16,24.0,23.970980265414155,24.087084064994563,23.82701610024328,23.76208097022956,23.081896548413862,24.0,18.0
2017-06-12,17,24.0,23.520524928509545,23.709975889388073,23.426822705663458,23.37177253182888,23.101410214962183,23.0,17.0
2017-06-12,18,20.0,20.88705552815448,20.92534014080237,20.890906669283847,20.921060950445305,19.740812509372972,21.0,18.0
2017-06-12,19,20.0,20.553055809460975,20.61366916671259,20.519941417767452,20.534892994385935,19.71100557858701,20.0,18.0
2017-06-12,20,19.0,20.333756804539902,20.347180989440403,20.274641234923113,20.255979701545925,19.657118382852758,19.0,18.0
2017-06-12,21,21.0,20.43863280849443,20.491529167840447,20.419014713530647,20.329432647385993,19.656750560518038,19.0,19.0
2017-06-12,22,20.0,20.61130561134153,20.644350379516844,20.54994513018014,20.52175822477011,19.723385552843858,20.0,20.0
2017-06-12,23,21.0,20.43863280849443,20.491529167840447,20.399825702304454,20.31841482153378,19.60554384081912,19.0,19.0
2017-06-13,0,20.0,20.209351513791365,20.171740293040777,20.175676773325034,20.214129994018613,20.465522029347706,19.0,20.0
2017-06-13,1,21.0,20.101569840955133,20.0865122126313,20.13394367176241,20.1915609166793,20.40442170148532,19.0,19.0
2017-06-13,2,20.0,20.128796937743857,20.103904447053527,20.13394367176241,20.1915609166793,20.304198405010546,19.0,20.0
2017-06-13,3,20.0,20.101569840955133,20.0865122126313,20.13394367176241,20.1915609166793,20.226580476758336,19.0,19.0
2017-06-13,4,20.0,20.055814357686028,19.98719602751313,20.223054522356673,19.866688562578343,20.02960404622077,18.0,20.0
2017-06-13,5,20.0,20.20227505736069,20.191559488149682,20.221307171448544,20.24825579278726,20.055801148950863,19.0,19.0
2017-06-13,6,20.0,20.296514088528394,20.29304853775631,20.347310424171027,20.33484350824315,19.989264232160163,19.0,19.0
2017-06-13,7,21.0,20.323741185317118,20.310440772178538,20.347310424171027,20.33484350824315,19.928642071697958,19.0,20.0
2017-06-13,8,19.0,21.269577811645377,21.206007200337456,21.22890078288681,20.994951196912428,23.202326528544923,19.0,19.0
2017-06-13,9,22.0,21.87202991492073,21.771853243971496,21.82191106393919,21.804665856772534,23.457658419497044,22.0,21.0
2017-06-13,10,23.0,24.016218666221423,23.96803508003681,24.008711272651432,24.12295972290525,23.72528062255274,25.0,24.0
2017-06-13,11,23.0,24.609675380677718,24.493777159211824,24.549256142448137,24.574736739341407,23.671166851636148,24.0,25.0
2017-06-13,12,23.0,24.666086295547245,24.60425762424191,24.697926801056223,24.66007281648257,23.812004073831364,25.0,27.0
2017-06-13,13,23.0,24.717613785469215,24.693730634496234,24.682528514155823,24.649700416633376,23.810599990635964,24.0,27.0
2017-06-13,14,24.0,24.47963619703017,24.49635608201796,24.513312165614284,24.561496555975424,24.049188118794046,25.0,24.0
2017-06-13,15,24.0,24.47963619703017,24.49635608201796,24.513312165614284,24.561496555975424,24.157829605687308,25.0,24.0
2017-06-13,16,24.0,24.48765002010161,24.509458361927262,24.513312165614284,24.561496555975424,24.264675018480244,25.0,24.0
2017-06-13,17,23.0,24.23281915628589,24.298944661019302,24.265422254068767,24.302212003942408,24.175973504692365,23.0,24.0
2017-06-13,18,21.0,21.054738654992015,21.142390370387606,21.139657591860146,21.11074338787234,20.844742371292273,21.0,20.0
2017-06-13,19,19.0,20.705622682122204,20.870191570743344,20.80818981499676,20.771110660624473,20.81523351400985,20.0,20.0
2017-06-13,20,20.0,20.467110403483847,20.560726141876042,20.56288963215242,20.4514943931107,20.776033528912965,19.0,19.0
2017-06-13,21,20.0,21.03786666791853,21.08329174878415,21.069189881319986,21.076120796379687,20.950298528378955,21.0,21.0
2017-06-13,22,20.0,20.631769383259506,20.717837308065366,20.693820048801914,20.616455977889792,20.859315913331706,20.0,20.0
2017-06-13,23,19.0,20.57960504961254,20.65827173746349,20.646860662301886,20.557394083812817,20.715957393461412,19.0,21.0
2017-06-14,0,19.0,20.104928930510766,20.045452746317174,20.061692740056973,20.127913895815492,19.734453221999743,19.0,20.0
2017-06-14,1,20.0,20.117655726874666,20.079755745713037,20.12311967987001,20.2178825360306,19.650161108869863,19.0,21.0
2017-06-14,2,19.0,19.95139177440543,19.945955582721687,20.088238944458364,19.7876087399729,19.488169045051613,18.0,20.0
2017-06-14,3,19.0,20.02437435446326,20.007753625250913,20.01995963849435,20.10534481847618,19.493814523507115,19.0,20.0
2017-06-14,4,19.0,19.95139177440543,19.932973896178208,20.088238944458364,19.780472464375222,19.31337444055862,18.0,20.0
2017-06-14,5,19.0,20.125079570868817,20.105048331434176,20.107323138180483,20.162039694584138,19.327470017118994,19.0,20.0
2017-06-14,6,19.0,20.21931860203652,20.206537381040803,20.233326390902967,20.24862741004003,19.261516955644506,19.0,20.0
2017-06-14,7,19.0,20.458045680506302,20.409008599431264,20.445065867015302,20.515139006065642,19.293838909564922,20.0,21.0
2017-06-14,8,18.0,21.165155228364778,21.102103809199722,21.11491674961875,20.908735098709307,22.563275845508,19.0,19.0
2017-06-14,9,21.0,21.838987700927582,21.710596118762744,21.74631708041817,21.78260261210811,22.70854341917221,21.0,22.0
2017-06-14,10,25.0,22.87522757492693,22.836826275555214,22.81467822406257,22.854575473221587,22.813187549164788,22.0,23.0
2017-06-14,11,23.0,23.71354472455754,23.67689556946803,23.63712177508089,23.71155560420028,22.955810425320774,23.0,23.0
2017-06-14,12,24.0,23.191911113258065,23.195375193638395,23.156423955293764,23.144246326167995,22.932783493385813,22.0,23.0
2017-06-14,13,24.0,24.12729912568549,24.039291872221828,23.937933019982346,23.967292582578438,23.207528497867568,24.0,23.0
2017-06-14,14,25.0,24.3553665265116,24.23739175908082,24.157406773853218,24.15555584245217,23.293202847284608,24.0,24.0
2017-06-14,15,24.0,24.129562748821414,24.069861458989116,23.989867900659448,23.96506202860852,23.304767624126736,23.0,24.0
2017-06-14,16,24.0,23.58855913184939,23.54393152571673,23.440850460615984,23.476316675112603,23.315362022975187,22.0,24.0
2017-06-14,17,23.0,24.16309560693836,24.060194523207215,23.957122031208538,23.97831040843065,23.612873914152367,24.0,23.0
2017-06-14,18,22.0,21.085212904520414,21.0836388946735,21.05012020091363,21.03383739212646,20.08272542642516,21.0,21.0
2017-06-14,19,19.0,20.512486107357127,20.56922452846849,20.484561966025087,20.389341369940055,19.98789906144696,19.0,19.0
2017-06-14,20,21.0,20.473873728354594,20.496037304066004,20.370192199830242,20.302753654484164,20.016312216535766,19.0,20.0
2017-06-14,21,23.0,21.175360370368722,21.191552006360194,21.066914605366758,21.038039514722602,20.314454836633086,22.0,20.0
2017-06-14,22,19.0,20.61130561134153,20.625771008971324,20.501122616479737,20.467715239263256,20.11967968889588,20.0,20.0
2017-06-14,23,19.0,20.43863280849443,20.4555575628727,20.35100318860405,20.264371836026925,20.00808037138094,19.0,19.0
2017-06-15,0,19.0,20.077701833722042,20.028060511894946,20.061692740056973,20.127913895815492,19.513256041281686,19.0,19.0
2017-06-15,1,19.0,19.95139177440543,19.945955582721687,20.088238944458364,19.863729090748947,19.33763002799728,18.0,20.0
2017-06-15,2,18.0,19.997147257674534,19.990361390828685,20.01995963849435,20.10534481847618,19.36473845090744,19.0,19.0
2017-06-15,3,19.0,19.924164677616705,19.92856334829946,20.088238944458364,19.863729090748947,19.18508368256062,18.0,19.0
2017-06-15,4,19.0,19.997147257674534,19.977379704285205,20.01995963849435,20.098208542878503,19.1930467293208,19.0,19.0
2017-06-15,5,19.0,20.097852474080092,20.087656097011948,20.107323138180483,20.162039694584138,19.114461215415645,19.0,19.0
2017-06-15,6,20.0,20.192091505247795,20.189145146618575,20.233326390902967,20.24862741004003,19.048797008676544,19.0,19.0
2017-06-15,7,18.0,20.192091505247795,20.189145146618575,20.233326390902967,20.24862741004003,19.001115441506162,19.0,19.0
2017-06-15,8,19.0,21.06027922441025,20.957755630799678,20.970543271011216,20.807918160264215,22.387603421028032,19.0,18.0
2017-06-15,9,21.0,21.474025133895523,21.360866703811876,21.41434483292652,21.43176500083567,22.531523804381237,21.0,21.0
2017-06-15,10,23.0,23.301171718012384,23.241599847820403,23.18576911659215,23.321071343674202,22.592972331748197,22.0,25.0
2017-06-15,11,23.0,23.164527284514076,23.127878129424566,23.088104335037425,23.1015722389728,22.667649297561457,22.0,23.0
2017-06-15,12,23.0,23.392195855902745,23.348748950205493,23.356708697938444,23.442729771921076,22.722142962437598,22.0,24.0
2017-06-15,13,23.0,23.55276265059652,23.47611788865376,23.42166144938979,23.46529884926039,22.80763795797737,22.0,24.0
2017-06-15,14,22.0,24.355222149262186,24.227439302532044,24.16067405054435,24.133074453308055,22.98479572976251,23.0,25.0
2017-06-15,15,23.0,24.129562748821414,24.022950472911536,23.989867900659448,23.96506202860852,23.101946087051545,23.0,24.0
2017-06-15,16,24.0,24.137576571892854,24.046037979682612,23.989867900659448,23.96506202860852,23.20472126528783,23.0,24.0
2017-06-15,17,24.0,23.38827438920471,23.29673579699447,23.240565717971304,23.17783322935952,23.220802368135196,22.0,23.0
2017-06-15,18,20.0,21.450175471552473,21.386457323546786,21.382092448405277,21.3846750033989,19.82542440527016,21.0,22.0
2017-06-15,19,19.0,20.6579318134155,20.675134754067304,20.61549238267458,20.581666947324173,19.838228168069605,20.0,19.0
2017-06-15,20,19.0,20.712600806824376,20.673949650126943,20.604282657855396,20.607616949422702,19.853674899048293,20.0,21.0
2017-06-15,21,19.0,21.119953549624853,21.068935102895747,21.004586620076147,21.001344952780865,19.844954193673267,20.0,23.0
2017-06-15,22,19.0,20.43863280849443,20.408646576795118,20.370192199830242,20.27538966187914,19.80071592160394,19.0,19.0
2017-06-15,23,20.0,20.584078514552804,20.561467788471514,20.481933605253545,20.456697413411042,19.864403787473986,20.0,19.0
2017-06-16,0,19.0,20.27060607639298,20.193357757590302,20.246424950598346,20.318486805394244,19.72652494104015,20.0,19.0
2017-06-16,1,19.0,20.190051500345472,20.15565863652404,20.204691849035722,20.29591772805493,19.660340905680854,20.0,19.0
2017-06-16,2,20.0,20.085175496390946,20.011310458123997,20.060318370428188,20.162049584571697,19.595878904208842,20.0,18.0
2017-06-16,3,19.0,20.190051500345472,20.15565863652404,20.204691849035722,20.29591772805493,19.497619784489576,20.0,19.0
2017-06-16,4,19.0,20.044605794287097,20.012207852052224,20.096112414299046,20.132704705157398,19.319816754915816,19.0,19.0
2017-06-16,5,19.0,20.29075671675103,20.252953342707304,20.292055348721856,20.350509735334224,19.335570052528617,20.0,19.0
2017-06-16,6,19.0,20.58575305584461,20.559707731189267,20.58004186482903,20.656076134945476,19.349897075189453,21.0,20.0
2017-06-16,7,19.0,20.480877051890083,20.437439492812512,20.475165860874505,20.568743220273745,19.329565551661393,21.0,18.0
2017-06-16,8,19.0,20.60238638764365,20.265189470733763,20.92507658745157,21.097205139459394,22.630646550011463,20.0,19.0
2017-06-16,9,22.0,21.257181987952215,20.94744598904993,21.660349017502867,21.678908148591802,22.78709037364436,22.0,21.0
2017-06-16,10,23.0,22.332621973866885,22.051668906123158,22.767100210894306,22.84677765484891,22.78095655572719,22.0,23.0
2017-06-16,11,24.0,23.3392200514658,23.059268500127676,23.757082635106396,23.894251599671254,23.01310530893461,24.0,23.0
2017-06-16,12,23.0,23.36660388020979,23.064348900468868,23.757082635106396,23.894251599671254,23.079311572271322,24.0,23.0
2017-06-16,13,23.0,23.4471584562573,23.117996062674496,23.79881573666902,23.916820677010566,23.162705862928245,24.0,23.0
2017-06-16,14,23.0,23.389328629756353,23.042226690424396,23.723047333379018,23.784980811021374,23.27200472638473,24.0,22.0
2017-06-16,15,24.0,23.476185542382837,23.160979463490754,23.879166775020767,23.996629241052148,23.640431403811284,27.0,23.0
2017-06-16,16,23.0,23.649383271136568,23.306866507640258,24.079451517665447,24.173874675073666,23.63457544594158,26.0,24.0
2017-06-16,17,22.0,23.394552407320845,23.0963528067323,23.83156160611993,23.91459012304065,23.448976464228735,23.0,24.0
2017-06-16,18,21.0,20.787018464287744,20.75722634843742,20.817787303539667,20.88786062587938,19.964675441617608,21.0,20.0
2017-06-16,19,19.0,20.307573039535864,20.314814102694534,20.355389110026785,20.355902321247395,19.856601191075896,19.0,19.0
2017-06-16,20,20.0,20.406952053352715,20.397013937124996,20.4410423763516,20.46164018317562,19.994013340259382,20.0,19.0
2017-06-16,21,19.0,20.434039067243663,20.451411635620172,20.4410423763516,20.46164018317562,20.014209104634933,20.0,19.0
2017-06-16,22,19.0,20.28859336118529,20.298590423943775,20.310111959702105,20.269314605791504,19.916398601464053,19.0,19.0
2017-06-16,23,20.0,20.461266164032388,20.4688038700424,20.4410423763516,20.450622357323407,19.968230709307342,20.0,20.0
2017-06-17,0,19.0,19.45760382413329,19.461512373758566,19.479247016134153,19.569620402440247,18.576935966541157,19.0,19.0
2017-06-17,1,19.0,19.580594473218813,19.57213837588194,19.604192921446373,19.734357644381724,18.60572705313333,20.0,19.0
2017-06-17,2,19.0,19.607821570007538,19.58953061030417,19.604192921446373,19.734357644381724,18.514986976192613,20.0,20.0
2017-06-17,3,20.0,19.435148767160438,19.441669277953604,19.495613486709697,19.580383765910533,18.35198450347106,19.0,19.0
2017-06-17,4,19.0,19.435148767160438,19.428687591410124,19.495613486709697,19.57114462148419,18.268598015928923,19.0,19.0
2017-06-17,5,19.0,19.68129968962437,19.669433082065204,19.691556421132507,19.788949651661017,18.284909893461563,20.0,19.0
2017-06-17,6,20.0,19.610320231183966,19.609854792723155,19.663107273136873,19.694754539033156,18.1261848012766,19.0,19.0
2017-06-17,7,18.0,19.49613049851253,19.49566506005172,19.54891754046544,19.53780641758228,18.078036149853247,19.0,19.0
2017-06-17,8,18.0,18.405034482319266,18.345558151722017,18.39771945442754,18.462121501791877,17.957275676047544,18.0,19.0
2017-06-17,9,17.0,18.07353133541824,18.04907222616319,18.06216444095445,18.02595174099605,17.818433714907727,17.0,22.0
2017-06-17,10,17.0,18.07353133541824,18.04907222616319,18.06216444095445,18.02595174099605,17.82495519032428,17.0,23.0
2017-06-17,11,17.0,18.07353133541824,18.04907222616319,18.06216444095445,18.02595174099605,17.948414139271296,18.0,24.0
2017-06-17,12,17.0,18.10091516416223,18.054152626504383,18.06216444095445,18.02595174099605,17.93345858399997,17.0,23.0
2017-06-17,13,17.0,18.084812507409247,18.054039097976798,18.045797970378906,18.015188377525764,18.01540572240426,17.0,23.0
2017-06-17,14,17.0,18.084812507409247,18.054039097976798,18.045797970378906,18.015188377525764,18.20307072099801,18.0,23.0
2017-06-17,15,17.0,18.084812507409247,18.054039097976798,18.045797970378906,18.015188377525764,18.196227509619526,17.0,24.0
2017-06-17,16,17.0,18.057725493518298,17.99964139948162,18.045797970378906,18.015188377525764,18.31063755580271,17.0,23.0
2017-06-17,17,18.0,18.639569629014954,18.581485534978277,18.627642105875562,18.61750529675553,18.418877206609952,17.0,22.0
2017-06-17,18,17.0,18.658943743813253,18.5840411220782,18.627642105875562,18.673404905116602,18.608625857435968,18.0,21.0
2017-06-17,19,17.0,18.72461193342788,18.608836499865284,18.716736276860555,18.798457016065008,18.608083401144963,17.0,19.0
2017-06-17,20,18.0,18.751839030216605,18.626228734287512,18.716736276860555,18.798457016065008,18.732240826904867,18.0,20.0
2017-06-17,21,18.0,18.75169894731883,18.66323419836046,18.716736276860555,18.798457016065008,18.76713846695663,18.0,19.0
2017-06-17,22,19.0,19.6588329143121,19.56948176802532,19.555193836967455,19.694224273478966,18.951069882891954,20.0,19.0
2017-06-17,23,20.0,19.686060011100825,19.586874002447548,19.555193836967455,19.683206447626752,18.910722552254555,20.0,20.0
2017-06-18,0,19.0,19.45760382413329,19.497483978726315,19.5017582852234,19.593499543436803,17.946666813291507,19.0,19.0
2017-06-18,1,20.0,19.580594473218813,19.60810998084969,19.62670419053562,19.75823678537828,17.97746524010507,20.0,19.0
2017-06-18,2,19.0,19.435148767160438,19.477640882921353,19.518124755798944,19.60426290690709,17.808881040111533,19.0,19.0
2017-06-18,3,19.0,19.607821570007538,19.60810998084969,19.62670419053562,19.75823678537828,17.806914172049733,20.0,20.0
2017-06-18,4,19.0,19.435148767160438,19.464659196377873,19.518124755798944,19.595023762480746,17.645045553968643,19.0,19.0
2017-06-18,5,19.0,19.535853983565996,19.574935589104616,19.605488255485078,19.65885491418638,17.568604266207387,19.0,19.0
2017-06-18,6,19.0,19.782993034031065,19.77629549561924,19.794197976962796,19.872607558500903,17.583386081430323,20.0,20.0
2017-06-18,7,19.0,19.391254494558005,19.387288486619425,19.42705533094715,19.427817415095603,17.469071795641327,19.0,18.0
2017-06-18,8,17.0,18.30015847836474,18.23718157828972,18.275857244909254,18.3521324993052,17.347536517430687,18.0,18.0
2017-06-18,9,18.0,17.939507903205207,17.853856884946467,17.915206669749722,17.974762933582124,17.26271523384811,17.0,17.0
2017-06-18,10,17.0,17.939507903205207,17.853856884946467,17.915206669749722,17.974762933582124,17.28144374065915,17.0,17.0
2017-06-18,11,17.0,17.939507903205207,17.853856884946467,17.915206669749722,17.974762933582124,17.416845449647,18.0,17.0
2017-06-18,12,17.0,17.966891731949197,17.85893728528766,17.915206669749722,17.974762933582124,17.386069250810856,17.0,17.0
2017-06-18,13,16.0,17.950789075196212,17.858823756760074,17.898840199174177,17.963999570111838,17.466009048993755,17.0,17.0
2017-06-18,14,18.0,17.950789075196212,17.858823756760074,17.898840199174177,17.963999570111838,17.651803504284917,18.0,17.0
2017-06-18,15,17.0,17.950789075196212,17.858823756760074,17.898840199174177,17.963999570111838,17.65716732430092,17.0,17.0
2017-06-18,16,17.0,17.923702061305264,17.804426058264898,17.898840199174177,17.963999570111838,17.850059501023065,18.0,17.0
2017-06-18,17,17.0,18.50554619680192,18.386270193761554,18.480684334670833,18.531519892127456,17.83636977103969,17.0,18.0
2017-06-18,18,17.0,18.50554619680192,18.386270193761554,18.480684334670833,18.531519892127456,18.02585415051205,18.0,17.0
2017-06-18,19,18.0,18.619735929473354,18.50045992643299,18.594874067342268,18.68846801357833,18.091477328586684,18.0,17.0
2017-06-18,20,17.0,18.619735929473354,18.50045992643299,18.594874067342268,18.68846801357833,18.122881589052696,18.0,18.0
2017-06-18,21,18.0,19.4085112042992,19.308283982916628,19.302401210799673,19.39190969360817,18.238726431276323,19.0,18.0
2017-06-18,22,20.0,19.6588329143121,19.60545337299307,19.5777051060567,19.71810341447552,18.316922846118324,20.0,19.0
2017-06-18,23,19.0,19.54061430504245,19.45263216131667,19.446774689407206,19.51476001123919,18.18491808908468,19.0,20.0
2017-06-19,0,19.0,19.930488378642796,19.917335569715227,19.930628778622395,20.021202043753153,18.91924438227482,20.0,19.0
2017-06-19,1,19.0,19.747806772394718,19.779471806837556,19.810290499775444,19.885202425014818,18.74894015469364,19.0,20.0
2017-06-19,2,19.0,19.849933802595288,19.879636448648967,19.88889567705977,19.99863296641384,18.78100769240601,20.0,19.0
2017-06-19,3,19.0,19.704488096536913,19.74916735072063,19.780316242323096,19.84465908794265,18.60561141248195,19.0,19.0
2017-06-19,4,20.0,19.849933802595288,19.866654762105487,19.88889567705977,19.991496690816163,18.61684211233691,20.0,19.0
2017-06-19,5,19.0,19.80519331294247,19.846462056903892,19.86767974200923,19.901353964050607,18.446782761341364,19.0,19.0
2017-06-19,6,20.0,19.899432344110174,19.94795110651052,19.993682994731714,19.9879416795065,18.38181918098172,19.0,19.0
2017-06-19,7,20.0,20.04487805016855,20.078420204438856,20.10226242946839,20.14191555797769,18.426964957130714,20.0,19.0
2017-06-19,8,20.0,21.108881709945365,21.532128876131015,20.85297599518421,20.58160603737921,21.824298844839,19.0,17.0
2017-06-19,9,23.0,21.324470243064702,21.692512201447204,21.088741511769328,21.073430047976807,21.99257818178427,21.0,18.0
2017-06-19,10,24.0,23.51454975974293,23.896368977570916,23.234738816807134,23.158468105699768,22.305890676843255,24.0,17.0
2017-06-19,11,25.0,23.87225758538628,24.231224511032778,23.602565124079124,23.530029153619314,22.44150989086629,25.0,17.0
2017-06-19,12,24.0,23.89964141413027,24.298721575246606,23.670884744335464,23.57270324081451,22.6915510127803,27.0,17.0
2017-06-19,13,24.0,24.060208208824044,24.426090513694874,23.73583749578681,23.59527231815382,22.785537525960272,27.0,16.0
2017-06-19,14,25.0,24.04447865287378,24.380922257092926,23.66062631071587,23.481725861837702,22.56981100080444,24.0,18.0
2017-06-19,15,24.0,24.04447865287378,24.380922257092926,23.66062631071587,23.481725861837702,22.682702869670713,24.0,17.0
2017-06-19,16,23.0,24.052492475945222,24.404009763864003,23.66062631071587,23.481725861837702,22.782210394812214,24.0,17.0
2017-06-19,17,24.0,24.052492475945222,24.404009763864003,23.66062631071587,23.481725861837702,22.875952031406552,24.0,17.0
2017-06-19,18,21.0,20.351941718603243,20.491921247768975,20.39151915068078,20.24441369626288,19.092861522571866,20.0,17.0
2017-06-19,19,20.0,20.315641657981047,20.491921247768975,20.332261164959803,20.22016427834555,19.14464066807591,20.0,18.0
2017-06-19,20,21.0,20.104356476131414,20.248520577267865,20.086960982115464,19.94125098550554,19.110053471994473,19.0,17.0
2017-06-19,21,20.0,20.539488017189658,20.689925256262963,20.52959866456038,20.468131108426675,19.30546966245532,21.0,18.0
2017-06-19,22,19.0,20.38998303893068,20.552906916690155,20.39223913482484,20.247572845801894,19.18261005874821,20.0,20.0
2017-06-19,23,19.0,20.644364021144185,20.79480126021749,20.615285657288712,20.51139499220805,19.2650703427639,21.0,19.0
2017-06-20,0,20.0,20.214583007665812,19.890602610519938,20.118673502911673,20.220188531756285,19.770827509303672,20.0,19.0
2017-06-20,1,20.0,20.354558523093914,20.060734675485563,20.28479663071518,20.416598138572333,19.785310461527093,21.0,19.0
2017-06-20,2,19.0,20.134028431618304,19.852903489453677,20.07694040134905,20.197619454416973,19.601522659574137,20.0,19.0
2017-06-20,3,20.0,20.134028431618304,19.852903489453677,20.07694040134905,20.197619454416973,19.506785496176622,20.0,19.0
2017-06-20,4,20.0,20.16125552840703,19.857314037332426,20.07694040134905,20.190483178819296,19.40080030464589,20.0,20.0
2017-06-20,5,19.0,20.234733648023862,19.95019819563694,20.164303901035183,20.25431433052493,19.331874782099543,20.0,19.0
2017-06-20,6,21.0,20.35619977598029,20.197277514866684,20.290307153757666,20.478636154319233,19.25098065464453,20.0,20.0
2017-06-20,7,20.0,20.549502770667175,20.40510870089857,20.4981633831238,20.697614838474593,19.29824367454547,21.0,20.0
2017-06-20,8,20.0,21.183817793038898,20.979767079519494,21.063318077736774,20.98476996451732,22.30075528473072,19.0,20.0
2017-06-20,9,22.0,22.23223919189839,21.990622723494855,22.11446214751085,22.30485905914383,22.544810603031415,22.0,23.0
2017-06-20,10,24.0,23.52442253088775,23.446399494140902,23.512381734868736,23.7178391382786,22.65630940517817,23.0,24.0
2017-06-20,11,24.0,24.039381640915668,23.941940177630762,23.956613995728496,24.132848328729345,22.69957344308318,23.0,25.0
2017-06-20,12,24.0,23.841106069218885,23.804948412224082,23.854127466099932,23.98138124298161,22.79245399187944,23.0,24.0
2017-06-20,13,24.0,23.921660645266392,23.85859557442971,23.91908021755128,24.00395032032092,22.888709264652483,23.0,24.0
2017-06-20,14,24.0,24.37312382339735,24.23061470414192,24.276614251856145,24.373474384716317,23.075894018559644,24.0,25.0
2017-06-20,15,24.0,24.147464422956578,24.026125874521412,24.105808101971242,24.205461960016784,23.201654740598208,24.0,24.0
2017-06-20,16,24.0,23.947179680311898,23.825841131876732,23.905523359326562,24.028216525995266,23.32485018742657,24.0,23.0
2017-06-20,17,25.0,23.929674468337833,23.881683081200787,23.93826922877747,24.014968146173135,23.317457995571708,23.0,24.0
2017-06-20,18,21.0,20.877310800965393,20.872373010114092,20.998521529031652,21.083743509691075,20.04485572564732,21.0,21.0
2017-06-20,19,20.0,20.33181110059083,20.37535087833131,20.43296329414311,20.43924748750467,19.93508829468859,19.0,20.0
2017-06-20,20,19.0,20.496684880197915,20.48650724487404,20.55268398597342,20.657523066987316,20.05372298672492,20.0,21.0
2017-06-20,21,20.0,20.403403507786507,20.414505124411917,20.44952394459776,20.51762135682787,20.07983522613151,20.0,20.0
2017-06-20,22,21.0,20.376176410997783,20.39711288998969,20.44952394459776,20.51762135682787,20.079074648981216,20.0,19.0
2017-06-20,23,20.0,20.230730704939408,20.244291678313292,20.299404516722074,20.31427795359154,19.945679593331576,19.0,19.0
2017-06-21,0,20.0,20.117939069860668,20.04665828068253,20.05357468377887,20.128339174100784,19.680966544890307,19.0,20.0
2017-06-21,1,20.0,20.182830199871535,20.139428257544605,20.12042101695292,20.259743975232663,19.707610244268896,20.0,20.0
2017-06-21,2,19.0,20.010157397024436,19.99156692519404,20.011841582216245,20.10577009676147,19.548967757992493,19.0,19.0
2017-06-21,3,20.0,20.03738449381316,20.008959159616268,20.011841582216245,20.10577009676147,19.45014831084918,19.0,20.0
2017-06-21,4,19.0,20.03738449381316,19.995977473072788,20.011841582216245,20.098633821163794,19.365443296619677,19.0,20.0
2017-06-21,5,19.0,20.110862613429994,20.088861631377302,20.09920508190238,20.16246497286943,19.301211647270694,19.0,19.0
2017-06-21,6,21.0,20.32561011379783,20.27974503586828,20.328368376000522,20.361590405879742,19.208105209207762,19.0,21.0
2017-06-21,7,20.0,20.23232874138642,20.207742915406158,20.225208334624863,20.24905268832532,19.174052570017786,19.0,20.0
2017-06-21,8,20.0,21.299082058445798,20.968929045484206,21.747435919855718,21.35493462729026,22.477031006639987,18.0,20.0
2017-06-21,9,21.0,21.324864930407642,20.9899286744333,21.738199024140066,21.783027890393402,22.727432754326298,21.0,22.0
2017-06-21,10,24.0,23.36523785091086,23.075974714821875,23.803752262018126,23.901514102788894,23.095971142628514,25.0,24.0
2017-06-21,11,23.0,23.39970669668228,23.156512867783267,23.829288461447465,23.88922631650709,22.95466053214615,23.0,24.0
2017-06-21,12,23.0,23.652894303116454,23.391540232088797,24.065146954897575,24.096265469302537,23.115095000142645,24.0,24.0
2017-06-21,13,23.0,23.733448879163962,23.445187394294425,24.130099706348922,24.11883454664185,23.199189525760517,24.0,24.0
2017-06-21,14,24.0,23.7624759652895,23.488170795110683,24.22963975592686,24.19864311068343,23.388855570677972,25.0,24.0
2017-06-21,15,23.0,23.733448879163962,23.445187394294425,24.149288717575114,24.129852372494064,23.397544000076653,24.0,24.0
2017-06-21,16,25.0,23.741462702235403,23.458289674203726,24.149288717575114,24.129852372494064,23.499459269603783,24.0,24.0
2017-06-21,17,24.0,23.74131832498599,23.495248203732533,24.152555994266248,24.10737098334995,23.48737320455156,23.0,25.0
2017-06-21,18,22.0,21.28401036478723,21.296904479464736,21.335584342380134,21.26307488829716,20.108878484998442,22.0,21.0
2017-06-21,19,21.0,20.444928466668056,20.506300149937346,20.476443909746983,20.36363789998195,19.907184077076387,19.0,20.0
2017-06-21,20,20.0,20.79500725821776,20.823348468011062,20.765214351344046,20.784759071240714,20.15166721869576,21.0,19.0
2017-06-21,21,21.0,21.779303936980032,21.819948924357703,21.75752485317776,21.772091708438612,20.344675664770982,23.0,20.0
2017-06-21,22,24.0,20.464356540216766,20.474620531665455,20.465234184927798,20.362223909475453,19.951907621736126,19.0,21.0
2017-06-21,23,21.0,20.37107516780536,20.40261841120333,20.342885132325947,20.23866836606882,19.937185851461873,19.0,20.0
2017-06-22,0,20.0,20.127371411042557,20.06921613641534,20.077732000205497,20.132471344886017,19.829862953206245,19.0,20.0
2017-06-22,1,21.0,20.04681683499505,20.031517015349078,20.035998898642873,20.109902267546705,19.762535200744068,19.0,20.0
2017-06-22,2,20.0,19.946607158148495,19.952326738397623,20.10427820460689,19.868286539819472,19.603479454900814,18.0,19.0
2017-06-22,3,20.0,20.04681683499505,20.031517015349078,20.035998898642873,20.109902267546705,19.597833103421102,19.0,20.0
2017-06-22,4,20.0,20.019589738206324,20.00114309438337,20.035998898642873,20.102765991949028,19.52666908811046,19.0,19.0
2017-06-22,5,20.0,20.120294954611882,20.111419487110112,20.123362398329007,20.166597143654663,19.448452957700685,19.0,19.0
2017-06-22,6,21.0,20.480488161038092,20.432771989529428,20.461105127163826,20.519696455136167,19.448816103804965,20.0,21.0
2017-06-22,7,21.0,20.102939026719223,20.104511470365956,20.272367806690827,19.951790365539992,19.227765910748943,18.0,20.0
2017-06-22,8,19.0,20.674224203043895,20.421386455025317,21.130956009767274,20.913292547779832,22.71025357222366,19.0,20.0
2017-06-22,9,22.0,20.955867011785916,20.662757115215243,21.430384093075045,21.436322449906196,22.881212957979123,21.0,21.0
2017-06-22,10,24.0,23.106371635505468,22.888018869646725,23.580019666899236,23.646361721541112,23.049236977575475,23.0,24.0
2017-06-22,11,24.0,23.195386602447932,22.978785980871397,23.653161035229413,23.716113053270806,23.109208869401055,23.0,23.0
2017-06-22,12,24.0,23.222770431191922,22.999372059007644,23.721480655485752,23.732658392222604,23.176558849840653,23.0,23.0
2017-06-22,13,23.0,23.30332500723943,23.053019221213273,23.7864334069371,23.755227469561916,23.26109685760046,23.0,23.0
2017-06-22,14,23.0,22.954592309840645,22.70428652381449,23.456889720764508,23.45474537593973,23.25030691934367,22.0,24.0
2017-06-22,15,24.0,23.30332500723943,23.053019221213273,23.805622418163292,23.76624529541413,23.46021946551868,23.0,23.0
2017-06-22,16,25.0,23.963086751086507,23.638425373479464,24.344252183886645,24.30199696797883,23.62830840248236,24.0,25.0
2017-06-22,17,26.0,23.737427350645735,23.433936543858955,24.173446034001742,24.133984543279297,23.73754809153319,24.0,24.0
2017-06-22,18,22.0,21.094350513973982,21.056499766681963,21.12592191741139,21.04772039489549,20.058619133990863,20.0,22.0
2017-06-22,19,20.0,20.547642180261352,20.553949140054698,20.60376126754927,20.480307788321603,20.043922279934858,19.0,21.0
2017-06-22,20,19.0,20.388521332058687,20.39136756076786,20.386231459978767,20.28118235531129,20.10117830443919,19.0,20.0
2017-06-22,21,19.0,20.473788881398654,20.450267401320684,20.489391501354426,20.366356080260687,20.106858506692177,19.0,21.0
2017-06-22,22,19.0,21.06099021265629,21.040175126246282,21.061530228960894,21.256326196286498,20.060220861730585,19.0,24.0
2017-06-22,23,20.0,20.61923458745703,20.60308861299708,20.60113290677773,20.54766383179259,20.166240408275158,20.0,21.0
2017-06-23,0,19.0,19.54361593746296,19.84776865528364,19.773884362612044,20.122426377603393,19.59106383499813,19.0,20.0
2017-06-23,1,20.0,19.55634273382686,19.882071654679503,19.806177863883864,20.19536216094329,19.511906778248555,19.0,21.0
2017-06-23,2,19.0,19.608507067473827,19.940538632145717,19.840730695786096,20.253831178735272,19.54175576460204,20.0,20.0
2017-06-23,3,20.0,19.463061361415452,19.81006953421738,19.73215126104942,20.09985730026408,19.364454371436217,19.0,20.0
2017-06-23,4,19.0,19.463061361415452,19.7970878476739,19.73215126104942,20.09061815583774,19.280695256786785,19.0,20.0
2017-06-23,5,19.0,19.56376657782101,19.907364240400643,19.819514760735554,20.154449307543373,19.2032449214284,19.0,20.0
2017-06-23,6,21.0,19.703114642473942,20.034039696969334,19.938818513894677,20.336541883678475,19.12415459960821,19.0,21.0
2017-06-23,7,19.0,19.703114642473942,20.034039696969334,19.938818513894677,20.336541883678475,19.076085844175495,19.0,21.0
2017-06-23,8,20.0,20.74820173942774,21.227920699226576,20.697657885325714,20.901144711668543,22.526433760340222,19.0,19.0
2017-06-23,9,22.0,21.71561640973515,22.092290217552836,21.593506975328527,21.98765921054458,22.76207630510304,22.0,22.0
2017-06-23,10,23.0,23.175396011305907,23.616398656922485,23.11758810391646,23.59191990477825,22.848798063975845,23.0,24.0
2017-06-23,11,21.0,23.63297664886136,24.074980810883538,23.558553088085088,24.029410484373113,22.986635829357766,24.0,24.0
2017-06-23,12,23.0,23.407172871171174,23.907450510791836,23.391014214891317,23.838916670529464,22.958473841042505,23.0,24.0
2017-06-23,13,23.0,23.287442704574,23.760812930352785,23.23246257380926,23.68424031384726,23.054841153089708,23.0,23.0
2017-06-23,14,23.0,23.287442704574,23.760812930352785,23.23246257380926,23.695258139699472,23.149543695076105,23.0,23.0
2017-06-23,15,23.0,23.713531224908866,24.128627973089166,23.60028618964771,24.06299738756464,23.330242040196133,24.0,24.0
2017-06-23,16,23.0,23.577127496163087,23.902252947554032,23.603553466338845,24.040515998420524,23.323870137100936,23.0,25.0
2017-06-23,17,22.0,23.028110056119623,23.35323550751057,23.05453602629538,23.551770644924606,23.311189454714686,22.0,26.0
2017-06-23,18,22.0,20.471535152344988,20.685259001659478,20.82497186419977,21.29211654851137,19.905682401771386,21.0,22.0
2017-06-23,19,20.0,19.561072884938365,19.85882020948497,19.956574820360796,20.313815771927736,19.811532079790908,19.0,20.0
2017-06-23,20,20.0,19.63322480196649,19.923627809493205,20.04222808668561,20.419553633855962,19.963081869045467,20.0,19.0
2017-06-23,21,20.0,19.624038447404484,20.03414015288075,19.911297670036117,20.227228056471844,19.890265608947676,19.0,19.0
2017-06-23,22,20.0,19.624038447404484,20.03414015288075,19.911297670036117,20.227228056471844,19.886655468384486,19.0,19.0
2017-06-23,23,20.0,19.796711250251583,20.204353598979374,20.04222808668561,20.408535808003748,19.93927059435444,20.0,20.0
2017-06-24,0,20.0,18.84883229447292,19.229000134958014,19.239914679787756,19.527533853120588,18.02796811574616,19.0,19.0
2017-06-24,1,20.0,18.853604334288793,19.22654927357528,19.2562811503633,19.538297216590873,17.95901114826109,19.0,20.0
2017-06-24,2,20.0,18.82637723750007,19.20915703915305,19.2562811503633,19.538297216590873,17.904837134953322,19.0,19.0
2017-06-24,3,20.0,18.999050040347168,19.357018371503617,19.364860585099976,19.692271095062065,17.90894048065204,20.0,20.0
2017-06-24,4,21.0,18.82637723750007,19.196175352609572,19.2562811503633,19.52905807216453,17.751729701412188,19.0,19.0
2017-06-24,5,20.0,18.927082453905626,19.306451745336314,19.343644650049434,19.592889223870166,17.67821645355332,19.0,19.0
2017-06-24,6,20.0,19.218366725852412,19.57034837481401,19.574692900161562,19.88681183558792,17.680183665315823,20.0,21.0
2017-06-24,7,19.0,18.089762174025132,18.458792279008964,18.521927773920595,18.743517248241666,17.471342709945,18.0,19.0
2017-06-24,8,19.0,17.795090494071175,18.10358051542241,18.12353398166478,18.420034952472218,17.426594058187387,18.0,20.0
2017-06-24,9,18.0,17.436360250381426,17.789702355441356,17.78797896819169,17.98386519167639,17.295675025733296,17.0,22.0
2017-06-24,10,19.0,17.436360250381426,17.789702355441356,17.78797896819169,17.98386519167639,17.294520015440398,17.0,23.0
2017-06-24,11,18.0,17.455734365179726,17.79225794254128,17.78797896819169,18.03976480003746,17.35695144777275,17.0,21.0
2017-06-24,12,19.0,17.436360250381426,17.789702355441356,17.78797896819169,17.98386519167639,17.38449073320497,17.0,23.0
2017-06-24,13,19.0,17.420257593628442,17.78958882691377,17.771612497616147,17.973101828206104,17.456844652644243,17.0,23.0
2017-06-24,14,19.0,17.420257593628442,17.78958882691377,17.771612497616147,17.973101828206104,17.54204222459306,17.0,23.0
2017-06-24,15,19.0,17.420257593628442,17.78958882691377,17.771612497616147,17.973101828206104,17.634863800547386,17.0,23.0
2017-06-24,16,19.0,17.393170579737493,17.735191128418595,17.771612497616147,17.973101828206104,17.729570168729452,17.0,23.0
2017-06-24,17,18.0,17.97501471523415,18.31703526391525,18.353456633112803,18.575418747435872,17.927634944928208,18.0,22.0
2017-06-24,18,17.0,17.97501471523415,18.31703526391525,18.353456633112803,18.575418747435872,17.91525138177648,17.0,22.0
2017-06-24,19,17.0,18.0872841164358,18.361778463224486,18.442550804097795,18.75637046674535,18.009499866420956,17.0,20.0
2017-06-24,20,18.0,18.0872841164358,18.361778463224486,18.442550804097795,18.75637046674535,18.15117343983161,18.0,20.0
2017-06-24,21,19.0,18.11437113032675,18.41617616171966,18.442550804097795,18.75637046674535,18.178148151197647,18.0,20.0
2017-06-24,22,20.0,18.876059391261645,19.169602519708125,19.1500779475552,19.45981214677519,18.276228083143582,19.0,20.0
2017-06-24,23,19.0,19.02150509732002,19.32242373138452,19.281008364204695,19.641119898307092,18.352161482494537,20.0,20.0
2017-06-25,0,20.0,19.355272822154795,19.425199306481254,19.398548317538875,19.49057634712796,17.59924127311639,19.0,20.0
2017-06-25,1,19.0,19.478263471240318,19.53582530860463,19.523494222851095,19.655313589069436,17.60786559283319,20.0,20.0
2017-06-25,2,19.0,19.332817765181943,19.405356210676292,19.41491478811442,19.501339710598245,17.418618414497097,19.0,20.0
2017-06-25,3,20.0,19.332817765181943,19.405356210676292,19.41491478811442,19.501339710598245,17.319193178318386,19.0,20.0
2017-06-25,4,19.0,19.353236462813115,19.43719177180722,19.47900355572135,19.457089287113735,17.20961070202103,19.0,21.0
2017-06-25,5,19.0,19.4335229815875,19.502650916859555,19.502278287800554,19.555931717877538,17.138423831734688,19.0,20.0
2017-06-25,6,20.0,19.50798922920547,19.573541725445843,19.582408574541596,19.615710483720868,17.070571704021155,19.0,20.0
2017-06-25,7,19.0,19.366572399745312,19.45935199277441,19.46821884187016,19.458762362269994,17.038891361168627,19.0,19.0
2017-06-25,8,18.0,18.275476383552046,18.309245084444704,18.317020755832264,18.38307744647959,16.832386999127664,17.0,19.0
2017-06-25,9,17.0,17.809949804437988,17.781572212701406,17.811996702065198,17.87183973727328,16.948236876171002,18.0,18.0
2017-06-25,10,17.0,17.914825808392514,17.92592039110145,17.95637018067273,18.005707880756514,16.877367811701287,17.0,19.0
2017-06-25,11,18.0,17.809949804437988,17.781572212701406,17.811996702065198,17.87183973727328,16.953717832676286,17.0,18.0
2017-06-25,12,17.0,17.942209637136504,17.931000791442642,17.95637018067273,18.031836628999912,17.024830407292313,17.0,19.0
2017-06-25,13,17.0,18.006119199029786,18.004609039157696,17.940003710097187,18.021073265529626,17.03341634287314,16.0,19.0
2017-06-25,14,17.0,18.033901857211216,18.002424183372007,17.940003710097187,18.021073265529626,17.3334017462057,18.0,19.0
2017-06-25,15,17.0,18.033901857211216,18.002424183372007,17.940003710097187,18.021073265529626,17.3565092679832,17.0,19.0
2017-06-25,16,17.0,18.033901857211216,18.002424183372007,17.940003710097187,18.021073265529626,17.46948869623476,17.0,19.0
2017-06-25,17,17.0,18.483782974862397,18.39550766883522,18.37747436698631,18.45472544406201,17.585512428505574,17.0,18.0
2017-06-25,18,17.0,18.483782974862397,18.39550766883522,18.37747436698631,18.45472544406201,17.68438811486016,17.0,17.0
2017-06-25,19,17.0,18.59797270753383,18.509697401506653,18.491664099657743,18.611673565512884,17.84061998605257,18.0,17.0
2017-06-25,20,17.0,18.62505972142478,18.554109873140053,18.491664099657743,18.611673565512884,17.769937390951235,17.0,18.0
2017-06-25,21,18.0,18.729935725379306,18.698458051540097,18.636037578265277,18.745541708996118,17.85835370860319,18.0,19.0
2017-06-25,22,20.0,19.664296789161302,19.604705621204957,19.474495138372177,19.641308966410076,18.012334391382524,20.0,20.0
2017-06-25,23,19.0,19.491623986314202,19.45188440952856,19.343564721722682,19.437965563173744,17.887293262693166,19.0,19.0
2017-06-26,0,19.0,20.075855907246503,19.939304529895345,20.05200155741911,19.907745988803928,19.715463559783675,19.0,20.0
2017-06-26,1,19.0,19.96807423441027,19.901605408829084,20.010268455856487,19.885176911464615,19.64537688325576,19.0,19.0
2017-06-26,2,19.0,19.96807423441027,19.901605408829084,20.010268455856487,19.885176911464615,19.550592946269795,19.0,19.0
2017-06-26,3,20.0,19.995301331198995,19.901605408829084,20.010268455856487,19.885176911464615,19.43815754272213,19.0,20.0
2017-06-26,4,19.0,20.113519940468645,20.01909282021394,20.118847890593162,20.03201451433813,19.45034591071868,20.0,19.0
2017-06-26,5,19.0,20.06877945081583,19.998900115012347,20.09763195554262,19.941871787572573,19.272205169592553,19.0,19.0
2017-06-26,6,20.0,20.33569128483063,20.3590562977482,20.33221464300178,20.320167489838067,19.284199843911257,20.0,20.0
2017-06-26,7,21.0,20.308464188041906,20.3590562977482,20.33221464300178,20.320167489838067,19.252387365381903,20.0,19.0
2017-06-26,8,20.0,20.978862704112778,21.027952985685875,20.78945650083322,20.879458240062252,22.373151553813944,20.0,18.0
2017-06-26,9,22.0,22.343981240053566,22.432826477171936,22.293804110746713,22.28628671162517,22.675441102346728,23.0,17.0
2017-06-26,10,24.0,23.436874250943553,23.539496747507407,23.34261490999628,23.30234642991162,22.804638144643636,24.0,17.0
2017-06-26,11,23.0,23.755201046656236,23.873532002193016,23.696392059322882,23.6181339338522,22.945954256979327,25.0,18.0
2017-06-26,12,25.0,23.753557789274687,23.898045665590587,23.684360641227475,23.592017282858027,22.95016179847267,24.0,17.0
2017-06-26,13,24.0,23.914124583968462,24.025414604038854,23.749313392678822,23.61458636019734,23.051272033641638,24.0,17.0
2017-06-26,14,24.0,23.97093432827543,24.066213149069423,23.84885344225676,23.69439492423892,23.256794195624064,25.0,17.0
2017-06-26,15,24.0,23.94190724214989,24.023229748253165,23.768502403905014,23.625604186049554,23.2790985814271,24.0,17.0
2017-06-26,16,25.0,23.48343808217384,23.623034065875597,23.36830900932519,23.235295747648873,23.297933772071598,23.0,17.0
2017-06-26,17,24.0,23.949921065221332,24.046317255024242,23.768502403905014,23.625604186049554,23.493284768495357,24.0,17.0
2017-06-26,18,20.0,20.857982504890217,20.92881058903591,20.83239297294558,20.784584166265297,20.170844396798806,21.0,17.0
2017-06-26,19,20.0,20.52398278619671,20.61713961494613,20.461427721429185,20.398416210205927,20.140152464270372,20.0,17.0
2017-06-26,20,19.0,20.747829145405323,20.815143623440118,20.65876522102976,20.673747032892077,20.2707265141126,21.0,17.0
2017-06-26,21,21.0,20.450129487334014,20.50347264935034,20.34705795523434,20.28446450214501,20.172703160275113,20.0,18.0
2017-06-26,22,19.0,20.43678688201889,20.494999616073986,20.36050101719238,20.192955863205984,20.033089766588986,19.0,20.0
2017-06-26,23,19.0,20.409559785230165,20.494999616073986,20.341312005966188,20.18193803735377,20.002511879249756,19.0,19.0
2017-06-27,0,20.0,20.212899715182445,20.059495808625186,20.13013843069808,20.127046364425606,20.525120175559927,20.0,19.0
2017-06-27,1,20.0,20.132345139134937,20.021796687558925,20.088405329135455,20.104477287086294,20.437485609230187,20.0,19.0
2017-06-27,2,19.0,19.986899433076562,19.89132758963059,19.97982589439878,19.950503408615102,20.24569362198243,19.0,19.0
2017-06-27,3,20.0,20.15957223592366,20.039188921981154,20.088405329135455,20.104477287086294,20.223797775205345,20.0,20.0
2017-06-27,4,19.0,20.132345139134937,20.008815001015446,20.088405329135455,20.097341011488616,20.140165083611986,20.0,19.0
2017-06-27,5,20.0,20.08760464948212,19.98862229581385,20.067189394084913,20.00719828472306,19.96058284591853,19.0,19.0
2017-06-27,6,19.0,20.547819478183808,20.574001899003818,20.509628310910205,20.604472671143913,20.065613822301366,21.0,20.0
2017-06-27,7,21.0,20.39567177668134,20.438172833434056,20.404932122919732,20.498031704542974,19.913138435021036,20.0,21.0
2017-06-27,8,19.0,21.12979100352232,21.00135661724311,20.903387417983048,21.04560167565783,22.97035134307285,20.0,20.0
2017-06-27,9,22.0,22.07019599484723,22.033342550510145,21.99976553406721,21.81334459311384,23.1399661017676,22.0,22.0
2017-06-27,10,23.0,23.787959631480298,23.782822992337852,23.691385535848912,23.815190784791568,23.338052920004753,24.0,24.0
2017-06-27,11,24.0,23.876974598422763,23.873590103562524,23.76452690417909,23.884942116521263,23.416947749891413,24.0,23.0
2017-06-27,12,24.0,24.330302570252204,24.34586074004154,24.20393741696501,24.27287406243751,23.476977937511723,24.0,25.0
2017-06-27,13,25.0,24.265209964505207,24.2687408488693,24.098084018531456,24.12743071507729,23.595636062482512,24.0,24.0
2017-06-27,14,24.0,24.292992622686636,24.26655599308361,24.117273029757648,24.138448540929502,23.711110335329064,24.0,24.0
2017-06-27,15,24.0,24.292992622686636,24.26655599308361,24.117273029757648,24.138448540929502,23.829931103759186,24.0,24.0
2017-06-27,16,22.0,24.51865202312741,24.47104482270412,24.28807917964255,24.306460965629036,23.93077405065017,24.0,25.0
2017-06-27,17,23.0,24.330033531883615,24.332626900670945,24.197624068109395,24.20723927911887,24.14137984698468,25.0,24.0
2017-06-27,18,22.0,20.981683707511035,21.040801008214167,20.9068264154424,20.697100689448963,20.846149163545245,21.0,20.0
2017-06-27,19,19.0,20.674911085606254,20.768602208569906,20.57535863857901,20.357467962201095,20.81496556338211,20.0,20.0
2017-06-27,20,20.0,20.428384983896457,20.48472179687549,20.330058455734672,20.078554669361086,20.770855480602762,19.0,19.0
2017-06-27,21,19.0,20.642213079927973,20.72693736343624,20.564148913759826,20.3560539716946,20.843781672928447,20.0,21.0
2017-06-27,22,19.0,20.87153034802614,20.90974180819615,20.73319866352658,20.558899563470717,20.94348901908543,21.0,19.0
2017-06-27,23,20.0,20.573830689954832,20.637543008551887,20.441799861157975,20.232498428287965,20.802089778140985,20.0,19.0
2017-06-28,0,19.0,20.148114517308013,20.39714594625052,20.573816352981353,20.448220782894076,20.79954340325166,20.0,20.0
2017-06-28,1,20.0,20.17487416553739,20.465995960210854,20.53208325141873,20.425651705554763,20.707357309675746,20.0,20.0
2017-06-28,2,19.0,20.00220136269029,20.395358072789858,20.399474963432528,20.25199588553416,20.525137277585305,19.0,19.0
2017-06-28,3,20.0,20.17487416553739,20.465995960210854,20.53208325141873,20.425651705554763,20.499599302551914,20.0,20.0
2017-06-28,4,19.0,20.00220136269029,20.382376386246378,20.399474963432528,20.244859609936483,20.319643937954975,19.0,19.0
2017-06-28,5,19.0,20.22099908803871,20.51004501339535,20.590289176431856,20.30869076164212,20.2180195426755,19.0,20.0
2017-06-28,6,21.0,20.653986819951673,20.84169730805436,20.80445526868494,20.80180052554058,20.350077905815382,21.0,19.0
2017-06-28,7,21.0,20.63606023670788,20.736781836462868,20.9520607585162,20.71617622874189,20.184388435121427,20.0,21.0
2017-06-28,8,19.0,21.026159172588912,21.21229904522909,21.3204053760571,21.263746199856747,23.177961523553257,20.0,19.0
2017-06-28,9,23.0,21.83042831307776,21.954573655617704,21.81537262264726,21.755731481381698,23.243029712510502,21.0,22.0
2017-06-28,10,22.0,22.989308762856634,23.063349069520573,22.86630307742593,23.15068863898325,23.552099932046215,24.0,23.0
2017-06-28,11,23.0,22.739349334220055,22.912366933191926,22.715311236159973,22.5553595413039,23.5140815337333,23.0,24.0
2017-06-28,12,24.0,22.766733162964044,22.979863997405754,22.783630856416313,22.571904880255698,23.606289855286633,23.0,24.0
2017-06-28,13,24.0,22.96563291517544,23.131450854205298,22.770680567746535,22.762486382294544,23.701872900816756,23.0,25.0
2017-06-28,14,24.0,21.829098800108905,21.963445937719776,21.712475958919054,21.85642154173396,23.92892979489167,24.0,24.0
2017-06-28,15,24.0,21.60329502241872,21.795915637628074,21.544937085725284,21.4588360442899,23.957864721879265,23.0,24.0
2017-06-28,16,24.0,21.69907794885226,21.829441855404696,21.61584048309956,21.703845197935685,24.289998221502934,25.0,22.0
2017-06-28,17,23.0,21.727880689227668,21.862227826838538,21.611257848037816,21.754244814428915,24.287678295694356,24.0,23.0
2017-06-28,18,21.0,19.89912452147829,20.103221714592248,19.90285870417809,20.10866623970638,21.217872808456956,22.0,22.0
2017-06-28,19,19.0,19.423024923699224,19.7555470610986,19.51301982584068,19.56563064774494,21.22752989839429,21.0,19.0
2017-06-28,20,18.0,19.08671288662538,19.48805001022027,19.443095508101436,19.207294122890453,21.154036384986668,20.0,20.0
2017-06-28,21,19.0,19.357185447907966,19.664967602273887,19.398650059645835,19.416974725615166,21.265607784037876,21.0,19.0
2017-06-28,22,23.0,20.40983151572225,20.659340192489687,20.39302036206389,20.62220129635317,21.521102334649374,24.0,19.0
2017-06-28,23,21.0,20.493863940223914,20.244849285835535,19.379461048419643,19.405956899762952,21.17459250277773,21.0,20.0
2017-06-29,0,19.0,20.32730871703939,20.50053768982001,20.699058600455764,20.721902966430434,20.452004855760006,20.0,19.0
2017-06-29,1,19.0,20.574598456744376,20.781089764678416,20.61288005043754,20.686730914037863,20.450503776261055,21.0,20.0
2017-06-29,2,19.0,20.354068365268766,20.569387703780343,20.65732549889314,20.699333889091122,20.278506480824305,20.0,19.0
2017-06-29,3,18.0,20.38129546205749,20.58677993820257,20.65732549889314,20.699333889091122,20.16821899906882,20.0,20.0
2017-06-29,4,19.0,20.354068365268766,20.556406017236863,20.65732549889314,20.692197613493445,20.088527555725747,20.0,19.0
2017-06-29,5,18.0,20.405664430486784,20.666682409963606,20.69421039359279,20.75602876519908,20.004950859956217,20.0,19.0
2017-06-29,6,20.0,20.89580996457319,21.05187564093043,20.878928239235332,20.97725543722499,20.003485617043943,21.0,21.0
2017-06-29,7,20.0,20.89580996457319,21.05187564093043,20.878928239235332,20.97725543722499,19.957506449058723,21.0,21.0
2017-06-29,8,19.0,21.284923966142223,21.55761012853201,21.593014357822117,21.363772563372503,22.950705484209806,19.0,19.0
2017-06-29,9,20.0,22.040532038687793,22.096979608448507,21.962225015100845,22.041672798669033,23.18228035766627,22.0,23.0
2017-06-29,10,23.0,23.13790023287579,23.10836367526219,22.915776921610338,23.305180467837012,23.41667075121325,24.0,22.0
2017-06-29,11,25.0,23.070356297549104,23.099463100394107,22.906874245946916,23.124450494979275,23.461957585945484,24.0,23.0
2017-06-29,12,24.0,23.19895823717433,23.221267289411593,23.076411977084494,23.243172561236115,23.529382256433838,24.0,24.0
2017-06-29,13,25.0,22.860280056703925,22.831149640250036,22.725116665336042,22.657391151725,23.534280287886993,23.0,24.0
2017-06-29,14,24.0,21.723601564387977,21.70010325329332,21.670179333199695,21.52175323841989,23.643773172265963,23.0,24.0
2017-06-29,15,24.0,21.949405342078162,21.867633553385023,21.837718206393465,22.130103725270317,23.850985575674486,24.0,24.0
2017-06-29,16,26.0,21.9784324282037,21.91061695420128,21.91806924474521,22.198894463459684,24.055228547357444,25.0,24.0
2017-06-29,17,26.0,21.90073596874168,21.859893565082945,21.816851133863974,22.09671773615464,24.263356771466857,26.0,23.0
2017-06-29,18,22.0,19.673978192902116,19.695072357160228,19.696128704160852,19.820745822563932,20.827948092214815,22.0,21.0
2017-06-29,19,18.0,19.26915345901639,19.515919572050905,19.68270752177069,19.60226823595156,20.73170818278684,20.0,19.0
2017-06-29,20,19.0,18.929470621793012,19.194371620761935,19.3085024817223,19.206503547961116,20.690075672232588,19.0,18.0
2017-06-29,21,18.0,19.03434662574754,19.29924762471646,19.413378485676827,19.279956493801183,20.687228446453144,19.0,19.0
2017-06-29,22,20.0,19.648314831712423,19.806714939140694,19.916842489273236,19.944183762656575,20.61566433757119,19.0,23.0
2017-06-29,23,20.0,20.51907433235368,20.02672919548706,19.652308785725314,19.555132205523993,20.69492903117884,20.0,21.0
2017-06-30,0,18.0,18.241877568126753,19.256805687632756,19.26657704072996,19.57646947287045,19.758730993585054,19.0,19.0
2017-06-30,1,19.0,18.348563186955705,19.283244894212068,19.2913174945487,19.5198622411855,19.783787493718823,20.0,19.0
2017-06-30,2,19.0,18.26863721635613,19.2955189766721,19.224843939167336,19.553900395531137,19.60985266985974,19.0,19.0
2017-06-30,3,19.0,18.243687183001178,19.17836889025754,19.186441490594177,19.419045302740408,19.6309177236076,20.0,18.0
2017-06-30,4,19.0,18.26863721635613,19.29028985946374,19.224843939167336,19.544661251104795,19.437896873132136,19.0,19.0
2017-06-30,5,19.0,18.21535727761962,19.295690248235957,19.156852829912463,19.507675464365338,19.373052587742038,19.0,18.0
2017-06-30,6,20.0,18.666756035890856,19.654667566735093,19.32903409111743,19.683143202936282,19.466793130332025,21.0,20.0
2017-06-30,7,19.0,18.393527070604396,19.47263182271928,19.307005984191665,19.72978433233518,19.232080207145707,19.0,20.0
2017-06-30,8,20.0,19.140551294657545,20.007877069487595,19.950189132338966,20.35585386665882,22.708918592347402,20.0,19.0
2017-06-30,9,20.0,19.25652998988228,20.120256851343154,19.858070755134005,20.238645148605585,22.880580236882007,22.0,20.0
2017-06-30,10,23.0,20.780346373856183,21.56167240838044,21.25559807680445,21.564202468762957,22.9559914882388,23.0,23.0
2017-06-30,11,23.0,20.694985500526336,21.51902773460915,21.28274844224959,21.599086241171577,22.78853330530885,21.0,25.0
2017-06-30,12,23.0,20.764847289618018,21.615536244970883,21.350858507786377,21.66029037489443,23.057896245592424,23.0,24.0
2017-06-30,13,23.0,20.91897756140238,21.712116098060513,21.41263881746245,21.886721137934135,23.129764667111694,23.0,25.0
2017-06-30,14,22.0,19.51529439452185,20.340711757809267,20.069756075980433,20.58307079992949,23.241195079912995,23.0,24.0
2017-06-30,15,23.0,19.51529439452185,20.340711757809267,20.069756075980433,20.58307079992949,23.34468155450502,23.0,24.0
2017-06-30,16,22.0,19.661547545937843,20.355128597893458,20.33851247409991,20.751083224629024,23.41994478054901,23.0,26.0
2017-06-30,17,23.0,19.11253010589438,19.806111157849994,19.789495034056447,20.469677931287563,23.42228465488132,22.0,26.0
2017-06-30,18,20.0,17.771114203413475,18.405389862023178,18.424092200924665,18.977088505982827,20.1651487939745,22.0,22.0
2017-06-30,19,20.0,16.82567395420496,17.791944412567602,18.002956205629545,18.4074266813846,20.098213307036797,20.0,18.0
2017-06-30,20,19.0,16.88448326591796,17.77752651533223,18.062555059259388,18.34624871563118,20.12740126653054,20.0,19.0
2017-06-30,21,20.0,16.900358785112022,17.898591624588043,17.957679055304865,18.245431777186088,20.160005816691232,20.0,18.0
2017-06-30,22,18.0,17.032461885855273,18.020859862964798,18.062555059259388,18.34624871563118,20.126266273613787,20.0,20.0
2017-06-30,23,19.0,18.16914037817122,18.583349312104218,18.062555059259388,18.335230889778966,20.09625216575685,20.0,20.0
2017-07-01,0,19.0,15.273550236331957,14.843479565775398,14.899878329987734,17.73159310183993,17.905310874822554,20.0,18.0
2017-07-01,1,19.0,15.44718275083753,15.034948080423966,15.004754333942264,17.832410040285023,17.82678402953783,20.0,19.0
2017-07-01,2,19.0,15.44718275083753,15.034948080423966,15.004754333942264,17.832410040285023,17.749879006444058,20.0,19.0
2017-07-01,3,19.0,15.44718275083753,15.034948080423966,15.004754333942264,17.832410040285023,17.666609877658715,20.0,19.0
2017-07-01,4,18.0,15.647617075644693,15.216276220356328,14.960308885486661,17.810567920805422,17.676765691627235,21.0,19.0
2017-07-01,5,19.0,15.822330641701592,15.34309632891189,15.362388411681717,18.02106812340146,17.506030639115753,20.0,19.0
2017-07-01,6,20.0,15.896796889319564,15.431379371920404,15.442518698422763,18.08084688924479,17.427023286208918,20.0,20.0
2017-07-01,7,18.0,15.725637399927503,15.45263334216982,15.707904617658109,17.957936922139552,17.299156895507434,19.0,19.0
2017-07-01,8,17.0,15.12929594872632,14.886568036278604,15.039240247348971,17.50038855053296,17.2581020787036,19.0,20.0
2017-07-01,9,17.0,14.152037473946905,14.011779759563352,14.213560652881977,16.447588479750586,17.16068569578223,18.0,20.0
2017-07-01,10,17.0,15.045039436973315,14.593539556209588,14.672341867747953,16.954341311108845,17.23308985662997,19.0,23.0
2017-07-01,11,17.0,14.428431537353438,14.066420168110383,14.207312848440486,16.278910806049545,17.183284419019223,18.0,23.0
2017-07-01,12,17.0,15.072423265717301,14.598619956550781,14.672341867747953,16.980470059352243,17.341548158636776,19.0,23.0
2017-07-01,13,18.0,13.82562841303435,13.85357439671106,14.423632677741926,16.980470059352243,17.4234719558757,19.0,23.0
2017-07-01,14,16.0,13.85341107121578,13.282832603108076,13.349506334379395,15.844832146047132,17.531400537610523,19.0,22.0
2017-07-01,15,18.0,13.85341107121578,13.282832603108076,13.349506334379395,15.844832146047132,17.61806661835007,19.0,23.0
2017-07-01,16,17.0,13.841831885672612,13.265827346466498,13.349506334379395,15.844832146047132,17.73246233272144,19.0,22.0
2017-07-01,17,16.0,13.875824632100443,13.407144604557992,13.466321450568584,15.760700734365392,17.719538397789453,18.0,23.0
2017-07-01,18,17.0,13.599430568693908,13.352504196010958,13.472569255010074,15.894581810852277,17.749854642981926,17.0,20.0
2017-07-01,19,18.0,13.71362030136534,13.466693928682393,13.586758987681508,16.05152993230315,17.815216622625627,17.0,20.0
2017-07-01,20,17.0,13.71362030136534,13.449301694260166,13.586758987681508,16.05152993230315,17.967009664425923,18.0,19.0
2017-07-01,21,18.0,14.226984183735814,13.880192886064128,14.006510856664292,16.678199497371335,18.067822999301498,19.0,20.0
2017-07-01,22,19.0,14.179077936501917,13.605088710344301,13.52205920080298,16.543344404580605,18.185871729805633,20.0,18.0
2017-07-01,23,19.0,14.226984183735814,13.862800651641901,14.006510856664292,16.66718167151912,18.052018179972915,19.0,19.0
2017-07-02,0,20.0,15.024976233709232,14.779878359316982,14.761230905076172,16.734260002486756,17.130652706673544,20.0,19.0
2017-07-02,1,19.0,15.036762987539653,15.0193068073541,15.140806556982954,17.38780551834938,16.973088088828998,19.0,19.0
2017-07-02,2,20.0,15.036762987539653,15.0193068073541,15.140806556982954,17.38780551834938,16.89681383033726,19.0,19.0
2017-07-02,3,19.0,15.093732744260281,14.866470870011026,14.761230905076172,16.734260002486756,16.907614321093995,20.0,19.0
2017-07-02,4,19.0,14.931886983585127,14.901449116856094,15.035930553028425,17.277749435477947,16.744943121551028,19.0,18.0
2017-07-02,5,19.0,15.411910878403715,15.327455055842025,15.498440634722407,17.576463601465818,16.654184006647785,19.0,19.0
2017-07-02,6,19.0,15.559438461811393,15.275814383202164,15.228969527009019,17.02324018851869,16.668793738198577,20.0,20.0
2017-07-02,7,19.0,15.267311389395726,15.179280127802354,15.35950518483749,17.37847730741318,16.554651536081725,19.0,18.0
2017-07-02,8,17.0,14.054362038574663,14.0687031993897,14.22581179522089,16.306302426281768,16.447434085013075,18.0,17.0
2017-07-02,9,18.0,13.69371146341513,13.721034310773653,13.865161220061362,15.928932860558685,16.349602079548948,17.0,17.0
2017-07-02,10,17.0,13.69371146341513,13.721034310773653,13.865161220061362,15.928932860558685,16.369376530884875,17.0,17.0
2017-07-02,11,17.0,13.72406057114831,13.702418506743102,13.865161220061362,15.928932860558685,16.50599626806976,18.0,17.0
2017-07-02,12,17.0,13.751444399892296,13.707498907084295,13.865161220061362,15.955061608802083,16.47652717449406,17.0,17.0
2017-07-02,13,17.0,12.573406057760394,13.04904585793862,13.616452030055335,15.955061608802083,16.543960774593977,17.0,18.0
2017-07-02,14,17.0,12.601188715941824,12.478304064335635,12.239407358880769,14.808405869644755,16.665071895070184,17.0,16.0
2017-07-02,15,17.0,12.601188715941824,12.478304064335635,12.239407358880769,14.808405869644755,16.737383022623064,17.0,18.0
2017-07-02,16,17.0,12.589609530398656,12.461298807694057,12.239407358880769,14.808405869644755,16.851363114451672,17.0,17.0
2017-07-02,17,17.0,13.17145366589531,13.04314294319071,12.821251494377416,15.375926191660374,16.959332484652542,17.0,16.0
2017-07-02,18,17.0,13.17145366589531,13.04314294319071,12.821251494377416,15.375926191660374,17.02783437141137,17.0,17.0
2017-07-02,19,17.0,13.285643398566746,13.157332675862145,12.935441227048848,15.532874313111252,17.079472162470434,17.0,18.0
2017-07-02,20,17.0,13.285643398566746,13.157332675862145,12.935441227048848,15.532874313111252,17.137998505824726,17.0,17.0
2017-07-02,21,18.0,13.297222584109914,13.174337932503724,12.935441227048848,15.532874313111252,17.239227463243054,18.0,18.0
2017-07-02,22,20.0,13.960853041612372,13.522871699855333,13.08049344807938,15.546011305227427,17.409905903259002,20.0,19.0
2017-07-02,23,19.0,13.903883284891744,13.675707637198407,13.460069099986168,16.188538995237842,17.290496421371746,19.0,19.0
2017-07-03,0,19.0,17.76620688935549,16.5425417616906,16.80243264754058,17.805035016102092,18.911788681010076,19.0,20.0
2017-07-03,1,19.0,17.765739440796143,16.611391775650933,16.760699545977957,17.78246593876278,18.863549335263812,19.0,19.0
2017-07-03,2,20.0,17.792966537584867,16.611391775650933,16.760699545977957,17.78246593876278,18.775310566227724,19.0,20.0
2017-07-03,3,19.0,17.845665411395718,16.5991176931909,16.521680323814653,17.128920422900155,18.801511954696018,20.0,19.0
2017-07-03,4,19.0,17.765739440796143,16.598410089107453,16.760699545977957,17.775329663165103,18.62624565581426,19.0,19.0
2017-07-03,5,20.0,17.81733550601416,16.708686481834196,16.797584440677607,17.839160814870738,18.550065639305835,19.0,19.0
2017-07-03,6,19.0,17.963100952404993,16.77104381705951,16.649715334820424,17.03202055067852,18.578749872630983,20.0,19.0
2017-07-03,7,19.0,18.183631043880602,16.965353643535355,16.605269886364823,17.019417575625262,18.62377580479402,21.0,19.0
2017-07-03,8,19.0,18.876506462504178,17.902559258235787,17.170273308082134,17.591311300902706,22.036600317094987,20.0,17.0
2017-07-03,9,20.0,19.09736116168344,18.110175378958765,17.183030934831702,17.600180645070925,22.20432071337931,22.0,18.0
2017-07-03,10,22.0,21.313790579963353,20.258560215613517,19.27356901302561,19.804936356888916,22.423376813088193,24.0,17.0
2017-07-03,11,23.0,20.051092506900208,19.094839434858304,18.109852156529648,18.224380152977375,22.371091818076337,23.0,17.0
2017-07-03,12,22.0,21.21744390426126,20.232379347106647,19.337568592680274,19.616480854733144,22.620222634541115,25.0,17.0
2017-07-03,13,23.0,20.01887614168582,19.478040924323754,19.073461115773846,19.57025919388309,22.605957569229595,24.0,17.0
2017-07-03,14,21.0,20.04665879986725,18.90729913072077,17.715605455825465,18.43462128057798,22.69759329021989,24.0,17.0
2017-07-03,15,23.0,20.04665879986725,18.90729913072077,17.715605455825465,18.43462128057798,22.795943430091477,24.0,17.0
2017-07-03,16,23.0,20.099207537412006,19.00077725329993,17.79595649417721,18.503412018767346,22.988419984270866,25.0,17.0
2017-07-03,17,22.0,20.07018045128647,18.95779385248367,17.715605455825465,18.43462128057798,22.988282286378084,24.0,17.0
2017-07-03,18,19.0,16.696784115841336,15.432970507024468,15.116270925553318,15.706529319621879,19.189229944176468,20.0,17.0
2017-07-03,19,20.0,16.66048405521914,15.432970507024468,15.057012939832344,15.682279901704552,19.254942237009896,20.0,17.0
2017-07-03,20,18.0,16.514718608828307,15.332313016911723,15.15931141388799,16.489420165896775,19.20689310237332,19.0,17.0
2017-07-03,21,19.0,16.868822586079972,15.486206152912697,14.898197725181905,15.881325492163999,19.40286823349512,21.0,18.0
2017-07-03,22,19.0,16.62330005815234,15.38669429910335,15.264187417842516,16.56287311173684,19.187209085740438,19.0,20.0
2017-07-03,23,19.0,16.596072961363614,15.38669429910335,15.244998406616322,16.551855285884628,19.176989669694507,19.0,19.0
2017-07-04,0,20.0,18.450358975748866,17.253117625347976,17.349653382396728,18.192299422090745,19.26879173179495,20.0,19.0
2017-07-04,1,19.0,18.477118623978242,17.32196763930831,17.307920280834104,18.169730344751432,19.20463837782241,20.0,19.0
2017-07-04,2,19.0,18.358900014708592,17.28611422073177,17.48080477039257,18.615581886247817,19.020914093770823,19.0,20.0
2017-07-04,3,19.0,18.477118623978242,17.32196763930831,17.307920280834104,18.169730344751432,19.045434499966973,20.0,19.0
2017-07-04,4,20.0,18.331672917919867,17.25574029976606,17.48080477039257,18.60844561065014,18.868878338021485,19.0,19.0
2017-07-04,5,19.0,18.555941785984984,17.4366545799138,17.344805175533754,18.22642522085939,18.871602146049348,20.0,20.0
2017-07-04,6,19.0,18.449108458929143,17.44064811017815,17.60883978139834,18.518682014026183,18.72676718027573,19.0,19.0
2017-07-04,7,19.0,18.815084256463127,17.688203589652762,17.391509843384274,18.06022749747654,18.865597645182124,21.0,19.0
2017-07-04,8,17.0,19.5721065125122,18.65364912669914,18.514248780891386,19.17878970269546,22.12151998588353,19.0,19.0
2017-07-04,9,18.0,19.683143649380664,18.57926407683333,18.01667283052809,18.640990566922202,22.384058214930416,22.0,20.0
2017-07-04,10,18.0,21.373118341172866,19.969076140075533,19.313586556001123,19.84391683553506,22.46982741718234,23.0,22.0
2017-07-04,11,17.0,21.581782182376223,20.17810986413901,19.522615891471517,20.62523792993915,22.592742603541396,24.0,23.0
2017-07-04,12,18.0,21.523952355875277,20.117846169683965,19.515167108437854,20.243444005297842,22.670731488834775,24.0,22.0
2017-07-04,13,17.0,20.44126859205186,19.525243920783687,19.487530111524922,20.759271832663025,22.831809764460353,25.0,23.0
2017-07-04,14,17.0,20.128962547748102,18.817992186655125,17.973555009934792,19.080701557805778,22.85950166775532,24.0,21.0
2017-07-04,15,17.0,20.44002416410775,18.911518726364445,18.049323413224794,19.554843181168547,22.93190618321221,24.0,23.0
2017-07-04,16,17.0,19.68872459779332,18.24546570799218,17.33276709998756,18.543849389245096,22.84508869135882,22.0,23.0
2017-07-04,17,17.0,20.12950821249598,18.668309776945687,17.755622998800977,18.473601759224124,23.04663107802625,23.0,22.0
2017-07-04,18,17.0,17.67366353287576,16.397856825998318,15.905791980497758,16.92984663105888,19.606437555028933,22.0,19.0
2017-07-04,19,18.0,17.325996601163478,16.249892863448746,16.146064347128906,17.269758303497312,19.377476072377913,19.0,20.0
2017-07-04,20,18.0,17.273499730687345,16.112642932994106,15.776285069333891,16.876684571885427,19.543298642006732,20.0,18.0
2017-07-04,21,18.0,17.209408377164277,16.091426448438902,16.031694580934065,17.39598905922188,19.457400000968295,19.0,19.0
2017-07-04,22,19.0,17.209408377164277,16.091426448438902,16.031694580934065,17.39598905922188,19.454742417025987,19.0,19.0
2017-07-04,23,20.0,17.35485408322265,16.16702421518573,15.861972062062222,16.93911969187328,19.522280122018806,20.0,19.0
2017-07-05,0,19.0,18.192842995993033,17.140605011223286,17.434600438348635,18.491605138364935,19.164375998152018,19.0,20.0
2017-07-05,1,19.0,18.33782125349206,17.262700678182387,17.219982847227545,18.023184519529238,19.211158456687947,20.0,19.0
2017-07-05,2,20.0,18.192375547433684,17.20945502518362,17.39286733678601,18.469036061025623,19.04459705352163,19.0,19.0
2017-07-05,3,19.0,18.33782125349206,17.262700678182387,17.219982847227545,18.023184519529238,19.058180503817805,20.0,19.0
2017-07-05,4,20.0,18.21960264422241,17.19647333864014,17.39286733678601,18.461899785427946,18.87001813754905,19.0,20.0
2017-07-05,5,19.0,18.38394617599338,17.30674973136688,17.58368154978534,18.52573093713358,18.80822802301098,19.0,19.0
2017-07-05,6,19.0,18.81576144931862,17.62893662852684,17.457501728077393,18.124446661660713,18.930636893088845,21.0,19.0
2017-07-05,7,20.0,18.81576144931862,17.62893662852684,17.457501728077393,18.124446661660713,18.881938188499166,21.0,19.0
2017-07-05,8,19.0,19.42100580163373,18.790669348538472,18.3214353433303,18.931426939028174,22.22665524325339,19.0,17.0
2017-07-05,9,21.0,20.335647246545825,19.519888606716293,18.627463701010637,19.257625334626034,22.58051434297895,23.0,18.0
2017-07-05,10,23.0,20.017295745412014,19.191766001555806,18.241499393483792,19.0769139630335,22.50397786507661,22.0,18.0
2017-07-05,11,22.0,20.590650287673487,19.805824358526728,18.855556618619474,19.329409239012826,22.651170080580663,23.0,17.0
2017-07-05,12,22.0,21.049119447649538,20.22152571869935,19.324069633455636,19.943354699965713,22.79146578941982,24.0,18.0
2017-07-05,13,21.0,19.885681307104214,19.606134296738965,19.140313194900955,19.965923777305026,22.883048162567196,24.0,17.0
2017-07-05,14,23.0,19.885681307104214,19.03757735892167,17.782457534952574,18.830285863999915,22.973291851332306,24.0,17.0
2017-07-05,15,23.0,19.885681307104214,19.03757735892167,17.782457534952574,18.830285863999915,23.070446626032595,24.0,17.0
2017-07-05,16,23.0,19.893695130175654,19.05067963883097,17.782457534952574,18.830285863999915,23.16847797455672,24.0,17.0
2017-07-05,17,22.0,19.435225970199603,18.650483956453403,17.38226414037275,18.232885741998825,23.16776367803701,23.0,17.0
2017-07-05,18,20.0,17.496853604061293,16.39902127110708,15.817529939187548,16.858244492148813,19.529573497400158,21.0,17.0
2017-07-05,19,20.0,17.017408179309413,16.12911367788441,15.953250909567819,16.996266791586628,19.39461321454637,19.0,18.0
2017-07-05,20,20.0,16.994708287791084,16.31371220944624,16.19493572381161,16.967705505829397,19.34714067853673,18.0,18.0
2017-07-05,21,21.0,16.943554880446715,16.025431939150394,15.83888114337298,17.122497547311195,19.464318379259545,19.0,18.0
2017-07-05,22,19.0,18.085753156369158,16.994392444165825,16.342955099064486,17.622333988326552,19.824835718212597,23.0,19.0
2017-07-05,23,20.0,17.491576248530926,16.400215536327593,15.72958918000006,17.003489713737427,19.601325788307335,21.0,20.0
2017-07-06,0,19.0,19.426406939281566,19.345981529096555,19.3826245514541,19.82985141813639,19.728423570724118,19.0,19.0
2017-07-06,1,20.0,19.34585236323406,19.308282408030294,19.340891449891476,19.807282340797077,19.666067486484685,19.0,19.0
2017-07-06,2,19.0,19.373079460022783,19.325674642452523,19.340891449891476,19.807282340797077,19.577545960902857,19.0,20.0
2017-07-06,3,19.0,18.302053369509903,18.538645591551095,18.3055888458211,18.57866679246924,19.41644860142306,18.0,19.0
2017-07-06,4,19.0,19.373079460022783,19.312692955909043,19.340891449891476,19.8001460651994,19.414238625041897,19.0,20.0
2017-07-06,5,20.0,18.40275858591546,18.635940297734358,18.392952345507233,18.635361668577197,19.258226820581964,18.0,19.0
2017-07-06,6,19.0,19.665864104508724,19.61067762982724,19.66804373867266,20.104538810832118,19.38039907561063,20.0,19.0
2017-07-06,7,19.0,19.69309120129745,19.62806986424947,19.66804373867266,20.104538810832118,19.318123682726725,20.0,20.0
2017-07-06,8,19.0,20.686013964604278,20.763483889040497,20.44105466265177,20.610672621030204,22.711971350153377,19.0,19.0
2017-07-06,9,21.0,20.80158087544814,20.797023363198537,20.532626516593407,20.7076321554008,22.772536786949093,20.0,21.0
2017-07-06,10,23.0,22.945103751209896,23.029831561017225,22.68983357713905,22.98538665396595,23.043923754876964,23.0,23.0
2017-07-06,11,23.0,23.431404498111817,23.455627743544436,23.135381196369423,23.555901963509182,23.286318728850777,25.0,22.0
2017-07-06,12,23.0,23.40237741198628,23.428150020523233,23.123349778274015,23.503656564271612,23.255169071368794,24.0,22.0
2017-07-06,13,23.0,23.478968754618915,23.5070234160859,23.26865356807711,23.51936079147763,23.44207668394811,25.0,21.0
2017-07-06,14,23.0,23.540761814534733,23.557566554978962,23.283259944241557,23.680101159304545,23.412840585098465,24.0,23.0
2017-07-06,15,22.0,23.540761814534733,23.557566554978962,23.283259944241557,23.680101159304545,23.511433533520474,24.0,23.0
2017-07-06,16,23.0,23.57780272373171,23.61365223570452,23.363610982593304,23.748891897493912,23.79762437095235,26.0,23.0
2017-07-06,17,23.0,23.519972897230765,23.53788286345442,23.2878425793033,23.606034205652506,23.904945067697916,26.0,22.0
2017-07-06,18,20.0,20.478661917484484,20.462768823498813,20.566680270315597,20.644957731177936,20.138839943305456,22.0,20.0
2017-07-06,19,19.0,18.58466520853547,18.890581915378014,18.73012012466305,18.558646320393763,19.830400409348226,18.0,20.0
2017-07-06,20,19.0,19.659000572965986,19.653587155608832,19.656270874811007,19.771470744961253,19.969290092513226,19.0,20.0
2017-07-06,21,20.0,18.762054877402488,18.92289355534991,18.81418865194477,18.714661586880016,19.88449500098487,18.0,21.0
2017-07-06,22,20.0,19.769205359164197,19.7759138529537,19.7872012914605,19.936432329740345,20.0979581368488,20.0,19.0
2017-07-06,23,19.0,19.79643245595292,19.793306087375928,19.76801228023431,19.92541450388813,20.059829357570283,20.0,20.0
2017-07-07,0,20.0,18.72758307182362,18.53142844340805,18.688978703727155,18.365305781477065,19.206880997174483,18.0,19.0
2017-07-07,1,21.0,19.75661230001483,19.300714997575763,19.68254820623491,19.57135225246559,19.221648709934946,19.0,20.0
2017-07-07,2,19.0,19.729385203226105,19.283322763153535,19.68254820623491,19.57135225246559,19.158339485149412,19.0,19.0
2017-07-07,3,20.0,19.729385203226105,19.283322763153535,19.68254820623491,19.57135225246559,19.07488358055605,19.0,19.0
2017-07-07,4,20.0,19.729385203226105,19.270341076610055,19.68254820623491,19.56211310803925,18.991368106707544,19.0,19.0
2017-07-07,5,20.0,19.857317516420387,19.398009703759026,19.769911705921043,19.625944259744884,18.900257627016018,19.0,20.0
2017-07-07,6,20.0,20.117678843228596,19.592617535292984,19.95862142739876,19.866505853671967,18.942374121267694,20.0,19.0
2017-07-07,7,19.0,19.97223313717022,19.462148437364647,19.850041992662085,19.712531975200775,18.800725156449957,19.0,19.0
2017-07-07,8,20.0,21.01306197005158,20.51562610270781,20.511512379387433,20.526613542341245,22.32372675916707,20.0,19.0
2017-07-07,9,21.0,21.18097237792865,20.69646923724748,20.745346382327988,20.519215654728086,22.292355057375882,20.0,21.0
2017-07-07,10,22.0,23.292707301060176,22.938607724979907,22.96476519508836,22.820488152444582,22.565815236772732,23.0,23.0
2017-07-07,11,23.0,23.524484160925443,23.229659578849258,23.238191306063218,23.067484918195795,22.609755273896003,23.0,23.0
2017-07-07,12,22.0,23.551867989669432,23.23473997919045,23.238191306063218,23.067484918195795,22.67472445546837,23.0,23.0
2017-07-07,13,24.0,23.63242256571694,23.28838714139608,23.279924407625842,23.090053995535108,22.756881664360947,23.0,23.0
2017-07-07,14,22.0,23.083405125673476,22.739369701352615,22.730906967582378,22.49108845615984,22.757686478088694,22.0,23.0
2017-07-07,15,23.0,23.524188740376136,23.16221377030612,23.153762866395795,22.90979120628842,22.96569391102194,23.0,22.0
2017-07-07,16,23.0,23.056318111782527,22.694957229719215,22.730906967582378,22.49108845615984,22.959078367125816,22.0,23.0
2017-07-07,17,24.0,23.60533555182599,23.24397466976268,23.279924407625842,23.101071821387322,23.147113768470383,23.0,23.0
2017-07-07,18,21.0,20.177459087252036,19.753146000212766,20.132013304333118,20.001885719430692,19.533779750549122,20.0,20.0
2017-07-07,19,19.0,20.113931929841115,19.735753765790538,20.072755318612142,19.977636301513364,19.612924304309075,20.0,19.0
2017-07-07,20,18.0,19.854743061620628,19.512311176868206,19.896547751637968,19.698723008673355,19.563758009832824,19.0,19.0
2017-07-07,21,19.0,20.054502878358676,19.72693709460023,20.027478168287463,19.891048586057472,19.664428026590205,20.0,20.0
2017-07-07,22,19.0,18.82670046485031,18.784522442112088,18.86124514756759,18.459089634493303,19.474079465502975,18.0,20.0
2017-07-07,23,20.0,19.881830075511576,19.556723648501606,19.896547751637968,19.68770518282114,19.554690956719586,19.0,19.0
2017-07-08,0,19.0,19.347065791198677,18.962493753491025,19.206196613034262,19.127276784734235,18.142980606961814,19.0,20.0
2017-07-08,1,20.0,19.397155511083987,19.014652778148186,19.29975474866058,19.103028869146353,18.059155317139233,19.0,21.0
2017-07-08,2,19.0,19.2973836374371,18.925258423263834,19.222563083609806,19.13804014820452,18.00493953643361,19.0,19.0
2017-07-08,3,19.0,19.324610734225825,18.942650657686062,19.222563083609806,19.13804014820452,17.903617293462887,19.0,20.0
2017-07-08,4,19.0,18.065883452424366,17.809497534669603,17.78777646607573,17.79758891522938,17.723463846750775,18.0,20.0
2017-07-08,5,19.0,19.425315950631383,19.039945363869325,19.30992658329594,19.192632155483814,17.737739610382068,19.0,20.0
2017-07-08,6,20.0,19.712904374228316,19.24130527038395,19.498636304773658,19.406384799798335,17.765375977060753,20.0,20.0
2017-07-08,7,18.0,18.1212478646668,17.815049592223964,17.795803369506793,17.70447194548414,17.54467917011717,18.0,19.0
2017-07-08,8,18.0,17.82657618471284,17.45983782863741,17.39740957725098,17.380989649714692,17.4121415068694,17.0,20.0
2017-07-08,9,18.0,17.487220055821393,17.14851525575628,17.06185456377789,16.885538250818534,17.397693111586403,17.0,21.0
2017-07-08,10,17.0,17.474637913561814,17.150950384078794,17.124066315992618,16.879138618405204,17.408435720264112,17.0,22.0
2017-07-08,11,17.0,17.474637913561814,17.150950384078794,17.124066315992618,16.879138618405204,17.44328231330747,17.0,23.0
2017-07-08,12,16.0,17.502021742305804,17.156030784419986,17.124066315992618,16.879138618405204,17.52712983110747,17.0,22.0
2017-07-08,13,17.0,17.48591908555282,17.1559172558924,17.107699845417073,16.868375254934918,17.68025343589624,18.0,24.0
2017-07-08,14,17.0,17.48591908555282,17.1559172558924,17.107699845417073,16.868375254934918,17.619876745875512,16.0,22.0
2017-07-08,15,17.0,17.48591908555282,17.1559172558924,17.107699845417073,16.868375254934918,17.89783857685469,18.0,23.0
2017-07-08,16,17.0,17.45883207166187,17.101519557397225,17.107699845417073,16.868375254934918,17.908146339466757,17.0,23.0
2017-07-08,17,17.0,18.040676207158526,17.68336369289388,17.68954398091373,17.470692174164686,17.897267527789673,16.0,24.0
2017-07-08,18,17.0,18.053258349418105,17.680928564571367,17.627332228699,17.477091806578017,18.11533726583655,17.0,21.0
2017-07-08,19,17.0,18.11892653903273,17.70572394235845,17.716426399683993,17.717325163987823,18.301156268409194,18.0,19.0
2017-07-08,20,18.0,17.946374065157617,17.561375763958406,17.57205292107646,17.58345702050459,18.263848247556925,17.0,18.0
2017-07-08,21,18.0,18.078337083003092,17.760121640853626,17.716426399683993,17.717325163987823,18.36140826114954,18.0,19.0
2017-07-08,22,19.0,19.375622078530387,18.900249701659153,19.15121301721807,19.059555078388836,18.447590574124867,19.0,19.0
2017-07-08,23,19.0,19.402849175319112,18.91764193608138,19.15121301721807,19.048537252536622,18.40232762969229,19.0,20.0
2017-07-09,0,19.0,18.44467222804134,18.42659222648718,18.671843299562315,18.86215310874946,17.311900802786315,20.0,19.0
2017-07-09,1,19.0,18.32009014086792,18.306584488870808,18.609604592853533,18.759485930820723,17.141713281031958,19.0,20.0
2017-07-09,2,19.0,18.42221717106849,18.40674913068222,18.68820977013786,18.872916472219746,17.173889571261924,20.0,19.0
2017-07-09,3,19.0,18.276771465010114,18.27628003275388,18.579630335401184,18.718942593748555,16.99858667924187,19.0,19.0
2017-07-09,4,19.0,18.276771465010114,18.2632983462104,18.579630335401184,18.709703449322213,16.916361068457093,19.0,19.0
2017-07-09,5,19.0,18.377476681415672,18.373574738937144,18.666993835087318,18.773534601027848,16.83987473392811,19.0,19.0
2017-07-09,6,19.0,18.474883392534476,18.447912371719077,18.742245242864346,18.873856703943346,16.761113214838627,19.0,20.0
2017-07-09,7,19.0,18.21249898005071,18.159070004530673,18.45370777413303,18.54249710193707,16.74034226336205,19.0,18.0
2017-07-09,8,18.0,16.585806229265046,16.622261393383905,16.57525021401846,16.828023951775492,16.525324062220307,17.0,18.0
2017-07-09,9,17.0,16.225155654105514,16.23893670004065,16.214599638858928,16.450654386052417,16.61381707375107,18.0,18.0
2017-07-09,10,17.0,16.133612959492794,16.23893670004065,16.214599638858928,16.450654386052417,16.552924302110704,17.0,17.0
2017-07-09,11,16.0,16.188857969150487,16.2203208960101,16.214599638858928,16.450654386052417,16.59490679391731,17.0,17.0
2017-07-09,12,17.0,16.188857969150487,16.2203208960101,16.214599638858928,16.450654386052417,16.671588573950253,17.0,16.0
2017-07-09,13,17.0,16.172755312397502,16.220207367482516,16.198233168283384,16.43989102258213,16.737831774616556,17.0,17.0
2017-07-09,14,17.0,16.172755312397502,16.220207367482516,16.198233168283384,16.43989102258213,16.830207012726476,17.0,17.0
2017-07-09,15,17.0,16.172755312397502,16.220207367482516,16.198233168283384,16.43989102258213,16.92919219034532,17.0,17.0
2017-07-09,16,17.0,16.036495960901135,15.966859039280349,16.198233168283384,16.43989102258213,17.028628056427728,17.0,17.0
2017-07-09,17,17.0,16.61834009639779,16.548703174777007,16.78007730378004,17.00741134459775,17.122324646254334,17.0,17.0
2017-07-09,18,17.0,16.61834009639779,16.649488606467518,16.88086296084405,17.00741134459775,17.20448311729802,17.0,17.0
2017-07-09,19,17.0,16.732529829069225,16.763678339138952,16.995052693515483,17.164359466048623,17.270090930759075,17.0,17.0
2017-07-09,20,17.0,16.72450848604975,16.763678339138952,16.995052693515483,17.164359466048623,17.301450144457355,17.0,18.0
2017-07-09,21,18.0,16.860767837546117,17.017026667341117,16.995052693515483,17.164359466048623,17.417223327621887,18.0,18.0
2017-07-09,22,19.0,18.408374543086314,18.454324118223084,18.705143206306587,18.832783101316988,17.588854324258712,20.0,19.0
2017-07-09,23,19.0,18.26292883702794,18.301502906546688,18.574212789657093,18.629439698080656,17.4705541180509,19.0,19.0
2017-07-10,0,19.0,19.85285096087726,19.315780372942744,19.596302809425666,19.27431798585557,18.728764869281353,19.0,19.0
2017-07-10,1,20.0,19.77229638482975,19.278081251876483,19.554569707863042,19.25174890851626,18.66892963090134,19.0,19.0
2017-07-10,2,18.0,19.917742090888126,19.40855034980482,19.663149142599718,19.40572278698745,18.690098432741767,20.0,19.0
2017-07-10,3,19.0,19.77229638482975,19.278081251876483,19.554569707863042,19.25174890851626,18.517204948645116,19.0,19.0
2017-07-10,4,19.0,19.77229638482975,19.265099565333003,19.554569707863042,19.24461263291858,18.436828141585018,19.0,19.0
2017-07-10,5,19.0,20.018447307293684,19.505845055988082,19.75051264228585,19.462417663095408,18.455031983362275,20.0,19.0
2017-07-10,6,19.0,20.0349171023236,19.476865007666373,19.807995698323914,19.39503150008011,18.296952204947864,19.0,19.0
2017-07-10,7,19.0,20.0349171023236,19.476865007666373,19.807995698323914,19.39503150008011,18.24815823975396,19.0,19.0
2017-07-10,8,18.0,21.14456976158811,20.978548745870068,20.66728869877641,19.98869585795282,21.778430991136098,19.0,18.0
2017-07-10,9,20.0,21.139628203231837,20.891628710708854,20.65570051134239,20.215005955583553,21.87888850228561,20.0,17.0
2017-07-10,10,22.0,22.006826950950924,22.04671044559166,21.950129821730407,20.96420720076356,22.082356928474923,22.0,17.0
2017-07-10,11,23.0,23.019750866551686,23.03731088232637,22.82909083103008,21.97095963018889,22.2288748783699,23.0,16.0
2017-07-10,12,23.0,22.34840639120657,22.406079642451093,22.291875552961603,21.22774930546657,22.181391071685074,22.0,17.0
2017-07-10,13,22.0,23.127689271343183,23.158455108745827,22.962363202737766,22.01007404648,22.351964535061548,23.0,17.0
2017-07-10,14,23.0,22.030502765554942,22.061268602957586,21.977559113940007,20.9521135328957,22.254478018819917,21.0,17.0
2017-07-10,15,23.0,23.127689271343183,23.158455108745827,22.98155221396396,22.021091872332214,22.538109727913024,23.0,17.0
2017-07-10,16,24.0,23.135703094414623,23.181542615516904,22.98155221396396,22.021091872332214,22.635696790270753,23.0,17.0
2017-07-10,17,24.0,22.436974790325518,22.4828143114278,22.376017315639142,21.261336208658097,22.63470320379112,22.0,17.0
2017-07-10,18,20.0,19.847972497561003,19.599322601539846,20.074901437623485,18.981762567773952,18.89029744231762,19.0,17.0
2017-07-10,19,19.0,19.95711814299718,19.752143813216243,20.146573868552004,19.14983872724074,19.049829632507986,20.0,17.0
2017-07-10,20,19.0,18.595799783776968,18.719149701903387,18.825911843585033,17.496733572836682,18.90910841675943,18.0,17.0
2017-07-10,21,19.0,19.67014266815552,19.485655635944056,19.86121444765541,18.843561441795707,19.01291710030522,19.0,18.0
2017-07-10,22,21.0,19.775018672110047,19.6300038143441,20.005587926262944,18.9443783802408,18.99990156546778,19.0,19.0
2017-07-10,23,19.0,19.775018672110047,19.6300038143441,19.98639891503675,18.933360554388585,18.977935143912685,19.0,19.0
2017-07-11,0,18.0,19.536568152588735,19.28137399989501,19.533335124487447,19.869019653314844,19.46843604833478,20.0,19.0
2017-07-11,1,20.0,19.337794967271577,19.13059801532264,19.383022588188147,19.69247669750434,19.300069137478896,19.0,20.0
2017-07-11,2,18.0,19.205691866528326,18.968857602500368,19.238649109580614,19.591659759059247,19.25422730062789,19.0,18.0
2017-07-11,3,19.0,19.310567870482853,19.11320578090041,19.383022588188147,19.69247669750434,19.16009592626577,19.0,19.0
2017-07-11,4,19.0,19.456013576541228,19.23069319228527,19.491602022924823,19.839314300377854,19.172516166501726,20.0,19.0
2017-07-11,5,19.0,19.41127308688841,19.210500487083674,19.47038608787428,19.749171573612298,19.00320459185048,19.0,19.0
2017-07-11,6,20.0,19.485133905699143,19.28513190476902,19.601595442232657,19.83575928906819,18.93849606407634,19.0,19.0
2017-07-11,7,20.0,19.485133905699143,19.28513190476902,19.601595442232657,19.83575928906819,18.889858817940997,19.0,19.0
2017-07-11,8,19.0,20.085084664592866,20.203826724335496,19.875867638821585,19.518027280414167,22.21281865930427,17.0,18.0
2017-07-11,9,21.0,20.264589704013055,20.408558527955957,20.18004851753523,19.6911804380188,22.27256718282629,18.0,20.0
2017-07-11,10,23.0,21.42236071263798,21.67270678702322,21.484701169527558,21.178609022641737,22.262305619551967,18.0,22.0
2017-07-11,11,23.0,21.77815722999113,22.003212284622094,21.797584278043363,21.521012660380375,22.195250299041874,17.0,23.0
2017-07-11,12,23.0,21.77815722999113,22.01871796241715,21.865903898299702,21.537557999332172,22.349826134531753,18.0,23.0
2017-07-11,13,23.0,21.711920266971998,21.926235129200272,21.804695108521003,21.368846461572584,22.348347361287598,17.0,22.0
2017-07-11,14,23.0,21.8201540923128,22.05240850029023,21.950045660977242,21.560127076671485,22.425212756779654,17.0,23.0
2017-07-11,15,23.0,21.8201540923128,22.05240850029023,21.950045660977242,21.560127076671485,22.522741083095976,17.0,23.0
2017-07-11,16,24.0,22.00000268076996,22.247330772447025,22.12188042636296,21.874740304237516,22.60724576451306,17.0,24.0
2017-07-11,17,24.0,22.00000268076996,22.247330772447025,22.12188042636296,21.874740304237516,22.7002396247631,17.0,24.0
2017-07-11,18,21.0,18.457838021171543,18.705490515109908,18.77225126295972,18.516373873317438,19.312544152470394,17.0,20.0
2017-07-11,19,19.0,18.43061092438282,18.68809828068768,18.77225126295972,18.516373873317438,19.48573292694562,18.0,19.0
2017-07-11,20,19.0,18.422589581363344,18.66151008010675,18.6630994090373,18.489564923704876,19.531608173563896,18.0,19.0
2017-07-11,21,21.0,18.414575758291903,18.638422573335674,18.6630994090373,18.46220093109985,19.554971268351494,18.0,19.0
2017-07-11,22,21.0,19.617440934942028,19.517410369031772,19.801562054483338,19.94893051021832,19.620717843248585,19.0,21.0
2017-07-11,23,19.0,19.64237817180027,19.580837225823817,19.81014341853098,20.017700544195804,19.718796722399727,20.0,19.0
2017-07-12,0,20.0,19.483409960229366,19.601216016824054,19.64367752803366,20.13091644533816,19.177849736346193,19.0,18.0
2017-07-12,1,19.0,19.53495848492511,19.725257308580066,19.74631790507857,20.209164306443938,19.08826384523112,19.0,20.0
2017-07-12,2,19.0,19.548301090240233,19.69398599368613,19.71052386120771,20.262321246470037,19.13507995793821,20.0,18.0
2017-07-12,3,19.0,19.507731388136385,19.707865074157837,19.74631790507857,20.209164306443938,18.946673510645194,19.0,19.0
2017-07-12,4,20.0,19.65317709419476,19.825352485542695,19.854897339815246,20.356001909317452,18.95852047840838,20.0,19.0
2017-07-12,5,19.0,19.608436604541943,19.8051597803411,19.833681404764704,20.265859182551896,18.788848529615304,19.0,19.0
2017-07-12,6,21.0,19.701503177121925,19.897183432448674,19.924831521070825,20.352446898007788,18.710203781589062,19.0,20.0
2017-07-12,7,20.0,19.8469488831803,20.02765253037701,20.0334109558075,20.50642077647898,18.755217422061232,20.0,20.0
2017-07-12,8,20.0,20.72909675303554,21.08057252375124,20.80642187978661,21.012554586677066,22.15581741302828,19.0,19.0
2017-07-12,9,21.0,21.037966658566287,21.321943183941166,21.10584996309438,21.53558448880343,22.309667178721902,21.0,21.0
2017-07-12,10,24.0,22.988578844383056,23.434404942567205,23.186043412900684,23.66328821378066,22.487208658077314,23.0,23.0
2017-07-12,11,24.0,22.728861113926737,23.176439356393093,22.910452083832077,23.30030161430439,22.434836661051385,22.0,23.0
2017-07-12,12,24.0,22.728861113926737,23.191945034188148,22.978771704088416,23.31684695325619,22.49681817345703,22.0,23.0
2017-07-12,13,24.0,22.515833492229635,22.952009998649167,22.750142257795154,23.084475064466695,22.48245974348405,21.0,23.0
2017-07-12,14,24.0,23.35843313001771,23.79460963643724,23.61193090680942,23.960417221675197,22.761064401857936,23.0,23.0
2017-07-12,15,24.0,23.35843313001771,23.79460963643724,23.61193090680942,23.960417221675197,22.859339831406324,23.0,23.0
2017-07-12,16,24.0,23.56673169573383,24.017981885852997,23.8122156494541,24.137662655696715,22.944417785296178,23.0,24.0
2017-07-12,17,24.0,23.017714255690365,23.468964445809533,23.263198209410636,23.648917302200797,22.944244049989212,22.0,24.0
2017-07-12,18,20.0,20.07020351813883,20.378557839561385,20.469415539939074,20.796144822520283,19.372050446100978,20.0,21.0
2017-07-12,19,20.0,19.9133949883165,20.289163484677033,20.30699751284244,20.659357687048534,19.46540163731212,20.0,19.0
2017-07-12,20,19.0,19.847555512525243,20.19858402585232,20.192627746647595,20.572769971592642,19.51091650978856,20.0,19.0
2017-07-12,21,21.0,20.23052271993652,20.537089673609856,20.567997579165667,20.973327005872576,19.599607695115377,21.0,21.0
2017-07-12,22,20.0,19.81460445259556,20.112069662289198,20.16485737137376,20.46561811915792,19.41164986437075,19.0,21.0
2017-07-12,23,19.0,19.839541689453803,20.175496519081243,20.173438735421403,20.534388153135403,19.508858723381152,20.0,19.0
2017-07-13,0,19.0,19.389986058571303,19.539152840083002,19.68626665902094,19.971903315391412,19.41180741428367,19.0,20.0
2017-07-13,1,19.0,19.427650091793446,19.61453058252285,19.753112992194993,20.10330811652329,19.454411804219262,20.0,19.0
2017-07-13,2,20.0,19.28220438573507,19.484061484594513,19.644533557458317,19.9493342380521,19.283957060923136,19.0,19.0
2017-07-13,3,19.0,19.28220438573507,19.484061484594513,19.644533557458317,19.9493342380521,19.200669254556992,19.0,19.0
2017-07-13,4,19.0,19.309431482523795,19.48847203247326,19.644533557458317,19.942197962454422,19.10346946367143,19.0,20.0
2017-07-13,5,19.0,19.528355308199004,19.711825288706113,19.840476491881127,20.16000299263125,19.133594644547497,20.0,19.0
2017-07-13,6,19.0,19.56925754713202,19.745381963347473,19.92620721482623,20.20515454717037,18.94724294567569,19.0,21.0
2017-07-13,7,20.0,19.47597617472061,19.67337984288535,19.823047173450572,20.09261682961595,18.912907597595755,19.0,20.0
2017-07-13,8,20.0,20.64157174087454,20.939262965604716,20.704637532166355,20.752724518285227,22.345955990135426,19.0,20.0
2017-07-13,9,21.0,20.92321454961656,21.18063362579464,21.004065615474126,21.27575442041159,22.515324544778956,21.0,21.0
2017-07-13,10,22.0,22.982176478723392,23.405895380226124,23.153701189298317,23.485793692046506,22.681275352906333,23.0,24.0
2017-07-13,11,23.0,23.271476188310537,23.696947234095475,23.427127300273174,23.73279045779772,22.725019635497937,23.0,24.0
2017-07-13,12,22.0,23.271476188310537,23.71245291189053,23.495446920529513,23.749335796749516,22.78977874658202,23.0,24.0
2017-07-13,13,22.0,23.352030764358044,23.76610007409616,23.56039967198086,23.77190487408883,22.87172588498631,23.0,24.0
2017-07-13,14,23.0,23.352030764358044,23.76610007409616,23.579588683207053,23.602389812039732,22.965862913881228,23.0,24.0
2017-07-13,15,23.0,22.80301332431458,23.217082634052694,23.03057124316359,22.94062198024215,22.972833005846166,22.0,24.0
2017-07-13,16,23.0,23.360044587429485,23.789187580867235,23.579588683207053,23.429367333738067,23.16695771838476,23.0,24.0
2017-07-13,17,24.0,23.360044587429485,23.789187580867235,23.579588683207053,23.429367333738067,23.26138406584858,23.0,24.0
2017-07-13,18,20.0,19.751395143326107,20.082752129535937,20.264471150943162,20.070221670371048,19.658179851262993,20.0,20.0
2017-07-13,19,19.0,19.569649376645536,19.92993091785954,20.074282748572692,19.8536466750696,19.63001078828514,19.0,20.0
2017-07-13,20,18.0,19.476582804065554,19.8219592246126,19.959912982377848,19.76705895961371,19.68826685103306,19.0,19.0
2017-07-13,21,18.0,19.73452315625262,20.04108728440227,20.194003440403,20.044558261947223,19.77525255075339,20.0,21.0
2017-07-13,22,19.0,19.641241783841213,19.969085163940147,20.090843399027342,19.932020544392802,19.785941330634465,20.0,20.0
2017-07-13,23,19.0,19.468568980994114,19.79887171784152,19.940723971151655,19.72867714115647,19.679692636985074,19.0,19.0
2017-07-14,0,19.0,19.484379085394956,19.640018256192736,19.730485064598067,20.12515330409432,19.091632130702706,20.0,19.0
2017-07-14,1,19.0,19.624354600823057,19.81015032115836,19.896608192401576,20.321562910910366,19.1224072163509,21.0,19.0
2017-07-14,2,19.0,19.285605900077798,19.489242271620366,19.580172528298768,19.948610348283815,18.84645999281159,19.0,20.0
2017-07-14,3,20.0,19.403824509347448,19.602319135126475,19.688751963035443,20.102584226755006,18.872101053855836,20.0,19.0
2017-07-14,4,18.0,19.403824509347448,19.589337448582995,19.688751963035443,20.093345082328664,18.789932770318334,20.0,19.0
2017-07-14,5,19.0,19.504529725753006,19.699613841309738,19.776115462721577,20.1571762340343,18.713482473203534,20.0,19.0
2017-07-14,6,20.0,19.55059641799453,19.754287177416305,19.821392613046257,20.24376394949019,18.648546549148342,20.0,19.0
2017-07-14,7,20.0,19.43237780872488,19.641210313910197,19.71281317830958,20.089790071019,18.492795426251792,19.0,20.0
2017-07-14,8,19.0,20.5456298778456,20.75978977624793,20.37428356503493,20.90387163815947,22.05313340619229,20.0,20.0
2017-07-14,9,21.0,20.87961618362083,21.148464096819488,20.815973797341616,21.23063368116307,22.127755787132354,21.0,21.0
2017-07-14,10,22.0,22.048861847326584,22.42009584054737,22.090145647247617,22.462163538450085,22.226217637879607,22.0,22.0
2017-07-14,11,21.0,22.93788997257612,23.386338505550142,23.038750739495985,23.51042428452768,22.347827794027552,23.0,23.0
2017-07-14,12,22.0,22.28063870719185,22.71114769441672,22.363571758222474,22.709160304201298,22.330888239700197,22.0,22.0
2017-07-14,13,22.0,23.186418499812866,23.531746595597372,23.172254310962376,23.580629483869235,22.597907318446133,24.0,22.0
2017-07-14,14,21.0,22.469427108580163,22.890968227712307,22.531466401015145,22.753494934590414,22.489326311800887,22.0,23.0
2017-07-14,15,21.0,23.018444548623627,23.43998566775577,23.08048384105861,23.19045582151623,22.68176474879536,23.0,23.0
2017-07-14,16,21.0,22.99135753473268,23.39557319612237,23.08048384105861,23.19045582151623,22.78114328763049,23.0,23.0
2017-07-14,17,21.0,23.417446055067543,23.763388238858752,23.44830745689706,23.558195069381398,22.95451850639833,24.0,24.0
2017-07-14,18,19.0,19.853465394556565,20.181934041639156,20.266994281123026,20.34097175837648,19.316525680628416,21.0,20.0
2017-07-14,19,18.0,19.374019969804685,19.73952179589627,19.804596087610143,19.809013453744495,19.208903149726087,19.0,19.0
2017-07-14,20,18.0,19.11153697982497,19.442797573388518,19.683224764641945,19.405749796532938,19.174397037826562,18.0,18.0
2017-07-14,21,18.0,19.250164287499583,19.56896471188369,19.61494545867793,19.58855759480537,19.29022754823837,19.0,18.0
2017-07-14,22,19.0,19.35504029145411,19.713312890283735,19.759318937285464,19.722425738288603,19.274877315800737,19.0,19.0
2017-07-14,23,19.0,19.500485997512484,19.86613410196013,19.89024935393496,19.903733489820507,19.343720051004663,20.0,19.0
2017-07-15,0,19.0,18.671376833135266,18.930311455762943,18.960653454173425,19.355982954819638,17.545018482712248,19.0,19.0
2017-07-15,1,20.0,18.79436748222079,19.04093745788632,19.085599359485645,19.520720196761115,17.579434790157386,20.0,19.0
2017-07-15,2,19.0,18.648921776162414,18.91046835995798,18.97701992474897,19.366746318289923,17.41422191820922,19.0,19.0
2017-07-15,3,19.0,18.67614887295114,18.92786059438021,18.97701992474897,19.366746318289923,17.32162210547283,19.0,20.0
2017-07-15,4,18.0,18.544045772207888,18.753138495014458,18.832646446141435,19.223639030380347,17.269316191265972,19.0,18.0
2017-07-15,5,19.0,18.749626992567972,19.007763066141244,19.064383424435103,19.421338325569216,17.180458049960894,19.0,19.0
2017-07-15,6,19.0,18.968366487656596,19.199657575156817,19.21824000949646,19.635090969883738,17.19571616820495,20.0,20.0
2017-07-15,7,19.0,17.939533809476202,18.177495834236122,18.242666548306264,18.76103423739016,16.959771003009152,18.0,20.0
2017-07-15,8,17.0,17.590407935944796,17.787499601805113,17.84427275605045,18.43755194162071,16.94418054804117,18.0,19.0
2017-07-15,9,17.0,17.27827890384207,17.49356926334621,17.50871774257736,18.057281789185954,16.90922589329518,18.0,21.0
2017-07-15,10,18.0,17.167362094431052,17.491013676246286,17.50871774257736,18.001382180824884,16.817718102039716,17.0,22.0
2017-07-15,11,16.0,17.186736209229352,17.49356926334621,17.50871774257736,18.057281789185954,16.87003381662679,17.0,21.0
2017-07-15,12,17.0,17.167362094431052,17.491013676246286,17.50871774257736,18.001382180824884,16.821826433815648,16.0,22.0
2017-07-15,13,16.0,17.151259437678068,17.4909001477187,17.492351272001816,17.990618817354598,16.991676321065807,17.0,22.0
2017-07-15,14,17.0,17.170633552476367,17.493455734818625,17.492351272001816,18.046518425715668,17.094384781956194,17.0,21.0
2017-07-15,15,16.0,17.170633552476367,17.493455734818625,17.492351272001816,18.046518425715668,17.190381546646783,17.0,21.0
2017-07-15,16,17.0,17.14354653858542,17.449043263185224,17.492351272001816,18.046518425715668,17.287524322838117,17.0,21.0
2017-07-15,17,16.0,17.725390674082075,18.03088739868188,18.074195407498472,18.648835344945436,17.3797794160974,17.0,21.0
2017-07-15,18,17.0,17.676869131025267,17.94149304379753,18.04909984581203,18.616939334442968,17.489072826193226,17.0,19.0
2017-07-15,19,17.0,17.686182859742175,17.91133459806892,18.01891609987593,18.640019312410608,17.568985610632406,17.0,18.0
2017-07-15,20,17.0,17.686182859742175,17.91133459806892,18.01891609987593,18.640019312410608,17.709127593940273,18.0,18.0
2017-07-15,21,18.0,17.713269873633124,17.95574706970232,18.01891609987593,18.640019312410608,17.733665897297044,18.0,18.0
2017-07-15,22,19.0,18.579834138522546,18.853521606090826,18.87081672194087,19.28826124847424,17.81475733716329,19.0,19.0
2017-07-15,23,19.0,18.579834138522546,18.853521606090826,18.87081672194087,19.277243422622025,17.793465181217265,19.0,19.0
2017-07-16,0,19.0,19.11594048851331,18.78221520933133,18.94746246578232,19.08675469197735,17.456962055608233,19.0,19.0
2017-07-16,1,18.0,19.136804107398262,18.792676569643294,18.993803193810212,19.138061392519806,17.366624580648818,19.0,20.0
2017-07-16,2,19.0,19.093485431540458,18.762372113526368,18.963828936357864,19.097518055447637,17.292527106118115,19.0,19.0
2017-07-16,3,19.0,19.093485431540458,18.762372113526368,18.963828936357864,19.097518055447637,17.199807121447172,19.0,19.0
2017-07-16,4,19.0,18.98860942758593,18.605042248582844,18.81945545775033,18.95441076753806,17.12299637227976,19.0,18.0
2017-07-16,5,19.0,19.194190647946016,18.85966681970963,19.051192436043998,19.15211006272693,17.027417253229515,19.0,19.0
2017-07-16,6,19.0,19.268656895563986,18.93055762829592,19.13132272278504,19.21188882857026,16.96066830477135,19.0,19.0
2017-07-16,7,18.0,19.15446716289255,18.816367895624484,19.017132990113605,19.054940707119385,16.914071479320032,19.0,19.0
2017-07-16,8,17.0,17.95849514274476,17.521912808894736,17.721561425468174,18.03445553529519,16.82548733574181,18.0,17.0
2017-07-16,9,17.0,17.597844567585227,17.13858811555148,17.360910850308642,17.657085969572115,16.73532284960096,17.0,17.0
2017-07-16,10,16.0,17.506301872972507,17.13858811555148,17.360910850308642,17.657085969572115,16.75127650332231,17.0,18.0
2017-07-16,11,17.0,17.5615468826302,17.119972311520932,17.360910850308642,17.657085969572115,16.74010342717876,16.0,16.0
2017-07-16,12,16.0,17.58893071137419,17.125052711862125,17.360910850308642,17.657085969572115,16.896364493127585,17.0,17.0
2017-07-16,13,17.0,17.572828054621205,17.12493918333454,17.344544379733097,17.64632260610183,17.003912223384628,17.0,16.0
2017-07-16,14,17.0,17.572828054621205,17.12493918333454,17.344544379733097,17.64632260610183,17.095219953212958,17.0,17.0
2017-07-16,15,16.0,17.572828054621205,17.12493918333454,17.344544379733097,17.64632260610183,17.21896349652495,17.0,16.0
2017-07-16,16,17.0,17.572828054621205,17.12493918333454,17.344544379733097,17.64632260610183,17.31298450098999,17.0,17.0
2017-07-16,17,16.0,18.127585176226912,17.662370847197796,17.926388515229753,18.213842928117447,17.42577387533786,17.0,16.0
2017-07-16,18,17.0,18.127585176226912,17.763156278888307,18.027174172293762,18.213842928117447,17.49591977575023,17.0,17.0
2017-07-16,19,17.0,18.241774908898346,17.87734601155974,18.141363904965196,18.37079104956832,17.55972685649918,17.0,17.0
2017-07-16,20,17.0,18.268861922789295,17.92175848319314,18.141363904965196,18.37079104956832,17.59961989236304,17.0,17.0
2017-07-16,21,17.0,18.268861922789295,17.92175848319314,18.141363904965196,18.37079104956832,17.693181330458096,18.0,18.0
2017-07-16,22,19.0,19.135426187678718,18.819533019581648,18.993264527030135,19.019032985631952,17.76033929504636,19.0,19.0
2017-07-16,23,19.0,19.135426187678718,18.819533019581648,18.993264527030135,19.008015159779738,17.72282126347555,19.0,19.0
2017-07-17,0,19.0,19.86424487747019,19.74002367078776,19.98770492624751,19.718310231643027,19.27934036597123,19.0,19.0
2017-07-17,1,19.0,19.82426000352653,19.688445469249793,19.910177780814028,19.748898094329814,19.30604942229325,20.0,18.0
2017-07-17,2,18.0,19.71070772136485,19.640526507192273,20.0142511306489,19.44783083110745,19.013441313058777,18.0,19.0
2017-07-17,3,19.0,19.78369030142268,19.7023245497215,19.945971824684886,19.695741154303715,19.010962043865593,19.0,19.0
2017-07-17,4,19.0,19.78369030142268,19.68934286317802,19.945971824684886,19.688604878706037,18.917815592474575,19.0,19.0
2017-07-17,5,19.0,19.88439551782824,19.799619255904762,20.03333532437102,19.752436030411673,18.834464130543694,19.0,19.0
2017-07-17,6,19.0,19.97863454899594,20.029306340712278,20.159338577093504,19.976757854205974,18.76717434768735,19.0,19.0
2017-07-17,7,20.0,19.873758545041415,19.884958162312234,20.01496509848597,19.875940915760882,18.734931659977633,19.0,18.0
2017-07-17,8,20.0,21.467644771970633,21.753321332160272,21.65926880406107,21.016196462374346,21.81777524904354,18.0,17.0
2017-07-17,9,21.0,20.841880709802126,21.029097346468756,21.007043390111978,20.79673230970942,22.010717070879377,20.0,17.0
2017-07-17,10,21.0,22.095292853890808,22.381333496603197,22.301472700499996,21.997220178324447,22.24464052490632,22.0,16.0
2017-07-17,11,20.0,23.13856587722475,23.425745949003332,23.273627115563958,23.003972607749777,22.382911566749424,23.0,17.0
2017-07-17,12,22.0,23.16594970596874,23.49324301321716,23.341946735820297,23.020517946701574,22.4773793147905,23.0,16.0
2017-07-17,13,20.0,22.54777597792714,22.848161871333684,22.70817118318254,22.28333136036677,22.467880513766108,22.0,17.0
2017-07-17,14,22.0,23.246504282016247,23.54689017542279,23.426088498497837,23.0541048498931,22.670357605255948,23.0,17.0
2017-07-17,15,21.0,23.246504282016247,23.54689017542279,23.426088498497837,23.0541048498931,22.79738840278902,23.0,16.0
2017-07-17,16,21.0,23.704973441992298,23.947085857800356,23.82628189307766,23.44441328829378,22.987459775833074,24.0,17.0
2017-07-17,17,21.0,23.712987265063738,23.970173364571433,23.82628189307766,23.44441328829378,23.101834796405008,24.0,16.0
2017-07-17,18,20.0,20.323349046661313,20.501739561513784,20.55717473304257,20.207101122718957,19.61475426265672,20.0,17.0
2017-07-17,19,21.0,20.141603279980743,20.348918349837387,20.3669863306721,19.99052612741751,19.584492539308656,19.0,17.0
2017-07-17,20,21.0,20.067749981118045,20.235251384241597,20.252616564477254,19.90393841196162,19.62279992894846,19.0,17.0
2017-07-17,21,21.0,20.067749981118045,20.235251384241597,20.252616564477254,19.876574419356594,19.63412430180792,19.0,17.0
2017-07-17,22,20.0,20.615771349202255,20.8046195739623,20.800130250876695,20.485100244516342,19.77770967853052,21.0,19.0
2017-07-17,23,20.0,20.17262598507257,20.37959956264164,20.377801031858596,19.966373531949472,19.549307618942784,19.0,19.0
2017-07-18,0,19.0,20.027197834398965,19.95957172438862,20.180792093930776,19.82980910538894,19.295037918788665,18.0,19.0
2017-07-18,1,20.0,20.203629258193498,20.13409636811247,20.179359121140813,20.209124229717084,19.413459000463714,20.0,19.0
2017-07-18,2,19.0,19.880324968122768,19.797481049254863,19.975076579808533,19.706423089604534,19.15965725672459,18.0,18.0
2017-07-18,3,19.0,20.058183552135123,20.003627270184133,20.070779686404137,20.055150351245892,19.15296496071999,19.0,19.0
2017-07-18,4,19.0,20.058183552135123,19.990645583640653,20.070779686404137,20.048014075648215,19.06718506060405,19.0,19.0
2017-07-18,5,19.0,20.15888876854068,20.100921976367395,20.15814318609027,20.11184522735385,18.98846440639571,19.0,19.0
2017-07-18,6,21.0,20.39857350576676,20.46107815910325,20.39272587354943,20.490140929619344,19.01628207551469,20.0,19.0
2017-07-18,7,20.0,20.425800602555483,20.46107815910325,20.39272587354943,20.490140929619344,18.95483329884164,20.0,20.0
2017-07-18,8,20.0,21.25341861961409,21.36051545255618,21.165736797528538,20.99627473981743,22.228022072785603,19.0,20.0
2017-07-18,9,21.0,21.535061428356112,21.601886112746104,21.46516488083631,21.519304641943794,22.39978404000294,21.0,21.0
2017-07-18,10,20.0,23.161795781103763,23.30067120253772,23.04553753701467,23.159752551632486,22.61029391415445,23.0,21.0
2017-07-18,11,21.0,23.3578141182795,23.47126354708782,23.215803606613868,23.32900819704343,22.671483834177067,23.0,20.0
2017-07-18,12,22.0,23.693731022421314,23.85923867152613,23.569544651691874,23.6243599691613,22.712514313190262,23.0,22.0
2017-07-18,13,21.0,23.465752523070996,23.592407773507276,23.349075978321554,23.36812261333454,22.825986032897355,23.0,20.0
2017-07-18,14,21.0,23.774285598468822,23.912885833731757,23.653686414369414,23.657946872352827,22.896128789193014,23.0,22.0
2017-07-18,15,21.0,23.559033895482404,23.71286728282653,23.471425030923406,23.456881559527023,23.013559310194072,23.0,21.0
2017-07-18,16,22.0,24.025516878529896,24.1261652451134,23.87161842550323,23.847189997927703,23.210077435306477,24.0,21.0
2017-07-18,17,19.0,24.025516878529896,24.1261652451134,23.87161842550323,23.847189997927703,23.306008344812447,24.0,21.0
2017-07-18,18,20.0,20.9451729497419,21.054186307026757,20.997780207447757,20.982710567436765,19.729713609229325,21.0,20.0
2017-07-18,19,20.0,20.58623599419015,20.701168416168223,20.638542055310534,20.5632899803592,19.59369009511549,19.0,21.0
2017-07-18,20,20.0,20.520396518398893,20.61058895734351,20.52417228911569,20.47670226490331,19.636628292477837,19.0,21.0
2017-07-18,21,19.0,20.928300962668413,21.022506688754866,20.927312496907597,20.95704715901294,19.842375156010043,21.0,21.0
2017-07-18,22,19.0,20.835019590257005,20.950504568292743,20.824152455531937,20.84450944145852,19.849944779897253,21.0,20.0
2017-07-18,23,19.0,20.419101322916045,20.525484556972085,20.401823236513838,20.32578272889165,19.63272247911802,19.0,20.0
2017-07-19,0,19.0,19.733731670242268,19.93694363018957,19.95822222152621,20.409586403250998,19.407826522070582,20.0,19.0
2017-07-19,1,19.0,19.53495848492511,19.768775411194973,19.80790968522691,20.233043447440494,19.23630855389042,19.0,20.0
2017-07-19,2,19.0,19.507731388136385,19.768775411194973,19.80790968522691,20.233043447440494,19.173717095720995,19.0,19.0
2017-07-19,3,19.0,19.507731388136385,19.768775411194973,19.80790968522691,20.233043447440494,19.09087755129409,19.0,19.0
2017-07-19,4,19.0,19.65317709419476,19.88626282257983,19.916489119963586,20.379881050314008,19.101362996934448,20.0,19.0
2017-07-19,5,19.0,19.608436604541943,19.866070117378236,19.895273184913044,20.289738323548452,18.930835159554523,19.0,19.0
2017-07-19,6,19.0,20.133533250278592,20.351003939485928,20.406019006697633,20.861816319185316,19.02514111992442,21.0,21.0
2017-07-19,7,20.0,19.8469488831803,20.07117063299192,20.09500273595584,20.530299917475535,18.89720405200045,20.0,20.0
2017-07-19,8,19.0,20.703980352791056,21.11629654497741,20.696618072394816,21.190407606144813,22.33978513659715,20.0,20.0
2017-07-19,9,20.0,21.037966658566287,21.410860701962996,21.16744174324272,21.559463629799986,22.415281758058185,21.0,21.0
2017-07-19,10,21.0,22.93834610426586,23.483492128398897,22.951654346860956,23.512478857549088,22.72956548731885,24.0,20.0
2017-07-19,11,20.0,23.320927186264413,23.800893328001532,23.32824049921147,23.83721674364057,22.75897445448259,24.0,21.0
2017-07-19,12,21.0,23.44585250515944,23.921640920095044,23.55196527744683,23.92695369326998,22.80936007425449,24.0,22.0
2017-07-19,13,22.0,23.40148176231192,23.870046168002215,23.461512870919158,23.87633115993168,22.90456032803344,24.0,21.0
2017-07-19,14,21.0,23.40148176231192,23.870046168002215,23.48070188214535,23.887348985783895,22.998175344843915,24.0,21.0
2017-07-19,15,22.0,23.40148176231192,23.870046168002215,23.48070188214535,23.887348985783895,23.09822514456845,24.0,21.0
2017-07-19,16,22.0,23.534420904278388,23.99837558907175,23.63610704012437,23.960540596461506,23.184664620581128,24.0,22.0
2017-07-19,17,21.0,23.316214212971953,23.86678432904001,23.37754184076969,23.809607865443624,23.320314653590117,24.0,19.0
2017-07-19,18,20.0,19.97692214572742,20.35007382171417,20.427847278711756,20.707486245962418,19.544693285901243,20.0,20.0
2017-07-19,19,20.0,19.940622085105225,20.35007382171417,20.36858929299078,20.68323682804509,19.61012594276743,20.0,20.0
2017-07-19,20,19.0,19.729336903255593,20.10667315121306,20.12328911014644,20.40432353520508,19.56125695695819,19.0,20.0
2017-07-19,21,20.0,20.137241347525112,20.50860565576264,20.526429317938348,20.88466842931471,19.783554499891284,21.0,19.0
2017-07-19,22,20.0,19.839541689453803,20.23640685611838,20.254219526795936,20.569285119984173,19.687350268669338,20.0,19.0
2017-07-19,23,19.0,19.694095983395428,20.083585644441982,20.10410009892025,20.36594171674784,19.56781028376097,19.0,19.0
2017-07-20,0,19.0,19.2832678117679,19.21181523900381,19.486347469899112,19.618524360569744,19.249163433567542,19.0,19.0
2017-07-20,1,18.0,19.202713235720392,19.174116117937547,19.444614368336488,19.59595528323043,19.187857701769534,19.0,19.0
2017-07-20,2,19.0,19.348158941778767,19.304585215865885,19.553193803073164,19.749929161701623,19.207656221888296,20.0,19.0
2017-07-20,3,19.0,19.202713235720392,19.174116117937547,19.444614368336488,19.59595528323043,19.033586050201148,19.0,19.0
2017-07-20,4,19.0,19.202713235720392,19.161134431394068,19.444614368336488,19.588819007632754,18.952306338996436,19.0,19.0
2017-07-20,5,18.0,19.30341845212595,19.27141082412081,19.531977868022622,19.65265015933839,18.876414621801477,19.0,19.0
2017-07-20,6,19.0,19.377279270936683,19.346042241806156,19.663187222380998,19.73923787479428,18.811669218954734,19.0,19.0
2017-07-20,7,20.0,19.549952073783782,19.476511339734493,19.771766657117674,19.893211753265472,18.842783514247404,20.0,20.0
2017-07-20,8,19.0,20.379756446605814,20.521637251719984,20.37338199355665,20.55331944193475,22.34803294897983,20.0,19.0
2017-07-20,9,20.0,20.64768847675836,20.789852062972287,20.741045623028892,20.844634345249652,22.421766757587104,21.0,20.0
2017-07-20,10,20.0,21.577433203215595,21.816258194408082,21.786405266818903,21.8030677116045,22.519070598324657,22.0,21.0
2017-07-20,11,21.0,22.472179844480436,22.779689006633255,22.50165098441782,22.732079020689557,22.666958829941304,23.0,20.0
2017-07-20,12,21.0,21.86673291280274,22.12281572607249,22.1281509980501,22.06660981630751,22.62094551667447,22.0,21.0
2017-07-20,13,21.0,22.404185055236923,22.613677050068222,22.587287749207825,22.489516480867,22.685648200426684,22.0,22.0
2017-07-20,14,21.0,22.64601579293935,22.87519119236722,22.75727240872736,22.85995238317315,22.88392917834664,23.0,21.0
2017-07-20,15,22.0,22.953202495280387,23.162694490111686,23.094938950152386,23.110517671946695,22.96786833228916,23.0,22.0
2017-07-20,16,21.0,22.961216318351827,23.185781996882763,23.094938950152386,23.110517671946695,23.0663582987915,23.0,22.0
2017-07-20,17,20.0,23.112498775986843,23.298474381515867,23.157465803307183,23.250260821573832,23.26680154432634,24.0,21.0
2017-07-20,18,19.0,19.679925336330903,19.755414528456743,20.104611199873588,20.070398081752355,19.468465616551697,20.0,20.0
2017-07-20,19,19.0,19.498179569650333,19.602593316780347,19.914422797503118,19.85382308645091,19.44074827321323,19.0,20.0
2017-07-20,20,18.0,18.314734946600883,18.722420417143887,18.72469118918564,18.527601996814965,19.406800741233546,18.0,19.0
2017-07-20,21,20.0,18.333948220318167,18.69933291037281,18.72469118918564,18.50023800420994,19.41617855093589,18.0,20.0
2017-07-20,22,20.0,19.41630492776816,19.488926351184556,19.75999379325602,19.739871378389992,19.509327601550208,19.0,20.0
2017-07-20,23,19.0,19.389077830979435,19.488926351184556,19.740804782029826,19.728853552537778,19.49980420161687,19.0,19.0
2017-07-21,0,19.0,19.39131260218562,19.670311201394913,19.81305982479907,20.066191241116993,18.658622717529457,19.0,19.0
2017-07-21,1,20.0,19.205882022183587,19.488263901928608,19.607344310676826,19.909754020294447,18.61736238022733,19.0,18.0
2017-07-21,2,19.0,19.310758026138114,19.632612080328652,19.771326723236445,20.04362216377768,18.53562701174327,19.0,19.0
2017-07-21,3,19.0,19.45620373219649,19.76308117825699,19.87990615797312,20.197596042248872,18.553599693527815,20.0,19.0
2017-07-21,4,20.0,18.266959032413958,18.849993577305973,18.736024119166068,18.8057674710235,18.289090636681163,18.0,19.0
2017-07-21,5,20.0,19.306587238589145,19.58555860811187,19.69470781036296,19.96434602757374,18.322945689925188,19.0,18.0
2017-07-21,6,20.0,19.610996983863046,19.96260914725203,19.99039556660378,20.37590008262735,18.33873542379927,20.0,19.0
2017-07-21,7,19.0,19.63822408065177,19.96260914725203,19.99039556660378,20.37590008262735,18.275501279027694,20.0,20.0
2017-07-21,8,19.0,20.798358353430828,21.246985610720305,20.714682106132585,20.882033892825437,21.79327394319579,19.0,19.0
2017-07-21,9,20.0,21.013946886550166,21.367896761590977,20.910950148064696,21.30206155083517,21.95670912774617,21.0,20.0
2017-07-21,10,23.0,21.818229983223862,22.310111844927132,21.853149750479048,22.182753796849745,22.062839357753123,22.0,20.0
2017-07-21,11,22.0,21.849706017755928,22.333930846785158,21.90702026654374,22.23551785993721,21.990237658845817,21.0,21.0
2017-07-21,12,23.0,22.143288215500537,22.627513044529767,22.200602464288348,22.490458826066018,22.13886149716762,22.0,21.0
2017-07-21,13,24.0,22.223842791548044,22.681160206735395,22.242335565850972,22.51302790340533,22.211145393110797,22.0,21.0
2017-07-21,14,24.0,21.930260593803435,22.387578008990786,21.948753368106363,22.269104763128738,22.20274974385023,21.0,21.0
2017-07-21,15,24.0,22.38715816019011,22.80447941622175,22.34293736781274,22.669442350348916,22.281701983718726,21.0,22.0
2017-07-21,16,25.0,21.930260593803435,22.369455453765706,21.948753368106363,22.269104763128738,22.390178659808758,21.0,21.0
2017-07-21,17,21.0,21.836979221392028,22.343106108032423,21.87472676527192,22.208396499663678,22.49468843824804,21.0,20.0
2017-07-21,18,19.0,19.470720596295397,19.947843765731996,20.032857026888642,20.318954371001958,18.774131282974416,19.0,19.0
2017-07-21,19,18.0,18.305997135981684,19.114217148255243,18.89301928677261,18.995292813061248,18.74723441000136,18.0,19.0
2017-07-21,20,19.0,18.193099789007682,18.94328076927427,18.803993170550577,18.79749140232216,18.80922034511724,18.0,18.0
2017-07-21,21,19.0,18.352289903641882,19.132041419307715,18.967975583110196,18.931359545805392,18.80861144523189,18.0,20.0
2017-07-21,22,19.0,19.434646611091875,19.92163486011946,20.003278187180573,20.170992919985444,18.90674740992023,19.0,20.0
2017-07-21,23,19.0,19.40741951430315,19.92163486011946,20.003278187180573,20.15997509413323,18.90303139442633,19.0,19.0
2017-07-22,0,20.0,18.591885683120587,18.5373171686669,18.866484215819188,18.999028805322098,17.833768998534214,19.0,19.0
2017-07-22,1,19.0,18.742103428994835,18.665335405212502,18.99143012113141,19.163766047263575,17.85932032969331,20.0,20.0
2017-07-22,2,19.0,18.569430626147735,18.517474072861937,18.882850686394733,19.009792168792384,17.712531867834485,19.0,19.0
2017-07-22,3,20.0,18.569430626147735,18.517474072861937,18.882850686394733,19.009792168792384,17.637705005571455,19.0,19.0
2017-07-22,4,19.0,17.337930441135,17.401713184267706,17.448064068860656,17.669340935817242,17.453469555741165,18.0,20.0
2017-07-22,5,19.0,18.697362939342018,18.632161013467428,18.970214186080867,19.064384176071677,17.473862670430055,19.0,20.0
2017-07-22,6,20.0,18.751450974603017,18.676194190132435,19.015491336405546,19.124162941915007,17.410057581934684,19.0,20.0
2017-07-22,7,18.0,18.61003414514286,18.544612223038772,18.90130160373411,18.967214820464132,17.374330199863994,19.0,19.0
2017-07-22,8,18.0,16.983341394357193,17.007803611892005,17.022844043619543,17.252741670302555,17.155960519203212,17.0,19.0
2017-07-22,9,18.0,16.649917915986386,16.641871152970978,16.66219346846001,16.87537210457948,17.13178082369497,17.0,20.0
2017-07-22,10,17.0,16.56708752538217,16.716308401755615,16.818131648773246,16.937463773666956,17.195742718020398,18.0,23.0
2017-07-22,11,17.0,16.56708752538217,16.716308401755615,16.818131648773246,16.937463773666956,17.056391386463883,16.0,22.0
2017-07-22,12,17.0,16.56708752538217,16.716308401755615,16.818131648773246,16.937463773666956,17.190291615993026,17.0,23.0
2017-07-22,13,17.0,16.550984868629186,16.71619487322803,16.8017651781977,16.92670041019667,17.154323933444708,16.0,24.0
2017-07-22,14,17.0,16.550984868629186,16.71619487322803,16.8017651781977,16.92670041019667,17.33213595394459,17.0,24.0
2017-07-22,15,17.0,16.550984868629186,16.71619487322803,16.8017651781977,16.92670041019667,17.33064510180641,16.0,24.0
2017-07-22,16,17.0,16.8080565170567,16.937585351730636,17.033846107414536,17.094712834896203,17.504464200247483,17.0,25.0
2017-07-22,17,18.0,17.11832413249447,17.251191408768772,17.252766695067564,17.46402507362728,17.556534554229913,16.0,21.0
2017-07-22,18,17.0,17.069802589437664,17.16179705388442,17.227671133381122,17.432129063124812,17.758704474408592,17.0,19.0
2017-07-22,19,17.0,17.079116318154572,17.13163860815581,17.197487387445022,17.455209041092452,17.839268718463757,17.0,18.0
2017-07-22,20,18.0,17.175970979089623,17.275986786555855,17.341860866052556,17.589077184575686,17.873979411681074,17.0,19.0
2017-07-22,21,18.0,17.203057992980572,17.320399258189255,17.341860866052556,17.589077184575686,17.995084028842353,18.0,19.0
2017-07-22,22,19.0,18.500342988507867,18.46052731899478,18.776647483586633,18.9313070989767,18.093948419181956,19.0,19.0
2017-07-22,23,19.0,18.500342988507867,18.46052731899478,18.776647483586633,18.920289273124485,18.07726736998185,19.0,19.0
2017-07-23,0,20.0,18.61911277990931,18.573288773634648,18.888995484908435,19.022907946318654,17.53542076408077,19.0,20.0
2017-07-23,1,19.0,17.310703344346276,17.433274241356706,17.470575337949903,17.70245922124014,17.39981551629203,18.0,19.0
2017-07-23,2,19.0,18.569430626147735,18.553445677829686,18.90536195548398,19.03367130978894,17.42466015322708,19.0,19.0
2017-07-23,3,20.0,18.59665772293646,18.553445677829686,18.90536195548398,19.03367130978894,17.33463784664131,19.0,20.0
2017-07-23,4,19.0,18.569430626147735,18.540463991286206,18.90536195548398,19.024432165362597,17.27049641912208,19.0,19.0
2017-07-23,5,19.0,18.670135842553293,18.65074038401295,18.992725455170113,19.088263317068233,17.196694871949745,19.0,19.0
2017-07-23,6,19.0,18.81110610150413,18.694773560677955,19.038002605494793,19.148042082911562,17.1188490838299,19.0,20.0
2017-07-23,7,19.0,17.26001929404646,17.27203103646849,17.29937562635707,17.466234963585325,17.00363443168485,18.0,18.0
2017-07-23,8,18.0,16.93812051730378,16.89942703845971,16.900981834101255,17.142752667815877,16.879459412885293,17.0,18.0
2017-07-23,9,17.0,16.577469942144248,16.516102345116455,16.540331258941723,16.7653831020928,16.870153574795097,17.0,18.0
2017-07-23,10,18.0,16.485927247531528,16.516102345116455,16.540331258941723,16.7653831020928,16.80369488407586,16.0,17.0
2017-07-23,11,17.0,16.485927247531528,16.516102345116455,16.540331258941723,16.7653831020928,16.932723695532793,17.0,17.0
2017-07-23,12,18.0,16.485927247531528,16.516102345116455,16.540331258941723,16.7653831020928,16.895108535244702,16.0,17.0
2017-07-23,13,18.0,16.469824590778543,16.51598881658887,16.52396478836618,16.754619738622516,17.06173734167449,17.0,17.0
2017-07-23,14,17.0,16.469824590778543,16.51598881658887,16.52396478836618,16.754619738622516,17.147630929735904,17.0,17.0
2017-07-23,15,17.0,16.469824590778543,16.51598881658887,16.52396478836618,16.754619738622516,17.14752221857704,16.0,17.0
2017-07-23,16,17.0,16.442737576887595,16.47157634495547,16.52396478836618,16.754619738622516,17.336215174436155,17.0,17.0
2017-07-23,17,17.0,17.02458171238425,17.053420480452125,17.105808923862835,17.322140060638134,17.31988570386386,16.0,18.0
2017-07-23,18,17.0,17.02458171238425,17.053420480452125,17.105808923862835,17.322140060638134,17.50846971698017,17.0,17.0
2017-07-23,19,17.0,17.138771445055685,17.16761021312356,17.21999865653427,17.479088182089008,17.574993261410857,17.0,17.0
2017-07-23,20,18.0,17.071094975135097,17.16761021312356,17.21999865653427,17.479088182089008,17.609037262465787,17.0,18.0
2017-07-23,21,19.0,17.098181989026045,17.21202268475696,17.21999865653427,17.479088182089008,17.63555335585361,17.0,18.0
2017-07-23,22,19.0,18.500342988507867,18.49649892396253,18.79915875267588,18.955186239973255,17.812750271569307,19.0,19.0
2017-07-23,23,20.0,18.500342988507867,18.49649892396253,18.79915875267588,18.94416841412104,17.794459685108833,19.0,19.0
2017-07-24,0,20.0,20.04977843750689,19.597317740466732,19.840886228209104,19.75455200823816,19.89745006459582,19.0,20.0
2017-07-24,1,19.0,19.94199676467066,19.55961861940047,19.79915312664648,19.731982930898848,19.84162484010593,19.0,19.0
2017-07-24,2,19.0,18.898197770946503,18.78998180292127,18.763850522576103,18.368808895187012,19.666602491070922,18.0,19.0
2017-07-24,3,20.0,19.969223861459383,19.55961861940047,19.79915312664648,19.731982930898848,19.659107059091856,19.0,20.0
2017-07-24,4,19.0,19.94199676467066,19.54663693285699,19.79915312664648,19.72484665530117,19.58652419441111,19.0,19.0
2017-07-24,5,19.0,20.042701981076217,19.656913325583734,19.886516626332615,19.788677807006806,19.5074161380003,19.0,19.0
2017-07-24,6,20.0,20.204617482164508,19.75840237519036,20.052579117107353,19.875265522462698,19.44157370174362,19.0,19.0
2017-07-24,7,21.0,20.350063188222883,19.888871473118698,20.16115855184403,20.02923940093389,19.48759833378965,20.0,19.0
2017-07-24,8,19.0,20.93531867747786,20.54259889461451,20.61840040967547,20.588530151158075,22.85104897417369,20.0,18.0
2017-07-24,9,21.0,21.203250707630406,20.85028588031233,21.02556151380072,20.92638028328448,22.957525846287268,21.0,17.0
2017-07-24,10,21.0,21.45146116217475,21.3596060530186,21.674178918470464,21.10084493973523,22.96796961367215,21.0,18.0
2017-07-24,11,21.0,21.443061213690584,21.33898693279817,21.6358977636499,20.9859231673444,22.936566835647227,20.0,17.0
2017-07-24,12,20.0,22.166602902205018,22.116613172800914,22.414382851400795,21.673609720200634,23.179470227512205,22.0,18.0
2017-07-24,13,21.0,21.55099961848208,21.460131159217628,21.769170135357587,21.02503758363551,23.07926307124548,20.0,18.0
2017-07-24,14,20.0,22.247157478252525,22.170260335006542,22.498524614078335,21.70719662339216,23.37883694862037,22.0,17.0
2017-07-24,15,20.0,21.84869927655339,21.771802133307407,22.1000664123792,21.397973947629765,23.389729332553642,21.0,17.0
2017-07-24,16,20.0,21.85671309962483,21.784904413216708,22.1000664123792,21.397973947629765,23.49333575587544,21.0,17.0
2017-07-24,17,20.0,21.85671309962483,21.784904413216708,22.1000664123792,21.397973947629765,23.589654067583876,21.0,17.0
2017-07-24,18,19.0,20.107873573802593,19.868278227746266,20.34962961599241,19.65432216754066,20.204200912536486,20.0,17.0
2017-07-24,19,18.0,20.369273171251706,20.179949201836045,20.602078896066853,19.991991287765373,20.362442475185752,21.0,17.0
2017-07-24,20,19.0,20.23575722553986,20.089369743011332,20.447649891819754,19.90540357230948,20.391179967002206,21.0,18.0
2017-07-24,21,19.0,20.332619406422946,20.181143467056557,20.55252589577428,19.932321289338045,20.395441319885087,21.0,19.0
2017-07-24,22,19.0,20.034919748351637,19.908944667412296,20.28031610463187,19.616937980007506,20.294866534755574,20.0,19.0
2017-07-24,23,19.0,20.06214684514036,19.908944667412296,20.261127093405676,19.605920154155292,20.249951598379294,20.0,20.0
2017-07-25,0,19.0,19.968847093270796,19.394143668653307,19.810174879053168,19.738924915840208,19.859026101342895,19.0,20.0
2017-07-25,1,18.0,20.00651112649294,19.486913645515383,19.87702121222722,19.870329716972087,19.893927906708036,20.0,19.0
2017-07-25,2,20.0,19.861065420434564,19.356444547587046,19.768441777490544,19.716355838500895,19.71629549725081,19.0,19.0
2017-07-25,3,18.0,19.888292517223288,19.356444547587046,19.768441777490544,19.716355838500895,19.61303078587672,19.0,20.0
2017-07-25,4,19.0,19.861065420434564,19.343462861043566,19.768441777490544,19.70921956290322,19.53872810377767,19.0,19.0
2017-07-25,5,19.0,19.96177063684012,19.45373925377031,19.855805277176678,19.773050714608853,19.458538924941365,19.0,19.0
2017-07-25,6,20.0,20.430006808561284,19.89352858733716,20.338303432054225,20.232590992691296,19.565570374012903,21.0,20.0
2017-07-25,7,20.0,20.329985186285807,19.757699521767396,20.23360724406375,20.126150026090357,19.41109451404387,20.0,21.0
2017-07-25,8,19.0,20.899608210295177,20.449447166545742,20.732062539127067,20.673719997205215,22.74069499748616,20.0,19.0
2017-07-25,9,21.0,21.260821612859132,20.74401132353133,21.20288620997497,21.042776020860387,22.807451776987772,21.0,21.0
2017-07-25,10,21.0,21.57496722545256,21.242654725457346,21.64364738527858,21.410666035614167,22.740422187713435,20.0,21.0
2017-07-25,11,22.0,22.093002478747493,21.741537765358583,22.12492972561957,21.91552406649737,22.884872106164973,21.0,21.0
2017-07-25,12,21.0,22.320687132824684,22.076267681583737,22.38367150224486,22.109269251237702,23.064675074861768,22.0,20.0
2017-07-25,13,22.0,22.20094088353899,21.86268199177804,22.258202097327256,21.95463848278848,23.046983524794253,21.0,21.0
2017-07-25,14,23.0,22.107659511127583,21.836332646044756,22.17423106717779,21.887915188300422,23.162111523193694,21.0,20.0
2017-07-25,15,23.0,22.107659511127583,21.836332646044756,22.17423106717779,21.887915188300422,23.26877318652199,21.0,20.0
2017-07-25,16,24.0,22.409255531943632,22.153002350560442,22.4678132649224,22.14285615442923,23.467627396960925,22.0,20.0
2017-07-25,17,23.0,21.89754426994965,21.712172899805143,22.05106588166269,21.380206301585766,23.284442921998355,19.0,20.0
2017-07-25,18,21.0,20.366833808376786,20.016591976446296,20.463291745444007,20.19079863702282,20.14897234312875,20.0,19.0
2017-07-25,19,19.0,20.225657743800063,19.872243798046252,20.240051347163412,20.0657322806604,20.227130488696577,20.0,18.0
2017-07-25,20,20.0,20.256672928943857,19.926012517621583,20.249604755475932,20.0799615036496,20.254786858087535,20.0,19.0
2017-07-25,21,19.0,20.10321339981404,19.75010379917411,20.118674338826438,19.860271933660457,20.177613727196704,19.0,19.0
2017-07-25,22,19.0,20.10321339981404,19.75010379917411,20.118674338826438,19.860271933660457,20.168325602069835,19.0,19.0
2017-07-25,23,19.0,20.10321339981404,19.75010379917411,20.099485327600245,19.849254107808243,20.134613908614757,19.0,19.0
2017-07-26,0,19.0,19.39112244653036,19.150904901966673,19.42475568975077,19.715045774843652,19.6505888095638,19.0,19.0
2017-07-26,1,19.0,19.205691866528326,18.968857602500368,19.238649109580614,19.591659759059247,19.604496851031115,19.0,18.0
2017-07-26,2,18.0,19.337794967271577,19.13059801532264,19.383022588188147,19.69247669750434,19.504445824975306,19.0,20.0
2017-07-26,3,19.0,19.205691866528326,18.968857602500368,19.238649109580614,19.591659759059247,19.452650884521933,19.0,18.0
2017-07-26,4,19.0,19.310567870482853,19.100224094356932,19.383022588188147,19.685340421906663,19.358417778682952,19.0,19.0
2017-07-26,5,19.0,19.41127308688841,19.210500487083674,19.47038608787428,19.749171573612298,19.28306662270074,19.0,19.0
2017-07-26,6,19.0,19.512361002487868,19.30252413919125,19.601595442232657,19.83575928906819,19.204692291873588,19.0,20.0
2017-07-26,7,20.0,19.657806708546243,19.432993237119586,19.710174876969333,19.98973316753938,19.24943551514667,20.0,20.0
2017-07-26,8,19.0,20.539954578401485,20.485913230493814,20.48318580094844,20.495866977737467,22.684988710322845,19.0,19.0
2017-07-26,9,21.0,20.655521489245345,20.519452704651854,20.574757654890078,20.79991819570847,22.744049306877542,20.0,21.0
2017-07-26,10,21.0,21.391705640233447,21.433758478641643,21.431231288925954,21.6446481597496,22.854045796110423,21.0,21.0
2017-07-26,11,22.0,21.867430354924682,21.88982569465684,21.826631608464776,21.976599203390453,22.785946451431442,20.0,22.0
2017-07-26,12,22.0,21.68100534982059,21.74031601030605,21.77297702015715,21.90819026445261,22.953215214327226,21.0,21.0
2017-07-26,13,22.0,22.512039689999384,22.524759532046392,22.525695969059484,22.586037895140908,23.110045397856375,22.0,22.0
2017-07-26,14,23.0,22.32669131759558,22.35735070539174,22.377464323771115,22.533395369963216,23.092338799480707,21.0,23.0
2017-07-26,15,23.0,22.620273515340187,22.65093290313635,22.671046521515724,22.788336336092023,23.28249857161739,22.0,23.0
2017-07-26,16,23.0,22.828572081056308,22.874305152552108,22.871331264160403,23.086819781845104,23.366315326067152,22.0,24.0
2017-07-26,17,23.0,22.33470514066702,22.38043821216282,22.377464323771115,22.533395369963216,23.37916207099158,21.0,23.0
2017-07-26,18,21.0,19.881061343504772,19.78389854630396,20.146179461100907,20.279457213580685,19.850666688938514,20.0,21.0
2017-07-26,19,20.0,19.724252813682444,19.694504191419608,19.983761434004272,20.142670078108935,19.94428829734874,20.0,19.0
2017-07-26,20,20.0,19.53217338560206,19.468495755340726,19.69840201310768,19.863756785268926,19.883254719894957,19.0,20.0
2017-07-26,21,19.0,19.64237817180027,19.580837225823817,19.829332429757173,20.02871837004802,20.014647014692134,20.0,19.0
2017-07-26,22,18.0,19.64237817180027,19.580837225823817,19.829332429757173,20.02871837004802,20.015388750455713,20.0,19.0
2017-07-26,23,19.0,19.496932465741896,19.42801601414742,19.679213001881486,19.825374966811687,19.899829107691225,19.0,19.0
2017-07-27,0,18.0,19.48043132942143,19.745564195224098,19.788051006641194,20.111332828512786,19.50739644381841,19.0,19.0
2017-07-27,1,19.0,19.326894173316095,19.64606703162861,19.814597211042585,19.975411915361207,19.354966882354162,18.0,19.0
2017-07-27,2,19.0,19.295000749419398,19.563516895757793,19.601944426471036,19.98794681272838,19.390819007678754,19.0,18.0
2017-07-27,3,19.0,19.399876753373924,19.707865074157837,19.74631790507857,20.088763751173474,19.29838729316958,19.0,19.0
2017-07-27,4,18.0,19.399876753373924,19.694883387614357,19.74631790507857,20.081627475575797,19.21858375858225,19.0,19.0
2017-07-27,5,19.0,19.427599389721653,19.743361737811874,19.90196071072872,20.032106791469165,19.05009203510367,18.0,19.0
2017-07-27,6,20.0,19.56642144557074,19.879791198026446,19.924831521070825,20.232046342737323,19.079191112995602,19.0,19.0
2017-07-27,7,20.0,19.73909424841784,20.02765253037701,20.0334109558075,20.386020221208515,19.10998889724843,20.0,20.0
2017-07-27,8,19.0,20.833751902573788,21.172519414852392,20.80642187978661,20.8921540314066,22.562621499026793,19.0,19.0
2017-07-27,9,20.0,20.949318813417648,21.206058889010432,20.897993733728246,21.196205249377606,22.621065827673267,20.0,21.0
2017-07-27,10,22.0,21.45676742069796,21.912533476968335,21.54661113839799,21.783073948286745,22.636731211232846,20.0,21.0
2017-07-27,11,23.0,22.43170024037957,22.848630678659678,22.422077478445356,22.66228758959373,22.75475253430024,21.0,22.0
2017-07-27,12,22.0,22.43170024037957,22.864136356454733,22.490397098701695,22.67883292854553,22.81367635404307,21.0,22.0
2017-07-27,13,22.0,22.512254816427077,22.91778351866036,22.555349850153043,22.70140200588484,22.88978820110611,21.0,22.0
2017-07-27,14,25.0,22.62048864176788,23.04395688975032,22.700700402609282,22.903700446835956,22.964674300777986,21.0,23.0
2017-07-27,15,24.0,22.91407083951249,23.33753908749493,22.99428260035389,23.158641412964762,23.154030936940195,22.0,23.0
2017-07-27,16,24.0,22.62048864176788,23.060211407157862,22.700700402609282,22.903700446835956,23.15751675712632,21.0,23.0
2017-07-27,17,23.0,22.350016080485297,22.7880126075136,22.42849061146687,22.588317137505417,23.156162796504855,20.0,23.0
2017-07-27,18,21.0,19.816903177317993,20.225736627884988,20.33848512328958,20.4834186898657,19.610068469970308,19.0,21.0
2017-07-27,19,20.0,19.68732174428439,20.153734507422865,20.176067096192945,20.34663155439395,19.69000891071394,19.0,20.0
2017-07-27,20,20.0,19.509941974709466,19.98140038173638,20.129976635962116,20.13567417727358,19.643176038806047,18.0,20.0
2017-07-27,21,21.0,19.731687054691342,20.175496519081243,20.192627746647595,20.425005423717153,19.868712571210285,20.0,19.0
2017-07-27,22,19.0,19.626811050736816,20.0311483406812,20.04825426804006,20.32418848527206,19.884070746291755,20.0,18.0
2017-07-27,23,18.0,19.586241348632967,20.022675307404846,20.042508318771908,20.22166202048082,19.755633071835142,19.0,19.0
2017-07-28,0,19.0,19.333411536729983,19.570686363136755,19.560998852930084,19.987799298133467,19.15669470214875,19.0,18.0
2017-07-28,1,18.0,19.503178670695377,19.807804518398875,19.77221866471167,20.25307224274858,19.17858147034554,20.0,19.0
2017-07-28,2,19.0,19.357732964637,19.677335420470538,19.663639229974994,20.09909836427739,19.014564876090887,19.0,19.0
2017-07-28,3,18.0,19.357732964637,19.677335420470538,19.663639229974994,20.09909836427739,18.93680563364201,19.0,19.0
2017-07-28,4,19.0,19.39830266674085,19.65047465345535,19.627845186104135,20.109964954839004,18.96500263544062,20.0,18.0
2017-07-28,5,19.0,19.603883887100935,19.905099224582138,19.859582164397803,20.307664250027873,18.876640008580562,20.0,19.0
2017-07-28,6,20.0,19.677177676131183,19.977164795110934,19.904859314722483,20.394251965483765,18.798539167875212,20.0,20.0
2017-07-28,7,19.0,19.53173197007281,19.846695697182597,19.796279879985807,20.240278087012573,18.65595296162882,19.0,20.0
2017-07-28,8,19.0,20.721657815063732,21.071854164362914,20.578968339027888,20.86645608958227,22.22038452621533,19.0,19.0
2017-07-28,9,21.0,20.743943353496185,20.9849341292017,20.567380151593866,21.067505063436645,22.29198289486154,20.0,20.0
2017-07-28,10,22.0,22.754748726005012,22.708336928738305,22.290105900870493,22.830838036710176,22.559746412113906,23.0,22.0
2017-07-28,11,24.0,22.54574197116762,23.407301347815658,22.836341461298872,23.0819143864791,22.489711272621783,22.0,23.0
2017-07-28,12,22.0,22.98652558587028,23.830145416769163,23.25919736011229,23.50061713660768,22.65490267180008,23.0,22.0
2017-07-28,13,22.0,23.34328793844783,24.10172687790635,23.518862472808728,23.762102951048135,22.823468794955165,24.0,22.0
2017-07-28,14,23.0,23.827061908034228,24.58226982242164,23.965721768628313,24.22172727458386,22.869727764778343,24.0,25.0
2017-07-28,15,23.0,23.601402507593455,24.37778099280113,23.79491561874341,24.053714849884326,22.97851056586827,24.0,24.0
2017-07-28,16,23.0,23.630429593718993,24.29423124621142,23.875266657095157,24.10515849351127,23.168393062108382,25.0,24.0
2017-07-28,17,22.0,22.332714349470518,23.04083316487071,22.584492365116887,22.86056032354182,22.899854065470727,21.0,23.0
2017-07-28,18,19.0,19.521010323369524,20.229177582913948,20.289801526138696,20.432811114537582,19.241404991419945,19.0,21.0
2017-07-28,19,18.0,19.23382190431073,20.031387618925045,20.179519093222613,20.128908408433233,19.22795881690972,18.0,20.0
2017-07-28,20,19.0,19.345362198094396,20.08655408520589,20.111239787258597,20.226469120485152,19.368596314662604,19.0,20.0
2017-07-28,21,20.0,19.57490292200217,20.411904533870178,20.18526639009304,20.321973981164362,19.38010956432601,19.0,21.0
2017-07-28,22,19.0,19.45439445280204,20.322510178985826,20.111239787258597,20.226469120485152,19.410140211467777,19.0,19.0
2017-07-28,23,19.0,19.349518448847512,20.178162000585782,19.966866308651063,20.081583151149704,19.403857636558694,19.0,18.0
2017-07-29,0,19.0,18.934494906832494,19.26244555985266,19.29829972939403,19.669690292732888,18.020251965917303,20.0,19.0
2017-07-29,1,19.0,18.66171813984674,18.96778518771932,19.061713286625366,19.39261163424875,17.88637396436558,19.0,18.0
2017-07-29,2,19.0,18.766594143801267,19.112133366119362,19.2060867652329,19.526479777731982,17.805486865518738,19.0,19.0
2017-07-29,3,20.0,18.807163845905116,19.098254285647656,19.170292721362042,19.54658551271994,17.838001276297966,20.0,18.0
2017-07-29,4,19.0,18.766594143801267,19.099151679575883,19.2060867652329,19.51724063330564,17.653765826467676,19.0,19.0
2017-07-29,5,18.0,18.867299360206825,19.209428072302625,19.293450264919034,19.581071785011275,17.58063097145773,19.0,19.0
2017-07-29,6,19.0,19.08603885529545,19.401322581318198,19.44730684998039,19.794824429325796,17.59654054931777,20.0,20.0
2017-07-29,7,20.0,18.02997908032633,18.361768605975275,18.471733388790195,18.92076769683222,17.37375722784941,18.0,19.0
2017-07-29,8,17.0,17.70808030358365,17.989164607966494,18.07333959653438,18.59728540106277,17.342443486586298,18.0,19.0
2017-07-29,9,18.0,17.395951271480925,17.69523426950759,17.73778458306129,18.217015248628012,17.304450487734634,18.0,21.0
2017-07-29,10,18.0,17.291826434608627,17.697669397830104,17.79999633527602,18.184633639418287,17.208983049349236,17.0,22.0
2017-07-29,11,18.0,17.291826434608627,17.697669397830104,17.79999633527602,18.184633639418287,17.215247747160124,17.0,24.0
2017-07-29,12,17.0,17.291826434608627,17.697669397830104,17.79999633527602,18.184633639418287,17.297059917020704,17.0,22.0
2017-07-29,13,17.0,17.275723777855642,17.69755586930252,17.783629864700476,18.173870275948,17.36843350751464,17.0,22.0
2017-07-29,14,18.0,17.275723777855642,17.69755586930252,17.783629864700476,18.173870275948,17.438904254972265,17.0,23.0
2017-07-29,15,17.0,17.275723777855642,17.69755586930252,17.783629864700476,18.173870275948,17.530941372532922,17.0,23.0
2017-07-29,16,17.0,17.248636763964694,17.65314339766912,17.783629864700476,18.173870275948,17.62504580461858,17.0,23.0
2017-07-29,17,18.0,17.83048089946135,18.234987533165775,18.365474000197132,18.77618719517777,17.822732187968413,18.0,22.0
2017-07-29,18,17.0,17.79454149866412,18.14315804995891,18.27816668629596,18.776672793885027,17.851659472092845,17.0,19.0
2017-07-29,19,17.0,17.803855227381028,18.1129996042303,18.24798294035986,18.799752771852667,17.93222371614801,17.0,18.0
2017-07-29,20,17.0,17.908731231335555,18.257347782630344,18.392356418967395,18.9336209153359,18.06046237906416,18.0,19.0
2017-07-29,21,19.0,17.963045342015228,18.319152488685972,18.392356418967395,18.9336209153359,18.074225723183183,18.0,20.0
2017-07-29,22,19.0,18.6975065061614,19.055186612252207,19.0998835624248,19.447994707916298,18.18690341686621,19.0,19.0
2017-07-29,23,19.0,18.6975065061614,19.055186612252207,19.0998835624248,19.436976882064084,18.170222367666103,19.0,19.0
2017-07-30,0,19.0,18.934494906832494,19.29841716482041,19.34745093768466,19.693569433729444,17.465165816265625,20.0,19.0
2017-07-30,1,19.0,18.766594143801267,19.14810497108711,19.255237973523528,19.550358918728538,17.324570225641438,19.0,19.0
2017-07-30,2,19.0,18.766594143801267,19.14810497108711,19.255237973523528,19.550358918728538,17.26410858320764,19.0,19.0
2017-07-30,3,19.0,18.939266946648367,19.27857406901545,19.363817408260203,19.70433279719973,17.274674371863703,20.0,20.0
2017-07-30,4,19.0,18.766594143801267,19.13512328454363,19.255237973523528,19.541119774302196,17.122422399513297,19.0,19.0
2017-07-30,5,19.0,18.7624233562523,19.10105149887033,19.198227994602128,19.471082782524597,17.065839691324697,19.0,18.0
2017-07-30,6,19.0,18.91336605244835,19.28943285393538,19.38787862353434,19.66472969185116,16.989155467991843,19.0,19.0
2017-07-30,7,19.0,18.82640341656564,19.175243121263946,19.273688890862907,19.507781570400287,16.92486731072837,19.0,20.0
2017-07-30,8,18.0,17.603204299629123,17.8807880345342,17.978117326217475,18.487296398576092,16.838726666318767,18.0,17.0
2017-07-30,9,17.0,17.24255372446959,17.497463341190944,17.617466751057943,18.109926832853017,16.716662130318653,17.0,18.0
2017-07-30,10,19.0,17.15101102985687,17.497463341190944,17.617466751057943,18.109926832853017,16.816385950110664,18.0,18.0
2017-07-30,11,17.0,17.15101102985687,17.497463341190944,17.617466751057943,18.109926832853017,16.750137131839942,17.0,18.0
2017-07-30,12,18.0,17.15101102985687,17.497463341190944,17.617466751057943,18.109926832853017,16.904568253784973,18.0,17.0
2017-07-30,13,17.0,17.134908373103887,17.49734981266336,17.6011002804824,18.09916346938273,16.96884613000795,18.0,17.0
2017-07-30,14,17.0,17.134908373103887,17.49734981266336,17.6011002804824,18.09916346938273,16.93917675469712,17.0,18.0
2017-07-30,15,18.0,17.134908373103887,17.49734981266336,17.6011002804824,18.09916346938273,17.03934919103752,17.0,17.0
2017-07-30,16,17.0,16.99864902160752,17.244001484461194,17.6011002804824,18.09916346938273,17.12909675233014,17.0,17.0
2017-07-30,17,17.0,17.580493157104176,17.82584561995785,18.182944415979055,18.66668379139835,17.202889715816365,17.0,18.0
2017-07-30,18,17.0,17.580493157104176,17.82584561995785,18.182944415979055,18.66668379139835,17.296784194446847,17.0,17.0
2017-07-30,19,18.0,17.69468288977561,17.940035352629284,18.29713414865049,18.823631912849223,17.364469303664528,17.0,17.0
2017-07-30,20,17.0,17.69468288977561,17.940035352629284,18.29713414865049,18.823631912849223,17.509260113402025,18.0,17.0
2017-07-30,21,18.0,18.6975065061614,19.091158217219956,19.149034770715428,19.471873848912853,17.6070949946695,19.0,19.0
2017-07-30,22,19.0,18.6975065061614,19.091158217219956,19.149034770715428,19.471873848912853,17.618109399873948,19.0,19.0
2017-07-30,23,20.0,18.842952212219775,19.243979428896353,19.279965187364922,19.653181600444757,17.701568473442297,20.0,19.0
2017-07-31,0,18.0,19.80333249681746,20.137460818872583,20.140202326786756,20.399839747872893,19.31132394920541,20.0,19.0
2017-07-31,1,19.0,19.57733221471158,19.969292599877985,19.989889790487457,20.22329679206239,19.167483936595488,19.0,19.0
2017-07-31,2,19.0,19.57733221471158,19.969292599877985,19.989889790487457,20.22329679206239,19.10399897417262,19.0,19.0
2017-07-31,3,19.0,19.722777920769953,20.099761697806322,20.098469225224132,20.37727067053358,19.125781882440684,20.0,19.0
2017-07-31,4,19.0,19.57733221471158,19.956310913334505,19.989889790487457,20.21616051646471,18.957724484903988,19.0,19.0
2017-07-31,5,18.0,19.678037431117136,20.066587306061248,20.07725329017359,20.279991668170346,18.8860761732291,19.0,19.0
2017-07-31,6,21.0,19.88932261296677,20.27168782167493,20.276982841216387,20.52055326209743,18.91630608668085,20.0,19.0
2017-07-31,7,20.0,20.10985270444238,20.479519007706816,20.48483907058252,20.73953194625279,18.959786338717286,21.0,19.0
2017-07-31,8,20.0,20.999404023519155,21.590761949092276,20.90562028658796,20.925870133850424,22.46505891567134,19.0,18.0
2017-07-31,9,22.0,21.214992556638492,21.751145274408465,21.14138580317308,21.41769414444802,22.653197017297444,21.0,17.0
2017-07-31,10,23.0,21.954292411506955,22.562495866320894,21.89487921179735,22.09772713396738,22.634362444435197,21.0,19.0
2017-07-31,11,23.0,22.138716117139573,22.74867171623572,22.06342931881768,22.290442190085002,22.692291522539225,21.0,17.0
2017-07-31,12,24.0,21.841016459068264,22.452506419940995,21.8200416732786,21.945068990894757,22.635284520385472,20.0,18.0
2017-07-31,13,25.0,22.21927069318708,22.817824556236403,22.196701690525366,22.329556606376112,22.810148091636446,21.0,17.0
2017-07-31,14,25.0,21.92157103511577,22.506153582146624,21.90418343595614,21.978655894086284,22.797315339658105,20.0,17.0
2017-07-31,15,24.0,21.92157103511577,22.506153582146624,21.90418343595614,21.978655894086284,22.872457353043078,20.0,18.0
2017-07-31,16,23.0,21.92157103511577,22.51242287269239,21.90418343595614,21.978655894086284,22.97801033952199,20.0,17.0
2017-07-31,17,24.0,21.92157103511577,22.51242287269239,21.90418343595614,21.978655894086284,23.066868906494506,20.0,17.0
2017-07-31,18,21.0,19.86051686011371,20.243436393458964,20.334523488715273,20.404597074755102,19.342533750733914,19.0,17.0
2017-07-31,19,21.0,19.64683702991659,20.097690468353406,20.298267658633634,20.061640741945965,19.302450450651683,18.0,18.0
2017-07-31,20,20.0,19.758377323700255,20.15285693463425,20.160895736799453,20.293759941381882,19.45980226358974,19.0,17.0
2017-07-31,21,20.0,19.750363500628815,20.13975465472495,20.160895736799453,20.266395948776857,19.47593035665893,19.0,18.0
2017-07-31,22,20.0,19.85523950458334,20.284102833124994,20.305269215406987,20.36721288722195,19.470535274788535,19.0,19.0
2017-07-31,23,21.0,19.882466601372066,20.284102833124994,20.286080204180795,20.356195061369736,19.44362975532556,19.0,20.0
2017-08-01,0,20.0,19.562443127986448,19.849229793309263,19.73795539926554,20.142896040265065,20.04666876249324,19.0,18.0
2017-08-01,1,20.0,19.513781975835638,19.89408080811382,19.908875082274466,19.97323357817458,19.877088111038375,18.0,19.0
2017-08-01,2,20.0,19.732210261951842,20.086347948571383,19.949175211047127,20.375117779842036,19.989544580715233,20.0,19.0
2017-08-01,3,21.0,19.513781975835638,19.89408080811382,19.908875082274466,19.97323357817458,19.721199336097186,18.0,19.0
2017-08-01,4,20.0,19.586764555893467,19.942897164099566,19.84059577631045,20.214007625773167,19.73287432211854,19.0,19.0
2017-08-01,5,19.0,19.5825937683445,19.908825378426265,19.78358579738905,20.17702183903371,19.670435534125172,19.0,18.0
2017-08-01,6,21.0,19.9671373441218,20.347668427324344,20.23084886841504,20.630938088960306,19.65765527403832,20.0,21.0
2017-08-01,7,21.0,19.92598205093738,20.27566630686222,20.127688827039382,20.518400371405885,19.622991123227678,20.0,20.0
2017-08-01,8,23.0,20.821889324809792,21.32858630023645,20.90069975101849,21.024534181603972,23.005011464822786,19.0,20.0
2017-08-01,9,23.0,21.508303620711498,22.00717112221648,21.63630276124332,21.99331158236661,23.15903321225824,21.0,22.0
2017-08-01,10,24.0,22.25096129696624,22.83981908126434,22.41108170714311,22.810343477351278,23.163556186529025,21.0,23.0
2017-08-01,11,25.0,22.83384320429799,23.424453132878302,22.978090015862577,23.312281209231298,23.29850113494299,22.0,23.0
2017-08-01,12,25.0,22.749078697570948,23.355194303946313,22.961645129391872,23.428007862499268,23.253421468290753,21.0,24.0
2017-08-01,13,25.0,23.34034192343095,23.898379545144174,23.482453280099847,23.817891495975022,23.4125857683564,22.0,25.0
2017-08-01,14,24.0,23.889359363474416,24.447396985187638,24.050659731369503,24.317654675323155,23.597923463073677,23.0,25.0
2017-08-01,15,25.0,23.663699963033643,24.24290815556713,23.8798535814846,24.14964225062362,23.710236326935103,23.0,24.0
2017-08-01,16,24.0,23.69723282115059,24.223255992923452,23.84710771203369,24.16289063044575,23.916640838952468,24.0,23.0
2017-08-01,17,23.0,23.671713786105084,24.25601043547643,23.8798535814846,24.14964225062362,23.90276191254463,23.0,24.0
2017-08-01,18,22.0,20.459125862564225,20.88878518882908,20.835903202313368,21.123507726777728,20.335479642000067,21.0,21.0
2017-08-01,19,19.0,20.00690753460107,20.46376517750842,20.373505008800485,20.591549422145743,20.214111412054088,19.0,21.0
2017-08-01,20,19.0,20.04535847168377,20.45400480989798,20.286905617879476,20.584749566519548,20.36685944533024,20.0,20.0
2017-08-01,21,21.0,19.891898942553954,20.288081318312283,20.15597520122998,20.365059996530405,20.2959493162044,19.0,20.0
2017-08-01,22,20.0,19.891898942553954,20.288081318312283,20.15597520122998,20.365059996530405,20.294823293887823,19.0,20.0
2017-08-01,23,20.0,19.93305423573837,20.360083438774407,20.23994623137945,20.466579888232612,20.256803267126898,19.0,21.0
2017-08-02,0,19.0,19.567441519908957,19.86432985103303,19.729747274624813,20.088878407022325,19.873156163986696,19.0,20.0
2017-08-02,1,20.0,19.48688694386145,19.82663072996677,19.68801417306219,20.066309329683012,19.811593679369675,19.0,20.0
2017-08-02,2,20.0,19.41390436380362,19.764832687437544,19.756293479026205,19.818399006486747,19.644097004552062,18.0,20.0
2017-08-02,3,20.0,19.580168316272857,19.898632850428893,19.79117421443785,20.178847047237433,19.643064015530346,19.0,21.0
2017-08-02,4,19.0,19.48688694386145,19.81364904342329,19.68801417306219,20.059173054085335,19.575439957739047,19.0,20.0
2017-08-02,5,21.0,19.560365063478283,19.906533201727804,19.775377672748323,20.12300420579097,19.513262440998506,19.0,19.0
2017-08-02,6,21.0,19.746713008469673,20.0705589742975,19.969687830430104,20.322129638801282,19.42085662931503,19.0,21.0
2017-08-02,7,21.0,19.892158714528048,20.20102807222584,20.07826726516678,20.476103517272474,19.46581803010101,20.0,21.0
2017-08-02,8,23.0,21.385504966996464,21.860802271914825,21.309411977867583,21.64382384912434,22.83173043457819,19.0,23.0
2017-08-02,9,24.0,21.573866403327077,21.981713422785496,21.505680019799694,21.934847738413843,23.012963166157732,21.0,23.0
2017-08-02,10,25.0,22.41710794525858,22.897005701760964,22.363115115487002,22.914721298744592,23.016944490585267,21.0,24.0
2017-08-02,11,25.0,23.21711630465822,23.67759563462255,23.092396625718486,23.529032620632247,23.137445371053772,22.0,25.0
2017-08-02,12,25.0,23.21711630465822,23.693101312417603,23.160716245974825,23.545577959584044,23.19903008364821,22.0,25.0
2017-08-02,13,23.0,23.297670880705727,23.74674847462323,23.225668997426173,23.568147036923357,23.277802823562862,22.0,25.0
2017-08-02,14,25.0,23.62102892030842,24.091277085046187,23.623069298810925,23.899897791571956,23.476323057021524,23.0,24.0
2017-08-02,15,24.0,23.84668832074919,24.295765914666696,23.79387544869583,24.06791021627149,23.56046766435286,23.0,25.0
2017-08-02,16,22.0,23.62904274337986,24.104379364955488,23.623069298810925,23.899897791571956,23.67292858412863,23.0,24.0
2017-08-02,17,23.0,23.42875800073518,23.904094622310808,23.422784556166246,23.722652357550437,23.779942962853646,23.0,23.0
2017-08-02,18,20.0,20.749109800002532,21.091874248681442,21.015293846556755,21.319510766362335,20.1731650300417,21.0,22.0
2017-08-02,19,21.0,19.95686614186556,20.38055167920196,20.24869378082606,20.516502710287607,20.186853794583616,20.0,19.0
2017-08-02,20,19.0,19.891026666074303,20.289972220377248,20.134324014631215,20.429914994831716,20.23252182607034,20.0,19.0
2017-08-02,21,22.0,19.85807560614462,20.2134430836759,20.10655363935738,20.322763142396994,20.134400712800414,19.0,21.0
2017-08-02,22,21.0,19.653253939949547,20.059686296352005,20.071672903945736,19.951297275794094,20.05410167397167,18.0,20.0
2017-08-02,23,20.0,19.764794233733213,20.14144096321378,19.984204586755528,20.19920759899036,20.12405368485504,19.0,20.0
2017-08-03,0,19.0,19.979171679288278,19.947511379398527,20.121853989742885,19.88672344637355,19.88242014542015,18.0,19.0
2017-08-03,1,19.0,20.03738449381316,20.008959159616268,20.011841582216245,20.10577009676147,19.882226171181642,19.0,20.0
2017-08-03,2,19.0,20.03738449381316,20.008959159616268,20.011841582216245,20.10577009676147,19.791161570297337,19.0,20.0
2017-08-03,3,19.0,20.03738449381316,20.008959159616268,20.011841582216245,20.10577009676147,19.695733336410164,19.0,20.0
2017-08-03,4,19.0,19.937174816966607,19.916787196121334,20.08012088818026,19.85701809343656,19.52331650483013,18.0,19.0
2017-08-03,5,19.0,20.179245003403135,20.15107111347394,20.189262225834195,20.27500269042385,19.506145695871158,19.0,21.0
2017-08-03,6,20.0,20.418929740629213,20.383029261008904,20.423844913293355,20.515564284350933,19.532479143317875,20.0,21.0
2017-08-03,7,21.0,20.418929740629213,20.383029261008904,20.423844913293355,20.515564284350933,19.48632789166051,20.0,21.0
2017-08-03,8,20.0,21.665258541494303,21.688470584335832,21.65498962599416,21.6832846162028,22.540044631269815,19.0,23.0
2017-08-03,9,21.0,21.83215174852375,21.773385314560336,21.815236203945854,22.069943048902974,22.625200893897,20.0,24.0
2017-08-03,10,23.0,23.34097057018143,23.2881551970264,23.193631028666786,23.321496621959493,22.830918736232245,22.0,25.0
2017-08-03,11,24.0,24.179287719812038,24.128224490939214,24.016074579685107,24.057238741206625,22.9823288158097,23.0,25.0
2017-08-03,12,24.0,23.657654108512563,23.599793129031998,23.535376759897982,23.585038726662503,22.968731714682207,22.0,25.0
2017-08-03,13,22.0,23.178864140862103,23.174723615120243,23.200155753023164,23.1411119335492,23.0934772172606,22.0,23.0
2017-08-03,14,24.0,24.52397688460343,24.401394942268606,24.368637493482893,24.366655535382964,23.45470937585219,25.0,25.0
2017-08-03,15,23.0,24.153970101240432,24.09155609790009,24.13618582013127,24.129852372494064,23.48763319868158,24.0,24.0
2017-08-03,16,23.0,23.895855532094807,23.81550198300531,23.86013267419659,23.80974924663114,23.625172225890672,24.0,22.0
2017-08-03,17,22.0,23.735895403977008,23.736843335073008,23.76836220429282,23.762113124628897,23.618113380117006,23.0,23.0
2017-08-03,18,21.0,20.89714679463121,20.884409175180423,20.938842103259866,20.895596204613934,20.360654388002267,21.0,20.0
2017-08-03,19,19.0,20.631529465910848,20.65702762321057,20.697431470328294,20.668501194920488,20.316674621915002,20.0,21.0
2017-08-03,20,18.0,20.48929377707501,20.49113640237992,20.493004560201634,20.469375761910175,20.38288790820157,20.0,19.0
2017-08-03,21,20.0,21.138625686796413,21.173865682847847,21.18724374276751,21.22077040746255,20.446744626895995,21.0,22.0
2017-08-03,22,19.0,20.412230460989775,20.40052467280016,20.452131287483954,20.362223909475453,20.258237039858372,19.0,21.0
2017-08-03,23,19.0,20.259534874021693,20.273952758263977,20.411164438289962,19.997052638341586,20.13785051892197,18.0,20.0
2017-08-04,0,19.0,19.33893337933658,19.5095491582644,19.62190562986139,19.996042943131233,19.57428796611423,19.0,19.0
2017-08-04,1,19.0,19.185396223231244,19.410051994668912,19.648451834262783,19.731858138064688,19.406196482690063,18.0,19.0
2017-08-04,2,18.0,19.258378803289073,19.471850037198138,19.580172528298768,19.97347386579192,19.413640716810328,19.0,19.0
2017-08-04,3,19.0,19.185396223231244,19.410051994668912,19.648451834262783,19.731858138064688,19.22896167922788,18.0,19.0
2017-08-04,4,18.0,19.258378803289073,19.458868350654658,19.580172528298768,19.964234721365578,19.233069468608694,19.0,19.0
2017-08-04,5,19.0,19.35908401969463,19.5691447433814,19.6675360279849,20.028065873071213,19.15206043859972,19.0,19.0
2017-08-04,6,19.0,19.577823514783255,19.771679411838534,19.821392613046257,20.268627466998296,19.165284282005185,20.0,20.0
2017-08-04,7,21.0,19.525659181136287,19.71321243437232,19.786839781144025,20.210158449206315,19.011088058003388,19.0,21.0
2017-08-04,8,18.0,20.367089874629634,20.554168976491344,20.54567915257506,20.774761277196383,22.290730447386004,19.0,20.0
2017-08-04,9,20.0,20.648732683371655,20.79553963668127,20.815973797341616,21.255497198671176,22.46613269480542,21.0,21.0
2017-08-04,10,22.0,21.926212172418214,22.193344751499108,22.216307188477664,22.67830767105709,22.56023209809485,22.0,23.0
2017-08-04,11,21.0,23.13309499266181,23.401229088148305,23.406574355334435,23.903027049900953,22.786375978721985,24.0,24.0
2017-08-04,12,22.0,22.35827377492816,22.68468134801314,22.6900180420972,23.223787882561385,22.673905781027067,22.0,24.0
2017-08-04,13,22.0,22.130309782990185,22.41187039648413,22.405304859785097,22.756592899048716,22.79330615673687,22.0,22.0
2017-08-04,14,23.0,22.987845791019133,23.28734595026223,23.28076858370329,23.74612013924883,22.96250151062506,23.0,24.0
2017-08-04,15,23.0,22.787561048374453,23.087061207617552,23.08048384105861,23.568874705227312,23.08467613714972,23.0,23.0
2017-08-04,16,22.0,22.651301696878086,22.833712879415387,23.08048384105861,23.568874705227312,23.19130657276537,23.0,23.0
2017-08-04,17,21.0,21.994050431493818,22.158522068281965,22.405304859785097,22.76761072490093,23.20981119171656,22.0,22.0
2017-08-04,18,20.0,19.421656162021595,19.619980294211857,19.937880676165562,20.307186616052114,19.73747301190778,19.0,21.0
2017-08-04,19,18.0,19.107240646174077,19.404798095800725,19.82759824324948,19.8750200180328,19.735636855152958,18.0,19.0
2017-08-04,20,18.0,19.113904936003216,19.315616383681526,19.61494545867793,19.96697647851645,19.883627949756928,19.0,18.0
2017-08-04,21,20.0,19.52771309430121,19.88352633638236,19.89024935393496,20.293170199383802,19.96457995670137,20.0,20.0
2017-08-04,22,19.0,19.35504029145411,19.713312890283735,19.759318937285464,20.100844621999684,19.873877505366146,19.0,19.0
2017-08-04,23,19.0,19.35504029145411,19.713312890283735,19.759318937285464,20.08982679614747,19.838186516090886,19.0,19.0
2017-08-05,0,19.0,19.221874383086977,19.090501302010498,19.28713453928793,19.297842309667768,17.951526421649703,19.0,19.0
2017-08-05,1,19.0,19.199419326114125,19.070658206205536,19.303501009863474,19.308605673138054,17.88660280922012,19.0,19.0
2017-08-05,2,18.0,19.0945433221596,18.926310027805492,19.15912753125594,19.17473752965482,17.8233153349381,19.0,18.0
2017-08-05,3,19.0,19.3448650321725,19.201127304133873,19.41208044460015,19.462579551609245,17.819592774280956,20.0,19.0
2017-08-05,4,19.0,19.0945433221596,18.913328341262012,19.15912753125594,19.165498385228478,17.656376965888857,19.0,18.0
2017-08-05,5,19.0,18.576993995310623,18.434483178732883,18.683337366092204,18.67077382623972,17.47174752585204,18.0,19.0
2017-08-05,6,19.0,19.374590790137653,19.238843720975087,19.47099479629065,19.422976446260677,17.50005378968301,19.0,19.0
2017-08-05,7,18.0,19.4543683065814,19.34451744111634,19.490480060042334,19.451898213783462,17.51783108465338,20.0,21.0
2017-08-05,8,18.0,18.064429037318426,17.830198901573905,18.061233498973785,18.056475265536164,17.251526656308645,17.0,18.0
2017-08-05,9,16.0,17.835881562902145,17.608614621052922,17.844956402421786,17.812973843296323,17.313668592404472,18.0,20.0
2017-08-05,10,17.0,17.74625919975921,17.678061154415122,17.870051964108228,17.75417364822357,17.306526185124014,18.0,22.0
2017-08-05,11,17.0,17.76563331455751,17.680616741515045,17.870051964108228,17.81007325658464,17.36425777508719,18.0,21.0
2017-08-05,12,17.0,17.773643028503198,17.683141554756315,17.870051964108228,17.75417364822357,17.321862342451936,17.0,22.0
2017-08-05,13,17.0,17.757540371750213,17.68302802622873,17.853685493532684,17.743410284753285,17.403996210179145,17.0,22.0
2017-08-05,14,16.0,17.757540371750213,17.68302802622873,17.853685493532684,17.743410284753285,17.578021909457625,18.0,23.0
2017-08-05,15,17.0,17.757540371750213,17.68302802622873,17.853685493532684,17.743410284753285,17.585141422068975,17.0,23.0
2017-08-05,16,17.0,17.730453357859265,17.63861555459533,17.853685493532684,17.743410284753285,17.699666122746713,17.0,22.0
2017-08-05,17,17.0,18.33167160815422,18.22301527719191,18.43552962902934,18.401626812344123,17.90150581808116,18.0,21.0
2017-08-05,18,17.0,18.310377161886137,18.151013156729785,18.410434067342898,18.369730801841655,17.904223112891238,17.0,20.0
2017-08-05,19,17.0,18.29246379381432,18.103462476578947,18.3802503214068,18.392810779809295,17.99718404291733,17.0,18.0
2017-08-05,20,17.0,18.29246379381432,18.103462476578947,18.3802503214068,18.392810779809295,18.04155472749346,17.0,18.0
2017-08-05,21,19.0,19.213342169383417,19.063041719023083,19.232150943471737,19.23012060332237,18.22195374241807,19.0,20.0
2017-08-05,22,19.0,19.186115072594692,19.045649484600855,19.232150943471737,19.23012060332237,18.232493101652732,19.0,19.0
2017-08-05,23,18.0,19.186115072594692,19.045649484600855,19.232150943471737,19.219102777470155,18.205785070330606,19.0,19.0
2017-08-06,0,19.0,18.40136566355293,18.64866062596202,18.807529345498544,18.63706920507392,16.79570241452536,19.0,19.0
2017-08-06,1,19.0,18.378910606580078,18.628817530157058,18.82389581607409,18.647832568544207,16.73645070527947,19.0,19.0
2017-08-06,2,19.0,18.27403460262555,18.484469351757014,18.679522337466555,18.513964425060973,16.678448603352447,19.0,18.0
2017-08-06,3,19.0,18.378910606580078,18.628817530157058,18.82389581607409,18.647832568544207,16.585736725131248,19.0,19.0
2017-08-06,4,19.0,18.378910606580078,18.615835843613578,18.82389581607409,18.638593424117865,16.505718213366627,19.0,19.0
2017-08-06,5,19.0,18.479615822985636,18.72611223634032,18.911259315760223,18.7024245758235,16.4306193192837,19.0,19.0
2017-08-06,6,18.0,18.52568251522716,18.770145413005327,18.956536466084902,18.76220334166683,16.366144333636043,19.0,19.0
2017-08-06,7,19.0,18.3066167786012,18.51160750193385,18.697973254805934,18.47138707673272,16.33108684871764,19.0,18.0
2017-08-06,8,17.0,17.215520762407934,17.361500593604145,17.546775168768036,17.395702160942317,16.208209176828674,18.0,18.0
2017-08-06,9,17.0,16.8548701872484,16.97817590026089,17.186124593608504,17.018332595219242,16.135065756628457,17.0,16.0
2017-08-06,10,17.0,17.532524732086266,17.755678810581813,17.93892888739059,17.770535215240198,16.32425393995431,19.0,17.0
2017-08-06,11,18.0,16.818572502293375,16.95956009623034,17.186124593608504,17.018332595219242,16.1758309148214,17.0,17.0
2017-08-06,12,16.0,16.818572502293375,16.95956009623034,17.186124593608504,17.018332595219242,16.32863282174354,18.0,17.0
2017-08-06,13,17.0,16.80246984554039,16.959446567702756,17.16975812303296,17.007569231748956,16.31156681658822,17.0,17.0
2017-08-06,14,16.0,16.80246984554039,16.959446567702756,17.16975812303296,17.007569231748956,16.414405780499717,17.0,16.0
2017-08-06,15,17.0,16.80246984554039,16.959446567702756,17.16975812303296,17.007569231748956,16.59022927703053,18.0,17.0
2017-08-06,16,16.0,16.666210494044023,16.70609823950059,17.16975812303296,17.007569231748956,16.593930074393946,17.0,17.0
2017-08-06,17,17.0,17.24805462954068,17.287942374997247,17.751602258529616,17.575089553764574,16.6862392237745,17.0,17.0
2017-08-06,18,16.0,17.24805462954068,17.388727806687758,17.852387915593624,17.575089553764574,16.767924464719783,17.0,17.0
2017-08-06,19,17.0,17.362244362212113,17.502917539359192,17.96657764826506,17.732037675215448,16.927533477978074,18.0,17.0
2017-08-06,20,16.0,17.362244362212113,17.502917539359192,17.96657764826506,17.732037675215448,16.880565465766995,17.0,17.0
2017-08-06,21,18.0,17.603379717663007,17.9006140459614,18.110951126872592,17.865905818698682,16.97091914126484,18.0,19.0
2017-08-06,22,19.0,18.365067978597903,18.654040403949864,18.818478270329997,18.569347498728522,17.065711818989698,19.0,19.0
2017-08-06,23,18.0,18.40563768070175,18.662513437226217,18.805035208371958,18.616787106777192,17.151630433064824,20.0,18.0
2017-08-07,0,18.0,19.183888827443887,19.457622367985564,19.625079424960784,19.395543238139823,18.133113807112785,18.0,19.0
2017-08-07,1,19.0,19.214874545180045,19.501677913781077,19.515067017434145,19.69071023930379,18.16470583354876,19.0,19.0
2017-08-07,2,19.0,19.214874545180045,19.501677913781077,19.515067017434145,19.69071023930379,18.090389120373686,19.0,19.0
2017-08-07,3,18.0,19.214874545180045,19.501677913781077,19.515067017434145,19.69071023930379,18.00934262370373,19.0,19.0
2017-08-07,4,19.0,19.214874545180045,19.488696227237597,19.515067017434145,19.683573963706113,17.9276759535799,19.0,19.0
2017-08-07,5,18.0,19.242597181527774,19.537174577435113,19.670709823084294,19.429669036908468,17.758013014140367,18.0,19.0
2017-08-07,6,19.0,19.556541933263016,19.522204526431153,19.391951302074474,19.837620707973795,17.987581854820196,21.0,18.0
2017-08-07,7,21.0,19.526864943435235,19.93227117077891,19.802160068163076,20.12570081767724,17.831723179628554,20.0,19.0
2017-08-07,8,20.0,20.46097412062412,21.18849866686604,20.331300531115364,20.685435489450374,21.340061639140238,20.0,17.0
2017-08-07,9,23.0,21.0413872547825,21.381622027837878,20.623730845439542,20.879731213113956,21.52152367970889,22.0,17.0
2017-08-07,10,26.0,22.37453940978554,22.786824919884886,21.97107655419839,22.265238156673842,21.633145118471507,23.0,17.0
2017-08-07,11,25.0,22.688735021297198,23.909453686691997,22.940168013440186,22.935017256571346,21.66046603729747,23.0,18.0
2017-08-07,12,24.0,23.14720418127325,24.32515504686462,23.408681028276348,23.341871033923823,21.843578784923434,24.0,16.0
2017-08-07,13,25.0,23.27127097145245,24.421785609886506,23.56803397602483,23.48900439343147,22.002439649839335,25.0,17.0
2017-08-07,14,23.0,23.27127097145245,24.421785609886506,23.58722298725102,23.500022219283682,22.107779921655457,25.0,16.0
2017-08-07,15,23.0,23.227758757320757,24.378802209070248,23.492822790953888,23.37545793711535,22.098695400580784,24.0,17.0
2017-08-07,16,23.0,22.777303420416146,24.001694033463757,23.092629396374065,22.98514949871467,22.11785765964683,23.0,16.0
2017-08-07,17,22.0,23.235772580392197,24.401889715841325,23.492822790953888,23.37545793711535,22.290917551040565,24.0,17.0
2017-08-07,18,20.0,19.91047246667625,20.851649689059474,20.585600411937616,20.533993995782147,18.597160092988013,21.0,16.0
2017-08-07,19,20.0,19.874172406054054,20.851649689059474,20.52634242621664,20.50974457786482,18.6490744470916,21.0,17.0
2017-08-07,20,19.0,19.59661036988479,20.535376353838284,20.186243185756553,20.091233074345812,18.61488366256618,20.0,16.0
2017-08-07,21,20.0,19.58859654681335,20.512288847067207,20.186243185756553,20.063869081740787,18.610061210005977,20.0,18.0
2017-08-07,22,20.0,19.693472550767876,20.65663702546725,20.330616664364086,20.16468602018588,18.595364692896396,20.0,19.0
2017-08-07,23,20.0,19.800319107191356,20.737982723463684,20.392783648795604,20.384775043951688,18.678781999066896,21.0,18.0
2017-08-08,0,20.0,20.21770296227284,19.996254037524917,20.099207518899796,20.01086063715163,20.077907863293877,20.0,18.0
2017-08-08,1,20.0,20.242024390179857,20.1029030948587,20.201847895944706,20.08910849825741,19.96362235266996,20.0,19.0
2017-08-08,2,20.0,20.242024390179857,20.1029030948587,20.201847895944706,20.08910849825741,19.85339555818587,20.0,19.0
2017-08-08,3,19.0,20.35767847770094,20.20585827693606,20.304828121356312,20.25380547277918,19.848853648654764,21.0,18.0
2017-08-08,4,20.0,20.242024390179857,20.08992140831522,20.201847895944706,20.081972222659733,19.63618388417516,20.0,19.0
2017-08-08,5,20.0,20.092407896572514,19.92538052471358,20.03625848228663,19.891012557449084,19.465459805374937,19.0,18.0
2017-08-08,6,21.0,20.657498729228728,20.637716071881364,20.623070877719456,20.58910388231503,19.568800674263475,21.0,19.0
2017-08-08,7,21.0,20.698654022413145,20.699925553978,20.713128021651272,20.70164159986945,19.497730060832854,21.0,21.0
2017-08-08,8,22.0,22.42508375108784,22.282604712408485,22.216996715992146,22.26390820078723,22.5235413819753,23.0,20.0
2017-08-08,9,23.0,22.782640902710035,22.76104647993179,22.775284184706127,22.80633146821175,22.500169394429527,23.0,23.0
2017-08-08,10,23.0,24.202213075012125,24.113768044098776,23.991614220895805,23.967834420662218,22.60118760906529,24.0,26.0
2017-08-08,11,18.0,24.50245976690898,24.436226808863942,24.2976029895408,24.325195647587062,22.78557318558595,25.0,25.0
2017-08-08,12,0.0,24.170783794599682,24.225291939605068,24.166033594115653,24.173728561839326,22.899880924187286,25.0,24.0
2017-08-08,13,55.0,24.610398171700478,24.5573710352834,24.430875361248486,24.40015932487903,23.003750083421984,25.0,25.0
2017-08-08,14,23.0,24.0401066456928,24.047247448270202,24.017327956478375,23.997128553820826,23.065285770191714,24.0,23.0
2017-08-08,15,24.0,24.05105362800251,24.078654359166016,24.049890614148513,24.065919292010193,23.28790717776154,25.0,23.0
2017-08-08,16,23.0,24.0401066456928,24.047247448270202,24.017327956478375,23.997128553820826,23.316917954797677,24.0,23.0
2017-08-08,17,22.0,23.70606904266181,23.75354377708854,23.723627542054558,23.615354124878277,23.34542295618471,23.0,22.0
2017-08-08,18,21.0,21.269136456401426,21.320865186030524,21.31385117999626,21.19505878609102,20.528252353406454,22.0,20.0
2017-08-08,19,19.0,20.523335930693662,20.602262976965257,20.557870788738768,20.40815951533023,20.30832270635135,19.0,20.0
2017-08-08,20,19.0,20.43026935811368,20.494291283718315,20.443501022543924,20.280868825200574,20.35278544882065,19.0,19.0
2017-08-08,21,20.0,20.873414722243364,20.9367035294612,20.84664123033583,20.761213719310206,20.525170417688027,21.0,20.0
2017-08-08,22,21.0,20.60294216096078,20.66450472981694,20.574431439193418,20.445830409979667,20.399922548319626,20.0,20.0
2017-08-08,23,20.0,20.60294216096078,20.66450472981694,20.555242427967226,20.434812584127453,20.340088500138847,20.0,20.0
2017-08-09,0,20.0,17.86244444857353,17.08042205900752,17.36462636142779,17.318397371225036,16.665989049021228,19.0,20.0
2017-08-09,1,21.0,17.143214251209855,16.11270541158562,17.0050882078328,16.203373745571856,16.681172236205597,20.0,20.0
2017-08-09,2,20.0,16.680108871328923,15.867047284259744,16.728192985790802,15.20852424389493,16.591564919057035,20.0,20.0
2017-08-09,3,20.0,17.172069208776417,16.691505603985448,17.286946668738835,15.893654771234214,16.51120138642699,20.0,19.0
2017-08-09,4,20.0,16.534663165270548,15.731349069123052,16.40089003939615,15.978211656451075,16.312118179551995,19.0,20.0
2017-08-09,5,20.0,16.950850778550226,16.107644898878483,16.779400041221624,15.484197804158255,16.41670557366627,21.0,20.0
2017-08-09,6,21.0,17.138371182129337,16.28973112732319,16.908518588483517,15.6254882455331,16.335903633892766,21.0,21.0
2017-08-09,7,21.0,17.138371182129337,16.28973112732319,16.908518588483517,15.6254882455331,16.289546496413365,21.0,21.0
2017-08-09,8,19.0,19.176909672356032,18.64848387951125,19.17030015137888,17.695540325482927,19.66427254712182,23.0,22.0
2017-08-09,9,25.0,20.58491996604536,19.452209248061568,20.092426357425538,18.51339230626562,19.748468578357116,24.0,23.0
2017-08-09,10,23.0,21.262856031090987,20.61133899093442,21.25831438376967,19.759315482323263,19.873220356423246,25.0,23.0
2017-08-09,11,23.0,22.59090294918151,21.978219633904946,22.586935418002724,23.106979915440892,19.99871169928324,25.0,18.0
2017-08-09,12,22.0,22.95650112128603,23.155261190061502,23.216606890877085,23.63269119794423,20.325718169956737,25.0,0.0
2017-08-09,13,21.0,23.53771834102855,23.398548406303373,23.545272317483906,23.896024063256487,19.4744855844829,23.0,55.0
2017-08-09,14,24.0,23.41055825372447,23.050877692441123,23.403134400083548,23.634559402238143,20.2103848033163,25.0,23.0
2017-08-09,15,23.0,23.56733078223746,22.798507280170856,23.08614852105384,23.67614967217242,20.214430621545134,24.0,24.0
2017-08-09,16,24.0,22.028759449758663,21.723930861703995,22.002269506400314,22.38666335563731,20.15014017462125,22.0,23.0
2017-08-09,17,23.0,22.477556887532764,22.105888632096324,22.34226848412659,22.753388476527753,20.35716024824453,23.0,22.0
2017-08-09,18,22.0,19.31624255128169,19.299351858734408,19.55601985029515,19.582342692779097,16.951125068575287,20.0,21.0
2017-08-09,19,20.0,19.59796943357573,19.55832010920984,19.73414450705614,20.009716018622747,17.135847037737996,21.0,19.0
2017-08-09,20,20.0,18.96640955651184,18.980945835211205,19.273828419479212,19.52344581366204,16.987981404627618,19.0,19.0
2017-08-09,21,20.0,19.79142379248409,19.632181414607228,19.902217932300516,19.91906014166748,17.26748090079844,22.0,20.0
2017-08-09,22,20.0,19.591122967150888,19.419196395700695,19.711795775931567,19.718821901457627,17.146126074686514,21.0,21.0
2017-08-09,23,20.0,19.112807819385388,19.066400417218357,19.317236932187303,19.33771804035592,17.02719683748585,20.0,20.0
2017-08-10,0,20.0,19.473278826490002,19.788387502452114,19.521892271045203,19.898564602984703,20.24420323772276,19.0,20.0
2017-08-10,1,20.0,19.486005622853902,19.822690501847976,19.58331921085824,19.98853324319981,20.159070842639743,19.0,21.0
2017-08-10,2,20.0,19.392724250442495,19.750688381385853,19.48015916948258,19.87599552564539,20.08982373039366,19.0,20.0
2017-08-10,3,19.0,19.392724250442495,19.750688381385853,19.48015916948258,19.87599552564539,20.00126884624147,19.0,20.0
2017-08-10,4,20.0,19.392724250442495,19.737706694842373,19.48015916948258,19.868859250047713,19.91384078776632,19.0,20.0
2017-08-10,5,20.0,19.493429466848053,19.847983087569116,19.567522669168714,19.932690401753348,19.83408405790021,19.0,20.0
2017-08-10,6,20.0,19.797996021109093,20.125085723644922,19.87041226158717,20.285789713234852,19.847735037563325,20.0,21.0
2017-08-10,7,22.0,19.991299015795978,20.332916909676808,20.078268490953302,20.50476839739021,19.893980920044974,21.0,21.0
2017-08-10,8,21.0,20.41441041472213,20.67087727303175,20.368867556650486,20.83335968434971,23.149118817902497,20.0,19.0
2017-08-10,9,22.0,21.815957855178286,22.07491537281808,21.712298645559752,22.3713722690173,23.1599344570631,21.0,25.0
2017-08-10,10,24.0,22.725843698360958,23.101920839812337,22.7890420586779,23.23520954561828,23.400218859693634,23.0,23.0
2017-08-10,11,24.0,23.3933838587659,23.56050299377339,23.230007042846527,23.67270012521314,23.543624753976285,24.0,23.0
2017-08-10,12,24.0,23.335554032264955,23.6220157086973,23.48201193527445,23.670291109971046,23.628779377036725,24.0,22.0
2017-08-10,13,23.0,22.225920824706897,22.558981716977037,22.44804298805687,22.493122473709295,23.544066088019704,22.0,21.0
2017-08-10,14,23.0,23.67422317745809,23.95171698579771,23.84220684388667,24.023981139025498,23.789952788274235,24.0,24.0
2017-08-10,15,24.0,23.248134657123224,23.583901943061328,23.47438322804822,23.65624189116033,23.816003261368643,23.0,23.0
2017-08-10,16,24.0,23.456433222839344,23.79728896561531,23.6746679706929,23.83348732518185,23.906828271798,23.0,24.0
2017-08-10,17,25.0,22.7071310401512,23.047986782927165,22.925365788004758,23.04625852593285,23.92408059060632,22.0,23.0
2017-08-10,18,22.0,20.80738377971119,21.137708309479482,21.06689251843873,21.25310029997223,20.58190873896437,21.0,22.0
2017-08-10,19,20.0,19.89692151230457,20.290956762745832,20.16936203605854,20.257766666513383,20.48697174876836,19.0,20.0
2017-08-10,20,20.0,19.719541742729646,20.118622637059346,20.12327157582771,19.98837115278506,20.435345900774102,18.0,20.0
2017-08-10,21,21.0,19.968513919500246,20.340096235688215,20.18592268651319,20.336140535836584,20.639444605947098,20.0,20.0
2017-08-10,22,21.0,19.82306821344187,20.187275024011818,20.054992269863696,20.143814958452467,20.53752503499987,19.0,20.0
2017-08-10,23,22.0,19.82306821344187,20.187275024011818,20.035803258637504,20.132797132600253,20.50485736571368,19.0,20.0
2017-08-11,0,21.0,19.611322258353507,19.920510320167505,19.838175423134242,20.065336988727626,20.578626318971796,19.0,20.0
2017-08-11,1,22.0,19.530767682306,19.882811199101244,19.796442321571618,20.042767911388314,20.515009811802653,19.0,20.0
2017-08-11,2,20.0,19.45778510224817,19.82101315657202,19.864721627535634,19.80115218366108,20.345599092675414,18.0,20.0
2017-08-11,3,19.0,19.503540585517275,19.865418964679016,19.796442321571618,20.042767911388314,20.370549083230003,19.0,19.0
2017-08-11,4,19.0,19.45778510224817,19.80803147002854,19.864721627535634,19.79191303923474,20.180509249612932,18.0,20.0
2017-08-11,5,19.0,19.631472898711557,19.980105905284507,19.883805821257752,20.097359918667607,20.197253576115774,19.0,20.0
2017-08-11,6,21.0,19.67753959095308,20.034779241391075,19.92908297158243,20.1839476341235,20.132203953920055,19.0,20.0
2017-08-11,7,20.0,20.474532231141808,20.774498306205146,20.651517486011333,21.0032426687017,20.243337134917113,21.0,22.0
2017-08-11,8,23.0,21.423307771676388,21.708552598439915,21.56667311502591,21.524308678478963,23.428680305817768,18.0,21.0
2017-08-11,9,22.0,21.04259003044368,21.36099069589995,21.156359608739983,21.45665017138465,23.597360933493974,20.0,22.0
2017-08-11,10,23.0,22.440237384402465,22.83749507900263,22.632861724395195,23.046085162406566,23.7762285210863,22.0,24.0
2017-08-11,11,22.0,22.386964994896008,22.843497683500257,22.621238585998327,23.09377979672087,23.725400809810182,21.0,24.0
2017-08-11,12,24.0,22.672014244267732,23.12854693287198,22.90628783537005,23.29308192815778,23.882567514655577,22.0,24.0
2017-08-11,13,23.0,22.55228407767056,22.98190935243293,22.747736194287995,23.01716755974401,23.977207580465773,22.0,23.0
2017-08-11,14,24.0,23.101301517714024,23.530926792476393,23.29675363433146,23.638168750823706,24.16382855489064,23.0,23.0
2017-08-11,15,23.0,23.301586260358704,23.731211535121073,23.49703837697614,23.815414184845224,24.249616789332514,23.0,24.0
2017-08-11,16,25.0,22.616309468818873,22.918860540013668,22.948020936932675,23.326668831349306,24.25599763550612,22.0,24.0
2017-08-11,17,23.0,22.689580173948922,22.947062358376098,22.868627625883054,23.329582732276233,24.24265026095748,21.0,25.0
2017-08-11,18,22.0,20.2083456978886,20.48580186689908,20.55778281369731,20.919643850305064,20.793043349051462,20.0,22.0
2017-08-11,19,18.0,19.471172219803723,19.805774030842056,20.04386803652233,19.944314063629193,20.69912042335203,18.0,20.0
2017-08-11,20,20.0,19.471172219803723,19.779185830261127,20.04386803652233,19.91750511401663,20.743995631726722,18.0,20.0
2017-08-11,21,21.0,19.957698943553538,20.34909738432536,20.180545750042253,20.457969105659405,20.939010531456635,20.0,21.0
2017-08-11,22,21.0,19.812253237495163,20.196276172648965,20.049615333392758,20.265643528275287,20.84325456217393,19.0,21.0
2017-08-11,23,21.0,20.177215804527222,20.52569283304069,20.381587580884407,20.759728206192104,20.803951255705414,19.0,22.0
2017-08-12,0,23.0,19.016310489010355,19.39113615472623,19.256768588457497,19.550614431648054,18.581466372576863,19.0,21.0
2017-08-12,1,22.0,18.974481317239203,19.368737471821344,19.27313505903304,19.50547818675727,18.507654442695873,19.0,22.0
2017-08-12,2,18.0,18.19818010797028,18.56582120480323,18.488416250524864,18.78878397353748,18.369241658300847,18.0,20.0
2017-08-12,3,19.0,18.894083558390616,19.281898704036916,19.19594339398227,19.481207827715107,18.39708667387968,19.0,19.0
2017-08-12,4,19.0,18.894083558390616,19.268917017493436,19.19594339398227,19.471968683288765,18.316609544136845,19.0,19.0
2017-08-12,5,19.0,18.994788774796174,19.37919341022018,19.283306893668403,19.5357998349944,18.24122235074045,19.0,19.0
2017-08-12,6,18.0,19.140627340684585,19.512620941769537,19.405775709043855,19.675748568240962,18.149022424879007,19.0,21.0
2017-08-12,7,19.0,18.184695591704404,18.548926178315057,18.461590017539564,18.6864278593659,18.02053530378871,18.0,20.0
2017-08-12,8,17.0,17.864717146431506,18.245768713668475,18.088291786970192,18.33894196573785,17.950033990881778,18.0,23.0
2017-08-12,9,17.0,17.504066571271974,17.86244402032522,17.72764121181066,17.926775802800623,17.77000791561752,16.0,22.0
2017-08-12,10,16.0,17.504066571271974,17.86244402032522,17.72764121181066,17.926775802800623,17.866265811830182,17.0,23.0
2017-08-12,11,17.0,17.504066571271974,17.86244402032522,17.72764121181066,17.926775802800623,17.91940804555096,17.0,22.0
2017-08-12,12,17.0,17.504066571271974,17.86244402032522,17.72764121181066,17.926775802800623,17.951802293379096,17.0,24.0
2017-08-12,13,16.0,17.48796391451899,17.862330491797636,17.711274741235115,17.916012439330338,18.042824478557716,17.0,23.0
2017-08-12,14,17.0,17.48796391451899,17.862330491797636,17.711274741235115,17.916012439330338,18.02520488219612,16.0,24.0
2017-08-12,15,17.0,17.48796391451899,17.862330491797636,17.711274741235115,17.916012439330338,18.229252667999432,17.0,23.0
2017-08-12,16,16.0,17.70060343655496,17.91126116017726,17.87646901414141,17.946778296559643,18.29931344635305,17.0,25.0
2017-08-12,17,17.0,18.042721036124696,18.389776928799115,18.29311887673177,18.518329358560106,18.419537501733917,17.0,23.0
2017-08-12,18,16.0,18.042721036124696,18.389776928799115,18.29311887673177,18.518329358560106,18.515134379549565,17.0,22.0
2017-08-12,19,17.0,18.022887336583096,18.272779715286077,18.23783956910923,18.565412934386348,18.636370302955772,17.0,18.0
2017-08-12,20,17.0,18.154990437326347,18.43452012810835,18.382213047716764,18.699281077869582,18.655015354443215,17.0,20.0
2017-08-12,21,19.0,19.016310489010355,19.314346305054112,19.16693185622494,19.482892725302655,18.852251685005104,19.0,21.0
2017-08-12,22,18.0,19.016310489010355,19.314346305054112,19.16693185622494,19.482892725302655,18.85291871044548,19.0,21.0
2017-08-12,23,19.0,18.25462222807546,18.56091994706565,18.459404712767537,18.779451045272815,18.737272065666918,18.0,21.0
2017-08-13,0,18.0,18.680618529749275,18.92110828056592,19.039537898113714,19.17907435265769,17.621858044311498,19.0,23.0
2017-08-13,1,19.0,18.658163472776423,18.90126518476096,19.05590436868926,19.189837716127975,17.57732994385827,19.0,22.0
2017-08-13,2,19.0,18.45679813090423,18.790787429664864,18.804364967578604,18.99115587653041,17.561616021598738,19.0,18.0
2017-08-13,3,19.0,18.561674134858755,18.935135608064908,18.948738446186137,19.125024020013644,17.4696325690288,19.0,19.0
2017-08-13,4,18.0,18.561674134858755,18.922153921521428,18.948738446186137,19.115784875587302,17.39017299792513,19.0,19.0
2017-08-13,5,19.0,18.662379351264313,19.03243031424817,19.03610194587227,19.179616027292937,17.315425468630487,19.0,19.0
2017-08-13,6,18.0,17.834372800100727,18.15461240219221,18.184201323807333,18.353324029632077,17.171355660613376,18.0,18.0
2017-08-13,7,19.0,18.594256310834403,18.962273758241743,18.967189363525517,19.082446671685393,17.202079694721004,19.0,19.0
2017-08-13,8,17.0,17.39828429068661,17.667818671511995,17.671617798880085,17.872893612411755,17.012949295031763,17.0,17.0
2017-08-13,9,17.0,17.03763371552708,17.28449397816874,17.310967223720553,17.49552404668868,17.005148297182586,17.0,17.0
2017-08-13,10,17.0,17.03763371552708,17.28449397816874,17.310967223720553,17.49552404668868,17.03417872214635,17.0,16.0
2017-08-13,11,16.0,17.09287872518477,17.353275918068594,17.310967223720553,17.49552404668868,17.151678033129304,18.0,17.0
2017-08-13,12,17.0,17.09287872518477,17.353275918068594,17.310967223720553,17.521652794932077,17.022985725505702,16.0,17.0
2017-08-13,13,16.0,17.156788287078054,17.426884165783648,17.29460075314501,17.51088943146179,17.205878657642238,17.0,16.0
2017-08-13,14,16.0,17.184570945259484,17.42469930999796,17.29460075314501,17.51088943146179,17.186714775530834,16.0,17.0
2017-08-13,15,17.0,17.184570945259484,17.42469930999796,17.29460075314501,17.51088943146179,17.37562314975381,17.0,17.0
2017-08-13,16,17.0,17.157483931368535,17.380286838364558,17.29460075314501,17.51088943146179,17.392578309799696,16.0,16.0
2017-08-13,17,17.0,17.73932806686519,17.962130973861214,17.876444888641664,18.07840975347741,17.564250760747377,17.0,17.0
2017-08-13,18,17.0,17.73932806686519,18.062916405551725,17.977230545705673,18.07840975347741,17.56610149135129,16.0,16.0
2017-08-13,19,16.0,17.853517799536625,18.17710613822316,18.091420278377107,18.235357874928283,17.712017045252118,17.0,17.0
2017-08-13,20,17.0,17.853517799536625,18.17710613822316,18.091420278377107,18.235357874928283,17.665400397829323,16.0,17.0
2017-08-13,21,18.0,17.9854808173821,18.365866788256604,18.23579375698464,18.369226018411517,17.849840983686956,18.0,19.0
2017-08-13,22,19.0,18.64229307436247,18.974944967845023,18.798947421834512,18.938799554958123,17.959175390406497,19.0,18.0
2017-08-13,23,19.0,17.9854808173821,18.365866788256604,18.23579375698464,18.369226018411517,17.831259728034325,18.0,19.0
2017-08-14,0,18.0,19.052417418330858,19.25665878749662,19.291168588717667,19.221463701705414,19.085908690652385,18.0,18.0
2017-08-14,1,19.0,19.188279140021542,19.445062511692175,19.325529659798562,19.617447641314474,19.106815129903847,19.0,19.0
2017-08-14,2,18.0,19.188279140021542,19.445062511692175,19.325529659798562,19.617447641314474,19.03541298420025,19.0,19.0
2017-08-14,3,19.0,19.115296559963713,19.38326446916295,19.393808965762577,19.299711562811193,18.86334131365887,18.0,19.0
2017-08-14,4,18.0,19.083403136067016,19.28773264674865,19.181156181191028,19.509494427271704,18.890936379361072,19.0,18.0
2017-08-14,5,19.0,19.21600177636927,19.48055917534621,19.48117246544871,19.35640643891915,18.708667389953256,18.0,19.0
2017-08-14,6,18.0,19.24994782826383,19.47264045716074,19.359669797183283,19.65991329443323,18.751592062879478,19.0,18.0
2017-08-14,7,19.0,19.720799629752342,19.955288919521006,19.820478939893626,20.133682795504875,18.875905525140276,21.0,19.0
2017-08-14,8,19.0,20.456686200010754,20.843181833140545,20.19194068870318,20.508368469222226,22.34394021227157,20.0,17.0
2017-08-14,9,20.0,21.82180473595154,22.248055324626606,21.696288298616672,21.915196940785144,22.617009759755277,23.0,17.0
2017-08-14,10,24.0,22.95820996097322,23.397708995778334,22.83949929416337,23.055820941239926,22.913184342088154,26.0,17.0
2017-08-14,11,22.0,23.424842245612492,23.77697887235434,23.112925405138228,23.30281770699114,22.87168933043065,25.0,16.0
2017-08-14,12,24.0,23.3813300314808,23.871277558712094,23.34629850455902,23.344830849665517,22.823178512469767,24.0,17.0
2017-08-14,13,23.0,23.585409040306267,24.04162989797662,23.5056514523075,23.49196420917316,23.0065382679136,25.0,16.0
2017-08-14,14,23.0,23.111210324379954,23.596265958997105,23.030246872656736,22.988109314456363,22.908094729517156,23.0,16.0
2017-08-14,15,25.0,23.111210324379954,23.596265958997105,23.030246872656736,22.988109314456363,22.990035382313906,23.0,17.0
2017-08-14,16,25.0,23.111210324379954,23.612520476404647,23.030246872656736,22.988109314456363,23.08699184495159,23.0,17.0
2017-08-14,17,24.0,22.41248202029085,22.913792172315542,22.33151856856763,22.228353650782246,23.085601846915942,22.0,17.0
2017-08-14,18,22.0,19.93238605109505,20.318141543709825,20.161333107201468,20.14110558728222,19.416715832881152,20.0,17.0
2017-08-14,19,20.0,19.896085990472855,20.318141543709825,20.102075121480492,20.11685616936489,19.49666856531565,20.0,16.0
2017-08-14,20,20.0,19.684800808623223,20.074740873208714,19.856774938636153,19.83794287652488,19.43605842747852,19.0,17.0
2017-08-14,21,20.0,19.822232691610157,20.204474578114034,19.987705355285648,20.002904461303974,19.540497710744354,20.0,18.0
2017-08-14,22,21.0,19.927108695564684,20.34882275651408,20.132078833893182,20.103721399749066,19.528303989462184,20.0,19.0
2017-08-14,23,19.0,19.927108695564684,20.34882275651408,20.11288982266699,20.092703573896852,19.507294590061903,20.0,19.0
2017-08-15,0,20.0,19.415337312746566,19.710076592394785,19.442617611570473,19.8329681718511,20.070590029139808,20.0,18.0
2017-08-15,1,21.0,19.439658740653584,19.816725649728568,19.545257988615383,19.91121603295688,19.994980829525712,20.0,19.0
2017-08-15,2,20.0,19.334782736699058,19.672377471328524,19.40088451000785,19.810399094511787,19.934607922715173,20.0,18.0
2017-08-15,3,20.0,19.29421303459521,19.68625655180023,19.436678553878707,19.757242154485688,19.74633221848777,19.0,19.0
2017-08-15,4,20.0,19.334782736699058,19.659395784785044,19.40088451000785,19.80326281891411,19.772092812277112,20.0,18.0
2017-08-15,5,20.0,19.540363957059142,19.91402035591183,19.632621488301517,19.967910909064837,19.68219859531427,20.0,19.0
2017-08-15,6,21.0,19.721857520371483,20.091606955674536,19.826751830019244,20.2191955990425,19.72472993413273,21.0,18.0
2017-08-15,7,22.0,19.82673352432601,20.196482959629062,19.93162783397377,20.27347730867609,19.66238079110362,21.0,19.0
2017-08-15,8,20.0,20.847742270153994,21.19293995344504,20.826825368157355,21.188525963474174,23.23900378664155,22.0,19.0
2017-08-15,9,22.0,21.593872512920036,21.952051882754564,21.68536107235257,22.020617846307832,23.313038563297027,23.0,20.0
2017-08-15,10,23.0,22.845348007217282,23.305462644671586,22.945846185718707,23.293701608480095,23.27576675350231,23.0,24.0
2017-08-15,11,23.0,22.63880308626787,22.850309940199235,22.65775875585922,22.596402647276463,22.87675723084326,18.0,22.0
2017-08-15,12,25.0,22.689610672658546,23.1068045812826,23.182611363140484,23.403515361410577,21.22744529382548,0.0,24.0
2017-08-15,13,24.0,23.50219730579686,23.871394482426496,23.659603512763674,23.81188399442483,26.464303082173114,55.0,23.0
2017-08-15,14,25.0,23.275149100162565,23.658695925732847,23.43090261244435,23.563617268244027,23.56280451726199,23.0,23.0
2017-08-15,15,24.0,24.059557574999204,24.339762036203382,24.004382166604902,24.204072570305293,23.726850566756752,24.0,25.0
2017-08-15,16,25.0,23.84176762038046,24.195319242882757,23.836843293411132,24.013578756461644,23.73211353160846,23.0,25.0
2017-08-15,17,25.0,22.93443022583522,23.33305073510514,23.082169915045565,23.252117348769627,23.745690034170096,22.0,24.0
2017-08-15,18,22.0,20.843894537480328,21.172190861634814,21.02341190283486,21.160475677055924,20.250346152186804,21.0,22.0
2017-08-15,19,20.0,19.933432270073705,20.325439314901164,20.125881420454668,20.16514204359708,20.15666291445929,19.0,20.0
2017-08-15,20,21.0,19.867592794282448,20.23485985607645,20.011511654259824,20.078554328141188,20.202240852410554,19.0,20.0
2017-08-15,21,22.0,20.005024677269382,20.36459356098177,20.14244207090932,20.24351591292028,20.318658967106952,20.0,20.0
2017-08-15,22,21.0,20.368778610963375,20.708794481088155,20.51781190342739,20.67143693980524,20.397602485181014,21.0,21.0
2017-08-15,23,20.0,19.977797580480658,20.347201326559542,20.123253059683126,20.232498087068066,20.307907658318378,20.0,19.0
2017-08-16,0,21.0,19.752304856993405,20.036496511855894,19.889888117092838,20.245618093889732,19.930446437184486,20.0,20.0
2017-08-16,1,21.0,19.95833464804419,20.278630697283642,20.159171286272006,20.5545654182602,19.947431560654625,21.0,21.0
2017-08-16,2,20.0,19.671750280945897,19.998797390789633,19.848155015530214,20.22304901655042,19.79266066400451,20.0,20.0
2017-08-16,3,21.0,19.671750280945897,19.998797390789633,19.848155015530214,20.22304901655042,19.710979129587304,20.0,20.0
2017-08-16,4,21.0,19.671750280945897,19.985815704246154,19.848155015530214,20.215912740952742,19.62882517786162,20.0,20.0
2017-08-16,5,22.0,19.772455497351455,20.096092096972896,19.935518515216348,20.279743892658377,19.552383890100366,20.0,20.0
2017-08-16,6,22.0,20.124879340241005,20.45055682115225,20.33768490226426,20.69784800982405,19.567165705323305,21.0,21.0
2017-08-16,7,23.0,20.489841907273064,20.80028623610312,20.66965714975591,21.04868562109649,19.50493947920287,21.0,22.0
2017-08-16,8,21.0,20.832938474558386,21.30613753944927,20.799679555501577,20.872465418312355,22.81271735223609,19.0,20.0
2017-08-16,9,23.0,22.62737835077612,23.000754952125956,22.57196257357463,22.918964738357957,23.341151946515083,25.0,22.0
2017-08-16,10,25.0,23.06480116437528,23.572485211426,23.04845846998886,23.428289158052117,23.15901121058503,23.0,23.0
2017-08-16,11,24.0,23.354100873962423,23.86353706529535,23.321884580963715,23.67528592380333,23.200884949874045,23.0,23.0
2017-08-16,12,24.0,23.186599007377403,23.68686684092045,23.188029457923907,23.534529538275482,23.142482144351057,22.0,25.0
2017-08-16,13,25.0,22.800873503239423,23.298907958525525,22.821375005900894,23.20359828918313,23.142707276178545,21.0,24.0
2017-08-16,14,25.0,24.04197480115856,24.457061743261246,23.98872753383868,24.247355608806576,23.501744367523955,24.0,25.0
2017-08-16,15,25.0,23.63494019265461,24.132974647940713,23.674630706542274,23.90266359996817,23.52092149088338,23.0,24.0
2017-08-16,16,25.0,24.04998862423,24.470164023170547,23.98872753383868,24.247355608806576,23.700000364262102,24.0,25.0
2017-08-16,17,25.0,23.824184846539815,24.302633723078845,23.82118866064491,24.056861794962927,23.70012393762215,23.0,25.0
2017-08-16,18,22.0,21.082109628773214,21.427154009320578,21.360437452032713,21.577217540887357,20.234964470127842,22.0,22.0
2017-08-16,19,21.0,20.023510869680358,20.439641476518716,20.300255188557408,20.519268518683823,20.141158315491655,20.0,20.0
2017-08-16,20,21.0,20.050952766300508,20.421064138156126,20.289045463738223,20.545218520782353,20.172562575957663,20.0,21.0
2017-08-16,21,23.0,20.407901510261127,20.757691273197693,20.62101771122987,20.868692139449767,20.181066145139035,20.0,22.0
2017-08-16,22,21.0,20.042938943229068,20.407961858246825,20.289045463738223,20.517854528177327,20.193361196969043,20.0,21.0
2017-08-16,23,20.0,19.94965757081766,20.3359597377847,20.16669641113637,20.394298984770693,20.18251101632108,20.0,20.0
2017-08-17,0,20.0,19.82676103073852,20.082804846548765,19.9746682062258,20.39966179476828,19.70019555535214,20.0,21.0
2017-08-17,1,21.0,19.746206454691013,20.045105725482504,19.932935104663176,20.37709271742897,19.640663752121874,20.0,21.0
2017-08-17,2,21.0,19.652925082279605,19.97310360502038,19.829775063287517,20.264554999874548,19.582400644152628,20.0,20.0
2017-08-17,3,20.0,19.600760748632638,19.914636627554167,19.8243556699265,20.223118838957777,19.39593666526298,19.0,21.0
2017-08-17,4,20.0,19.746206454691013,20.032124038939024,19.932935104663176,20.36995644183129,19.409274141455363,20.0,21.0
2017-08-17,5,21.0,20.21187423812863,20.492129846616635,20.35227085184096,20.784625204809366,19.32025383178646,20.0,22.0
2017-08-17,6,21.0,20.277713713919887,20.56676126430198,20.44342096814708,20.871212920265258,19.2557419710662,20.0,22.0
2017-08-17,7,22.0,20.81500290519124,21.136518192667488,21.013191109986924,21.415386955240173,19.380150693931224,22.0,23.0
2017-08-17,8,20.0,21.048354145957177,21.461430788649526,20.92092028646054,21.364665084603306,22.835872320488843,21.0,21.0
2017-08-17,9,22.0,21.862534674751586,22.29129939765538,21.832443673032955,22.234060496262995,22.894703608054435,22.0,23.0
2017-08-17,10,24.0,23.19938138014512,23.631600005069146,23.291404852055518,23.467069261867753,23.07030261900648,24.0,25.0
2017-08-17,11,25.0,23.761364195630996,24.20565832226248,23.67132824455947,24.084531154992625,23.123009842656884,24.0,24.0
2017-08-17,12,25.0,23.761364195630996,24.221164000057534,23.739647864815808,24.101076493944422,23.18256387386457,24.0,24.0
2017-08-17,13,24.0,23.343431888089587,23.82427439884748,23.53056446154429,23.562686630066427,23.151964659350206,23.0,25.0
2017-08-17,14,24.0,23.343431888089587,23.82427439884748,23.549753472770483,23.57370445591864,23.2412513259605,23.0,25.0
2017-08-17,15,25.0,23.56923566577977,23.99180469893918,23.717292345964253,23.76419826976229,23.431112256804354,24.0,25.0
2017-08-17,16,25.0,23.577249488851212,24.00490697884848,23.717292345964253,23.76419826976229,23.528513005608435,24.0,25.0
2017-08-17,17,24.0,23.60627657497675,24.04789037966474,23.797643384316,23.832989007951657,23.714458236930376,25.0,25.0
2017-08-17,18,22.0,21.063284430106922,21.401460223551325,21.342057499790016,21.618723524211486,20.00617177436484,22.0,22.0
2017-08-17,19,21.0,20.097967043425474,20.485949811211587,20.38503527769037,20.673312219562373,19.898973306797444,20.0,21.0
2017-08-17,20,21.0,20.032127567634216,20.395370352386873,20.270665511495526,20.58672450410648,19.945425152042652,20.0,21.0
2017-08-17,21,22.0,20.709952871717277,21.072539831661715,20.94317926485869,21.295835816795183,20.035606845798668,21.0,23.0
2017-08-17,22,21.0,20.29458630584536,20.654466872121834,20.54287530263794,20.874743820831995,20.064274029541917,21.0,21.0
2017-08-17,23,21.0,20.49488713117856,20.87604694940432,20.714108447780696,21.006129243554167,20.14993163757482,22.0,20.0
2017-08-18,0,20.0,20.416577218904088,20.371371391449415,20.535875686802978,20.41060221898535,19.96660258538906,21.0,20.0
2017-08-18,1,21.0,20.722886213012597,20.699256588589886,20.861751385819407,20.738478968454054,19.98991316467312,22.0,21.0
2017-08-18,2,20.0,20.236001020581103,20.197843204813392,20.360312958708665,20.264559318169887,19.73369538143426,20.0,21.0
2017-08-18,3,20.0,19.99727394211132,19.99537198642293,20.177706921137545,20.015080579019486,19.577360805058863,19.0,20.0
2017-08-18,4,20.0,19.99727394211132,19.98239029987945,20.177706921137545,20.005841434593144,19.49909077433619,19.0,20.0
2017-08-18,5,20.0,20.191260530928286,20.164668813068317,20.339097023658123,20.16517744697799,19.411277718042424,19.0,21.0
2017-08-18,6,21.0,20.57607592391507,20.557642433135108,20.70080983808561,20.62471772506043,19.5342335683639,21.0,21.0
2017-08-18,7,22.0,20.747735496260244,20.679227907494948,20.824925856211127,20.75657665217751,19.377646610488352,20.0,22.0
2017-08-18,8,20.0,22.61644714924899,22.558008070017248,22.171984689073554,22.204017182853423,23.260704313159753,23.0,20.0
2017-08-18,9,23.0,22.42336472328029,22.36953956085954,22.039062635416652,21.902882489299987,23.1305591985439,22.0,22.0
2017-08-18,10,23.0,23.883144324851045,23.893648000229188,23.563143764004586,23.507143183533657,23.2101274439697,23.0,24.0
2017-08-18,11,24.0,23.293220638774116,23.352675950731093,23.181055153406884,22.89492946841529,23.138765523762945,22.0,25.0
2017-08-18,12,25.0,24.068041856507765,24.06922369086626,23.89761146664412,23.57416863575486,23.38224777820939,24.0,25.0
2017-08-18,13,25.0,24.19547576076382,24.238347016304168,23.878302976542066,23.776709026624182,23.37614745422296,23.0,24.0
2017-08-18,14,24.0,24.421279538454005,24.40587731639587,24.045841849735837,23.978220666320045,23.556047523060613,24.0,24.0
2017-08-18,15,24.0,23.922792654865088,23.955340552980186,23.771805695012972,23.417261725102737,23.542536415335967,23.0,25.0
2017-08-18,16,25.0,24.17762351868081,24.13774647180129,24.01969560655849,23.676546277135753,23.825072640753937,25.0,25.0
2017-08-18,17,23.0,24.19547576076382,24.210239234217312,23.878302976542066,23.787726852476396,23.743040012947663,23.0,24.0
2017-08-18,18,23.0,21.408502268390883,21.373079508178403,21.564109722032505,21.462280793395582,20.153152964098727,22.0,22.0
2017-08-18,19,20.0,20.240275652172397,20.19927279519463,20.551405382260302,20.109782083088994,19.859310328777728,18.0,21.0
2017-08-18,20,20.0,20.39711818946791,20.407260473151872,20.56181034960818,20.430281773290577,20.09402536679574,20.0,21.0
2017-08-18,21,23.0,21.059640331673503,21.063273631683035,21.16599238824224,21.096502693893555,20.199940826678954,21.0,22.0
2017-08-18,22,22.0,20.694677764641444,20.73385697129131,20.834020140750592,20.745665082621116,20.21729750290619,21.0,21.0
2017-08-18,23,20.0,20.694677764641444,20.73385697129131,20.834020140750592,20.734647256768902,20.198528405368315,21.0,21.0
2017-08-19,0,20.0,21.15186370460636,21.178537821564973,21.15959162549737,21.295371119663177,18.53467481161127,23.0,20.0
2017-08-19,1,20.0,20.202022348085766,20.23076576981623,20.253218684717783,20.29503911832089,18.368501970299697,22.0,21.0
2017-08-19,2,21.0,18.63642882792742,18.655824136392106,18.683080520270053,18.75696447038342,17.936779498640664,18.0,20.0
2017-08-19,3,20.0,19.35955937513648,19.38929387004802,19.42842186021834,19.449388324561045,17.951745089916155,19.0,20.0
2017-08-19,4,20.0,19.35955937513648,19.37631218350454,19.42842186021834,19.440149180134703,17.87198455076428,19.0,20.0
2017-08-19,5,20.0,19.46026459154204,19.486588576231284,19.515785359904473,19.50398033184034,17.797047825045176,19.0,20.0
2017-08-19,6,20.0,18.80967882119114,18.82512096303749,18.84763568500696,18.891726445065945,17.625286878964165,18.0,21.0
2017-08-19,7,20.0,19.394061882581912,19.485878553587057,19.47196833924416,19.382807378374192,17.656075444448845,19.0,22.0
2017-08-19,8,18.0,18.301045534918863,18.266325111895153,18.25786049502894,18.33112606044239,17.46713424118407,17.0,20.0
2017-08-19,9,19.0,17.942315291229114,17.952446951914098,17.92230548155585,17.894956299646562,17.418194301352827,17.0,23.0
2017-08-19,10,18.0,17.942315291229114,17.952446951914098,17.92230548155585,17.894956299646562,17.340275682471166,16.0,23.0
2017-08-19,11,18.0,17.942315291229114,17.952446951914098,17.92230548155585,17.894956299646562,17.458231754028006,17.0,24.0
2017-08-19,12,18.0,17.72813144720807,17.730754609105613,17.877082979358686,17.524491172272903,17.503272246931317,17.0,25.0
2017-08-19,13,18.0,17.712028790455086,17.730641080578028,17.860716508783142,17.513727808802617,17.485786100799427,16.0,25.0
2017-08-19,14,18.0,17.92621263447613,17.952333423386513,17.905939010980305,17.884192936176277,17.681761525346428,17.0,24.0
2017-08-19,15,18.0,17.92621263447613,17.952333423386513,17.905939010980305,17.884192936176277,17.7775341590674,17.0,24.0
2017-08-19,16,19.0,17.684941776564138,17.676243382082852,17.860716508783142,17.513727808802617,17.767163680474646,16.0,25.0
2017-08-19,17,18.0,18.480969756081837,18.479779860387993,18.48778314647696,18.486509855406045,17.980465237877056,17.0,23.0
2017-08-19,18,18.0,18.480969756081837,18.479779860387993,18.48778314647696,18.486509855406045,17.968567196514602,16.0,23.0
2017-08-19,19,18.0,18.593239157283488,18.524523059697227,18.576877317461953,18.66746157471552,18.169671432412066,17.0,20.0
2017-08-19,20,19.0,18.593239157283488,18.524523059697227,18.576877317461953,18.66746157471552,18.216393558263647,17.0,20.0
2017-08-19,21,19.0,19.435185094169196,19.401793649543066,19.399410322461012,19.395173613787524,18.38671987272965,19.0,23.0
2017-08-19,22,21.0,18.6734968332343,18.648367291554603,18.654068982512726,18.691731933757683,18.30860611085469,18.0,22.0
2017-08-19,23,20.0,19.382014432109333,19.332347116180866,19.32221865741024,19.359885428893147,18.40872953733657,19.0,20.0
2017-08-20,0,20.0,18.580908540148364,18.6575311475849,18.637663911052407,18.741755497154465,17.485771070050518,18.0,20.0
2017-08-20,1,20.0,19.32014174411041,19.391114409768402,19.399371721576237,19.444942714802377,17.52254483519752,19.0,20.0
2017-08-20,2,20.0,19.39268652096857,19.463116530230526,19.47656338662701,19.52511268220561,17.43924343046013,19.0,21.0
2017-08-20,3,20.0,19.32014174411041,19.391114409768402,19.399371721576237,19.444942714802377,17.376156660071548,19.0,20.0
2017-08-20,4,20.0,18.59701119690135,18.644662989569007,18.65403038162795,18.74327971619841,17.204143682472747,18.0,20.0
2017-08-20,5,20.0,19.420846960515966,19.488409115951665,19.48673522126237,19.49953472208167,17.223536758918055,19.0,20.0
2017-08-20,6,20.0,18.697716413306907,18.75493938229575,18.741393881314085,18.807110867904044,17.06586260630227,18.0,20.0
2017-08-20,7,20.0,19.352723920086056,19.418252559945238,19.417822638915617,19.402365366474125,17.110190985008572,19.0,20.0
2017-08-20,8,19.0,18.12952480314954,18.12379747321549,18.084436877779304,18.192812307200487,16.92044794927822,17.0,18.0
2017-08-20,9,12.0,17.873750231944534,17.88482095827228,17.868159781227305,17.949310884960646,16.89785908488191,17.0,19.0
2017-08-20,10,20.0,17.768874227990008,17.740472779872235,17.72378630261977,17.815442741477412,16.92561943435117,17.0,18.0
2017-08-20,11,21.0,17.768874227990008,17.740472779872235,17.72378630261977,17.815442741477412,16.868397075040615,16.0,18.0
2017-08-20,12,19.0,17.768874227990008,17.740472779872235,17.72378630261977,17.815442741477412,17.0187014772687,17.0,18.0
2017-08-20,13,17.0,17.752771571237023,17.74035925134465,17.707419832044227,17.804679378007126,16.999137967419323,16.0,18.0
2017-08-20,14,18.0,17.752771571237023,17.74035925134465,17.707419832044227,17.804679378007126,17.08583632411092,16.0,18.0
2017-08-20,15,19.0,17.752771571237023,17.74035925134465,17.707419832044227,17.804679378007126,17.273474622839387,17.0,18.0
2017-08-20,16,17.0,17.8305605613006,17.830309731249518,17.85179331065176,17.93854752149036,17.355356582693556,17.0,19.0
2017-08-20,17,18.0,18.30752869284273,18.26780568834613,18.289263967540883,18.372199700022744,17.460515034588138,17.0,18.0
2017-08-20,18,18.0,18.30752869284273,18.26780568834613,18.289263967540883,18.372199700022744,17.54187147280271,17.0,18.0
2017-08-20,19,19.0,18.421718425514165,18.381995421017564,18.403453700212317,18.529147821473618,17.51475334939404,16.0,18.0
2017-08-20,20,19.0,18.52659442946869,18.526343599417608,18.54782717881985,18.663015964956852,17.64199197406661,17.0,19.0
2017-08-20,21,20.0,18.55368144335964,18.580741297912784,18.54782717881985,18.663015964956852,17.761505760115956,18.0,19.0
2017-08-20,22,20.0,19.415141577941423,19.40616977636337,19.37036018381891,19.446627612389925,17.830670332299736,19.0,21.0
2017-08-20,23,21.0,19.34259680108326,19.334167655901247,19.293168518768137,19.355439819134478,17.825388280552506,19.0,20.0
2017-08-21,0,20.0,19.830653352893318,19.442056545656158,19.884303973202734,18.627083542082996,17.48387514361029,18.0,20.0
2017-08-21,1,20.0,19.10511573392041,19.48611209145167,18.57061087419484,18.922250543246964,17.518921662520285,19.0,20.0
2017-08-21,2,20.0,19.03213315386258,19.424314048922444,18.601075983667975,18.604514464743684,17.35429605416711,18.0,20.0
2017-08-21,3,20.0,19.10511573392041,19.48611209145167,18.57061087419484,18.922250543246964,17.369541809154626,19.0,20.0
2017-08-21,4,20.0,19.03213315386258,19.411332362378964,18.601075983667975,18.597378189146006,17.196468277481202,18.0,20.0
2017-08-21,5,20.0,19.20582095032597,19.583406797634932,18.657974373880975,18.978945419354922,17.21519466176412,19.0,20.0
2017-08-21,6,21.0,19.13283837026814,19.660446949748156,18.73431244933555,18.825752398802614,17.057293112867285,18.0,20.0
2017-08-21,7,22.0,19.271660426117226,19.786236250521167,18.749124490187096,19.203267243149224,17.101848887854636,19.0,20.0
2017-08-21,8,21.0,20.621263077684727,21.351959375769894,19.722816711794778,19.85720520239486,20.655158978374608,19.0,19.0
2017-08-21,9,22.0,20.51144551537393,21.120691162208637,19.566855045753222,19.9826983615805,20.83766506449914,20.0,12.0
2017-08-21,10,24.0,22.938146702596846,23.3246701280752,21.990180312262517,22.373793669342493,21.11659970365225,24.0,20.0
2017-08-21,11,24.0,22.16772874680174,22.480351716712516,21.241533521332947,21.518303608848882,20.953645608559807,22.0,21.0
2017-08-21,12,25.0,23.236250735039423,23.689141226329337,22.301951786041364,22.596792436973335,21.226831833410582,24.0,19.0
2017-08-21,13,25.0,23.614859487819945,23.342592706157397,23.208206030885023,22.229053075911967,21.23662217648506,23.0,17.0
2017-08-21,14,25.0,23.614859487819945,23.342592706157397,23.227395042111215,22.24007090176418,21.3111167670936,23.0,18.0
2017-08-21,15,24.0,24.300865770464203,23.785771789351223,23.881808850868207,23.067903223110697,21.579851873156798,25.0,19.0
2017-08-21,16,25.0,24.300865770464203,23.79204107989699,23.881808850868207,23.067903223110697,21.704234297115857,25.0,17.0
2017-08-21,17,24.0,24.073328647795996,23.74905767908073,23.62758843669104,22.63037934016486,21.688904864787144,24.0,18.0
2017-08-21,18,22.0,20.998353615660314,20.66903746037081,21.068646744150502,20.064208388494475,18.014288961851413,22.0,18.0
2017-08-21,19,21.0,20.3707716992222,20.10325646298194,20.443596769542506,19.4696346951178,17.879602169119433,20.0,19.0
2017-08-21,20,20.0,20.304932223430942,20.012677004157226,20.32922700334766,19.38304697966191,17.9264594352742,20.0,19.0
2017-08-21,21,21.0,20.340237076217306,20.04727141478708,20.35920126080001,19.396226324129053,17.937571394206667,20.0,20.0
2017-08-21,22,21.0,20.61070963749989,20.31947021443134,20.631411051942422,19.71160963345959,18.03298043209798,21.0,20.0
2017-08-21,23,21.0,20.267375266917323,19.815438676367503,20.285930629688824,19.275256793936844,17.811406297005863,19.0,21.0
2017-08-22,0,20.0,20.387770550881115,20.139457687752603,20.40598033188581,20.155363892671602,19.82187890144006,20.0,20.0
2017-08-22,1,21.0,20.00620849407829,20.309589752718228,19.330608571717185,20.35177349948765,19.852560622426797,21.0,20.0
2017-08-22,2,21.0,19.812905499391405,20.101758566686343,19.122752342351053,20.13279481533229,19.683867669915667,20.0,20.0
2017-08-22,3,21.0,19.812905499391405,20.101758566686343,19.122752342351053,20.13279481533229,19.60209274759445,20.0,20.0
2017-08-22,4,21.0,19.812905499391405,20.088776880142863,19.122752342351053,20.125658539734612,19.519867136809673,20.0,20.0
2017-08-22,5,20.0,19.913610715796963,20.199053272869605,19.210115842037187,20.189489691440247,19.44338080228069,20.0,20.0
2017-08-22,6,22.0,20.266034558686513,20.68171603224985,19.6122822290851,20.74532791694433,19.45814725289004,21.0,21.0
2017-08-22,7,22.0,20.92457932346318,21.325027644945326,20.237836674321358,21.351106494345576,19.489464361082028,22.0,22.0
2017-08-22,8,22.0,21.001563875610536,21.51045259948449,20.006041336157942,21.151660324244098,22.78144295325994,20.0,21.0
2017-08-22,9,22.0,21.900813573751027,22.42197902343227,20.999259410866443,22.048753804960246,22.949650631146117,22.0,22.0
2017-08-22,10,24.0,23.39277343269391,24.003929165168277,22.523340539454377,23.653014499193915,23.03437388887315,23.0,24.0
2017-08-22,11,25.0,23.682073142281055,24.29498101903763,22.796766650429234,23.900011264945128,23.07635638067976,23.0,24.0
2017-08-22,12,23.0,24.118134836910542,24.677557192969473,23.259534136333727,24.330039350924697,23.312467493423522,25.0,25.0
2017-08-22,13,24.0,24.663972802274714,24.688220954358844,24.48563073740546,24.283817690074642,23.298996027734415,24.0,25.0
2017-08-22,14,25.0,24.69299988840025,24.7312043551751,24.5851707869834,24.363626254116223,23.484899235543168,25.0,25.0
2017-08-22,15,25.0,24.48274197146095,24.531664159130013,24.358261794529017,24.1406373209321,23.504169746806603,24.0,24.0
2017-08-22,16,25.0,24.701013711471692,24.744306635084403,24.5851707869834,24.363626254116223,23.68332027924442,25.0,25.0
2017-08-22,17,25.0,24.519782880657928,24.587749839855572,24.438612832880764,24.209428059121468,23.790830172414452,25.0,24.0
2017-08-22,18,23.0,21.717575322660924,21.658313220418176,21.876529666825686,21.624697448007637,20.12684785107225,22.0,22.0
2017-08-22,19,21.0,20.752257935979475,20.742802808078437,20.91950744472604,20.679286143358524,20.019213028479054,20.0,21.0
2017-08-22,20,21.0,20.863609649059395,20.852420028435862,20.97418742829795,20.79554401967875,20.171726818563016,21.0,20.0
2017-08-22,21,22.0,21.24245939614397,21.204902066733293,21.370929667418217,21.135658710756953,20.273686698384125,22.0,21.0
2017-08-22,22,21.0,20.948877198399362,20.911319868988684,21.077347469673608,20.880717744628146,20.17854708926787,21.0,21.0
2017-08-22,23,21.0,20.678404637116778,20.639121069344423,20.785948667305004,20.554316609445394,20.060246883060056,20.0,21.0
2017-08-23,0,21.0,20.533047390457313,20.39613886583153,20.613836561251944,20.42529531171185,19.745385905341017,21.0,20.0
2017-08-23,1,21.0,20.05146371137901,20.430441865227394,19.433768613092845,20.515263951926958,19.670873740499076,21.0,21.0
2017-08-23,2,21.0,19.858160716692126,20.22261067919551,19.225912383726712,20.296285267771598,19.504181834311648,20.0,21.0
2017-08-23,3,21.0,20.05146371137901,20.430441865227394,19.433768613092845,20.515263951926958,19.517653219123012,21.0,21.0
2017-08-23,4,21.0,20.05146371137901,20.417460178683914,19.433768613092845,20.50812767632928,19.4367461350256,21.0,21.0
2017-08-23,5,21.0,20.35246975311777,20.749316648693142,19.71155426914793,20.7143620766093,19.46842993406509,22.0,20.0
2017-08-23,6,21.0,20.876553168352494,21.24567960179148,20.237836674321358,21.264325120892053,19.37613782052214,22.0,22.0
2017-08-23,7,21.0,21.425570608395958,21.794697041834944,20.78685411436482,21.874308486119535,19.420985523167595,23.0,22.0
2017-08-23,8,21.0,21.511803282218793,21.9886651573134,20.545869813015724,21.634695246218374,22.735692798220715,21.0,22.0
2017-08-23,9,23.0,22.401804858683803,22.89164842032189,21.548276850909907,22.571955796734205,22.916395252762946,23.0,22.0
2017-08-23,10,24.0,23.599578141398947,24.13509482292239,22.771230450999894,23.82551767777341,23.09292814275507,25.0,24.0
2017-08-23,11,25.0,24.041081595674317,24.539720071204314,23.11086347772564,24.15792190033001,23.02556831519572,24.0,25.0
2017-08-23,12,24.0,23.659566022215873,24.19838421112586,22.832340401234664,23.843023610265533,23.1139160113585,24.0,23.0
2017-08-23,13,24.0,24.4637429024758,24.495299516792425,24.419423821654572,24.11162885981573,23.27153979451006,25.0,24.0
2017-08-23,14,24.0,24.644973733289564,24.651856312021255,24.5851707869834,24.2768448806627,23.348100682952854,25.0,25.0
2017-08-23,15,24.0,24.644973733289564,24.651856312021255,24.5851707869834,24.2768448806627,23.445367523137953,25.0,25.0
2017-08-23,16,25.0,24.652987556361005,24.664958591930557,24.5851707869834,24.2768448806627,23.543484862532992,25.0,25.0
2017-08-23,17,24.0,24.652987556361005,24.664958591930557,24.5851707869834,24.2768448806627,23.636352591833386,25.0,25.0
2017-08-23,18,22.0,21.719953166390095,21.647308721853342,21.944861381554787,21.608170459244864,19.934716714856386,22.0,23.0
2017-08-23,19,21.0,20.974704342151373,20.935653564568852,21.191717235868452,20.90788807923554,19.9347058741954,21.0,21.0
2017-08-23,20,20.0,20.908864866360116,20.84507410574414,21.077347469673608,20.82130036377965,19.98070725176332,21.0,21.0
2017-08-23,21,21.0,22.108413248108807,22.02430087857378,22.25191935495333,22.00969831380335,20.177513627970633,23.0,22.0
2017-08-23,22,21.0,20.900851043288675,20.831971825834838,21.077347469673608,20.793936371174624,20.00437768993271,21.0,21.0
2017-08-23,23,20.0,20.63037848200609,20.559773026190577,20.785948667305004,20.46753523599187,19.8880785300486,20.0,21.0
2017-08-24,0,20.0,20.317523184652234,20.178970959699047,20.471880159391,20.314722174325677,19.605762972477134,20.0,21.0
2017-08-24,1,20.0,19.93596112784941,20.34910302466467,19.396508399222373,20.511131781141724,19.627201591979325,21.0,21.0
2017-08-24,2,21.0,19.93596112784941,20.34910302466467,19.396508399222373,20.511131781141724,19.543423409773713,21.0,21.0
2017-08-24,3,20.0,19.742658133162525,20.141271838632786,19.18865216985624,20.292153096986365,19.360724195756237,20.0,21.0
2017-08-24,4,20.0,19.742658133162525,20.128290152089306,19.18865216985624,20.285016821388687,19.27282318749105,20.0,21.0
2017-08-24,5,20.0,20.036666344254968,20.446397730847934,19.483871898908507,20.567826657249682,19.286297118656766,21.0,21.0
2017-08-24,6,20.0,20.102505820046225,20.52102914853328,19.57502201521463,20.654414372705574,19.22013202551481,21.0,21.0
2017-08-24,7,21.0,20.396088017790834,20.81461134627789,19.868604212959237,20.90935533883438,19.266479314446116,22.0,21.0
2017-08-24,8,21.0,20.62061932949263,20.996841255629704,19.96878112228747,21.060746780005342,22.387355184339537,20.0,21.0
2017-08-24,9,23.0,21.573617244407544,22.033132634443604,21.08816073822602,22.14912087582039,22.547424956362697,22.0,23.0
2017-08-24,10,24.0,23.18314705569981,23.656439705181352,22.653619198777676,23.752594768798808,22.746885809129417,24.0,24.0
2017-08-24,11,24.0,23.798024979022944,24.209398369027543,23.13524878732189,24.222580467734144,22.877196166684758,25.0,25.0
2017-08-24,12,24.0,23.483393747596665,23.994404147741573,23.02792758767901,24.084927611691185,22.96312104820224,25.0,24.0
2017-08-24,13,26.0,24.047311816776663,24.016644399051387,24.301812569432354,24.03870595084113,22.958892683997675,24.0,24.0
2017-08-24,14,25.0,24.047311816776663,24.016644399051387,24.321001580658546,24.049723776693344,23.059881121500915,24.0,24.0
2017-08-24,15,26.0,24.058258799086374,24.0480513099472,24.353564238328683,24.118514514882712,23.25979059081602,25.0,24.0
2017-08-24,16,24.0,24.380903853584094,24.291653488937527,24.5292050582279,24.272712709877467,23.35108855103541,25.0,25.0
2017-08-24,17,25.0,24.055325639848103,24.029746678960688,24.321001580658546,24.049723776693344,23.368638178510746,24.0,24.0
2017-08-24,18,22.0,21.499560975454255,21.49621792047777,21.839269452955214,21.53378390376888,19.960257827208476,22.0,22.0
2017-08-24,19,21.0,20.859201758621772,20.85431472400613,21.15445702199798,20.903755908450307,19.94493409691822,21.0,21.0
2017-08-24,20,21.0,20.752206989646098,20.718918017507008,20.95003011187132,20.704630475439995,20.00035221329921,21.0,20.0
2017-08-24,21,22.0,21.078930657503683,21.044215183016725,21.333669453547746,21.044745166518197,20.096636695639912,22.0,21.0
2017-08-24,22,20.0,20.785348459759074,20.750632985272116,21.040087255803137,20.78980420038939,19.99410076452623,21.0,21.0
2017-08-24,23,20.0,20.744193166574657,20.705815737597707,20.93084110064513,20.666248656982756,19.974528631967356,21.0,20.0
2017-08-25,0,20.0,20.28766127347625,20.149188628317447,20.425960103446414,20.196271660273865,20.044652330241643,20.0,20.0
2017-08-25,1,20.0,19.906099216673425,20.31932069328307,19.35058834327779,20.392681267089912,20.0605124112216,21.0,20.0
2017-08-25,2,21.0,19.806077594397948,20.18349162771331,19.2167587167461,20.269207443613762,19.86419458563281,20.0,21.0
2017-08-25,3,20.0,19.71279622198654,20.111489507251186,19.142732113911656,20.173702582934553,19.78437270284601,20.0,20.0
2017-08-25,4,20.0,19.71279622198654,20.098507820707706,19.142732113911656,20.16446343850821,19.693046391556035,20.0,20.0
2017-08-25,5,20.0,19.813501438392098,20.20878421343445,19.23009561359779,20.228294590213846,19.61083911752547,20.0,20.0
2017-08-25,6,20.0,20.052871125320507,20.4712887355729,19.483228993288602,20.533860989825097,19.63746756555301,21.0,20.0
2017-08-25,7,21.0,20.439734695476524,20.836873053779634,19.850837793867655,20.884306816633114,19.67073597967023,22.0,21.0
2017-08-25,8,20.0,20.66426600717832,21.01910296313145,19.902290318745585,21.035698257804075,22.696682124495688,20.0,21.0
2017-08-25,9,22.0,22.220766970703078,22.58550744365351,21.570687374727598,22.708794595070245,22.953705169242472,23.0,23.0
2017-08-25,10,24.0,23.023295306889565,23.434425071889734,22.41958952204202,23.511791308977532,22.9705740244231,23.0,24.0
2017-08-25,11,24.0,23.480875944445017,23.893007225850788,22.860554506210647,23.949281888572393,23.119896055662778,24.0,24.0
2017-08-25,12,26.0,23.509903030570555,23.935990626667046,22.940905544562394,24.01807262676176,23.29111414205791,25.0,24.0
2017-08-25,13,25.0,24.26599891287403,24.146194584101504,24.37069148819979,24.19483989909583,23.35836567938757,25.0,26.0
2017-08-25,14,27.0,24.23697182674849,24.103211183285246,24.290340449848042,24.137066986758676,23.38483782087632,24.0,25.0
2017-08-25,15,26.0,24.23697182674849,24.103211183285246,24.290340449848042,24.137066986758676,23.481869958960743,24.0,26.0
2017-08-25,16,26.0,24.084768082060265,23.989637788872674,24.224133534097152,24.051659529953287,23.71156110193403,25.0,24.0
2017-08-25,17,26.0,23.87490869756194,23.672347328129604,24.122801576654272,23.946573172915027,23.61010938852113,23.0,25.0
2017-08-25,18,24.0,21.912734420087975,21.69880951455302,22.211067808085538,22.07691228406694,20.500415669054703,23.0,22.0
2017-08-25,19,20.0,20.398399593363063,20.25459441672896,20.70502814594243,20.521517614190344,20.29730157083744,20.0,21.0
2017-08-25,20,19.0,20.488592252617906,20.447306594546966,20.65975099561775,20.434929898734453,20.33675314837756,20.0,21.0
2017-08-25,21,21.0,21.966627018720622,21.891521692371025,22.106532672039883,21.96607515069372,20.616668267091143,23.0,22.0
2017-08-25,22,20.0,20.959365639233692,20.941085471473713,21.151516381670326,20.909749313514588,20.53729500085273,22.0,20.0
2017-08-25,23,19.0,20.395310880206498,20.375304474084842,20.585724392783305,20.32840721220303,20.311655255211843,20.0,20.0
2017-08-26,0,20.0,19.598286273649855,19.50059896888809,19.752625256347013,19.636934567818702,18.265053452687518,20.0,20.0
2017-08-26,1,19.0,19.0815207412348,19.524257181288473,18.527496838950423,19.647697931288988,18.18388438916389,20.0,20.0
2017-08-26,2,20.0,19.34736851277985,19.82534400839488,18.81254473336733,19.94684658284758,18.171359927444996,21.0,21.0
2017-08-26,3,21.0,19.0815207412348,19.524257181288473,18.527496838950423,19.647697931288988,17.995208437839125,20.0,20.0
2017-08-26,4,20.0,19.0815207412348,19.552437714294797,18.527496838950423,19.638458786862646,17.901732354776268,20.0,20.0
2017-08-26,5,19.0,19.18222595764036,19.66271410702154,18.614860338636557,19.70228993856828,17.818173677713833,20.0,20.0
2017-08-26,6,20.0,19.228292649881883,19.706747283686546,18.660137488961237,19.76206870441161,17.750813217635002,20.0,20.0
2017-08-26,7,20.0,19.135397363478532,19.685813192089633,18.571043317976244,19.637016593463205,17.691014600460925,20.0,21.0
2017-08-26,8,20.0,17.87756119495881,18.337763356225256,17.269187583654595,18.37546178869914,17.496882045196056,18.0,20.0
2017-08-26,9,19.0,18.288028190719643,18.755697596159532,17.703419515824223,18.69149464792427,17.568998922318055,19.0,22.0
2017-08-26,10,18.0,17.51883095126906,18.003976497306795,16.962510859820025,17.939292027903313,17.48132814157666,18.0,24.0
2017-08-26,11,17.0,17.51883095126906,18.003976497306795,16.822318721012365,17.886416664074797,17.54038477864528,18.0,24.0
2017-08-26,12,18.0,17.723624835828065,18.305648571116823,17.030836245745014,18.08055783701773,17.593949463459484,18.0,26.0
2017-08-26,13,18.0,18.28184487316355,18.335755510626534,18.255964663141604,18.105643734548302,17.706142085624165,18.0,25.0
2017-08-26,14,18.0,18.30962753134498,18.333570654840845,18.255964663141604,18.105643734548302,17.78796486230925,18.0,27.0
2017-08-26,15,18.0,18.30962753134498,18.333570654840845,18.255964663141604,18.105643734548302,17.915425244200758,18.0,26.0
2017-08-26,16,17.0,19.084618837522935,19.04393425751063,18.96447682945239,18.868864180421472,18.11963955226008,19.0,26.0
2017-08-26,17,18.0,18.864384652950687,18.8710023187041,18.83780879863826,18.70796065377807,18.126880514921307,18.0,26.0
2017-08-26,18,18.0,18.65959076839168,18.569330244894072,18.62929127390561,18.539948229078536,18.23907783698461,18.0,24.0
2017-08-26,19,18.0,18.77186016959333,18.59281992359091,18.689507155252084,18.720899948388013,18.357526619486585,18.0,20.0
2017-08-26,20,19.0,19.533408347630452,19.34748470732236,19.414016950570122,19.424341628417853,18.50296806703709,19.0,19.0
2017-08-26,21,21.0,19.63318022127734,19.458132582819108,19.491208615620895,19.504511595821086,18.486336201537863,19.0,21.0
2017-08-26,22,20.0,20.018897062725166,19.789896953065245,19.81715715836203,19.93205051513251,18.670931903932296,21.0,20.0
2017-08-26,23,20.0,19.678854053688827,19.500305918998755,19.544947367219617,19.605649379949757,18.549370855805893,20.0,19.0
2017-08-27,0,20.0,19.64223724348945,19.602287391379665,19.848407160377743,19.63902007535205,18.062560250539597,20.0,20.0
2017-08-27,1,20.0,19.098244614285672,19.582444295574703,18.623278742981153,19.649783438822336,17.971980030821204,20.0,19.0
2017-08-27,2,20.0,19.125471711074397,19.582444295574703,18.623278742981153,19.649783438822336,17.844285848402585,20.0,20.0
2017-08-27,3,20.0,19.14589040870557,19.627261543249112,18.687367510588082,19.72995340622557,17.71545152891113,20.0,21.0
2017-08-27,4,20.0,19.125471711074397,19.569462609031223,18.623278742981153,19.640544294395994,17.62152859643158,20.0,20.0
2017-08-27,5,20.0,19.19894983069123,19.679739001757966,18.710642242667287,19.70437544610163,17.542818915934497,20.0,19.0
2017-08-27,6,20.0,19.27224361972148,19.723772178422973,18.755919392991967,19.76415421194496,17.458587594408925,20.0,20.0
2017-08-27,7,20.0,19.158053887050045,19.60958244575154,18.641729660320532,19.607206090494085,17.41565983868159,20.0,20.0
2017-08-27,8,20.0,18.690709404248988,19.10650934981442,18.134756433328043,19.129749916253445,17.310206256550206,19.0,20.0
2017-08-27,9,19.0,18.1874131561232,18.62855731998823,17.44034894119215,18.82610848001759,16.68979943887191,12.0,19.0
2017-08-27,10,18.0,18.34340143440458,18.70930557599946,17.738311814297653,18.772486085518327,17.50390448834787,20.0,18.0
2017-08-27,11,17.0,18.64110109247589,19.043328663837297,18.07237006200589,19.172756322573296,17.691944149459637,21.0,17.0
2017-08-27,12,18.0,18.197955728346205,18.57883647807112,17.629732379560977,18.618512207047136,17.59549065775778,19.0,18.0
2017-08-27,13,18.0,17.906966307584838,17.801220039222613,18.0642423066846,17.855546223555894,17.530038496719552,17.0,18.0
2017-08-27,14,18.0,17.906966307584838,17.801220039222613,18.0642423066846,17.855546223555894,17.754657600791212,18.0,18.0
2017-08-27,15,17.0,18.71472126076126,18.598679573876083,18.854860796957567,18.618766669429064,17.980416841935703,19.0,18.0
2017-08-27,16,18.0,17.906966307584838,17.801220039222613,18.0642423066846,17.855546223555894,17.932120697002055,17.0,17.0
2017-08-27,17,18.0,18.488810443081494,18.38306417471927,18.646086442181257,18.423066545571512,18.121568602495604,18.0,18.0
2017-08-27,18,18.0,18.488810443081494,18.38306417471927,18.646086442181257,18.423066545571512,18.20919687597538,18.0,18.0
2017-08-27,19,18.0,19.41075512892935,19.294713442044173,19.550894665125657,19.343235112895556,18.362862856699177,19.0,18.0
2017-08-27,20,20.0,19.46956444064235,19.39502844377921,19.64999099340851,19.41732449053546,18.378185421085934,19.0,19.0
2017-08-27,21,20.0,19.662655941120622,19.592666903130016,19.845010177664935,19.68982003532281,18.440821372525427,20.0,21.0
2017-08-27,22,19.0,19.64223724348945,19.547849655455607,19.780921410058006,19.609650067919578,18.419776942624615,20.0,20.0
2017-08-27,23,21.0,19.912709804772035,19.82004845509987,20.05313120120042,19.914015551397902,18.44981677955157,21.0,20.0
2017-08-28,0,19.0,20.315810735236127,20.23843298041225,20.285292866566454,20.307675978926042,20.836307434755135,20.0,20.0
2017-08-28,1,20.0,20.23525615918862,20.200733859345988,20.24355976500383,20.28510690158673,20.726778855313018,20.0,20.0
2017-08-28,2,21.0,20.23525615918862,20.200733859345988,20.24355976500383,20.28510690158673,20.608112865463756,20.0,20.0
2017-08-28,3,20.0,20.23525615918862,20.200733859345988,20.24355976500383,20.28510690158673,20.488982781539377,20.0,20.0
2017-08-28,4,20.0,20.23525615918862,20.187752172802508,20.24355976500383,20.277970625989052,20.378093547116176,20.0,20.0
2017-08-28,5,20.0,20.335961375594177,20.29802856552925,20.330923264689964,20.341801777694688,20.283588505495594,20.0,20.0
2017-08-28,6,20.0,20.59510384607232,20.580491169246482,20.62992961036222,20.64736817730594,20.30602241401456,21.0,20.0
2017-08-28,7,20.0,20.88868604381693,20.87407336699109,20.923511808106827,20.902309143434746,20.35729867098378,22.0,20.0
2017-08-28,8,21.0,21.33202670888549,21.359410200928814,21.231544946801193,21.307475865975217,22.934600924764244,21.0,20.0
2017-08-28,9,23.0,21.673010845307036,21.71337602389384,21.684934544651913,21.634753051263566,23.065570863276854,22.0,19.0
2017-08-28,10,24.0,23.46463216028613,23.518774598318416,23.432473647990584,23.464843628637606,23.32261716233615,24.0,18.0
2017-08-28,11,24.0,23.753931869873274,23.809826452187767,23.70589975896544,23.71184039438882,23.421913964523153,24.0,17.0
2017-08-28,12,24.0,23.78295895599881,23.86831553079908,23.854570417573527,23.797176471529983,23.611179438298098,25.0,18.0
2017-08-28,13,25.0,23.86351353204632,23.92196269300471,23.919523169024874,23.819745548869296,23.737918273037845,25.0,18.0
2017-08-28,14,25.0,23.86351353204632,23.92196269300471,23.938712180251066,23.83076337472151,23.873794518184738,25.0,18.0
2017-08-28,15,25.0,23.83448644592078,23.87897929218845,23.85836114189932,23.761972636532143,23.93042019105133,24.0,17.0
2017-08-28,16,24.0,23.86351353204632,23.92196269300471,23.938712180251066,23.83076337472151,24.138234347127568,25.0,18.0
2017-08-28,17,22.0,23.83448644592078,23.87897929218845,23.85836114189932,23.761972636532143,24.156421674346944,24.0,18.0
2017-08-28,18,21.0,21.17935774450103,21.19425666255464,21.32070991263902,21.230175292510282,21.376896273294996,22.0,18.0
2017-08-28,19,19.0,20.744599482179698,20.795798460855504,20.86299372521891,20.896703198830558,21.342830271623402,21.0,18.0
2017-08-28,20,19.0,20.513163449060382,20.537896206341056,20.58129017183618,20.494738688264242,21.248829505187825,20.0,20.0
2017-08-28,21,21.0,20.783636010342967,20.810095005985318,20.853499962978592,20.782758004989756,21.335939064713937,21.0,20.0
2017-08-28,22,20.0,20.783636010342967,20.810095005985318,20.853499962978592,20.782758004989756,21.31078556703678,21.0,19.0
2017-08-28,23,19.0,20.824791303527384,20.88209712644744,20.9111597485169,20.854114052181664,21.214885716803987,21.0,21.0
2017-08-29,0,19.0,20.18904197954066,20.139521304521107,20.267775345656002,20.13514602818755,20.761629526076632,20.0,19.0
2017-08-29,1,20.0,20.329017494968763,20.32704560390896,20.43389847345951,20.331555635003596,20.7429726900344,21.0,20.0
2017-08-29,2,19.0,20.42229886738017,20.399047724371083,20.53705851483517,20.444093352558017,20.62089013752355,21.0,21.0
2017-08-29,3,20.0,20.329017494968763,20.32704560390896,20.43389847345951,20.331555635003596,20.52450124056575,21.0,20.0
2017-08-29,4,20.0,20.329017494968763,20.31406391736548,20.43389847345951,20.32441935940592,20.420462612192132,21.0,20.0
2017-08-29,5,19.0,20.236419716687436,20.216509124060337,20.313405743779512,20.169271826956194,20.236736071867607,20.0,20.0
2017-08-29,6,20.0,20.789144384910188,20.792553925522178,20.905994287196375,20.729779192696252,20.35416680714409,22.0,20.0
2017-08-29,7,19.0,20.789144384910188,20.792553925522178,20.905994287196375,20.729779192696252,20.310446237355794,22.0,20.0
2017-08-29,8,20.0,21.619348620134765,21.54819933911261,21.61076966501101,21.4676280017058,23.157322607627606,22.0,21.0
2017-08-29,9,22.0,22.139946951184566,22.084485750373855,22.228710853838816,22.082082447236683,23.146474060361527,22.0,23.0
2017-08-29,10,22.0,23.74947676247683,23.707792821111603,23.794169314390473,23.6855563402151,23.366965869110825,24.0,24.0
2017-08-29,11,23.0,24.067803558189514,24.041828075797213,24.147946463717076,24.00134384415568,23.5355805969714,25.0,24.0
2017-08-29,12,25.0,23.81297269437379,23.846820052684308,23.9683761724279,23.78473337931786,23.44691838794879,23.0,24.0
2017-08-29,13,26.0,24.425002667198523,24.346208120844786,24.37167394695792,24.165808695200354,23.642214811999477,24.0,25.0
2017-08-29,14,25.0,24.48181241150549,24.387006665875354,24.47121399653586,24.245617259241936,23.861222286163365,25.0,25.0
2017-08-29,15,26.0,24.48181241150549,24.387006665875354,24.47121399653586,24.245617259241936,23.988634741762215,25.0,25.0
2017-08-29,16,24.0,24.25615301106472,24.182517836254846,24.300407846650955,24.077604834542402,24.12369692877688,25.0,24.0
2017-08-29,17,23.0,23.998038441919093,23.906463721360065,24.024354700716273,23.757501708679477,24.258732361387043,25.0,22.0
2017-08-29,18,23.0,21.979620638922498,21.955004566093905,22.105080737193333,21.90179227583025,21.297385485489013,23.0,21.0
2017-08-29,19,19.0,20.85772870405518,20.87329970937584,20.950352208262984,20.750308510555577,21.198886977864113,21.0,19.0
2017-08-29,20,20.0,20.791889228263923,20.782720250551126,20.83598244206814,20.663720795099685,21.230347258809108,21.0,19.0
2017-08-29,21,21.0,21.17875279841994,21.165696803180087,21.232724681188408,21.003835486177888,21.296680817697958,22.0,21.0
2017-08-29,22,20.0,20.791889228263923,20.800112484973354,20.83598244206814,20.63635680249466,21.18692723394512,21.0,20.0
2017-08-29,23,19.0,20.791889228263923,20.782720250551126,20.816793430841948,20.625338976642446,21.14286403442443,21.0,19.0
2017-08-30,0,20.0,20.371176939029912,20.313285678416612,20.322346946771553,20.24042903432362,20.4297413130215,21.0,19.0
2017-08-30,1,20.0,20.290622362982404,20.29297879177258,20.28061384520893,20.217859956984306,20.329740595600967,21.0,20.0
2017-08-30,2,20.0,20.290622362982404,20.27558655735035,20.28061384520893,20.217859956984306,20.246638412613613,21.0,19.0
2017-08-30,3,19.0,20.290622362982404,20.29297879177258,20.28061384520893,20.217859956984306,20.132372606147392,21.0,20.0
2017-08-30,4,20.0,20.290622362982404,20.2799971052291,20.28061384520893,20.21072368138663,20.035815183543402,21.0,20.0
2017-08-30,5,20.0,20.391327579387962,20.372881263533614,20.367977344895063,20.274554833092264,19.964132798812045,21.0,19.0
2017-08-30,6,20.0,20.45716705517922,20.46490491564119,20.459127461201184,20.361142548548155,19.88229835700566,21.0,20.0
2017-08-30,7,20.0,20.45716705517922,20.44751268121896,20.459127461201184,20.361142548548155,19.850787024902562,21.0,19.0
2017-08-30,8,20.0,21.19408991799239,21.100090819912367,21.06074279764016,21.021250237217433,22.904999447414866,21.0,20.0
2017-08-30,9,21.0,22.542335433900867,22.47326300719098,22.49828212440165,22.387089519345974,23.073725633776828,23.0,22.0
2017-08-30,10,23.0,23.452967061344847,23.397671894080442,23.36483154020521,23.251757536332885,23.20475307899229,24.0,22.0
2017-08-30,11,23.0,23.829123683558475,23.807476521016152,23.794377092821815,23.710402732114872,23.348200740672794,25.0,23.0
2017-08-30,12,23.0,24.22604074051839,24.184772370260138,24.15343656725599,24.02954393984175,23.31325580634164,24.0,25.0
2017-08-30,13,23.0,24.386607535212164,24.312141308708405,24.218389318707338,24.052113017181064,23.40284017237295,24.0,26.0
2017-08-30,14,24.0,24.414390193393594,24.309956452922716,24.23757832993353,24.063130843033278,23.53077921734478,24.0,25.0
2017-08-30,15,24.0,24.414390193393594,24.309956452922716,24.23757832993353,24.063130843033278,23.634628672421783,24.0,26.0
2017-08-30,16,25.0,24.21775787907836,24.148451024118465,24.147123218400374,23.963909156523112,23.86955092670908,25.0,24.0
2017-08-30,17,23.0,23.99645987337958,23.928270387428604,23.866487437403947,23.717872984312226,23.89254220372608,24.0,23.0
2017-08-30,18,21.0,21.66587759179039,21.663369916179377,21.653371767074397,21.44943293010003,20.703739024035,22.0,23.0
2017-08-30,19,21.0,20.82734739514026,20.862320404010536,20.797067580012403,20.636612832536287,20.727999158454,21.0,19.0
2017-08-30,20,18.0,20.48302153499498,20.493846873192712,20.410488022675146,20.234641807749856,20.65682104890765,20.0,20.0
2017-08-30,21,21.0,20.84677546868897,20.838047793299097,20.785857855193218,20.63519884202979,20.744449116909546,21.0,21.0
2017-08-30,22,19.0,20.753494096277564,20.766045672836974,20.68269781381756,20.52266112447537,20.73797320003397,21.0,20.0
2017-08-30,23,19.0,20.455794438206254,20.476454638770484,20.391299011448954,20.196259989292617,20.611735793651093,20.0,19.0
2017-08-31,0,19.0,20.166414496439046,20.110290699821213,20.10311781245292,20.121176825229334,19.658010408339088,20.0,20.0
2017-08-31,1,19.0,20.08585992039154,20.072591578754952,20.061384710890295,20.09860774789002,19.5762111333506,20.0,20.0
2017-08-31,2,19.0,20.279162915078423,20.280422764786838,20.269240940256427,20.31758643204538,19.576912711380132,21.0,20.0
2017-08-31,3,19.0,20.058632823602814,20.055199344332724,20.061384710890295,20.09860774789002,19.40025692709262,20.0,19.0
2017-08-31,4,19.0,20.08585992039154,20.059609892211473,20.061384710890295,20.091471472292344,19.292580581767222,20.0,20.0
2017-08-31,5,20.0,20.186565136797096,20.169886284938215,20.14874821057643,20.15530262399798,19.208778652159047,20.0,20.0
2017-08-31,6,19.0,20.252404612588354,20.24451770262356,20.23989832688255,20.24189033945387,19.141335223166863,20.0,20.0
2017-08-31,7,19.0,20.44570760727524,20.452348888655447,20.447754556248682,20.46086902360923,19.1889608479484,21.0,20.0
2017-08-31,8,20.0,21.18263047008841,21.087534792926625,21.049369892687658,21.12097671227851,22.331659328250897,21.0,20.0
2017-08-31,9,22.0,22.315624283010468,22.26068842930001,22.30464783600314,22.285750681581245,22.51150443733427,23.0,21.0
2017-08-31,10,22.0,23.49933743994181,23.4608852393448,23.42922703854271,23.494341703235367,22.61139389067219,24.0,23.0
2017-08-31,11,24.0,23.788637149528956,23.751937093214153,23.702653149517566,23.74133846898658,22.671037791335806,24.0,23.0
2017-08-31,12,23.0,23.788637149528956,23.767442771009208,23.770972769773905,23.784012556181775,22.75285929430171,24.0,23.0
2017-08-31,13,24.0,23.97823103034827,23.937795110273733,23.916276559577,23.875372371710455,23.038924763985495,26.0,23.0
2017-08-31,14,23.0,24.20629843117438,24.135894997132723,24.135750313447872,24.063635631584187,23.04162013791017,25.0,24.0
2017-08-31,15,23.0,24.20629843117438,24.135894997132723,24.135750313447872,24.063635631584187,23.24929948083873,26.0,24.0
2017-08-31,16,24.0,24.402930745489613,24.297400425936974,24.22620542498103,24.162857318094353,23.15950353537724,24.0,25.0
2017-08-31,17,24.0,24.01402751160114,23.95869776125912,23.935465570803192,23.88639019756267,23.381670296668723,25.0,23.0
2017-08-31,18,21.0,21.239051578014493,21.232740929653755,21.241694899901145,21.128067409197918,20.050021531581496,22.0,21.0
2017-08-31,19,19.0,20.909169319647688,20.939158731909146,20.88885471643556,20.848877025151783,20.019606162097585,21.0,21.0
2017-08-31,20,20.0,20.637158644419056,20.631221407474477,20.56644890491053,20.59546988250788,20.09890299409037,21.0,18.0
2017-08-31,21,21.0,21.1288982185296,21.119073964057964,21.068067147985325,20.989866283219673,20.161598836027434,22.0,21.0
2017-08-31,22,21.0,20.444334990302274,20.463898611784742,20.399115117722644,20.307004290205906,19.985391668288308,20.0,19.0
2017-08-31,23,23.0,20.444334990302274,20.463898611784742,20.379926106496452,20.295986464353692,19.94295802292232,20.0,19.0
2017-09-01,0,20.0,20.08776085539971,20.150284468898814,20.203427904684244,20.161908027122127,21.16208319538578,20.0,19.0
2017-09-01,1,19.0,20.007206279352204,20.112585347832553,20.16169480312162,20.139338949782815,21.07689945141937,20.0,19.0
2017-09-01,2,19.0,20.227736370827813,20.32041653386444,20.369551032487752,20.358317633938174,21.07444720643872,21.0,19.0
2017-09-01,3,19.0,20.007206279352204,20.112585347832553,20.16169480312162,20.139338949782815,20.881269869591556,20.0,19.0
2017-09-01,4,19.0,20.007206279352204,20.099603661289073,20.16169480312162,20.130099805356473,20.785328714895794,20.0,19.0
2017-09-01,5,19.0,20.135138592546486,20.227272288438044,20.249058302807754,20.193930957062108,20.686407125680056,20.0,20.0
2017-09-01,6,20.0,20.153978187999286,20.264553390122384,20.294335453132433,20.280518672518,20.632331426237343,20.0,19.0
2017-09-01,7,19.0,20.374508279474895,20.47238457615427,20.502191682498566,20.49949735667336,20.68040262481283,21.0,19.0
2017-09-01,8,20.0,20.91812814760118,20.91713152881579,20.847226405121106,20.940626361187277,23.658166484228488,20.0,20.0
2017-09-01,9,21.0,21.91065921815308,21.928804707523682,21.91447108266405,21.873166981592124,23.826276402682225,22.0,22.0
2017-09-01,10,23.0,23.338128028268393,23.344389332090252,23.330037938511072,23.347818363806518,24.050028681622052,24.0,22.0
2017-09-01,11,23.0,23.828019457279286,23.911495300854384,23.87951719542061,23.914918255420655,24.085199798609004,24.0,24.0
2017-09-01,12,24.0,23.656761800760144,23.75419395902596,23.759583491127678,23.806463559588504,24.37127501329393,26.0,23.0
2017-09-01,13,23.0,23.93760111945233,24.00812586387627,24.001601335334982,24.006278070949335,24.36632773951571,25.0,24.0
2017-09-01,14,24.0,23.73731637680765,23.80784112123159,23.801316592690302,23.84005046278003,24.680387452233916,27.0,23.0
2017-09-01,15,23.0,23.73731637680765,23.80784112123159,23.801316592690302,23.84005046278003,24.703719104981037,26.0,23.0
2017-09-01,16,24.0,23.93760111945233,24.00812586387627,24.001601335334982,24.01729589680155,24.803057211631003,26.0,24.0
2017-09-01,17,23.0,23.910514105561383,23.953728165381094,24.001601335334982,24.01729589680155,24.905375752800943,26.0,24.0
2017-09-01,18,21.0,22.032027679330863,22.146723332156864,22.147197300574938,22.231791776490077,21.74041353865865,24.0,21.0
2017-09-01,19,19.0,20.214390140480536,20.39262399341697,20.408469344345814,20.391649120359396,21.45659529297113,20.0,19.0
2017-09-01,20,18.0,20.07719185286031,20.24097133741204,20.23226177737164,20.112735827519387,21.385804585627245,19.0,20.0
2017-09-01,21,20.0,20.586391492612677,20.737993469194823,20.70942858799799,20.715949574913253,21.567576891236204,21.0,21.0
2017-09-01,22,20.0,20.315918931330092,20.46579466955056,20.43721879685558,20.400566265582714,21.454562837292837,20.0,21.0
2017-09-01,23,20.0,20.585839791143634,20.710733662854903,20.706592342426834,20.772579750806162,21.287820792530987,19.0,23.0
2017-09-02,0,20.0,19.488042507141635,19.49355875253378,19.480538344434528,19.527577485696767,18.61123716761635,20.0,20.0
2017-09-02,1,20.0,19.292914647321684,19.325854324378252,19.388325380273397,19.38436697069586,18.45103033153289,19.0,19.0
2017-09-02,2,21.0,19.43836035338006,19.45632342230659,19.496904815010073,19.538340849167053,18.452949937759456,20.0,19.0
2017-09-02,3,20.0,19.65889044485567,19.664154608338475,19.704761044376205,19.757319533322413,18.45058273405108,21.0,19.0
2017-09-02,4,20.0,19.43836035338006,19.44334173576311,19.496904815010073,19.52910170474071,18.263994303832142,20.0,19.0
2017-09-02,5,20.0,19.393619863727242,19.423149030561515,19.47568887995953,19.438958977975155,18.087168928323702,19.0,19.0
2017-09-02,6,19.0,19.612359358815866,19.615043539577087,19.629545465020886,19.652711622289676,18.099612249359076,20.0,20.0
2017-09-02,7,20.0,19.470942529355707,19.483461572483424,19.51535573234945,19.4957635008388,18.067351124113053,20.0,19.0
2017-09-02,8,19.0,19.17627084940175,19.12824980889687,19.11696194009364,19.172281205069353,18.032386630306178,20.0,20.0
2017-09-02,9,18.0,18.691469014451926,18.686458138087403,18.672827491883872,18.638037174163404,17.930845248831176,19.0,21.0
2017-09-02,10,18.0,17.902897660203042,17.906399640666557,17.882209001610907,17.82993494578138,17.842632818246535,18.0,23.0
2017-09-02,11,18.0,17.902897660203042,17.906399640666557,17.882209001610907,17.82993494578138,17.80753072101428,17.0,23.0
2017-09-02,12,17.0,17.902897660203042,17.906399640666557,17.882209001610907,17.82993494578138,17.96775978507516,18.0,24.0
2017-09-02,13,18.0,17.886795003450057,17.90628611213897,17.865842531035362,17.819171582311093,18.079275513444255,18.0,23.0
2017-09-02,14,18.0,17.886795003450057,17.90628611213897,17.865842531035362,17.819171582311093,18.174280828870728,18.0,24.0
2017-09-02,15,17.0,17.886795003450057,17.90628611213897,17.865842531035362,17.819171582311093,18.301199560918988,18.0,23.0
2017-09-02,16,18.0,17.886795003450057,17.90628611213897,17.865842531035362,17.819171582311093,18.304129003694463,17.0,24.0
2017-09-02,17,18.0,18.332379787450346,18.224796692571687,18.447686666532018,18.42148850154086,18.51197793784395,18.0,23.0
2017-09-02,18,18.0,18.351753902248646,18.22735227967161,18.447686666532018,18.47738810990193,18.624086145148468,18.0,21.0
2017-09-02,19,18.0,18.417422091863273,18.252147657458693,18.53678083751701,18.602440220850337,18.714997435722385,18.0,19.0
2017-09-02,20,18.0,19.21049370034001,19.124559392111053,19.137748698857763,19.172013757396943,18.86070015452572,19.0,18.0
2017-09-02,21,21.0,19.75851506842422,19.711319816253983,19.685262385257204,19.813590787594833,19.03153985096692,21.0,20.0
2017-09-02,22,19.0,19.488042507141635,19.43912101660972,19.41305259411479,19.498207478264295,18.922279990764668,20.0,20.0
2017-09-02,23,20.0,19.488042507141635,19.43912101660972,19.41305259411479,19.48718965241208,18.881064373595716,20.0,20.0
2017-09-03,0,21.0,19.55317744860544,19.577014213803732,19.55182402362181,19.69765370439444,18.155887244233156,20.0,20.0
2017-09-03,1,20.0,19.530722391632587,19.55717111799877,19.568190494197353,19.708417067864726,18.076095309466062,20.0,20.0
2017-09-03,2,20.0,19.60326716849075,19.629173238460893,19.645382159248125,19.78858703526796,17.971326157755925,20.0,21.0
2017-09-03,3,20.0,19.530722391632587,19.55717111799877,19.568190494197353,19.708417067864726,17.889804615116184,20.0,20.0
2017-09-03,4,20.0,19.530722391632587,19.54418943145529,19.568190494197353,19.699177923438384,17.797174108950657,20.0,20.0
2017-09-03,5,20.0,19.631427608038145,19.654465824182033,19.655553993883487,19.76300907514402,17.714146983747426,20.0,20.0
2017-09-03,6,20.0,19.67866675886739,19.72535663276832,19.73568428062453,19.82278784098735,17.660781129452317,20.0,19.0
2017-09-03,7,19.0,19.59170412298468,19.611166900096887,19.621494547953095,19.665839719536475,17.60080120983794,20.0,20.0
2017-09-03,8,20.0,19.242578249453274,19.238562902088105,19.22310075569728,19.342357423767027,17.59319304211154,20.0,19.0
2017-09-03,9,18.0,18.63160596428084,18.58042093241647,18.60949726719354,18.677145836089526,17.518848312968803,19.0,18.0
2017-09-03,10,17.0,17.862408724830257,17.802918022095547,17.818878776920574,17.92494321606857,17.457702161646964,18.0,18.0
2017-09-03,11,18.0,17.862408724830257,17.802918022095547,17.818878776920574,17.92494321606857,17.421947549309156,17.0,18.0
2017-09-03,12,18.0,17.889792553574246,17.80799842243674,17.818878776920574,17.92494321606857,17.609102985095927,18.0,17.0
2017-09-03,13,18.0,17.87368989682126,17.807884893909154,17.80251230634503,17.914179852598284,17.69229187181723,18.0,18.0
2017-09-03,14,18.0,17.87368989682126,17.807884893909154,17.80251230634503,17.914179852598284,17.800457975481567,18.0,18.0
2017-09-03,15,18.0,17.87368989682126,17.807884893909154,17.80251230634503,17.914179852598284,17.83328841040695,17.0,17.0
2017-09-03,16,18.0,17.87368989682126,17.807884893909154,17.80251230634503,17.914179852598284,18.022843838225512,18.0,18.0
2017-09-03,17,18.0,18.42844701842697,18.335331330910634,18.384356441841685,18.481700174613902,18.123081218726377,18.0,18.0
2017-09-03,18,18.0,18.42844701842697,18.335331330910634,18.384356441841685,18.481700174613902,18.207470631662535,18.0,18.0
2017-09-03,19,18.0,18.542636751098403,18.44952106358207,18.49854617451312,18.638648296064776,18.270847503231114,18.0,18.0
2017-09-03,20,18.0,19.476857731982623,19.410166331742104,19.3748179311109,19.534415553478734,18.496535168996235,20.0,18.0
2017-09-03,21,21.0,19.681505609584036,19.62651663060427,19.596383074769207,19.7484536643652,18.46693557705092,20.0,21.0
2017-09-03,22,19.0,19.436288029878774,19.40169329846575,19.38826099306894,19.47595811957785,18.385862650959563,19.0,19.0
2017-09-03,23,21.0,19.87943339400846,19.82671330978641,19.791401200860847,19.972649180440293,18.51854218495041,21.0,20.0
2017-09-04,0,20.0,20.26867893856465,20.10584283332306,20.196488286214112,20.205013393629105,19.945232549361783,19.0,21.0
2017-09-04,1,20.0,20.24028869616411,20.126610689723012,20.186485822623663,20.25404432171686,19.971708194030157,20.0,20.0
2017-09-04,2,20.0,20.433591690850996,20.334441875754898,20.394342051989796,20.47302300587222,19.973279792200426,21.0,20.0
2017-09-04,3,20.0,20.24028869616411,20.126610689723012,20.186485822623663,20.25404432171686,19.783557807801554,20.0,20.0
2017-09-04,4,20.0,20.24028869616411,20.113629003179533,20.186485822623663,20.246908046119184,19.690268038292345,20.0,20.0
2017-09-04,5,20.0,20.34099391256967,20.223905395906275,20.273849322309797,20.31073919782482,19.606826482826005,20.0,20.0
2017-09-04,6,20.0,20.435232943737372,20.45359248071379,20.39985257503228,20.53506102161912,19.539505970742496,20.0,20.0
2017-09-04,7,20.0,20.408005846948647,20.45359248071379,20.39985257503228,20.53506102161912,19.507294012259948,20.0,19.0
2017-09-04,8,19.0,21.403810458449655,21.507667463402946,21.20932414083739,21.41414739444376,22.74559497901291,21.0,20.0
2017-09-04,9,18.0,22.443522898960307,22.560361590457077,22.361442042777213,22.501180243406225,22.966306725653787,23.0,18.0
2017-09-04,10,18.0,23.536415909850295,23.667031860792548,23.41025284202678,23.517239961692674,23.10688898578991,24.0,17.0
2017-09-04,11,18.0,23.82571561943744,23.9580837146619,23.683678953001635,23.764236727443887,23.151849562969364,24.0,18.0
2017-09-04,12,18.0,23.85309944818143,24.025580778875728,23.751998573257975,23.780782066395684,23.23273741932067,24.0,18.0
2017-09-04,13,18.0,23.962681110354474,24.122211341897614,23.89730236306107,23.872141881924364,23.424341272691017,25.0,18.0
2017-09-04,14,18.0,23.962681110354474,24.122211341897614,23.91649137428726,23.883159707776578,23.533507899517208,25.0,18.0
2017-09-04,15,17.0,23.962681110354474,24.122211341897614,23.91649137428726,23.883159707776578,23.646912169514874,25.0,18.0
2017-09-04,16,18.0,23.933654024228936,24.079227941081356,23.836140335935514,23.81436896958721,23.663884224622876,24.0,18.0
2017-09-04,17,17.0,22.78447038323522,22.993406234523984,22.737218637266587,22.664304867512413,23.577480095989173,22.0,18.0
2017-09-04,18,18.0,20.84972928696926,20.941824624682774,20.90003090497608,20.973348949802954,20.388889552467205,21.0,18.0
2017-09-04,19,17.0,20.37028386221738,20.477332438916598,20.39813523681019,20.394855416359466,20.265069130193137,19.0,18.0
2017-09-04,20,18.0,20.296430563354683,20.373650700182584,20.283765470615347,20.308267700903574,20.303286426297483,19.0,18.0
2017-09-04,21,20.0,20.9377333038503,21.01502101036541,20.90812795377929,20.97180340650242,20.46008351040615,21.0,21.0
2017-09-04,22,20.0,20.546752273367584,20.670820090259024,20.559069365872375,20.57404622412776,20.378151415597923,20.0,19.0
2017-09-04,23,19.0,20.52181503650934,20.59000099904475,20.48579873476119,20.45307669393555,20.21543321398699,19.0,21.0
2017-09-05,0,19.0,20.094681105912795,19.964998315664598,20.048777930983952,19.971226201546287,19.453468445597252,19.0,20.0
2017-09-05,1,19.0,20.15957223592366,20.057768292526674,20.115624264158004,20.102631002678166,19.464706975834936,20.0,20.0
2017-09-05,2,20.0,20.014126529865287,19.927299194598337,20.00704482942133,19.948657124206974,19.277895853892907,19.0,20.0
2017-09-05,3,19.0,20.15957223592366,20.057768292526674,20.115624264158004,20.102631002678166,19.27409047646281,20.0,20.0
2017-09-05,4,20.0,20.15957223592366,20.044786605983195,20.115624264158004,20.09549472708049,19.17992646643263,20.0,20.0
2017-09-05,5,20.0,20.114831746270845,20.0245939007816,20.094408329107463,20.005352000314932,19.00240737070116,19.0,20.0
2017-09-05,6,21.0,20.354516483496923,20.384750083517453,20.328991016566622,20.383647702580426,19.028427380030752,20.0,20.0
2017-09-05,7,21.0,20.209070777438548,20.254280985589116,20.220411581829946,20.229673824109234,18.889061596791677,19.0,20.0
2017-09-05,8,21.0,21.102563906733597,21.26531971483011,20.930606353005597,21.043755391249704,22.130760244586526,20.0,19.0
2017-09-05,9,21.0,21.664078134630753,21.82711672382702,21.59185218022245,21.590011260693412,22.33853292840495,22.0,18.0
2017-09-05,10,24.0,22.29850198554469,22.533591311784924,22.240469584892193,22.21576254057918,22.372913247927713,22.0,18.0
2017-09-05,11,24.0,23.28652999922094,23.52337146974338,23.212623999956154,23.22251497000451,22.52654187886405,23.0,18.0
2017-09-05,12,24.0,23.801410074066517,24.034047617151035,23.761488053144063,23.724288233789753,22.795909485700292,25.0,18.0
2017-09-05,13,23.0,23.961976868760292,24.161416555599303,23.82644080459541,23.746857311129066,22.988937150157906,26.0,18.0
2017-09-05,14,25.0,23.98975952694172,24.159231699813613,23.845629815821603,23.75787513698128,23.00590258799989,25.0,18.0
2017-09-05,15,24.0,23.98975952694172,24.159231699813613,23.845629815821603,23.75787513698128,23.227787463468708,26.0,17.0
2017-09-05,16,24.0,23.960732440816184,24.116248298997355,23.765278777469856,23.689084398791913,23.138292486055423,24.0,18.0
2017-09-05,17,23.0,23.510277103911573,23.739140123390865,23.365085382890033,23.298775960391232,23.159779201030275,23.0,17.0
2017-09-05,18,22.0,21.97399420934475,22.0516908805934,21.926355852298663,21.91704271844417,20.075869268360705,23.0,18.0
2017-09-05,19,20.0,20.39736227880463,20.490012189038985,20.327273678344532,20.269570845564168,19.778618761746657,19.0,17.0
2017-09-05,20,21.0,20.468954686000306,20.529166435119592,20.343834328799183,20.375308707492394,19.89600115364012,20.0,18.0
2017-09-05,21,21.0,20.87153034802614,20.945713413163897,20.76041759854913,20.764144962663,19.972209330872406,21.0,20.0
2017-09-05,22,22.0,20.601057786743556,20.673514613519636,20.488207807406717,20.44876165333246,19.861511296948436,20.0,20.0
2017-09-05,23,21.0,20.428384983896457,20.52069340184324,20.33808837953103,20.24541825009613,19.738906224653146,19.0,19.0
2017-09-06,0,21.0,19.81276483799935,20.124047069637644,19.99090831260975,20.33383951527915,20.345852481688336,20.0,19.0
2017-09-06,1,19.0,19.732210261951842,20.086347948571383,19.949175211047127,20.311270437939836,20.269958521537195,20.0,19.0
2017-09-06,2,20.0,19.759437358740566,20.10374018299361,19.949175211047127,20.311270437939836,20.168821703914645,20.0,20.0
2017-09-06,3,20.0,19.586764555893467,19.955878850643046,19.84059577631045,20.157296559468644,19.996891347569935,19.0,19.0
2017-09-06,4,20.0,19.759437358740566,20.090758496450132,19.949175211047127,20.30413416234216,19.98636892033363,20.0,20.0
2017-09-06,5,19.0,19.860142575146124,20.201034889176874,20.03653871073326,20.367965314047794,19.904846357172545,20.0,20.0
2017-09-06,6,20.0,20.01926342334879,20.347668427324344,20.23084886841504,20.567090747058106,19.82436707428431,20.0,21.0
2017-09-06,7,20.0,20.01926342334879,20.347668427324344,20.23084886841504,20.567090747058106,19.777687279919636,20.0,21.0
2017-09-06,8,21.0,20.671043259346064,20.948817689035852,20.832464204854016,21.192401838513234,23.02087622232337,20.0,21.0
2017-09-06,9,21.0,20.911748192709886,21.217032500288155,21.20012783432626,21.483716741828136,23.117380716661074,21.0,21.0
2017-09-06,10,24.0,23.154187815784056,23.529779001558875,23.3853352211638,23.717274012614396,23.292259408411603,23.0,24.0
2017-09-06,11,23.0,23.4434875253712,23.820830855428227,23.658761332138656,23.96427077836561,23.346400431685044,23.0,24.0
2017-09-06,12,24.0,23.4434875253712,23.83633653322328,23.727080952394996,23.980816117317406,23.4223166198136,23.0,24.0
2017-09-06,13,24.0,23.323757358774028,23.68969895278423,23.591748961201663,23.8261397606352,23.52923413860579,23.0,23.0
2017-09-06,14,24.0,23.975505279549665,24.26200282514112,24.14956773815121,24.372909259052115,23.699669271194534,24.0,25.0
2017-09-06,15,25.0,23.749845879108893,24.057513995520612,23.978761588266305,24.20489683435258,23.822908519824885,24.0,24.0
2017-09-06,16,24.0,23.77887296523443,24.10049739633687,24.059112626618052,24.256340477979524,24.023883838413063,25.0,24.0
2017-09-06,17,24.0,23.33177118184547,23.70280123269353,23.610937972427855,23.837157586487415,23.94937402081753,23.0,23.0
2017-09-06,18,21.0,20.883006481361996,21.243505319202384,21.203447262818365,21.434015995299312,20.593892644090012,21.0,22.0
2017-09-06,19,19.0,20.38167050875761,20.816783068366956,20.673485175216733,20.92287324940378,20.68540930043916,21.0,20.0
2017-09-06,20,20.0,19.973783483728223,20.278328771912633,20.41747488839814,20.210010951581577,20.431148376408835,18.0,21.0
2017-09-06,21,21.0,20.40109858230632,20.785103450095065,20.662275450397548,20.921459258897283,20.725966016164097,21.0,21.0
2017-09-06,22,21.0,20.356934854536142,20.714803569147712,20.626679303110638,20.942370875103002,20.513044366337503,19.0,22.0
2017-09-06,23,20.0,19.985180314965362,20.360083438774407,20.23994623137945,20.402732546330412,20.489926901705115,19.0,21.0
2017-09-07,0,20.0,20.134647493994965,20.12554234049332,19.958749490177556,20.153483398125758,20.296931803697163,19.0,21.0
2017-09-07,1,20.0,19.985710527974316,20.02563373733042,19.826959244683117,20.018376603232024,20.233235939926598,19.0,19.0
2017-09-07,2,20.0,20.01293762476304,20.043025971752648,19.826959244683117,20.018376603232024,20.11772203947833,19.0,20.0
2017-09-07,3,20.0,20.01293762476304,20.043025971752648,19.826959244683117,20.018376603232024,20.013160468579187,19.0,20.0
2017-09-07,4,20.0,20.01293762476304,20.03004428520917,19.826959244683117,20.011240327634347,19.913450047374972,19.0,20.0
2017-09-07,5,20.0,20.23186145043825,20.25339754144202,20.022902179105927,20.229045357811174,19.93331357456237,20.0,19.0
2017-09-07,6,21.0,20.2078818723363,20.241809727542538,20.040325997091735,20.161659194795874,19.75727512005943,19.0,20.0
2017-09-07,7,22.0,20.2078818723363,20.241809727542538,20.040325997091735,20.161659194795874,19.71262652761063,19.0,20.0
2017-09-07,8,21.0,21.16975739160449,21.100739366273594,20.8405779121992,21.053481882276614,22.772983909298954,20.0,21.0
2017-09-07,9,22.0,21.704044522712923,21.662536375270506,21.501823739416054,21.599737751720323,22.97248970094799,22.0,21.0
2017-09-07,10,22.0,22.95746390007802,23.043790075690076,22.808859675452172,23.066090703730513,22.972658334210696,22.0,24.0
2017-09-07,11,23.0,23.821300084754135,23.851104927049914,23.598557357019583,23.815081202799774,23.242045683050947,24.0,23.0
2017-09-07,12,23.0,23.82316487845262,23.90444544773914,23.699622846726832,23.81837816192944,23.22604910844352,23.0,24.0
2017-09-07,13,23.0,24.129523232190312,24.12562291003647,23.93211447137195,24.031441053112403,23.428109803897392,24.0,24.0
2017-09-07,14,24.0,23.903719454500127,23.958092609944767,23.783764609404372,23.851965065120968,23.453492686601027,23.0,24.0
2017-09-07,15,22.0,24.262779255553415,24.23652454341747,23.983653625085857,24.0199774898205,23.56145120945438,23.0,25.0
2017-09-07,16,23.0,24.129523232190312,24.12562291003647,23.951303482598142,24.042458878964617,23.785713158998476,24.0,24.0
2017-09-07,17,22.0,24.137537055261753,24.13872518994577,23.951303482598142,24.042458878964617,23.890401160150965,24.0,24.0
2017-09-07,18,21.0,20.91385521876551,20.963293234991212,20.844016909658553,20.920740428638908,20.739551032091924,21.0,21.0
2017-09-07,19,19.0,20.39325450082921,20.476063741573917,20.291561572213855,20.276244406452502,20.64198054712753,19.0,19.0
2017-09-07,20,20.0,20.492074004813613,20.542595448938528,20.308122222668505,20.381982268380728,20.75587631919877,20.0,20.0
2017-09-07,21,21.0,20.803701859280615,20.859611496257198,20.670389157742733,20.782539302660663,20.840351388600443,21.0,21.0
2017-09-07,22,22.0,20.803701859280615,20.859611496257198,20.670389157742733,20.782539302660663,20.815953100605096,21.0,21.0
2017-09-07,23,21.0,21.754857067929912,21.807104750416503,21.55345350441844,21.67368038905695,20.965514492544656,23.0,20.0
2017-09-08,0,21.0,20.405059034280146,20.36776168185132,20.41736983317001,20.333115625510864,21.083232219134963,20.0,20.0
2017-09-08,1,19.0,20.179058752174264,20.199593462856722,20.26705729687071,20.15657266970036,20.883233362656828,19.0,20.0
2017-09-08,2,19.0,20.179058752174264,20.199593462856722,20.26705729687071,20.15657266970036,20.767416688768485,19.0,20.0
2017-09-08,3,20.0,20.179058752174264,20.199593462856722,20.26705729687071,20.15657266970036,20.650733367929114,19.0,20.0
2017-09-08,4,19.0,20.179058752174264,20.186611776313242,20.26705729687071,20.147333525274018,20.54172160085423,19.0,20.0
2017-09-08,5,20.0,20.27976396857982,20.296888169039985,20.354420796556845,20.211164676979653,20.448396784548148,19.0,20.0
2017-09-08,6,22.0,20.592957294667574,20.580890355458294,20.617157120869006,20.547231131585946,20.457419942599607,20.0,21.0
2017-09-08,7,21.0,20.81926612817998,20.78482863334412,20.876121746637327,20.92187775603513,20.30742440395182,19.0,22.0
2017-09-08,8,20.0,21.283088787877077,21.182039617169803,21.17004807285768,21.172542223041074,23.189139181710548,20.0,21.0
2017-09-08,9,21.0,21.980691287627575,21.86715583565307,21.90525576283492,21.8129516130034,23.290605046187995,21.0,22.0
2017-09-08,10,23.0,23.425534518957456,23.358388359032688,23.396472805292735,23.303627224245457,23.531391278818862,23.0,22.0
2017-09-08,11,23.0,23.765545204163526,23.775613583991998,23.79606045749764,23.74190460509557,23.600212158358097,23.0,23.0
2017-09-08,12,23.0,24.0187328105977,23.948224284424892,23.96359933069141,23.93239841893922,23.80023324281365,24.0,23.0
2017-09-08,13,23.0,23.873483608955024,23.83434114653882,23.837793559060263,23.764473682434883,23.830386415191747,23.0,23.0
2017-09-08,14,23.0,24.29957212928989,24.2021561892752,24.205617174898713,24.143230756152263,24.043128010733124,24.0,24.0
2017-09-08,15,24.0,23.76524978361422,23.70816777544886,23.711632017830215,23.584210893188196,24.111120223858137,23.0,22.0
2017-09-08,16,21.0,24.09928738664521,24.00187144663052,24.005332432254033,23.965985322130745,24.317056912586057,24.0,23.0
2017-09-08,17,21.0,23.76524978361422,23.70816777544886,23.711632017830215,23.584210893188196,24.347877317834357,23.0,22.0
2017-09-08,18,21.0,21.014612711688542,21.04063785723351,21.062758788945775,20.99799430667521,21.477039160698244,21.0,21.0
2017-09-08,19,18.0,20.441885914525255,20.5262234910285,20.52633399259845,20.370531141364015,21.377474348890576,19.0,19.0
2017-09-08,20,19.0,20.31150602528879,20.39123968134302,20.549336148237785,20.031309872328677,21.298467111112924,18.0,20.0
2017-09-08,21,19.0,20.661773397542238,20.697817680343313,20.686013861757708,20.57177386397145,21.467168804342766,20.0,21.0
2017-09-08,22,20.0,21.033527937113018,21.032225056157476,21.053557922262705,20.946129474395235,21.41683546306377,20.0,22.0
2017-09-08,23,19.0,20.661773397542238,20.697817680343313,20.686013861757708,20.560756038119237,21.365224838822165,20.0,21.0
2017-09-09,0,21.0,19.62315946241745,19.568235156522892,19.754614554147594,19.68601291823392,18.871736328615246,20.0,21.0
2017-09-09,1,19.0,19.500932531797712,19.45899770583358,19.693789359672365,19.616606314300974,18.793942400964212,20.0,19.0
2017-09-09,2,20.0,19.72146262327332,19.666828891865464,19.9016455890385,19.835584998456333,18.77263246943304,21.0,19.0
2017-09-09,3,19.0,19.528159628586437,19.476389940255807,19.693789359672365,19.616606314300974,18.549448366687482,20.0,20.0
2017-09-09,4,20.0,19.500932531797712,19.4460160192901,19.693789359672365,19.60736716987463,18.454894834487888,20.0,19.0
2017-09-09,5,19.0,19.628864844991995,19.57368464643907,19.7811528593585,19.671198321580267,18.34816213574794,20.0,20.0
2017-09-09,6,20.0,19.617848021150174,19.588543605881657,19.865467189426987,19.624791567145913,18.15645433258057,19.0,22.0
2017-09-09,7,20.0,19.610435806206613,19.602387842816047,19.77218897511455,19.60592497647519,18.221003058495036,20.0,21.0
2017-09-09,8,18.0,19.121796877137474,19.027312626416805,19.240120186435618,19.096572791732083,18.129759191263087,19.0,20.0
2017-09-09,9,18.0,18.01324350879544,17.93848714321475,18.151760879180443,17.96410001927637,18.043524184810998,18.0,21.0
2017-09-09,10,18.0,17.909118671923142,17.940922271537264,18.18733269219379,17.931718410066644,18.068787380221284,18.0,23.0
2017-09-09,11,17.0,17.909118671923142,17.940922271537264,18.18733269219379,17.931718410066644,18.150442790445606,18.0,23.0
2017-09-09,12,17.0,17.93650250066713,17.946002671878457,18.18733269219379,17.931718410066644,18.162357583062068,17.0,23.0
2017-09-09,13,18.0,17.920399843914147,17.945889143350872,18.170966221618247,17.920955046596358,18.378516342396406,18.0,23.0
2017-09-09,14,17.0,17.920399843914147,17.945889143350872,18.170966221618247,17.920955046596358,18.51056449892404,18.0,23.0
2017-09-09,15,17.0,17.920399843914147,17.945889143350872,18.170966221618247,17.920955046596358,18.536276310882712,17.0,24.0
2017-09-09,16,18.0,17.932981986173726,17.943454015028358,18.1353944086049,17.953336655806083,18.79682128145246,18.0,21.0
2017-09-09,17,17.0,18.51482612167038,18.525298150525014,18.717238544101555,18.55565357503585,18.906950932146607,18.0,21.0
2017-09-09,18,17.0,18.51482612167038,18.525298150525014,18.717238544101555,18.55565357503585,18.99471441422593,18.0,21.0
2017-09-09,19,18.0,18.475618307330482,18.405745349912053,18.661959236479014,18.546837542501024,19.096157126681618,18.0,18.0
2017-09-09,20,19.0,18.58049431128501,18.550093528312097,18.806332715086548,18.680705685984258,19.111083279512357,18.0,19.0
2017-09-09,21,19.0,19.78532793634959,19.728539897621218,19.91700006633586,19.891856252728754,19.38777117731632,21.0,19.0
2017-09-09,22,20.0,19.36940966900863,19.320912120722788,19.513859858543952,19.384147366014098,19.151222387775725,19.0,20.0
2017-09-09,23,19.0,19.48762827827828,19.456341097976956,19.644790275193447,19.565455117546,19.19411850589129,20.0,19.0
2017-09-10,0,20.0,19.816462457104336,19.819584445169685,19.984982052602973,19.928870743385836,18.47867106194128,21.0,21.0
2017-09-10,1,20.0,19.500932531797712,19.519908042870714,19.716300628761612,19.64048545529753,18.313674620405333,20.0,19.0
2017-09-10,2,20.0,19.528159628586437,19.519908042870714,19.716300628761612,19.64048545529753,18.190917802285412,20.0,20.0
2017-09-10,3,19.0,19.500932531797712,19.519908042870714,19.716300628761612,19.64048545529753,18.093949900322762,20.0,19.0
2017-09-10,4,20.0,19.528159628586437,19.506926356327234,19.716300628761612,19.631246310871187,17.97565368243933,20.0,20.0
2017-09-10,5,20.0,19.60163774820327,19.617202749053977,19.803664128447746,19.695077462576823,17.89898912519714,20.0,19.0
2017-09-10,6,19.0,19.703331092609965,19.688093557640265,19.883794415188788,19.754856228420152,17.815455357128307,20.0,20.0
2017-09-10,7,20.0,19.443695653880155,19.443434727040493,19.661025247780678,19.443934228498087,17.678302078245398,19.0,20.0
2017-09-10,8,18.0,19.135139482452598,19.056951648560005,19.226837411654007,19.140557667716596,17.785485918943632,20.0,18.0
2017-09-10,9,19.0,17.859845961784107,17.76565494696749,18.004803107975714,17.857011603501373,17.615652325133127,18.0,18.0
2017-09-10,10,17.0,17.768303267171387,17.76565494696749,18.004803107975714,17.857011603501373,17.56995253313419,17.0,18.0
2017-09-10,11,18.0,17.768303267171387,17.76565494696749,18.004803107975714,17.857011603501373,17.753054829947263,18.0,17.0
2017-09-10,12,17.0,17.795687095915376,17.770735347308683,18.004803107975714,17.857011603501373,17.85217213644864,18.0,17.0
2017-09-10,13,19.0,17.77958443916239,17.7706218187811,17.98843663740017,17.846248240031088,17.954664166926804,18.0,18.0
2017-09-10,14,18.0,17.77958443916239,17.7706218187811,17.98843663740017,17.846248240031088,18.094631240344356,18.0,17.0
2017-09-10,15,18.0,17.77958443916239,17.7706218187811,17.98843663740017,17.846248240031088,18.222622700948055,18.0,17.0
2017-09-10,16,18.0,17.77958443916239,17.7706218187811,17.98843663740017,17.846248240031088,18.33050256744227,18.0,18.0
2017-09-10,17,18.0,18.361428574659048,18.352465954277754,18.570280772896826,18.413768562046705,18.45200398666893,18.0,17.0
2017-09-10,18,18.0,18.361428574659048,18.352465954277754,18.570280772896826,18.413768562046705,18.53893470669197,18.0,17.0
2017-09-10,19,17.0,18.475618307330482,18.46665568694919,18.68447050556826,18.57071668349758,18.585956967830246,18.0,18.0
2017-09-10,20,19.0,18.58049431128501,18.611003865349232,18.828843984175794,18.704584826980813,18.603324655471898,18.0,19.0
2017-09-10,21,19.0,19.78532793634959,19.789450234658354,19.939511335425106,19.91573539372531,18.883896474278867,21.0,19.0
2017-09-10,22,20.0,19.36940966900863,19.364430223337695,19.5363711276332,19.408026507010653,18.6524093091355,19.0,20.0
2017-09-10,23,20.0,19.78532793634959,19.789450234658354,19.939511335425106,19.904717567873096,18.79472778340341,21.0,19.0
2017-09-11,0,20.0,20.419452275544256,20.35385606065846,20.409362870242962,20.38375033000077,20.187401630808743,20.0,20.0
2017-09-11,1,19.0,20.338897699496748,20.3161569395922,20.367629768680338,20.361181252661456,20.088633328599894,20.0,20.0
2017-09-11,2,20.0,20.338897699496748,20.3161569395922,20.367629768680338,20.361181252661456,19.979994320872652,20.0,20.0
2017-09-11,3,20.0,20.311670602708023,20.3161569395922,20.367629768680338,20.361181252661456,19.88328790504123,20.0,19.0
2017-09-11,4,19.0,20.338897699496748,20.30317525304872,20.367629768680338,20.35404497706378,19.765192332523263,20.0,20.0
2017-09-11,5,20.0,20.439602915902306,20.413451645775464,20.454993268366472,20.417876128769414,19.674840602887294,20.0,20.0
2017-09-11,6,21.0,20.506614850281284,20.51494069538209,20.580996521088956,20.504463844225306,19.61897646242334,20.0,19.0
2017-09-11,7,21.0,20.53384194707001,20.51494069538209,20.580996521088956,20.504463844225306,19.561494828977807,20.0,20.0
2017-09-11,8,20.0,21.14421383656947,21.248647012284597,21.20963396646053,20.9097807159783,22.34953081604065,19.0,18.0
2017-09-11,9,22.0,21.91731428301317,22.09068276643536,22.154452071689246,21.528708123878594,22.25921124322009,18.0,19.0
2017-09-11,10,23.0,22.411429580951676,22.65280917599322,22.658695997751455,22.01475988434264,22.334404541475614,18.0,17.0
2017-09-11,11,24.0,22.658992272964024,22.857141302502136,22.845417565037213,22.16588290698238,22.396047754853747,18.0,18.0
2017-09-11,12,24.0,22.686376101708014,22.924638366715964,22.913737185293552,22.182428245934176,22.508651588383437,18.0,17.0
2017-09-11,13,25.0,22.83324896798421,23.10267708298909,23.123063415352433,22.30581426171858,22.597003539203065,18.0,19.0
2017-09-11,14,24.0,22.728372964029685,22.958328904589045,22.997878947971092,22.20499732327349,22.73666610557136,18.0,18.0
2017-09-11,15,25.0,22.728372964029685,22.958328904589045,22.997878947971092,22.20499732327349,22.770868110345,17.0,18.0
2017-09-11,16,25.0,22.728372964029685,22.958328904589045,22.997878947971092,22.20499732327349,22.985888604516006,18.0,18.0
2017-09-11,17,24.0,22.728372964029685,22.958328904589045,22.997878947971092,22.20499732327349,22.999922619750766,17.0,18.0
2017-09-11,18,22.0,20.283499272903654,20.37983244857004,20.602281338506202,19.975725568766826,20.312304071842682,18.0,18.0
2017-09-11,19,20.0,20.283499272903654,20.37983244857004,20.602281338506202,19.975725568766826,20.293467990887006,17.0,17.0
2017-09-11,20,20.0,20.38837527685818,20.497592426389154,20.67756220124357,20.049733557599357,20.39067647583371,18.0,19.0
2017-09-11,21,20.0,20.64536127670022,20.732168304927324,20.74021331192905,20.543449046733944,20.577920970307314,20.0,19.0
2017-09-11,22,20.0,20.672588373488946,20.732168304927324,20.74021331192905,20.543449046733944,20.53375123069284,20.0,20.0
2017-09-11,23,19.0,20.52714266743057,20.579347093250927,20.590093884053363,20.340105643497612,20.381976999570078,19.0,20.0
2017-09-12,0,20.0,20.050799390252426,19.74596141472591,20.0935706581244,19.91241846492185,20.391874764236473,19.0,20.0
2017-09-12,1,20.0,19.943017717416193,19.690870059237422,20.051837556561775,19.889849387582537,20.303045131920456,19.0,19.0
2017-09-12,2,19.0,20.115690520263293,19.838731391587988,20.16041699129845,20.043823266053728,20.27051020696456,20.0,20.0
2017-09-12,3,20.0,19.970244814204918,19.70826229365965,20.051837556561775,19.889849387582537,20.063362039677813,19.0,20.0
2017-09-12,4,19.0,20.08846342347457,19.80835747062228,20.16041699129845,20.03668699045605,20.064041962783538,20.0,19.0
2017-09-12,5,20.0,20.21639573666885,19.93602609777125,20.247780490984585,20.100518142161686,19.958381377115543,20.0,20.0
2017-09-12,6,21.0,20.5688195795584,20.418688857151494,20.649946878032498,20.65635636766577,19.967908494492573,21.0,21.0
2017-09-12,7,21.0,20.5688195795584,20.418688857151494,20.649946878032498,20.65635636766577,19.92475026956147,21.0,21.0
2017-09-12,8,21.0,21.212461069960163,20.98187264096055,21.148402173095814,21.203926338780626,22.745675266678703,21.0,20.0
2017-09-12,9,21.0,21.718106948080568,21.51244519045109,21.743341862069233,21.704841289552878,22.73744944097554,21.0,22.0
2017-09-12,10,23.0,23.437625345200846,23.355223087378725,23.528259318950866,23.577291329737484,23.054887216710362,24.0,23.0
2017-09-12,11,23.0,23.92720979743267,23.846559683892757,24.001970172570402,24.001533529510215,23.120141013672566,24.0,24.0
2017-09-12,12,23.0,23.92720979743267,23.86206536168781,24.070289792826742,24.018078868462013,23.222806177309423,24.0,24.0
2017-09-12,13,22.0,24.007619996230765,23.952671053422247,24.138509820969222,24.01816655665721,23.235318095224233,23.0,25.0
2017-09-12,14,24.0,24.036791459605716,23.958695924709698,24.23478259385603,24.120456509842906,23.56564718457426,25.0,24.0
2017-09-12,15,24.0,24.23342377392095,24.12020135351395,24.325237705389185,24.219678196353073,23.58913636441754,24.0,25.0
2017-09-12,16,21.0,24.23342377392095,24.12020135351395,24.325237705389185,24.219678196353073,23.713007969651702,24.0,25.0
2017-09-12,17,22.0,23.781960595789993,23.748182223801738,23.98689268231051,23.86117195780989,23.74235084091849,23.0,24.0
2017-09-12,18,21.0,21.42649335040645,21.38218376541052,21.67269942780095,21.535725898729076,20.944134274460215,22.0,22.0
2017-09-12,19,19.0,20.367894591313593,20.39467123260866,20.612517164325645,20.477776876525542,20.84507342197812,20.0,20.0
2017-09-12,20,19.0,20.57252767680492,20.576290573428206,20.770357189273213,20.70657247040019,20.968412960923068,21.0,20.0
2017-09-12,21,21.0,20.57252767680492,20.576290573428206,20.770357189273213,20.679208477795164,20.966222435237015,21.0,20.0
2017-09-12,22,19.0,20.86610987454953,20.869872771172815,21.06393938701782,20.93414944392397,21.026293490251735,22.0,20.0
2017-09-12,23,19.0,20.57252767680492,20.558898339005978,20.75116817804702,20.66819065194295,20.884721978888326,21.0,19.0
2017-09-13,0,19.0,20.543154443655947,20.317651955392428,20.60823864735002,20.58234458783173,20.357969000198324,21.0,20.0
2017-09-13,1,19.0,20.12385116686318,19.941652550365944,20.25006988168459,20.186822947865867,20.075972709711667,19.0,20.0
2017-09-13,2,20.0,20.24206977613283,20.054729413872053,20.358649316421264,20.34079682633706,20.078242057603717,20.0,19.0
2017-09-13,3,19.0,20.269296872921554,20.07212164829428,20.358649316421264,20.34079682633706,19.956972158336903,20.0,20.0
2017-09-13,4,19.0,20.24206977613283,20.041747727328573,20.358649316421264,20.33366055073938,19.868853609644134,20.0,19.0
2017-09-13,5,20.0,20.224556383268737,20.038947256549207,20.337433381370722,20.243517823973825,19.672638140947416,19.0,20.0
2017-09-13,6,20.0,20.557522492906223,20.342907524546295,20.67517611020554,20.59661713545533,19.683179322821026,20.0,21.0
2017-09-13,7,20.0,20.557522492906223,20.342907524546295,20.67517611020554,20.59661713545533,19.639007033393344,20.0,21.0
2017-09-13,8,21.0,21.44095698080261,21.15188797228969,21.48464767601065,21.440906911065817,22.661582222735944,21.0,21.0
2017-09-13,9,20.0,21.48835891947955,21.212271597510107,21.64445507611676,21.51324313022536,22.67625350581929,21.0,21.0
2017-09-13,10,23.0,23.664774882986503,23.49226365622785,23.79691659350339,23.76004878083375,22.97371437654617,24.0,23.0
2017-09-13,11,22.0,23.728270814883462,23.615785210005498,23.902803831284476,23.816551732741313,22.952075840991856,23.0,23.0
2017-09-13,12,22.0,23.981458421317637,23.85081257431103,24.138662324734586,24.02359088553676,23.140566389757097,24.0,23.0
2017-09-13,13,22.0,24.0041831708642,23.828690364266556,24.12784667289593,23.903302271034665,23.266530299487133,24.0,22.0
2017-09-13,14,21.0,24.262297740009824,24.104744479161337,24.423088830056805,24.234423222749804,23.361185873248125,24.0,24.0
2017-09-13,15,22.0,24.291324826135362,24.147727879977595,24.503439868408552,24.285866866376747,23.579380694167977,25.0,24.0
2017-09-13,16,22.0,23.87925785196917,23.7234484499681,24.111463871108775,23.841128486209268,23.646434741833232,24.0,21.0
2017-09-13,17,22.0,24.0041831708642,23.828690364266556,24.147035684122123,23.91432009688688,23.738705889441896,24.0,22.0
2017-09-13,18,20.0,20.98535214547992,20.94600089933158,21.280230444103868,21.08918677327275,20.613697403205876,21.0,21.0
2017-09-13,19,18.0,20.40461152524519,20.408499026355493,20.714672209215326,20.444690751086345,20.515650615220363,19.0,19.0
2017-09-13,20,19.0,20.484217755512308,20.470740779207176,20.731232859669976,20.55042861301457,20.641963240835427,20.0,19.0
2017-09-13,21,19.0,20.875198785995025,20.83233393373579,21.106602692188048,20.950985647294505,20.710403576061697,21.0,21.0
2017-09-13,22,19.0,20.781917413583617,20.742939578851438,21.00344265081239,20.838447929740084,20.71073686972895,21.0,19.0
2017-09-13,23,19.0,20.484217755512308,20.470740779207176,20.712043848443784,20.51204679455733,20.56252972118322,20.0,19.0
2017-09-14,0,19.0,20.214769717417877,20.092428534938314,20.2999421769852,20.201459365081778,19.76672655012076,20.0,19.0
2017-09-14,1,19.0,20.13421514137037,20.054729413872053,20.258209075422577,20.178890287742465,19.673886903914624,20.0,19.0
2017-09-14,2,19.0,20.161442238159093,20.07212164829428,20.258209075422577,20.178890287742465,19.556959220737657,20.0,20.0
2017-09-14,3,19.0,20.13421514137037,20.054729413872053,20.258209075422577,20.178890287742465,19.46499691042983,20.0,19.0
2017-09-14,4,20.0,20.13421514137037,20.041747727328573,20.258209075422577,20.17175401214479,19.364354921457366,20.0,19.0
2017-09-14,5,19.0,20.26214745456465,20.169416354477544,20.34557257510871,20.235585163850423,19.262478264278606,20.0,20.0
2017-09-14,6,20.0,20.54968948041924,20.478736590116057,20.679432057197328,20.541151563461675,19.28710931254016,21.0,20.0
2017-09-14,7,20.0,20.84327167816385,20.772318787860666,20.973014254941937,20.79609252959048,19.336188429766793,22.0,20.0
2017-09-14,8,21.0,21.33310234604015,21.15188797228969,21.384207435011962,21.279000372471224,22.191980337052314,21.0,21.0
2017-09-14,9,20.0,21.58080511005029,21.38539428593546,21.734436991487023,21.5285364374193,22.312703030114186,22.0,20.0
2017-09-14,10,22.0,22.782099030490393,22.775715916092683,22.97992003926747,22.797665063168026,22.314085706128996,22.0,23.0
2017-09-14,11,23.0,23.512182354780197,23.48961183891554,23.676202049055743,23.46336457904782,22.49135886799911,23.0,22.0
2017-09-14,12,23.0,23.539566183524187,23.510197917051787,23.744521669312082,23.479909917999617,22.584220742182666,23.0,22.0
2017-09-14,13,23.0,23.620120759571694,23.563845079257415,23.80947442076343,23.50247899533893,22.69427064368643,23.0,22.0
2017-09-14,14,22.0,23.77140321720671,23.67653746389052,24.01102363011009,23.679221947614675,22.92193655185986,24.0,21.0
2017-09-14,15,22.0,23.07110331952823,23.01482763921395,23.279645991946158,22.90351345596366,22.844053178067643,22.0,22.0
2017-09-14,16,22.0,23.620120759571694,23.563845079257415,23.82866343198962,23.513496821191143,23.05543339203657,23.0,22.0
2017-09-14,17,22.0,23.07110331952823,23.01482763921395,23.279645991946158,22.90351345596366,23.0671790314707,22.0,22.0
2017-09-14,18,21.0,20.78421613830605,20.827087792791875,21.076630161729522,20.814742517123737,20.107866422428117,21.0,20.0
2017-09-14,19,17.0,20.191880886528203,20.217239861877868,20.469858489609106,20.18196727404666,20.010096197487123,19.0,18.0
2017-09-14,20,18.0,20.376363120749847,20.423829793129595,20.63079261867129,20.388522074419978,20.123406361577885,20.0,19.0
2017-09-14,21,19.0,20.674062778821156,20.696028592773857,20.903002409813702,20.67654139114549,20.220763166554736,21.0,19.0
2017-09-14,22,19.0,20.967644976565765,20.989610790518466,21.19658460755831,20.931482357274298,20.28867880550612,22.0,19.0
2017-09-14,23,19.0,20.674062778821156,20.696028592773857,20.88381339858751,20.665523565293277,20.14242920227705,21.0,19.0
2017-09-15,0,19.0,20.37307909446113,20.253981461437444,20.39059298993989,20.419714159468853,19.363919043845318,21.0,19.0
2017-09-15,1,20.0,19.926548720879637,19.87798205641096,20.032424224274457,20.02419251950299,19.097608016483946,19.0,19.0
2017-09-15,2,18.0,19.926548720879637,19.87798205641096,20.032424224274457,20.02419251950299,19.00715242969816,19.0,19.0
2017-09-15,3,19.0,20.071994426938012,20.008451154339298,20.141003659011133,20.17816639797418,19.005775137772268,20.0,19.0
2017-09-15,4,19.0,19.95377581766836,19.88239260428971,20.032424224274457,20.014953375076647,18.806132990236325,19.0,20.0
2017-09-15,5,19.0,20.17269964334357,20.10574586052256,20.228367158697267,20.232758405253474,18.830654353206903,20.0,19.0
2017-09-15,6,21.0,20.76127818018176,20.706082446749132,20.80993587254905,20.793265770993532,18.936788508845105,22.0,20.0
2017-09-15,7,20.0,20.46769598243715,20.412500249004523,20.516353674804442,20.538324804864725,18.79702324565283,21.0,20.0
2017-09-15,8,20.0,21.005679774144184,20.87782044514627,20.935415000261425,21.040162072843703,21.8756747626721,20.0,21.0
2017-09-15,9,21.0,21.20522941432359,21.02557574707932,21.229052026899225,21.245507588917185,21.98805634125519,21.0,20.0
2017-09-15,10,21.0,23.056582810611843,23.054169187009155,23.16183973269648,23.171247074048086,22.179437907984575,23.0,22.0
2017-09-15,11,22.0,23.396593495817914,23.471394411968465,23.561427384901386,23.6095244548982,22.222897700421253,23.0,23.0
2017-09-15,12,22.0,23.423977324561903,23.476474812309657,23.561427384901386,23.6095244548982,22.302175016362373,23.0,23.0
2017-09-15,13,22.0,23.50453190060941,23.530121974515286,23.60316048646401,23.632093532237512,22.398640359623702,23.0,23.0
2017-09-15,14,21.0,23.396298075268607,23.403948603425327,23.476998945233962,23.451830742990825,22.520119505050538,23.0,22.0
2017-09-15,15,22.0,23.67250585179865,23.621882902356887,23.694930956367777,23.690747480091968,22.72576299167173,24.0,22.0
2017-09-15,16,23.0,22.553698437480534,22.561348965637254,22.63439930744589,22.586906411634537,22.554690212366538,21.0,22.0
2017-09-15,17,22.0,22.526611423589586,22.516936494003854,22.63439930744589,22.586906411634537,22.654720377735845,21.0,22.0
2017-09-15,18,20.0,20.61857398945198,20.692006213576576,20.828125716349522,20.86561415647784,19.54523094053003,21.0,21.0
2017-09-15,19,18.0,19.835490281535968,19.907455825444742,20.170329597033998,19.791870528260635,19.383347793598286,18.0,17.0
2017-09-15,20,19.0,19.974117589210582,20.007034763358988,20.102050291069983,20.01769513222752,19.501901401452702,19.0,18.0
2017-09-15,21,20.0,20.07899359316511,20.15138294175903,20.246423769677516,20.151563275710753,19.500258047866073,19.0,19.0
2017-09-15,22,19.0,20.224439299223484,20.30420415343543,20.37735418632701,20.34388885309487,19.57904403884398,20.0,19.0
2017-09-15,23,19.0,20.07899359316511,20.15138294175903,20.246423769677516,20.14054544985854,19.445453228662668,19.0,19.0
2017-09-16,0,19.0,19.705522548259815,19.652605175534045,19.731994490212372,19.78536086790759,18.361433931864244,21.0,19.0
2017-09-16,1,19.0,19.344318790541703,19.31185403019109,19.431925296685108,19.423171668751323,18.078485320150286,19.0,20.0
2017-09-16,2,19.0,19.357661395856827,19.280582715297154,19.39613125281425,19.44327740373928,18.106552498824442,20.0,18.0
2017-09-16,3,19.0,19.317091693752978,19.29446179576886,19.431925296685108,19.423171668751323,17.902045976880466,19.0,19.0
2017-09-16,4,19.0,19.462537399811353,19.411949207153718,19.540504731421784,19.567906402796172,17.90153892285549,20.0,19.0
2017-09-16,5,19.0,19.417796910158536,19.391756501952123,19.519288796371242,19.477763676030616,17.724100911305936,19.0,19.0
2017-09-16,6,19.0,19.737480737481768,19.6825107633511,19.785190182899733,19.77168628774837,17.722521970253133,20.0,21.0
2017-09-16,7,19.0,19.55074622795217,19.496318910217543,19.593808785177526,19.534568198894263,17.690469803751864,20.0,20.0
2017-09-16,8,19.0,18.31420450570053,18.2157429039595,18.334031264402952,18.43553915547416,17.482875309931856,18.0,20.0
2017-09-16,9,17.0,17.97484837680908,17.90442033107837,17.998476250929862,18.055269003039403,17.475836461359393,18.0,21.0
2017-09-16,10,18.0,17.88330568219636,17.90442033107837,17.998476250929862,18.055269003039403,17.510048682654944,18.0,21.0
2017-09-16,11,16.0,17.870723539936783,17.906855459400884,18.03404806394321,18.022887393829677,17.462612316318523,17.0,22.0
2017-09-16,12,17.0,17.898107368680773,17.911935859742076,18.03404806394321,18.022887393829677,17.544713913268808,17.0,22.0
2017-09-16,13,17.0,17.882004711927788,17.91182233121449,18.017681593367666,18.01212403035939,17.737531507238135,18.0,22.0
2017-09-16,14,16.0,17.894586854187366,17.909387202891978,17.982109780354318,18.044505639569117,17.768114493891876,17.0,21.0
2017-09-16,15,17.0,17.882004711927788,17.91182233121449,18.017681593367666,18.01212403035939,17.8686766947478,17.0,22.0
2017-09-16,16,17.0,17.882004711927788,17.91182233121449,18.017681593367666,18.01212403035939,18.059636640124648,18.0,23.0
2017-09-16,17,17.0,18.327589495928077,18.240318138508982,18.59952572886432,18.61444094958916,18.081042270917585,17.0,22.0
2017-09-16,18,17.0,18.318877191919572,18.165880889724345,18.53885835416453,18.614926548296417,18.193359436966848,17.0,20.0
2017-09-16,19,17.0,18.300963823847756,18.118330209573507,18.508674608228432,18.638006526264057,18.37758973849485,18.0,18.0
2017-09-16,20,18.0,19.303787440233545,19.26945307416418,19.36057523029337,19.34468659893564,18.495053214570227,19.0,19.0
2017-09-16,21,19.0,19.33101453702227,19.286845308586408,19.36057523029337,19.34468659893564,18.491675711753473,19.0,20.0
2017-09-16,22,19.0,19.44923314629192,19.422274285840576,19.491505646942866,19.537012176319756,18.582015018797808,20.0,19.0
2017-09-16,23,18.0,19.303787440233545,19.26945307416418,19.36057523029337,19.333668773083424,18.445792397690763,19.0,19.0
2017-09-17,0,20.0,18.894142006752244,19.033452257270177,19.343993904492432,18.761708026125046,17.153178002591474,20.0,19.0
2017-09-17,1,19.0,18.87168694977939,19.013609161465215,19.360360375067977,18.77247138959533,17.07688724262913,20.0,19.0
2017-09-17,2,19.0,18.87168694977939,19.013609161465215,19.360360375067977,18.77247138959533,16.98919396979019,20.0,19.0
2017-09-17,3,19.0,18.726241243721017,18.883140063536878,19.2517809403313,18.61849751112414,16.80313279122843,19.0,19.0
2017-09-17,4,19.0,18.87168694977939,19.000627474921735,19.360360375067977,18.76323224516899,16.80618002653462,20.0,19.0
2017-09-17,5,19.0,18.97239216618495,19.110903867648478,19.44772387475411,18.827063396874625,16.724504304363254,20.0,19.0
2017-09-17,6,19.0,18.901412707744544,19.05132557830643,19.419274726758477,18.732868284246763,16.564258115433425,19.0,19.0
2017-09-17,7,19.0,18.932668681131485,19.06760494356333,19.41366442882372,18.72989404126708,16.61115853045377,20.0,19.0
2017-09-17,8,18.0,17.696126958879844,17.78702893730529,18.153886908049145,17.630864997846977,16.401329716954407,18.0,19.0
2017-09-17,9,17.0,17.99979761921637,18.036858975882915,18.401667148064163,17.74120015782013,16.525704458779884,19.0,17.0
2017-09-17,10,17.0,17.139057685153066,17.25935606556199,17.64886285428208,17.119627288640668,16.354415397295547,17.0,18.0
2017-09-17,11,17.0,17.169406792886246,17.298797333929247,17.64886285428208,17.119627288640668,16.530080755514483,18.0,16.0
2017-09-17,12,17.0,17.196790621630235,17.30387773427044,17.64886285428208,17.119627288640668,16.499052470411986,17.0,17.0
2017-09-17,13,16.0,17.98844291805367,18.101223740396325,18.38530067748862,17.730436794349846,16.77960942506963,19.0,17.0
2017-09-17,14,17.0,17.18068796487725,17.303764205742855,17.632496383706535,17.108863925170382,16.804798286850783,18.0,16.0
2017-09-17,15,17.0,17.18068796487725,17.303764205742855,17.632496383706535,17.108863925170382,16.900728447667916,18.0,17.0
2017-09-17,16,17.0,17.18068796487725,17.303764205742855,17.632496383706535,17.108863925170382,17.008419437358185,18.0,17.0
2017-09-17,17,17.0,17.62627274887754,17.632260013037346,18.21434051920319,17.676384247186,17.107305414827177,18.0,17.0
2017-09-17,18,16.0,17.62627274887754,17.632260013037346,18.21434051920319,17.676384247186,17.1912338893558,18.0,17.0
2017-09-17,19,17.0,17.740462481548974,17.74644974570878,18.328530251874625,17.833332368636874,17.16154372963308,17.0,17.0
2017-09-17,20,18.0,18.638410093980237,18.753224431899408,19.03605739533203,18.40614429782522,17.37476949508665,19.0,18.0
2017-09-17,21,19.0,18.743286097934764,18.897572610299452,19.180430873939564,18.540012441308455,17.374946281601062,19.0,19.0
2017-09-17,22,20.0,18.88873180399314,19.05039382197585,19.31136129058906,18.732338018692573,17.456104325340764,20.0,19.0
2017-09-17,23,19.0,18.783855800038612,18.906045643575805,19.166987811981524,18.587452049357125,17.432617102148562,20.0,18.0
2017-09-18,0,18.0,19.746184553297834,19.756322342243408,19.8526333798168,19.87059778274901,18.97189494875912,20.0,20.0
2017-09-18,1,19.0,19.476865595334147,19.557849667131883,19.672346586065153,19.653511489866336,18.811174607037632,19.0,19.0
2017-09-18,2,19.0,19.62231130139252,19.68831876506022,19.78092602080183,19.807485368337527,18.812615702186793,20.0,19.0
2017-09-18,3,19.0,19.62231130139252,19.68831876506022,19.78092602080183,19.807485368337527,18.716309622001948,20.0,19.0
2017-09-18,4,19.0,19.476865595334147,19.544867980588403,19.672346586065153,19.64637521426866,18.529405891922988,19.0,19.0
2017-09-18,5,20.0,19.72301651779808,19.785613471243483,19.868289520487963,19.864180244445485,18.539438250034205,20.0,19.0
2017-09-18,6,20.0,20.037785640441392,20.094933706881996,20.20214900257658,20.169746644056737,18.565627270113232,21.0,19.0
2017-09-18,7,20.0,20.037785640441392,20.094933706881996,20.20214900257658,20.169746644056737,18.51962044582356,21.0,19.0
2017-09-18,8,20.0,20.40251103822076,20.79834451911002,20.758406022583735,20.54443231777409,21.59610890685144,20.0,18.0
2017-09-18,9,21.0,21.06890127007244,21.504489706506977,21.56402532840812,21.19150512566289,21.80309334101981,22.0,17.0
2017-09-18,10,21.0,22.402053425075483,22.909692598553985,22.91137103716697,22.577012069222775,21.92997436329732,23.0,17.0
2017-09-18,11,22.0,23.180171402371858,23.713629501640387,23.58499054272165,23.214317273374668,22.08240671654014,24.0,17.0
2017-09-18,12,22.0,23.207555231115848,23.781126565854215,23.653310162977988,23.230862612326465,22.16343461988364,24.0,17.0
2017-09-18,13,24.0,23.331622021295047,23.8777571288761,23.81266311072647,23.360648877271686,22.3689918235896,25.0,16.0
2017-09-18,14,23.0,23.288109807163355,23.834773728059844,23.737451925655527,23.264449515517992,22.370947680394643,24.0,17.0
2017-09-18,15,23.0,23.331622021295047,23.8777571288761,23.83185212195266,23.3716667031239,22.577991985575952,25.0,17.0
2017-09-18,16,22.0,23.331622021295047,23.8777571288761,23.83185212195266,23.3716667031239,22.688578001253703,25.0,17.0
2017-09-18,17,22.0,23.296123630234796,23.85786123483092,23.737451925655527,23.264449515517992,22.69575589844011,24.0,17.0
2017-09-18,18,21.0,20.68778629841871,20.896467460219487,20.892929304853382,20.698278563847605,19.429906355234564,22.0,16.0
2017-09-18,19,18.0,19.95532837802607,20.186338284430573,20.12350585163785,20.00288793202584,19.292254192080772,20.0,17.0
2017-09-18,20,19.0,19.881475079163373,20.072671318834782,20.009136085443007,19.916300216569947,19.31660412872042,20.0,18.0
2017-09-18,21,20.0,19.9863510831179,20.217019497234826,20.15350956405054,19.989753162410015,19.31388588924735,20.0,19.0
2017-09-18,22,19.0,20.029669758975704,20.247323953351753,20.18348382150289,20.030296499482183,19.283929788622878,20.0,20.0
2017-09-18,23,19.0,19.840905377059524,20.06419828555843,20.003390136174854,19.786409759173683,19.162520994021104,19.0,19.0
2017-09-19,0,19.0,20.179353216239452,19.91401354440189,20.102724311125773,20.18158221482869,19.430209317763563,20.0,18.0
2017-09-19,1,20.0,20.20367464414647,20.020662601735673,20.205364688170683,20.25983007593447,19.3424393709943,20.0,19.0
2017-09-19,2,20.0,20.058228938088096,19.890193503807335,20.096785253434007,20.10585619746328,19.16339317880837,19.0,19.0
2017-09-19,3,19.0,20.20367464414647,20.020662601735673,20.205364688170683,20.25983007593447,19.166255697724438,20.0,19.0
2017-09-19,4,19.0,20.058228938088096,19.877211817263856,20.096785253434007,20.0987199218656,18.98368017481488,19.0,19.0
2017-09-19,5,20.0,20.331606957340753,20.135349542341164,20.292728187856817,20.31652495204243,18.982620054353507,20.0,20.0
2017-09-19,6,21.0,20.61914898319534,20.444669777979676,20.626587669945433,20.62209135165368,19.009737097093037,21.0,20.0
2017-09-19,7,21.0,20.61914898319534,20.444669777979676,20.626587669945433,20.62209135165368,18.962802250142857,21.0,20.0
2017-09-19,8,20.0,21.309280476404844,20.997361650834055,21.22820300638441,21.282199040322958,22.238958419243836,21.0,20.0
2017-09-19,9,22.0,21.44996378749319,21.178204785373726,21.49117044786618,21.43227637982277,22.226932100158287,21.0,21.0
2017-09-19,10,23.0,22.98515544562812,22.876989875165343,23.132098354369635,23.072724289511463,22.441700462732555,23.0,21.0
2017-09-19,11,23.0,23.5816418575563,23.45554502677916,23.623357661803848,23.544304367239825,22.48022289087054,23.0,22.0
2017-09-19,12,23.0,23.60902568630029,23.523042090992988,23.691677282060187,23.560849706191622,22.5542017622738,23.0,22.0
2017-09-19,13,23.0,23.449081390289816,23.35412992688979,23.534058877342797,23.463199479155435,22.52421408461159,22.0,24.0
2017-09-19,14,23.0,24.023617865378785,23.870392924380276,24.069519459161544,23.976211038325697,22.8278118051374,24.0,23.0
2017-09-19,15,24.0,24.023617865378785,23.870392924380276,24.069519459161544,23.976211038325697,22.9356875112178,24.0,23.0
2017-09-19,16,24.0,22.854994447631164,22.75717712218162,22.933219406949654,22.72951227802686,22.77517471397307,21.0,22.0
2017-09-19,17,22.0,23.148576645375773,23.05075931992623,23.226801604694263,22.984453244155667,22.966687725786315,22.0,22.0
2017-09-19,18,20.0,20.94695701349356,20.9119340871952,21.126945815853286,21.008220022870162,19.670764263130582,21.0,21.0
2017-09-19,19,17.0,20.269354212375745,20.253171542590145,20.41701410235721,20.262907062238664,19.589293336010986,19.0,18.0
2017-09-19,20,20.0,20.308390740539014,20.306940262165476,20.4470178147699,20.277136285227865,19.616364097421467,19.0,19.0
2017-09-19,21,19.0,20.743522281597258,20.726265001137286,20.850158022561807,20.757481179337496,19.805030004515466,21.0,20.0
2017-09-19,22,19.0,20.300376917467574,20.2838527553944,20.4470178147699,20.24977229262284,19.62128520058225,19.0,19.0
2017-09-19,23,19.0,20.300376917467574,20.2838527553944,20.427828803543708,20.238754466770626,19.58615972439847,19.0,19.0
2017-09-20,0,20.0,20.138783514135604,19.927892624873596,20.13851835499663,20.12842527480259,19.029463708506437,19.0,19.0
2017-09-20,1,19.0,20.08545603487682,19.907585738229564,20.096785253434007,20.10585619746328,18.942067220383013,19.0,20.0
2017-09-20,2,19.0,20.230901740935195,20.0380548361579,20.205364688170683,20.25983007593447,18.95042497565105,20.0,20.0
2017-09-20,3,20.0,20.058228938088096,19.890193503807335,20.096785253434007,20.10585619746328,18.780343699805695,19.0,19.0
2017-09-20,4,20.0,20.058228938088096,19.877211817263856,20.096785253434007,20.0987199218656,18.69152545558408,19.0,19.0
2017-09-20,5,19.0,20.331606957340753,20.135349542341164,20.292728187856817,20.31652495204243,18.69060948477944,20.0,20.0
2017-09-20,6,20.0,20.519127360919864,20.308840712409914,20.52189148195496,20.51565038505274,18.610434421240182,20.0,21.0
2017-09-20,7,21.0,20.519127360919864,20.308840712409914,20.52189148195496,20.51565038505274,18.563450407526535,20.0,21.0
2017-09-20,8,19.0,21.309280476404844,20.997361650834055,21.22820300638441,21.282199040322958,21.953302977707793,21.0,20.0
2017-09-20,9,22.0,21.71355835919298,21.407587761131946,21.650858279005043,21.587653306091195,21.833706076590875,20.0,22.0
2017-09-20,10,22.0,23.40057597330996,23.290666543999766,23.47609309205904,23.488588216587512,22.127890264227734,23.0,23.0
2017-09-20,11,22.0,23.14085824285364,23.032700957825654,23.20050176299043,23.125601617111244,22.086350017954008,22.0,23.0
2017-09-20,12,22.0,23.16824207159763,23.100198022039482,23.26882138324677,23.14214695606304,22.159955430711427,22.0,23.0
2017-09-20,13,23.0,23.248796647645136,23.15384518424511,23.333774134698118,23.164716033402353,22.25074887078906,22.0,23.0
2017-09-20,14,22.0,22.955214449900527,22.8602629865005,23.0593809481797,22.92079289312576,22.25960137081865,21.0,23.0
2017-09-20,15,24.0,23.449081390289816,23.35412992688979,23.55324788856899,23.47421730500765,22.446892901961633,22.0,24.0
2017-09-20,16,23.0,23.457095213361256,23.377217433660867,23.55324788856899,23.47421730500765,22.552921401480873,22.0,24.0
2017-09-20,17,22.0,23.148576645375773,23.05075931992623,23.226801604694263,22.984453244155667,22.6783889006254,22.0,22.0
2017-09-20,18,20.0,20.583203079799567,20.567733167088814,20.751575983335215,20.580298995985203,19.29620232715603,20.0,20.0
2017-09-20,19,20.0,20.091974442800822,20.107425617484587,20.440016257996547,19.944200147346855,19.214780566799906,18.0,17.0
2017-09-20,20,21.0,20.33561783732774,20.324332496587704,20.4470178147699,20.277136285227865,19.307896840879106,19.0,20.0
2017-09-20,21,22.0,20.300376917467574,20.2838527553944,20.4470178147699,20.24977229262284,19.337362724251392,19.0,19.0
2017-09-20,22,20.0,20.300376917467574,20.2838527553944,20.4470178147699,20.24977229262284,19.327159397665245,19.0,19.0
2017-09-20,23,20.0,20.300376917467574,20.2838527553944,20.427828803543708,20.238754466770626,19.29238192953776,19.0,19.0
2017-09-21,0,20.0,20.23561143749952,20.170740780048224,20.181998970600503,20.136272698944264,19.6026101539732,19.0,20.0
2017-09-21,1,20.0,20.12782976466329,20.115649424559734,20.14026586903788,20.11370362160495,19.54634144734137,19.0,19.0
2017-09-21,2,20.0,20.12782976466329,20.115649424559734,20.14026586903788,20.11370362160495,19.464433808438347,19.0,19.0
2017-09-21,3,19.0,20.155056861452014,20.133041658981963,20.14026586903788,20.11370362160495,19.363055532725216,19.0,20.0
2017-09-21,4,19.0,20.30050256751039,20.25052907036682,20.248845303774555,20.260541224478466,19.369915029975317,20.0,20.0
2017-09-21,5,19.0,20.228534981068847,20.212944130742997,20.227629368724013,20.17039849771291,19.210921129491723,19.0,19.0
2017-09-21,6,21.0,20.49544681508365,20.46229451270019,20.462212056183173,20.410960091639993,19.224734974058837,20.0,20.0
2017-09-21,7,21.0,20.588728187495057,20.534296633162313,20.565372097558832,20.523497809194414,19.16347671859423,20.0,21.0
2017-09-21,8,19.0,21.378881302980037,21.205425337164225,21.27168362198828,21.29004646446463,22.626721917475376,21.0,19.0
2017-09-21,9,22.0,21.783159185768174,21.633043681884345,21.694338894608915,21.595500730232867,22.491161941242154,20.0,22.0
2017-09-21,10,22.0,22.904468229113604,22.840931653618743,22.8443947263894,22.695171660402803,22.702829825403363,22.0,22.0
2017-09-21,11,23.0,23.742785378744212,23.681000947531558,23.66683827740772,23.552151791381498,22.845082942999536,23.0,22.0
2017-09-21,12,23.0,23.770169207488202,23.701587025667806,23.73515789766406,23.568697130333295,22.915187180952206,23.0,22.0
2017-09-21,13,23.0,23.958957608876513,23.881407558963392,23.926272190345454,23.782546822771508,22.98866614288166,23.0,23.0
2017-09-21,14,23.0,23.301706343492246,23.20621674782997,23.270282220298135,22.99230066829734,23.0080693707269,22.0,22.0
2017-09-21,15,23.0,23.61022491147773,23.532674861564608,23.596728504172862,23.48206472914932,23.08521799170739,22.0,24.0
2017-09-21,16,22.0,23.41795399190449,23.34549239882923,23.396443761528182,23.18358128339624,23.20291002279717,22.0,23.0
2017-09-21,17,22.0,23.309720166563686,23.21931902773927,23.270282220298135,22.99230066829734,23.313212815566402,22.0,22.0
2017-09-21,18,21.0,21.014819162270065,21.008491674546118,21.0672663900815,20.903529729457414,19.963162545,21.0,20.0
2017-09-21,19,19.0,20.385221064731986,20.4377257381199,20.627870352207953,20.18742299731762,19.653705873623473,17.0,20.0
2017-09-21,20,20.0,20.57864589968992,20.483139658001097,20.75199811754193,20.370802256408897,19.77580015742139,18.0,21.0
2017-09-21,21,19.0,20.9537834474264,20.906512175326874,20.96120253225443,20.89877793723931,19.873317175578546,19.0,22.0
2017-09-21,22,20.0,20.48874753544421,20.479789924491445,20.490498430373773,20.257619716764513,19.89354209279948,19.0,20.0
2017-09-21,23,19.0,20.48874753544421,20.479789924491445,20.47130941914758,20.2466018909123,19.86202720019977,19.0,20.0
2017-09-22,0,20.0,20.03433039371587,19.93307341189945,20.07415732583708,20.007300829763842,19.47460197753132,19.0,20.0
2017-09-22,1,20.0,20.099221523726737,20.025843388761526,20.141003659011133,20.13870563089572,19.49321631602435,20.0,20.0
2017-09-22,2,19.0,19.880793237610533,19.833576248303963,20.100703530238473,19.812941780004312,19.219750383495327,18.0,20.0
2017-09-22,3,20.0,19.926548720879637,19.87798205641096,20.032424224274457,19.98473175242453,19.23566042494195,19.0,19.0
2017-09-22,4,19.0,19.926548720879637,19.86500036986748,20.032424224274457,19.975492607998188,19.146025267446642,19.0,19.0
2017-09-22,5,19.0,20.027253937285195,19.975276762594223,20.11978772396059,20.039323759703823,19.06488109713448,19.0,19.0
2017-09-22,6,21.0,20.508851275621566,20.484502369466647,20.590380277638886,20.594368898465476,19.157773513054604,21.0,21.0
2017-09-22,7,21.0,20.31554828093468,20.27667118343476,20.382524048272753,20.375390214310116,19.017436686236987,20.0,21.0
2017-09-22,8,21.0,20.937297384171043,20.739968701404788,20.861388397426982,20.939993042300184,22.304934446427374,20.0,19.0
2017-09-22,9,22.0,21.703282273894683,21.562936663629536,21.670622690238666,21.64111069572757,22.359397094638403,21.0,22.0
2017-09-22,10,22.0,22.21398317282377,22.211569549221082,22.31924009490841,22.266861975613338,22.387875298627865,21.0,22.0
2017-09-22,11,22.0,22.84757605577445,22.922376971925,23.01240994485792,22.96008032259226,22.52081746710894,22.0,23.0
2017-09-22,12,22.0,22.87495988451844,22.927457372266193,23.01240994485792,22.96008032259226,22.59575332629217,22.0,23.0
2017-09-22,13,23.0,22.955514460565947,22.98110453447182,23.054143046420545,22.98264939993157,22.687877212795605,22.0,23.0
2017-09-22,14,22.0,22.661932262821338,22.687522336727213,22.760560848675937,22.738726259654978,22.697969491525747,21.0,23.0
2017-09-22,15,22.0,22.955514460565947,22.98110453447182,23.054143046420545,22.993667225783785,22.900138948117842,22.0,23.0
2017-09-22,16,23.0,23.36921106137766,23.359536131791927,23.476998945233962,23.412369975912366,23.11432563395304,23.0,22.0
2017-09-22,17,21.0,22.820193621334194,22.810518691748463,22.9279815051905,22.802386610684884,23.119152089863995,22.0,22.0
2017-09-22,18,20.0,20.348101428169397,20.419807413932315,20.55591592520711,20.51077008006884,19.746481046433633,20.0,21.0
2017-09-22,19,19.0,19.940366285490494,20.051804003844786,20.314703075641532,19.956103659972424,19.65107082613922,18.0,19.0
2017-09-22,20,20.0,20.079133676062884,20.12436270454786,20.246423769677516,20.112102508632294,19.771300173753158,19.0,20.0
2017-09-22,21,22.0,20.224439299223484,20.30420415343543,20.37735418632701,20.30442808601641,19.89347711355058,20.0,19.0
2017-09-22,22,19.0,20.106220689953833,20.16877517618126,20.246423769677516,20.112102508632294,19.774867891816488,19.0,20.0
2017-09-22,23,20.0,20.07899359316511,20.15138294175903,20.246423769677516,20.10108468278008,19.752663948331875,19.0,19.0
2017-09-23,0,19.0,19.54422930885221,19.579291630150394,19.55607263107381,19.540656284693174,18.527884597194628,19.0,20.0
2017-09-23,1,19.0,19.521774251879357,19.55944853434543,19.572439101649355,19.55141964816346,18.44412466431548,19.0,20.0
2017-09-23,2,19.0,19.494547155090633,19.542056299923203,19.572439101649355,19.55141964816346,18.363284533694046,19.0,19.0
2017-09-23,3,19.0,19.521774251879357,19.55944853434543,19.572439101649355,19.55141964816346,18.25096119563119,19.0,20.0
2017-09-23,4,19.0,19.494547155090633,19.529074613379724,19.572439101649355,19.542180503737118,18.169707584799824,19.0,19.0
2017-09-23,5,19.0,19.59525237149619,19.639351006106466,19.65980260133549,19.606011655442753,18.085148869493803,19.0,19.0
2017-09-23,6,18.0,19.769490492761047,19.799636169577106,19.817124553127304,19.745960388689316,17.989820708306553,19.0,21.0
2017-09-23,7,20.0,19.604050429499534,19.68544643690567,19.65083871709154,19.540738310337677,17.944176488897476,19.0,21.0
2017-09-23,8,18.0,19.282151652756852,19.31284243889689,19.252444924835725,19.21725601456823,17.924286607930433,19.0,21.0
2017-09-23,9,18.0,18.139721695887157,18.154449963555226,18.174561868907457,18.309854414605983,17.731223710411285,17.0,22.0
2017-09-23,10,18.0,18.139721695887157,18.154449963555226,18.174561868907457,18.309854414605983,17.86030868722338,18.0,22.0
2017-09-23,11,17.0,18.139721695887157,18.154449963555226,18.174561868907457,18.309854414605983,17.734723690784882,16.0,22.0
2017-09-23,12,17.0,18.167105524631147,18.15953036389642,18.174561868907457,18.309854414605983,17.912033821340284,17.0,22.0
2017-09-23,13,17.0,18.151002867878162,18.159416835368834,18.158195398331912,18.299091051135697,17.999190706173636,17.0,23.0
2017-09-23,14,17.0,18.151002867878162,18.159416835368834,18.158195398331912,18.299091051135697,18.031339729080706,16.0,22.0
2017-09-23,15,17.0,18.151002867878162,18.159416835368834,18.158195398331912,18.299091051135697,18.2405879887966,17.0,22.0
2017-09-23,16,17.0,18.151002867878162,18.159416835368834,18.158195398331912,18.299091051135697,18.339051854925597,17.0,23.0
2017-09-23,17,16.0,18.718342131743448,18.6844281440478,18.70446772081522,18.775070538211022,18.468447432216088,17.0,21.0
2017-09-23,18,17.0,18.697047685475365,18.612426023585677,18.67937215912878,18.743174527708554,18.567172545357547,17.0,20.0
2017-09-23,19,16.0,18.784010321358075,18.709223521834883,18.793561891800213,18.900122649159428,18.643840323407673,17.0,19.0
2017-09-23,20,17.0,18.838324432037748,18.781013454752287,18.793561891800213,18.900122649159428,18.760655126027753,18.0,20.0
2017-09-23,21,19.0,19.659975327571228,19.608877061525387,19.61385251332174,19.67944197790545,18.835960399115425,19.0,22.0
2017-09-23,22,18.0,19.57278559618392,19.51704757831852,19.501089035257618,19.472934578347775,18.85905355733006,19.0,19.0
2017-09-23,23,19.0,18.838324432037748,18.781013454752287,18.793561891800213,18.900122649159428,18.70745159662626,18.0,20.0
2017-09-24,0,18.0,18.75203570400456,18.891345954522492,19.201882850957336,19.131631555675064,17.566614181274527,20.0,19.0
2017-09-24,1,18.0,18.584134940973332,18.741033760789193,19.109669886796205,18.988421040674158,17.39009653715359,19.0,19.0
2017-09-24,2,19.0,18.584134940973332,18.741033760789193,19.109669886796205,18.988421040674158,17.296160869804844,19.0,19.0
2017-09-24,3,18.0,18.584134940973332,18.741033760789193,19.109669886796205,18.988421040674158,17.198267195251862,19.0,19.0
2017-09-24,4,19.0,18.584134940973332,18.728052074245713,19.109669886796205,18.979181896247816,17.103673230867106,19.0,19.0
2017-09-24,5,18.0,18.68484015737889,18.838328466972456,19.19703338648234,19.04301304795345,17.019411824228097,19.0,19.0
2017-09-24,6,18.0,18.654430401042333,18.7648710971587,19.132790194615847,18.968923670313547,16.965624979520772,19.0,18.0
2017-09-24,7,19.0,18.68843534818323,18.825333999004236,19.192948198004295,18.986387029418076,16.892252746975192,19.0,20.0
2017-09-24,8,19.0,17.449144652177633,17.500574456157562,17.867402375906515,17.86692038391376,16.806164194329153,18.0,18.0
2017-09-24,9,17.0,17.0884940770181,17.117249762814307,17.506751800746983,17.489550818190686,16.719969620062226,17.0,18.0
2017-09-24,10,18.0,16.99695138240538,17.117249762814307,17.506751800746983,17.489550818190686,16.754910267009038,17.0,18.0
2017-09-24,11,17.0,17.02730049013856,17.156691031181563,17.506751800746983,17.489550818190686,16.82947674669552,17.0,17.0
2017-09-24,12,17.0,17.05468431888255,17.161771431522755,17.506751800746983,17.489550818190686,16.91248864909504,17.0,17.0
2017-09-24,13,17.0,17.038581662129566,17.16165790299517,17.49038533017144,17.4787874547204,16.919160609115934,16.0,17.0
2017-09-24,14,16.0,17.038581662129566,17.16165790299517,17.49038533017144,17.4787874547204,17.12383450146114,17.0,17.0
2017-09-24,15,16.0,17.038581662129566,17.16165790299517,17.49038533017144,17.4787874547204,17.23893843131175,17.0,17.0
2017-09-24,16,16.0,17.038581662129566,17.16165790299517,17.49038533017144,17.4787874547204,17.350742650994135,17.0,17.0
2017-09-24,17,17.0,17.593338783735273,17.699089566858426,18.072229465668094,18.04630777673602,17.466027616274193,17.0,16.0
2017-09-24,18,16.0,17.593338783735273,17.699089566858426,18.072229465668094,18.04630777673602,17.44349674658031,16.0,17.0
2017-09-24,19,16.0,17.707528516406708,17.81327929952986,18.18641919833953,18.203255898186892,17.61379390077893,17.0,16.0
2017-09-24,20,18.0,17.734615530297656,17.85769177116326,18.18641919833953,18.203255898186892,17.730906012066022,18.0,17.0
2017-09-24,21,18.0,18.60117979518708,18.755466307551767,19.038319820404467,18.909935970858474,17.80668423494373,19.0,19.0
2017-09-24,22,19.0,18.641749497290927,18.76393934082812,19.02487675844643,18.968393404759357,17.896295116336802,20.0,18.0
2017-09-24,23,18.0,18.60117979518708,18.755466307551767,19.038319820404467,18.89891814500626,17.745410922249114,19.0,19.0
2017-09-25,0,20.0,19.524076374237357,19.511552245684012,19.908591070610463,19.33841180843649,18.721270505535436,18.0,18.0
2017-09-25,1,18.0,19.555062091973515,19.555607791479524,19.798578663083823,19.563753054293443,18.72919459029129,19.0,18.0
2017-09-25,2,18.0,19.65993809592804,19.699955969879568,19.942952141691357,19.664569992738535,18.61900956320505,19.0,19.0
2017-09-25,3,19.0,19.555062091973515,19.555607791479524,19.798578663083823,19.563753054293443,18.532837302945715,19.0,18.0
2017-09-25,4,18.0,19.65993809592804,19.686974283336088,19.942952141691357,19.657433717140858,18.422824872293784,19.0,19.0
2017-09-25,5,19.0,19.801213014437447,19.783371595591124,19.994521597506633,19.774421808872592,18.444895691099905,20.0,18.0
2017-09-25,6,19.0,19.89545204560515,19.88486064519775,20.120524850229117,19.861009524328484,18.376951375704863,20.0,18.0
2017-09-25,7,20.0,20.000328049559677,20.029208823597795,20.26489832883665,19.961826462773576,18.317736613846996,20.0,19.0
2017-09-25,8,20.0,20.64028202754578,20.967296720059412,21.123207541594073,20.6223780729918,21.395692227262135,20.0,19.0
2017-09-25,9,20.0,20.7173609560505,20.617613700932072,20.872806175611583,20.406634182447895,21.525785362003475,21.0,17.0
2017-09-25,10,23.0,21.351784806964435,21.324088288889975,21.521423580281326,21.032385462333664,21.54900459465664,21.0,18.0
2017-09-25,11,23.0,22.069891825983895,22.95704434545945,22.888973241222256,22.011387237993564,21.71953510043603,22.0,17.0
2017-09-25,12,22.0,22.097275654727884,23.02454140967328,22.957292861478596,22.02793257694536,21.80516121335643,22.0,17.0
2017-09-25,13,22.0,23.335027694840548,24.17711255834558,24.12116731159887,23.20056575635947,22.09503129299471,24.0,17.0
2017-09-25,14,24.0,22.876558534864497,23.776916875968013,23.74016292824524,22.821275143811004,22.12889860567974,23.0,16.0
2017-09-25,15,23.0,22.876558534864497,23.776916875968013,23.74016292824524,22.821275143811004,22.24609442458013,23.0,16.0
2017-09-25,16,23.0,22.177830230775392,23.078188571878908,23.041434624156135,22.061519480136887,22.265975837487428,22.0,16.0
2017-09-25,17,23.0,22.185844053846832,23.101276078649985,23.041434624156135,22.061519480136887,22.35464324367777,22.0,17.0
2017-09-25,18,21.0,20.386423499620168,20.957850369004426,20.947553015547182,20.37011964087848,19.262949392562966,21.0,16.0
2017-09-25,19,19.0,19.815575402986667,20.433589355825994,20.554637294550805,19.50291394262211,19.044977197278534,18.0,16.0
2017-09-25,20,21.0,19.919101873698892,20.465668315335762,20.417265372716624,19.73503314205803,19.14726695762507,19.0,18.0
2017-09-25,21,21.0,20.064547579757267,20.61848952701216,20.54819578936612,19.89999472683712,19.249066624265872,20.0,18.0
2017-09-25,22,20.0,20.02397787765342,20.610016493735806,20.561638851324158,19.808486087898096,19.121903070524656,19.0,19.0
2017-09-25,23,20.0,19.919101873698892,20.465668315335762,20.398076361490432,19.69665132360079,19.089737396428575,19.0,18.0
2017-09-26,0,21.0,20.165965224971355,19.997808288635486,20.05092100781842,19.95053217860799,19.793743393279165,19.0,20.0
2017-09-26,1,20.0,20.09875325423897,19.92883785267529,19.97339386238494,19.981120041294776,19.82749681498876,20.0,18.0
2017-09-26,2,21.0,20.09875325423897,19.92883785267529,19.97339386238494,19.981120041294776,19.72945030247502,20.0,18.0
2017-09-26,3,20.0,20.058183552135123,19.942716933146997,20.009187906255796,19.927963101268677,19.520685292108283,19.0,19.0
2017-09-26,4,20.0,19.953307548180597,19.785387068203473,19.864814427648263,19.820009887225908,19.43719591863312,19.0,18.0
2017-09-26,5,20.0,20.304334474599056,20.170480737258597,20.205130840678606,20.138631855847827,19.430946410529366,20.0,19.0
2017-09-26,6,21.0,20.61910359724237,20.607999008098,20.538990322767223,20.58193236379749,19.456293449783956,21.0,19.0
2017-09-26,7,22.0,20.61910359724237,20.625391242520227,20.538990322767223,20.58193236379749,19.397315302975294,21.0,20.0
2017-09-26,8,23.0,21.201075122580882,21.05274596075952,20.932749429840065,21.023061368311406,22.35115889300861,20.0,20.0
2017-09-26,9,22.0,21.735362253689313,21.61454296975643,21.593995257056918,21.569317237755115,22.54825694027202,22.0,20.0
2017-09-26,10,24.0,23.485281309430984,23.46639729311788,23.35292393186748,23.424911229579976,22.638815709658896,23.0,23.0
2017-09-26,11,24.0,23.77458101901813,23.75744914698723,23.626350042842336,23.67190799533119,22.703679731166947,23.0,23.0
2017-09-26,12,24.0,23.693731022421314,23.6987728401111,23.56850812186863,23.497172719184086,22.804916417163877,23.0,22.0
2017-09-26,13,25.0,23.774285598468822,23.75242000231673,23.633460873319976,23.519741796523398,22.909527827137595,23.0,22.0
2017-09-26,14,24.0,24.082804166454306,24.078878116051367,23.979096168420895,23.89928567149603,22.997157988262114,23.0,24.0
2017-09-26,15,25.0,24.10832320149981,24.04612367349839,23.946350298969985,23.91253405131816,23.223133253926477,24.0,23.0
2017-09-26,16,23.0,24.10832320149981,24.04612367349839,23.946350298969985,23.91253405131816,23.337646186042694,24.0,23.0
2017-09-26,17,23.0,23.341515806837602,23.342678213272524,23.22979398573275,23.11205687224703,23.25376467640182,22.0,23.0
2017-09-26,18,21.0,20.767981760870722,20.810471525229712,20.767138677532664,20.652677725683432,20.113870547886815,20.0,21.0
2017-09-26,19,19.0,20.288347755415096,20.422510033563405,20.49679238942587,20.004858097935756,19.923288344240028,17.0,19.0
2017-09-26,20,21.0,20.657828401385828,20.706789786495698,20.593510925616844,20.541840592310212,20.211940323761205,20.0,21.0
2017-09-26,21,20.0,20.512382695327453,20.5539685748193,20.46258050896735,20.32215102232107,20.12558050149426,19.0,21.0
2017-09-26,22,20.0,20.419101322916045,20.481966454357178,20.35942046759169,20.20961330476665,20.118133350417,19.0,20.0
2017-09-26,23,19.0,20.419101322916045,20.481966454357178,20.340231456365498,20.198595478914434,20.070479584206577,19.0,20.0
2017-09-27,0,19.0,20.23526183855416,20.015045451489247,20.11849214953992,20.1615822846868,20.01623691396191,20.0,21.0
2017-09-27,1,20.0,19.96810626326386,19.80205998482024,19.878122469308806,19.872501611321876,19.836516863633303,19.0,20.0
2017-09-27,2,19.0,20.009261556448276,19.84687723249465,19.968179613240622,19.985039328876297,19.71291177587616,19.0,21.0
2017-09-27,3,20.0,20.113551969322234,19.932529082748577,19.986701904045482,20.026475489793068,19.708743417961085,20.0,20.0
2017-09-27,4,20.0,20.113551969322234,19.919547396205097,19.986701904045482,20.01933921419539,19.603701562760122,20.0,20.0
2017-09-27,5,19.0,20.068811479669417,19.899354691003502,19.96548596899494,19.929196487429834,19.419344367687394,19.0,20.0
2017-09-27,6,21.0,20.349651510079912,20.176130086212876,20.290125800385916,20.28229579891134,19.429218725331435,20.0,21.0
2017-09-27,7,21.0,20.853431463232475,20.73228227097179,20.829954277243697,20.852112094339137,19.465427926488733,21.0,22.0
2017-09-27,8,20.0,21.595980310945002,21.481571409539804,21.52127051308672,21.450016130763206,22.097444672196524,19.0,23.0
2017-09-27,9,22.0,21.96969011967942,21.769891387065126,21.884959211533392,21.804700371082614,22.40962317088456,22.0,22.0
2017-09-27,10,22.0,22.82108984396612,22.802824088757667,22.860022900077862,22.920215711820365,22.43055316754888,22.0,24.0
2017-09-27,11,22.0,23.110389553553265,23.09387594262702,23.13344901105272,23.167212477571578,22.507162460956913,22.0,24.0
2017-09-27,12,24.0,23.137773382297254,23.161373006840847,23.201768631309058,23.183757816523375,22.607190072907528,22.0,24.0
2017-09-27,13,24.0,24.126405199441514,24.042469542562642,24.015627838485354,23.86308467205814,22.80412037853376,23.0,25.0
2017-09-27,14,25.0,23.218327958344762,23.215020169046475,23.285910393986597,23.2173447197149,22.851407751889695,22.0,24.0
2017-09-27,15,24.0,24.3522089771317,24.209999842654344,24.202355722905317,24.064596311754002,23.153370274198902,24.0,25.0
2017-09-27,16,25.0,23.567060655743546,23.56375286644526,23.63464309138538,23.528844639189302,23.209721021685503,23.0,23.0
2017-09-27,17,23.0,23.018043215700082,23.014735426401796,23.085625651341918,22.91886127396182,23.224232532658192,22.0,23.0
2017-09-27,18,22.0,20.498994778299583,20.483937154582822,20.62297034314183,20.45948212739822,20.305348404608324,20.0,21.0
2017-09-27,19,19.0,20.394312327704245,20.421727672486185,20.47365521348904,20.322694991926472,20.393690731790908,20.0,19.0
2017-09-27,20,20.0,20.667327803168714,20.66555649540237,20.721552382368422,20.66402830335554,20.490421720999688,21.0,21.0
2017-09-27,21,22.0,20.919754707728906,20.91432144547257,20.925077436181216,20.7790675593249,20.59719196309146,22.0,20.0
2017-09-27,22,19.0,20.355699948701712,20.3485404480837,20.359285447294194,20.208743283865555,20.378789675640256,20.0,20.0
2017-09-27,23,19.0,20.328472851912988,20.33114821366147,20.340096436068002,20.19772545801334,20.333203940873272,20.0,19.0
2017-09-28,0,20.0,20.059024813818557,19.847941500064238,20.028435005608106,19.85595660852419,20.132697944106543,20.0,19.0
2017-09-28,1,19.0,20.005697334559773,19.827634613420205,19.986701904045482,19.833387531184876,20.02399097200486,20.0,20.0
2017-09-28,2,19.0,19.97847023777105,19.810242378997977,19.986701904045482,19.833387531184876,19.93277585120511,20.0,19.0
2017-09-28,3,19.0,19.8602516285014,19.697165515491868,19.878122469308806,19.679413652713684,19.718015337401066,19.0,20.0
2017-09-28,4,20.0,19.8602516285014,19.684183828948388,19.878122469308806,19.672277377116007,19.616112148988513,19.0,20.0
2017-09-28,5,19.0,19.933729748118232,19.777067987252902,19.96548596899494,19.736108528821642,19.541069275384572,19.0,19.0
2017-09-28,6,21.0,20.487225949231327,20.306251675704104,20.511084927195892,20.308186524458506,19.631331269459025,21.0,21.0
2017-09-28,7,21.0,20.487225949231327,20.306251675704104,20.511084927195892,20.308186524458506,19.58715283418591,21.0,21.0
2017-09-28,8,21.0,21.028259599191642,20.808907933862905,20.973079580433208,20.482803932946812,22.333782001600984,19.0,20.0
2017-09-28,9,21.0,21.96844717271033,21.693590206748308,21.898062108977236,21.61161241247442,22.601381923470345,22.0,22.0
2017-09-28,10,23.0,22.511328329011548,22.40006479470621,22.54667951364698,22.23736369236019,22.645848136625965,22.0,22.0
2017-09-28,11,23.0,23.349645478642156,23.240134088619026,23.3691230646653,23.094343823338885,22.811222039462287,23.0,22.0
2017-09-28,12,23.0,23.68554787537163,23.587178280489912,23.763888968796365,23.4794152114111,22.878511329511113,23.0,24.0
2017-09-28,13,23.0,23.766102451419137,23.64082544269554,23.828841720247713,23.501984288750414,22.990615253567,23.0,24.0
2017-09-28,14,24.0,23.99176185185991,23.84531427231605,24.01883688135881,23.68101453930216,23.099040629664376,23.0,25.0
2017-09-28,15,23.0,23.766102451419137,23.64082544269554,23.848030731473905,23.513002114602628,23.23748342906721,23.0,24.0
2017-09-28,16,24.0,23.442744411816445,23.296296832272585,23.469819441315344,23.192269185806243,23.249255599735136,22.0,25.0
2017-09-28,17,23.0,23.016800268730993,22.891523260007396,23.09872854878576,22.725773315353628,23.382948638666974,22.0,23.0
2017-09-28,18,20.0,21.086715174150196,21.00433229333079,21.240255279219735,20.932615089393007,20.45414734345055,21.0,22.0
2017-09-28,19,20.0,20.14101198688341,20.117101005403836,20.342724796839544,19.937281455934162,20.369920004653892,19.0,19.0
2017-09-28,20,21.0,20.24784531393925,20.196734992677747,20.359285447294194,20.043019317862388,20.482437345632622,20.0,20.0
2017-09-28,21,22.0,20.560643547324343,20.465645316414342,20.663487319512008,20.440969969196697,20.363850405084865,19.0,22.0
2017-09-28,22,19.0,20.220618217150527,20.17934275825552,20.359285447294194,20.015655325257363,20.47156232695598,20.0,19.0
2017-09-28,23,20.0,20.075172511092152,20.026521546579122,20.209166019418507,19.81231192202103,20.323398679417284,19.0,19.0
2017-09-29,0,19.0,20.239881789498938,20.17829929804012,20.104587781412803,20.082047498858056,20.166674328581152,20.0,20.0
2017-09-29,1,20.0,20.132100116662706,20.12320794255163,20.06285467985018,20.059478421518744,20.084917069370732,20.0,19.0
2017-09-29,2,19.0,19.98665441060433,19.992738844623293,19.954275245113504,19.905504543047552,19.88572991092669,19.0,19.0
2017-09-29,3,19.0,20.132100116662706,20.12320794255163,20.06285467985018,20.059478421518744,19.87129699002049,20.0,19.0
2017-09-29,4,20.0,20.013881507393055,19.997149392502042,19.954275245113504,19.89626539862121,19.66163690602292,19.0,20.0
2017-09-29,5,20.0,20.08735962700989,20.090033550806556,20.041638744799638,19.960096550326845,19.586332761166148,19.0,19.0
2017-09-29,6,21.0,20.62108304457325,20.59925915767898,20.512231298477932,20.515141689088498,19.676505640481814,21.0,21.0
2017-09-29,7,21.0,20.62108304457325,20.59925915767898,20.512231298477932,20.515141689088498,19.63241631996749,21.0,21.0
2017-09-29,8,21.0,21.39635756459865,21.28290245080729,21.065122250466604,21.140452780543626,22.540769453867895,21.0,21.0
2017-09-29,9,22.0,21.737341701020195,21.636868273772315,21.518511848317324,21.442468842055614,22.64935566556919,22.0,21.0
2017-09-29,10,24.0,22.812781686934866,22.741091190845545,22.625263041708763,22.610338348312723,22.666736921881206,22.0,23.0
2017-09-29,11,24.0,23.044558546800133,23.032143044714896,22.89868915268362,22.857335114063936,22.739213619620728,22.0,23.0
2017-09-29,12,24.0,23.071942375544122,23.03722344505609,22.89868915268362,22.857335114063936,22.83480641015199,22.0,23.0
2017-09-29,13,24.0,23.701514391635094,23.63988804730518,23.489439694289707,23.48988755663073,23.041115197702293,23.0,23.0
2017-09-29,14,24.0,23.35278169423631,23.291155349906397,23.140706996890923,23.189405463008544,23.056643368702872,22.0,24.0
2017-09-29,15,24.0,23.15249695159163,23.090870607261717,22.940422254246243,22.890922017255463,23.195627817948953,22.0,23.0
2017-09-29,16,23.0,23.901799134279774,23.84017278994986,23.689724436934387,23.678150816504463,23.394871550557305,23.0,24.0
2017-09-29,17,22.0,22.85891475384702,22.797288409517108,22.646840056501635,22.635981051126656,23.32795661800088,21.0,23.0
2017-09-29,18,21.0,20.458594519322393,20.452576854820748,20.403740343211712,20.336038010012654,20.438650985051837,20.0,20.0
2017-09-29,19,21.0,20.30393576653277,20.354153341639527,20.213551940841242,20.119463014711208,20.40642259116495,19.0,20.0
2017-09-29,20,20.0,20.49659615276103,20.508355296532113,20.3732318100005,20.320705737318644,20.518678660890856,20.0,21.0
2017-09-29,21,20.0,21.42561347882028,21.40355295431271,21.27099604637917,21.24186762405043,20.694073310240267,22.0,22.0
2017-09-29,22,19.0,20.230641977502522,20.266139729971364,20.168274790516563,20.032875299255316,20.427131703472796,19.0,19.0
2017-09-29,23,19.0,20.40331478034962,20.43635317606999,20.299205207166057,20.21418305078722,20.451579927386312,20.0,20.0
2017-09-30,0,20.0,19.22219697911287,19.103884668836127,19.196896041984363,19.106366315801907,18.635688765052763,19.0,19.0
2017-09-30,1,19.0,19.22696901892874,19.101433807453393,19.213262512559908,19.117129679272193,18.514004105008137,19.0,20.0
2017-09-30,2,19.0,19.199741922140017,19.084041573031165,19.213262512559908,19.117129679272193,18.41069570425211,19.0,19.0
2017-09-30,3,19.0,19.199741922140017,19.084041573031165,19.213262512559908,19.117129679272193,18.292891728564644,19.0,19.0
2017-09-30,4,20.0,19.22696901892874,19.088452120909913,19.213262512559908,19.10789053484585,18.169206749437187,19.0,20.0
2017-09-30,5,19.0,19.3276742353343,19.198728513636656,19.300626012246042,19.171721686551486,18.075341371918356,19.0,20.0
2017-09-30,6,19.0,18.653361941132857,18.564118532364144,18.705143670255772,18.559467799777092,17.89712421520913,18.0,21.0
2017-09-30,7,19.0,19.402564823380303,19.35790080794197,19.400241562738767,19.2604222199176,18.041710264364283,20.0,21.0
2017-09-30,8,19.0,18.166023101128662,18.07732480168393,18.140464041964194,18.030763425656005,17.844071106212386,18.0,21.0
2017-09-30,9,17.0,17.78599841117083,17.69144452124075,17.77981346680466,17.56269765435771,17.85286890970015,18.0,22.0
2017-09-30,10,18.0,17.69445571655811,17.69144452124075,17.77981346680466,17.56269765435771,17.8800932510946,18.0,24.0
2017-09-30,11,17.0,17.69445571655811,17.69144452124075,17.77981346680466,17.56269765435771,17.870504494489527,17.0,24.0
2017-09-30,12,16.0,17.7218395453021,17.696524921581943,17.77981346680466,17.56269765435771,17.978398079168148,17.0,24.0
2017-09-30,13,17.0,17.705736888549115,17.69641139305436,17.763446996229117,17.551934290887424,18.10347969116698,17.0,24.0
2017-09-30,14,17.0,17.705736888549115,17.69641139305436,17.763446996229117,17.551934290887424,18.237811650564055,17.0,24.0
2017-09-30,15,17.0,17.705736888549115,17.69641139305436,17.763446996229117,17.551934290887424,18.37282588154915,17.0,24.0
2017-09-30,16,17.0,17.705736888549115,17.69641139305436,17.763446996229117,17.551934290887424,18.513721115974235,17.0,23.0
2017-09-30,17,17.0,18.28758102404577,18.278255528551014,18.345291131725773,18.15425121011719,18.545082082435282,16.0,22.0
2017-09-30,18,17.0,18.30695513884407,18.280811115650938,18.345291131725773,18.21015081847826,18.740509494442136,17.0,21.0
2017-09-30,19,17.0,18.472395202105584,18.395000848322372,18.51157696776154,18.4153728968299,18.70666167028344,16.0,21.0
2017-09-30,20,19.0,18.451976504474413,18.32299872786025,18.434385302710766,18.335202929426668,18.841796417377555,17.0,20.0
2017-09-30,21,19.0,19.21366476540931,19.07642508584871,19.14191244616817,19.038644609456508,19.023451505241667,19.0,20.0
2017-09-30,22,19.0,18.424749407685688,18.30560649343802,18.434385302710766,18.335202929426668,18.906096146102588,18.0,19.0
2017-09-30,23,20.0,19.186437668620584,19.059032851426483,19.14191244616817,19.027626783604294,18.932895158005287,19.0,19.0
2017-10-01,0,19.0,18.05311897346532,18.15251174293495,18.209107048963542,18.246549950721437,18.00731160575871,18.0,20.0
2017-10-01,1,19.0,18.0259029543605,18.12232081534561,18.195499262086738,18.216769977119554,17.919859102199226,18.0,19.0
2017-10-01,2,19.0,18.74903350156956,18.855790549001526,18.903026405544143,18.90919383129718,17.902420760294344,19.0,19.0
2017-10-01,3,20.0,18.0259029543605,18.12232081534561,18.195499262086738,18.216769977119554,17.69637457027489,18.0,19.0
2017-10-01,4,19.0,18.792352177427365,18.873113318574973,18.93300066299649,18.940498023943007,17.670273463591105,19.0,20.0
2017-10-01,5,19.0,18.12660817076606,18.219615521528873,18.282862761772872,18.271361984398848,17.499243066770322,18.0,19.0
2017-10-01,6,19.0,18.155007726142504,18.246473153450154,18.317715898189235,18.271361984398848,17.42923682023224,18.0,19.0
2017-10-01,7,19.0,18.810015232921653,18.909786331099642,18.956330459299885,18.86661648296893,17.479425262559676,19.0,19.0
2017-10-01,8,19.0,18.48811645617897,18.53718233309086,18.55793666704407,18.54313418719948,17.466292396751985,19.0,19.0
2017-10-01,9,18.0,17.25339263761433,17.23200655102664,17.30010831949492,17.279693857972216,17.325418268127514,17.0,17.0
2017-10-01,10,17.0,17.25339263761433,17.23200655102664,17.30010831949492,17.279693857972216,17.45469812719737,18.0,18.0
2017-10-01,11,17.0,17.28374174534751,17.271447819393895,17.30010831949492,17.279693857972216,17.452767281439993,17.0,17.0
2017-10-01,12,17.0,17.3111255740915,17.276528219735088,17.30010831949492,17.279693857972216,17.567868619663738,17.0,16.0
2017-10-01,13,17.0,17.295022917338514,17.276414691207503,17.283741848919377,17.26893049450193,17.672531378520848,17.0,17.0
2017-10-01,14,17.0,17.295022917338514,17.276414691207503,17.283741848919377,17.26893049450193,17.70717997572336,16.0,17.0
2017-10-01,15,17.0,17.295022917338514,17.276414691207503,17.283741848919377,17.26893049450193,17.836908451341607,16.0,17.0
2017-10-01,16,17.0,17.295022917338514,17.276414691207503,17.283741848919377,17.26893049450193,17.95993447967843,16.0,17.0
2017-10-01,17,16.0,17.87686705283517,17.85825882670416,17.865585984416033,17.836450816517548,18.161988435140263,17.0,17.0
2017-10-01,18,17.0,17.87686705283517,17.85825882670416,17.865585984416033,17.836450816517548,18.155676967277138,16.0,17.0
2017-10-01,19,17.0,17.991056785506604,17.972448559375593,17.979775717087467,17.993398937968422,18.216226749946166,16.0,17.0
2017-10-01,20,19.0,18.09593278946113,18.116796737775637,18.124149195695,18.127267081451656,18.405999203762306,18.0,19.0
2017-10-01,21,19.0,18.09593278946113,18.116796737775637,18.124149195695,18.127267081451656,18.404654254973586,18.0,19.0
2017-10-01,22,19.0,18.857621050396027,18.8702230957641,18.831676339152406,18.830708761481496,18.4658272872556,19.0,19.0
2017-10-01,23,20.0,18.139251465318935,18.147101193892563,18.15412345314735,18.167810418523825,18.297912448912935,18.0,20.0
2017-10-02,0,19.0,19.510583479641042,19.570840483987556,19.647476953843125,19.438370210844415,19.66107612244991,20.0,19.0
2017-10-02,1,18.0,19.21160061747733,19.340874222463732,19.56544372350784,18.94409117653063,19.373454611110287,18.0,19.0
2017-10-02,2,20.0,19.21160061747733,19.340874222463732,19.56544372350784,18.94409117653063,19.26314081461212,18.0,19.0
2017-10-02,3,19.0,19.327901873392964,19.432976721109885,19.527138674996174,19.30237059210608,19.23089758807096,19.0,20.0
2017-10-02,4,19.0,19.21160061747733,19.327892535920252,19.56544372350784,18.936954900932953,19.045797103030928,18.0,19.0
2017-10-02,5,20.0,19.385288413940717,19.49996697117622,19.58452791722996,19.31852213114187,19.048279622870766,19.0,19.0
2017-10-02,6,20.0,19.47952744510842,19.729654055983737,19.710531169952443,19.54284395493617,18.97836556401419,19.0,19.0
2017-10-02,7,22.0,19.624973151166795,19.860123153912074,19.81911060468912,19.696817833407362,19.028461818660116,20.0,19.0
2017-10-02,8,20.0,20.400247671192194,20.93088259701389,20.72759733266994,20.391299129725166,21.87923208479476,20.0,19.0
2017-10-02,9,22.0,20.342773605914605,20.846918043834265,20.743031254168518,20.362818410439615,21.911170637869958,20.0,18.0
2017-10-02,10,23.0,22.29491405409239,22.89788249805781,22.73618886864564,22.32306194272876,22.254572715600286,23.0,17.0
2017-10-02,11,23.0,22.614562871412716,23.301623718766646,23.009614979620498,22.570058708479973,22.331704021092765,23.0,17.0
2017-10-02,12,23.0,21.9432183960676,22.67039247889137,22.379206295787732,21.826848383757653,22.338763851313303,22.0,17.0
2017-10-02,13,24.0,22.023772972115108,22.724039641096997,22.44415904723908,21.849417461096966,22.456539678552886,22.0,17.0
2017-10-02,14,23.0,23.180970436180264,23.82296362756367,23.5622697571342,23.010499389023977,22.771119669746348,24.0,17.0
2017-10-02,15,23.0,22.722501276204213,23.422767945186102,23.162076362554377,22.620190950623297,22.80675984824171,23.0,17.0
2017-10-02,16,24.0,22.722501276204213,23.422767945186102,23.162076362554377,22.620190950623297,22.92935592222396,23.0,17.0
2017-10-02,17,23.0,22.722501276204213,23.422767945186102,23.162076362554377,22.620190950623297,23.051424930724004,23.0,16.0
2017-10-02,18,20.0,20.089031875849148,20.44794238481124,20.31928893463292,20.135105761591195,20.07350658958841,21.0,17.0
2017-10-02,19,20.0,19.609586451097268,19.983450199045063,19.81739326646703,19.556612228147706,19.947092620541277,19.0,17.0
2017-10-02,20,20.0,20.09176834339022,20.46223892994105,20.250537186671625,20.078550337851564,20.13713535496379,21.0,19.0
2017-10-02,21,20.0,20.09176834339022,20.46223892994105,20.250537186671625,20.05118634524654,20.136220360529645,21.0,19.0
2017-10-02,22,19.0,19.794068685318912,20.19004013029679,19.978327395529213,19.735803035916,20.010897780838036,20.0,19.0
2017-10-02,23,19.0,19.837387361176717,20.220344586413717,19.98911264175537,19.765328547135955,19.93716342729976,20.0,20.0
2017-10-03,0,19.0,20.435435695167314,20.098433796551824,20.23437660679048,20.144383113065125,19.598054470747964,21.0,19.0
2017-10-03,1,19.0,20.02947502368967,19.708555311053633,19.84041379725419,19.80201841312536,19.429258085810183,20.0,18.0
2017-10-03,2,19.0,20.354881119119806,20.07812690990779,20.192643505227856,20.121814035725812,19.395546900055102,21.0,20.0
2017-10-03,3,19.0,20.134351027644197,19.852903489453677,19.984787275861724,19.902835351570452,19.213063710557496,20.0,19.0
2017-10-03,4,19.0,20.134351027644197,19.839921802910197,19.984787275861724,19.895699075972775,19.114729143287924,20.0,19.0
2017-10-03,5,19.0,20.26228334083848,19.96759043005917,20.072150775547858,19.95953022767841,19.01430299203004,20.0,20.0
2017-10-03,6,20.0,20.549825366693067,20.40510870089857,20.406010257636474,20.402830735628072,19.039428780849015,21.0,20.0
2017-10-03,7,21.0,21.301651503881143,21.12042243405617,21.13472474424839,21.12114703058374,19.06038655083138,22.0,22.0
2017-10-03,8,21.0,22.31741038855218,22.032605107003462,21.999936095909163,22.077635054100273,22.20031461077811,23.0,20.0
2017-10-03,9,22.0,22.12432796258348,21.864449352404897,21.896147480793477,21.81879434119841,22.090234032709155,22.0,22.0
2017-10-03,10,22.0,23.55026416195915,23.413645051587924,23.3874827399305,23.43630341525421,22.303292164299425,24.0,23.0
2017-10-03,11,24.0,23.839563871546293,23.704696905457276,23.660908850905358,23.68330018100542,22.36972222206081,24.0,23.0
2017-10-03,12,24.0,23.866947700290282,23.772193969671104,23.729228471161697,23.69984551995722,22.458826168620597,24.0,23.0
2017-10-03,13,23.0,24.176814105108008,24.06910927533767,24.07481700360947,23.968450769507417,22.644832808856002,25.0,24.0
2017-10-03,14,26.0,23.94750227633779,23.825841131876732,23.813370233839237,23.733432423148745,22.681940946565287,24.0,23.0
2017-10-03,15,24.0,23.976529362463328,23.86882453269299,23.893721272190984,23.802223161338112,22.895447694703943,25.0,23.0
2017-10-03,16,25.0,23.921983241292285,23.85859557442971,23.846116103290147,23.720184043326615,22.81012327453005,23.0,24.0
2017-10-03,17,23.0,23.729712321719045,23.681398338556107,23.645831360645467,23.542938609305097,22.92775968108556,23.0,23.0
2017-10-03,18,21.0,20.784352024579878,20.80037088965197,20.803208362168668,20.676421689290134,19.831146855976,21.0,20.0
2017-10-03,19,20.0,20.332133696616722,20.37535087833131,20.340810168655786,20.14446338465815,19.706244764905584,19.0,20.0
2017-10-03,20,20.0,20.674198665094984,20.68670392405618,20.629580610252848,20.565584555916914,19.928346707959477,21.0,20.0
2017-10-03,21,20.0,20.4037261038124,20.414505124411917,20.357370819110436,20.22283725398135,19.84095499524155,20.0,20.0
2017-10-03,22,22.0,20.376499007023675,20.39711288998969,20.357370819110436,20.22283725398135,19.832163058346577,20.0,19.0
2017-10-03,23,20.0,20.2310533009653,20.244291678313292,20.20725139123475,20.019493850745018,19.689415286183987,19.0,19.0
2017-10-04,0,19.0,20.091034569097836,20.038299664732914,20.068078059890496,20.019842158391018,19.980286777408466,19.0,19.0
2017-10-04,1,19.0,20.155925699108703,20.13106964159499,20.134924393064548,20.151246959522897,19.98071834808215,20.0,19.0
2017-10-04,2,20.0,20.01047999305033,20.000600543666653,20.026344958327872,19.997273081051706,19.783836743011065,19.0,19.0
2017-10-04,3,19.0,20.155925699108703,20.13106964159499,20.134924393064548,20.151246959522897,19.771383645669836,20.0,19.0
2017-10-04,4,20.0,20.155925699108703,20.11808795505151,20.134924393064548,20.14411068392522,19.67058400676736,20.0,19.0
2017-10-04,5,19.0,20.111185209455886,20.097895249849916,20.113708458014006,20.053967957159664,19.488893580344186,19.0,19.0
2017-10-04,6,20.0,20.571400038157574,20.555076817838994,20.5561473748393,20.513508235242107,19.593205492811265,21.0,20.0
2017-10-04,7,21.0,20.66468141056898,20.627078938301118,20.659307416214958,20.626045952796527,19.534977139145525,21.0,21.0
2017-10-04,8,21.0,21.246652935907495,21.10289104539754,21.0530665232878,21.032378360096295,22.391905026598995,20.0,21.0
2017-10-04,9,22.0,22.145902634047985,22.01441746934532,22.0462845979963,21.929471840812443,22.57868673260287,22.0,22.0
2017-10-04,10,23.0,22.780326484961922,22.720892057303224,22.694902002666044,22.555223120698212,22.621714772036764,22.0,22.0
2017-10-04,11,23.0,23.37814476253455,23.338402024907214,23.294774397515628,23.291983947301407,22.66425930971648,22.0,24.0
2017-10-04,12,25.0,24.18034980901219,24.12244682925621,24.0796503310092,23.98776845359277,22.944433876116722,24.0,24.0
2017-10-04,13,24.0,24.060619642415016,23.975809248817157,23.94431833981587,23.833092096910566,23.06855383378292,24.0,23.0
2017-10-04,14,25.0,24.515590871626006,24.423566221898604,24.41494928192339,24.2581585196732,23.241205784121366,25.0,26.0
2017-10-04,15,23.0,24.260904385059696,24.176093991461837,24.16379209368674,24.021355356784298,23.29849574344707,24.0,24.0
2017-10-04,16,23.0,24.515590871626006,24.423566221898604,24.41494928192339,24.2581585196732,23.496220304002584,25.0,25.0
2017-10-04,17,23.0,23.83481586472483,23.808278948725455,23.79596847784829,23.65361610891913,23.442163683313726,23.0,23.0
2017-10-04,18,21.0,21.28433296081312,21.30593809793735,21.35008771849176,21.154577872587396,20.49566130248551,22.0,21.0
2017-10-04,19,20.0,20.437237239622508,20.50223148850066,20.49094728585861,20.255140884272183,20.29051600235237,19.0,20.0
2017-10-04,20,22.0,20.516843469889626,20.564473241352342,20.50750793631326,20.36087874620041,20.41754036689755,20.0,20.0
2017-10-04,21,21.0,21.08089822891682,21.130254238741212,21.07329992520028,20.90383902905473,20.608267491643222,22.0,20.0
2017-10-04,22,20.0,20.829641703274717,20.833383565088937,20.811709808531074,20.75882939753472,20.274239191723606,19.0,22.0
2017-10-04,23,20.0,20.37139776383125,20.411652029675945,20.357388508437573,20.130171350359053,20.248904909341515,19.0,20.0
2017-10-05,0,20.0,20.23615767913032,20.155385395835623,20.17361904630195,20.17381603686221,19.92395583844127,20.0,19.0
2017-10-05,1,20.0,20.010157397024436,19.987217176841025,20.02330651000265,19.997273081051706,19.74545419526431,19.0,19.0
2017-10-05,2,19.0,20.03738449381316,20.004609411263253,20.02330651000265,19.997273081051706,19.63585643177307,19.0,20.0
2017-10-05,3,20.0,20.010157397024436,19.987217176841025,20.02330651000265,19.997273081051706,19.550188466195376,19.0,19.0
2017-10-05,4,19.0,20.182830199871535,20.12209682264811,20.131885944739327,20.14411068392522,19.534090964161397,20.0,20.0
2017-10-05,5,20.0,20.110862613429994,20.084511883024287,20.110670009688786,20.053967957159664,19.369349096115585,19.0,19.0
2017-10-05,6,21.0,20.57107744213168,20.541693451013366,20.553108926514078,20.513508235242107,19.474730385688147,21.0,20.0
2017-10-05,7,21.0,20.66435881454309,20.61369557147549,20.656268967889737,20.626045952796527,19.415432654916927,21.0,21.0
2017-10-05,8,21.0,21.439633334568487,21.297338864603798,21.257884304328712,21.251357044251655,22.504112546896227,21.0,21.0
2017-10-05,9,21.0,21.851997840277484,21.707451904775084,21.749663951926472,21.674530874683636,22.498850842989345,21.0,22.0
2017-10-05,10,23.0,23.437255154320297,23.382699501611018,23.367042535614335,23.356487101024594,22.708621720358536,23.0,23.0
2017-10-05,11,24.0,23.72655486390744,23.67375135548037,23.64046864658919,23.603483866775807,22.77122368950067,23.0,23.0
2017-10-05,12,24.0,24.179882835736883,24.099111005881806,24.079879159375114,23.965287064448656,22.828592984269367,23.0,25.0
2017-10-05,13,24.0,24.03477801134362,23.948269338466925,23.974025760941558,23.819843717088435,22.944590216388548,23.0,24.0
2017-10-05,14,23.0,24.486241189474576,24.320288468179136,24.331559795246424,24.18936778148383,23.1372995981894,24.0,25.0
2017-10-05,15,22.0,23.83449326869894,23.747984595822246,23.79293002952307,23.65361610891913,23.188089759396156,23.0,23.0
2017-10-05,16,23.0,24.060297046389124,23.915514895913947,23.96046890271684,23.84410992276278,23.39464015278201,24.0,23.0
2017-10-05,17,21.0,23.84250709177038,23.761086875731547,23.79293002952307,23.65361610891913,23.4033496400712,23.0,23.0
2017-10-05,18,20.0,20.719955605760035,20.67986274764527,20.78125728127952,20.58425359712805,20.127362652878897,20.0,21.0
2017-10-05,19,19.0,20.59037417272643,20.607860627183147,20.618839254182884,20.4474664616563,20.203870638947745,20.0,20.0
2017-10-05,20,21.0,21.245237374589784,21.198109223506385,21.21181156799776,21.13963738435781,20.306403651840018,21.0,22.0
2017-10-05,21,20.0,21.173857005302334,21.141962006300126,21.17342151825072,21.01637674660915,20.422403580743364,22.0,21.0
2017-10-05,22,20.0,20.37107516780536,20.351357676772736,20.373539071338545,20.141189176211267,20.136314988972966,19.0,20.0
2017-10-05,23,21.0,20.516520873863733,20.504178888449133,20.485280476761847,20.32249692774317,20.184451244827297,20.0,20.0
2017-10-06,0,19.0,20.10354582859656,20.05265494066595,20.121869088192728,20.023250439407967,20.045388453794736,19.0,20.0
2017-10-06,1,19.0,20.168436958607426,20.145424917528025,20.18871542136678,20.154655240539846,20.05062830453361,20.0,20.0
2017-10-06,2,19.0,19.995764155760327,19.99756358517746,20.080135986630104,20.000681362068654,19.872040606530756,19.0,19.0
2017-10-06,3,19.0,20.02299125254905,20.014955819599688,20.080135986630104,20.000681362068654,19.756093817792394,19.0,20.0
2017-10-06,4,20.0,20.1412098618187,20.115050996562317,20.18871542136678,20.145416096113504,19.765587805166934,20.0,19.0
2017-10-06,5,19.0,20.269142175012984,20.242719623711288,20.276078921052914,20.20924724781914,19.665467971929605,20.0,20.0
2017-10-06,6,21.0,20.60949531407623,20.604083898233146,20.638092039994532,20.6103185081096,19.676884936777533,21.0,21.0
2017-10-06,7,20.0,20.60949531407623,20.604083898233146,20.638092039994532,20.6103185081096,19.631836864375533,21.0,21.0
2017-10-06,8,21.0,21.38476983410163,21.287727191361455,21.190982991983205,21.235629599564728,22.664114995017382,21.0,21.0
2017-10-06,9,21.0,21.725753970523176,21.64169301432648,21.644372589833925,21.537645661076716,22.768229681431087,22.0,21.0
2017-10-06,10,21.0,23.576015174171495,23.462463671534877,23.467680096462598,23.505992346404955,22.96683947193068,24.0,23.0
2017-10-06,11,24.0,24.008076776681442,23.95380026804891,23.941390950082134,23.930234546177687,23.01871670922901,24.0,24.0
2017-10-06,12,23.0,24.03546060542543,23.9588806683901,23.941390950082134,23.930234546177687,23.10702705616639,24.0,24.0
2017-10-06,13,24.0,24.11601518147294,24.01252783059573,23.983124051644758,23.952803623517,23.212525430423977,24.0,24.0
2017-10-06,14,23.0,23.91573043882826,23.81224308795105,23.782839309000078,23.786576015347695,23.34242202071247,24.0,23.0
2017-10-06,15,23.0,23.857900612327313,23.73647371570095,23.707070905710076,23.643718323506288,23.47557906474846,24.0,22.0
2017-10-06,16,23.0,23.689926661138074,23.644712787859348,23.615300435806308,23.596082201504046,23.483295332671545,23.0,23.0
2017-10-06,17,23.0,22.6406258148308,22.585707617839024,22.608149207041148,22.443980609905225,23.520910754851087,22.0,21.0
2017-10-06,18,21.0,20.738176825760974,20.729600395019176,20.801810875870725,20.746598138364295,20.476283848279788,21.0,20.0
2017-10-06,19,21.0,20.701876765138778,20.712208160596948,20.74255289014975,20.722348720446966,20.552355479322838,21.0,19.0
2017-10-06,20,20.0,20.48500842226401,20.51318003708628,20.4990925515171,20.415882556339746,20.46655322461394,20.0,21.0
2017-10-06,21,21.0,20.412424525505617,20.441177916624156,20.425065948682658,20.320377695660536,20.48699006654012,20.0,20.0
2017-10-06,22,20.0,20.266978819447242,20.28835670494776,20.294135532033163,20.12805211827642,20.371491894350143,19.0,20.0
2017-10-06,23,19.0,20.339562716205634,20.360358825409882,20.368162134867607,20.212539153103414,20.30919830566259,19.0,21.0
2017-10-07,0,20.0,19.473814027450338,19.508141434198084,19.489569559695283,19.555339893773862,18.558383914688804,20.0,19.0
2017-10-07,1,19.0,19.30591326441911,19.357829240464785,19.397356595534152,19.412129378772956,18.369822229239524,19.0,19.0
2017-10-07,2,19.0,19.30591326441911,19.357829240464785,19.397356595534152,19.412129378772956,18.264663302075242,19.0,19.0
2017-10-07,3,19.0,19.30591326441911,19.357829240464785,19.397356595534152,19.412129378772956,18.157131995828642,19.0,19.0
2017-10-07,4,19.0,19.47858606726621,19.49270888627187,19.505936030270828,19.556864112817806,18.134857482900586,20.0,20.0
2017-10-07,5,19.0,19.40661848082467,19.455123946648047,19.484720095220286,19.46672138605225,17.966232583476533,19.0,19.0
2017-10-07,6,19.0,19.580856602089526,19.615409110118687,19.6420420470121,19.606670119298812,17.869420200617018,19.0,21.0
2017-10-07,7,20.0,19.39412209255993,19.42921725698513,19.450660649289894,19.369552030444705,17.839073506223627,19.0,20.0
2017-10-07,8,18.0,19.09351776208533,19.12861537943847,19.077362418720522,19.077965745177725,17.809721839675785,19.0,21.0
2017-10-07,9,17.0,17.963669947475214,17.967787775774294,17.963907549778906,17.913596962219543,17.637394510608736,17.0,21.0
2017-10-07,10,17.0,17.963669947475214,17.967787775774294,17.963907549778906,17.913596962219543,17.775500758948,18.0,21.0
2017-10-07,11,17.0,17.944295832676914,17.96523218867437,17.963907549778906,17.857697353858473,17.712509315377492,17.0,24.0
2017-10-07,12,17.0,17.971679661420904,17.970312589015563,17.963907549778906,17.88382610210187,17.727850592749945,16.0,23.0
2017-10-07,13,17.0,18.035589223314187,18.043920836730617,17.94754107920336,17.873062738631585,17.919809230153433,17.0,24.0
2017-10-07,14,17.0,18.063371881495616,18.041735980944928,17.94754107920336,17.692529850730274,18.055991715958765,17.0,23.0
2017-10-07,15,16.0,18.063371881495616,18.041735980944928,17.94754107920336,17.51950737242861,18.180733277502988,17.0,23.0
2017-10-07,16,17.0,18.063371881495616,18.041735980944928,17.94754107920336,17.51950737242861,18.299932712084086,17.0,23.0
2017-10-07,17,17.0,18.645216016992272,18.623580116441584,18.529385214700017,18.121824291658378,18.406053200450355,17.0,23.0
2017-10-07,18,17.0,18.637503117899623,18.581723231908107,18.529385214700017,18.177723900019448,18.5200758386075,17.0,21.0
2017-10-07,19,17.0,18.830030195052085,18.74032543621294,18.695671050735783,18.382945978371087,18.58144609164194,17.0,21.0
2017-10-07,20,19.0,19.51917367912882,19.42174967373928,19.326006529142415,19.006217690997694,18.815063952885076,19.0,20.0
2017-10-07,21,19.0,19.59171845598698,19.493751794201405,19.403198194193187,19.086387658400927,18.803732294508663,19.0,21.0
2017-10-07,22,19.0,19.51917367912882,19.42174967373928,19.326006529142415,19.006217690997694,18.790177574509286,19.0,20.0
2017-10-07,23,19.0,19.63739228839847,19.55717865099345,19.45693694579191,19.187525442529598,18.842752666690572,20.0,19.0
2017-10-08,0,19.0,18.59776404662391,18.854548757407006,18.958299842247186,18.803833872928916,17.62525460823732,19.0,20.0
2017-10-08,1,19.0,18.531990313793255,18.804401205485117,18.944692055370382,18.774053899327033,17.54741866480822,19.0,19.0
2017-10-08,2,19.0,18.531990313793255,18.804401205485117,18.944692055370382,18.774053899327033,17.44541356065412,19.0,19.0
2017-10-08,3,18.0,18.67743601985163,18.934870303413454,19.053271490107058,18.928027777798224,17.434118473322584,20.0,19.0
2017-10-08,4,19.0,18.531990313793255,18.791419518941638,18.944692055370382,18.76481475490069,17.24067943705407,19.0,19.0
2017-10-08,5,19.0,18.632695530198813,18.90169591166838,19.032055555056516,18.828645906606326,17.15307556024957,19.0,19.0
2017-10-08,6,19.0,18.707161777816783,18.972586720254668,19.112185841797558,18.888424672449656,17.08433535787085,19.0,19.0
2017-10-08,7,19.0,18.636290721003153,18.88870144370016,19.027970366578472,18.77201988807095,17.02591648299666,19.0,20.0
2017-10-08,8,19.0,18.16619726444814,18.34144481117441,18.455228838262776,18.2741261117461,17.03669837021495,19.0,18.0
2017-10-08,9,17.0,17.036349449838024,17.18061720751023,17.34177396932116,17.144553926002068,16.96963420147637,18.0,17.0
2017-10-08,10,17.0,17.036349449838024,17.18061720751023,17.34177396932116,17.144553926002068,16.917976261201733,17.0,17.0
2017-10-08,11,16.0,17.066698557571204,17.220058475877487,17.34177396932116,17.144553926002068,16.986798874350153,17.0,17.0
2017-10-08,12,17.0,17.094082386315193,17.22513887621868,17.34177396932116,17.170682674245466,17.07847034910009,17.0,17.0
2017-10-08,13,17.0,17.157991948208476,17.298747123933733,17.325407498745616,17.15991931077518,17.18732985117024,17.0,17.0
2017-10-08,14,16.0,17.185774606389906,17.296562268148044,17.325407498745616,17.15991931077518,17.30654521062197,17.0,17.0
2017-10-08,15,17.0,17.185774606389906,17.296562268148044,17.325407498745616,17.15991931077518,17.442391826293388,17.0,16.0
2017-10-08,16,17.0,17.185774606389906,17.296562268148044,17.325407498745616,17.15991931077518,17.545699844817275,17.0,17.0
2017-10-08,17,17.0,17.631359390390195,17.625058075442535,17.90725163424227,17.727439632790798,17.556986007220566,16.0,17.0
2017-10-08,18,16.0,17.631359390390195,17.625058075442535,17.90725163424227,17.727439632790798,17.73646443459575,17.0,17.0
2017-10-08,19,17.0,17.74554912306163,17.73924780811397,18.021441366913706,17.884387754241672,17.79828026142414,17.0,17.0
2017-10-08,20,19.0,18.74837273944742,18.89037067270464,18.873341988978645,18.721697577754746,17.99176456890115,19.0,19.0
2017-10-08,21,19.0,18.74837273944742,18.89037067270464,18.873341988978645,18.721697577754746,17.99632432658194,19.0,19.0
2017-10-08,22,19.0,18.74837273944742,18.89037067270464,18.873341988978645,18.721697577754746,17.971664552455373,19.0,19.0
2017-10-08,23,19.0,18.893818445505794,19.043191884381038,19.00427240562814,18.90300532928665,18.01358016430342,20.0,19.0
2017-10-09,0,19.0,19.334497256344424,19.375598675717182,19.725614830683657,19.338118059733247,19.04664152461991,19.0,19.0
2017-10-09,1,19.0,19.180960100239087,19.276101512121695,19.75216103508505,18.997812903890654,18.866669388024953,18.0,19.0
2017-10-09,2,19.0,19.39938838635529,19.468368652579258,19.79246116385771,19.469522860865126,18.95657058555314,20.0,19.0
2017-10-09,3,19.0,19.14906667634239,19.193551376250877,19.5395082505135,19.214732043948842,18.776197962686116,19.0,18.0
2017-10-09,4,19.0,19.253942680296916,19.32491786810744,19.683881729121033,19.308412706796258,18.665669586808693,19.0,19.0
2017-10-09,5,20.0,19.50009360276085,19.56566335876252,19.879824663543843,19.526217736973084,18.67360276554374,20.0,19.0
2017-10-09,6,20.0,19.594332633928552,19.795350443570037,20.005827916266327,19.750539560767386,18.60554782493089,20.0,19.0
2017-10-09,7,20.0,20.10844492314877,20.29676382734653,20.50726634337707,20.224459211051553,18.747312931031928,22.0,19.0
2017-10-09,8,20.0,20.36960715395395,20.866109886671854,20.91431464424715,20.44502085708519,21.623913566963843,20.0,19.0
2017-10-09,9,22.0,20.931121381851106,21.427906895668766,21.575560471464,20.9912767265289,21.84805061662951,22.0,17.0
2017-10-09,10,22.0,22.264273536854148,22.833109787715774,22.92290618022285,22.376783670088784,21.979283515233792,23.0,17.0
2017-10-09,11,23.0,22.583922354174472,23.23685100842461,23.196332291197706,22.623780435839997,22.05706906944101,23.0,16.0
2017-10-09,12,24.0,22.61130618291846,23.304348072638437,23.264651911454045,22.666454523035192,22.129722160971127,23.0,17.0
2017-10-09,13,24.0,23.230342137588288,23.83191269346427,23.729798057485215,23.079332038775185,22.326904552863713,24.0,17.0
2017-10-09,14,23.0,22.799655635793666,23.429532155301015,23.348793674131585,22.70004142622672,22.36155488367541,23.0,16.0
2017-10-09,15,24.0,22.799655635793666,23.429532155301015,23.348793674131585,22.70004142622672,22.46560979214123,23.0,17.0
2017-10-09,16,23.0,23.258124795769717,23.829727837678583,23.748987068711408,23.0903498646274,22.673063089671693,24.0,17.0
2017-10-09,17,23.0,22.807669458865107,23.45261966207209,23.348793674131585,22.70004142622672,22.682340166234273,23.0,17.0
2017-10-09,18,21.0,19.876500400438733,20.16612312760745,20.194298980414708,19.853037699052575,19.418324375752807,20.0,16.0
2017-10-09,19,18.0,19.840200339816537,20.16612312760745,20.135040994693732,19.828788281135246,19.467012161003645,20.0,17.0
2017-10-09,20,21.0,19.871223044908366,20.196804340411703,20.16504470710642,19.843017504124447,19.4754496149237,20.0,19.0
2017-10-09,21,20.0,19.871223044908366,20.196804340411703,20.16504470710642,19.81565351151942,19.483205366640178,20.0,19.0
2017-10-09,22,19.0,19.72577733884999,20.043983128735306,20.034114290456927,19.623327934135304,19.369182723333523,19.0,19.0
2017-10-09,23,19.0,19.72577733884999,20.043983128735306,20.014925279230734,19.61231010828309,19.322420727767355,19.0,19.0
2017-10-10,0,19.0,20.06745400912407,19.92902671069685,20.021558995961403,19.931566502630286,19.42051335327574,19.0,19.0
2017-10-10,1,19.0,19.986899433076562,19.89132758963059,19.97982589439878,19.908997425290973,19.339320948586746,19.0,19.0
2017-10-10,2,20.0,19.986899433076562,19.89132758963059,19.97982589439878,19.908997425290973,19.24706007000892,19.0,19.0
2017-10-10,3,19.0,19.986899433076562,19.89132758963059,19.97982589439878,19.908997425290973,19.150604569177663,19.0,19.0
2017-10-10,4,19.0,19.986899433076562,19.87834590308711,19.97982589439878,19.901861149693296,19.057114154302983,19.0,19.0
2017-10-10,5,19.0,20.114831746270845,20.00601453023608,20.067189394084913,19.96569230139893,18.95973316454358,19.0,20.0
2017-10-10,6,21.0,20.354516483496923,20.366170712971932,20.301772081544073,20.343988003664425,18.98589760124087,20.0,20.0
2017-10-10,7,21.0,20.547819478183808,20.574001899003818,20.509628310910205,20.562966687819785,19.033443330031766,21.0,20.0
2017-10-10,8,20.0,21.323093998209206,21.209187803274997,21.11124364734918,21.223074376489063,22.18646889339605,21.0,20.0
2017-10-10,9,21.0,22.12232207407422,22.033342550510145,21.99976553406721,21.97893029339012,22.25860010232987,22.0,22.0
2017-10-10,10,23.0,22.756745924988156,22.739817138468048,22.64838293873695,22.60468157327589,22.292102575554956,22.0,22.0
2017-10-10,11,23.0,23.929100677649753,23.873590103562524,23.76452690417909,23.843436133197134,22.52442359918134,24.0,23.0
2017-10-10,12,23.0,24.156769249038422,24.141371910421032,24.03313126708011,24.063355654413847,22.59182492850433,24.0,24.0
2017-10-10,13,24.0,24.091532266042012,24.101210548777598,23.930545145337685,23.89543091790951,22.59669961879212,23.0,24.0
2017-10-10,14,25.0,24.173861045394485,24.10925465125519,23.997339325464715,23.988487861773223,23.000567965107496,26.0,23.0
2017-10-10,15,24.0,24.345118701913627,24.26655599308361,24.117273029757648,24.096942557605374,22.91336447849529,24.0,24.0
2017-10-10,16,24.0,24.173861045394485,24.10925465125519,23.997339325464715,23.988487861773223,23.131406421709855,25.0,23.0
2017-10-10,17,24.0,23.927044004650202,23.921828457118306,23.749449413919198,23.729203309740207,23.045128424025794,23.0,23.0
2017-10-10,18,24.0,21.074965079922443,21.11280312867629,21.00998645681806,20.975224107279665,19.79636640639278,21.0,21.0
2017-10-10,19,22.0,20.542807984863003,20.606861795747633,20.430985159971478,20.422236724032285,19.80747084292978,20.0,18.0
2017-10-10,20,24.0,20.694339159154964,20.72693736343624,20.564148913759826,20.549003664575906,19.80412209805422,20.0,21.0
2017-10-10,21,23.0,20.601057786743556,20.654935242974116,20.460988872384167,20.40910195441646,19.828915810773438,20.0,20.0
2017-10-10,22,20.0,21.16511254577075,21.203324005940758,21.026780861271188,20.979426229875806,20.01349283558707,22.0,19.0
2017-10-10,23,20.0,20.573830689954832,20.637543008551887,20.441799861157975,20.398084128564246,19.78456876391489,20.0,19.0
2017-10-11,0,20.0,20.028192568061357,20.04264941308593,19.813874094514073,19.92879751015515,20.335918469845996,19.0,19.0
2017-10-11,1,20.0,19.94763799201385,20.004950292019668,19.77214099295145,19.906228432815837,20.213692296445313,19.0,19.0
2017-10-11,2,19.0,20.12031079486095,20.152811624370234,19.880720427688125,20.06020231128703,20.162908699037406,20.0,20.0
2017-10-11,3,19.0,19.94763799201385,20.004950292019668,19.77214099295145,19.906228432815837,19.953903344801557,19.0,19.0
2017-10-11,4,19.0,20.093083698072224,20.122437703404525,19.880720427688125,20.05306603568935,19.928745574447543,20.0,19.0
2017-10-11,5,19.0,20.048343208419407,20.10224499820293,19.859504492637583,19.962923308923795,19.73581147479921,19.0,19.0
2017-10-11,6,20.0,20.356410335618627,20.396412627834533,20.18414432402856,20.3160226204053,19.728947106673335,20.0,21.0
2017-10-11,7,20.0,20.54971333030551,20.604243813866418,20.39200055339469,20.53500130456066,19.78189503360055,21.0,21.0
2017-10-11,8,20.0,21.283832557146493,21.194612470463188,20.90355874590185,21.082571275675516,22.33936165447835,21.0,20.0
2017-10-11,9,22.0,21.665971986752457,21.641852929959754,21.447005487684386,21.487589581304135,22.450501491933764,22.0,21.0
2017-10-11,10,23.0,23.26812406151634,23.37183932777811,23.10277412111929,23.265442452788726,22.58274051522002,23.0,23.0
2017-10-11,11,23.0,23.557423771103483,23.66289118164746,23.376200232094146,23.51243921853994,22.68005628797765,23.0,23.0
2017-10-11,12,24.0,23.82155835984737,23.929325456848805,23.644621383214393,23.78826910952475,22.98936062875342,25.0,23.0
2017-10-11,13,24.0,24.091450696229845,24.1518504508033,23.877296219640282,23.919292882696215,23.021455784409476,24.0,24.0
2017-10-11,14,23.0,24.461457479592845,24.461689295171816,24.128936904218097,24.16711387143733,23.24887896982583,25.0,25.0
2017-10-11,15,23.0,23.86564691853966,23.984320150711596,23.728946357672704,23.73981689470478,23.22213727694965,23.0,24.0
2017-10-11,16,23.0,23.86564691853966,23.984320150711596,23.728946357672704,23.73981689470478,23.358033272300126,23.0,24.0
2017-10-11,17,22.0,23.86564691853966,23.984320150711596,23.728946357672704,23.73981689470478,23.474649657547253,23.0,24.0
2017-10-11,18,21.0,21.437467508056702,21.601900730182347,21.3983203111652,21.583806534630888,20.828873920727137,21.0,24.0
2017-10-11,19,19.0,20.8714731962945,21.05254069493151,20.789703128555146,20.819797142247292,20.820762855784395,20.0,22.0
2017-10-11,20,20.0,21.620377221014973,21.796370520729358,21.509741808621104,21.672271532694577,21.00244491011641,22.0,24.0
2017-10-11,21,20.0,21.126510280625684,21.30250358034007,21.015874868231815,21.091483128207663,20.908515327958625,21.0,23.0
2017-10-11,22,19.0,20.454001468853146,20.568822989705357,20.253303970936837,20.242470105359516,20.807299863313418,20.0,20.0
2017-10-11,23,19.0,20.454001468853146,20.568822989705357,20.234114959710645,20.2314522795073,20.727194345853412,20.0,20.0
2017-10-12,0,20.0,20.08625191060728,19.865333734486466,20.028435005608106,19.85595660852419,20.50248470656744,20.0,20.0
2017-10-12,1,19.0,20.005697334559773,19.827634613420205,19.986701904045482,19.833387531184876,20.378788039748763,20.0,20.0
2017-10-12,2,19.0,19.833024531712674,19.67977328106964,19.878122469308806,19.679413652713684,20.167204827908368,19.0,19.0
2017-10-12,3,19.0,19.97847023777105,19.810242378997977,19.986701904045482,19.833387531184876,20.130265422136265,20.0,19.0
2017-10-12,4,19.0,19.833024531712674,19.66679159452616,19.878122469308806,19.672277377116007,19.91714880823997,19.0,19.0
2017-10-12,5,19.0,20.079175454176607,19.90753708518124,20.074065403731616,19.890082407292834,19.91070305871592,20.0,19.0
2017-10-12,6,21.0,20.39394457681992,20.23424955524198,20.407924885820233,20.195648806904085,19.917458399802303,21.0,20.0
2017-10-12,7,21.0,20.39394457681992,20.23424955524198,20.407924885820233,20.195648806904085,19.87707195116185,21.0,20.0
2017-10-12,8,20.0,21.169219096845318,20.86943545951316,21.009540222259208,20.855756495573363,22.49124593751383,21.0,20.0
2017-10-12,9,21.0,21.674864974965722,21.4000080090037,21.604479911232627,21.356671446345615,22.495947406071597,21.0,22.0
2017-10-12,10,23.0,23.168579594395815,23.075255605839633,23.22185849492049,23.038627672686573,22.73670438999061,23.0,23.0
2017-10-12,11,22.0,23.683683081673145,23.533837759800686,23.662823479089116,23.476118252281434,22.92891841416874,24.0,23.0
2017-10-12,12,23.0,23.911351653061814,23.754708580581614,23.931427841990136,23.66990902525475,23.038824005621414,24.0,24.0
2017-10-12,13,22.0,23.991906229109322,23.808355742787242,23.996380593441483,23.692478102594063,23.179730927737722,24.0,24.0
2017-10-12,14,22.0,23.565817708774457,23.44054070005086,23.647745988829225,23.33575668058111,23.24909506216492,23.0,23.0
2017-10-12,15,22.0,23.016800268730993,22.891523260007396,23.09872854878576,22.725773315353628,23.303244723234652,22.0,23.0
2017-10-12,16,22.0,23.565817708774457,23.44054070005086,23.647745988829225,23.33575668058111,23.533571592428572,23.0,23.0
2017-10-12,17,22.0,22.61498424564558,22.47176769117283,22.678984809811105,22.27955173412592,23.477512930894836,21.0,22.0
2017-10-12,18,21.0,20.443266222764112,20.359316571964584,20.636073240585674,20.26639416879003,20.869318981703923,20.0,21.0
2017-10-12,19,19.0,20.14101198688341,20.117101005403836,20.342724796839544,19.937281455934162,20.861014322630016,19.0,19.0
2017-10-12,20,21.0,20.518317875221836,20.46893379232201,20.631495238436607,20.358402627192927,21.055942091032065,21.0,20.0
2017-10-12,21,21.0,20.24784531393925,20.196734992677747,20.359285447294194,20.015655325257363,20.94729630138625,20.0,20.0
2017-10-12,22,21.0,20.220618217150527,20.17934275825552,20.359285447294194,20.015655325257363,20.910805512162533,20.0,19.0
2017-10-12,23,20.0,20.518317875221836,20.45154155789978,20.612306227210414,20.320020808735688,20.922857682679698,21.0,19.0
2017-10-13,0,20.0,20.094436083440563,20.069968783513726,20.0192044750895,20.038904424922194,20.16913781766637,19.0,20.0
2017-10-13,1,19.0,19.98665441060433,20.014877428025237,19.977471373526875,20.01633534758288,20.079024421255276,19.0,19.0
2017-10-13,2,20.0,19.98665441060433,20.014877428025237,19.977471373526875,20.01633534758288,19.96557855225045,19.0,19.0
2017-10-13,3,19.0,19.98665441060433,20.014877428025237,19.977471373526875,20.01633534758288,19.850931087718454,19.0,19.0
2017-10-13,4,20.0,20.132100116662706,20.132364839410094,20.08605080826355,20.16107008162773,19.8370094578307,20.0,19.0
2017-10-13,5,20.0,20.08735962700989,20.1121721342085,20.06483487321301,20.070927354862174,19.651138691362274,19.0,19.0
2017-10-13,6,21.0,20.62108304457325,20.621397741080923,20.535427426891303,20.625972493623827,19.740211464345286,21.0,21.0
2017-10-13,7,20.0,20.427780049886366,20.413566555049037,20.32757119752517,20.406993809468467,19.60369428046478,20.0,21.0
2017-10-13,8,21.0,21.30307619218724,21.18458152488998,21.014291776045532,21.190575321613895,22.543658078751335,21.0,20.0
2017-10-13,9,21.0,21.443759503275587,21.36542465942965,21.248125778986086,21.298358680462137,22.55003380604165,21.0,21.0
2017-10-13,10,22.0,22.519199489190257,22.46964757650288,22.354876972377525,22.466228186719245,22.574101636280634,21.0,23.0
2017-10-13,11,23.0,23.761549938032836,23.695059996001905,23.562673191044222,23.62578540582899,22.9487622267197,24.0,22.0
2017-10-13,12,22.0,23.620959815587586,23.608379468501496,23.470902721140455,23.578149283826747,22.945369881409377,23.0,23.0
2017-10-13,13,24.0,23.869488342824333,23.753787558548726,23.604406292606846,23.6483544831683,23.17384810950378,24.0,22.0
2017-10-13,14,22.0,23.59328056629429,23.535853259617166,23.38647428147303,23.23992268401806,23.210976264107398,23.0,22.0
2017-10-13,15,22.0,23.59328056629429,23.535853259617166,23.38647428147303,23.066900205716397,23.342833983937023,23.0,22.0
2017-10-13,16,22.0,23.59328056629429,23.535853259617166,23.38647428147303,23.066900205716397,23.46749383882124,23.0,22.0
2017-10-13,17,22.0,23.59328056629429,23.535853259617166,23.38647428147303,23.066900205716397,23.57704689088846,23.0,22.0
2017-10-13,18,19.0,20.849435466907334,20.873314056824253,20.77317286560194,20.504201618354756,20.646642745111883,21.0,21.0
2017-10-13,19,19.0,20.71985403387373,20.7839197019399,20.63988827704652,20.384447339758218,20.73446882127803,21.0,19.0
2017-10-13,20,20.0,20.49659615276103,20.530493879934056,20.396427938413872,20.077981175650997,20.642630299693444,20.0,21.0
2017-10-13,21,20.0,20.767068714043614,20.802692679578318,20.668637729556284,20.393364484981536,20.733179494056166,21.0,21.0
2017-10-13,22,19.0,20.49659615276103,20.530493879934056,20.396427938413872,20.077981175650997,20.605167342729132,20.0,21.0
2017-10-13,23,20.0,20.257869074291246,20.305670547795536,20.191470918929934,19.779132911735456,20.462399553672206,19.0,20.0
2017-10-14,0,19.0,19.57200264727173,19.563539645311092,19.441036205176307,19.59930314479144,18.473698094154418,20.0,20.0
2017-10-14,1,20.0,19.37687478745178,19.395835217155565,19.348823241015175,19.456092629790533,18.3054618971854,19.0,19.0
2017-10-14,2,19.0,19.404101884240504,19.413227451577793,19.348823241015175,19.456092629790533,18.19255805715935,19.0,20.0
2017-10-14,3,19.0,19.37687478745178,19.395835217155565,19.348823241015175,19.456092629790533,18.104051099299816,19.0,19.0
2017-10-14,4,19.0,19.404101884240504,19.400245765034313,19.348823241015175,19.44685348536419,17.992247192170485,19.0,20.0
2017-10-14,5,19.0,19.50480710064606,19.510522157761056,19.43618674070131,19.510684637069826,17.905850568741123,19.0,20.0
2017-10-14,6,19.0,19.651818125122194,19.653415086809467,19.593508692493124,19.65063337031639,17.823708834663044,19.0,21.0
2017-10-14,7,20.0,19.610529321650972,19.597692331604247,19.510706729507593,19.567489159933473,17.886032764530473,20.0,20.0
2017-10-14,8,18.0,18.395282045667415,18.38911844580833,18.27602477041946,18.430530371708823,17.667111548945684,18.0,21.0
2017-10-14,9,18.0,18.034631470507883,18.005793752465074,17.91537419525993,18.018364208771597,17.58431361407991,17.0,21.0
2017-10-14,10,17.0,18.015257355709583,18.00323816536515,17.91537419525993,17.962464600410527,17.609867544333273,17.0,22.0
2017-10-14,11,17.0,18.015257355709583,18.00323816536515,17.91537419525993,17.962464600410527,17.66196228666679,17.0,23.0
2017-10-14,12,17.0,18.042641184453572,18.008318565706343,17.91537419525993,17.962464600410527,17.76431934860124,17.0,22.0
2017-10-14,13,17.0,18.026538527700588,18.008205037178758,17.899007724684385,17.95170123694024,17.84242452782563,17.0,24.0
2017-10-14,14,17.0,18.026538527700588,18.008205037178758,17.899007724684385,17.95170123694024,17.98635192649273,17.0,22.0
2017-10-14,15,17.0,18.026538527700588,18.008205037178758,17.899007724684385,17.95170123694024,18.01235447329448,16.0,22.0
2017-10-14,16,17.0,18.026538527700588,18.008205037178758,17.899007724684385,17.95170123694024,18.221083302076853,17.0,22.0
2017-10-14,17,17.0,18.472123311700877,18.326715617611473,18.48085186018104,18.55401815617001,18.32469018080384,17.0,22.0
2017-10-14,18,18.0,18.44297588344237,18.239876849827045,18.4557562984946,18.57802175402861,18.45166877686639,17.0,19.0
2017-10-14,19,18.0,18.557165616113803,18.35406658249848,18.569946031166033,18.734969875479486,18.51389637533885,17.0,19.0
2017-10-14,20,19.0,19.48234032533379,19.38821872997311,19.277473174623438,19.377607559974848,18.722401239534417,19.0,20.0
2017-10-14,21,19.0,19.48234032533379,19.38821872997311,19.277473174623438,19.377607559974848,18.728881459998984,19.0,20.0
2017-10-14,22,19.0,19.455113228545066,19.370826495550883,19.277473174623438,19.377607559974848,18.72053778504325,19.0,19.0
2017-10-14,23,19.0,19.48234032533379,19.38821872997311,19.277473174623438,19.366589734122634,18.658026691320515,19.0,20.0
2017-10-15,0,19.0,19.221874383086977,19.126472906978247,19.306992132416728,19.24239362721465,17.500690359089454,19.0,19.0
2017-10-15,1,19.0,19.22664642290285,19.106629811173285,19.323358602992272,19.253156990684936,17.403770675497103,19.0,20.0
2017-10-15,2,19.0,19.199419326114125,19.106629811173285,19.323358602992272,19.253156990684936,17.32353955897419,19.0,19.0
2017-10-15,3,20.0,18.476288778905065,18.37316007751737,18.615831459534867,18.621537132041787,17.132024526818366,18.0,19.0
2017-10-15,4,18.0,19.199419326114125,19.093648124629805,19.323358602992272,19.243917846258594,17.130886873073347,19.0,19.0
2017-10-15,5,19.0,19.300124542519683,19.203924517356548,19.410722102678406,19.30774899796423,17.046580419666608,19.0,19.0
2017-10-15,6,19.0,19.374590790137653,19.274815325942836,19.490852389419448,19.36752776380756,16.978964907002275,19.0,19.0
2017-10-15,7,19.0,19.287628154254943,19.1606255932714,19.376662656748014,19.210579642356684,16.919421342413703,19.0,20.0
2017-10-15,8,19.0,18.83362627676901,18.643673416862576,18.833895385884666,18.753229203104002,16.926905806234227,19.0,18.0
2017-10-15,9,17.0,17.703778462158894,17.4828458131984,17.72044051694305,17.68446101289445,16.747254921327563,17.0,18.0
2017-10-15,10,18.0,17.612235767546174,17.4828458131984,17.72044051694305,17.68446101289445,16.796102259521806,17.0,17.0
2017-10-15,11,17.0,17.612235767546174,17.4828458131984,17.72044051694305,17.68446101289445,16.763436218683623,16.0,17.0
2017-10-15,12,17.0,17.639619596290164,17.48792621353959,17.72044051694305,17.68446101289445,16.940092796608802,17.0,17.0
2017-10-15,13,17.0,17.62351693953718,17.487812685012006,17.704074046367506,17.673697649424163,17.040409432155357,17.0,17.0
2017-10-15,14,17.0,17.62351693953718,17.487812685012006,17.704074046367506,17.673697649424163,17.058136137620487,16.0,17.0
2017-10-15,15,17.0,17.62351693953718,17.487812685012006,17.704074046367506,17.673697649424163,17.266861425073937,17.0,17.0
2017-10-15,16,17.0,17.62351693953718,17.487812685012006,17.704074046367506,17.673697649424163,17.37873730381542,17.0,17.0
2017-10-15,17,17.0,18.178274061142886,18.025244348875262,18.28591818186416,18.24121797143978,17.480254012519783,17.0,17.0
2017-10-15,18,18.0,18.178274061142886,18.025244348875262,18.28591818186416,18.24121797143978,17.457738507439487,16.0,18.0
2017-10-15,19,17.0,18.29246379381432,18.139434081546696,18.400107914535596,18.398166092890655,17.614206993681098,17.0,18.0
2017-10-15,20,20.0,19.186115072594692,19.081621089568603,19.252008536600535,19.17467192086925,17.824802027899295,19.0,19.0
2017-10-15,21,19.0,19.186115072594692,19.081621089568603,19.252008536600535,19.17467192086925,17.834607228705917,19.0,19.0
2017-10-15,22,19.0,19.186115072594692,19.081621089568603,19.252008536600535,19.17467192086925,17.816783449152727,19.0,19.0
2017-10-15,23,20.0,19.186115072594692,19.081621089568603,19.252008536600535,19.163654095017037,17.773131775589704,19.0,19.0
2017-10-16,0,19.0,20.20870693673669,20.13561146484826,20.119173582858924,20.229776451529577,20.013016173996512,19.0,19.0
2017-10-16,1,19.0,20.12815236068918,20.097912343782,20.0774404812963,20.207207374190265,19.907455592666444,19.0,19.0
2017-10-16,2,19.0,20.12815236068918,20.097912343782,20.0774404812963,20.207207374190265,19.792487188415326,19.0,19.0
2017-10-16,3,19.0,20.155379457477906,20.097912343782,20.0774404812963,20.207207374190265,19.662718989883793,19.0,20.0
2017-10-16,4,20.0,20.023276356734655,19.940582478838476,19.933067002688766,20.099254160147495,19.581892770156706,19.0,18.0
2017-10-16,5,19.0,20.374303283153115,20.3256761478936,20.27338341571911,20.417876128769414,19.56863398499432,20.0,19.0
2017-10-16,6,21.0,20.468542314320818,20.427165197500226,20.399386668441593,20.504463844225306,19.49806232067633,20.0,19.0
2017-10-16,7,21.0,20.468542314320818,20.427165197500226,20.399386668441593,20.504463844225306,19.455288211084838,20.0,19.0
2017-10-16,8,19.0,21.15867380753032,21.157916032421145,21.00100200488057,21.164571532894584,22.195303304497994,20.0,19.0
2017-10-16,9,21.0,21.720188035427476,21.719713041418057,21.66224783209742,21.710827402338293,22.431178108043596,22.0,17.0
2017-10-16,10,22.0,22.354611886341413,22.42618762937596,22.310865236767164,22.33657868222406,22.47036667228211,22.0,18.0
2017-10-16,11,22.0,23.342639900017662,23.415967787334417,23.283019651831125,23.34333111164939,22.659493858569803,23.0,17.0
2017-10-16,12,23.0,23.828492888737703,23.883660533925813,23.751532666667288,23.75018488900187,22.85860463757612,24.0,17.0
2017-10-16,13,23.0,23.90904746478521,23.93730769613144,23.816485418118635,23.77275396634118,22.98137547420382,24.0,17.0
2017-10-16,14,24.0,23.45057830480916,23.537112013753873,23.435481034765004,23.393463353792715,23.020026164053732,23.0,17.0
2017-10-16,15,23.0,23.90904746478521,23.93730769613144,23.835674429344827,23.783771792193395,23.2467192842383,24.0,17.0
2017-10-16,16,22.0,23.45057830480916,23.537112013753873,23.435481034765004,23.393463353792715,23.278854396251027,23.0,17.0
2017-10-16,17,22.0,23.45057830480916,23.537112013753873,23.435481034765004,23.393463353792715,23.38903810306645,23.0,17.0
2017-10-16,18,21.0,20.90225193126999,20.902295061559908,20.899564998385394,20.94275177240914,20.524460541772562,21.0,18.0
2017-10-16,19,19.0,20.245426736943188,20.292056950688174,20.42067148585884,19.975725568766826,20.317674300908596,18.0,17.0
2017-10-16,20,20.0,20.904988398811064,20.91659160668972,20.8308132504241,20.886196348669507,20.585503700027722,21.0,20.0
2017-10-16,21,21.0,20.607288740739754,20.64439280704546,20.558603459281688,20.543449046733944,20.501807031508854,20.0,19.0
2017-10-16,22,19.0,20.46184303468138,20.491571595369063,20.427673042632193,20.351123469349826,20.372487449525707,19.0,19.0
2017-10-16,23,20.0,20.489070131470104,20.491571595369063,20.408484031406,20.340105643497612,20.29409848823448,19.0,20.0
2017-10-17,0,19.0,20.20870693673669,20.166731912451624,20.186952047109482,20.175733466022724,21.042631927979524,19.0,19.0
2017-10-17,1,20.0,20.12815236068918,20.129032791385363,20.14521894554686,20.15316438868341,20.909482089188014,19.0,19.0
2017-10-17,2,19.0,20.273598066747557,20.2595018893137,20.253798380283534,20.307138267154603,20.86233255947688,20.0,19.0
2017-10-17,3,19.0,20.12815236068918,20.129032791385363,20.14521894554686,20.15316438868341,20.630772794082468,19.0,19.0
2017-10-17,4,19.0,20.155379457477906,20.13344333926411,20.14521894554686,20.146028113085734,20.491566462754804,19.0,20.0
2017-10-17,5,20.0,20.22885757709474,20.226327497568626,20.232582445232993,20.20985926479137,20.401757258689297,19.0,19.0
2017-10-17,6,20.0,20.730227698980844,20.728326313232113,20.7650785059901,20.781937260428233,20.486982732430747,21.0,21.0
2017-10-17,7,21.0,20.730227698980844,20.728326313232113,20.7650785059901,20.781937260428233,20.447840817490636,21.0,21.0
2017-10-17,8,20.0,21.205465177133988,21.09347154937477,21.068780469131127,21.11052854738773,22.975657380141893,20.0,19.0
2017-10-17,9,22.0,21.514552500470952,21.47235323158084,21.526501242535186,21.479584571042903,23.07969120218527,21.0,21.0
2017-10-17,10,23.0,23.30884492017736,23.374739171476282,23.385262345498,23.344615792708744,23.328012606328926,23.0,22.0
2017-10-17,11,22.0,23.598144629764505,23.665791025345634,23.658688456472856,23.591612558459957,23.435507614733208,23.0,22.0
2017-10-17,12,24.0,23.7337622838493,23.85946146064942,23.853169617959242,23.799438512510655,23.554866378158714,23.0,23.0
2017-10-17,13,25.0,24.04012063758699,24.08063892294675,24.08566124260436,24.012501403693616,23.798754441946684,24.0,23.0
2017-10-17,14,23.0,24.251352362541382,24.312330576487245,24.33769765414537,24.25220830719429,24.03635686300969,25.0,24.0
2017-10-17,15,23.0,24.04012063758699,24.08063892294675,24.104850253830552,24.02351922954583,24.111884247647485,24.0,23.0
2017-10-17,16,24.0,23.982290811086045,24.00486955069665,24.02908185054055,23.880661537704423,24.26830083427277,24.0,22.0
2017-10-17,17,21.0,23.982290811086045,24.00486955069665,24.02908185054055,23.880661537704423,24.389133596979335,24.0,22.0
2017-10-17,18,20.0,22.4990628902187,22.493007179425717,22.55478050693583,22.4605332822939,21.899817000062388,24.0,21.0
2017-10-17,19,19.0,21.26441007234693,21.331873710862407,21.306543678614112,21.173682044747352,21.7967398375893,22.0,19.0
2017-10-17,20,20.0,22.35576806062083,22.357610472926595,22.291095611088195,22.237158431366257,21.9880188178053,24.0,20.0
2017-10-17,21,20.0,21.938454193829195,22.002232038223436,21.98095936044019,21.932023717914973,21.85975534102928,23.0,21.0
2017-10-17,22,20.0,20.607288740739754,20.675513254648823,20.626381923532247,20.48940606122709,21.54892952582784,20.0,19.0
2017-10-17,23,20.0,20.63451583752848,20.69290548907105,20.607192912306054,20.478388235374876,21.444831469377764,20.0,20.0
2017-10-18,0,20.0,20.354152642795064,20.29720101037996,20.295531481846158,20.290246577415456,21.33231610918432,20.0,19.0
2017-10-18,1,20.0,20.30082516353628,20.27689412373593,20.253798380283534,20.267677500076143,21.180311275330546,20.0,20.0
2017-10-18,2,20.0,20.12815236068918,20.129032791385363,20.14521894554686,20.11370362160495,20.955221000805174,19.0,19.0
2017-10-18,3,19.0,20.12815236068918,20.129032791385363,20.14521894554686,20.11370362160495,20.813154847656456,19.0,19.0
2017-10-18,4,20.0,20.12815236068918,20.116051104841883,20.14521894554686,20.106567346007274,20.684666148319266,19.0,19.0
2017-10-18,5,20.0,20.256084673883464,20.243719731990854,20.232582445232993,20.17039849771291,20.565284317201016,19.0,20.0
2017-10-18,6,21.0,20.495769411109542,20.47567787952582,20.467165132692152,20.410960091639993,20.583944676623627,20.0,20.0
2017-10-18,7,21.0,20.58905078352095,20.547679999987942,20.57032517406781,20.523497809194414,20.531653209646944,20.0,21.0
2017-10-18,8,21.0,21.27104393113494,21.042517938371258,21.068780469131127,21.07106778030927,23.256940440048943,20.0,20.0
2017-10-18,9,21.0,22.27036697422556,22.07949458706073,22.200730398228636,22.069420380517034,23.45759790314411,22.0,22.0
2017-10-18,10,24.0,23.562042090523764,23.461159986152055,23.52452678417189,23.496435640729185,23.616425695042068,23.0,23.0
2017-10-18,11,23.0,23.743107974770105,23.626038468931448,23.6717913539167,23.552151791381498,23.742432115549768,23.0,22.0
2017-10-18,12,24.0,24.304814149189763,24.187523946971616,24.234096131241536,24.127716993297362,23.946547237049526,24.0,24.0
2017-10-18,13,24.0,24.611028125678043,24.445659938797753,24.469855032577787,24.318298495336208,24.08813571951408,24.0,25.0
2017-10-18,14,23.0,23.959280204902406,23.873356066440863,23.950414278080626,23.793564648623722,24.18482021996968,23.0,23.0
2017-10-18,15,24.0,23.959280204902406,23.873356066440863,23.950414278080626,23.793564648623722,24.344096628416025,23.0,23.0
2017-10-18,16,22.0,24.159564947547086,24.073640809085543,24.150699020725305,23.97081008264524,24.47598227970742,23.0,24.0
2017-10-18,17,23.0,22.930274399947358,22.843445124934135,22.907691236302117,22.617945057873555,24.546673003111305,22.0,21.0
2017-10-18,18,22.0,21.007127935224517,21.055683747540026,21.07221946659048,20.903529729457414,21.84868220677294,21.0,20.0
2017-10-18,19,20.0,20.527682510472637,20.61327150179714,20.609821273077596,20.37157142482543,21.731127989649575,19.0,19.0
2017-10-18,20,21.0,20.63451583752848,20.69290548907105,20.626381923532247,20.477309286753655,21.82693297980085,20.0,20.0
2017-10-18,21,21.0,20.63451583752848,20.69290548907105,20.626381923532247,20.44994529414863,21.80291510471414,20.0,20.0
2017-10-18,22,21.0,20.489070131470104,20.540084277394655,20.495451506882752,20.257619716764513,21.64748426477038,19.0,20.0
2017-10-18,23,21.0,20.489070131470104,20.540084277394655,20.47626249565656,20.2466018909123,21.552501402903733,19.0,20.0
2017-10-19,0,19.0,20.415614678545506,20.337151100535,20.319688798272786,20.33383951527915,21.145691988979088,20.0,20.0
2017-10-19,1,20.0,20.189614396439623,20.1689828815404,20.169376261973486,20.157296559468644,20.920321285749186,19.0,20.0
2017-10-19,2,20.0,20.189614396439623,20.1689828815404,20.169376261973486,20.157296559468644,20.78086181453625,19.0,20.0
2017-10-19,3,19.0,20.1623872996509,20.151590647118173,20.169376261973486,20.157296559468644,20.657689266708985,19.0,19.0
2017-10-19,4,20.0,20.189614396439623,20.15600119499692,20.169376261973486,20.150160283870967,20.519285516843198,19.0,20.0
2017-10-19,5,20.0,20.29031961284518,20.266277587723664,20.25673976165962,20.213991435576602,20.41616753323283,19.0,20.0
2017-10-19,6,22.0,20.81658871716955,20.778069041752637,20.802338719860572,20.786069431213466,20.51537839398985,21.0,21.0
2017-10-19,7,21.0,20.81658871716955,20.778069041752637,20.802338719860572,20.786069431213466,20.476064395377595,21.0,21.0
2017-10-19,8,21.0,21.398560242508065,21.25388114884906,21.196097826933414,21.192401838513234,23.209524884768122,20.0,21.0
2017-10-19,9,21.0,21.639265175871888,21.522095960101364,21.563761456405658,21.483716741828136,23.34038273203647,21.0,21.0
2017-10-19,10,23.0,23.79656177213016,23.752348429955283,23.748968843243198,23.717274012614396,23.560031584968392,23.0,24.0
2017-10-19,11,22.0,23.33655929902916,23.29409810113649,23.27309277152991,23.17704197911661,23.586593898820226,22.0,23.0
2017-10-19,12,23.0,24.113245310461295,24.063986361960882,24.090714574474394,23.980816117317406,23.798173526684124,23.0,24.0
2017-10-19,13,22.0,23.64478244646534,23.568616084123047,23.606649885882277,23.5146398411608,23.853698545813987,22.0,24.0
2017-10-19,14,23.0,23.44449770382066,23.368331341478367,23.42555415446379,23.227174221259933,24.02418157566797,22.0,23.0
2017-10-19,15,22.0,23.64478244646534,23.568616084123047,23.62583889710847,23.525657667013014,24.16456437879286,22.0,24.0
2017-10-19,16,22.0,23.336263878479855,23.24215797038841,23.299392613233742,23.035893606161032,24.3339916872997,22.0,22.0
2017-10-19,17,21.0,23.44449770382066,23.368331341478367,23.42555415446379,23.227174221259933,24.440506622864273,22.0,23.0
2017-10-19,18,20.0,21.506398786168422,21.458052868030684,21.567080884897763,21.434015995299312,21.623714915351663,21.0,22.0
2017-10-19,19,19.0,20.58914454622308,20.606310605874597,20.633978589504224,20.415164362689122,21.520809836550722,19.0,20.0
2017-10-19,20,20.0,21.032504710184188,21.012753278832665,21.025909072476946,20.948823251502308,21.712593340565288,21.0,21.0
2017-10-19,21,20.0,21.032504710184188,21.012753278832665,21.025909072476946,20.921459258897283,21.6924737182934,21.0,21.0
2017-10-19,22,20.0,21.032504710184188,21.012753278832665,21.025909072476946,20.921459258897283,21.635651150026508,21.0,21.0
2017-10-19,23,20.0,20.762032148901604,20.740554479188404,20.73451027010834,20.59505812371453,21.453056455418054,20.0,21.0
2017-10-20,0,19.0,20.330327060349067,20.345899900020722,20.389795422195323,20.352862595722186,20.615625314453965,20.0,19.0
2017-10-20,1,19.0,20.13155387503191,20.177731681026124,20.239482885896024,20.176319639911682,20.39392384073903,19.0,20.0
2017-10-20,2,19.0,20.276999581090283,20.30820077895446,20.3480623206327,20.330293518382874,20.364283466360277,20.0,20.0
2017-10-20,3,19.0,20.104326778243184,20.177731681026124,20.239482885896024,20.176319639911682,20.161572456854557,19.0,19.0
2017-10-20,4,19.0,20.276999581090283,20.29521909241098,20.3480623206327,20.32105437395653,20.127431203740194,20.0,20.0
2017-10-20,5,19.0,20.37770479749584,20.405495485137724,20.435425820318834,20.384885525662167,20.03106122593563,20.0,20.0
2017-10-20,6,20.0,21.110509951782884,21.101267135473744,21.16498299976545,21.160312396376412,20.025232432765353,21.0,22.0
2017-10-20,7,21.0,20.54545241752522,20.559028573627696,20.58958270989432,20.566978101797268,19.903902148682725,20.0,21.0
2017-10-20,8,20.0,21.428886905421606,21.36800902137109,21.350329891249125,21.411267877407756,22.745557787736118,21.0,21.0
2017-10-20,9,21.0,21.476288844098544,21.428392646591508,21.510137291355235,21.458342972790938,22.772153138253046,21.0,21.0
2017-10-20,10,22.0,22.93724602711244,22.913682508248584,22.94604249550463,22.904671444328198,22.89809781680917,22.0,23.0
2017-10-20,11,22.0,23.609806501680367,23.62757843107144,23.58176925496781,23.570370960207992,23.09542494292333,23.0,22.0
2017-10-20,12,23.0,23.196406715721697,23.20981476245913,23.219468606479488,23.15166821007941,23.102466098531167,22.0,23.0
2017-10-20,13,22.0,23.993952683001908,23.904240292549822,23.84143436766425,23.831856774648447,23.43490579724256,24.0,22.0
2017-10-20,14,21.0,23.276961291769204,23.263461924664757,23.261201708042112,23.185255113270937,23.374415153876683,22.0,23.0
2017-10-20,15,21.0,23.1687274664284,23.1372885535748,23.135040166812065,22.993974498172037,23.528435055668037,22.0,22.0
2017-10-20,16,21.0,23.1687274664284,23.1372885535748,23.135040166812065,22.993974498172037,23.659501230435442,22.0,22.0
2017-10-20,17,20.0,22.711829900041725,22.720387146343835,22.767496106307068,22.619618887748253,23.786894766881055,22.0,21.0
2017-10-20,18,18.0,20.45790819479382,20.52175394362013,20.558017567344738,20.414527529492666,20.852858284784816,19.0,20.0
2017-10-20,19,18.0,20.3943810373829,20.52175394362013,20.498759581623762,20.390278111575338,20.925497461153082,19.0,19.0
2017-10-20,20,20.0,20.520987147988475,20.60395377805059,20.584412847948578,20.496015973503564,21.03050100127462,20.0,20.0
2017-10-20,21,19.0,20.520987147988475,20.60395377805059,20.584412847948578,20.496015973503564,21.021115906055318,20.0,20.0
2017-10-20,22,20.0,20.3755414419301,20.451132566374195,20.453482431299083,20.303690396119446,20.884754876109977,19.0,20.0
2017-10-20,23,18.0,20.520987147988475,20.60395377805059,20.584412847948578,20.48499814765135,20.905507248034535,20.0,20.0
2017-10-21,0,19.0,18.494065227277297,18.481884138925025,18.574712533931528,18.593371166791712,18.163375320066443,19.0,19.0
2017-10-21,1,18.0,18.61705587636282,18.5925101410484,18.69965843924375,18.75810840873319,18.149568779867472,20.0,19.0
2017-10-21,2,19.0,18.471610170304444,18.462041043120063,18.591079004507073,18.604134530261998,17.93941936765011,19.0,19.0
2017-10-21,3,18.0,18.471610170304444,18.462041043120063,18.591079004507073,18.604134530261998,17.82204497632108,19.0,19.0
2017-10-21,4,18.0,18.471610170304444,18.449059356576583,18.591079004507073,18.594895385835656,17.712502932208892,19.0,19.0
2017-10-21,5,19.0,18.572315386710002,18.559335749303326,18.678442504193207,18.65872653754129,17.618844769821614,19.0,19.0
2017-10-21,6,18.0,18.674008731116697,18.647618792311842,18.75857279093425,18.71850530338462,17.534226260033712,19.0,20.0
2017-10-21,7,19.0,18.72655915077172,18.73590027803087,18.778058054685932,18.747427070907406,17.57140035892412,20.0,21.0
2017-10-21,8,18.0,17.468722982251997,17.383322151310704,17.493184972224917,17.616502016984835,17.38736728898409,18.0,20.0
2017-10-21,9,17.0,17.129366853360548,17.071999578429573,17.157629958751826,17.236231864550078,17.39583546080001,18.0,21.0
2017-10-21,10,16.0,17.02524201648825,17.074434706752086,17.193201771765175,17.203850255340353,17.342915551480612,17.0,22.0
2017-10-21,11,16.0,17.366775300478174,17.41596799074201,17.5347350557551,17.337906314070068,17.42635450299345,17.0,22.0
2017-10-21,12,16.0,17.394159129222164,17.421048391083204,17.5347350557551,17.337906314070068,17.519897937525254,17.0,23.0
2017-10-21,13,17.0,17.37805647246918,17.42093486255562,17.518368585179555,17.327142950599782,17.65825600606411,17.0,22.0
2017-10-21,14,16.0,17.390638614728758,17.418499734233105,17.482796772166207,17.359524559809508,17.80590100722369,17.0,21.0
2017-10-21,15,16.0,17.390638614728758,17.418499734233105,17.482796772166207,17.359524559809508,17.940485653850345,17.0,21.0
2017-10-21,16,16.0,17.390638614728758,17.418499734233105,17.482796772166207,17.359524559809508,18.067237953260165,17.0,21.0
2017-10-21,17,16.0,17.95118830395733,17.928341749267638,18.03954534597642,17.929945468536808,18.191919674288492,17.0,20.0
2017-10-21,18,16.0,17.81908520321408,17.766601336445365,17.895171867368887,17.796077325053574,18.40108971241628,18.0,18.0
2017-10-21,19,17.0,17.933274935885514,17.8807910691168,18.00936160004032,17.953025446504448,18.46084053517891,18.0,18.0
2017-10-21,20,18.0,18.82706629756366,18.795957839927535,18.86126222210526,18.65970551917603,18.554742587374307,19.0,20.0
2017-10-21,21,19.0,18.799839200774937,18.778565605505307,18.86126222210526,18.65970551917603,18.563484670856013,19.0,19.0
2017-10-21,22,18.0,18.82706629756366,18.795957839927535,18.86126222210526,18.65970551917603,18.51246025908736,19.0,20.0
2017-10-21,23,18.0,18.69496319682041,18.634217427105263,18.716888743497726,18.51481954984058,18.473858169558994,19.0,18.0
2017-10-22,0,19.0,18.357241310278518,18.22730673199134,18.432299318731246,18.368011802023236,17.079195024188493,19.0,19.0
2017-10-22,1,18.0,18.22991024935114,18.063115457786335,18.304292310699257,18.24490702201029,17.005303737706083,19.0,18.0
2017-10-22,2,18.0,18.334786253305666,18.20746363618638,18.44866578930679,18.378775165493522,16.89316116530318,19.0,19.0
2017-10-22,3,19.0,18.375355955409514,18.193584555714672,18.412871745435933,18.39888090048148,16.898835892470537,20.0,18.0
2017-10-22,4,18.0,17.50677970214208,17.31666403758694,17.596765167241852,17.673873774247813,16.61429096270063,18.0,18.0
2017-10-22,5,18.0,18.435491469711224,18.30475834236964,18.536029288992925,18.433367172772815,16.60792433300078,19.0,19.0
2017-10-22,6,19.0,18.405081713374667,18.231300972555886,18.471786097126433,18.35927779513291,16.553516757904642,19.0,18.0
2017-10-22,7,18.0,18.39576798465776,18.261459418284495,18.501969843062533,18.33619781716527,16.4945785590913,19.0,19.0
2017-10-22,8,19.0,17.96899320396055,17.74450724187567,17.959202572199185,17.87884737791259,16.490024562216924,19.0,18.0
2017-10-22,9,18.0,16.839145389350435,16.583679638211493,16.84574770325757,16.87990494301005,16.327010347582064,17.0,17.0
2017-10-22,10,16.0,16.747602694737715,16.583679638211493,16.84574770325757,16.87990494301005,16.473065138893052,18.0,16.0
2017-10-22,11,17.0,17.144380988385333,16.99399486210127,17.187280987247494,17.013961001739766,16.444683947248013,17.0,16.0
2017-10-22,12,16.0,17.171764817129322,16.999075262442464,17.187280987247494,17.013961001739766,16.532410765051264,17.0,16.0
2017-10-22,13,17.0,17.155662160376338,16.99896173391488,17.17091451667195,17.00319763826948,16.6235123068313,17.0,17.0
2017-10-22,14,18.0,17.155662160376338,16.99896173391488,17.17091451667195,17.00319763826948,16.75286513453183,17.0,16.0
2017-10-22,15,16.0,17.155662160376338,16.99896173391488,17.17091451667195,17.00319763826948,16.87174193570436,17.0,16.0
2017-10-22,16,17.0,17.155662160376338,16.99896173391488,17.17091451667195,17.00319763826948,16.986441181374225,17.0,16.0
2017-10-22,17,15.0,17.601246944376626,17.32745754120937,17.752758652168605,17.570717960285098,17.08973273272711,17.0,16.0
2017-10-22,18,17.0,17.601246944376626,17.42824297289988,17.853544309232614,17.570717960285098,17.268691836163136,18.0,16.0
2017-10-22,19,16.0,17.71543667704806,17.542432705571315,17.96773404190405,17.727666081735972,17.223685713888425,17.0,17.0
2017-10-22,20,18.0,18.7588299955377,18.70202860343834,18.806191602010948,18.492803588308437,17.526033875156934,20.0,18.0
2017-10-22,21,19.0,18.71826029343385,18.693555570161987,18.819634663968987,18.434346154407553,17.425674435992917,19.0,19.0
2017-10-22,22,19.0,18.613384289479324,18.549207391761943,18.675261185361453,18.30047801092432,17.417984476365238,19.0,18.0
2017-10-22,23,18.0,18.7588299955377,18.70202860343834,18.806191602010948,18.481785762456223,17.463575923307907,20.0,18.0
2017-10-23,0,18.0,19.0711129953037,18.84051086556785,18.724909210996973,19.258351842321826,18.581154759682825,19.0,19.0
2017-10-23,1,19.0,18.885682415301666,18.658463566101545,18.538802630826815,19.13496582653742,18.482241743929123,19.0,18.0
2017-10-23,2,18.0,18.885682415301666,18.658463566101545,18.538802630826815,19.13496582653742,18.36059593509783,19.0,18.0
2017-10-23,3,18.0,18.990558419256192,18.80281174450159,18.68317610943435,19.235782764982513,18.22509371926021,19.0,19.0
2017-10-23,4,19.0,19.03112812136004,18.775950977486403,18.64738206556349,19.281803429410935,18.21958229966004,20.0,18.0
2017-10-23,5,19.0,18.986387631707224,18.755758272284808,18.62616613051295,19.19166070264538,18.030315006904846,19.0,18.0
2017-10-23,6,20.0,19.465501366670136,18.955071993027474,18.699789534445568,19.436974943286106,18.13204259136701,21.0,19.0
2017-10-23,7,20.0,19.36062536271561,18.850195989072947,18.59491353049104,19.382693233652518,18.104025172393033,21.0,18.0
2017-10-23,8,20.0,20.108388874723037,20.243350474611766,19.850031825679597,20.177351075102997,20.595174740414592,19.0,19.0
2017-10-23,9,21.0,20.133124306194546,19.746363795102795,19.428234872156974,20.115581063030284,20.821636106845265,21.0,18.0
2017-10-23,10,21.0,21.166006358807618,20.851296584759833,20.475310478525852,21.05055501867845,21.00152656811897,22.0,16.0
2017-10-23,11,22.0,22.509029326249863,23.11361335936018,22.442880185965056,22.171108259125564,21.076176582601157,22.0,17.0
2017-10-23,12,22.0,23.235141459082957,23.879838727663113,23.2099281103105,22.947409261751478,21.296266402717958,23.0,16.0
2017-10-23,13,23.0,23.315696035130465,23.93348588986874,23.274880861761847,22.96997833909079,21.412389673769287,23.0,17.0
2017-10-23,14,24.0,23.774165195106516,24.33368157224631,23.694263267567862,23.371304603343685,21.63096040425362,24.0,18.0
2017-10-23,15,22.0,23.315696035130465,23.93348588986874,23.29406987298804,22.980996164943004,21.703958209033452,23.0,16.0
2017-10-23,16,22.0,22.61696773104136,23.234757585779636,22.595341568898935,22.221240501268888,21.726679883931254,22.0,17.0
2017-10-23,17,22.0,22.61696773104136,23.234757585779636,22.595341568898935,22.221240501268888,21.867256068972086,22.0,15.0
2017-10-23,18,19.0,20.7324041499988,21.294421023476776,20.78704088855159,20.529840662010482,19.134098715496762,21.0,17.0
2017-10-23,19,19.0,19.68199085873274,20.25896097119642,19.714178047708394,19.98134187864592,19.01989705705754,19.0,16.0
2017-10-23,20,21.0,19.761597088999856,20.321202724048103,19.730738698163044,20.087079740574147,19.11171794858386,20.0,18.0
2017-10-23,21,20.0,20.735140617539873,21.30871756860659,20.718289140590297,20.445921245665826,19.18305074654732,21.0,19.0
2017-10-23,22,21.0,19.721027386896008,20.31272969077175,19.744181760121084,19.968207109030097,18.95446917755925,19.0,19.0
2017-10-23,23,19.0,19.761597088999856,20.321202724048103,19.711549686936852,20.048697922116908,18.99055738807353,20.0,18.0
2017-10-24,0,19.0,19.964583893678803,19.629168701017186,19.870673666076442,19.838543454232095,20.046410790396813,19.0,18.0
2017-10-24,1,19.0,20.134351027644197,19.866286856279306,20.081893477858028,20.070765193809066,19.994749546528457,20.0,19.0
2017-10-24,2,20.0,19.884029317631295,19.591469579950925,19.828940564513818,19.815974376892783,19.77601041903048,19.0,18.0
2017-10-24,3,19.0,19.884029317631295,19.591469579950925,19.828940564513818,19.815974376892783,19.639398119475825,19.0,18.0
2017-10-24,4,19.0,19.988905321585822,19.72283607180749,19.973314043121352,19.909655039740198,19.501281005846423,19.0,19.0
2017-10-24,5,20.0,20.235056244049755,19.96358156246257,20.169256977544162,20.127460069917024,19.491871179005805,20.0,19.0
2017-10-24,6,20.0,20.356522372006182,20.210660881692313,20.295260230266646,20.351781893711326,19.40408755881949,20.0,20.0
2017-10-24,7,21.0,20.549825366693067,20.4184920677242,20.50311645963278,20.570760577866686,19.458240071451733,21.0,20.0
2017-10-24,8,20.0,21.13179689203158,20.84584678596349,20.89687556670562,21.011889582380604,22.134009906960063,20.0,20.0
2017-10-24,9,22.0,21.75936539555142,21.528103304279657,21.661281435298132,21.635886572164583,22.34429578434744,22.0,21.0
2017-10-24,10,22.0,23.00097485594174,22.933306196326665,23.00862714405698,23.02139351572447,22.511483025994764,23.0,21.0
2017-10-24,11,21.0,22.95650882847184,22.87535916105778,22.91529719843438,22.859472229074004,22.509983723089384,22.0,22.0
2017-10-24,12,22.0,23.809117873789337,23.709807964246632,23.750566269868,23.724917670354426,22.82843780068824,24.0,22.0
2017-10-24,13,21.0,23.976529362463328,23.88220789951862,23.971638462961096,23.959135177724512,23.056738632565043,25.0,23.0
2017-10-24,14,23.0,23.921983241292285,23.87197894125534,23.94322230528645,23.88811388556523,23.012104106264143,23.0,24.0
2017-10-24,15,22.0,23.6134646733068,23.5455208275207,23.616776021411724,23.51958783644481,23.193553267803274,23.0,22.0
2017-10-24,16,22.0,23.889672449836844,23.76345512645226,23.83470803254554,23.758504573545952,23.428595303085714,24.0,22.0
2017-10-24,17,22.0,22.770865035518728,22.702921189732628,22.77417638362365,22.65466350508852,23.26815944582629,21.0,22.0
2017-10-24,18,20.0,20.47863854343713,20.50107571564003,20.62810477302256,20.52896822219821,20.53644335335747,20.0,19.0
2017-10-24,19,19.0,20.296892776756557,20.348254503963634,20.43791637065209,20.312393226896763,20.499501096022854,19.0,19.0
2017-10-24,20,20.0,20.497007476223807,20.49989061169967,20.5576370624824,20.53066880637941,20.58412351406608,20.0,21.0
2017-10-24,21,20.0,20.4037261038124,20.427888491237546,20.45447702110674,20.390767096219964,20.578103831373998,20.0,20.0
2017-10-24,22,21.0,20.497007476223807,20.49989061169967,20.5576370624824,20.503304813774385,20.507841511379716,20.0,21.0
2017-10-24,23,19.0,20.376499007023675,20.410496256815318,20.435288009880548,20.37974927036775,20.446836403227312,20.0,19.0
2017-10-25,0,20.0,20.28455181621987,20.132655426664698,20.313642646390626,20.30627829427034,20.419123094945427,20.0,19.0
2017-10-25,1,19.0,20.203997240172363,20.094956305598437,20.271909544828002,20.283709216931026,20.29414266403167,20.0,19.0
2017-10-25,2,19.0,20.231224336961088,20.094956305598437,20.271909544828002,20.283709216931026,20.147264537509752,20.0,20.0
2017-10-25,3,19.0,20.058551534113988,19.9644872076701,20.163330110091326,20.129735338459835,19.936055228739317,19.0,19.0
2017-10-25,4,20.0,20.203997240172363,20.081974619054957,20.271909544828002,20.27657294133335,19.909206304590633,20.0,19.0
2017-10-25,5,19.0,20.331929553366646,20.1922510117817,20.359273044514136,20.340404093038984,19.79492376757931,20.0,20.0
2017-10-25,6,20.0,20.619471579221234,20.501571247420213,20.693132526602753,20.645970492650235,19.815323401259686,21.0,20.0
2017-10-25,7,19.0,20.66062687240565,20.54638849509462,20.78318967053457,20.758508210204656,19.761292660025237,21.0,21.0
2017-10-25,8,19.0,21.309603072430736,21.05426312027459,21.294747863041728,21.306078181319513,22.33503232375754,21.0,20.0
2017-10-25,9,22.0,21.800572262112386,21.643727127592815,21.91215646758465,21.83051113124311,22.340522041965365,21.0,22.0
2017-10-25,10,23.0,23.46226083273172,23.41073565227035,23.560750270851187,23.56010347958631,22.68964756587072,24.0,22.0
2017-10-25,11,23.0,23.222651672014166,23.197758325687516,23.398411174232873,23.34360019625923,22.709815231688125,23.0,21.0
2017-10-25,12,24.0,23.778944371062853,23.76928457035353,23.902496002082383,23.82364558428932,22.91453255693471,24.0,22.0
2017-10-25,13,24.0,23.789059236781714,23.71909823448454,23.931876940520382,23.77302305095102,23.070536546489514,24.0,21.0
2017-10-25,14,23.0,23.69152499592112,23.731170804717557,23.894867294856155,23.809596365478605,23.09965704857996,23.0,23.0
2017-10-25,15,22.0,23.85949894711036,23.82293173255916,23.986637764759923,23.857232487480847,23.35570321933487,24.0,22.0
2017-10-25,16,23.0,23.034273730536853,23.055979993584135,23.28024356390774,23.008332385152222,23.306234429082345,22.0,22.0
2017-10-25,17,22.0,23.583291170580317,23.6049974336276,23.768705753626108,23.618315750379704,23.517441887746706,23.0,22.0
2017-10-25,18,21.0,21.139566611781213,21.167328127147144,21.383912828879556,21.174502412441104,20.977973393056764,22.0,20.0
2017-10-25,19,20.0,20.5119846953431,20.601547129758274,20.75886285427156,20.57992871906443,20.86215845019117,20.0,19.0
2017-10-25,20,21.0,20.74384487762315,20.78316647057782,20.916702879219127,20.808724312939077,20.963062734449366,21.0,20.0
2017-10-25,21,21.0,20.74384487762315,20.78316647057782,20.916702879219127,20.781360320334052,20.94715666485233,21.0,20.0
2017-10-25,22,21.0,20.785000170807567,20.82798371825223,21.006760023150942,20.893898037888473,20.88201200199768,21.0,21.0
2017-10-25,23,20.0,20.74384487762315,20.78316647057782,20.897513867992934,20.770342494481838,20.82696653180934,21.0,19.0
2017-10-26,0,19.0,20.235934033525414,20.184124146873852,20.186952047109482,20.136272698944264,20.524605754428286,19.0,20.0
2017-10-26,1,19.0,20.273598066747557,20.2595018893137,20.253798380283534,20.267677500076143,20.496556436803996,20.0,19.0
2017-10-26,2,19.0,20.273598066747557,20.2595018893137,20.253798380283534,20.267677500076143,20.353790889056253,20.0,19.0
2017-10-26,3,18.0,20.12815236068918,20.129032791385363,20.14521894554686,20.11370362160495,20.12043807590489,19.0,19.0
2017-10-26,4,19.0,20.30082516353628,20.26391243719245,20.253798380283534,20.260541224478466,20.073383860341416,20.0,20.0
2017-10-26,5,19.0,20.374303283153115,20.356796595496963,20.34116187996967,20.3243723761841,19.98270975833551,20.0,19.0
2017-10-26,6,20.0,20.982654603541036,20.977091263302313,20.968603559802894,20.88487974192416,20.08145353483956,22.0,20.0
2017-10-26,7,20.0,20.689072405796427,20.666116831135476,20.675021362058285,20.629938775795353,19.962891954124864,21.0,19.0
2017-10-26,8,20.0,21.464346925821825,21.167945958240583,21.27663669849726,21.29004646446463,22.71704443787901,21.0,19.0
2017-10-26,9,21.0,21.97678477648095,21.72090145757579,21.907148200484027,21.814479414388227,22.715112840814776,21.0,22.0
2017-10-26,10,22.0,23.562042090523764,23.396149054411723,23.52452678417189,23.496435640729185,22.96522729271538,23.0,23.0
2017-10-26,11,22.0,23.302324360067445,23.13818346823761,23.248935455103283,23.133449041252916,22.981282379758603,22.0,23.0
2017-10-26,12,24.0,24.079010371499578,23.908071729062,24.066557258047766,23.937223179453714,23.19640986475798,23.0,24.0
2017-10-26,13,23.0,23.61054750750362,23.412701451224166,23.58249256945565,23.471046903297108,23.255482741023325,22.0,24.0
2017-10-26,14,23.0,23.959280204902406,23.76143414862295,23.950414278080626,23.793564648623722,23.52279981711095,23.0,23.0
2017-10-26,15,23.0,23.302028939518138,23.086243337489528,23.275235296807114,22.99230066829734,23.600120249505697,22.0,22.0
2017-10-26,16,22.0,23.410262764858942,23.212416708579486,23.40139683803716,23.18358128339624,23.730286083378786,22.0,23.0
2017-10-26,17,22.0,23.00844674177353,22.79266113974492,22.981653099062505,22.737359702168533,23.77226907767033,21.0,22.0
2017-10-26,18,20.0,20.82993674635334,20.808576082280307,20.903169716823726,20.700684137681296,21.030149851484868,20.0,21.0
2017-10-26,19,20.0,20.55490960726136,20.583752750141787,20.609821273077596,20.37157142482543,21.00649235478637,19.0,20.0
2017-10-26,20,20.0,20.727797209939887,20.717996623455594,20.729541964907906,20.589847004308076,21.10337846736314,20.0,21.0
2017-10-26,21,20.0,20.727797209939887,20.717996623455594,20.729541964907906,20.56248301170305,21.08108040969473,20.0,21.0
2017-10-26,22,21.0,20.727797209939887,20.717996623455594,20.729541964907906,20.56248301170305,21.021418849146,20.0,21.0
2017-10-26,23,20.0,20.63451583752848,20.64599450299347,20.607192912306054,20.438927468296416,20.942859351044994,20.0,20.0
2017-10-27,0,20.0,20.18488135429069,20.15452046505525,20.219624207310307,20.13554880917598,19.92260284372186,19.0,19.0
2017-10-27,1,19.0,20.104326778243184,20.11682134398899,20.177891105747683,20.112979731836667,19.79694551901252,19.0,19.0
2017-10-27,2,19.0,20.104326778243184,20.11682134398899,20.177891105747683,20.112979731836667,19.663249931231988,19.0,19.0
2017-10-27,3,19.0,19.999450774288658,19.972473165588944,20.03351762714015,19.979111588353433,19.54502694231714,19.0,18.0
2017-10-27,4,20.0,20.104326778243184,20.10383965744551,20.177891105747683,20.103740587410325,19.410421122583443,19.0,19.0
2017-10-27,5,20.0,20.205031994648742,20.21411605017225,20.265254605433817,20.16757173911596,19.309690617662714,19.0,19.0
2017-10-27,6,20.0,20.45217104511381,20.443508350550665,20.453964326911535,20.408133333043043,19.31618783324088,20.0,20.0
2017-10-27,7,21.0,20.645474039800696,20.65133953658255,20.661820556277668,20.627112017198403,19.36958747980748,21.0,20.0
2017-10-27,8,21.0,21.142302538323314,20.996200223405044,21.006855278900208,21.06824102171232,22.108606705535774,20.0,20.0
2017-10-27,9,20.0,21.476288844098544,21.3848745439766,21.448545511206895,21.395003064715922,22.22185331932861,21.0,21.0
2017-10-27,10,23.0,22.829012201771636,22.74399103454372,22.758289174126244,22.650050921154282,22.37065125033612,22.0,22.0
2017-10-27,11,22.0,23.060789061636903,23.03504288841307,23.0317152851011,22.897047686905495,22.471164347110967,22.0,22.0
2017-10-27,12,22.0,23.94570889840984,23.915598842532365,23.90717900901929,23.875557101253396,22.662745262809715,23.0,24.0
2017-10-27,13,23.0,23.276961291769204,23.21994382204985,23.19960992789377,23.110897379343708,22.72589817646127,22.0,23.0
2017-10-27,14,23.0,22.983379094024595,22.92636162430524,22.906027730149162,22.866974239067115,22.7832760498406,21.0,23.0
2017-10-27,15,23.0,22.983379094024595,22.92636162430524,22.906027730149162,22.866974239067115,22.9325225973965,21.0,23.0
2017-10-27,16,23.0,22.87514526868379,22.800188253215282,22.779866188919115,22.675693623968215,23.08433867242782,21.0,22.0
2017-10-27,17,22.0,22.604672707401207,22.52798945357102,22.507656397776703,22.360310314637676,23.108751462947343,20.0,22.0
2017-10-27,18,20.0,20.264001148146434,20.352447997478443,20.460169957114758,20.14278977599251,20.20348454953194,18.0,20.0
2017-10-27,19,21.0,20.264001148146434,20.352447997478443,20.460169957114758,20.14278977599251,20.2608231279618,18.0,20.0
2017-10-27,20,22.0,20.520987147988475,20.560435675435684,20.522821067800237,20.43267606542855,20.468807414009426,20.0,20.0
2017-10-27,21,21.0,20.3755414419301,20.407614463759288,20.391890651150742,20.24035048804443,20.358957752170795,19.0,20.0
2017-10-27,22,20.0,20.614268520399882,20.632437795897808,20.59684767063468,20.52818092610776,20.386799409171733,20.0,21.0
2017-10-27,23,22.0,20.264001148146434,20.325859796897515,20.460169957114758,20.11598082637995,20.130253931640265,18.0,20.0
2017-10-28,0,21.0,19.3877931932934,19.469011769941194,19.291414534762136,19.41000067002702,19.36364070754715,19.0,20.0
2017-10-28,1,19.0,18.614980492322765,18.698306706058087,18.600253861880276,18.917408066769124,19.1281819543269,18.0,19.0
2017-10-28,2,20.0,19.338111039531825,19.431776439714003,19.30778100533768,19.420764033497306,19.059977937209876,19.0,19.0
2017-10-28,3,19.0,18.614980492322765,18.698306706058087,18.600253861880276,18.917408066769124,18.810338273599534,18.0,19.0
2017-10-28,4,20.0,18.64220758911149,18.702717253936836,18.600253861880276,18.90816892234278,18.657258748430877,18.0,20.0
2017-10-28,5,19.0,19.447285939557574,19.546463380319494,19.377224167631198,19.4753560407766,18.638443156488446,19.0,20.0
2017-10-28,6,19.0,18.75255494772496,18.83985127858486,18.704550160590156,18.972000074048417,18.467736738630272,18.0,20.0
2017-10-28,7,20.0,19.33629113852203,19.59103189667817,19.48233817954835,19.410082695671523,18.511284079235537,19.0,21.0
2017-10-28,8,19.0,18.263952535497296,18.440924988348467,18.368706702535544,18.523465667330562,18.425651074904913,18.0,21.0
2017-10-28,9,18.0,17.974573276319845,17.96973285456139,17.9583966026923,18.11420009110502,18.397942061421887,17.0,20.0
2017-10-28,10,17.0,17.962622688784275,18.095295189609008,18.008056127376012,18.055399896032267,18.35613284799812,16.0,23.0
2017-10-28,11,17.0,17.883927845539464,18.095295189609008,18.008056127376012,18.055399896032267,18.498495647151717,16.0,22.0
2017-10-28,12,17.0,17.911311674283453,18.1003755899502,18.008056127376012,18.055399896032267,18.654261961993974,16.0,22.0
2017-10-28,13,17.0,17.97390386077528,18.100262061422615,17.991689656800467,18.04463653256198,18.90693097051185,17.0,23.0
2017-10-28,14,17.0,17.97390386077528,18.100262061422615,17.991689656800467,18.04463653256198,18.992345242926504,16.0,23.0
2017-10-28,15,17.0,17.97390386077528,18.100262061422615,17.991689656800467,18.04463653256198,19.16566719213564,16.0,23.0
2017-10-28,16,18.0,17.97390386077528,18.100262061422615,17.991689656800467,18.04463653256198,19.3221436692585,16.0,23.0
2017-10-28,17,17.0,18.477053153027125,18.68210619691927,18.573533792297123,18.64695345179175,19.46551078954082,16.0,22.0
2017-10-28,18,17.0,18.567698583807505,18.556543861871653,18.52387426761341,18.67095704965035,19.58752609968463,16.0,20.0
2017-10-28,19,18.0,18.66186733108694,18.75860103498691,18.650305695169056,18.908075138504458,19.720618347087818,17.0,21.0
2017-10-28,20,19.0,18.64249321628864,18.796295929590705,18.650305695169056,18.852175530143388,19.809648303372647,18.0,22.0
2017-10-28,21,19.0,19.423555592021835,19.512027392975373,19.35783283862646,19.422448931084855,19.882194178840148,19.0,21.0
2017-10-28,22,20.0,18.68188831647894,18.670733594543087,18.548550067121013,18.827905171101225,19.726531101477025,18.0,20.0
2017-10-28,23,19.0,18.64249321628864,18.796295929590705,18.650305695169056,18.852175530143388,19.58756525427763,18.0,22.0
2017-10-29,0,19.0,19.416286387945174,19.491464549292157,19.53220607842013,19.516457413680826,18.280150311690374,19.0,21.0
2017-10-29,1,19.0,18.608607058478555,18.63528576597571,18.739289777490228,18.885256706411745,18.035910613740214,18.0,19.0
2017-10-29,2,20.0,18.63583415526728,18.63528576597571,18.739289777490228,18.885256706411745,17.839310836175038,18.0,20.0
2017-10-29,3,19.0,19.331737605687614,19.368755499631625,19.446816920947633,19.44705080974788,17.772460517089858,19.0,19.0
2017-10-29,4,19.0,18.63583415526728,18.62230407943223,18.739289777490228,18.876017561985403,17.51197982838137,18.0,20.0
2017-10-29,5,20.0,18.69055486171558,18.732580472158972,18.808732939783745,18.93984871369104,17.404728515851193,18.0,19.0
2017-10-29,6,19.0,19.48815165654261,19.536941014401176,19.596390369982192,19.5614215828705,17.418103448200725,19.0,19.0
2017-10-29,7,20.0,18.631991781209315,18.64524837140882,18.818910276692506,18.782900592240164,17.277569438598285,18.0,20.0
2017-10-29,8,19.0,19.070820560297026,19.05014728372096,19.21088738724387,19.08099116565018,17.401526731241084,19.0,19.0
2017-10-29,9,18.0,17.836096741732383,17.74497150165674,17.95305903969472,17.948180587264407,17.387690911599055,18.0,18.0
2017-10-29,10,17.0,17.744554047119664,17.74497150165674,17.95305903969472,17.948180587264407,17.325686840066076,16.0,17.0
2017-10-29,11,18.0,17.744554047119664,17.74497150165674,17.95305903969472,17.948180587264407,17.56881879298098,17.0,17.0
2017-10-29,12,17.0,17.75583521911067,17.749938373470346,17.95305903969472,17.948180587264407,17.65365138619773,16.0,17.0
2017-10-29,13,17.0,17.75583521911067,17.749938373470346,17.936692569119174,17.93741722379412,17.94272794613236,17.0,17.0
2017-10-29,14,17.0,17.75583521911067,17.749938373470346,17.936692569119174,17.93741722379412,18.23625264535058,18.0,17.0
2017-10-29,15,17.0,17.75583521911067,17.749938373470346,17.936692569119174,17.93741722379412,18.24059855337797,16.0,17.0
2017-10-29,16,17.0,17.75583521911067,17.749938373470346,17.936692569119174,17.93741722379412,18.490662890697244,17.0,18.0
2017-10-29,17,17.0,18.991458017880376,18.93302125148143,18.93758408142155,19.280032927343743,18.455695125814227,15.0,17.0
2017-10-29,18,18.0,18.337679354607324,18.331782508967002,18.51853670461583,18.50493754580974,18.740114357858822,17.0,17.0
2017-10-29,19,17.0,18.45186908727876,18.445972241638437,18.54321250412343,18.661885667260613,18.683176076674375,16.0,18.0
2017-10-29,20,20.0,18.556745091233285,18.59032042003848,18.687585982730965,18.795753810743847,18.85701294842571,18.0,19.0
2017-10-29,21,18.0,19.31843335216818,19.343746778026944,19.39511312618837,19.368565739932194,18.901872326708787,19.0,19.0
2017-10-29,22,20.0,19.345660448956906,19.343746778026944,19.39511312618837,19.368565739932194,18.794030714141726,19.0,20.0
2017-10-29,23,19.0,18.556745091233285,18.59032042003848,18.687585982730965,18.795753810743847,18.581922319867875,18.0,19.0
2017-10-30,0,19.0,19.407868150438055,19.30348371057409,19.959734161706233,19.886800013083104,20.21952288492679,18.0,19.0
2017-10-30,1,19.0,19.60127178131685,19.605854890972985,20.096741271476223,20.112141258940056,20.154622533743808,19.0,19.0
2017-10-30,2,19.0,19.39309838490511,19.285741213840375,19.91800106014361,19.86423093574379,19.883047965981063,18.0,20.0
2017-10-30,3,19.0,19.365871288116384,19.285741213840375,19.91800106014361,19.86423093574379,19.738601653620798,18.0,19.0
2017-10-30,4,20.0,19.60127178131685,19.592873204429505,20.096741271476223,20.10500498334238,19.69121524313519,19.0,19.0
2017-10-30,5,19.0,19.729204094511132,19.703149597156248,20.184104771162357,20.168836135048014,19.564022302492734,19.0,20.0
2017-10-30,6,20.0,19.941661734948486,19.935107744691212,20.418687458621516,20.409397728975097,19.59383174126321,20.0,19.0
2017-10-30,7,21.0,19.96888883173721,19.935107744691212,20.418687458621516,20.409397728975097,19.544204498282085,20.0,20.0
2017-10-30,8,21.0,20.655456136596275,20.550405192393782,20.406911522604368,21.069505417644375,22.537435552379506,20.0,19.0
2017-10-30,9,21.0,20.818512162794296,20.71374399969156,20.557293686692912,21.30653861132569,22.69843063665336,21.0,18.0
2017-10-30,10,21.0,21.452936013708232,21.42021858764946,21.205911091362655,21.932289891211457,22.807550528094303,21.0,17.0
2017-10-30,11,22.0,22.140693924994512,22.10972864321795,21.877795404036647,22.488509332725066,23.018315998164514,22.0,18.0
2017-10-30,12,22.0,22.24863232978601,22.214924828498038,21.946115024292986,22.505054671676863,23.190579850367172,22.0,17.0
2017-10-30,13,22.0,22.947360633875114,22.92960117372651,22.70979607983344,23.287379412690292,23.459746396245446,23.0,17.0
2017-10-30,14,23.0,23.405829793851165,23.32979685610408,23.129178485639454,23.688705676943187,23.734717915962396,24.0,17.0
2017-10-30,15,22.0,22.24863232978601,22.230872869637405,22.030256786970526,22.53864157486839,23.723131847566044,22.0,17.0
2017-10-30,16,21.0,22.24863232978601,22.230872869637405,22.030256786970526,22.53864157486839,23.881256483048116,22.0,17.0
2017-10-30,17,22.0,22.24863232978601,22.230872869637405,22.030256786970526,22.53864157486839,24.011846375644776,22.0,17.0
2017-10-30,18,19.0,19.932225987767975,19.945745422984718,20.476228106120402,20.29344154163277,20.841704543046234,19.0,18.0
2017-10-30,19,19.0,19.89592592714578,19.945745422984718,20.416970120399426,20.26919212371544,20.908542041324985,19.0,17.0
2017-10-30,20,20.0,20.378107819438732,20.424534153880707,20.850114040604023,20.7911302334193,21.06243728496404,21.0,20.0
2017-10-30,21,20.0,19.975532157412896,20.0079871758364,20.433530770854077,20.347565993038643,20.96009236601808,20.0,18.0
2017-10-30,22,19.0,20.378107819438732,20.424534153880707,20.850114040604023,20.763766240814274,20.94789739623018,21.0,20.0
2017-10-30,23,19.0,19.934962455309048,19.99951414256005,20.427784821585924,20.245039528247403,20.660814211758762,19.0,19.0
2017-10-31,0,19.0,20.139106110161496,19.96341457510117,20.14347143150561,20.12842527480259,20.492402744982883,19.0,19.0
2017-10-31,1,20.0,20.058551534113988,19.925715454034908,20.101738329942986,20.10585619746328,20.354748061275927,19.0,19.0
2017-10-31,2,18.0,20.203997240172363,20.056184551963245,20.21031776467966,20.25983007593447,20.30340068438573,20.0,19.0
2017-10-31,3,19.0,20.058551534113988,19.925715454034908,20.101738329942986,20.10585619746328,20.06823614589661,19.0,19.0
2017-10-31,4,19.0,20.085778630902713,19.930126001913656,20.101738329942986,20.0987199218656,19.92626377488784,19.0,20.0
2017-10-31,5,20.0,20.30470245657792,20.153479258146508,20.297681264365796,20.31652495204243,19.928243735286827,20.0,19.0
2017-10-31,6,20.0,20.42616858453435,20.272360542175363,20.42368451708828,20.40311266749832,19.839633498889665,20.0,20.0
2017-10-31,7,20.0,20.71275295163264,20.552193848669372,20.73470078783007,20.7346290692081,19.88079932438933,21.0,21.0
2017-10-31,8,22.0,21.294724476971155,20.959660110340057,21.128459894902914,21.14096147650787,22.590131687532118,20.0,21.0
2017-10-31,9,22.0,21.829011608079586,21.52145711933697,21.789705722119766,21.687217345951577,22.81808612564229,22.0,21.0
2017-10-31,10,23.0,22.371892764380803,22.22793170729487,22.43832312678951,22.312968625837346,22.8967696668264,22.0,21.0
2017-10-31,11,23.0,22.73936481579412,22.58012149379292,22.785711100524754,22.679380035883536,22.901121249367492,21.0,22.0
2017-10-31,12,23.0,23.060330842282717,22.941200755751357,23.147612918525702,22.95086634096414,23.1323261307507,22.0,22.0
2017-10-31,13,24.0,22.847303220585616,22.701265720212376,22.91898347223244,22.718494452174646,23.193663100056447,21.0,22.0
2017-10-31,14,23.0,23.798136683714493,23.670038729090408,23.906933662476753,23.78571722448205,23.528991337997358,23.0,23.0
2017-10-31,15,24.0,23.140885418330225,22.994847917956985,23.231754681203242,22.984453244155667,23.60812349572986,22.0,22.0
2017-10-31,16,24.0,22.769130878759444,22.64012778758368,22.864210620698245,22.610097633731883,23.767306122036256,22.0,21.0
2017-10-31,17,25.0,23.140885418330225,22.994847917956985,23.231754681203242,22.984453244155667,23.876064386633733,22.0,22.0
2017-10-31,18,21.0,20.548284755965295,20.56277537612308,20.756529059844194,20.580298995985203,21.020507929146284,20.0,19.0
2017-10-31,19,20.0,20.366538989284724,20.409954164446685,20.566340657473724,20.363724000683757,20.982739055600824,19.0,19.0
2017-10-31,20,20.0,20.473372316340566,20.489588151720596,20.582901307928374,20.469461862611983,21.07875126088365,20.0,20.0
2017-10-31,21,21.0,20.473372316340566,20.489588151720596,20.582901307928374,20.442097870006958,21.05506301746878,20.0,20.0
2017-10-31,22,20.0,20.74384487762315,20.74439471694263,20.855111099070786,20.757481179337496,21.100931004624552,21.0,19.0
2017-10-31,23,19.0,20.300699513493466,20.31937470562197,20.432781880052687,20.238754466770626,20.81939246494116,19.0,19.0
2017-11-01,0,19.0,20.274894307612488,20.071745089627562,20.2209020943457,20.321859920352242,20.32475281505737,20.0,19.0
2017-11-01,1,20.0,20.07612112229533,19.920969105055192,20.0705895580464,20.14531696454174,20.05900656229866,19.0,20.0
2017-11-01,2,19.0,19.94401802155208,19.75922869223292,19.926216079438866,20.044500026096646,19.92242162476854,19.0,18.0
2017-11-01,3,20.0,20.048894025506605,19.903576870632964,20.0705895580464,20.14531696454174,19.750367383302226,19.0,19.0
2017-11-01,4,19.0,20.19433973156498,20.02106428201782,20.179168992783076,20.292154567415253,19.702995304628438,20.0,19.0
2017-11-01,5,19.0,20.176826338700888,20.018263811238455,20.157953057732534,20.202011840649696,19.482283403640693,19.0,20.0
2017-11-01,6,21.0,20.416511075926966,20.25022195877342,20.392535745191694,20.44257343457678,19.49828261199046,20.0,20.0
2017-11-01,7,21.0,20.27106536986859,20.119752860845082,20.37347024361885,20.288599556105588,19.368937629731207,19.0,20.0
2017-11-01,8,20.0,21.406707398857325,21.465853892768646,21.70179435764903,21.626460756248,22.05858771358184,19.0,22.0
2017-11-01,9,22.0,21.888651032932547,21.880347241383927,22.19164459732575,22.17242561166631,22.39281110209812,22.0,22.0
2017-11-01,10,24.0,23.08878345461803,23.262012640475252,23.515440983269006,23.59944087187846,22.567813678970246,23.0,23.0
2017-11-01,11,26.0,23.378083164205176,23.553064494344603,23.788867094243862,23.846437637629673,22.69884273218153,23.0,23.0
2017-11-01,12,26.0,23.711825346686858,23.825790979716395,24.024725587693972,24.05347679042512,22.950797909574234,24.0,23.0
2017-11-01,13,26.0,23.912110089331538,24.042023763500442,24.25422503860045,24.25329130178595,23.112599841244887,24.0,24.0
2017-11-01,14,24.0,23.486021568996673,23.67420872076406,23.90559043398819,23.896569879772997,23.21430697440407,23.0,23.0
2017-11-01,15,23.0,23.13728887159789,23.325476023365276,23.556857736589407,23.585069960298597,23.28241689478233,22.0,24.0
2017-11-01,16,23.0,23.686306311641353,23.87449346340874,24.10587517663287,24.073815313794515,23.534055168151415,23.0,24.0
2017-11-01,17,23.0,23.496348672651177,23.60390795683798,23.756746752270892,23.75308238499813,23.557294778352272,22.0,25.0
2017-11-01,18,20.0,20.837042515590465,20.875045074462037,21.06192479746164,21.047680789948622,20.905404379808775,21.0,21.0
2017-11-01,19,19.0,20.52955428352444,20.558029027143366,20.630384259037083,20.595510345146334,20.87871698131141,20.0,20.0
2017-11-01,20,20.0,20.734187369015768,20.739648367962914,20.8239623271742,20.82430593902098,20.980533174635443,21.0,20.0
2017-11-01,21,21.0,20.73490297917701,20.784465615637323,20.834521155571537,20.909479663970377,20.930290647169873,21.0,21.0
2017-11-01,22,20.0,20.734187369015768,20.739648367962914,20.8239623271742,20.796941946415956,20.866026295294205,21.0,20.0
2017-11-01,23,21.0,20.43648771094446,20.450057333896424,20.532563524805596,20.470540811233203,20.67249283102514,20.0,19.0
2017-11-02,0,20.0,18.230027514218076,17.885085895788507,18.348678240085462,20.179865636807957,21.222909800557517,19.0,19.0
2017-11-02,1,22.0,18.176700034959293,17.864779009144474,18.30694513852284,20.157296559468644,21.069271085128193,19.0,20.0
2017-11-02,2,20.0,18.149472938170568,17.847386774722246,18.30694513852284,20.157296559468644,20.93618624505536,19.0,19.0
2017-11-02,3,19.0,16.554218229527525,15.851630940774447,16.62323394528427,19.915680831741412,20.685471388208274,18.0,20.0
2017-11-02,4,20.0,18.149472938170568,17.834405088178766,18.30694513852284,20.150160283870967,20.663320735086,19.0,19.0
2017-11-02,5,19.0,18.250178154576126,17.94468148090551,18.394308638208972,20.213991435576602,20.55712155256297,19.0,19.0
2017-11-02,6,20.0,19.789035904224395,19.300008708279393,19.41798094745992,20.567090747058106,20.547940200708545,20.0,21.0
2017-11-02,7,21.0,19.789035904224395,19.300008708279393,19.41798094745992,20.567090747058106,20.509677141665474,20.0,21.0
2017-11-02,8,21.0,19.49851876921922,19.020772012872172,18.8436310037891,21.114660718172964,23.258671357326982,20.0,20.0
2017-11-02,9,21.0,21.57690487698629,21.140907918357062,20.645362223409876,21.92946424046441,23.366804077550654,21.0,22.0
2017-11-02,10,24.0,22.670861854285235,21.440400881515615,21.333722410223537,23.299920547330967,23.513125996761303,22.0,24.0
2017-11-02,11,24.0,22.667378389688036,21.935941565005475,21.777954671083297,23.714929737781713,23.599215042485024,22.0,26.0
2017-11-02,12,24.0,23.63671128532133,22.855099799161998,22.500920840099113,24.410714244073077,23.926118621946017,24.0,26.0
2017-11-02,13,24.0,23.324334234522997,22.57408881212027,22.231206869201035,24.24278950756874,23.98962631963071,23.0,26.0
2017-11-02,14,23.0,23.098674834082225,22.36959998249976,22.079589730542324,24.08579490872142,24.18136132503144,23.0,24.0
2017-11-02,15,24.0,22.898390091437545,22.16931523985508,21.879304987897644,23.908549474699903,24.35575846747732,23.0,23.0
2017-11-02,16,23.0,22.34937265139408,21.620297799811617,21.33028754785418,23.29856610947242,24.408932679240646,22.0,23.0
2017-11-02,17,22.0,22.34937265139408,21.620297799811617,21.33028754785418,23.29856610947242,24.532342117061305,22.0,23.0
2017-11-02,18,20.0,17.776128649554984,17.48711742875717,18.211800320297677,20.63173935799057,21.745588731789827,20.0,20.0
2017-11-02,19,19.0,17.712601492144064,17.46972519433494,18.1525423345767,20.60748994007324,21.81487534947395,20.0,19.0
2017-11-02,20,20.0,17.67398911314153,17.396537969932456,18.038172568381857,20.52090222461735,21.816521715178183,20.0,20.0
2017-11-02,21,21.0,18.54108240497172,18.092373749841865,18.402048212835147,20.606075949566744,21.7776873099207,20.0,21.0
2017-11-02,22,20.0,18.648242147228395,18.16028371989607,18.801888470188253,20.808921541342862,21.82181828206193,21.0,20.0
2017-11-02,23,20.0,18.54108240497172,18.092373749841865,18.382859201608955,20.59505812371453,21.61797161190673,20.0,21.0
2017-11-03,0,20.0,20.239881789498938,20.173949549687105,20.23914807735843,20.18095904530006,20.324321103974704,20.0,20.0
2017-11-03,1,19.0,20.47212544683652,20.407200111546356,20.494834391385222,20.605023453937797,20.10325450827729,19.0,22.0
2017-11-03,2,19.0,20.013881507393055,20.005781330692507,20.08883554105913,20.004416089489556,20.02117633256449,19.0,20.0
2017-11-03,3,19.0,19.98665441060433,19.98838909627028,20.08883554105913,20.004416089489556,19.923554715273784,19.0,19.0
2017-11-03,4,19.0,20.15932721345143,20.123268742077364,20.197414975795805,20.149150823534406,19.898284853675513,20.0,20.0
2017-11-03,5,20.0,20.232805333068264,20.21615290038188,20.28477847548194,20.21298197524004,19.821304969059224,20.0,19.0
2017-11-03,6,20.0,20.334498677474958,20.315076102831956,20.36490876222298,20.299569690695932,19.737663648695296,20.0,20.0
2017-11-03,7,20.0,20.62108304457325,20.594909409325965,20.646791594423558,20.614053235530502,19.77386055816173,21.0,21.0
2017-11-03,8,21.0,21.39635756459865,21.278552702454274,21.219328818044705,21.23936432698563,22.608335328620115,21.0,21.0
2017-11-03,9,22.0,21.2504565085887,21.131105141642806,21.171279988784683,21.06746073821345,22.532531317922114,20.0,21.0
2017-11-03,10,23.0,23.56208386962301,23.486043625180674,23.528771791975007,23.496478694003727,22.82015721001631,23.0,24.0
2017-11-03,11,24.0,23.244843289444812,23.22807803900656,23.2531804629064,23.25473010625902,22.803151531711435,22.0,24.0
2017-11-03,12,24.0,23.272227118188802,23.233158439347754,23.2531804629064,23.25473010625902,22.903085779000588,22.0,24.0
2017-11-03,13,23.0,23.901799134279774,23.835823041596846,23.843931004512488,23.766044537094253,23.113736023308782,23.0,24.0
2017-11-03,14,23.0,23.701514391635094,23.635538298952167,23.643646261867808,23.599816928924948,23.25446436434948,23.0,23.0
2017-11-03,15,23.0,23.901799134279774,23.835823041596846,23.843931004512488,23.777062362946467,23.36929623693781,23.0,24.0
2017-11-03,16,23.0,23.701514391635094,23.635538298952167,23.643646261867808,23.599816928924948,23.505304323532545,23.0,23.0
2017-11-03,17,23.0,23.044263126250826,22.960347487818744,22.968467280594297,22.798552948598566,23.533593100434476,22.0,22.0
2017-11-03,18,20.0,20.48568153321334,20.50262480496291,20.557946910789813,20.434949556454658,20.61307186127005,20.0,20.0
2017-11-03,19,19.0,20.71985403387373,20.757431370184943,20.77089871621125,20.726083447867868,20.781141146498914,21.0,19.0
2017-11-03,20,20.0,20.967369539376815,20.997784425105845,21.01920376363118,20.894436698540783,20.8917214764653,22.0,20.0
2017-11-03,21,20.0,20.767068714043614,20.77620434782336,20.799648168721014,20.735000593091186,20.783866499719835,21.0,21.0
2017-11-03,22,19.0,20.40331478034962,20.432003427716975,20.453411774744158,20.324112423081438,20.672880195634093,20.0,20.0
2017-11-03,23,20.0,20.967369539376815,20.997784425105845,21.01920376363118,20.88341887268857,20.80062409893543,22.0,20.0
2017-11-04,0,19.0,19.765305641958616,19.767021082989963,19.75554893614139,19.773068884950078,18.710223902177304,21.0,20.0
2017-11-04,1,19.0,19.37687478745178,19.39148546880255,19.455479742614127,19.410879685793812,18.44827300618653,19.0,19.0
2017-11-04,2,20.0,19.522320493510154,19.521954566730887,19.564059177350803,19.564853564265004,18.44253643517459,20.0,19.0
2017-11-04,3,19.0,19.37687478745178,19.39148546880255,19.455479742614127,19.410879685793812,18.246538783626384,19.0,19.0
2017-11-04,4,19.0,19.522320493510154,19.508972880187407,19.564059177350803,19.555614419838662,18.241961495044755,20.0,19.0
2017-11-04,5,19.0,19.50480710064606,19.50617240940804,19.54284324230026,19.465471693073106,18.04815152374477,19.0,20.0
2017-11-04,6,20.0,19.57927334826403,19.57706321799433,19.622973529041303,19.525250458916435,17.97979850962838,19.0,20.0
2017-11-04,7,19.0,19.610529321650972,19.593342583251232,19.617363231106545,19.522276215936753,18.02833371953412,20.0,20.0
2017-11-04,8,20.0,19.164479285118,19.162271607776237,19.15513183743297,19.07671605219858,17.903012548476536,19.0,21.0
2017-11-04,9,17.0,18.015257355709583,17.998888417012136,18.041676968491355,17.85644766087933,17.80651596476189,18.0,22.0
2017-11-04,10,18.0,18.015257355709583,17.998888417012136,18.041676968491355,17.85644766087933,17.73869134596283,17.0,23.0
2017-11-04,11,16.0,18.015257355709583,17.998888417012136,18.041676968491355,17.85644766087933,17.790960092324497,17.0,24.0
2017-11-04,12,17.0,18.042641184453572,18.00396881735333,18.041676968491355,17.85644766087933,17.879690580238446,17.0,24.0
2017-11-04,13,17.0,18.026538527700588,18.003855288825743,18.02531049791581,17.845684297409043,17.999422398816023,17.0,23.0
2017-11-04,14,18.0,18.026538527700588,18.003855288825743,18.02531049791581,17.845684297409043,18.115897194824427,17.0,23.0
2017-11-04,15,17.0,18.026538527700588,18.003855288825743,18.02531049791581,17.845684297409043,18.23557713197142,17.0,23.0
2017-11-04,16,17.0,18.026538527700588,18.003855288825743,18.02531049791581,17.845684297409043,18.444420615248347,18.0,23.0
2017-11-04,17,16.0,18.581295649306295,18.531301725827223,18.607154633412467,18.44800121663881,18.454571599104867,17.0,23.0
2017-11-04,18,17.0,18.57937531783651,18.461855192465023,18.582059071726025,18.472004814497414,18.581574778549154,17.0,20.0
2017-11-04,19,19.0,18.66633795371922,18.55865269071423,18.69624880439746,18.628952935948288,18.751119066682133,18.0,19.0
2017-11-04,20,19.0,19.48234032533379,19.383868981620097,19.403775947854864,19.332394615978128,18.866023886350504,19.0,20.0
2017-11-04,21,19.0,19.48234032533379,19.383868981620097,19.403775947854864,19.332394615978128,18.872389452320515,19.0,20.0
2017-11-04,22,20.0,19.60055893460344,19.519297958874265,19.53470636450436,19.524720193362246,18.957424326417204,20.0,19.0
2017-11-04,23,20.0,19.48234032533379,19.383868981620097,19.403775947854864,19.321376790125914,18.801211258967484,19.0,20.0
2017-11-05,0,19.0,19.222184921631428,19.144746137689893,19.23369885172051,19.129256504356952,17.769575342071697,19.0,19.0
2017-11-05,1,19.0,19.199729864658575,19.12490304188493,19.250065322296056,19.140019867827238,17.67199743929646,19.0,19.0
2017-11-05,2,19.5,19.388494246574755,19.303068830352423,19.38861901448508,19.3345370833706,17.644182373604075,20.0,20.0
2017-11-05,3,20.0,19.199729864658575,19.12490304188493,19.250065322296056,19.140019867827238,17.454900544694695,19.0,19.0
2017-11-05,4,19.0,19.199729864658575,19.11192135534145,19.250065322296056,19.130780723400896,17.351349197922932,19.0,19.0
2017-11-05,5,20.0,19.44588078712251,19.35266684599653,19.446008256718866,19.348585753577723,17.354984915016633,20.0,19.0
2017-11-05,6,19.0,19.418220004539908,19.340785247193637,19.44753336617558,19.29493397802203,17.17812291722556,19.0,20.0
2017-11-05,7,20.0,19.406157302069044,19.309367921911385,19.411948810788473,19.25141639797018,17.24163914110715,20.0,19.0
2017-11-05,8,18.0,18.982131495125792,18.85399151651342,18.934949841248333,18.814503560801707,17.119741524396968,19.0,20.0
2017-11-05,9,18.0,17.704089000703345,17.501119043910045,17.647147236246834,17.510519894502274,17.083944242547314,18.0,17.0
2017-11-05,10,17.0,17.704089000703345,17.501119043910045,17.647147236246834,17.510519894502274,17.023217104452858,17.0,18.0
2017-11-05,11,17.0,17.759334010361037,17.569900983809898,17.647147236246834,17.510519894502274,17.21871892188065,18.0,16.0
2017-11-05,12,18.0,17.786717839105027,17.57498138415109,17.647147236246834,17.510519894502274,17.208977779591045,17.0,17.0
2017-11-05,13,17.0,17.770615182352042,17.574867855623506,17.63078076567129,17.499756531031988,17.323765937663904,17.0,17.0
2017-11-05,14,17.0,17.770615182352042,17.574867855623506,17.63078076567129,17.499756531031988,17.434692621665906,17.0,18.0
2017-11-05,15,17.0,17.770615182352042,17.574867855623506,17.63078076567129,17.499756531031988,17.575283342860924,17.0,17.0
2017-11-05,16,17.0,17.770615182352042,17.574867855623506,17.63078076567129,17.499756531031988,17.696044944930314,17.0,17.0
2017-11-05,17,17.0,18.352459317848698,18.15671199112016,18.212624901167946,18.067276853047606,17.8169607561765,17.0,16.0
2017-11-05,18,18.0,18.352459317848698,18.257497422810673,18.313410558231954,18.067276853047606,17.983406402578353,18.0,17.0
2017-11-05,19,20.0,18.57152505447466,18.51603533388215,18.571973769510922,18.358093117981714,17.92328713065097,17.0,19.0
2017-11-05,20,19.0,19.47865902146793,19.42228290354701,19.410431329617822,19.25386037539567,18.235637638713026,20.0,19.0
2017-11-05,21,19.0,18.57152505447466,18.51603533388215,18.571973769510922,18.358093117981714,18.04950117679407,18.0,19.0
2017-11-05,22,19.0,19.521977697325735,19.469979594086166,19.44040558707017,19.29440371246784,18.193339933198146,20.0,20.0
2017-11-05,23,20.0,19.37653199126736,19.31715838240977,19.309475170420676,19.09106030923151,18.042674977754825,19.0,20.0
2017-11-06,0,19.0,20.139060724208523,20.02542127765362,20.11881520177466,19.998822987196583,19.648269745069893,19.0,19.0
2017-11-06,1,20.0,20.058506148161015,19.98772215658736,20.077082100212035,19.97625390985727,19.552722523681417,19.0,19.0
2017-11-06,2,19.0,20.08573324494974,19.98772215658736,20.077082100212035,19.97625390985727,19.440178433768015,19.0,19.5
2017-11-06,3,20.0,20.08573324494974,19.98772215658736,20.077082100212035,19.97625390985727,19.32532956907207,19.0,20.0
2017-11-06,4,19.0,20.20395185421939,20.105209567972217,20.18566153494871,20.123091512730785,19.330366362970835,20.0,19.0
2017-11-06,5,19.0,20.186438461355298,20.085016862770622,20.16444559989817,20.032948785965228,19.13391665108193,19.0,20.0
2017-11-06,6,20.0,20.39889610179265,20.445173045506476,20.39902828735733,20.41124448823072,19.172004543651745,20.0,19.0
2017-11-06,7,19.0,20.61942619326826,20.65300423153836,20.60688451672346,20.63022317238608,19.207626816570116,21.0,20.0
2017-11-06,8,20.0,21.289824709339133,21.361373093921554,21.10362384920791,21.23604915142177,22.144003752659742,21.0,18.0
2017-11-06,9,21.0,21.33722664801607,21.42175671914197,21.26343124931402,21.283425521455985,22.159047662850387,21.0,18.0
2017-11-06,10,22.0,21.971650498930007,22.128231307099874,21.912048653983764,21.909176801341754,22.21785015161187,21.0,17.0
2017-11-06,11,22.0,22.659408410216287,22.81774136266836,22.583932966657756,22.465396242855363,22.38383306854671,22.0,17.0
2017-11-06,12,23.0,22.686792238960276,22.88523842688219,22.652252586914095,22.48194158180716,22.46558921456918,22.0,18.0
2017-11-06,13,24.0,22.767346815007784,22.938885589087818,22.717205338365442,22.504510659146472,22.59215999459871,22.0,17.0
2017-11-06,14,24.0,23.46607511909689,23.637613893176923,23.43512265368074,23.275284148672803,22.808535657836863,23.0,17.0
2017-11-06,15,24.0,22.767346815007784,22.938885589087818,22.736394349591635,22.515528484998686,22.840160156459888,22.0,17.0
2017-11-06,16,24.0,22.36888861330865,22.540427387388682,22.3379361478925,22.20630580923629,22.86614692120217,21.0,17.0
2017-11-06,17,24.0,22.767346815007784,22.938885589087818,22.736394349591635,22.515528484998686,23.06599358504528,22.0,17.0
2017-11-06,18,21.0,20.39747417768358,20.468913003709282,20.456568934856215,20.270328451763067,19.933969521546235,19.0,18.0
2017-11-06,19,21.0,20.485263394733195,20.600158902200025,20.541684427742773,20.34689597229083,19.967645563594058,19.0,20.0
2017-11-06,20,21.0,20.537642528211588,20.66240065505171,20.558245078197423,20.452633834219057,20.10753724936035,20.0,19.0
2017-11-06,21,21.0,20.537642528211588,20.66240065505171,20.558245078197423,20.45022969073936,20.109703594467337,20.0,19.0
2017-11-06,22,20.0,20.392196822153213,20.509579443375312,20.42731466154793,20.25790411335524,19.988396694648067,19.0,19.0
2017-11-06,23,20.0,20.419423918941938,20.509579443375312,20.408125650321736,20.246886287503028,19.919338699366268,19.0,20.0
2017-11-07,0,19.0,20.139060724208523,19.989449672685872,20.068078059890496,19.928999443770284,20.07000852124631,19.0,19.0
2017-11-07,1,19.0,20.231178951008115,20.099611883970177,20.134924393064548,20.060404244902163,20.0552730009854,20.0,20.0
2017-11-07,2,19.0,19.985523568103186,19.889952509090385,20.094624264291888,19.58869428792769,19.777415200354834,18.0,19.0
2017-11-07,3,20.0,20.08573324494974,19.96914278604184,20.026344958327872,19.90643036643097,19.750065499983688,19.0,20.0
2017-11-07,4,19.0,20.058506148161015,19.93876886507613,20.026344958327872,19.899294090833294,19.662247919339123,19.0,19.0
2017-11-07,5,20.0,20.30465707062495,20.17951435573121,20.222287892750682,20.11709912101012,19.667090889807962,20.0,19.0
2017-11-07,6,20.0,20.426123198581376,20.426593674960955,20.348291145473166,20.341420944804423,19.58416863335979,20.0,20.0
2017-11-07,7,21.0,20.39889610179265,20.409201440538727,20.348291145473166,20.341420944804423,19.553745115898476,20.0,19.0
2017-11-07,8,19.0,21.688282911038268,21.56319296300863,21.451344909022882,21.475448283757867,22.654406269967197,22.0,20.0
2017-11-07,9,21.0,21.828966222126613,21.7440360975483,21.714312350504652,21.600565774132352,22.65496328165891,22.0,21.0
2017-11-07,10,22.0,23.377370080116073,23.349257540500535,23.243919442709508,23.144405712059683,22.77878928713471,23.0,22.0
2017-11-07,11,22.0,23.666669789703217,23.640309394369886,23.517345553684365,23.391402477810896,22.850221960705348,23.0,22.0
2017-11-07,12,23.0,23.80228744378801,23.833979829673673,23.71182671517075,23.599228431861594,22.930881071955664,23.0,23.0
2017-11-07,13,24.0,24.308930540170383,24.255442034615683,24.14460308246055,23.989536757066073,23.122256180225026,24.0,24.0
2017-11-07,14,25.0,24.083126762480198,24.08791173452398,23.99625322049297,23.81006076907464,23.15055363040014,23.0,24.0
2017-11-07,15,24.0,24.308930540170383,24.255442034615683,24.16379209368674,24.000554582918287,23.368356222123158,24.0,24.0
2017-11-07,16,24.0,24.308930540170383,24.255442034615683,24.16379209368674,24.000554582918287,23.487197361408775,24.0,24.0
2017-11-07,17,23.0,24.33795762629592,24.29842543543194,24.244143132038488,24.069345321107654,23.686620585635232,25.0,24.0
2017-11-07,18,21.0,21.0387769181792,21.091703943346587,21.05650552074715,20.921568451050938,20.497085710215003,21.0,21.0
2017-11-07,19,22.0,20.723990473202978,20.806402863793025,20.725037743883764,20.58193572380307,20.46500481661853,20.0,21.0
2017-11-07,20,21.0,20.65815099741172,20.71582340496831,20.61066797768892,20.49534800834718,20.497978668959224,20.0,21.0
2017-11-07,21,21.0,20.928623558694305,20.988022204612573,20.88287776883133,20.80832717419802,20.594346578920543,21.0,21.0
2017-11-07,22,21.0,20.564869625000313,20.64382128450619,20.50750793631326,20.38040614731306,20.487730828742375,20.0,20.0
2017-11-07,23,20.0,20.419423918941938,20.49100007282979,20.357388508437573,20.17706274407673,20.339980440770532,19.0,20.0
2017-11-08,0,19.0,20.091034569097836,20.038299664732914,20.069992688074255,19.97995217865517,20.4546096880845,19.0,19.0
2017-11-08,1,20.0,20.155925699108703,20.13106964159499,20.136839021248306,20.11135697978705,20.431606728731712,20.0,19.0
2017-11-08,2,19.0,20.01047999305033,20.000600543666653,20.02825958651163,19.95738310131586,20.21288761812807,19.0,19.0
2017-11-08,3,20.0,20.183152795897428,20.14846187601722,20.136839021248306,20.11135697978705,20.16786892631863,20.0,20.0
2017-11-08,4,20.0,20.01047999305033,19.987618857123174,20.02825958651163,19.95024682571818,19.972965481994255,19.0,19.0
2017-11-08,5,19.0,20.13841230624461,20.115287484272145,20.115623086197765,20.014077977423817,19.86194433096651,19.0,20.0
2017-11-08,6,21.0,20.571400038157574,20.555076817838994,20.558062003023057,20.47361825550626,19.97698433236924,21.0,20.0
2017-11-08,7,21.0,20.61255533134199,20.599894065513404,20.648119146954873,20.58615597306068,19.921841193111273,21.0,21.0
2017-11-08,8,20.0,21.126144466707363,20.96503930165606,20.9518211100959,20.914747260020178,22.49900130200831,20.0,19.0
2017-11-08,9,22.0,21.728813987788936,21.63750318160674,21.703124081244567,21.51378440067883,22.686358843735245,22.0,21.0
2017-11-08,10,27.0,23.498940013742057,23.459250507266695,23.450663184583238,23.296541075707303,22.921381810348173,24.0,22.0
2017-11-08,11,26.0,23.799186705638913,23.78170927203186,23.756651953228232,23.612328579647883,23.200446399644964,26.0,22.0
2017-11-08,12,26.0,23.88440036088385,23.92497570849579,23.900739976774574,23.771731610441087,23.30318625333058,26.0,23.0
2017-11-08,13,26.0,24.165239679576036,24.178907613346098,24.1659774708706,23.971546121801918,23.423114134336405,26.0,24.0
2017-11-08,14,27.0,24.513352498319612,24.425932635922987,24.35249284010814,24.081785634164298,23.364646287797747,24.0,25.0
2017-11-08,15,26.0,23.92848891957614,23.979970402358582,23.985064951232886,23.723279395621116,23.426875234904816,23.0,24.0
2017-11-08,16,28.0,23.92848891957614,23.979970402358582,23.985064951232886,23.723279395621116,23.559274268171407,23.0,24.0
2017-11-08,17,25.0,23.72820417693146,23.779685659713902,23.784780208588206,23.546033961599598,23.68750567449678,23.0,23.0
2017-11-08,18,23.0,20.660138299487496,20.699869947851465,20.773107460344654,20.519403768266876,20.87347234488193,20.0,21.0
2017-11-08,19,21.0,20.788869491272603,20.895369734902097,20.914891305465833,20.80793127673446,20.824671163051843,19.0,22.0
2017-11-08,20,21.0,20.557998763074043,20.60929048902675,20.599479708428834,20.408566634893656,20.956463439980464,20.0,21.0
2017-11-08,21,21.0,20.828471324356627,20.881489288671013,20.871689499571247,20.721545800744497,21.039273455960814,21.0,21.0
2017-11-08,22,21.0,20.557998763074043,20.60929048902675,20.599479708428834,20.40616249141396,20.901175411000924,20.0,21.0
2017-11-08,23,19.0,20.78731603117221,20.836672040996604,20.76244334441324,20.597990257337862,20.93371828944169,21.0,20.0
2017-11-09,0,20.0,20.375592102035434,20.22122195149663,20.34237508033421,20.37158250267669,20.629376354267936,20.0,19.0
2017-11-09,1,20.0,20.715649720287693,20.629400715944332,20.706232488410482,20.74292039867962,20.627455053873657,22.0,20.0
2017-11-09,2,19.0,20.201537431067475,20.11059509774561,20.20479406129974,20.269000748395452,20.27438401207617,20.0,19.0
2017-11-09,3,21.0,20.083318821797825,19.9975182342395,20.096214626563064,20.11502686992426,19.99539129789549,19.0,20.0
2017-11-09,4,19.0,20.2287645278562,20.12275821495948,20.20479406129974,20.261864472797775,19.937728978335507,20.0,20.0
2017-11-09,5,20.0,20.138039528246125,20.085173275335656,20.16565778885658,20.17172174603222,19.738174968188723,19.0,19.0
2017-11-09,6,22.0,20.473900806527777,20.44364461834907,20.535404167746083,20.556564849118658,19.72434121134091,20.0,21.0
2017-11-09,7,21.0,20.66720380121466,20.651475804380954,20.743260397112216,20.775543533274018,19.78425852699006,21.0,21.0
2017-11-09,8,21.0,21.18199345486471,21.109194902170174,21.227632379513466,21.29136971278394,22.826688946386742,21.0,20.0
2017-11-09,9,25.0,21.83437084031191,21.689071450064265,21.854575718541568,21.75633628757744,22.862992060005865,21.0,22.0
2017-11-09,10,24.0,24.286511494909686,24.0700544405976,24.1913912372745,24.07795519507669,23.183207865917506,24.0,27.0
2017-11-09,11,25.0,24.641990620926936,24.39842196729434,24.543530747303475,24.43051052500268,23.343667083998483,24.0,26.0
2017-11-09,12,26.0,24.843429120638884,24.633787709193047,24.611850367559814,24.51928535902209,23.518853248424428,24.0,26.0
2017-11-09,13,27.0,24.92344133928515,24.707509485435686,24.73691299329346,24.657716374304187,23.711227440170582,24.0,26.0
2017-11-09,14,26.0,24.725420219776396,24.572374123384822,24.58856313132588,24.478240386312752,23.80092482816919,23.0,27.0
2017-11-09,15,27.0,24.95122399746658,24.739904423476524,24.75610200451965,24.6687342001564,24.097127797647502,24.0,26.0
2017-11-09,16,29.0,24.725420219776396,24.572374123384822,24.58856313132588,24.478240386312752,24.144373765818266,23.0,28.0
2017-11-09,17,29.0,24.176402779732932,24.02335668334136,24.039545691282417,23.989495032816833,24.2293353052387,22.0,25.0
2017-11-09,18,26.0,21.48517209036868,21.49335228512895,21.50815320453892,21.420727170573294,21.15362497915036,20.0,23.0
2017-11-09,19,25.0,20.776929453061353,20.848531808297615,20.83480391886056,20.77381486852888,21.13854452548568,19.0,21.0
2017-11-09,20,24.0,20.85653568332847,20.862101037205335,20.88710261250476,20.838849755783343,21.23389200296383,20.0,21.0
2017-11-09,21,22.0,21.169351595576085,21.134299836849596,21.15931240364717,21.151828921634184,21.280700507654323,21.0,21.0
2017-11-09,22,21.0,20.85653568332847,20.862101037205335,20.88710261250476,20.836445612303645,21.095684379720865,20.0,21.0
2017-11-09,23,21.0,20.760359142272897,20.735587841726886,20.732749909848224,20.681146277292076,20.993875326967785,20.0,19.0
2017-11-10,0,20.0,20.629590571999998,20.553346705444746,20.621064571245785,20.47235756245798,21.362497528748886,20.0,20.0
2017-11-10,1,19.0,20.28891448719206,20.36236645543807,20.322683026847482,20.267525065671986,21.09392232842835,19.0,20.0
2017-11-10,2,19.0,20.261687390403335,20.344974221015843,20.322683026847482,20.267525065671986,20.928015978546124,19.0,19.0
2017-11-10,3,20.0,20.456690190476444,20.45562209651259,20.42709718607615,20.39477371795613,20.728831318624863,19.0,21.0
2017-11-10,4,19.0,20.261687390403335,20.339745103807484,20.322683026847482,20.258285921245644,20.60533929511199,19.0,19.0
2017-11-10,5,19.0,20.48087505393564,20.547767127212108,20.491279151095142,20.424367815456034,20.565259664443754,20.0,20.0
2017-11-10,6,20.0,21.092115478003635,21.02511276478492,20.97294270814014,20.94630947601015,20.457913302510693,20.0,22.0
2017-11-10,7,19.0,20.69471744946155,20.695696104393196,20.64097046064849,20.63820418319607,20.43810058719085,20.0,21.0
2017-11-10,8,21.0,21.471822278515834,21.518824738127652,21.401717642003295,21.482493958806558,23.558077564130155,21.0,21.0
2017-11-10,9,23.0,22.918388240090533,22.924021535762577,22.89998887886421,22.91890625333444,23.66021038170217,22.0,25.0
2017-11-10,10,24.0,23.66998404505022,23.77255166998941,23.79401753702074,23.800787015959887,23.876156680372674,23.0,24.0
2017-11-10,11,25.0,24.593409327661362,24.61756968818603,24.61730210680016,24.628385409841222,24.102408508948045,24.0,25.0
2017-11-10,12,24.0,24.842830062131277,24.792817107020383,24.61730210680016,24.628385409841222,24.263664664203745,24.0,26.0
2017-11-10,13,25.0,24.617026284441092,24.62528680692868,24.666912153443167,24.57632261127967,24.348580877080817,23.0,27.0
2017-11-10,14,25.0,24.617026284441092,24.62528680692868,24.666912153443167,24.587340437131886,24.559324088947513,23.0,26.0
2017-11-10,15,26.0,24.617026284441092,24.62528680692868,24.666912153443167,24.587340437131886,24.734279094136134,23.0,27.0
2017-11-10,16,26.0,24.617026284441092,24.62528680692868,24.666912153443167,24.587340437131886,24.874981372946635,23.0,29.0
2017-11-10,17,25.0,24.617026284441092,24.62528680692868,24.666912153443167,24.587340437131886,25.011985925267908,23.0,29.0
2017-11-10,18,21.0,22.03052072173667,22.002031506549063,22.027093390161404,22.012452873657992,21.85866863025563,20.0,26.0
2017-11-10,19,22.0,21.928700925655676,21.89932599654535,21.864251797966084,22.044598225277934,21.82979023786111,19.0,25.0
2017-11-10,20,20.0,21.548488740247368,21.53361741395099,21.61895206755907,21.576363515499313,21.938996065450414,20.0,24.0
2017-11-10,21,21.0,21.326249976021792,21.239450525505777,21.29592866635711,21.139518274004395,21.919974866188014,20.0,22.0
2017-11-10,22,20.0,20.837596597141683,20.80732835511034,20.860372812391116,20.690810539772635,21.748865429501986,19.0,21.0
2017-11-10,23,20.0,20.928851947479707,20.910033865114052,20.96395641886546,20.8203951553381,21.713066492278486,20.0,21.0
2017-11-11,0,19.0,19.38272755393525,19.36374054668951,19.38837676490312,19.39729451434491,19.656213045963604,19.0,20.0
2017-11-11,1,19.0,19.333045400173674,19.370006524667662,19.404743235478666,19.408057877815196,19.51579943819091,19.0,19.0
2017-11-11,2,20.0,19.47849110623205,19.500475622596,19.51332267021534,19.562031756286387,19.44900920380259,20.0,19.0
2017-11-11,3,19.0,19.3602724969624,19.38739875908989,19.404743235478666,19.408057877815196,19.186770279600925,19.0,20.0
2017-11-11,4,20.0,19.333045400173674,19.398187057673987,19.404743235478666,19.398818733388854,19.062248928887364,19.0,19.0
2017-11-11,5,19.0,19.433750616579232,19.50846345040073,19.4921067351648,19.46264988509449,18.950490975226572,19.0,19.0
2017-11-11,6,19.0,19.652490111667856,19.7003579594163,19.645963320226155,19.67640252940901,18.953226933399247,20.0,20.0
2017-11-11,7,20.0,19.365627576149322,19.4383068943943,19.423194152818045,19.365480529486945,18.83714520131709,19.0,19.0
2017-11-11,8,18.0,19.19725636549865,19.28556634919821,19.152289787780944,19.227868122691156,18.91035592171681,20.0,21.0
2017-11-11,9,18.0,17.90258873003186,17.950551840955967,17.89244128761177,17.853625852900713,18.653219491037596,17.0,23.0
2017-11-11,10,17.0,17.90258873003186,17.950551840955967,17.89244128761177,17.853625852900713,18.824878780946243,18.0,24.0
2017-11-11,11,17.0,18.062950488199323,18.08974933150479,17.89388001722622,17.91384956404936,18.751145251286623,16.0,25.0
2017-11-11,12,17.0,17.90258873003186,17.950551840955967,17.75224914880411,17.800750489072197,19.01273566342241,17.0,24.0
2017-11-11,13,17.0,18.04684783144634,18.046134494771863,17.877513546650675,17.938935461579934,19.17035952649273,17.0,25.0
2017-11-11,14,18.0,18.04684783144634,18.046134494771863,17.877513546650675,17.938935461579934,19.441415955576353,18.0,25.0
2017-11-11,15,17.0,18.04684783144634,18.046134494771863,17.877513546650675,17.938935461579934,19.506182588991127,17.0,26.0
2017-11-11,16,17.0,18.04684783144634,18.046134494771863,17.877513546650675,17.938935461579934,19.66172749834574,17.0,26.0
2017-11-11,17,17.0,18.628691966942995,18.62797863026852,18.45935768214733,18.541252380809702,19.710981040948745,16.0,25.0
2017-11-11,18,18.0,18.48770432357383,18.49133672681962,18.317726813725223,18.484052914193608,19.953951187501637,17.0,21.0
2017-11-11,19,20.0,19.441525225213464,19.4004304070446,19.274631140033954,19.396595830057347,20.18077114458026,19.0,22.0
2017-11-11,20,20.0,19.38272755393525,19.286950697017392,19.158347893862906,19.312546705171854,20.218298649177,19.0,20.0
2017-11-11,21,19.0,19.41483264777024,19.358952817479516,19.229353989709274,19.392716672575087,20.170621516027065,19.0,21.0
2017-11-11,22,19.0,19.528173259993626,19.43977190869379,19.2892783105124,19.504872282555972,20.203228420813716,20.0,20.0
2017-11-11,23,20.0,19.528173259993626,19.43977190869379,19.2892783105124,19.493854456703758,20.09330296302987,20.0,20.0
2017-11-12,0,19.0,19.38009197953791,19.4561027519053,19.4251243391363,19.407609178810898,18.801570506739637,19.0,19.0
2017-11-12,1,20.0,19.357636922565057,19.436259656100336,19.441490809711844,19.418372542281183,18.674232618124012,19.0,19.0
2017-11-12,2,19.0,19.530309725412156,19.566728754028674,19.55007024444852,19.572346420752375,18.571921675596144,19.5,20.0
2017-11-12,3,20.0,19.50308262862343,19.566728754028674,19.55007024444852,19.572346420752375,18.499117885712998,20.0,19.0
2017-11-12,4,19.0,19.38486401935378,19.423277969556857,19.441490809711844,19.40913339785484,18.269952205829487,19.0,20.0
2017-11-12,5,20.0,19.60378784502899,19.664023460211936,19.637433744134654,19.626938428031668,18.275914300495714,20.0,19.0
2017-11-12,6,19.0,19.50440883121214,19.577587538948606,19.574131459722658,19.532743315403806,18.108947629584016,19.0,19.0
2017-11-12,7,20.0,19.562891901387804,19.59386690420551,19.5685211617879,19.529769072424124,18.14875522324281,20.0,20.0
2017-11-12,8,18.0,18.194247078392912,18.168942719547424,18.146202237547385,18.166242134679294,17.986256472634956,18.0,18.0
2017-11-12,9,18.0,17.83359650323338,17.78561802620417,17.785551662387853,17.78887256895622,18.020820310523362,18.0,18.0
2017-11-12,10,17.0,17.83359650323338,17.78561802620417,17.785551662387853,17.78887256895622,18.011533694637762,17.0,17.0
2017-11-12,11,17.0,17.83359650323338,17.78561802620417,17.785551662387853,17.78887256895622,18.113612827665943,17.0,17.0
2017-11-12,12,18.0,17.83359650323338,17.78561802620417,17.785551662387853,17.78887256895622,18.334500913957818,18.0,17.0
2017-11-12,13,17.0,17.817493846480396,17.785504497676584,17.76918519181231,17.778109205485933,18.385521088172233,17.0,17.0
2017-11-12,14,17.0,17.817493846480396,17.785504497676584,17.76918519181231,17.778109205485933,18.5241796641603,17.0,18.0
2017-11-12,15,17.0,17.817493846480396,17.785504497676584,17.76918519181231,17.778109205485933,18.688584300877338,17.0,17.0
2017-11-12,16,17.0,17.817493846480396,17.785504497676584,17.76918519181231,17.778109205485933,18.82761896301622,17.0,17.0
2017-11-12,17,18.0,18.39933798197705,18.36734863317324,18.351029327308964,18.34562952750155,18.946208396689876,17.0,17.0
2017-11-12,18,19.0,18.39933798197705,18.36734863317324,18.351029327308964,18.34562952750155,19.11657201955578,18.0,18.0
2017-11-12,19,20.0,19.598831474626532,19.576167290574585,19.531141445510393,19.591991815692946,19.33311868026085,20.0,20.0
2017-11-12,20,19.0,19.407319076326633,19.37931290223318,19.35493387853622,19.3398874724655,19.259870383756674,19.0,20.0
2017-11-12,21,19.0,19.38009197953791,19.37931290223318,19.35493387853622,19.3398874724655,19.256330104509317,19.0,19.0
2017-11-12,22,19.0,19.38009197953791,19.37931290223318,19.35493387853622,19.3398874724655,19.20311230933713,19.0,19.0
2017-11-12,23,20.0,19.552764782385008,19.532134113909578,19.485864295185714,19.521195223997402,19.19795809796199,20.0,20.0
2017-11-13,0,19.0,20.0653484086764,20.05882393442742,20.0917945835295,20.033389437572286,20.024766811398695,19.0,19.0
2017-11-13,1,19.0,20.15746663547599,20.151593911289496,20.15864091670355,20.164794238704165,19.98610659663865,20.0,20.0
2017-11-13,2,19.0,19.984793832628892,20.02112481336116,20.050061481966875,20.010820360232973,19.779482499600473,19.0,19.0
2017-11-13,3,19.0,20.15746663547599,20.151593911289496,20.15864091670355,20.164794238704165,19.732988278907705,20.0,20.0
2017-11-13,4,19.0,19.984793832628892,20.00814312681768,20.050061481966875,20.003684084635296,19.536952621449615,19.0,19.0
2017-11-13,5,19.0,20.112726145823174,20.11841951954442,20.13742498165301,20.06751523634093,19.42521973149175,19.0,20.0
2017-11-13,6,21.0,20.296784230884082,20.323520035158104,20.337154532695806,20.308076830268014,19.460302305644433,20.0,19.0
2017-11-13,7,21.0,20.178565621614432,20.193050937229767,20.22857509795913,20.154102951796823,19.311873957582268,19.0,20.0
2017-11-13,8,20.0,20.928831089742726,20.99241672309578,20.794396390527247,20.8673675804922,21.95332166204658,20.0,18.0
2017-11-13,9,21.0,21.196763119895273,21.3001037087936,21.201557494652498,21.180257863493278,22.075910053895246,21.0,18.0
2017-11-13,10,22.0,22.229645172508345,22.405036498450638,22.248633101021376,22.115231819141442,22.24650718637951,22.0,17.0
2017-11-13,11,22.0,22.51894488209549,22.69608835231999,22.522059211996233,22.362228584892655,22.340234126056593,22.0,17.0
2017-11-13,12,24.0,23.217673186184594,23.41032233420415,23.289107136341677,23.13852958751857,22.53834590150488,23.0,18.0
2017-11-13,13,23.0,23.756696922208153,23.864165178787346,23.754253282372847,23.551407103258562,22.781272310960222,24.0,17.0
2017-11-13,14,23.0,23.756696922208153,23.864165178787346,23.77344229359904,23.562424929110776,22.925391996940615,24.0,17.0
2017-11-13,15,24.0,23.756696922208153,23.864165178787346,23.77344229359904,23.562424929110776,23.06881113928642,24.0,17.0
2017-11-13,16,23.0,23.756696922208153,23.864165178787346,23.77344229359904,23.562424929110776,23.202342385686727,24.0,17.0
2017-11-13,17,23.0,23.756696922208153,23.864165178787346,23.77344229359904,23.562424929110776,23.303658924255373,24.0,18.0
2017-11-13,18,20.0,20.807986023043792,20.85153451675354,20.942208866594132,20.77568661896011,20.5719085282654,21.0,19.0
2017-11-13,19,22.0,20.771685962421596,20.85153451675354,20.882950880873157,20.75143720104278,20.61639255523951,21.0,20.0
2017-11-13,20,21.0,20.70584648663034,20.760955057928825,20.768581114678312,20.66484948558689,20.65394512353918,21.0,19.0
2017-11-13,21,22.0,20.70584648663034,20.760955057928825,20.768581114678312,20.66244534210719,20.64209495668698,21.0,19.0
2017-11-13,22,20.0,20.40814682855903,20.488756258284564,20.4963713235359,20.347062032776652,20.502521382843764,20.0,19.0
2017-11-13,23,21.0,20.435373925347754,20.488756258284564,20.477182312309708,20.336044206924438,20.412191395120885,20.0,20.0
2017-11-14,0,20.0,20.09360594852458,20.04541018519248,20.067129386255722,19.976681718396684,20.677818280914167,19.0,19.0
2017-11-14,1,20.0,20.013051372477072,20.00771106412622,20.025396284693098,19.95411264105737,20.56187088099667,19.0,19.0
2017-11-14,2,19.0,20.013051372477072,20.00771106412622,20.025396284693098,19.95411264105737,20.437223502679824,19.0,19.0
2017-11-14,3,20.0,20.158497078535447,20.138180162054557,20.133975719429774,20.108086519528563,20.406485053733846,20.0,19.0
2017-11-14,4,20.0,20.013051372477072,19.99472937758274,20.025396284693098,19.946976365459694,20.19812660136153,19.0,19.0
2017-11-14,5,20.0,20.259202294941005,20.23547486823782,20.221339219115908,20.16478139563652,20.194671957214688,20.0,19.0
2017-11-14,6,20.0,20.445550239932395,20.399500640807517,20.41564937679769,20.363906828646833,20.095106235600824,20.0,21.0
2017-11-14,7,22.0,20.63885323461928,20.607331826839403,20.62350560616382,20.582885512802193,20.147227546317193,21.0,21.0
2017-11-14,8,20.0,21.141535227367367,21.109988084998204,21.085500259401137,20.7575029212905,22.545556177767924,19.0,20.0
2017-11-14,9,21.0,21.423178036109388,21.35135874518813,21.384928342708907,21.255572974291535,22.746368727542805,21.0,21.0
2017-11-14,10,23.0,22.716146651799992,22.70114494584151,22.659100192614908,22.44437051312019,22.887396784936858,22.0,22.0
2017-11-14,11,25.0,23.005446361387136,22.99219679971086,22.932526303589764,22.691367278871404,22.978861672248016,22.0,22.0
2017-11-14,12,23.0,23.862982369416084,23.883178031284018,23.876309647764295,23.6864220321711,23.16073266315492,23.0,24.0
2017-11-14,13,23.0,23.969055980509097,23.90407075093667,23.908516529764732,23.722239489332544,23.4012315914123,24.0,23.0
2017-11-14,14,24.0,23.998083066634635,23.947054151752926,24.00805657934267,23.802048053374126,23.63661719472561,25.0,23.0
2017-11-14,15,22.0,24.169340723153777,24.104355493581348,24.127990283635604,23.910502749206277,23.670752595625792,24.0,24.0
2017-11-14,16,23.0,23.969055980509097,23.90407075093667,23.927705540990925,23.73325731518476,23.816606636940325,24.0,23.0
2017-11-14,17,23.0,23.743252202818912,23.736540450844966,23.760166667797154,23.54276350134111,23.837271536384794,23.0,23.0
2017-11-14,18,21.0,20.836243562891973,20.855513001940828,20.917543669320356,20.718978899784506,21.20176762730968,21.0,20.0
2017-11-14,19,20.0,21.551769639457852,21.57082673509843,21.587000170211297,21.370313458364485,21.32628590460176,22.0,22.0
2017-11-14,20,19.0,20.827385398889927,20.836935663578238,20.847075958780195,20.720679483965707,21.271247475971357,21.0,21.0
2017-11-14,21,20.0,21.192347965921986,21.186665078529106,21.179048206271844,21.02638063330009,21.24707451420493,21.0,22.0
2017-11-14,22,20.0,20.73410402647852,20.764933543116115,20.743915917404536,20.60573762293159,21.230597985150762,21.0,20.0
2017-11-14,23,19.0,20.556912837607342,20.564736863933977,20.55567715641159,20.391874205303257,21.049002080094972,20.0,21.0
2017-11-15,0,19.0,20.021291386406563,19.958625174891978,19.999491454225222,19.927312967022296,20.058525370543215,19.0,20.0
2017-11-15,1,19.0,20.08618251641743,20.051395151754054,20.066337787399274,20.058717768154175,20.03832335103423,20.0,20.0
2017-11-15,2,19.0,19.91350971357033,19.90353381940349,19.957758352662598,19.904743889682983,19.83602760419623,19.0,19.0
2017-11-15,3,18.0,20.08618251641743,20.051395151754054,20.066337787399274,20.058717768154175,19.79325022208298,20.0,20.0
2017-11-15,4,19.0,20.08618251641743,20.038413465210574,20.066337787399274,20.051581492556497,19.67978126153232,20.0,20.0
2017-11-15,5,19.0,20.041442026764614,20.01822076000898,20.045121852348732,19.96143876579094,19.49012656657466,19.0,20.0
2017-11-15,6,20.0,20.44603020330113,20.43115246165455,20.45270763275766,20.420979043873384,19.605535318703417,21.0,20.0
2017-11-15,7,21.0,20.904274142744597,20.85288399706754,20.88783992162497,20.841622054241885,19.536210125375998,21.0,22.0
2017-11-15,8,19.0,20.989650071427416,20.85850717989384,20.846466739830504,20.862108048387302,22.083767688919416,20.0,20.0
2017-11-15,9,21.0,21.617218574947255,21.540763698210007,21.610872608423016,21.461145189045954,22.283218716571472,22.0,21.0
2017-11-15,10,22.0,23.528687122093242,23.48267221316016,23.514531153403436,23.4555502941052,22.782770979241292,27.0,23.0
2017-11-15,11,23.0,24.37659152882684,24.287259877408346,24.193897945345075,24.164341743989628,22.751014992332514,26.0,25.0
2017-11-15,12,23.0,23.817986831680386,23.789229744824567,23.85627688463463,23.74522114705161,22.8923938162046,26.0,23.0
2017-11-15,13,24.0,23.97855362637416,23.916598683272834,23.92122963608598,23.76779022439092,23.02333406071005,26.0,23.0
2017-11-15,14,22.0,24.20662102720027,24.149278363958352,24.14070338995685,23.956053484264654,23.242840062845673,27.0,24.0
2017-11-15,15,23.0,23.948506458054645,23.873224249063572,23.86465024402217,23.63595035840173,23.316641003599976,26.0,22.0
2017-11-15,16,23.0,24.00633628455559,23.948993621313672,23.94041864731217,23.778808050243136,23.620562855502506,28.0,23.0
2017-11-15,17,23.0,24.00633628455559,23.948993621313672,23.94041864731217,23.778808050243136,23.453315926962457,25.0,23.0
2017-11-15,18,23.0,21.93008865505805,21.92176509379741,21.94537628049923,21.82297324401086,20.760963239248532,23.0,21.0
2017-11-15,19,22.0,20.808196720190733,20.857452471501574,20.79064775156888,20.671489478736188,20.646629445132486,21.0,20.0
2017-11-15,20,20.0,20.742357244399475,20.749480778254632,20.676277985374035,20.584901763280296,20.68597487478777,21.0,19.0
2017-11-15,21,21.0,20.742357244399475,20.76687301267686,20.676277985374035,20.5824976198006,20.663163435144167,21.0,20.0
2017-11-15,22,21.0,20.742357244399475,20.76687301267686,20.676277985374035,20.5824976198006,20.620834669579303,21.0,20.0
2017-11-15,23,20.0,20.29921188026979,20.324460766933974,20.253948766355936,20.063770907233728,20.375403699345778,19.0,19.0
2017-11-16,0,19.0,20.210794114734774,20.153321427388008,20.15155150456577,20.11860976636933,20.363479467943993,20.0,19.0
2017-11-16,1,19.0,20.130239538687267,20.115622306321747,20.109818403003146,20.09604068903002,20.2474620445304,20.0,19.0
2017-11-16,2,20.0,19.984793832628892,19.98515320839341,20.00123896826647,19.942066810558828,20.02922144500417,19.0,19.0
2017-11-16,3,19.0,20.24589362620835,20.218577488399106,20.212798628414752,20.26073766355179,20.105768236358042,21.0,18.0
2017-11-16,4,19.0,19.984793832628892,19.97217152184993,20.00123896826647,19.93493053496115,19.79002551550801,19.0,19.0
2017-11-16,5,19.0,20.230944755092825,20.21291701250501,20.19718190268928,20.152735565137977,19.786543843300528,20.0,19.0
2017-11-16,6,20.0,20.8108965201043,20.80635404838908,20.789770446106143,20.713242930878035,19.887838145659607,22.0,20.0
2017-11-16,7,19.0,20.6105956947711,20.584773971106593,20.599348289737193,20.57083968230365,19.739099432403034,21.0,21.0
2017-11-16,8,20.0,21.25423718517286,21.13056552049342,21.09780358480051,21.118409653418507,22.32713591290853,21.0,19.0
2017-11-16,9,22.0,22.87472724419651,22.76429047448286,22.833625961047563,22.717322950185963,22.701234094173113,25.0,21.0
2017-11-16,10,22.0,23.51311432852532,23.445538829083723,23.40189232736556,23.281224784950272,22.655262244911903,24.0,22.0
2017-11-16,11,24.0,23.889270950738947,23.855343456019433,23.831437879982165,23.73986998073226,22.82650705008903,25.0,23.0
2017-11-16,12,22.0,23.889270950738947,23.870849133814488,23.899757500238504,23.756415319684056,23.036074671178874,26.0,23.0
2017-11-16,13,22.0,24.170110269431134,24.124781038664796,24.16499499433453,23.956229831044887,23.249017016245507,27.0,24.0
2017-11-16,14,23.0,23.91199570028551,23.848726923770016,23.90813085962604,23.647144531034176,23.325038538358545,26.0,22.0
2017-11-16,15,23.0,23.969825526786455,23.924496296020116,23.983899262916044,23.790002222875582,23.546285911398805,27.0,23.0
2017-11-16,16,24.0,23.969825526786455,23.924496296020116,23.983899262916044,23.790002222875582,23.865425584203038,29.0,23.0
2017-11-16,17,23.0,23.969825526786455,23.924496296020116,23.983899262916044,23.790002222875582,23.97964548140698,29.0,23.0
2017-11-16,18,21.0,22.414064462930913,22.376143564906055,22.487339905823728,22.322039347734517,21.22037133311788,26.0,23.0
2017-11-16,19,22.0,22.377764402308717,22.3582040191569,22.410143343313695,22.275958468383934,21.19926436227441,25.0,22.0
2017-11-16,20,21.0,22.156626148440104,22.134881871594587,22.112262497391445,22.001101004116347,21.15801220892679,24.0,20.0
2017-11-16,21,20.0,21.092710056786355,21.107960005590037,21.116500840098176,20.961170476116273,20.946740312327236,22.0,21.0
2017-11-16,22,20.0,20.799127859041747,20.81437780784543,20.822918642353567,20.706229509987466,20.80905317414498,21.0,21.0
2017-11-16,23,20.0,20.70584648663034,20.742375687383305,20.700569589751716,20.58267396658083,20.748546593964317,21.0,20.0
2017-11-17,0,19.0,20.212654692710213,20.156557315264877,20.211244283011755,20.148982725277524,20.30704775647353,20.0,19.0
2017-11-17,1,19.0,19.98665441060433,19.98838909627028,20.060931746712455,19.97243976946702,20.104317983647686,19.0,19.0
2017-11-17,2,18.0,20.013881507393055,20.005781330692507,20.060931746712455,19.97243976946702,19.97214319750426,19.0,20.0
2017-11-17,3,19.0,20.132100116662706,20.118858194198616,20.16951118144913,20.12641364793821,19.960615872753362,20.0,19.0
2017-11-17,4,19.0,19.98665441060433,19.9754074097268,20.060931746712455,19.963200625040677,19.756399313996795,19.0,19.0
2017-11-17,5,20.0,20.08735962700989,20.08568380245354,20.14829524639859,20.027031776746313,19.662020403325855,19.0,19.0
2017-11-17,6,20.0,20.334498677474958,20.315076102831956,20.337004967876307,20.267593370673396,19.670684029419434,20.0,20.0
2017-11-17,7,20.0,20.16182587462786,20.16721477048139,20.22842553313963,20.113619492202204,19.54867462941637,19.0,19.0
2017-11-17,8,20.0,21.30307619218724,21.15809319313502,21.117398420863587,21.146679743498034,22.398308225983186,21.0,20.0
2017-11-17,9,21.0,22.65132170809572,22.51095262585449,22.525804309083863,22.427492726516643,22.581165578798892,23.0,22.0
2017-11-17,10,21.0,23.52977307816757,23.377519810377596,23.39235372488742,23.292160743503555,22.73060911868471,24.0,22.0
2017-11-17,11,23.0,24.048691593304,23.987609179957985,24.022184020148707,23.92805137330706,22.88168947349102,25.0,24.0
2017-11-17,12,22.0,23.788933766776825,23.67365206458814,23.665779835862278,23.539157509254768,22.925012141583455,24.0,22.0
2017-11-17,13,22.0,23.89851542894987,23.770282627610026,23.78786397577665,23.630517324783447,23.144952169706926,25.0,22.0
2017-11-17,14,23.0,23.956345255450817,23.846051999860126,23.86363237906665,23.784392842477068,23.266710604461135,25.0,23.0
2017-11-17,15,23.0,23.956345255450817,23.846051999860126,23.86363237906665,23.784392842477068,23.496317427250755,26.0,23.0
2017-11-17,16,23.0,24.156629998095497,24.046336742504806,24.06391712171133,23.961638276498586,23.61040296826269,26.0,24.0
2017-11-17,17,23.0,23.956345255450817,23.846051999860126,23.86363237906665,23.784392842477068,23.642277467875846,25.0,23.0
2017-11-17,18,21.0,20.849435466907334,20.846825725069294,20.876279510419995,20.81386140644187,20.697592845212125,21.0,21.0
2017-11-17,19,21.0,21.471680171061806,21.46982458320563,21.442575969935277,21.352658247467428,20.836812500512817,22.0,22.0
2017-11-17,20,21.0,20.49659615276103,20.504005548179098,20.499534583231927,20.38764096373811,20.690849805358315,20.0,21.0
2017-11-17,21,20.0,20.673787341632206,20.704202227361236,20.697717771539896,20.60751941238944,20.791973313593317,21.0,20.0
2017-11-17,22,20.0,20.40331478034962,20.432003427716975,20.425507980397484,20.2921361030589,20.659740029005125,20.0,20.0
2017-11-17,23,19.0,20.40331478034962,20.432003427716975,20.425507980397484,20.281118277206687,20.591771292508437,20.0,20.0
2017-11-18,0,20.0,19.339869346751723,19.32768825839945,19.420511902618543,19.41197909262365,18.09603541939851,19.0,19.0
2017-11-18,1,19.0,19.31741428977887,19.30784516259449,19.436878373194087,19.422742456093935,17.995936670763857,19.0,19.0
2017-11-18,2,19.0,19.35798399188272,19.293966082122783,19.40108432932323,19.442848191081893,17.99339915737832,20.0,18.0
2017-11-18,3,20.0,19.31741428977887,19.30784516259449,19.436878373194087,19.422742456093935,17.774473543055525,19.0,19.0
2017-11-18,4,19.0,19.462859995837245,19.425332573979347,19.545457807930763,19.567477190138785,17.76290233030612,20.0,19.0
2017-11-18,5,20.0,19.445346602973153,19.42253210319998,19.52424187288022,19.47733446337323,17.564695794475785,19.0,20.0
2017-11-18,6,19.0,19.519812850591123,19.49342291178627,19.604372159621263,19.53711322921656,17.494843194073546,19.0,20.0
2017-11-18,7,19.0,19.551068823978063,19.50970227704317,19.598761861686505,19.534138986236876,17.544877990265135,20.0,20.0
2017-11-18,8,19.0,18.314527101726423,18.22912627078513,18.33898434091193,18.30448019197528,17.344238717382485,18.0,20.0
2017-11-18,9,17.0,17.975170972834974,17.917803697904,18.00342932743884,17.924210039540522,17.34826402753445,18.0,21.0
2017-11-18,10,17.0,17.883628278222254,17.917803697904,18.00342932743884,17.924210039540522,17.303367371509985,17.0,21.0
2017-11-18,11,17.0,17.871046135962676,17.920238826226512,18.03900114045219,17.891828430330797,17.35243706024525,17.0,23.0
2017-11-18,12,17.0,17.898429964706665,17.925319226567705,18.03900114045219,17.891828430330797,17.466371340200745,17.0,22.0
2017-11-18,13,17.0,17.88232730795368,17.92520569804012,18.022634669876645,17.88106506686051,17.58368034413303,17.0,22.0
2017-11-18,14,17.0,17.88232730795368,17.92520569804012,18.022634669876645,17.88106506686051,17.79048405221386,18.0,23.0
2017-11-18,15,17.0,17.88232730795368,17.92520569804012,18.022634669876645,17.88106506686051,17.825750679093193,17.0,23.0
2017-11-18,16,17.0,17.88232730795368,17.92520569804012,18.022634669876645,17.88106506686051,17.94806011683906,17.0,23.0
2017-11-18,17,18.0,18.464171443450336,18.507049833536776,18.6044788053733,18.48338198609028,18.056135634924765,17.0,23.0
2017-11-18,18,18.0,18.476753585709915,18.504614705214262,18.568906992359953,18.515763595300005,18.264353067010312,18.0,21.0
2017-11-18,19,19.0,19.595394308206224,19.569085184215563,19.618927538827297,19.67653169690893,18.512112435212856,20.0,21.0
2017-11-18,20,20.0,19.5493276159647,19.525052007550556,19.573650388502617,19.6167529310656,18.54290602399546,20.0,21.0
2017-11-18,21,19.0,19.331337133048162,19.300228675412036,19.36552830680235,19.34425738627825,18.462562999442287,19.0,20.0
2017-11-18,22,19.0,19.331337133048162,19.300228675412036,19.36552830680235,19.34425738627825,18.431141941065547,19.0,20.0
2017-11-18,23,20.0,19.449555742317813,19.435657652666205,19.496458723451845,19.525565137810155,18.478997173983323,20.0,19.0
2017-11-19,0,20.0,19.481709903841622,19.522023731548487,19.326808678956066,19.564106213032343,18.525613056793688,19.0,20.0
2017-11-19,1,19.0,19.57747345613842,19.63264973367186,19.451754584268286,19.72884345497382,18.52046142239247,20.0,19.0
2017-11-19,2,19.0,19.432027750080046,19.502180635743525,19.34317514953161,19.57486957650263,18.305505148897527,19.0,19.0
2017-11-19,3,19.0,19.604700552927145,19.63264973367186,19.451754584268286,19.72884345497382,18.26371767856676,20.0,20.0
2017-11-19,4,20.0,19.432027750080046,19.489198949200045,19.34317514953161,19.565630432076286,18.07129363768711,19.0,19.0
2017-11-19,5,19.0,19.705405769332703,19.729944439855124,19.53911808395442,19.783435462253113,18.055359074521622,20.0,20.0
2017-11-19,6,20.0,19.607199214103574,19.670366150513075,19.510668935958787,19.68924034962525,17.904160085801294,19.0,19.0
2017-11-19,7,19.0,19.638455187490514,19.68664551576998,19.50505863802403,19.68626610664557,17.95582660395556,20.0,19.0
2017-11-19,8,18.0,18.401913465238874,18.406069509511937,18.245281117249455,18.456607312383973,17.75997129780573,18.0,19.0
2017-11-19,9,17.0,17.936386886124815,17.87839663776864,17.74025706348239,17.945369603177664,17.81304671006397,18.0,17.0
2017-11-19,10,17.0,17.936386886124815,17.87839663776864,17.74025706348239,17.945369603177664,17.778067849445144,17.0,17.0
2017-11-19,11,17.0,17.936386886124815,17.87839663776864,17.74025706348239,17.945369603177664,17.866313662235566,17.0,17.0
2017-11-19,12,17.0,17.963770714868804,17.88347703810983,17.74025706348239,17.945369603177664,18.072356767355295,18.0,17.0
2017-11-19,13,18.0,17.94766805811582,17.883363509582246,17.723890592906844,17.934606239707378,18.10853196039756,17.0,17.0
2017-11-19,14,17.0,17.94766805811582,17.883363509582246,17.723890592906844,17.934606239707378,18.2471705194913,17.0,17.0
2017-11-19,15,17.0,17.94766805811582,17.883363509582246,17.723890592906844,17.934606239707378,18.385882911475104,17.0,17.0
2017-11-19,16,17.0,17.94766805811582,17.883363509582246,17.723890592906844,17.934606239707378,18.51580254129697,17.0,17.0
2017-11-19,17,18.0,18.529512193612476,18.465207645078902,18.3057347284035,18.502126561722996,18.708376692470907,18.0,18.0
2017-11-19,18,18.0,19.373567207411092,19.26266717973237,19.11779700790656,19.289596425513494,18.890599239832284,19.0,18.0
2017-11-19,19,19.0,19.701778589473232,19.674026302480247,19.448032650114047,19.74848884991439,19.02938561302989,20.0,19.0
2017-11-19,20,20.0,19.537493287962057,19.477171914138843,19.271825083139873,19.496384506686944,18.948053962037424,19.0,20.0
2017-11-19,21,20.0,19.510266191173333,19.477171914138843,19.271825083139873,19.496384506686944,18.953628715107083,19.0,19.0
2017-11-19,22,19.0,19.510266191173333,19.477171914138843,19.271825083139873,19.496384506686944,18.9122898613247,19.0,19.0
2017-11-19,23,20.0,19.682938994020432,19.62999312581524,19.402755499789368,19.677692258218848,18.920968970187317,20.0,20.0
2017-11-20,0,19.0,20.250257349434158,20.202703517419373,20.222546126305918,20.18988647179373,20.400467970131253,19.0,20.0
2017-11-20,1,20.0,20.142475676597925,20.165004396353112,20.180813024743294,20.167317394454418,20.248967308810183,19.0,19.0
2017-11-20,2,20.0,20.142475676597925,20.165004396353112,20.180813024743294,20.167317394454418,20.078317615551743,19.0,19.0
2017-11-20,3,19.0,20.142475676597925,20.165004396353112,20.180813024743294,20.167317394454418,19.914548113511586,19.0,19.0
2017-11-20,4,20.0,20.16970277338665,20.152022709809632,20.180813024743294,20.16018111885674,19.755592545497052,19.0,20.0
2017-11-20,5,20.0,20.22442347983495,20.262299102536375,20.25025618703681,20.224012270562376,19.65336845224543,19.0,19.0
2017-11-20,6,21.0,20.684638308536638,20.702088436103224,20.692695103862103,20.68355254864482,19.74817274182641,21.0,20.0
2017-11-20,7,21.0,20.684638308536638,20.702088436103224,20.782209037025936,20.68355254864482,19.727078617733618,21.0,19.0
2017-11-20,8,20.0,20.9429713110234,21.010859294102705,21.04951500288386,21.023864614713645,22.492992683632494,20.0,18.0
2017-11-20,9,7.0,21.210903341175946,21.318546279800525,21.456676107009113,21.336754897714723,22.658215652393014,21.0,17.0
2017-11-20,10,0.0,22.243785393789018,22.423479069457564,22.50375171337799,22.271728853362887,22.852560096525835,22.0,17.0
2017-11-20,11,59.0,22.533085103376163,22.714530923326915,22.777177824352847,22.5187256191141,22.990027298778585,22.0,17.0
2017-11-20,12,24.0,23.798220972232816,23.918651095073677,23.944419143278115,23.685335060140694,23.34241943081817,24.0,17.0
2017-11-20,13,24.0,23.339751812256765,23.534403453835477,23.57344045696009,23.317595699079327,23.417602377738028,23.0,18.0
2017-11-20,14,23.0,23.339751812256765,23.534403453835477,23.59262946818628,23.32861352493154,23.61927562963752,23.0,17.0
2017-11-20,15,23.0,23.798220972232816,23.934599136213045,23.992822862766104,23.71892196333222,23.893783356674135,24.0,17.0
2017-11-20,16,23.0,23.339751812256765,23.534403453835477,23.59262946818628,23.32861352493154,23.96260790694404,23.0,17.0
2017-11-20,17,22.0,23.339751812256765,23.534403453835477,23.59262946818628,23.32861352493154,24.082042255493292,23.0,18.0
2017-11-20,18,20.0,20.618875589107425,20.65771614004124,20.74500616601125,20.515983405405922,21.06306701623538,20.0,18.0
2017-11-20,19,21.0,21.278733388255674,21.367845315830156,21.306399714620998,21.16287520139303,21.28842733502347,22.0,19.0
2017-11-20,20,20.0,20.919311714719807,20.983683659260834,20.934185793871094,20.821346519808333,21.186707516956854,21.0,20.0
2017-11-20,21,20.0,21.212893912464416,21.277265857005442,21.227767991615703,21.073883342457442,21.239564046235053,22.0,20.0
2017-11-20,22,20.0,20.621612056648498,20.711484859616572,20.661976002728682,20.503559066998097,20.98271519104445,20.0,19.0
2017-11-20,23,20.0,20.919311714719807,20.983683659260834,20.914996782644902,20.80792455047642,20.942172910444736,21.0,20.0
2017-11-21,0,19.0,18.089506837643203,17.559259861493803,18.097867280202923,16.948508888611453,18.08637642648797,20.0,19.0
2017-11-21,1,19.0,17.30890538385796,17.16924028206669,17.054527889040624,16.231639342105193,17.905848688558155,20.0,20.0
2017-11-21,2,19.0,17.163459677799587,17.03877118413835,16.669053232261952,16.013613528582084,17.64036599538977,19.0,20.0
2017-11-21,3,20.0,17.01720780870062,16.972507678874145,17.60382313832415,16.109647816425053,17.58281711154378,20.0,19.0
2017-11-21,4,19.0,16.25532705638949,15.875201533877009,16.55890915534065,15.22965356483059,17.42300163482009,20.0,20.0
2017-11-21,5,19.0,16.33276596892391,15.91319707967222,16.620983493063317,15.293484716536229,17.306423677012297,20.0,20.0
2017-11-21,6,21.0,16.479846689479846,16.095283308116937,16.67060372479073,15.43477515791108,17.213987651832593,20.0,21.0
2017-11-21,7,20.0,16.96673188191134,16.59669669189343,17.172042151901472,15.908694808195248,17.366320539157062,22.0,21.0
2017-11-21,8,21.0,17.015252988711115,17.064306594445103,17.73415167656519,16.269159166527373,20.143651581279165,20.0,20.0
2017-11-21,9,21.0,18.414691156627125,18.311969860196527,19.041853285066406,17.347458967162652,20.475494098869913,21.0,7.0
2017-11-21,10,23.0,21.224769991711582,21.035359261133713,21.256385057654335,20.512538505632484,20.861180290953623,23.0,0.0
2017-11-21,11,23.0,23.393398587132754,23.92262250471828,23.75606841092717,24.30008628661678,20.3720235655532,25.0,59.0
2017-11-21,12,23.0,22.339977939109435,22.50321771232908,22.419104613383684,23.13963817866591,20.835169905739146,23.0,24.0
2017-11-21,13,24.0,22.339977939109435,22.56783827741241,22.70232404353561,23.278069193948006,21.01909459562317,23.0,24.0
2017-11-21,14,25.0,22.928962346255407,22.69282777054644,22.855805144082506,23.614099103064813,21.315600847432602,24.0,23.0
2017-11-21,15,24.0,21.59067575642129,21.818536094724262,21.97221087207366,22.50185822055122,21.31064532022081,22.0,23.0
2017-11-21,16,26.0,22.139693196464755,22.367553534767726,22.521228312117124,23.111841585778702,21.567385718597535,23.0,23.0
2017-11-21,17,22.0,22.03145937112395,22.18739158520729,22.312209849799935,22.868583341441663,21.71498723504638,23.0,22.0
2017-11-21,18,22.0,19.41262995611577,19.6408022780773,19.77450928126973,20.00095045956295,18.71294656282785,21.0,20.0
2017-11-21,19,22.0,19.044137809527715,19.449200657271113,19.46670323024752,19.716020458234038,18.657538597156417,20.0,21.0
2017-11-21,20,23.0,18.78001093828985,19.076530283987964,19.254935207971826,19.490430836684915,18.5829048245639,19.0,20.0
2017-11-21,21,8.0,18.925456644348223,19.229351495664364,19.38586562462132,19.53162289870573,18.634901445132947,20.0,20.0
2017-11-21,22,0.0,18.925456644348223,19.229351495664364,19.38586562462132,19.53162289870573,18.550174571148496,20.0,20.0
2017-11-21,23,0.0,18.78001093828985,19.076530283987964,19.235746196745634,19.477008867353003,18.335084624283425,19.0,20.0
2017-11-22,0,0.0,4.692539382451809,4.83234373631932,5.5535294684892955,5.312666009224062,12.101517125093363,19.0,19.0
2017-11-22,1,0.0,4.180905786715028,4.7217168825683,5.3363805486525235,5.210084254942822,11.95903082015585,19.0,19.0
2017-11-22,2,0.0,3.8355544295911335,4.189998941643439,5.3363805486525235,4.709067686598787,11.809653119338487,19.0,19.0
2017-11-22,3,0.0,3.005642213181972,3.48361632776143,4.80719898688546,3.9743508665641194,11.55680901828002,18.0,20.0
2017-11-22,4,0.0,3.620240353509224,4.18476982443508,5.3363805486525235,4.70193141100111,11.533024538610354,19.0,19.0
2017-11-22,5,0.0,3.720945569914783,4.295046217161827,5.423744048338656,4.7657625627067475,11.425798289783103,19.0,19.0
2017-11-22,6,0.0,3.5716988134359804,3.9106935930967777,4.718882575113073,3.3713041146004614,11.416266624738954,20.0,21.0
2017-11-22,7,,2.973330317284311,3.0214039677322444,4.199747204805299,2.991012568032445,11.485695151927866,21.0,20.0
2017-11-22,8,21.0,4.984261581474948,5.704483515049002,5.959496660328003,5.468994204553407,13.959771823465148,19.0,21.0
2017-11-22,9,24.0,7.825499355630313,8.06920932055672,8.294759242635614,7.400812619634018,14.190692946621892,21.0,21.0
2017-11-22,10,23.0,10.791616374883533,10.914189334927253,11.037168513709114,9.612648845077645,14.339144110043922,22.0,23.0
2017-11-22,11,23.0,20.875224278281653,21.989185840423957,21.061877364654965,21.26837644986069,14.548867289554432,23.0,23.0
2017-11-22,12,24.0,21.164820968292506,22.21799155894485,21.64061932886778,22.498801137598047,14.691375822469364,23.0,23.0
2017-11-22,13,23.0,22.65976361618898,23.473310425600253,22.42171740799792,23.128496679425222,14.930787049059916,24.0,24.0
2017-11-22,14,23.0,17.776731755913005,18.996140770029566,17.716436133325654,17.850790740860983,14.896505762433812,22.0,25.0
2017-11-22,15,23.0,21.905440941931897,23.28308312300617,22.10632958725873,22.78598635987493,15.166560118789906,23.0,24.0
2017-11-22,16,23.0,22.714815479220356,23.934224493336917,22.654519856633005,23.273811433165044,15.287269520112611,23.0,26.0
2017-11-22,17,19.0,21.63390529957826,22.780556141538018,21.76288759756723,22.40499173439532,15.466959237611182,23.0,22.0
2017-11-22,18,20.0,20.953967024676356,22.301757567272357,21.944081875330532,21.56550556414794,12.887434259240766,23.0,22.0
2017-11-22,19,21.0,17.187846498378185,18.571937101596383,18.155003423933582,17.650226171314085,12.849029290692908,22.0,22.0
2017-11-22,20,21.0,13.414389423951866,14.909830620122095,14.47489628115605,14.996822715062777,12.662592650695249,20.0,23.0
2017-11-22,21,21.0,15.050587392871476,16.245820474221933,16.200037651661027,16.460545659558818,12.936665242083981,21.0,8.0
2017-11-22,22,21.0,15.525513296507373,16.728650268751984,16.709699930109064,17.05347487852462,12.981832123718952,21.0,0.0
2017-11-22,23,20.0,13.720694462139411,15.024421332437052,14.98624644179158,15.907197457909133,12.789319199506071,20.0,0.0
2017-11-23,0,19.0,20.027606261101283,19.78515045473703,20.148463868411955,20.31751976861633,20.905484658723875,19.0,0.0
2017-11-23,1,20.0,19.853551590133325,19.674523600986006,20.010882849377484,20.21493801433509,20.74719638483425,19.0,0.0
2017-11-23,2,19.0,19.920437874595276,19.804992698914344,20.11946228411416,20.400300977722782,20.67662156283371,20.0,0.0
2017-11-23,3,19.0,19.7749921685369,19.674523600986006,20.010882849377484,20.21493801433509,20.424946042915995,19.0,0.0
2017-11-23,4,20.0,19.7749921685369,19.669294483777648,20.010882849377484,20.207801738737412,20.284117653602465,19.0,0.0
2017-11-23,5,20.0,19.82192328462221,19.77957087650439,20.03939159535291,20.271632890443048,20.170792072424707,19.0,0.0
2017-11-23,6,19.0,20.129284491768875,20.259515602860308,20.453095139602596,20.83032238375076,20.18680664538806,20.0,0.0
2017-11-23,7,20.0,20.18634862152746,20.12904650493197,20.34451570486592,20.64495942036307,20.057446298515224,19.0,0.0
2017-11-23,8,17.0,19.01126723150715,19.519003250829403,19.85012316258926,19.63346939591284,22.585973286906068,20.0,21.0
2017-11-23,9,18.0,20.260680784825617,20.98222473968664,21.22376615262111,21.030594375931816,22.785157136634147,22.0,24.0
2017-11-23,10,17.0,21.157925272975806,21.575009497430848,21.89082232630415,21.409795589419957,22.894164962590278,22.0,23.0
2017-11-23,11,18.0,23.419848076600108,23.62375811016299,23.295436584141367,23.679215377311323,23.212141202681636,24.0,23.0
2017-11-23,12,17.0,22.49044854647476,23.4013359780747,23.190869018990014,23.436354919076074,23.169582461807586,22.0,24.0
2017-11-23,13,17.0,22.29016380383008,23.106608585618474,23.194235805694955,23.27630248860509,23.358894294338263,22.0,23.0
2017-11-23,14,18.0,22.839181243873544,23.655626025661938,23.76244225696461,23.897303679684786,23.6337353110341,23.0,23.0
2017-11-23,15,17.0,22.839181243873544,23.655626025661938,23.76244225696461,23.897303679684786,23.80909311655061,23.0,23.0
2017-11-23,16,18.0,23.621286576312055,23.980900261440652,24.097019088929994,24.250831825087293,24.0606597308606,24.0,23.0
2017-11-23,17,17.0,22.968206563907014,23.69929211727433,23.68139912388978,23.522658174550305,24.152920811010844,23.0,19.0
2017-11-23,18,18.0,20.0924999562195,20.7645095967464,20.725772821527517,20.717882498227358,21.33057381630367,21.0,20.0
2017-11-23,19,20.0,20.350497703503155,20.99494558772953,21.014508291594005,21.00327677235779,21.46333111513071,22.0,21.0
2017-11-23,20,19.0,19.9233995600467,20.562111407216243,20.447223530562866,20.583920798456035,21.378136415824805,21.0,21.0
2017-11-23,21,20.0,19.53836578469261,20.28991260757198,20.175013739420454,20.266133345645798,21.248250881062916,20.0,21.0
2017-11-23,22,19.0,19.53836578469261,20.28991260757198,20.175013739420454,20.266133345645798,21.170266613747835,20.0,21.0
2017-11-23,23,20.0,19.537650174531365,20.353058814333462,20.101413470151407,20.20041279387463,21.070369871695195,20.0,20.0
2017-11-24,0,19.0,20.041912062480453,19.988291747985397,20.02748986600939,19.923651827519844,21.48903548442643,19.0,19.0
2017-11-24,1,20.0,19.98858458322167,19.950592626919136,19.985756764446766,19.90108275018053,21.307060594243985,19.0,20.0
2017-11-24,2,19.0,18.91755849270879,19.180955810439936,18.7949614245473,18.1122875806445,21.05404267320088,18.0,19.0
2017-11-24,3,15.0,19.961357486432945,19.950592626919136,19.985756764446766,19.90108275018053,20.981522476001764,19.0,19.0
2017-11-24,4,0.0,19.98858458322167,19.937610940375656,19.985756764446766,19.89184360575419,20.820818426945287,19.0,20.0
2017-11-24,5,31.0,20.234735505685602,20.178356431030736,20.181699698869576,20.109648635931016,20.79720985891649,20.0,20.0
2017-11-24,6,0.0,20.289995999534323,20.307447325763796,20.369082298449708,20.2333606690302,20.73220991921518,20.0,19.0
2017-11-24,7,0.0,20.317223096323048,20.307447325763796,20.369082298449708,20.2333606690302,20.683864085007006,20.0,20.0
2017-11-24,8,0.0,20.812635981177745,20.824049369795162,20.79724604346332,20.802148292661528,23.715224481466144,20.0,17.0
2017-11-24,9,0.0,21.080568011330293,21.131736355492983,21.204407147588572,21.114737301011573,23.854569324581764,21.0,18.0
2017-11-24,10,,21.6828116048721,21.78036924108453,21.853024552258315,21.740488580897342,23.971477767216964,21.0,17.0
2017-11-24,11,18.0,23.011774970525607,23.16860760074212,23.223637169021412,23.056463686085067,24.284841166953218,23.0,18.0
2017-11-24,12,17.0,22.420985071228,22.51265881806047,22.524908864932307,22.29670802241095,24.37331031541425,22.0,17.0
2017-11-24,13,17.0,22.420985071228,22.528606859199837,22.56664196649493,22.319277099750263,24.5586821575509,22.0,17.0
2017-11-24,14,17.0,23.119713375317104,23.22733516328894,23.265370270584036,23.090050589276593,24.828910333891635,23.0,18.0
2017-11-24,15,17.0,23.119713375317104,23.22733516328894,23.265370270584036,23.090050589276593,25.025982059430635,23.0,17.0
2017-11-24,16,18.0,23.119713375317104,23.22733516328894,23.265370270584036,23.090050589276593,25.176269757097895,23.0,18.0
2017-11-24,17,17.0,23.119713375317104,23.22733516328894,23.265370270584036,23.090050589276593,25.324429853466576,23.0,17.0
2017-11-24,18,18.0,20.63400250938949,20.662318823584485,20.729454234204425,20.596790929447735,22.242351564093546,21.0,18.0
2017-11-24,19,20.0,20.70257845272182,20.76719482753901,20.775072252437976,20.659874426202137,22.266467743569077,21.0,20.0
2017-11-24,20,19.0,20.64849041746082,20.696573450293076,20.685181709399473,20.536162393102952,22.284803360755554,21.0,19.0
2017-11-24,21,15.0,20.378017856178236,20.424374650648815,20.41297191825706,20.220779083772413,22.13504216625072,20.0,20.0
2017-11-24,22,0.0,20.35079075938951,20.424374650648815,20.41297191825706,20.220779083772413,22.06297058559999,20.0,19.0
2017-11-24,23,0.0,20.23257215011986,20.27155343897242,20.282041501607566,20.01743568053608,21.832718804173354,19.0,20.0
2017-11-25,0,0.0,4.707948071365838,4.280861476594325,3.7704205323985893,4.6558580088303305,14.745132278655147,20.0,19.0
2017-11-25,1,,4.098138274288133,3.8390652533340615,2.852017096911936,3.899461796870539,14.487251998624448,19.0,20.0
2017-11-25,2,0.0,4.48722350161741,3.6423326501415114,3.678207568237455,4.012733020751527,14.344183677436632,19.0,19.0
2017-11-25,3,0.0,4.86612090612151,3.8676942582759266,3.881935767217605,4.431757848936652,14.341018267116404,20.0,15.0
2017-11-25,4,0.0,5.216250842642824,3.9529894075043575,4.4087532169183214,5.097181066437775,14.318619619779362,19.0,0.0
2017-11-25,5,0.0,4.159884004879141,3.704550997966546,3.654107578888194,4.102857817176707,13.873600710031532,20.0,31.0
2017-11-25,6,0.0,5.3644269625341146,4.382143187638344,4.7854290807665585,5.507529798450872,14.131791957585342,19.0,0.0
2017-11-25,7,0.0,5.566936798351076,4.382143187638344,4.7854290807665585,5.507529798450872,14.094939370069326,19.0,0.0
2017-11-25,8,0.0,5.831816152691965,4.561300633561415,4.999377420393166,5.735808946613279,14.10082524959682,19.0,0.0
2017-11-25,9,0.0,5.474096012083091,4.19742104798174,4.541822737532904,5.205638669473382,13.962578969035853,17.0,0.0
2017-11-25,10,0.0,6.389053506565746,4.871912862868449,5.216314946404319,6.383269335641732,14.051572534822437,17.0,0.0
2017-11-25,11,0.0,7.486382855238536,6.828918756508551,6.588544733029682,7.190241836691153,13.926632208166374,17.0,18.0
2017-11-25,12,0.0,7.513766683982522,6.833999156849743,6.588544733029682,7.401729752730492,14.091006746475662,17.0,17.0
2017-11-25,13,0.0,7.797778791204758,7.222816500251435,6.572178262454138,7.426815650261065,14.258756008761729,17.0,17.0
2017-11-25,14,0.0,7.825561449386186,7.357863433436065,6.572178262454138,7.426815650261065,14.432847888590596,17.0,17.0
2017-11-25,15,0.0,7.825561449386186,7.357863433436065,6.572178262454138,7.426815650261065,14.602004737280978,17.0,17.0
2017-11-25,16,0.0,7.825561449386186,7.357863433436065,6.572178262454138,7.426815650261065,14.741471917024736,17.0,18.0
2017-11-25,17,0.0,7.825561449386186,7.357863433436065,6.572178262454138,7.426815650261065,14.976357921165173,18.0,17.0
2017-11-25,18,0.0,9.413857050962683,9.217001747356154,8.43196245439935,9.339004953731308,15.056248059512845,18.0,18.0
2017-11-25,19,0.0,9.083302943046736,9.107123771596463,8.458598691923436,9.20432759869189,15.176212265338476,19.0,20.0
2017-11-25,20,0.0,9.616569647890593,9.550897144340171,8.835408246627129,9.64592852141363,15.294877914150867,20.0,19.0
2017-11-25,21,0.0,9.756046870036393,9.492968442869852,8.799626594221106,9.752247169192229,15.225003754286648,19.0,15.0
2017-11-25,22,0.0,10.428396733553814,9.880978809136044,9.435023478658504,10.328379242801555,15.360419993949037,19.0,0.0
2017-11-25,23,0.0,10.548106824732963,10.033800020812441,9.565953895307999,10.47719581415081,15.347459085419946,20.0,0.0
2017-11-26,0,0.0,3.385947143201204,3.20010081540494,3.2674575549237024,4.424596715501394,13.513515295611576,20.0,0.0
2017-11-26,1,,3.309301730508,3.1301420179272976,3.2564772153240966,4.316707940658081,13.285296970207137,19.0,0.0
2017-11-26,2,0.0,3.2307423089115748,3.1301420179272976,3.2564772153240966,4.316707940658081,13.143183937564947,19.0,0.0
2017-11-26,3,0.0,3.2307423089115748,3.1301420179272976,3.2564772153240966,4.316707940658081,13.00391942153647,19.0,0.0
2017-11-26,4,0.0,3.2849326646319246,3.1672760330564977,3.2838240254992463,4.426120934545334,12.971108463670994,20.0,0.0
2017-11-26,5,0.0,3.2964308381654166,3.2274367241105635,3.3029062986921405,4.3712999479373735,12.773363369229205,19.0,0.0
2017-11-26,6,0.0,3.609651195579449,3.910050239878921,3.9693017802184016,5.020214702150829,12.79248466705935,20.0,0.0
2017-11-26,7,0.0,4.277805376570772,3.8599345382062387,3.941954970043252,4.901562563837231,12.660017595319722,19.0,0.0
2017-11-26,8,0.0,4.2799113267602,3.7544009697598946,3.718629429961609,4.694682292692053,12.566258154090784,18.0,0.0
2017-11-26,9,0.0,4.2799113267602,3.7317268515761755,3.718629429961609,4.663639488647475,12.511808543003408,17.0,0.0
2017-11-26,10,0.0,5.194868821242853,4.406218666462881,4.393121638833021,5.841270154815825,12.588120031425717,17.0,0.0
2017-11-26,11,0.0,6.9645480334330525,6.2195169854443115,6.1319050206962356,6.812567252716664,12.69705057306222,17.0,0.0
2017-11-26,12,0.0,6.991931862177038,6.224597385785504,6.1319050206962356,6.838696000960063,12.831763156745236,17.0,0.0
2017-11-26,13,0.0,7.055841424070333,6.298205633500548,6.115538550120691,6.827932637489778,13.0771917374473,18.0,0.0
2017-11-26,14,0.0,7.261578989804759,6.330600571541388,6.115538550120691,6.827932637489778,13.142987055688284,17.0,0.0
2017-11-26,15,0.0,7.261578989804759,6.330600571541388,6.115538550120691,6.827932637489778,13.29946182701439,17.0,0.0
2017-11-26,16,0.0,7.261578989804759,6.330600571541388,6.115538550120691,6.827932637489778,13.443011009876326,17.0,0.0
2017-11-26,17,0.0,7.261578989804759,6.330600571541388,6.115538550120691,6.827932637489778,13.657966359615745,18.0,0.0
2017-11-26,18,0.0,8.849874591381267,8.189738885461471,7.975322742065905,8.74012194096002,13.749583286782062,18.0,0.0
2017-11-26,19,0.0,9.246152445715973,8.535520569108359,8.453708969556418,9.250267239907558,13.899260613819315,19.0,0.0
2017-11-26,20,0.0,9.069712355119087,8.453811291337793,8.308228335700438,9.095233873138557,14.010230310345882,20.0,0.0
2017-11-26,21,0.0,9.069712355119087,8.453811291337793,8.308228335700438,9.095233873138557,13.98836220703205,20.0,0.0
2017-11-26,22,0.0,9.015521999398738,8.403695589665109,8.280881525525288,8.96961912082854,13.835733004208532,19.0,0.0
2017-11-26,23,0.0,8.371922746671377,8.453811291337793,8.308228335700438,9.084216047286342,13.837540687568492,20.0,0.0
2017-11-27,0,0.0,4.921358717565531,5.364970423507339,5.669908500194024,6.019832798393716,16.265791675607918,19.0,0.0
2017-11-27,1,,4.8949944972383745,5.3773870041137615,5.655522208806555,6.115915859367999,16.22740688827959,20.0,0.0
2017-11-27,2,0.0,4.81643507564195,5.3773870041137615,5.655522208806555,6.115915859367999,16.0878821655561,20.0,0.0
2017-11-27,3,0.0,4.7622447199216005,5.327271302441079,5.628175398631405,5.997263721054401,15.85731231194417,19.0,0.0
2017-11-27,4,0.0,4.81643507564195,5.364405317570279,5.655522208806555,6.108779583770322,15.826206839685184,20.0,0.0
2017-11-27,5,0.0,4.882123604895795,5.474681710297026,5.701951292174597,6.172610735475959,15.723061828014178,20.0,0.0
2017-11-27,6,0.0,5.22058151704032,5.76372657068278,6.084573400102571,6.752061844273123,15.742548803647635,21.0,0.0
2017-11-27,7,0.0,5.942926053751992,5.76372657068278,6.084573400102571,6.752061844273123,15.703244023803528,21.0,0.0
2017-11-27,8,0.0,8.800064943469069,8.421964185435055,8.621788169080046,9.632550194497897,18.194575919856295,20.0,0.0
2017-11-27,9,0.0,11.97549362024498,11.81812876639784,12.14591017867493,12.786789187607617,17.016085186776415,7.0,0.0
2017-11-27,10,0.0,12.989499097973939,12.673490405601491,13.00125673094149,14.063467837022273,16.435478255191498,0.0,0.0
2017-11-27,11,0.0,23.56462808255119,23.681552523431467,23.417352191613006,24.011394113561682,22.059970699140546,59.0,0.0
2017-11-27,12,,23.566579800979316,23.855096085453525,23.849371566883523,24.05340725623606,18.918426744685913,24.0,0.0
2017-11-27,13,26.0,23.72714659567309,23.982465023901792,23.91432431833487,24.075976333575372,19.067549757010703,24.0,0.0
2017-11-27,14,26.0,22.254223911875027,22.254866762798382,22.173337306816283,22.57140135049036,19.130756765332986,23.0,0.0
2017-11-27,15,24.0,22.254223911875027,22.254866762798382,22.173337306816283,22.57140135049036,19.285008904543705,23.0,0.0
2017-11-27,16,26.0,22.254223911875027,22.254866762798382,22.173337306816283,22.57140135049036,19.426852601799155,23.0,0.0
2017-11-27,17,25.0,18.289097528073977,18.289740378997333,18.208210923015233,18.1213379976926,19.453679899068955,22.0,0.0
2017-11-27,18,20.0,15.449710338022088,15.4601987425598,15.510777282580152,16.42108004919774,16.771711758680638,20.0,0.0
2017-11-27,19,21.0,17.00027806610088,17.164427678874716,17.15578377395046,17.40509216977472,16.921754763521204,21.0,0.0
2017-11-27,20,21.0,15.103351920631813,15.281827480956842,15.137730693006457,15.808975649630723,16.84674063372205,20.0,0.0
2017-11-27,21,20.0,15.103351920631813,15.281827480956842,15.137730693006457,15.806571506151025,16.826578016014707,20.0,0.0
2017-11-27,22,20.0,15.103351920631813,15.281827480956842,15.137730693006457,15.806571506151025,16.76969941500541,20.0,0.0
2017-11-27,23,20.0,14.405562312184102,15.281827480956842,15.118541681780263,15.795553680298811,16.680567438585236,20.0,0.0
2017-11-28,0,19.0,17.9776258006563,18.807381859860428,19.107254075471243,18.58978350958836,25.95226444307113,19.0,0.0
2017-11-28,1,19.0,17.80357112968834,18.696755006109406,18.969673056436772,18.487201755307122,25.814819829852457,19.0,0.0
2017-11-28,2,20.0,17.80357112968834,18.696755006109406,18.969673056436772,18.487201755307122,25.670140237795085,19.0,0.0
2017-11-28,3,19.0,17.883497100287915,18.74687070778209,18.99701986661192,18.605853893620722,25.622199736930853,20.0,0.0
2017-11-28,4,19.0,17.80357112968834,18.691525888901047,18.969673056436772,18.480065479709445,25.400641685873044,19.0,0.0
2017-11-28,5,19.0,17.86925965894218,18.80180228162779,19.016102139804815,18.54389663141508,25.295361457411683,19.0,0.0
2017-11-28,6,20.0,18.42229824126101,19.76231739889389,19.87291934848385,19.821363980544415,25.407648120060067,21.0,0.0
2017-11-28,7,21.0,18.950332951496843,19.51501403841649,19.62556564446471,19.643965542869882,25.275543653201034,20.0,0.0
2017-11-28,8,19.0,20.669928764127757,20.434438281236314,20.47735873873301,21.06222387188189,28.0159898003957,21.0,0.0
2017-11-28,9,23.0,20.669928764127757,20.439667398444673,20.589764200162183,21.071764290959266,28.056759312801827,21.0,0.0
2017-11-28,10,23.0,22.3339263144369,22.18548678982446,22.335568110620166,22.70755367491668,28.322330695156396,23.0,0.0
2017-11-28,11,25.0,22.651541090348903,22.61566230256959,22.66535663873632,23.02871991992617,28.433827796208078,23.0,0.0
2017-11-28,12,11.0,22.678924919092893,22.722691611711525,22.73367625899266,23.09136600570218,28.571294637404165,23.0,0.0
2017-11-28,13,37.0,24.953638970704777,24.54709561981653,24.778668625335495,25.107421492088527,28.460331588690302,24.0,26.0
2017-11-28,14,27.0,25.175106092389463,24.708766705959295,24.99707064813732,25.167299732519034,28.715749405744134,25.0,26.0
2017-11-28,15,25.0,24.720877041233805,24.363884973419744,24.592363224873274,25.00066935587593,28.80852676859284,24.0,24.0
2017-11-28,16,27.0,25.175106092389463,24.708766705959295,24.99707064813732,25.167299732519034,29.113196437960266,26.0,26.0
2017-11-28,17,25.0,22.808509091090997,22.20720814104018,22.457601099987524,23.046011890891755,28.875388346267336,22.0,25.0
2017-11-28,18,21.0,20.288055461062868,20.202212966591855,20.489810038282467,20.496309134914107,26.390347849723835,22.0,20.0
2017-11-28,19,20.0,20.327775440998952,20.10678939169015,20.485189758367415,20.64211313882252,26.43232129883824,22.0,21.0
2017-11-28,20,21.0,20.776100515221092,20.57847391023233,20.85908790407655,20.77331084617319,26.542227891646398,23.0,21.0
2017-11-28,21,20.0,19.71406771747019,19.592529356360565,19.809368289235397,19.44984022385043,25.129562392398803,8.0,20.0
2017-11-28,22,21.0,19.71406771747019,19.592529356360565,19.809368289235397,19.44984022385043,24.32003344714885,0.0,20.0
2017-11-28,23,20.0,19.01627810902248,19.592529356360565,19.790179278009205,19.44984022385043,24.225746601394796,0.0,20.0
2017-11-29,0,19.0,19.62390654397943,19.450404329523323,20.006928798491526,19.746272093317117,22.735535333905354,0.0,19.0
2017-11-29,1,20.0,19.48840958673731,19.35973410010485,19.869347779457055,19.643690339035878,22.604066059020127,0.0,19.0
2017-11-29,2,19.0,19.531728262595113,19.407430790644003,19.622426814867406,19.44897092654692,22.451141292520067,0.0,20.0
2017-11-29,3,19.0,19.48840958673731,19.35973410010485,19.592452557415058,19.40842758947475,22.328267585985625,0.0,19.0
2017-11-29,4,20.0,19.48840958673731,19.35450498289649,19.592452557415058,19.401291313877074,22.20390644845237,0.0,19.0
2017-11-29,5,19.0,19.589114803142866,19.464781375623232,19.679816057101192,19.46512246558271,22.100932614498735,0.0,19.0
2017-11-29,6,21.0,19.660833034377116,19.54997585752523,19.8305756550036,19.53247475226744,22.01313670262155,0.0,20.0
2017-11-29,7,20.0,19.85425786933505,19.64323149859975,20.02379603620774,19.774406752576215,21.959960233902404,0.0,21.0
2017-11-29,8,21.0,20.78537459835136,20.558047127543194,20.75721400305404,20.397779033143046,26.659564384387245,21.0,19.0
2017-11-29,9,22.0,22.516184757869933,22.34010920629038,22.60128492277884,22.37667668322569,26.921995648690466,24.0,23.0
2017-11-29,10,23.0,22.924804831093684,22.87905349415658,23.082363454254814,22.912458759907715,26.902201661263327,23.0,23.0
2017-11-29,11,23.0,24.54325448295327,24.38378489757431,24.386357785562875,24.051970170563095,26.98050402672743,23.0,25.0
2017-11-29,12,23.0,23.89076066963513,23.70555816720034,23.7975699765936,23.524359270936873,27.398909746096834,24.0,11.0
2017-11-29,13,25.0,24.744692982665217,24.666061625550597,24.658328935168836,24.253047271621202,27.09491541965186,23.0,37.0
2017-11-29,14,25.0,24.744692982665217,24.666061625550597,24.677517946395028,24.264065097473416,27.389370171540353,23.0,27.0
2017-11-29,15,24.0,24.744692982665217,24.666061625550597,24.677517946395028,24.264065097473416,27.57089404340269,23.0,25.0
2017-11-29,16,25.0,24.744692982665217,24.666061625550597,24.677517946395028,24.264065097473416,27.684838829546727,23.0,27.0
2017-11-29,17,23.0,23.566688704176524,23.647764757492872,23.683303145832895,23.37452625578554,27.458537646689493,19.0,25.0
2017-11-29,18,22.0,20.739557659503312,20.94305602003224,21.028811134569864,20.466875439653577,24.989146751151516,20.0,21.0
2017-11-29,19,22.0,20.9950100018238,21.121999178601982,21.13860289861564,20.613727821907432,25.153061444867127,21.0,20.0
2017-11-29,20,21.0,21.014430555424475,21.076002836907826,20.99986968260395,20.59359432329384,25.157933159140757,21.0,21.0
2017-11-29,21,21.0,20.921149183013068,20.982747195833305,20.89670964122829,20.446908670654786,25.1518561492014,21.0,20.0
2017-11-29,22,20.0,21.014430555424475,21.076002836907826,20.99986968260395,20.59119017981414,25.08151911888391,21.0,21.0
2017-11-29,23,20.0,20.536115407658976,20.710548396189044,20.605310838859687,20.120507535472033,24.913085735675175,20.0,20.0
2017-11-30,0,20.0,20.06573764492645,19.964531590414023,19.932247198667064,19.900496576291573,24.51194220479601,19.0,19.0
2017-11-30,1,19.0,20.157855871726042,20.074693801698327,19.999093531841115,20.031901377423452,24.450454330308983,20.0,20.0
2017-11-30,2,20.0,19.985183068878943,19.92683246934776,19.89051409710444,19.87792749895226,24.222558240829727,19.0,19.0
2017-11-30,3,19.0,19.985183068878943,19.92683246934776,19.89051409710444,19.87792749895226,24.078082679757603,19.0,19.0
2017-11-30,4,20.0,20.157855871726042,20.061712115154847,19.999093531841115,20.024765101825775,24.027459843051147,20.0,20.0
2017-11-30,5,20.0,20.231333991342876,20.15459627345936,20.08645703152725,20.08859625353141,23.934542412012338,20.0,19.0
2017-11-30,6,20.0,20.376515974296737,20.328729812613517,20.335208753763293,20.170872125713824,23.73812381831995,19.0,21.0
2017-11-30,7,21.0,20.42047658921989,20.32103748419343,20.39158114104026,20.212308286630595,23.807383334759432,20.0,20.0
2017-11-30,8,20.0,21.432837160985144,21.466727366159656,21.44231850169293,20.437254313668337,26.0776778441042,17.0,21.0
2017-11-30,9,22.0,21.79071605812776,21.843580925897246,21.93409814929069,21.114889070562825,26.20046944456863,18.0,22.0
2017-11-30,10,25.0,22.497941185361597,22.676228884945107,22.70887709519048,21.893038384570865,26.174650704992324,17.0,23.0
2017-11-30,11,24.0,22.745503877373945,22.880561011454024,22.89559866247624,22.044161407210602,26.38317760680932,18.0,23.0
2017-11-30,12,24.0,22.772887706117935,22.90114708959027,22.96391828273258,22.0607067461624,26.43087440593034,17.0,23.0
2017-11-30,13,25.0,23.120990920669005,23.190965791735373,23.16230107239568,22.73367146268348,26.561660595383557,17.0,25.0
2017-11-30,14,26.0,23.120990920669005,23.190965791735373,23.181490083621874,22.73367146268348,26.820580243503866,18.0,25.0
2017-11-30,15,27.0,22.986719333825324,23.10667239284907,23.184156767606286,22.46095540848738,26.902551393518202,17.0,24.0
2017-11-30,16,26.0,23.120990920669005,23.190965791735373,23.181490083621874,22.73367146268348,27.129813818233114,18.0,25.0
2017-11-30,17,26.0,22.814884568439606,22.934837627463352,23.012322002220568,22.08327582350171,27.187853444900984,17.0,23.0
2017-11-30,18,21.0,20.37165796479305,20.42104611400713,20.49056285152563,20.051367882739697,24.825259406872053,18.0,22.0
2017-11-30,19,21.0,21.037024541030984,21.036564927351392,21.013608949837007,21.058374549994706,25.06760735817013,20.0,22.0
2017-11-30,20,20.0,20.447585930795086,20.47669432233311,20.35559262602531,20.13678545514594,25.00282080900317,19.0,21.0
2017-11-30,21,20.0,20.59303163685346,20.629515534009506,20.486523042674804,20.32670688905036,25.07048209989061,20.0,21.0
2017-11-30,22,20.0,20.346100839659865,20.338532895984685,20.3033855785656,20.02184359411182,24.926455155366877,19.0,20.0
2017-11-30,23,20.0,20.49154654571824,20.49135410766108,20.415126983988902,20.203151345643725,24.92219444824518,20.0,20.0
2017-12-01,0,19.0,20.141920421942782,20.068100036161802,20.147812447671186,20.037490636712434,24.38494794639298,19.0,20.0
2017-12-01,1,19.0,20.179584455164925,20.11334105368066,20.214658780845237,20.168895437844313,24.346115010370053,20.0,19.0
2017-12-01,2,20.0,20.061365845895274,20.00026419017455,20.10607934610856,20.01492155937312,24.085959456954512,19.0,20.0
2017-12-01,3,19.0,20.1439239464942,20.084858198070712,20.34212332465557,20.167229590418003,23.577206995719738,15.0,19.0
2017-12-01,4,19.0,20.171151043282926,20.097021315284582,20.34212332465557,20.15799044599166,22.027083967914436,0.0,20.0
2017-12-01,5,20.0,22.028028449658333,21.926503273357635,22.030135383339726,21.954097886628777,24.817801301890825,31.0,20.0
2017-12-01,6,20.0,20.30025581506493,20.244795499374167,20.464339960758068,20.24863054730986,21.842515691381543,0.0,20.0
2017-12-01,7,20.0,20.522581844399692,20.416396805710956,20.663889553278963,20.473529690743423,21.791275163974042,0.0,21.0
2017-12-01,8,20.0,21.63099069544246,21.475586652450065,21.703030542576514,21.378179498992008,24.609196280419937,0.0,20.0
2017-12-01,9,22.0,22.298116691996245,22.077693063921007,22.39435978269517,22.245615527454877,24.6276992837596,0.0,22.0
2017-12-01,10,23.0,23.603160817746943,23.488756976382383,23.78871138095643,23.707571467406012,24.67176023190602,0.0,25.0
2017-12-01,11,24.0,23.1420909247803,23.13860315823592,23.243869017275905,22.780611416635526,26.488708779196067,18.0,24.0
2017-12-01,12,23.0,23.16947475352429,23.143683558577113,23.243869017275905,22.780611416635526,26.541377246539835,17.0,24.0
2017-12-01,13,23.0,23.669636106349234,23.66661765723882,23.65048308472714,23.041245787339534,26.690948407559226,17.0,25.0
2017-12-01,14,23.0,23.669636106349234,23.66661765723882,23.65048308472714,23.041245787339534,26.847159639886712,17.0,26.0
2017-12-01,15,25.0,23.669636106349234,23.66661765723882,23.65048308472714,23.041245787339534,26.999010477623774,17.0,27.0
2017-12-01,16,24.0,23.669636106349234,23.66661765723882,23.65048308472714,23.041245787339534,27.256952184943017,18.0,26.0
2017-12-01,17,25.0,23.669636106349234,23.66661765723882,23.65048308472714,23.041245787339534,27.2892841972293,17.0,26.0
2017-12-01,18,21.0,20.005311993677953,20.187151827611,20.264993833233902,19.68322137193909,24.74510080610024,18.0,21.0
2017-12-01,19,20.0,20.650905786366152,20.8323938191793,20.81138769470389,20.71493494168891,24.986794224859615,20.0,21.0
2017-12-01,20,20.0,20.32918947825854,20.388677399976213,20.481077482323478,20.2309457042477,24.9200886833874,19.0,20.0
2017-12-01,21,19.0,20.400416961920357,20.423147091256844,20.65448254074522,20.372235909440366,24.517057449863177,15.0,20.0
2017-12-01,22,21.0,20.400416961920357,20.423147091256844,20.65448254074522,20.372235909440366,23.045847301501595,0.0,20.0
2017-12-01,23,18.0,20.400416961920357,20.423147091256844,20.65448254074522,20.372235909440366,22.943425767431627,0.0,20.0
2017-12-02,0,19.0,18.490869479497054,18.453225512178516,18.344781473293214,18.687698806180645,18.435283876868578,0.0,19.0
2017-12-02,1,19.0,18.506972136250038,18.4533390407061,18.361147943868758,18.69846216965093,18.298492816280127,0.0,19.0
2017-12-02,2,19.0,18.534199233038763,18.47073127512833,18.361147943868758,18.69846216965093,18.140608934977855,0.0,20.0
2017-12-02,3,19.0,18.506972136250038,18.4533390407061,18.361147943868758,18.69846216965093,18.013476740020653,0.0,19.0
2017-12-02,4,19.0,18.506972136250038,18.44035735416262,18.361147943868758,18.68922302522459,17.885847949392616,0.0,19.0
2017-12-02,5,18.0,18.63490444944432,18.568025981311592,18.448511443554892,18.753054176930224,17.767006679487118,0.0,20.0
2017-12-02,6,19.0,18.663304004820766,18.594883613232874,18.483364579971255,18.753054176930224,17.692323444573905,0.0,20.0
2017-12-02,7,19.0,18.549114272149332,18.48069388056144,18.36917484729982,18.59610605547935,17.653660905577635,0.0,20.0
2017-12-02,8,17.0,18.22721549540665,18.108089882552658,17.990427326676482,18.2726237597099,17.654240275866652,0.0,20.0
2017-12-02,9,17.0,17.89738644609373,17.872557387833872,17.69033496306136,17.86243597571047,17.666981890854995,0.0,22.0
2017-12-02,10,16.0,18.164981055759636,18.14015199749978,17.957929966711973,18.13965817716568,17.731161058206027,0.0,23.0
2017-12-02,11,17.0,18.50651433974956,18.481685281489703,18.299463250701898,18.273714235895394,17.82823584181577,0.0,24.0
2017-12-02,12,16.0,18.53389816849355,18.486765681830896,18.299463250701898,18.29984298413879,17.97886243372506,0.0,23.0
2017-12-02,13,17.0,18.597807730386833,18.56037392954595,18.283096780126353,18.289079620668506,18.132863749611136,0.0,23.0
2017-12-02,14,16.0,18.625590388568263,18.592768867586788,18.283096780126353,18.289079620668506,18.294144582867617,0.0,23.0
2017-12-02,15,16.0,18.865316924495183,18.69609723446159,18.448291053032648,18.31984547789781,18.424673729779023,0.0,25.0
2017-12-02,16,17.0,18.625590388568263,18.592768867586788,18.283096780126353,18.289079620668506,18.58332607904811,0.0,24.0
2017-12-02,17,16.0,19.44716105999184,19.277941369958246,19.030135188529304,18.92216239712758,18.691750997564387,0.0,25.0
2017-12-02,18,18.0,19.22680863886322,19.177168590183367,18.86494091562301,18.92131417146295,18.83889770114892,0.0,21.0
2017-12-02,19,19.0,19.29080273088974,19.14101053713041,18.918572436750033,19.046366282411356,18.908583798786243,0.0,20.0
2017-12-02,20,19.0,19.29080273088974,19.14101053713041,18.918572436750033,19.046366282411356,18.925214683794852,0.0,20.0
2017-12-02,21,19.0,19.263575634101016,19.12361830270818,18.918572436750033,19.046366282411356,18.915870020760714,0.0,19.0
2017-12-02,22,18.0,19.392248702124732,19.2913583228548,19.031226751658775,19.12653624981459,18.827461198677042,0.0,21.0
2017-12-02,23,19.0,19.15869963014649,18.979270124308137,18.7741989581425,18.91249813892812,18.775223277051772,0.0,18.0
2017-12-03,0,19.0,19.10126518461968,18.999894696012184,18.954052568312175,19.194505907441044,16.963543213978824,0.0,19.0
2017-12-03,1,19.0,19.117367841372666,19.00000822453977,18.97041903888772,19.20526927091133,16.830836857329246,0.0,19.0
2017-12-03,2,19.0,19.117367841372666,19.00000822453977,18.97041903888772,19.20526927091133,16.690572617486133,0.0,19.0
2017-12-03,3,18.0,19.117367841372666,19.00000822453977,18.97041903888772,19.20526927091133,16.552895695825786,0.0,19.0
2017-12-03,4,19.0,19.117367841372666,18.98702653799629,18.97041903888772,19.196030126484988,16.42777497226611,0.0,19.0
2017-12-03,5,19.0,19.113197053823697,18.952954752322988,18.91340905996632,19.12599313470739,16.33813694591797,0.0,18.0
2017-12-03,6,19.0,19.24647261315467,19.124160562644313,19.092635674990216,19.259861278190623,16.250178169136795,0.0,19.0
2017-12-03,7,18.0,19.132282880483235,19.00997082997288,18.978445942318782,19.10291315673975,16.210977868665065,0.0,19.0
2017-12-03,8,19.0,18.705508099786027,18.493018653564054,18.45532494308791,18.645562717487067,16.237607208770413,0.0,17.0
2017-12-03,9,17.0,18.344857524626494,18.1096939602208,18.094674367928377,18.26819315176399,16.27546736337724,0.0,17.0
2017-12-03,10,16.0,18.344857524626494,18.1096939602208,18.094674367928377,18.26819315176399,16.364004560774838,0.0,16.0
2017-12-03,11,17.0,18.400102534284187,18.178475900120652,18.094674367928377,18.26819315176399,16.45727300626885,0.0,17.0
2017-12-03,12,16.0,18.427486363028176,18.183556300461845,18.094674367928377,18.29432190000739,16.603814894239264,0.0,16.0
2017-12-03,13,17.0,18.49139592492146,18.2571645481769,18.078307897352833,18.283558536537104,16.739918202843043,0.0,17.0
2017-12-03,14,16.0,18.51917858310289,18.289559486217737,18.078307897352833,18.283558536537104,16.91120600132721,0.0,16.0
2017-12-03,15,17.0,18.51917858310289,18.289559486217737,18.078307897352833,18.283558536537104,17.066093178285183,0.0,16.0
2017-12-03,16,17.0,18.51917858310289,18.289559486217737,18.078307897352833,18.283558536537104,17.194610853799063,0.0,17.0
2017-12-03,17,16.0,19.101022718599545,18.871403621714393,18.66015203284949,18.85107885855272,17.329085742131674,0.0,16.0
2017-12-03,18,18.0,19.101022718599545,18.972189053404904,18.760937689913497,18.85107885855272,17.39281486418021,0.0,18.0
2017-12-03,19,18.0,19.320088455225505,19.230726964476382,19.019500901192465,19.14189512348683,17.435412116606145,0.0,19.0
2017-12-03,20,19.0,19.320088455225505,19.230726964476382,19.019500901192465,19.14189512348683,17.453619638485268,0.0,19.0
2017-12-03,21,19.0,19.320088455225505,19.230726964476382,19.019500901192465,19.14189512348683,17.43296973917607,0.0,19.0
2017-12-03,22,19.0,19.21521245127098,19.086378786076338,18.87512742258493,19.008026980003596,17.389269403762942,0.0,18.0
2017-12-03,23,18.0,19.320088455225505,19.230726964476382,19.019500901192465,19.14189512348683,17.285584606879716,0.0,19.0
2017-12-04,0,19.0,19.050977685628105,18.98556581516298,18.800110155825735,19.53425673105022,18.16547187927258,0.0,19.0
2017-12-04,1,18.0,19.008980823306434,18.967823318429264,18.75837705426311,19.511687653710908,18.035659827128267,0.0,19.0
2017-12-04,2,19.0,19.008980823306434,18.967823318429264,18.75837705426311,19.511687653710908,17.89809264972144,0.0,19.0
2017-12-04,3,19.0,18.904104819351907,18.82347514002922,18.614003575655577,19.410870715265816,17.776545051423913,0.0,18.0
2017-12-04,4,19.0,19.008980823306434,18.954841631885785,18.75837705426311,19.50455137811323,17.639388169186397,0.0,19.0
2017-12-04,5,19.0,19.109686039711992,19.065118024612527,18.84574055394924,19.568382529818866,17.537053999334514,0.0,19.0
2017-12-04,6,19.0,19.138085595088437,19.10261581597537,18.9665258943993,19.595191479431428,17.46328956831366,0.0,19.0
2017-12-04,7,21.0,19.03320959113391,18.958267637575325,18.822152415791766,19.494374540986335,17.437521528768453,0.0,18.0
2017-12-04,8,19.0,19.785220246614315,20.677776017449652,20.39400799321124,20.725184352662524,19.821656659388406,0.0,19.0
2017-12-04,9,21.0,19.727746181336727,20.593811464270026,20.409441914709817,20.671743784251646,19.885366276016494,0.0,17.0
2017-12-04,10,23.0,20.594332092895666,21.567880661893835,21.32565432303017,21.535834684615995,19.971587453394697,0.0,16.0
2017-12-04,11,25.0,21.23867307855563,22.659488016194448,22.122363322602766,22.137731847805345,20.062158836452415,0.0,17.0
2017-12-04,12,25.0,21.26605690729962,22.726985080408276,22.190682942859105,22.18040593500054,20.205806419917568,0.0,16.0
2017-12-04,13,25.0,22.894774061961545,24.456189790160686,24.008631474903208,23.4028644300078,22.770742636185787,26.0,17.0
2017-12-04,14,23.0,22.922556720142975,24.488584728201523,24.0278204861294,23.413882255860013,22.939333372233662,26.0,16.0
2017-12-04,15,24.0,22.879044506011283,24.445601327385265,23.93342028983227,23.28931797369168,22.89103528643115,24.0,17.0
2017-12-04,16,26.0,22.922556720142975,24.488584728201523,24.0278204861294,23.413882255860013,23.218645060020542,26.0,17.0
2017-12-04,17,25.0,22.922556720142975,24.488584728201523,24.0278204861294,23.413882255860013,23.25847481881464,25.0,16.0
2017-12-04,18,22.0,19.780901782880285,20.523701938011772,20.14352347234327,20.07338216585008,20.454120189567558,20.0,18.0
2017-12-04,19,21.0,20.61326924684358,21.406340778615732,20.96693992509502,20.381056535995867,20.604439757452646,21.0,18.0
2017-12-04,20,21.0,20.644284431987373,21.420637323745545,20.908511575278173,20.31162621253027,20.609951135828027,21.0,19.0
2017-12-04,21,21.0,19.775616907401883,20.577470657587103,20.065334611458457,20.023833509798962,20.497550411485573,20.0,19.0
2017-12-04,22,19.0,19.775616907401883,20.577470657587103,20.065334611458457,20.023833509798962,20.44235279274842,20.0,19.0
2017-12-04,23,20.0,19.670740903447356,20.43312247918706,19.90177212162473,19.911998745501656,20.368991664988332,20.0,18.0
2017-12-05,0,20.0,20.173014671846644,20.13261487333237,20.153209244232364,20.090357708117093,20.239899448410245,19.0,19.0
2017-12-05,1,19.0,19.98758409184461,19.920430848945074,19.967102664062207,19.966971692332688,20.150136169479627,19.0,18.0
2017-12-05,2,20.0,20.23790580185751,20.195248125273455,20.220055577406416,20.221762509248972,20.11673122438299,20.0,19.0
2017-12-05,3,19.0,20.092460095799137,20.064779027345118,20.11147614266974,20.06778863077778,19.90883595386418,19.0,19.0
2017-12-05,4,20.0,20.092460095799137,20.05954991013676,20.11147614266974,20.060652355180103,19.80160133145488,19.0,19.0
2017-12-05,5,20.0,20.193165312204695,20.169826302863502,20.198839642355875,20.12448350688574,19.709393674988476,19.0,19.0
2017-12-05,6,21.0,20.432850049430773,20.401784450398466,20.433422329815034,20.36504510081282,19.73261117880025,20.0,19.0
2017-12-05,7,21.0,20.77556270769462,20.777355656576972,20.75076781187358,20.728305294127537,19.755477233789815,21.0,21.0
2017-12-05,8,20.0,21.26046806648938,21.184274015051276,21.206433253794142,20.871178911010908,22.36816297766428,19.0,19.0
2017-12-05,9,22.0,22.59054966823067,22.50594050742429,22.50450105025238,22.415689385419803,22.734622303229223,23.0,21.0
2017-12-05,10,23.0,23.580894508981853,23.59259559584786,23.5155200110468,23.766429498120498,22.758409969756183,23.0,23.0
2017-12-05,11,25.0,24.79115447008509,24.680881757505418,24.619440361822647,24.89129722571676,22.99777642291337,25.0,25.0
2017-12-05,12,26.0,23.98238962865252,24.006209996031416,24.136710620594396,24.03627129580815,21.79198365738114,11.0,25.0
2017-12-05,13,27.0,24.899092874876587,24.880835232789828,24.752712733530334,24.966260903008727,24.344497707122514,37.0,25.0
2017-12-05,14,28.0,24.299142903606324,24.331430298736972,24.26801081555517,24.464250883223688,23.56717448357069,27.0,23.0
2017-12-05,15,30.0,24.499427646251004,24.531715041381652,24.46829555819985,24.704562674664842,23.4978827969472,25.0,24.0
2017-12-05,16,26.0,24.899092874876587,24.880835232789828,24.771901744756526,24.97727872886094,23.781757007364952,27.0,26.0
2017-12-05,17,25.0,24.899092874876587,24.880835232789828,24.771901744756526,24.97727872886094,23.717932283074735,25.0,25.0
2017-12-05,18,23.0,21.5571956820949,21.607632105867385,21.55865156295154,21.685862269573917,20.688425019102407,21.0,22.0
2017-12-05,19,22.0,20.810681680683004,20.985703891272255,20.895211538596502,20.76666003475698,20.66895591606705,20.0,21.0
2017-12-05,20,21.0,21.05765811713936,21.11865070814784,21.05305156354407,20.954752653957865,20.791935080870164,21.0,21.0
2017-12-05,21,21.0,20.744842204891746,20.846451908503578,20.780841772401658,20.63696520114763,20.695643313012507,20.0,21.0
2017-12-05,22,20.0,20.935475550351125,20.95091068800122,20.943562310851657,20.80806700131881,20.78259387148201,21.0,19.0
2017-12-05,23,19.0,20.62265963810351,20.696104122779186,20.652163508483053,20.48166586613606,20.61252573329102,20.0,20.0
2017-12-06,0,20.0,20.16267261884833,20.068207729335477,20.173249695373958,20.104154320075253,20.2756161640101,19.0,20.0
2017-12-06,1,20.0,20.10683655715002,20.070657739090564,20.144248111076163,20.155546444265205,20.231624830441508,20.0,19.0
2017-12-06,2,19.0,19.98861794788037,19.957580875584455,20.035668676339487,20.001572565794014,19.96666241574838,19.0,20.0
2017-12-06,3,20.0,19.961390851091647,19.940188641162226,20.035668676339487,20.001572565794014,19.827894087951794,19.0,19.0
2017-12-06,4,20.0,20.134063653938746,20.082820856304433,20.144248111076163,20.148410168667528,19.771051244915803,20.0,20.0
2017-12-06,5,20.0,20.070565751117396,20.06262815110284,20.105111838633004,20.05826744190197,19.566882481395858,19.0,20.0
2017-12-06,6,21.0,20.576639018789134,20.678024992478644,20.608757096147162,20.664009324471944,19.66352745168426,21.0,21.0
2017-12-06,7,21.0,20.38333602410225,20.47019380644676,20.40090086678103,20.445030640316585,19.533251373841786,20.0,21.0
2017-12-06,8,21.0,21.04697845759425,21.042399911593847,21.132233292873526,21.177915408653693,22.414246645241718,21.0,20.0
2017-12-06,9,25.0,21.886845713693102,22.009202835906564,22.013654615321123,22.171207259659163,22.529444948692262,22.0,22.0
2017-12-06,10,30.0,23.257215673236118,23.44485681346837,23.42030792235152,23.702133528464906,22.698788218581512,23.0,23.0
2017-12-06,11,34.0,24.21264477052363,24.322629274217967,24.27633836158185,24.56771670402815,22.79560026253985,23.0,25.0
2017-12-06,12,31.0,24.21264477052363,24.37766719694113,24.34465798183819,24.656491538047558,22.933141793784696,23.0,26.0
2017-12-06,13,32.0,24.703462420137754,24.825573603005637,24.66982213843574,25.05420710536267,23.27492729174742,25.0,27.0
2017-12-06,14,33.0,24.731245078319184,24.857968541046475,24.689011149661933,25.065224931214885,23.435945385352493,25.0,28.0
2017-12-06,15,29.0,24.720298096009472,24.82656163015066,24.656448491991796,24.996434193025518,23.48458269540445,24.0,30.0
2017-12-06,16,29.0,24.731245078319184,24.857968541046475,24.689011149661933,25.065224931214885,23.787131643166006,25.0,26.0
2017-12-06,17,28.0,24.494494318319287,24.65903133005896,24.488909618798026,24.80594037918187,23.741740056230498,23.0,25.0
2017-12-06,18,25.0,21.973621589191385,22.080602070274317,21.939441892460888,22.150981451985555,21.002184813472358,22.0,23.0
2017-12-06,19,21.0,21.80822268648452,21.958269947214824,21.72899527092367,22.00450002013934,21.069956480257048,22.0,22.0
2017-12-06,20,21.0,21.051402984406568,21.155768624606093,21.024809102682116,21.04269885631181,21.00125987165121,21.0,21.0
2017-12-06,21,21.0,21.051402984406568,21.155768624606093,21.024809102682116,21.04029471283211,20.969173186510282,21.0,21.0
2017-12-06,22,20.0,20.637101981023733,20.681104685231595,20.656539834434476,20.578709799014042,20.817040171918663,20.0,20.0
2017-12-06,23,19.0,20.60987488423501,20.663712450809367,20.637350823208283,20.56769197316183,20.72362507991453,20.0,19.0
2017-12-07,0,19.0,19.535012819664423,19.87058815727394,20.06472004946641,19.674568999551614,20.763555394779726,20.0,20.0
2017-12-07,1,20.0,19.26970279835844,19.679607907267265,19.845906405870412,19.618465874649225,20.464543314823214,19.0,20.0
2017-12-07,2,19.0,19.33373105190774,19.74256906910069,19.92713903043194,19.571987245270375,20.363802278051722,20.0,19.0
2017-12-07,3,19.0,19.26970279835844,19.679607907267265,19.845906405870412,19.618465874649225,20.06054738640979,19.0,20.0
2017-12-07,4,20.0,19.360958148696465,19.75473218631456,19.92713903043194,19.564850969672698,19.98426804329665,20.0,20.0
2017-12-07,5,19.0,19.44290595193349,19.8650085790413,19.996582192725455,19.628682121378333,19.852725549249286,20.0,20.0
2017-12-07,6,20.0,19.745862008409134,20.142105136456884,20.348618265946456,19.861471441321754,19.7551853994368,20.0,21.0
2017-12-07,7,22.0,19.93916500309602,20.34993632248877,20.55647449531259,20.080450125477114,19.819094441695214,21.0,21.0
2017-12-07,8,23.0,20.32960110632603,20.757402584159454,21.022372965309565,20.486782532776882,23.317458257610912,20.0,21.0
2017-12-07,9,13.0,21.97867988827008,22.410681049529984,22.728500431536613,22.534943215684073,23.531807727494012,22.0,25.0
2017-12-07,10,37.0,23.205584156916853,23.69378183185106,23.775342301108466,24.327580642229062,23.876285710866906,25.0,30.0
2017-12-07,11,28.0,23.815621946041393,24.162070904319794,24.58788657949542,24.590472347242514,23.902404346602445,24.0,34.0
2017-12-07,12,30.0,23.98967661700935,24.39235624587731,24.65620619975176,24.864606349057862,24.14935059486781,24.0,31.0
2017-12-07,13,29.0,23.80733581700854,24.252434700105315,24.541525880766258,25.0927009892525,24.451759626778525,25.0,32.0
2017-12-07,14,28.0,24.13523323916518,24.81991381342457,24.56071489199245,25.103718815104713,24.756766858245314,26.0,33.0
2017-12-07,15,29.0,24.13523323916518,24.81991381342457,24.56071489199245,25.103718815104713,25.118671915215142,27.0,29.0
2017-12-07,16,27.0,24.13523323916518,24.81991381342457,24.56071489199245,25.103718815104713,25.212161513625908,26.0,29.0
2017-12-07,17,28.0,24.13523323916518,24.81991381342457,24.56071489199245,25.103718815104713,25.374727566314323,26.0,28.0
2017-12-07,18,26.0,21.873883686269885,22.478231484001352,22.326662795094784,22.454836803200514,21.484666841776882,21.0,25.0
2017-12-07,19,26.0,20.772088852940133,21.428294336420674,21.271820048491673,21.038881171724515,21.586749237888625,21.0,21.0
2017-12-07,20,28.0,20.321215601794783,21.016843554007735,20.758315584305826,20.59620717226432,21.48333762571311,20.0,21.0
2017-12-07,21,18.0,20.321215601794783,21.016843554007735,20.758315584305826,20.524031975470738,21.418001137151613,20.0,21.0
2017-12-07,22,0.0,20.084099021110397,20.8143784142775,20.58150367381311,20.377830370983208,21.31606410479916,20.0,20.0
2017-12-07,23,0.0,19.75675716034646,20.364553999720645,20.562314662586918,20.366812545130994,21.172187844632145,20.0,19.0
2017-12-08,0,0.0,3.8984533962195234,4.788863628859476,5.543052351586452,5.3763708189869766,9.18275693197515,19.0,19.0
2017-12-08,1,,2.6989075304940333,4.343251437376142,3.3377859732543294,4.659501272480714,8.962946012736023,19.0,20.0
2017-12-08,2,0.0,3.087585479721647,4.808705873036793,3.9956606572745303,3.7606860586467645,8.861726464887123,20.0,19.0
2017-12-08,3,0.0,2.9678753885424958,4.678236775108456,3.887081222537853,4.537509746800576,8.571873969810978,19.0,19.0
2017-12-08,4,0.0,2.6989075304940333,4.338022320167783,2.8421672395543522,3.65541262637746,8.38793805379556,19.0,20.0
2017-12-08,5,0.0,3.1695332829586733,4.913753148555181,4.065103819568044,3.8152780659260577,8.363538627012444,20.0,19.0
2017-12-08,6,0.0,2.946632117151734,4.633441146929429,3.065466986909229,3.0290078053851763,8.26593087290019,20.0,20.0
2017-12-08,7,0.0,3.364038206889004,5.055862564709467,3.4245402808479537,3.4635983816653733,8.208752943072692,20.0,22.0
2017-12-08,8,0.0,4.685910210307917,6.64945152378574,5.125920280703785,5.176452399685153,11.796371104120048,20.0,23.0
2017-12-08,9,0.0,9.606189483673022,10.87431281996261,10.202235998603983,9.491713675581373,12.204422120671092,22.0,13.0
2017-12-08,10,0.0,15.52869163246439,17.22497432635271,16.68604176211649,16.27896629560616,12.099802307898917,23.0,37.0
2017-12-08,11,0.0,20.880750990136967,22.528011168064,21.79909596366535,21.72343373464433,12.493028337574028,24.0,28.0
2017-12-08,12,0.0,21.02205984802334,22.37798435111964,21.46451913169997,22.02943329845392,12.57789360506147,23.0,30.0
2017-12-08,13,,21.02205984802334,22.37798435111964,22.843595038706574,22.16786431373602,12.81491477959823,23.0,29.0
2017-12-08,14,27.0,21.34995727017998,22.945463464438895,22.843595038706574,22.178882139588232,13.054499159130437,23.0,28.0
2017-12-08,15,27.0,22.1646585302865,23.711816365212115,23.647654111664735,22.816794820961583,13.44127657585962,25.0,29.0
2017-12-08,16,30.0,22.139226419970633,23.27073770021761,23.178171870671957,22.681139656874343,13.562708080817252,24.0,27.0
2017-12-08,17,29.0,22.1646585302865,23.711816365212115,23.647654111664735,22.816794820961583,13.791373702295667,25.0,28.0
2017-12-08,18,28.0,14.887449743092079,16.2471120904077,16.025312425941088,15.61082044454981,9.97175377541517,21.0,26.0
2017-12-08,19,27.0,13.073557944890643,14.582355328538283,14.301287437781829,14.497846660680715,9.924987384154614,20.0,26.0
2017-12-08,20,25.0,13.027491252649119,14.463061427348391,14.256010287457146,14.411258945224821,9.887278929213082,20.0,28.0
2017-12-08,21,26.0,12.251747814978216,13.260191725974448,13.218741564900387,13.907195715364455,9.866232204526957,19.0,18.0
2017-12-08,22,22.0,14.944410548935425,15.600071668495811,15.563598737089206,15.606709068633686,10.18576636163273,21.0,0.0
2017-12-08,23,24.0,13.027168548548376,13.626645870141264,14.22715361270422,14.561271193948835,9.74701437794838,18.0,0.0
2017-12-09,0,21.0,17.163425532848674,17.60851186103149,18.106970991139306,16.940072390579438,20.73362287824582,19.0,0.0
2017-12-09,1,21.0,17.14097047587582,17.632170073431872,18.12333746171485,16.950835754049724,20.51912907815725,19.0,0.0
2017-12-09,2,20.0,17.14097047587582,17.632170073431872,18.12333746171485,16.950835754049724,20.302651073985363,19.0,0.0
2017-12-09,3,20.0,17.14097047587582,17.632170073431872,18.12333746171485,16.950835754049724,20.09952790919628,19.0,0.0
2017-12-09,4,20.0,17.14097047587582,17.660350606438197,18.12333746171485,16.94159660962338,19.924188517022092,19.0,0.0
2017-12-09,5,20.0,16.138480368214367,16.82534329745389,16.72661007928191,14.916801394675595,19.695640442807214,18.0,0.0
2017-12-09,6,20.0,17.446931593654806,18.355564886555403,18.55061225047007,17.389983712035082,19.704255417868264,19.0,0.0
2017-12-09,7,20.0,18.05508639769505,18.24137515388397,18.436422517798636,17.275811468783548,19.675822638596564,19.0,0.0
2017-12-09,8,19.0,16.60987813068551,16.8327965196658,16.604191918942593,14.867892094305082,19.51933820744188,17.0,0.0
2017-12-09,9,19.0,16.249227555525977,16.40830960677274,16.24354134378306,14.49052252858202,19.60741703066322,17.0,0.0
2017-12-09,10,17.0,16.249227555525977,16.40830960677274,16.24354134378306,14.49052252858202,19.6540591981473,16.0,0.0
2017-12-09,11,18.0,16.27412345745049,16.437650278305338,16.1033492049754,14.4376471647535,19.930882681012335,17.0,0.0
2017-12-09,12,18.0,16.285404629441494,16.399115841913602,16.1033492049754,14.4376471647535,20.05187073937949,16.0,0.0
2017-12-09,13,18.0,16.285404629441494,16.399115841913602,16.086982734399854,14.462733062284073,20.37710276446452,17.0,0.0
2017-12-09,14,18.0,15.872099922165415,16.124358728653295,15.786369746665054,14.488615007611529,20.14430386396278,16.0,27.0
2017-12-09,15,18.0,15.872099922165415,16.124358728653295,15.786369746665054,14.488615007611529,20.36463728404949,16.0,27.0
2017-12-09,16,18.0,15.872099922165415,16.124358728653295,15.786369746665054,14.488615007611529,20.60927499118987,17.0,30.0
2017-12-09,17,18.0,16.45394405766207,16.70620286414995,16.368213882161708,15.090931926841295,20.68179068464813,16.0,29.0
2017-12-09,18,18.0,16.45394405766207,16.806988295840462,16.468999539225717,15.090931926841295,20.984783177324637,18.0,28.0
2017-12-09,19,21.0,17.410137460799223,18.018243333998747,18.188735554987147,17.412801085342554,21.13776748493622,19.0,27.0
2017-12-09,20,20.0,17.17950701448199,17.88641835455549,18.060521503669847,17.277859631457325,21.15203283867771,19.0,25.0
2017-12-09,21,20.0,17.17950701448199,17.88641835455549,18.060521503669847,17.277859631457325,21.067350967410572,19.0,26.0
2017-12-09,22,20.0,15.943668531759549,17.009204203489958,16.62416277140105,15.302395673853677,20.906116329200145,18.0,22.0
2017-12-09,23,20.0,17.04085729491461,17.974444529533553,18.078277189447935,17.391022040507096,20.80593243434356,19.0,24.0
2017-12-10,0,20.0,18.536766807514727,18.109706133412907,18.273626191932006,19.20148235471091,18.757627751206314,19.0,21.0
2017-12-10,1,20.0,18.514311750541875,18.089863037607945,18.28999266250755,19.212245718181197,18.581530168143185,19.0,21.0
2017-12-10,2,21.0,17.636292325227107,17.38491342234841,17.916622744521177,18.869289356954386,18.41464504560263,19.0,20.0
2017-12-10,3,20.0,15.578590840721406,15.050628282845476,15.701096379495805,17.567677406712367,18.148718531533312,18.0,20.0
2017-12-10,4,20.0,17.636292325227107,17.37193173580493,17.916622744521177,18.860050212528044,18.090482939500557,19.0,20.0
2017-12-10,5,20.0,17.736997541632665,17.482208128531674,18.00398624420731,18.92388136423368,17.970283221567357,19.0,20.0
2017-12-10,6,20.0,17.811463789250634,17.52624130519668,18.09395039611619,18.98366013007701,17.890425184798875,19.0,20.0
2017-12-10,7,20.0,15.593505879831977,15.03373325635731,15.7189571480947,17.465321292540786,17.763409477959037,18.0,20.0
2017-12-10,8,19.0,17.348148183047794,17.039447574516466,17.601013142821415,18.503229712856687,17.886501872661437,19.0,19.0
2017-12-10,9,19.0,14.523865931795665,14.277804565005267,14.979559052311828,16.764469431048262,17.76394892604251,17.0,19.0
2017-12-10,10,17.0,14.418989927841139,14.133456386605223,14.815576639752207,16.630601287565028,17.807493079794835,16.0,17.0
2017-12-10,11,18.0,14.418989927841139,14.133456386605223,14.815576639752207,16.630601287565028,18.034723681028538,17.0,18.0
2017-12-10,12,18.0,14.430271099832146,14.133342858077636,14.815576639752207,16.630601287565028,18.117315522370248,16.0,18.0
2017-12-10,13,18.0,14.430271099832146,14.133342858077636,14.799210169176664,16.619837924094742,18.40415133042984,17.0,18.0
2017-12-10,14,18.0,14.430271099832146,14.133342858077636,14.799210169176664,16.619837924094742,18.508532041912613,16.0,18.0
2017-12-10,15,17.0,14.430271099832146,14.133342858077636,14.799210169176664,16.619837924094742,18.791668811279557,17.0,18.0
2017-12-10,16,19.0,14.430271099832146,14.133342858077636,14.799210169176664,16.619837924094742,18.960642628308772,17.0,18.0
2017-12-10,17,17.0,15.012115235328801,14.715186993574292,15.38105430467332,17.18735824611036,19.00452463184077,16.0,18.0
2017-12-10,18,19.0,15.012115235328801,14.715186993574292,15.38105430467332,17.18735824611036,19.288648863304545,18.0,18.0
2017-12-10,19,20.0,16.136427494058257,15.678674519905307,16.032596367890747,17.82113087227128,19.29790694571291,18.0,21.0
2017-12-10,20,21.0,17.35466726697502,17.327966668481256,17.87475281492975,18.7908042871387,19.406707352392647,19.0,20.0
2017-12-10,21,20.0,17.35466726697502,17.327966668481256,17.87475281492975,18.7908042871387,19.359414614911536,19.0,20.0
2017-12-10,22,20.0,17.35466726697502,17.327966668481256,17.87475281492975,18.7908042871387,19.267179353444853,19.0,20.0
2017-12-10,23,20.0,15.258408068743485,14.973724904645772,15.659226449904377,17.478174511044468,19.04334570416535,18.0,20.0
2017-12-11,0,21.0,20.182238711021114,20.149393810921104,19.997158933701883,18.597062112543462,19.937868707810118,19.0,20.0
2017-12-11,1,20.0,20.028701554915777,20.049896647325617,19.868212402274185,17.425730188273086,19.670157130608086,18.0,20.0
2017-12-11,2,20.0,20.271403060214432,20.223674479060538,20.105926498020818,18.94981714658215,19.570956912368036,19.0,21.0
2017-12-11,3,20.0,20.101684134973606,20.111694689854843,19.95542583213926,18.57449303520415,19.4139032329667,19.0,20.0
2017-12-11,4,20.0,20.101684134973606,20.098713003311364,19.95542583213926,18.567356759606472,19.26331487980429,19.0,20.0
2017-12-11,5,21.0,20.18363193821063,20.208989396038106,20.024868994432776,18.631187911312107,19.14385392886184,19.0,20.0
2017-12-11,6,21.0,20.277870969378334,20.310478445644733,20.160706112323094,18.717775626768,19.064247871756148,19.0,20.0
2017-12-11,7,22.0,20.616619670123594,20.648778729604956,20.477141776425903,19.09072818939455,19.217564094350028,21.0,20.0
2017-12-11,8,23.0,20.834382970506507,20.971428668076143,21.060216808431495,19.42043139388256,22.114545303396845,19.0,19.0
2017-12-11,9,25.0,21.24776070671743,21.370112577256783,21.256484850363606,19.840760326543325,22.364929027004074,21.0,19.0
2017-12-11,10,27.0,22.87449505946508,23.0688976670484,23.123835031349603,21.481208236232018,22.687525528227177,23.0,17.0
2017-12-11,11,25.0,23.651291015153813,23.803128604111578,23.87780557525603,22.187304178573278,23.0065005578712,25.0,18.0
2017-12-11,12,28.0,23.75922941994531,23.908324789391667,23.94612519551237,22.203849517525075,23.180706393351816,25.0,18.0
2017-12-11,13,26.0,23.75922941994531,23.924272830531034,23.975339903774167,22.226418594864388,23.372100256152642,25.0,18.0
2017-12-11,14,26.0,23.27173317384372,23.48109374733721,23.51398448206879,21.778337244126554,23.381169456648063,23.0,18.0
2017-12-11,15,24.0,23.730202333819772,23.881289429714776,23.914177876648612,22.168645682527234,23.676587967732704,24.0,17.0
2017-12-11,16,25.0,23.75922941994531,23.924272830531034,23.707551390192723,22.2374364207166,24.00381590890357,26.0,19.0
2017-12-11,17,25.0,23.75922941994531,23.924272830531034,23.99452891500036,22.2374364207166,24.074585752131654,25.0,17.0
2017-12-11,18,24.0,21.247014810464826,21.314535609331887,21.150104372905773,19.59430026006009,20.807980058319952,22.0,19.0
2017-12-11,19,25.0,20.91713255209802,21.02095341158728,20.797264189440188,19.315109876013956,20.75158875737911,21.0,20.0
2017-12-11,20,22.0,21.02101200154759,21.04235374196826,20.869133132316453,19.603846271936064,20.739973354663928,21.0,21.0
2017-12-11,21,21.0,20.851293076306764,20.930373952762565,20.718632466434894,19.226118017078367,20.707669129095414,21.0,20.0
2017-12-11,22,21.0,20.435374808965804,20.505353941441907,20.315492258642987,18.71840913036371,20.429909489856787,19.0,20.0
2017-12-11,23,20.0,20.58082051502418,20.658175153118304,20.42723366406629,18.899716881895614,20.394915321263472,20.0,20.0
2017-12-12,0,19.0,20.629012314831062,20.55853258049306,20.523428410493022,20.31952278703637,21.073782221282965,20.0,21.0
2017-12-12,1,20.0,20.335019821657294,20.307973861825513,20.335152739465318,19.78763506420937,20.837203092125193,19.0,20.0
2017-12-12,2,19.0,20.426275171995318,20.388327258081166,20.416385364026844,19.889885806714123,20.76795505083928,20.0,20.0
2017-12-12,3,19.0,20.335019821657294,20.307973861825513,20.335152739465318,19.78763506420937,20.517418863350464,19.0,20.0
2017-12-12,4,20.0,20.426275171995318,20.383098140872807,20.416385364026844,19.882749531116445,20.47099268425674,20.0,20.0
2017-12-12,5,19.0,20.649162955189112,20.595744010024195,20.569058808616532,20.353648585805015,20.34440337030185,20.0,21.0
2017-12-12,6,20.0,20.9367049810437,20.905064245662707,20.912752155872983,20.659214985416266,20.360605391550937,21.0,21.0
2017-12-12,7,21.0,21.334103009585785,21.254793660613576,21.244724403364632,21.041222400265546,20.31077226274778,21.0,22.0
2017-12-12,8,20.0,21.802100957011508,21.8424218718447,21.847501972754664,21.733361130347635,23.09813132561769,20.0,23.0
2017-12-12,9,24.0,22.936338059390202,22.945871245559346,23.012638729172874,22.888923008034833,23.310254238168223,22.0,25.0
2017-12-12,10,28.0,24.119779350347603,24.201363273560712,24.21027357388608,24.055353020771975,23.470210791364025,23.0,27.0
2017-12-12,11,29.0,24.730089340180577,24.740244501165414,24.81030299546057,24.688065789454154,23.814486857427603,25.0,25.0
2017-12-12,12,29.0,24.838027744972074,24.875577411366493,24.87862261571691,24.70461112840595,24.023461607875944,26.0,28.0
2017-12-12,13,26.0,24.838027744972074,24.940197976449824,24.907837323978708,24.763029466746122,24.318690902361613,27.0,26.0
2017-12-12,14,28.0,24.838027744972074,24.940197976449824,24.73763328916335,24.774047292598336,24.592205138342823,28.0,26.0
2017-12-12,15,28.0,24.43836251634649,24.591077785041648,24.434027102606674,24.501331238402237,24.98110615751495,30.0,24.0
2017-12-12,16,28.0,24.838027744972074,24.940197976449824,24.73763328916335,24.774047292598336,24.750345379466374,26.0,25.0
2017-12-12,17,27.0,24.838027744972074,24.940197976449824,24.73763328916335,24.774047292598336,24.78680367567663,25.0,25.0
2017-12-12,18,21.0,22.811626334716593,22.900557198445366,22.68957783396884,22.646678004869187,21.821724321796,23.0,24.0
2017-12-12,19,22.0,22.625974062676516,22.700659949810078,22.38490859476108,22.40639928765204,21.767613129511105,22.0,25.0
2017-12-12,20,21.0,21.61619841903053,21.596088712184443,21.357615108993574,21.267669760095874,21.72440791080176,21.0,22.0
2017-12-12,21,20.0,21.218800390488443,21.246359297233575,21.025642861501925,20.883258201766896,21.702737889603103,21.0,21.0
2017-12-12,22,20.0,20.90598447824083,20.974160497589313,20.753433070359513,20.567874892436357,21.53236498501808,20.0,21.0
2017-12-12,23,20.0,20.69254656111457,20.769085511160956,20.75474355379697,20.00918672218353,21.340267053981236,19.0,20.0
2017-12-13,0,19.0,20.59708357069068,20.48156187740996,20.571886720453932,19.99246756099536,21.156691246580277,20.0,19.0
2017-12-13,1,20.0,20.450255996511444,20.388327258081166,20.43430570141946,19.889885806714123,20.976420261469478,20.0,20.0
2017-12-13,2,19.0,20.331773549384696,20.290581627403284,20.353073076857935,19.78763506420937,20.72499012718322,19.0,19.0
2017-12-13,3,20.0,20.42302889972272,20.370935023658937,20.43430570141946,19.889885806714123,20.65383339338262,20.0,19.0
2017-12-13,4,19.0,20.450255996511444,20.383098140872807,20.43430570141946,19.882749531116445,20.494175566588947,20.0,20.0
2017-12-13,5,20.0,20.504976702959745,20.47598229917732,20.50374886371298,19.94658068282208,20.39151001501358,20.0,19.0
2017-12-13,6,19.0,20.819745825603057,20.802694769238062,20.84744221096943,20.252147082433332,20.392635761682595,21.0,20.0
2017-12-13,7,22.0,20.921230916738278,20.935928079056154,20.943501688074658,20.659214985416266,20.344065604116086,21.0,21.0
2017-12-13,8,23.0,21.403484923519954,21.369534828083502,21.46697788480102,20.954802849547892,23.22475510607908,21.0,20.0
2017-12-13,9,26.0,23.153560991019592,23.224178809052365,23.1559268771126,23.38510974609084,23.60219772599813,25.0,24.0
2017-12-13,10,27.0,24.187650070559112,24.279773588418443,24.10815046833902,24.335510459528162,24.116316037011874,30.0,28.0
2017-12-13,11,28.0,24.61534705968284,24.608141115115185,24.460289978367992,24.688065789454154,24.61514758938895,34.0,29.0
2017-12-13,12,29.0,24.816785559394788,24.825797278008142,24.52860959862433,24.750711875230163,24.50104359003724,31.0,29.0
2017-12-13,13,30.0,24.816785559394788,24.890417843091473,24.732261127973953,24.88914289051226,24.81967940683135,32.0,26.0
2017-12-13,14,29.0,24.816785559394788,24.890417843091473,24.562057093158597,24.900160716364475,25.074506493071812,33.0,28.0
2017-12-13,15,27.0,24.816785559394788,24.890417843091473,24.562057093158597,24.900160716364475,24.882289573073535,29.0,28.0
2017-12-13,16,25.0,24.816785559394788,24.890417843091473,24.562057093158597,24.900160716364475,25.045344351821413,29.0,28.0
2017-12-13,17,26.0,24.816785559394788,24.890417843091473,24.562057093158597,24.900160716364475,25.099318795682418,28.0,27.0
2017-12-13,18,23.0,22.758380095600888,22.751383004526865,22.460811308988724,22.65798457017586,22.142567941656637,25.0,21.0
2017-12-13,19,20.0,21.851039201711824,21.86846550818302,21.659353522680984,21.521073873991668,21.80660986903859,21.0,22.0
2017-12-13,20,20.0,21.38780169737848,21.3595463833189,21.170160648568064,21.011775769012733,21.825603169033908,21.0,21.0
2017-12-13,21,22.0,21.28631660624326,21.22631307350081,21.074101171462836,20.6023037225501,21.798042773177556,21.0,20.0
2017-12-13,22,20.0,20.90128283088917,20.954114273856547,20.801891380320424,20.286920413219562,21.619993382883084,20.0,20.0
2017-12-13,23,19.0,20.810027480551145,20.851408763852834,20.868511808661435,20.135300145949667,21.40514269155672,19.0,20.0
2017-12-14,0,19.0,20.21444155596515,19.9608786882724,20.4478291934568,19.628073962740363,20.747599462643855,19.0,19.0
2017-12-14,1,19.0,20.15886933212394,19.947997465199258,20.391480798983856,19.627742950963878,20.644774384295395,20.0,20.0
2017-12-14,2,19.0,20.04038688499719,19.850251834521377,20.31024817442233,19.525492208459124,20.378358153084903,19.0,19.0
2017-12-14,3,19.0,20.067613981785914,19.867644068943605,20.31024817442233,19.525492208459124,20.18699129306976,19.0,20.0
2017-12-14,4,19.0,20.131642235335214,19.92537611356867,20.391480798983856,19.6206066753662,20.13861342431833,20.0,19.0
2017-12-14,5,19.0,20.14956178502294,19.97269134446199,20.379691336715847,19.58218708456708,19.908585851764226,19.0,20.0
2017-12-14,6,20.0,20.30782906973994,20.13714155590204,20.596761079167692,19.771025542527727,19.935220961368138,20.0,19.0
2017-12-14,7,21.0,21.38905831274307,21.1588476260143,21.6069836642628,21.03402051064411,20.0481973802644,22.0,22.0
2017-12-14,8,20.0,22.658078651345736,22.503324463320773,23.03877426598656,22.55512129010904,23.293553639641015,23.0,23.0
2017-12-14,9,24.0,22.666753978316958,22.30755314731131,23.160762542309044,22.886321402148443,22.38529260546324,13.0,26.0
2017-12-14,10,27.0,24.194685276022597,24.022348742124787,24.59897991150929,24.073367603777918,24.730751103957402,37.0,27.0
2017-12-14,11,26.0,24.622382265146324,24.35071626882153,24.951119421538262,24.42592293370391,24.028705147173863,28.0,28.0
2017-12-14,12,26.0,24.823820764858272,24.586082010720236,25.0194390417946,24.700056935519257,24.3845097559094,30.0,29.0
2017-12-14,13,25.0,25.123935528833485,25.018514190854862,25.223090571144223,24.838487950801355,24.476918482868637,29.0,30.0
2017-12-14,14,25.0,25.151718187014914,25.15356112403949,25.052886536328867,24.84950577665357,24.601115636665934,28.0,29.0
2017-12-14,15,25.0,25.151718187014914,25.15356112403949,25.052886536328867,24.84950577665357,24.917034025020964,29.0,27.0
2017-12-14,16,24.0,25.151718187014914,25.15356112403949,25.052886536328867,24.84950577665357,24.930534089401455,27.0,25.0
2017-12-14,17,25.0,25.151718187014914,25.15356112403949,25.052886536328867,24.84950577665357,25.15014531056634,28.0,26.0
2017-12-14,18,23.0,23.14912818033488,23.124149304298314,22.998217224503676,22.761982136239453,21.955041810152494,26.0,23.0
2017-12-14,19,21.0,22.868473587738958,22.88129297565679,22.661351830413786,22.17601230956469,22.04633158595153,26.0,20.0
2017-12-14,20,21.0,22.8026341119477,22.742040992888114,22.504131203792515,22.048721619435035,22.23236007740804,28.0,20.0
2017-12-14,21,20.0,21.39571610081073,21.29740511152102,20.90480320930014,20.23464358629171,21.218205456189636,18.0,22.0
2017-12-14,22,19.0,20.890705140928556,20.88961616707481,20.538273085965777,20.21719316199031,19.46493833452953,0.0,20.0
2017-12-14,23,19.0,20.863478044139832,20.87222393265258,20.708477120781133,20.21719316199031,19.342442819321185,0.0,19.0
2017-12-15,0,19.0,20.065561550123856,19.943021953812664,20.20810166961731,19.557939686080857,18.27733998583038,0.0,19.0
2017-12-15,1,19.0,20.023564687802185,19.89514273215796,20.166368568054686,19.535370608741545,18.109038351999168,0.0,19.0
2017-12-15,2,19.0,20.023564687802185,19.89514273215796,20.166368568054686,19.535370608741545,17.93560459429036,0.0,19.0
2017-12-15,3,18.0,20.023564687802185,19.89514273215796,20.166368568054686,19.535370608741545,17.769444361907603,0.0,19.0
2017-12-15,4,19.0,20.023564687802185,19.889913614949602,20.166368568054686,19.526131464315203,17.622467625323633,0.0,19.0
2017-12-15,5,19.0,20.124269904207743,20.000190007676345,20.25373206774082,19.589962616020838,17.505277031474726,0.0,19.0
2017-12-15,6,19.0,20.179896556372913,20.055080033461415,20.288585204157183,19.6167715656334,17.412632047550268,0.0,20.0
2017-12-15,7,19.0,20.402222585707676,20.15744950988606,20.48813479667808,20.104457102890542,17.364304650878395,0.0,21.0
2017-12-15,8,21.0,21.328845780133353,21.285871186537314,21.52727578597563,20.74632051731555,20.279250272083377,0.0,20.0
2017-12-15,9,24.0,22.27604036741366,22.170742483042268,22.59945825379719,22.47149879212831,20.283713226340804,0.0,24.0
2017-12-15,10,27.0,23.301015902437836,23.229809680557487,23.612956624355544,23.312516902756737,20.345480521087122,0.0,27.0
2017-12-15,11,28.0,23.514891810193383,23.471457479893793,23.87839159069542,23.569198489571253,20.499545091133665,0.0,26.0
2017-12-15,12,27.0,23.584272501259044,23.52441710188969,23.87839159069542,23.59532723781465,20.6678689529423,0.0,26.0
2017-12-15,13,27.0,23.66428471990531,23.66275944321566,23.920124692258042,23.653745576154822,20.86719414541456,0.0,25.0
2017-12-15,14,27.0,24.57373156518872,24.562427935935304,24.49645442817558,24.362286304260994,23.583093340289537,27.0,25.0
2017-12-15,15,27.0,24.57373156518872,24.562427935935304,24.49645442817558,24.362286304260994,23.76646382796992,27.0,25.0
2017-12-15,16,26.0,24.174066336563136,24.21330774452713,24.1928482416189,24.16007027189716,24.225048032291443,30.0,24.0
2017-12-15,17,26.0,24.57373156518872,24.562427935935304,24.49645442817558,24.362286304260994,24.25210760839572,29.0,25.0
2017-12-15,18,26.0,22.58996170812772,22.533016116194126,22.496004141881905,22.345262685679142,21.393857860976684,28.0,23.0
2017-12-15,19,25.0,22.48823586645509,22.463643579074414,22.33595065828473,22.166360761987313,21.379680846590773,27.0,21.0
2017-12-15,20,23.0,22.442169174213564,22.344349677884516,22.29067350796005,22.039070071857658,21.197093164914882,25.0,21.0
2017-12-15,21,21.0,22.319986607425328,22.24198020145987,22.225363563056497,21.649035025749935,21.261928525623645,26.0,20.0
2017-12-15,22,20.0,21.133762057234634,21.08268057975471,21.046090826035822,20.43018018548577,20.81563300069277,22.0,19.0
2017-12-15,23,19.0,22.29095952129979,22.181604566221385,22.14501252470475,21.569226461708354,20.87964792868495,24.0,19.0
2017-12-16,0,20.0,19.069716916258812,19.043841188394662,18.486992712329958,19.425357604862057,19.05311053321517,21.0,19.0
2017-12-16,1,20.0,19.04726185928596,19.067499400795043,18.503359182905502,19.436120968332343,18.877526455790072,21.0,19.0
2017-12-16,2,20.0,18.82673176781035,18.859668214763158,18.29550295353937,19.217142284176983,18.603778571284664,20.0,19.0
2017-12-16,3,19.0,18.721855763855825,18.715320036363114,18.151129474931835,19.08327414069375,18.445604237035234,20.0,18.0
2017-12-16,4,19.0,18.82673176781035,18.887848747769482,18.29550295353937,19.20790313975064,18.28034267182025,20.0,19.0
2017-12-16,5,19.0,18.908679571047376,18.998125140496224,18.364946115832886,19.271734291456276,18.16034115966505,20.0,19.0
2017-12-16,6,20.0,18.9547462632889,19.04215831716123,18.410223266157566,19.331513057299606,18.080550727196346,20.0,19.0
2017-12-16,7,19.0,18.840556530617466,18.927968584489797,18.20844151847757,19.174564935848732,18.04699538575557,20.0,19.0
2017-12-16,8,19.0,18.647897852129248,18.848616297095568,18.119518126866165,19.01733651485458,17.941393725252027,19.0,21.0
2017-12-16,9,17.0,18.27708298785388,18.461824278806304,17.787745841345153,18.549270743556285,17.96414150814047,19.0,24.0
2017-12-16,10,17.0,17.66824750657076,18.062635850881893,18.035966983947578,17.961555023614867,17.844680268699214,17.0,27.0
2017-12-16,11,18.0,17.66824750657076,18.062635850881893,17.89577484513992,17.90867965978635,18.07143235885551,18.0,28.0
2017-12-16,12,16.0,17.652144849817777,18.019021014148965,17.89577484513992,17.93480840802975,18.26085196760145,18.0,27.0
2017-12-16,13,17.0,17.732157068464044,18.092742790391604,17.879408374564374,17.959894305560322,18.453646300324177,18.0,27.0
2017-12-16,14,17.0,17.759939726645474,18.125137728432442,17.879408374564374,17.959894305560322,18.651076470428375,18.0,27.0
2017-12-16,15,17.0,17.759939726645474,18.125137728432442,17.879408374564374,17.959894305560322,18.840274363318855,18.0,27.0
2017-12-16,16,18.0,17.759939726645474,18.125137728432442,17.879408374564374,17.959894305560322,19.02274618383147,18.0,26.0
2017-12-16,17,17.0,18.34178386214213,18.706981863929098,18.46125251006103,18.56221122479009,19.159957951284294,18.0,26.0
2017-12-16,18,19.0,18.34178386214213,18.706981863929098,18.34434454977099,18.56221122479009,19.256958639050627,18.0,26.0
2017-12-16,19,20.0,19.364032998069163,18.95295702558304,18.581304998116916,19.92905252367397,19.60212144822896,21.0,25.0
2017-12-16,20,19.0,18.794087108551924,18.521858753608598,18.1464790419278,19.48361553839185,19.53787742463246,20.0,23.0
2017-12-16,21,19.0,18.80425139766776,18.484163859004802,18.11760075228928,19.53951514675292,19.51852659369822,20.0,21.0
2017-12-16,22,19.0,18.700043891771774,18.35093054918671,17.974196905178864,19.457425084021512,19.44051554235259,20.0,20.0
2017-12-16,23,20.0,18.9569817016109,18.887688980722196,17.974196905178864,19.17509373283775,19.324501677192753,20.0,19.0
2017-12-17,0,19.0,19.26985323976182,19.193033755231895,19.201993161516054,19.159490348094245,17.948590442927,20.0,20.0
2017-12-17,1,19.0,19.247398182788967,19.173190659426933,19.218359632091598,19.17025371156453,17.75557051497424,20.0,20.0
2017-12-17,2,20.0,19.44070117747585,19.381021845458818,19.42621586145773,19.38923239571989,17.652630943738195,21.0,20.0
2017-12-17,3,19.0,19.204079506931162,19.142886203310006,19.18838537463925,18.858396849160815,17.38697648693115,20.0,19.0
2017-12-17,4,19.0,19.204079506931162,19.129904516766526,19.18838537463925,18.849157704734473,17.224822361630636,20.0,19.0
2017-12-17,5,19.0,19.286027310168187,19.24018090949327,19.257828536932767,18.91298885644011,17.09809086237673,20.0,19.0
2017-12-17,6,20.0,19.375412678267516,19.314518542275202,19.333079944709795,19.284624484687154,17.00219165329507,20.0,20.0
2017-12-17,7,19.0,19.217904269738277,19.17002435348684,19.10132393957745,18.815819500832564,16.984745088467246,20.0,19.0
2017-12-17,8,20.0,18.769317200105753,18.666951257549723,18.631917321610054,18.338363326591924,16.91350002174926,19.0,19.0
2017-12-17,9,17.0,18.303790620991695,18.139278385806424,18.126893267842988,17.827125617385615,17.01602018478377,19.0,17.0
2017-12-17,10,17.0,17.53459338154111,17.3617754754855,17.336274777570022,17.07492299736466,16.951951008231564,17.0,17.0
2017-12-17,11,18.0,17.589838391198803,17.430557415385355,17.336274777570022,17.07492299736466,17.19495072451617,18.0,18.0
2017-12-17,12,17.0,17.57373573444582,17.43044388685777,17.336274777570022,17.07492299736466,17.415619487133192,18.0,16.0
2017-12-17,13,17.0,17.57373573444582,17.43044388685777,17.319908306994478,17.064159633894374,17.612036367040158,18.0,17.0
2017-12-17,14,17.0,17.57373573444582,17.43044388685777,17.319908306994478,17.064159633894374,17.825714163272668,18.0,17.0
2017-12-17,15,17.0,17.57373573444582,17.43044388685777,17.319908306994478,17.064159633894374,17.935336239323092,17.0,17.0
2017-12-17,16,17.0,18.38149068762224,18.22790342151124,18.110526797267443,17.827380079767543,18.287943255975478,19.0,18.0
2017-12-17,17,18.0,18.155579869942475,18.012288022354426,17.901752442491134,17.63167995590999,18.258642374472768,17.0,17.0
2017-12-17,18,18.0,19.104510887695618,19.05488116709845,18.87988009386658,18.553017963183724,18.517367868219452,19.0,19.0
2017-12-17,19,19.0,19.371164941661036,19.352196567563208,19.18330852992744,19.189899106505102,18.64555265804374,20.0,20.0
2017-12-17,20,19.0,19.579479231633016,19.550057734425536,19.380266913292825,19.133646787588596,18.74782128340278,21.0,19.0
2017-12-17,21,19.0,19.281779573561707,19.277858934781275,19.108057122150413,18.818263478258057,18.596610012653905,20.0,19.0
2017-12-17,22,20.0,19.281779573561707,19.277858934781275,19.108057122150413,18.818263478258057,18.49083350510607,20.0,19.0
2017-12-17,23,20.0,19.32509824941951,19.3081633908982,19.13803137960276,19.11910251480956,18.330945407131082,20.0,20.0
2017-12-18,0,19.0,20.399878333541327,20.409680245373384,20.285109379653548,20.299913786773686,19.966614627972792,21.0,19.0
2017-12-18,1,19.0,20.15602230249999,20.164149938275237,20.154978063871177,20.058366025279014,19.69229750097246,20.0,19.0
2017-12-18,2,19.0,20.183249399288716,20.164149938275237,20.154978063871177,20.058366025279014,19.493413920537844,20.0,20.0
2017-12-18,3,20.0,20.15602230249999,20.164149938275237,20.154978063871177,20.058366025279014,19.331074485769662,20.0,19.0
2017-12-18,4,19.0,20.15602230249999,20.151168251731757,20.154978063871177,20.051229749681337,19.176430229862415,20.0,19.0
2017-12-18,5,19.0,20.458500197212626,20.469275830490385,20.432277455530826,20.33403958554233,19.147947601565342,21.0,19.0
2017-12-18,6,19.0,20.524339673003883,20.54390724817573,20.523427571836947,20.420627300998223,19.05365860398734,21.0,20.0
2017-12-18,7,19.0,20.817921870748492,20.83748944592034,20.817009769581556,20.67556826712703,19.128129797354692,22.0,19.0
2017-12-18,8,22.0,22.100389272754494,22.197167972440855,22.0822031586378,22.095431619470425,22.340964424539546,23.0,20.0
2017-12-18,9,24.0,22.63528745753302,22.7007306808551,22.72255499167548,22.601907166094687,22.636843960921883,25.0,17.0
2017-12-18,10,29.0,23.269711308446958,23.407205268813,23.371172396345223,23.227658445980456,22.937099610824987,27.0,17.0
2017-12-18,11,27.0,23.559011018034102,23.698257122682353,23.64459850732008,23.47465521173167,22.888118154169405,25.0,18.0
2017-12-18,12,28.0,23.58233695759983,23.767409962683036,23.71291812757642,23.491200550683466,23.363326751888245,28.0,17.0
2017-12-18,13,27.0,23.58233695759983,23.767409962683036,23.62267482069183,23.51376962802278,23.374270225089695,26.0,17.0
2017-12-18,14,32.0,23.58233695759983,23.767409962683036,23.641863831918023,23.524787453874993,23.57655075747852,26.0,17.0
2017-12-18,15,30.0,23.55330987147429,23.72442656186678,23.561512793566276,23.455996715685625,23.58285781149008,24.0,17.0
2017-12-18,16,30.0,23.58233695759983,23.767409962683036,23.641863831918023,23.524787453874993,23.84824029239379,25.0,17.0
2017-12-18,17,26.0,23.58233695759983,23.767409962683036,23.641863831918023,23.524787453874993,23.9736478423439,25.0,18.0
2017-12-18,18,23.0,22.2273198121845,22.256596727950562,22.17585385183936,22.07426347373856,20.86224786307068,24.0,18.0
2017-12-18,19,22.0,22.220046837687843,22.29958012876682,22.19694690447013,22.1188047940106,20.992042864398627,25.0,19.0
2017-12-18,20,21.0,20.96798281170589,21.067093282659176,20.939042444444162,20.813362238290544,20.7111072088769,22.0,19.0
2017-12-18,21,21.0,20.674400613961282,20.773511084914567,20.645460246699553,20.55601712868204,20.567405807521293,21.0,19.0
2017-12-18,22,22.0,20.674400613961282,20.773511084914567,20.645460246699553,20.55601712868204,20.457603048970064,21.0,20.0
2017-12-18,23,19.0,20.403928052678697,20.501312285270306,20.35406144433095,20.229615993499287,20.229397548483348,20.0,20.0
2017-12-19,0,20.0,20.61198965774818,20.129903614503814,20.836175321418363,20.36450133241337,20.635476434221847,19.0,19.0
2017-12-19,1,19.0,20.453824273616288,20.099630157008445,20.70025902614311,20.364170320636884,20.55997919396315,20.0,19.0
2017-12-19,2,19.0,20.362568923278264,20.019276760752792,20.619026401581586,20.26191957813213,20.292343200946437,19.0,19.0
2017-12-19,3,20.0,20.38979602006699,20.03666899517502,20.619026401581586,20.26191957813213,20.11179066021541,19.0,20.0
2017-12-19,4,20.0,20.453824273616288,20.094401039800086,20.70025902614311,20.357034045039207,20.0717109105073,20.0,19.0
2017-12-19,5,19.0,20.463274139683822,20.124324036271176,20.70638990126772,20.318614454240087,19.86071305699964,19.0,19.0
2017-12-19,6,20.0,20.620368965813103,20.279308850212175,20.878772642135367,20.507452912200733,19.875314085513217,20.0,19.0
2017-12-19,7,20.0,20.840899057288713,20.48714003624406,21.0866288715015,20.726431596356093,19.934423222487823,21.0,19.0
2017-12-19,8,23.0,21.963085103937456,21.364097423712487,21.915595569017615,21.66097302299267,22.71402993525954,20.0,22.0
2017-12-19,9,23.0,23.58071202076502,23.015136295714562,23.70270091443357,23.53608731147426,23.12067566116555,24.0,24.0
2017-12-19,10,24.0,24.643828186430078,24.1137144758969,24.73527554401174,24.576151649824123,23.52950723302521,28.0,29.0
2017-12-19,11,27.0,25.04552688849721,24.44208200259364,25.08741505404071,24.928706979750114,23.79158734172308,29.0,27.0
2017-12-19,12,25.0,25.294947622967126,24.607746779067824,25.111044484716334,25.202840981565462,23.946821476314607,29.0,28.0
2017-12-19,13,26.0,25.595062386942338,25.10479952428578,25.39426391486826,25.34127199684756,23.86628633581668,26.0,27.0
2017-12-19,14,26.0,25.622845045123768,25.23984645747041,25.413452926094454,25.352289822699774,24.175594037112745,28.0,32.0
2017-12-19,15,27.0,25.622845045123768,25.23984645747041,25.413452926094454,25.352289822699774,24.387170136484823,28.0,30.0
2017-12-19,16,27.0,25.622845045123768,25.23984645747041,25.413452926094454,25.352289822699774,24.551801414532818,28.0,30.0
2017-12-19,17,26.0,25.622845045123768,25.23984645747041,25.413452926094454,25.352289822699774,24.648206797314128,27.0,26.0
2017-12-19,18,22.0,22.37811558064559,22.1573212990332,22.28458769241912,22.162232490618464,21.323062780669222,21.0,23.0
2017-12-19,19,21.0,22.584993718928146,22.328571373718315,22.36772326862651,22.270692024901056,21.482033141733336,22.0,22.0
2017-12-19,20,20.0,21.828174016850195,21.54600777825416,21.58494819676898,21.506452953793314,21.406507443139784,21.0,21.0
2017-12-19,21,20.0,21.443140241496103,21.2738089786099,21.31273840562657,21.11889444766919,21.27002927494106,20.0,21.0
2017-12-19,22,20.0,21.840538270038188,21.623538393560768,21.644710653118217,21.50090186251847,21.169640017113828,20.0,22.0
2017-12-19,23,20.0,21.22633292247558,21.154047267763026,21.228239449496822,20.961675017329448,21.08736465012953,20.0,19.0
2017-12-20,0,19.0,20.241654932888498,20.303489441180346,20.23636179063268,20.104667962580532,20.859069839219064,19.0,20.0
2017-12-20,1,20.0,20.33654760259242,20.348730458699205,20.42266613895312,20.23607276371241,20.828429652239254,20.0,19.0
2017-12-20,2,19.0,20.191101896534047,20.218261360770867,20.314086704216443,20.08209888524122,20.589721828902128,19.0,19.0
2017-12-20,3,19.0,20.363774699381146,20.366122693121433,20.42266613895312,20.23607276371241,20.527538440336034,20.0,20.0
2017-12-20,4,19.0,20.21832899332277,20.230424477984737,20.314086704216443,20.074962609643542,20.305650757606383,19.0,20.0
2017-12-20,5,19.0,20.43725281899798,20.45377773421759,20.510029638639253,20.29276763982037,20.30750458705573,20.0,19.0
2017-12-20,6,19.0,20.384873685519587,20.415332288396826,20.492600320208698,20.22538147680507,20.125323360041698,19.0,20.0
2017-12-20,7,21.0,21.017204584009455,20.972287411024446,20.908837813179396,20.808207989992287,20.36740144920049,22.0,20.0
2017-12-20,8,21.0,22.697790636081347,22.599457548954863,22.544106639389707,22.756461718884267,22.917694889301448,23.0,23.0
2017-12-20,9,22.0,23.000023438574008,22.86260230574812,22.951803951041335,23.063122640951498,23.23937794247592,26.0,23.0
2017-12-20,10,24.0,23.834732032132624,23.769361636350702,23.800706098355757,23.981119091633875,23.398037636146668,27.0,24.0
2017-12-20,11,22.0,24.589876386775458,24.44684935445562,24.456451794941408,24.606390475755965,23.56212305844784,28.0,27.0
2017-12-20,12,23.0,24.589876386775458,24.50188727717878,24.524771415197748,24.622935814707763,23.82128132283301,29.0,25.0
2017-12-20,13,24.0,24.613202326341185,24.634343688249363,24.43452810831316,24.681354153047934,24.056187704508112,30.0,26.0
2017-12-20,14,26.0,24.613202326341185,24.634343688249363,24.453717119539352,24.692371978900148,24.1250498437452,29.0,26.0
2017-12-20,15,26.0,24.613202326341185,24.634343688249363,24.453717119539352,24.692371978900148,24.08328891122324,27.0,27.0
2017-12-20,16,25.0,24.613202326341185,24.634343688249363,24.453717119539352,24.692371978900148,24.041802940154014,25.0,27.0
2017-12-20,17,24.0,24.613202326341185,24.634343688249363,24.453717119539352,24.692371978900148,24.27184191208681,26.0,26.0
2017-12-20,18,21.0,22.385425100015667,22.4414916352923,22.016262887835847,22.265879850969412,21.64139489252086,23.0,22.0
2017-12-20,19,22.0,20.796311460815698,21.05189114198631,20.863593597602048,20.782890384548594,21.43034036200312,20.0,21.0
2017-12-20,20,21.0,20.608289418236204,20.81026968279299,20.7196519296932,20.50939808993141,21.460325073324313,20.0,20.0
2017-12-20,21,23.0,21.214687528228428,21.301123321104647,21.0916635497035,21.032251206342917,21.623492123941645,22.0,20.0
2017-12-20,22,22.0,20.608289418236204,20.81026968279299,20.7196519296932,20.50699394645171,21.374701412526267,20.0,20.0
2017-12-20,23,20.0,20.46284371217783,20.65744847111659,20.569532501817513,20.30365054321538,21.18638633549245,19.0,20.0
2017-12-21,0,19.0,20.222568691932743,20.122998951308983,20.182380800012904,19.999083808919725,20.412630179454002,19.0,19.0
2017-12-21,1,19.0,20.16924121267396,20.10269206466495,20.14064769845028,19.976514731580412,20.25341292550244,19.0,20.0
2017-12-21,2,19.0,20.142014115885235,20.08529983024272,20.14064769845028,19.976514731580412,20.115129715088692,19.0,19.0
2017-12-21,3,19.0,20.142014115885235,20.08529983024272,20.14064769845028,19.976514731580412,19.967292189472285,19.0,19.0
2017-12-21,4,19.0,20.142014115885235,20.072318143699242,20.14064769845028,19.969378455982735,19.834374960282958,19.0,19.0
2017-12-21,5,19.0,20.242719332290793,20.182594536425984,20.228011198136414,20.03320960768837,19.72602254226248,19.0,19.0
2017-12-21,6,19.0,20.454004514140426,20.387695052039668,20.42774074917921,20.273771201615453,19.743733368565568,20.0,19.0
2017-12-21,7,20.0,20.776019696751256,20.681848068930062,20.731983333793913,20.607207698653408,19.772106101063823,21.0,21.0
2017-12-21,8,21.0,21.086470893421673,21.03374940225606,21.125742440866755,21.013540105953176,22.384463882544832,20.0,21.0
2017-12-21,9,23.0,22.75646019956929,22.67896808474517,22.532539594843225,22.662168636416844,22.790419118233224,24.0,22.0
2017-12-21,10,21.0,23.659945601938563,23.692903698493666,23.489772803117788,23.73988013777454,23.12826091865312,27.0,24.0
2017-12-21,11,22.0,23.691130742380082,23.707901437468237,23.487145768157962,23.603707420243193,23.181273578392616,26.0,22.0
2017-12-21,12,22.0,23.748960568881028,23.799176487513392,23.631233791704304,23.763110451036397,23.31288645363475,26.0,23.0
2017-12-21,13,22.0,24.029799887573215,24.0531083923637,23.86073324261078,24.025991319816864,23.36815938649826,25.0,24.0
2017-12-21,14,21.0,24.105572212539208,24.076087670734506,23.81598079052063,24.309725199865177,23.50983954886621,25.0,26.0
2017-12-21,15,22.0,24.105572212539208,24.076087670734506,23.81598079052063,24.309725199865177,23.674887329780248,25.0,26.0
2017-12-21,16,20.0,24.094625230229497,24.04468075983869,23.783418132850493,24.24093446167581,23.745300147911788,24.0,25.0
2017-12-21,17,19.0,24.029799887573215,24.0531083923637,23.879922253836973,24.037009145669078,23.97820409427215,25.0,24.0
2017-12-21,18,18.0,22.05900189926907,21.994341866327325,21.73238352506096,21.76696042596045,21.223633534165703,23.0,21.0
2017-12-21,19,20.0,21.340868295278838,21.318501299010784,21.36615765690723,21.213596800122094,21.07750317723597,21.0,22.0
2017-12-21,20,19.0,20.964551861021903,20.911451905668898,20.955553686410287,20.745001669816922,21.104622914129603,21.0,21.0
2017-12-21,21,19.0,21.054960257044854,21.02406658513082,21.083647857488625,20.879476016546715,20.955021932805074,20.0,23.0
2017-12-21,22,19.0,20.85911055214662,20.802901828865412,20.88438572611003,20.75913004339773,20.807633023737054,19.0,22.0
2017-12-21,23,19.0,20.447148502545723,20.41750229791196,20.43683811214362,20.10941300088776,20.73355586297004,19.0,20.0
2017-12-22,0,18.0,18.753945332159727,18.00146304347204,18.183341352976576,19.92164878883146,19.669992575235227,19.0,19.0
2017-12-22,1,18.0,18.67339075611222,17.96376392240578,18.141608251413953,19.89907971149215,19.535745701671562,19.0,19.0
2017-12-22,2,19.0,18.67339075611222,17.96376392240578,18.141608251413953,19.89907971149215,19.394045928596228,19.0,19.0
2017-12-22,3,18.0,17.253452725050092,16.160874233966243,16.420082861684502,19.657463983764917,19.16160831690414,18.0,19.0
2017-12-22,4,18.0,18.67339075611222,17.9507822358623,18.141608251413953,19.889840567065807,19.129069663463234,19.0,19.0
2017-12-22,5,18.0,18.774095972517777,18.06105862858904,18.228971751100087,19.953671718771442,19.025023716437648,19.0,19.0
2017-12-22,6,19.0,18.8201626647593,18.11573196469561,18.274248901424766,20.040259434227334,18.950675430100578,19.0,19.0
2017-12-22,7,18.0,18.847389761548026,18.133124199117837,18.274248901424766,20.040259434227334,18.89786463918474,19.0,20.0
2017-12-22,8,19.0,20.376084998077847,19.808355240452485,20.06191543563073,21.135948044316397,21.855522963053712,21.0,21.0
2017-12-22,9,16.0,22.585829326505312,21.955201416933768,21.844961884001304,22.393938411920583,22.147286319650263,24.0,23.0
2017-12-22,10,16.0,22.92758149693092,22.39685421132566,22.32140162279314,22.864779323051206,22.531453449820695,27.0,21.0
2017-12-22,11,16.0,23.207080968442202,22.68535047809509,22.594827733767996,23.192619503905526,22.71968539824576,28.0,22.0
2017-12-22,12,16.0,23.207080968442202,22.68535047809509,22.594827733767996,23.218748252148924,22.760426530088004,27.0,22.0
2017-12-22,13,16.0,23.367647763135977,22.812719416543356,22.63656083533062,23.241317329488236,22.911883658949296,27.0,22.0
2017-12-22,14,17.0,23.362440101776997,22.847669941684117,22.63656083533062,23.171491740237343,23.084606990665684,27.0,21.0
2017-12-22,15,16.0,23.395430421317407,22.845114354584194,22.63656083533062,23.25233515534045,23.22691358461314,27.0,22.0
2017-12-22,16,16.0,23.270962327834138,22.70836466013418,22.52765203933287,23.10886338144411,23.30428910003852,26.0,20.0
2017-12-22,17,17.0,23.270962327834138,22.69097242571195,22.52765203933287,23.10886338144411,23.439358605705156,26.0,19.0
2017-12-22,18,18.0,22.160254788713193,21.615012986150575,21.328263207688895,21.694078934458904,20.75991211362108,26.0,18.0
2017-12-22,19,18.0,22.123954728090997,21.632405220572803,21.26900522196792,21.702880721579717,20.69496528010544,25.0,20.0
2017-12-22,20,19.0,21.001219721893204,20.512040457856134,20.15401157085699,21.36265446773366,20.539335548596295,23.0,19.0
2017-12-22,21,18.0,20.00890922005949,19.51972995602242,19.515071440932587,20.560288102657967,20.33068381030936,21.0,19.0
2017-12-22,22,18.0,19.0074290891839,18.755984206058805,18.75135553912619,20.24490479332743,20.178409481521072,20.0,19.0
2017-12-22,23,19.0,18.45713075932225,18.166164296953845,18.1952111451382,20.041561390091097,19.993574485050214,19.0,19.0
2017-12-23,0,19.0,19.498504793460874,19.200860482707373,19.1675217078521,19.26666070545464,17.916739838031912,20.0,18.0
2017-12-23,1,18.0,19.476049736488022,19.18101738690241,19.183888178427644,19.277424068924926,17.76153259797047,20.0,18.0
2017-12-23,2,18.0,19.58092574044255,19.325365565302455,19.328261657035178,19.41129221240816,17.58648756939211,20.0,19.0
2017-12-23,3,19.0,19.330604030429647,19.050548288974074,19.075308743690968,19.123450190453735,17.35109079348363,19.0,18.0
2017-12-23,4,19.0,19.330604030429647,19.037566602430594,19.075308743690968,19.114211046027393,17.212154203330233,19.0,18.0
2017-12-23,5,18.0,19.412551833666672,19.147842995157337,19.144751905984485,19.178042197733028,17.10001785682052,19.0,18.0
2017-12-23,6,18.0,19.737339791297543,19.493551080072006,19.477835106069737,19.525662985530783,17.102624752239084,20.0,19.0
2017-12-23,7,19.0,19.372828348613208,19.10454407107219,19.110692460054093,19.080872842125483,16.986672082911035,19.0,18.0
2017-12-23,8,18.0,19.174562988993586,18.876288251463453,18.894238755430905,18.89125868983927,16.98054652980427,19.0,19.0
2017-12-23,9,16.0,17.978071734165216,17.593348536282807,17.636410407881755,17.627818360612004,16.88660652163741,17.0,16.0
2017-12-23,10,17.0,17.978071734165216,17.593348536282807,17.636410407881755,17.627818360612004,16.979335603584314,17.0,16.0
2017-12-23,11,16.0,18.03331674382291,17.66213047618266,17.636410407881755,17.627818360612004,17.2009128075124,18.0,16.0
2017-12-23,12,17.0,18.060700572566898,17.667210876523853,17.636410407881755,17.6539471088554,17.16908633615359,16.0,16.0
2017-12-23,13,16.0,18.12461013446018,17.740819124238907,17.62004393730621,17.643183745385116,17.435031801211494,17.0,16.0
2017-12-23,14,16.0,18.15239279264161,17.773214062279745,17.62004393730621,17.643183745385116,17.599660478400637,17.0,17.0
2017-12-23,15,16.0,18.15239279264161,17.773214062279745,17.62004393730621,17.643183745385116,17.78636614659476,17.0,16.0
2017-12-23,16,16.0,18.15239279264161,17.773214062279745,17.62004393730621,17.643183745385116,18.036040961744614,18.0,16.0
2017-12-23,17,17.0,18.734236928138266,18.3550581977764,18.201888072802866,18.210704067400734,18.058046290509697,17.0,17.0
2017-12-23,18,17.0,19.54005937820061,19.231067097236807,19.114736009369935,18.998173931191232,18.32560695279842,19.0,18.0
2017-12-23,19,18.0,19.763394756308223,19.498078041584638,19.300598172969888,19.323198212108895,18.472583180767515,20.0,18.0
2017-12-23,20,19.0,19.67675836196285,19.445571831643278,19.268764084603248,19.204962012364682,18.37476441278623,19.0,19.0
2017-12-23,21,19.0,19.571882358008324,19.301223653243234,19.124390605995714,19.071093868881448,18.354111950226738,19.0,18.0
2017-12-23,22,18.0,19.571882358008324,19.301223653243234,19.124390605995714,19.071093868881448,18.278593123577465,19.0,18.0
2017-12-23,23,19.0,19.822204068021225,19.598393043319675,19.399694501252743,19.386269763896586,18.247468811001255,20.0,19.0
2017-12-24,0,18.0,19.46046181675678,19.281831615750193,19.39463145761991,19.246554970466683,18.04862277730165,19.0,19.0
2017-12-24,1,19.0,19.3331307558294,19.117640341545187,19.26662444958792,19.123450190453735,17.86745549480165,19.0,18.0
2017-12-24,2,19.0,19.478576461887776,19.248109439473524,19.375203884324595,19.277424068924926,17.76268888127005,20.0,18.0
2017-12-24,3,18.0,19.438006759783928,19.26198851994523,19.410997928195453,19.25731833393697,17.46783890098883,19.0,19.0
2017-12-24,4,18.0,19.438006759783928,19.24900683340175,19.410997928195453,19.248079189510626,17.304480903495502,19.0,19.0
2017-12-24,5,18.0,19.415078559066426,19.21493504772845,19.336067611881436,19.178042197733028,17.19080592188717,19.0,18.0
2017-12-24,6,19.0,19.63499051274277,19.416294954243074,19.524777333359154,19.39179484204755,17.201989860339552,20.0,18.0
2017-12-24,7,19.0,19.48023107796749,19.315984302043347,19.446381644558578,19.214740985608717,17.063646844634263,19.0,19.0
2017-12-24,8,17.0,19.217659416497188,18.92950122356286,19.049760417456998,18.911364424827227,17.19402780635522,20.0,18.0
2017-12-24,9,17.0,17.98059845956497,17.66044058885392,17.827726113778706,17.68862235614648,17.01716793248604,17.0,16.0
2017-12-24,10,16.0,17.98059845956497,17.66044058885392,17.827726113778706,17.68862235614648,17.12791030877541,17.0,17.0
2017-12-24,11,16.0,18.035843469222662,17.729222528753773,17.827726113778706,17.68862235614648,17.400363674042417,18.0,16.0
2017-12-24,12,16.0,18.047124641213667,17.73418940056738,17.827726113778706,17.71475110438988,17.488025214820997,17.0,17.0
2017-12-24,13,17.0,18.047124641213667,17.73418940056738,17.81135964320316,17.703987740919594,17.714029359305467,17.0,16.0
2017-12-24,14,16.0,18.154919518041364,17.840306114850858,17.81135964320316,17.703987740919594,17.92953419783353,17.0,16.0
2017-12-24,15,16.0,18.154919518041364,17.840306114850858,17.81135964320316,17.703987740919594,18.13425316037012,17.0,16.0
2017-12-24,16,17.0,18.154919518041364,17.840306114850858,17.81135964320316,17.703987740919594,18.314821413161074,17.0,16.0
2017-12-24,17,16.0,18.73676365353802,18.422150250347514,18.393203778699817,18.27150806293521,18.53923461976587,18.0,17.0
2017-12-24,18,17.0,18.73676365353802,18.522935682038025,18.493989435763826,18.27150806293521,18.63878890630995,18.0,17.0
2017-12-24,19,19.0,19.620475775649602,19.412348882479353,19.360983462217344,19.130872634724778,18.766715570626022,19.0,18.0
2017-12-24,20,18.0,19.679285087362604,19.51266388421439,19.4600797905002,19.204962012364682,18.747072833901527,19.0,19.0
2017-12-24,21,19.0,19.679285087362604,19.51266388421439,19.4600797905002,19.204962012364682,18.688185660658675,19.0,19.0
2017-12-24,22,18.0,19.719854789466453,19.521136917490743,19.44663672854216,19.263419446265566,18.68818150936577,20.0,18.0
2017-12-24,23,19.0,19.744718574774712,19.591763319648148,19.591010207149694,19.386269763896586,18.526466369095225,20.0,19.0
2017-12-25,0,18.0,20.046967941449566,19.740508573291716,19.97193887856731,19.33836283347221,19.69523973148405,19.0,18.0
2017-12-25,1,19.0,20.071289369356585,19.8471576306255,20.07457925561222,19.41661069457799,19.488359817857138,19.0,19.0
2017-12-25,2,18.0,20.071289369356585,19.8471576306255,20.07457925561222,19.41661069457799,19.29184877591522,19.0,19.0
2017-12-25,3,19.0,20.111859071460433,19.833278550153793,20.038785211741363,19.46976763460409,19.213212903344242,20.0,18.0
2017-12-25,4,18.0,19.966413365402058,19.689827765681976,19.930205777004687,19.30865748053522,18.957502144721254,19.0,18.0
2017-12-25,5,19.0,20.048361168639083,19.80010415840872,19.999648939298204,19.372488632240856,18.830752626760255,19.0,18.0
2017-12-25,6,18.0,20.247476203761313,20.04594138641539,20.270025670628222,19.55989328614184,18.734847271833164,19.0,19.0
2017-12-25,7,19.0,20.247476203761313,20.04594138641539,20.270025670628222,19.55989328614184,18.70359354950735,19.0,19.0
2017-12-25,8,17.0,21.544419400650337,21.430292956521164,21.346522889654427,20.70326264879578,22.373009073225017,22.0,17.0
2017-12-25,9,17.0,22.74901880339243,22.589600568208255,22.512873025008798,21.69524248270491,22.63498723259399,24.0,17.0
2017-12-25,10,16.0,23.42695486843806,23.339058556982415,23.255890625975674,22.44555804475901,23.23946450243865,29.0,16.0
2017-12-25,11,17.0,23.771499587682897,23.772140449223848,23.52931673695053,22.692554810510224,23.215737113977212,27.0,16.0
2017-12-25,12,16.0,23.879437992474394,23.893284675643304,23.59763635720687,22.73522889770542,23.502353921936958,28.0,16.0
2017-12-25,13,16.0,23.879437992474394,23.893284675643304,23.626851065468667,22.75779797504473,23.605289514475817,27.0,17.0
2017-12-25,14,16.0,23.98723286930209,23.99940138992678,23.64604007669486,22.768815800896945,24.300463963552957,32.0,16.0
2017-12-25,15,16.0,23.98723286930209,23.99940138992678,23.64604007669486,22.768815800896945,24.31659542506615,30.0,16.0
2017-12-25,16,16.0,23.98723286930209,23.99940138992678,23.64604007669486,22.768815800896945,24.482175165944508,30.0,17.0
2017-12-25,17,17.0,23.98723286930209,23.99940138992678,23.64604007669486,22.768815800896945,24.26583636375122,26.0,16.0
2017-12-25,18,17.0,22.105615332211023,22.097659038537717,21.74449708081075,21.043296868932224,20.73183737194621,23.0,17.0
2017-12-25,19,18.0,21.370586967499722,21.398930734448612,21.078889754421336,20.25929178734078,20.659146773183974,22.0,19.0
2017-12-25,20,18.0,20.90628929000933,20.909893073924763,20.823861677849504,20.042486858541714,20.574341440438246,21.0,18.0
2017-12-25,21,19.0,21.011165293963856,21.01476907787929,20.92873768180403,20.094364424695605,20.50281617242115,21.0,19.0
2017-12-25,22,18.0,21.304747491708465,21.3083512756239,21.000258031416042,20.17029992840519,20.504343582753968,22.0,18.0
2017-12-25,23,19.0,20.488007711187905,20.516027290315993,20.50640846278593,19.575637712128735,20.06382807467544,19.0,19.0
2017-12-26,0,18.0,19.46108835444366,19.142391818623736,19.659282966738324,20.04895717345477,19.181640933881027,20.0,18.0
2017-12-26,1,18.0,19.339964076292304,19.11857177802918,19.65334390904656,19.97323115608936,18.879365757326077,19.0,19.0
2017-12-26,2,19.0,19.235088072337778,18.974223599629138,19.508970430439025,19.872414217644266,18.694927978446103,19.0,18.0
2017-12-26,3,19.0,19.48540978235068,19.24904087595752,19.761923343783234,20.12720503456055,18.587171292724157,20.0,19.0
2017-12-26,4,18.0,19.380533778396153,19.091711011013995,19.6175498651757,20.01925182051778,18.43765526219789,20.0,18.0
2017-12-26,5,19.0,19.440669292697862,19.215866484212444,19.740707408732693,20.029926032197316,18.202843722910966,19.0,19.0
2017-12-26,6,18.0,19.575478025969414,19.351036380052577,19.96839430330783,20.2067950053226,18.227847110552204,20.0,18.0
2017-12-26,7,19.0,19.68035402992394,19.49538455845262,20.112767781915363,20.307611943767693,18.183025918700316,20.0,19.0
2017-12-26,8,18.0,21.574356712524747,21.447995334719163,21.285154028031812,22.265340772346658,21.887131183422532,23.0,17.0
2017-12-26,9,17.0,21.621758651201684,21.50837895993958,21.33255596670875,22.312717142380873,21.963199948339373,23.0,17.0
2017-12-26,10,16.0,22.714651662091672,22.61504923027505,22.381366765958315,23.12331622246744,22.195059545852818,24.0,16.0
2017-12-26,11,16.0,23.1027085954682,23.09111452333274,22.749193073230305,23.494877270386986,22.62689874282361,27.0,17.0
2017-12-26,12,17.0,23.210647000259698,23.2122587497522,22.817512693486645,23.53755135758218,22.648612238259474,25.0,16.0
2017-12-26,13,16.0,23.210647000259698,23.2122587497522,22.846727401748442,23.560120434921494,22.954284366768626,26.0,16.0
2017-12-26,14,16.0,23.318441877087395,23.318375464035675,22.865916412974634,23.571138260773708,23.16974570428965,26.0,16.0
2017-12-26,15,17.0,23.318441877087395,23.318375464035675,22.865916412974634,23.571138260773708,23.467955281363473,27.0,16.0
2017-12-26,16,16.0,23.318441877087395,23.318375464035675,22.865916412974634,23.571138260773708,23.64849487053079,27.0,16.0
2017-12-26,17,16.0,23.318441877087395,23.318375464035675,22.865916412974634,23.571138260773708,23.685834119030826,26.0,17.0
2017-12-26,18,18.0,20.675561735057638,20.717904808557506,21.083820810307383,21.08586366513487,20.038397301966874,22.0,17.0
2017-12-26,19,18.0,20.240803472736307,20.31944660685837,20.618735740012646,20.722819353152268,19.979274172730708,21.0,18.0
2017-12-26,20,19.0,19.87726433887374,19.91719617394388,20.143724120445853,20.23718878191104,19.879934788357897,20.0,18.0
2017-12-26,21,19.0,19.982140342828266,20.061544352343923,20.288097599053387,20.335601576876435,19.80726297539526,20.0,19.0
2017-12-26,22,18.0,19.87726433887374,19.91719617394388,20.143724120445853,20.234784638431343,19.71376820956512,20.0,18.0
2017-12-26,23,19.0,19.902128124182,19.987822576101284,20.268908587827195,20.32458375102422,19.552096570301615,20.0,19.0
2017-12-27,0,18.0,19.87697440679876,19.690416365587243,19.617203556663437,19.868677303583365,19.14629635188264,19.0,18.0
2017-12-27,1,19.0,19.941865536809626,19.78318634244932,19.68404988983749,20.000082104715244,19.049768721630073,20.0,18.0
2017-12-27,2,18.0,19.901295834705778,19.797065422921026,19.719843933708347,19.946925164689144,18.74872222159978,19.0,19.0
2017-12-27,3,18.0,19.901295834705778,19.797065422921026,19.719843933708347,19.946925164689144,18.56515448390995,19.0,19.0
2017-12-27,4,19.0,19.79641983075125,19.639735557977502,19.575470455100813,19.838971950646375,18.4186338020539,19.0,18.0
2017-12-27,5,19.0,19.983243637942802,19.89436012910429,19.789287096001864,20.003620040797102,18.279233187356883,19.0,19.0
2017-12-27,6,18.0,20.040283135076567,19.899060927016084,19.940203861739505,20.026515135451195,18.21135084614712,19.0,18.0
2017-12-27,7,21.0,20.511134936565078,20.38170938937635,20.49052693761368,20.50028463652284,18.35294335284507,21.0,19.0
2017-12-27,8,22.0,21.106178435070568,21.074955248551607,21.07419213897054,21.140484223207054,21.672024456752986,21.0,18.0
2017-12-27,9,19.0,21.55203857544664,21.53379707547116,21.721514819298207,21.52665548730654,21.852439146041867,22.0,17.0
2017-12-27,10,21.0,23.343659890425734,23.339195649895736,23.37667495921621,23.097010231067227,22.17392309886662,24.0,16.0
2017-12-27,11,21.0,22.531007145605415,22.673353555670495,22.643558334942806,22.399403532943523,22.147389895451298,22.0,16.0
2017-12-27,12,21.0,23.337673854486017,23.493226086179057,23.318227295867583,23.201833283812835,22.417182389735533,23.0,17.0
2017-12-27,13,21.0,23.876155233108335,23.967143544799264,23.747635398709203,23.409250161352947,22.731789518026822,24.0,16.0
2017-12-27,14,21.0,23.92937000160563,24.030945393735916,23.81343622555092,23.544832269373494,23.129760939710152,26.0,16.0
2017-12-27,15,18.0,23.92937000160563,24.030945393735916,23.81343622555092,23.544832269373494,23.316725629354185,26.0,17.0
2017-12-27,16,19.0,23.92937000160563,24.030945393735916,23.81343622555092,23.544832269373494,23.414555203495876,25.0,16.0
2017-12-27,17,18.0,23.903937891289765,23.9995384828401,23.766824409935396,23.42026798720516,23.46382480044826,24.0,16.0
2017-12-27,18,18.0,20.906111761692564,20.997940251750215,20.865816989458423,20.720762779669382,19.97039109903177,21.0,18.0
2017-12-27,19,19.0,21.268269902769504,21.39639845344935,21.204560350795173,21.035308255817327,20.112779453384526,22.0,18.0
2017-12-27,20,20.0,20.84117175931305,21.01223679688003,20.626807414857588,20.627083038286457,20.001509720559362,21.0,19.0
2017-12-27,21,19.0,21.833482261146763,22.004547298713742,21.615796031793057,21.66894774291256,20.132702499008033,23.0,19.0
2017-12-27,22,19.0,21.134753957057658,21.305818994624637,21.00944669112462,20.909192079238444,19.94958337786659,22.0,18.0
2017-12-27,23,19.0,20.54347210124174,20.740037997235767,20.335408612488983,20.298277759624007,19.60540165444078,20.0,19.0
2017-12-28,0,19.0,19.859667757130243,19.78331479079896,20.060785998006487,20.167101500524364,19.401022829026708,19.0,18.0
2017-12-28,1,19.0,19.88398918503726,19.889963848132744,20.183035309003483,20.245349361630144,19.175213230288772,19.0,19.0
2017-12-28,2,20.0,19.779113181082735,19.7456156697327,20.019052896443863,20.14453242318505,18.97487583333679,19.0,18.0
2017-12-28,3,19.0,19.779113181082735,19.7456156697327,20.019052896443863,20.14453242318505,18.773751169693472,19.0,18.0
2017-12-28,4,19.0,19.88398918503726,19.876982161589265,20.183035309003483,20.238213086032466,18.586131978040516,19.0,19.0
2017-12-28,5,19.0,19.965936988274287,19.987258554316007,20.252478471297,20.3020442377381,18.452075874353874,19.0,19.0
2017-12-28,6,19.0,20.02297648540805,19.991959352227802,20.383786303082555,20.324939332392194,18.38130498579022,19.0,18.0
2017-12-28,7,20.0,20.470244217450503,20.378756417761878,20.9226739940354,20.694187962191073,18.40463146345638,20.0,21.0
2017-12-28,8,21.0,21.790107854151326,21.695899584104627,22.19846892247102,21.96998512859858,22.19721838717967,21.0,22.0
2017-12-28,9,19.0,22.23346022986723,22.207054200348033,22.564262814791224,22.443701632811,22.51225955596429,23.0,19.0
2017-12-28,10,19.0,21.95374980957556,22.033198075677916,22.612709727540494,22.211605387721544,22.43574864591692,21.0,21.0
2017-12-28,11,19.0,22.536631716907312,22.617832127291877,23.128405390482136,22.694863221906786,22.71024482490548,22.0,21.0
2017-12-28,12,19.0,22.64457012169881,22.692065367633752,23.196725010738476,22.711408560858583,22.92226334827741,22.0,21.0
2017-12-28,13,20.0,22.64457012169881,22.692065367633752,23.225939719000273,22.733977638197896,23.15146989896955,22.0,21.0
2017-12-28,14,19.0,22.3509879239542,22.398483169889143,23.005027661367997,22.50873439561608,23.28930288486375,21.0,21.0
2017-12-28,15,19.0,22.474851196457983,22.580085578428058,23.05087636888998,22.665334248381665,23.642605683533798,22.0,18.0
2017-12-28,16,19.0,21.883569340642065,22.014304581039188,22.556005959732868,22.113689870617097,23.632752584399867,20.0,19.0
2017-12-28,17,19.0,21.633247630629164,21.717135190962747,22.541068152800563,21.820547354787887,23.704304277028726,19.0,18.0
2017-12-28,18,20.0,19.572945337184247,19.790041785987817,20.338023995229758,20.037705832616567,20.0293060045803,18.0,18.0
2017-12-28,19,20.0,20.40509881618696,20.52767271084855,20.914285484725173,20.707707210752705,20.248520477934584,20.0,19.0
2017-12-28,20,20.0,20.153364261205464,20.28427204034744,20.588241408405125,20.391669600269402,20.128781952776365,19.0,20.0
2017-12-28,21,20.0,20.12613716441674,20.28427204034744,20.588241408405125,20.389265456789705,20.073260192060733,19.0,19.0
2017-12-28,22,19.0,20.12613716441674,20.28427204034744,20.588241408405125,20.389265456789705,19.952298811321214,19.0,19.0
2017-12-28,23,20.0,20.12613716441674,20.28427204034744,20.566883914070615,20.37824763093749,19.78854085732912,19.0,19.0
2017-12-29,0,19.0,19.81391675293137,19.968801431262435,20.015394981297604,20.09750058420772,19.84168087483996,18.0,19.0
2017-12-29,1,19.0,19.7719198906097,19.95105893452872,19.97366187973498,20.074931506868406,19.639744621717764,18.0,19.0
2017-12-29,2,20.0,20.27658156687114,20.30757258673668,20.299247322860435,20.38099377747979,19.514683054794233,19.0,20.0
2017-12-29,3,19.0,19.7719198906097,19.95105893452872,19.97366187973498,20.074931506868406,19.241893762120988,18.0,19.0
2017-12-29,4,20.0,19.7719198906097,19.93807724798524,19.97366187973498,20.065692362442064,19.074264884705535,18.0,19.0
2017-12-29,5,20.0,19.853867693846723,20.048353640711984,20.043105042028497,20.1295235141477,18.94409181239713,18.0,19.0
2017-12-29,6,19.0,20.413789863956886,20.533958187653003,20.54623921956625,20.55929781785827,18.954360019879875,19.0,19.0
2017-12-29,7,21.0,19.91751568903137,20.133411358780037,20.264890559279948,20.193456781403555,18.816932735144224,18.0,20.0
2017-12-29,8,21.0,21.310655388446452,21.32569023556453,21.629927057648917,21.28203386532078,22.422628679205538,19.0,21.0
2017-12-29,9,19.0,21.361903755808754,21.561215567575207,21.859695024687912,21.44656960813297,22.250039685258482,16.0,19.0
2017-12-29,10,20.0,21.928714800329658,22.209848453166753,22.508312429357655,22.03343830704211,22.380161283970146,16.0,19.0
2017-12-29,11,20.0,22.11875464262013,22.41418057967567,22.695033996643414,22.18456132968185,22.551755026243402,16.0,19.0
2017-12-29,12,21.0,22.18813533368579,22.452951517889943,22.695033996643414,22.18456132968185,22.753713507343015,16.0,19.0
2017-12-29,13,20.0,22.215362430474514,22.452951517889943,22.736767098206037,22.20713040702116,22.95904671241941,16.0,20.0
2017-12-29,14,21.0,22.18813533368579,22.452951517889943,22.736767098206037,22.20713040702116,23.28837447403824,17.0,19.0
2017-12-29,15,21.0,22.18813533368579,22.452951517889943,22.736767098206037,22.20713040702116,23.405131385954867,16.0,19.0
2017-12-29,16,20.0,22.18813533368579,22.452951517889943,22.736767098206037,22.20713040702116,23.589970518667947,16.0,19.0
2017-12-29,17,19.0,22.18813533368579,22.452951517889943,22.736767098206037,22.20713040702116,23.830881815972816,17.0,19.0
2017-12-29,18,18.0,20.012598183590253,20.278651322830385,20.394240077605602,20.25521770447981,20.51080969817139,18.0,20.0
2017-12-29,19,18.0,20.012598183590253,20.278651322830385,20.30472614444177,20.25521770447981,20.558105965162408,18.0,20.0
2017-12-29,20,18.0,20.52056913376933,20.628533398789962,20.5856981948534,20.508364533687555,20.643119714123525,19.0,20.0
2017-12-29,21,19.0,20.004576840570778,20.252063122249456,20.260112751727945,20.191284437223956,20.486433691259716,18.0,20.0
2017-12-29,22,18.0,19.977349743782053,20.252063122249456,20.260112751727945,20.191284437223956,20.3873356511891,18.0,19.0
2017-12-29,23,19.0,20.52056913376933,20.628533398789962,20.5856981948534,20.49734670783534,20.312666830568883,19.0,20.0
2017-12-30,0,19.0,19.379030080812434,19.324637833257437,19.73612511433257,19.68042235092416,18.03863141597588,19.0,19.0
2017-12-30,1,18.0,18.136080305774396,18.20685936786307,18.290924366826932,18.359973625845647,17.751196554040412,18.0,19.0
2017-12-30,2,18.0,18.16330740256312,18.20685936786307,18.290924366826932,18.359973625845647,17.540089190628404,18.0,20.0
2017-12-30,3,19.0,19.356575023839582,19.304794737452475,19.752491584908114,19.691185714394447,17.460780925148573,19.0,19.0
2017-12-30,4,18.0,19.383802120628307,19.291813050908996,19.752491584908114,19.681946569968105,17.284268887655504,19.0,20.0
2017-12-30,5,18.0,18.245255205800145,18.304154074046334,18.36036752912045,18.41456563312494,17.06366706326802,18.0,20.0
2017-12-30,6,18.0,18.226049452030896,18.378571632672827,18.457785976791705,18.451689950768234,16.995277689809967,18.0,19.0
2017-12-30,7,19.0,19.458605401760803,19.48746640206805,20.000512757234375,19.71954878954013,17.03003595571395,19.0,21.0
2017-12-30,8,18.0,17.888902627879943,17.97289385780486,18.132841205597792,18.005075639378553,16.959133244430706,18.0,21.0
2017-12-30,9,17.0,17.44806778062578,17.508453208649357,17.71163241889385,17.593889967824836,16.875142076916678,16.0,19.0
2017-12-30,10,16.0,17.383752182801786,17.508453208649357,17.71163241889385,17.593889967824836,17.07855325418801,17.0,20.0
2017-12-30,11,16.0,17.383752182801786,17.508453208649357,17.71163241889385,17.593889967824836,17.149136853552072,16.0,20.0
2017-12-30,12,16.0,17.420606701354707,17.594536036275212,17.77219063043826,17.592909476441328,17.42278064012153,17.0,21.0
2017-12-30,13,16.0,17.3676495260488,17.513420080462964,17.695265948318305,17.58312660435455,17.554183121300376,16.0,20.0
2017-12-30,14,17.0,17.420606701354707,17.594536036275212,17.755824159862716,17.582146112971042,17.754874133323167,16.0,21.0
2017-12-30,15,16.0,17.420606701354707,17.594536036275212,17.755824159862716,17.582146112971042,17.958733927142884,16.0,21.0
2017-12-30,16,17.0,17.3676495260488,17.513420080462964,17.695265948318305,17.58312660435455,18.152456219933576,16.0,20.0
2017-12-30,17,16.0,17.922266564756733,18.09526421595962,18.27711008381496,18.150646926370168,18.404081602962112,17.0,19.0
2017-12-30,18,18.0,17.817390560802206,17.950916037559576,18.11312767125534,18.016778782886934,18.51730783840464,17.0,18.0
2017-12-30,19,18.0,17.93158029347364,18.06510577023101,18.137803470762943,18.17372690433781,18.65918916050911,18.0,18.0
2017-12-30,20,19.0,19.182611382245188,19.18299776415296,19.5547572961303,19.47883250109553,18.74730212708998,19.0,18.0
2017-12-30,21,19.0,19.287487386199714,19.327345942553006,19.71873970868992,19.612700644578762,18.67526091384739,19.0,19.0
2017-12-30,22,18.0,17.923558950454165,18.06510577023101,18.09319007804912,18.136602586694515,18.489059991873685,18.0,18.0
2017-12-30,23,19.0,19.287487386199714,19.327345942553006,19.71873970868992,19.601682818726548,18.421873344463826,19.0,19.0
2017-12-31,0,18.0,17.942510130202315,17.904641462190295,18.072804908716943,18.09997175661033,17.867483447361003,18.0,19.0
2017-12-31,1,19.0,19.07423150106596,18.85834218190724,19.406365118766136,19.30807906514618,17.797279985087506,19.0,18.0
2017-12-31,2,18.0,19.07423150106596,18.85834218190724,19.406365118766136,19.30807906514618,17.61523302798538,19.0,18.0
2017-12-31,3,19.0,17.9586127869553,17.90475499071788,18.089171379292488,18.110735120080616,17.33433520056294,18.0,19.0
2017-12-31,4,18.0,17.853736783000773,17.747425125774356,17.944797900684954,17.96762783217104,17.195496369841983,18.0,18.0
2017-12-31,5,18.0,17.935684586237798,17.8577015185011,18.01424106297847,18.031458983876675,17.07473807198894,18.0,18.0
2017-12-31,6,19.0,19.269922466465097,19.074087623382002,19.65031318495477,19.459574155912097,17.08821748371085,19.0,18.0
2017-12-31,7,19.0,19.26060873774819,19.104246069110612,19.7700108640547,19.436494177944457,17.041106964434867,19.0,19.0
2017-12-31,8,18.0,17.586029959912803,17.445325346447376,17.757965833810584,17.588152884299646,16.884174029960608,17.0,18.0
2017-12-31,9,17.0,17.22537938475327,17.06200065310412,17.39731525865105,17.21078331857657,16.96337889841556,17.0,17.0
2017-12-31,10,16.0,17.13383669014055,17.06200065310412,17.39731525865105,17.21078331857657,16.99426775883416,16.0,16.0
2017-12-31,11,17.0,17.189081699798244,17.130782593003975,17.39731525865105,17.21078331857657,17.1431322249306,16.0,16.0
2017-12-31,12,16.0,17.17297904304526,17.135749464817582,17.39731525865105,17.21078331857657,17.320699188223777,16.0,16.0
2017-12-31,13,16.0,17.17297904304526,17.135749464817582,17.380948788075507,17.200019955106285,17.608982148535997,17.0,16.0
2017-12-31,14,17.0,17.17297904304526,17.135749464817582,17.380948788075507,17.200019955106285,17.700898087893492,16.0,17.0
2017-12-31,15,16.0,17.17297904304526,17.135749464817582,17.380948788075507,17.200019955106285,17.905478200914725,16.0,16.0
2017-12-31,16,16.0,17.17297904304526,17.135749464817582,17.380948788075507,17.200019955106285,18.155055256632142,17.0,17.0
2017-12-31,17,16.0,17.754823178541915,17.71759360031424,17.962792923572163,17.767540277121903,18.213309143427402,16.0,16.0
2017-12-31,18,18.0,17.754823178541915,17.81837903200475,18.06357858063617,17.767540277121903,18.376469319713944,17.0,18.0
2017-12-31,19,18.0,19.174132035245897,19.09449393526314,19.595098748549635,19.32649707881712,18.614032730341798,19.0,18.0
2017-12-31,20,19.0,17.906212445247288,18.076916943076228,18.156205160138303,18.021232224412717,18.507592011017184,18.0,19.0
2017-12-31,21,19.0,19.16526487703831,19.19480893699818,19.617772378219485,19.36346213881373,18.552938670902115,19.0,19.0
2017-12-31,22,18.0,17.80133644129276,17.932568764676184,18.01183168153077,17.887364080929483,18.37983073307032,18.0,18.0
2017-12-31,23,19.0,19.16526487703831,19.19480893699818,19.617772378219485,19.352444312961516,18.327891188626918,19.0,19.0
