date,hour,actual_kw,ai,no_response,no_interaction,no_weather,linear,weekly,daily
2017-03-14,0,360.305,301.1655541903784,299.15788770519663,305.5944037192259,295.1135964500824,332.5572213533641,287.9775,268.7554
2017-03-14,1,323.9579,302.87804434066527,302.0778033459524,305.5944037192259,293.502590104438,325.5232206444976,287.9847,263.9723
2017-03-14,2,312.1726,302.2593841292106,302.72776803355725,301.98551489685656,284.1716120597807,320.7956767426817,297.7445,257.9531
2017-03-14,3,282.0,305.01619774814844,302.7886033788364,302.90384397036615,288.65979463646784,311.5440485834705,257.9729,294.9409
2017-03-14,4,311.1711,303.5423570347741,299.96099313059364,299.94691872502494,282.52129180834316,307.60829424320997,269.9582,269.9717
2017-03-14,5,318.8047,305.2586361520163,305.5774169307958,303.121540130538,285.78949095506374,313.0190813232347,293.0587,306.6729
2017-03-14,6,281.9779,305.25282214054437,301.5667987583372,299.629230115736,284.1171462038237,301.93262268406517,245.9939,293.9387
2017-03-14,7,311.3143,312.6261914228064,311.1662824562969,307.95939398328255,291.0775011205834,308.20176376824827,257.9798,329.0616
2017-03-14,8,331.4448,317.89432397777944,312.7205888406525,313.4419565489429,289.2670081597717,344.43698431207594,257.9596,337.2271
2017-03-14,9,317.9751,317.09662854202986,311.23043731829085,313.7361427881508,292.08933602792365,346.0896532329168,257.9931,318.0
2017-03-14,10,353.5992,318.8487146413363,310.491484194835,314.85940059548903,292.0922872515234,350.50638867403643,251.9412,329.9824
2017-03-14,11,335.939,325.46139788001454,321.156171959286,322.9638235472458,297.8246414209884,364.29898292365345,288.761,347.5301
2017-03-14,12,335.9826,375.494677909063,376.94704950415473,375.09874090697934,333.7920820293913,381.0278569369271,308.9755,427.5466
2017-03-14,13,384.1594,425.9571493143027,426.2002128982093,437.65348923663913,377.71953887088017,398.7770576087246,342.9822,491.9492
2017-03-14,14,353.954,433.3846999028254,425.87319351558295,431.76606523229947,375.2466251916985,398.4987075686559,322.9701,480.2108
2017-03-14,15,389.6809,429.6738574794939,425.833388910885,419.080279331436,366.7301662671014,397.7128384494288,325.9374,425.9773
2017-03-14,16,378.0,426.47224678434605,414.0214741019396,418.24910143241055,360.4577843987927,399.31698398902336,306.0158,456.9933
2017-03-14,17,450.679,433.7559364616351,424.3358861797706,423.96441855670747,367.02568439982383,403.27255334681035,328.1561,442.6068
2017-03-14,18,415.4323,381.17623130604113,360.4156403505292,379.73813211457167,356.0806630589645,366.31142761015394,328.7889,407.604
2017-03-14,19,0.0,365.4688227084471,346.69188381676236,369.474928900922,349.42258491682446,361.57245122811,323.4067,390.052
2017-03-14,20,346.5851,358.2659807582168,340.542905469794,358.5441912810972,345.8498680046272,352.50155880741227,291.7379,395.7188
2017-03-14,21,359.9117,328.10953717656616,320.24147074559323,328.23616993419853,323.0964980295146,342.81933138594326,286.1517,355.3375
2017-03-14,22,282.007,319.1979420589203,307.7782532381863,314.75387439839005,312.6967665687008,335.118718714571,291.873,323.719
2017-03-14,23,305.0431,298.1224854761485,297.6841132061296,300.74198688924815,293.8834868666501,322.38499020708235,267.8939,305.9842
2017-03-15,0,318.3837,350.6598842294319,338.88051417432877,349.9712195583597,317.7886228901153,342.06702064842995,261.3098,360.305
2017-03-15,1,317.9587,319.816740268703,308.0689286067703,318.7998303081009,302.5750944417278,329.5239712747642,248.5163,323.9579
2017-03-15,2,317.9666,313.58807748254793,300.49268253952255,310.7770897172467,289.61239736458293,320.87797260746174,241.1138,312.1726
2017-03-15,3,346.7213,308.4850219901371,300.09867544383224,303.17115082044955,289.03143329748775,314.0937513287186,247.5704,282.0
2017-03-15,4,371.3963,314.9177739295087,306.0123248305117,307.48728871289467,287.963371291703,313.72348496510256,251.9933,311.1711
2017-03-15,5,353.9948,319.47603627550126,313.12375311080143,310.59131425394713,290.2278272174541,308.50195731777706,233.9634,318.8047
2017-03-15,6,305.9684,308.13808375038116,303.3889772642402,300.8154470647632,285.74644360080293,309.15687655743056,260.1473,281.9779
2017-03-15,7,324.0086,313.241139242792,304.7827461455547,303.53106666903744,284.78647365563296,314.1892258855773,268.4334,311.3143
2017-03-15,8,356.9326,322.2744648985722,310.1120739332166,312.3111598755378,286.60769972730884,344.6055211865033,242.2389,331.4448
2017-03-15,9,354.7729,323.3109519122527,311.09488195629234,314.2380746343735,289.8373054985818,347.8529450359008,247.4614,317.9751
2017-03-15,10,341.9641,338.90171608877927,326.17934200725574,329.18668023209,292.4344815601433,358.9790255389375,264.4721,353.5992
2017-03-15,11,389.9694,334.6380814289696,319.6601890562193,325.58831692665467,292.9825530872895,355.5415778438771,227.9821,335.939
2017-03-15,12,465.852,343.4668874763564,333.71116483100536,344.03656971211586,305.82169876214533,364.4571722806732,246.0066,335.9826
2017-03-15,13,545.8861,435.7017251972495,438.09482148776885,434.79925039612425,358.32411491251486,391.0448481151773,333.6323,384.1594
2017-03-15,14,539.9154,409.5387684333975,402.19531497548036,410.51263205316667,357.9001625377984,393.55050901469303,336.7256,353.954
2017-03-15,15,491.9106,449.12096383448,448.03400216047294,443.7864422043382,376.8440964177128,402.02540901222056,343.5993,389.6809
2017-03-15,16,526.3898,433.1550182266105,434.3527907263919,426.49733466349437,363.21042802108946,401.23259301260896,331.7415,378.0
2017-03-15,17,552.1486,435.0956757250241,426.444819347248,426.84513318488223,341.97270428551224,404.7902121000721,308.9386,450.679
2017-03-15,18,506.127,409.4912910075257,411.8555315477755,410.6409415415961,359.03958566608367,379.5452656218963,360.554,415.4323
2017-03-15,19,449.9768,338.8450805990236,324.7436762284553,340.91455691133814,327.6575302782395,326.7041181244079,298.7445,0.0
2017-03-15,20,444.5096,360.42692636142846,356.0327279241809,354.43702758614785,339.0522469759132,360.2968234869194,323.2582,346.5851
2017-03-15,21,377.579,359.2954756489762,346.6203526863621,359.32940603198637,331.83212811156477,349.81716345769837,287.5156,359.9117
2017-03-15,22,345.2876,329.0039048307552,320.85418019038775,320.6187801616631,316.882284885517,343.42506997176014,323.18,282.007
2017-03-15,23,317.9502,307.66845382413595,308.1589651001257,310.4669455138434,298.2156095126277,333.1581821533447,292.6149,305.0431
2017-03-16,0,371.3587,319.04184678608044,330.65255090348074,329.32307372063053,337.4950699563868,334.7889545015185,249.9927,318.3837
2017-03-16,1,373.5311,321.643898684034,330.1990735239879,328.897108188707,337.03239798703055,328.21214783444145,249.4399,317.9587
2017-03-16,2,317.9671,321.02523847257936,329.89445084504473,327.36918149128445,327.714847877134,324.6659750616538,261.6629,317.9666
2017-03-16,3,323.3909,323.89650911420625,324.17032134351797,327.429597576132,324.40393537630246,318.8395084702733,243.1773,346.7213
2017-03-16,4,336.4585,340.79880889823914,319.7563870310678,336.9720521669838,339.05857181957055,318.5155463117403,249.2187,371.3963
2017-03-16,5,296.9467,329.8085750472546,325.0232462595828,327.32523436580243,325.0012366083967,315.53290423755186,254.6384,353.9948
2017-03-16,6,293.9770000000001,316.8067748688943,319.8716448260615,315.25821050947326,310.1381441609418,308.97354409397735,248.4219,305.9684
2017-03-16,7,317.9587,321.41951186794597,324.3650481253412,322.4175420891672,319.8501647343834,308.969526485755,236.0937,324.0086
2017-03-16,8,341.5689,331.05897265934937,330.4643950291756,327.66446255102653,323.6653341276247,352.90494669027817,248.7023,356.9326
2017-03-16,9,372.8385,330.696664320113,333.9333382447256,328.93139030554795,323.56265882781236,349.7947489481102,215.9773,354.7729
2017-03-16,10,384.0,328.2901342708013,331.5176509714413,325.9107561258412,323.2809185164569,357.79150188768915,241.4372,341.9641
2017-03-16,11,384.0,368.4803686284473,363.09341343124595,353.93951078590663,349.6570014677409,369.35821997100487,252.4582,389.9694
2017-03-16,12,454.9282,381.8546734897607,382.4357317455412,378.9512955122475,367.52926321279136,384.0442797617753,264.8345,465.852
2017-03-16,13,498.0261,420.37592323936343,420.91162936361025,426.7909320818494,388.8326863316528,398.9420695126201,277.0922,545.8861
2017-03-16,14,521.3259,461.09261599069595,456.5606462568249,445.9472005596903,439.296855232171,417.96264454713116,355.8926,539.9154
2017-03-16,15,455.905,446.3364357097026,444.19710579511997,437.9399367499777,422.9515147883013,411.40644586894007,326.2973,491.9106
2017-03-16,16,480.2924,444.4679380002527,439.2183669599828,433.38698034571934,420.4380287167372,417.40956988451137,328.1734,526.3898
2017-03-16,17,491.1562,441.61372587448267,439.2183669599828,433.5677509211728,421.51328007371376,421.4253753602077,331.2737,552.1486
2017-03-16,18,412.3549,397.0830649833687,402.1787998362257,406.5802624536122,417.76915099024444,381.2838774190556,336.5936,506.127
2017-03-16,19,401.9377,380.4744517949693,376.75797801541904,387.0775145701165,394.8264729525791,371.6040837982761,324.1888,449.9768
2017-03-16,20,419.5684,374.3158031101585,366.8260066433058,370.2705132500105,386.2777845289747,366.7613041373223,319.7619,444.5096
2017-03-16,21,352.4907,343.0833255665085,334.70545231983766,337.73158783646704,366.0964554510109,351.151538070785,295.699,377.579
2017-03-16,22,340.2243,336.26032867396606,338.54283321073854,330.86842274646807,354.4686655928984,346.83098397173364,318.7664,345.2876
2017-03-16,23,330.8667,316.0235116633177,329.8958307511115,318.6024689877659,332.8223830197117,329.7732868454658,276.1308,317.9502
2017-03-17,0,323.8984,340.17111996365117,330.6613672260207,336.9182310905521,341.23844048126324,327.6469990860879,263.7444,371.3587
2017-03-17,1,317.6020000000001,342.63790921673876,332.49777846122555,336.9182310905521,340.7444999317859,317.3585537904475,244.6036,373.5311
2017-03-17,2,329.4915,325.3360048331584,328.2494510855862,323.56974160066477,316.3652405545401,308.1059797716112,256.1696,317.9671
2017-03-17,3,359.7706,325.7069327018615,326.90014481313733,322.5104118172344,314.0673819870847,304.0450081341358,260.0129,323.3909
2017-03-17,4,353.2827,328.35788160364365,328.77911474580935,321.19625285214346,311.17526352473175,303.397994568017,271.3336,336.4585
2017-03-17,5,323.9665,319.08732515198943,320.3021209137048,308.63921768604223,299.48461161109475,294.8397110869553,259.2465,296.9467
2017-03-17,6,336.5630000000001,319.08732515198943,320.1769557811349,308.63921768604223,299.48461161109475,292.42511317207556,252.8945,293.9770000000001
2017-03-17,7,324.0081,325.39866394913753,325.9042081135169,317.42808020610653,311.0062667138699,298.77533752007264,270.5955,317.9587
2017-03-17,8,299.992,330.0705976246871,330.5020530572348,317.89963982520266,309.97619702808174,333.1349362384056,277.3843,341.5689
2017-03-17,9,348.0458,345.00391587237465,345.03931403097397,328.58323648407054,327.7037535852179,338.602017163779,271.8348,372.8385
2017-03-17,10,341.9823,361.99655413968105,363.59903438851865,343.8532459417885,333.5493024765872,346.4963981792247,283.346,384.0
2017-03-17,11,389.0279,365.52894312274526,369.29148847505013,346.1687925108449,338.26367750285414,343.5297896490473,239.9748,384.0
2017-03-17,12,462.5126,379.03851062892466,382.1809749287689,373.06293778889165,355.6477367132137,353.4920114024084,228.0,454.9282
2017-03-17,13,468.0,418.1327342869846,418.26959650145653,414.8272074408686,381.67338763577067,380.48790493465043,319.5078,498.0261
2017-03-17,14,474.7525,447.1142987725407,436.68625871209815,435.7652107364268,406.19763400754715,393.33210634666455,349.73800000000006,521.3259
2017-03-17,15,423.782,426.4331541111276,426.1081492938846,414.0055608212547,392.85324404184433,389.31505290341624,340.2791,455.905
2017-03-17,16,426.0,444.4519595810635,429.747421982651,438.1073285842992,407.81305978616405,399.11146644987633,365.6471,480.2924
2017-03-17,17,384.0,444.4519595810635,429.0801570230356,435.49602170308555,405.4056500176175,397.9650152615456,348.2559,491.1562
2017-03-17,18,374.6067,375.07718217307,368.4342677476052,377.31606504950247,371.399505681785,356.85321789693,323.8129,412.3549
2017-03-17,19,383.9699,364.42307908095165,363.08832963643283,376.45313785059557,372.79604613997805,358.3545845279075,347.7219,401.9377
2017-03-17,20,381.0445,364.671597227395,361.58968563395615,366.0187481217497,375.09136623342266,354.9819945365708,340.4683,419.5684
2017-03-17,21,336.1167,323.2495924585025,327.1324057666369,329.8105007085958,334.10299130173564,337.1425730318756,306.1035,352.4907
2017-03-17,22,281.9854,318.55544195020536,320.14602569339024,321.1408444010269,323.40960624004265,327.43824074654674,292.8868,340.2243
2017-03-17,23,315.9931,311.6513973529001,311.080684790711,317.07695887872626,314.84776181481016,318.5644540316207,286.1648,330.8667
2017-03-18,0,317.3902,307.89963391870714,310.3907215803255,308.42611717109037,304.8429130049675,296.3542408545719,269.9577,323.8984
2017-03-18,1,311.593,304.0799900064783,311.39254879552664,302.5722049015099,301.2560535748473,286.4197290442081,257.9596,317.6020000000001
2017-03-18,2,337.9844,308.24285856571316,312.89536981823574,311.02922638726875,301.5306283331534,281.8610843180616,262.0781,329.4915
2017-03-18,3,321.8364,305.933805925829,306.4345888415004,309.7310919967746,307.48446710236476,282.9916185833042,281.7954,359.7706
2017-03-18,4,307.3981,309.2776849376249,308.5573698659241,309.2893649201464,301.67763067604443,279.54119703655994,288.7454,353.2827
2017-03-18,5,301.5445,306.0489511090515,305.04580320949304,306.054341637364,297.16816702050954,272.76975121493484,281.4444,323.9665
2017-03-18,6,269.9793,305.6186252531039,304.0673288489298,304.9916134292683,295.35767405969784,266.21495843614633,245.9746,336.5630000000001
2017-03-18,7,322.1028,305.4981694720492,304.4493191559734,305.8212880072011,297.16816702050954,272.61691740741617,281.6967,324.0081
2017-03-18,8,325.242,298.73576345790207,297.30423912612457,299.4414151152269,290.90144834108526,268.17165590069,257.9862,299.992
2017-03-18,9,318.6645,305.463185097761,302.69225345707713,304.4091534045409,294.35670915541925,280.96735874406585,281.8194,348.0458
2017-03-18,10,318.3667,307.73882821613927,306.6749030194968,306.5210528535681,296.24970810958405,285.2546164008244,282.0,341.9823
2017-03-18,11,329.9679,303.847063790201,306.83582759310474,307.1293622147321,310.48787347999627,303.0870613621035,323.2341,389.0279
2017-03-18,12,317.5942,306.7196308601938,305.1816674101749,304.48249519987445,307.08722336360813,311.00690335037166,298.1875,462.5126
2017-03-18,13,303.8281,303.3942266716109,300.07167464868314,302.5564571355321,313.53728228096713,309.4929518907934,257.9527,468.0
2017-03-18,14,276.4072,305.6680527063108,301.6398547167634,299.8053749684379,308.00917736346275,322.0636431173707,293.7952,474.7525
2017-03-18,15,299.3883,303.2758642322226,300.03046242214555,298.7818824811248,303.64440846208544,317.977142077091,275.9784,423.782
2017-03-18,16,257.9394,299.72009362957965,294.37402654155255,297.30034134491774,301.90387727476383,322.04508835900833,281.5625,426.0
2017-03-18,17,265.8373,299.18886566512543,296.5495330428977,297.05267875773734,303.2116847228721,317.1404600414832,269.986,384.0
2017-03-18,18,279.4766,302.3185571223031,298.19736069737434,299.65631589119965,300.93763606003273,316.9748256138312,275.9715,374.6067
2017-03-18,19,286.4577,302.2732823694948,297.4674273817012,297.80030391014117,301.5107723959096,319.00139385295955,293.0849,383.9699
2017-03-18,20,279.5985,298.8216448379885,295.4829145359701,296.7817335643762,300.10216654609195,311.7299644303158,275.9641,381.0445
2017-03-18,21,291.0547,300.6967570048843,299.9792103308278,296.1500493636823,289.8080218887272,301.2535080258101,269.9366,336.1167
2017-03-18,22,290.4743,290.02843347804816,294.0030794684162,288.96732697000704,278.99160551921926,293.2176443822719,286.868,281.9854
2017-03-18,23,306.9919,295.5476697980974,299.2297902174038,294.0979724516739,290.56698851613254,284.76799187036863,262.1815,315.9931
2017-03-19,0,306.1633,291.64547578699705,293.8995236338725,292.2339310977534,292.23821650207327,285.51411633479313,257.9531,317.3902
2017-03-19,1,299.9145,294.1833408200033,296.24577768706763,294.5025455736241,292.8864250891574,283.5289682218315,287.0297,311.593
2017-03-19,2,327.8532,298.1226026226584,299.2147654389924,299.35148932400733,294.05794704188634,278.702195738527,282.4237,337.9844
2017-03-19,3,293.8265,297.49047254969753,297.5959201671679,299.27188058851107,293.84236203228744,265.91952022194613,251.974,321.8364
2017-03-19,4,281.9709,293.29770895551496,295.9103943783322,295.71832869315585,285.94587922119524,266.1744732776461,282.0446,307.3981
2017-03-19,5,298.6236,291.3943766182347,294.8538223814093,295.63347638544946,288.51691052454345,260.7065613063227,269.9717,301.5445
2017-03-19,6,298.4853,291.29914355360125,295.10501276902795,295.4214950708864,286.02799852827076,261.2933422485637,293.4387,269.9793
2017-03-19,7,281.9779,300.7036985369095,303.6542916171267,304.00858819922814,298.07390559581654,263.60182346956293,276.1048,322.1028
2017-03-19,8,309.5639,300.7036985369095,304.1833596775913,304.00858819922814,298.07390559581654,266.1950973417513,275.9715,325.242
2017-03-19,9,269.9788,309.6523830426905,315.4654641468194,311.66795232418644,304.8094507832622,280.7131218082209,335.7178,318.6645
2017-03-19,10,282.0,303.7096271408984,311.2219727305826,309.17372939803863,300.4522919997694,277.48667558363826,293.9848,318.3667
2017-03-19,11,322.3356,304.17837327345285,313.23613734258095,310.6392056867854,304.19581617706785,281.76705076061637,281.9633,329.9679
2017-03-19,12,325.219,300.96017987314127,312.75781007086323,306.1748274816852,301.083561182755,291.1239246685774,306.7285,317.5942
2017-03-19,13,311.9511,295.8586963665819,305.5382881890789,301.3496582707349,298.19216545497227,290.71729249833305,281.9488,303.8281
2017-03-19,14,316.5477,295.10462933710824,299.19531135550227,299.76000800281906,294.1342409380537,295.4859586088863,293.9696,276.4072
2017-03-19,15,293.9387,297.37225789163426,302.9393333021833,300.4144043554216,296.64294352747896,302.9056791693551,300.2523,299.3883
2017-03-19,16,317.2105,289.3659774907726,294.08846925675385,293.98690919729165,289.91636855964435,302.7698162973459,305.4004,257.9394
2017-03-19,17,323.7507,306.1824378624363,303.62860006729306,304.7740827218685,303.0181130425105,309.58297674844215,330.7177,265.8373
2017-03-19,18,330.8592,291.2142121772555,294.087796978395,294.62895869081785,292.140133617504,303.3921117430901,293.954,279.4766
2017-03-19,19,287.9851,287.8466172868131,288.15177669169486,290.35964967867596,285.262733782047,297.33267523966276,269.9366,286.4577
2017-03-19,20,307.0092,286.67212218388687,287.15375944018814,287.9110505578159,286.6973050972004,294.66011409938125,278.6922,279.5985
2017-03-19,21,307.236,286.87680547582994,286.98464965817584,287.44558548855724,287.3412828979457,290.2000001631126,276.3444,291.0547
2017-03-19,22,295.6904,284.2261883445769,285.37366752964766,286.6444687810054,283.8858391077989,279.31539003034175,251.9605,290.4743
2017-03-19,23,294.7992,286.7898782659156,289.13700255341706,291.53214930021863,286.232891625404,279.10867703978664,278.7131,306.9919
2017-03-20,0,287.8114,291.75052599273096,288.1621743981243,291.49914095687836,298.6428391220246,301.94115789693905,268.7554,306.1633
2017-03-20,1,316.5867,289.79453307647583,286.7619885794718,289.3892990546061,298.18016715266833,293.126784064797,263.9723,299.9145
2017-03-20,2,263.9934,299.7908410473169,294.47467479878696,295.2757160010358,297.6457177999334,287.88646727538685,257.9531,327.8532
2017-03-20,3,295.399,291.3430906874216,288.87551843465434,289.04985535913914,291.63366746619255,286.08176578929533,294.9409,293.8265
2017-03-20,4,289.4012,286.34158155074476,283.28787406739843,286.23142765567087,283.3449543069319,275.8593844610159,269.9717,281.9709
2017-03-20,5,295.4603,290.822391274818,289.4682760592194,294.3828757307415,296.2844292227432,281.7124618698173,306.6729,298.6236
2017-03-20,6,305.0486,288.65386212037174,288.4921851456506,289.3351799688909,293.1514563225907,278.2786638334347,293.9387,298.4853
2017-03-20,7,307.4068,305.0164910478907,301.1879101053793,300.74969760157416,300.30464717700465,284.230354314797,329.0616,281.9779
2017-03-20,8,309.4552,306.7109075065312,304.20386956229214,302.48342343527844,307.292098399735,310.0343891712066,337.2271,309.5639
2017-03-20,9,287.9851,293.98621407128485,295.6508387565922,294.64447579455776,295.22571355472047,306.5403137149792,318.0,269.9788
2017-03-20,10,299.969,307.0386761549706,301.05210910344346,306.83986278237444,307.08066460407076,314.9921775189595,329.9824,282.0
2017-03-20,11,372.5306,320.3765573584331,312.2252011537228,323.1692682691164,325.8145756392943,327.91088187502294,347.5301,322.3356
2017-03-20,12,395.4375,346.1754491431643,344.4054523045211,340.41661955258473,354.83029486375233,349.5770842715623,427.5466,325.219
2017-03-20,13,432.0,390.3691989611012,399.9506543383378,400.3155405147339,390.4989445098473,366.5876482968621,491.9492,311.9511
2017-03-20,14,395.9485,404.19081924732393,415.2300846557318,419.180811078827,407.3623497307866,370.1002748061833,480.2108,316.5477
2017-03-20,15,401.3841,380.009880504039,401.47284239713645,398.5774617644491,400.3097758150222,361.91709974837124,425.9773,293.9387
2017-03-20,16,426.2915,389.56017605173344,411.2059128716557,412.253221236941,402.93041808010275,372.9862186803899,456.9933,317.2105
2017-03-20,17,384.5403,391.0677399969972,396.18454188539084,409.668581390342,406.74962066488393,372.1958883382915,442.6068,323.7507
2017-03-20,18,351.9878,379.74125721163176,366.6273944298176,384.7499980128388,390.73945411651295,346.55814855768455,407.604,330.8592
2017-03-20,19,355.2833,366.9396214660222,370.33446161901134,373.11149848392745,374.97077680171026,337.0218745779341,390.052,287.9851
2017-03-20,20,346.1081,359.31297337686135,359.45270276244753,358.9737593249409,374.88183045855544,336.0650958696236,395.7188,307.0092
2017-03-20,21,289.2711,339.70252232373406,338.8694249252789,345.3691908252714,359.02228399579553,323.08644589662896,355.3375,307.236
2017-03-20,22,277.2031,322.2343319560663,314.6587784547197,328.7869534829703,343.07135315062135,309.54252325931344,323.719,295.6904
2017-03-20,23,294.6853,297.7721370449059,293.5528057438895,302.8761344454924,318.28624465476963,298.9050880135572,305.9842,294.7992
2017-03-21,0,288.4551,294.3325761032561,302.63418131965705,287.83824177124677,307.4559969765464,311.7254724334169,360.305,287.8114
2017-03-21,1,288.4587,292.64355053105794,298.4896819894005,287.99842820272477,297.98866336911334,300.07247925674113,323.9579,316.5867
2017-03-21,2,258.2762,284.63167271279906,286.21740370704646,281.4805868829302,283.2714857566686,286.10329643701647,312.1726,263.9934
2017-03-21,3,265.8466,281.5962927420208,287.2427074407854,280.9719345090987,285.3686845091377,277.5169302109703,282.0,295.399
2017-03-21,4,263.9904,283.9739368983011,286.18535478559676,280.52456079014894,289.41053637755715,278.15002880919985,311.1711,289.4012
2017-03-21,5,264.8513,278.7803471527447,281.74488420991275,276.2792994386771,278.65956068961145,277.41725785204875,318.8047,295.4603
2017-03-21,6,262.256,275.809566834722,276.0737764081044,275.73320978086247,279.54077851436347,270.2751280859824,281.9779,305.0486
2017-03-21,7,276.2042,279.24664895430516,279.37608964171926,276.9276450393167,283.2378164131305,276.8990531597728,311.3143,307.4068
2017-03-21,8,276.0413,284.649850866137,285.53208209103354,280.0528990269624,286.22402938597713,301.01883346897955,331.4448,309.4552
2017-03-21,9,301.8934,278.0837586494335,281.17787019021995,276.0887750870778,278.5891338458254,300.3751319033581,317.9751,287.9851
2017-03-21,10,325.3147,282.8735437176714,288.2566130939676,279.6737128540136,288.5853774602131,313.41278722371425,353.5992,299.969
2017-03-21,11,281.3571,316.4308325522555,321.33978577415814,313.089256165984,320.6099863932129,322.69395756471516,335.939,372.5306
2017-03-21,12,353.4829,333.5993069948955,328.09609589474,326.3286132766233,343.28669728490627,331.0206703338504,335.9826,395.4375
2017-03-21,13,434.7562,349.75846495716456,362.3925970728489,354.3176874427155,381.3897223106672,349.6808537972378,384.1594,432.0
2017-03-21,14,394.9098,351.9997428251832,354.20167794936805,357.47109567024603,382.0920982248842,345.9280120001612,353.954,395.9485
2017-03-21,15,353.5298,350.63307501135534,358.4361459154459,361.0231545984436,384.7655795286038,357.6500161539762,389.6809,401.3841
2017-03-21,16,379.4451,353.0861666607149,362.69150186694077,363.3296779479606,385.3080608816396,360.7552244288181,378.0,426.2915
2017-03-21,17,344.6631,349.5734890661452,364.28564010993585,363.4424432028741,386.1506167685023,372.1267794547352,450.679,384.5403
2017-03-21,18,363.9891,336.368182566263,340.4644027520303,339.64604517825734,354.4911988392644,344.3474664595213,415.4323,351.9878
2017-03-21,19,364.9827,317.43505082514673,321.27964040103967,328.44708453192334,339.02046061729897,263.0104948168713,0.0,355.2833
2017-03-21,20,316.9862,329.2485830029504,331.2395760652251,332.90845303576265,341.9448728100298,324.5985677517859,346.5851,346.1081
2017-03-21,21,317.0628,308.70726457157855,317.048542063613,314.2565907800914,327.05913194948255,316.4949513545228,359.9117,289.2711
2017-03-21,22,276.7067,286.4677326132812,285.7577569323676,286.9158205117511,302.5376695491735,293.9807236129701,282.007,277.2031
2017-03-21,23,262.4356,283.67627341045477,284.9230653192538,284.5774696010416,299.17214584086116,292.7878124270739,305.0431,294.6853
2017-03-22,0,255.2577,273.0329518589602,275.08926753888494,271.7800972079573,277.119653540733,284.3268638700717,318.3837,288.4551
2017-03-22,1,242.4273,270.6544214833654,264.4225157523205,268.7096141185446,277.1852355116881,276.53714499680035,317.9587,288.4587
2017-03-22,2,247.6857,264.0816295653846,256.901948749027,265.2188320184121,264.8141078715541,266.6338787134753,317.9666,258.2762
2017-03-22,3,259.3192,268.90059178179075,264.2676444308389,269.4904834210043,277.8861326317423,266.83689925242595,346.7213,265.8466
2017-03-22,4,253.4184,267.9159071115218,264.2343305064018,268.49540985272756,280.40485500370625,266.8064466490185,371.3963,263.9904
2017-03-22,5,229.5309,264.69128318009246,259.1066390718191,265.6382429529342,276.6157307026991,260.67659757241,353.9948,264.8513
2017-03-22,6,241.1205,257.74306819840626,257.04911731611713,257.0195113658971,263.6821576693727,250.20883618225054,305.9684,262.256
2017-03-22,7,247.1191,259.14795577770843,250.49097202073128,262.4775480557179,268.7801475072482,255.7991491563842,324.0086,276.2042
2017-03-22,8,252.8304,264.2782770351816,257.57900929587333,264.46634578575083,277.91685747756526,276.2244776453604,356.9326,276.0413
2017-03-22,9,246.2211,264.3649941167192,257.8947970035168,264.6266932222793,273.7378001325589,282.37164465750965,354.7729,301.8934
2017-03-22,10,257.9227,278.3997659610163,267.23927363483443,271.86550907926494,274.77602058985343,287.46550349487967,341.9641,325.3147
2017-03-22,11,275.474,270.71073105087606,262.420954345436,269.67458342453546,286.2209449935835,298.67824616328704,389.9694,281.3571
2017-03-22,12,293.9466,290.6445116198847,295.0321170081327,289.1824096808863,303.6850481746235,326.43891257231985,465.852,353.4829
2017-03-22,13,382.9845,353.66585190395256,357.61753138639375,345.62632927463926,381.2077285215887,355.69649083278875,545.8861,434.7562
2017-03-22,14,323.9832,352.9131416540626,347.94039213400987,343.651524450119,378.78244930642353,356.51501628677846,539.9154,394.9098
2017-03-22,15,358.3879,332.0975933352157,332.8954704944521,322.99017610700554,338.492096317997,348.08018407028794,491.9106,353.5298
2017-03-22,16,383.8403,349.144151695956,352.26450954584743,340.14050751255604,373.1614102737196,360.30222934804306,526.3898,379.4451
2017-03-22,17,365.7837,344.30267437704026,349.2959369390643,331.03777513471766,357.72051388777754,363.471305552941,552.1486,344.6631
2017-03-22,18,336.374,346.25374055860266,347.0930733551068,336.9645127142998,359.84929533239125,344.58952691587467,506.127,363.9891
2017-03-22,19,347.8641,335.141954656882,338.86080532389656,327.0610082200748,338.7988313983611,331.72890421828095,449.9768,364.9827
2017-03-22,20,348.2043,310.74974458453084,304.97891149769083,302.82007058962205,315.41788646282623,322.20767013107053,444.5096,316.9862
2017-03-22,21,288.0771,298.486621500858,294.29583645181555,294.2828624932764,305.45008740454114,303.8932607849803,377.579,317.0628
2017-03-22,22,263.9688,293.88050069162625,284.8672327492488,282.18682812433553,292.5864676769707,287.2039817044006,345.2876,276.7067
2017-03-22,23,287.3887,284.89670330151205,284.25781094813885,274.91864121372885,282.7781093935254,273.1071869022606,317.9502,262.4356
2017-03-23,0,245.9939,315.3589342819966,315.6782336027008,308.56912370189355,301.46803797750636,339.1410330948765,371.3587,255.2577
2017-03-23,1,274.5183,313.0156014282692,311.4915364145222,308.51626045081485,301.0053660081501,331.2955046097803,373.5311,242.4273
2017-03-23,2,302.892,303.73393813184447,302.0670262104412,296.39782570003456,276.0120782686871,314.6887903110138,317.9671,247.6857
2017-03-23,3,302.9614,303.16786945705013,305.3824292360979,296.5231216091111,278.79900425672815,311.32960469487796,323.3909,259.3192
2017-03-23,4,263.9793,309.68319907358836,310.56178404876323,300.43132885773514,284.03640649349535,309.0987241893072,336.4585,253.4184
2017-03-23,5,293.5,286.2704268091308,292.1229365647062,282.28378761595917,264.4911464204471,296.67030100293516,296.9467,229.5309
2017-03-23,6,299.2826,287.8171013567244,291.4397412762948,282.4994988242127,265.55810174231823,296.23737821661825,293.9770000000001,241.1205
2017-03-23,7,299.4697,303.0763950291257,305.6923062107475,290.1189349088209,270.7589928375434,302.1336099949762,317.9587,247.1191
2017-03-23,8,298.9844,314.1034089341242,313.28111439120903,301.81762817058194,280.2472821924882,333.6935164679661,341.5689,252.8304
2017-03-23,9,275.9784,316.9189153842313,316.4967697797382,303.249474436669,288.0350726327724,342.7940384827648,372.8385,246.2211
2017-03-23,10,330.1790000000001,318.7430367348587,322.63074253195697,309.953693633777,289.8476583857057,350.85476190029226,384.0,257.9227
2017-03-23,11,340.8188,326.73068871297096,331.2350225485743,323.47783665088417,296.1491298896081,358.0431391144523,384.0,275.474
2017-03-23,12,412.2211,337.5689962484052,356.6823696896243,342.86071301360704,319.64808365234984,379.1767708376467,454.9282,293.9466
2017-03-23,13,474.0509,426.7085580875171,442.2226172737167,445.2097434120878,393.5030386732907,401.4457430838018,498.0261,382.9845
2017-03-23,14,461.0907,419.00030509595706,430.0413834771904,424.8583338154833,395.7268754304064,405.4625821159936,521.3259,323.9832
2017-03-23,15,401.9685,419.66351032247786,433.258318770871,437.47581248266965,366.44944589518224,400.2790086923004,455.905,358.3879
2017-03-23,16,395.9901,439.1840145648093,445.4316348303611,461.6707512894408,381.5239970550065,410.12777828442563,480.2924,383.8403
2017-03-23,17,377.9313,430.5545907104254,440.8928974800402,454.0167769082967,374.51944757695736,411.76404790982906,491.1562,365.7837
2017-03-23,18,377.2928,373.69821557290265,372.8424295264153,374.5673468582768,347.1918259087426,369.3408556072145,412.3549,336.374
2017-03-23,19,353.2788,363.3991661952765,367.408382639447,375.13173550035293,348.0883743609891,366.29873382774355,401.9377,347.8641
2017-03-23,20,330.4208,366.55590266670464,373.54581893830056,371.8673115958684,346.58436114155853,365.97793589900647,419.5684,348.2043
2017-03-23,21,300.8547,326.48026379547315,333.3778474103163,332.629403611135,316.24726573775655,342.3916582188372,352.4907,288.0771
2017-03-23,22,318.0473,316.5595405833703,315.88645515360986,322.81664169109195,304.3723623487769,331.57654980317693,340.2243,263.9688
2017-03-23,23,310.7922,305.87481819803617,315.77738183179474,316.59803352986364,295.6785669868445,325.0581695242846,330.8667,287.3887
2017-03-24,0,270.0,307.9008802608356,308.67761547816997,312.04170316341884,308.8413891970103,323.72093251419903,323.8984,245.9939
2017-03-24,1,287.2903,314.7546087329379,315.1849180103365,311.72261955720205,307.5910618200274,318.35378646219874,317.6020000000001,274.5183
2017-03-24,2,280.9237,316.6860787726807,321.41714120562335,316.68727300811923,310.3921611372259,317.02516393001076,329.4915,302.892
2017-03-24,3,280.9687,317.01644644851234,319.7054845244431,316.59137397769376,313.7224268113292,317.5149243513285,359.7706,302.9614
2017-03-24,4,277.125,316.9829363396729,317.81895776035987,312.69722883873953,308.29808011674606,308.5786699227314,353.2827,263.9793
2017-03-24,5,251.9475,316.16260068019193,322.2152326571391,308.2556582594734,301.5715375086692,303.1925563808739,323.9665,293.5
2017-03-24,6,269.9788,316.06179698060845,322.1266258103185,310.74346088251013,305.7537708243516,305.2225234657879,336.5630000000001,299.2826
2017-03-24,7,292.0973,315.92248974100534,322.04063476263565,310.3371852760406,303.8738669326975,303.5550628722409,324.0081,299.4697
2017-03-24,8,263.9657,310.7730563834035,314.41371284629633,307.41437821726703,297.7057165665297,329.6501378274163,299.992,298.9844
2017-03-24,9,269.9793,319.4882948399414,318.4248470063505,313.57470847732645,305.26247994737594,340.288225883463,348.0458,275.9784
2017-03-24,10,306.0158,327.85639612464774,330.1525895244594,323.4129270668636,313.71379331847646,348.8593026241565,341.9823,330.1790000000001
2017-03-24,11,329.9488,333.32538331156326,337.96208052979796,328.9255984570862,324.6141887574321,364.1928751566213,389.0279,340.8188
2017-03-24,12,363.2416,368.5015849550024,384.4823582004906,370.30372993635945,375.58249504824994,390.5544713472464,462.5126,412.2211
2017-03-24,13,390.0201,423.76190288806055,429.8876101323718,419.526804054728,410.82697453311584,402.855755875638,468.0,474.0509
2017-03-24,14,452.7801,439.5592352902996,444.64473419700676,430.60521691191747,417.7551423302886,407.81533862506893,474.7525,461.0907
2017-03-24,15,394.4026,430.33736165583076,433.6738357066393,418.1952605888243,398.20108587365206,396.4519570127376,423.782,401.9685
2017-03-24,16,402.6145,428.10112401452864,430.8241437488082,415.0991677736557,399.19392749809424,398.97702873927557,426.0,395.9901
2017-03-24,17,365.9622,410.8666434980288,406.4831063272695,404.72401017671945,381.01645082392207,390.41407722721624,384.0,377.9313
2017-03-24,18,373.5625,369.76177693477865,356.7337746589146,374.93971246173857,373.11545295804257,359.6235939593083,374.6067,377.2928
2017-03-24,19,323.0942,346.44240252266826,336.5887655250896,362.559741388585,364.04076387368934,357.0670195101984,383.9699,353.2788
2017-03-24,20,311.8206,334.71005828817556,324.7401538291977,347.75372857439,358.2601031060516,350.72509498626215,381.0445,330.4208
2017-03-24,21,281.8661,316.3103612804002,309.6217233022313,327.37855165295394,330.03389906405937,334.3772665476881,336.1167,300.8547
2017-03-24,22,275.8274,317.3303844029538,313.1844929315645,319.62835666664967,323.8423338340245,319.6021672122026,281.9854,318.0473
2017-03-24,23,257.207,305.77982053278737,302.21010902883,313.93085878198684,313.09588087882713,318.71180026536365,315.9931,310.7922
2017-03-25,0,275.0223,271.8322729701523,265.4069548258298,265.3390202452368,269.86710791269286,262.2231942168548,317.3902,270.0
2017-03-25,1,268.097,271.7332679082274,257.2841209991379,266.21736713498774,275.7875320563665,255.29222703194662,311.593,287.2903
2017-03-25,2,310.5688,273.68020136190023,256.3397960770331,271.60564692361044,276.0329935044215,252.91665171940636,337.9844,280.9237
2017-03-25,3,285.4706,267.14602064593066,253.83010066251683,267.78736143231805,268.81793400153464,244.03710589290398,321.8364,280.9687
2017-03-25,4,297.4716,265.1376438961981,253.07643322806416,265.2362155198236,273.15973535031014,236.50115483204303,307.3981,277.125
2017-03-25,5,304.5797,260.8791384264678,258.3196676519135,259.09342480948465,263.6230847762261,230.2426303863783,301.5445,251.9475
2017-03-25,6,267.2656,260.2999768515797,260.4198268107177,261.2101790891626,264.54276325546766,224.89241504636328,269.9793,269.9788
2017-03-25,7,266.2845,261.8273601908101,247.50602422035482,263.6747797602714,265.1703658727927,237.7338721280609,322.1028,292.0973
2017-03-25,8,254.0272,259.9825978055195,243.97212725885709,265.8329751979499,266.7396398091328,238.1912981235285,325.242,263.9657
2017-03-25,9,280.7221,262.5074512105359,245.10484289497168,262.7538344902509,263.9764730655185,241.47037791856314,318.6645,269.9793
2017-03-25,10,265.6655,267.15616832279056,243.55575021164825,264.89125972401905,266.40521964670745,249.92711674110058,318.3667,306.0158
2017-03-25,11,265.2123,275.81288293164164,249.47583441128774,278.65231752913866,281.8037469342298,260.29092927965524,329.9679,329.9488
2017-03-25,12,295.1406,277.756281928303,273.68806475564804,279.52040844216276,286.348580025402,267.2614899033893,317.5942,363.2416
2017-03-25,13,301.4315,278.0560999038697,270.53722498657453,279.0942855362382,289.18757361716615,273.2003739770231,303.8281,390.0201
2017-03-25,14,297.346,274.7898022167133,272.10851783324364,276.58378528408076,283.6304167138336,279.28471364789846,276.4072,452.7801
2017-03-25,15,263.0473,275.578015144345,266.6038973638549,277.7117956898812,281.89833500006324,282.6237834554162,299.3883,394.4026
2017-03-25,16,252.3497,274.27241014175706,270.83614501101187,277.070438176975,282.0693785502928,278.49744378320827,257.9394,402.6145
2017-03-25,17,278.9504,272.52128537165527,278.04740215797545,277.9014910482845,283.9063873446264,277.9715545019879,265.8373,365.9622
2017-03-25,18,277.3549,274.154558740692,274.73153775789837,277.6074573975947,279.99924800766024,280.9147896120736,279.4766,373.5625
2017-03-25,19,267.4458,268.84599023351603,266.64871505831934,265.63435615449134,270.42769661256403,275.34308052911774,286.4577,323.0942
2017-03-25,20,255.1666,264.9185291305795,266.31250082078753,261.49246002283303,265.5702896492206,269.1003772221609,279.5985,311.8206
2017-03-25,21,255.792,259.9162099769773,256.6348787900942,258.8690184777816,261.5456442943221,263.1305013114322,291.0547,281.8661
2017-03-25,22,266.2878,259.46810353971284,256.9584017297587,258.2421762647902,258.7347341233125,255.93737693482836,290.4743,275.8274
2017-03-25,23,265.8847,261.4218790396846,262.76550680610757,260.16310094982754,259.93869289308446,250.07073234581006,306.9919,257.207
2017-03-26,0,260.3607,264.1439243373551,260.57029127086645,257.9082379558097,264.33025612846467,263.0774040333497,306.1633,275.0223
2017-03-26,1,264.7423,263.4248798517103,256.7344777847772,255.24499844885904,260.2163540981047,253.27214903711325,299.9145,268.097
2017-03-26,2,269.6049,271.3818864115882,266.5080536978007,276.42671904598564,277.7924863589287,255.28744797285046,327.8532,310.5688
2017-03-26,3,251.2114,254.91623246075255,252.8065007077022,257.003839933445,262.1503881138949,240.21626576578709,293.8265,285.4706
2017-03-26,4,244.5813,254.2023095073974,253.23673290802134,256.946498797319,262.873532795043,234.34140693312958,281.9709,297.4716
2017-03-26,5,261.9571,254.32504151204452,255.29865301239093,257.19633196861673,263.8057567932592,235.21467626843142,298.6236,304.5797
2017-03-26,6,255.697,251.16734318009156,254.67721684972128,253.90950651240857,259.0836776790619,230.62083657715036,298.4853,267.2656
2017-03-26,7,254.3839,252.17413555167542,255.2108194737659,254.9317129667738,261.4455344526571,228.2357769644737,281.9779,266.2845
2017-03-26,8,275.875,259.12661538128486,262.8700017214618,264.58953795624365,265.97784370218665,235.05795897252983,309.5639,254.0272
2017-03-26,9,277.9598,254.3989964248193,257.6387110414386,257.83526372181933,264.13283185936086,234.2790796399369,269.9788,280.7221
2017-03-26,10,289.4012,258.52854781487514,259.8560437231702,259.67992759348147,263.9840181470051,240.71811540388407,282.0,265.6655
2017-03-26,11,265.1094,276.1873738483228,272.2065737605614,272.768842413064,270.31870385163535,254.77609315007592,322.3356,265.2123
2017-03-26,12,252.015,277.22183068912847,285.85407485943756,282.2560773576917,282.42830959221084,264.86821847168574,325.219,295.1406
2017-03-26,13,252.0469,282.7187970681493,288.60493938203103,281.9219776582994,284.0888599633763,269.5002149194609,311.9511,301.4315
2017-03-26,14,276.1235,283.76706137857315,282.1191479615469,279.3054024998576,280.970336414844,275.9270333099147,316.5477,297.346
2017-03-26,15,264.5782,265.5373318587728,266.3891468859731,265.56328453601554,265.19875245284726,273.21594390326,293.9387,263.0473
2017-03-26,16,271.1165,277.910612284353,276.77659995737184,274.42963766444933,274.7385650989361,280.0168581519473,317.2105,252.3497
2017-03-26,17,260.2531,281.86063975009165,279.85255350258745,281.2043669031624,278.2552215786779,285.36001100410806,323.7507,278.9504
2017-03-26,18,291.3292,283.68283702126354,283.91441856252067,283.90300275570763,283.2363706223769,286.2601371003326,330.8592,277.3549
2017-03-26,19,266.7082,259.1505763044795,261.349192893785,259.6834888832883,262.7820930323439,274.884231696258,287.9851,267.4458
2017-03-26,20,242.0925,263.3683814601724,267.605534906812,264.14192771375053,264.31829354687824,273.2989376099266,307.0092,255.1666
2017-03-26,21,243.0586,259.66036965116194,263.9178157735365,263.3467805918239,262.1405187918697,267.72895190238046,307.236,255.792
2017-03-26,22,259.3204,255.21374248184705,255.75503936255242,256.2356977215674,256.1283924210642,259.5732985436798,295.6904,266.2878
2017-03-26,23,264.2312,255.1457936270264,256.9031590967447,257.34529281424915,258.1545885967214,251.60093651185363,294.7992,265.8847
2017-03-27,0,258.0192,271.89265300694643,272.1408562578748,270.05329317499957,269.07127547351104,298.1767743660008,287.8114,260.3607
2017-03-27,1,253.3906,279.103322838776,281.19998906910917,283.1861798554042,277.0975107741099,296.748304913312,316.5867,264.7423
2017-03-27,2,252.1932,269.8533539732322,265.49141196323467,264.3400349563334,259.4147005863975,280.40670191823483,263.9934,269.6049
2017-03-27,3,264.3185,268.81657151519806,268.952009750186,262.5419750163026,259.41515520653803,278.9750367205345,295.399,251.2114
2017-03-27,4,258.934,260.0379008351275,262.28892217677577,261.973994626332,260.02384778839286,272.85311083813366,289.4012,244.5813
2017-03-27,5,270.1784,260.29492772517216,263.469149522091,262.6631718183445,258.96776955335855,272.9001608098983,295.4603,261.9571
2017-03-27,6,282.6737,260.4734222650785,267.3174079465326,262.80585252756714,259.2239486663078,273.1590001240562,305.0486,255.697
2017-03-27,7,288.5312,269.49950141150515,280.1398994285489,276.06034558233324,268.1035867823171,274.27076441190405,307.4068,254.3839
2017-03-27,8,287.9032,271.36239635018654,277.90208289816763,278.3046733943873,269.73505146841336,297.75409624416307,309.4552,275.875
2017-03-27,9,280.6751,273.28480480037354,273.32434231784725,267.6878584763245,265.3549351295379,297.755394117382,287.9851,277.9598
2017-03-27,10,245.9934,279.18899530285546,274.5650661849104,270.16618257219375,267.8713247902121,306.17756964799105,299.969,289.4012
2017-03-27,11,282.0,312.8050630576967,302.21332391943366,316.52603642495075,305.02725650855865,323.59158771708564,372.5306,265.1094
2017-03-27,12,336.7885,330.6430083273497,331.87969245897375,335.0377363994552,326.0825668623208,332.86515657362537,395.4375,252.015
2017-03-27,13,318.346,353.84365841489466,371.4271129979828,371.270913648291,349.4823785788129,345.8267766884046,432.0,252.0469
2017-03-27,14,318.3684,368.4284841248497,375.4979017013593,381.2590304789189,362.8168181576884,346.54240209172957,395.9485,276.1235
2017-03-27,15,325.3514,367.8443224686629,374.889147173616,381.2590304789189,362.8168181576884,350.83573115459507,401.3841,264.5782
2017-03-27,16,310.9721,364.49753127274846,376.2015782017184,375.2718373221849,358.823079378975,359.1864786418934,426.2915,271.1165
2017-03-27,17,336.4848,363.57287927312086,369.889624025884,375.78983989783455,360.0771404187325,351.5415813631675,384.5403,260.2531
2017-03-27,18,343.7263,350.70013737792374,356.0823313110762,353.3055367514392,346.6772379323688,329.2140566416519,351.9878,291.3292
2017-03-27,19,320.3929,348.24133222513046,352.7041327601667,354.0088592303241,347.41379628055824,325.3729339056472,355.2833,266.7082
2017-03-27,20,367.6377,340.97344406132515,334.6445015910905,340.55387862074605,339.994291661379,317.47460447648115,346.1081,242.0925
2017-03-27,21,296.6541,286.09839266633236,281.284866052772,290.92702126649914,294.44785677922823,301.39845898765736,289.2711,243.0586
2017-03-27,22,278.5852,284.7792992233077,274.4819985505063,283.15964604836,285.71964477058333,294.17673891234483,277.2031,259.3204
2017-03-27,23,276.956,280.140719463718,274.5368630109266,280.66448322569,280.3699882047504,290.7920130147665,294.6853,264.2312
2017-03-28,0,294.7243,274.5576744369691,271.5414223569982,269.20907654567435,275.6173995251241,283.90880530073736,288.4551,258.0192
2017-03-28,1,252.3263,273.1743942434994,270.13549538503105,267.3350106095432,275.1547275557678,275.8380922334704,288.4587,253.3906
2017-03-28,2,287.8906,267.700130972195,267.5434197343849,262.00192956053735,262.92768281089553,262.9423440998225,258.2762,252.1932
2017-03-28,3,294.8199,260.8145820471199,263.6430881224718,262.08407410109436,262.43945877277366,259.5765651158789,265.8466,264.3185
2017-03-28,4,287.6962,260.18803222973565,261.8035599501427,259.5375887760841,261.46372168075897,254.183509110502,263.9904,258.934
2017-03-28,5,275.5223,257.52571597294235,259.48717110397985,259.3547132145244,260.719564307509,252.54812470057357,264.8513,270.1784
2017-03-28,6,262.3305,258.4841065769849,260.5453803771047,260.1954636476581,262.0590684992679,252.19548721026754,262.256,282.6737
2017-03-28,7,250.0508,259.6962879285771,262.81998946050476,259.8446754532059,264.177870752145,256.2352468811424,276.2042,288.5312
2017-03-28,8,249.3493,260.7133989773735,262.20012579848645,260.9784577364019,264.177870752145,271.6411413559398,276.0413,287.9032
2017-03-28,9,249.3948,259.3432032769321,257.5434029898499,260.04342606382954,266.18705140444683,280.002797610212,301.8934,280.6751
2017-03-28,10,255.3922,266.27938353002116,257.1905991018664,268.36386246387383,271.80135359275954,286.52468878703854,325.3147,245.9934
2017-03-28,11,254.9362,270.28797458459957,273.6578467388269,265.63110979492524,272.93404899189284,287.57309029777696,281.3571,282.0
2017-03-28,12,272.0781,298.406654536574,297.50450302323367,300.0813404123441,309.8689084910975,312.91881239387806,353.4829,336.7885
2017-03-28,13,335.0239,323.7150876286485,328.8901622781621,318.6918186758215,339.4004784496327,332.99577000702476,434.7562,318.346
2017-03-28,14,303.9949,331.24295995455935,332.02594509758205,331.5363103395622,347.9703919827877,331.00424920241045,394.9098,318.3684
2017-03-28,15,303.6512,331.83392070557045,330.4746815391955,330.98490662306443,343.1184621528825,328.3129468200508,353.5298,325.3514
2017-03-28,16,327.6813,324.8642874554274,328.9391502346541,327.90826065062765,340.23137776951495,335.0760773056794,379.4451,310.9721
2017-03-28,17,311.9207,331.92969141073445,333.7589175760112,330.1919929235339,338.8074727936286,332.28729509351444,344.6631,336.4848
2017-03-28,18,300.6963,333.11070118142356,337.2368057973269,335.9177000588572,342.4735617746715,323.3835060011713,363.9891,343.7263
2017-03-28,19,318.9485,329.39340373903684,332.09664424957356,331.120013846435,338.5838621033644,319.18406508426796,364.9827,320.3929
2017-03-28,20,325.7656,328.8587758942929,330.66658362899256,330.19804905997444,338.92057311680315,310.48125012715366,316.9862,367.6377
2017-03-28,21,318.9229,301.02676625656824,298.6852915028507,297.97285576677086,307.34728423751085,298.3689366442343,317.0628,296.6541
2017-03-28,22,274.4192,287.01483869444854,280.3143154790493,283.36602980210296,288.7481502988763,282.2828018669752,276.7067,278.5852
2017-03-28,23,256.7175,277.7940085177462,274.6569619694229,273.9506434699706,279.97714619688935,271.93696639699556,262.4356,276.956
2017-03-29,0,265.2194,273.4248929523114,270.93604300150633,273.2361587333018,272.083761741398,279.29498527997714,255.2577,294.7243
2017-03-29,1,269.1658,267.42179731470895,267.10062371629107,265.5419609559266,265.1508326750376,265.2118542390406,242.4273,252.3263
2017-03-29,2,288.6086,268.29267700407644,268.35877657587315,262.784665250714,264.5002951864164,262.5260742150127,247.6857,287.8906
2017-03-29,3,268.4213,261.60030720571046,264.9815144353114,261.9914731742688,264.0120711482945,259.43695753405757,259.3192,294.8199
2017-03-29,4,256.4238,260.5550983637819,263.8190398821491,261.2294874861121,263.0363340562798,253.09668076191053,253.4184,287.6962
2017-03-29,5,236.125,253.57902784553153,258.0884839146646,256.4254722078584,257.3760154170983,244.52516031497498,229.5309,275.5223
2017-03-29,6,247.4184,251.8913123389261,254.9404893349591,254.2753432765412,253.54901660680315,244.47626890078524,241.1205,262.3305
2017-03-29,7,259.3531,250.66967157230815,254.99649407325606,253.951185410211,253.54901660680315,245.2974293733444,247.1191,250.0508
2017-03-29,8,271.3968,254.5957855650818,255.77564165565886,253.41267866881913,253.54901660680315,261.49677461287473,252.8304,249.3493
2017-03-29,9,264.8406,255.44277015271925,256.56599897006737,254.08173438326725,254.52475369881768,264.3405436667574,246.2211,249.3948
2017-03-29,10,264.6623,263.103154986091,259.89670939043356,257.16027842366105,257.687518952203,272.4468892122139,257.9227,255.3922
2017-03-29,11,276.1079,270.12865724820165,270.987864835647,266.47587837311903,264.1639408240799,281.8605364741226,275.474,254.9362
2017-03-29,12,288.9883,285.1709802225765,279.09055199191596,285.7328715775903,284.3359287084654,293.4303655147645,293.9466,272.0781
2017-03-29,13,295.3471,328.90537979880105,316.69483094137126,330.5805847702782,330.7281798267568,322.63838668137964,382.9845,335.0239
2017-03-29,14,338.0615,316.9724002268332,302.5480378597158,316.6020002670087,317.41998030608994,314.0877581534098,323.9832,303.9949
2017-03-29,15,303.7826,321.50080498481077,312.03432927608503,323.4165744167229,330.2379482184743,325.22147005576164,358.3879,303.6512
2017-03-29,16,285.5713,334.7740276479535,318.1082447256726,334.43494664903886,338.04407672652667,335.5066514255619,383.8403,327.6813
2017-03-29,17,335.9063,325.8914741033317,311.5887519294005,327.8408040507626,331.2834213648152,332.0555192644749,365.7837,311.9207
2017-03-29,18,335.6649,311.1265765586765,302.4551989625069,311.70350142066,313.86811208953134,312.42965400058,336.374,300.6963
2017-03-29,19,336.5872,320.9336863401838,314.7241739592019,323.9883085340166,323.2519018654334,314.1339018645722,347.8641,318.9485
2017-03-29,20,355.1543,324.29856897579594,314.04547876693744,326.5559743926976,324.7531039237529,310.88233101620176,348.2043,325.7656
2017-03-29,21,282.8616,294.7489639831978,298.02025630276836,299.4192812055717,301.82442625526465,293.25417602968366,288.0771,318.9229
2017-03-29,22,282.1034,280.1336193533273,274.36233083526866,280.78089790717036,278.4995296857305,277.78498143996563,263.9688,274.4192
2017-03-29,23,287.0527,276.97448825059996,266.1599273735609,275.1089970157003,272.6206805031317,273.12735425909244,287.3887,256.7175
2017-03-30,0,280.4542,275.3508679247245,271.71516279091173,273.6403860646471,275.38623375276563,281.98008928642474,245.9939,265.2194
2017-03-30,1,292.002,275.74902699740466,269.98980694250395,274.09789226685166,278.3483280828157,280.0154941909119,274.5183,269.1658
2017-03-30,2,243.8951,271.10313897574883,271.32339298685145,270.10749367070764,277.08432390051723,280.11321974974044,302.892,288.6086
2017-03-30,3,247.9086,266.4694782078114,263.5473680406181,264.8446218415749,269.94734849634636,272.1606268159586,302.9614,268.4213
2017-03-30,4,241.7857,261.82720979731266,261.926058984454,262.3091549539704,265.8193655911674,258.950808718276,263.9793,256.4238
2017-03-30,5,235.3433,258.1443857879518,258.010531164456,258.98241249215573,264.416824977725,259.7822727047161,293.5,236.125
2017-03-30,6,235.0625,259.22865846475094,256.2110871623363,260.00042981838067,265.3874742215255,260.8994749692123,299.2826,247.4184
2017-03-30,7,234.4888,259.067658198924,256.3587926312324,260.5516085690527,265.3874742215255,262.89651920044605,299.4697,259.3531
2017-03-30,8,234.197,264.19955154637347,261.9817336622229,262.4878292802277,267.8749688400618,276.5025061148744,298.9844,271.3968
2017-03-30,9,245.9124,265.5168261416894,262.3523221485218,261.81969074690625,264.78717264037084,275.67471313138776,275.9784,264.8406
2017-03-30,10,233.9007,277.5259239930664,277.33087444866675,275.6419654499797,282.788856404868,291.44206741562493,330.1790000000001,264.6623
2017-03-30,11,257.8031,284.094348171075,286.9519562501364,289.15028523627643,289.96880887363614,300.7765731997333,340.8188,276.1079
2017-03-30,12,270.2278,308.2797555685093,313.00335073853995,310.2463071821134,317.82342005484145,322.209640617552,412.2211,288.9883
2017-03-30,13,360.5188,339.2001220423833,339.8856922231579,329.2505326979712,341.4246265661389,341.045436566321,474.0509,295.3471
2017-03-30,14,348.2645,355.04492763731963,371.2680283837951,360.6132259225547,361.1766987591885,348.3423855827491,461.0907,338.0615
2017-03-30,15,306.6423,338.54514217993005,343.501202833131,343.60325950414864,346.2944322503291,338.5124597312887,401.9685,303.7826
2017-03-30,16,330.3897,336.20479517856734,340.4440086465073,337.99075078231573,344.5867774396316,338.9093935179108,395.9901,285.5713
2017-03-30,17,313.0789,351.5722407952825,353.1536027580341,354.08644058782096,350.49150464701535,341.70589120793466,377.9313,335.9063
2017-03-30,18,294.3103,334.5987494101101,337.53041074846146,344.3508657251271,343.21825021162465,331.28697879292383,377.2928,335.6649
2017-03-30,19,324.375,332.9272725410427,336.9977722222258,341.1523346218702,339.2904152317694,324.55667128087515,353.2788,336.5872
2017-03-30,20,318.6874,329.16954258151407,335.1651495986632,334.73367211906276,334.37556725325544,317.9156423795395,330.4208,355.1543
2017-03-30,21,270.7584,291.39007580452176,285.91528147444933,296.24729566635756,297.7348208407577,299.9152972072977,300.8547,282.8616
2017-03-30,22,264.4969,297.43870257798125,290.8575614524038,294.1461143115165,302.9284960837027,296.3380715973232,318.0473,282.1034
2017-03-30,23,258.3661,291.89249400533015,287.0497951228796,290.72020867715776,293.6266127062179,287.807685125548,310.7922,287.0527
2017-03-31,0,264.3094,271.5443860438937,267.71174492067934,273.0965423181049,262.19450204477903,287.1219585221938,270.0,280.4542
2017-03-31,1,270.2558,276.6645954422836,273.4069615879644,274.47407648017634,266.0512310198513,284.11977159280156,287.2903,292.002
2017-03-31,2,258.2571,269.2160841754858,264.6194727048811,262.2780295903117,253.20725583168573,271.6117946812036,280.9237,243.8951
2017-03-31,3,246.3594,267.9046857380297,264.6194727048811,261.48483751386647,252.71903179356383,266.2422514475885,280.9687,247.9086
2017-03-31,4,240.2286,260.4035147612385,257.91286219114403,260.72285182570977,251.18183050674963,260.55033215934554,277.125,241.7857
2017-03-31,5,239.9745,253.09179337584575,254.6401027047916,256.8398218640932,244.60679126997368,252.37046404569173,251.9475,235.3433
2017-03-31,6,240.0402,253.09179337584575,254.3955388791806,257.758731963037,245.65950124411697,254.79860368476642,269.9788,235.0625
2017-03-31,7,246.0198,258.9956535907119,256.93166378175357,260.11660017830076,248.55556794433193,259.7663100390238,292.0973,234.4888
2017-03-31,8,246.0882,257.6234367778301,255.1271802952404,260.4969774252371,245.65950124411697,274.5166004021697,263.9657,234.197
2017-03-31,9,246.0451,265.1343500221132,262.2955305081458,261.3817443479387,247.70219365800276,280.7080408017014,269.9793,245.9124
2017-03-31,10,252.2656,279.40445594131137,269.03319661319114,268.2054124610244,251.8975394285377,291.57197021031516,306.0158,233.9007
2017-03-31,11,239.9936,292.77892958960297,277.1602993482416,295.42911977540393,271.6114722589276,304.24526661239975,329.9488,257.8031
2017-03-31,12,365.0182,313.217299089132,306.7823503934884,310.080962641293,297.73265755648237,317.9459239896933,363.2416,270.2278
2017-03-31,13,395.125,356.6016534464451,355.95316033797644,362.6316962304618,340.79954985629786,337.54415508924365,390.0201,360.5188
2017-03-31,14,347.2559,361.5728142439256,358.74547402370195,366.51381854820823,336.2019093952823,353.80273730115135,452.7801,348.2645
2017-03-31,15,362.4952,336.10524700385156,330.9233331627855,341.9100620314197,327.91366401121223,343.107636085166,394.4026,306.6423
2017-03-31,16,360.4771,352.0547009509709,334.57486285168,355.0792931622343,331.59689518861074,349.9070771971516,402.6145,330.3897
2017-03-31,17,318.6172,337.5413088647918,328.40382030351554,343.07978572518135,327.29882781826285,342.6519371948018,365.9622,313.0789
2017-03-31,18,306.6019,324.0962473590019,314.73867069665107,321.1161967284358,319.1625523788938,324.27654852054417,373.5625,294.3103
2017-03-31,19,301.6732,323.9798668066947,321.01313918319977,325.0258424017871,308.38928161799896,315.26944322109824,323.0942,324.375
2017-03-31,20,313.7671,312.0800146181042,310.63714061325953,314.21936206988084,309.77369581921135,308.72520587269065,311.8206,318.6874
2017-03-31,21,254.30900000000003,284.44381679634307,274.42656179945686,283.47687095227246,278.6686213064359,293.17924063914603,281.8661,270.7584
2017-03-31,22,265.1812,281.6591700175017,272.7499458632714,278.41506798060163,270.22833148614836,284.9612167208508,275.8274,264.4969
2017-03-31,23,246.9302,270.06772193676477,267.3776711475348,270.0983295497059,261.72772955500574,273.58990038522825,257.207,258.3661
2017-04-01,0,246.93400000000003,262.05347703446967,263.5332362054871,260.2058889946461,262.043539220188,260.78600161376966,275.0223,264.3094
2017-04-01,1,253.05900000000003,261.2848024807587,264.83665774162745,261.3655634339046,263.37289386070444,252.7127925837047,268.097,270.2558
2017-04-01,2,258.829,270.9001616337411,252.07543129982815,265.8531249455853,264.91484423083745,253.01313101780755,310.5688,258.2571
2017-04-01,3,277.1324,263.22103299821987,260.3577689994489,258.55494706364027,260.6813145133671,241.41145143040995,285.4706,246.3594
2017-04-01,4,222.8176,266.6910160142685,257.12174795155687,258.47050208752603,261.0386709381705,238.80317969238692,297.4716,240.2286
2017-04-01,5,246.5295,263.85118792823033,254.63980165421822,256.63135251395755,257.5057257501127,237.41324535155434,304.5797,239.9745
2017-04-01,6,246.9027,255.29406989992358,257.26349160685714,254.07535098988038,254.35347993694825,229.29730213484063,267.2656,240.0402
2017-04-01,7,240.7331,255.23645275200477,257.26818805311103,254.62652974055243,254.35347993694825,230.4487383767975,266.2845,246.0198
2017-04-01,8,234.6194,255.0297245228707,258.06992630149625,253.70761964160857,253.3007699628051,230.55110677884576,254.0272,246.0882
2017-04-01,9,0.0,261.15964374282333,258.3231567590069,255.1057166917061,256.89219021236,239.5437000939085,280.7221,246.0451
2017-04-01,10,0.0,258.72994855425793,260.6220772361107,256.80121219822587,257.2974725490588,242.2727757282267,265.6655,252.2656
2017-04-01,11,0.0,259.4501167572013,259.5415446363137,256.1327753786801,260.7103563817718,246.80942966155843,265.2123,239.9936
2017-04-01,12,0.0,275.00122919303146,259.61224900098966,277.3293745397249,282.9489372169904,270.33395357495885,295.1406,365.0182
2017-04-01,13,0.0,274.4557973920035,259.16576861164174,274.3690893944704,281.4059865606592,280.28499839560834,301.4315,395.125
2017-04-01,14,0.0,263.4584458813184,236.1959470816905,262.21003508940635,261.38192266408265,280.3366273824363,297.346,347.2559
2017-04-01,15,0.0,264.77167571989685,251.53104739218003,271.241801097886,275.4618468231384,279.5083613523169,263.0473,362.4952
2017-04-01,16,0.0,260.850369198149,250.20092093845938,269.91322820790293,273.6546850951192,280.2220620780246,252.3497,360.4771
2017-04-01,17,0.0,252.30126366142844,239.79536263492108,255.96712712165382,262.1124238980782,282.73321244991814,278.9504,318.6172
2017-04-01,18,0.0,248.5743850470664,247.66078296776658,251.86673512542006,252.92524188026695,280.9053101779102,277.3549,306.6019
2017-04-01,19,244.2191,246.78073799488803,246.54365908596878,251.20425215960051,251.87892300014755,276.3888909370477,267.4458,301.6732
2017-04-01,20,264.7618,245.15190419427543,240.51933966776463,247.79630112699405,255.63901371718268,271.35239262763434,255.1666,313.7671
2017-04-01,21,251.9462,247.93318724571063,248.6885380944066,246.45963874325898,244.895790967678,260.62912498500225,255.792,254.30900000000003
2017-04-01,22,238.2447,248.94987784507634,250.96403269259207,247.8602823753171,243.5244288045809,257.24954433462597,266.2878,265.1812
2017-04-01,23,242.8925,250.999637041508,252.70551576260198,248.6068888443379,248.4174145163915,248.3079994572128,265.8847,246.9302
2017-04-02,0,256.2459,247.3914478873903,226.0358576953917,246.29131646046852,243.32449326922824,238.88497337471995,260.3607,246.93400000000003
2017-04-02,1,240.8871,246.64540722607973,227.09050768176067,245.77820588483542,243.39007524018336,232.82231107018572,264.7423,253.05900000000003
2017-04-02,2,240.0599,246.87546751615787,225.54782465443753,246.47716361430338,239.3233074385963,227.43548197619538,269.6049,258.829
2017-04-02,3,239.9461,246.99038036889326,226.65450055314702,248.55646757530798,241.71428952229394,219.81178762798416,251.2114,277.1324
2017-04-02,4,233.6437,239.62114999432953,222.69383802142937,239.5327912877531,232.82029043083557,209.01896269902733,244.5813,222.8176
2017-04-02,5,245.8833,243.84415742852508,220.60115914416053,240.41047657131816,234.7493709280043,211.77433575604306,261.9571,246.5295
2017-04-02,6,221.9945,242.88916960662922,220.4958483168169,239.49156647237436,233.69666095386103,209.60577704301477,255.697,246.9027
2017-04-02,7,252.2714,244.03061998871536,220.4958483168169,240.04274522304644,233.69666095386103,209.57722524452402,254.3839,240.7331
2017-04-02,8,245.5552,245.4614880298279,226.22401355484138,242.05382572561047,234.96431368277212,215.62178443064562,275.875,234.6194
2017-04-02,9,253.4704,262.59452076764325,236.06707725000345,255.35498931103263,250.1504588253263,198.0230864598024,277.9598,0.0
2017-04-02,10,240.0,267.8622310142475,238.74803594345798,258.7223433107661,253.4758184509908,205.37382046650197,289.4012,0.0
2017-04-02,11,292.9041,262.5545714894525,235.41345334953277,255.0014982311713,258.31258573992716,206.6580002123528,265.1094,0.0
2017-04-02,12,269.6461,260.9024168948587,235.54507831924332,253.21933306712137,257.05543144297474,210.40254023089105,252.015,0.0
2017-04-02,13,269.0938,259.9541687592742,237.97882953892957,252.05412321172975,257.11148829077763,216.50352715042587,252.0469,0.0
2017-04-02,14,287.7906,264.6935662656459,244.94494872435092,252.85451938185662,257.2937807564722,226.58734519566104,276.1235,0.0
2017-04-02,15,276.9803,262.1808722632281,241.29442915654434,251.80122258086232,256.07005880749693,228.81902510349755,264.5782,0.0
2017-04-02,16,271.5458,259.04321322491387,240.90407334059412,250.22042542816416,254.80035068552675,233.1231762844386,271.1165,0.0
2017-04-02,17,272.9644,259.04321322491387,242.7023273399575,250.40119600361757,255.00426880573352,232.45610568841101,260.2531,0.0
2017-04-02,18,267.9127,263.7311549044348,245.8820284899228,252.7182653647095,258.5056029478398,238.02700694817258,291.3292,0.0
2017-04-02,19,274.7744,244.85304704068295,232.80818388617394,237.85930952132003,240.10937373455204,254.02676557905409,266.7082,244.2191
2017-04-02,20,274.9651,243.81848381455774,228.7331597963406,236.65831366621978,238.5892397152474,247.35678440014402,242.0925,264.7618
2017-04-02,21,266.5378,240.94094135016056,225.74420451287847,233.70110964825633,236.59879481162835,240.9666162469177,243.0586,251.9462
2017-04-02,22,250.2592,239.35075302207582,227.6130096619072,234.22641666331225,234.54975914152297,236.25132612374983,259.3204,238.2447
2017-04-02,23,274.1696,239.98225804566195,223.68196046782597,234.93835920842108,236.7091160227628,230.3149558200057,264.2312,242.8925
2017-04-03,0,249.1507,261.9430838679778,254.22466185407006,259.26625759678745,257.3454100069048,281.84306008751037,258.0192,256.2459
2017-04-03,1,261.2344,257.5187048443185,249.92074347327727,256.4732815617128,256.3582820037166,271.6680236113416,253.3906,240.8871
2017-04-03,2,271.7769,247.68607439907166,242.64239321928642,248.5963395705105,247.25592067907473,264.15410768578056,252.1932,240.0599
2017-04-03,3,259.0606,247.7940776333301,242.169465321539,247.857859841844,247.8204066150961,260.3425676667089,264.3185,239.9461
2017-04-03,4,258.9844,245.06724694631276,241.0439825701091,247.6410447216935,245.84709364038645,254.0580734385994,258.934,233.6437
2017-04-03,5,252.1244,245.42833014407097,238.05470362712617,247.1611365733562,247.9771613760539,254.42042561871793,270.1784,245.8833
2017-04-03,6,251.8632,245.96902892652574,243.4784702937704,245.89299981271685,245.35435753761632,253.51643369126975,282.6737,221.9945
2017-04-03,7,203.9684,253.49353003031135,245.96654024784908,249.47532532149043,253.5321670126288,258.32521068467923,288.5312,252.2714
2017-04-03,8,239.587,253.53021345813934,245.88437757691008,251.91536897807222,253.5321670126288,269.03228693741113,287.9032,245.5552
2017-04-03,9,257.8176,255.71943526867454,244.7914672070246,250.60630009231124,251.6631078585736,272.6152834561723,280.6751,253.4704
2017-04-03,10,233.9634,251.58867633070355,239.7498731659512,250.2965089715342,252.12725684936802,270.1797836357538,245.9934,240.0
2017-04-03,11,269.6875,269.735903192036,262.8821249860604,260.534014068593,275.5692443121378,288.30764499913147,282.0,292.9041
2017-04-03,12,331.0629,315.8573252154158,306.84325836117955,306.96173992768627,327.88608697906454,303.2336125177652,336.7885,269.6461
2017-04-03,13,354.1392,329.6533274121512,327.8234906577479,318.95994052081585,330.28275387653383,306.1235033256429,318.346,269.0938
2017-04-03,14,372.129,336.73675943400065,332.78472778509257,331.6673387871639,343.0406930119032,313.7074614650654,318.3684,287.7906
2017-04-03,15,324.4529,344.0453498140487,331.8821109627214,340.31715033394494,350.45942183707007,318.7705099222086,325.3514,276.9803
2017-04-03,16,338.1405,338.0239455060468,330.0430400748124,328.3206817512866,334.76789323477385,318.79382155356444,310.9721,271.5458
2017-04-03,17,332.2736,349.0496083745603,340.53961993106157,340.57788625587887,353.8296674803027,325.36344906586834,336.4848,272.9644
2017-04-03,18,344.2418,346.81206547077267,350.3654582976875,342.68599756305207,355.68123051848477,317.14468214376507,343.7263,267.9127
2017-04-03,19,301.5225,328.5999953483403,328.7951740429525,324.4684684931591,328.81028808407996,311.09357948876743,320.3929,274.7744
2017-04-03,20,296.1663,346.2602103805285,346.4792035186755,343.1816761827531,353.71441403383363,316.11867052509086,367.6377,274.9651
2017-04-03,21,307.5404,290.72732314050637,282.7448253504697,288.25256548450255,293.1118658820665,296.14511235679555,296.6541,266.5378
2017-04-03,22,279.1574,279.6159767128172,272.82934333472735,278.00017963627886,284.3836538734216,284.3205245947688,278.5852,250.2592
2017-04-03,23,275.1317,276.7211449075289,271.5103435909139,273.900267849274,278.31557017389275,278.5891135032605,276.956,274.1696
2017-04-04,0,270.4277,275.0051696577817,265.907869315109,266.55770502428084,260.68988933134426,287.7910966150976,294.7243,249.1507
2017-04-04,1,270.5305,261.4964869897143,256.56786880444326,262.0123180582227,256.8066946279411,272.82508870420867,252.3263,261.2344
2017-04-04,2,258.8888,261.48012864328206,261.10205983973805,259.2104833876722,254.14060459619407,273.2813802654583,287.8906,271.7769
2017-04-04,3,252.4353,260.3838502812245,256.1351233788947,254.74153623188496,251.16488593953585,267.184419215452,294.8199,259.0606
2017-04-04,4,273.60400000000004,257.1901822155583,254.53040651834402,252.79935413310224,250.25852828669744,261.0662799356181,287.6962,258.9844
2017-04-04,5,252.8693,252.820324046105,247.35243337247925,248.76422866254526,245.35453154367102,255.10518804699615,275.5223,252.1244
2017-04-04,6,253.1345,250.00243981276984,243.31837164723694,247.4563470506715,244.130809594696,251.48359867333343,262.3305,251.8632
2017-04-04,7,253.486,247.64101876251752,240.958872607412,243.884955014773,238.05503004306436,245.5135852213661,250.0508,203.9684
2017-04-04,8,248.3898,249.5884796997542,242.2992179158999,248.40458115634675,242.01114429868156,257.77077846128384,249.3493,239.587
2017-04-04,9,247.8497,250.86871224092206,242.5099434890364,248.57843025907928,243.9844572733912,263.79665583969376,249.3948,257.8176
2017-04-04,10,266.5446,253.48009441886416,243.0193352848629,250.87517032168944,244.73008770445335,268.2802072708793,255.3922,233.9634
2017-04-04,11,251.9672,265.2799314188464,259.2435408702575,259.62028574828855,256.0376986790439,277.9504739410418,254.9362,269.6875
2017-04-04,12,300.008,280.2866504639836,279.63040014715324,277.7691164465495,279.57815104652633,293.74482456499237,272.0781,331.0629
2017-04-04,13,293.9927,328.4455154491291,323.27022664278064,325.9419144151955,324.30618273444134,314.5572513286119,335.0239,354.1392
2017-04-04,14,263.945,328.0456211133773,316.22764575118714,328.4047302727018,332.9435085555985,316.2628515868157,303.9949,372.129
2017-04-04,15,287.9775,310.0068617695427,307.72606713951757,307.54909755023647,307.55622524188396,316.5789109620396,303.6512,324.4529
2017-04-04,16,299.992,332.6799626851675,324.1317426490544,330.71927280219825,323.81583482532693,325.82706474055226,327.6813,338.1405
2017-04-04,17,275.9568,314.27551221919884,307.52265895331396,312.2828180426472,315.25900810865903,323.8710676226289,311.9207,332.2736
2017-04-04,18,293.9466,313.7774630070077,310.43357573046734,312.87030081073937,307.18986700973613,316.1901094492378,300.6963,344.2418
2017-04-04,19,323.9325,318.10663829415796,313.3302440229805,312.0759350336901,302.3985562759091,313.4292107784068,318.9485,301.5225
2017-04-04,20,269.9721,325.51471512510705,313.5322627877295,314.78089390010416,310.63647318994975,310.14715244019277,325.7656,296.1663
2017-04-04,21,239.99400000000003,307.12129754257813,297.77477359956197,299.185342959466,293.2702518196344,304.21569737978723,318.9229,307.5404
2017-04-04,22,227.9764,286.867038435719,280.29897680660343,282.8978130927699,275.819176424628,286.08924429840175,274.4192,279.1574
2017-04-04,23,227.9643,275.9177898902191,271.1425386201658,272.53918446210264,267.83280809611676,274.53630165407645,256.7175,275.1317
2017-04-05,0,221.9712,262.51649815093396,256.9575056992347,261.03135245893407,258.15297637250256,264.7576357806028,265.2194,270.4277
2017-04-05,1,227.9943,259.0471069491705,254.49557298319579,257.96086936952145,258.2185583434577,257.32739868796705,269.1658,270.5305
2017-04-05,2,251.9672,250.32655334362423,245.57736850099616,248.73796426543603,249.52476910049484,252.42705002435318,288.6086,258.8888
2017-04-05,3,233.9817,243.916279101074,242.3106563198984,244.23352278241015,246.14047836215792,241.56366929081707,268.4213,252.4353
2017-04-05,4,239.99400000000003,247.82651070680336,243.54625571405646,245.88569336625068,247.72161532785577,236.37719399654486,256.4238,273.60400000000004
2017-04-05,5,227.9647,242.47161050750634,238.30855142961818,241.6062526597055,245.64753811402198,227.48126072832395,236.125,252.8693
2017-04-05,6,227.9761,236.7646734010214,236.60530120088623,241.6062526597055,245.64753811402198,228.56591713819728,247.4184,253.1345
2017-04-05,7,233.9696,245.96276081555203,240.32800207421516,242.71136911578256,246.70024808816527,231.7777639919596,259.3531,253.486
2017-04-05,8,246.0127,246.58011805635167,239.920845761341,244.0783412580093,246.70024808816527,238.59685123530875,271.3968,248.3898
2017-04-05,9,215.9888,247.5596643081921,239.3416762658816,244.25219036074182,247.6066057410037,241.72763079759085,264.8406,247.8497
2017-04-05,10,239.9624,250.24579312563492,241.28597115210914,248.04356689048288,249.41919149393706,249.18375495413008,264.6623,266.5446
2017-04-05,11,221.9885,264.91779816950583,256.64663774419006,252.74491854447137,259.28252021674797,256.60918429844946,276.1079,251.9672
2017-04-05,12,233.9513,281.1096848045694,277.76361346028415,280.5137666038363,286.2317135183112,270.54566348559905,288.9883,300.008
2017-04-05,13,293.9613,300.41362140389367,292.42434589088424,291.1484868140264,293.93505453520584,278.0130579812526,295.3471,293.9927
2017-04-05,14,263.9934,320.72313262874127,295.546009302213,310.6724226534242,322.4418017656201,289.5168000639841,338.0615,263.945
2017-04-05,15,251.9475,309.0856490627953,301.19989389898365,296.57633762194905,301.76349928766217,290.228003202455,303.7826,287.9775
2017-04-05,16,275.9931,301.39031056362626,298.315014116834,293.19806704090064,299.98308027341966,291.3655145855448,285.5713,299.992
2017-04-05,17,281.9709,320.9823768782879,299.10531907751056,310.64580576215684,322.2843620604044,300.43112863002807,335.9063,275.9568
2017-04-05,18,299.9845,320.8948583962743,301.5117664755915,311.3116276759861,321.47661171124105,299.58309049724267,335.6649,293.9466
2017-04-05,19,269.986,329.1009652907854,315.12509370630414,315.5874088154114,318.1812261268985,300.29432964131064,336.5872,323.9325
2017-04-05,20,293.9544,319.6733497260795,305.58084825318144,316.49321041427845,325.80282943236807,294.62439593197485,355.1543,269.9721
2017-04-05,21,240.0,277.8808330577586,272.49772006139494,274.9071057586088,281.21181025813473,272.16864224711486,282.8616,239.99400000000003
2017-04-05,22,227.9647,276.19128357674947,270.22309604296333,268.9905226121198,276.3287761074328,263.7791178791922,282.1034,227.9764
2017-04-05,23,221.9885,272.99164967281166,261.7696621110035,266.18425988056686,270.98410392077295,256.7425416499068,287.0527,227.9643
2017-04-06,0,251.9866,253.59345756450014,245.5743358822296,248.75319073562594,240.7753324084782,264.3042597937219,280.4542,221.9712
2017-04-06,1,239.9564,254.10268772877495,244.80467674155915,248.6698583535047,244.56194159881565,259.03502184852414,292.002,227.9943
2017-04-06,2,209.978,239.69239059272545,234.41123092711968,235.33468510336073,233.2157919300957,244.691673997429,243.8951,251.9672
2017-04-06,3,209.9944,235.2741942141369,232.5236209961391,233.71920701806303,231.66061257010256,237.49870133755206,247.9086,233.9817
2017-04-06,4,203.9945,235.8585483610287,231.3121031933121,232.77553148197987,231.82121023913533,232.1087055079579,241.7857,239.99400000000003
2017-04-06,5,204.016,233.56972065957308,229.8553330886105,229.84887171683945,229.24993521760703,226.7381913490059,235.3433,227.9647
2017-04-06,6,209.9836,233.3930102770073,230.3342707282351,229.84887171683945,229.24993521760703,225.60482827428643,235.0625,227.9761
2017-04-06,7,209.9671,233.34519592190705,232.0381462562691,228.96200655961766,229.24993521760703,226.9325669487336,234.4888,233.9696
2017-04-06,8,198.0049,234.45595882675164,230.86061620002496,230.31150005106718,230.31689053947824,235.88663226645713,234.197,246.0127
2017-04-06,9,228.0,232.71021605866412,228.8402381309983,229.7986507773726,228.08857681453563,239.65608503084388,245.9124,215.9888
2017-04-06,10,215.9946,238.6379397110465,232.7715260097353,231.9986462278631,233.03583394525003,245.2216416238648,233.9007,239.9624
2017-04-06,11,215.9831,248.03745893609167,244.35544245344738,235.39511525131562,239.47839244706665,254.57025611502416,257.8031,221.9885
2017-04-06,12,251.9542,253.98035967643793,262.65772616111485,257.2465529149723,260.2029840419595,264.88603753800925,270.2278,233.9513
2017-04-06,13,306.0,303.8184769154802,302.0746559856418,300.9791549940714,309.19622718045036,294.447011242668,360.5188,293.9613
2017-04-06,14,284.7385,311.47024948114705,301.7077276368163,310.14784554140175,313.7709638157187,295.30080417598845,348.2645,263.9934
2017-04-06,15,310.22,293.0184804150907,293.25855517006914,293.9895963645449,287.4625266385102,291.10397152539247,306.6423,251.9475
2017-04-06,16,311.0699,307.45184600219625,294.4896446817917,305.0815401926332,305.1942992616298,301.30291173762447,330.3897,275.9931
2017-04-06,17,307.6504,304.4691154217323,301.9609681901284,304.2071052750825,300.41293354242697,300.1819431105152,313.0789,281.9709
2017-04-06,18,298.1541,287.4098916562444,284.3740523242605,293.41342590001716,281.60040837279485,292.82477642559303,294.3103,299.9845
2017-04-06,19,286.6094,303.00586631839946,292.0137936935929,304.0182570440023,295.01157326869776,293.50873960455766,324.375,269.986
2017-04-06,20,326.0727,298.6673905008617,291.1450884700893,300.85544046309343,289.6487107946923,290.5617047253365,318.6874,293.9544
2017-04-06,21,281.4311,266.4260541598678,261.67125293010906,270.5687762916603,266.3353779789601,270.6128244649585,270.7584,240.0
2017-04-06,22,272.1132,265.34231164524164,259.39662891167745,264.35593093004536,261.45234382825817,261.2903555016839,264.4969,227.9647
2017-04-06,23,259.5156,258.2730742877675,251.66853651013648,250.35139488075276,249.3971073672848,251.71658504326928,258.3661,221.9885
2017-04-07,0,264.8158,255.89732491951693,254.20547941748757,252.3440809184417,245.18885691075263,276.29793259345894,264.3094,251.9866
2017-04-07,1,281.9577,253.72246140035685,255.24286330861665,249.27359782902914,245.25443888170776,268.6648198704641,270.2558,239.9564
2017-04-07,2,239.6151,247.92141372172154,246.41763005848122,236.48874679140678,233.11300858066164,256.5449192848077,258.2571,209.978
2017-04-07,3,240.3769,239.59053365792994,238.24962485518796,234.6151510925788,231.57207456839643,248.3153415719942,246.3594,209.9944
2017-04-07,4,246.0138,238.5453248160014,234.653083663534,233.57889728832993,230.665716915558,242.0434422705456,240.2286,203.9945
2017-04-07,5,246.0138,235.32277707362744,228.12424300404726,231.48350138202187,227.8133897433192,239.1406758658084,239.9745,204.016
2017-04-07,6,257.8794,235.32277707362744,228.12424300404726,231.48350138202187,227.8133897433192,238.68452740106707,240.0402,209.9836
2017-04-07,7,262.7421,235.0982523359614,229.04967340614573,231.31225284369478,227.8133897433192,240.64998900286744,246.0198,209.9671
2017-04-07,8,245.5861,237.57745045045746,230.33169796390973,231.3729636125357,227.8133897433192,254.9324584969101,246.0882,198.0049
2017-04-07,9,268.2812,239.67677214213742,235.76707993858065,232.90676728759465,230.78746345206747,261.83256079526905,246.0451,228.0
2017-04-07,10,269.185,246.28953116001645,242.84709426589896,232.7611090775827,230.532333149091,267.1937285964259,252.2656,215.9946
2017-04-07,11,281.9558,249.90923689193514,254.06188543606982,236.7882595913946,237.6231586139598,270.932943871376,239.9936,215.9831
2017-04-07,12,310.8909,284.9472334657997,283.7665596461793,283.76473998491207,291.94954219068825,304.640335963038,365.0182,251.9542
2017-04-07,13,0.0,304.93546120339414,298.5685829935275,294.2527207667741,306.2993510649159,321.72874414426224,395.125,306.0
2017-04-07,14,323.9914,311.9962730180499,297.22321162182385,304.83273925856713,316.0290728579541,316.2126160974714,347.2559,284.7385
2017-04-07,15,377.5625,313.36892324636653,301.6639258104885,305.61597634966415,316.3393302780005,326.09130407697074,362.4952,310.22
2017-04-07,16,353.7364,313.6389844450556,301.13677676303655,305.79951337803993,314.8296380762899,328.94143175786076,360.4771,311.0699
2017-04-07,17,0.0,302.0623969563485,297.9265680066461,288.5875780156616,291.7318730003735,322.0888812424377,318.6172,307.6504
2017-04-07,18,377.5598,291.5684578507911,295.2833751842048,291.5064794451294,284.09475436456916,305.7285957109463,306.6019,298.1541
2017-04-07,19,341.4531,288.5959090105655,292.25075098462474,284.7342709752525,277.47277444824766,301.5004186565619,301.6732,286.6094
2017-04-07,20,317.8906,283.84118248502875,283.3687380498529,280.35601125732734,294.9177291059773,303.5618123244079,313.7671,326.0727
2017-04-07,21,312.7969,269.26507688652487,271.88233454273364,270.68873677082803,264.9225864562757,282.52576256616544,254.30900000000003,281.4311
2017-04-07,22,275.7943,268.1806186352992,266.3222454352691,263.24352969888315,260.50432212044296,277.05577390635057,265.1812,272.1132
2017-04-07,23,282.1227,258.7518791546939,255.11507991088143,252.62122166987038,250.201471148227,264.91531291428316,246.9302,259.5156
2017-04-08,0,305.1282,260.1124265794547,262.3761010634519,261.02955420799896,257.6093062551438,286.4913819670283,246.93400000000003,264.8158
2017-04-08,1,328.7812,263.45854743847195,269.35281330161564,266.27358629746675,260.97363309608266,281.7545298315779,253.05900000000003,281.9577
2017-04-08,2,233.9817,259.73526209168034,261.3212335708608,260.4897463244602,253.51224463820904,271.9940409310159,258.829,239.6151
2017-04-08,3,268.9338,261.3474749269905,263.96332154512,261.77909695720444,255.36143902893656,269.7142416597011,277.1324,240.3769
2017-04-08,4,274.6591,259.2517841484186,257.51548527468316,257.4858877171849,251.8388005819784,255.39357935207113,222.8176,246.0138
2017-04-08,5,250.9665,256.24132395474834,251.2984168141451,253.24062636571304,248.66190294590808,257.1229731249106,246.5295,246.0138
2017-04-08,6,275.9155,256.24132395474834,252.0968641167956,253.24062636571304,248.66190294590808,257.2952980124702,246.9027,257.8794
2017-04-08,7,250.2108,256.6696495178414,251.9943337816744,254.66714173338735,248.66190294590808,257.3770470194465,240.7331,262.7421
2017-04-08,8,270.0874,256.24132395474834,252.34613463408166,253.79180511638515,248.66190294590808,257.1211761928511,234.6194,245.5861
2017-04-08,9,245.9615,256.3761898353795,254.43236526529415,255.33619744783542,252.63141582846083,218.38250080398853,0.0,268.2812
2017-04-08,10,278.0491,262.0583662277243,258.09284115796765,261.45290653438263,255.67274915891355,223.66141146117948,0.0,269.185
2017-04-08,11,269.9788,266.53390355746797,269.44315854473246,268.81793425215153,263.13055334825845,230.82740137791552,0.0,281.9558
2017-04-08,12,290.6968,271.6923476145521,267.8202685665292,267.633967944392,261.2147983192203,239.82946081203085,0.0,310.8909
2017-04-08,13,251.9803,274.207704458384,271.48826598782387,271.4402243087812,272.1188424373303,216.82447101118964,0.0,0.0
2017-04-08,14,275.9553,277.4641084032918,258.74996352719654,271.9446376193821,260.90241898358056,252.70800445605147,0.0,323.9914
2017-04-08,15,271.0084,287.42159501672927,261.8841662375773,281.2490869932697,271.0776976536796,262.20195446698636,0.0,377.5625
2017-04-08,16,271.1021,277.41084744171417,256.23848182981743,269.9907344073483,260.65254332974297,263.04680214398576,0.0,353.7364
2017-04-08,17,255.2577,270.25226513976014,268.26409114085186,264.87812815320564,265.36426165498557,231.31736541245215,0.0,0.0
2017-04-08,18,268.3438,283.78256619399997,261.3829361632131,279.1516413360529,269.1173301253325,266.3376832100091,0.0,377.5598
2017-04-08,19,263.2621,274.0773720712806,255.33593738503066,264.6006949058195,256.17728842570824,307.4878233078282,244.2191,341.4531
2017-04-08,20,275.8652,272.2873200272001,261.722194589242,264.61137784517155,255.7221009796231,305.3073508540167,264.7618,317.8906
2017-04-08,21,281.7865,260.3909794684459,255.21695205832324,253.9948302025377,247.6017086221748,296.9796591775369,251.9462,312.7969
2017-04-08,22,275.1181,252.1552616034609,255.5524220013976,250.15641576062367,246.12047485570528,284.31585330113865,238.2447,275.7943
2017-04-08,23,280.574,253.46856404170882,259.3026139180687,255.06571439556967,250.86513299770047,278.44910024606827,242.8925,282.1227
2017-04-09,0,279.3553,261.5444177892257,255.36768387142308,257.9164994962169,265.889844800213,263.7367673349838,256.2459,305.1282
2017-04-09,1,284.6904,274.77362250723337,261.7864173608568,274.5689189178184,275.00213550409325,255.3388343904581,240.8871,328.7812
2017-04-09,2,268.0092,248.80138420908662,244.86124774831958,249.7858704554702,255.13669884285997,239.24902427562782,240.0599,233.9817
2017-04-09,3,259.2567,252.28323783620715,246.04859359666807,250.4299541389627,256.96868178856516,236.52145696811917,239.9461,268.9338
2017-04-09,4,246.2,254.64127889279192,251.38754795124174,253.70463076481883,259.001861482389,231.29510520556386,233.6437,274.6591
2017-04-09,5,252.2264,249.4812532136684,246.00920860225682,250.0840862851155,256.9463240748012,228.54674082419191,245.8833,250.9665
2017-04-09,6,245.8691,252.5564247388155,251.78779266096333,254.23196871455326,260.28876069583873,225.28265375908003,221.9945,275.9155
2017-04-09,7,257.2443,251.44421507625523,249.3607897669741,250.85179548556457,257.9407267607078,229.49299673587524,252.2714,250.2108
2017-04-09,8,234.0125,256.9363104697369,254.67709618122677,253.66335281374177,260.4282213792441,232.6552658008914,245.5552,270.0874
2017-04-09,9,269.1779,253.86113894458964,249.41241280533137,252.0821656176485,258.5862115008909,236.0256563763,253.4704,245.9615
2017-04-09,10,268.5774,257.4009212456882,255.82305124320635,257.45000293290735,264.60367879165955,241.77961412073233,240.0,278.0491
2017-04-09,11,302.9113,266.2906057196898,268.6393926288644,263.28636324826385,269.62056707953906,257.2634420585896,292.9041,269.9788
2017-04-09,12,262.7402,264.90013200836313,266.92506457794195,263.8737342684971,270.5974060098393,261.20725553825497,269.6461,290.6968
2017-04-09,13,251.961,255.17600055339636,257.26326938710764,254.7397234256544,264.6751836664218,263.7692478623611,269.0938,251.9803
2017-04-09,14,258.6348,262.48194125569626,260.75290312052226,259.83855387701976,269.5079584019442,275.25905029291744,287.7906,275.9553
2017-04-09,15,260.1223,260.4276622842311,259.8421925049394,255.73391324176535,265.88078218934805,277.32907431130303,276.9803,271.0084
2017-04-09,16,269.4391,257.42761531222453,256.6067818453833,254.101438820569,262.8498985123539,279.4753837577255,271.5458,271.1021
2017-04-09,17,269.6735,254.88367175153155,257.45899523843894,250.4560331906315,260.5663220140244,279.75068896098026,272.9644,255.2577
2017-04-09,18,259.0982,253.59416475524824,253.41061231481441,250.89137380181265,259.9117285671811,279.6632218629138,267.9127,268.3438
2017-04-09,19,258.75,255.33050149000152,254.0410539947509,250.24776362515803,259.0947289501303,278.2919907891791,274.7744,263.2621
2017-04-09,20,253.1274,256.53819743475646,255.17443516218108,252.73534517432526,262.454303715264,275.54559973446203,274.9651,275.8652
2017-04-09,21,269.8618,251.0019696093398,252.1834437698434,252.61454284637685,259.0528070112805,268.9907860992913,266.5378,281.7865
2017-04-09,22,259.5102,248.66133536322275,249.6657531505781,249.9889106914304,254.93149128075973,258.54809738045935,250.2592,275.1181
2017-04-09,23,259.271,253.42361158830965,256.2531322751793,255.90866095579315,259.67172825893124,256.13425915098827,274.1696,280.574
2017-04-10,0,267.551,262.27323746781224,257.9645095248009,258.74993365125556,260.22847777367,270.76865472714104,249.1507,279.3553
2017-04-10,1,258.0169,260.71722469198716,258.19133897786054,258.32600225575914,261.3467697187684,265.6173464138801,261.2344,284.6904
2017-04-10,2,252.3798,246.8360776751594,242.51230218857233,244.27860486877157,249.87072238253663,258.7579291938566,271.7769,268.0092
2017-04-10,3,248.84,244.48215888907566,240.02525854210296,242.44858265188506,249.3824983444147,249.2937816418988,259.0606,259.2567
2017-04-10,4,248.2836,244.19684225011392,239.56699552807356,242.0742078676982,248.40676125240012,243.32225624470792,258.9844,246.2
2017-04-10,5,254.0274,242.2400322132739,237.9368767783409,240.9691383437646,247.88240271709202,239.5950754766589,252.1244,252.2264
2017-04-10,6,241.926,242.04118204248655,238.162369505796,240.9691383437646,247.88240271709202,237.879033726893,251.8632,245.8691
2017-04-10,7,246.5,243.9480038959958,240.5659405892148,241.46728166039426,247.8782772854021,230.6478285198832,203.9684,257.2443
2017-04-10,8,252.7612,242.64930489635714,239.1611629850814,241.31228122098165,246.81544739522081,245.11214708067598,239.587,234.0125
2017-04-10,9,288.247,246.62503520457614,240.40910915150974,243.4960882479138,251.05918415953803,256.1892262719226,257.8176,269.1779
2017-04-10,10,305.8675,247.6818641618012,242.30116325819125,243.79147451128446,252.45765444412754,257.1219340587596,233.9634,268.5774
2017-04-10,11,287.7969,267.81346601448666,261.1114592984207,244.46004038378413,264.81225732272947,273.56055192935906,269.6875,302.9113
2017-04-10,12,0.0,297.5389883088088,294.14284187450494,296.6925607978003,310.883141811283,288.2744715727532,331.0629,262.7402
2017-04-10,13,295.1313,323.4700301099379,335.68192358224906,323.67399799451357,343.54907380958923,298.2617391468959,354.1392,251.961
2017-04-10,14,339.5155,334.95285425491613,338.02468684289335,332.04225840693255,351.75502289789966,308.26146581583197,372.129,258.6348
2017-04-10,15,341.3280000000001,318.43710884868426,315.3208244065171,320.72568937395295,335.1886624172901,304.1110508827238,324.4529,260.1223
2017-04-10,16,319.8101,327.4359712624585,320.5645220682591,320.65989173537827,338.2529283952404,310.95587368867257,338.1405,269.4391
2017-04-10,17,338.8442,327.4359712624585,321.7478336539941,321.8511904192771,336.12643150432433,311.4550286766833,332.2736,269.6735
2017-04-10,18,334.6657,333.47821468485375,328.8291534708074,325.1413654446035,340.00275262944564,305.31029127703687,344.2418,259.0982
2017-04-10,19,322.3561,294.636293265987,297.1892836146385,289.3721374401406,297.997574120426,294.8598436367817,301.5225,258.75
2017-04-10,20,340.1719,292.1816896265095,293.187646761929,286.3192940348039,295.3091721178306,289.2334426061276,296.1663,253.1274
2017-04-10,21,298.4043,304.29824981424093,294.19962808111563,299.3143446709052,300.2802203272785,287.30447465712166,307.5404,269.8618
2017-04-10,22,285.8221,277.2520045083897,271.05019905480196,270.1705137716606,277.87852541178296,273.9717547372546,279.1574,259.5102
2017-04-10,23,273.0698,271.18810153120927,263.7619615067454,264.4857792477464,270.30119240286757,265.4128919635319,275.1317,259.271
2017-04-11,0,295.9375,263.19314620025904,259.8252104871128,258.33946008925045,257.1217455655825,284.77976135670855,270.4277,267.551
2017-04-11,1,259.3897,252.3004887301887,249.05529089637724,255.5900575361173,257.1873275365376,275.45226602800784,270.5305,258.0169
2017-04-11,2,252.5764,246.88585540793878,246.19151189243502,247.6434070371704,249.53827901060134,264.9270098958099,258.8888,252.3798
2017-04-11,3,270.1735,245.93086758604292,245.07357347696052,245.76981133834238,247.99734499833613,256.7571183260169,252.4353,248.84
2017-04-11,4,293.5476,246.85027135330952,247.04611083109063,244.8462501302005,248.07431788046483,255.720420170012,273.60400000000004,248.2836
2017-04-11,5,269.1623,241.7942632813621,237.22227004753253,240.5607131998622,243.06937781782966,249.1231178525723,252.8693,254.0274
2017-04-11,6,262.4573,241.59541311057475,237.0917726074945,240.5607131998622,243.06937781782966,246.90480946938118,253.1345,241.926
2017-04-11,7,244.2446,240.55427735870788,236.94796229173716,239.6018086445003,244.3705045926958,248.3305438998079,253.486,246.5
2017-04-11,8,243.9617,240.6184837717716,234.87646216729001,239.66251941334122,244.3705045926958,252.83504857310734,248.3898,252.7612
2017-04-11,9,218.912,243.85386561800513,248.36414750396773,244.17285336337662,252.344752722026,260.6523336394217,247.8497,288.247
2017-04-11,10,243.7344,244.808853439901,248.6668602140914,244.93579108295845,246.44690409346975,271.82531716876326,266.5446,305.8675
2017-04-11,11,265.4283,249.78061771071523,252.42517620941447,249.0254411535495,259.7948511411233,274.1859843173188,251.9672,287.7969
2017-04-11,12,302.8563,283.5843258711388,278.01578531576143,280.42316841973013,290.4056075485736,263.62905252461866,300.008,0.0
2017-04-11,13,346.1323,281.72970810014215,282.8065106483513,278.7015544321554,290.60143603720064,297.2147367358877,293.9927,295.1313
2017-04-11,14,317.2624,294.0616502979709,283.7026105452478,292.48238619200225,298.51871045502804,302.016221147563,263.945,339.5155
2017-04-11,15,319.2527,293.56884398317277,281.12542322770935,293.7380252317418,301.10876825938516,312.00708359243066,287.9775,341.3280000000001
2017-04-11,16,351.6785,290.1789235892956,278.787592701256,289.4873228223663,296.9127121752468,315.9427945147736,299.992,319.8101
2017-04-11,17,323.7128,294.5928782624252,288.69547440002833,293.00066763281325,297.21293637352426,314.9176521085584,275.9568,338.8442
2017-04-11,18,328.3906,288.5313644055699,283.32890814136874,287.8137238081616,292.7881015352038,315.7135478882607,293.9466,334.6657
2017-04-11,19,365.5381,314.19907441404285,308.740848324005,312.38144648803075,300.8842452579004,317.98639006948616,323.9325,322.3561
2017-04-11,20,360.9613,291.3149266997612,281.0620002212348,292.04922887443513,287.9518343758438,305.06927065803825,269.9721,340.1719
2017-04-11,21,318.4707,279.17412968766445,281.0619934322185,277.3986768111603,278.3878128298825,289.44472438614355,239.99400000000003,298.4043
2017-04-11,22,316.261,272.70628408152027,271.5984063356663,267.80617068890535,271.87506566030754,278.64128850334606,227.9764,285.8221
2017-04-11,23,290.131,270.554691942373,260.9435045126634,264.3652670736021,263.77291508901243,269.2203626066431,227.9643,273.0698
2017-04-12,0,293.3994,278.9599357333095,283.68339962270926,280.767895209366,281.20703115993183,271.31228830390876,221.9712,295.9375
2017-04-12,1,309.1321,263.2286416282243,261.00818669205387,269.09880492962816,272.30373809066595,260.2491647279672,227.9943,259.3897
2017-04-12,2,314.4235,259.1378052966366,257.9161187662042,262.0541925610623,262.97276004600866,256.1137030788325,251.9672,252.5764
2017-04-12,3,314.0491,261.7100166055468,265.1607440555371,263.4659830121953,264.9720306264231,247.44982691941055,233.9817,270.1735
2017-04-12,4,282.9468,264.6267054842926,262.44595977200805,268.1131015979797,270.43398220503934,245.5502128576859,239.99400000000003,293.5476
2017-04-12,5,264.6719,253.16623025232752,248.83748919094606,253.43891672762402,259.425481300374,237.6645084572845,227.9647,269.1623
2017-04-12,6,264.125,252.25761487335447,247.62779273890627,253.01494558529748,258.27714692408586,235.85919740615645,227.9761,262.4573
2017-04-12,7,238.9319,249.10357767871838,247.60368076044452,251.1807044129334,259.578273698952,236.2727191425255,233.9696,244.2446
2017-04-12,8,233.1763,248.5714857223639,247.71926803282756,251.24141518177433,259.578273698952,239.2253150768413,246.0127,243.9617
2017-04-12,9,244.2277,246.49502194058982,246.81108733513145,249.4292838041152,256.93477722392805,235.93449643055936,215.9888,218.912
2017-04-12,10,249.3924,249.07444593860077,247.01573477921133,252.6295606468213,262.36659654389996,249.0613976503879,239.9624,243.7344
2017-04-12,11,242.6126,253.40222146416878,250.80461724467764,257.3240264218647,267.52117028923067,254.81275215453417,221.9885,265.4283
2017-04-12,12,279.4089,275.6777610117286,286.9709590742529,281.30234735844226,293.19090974738924,268.17380051626253,233.9513,302.8563
2017-04-12,13,323.1648,307.3060578322255,320.8339507030805,309.8718035650045,317.76153474820103,291.1200504431635,293.9613,346.1323
2017-04-12,14,292.6532,303.91018077642394,311.23522436597693,309.2813591796366,313.9538822269902,289.38387928169334,263.9934,317.2624
2017-04-12,15,299.2344,314.4442963088366,323.4538743184797,320.54371022115936,324.01123020157337,292.7583769956552,251.9475,319.2527
2017-04-12,16,318.2366,319.2534134128934,332.88944459361716,333.04688727372866,324.66546397928744,304.25836420416294,275.9931,351.6785
2017-04-12,17,299.9455,316.53543358507204,330.7425084012131,325.68216821226605,322.7054561200696,304.6993319015188,281.9709,323.7128
2017-04-12,18,334.0087,322.02288898575557,338.0637068314259,327.11487513008836,319.001046461823,310.72131022959354,299.9845,328.3906
2017-04-12,19,339.6028,341.17484236626257,347.13784420802375,349.13976407389526,338.31659705728975,306.1101337005955,269.986,365.5381
2017-04-12,20,359.5136,334.8973862629906,338.8158502200327,345.796592644842,337.0193132748755,305.87268806680737,293.9544,360.9613
2017-04-12,21,316.8683,310.3259366034617,319.73466606067876,320.11190972260016,307.5237855131547,285.38711164903293,240.0,318.4707
2017-04-12,22,292.0087,296.84198040780376,301.1577100470411,304.6094152064343,292.57556419733953,275.2834962567516,227.9647,316.261
2017-04-12,23,273.5607,286.8746858572991,292.0409822728217,291.3714491173507,279.6703382488853,263.1544042000863,221.9885,290.131
2017-04-13,0,266.5805,270.72190746053394,273.4909596822906,272.910427769696,270.8228411407763,271.9697463318425,251.9866,293.3994
2017-04-13,1,271.9024,267.67316538091217,267.39564671484754,275.05885614702856,274.2170589960035,262.448145361346,239.9564,309.1321
2017-04-13,2,276.8575,263.3790460072288,268.7804892435524,266.5544519937177,263.25517738114445,249.21446624168723,209.978,314.4235
2017-04-13,3,282.1655,263.202335624663,267.25938694690905,264.82677137792894,262.7669533430226,242.38594665992628,209.9944,314.0491
2017-04-13,4,281.6034,254.85984279352218,259.9110850884415,258.3567325847046,255.29106813971538,233.14045427637154,203.9945,282.9468
2017-04-13,5,262.7093,248.40683179648582,251.04352911706687,251.4629116695407,247.63957342421838,228.16952835615336,204.016,264.6719
2017-04-13,6,231.7653,247.6302348064983,250.82898080340527,250.45893952138624,246.20335859156415,228.0933843010273,209.9836,264.125
2017-04-13,7,240.8804,245.67691586119835,249.5041824040183,246.1386692707383,240.13157373817586,226.6903714510812,209.9671,238.9319
2017-04-13,8,223.8127,245.66050434685386,248.9379404240795,247.8004289239856,240.13157373817586,222.95602939662734,198.0049,233.1763
2017-04-13,9,230.6559,246.59675630341079,248.9379404240795,248.18998923497168,246.12513224939266,234.47278636990424,228.0,244.2277
2017-04-13,10,236.4054,246.77346668597656,248.86323821744568,249.1446748348559,245.94346361135766,238.79815038211268,215.9946,249.3924
2017-04-13,11,241.3112,251.57970483011997,253.90541329819226,253.62165596800034,250.49618126842094,245.22850446675136,215.9831,242.6126
2017-04-13,12,292.8348,267.4581616992946,273.2644431127413,271.7743383551409,273.0016149119112,263.02837428232476,251.9542,279.4089
2017-04-13,13,307.6504,296.05644859820336,304.76840422573986,296.5074129216638,300.3695928571523,284.7836872899238,306.0,323.1648
2017-04-13,14,314.9157,292.8483193338477,301.4497632556374,294.34603280419043,296.0815181906514,284.4707768081326,284.7385,292.6532
2017-04-13,15,311.7288,301.52863717349123,307.0987652661255,299.7518183381115,302.5880658906297,295.3788822847204,310.22,299.2344
2017-04-13,16,323.9063,310.44580918492636,315.50932870390733,308.10543204809954,315.74790302238733,301.1248716067204,311.0699,318.2366
2017-04-13,17,325.6115,303.1264148813014,312.57614179467595,299.54834991321945,304.8162859785204,300.63824307004757,307.6504,299.9455
2017-04-13,18,301.5846,305.4039513828888,314.790230546813,308.6891868324719,309.044523522198,305.6841714668167,298.1541,334.0087
2017-04-13,19,314.0642,307.43375250178127,320.4730273045485,310.5604898412335,310.63537320406357,301.6582917270894,286.6094,339.6028
2017-04-13,20,333.0337,331.1503154370347,335.8676787163679,328.2497004665188,335.9753546657438,306.7170245127694,326.0727,359.5136
2017-04-13,21,308.9606,289.24461584844295,293.12529676797897,293.2228993047269,294.06336893553305,288.05683743569466,281.4311,316.8683
2017-04-13,22,290.0738,282.85288248587483,284.32300851086643,283.8289403007848,285.0778386173165,276.4260335891195,272.1132,292.0087
2017-04-13,23,257.2076,272.9657054936078,271.6521246049236,271.0725517912116,274.03274412537286,263.83872136793104,259.5156,273.5607
2017-04-14,0,270.0373,260.5419008155067,262.2526372131067,260.6968657437621,252.83332261815812,275.7863344868998,264.8158,266.5805
2017-04-14,1,275.6125,261.1632864797027,262.80703833473746,259.82603906180776,257.17158535142397,271.4563017705958,281.9577,271.9024
2017-04-14,2,292.8308,250.0104230887525,257.041967370042,249.81039150714327,248.6621779077372,256.37232777838386,239.6151,276.8575
2017-04-14,3,268.7156,248.8588647859114,256.8749119867783,248.70955310434593,248.17395386961527,250.6883909057571,240.3769,282.1655
2017-04-14,4,261.7594,248.66064053162026,255.48337109955446,247.01186569661527,247.1982167776007,246.89182907695698,246.0138,281.6034
2017-04-14,5,236.7821,242.92825499973785,247.9834730367958,241.74992159417081,239.73569863079535,242.08515471071905,246.0138,262.7093
2017-04-14,6,260.0629,241.9212218222336,246.55220959504646,240.57381171970437,238.2852384504132,240.36540084984398,257.8794,231.7653
2017-04-14,7,259.8913,241.6445093720575,247.08880897616206,238.09980691612293,234.64169939366892,243.03434458824273,262.7421,240.8804
2017-04-14,8,265.9643,238.11528437463872,243.50331014223246,237.36198212030112,230.45431804174459,244.74500637301819,245.5861,223.8127
2017-04-14,9,223.1148,240.3226093005771,246.74564091997564,239.93541567210278,234.5504811638123,254.11062649698334,268.2812,230.6559
2017-04-14,10,228.7863,243.42739714256416,247.79734177408412,241.10581248024053,234.85337471503496,260.49106183048065,269.185,236.4054
2017-04-14,11,259.1371,255.10798114986525,257.66842023810307,246.00223014495526,242.1158538625286,269.9154812310066,281.9558,241.3112
2017-04-14,12,258.9888,266.3204980859371,271.3139363655491,273.89568955778634,269.80292372220924,287.1631657401131,310.8909,292.8348
2017-04-14,13,325.6486,282.2717369666464,289.80260900128576,280.93873208595363,268.53823669705173,235.80434937710578,0.0,307.6504
2017-04-14,14,308.7667,302.49455709368004,294.28995949214345,300.35698080257765,294.6019553542782,304.53504127719475,323.9914,314.9157
2017-04-14,15,340.4534,307.914010202472,297.72366746363315,304.76313670071227,311.1016146442764,319.43194431955357,377.5625,311.7288
2017-04-14,16,293.4985,317.0723734197127,306.7078234454251,312.6935813754478,312.29690306609655,319.45739772295013,353.7364,323.9063
2017-04-14,17,332.6577,299.8298348686719,307.228854772896,301.71848749491494,292.9157425188463,253.6005582772053,0.0,325.6115
2017-04-14,18,319.3916,304.4443300764801,296.7326653974633,303.48994072952877,313.90092373668,319.44564196498237,377.5598,301.5846
2017-04-14,19,320.7743,305.5670102998829,297.05109134763507,304.48707357850094,299.10912069121844,311.44348776663526,341.4531,314.0642
2017-04-14,20,315.2137,301.41397634004505,298.9094961772568,301.1638017958688,296.6077868580325,304.58311539499545,317.8906,333.0337
2017-04-14,21,320.8056,292.7593351665652,291.9617967296582,293.93713031210524,283.83339472820546,295.5896721232683,312.7969,308.9606
2017-04-14,22,296.4933,277.49663355026826,280.5621833472515,276.3274474365412,272.7286353951705,279.69179241672924,275.7943,290.0738
2017-04-14,23,278.1165,268.4603788556676,266.8015620435368,264.2190214720069,262.2410933171996,269.92030552058793,282.1227,257.2076
2017-04-15,0,288.4996,256.2308206887014,257.8770662525305,256.4654531383953,262.3464889010492,271.33759682901325,305.1282,270.0373
2017-04-15,1,270.095,262.7808339539942,257.3589095425271,264.9859677547178,273.5659286130416,268.3370447667621,328.7812,275.6125
2017-04-15,2,254.8164,254.91795665238797,258.9327765752213,257.2053068892554,259.96486993435474,244.42316502416787,233.9817,292.8308
2017-04-15,3,263.2615,251.50785215435164,259.04210551619605,252.4350865790963,253.63576211872842,242.57030483468446,268.9338,268.7156
2017-04-15,4,238.58900000000003,252.9900545156092,255.75555373356434,250.1955326807151,253.8837469756888,238.22824115536912,274.6591,261.7594
2017-04-15,5,237.4067,245.3602156425361,250.19492155230432,245.14341737874875,246.90484039418928,228.34202447408347,250.9665,236.7821
2017-04-15,6,237.0105,247.92200702968015,249.29102368751106,245.3217910258214,248.81201280652445,234.21569449911868,275.9155,260.0629
2017-04-15,7,229.6875,243.97185424881124,238.80455393093538,240.3766577044043,241.82508650479076,230.15850997894287,250.2108,259.8913
2017-04-15,8,276.0383,243.05101252576904,236.70734837496022,242.17090442035024,242.877796478934,237.25769200665056,270.0874,265.9643
2017-04-15,9,247.8475,241.05923428941875,234.7105383181901,238.8541212487579,239.6661522190243,232.97144851729956,245.9615,223.1148
2017-04-15,10,253.5016,245.18366962732145,236.7141556599881,241.9641055358736,244.39360695050655,245.26214574828262,278.0491,228.7863
2017-04-15,11,247.5667,244.35598436724266,240.93391882924013,241.23025741366635,245.8155367016208,253.02848751760695,269.9788,259.1371
2017-04-15,12,223.9062,245.34529014379234,235.745816364318,244.3443664418533,251.76028584070664,263.80078785869875,290.6968,258.9888
2017-04-15,13,230.1208,248.80962482107032,244.5923399822307,251.13380088197536,261.30139273767855,269.3101555654776,251.9803,325.6486
2017-04-15,14,224.2501,246.5317299570061,243.4240566641249,242.676085220863,253.91064432135036,278.3262280230474,275.9553,308.7667
2017-04-15,15,231.3641,247.4735054426017,238.01133272069887,251.78878800252187,259.33853283338493,285.24886745264087,271.0084,340.4534
2017-04-15,16,215.1065,243.34752069836335,242.40691553211678,243.29987518538658,251.67614441529605,284.27087434626645,271.1021,293.4985
2017-04-15,17,236.8455,248.19971764614695,241.72803885497885,250.27702078049933,259.19893212735775,286.5425597276997,255.2577,332.6577
2017-04-15,18,250.2133,256.1839800510312,258.17850535205514,257.0037754107759,263.6633163592243,287.50384968923595,268.3438,319.3916
2017-04-15,19,244.6823,257.7330611410399,259.0680012425755,257.4733817880436,265.754124638722,284.40478393174794,263.2621,320.7743
2017-04-15,20,256.3694,251.6078170213778,257.63258830663835,250.43662150820668,260.9426487089967,282.1871115789349,275.8652,315.2137
2017-04-15,21,246.0417,256.24074494506976,255.74488322970853,256.36180730169036,263.7159505897406,278.11836927397803,281.7865,320.8056
2017-04-15,22,264.0099,246.40380066362292,253.5143414906027,247.52619206934054,252.81723467241898,267.56320350451864,275.1181,296.4933
2017-04-15,23,264.6818,245.82300659711353,256.76748284646,248.3531153021322,256.1831512326265,259.0389341792535,280.574,278.1165
2017-04-16,0,273.8046,244.23719967130327,239.54284947596852,243.30883907185282,250.80738990061394,243.79261061398944,279.3553,288.4996
2017-04-16,1,259.3016,245.72166739139558,246.2073285958441,242.94716020128854,248.63838737590808,234.97479583575796,284.6904,270.095
2017-04-16,2,253.5781,240.63569088147003,242.20782828944664,240.80165197378028,242.75974249347584,222.89870523486832,268.0092,254.8164
2017-04-16,3,241.2711,240.51915577650257,242.3401693739713,240.4570294331147,242.37643574102162,215.68454593970148,259.2567,263.2615
2017-04-16,4,252.7748,237.25865261796744,239.73506721668193,237.1484893124492,239.611285704824,206.0487099532961,246.2,238.58900000000003
2017-04-16,5,233.6614,235.07025809987593,235.1650835110267,236.60919241321528,240.644280280539,204.05309420467202,252.2264,237.4067
2017-04-16,6,227.3448,234.29366110988843,234.40942124664605,235.6052202650608,239.20806544788476,201.70978033131894,245.8691,237.0105
2017-04-16,7,233.2677,235.02412419411826,229.31244094362393,233.24341749001087,233.22228358497597,204.0845231071996,257.2443,229.6875
2017-04-16,8,251.5461,237.42384109445527,231.25041340116687,235.56568414764013,237.06352774299907,206.73724647708374,234.0125,276.0383
2017-04-16,9,239.6564,236.44714353054556,229.58478831188813,233.63297780099694,234.93472364703027,215.207896472369,269.1779,247.8475
2017-04-16,10,239.2189,238.19516692573004,231.26691540147044,234.0799419427602,235.31803039948448,221.2957211115011,268.5774,253.5016
2017-04-16,11,262.2937,245.3603541883302,237.1483121358646,236.85789927306365,239.8369522069606,233.83399140496965,302.9113,247.5667
2017-04-16,12,268.4509,235.6319837912877,230.83552283717157,234.20311108654315,234.56746044137637,230.81920983412357,262.7402,223.9062
2017-04-16,13,264.0295,234.47341983846323,232.17630970150336,235.56806983808366,236.98940173256972,236.07283170521603,251.961,230.1208
2017-04-16,14,265.9555,233.50920080326878,231.31485551032668,233.08090308780248,232.4319067553222,242.87197090873548,258.6348,224.2501
2017-04-16,15,261.1661,234.7762729561747,233.50460984774455,235.84277973052326,235.7729414156632,248.7745463366222,260.1223,231.3641
2017-04-16,16,250.7079,233.77926200195782,231.52999876919665,233.2747162116581,232.4319067553222,252.47836709799353,269.4391,215.1065
2017-04-16,17,262.8938,235.04633415486373,235.5684548550576,236.31762147001322,235.97685953586998,256.21841136834615,269.6735,236.8455
2017-04-16,18,258.9462,236.61433336791825,241.9808549211662,239.61524235477754,243.66847480518913,255.15813166531888,259.0982,250.2133
2017-04-16,19,261.911,238.18743520996094,242.71522360825594,241.05921050875307,245.75928308468667,252.3079956905873,258.75,244.6823
2017-04-16,20,260.6089,237.2324473880651,241.54481539062562,240.14030040980927,244.5026549903366,248.19507872031514,253.1274,256.3694
2017-04-16,21,259.6102,235.95556725751612,240.26685085135802,239.9011126748825,243.37759020947146,244.6627220302886,269.8618,246.0417
2017-04-16,22,262.7219,236.69008681436299,241.3183810736587,240.77644929188472,240.9535180722311,237.31371980538466,259.5102,264.0099
2017-04-16,23,259.9719,237.34222151854738,242.06047659871638,241.52878703762352,243.2226883632809,229.42458413166565,259.271,264.6818
2017-04-17,0,247.75,255.55847143788978,259.46717760420324,256.42055707108295,258.9016671926598,279.0839523022439,267.551,273.8046
2017-04-17,1,283.4123,237.1586279360502,245.88131604009246,244.5475482174419,256.4797545450786,266.9701096567404,258.0169,259.3016
2017-04-17,2,264.8673,233.6517938339465,243.58629299627378,232.70952339985706,247.77799604499873,257.14098510552543,252.3798,253.5781
2017-04-17,3,288.0378,230.05813067014566,241.75560386933645,231.5884175846673,247.2897720068768,248.32504938322379,248.84,241.2711
2017-04-17,4,275.829,229.5438463093019,239.3046770587783,230.47572836741466,246.31403491486222,243.96971172729096,248.2836,252.7748
2017-04-17,5,227.2085,225.5421168227421,234.7308744264158,229.58140916039565,245.43446363984174,239.92391963503235,254.0274,233.6614
2017-04-17,6,232.9895,224.93745488112307,234.1370542087899,227.57714603380884,240.65721414684648,235.8192125570036,241.926,227.3448
2017-04-17,7,226.4118,223.10778772968501,232.98423989148247,226.32058954063862,236.9597569701354,238.24197323673954,246.5,233.2677
2017-04-17,8,232.7598,224.04129370248052,233.64930668460116,228.413771610393,238.0267122920066,241.97546229930148,252.7612,251.5461
2017-04-17,9,219.6788,227.3540588883033,234.19471558905832,229.80874021137035,243.54880698696144,252.53707114237537,288.247,239.6564
2017-04-17,10,237.0868,230.66793320505224,238.06453719995125,231.6199496140405,242.52344997726397,262.1936082086498,305.8675,239.2189
2017-04-17,11,243.5711,234.6784220217315,239.09294681917527,238.1706723699171,253.5960839474373,268.1871069009356,287.7969,262.2937
2017-04-17,12,281.1771,251.77759391264144,258.87549228867704,255.26796529002314,274.4082677418532,221.41176774172783,0.0,268.4509
2017-04-17,13,330.3837,276.0324717318756,283.9392696164153,276.098506923445,288.30085959137534,285.0084414992857,295.1313,264.0295
2017-04-17,14,289.3704,313.89649145788695,309.2007817454644,313.39886738323503,328.5391351009415,300.51410078432923,339.5155,265.9555
2017-04-17,15,283.7541,322.3146356686698,315.3209551238158,319.19844838749924,328.5391351009415,306.017010196215,341.3280000000001,261.1661
2017-04-17,16,336.9913,317.3543679757094,315.00171595038745,325.6717691448751,315.0182498495803,304.8672616894862,319.8101,250.7079
2017-04-17,17,328.9572,334.38396608898796,326.6789320445704,333.7242766370983,328.79860891947516,311.62380321704694,338.8442,262.8938
2017-04-17,18,317.0938,340.56734450857647,334.7671610929928,335.5948467757816,331.0622159500236,312.51745689272434,334.6657,258.9462
2017-04-17,19,311.7635,332.0869618577394,329.2287204572007,327.5457642584804,316.4671434370394,308.0677640667863,322.3561,261.911
2017-04-17,20,301.4283,333.7796074843376,328.5130684480241,335.271738190195,331.90229450925057,306.9058757941407,340.1719,260.6089
2017-04-17,21,312.2842,291.8038435950523,289.21291865633725,301.0893306247862,290.1996870229032,292.5543541802261,298.4043,259.6102
2017-04-17,22,270.3153,279.88267588939215,279.85726032677684,288.78354217387437,285.7711347419214,282.732222294672,285.8221,262.7219
2017-04-17,23,257.7105,272.65575764607655,274.7430276391893,279.224981876725,274.32461303272555,271.3670431203893,273.0698,259.9719
2017-04-18,0,263.2771,260.149354331112,262.7027096771897,258.4703212063341,254.32910129529222,277.4771880114279,295.9375,247.75
2017-04-18,1,269.0845,248.34130645417105,257.88216044356926,257.30579219345543,255.32561537632753,265.1446956875834,259.3897,283.4123
2017-04-18,2,273.8088,240.93190484538312,249.3568963009225,244.56270097062355,242.79685806595242,254.11913417776387,252.5764,264.8673
2017-04-18,3,243.1594,246.01707926776075,253.80746800657883,247.91076640686882,249.30714506514605,252.86999934405046,270.1735,288.0378
2017-04-18,4,230.0778,245.78846986160895,247.77249304974654,246.95346679360335,249.10867242046933,251.02191550340467,293.5476,275.829
2017-04-18,5,236.9166,234.85714996037422,237.39423370493074,238.39995871526955,235.61541619566805,238.54189091797744,269.1623,227.2085
2017-04-18,6,251.9211,233.67288226160437,238.85498636754386,238.47699124596315,237.03638464492994,236.63602187311147,262.4573,232.9895
2017-04-18,7,242.8172,233.47878723002498,235.2323787665781,234.8774824674834,229.82405147365736,233.4952840564532,244.2446,226.4118
2017-04-18,8,248.8166,231.61138019145665,236.6016708550157,236.17473238876318,231.8917675295672,232.5249275621382,243.9617,232.7598
2017-04-18,9,218.2043,230.80188937992605,236.06462787650486,234.86790714137032,230.31522637641433,231.24222228892586,218.912,219.6788
2017-04-18,10,228.5676,232.2309368665344,238.88723267135202,237.35748477619447,233.17039817280445,243.75140593576828,243.7344,237.0868
2017-04-18,11,246.6701,238.6423558100583,245.61455406730744,242.72026916164992,239.51853612420965,255.56672901310435,265.4283,243.5711
2017-04-18,12,283.0602,261.1601560939768,270.90903261860257,268.34361553771726,269.5557832045301,273.7097381816808,302.8563,281.1771
2017-04-18,13,271.9346,297.51032625430963,303.9390604435003,309.6131153377923,307.24120039719577,293.90414391033045,346.1323,330.3837
2017-04-18,14,309.1946,297.5863572244013,304.63165564874197,297.7548579595148,301.99310145225525,291.1406662290848,317.2624,289.3704
2017-04-18,15,333.439,296.0144339397521,304.1073020829687,296.04681767339184,300.16569453139385,296.40227360722287,319.2527,283.7541
2017-04-18,16,308.6492,308.5657033542951,308.5245191665873,318.1745956175829,318.42756248692973,311.39080397400943,351.6785,336.9913
2017-04-18,17,336.8441,302.6261408587988,313.7177674947817,311.9067604786554,308.6701293684812,307.16528962370626,323.7128,328.9572
2017-04-18,18,301.6292,306.3017683826529,310.3774925966909,308.69910431727493,307.72676820926637,311.2169576565947,328.3906,317.0938
2017-04-18,19,332.9375,306.6629385306925,314.62760523551344,314.7086785403791,317.2956499413958,315.4837898861134,365.5381,311.7635
2017-04-18,20,337.266,303.4630462990524,313.3706015451476,309.6593287324902,315.80194408345324,309.2867712288967,360.9613,301.4283
2017-04-18,21,271.5093,287.5245889779705,298.39589514349916,291.8603750373554,293.8611429434818,296.05986698358765,318.4707,312.2842
2017-04-18,22,271.3454,293.6493964935187,291.3704655407957,286.90660353412744,289.522655695535,284.1944127628161,316.261,270.3153
2017-04-18,23,288.4836,268.3798670706293,269.96442834005427,268.2425234170754,265.8864826327133,269.5766365711804,290.131,257.7105
2017-04-19,0,282.5125,268.3031572649224,270.5871724535593,263.00163925572946,266.8572687860435,299.1896140815925,293.3994,263.2771
2017-04-19,1,257.338,278.85736060921954,273.7392446317715,270.81042028608385,273.79761305801424,294.62956522849805,309.1321,269.0845
2017-04-19,2,262.7211,270.76514769160025,276.7702744089027,265.6126565050395,268.70509614999816,288.63114885898557,314.4235,273.8088
2017-04-19,3,273.8532,266.7529185755494,270.549042331203,263.6267855664596,265.72937749334,279.35476660484704,314.0491,243.1594
2017-04-19,4,279.5157,250.53553464612168,251.84488447307785,245.9536946835024,252.4519384892273,267.35262512958406,282.9468,230.0778
2017-04-19,5,252.7383,242.88157044582303,245.99248028732146,242.200632884735,247.0312330089426,261.45952275323293,264.6719,236.9166
2017-04-19,6,230.1039,243.43981872135515,245.12751749153884,241.19666073658053,247.45144072416585,261.6712032135658,264.125,251.9211
2017-04-19,7,257.4152,242.15544590504396,242.7665802543496,239.53874384681845,242.30682360880317,256.88335094598654,238.9319,242.8172
2017-04-19,8,235.3312,243.26104461927565,244.6109346773902,239.69427832040924,242.30682360880317,262.93505662154826,233.1763,248.8166
2017-04-19,9,241.2375,241.51530185118813,242.91839979995711,238.66694847647847,241.11777259739134,266.5660440640048,244.2277,218.2043
2017-04-19,10,234.911,245.8430216205794,245.76911429795553,241.4521953248007,243.48838220452384,274.1988245899366,249.3924,228.5676
2017-04-19,11,240.5331,255.77662004151367,257.7507539770537,252.98561648328788,248.69837657412987,281.1255494038621,242.6126,246.6701
2017-04-19,12,288.0332,274.23835611228446,281.2128637184084,277.20519695183594,276.4992807117569,298.46458653544295,279.4089,283.0602
2017-04-19,13,329.9593,307.6895733385726,303.85828042647586,303.7425731108087,299.54297720915,312.5266277650865,323.1648,271.9346
2017-04-19,14,281.8948,298.7356908008023,305.7625107783099,300.99206466622155,299.39314744619844,316.2553732995596,292.6532,309.1946
2017-04-19,15,294.8188,305.87097437392225,312.6460688108944,315.2890026415856,309.9490028237785,324.73869752333053,299.2344,333.439
2017-04-19,16,341.9844,309.56339052152344,310.6106801000386,312.499670995017,313.9964279322421,329.4961547121452,318.2366,308.6492
2017-04-19,17,320.5792,308.52842707214273,315.5512397669628,316.05407474354183,309.80940211775135,330.29756591614216,299.9455,336.8441
2017-04-19,18,328.6094,303.4102275914538,303.39865437419695,308.1515167666105,315.68908926062517,329.3857811095897,334.0087,301.6292
2017-04-19,19,313.9618,310.3585630908468,309.0270364463402,322.9712733528636,326.0778496523052,331.125341335685,339.6028,332.9375
2017-04-19,20,297.0648,315.09757300966544,309.18110120292636,326.54089602442673,333.72245588833357,331.2071067344669,359.5136,337.266
2017-04-19,21,277.3973,296.4434555300434,290.27121218119703,290.30448702447984,302.6016389568573,311.119076129621,316.8683,271.5093
2017-04-19,22,259.4129,279.7228308639989,276.4446175271459,275.02831326370944,283.6890667080497,299.29441261327304,292.0087,271.3454
2017-04-19,23,267.4972,273.456987734928,272.7290931347242,270.72781599144935,277.08025476915157,289.46447644082343,273.5607,288.4836
2017-04-20,0,271.9615,263.66202924560673,265.066375155685,263.3170414707632,258.3043876892057,283.30441939273766,266.5805,282.5125
2017-04-20,1,271.3303,258.09414537968564,256.8772960787882,255.47183373892128,254.54297084986564,274.1283703056293,271.9024,257.338
2017-04-20,2,289.3457,251.6238910276542,251.28190409925034,248.09200119813667,248.75567728131264,268.38794471533595,276.8575,262.7211
2017-04-20,3,290.0944,251.36466689105274,251.96009757723814,248.90711609412182,251.3164120565266,264.3386437395705,282.1655,273.8532
2017-04-20,4,283.1696,249.56193825609924,248.36680433668687,248.13461793158027,250.71029588191624,260.10766591733693,281.6034,279.5157
2017-04-20,5,253.2366,241.17133224074612,238.68631347786942,241.23832684772333,241.46259159133643,251.0531497075301,262.7093,252.7383
2017-04-20,6,271.0959,238.68264898254336,236.23374804081257,239.09973339237152,238.696178688674,241.95852144084776,231.7653,230.1039
2017-04-20,7,259.3758,238.27555425970826,233.10808624136283,238.22107525759094,235.67122686932578,247.11049981916773,240.8804,257.4152
2017-04-20,8,241.1352,238.40971822066436,234.90823107032125,238.2216092917691,234.60427154745457,253.5254502063554,223.8127,235.3312
2017-04-20,9,241.1393,241.16092713905894,235.77365177972766,238.61116960275518,237.616847235695,259.6026171651003,230.6559,241.2375
2017-04-20,10,265.0561,242.91930931435363,238.74029024220482,239.18865047094687,236.85278546504645,265.55915425191495,236.4054,234.911
2017-04-20,11,270.8586,252.19284050261592,246.88946056517497,244.51925101747483,242.06277983465247,273.29103494494296,241.3112,240.5331
2017-04-20,12,314.0639,275.1127786281429,269.5279352686885,272.8991374081347,271.3083351442241,294.20922953274635,292.8348,288.0332
2017-04-20,13,308.5663,297.6271761955637,291.262447215359,296.4683427886668,301.54265514452067,307.42776039982294,307.6504,329.9593
2017-04-20,14,322.375,307.05570637213606,298.89959275755984,294.6074133242215,302.2116718970942,310.1253367657049,314.9157,281.8948
2017-04-20,15,353.7959,299.51596866051057,295.34603071563276,297.2966026994331,299.10868225497325,315.45511594135127,311.7288,294.8188
2017-04-20,16,319.2826,314.31246266782694,308.51704896629417,312.11633870713655,313.51338473993906,325.4797361466441,323.9063,341.9844
2017-04-20,17,345.8204,313.2986922378591,307.30045276370777,309.62835727482457,315.59954915689184,325.34956234904115,325.6115,320.5792
2017-04-20,18,324.2119,292.35052278861446,303.16084458534834,303.341445840004,302.3651338319937,312.0737809291309,301.5846,328.6094
2017-04-20,19,334.7052,298.33688507243016,304.45378159087625,302.23028984032635,305.1151058444211,310.8598926430787,314.0642,313.9618
2017-04-20,20,341.5851,297.62583718828307,296.62125996987913,299.9366343069233,303.86763538398196,308.8800209901236,333.0337,297.0648
2017-04-20,21,296.1213,294.30489216126375,285.8623635896579,290.835042987257,291.61124327518934,296.83668400239054,308.9606,277.3973
2017-04-20,22,291.0905,276.1645325433348,268.00613767356504,272.06742112950053,274.0340392482298,284.70808265845864,290.0738,259.4129
2017-04-20,23,270.9257,265.4163930748852,262.94644574732376,262.92485000419515,262.84420579250497,271.5317864446275,257.2076,267.4972
2017-04-21,0,312.1385,269.2759052777546,271.15110440522614,269.4806644951915,265.956966345469,279.23580522653464,270.0373,271.9615
2017-04-21,1,308.1648,269.0310815444927,267.36718055577984,267.8700342553437,267.2462702653991,271.9799450156257,275.6125,271.3303
2017-04-21,2,275.6919,261.3546290845431,265.24702854299716,264.33456981238567,264.14218399477204,269.3700710917914,292.8308,289.3457
2017-04-21,3,275.8438,258.8803052567395,264.69405051236976,262.32385340092657,261.98161520541015,258.37557342652286,268.7156,290.0944
2017-04-21,4,256.6418,256.4352804610148,258.2817630053199,259.0475737980794,257.91719258616365,251.4782791273102,261.7594,283.1696
2017-04-21,5,268.963,248.12143387002237,246.44106665651515,250.35950616696937,249.21298789652352,240.7987358608682,236.7821,253.2366
2017-04-21,6,244.1308,250.23151008773615,249.1698932845298,253.08600144593586,252.10644488255505,245.81677625043423,260.0629,271.0959
2017-04-21,7,238.8281,247.13563153277607,244.795063507574,249.24595372499292,245.23270796989783,245.5901239822104,259.8913,259.3758
2017-04-21,8,256.5526,247.69467176193618,245.04163413151954,249.46219896742463,245.23270796989783,249.88898267165575,265.9643,241.1352
2017-04-21,9,257.2545,246.79979786376532,246.25744182782395,248.71713797121333,243.65858511020863,246.1696212675775,223.1148,241.1393
2017-04-21,10,238.1975,249.48592668120807,249.7192336553148,250.38566666466076,243.9614786614313,255.28906275138542,228.7863,265.0561
2017-04-21,11,262.2441,261.1404046581549,258.32389358813566,257.3801659316789,251.6447223018455,268.30518712874147,259.1371,270.8586
2017-04-21,12,304.6895,269.85593279908005,270.2130161550072,275.2547738834729,274.0449806024403,279.3643717246697,258.9888,314.0639
2017-04-21,13,317.5174,295.75907805133807,298.9481431526481,296.03981180818255,300.97257555573583,298.48472169284764,325.6486,308.5663
2017-04-21,14,294.788,294.2972867484855,306.0268095067166,304.0028183059092,304.5265559424019,302.76175311389903,308.7667,322.375
2017-04-21,15,314.3214,310.63395436540304,314.026244595691,317.00467270178314,317.1482619420557,316.8399179823406,340.4534,353.7959
2017-04-21,16,334.2902,290.95382136006054,300.3329128452847,302.5692802893279,300.1158736857706,308.15947800711285,293.4985,319.2826
2017-04-21,17,325.0818,310.57948053555606,314.9741109494296,316.35524099884566,316.7719587491068,319.85376853510104,332.6577,345.8204
2017-04-21,18,319.4163,301.4228613626419,307.3783426143519,305.16023566882467,310.34056958508836,312.9837814330592,319.3916,324.2119
2017-04-21,19,336.0096,305.38613759603294,310.89318529502714,309.3031482778341,310.7324243257203,311.94702268183664,320.7743,334.7052
2017-04-21,20,324.0844,304.9855735131563,308.9838546170195,310.30091480129937,313.564549715811,307.3375212383671,315.2137,341.5851
2017-04-21,21,332.9381,288.1891829121886,292.47565441562585,286.4982185316315,294.48036140987114,298.28813016941285,320.8056,296.1213
2017-04-21,22,314.6532,285.5202807864861,280.62829062264694,284.89088920302356,286.04959372608744,285.99266900339705,296.4933,291.0905
2017-04-21,23,267.5174,277.5584127089765,269.61269826726607,272.16144984545775,273.84889772367654,272.54094422623115,278.1165,270.9257
2017-04-22,0,265.7896,251.12735728559704,251.50649529292036,258.37149134358464,265.1193124111139,267.38105757073185,288.4996,312.1385
2017-04-22,1,277.0219,250.52785955414214,259.8838193531518,257.36185501257677,259.9265201961974,255.45577603152725,270.095,308.1648
2017-04-22,2,246.6766,254.57750258703433,257.5922494840671,259.47171713529775,257.46610282783735,242.1122929685524,254.8164,275.6919
2017-04-22,3,253.2852,253.72113635939525,256.24760015287586,259.33216160001274,258.1355060495265,237.4760210602231,263.2615,275.8438
2017-04-22,4,242.5886,250.29469883598668,250.7736319999796,251.7623794769667,251.31017689871894,226.18078636432517,238.58900000000003,256.6418
2017-04-22,5,236.225,247.4346817482793,246.12766932235513,250.15274313583296,248.82299193849687,224.10324570522778,237.4067,268.963
2017-04-22,6,227.6055,245.26102989250074,243.970550184629,248.27343437067628,247.02790995556086,220.62064015338967,237.0105,244.1308
2017-04-22,7,221.3609,241.7698896823565,240.5530550146773,247.24494397791045,241.86904749247023,219.59692441649997,229.6875,238.8281
2017-04-22,8,233.0986,243.33709262801787,239.03423300654325,248.42728977313763,245.21243473745963,232.84665845029537,276.0383,256.5526
2017-04-22,9,246.8488,239.94912066331094,239.3597128759111,247.41879308064298,244.88162318071065,231.8549445008438,247.8475,257.2545
2017-04-22,10,248.02,242.58283542505794,239.85122696270813,247.70426369896725,244.19797461129366,236.75791570807226,253.5016,238.1975
2017-04-22,11,244.029,243.15973072450868,245.87539810274401,249.53123889447406,246.84362631138288,244.32676221424828,247.5667,262.2441
2017-04-22,12,255.9505,237.3319057995455,243.62966776268672,248.93114857461669,252.69485641136475,250.58529100946478,223.9062,304.6895
2017-04-22,13,265.8323,233.2461671609879,241.00566029304335,246.75302947145892,255.97172166882066,259.6283423444762,230.1208,317.5174
2017-04-22,14,249.4514,234.29809901487653,244.45086465650138,248.6640774181518,249.3776517814383,262.37151720711313,224.2501,294.788
2017-04-22,15,262.5118,233.9799631372665,240.53954752299472,245.26573265932166,253.2616477174008,270.4493703643385,231.3641,314.3214
2017-04-22,16,212.5167,230.81352934774563,232.84325059481088,250.92668540430228,254.22036416208226,272.6061487781601,215.1065,334.2902
2017-04-22,17,229.4317,234.62226252255468,239.56566632465237,251.10014035091766,254.7330473881681,277.52798427696143,236.8455,325.0818
2017-04-22,18,211.1154,243.93905544285235,244.32491895857822,254.11823607106214,258.41112263978334,279.2534448421021,250.2133,319.4163
2017-04-22,19,216.1151,245.11156570392234,245.00191818730448,257.39471617001385,259.5447419504194,277.49626951318817,244.6823,336.0096
2017-04-22,20,192.2996,243.89044792099372,243.7408055732301,255.5622042250378,259.85206439930187,274.51305678947244,256.3694,324.0844
2017-04-22,21,204.0547,243.16564196359045,238.46570976614896,254.4506297386844,257.506567901438,267.6514564074273,246.0417,332.9381
2017-04-22,22,210.0323,240.32009165758552,247.49887901643856,248.936966770042,253.63921713025834,262.3873780936907,264.0099,314.6532
2017-04-22,23,210.0696,245.65901841647965,253.41737350198503,250.80391282214904,248.83655306132533,250.267387883819,264.6818,267.5174
2017-04-23,0,209.8146,227.7536293318449,237.5375812095321,225.96013133729775,227.4218293566212,244.0549901930235,273.8046,265.7896
2017-04-23,1,197.9637,229.7565237520092,232.13399860761456,227.99877339362547,231.31441013787148,234.36744286435783,259.3016,277.0219
2017-04-23,2,215.7617,214.2268441593611,224.87816389980006,219.10390996156914,221.36835695927994,223.11289118280666,253.5781,246.6766
2017-04-23,3,234.2345,212.24340680544918,217.31719653125265,218.81843934324488,220.98505020682572,215.16464644594384,241.2711,253.2852
2017-04-23,4,210.4551,211.61655010507135,222.73934072328794,217.70148570795823,219.369682192288,211.62795270607555,252.7748,242.5886
2017-04-23,5,215.6839,208.89231634370176,221.66010022768114,217.6416358801563,222.48821559187746,204.39421048536366,233.6614,236.225
2017-04-23,6,216.0219,208.8326869283212,220.58962392985575,214.11223946108592,218.5004333248885,201.30732460130295,227.3448,227.6055
2017-04-23,7,185.9758,207.2772136734743,218.60135460284823,212.74860345857314,214.40852618366907,202.72066126280907,233.2677,221.3609
2017-04-23,8,222.4429,207.89119461604824,219.96044625293723,215.58858229624207,217.7495608440101,210.0133017996304,251.5461,233.0986
2017-04-23,9,229.6989,209.57499616030518,220.1397735118646,215.97814260722814,220.43188418041902,213.32258052790522,239.6564,246.8488
2017-04-23,10,222.4276,212.0793164662429,221.7022265735272,216.56006319462662,220.81519093287324,218.9033470379174,239.2189,248.02
2017-04-23,11,191.9798,227.10597602699738,234.09212368395777,220.3026542742457,223.27290877400313,229.33240098782278,262.2937,244.029
2017-04-23,12,252.0389,232.45517143662437,236.40955677131558,229.49760161756333,229.0240330778272,238.36816776718058,268.4509,255.9505
2017-04-23,13,258.1786,239.03424160874778,239.7231180777572,234.66512376033333,232.03894522034665,245.03428351246922,264.0295,265.8323
2017-04-23,14,240.7219,238.00235299408487,243.74198708077813,233.60129753209924,235.93240902692773,249.80252452792723,265.9555,249.4514
2017-04-23,15,209.9671,238.430678557178,239.95583415080276,234.47663414910147,231.53140566780306,254.94359579862908,261.1661,262.5118
2017-04-23,16,228.6824,234.3597766261929,240.28503717590954,229.65944282304255,230.4717090705722,251.61147397015444,250.7079,212.5167
2017-04-23,17,221.9656,236.90950878007152,245.33589730135336,233.7176205783703,234.7258529990293,257.12882007196913,262.8938,229.4317
2017-04-23,18,222.9743,235.51985824844087,242.67712910384662,233.169389259827,235.06289359030356,254.34725057690753,258.9462,211.1154
2017-04-23,19,235.8321,236.34061418008432,245.50328292284777,233.08693034425625,236.36423464379482,253.13739394682656,261.911,216.1151
2017-04-23,20,229.3855,236.34061418008432,244.39068858151305,233.08693034425625,236.50383534982203,246.58025741438294,260.6089,192.2996
2017-04-23,21,229.5105,234.90020522139972,243.8123214281808,233.03875158617478,234.32606059481358,241.81586938014098,259.6102,204.0547
2017-04-23,22,205.189,235.5218756979379,243.7486010557281,233.03875158617478,232.3770622213051,236.0366492930595,262.7219,210.0323
2017-04-23,23,235.443,235.94419111908917,244.0400445357528,233.0918589163785,232.8846017738487,227.74517364521074,259.9719,210.0696
2017-04-24,0,186.0146,248.73782186558253,247.64780556090292,247.54968481833404,243.1101827003611,262.39963382625325,247.75,209.8146
2017-04-24,1,203.968,249.75516354559701,252.7059383145181,247.44589394446587,246.0136607892341,260.13239009759104,283.4123,197.9637
2017-04-24,2,222.193,237.40610488056112,237.87770778696716,237.570705219865,236.57942611952285,250.92536802806603,264.8673,215.7617
2017-04-24,3,191.9651,242.0073399123224,241.45304537896257,241.91888431927242,243.99283969241017,250.8658215052023,288.0378,234.2345
2017-04-24,4,210.1743,238.86070320504305,240.15303825019865,237.21893436255021,235.3693036640067,241.55847721291212,275.829,210.4551
2017-04-24,5,203.7359,232.82473448611148,230.51217318938345,233.5736341482403,233.4175173276923,229.7613522609468,227.2085,215.6839
2017-04-24,6,193.0863,232.62588431532413,230.90027536885694,232.56966200008583,232.77076972104436,229.8267023914699,232.9895,216.0219
2017-04-24,7,222.5631,232.4013595776581,230.75488575741144,231.13840044942378,228.67886257982494,226.6193584559549,226.4118,185.9758
2017-04-24,8,186.0,232.48333582610414,229.55969644545425,233.13843144049835,228.67886257982494,240.25652624407377,232.7598,222.4429
2017-04-24,9,191.985,234.41894628490402,231.0650526873414,236.1522593808998,233.98462435884872,242.73720514949082,219.6788,229.6989
2017-04-24,10,233.411,234.32717630921707,232.30235938083604,234.56341611218932,230.92737649741682,250.95105898228192,237.0868,222.4276
2017-04-24,11,269.7839,244.55100646466528,244.52228580462162,240.64743772486653,237.61110058403756,255.73856526069824,243.5711,191.9798
2017-04-24,12,305.9842,263.7926114882867,263.3622123797278,265.0272318714412,269.9449079782218,275.3157621660647,281.1771,252.0389
2017-04-24,13,351.2294,316.2416851240525,306.59052858534466,311.8899014572273,308.50388295903804,291.90359180946956,330.3837,258.1786
2017-04-24,14,363.5255,289.7465692243082,293.61041822187565,284.50343095663743,293.20732101077033,288.3685691996677,289.3704,240.7219
2017-04-24,15,396.0282,282.13778633356327,289.230877269985,276.8997408242972,286.02391422166454,289.25503612528996,283.7541,209.9671
2017-04-24,16,401.6624,321.2964744016133,309.07888374645177,314.9947824192102,319.10861054851796,304.5566237899906,336.9913,228.6824
2017-04-24,17,390.8559,317.6208724180077,305.80773602518457,309.0571433246837,313.6410789972609,303.9957395812326,328.9572,221.9656
2017-04-24,18,359.6562,300.82549865852184,302.13966319287744,299.67184272363716,308.615041908384,295.2089589288399,317.0938,222.9743
2017-04-24,19,372.0445,302.6165232290811,309.9622052647967,306.71054285553777,308.9754669611564,293.1470231095445,311.7635,235.8321
2017-04-24,20,335.7964,283.24514807359157,295.4356348953051,285.3351728243217,293.668159264146,286.4847631103306,301.4283,229.3855
2017-04-24,21,335.8516,295.4332652611427,296.19239527707936,301.18200786003354,299.98427518870847,282.89012448391145,312.2842,229.5105
2017-04-24,22,299.9455,261.31882905054545,269.3697143523132,261.26581430629267,269.22783751679043,265.636249180048,270.3153,205.189
2017-04-24,23,335.3017,259.1520359795818,262.0538223772714,260.24443327468913,264.4384401889484,258.2795696842933,257.7105,235.443
2017-04-25,0,305.4752,281.04518936103693,272.8320229809681,277.39392725720614,287.7134850162195,290.88515136665364,263.2771,186.0146
2017-04-25,1,282.5062,279.27352722396836,266.85828698461455,275.53722157835625,287.25081304686324,285.79695464596637,269.0845,203.968
2017-04-25,2,270.2587,263.0373814385341,266.375249491158,264.3160638468505,277.35940853394794,281.1718356600856,273.8088,222.193
2017-04-25,3,282.5563,260.3528797919844,261.26871535943116,260.9462207419173,275.8184745216828,266.3289238058782,243.1594,191.9651
2017-04-25,4,263.5749,258.70629317148143,254.7355500768851,258.7667009866376,273.20347187333243,260.8497537101106,230.0778,210.1743
2017-04-25,5,269.6243,253.56162436580044,246.80054388924253,256.2234936677626,269.3639342659419,258.60620393854737,236.9166,203.7359
2017-04-25,6,282.9746,253.36277419501303,247.1680297441643,255.2195215196083,268.7171866592939,259.41894965174663,251.9211,193.0863
2017-04-25,7,0.0,252.61808581351258,244.4388064705879,254.56886899594284,264.33094436517285,261.29472891248463,242.8172,222.5631
2017-04-25,8,275.9672,252.70006206195868,246.08210447397815,254.78511423837458,264.33094436517285,269.86282107971186,248.8166,186.0
2017-04-25,9,234.0219,254.0373449955017,246.8524889069852,254.9589633411071,264.91006107063527,268.8110067387723,218.2043,191.985
2017-04-25,10,245.9807,257.0088509117699,244.97567444880912,257.3683537882597,268.22992408691147,280.1640810297866,228.5676,233.411
2017-04-25,11,294.0927,276.0758011263899,265.32299030173607,262.9944790942609,274.99989720700046,293.3471247128708,246.6701,269.7839
2017-04-25,12,329.9488,299.74565735244613,294.8760041096997,294.74170572798147,296.0725798134114,310.3584915912284,283.0602,305.9842
2017-04-25,13,365.9713,321.701122082976,311.44019837992636,320.82173992617237,306.8439794451734,318.97285462742514,271.9346,351.2294
2017-04-25,14,336.1699,339.83858825573594,314.6826517124276,335.9780487906761,335.2565562841348,333.1105354683757,309.1946,363.5255
2017-04-25,15,366.8815,346.88638014214735,332.2188682655147,345.8000105368091,352.1824686964329,345.56123241236,333.439,396.0282
2017-04-25,16,367.2297,340.12306507803726,312.82794011292907,336.80288270928287,335.61760981799523,344.65009744123756,308.6492,401.6624
2017-04-25,17,326.5469,347.76192634890043,331.8567562350331,343.7595246578627,356.3236812797198,350.59933972824916,336.8441,390.8559
2017-04-25,18,374.4112,331.4564503547986,308.98862863837576,338.37281142807694,336.69478899739283,332.43332442522933,301.6292,359.6562
2017-04-25,19,313.7421,339.7401738583771,322.88875743460363,341.66152805473047,344.49797825556357,337.34936118591037,332.9375,372.0445
2017-04-25,20,302.2982,330.9018117320977,339.3983976947208,329.36603992837064,341.14568881998997,330.7364390350022,337.266,335.7964
2017-04-25,21,288.0154,308.60643502242584,310.50866742042774,307.4013815676666,311.45599902034394,312.5382282793847,271.5093,335.8516
2017-04-25,22,275.9853,294.75096790998657,290.42645680531473,287.3775869535523,305.1476946199196,302.273645152315,271.3454,299.9455
2017-04-25,23,227.9643,298.31599583898867,284.53092360695456,295.04408777273073,295.95959018956796,301.17554580443397,288.4836,335.3017
2017-04-26,0,233.9879,259.6307872734122,254.82041216813064,255.71327522885116,236.6291928178554,281.20313406526503,282.5125,305.4752
2017-04-26,1,227.9943,262.4308220158356,255.0138486492667,259.90308029413137,254.02034459503466,266.23905181489897,257.338,282.5062
2017-04-26,2,215.955,254.10724304597625,247.90698791010922,249.46465735542324,245.0317918773394,258.77832771213144,262.7211,270.2587
2017-04-26,3,227.9525,253.0199180322561,247.6202218588082,250.14522533104648,245.8830720309764,255.8239645364576,273.8532,282.5563
2017-04-26,4,227.9882,251.1676019408884,244.08598872807153,244.60874413550835,241.89563899808655,250.3752914899805,279.5157,263.5749
2017-04-26,5,228.0179,247.24133828344122,239.37658233898512,242.50545215166264,237.8156074182641,242.8275618815788,252.7383,269.6243
2017-04-26,6,216.0054,248.00087871669646,237.2855044496186,243.46464731776015,238.50836400337505,238.67437132319134,230.1039,282.9746
2017-04-26,7,216.0,260.1445645331668,250.78857906850564,252.04384397484088,243.62717936682375,218.2450419990427,257.4152,0.0
2017-04-26,8,216.0,246.89993962343388,237.3599426384705,242.8545092523429,234.12212170925403,248.58323857154008,235.3312,275.9672
2017-04-26,9,221.9885,243.75799416858297,237.57731711805354,238.66476471738417,231.23196407112093,250.094575406535,241.2375,234.0219
2017-04-26,10,221.9593,248.5400367549486,240.17916572275686,239.83516152552193,232.54363681655076,255.58329157211523,234.911,245.9807
2017-04-26,11,245.9619,253.4011637522669,250.5782733074884,241.9110681389005,246.5458045949131,267.5844786443882,240.5331,294.0927
2017-04-26,12,269.9649,264.37129118945444,247.21287688311065,267.6137011956544,256.95342230710736,286.8021235158147,288.0332,329.9488
2017-04-26,13,306.0,313.19169934282013,281.3193666070739,313.9833387706384,302.2653397076232,304.81431322735006,329.9593,365.9713
2017-04-26,14,281.9925,287.43305659908776,268.4549366284561,283.81308104317566,281.1734362673599,298.7883725753382,281.8948,336.1699
2017-04-26,15,287.9928,304.30097831755563,266.07795406194725,303.16839238703994,301.2829340579694,308.9960330233452,294.8188,366.8815
2017-04-26,16,257.9867,322.3454840330198,285.37401712824055,320.42356050512836,319.3218628524945,321.42446529192887,341.9844,367.2297
2017-04-26,17,293.9618,299.6775199270791,274.0880321968909,295.3361334940555,285.45059299805047,315.12817655237524,320.5792,326.5469
2017-04-26,18,269.9438,318.09335703117125,281.5970524655308,313.94286686970486,307.3807522554138,314.8558056596493,328.6094,374.4112
2017-04-26,19,263.9586,296.88975426069476,288.41884797450837,294.9842989220287,285.2093837671002,304.11749582049055,313.9618,313.7421
2017-04-26,20,293.9692,285.0561365662626,276.40835318590024,280.4990819522775,282.8909394054769,295.7252544563108,297.0648,302.2982
2017-04-26,21,251.9933,275.9084373382884,274.645321853634,276.77675090530795,278.16796940809894,284.9308553319385,277.3973,288.0154
2017-04-26,22,239.9816,274.3429018985011,266.16934196471965,273.41003989878647,271.0769513119838,273.4044965401393,259.4129,275.9853
2017-04-26,23,239.9688,266.47499495920505,259.03398219259907,265.0625544647815,258.91160042189625,262.653856393123,267.4972,227.9643
2017-04-27,0,257.96,251.4454028322293,251.03278469620312,251.05172071426165,243.75411902896906,247.50831088598852,271.9615,233.9879
2017-04-27,1,257.9463,248.68987245701257,248.58499978945648,247.98123762484917,243.81970099992418,238.54074412883034,271.3303,227.9943
2017-04-27,2,245.968,239.98914691716593,242.18602528537747,238.38762101925136,237.09460551966916,233.24602286448635,289.3457,215.955
2017-04-27,3,215.9942,241.32139060602034,243.02226466299766,238.55300234437215,239.21652814448925,228.04512189088257,290.0944,227.9525
2017-04-27,4,227.9643,239.62243810186024,240.8668254054629,236.9171673412238,236.16002722167963,221.79289447288016,283.1696,227.9882
2017-04-27,5,221.9712,229.9370461864113,230.03346161393574,231.02916770834602,230.3389499012336,212.9653380131887,253.2366,228.0179
2017-04-27,6,228.0,228.86309991427706,229.04174656654973,230.47311849096178,228.67719621281913,214.14341987100272,271.0959,216.0054
2017-04-27,7,222.0115,228.63857517661103,226.32286332366428,228.68941047638518,224.5852890715997,212.80835663068007,259.3758,216.0
2017-04-27,8,234.0121,230.40800685762852,226.64905949459342,227.98674561987306,223.5325790974564,212.5015986432374,241.1352,216.0
2017-04-27,9,245.9934,230.46812078135343,226.51042594724973,228.1605947226056,225.4781994638256,217.55471525126654,241.1393,221.9885
2017-04-27,10,246.0127,232.48916329204556,227.4605775940019,230.03419042143364,226.83380298919158,227.93752786358223,265.0561,221.9593
2017-04-27,11,221.9941,246.16726633410667,239.8731177648533,234.40963359661606,234.9784610199463,237.9835805099741,270.8586,245.9619
2017-04-27,12,228.0,265.1927993515349,261.73892374622994,265.68068282962514,265.2075261712296,255.55851038078444,314.0639,269.9649
2017-04-27,13,293.9770000000001,288.18562157323015,283.0209821348956,276.2035926921212,271.9894078924118,264.78931092289855,308.5663,306.0
2017-04-27,14,276.0,297.20830763904587,285.3232394477806,286.77698695937386,283.82508854894803,271.41337856779444,322.375,281.9925
2017-04-27,15,287.9554,305.99335386147015,287.9235166443364,296.5319223851795,303.48726053723055,283.0753946841198,353.7959,287.9928
2017-04-27,16,269.9577,294.40319731258785,286.27451140500506,285.1726850650112,283.8295501388677,277.2109432413683,319.2826,257.9867
2017-04-27,17,287.9851,306.2634150601592,288.5594250528221,296.39197872597407,303.6911786574374,287.38363843199926,345.8204,293.9618
2017-04-27,18,299.9535,298.9958345533499,293.2974397522164,294.64467068220887,295.0595912532256,280.36707603601434,324.2119,269.9438
2017-04-27,19,269.9788,300.02993343175996,294.3375477318073,295.22387371279416,293.15681590870724,279.52582353036854,334.7052,263.9586
2017-04-27,20,305.9842,302.9570812446948,292.2882090554204,297.79667912230735,296.5524234408876,279.4559519033202,341.5851,293.9692
2017-04-27,21,258.0133,270.79798323118763,273.11573843486,268.9458770598713,269.1313314883334,260.9528146545972,296.1213,251.9933
2017-04-27,22,245.9939,270.3078885131198,269.68524073966466,266.4420523891758,266.58429104398573,251.67430377819508,291.0905,239.9816
2017-04-27,23,239.95,258.1555626400419,256.1345069832667,255.7389227257099,255.27230057057787,239.74912455731683,270.9257,239.9688
2017-04-28,0,239.9812,263.3203677143669,264.86042479932235,264.47477163540276,250.96158021152746,266.2077715424966,312.1385,257.96
2017-04-28,1,234.0062,253.13367073058836,252.34720194918668,259.2478922824161,251.49809334436995,256.819534404793,308.1648,257.9463
2017-04-28,2,246.0,241.10668270451526,240.95320085200774,239.9254284901029,237.36900241482886,241.5533215423751,275.6919,245.968
2017-04-28,3,239.9936,238.24853148105692,239.7835199364582,236.08897472515116,233.2036763918937,232.03077027420733,275.8438,215.9942
2017-04-28,4,239.9872,234.19826202698377,232.43090742394614,235.0770937540562,232.6444807394915,224.33862778866967,256.6418,227.9643
2017-04-28,5,234.0,229.67584831719057,226.48126351173164,231.18139055067857,228.49953484816314,222.89816893209795,268.963,221.9712
2017-04-28,6,215.9773,229.19660060934982,227.82661582971195,229.72949547175386,228.86779332328172,217.55511182803255,244.1308,228.0
2017-04-28,7,185.9808,227.71973876764122,224.319408573379,227.47480028900367,222.70817012615245,216.93192812784696,238.8281,222.0115
2017-04-28,8,209.9615,229.49766425367272,227.3085327154195,229.0809427985528,225.8285961562056,221.45508626155743,256.5526,234.0121
2017-04-28,9,203.9949,232.63351317218496,229.44580243915433,229.47050310953887,228.84117184444602,227.4132375320907,257.2545,245.9934
2017-04-28,10,209.9944,231.8552357328549,228.6183607847584,229.50627861047926,228.09135542152538,229.8528583645387,238.1975,246.0127
2017-04-28,11,209.9892,236.68102551747975,231.87425537963023,233.98740721515918,231.01938067086132,239.20648701478947,262.2441,221.9941
2017-04-28,12,228.0061,255.731019067117,259.3269582045492,255.57544401396603,255.22961238708203,255.29088115768283,304.6895,228.0
2017-04-28,13,293.9922,286.18526901439895,290.4653039658083,282.7139961335753,283.3085256603309,271.1757034445437,317.5174,293.9770000000001
2017-04-28,14,281.985,281.84108549066605,288.58747269259914,277.8233265428184,278.26447549513756,271.6934644926687,294.788,276.0
2017-04-28,15,281.9854,292.9159708217939,295.5988561169794,288.0495624126504,293.3779510799313,281.9129501912477,314.3214,287.9554
2017-04-28,16,281.9925,298.73995118834233,295.51384273441556,293.381769645019,292.2843838255646,287.80669857741196,334.2902,269.9577
2017-04-28,17,293.9848,298.5905261060801,294.23065549578484,295.2632648777573,292.89179739746123,289.5905355303031,325.0818,287.9851
2017-04-28,18,269.986,294.93009065747344,300.05435711912713,289.9230262299742,290.16960359033044,292.34921978969186,319.4163,299.9535
2017-04-28,19,282.0,301.21128073239436,299.6236526998944,296.2560538255123,295.86671202314113,290.3813827982142,336.0096,269.9788
2017-04-28,20,300.008,301.06185565013215,295.3835051485783,288.0627597070794,284.4338614113213,287.14396072687464,324.0844,305.9842
2017-04-28,21,257.9931,287.56128432055965,276.60255670070416,286.0325910047033,279.8368723148468,278.2603965511802,332.9381,258.0133
2017-04-28,22,233.9817,285.520317806636,277.8547122647567,278.50430870050553,277.56455606906565,266.17210883728916,314.6532,245.9939
2017-04-28,23,240.0064,258.3083105118088,254.97824452176474,253.68764628060825,254.44789159927396,248.203442332676,267.5174,239.95
2017-04-29,0,221.9652,231.39845707455876,226.70827903122668,228.89082507426494,235.78824385222936,238.9805928634451,265.7896,239.9812
2017-04-29,1,215.9773,227.32692279457663,231.91212349828407,224.18270799110198,236.01059245028827,231.6257972012355,277.0219,234.0062
2017-04-29,2,221.9885,225.6585571046047,225.0660270392505,222.22973379397772,233.19515172891985,218.71832350927556,246.6766,246.0
2017-04-29,3,221.9941,223.161125303182,224.94117710569407,221.00977463630997,232.81184497646564,212.42396734887242,253.2852,239.9936
2017-04-29,4,216.0058,222.64684094233823,221.6345130305291,219.41271333617925,230.86622461009642,205.04186687809644,242.5886,239.9872
2017-04-29,5,215.9888,216.35829373863083,214.7312990409704,215.53579420586556,226.81608808569712,199.9051421907434,236.225,234.0
2017-04-29,6,210.0056,214.9462571639388,214.72047575283955,215.02980459860018,224.10162442313933,195.3676004132082,227.6055,215.9773
2017-04-29,7,204.0051,212.7357211495136,215.06173510749832,213.24609658402358,220.02882403423345,192.35563205818212,221.3609,185.9808
2017-04-29,8,192.0051,212.56489438415127,215.75328547658623,213.24609658402358,220.0097172819199,199.9219327078804,233.0986,209.9615
2017-04-29,9,191.975,212.56489438415127,216.66561053067986,213.4199456867561,221.95533764828912,206.88856263196794,246.8488,203.9949
2017-04-29,10,197.9845,214.87123221587987,216.1632604501166,213.86690982851937,222.33864440074333,214.01202581285145,248.02,209.9944
2017-04-29,11,197.9845,215.22176780452875,216.425591868597,214.24414816124903,225.34778868269822,220.5478946916192,244.029,209.9892
2017-04-29,12,222.0118,219.87093483071473,219.24700816212683,219.15437992194416,230.75895874254368,232.23547174236262,255.9505,228.0061
2017-04-29,13,221.9826,222.73148941625925,225.45329516423305,230.06288299192406,237.90533173258277,247.87435006071678,265.8323,293.9922
2017-04-29,14,233.9637,222.44674330470417,227.13143366119175,227.36260375289532,232.49292946590538,250.46140357987866,249.4514,281.985
2017-04-29,15,209.9783,233.62623861714164,236.8626436415154,234.0810948561034,233.54563944004866,258.57551408208826,262.5118,281.9854
2017-04-29,16,227.9882,235.61646378880494,238.42455887785823,250.55459929849607,232.51203621821892,252.96681758897293,212.5167,281.9925
2017-04-29,17,210.0,243.6651523698604,245.13534497710305,253.36515949870582,235.86835981313254,259.30485195754454,229.4317,293.9848
2017-04-29,18,210.0056,250.03080286295912,251.5993178065838,250.6424732964588,235.733034435345,253.37054127525536,211.1154,269.986
2017-04-29,19,203.968,253.07835669076218,253.46223222192626,254.14643599851294,237.69537064353221,253.078714503144,216.1151,282.0
2017-04-29,20,209.9892,245.69564851928263,242.3180355352407,255.82148273812757,238.61086387159102,245.75738901825054,192.2996,300.008
2017-04-29,21,215.9777,242.59239051454432,237.39466106363406,250.27866381138045,232.1651879950847,237.79261928763924,204.0547,257.9931
2017-04-29,22,216.0058,233.58555079506232,228.74741364244187,244.3715091380973,228.98955182535954,228.96837914155543,210.0323,233.9817
2017-04-29,23,221.9826,233.63575679683981,229.10597737214033,245.50431530653034,231.98200589750138,220.8602419960116,210.0696,240.0064
2017-04-30,0,221.9941,228.06303190511073,225.25010696323687,222.1165272643289,227.10087158763048,219.33880404169315,209.8146,221.9652
2017-04-30,1,221.9885,222.43098297711165,224.97792289620236,216.31623977754575,227.1664535585856,207.46675374261935,197.9637,215.9773
2017-04-30,2,215.9719,220.53780671715208,223.02113479941204,213.73785688437187,225.4578515776632,203.11542745275904,215.7617,221.9885
2017-04-30,3,209.9671,215.34947020530825,220.24453419290654,212.6793912501431,225.05543807289544,199.5742154880192,234.2345,221.9941
2017-04-30,4,203.984,213.24510637486298,218.17998264090824,211.17253570202803,223.56181467147235,189.067149352954,210.4551,216.0058
2017-04-30,5,209.9562,210.98009813120433,214.6153527400389,210.46038046850873,224.35490984643306,186.66910272453322,215.6839,215.9888
2017-04-30,6,203.9891,210.98009813120433,215.02250357499622,210.46038046850873,223.7081622397851,184.96049798864533,216.0219,210.0056
2017-04-30,7,227.9643,208.76956211677913,215.19575803811802,208.67667245393213,219.71889295936677,179.65748626350145,185.9758,204.0051
2017-04-30,8,221.9538,208.76956211677913,214.97527420624382,208.67667245393213,219.6162550985657,188.6208006846004,222.4429,192.0051
2017-04-30,9,228.0,210.35964158638063,215.3253559164323,208.85052155666466,221.21251636078986,194.96292303868222,229.6989,191.975
2017-04-30,10,215.9773,215.9730721079383,218.163447431616,209.13599217498893,221.61492986555763,200.5522873699528,222.4276,197.9845
2017-04-30,11,221.9885,218.79828854543052,219.51441669584878,210.59372277976644,222.7630932343428,202.1205192239882,191.9798,197.9845
2017-04-30,12,216.0,220.9916093651551,221.08530166606943,214.32771731619007,224.93209265102047,223.68058754471127,252.0389,222.0118
2017-04-30,13,215.9665,223.70405180441983,221.30400030740063,219.30775861177904,226.11841923015936,232.51594094806632,258.1786,221.9826
2017-04-30,14,191.9853,224.19190098280447,221.1793467413063,224.0766963126461,228.3683882755763,237.23888914362416,240.7219,233.9637
2017-04-30,15,197.9845,231.56056163998235,226.04830030245003,227.07939823509773,225.1490982283499,234.8026962016421,209.9671,209.9783
2017-04-30,16,204.0054,242.93881305891952,236.38286133598865,238.33435403512883,228.3683882755763,244.08765154741417,228.6824,227.9882
2017-04-30,17,215.9888,241.34101989232707,237.26342739645165,236.67298841391133,225.2503784877556,243.13326860722506,221.9656,210.0
2017-04-30,18,209.9783,246.1768638943742,239.02404882486996,238.68931564751205,228.90934698705732,243.15910476001432,222.9743,210.0056
2017-04-30,19,215.9831,246.605447346653,240.931188657006,239.1293116533331,230.21068804054858,242.665413281784,235.8321,203.968
2017-04-30,20,227.9643,246.605447346653,240.81411420728134,239.1293116533331,230.0067699203418,237.50471747154762,229.3855,209.9892
2017-04-30,21,222.0,239.94471950760436,230.92154443356495,242.3640599603014,227.82899516533337,231.75300772060018,229.5105,215.9777
2017-04-30,22,239.9876,231.5999361603722,225.4252811339138,236.56447895603722,226.0017414049395,219.30551737757668,205.189,216.0058
2017-04-30,23,233.9575,231.75489232668417,226.59478652120876,233.67351023803894,225.91835243260567,216.8803102514062,235.443,221.9826
2017-05-01,0,234.0,247.8467787174463,245.21281608761316,244.3508968196296,240.35558574327692,244.35605819882386,186.0146,221.9941
2017-05-01,1,216.0112,243.97297950592483,242.3002562699475,241.2804137302171,240.42116771423204,239.4279926741542,203.968,221.9885
2017-05-01,2,209.9836,233.82761028868975,231.25351483301492,232.23320375063733,232.66948132749428,234.66601440083394,222.193,215.9719
2017-05-01,3,203.9735,233.7150379491557,231.85968796253826,231.11209793544757,232.28389515017344,221.78997569463638,191.9651,209.9671
2017-05-01,4,204.0,233.02404320574615,229.752146595585,230.00258215676538,230.33827478380422,219.7345522793471,210.1743,203.984
2017-05-01,5,197.9792,225.9076419601274,226.18751669471567,229.15111582371452,230.52565883065495,215.9289067226386,203.7359,209.9562
2017-05-01,6,203.984,225.70879178934004,224.3945297483776,228.14714367556005,229.878911224007,212.20952489308596,193.0863,203.9891
2017-05-01,7,209.9783,227.4198775104739,226.61590263504291,230.06387973536644,229.02540088232752,221.01360588877787,222.5631,227.9643
2017-05-01,8,209.9892,227.8655026534049,225.5401477907722,228.45631031049257,225.78700408278758,215.53551243059354,186.0,221.9538
2017-05-01,9,197.9898,229.97782349477055,228.98507656405602,231.16468831481848,231.0736591094978,221.7855824864726,191.985,228.0
2017-05-01,10,209.9618,228.3631091675252,227.61981198083416,229.42335148967032,227.91377338726483,234.4555782654807,233.411,215.9773
2017-05-01,11,216.0,241.15096086550716,242.87173316957922,237.19166588900018,235.24524662246964,248.73547631336106,269.7839,221.9885
2017-05-01,12,233.9942,257.1246486520194,262.89088097810856,262.8712505015454,263.56552030627165,262.23628394392443,305.9842,216.0
2017-05-01,13,305.9602,305.7084741121804,316.02243569994283,309.28869636873526,308.15362800277666,277.87090800520957,351.2294,215.9665
2017-05-01,14,293.9848,316.6689410243676,321.6161047017887,320.0103605514565,324.43098149498184,284.2799404008758,363.5255,191.9853
2017-05-01,15,275.9927,316.6689410243676,322.1376369288922,320.0103605514565,324.43098149498184,296.2105260801117,396.0282,197.9845
2017-05-01,16,269.9788,317.74383692348147,322.22473716287277,320.0103605514565,324.43098149498184,301.45078933177234,401.6624,204.0054
2017-05-01,17,336.0263,317.74383692348147,321.89460390658877,320.3368941119651,324.6904553135155,302.26025306851307,390.8559,215.9888
2017-05-01,18,276.0147,325.4458209595685,321.73836019771375,319.3448201829029,326.9585719246034,296.23935741823163,359.6562,209.9783
2017-05-01,19,287.9703,323.45538294120354,320.8341126045649,319.7332212581123,325.7125461041608,296.8743164568867,372.0445,215.9831
2017-05-01,20,318.0085,317.9974634570218,307.7819423362527,313.95715163402724,312.72685481511326,286.83406559156356,335.7964,227.9643
2017-05-01,21,269.9721,301.6406032583814,284.3505171768461,295.4105358079081,293.9303328168833,280.36709151108994,335.8516,222.0
2017-05-01,22,252.0,275.44545831531315,275.8367654461604,274.2494927880273,273.8819178870218,267.9320760652777,299.9455,239.9876
2017-05-01,23,227.9821,300.23859491571307,287.25212093066153,293.09988163118777,285.79097123814944,265.992574592309,335.3017,233.9575
2017-05-02,0,233.9754,244.91781869053648,249.64727778477604,246.73116722732127,248.15543107977237,253.89897129439032,305.4752,234.0
2017-05-02,1,227.9647,230.85769389430104,238.89866199032207,234.02249338137062,245.8282363922653,239.2501112785995,282.5062,216.0112
2017-05-02,2,221.9712,223.4070475215147,228.28501657006242,221.32920076224542,236.39400172255404,228.46510615362365,270.2587,209.9836
2017-05-02,3,221.9882,226.16481783112496,231.63263020402584,222.09438354021725,237.69096382820672,223.55878710256394,282.5563,203.9735
2017-05-02,4,227.9821,217.95386470016433,226.08500293991082,218.57267306357377,233.9601573180629,214.82505726695052,263.5749,204.0
2017-05-02,5,215.9719,215.35579338494423,219.93534780529353,217.07344041897633,231.51940672256697,212.20460443209137,269.6243,197.9792
2017-05-02,6,222.0055,218.1736776182794,223.42093789427804,219.12122253557692,232.65784525969363,214.1715331502686,282.9746,203.984
2017-05-02,7,221.9597,213.9243335848436,219.175690278002,214.55493631934465,228.3254783144641,161.5432707217612,0.0,209.9783
2017-05-02,8,215.9888,217.26780620016774,226.8359946679667,218.44858801160854,228.0044739236746,218.41938211302516,275.9672,209.9892
2017-05-02,9,198.0053,218.34823872685493,220.3464193551029,215.65574489879668,227.6736623669255,213.93538128449924,234.0219,197.9898
2017-05-02,10,215.9608,218.40835265057984,220.484395810124,216.6104304986809,227.97655591814816,223.38236041178823,245.9807,209.9618
2017-05-02,11,215.9777,228.9089031622994,232.57251077121688,223.2100150924129,235.34926630318637,240.1029537956883,294.0927,216.0
2017-05-02,12,251.974,251.89750736265364,248.13779669477364,262.551216164355,271.8849460848826,255.9923061186061,329.9488,233.9942
2017-05-02,13,270.0072,291.8773263886911,293.20419754991485,289.3857643556612,297.11797261313575,276.817633835175,365.9713,305.9602
2017-05-02,14,263.9727,298.162306223721,294.13501561805157,293.57997718236203,301.72512109665684,276.49083006844535,336.1699,293.9848
2017-05-02,15,293.9770000000001,301.3665048711573,309.3623981982923,306.83594461288686,313.2334595393983,285.9952401865367,366.8815,275.9927
2017-05-02,16,287.9923,311.8080585651435,317.019727274092,321.431863745266,313.2334595393983,289.22298743550635,367.2297,269.9788
2017-05-02,17,251.9937,303.48785310084025,309.64888118716635,308.9616823574592,298.30254993869454,289.46409617946813,326.5469,336.0263
2017-05-02,18,281.9854,314.75657860857507,325.51072176215513,322.8835347289083,314.20445024448094,291.61341196138636,374.4112,276.0147
2017-05-02,19,300.0,304.4374480491483,312.94902222516663,313.4472837240141,300.08707179330355,278.80257151633185,313.7421,287.9703
2017-05-02,20,281.9709,277.7972027098997,287.43898711308617,287.1541434992711,286.7690368959492,275.12035377904783,302.2982,318.0085
2017-05-02,21,240.0,276.08936632494743,279.38291807983495,290.23605961771074,278.5500303285009,261.8401747954069,288.0154,269.9721
2017-05-02,22,227.9939,270.46982111026733,275.48565819183773,277.6402086596585,268.99885995177294,250.43704475392508,275.9853,252.0
2017-05-02,23,227.9878,255.26794351221352,256.1706536917626,267.6934940346638,258.8148011117115,230.66848575919508,227.9643,227.9821
2017-05-03,0,221.9945,251.99359027246672,252.00678658015613,252.73481508144997,246.92468316411606,250.18631676622948,233.9879,233.9754
2017-05-03,1,215.955,240.74389881904943,241.02416512543152,249.66433199203746,246.45682987860826,239.61817168174096,227.9943,227.9647
2017-05-03,2,215.9885,235.8652057862229,235.53907890479243,237.50718072790414,235.88653614750518,228.60640159972155,215.955,221.9712
2017-05-03,3,221.9882,233.0347877836942,235.65204576214902,235.94099363555443,235.3792053570697,223.97592434136294,227.9525,221.9882
2017-05-03,4,209.9892,234.7755668311101,234.4901529390209,237.45387361997726,236.0437316536425,219.2618613360135,227.9882,227.9821
2017-05-03,5,197.9898,228.33235263802885,226.45734678061726,232.84469969082627,230.99283439520457,214.81665189465903,228.0179,215.9719
2017-05-03,6,198.0,228.1335024672415,226.02490516072504,231.8407275426718,230.36519354087017,211.89608173640966,216.0054,222.0055
2017-05-03,7,191.9952,225.9229664528163,224.98429994931686,230.2411335419839,226.27328639965074,212.87378772971465,216.0,221.9597
2017-05-03,8,198.0102,227.08364648251091,226.37203893544586,231.16809301870342,226.27328639965074,210.43777255993587,216.0,215.9888
2017-05-03,9,185.9758,227.08364648251091,225.39932356389875,231.34194212143595,228.21890676601996,214.74071778408876,221.9885,198.0053
2017-05-03,10,203.9735,229.9140644850396,227.75011484457315,232.13513419788117,228.52180031724262,222.68682463669927,221.9593,215.9608
2017-05-03,11,204.0054,233.01885232702668,230.70467172293684,236.3840510800444,233.73887053234978,234.50052705043515,245.9619,215.9777
2017-05-03,12,228.0,250.7466295546107,254.78094619106514,257.710113733983,257.87912352496426,250.09918045813157,269.9649,251.974
2017-05-03,13,276.0,277.3680175484712,288.5881006070172,276.85459817903944,275.1928841787275,266.1612473733431,306.0,270.0072
2017-05-03,14,251.9803,278.00711119746853,291.7773767384654,278.51038738212833,279.0140871859766,267.76949721138345,281.9925,263.9727
2017-05-03,15,257.9463,281.2154221975292,292.6563295027959,287.9660110706831,284.8470468566143,277.27690320205323,287.9928,293.9770000000001
2017-05-03,16,270.0,282.7658141908165,293.9292459055299,289.4661111151538,281.91484121663984,274.87816678633817,257.9867,287.9923
2017-05-03,17,311.9839,284.67093255364983,292.4011798000679,283.3199694157889,279.98536703638985,280.33130577403506,293.9618,251.9937
2017-05-03,18,281.9413,288.495128244428,290.5515662717844,286.79048125505415,281.750801710118,283.2720058496696,269.9438,281.9854
2017-05-03,19,269.986,280.73057031062166,290.9846455632281,289.6566656856498,279.29999618511994,281.4523820584035,263.9586,300.0
2017-05-03,20,305.9842,287.89569118325596,296.1970559204297,290.0710616683231,284.97818673438013,281.08353868734935,293.9692,281.9709
2017-05-03,21,275.9572,270.4455986033094,270.4768640213443,272.9717611279674,270.31904853975334,262.89623169256015,251.9933,240.0
2017-05-03,22,251.9937,269.3618560886832,266.95902355175656,268.53375654009267,265.4360143890514,251.8241477503534,239.9816,227.9939
2017-05-03,23,233.9575,264.30606320379417,264.01870822069174,262.9427629849034,258.58712296492837,243.22076177708885,239.9688,227.9878
2017-05-04,0,221.9593,248.40641958913744,248.41794956953865,246.02239039666094,242.85821731851757,253.02089082465204,257.96,221.9945
2017-05-04,1,209.9562,244.53262037761604,246.61696162916962,242.95190730724846,242.39036403300977,244.13907186629854,257.9463,215.955
2017-05-04,2,221.9885,234.17020939497618,235.28267969770897,234.2055906003043,233.99643324680054,234.21177607893702,245.968,215.9885
2017-05-04,3,216.0054,234.83905804813165,234.9450412632368,233.08448478511454,233.52731596099215,222.54879173076887,215.9942,221.9882
2017-05-04,4,209.9727,234.14806330472211,233.94603756079022,231.88158981584627,231.5625888423094,218.76602042166814,227.9643,209.9892
2017-05-04,5,204.0054,229.37215193257484,228.82052549433325,230.38235717124883,229.14094499912702,213.37999247135568,221.9712,197.9898
2017-05-04,6,215.9888,228.59555494258734,228.51858131447906,229.37838502309435,228.47509064016552,213.4180230266056,228.0,198.0
2017-05-04,7,204.0214,228.3710302049213,227.73627102935183,228.28401568006024,224.40229025125964,212.62082052442787,222.0115,191.9952
2017-05-04,8,197.9743,229.473939658328,228.13431657855295,229.21097515677974,224.3831834989461,218.17664440141272,234.0121,198.0102
2017-05-04,9,198.0,229.65065004089377,228.66338068694992,229.38482425951227,226.3288038653153,223.84901603447787,245.9934,185.9758
2017-05-04,10,216.0058,229.45575737081592,229.2215029532963,230.1780163359575,226.63169741653797,231.37222527725953,246.0127,203.9735
2017-05-04,11,227.9582,240.07671920733335,241.2903254319341,233.396237528461,231.88698113627223,233.4926544069209,221.9941,204.0054
2017-05-04,12,251.9933,246.99024698699742,249.25867301517346,252.17558581954495,253.25042907215015,243.97837202958755,228.0,228.0
2017-05-04,13,281.9413,276.70635790229335,277.21494147738434,271.64950348905194,273.2790832837256,268.03233440936134,293.9770000000001,276.0
2017-05-04,14,281.9633,280.49468091937257,279.95386717697,276.4517077704531,274.68373294564276,268.60059878082023,276.0,251.9803
2017-05-04,15,282.0,279.94987056425936,278.3940223157595,273.39261595619337,277.61593858561724,276.55798402976734,287.9554,257.9463
2017-05-04,16,269.9788,278.63606285023377,274.4040178494657,276.5839049530622,275.9475056152041,277.8126467803661,269.9577,270.0
2017-05-04,17,269.9721,263.12612131106556,256.7827655083953,275.6377660746551,270.7542366849263,286.93129464449595,287.9851,311.9839
2017-05-04,18,281.9779,284.3918137526396,287.2919897283011,281.9686702257516,283.30139406419704,286.2746384060831,299.9535,281.9413
2017-05-04,19,288.0,277.6462931235904,276.0624963248751,277.09167440212127,277.6639848280977,277.1282903158813,269.9788,269.986
2017-05-04,20,258.0133,273.0138552383523,272.3212648459027,280.2512629579942,274.12385343812747,283.1807181955479,305.9842,305.9842
2017-05-04,21,282.0075,266.76337209456346,267.442809654842,267.4536733208678,272.689728167392,265.3006985855586,258.0133,275.9572
2017-05-04,22,245.9807,262.2431180294527,260.84626765605543,258.86157109157074,263.6785492647364,253.54249004932822,245.9939,251.9937
2017-05-04,23,239.95,256.30689647596216,254.64533583000392,252.94566728554264,256.07809380812876,242.60321282631196,239.95,233.9575
2017-05-05,0,263.9657,248.5608169724093,249.21306506757554,247.8802703485904,242.7549581770348,256.8672807363656,239.9812,221.9593
2017-05-05,1,245.9488,245.99841619834396,244.3302960405107,244.80978725917777,242.287104891527,246.61393433027717,234.0062,209.9562
2017-05-05,2,222.0,236.79744480130879,238.93247227054886,235.76257727959805,234.94588407946102,242.7028757518675,246.0,221.9885
2017-05-05,3,239.9812,234.68749589442513,236.25432877107326,234.64147146440828,234.4576600413391,234.76423504416698,239.9936,216.0054
2017-05-05,4,233.9513,234.17321153358137,232.36837968487654,233.43857649514,232.51203967496988,229.45083180182644,239.9872,209.9727
2017-05-05,5,222.0,232.051007781397,227.39875964171458,231.93934385054257,230.07128907947396,224.75788910009857,234.0,204.0054
2017-05-05,6,215.9719,231.2744107914095,229.82695122436633,230.9353717023881,229.44364822513955,221.36012962816795,215.9773,215.9888
2017-05-05,7,234.0121,231.04988605374348,226.1333914973487,230.10060516483398,225.32850889991667,215.3679782114097,185.9808,204.0214
2017-05-05,8,227.9704,231.13186230218952,226.1699506319824,230.3168504072657,225.32850889991667,228.2731449031805,209.9615,197.9743
2017-05-05,9,209.9671,231.13186230218952,226.1699506319824,230.49069950999822,227.27412926628588,231.44103864793652,203.9949,198.0
2017-05-05,10,228.0118,234.2366501441766,231.31185226948898,231.58034155551766,227.57702281750855,239.84668627852477,209.9944,216.0058
2017-05-05,11,252.0,245.38261436900194,241.2682490790246,237.70178250209648,234.8809158408391,247.37282972319775,209.9892,227.9582
2017-05-05,12,233.9942,256.13106664408497,252.65797635173945,254.89471019768357,255.2668352266818,259.8322449310394,228.0061,251.9933
2017-05-05,13,228.0,283.33188507182797,286.7769146519327,277.8826978145045,274.22853411638613,281.86802291854247,293.9922,281.9413
2017-05-05,14,245.9615,287.90047016644377,294.9335490942771,281.4392314670919,281.28150767213253,285.52627016579396,281.985,281.9633
2017-05-05,15,305.9842,287.90047016644377,295.00036522414706,281.4392314670919,281.28150767213253,290.37844346869866,281.9854,282.0
2017-05-05,16,275.9853,287.2121407610903,292.86454774618164,278.52196259259057,279.94200348037367,292.6196512103037,281.9925,269.9788
2017-05-05,17,258.0138,289.26641973255545,293.81244562701437,282.4259113305824,280.9132833307869,296.52134745540883,293.9848,269.9721
2017-05-05,18,282.007,279.8879110716728,287.2831361532612,281.8237803432124,280.1912233859788,286.56737618891856,269.986,281.9779
2017-05-05,19,275.9784,279.8162247417275,292.9361228423595,283.73848765104884,283.8930671889283,287.1819745959151,282.0,288.0
2017-05-05,20,251.9937,281.1909924498082,289.5924059306337,282.2927333495598,279.4953035218751,283.7330806556601,300.008,258.0133
2017-05-05,21,257.9798,268.7797467838051,274.9421878595158,271.0574397609069,273.63917900005254,272.25729216501304,257.9931,282.0075
2017-05-05,22,257.9665,263.30110211465177,262.5626073307966,260.7376959366374,264.6280000973969,257.3365956886268,233.9817,245.9807
2017-05-05,23,252.0,257.6543484787516,254.46849586048333,254.62456858783102,257.77910867327387,250.1369603786226,240.0064,239.95
2017-05-06,0,239.9876,240.44558571175827,236.36592795559415,241.63621041496643,240.17535264978605,220.27049624986705,221.9652,263.9657
2017-05-06,1,246.0,240.20543677164463,235.1182421005818,239.52697004185626,239.70749936427825,209.1634563756017,215.9773,245.9488
2017-05-06,2,233.9758,235.01388413588938,232.60613827473279,236.00747796056473,233.3633399674068,200.46737952332202,221.9885,222.0
2017-05-06,3,215.9942,237.8263923385512,233.2419303155416,237.95384491910386,237.3880231971648,195.69498982028978,221.9941,239.9812
2017-05-06,4,204.0,235.88908864128013,230.23123759807962,236.22384030613077,234.3754475089244,189.06091322512435,216.0058,233.9513
2017-05-06,5,191.9853,231.19947999518772,225.13651536848522,232.3932970684166,231.2217968954341,184.8382356178112,215.9888,222.0
2017-05-06,6,191.9949,230.42288300520022,222.78611781150775,231.3893249202621,230.55181710478269,182.01761946249917,210.0056,215.9719
2017-05-06,7,216.0,231.8062965472572,219.34531837433548,232.39473829019985,229.8009446239043,183.46657979856772,204.0051,234.0121
2017-05-06,8,191.9853,232.24914283976918,219.27211781003908,232.39473829019985,229.8009446239043,183.4187311151019,192.0051,227.9704
2017-05-06,9,192.0048,230.70131848377108,216.56113699639843,229.77946600841804,228.40553032993247,186.20899319106746,191.975,209.9671
2017-05-06,10,185.9857,232.71696210294667,220.0490674181543,232.85405801125665,232.12987174272772,194.85029261958454,197.9845,228.0118
2017-05-06,11,191.9802,237.15784040011428,222.58669361406237,234.66681092381927,235.19116234501067,203.77351087325627,197.9845,252.0
2017-05-06,12,191.9853,233.74004667285737,221.39806677363015,236.1213708473391,236.43818323693523,213.72975259999996,222.0118,233.9942
2017-05-06,13,203.9844,232.72957026588867,223.1934359241497,235.61611831330904,236.20345985498003,220.05497322300317,221.9826,228.0
2017-05-06,14,216.0,233.4403409744067,222.51121309401262,235.07949177582378,234.87374841407095,230.25179268669143,233.9637,245.9615
2017-05-06,15,221.9767,228.97748700021924,224.3592436776399,238.5552150101448,236.83099803156153,236.36797377821676,209.9783,305.9842
2017-05-06,16,191.9853,236.78557369824284,228.63269475323958,239.42118732911732,238.70074722436615,240.5447263494137,227.9882,275.9853
2017-05-06,17,198.0102,233.71040217309573,224.90359263757048,235.44675984629478,235.6317975197676,237.13806533697755,210.0,258.0138
2017-05-06,18,197.9898,237.94905810263757,237.34448602083268,243.3386111043058,243.13687158167807,239.11890387987145,210.0056,282.007
2017-05-06,19,198.0102,238.56376934063766,239.1078353637491,243.05493766330895,244.43821263516932,235.11272017636395,203.968,275.9784
2017-05-06,20,191.9952,235.48859781549055,232.58840272202417,238.90705523387103,240.75081453090132,229.82225460489366,209.9892,251.9937
2017-05-06,21,203.9735,234.25651264882643,231.8727092298545,237.74895740000048,239.26590393713764,225.66537486654454,215.9777,257.9798
2017-05-06,22,191.985,234.56270664258017,231.69225802159266,237.74895740000048,236.84183179989728,218.48910450441747,216.0058,257.9665
2017-05-06,23,191.9798,235.21484134676453,232.72291180320525,238.50129514573928,239.21939181036402,211.01837465549264,221.9826,252.0
2017-05-07,0,192.0051,225.092882371532,230.37506227424814,218.70874072831336,232.36024564286134,209.2304698503326,221.9941,239.9876
2017-05-07,1,197.9845,222.15331387372473,226.8933950830458,217.47483697220542,231.89239235735354,201.4288188071185,221.9885,246.0
2017-05-07,2,191.9699,206.26867818430753,214.94104214110774,214.65085823185666,219.91851006637833,191.4643087357444,215.9719,233.9758
2017-05-07,3,191.975,207.1591012486704,214.4116779012664,211.38577743477907,217.11088035482743,182.0981356179924,209.9671,215.9942
2017-05-07,4,197.9845,206.46810650526086,214.00748597930072,209.878921886664,215.4955123402897,174.8499123391865,203.984,204.0
2017-05-07,5,197.9951,202.02525820467503,212.05879061042302,209.64621372457665,219.68100106175038,171.73180250695998,209.9562,191.9853
2017-05-07,6,197.969,201.24866121468753,210.51775351895387,208.64224157642218,219.35934879293765,169.46815954750727,203.9891,191.9949
2017-05-07,7,185.9808,201.0241364770215,210.25154379337806,208.76036797817375,215.27156708340814,177.22280868097351,227.9643,216.0
2017-05-07,8,210.0164,203.67784409698442,210.9982451748835,208.76036797817375,215.2906738357217,176.67142606556297,221.9538,191.9853
2017-05-07,9,203.9735,203.8545544795502,212.3664472036944,208.93421708090628,216.88693509794587,182.36952779127108,228.0,192.0048
2017-05-07,10,203.9786,202.7779628045691,212.3664472036944,209.21968769923055,217.28934860271363,185.37871911396567,215.9773,185.9857
2017-05-07,11,215.9888,218.51261334682187,223.31741062373135,212.44033365478475,226.568491854773,193.8504878689364,221.9885,191.9802
2017-05-07,12,203.9735,223.97457862424272,232.54373375577418,221.6352809981024,236.72061951772173,199.8440469454235,216.0,191.9853
2017-05-07,13,203.9895,229.02034228253996,234.47938699041103,225.92746652387018,240.95885134405404,207.9463463395864,215.9665,203.9844
2017-05-07,14,203.984,228.5494552087741,234.9492000466302,225.8743591936665,243.08947157011588,210.79114675947054,191.9853,216.0
2017-05-07,15,222.0059,228.5494552087741,234.9492000466302,225.8743591936665,243.08947157011588,217.65089995107977,197.9845,221.9767
2017-05-07,16,227.9825,228.81951640746314,235.90616213938182,225.92088254118383,243.08947157011588,219.59087517474586,204.0054,191.9853
2017-05-07,17,215.9662,228.81951640746314,237.12317839196044,226.0943374877992,243.8748782915059,224.2024723218595,215.9888,198.0102
2017-05-07,18,215.9777,229.14459425770974,237.61582543790286,226.85527834303508,247.5297213591177,222.79359046015296,209.9783,197.9898
2017-05-07,19,221.9826,230.59771204985796,239.1114652864055,227.32488472030275,248.5291992587772,221.6461549163126,215.9831,198.0102
2017-05-07,20,221.9712,230.59771204985796,238.99439083668082,227.32488472030275,248.64969321249086,219.1449373828736,227.9643,191.9952
2017-05-07,21,227.97,229.36562688319384,238.09193101254317,227.42399573855957,247.16065718703726,213.20696006639395,222.0,203.9735
2017-05-07,22,221.9826,229.98729735973203,237.80772680821627,227.42399573855957,245.19255206121522,208.27090642400756,239.9876,191.985
2017-05-07,23,215.9665,230.45818443349788,236.23587253091557,227.47710306876326,243.03869965114993,198.9767936390047,233.9575,191.9798
2017-05-08,0,222.0115,251.04391617685673,247.72356405774187,242.57992611298886,244.33099001315605,253.32312424231492,234.0,192.0051
2017-05-08,1,209.9727,248.4815154027914,246.7016588294058,240.23023620405098,243.8822434799618,242.58552148983182,216.0112,197.9845
2017-05-08,2,227.9761,238.95034097109078,238.8688509391257,233.16344689838132,235.87975747548373,233.65506678060643,209.9836,191.9699
2017-05-08,3,227.9704,238.10335638345336,236.8379112488081,232.04234108319156,235.3915334373618,226.3798613751236,203.9735,191.975
2017-05-08,4,227.9761,236.0359060368521,234.28415868505016,231.03668613742684,233.4459130709926,222.28041171419756,204.0,197.9845
2017-05-08,5,239.9688,234.2467653562292,231.06937053935874,230.18521980437598,236.785791263589,218.1909739295529,197.9792,197.9951
2017-05-08,6,239.9812,234.04791518544184,230.76742635950455,229.1812476562215,236.46413899477628,218.281101058862,203.984,197.969
2017-05-08,7,221.9771,233.8795304568534,230.84435311181005,228.9943061582416,232.37223185355685,219.15537007654927,209.9783,185.9808
2017-05-08,8,227.9943,235.65965658335688,231.25872798895946,229.97713191595597,232.37223185355685,232.73920952074735,209.9892,210.0164
2017-05-08,9,227.9764,237.73370552114017,233.29243704373388,230.36714722297614,234.31785221992607,234.10524006912428,197.9898,203.9735
2017-05-08,10,245.9488,238.58069010877762,235.3233767340515,231.9681696902472,234.62074577114873,241.86337824116526,209.9618,203.9786
2017-05-08,11,233.9754,249.47606182988122,245.19626064491962,243.53557701376377,241.15055479908506,250.43129989676945,216.0,215.9888
2017-05-08,12,293.9848,267.12268352247736,258.0405279703967,261.8722721012677,264.95950845209114,259.3787760408279,233.9942,203.9735
2017-05-08,13,377.9408,294.7165469858707,286.2679929926386,278.5559334765653,283.7782422193517,279.6244403383658,305.9602,203.9895
2017-05-08,14,323.9914,299.7820647783609,292.10929619180496,286.06035094132693,295.3970635308293,283.1664091401972,293.9848,203.984
2017-05-08,15,365.9433,299.56548425507094,293.49270838489167,286.66365859645913,290.8003216404016,286.15940611231474,275.9927,222.0059
2017-05-08,16,348.0093,297.92946037640496,285.667129810224,285.3935359049333,292.9176343517676,288.85678373598756,269.9788,227.9825
2017-05-08,17,317.9587,332.45631225902025,315.20917907457215,318.4522912369104,330.03805144344403,301.9243279504676,336.0263,215.9662
2017-05-08,18,347.982,287.7102189634675,289.31685647419124,281.4287488576461,292.84029150780907,281.4455007955265,276.0147,215.9777
2017-05-08,19,317.9666,285.59766934523293,292.33864161721607,280.12422028978386,296.87365452693984,282.06423789626285,287.9703,221.9826
2017-05-08,20,276.0069,307.9677744805815,307.19753148656076,300.00542105704557,313.4159602475916,283.77604688043954,318.0085,221.9712
2017-05-08,21,293.9618,270.0429773069506,270.37200605642744,267.3375695297461,284.03117822429465,269.5404984891502,269.9721,227.97
2017-05-08,22,257.9931,266.27262108733544,263.26180809272387,259.33105653020846,275.98103723532506,258.69365666911244,252.0,221.9826
2017-05-08,23,252.013,262.48193899661555,259.41139779631214,251.8327503062966,264.93290268195017,245.86781349250327,227.9821,215.9665
2017-05-09,0,233.9696,248.82667759974993,252.34302310933452,247.74623245729018,248.05517807005248,265.3361914991201,233.9754,222.0115
2017-05-09,1,234.0183,246.07114722453318,247.89768691334777,244.67574936787767,247.58732478454468,255.23997482419855,227.9647,209.9727
2017-05-09,2,227.9821,239.83334892297594,242.19227150530318,238.83598491328098,241.90167323638784,248.60340234695576,221.9712,227.9761
2017-05-09,3,233.9696,237.61733059976828,239.53537598911262,237.55338557465222,241.4134491982659,242.5112278823903,221.9882,227.9704
2017-05-09,4,227.9882,235.81460196481478,237.8764861666141,235.6528567082576,239.9523910211543,239.01443955068032,227.9821,227.9761
2017-05-09,5,227.9821,232.96723220908183,232.87869602720065,233.01140101671766,236.152815939345,234.91724679445255,215.9719,239.9688
2017-05-09,6,228.0057,232.76838203829448,232.44625440730843,232.00742886856318,235.50606833269705,235.0215952192834,222.0055,239.9812
2017-05-09,7,233.9942,230.5344217502664,230.8382519735617,228.5873192721638,227.81713686216165,234.1713693138073,221.9597,221.9771
2017-05-09,8,221.9885,231.868735102755,231.304520399998,231.35731037907595,230.05287071670483,245.65909244074976,215.9888,227.9943
2017-05-09,9,233.9938,234.1265383571047,230.11421213561542,231.5311594818085,228.4063171301961,246.42125393659364,198.0053,227.9764
2017-05-09,10,264.0,237.32516622438308,233.94726871824378,232.99800625902046,233.36833995616792,256.9771600556315,215.9608,245.9488
2017-05-09,11,257.9733,245.1973531001903,241.9171117822867,236.8009191362817,235.964733722765,262.1090303546427,215.9777,233.9754
2017-05-09,12,336.0174,266.3553048395393,269.89024502710873,266.9270730637225,266.31290383933595,281.2126446215443,251.974,293.9848
2017-05-09,13,359.9628,309.76572696821444,303.4935624900872,309.02501251046186,315.16246786710457,298.9696314854014,270.0072,377.9408
2017-05-09,14,299.9845,293.6156221763524,295.8555204824736,295.6897050710929,300.2703532114432,298.5557832142391,263.9727,323.9914
2017-05-09,15,306.0158,312.5550868154838,311.84970081973546,315.98270679939895,326.8634295654218,312.94280327599483,293.9770000000001,365.9433
2017-05-09,16,317.9587,295.66246420089703,299.47875179409897,297.92642819732316,302.8604110158003,313.38079487168824,287.9923,348.0093
2017-05-09,17,287.9472,297.7319587378689,296.3035791913633,295.10391858713524,299.82826850466904,305.22086208598984,251.9937,317.9587
2017-05-09,18,257.9798,290.5221241200547,300.16848579023707,297.7970794211009,305.1003150219513,304.01614841755014,281.9854,347.982
2017-05-09,19,288.0077,290.08609479894443,298.2891825367276,292.9500069733626,302.2344598545971,302.42288725373504,300.0,317.9666
2017-05-09,20,275.9927,279.20031373445016,293.9547661359129,278.01383682964183,287.2862646342246,291.0221748979404,281.9709,276.0069
2017-05-09,21,264.0,270.7477835952989,284.23918071868917,275.0586191159814,280.7365180333538,279.09146035113736,240.0,293.9618
2017-05-09,22,239.9812,261.2136756269196,261.4771081011217,260.20418508368255,269.60653687782104,266.60678581737636,227.9939,257.9931
2017-05-09,23,227.9525,257.29061184488967,256.02905826049624,255.2951675647915,262.4730837576904,258.4140628441153,227.9878,252.013
2017-05-10,0,215.9604,250.95025235071913,251.059513674926,252.30133988880513,248.52519797982967,250.31607241463547,221.9945,233.9696
2017-05-10,1,233.9696,248.19472197550238,248.71137123362612,249.23085679939263,248.05734469432187,241.23578646878883,215.955,234.0183
2017-05-10,2,227.9821,238.9937505784672,240.8785633433461,240.18364681981285,240.07809087384726,233.39502183769036,215.9885,227.9821
2017-05-10,3,233.9696,237.06815735547661,238.33013342172262,238.9010474811841,239.58986683572533,228.91987870764177,221.9882,233.9696
2017-05-10,4,251.9937,236.3440373558763,236.87916845584414,237.69815251191582,234.05207251647818,221.3512578128833,209.9892,227.9882
2017-05-10,5,227.9939,233.5498283131614,232.44103991958497,235.21317955377992,230.87991474525822,216.08841600166414,197.9898,227.9821
2017-05-10,6,234.0062,233.35097814237406,232.00859829969275,234.20920740562545,230.23316713861027,215.02681128690307,198.0,228.0057
2017-05-10,7,233.9634,233.12645340470803,231.04517433518106,233.85013082715213,225.84692484448925,215.30012917431816,191.9952,233.9942
2017-05-10,8,239.9812,232.2708634684937,230.77575371725789,233.38608292411698,223.7792087885794,225.27039201832372,198.0102,221.9885
2017-05-10,9,251.9803,233.70755625642934,231.0461915513097,234.95093940660416,227.79254521085846,228.36609407907827,185.9758,233.9938
2017-05-10,10,257.9527,237.54971964166143,235.48971509640998,238.29216212351662,229.16239408395234,240.1472692884319,203.9735,264.0
2017-05-10,11,234.0183,247.01502119935108,244.02081649275263,241.70366040409084,234.40019431979738,245.94333728731493,204.0054,257.9733
2017-05-10,12,269.937,273.91229679177513,275.32108575933415,280.7695641270394,276.7236061229047,264.55289537318436,228.0,336.0174
2017-05-10,13,299.9375,313.5880796988803,316.31784366845176,320.9450210037175,319.37569298526654,282.5294056824967,276.0,359.9628
2017-05-10,14,275.971,289.9478220642252,295.971357664817,291.3704618211915,284.0731936352939,278.2137013094936,251.9803,299.9845
2017-05-10,15,282.0075,290.9028098861211,296.03817379468694,290.67042321024223,284.0731936352939,284.72439175392554,257.9463,306.0158
2017-05-10,16,281.985,299.42123843635625,304.34633251798675,304.410293555236,301.19895060957964,291.48214308551184,270.0,317.9587
2017-05-10,17,293.9922,304.4454616699187,309.55357716919247,302.5595115321659,302.417200358051,298.28752778356954,311.9839,287.9472
2017-05-10,18,263.9723,279.39867235331747,289.9795160008413,279.2801218620611,284.94705932873205,282.15369486753093,281.9413,257.9798
2017-05-10,19,306.0158,284.3772512603234,294.97288929091656,289.77623420295873,286.7796091834994,280.4402351546229,269.986,288.0077
2017-05-10,20,275.9858,283.8086995250736,293.02699392584867,286.27489911899363,288.5272325920731,282.1390302178278,305.9842,275.9927
2017-05-10,21,275.9858,268.66518763582303,277.1219859434224,272.2895965160845,275.40025039060356,269.61775405754656,275.9572,264.0
2017-05-10,22,251.9672,262.34048626705373,266.0765026416947,264.1433901773167,268.9923483492681,255.8763729198355,251.9937,239.9812
2017-05-10,23,233.9879,256.890026688781,257.6937949512851,257.76515691391546,260.83692902580844,243.563485650907,233.9575,227.9525
2017-05-11,0,227.9882,249.48256786637006,247.40851109769088,248.59877238394282,244.2283183738627,252.05447973358878,221.9593,215.9604
2017-05-11,1,233.9942,248.6513798857264,245.65897553634048,248.16125174016665,246.34737956729344,243.35342629971973,209.9562,233.9696
2017-05-11,2,246.0193,239.45040848869124,236.27601989546554,239.11404176058687,239.02939093923092,237.66046291386388,221.9885,227.9821
2017-05-11,3,257.9596,237.34045958180758,235.27773772443695,237.38636114479817,238.541166901109,230.7622129995189,216.0054,233.9696
2017-05-11,4,251.9866,237.5832736672833,234.00610001748583,236.005011052921,237.63926967260753,226.48475519731647,209.9727,251.9937
2017-05-11,5,239.9752,233.85525579568315,231.80462222716852,232.5859027140049,234.49508451531779,220.0638842710997,204.0054,227.9939
2017-05-11,6,209.9727,233.07865880569565,231.96807910648494,231.58193056585043,233.8715690926733,221.83266027607922,215.9888,234.0062
2017-05-11,7,215.9773,232.85413406802962,231.1857688213577,229.7719446039216,229.7564297674504,220.4214745560948,204.0214,233.9634
2017-05-11,8,209.9674,233.64800150246938,230.73420831225374,231.98768680324972,230.82338508932162,226.83322715859515,197.9743,239.9812
2017-05-11,9,210.0112,233.64800150246938,230.73420831225374,232.16153590598225,232.76900545569083,232.3358295529231,198.0,251.9803
2017-05-11,10,215.9719,236.75278934445646,232.1374490701771,233.4152222176154,233.09513119091696,241.99654717570408,216.0058,257.9527
2017-05-11,11,0.0,246.15301080119428,242.15917683713718,238.37972655425722,237.24686935257725,248.54679649710206,227.9582,234.0183
2017-05-11,12,275.9784,256.7738301604033,257.77793973448706,259.8083253396914,260.11615792526635,263.37898317830377,251.9933,269.937
2017-05-11,13,263.9727,276.8162966008262,279.86560269165693,279.1368657671949,276.37456194389614,278.6329218402849,281.9413,299.9375
2017-05-11,14,264.0136,285.27476184903895,291.1888139590555,283.92138700047303,284.1982996190327,282.4442160194328,281.9633,275.971
2017-05-11,15,323.9665,285.4138728779622,292.4424809936231,285.35276638031957,284.1982996190327,287.9517899023437,282.0,282.0075
2017-05-11,16,282.007,283.8317301375171,286.81149428456706,285.50005430411426,281.15325258652365,289.08261013407486,269.9788,281.985
2017-05-11,17,263.9793,285.30059090127446,292.6514122900824,290.20819945875894,283.1324541333736,291.8564171194339,269.9721,293.9922
2017-05-11,18,293.9922,280.44899114158886,291.3864619156543,280.06659689264796,282.32606355509284,286.7866866949138,281.9779,263.9723
2017-05-11,19,269.9788,283.4320588828088,289.75355502740103,289.7002510132784,287.92073969226885,289.6171627502204,288.0,306.0158
2017-05-11,20,263.9798,281.0183899056679,283.6265047125206,283.7696486488473,282.1794727681916,276.9409614267578,258.0133,275.9858
2017-05-11,21,251.9605,273.3310532173748,274.47362500195237,275.0904392954159,279.60101797946174,275.77811310571064,282.0075,275.9858
2017-05-11,22,227.9643,264.3595058865515,262.27349518486324,263.9679493593384,267.5447920442971,259.5982437136196,245.9807,251.9672
2017-05-11,23,228.0,257.7763172054197,254.60159164535284,255.5320350367111,259.3893727208374,248.8721170852047,239.95,233.9879
2017-05-12,0,228.0061,248.69013485469804,242.32109621070947,247.87883633640453,240.19855502167218,259.5887041182883,263.9657,227.9882
2017-05-12,1,221.9538,244.9796166575855,239.63493202052783,243.88944314804826,238.6779917620211,248.75052507729714,245.9488,233.9942
2017-05-12,2,233.9817,236.53574370686982,231.28626304548726,236.54595856036315,232.42283302413986,237.99146763829563,222.0,246.0193
2017-05-12,3,251.9933,234.61015048387924,228.9485586970003,235.2633592217344,231.9155022337044,236.3464943610582,239.9812,257.9596
2017-05-12,4,227.9882,235.14697784315308,227.73383078276126,233.46345646293972,229.96988186733518,229.90529171221118,233.9513,251.9866
2017-05-12,5,210.0164,232.35276880043818,223.2957022465021,229.430054599222,226.4483351078997,223.51676111256148,222.0,239.9752
2017-05-12,6,227.9878,229.56673626008865,224.97361124591512,229.7984171896618,222.49889832483737,218.48232037139417,215.9719,209.9727
2017-05-12,7,221.9945,229.34221152242262,222.95808854819097,228.1821550829447,218.3878844313044,223.36040549722014,234.0121,215.9773
2017-05-12,8,210.0,229.73895869025085,224.26723024791133,230.18218607401926,218.3878844313044,231.112260098038,227.9704,209.9674
2017-05-12,9,227.9882,228.66236701526978,224.26723024791133,230.3560351767518,220.3293793659837,231.9602022260237,209.9671,210.0112
2017-05-12,10,233.9754,231.58279917336378,225.89658207595718,231.90617145745915,220.63639834889628,241.51649144225007,228.0118,215.9719
2017-05-12,11,269.986,258.54022296711634,249.66102839023176,247.88235882830926,242.4671471600802,232.24034531192194,252.0,0.0
2017-05-12,12,311.9917,257.4395103548785,248.10470248177066,257.7307813480087,252.08928835243665,261.39249423072334,233.9942,275.9784
2017-05-12,13,305.9679,269.40058374027126,255.15686853415184,266.7439465616433,258.18835205845784,265.69470768406495,228.0,263.9727
2017-05-12,14,330.0,274.9293260731986,263.0590012863319,272.727152128346,268.9848664610058,275.0592013497012,245.9615,264.0136
2017-05-12,15,335.9563,263.4985317485891,237.6998798814098,258.64356323936767,272.993780734697,296.98540128929847,305.9842,323.9665
2017-05-12,16,299.945,284.21090492559256,270.1859187076101,278.62918438507455,275.0882971944192,290.661150719941,275.9853,282.007
2017-05-12,17,341.9379,276.15437509378353,259.7614871676876,271.1288806162687,270.2414945553559,287.1295210212397,258.0138,263.9793
2017-05-12,18,311.9756,267.89850183951205,257.83461451091966,269.5297129705027,280.11617353873436,287.4419194821055,282.007,293.9922
2017-05-12,19,305.9602,277.03464131626345,269.0839343416891,275.00744558546387,275.80879104178797,281.7936358099258,275.9784,269.9788
2017-05-12,20,287.9698,268.9815142666011,259.03937211564136,269.3256648534387,270.0110866426738,272.57154984150117,251.9937,263.9798
2017-05-12,21,263.9864,260.2662836101325,254.1224793716547,260.34210174953853,265.44029479557815,266.92203990207406,257.9798,251.9605
2017-05-12,22,239.9872,259.18254109550634,252.44272975163793,256.4918817977844,261.14419452774337,257.74467960469127,257.9665,227.9643
2017-05-12,23,245.9807,253.67492137086398,243.18255645936128,249.69896517472327,250.609932839116,248.84840336130256,252.0,228.0
2017-05-13,0,245.9934,238.21489539469815,231.86520336745392,238.82616267593596,238.46903785315803,235.33617620154934,239.9876,228.0061
2017-05-13,1,246.0127,236.28560002195312,235.1239238791789,235.21551122653494,235.3910379047082,227.9900441990922,246.0,221.9538
2017-05-13,2,252.0063,236.73607790795492,233.87099746910576,237.0775994313044,236.065015152991,219.5360973942451,233.9758,233.9817
2017-05-13,3,0.0,237.1834739016811,233.22717594177897,236.51843275905014,236.26410153315038,211.60051422484213,215.9942,251.9933
2017-05-13,4,0.0,235.29113366772555,231.5968837169731,234.82879319075371,229.65935189203202,202.3436691058762,204.0,227.9882
2017-05-13,5,0.0,230.43432836163055,224.88763140227036,230.95281285286316,223.95611649961205,195.39410402581592,191.9853,210.0164
2017-05-13,6,0.0,230.73904693264853,225.64337605440036,231.33984808446334,225.37708494887394,196.01470774424627,191.9949,227.9878
2017-05-13,7,0.0,229.43320663397702,224.78118825360096,229.40565011234665,222.80963570462262,200.9060085244098,216.0,221.9945
2017-05-13,8,197.9845,227.67230039901318,223.05007378813775,229.40565011234665,219.21746175174468,197.86903293582344,191.9853,210.0
2017-05-13,9,209.9618,229.09410861808735,222.43848600483736,230.97050659483384,223.23079817402373,203.8312731827081,192.0048,227.9882
2017-05-13,10,221.9885,230.52123588171727,222.9768206566537,232.71296002836954,223.61410492647795,208.76621629792965,185.9857,233.9754
2017-05-13,11,215.9662,235.28945851930376,228.7206801421662,235.0541049306227,228.93507656442588,219.64281505383713,191.9802,269.986
2017-05-13,12,228.0061,240.4870585560115,231.50009073676543,233.95859530725366,231.2042354523594,230.28469036673306,191.9853,311.9917
2017-05-13,13,204.0105,235.88238534699892,228.46075144249218,230.9568643899424,227.08551613444186,238.56452675986975,203.9844,305.9679
2017-05-13,14,0.0,230.46148509612325,218.34013133751847,229.09869108152154,236.5364753992566,249.0166666710895,216.0,330.0
2017-05-13,15,0.0,226.8712138429853,219.03316902351014,230.2311644155484,236.5364753992566,255.52205775514577,221.9767,335.9563
2017-05-13,16,228.0061,228.80860503881664,224.2860349133937,239.08056296383324,231.71952074243316,249.7412319013634,191.9853,299.945
2017-05-13,17,228.0,231.73341396796772,230.5970711560697,232.62606128407302,234.41032340016835,256.4163223513923,198.0102,341.9379
2017-05-13,18,215.9719,234.5309544778738,230.97389057300612,233.98220717884618,231.97068779703085,253.28961614884065,197.9898,311.9756
2017-05-13,19,228.0,233.15699307500483,230.17486162738788,233.35108010513466,229.3880329145599,250.48885776180435,198.0102,305.9602
2017-05-13,20,233.9634,233.15699307500483,230.75327767151146,241.62687448970354,237.60071229095345,243.5903025679858,191.9952,287.9698
2017-05-13,21,227.9882,225.55252739883312,223.55295637948302,233.54420784185984,229.0940584758707,237.98127443132577,203.9735,263.9864
2017-05-13,22,210.0052,230.2086570280129,221.98317798512605,232.66887122485758,226.66998633863034,226.53294867251913,191.985,239.9872
2017-05-13,23,209.9783,231.57366583955357,226.76456026413604,233.69410372427166,230.45257922723943,219.359131883097,191.9798,245.9807
2017-05-14,0,227.9878,231.59478880314882,223.9878366052246,215.05729406346308,217.41762221679326,219.12734361903253,192.0051,245.9934
2017-05-14,1,234.0,228.56680416633395,221.88014620591457,214.54418348782994,216.94976893128546,212.5026017488061,197.9845,246.0127
2017-05-14,2,216.0166,220.16922141971963,209.43402511545423,211.28806693927874,207.15221588346975,204.780526263767,191.9699,252.0063
2017-05-14,3,204.0109,229.1965680707891,222.25700701976348,222.25090683271165,219.42046126820233,175.1037036250654,191.975,0.0
2017-05-14,4,216.0058,226.04749599680719,220.54893298010117,221.16839601130192,217.46719478971966,171.638508123557,197.9845,0.0
2017-05-14,5,221.9945,224.60911706324367,219.40392265113056,220.47787705781698,219.81782744965312,168.73520714228917,197.9951,0.0
2017-05-14,6,227.9882,223.83252007325618,218.75802982693665,219.4739049096625,217.64742374625584,167.68537862368112,197.969,0.0
2017-05-14,7,227.9821,223.66413534466773,217.78051704221494,219.1184380380007,226.5324167990332,166.23178723108913,185.9808,0.0
2017-05-14,8,234.0125,207.23677932725695,207.54662535526694,204.8205777992174,209.79724758481123,192.00756390226496,210.0164,197.9845
2017-05-14,9,221.9656,210.39179370228518,209.0947238537991,205.48963351366555,211.7505140632939,196.14922951315532,203.9735,209.9618
2017-05-14,10,228.0061,215.6052323756231,212.48725614536053,207.04342875800359,212.13382081574812,202.67581994354168,203.9786,221.9885
2017-05-14,11,228.0,224.82798317393963,219.1755069490961,208.349429957594,214.66218354252877,210.61566933671804,215.9888,215.9662
2017-05-14,12,234.0062,230.91280959467883,224.59024332983626,221.58229065825077,227.44935634207442,215.9906191763523,203.9735,228.0061
2017-05-14,13,239.9936,236.5078129511714,222.2737504032908,223.56992305134773,228.1242532902067,220.13487940826667,203.9895,204.0105
2017-05-14,14,227.9943,253.0614632046996,233.01881146793946,240.1050446921121,245.18655894867936,206.7647668391319,203.984,0.0
2017-05-14,15,221.9826,253.0614632046996,231.01960962224658,240.1050446921121,245.08392108787828,214.8892826224649,222.0059,0.0
2017-05-14,16,221.9885,231.81320597180374,216.98960778681942,227.09169424689227,230.8620523971386,240.63870477067357,227.9825,228.0061
2017-05-14,17,209.9836,231.81320597180374,221.47418303476738,226.8191603627678,231.98685251307268,239.86454574033368,215.9662,228.0
2017-05-14,18,210.0164,230.54041629657283,222.73644866025222,225.7444521603537,220.15562029489533,238.40405800264836,215.9777,215.9719
2017-05-14,19,209.9723,232.78291569472174,223.4294316033799,227.7577707140133,225.51302472093175,238.46029843264887,221.9826,228.0
2017-05-14,20,221.9826,232.42720559361504,223.07048943159185,228.07442503349256,225.309106600725,235.01671457244993,221.9712,233.9634
2017-05-14,21,216.0054,235.6290240638848,223.48792481066582,226.84338682929408,223.96918692203369,230.04908375524622,227.97,227.9882
2017-05-14,22,210.0052,234.49467851006352,224.08987222729226,224.74849590223005,219.81927584410798,220.4396319566462,221.9826,210.0052
2017-05-14,23,215.9662,234.64963467637548,226.26840714797962,222.21478453117476,219.49213939985728,211.69938313351952,215.9665,209.9783
2017-05-15,0,234.0121,249.47771161477647,241.36268921732395,241.2123786876829,235.69341450684843,246.9914813011038,222.0115,227.9878
2017-05-15,1,233.9696,246.7221812395598,241.5428508211063,238.14189559827025,235.3281990821417,237.16503627518753,209.9727,234.0
2017-05-15,2,245.968,235.68320868101506,232.10406718384522,225.92099938001084,221.9977677885041,231.4955231899028,227.9761,216.0166
2017-05-15,3,221.9941,232.093894093105,228.17186514335884,224.79989356482108,221.50954375038216,224.05901284031447,227.9704,204.0109
2017-05-15,4,210.0164,231.57960973226125,229.6319785116545,223.68720434756844,219.6333028231891,220.3752613506769,227.9761,216.0058
2017-05-15,5,204.0105,229.7303551279134,225.46116837083872,223.32818658829325,224.86157921549287,220.20341672297732,239.9688,221.9945
2017-05-15,6,209.9948,231.13944323684908,225.70717033189652,226.25851798114914,227.55586626918594,219.68109387543413,239.9812,227.9882
2017-05-15,7,203.9945,231.67429212750298,223.93814773278132,225.41414160227203,223.48306588028007,217.1177038437147,221.9771,227.9821
2017-05-15,8,222.0,231.305006611321,226.01352077122638,226.34110107899153,223.46395912796652,226.06223301688408,227.9943,234.0125
2017-05-15,9,209.9944,229.697068331598,226.4244490677496,222.5806466407137,221.99916539481856,229.2989880495224,227.9764,221.9656
2017-05-15,10,209.9671,235.62352794327734,228.45172687095123,227.30814225816928,225.64309360638225,238.95495168109449,245.9488,228.0061
2017-05-15,11,233.9696,246.34780969444947,241.06736081609185,235.0007207191566,231.92185686744375,243.16532998324024,233.9754,228.0
2017-05-15,12,245.9807,262.2222186887565,260.1182463343132,259.82903367245274,261.0386614124397,262.06998214749075,293.9848,234.0062
2017-05-15,13,263.9864,319.90621312268746,322.8010014325806,324.28836482347043,321.3532744936287,285.3993185788555,377.9408,239.9936
2017-05-15,14,311.9511,309.61004162489564,302.92960181629,324.94334803642903,313.57313151938115,280.00167727714194,323.9914,227.9943
2017-05-15,15,276.029,317.24886481046696,317.1752931715541,330.7553081445151,330.68204193810254,292.39388257273146,365.9433,221.9826
2017-05-15,16,293.9927,313.3124233992926,313.2483508406787,322.44109975077816,323.6904006477987,292.392561696684,348.0093,221.9885
2017-05-15,17,276.029,296.4570579781247,292.471608312177,304.15486404478486,297.3165882733055,287.16578321292934,317.9587,209.9836
2017-05-15,18,282.0,317.3996493669408,311.5361413926692,323.57704962016373,326.5594084619951,288.13312566487485,347.982,210.0164
2017-05-15,19,305.976,299.3665608272465,292.9239665232779,305.64514391622964,299.20231961495165,280.1252288220118,317.9666,209.9723
2017-05-15,20,305.9602,276.779875168608,279.1308143838106,280.7636471723597,280.67922759037333,269.10129153697227,276.0069,221.9826
2017-05-15,21,257.9867,266.46721947249324,269.7502536081795,273.0910353732555,272.1859092131931,266.22647457618626,293.9618,216.0054
2017-05-15,22,240.0188,264.2636559463909,255.48151969237693,260.665543011976,264.2934786931746,251.75135614042335,257.9931,210.0052
2017-05-15,23,240.0,258.9270252827641,252.33856312320765,246.04534075016335,250.81897398040937,243.28439429350453,252.013,215.9662
2017-05-16,0,245.9939,250.1353552704723,246.98209819403834,250.32021811548037,244.08056092066477,249.03822531489442,233.9696,234.0121
2017-05-16,1,239.9876,246.06842645779943,246.38450910251197,247.24973502606787,242.49319352432846,240.69960001720216,234.0183,233.9696
2017-05-16,2,227.9878,237.08789870870945,236.3905234061558,238.41823625474163,235.58089502572508,233.00180748739342,227.9821,245.968
2017-05-16,3,203.9945,233.81435916209819,235.81987784208295,233.141781105727,231.41556900278994,225.38432078274454,233.9696,221.9941
2017-05-16,4,264.0071,233.2399608775295,230.14292451397236,231.93888613645873,227.65092987588952,218.15035494416216,227.9882,210.0164
2017-05-16,5,227.9882,227.99944630784213,223.26698714960946,230.4396534918613,225.2101792803936,214.45955301763644,227.9821,204.0105
2017-05-16,6,245.9869,227.80059613705478,222.76112566944948,229.43568134370682,224.56343167374564,213.9046453274671,228.0057,209.9948
2017-05-16,7,245.9807,227.57607139938875,220.30053735284497,228.21601931092448,220.47152453252622,215.40321054804684,233.9942,203.9945
2017-05-16,8,233.9817,229.78911521394915,227.651497867804,228.4322645533562,222.37902948454712,218.2330522871286,221.9885,222.0
2017-05-16,9,221.9941,229.84922913767406,224.0691488656812,228.60611365608872,222.34776545971928,223.93165751218345,233.9938,209.9944
2017-05-16,10,227.9943,231.87027164836618,225.01930051243343,230.47970935491676,223.70336898508526,235.52675117667908,264.0,209.9671
2017-05-16,11,227.9939,244.07377362359165,240.85422480646167,237.7159879300223,232.6678466252518,243.36470180603115,257.9733,233.9696
2017-05-16,12,245.9869,268.2859170001309,259.9740694158202,274.99446574166774,267.560129755732,266.53945520349964,336.0174,245.9807
2017-05-16,13,294.0309,303.6373842687598,299.96895669468915,301.35421455156126,300.15942625950464,279.7719218720461,359.9628,263.9864
2017-05-16,14,270.0,271.1322421546569,285.21097330437027,272.3466554159211,274.68434500587153,279.0809837899498,299.9845,311.9511
2017-05-16,15,275.9568,278.9760198662269,287.86894594251555,282.5567857576436,282.8682818724331,282.00350643623193,306.0158,276.029
2017-05-16,16,287.9775,291.4711076773444,289.72006430180846,296.26249174016664,296.3668763787706,289.5589115258826,317.9587,293.9927
2017-05-16,17,257.9798,278.8373115825788,285.6695002708385,283.1870934855459,283.9123537365484,283.88031954826135,287.9472,276.029
2017-05-16,18,264.0071,279.14667675568,281.4290798036407,283.48890365302276,284.98099016653373,277.84991536386644,257.9798,282.0
2017-05-16,19,299.969,278.47394232931623,283.7867488725914,276.87317024948254,277.1667560879761,283.54631372740187,288.0077,305.976
2017-05-16,20,269.9788,279.01875268442944,280.65934180489415,277.74850181195495,273.200772590542,277.0245532458325,275.9927,305.9602
2017-05-16,21,258.0064,261.4853086150277,263.18575662581105,267.0240589941984,272.06233246836274,264.32632436059475,264.0,257.9867
2017-05-16,22,264.0,259.41855559852587,258.8408489107844,262.57983919433923,266.8781523760023,250.8098350531829,239.9812,240.0188
2017-05-16,23,263.993,258.9676434646587,253.7019196269356,255.99974634884418,258.11202109852667,240.38567007581443,227.9525,240.0
2017-05-17,0,263.9586,251.8617745617912,246.21413392850337,251.10863862019036,248.27472070193923,258.2791444000313,215.9604,245.9939
2017-05-17,1,257.9798,241.78798724279278,238.89369709119995,248.03815553077786,246.66824655328938,252.46587558520525,233.9696,239.9876
2017-05-17,2,240.0188,236.43241846995323,235.12795391168095,238.77523434294454,237.62203741094356,242.20036013087093,227.9821,227.9878
2017-05-17,3,233.9696,234.86450641938416,229.16309616646808,233.11325018614548,231.90438051277326,234.299690110486,233.9696,203.9945
2017-05-17,4,246.0066,235.0068079067128,230.97746299914905,236.54154025228092,236.32452776749977,238.18999289909422,251.9937,264.0071
2017-05-17,5,240.0,230.57675285705986,225.85358821525904,234.4090705738253,235.1484898503425,226.96014925711614,227.9939,227.9882
2017-05-17,6,215.9888,230.1507286293734,225.3965565539884,233.62080963392435,235.56869756556574,228.63075621815506,234.0062,245.9869
2017-05-17,7,209.9783,231.2643361207701,222.67767331110295,232.02121563323647,231.47679042434632,229.58361774550426,233.9634,245.9807
2017-05-17,8,209.9618,229.47203126816083,224.01033807371633,232.02174966741464,230.4098351024751,230.6195313705437,239.9812,233.9817
2017-05-17,9,210.0112,230.5065362429051,224.80506653356196,228.2612952291368,228.94504136932716,236.5345365585904,251.9803,221.9941
2017-05-17,10,209.9948,233.12957626824885,227.75127427236973,234.0691944689752,233.64167955503416,244.3781257090675,257.9527,227.9943
2017-05-17,11,221.9712,237.6380654996601,230.73240750142313,236.11201157885853,237.85479980903725,246.86804002296307,234.0183,227.9939
2017-05-17,12,245.9873,253.13944182419627,250.386506241994,255.11891585743385,259.92733674574174,262.89621809496356,269.937,245.9869
2017-05-17,13,293.9922,276.265821416714,285.66597594512035,278.3069284080575,277.2360794332566,280.454216399109,299.9375,294.0309
2017-05-17,14,305.9918,278.23330069273396,288.0682603696718,281.6511652050656,282.9804457105594,280.23200214495483,275.971,270.0
2017-05-17,15,287.9847,274.9399281563753,283.11257430073346,279.1831420576378,286.14127498585236,287.36224946841253,282.0075,275.9568
2017-05-17,16,323.9919,274.772136944338,290.51263972953905,282.81263706258875,287.0363552897545,292.28744297137285,281.985,287.9775
2017-05-17,17,323.9412,277.2011123862308,285.02867929427396,277.6678379221985,282.0446451783349,293.6550808331916,293.9922,257.9798
2017-05-17,18,329.9918,276.6037577326116,276.9204512069064,279.1230400562787,283.3315362489083,290.23151010420895,263.9723,264.0071
2017-05-17,19,366.0189,281.2569217096496,293.0322639654563,286.97705831855575,288.28691976661906,299.30374014770905,306.0158,299.969
2017-05-17,20,347.9733,280.4346456078008,288.945435725565,284.5667742519279,284.94077078306407,286.3903233525113,275.9858,269.9788
2017-05-17,21,312.0083,268.9400997086807,266.42328474217555,272.5655485641797,276.8297743432889,279.1449143952255,275.9858,258.0064
2017-05-17,22,263.9793,262.64628881653505,255.6515179332084,266.1700154594164,270.42187230195344,267.5930416602873,251.9672,264.0
2017-05-17,23,294.0073,262.9310046918384,252.1538801054127,259.8906314858982,262.50641432901904,255.70393466941377,233.9879,263.993
2017-05-18,0,258.0064,278.2115919988603,274.1487178686092,278.0155727115815,264.83542715304185,274.7676210296541,227.9882,263.9586
2017-05-18,1,251.9672,264.4326202778324,261.22700189315833,269.7816170512809,262.7198058163941,266.2520594942785,233.9942,257.9798
2017-05-18,2,257.9798,260.3417839462449,260.4867117393311,256.90174352923765,253.6966554856078,258.49299984682045,246.0193,240.0188
2017-05-18,3,270.0067,259.7307950716567,261.1811451386352,255.8772618041392,253.19418609975793,253.08612633748987,257.9596,233.9696
2017-05-18,4,240.0312,258.94141545900794,254.80483123524252,252.07406552925795,251.3321905202928,247.63792816751723,251.9866,246.0066
2017-05-18,5,215.9946,252.4989957234325,246.14807186892082,247.44166436929532,246.95022230586991,241.35693898171291,239.9752,240.0
2017-05-18,6,228.0,249.78115389631844,244.044326417065,245.0317127465771,239.2179372241099,232.1462278162955,209.9727,215.9888
2017-05-18,7,221.9826,246.32702851268076,241.3271595551791,244.20445425249133,238.29799883806228,233.74699824231283,215.9773,209.9783
2017-05-18,8,221.9826,245.89762907277387,241.0017971811864,244.42069949492304,234.83169492998888,232.75906223592,209.9674,209.9618
2017-05-18,9,221.9597,245.89762907277387,240.42307946879615,244.59454859765557,236.70793585718195,237.76604858397332,210.0112,210.0112
2017-05-18,10,221.983,245.4422131098215,240.91103091863974,245.5492341975398,240.47713331647802,245.3703958776339,215.9719,209.9948
2017-05-18,11,233.9942,249.04501602184223,242.30108914681648,248.72178398661399,247.26291734526035,212.6255168629857,0.0,221.9712
2017-05-18,12,257.9733,275.68841708007204,271.36616991422187,276.50449546187457,269.18882959971825,275.5519313525105,275.9784,245.9873
2017-05-18,13,318.008,305.6976320788557,305.48126992639084,302.81250682463707,285.11572193582276,285.4787568962385,263.9727,293.9922
2017-05-18,14,323.9325,312.2445428535904,317.64857322128165,314.41749284496154,296.0007730810231,293.6072439126542,264.0136,305.9918
2017-05-18,15,300.008,330.8060887976201,339.7031162095616,333.12880858630564,310.34378201902393,309.1328500345158,323.9665,287.9847
2017-05-18,16,311.9678,333.6912330882161,343.8028498981533,335.17542322844935,312.39353607442945,308.5343570698116,282.007,323.9919
2017-05-18,17,336.0,336.9846056245748,344.3238326656173,339.686851775099,312.59745419463627,307.12078293404704,263.9793,323.9412
2017-05-18,18,323.9665,341.9820461700718,348.5580249124595,338.8715355172672,317.49275406115333,316.241588113342,293.9922,329.9918
2017-05-18,19,324.0254,365.42955701315117,358.190411231605,363.83436828601884,341.3724528037804,312.6289899816772,269.9788,366.0189
2017-05-18,20,336.0347,348.5341016093583,359.80688203693495,345.85112849913975,317.59033646036914,305.2747522147603,263.9798,347.9733
2017-05-18,21,341.9555,319.52823858983083,325.6385393854662,318.6081674758886,298.48260766050333,293.2302381700609,251.9605,312.0083
2017-05-18,22,281.9558,300.2436235859963,292.4492756783216,294.0916341967687,279.92736043398236,276.2921002711578,227.9643,263.9793
2017-05-18,23,281.993,302.2707453244795,301.4618620863283,295.4460949486671,279.282455266013,270.2838798877742,228.0,294.0073
2017-05-19,0,276.0142,263.14783064310484,271.2308349100369,274.34985704543686,254.70150134383607,286.67429648124806,228.0061,258.0064
2017-05-19,1,287.9851,249.79718448516994,261.714545597083,266.99123800213846,252.10131781793075,275.4428040035493,221.9538,251.9672
2017-05-19,2,251.9803,244.6538006464382,256.1565431539901,254.39921791738053,243.56272967640197,269.555418679119,233.9817,257.9798
2017-05-19,3,245.9746,247.2077791828571,262.43751065824114,255.48309462976908,245.56200025681633,266.6814985477261,251.9933,270.0067
2017-05-19,4,240.0128,242.21117891675246,251.38974423378568,249.5196907966577,241.19826471108698,253.59803229988214,227.9882,240.0312
2017-05-19,5,252.0265,233.23662588391156,243.46457968408916,241.84519306768667,230.4772078994648,244.33108188061925,210.0164,215.9946
2017-05-19,6,270.014,234.81968400164067,243.97819285879214,243.19149119749827,235.8490424460577,247.62088626027315,227.9878,228.0
2017-05-19,7,228.0057,232.2049509139084,242.5635914064219,240.59396343127435,229.20485705967081,246.9788400833183,221.9945,221.9826
2017-05-19,8,221.9941,230.8898819914837,243.04358615284934,240.81020867370606,225.73855315159742,243.4346338713376,210.0,221.9826
2017-05-19,9,228.0,230.8898819914837,243.53665440782424,240.9840577764386,231.5656601761215,252.11544643698633,227.9882,221.9597
2017-05-19,10,222.0,233.69698488793955,243.53665440782424,241.9387433763228,231.86855372734416,260.0514104024345,233.9754,221.983
2017-05-19,11,258.0202,246.12237778061845,256.28311921464257,253.28301758306765,238.56689523820972,275.8917570096394,269.986,233.9942
2017-05-19,12,251.9605,282.0667218679727,283.2852530454642,292.29243206417704,271.0931683817808,294.4575117843766,311.9917,257.9733
2017-05-19,13,276.0,321.8541283712603,333.5457164701074,324.1299700215306,294.0812159443507,307.0597179694702,305.9679,318.008
2017-05-19,14,293.9848,351.861983978921,361.2727963039174,354.73319331486124,317.83385686052264,319.5844018616645,330.0,323.9325
2017-05-19,15,342.0091,345.4340021476424,348.8024824333774,342.74228033693726,310.79241401873816,324.54825865159387,335.9563,300.008
2017-05-19,16,317.9915,333.5777572604181,341.98810136749483,336.2159869604412,293.8104077139205,323.08141646136545,299.945,311.9678
2017-05-19,17,300.0075,362.45851095679814,373.09250723822913,361.80759211677184,320.8858786859407,335.56324651510727,341.9379,336.0
2017-05-19,18,329.9742,344.4983975642666,357.09540838755805,351.21762461434184,316.75451019586774,333.13707968901264,311.9756,323.9665
2017-05-19,19,323.9746,335.4085638971103,355.65929908110166,345.83076538929646,307.42838126974584,329.54316557071587,305.9602,324.0254
2017-05-19,20,306.0,337.33163816401577,360.24844292868505,343.47635692035345,305.65032748232517,322.5562554200643,287.9698,336.0347
2017-05-19,21,299.953,333.96963527581335,360.534142758431,339.6820657495038,302.6168834654434,311.90122354527495,263.9864,341.9555
2017-05-19,22,264.0,296.0829040496621,305.7109441974909,301.8893426247247,276.33108032244235,293.5176562040219,239.9872,281.9558
2017-05-19,23,281.9854,282.8683842257948,288.95938501244353,287.280081072213,267.56494904496674,285.462188610596,245.9807,281.993
2017-05-20,0,251.9803,246.74615652690096,253.89038277229108,254.3268616386594,251.74087083590516,278.47934559298153,245.9934,276.0142
2017-05-20,1,251.9538,248.72419577257136,258.04662942492297,256.5814791102824,252.79676172627788,270.12756315433626,246.0127,287.9851
2017-05-20,2,251.9937,240.02231216695674,242.4308988895457,244.24625248192768,243.24303776561467,259.1754381651821,252.0063,251.9803
2017-05-20,3,246.0,237.98938640484326,242.1541210149674,243.02629332425994,245.58303737187282,202.97902821267883,0.0,245.9746
2017-05-20,4,240.0,236.06795766388578,237.9748786587764,240.14548021010043,243.70679644467975,196.75719954367617,0.0,240.0128
2017-05-20,5,234.0062,229.64022491512185,230.159133384757,234.45696296152107,240.07127710816962,194.31902601785882,0.0,252.0265
2017-05-20,6,204.0211,232.71539644026902,235.57895966976244,236.8445491473718,241.91202412005796,194.73544275063472,0.0,270.014
2017-05-20,7,209.9948,227.023924802965,226.96679790383095,232.31600395574543,234.26566703843105,191.86252471519626,0.0,228.0057
2017-05-20,8,209.9783,225.611888228273,224.26701925022326,230.5457346836073,225.52377852647783,232.45402895575484,197.9845,221.9941
2017-05-20,9,215.9719,227.023924802965,225.1886038273955,232.48985305847796,229.46773550958073,240.53154444935979,209.9618,228.0
2017-05-20,10,210.0052,227.64481399038647,224.51376880272363,231.16654792810309,231.2496301141985,249.03428164669634,221.9885,222.0
2017-05-20,11,209.9944,229.83409072271823,229.3241684767637,232.23251294890127,236.29320316473544,259.0558231222552,215.9662,258.0202
2017-05-20,12,209.9836,230.03889286992595,231.15327733998376,236.16221870231507,239.6875528924738,269.0432732560305,228.0061,251.9605
2017-05-20,13,221.9771,232.15673183645316,239.29131441209626,241.96346928416068,240.97673027462258,274.8034100948558,204.0105,276.0
2017-05-20,14,209.9944,237.99759200448835,247.1890763453805,247.83194320968946,248.82931732454574,244.80435706296964,0.0,293.9848
2017-05-20,15,216.0112,256.69394944234983,261.24907491938876,266.2414424954542,258.47059532362726,255.34853470485234,0.0,342.0091
2017-05-20,16,221.9767,258.2322763287214,260.19427436785526,265.8868347556964,255.75952556399133,300.99941203795834,228.0061,317.9915
2017-05-20,17,228.0122,245.2467891753632,258.11888968991667,253.18686780700378,247.85623794859106,301.4967010618939,228.0,300.0075
2017-05-20,18,233.9754,265.69933367116846,271.3713837175571,268.84779207275574,259.686166800724,301.89392169652916,215.9719,329.9742
2017-05-20,19,215.9719,266.4622893913582,272.007036081166,268.31342630186896,261.47207004347297,301.18794224091164,228.0,323.9746
2017-05-20,20,215.9665,251.83394314221016,266.1793786341822,255.36075968704452,252.63173613349082,295.98473434623645,233.9634,306.0
2017-05-20,21,209.9948,254.37894823472027,263.87880491584815,257.36851152432246,251.12359335572367,287.6714970765255,227.9882,299.953
2017-05-20,22,215.9888,242.33689857635392,253.81644101561912,248.31449439309483,237.1056104646997,272.71685396450243,210.0052,264.0
2017-05-20,23,215.9719,243.4628322721174,255.89885186653783,252.03175050604065,242.92570690813537,265.21996125439296,209.9783,281.9854
2017-05-21,0,210.0052,236.3968924542376,230.3244800020856,232.05281621388258,231.919502522885,223.52093587684178,227.9878,251.9803
2017-05-21,1,216.0,236.8440658791761,230.8975815659166,230.81891245777464,230.3321351265487,216.3068713178333,234.0,251.9538
2017-05-21,2,227.9704,233.4914774788367,227.9581693975932,228.5864517788999,228.41507246420304,205.1860237453178,216.0166,251.9937
2017-05-21,3,234.0121,233.37890513930265,233.4776365562819,227.8115738983921,228.00853352774536,195.79737701325826,204.0109,246.0
2017-05-21,4,227.9939,230.10036369330155,231.1944868583048,226.69888468113948,226.4163976972111,192.55177308435273,216.0058,240.0
2017-05-21,5,216.0169,224.11795215183508,228.14059472297652,225.30248339186198,229.39766955684738,190.00208277041992,221.9945,234.0062
2017-05-21,6,203.968,221.73341688212457,221.81979529561136,221.32200594228868,223.5023823378375,187.2154943353721,227.9882,204.0211
2017-05-21,7,197.9898,223.04192854017145,222.30028695154098,220.22763659925457,219.41047519661808,188.69193254739048,227.9821,209.9948
2017-05-21,8,210.022,225.69563616013437,222.30028695154098,220.22763659925457,219.41047519661808,192.69252599964318,234.0125,209.9783
2017-05-21,9,197.9951,228.03048206086115,226.25080492764198,220.4014857019871,221.04494996346935,195.4877936001415,221.9656,215.9719
2017-05-21,10,197.9898,228.3513781924157,224.06828953226125,220.84844984375036,221.40914996361002,201.95561471035865,228.0061,210.0052
2017-05-21,11,215.9662,232.91688685829303,227.30584495092367,222.30618044852787,223.01269434900337,208.71113548713387,228.0,209.9944
2017-05-21,12,209.9944,231.30921090726713,227.45531496601774,225.69425277065233,225.30343837879568,216.9955016038734,234.0062,209.9836
2017-05-21,13,209.9888,231.49574806159046,229.11548170689434,225.18900023662232,228.0766273073763,226.24674350292474,239.9936,221.9771
2017-05-21,14,197.9743,231.0248609878246,227.96819004156652,225.48251873154686,226.1272637025603,229.1321617340378,227.9943,209.9944
2017-05-21,15,198.0,231.0248609878246,230.01578311191298,225.48251873154686,226.14637045487385,233.69600490460144,221.9826,216.0112
2017-05-21,16,197.9898,231.0248609878246,229.86798063445278,225.48251873154686,228.0347686545812,237.8540991974059,221.9885,221.9767
2017-05-21,17,203.9731,232.29193314073052,232.46769584419098,228.75831285168073,232.11474566830532,237.87664334576368,209.9836,228.0122
2017-05-21,18,197.9743,231.0839745952642,236.10854360318822,231.05966319044683,235.7928209199206,238.1844256426994,210.0164,233.9754
2017-05-21,19,203.968,231.27002023450652,235.21308876598272,228.58000900808923,231.86472911336347,234.1907013006683,209.9723,215.9719
2017-05-21,20,204.0,231.27002023450652,235.09601431625805,228.58000900808923,232.02756200339414,232.25925459015164,221.9826,215.9665
2017-05-21,21,209.9944,230.72134295104914,232.8251248853475,227.6157242980743,230.519419225627,224.63778919342556,216.0054,209.9948
2017-05-21,22,221.9941,230.72134295104914,235.0905612476224,227.6157242980743,228.54718866811504,216.80012324637596,210.0052,215.9888
2017-05-21,23,209.9892,231.192230024815,234.70103149692613,227.32220580314976,228.63138625722715,209.80110700123214,215.9662,215.9719
2017-05-22,0,215.9773,240.2998398385715,242.3772691907346,230.27995521740687,245.02593046311299,238.0657925494483,234.0121,210.0052
2017-05-22,1,209.9944,236.27092817963867,238.19627726595172,227.20947212799427,243.43856306677668,230.351148811828,233.9696,216.0
2017-05-22,2,245.9488,214.9097958945435,220.50804551312513,219.8042000823045,230.93896027348669,226.17127403442294,245.968,227.9704
2017-05-22,3,227.9643,212.16746589427086,218.96054658841783,219.01100800585928,230.4698429876783,215.69581352970806,221.9941,234.0121
2017-05-22,4,239.99400000000003,209.00552090711062,216.65711046446273,217.89831878860664,228.50099043730563,207.91969064828083,210.0164,227.9939
2017-05-22,5,233.9938,203.62383845181375,212.50824858966155,214.08125937806426,228.49983396956102,202.55056476319564,204.0105,216.0169
2017-05-22,6,227.9525,203.4249882810264,210.11180661063955,213.07728722990979,228.1781817007483,201.45565075390192,209.9948,203.968
2017-05-22,7,227.9943,202.94773460184564,209.10901249363812,213.01491618807722,224.08627455952887,200.65280001439066,203.9945,197.9898
2017-05-22,8,228.0,205.17204278190167,210.24861539930035,213.94187566479673,224.10950674353234,209.76841569397624,222.0,210.022
2017-05-22,9,221.9885,207.39029222378758,211.12876316695227,214.11572476752926,226.0318949258981,210.82518486698837,209.9944,197.9951
2017-05-22,10,233.9875,210.8618289681065,212.51459478777227,214.90891684397448,226.33478847712075,216.61627004058386,209.9671,197.9898
2017-05-22,11,252.013,233.10178558756746,235.47416911336296,222.47557773673304,232.84549075274353,229.56378716673555,233.9696,215.9662
2017-05-22,12,240.0064,247.5375673537333,252.11120871945505,246.9477615695961,264.5349347912196,238.34485737086078,245.9807,209.9944
2017-05-22,13,257.9936,270.8285991789854,270.7698619178924,266.25794637110346,279.8556335466321,248.67724994652187,263.9864,209.9888
2017-05-22,14,269.986,301.54559552279744,306.13832529536035,301.1063014581926,314.966391475799,262.94424069087177,311.9511,197.9743
2017-05-22,15,299.992,282.44319110434844,292.72124888811453,281.4784950113357,294.81611292229303,261.14976709319893,276.029,198.0
2017-05-22,16,287.9847,280.8066734097963,294.6216851056294,282.09383108185637,299.41285481272075,268.1258905693316,293.9927,197.9898
2017-05-22,17,282.0,282.44319110434844,293.6797328466414,281.8515519193616,295.0755867408267,266.96755249671,276.029,203.9731
2017-05-22,18,263.9859,281.48825040023974,293.4172346024218,277.61858693858426,300.78495223273944,265.54706145733337,282.0,197.9743
2017-05-22,19,282.0,285.76335870924873,299.92385814615886,283.68732171325837,302.911345455863,268.4101295329832,305.976,203.968
2017-05-22,20,275.9853,285.76335870924873,298.6549300547264,283.68732171325837,301.8220119000765,264.2175399188723,305.9602,204.0
2017-05-22,21,258.0069,266.9587413845198,272.59485771110485,266.12466030615957,287.85473516700563,249.7407993214744,257.9867,209.9944
2017-05-22,22,251.9672,265.3661489047856,271.01223704731433,261.1758820850378,285.90818443137556,240.2512434610204,240.0188,221.9941
2017-05-22,23,233.9942,260.9845060630546,259.40305876210664,250.54270535270294,273.48638969275333,231.07158013499225,240.0,209.9892
2017-05-23,0,233.9879,251.47340506341953,249.07196612954272,251.0627938887292,248.8560405713433,243.40125135887882,245.9939,215.9773
2017-05-23,1,239.9688,250.46752506312956,243.35164361753434,247.9923107993167,247.268673175007,233.43803480216675,239.9876,209.9944
2017-05-23,2,228.0,242.39793009387256,237.66962520574634,241.70014618997502,243.69740933674464,226.92919328216323,227.9878,245.9488
2017-05-23,3,216.0,239.7720603619239,236.96236489782208,240.20183564309272,242.1381045450616,214.210040612271,203.9945,227.9643
2017-05-23,4,215.9831,238.92800860936188,237.1883186217353,240.1335619810218,242.3162749063968,221.9070507777294,264.0071,239.99400000000003
2017-05-23,5,210.0,231.04078569988624,232.23942234324215,237.48898397311996,240.38445209369021,211.36224153928873,227.9882,233.9938
2017-05-23,6,203.984,230.8419355290989,231.57867869034055,236.48501182496548,239.73770448704227,213.13084582098148,245.9869,227.9525
2017-05-23,7,215.9831,230.36468184991813,230.37713688518141,234.8854178242776,235.64579734582284,214.03699246969646,245.9807,227.9943
2017-05-23,8,204.016,233.10036571832708,230.84120791402418,235.8123773009971,235.64579734582284,215.52657171024418,233.9817,228.0
2017-05-23,9,209.9944,233.71067688048998,229.03992633742715,233.1971050192153,234.26948980416458,217.14138732163156,221.9941,221.9885
2017-05-23,10,215.9604,237.57641841456268,230.0340339925191,236.94091200361385,237.89431126341472,225.19872779607363,227.9943,233.9875
2017-05-23,11,216.0112,250.51059016607465,240.70342380687987,238.1869859690139,245.88860483688927,233.544917930221,227.9939,252.013
2017-05-23,12,252.0,254.5896798419993,254.20819758543192,257.1306381837187,267.68674640501564,242.8896880477772,245.9869,240.0064
2017-05-23,13,317.9921,279.86386192147773,287.5224234548107,275.8688667527975,283.00685570441664,260.64007798305016,294.0309,257.9936
2017-05-23,14,281.993,284.9197865929361,290.98502335160714,283.89231386181336,290.56884339500164,263.3699970108192,270.0,269.986
2017-05-23,15,270.0144,287.8782659251902,295.7208596355131,291.4909707660758,294.0271498396376,272.38531813230605,275.9568,299.992
2017-05-23,16,263.9793,287.333455570077,300.3342846477346,292.2535966129347,296.9593554796121,277.0907712458132,287.9775,287.9847
2017-05-23,17,299.992,285.8781771969786,291.69551241922966,287.4766272424106,291.7687468807333,272.50266647112323,257.9798,282.0
2017-05-23,18,282.0146,280.3643854436835,289.0987417045892,283.78092693144214,290.97021641365734,270.71766064252256,264.0071,263.9859
2017-05-23,19,251.987,287.9999819226767,305.5415619928101,295.37251794334605,298.6185532013696,277.0023824934573,299.969,282.0
2017-05-23,20,270.0,282.2322620797306,290.65169298870666,287.7343363064456,293.86867265926514,266.51451534373354,269.9788,275.9853
2017-05-23,21,245.9869,269.1659012007838,275.9743605095269,271.8850826131572,286.63286745805493,256.68726457983985,258.0064,258.0069
2017-05-23,22,263.9521,269.5516239049924,271.44264741493,268.3597729122418,285.2639529328363,250.10288215960577,264.0,251.9672
2017-05-23,23,246.0,263.6451336883459,261.8856378575256,259.7275115770447,276.59693092741713,240.3800838725275,263.993,233.9942
2017-05-24,0,246.0,254.93895081486394,253.34774593543094,254.77527362812563,250.59971047494713,249.0163312761967,263.9586,233.9879
2017-05-24,1,252.0134,253.5341853444882,251.13512608692886,251.9205017469667,250.07929840048203,240.03104244686494,257.9798,239.9688
2017-05-24,2,233.9758,241.28937888318683,239.19775996292685,241.48888323765982,239.980379283993,227.75129486931013,240.0188,228.0
2017-05-24,3,209.9727,239.18068080472065,237.78343022436803,237.21135943867174,234.9936103832217,218.90690742226278,233.9696,216.0
2017-05-24,4,216.0169,236.03336735158524,234.39445169296533,235.61429813854102,233.04799001685248,216.2053901312135,246.0066,215.9831
2017-05-24,5,215.9888,232.34823889597052,225.29978246843524,233.64653064643892,229.95490128737453,211.3463455689652,240.0,210.0
2017-05-24,6,216.0,232.14938872518317,224.76953625557167,232.64255849828444,229.32726043304012,205.06095298234743,215.9888,203.984
2017-05-24,7,197.9894,231.6721350460024,226.49073494529065,231.4228964655021,225.21212110781724,205.95878726290076,209.9783,215.9831
2017-05-24,8,216.0169,231.48111551444924,225.39742643124796,231.63914170793382,225.21212110781724,205.90899082922067,209.9618,204.016
2017-05-24,9,233.9696,233.17029235593145,227.030207732624,231.81299081066635,227.15774147418645,211.04171230845787,210.0112,209.9944
2017-05-24,10,257.9729,233.35464803982453,229.2734820387808,232.76767641055056,227.46063502540912,217.50155625529362,209.9948,215.9604
2017-05-24,11,233.9938,244.8573088812452,241.11008666489207,237.0165932927138,231.14559302945653,226.5927813060506,221.9712,216.0112
2017-05-24,12,257.9665,253.395189870788,254.4586065602738,257.0745071170618,256.10242749532165,241.7372015443402,245.9873,252.0
2017-05-24,13,275.9789,273.13044516056885,276.4365189813443,277.207715093462,288.3239019775995,264.1283905379903,293.9922,317.9921
2017-05-24,14,294.0152,288.3947395418449,301.9660215667711,288.8999159213377,286.0749055005181,269.39147196438,305.9918,281.993
2017-05-24,15,281.9854,287.2976406541543,300.6275409415731,285.69657560169236,283.99112537879824,270.00606055542966,287.9847,270.0144
2017-05-24,16,281.9633,298.13159145169203,301.14805224783987,301.8447053082327,295.6765491349606,279.9513959379395,323.9919,263.9793
2017-05-24,17,300.0,302.93000292414223,304.33624214456876,303.85147647628537,292.2388466670173,285.08623733535984,323.9412,299.992
2017-05-24,18,299.9770000000001,304.50094828423994,307.7090489209298,304.3777729195766,303.8915942376662,286.0955957834715,329.9918,282.0146
2017-05-24,19,281.9558,307.5580973207458,309.701349590191,311.55766627766445,318.310723923644,287.8701996217002,366.0189,251.987
2017-05-24,20,306.024,306.6614001624177,310.7897318928287,308.39023565296236,311.9709440465508,281.862164472006,347.9733,270.0
2017-05-24,21,263.9864,289.6923868604098,291.5928816322874,291.7981598709168,294.28263061483773,266.78800625813324,312.0083,245.9869
2017-05-24,22,239.9876,266.9653617683464,272.8572793904397,268.3765226743093,274.53030732768343,251.99972907696537,263.9793,263.9521
2017-05-24,23,221.9712,267.39585480653085,269.3441035123392,264.5679867089994,269.9201036391573,247.88621524896269,294.0073,246.0
2017-05-25,0,215.9888,253.42336873144288,250.82173875772824,254.56338805346542,248.16688066296123,253.03324677870523,258.0064,246.0
2017-05-25,1,227.9882,250.1511024718009,247.3729987895047,250.57399486510909,245.52680329248165,244.02837467021158,251.9672,252.0134
2017-05-25,2,240.0,237.5672952121259,234.06834200679853,240.43484126903573,238.17133713268777,235.7557888606498,257.9798,233.9758
2017-05-25,3,233.9879,235.45859713365974,228.93582799766585,236.04830781414523,234.3082470418423,229.23555811392816,270.0067,209.9727
2017-05-25,4,221.9945,228.57136024579987,227.81958522642745,233.53233641507072,230.8328447315551,219.05806899083507,240.0312,216.0169
2017-05-25,5,210.0164,226.1704469326003,222.09791127886325,231.56456892296862,228.7555852163361,211.30365400740214,215.9946,215.9888
2017-05-25,6,209.9892,225.3938499426128,221.43716762596165,230.56059677481414,228.07749510793352,212.47196985872736,228.0,216.0
2017-05-25,7,215.9608,224.91659626343204,218.12988682868001,229.5321063820483,224.01693046846873,210.5570930569309,221.9826,197.9894
2017-05-25,8,215.9834,224.48719682352515,222.00384542751453,230.45906585876781,224.01693046846873,214.17163543449493,221.9826,216.0169
2017-05-25,9,240.0064,230.7280874482574,225.45184690079992,231.29128604657842,227.94313532685868,220.41969243295048,221.9597,233.9696
2017-05-25,10,221.9712,232.2590907340263,225.8418997328638,232.30018933127718,224.91198084082788,228.58665325654596,221.983,257.9729
2017-05-25,11,227.9821,243.49229701587888,237.61893743560623,237.83325683107947,233.45086334374741,235.44250121677516,233.9942,233.9938
2017-05-25,12,233.9938,252.43065614005496,255.9111009241506,259.7762905831368,250.48436391291872,249.46463267518112,257.9733,257.9665
2017-05-25,13,293.9770000000001,291.83407481198134,294.58510932739847,293.58865297530537,283.5279517004126,269.67108060126725,318.008,275.9789
2017-05-25,14,293.9696,300.8405846605541,300.08061325190346,306.8251198266597,276.76956636021623,278.8470823966949,323.9325,294.0152
2017-05-25,15,281.9558,287.5344158710569,299.17349116900823,298.5813506179304,281.6777042649687,278.33369357994,300.008,281.9854
2017-05-25,16,275.9568,299.27065599379563,306.3875725636729,307.4605126120043,296.72175183612495,284.24899860596497,311.9678,281.9633
2017-05-25,17,300.0,305.525554543186,306.37846931656077,310.29045416637507,284.99463818318776,292.31042847362096,336.0,300.0
2017-05-25,18,293.9774,306.9146675220878,312.5262426768636,309.4280121198803,281.07816175411625,290.69904524639486,323.9665,299.9770000000001
2017-05-25,19,263.9793,305.862881474272,310.562480284307,312.18038824735027,302.011575298403,286.71659720310083,324.0254,281.9558
2017-05-25,20,287.9775,308.7243487030365,306.1124444114884,311.6917288923329,287.8592833515012,287.021563177728,336.0347,306.024
2017-05-25,21,245.9422,298.10062806446547,289.67975503596546,302.0904068324209,298.51592685881593,278.2641928826835,341.9555,263.9864
2017-05-25,22,228.0061,273.47374262406146,277.0821508775752,274.92778473987875,279.7486614152448,257.24363319666605,281.9558,239.9876
2017-05-25,23,227.9704,264.6659105929087,263.490047715957,261.71694090962774,265.2087781946916,247.3763215204751,281.993,221.9712
2017-05-26,0,227.9821,254.52479844713213,254.2035047808288,253.25982701230436,247.47622543865597,249.9328774876463,276.0142,215.9888
2017-05-26,1,222.0059,257.4975398128807,253.1648632933844,253.56532385229477,250.1713494565017,245.128345494809,287.9851,227.9882
2017-05-26,2,209.9615,241.97280627941635,234.7756196503554,240.6456587015079,239.94830729194868,231.81470366764762,251.9803,240.0
2017-05-26,3,216.0,239.79732899279972,234.06835934243114,238.86376040090465,237.62840854217401,223.68611304501715,245.9746,233.9879
2017-05-26,4,209.9615,234.71104161106638,231.49984459297,234.63373665513762,232.59556954308812,216.5309248536531,240.0128,221.9945
2017-05-26,5,209.9615,231.8361723147892,223.49751510653954,232.66596916303553,230.1548189475922,214.62790265431994,252.0265,210.0164
2017-05-26,6,209.9783,229.3608555267346,223.6560770007282,232.58090711382488,230.56078131508755,216.962552022745,270.014,209.9892
2017-05-26,7,210.0,230.58232164562094,225.18381427852367,230.63350662211522,225.41616419972482,210.38473133453616,228.0057,215.9608
2017-05-26,8,203.984,230.66429789406698,226.0417209781883,231.56046609883472,225.44750670147945,213.6681979181071,221.9941,215.9834
2017-05-26,9,203.9521,234.7837046250913,225.96994950889848,232.4210135779944,230.40932437998597,221.51958466260123,228.0,240.0064
2017-05-26,10,209.9888,235.14035059030257,225.52904608509832,232.52750727801248,227.60888905518223,224.4388383159959,222.0,221.9712
2017-05-26,11,215.9888,248.08828722466117,238.30450514454705,237.7348188015051,235.9357728193258,238.51818142991385,258.0202,227.9821
2017-05-26,12,233.9817,252.41179695351988,254.09303007943905,254.58409183279474,254.19790147746403,244.91636517161922,251.9605,233.9938
2017-05-26,13,263.9793,282.2172110864384,288.1480258679723,282.0473971629171,272.3748395729591,261.97685141669734,276.0,293.9770000000001
2017-05-26,14,281.9558,288.929756985369,298.5471735625637,292.85169421737334,285.11773700762865,271.588215455812,293.9848,293.9696
2017-05-26,15,257.9729,306.8464422611755,296.34969804829717,307.1669438708627,302.8706673507382,284.68555493751023,342.0091,281.9558
2017-05-26,16,269.9788,302.01609639838244,304.4316697488333,298.7469702144272,302.024505739371,283.0389080529755,317.9915,275.9568
2017-05-26,17,269.9856,289.83260331367325,297.2896914325306,295.15335516935346,286.74741282960474,283.5505343403491,300.0075,300.0
2017-05-26,18,281.9779,307.64031392868225,305.5472617175948,310.7098449244151,308.05353769535714,286.8048044642541,329.9742,293.9774
2017-05-26,19,245.9488,300.58173475760174,302.72072564350583,309.5810076688774,302.7674358611479,280.5662269768018,323.9746,263.9793
2017-05-26,20,252.0063,287.5336121369765,302.5838017165612,295.87784412919643,290.01913858104797,275.20330688685726,306.0,287.9775
2017-05-26,21,251.9605,277.77657168449724,285.9877339360998,280.7611410158641,281.04767106790393,264.2756272308329,299.953,245.9422
2017-05-26,22,233.9696,266.9641090075446,272.3004405300927,267.235133041501,274.4273398335027,248.57871839216614,264.0,228.0061
2017-05-26,23,227.9761,265.1341564493942,268.2190251259003,260.748357997716,268.97665775938043,244.0109765702631,281.9854,227.9704
2017-05-27,0,221.9945,241.39115884877538,234.87447363877834,244.74827465295755,238.80320812161125,223.01920551734207,251.9803,227.9821
2017-05-27,1,215.9773,238.0134324907687,232.4425600770452,239.60597808026512,234.60569406233293,213.83315528351838,251.9538,222.0059
2017-05-27,2,215.9773,237.5921632524332,227.6221146780401,237.31626287558726,230.78112644796636,204.7862026713579,251.9937,209.9615
2017-05-27,3,203.9575,235.3739138105473,231.56327487673565,236.2577972413585,229.6331003057306,197.46818306431095,246.0,216.0
2017-05-27,4,197.9743,231.77651064531005,224.47419271499132,234.66073594122778,227.21040796958673,190.6173488878892,240.0,209.9615
2017-05-27,5,204.0054,228.90164134903287,221.035776997815,233.1507792405233,225.67560874120036,186.23713288974915,234.0062,209.9615
2017-05-27,6,203.9626,228.12504435904538,217.97809580038546,232.14680709236882,225.15145351027715,179.34555808417352,204.0211,209.9783
2017-05-27,7,222.0,227.6477906798646,213.48346160696906,230.3630990777922,221.05954636905773,181.4421920003573,209.9948,210.0
2017-05-27,8,215.9831,227.6477906798646,213.48346160696906,230.3630990777922,221.05954636905773,183.82362580426206,209.9783,203.984
2017-05-27,9,215.9719,230.30149829982753,215.6168495687901,230.53694818052475,222.82678529756774,189.6644604742404,215.9719,203.9521
2017-05-27,10,221.9885,232.51974774171345,214.3096957849788,230.82241879884901,224.1531928776627,195.16761925133216,210.0052,209.9888
2017-05-27,11,221.9885,233.93506864037096,217.02325874820346,232.548129960778,227.72035603702685,202.72705278927464,209.9944,215.9888
2017-05-27,12,215.9496,235.13578209405074,221.07591752950134,236.65284963239884,233.96721432243635,211.80690179355528,209.9836,233.9817
2017-05-27,13,221.9656,236.91825693125625,226.8489512741581,238.32669137766825,235.74057893532165,224.15376768995657,221.9771,263.9793
2017-05-27,14,221.9941,240.33034138754573,228.60004876221757,240.87214067779036,237.1978976834836,230.09188888070207,209.9944,281.9558
2017-05-27,15,228.0118,236.29677925835605,224.00601981841692,234.99661665338007,233.1925174353292,234.3522618451281,216.0112,257.9729
2017-05-27,16,234.0,239.49193483339764,229.75409672292236,238.25132177236335,236.2442155875293,240.37571488566118,221.9767,269.9788
2017-05-27,17,228.0,239.49193483339764,231.6533889607535,238.42477671897873,238.63763409126364,243.38443238457458,228.0122,269.9856
2017-05-27,18,215.9773,241.74145509017066,238.83458938612088,244.36099714871662,243.65521353463777,245.42596424360258,233.9754,281.9779
2017-05-27,19,215.9831,239.2569740509896,235.9020808051571,239.92944127828187,240.2930206320801,236.27281012275157,215.9719,245.9488
2017-05-27,20,203.984,239.2569740509896,235.78500635543244,239.92944127828187,239.63791251751326,232.51096316928403,215.9665,252.0063
2017-05-27,21,221.9945,238.79663650965824,233.47222377383434,238.52200877746085,239.95864307426532,225.28692182348055,209.9948,251.9605
2017-05-27,22,203.984,238.35685087942298,233.31660005989318,238.4144351084419,240.3590310750324,217.2883893000892,215.9888,233.9696
2017-05-27,23,216.0058,238.55000298923005,235.08862874239517,240.7610356764933,242.90709257502485,208.34415243526482,215.9719,227.9761
2017-05-28,0,203.9575,238.45952582633606,236.02529545674594,238.05249221361402,233.49914411892263,214.79734836301913,210.0052,221.9945
2017-05-28,1,209.9948,237.0061418629025,234.83808295732118,235.73054200346238,232.2975988183909,206.7419692502889,216.0,215.9773
2017-05-28,2,203.9735,235.39404285564316,231.56300612744795,231.97281283096325,230.33008690197704,201.09012587792898,227.9704,215.9773
2017-05-28,3,203.9789,233.0591969549164,227.94145842721318,230.9143471967345,229.1820607597413,194.36800868362076,234.0121,203.9575
2017-05-28,4,197.9845,229.46179378967915,224.00519210639487,229.4074916486194,227.0896207754289,187.50819040167093,227.9939,197.9743
2017-05-28,5,198.0,226.9199875649634,220.66104603739973,228.22680156759546,231.16919045869102,182.54193188079603,216.0169,204.0054
2017-05-28,6,203.9949,226.1433905749759,220.14457478247124,227.22282941944098,230.61369272601317,179.073800794903,203.968,203.9626
2017-05-28,7,197.9792,225.66613689579515,221.85740598398962,225.43912140486438,226.52178558479375,180.5748787993761,197.9898,222.0
2017-05-28,8,209.9892,225.66613689579515,221.52283185625205,225.43912140486438,226.52178558479375,185.2679466091452,210.022,215.9831
2017-05-28,9,215.9942,228.31984451575806,223.65621981807308,225.6129705075969,228.13715359933147,187.67395874624373,197.9951,215.9719
2017-05-28,10,239.9564,230.65469041648484,225.05135044601428,225.89844112592118,229.28517974156722,194.3296171076426,197.9898,221.9885
2017-05-28,11,228.0057,233.64053782554464,226.6846164078827,227.4848411883186,230.71034268910137,204.78395754347298,215.9662,221.9885
2017-05-28,12,233.9938,233.67111390834546,230.90401557517131,232.26951254644754,233.17946815675288,210.48829570495997,209.9944,215.9496
2017-05-28,13,227.97,237.25284790972705,233.80797297450528,232.85230646646121,234.06425888562615,218.3092250608533,209.9888,221.9656
2017-05-28,14,233.9513,236.7819608359612,233.8781773198546,233.14582496138576,233.71873178450994,222.57518976018807,197.9743,221.9941
2017-05-28,15,227.9643,238.0490329888671,234.91057587112812,236.09508552101101,237.05976644485096,228.5153450758349,198.0,228.0118
2017-05-28,16,227.9764,238.16901703876158,235.4586856852259,236.14160886852835,237.05976644485096,232.84224330660476,197.9898,234.0
2017-05-28,17,198.0102,238.16901703876158,237.35797792305704,236.31506381514373,238.61664980283157,235.28466651811402,203.9731,228.0
2017-05-28,18,209.951,238.29202475041507,236.77815918203947,237.21241876573114,238.95369039410582,232.78911689599937,197.9743,215.9773
2017-05-28,19,197.9795,238.93286946976522,237.11118506024204,237.6820251429988,240.25503144759708,231.60210388973593,203.968,215.9831
2017-05-28,20,191.9901,238.93286946976522,234.61194341243333,237.6820251429988,239.59992333303023,226.14822541810634,204.0,203.984
2017-05-28,21,191.975,238.26420813641337,235.93441602957242,236.67121708546654,240.30647598558687,222.89513852379707,209.9944,221.9945
2017-05-28,22,191.9699,238.26420813641337,233.69268321228373,236.67121708546654,241.9335017825706,216.0297757056337,221.9941,203.984
2017-05-28,23,191.9699,238.73509521017922,236.90475335988967,236.377698590542,241.89320678788224,206.46453114659903,209.9892,216.0058
2017-05-29,0,192.0147,239.34835672912982,242.08705888497113,229.25281668981384,241.19392709723857,235.89522436030796,215.9773,203.9575
2017-05-29,1,203.9844,221.72935903539852,224.48579707655543,226.18233360040125,239.2207376050977,226.74990066891397,209.9944,209.9948
2017-05-29,2,209.9783,210.4676746847455,213.7733549010981,215.67188679567275,222.62520582422832,225.18869147768174,245.9488,203.9735
2017-05-29,3,203.9735,208.13282878401873,213.8330671017141,214.87869471922752,221.37226239632486,215.05461693934282,227.9643,203.9789
2017-05-29,4,203.9735,204.5354256187815,211.1242665616646,213.7660055019749,218.94957006018097,211.69039603008883,239.99400000000003,197.9845
2017-05-29,5,203.9844,201.99361939406575,207.848051545694,212.92545139285133,222.2894482527774,207.33132369058376,233.9938,198.0
2017-05-29,6,185.9563,201.7947692232784,207.89601276697942,211.92147924469685,221.96779598396466,205.58783531798326,227.9525,203.9949
2017-05-29,7,197.96400000000003,201.31751554409763,206.893218649978,212.22371966033714,217.87588884274524,205.9766277242449,227.9943,197.9792
2017-05-29,8,209.9836,200.88811610419074,208.52390294265578,213.15067913705664,217.87588884274524,208.42833227602205,228.0,209.9892
2017-05-29,9,191.9949,203.54182372415366,208.664343466026,213.32452823978917,219.76572014698,212.50508225572588,221.9885,215.9942
2017-05-29,10,209.9615,207.52588380107989,209.8701777780402,216.8679604260813,223.50531729341245,223.08202682649713,233.9875,239.9564
2017-05-29,11,191.9699,218.0677047516778,219.26963167929912,227.8957123663452,236.44339043945223,232.35889474941234,252.013,228.0057
2017-05-29,12,191.985,245.15698924322376,255.47495707309324,253.39539086808878,268.13283447792827,237.96445051297783,240.0064,233.9938
2017-05-29,13,191.9651,274.49136718776793,278.9469539353433,275.0302088173157,284.67422690742717,248.02743324668504,257.9936,227.97
2017-05-29,14,203.9731,280.6287825006022,290.7735657489009,286.4104760248164,300.35539997844273,257.37733997387426,269.986,233.9513
2017-05-29,15,215.9604,286.8664999945465,303.10798966002125,293.1963526837466,306.07955773977477,267.87043534525066,299.992,227.9643
2017-05-29,16,209.978,286.05983771380005,302.6959064321353,289.8524620172434,307.6079449990175,269.29809922718414,287.9847,227.9764
2017-05-29,17,215.9888,280.1416324148343,296.157747507658,283.7934502684467,303.08654553159755,267.17694358806006,282.0,198.0102
2017-05-29,18,210.0,279.6150682215503,288.35277996506454,282.89105895271194,303.8643376548146,266.222150338871,263.9859,209.951
2017-05-29,19,210.0108,280.8344072393985,297.95426409798984,283.3341246932245,306.3460058160267,266.2215010970091,282.0,197.9795
2017-05-29,20,215.955,283.4266653198937,298.47738370570073,287.13847294191294,303.03971288067294,260.2017760168737,275.9853,191.9901
2017-05-29,21,203.9891,266.6091132478039,280.1686193489842,270.37301719961664,294.78282247969963,250.71691730044233,258.0069,191.975
2017-05-29,22,215.9888,263.9516359704377,276.4787329374609,264.27921049273726,292.3960405782505,242.14544619124382,251.9672,191.9699
2017-05-29,23,221.9538,258.9355009407439,266.3207292527893,254.1375207072478,278.0298301952987,230.37835351897235,233.9942,191.9699
2017-05-30,0,216.0,249.1742106962875,248.4145354292945,249.89204975597067,250.16598825931882,240.44712067694854,233.9879,192.0147
2017-05-30,1,203.968,248.16833069599755,246.9682320531041,246.82156666655808,248.57862086298252,234.47172651678443,239.9688,203.9844
2017-05-30,2,203.968,237.22803218719406,233.8004292260124,237.19901755137388,240.5993670425079,225.17163505470688,228.0,209.9783
2017-05-30,3,203.9895,235.67486620143657,232.2529303013051,236.07791173618412,239.37776611635908,215.8792531335106,216.0,203.9735
2017-05-30,4,203.9524,232.39632475543547,230.84496431428067,234.96522251893148,236.9550737802152,210.97192352681964,215.9831,203.9735
2017-05-30,5,203.9735,227.67667847379255,226.63798921807418,233.64522133837596,237.23370770103602,206.741182501882,210.0,203.9844
2017-05-30,6,209.9836,227.4778283030052,226.24498277561122,232.6412491902215,236.9120554322233,202.79362916844298,203.984,185.9563
2017-05-30,7,227.9647,227.00057462382443,225.92726020571925,231.79687281134437,232.72889841703378,207.116491736622,215.9831,197.96400000000003
2017-05-30,8,222.0118,229.7362584922334,226.70924692725026,232.72383228806387,232.82014829100387,209.96390534739578,204.016,209.9836
2017-05-30,9,228.0057,232.07110439296017,226.1941143524672,232.8976813907964,234.7657686573731,213.88581860617046,209.9944,191.9949
2017-05-30,10,221.9945,234.14515333074345,227.8004298051614,233.69087346724163,234.89028077073655,222.4864725792814,215.9604,209.9615
2017-05-30,11,209.9839,245.21596807382906,239.72587547118155,239.44914385366815,240.486082750883,227.45546996382015,216.0112,191.9699
2017-05-30,12,252.0,254.75674007587745,255.51837733321813,262.6584501172213,264.282800654448,241.3579075009536,252.0,191.985
2017-05-30,13,269.9649,297.5599481991242,294.32943628041903,291.70641018022457,294.28395811027247,260.8422001789588,317.9921,191.9651
2017-05-30,14,288.0,288.7661315414159,294.006244091729,288.9460740514325,292.9490444646798,261.2729235331089,281.993,203.9731
2017-05-30,15,311.9511,286.7678231975608,286.8608979307998,291.1860114340828,289.90399743217074,265.15866487524335,270.0144,215.9604
2017-05-30,16,299.9765,286.7678231975608,287.3653114561846,291.23253478160007,291.3360786133428,266.9673526256675,263.9793,209.978
2017-05-30,17,282.0221,291.7232568411853,300.8430633041559,297.0827059451707,296.0508082387885,276.12727596874726,299.992,215.9888
2017-05-30,18,299.9375,283.94648348521986,294.1696721312398,287.8753777968429,298.85907291614484,270.6453545249982,282.0146,210.0
2017-05-30,19,317.9338,280.3277720225252,285.91354528583,289.8772686431172,294.19793703819556,262.61990967071006,251.987,210.0108
2017-05-30,20,281.9633,281.28275984442104,286.41833449657315,290.796178742061,293.76567916051914,262.4408959606994,270.0,215.955
2017-05-30,21,269.9582,267.88772760605525,276.2987297255039,277.0402226017401,285.3104322226687,250.88101986837006,245.9869,203.9891
2017-05-30,22,251.9672,267.14022597248066,275.5537165157289,272.7842360927483,285.0290702695061,248.28724056829952,263.9521,215.9888
2017-05-30,23,246.0,261.16910312089107,266.3258710133656,261.19596604763655,272.1095294235925,237.38621597443193,246.0,221.9538
2017-05-31,0,246.0062,251.94302413955413,251.7485754325957,251.64077997059533,242.7819892444723,247.72457215623058,246.0,216.0
2017-05-31,1,227.9821,250.93714413926415,245.53906422547317,248.57029688118286,241.194621848136,239.50133349960862,252.0134,203.968
2017-05-31,2,233.9821,240.32704866512606,234.29412333292586,239.14463022145344,233.21536802766138,228.47436744727668,233.9758,203.968
2017-05-31,3,227.9943,239.0640843458798,233.76619028392898,237.57844312910373,231.607945005708,217.44707970145782,209.9727,203.9895
2017-05-31,4,209.978,236.47621364409721,231.5893541677025,235.981381828973,229.57107476536868,213.69313231971088,216.0169,203.9524
2017-05-31,5,215.9662,232.34823889597052,225.76989157402454,234.01361433687092,226.47798603589072,210.60090142844643,215.9888,203.9735
2017-05-31,6,209.9507,232.14938872518317,225.23964536116097,233.00964218871644,225.83123842924277,210.05895350535428,216.0,209.9836
2017-05-31,7,203.968,232.92447215004498,228.9853108161903,232.17784806167077,225.78669541761064,209.20121683918495,197.9894,227.9647
2017-05-31,8,209.978,232.19695758696042,228.90292860623418,232.0062253983658,223.6277294877307,216.0194827610223,216.0169,222.0118
2017-05-31,9,234.0121,234.57902878113237,229.162354453588,232.56794240683502,227.52259184436602,224.48275623880266,233.9696,228.0057
2017-05-31,10,227.9764,236.5394827533353,229.81315078958343,233.8921766764874,226.81047931382216,234.29008299759198,257.9729,221.9945
2017-05-31,11,203.9949,246.32510663985968,236.68869251479083,235.41948846564608,227.53109696001545,235.22665277194875,233.9938,209.9839
2017-05-31,12,233.9634,254.9126555666146,256.242931784237,257.1564077999309,253.55974815233733,250.77148612562007,257.9665,252.0
2017-05-31,13,299.9685,284.10559770841917,289.4715324114513,278.7130848404999,267.3824364561569,262.76701457925765,275.9789,269.9649
2017-05-31,14,282.0,289.3253296738913,299.57142423872097,292.683158427849,282.07535669047985,274.10407244784,294.0152,288.0
2017-05-31,15,312.0083,281.55547572282995,293.13040926803865,287.36835325115123,279.90662399059863,279.104883199048,281.9854,311.9511
2017-05-31,16,287.9779,288.09033027754555,295.2490294619056,290.57037607139165,280.02108465388767,281.5049146988755,281.9633,299.9765
2017-05-31,17,288.0077,292.6793805396965,302.5637625063511,293.2767790937061,283.171159604246,284.98129205039675,300.0,282.0221
2017-05-31,18,305.9521,288.1544280843396,298.7314356852526,297.47601524255504,285.48395497982506,285.2597375668628,299.9770000000001,299.9375
2017-05-31,19,287.9554,281.2163537590679,286.8043844999566,292.96199361289223,296.8154518493921,281.21643353413214,281.9558,317.9338
2017-05-31,20,299.945,289.80264254379966,300.7376213487448,294.90315392785334,286.081677959997,278.2654223289714,306.024,281.9633
2017-05-31,21,275.9784,273.2611505134846,281.2306421425732,277.0435952619096,276.4331638584126,263.2509868940461,263.9864,269.9582
2017-05-31,22,245.9549,266.5760093725802,269.02946076431834,268.6427896481156,271.08381357469534,249.8146495371668,239.9876,251.9672
2017-05-31,23,221.9593,260.29476354871724,262.3228926362513,260.23861145318165,262.9039886658262,237.77884869628463,221.9712,246.0
2017-06-01,0,222.0,253.34518099777736,253.95283595821775,254.8245532484164,242.91408299611638,241.03470042133603,215.9888,246.0062
2017-06-01,1,215.9834,244.1085310863353,244.5147655550142,251.53835895075036,240.22841777615423,232.90374046087723,227.9882,227.9821
2017-06-01,2,221.9712,238.0025792113473,236.81304724358998,239.50600546539735,232.88719696408825,227.7300633292722,240.0,233.9821
2017-06-01,3,215.9888,233.13062214949846,233.17496103369479,237.93981837304764,231.6342535361848,219.18823277253574,233.9879,227.9943
2017-06-01,4,209.9783,230.26258420965104,223.88851845584068,233.52241071037614,224.74435883914617,209.99672426096785,221.9945,209.978
2017-06-01,5,209.9892,227.86167089645147,223.57509383990023,231.55464321827404,222.72700669614264,204.98806782676735,210.0164,215.9662
2017-06-01,6,203.968,224.60763625396,215.7271120574631,230.55067107011956,222.0802590894947,203.24692557096697,209.9892,209.9507
2017-06-01,7,198.0102,226.35587298674446,214.2252714787851,228.76696305554296,217.89710207430517,204.79566634094405,215.9608,203.968
2017-06-01,8,203.9629,225.92647354683757,216.18032338871325,229.69392253226246,217.89710207430517,205.44835549857916,215.9834,209.978
2017-06-01,9,215.9831,227.17881065088014,222.25642038016156,230.52614272007307,223.68036263064783,217.06547903254526,240.0064,234.0121
2017-06-01,10,203.9945,232.05076771272897,225.89450659005675,231.3193347965183,224.01459868362514,219.22133657583612,221.9712,227.9764
2017-06-01,11,215.9946,236.83864910857727,227.36412358049188,235.69761525989932,225.263318893674,225.2309166583351,227.9821,203.9949
2017-06-01,12,269.9582,250.35652662847008,254.605742375295,257.6575282106562,248.5342717815727,236.70168451181922,233.9938,233.9634
2017-06-01,13,293.9770000000001,280.5950291199184,281.722594784444,285.8596808931971,262.8669394965937,261.72063179790155,293.9770000000001,299.9685
2017-06-01,14,281.9779,289.75061346255785,294.24361156012714,296.1914040109499,277.2580184525756,266.6888983188517,293.9696,282.0
2017-06-01,15,293.9309,279.43495040931197,287.70933065633386,287.04265719870654,275.9843660565965,272.65360739802196,281.9558,312.0083
2017-06-01,16,324.0081,289.8635252113716,304.2352346719907,298.5695251590841,276.6529742976753,273.0818367606418,275.9568,287.9779
2017-06-01,17,300.016,291.3450588782608,306.5861463873738,301.69200598481126,280.143981974146,279.5825934696844,300.0,288.0077
2017-06-01,18,293.9618,294.7089675234098,303.648066712901,300.5175162100162,277.9622444530448,282.81268609895676,293.9774,305.9521
2017-06-01,19,300.0,292.86642350950365,306.17060454341777,302.1884174351969,280.86298661178125,273.0397724375736,263.9793,287.9554
2017-06-01,20,282.0,290.5038322509119,304.16681498621216,301.13146518153223,279.9347517386122,274.3811229672613,287.9775,299.945
2017-06-01,21,264.0,279.302548943896,280.58792721838336,285.4623769419337,272.7977001420261,257.94433320868603,245.9422,275.9784
2017-06-01,22,258.0198,273.5723956248874,273.12597833226977,276.64415632582285,271.5625589998179,244.1469227899389,228.0061,245.9549
2017-06-01,23,245.9934,265.4623910105146,263.6051683564441,263.3799397416072,257.3072374752722,233.40336978676385,227.9704,221.9593
2017-06-02,0,257.9798,254.79631907564766,258.72891355430033,253.8236266014403,245.05774943458968,251.6911450721883,227.9821,222.0
2017-06-02,1,245.968,245.10314839600562,248.05583787851526,250.75314351202775,243.501724540008,241.07989521955406,222.0059,215.9834
2017-06-02,2,269.9366,241.91737928197327,242.711773707565,240.13747585370902,235.77468163213746,231.14741882763693,209.9615,221.9712
2017-06-02,3,240.0124,240.22820244049106,237.00742111103364,238.5712887613593,234.90756030003857,224.7778976764444,216.0,215.9888
2017-06-02,4,257.9867,238.77006582883786,229.33690807302523,236.70319407045397,232.57611783786479,217.74843782585805,209.9615,209.9783
2017-06-02,5,233.9817,232.26180001661382,222.11728074558636,234.73542657835188,229.48302910838683,214.40659103385605,209.9615,209.9892
2017-06-02,6,215.9831,231.48520302662632,221.58703453272278,233.7314544301974,228.83628150173888,212.65135789023094,209.9783,203.968
2017-06-02,7,215.9946,230.7560021069068,221.60914563969604,231.9477464156208,224.74437436051946,213.0861489691999,210.0,198.0102
2017-06-02,8,209.9507,232.80404031950388,222.50809694473233,232.1639916580525,224.74437436051946,210.9392020224618,203.984,203.9629
2017-06-02,9,204.0051,232.80404031950388,227.52561416762867,232.33784076078504,226.68999472688867,216.9308603310027,203.9521,215.9831
2017-06-02,10,197.9845,234.4932171609861,229.07629229362792,233.13103283723026,226.99288827811134,223.26742977583876,209.9888,203.9945
2017-06-02,11,209.9888,237.59800500297317,236.26835351094655,238.16768438568937,230.4762326602961,232.80306323116798,215.9888,215.9946
2017-06-02,12,234.0183,258.1795665441377,267.6961822202552,260.71602246979785,255.38189478714042,248.98192162808,233.9817,269.9582
2017-06-02,13,300.0155,283.06174688172024,300.0322761054716,286.1178396871132,270.00438294222795,264.49589105546437,263.9793,293.9770000000001
2017-06-02,14,275.9494,290.85781195384754,301.89045287142574,290.8265064611103,280.45675782054735,273.6196593986044,281.9558,281.9779
2017-06-02,15,251.9605,289.17516593584764,304.8451299775409,294.61737135475255,279.5305130409154,275.73580948091075,257.9729,293.9309
2017-06-02,16,275.9858,282.61897547782877,295.1313156075881,289.9258489609808,291.1088649563561,284.7825653337112,269.9788,324.0081
2017-06-02,17,293.954,293.9455431224911,306.0179676670405,296.7248748279321,280.3958853642015,284.49780989171296,269.9856,300.016
2017-06-02,18,270.0072,293.931120926691,308.77976501587824,295.11617103000304,287.2322151531892,290.6502966115682,281.9779,293.9618
2017-06-02,19,282.0075,293.69419726640916,306.3513031336504,299.39012565595914,283.95078956374056,281.95445920946764,245.9488,300.0
2017-06-02,20,281.9925,290.06322539247327,297.98216133297336,293.936525348986,280.5161264573533,276.9882376601969,252.0063,282.0
2017-06-02,21,263.993,277.4813921219916,284.2105037836145,281.12539281048123,273.2803212561431,269.04110681841473,251.9605,264.0
2017-06-02,22,239.9752,274.39808476503697,278.3255380745896,275.579718006806,271.4711755651054,257.35326193147483,233.9696,258.0198
2017-06-02,23,233.9817,268.7077996921851,274.3897133094988,267.4009692094817,263.2600081544817,246.43629346228425,227.9761,245.9934
2017-06-03,0,221.9712,244.93190553155094,241.6848122082825,246.5330805127243,242.20470746582396,236.0656131769793,221.9945,257.9798
2017-06-03,1,221.983,243.79359837337304,240.59867853460415,244.21113030257277,240.61734006948765,225.08234242989326,215.9773,245.968
2017-06-03,2,215.9834,246.13242385492902,241.06684991986492,243.5429714274827,241.16866527336478,219.32369246359457,215.9773,269.9366
2017-06-03,3,216.0,240.7224064290551,235.47790146846845,239.67294846507676,237.1473224167881,207.4136427342343,203.9575,240.0124
2017-06-03,4,209.9562,237.12500326381786,231.93532056873647,238.07588716494604,235.2017020504189,202.7643172959597,197.9743,257.9867
2017-06-03,5,197.9898,231.6741808738895,227.31463655559227,233.7304331871277,231.1515655260196,198.40155294496998,204.0054,233.9817
2017-06-03,6,192.015,227.33883067039255,224.75343879715965,232.06808995389514,228.4371018634618,195.53829598011566,203.9626,215.9831
2017-06-03,7,191.985,229.087067403177,223.48459276032446,230.28438193931854,224.25394484827228,199.95309194103828,222.0,215.9946
2017-06-03,8,185.9755,229.087067403177,219.6978836352226,230.28438193931854,224.25394484827228,201.21696767663087,215.9831,209.9507
2017-06-03,9,185.9659,231.74077502313992,221.18892640170648,230.45823104205107,226.1124336507524,205.4071997765969,215.9719,204.0051
2017-06-03,10,186.005,234.0756209238667,224.50357823019755,230.74370166037534,227.26045979298814,212.1410645303158,221.9885,197.9845
2017-06-03,11,191.975,235.80601862777988,224.66789259983736,233.1284780309803,230.8276229523523,220.3449657562328,221.9885,209.9888
2017-06-03,12,197.9792,236.691655276204,232.17268637849952,237.7641334925145,235.18608303805445,228.9228480080797,215.9496,234.0183
2017-06-03,13,203.984,242.59169678298508,240.32936587251626,247.0789898084303,241.76086746479066,243.58589909784888,221.9656,300.0155
2017-06-03,14,161.996,241.98761698182938,240.40327490201744,244.19617663858406,238.4167663991017,247.9607491344425,221.9941,275.9494
2017-06-03,15,209.9783,238.9124454566823,236.9258275799353,240.04829420914626,234.55842508705186,252.28909501932793,228.0118,251.9605
2017-06-03,16,215.9885,242.10760103172385,241.75188075537082,244.63932442939014,239.8175050785192,259.49594194118345,234.0,275.9858
2017-06-03,17,210.0,243.5643398748281,247.76052631887578,249.70636844635084,244.5459006635202,261.91870527863193,228.0,293.954
2017-06-03,18,203.9786,244.69648907674872,248.9007434694645,248.81397052071586,242.8764243506025,257.1620357462548,215.9773,270.0072
2017-06-03,19,197.9795,247.2039607707999,249.129173973193,252.3475435942165,245.5172695958526,255.94479948803576,215.9831,282.0075
2017-06-03,20,215.9662,246.15814961904428,248.39668100980865,252.3475435942165,244.4763393854812,249.28631407802516,203.984,281.9925
2017-06-03,21,215.9831,246.49801707106494,244.12823462450856,248.45162659026704,241.7417153235472,244.91495527940845,221.9945,263.993
2017-06-03,22,209.9727,245.95830519821175,241.53224633280945,247.57628997326483,242.12202316518992,231.69092054619162,203.984,239.9752
2017-06-03,23,216.0,245.12523057076365,241.94544741646163,246.84070360027044,244.30434272850215,224.97016113491543,216.0058,233.9817
2017-06-04,0,227.9764,236.2941704509078,238.4883264902956,237.09415307565226,235.6333726019897,218.52699837582878,203.9575,221.9712
2017-06-04,1,216.0054,234.84078648747425,237.5303070526042,234.77220286550065,234.0460052056534,211.26120626305345,209.9948,221.983
2017-06-04,2,227.9643,233.341259819749,232.67166352985788,229.8244726944121,232.10983579099417,201.80667997602671,203.9735,215.9834
2017-06-04,3,234.0,234.4178514947301,232.67166352985788,228.76600706018334,230.96180964875842,195.23108719404803,203.9789,216.0
2017-06-04,4,233.9938,228.48560242876607,228.18949241265693,227.25915151206826,229.3464416342207,188.5029840829754,197.9845,209.9562
2017-06-04,5,228.0,225.94379620405033,222.91333591342953,226.0784614310443,233.39466881572818,184.2275536776716,198.0,197.9898
2017-06-04,6,203.9789,225.16719921406283,222.39686465850104,225.07448928288983,233.07301654691545,183.6837972868583,203.9949,192.015
2017-06-04,7,191.985,224.68994553488207,221.85090126318207,224.045998890124,228.98110940569603,183.4557368113256,197.9792,191.985
2017-06-04,8,185.9758,224.68994553488207,223.34194402966594,224.045998890124,228.98110940569603,188.0617431300993,209.9892,185.9755
2017-06-04,9,192.0099,229.67849905557176,227.57091125550892,224.21984799285653,230.41809598237455,193.7846923869227,215.9942,185.9659
2017-06-04,10,185.9808,228.6019073805907,227.57091125550892,224.5053186111808,231.53477962285567,204.2920997981687,239.9564,186.005
2017-06-04,11,192.0048,231.2668586580959,230.7877439102504,226.75078388225418,233.13832400824901,209.37914513356424,228.0057,191.975
2017-06-04,12,203.9945,231.60723575120005,235.00714307753904,232.06639103029656,235.42906803804132,218.28396180694878,233.9938,197.9792
2017-06-04,13,191.985,235.24113434167134,239.41045419550156,233.61496537393396,236.3138587669146,224.7361671029196,227.97,203.984
2017-06-04,14,203.9945,234.7702472679055,238.93001575781625,235.34641894755117,235.9683316657984,228.3049862109982,233.9513,161.996
2017-06-04,15,204.016,234.7702472679055,239.15049958969044,235.34641894755117,235.9683316657984,236.85514414031857,227.9643,209.9783
2017-06-04,16,209.9562,234.7702472679055,237.8286270941183,235.3929422950685,237.4004128469705,241.055528425245,227.9764,215.9885
2017-06-04,17,203.9735,234.89023131779996,240.77519127557153,235.5663972416839,237.73493896339284,236.5381291914021,198.0102,210.0
2017-06-04,18,209.9836,235.34805405966682,239.7395205167941,238.6577951300858,241.4130142150081,238.00857803279627,209.951,203.9786
2017-06-04,19,203.984,236.9211559017095,241.5701544441852,239.12740150735345,242.38925993066414,232.85033167013358,197.9795,197.9795
2017-06-04,20,227.9882,236.80117185181504,240.07956773063168,239.12740150735345,241.7341518160973,229.13863398632165,191.9901,215.9662
2017-06-04,21,239.99400000000003,236.46081836037814,240.0308456173862,238.11659344982118,242.44070446865393,223.18216560388237,191.975,215.9831
2017-06-04,22,233.9758,236.46081836037814,241.0693638023266,238.11659344982118,243.6819081698331,215.31810871004228,191.9699,209.9727
2017-06-04,23,215.9608,236.931705434144,241.7815004031364,236.38513987620397,244.0274352709493,207.6892198840972,191.9699,216.0
2017-06-05,0,215.9662,249.58922100337776,252.14292113430096,248.89221965088393,242.2167334736306,228.5181964230262,192.0147,227.9764
2017-06-05,1,215.9888,240.0806021710299,242.33461628587548,243.28720765987794,237.28833141695327,221.19888934835558,203.9844,216.0054
2017-06-05,2,203.984,236.0898765085268,235.28823931467466,234.65239522177086,232.65011225681968,215.6654158070212,209.9783,227.9643
2017-06-05,3,210.0,233.9317409903658,234.795433621173,233.5312894065811,231.39716882891622,208.45198588605953,203.9735,234.0
2017-06-05,4,203.9891,230.27422390140364,228.93257693744133,232.41860018932846,229.451548462547,203.39649471482537,203.9735,233.9938
2017-06-05,5,203.984,227.83255782956675,224.27581424304825,231.09859900877294,232.9286881950966,199.65481420750268,203.9844,228.0
2017-06-05,6,215.9493,226.02576937905638,221.29694358153534,227.5600979590251,228.94090592810764,192.81519344321475,185.9563,203.9789
2017-06-05,7,197.9951,225.54851569987562,218.3575765067757,225.9605039583372,224.84899878688822,194.92233572305327,197.96400000000003,191.985
2017-06-05,8,203.968,225.11911625996873,221.80367118318773,226.8874634350567,224.84899878688822,198.18962995086565,209.9836,185.9758
2017-06-05,9,203.984,227.83293780365656,225.53983271552906,227.06131253778923,226.79461915325743,199.92897085027377,191.9949,192.0099
2017-06-05,10,209.9944,229.99107332181757,226.0326384090307,227.85450461423446,227.0975127044801,208.7728191866856,209.9615,185.9808
2017-06-05,11,210.0108,235.42386373606772,235.53395769332076,236.77431424907175,233.78123679110084,212.77007296096042,191.9699,192.0048
2017-06-05,12,233.9875,248.50586276819735,256.8957753369057,258.06255728071807,257.6092971964205,221.15850263139487,191.985,203.9945
2017-06-05,13,270.0,272.24512344917963,275.9902696710929,274.94680749482717,268.99599044016594,227.13605300773753,191.9651,191.985
2017-06-05,14,269.9721,278.1572358559832,286.6173806128413,286.6386188050845,282.17778400000003,236.97989327912939,203.9731,203.9945
2017-06-05,15,300.0075,278.1572358559832,286.59964437909446,286.6386188050845,281.99940256214074,244.5254535695251,215.9604,204.016
2017-06-05,16,264.0207,278.1572358559832,287.02784950159963,286.68514215260177,282.17778400000003,247.61255786264746,209.978,209.9562
2017-06-05,17,251.9803,279.48225857740437,292.0251653526862,287.0116757131104,283.2187142103714,250.00354530801616,215.9888,203.9735
2017-06-05,18,258.0,280.2528882721118,290.5337346077051,288.10123473039306,286.655731270293,250.5460223751776,210.0,209.9836
2017-06-05,19,294.0078,279.47391894610496,294.0445647209684,288.7820982929609,286.4174477368313,247.67143565686277,210.0108,203.984
2017-06-05,20,257.9665,281.25826291986436,290.34918242374926,291.5343831353012,288.6593366411571,246.78155805767466,215.955,227.9882
2017-06-05,21,245.9742,271.92752919826887,283.352111697798,278.1382536308083,281.9379329035166,239.62248186154994,203.9891,239.99400000000003
2017-06-05,22,221.9767,267.9138197852512,281.44228526035744,272.0506621359134,280.6309229233069,234.0020747248516,215.9888,233.9758
2017-06-05,23,221.9885,260.7366326052217,271.6938073186381,258.62738746458007,265.58273986554104,225.20000201740373,221.9538,215.9608
2017-06-06,0,240.006,250.70317788880143,252.0424625179463,253.6701261294025,243.34069440770443,236.3815808484727,216.0,215.9662
2017-06-06,1,215.9773,242.0488379100643,242.85569351920495,250.59964303998984,241.36750491556356,225.41993525985373,203.968,215.9888
2017-06-06,2,233.9634,235.9428860350763,232.5199687928964,237.2529985709246,233.38825109508895,216.3307302503763,203.968,203.984
2017-06-06,3,239.95,233.60804013434952,234.00985970038988,236.13189275573484,232.1353076671855,210.1284361856226,203.9895,210.0
2017-06-06,4,233.9938,230.01063696911228,226.81176636032572,234.92899778646657,230.18968730081627,204.39567670075897,203.9524,203.9891
2017-06-06,5,227.9464,227.60972365591272,222.5811351792454,232.96123029436447,228.08108528384264,201.1497981369936,203.9735,203.984
2017-06-06,6,228.0061,227.41087348512536,224.55439794122805,231.95725814621,227.4343376771947,202.25889169096928,209.9836,215.9493
2017-06-06,7,227.9821,226.9336198059446,220.78979992309945,230.3576641455221,223.21983816025053,204.97313613272217,227.9647,197.9951
2017-06-06,8,221.9712,226.5042203660377,220.9294414492933,231.2846236222416,223.25118066200517,203.20995409525608,222.0118,203.968
2017-06-06,9,210.0,229.15792798600063,225.86527108297287,231.45847272497414,225.07832696273064,209.08059290249042,228.0057,203.984
2017-06-06,10,215.9831,231.4927738867274,224.3753801754794,232.25166480141937,225.41256301570795,214.60568896467805,221.9945,209.9944
2017-06-06,11,228.0057,237.53299238661828,230.43005139087896,237.28831634987847,230.82712142098785,219.3469565664983,209.9839,210.0108
2017-06-06,12,239.9624,252.45039674968257,257.1206572931025,261.2430420181668,254.4832551054104,237.06885098049966,252.0,233.9875
2017-06-06,13,276.0142,284.2664304451339,285.29490559412056,282.0734708676505,264.80088339714473,251.16300651620918,269.9649,270.0
2017-06-06,14,299.9770000000001,294.3222831097291,303.853567645723,299.6331597458908,281.86749758465436,261.19449870207865,288.0,269.9721
2017-06-06,15,263.9521,306.2621551430326,310.9566998304087,315.5188860562167,295.24226973090504,273.9819520610297,311.9511,300.0075
2017-06-06,16,264.0,293.90330619740047,310.478746022583,300.65516422254007,280.7157780692195,272.1001752186612,299.9765,264.0207
2017-06-06,17,281.9779,290.51785533453796,301.2267253107411,293.2181227973364,284.7573150645413,269.40613322584755,282.0221,251.9803
2017-06-06,18,257.9867,297.14545816052174,309.9299051873504,302.07125680033135,285.1640739167871,277.3283542324077,299.9375,258.0
2017-06-06,19,269.9856,310.0949465152668,320.447687016762,316.7015392073668,306.11394343006583,281.80891407091605,317.9338,294.0078
2017-06-06,20,293.9774,292.3868414543523,302.04800060984195,296.01003040740676,282.42624805313596,267.2048367637731,281.9633,257.9665
2017-06-06,21,263.993,277.4772898726709,281.012529479428,283.22922047455256,281.38551545419614,257.6815452146264,269.9582,245.9742
2017-06-06,22,228.0,270.3798031344225,274.09752747867213,273.8309176394473,275.86406217496597,244.4985912645563,251.9672,221.9767
2017-06-06,23,240.0,265.0594882257608,265.9965240159636,262.2512927752653,264.26833826446955,234.9405738896196,246.0,221.9885
2017-06-07,0,222.0115,255.14465493599783,252.80654791047283,256.5528068729992,248.97825162342264,257.37738831332825,246.0062,240.006
2017-06-07,1,215.9942,251.30191957376428,249.10950594149438,250.63365012969675,243.7137822422731,243.43984163247865,227.9821,215.9773
2017-06-07,2,215.955,242.61616649419923,236.9766668914013,241.33665393330205,238.34467508474052,238.70540711241267,233.9821,233.9634
2017-06-07,3,203.984,242.26571514232333,236.62806110133178,239.98617804920588,238.15868697870826,231.69065266339325,227.9943,239.95
2017-06-07,4,209.9948,238.07466072895187,235.9810341837997,238.17340554082162,234.7916316964179,222.7843000771903,209.978,233.9938
2017-06-07,5,197.9588,234.5608074126679,229.27497317597738,234.5014735626544,232.62315198702927,220.27757977649048,215.9662,227.9464
2017-06-07,6,197.9845,234.36195724188056,228.61422952307578,233.49750141449994,232.06765425435142,218.0260884139898,209.9507,228.0061
2017-06-07,7,210.0052,233.8847035626998,227.67098264419758,232.65312503562282,227.975747113132,217.78058611700442,203.968,227.9821
2017-06-07,8,203.9575,233.15718899961524,229.09275338408747,232.39838310988094,225.90803105722216,222.45986208988572,209.978,221.9712
2017-06-07,9,203.9789,235.49203490034202,224.72520238325868,232.57223221261347,227.64392748397754,230.39731464473084,234.0121,210.0
2017-06-07,10,227.9939,237.7498381546917,228.0291114242198,233.3654242890587,227.9468210352002,235.57524813465557,227.9764,215.9831
2017-06-07,11,215.955,249.74278696715447,239.44990386921117,239.1461733825477,235.46206126656892,238.75591406513587,203.9949,228.0057
2017-06-07,12,221.9767,255.49201341798465,255.81257527085143,261.4593478548724,256.2721642895165,252.62157715838907,233.9634,239.9624
2017-06-07,13,245.9619,289.83596240922805,295.1253376385558,287.69516566262314,275.322966321142,275.48505447025696,299.9685,276.0142
2017-06-07,14,275.971,292.64337943004404,298.8615083775841,297.49394342777686,284.3683948496697,280.4816435072038,282.0,299.9770000000001
2017-06-07,15,275.9568,306.20965006826543,304.365373901664,306.89198401860114,297.0190701541293,287.8960454454466,312.0083,263.9521
2017-06-07,16,257.9531,293.5436263729137,299.42298331698777,293.72692485312507,282.55048486877706,286.82466231986797,287.9779,264.0
2017-06-07,17,282.007,297.14886293901026,304.4333252031205,298.90056720714847,287.0325917936391,290.2208166041748,288.0077,281.9779
2017-06-07,18,269.9582,289.5861172435704,299.92920173958794,294.1367336772844,287.7430566463057,289.8386078579388,305.9521,257.9867
2017-06-07,19,257.9729,290.9554523623724,302.8937572575811,295.78442514515547,289.2479918014193,285.23899214593035,287.9554,269.9856
2017-06-07,20,251.9866,290.36548475721816,307.25876073945403,303.0715095245298,289.90130236718994,285.600964493229,299.945,293.9774
2017-06-07,21,257.9463,278.07964456806263,284.77916023879254,282.41746812517925,279.85565245393946,272.36375764206434,275.9784,263.993
2017-06-07,22,222.0115,271.0209036793529,271.32946306156094,272.2135384136945,275.01851080729875,256.09446431658654,245.9549,228.0
2017-06-07,23,209.9727,265.4887201730992,264.6197464430869,262.52148550581785,267.59024993091435,244.60699846575915,221.9593,240.0
2017-06-08,0,209.9836,241.0905393353147,246.43571458392148,231.24011132808036,233.66003836290855,237.05692004844065,222.0,222.0115
2017-06-08,1,203.9945,237.06162767638187,240.2599963524388,228.16962823866774,232.07267096657225,227.0497475630939,215.9834,215.9942
2017-06-08,2,203.9789,214.61152471234087,218.50287902219182,216.46918043534987,216.87006652134986,220.57221290774908,221.9712,215.955
2017-06-08,3,185.9758,212.4682769812368,214.5203959771663,215.2309070817447,215.6171230934464,211.83130886218848,215.9888,203.984
2017-06-08,4,185.9805,209.30633199407657,214.47107959302676,213.63384578161399,213.2856806312726,206.30967612400076,209.9783,209.9948
2017-06-08,5,185.9904,204.72757862394982,207.69463177504187,212.38201724779998,215.23552412715424,202.07691632470323,209.9892,197.9588
2017-06-08,6,179.9907,203.95098163396233,206.68070190395358,211.3780450996455,214.5887765205063,199.81390972297237,203.968,197.9845
2017-06-08,7,185.9709,203.47372795478157,206.11887545070053,211.13156004392422,210.49686937928686,200.70937463310966,198.0102,210.0052
2017-06-08,8,179.9955,205.6980361348376,209.8404361963471,212.05851952064373,210.49686937928686,204.67689167834436,203.9629,203.9575
2017-06-08,9,185.9904,207.9162855767235,208.35054528885362,212.23236862337626,212.26410830779687,211.4738399476832,215.9831,203.9789
2017-06-08,10,192.0099,209.99024089564418,212.6074931258128,213.68393178489956,214.81309935278858,217.24708867886983,203.9945,227.9939
2017-06-08,11,209.9836,233.16103545817649,232.76477483469367,220.87502929473047,217.80317882644025,225.10720232769512,215.9946,215.955
2017-06-08,12,210.0056,246.40058240788628,256.1485027277872,247.01264674280586,246.0007685642668,243.06197891914235,269.9582,221.9767
2017-06-08,13,269.9933,277.22269247335265,281.7434481014593,273.53932652901824,266.2841348048295,256.81714068719634,293.9770000000001,245.9619
2017-06-08,14,251.9475,284.94796483217294,288.55071144935994,288.27402001430346,277.5099362981197,263.5736765410021,281.9779,275.971
2017-06-08,15,252.0,287.0022438036382,290.61882792485665,291.85143519178666,278.62081685456013,270.9532962725379,293.9309,275.9568
2017-06-08,16,263.945,298.26793521135994,299.4325609012067,313.7342100977461,299.27232667951523,278.5748342087089,324.0081,257.9531
2017-06-08,17,239.9872,288.8634807359849,294.809975066064,295.88073773873924,280.6117000722284,277.9661620934944,300.016,282.007
2017-06-08,18,275.9858,290.9871658990946,291.47992921827745,289.20570695549816,283.16168969154097,274.83803551546436,293.9618,269.9582
2017-06-08,19,269.9582,288.58959744341087,291.04104655259,290.3985126128575,280.33960546147233,272.5811564043787,300.0,257.9729
2017-06-08,20,245.9934,285.6324721436415,285.4444231149146,284.26070260381323,282.24106649040755,264.3747996107933,282.0,251.9866
2017-06-08,21,246.0,272.86722285850067,272.21332976920195,272.0073907174807,273.1336115035641,255.61437660722902,264.0,257.9463
2017-06-08,22,239.9564,266.7247239421481,272.4985467488131,263.52799798131923,273.0658715576019,243.9061979477578,258.0198,222.0115
2017-06-08,23,246.0066,260.44942121159056,261.0589105991187,251.02946301819327,260.4174376729621,232.40410472881535,245.9934,209.9727
2017-06-09,0,252.0134,252.69550273757255,255.96328542505978,254.85085272836469,246.73267841329064,252.4746372621749,257.9798,209.9836
2017-06-09,1,227.9586,249.42323647793066,253.46889841793418,250.86145954000838,244.09260104281105,241.25357227508434,245.968,203.9945
2017-06-09,2,210.0,240.0009186277913,240.8012658905692,241.16470198063345,237.80409020488838,238.15323536277083,269.9366,203.9789
2017-06-09,3,197.9947,240.12252248087654,239.89197395164277,238.67960478933995,235.4984368028416,224.2109964948715,240.0124,185.9758
2017-06-09,4,191.9699,239.00408066736867,235.64927207798516,238.00145358815303,234.12845444084104,222.6721223644592,257.9867,185.9805
2017-06-09,5,197.9947,234.3969856603819,229.99084392777095,235.11477599710713,229.98265573721977,214.947161002664,233.9817,185.9904
2017-06-09,6,191.9699,233.6203886703944,227.48587129019873,234.11080384895266,229.36725063232646,209.81886020005248,215.9831,179.9907
2017-06-09,7,203.9895,233.14313499121363,228.19460377155542,233.08231345618682,225.27534349110704,211.2992746695321,215.9946,185.9709
2017-06-09,8,221.9478,233.1565818438187,228.4713776500063,233.29855869861854,225.36659336507714,212.69132288972924,209.9507,179.9955
2017-06-09,9,221.9597,234.2863159339481,231.44585618847972,233.47240780135107,227.31221373144635,216.6539339560207,204.0051,185.9904
2017-06-09,10,221.9885,233.20972425896701,231.44585618847972,234.2655998777963,227.61510728266902,221.93786423686868,197.9845,192.0099
2017-06-09,11,227.9525,244.71238510038773,244.86874346359224,239.14521203732022,231.27683310271297,232.67677011736203,209.9888,209.9836
2017-06-09,12,233.9879,250.89620253582612,256.64052362202176,257.3122980883959,250.38194779538063,244.41219471275582,234.0183,210.0056
2017-06-09,13,275.9784,281.9327152820125,291.1331539204781,282.0129494960697,271.2279170130284,269.64229369321583,300.0155,269.9933
2017-06-09,14,245.9934,285.59399091962536,292.6362604626461,288.6241264646542,275.43065293127574,269.6509457689506,275.9494,251.9475
2017-06-09,15,258.0,280.187709832017,282.9984485376308,284.878566443804,273.1542210081575,270.21658233742943,251.9605,252.0
2017-06-09,16,305.9439,286.0223164827184,294.35563573642935,289.9426108724624,276.8627341124478,279.5302233177925,275.9858,263.945
2017-06-09,17,287.9621,284.3548973547318,293.15030756245255,287.01165657027525,280.45004786698917,282.47552049971887,293.954,239.9872
2017-06-09,18,245.9934,285.4962666419098,294.88670633164634,290.45658914723464,283.91430682133563,280.7512056470752,270.0072,275.9858
2017-06-09,19,245.9549,287.00324327230874,298.75574226579397,287.58439431257244,285.3815661286241,280.1841767847402,282.0075,269.9582
2017-06-09,20,251.987,283.92807174716165,291.374307281847,284.7728369843952,281.4091036582681,273.70645917823856,281.9925,245.9934
2017-06-09,21,269.9788,271.3020956206585,276.2907648477859,275.0156516423559,276.70265203054936,264.3453972138214,263.993,246.0
2017-06-09,22,257.9867,267.6921260049012,273.70249510304444,269.4264033567391,273.84079636536836,251.9325373802474,239.9752,239.9564
2017-06-09,23,245.9807,261.7150600600062,265.7817353504931,261.5685049584832,265.62962895474465,243.21521852642456,233.9817,246.0066
2017-06-10,0,251.9605,236.22017471003673,235.7602712728115,237.4429753729742,243.20673947253178,227.4149262612728,221.9712,252.0134
2017-06-10,1,257.96,232.9712560287098,234.7055359133423,230.3389302238938,240.55241675432427,216.43132138042006,221.983,227.9586
2017-06-10,2,245.9676,228.22826027834978,231.80753816745954,224.48084405791127,236.00610067672304,205.57179380396386,215.9834,210.0
2017-06-10,3,251.9672,227.0985261882204,226.70777088501416,223.42237842368252,234.8580745344873,197.62401513919895,216.0,197.9947
2017-06-10,4,222.0,225.7119843504341,222.89504033349118,221.8253171235518,232.5266320723135,190.69832903535166,209.9562,191.9699
2017-06-10,5,215.9665,222.0268558948194,217.9254202903292,219.8575496314497,229.43354334283555,185.6976314441999,197.9898,197.9947
2017-06-10,6,203.9844,219.54941824231543,216.4800755931124,219.8575496314497,228.7867957361876,182.8185808342443,192.015,191.9699
2017-06-10,7,197.969,221.29765497509987,217.62626883708054,218.0738416168731,224.69488859496818,184.90577173310177,191.985,203.9895
2017-06-10,8,191.985,221.29765497509987,216.96511118623263,218.0738416168731,224.69488859496818,188.43043917806256,185.9755,221.9478
2017-06-10,9,197.9743,221.74050126761185,217.87743624032632,218.24769071960563,226.6405089613374,193.1946816838385,185.9659,221.9597
2017-06-10,10,185.9709,222.87023535774122,222.7567196908975,218.5331613379299,227.78853510357314,199.37196618178427,186.005,221.9885
2017-06-10,11,234.0,227.76425593485564,225.03161738884413,221.26402359002256,231.8489631714704,208.1750248074308,191.975,227.9525
2017-06-10,12,216.0,227.56857702227427,226.70514597195432,225.11161677024361,234.1397072012627,217.39514376614892,197.9792,233.9879
2017-06-10,13,228.0,237.15056339753897,236.64335974244676,235.59016848224763,239.91845206230238,229.83079017746627,203.984,275.9784
2017-06-10,14,239.9812,233.8822397625848,230.2611934856691,228.76211854791418,233.54339175201474,225.6360215430652,161.996,245.9934
2017-06-10,15,227.9882,236.62530637723086,232.6407048758389,234.56169955217837,233.54339175201474,241.3863359442176,209.9783,258.0
2017-06-10,16,203.9575,246.33479280285087,240.56320704835673,254.98271125888036,235.83217521445786,250.85461370809776,215.9885,305.9439
2017-06-10,17,185.9758,247.38060395460656,246.81414615067993,258.3725451309563,242.09878614731096,249.91955373331945,210.0,287.9621
2017-06-10,18,185.9758,252.65051215323103,252.1609513293835,253.69422810043602,238.77835036161062,244.62503897287684,203.9786,245.9934
2017-06-10,19,209.9618,246.58775099446655,247.26783069440407,254.13422410625708,240.07969141510188,241.1273298767453,197.9795,245.9549
2017-06-10,20,215.955,245.54193984271095,246.19343533785835,254.13422410625708,239.8104053963396,240.76252375492516,215.9662,251.987
2017-06-10,21,215.9888,246.45881222674547,247.60604851024877,259.78390529811395,244.75185446313793,236.30707514217454,215.9831,269.9788
2017-06-10,22,227.9939,240.15150251412675,240.02789091278476,251.17276696567245,243.14465185465056,226.48598956030528,209.9727,257.9867
2017-06-10,23,221.9826,240.34465462393382,241.09450765555457,253.85293447056804,246.0785354504476,218.0316607651701,216.0,245.9807
2017-06-11,0,215.9496,232.89636408179658,230.36428628221134,238.46153268154328,237.34765351176767,227.13968639125156,227.9764,251.9605
2017-06-11,1,222.0118,227.6280254179003,230.6243389313678,229.40101519747645,231.39062525806133,216.25553141834698,216.0054,257.96
2017-06-11,2,221.9882,224.00266131559837,228.44814860671474,222.32892192559083,233.82411670077215,208.99460116141853,227.9643,245.9676
2017-06-11,3,209.9615,221.46282356999072,223.4174688985952,221.27045629136208,232.6760905585364,203.54570869771402,234.0,251.9672
2017-06-11,4,203.984,214.84026581897933,217.99730764360092,216.71632785478286,226.17566059201178,195.26983487846212,233.9938,222.0
2017-06-11,5,209.9836,212.2984595942636,214.64657061922512,215.7084961080443,227.20865516772676,190.11738167608024,228.0,215.9665
2017-06-11,6,215.9719,212.2984595942636,215.14084758482414,215.7084961080443,226.68449993680355,183.1715845172735,203.9789,203.9844
2017-06-11,7,239.9816,211.56925867454407,214.62903050083648,214.20721945284873,222.59259279558412,181.33552940736917,191.985,197.969
2017-06-11,8,215.9719,211.56925867454407,214.62903050083648,214.20721945284873,222.59259279558412,182.7802261737044,185.9758,191.985
2017-06-11,9,203.984,214.04669632704804,216.0928227175443,214.38106855558127,224.20796081012185,189.52201075674674,192.0099,197.9743
2017-06-11,10,197.9739,216.31611310201222,221.32002701636952,214.66653917390553,225.3559869523576,193.7508449867099,185.9808,185.9709
2017-06-11,11,203.9735,221.90572301928376,220.0439748792163,219.3735669855493,230.43223477422313,206.9032618488789,192.0048,234.0
2017-06-11,12,197.9845,222.89121230063245,223.53067645553574,224.3519746938184,229.38194414367442,215.44076471217858,203.9945,216.0
2017-06-11,13,216.0112,232.89938077705946,228.6693543378541,235.46324013497704,233.6077695328887,222.0442850028394,191.985,228.0
2017-06-11,14,215.9662,236.28592083726707,233.9700251399366,240.7924189539596,234.3291977536437,232.5093756404444,203.9945,239.9812
2017-06-11,15,197.9792,245.14752291510632,242.36687054170585,246.48442628920486,233.2622424317725,237.1751703562885,204.016,227.9882
2017-06-11,16,197.969,253.91587391002938,249.67257082054198,260.00025505537695,229.92120777143148,240.14485181956695,209.9562,203.9575
2017-06-11,17,197.9947,254.62071414793436,251.30007062321144,261.66461073775054,231.4780911294121,239.37502632549518,203.9735,185.9758
2017-06-11,18,210.0164,258.31234501568827,253.51894248520776,263.3985066119703,235.15616638102736,240.371980937329,209.9836,185.9758
2017-06-11,19,210.0,259.09932148791205,255.14465125215332,263.83850261779133,236.45750743451862,239.07004775050208,203.984,209.9618
2017-06-11,20,239.9752,258.3944812500071,254.13092291455243,263.83850261779133,237.02475656151006,239.6886700387161,227.9882,215.955
2017-06-11,21,252.0,252.09342515650312,246.63484345898078,266.9259611484214,239.47871100977204,235.58248503538147,239.99400000000003,215.9888
2017-06-11,22,239.9816,244.77682883932627,241.14010378493998,263.9232592259696,243.53337341784467,227.66896352550398,233.9758,227.9939
2017-06-11,23,233.9692,240.92208905480905,236.1934361928871,255.87753025239965,240.72889083471995,214.78085486048514,215.9608,221.9826
2017-06-12,0,227.9821,239.6127687422074,235.3917799463992,246.596719763298,244.8980266680533,259.29898137195465,215.9662,215.9496
2017-06-12,1,227.9764,223.0246600212943,224.74550029547467,233.47529983604298,243.310659271717,250.45767890695257,215.9888,222.0118
2017-06-12,2,221.9771,215.90385112728345,221.0662936303844,217.85038264347403,234.94558335543783,239.49423841344355,203.984,221.9882
2017-06-12,3,215.9777,213.6990453116014,213.70752233370555,216.72927682828427,233.69263992753437,232.14590926155066,210.0,209.9615
2017-06-12,4,215.9719,210.2779121138231,209.34179266251147,215.61658761103163,231.74701956116516,224.81178135289213,203.9891,203.984
2017-06-12,5,215.9719,207.26214990602975,205.85339938886452,214.2965864304761,231.93440360801588,221.83350173827307,203.984,209.9836
2017-06-12,6,209.9562,207.26214990602975,208.49991048124824,214.2965864304761,231.19640612739784,223.4226470737902,215.9493,215.9719
2017-06-12,7,203.9786,209.83451369242218,209.78347335550248,216.95113936807545,231.60373884236074,223.2945356444763,197.9951,239.9816
2017-06-12,8,221.9941,206.10354954640334,207.4491870520742,214.39628741310983,227.1957488601485,220.84440692898266,203.968,215.9719
2017-06-12,9,215.9662,208.5809871989073,207.15527992272428,214.57013651584236,229.14136922651772,224.90795899167347,203.984,203.984
2017-06-12,10,239.9688,210.78579301458936,211.87062572452967,215.3633285922876,229.4442627777404,232.20783313243663,209.9944,197.9739
2017-06-12,11,246.0062,219.3042609507419,212.59688207200824,221.0839110945684,235.95083962167325,240.51141032055247,210.0108,203.9735
2017-06-12,12,257.9531,240.03521037088004,235.42735919877515,248.6810399562956,259.56917608737916,252.72540211551987,233.9875,197.9845
2017-06-12,13,299.953,270.4046465269089,266.2291560598396,276.08686379537187,272.0085793052678,269.3382439664345,270.0,216.0112
2017-06-12,14,300.0075,285.42695170745117,285.2166050607943,291.2917719003587,281.8058163652292,276.61320095031965,269.9721,215.9662
2017-06-12,15,335.9474,305.7172650585253,306.5863771524679,306.86396954956905,287.5299741265612,286.66507919428193,300.0075,197.9792
2017-06-12,16,317.9671,307.19281016191053,298.7074146781489,306.85325219074355,283.23789754640126,284.02340316837336,264.0207,197.969
2017-06-12,17,336.009,306.23782234001465,297.77592865620295,306.26087565230836,282.84029568682485,283.8819398889019,251.9803,197.9947
2017-06-12,18,348.0087,309.1726654599503,303.71305699623196,307.2631158148578,287.71584481669424,290.63833744784245,258.0,210.0164
2017-06-12,19,335.9563,313.49626988515683,318.75934624894734,311.07537037890773,293.29802512263524,295.0890400910351,294.0078,210.0
2017-06-12,20,311.9511,312.98831070489405,307.770708669837,311.336558280409,290.400583413625,286.3690152069062,257.9665,239.9752
2017-06-12,21,323.9239,297.3332328255398,291.67163824691625,300.38914102635886,283.69273827147987,278.6376580065939,245.9742,252.0
2017-06-12,22,287.9703,281.44882299468526,280.6511249745067,290.20799393846653,281.91493508219673,264.82677644954333,221.9767,239.9816
2017-06-12,23,269.986,265.5040183783032,263.5197136702602,273.87263500577336,272.68109667781437,255.14728098317522,221.9885,233.9692
2017-06-13,0,258.0,263.48987544093666,266.1073926600332,272.2284660770728,251.65829696609669,283.42866339070304,240.006,227.9821
2017-06-13,1,251.9735,248.4751167064675,255.04834324257558,264.8698470337744,249.59860312994385,269.29283641706,215.9773,227.9764
2017-06-13,2,257.9867,241.797717710431,250.16482187354865,246.54761449284683,239.31351128771047,263.3906570650986,233.9634,221.9771
2017-06-13,3,251.974,239.32028005792702,249.84741496132597,245.42650867765707,236.17216966009966,256.5019540911278,239.95,215.9777
2017-06-13,4,233.9879,237.86214344627382,244.38341651955773,242.82130373192848,233.74947732395577,249.66152644330288,233.9938,215.9719
2017-06-13,5,233.9754,232.76436248530888,238.1380393809905,240.0813515698383,229.90993971656505,244.91687218145856,227.9464,215.9719
2017-06-13,6,239.9816,232.76436248530888,234.39790688827046,239.65738042751175,229.2631921099171,243.08683911393632,228.0061,209.9562
2017-06-13,7,251.9937,230.79157219637688,233.7022655811481,238.83012193342597,224.87694981579608,243.59455409909913,227.9821,203.9786
2017-06-13,8,251.9803,229.47650327395218,237.04929549501978,239.04636717585768,226.2930215756869,242.91419521221692,221.9712,221.9941
2017-06-13,9,251.9803,229.47650327395218,237.54236374999468,239.22021627859021,222.87255184744438,245.3196499120284,210.0,215.9662
2017-06-13,10,215.9773,234.1858192292811,237.9678150267002,242.79714439291016,231.75709310580407,255.52712786189986,215.9831,239.9688
2017-06-13,11,239.9816,245.29018960918944,245.01591992409115,252.111304437249,235.8057117580087,266.24721734645647,228.0057,246.0062
2017-06-13,12,275.9494,273.2495203169265,267.5924309774895,280.03669016205447,257.60385332613527,277.96744359633163,239.9624,257.9531
2017-06-13,13,323.9752,311.6824426823384,313.7162219851534,311.11683001220456,273.4920191273062,296.9594329864795,276.0142,299.953
2017-06-13,14,360.0,330.42927111863116,333.722521502108,330.73475826685535,286.1386104839051,308.94940465551366,299.9770000000001,300.0075
2017-06-13,15,359.925,343.9045565168967,350.1872666288397,331.44290109364357,297.59773133037356,311.51781898739887,263.9521,335.9474
2017-06-13,16,335.9558,342.50624308041364,348.7503138317714,332.11482097188394,299.01031673925183,314.1619728464334,264.0,317.9671
2017-06-13,17,342.0177,342.64796987300207,349.1168391767257,328.92099907085725,299.6849206261125,321.4999935825106,281.9779,336.009
2017-06-13,18,371.9609,338.2545739857679,348.12283208899294,336.58240758345454,306.3533074232661,322.4542476657923,257.9867,348.0087
2017-06-13,19,365.9616,335.05144666760253,342.7996143175759,331.4707640617072,303.8862423347295,321.1673260619026,269.9856,335.9563
2017-06-13,20,354.0183,331.7075619550247,344.31700119710786,332.4277405881102,292.22592490354094,318.82431126833967,293.9774,311.9511
2017-06-13,21,341.9823,324.0950475100914,338.56315415700135,320.5883247498158,299.91360324576044,307.56956511617193,263.993,323.9239
2017-06-13,22,305.9602,308.23651884039225,317.7199665773091,309.45837933445574,285.0312541188033,289.1206856766378,228.0,287.9703
2017-06-13,23,305.976,287.6096430989071,289.9777266269626,286.9901043599601,272.02450859339274,280.49637639093584,240.0,269.986
2017-06-14,0,287.94,290.44080710858714,294.3744417105954,300.6914698864166,282.31548496944333,297.56577378873214,222.0115,258.0
2017-06-14,1,281.9483,277.9972126427684,284.8421990839368,296.22582756683295,280.1998636327956,286.24289154492686,215.9942,251.9735
2017-06-14,2,275.9641,269.5257815813469,275.1412118741607,277.1898799110766,270.53868029360046,277.95453092077497,215.955,257.9867
2017-06-14,3,269.9793,269.5257815813469,274.6130793888015,274.5363253606566,265.3309730010181,267.5744122964129,203.984,251.974
2017-06-14,4,263.9723,265.82519349843824,270.0844444926954,270.8427932487172,262.31839731277756,261.2960244547937,209.9948,233.9879
2017-06-14,5,269.9788,259.0370740587576,260.9958699535832,264.2475673158038,257.93642909835495,255.3781260892718,197.9588,233.9754
2017-06-14,6,246.0,260.3272722891934,259.73323038369574,264.0393073817308,258.35663681357806,254.6594088948604,197.9845,239.9816
2017-06-14,7,210.0,258.23691014147215,258.2736501258367,263.212048887645,253.97039451945713,259.1665665693491,210.0052,251.9937
2017-06-14,8,221.9771,255.9740960913179,256.3235170716703,263.4282941300767,253.97039451945713,256.8569994660266,203.9575,251.9803
2017-06-14,9,221.9656,255.9740960913179,255.99111806175458,263.6021432328092,255.91601488582646,262.16374006858734,203.9789,251.9803
2017-06-14,10,221.9593,253.74221778849284,255.56566678504907,263.4967222869332,256.7791060314664,270.25119652149795,227.9939,215.9773
2017-06-14,11,270.0,268.1337625806385,267.92976142615186,277.9207532462939,263.1873842488767,278.11597534451954,215.955,239.9816
2017-06-14,12,311.9589,300.24165513635427,296.7338081896725,309.563849690698,280.72649667984183,291.0207304413431,221.9767,275.9494
2017-06-14,13,317.9422,345.4545147971446,354.5231778540892,345.4804266810931,309.77632503052195,308.3375351954569,245.9619,323.9752
2017-06-14,14,300.0,381.2336694461859,377.59294486104085,381.7883969275701,345.7528985066172,324.9195127711787,275.971,360.0
2017-06-14,15,299.9375,389.08861368066187,387.0878893365851,385.8325733653645,346.3974321257544,331.05605672791853,275.9568,359.925
2017-06-14,16,317.983,373.15376818544166,380.68711037533484,367.22084514501313,322.73799097603154,329.7274790229193,257.9531,335.9558
2017-06-14,17,335.9474,373.3040403834733,383.5773660441682,370.1364514112333,326.32667572118953,337.1313911349421,282.007,342.0177
2017-06-14,18,324.0,378.85972028910356,367.10118511098693,386.30819942960153,351.01755222614867,342.0198933210607,269.9582,371.9609
2017-06-14,19,348.0087,376.24657227688095,374.70889814715684,388.2270392489732,350.31062429953505,336.70298227479265,257.9729,365.9616
2017-06-14,20,294.0,369.7699541610476,378.6837274156046,375.05426292695125,332.6448859572883,329.7291128103726,251.9866,354.0183
2017-06-14,21,287.94,355.77507555558134,372.5359312706886,359.85093326829616,326.21183951460347,323.05833506614727,257.9463,341.9823
2017-06-14,22,275.971,328.0699334272601,333.9836563506323,334.4015148605018,305.75385221481685,304.5594152951615,222.0115,305.9602
2017-06-14,23,287.9323,315.7019904852933,322.31095000708154,319.95486969757314,292.22899989300134,292.9597255852288,209.9727,305.976
2017-06-15,0,269.9933,278.3748311341042,281.26395786948,278.56986226490744,275.0366209330587,287.52964782262364,209.9836,287.94
2017-06-15,1,275.9641,263.4783967245398,266.54547979294625,272.5345656006833,269.7494873693906,276.63427957167346,203.9945,281.9483
2017-06-15,2,251.9605,256.9897984497861,257.6047845573566,258.5601032965545,260.7263370386041,267.6162143999038,203.9789,275.9641
2017-06-15,3,269.9717,256.5469521572741,257.0283966832259,254.75832456018583,258.13388941894175,256.4198969562895,185.9758,269.9793
2017-06-15,4,251.9803,252.44196958356673,247.79813804527652,250.33545706571383,253.70077443403605,250.37250129933344,185.9805,263.9723
2017-06-15,5,245.9742,248.94618062250092,247.97038611522802,248.2741952969707,252.3637731473706,247.48491009761025,185.9904,269.9788
2017-06-15,6,257.9733,245.0944121073662,237.8296692464632,244.458665820639,249.22953092218634,242.8581012006709,179.9907,246.0
2017-06-15,7,245.9742,240.5760879244203,232.12973524411024,240.99838402930766,241.70861725028428,241.65428718079522,185.9709,210.0
2017-06-15,8,221.9767,237.5480681466796,231.6881643709128,241.21462927173937,241.70861725028428,240.06799075832473,179.9955,221.9771
2017-06-15,9,209.9727,237.5480681466796,231.6881643709128,241.3884783744719,243.65423761665346,246.25924161940287,185.9904,221.9656
2017-06-15,10,209.9892,237.99091443919158,231.98777437046513,242.34316397435612,243.95713116787616,253.9428816013409,192.0099,221.9593
2017-06-15,11,233.9942,247.21573246034367,244.68664769595125,252.37231073573264,253.15721264500618,269.41193281798326,209.9836,270.0
2017-06-15,12,282.0221,277.1766797081309,276.70342326220265,281.35930072647454,280.7771888303668,281.31159957529746,210.0056,311.9589
2017-06-15,13,317.9587,306.51390185101513,316.1961226798663,308.11821033495255,304.7517708416398,301.15637918901336,269.9933,317.9422
2017-06-15,14,306.0,300.0502368663477,312.4561032660986,308.7193340003334,300.9973822421491,303.0964048266566,251.9475,300.0
2017-06-15,15,317.9338,301.3752595877689,318.9728843760805,309.4793154718639,301.6419158612863,308.91171135938384,252.0,299.9375
2017-06-15,16,341.9555,317.6170910905666,333.0471835148799,319.85844778494976,317.7134367871494,316.9934399253375,263.945,317.983
2017-06-15,17,305.9842,321.36717046864925,336.21361156977633,320.6966381185404,318.3394985387046,316.1663403119589,239.9872,335.9474
2017-06-15,18,299.9765,326.2479513631503,340.24032349860113,324.62618414786436,322.63334276172185,326.517816374516,275.9858,324.0
2017-06-15,19,348.0,331.05802070028267,345.95942714692166,328.4498674722281,325.13087805167874,325.2084885802432,269.9582,348.0087
2017-06-15,20,317.9671,312.9230521798867,324.5711034978043,311.7248731946297,306.44545901382253,311.01403261152274,245.9934,294.0
2017-06-15,21,299.953,302.0363313601876,317.68237565830776,305.10667700581837,302.0311155248215,304.0217077839203,246.0,287.94
2017-06-15,22,281.9925,290.6698308886695,293.67595062134177,291.5683733441874,296.4059239876262,293.8308831430221,239.9564,275.971
2017-06-15,23,257.9936,290.1549367768494,300.0270002250606,289.2394538053668,290.00734775751,287.2017268390278,246.0066,287.9323
2017-06-16,0,263.993,260.9320795240194,261.82507278900937,255.2698198850397,250.81265935298,271.48348802328945,252.0134,269.9933
2017-06-16,1,251.9672,249.6971665213467,250.99793159904883,253.53566189688763,250.56479614840262,258.57444875577596,227.9586,275.9641
2017-06-16,2,245.9934,243.43622588216724,238.21365853799043,238.77211180913105,234.9694862215459,244.7340558490223,210.0,251.9605
2017-06-16,3,239.9816,244.82222056583214,242.50483150099615,239.4687127799651,236.2040374121788,237.19133144952377,197.9947,269.9717
2017-06-16,4,239.9752,240.28891242903183,231.66114471516772,234.5816445245623,231.77092242727323,229.06433528151518,191.9699,251.9803
2017-06-16,5,221.9826,233.4543410303826,226.2541772939347,231.62813671892175,227.94642652207125,226.3254442769738,197.9947,245.9742
2017-06-16,6,221.9885,232.6777440403951,225.32047555594488,230.62416457076728,227.2996789154233,225.10837192681987,191.9699,257.9733
2017-06-16,7,221.9826,231.13925696184606,223.90820817764924,228.84045655619067,222.91343662130228,227.2672918969353,203.9895,245.9742
2017-06-16,8,221.9652,231.5010102481732,224.10424388565028,226.41563752700304,223.25645713842562,227.4324821921437,221.9478,221.9767
2017-06-16,9,209.9562,231.5010102481732,223.92538456079436,226.58948662973557,225.11494594090573,231.15787110008557,221.9597,209.9727
2017-06-16,10,215.9719,233.1901870896554,226.7245919107486,227.93144797117424,225.4178394921284,237.44059036202952,221.9885,209.9892
2017-06-16,11,233.9696,237.8780330493716,232.8950961377307,240.00586057018134,231.5357974686672,248.05992666172986,227.9525,233.9942
2017-06-16,12,257.9729,260.85892900482366,264.50151989249173,262.8551831165532,255.74459023311505,261.3576911111483,233.9879,282.0221
2017-06-16,13,281.9704,297.1450567714637,304.41070348104773,290.9116400182463,286.1533311707294,280.24587889329854,275.9784,317.9587
2017-06-16,14,299.992,293.23324017172087,305.92842233720165,292.62087819785273,279.108668161983,280.1634162704937,245.9934,306.0
2017-06-16,15,293.9770000000001,303.0687084559091,310.89966331339787,300.06496276816597,296.2344251362688,289.13306063938774,258.0,317.9338
2017-06-16,16,281.9483,305.9377236927727,314.00406837006545,302.94941781463683,299.0438451886438,304.46459021231584,305.9439,341.9555
2017-06-16,17,299.969,298.8938180926506,309.62809641157384,293.1425871955891,284.47158192393044,299.6013121304394,287.9621,305.9842
2017-06-16,18,324.0081,299.41397801185855,311.44764018879135,298.77574588094313,286.8089021684688,294.88283610986906,245.9934,299.9765
2017-06-16,19,336.0,315.43614101326136,325.8860760564458,312.82722662811716,305.08394758197016,297.0124863731101,245.9549,348.0
2017-06-16,20,300.0,305.6904890241964,314.9081772661874,306.72094474717613,301.037968288805,290.92789648381626,251.987,317.9671
2017-06-16,21,275.9568,290.32169388408926,301.6869947368114,291.4344071271141,281.4245400773699,286.4529922673685,269.9788,299.953
2017-06-16,22,257.9665,283.247221720117,290.016192531064,282.22937873241176,277.49659213345507,274.819581206257,257.9867,281.9925
2017-06-16,23,246.0062,272.22692610140746,276.3283225616775,267.3024433404023,263.850752071541,261.6648261841572,245.9807,257.9936
2017-06-17,0,233.9454,244.32874577098576,240.42524127373784,244.80928504402908,243.71061980427154,229.38646793201298,251.9605,263.993
2017-06-17,1,239.9876,243.71710087161057,238.1605213507302,242.53090831581903,243.17596238207855,220.67189112798928,257.96,251.9672
2017-06-17,2,221.9941,241.31004632318502,235.5661501221722,238.132282013608,240.18708299327602,209.78556430742847,245.9676,245.9934
2017-06-17,3,215.9831,240.30636850730343,232.76694277221796,236.5250471143858,239.03905685104027,203.54098939578034,251.9672,239.9816
2017-06-17,4,215.9834,238.84823189565023,228.95421222069504,234.9279858142551,236.14403807507986,192.60027263248926,222.0,239.9752
2017-06-17,5,203.9949,232.20366220215882,223.90735384944472,230.36775942060635,229.3738473607887,186.48187107526934,215.9665,221.9826
2017-06-17,6,209.978,228.94962755966736,221.48170158769017,229.36378727245187,225.24940785923636,183.0183265232185,203.9844,221.9885
2017-06-17,7,203.968,230.94981153299057,218.2041100584812,227.58007925787527,221.15750071801693,182.83382290988416,197.969,221.9826
2017-06-17,8,204.0105,230.94981153299057,217.86953593074364,227.58007925787527,221.15750071801693,184.680009090215,191.985,221.9652
2017-06-17,9,203.984,230.94981153299057,217.76501606493585,227.7539283606078,223.10312108438615,189.46757699734886,197.9743,209.9562
2017-06-17,10,216.0054,231.95348934887215,222.15978604718174,228.5881682439255,224.2511472266219,193.90537157473716,185.9709,215.9719
2017-06-17,11,215.9773,234.76520261379082,222.76253645355808,235.85335964080912,232.1760853337753,211.88625229998564,234.0,233.9696
2017-06-17,12,203.968,237.1478952172784,225.95440982223005,239.9166640292837,235.06145824562228,218.20230928051382,216.0,257.9729
2017-06-17,13,216.0058,244.45307675757886,238.4887182776442,247.34076239733133,240.24557422460728,230.10232704350273,228.0,281.9704
2017-06-17,14,204.0,243.10631665165587,237.44552797616987,248.96274244619033,241.42398881848715,240.7356541547449,239.9812,299.992
2017-06-17,15,203.984,243.10631665165587,240.72425981088315,248.26270383524104,241.42398881848715,243.326248157598,227.9882,293.9770000000001
2017-06-17,16,221.9597,243.77376361424433,241.75527982815208,247.03080488643246,234.38958982063494,241.42860746136577,203.9575,281.9483
2017-06-17,17,221.9826,244.272111853306,244.20382098981463,248.8793065726625,239.46150423186992,241.5752527768327,185.9758,299.969
2017-06-17,18,251.9542,240.88604782731497,240.2317960719349,243.45670946210532,252.78095768403094,243.62019372940722,185.9758,324.0081
2017-06-17,19,240.0064,242.5549692006358,241.7503801774835,245.33659052505243,254.0822987375223,246.98594988638803,209.9618,336.0
2017-06-17,20,233.9875,246.06651144428943,252.35479389892998,253.19552846014284,247.39705746085468,240.38545158724037,215.955,300.0
2017-06-17,21,221.9945,245.19524621160946,248.72513840024297,248.3854076247347,245.85323304015662,231.99081109121346,215.9888,275.9568
2017-06-17,22,227.9647,242.00868837670225,242.74913315570612,244.2375251952969,243.7646747755315,225.05083318830847,227.9939,257.9665
2017-06-17,23,227.9821,242.80798556993128,243.43001857285802,244.29059188605257,245.28544596885553,214.2940333648088,221.9826,246.0062
2017-06-18,0,233.9817,230.7082689839479,229.96118331631462,229.18923370490882,238.84545188725204,216.53201931308996,215.9496,233.9454
2017-06-18,1,233.9817,228.86405602947923,230.47903949441525,222.5166109723355,238.32503981278694,209.34261730118055,222.0118,239.9876
2017-06-18,2,221.9767,224.55738790297545,224.98611032371255,214.59728509779166,231.9808804159155,199.45131694708545,221.9882,221.9941
2017-06-18,3,221.9826,220.25433340788638,221.5026406023183,212.99005019856946,228.55863397816782,189.61393684056068,209.9615,215.9831
2017-06-18,4,197.9894,219.31063786261205,218.3697792300569,211.48319465045438,226.9432659636301,183.15250416993518,203.984,215.9834
2017-06-18,5,215.9777,213.81743800231473,212.07435612945764,210.30250456943043,227.8389989993919,179.8292760561207,209.9836,203.9949
2017-06-18,6,216.0054,213.81743800231473,212.20377769872306,210.30250456943043,227.10100151877384,180.34010179621106,215.9719,209.978
2017-06-18,7,221.9538,213.0882370825952,211.91244444660958,208.51879655485382,222.97775187579978,185.36058333536548,239.9816,203.968
2017-06-18,8,233.9696,215.56567473509918,213.95495437570764,208.51879655485382,223.00909437755442,183.83355631082333,215.9719,204.0105
2017-06-18,9,239.99400000000003,215.56567473509918,214.86727942980127,208.69264565758635,224.71571226606224,186.415837324854,203.984,203.984
2017-06-18,10,228.0,219.86872923018825,220.10258912316223,209.52688554090406,225.863738408298,192.70743676762595,197.9739,216.0054
2017-06-18,11,233.9879,221.6167526253727,221.22104089823094,216.84488518603888,227.46728279369134,201.12626298301083,203.9735,215.9773
2017-06-18,12,215.9719,226.78607469659897,223.28389224594176,220.69247836625993,229.75802682348365,206.54495771892834,197.9845,203.968
2017-06-18,13,233.9875,232.2163102308972,231.71780534228884,226.80743644057256,230.46443611449774,218.65728482787077,216.0112,216.0058
2017-06-18,14,258.0202,232.06135406458523,229.6272400019701,228.82601126082258,228.6418399708829,224.3434738866459,215.9662,204.0
2017-06-18,15,233.9817,240.9078238384611,234.40056464566493,234.6255922650868,228.8202214087421,226.4939899295685,197.9792,203.984
2017-06-18,16,240.0,242.07361904011123,239.6495197307636,248.1020358453375,230.70861960844945,232.11473445820408,197.969,221.9597
2017-06-18,17,227.97,248.90886429889684,245.93309603255514,249.23754930593256,232.60902179266404,234.08897988687775,197.9947,221.9826
2017-06-18,18,215.9777,252.5793328605973,255.91052975375317,256.4140304296859,240.69508702649154,239.01356229221773,210.0164,251.9542
2017-06-18,19,210.0108,253.88676767378607,255.9960677480923,256.85402643550697,241.9964280799828,235.51984601049867,210.0,240.0064
2017-06-18,20,209.9562,245.68861700229806,251.22127754052963,256.74645276648806,241.15320305886905,236.2478258646269,239.9752,233.9875
2017-06-18,21,215.9719,246.78179291004668,246.5491748479625,255.78454735222692,239.43985620485037,231.16588699605495,252.0,221.9945
2017-06-18,22,227.9704,239.5851806427643,244.46571260042165,254.18162006919206,243.494518612923,221.73157186822112,239.9816,227.9647
2017-06-18,23,233.9879,239.92138443949477,245.93077749980972,252.1902899907356,245.31711475653785,211.92918062192354,233.9692,227.9821
2017-06-19,0,233.9696,247.96714319971713,234.65075932801844,249.78808268510772,251.78669161758015,265.43721141865524,227.9821,233.9817
2017-06-19,1,233.9754,231.37903447880404,223.44960449020334,236.66666275785266,250.19932422124384,256.0638066611508,227.9764,233.9817
2017-06-19,2,228.0118,222.41970644426254,217.7824312309232,216.8178471022606,238.91037824218287,245.1649275984511,221.9771,221.9767
2017-06-19,3,239.99400000000003,220.2149006285805,212.84660159724362,215.69674128707084,237.6574348142794,236.6790315604755,215.9777,221.9826
2017-06-19,4,240.0124,216.7937674308022,206.6629136960667,214.5840520698182,235.23474247813553,228.83058589721958,215.9719,197.9894
2017-06-19,5,246.0193,213.77800522300885,207.48138993551805,213.43690922354807,235.42212652498625,226.99302862071772,215.9719,215.9777
2017-06-19,6,251.9866,213.77800522300885,207.70495936490252,213.43690922354807,234.8666287923084,224.58905468983693,209.9562,216.0054
2017-06-19,7,239.9748,213.04880430328933,207.41362611278905,212.6096507294623,230.77472165108898,225.05377395229522,203.9786,221.9538
2017-06-19,8,215.9888,214.558064156792,207.7128157042805,217.7605086692049,234.0245064374599,228.24310492182568,221.9941,233.9696
2017-06-19,9,203.9891,218.39840722199835,208.53046791502507,218.15006898019098,236.94995056181122,232.813233339622,215.9662,239.99400000000003
2017-06-19,10,198.0155,219.24030762497802,213.2869702897773,218.72754984838267,236.15454628940805,242.96103094514356,239.9688,228.0
2017-06-19,11,263.9793,226.71848966404448,214.22420393838019,229.52066672472492,242.6611231333409,252.3766715622247,246.0062,233.9879
2017-06-19,12,269.9717,249.71899031163852,235.7353502072763,253.81280722237287,264.20085885246283,261.1204415302451,257.9531,215.9719
2017-06-19,13,305.9521,288.6980844247783,281.6546333707355,292.25251299784543,283.0683148440117,278.8361449480845,299.953,233.9875
2017-06-19,14,317.9587,300.68770770873294,301.44145216904093,307.95615836247737,294.4874710926961,288.3450008765239,300.0075,258.0202
2017-06-19,15,311.9756,346.456562011588,335.04934155998,343.08793330708704,318.91407353129813,298.9260042956426,335.9474,233.9817
2017-06-19,16,323.9325,343.51577059607706,336.2672960133586,345.11499385956,312.3257028038799,300.26865784887906,317.9671,240.0
2017-06-19,17,329.9742,354.6736299631096,345.5811058957018,352.8458936473371,321.34478165327107,304.73612352904235,336.009,227.97
2017-06-19,18,323.9579,360.5883658289977,359.1943409549856,352.0970465906742,329.54204929487963,310.405268051809,348.0087,215.9777
2017-06-19,19,305.9684,354.10368386202896,345.8434339562786,345.8884556025444,321.5883026151945,305.1094355359238,335.9563,210.0108
2017-06-19,20,305.9521,340.8735132818777,333.3128505627928,338.80712933248924,308.93782491955335,295.89329808660796,311.9511,209.9562
2017-06-19,21,299.961,330.0035002067713,322.94314852011263,335.0593150088892,303.16908269682517,292.20889206178583,323.9239,215.9719
2017-06-19,22,281.9563,291.6760874313666,294.19441036662596,302.9263119442359,292.13913901929567,278.39509249157976,287.9703,227.9704
2017-06-19,23,269.9933,275.2573138726146,266.8085507420443,280.93555057296516,277.28143694114345,266.4390945744483,269.986,233.9879
2017-06-20,0,257.9931,264.3814258336691,263.3569434915634,265.2535638705727,253.48662235517745,291.172271851871,258.0,233.9696
2017-06-20,1,257.9867,249.2586638649415,250.02859642342503,259.14821827157044,250.84654498469786,280.732230941533,251.9735,233.9754
2017-06-20,2,257.9596,244.86834009903495,244.85053420321356,245.1955695919864,243.92000113836662,272.77656951107775,257.9867,228.0118
2017-06-20,3,245.9742,245.4585316318429,241.04461300057906,242.82249562111292,242.68130305819105,265.47841374476525,251.974,239.99400000000003
2017-06-20,4,239.9564,241.52295736768573,237.08587927423028,240.06481544704124,240.25861072204717,256.49282053599615,233.9879,240.0124
2017-06-20,5,252.0067,235.75317111619026,232.78129555527215,236.3391229714126,236.62309138553704,253.56250981642506,233.9754,246.0193
2017-06-20,6,198.0053,235.75317111619026,232.42249608222474,235.91515182908606,235.9763437788891,254.02627981449533,239.9816,251.9866
2017-06-20,7,215.9831,233.48282342328486,231.09633070065462,234.31555782839817,231.88443663766967,256.2379785585425,251.9937,239.9748
2017-06-20,8,191.985,230.1133608427747,227.76428801857085,231.4006404339422,228.74976525988862,252.52000731103283,251.9803,215.9888
2017-06-20,9,186.005,232.59079849527868,225.75230431917055,231.57448953667472,230.60825406236873,256.50192139665205,251.9803,203.9891
2017-06-20,10,185.9904,233.03364478779065,230.25980750474767,232.91645087811338,230.43882117377487,255.66679551174724,215.9773,198.0155
2017-06-20,11,251.9803,240.33884944030711,237.9264246920474,242.15455908481087,237.62211120376054,274.06237789730596,239.9816,263.9793
2017-06-20,12,251.9668,265.4482749708648,273.5736588630711,270.1588993400143,264.1841793135416,289.56721266606013,275.9494,269.9717
2017-06-20,13,306.0077,312.4516982492336,307.4141858151567,312.9855820009549,293.88290202579765,310.03493612293147,323.9752,305.9521
2017-06-20,14,276.0069,337.0456467822586,341.8596191003298,339.05159069970296,324.37928010223237,325.2190677526927,360.0,317.9587
2017-06-20,15,281.9779,331.4909294264323,343.00123165729536,335.2455120948248,317.50542447153305,330.53479391958183,359.925,311.9756
2017-06-20,16,287.9851,338.7417410748247,344.1044033237417,336.913806600757,316.1795222855488,331.2363904743023,335.9558,323.9325
2017-06-20,17,324.0,341.3136039602952,347.42619283907766,338.85447696318386,318.80125492756866,335.0732118883428,342.0177,329.9742
2017-06-20,18,293.9544,351.65088923087364,363.60779185884206,344.51159092041956,330.0807333921649,344.77514915172037,371.9609,323.9579
2017-06-20,19,293.9618,341.8633562843814,360.56910602125424,337.45889301968253,322.6875899663281,339.52156625475635,365.9616,305.9684
2017-06-20,20,311.9594,341.15851604647645,359.78552860574734,336.8400647999495,320.8591032882744,332.6492154853379,354.0183,305.9521
2017-06-20,21,281.9558,332.775945314905,324.87375973038485,323.88759627891085,309.84320403569916,323.2983149528822,341.9823,299.961
2017-06-20,22,287.9703,300.9521484267246,308.234155107125,302.92846424175906,289.0861630523183,306.7269011816539,305.9602,281.9563
2017-06-20,23,282.0,290.5213908163365,292.93650398950024,288.37798533464746,278.9805275830838,296.6079862906176,305.976,269.9933
2017-06-21,0,257.9531,271.8541468488825,280.69712161365857,275.4065907689275,264.6129330866802,291.0506429520899,287.94,257.9931
2017-06-21,1,257.9931,258.13639969167383,267.9477390828841,266.1440741603923,261.38643119359216,280.680981532803,281.9483,257.9867
2017-06-21,2,263.9793,254.46145271495223,267.31439697262056,251.63507666490005,251.16378365959747,271.04701416015274,275.9641,257.9596
2017-06-21,3,257.9936,252.7124549624904,256.8846938930221,248.2122386956832,248.68711828271907,261.5595862010403,269.9793,245.9742
2017-06-21,4,251.974,248.77688069833323,253.29184367500903,245.53884181784395,246.2644259465752,254.33972642108617,263.9723,239.9564
2017-06-21,5,239.9688,243.57559825625913,247.55202899897162,240.87340626514717,242.62890661006506,253.15238582047357,269.9788,252.0067
2017-06-21,6,227.9764,239.04952666941836,244.6207445697637,239.06503896070114,237.79477765149278,242.26740812363323,246.0,198.0053
2017-06-21,7,215.9834,237.96615039840796,243.15215831057372,237.56376230550558,233.8254628859981,238.0964797078493,210.0,215.9831
2017-06-21,8,216.0,237.53675095850107,242.96676835139817,237.7800075479373,233.734213012028,236.60705888659027,221.9771,191.985
2017-06-21,9,209.9836,240.01418861100504,243.21351790389855,237.95385665066982,235.5927018145081,241.11117905327933,221.9656,186.005
2017-06-21,10,209.9674,238.9453021301318,246.65830477109424,239.29581799210848,235.89559536573077,247.66911477770554,221.9593,185.9904
2017-06-21,11,263.9723,244.44032208502892,247.449533012624,247.42553539887328,243.62792642828856,270.60503092669256,270.0,251.9803
2017-06-21,12,287.9779,274.68156308829845,276.3084569132674,288.50579881943844,277.62652946179867,286.6281987581414,311.9589,251.9668
2017-06-21,13,305.9602,304.45629429617105,306.7884838884302,317.00744570067894,293.1785999233545,300.6808653177089,317.9422,306.0077
2017-06-21,14,293.9774,305.138960571229,319.26469427108356,316.0484719965597,295.9478639745414,301.54287568994494,300.0,276.0069
2017-06-21,15,311.9834,309.4251873640671,334.344588552121,319.0529046788087,296.5923975936786,307.92956153333,299.9375,281.9779
2017-06-21,16,311.9594,321.6136121516122,340.36216490494195,339.3672020925245,312.3615294978934,316.07136413117985,317.983,287.9851
2017-06-21,17,354.0183,326.16133911066447,343.0381051595745,349.0004211963104,327.15009458177576,324.9696082439622,335.9474,324.0
2017-06-21,18,329.9483,333.39102070337225,349.09089058404464,347.8064502767745,322.8345778974194,324.43588635156306,324.0,293.9544
2017-06-21,19,317.9422,338.79049836920194,355.72151877111804,350.0433859565629,331.6204954437106,326.61845803587636,348.0087,293.9618
2017-06-21,20,324.0,302.57355624615997,325.50444894432485,323.28197519124774,297.14569601590995,313.4122042459789,294.0,311.9594
2017-06-21,21,336.0179,307.33218116093343,335.4282433975889,316.6298303267493,299.1844247199978,302.99365938925575,287.94,281.9558
2017-06-21,22,288.0,293.98068572336,315.6855927489481,308.8374002330263,294.6936200737506,293.3270297488681,275.971,287.9703
2017-06-21,23,269.9788,290.32533478179107,308.46522951778877,299.463714118299,285.88691770883804,286.1155218341227,287.9323,282.0
2017-06-22,0,257.9798,269.12028716911715,264.60747170081197,264.61818678792554,255.0404417517347,287.9071930616788,269.9933,257.9531
2017-06-22,1,269.986,261.38978988937936,258.1036129649467,263.51356412163307,254.6767963043734,279.92175665691474,275.9641,257.9931
2017-06-22,2,239.9936,253.46524353299912,250.11938170758202,250.20314175594714,245.05914356918922,267.48932495524974,251.9605,263.9793
2017-06-22,3,246.0,253.21402756936428,247.24624941915806,248.13175888054562,244.85891011542907,263.2279710437433,269.9717,257.9936
2017-06-22,4,227.9882,248.32346548331125,242.35369263908646,244.06100227666772,241.38350780514187,253.7713422272618,251.9803,251.974
2017-06-22,5,245.9746,244.25459251202943,238.10574316076318,240.83452642628225,237.5590118999399,248.06641850435454,245.9742,239.9688
2017-06-22,6,257.9733,243.14278511350196,237.65012395668916,240.533753168818,236.89801894556405,248.01385408715578,257.9733,227.9764
2017-06-22,7,251.9803,239.74515598149847,234.08558674246328,236.0608657831595,229.39135062138988,245.61323529073735,245.9742,215.9834
2017-06-22,8,228.0118,238.75980574403823,233.12028021093727,236.2771110255912,228.91902418157335,239.40214683517638,221.9767,216.0
2017-06-22,9,215.9946,241.2372433965422,232.2758453844881,236.45096012832374,227.38695265303818,241.5525058446248,209.9727,209.9836
2017-06-22,10,222.017,241.452855050481,233.3256287952625,237.7929214697624,227.68984620426085,248.04154282750113,209.9892,209.9674
2017-06-22,11,245.9742,248.28746692479058,240.79379410119864,245.8858475199637,238.26531983368614,265.1707514240071,233.9942,263.9723
2017-06-22,12,305.976,274.23060537419656,277.23007414369505,274.7159801988138,266.3999945868174,284.5149383469207,282.0221,287.9779
2017-06-22,13,305.9923,303.57998107439585,302.96491234544345,302.6009850519161,290.968011220636,300.82669596125135,317.9587,305.9602
2017-06-22,14,318.0085,296.34668345334586,304.5683693844936,300.0593921019509,288.44771677506645,304.43710400095426,306.0,293.9774
2017-06-22,15,347.9542,315.2867912371515,317.69296829213675,312.16227559609587,304.08184030264067,314.1737124053442,317.9338,311.9834
2017-06-22,16,353.9357,325.7534393620695,314.4569195256881,318.35258383114325,315.6839110669874,322.837392001999,341.9555,311.9594
2017-06-22,17,323.9746,319.66726851536384,317.7846373122216,314.57219057959,311.4660934906409,321.9486036429557,305.9842,354.0183
2017-06-22,18,323.9412,317.4109579850895,323.478399324316,310.3293963400458,307.8227600363123,323.1543981351519,299.9765,329.9483
2017-06-22,19,323.9914,340.23375250473345,338.349700669884,333.9831684847584,330.7094332539397,328.8171571848834,348.0,317.9422
2017-06-22,20,335.991,325.50492397017894,324.2791375321194,314.395524254968,317.091229551288,319.11377504771383,317.9671,324.0
2017-06-22,21,299.9685,310.4879879597301,318.00794325208534,307.22564753891544,303.414079606709,310.403157514176,299.953,336.0179
2017-06-22,22,269.986,293.4068967243847,300.8599790617779,292.97807350653153,287.0992865130142,294.5988936838133,281.9925,288.0
2017-06-22,23,270.0,280.63319623564126,287.368698012409,276.9705127259453,273.0535237073685,279.4635387067002,257.9936,269.9788
2017-06-23,0,263.9793,266.5384007766609,267.06700793818555,270.1354501818301,255.09532035335764,277.12167371913125,263.993,257.9798
2017-06-23,1,251.9538,257.2307378921844,262.01404460279593,265.55562473110615,254.94273760141436,266.73942434048877,251.9672,269.986
2017-06-23,2,251.9866,247.63145152497665,251.7602460415511,248.96204631958182,245.11402217081218,254.31350186422856,245.9934,239.9936
2017-06-23,3,251.987,248.7003380058499,249.87125426173583,246.84708996223867,243.86107874290872,246.51996377893033,239.9816,246.0
2017-06-23,4,258.0064,242.5223122704372,245.55182893752254,243.479532249051,240.37143108489363,239.3335616722996,239.9752,227.9882
2017-06-23,5,269.9788,239.0981530130303,240.91003394386942,238.2432180955813,237.14156406174632,234.11752956462703,221.9826,245.9746
2017-06-23,6,239.9876,239.0981530130303,240.7619600439585,237.81924695325478,236.49481645509837,234.0093536603694,221.9885,257.9733
2017-06-23,7,227.9821,236.8278053201249,239.75672027771685,236.991988459169,232.10857416097735,234.47545201116435,221.9826,251.9803
2017-06-23,8,228.0,236.29517907167718,238.05849135606965,236.99252249334717,231.04161883910615,230.92382581933356,221.9652,228.0118
2017-06-23,9,221.9826,237.18955860645204,237.8419382411496,235.39610232394156,227.44183125466114,232.557150813276,209.9562,215.9946
2017-06-23,10,215.9719,236.1206721255788,238.98595592286225,236.73806366538022,231.13528513689909,240.82033369855094,215.9719,222.017
2017-06-23,11,282.0,245.12520195737252,241.02859496218477,242.22820431609804,238.3201984353091,254.05428905699523,233.9696,245.9742
2017-06-23,12,294.0078,273.76481119645933,276.42007112402587,274.954425049696,264.63354810490625,272.2519172503808,257.9729,305.976
2017-06-23,13,318.0,296.1830999816845,300.18430516041803,288.1035944863089,276.5663449247486,284.6712085915362,281.9704,305.9923
2017-06-23,14,341.9379,312.37396978934834,321.7752579731154,301.9301667102408,300.85060229219806,296.3369134774483,299.992,318.0085
2017-06-23,15,329.9824,318.69492830455863,331.7641440044029,306.1700159283966,303.8394501753728,303.81936484591995,293.9770000000001,347.9542
2017-06-23,16,317.9915,332.5654885862715,343.1215924233383,314.1221355939581,310.9803436999027,306.1956382683483,281.9483,353.9357
2017-06-23,17,329.9742,323.09699902565006,338.73565425409737,309.19770398461344,303.583794414918,308.9145281831058,299.969,323.9746
2017-06-23,18,335.9216,349.96805236027654,369.36378284969004,336.9571333558235,322.94200651130154,317.8405184129846,324.0081,323.9412
2017-06-23,19,311.9917,349.94908912158985,368.78890496049394,337.39712936164455,325.0576330618043,317.73028627103446,336.0,323.9914
2017-06-23,20,317.9666,328.70049216186663,345.1216817869223,311.7563000689729,305.95662944548127,307.41312960259773,300.0,335.991
2017-06-23,21,299.9845,304.2825907511012,330.7250533621678,293.2529042350341,287.14198572214076,292.99982680735735,275.9568,299.9685
2017-06-23,22,264.0,291.9068150326973,307.75708536092344,283.7247473318123,281.87453358646707,278.81989330522214,257.9665,269.986
2017-06-23,23,251.9735,284.6732163689042,292.86708925155267,278.97009027243956,272.0556923348482,267.6076740995534,246.0062,270.0
2017-06-24,0,252.0134,236.02843865161825,236.3834830709321,239.12197683880692,245.88137668265,251.7334053881243,233.9454,263.9793
2017-06-24,1,246.0066,231.37102203299125,236.1409743897683,230.0722691010789,244.2940092863137,242.41792238106683,239.9876,251.9538
2017-06-24,2,240.0,227.4790533936676,232.1787871319476,223.82954708466022,241.88551343183795,230.3789557500238,221.9941,251.9866
2017-06-24,3,227.97,227.67094543230732,229.54372668375106,221.4874575392498,240.7374872896022,221.91279624284678,215.9831,251.987
2017-06-24,4,227.9939,223.73537116815015,225.81556212974056,219.14091322124958,238.31479495345832,216.89588120574024,215.9834,258.0064
2017-06-24,5,227.9821,222.9921164636623,228.67445823694425,219.2354546306424,233.68907834058012,212.21180049150587,203.9949,269.9788
2017-06-24,6,251.9803,219.9169449385152,222.25575268249392,216.42389730246515,230.55483611539586,209.2932670949071,209.978,239.9876
2017-06-24,7,239.9688,217.55116683379475,221.6241555777021,215.38092760012583,225.39597365230523,208.0652480332298,203.968,227.9821
2017-06-24,8,245.968,217.55116683379475,219.2697323008793,215.38092760012583,225.39597365230523,211.30275981198696,204.0105,228.0
2017-06-24,9,221.9771,218.6165679116067,221.581369193048,213.78450743072023,225.2738779627646,215.8750615853628,203.984,221.9826
2017-06-24,10,216.0058,218.424675872967,224.21642964124453,215.35360196022617,229.81246443601563,224.26912278427443,216.0054,215.9719
2017-06-24,11,240.0064,228.93453044073814,231.73565250694566,229.03277760318608,238.7684699045036,238.12587003176316,215.9773,282.0
2017-06-24,12,251.974,234.4911163612432,228.67598363703155,236.23508478101581,240.840165830301,245.07273904547327,203.968,294.0078
2017-06-24,13,209.9944,243.95115237013871,220.95548813057107,245.44974628064256,255.12946027998134,257.58859457120053,216.0058,318.0
2017-06-24,14,227.9525,248.8183325699309,231.23507833768107,251.42560869283216,248.619119651273,264.7551762468768,204.0,341.9379
2017-06-24,15,227.9643,254.22836673405803,231.8254395570896,255.57657514352616,248.2587910611038,269.56764746515626,203.984,329.9824
2017-06-24,16,209.9948,264.5945108955736,236.3041417965068,265.8758002888659,251.91107092503594,276.083667763992,221.9597,317.9915
2017-06-24,17,228.0118,265.2993511334785,241.33811792491,266.6258342581241,254.11395710999744,279.3438749983601,221.9826,329.9742
2017-06-24,18,227.9764,272.89712268373654,250.7341764075957,267.776923394105,259.1322364489379,285.5070247575,251.9542,335.9216
2017-06-24,19,227.9647,268.23159957638086,255.37969101894402,266.087854393656,254.00114604785256,278.5512041643644,240.0064,311.9917
2017-06-24,20,221.9941,272.3420733070995,248.22185094682882,268.6953282040698,259.13246656088137,273.35196475185097,233.9875,317.9666
2017-06-24,21,233.9817,260.3103473966028,251.1354870982027,269.31661065483877,249.40600689008687,262.8506296613642,221.9945,299.9845
2017-06-24,22,239.9876,244.84641874025075,241.45327248021115,256.84179550355174,244.14593639844142,252.5821088386588,227.9647,264.0
2017-06-24,23,233.9575,243.1073326370087,232.73715522012353,253.15494192358656,247.92852928705048,242.40484296454616,227.9821,251.9735
2017-06-25,0,239.9876,233.03199977229667,221.53888349613362,225.35708374818577,242.74702657375542,242.84259381765494,233.9817,252.0134
2017-06-25,1,227.9882,227.233022413184,222.24412621299615,217.18271262746,241.15965917741912,233.00020171940474,233.9817,246.0066
2017-06-25,2,227.9586,221.97383809284185,217.4000441030382,210.93999061104134,239.25483226451453,221.60124133154216,221.9767,240.0
2017-06-25,3,233.9575,218.4061268644574,213.89639377703836,209.66581376855905,237.03985080040758,213.21043708668955,221.9826,227.97
2017-06-25,4,252.0,214.98499366667912,211.52226417269793,208.15895822044396,235.03866069006529,203.08125888197793,197.9894,227.9939
2017-06-25,5,245.9742,213.12480037541735,208.72682419002385,206.97826813942,235.84314385185698,203.03369307325866,215.9777,227.9821
2017-06-25,6,221.9771,214.48770578811974,209.1297208783357,207.19397934767355,236.26335156708024,204.0448876789654,216.0054,251.9803
2017-06-25,7,203.984,213.75850486840022,208.67745103247125,206.36672085358776,232.1714444258608,205.09549257257592,221.9538,239.9688
2017-06-25,8,210.0052,213.75850486840022,207.99517504721877,206.36672085358776,232.14010192410618,211.15917891675986,233.9696,245.968
2017-06-25,9,204.016,212.93437781479224,207.40630573018316,203.24614244153966,229.26034839254257,215.16455202044523,239.99400000000003,221.9771
2017-06-25,10,210.0,215.1391836304743,210.73062879725563,203.53161305986393,230.40837453477832,218.9160859148139,228.0,216.0058
2017-06-25,11,221.9712,222.18475908610293,215.15413180342782,213.78147893674364,236.42153217080823,229.92399780926158,233.9879,240.0064
2017-06-25,12,221.9882,225.56259928650564,219.83274391878538,219.30873937495878,238.74361870235518,235.65310932559754,215.9719,251.974
2017-06-25,13,203.984,227.39814887497988,218.4719160942033,223.69521419695783,235.1890769472616,243.06407003080187,233.9875,209.9944
2017-06-25,14,215.9888,232.1558121413919,229.62142651640036,234.44509746560468,237.7602254381311,256.50413065080295,258.0202,227.9525
2017-06-25,15,198.0102,240.16727814326646,231.73049361136148,240.6295909388273,236.7075154639878,257.7907342033626,233.9817,227.9643
2017-06-25,16,209.9615,248.93562913818946,234.46556427164788,247.00954615383534,234.7985619848189,261.41900926478996,240.0,209.9948
2017-06-25,17,209.978,251.2382625426869,240.765340689193,251.72537340094246,240.0399988293745,262.9139777311733,227.97,228.0118
2017-06-25,18,221.9771,255.580132028241,246.61286712935984,253.75961289076022,242.88153893523605,260.47982268386863,215.9777,227.9764
2017-06-25,19,221.9885,257.00112087049297,247.36025181785902,253.22524711987342,243.79705789292274,256.9186147200387,210.0108,227.9647
2017-06-25,20,209.9888,254.69848746599547,244.52756262515416,250.17377555513988,239.4573962917809,251.76575742800972,209.9562,221.9941
2017-06-25,21,215.9942,249.7869007470636,240.3184833834915,256.4599954268417,244.81194085424883,247.55854152458517,215.9719,233.9817
2017-06-25,22,252.0134,241.8678758532112,238.1872939923409,250.76798809159652,247.11366778021895,242.43099824021834,227.9704,239.9876
2017-06-25,23,257.9596,238.84887661578907,234.09191093271616,243.90815755940162,248.184699891349,234.02408930006663,233.9879,233.9575
2017-06-26,0,245.9807,247.35933757222537,253.482054253294,249.46934290065877,250.0872859997546,267.8785994305849,233.9696,239.9876
2017-06-26,1,239.9688,231.8180479630484,239.90385971617147,237.01835812849126,247.4329632815471,257.5855775323017,233.9754,227.9882
2017-06-26,2,257.9665,227.72968989067982,234.0015465330607,221.98075550748953,239.45370946107252,248.00507335218398,228.0118,227.9586
2017-06-26,3,245.968,227.28684359816785,229.67016854557286,220.31088042730633,238.20076603316906,243.68327819513087,239.99400000000003,233.9575
2017-06-26,4,239.9876,225.22861581309195,225.9684977989507,219.40646456170276,236.84502901889638,239.90410926823068,240.0124,252.0
2017-06-26,5,239.95,223.36842252183018,223.50075341509424,218.25932171543263,237.1696746057003,237.04315817175853,246.0193,245.9742
2017-06-26,6,239.9748,220.06685781571824,221.3840384781683,214.77751028374752,232.11493701684012,234.70645263966864,251.9866,221.9771
2017-06-26,7,222.0115,219.33765689599872,218.57561570293652,213.27623362855195,228.0230298756207,231.7460057509179,239.9748,203.984
2017-06-26,8,215.9662,218.90825745609183,218.2179995188053,213.49247887098366,228.05437237737533,226.13750666861802,215.9888,210.0052
2017-06-26,9,233.9875,221.3856951085958,219.68179173551312,213.6663279737162,230.09124261771464,228.31455195768606,203.9891,204.016
2017-06-26,10,227.9825,221.82854140110777,224.61762136919268,215.00828931515485,230.3941361689373,234.25043100216254,198.0155,210.0
2017-06-26,11,240.0,226.86724304048343,232.91496405654604,228.08520378988655,237.83541268243167,255.50216114132127,263.9793,221.9712
2017-06-26,12,245.968,249.98636050200673,259.04512806746203,258.0128677377351,261.66347308775124,264.59414788520803,269.9717,221.9882
2017-06-26,13,269.9928,284.0543798305554,290.77413672071935,291.74246518020715,279.85761331063867,277.57919234327534,305.9521,203.984
2017-06-26,14,281.9925,317.5914750304552,320.5467997394031,322.8765796376973,306.7536587576952,288.0581029732898,317.9587,215.9888
2017-06-26,15,317.9666,328.1539762148322,328.8906415240693,329.9118954861342,305.0190749705692,291.0245815891363,311.9756,198.0102
2017-06-26,16,287.9779,343.2054411636679,342.8276197012178,343.76484532641274,312.8291230147382,298.52595501612484,323.9325,209.9615
2017-06-26,17,288.0149,354.4855111664326,351.851301036564,348.6374786735489,321.66426217650655,301.7485150084814,329.9742,209.978
2017-06-26,18,282.0,347.80487397526264,355.0157710888326,345.90255953193486,318.65833139824605,306.3155534854904,323.9579,221.9771
2017-06-26,19,306.0,326.3308165784589,340.7514813836658,320.91569870542395,296.2250779816893,300.47097859948707,305.9684,221.9885
2017-06-26,20,323.9579,325.62597634055396,334.9687616043224,320.91569870542395,294.3965913036356,294.80277384999476,305.9521,209.9888
2017-06-26,21,276.0216,308.5309597227359,321.09910707472,315.06844958359443,287.9008741276021,287.8053670204025,299.961,215.9942
2017-06-26,22,252.013,295.091458422472,304.1463700049742,299.9330326760187,289.40503736382306,279.83917287026316,281.9563,252.0134
2017-06-26,23,251.9803,276.4963974890633,284.99620884506993,283.2808800321446,275.4956152089166,269.2174840261281,269.9933,257.9596
2017-06-27,0,251.9807,260.2090079635303,264.19673684785306,255.8025653005915,255.32720108529813,268.1404418428127,257.9931,245.9807
2017-06-27,1,245.9615,248.99239615390547,251.81629521438407,253.61822857451992,253.73983368896182,258.6475704549306,257.9867,239.9688
2017-06-27,2,233.9758,246.23690683350804,247.40455216435126,239.81636519342737,245.76057986848727,252.11730937722425,257.9596,257.9665
2017-06-27,3,215.9777,244.2782411957306,242.17349179569888,237.22758001430037,243.4549264664405,241.71648604765454,245.9742,245.968
2017-06-27,4,222.0059,242.8201045840774,238.8454929098205,236.0246850450321,241.03223413029662,234.67899335528193,239.9564,239.9876
2017-06-27,5,227.9882,237.04096194908092,233.83015658529206,232.13143416232342,237.3967147937865,233.6285951604811,252.0067,239.95
2017-06-27,6,215.9777,236.84211177829357,232.68572927416574,231.12746201416894,236.87255956286327,222.10282357721053,198.0053,239.9748
2017-06-27,7,240.0064,233.2396545104091,229.30483969644715,228.80778946738437,229.5547311698927,224.85062779967467,215.9831,222.0115
2017-06-27,8,234.0,235.2876927230062,231.00627265117544,229.02403470981608,229.6459810438628,218.37651705732776,191.985,215.9662
2017-06-27,9,240.0,236.8707508407353,234.16034683240306,229.70225115039176,233.65931746614186,223.80756727730505,186.005,233.9875
2017-06-27,10,233.9634,237.87442865661689,236.59837516639521,231.7442511027797,233.96221101736452,229.56663749374587,185.9904,227.9825
2017-06-27,11,233.9575,241.62803668369978,241.04774083242054,243.44034060182648,238.4827914880902,250.60287440695055,251.9803,240.0
2017-06-27,12,251.9937,257.4435422045945,262.9990258603174,264.34010340933605,260.2809330562167,258.8624172415772,251.9668,245.968
2017-06-27,13,276.0,285.3869023817294,302.2923508620358,284.7190621480139,280.6599497877629,279.0007283134921,306.0077,269.9928
2017-06-27,14,311.9917,289.9807191804214,307.3320182721384,288.1343266172372,286.57692949147776,281.21802365489924,276.0069,281.9925
2017-06-27,15,275.9789,277.50453451199985,292.35186360621236,280.440653186368,304.5796337258772,291.33540142589885,281.9779,317.9666
2017-06-27,16,281.9779,292.37614498196285,310.08816400343983,290.1542888062203,293.66343350017434,293.61932134334285,287.9851,287.9779
2017-06-27,17,299.9455,316.85561504144385,315.18005075286084,304.08830959838633,307.151955797681,302.48476084145295,324.0,288.0149
2017-06-27,18,275.9931,301.53301005270765,319.4467757503654,290.60777381343826,297.2166490438398,300.37374720580027,293.9544,282.0
2017-06-27,19,293.9314,299.59549456090514,315.63513981402826,292.99667766212906,297.8734458142803,300.2523528142815,293.9618,306.0
2017-06-27,20,317.9338,297.24810128993533,297.89966930282026,288.516035020645,318.62922667674695,300.9314255501954,311.9594,323.9579
2017-06-27,21,275.9499,288.19125968472605,305.151164269023,280.50071619311444,291.89484586496866,284.43237340965993,281.9558,276.0216
2017-06-27,22,246.0,284.13770007411716,298.24269003708605,279.2200124387968,287.3695819200762,275.62779828419946,287.9703,252.013
2017-06-27,23,233.9875,278.79720769323944,290.41492280476496,274.80818882896347,277.4925700861602,265.8169709684396,282.0,251.9803
2017-06-28,0,245.9488,259.97996304040123,255.57044877646632,256.12417330336,251.55759661588618,257.11945724274545,257.9531,251.9807
2017-06-28,1,233.9575,249.58488825858817,246.376916033303,253.9398365772884,249.97022921954988,247.79021821793398,257.9931,245.9615
2017-06-28,2,234.0062,243.82583287820066,239.8758722092021,241.7941667270038,240.92402007720415,239.7448067865073,263.9793,233.9758
2017-06-28,3,209.9671,237.59843598853848,236.3032916136156,237.31675110336576,237.06092998635867,230.05380071684846,257.9936,215.9777
2017-06-28,4,216.0,235.18531155498945,232.22706054203056,234.80077970429124,233.58552767607148,224.23698808088943,251.974,222.0059
2017-06-28,5,216.0169,232.14077047390361,231.54972846987312,233.26998808787746,233.2124931364854,219.20885430662213,239.9688,227.9882
2017-06-28,6,203.9524,230.6895831990737,227.1319678936146,232.0655319508908,230.4980294739276,214.61207936816737,227.9764,215.9777
2017-06-28,7,203.968,231.31594619193757,229.38308661251503,230.88213314728864,229.57213621224386,215.54176060176556,215.9834,240.0064
2017-06-28,8,191.975,233.26075759599382,228.52569328032956,231.5933814157546,228.50518089037266,213.8123725453305,216.0,234.0
2017-06-28,9,185.9758,233.90957778108967,230.1960633057408,231.98294172674068,231.60900645258317,218.01424439226417,209.9836,240.0
2017-06-28,10,197.9795,237.5638120910829,232.03281118120861,233.1091918599258,230.84494468193463,223.64566368654647,209.9674,233.9634
2017-06-28,11,233.9938,241.6235877549658,236.75519080290914,240.4359458756014,236.1919706969666,241.1172695405811,263.9723,233.9575
2017-06-28,12,258.0,263.65160291520493,265.4459275987885,263.76951124046263,261.3677252484774,254.94756365800185,287.9779,251.9937
2017-06-28,13,299.961,285.5724311409273,288.61650388372306,282.87921747045266,276.05047172504186,268.0304368784482,305.9602,276.0
2017-06-28,14,311.9433,282.7620256380416,293.0424406899458,295.3293319123668,290.04966542091427,275.7986574489354,293.9774,311.9917
2017-06-28,15,305.9444,306.00565312581875,303.72292051729033,306.77204107718103,300.3247705523517,281.3466046648788,311.9834,275.9789
2017-06-28,16,299.9765,307.4020630336965,308.9167297714567,308.9428304629595,299.371845578913,285.7544461658158,311.9594,281.9779
2017-06-28,17,269.9438,318.3374325694975,307.7289383049715,320.38142500453637,315.29666713384916,297.39680676974797,354.0183,299.9455
2017-06-28,18,287.9847,317.30135350792943,312.1539284671329,315.7723238829661,307.3599047735559,294.52030462558855,329.9483,275.9931
2017-06-28,19,311.9672,307.82981898594824,312.6715534313375,313.7828194384007,307.33104573948003,291.5529360258826,317.9422,293.9314
2017-06-28,20,305.9602,313.8113463398043,317.1845339621782,322.1768855459303,316.80754993646786,290.5743976217776,324.0,317.9338
2017-06-28,21,258.0202,308.05438774329497,298.15496363317897,310.17033140081,303.64817919258155,282.7677228037548,336.0179,275.9499
2017-06-28,22,239.9748,284.2818224220731,286.9381024344462,285.3516763167912,281.150197494752,263.19386639504955,288.0,246.0
2017-06-28,23,239.9688,270.404481448651,269.19070742559387,265.77962238113247,267.7469767666865,250.09958153093123,269.9788,233.9875
2017-06-29,0,233.9938,258.52475800994364,258.50472501916323,255.636976093448,250.56557605683372,258.959155896421,257.9798,245.9488
2017-06-29,1,227.9704,248.06108516701067,247.86107211717064,253.23692815912284,247.9112533386262,251.31664592525235,269.986,233.9575
2017-06-29,2,234.0121,243.52050229097185,240.85054744494488,241.70235040186034,239.51732255241697,237.47647021867306,239.9936,234.0062
2017-06-29,3,209.9892,239.17324571507407,235.29229512390873,236.9194291597891,235.6542324615715,229.47922472385946,246.0,209.9671
2017-06-29,4,215.9719,238.22955016979975,232.46549331102312,235.05133446888377,233.2315401254276,221.342431957141,227.9882,216.0
2017-06-29,5,215.9719,233.93267198467134,227.6736976162863,233.3200588636378,230.7907895299317,221.47626951038117,245.9746,216.0169
2017-06-29,6,210.0,234.11106281657968,226.11655294988793,233.23499681442712,231.19675189742705,221.45847558637647,257.9733,203.9524
2017-06-29,7,203.9895,232.42687407496433,225.0585413821426,230.53237870090672,226.05213478206431,221.29084296744912,251.9803,203.968
2017-06-29,8,209.9836,234.4749122875614,227.61507424318236,230.74862394333843,226.05213478206431,215.0950336317081,228.0118,191.975
2017-06-29,9,209.9944,234.4749122875614,229.10611700966624,230.92247304607096,227.94196608629906,217.0504376962259,215.9946,185.9758
2017-06-29,10,203.9626,236.56710545519954,232.77080711167986,232.26443438750962,228.24485963752173,225.56220651445176,222.017,197.9795
2017-06-29,11,221.9767,239.99400405604158,236.54032868844408,239.1782679115068,234.78364990375508,240.7015024533635,245.9742,233.9938
2017-06-29,12,245.9742,263.61410622342623,265.89073097584236,263.2839671664648,260.6302605339498,262.0204152358581,305.976,258.0
2017-06-29,13,263.9586,282.2676265753637,285.4823431934159,284.2527711211331,273.93764293583547,273.39190047415775,305.9923,299.961
2017-06-29,14,275.9641,289.4124522126176,282.84633231864234,299.3915888063365,297.8318354279412,283.5406708941913,318.0085,311.9433
2017-06-29,15,306.0082,311.26057002660093,287.0383723666496,310.4720016399945,302.6890858094637,294.2201910211655,347.9542,305.9444
2017-06-29,16,281.9413,313.9227474015359,296.61917007184775,313.3971740171296,312.3604281298186,298.6814819206949,353.9357,299.9765
2017-06-29,17,281.9633,309.8069829779294,302.3740679698097,309.17533839303866,301.634608038414,292.063265811071,323.9746,269.9438
2017-06-29,18,300.0075,313.50230767483515,303.35894964319056,311.24098371560575,301.4907674749067,297.0601046973933,323.9412,287.9847
2017-06-29,19,311.9761,305.1738661306624,299.4221173769321,311.23017026673125,304.07960030874733,296.96009829638666,323.9914,311.9672
2017-06-29,20,311.9839,313.83452552864964,298.438614045091,315.5336834718753,302.5296558665166,294.2889592062468,335.991,305.9602
2017-06-29,21,276.0,287.27644538133296,292.1241688105792,290.85170086214697,284.77335634569107,276.7073162783785,299.9685,258.0202
2017-06-29,22,257.9867,276.0387385447055,278.3588018012741,278.2383877747432,278.90458914377456,261.6654018154918,269.986,239.9748
2017-06-29,23,281.9483,270.0616725998105,272.12373397769926,266.97095644892033,268.331163613634,253.1069575206494,270.0,239.9688
2017-06-30,0,282.007,273.9958935794133,272.93603527929776,276.230825521439,254.50123969938454,272.30702894491765,263.9793,233.9938
2017-06-30,1,287.9625,262.0999841240212,261.1025995221773,268.83944274253787,251.33290838859364,260.31677154322955,251.9538,227.9704
2017-06-30,2,269.9582,258.67342819563527,262.1056335864321,255.64473623075799,242.30975805780724,252.49377143396546,251.9866,234.0121
2017-06-30,3,263.9723,257.1522193383231,255.20887675853942,250.96860785385473,236.55826976725442,243.10123797822163,251.987,209.9892
2017-06-30,4,263.945,254.68607396244053,257.77708230853926,249.48515446573384,235.18828740525382,239.36692135142778,258.0064,215.9719
2017-06-30,5,233.9938,250.156796810897,252.03726763250174,246.98169419049978,232.09519867577586,238.2291171646032,269.9788,215.9719
2017-06-30,6,234.0,249.20180898900117,245.64790983147944,245.6388129492295,230.39574109498463,230.70865554735383,239.9876,210.0
2017-06-30,7,227.9764,248.11843271799077,244.8119161790617,244.13753629403394,226.3038339537652,228.86672691912398,227.9821,203.9895
2017-06-30,8,221.9712,247.68903327808388,245.37056333983216,244.35378153646565,226.3038339537652,227.8831019434548,228.0,209.9836
2017-06-30,9,221.9767,250.16647093058782,245.61731289233254,244.52763063919818,228.19366525799995,231.73979142241643,221.9826,209.9944
2017-06-30,10,221.9478,249.16219540899672,246.66709630310694,245.3208227156434,228.49655880922262,236.5068685233106,215.9719,203.9626
2017-06-30,11,227.9821,256.9160367545005,256.2726172732716,252.9616051966111,236.0340425821387,258.29602920640497,282.0,221.9767
2017-06-30,12,269.951,279.5121036753765,280.7540753188678,279.5146627871061,262.5362235560966,270.74223001562626,294.0078,245.9742
2017-06-30,13,281.9704,312.7857222549375,314.5705818306131,314.7826654777746,286.5216135737862,284.7628083679188,318.0,263.9586
2017-06-30,14,275.9858,328.0930447941247,327.1694936023662,331.51494625458486,306.8136191251447,297.48304669504193,341.9379,275.9641
2017-06-30,15,287.9775,332.1781129495035,335.39594413765184,335.52299647269,305.01702119733517,303.77274711424633,329.9824,306.0082
2017-06-30,16,305.9602,330.5872425024094,336.7876713391281,329.83063086016114,302.2359189790857,303.2895043042412,317.9915,281.9413
2017-06-30,17,323.9412,334.64247129867016,338.39498348179484,336.45869839939763,308.5846028504958,307.63203636829326,329.9742,281.9633
2017-06-30,18,293.9692,342.08140403289246,341.1473707508794,340.26943594623555,312.46535369852126,314.9962002585451,335.9216,300.0075
2017-06-30,19,305.9521,327.5523482963458,331.30643068784246,332.6679698216666,308.88009088415146,309.14178130245585,311.9917,311.9761
2017-06-30,20,299.9765,326.47985008054906,337.17467431141415,332.04914160193357,306.5133062004155,305.7623127438972,317.9666,311.9839
2017-06-30,21,294.0152,313.2281864810149,325.82043920280273,311.97349992383363,289.03132178508196,292.56243022326476,299.9845,276.0
2017-06-30,22,251.9937,295.67449935078184,292.5187476133943,292.16467452584317,278.6910221537331,276.1274833557199,264.0,257.9867
2017-06-30,23,251.9735,291.4735912955242,294.6463897033543,290.33854576242743,272.9695818832537,267.2235334449422,251.9735,281.9483
2017-07-01,0,239.9624,240.2572773123504,236.4407449181828,247.93644682582246,248.3306457993487,261.28045415942404,252.0134,282.007
2017-07-01,1,233.9821,238.16380584325805,236.25152480844972,238.83174781176123,249.91479063003277,251.2622361908965,246.0066,287.9625
2017-07-01,2,240.0,231.17782701345027,233.87355641429644,230.45538699244509,243.4676047965943,239.74840735953745,240.0,269.9582
2017-07-01,3,233.9758,229.5998675322695,227.27486599080896,226.72584600085307,239.8320840358222,229.50320279550886,227.97,263.9723
2017-07-01,4,227.9643,225.66429326811235,223.33597586366196,225.12878470072235,237.4093916996783,223.8730376367856,227.9939,263.945
2017-07-01,5,209.9836,220.0047573690152,217.88315617281856,221.32072095668215,232.70691704129698,217.51856937302165,227.9821,233.9938
2017-07-01,6,222.0,220.0047573690152,217.52435669977115,221.32072095668215,232.06016943464903,220.84721252431552,251.9803,234.0
2017-07-01,7,209.9892,219.05176337066382,217.0720868539067,220.49346246259637,227.9682622934296,219.04269071945575,239.9688,227.9764
2017-07-01,8,209.978,217.6397267959718,215.3419438587288,218.81286016082896,225.90054623751976,222.88726772578667,245.968,221.9712
2017-07-01,9,216.0058,220.11716444847576,216.8057360754366,218.9867092635615,227.7903775417545,223.4905453421261,221.9771,221.9767
2017-07-01,10,222.0,219.04827796760253,219.44079652363314,220.007034528074,228.93840368399026,229.0696226650756,216.0058,221.9478
2017-07-01,11,233.9634,224.99502200713982,220.76809398819606,224.36943377568468,232.23535226321465,241.9773298194923,240.0064,227.9821
2017-07-01,12,227.9821,231.75316115817668,224.86888709178558,232.9239627503306,238.0805462334145,256.40250172860453,251.974,269.951
2017-07-01,13,227.9761,238.08377704991153,226.0724772001974,243.6688317833433,240.51456509366048,257.5452816631677,209.9944,281.9704
2017-07-01,14,233.9575,241.7449252189756,231.1234256760025,242.9765757183336,237.7567796540542,267.71689167499557,227.9525,275.9858
2017-07-01,15,263.993,260.2102839217348,238.88727791408044,252.78262901413808,240.9282918810746,274.8457482660852,227.9643,287.9775
2017-07-01,16,228.0061,262.4008541252225,245.6774672269622,263.4410522635701,238.05673141564301,277.3456640188724,209.9948,305.9602
2017-07-01,17,233.9879,258.8913404609333,233.5835192136288,256.2215195371955,247.8123231467623,284.6425575867304,228.0118,323.9412
2017-07-01,18,239.9752,267.5272702455371,252.85955889065986,266.1652856590536,247.59533167184262,281.70931903006766,227.9764,293.9692
2017-07-01,19,239.9876,269.28263135569995,253.10069152199526,266.60528166487467,245.81538832028843,280.39217782001447,227.9647,305.9521
2017-07-01,20,227.9586,269.28263135569995,252.59868964841334,266.60528166487467,247.0438220693211,274.04998251317943,221.9941,299.9765
2017-07-01,21,216.0169,271.15714922022397,247.6907962002467,268.6130335021525,249.86925241708937,269.21203073416774,233.9817,294.0152
2017-07-01,22,257.9931,249.12754741949217,234.4500356930363,255.2628817338632,243.26897783811896,258.31801938344813,239.9876,251.9937
2017-07-01,23,275.9499,244.50800864638555,229.1052289065472,254.22749620390044,245.8170393381114,248.03179151852189,233.9575,251.9735
2017-07-02,0,287.9549,252.85531054003127,245.3645965923097,250.14527115368531,248.46953252084947,255.39583949260518,239.9876,239.9624
2017-07-02,1,251.9605,250.0817722490088,244.2771745245166,249.6901732519027,245.28695586233056,243.27974218826108,227.9882,233.9821
2017-07-02,2,257.9729,249.7863430707651,241.21656411735242,245.3454996862113,243.7986982608541,235.3168922387241,227.9586,240.0
2017-07-02,3,239.9876,247.98059136555074,239.10650594218555,244.071322843729,241.58371679674715,228.6510309756236,233.9575,233.9758
2017-07-02,4,233.9754,244.55945816777245,235.64849733589665,242.07287115349885,239.49127681243476,226.00977179541073,252.0,227.9643
2017-07-02,5,228.0,239.69365278185626,230.15624036078398,237.2141384302451,237.18323672780872,219.6913714456231,245.9742,209.9836
2017-07-02,6,221.9826,239.69365278185626,232.21392029260682,236.79016728791856,236.5678316229154,214.98593424829562,221.9771,222.0
2017-07-02,7,222.0,236.9303947137487,228.74214412750874,235.00645927334196,232.56717435566608,211.45387586751932,203.984,209.9892
2017-07-02,8,210.0,236.9303947137487,228.38868585509456,235.00645927334196,232.56717435566608,215.79990966298837,210.0052,209.978
2017-07-02,9,221.9767,239.40783236625268,230.2291196424148,235.1803083760745,234.1825423702038,220.3087892715484,204.016,216.0058
2017-07-02,10,215.955,239.85067865876465,232.06239994300336,235.46577899439876,235.33056851243956,228.60567496190578,210.0,222.0
2017-07-02,11,221.9826,243.59784876229696,234.53770446924457,240.78996057199925,239.45634276842853,239.61191168672747,221.9712,233.9634
2017-07-02,12,228.0,242.7745974966081,237.94955727635985,244.27232248470492,242.36613030690927,247.08910816766488,221.9882,227.9821
2017-07-02,13,215.9665,240.31812428064995,235.91109868939634,244.01824039428791,243.95755641395314,251.5240884745532,203.984,227.9761
2017-07-02,14,251.9735,242.34175892815517,241.33125862309885,246.60061750122736,241.40161496562723,261.5224753943949,215.9888,233.9575
2017-07-02,15,251.9937,246.2557874212195,243.72609626009412,248.77945647497395,243.29148534449482,266.7670334491179,198.0102,263.993
2017-07-02,16,263.9864,245.5494285799245,246.21539645079113,248.75084723316678,242.2245300226236,269.8296383655217,209.9615,228.0061
2017-07-02,17,239.9936,246.25426881782948,249.54015016256312,250.41520291554036,243.78141338060422,272.49363112872965,209.978,233.9879
2017-07-02,18,239.9624,254.10665489353704,252.65705623956688,254.369392094772,248.91226604989527,275.21116386703517,221.9771,239.9752
2017-07-02,19,233.9637,255.4140897067258,252.54346365397274,253.8350263238852,250.21360710338652,272.79845717631355,221.9885,239.9876
2017-07-02,20,239.9688,253.3463440561185,253.3768346166182,253.72745265486623,248.1057215711439,264.80003694706863,209.9888,227.9586
2017-07-02,21,245.9807,254.52044303101678,246.6850936812018,253.7634396207627,246.7781968129298,258.3598254304699,215.9942,216.0169
2017-07-02,22,233.9754,254.2751537390271,250.66772443179445,255.72655616678983,251.77642478010375,261.2146633766791,252.0134,257.9931
2017-07-02,23,245.9807,256.28167843856494,254.86859817937477,258.3191091274668,259.03369357500884,255.0604980611642,257.9596,275.9499
2017-07-03,0,240.0,245.97089427205157,246.5274620688871,256.08562790099717,258.22963104655963,273.6604586893328,245.9807,287.9549
2017-07-03,1,246.0066,229.93965449164224,223.93355382158705,242.7353716848143,249.6437526129076,259.77252862030406,239.9688,251.9605
2017-07-03,2,234.0,224.18878615742068,228.05659986398197,229.39271284866723,242.71720876657633,255.16097924745253,257.9665,257.9729
2017-07-03,3,233.9879,224.30268481639808,222.96696463977594,227.35269693453367,240.41155536452956,243.84772050335545,245.968,239.9876
2017-07-03,4,228.0061,219.5186462059174,219.76111692066502,226.01685865242302,236.92190770651447,236.54677482663712,239.9876,233.9754
2017-07-03,5,216.0,217.65845291465564,218.26386326406055,224.8697158061529,237.24655329331839,232.4590809353922,239.95,228.0
2017-07-03,6,227.9821,215.71979362124608,216.9309272322537,221.7909994996258,233.2587710263294,230.6451753943927,239.9748,221.9826
2017-07-03,7,245.9488,214.99059270152657,216.63959398014023,220.96374100554002,229.19820638686463,228.25993191129896,222.0115,222.0
2017-07-03,8,221.9767,214.56119326161968,214.71133561758282,221.17998624797173,229.19820638686463,224.58701123115242,215.9662,210.0
2017-07-03,9,203.9789,217.03863091412364,217.34399601978748,221.35383535070426,231.0253526875901,234.310737819935,233.9875,221.9767
2017-07-03,10,233.9938,215.9697444332504,219.979056467984,222.14702742714948,231.32824623881277,239.27101563045164,227.9825,215.955
2017-07-03,11,245.9873,221.79629835311673,218.8524738619342,228.62420404127934,237.2798333385153,249.82667266874637,240.0,221.9826
2017-07-03,12,281.9779,244.03482130623203,232.927115639142,254.35424356518558,260.9325884212938,259.67101357259565,245.968,228.0
2017-07-03,13,287.9775,268.6282492830783,254.86317533002278,278.0751118169619,270.03095697884146,271.1231058694309,269.9928,215.9665
2017-07-03,14,269.9793,283.93041629838905,282.0076341811984,291.12983083473233,287.28123105352404,284.0317897346069,281.9925,251.9735
2017-07-03,15,269.9721,324.34441425534436,312.137892061513,327.5638314511727,307.34476831062193,296.86774336291137,317.9666,251.9937
2017-07-03,16,329.9395,310.28279815473854,304.2286879876483,313.0604485516725,291.48872904158975,296.46799398998655,287.9779,263.9864
2017-07-03,17,305.9918,311.9808392264664,303.7287077880791,312.51164549517887,292.1438371561566,296.3665005086493,288.0149,239.9936
2017-07-03,18,300.0155,312.46915835599265,305.2837177445845,308.9325288213805,293.1912595049891,299.71437411564506,282.0,239.9624
2017-07-03,19,305.9842,316.0518340625904,308.9790510710906,314.8576326567872,295.4057133865109,301.31373220573323,306.0,233.9637
2017-07-03,20,305.9684,337.163690037246,326.12075361591155,344.38041816601685,310.5218494401402,300.6966207253378,323.9579,239.9688
2017-07-03,21,287.9703,297.3303808784498,291.32870153279595,303.20210682391416,283.16528122623214,285.55592618126445,276.0216,245.9807
2017-07-03,22,258.0138,272.8324867198781,268.37016953652045,288.8672632494749,278.32813957959144,271.7840274902562,252.013,233.9754
2017-07-03,23,257.9665,266.33157909377064,254.48325893537609,279.0419683066623,270.59742924017854,263.83128131625574,251.9803,245.9807
2017-07-04,0,269.9788,245.5422560232753,238.37923648025497,249.270607619393,248.57341573672642,281.27070261192137,251.9807,240.0
2017-07-04,1,263.9723,231.36387182680073,226.61682396340885,237.035334055479,246.9860483403901,271.2679543170546,245.9615,246.0066
2017-07-04,2,251.9605,226.00327516791612,228.66796724158965,222.55805391213457,237.93983919804433,259.18461670554393,233.9758,234.0
2017-07-04,3,239.9752,227.07216164878935,226.03290679339312,221.4369480969448,236.21456933032434,248.36804920394658,215.9777,233.9879
2017-07-04,4,227.9643,223.13658738463218,222.4613587656723,220.23405312767653,233.79187699418046,243.33643992450862,222.0059,228.0061
2017-07-04,5,221.9885,217.9061245803052,218.58093209299435,215.8703698947617,226.67256984186966,239.81574119805254,227.9882,216.0
2017-07-04,6,215.9493,219.4891826980343,219.77863808113824,216.56212114950932,229.50961005102238,237.37990208246862,215.9777,227.9821
2017-07-04,7,221.9652,218.63941550822375,220.1101471403929,215.95057386367708,226.9569846714907,244.7170484399614,240.0064,245.9488
2017-07-04,8,209.9507,216.52373114204693,215.54668437575012,215.25935664310762,223.82231329370964,239.97911100960624,234.0,221.9767
2017-07-04,9,210.0,219.0011687945509,215.2508988489284,215.43320574584016,223.7924038964824,244.62437131406583,240.0,203.9789
2017-07-04,10,210.0,219.51534043140677,221.30856845539822,217.6181876879823,228.05141170332226,252.99655722139062,233.9634,233.9938
2017-07-04,11,221.9941,225.56232849085214,218.3005433149544,227.58682840454767,231.960898982239,261.8580530426841,233.9575,245.9873
2017-07-04,12,221.9538,250.14724061440148,238.61114374393014,255.63853722472226,254.06969937777842,276.870784612857,251.9937,281.9779
2017-07-04,13,227.9821,281.27316144822083,269.3888841346336,286.9728119910549,267.352683341107,290.05983539029944,276.0,287.9775
2017-07-04,14,239.9936,314.52665731983643,295.3594723228507,311.09055036801647,291.80391575709416,302.5431865385407,311.9917,269.9793
2017-07-04,15,239.9688,311.45150809786617,292.9947271183304,302.27986627558766,274.6442289441335,301.6451664917452,275.9789,269.9721
2017-07-04,16,245.9742,309.42041767857967,287.59839430309034,309.3200626198343,288.51532776943276,312.657692404697,281.9779,329.9395
2017-07-04,17,270.0,320.27770857626507,304.30258234742126,322.06373710129276,276.70635262676024,316.01006466717865,299.9455,305.9918
2017-07-04,18,269.9856,322.7006122914109,305.17544230606427,318.8308743657777,280.38371780721036,315.3454255524816,275.9931,300.0155
2017-07-04,19,275.9641,323.31114517489505,308.8463303058943,319.0765785031944,280.35756290436996,316.90024502517434,293.9314,305.9842
2017-07-04,20,257.9798,338.2018932477751,319.5719946535558,334.37054369726303,292.2182593936202,316.85575342966246,317.9338,305.9684
2017-07-04,21,245.9807,306.8458625145741,296.601474665085,307.6477991570614,278.54826784610344,300.5724629742242,275.9499,287.9703
2017-07-04,22,251.9803,283.8069942398665,268.4618344473035,286.6420861590482,269.7406111177502,283.94116697157034,246.0,258.0138
2017-07-04,23,239.9812,267.9643487264367,252.31437544705753,272.96638985337654,261.52944370712646,272.5200865025208,233.9875,257.9665
2017-07-05,0,245.9742,245.7795956005357,237.8260643882525,244.45923372099023,250.6504787606074,270.9743393186942,245.9488,269.9788
2017-07-05,1,233.9817,227.71468217309382,221.4286912012867,230.28773944590114,246.57561674573483,258.82964933447954,233.9575,263.9723
2017-07-05,2,233.9879,221.10106815001984,220.37899340473197,215.7381484653753,238.59636292526022,249.1660312675485,234.0062,251.9605
2017-07-05,3,233.9817,222.16995463089307,217.0546703376595,214.1719613730256,236.98893990330683,236.17279273136762,209.9671,239.9752
2017-07-05,4,221.983,217.3859160204124,213.90824669720303,212.4419567600525,233.8851143410963,230.65468093025862,216.0,227.9643
2017-07-05,5,215.9888,213.58706343574107,209.88399685215526,208.21609760725528,230.8687252675592,226.6068402419264,216.0169,221.9885
2017-07-05,6,246.0127,213.58706343574107,209.53877792737993,208.21609760725528,230.31322753488135,222.48817299422348,203.9524,215.9493
2017-07-05,7,257.9931,212.85786251602156,209.24744467526645,206.7148209520597,226.22132039366193,224.0946171673367,203.968,221.9652
2017-07-05,8,245.9746,212.42846307611467,205.69446149768626,206.93106619449142,226.22132039366193,219.20696876330692,191.975,209.9507
2017-07-05,9,227.9882,214.90590072861863,207.15825371439408,207.10491529722395,228.16694076003114,223.17056246488687,185.9758,210.0
2017-07-05,10,222.0,213.8370142477454,210.48257678146655,207.89810737366918,228.4698343112538,232.0793695028695,197.9795,210.0
2017-07-05,11,221.9882,217.92660536021785,211.07236292682597,219.5515533281945,233.25544414099937,247.71389767864122,233.9938,221.9941
2017-07-05,12,281.9704,237.28147840292397,228.72898106408653,241.94592224428112,252.77460461014402,260.36494122454144,258.0,221.9538
2017-07-05,13,305.9602,271.8631667562516,263.5407953717569,277.0084416058168,271.561954025109,276.86497563481436,299.961,227.9821
2017-07-05,14,311.9594,294.761176395106,283.8106115921073,304.38978597344067,294.1936953468726,287.45006714956395,311.9433,239.9936
2017-07-05,15,293.9466,291.4739001189658,289.35520106411417,296.3850847785361,283.2667284149732,292.19098894684555,305.9444,239.9688
2017-07-05,16,293.9848,305.18176335779606,297.50589608789863,307.50948592576236,283.8582275881136,295.77851883350985,299.9765,245.9742
2017-07-05,17,323.9746,305.6251769758111,290.0559690060019,305.8822703406641,282.94120881033797,294.3958629209818,269.9438,270.0
2017-07-05,18,299.953,312.4532705412186,306.1398412230183,308.53271589634176,290.91997555501354,302.38337252027947,287.9847,269.9856
2017-07-05,19,299.961,326.8199431543075,314.40879261176633,323.78527639897527,303.6924390751711,305.1120713898292,311.9672,275.9641
2017-07-05,20,287.9851,308.3172754001771,302.3867201725495,308.18579631883875,287.45350548115687,297.69121205577335,305.9602,257.9798
2017-07-05,21,299.992,282.1446126435184,275.0723713227065,294.41669065376806,276.0719001523049,280.90848590000877,258.0202,245.9807
2017-07-05,22,251.987,268.6825129984087,260.07581790984483,283.8211918881945,273.2100444871239,270.0260962518955,239.9748,251.9803
2017-07-05,23,257.9665,260.73801687614764,249.42506006791706,268.9141563368464,264.7277701152263,259.8996271665119,239.9688,239.9812
2017-07-06,0,239.95,254.21650460502812,252.80779331301966,244.76552518744572,255.20494220674215,267.5356479395863,233.9938,245.9742
2017-07-06,1,222.0751,239.95759028743765,240.31387696524905,236.37450881706928,252.55061948853464,256.1258368675094,227.9704,233.9817
2017-07-06,2,227.9882,234.69787546356028,231.71003011225963,224.5204799827337,245.20939867646865,248.8789262523436,234.0121,233.9879
2017-07-06,3,228.095,232.71479924719145,229.16920393500135,222.95429289038398,242.75360416126878,237.1350372859144,209.9892,233.9817
2017-07-06,4,233.9879,226.52416157477464,224.0411504460892,218.6908889749474,238.10658725798746,231.70317919817154,215.9719,221.983
2017-07-06,5,233.9879,223.5487621787073,222.01093702166872,217.1809322742429,235.0134985285095,227.7099203509436,215.9719,215.9888
2017-07-06,6,239.9688,226.42201852687225,223.99242191493173,219.07724578426385,237.5926721736127,228.15736048089295,210.0,246.0127
2017-07-06,7,234.0,224.28205310662585,223.5401520690673,217.29353776968725,233.50076503239328,229.14972199546253,203.9895,257.9931
2017-07-06,8,222.0,223.84229624572063,222.5853121173583,217.50978301211896,233.50076503239328,227.5501284869452,209.9836,245.9746
2017-07-06,9,215.9719,225.67091371312875,223.26532542894702,217.46792090659795,234.37943007689128,230.87825353709582,209.9944,227.9882
2017-07-06,10,210.0052,225.5086652432697,224.74757183765328,216.58051068127577,233.46297906545058,235.65202716110701,203.9626,222.0
2017-07-06,11,239.9812,231.11767858873662,235.17362352767384,226.28192556634403,236.86251310840382,246.5739201987795,221.9767,221.9882
2017-07-06,12,257.9798,257.5436954306816,265.6486871316574,257.1207580677161,266.72167863352894,264.69503467555296,245.9742,281.9704
2017-07-06,13,275.971,285.5759906065449,290.1486483518015,285.45963147947685,276.9233781918122,278.137478695374,263.9586,305.9602
2017-07-06,14,281.9784,299.412341381202,299.4508887693394,299.6730142347631,293.6645503015049,288.01972638708315,275.9641,311.9594
2017-07-06,15,293.9770000000001,307.4938099932957,309.2176337685727,302.95454204210137,296.3904305493634,297.8464550827631,306.0082,293.9466
2017-07-06,16,305.9837,317.0610855548741,310.74948279132855,311.74768070331714,295.967355244134,297.31749154524766,281.9413,293.9848
2017-07-06,17,329.9829,322.2071692318326,310.9443736549872,314.15013587845357,308.865106616701,302.1839852489531,281.9633,323.9746
2017-07-06,18,317.9671,325.7755528061161,321.0893929811067,319.05336849707464,301.0690181743792,307.994680925654,300.0075,299.953
2017-07-06,19,323.9746,337.09395902697344,325.26724218845527,329.3002524027422,312.7695157373636,307.88572114721836,311.9761,299.961
2017-07-06,20,311.9672,337.0225718405169,325.67350451969145,329.3002524027422,314.03076143584684,302.2382502730814,311.9839,287.9851
2017-07-06,21,306.0,306.60746942188615,305.6526633001563,311.1340606142994,292.19505910639674,290.0876382507118,276.0,299.992
2017-07-06,22,270.0774,283.7110353815616,278.7668542252971,289.3281136937074,284.80131974787895,274.2729000631141,257.9867,251.987
2017-07-06,23,275.9572,279.8766450416441,280.9903082982573,280.56729500575415,280.10631685317725,270.5605008273713,281.9483,257.9665
2017-07-07,0,275.9927,280.35359673941974,278.22075076221705,262.1531857422492,266.40793941746256,267.22300425847317,282.007,239.95
2017-07-07,1,263.9864,269.8234133670334,267.72770389705,260.50603083912006,261.7260966524419,257.76943061029823,287.9625,222.0751
2017-07-07,2,246.0,262.6494301382598,257.49245078034534,250.18815437956684,250.5898894007348,246.67725039702117,269.9582,227.9882
2017-07-07,3,245.9811,261.64575232237814,251.97146910908413,248.62196728721713,248.48857447958486,238.56736487435927,263.9723,228.095
2017-07-07,4,227.9878,260.18761571072497,250.11645582292508,246.2196038001525,246.06588214344097,233.79535427527367,263.945,233.9879
2017-07-07,5,233.9879,252.04083274848233,245.5784089587352,242.03281201697772,241.37765283278756,224.71741990260017,233.9938,233.9879
2017-07-07,6,245.9811,252.9533457158527,245.21960948568778,241.82455208290472,241.79786054801082,224.0833612603442,234.0,239.9688
2017-07-07,7,233.9817,250.95745647747194,244.4341753427983,239.82513286007458,236.6389980849202,223.36238330105073,227.9764,234.0
2017-07-07,8,234.0,251.4224365723399,244.15677638681967,238.36077580073888,234.09895558919382,219.25529277450806,221.9712,222.0
2017-07-07,9,216.0112,251.4224365723399,243.57805867442943,238.5346249034714,235.95744439167393,223.57067192248456,221.9767,215.9719
2017-07-07,10,245.9553,252.4261143882215,245.39511744796852,239.32781697991663,237.10870943614307,229.322050966706,221.9478,210.0052
2017-07-07,11,239.9688,258.3504012824717,249.38851530794156,251.82054139030356,244.29362273455308,240.5616825405363,227.9821,239.9812
2017-07-07,12,263.9864,279.5100453749209,270.3802716965775,271.40367881528425,269.9571000662204,257.9697189033575,269.951,257.9798
2017-07-07,13,282.015,304.85415710126495,299.002902211124,292.5772746112796,289.29600846929213,269.49280496000245,281.9704,275.971
2017-07-07,14,318.0,318.3231522237856,309.56394295639683,313.9481888692149,296.52969600103256,275.73295076315367,275.9858,281.9784
2017-07-07,15,288.0149,320.76060367240285,311.8868507256282,315.8760679889497,302.82865244769425,284.7463299330269,287.9775,293.9770000000001
2017-07-07,16,287.9851,320.7741629321916,313.81666287703507,319.53861593433317,301.92372515378196,293.2509747957948,305.9602,305.9837
2017-07-07,17,305.9918,348.81553247746206,336.17844069707695,347.5948509166418,321.05079673767705,300.90828922784647,323.9412,329.9829
2017-07-07,18,305.9444,328.42326620058054,319.31148552659107,324.6723701762573,317.8406523334333,298.7603617557536,293.9692,317.9671
2017-07-07,19,281.9709,328.2643260237136,321.2613299755395,325.16779011877696,316.28473413321717,299.24490975787756,305.9521,323.9746
2017-07-07,20,287.9477,326.28635887139427,322.720182196986,328.1740069217739,306.8409227245018,292.53317525232364,299.9765,311.9672
2017-07-07,21,275.9858,318.6325118435742,314.01025038648424,318.3830817259364,301.4168224489578,284.57396087694536,294.0152,306.0
2017-07-07,22,263.9591,301.6566617663212,296.7710749286594,299.9530262614459,292.7740686014267,265.47159133738296,251.9937,270.0774
2017-07-07,23,257.9798,291.68825728819326,291.6785377954616,287.79405319105865,284.5463859823269,257.36319781463374,251.9735,275.9572
2017-07-08,0,257.9936,246.24528178130114,246.22199100977372,238.66358878071296,251.47970102600314,248.6224827588149,239.9624,275.9927
2017-07-08,1,258.0,239.36934476371323,242.2526763467673,229.38885539079158,246.0653348193716,237.26471298031495,233.9821,263.9864
2017-07-08,2,239.9752,236.8994563905404,240.20381909038346,223.75106622810245,244.12916540471238,228.36879562915567,240.0,246.0
2017-07-08,3,233.9758,235.05195800169835,232.59149660792485,222.6926005938737,242.13276776923016,220.10307475478442,233.9758,245.9811
2017-07-08,4,221.9826,229.70359963117212,229.38564888881393,220.87982808548944,238.64312011121507,211.84244557204048,227.9643,227.9878
2017-07-08,5,221.9826,225.88517340153717,227.3554354643934,218.3841310712465,236.03614451753924,205.55099787159185,209.9836,233.9879
2017-07-08,6,209.9836,227.29795750790623,227.17596325027336,218.59984227950002,236.3651023587924,207.75562101223943,222.0,245.9811
2017-07-08,7,209.9836,224.93217940318578,226.54436614548155,216.60042305666988,231.29748976967187,205.34648826091623,209.9892,233.9817
2017-07-08,8,203.9789,224.93217940318578,225.86209016022906,216.60042305666988,231.29748976967187,208.4749896971306,209.978,234.0
2017-07-08,9,221.9885,225.99758048099773,226.27801536701145,215.1079582846332,230.99701264227204,212.92629865049997,216.0058,216.0112
2017-07-08,10,221.9767,228.6692582852951,233.8284854100431,217.27545398598022,236.1280816555353,223.33263237205654,222.0,245.9553
2017-07-08,11,227.9704,231.35855354946045,235.7656086405755,223.27844992550516,238.00564082653656,232.49495067847698,233.9634,239.9688
2017-07-08,12,251.9803,232.73416246711702,238.07218342037842,228.2459872644073,243.91038406285094,241.46481059607737,227.9821,263.9864
2017-07-08,13,245.9934,238.01015558802035,241.99440132128964,240.75089788142466,248.62217360201942,250.8617238753752,227.9761,282.015
2017-07-08,14,240.0064,236.36746114768852,230.93837584264716,235.13468772508602,257.8167827237165,262.3601110582585,233.9575,318.0
2017-07-08,15,257.9463,250.717143780045,250.46747933849346,248.13116241160049,250.88412373897023,271.0269343817111,263.993,288.0149
2017-07-08,16,234.0062,258.12555816706305,256.40574437646393,258.7895856610325,252.31620492014235,268.1835316783248,228.0061,287.9851
2017-07-08,17,233.9942,258.12555816706305,257.5631394413378,258.72846315370373,250.79180387307753,273.0495812843359,233.9879,305.9918
2017-07-08,18,245.9873,264.4149829952284,262.5578682246549,263.32619507691095,254.4698791246928,274.028774950782,239.9752,305.9444
2017-07-08,19,227.9825,262.60416870388104,262.5035329625702,262.0911443431174,255.6809923562091,269.3906282691987,239.9876,281.9709
2017-07-08,20,227.9821,265.0073353975405,263.98744033040657,263.766191082732,258.1973964686627,263.1405671800467,227.9586,287.9477
2017-07-08,21,221.9767,257.34746395893643,254.56581859637538,262.3712545854227,255.81703690221087,253.37045525994117,216.0169,275.9858
2017-07-08,22,227.9943,246.2000804221822,247.57279934842433,254.2180378676666,254.2775196701579,252.44050488715246,257.9931,263.9591
2017-07-08,23,227.9878,249.58844823867244,253.4656482051011,254.49036126536183,256.4108037092025,246.5004476294244,275.9499,257.9798
2017-07-09,0,233.9571,249.7182525242041,244.43978406748326,230.39809326496348,248.39448629846189,246.57392868894357,287.9549,257.9936
2017-07-09,1,228.0057,236.917817661111,236.94968619144336,220.68619598816662,242.85834222776722,230.54800791485826,251.9605,258.0
2017-07-09,2,221.9771,231.5140477555149,228.66360402325222,216.84265354142352,241.97488278725132,221.59878819817789,257.9729,239.9752
2017-07-09,3,221.9771,226.20741497102816,224.3762955157602,214.64956659999743,237.85881985575458,210.4424870602248,239.9876,233.9758
2017-07-09,4,197.9894,220.94776263271916,219.79326959438535,209.8691729718463,232.42534521110116,202.71206432955853,233.9754,221.9826
2017-07-09,5,215.9946,218.98742918857855,218.6613340448835,208.86134122510774,233.32107824686295,198.13476577419667,228.0,221.9826
2017-07-09,6,228.0,218.98742918857855,216.36781395114966,208.86134122510774,230.8172749422623,194.63370188491191,221.9826,209.9836
2017-07-09,7,215.9719,218.25822826885903,216.07648069903618,207.07763321053113,226.72536780104286,195.6572415497187,222.0,209.9836
2017-07-09,8,209.9727,218.25822826885903,216.07648069903618,207.07763321053113,226.81661767501296,195.94780926563828,210.0,203.9789
2017-07-09,9,215.9665,220.735665921363,219.72278831112473,207.25148231326366,230.14200245139884,204.94341949445806,221.9767,221.9885
2017-07-09,10,209.9618,223.45398450060804,223.33848604334287,207.53695293158793,232.13840008688106,210.28499816163475,215.955,221.9767
2017-07-09,11,197.9637,230.79849451918287,232.17014155556743,217.71328176270205,237.08297913261543,219.48332712842137,221.9826,227.9704
2017-07-09,12,203.984,235.539240132288,236.53956521694812,222.0211936928555,244.02333518904638,230.80010988036037,228.0,251.9803
2017-07-09,13,203.9895,237.65618365448273,237.3079821452249,229.5259169024649,244.9394684196743,235.6972819005984,215.9665,245.9934
2017-07-09,14,239.9748,236.927672329455,237.8857778596821,233.50360928940609,244.16906531737578,249.05433715991677,251.9735,240.0064
2017-07-09,15,203.9626,247.15217981999663,245.180025778931,239.3031902936703,244.16906531737578,256.5128738341455,251.9937,257.9463
2017-07-09,16,221.9652,255.1076644381038,252.85376219237676,249.69324327967496,245.58690115082,260.63921895122496,263.9864,234.0062
2017-07-09,17,216.0058,254.84373827505064,254.54619004239808,250.43868886310477,246.0910745346573,258.1021518568261,239.9936,233.9942
2017-07-09,18,222.0174,260.370221604515,258.34076419635505,253.41851626562854,250.83610510814378,259.0654096213302,239.9624,245.9873
2017-07-09,19,228.0,260.3147510050014,258.04784435183353,253.75093860243064,251.07049083976383,253.82987797829745,233.9637,227.9825
2017-07-09,20,222.0055,259.62368934615876,257.6546508135877,253.75093860243064,250.415382725197,250.44946433666468,239.9688,227.9821
2017-07-09,21,233.9942,253.5192582466437,248.97489668331932,253.59954165142264,248.7020358711783,244.6402560883157,245.9807,221.9767
2017-07-09,22,234.0183,246.20266192946679,245.2435832014104,251.03881612879644,252.75669827925094,235.03280373390868,233.9754,227.9943
2017-07-09,23,227.9704,246.93117325449452,246.087880116369,246.95298620262068,253.49575887979483,228.46537024287204,245.9807,227.9878
2017-07-10,0,233.9758,261.132695075597,265.3401735813706,253.95410450667075,256.351336534315,261.6763278603245,240.0,233.9571
2017-07-10,1,258.0133,249.887939285424,253.06806399830785,250.34518307522305,254.76396913797876,253.2235686178385,246.0066,228.0057
2017-07-10,2,246.0,241.84005573915965,239.01005571389157,233.91076303374368,243.44368065716316,242.0415376389327,234.0,221.9771
2017-07-10,3,251.9803,236.69318067111013,230.79640329582585,232.7896572185539,241.34236573601322,234.96319286416542,233.9879,221.9771
2017-07-10,4,245.968,233.27204747333184,226.01134868431393,231.67696800130128,238.91967339986934,226.17358228377475,228.0061,197.9894
2017-07-10,5,233.9696,231.31171402919122,227.23733543315547,230.35696682074575,239.1383999484747,222.1674701222827,216.0,215.9946
2017-07-10,6,215.9719,233.05152315181343,228.23178248565233,232.61909489602286,241.80134450041314,224.37250695010067,227.9821,228.0
2017-07-10,7,203.9945,230.38366293868435,226.09925952828812,227.7534006719034,234.3684026988527,227.68975876696766,245.9488,215.9719
2017-07-10,8,209.9892,229.95426349877746,223.50132769948948,228.6803601486229,234.39974520060733,220.83317083983076,221.9767,209.9727
2017-07-10,9,203.984,232.43170115128143,226.9752252181258,228.85420925135543,236.43661544094664,222.90893459188038,203.9789,215.9665
2017-07-10,10,203.9895,237.01630965083217,232.50134735834868,229.64740132780065,237.37815654580194,234.5056208698747,233.9938,209.9618
2017-07-10,11,245.9873,241.69224327755612,244.98746921402125,236.68766157511058,243.8847333897348,243.06894271459856,245.9873,197.9637
2017-07-10,12,275.9568,268.28598613800506,275.04885287418824,264.6810276720839,275.42455000822895,258.3371131347004,281.9779,203.984
2017-07-10,13,275.9853,292.46799231636385,303.35182406946404,286.8129762689346,289.58666005886795,267.14931242102637,287.9775,203.9895
2017-07-10,14,288.0072,302.96718157553715,309.5726468432737,303.9516029820274,299.60992267156166,274.0189819910617,269.9793,239.9748
2017-07-10,15,306.0082,299.1477505806166,308.41767181686004,299.5550519308896,295.2019326893495,276.3380497994139,269.9721,203.9626
2017-07-10,16,323.9832,343.30157466169624,340.25145539012016,331.3791496115965,325.9766972654776,293.5143807172786,329.9395,221.9652
2017-07-10,17,323.9493,311.40486916396037,330.793961423218,305.908201411426,303.85386175445217,290.39123345634704,305.9918,216.0058
2017-07-10,18,299.953,316.40263143588714,331.32204959136726,308.5781635011171,306.8361189021466,294.4638661990138,300.0155,222.0174
2017-07-10,19,305.9526,320.0296944037163,334.90867835201453,310.45729813199006,310.7794520370576,293.7788586722753,305.9842,228.0
2017-07-10,20,293.9618,316.24814610007695,331.2758282026179,307.7133424725384,305.9534495248969,288.7220199502036,305.9684,222.0055
2017-07-10,21,323.966,306.9937561136675,320.96461202316414,305.3689449910313,302.895073087275,280.06539753021315,287.9703,233.9942
2017-07-10,22,269.9577,293.44717145771034,301.9851168639864,293.0899090225023,295.58085484622103,266.5392006214318,258.0138,234.0183
2017-07-10,23,275.9858,285.0269892629347,295.1986392785171,275.9947142701638,285.4600810644005,257.1896819448017,257.9665,227.9704
2017-07-11,0,269.9788,279.57448186864843,278.8304035707035,278.0328234800714,262.23346176433233,277.76677026464677,269.9788,233.9758
2017-07-11,1,275.971,269.10663047669124,267.5440283271644,271.7760620083675,261.184795749556,269.77569765105477,263.9723,258.0133
2017-07-11,2,251.9933,263.8393409479728,260.61656725434966,256.981697976976,250.47090243621756,257.98417279943914,251.9605,246.0
2017-07-11,3,263.9657,263.4081479608737,260.47592908367415,255.86059216178634,248.36958751506762,249.13498411340515,239.9752,251.9803
2017-07-11,4,239.9752,259.47257369671667,257.7954485326244,253.5813616148096,245.94689517892374,240.8454940044001,227.9643,245.968
2017-07-11,5,227.9821,253.81371768254317,253.99122566267178,250.09776872232501,241.27576302229704,235.16104949348158,221.9885,233.9696
2017-07-11,6,215.9716,252.23065956481406,252.67119782956465,247.8058113613266,236.6729011600319,231.09953719821323,215.9493,215.9719
2017-07-11,7,215.9773,251.14728329380367,249.3162362565568,246.30453470613102,232.58099401881248,232.1419862848315,221.9652,203.9945
2017-07-11,8,210.0108,250.71788385389678,248.9908738825641,246.52077994856273,232.67224389278257,229.46775428610937,209.9507,209.9892
2017-07-11,9,204.0109,253.19532150640077,249.23762343506448,246.69462905129527,234.6178642591518,233.90270143260298,210.0,203.984
2017-07-11,10,203.9949,252.7399055434484,248.00608749351775,247.4878211277405,235.76912930362093,240.36149818889436,210.0,203.9895
2017-07-11,11,257.9931,258.66419243769866,255.90066299150988,254.73283379793466,244.19010965563822,254.03358747522134,221.9941,245.9873
2017-07-11,12,293.9692,281.02047488950996,284.15922027333727,283.45189002167996,275.11117875930233,264.7046058527385,221.9538,275.9568
2017-07-11,13,293.9618,305.1347344537041,307.1424209254832,302.401412123051,285.7195619341674,273.57547374696014,227.9821,275.9853
2017-07-11,14,299.961,314.7025024513301,328.3169799995101,310.1400632492169,300.05570366979816,283.9876339202545,239.9936,288.0072
2017-07-11,15,311.9922,319.2883923068968,336.6755141606986,311.41685433649343,296.7583433071293,291.4068917241659,239.9688,306.0082
2017-07-11,16,336.009,327.1321167325008,338.5894683437015,314.0506116101843,312.48544489667364,298.2886538254793,245.9742,323.9832
2017-07-11,17,317.9836,327.1321167325008,338.24851553131316,314.3771451706929,313.1405530112405,304.91827348014886,270.0,323.9493
2017-07-11,18,305.976,329.82188732254514,343.80442643517375,315.380994630844,305.3587973452222,306.574611628399,269.9856,299.953
2017-07-11,19,311.9678,329.9176115876216,340.94942811016045,315.05788604525736,302.4004368024073,305.886355133209,275.9641,305.9526
2017-07-11,20,318.0,329.9176115876216,344.49506791013846,314.43905782552434,304.85736293239364,296.8102809145214,257.9798,293.9618
2017-07-11,21,269.9788,318.47977802433763,335.75759210305625,306.40790225065695,312.7228181218105,290.95859774466237,245.9807,323.966
2017-07-11,22,245.9873,302.8284835810446,311.47031075035517,291.05447007270294,295.40499596629013,279.2056990904076,251.9803,269.9577
2017-07-11,23,251.974,299.0617305388475,305.09167365037837,293.15619071110547,286.8948333375024,268.65407132505595,239.9812,275.9858
2017-07-12,0,245.9553,249.44592748405628,252.6624276944201,257.6406408462498,257.67885687893585,283.25799065491236,245.9742,269.9788
2017-07-12,1,239.9624,235.59774632224708,241.8528082354973,246.74169238359616,257.4309936743584,272.1198597877001,233.9817,275.971
2017-07-12,2,234.0183,226.36325853790495,225.94818646299024,227.60243632463408,245.62474104358878,261.2166983840756,233.9879,251.9933
2017-07-12,3,227.9943,227.4321450187782,223.84239289293473,226.9115858492866,243.52342612243885,254.97239395622776,233.9817,263.9657
2017-07-12,4,221.9712,223.49657075462102,220.28660555461016,224.16815454137904,240.62840734647844,244.8094753264346,221.983,239.9752
2017-07-12,5,209.9836,218.55896783758732,218.05960686562992,221.45674631888255,235.9259326880971,239.00216504116582,215.9888,227.9821
2017-07-12,6,209.9783,216.9759097198582,216.3678663252072,219.58876010021066,231.7953972656485,242.3600896616028,246.0127,215.9716
2017-07-12,7,203.968,216.97790354340265,218.32038227596672,219.68041170506868,228.75620009857238,245.7076574942705,257.9931,215.9773
2017-07-12,8,210.0,215.59351628159993,213.5575651525036,218.9777468485566,227.70349012442907,241.49864201472036,245.9746,210.0108
2017-07-12,9,221.9885,218.0709539341039,215.02135736921142,219.15159595128912,229.56197892690918,242.6743715271564,227.9882,204.0109
2017-07-12,10,222.0,217.00206745323067,217.65641781740794,219.94478802773435,230.2409175315618,248.23401761634412,222.0,203.9949
2017-07-12,11,233.9696,227.44120262209978,231.2572484576431,225.82491319848293,240.8127551105197,261.02343259765115,221.9882,257.9931
2017-07-12,12,263.9864,258.598417480186,265.0596732300913,261.64022033531694,273.67178851839816,284.05066849697494,281.9704,293.9692
2017-07-12,13,293.9922,285.66887648265225,290.7150385529883,287.20800078623864,285.63841674110785,296.66481714190775,305.9602,293.9618
2017-07-12,14,336.0263,311.0916925695389,313.7779794081843,302.96142144340945,306.6794283656797,305.65159174244695,311.9594,299.961
2017-07-12,15,0.0,313.0202284253314,317.20181211080785,298.59326126857593,296.15457386518733,309.3185106518132,293.9466,311.9922
2017-07-12,16,293.9466,323.7192443524804,319.57568206832264,306.5187815300713,306.5378509522053,315.81565324305706,293.9848,336.009
2017-07-12,17,288.0,345.93139434188896,348.52457290703,338.23682172614934,318.51120202356753,322.01970335268146,323.9746,317.9836
2017-07-12,18,341.9732,324.2397049255086,333.02349292820537,312.6307927153487,297.5396710393379,320.78060965122563,299.953,305.976
2017-07-12,19,311.9756,325.7708014551737,333.8520161528782,314.8765781417455,301.7003612823947,318.90854735154136,299.961,311.9678
2017-07-12,20,311.9756,324.53201261241975,326.2399937667378,309.42307308647054,310.4675533157207,312.55139956534407,287.9851,318.0
2017-07-12,21,311.9839,310.8038946010585,319.6102625509168,299.45857374274493,295.39733415233445,303.78816676390477,299.992,269.9788
2017-07-12,22,257.9936,282.5691061789322,288.4278035920193,281.2052183419802,285.98836235773837,284.2688733953467,251.987,245.9873
2017-07-12,23,263.9859,270.42698074560974,273.1286834206594,277.76720929387653,277.19140551133506,276.8634724284338,257.9665,251.974
2017-07-13,0,263.993,264.8267746153389,260.5861916979305,258.32603706322817,258.28601166362205,287.77997003909627,239.95,245.9553
2017-07-13,1,245.968,250.78217090720193,248.55398727903977,246.0907634993141,256.22631782746925,274.25863800103207,222.0751,239.9624
2017-07-13,2,239.9812,240.70007415422964,240.29244741792405,233.4289892090479,248.34864426101268,266.050508510577,227.9882,234.0183
2017-07-13,3,227.9825,238.22263650172567,237.8726052288615,231.31403285170475,246.24732933986274,258.03338665526076,228.095,227.9943
2017-07-13,4,233.9696,234.50943648181283,234.5059769187205,227.8842455677624,240.74979912089086,252.89479425113234,233.9879,221.9712
2017-07-13,5,221.9941,230.88855256918458,231.06757023911615,226.11156412867086,237.099238082192,248.1828258136067,233.9879,209.9836
2017-07-13,6,227.9939,230.88855256918458,230.83926820610677,225.68759298634433,236.45249047554404,248.04871445811165,239.9688,209.9783
2017-07-13,7,209.9948,229.72507014846198,230.32351903846018,224.86033449225854,232.36058333432462,247.41629065037242,234.0,203.968
2017-07-13,8,228.0057,228.41000122603728,229.86701329177671,225.07657973469026,231.8882568945081,244.46851084231645,222.0,210.0
2017-07-13,9,221.983,228.41000122603728,231.25802017495207,225.2504288374228,233.7467456969882,249.70059492301226,215.9719,221.9885
2017-07-13,10,233.9875,230.88743887854125,233.67786236401463,226.59239017886145,231.50745041044206,255.37454035887075,210.0052,222.0
2017-07-13,11,234.0242,249.2409662574147,249.43993032429765,241.46634242580578,243.36607885088335,270.0867488319188,239.9812,233.9696
2017-07-13,12,269.9928,277.01963293257893,271.53135587613514,272.4467671315561,268.35640585803736,284.65813088630034,257.9798,263.9864
2017-07-13,13,305.9842,302.323993390617,298.87183618699027,300.78163173753,284.4136786575179,299.07235958627103,275.971,293.9922
2017-07-13,14,312.0083,312.4591684708676,309.58671565292565,283.4984476346974,304.11601025415155,311.56361487891775,281.9784,336.0263
2017-07-13,15,0.0,336.48697737745675,341.8325246189066,311.1115566041816,308.030648052616,288.45564235263925,293.9770000000001,0.0
2017-07-13,16,330.0082,333.27244346099803,337.9733192007794,311.66716609210937,301.73510153372746,322.625893087478,305.9837,293.9466
2017-07-13,17,347.9907,354.5222075288162,347.6904095008175,332.9675305335468,318.928691371024,328.8679675533114,329.9829,288.0
2017-07-13,18,371.9609,322.95653640101165,317.79737059574876,303.94825239714845,321.31412257497107,336.04668536746067,317.9671,341.9732
2017-07-13,19,329.9488,334.4324175975486,335.6025106056508,317.98464340407446,316.32008481951016,331.93133106155244,323.9746,311.9756
2017-07-13,20,305.9837,329.2192947483024,322.8691907167236,313.6704480865962,309.74479504306595,324.9508446750103,311.9672,311.9756
2017-07-13,21,275.9641,305.1119959204735,315.3548721085606,291.00721433444033,296.72472327558194,317.1683379443218,306.0,311.9839
2017-07-13,22,269.9856,297.6165534362487,303.80906525287867,291.30686033204904,293.21296312739395,297.0410566749893,270.0774,257.9936
2017-07-13,23,276.0069,290.0151664729826,291.9078862452114,293.24777600483964,281.95435796546116,289.49179438383203,275.9572,263.9859
2017-07-14,0,270.0,276.885426228889,277.92771636049594,265.7269856470547,268.11564801742344,299.55136120230145,275.9927,263.993
2017-07-14,1,252.0134,263.40566455114384,260.81963767461525,257.07129473822147,263.3584043653865,286.10484425490955,263.9864,245.968
2017-07-14,2,245.9939,258.0598395610525,251.39248720860246,244.82224125434172,253.28254406045693,273.39502055444586,246.0,239.9812
2017-07-14,3,233.9879,253.07605360916057,251.11570933402416,242.49157368874504,250.17244994509983,264.8577670219606,245.9811,227.9825
2017-07-14,4,221.9941,251.61791699750736,247.88528361183543,239.91788760260286,247.74975760895595,256.32436540961413,227.9878,233.9696
2017-07-14,5,233.9513,245.74196967661953,242.45011556838702,236.40002803762505,240.83538211873721,252.79223091672412,233.9879,221.9941
2017-07-14,6,239.9688,247.32502779434864,242.9600137764233,234.67760587046345,242.7210417878851,254.38169927556447,245.9811,227.9939
2017-07-14,7,251.974,243.76917938768753,240.39335693524748,234.47478024010294,235.80239221796825,251.4613346816078,233.9817,209.9948
2017-07-14,8,221.9945,244.92283806550975,237.56944576730612,233.3925744576996,238.33479949376408,251.85648446175963,234.0,228.0057
2017-07-14,9,209.9671,243.33977994778064,237.4454233313621,234.8648745852672,237.18855458063183,253.06313187838848,216.0112,221.983
2017-07-14,10,216.0169,247.84312201052566,237.8161953198065,237.15664939257732,241.34455334071333,266.6672536409046,245.9553,233.9875
2017-07-14,11,263.993,251.93646904666664,247.72405228363868,246.63567579908312,246.807887734527,273.3066456678818,239.9688,234.0242
2017-07-14,12,269.9788,274.5741386672706,275.3630524836906,275.8692137041801,275.9676388789377,289.5074795460596,263.9864,269.9928
2017-07-14,13,300.0155,294.3558708145609,293.3443709874867,296.91281773913886,287.64102741477456,304.4100060258171,282.015,305.9842
2017-07-14,14,311.9834,311.2069409216741,322.39378248146323,318.7706511492705,314.928983233633,319.1864713365014,318.0,312.0083
2017-07-14,15,354.0,323.80174475175977,340.6635756142144,307.57318206333355,316.414867804215,290.23402849899446,288.0149,0.0
2017-07-14,16,330.0088,310.4340947774915,306.8870525679151,303.20572772885373,313.5372582967834,325.4326569014001,287.9851,330.0082
2017-07-14,17,329.9401,315.2411974412369,318.5474784613846,312.46441786819423,317.87021897190243,332.7403918491096,305.9918,347.9907
2017-07-14,18,317.9751,336.30763324375613,335.4225907007208,325.378667526425,339.1083454962683,339.43422482026415,305.9444,371.9609
2017-07-14,19,329.9742,310.75455782318977,316.43485213985815,303.4577658302136,318.7372069462013,328.46767765611247,281.9709,329.9488
2017-07-14,20,323.9827,324.2907450887717,341.50086067771673,310.3260257575018,307.9972745418599,322.71225303621736,287.9477,305.9837
2017-07-14,21,336.0174,313.67708409837127,337.54370525681986,299.1199370050735,308.35978288953004,311.0174199409008,275.9858,275.9641
2017-07-14,22,276.0,297.1843660033511,316.68974681960054,291.65388439705015,302.5021317136005,300.0257344671103,263.9591,269.9856
2017-07-14,23,251.974,286.08344462363755,298.19566428181855,291.08111862806265,291.3593087944516,290.2849117312208,257.9798,276.0069
2017-07-15,0,245.9553,241.9873561794009,245.010552952536,237.4734690763278,247.00351787335302,239.86482591734466,257.9936,270.0
2017-07-15,1,257.9665,237.1726394585382,239.79415808049842,228.65972417066482,242.92865585848037,229.26900613968343,258.0,252.0134
2017-07-15,2,257.9665,233.74776326346955,234.3453377655005,224.58763522222117,239.93977646967784,217.06034275419574,239.9752,245.9939
2017-07-15,3,246.0127,229.50938964232907,229.37743874224077,222.76468911474544,236.8764235123244,207.8175896807669,233.9758,233.9879
2017-07-15,4,233.9513,225.79618962241622,225.62886845595054,216.96396687065928,231.37125807342198,199.08375975954777,221.9826,221.9941
2017-07-15,5,221.9945,221.75538914853695,222.96983205625713,217.22427944209292,229.5994365219411,196.8589075618599,221.9826,233.9513
2017-07-15,6,209.9944,222.79048799184054,222.7903598421371,217.43999065034646,226.54195234225998,193.93243340722483,209.9836,239.9688
2017-07-15,7,216.0,221.0282078346596,222.33808999627266,215.65628263576986,222.15571004813896,196.04770627085836,209.9836,251.974
2017-07-15,8,197.96400000000003,221.8677962279975,222.4064508234527,213.67030215537818,219.0210386703579,195.14948113874374,203.9789,221.9945
2017-07-15,9,215.9942,221.8677962279975,221.72321324525467,213.8441512581107,224.3572193677424,202.342963226302,221.9885,209.9671
2017-07-15,10,233.9696,225.0710710058344,227.48014762775898,214.67839114142842,226.35361700322463,209.21887219963838,221.9767,216.0169
2017-07-15,11,227.9525,228.85496665609855,231.4756514771245,222.3060826075497,235.88399264012452,222.13201292431825,227.9704,263.993
2017-07-15,12,234.0062,232.87742153580913,235.10673068373103,226.72523034443756,242.0197835077272,234.97206218561018,251.9803,269.9788
2017-07-15,13,227.9764,239.03190205530552,237.26644516093742,238.96896698989457,247.4155906553797,244.17312874961635,245.9934,300.0155
2017-07-15,14,227.9704,238.5058724712909,236.39963047889893,233.06617743432165,242.75340269650297,250.96560392414924,240.0064,311.9834
2017-07-15,15,227.9764,256.32301989330824,241.5094292088822,247.54008924464736,251.15476891579308,263.92547869916126,257.9463,354.0
2017-07-15,16,228.0175,251.35126597528063,235.0488219941767,255.2623505858256,248.71871246873582,261.0319802768786,234.0062,330.0088
2017-07-15,17,227.9761,258.1865112340664,244.43171548152844,256.39786404642064,250.6191146529504,262.9887483189152,233.9942,329.9401
2017-07-15,18,233.9942,261.9355666461273,253.15376663325537,262.0854153517014,256.5403262764123,263.97651330737597,245.9873,317.9751
2017-07-15,19,227.9939,263.21898070728207,254.26159416915394,261.46709989410095,256.2449484671351,259.2866370970939,227.9825,329.9742
2017-07-15,20,258.0,256.3837354484964,250.12028908084753,261.46709989410095,256.47047519985716,254.2843213410697,227.9821,323.9827
2017-07-15,21,227.9704,260.88859856375313,252.24350111827417,265.0369946812199,255.5338052453317,248.00789803088148,221.9767,336.0174
2017-07-15,22,233.9758,241.23294511652682,248.5588253307658,256.26098565413736,252.085599453111,235.84237260598087,227.9943,276.0
2017-07-15,23,246.0258,240.02748458685687,245.31178445326796,252.57735131300964,250.40269412150204,224.93938668985845,227.9878,251.974
2017-07-16,0,239.9876,230.89109467764084,224.99013859323762,227.91848735401638,241.34466359497586,243.2982809744629,233.9571,245.9553
2017-07-16,1,245.9615,225.09211731852815,224.68509607461132,219.74411623329064,239.75729619863955,234.05998619708134,228.0057,257.9665
2017-07-16,2,233.9817,219.48684301286715,216.96490674977454,214.41524614220663,237.85246928573497,224.41748493943385,221.9771,257.9665
2017-07-16,3,209.9562,216.84439975839987,212.02907711609498,212.80801124298443,235.85607165025274,216.0757377638849,221.9771,246.0127
2017-07-16,4,227.9704,212.0603611479192,209.11147263861278,211.07800663001134,232.78792621803925,204.84786892147534,197.9894,233.9513
2017-07-16,5,210.0108,208.26150856324787,205.24327433136,205.84627642024967,230.25137471948992,203.70467799961074,215.9946,221.9945
2017-07-16,6,209.9674,208.26150856324787,202.94975423762617,205.84627642024967,229.57328461108733,203.64020409342595,228.0,209.9944
2017-07-16,7,227.9643,207.53230764352836,205.175510508631,204.3449997650541,225.51271997162254,202.93346308258586,215.9719,216.0
2017-07-16,8,251.9672,207.53230764352836,202.4379371536385,204.3449997650541,225.60396984559264,203.27713942367768,209.9727,197.96400000000003
2017-07-16,9,227.97,210.00974529603232,206.01648535597252,204.51884886778663,227.04095642227117,211.18232367613524,215.9665,215.9942
2017-07-16,10,210.0,214.59084784390916,212.0001819995775,209.57698721412746,232.55677015595361,218.28116535941166,209.9618,233.9696
2017-07-16,11,227.9878,218.97279417660002,220.54922366253015,216.12465453877425,237.98110590516555,222.98450483840742,197.9637,227.9525
2017-07-16,12,245.9615,222.35063437700273,223.4080568767213,221.145834089107,241.62940215423188,232.70382101725767,203.984,234.0062
2017-07-16,13,221.9945,226.40524033877006,223.50236235496834,230.82274084195637,242.51419288310518,239.98515448831236,203.9895,227.9764
2017-07-16,14,227.9764,228.65716211894704,228.75259762629213,233.40595198355618,242.12037220979934,253.97790744961273,239.9748,227.9704
2017-07-16,15,228.0,237.6236159427175,234.14854174711206,239.2055329878204,242.33009614941318,252.93027085719044,203.9626,227.9764
2017-07-16,16,221.9652,247.9897601042329,242.35011452670204,248.78424954390024,242.71591824521775,260.506355892837,221.9652,228.0175
2017-07-16,17,221.9771,248.68082176307556,245.09933523751758,249.9197630044953,244.61632042943234,261.44927249484186,216.0058,227.9761
2017-07-16,18,227.9825,252.37245263082937,251.59965338371106,251.653658878715,248.2943956810476,263.01971107225313,222.0174,233.9942
2017-07-16,19,221.9882,254.15183449302623,251.68519137805018,252.09365488453605,250.43227188029257,261.19028880100666,228.0,227.9939
2017-07-16,20,234.0121,254.82367824688586,251.47132509873163,252.201228553555,249.66406511560925,258.29399327469537,222.0055,258.0
2017-07-16,21,228.0118,246.95139294865936,242.40664246534348,255.18111341516607,251.88759938775374,251.32415470182258,233.9942,227.9704
2017-07-16,22,239.9936,238.03700346488992,238.18002595109374,249.38153241090185,252.60122713548535,243.9488210406831,234.0183,233.9758
2017-07-16,23,257.9867,236.78044627462987,233.65842130261498,247.0140324775556,253.53688790166214,234.97851315979943,227.9704,246.0258
2017-07-17,0,263.9586,249.84555423636047,254.450518892558,248.88618492446855,248.78374969545771,266.30190480539716,233.9758,239.9876
2017-07-17,1,258.0133,236.62215786178166,242.78326496156888,237.5698214594983,248.2490922732647,262.2692238012454,258.0133,245.9615
2017-07-17,2,233.9879,228.78130121773947,233.0043905149982,222.03114109434395,238.15017315677562,250.3909901159307,246.0,233.9817
2017-07-17,3,215.9831,224.30033882274148,226.2894514842961,217.28254970763365,232.70782357528466,242.08935507071413,251.9803,209.9562
2017-07-17,4,221.9885,222.7177247654939,226.94179022937095,219.2485767969081,233.6261658994818,237.14046113386814,245.968,227.9704
2017-07-17,5,215.9773,218.91887218082258,221.2394814196798,215.02271764411088,230.4725152859915,229.70800193100732,233.9696,210.0108
2017-07-17,6,227.9943,218.91887218082258,221.36890298894522,215.02271764411088,229.8571101810982,225.0289715035516,215.9719,209.9674
2017-07-17,7,210.0056,220.12833055451262,224.4013969668295,216.60015729544241,229.1974875741899,225.45136003304788,203.9945,227.9643
2017-07-17,8,221.9941,221.06183652730812,223.98350045817912,217.03211374612766,230.2644428960611,227.28535302122924,209.9892,251.9672
2017-07-17,9,197.9947,222.1763687671097,224.97972217433085,216.99025164060666,231.1431079405591,228.93463163693087,203.984,227.97
2017-07-17,10,203.9735,222.88015272816742,225.57744177898326,215.25349667551822,228.95333832468722,233.78652160170122,203.9895,210.0
2017-07-17,11,215.9942,231.12942836971146,238.81264128325643,230.08244632038094,238.50741555011575,251.0376024501491,245.9873,227.9878
2017-07-17,12,227.9882,255.2937073160635,269.66574539138594,257.48627046651706,267.03641541969876,266.42143615060553,275.9568,245.9615
2017-07-17,13,281.985,277.63276478711015,292.07426785330694,281.1628347518237,274.01511868123197,271.99148171775346,275.9853,221.9945
2017-07-17,14,288.0149,289.37866865798827,313.4937529501102,285.59328525912105,293.94359556873684,281.9290561299273,288.0072,227.9764
2017-07-17,15,299.969,302.17576177756825,331.6732276836739,294.1806125996461,293.10344182482834,291.18863922275057,306.0082,228.0
2017-07-17,16,341.9909,335.8427838928199,354.67686090160925,327.59588010604347,315.8206530095142,298.16881353851244,323.9832,221.9652
2017-07-17,17,323.9914,333.66575441437186,355.4478774356242,325.11532068069573,311.80934970535816,300.2370339508462,323.9493,221.9771
2017-07-17,18,299.9925,319.4132956064195,349.04541387514547,306.3650054184787,299.3463277369299,300.79231040379017,299.953,227.9825
2017-07-17,19,323.9914,315.63680481612755,347.9266993280588,301.93964049919833,295.7776709087247,298.9712329515084,305.9526,221.9882
2017-07-17,20,317.9587,316.59560645875655,344.075894885333,301.7084659054847,296.54594296105097,293.25558945286224,293.9618,234.0121
2017-07-17,21,329.9747,321.87807999282296,346.8714216062246,326.04839052709343,309.3078772332009,292.0056694633449,323.966,228.0118
2017-07-17,22,294.0152,277.68061870539856,299.9866525993297,284.58867935098925,285.08631661640976,274.88126860770285,269.9577,239.9936
2017-07-17,23,287.9703,276.9329481070616,292.6590424851186,283.7513793262203,275.63430091671233,268.8103045092661,275.9858,257.9867
2017-07-18,0,281.9488,278.64166335880066,280.2756071368388,280.0875166447007,272.209712207825,287.5437484806599,269.9788,263.9586
2017-07-18,1,269.9788,270.18842292397414,273.71210125515023,274.4760221222487,271.31781282015226,278.8420007527146,275.971,258.0133
2017-07-18,2,263.9652,258.5884364429619,263.29521082891773,256.8544640992436,258.31324223596755,263.4529640978452,251.9933,233.9879
2017-07-18,3,245.9807,258.3572473374713,263.533247574076,251.91978040454464,254.65449062601894,256.7822311642833,263.9657,215.9831
2017-07-18,4,245.9488,255.9441229039222,258.36394075242697,248.39566535987225,251.17908831573178,247.20718061143026,239.9752,221.9885
2017-07-18,5,239.9872,250.8834375184248,253.28629019056322,245.57900924650326,247.5285272770329,240.8572030140887,227.9821,215.9773
2017-07-18,6,227.9882,252.46649563615392,253.06515172355233,247.98082256244015,248.47716928647827,238.44088139721225,215.9716,227.9943
2017-07-18,7,227.9525,249.3449287304959,249.017644810325,244.32777961009094,242.317546089349,237.7958651425382,215.9773,210.0056
2017-07-18,8,227.9647,248.915529290589,250.4583954962779,244.54402485252265,238.83985419444463,236.31409252686927,210.0108,221.9941
2017-07-18,9,215.955,248.915529290589,248.6836608503684,244.7178739552552,240.78547456081384,238.02537854988628,204.0109,197.9947
2017-07-18,10,221.9826,247.84664280971577,247.9205545315393,246.05983529669385,241.93673960528298,245.19766525198992,203.9949,203.9735
2017-07-18,11,245.968,253.75040532413604,256.46708131878574,256.3175989976702,252.3156707440718,264.27808181399956,257.9931,215.9942
2017-07-18,12,287.94,286.50488964103477,290.3958461812084,293.3408870037896,281.61828485632105,280.35020654718903,293.9692,227.9882
2017-07-18,13,312.0083,319.1795242476077,320.8181039204146,321.36908808296465,295.79037995854287,293.3207061987498,293.9618,281.985
2017-07-18,14,317.983,333.0719811678884,337.58227512082857,342.80669027194017,311.0393769913493,302.20347381169216,299.961,288.0149
2017-07-18,15,317.9836,350.2604630938328,350.6626391776725,354.0552665496163,324.68002096107074,311.5190107722859,311.9922,299.969
2017-07-18,16,317.9502,372.0941418490261,373.249213459604,375.892765377645,341.3080494839772,324.22064198018273,336.009,341.9909
2017-07-18,17,305.9837,357.85764704759396,366.35056092675836,358.8360698065251,335.28970937229434,321.197201139425,317.9836,323.9914
2017-07-18,18,324.0086,346.6782883465004,357.06537878756836,346.99620493194055,318.9583607138996,321.18662927166224,305.976,299.9925
2017-07-18,19,353.9723,362.5876808540823,369.0250850911016,360.2689461950615,336.99888922311936,322.16224012883987,311.9678,323.9914
2017-07-18,20,330.0,362.15492707813394,368.05591707918694,360.5644396884439,337.3886920830254,318.16358248175175,318.0,317.9587
2017-07-18,21,330.0,339.16685443812077,353.67536998434844,344.8490549873687,323.4025894681147,303.61434658569783,269.9788,329.9747
2017-07-18,22,330.0,320.17729506386456,328.5162238595353,323.874276397678,308.8900527866563,287.6590120013365,245.9873,294.0152
2017-07-18,23,330.0,309.0287264114113,317.6089086684503,308.9256135665928,295.75479266774516,279.2341351268863,251.974,287.9703
2017-07-19,0,330.0,307.8846503712034,304.3179634817632,308.5104924355643,294.54791570164383,302.29874558185566,245.9553,281.9488
2017-07-19,1,330.0,291.66291461068477,287.04477960311567,298.32809049772527,291.09279017323723,290.6512594685484,239.9624,269.9788
2017-07-19,2,330.0,279.29729936265875,276.7738830764267,278.36922516393673,278.3836857472478,280.31825679315705,234.0183,263.9652
2017-07-19,3,330.0,280.366185843532,275.2452770083697,275.3789321895913,276.2823708260978,270.13601006978615,227.9943,245.9807
2017-07-19,4,330.0,277.9557959910591,271.8542137213453,272.2270856846573,272.49575680777855,263.3782085247479,221.9712,245.9488
2017-07-19,5,330.0,271.6886372531676,263.0641903455303,266.46186448479904,265.8953102287388,256.99988775981365,209.9836,239.9872
2017-07-19,6,330.0,270.3984390227318,261.11756109478915,265.82218213421896,264.18160730021964,254.6175818466847,209.9783,227.9882
2017-07-19,7,330.0,269.3150627517214,260.32304690168394,264.99492364013315,259.7953650060986,254.51603293713936,203.968,227.9525
2017-07-19,8,330.0,268.88566331181454,258.40868505978716,265.2111688825649,259.7953650060986,254.294375724654,210.0,227.9647
2017-07-19,9,330.0,267.30260519408546,257.36666467997645,263.68257570216946,263.2536836688656,260.6249366057083,221.9885,215.955
2017-07-19,10,330.0,266.2337187132122,257.36666467997645,265.0245370436081,264.4049487133348,267.8776369441139,222.0,221.9826
2017-07-19,11,330.0,273.57134169682683,261.83936318824607,270.28794339442646,271.28726910670235,280.12134439505473,233.9696,245.968
2017-07-19,12,330.0,309.91642573399815,305.65450062585256,309.44019383001614,293.44859415949105,297.951492189758,263.9864,287.94
2017-07-19,13,330.0,335.32805182875444,325.5207671823274,330.0016577984572,308.3147414748497,313.9466913749318,293.9922,312.0083
2017-07-19,14,330.0,364.15546051922587,361.2051622101727,366.91082866826054,351.30094944479555,329.8002054334512,336.0263,317.983
2017-07-19,15,317.9666,360.8129605229034,357.46427643843674,359.7509028025114,335.63442431239844,271.48005508465985,0.0,317.9836
2017-07-19,16,305.9602,361.88667732373585,359.8411826522544,360.37182022697374,333.5534785872926,331.93341380429996,293.9466,317.9502
2017-07-19,17,306.0158,354.2438793205631,351.2549161902226,351.6913119389758,322.8448714233769,331.8202579205474,288.0,305.9837
2017-07-19,18,335.9826,377.3739922250567,385.4477298131697,377.9347501835118,359.90313353461175,348.32960781336504,341.9732,324.0086
2017-07-19,19,311.9917,375.9899161323365,379.61286501214454,371.81227634119637,350.94667170330627,342.967669960709,311.9756,353.9723
2017-07-19,20,311.9672,371.410092552807,373.2883364558587,366.8211066609794,344.92500431850686,336.0994630353774,311.9756,330.0
2017-07-19,21,299.9845,366.48641171167145,361.1545829538533,358.87674491572363,343.88631052913183,329.5581758794459,311.9839,330.0
2017-07-19,22,293.9848,343.1710531293895,339.2471289739792,342.34917506818084,330.2637238815155,311.1638129216087,257.9936,330.0
2017-07-19,23,276.0216,332.7792164784414,329.07747042964,328.7074320392411,317.54676894390957,303.22441335190194,263.9859,330.0
2017-07-20,0,275.9784,300.0187570325343,296.1264862819945,305.2342500893686,294.4308079217209,314.9543696711186,263.993,330.0
2017-07-20,1,269.9721,294.6154151244275,293.13601738323644,298.7617774094112,292.31518658507315,301.94508228811594,245.968,330.0
2017-07-20,2,263.9864,286.8298438671972,269.89255383206756,290.9150632311333,283.29203625428664,291.9980325286587,239.9812,330.0
2017-07-20,3,270.0211,286.8298438671972,268.16238481313314,287.87423293915884,281.19072133313665,282.2129065949967,227.9825,330.0
2017-07-20,4,258.0069,284.41945401472435,265.580796420774,285.39733162183387,273.08423734730906,277.6440171179458,233.9696,330.0
2017-07-20,5,245.9742,281.4923079222177,262.58808370937413,281.51517933262477,272.79929495434317,271.7565736800078,221.9941,330.0
2017-07-20,6,233.9875,281.4923079222177,262.81165313875863,281.09120819029823,272.6248737875117,271.62381501957555,227.9939,330.0
2017-07-20,7,245.9742,280.03806724711677,262.1085277403878,280.2639496962124,264.58294831157144,269.2560233743387,209.9948,330.0
2017-07-20,8,269.9577,281.0875492360773,269.0549964501957,280.48019493864416,268.2436611445688,271.5048943822478,228.0057,330.0
2017-07-20,9,251.9803,281.0875492360773,268.7225974402799,280.65404404137666,275.31361515691606,275.62718484677737,221.983,330.0
2017-07-20,10,251.987,281.0875492360773,270.13535954699165,282.9218793174466,276.93720664120184,284.75484365391617,233.9875,330.0
2017-07-20,11,276.0073,296.4799092072711,304.73289920870127,301.34219476879747,282.4491982821168,292.63706095791446,234.0242,330.0
2017-07-20,12,305.9765,318.9108236083856,317.7772677500352,323.0702159619092,304.3822379795791,307.85367852335077,269.9928,330.0
2017-07-20,13,317.9666,342.7457941668853,344.58601243039067,346.70953480763694,322.4336618021615,322.91995125146383,305.9842,330.0
2017-07-20,14,299.9845,364.4971540842181,364.5424881003708,369.87245410894366,336.46907522468746,331.4940233877017,312.0083,330.0
2017-07-20,15,312.0078,371.03962083709223,376.91221102032983,371.70181812078346,335.53573437286843,276.78631075398624,0.0,317.9666
2017-07-20,16,317.9836,368.84692606538334,358.2993095384585,371.0506809082475,332.93831895514325,343.127975777502,330.0082,305.9602
2017-07-20,17,323.9827,371.3308148024445,359.5057177427713,374.74623863421755,339.05633819909485,348.7896986633184,347.9907,306.0158
2017-07-20,18,341.9379,376.3303920535339,382.76388527934455,388.0759788675652,357.97206433918177,360.59274885493954,371.9609,335.9826
2017-07-20,19,341.9647,362.5057224179266,359.6092255157516,375.21138637123903,340.84354213639733,347.85116342184995,329.9488,311.9917
2017-07-20,20,335.9474,353.5197135705134,348.92739480897006,367.0644178819382,329.2703081972737,338.5726972034521,305.9837,311.9672
2017-07-20,21,300.0315,342.7267797955536,343.4495010622593,350.7347336767897,314.54744793588037,325.05199340580486,275.9641,299.9845
2017-07-20,22,299.9765,330.7626927907304,329.07663137167395,341.0959783336894,309.8760922696906,315.1346775639288,269.9856,293.9848
2017-07-20,23,275.9858,312.55576559027327,303.5528510175146,319.0540196665484,300.27801064677874,305.3475702962402,276.0069,276.0216
2017-07-21,0,264.0136,280.31458110817067,278.5085024233706,287.3503373890809,280.7663950766718,314.0660113881378,270.0,275.9784
2017-07-21,1,263.993,269.02279371073513,269.00771408362664,278.62262950891915,276.25855957412193,300.4856663750469,252.0134,269.9721
2017-07-21,2,258.0069,261.3197663263638,254.37199516698237,261.3207815275839,264.7479146247992,289.956939132028,245.9939,263.9864
2017-07-21,3,251.987,262.8231261490762,255.3820469871946,260.21617194678447,265.13409432218543,280.7237137646232,233.9879,270.0211
2017-07-21,4,257.9867,258.9093764738909,250.1776897980233,254.5238015044478,259.7515809276888,271.5793733019117,221.9941,258.0069
2017-07-21,5,252.0,254.1950189860481,245.85934091155283,249.29309504726606,256.5883880309952,269.1366288293151,233.9513,245.9742
2017-07-21,6,264.0,252.90482075561232,245.50054143850542,248.653412696686,254.8746851024761,267.8816961980758,239.9688,233.9875
2017-07-21,7,269.9649,251.92467129314275,244.46818090473317,247.36784724974396,251.84973328312788,272.3794983403237,251.974,245.9742
2017-07-21,8,251.9866,252.65855556998545,246.90659231891223,250.395649820353,253.8649014618475,267.7107364205475,221.9945,269.9577
2017-07-21,9,239.9688,251.15519574727307,243.89200043352994,247.7579415949082,249.84533531477618,269.00871131670914,209.9671,251.9803
2017-07-21,10,239.9684,251.15519574727307,244.71746769842056,250.02577687097812,254.38716069026057,277.0101654633717,216.0169,251.987
2017-07-21,11,240.0188,265.1704867869495,267.67023941722124,272.64943202438303,263.31711139532814,296.32935602893923,263.993,276.0073
2017-07-21,12,299.9840000000001,296.4035767296405,292.6084137084204,304.05678205208085,288.925715017385,308.634531296614,269.9788,305.9765
2017-07-21,13,336.0084,331.50268427278183,332.5240989810967,339.21306767891576,313.36782707712297,323.7009013675654,300.0155,317.9666
2017-07-21,14,347.9548,351.328995521977,336.72410013920177,356.0095117141662,322.9654720383852,331.74095225790484,311.9834,299.9845
2017-07-21,15,329.9483,368.42949972044124,357.6451068283558,371.8229867652817,341.29388608293186,347.0279035046136,354.0,312.0078
2017-07-21,16,341.9641,375.11953240913357,367.639303718788,380.49586205627435,340.01001166321123,347.34195966610883,330.0088,317.9836
2017-07-21,17,329.9571,375.12528088306334,369.53656904201705,381.24589602553255,341.3111226047591,350.1134071069289,329.9401,323.9827
2017-07-21,18,324.0254,359.4990046254215,356.15798520036134,373.1726204096475,342.8127843229986,353.9086593366619,317.9751,341.9379
2017-07-21,19,347.9728,368.276159909889,364.0733031438337,383.54922627095027,346.77848253640667,353.7489766090797,329.9742,341.9647
2017-07-21,20,365.9524,367.0993245172697,358.62082897376297,380.4088172768442,342.8308106892281,347.34131945521335,323.9827,335.9474
2017-07-21,21,335.9563,347.9234943658608,340.93307823455746,356.93057278287574,329.3326977693458,339.61313709340294,336.0174,300.0315
2017-07-21,22,312.0,321.66637963754016,318.63874925195415,331.3340492694267,306.5260818083082,319.90266078444023,276.0,299.9765
2017-07-21,23,288.0,297.1713692084317,290.20007250179333,307.99722982880536,293.4653724995203,303.7879539190234,251.974,275.9858
2017-07-22,0,287.9703,280.81583734261903,290.9991962039217,281.699298847744,277.22840654704567,272.56954714970755,245.9553,264.0136
2017-07-22,1,263.9586,281.93816425261394,289.27518746553426,280.2066387099187,276.1654951845412,265.3661666342227,257.9665,263.993
2017-07-22,2,252.0197,274.8676138736353,285.7532313371621,276.4801221628914,273.61028226119345,256.0608452368017,257.9665,258.0069
2017-07-22,3,246.0066,274.10451809037926,284.04414585218024,273.2191225185371,270.56117465156785,245.7694291349704,246.0127,251.987
2017-07-22,4,239.99400000000003,271.6941282379064,281.4625574598211,270.06727601360313,268.13848231542386,238.34798000569293,233.9513,257.9867
2017-07-22,5,233.9875,265.7904160188413,276.1792379867698,264.30205481374486,263.84165997040554,231.92678849677787,221.9945,252.0
2017-07-22,6,234.0058,265.7904160188413,275.91718421597307,264.75342028842056,259.7172204688532,229.48342141516594,209.9944,264.0
2017-07-22,7,234.0,265.34445848481545,276.6015125777681,265.86238250550974,261.2961646881728,232.25887262900116,216.0,269.9649
2017-07-22,8,227.9643,263.2978497890358,271.5986213755028,263.0508251773325,255.3309781747323,230.41087734366906,197.96400000000003,251.9866
2017-07-22,9,233.9696,263.2978497890358,271.0199036631125,263.224674280065,260.6671588721167,237.97032691290997,215.9942,239.9688
2017-07-22,10,245.9553,263.10595775039604,271.0199036631125,264.793768809571,263.1358829474156,248.19085003198262,233.9696,239.9684
2017-07-22,11,258.0,270.6243402605082,273.6063160784195,269.24086015853896,265.0447846201716,254.86216035322914,227.9525,240.0188
2017-07-22,12,258.0,274.58669483040967,274.673317105979,278.90028633940466,279.4705521660088,269.91476361688126,234.0062,299.9840000000001
2017-07-22,13,233.9879,286.85060753858306,276.7738951076194,289.50920876400687,288.13336004513894,280.2569986800768,227.9764,336.0084
2017-07-22,14,239.9628,288.06228350865956,274.86444203168065,290.6756417774866,285.8299570737559,288.73972569968214,227.9704,347.9548
2017-07-22,15,245.9873,291.5011129495679,280.0971612294642,291.40581020812107,286.1141621027239,293.1133038260913,227.9764,329.9483
2017-07-22,16,252.0197,295.1777180505775,279.0811650432075,295.8987057264234,287.90657187406515,298.5436883791392,228.0175,341.9641
2017-07-22,17,245.9873,292.1921746084106,283.4489316001279,295.79347858380385,289.44664546811066,299.60285302630183,227.9761,329.9571
2017-07-22,18,257.9729,298.60991582567357,284.8630164478717,296.50865481081314,293.77113822880386,300.09049787009627,233.9942,324.0254
2017-07-22,19,294.0,303.3508203780033,283.9212626220375,298.7182336416273,295.43280787246437,298.73966683934094,227.9939,347.9728
2017-07-22,20,275.9784,302.5285471785439,296.34889609649696,308.82671224556685,306.9195718667153,301.4976349441623,258.0,365.9524
2017-07-22,21,275.9858,304.773997376424,289.4531641576596,300.6658353800914,294.1692983827655,286.3244836766955,227.9704,335.9563
2017-07-22,22,281.9633,289.4275316212754,285.59275503465125,291.7013754890898,287.14108626397535,277.0660496077811,233.9758,312.0
2017-07-22,23,281.9413,287.274782048533,286.22893515874784,292.94232703919823,286.92578430033615,267.92393428853336,246.0258,288.0
2017-07-23,0,257.9867,260.90844344313274,261.49049687463963,263.30671440072535,273.95288131604985,273.8739157001546,239.9876,287.9703
2017-07-23,1,275.9494,257.88373212331936,262.7501911814649,258.9100925320942,264.83874894208645,263.34119757830024,245.9615,263.9586
2017-07-23,2,281.9563,253.8846180702849,256.9269790118424,253.2344909495174,262.28353601873863,251.25538297008427,233.9817,252.0197
2017-07-23,3,239.9752,252.23657378384166,255.50618345555125,251.62725605029522,259.93265878920647,238.71470434669914,209.9562,246.0066
2017-07-23,4,252.0,251.29287823856734,252.88512698315603,249.62880436006506,258.19469839894396,235.96665715906255,227.9704,239.99400000000003
2017-07-23,5,233.9817,246.5159017791271,249.5165194681098,247.63307673508487,258.1460684885593,228.4239330317387,210.0108,233.9875
2017-07-23,6,240.006,246.5159017791271,249.38236529521947,247.20910559275833,257.4993208819114,227.154695538293,209.9674,234.0058
2017-07-23,7,233.9875,245.1052699512812,247.67791089892785,245.70782893756277,253.28482136496734,231.65473573751,227.9643,234.0
2017-07-23,8,228.0,245.1052699512812,246.03772499506945,245.70782893756277,253.28482136496734,238.93977241784006,251.9672,227.9643
2017-07-23,9,221.9826,245.1052699512812,246.88892619376156,245.8816780402953,254.81305781561596,240.10275689193594,227.97,233.9696
2017-07-23,10,216.0058,248.1162196504268,248.03294387547422,246.93162913186654,258.0861347125831,244.510643938376,210.0,245.9553
2017-07-23,11,233.9817,252.26550992263782,252.87216927877841,253.51240330314624,261.21735161102066,256.8292115257141,227.9878,258.0
2017-07-23,12,227.9821,252.34338430633204,257.04942381568685,258.0049777279696,267.74113835602344,268.4672187187887,245.9615,258.0
2017-07-23,13,228.0057,250.46166811724424,256.89951829783223,261.7033723886087,268.1185702050916,269.67628225040704,221.9945,233.9879
2017-07-23,14,233.9754,254.67932602199605,261.3058826423057,264.3933231645672,268.77130455059773,278.6755293694242,227.9764,239.9628
2017-07-23,15,227.9821,258.47166417689795,261.1936768280417,265.5892518522926,269.41583816973497,285.2454308214334,228.0,245.9873
2017-07-23,16,239.9812,259.9779685733372,265.5892241239569,266.5435528965065,270.0113842051533,288.9069640135743,221.9652,252.0197
2017-07-23,17,240.0,259.9779685733372,268.25176869704234,268.2079085788801,271.911786389368,290.50763138978056,221.9771,245.9873
2017-07-23,18,269.951,264.6428759470726,271.05371544086506,270.9161662298077,276.426396786737,292.66246955239717,227.9825,257.9729
2017-07-23,19,275.971,267.19908770554406,271.97342658457853,275.84756334073546,283.88971373179015,292.45482212067793,221.9882,294.0
2017-07-23,20,251.974,267.9256176319819,273.7948431068319,274.59012030371986,280.5561097097226,288.42692966720006,234.0121,275.9784
2017-07-23,21,270.0072,270.2760775115339,271.0317513060921,277.6775788343499,280.65155575099374,280.7086773848283,228.0118,275.9858
2017-07-23,22,263.9859,266.58108879293405,272.2883939425206,277.1084923596159,278.57442026795604,275.4588067818699,239.9936,281.9633
2017-07-23,23,275.9784,264.6813241227803,269.6504207001545,275.55316289085476,280.0100087167097,269.7704287775553,257.9867,281.9413
2017-07-24,0,270.014,282.3728793213156,280.71771898204963,274.2787958834777,270.98947968154334,283.29329934934304,263.9586,257.9867
2017-07-24,1,264.0207,272.2335966236429,271.592246078283,273.0039722950798,272.70085715519076,274.7002372394528,258.0133,275.9494
2017-07-24,2,251.9605,266.9268608769215,262.5364650942229,258.4738891936438,261.98696384185206,262.2582039353812,233.9879,281.9563
2017-07-24,3,245.9742,262.4820342337977,257.427847321981,253.15170635214986,256.0899926121617,247.726509238725,215.9831,239.9752
2017-07-24,4,240.006,259.06090103601946,254.8067908495858,251.54742099278215,253.66730027601793,244.5471055634742,221.9885,252.0
2017-07-24,5,228.0,255.1923178154943,253.0858469585848,249.4123822682704,252.78772900099744,238.2745370083545,215.9773,233.9817
2017-07-24,6,245.9742,256.55522322819684,252.95169278569446,249.2041223341974,253.17659421446606,239.91308479376698,227.9943,240.006
2017-07-24,7,258.0064,254.33273462311578,251.62552740412434,247.38881712525597,248.14032412710017,236.9276526309502,210.0056,233.9875
2017-07-24,8,239.9936,253.34738438565554,250.38151220448378,247.60506236768768,248.04907425313007,237.04599400485324,221.9941,228.0
2017-07-24,9,234.0062,253.88616274474987,248.45985732102628,244.7001951638931,246.74490983312836,236.9063119887466,197.9947,221.9826
2017-07-24,10,221.9826,255.3069723926199,249.89524966788457,246.04215650533177,247.8961748775975,243.9836138689721,203.9735,216.0058
2017-07-24,11,251.961,262.64465248724457,264.73038034811333,262.1270313910073,257.61326338091175,255.45046685739993,215.9942,233.9817
2017-07-24,12,269.986,284.58681039904184,287.17111115433187,288.76762390789384,286.70591000971945,265.09659835593845,227.9882,227.9821
2017-07-24,13,299.9685,309.84194827558986,310.56672490903395,307.54945603343157,302.71861420042853,283.188016903733,281.985,228.0057
2017-07-24,14,293.954,325.01554868481765,326.65875459357005,326.47852392324563,318.89370181605733,291.92985371117993,288.0149,233.9754
2017-07-24,15,318.0329,331.16224732507567,337.3554887540216,332.7887845488788,319.44192935712385,299.42718928477177,299.969,227.9821
2017-07-24,16,311.9839,366.1116452754463,359.12801017279685,364.3361861006831,355.00469465290456,312.66623203943584,341.9909,239.9812
2017-07-24,17,311.9428,358.5489556791459,356.08110075588957,363.36787458273574,349.9773326500707,311.27815432839293,323.9914,240.0
2017-07-24,18,336.0,342.2332343764059,347.5235316299461,338.6822302296687,330.0798472176645,314.10183342154335,299.9925,269.951
2017-07-24,19,353.9446,365.3830753373998,361.4333118096702,366.6749556109492,356.0493828908714,316.8570863498547,323.9914,275.971
2017-07-24,20,311.9594,359.61329042315145,360.32949424929717,356.236093734808,342.08008827345355,308.92498166567583,317.9587,251.974
2017-07-24,21,299.9765,365.6206885604642,349.7171648377245,359.1094044885525,348.10974186987113,306.51829848076136,329.9747,270.0072
2017-07-24,22,275.9568,323.39305144300823,319.75380858536795,320.6225674376931,315.85688670313294,291.20076653071243,294.0152,263.9859
2017-07-24,23,263.9934,313.4276268373878,312.12067049370336,309.1215127274332,307.5991773927567,282.3059907077551,287.9703,275.9784
2017-07-25,0,251.961,272.3760268200345,275.5018306745579,266.7153303325486,268.53953567482546,282.8255656269593,281.9488,270.014
2017-07-25,1,245.9934,256.80132209486476,261.8258155010173,260.9067524936425,262.67948751617814,271.0030004695227,269.9788,264.0207
2017-07-25,2,233.9696,252.6112274373918,253.3667308176163,246.86309605859253,254.7002336957036,260.4703076347443,263.9652,251.9605
2017-07-25,3,239.9812,248.60354323272256,246.227650482515,244.27431087946553,251.54620880041034,249.45116419908584,245.9807,245.9742
2017-07-25,4,252.013,244.6679689685654,244.6692904852639,242.59296628310238,249.12351646426646,243.5337313739853,245.9488,240.006
2017-07-25,5,239.9684,239.73036605153166,240.417239872818,239.8815580606059,244.23206523719327,237.89922806524623,239.9872,228.0
2017-07-25,6,221.9941,240.82171411118014,239.45213982061904,239.09329712070496,244.65227295241652,236.08560851097295,227.9882,245.9742
2017-07-25,7,209.9892,238.90554176956562,238.2505980154599,237.49370312001707,240.2660306582955,238.2044452400118,227.9525,258.0064
2017-07-25,8,227.9764,239.02173570621375,239.97265805543108,237.70994836244878,240.2660306582955,234.73777103345725,227.9647,239.9936
2017-07-25,9,216.0112,240.85035317362187,239.7933307965037,237.66808625692778,240.58523769908788,236.79115830247764,215.955,234.0062
2017-07-25,10,210.0,241.75772487016727,244.0685481559387,236.23055049275513,239.66878668764718,243.17619407772744,221.9826,221.9826
2017-07-25,11,233.9754,248.52899635205472,257.3391416728971,249.1221310960367,246.8536999860572,257.8999789257816,245.968,251.961
2017-07-25,12,263.9521,275.80247756496016,285.1721348975367,280.97548512648814,279.96197294233485,275.36447825199974,287.94,269.986
2017-07-25,13,305.9842,312.87854238014376,312.42620166574096,313.66261912293123,306.5355103472903,290.36995953696874,312.0083,299.9685
2017-07-25,14,323.9406,321.6891682285366,319.79809267582215,323.6682737532448,317.5215320439976,297.82093150076736,317.983,293.954
2017-07-25,15,288.0,323.6817415691959,320.19857826916234,319.84988806231854,327.6173217391616,305.71535840936826,317.9836,318.0329
2017-07-25,16,300.0,328.00917224714004,324.13918896909854,326.4776659128743,321.14604082496953,309.1137973829666,317.9502,311.9839
2017-07-25,17,299.9840000000001,316.1833816127427,320.3244482782221,315.6017519349622,309.1997605284275,308.8092249615844,305.9837,311.9428
2017-07-25,18,299.9840000000001,353.01072782533197,347.0774517336311,342.76450257915985,338.93663711173417,319.19941876172635,324.0086,336.0
2017-07-25,19,336.009,360.10906120802093,350.93857768957156,351.12759574906363,357.74984963626014,324.2356709145486,353.9723,353.9446
2017-07-25,20,317.9666,340.99514299740196,331.5705429336884,336.3994105390401,330.6784159688396,311.25057219474286,330.0,311.9594
2017-07-25,21,305.9521,335.1139724563885,324.42032315345233,330.3176046730087,324.88114286512285,303.8351513461607,330.0,299.9765
2017-07-25,22,263.9934,328.26224484685895,316.08149254506975,323.662301853987,322.0557024920872,293.844738072505,330.0,275.9568
2017-07-25,23,269.9438,318.30532341054925,309.91318501048903,312.210107141911,310.35449227523935,284.0179855069374,330.0,263.9934
2017-07-26,0,257.96,285.77514049592446,283.38091070522853,279.83142103500904,279.85123463316484,276.57142390675614,330.0,251.961
2017-07-26,1,221.9826,280.1232037819086,273.5767125944439,278.8435014622188,278.2638672368285,267.2710108582901,330.0,245.9934
2017-07-26,2,234.0121,274.1970909955863,266.8929385666591,271.53061573412504,269.2176580944828,258.1063114781167,330.0,233.9696
2017-07-26,3,233.9938,273.53702358031524,262.6656449843249,269.6313705850354,268.1832984952039,251.83619269786442,330.0,239.9812
2017-07-26,4,221.9826,272.07888696866206,260.03362782541905,267.2290070979709,265.76060615905993,247.75312577144274,330.0,252.013
2017-07-26,5,210.0,268.0100139973802,257.7959170458197,264.22385015212694,262.12508682255003,243.3441991728842,330.0,239.9684
2017-07-26,6,209.9783,262.26949880310855,252.30527332394533,258.4067215393451,258.34366783812095,240.4868255376543,330.0,221.9941
2017-07-26,7,210.0056,264.13930050377274,246.53461604757948,256.80712753865714,254.25176069690158,240.32920911971013,330.0,209.9892
2017-07-26,8,216.0115,265.8616154674758,256.9891885067314,261.62081803746275,256.31947675281134,240.08628198582932,330.0,227.9764
2017-07-26,9,234.0121,263.70990106386586,253.14089778862268,257.1972218838214,256.11024949938155,243.73580293669892,330.0,216.0112
2017-07-26,10,239.9812,265.28248144650723,253.01546718911308,258.53918322526005,257.261514543851,249.34738250215432,330.0,210.0
2017-07-26,11,209.9562,272.53140769324455,269.54617804358384,273.7330393819998,262.90714608057334,258.70578476945326,330.0,233.9754
2017-07-26,12,245.9873,286.83229713467415,276.90731703470635,290.90751535852957,288.800833138391,269.0311959302893,330.0,263.9521
2017-07-26,13,258.0,318.86580463903147,299.77275682995867,317.38979886700207,307.89830264786406,280.3318691166127,330.0,305.9842
2017-07-26,14,282.0,338.12235300487487,325.06169972836767,340.2358071935794,329.24689848445723,288.67252560337056,330.0,323.9406
2017-07-26,15,275.9858,323.3538692672846,312.41658954646647,322.2613599960045,313.8021632488,288.4551719836156,317.9666,288.0
2017-07-26,16,287.9625,313.32239922356433,314.2647838573188,313.6148024718215,302.63285601886315,291.1137492960584,305.9602,300.0
2017-07-26,17,293.9618,313.64814236728694,313.33928167730295,313.78825741843684,303.28796413343,293.0227431240171,306.0158,299.9840000000001
2017-07-26,18,323.9914,335.488299344028,322.9803654115306,332.7807050437103,326.94407150682935,303.47188770931837,335.9826,299.9840000000001
2017-07-26,19,335.9474,326.73663860214447,321.6520329584576,321.6377748450636,331.56465478857064,299.91119869102386,311.9917,336.009
2017-07-26,20,318.008,324.0187538196777,315.01866114578746,319.70119968055025,327.3921967813932,293.8403717739166,311.9672,317.9666
2017-07-26,21,275.9858,306.0820108273425,310.6030260503358,308.20622586391727,302.02964723596835,284.27071348515227,299.9845,305.9521
2017-07-26,22,263.993,297.9085108202812,297.74321391124573,297.46148956525855,295.594728508804,271.63495324641815,293.9848,263.9934
2017-07-26,23,257.9867,287.30664083760325,286.73226776202097,282.9776261860648,284.86754381765036,260.26493606961577,276.0216,269.9438
2017-07-27,0,246.0131,265.991593450501,268.3967059577154,254.44929706987818,258.30590657362643,266.21303045906353,275.9784,257.96
2017-07-27,1,245.9873,251.1809443633019,251.08627822501782,248.07502490837334,251.81771524350205,252.83719685313122,269.9721,221.9826
2017-07-27,2,234.0,249.2459131140885,246.9687362402671,240.75924342840509,247.08664109437814,244.67615988893954,263.9864,234.0121
2017-07-27,3,227.9882,247.67333273144715,242.9112841376749,239.19305633605538,244.9853261732282,238.9044967878429,270.0211,233.9938
2017-07-27,4,228.0,243.9601327115343,239.10328977273022,234.9296524206188,239.9524871741423,230.19974688867728,258.0069,221.9826
2017-07-27,5,215.9831,237.5523078410672,231.13156767755876,232.5007856209705,235.80668847052104,223.45087643869056,245.9742,210.0
2017-07-27,6,215.9946,236.7757108510797,230.11763780647047,231.49681347281603,235.1599408638731,219.96813932822363,233.9875,209.9783
2017-07-27,7,204.0054,236.0465099313602,229.0770325950623,229.71310545823943,231.06803372265367,223.24640153829853,245.9742,210.0056
2017-07-27,8,221.9882,239.04953596585307,234.69708568035784,230.84826079961493,232.12074369679698,226.50185158927457,269.9577,216.0115
2017-07-27,9,239.9812,239.67760626168638,236.3343357145255,230.60756714124682,234.99423858104362,229.59060334528664,251.9803,234.0121
2017-07-27,10,209.9944,241.89900682942357,240.5711150760451,232.31650903689487,237.21245894738396,236.41722845511134,251.987,239.9812
2017-07-27,11,222.0,247.9793937608922,246.95749331374924,243.5644989804615,239.93213497353366,245.4151326853127,276.0073,209.9562
2017-07-27,12,251.974,272.8492985015982,271.69036031273913,269.71613401614565,269.18402894304205,262.15486428420706,305.9765,245.9873
2017-07-27,13,317.9666,303.35892977231,292.22239272817916,301.27503855596115,292.384985907471,273.0490843736327,317.9666,258.0
2017-07-27,14,311.9672,304.8848610524907,299.68952344428754,306.3196108361541,293.9367254935555,278.6218921161886,299.9845,282.0
2017-07-27,15,288.0225,316.54971398877285,300.9734519575962,310.5110343658657,308.26051274461236,285.90263004485,312.0078,275.9858
2017-07-27,16,312.0,314.3510339568963,301.764400773564,314.38986403776715,309.70585739777033,292.06884443498757,317.9836,287.9625
2017-07-27,17,335.9826,324.8272073806906,300.5027886257576,322.17163481416816,314.56711953541804,295.7225087199628,323.9827,293.9618
2017-07-27,18,329.9571,331.92461849728795,315.54069970880664,330.1077294816527,330.93220388324147,306.71403548150226,341.9379,323.9914
2017-07-27,19,311.9917,334.1333794664862,318.3259362812876,332.9533942671222,331.4917803667287,305.4771375999244,341.9647,335.9474
2017-07-27,20,311.9756,327.31602296075357,314.5239087437527,331.0972671977584,329.6070419379452,298.2256851789687,335.9474,318.008
2017-07-27,21,311.9756,303.4031045949488,302.0144526708697,302.1863630956472,294.8708955695187,281.195076104684,300.0315,275.9858
2017-07-27,22,281.9709,296.96495725159434,294.7411884492638,294.3391506295433,289.23475106818586,272.414488083117,299.9765,263.993
2017-07-27,23,275.9641,283.37353539162683,284.2525150895979,276.90551828492386,276.5471029994158,258.66487153214825,275.9858,257.9867
2017-07-28,0,257.9665,280.2639887891162,274.20632122769865,276.37958450301613,262.8491995288175,271.81021765401516,264.0136,246.0131
2017-07-28,1,264.0207,268.8361422013886,262.2436056024677,269.9071118230587,260.7335781921698,262.83576714155606,263.993,245.9873
2017-07-28,2,269.9788,263.2336422641302,259.45391156575374,257.13023766606983,250.64347253951217,252.3177482357733,258.0069,234.0
2017-07-28,3,263.945,260.4311560533923,254.14536860608408,254.09637120978306,247.48944764421896,243.58734227880637,251.987,227.9882
2017-07-28,4,239.9812,257.4505696111311,252.97916342697724,252.34188443088755,246.11946528221836,239.3860103069811,257.9867,228.0
2017-07-28,5,216.0,250.19816618366312,246.69943682502222,246.28710642904088,237.47512171594775,233.74675217941189,252.0,215.9831
2017-07-28,6,203.984,251.15315400555892,247.02944545902704,246.78204538565808,237.88108408344308,234.84100692457048,264.0,215.9946
2017-07-28,7,203.9895,250.06977773454852,243.6744838860192,245.2807687304625,233.78917694222366,235.85587840481764,269.9649,204.0054
2017-07-28,8,215.9946,248.68539047274584,246.6285234565287,244.57810387395048,234.62486516778773,232.44528080301467,251.9866,221.9882
2017-07-28,9,215.9946,253.39470642807478,246.5131084115589,246.83565040360844,239.6180253480489,236.74313325482666,239.9688,239.9812
2017-07-28,10,216.0,253.4354205238057,247.03863323263286,246.09391431812168,235.74622081502963,240.2890401403485,239.9684,209.9944
2017-07-28,11,239.9812,257.1278291152309,252.42981673565282,250.36023354609273,243.09795340855064,248.7466966953021,240.0188,222.0
2017-07-28,12,245.9615,289.09366066255444,282.6916327733404,284.60887339862796,275.9557236288779,270.7706487700308,299.9840000000001,251.974
2017-07-28,13,282.0,343.67489422278027,332.06621366794906,344.822443128015,319.2776186360137,291.435921979503,336.0084,317.9666
2017-07-28,14,300.0,348.0700470850041,328.9478807478484,352.9948181574286,325.08004462251483,300.0281575380065,347.9548,311.9672
2017-07-28,15,281.9709,346.71458406040784,332.2420815731844,351.13202119028466,322.26431940974584,299.9741682079077,329.9483,288.0225
2017-07-28,16,312.0078,356.2310097930597,332.61715503150344,359.52026175637866,325.6756096312766,308.4904276702473,341.9641,312.0
2017-07-28,17,323.9752,365.33363050906553,351.368612711908,369.12489704475513,332.0884029186671,310.4288119823698,329.9571,335.9826
2017-07-28,18,299.969,367.4248528502286,359.8382220268659,372.52580275004937,335.08373063471896,313.29094464930654,324.0254,329.9571
2017-07-28,19,300.0235,361.08186574022625,345.41599056292574,365.20234861991617,331.36667173693,313.8107087616672,347.9728,311.9917
2017-07-28,20,263.9859,362.06662038406955,346.6391684836591,367.75487744237535,337.0572672883292,312.78619183787174,365.9524,311.9756
2017-07-28,21,252.0,350.06916816915356,341.49389775461407,355.1249678357808,325.2252032280206,300.757179158056,335.9563,311.9756
2017-07-28,22,257.9931,334.2650692277542,323.6502261952059,336.0933411387508,315.6292575385983,285.62499062033953,312.0,281.9709
2017-07-28,23,246.0062,309.5041534242075,308.39424575735995,303.62179531483326,290.9587412668526,271.7677692110127,288.0,275.9641
2017-07-29,0,234.0062,240.5467186091069,234.92021914959932,237.72248933431985,253.79691826751719,259.5968743046249,287.9703,257.9665
2017-07-29,1,227.9761,228.70127156790963,228.76242929122162,227.63265523022903,249.31348417096584,246.36335353890098,263.9586,264.0207
2017-07-29,2,227.9761,224.94829675371096,225.67283728445247,223.32109575137625,248.81209940069965,236.165585040414,252.0197,269.9788
2017-07-29,3,221.9712,223.3703372725302,219.07414686096496,220.32640940597247,244.32820714668108,227.24293781297044,246.0066,263.945
2017-07-29,4,215.9888,219.43476300837304,215.5183595226404,217.85401148883952,241.9055148105372,218.34937566442582,239.99400000000003,239.9812
2017-07-29,5,209.9892,212.791516097677,210.9718620003957,213.27461704767114,233.24692589653867,211.4925372265978,233.9875,216.0
2017-07-29,6,198.0,212.791516097677,208.09409460675818,213.27461704767114,232.60017828989072,209.13575171246217,234.0058,203.984
2017-07-29,7,203.9684,211.83852209932562,207.8027613546447,211.77334039247557,228.5082711486713,210.16416864215893,234.0,203.9895
2017-07-29,8,209.9783,211.83852209932562,209.98715514749725,211.77334039247557,228.5082711486713,213.309631885172,227.9643,215.9946
2017-07-29,9,209.9674,214.31595975182958,211.45094736420506,211.9471894952081,230.3667599511514,219.5158501892197,233.9696,215.9946
2017-07-29,10,203.9735,213.24707327095635,214.08600781240156,212.23266011353238,232.36315758663363,228.3574711654056,245.9553,216.0
2017-07-29,11,209.9727,218.5994272610372,222.1567569014844,214.2282528131196,242.3186913316783,240.45519386140617,258.0,239.9812
2017-07-29,12,215.9888,222.0660892713134,222.97227394818358,219.24943236345237,248.22343456799268,248.99771042582958,258.0,245.9615
2017-07-29,13,203.968,229.89464331347236,226.38719173152083,233.88295304176822,251.88251413301785,255.60923172020335,233.9879,282.0
2017-07-29,14,215.9888,232.05808477533267,230.3363162723361,238.13006350467967,252.05355330465238,265.5315562364473,239.9628,300.0
2017-07-29,15,203.9575,241.57200151179703,236.60656966207497,241.55455915838,251.25751373895582,270.82082339267686,245.9873,281.9709
2017-07-29,16,215.9719,243.33546231362,236.09050059491702,246.58874430478426,257.3696304217867,278.90729977882654,252.0197,312.0078
2017-07-29,17,239.9688,242.84283283029174,227.0718791024412,246.13786047520406,262.01886897538594,280.95482913264567,245.9873,323.9752
2017-07-29,18,245.9746,258.16314836167174,251.61961235560935,257.2862807040201,258.7205930954203,280.85152311505743,257.9729,299.969
2017-07-29,19,221.9708,263.1470949205838,254.05558727285572,260.4736727048649,262.95413978888627,285.33974480359177,294.0,300.0235
2017-07-29,20,203.9895,258.15114019755293,256.78598413500674,253.02324946275627,257.0202195814714,273.9592392789143,275.9784,263.9859
2017-07-29,21,221.9885,252.3813120685034,250.0913719974644,254.15566468303197,257.91262305744795,266.3997250751018,275.9858,252.0
2017-07-29,22,203.9789,244.10009314919157,245.86017262189938,248.3560836787678,260.13218459932733,260.17672463831605,281.9633,257.9931
2017-07-29,23,209.9615,241.3891887746373,240.0564685392419,245.78401995547085,260.7571849933893,250.12315734015672,281.9413,246.0062
2017-07-30,0,215.9604,234.42614883766788,242.31912060801866,222.37081878621336,234.44359364516654,230.03645295373752,257.9867,234.0062
2017-07-30,1,203.9789,217.53079218822336,229.64771766959777,222.24289655127654,234.0799481978052,224.00638636842262,275.9494,227.9761
2017-07-30,2,221.9826,212.9533274307912,220.26444532487696,215.7763062866257,224.84385934478917,216.96858618461826,281.9563,227.9761
2017-07-30,3,198.0,206.36632335085113,211.9592317663313,209.55286245689234,217.4042141864404,201.41268423346543,239.9752,221.9712
2017-07-30,4,198.0053,205.4226278055768,209.9614266980198,208.04600690877726,215.31177420212802,197.84319459706276,252.0,215.9888
2017-07-30,5,197.9792,201.45881269200984,205.87449435203325,207.34476389918527,219.3600013836355,190.49201675566704,233.9817,209.9892
2017-07-30,6,191.9901,200.68221570202235,204.65385560700585,206.3407917510308,218.71325377698756,189.32703655568457,240.006,198.0
2017-07-30,7,204.0,199.95301478230283,204.07008111728013,205.33908907349874,214.62134663576813,189.7237889551991,233.9875,203.9684
2017-07-30,8,216.0,202.4304524348068,205.28712378148757,205.33908907349874,214.62134663576813,192.1983719546277,228.0,209.9783
2017-07-30,9,216.0169,202.4304524348068,206.77816654797144,205.51293817623127,216.1809255881714,195.9155710195185,221.9826,209.9674
2017-07-30,10,215.9773,207.4190059554965,212.88291335008665,205.79840879455554,217.44163996826123,200.5135491204964,216.0058,203.9735
2017-07-30,11,209.9618,211.6788277300641,217.91710230863023,209.00205340407442,220.9008840333255,211.775204197399,233.9817,209.9727
2017-07-30,12,198.0155,232.10526422031555,240.00426935584355,219.56941011618366,231.05301169627424,218.86717700135245,227.9821,215.9888
2017-07-30,13,210.0108,241.4255993506658,239.46522267317076,227.9114269356885,234.81909796267135,225.2661010957484,228.0057,203.968
2017-07-30,14,227.9647,240.87833565605658,241.42447437386977,232.58834973816474,234.7581325575627,234.34172130327985,233.9754,215.9888
2017-07-30,15,239.9752,240.87833565605658,239.23644692272796,232.58834973816474,234.7581325575627,237.64911264436273,227.9821,203.9575
2017-07-30,16,228.0061,242.04413085770668,242.40629412651484,232.63487308568207,236.19021373873483,244.99981736911428,239.9812,215.9719
2017-07-30,17,222.0229,246.49055940258435,250.98035690495624,237.64565791871263,241.11981343883602,249.2143616980498,240.0,239.9688
2017-07-30,18,210.0108,248.0417631778227,255.7403507973844,241.30126445208003,245.8505986645946,255.32072447916147,269.951,245.9746
2017-07-30,19,216.0054,249.26011646873107,259.3597013220941,240.21763898441185,245.00294532494027,251.85366365412557,275.971,221.9708
2017-07-30,20,227.9821,244.83793264328855,246.5526977464262,237.5055315797469,242.07140528725512,241.1406262446224,251.974,203.9895
2017-07-30,21,221.9882,248.48388953952548,248.67287908115838,242.76910906144812,244.84278537931465,240.02806939858556,270.0072,221.9885
2017-07-30,22,227.9821,248.48388953952548,246.4311462638697,242.76910906144812,245.71609560139171,229.50477702573838,263.9859,203.9789
2017-07-30,23,227.9939,247.678229638983,249.96846058744046,239.88538356469294,247.00078295547533,223.71924437018234,275.9784,209.9615
2017-07-31,0,215.9834,262.37536475024655,263.2528178463002,254.07106731134476,252.2325957022028,264.31265731723954,270.014,215.9604
2017-07-31,1,203.9789,251.13060896007346,250.25168534613462,251.88673058527286,250.64522830586648,253.15050823408046,264.0207,203.9789
2017-07-31,2,209.9836,243.96625673244404,237.31906063302893,237.7995006682814,241.61326451124862,244.35196392066717,251.9605,221.9826
2017-07-31,3,209.9727,239.0942996705952,231.59750542470252,236.67839485309165,240.24763284549107,234.0040096460586,245.9742,198.0
2017-07-31,4,233.9938,238.15060412532088,229.12245212713316,235.565705635839,237.8249405093472,227.55891043020227,240.006,198.0053
2017-07-31,5,222.0059,233.7128330286763,226.4879707168938,234.2457044552835,238.0123245561979,221.92119061463916,228.0,197.9792
2017-07-31,6,240.006,233.51398285788895,225.83176444808032,233.241732307129,237.36557694954996,223.60585327456843,245.9742,191.9901
2017-07-31,7,227.9643,233.73976976006526,226.16503889083384,232.56104840538492,234.32637978247385,228.0209638311694,258.0064,204.0
2017-07-31,8,222.0059,234.8328201507665,226.39680968291222,232.56909778316063,233.27366980833054,224.97320732430694,239.9936,216.0
2017-07-31,9,222.0059,234.8328201507665,227.88785244939615,232.74294688589316,235.13215861081065,228.69340850121708,234.0062,216.0169
2017-07-31,10,216.0,239.70477721261534,233.99259925151136,233.53613896233838,235.57908290164204,232.68573276101841,221.9826,215.9773
2017-07-31,11,203.9844,244.3807108393393,245.02578300586467,240.57639920964832,243.94135942524582,245.10928824984137,251.961,209.9618
2017-07-31,12,245.9615,262.8916470060644,271.40538672962606,262.7455482657066,268.82212980470894,255.1049949596382,269.986,198.0155
2017-07-31,13,264.0,290.14578707710115,304.70512597110104,288.54534077876957,285.93298080978633,269.47762689303426,299.9685,210.0108
2017-07-31,14,269.951,297.41308906485006,312.85037114531883,302.9437630104309,299.72252247501126,276.80859419255495,293.954,227.9647
2017-07-31,15,299.9685,320.62052467759304,327.89571308803335,323.5007993485083,317.04232460699495,288.11551591662624,318.0329,239.9752
2017-07-31,16,305.9842,321.24345617653114,331.49166151536866,325.1036249837223,319.09314647387237,289.7601439775901,311.9839,228.0061
2017-07-31,17,299.9845,321.78545200581453,333.39845782952415,319.1818409032586,314.36573259972147,291.1497957562309,311.9428,222.0229
2017-07-31,18,269.9788,338.74627805148884,336.6942441456069,327.0846150989525,330.0183050600159,298.21856225308494,336.0,210.0108
2017-07-31,19,287.9775,345.9317765884112,351.4138223401196,339.04483815706647,345.8812745650525,299.8456967718918,353.9446,216.0054
2017-07-31,20,299.9845,324.563793429496,337.1958062219394,328.16573236292083,319.4628362042732,288.50275194477126,311.9594,227.9821
2017-07-31,21,269.9721,294.77663927517165,312.82642946043654,300.53588536397245,294.0815393044357,279.4043604208031,299.9765,221.9882
2017-07-31,22,245.9934,289.45109290048663,303.38730313926675,290.9208780601707,291.4283837507683,267.69469036851325,275.9568,227.9821
2017-07-31,23,258.0,281.4579801069757,292.6937666873884,274.2404558751855,281.1674235630438,256.7746829670074,263.9934,227.9939
2017-08-01,0,251.9803,254.22884490678308,256.57386990079965,259.09349730322987,246.13230961795725,274.6779149452924,251.961,215.9834
2017-08-01,1,239.9752,240.05046071030847,240.30060129761827,246.85822373931558,244.54494222162094,263.28240028802105,245.9934,203.9789
2017-08-01,2,245.9873,235.31150649419683,236.09306076900214,232.45416468135866,236.56568840114636,253.1461026102271,233.9696,209.9836
2017-08-01,3,245.9807,236.04536104514446,233.55223459174385,230.78428960117546,235.2000567353888,247.1513822129554,239.9812,209.9727
2017-08-01,4,239.956,234.87929125562582,235.9994261578915,232.69133591646073,237.2759092618943,246.25585750702513,252.013,233.9938
2017-08-01,5,210.0164,229.9945281554042,231.63225589457414,228.0714379312027,231.57267386947433,239.3984164621105,239.9684,222.0059
2017-08-01,6,204.0105,232.86778450356914,233.0092891416454,229.23511514654706,233.05666650227042,236.42333113393627,221.9941,240.006
2017-08-01,7,203.9895,230.8483853534138,232.3776920368536,227.51812728309795,229.02432755324153,234.01667354122492,209.9892,227.9643
2017-08-01,8,197.9743,228.8359277957778,230.72188850072382,226.78640651843884,226.83401912160696,236.21643047812796,227.9764,222.0059
2017-08-01,9,209.9839,231.31336544828176,232.18568071743164,226.96025562117137,228.7238504258417,238.9364373767815,216.0112,222.0059
2017-08-01,10,210.0,230.30908992669066,234.72650689468992,228.30221696261003,227.4294154530703,243.70869492941577,210.0,216.0
2017-08-01,11,216.0,235.39734266439186,235.85323254241786,232.5685361905811,232.68302590727012,254.6414716620285,233.9754,203.9844
2017-08-01,12,281.9709,258.67789098134017,264.9868621216444,260.5084986785923,259.52167338693664,272.2140609555004,263.9521,245.9615
2017-08-01,13,299.961,291.0671006629087,299.02277256592316,294.5683865351921,274.5333486421554,289.6944296541753,305.9842,264.0
2017-08-01,14,287.9847,315.44106490032925,318.21138880145924,322.509429751664,299.66375129543275,300.7061857242433,323.9406,269.951
2017-08-01,15,299.953,309.5975148616227,319.4642766221126,314.12384191459796,285.7500711235028,302.407722979243,288.0,299.9685
2017-08-01,16,311.9839,323.444086384101,328.06043545603694,328.9632105832749,284.365769217251,309.3359759046667,300.0,305.9842
2017-08-01,17,312.0161,323.444086384101,327.7287502489336,329.2897441437835,287.74095434117106,310.82002428992683,299.9840000000001,299.9845
2017-08-01,18,299.961,329.22520864281074,339.1014455982007,325.3984850488634,291.31382284414246,311.6784182563012,299.9840000000001,269.9788
2017-08-01,19,305.9602,352.17472715630714,345.5004022833749,345.0070414154434,315.5089891037634,317.8585341209545,336.009,287.9775
2017-08-01,20,299.9685,341.81602071900465,342.6783737385212,341.6832543292963,304.9260464015691,311.0077140732373,317.9666,299.9845
2017-08-01,21,293.9848,311.86601717902704,323.5189116232183,316.316247730737,287.20819789939765,299.5070063447819,305.9521,269.9721
2017-08-01,22,263.9864,287.432286621983,288.72010478513346,294.87370689002523,278.28429960685787,281.3671596527187,263.9934,245.9934
2017-08-01,23,233.9817,281.7698763115604,285.2332088993355,285.913650489156,270.07313219623416,274.7784420423783,269.9438,258.0
2017-08-02,0,245.9742,249.3162183084046,246.0561573710111,251.3369585696606,251.70928729516578,280.59618298749564,257.96,251.9803
2017-08-02,1,233.9942,232.94316302112077,233.00268870921536,238.18277490680293,249.10055242644088,263.2324968710665,221.9826,239.9752
2017-08-02,2,233.9817,222.65519214669072,222.28906521835916,223.19140127727863,241.08995610421164,257.4869006450839,234.0121,245.9873
2017-08-02,3,221.9941,220.45038633100867,217.35323558467957,221.07644491993548,239.7243244384541,250.15735230614894,233.9938,245.9807
2017-08-02,4,209.9783,217.02925313323038,214.32671512449602,219.20835022903015,237.33297460406484,241.70660049282785,221.9826,239.956
2017-08-02,5,215.9942,210.9667235451305,208.85629886959396,214.37274103551857,232.34164553781744,233.09075372789346,210.0,210.0164
2017-08-02,6,203.9626,210.9667235451305,208.62799683658457,214.37274103551857,231.6948979311695,231.27012381933196,209.9783,204.0105
2017-08-02,7,203.9945,210.0137295467791,208.3366635844711,213.5454825414328,227.60299078995007,232.3219159049118,210.0056,203.9895
2017-08-02,8,197.9894,209.58433010687222,209.39937990285253,214.4724420181523,227.51174091597997,231.50721934511114,216.0115,197.9743
2017-08-02,9,203.9735,212.06176775937618,209.8004558011789,214.64629112088483,229.33888721670544,241.22496966490468,234.0121,209.9839
2017-08-02,10,185.9662,214.26657357505823,214.7362854348585,215.9882524623235,229.7544690057822,249.03526165037462,239.9812,210.0
2017-08-02,11,215.9662,224.08310640062467,226.82303856487738,218.88968419084893,237.0874120942423,251.53756575340506,209.9562,216.0
2017-08-02,12,239.9752,253.18106743719053,249.36608092989835,251.78626060432669,262.4840108073586,272.74440447244314,245.9873,281.9709
2017-08-02,13,299.945,286.80260383955306,280.8905931853431,285.1165397867291,273.7527295050556,284.7043435059249,258.0,299.961
2017-08-02,14,293.9922,293.8325192355987,297.2873859699436,297.5383817747082,287.1144499529088,295.4034907958714,282.0,287.9847
2017-08-02,15,276.0,306.1230777899705,303.22195015408283,308.4461335955631,283.27885960374306,301.32005210583,275.9858,299.953
2017-08-02,16,293.9848,306.5182098648156,309.1630961673401,313.6240554154388,288.96076694277264,308.94705955882625,287.9625,311.9839
2017-08-02,17,324.0,307.3669107009333,312.1199333303321,315.2884110978124,289.6158750573395,312.2348852153122,293.9618,312.0161
2017-08-02,18,305.9684,342.1304646453635,334.0635515823642,338.41304261752526,306.96666069373515,321.3552281384958,323.9914,299.961
2017-08-02,19,318.0334,344.27945892290074,335.09845669102043,339.14455523904775,306.7080340680356,321.7761569053699,335.9474,305.9602
2017-08-02,20,300.016,335.0634314963346,331.5965491805779,333.71152573868244,306.0451752376998,313.17036935362285,318.008,299.9685
2017-08-02,21,281.985,302.12059122527955,307.3313953711957,309.66916738225797,287.05356158727756,298.04182019192245,275.9858,293.9848
2017-08-02,22,275.9572,283.31110637874735,284.5723581886297,290.4577011001908,279.5715603690123,284.88875781723453,263.993,263.9864
2017-08-02,23,293.9696,273.6695971349676,272.65948223801666,273.14046303826746,271.6441025659955,271.86330672164564,257.9867,233.9817
2017-08-03,0,258.0,271.95052080326053,268.0611343027988,270.82408996345555,267.9679499626321,285.28723738797055,246.0131,245.9742
2017-08-03,1,257.9867,261.4427809202335,255.80990701613763,268.1958744770358,265.8206469442049,275.07463017932514,245.9873,233.9942
2017-08-03,2,245.9549,257.2211107424344,253.64322745502784,256.5825973309241,256.79749661341833,264.4222260345408,234.0,233.9817
2017-08-03,3,233.9821,253.11854894533266,249.41546108563335,252.05589084119617,252.82171828471883,255.03988367424972,227.9882,221.9941
2017-08-03,4,222.0,251.66041233367946,247.05925072648154,249.38249396335698,250.39902594857494,248.49401887988193,228.0,209.9783
2017-08-03,5,216.0058,247.24521146474282,242.98587080219875,246.82856258837504,247.33727972085163,243.3463430225861,215.9831,215.9942
2017-08-03,6,227.9764,246.46861447475533,240.97879860357284,245.82459044022053,246.69053211420368,241.00293654441393,215.9946,203.9626
2017-08-03,7,240.0064,244.82354663997438,239.06429785645898,244.04088242564393,242.68987484695435,239.72517712068736,204.0054,203.9945
2017-08-03,8,215.9888,244.3941472000675,240.36144826742023,244.25712766807564,242.59862497298425,240.93461341659005,221.9882,197.9894
2017-08-03,9,209.9562,244.3941472000675,239.2987319490388,244.43097677080817,244.42577127370973,249.91977538288126,239.9812,203.9735
2017-08-03,10,209.9836,245.67937902041075,242.11955674186527,245.77293811224683,245.05107700240032,248.94529375220998,209.9944,185.9662
2017-08-03,11,227.9586,249.28115608281232,243.45975186303085,249.55934335558055,250.3360299583547,261.4854305789669,222.0,215.9662
2017-08-03,12,245.9746,266.34919658003145,264.89102460526567,269.42203848190087,271.6422005065604,277.3294265633013,251.974,239.9752
2017-08-03,13,281.9779,303.205145224738,300.57771296933095,310.69578863986635,306.54794892082265,303.279981069726,317.9666,299.945
2017-08-03,14,317.9417,309.6813399732793,302.0426979209403,318.80457030359713,314.93591560229737,308.5521540886206,311.9672,293.9922
2017-08-03,15,306.0,298.94160728772073,306.8047766521211,306.32448562483853,300.65765321154475,308.01344737127556,288.0225,276.0
2017-08-03,16,293.9618,313.3042172203683,310.983843026519,320.1380329813861,319.3975365572174,318.3280029568427,312.0,293.9848
2017-08-03,17,311.9834,322.3221192982098,312.55974453994565,328.90590272929416,331.9116616436031,327.761930919054,335.9826,324.0
2017-08-03,18,305.9362,328.2335673824192,314.5523051026636,331.75311819905966,322.3304400038984,329.55232847962594,329.9571,305.9684
2017-08-03,19,336.0263,316.42920573628794,302.17121713725754,323.5522400807683,326.30628186792586,324.8533073185905,311.9917,318.0334
2017-08-03,20,348.0,320.8827282389668,312.76399670970466,325.86858371800224,319.83397111305254,318.65376425193347,311.9756,300.016
2017-08-03,21,281.985,315.78661969195764,312.6380332857469,319.0201796616158,314.51913338358355,310.6015044509728,311.9756,281.985
2017-08-03,22,263.9864,292.08395407839595,291.99312792727574,298.3111276630643,298.8535300628323,296.4662348271746,281.9709,275.9572
2017-08-03,23,270.014,284.65776205136626,293.2640149553405,292.8684769444875,290.8388329447674,288.1938633275663,275.9641,293.9696
2017-08-04,0,263.945,276.54307194202585,269.9671784803383,269.0921077912768,253.3734580589825,273.4164975140878,257.9665,258.0
2017-08-04,1,252.0,265.9946904289529,257.654634277959,266.67960351311046,251.7860906626462,265.53378122768333,264.0207,257.9867
2017-08-04,2,257.9936,261.04970539403996,256.7803827133275,255.35417980428448,244.4448698505803,257.22989007466776,269.9788,245.9549
2017-08-04,3,227.9939,257.91200877476217,252.5921089937087,253.0235122386878,243.04755650304318,247.880806725209,263.945,233.9821
2017-08-04,4,246.0066,250.7663832804493,249.08705924043764,246.76486264659889,236.96200752981397,236.7790852923451,239.9812,222.0
2017-08-04,5,210.0108,246.7240310831371,245.23782048330006,244.4827212759063,233.20761579182764,228.23423591655558,216.0,216.0058
2017-08-04,6,221.9941,248.30708920086622,245.84024937031236,245.73935243534717,231.15089234618515,225.8455783133216,203.984,227.9764
2017-08-04,7,227.9882,247.32693973839665,244.84331912414368,244.1713556290241,226.7963317338437,227.9811511060733,203.9895,240.0064
2017-08-04,8,251.9866,245.21125537221982,244.56592016816504,242.49128736143487,228.17462589105867,226.32988739248128,215.9946,215.9888
2017-08-04,9,227.9882,247.6886930247238,242.317300364435,242.6651364641674,230.03311469353878,230.7188350365209,215.9946,209.9562
2017-08-04,10,227.9878,249.96128542327966,245.13339997183155,244.00709780560607,230.44869648261553,237.1364081294347,216.0,209.9836
2017-08-04,11,251.9735,256.0837367200713,249.2137158848673,251.21157663367802,236.56665445915434,250.7984255774665,239.9812,227.9586
2017-08-04,12,239.9936,271.99044615473156,270.6398760769606,267.53867038708694,255.91317477321545,261.4454366394199,245.9615,245.9746
2017-08-04,13,317.9587,296.55681827310565,302.0989961020179,291.27754309697707,273.6764567905265,279.3740597285137,282.0,281.9779
2017-08-04,14,335.9653,307.53331005302687,310.51561609553465,306.62155612566306,298.5853922910338,293.1243687554419,300.0,317.9417
2017-08-04,15,299.992,305.4418559232104,315.111998415098,302.0754081312697,284.3822288891237,294.248398800656,281.9709,306.0
2017-08-04,16,299.9840000000001,326.0109785078362,326.26986025647767,320.11816518709753,301.1526717997224,302.88037897338364,312.0078,293.9618
2017-08-04,17,305.976,331.76685768319885,330.1069311262908,330.3346777599901,308.16485222191915,308.87413469769206,323.9752,311.9834
2017-08-04,18,323.9746,317.240216451738,327.81732482506976,313.1877051058077,290.9479162438155,308.35345994859216,299.969,305.9362
2017-08-04,19,347.964,321.7584366625122,329.5545596770612,313.55222018777096,305.17638729613674,308.79722515150866,300.0235,336.0263
2017-08-04,20,324.0086,325.45255776891287,334.5436911383403,319.8412169383283,306.3777833267448,298.535025248584,263.9859,348.0
2017-08-04,21,293.9618,298.033867906776,306.9387935508426,300.17033047303414,280.9699791636104,283.7198599365278,252.0,281.985
2017-08-04,22,269.9928,288.91695238277885,289.3009659329501,290.2018667512016,276.6594901723655,275.3852642606859,257.9931,263.9864
2017-08-04,23,276.0142,286.02718310700016,290.7702881530676,281.5395122610398,269.3256001741825,264.8875230083135,246.0062,270.014
2017-08-05,0,275.9568,254.42883454363954,249.42192257503658,257.53156672967185,251.2350349979126,262.85684632599475,234.0062,263.945
2017-08-05,1,263.9586,253.01820166531954,246.80156473830033,254.24465987590062,249.1194136612649,251.34104179681253,227.9761,252.0
2017-08-05,2,251.9933,249.56494248083646,243.99589799466028,249.444394910326,246.56420073791725,243.39779382882745,227.9761,257.9936
2017-08-05,3,251.987,247.70931208195543,242.106906214845,247.62144880285027,244.79947823623132,232.2021915198124,221.9712,227.9939
2017-08-05,4,239.9936,244.23426868334764,238.69985055759517,244.68531350616968,242.408467581867,227.22730579822147,215.9888,246.0066
2017-08-05,5,227.9704,236.52406897140673,231.0083152475729,237.46862656859625,233.00688204407123,219.2320557149815,209.9892,210.0108
2017-08-05,6,245.9553,236.52406897140673,232.71014997459275,237.0446554262697,232.36013443742328,216.8230029023967,198.0,221.9941
2017-08-05,7,246.0,236.52547371825287,232.4985751268258,237.31364804321228,230.0416081992121,219.56028011378595,203.9684,227.9882
2017-08-05,8,215.9831,236.20803752965963,229.79069357758883,237.52935925146582,230.07328988099167,226.14788656902192,209.9783,251.9866
2017-08-05,9,210.0,239.00291137075683,230.0374431300892,237.48749714594481,231.98722856558132,228.97537573751674,209.9674,227.9882
2017-08-05,10,222.0,239.4457576632688,231.18146081180186,238.32173702926252,233.24794294567116,234.4049972407709,203.9735,227.9878
2017-08-05,11,216.0227,242.10486327689014,231.73646163502153,237.86872694914626,235.1885263002066,245.37939754183475,209.9727,251.9735
2017-08-05,12,167.9824,241.37043382107476,232.86073993636384,242.36130137396967,241.48887416970263,253.4246043622315,215.9888,239.9936
2017-08-05,13,221.9941,253.71439545762928,231.28239068621215,255.32822925108218,255.2459049882637,266.2951830620063,203.968,317.9587
2017-08-05,14,222.0,254.30595172170854,237.92937507280783,258.65619466472526,255.15635643141684,277.4075519068992,215.9888,335.9653
2017-08-05,15,215.9665,251.64557083072575,244.61362861696514,257.7020508715299,243.09886473977087,277.58885192257475,203.9575,299.992
2017-08-05,16,216.0115,256.66996095829916,249.77381983321018,261.6988833820468,247.05362860444993,284.02519276467405,215.9719,299.9840000000001
2017-08-05,17,209.9948,257.36102261714194,255.78084013935776,263.3632390644204,250.2942348759894,291.27104353238576,239.9688,305.976
2017-08-05,18,221.9538,268.67574638394404,254.63077329924656,265.7165723883719,263.9301926164506,293.96555978566676,245.9746,323.9746
2017-08-05,19,246.0,273.41665093627375,258.6015922308722,269.1090055156655,264.2516581727862,289.2082635944997,221.9708,347.964
2017-08-05,20,263.9793,269.7400458352642,255.7242380752359,266.15656839419296,258.9379387771373,278.9543611672223,203.9895,324.0086
2017-08-05,21,270.014,264.00232719952913,259.5930145357835,267.54488278173903,254.47364113802473,273.1222802862686,221.9885,293.9618
2017-08-05,22,264.0,257.26118694050166,256.72850710800884,261.6099406581658,246.62944134128284,259.47382326671215,203.9789,269.9928
2017-08-05,23,245.9615,255.72213926768097,253.42405900363408,260.2661215825092,251.7515384216508,252.22411758814198,209.9615,276.0142
2017-08-06,0,251.9866,258.2876083570899,252.01474076341114,255.8310401983598,249.80769732394134,241.8608945549439,215.9604,275.9568
2017-08-06,1,227.9882,251.92409234811842,247.1442619794368,251.12269053911368,244.28045455744993,229.48752088382594,203.9789,263.9586
2017-08-06,2,227.9882,248.9126341533026,241.50515431620198,246.4471374949957,242.73010723859528,223.5716700389782,221.9826,251.9933
2017-08-06,3,227.9764,247.06513576446056,236.4552848145893,244.8399025957735,241.08357076270087,211.9769550768745,198.0,251.987
2017-08-06,4,227.9821,246.12144021918624,234.0396555956744,243.2428412956428,239.46820274816315,205.51063168291165,198.0053,239.9936
2017-08-06,5,209.9783,237.7149648138983,229.78760498322842,239.4945092087536,237.4153020858941,201.01551506573773,197.9792,227.9704
2017-08-06,6,210.0056,239.04897934705983,228.47855628668975,238.70624826885268,236.8002361610257,200.35450915894467,191.9901,245.9553
2017-08-06,7,197.9845,237.1328070054453,227.0487736561036,236.92254025427607,232.70832901980629,203.65227503734633,204.0,246.0
2017-08-06,8,203.9891,237.27456798200322,227.18181333109638,236.20083943875716,230.51768140814679,206.21252667845823,216.0,215.9831
2017-08-06,9,197.9743,237.27456798200322,229.86050666396426,236.3746885414897,232.0459178587954,210.55834737138696,216.0169,210.0
2017-08-06,10,185.9854,238.55979980234648,233.09552558507323,237.2089284248074,233.30663223888524,218.0230552006776,215.9773,222.0
2017-08-06,11,215.9946,240.34494072807072,238.62289922245662,239.0466226584285,236.65641888124634,223.62401284001504,209.9618,216.0227
2017-08-06,12,203.9895,241.72929542615123,243.04700135594598,242.17658726175733,238.94716291103865,224.5669348975302,198.0155,167.9824
2017-08-06,13,233.9634,241.8211018599905,243.12891348436088,245.1149267406915,239.83195363991194,239.50081641961327,210.0108,221.9941
2017-08-06,14,221.9885,241.27383816538128,243.11384453724486,245.0589556870847,239.7068284906668,249.79452528916244,227.9647,222.0
2017-08-06,15,240.0,242.65187588204705,243.627132526045,245.0589556870847,239.7068284906668,257.15266143646505,239.9752,215.9665
2017-08-06,16,215.9888,245.3270276769172,246.24122983171148,245.25276881094032,241.13890967183892,258.8301729336917,228.0061,216.0115
2017-08-06,17,209.9892,246.8127576425001,251.40081099825505,246.9171244933139,241.8592578840658,259.1046510060018,222.0229,209.9948
2017-08-06,18,215.9773,251.29220190915137,254.2842433343567,250.76374000352658,245.1515110398765,257.74846887300066,210.0108,221.9538
2017-08-06,19,227.9586,256.38464217788317,258.9874241097928,253.38534080795458,248.93807192686174,258.7730492107469,216.0054,246.0
2017-08-06,20,239.9812,254.89891221230025,256.44040317300346,254.2606774249568,249.1194989580486,258.29129534402773,227.9821,263.9793
2017-08-06,21,227.9647,258.935694447496,257.789935842628,259.28435666676205,252.21618301280276,251.42675566146826,221.9882,270.014
2017-08-06,22,240.0,255.67979286272177,254.14378935853878,257.3481359555869,251.23640553431002,244.2821096725911,227.9821,264.0
2017-08-06,23,233.9879,255.94932159337222,255.2630461780511,256.26650012564653,251.15180674394134,233.90145575901965,227.9939,245.9615
2017-08-07,0,233.9879,257.9254532631353,259.1697966239343,252.83292977874999,251.8298683329733,251.03198493631527,215.9834,251.9866
2017-08-07,1,227.9643,247.37901235698504,248.4243658892868,250.43288184442486,249.82499715905286,237.72994591754508,203.9789,227.9882
2017-08-07,2,215.9773,242.3588119657666,237.4177675375914,239.13646676543846,241.84574333857827,230.82698908570552,209.9836,227.9882
2017-08-07,3,221.9826,237.48685490391776,231.9410064591804,237.46659168525525,240.48011167282073,223.978176924559,209.9727,227.9764
2017-08-07,4,239.9688,236.54315935864344,229.46595316161103,236.35390246800262,238.41189893072678,223.35406456630005,233.9938,227.9821
2017-08-07,5,215.9831,230.5975901351547,227.76811661389448,232.49937238585372,235.28959081899112,216.08740332949628,222.0059,209.9783
2017-08-07,6,209.9783,230.39873996436734,225.39508254114008,231.49540023769924,234.61150071058853,218.35891064060456,240.006,210.0056
2017-08-07,7,203.968,229.66953904464782,225.85082130179862,229.89580623701136,230.5195935693691,215.898092560016,227.9643,197.9845
2017-08-07,8,215.9716,231.7175772572449,226.3480790121237,230.82276571373086,230.55093607112374,214.42780037518486,222.0059,203.9891
2017-08-07,9,204.016,231.7175772572449,227.61863794673343,230.9966148164634,232.40942487360385,218.6442887504586,222.0059,197.9743
2017-08-07,10,215.9719,236.58953431909373,233.29192361585012,232.33857615790205,232.8250066626806,222.558626474179,216.0,185.9854
2017-08-07,11,215.9831,239.86798013928205,243.07781963974395,239.37883640521198,241.5741543685861,230.19792158001627,203.9844,215.9946
2017-08-07,12,245.9615,255.85034121114143,266.6073674941167,258.79188910452694,265.19249083429213,244.63386720757597,245.9615,203.9895
2017-08-07,13,263.9859,279.0798213296222,287.1259646004767,280.51934345447,280.97292871252176,258.2702310585266,264.0,233.9634
2017-08-07,14,287.9923,280.9992122903608,293.0717166233596,290.07606468187686,289.791389231659,264.9578607465821,269.951,221.9885
2017-08-07,15,299.9765,291.56992873355034,308.5163473414906,300.798373422374,298.8882633351115,277.8541690224123,299.9685,240.0
2017-08-07,16,287.9621,287.65854130243247,309.956634965424,296.3741329541719,297.7882101821948,280.59435174833806,305.9842,215.9888
2017-08-07,17,264.0071,290.37973340920485,313.8358586273273,298.24635110582705,297.60273628873,280.78987459789727,299.9845,209.9892
2017-08-07,18,270.014,287.99720508377726,305.31062117633064,291.5386806071854,295.7014176831241,279.29924676868956,269.9788,215.9773
2017-08-07,19,0.0,292.30213716732067,318.70247807081256,298.63874400927057,304.62463264940607,281.51583697660334,287.9775,227.9586
2017-08-07,20,281.9854,293.8396735200745,319.10413978867757,302.9418529102504,303.07504040129515,280.5589517681966,299.9845,239.9812
2017-08-07,21,269.9721,278.0639890199316,294.56481751928175,285.6106211458725,290.9287814598361,267.5306690361592,269.9721,227.9647
2017-08-07,22,227.9761,275.4535617876374,291.32909812137854,280.4295093259525,288.09860747643455,256.5043021369093,245.9934,240.0
2017-08-07,23,227.9882,271.28040474080683,285.510098772672,269.1475399494541,278.5904945667703,249.73245196644558,258.0,233.9879
2017-08-08,0,215.9946,256.4614423058229,257.60922913133516,252.55091107622147,250.54135478783454,248.80646376419585,251.9803,233.9879
2017-08-08,1,227.9704,248.64694054794532,249.27251060820504,250.3665743501499,248.95398739149823,237.28482805969367,239.9752,227.9643
2017-08-08,2,215.9888,240.3333640265835,235.34173125485114,236.58780617885242,238.1965691094483,229.34892276488887,245.9873,215.9773
2017-08-08,3,209.9948,238.24948703614214,233.82290340106815,234.91793109866921,236.83093744369074,223.14151603114834,245.9807,221.9826
2017-08-08,4,210.0,237.08340105005115,229.77922231633124,236.084303452501,237.21809125090178,218.51353803910985,239.956,239.9688
2017-08-08,5,197.9951,231.72927773870327,226.91040779514336,231.60807163917005,231.53261457855476,207.2888439349578,210.0164,215.9831
2017-08-08,6,203.968,231.53042756791592,226.61905692266348,230.60409949101557,230.8858669719068,204.41503908253534,204.0105,209.9783
2017-08-08,7,197.969,231.05317388873516,225.35403579572218,229.0045054903277,226.79395983068738,204.80466447683128,203.9895,203.968
2017-08-08,8,185.9709,230.62377444882827,224.5174985668372,229.9314649670472,226.79395983068738,202.8889965749974,197.9743,215.9716
2017-08-08,9,203.9735,234.38084766836838,230.56663930785263,230.10531406977972,228.7395801970566,208.78739571358278,209.9839,204.016
2017-08-08,10,191.9802,236.46472465880973,230.97215605429975,231.44727541121838,229.15516198613335,216.0215703026566,210.0,215.9719
2017-08-08,11,221.9712,241.60140809459403,242.88052307380488,235.8079451101635,238.03374887951344,224.20643072377194,216.0,215.9831
2017-08-08,12,257.9531,262.47984353063134,268.7113278234002,257.71070383600113,266.16572048886036,247.072012140289,281.9709,245.9615
2017-08-08,13,287.9472,284.04618809948556,291.94785220954805,277.4970792931068,275.70733702966885,259.48335800865647,299.961,263.9859
2017-08-08,14,275.971,285.439543847205,296.5269521882129,287.67078781681346,293.9959967489103,266.02475084268383,287.9847,287.9923
2017-08-08,15,269.9649,286.34239017550914,292.07605835818674,289.35584603137227,289.58465108115234,274.8265813085238,299.953,299.9765
2017-08-08,16,269.9721,303.3319803476001,311.22990422693016,301.2871601166861,310.1921126579864,279.78321899124154,311.9839,287.9621
2017-08-08,17,305.9521,307.2857111448746,314.8956169901565,301.5889318725333,305.9468971999406,279.4127581667686,312.0161,264.0071
2017-08-08,18,294.0,297.0417701694676,311.4815322432177,290.42290660297,295.52305291997834,282.3052259216152,299.961,270.014
2017-08-08,19,294.023,302.8367251561818,322.8820619576361,299.0938540899565,307.86564893511184,255.80703440475645,305.9602,0.0
2017-08-08,20,317.983,295.3176962009538,314.58176049132067,294.1677368617709,295.57730633652625,276.74778835048335,299.9685,281.9854
2017-08-08,21,299.9765,285.32505922134845,297.45838575448545,282.7820399710679,291.9374192972826,268.37543604999985,293.9848,269.9721
2017-08-08,22,263.9521,272.07076949386607,284.88891771874046,270.8958508344697,285.6259362161803,251.20962466264,263.9864,227.9761
2017-08-08,23,276.0,266.24737338399024,275.85675688743146,260.65991553355246,273.72939854105215,237.0545668132643,233.9817,227.9882
2017-08-09,0,276.0216,263.6642273983986,267.65043717223443,263.0158768494381,256.20187124960074,267.323846208885,245.9742,215.9946
2017-08-09,1,257.9729,258.9738719133408,256.92794777830284,264.4254189820344,256.69639657589505,257.2441503961884,233.9942,227.9704
2017-08-09,2,258.0,253.66745415713268,252.0070492712777,251.38881678079082,244.4250665737581,247.9232683027013,233.9817,215.9888
2017-08-09,3,252.0,252.09487377449133,245.85256346884896,249.27386042344767,243.84326105009563,238.0990761816183,221.9941,209.9948
2017-08-09,4,252.0,250.63673716283813,244.04401969852373,246.60046354560842,241.87440849972296,230.48609064948025,209.9783,210.0
2017-08-09,5,227.9821,244.76243182958277,241.3703615246214,244.58104691330288,238.80455195424847,227.16642829942953,215.9942,197.9951
2017-08-09,6,222.0,244.5635816587954,239.29371533515166,243.5770747651484,238.13457216359706,224.22964126095923,203.9626,203.968
2017-08-09,7,209.9892,243.7039984664169,238.44193090641923,241.97748076446052,234.04266502237763,224.66335508326029,203.9945,197.969
2017-08-09,8,198.0,245.75203667901397,239.50183226388967,242.19372600689223,234.04266502237763,220.54941736361292,197.9894,185.9709
2017-08-09,9,215.9942,245.75203667901397,238.43911594550823,242.36757510962477,235.98828538874685,228.2566027940432,203.9735,203.9735
2017-08-09,10,221.9945,247.32461706165532,243.72352280244888,243.70953645106343,236.4038671778236,229.99800927826766,185.9662,191.9802
2017-08-09,11,239.9936,249.7560782942062,245.8552218029819,248.2097475044503,241.89043375564071,245.81721962744754,215.9662,221.9712
2017-08-09,12,245.9742,267.2580819782296,265.8987433041087,267.98979725099895,265.60552590042715,261.4678799861773,239.9752,257.9531
2017-08-09,13,270.014,293.6314376190571,298.9141057033039,297.2960780916682,285.8067166403215,283.282143294085,299.945,287.9472
2017-08-09,14,269.9928,300.001277355146,306.2385410051379,303.20745394003984,297.16673280353865,287.8361117205774,293.9922,275.971
2017-08-09,15,305.9597,300.0660644427555,309.3682844309913,303.41661021170717,293.5395565909425,289.4200584855108,276.0,269.9649
2017-08-09,16,293.9618,301.65204322028984,308.74763274453716,303.07425810111573,296.47176223091697,296.7960046047709,293.9848,269.9721
2017-08-09,17,269.9788,317.8547202949313,310.00182134440456,323.24781221640285,311.26555159123114,307.87577448735624,324.0,305.9521
2017-08-09,18,305.9837,303.57599963744775,316.4938481129494,310.59434114092403,303.51292976239915,308.0214593736734,305.9684,294.0
2017-08-09,19,305.976,314.2048161071142,322.9700449461562,320.3704257878493,315.0461139976122,307.96171583032094,318.0334,294.023
2017-08-09,20,294.0078,288.97256709217874,292.85211858626485,304.58884614117926,305.4146612747012,302.32032044829566,300.016,317.983
2017-08-09,21,275.9784,293.4456048312742,303.49889120024426,302.0497095958556,294.428492401269,290.92799936532305,281.985,299.9765
2017-08-09,22,257.9867,287.15108232593235,295.6587867429879,290.31905115997444,289.3028419926335,278.7076329441028,275.9572,263.9521
2017-08-09,23,251.987,288.24065180455284,297.5735675333814,287.65050326603443,284.94527320597354,274.6337810908327,293.9696,276.0
2017-08-10,0,240.0,270.3544163125204,268.0582930729064,267.8627922668542,252.6336802229613,278.79499781089174,258.0,276.0216
2017-08-10,1,222.0115,256.82116157550723,251.05266731877902,260.1059884059685,247.49225955227448,268.0808201525251,257.9867,257.9729
2017-08-10,2,239.9936,251.67607909613844,243.53584355516938,247.4617189303094,239.09832876606524,257.4840596551581,245.9549,258.0
2017-08-10,3,215.9946,247.6289837453411,234.27907812991245,245.34676257296624,238.49741649008922,247.57446710322483,233.9821,252.0
2017-08-10,4,210.0164,244.2078505475628,232.87233465260618,243.74970127283552,236.57090287603356,239.9001701286041,222.0,252.0
2017-08-10,5,216.0,238.91811991785448,229.8373267043677,239.86205808641478,232.90370185774387,233.11460832492276,216.0058,227.9821
2017-08-10,6,221.9597,236.55846481013788,227.27856965468257,237.91011993116948,230.17013144287253,233.63462919716824,227.9764,222.0
2017-08-10,7,221.9941,235.82926389041836,223.71899652268428,236.12641191659287,226.0782243016531,235.81459373387526,240.0064,209.9892
2017-08-10,8,239.9564,235.39986445051147,225.8839539844072,236.34265715902458,226.09733105396666,229.17111601755568,215.9888,198.0
2017-08-10,9,228.0,237.87730210301544,228.00877034050518,236.51650626175712,228.0197192363324,234.64590593923683,209.9562,215.9942
2017-08-10,10,245.9553,241.65397648316932,236.2885071744943,237.85846760319578,228.43530102540916,241.61171084261332,209.9836,221.9945
2017-08-10,11,228.0057,249.12307538183666,245.777118025323,244.89354824019975,238.02134137865102,254.10853053081246,227.9586,239.9936
2017-08-10,12,251.9803,263.5390540595599,264.7656532074821,263.2891122675282,257.3361800109324,265.91018556630917,245.9746,245.9742
2017-08-10,13,263.9864,287.39331509237803,295.02462989570336,285.16043543446676,273.7599578364848,282.6909438179297,281.9779,270.014
2017-08-10,14,312.0323,306.90594711388763,307.93369346560837,308.19283303261693,296.9657741166716,296.4865039256102,317.9417,269.9928
2017-08-10,15,287.9472,295.68132619943765,304.31387042429475,287.87433779282435,275.19915569779903,303.24980836590447,306.0,305.9597
2017-08-10,16,276.0,301.2911237311988,310.16472688512573,301.68991778798716,285.60208718025604,303.82416047074565,293.9618,293.9618
2017-08-10,17,293.9696,316.31002753328613,318.2833638206557,311.13070853219824,299.47208727132613,307.03134698774903,311.9834,269.9788
2017-08-10,18,330.0253,307.00794045321175,311.1205554163664,292.9377661375174,278.28578114216356,313.1059736321538,305.9362,305.9837
2017-08-10,19,305.9521,327.98083485097527,315.6978036009385,311.8179398689564,294.8331377359423,316.47725720423813,336.0263,305.976
2017-08-10,20,293.9387,330.69211984317707,317.25998125794,324.086257690118,312.04398401791076,313.1634839451938,348.0,294.0078
2017-08-10,21,275.9784,297.11731783504825,298.93772161752844,296.4854097565764,284.7441921407322,292.5220685416508,281.985,275.9784
2017-08-10,22,275.9499,284.4871823516495,282.2254284320989,285.86202424877905,277.2038237903433,279.61416340995083,263.9864,257.9867
2017-08-10,23,263.9521,279.90555493571264,279.38622682377985,276.6813204043704,268.43769251286767,271.4538163027188,270.014,251.987
2017-08-11,0,276.0,269.8689065166827,263.8499808446482,266.1359545614036,254.43276066883416,273.00550122271466,263.945,240.0
2017-08-11,1,264.0,252.39994096893648,250.43508964811946,254.15968547677738,245.06163534999604,259.98943018067524,252.0,222.0115
2017-08-11,2,263.9727,252.71009577205487,249.12996092580343,246.2352900225651,241.41495285679494,254.50078178596726,257.9936,239.9936
2017-08-11,3,227.9821,244.16275096066622,240.74184730927115,240.31936974271875,237.11950226195404,239.4355070007191,227.9939,215.9946
2017-08-11,4,233.9875,240.22717669650905,235.37295488256584,238.72230844258803,235.17388189558483,236.92378173835047,246.0066,210.0164
2017-08-11,5,245.9488,236.6062927838808,235.73278533297992,236.9496270034965,228.0040570239713,227.20116531429258,210.0108,216.0
2017-08-11,6,240.0124,236.6062927838808,235.3739858599325,236.52565586116995,230.9494833702013,228.83965607223223,221.9941,221.9597
2017-08-11,7,251.9542,235.65329878552942,235.08265260781903,234.74194784659335,227.3421384182395,230.99720357555336,227.9882,221.9941
2017-08-11,8,228.0,237.45577764844748,236.8857922314996,235.67827163512175,229.4415361559289,235.8493080034682,251.9866,239.9564
2017-08-11,9,221.9885,239.2843951158556,237.0565466827607,235.63640952960074,231.35547484051855,235.09510436952695,227.9882,228.0
2017-08-11,10,221.9652,243.70988968110532,242.71432243956224,237.89412069024223,231.80273831137487,243.19608822197176,227.9878,245.9553
2017-08-11,11,269.9577,247.60046267507195,247.19544859713318,243.5498129036483,235.34897211040774,253.49649742699205,251.9735,228.0057
2017-08-11,12,294.0,264.74756885008674,267.1575907620798,260.4055117825665,254.69549242446882,261.27124514828495,239.9936,251.9803
2017-08-11,13,257.9867,302.9210374784435,304.18349028094815,300.9975860196262,287.45048566857685,284.97657411986734,317.9587,263.9864
2017-08-11,14,269.9933,309.88193733432655,308.9587387489944,304.2703223596598,311.61470560601407,299.86540843883415,335.9653,312.0323
2017-08-11,15,281.9779,300.498252738186,312.2189512273707,304.3010490467978,288.5387427932282,296.4224842070827,299.992,287.9472
2017-08-11,16,288.0221,308.5618582716304,317.00508019206296,302.8993749032685,287.64366248932606,299.3183503097689,299.9840000000001,276.0
2017-08-11,17,294.0073,306.3049062935159,317.2658011147191,306.45372787559097,289.5832429214667,304.16608059854383,305.976,293.9696
2017-08-11,18,275.9499,333.27382096928784,334.7021362584039,319.23750799959214,320.20744322937435,315.3561083041975,323.9746,330.0253
2017-08-11,19,287.9923,335.14290745164277,328.66675953092016,319.75923822159245,319.54013066762934,315.3013132503019,347.964,305.9521
2017-08-11,20,318.0244,329.3293985394588,326.3810043847025,326.21783253220786,308.61452972361695,305.1001957965224,324.0086,293.9387
2017-08-11,21,282.0221,301.8658322266442,308.57677560438924,299.7447700997879,286.47733807240627,291.3309270161264,293.9618,275.9784
2017-08-11,22,252.0067,289.0304889379867,290.8339559195839,290.74916708518515,281.3801424399274,278.9446177219149,269.9928,275.9499
2017-08-11,23,233.9817,286.2533088257084,288.9314890735942,281.12256735024727,270.2836798370763,270.1976548820266,276.0142,263.9521
2017-08-12,0,245.968,248.63106965234982,242.20576726937858,242.74795091409712,247.48152131983608,250.56296692701173,275.9568,276.0
2017-08-12,1,251.974,237.3673620978479,236.41717068957098,229.99315236906224,237.02715909653733,238.06915534361968,263.9586,264.0
2017-08-12,2,233.9692,231.85143281015957,230.42018584638265,223.7453721790344,234.0382797077348,227.42989261650774,251.9933,263.9727
2017-08-12,3,227.9939,223.09217667378567,224.66292187839076,221.04708945455644,233.51060303564694,216.955473455613,251.987,227.9821
2017-08-12,4,245.9873,219.1566024096285,222.43071113619388,219.45002815442572,231.56498266927773,209.80888043090408,239.9936,233.9875
2017-08-12,5,233.9938,217.9069191498055,220.53836245507685,217.1700423484363,229.51943451563875,205.22154421949642,227.9704,245.9488
2017-08-12,6,251.9605,217.9069191498055,220.17956298202944,217.1700423484363,228.8726869089908,206.88934480670395,245.9553,240.0124
2017-08-12,7,251.9803,217.55271906678675,219.727293136165,215.66876569324074,224.78077976777138,209.02862787202224,246.0,251.9542
2017-08-12,8,233.9575,217.3269063823127,219.00786561461763,215.4530544849872,224.76820483830537,204.16420488516357,215.9831,228.0
2017-08-12,9,215.9773,218.39230746012464,219.1355475797713,213.96058971295054,224.62287696476128,207.431406744897,210.0,221.9885
2017-08-12,10,210.0164,225.468358519486,223.76837951769667,214.79482959626824,225.14210413907304,216.16609768064845,222.0,221.9652
2017-08-12,11,221.9652,231.89910013180412,232.36202310729072,221.09464443875748,234.9585865695356,226.94212027043096,216.0227,269.9577
2017-08-12,12,215.9888,238.72731943978238,239.11483385520327,230.85483742493793,241.7371148341037,227.85347845406093,167.9824,294.0
2017-08-12,13,222.0115,237.89722147798454,236.30610754319827,232.9811734137623,240.00879184924653,242.5043043764028,221.9941,257.9867
2017-08-12,14,215.9716,239.6683936259662,238.76972345261694,240.10686648947828,239.67527943184572,250.59837207783588,222.0,269.9933
2017-08-12,15,221.9882,250.8512917205506,246.36390900853857,248.97041418997577,241.0147836236046,256.2871073475427,215.9665,281.9779
2017-08-12,16,221.9826,263.62060257572557,252.46499786449982,261.3038841790224,244.186295850625,260.8971990363885,216.0115,288.0221
2017-08-12,17,239.9872,263.62060257572557,254.7959237641617,262.968239861396,244.92523820400808,262.3354113795944,209.9948,294.0073
2017-08-12,18,228.0,264.29075771995326,257.35080657487805,261.29944740102866,245.4550334126064,262.76700539301424,221.9538,275.9499
2017-08-12,19,227.9704,268.7166144689754,260.08990235245,265.1421317414368,249.90877994080452,266.10443855128125,246.0,287.9923
2017-08-12,20,245.9873,270.43046461533385,248.13038089271248,251.91154368336663,248.92564953066974,267.8555602375326,263.9793,318.0244
2017-08-12,21,251.9937,260.96737950370823,253.90993733904457,266.3937469380438,248.8219818699312,259.280107136271,270.014,282.0221
2017-08-12,22,275.9789,247.90661754101532,244.98494895930725,254.71864190936915,246.53404270143426,247.49489946735082,264.0,252.0067
2017-08-12,23,263.9727,247.4989042127167,244.96558914928698,249.26988485463295,248.31310383489026,233.55326560204105,245.9615,233.9817
2017-08-13,0,240.0,255.49199700887516,250.48739710101074,257.9915100596632,245.73964888869097,241.49572060293514,251.9866,245.968
2017-08-13,1,234.0062,251.26290595334126,251.39303252202063,249.81713893893743,240.0630618887177,228.44453939663833,227.9882,251.974
2017-08-13,2,227.9939,247.7904314239276,250.43227309413268,245.23479375817092,238.09521079227892,218.4564443979553,227.9882,233.9692
2017-08-13,3,215.9831,245.7758294542812,244.55804114040765,243.62755885894873,237.59921580197062,210.83485849237104,227.9764,227.9939
2017-08-13,4,215.9662,243.7176016692053,242.6968513772087,242.32897666248272,236.01552946921245,207.13851444402798,227.9821,245.9873
2017-08-13,5,203.9731,239.84901844868023,239.86385803247802,240.84270896910357,236.87545539150477,199.18127333521653,209.9783,233.9938
2017-08-13,6,210.0112,241.21192386138262,240.26675472078986,240.63444903503057,236.26038946663638,199.66079317159,210.0056,251.9605
2017-08-13,7,209.9836,242.26848827889074,239.81448487492543,239.133172379835,232.16848232541696,198.36767376669047,197.9845,251.9803
2017-08-13,8,203.968,240.90558286618835,239.92052461826867,238.91746117158146,232.1368006436374,200.93083396239518,203.9891,233.9575
2017-08-13,9,216.0169,241.44436122528276,239.08264765986644,236.0125939677869,230.4111339978341,203.03904367581745,197.9743,215.9773
2017-08-13,10,233.9696,243.884057204643,243.42468628744982,236.8468338511046,230.9071289881424,206.58743864558392,185.9854,210.0164
2017-08-13,11,222.0174,247.06668593690287,246.49721109794544,238.32196680168997,232.62724246099557,220.82233133852765,215.9946,221.9652
2017-08-13,12,239.99400000000003,248.35347304468596,248.14536637250043,242.3809102334517,234.89475430678442,225.76315740534972,203.9895,215.9888
2017-08-13,13,233.9879,253.25636389754874,246.66947797341612,252.057816986301,239.8728900709846,239.7048464627537,233.9634,222.0115
2017-08-13,14,227.9882,252.70910020293945,246.58113660376867,252.00184593269432,237.5144368128314,243.76820378203524,221.9885,215.9716
2017-08-13,15,227.9586,256.0899513869796,247.84205345926608,253.21869415938968,237.49533006051786,253.4570166608949,240.0,221.9882
2017-08-13,16,215.9885,262.0859039069089,250.7052552612986,258.2180120041129,237.5144368128314,252.86684669456037,215.9888,221.9826
2017-08-13,17,221.9767,265.0466024862037,256.27210110675,263.0414129202388,241.62609550833508,255.41538352584055,209.9892,239.9872
2017-08-13,18,222.0055,264.89404762367013,259.8472806706892,264.6677351254396,245.29572126217425,255.267005136105,215.9773,228.0
2017-08-13,19,222.0115,266.673429485867,261.7443368671522,265.10773113126066,246.57795556335196,255.17147857833217,227.9586,227.9704
2017-08-13,20,227.9643,268.0363348985694,260.27223623544285,265.2153048002796,246.74923795115873,254.6763821806491,239.9812,245.9873
2017-08-13,21,227.9643,265.8971466546317,256.64645025118864,268.30276333090967,247.6416414271353,246.61622435746582,227.9647,251.9937
2017-08-13,22,233.9634,266.1057186166325,259.8693047052076,271.23379753365225,252.46180880733937,243.38603425118538,240.0,275.9789
2017-08-13,23,227.9586,264.187383979606,257.68599152007437,268.1526050558515,251.2853155434556,232.35646206343588,233.9879,263.9727
2017-08-14,0,227.9825,262.4009219314393,259.73200285562154,255.71395062086353,249.6239222031614,266.5231931548029,233.9879,240.0
2017-08-14,1,221.9656,249.79326072856387,245.7304182630369,251.88931798116218,243.9156535214086,255.68747558983281,227.9643,234.0062
2017-08-14,2,221.9826,241.42576080466927,232.87570358589474,238.84966762073438,235.95550645324755,244.43848284354618,215.9773,227.9939
2017-08-14,3,245.9869,234.39890515229473,228.53436703791573,234.46246158211304,230.12516131722316,237.32348756516657,221.9826,215.9831
2017-08-14,4,251.9933,230.97777195451644,227.1870476392639,233.3497723648604,228.1604341985404,235.3183391914691,239.9688,215.9662
2017-08-14,5,227.9586,229.01743851037583,223.34666723023275,232.02977118430488,228.36692499770467,226.17874228418242,215.9831,203.9731
2017-08-14,6,221.9941,228.81858833958847,222.69046096141926,231.0257990361504,227.69694520705326,224.37322964421097,209.9783,210.0112
2017-08-14,7,215.9773,229.8751527570966,222.11444346524635,229.42620503546252,223.60503806583384,224.2385414801047,203.968,209.9836
2017-08-14,8,209.9888,229.4457533171897,221.80932757241206,230.35316451218202,223.6282702498373,224.339526706565,215.9716,203.968
2017-08-14,9,215.9888,231.92319096969368,224.99498184941964,230.52701361491455,225.55065843220305,228.186358155984,204.016,216.0169
2017-08-14,10,209.9836,238.48792020644828,229.6692593501898,234.58630591479135,231.21890526533164,238.63582283478473,215.9719,233.9696
2017-08-14,11,221.9941,243.38333005792367,241.043297108982,238.2317964810498,238.20523881274207,244.98338786321176,215.9831,222.0174
2017-08-14,12,251.9803,264.7412947045887,267.7934018307458,262.9638468698492,265.38690880786874,260.2995842305265,245.9615,239.99400000000003
2017-08-14,13,288.0072,285.09044028593127,291.7725068608274,282.78559982713904,281.88384994761486,270.9262593157848,263.9859,233.9879
2017-08-14,14,269.9788,296.4157082834344,309.2453960172854,298.91014401651415,297.50155084697894,281.96863374413755,287.9923,227.9882
2017-08-14,15,263.993,299.87241600702333,314.50247305022543,301.4705388480752,297.4052447689083,290.01647086686205,299.9765,227.9586
2017-08-14,16,293.9770000000001,300.0491491113978,310.21615580634636,296.21271170457976,292.27211798693054,290.6603957785851,287.9621,215.9885
2017-08-14,17,281.9633,295.43931126542907,297.70713409107196,293.8480264009276,288.2560073395349,288.68563886108427,264.0071,221.9767
2017-08-14,18,269.9717,297.87711735845124,301.6823483582747,294.11637739956814,291.31412710547943,294.45338889361267,270.014,222.0055
2017-08-14,19,293.9461,296.07658254190255,299.0324650102335,293.87833086319216,292.6205699117823,240.40054855494236,0.0,222.0115
2017-08-14,20,329.9571,302.9737717707127,312.5912274813904,297.3033987995324,296.7161105353153,290.38243723088647,281.9854,227.9643
2017-08-14,21,276.0147,285.9489976437603,292.7864638273762,292.2546101897611,286.45437736251904,281.69943261468876,269.9721,227.9643
2017-08-14,22,239.9748,281.018183100128,284.73308428491447,286.1608034828817,284.77579063423275,266.36800613135966,227.9761,233.9634
2017-08-14,23,246.0,277.4763635723296,282.6721668648252,271.98757765294056,276.2935162623351,256.9616517069738,227.9882,227.9586
2017-08-15,0,234.0062,255.37813332069442,255.8260776239031,258.9611360798819,255.2636022334293,253.83943228617056,215.9946,227.9825
2017-08-15,1,240.0124,237.37479941238135,242.69451348917238,244.05951990066185,247.46143075977164,246.56994617910692,227.9704,221.9656
2017-08-15,2,227.9882,231.09365166228878,233.32874370042492,229.65546084270497,238.99761475003945,236.00358808375069,215.9888,221.9826
2017-08-15,3,227.9882,232.79141491214222,229.6239909701764,231.4164088510746,237.44635686590706,230.0687982116788,209.9948,245.9869
2017-08-15,4,227.9764,229.34480175950046,229.14604691544886,230.21351388180634,235.50073649953785,225.2650724153737,210.0,251.9933
2017-08-15,5,215.9719,224.40719884246676,224.1135449252974,226.3258706953856,231.83353548124816,217.33705399847867,197.9951,227.9586
2017-08-15,6,216.0058,222.82414072473765,222.34041571369116,225.82150335754244,229.11907181869037,216.7143945482369,203.968,221.9941
2017-08-15,7,221.9882,222.123875667901,222.04908246157768,224.32022670234687,225.02716467747095,216.00403791727928,197.969,215.9773
2017-08-15,8,233.9575,221.6944762279941,220.89371442613478,224.53647194477858,225.02716467747095,211.59002856132992,185.9709,209.9888
2017-08-15,9,227.9821,224.17191388049807,223.25264000959606,224.71032104751112,226.97278504384016,220.52436053568758,203.9735,215.9888
2017-08-15,10,222.0,226.44450627905394,224.98620642735955,225.50351312395634,227.38836683291692,224.04655622583442,191.9802,209.9836
2017-08-15,11,234.0183,230.9838994581164,238.3624791016024,229.76983235192742,234.64388987426315,238.25905633945686,221.9712,221.9941
2017-08-15,12,245.9807,256.35550086768404,262.09888348595314,257.9662347816402,260.07870134348,255.72445546343883,257.9531,251.9803
2017-08-15,13,282.0075,289.8729633683605,302.94222763853435,296.82194061251244,282.88445385062727,272.455842522028,287.9472,288.0072
2017-08-15,14,300.0,297.51610868112647,305.28972846021685,301.06059718256853,287.24379381367925,275.37055909057943,275.971,269.9788
2017-08-15,15,269.9856,301.84751561542834,301.28881913115924,301.3972689428021,283.8055227821127,279.31842998252375,269.9649,263.993
2017-08-15,16,275.9784,319.3814498384741,317.7616509930927,325.6355866081806,289.47837830934026,286.1178426324488,269.9721,293.9770000000001
2017-08-15,17,287.9554,324.06868668219226,329.7515807379559,326.7353023248282,292.12017886934643,293.8734885389413,305.9521,281.9633
2017-08-15,18,293.9770000000001,325.84438361767013,333.8816214516968,322.63967379677246,293.0648670908457,294.9400111935257,294.0,269.9717
2017-08-15,19,299.969,324.332606445525,334.25796977364905,327.0885721935419,295.06116805304504,294.8101933183546,294.023,293.9461
2017-08-15,20,299.992,322.6791372360172,318.3823619385193,327.0831527482538,314.75057442530175,298.2956450271856,317.983,329.9571
2017-08-15,21,269.9717,308.12635613368536,321.77662973769725,319.0338812181905,290.1565670723515,283.48674871392694,299.9765,276.0147
2017-08-15,22,258.0,283.6926255766413,290.02002079145007,295.57298994833945,281.6016242435928,265.45737271506385,263.9521,239.9748
2017-08-15,23,251.9605,282.48150853193124,291.1241384169483,288.8201635948303,274.6141787819441,259.5976066859708,276.0,246.0
2017-08-16,0,257.9931,259.346194974133,259.4417513013966,261.5861160552139,257.05554643343373,269.9181847273257,276.0216,234.0062
2017-08-16,1,245.9873,243.97032780942402,243.02018710846286,250.43085563091944,250.18691916626506,258.0602192263559,257.9729,240.0124
2017-08-16,2,245.9869,238.49003492151527,233.16552468610223,235.57719353929315,242.17598366401097,248.68910909978132,258.0,227.9882
2017-08-16,3,239.9748,235.6875487107774,227.34389269552346,233.09209634799964,240.52236141389164,240.52600415629706,252.0,227.9882
2017-08-16,4,234.0125,232.26641551299912,226.86594864079592,231.49503504786892,238.57674104752243,235.17467530483898,252.0,227.9764
2017-08-16,5,234.0,227.03595270867214,221.3788955487185,227.06252097951537,232.87350565510246,226.0870840291052,227.9821,215.9719
2017-08-16,6,221.9826,227.03595270867214,221.0200960756711,227.06252097951537,232.24586480076806,223.74333611482675,222.0,216.0058
2017-08-16,7,215.9716,226.33568765183549,220.72876282355762,225.46292697882748,228.13072547554518,223.00383167054144,209.9892,221.9882
2017-08-16,8,215.9888,227.4893463296577,223.56961785251826,226.43975431144554,230.19844153145502,220.0487277934975,198.0,233.9575
2017-08-16,9,227.9882,229.96678398216167,222.99090014012802,226.61360341417807,232.1672940818277,227.84149700644275,215.9942,227.9821
2017-08-16,10,240.0124,230.65631826298844,226.43794424098283,226.64621340043695,230.5151598149946,234.78537245170116,221.9945,222.0
2017-08-16,11,239.9876,236.77876955978002,238.24471876261197,233.2781989122829,236.2271182070592,246.67793198075623,239.9936,234.0183
2017-08-16,12,269.9577,254.80534080944898,257.4125812036985,255.90855717841396,256.2116715295289,256.6859990676063,245.9742,245.9807
2017-08-16,13,282.0221,282.7622955610379,282.84664644029806,287.42504495747613,275.0191261179679,272.24979972313236,270.014,282.0075
2017-08-16,14,323.9412,290.31670061649334,289.10615792667664,301.539211440921,286.3028510738403,280.80134187624435,269.9928,300.0
2017-08-16,15,305.9521,303.8442098725129,304.9915691870871,303.4222429284231,288.105955543807,290.5039226429968,305.9597,269.9856
2017-08-16,16,311.9839,313.6313685650007,304.2372157302021,316.7192263339644,288.70118380560484,292.7404625173761,293.9618,275.9784
2017-08-16,17,299.969,314.36545282933037,307.74353357058317,322.8762161510981,286.5244577635053,291.26245293055337,269.9788,287.9554
2017-08-16,18,341.9823,319.2930316204936,319.52914472427244,324.7107388496203,293.22940767666,303.40315280548924,305.9837,293.9770000000001
2017-08-16,19,341.9915,318.80212133279883,316.3306388657828,324.3876302640337,292.6299167475061,301.58569669479186,305.976,299.969
2017-08-16,20,317.9338,315.7371638943161,308.73082733047823,322.4752205447751,291.19538178631944,294.83561983130767,294.0078,299.992
2017-08-16,21,293.9613,301.19260948366855,300.0796217207971,311.7845486434099,283.16684347888105,282.2820784370125,275.9784,269.9717
2017-08-16,22,270.0211,280.8903107036779,275.75996556108197,296.4697527266965,278.7873044037851,269.9812168978681,257.9867,258.0
2017-08-16,23,269.9649,274.2729125713595,273.1685386463979,285.9713663523372,269.5234270190181,259.56451450333407,251.987,251.9605
2017-08-17,0,288.0225,265.58698200523816,256.7326535390215,262.0576666556116,255.43371222895516,282.6392614893091,240.0,257.9931
2017-08-17,1,287.9549,254.15913541751038,244.78809409038448,257.7573775188941,249.27256303972428,268.871957323811,222.0115,245.9873
2017-08-17,2,264.0,247.80949828626746,241.44309202053427,244.962322744743,242.41590441691596,263.84605415319527,239.9936,245.9869
2017-08-17,3,227.9821,247.36665199375548,239.55410024071898,243.3961356523933,241.33042995168233,251.48999211934307,215.9946,239.9748
2017-08-17,4,233.9817,242.6298406106779,237.37968616602726,240.40640145870054,235.76095395065562,244.29444400164408,210.0164,234.0125
2017-08-17,5,221.9712,237.91548312283516,234.35591467378026,237.1385197744695,235.71760856702343,241.9806094688215,216.0,234.0
2017-08-17,6,222.0115,236.33242500510605,233.17806256330562,234.94427936000483,233.00314490446564,240.7612095646506,221.9597,221.9826
2017-08-17,7,215.9888,235.50177767561038,232.5535650141671,233.16057134542822,228.91123776324622,241.23249728272617,221.9941,215.9716
2017-08-17,8,215.9662,234.51642743815015,230.98388192871505,233.37681658785993,229.39579995250384,243.1171573616497,239.9564,215.9888
2017-08-17,9,239.95,238.57692320838322,231.69393414863586,235.3209349627306,233.4091363747829,247.0077672463641,228.0,227.9882
2017-08-17,10,258.0198,239.66858968599104,232.83795183034852,236.32983824742936,233.8563998456392,258.1125723659381,245.9553,240.0124
2017-08-17,11,246.0189,245.34221399074008,236.62861347572294,243.67999460191575,237.43431532645164,262.21579452156885,228.0057,239.9876
2017-08-17,12,270.014,268.2170302601177,260.9421836206737,270.83973780306343,258.96370304132483,277.58669270669066,251.9803,269.9577
2017-08-17,13,306.0082,292.97642951611493,278.9198116194602,292.711676451137,275.5566085471722,288.8349009438697,263.9864,282.0221
2017-08-17,14,300.0155,326.1487745265177,298.3212211048643,325.4159301117315,316.11135067531904,309.04140713154504,312.0323,323.9412
2017-08-17,15,300.0,314.79307642097365,297.6964376991449,312.7645255802197,290.92827651820966,308.5688647962616,287.9472,305.9521
2017-08-17,16,317.9915,322.0723480914467,301.67160093954897,319.7071626484941,292.85013107823454,310.96155873338523,276.0,311.9839
2017-08-17,17,347.964,319.43426309394164,302.11939405068495,318.18836718986176,290.7886758121825,315.3503513848242,293.9696,299.969
2017-08-17,18,335.9737,356.1710382945208,340.34843642963415,354.24593645638976,323.43915121883526,330.7645873846112,330.0253,341.9823
2017-08-17,19,335.991,335.8843397670477,319.1329179633262,330.68805612352287,310.12127905209223,323.7518380382147,305.9521,341.9915
2017-08-17,20,365.9329,330.66889547336547,312.57757505631616,324.10577549143727,306.07719051425465,314.6462307067951,293.9387,317.9338
2017-08-17,21,329.9742,313.97712269032695,298.0410268352146,311.6605726859483,285.94099209006595,302.52997768574676,275.9784,293.9613
2017-08-17,22,294.0225,303.93343116494486,288.78522548651824,300.8688963173163,282.7651395508755,292.35767963672174,275.9499,270.0211
2017-08-17,23,287.9625,286.30239241140004,274.99936549780705,281.5773334774178,273.3281685049572,281.13760355596787,263.9521,269.9649
2017-08-18,0,294.0157,289.85009646222204,290.96860984687197,297.68850714902794,279.24140564352325,290.95828989119394,276.0,288.0225
2017-08-18,1,275.9931,279.06146930780136,283.0044371918488,290.78760130643667,276.3186261658523,279.4619396028687,264.0,287.9549
2017-08-18,2,269.9721,267.80592563272694,271.97333710173353,269.350492721188,261.62262030783825,268.75132146729857,263.9727,264.0
2017-08-18,3,288.0077,266.62962606126854,268.15563692306443,265.77434770463867,259.93731637593964,251.293762412805,227.9821,227.9821
2017-08-18,4,275.9568,264.70819732031106,265.8461420614178,262.6743503204478,257.99169600957026,247.51585176298101,233.9875,233.9817
2017-08-18,5,288.0298,257.39244852655395,258.77327922368727,254.76666590679366,251.54201173923764,245.22344746041466,245.9488,221.9712
2017-08-18,6,270.0067,257.39244852655395,257.9819585747495,254.34269476446713,250.8952641325897,242.85925732006058,240.0124,222.0115
2017-08-18,7,246.0,256.56180119705823,257.3483809753951,253.51543627038134,246.50902183846867,245.6065846325447,251.9542,215.9888
2017-08-18,8,233.9942,256.13240175715134,257.04580652083456,253.73168151281305,246.50902183846867,239.46233115463167,228.0,215.9662
2017-08-18,9,245.9934,258.3642800599763,256.9303914758649,255.89151109593723,250.06947775326967,245.60967027839996,221.9885,239.95
2017-08-18,10,227.9878,257.29539357910306,257.23000147541734,256.68470317238246,250.48505954234633,253.83664091807813,221.9652,258.0198
2017-08-18,11,246.0,261.90159865412176,260.2057291290555,262.0648899036459,255.60024718655978,269.426617885671,269.9577,246.0189
2017-08-18,12,275.9568,292.89274759085913,287.5972646756792,294.20051013461716,280.08787318202747,284.2440945222795,294.0,270.014
2017-08-18,13,335.991,320.24455559516787,310.95090458910204,320.5803863078297,290.46135704930606,288.5424973155885,257.9867,306.0082
2017-08-18,14,354.0183,331.4747976341244,316.8915886947634,334.8550750237375,300.79352601397414,297.35769809730135,269.9933,300.0155
2017-08-18,15,318.0,332.00975705677274,318.1692763757344,334.75981220381095,303.2593847166454,305.46516861525737,281.9779,300.0
2017-08-18,16,323.9406,351.0910475860717,334.53065483806927,349.1837836038294,316.0774993778024,312.416856829515,288.0221,317.9915
2017-08-18,17,318.017,356.4698795309587,340.86396086876454,353.7163276828175,315.49036421792124,318.4460415980761,294.0073,347.964
2017-08-18,18,330.0171,358.6488585119531,343.95743676634015,356.47559412004745,314.6654057135289,318.44921757250455,275.9499,335.9737
2017-08-18,19,353.9446,357.7168834601457,343.09357005782084,353.1112418771801,315.40280384156284,318.34722895976785,287.9923,335.991
2017-08-18,20,359.9718,376.67417734174063,350.2803487383339,371.2799794138405,341.01585588764914,322.3491185064547,318.0244,365.9329
2017-08-18,21,312.0,344.03122238317343,335.2005461062246,344.6607342819776,311.4895892428421,305.6617071920637,282.0221,329.9742
2017-08-18,22,270.014,321.5688747837717,314.4674456899723,324.37868685128274,297.50949180051674,288.6319142811385,252.0067,294.0225
2017-08-18,23,299.969,310.7617667260907,310.7547840210848,311.4268028967371,286.5656132720607,275.7019453618312,233.9817,287.9625
2017-08-19,0,287.9698,279.6017260941176,277.7047883136396,283.2350732034287,276.5813146269648,279.04936727245786,245.968,294.0157
2017-08-19,1,251.9605,275.70189880836006,272.2563250590579,275.27317507580693,270.48702292227347,269.2811261231377,251.974,275.9931
2017-08-19,2,245.9742,272.05436323692663,271.7420418521353,269.52732156787135,266.59230580716684,256.7809258122049,233.9692,269.9721
2017-08-19,3,258.0202,277.1904160916565,273.00967517607796,274.90355368407853,272.5339994874895,250.10510904905402,227.9939,288.0077
2017-08-19,4,251.987,271.2018209768424,268.9215458380315,267.9362764717247,265.490194642248,246.90804703383702,245.9873,275.9568
2017-08-19,5,239.9936,269.36527513163395,264.5413866616447,266.6353428895558,266.7638832159184,242.2773228443707,233.9938,288.0298
2017-08-19,6,228.0061,265.2981087577773,261.7374585906616,259.2279047317998,259.6794469386394,242.7884313455615,251.9605,270.0067
2017-08-19,7,221.9771,260.95467438049974,255.09923238488244,254.91507074842704,253.07865556192692,241.57375803051957,251.9803,246.0
2017-08-19,8,239.9684,260.0805758030231,252.53352655827794,254.69935954017353,253.04697388014736,240.18336975438547,233.9575,233.9942
2017-08-19,9,252.0067,260.4114255074325,251.9548088458877,255.08891985115955,254.5397137390386,242.9383226307009,215.9773,245.9934
2017-08-19,10,227.9821,259.0116893221499,251.9548088458877,255.70744852622374,251.4118530946894,246.67489559049096,210.0164,227.9878
2017-08-19,11,215.9831,262.2215116178689,250.22364076257819,260.0414615859059,256.9446104021028,258.2139551428143,221.9652,246.0
2017-08-19,12,221.9652,263.04288111191966,259.31950585747273,267.8561301581887,262.3852487266012,267.8810606686198,215.9888,275.9568
2017-08-19,13,216.0,275.1494770003246,261.0820668114958,280.92626885581956,275.02672697377494,282.50816647896704,222.0115,335.991
2017-08-19,14,215.9773,276.99112420343323,265.6088796662333,283.6468859005905,273.0279782336254,290.1536995952241,215.9716,354.0183
2017-08-19,15,215.9831,277.89936368666736,264.78557767097607,282.07066357594385,271.26532736160857,293.77176159389893,221.9882,318.0
2017-08-19,16,228.0061,279.254677569831,267.9380649799236,285.1531743733454,271.56781136235554,298.4571763854024,221.9826,323.9406
2017-08-19,17,227.9525,282.94952658171064,273.0915849080144,287.73185176883436,272.5120640882528,303.43414435404577,239.9872,318.017
2017-08-19,18,240.006,289.56727039064754,276.6266239520979,289.55729562529865,277.139040849693,302.1222991010068,228.0,330.0171
2017-08-19,19,245.9807,295.5409768878819,280.01358868576796,292.3466967106962,280.5450823935914,301.94756071020805,227.9704,353.9446
2017-08-19,20,240.0064,302.4451828373205,290.27361574802535,300.5894982855385,291.42570213443247,301.39632477583706,245.9873,359.9718
2017-08-19,21,252.013,283.6783500085865,273.8812336447159,284.8242934382546,272.9890676843845,291.5988267390846,251.9937,312.0
2017-08-19,22,257.9729,277.41539023331757,278.1795617071912,280.4173275566742,264.739519576151,284.307223406953,275.9789,270.014
2017-08-19,23,246.0066,279.73242927688125,274.5483005873671,284.10579212897125,273.0042255542203,275.87309885793985,263.9727,299.969
2017-08-20,0,257.9665,228.9882779882873,227.53463370205893,228.00603291835262,249.872373458714,259.49533855942894,240.0,287.9698
2017-08-20,1,263.9586,223.3346569119118,222.183697991304,218.71667914535814,242.6789546718353,245.61303424457276,234.0062,251.9605
2017-08-20,2,257.9867,219.5477006534183,214.63783689465984,213.38780905427413,240.74278525717608,235.28686596137783,227.9939,245.9742
2017-08-20,3,246.0066,220.61658713429154,212.00277644646334,211.78057415505194,240.26589701918132,226.7889762641619,215.9831,258.0202
2017-08-20,4,234.0058,217.19545393651325,209.48232246263774,210.26628075033238,238.6505290046436,220.62910743829997,215.9662,251.987
2017-08-20,5,221.9826,215.33526064525148,207.4983252153939,209.25844900359382,239.52302985640193,213.6915411381094,203.9731,239.9936
2017-08-20,6,221.9945,213.9723552325491,207.542567385851,209.0427377953403,238.84460056797442,212.4689054285576,210.0112,228.0061
2017-08-20,7,227.9647,211.55722396093475,205.8369043951787,204.46274483361762,231.85357474344713,212.94768179020926,209.9836,221.9771
2017-08-20,8,215.9773,214.8587886670467,206.72952453629392,207.75717234839826,234.78437510853456,216.71716637572715,203.968,239.9684
2017-08-20,9,216.0,217.33622631955066,208.19331675300174,207.9310214511308,236.42297530707575,225.30191897299434,216.0169,252.0067
2017-08-20,10,210.0164,214.90443442597504,210.64904994227086,208.54955012619496,236.86818186329094,233.155189139352,233.9696,227.9821
2017-08-20,11,216.0,215.46431694334444,217.41377701229078,214.6734890410657,235.77048482880218,237.43229965016505,222.0174,215.9831
2017-08-20,12,215.9885,218.84215714374716,219.36129011775654,219.69466859139845,238.04212210628094,249.56710180973238,239.99400000000003,221.9652
2017-08-20,13,209.9615,223.1214680766575,219.33062967386013,227.37557092817815,237.80739872432574,255.83930178720615,233.9879,216.0
2017-08-20,14,228.0061,225.55463748725293,226.58280062497866,229.98602681157152,235.9848025807109,261.92414502981984,227.9882,215.9773
2017-08-20,15,228.0,239.19898505849537,228.9897396266333,235.78560781583573,235.9848025807109,267.8681393528399,227.9586,215.9831
2017-08-20,16,227.9704,246.48502863913134,234.7024379150808,248.41579593664912,238.9030280163323,270.91612928400366,215.9885,228.0061
2017-08-20,17,263.993,247.176090297974,238.462054423893,250.0801516190227,239.66520255371887,274.195621271647,221.9767,227.9525
2017-08-20,18,263.9657,251.9778976369154,245.317528668621,251.92162116226135,243.3749594871137,275.2049705263187,222.0055,240.006
2017-08-20,19,240.0124,253.75727949911226,245.70483683379797,252.3616171680824,244.67630054060496,273.3368589458999,222.0115,245.9807
2017-08-20,20,257.9798,253.0662178402696,244.1590717749229,252.3616171680824,244.79679449431862,269.3016162831048,227.9643,240.0064
2017-08-20,21,239.9624,251.23473170221735,239.25625788943867,255.44907569871242,245.6891979702952,263.8955500808449,227.9643,252.013
2017-08-20,22,251.9803,237.27490764819046,237.28851977728414,249.6494946944482,246.95531207614874,257.5510860508872,233.9634,257.9729
2017-08-20,23,239.9752,235.0229858680135,231.09455070185598,247.17442109208298,248.7779082197636,246.21226231174634,227.9586,246.0066
2017-08-21,0,245.9742,249.00446027059687,253.04995470866407,243.11976964894774,249.07564998864322,268.4408964674201,227.9825,257.9665
2017-08-21,1,245.9873,235.67739716822845,241.3007964923636,235.819801103827,248.62690345544897,258.79794469599307,221.9656,263.9586
2017-08-21,2,245.9934,230.76559020189666,231.0055416660436,221.90481412639684,240.64764963497439,249.91258193718107,221.9826,257.9867
2017-08-21,3,239.9624,227.82957646129807,226.09526112434196,220.23493904621364,240.02763060668482,246.29823684960024,245.9869,246.0066
2017-08-21,4,245.9553,223.0455378508174,223.45490396024343,218.899100764103,238.05032855853605,240.9197727963301,251.9933,234.0058
2017-08-21,5,263.9727,219.24668526614607,220.96559938466595,214.67324161130577,235.3385939220789,231.79423901559,227.9586,221.9826
2017-08-21,6,251.9933,219.24668526614607,220.83144521177562,214.67324161130577,234.7109530677445,229.4405485945174,221.9941,221.9945
2017-08-21,7,245.9939,220.70887258135085,221.93359676313528,216.15236391714498,233.51816460983295,229.857842419566,215.9773,227.9647
2017-08-21,8,227.9939,218.3408138480344,220.2798772909727,213.2898928530496,230.5958137425216,225.88975430118444,209.9888,215.9773
2017-08-21,9,222.0118,220.81825150053837,221.74366950768052,213.46374195578213,232.5646662928943,232.00261543069098,215.9888,216.0
2017-08-21,10,233.9879,223.19199867263816,224.55525093210022,214.8057032972208,232.95701589796758,236.71797679760294,209.9836,210.0164
2017-08-21,11,227.9821,226.57037485996034,237.79082019639705,221.21273566564824,239.6201169704594,246.97884511705138,221.9941,216.0
2017-08-21,12,251.9672,248.72565922711973,259.7980774550855,246.23940954707723,263.4290706234657,260.54245546011606,251.9803,215.9885
2017-08-21,13,323.9412,279.02198187464217,288.218116140532,273.9084296740779,281.5035284607652,274.54314676477554,288.0072,209.9615
2017-08-21,14,330.0,286.411860438941,289.16709913894226,288.92853176996425,288.3815020509514,279.73427882581365,269.9788,228.0061
2017-08-21,15,299.9770000000001,297.8414066010094,294.3886116816255,294.72811277422846,288.3815020509514,284.2920938997958,263.993,228.0
2017-08-21,16,318.0,313.9234556530047,311.9143469746759,308.5323111576774,294.2019658903541,294.04803592417187,293.9770000000001,227.9704
2017-08-21,17,336.0,313.2968020370413,309.23644735670985,306.4651810982162,291.3741857575395,297.14663945086875,281.9633,263.993
2017-08-21,18,359.9904,314.0698580786938,306.53714473428107,307.40045962770665,290.4531536001383,299.4979899979476,269.9717,263.9657
2017-08-21,19,300.0075,318.9139208448654,321.93256330719237,310.427496252487,296.0353339060793,299.45041815416806,293.9461,240.0124
2017-08-21,20,317.9915,353.18087445411703,342.0423040973367,343.365134571316,319.4044559110332,303.528076491925,329.9571,257.9798
2017-08-21,21,305.9842,300.9410741181246,302.67275592284983,302.8548876341326,283.4760911458119,285.1767164276333,276.0147,239.9624
2017-08-21,22,287.94,281.2086361246794,284.1542769650719,287.71359492513005,280.2583911791642,271.60332120950665,239.9748,251.9803
2017-08-21,23,287.9775,272.78845392990377,281.822993890171,270.93986230742837,271.77403512094696,262.84829261535236,246.0,239.9752
2017-08-22,0,269.9717,275.00133282355677,275.9939456442995,274.9179206892556,267.26423255952733,282.4638264636802,234.0062,245.9742
2017-08-22,1,263.945,263.7302081553951,264.8278482676812,268.44544800929816,266.2681253337081,274.4363649379845,240.0124,245.9873
2017-08-22,2,245.9488,259.1886768162313,264.4755241327446,254.28214063956528,256.606941994513,263.69203163266417,227.9882,245.9934
2017-08-22,3,252.0265,260.2575632971045,263.4309400350896,252.61226555938208,256.00602971853704,255.9437323861315,227.9882,239.9624
2017-08-22,4,245.968,258.3361345561471,261.3554181190884,250.2324089048053,254.06040935216785,251.0242609911734,227.9764,245.9553
2017-08-22,5,239.9628,252.60344388011885,255.6308747969259,245.34252432194933,249.75135125770825,246.96799746822327,215.9719,263.9727
2017-08-22,6,239.9812,252.60344388011885,254.31028726984712,244.04321656262061,249.1046036510603,244.62153226512584,216.0058,251.9933
2017-08-22,7,233.9754,251.2341110217308,253.51577307674197,242.54193990742505,244.71836135693928,246.2287813722305,221.9882,245.9939
2017-08-22,8,257.966,250.05319888028046,253.01838524592563,242.54247394160322,245.17124186441734,245.31876856968807,233.9575,227.9939
2017-08-22,9,245.9811,248.47014076255135,251.97636486611495,240.94605377219762,245.0491461748767,248.65407029861103,227.9821,222.0118
2017-08-22,10,270.0067,248.98431239940723,252.73927753308772,244.0582843857744,247.0478818306057,255.15661714520522,222.0,233.9879
2017-08-22,11,275.9494,252.63552965252998,253.6138676982789,253.59209539215524,251.11035950067574,264.41092542047346,234.0183,227.9821
2017-08-22,12,288.0154,277.08440231048803,273.71630166571185,281.0008383867676,272.8634594305712,276.89988298328143,245.9807,251.9672
2017-08-22,13,311.9511,324.46338690829015,328.3881247488257,325.7277071191114,305.1864375706829,298.33588630357815,282.0075,323.9412
2017-08-22,14,293.9848,337.73024716398334,336.19536119096193,345.23662157842455,314.20296419153925,309.4103551496629,300.0,330.0
2017-08-22,15,305.9439,327.8952050849531,322.84181074909225,332.5841539343822,300.3657952519216,306.6571858028041,269.9856,299.9770000000001
2017-08-22,16,317.9915,347.89591013955896,345.56872817417855,351.34462939769645,314.6413198880001,313.59179342414626,275.9784,318.0
2017-08-22,17,347.9728,349.32052923683784,344.3665577389097,347.1293224664499,314.8042031827199,319.6386413958861,287.9554,336.0
2017-08-22,18,347.9368,373.96075929318977,363.58391121423836,372.37442667439086,342.5221041852068,327.5653513670394,293.9770000000001,359.9904
2017-08-22,19,329.9401,340.8472619037027,336.44722770890473,341.9204995032994,305.564591535797,320.6841671817101,299.969,300.0075
2017-08-22,20,342.0,351.1517315399468,349.55971650659205,353.79337922377516,316.21765150067534,317.8306868692968,299.992,317.9915
2017-08-22,21,323.9746,324.39586563786867,321.286632292374,325.2823879227652,297.2832356101213,304.5428707414052,269.9717,305.9842
2017-08-22,22,293.9843,315.6164338677007,314.2705052584666,317.57599496347694,291.93992337335726,292.65675118976816,258.0,287.94
2017-08-22,23,305.9602,303.51287739335163,309.06432507513307,302.84797957593116,284.14205336249404,282.6066993514214,251.9605,287.9775
2017-08-23,0,275.9784,291.1093652828002,286.78413282337704,291.9118817170715,282.3788397889712,315.36783733865104,257.9931,269.9717
2017-08-23,1,263.9723,276.000050606163,269.5479170943731,285.47725495071006,278.1154735064171,303.05236099334786,245.9873,263.945
2017-08-23,2,257.9867,269.0287177021355,263.39559119967964,267.8294472111982,268.454290167222,292.6636256874785,245.9869,245.9488
2017-08-23,3,257.9596,268.5858714096235,262.650617101577,265.71449085385507,267.853377891246,284.6792197610877,239.9748,252.0265
2017-08-23,4,245.9939,266.664442668666,260.57509518557583,263.2115012591906,265.9077575248766,277.322268689941,234.0125,245.968
2017-08-23,5,251.9542,260.93175199263806,254.18232858714381,257.4462800593323,262.0832616196749,273.20192831905206,234.0,239.9628
2017-08-23,6,269.9717,260.93175199263806,253.39100793820595,257.0223089170058,260.9519518237692,269.6381885450447,221.9826,239.9812
2017-08-23,7,269.9721,258.8109064327066,252.26725860969935,255.30532105355667,256.53402784786874,268.9867618072216,215.9716,233.9754
2017-08-23,8,257.9531,259.0303271778955,251.2707152705119,255.7372775042419,256.5657095296482,269.9359246767123,215.9888,257.966
2017-08-23,9,239.9812,259.0303271778955,250.69199755812164,255.9111266069744,258.9958920852752,276.3167951081244,227.9882,245.9811
2017-08-23,10,240.0,263.12671508392145,257.4179080149719,260.06464527659034,261.6260229569436,287.61440366995924,240.0124,270.0067
2017-08-23,11,246.0131,267.53426759362674,260.45036840101506,268.85761393572767,266.5434426295149,295.9419910006986,239.9876,275.9494
2017-08-23,12,293.9770000000001,293.6217235816538,290.0672751613939,300.5803051571645,285.353740729057,311.03482919909294,269.9577,288.0154
2017-08-23,13,330.0,319.9839813606134,312.60469945318215,317.8924865133444,298.55978539561795,323.66003713148416,282.0221,311.9511
2017-08-23,14,305.9602,346.07299257129756,332.1470054211562,347.7410145380742,318.6373483577029,337.3171883684522,323.9412,293.9848
2017-08-23,15,306.0158,343.23398756803823,327.5679854269683,341.43341397980475,307.13957308361825,341.0204957355369,305.9521,305.9439
2017-08-23,16,335.9737,361.2256353901024,346.0771715453447,360.077339714675,328.57265201758725,347.5719955723148,311.9839,317.9915
2017-08-23,17,299.9765,356.41040627377333,348.9320520849804,361.4104669436909,321.10268510561406,350.2586080464581,299.969,347.9728
2017-08-23,18,311.935,372.6604697256816,363.6797957581648,375.0939862782298,342.21756620339465,362.75180172060993,341.9823,347.9368
2017-08-23,19,299.961,370.4705928700339,358.9517793330531,372.0724674482215,339.4203609001258,358.6251422942415,341.9915,329.9401
2017-08-23,20,341.9823,365.4171466992717,358.18834114688525,363.62179099610654,332.5985497075405,350.5030202954299,317.9338,342.0
2017-08-23,21,293.9696,350.01556922547087,343.2370274875174,345.6990992951825,315.3224556173205,337.63859292120003,293.9613,323.9746
2017-08-23,22,263.9657,325.56088919583846,315.97075507056104,325.9678186765335,296.9638918869701,322.12217709205527,270.0211,293.9843
2017-08-23,23,263.9793,311.0735524903138,306.6961010153726,307.5740807928945,289.16602187610687,314.07851470702064,269.9649,305.9602
2017-08-24,0,263.9586,278.25344471393237,279.0371893285143,272.2438787681854,270.9828725456869,298.8503461394211,288.0225,275.9784
2017-08-24,1,233.9754,264.87273778888664,269.21356742531924,265.362411524302,266.96096598582864,288.5699452893593,287.9549,263.9723
2017-08-24,2,239.9752,258.12827329473737,260.6733082738437,253.0165592669292,256.72367847354786,275.01474619701685,264.0,257.9867
2017-08-24,3,227.9939,256.3954072504039,259.4836290153415,249.98269281064225,255.0700562234287,260.9672074446267,227.9821,257.9596
2017-08-24,4,257.9867,255.42623175026603,256.3888255653503,248.28500540291154,253.1244358570595,255.53633274965014,233.9817,245.9939
2017-08-24,5,228.0122,251.77882706366816,254.3586121409297,245.7893083886686,249.00435433129175,250.36253328257737,221.9712,251.9542
2017-08-24,6,215.9773,252.50558989639305,255.89637770527,247.59689356869146,250.5721558072353,250.83362817194399,222.0115,269.9717
2017-08-24,7,215.9942,250.84214649629325,254.69483590011075,245.81318555411485,246.48024866601588,250.7018999903642,215.9888,269.9721
2017-08-24,8,221.9767,248.8990298126756,251.25247908686464,243.21787346836928,244.26569958342438,247.9598324148298,215.9662,257.9531
2017-08-24,9,221.9597,248.8990298126756,253.2949890159627,243.3917225711018,246.6958821390512,255.88086295880177,239.95,239.9812
2017-08-24,10,221.9885,250.06962928851024,254.48466827446498,245.65259401148427,248.1641739022712,265.83544923183064,258.0198,240.0
2017-08-24,11,233.9696,253.4260973726795,260.1276656182937,253.5716848392325,250.68937940894028,271.5880919682599,246.0189,246.0131
2017-08-24,12,257.96,279.5970621614865,284.93647970606264,283.17198646802376,275.6088175542484,288.59095755056177,270.014,293.9770000000001
2017-08-24,13,275.9858,307.4280728620294,313.11671905249614,305.92237696385166,301.4852948732327,306.61539231751004,306.0082,330.0
2017-08-24,14,312.0166,308.5405115944538,303.5405915942874,310.37262212780655,296.3696330310818,310.2469708162305,300.0155,305.9602
2017-08-24,15,312.0083,309.79856526122506,308.0284817160688,310.37262212780655,296.3696330310818,316.0236246065954,300.0,306.0158
2017-08-24,16,269.9788,329.14225973360647,321.280315332543,321.0168036962956,318.8103551169236,326.35048495985995,317.9915,335.9737
2017-08-24,17,270.0072,328.509203264293,307.7121931474878,327.6095917111515,323.53094927893596,330.7650294660662,347.964,299.9765
2017-08-24,18,299.9535,334.4874578119373,313.30281915686396,330.20489954831925,320.72605122515273,334.1982709529954,335.9737,311.935
2017-08-24,19,293.9696,331.3511457682168,314.0769643198634,326.9624626543991,316.41800953896956,330.6787090480563,335.991,299.961
2017-08-24,20,293.9848,349.316041652102,329.7225777569837,345.2279076599857,340.2650598888567,335.81571277529434,365.9329,341.9823
2017-08-24,21,281.9854,324.13301138796623,309.3399272267877,321.3934158423324,308.65028114762595,318.0388619882165,329.9742,293.9696
2017-08-24,22,264.0136,303.79858900262536,288.090719325775,301.03889251417223,285.5157220142464,300.4726857911082,294.0225,263.9657
2017-08-24,23,239.99400000000003,295.65774597791955,286.4677822708752,289.7508591039421,278.09108402019496,290.449643043724,287.9625,263.9793
2017-08-25,0,263.9586,264.2699918712541,263.8923911618595,248.74821973947365,250.32377754670117,277.6446552862708,294.0157,263.9586
2017-08-25,1,269.9928,249.73381867332165,250.1303381386118,243.1598980171933,248.1518978281738,262.53463193359426,275.9931,233.9754
2017-08-25,2,239.9748,242.84485709666586,236.7245372788403,232.21427297591885,239.61863674891245,253.8042500084269,269.9721,239.9752
2017-08-25,3,233.9817,244.2713968662675,238.63866230257238,232.67440501068938,241.8821094913719,249.2093510918742,288.0077,227.9939
2017-08-25,4,245.9488,241.94135359148797,235.98462180481968,229.81013693031875,238.29582605554222,244.4363709577604,275.9568,257.9867
2017-08-25,5,245.9873,238.35881784533427,232.98205833165397,227.40541173239146,236.95330792247458,240.61375447255367,288.0298,228.0122
2017-08-25,6,240.0064,230.88241780740688,224.79146032485644,222.8500578936834,231.34277755970177,234.85056287225018,270.0067,215.9773
2017-08-25,7,210.0108,229.45095800730627,223.06204700639603,220.147439780163,226.19816044433904,231.24169512889165,246.0,215.9942
2017-08-25,8,209.9783,231.49899621990335,224.79541402009838,220.36368502259472,226.19816044433904,228.42225727759154,233.9942,221.9767
2017-08-25,9,197.9898,231.49899621990335,226.28645678658225,220.53753412532726,228.14378081070825,235.55522992673545,245.9934,221.9597
2017-08-25,10,209.9836,234.2766884131421,229.82484546103518,221.87949546676592,228.559362599785,238.3769676375545,227.9878,221.9885
2017-08-25,11,227.9825,239.1015822705319,237.5523065283443,233.5840153526733,235.8648788915399,250.1601876744307,246.0,233.9696
2017-08-25,12,257.9729,260.03030628120166,262.10824078233503,250.8293196846097,257.48783112871917,265.7661876028004,275.9568,257.96
2017-08-25,13,282.0146,299.88654834404076,287.9217146679728,291.4363079720411,290.1241866778895,286.4124292351276,335.991,275.9858
2017-08-25,14,257.9867,313.5131130829909,292.5636730145318,309.6447500321859,312.2751734588857,299.99917143897954,354.0183,312.0166
2017-08-25,15,276.0,291.96186826865784,293.95071911420786,289.86668545718095,302.1436286380605,298.6499388126938,318.0,312.0083
2017-08-25,16,305.9602,301.5811231991316,294.52357520115635,298.410660400754,291.2213329881724,299.74564630541784,323.9406,269.9788
2017-08-25,17,282.0,305.00500673637634,300.3636531940055,293.5443851556545,295.73174590913607,300.55768514810194,318.017,270.0072
2017-08-25,18,287.9923,313.69482093301485,301.5082064581943,305.8473174728683,300.7463496616959,309.58840670461524,330.0171,299.9535
2017-08-25,19,311.9672,318.834696443629,303.5316453744208,312.7426568090041,311.34293591762605,311.24271471519006,353.9446,293.9696
2017-08-25,20,294.0,314.7155312713342,300.09252467206795,312.7426568090041,310.6526768864004,307.97943706036756,359.9718,293.9848
2017-08-25,21,276.0,302.90668055462146,297.2622608059456,296.3850585357722,295.8959322530112,291.45822643268707,312.0,281.9854
2017-08-25,22,269.9933,274.8652926624949,275.585305845853,269.28796043201044,272.0368003836061,274.0977389658893,270.014,264.0136
2017-08-25,23,245.9746,278.52492969455176,282.0521257197359,267.5038884388772,268.42675246564676,268.98248377789275,299.969,239.99400000000003
2017-08-26,0,245.9488,259.42423185639694,254.84426654714613,253.95601520572149,246.6417506086867,250.33359349127466,287.9698,263.9586
2017-08-26,1,222.0118,253.41417056427846,250.5370033618857,250.74672237077482,244.43966973141218,235.19612119684143,251.9605,269.9928
2017-08-26,2,215.9608,247.50394057583367,240.93426572335994,244.91065565071784,240.28895123416132,223.13139526620458,245.9742,239.9748
2017-08-26,3,210.0108,245.1534217550046,234.2274638767269,244.55538890717935,240.81398453621676,217.9819927928402,258.0202,233.9817
2017-08-26,4,191.9802,244.987664647918,231.7489962073906,242.25512871635837,237.8473358774838,212.6937395004,251.987,245.9488
2017-08-26,5,191.9952,239.03750046988444,228.50174011876263,238.58319673819116,234.21181654097367,207.09471298738072,239.9936,245.9873
2017-08-26,6,209.9892,238.26090347989694,226.51357902356312,237.5792245900367,233.56506893432572,203.05857037802912,228.0061,240.0064
2017-08-26,7,209.9727,234.63946866691657,220.36415200387336,234.63183936011572,227.39287080773045,200.0709048317749,221.9771,210.0108
2017-08-26,8,204.0211,237.11690631942054,221.5811946680808,234.63183936011572,227.3737640554169,206.5328523560425,239.9684,209.9783
2017-08-26,9,197.9951,237.11690631942054,224.1349537529461,234.80568846284825,229.3193844217861,212.52812919424193,252.0067,197.9898
2017-08-26,10,197.9739,238.68948670206188,230.2885201293226,235.09115908117252,229.81537941209442,215.28981809180243,227.9821,209.9836
2017-08-26,11,185.9854,241.4932611015175,238.73407324940342,238.0171521600312,235.78195641373077,221.86072691859857,215.9831,227.9825
2017-08-26,12,204.0,243.25800702778474,240.3408798328446,240.71579039399754,238.10438212530264,233.4050114953319,221.9652,257.9729
2017-08-26,13,198.0,249.08629224072882,246.00608586905588,247.53364948127222,241.4237120176979,241.95140733372023,216.0,282.0146
2017-08-26,14,210.0164,244.89559603652776,240.29643015278072,240.95442412888585,235.60615893936253,246.42066188085127,215.9773,257.9867
2017-08-26,15,198.0,247.5424419985818,244.43753050429578,245.10230655832368,239.16021221371304,253.62221442820717,215.9831,276.0
2017-08-26,16,204.0051,248.0733537398249,245.96959429484068,247.2226644940144,239.93714502709605,262.6061467745859,228.0061,305.9602
2017-08-26,17,221.9885,251.15235776985742,252.81192923466995,248.9374516264757,239.90327999878605,262.2781713244145,227.9525,282.0
2017-08-26,18,221.9885,251.89524280891794,261.7428668173877,252.62882559969108,246.75286747742172,264.94789535961274,240.006,287.9923
2017-08-26,19,227.9586,244.1491359686076,254.57743482145045,246.80501682967633,249.56273180555135,265.9807313458992,245.9807,311.9672
2017-08-26,20,239.9812,252.2294619053274,257.9837931801486,254.07279375366662,248.19380923694018,258.7504712883626,240.0064,294.0
2017-08-26,21,245.9746,255.76363823209599,253.0350772249188,251.7743758225381,246.740967127836,253.16417765123276,252.013,276.0
2017-08-26,22,251.974,256.6072397442318,254.11557363069923,251.3569608202213,247.72028701607397,246.1276500153558,257.9729,269.9933
2017-08-26,23,252.0,253.59086559838622,249.93626170239475,248.3301947210765,246.71652776332394,233.02765346341906,246.0066,245.9746
2017-08-27,0,245.9676,248.65959570048597,248.1240953893854,251.7762051903391,241.78218196754074,244.36869120075306,257.9665,245.9488
2017-08-27,1,239.9816,245.37260770063995,244.6934558118668,247.30056631166883,238.3835283169455,234.46861194005012,263.9586,222.0118
2017-08-27,2,246.0,245.7497600378456,239.5654588501791,244.27605691978897,236.44735890228628,224.6637880459926,257.9867,215.9608
2017-08-27,3,239.9812,243.10559537446758,234.60952015158898,241.74991192162298,234.89865393783467,214.93124181324015,246.0066,210.0108
2017-08-27,4,221.9771,242.16189982919326,232.47947357715782,240.2430563735079,233.28328592329694,205.69666319078885,234.0058,191.9802
2017-08-27,5,227.9704,237.72412873254868,230.18745607593172,239.06236629248394,234.19812571137228,200.09416034446662,221.9826,191.9952
2017-08-27,6,215.9719,236.94753174256118,228.55027625264444,238.05839414432947,233.55137810472434,200.60229668494526,221.9945,209.9892
2017-08-27,7,209.9944,236.4710597643564,227.7812153555427,236.27468612975287,229.44036421119137,202.71863333156625,227.9647,209.9727
2017-08-27,8,197.9947,238.94849741686036,228.99825801975015,236.27468612975287,229.4594709635049,202.88621222192305,215.9773,204.0211
2017-08-27,9,197.96400000000003,238.94849741686036,230.26881695435983,236.4485352324854,231.07483897804264,207.13465047322333,216.0,197.9951
2017-08-27,10,209.9836,240.63767425834257,235.66611588709682,237.2827751158031,231.54760178434748,212.21234929537053,210.0164,197.9739
2017-08-27,11,215.9719,241.12525774466505,239.54171397716544,238.9917998918043,235.193089311301,219.4020087087132,216.0,185.9854
2017-08-27,12,209.9839,240.32973754025235,243.22283731328795,241.4747269175171,237.48383334109332,228.6656976647311,215.9885,204.0
2017-08-27,13,197.9898,241.01183558160398,242.81177401908488,242.4170619803816,237.22587777513465,234.3729521390016,209.9615,198.0
2017-08-27,14,198.0,240.14864097954086,242.76572535787415,242.3610909267748,237.21470131587463,245.6663999734666,228.0061,210.0164
2017-08-27,15,203.9735,240.14864097954086,242.40480714520461,242.3610909267748,237.21470131587463,250.0417738941721,228.0,198.0
2017-08-27,16,204.0,240.26862502943533,242.91440598225603,242.40761427429214,237.21470131587463,254.46757288586645,227.9704,204.0051
2017-08-27,17,210.0108,243.75515396866965,248.88948847584962,244.99088005560958,239.0295858274045,264.96823037311003,263.993,221.9885
2017-08-27,18,204.0054,244.21219500956053,253.44768310191077,247.98156906591817,242.70766107901977,264.76363606206223,263.9657,221.9885
2017-08-27,19,215.9831,247.7447813200392,256.391715820616,250.32914442605454,245.8554108416756,258.3849313316928,240.0124,227.9586
2017-08-27,20,227.9821,247.53113343729896,253.6669745451857,251.35562819401733,247.07940320362567,258.5502980355212,257.9798,239.9812
2017-08-27,21,209.9888,250.52124963352034,252.12454208850855,251.93761294182082,247.74536334739858,249.4761780574052,239.9624,245.9746
2017-08-27,22,215.9777,250.2057731507359,252.53981622399658,251.93761294182082,249.01147745325213,244.73311453413723,251.9803,251.974
2017-08-27,23,215.9946,251.25021538321752,253.86455059277185,252.12896627645574,249.02677934420205,233.89012540875734,239.9752,252.0
2017-08-28,0,221.9885,255.4941553951179,256.0417684916196,246.18420047968453,241.06617265664036,259.34437752409934,245.9742,245.9676
2017-08-28,1,239.9812,248.33317291047365,247.31700258962198,243.99986375361294,240.59831937113256,250.13848454035963,245.9873,239.9816
2017-08-28,2,221.983,239.84766390995276,234.8317995730057,233.5927354345771,232.61906555065795,242.75342198497697,245.9934,246.0
2017-08-28,3,228.0,237.51281800922598,232.79982536179037,231.9228603543939,232.01815327468194,234.27691464197636,239.9624,239.9812
2017-08-28,4,228.0061,231.0447113044422,225.79239467589707,227.6179546274689,227.1417325432253,228.58258367461434,245.9553,221.9771
2017-08-28,5,221.9826,232.12125994499806,226.76359697200627,230.193368847276,234.4334393932729,229.34741054306053,263.9727,227.9704
2017-08-28,6,222.0059,229.35948367259184,224.09840071770077,225.2939812987589,229.83486312917375,224.77075400431644,251.9933,215.9719
2017-08-28,7,215.9608,229.1349589349258,220.5407059831743,223.694387298071,225.74295598795433,224.01802544974305,245.9939,209.9944
2017-08-28,8,203.9891,228.70555949501892,220.59699602975098,224.6213467747905,225.74295598795433,220.02361107897548,227.9939,197.9947
2017-08-28,9,197.9795,231.35926711498183,225.53282566343054,224.79519587752304,227.7076831066371,223.58979390862112,222.0118,197.96400000000003
2017-08-28,10,221.9885,233.6941130157086,227.98180829722574,226.1371572189617,228.1041581434003,233.1075269592894,233.9879,209.9836
2017-08-28,11,251.9803,240.661439134168,243.75655343560604,234.5205263587268,236.49777716875872,239.54367217775444,227.9821,215.9719
2017-08-28,12,251.9807,254.1320433171979,259.216920589584,253.1729617557113,260.32583757407855,250.99284398740045,251.9672,209.9839
2017-08-28,13,275.971,303.3649787258863,295.5540951791211,299.10325581168934,301.96506982118626,270.9049636153586,323.9412,197.9898
2017-08-28,14,264.0066,318.5860240633596,308.15893947416873,319.83279418357614,323.29054706232324,278.6352395238835,330.0,198.0
2017-08-28,15,270.0072,287.45345661027983,296.2949688695147,291.7605869623543,291.7929543534769,278.83000360785206,299.9770000000001,203.9735
2017-08-28,16,264.0,308.25276142022585,306.7355837664036,306.0762739897999,309.1773808817518,286.0535674913358,318.0,204.0
2017-08-28,17,287.9775,319.9110467847808,314.23632384488377,320.205851091602,325.9359915903066,291.92416950998637,336.0,210.0108
2017-08-28,18,281.9779,334.18265706327287,332.3705022889098,334.7305944357606,346.1767440778745,298.1158185477719,359.9904,204.0054
2017-08-28,19,269.9649,289.2185252147505,307.254563096866,293.04813995032663,293.9381595136567,285.4279622451165,300.0075,215.9831
2017-08-28,20,269.9788,312.8048751524601,320.4074067353178,314.6484355066175,313.13237116945294,285.6542901696432,317.9915,227.9821
2017-08-28,21,294.0,280.431292722292,293.21784533661753,284.3159916246204,287.2989884675543,275.5770817085092,305.9842,209.9888
2017-08-28,22,275.971,276.59711826465394,292.73872718767586,278.2842105432223,286.0885182577957,265.2063256983965,287.94,215.9777
2017-08-28,23,257.9802,272.6896408918752,281.927813857061,264.610085831321,273.91451592569,256.81116470164113,287.9775,215.9946
2017-08-29,0,270.0067,257.96716582948375,260.8182916799961,260.45193380541207,247.2153708697812,271.3988067104088,269.9717,221.9885
2017-08-29,1,258.0202,255.91075242714172,253.24068023077535,261.30365465013455,249.38934592899497,263.29055021336706,263.945,239.9812
2017-08-29,2,252.0067,246.50599159964753,242.968352453698,246.18094135902996,237.71555378965553,250.21557312269803,245.9488,221.983
2017-08-29,3,239.9564,247.30059990409126,243.66866464528889,247.33141264138754,239.72478817662153,245.18810775212188,252.0265,228.0
2017-08-29,4,258.0069,245.91405806630496,238.25489095688178,246.12851767211927,237.77916781025232,238.8797791420453,245.968,228.0061
2017-08-29,5,239.9936,241.36001597976988,234.81034779390242,241.798214608874,232.9818837849419,233.92470030654084,239.9628,221.9826
2017-08-29,6,239.9752,241.16116580898253,233.6659204827761,240.79424246071952,232.33513617829396,232.77085560717677,239.9812,222.0059
2017-08-29,7,209.9836,240.9366410713165,232.62531527136792,239.19464846003163,228.24322903707454,232.00983745020488,233.9754,215.9608
2017-08-29,8,209.9618,241.4622294533054,229.8041881317692,240.32980380140714,229.29593901121785,235.65792296804653,257.966,203.9891
2017-08-29,9,210.0112,240.9500879239216,235.11392597677795,239.58474280519587,230.18884940344375,237.51191770013844,245.9811,197.9795
2017-08-29,10,209.9892,243.03480983594676,238.9805097688291,241.84561424557833,231.65714116666382,250.45415632557712,270.0067,221.9885
2017-08-29,11,251.9672,254.20527140369052,253.77004597916985,249.8989815724433,240.44359524714187,261.42085366803485,275.9494,251.9803
2017-08-29,12,257.9596,268.0215566841905,275.34096397306024,272.1448112973765,265.1739424552428,271.1455811812576,288.0154,251.9807
2017-08-29,13,275.9499,303.4671177175083,303.94694023854976,302.66468037352234,290.3253011077701,285.23496438356085,311.9511,275.971
2017-08-29,14,269.9788,292.02491733287326,302.13060137241604,295.38051610598546,284.1193246916326,287.2415145208597,293.9848,264.0066
2017-08-29,15,288.0072,294.8104715785753,307.7621135922981,297.45611044057273,287.0781497041852,295.46585887082097,305.9439,270.0072
2017-08-29,16,270.0,308.43494068656094,314.62224672927607,308.3525170036636,297.2937568761875,300.97733999269354,317.9915,264.0
2017-08-29,17,306.0077,321.7005735406182,319.73973332697204,319.72488927851975,313.0035549195612,310.8219543441885,347.9728,287.9775
2017-08-29,18,293.9770000000001,325.58038058008805,324.7025864446172,321.4696056868532,314.3806597125883,312.80808313953395,347.9368,281.9779
2017-08-29,19,269.9788,318.531871762291,320.7602974108171,318.2055086476028,308.2578651202748,305.90453109215616,329.9401,269.9649
2017-08-29,20,281.9563,319.30698882882336,318.69790898236465,318.74388877218627,309.3380147216188,303.8762949759865,342.0,269.9788
2017-08-29,21,281.9633,309.65219460628134,307.9281139436783,312.9017954639786,304.19668579721167,296.58925654869677,323.9746,294.0
2017-08-29,22,269.9577,284.63907624345535,295.137785170949,288.4090756874454,285.3616411785661,281.6863288208053,293.9843,275.971
2017-08-29,23,258.0,277.7224884427576,284.389120669894,279.4744723739066,275.43879339406044,273.8923420260879,305.9602,257.9802
2017-08-30,0,246.0066,266.71983018362914,268.2348727451473,267.26092386302093,251.21394446008085,269.96368419149303,275.9784,270.0067
2017-08-30,1,233.9879,254.4524645188096,250.33783444827895,260.9571481968983,247.3078201430064,258.04392389500094,263.9723,258.0202
2017-08-30,2,227.9761,249.5373742919347,243.71912525483378,249.7894025755318,239.32856632253188,248.5226851977286,257.9867,252.0067
2017-08-30,3,233.9817,248.29104374296446,240.37909056027007,248.2232154831821,238.72765404655587,240.74779515113644,257.9596,239.9564
2017-08-30,4,215.9604,245.94951408328237,238.06832071677763,245.70724408410757,235.72932370604335,235.08813134103386,245.9939,258.0069
2017-08-30,5,228.0061,242.64780910078986,234.54706452587322,242.03531210594036,232.99975573664278,231.35327656779697,251.9542,239.9936
2017-08-30,6,221.9712,243.4039467518983,234.09144532179914,241.9502500567297,233.40571810413815,233.65762343512245,269.9717,239.9752
2017-08-30,7,239.9564,241.01457194281934,229.52704635287554,239.66395767961467,227.21441322522932,231.78235062276377,269.9721,209.9836
2017-08-30,8,257.9729,240.82355241126618,231.2948629978103,239.88020292204638,227.21441322522932,228.72942622139897,257.9531,209.9618
2017-08-30,9,245.9869,240.31141088188235,231.7500725724707,239.13514192583511,228.10732361745522,229.91855572770314,239.9812,210.0112
2017-08-30,10,245.9807,241.5577414308526,235.09010726703443,239.92833400228034,228.52290540653198,235.90172849589584,240.0,209.9892
2017-08-30,11,245.9807,249.21249134848117,244.7525428157419,246.48643580036708,234.2002186250338,247.87269205309667,246.0131,251.9672
2017-08-30,12,251.9672,266.94386416407104,270.34498700153165,269.3332922594499,259.3617278288167,264.8841907701089,293.9770000000001,257.9596
2017-08-30,13,269.9721,305.2391841647171,300.26999111541903,305.37743626545216,292.1336908084034,280.58118378222525,330.0,275.9499
2017-08-30,14,269.9717,295.4661527441008,300.24405644551877,294.4051381629801,281.2659350777591,281.85490635813295,305.9602,269.9788
2017-08-30,15,264.0136,293.97333881064236,303.3992432336901,299.17714514533617,283.5005195734201,288.81547053728633,306.0158,288.0072
2017-08-30,16,275.9641,310.97619873626843,307.8375418222172,311.38036625826436,303.9637225589079,296.5411139805568,335.9737,270.0
2017-08-30,17,293.954,296.0624995767197,303.28266673887174,301.339432473904,282.15912946366905,294.836224112596,299.9765,306.0077
2017-08-30,18,282.0075,306.9154752175153,314.5920615420682,310.7582327069904,298.2266667017279,299.4101769107122,311.935,293.9770000000001
2017-08-30,19,288.0077,295.104920905538,309.7581766373499,298.1926358057822,282.141832282621,292.55416672379334,299.961,269.9788
2017-08-30,20,287.9923,310.9251274160939,312.4233109374329,314.6478444012749,305.3702175452458,297.4340809634416,341.9823,281.9563
2017-08-30,21,251.9542,285.6607595990646,295.60294221515124,290.5815195473851,279.6644279537298,282.2468063206187,293.9696,281.9633
2017-08-30,22,245.9807,275.5418149639828,283.1252084432132,278.29465377776876,273.22772812949205,268.0197966574423,263.9657,269.9577
2017-08-30,23,222.0059,267.72238083498087,270.77699490794896,268.37543397359553,263.3088220148909,258.63551244978703,263.9793,258.0
2017-08-31,0,233.9817,257.45696503774894,253.21402490337667,251.73155230168135,242.6609766675529,263.43825516099895,263.9586,246.0066
2017-08-31,1,234.0121,247.6547730799384,242.62779597691554,248.41259426841245,241.64216698258517,247.82557036928074,233.9754,233.9879
2017-08-31,2,215.9719,239.82278335265096,233.09229760273624,237.14245380372395,234.6311514650571,240.3637106401479,239.9752,227.9761
2017-08-31,3,227.9582,234.95082629080213,230.23067022187766,235.57626671137425,234.03023918908107,231.7936430811392,227.9939,233.9817
2017-08-31,4,221.9941,233.4543204405795,227.5361617691596,232.19176202108417,230.2382101135473,230.6259071175149,257.9867,215.9604
2017-08-31,5,216.0054,230.1434557848397,227.24315462759446,232.91483046038456,232.27200286956258,222.73715231170667,228.0122,228.0061
2017-08-31,6,209.9671,227.75892051512918,223.48093546197396,229.12173692771574,228.7452433319203,218.695315823148,215.9773,221.9712
2017-08-31,7,233.9817,230.2532922293498,225.09009331850845,230.34286150590702,227.58413655578832,221.35314206501897,215.9942,239.9564
2017-08-31,8,239.9936,232.30133044194687,224.91181915201406,231.26982098262653,223.18313319666365,223.41385895931614,221.9767,257.9729
2017-08-31,9,227.9882,232.30133044194687,226.40286191849793,231.44367008535906,229.52975692215753,227.06376376483783,221.9597,245.9869
2017-08-31,10,215.9831,237.1732875037957,229.4610138900622,232.23686216180428,229.94533871123429,233.25098901093884,221.9885,245.9807
2017-08-31,11,246.0,243.98754594474562,240.0177501659111,238.64389453023173,237.344863999381,242.66269094521135,233.9696,245.9807
2017-08-31,12,263.9793,257.66713037973335,259.30552706299324,257.90238777157623,259.74233144299905,255.33809807470595,257.96,251.9672
2017-08-31,13,317.9751,286.4041073166432,282.108202083036,279.8186059549961,269.9808831391945,267.8442292271895,275.9858,269.9721
2017-08-31,14,275.9927,303.71986127629776,298.381973225548,305.00722685323626,300.1511313554742,281.4031935666146,312.0166,269.9717
2017-08-31,15,275.9789,301.0730153142438,298.9033238343433,304.14246172984605,297.9365822728826,286.303905156518,312.0083,264.0136
2017-08-31,16,311.9756,288.1673212696334,290.4155902829976,293.3722441879894,283.27845894181246,283.2197981996566,269.9788,275.9641
2017-08-31,17,300.0155,293.0828546640037,300.9134060775416,301.2989316733648,285.2576604886624,286.81481672142763,270.0072,293.954
2017-08-31,18,293.9843,298.830885524689,306.6363971535796,300.7036584704551,288.4588540707711,294.98858378106735,299.9535,282.0075
2017-08-31,19,311.9756,293.11350104189853,304.35274417495015,302.17060869599476,289.2119569192822,292.05729850112795,293.9696,288.0077
2017-08-31,20,335.9826,291.29572013842,302.4609431328085,302.17060869599476,288.52169788805656,287.68024983165265,293.9848,287.9923
2017-08-31,21,288.0154,282.8581231305636,279.94685752822744,284.2839947838875,280.146000972201,275.85004707495136,281.9854,251.9542
2017-08-31,22,251.9937,275.2492118831126,272.6473834549682,277.808491705528,276.15968589616256,264.2896010892704,264.0136,245.9807
2017-08-31,23,245.9615,267.2303299481854,262.41424786671246,260.0554205652972,260.7844184488935,248.94754616803993,239.99400000000003,222.0059
2017-09-01,0,227.9943,261.51690756119126,256.73276613734964,257.90315261091166,247.81547059334963,272.745601191051,263.9586,233.9817
2017-09-01,1,251.9933,251.1218327793783,245.60034004535925,255.71881588483996,247.88105256430475,265.0083112189584,269.9928,234.0121
2017-09-01,2,234.0,242.928191238532,236.54292235985866,242.2801085329362,237.20718040969138,249.39402794029286,239.9748,215.9719
2017-09-01,3,234.0183,243.49407780530944,233.75015447895706,243.38026405589235,239.21641479665738,242.41460309638177,233.9817,227.9582
2017-09-01,4,227.9643,240.269838896912,230.64982639165726,239.11686014045577,234.66064776734615,238.83991887780195,245.9488,221.9941
2017-09-01,5,233.9696,235.16270155244607,226.36960568295987,237.60690343975128,231.5675590378682,234.94675089994894,245.9873,216.0054
2017-09-01,6,209.9615,234.38610456245857,223.29504161180432,236.6029312915968,230.92081143122024,232.04376245788677,240.0064,209.9671
2017-09-01,7,228.0118,235.4926907019829,225.21440191141724,235.32359061486335,224.8198842037751,229.54413603406056,210.0108,233.9817
2017-09-01,8,234.0121,238.18954909967582,227.25796493294828,235.7555470655486,224.85156588555466,228.68046720815406,209.9783,239.9936
2017-09-01,9,221.9941,237.54072891457997,228.56968044050478,235.7136849600276,226.76550457014432,230.12696385825922,197.9898,227.9882
2017-09-01,10,233.9938,237.64684763833307,231.7181982914132,236.00250969862967,225.11337030331123,237.59402597316188,209.9836,215.9831
2017-09-01,11,269.986,243.12056168081872,239.40142222383363,243.29403027733525,234.95285327160448,251.1050264061743,227.9825,246.0
2017-09-01,12,282.0146,260.5825812730574,260.79055949938095,259.89107840614656,255.3204018780295,266.1967421829874,257.9729,263.9793
2017-09-01,13,270.0,278.5203259515361,281.9086562777628,276.5911046428873,284.9637924908138,283.37159757031304,282.0146,317.9751
2017-09-01,14,275.9784,287.3201223265819,287.8338995743075,287.741870355893,277.7830680992785,281.64040850299665,257.9867,275.9927
2017-09-01,15,293.9770000000001,291.7714155922944,295.7249762672241,289.86848166685013,279.0067900482535,290.6614671341891,276.0,275.9789
2017-09-01,16,281.9563,284.11972219674067,295.51352003395476,287.5992525774601,284.534765044282,303.69202095262114,305.9602,311.9756
2017-09-01,17,257.9931,292.39868482195055,294.30597540831184,291.6073187724367,281.22238733397035,299.9463211688404,282.0,300.0155
2017-09-01,18,264.0136,296.3048787151756,301.3596058102732,295.69443271831574,283.9251981874846,304.8151642289833,287.9923,293.9843
2017-09-01,19,251.987,304.44675436774486,304.5400898346525,303.9046779759867,296.4858027945892,308.7201438405734,311.9672,311.9756
2017-09-01,20,258.0271,289.414342780511,286.77390209928245,292.01288127280935,291.0713302938521,303.09886406843833,294.0,335.9826
2017-09-01,21,257.9665,286.15933860779387,291.95743649141804,289.6936597552087,276.17186243808646,288.91393151215055,276.0,288.0154
2017-09-01,22,239.9748,277.89903151962426,273.89892205801704,274.61310733609605,269.5577388673295,276.7105145832434,269.9933,251.9937
2017-09-01,23,269.9721,272.3624162817916,269.729020837622,266.414783514442,260.8374411506677,262.91588848876336,245.9746,245.9615
2017-09-02,0,257.9798,250.36598494036204,246.9927492358355,251.70973018133026,242.44586785795556,251.0193170420987,245.9488,227.9943
2017-09-02,1,251.9735,252.77548133524238,246.93837521580735,251.6860546960546,242.5622382630038,240.28142584542826,222.0118,251.9933
2017-09-02,2,233.9879,250.1057309779213,245.82304691686713,248.97443922143054,240.92459246110292,229.7099321574328,215.9608,234.0
2017-09-02,3,227.9943,249.99315863838723,245.82304691686713,247.9159735872018,240.40536528679115,222.0062661594805,210.0108,234.0183
2017-09-02,4,221.9826,247.3602862516307,241.9553716029168,245.91752189697164,238.45974492042194,212.98309720621023,191.9802,227.9643
2017-09-02,5,210.0,245.07862467568498,240.95174362296135,244.26091911910046,238.64712896727266,210.3974257683888,191.9952,233.9696
2017-09-02,6,203.984,242.69408940597447,234.67735166142012,240.46782558643164,235.10126267731684,210.460718950194,209.9892,209.9615
2017-09-02,7,215.9831,242.04344579964342,236.72636652443018,242.22845657818016,233.9084742194053,213.07321568968342,209.9727,228.0118
2017-09-02,8,203.9626,242.04344579964342,236.63628193015376,242.22845657818016,233.9084742194053,215.3633927798734,204.0211,234.0121
2017-09-02,9,216.0054,242.12468436140261,236.96684192712476,239.61318429639834,232.95497590246663,217.65066384628483,197.9951,221.9941
2017-09-02,10,216.0,244.05351877268018,238.3875395345916,242.68777629923696,236.3500895760828,224.67988367866255,197.9739,233.9938
2017-09-02,11,227.9586,250.57773922728316,245.0812026353101,247.56338071120058,242.31540487287845,232.56081845440252,185.9854,269.986
2017-09-02,12,234.0,249.92317087259457,248.2986102592822,252.58166930763701,245.94565309442962,244.3172209541887,204.0,282.0146
2017-09-02,13,240.0,249.8300698402632,245.3784399871443,249.26362052098693,244.73976550766636,249.07115379541148,198.0,270.0
2017-09-02,14,215.9716,248.78562760778155,245.4063035797345,250.4077582529523,243.70170968895852,258.2775845523278,210.0164,275.9784
2017-09-02,15,233.9817,249.19655529913018,248.9002383917487,253.8104465875394,246.87322191597886,262.85278643473924,198.0,293.9770000000001
2017-09-02,16,246.0,249.74401821182417,246.59317639379412,252.32921297178044,243.70170968895852,266.50111360654444,204.0051,281.9563
2017-09-02,17,233.9637,246.25876569562186,243.5421986386657,246.62714389398548,240.0312878925843,269.46667438216906,221.9885,257.9931
2017-09-02,18,245.9742,248.49791664436202,245.84127661226458,249.73795189948558,243.70936314419956,269.779644966741,221.9885,264.0136
2017-09-02,19,257.9531,250.0710184864047,247.6007485628956,249.33222165975096,244.99159744537727,267.49060982384225,227.9586,251.987
2017-09-02,20,245.9873,249.95103443651024,247.39120520978855,249.33222165975096,245.13119815140448,266.1103070631887,239.9812,258.0271
2017-09-02,21,251.987,249.40235715305286,247.33511499987821,248.1741238258804,245.35396965013976,261.3045427817341,245.9746,257.9665
2017-09-02,22,239.9564,248.31916679903722,247.83706620563575,248.1741238258804,246.6200837559933,253.47724316956007,251.974,239.9748
2017-09-02,23,239.9624,252.01045499357303,252.63566691708195,251.17786852335283,251.21219284905163,248.11296814005522,252.0,269.9721
2017-09-03,0,245.968,248.6974064444457,240.66881492223888,242.82817567632267,237.3447763477655,235.5371239518444,245.9676,257.9798
2017-09-03,1,227.9764,247.99610808406433,241.39473642554884,241.39237182951203,237.41035831872063,225.55898571123006,239.9816,251.9735
2017-09-03,2,227.9764,242.6109104897192,236.87810504267816,238.1521512293786,235.77271251681975,217.42580490213635,246.0,233.9879
2017-09-03,3,227.9821,242.7759865116224,234.06684545423093,237.09368559514985,235.27671752651145,209.2559307012384,239.9812,227.9943
2017-09-03,4,203.9949,238.106243397618,230.14187417530036,232.60288688901147,230.7813375809794,200.32655293170103,221.9771,221.9826
2017-09-03,5,215.9888,235.7030636609654,224.86712343864082,231.5950551422729,229.7695656647203,197.2518228678797,227.9704,210.0
2017-09-03,6,215.9888,234.9264666709779,223.8669685254876,230.59108299411844,229.1419248103859,193.28193615139372,215.9719,203.984
2017-09-03,7,209.9888,234.70194193331187,223.56770188666678,228.80737497954183,225.026785485163,194.16869171809248,209.9944,215.9831
2017-09-03,8,215.9888,235.14478822582385,222.88389266413705,228.80737497954183,225.026785485163,193.5594308978708,197.9947,203.9626
2017-09-03,9,216.0058,237.36303766770976,227.7263679944373,228.98122408227437,226.64215349970073,199.16413908150307,197.96400000000003,216.0054
2017-09-03,10,221.9712,238.40112437293047,230.05858043468845,229.26669470059863,227.13814849000903,207.26113759061317,209.9836,216.0
2017-09-03,11,215.9777,242.3644889848714,234.2732173595548,233.95222477801866,235.2864260719966,216.19982939777964,215.9719,227.9586
2017-09-03,12,215.9885,242.5264676135456,236.10983380740427,236.43515180373146,237.55393791778545,222.66514042829198,209.9839,234.0
2017-09-03,13,216.0,245.65542304234674,237.9679036385513,237.5931980748495,237.71923620456064,227.82285515875907,197.9898,240.0
2017-09-03,14,198.0049,241.9810032442568,236.77994881303977,238.51405623314648,230.52247762929912,231.79120813062445,198.0,215.9716
2017-09-03,15,210.0164,243.24807539716272,237.522043886539,241.46331679277174,235.30999451231435,239.69862526170016,203.9735,233.9817
2017-09-03,16,221.9767,244.6109808098651,237.55356866800616,241.76470358564632,235.3416761940939,244.37165489661896,204.0,246.0
2017-09-03,17,197.9845,243.24807539716272,239.13135792427744,241.83058486324273,235.17039380628714,246.11141695110203,210.0108,233.9637
2017-09-03,18,221.9597,244.81607461021724,242.5134787251213,243.95448576586242,238.88015073968197,245.818790008858,204.0054,245.9742
2017-09-03,19,215.9665,246.38917645225993,244.24102685562372,245.39845391983795,240.20472397717668,246.94729134625507,215.9831,257.9531
2017-09-03,20,227.9939,246.38917645225993,244.12395240589905,245.39845391983795,240.32521793089035,243.92803709993325,227.9821,245.9873
2017-09-03,21,240.0124,245.84049916880255,244.07523029265357,244.2403560859674,240.54386399793572,235.18624503754285,209.9888,251.987
2017-09-03,22,221.9885,245.5250226860181,243.95849945684444,244.2403560859674,241.83321028779272,228.02613562429764,215.9777,239.9564
2017-09-03,23,227.9939,246.56946491849973,244.60486121561397,240.2626636990262,244.21077029825946,219.97762530900286,215.9946,239.9624
2017-09-04,0,234.0,259.2950389827175,258.35378280167754,253.5337272662665,248.803986312567,248.94579805042684,221.9885,245.968
2017-09-04,1,210.022,250.7711510853709,248.7739940343098,251.13367933194127,248.818779849429,242.0842878323967,239.9812,227.9764
2017-09-04,2,215.9719,243.83679111023537,236.16872409931733,239.96593371057477,241.18883807580588,230.71877451004232,221.983,227.9764
2017-09-04,3,215.9777,241.61854166834945,233.70528875510348,238.844827895385,240.5688190475163,225.1358724154847,228.0,227.9821
2017-09-04,4,215.9942,236.51334037626805,224.4542436651383,234.75563337671355,235.72407999783923,217.75387762332207,228.0061,203.9949
2017-09-04,5,209.9888,234.55300693212743,225.45974658210565,233.43563219615802,235.9305707970035,214.49355798317364,221.9826,215.9888
2017-09-04,6,216.0,234.35415676134008,224.8976881734112,232.43166004800355,235.28382319035555,213.3416951748253,222.0059,215.9888
2017-09-04,7,209.9727,234.12963202367405,221.80458115412,230.83206604731566,231.19191604913613,212.57415750779148,215.9608,209.9888
2017-09-04,8,209.9888,233.70023258376716,224.33820988699975,231.75902552403517,231.16868386513266,209.82359462128477,203.9891,215.9888
2017-09-04,9,203.9629,236.35394020373008,229.27403952067937,231.9328746267677,233.11430423150188,213.3705304427998,197.9795,216.0058
2017-09-04,10,203.9735,238.572189645616,231.9339994555989,232.72606670321292,233.5531182045821,224.5987200132376,221.9885,221.9712
2017-09-04,11,210.0056,244.46232272176758,244.52524323260235,239.63765749290295,241.92763047762696,236.77037821102147,251.9803,215.9777
2017-09-04,12,203.9786,259.50651417776743,263.0909176164004,259.050710192218,265.7556908829468,244.1633240298641,251.9807,215.9885
2017-09-04,13,204.0054,284.30322377281084,290.5066990884155,279.8141816511312,279.2334068298186,255.99106547136856,275.971,216.0
2017-09-04,14,215.9946,286.4017905391589,288.7930884106086,290.6838215845548,287.806921940805,258.5577046014306,264.0066,198.0049
2017-09-04,15,215.9777,286.4017905391589,288.85540162794064,290.6838215845548,287.806921940805,266.18593287538226,270.0072,210.0164
2017-09-04,16,203.9895,287.7268132605801,294.3866696375576,290.73034493207206,287.806921940805,269.91246432144436,264.0,221.9767
2017-09-04,17,215.9885,291.69357259371895,303.098012804865,295.1922416422172,293.54334077250735,274.1027804951306,287.9775,197.9845
2017-09-04,18,209.9892,289.9901951699271,301.56929454536925,291.05271318790403,292.02829828972074,278.9482335296632,281.9779,221.9597
2017-09-04,19,215.9665,287.465744687766,294.07844449788104,291.9713745725271,288.74496772375,273.75687767060543,269.9649,215.9665
2017-09-04,20,233.9754,290.5751113829466,295.1751291014033,295.16563581469285,290.89827167750536,270.55966359417226,269.9788,227.9939
2017-09-04,21,228.0,285.224757735235,295.4984965461428,290.4542290941544,289.6903657230987,270.20646360553883,294.0,240.0124
2017-09-04,22,227.9582,276.2411575680965,286.74201986022996,278.49011762072405,281.69662918778613,257.6119175007958,275.971,221.9885
2017-09-04,23,222.0059,269.8181361739102,273.0992233154622,264.4847036167172,274.7300690758759,246.35713706198197,257.9802,227.9939
2017-09-05,0,227.9943,258.2347397355141,259.89026610166064,253.96267294446247,246.49049586039433,261.842551403945,270.0067,234.0
2017-09-05,1,227.9582,247.2126851015355,243.78088511704004,248.51223599495924,241.76856094833423,248.49089054036097,258.0202,210.022
2017-09-05,2,215.9831,239.79474128792248,232.5115983540527,235.00889444761478,233.06680244825424,239.79522866449815,252.0067,215.9719
2017-09-05,3,209.9892,234.92278422607365,228.21488270925028,233.887788632425,232.46589017227822,230.60085131129605,239.9564,215.9777
2017-09-05,4,227.9643,234.93407650269518,226.9347039950911,233.6940095141162,231.57297978005232,228.80177649456408,258.0069,215.9942
2017-09-05,5,227.9878,230.01527356723236,221.25968718894276,231.45509823461686,230.70765385275973,221.48581930487285,239.9936,209.9888
2017-09-05,6,239.9748,229.816423396445,221.42076776124605,230.45112608646238,230.06090624611178,220.86390177414341,239.9752,216.0
2017-09-05,7,245.9873,229.33995141824022,216.1847949952423,228.8515320857745,225.96487367320245,215.53818630238925,209.9836,209.9727
2017-09-05,8,221.9885,231.3879896308373,219.3568895693779,229.778491562494,225.96487367320245,215.369310988489,209.9618,209.9888
2017-09-05,9,215.9942,231.3879896308373,220.84793233586183,229.95234066522653,227.91049403957166,219.62796648484652,210.0112,203.9629
2017-09-05,10,221.9712,236.25994669268613,225.34117257136992,230.74553274167175,228.3260758286484,225.8557884010964,209.9892,203.9735
2017-09-05,11,233.9817,240.7155159223161,235.83169947797327,237.65712353136178,235.81304542191035,241.62826447100758,251.9672,210.0056
2017-09-05,12,281.993,259.2264520890412,259.66393859577437,259.40577215665485,260.6938158013735,249.79539657018404,257.9596,203.9786
2017-09-05,13,293.954,285.14227174074466,282.26571414488046,279.25033351662427,273.118821774102,260.6705354309103,275.9499,204.0054
2017-09-05,14,263.9864,287.10156534845504,289.55597130411843,291.8150344790243,285.0768933849611,267.3748013181743,269.9788,215.9946
2017-09-05,15,275.9927,291.62734468519574,300.0108840546354,295.9503976286608,289.2328209739106,276.3316774662898,288.0072,215.9777
2017-09-05,16,293.9461,288.42658806987623,286.5564019472042,291.86155782654157,285.0768933849611,275.6367991510316,270.0,203.9895
2017-09-05,17,299.9765,297.0709677039221,305.89916128184603,298.1681839595607,289.8374961978444,285.57688637611545,306.0077,215.9885
2017-09-05,18,293.9770000000001,298.28966784080603,303.5260425552936,297.3871062365248,290.35359459199043,285.70285243042446,293.9770000000001,209.9892
2017-09-05,19,311.9756,294.3845389980893,295.85812860917736,293.1025874669966,285.9593834695793,279.3151393804334,269.9788,215.9665
2017-09-05,20,317.9587,297.16612796646587,301.2913648539921,296.6302303346129,293.10168835387793,278.892493949797,281.9563,233.9754
2017-09-05,21,282.0146,289.3711571013788,290.2976277960259,291.78573914708136,285.2153702363495,272.1396169962755,281.9633,228.0
2017-09-05,22,263.9859,280.9554801994292,281.5983380021885,283.7841926172394,281.54444644969743,262.22779278798566,269.9577,227.9582
2017-09-05,23,263.9864,274.5562296626282,272.5837585594151,265.18990654529205,266.9381793689647,250.82577769720388,258.0,222.0059
2017-09-06,0,270.014,263.28482295006853,261.04738695248153,265.3224448028815,248.79485734689268,278.6021125846476,246.0066,227.9943
2017-09-06,1,270.014,252.39841417510917,250.28294561423306,261.71352337143367,248.8604393178478,267.24001022818123,233.9879,227.9582
2017-09-06,2,239.9812,247.2508135487784,243.46295082433883,246.02181882269815,238.60124412896909,256.63307918966245,227.9761,215.9831
2017-09-06,3,257.9665,245.40331515993637,233.59746577476747,244.45563173034844,238.00033185299307,250.1318032058157,233.9817,209.9892
2017-09-06,4,252.013,244.21176541555425,235.18594338925962,245.51062461852538,238.68396490187942,242.962709203472,215.9604,227.9643
2017-09-06,5,233.9758,240.5643607289564,233.15572996483908,241.83869264035818,235.02933881305574,241.86647299921782,228.0061,227.9878
2017-09-06,6,245.9869,241.65570878860487,232.19062991264013,241.05043170045724,234.4333796405009,240.62097552942583,221.9712,239.9748
2017-09-06,7,227.9704,239.99226538850507,230.989088107481,239.45083769976935,230.32236574696793,245.6347667242089,239.9564,245.9873
2017-09-06,8,215.9662,238.83156884422405,230.26171502055945,239.88020292204638,229.27567798342184,245.1390298502248,257.9729,221.9885
2017-09-06,9,203.9575,240.35401867483222,231.61541684260527,239.13514192583511,230.16858837564774,247.25070407332663,245.9869,215.9942
2017-09-06,10,221.9767,241.9310960930308,237.52532647347795,239.92833400228034,230.5841701647245,254.23954671854392,245.9807,221.9712
2017-09-06,11,252.0134,246.75598995042054,245.06243088300923,246.2898163347849,236.22980170144677,262.77315974656517,245.9807,233.9817
2017-09-06,12,275.9425,265.4260253793361,272.2250799049481,272.0909065784897,259.76840829826705,276.25263231961594,251.9672,281.993
2017-09-06,13,275.9784,287.23786033333016,299.29781756237463,294.66705653599274,272.8659830416039,288.49756020052155,269.9721,293.954
2017-09-06,14,269.9438,287.1685244006886,288.59264334467093,292.6050925218642,276.1756779449586,292.64285669376346,269.9717,263.9864
2017-09-06,15,294.0,292.398446750935,296.53104254082695,295.87763833429983,279.72973121930903,298.33665662842753,264.0136,275.9927
2017-09-06,16,287.9775,301.10543189859845,305.8638881027381,303.4134899545094,281.84853347218615,306.3318765574034,275.9641,293.9461
2017-09-06,17,287.9851,301.04064481098897,303.27262157530555,304.02089338321827,284.27993101044126,312.36146107080475,293.954,299.9765
2017-09-06,18,294.023,303.5476072917178,305.5993682600574,302.2525626211228,284.7609807510747,314.15885803290803,282.0075,293.9770000000001
2017-09-06,19,299.992,296.0926970706127,304.00407508209906,300.06301798985805,286.5899908962443,314.6041215422251,288.0077,311.9756
2017-09-06,20,275.9858,295.75675455616295,293.99387141498505,298.06760724498827,296.0555856720937,310.6640817501461,287.9923,317.9587
2017-09-06,21,245.9873,288.61601164069475,290.94978565638075,294.5273379744116,274.94701333109657,294.05400398610215,251.9542,282.0146
2017-09-06,22,245.9742,280.65308529625,277.37369073342796,284.8568123803305,270.4516920132167,283.41146742838345,245.9807,263.9859
2017-09-06,23,227.9821,276.0714578803132,276.1894329888561,277.3838987790216,262.8032110230117,270.03700010470686,222.0059,263.9864
2017-09-07,0,227.9525,262.1366989690606,253.37512113534004,254.36173198916734,245.76126248403997,256.7754998120535,233.9817,270.014
2017-09-07,1,263.9657,253.76417719605146,244.2038526886331,252.17739526309572,245.8268444549951,248.2395964196777,234.0121,270.014
2017-09-07,2,251.9937,244.11118791450284,233.42951074212993,239.5123832972643,236.620386607189,234.12143031431475,215.9719,239.9812
2017-09-07,3,239.9812,241.77634201377606,232.32240983785317,237.9461962049146,236.00036757889944,231.42619984098133,227.9582,257.9665
2017-09-07,4,233.9817,238.17893884853882,230.75987218006742,236.34913490478388,234.07385396484378,224.63877193179997,221.9941,252.013
2017-09-07,5,233.9879,234.77498005801348,227.79827759231728,232.46149171836313,231.96494244764568,218.59941399397272,216.0054,233.9758
2017-09-07,6,239.9872,234.91089603539635,226.83317754011833,231.6732307784622,231.32664433877383,217.42368646170655,209.9671,245.9869
2017-09-07,7,245.968,233.77385833035996,225.45230847603182,229.67381155563206,227.20718094746476,221.27051273556611,233.9817,227.9704
2017-09-07,8,233.9879,232.0921217864105,225.70649730746928,229.9423999472735,223.25106669184757,220.53038337752344,239.9936,215.9662
2017-09-07,9,245.9873,234.74582940637342,224.59178173728125,230.11624905000602,225.19668705821678,221.75671015492927,227.9882,203.9575
2017-09-07,10,246.0062,237.0806753071002,227.9576158934587,230.90944112645124,227.51977379931444,227.16451698242787,215.9831,221.9767
2017-09-07,11,234.0,244.73542522472871,237.72232853319642,237.65492684144246,236.72328393353655,242.6477391466632,246.0,252.0134
2017-09-07,12,287.9477,262.332533890192,259.5068210910394,259.28009713935324,260.6448858143119,255.64652446047452,263.9793,275.9425
2017-09-07,13,275.9858,296.04333312705796,296.1909895651374,289.3041182449348,289.6760655715188,273.1412715876662,317.9751,275.9784
2017-09-07,14,269.9788,291.16485692374386,292.91444880677903,291.0274119476626,279.4377165184267,271.0159333202403,275.9927,269.9438
2017-09-07,15,329.9654,289.6720429902855,294.6193099864888,295.79941893001865,281.67230101408774,278.5620795659476,275.9789,294.0
2017-09-07,16,324.0086,299.92005211445627,306.37288541307095,305.24471258802066,298.1201669659757,288.5923153750445,311.9756,287.9775
2017-09-07,17,299.9925,289.50883471313875,299.9774758386926,297.87414681079355,284.3685998699644,288.1278898515782,300.0155,287.9851
2017-09-07,18,311.9839,292.3381815387763,297.1475710299045,296.81809231280226,285.6956288494167,290.98930392975234,293.9843,294.023
2017-09-07,19,317.9751,305.5161627756345,307.5424609260297,308.5018315931578,296.5975329665447,292.6691602927018,311.9756,299.992
2017-09-07,20,293.9848,309.5536879857217,306.02182745335176,308.88431606269853,302.13974182316895,290.71367696261416,335.9826,275.9858
2017-09-07,21,264.0,281.45920066912817,285.4330457447035,279.8840904570058,276.42536516174044,272.6966658163966,288.0154,245.9873
2017-09-07,22,245.9869,271.3436588161931,271.8606235098046,269.74228128467877,270.2754595551183,258.4086165681673,251.9937,245.9742
2017-09-07,23,233.9758,265.42200833163594,264.1444081637869,256.5684125033622,262.89158142020676,247.2626792450348,245.9615,227.9821
2017-09-08,0,234.0058,261.2336547659868,257.1670188817281,253.20216320386967,250.66036481137655,256.0004389573021,227.9943,227.9525
2017-09-08,1,239.9812,253.02890994131747,248.49298245096782,252.10887430305374,250.75762846411124,255.44246989499305,251.9933,263.9657
2017-09-08,2,251.9672,246.0227666218228,240.19310493642172,241.38008304839738,243.74661294658324,243.04198727300155,234.0,251.9937
2017-09-08,3,198.0102,243.68792072109602,237.48535029261222,239.81389595604767,243.14570067060723,235.25906986720648,234.0183,239.9812
2017-09-08,4,221.9885,239.15252463362495,235.7434853758991,238.00112344766342,241.16839862245845,228.4605746184776,227.9643,233.9817
2017-09-08,5,216.0058,236.66107881046997,234.4522608135602,235.50542643342047,238.18521741993035,226.41354974533488,233.9696,233.9879
2017-09-08,6,222.0,236.79699478785284,233.48716076136125,234.71716549351953,233.4934153529264,221.2388181149169,209.9615,239.9872
2017-09-08,7,233.9875,235.76318389135727,232.54391388248305,233.31338944684848,233.47824435384254,226.19169158816106,228.0118,245.968
2017-09-08,8,209.9944,235.23055764290956,232.1863124570613,234.02463771531444,233.44656267206298,226.74835132509344,234.0121,233.9879
2017-09-08,9,222.0059,238.53308544796832,233.50965739770132,234.4141980263005,234.93930253095414,230.21213594873666,221.9941,245.9873
2017-09-08,10,222.0059,240.8679313486951,236.2174120415108,235.90742871369503,235.8394465092885,238.51142853151245,233.9938,246.0062
2017-09-08,11,269.9788,246.9276916139853,243.29922822254673,241.3389029087535,242.09827503749727,251.1811823365446,269.986,234.0
2017-09-08,12,269.9788,271.77686315179005,272.2379137981058,266.7676297623121,268.93897596232,265.8382327213844,282.0146,287.9477
2017-09-08,13,305.976,284.36272715642957,280.5828389895797,276.7833088926465,274.92491114222526,269.563148755423,270.0,275.9858
2017-09-08,14,275.9641,294.40974257036555,296.50443871006763,292.0777628825308,282.8455205615434,276.59978753870666,275.9784,269.9788
2017-09-08,15,305.9521,301.72418497345325,309.28112229268174,302.9563744361897,296.08698536823374,290.9460274438512,293.9770000000001,329.9654
2017-09-08,16,257.9798,302.5434645485726,310.7296814419756,303.2951300602884,296.08698536823374,291.7859121557397,281.9563,324.0086
2017-09-08,17,264.0277,295.4563143287008,300.0121435106367,296.7663339913589,284.57929695548506,286.76687120695095,257.9931,299.9925
2017-09-08,18,299.9685,299.0360016250039,299.9359433341895,299.67282780409965,287.9732837967882,291.186336727989,264.0136,311.9839
2017-09-08,19,281.9709,304.5330104127715,310.70099298935963,308.81106214637003,299.9774162883376,287.1278775386058,251.987,317.9751
2017-09-08,20,263.9657,295.2687755702554,297.9489457991585,297.4850121172886,285.2426846878716,281.7432547834517,258.0271,293.9848
2017-09-08,21,258.0,276.4702764466791,279.25308993216504,276.17724654331124,274.1449998508566,272.90284018244046,257.9665,264.0
2017-09-08,22,275.9927,272.8603068309218,275.19997047053783,269.7126616406922,270.32018351093814,260.39050218824696,239.9748,245.9869
2017-09-08,23,269.986,267.89364416826044,267.0745149111161,257.63255284340823,264.9351741186501,256.71371717270443,269.9721,233.9758
2017-09-09,0,251.9866,251.88861012867815,251.94431411553853,252.81450018893588,243.7755716560513,257.86187977862704,257.9798,234.0058
2017-09-09,1,227.9821,252.53512871291895,248.46199273781647,251.87191460471647,242.82012533464268,248.81227729931712,251.9735,239.9812
2017-09-09,2,222.0118,251.93340300842945,249.11336728958418,249.37601033834594,241.21416121452137,238.7185908359784,233.9879,251.9672
2017-09-09,3,221.9882,247.20651418736833,242.29037270427241,245.28148713332286,238.0763378794915,225.90531328534067,227.9943,198.0102
2017-09-09,4,258.0,245.64326196701626,239.41860118265666,242.87912364625822,236.14982426543583,221.96411201487146,221.9826,221.9885
2017-09-09,5,216.0,242.59209399037033,236.7151913104423,240.8597070139527,233.0335033519544,215.9392595918926,210.0,216.0058
2017-09-09,6,239.9876,241.81549700038283,235.22681535497625,239.8557348657982,232.38675574530646,214.21450080929168,203.984,222.0
2017-09-09,7,203.984,240.63823067533426,234.72775398726574,239.48561555811045,230.38579684400034,218.5643175576093,215.9831,233.9875
2017-09-09,8,216.0054,239.55691511432877,229.30047680063174,238.82724447303238,228.29484860408704,216.90245466410684,203.9626,209.9944
2017-09-09,9,215.9719,240.17647178940652,236.10316439425347,239.0010935757649,230.2637011544597,224.93103109691882,216.0054,222.0059
2017-09-09,10,221.9826,241.24609195581098,238.62362234993785,239.28656419408918,230.75969614476801,230.880619717861,216.0,222.0059
2017-09-09,11,251.9933,246.45357913949465,244.27795188990757,244.95023088736596,238.5186515039547,244.5147895950629,227.9586,269.9788
2017-09-09,12,228.0057,245.79765181645843,246.80275911096612,246.90455278756934,240.809395533747,252.9057823965097,234.0,269.9788
2017-09-09,13,210.0164,246.30886297577058,245.00604035302058,249.66400594329772,240.35847888684478,264.5082138440185,240.0,305.976
2017-09-09,14,209.9723,245.31247564631758,244.25880318133252,247.15172168439116,239.75356158282258,263.4946215837537,215.9716,275.9641
2017-09-09,15,216.0058,245.7234033376662,245.1996226495859,248.82893182927597,237.81041738685232,274.97998052560746,233.9817,305.9521
2017-09-09,16,216.0115,242.66562968426342,240.70037088915078,243.4469870457594,236.18040155615856,276.4411837520384,246.0,257.9798
2017-09-09,17,209.9836,242.7856137341579,243.22631124105914,244.49577860937708,236.04080085013135,276.49704952953795,233.9637,264.0277
2017-09-09,18,203.9949,248.91584524716444,251.12858965870868,253.40648414489763,244.0689689417936,281.9191082403768,245.9742,299.9685
2017-09-09,19,215.9719,251.9673770717629,255.59584676407377,253.11995388149447,245.62698040373158,280.213003550941,257.9531,281.9709
2017-09-09,20,228.0057,247.2871686338758,249.03857338002646,247.20085637514254,241.15981786126508,271.96944865235344,245.9873,263.9657
2017-09-09,21,233.9575,246.9468151424389,249.21093158095042,244.91808725731926,242.20885600194,266.57909689870866,251.987,258.0
2017-09-09,22,227.9761,248.93671010977687,253.15467792660618,249.06596968675706,247.02902338214403,258.63330310678083,239.9564,275.9927
2017-09-09,23,228.0061,249.52216974788124,254.25119437631463,248.5647186995182,248.2375806903776,249.841479707302,239.9624,269.986
2017-09-10,0,233.9696,248.6974064444457,240.0036342501737,242.0729580545119,236.26021376561772,238.57114463264833,245.968,251.9866
2017-09-10,1,251.9933,246.52848920921812,240.55022849455628,240.42144299944772,236.29411405479328,224.56456151170272,227.9764,227.9821
2017-09-10,2,239.9812,241.66255798138755,232.85015208021605,234.420428306149,231.7890312513641,216.36458036407726,227.9764,222.0118
2017-09-10,3,233.9817,241.26818838477823,232.41807290217656,233.36196267192025,231.2930362610558,209.87104738589335,227.9821,221.9882
2017-09-10,4,246.0066,240.97694693716454,230.63961264215172,235.03988577687306,232.6043431799156,203.7085362780156,203.9949,258.0
2017-09-10,5,197.9898,233.49220233351446,226.22597445661475,230.83983752046214,227.80070835537438,198.9509412031775,215.9888,216.0
2017-09-10,6,216.0,235.68644903595236,226.48288654249714,233.02808188198003,231.97315931352122,200.0828451849983,215.9888,239.9876
2017-09-10,7,227.9878,232.49108060586093,222.45593677970933,228.80737497954183,223.03882142350355,196.4718235461071,209.9888,203.984
2017-09-10,8,215.9719,235.14478822582385,226.47173247567864,228.80737497954183,223.062053607507,201.57676242229522,215.9888,216.0054
2017-09-10,9,203.9786,237.36303766770976,229.13169241059816,228.98122408227437,224.67742162204473,206.08611102118758,216.0058,215.9719
2017-09-10,10,215.9942,238.43968703941718,229.08472444044156,229.26669470059863,227.0618148120604,213.62455957075264,221.9712,221.9826
2017-09-10,11,215.9716,243.62268093542997,235.92782205736552,234.1679359862722,233.15299644942883,222.004744178459,215.9777,251.9933
2017-09-10,12,251.9807,242.5264676135456,237.58511124628762,236.43515180373146,235.41205879744157,226.84770370656247,215.9885,228.0057
2017-09-10,13,245.9615,244.06620258081625,236.47416567466158,234.40098156517715,230.75815851942198,232.0983191423977,216.0,210.0164
2017-09-10,14,245.9742,243.20300797875313,236.16884196917525,238.51405623314648,228.35736632495178,234.91185997678394,198.0049,209.9723
2017-09-10,15,239.9628,243.20300797875313,238.2164350395217,238.51405623314648,228.35736632495178,242.88757039904982,210.0164,216.0058
2017-09-10,16,245.9746,243.20300797875313,238.0686325620615,238.7078693570021,228.38059850895525,248.7451056883118,221.9767,216.0115
2017-09-10,17,245.9488,243.20300797875313,237.2380557442937,238.88132430361748,228.21776561892457,245.3255092902609,197.9845,209.9836
2017-09-10,18,246.0127,243.40810177910527,238.17045651959003,240.14243391540742,231.9190730545433,249.08717718476936,221.9597,203.9949
2017-09-10,19,239.9936,244.98120362114796,242.51404112015317,241.58640206938296,233.22041410803456,246.77165676256564,215.9665,215.9719
2017-09-10,20,240.0128,246.24827577405387,243.34458787881016,244.53566262900821,238.12842494476345,245.99009882519186,227.9939,228.0057
2017-09-10,21,221.9826,245.6995984905965,243.29586576556468,243.37756479513766,238.35119644349874,242.957842799396,240.0124,233.9575
2017-09-10,22,215.9942,245.75166283059752,243.37815722432157,243.37756479513766,239.95180859105224,231.73515131579967,221.9885,227.9761
2017-09-10,23,215.9831,246.79610506307915,244.0633101954925,239.2917348689619,242.31026184920543,224.79288462024607,227.9939,228.0061
2017-09-11,0,215.9662,253.5818407658713,254.13147573796178,244.14701908521536,240.90020034615628,262.18936825204463,234.0,233.9696
2017-09-11,1,233.9821,247.78376369392956,240.0665699362028,242.1783935673973,240.99333856720105,250.8511278927356,210.022,251.9933
2017-09-11,2,215.9946,239.29825469340867,233.10083407827523,231.77126524836146,233.3675222252678,243.10589410571083,215.9719,239.9812
2017-09-11,3,215.9831,237.93534928070628,232.92150681934785,230.43444822491816,232.73492826751223,235.9516054872018,215.9777,233.9817
2017-09-11,4,215.9608,233.4826020862855,226.71466781213815,229.53747021591906,230.82098958292258,232.05561887118287,215.9942,246.0066
2017-09-11,5,209.9727,229.12552108567596,220.110590010842,225.02525252569117,230.30343374691643,223.24212075120488,209.9888,197.9898
2017-09-11,6,221.983,228.9266709148886,221.99293480245498,224.0212803775367,229.67991832427194,224.9471812347419,216.0,216.0
2017-09-11,7,234.0121,230.3100844569456,222.6041093208009,226.1534093000784,228.46389768235693,225.84579331842514,209.9727,227.9878
2017-09-11,8,227.9647,228.27274673731569,222.91722878813908,224.1038634753791,225.56477899904905,227.4815495905524,209.9888,215.9719
2017-09-11,9,228.0061,233.14470379916452,226.76512073582543,224.27771257811162,227.51039936541827,229.79106913599287,203.9629,203.9786
2017-09-11,10,215.9888,233.14470379916452,229.0219755902543,225.07090465455684,227.92598115449502,236.85381553074677,203.9735,215.9942
2017-09-11,11,252.0067,240.11202991762391,243.57512993386425,234.220972415864,236.49674742254132,244.83672532704048,210.0056,215.9716
2017-09-11,12,287.9928,257.05392938880317,257.7482895738767,256.7941013260689,263.2556081929486,254.2739575031224,203.9786,251.9807
2017-09-11,13,282.0075,279.15485652985933,280.50338166981345,273.0721122594052,274.45689221670216,260.7752491591732,204.0054,245.9615
2017-09-11,14,293.9922,284.18361418577865,290.4905921370219,287.9222621891887,287.66191796053965,269.44752590044646,215.9946,245.9742
2017-09-11,15,275.9715,284.18361418577865,290.47285590327505,287.9222621891887,287.66191796053965,274.09378001614425,215.9777,239.9628
2017-09-11,16,312.0161,284.18361418577865,289.9510476440872,287.968785536706,287.63868577653625,276.00998668202806,203.9895,245.9746
2017-09-11,17,299.961,285.50863690719984,289.1027337275524,288.2953190972146,287.5778729528393,280.0868925287339,215.9885,245.9488
2017-09-11,18,269.951,286.0265376603926,287.6580793067598,286.27855836769214,288.81501509294293,278.8180246601411,209.9892,246.0127
2017-09-11,19,306.0235,285.24756833438573,289.113500079841,286.95942193025996,288.59996374348464,277.08918803224816,215.9665,239.9936
2017-09-11,20,293.9848,283.92254561296454,289.02886810258263,286.95942193025996,287.83504226161864,276.2772410393014,233.9754,240.0128
2017-09-11,21,257.9729,268.5483105787632,281.65680269140825,270.267312563394,277.84419042094254,267.47753243910256,228.0,221.9826
2017-09-11,22,233.9938,266.8458211232928,278.8555856161669,265.0924159554584,277.377996141145,259.593641355149,227.9582,215.9942
2017-09-11,23,221.9885,262.93834375051404,270.54099263033913,251.41829124355698,265.5302720216882,250.24272573885406,222.0059,215.9831
2017-09-12,0,210.0,253.3900371779389,252.86155594150756,249.63935135646807,241.1040081875617,258.9752648107877,227.9943,215.9662
2017-09-12,1,239.9876,248.15339708786792,245.10461723335942,250.08797707603276,243.77973682145884,252.15049516489813,227.9582,233.9821
2017-09-12,2,221.983,237.67176234841492,231.2050844781842,234.87058318199578,233.53964838489367,240.3544498332877,215.9831,215.9946
2017-09-12,3,239.9688,235.453512906529,228.91439089730767,233.74947736680602,232.9155039249142,232.56078476337262,209.9892,215.9831
2017-09-12,4,215.9942,231.85610974129176,227.29242916086747,232.54658239753775,230.9740089902349,230.93064767018177,227.9643,215.9608
2017-09-12,5,203.984,230.51062519174494,221.1817864274657,231.03662569683326,228.86540697326126,227.18443128537172,227.9878,209.9727
2017-09-12,6,215.9777,230.31177502095758,223.36573452091838,230.03265354867878,228.2186593666133,229.46162982735703,239.9748,221.983
2017-09-12,7,209.9892,231.33958738733412,223.836817380599,229.28397868407004,226.19446828130373,232.67610738270633,245.9873,234.0121
2017-09-12,8,215.9885,230.91018794742723,225.14958598058854,230.21093816078954,226.21357503361727,229.97843282308443,221.9885,227.9647
2017-09-12,9,209.978,233.56389556739015,226.2936036623012,230.38478726352207,228.1591953999865,233.46258303227728,215.9942,228.0061
2017-09-12,10,216.0169,234.5298079052335,227.5257174746257,230.7069921717937,226.5070611331534,239.4669628960985,221.9712,215.9888
2017-09-12,11,222.0,243.26175086516983,240.77129489779242,237.26509396988044,233.8251523543743,252.0332573864065,233.9817,252.0067
2017-09-12,12,246.0,263.814396541666,269.18782290035296,267.8835728815396,259.76918114828106,271.8722928057733,281.993,287.9928
2017-09-12,13,287.9549,287.32320392838943,290.34128593523184,283.8523754342157,269.91104391713577,280.7259104686838,293.954,282.0075
2017-09-12,14,269.9649,291.0363139809135,298.3318331714695,299.8325252598051,280.2410255115184,282.55525840960655,263.9864,293.9922
2017-09-12,15,293.9770000000001,293.19962903746386,297.21925414178907,296.39684337870966,279.34594520761624,288.42884245331857,275.9927,275.9715
2017-09-12,16,317.9417,280.8434710102506,293.44891548849284,296.0251928485655,282.2843743462474,298.92865904353243,293.9461,312.0161
2017-09-12,17,293.9770000000001,292.69559058883726,300.224995170883,303.68609673114133,282.57611697170285,300.7617025994898,299.9765,299.961
2017-09-12,18,263.9657,294.8855258752127,298.726364493194,297.08273208369957,282.02976885118636,297.0067678788963,293.9770000000001,269.951
2017-09-12,19,299.9455,306.7865458751314,311.6365514434057,314.6417290111368,293.7676622163053,301.5142961989141,311.9756,306.0235
2017-09-12,20,287.9472,306.1554472151722,311.48972476615216,312.3538454735443,299.012795132684,297.246030911903,317.9587,293.9848
2017-09-12,21,251.9542,279.8817052814408,286.9931631847187,280.75883342386754,273.8832091027307,280.98709358521796,282.0146,257.9729
2017-09-12,22,234.0,271.88709474561983,277.44375864703863,273.9584200946693,274.58160699342386,267.9230349372729,263.9859,233.9938
2017-09-12,23,209.9836,265.63481010577124,268.10991660064985,257.57531963714337,261.6214291694682,258.52514878340503,263.9864,221.9885
2017-09-13,0,221.9597,243.77045964252656,244.3845162155415,230.43955399950752,230.24159642994502,259.367067802094,270.014,210.0
2017-09-13,1,209.9944,225.77077987004236,231.33692352432985,231.0207716648888,234.83740494532907,253.50046239675737,270.014,239.9876
2017-09-13,2,209.9892,213.235226490754,213.46093727141826,215.0837814081265,215.6324344673711,238.0890280993773,239.9812,221.983
2017-09-13,3,251.9803,213.48719071648142,213.9532279457121,217.52997254491805,218.72606051025994,236.43293727524372,257.9665,239.9688
2017-09-13,4,240.0064,207.39409392876738,208.975582488853,212.2484467543906,211.19750362531852,227.87509599157858,252.013,215.9942
2017-09-13,5,221.9767,206.04860937922055,204.73764208862627,211.21793712511808,212.83978729634092,220.04332965449396,233.9758,203.984
2017-09-13,6,227.9882,205.8497592084332,207.51042134263983,210.2139649769636,212.19303968969297,222.30108791321166,245.9869,215.9777
2017-09-13,7,227.9821,205.3732872302284,202.6831070061298,209.39637631332027,208.10113254847354,219.25232996499585,227.9704,209.9892
2017-09-13,8,227.9764,204.94388779032153,206.4863553409931,210.32333579003978,208.1202393007871,218.4620316762938,215.9662,215.9885
2017-09-13,9,215.9942,207.59759541028444,205.5949413327772,210.4971848927723,210.04262748315284,220.33324597451553,203.9575,209.978
2017-09-13,10,209.9892,209.81584485217036,210.91159021943423,211.29037696921753,210.48144145623306,230.4705413062701,221.9767,216.0169
2017-09-13,11,221.9652,218.1546778897634,226.17298007389005,218.7604444579895,219.47395205247312,243.82939406577702,252.0134,222.0
2017-09-13,12,246.0258,252.7227396702767,261.974063270031,246.69047482055586,251.6640369871272,258.10872740960286,275.9425,246.0
2017-09-13,13,257.9729,284.583003861258,280.3410051206218,277.4744957150287,264.51952526009563,269.34535349601265,275.9784,287.9549
2017-09-13,14,293.9922,287.0809735185896,281.6971831842964,285.5467802556955,273.4283257459146,273.10290535568606,269.9438,269.9649
2017-09-13,15,275.9784,288.93963244458786,288.46142558037593,292.91850408875274,279.81883783052507,285.358236513592,294.0,293.9770000000001
2017-09-13,16,269.9788,281.70398896586954,277.177919197278,284.88690984472106,288.9168394941593,290.24394342555064,287.9775,317.9417
2017-09-13,17,275.9858,290.26465516600905,291.5210007502146,294.19598837947285,279.6792371244979,289.87443187518664,287.9851,293.9770000000001
2017-09-13,18,269.986,292.78031896265196,291.14066208022496,287.4414933099908,276.46082644762697,290.027089292933,294.023,263.9657
2017-09-13,19,288.0149,292.21642633803225,291.5825789265397,296.5156427806485,278.1998977530234,292.20208676298853,299.992,299.9455
2017-09-13,20,281.9488,291.8583903648413,291.3134189891353,295.0575176372949,277.04921182121774,282.13449260312734,275.9858,287.9472
2017-09-13,21,252.0067,277.4654507406582,273.57793706414196,273.9732212679529,270.83206213423523,266.9098481557258,245.9873,251.9542
2017-09-13,22,227.9939,274.06140662918745,275.52791887077126,268.97797283044116,270.1745036983128,257.7202961543574,245.9742,234.0
2017-09-13,23,227.9821,267.80912198933885,262.6724087588719,252.6779916353518,255.3259276746497,243.5952615631051,227.9821,209.9836
2017-09-14,0,239.9876,247.8847347163387,242.99941626466688,242.17145595158013,242.19654537725143,246.98088066151064,227.9525,221.9597
2017-09-14,1,221.9885,235.4828753695718,232.34453461321118,234.451860735226,243.3148373223498,243.97979172089768,263.9657,209.9944
2017-09-14,2,221.9771,229.54429723698516,222.77863433044934,222.08119547568305,235.25111183067847,233.6251155794843,251.9937,209.9892
2017-09-14,3,233.9942,227.5091955370798,224.88756023176748,223.36368203722319,237.29202789942403,228.40685617234635,239.9812,251.9803
2017-09-14,4,251.9866,226.56549999180547,222.918573410556,221.76662073709247,236.31629080740944,220.90871375379544,233.9817,240.0064
2017-09-14,5,233.9817,219.4317664447336,220.03369185073097,217.40799038249813,232.1396632343015,215.92914262381447,233.9879,221.9767
2017-09-14,6,215.9888,220.68410354877616,219.37239431230148,217.87897755067172,233.5606316835634,216.46400112728946,239.9872,227.9882
2017-09-14,7,209.9892,220.20763157057138,220.63695227037795,216.09526953609512,229.46872454234398,218.57891436570833,245.968,227.9821
2017-09-14,8,209.9888,222.25566978316846,220.18190422543267,217.02222901281462,229.46872454234398,215.48532114099555,233.9879,227.9764
2017-09-14,9,198.0102,221.0033326791259,220.03564951097428,216.72509094737356,228.37674557844872,221.44606106931724,245.9873,215.9942
2017-09-14,10,215.9831,225.87528974097472,219.9111127158698,217.51828302381878,228.79232736752547,227.08430868669973,246.0062,209.9892
2017-09-14,11,215.9773,229.11712548063542,227.25416083465444,220.73130440386961,234.03012760337052,233.04728900060724,234.0,221.9652
2017-09-14,12,245.968,256.3142379536631,256.4927435167818,247.02655267077648,260.65300153643426,253.16683282716724,287.9477,246.0258
2017-09-14,13,287.9625,279.3685464421124,275.68770928515295,267.6794355082301,267.6468584127762,259.3872853823884,275.9858,257.9729
2017-09-14,14,263.9798,286.66785554896296,284.865617618237,287.53045079466773,281.0785424216111,268.29798841328324,269.9788,293.9922
2017-09-14,15,276.0,312.80809410495084,303.4056212231649,306.26932077725075,298.14885232207234,283.5613414856215,329.9654,275.9784
2017-09-14,16,275.9494,311.96515931014807,307.6003852320146,313.4161710685099,296.66143058830994,285.70736618004815,324.0086,269.9788
2017-09-14,17,282.007,306.82366903860475,300.5662078496933,301.1066979482097,282.8797609735856,283.58665749645934,299.9925,275.9858
2017-09-14,18,293.9848,324.22507665552405,316.1388232359422,309.5595515600921,296.9235347777502,288.9214389443961,311.9839,269.986
2017-09-14,19,312.0244,317.5374225432194,311.61742908439317,313.43522944700857,299.3889371278977,289.40604115379585,317.9751,288.0149
2017-09-14,20,281.993,299.43276165425334,298.55118745556797,299.47088317845777,283.27824738835056,279.8621033448294,293.9848,281.9488
2017-09-14,21,263.9516,285.114014210337,272.8382506599049,281.51532338346425,271.67567898031433,265.15089613147285,264.0,252.0067
2017-09-14,22,252.0,271.9085125030945,262.6016135650977,270.76666561376624,269.9654105702486,251.87650979547865,245.9869,227.9939
2017-09-14,23,257.9463,265.6551414416608,255.50387768153857,259.4574839149971,262.29782282773,241.06015801071584,233.9758,227.9821
2017-09-15,0,228.0061,263.8392287974537,260.23767241305694,263.33462476992946,245.62959127196746,272.8399512983624,234.0058,239.9876
2017-09-15,1,233.9696,250.2514732900493,247.27512243113063,256.40005084567474,243.053344898201,263.23892413439796,239.9812,221.9885
2017-09-15,2,245.968,247.35893607197818,243.68752860427617,244.67469146895908,236.04232938067292,257.19868376215555,251.9672,221.9771
2017-09-15,3,257.9733,247.76650109139578,237.98335198864766,246.21844566116292,238.047438335949,240.91623447953427,198.0102,233.9942
2017-09-15,4,245.9873,246.3333935408333,235.70164934240387,244.83709556928574,237.12661510971745,241.7850381284774,221.9885,251.9866
2017-09-15,5,228.0057,240.69796320701963,233.49210865905602,240.949452382865,233.45941409142776,235.5509322697843,216.0058,233.9817
2017-09-15,6,209.9892,238.33830809930302,230.32889996317914,238.9975142276197,230.74495042886997,233.7969428185835,222.0,215.9888
2017-09-15,7,221.9767,237.86183612109824,225.5015856266691,235.55258059397394,226.633936535337,236.53710928212308,233.9875,209.9892
2017-09-15,8,209.9783,237.43243668119135,225.77835950512,237.4300514554748,226.62981110364709,230.2516941612223,209.9944,209.9888
2017-09-15,9,203.9731,239.9098743336953,228.8835857525995,237.60390055820733,227.62878037966513,236.39188543887195,222.0059,198.0102
2017-09-15,10,215.9773,241.19510615403857,239.3373296221201,238.39709263465255,228.04436216874188,244.5044068609612,222.0059,215.9831
2017-09-15,11,216.0058,245.39192971559507,244.68659114567066,243.81621378698327,234.5412997843853,261.0870579948432,269.9788,215.9773
2017-09-15,12,245.9553,261.1958717898928,266.35018353254776,262.9910710412651,255.95553615435634,271.7298030846369,269.9788,245.968
2017-09-15,13,276.0,284.3861254442081,300.2726359666591,289.60625629398226,275.2309357678358,290.22949127792305,305.976,287.9625
2017-09-15,14,263.9864,288.16293361678635,295.62685841542464,291.2885208320125,276.0878710502299,289.1921379048246,275.9641,263.9798
2017-09-15,15,305.9842,292.2617384915446,305.453330007503,293.6434880141957,283.3184058945159,301.76208355414053,305.9521,276.0
2017-09-15,16,270.014,294.01625780965696,298.8907036166037,293.0079365397495,278.4182023756054,296.6046542802945,257.9798,275.9494
2017-09-15,17,263.9516,294.97464841369947,299.76576167566054,296.39993381709553,278.2786016695782,300.35128367549936,264.0277,282.007
2017-09-15,18,275.9572,302.1346554682009,309.5015229638607,302.9371664181362,284.46402638574085,312.9960139697421,299.9685,293.9848
2017-09-15,19,276.0216,287.85894442669314,300.74924055710267,294.6708053806773,282.1533162304686,308.8544849178771,281.9709,312.0244
2017-09-15,20,281.9633,298.4267335662882,299.15851555432715,298.2439766264804,278.58078200627256,298.0980988670087,263.9657,281.993
2017-09-15,21,281.9704,282.1734325924079,284.8894433181265,286.486953068078,271.9604078291254,288.9205837927587,258.0,263.9516
2017-09-15,22,264.0207,283.47207475129903,282.54644384375104,283.7679281863091,272.24286173457097,283.4344635419143,275.9927,252.0
2017-09-15,23,257.9798,274.43915406964965,275.7140072584186,273.46836466309384,263.3515520430775,274.05693930097783,269.986,257.9463
2017-09-16,0,246.0,241.77858879273805,237.4994660087512,242.29645723307556,237.46819103778202,248.06217555458545,251.9866,228.0061
2017-09-16,1,221.9885,237.54949773720415,237.4937813210356,236.2942696555897,237.53377300873714,235.0279929987223,227.9821,233.9696
2017-09-16,2,228.0,237.78995090980214,236.50334677886835,232.83843389434728,235.97859732270894,226.7306171889705,222.0118,245.968
2017-09-16,3,221.9712,235.9424525209601,231.6677036633654,231.77996826011852,235.48260233240063,220.8098431689653,221.9882,257.9733
2017-09-16,4,204.0,233.47630714507764,231.87856771569008,231.1018170589316,235.5404684622158,221.20531029508948,258.0,245.9873
2017-09-16,5,221.9941,227.2901089871778,226.93770899619187,226.29526377356706,231.74561558920593,208.10470400646415,216.0,228.0057
2017-09-16,6,191.9651,225.87807241248578,221.3778706594838,225.34729776647623,226.33417974862095,209.79816064473493,239.9876,209.9892
2017-09-16,7,197.9947,225.17780735564912,223.32379738953327,221.90236413283048,221.1799606795863,205.03585269096746,203.984,221.9767
2017-09-16,8,209.9562,225.17780735564912,221.57959819352948,221.90236413283048,219.3147946638824,209.30619480151728,216.0054,209.9783
2017-09-16,9,204.0214,227.6552450081531,221.00088048113923,222.07621323556302,220.29053175589698,213.66750201924805,215.9719,203.9731
2017-09-16,10,210.0,229.92783740670896,229.55568632511705,222.36168385388729,220.78652674620528,222.32551602635905,221.9826,215.9773
2017-09-16,11,203.968,231.31957523147256,231.49280955564944,224.21001972942005,224.23153528511094,235.42275034605677,251.9933,216.0058
2017-09-16,12,197.9848,233.7897845352279,234.14748314901598,228.63335274432836,230.5100752523,241.41647300771038,228.0057,245.9553
2017-09-16,13,203.9789,238.10234682537796,237.82272824530065,238.28995396730593,234.1936196999562,248.41192924457093,210.0164,276.0
2017-09-16,14,215.9831,235.18597213267353,233.9364756043374,234.31370682689416,228.09150492561326,254.17716992879326,209.9723,263.9864
2017-09-16,15,197.9947,248.46825327661793,242.91059575415326,245.06304378847886,229.74475294031058,264.929349056477,216.0058,305.9842
2017-09-16,16,210.0,256.08199267334226,244.52835592740217,248.33052968963162,230.32928619220837,265.5491713439484,216.0115,270.014
2017-09-16,17,215.955,254.92087667687102,247.13887406916513,248.05866466083003,227.95190421958605,265.8279130179477,209.9836,263.9516
2017-09-16,18,227.9939,262.21784188637594,254.9169987627666,255.00876332593566,238.13061744138452,265.6342495581555,203.9949,275.9572
2017-09-16,19,239.9812,262.5088505575576,255.94786197739307,255.44875933175672,240.2446579048855,265.54962712318877,215.9719,276.0216
2017-09-16,20,245.9746,261.9815111960174,252.91487250513134,257.1764009267293,240.36515185859918,263.9333980947236,228.0057,281.9633
2017-09-16,21,252.013,258.02193217595624,251.05340574615317,259.1841527640073,240.58792335733446,258.7619800446696,233.9575,281.9704
2017-09-16,22,233.9571,244.9611702132634,241.26846193831182,248.38438435233468,238.2999841888375,248.1721783416882,227.9761,264.0207
2017-09-16,23,251.987,245.23069894391384,241.93138172265498,248.21274906330862,240.84804568882996,238.87827766231487,228.0061,257.9798
2017-09-17,0,228.0,250.8381626420698,246.33432124733622,250.33594668403353,240.16775693556622,246.7802269641853,233.9696,246.0
2017-09-17,1,216.0,245.48995434549855,244.1305279159427,245.86030780536325,237.3025385414339,238.92848454281113,251.9933,221.9885
2017-09-17,2,209.9892,246.51646180871978,240.7848454465559,245.01288465947346,238.59569310462047,228.86914457319114,239.9812,228.0
2017-09-17,3,204.0051,242.83044427934703,231.4748159442807,241.13029520163857,235.2005794310043,220.07616617085404,233.9817,221.9712
2017-09-17,4,197.9743,239.40931108156875,229.42093687406685,239.6234396535235,234.5550946908212,215.2921413986533,246.0066,204.0
2017-09-17,5,209.9783,237.44897763742813,227.93881120209087,238.44274957249954,234.5433008153814,204.3939039069703,197.9898,221.9941
2017-09-17,6,209.9783,236.67238064744063,226.767599689746,237.43877742434506,233.13031816673063,203.81154157243242,216.0,191.9651
2017-09-17,7,197.9743,236.19590866923585,223.9493045099719,233.99384379069932,226.07271957736498,207.6782369025758,227.9878,197.9947
2017-09-17,8,203.9626,236.19590866923585,224.1697883418461,233.99384379069932,226.09182632967853,209.61449288404856,215.9719,209.9562
2017-09-17,9,191.975,238.6733463217398,226.21229827094416,234.16769289343185,226.71407888585816,211.7240333262435,203.9786,204.0214
2017-09-17,10,203.9735,239.95857814208307,234.5715503564768,234.45316351175612,227.23330606016992,221.0046519641877,215.9942,210.0
2017-09-17,11,209.9783,241.84364943494117,240.02897097113768,236.16218828775732,230.5253561085821,227.8332111985306,215.9716,203.968
2017-09-17,12,203.9895,241.04812923052847,242.36796252254385,239.29215289108615,232.79699338606085,241.98495857123578,251.9807,197.9848
2017-09-17,13,203.984,240.2921296974386,242.21967576865174,240.23448795395063,232.93060999105649,249.06433807687577,245.9615,203.9789
2017-09-17,14,216.0058,239.74486600282938,241.34883497139418,240.17851690034385,230.55304998058975,257.1366305335719,245.9742,215.9831
2017-09-17,15,209.9944,241.12290371949516,242.06689928817684,240.17851690034385,230.55304998058975,260.0005618147798,239.9628,197.9947
2017-09-17,16,203.9735,245.2837854799482,248.35513773489333,240.2250402478612,230.55304998058975,266.29582908120057,245.9746,210.0
2017-09-17,17,204.0,245.2837854799482,249.12422868759944,241.88939593023477,230.41344927456254,268.86784678903905,245.9488,215.955
2017-09-17,18,203.9735,251.08427321964314,251.7083714208007,249.33818964142506,239.93722790531837,269.84156225516693,246.0127,227.9939
2017-09-17,19,203.9786,253.53880504554868,256.1294658530455,249.9153696877117,242.05971786659546,267.4253558324047,239.9936,239.9812
2017-09-17,20,222.0,253.53880504554868,256.0123914033208,249.9153696877117,242.19931857262267,263.49687000220246,240.0128,245.9746
2017-09-17,21,221.9767,253.23468756108684,250.4450945229406,253.15011799468,243.26746346561114,254.27321997281786,221.9826,252.013
2017-09-17,22,228.0,251.80386243849102,250.5489194324666,253.04254432566103,244.81728717907154,243.63351234365456,215.9942,233.9571
2017-09-17,23,245.9873,253.52773835343567,251.87478993673176,253.3414713293149,246.91113758193143,236.54297179838125,215.9831,251.987
2017-09-18,0,251.9672,259.33117309237736,261.3872482850636,259.68712494735297,258.40951216242985,258.2709912672915,215.9662,228.0
2017-09-18,1,258.0202,248.30911845839876,247.7008089634423,254.67866439767536,255.5568686977637,251.67413260881239,233.9821,216.0
2017-09-18,2,246.0193,243.39731149206693,238.28197692081255,243.5109187763087,247.92692692414062,239.46641765813968,215.9946,209.9892
2017-09-18,3,221.9826,241.70813465058473,231.87731992358005,242.38981296111893,247.3260146481646,231.9276192482061,215.9831,204.0051
2017-09-18,4,209.9948,241.10597916672648,229.74727334914888,241.2771237438663,246.35027755615002,226.03821236937904,215.9608,197.9743
2017-09-18,5,209.978,236.6682080700819,227.33327577078373,239.95712256331078,245.6110279394856,222.6692804927086,209.9727,209.9783
2017-09-18,6,215.9662,236.46935789929455,226.67706950197024,238.9531504151563,245.31260785467634,223.7709367144583,221.983,209.9783
2017-09-18,7,209.9948,235.99288592108977,224.33111903098424,235.69233079539927,240.5830067237473,225.9380361706794,234.0121,197.9743
2017-09-18,8,215.9831,238.04092413368684,226.04541940551675,237.56980165690013,240.5830067237473,223.51011382097238,227.9647,203.9626
2017-09-18,9,203.9895,238.04092413368684,227.31597834012643,237.74365075963266,241.5587438157619,227.2744976042719,228.0061,191.975
2017-09-18,10,215.9773,239.73010097516905,234.40467149104938,238.53684283607788,241.9934323571522,232.4172629444315,215.9888,203.9735
2017-09-18,11,222.0174,243.10847716249123,244.18519789662813,245.4484336257679,251.80730504318686,247.14722141400046,252.0067,209.9783
2017-09-18,12,251.974,268.4204426436207,276.76489134256417,272.20133951231907,282.5085392620526,261.1635217295542,287.9928,203.9895
2017-09-18,13,258.0064,283.59148973288427,290.9146263195227,281.8206095353077,290.9344064789125,267.55651396253415,282.0075,203.984
2017-09-18,14,276.0069,292.35922761771883,301.84871411655934,295.7843348375375,303.5070603457675,277.79915668390333,293.9922,216.0058
2017-09-18,15,305.9602,291.6694550730084,300.7386045209493,294.38550293207464,298.9103184553398,279.3838008379054,275.9715,209.9944
2017-09-18,16,281.9488,318.14664879151616,314.7574378464917,313.0729414412737,321.44560316345655,289.6547919049605,312.0161,203.9735
2017-09-18,17,282.0296,299.9351005136025,308.03708380550364,298.7177865771244,303.3267092599965,289.31945405804913,299.961,204.0
2017-09-18,18,318.0329,293.84987163013454,295.7161390397005,292.13635616513375,298.0421526471777,288.28747008310006,269.951,203.9735
2017-09-18,19,288.0072,301.1380235983243,313.37304757456815,298.79731230021207,304.0435135452445,292.81775890194297,306.0235,203.9786
2017-09-18,20,281.985,296.8442274859781,305.9986404773971,297.78260205979757,302.553422885731,287.7602920445134,293.9848,222.0
2017-09-18,21,305.9679,279.47704378711245,287.02832648625287,285.18986532170146,289.6729075707395,274.60858754976084,257.9729,221.9767
2017-09-18,22,281.9709,279.31133967376843,283.28622877558723,282.1379383791751,290.89343952576104,262.888551529371,233.9938,228.0
2017-09-18,23,275.971,276.76488473588694,280.26887989642347,274.39616997986747,282.14656229856996,253.62107042001466,221.9885,245.9873
2017-09-19,0,269.9933,270.7448343387056,270.30779526641754,266.8326201911209,256.17028793274045,265.21786594537895,210.0,251.9672
2017-09-19,1,252.0,263.4692124107227,257.784417788996,265.84470061833065,255.7117413950742,262.65126750767723,239.9876,258.0202
2017-09-19,2,228.0122,260.4544681433019,254.0121630474968,255.20556012247354,246.39987010273057,249.92341782570412,221.983,246.0193
2017-09-19,3,233.9938,255.71431138503036,249.6684434369652,251.0293049938181,243.13802272971944,244.17383134843743,239.9688,221.9826
2017-09-19,4,251.9803,255.0866759463086,244.43137940180452,249.02110783761592,240.29299419031105,233.1732090039617,215.9942,209.9948
2017-09-19,5,234.0,248.5668860964925,241.63878385260352,246.73896646692333,237.17667327682963,227.54395400855554,203.984,209.978
2017-09-19,6,263.9652,248.5668860964925,245.22597393313117,246.3149953245968,235.76369062817886,229.2100171164609,215.9777,215.9662
2017-09-19,7,258.0133,247.73623876699685,241.5198704078051,243.05417570483976,231.0299640655599,228.4893659080118,209.9892,209.9948
2017-09-19,8,233.9754,249.78427697959393,245.5037902180799,244.93164656634062,231.05319624956337,228.3187079097659,215.9885,215.9831
2017-09-19,9,227.9878,249.78427697959393,241.39859804927724,245.10549566907315,232.0057011575745,230.89537269264167,209.978,203.9895
2017-09-19,10,239.95,251.35685736223527,247.90876817275537,245.89868774551837,232.4445151306547,239.45311718629404,216.0169,215.9773
2017-09-19,11,233.9879,253.7517085142585,250.59021264241525,250.39889879890526,240.20592633350424,248.39591917240006,222.0,222.0174
2017-09-19,12,276.0142,271.95541162467356,274.11775545145105,270.6209249452794,265.7662884057271,263.4405462399086,246.0,251.974
2017-09-19,13,263.9864,296.50122506466164,306.16715039654383,290.01689146918767,281.4292424254477,279.5229182990796,287.9549,258.0064
2017-09-19,14,269.9649,300.2747406410388,301.9335171453938,301.76180787266577,289.80991854143093,284.5469848703902,269.9649,276.0069
2017-09-19,15,288.0077,305.1712463530577,309.10981704168046,310.56978209689674,290.4099103827427,297.50552249486225,293.9770000000001,305.9602
2017-09-19,16,299.9765,322.0675912441598,324.2227143607419,315.2408125488082,307.9560440905875,303.74988466633226,317.9417,281.9488
2017-09-19,17,281.9709,310.94527664413414,320.0324105176846,306.0145089803129,294.4707790434904,301.1227736234622,293.9770000000001,282.0296
2017-09-19,18,312.0,302.1647521856672,299.73080531297467,303.2322643563965,302.69198395298645,303.4902429204102,263.9657,318.0329
2017-09-19,19,306.0077,310.541222202817,319.2221497274263,310.02884564707443,297.26036849131566,305.1942714219859,299.9455,288.0072
2017-09-19,20,293.9848,309.4803492607033,314.02450549817326,306.0169189266596,295.7713352342585,297.9093673260194,287.9472,281.985
2017-09-19,21,281.9854,297.22007946533995,299.18176895392793,298.9248383541107,284.7460726827728,287.04079712859436,251.9542,305.9679
2017-09-19,22,252.0063,290.0043704210211,287.9377212671669,286.2104740478723,285.08430846376285,273.6978202646214,234.0,281.9709
2017-09-19,23,252.0,283.9559380058279,284.91371018233605,275.83396207657637,277.4125952895545,259.928775740882,209.9836,275.971
2017-09-20,0,257.9931,261.5273653685967,264.6241168978066,264.85142649817567,258.96381374882066,271.4272395795004,221.9597,269.9933
2017-09-20,1,246.0193,244.28760222570259,247.98647589742092,251.97677914932427,256.7916144531808,258.4546931975583,209.9944,252.0
2017-09-20,2,239.9688,240.1048667771956,239.83359865596782,237.12311705769784,249.11088424546455,247.92913430798416,209.9892,228.0122
2017-09-20,3,233.9754,238.25736838835357,235.57141809338384,235.88484370409267,248.51409740117845,249.48462354158445,251.9803,233.9938
2017-09-20,4,227.9882,238.94541113493116,235.27349712305335,234.9411681680095,247.57004199094342,243.5118794757975,240.0064,251.9803
2017-09-20,5,233.9634,234.00780821789746,232.1443921026498,232.47312436863118,245.068660649316,234.9986087245307,221.9767,234.0
2017-09-20,6,215.9888,235.2980064483333,232.62766074932705,233.564172193887,245.081235578782,237.7510201848125,227.9882,263.9652
2017-09-20,7,203.9786,233.41076996960163,231.9615105302624,231.72993102152282,245.081235578782,238.19328272092852,227.9821,258.0133
2017-09-20,8,209.9671,232.87814372115392,233.3696451554878,231.5749305821102,245.04955389700245,234.18427300384224,227.9764,233.9754
2017-09-20,9,209.9836,232.87814372115392,232.79092744309756,231.74877968484273,246.04439774133058,236.25893096003372,215.9942,227.9878
2017-09-20,10,215.9946,235.79955630480563,237.49946299571948,233.01729373197173,248.27559075620272,242.61115534629326,209.9892,239.95
2017-09-20,11,222.0118,238.3925718593705,243.76955927476232,236.91784491684842,252.74024062507968,251.69303210164685,221.9652,233.9879
2017-09-20,12,245.9873,258.53520076816545,268.6955426655221,260.35691053318635,273.7645521169849,268.0067327599542,246.0258,276.0142
2017-09-20,13,281.993,280.8163825398969,279.5737098158132,280.72932405933284,280.55097950754185,276.78176637818893,257.9729,263.9864
2017-09-20,14,317.983,293.93527897175204,295.0770281867397,292.0662181082572,294.56443133626277,291.1289269728525,293.9922,269.9649
2017-09-20,15,275.9715,306.8874278943249,304.45388429835344,303.69475834854217,293.8668101919493,295.0321894830409,275.9784,288.0077
2017-09-20,16,281.9704,316.0326704220978,306.0007466468615,309.6098121015808,291.6984410682379,298.9941132510643,269.9788,299.9765
2017-09-20,17,329.9654,317.11030490718304,310.0219964559833,309.5661274978314,291.0249674540008,300.4542373011879,275.9858,281.9709
2017-09-20,18,299.9925,321.0299562491833,309.7635865658026,313.6643568322857,290.8248853079402,306.79577421803737,269.986,312.0
2017-09-20,19,305.976,319.6184823153076,311.1313779100197,309.3490813157571,285.67340111935437,307.3017410043915,288.0149,306.0077
2017-09-20,20,336.0,316.80642336502405,305.1110102566645,307.6231703509532,286.6900400117791,300.5405545896697,281.9488,293.9848
2017-09-20,21,305.9679,296.8789727091661,289.07578049910495,298.48524063575167,276.2723733914372,287.3794242996466,252.0067,281.9854
2017-09-20,22,257.9665,282.2494864643079,269.54692328265327,282.9331279447116,269.9462137513116,272.2157222297693,227.9939,252.0063
2017-09-20,23,251.974,276.5870761538853,268.4655506054749,274.84470565230856,263.61820128219546,263.48314166786736,227.9821,252.0
2017-09-21,0,252.0067,250.74767590549047,252.54895627213335,250.63803899969756,250.75869454801844,278.0471701515468,239.9876,257.9931
2017-09-21,1,251.9672,237.77895981833592,239.8845386061419,242.4627338375747,250.33971432971595,264.36627018120447,221.9885,246.0193
2017-09-21,2,239.9748,233.81680243386032,231.24081294928874,230.73737446085903,243.3286988121879,255.41061050928298,221.9771,239.9688
2017-09-21,3,239.9872,231.7487259809869,228.52065951310308,229.28338989900033,243.18066704368994,250.01479770093252,233.9942,233.9754
2017-09-21,4,239.956,228.64365288976123,226.00090135474716,227.852969763889,242.20492995167535,247.45511697206496,251.9866,227.9882
2017-09-21,5,227.9882,224.99624820316336,224.8861361671902,224.42440220883995,238.81017217240438,241.14632447004033,233.9817,233.9634
2017-09-21,6,222.0118,223.41319008543425,223.47004533205623,223.73265095409232,234.36949572752957,234.79749481829123,215.9888,215.9888
2017-09-21,7,222.0118,222.7129250285976,220.97513066429343,222.5896323848417,230.77732177465163,233.54087547467032,209.9892,203.9786
2017-09-21,8,221.9945,221.72757479113736,220.97513066429343,222.65034315368263,230.77732177465163,232.4643095935304,209.9888,209.9671
2017-09-21,9,215.9719,224.20501244364132,222.43892288100125,222.82419225641516,231.7530588666662,235.1750424439473,198.0102,209.9836
2017-09-21,10,221.9712,224.42062409758012,227.2384823101602,223.87699509529062,237.56797633664019,245.6512262079041,215.9831,215.9946
2017-09-21,11,234.0062,228.73208000364528,237.6351270310438,229.05238291077563,245.81489281600182,253.67393768141682,215.9773,222.0118
2017-09-21,12,281.9709,251.5528602794933,259.24222689234455,252.6194765820746,265.2185030226289,269.54844365036416,245.968,245.9873
2017-09-21,13,275.9858,283.17649155423027,292.03128866060575,283.7983552520906,283.26896455083624,288.69226100680305,287.9625,281.993
2017-09-21,14,281.9925,285.1660613582891,281.53197401029036,292.58846956746044,303.0048361329037,294.4838362886544,263.9798,317.983
2017-09-21,15,275.9425,303.25409766928294,300.8382928379107,299.5293362243724,288.9258928365218,298.598477249421,276.0,275.9715
2017-09-21,16,305.9918,315.15347151489783,307.59009629590645,308.2517382657357,287.11873110850263,303.21153382687714,275.9494,281.9704
2017-09-21,17,311.9922,305.9487526673093,291.6647727401903,301.628458127736,301.0775694711511,310.9133089798329,282.007,329.9654
2017-09-21,18,299.9845,318.18429856012335,304.83841829965604,310.7838482161044,286.0729749674938,315.01422088648496,293.9848,299.9925
2017-09-21,19,329.9829,330.33416392282834,310.60122905599263,323.40409087814595,294.99443566405455,316.6291729603618,312.0244,305.976
2017-09-21,20,329.9742,313.1395199863175,294.9891587368831,302.8467455868431,294.0262366414932,309.1787208498703,281.993,336.0
2017-09-21,21,317.9338,299.0272097535429,291.40427297425805,304.44236776162046,272.9883963501773,296.5314353434926,263.9516,305.9679
2017-09-21,22,300.0,278.6576454621301,267.0544089315581,281.71751074208464,269.2634567870831,281.89123926031266,252.0,257.9665
2017-09-21,23,282.0,270.4941037958841,267.2798373923758,270.87684629785844,263.0419955236301,273.62718901875945,257.9463,251.974
2017-09-22,0,300.008,275.37797730270097,268.3653293270427,270.45775176816903,258.26612393719836,283.83365805338946,228.0061,252.0067
2017-09-22,1,246.0131,265.3165207438593,257.4634302948413,268.0452474900028,257.8034519678421,275.87813457506786,233.9696,251.9672
2017-09-22,2,251.9933,262.3017764764385,255.2967507337315,256.8484932387964,249.1105069315935,268.6841002937713,245.968,239.9748
2017-09-22,3,251.9803,261.4092659094922,252.94761148686004,256.529129984135,249.5623046297608,263.86700194887885,257.9733,239.9872
2017-09-22,4,233.9754,257.34920499637093,250.74794801518615,253.6455309539206,247.5338575636029,256.1443489721854,245.9873,239.956
2017-09-22,5,221.9941,250.85772432386074,248.24857255982667,250.40530248455417,244.10741810255237,248.1668946280061,228.0057,227.9882
2017-09-22,6,221.9941,249.27466620613163,247.42208773823893,248.30072904046023,237.96296590450697,242.94112543095324,209.9892,222.0118
2017-09-22,7,215.9831,248.44401887663597,247.5026933380147,247.1577104712096,241.55513985738492,246.24832880133266,221.9767,222.0118
2017-09-22,8,216.0,248.01461943672908,247.2001188834542,247.21842124005053,237.96296590450697,242.29122218511077,209.9783,221.9945
2017-09-22,9,209.9839,250.49205708923304,247.44686843595457,247.39227034278306,238.93870299652156,245.56481282522023,203.9731,215.9719
2017-09-22,10,209.9618,252.0691345074316,250.43443660876613,248.44507318165853,244.75362046649553,254.8800053594851,215.9773,221.9712
2017-09-22,11,221.9652,256.0470437771841,254.31829141047345,256.1960593142087,251.20900228140258,263.45232671526196,216.0058,234.0062
2017-09-22,12,258.0,280.50575679892995,283.66579271162243,282.3879637046211,273.7808792251908,281.5449457048384,245.9553,281.9709
2017-09-22,13,275.9568,305.33776956493244,306.1472554068931,301.2578281249623,285.8733357793846,294.44428403500035,276.0,275.9858
2017-09-22,14,312.0083,311.89494476789366,301.14713975441174,314.15320913327844,293.2387477560697,299.69424945792696,263.9864,281.9925
2017-09-22,15,275.9784,318.2717435921658,314.58617470534926,315.6114299172365,298.78348489411735,312.8964951186422,305.9842,275.9425
2017-09-22,16,281.985,322.7066631170252,315.2949452589659,316.60955717340704,291.1136374950194,312.87831267484444,270.014,305.9918
2017-09-22,17,293.9848,326.1286618630385,315.8434065311054,320.93133491985935,295.8280969889916,314.31653495183525,263.9516,311.9922
2017-09-22,18,306.0,326.84178445483116,312.80428638400355,319.24169550431196,290.18248939194,320.11730456501175,275.9572,299.9845
2017-09-22,19,287.9698,337.69013749896936,324.0101958506902,331.54605448646737,297.95967122081834,320.5473909777453,276.0216,329.9829
2017-09-22,20,281.985,337.0846342247944,324.0974634478471,328.1443630482658,297.0059062646381,317.1725430383998,281.9633,329.9742
2017-09-22,21,276.0069,329.32858127724853,318.24549235978617,323.61834013603277,296.15091097811285,309.6782912985239,281.9704,317.9338
2017-09-22,22,245.9934,308.2118846638743,295.8159015144969,303.3082423150286,281.1643917612846,296.72693286412306,264.0207,300.0
2017-09-22,23,246.0,294.16545041040786,285.7198914362699,285.64452091021604,272.1326256665034,285.0651763358051,257.9798,282.0
2017-09-23,0,245.9742,240.09237336017216,240.32458651532912,238.80098714956844,252.41305680859347,257.7426679928355,246.0,300.008
2017-09-23,1,239.9752,234.43875228379662,237.42851211429635,231.68381691981403,246.1333874261835,239.03614349763137,221.9885,246.0131
2017-09-23,2,227.9704,231.1753682574059,232.66849990635066,228.01226995031806,244.5083165537486,232.41933124894894,228.0,251.9933
2017-09-23,3,239.9876,229.32786986856385,227.1116445553497,227.28171805483385,244.03142831575386,224.18240100739519,221.9712,251.9803
2017-09-23,4,233.9817,224.8354926258326,224.4125591380664,225.9066201022436,243.00077735795625,213.6550525335876,204.0,233.9754
2017-09-23,5,215.9662,219.6050298215056,222.09096156712945,221.7174704570082,237.5615357067789,212.57446188723443,221.9941,221.9941
2017-09-23,6,216.0058,219.6050298215056,221.86563607673833,221.7174704570082,237.53830352277544,205.61615619562593,191.9651,221.9941
2017-09-23,7,197.9845,218.90476476466895,221.88968932956564,220.85688324713863,237.53830352277544,207.2147890076871,197.9947,215.9831
2017-09-23,8,246.0066,218.90476476466895,221.55511520182807,220.85688324713863,237.53830352277544,212.61957572695496,209.9562,216.0
2017-09-23,9,221.9652,221.38220241717292,220.1556035817325,221.03073234987116,238.51404061479002,215.88222947741525,204.0214,209.9839
2017-09-23,10,233.9938,222.9592798353715,225.97948666384403,221.57581373062567,240.8171973331176,223.4476894288169,210.0,209.9618
2017-09-23,11,239.956,224.35101766013508,234.7831958813067,224.09932636825653,242.8813989878477,230.81967014672261,203.968,221.9652
2017-09-23,12,215.9942,228.9122800565101,237.37705856939982,226.75167674369294,244.77635240272787,240.8791667280422,197.9848,258.0
2017-09-23,13,209.9671,234.45318858882288,240.7566453215396,236.3283906566952,247.82573045652165,251.3808234616389,203.9789,275.9568
2017-09-23,14,215.9716,225.9332220191006,235.295480873794,231.0587896933023,248.88170839354777,264.0037395919803,215.9831,312.0083
2017-09-23,15,215.9888,243.8020222652923,244.09338027450318,240.72345928696967,244.884252451607,262.8875482105749,197.9947,275.9784
2017-09-23,16,227.9704,253.12381507824836,251.35895250732844,249.44586132833308,243.07709072358773,269.76884806193635,210.0,281.985
2017-09-23,17,234.0242,252.57635216555443,255.85650602414952,252.7852637503213,246.1322344285844,274.0526906836532,215.955,293.9848
2017-09-23,18,239.9624,257.14491247862145,253.45213301534335,253.2058549543698,242.37724982438212,277.3154509659263,227.9939,306.0
2017-09-23,19,227.9647,258.42832653977626,258.16849107477753,253.09455073922234,244.41221534930835,275.5300508783238,239.9812,287.9698
2017-09-23,20,245.9676,258.97578945247017,255.69594662587346,251.4195039996077,241.11679790336058,271.6206702751226,245.9746,281.985
2017-09-23,21,251.9866,253.7190847075255,248.26395045464812,251.9587041209395,241.33956940209586,265.87349025200484,252.013,276.0069
2017-09-23,22,245.9869,241.61671334887546,239.48840908464226,242.01124068723755,239.05163023359893,251.80216776207422,233.9571,245.9934
2017-09-23,23,227.9939,242.49238716294786,241.20589223821844,242.95830643833187,241.99310823851357,246.47106960939666,251.987,246.0
2017-09-24,0,228.0061,248.4552046104335,243.9619546666707,240.4700807399786,242.3538360513393,249.9976106430435,228.0,245.9742
2017-09-24,1,221.9712,244.73853456351654,243.6569121480444,239.034276893168,242.43852477460797,238.00463057731395,216.0,239.9752
2017-09-24,2,210.022,238.31442886272396,235.58023727941074,234.18478259684753,240.7776467887036,227.32471065630972,209.9892,227.9704
2017-09-24,3,210.0,236.68859472553783,230.72888483021853,233.66994190961685,240.31333348017486,220.1574743167563,204.0051,239.9876
2017-09-24,4,221.9941,232.24609617647323,228.08922349158968,232.38504970904225,239.6361670582122,212.98809084386977,197.9743,233.9817
2017-09-24,5,216.0112,228.77016222911172,226.38040059904137,228.18162382770487,237.07034732313895,210.16389856221792,209.9783,215.9662
2017-09-24,6,203.9786,228.77016222911172,226.73744401108212,228.18162382770487,237.07034732313895,208.94312860415377,209.9783,216.0058
2017-09-24,7,216.0169,228.80580000035246,224.4885116241522,227.79628333092595,237.07034732313895,205.97700047541315,197.9743,197.9845
2017-09-24,8,221.9708,232.1073647064644,228.11870512025993,231.27809476261106,240.00114768822638,214.77072298145438,203.9626,246.0066
2017-09-24,9,227.9582,231.28323765285643,228.9340207805052,227.97013243365848,237.71583206332204,215.23689792484657,191.975,221.9652
2017-09-24,10,239.9812,235.64836992765572,235.0826744909573,231.78131403784457,242.9181074649575,225.14999938081354,203.9735,233.9938
2017-09-24,11,227.9761,241.1195686261216,243.2877333402566,234.3812267841974,246.5102420878743,234.33585406704947,209.9783,239.956
2017-09-24,12,215.9831,239.0484503334723,245.8399959914356,233.4080173518447,243.37499739997764,238.85377779563976,203.9895,215.9942
2017-09-24,13,233.9879,239.52079704254515,245.12919723532644,234.6052614493249,242.87032217942095,246.0426855369964,203.984,209.9671
2017-09-24,14,245.9873,238.97353334793593,246.12328017068464,238.0175250712808,240.1225778480355,255.93002257893494,216.0058,215.9716
2017-09-24,15,245.9934,240.3515710646017,246.27932889173138,238.0175250712808,240.09934566403203,260.5503223050577,209.9944,215.9888
2017-09-24,16,221.9708,246.11024599164708,252.57332224135132,241.0432931380059,241.19130261932062,264.5941277063175,203.9735,227.9704
2017-09-24,17,191.985,246.11024599164708,253.39305884199777,242.7076488203795,241.0517019132934,267.21853986397537,204.0,234.0242
2017-09-24,18,203.9844,251.58983372155342,255.39729263799902,244.21017547015484,240.42879014822967,267.6144339482553,203.9735,239.9624
2017-09-24,19,245.9873,250.3311917137516,252.95326193645636,242.20689275159887,239.3507895863309,264.09125395010284,203.9786,227.9647
2017-09-24,20,240.006,251.37117848914417,254.19694384473374,242.31446642061783,239.28179823318658,264.6992535911698,222.0,245.9676
2017-09-24,21,245.9807,251.06706100468236,248.72234609393738,245.80830460661252,240.3308363738615,258.86593209753426,221.9767,251.9866
2017-09-24,22,251.9475,250.63160047200344,249.00549826239074,245.80830460661252,241.5778437274015,251.58551120564226,228.0,245.9869
2017-09-24,23,228.0118,250.36474720711428,250.00069171779583,241.85826543453592,244.63252985039728,244.48173779518112,245.9873,227.9939
2017-09-25,0,227.9882,238.1215438274271,237.38175881059738,238.75783424535112,251.56979942178984,278.6091781690679,251.9672,228.0061
2017-09-25,1,239.95,221.48974200873883,223.38885503232413,224.61734695677484,249.78897268358037,269.9268799639076,258.0202,221.9712
2017-09-25,2,257.9936,213.1297797724246,212.4394521202122,209.294377799874,241.0872141835004,257.97611894790305,246.0193,210.022
2017-09-25,3,257.9936,210.47607215246168,207.5036224865326,208.5011857234288,240.50540865983794,246.11511992383143,221.9826,210.0
2017-09-25,4,227.9878,207.39647901609948,204.57671349321936,207.82617106197017,239.5064393838199,239.40755622676275,209.9948,221.9941
2017-09-25,5,233.9817,205.75906420926867,203.7156618380179,206.7495343045328,239.13138934314344,235.35764096390974,209.978,216.0112
2017-09-25,6,227.9939,205.75906420926867,204.38570822489692,206.7495343045328,239.1546215271469,234.13253124313047,215.9662,203.9786
2017-09-25,7,227.9882,205.79470198050942,204.09675850288596,206.36419380775388,239.13138934314344,235.15638939484526,209.9948,216.0169
2017-09-25,8,203.9844,205.36530254060253,203.83652383419653,206.4249045765948,239.1546215271469,235.37997744000927,215.9831,221.9708
2017-09-25,9,215.9831,209.78139948651605,206.35889581945636,209.42287750293346,243.0062451184659,238.74537200815942,203.9895,227.9582
2017-09-25,10,209.9944,213.79801251918136,211.47405271206333,210.69139155006246,245.5130471208861,248.76762466503396,215.9773,239.9812
2017-09-25,11,215.9885,218.53668136696822,224.0794220822254,220.48354396493224,257.3657713672836,256.4062378668487,222.0174,227.9761
2017-09-25,12,246.0193,241.3077410319776,246.46316861049254,244.81357757013842,275.7804179843807,269.0622401304507,251.974,215.9831
2017-09-25,13,311.9756,275.1881562959068,270.60378657029463,275.363099449263,290.29523884003305,279.7984016401448,258.0064,233.9879
2017-09-25,14,287.9847,294.0382699511253,289.4669992243199,297.2288691335302,300.95446302582667,291.5215202827894,276.0069,245.9873
2017-09-25,15,281.9925,306.26708194864443,301.9380442209278,306.38500919705865,306.2954808462154,303.13280280871857,305.9602,245.9934
2017-09-25,16,287.9847,311.05070803507175,304.5928601158212,303.55821263227557,297.80868139671315,300.4459056110286,281.9488,221.9708
2017-09-25,17,329.9829,311.0801292960701,304.2499819434334,302.8632611625643,297.7246363890128,299.75655709632514,282.0296,191.985
2017-09-25,18,299.969,337.91023993285114,323.9851491201446,328.9009302739253,313.4543405033161,312.31262806488974,318.0329,203.9844
2017-09-25,19,299.961,319.8360756829739,312.71252746413336,308.2498621248912,294.6819004856074,308.0875115485807,288.0072,245.9873
2017-09-25,20,317.9836,316.01325678303635,308.7599129311182,303.8767011531994,290.8971630242067,301.7938394541744,281.985,240.006
2017-09-25,21,287.9851,303.858763771171,298.15226386144195,305.878848937685,287.35680428547255,300.4631924800906,305.9679,245.9807
2017-09-25,22,263.9591,285.2748087545654,281.54538078521756,287.7688068115769,282.89584350508846,288.449589859925,281.9709,251.9475
2017-09-25,23,258.0069,270.9652000876706,271.11832951397184,268.2722404263207,273.2693701621859,276.0697748771896,275.971,228.0118
2017-09-26,0,251.961,240.82594058137468,239.8706965738501,243.57465306527106,252.65922363386255,289.4951522340472,269.9933,227.9882
2017-09-26,1,239.9564,227.86223186809468,224.9576598268981,234.69614901245782,251.70377731245392,277.9647433215802,252.0,239.95
2017-09-26,2,257.9596,223.56504255369347,218.1803476233532,221.65649865202985,244.05472878651727,266.5928826236361,228.0122,257.9936
2017-09-26,3,239.9688,223.1221962611815,215.5452871751567,220.86330657558463,243.45381651054126,260.52887950647033,233.9938,257.9936
2017-09-26,4,233.9634,218.72692493952,212.8462017578734,219.88237495385684,242.44639773674712,255.65897506195736,251.9803,227.9878
2017-09-26,5,227.9882,215.07952025292212,211.73143657031642,216.45380739880778,239.05163995747614,249.3203070745567,234.0,233.9817
2017-09-26,6,215.9834,216.03450807481795,212.19491918697753,217.3727174977516,240.1043499316194,253.25734505903748,263.9652,227.9939
2017-09-26,7,227.9939,215.3342430179813,212.05803584605388,216.51213028788203,240.1043499316194,253.14744179165427,258.0133,227.9882
2017-09-26,8,239.9564,211.81084684089612,206.32975804271211,214.9621797030315,235.09552570185895,244.7542577079364,233.9754,203.9844
2017-09-26,9,239.9872,214.28828449340008,210.0522835113206,215.13602880576403,236.07126279387353,249.79201824358378,227.9878,215.9831
2017-09-26,10,245.9873,214.73113078591206,210.42861070761646,216.1888316446395,238.29400631096956,258.068891025392,239.95,209.9944
2017-09-26,11,228.0,218.81535205340404,221.21757522709242,224.01920735687554,244.56709098296798,265.0376742460529,233.9879,215.9885
2017-09-26,12,239.9688,246.80853122765458,252.32222778674944,251.12738372270434,270.13427205900797,283.8763806070387,276.0142,246.0193
2017-09-26,13,287.9625,263.98933348161495,271.3178581640593,277.681464378444,282.78937934068165,295.58679556703186,263.9864,311.9756
2017-09-26,14,0.0,286.47714117987044,281.44064973524604,297.2678234245751,292.4603102536848,301.57578876400765,269.9649,287.9847
2017-09-26,15,317.9915,299.56627908951333,292.422402970428,301.22813825477044,294.4974355897571,310.29405837728615,288.0077,281.9925
2017-09-26,16,281.9633,308.95890412188885,298.56249723811686,311.6159972018431,293.4890480875694,317.26368244231645,299.9765,287.9847
2017-09-26,17,293.9618,298.94456558639126,282.0665254920744,300.1041709242833,300.7179809681046,319.8362445218706,281.9709,329.9829
2017-09-26,18,317.9502,329.56612275259744,306.82130801809836,322.44675812976163,301.7861375648698,327.34223873994694,312.0,299.969
2017-09-26,19,347.9548,314.01481250453,299.81963445804894,308.91061871091455,285.7169888547724,323.78573502029917,306.0077,299.961
2017-09-26,20,324.0081,302.4607114740721,282.3469817992219,299.5322651771081,293.6471523661529,318.61919407099595,293.9848,317.9836
2017-09-26,21,323.9919,296.1513220990784,283.0155585606803,300.6832010623111,281.39095252877826,307.07313533890607,281.9854,287.9851
2017-09-26,22,269.9649,274.0762233659274,257.8369030380848,279.8551656899974,271.9027939003439,291.15607173590234,252.0063,263.9591
2017-09-26,23,257.9931,261.6358001778086,252.60479717152708,264.55382759282503,264.6286226627476,281.66930557222423,252.0,258.0069
2017-09-27,0,246.0066,256.0885387945113,255.47089495568258,252.35264438209168,250.1165644547229,280.91686716815127,257.9931,251.961
2017-09-27,1,251.9937,242.81539692677063,243.59027030829986,243.25842912102496,249.1294364515347,268.47396385106003,246.0193,239.9564
2017-09-27,2,233.9875,240.3405345852083,240.4364521001145,231.44979832439643,241.48038792559805,260.6997576543479,239.9688,257.9596
2017-09-27,3,245.9807,233.9544680205349,231.07682379219466,229.66275570579782,240.87947564962204,250.80445584282373,233.9754,239.9688
2017-09-27,4,228.0179,228.785892922433,229.67077614035807,227.69064996368118,239.93023300349194,243.70975988537572,227.9882,233.9634
2017-09-27,5,215.9831,225.13848823583513,227.73054368791048,223.88988846697455,236.14110870248453,240.90244677939378,233.9634,227.9882
2017-09-27,6,227.9821,223.55543011810602,226.77869623906815,225.18833949180961,233.12413923743108,235.12828725520095,215.9888,215.9834
2017-09-27,7,245.9873,223.54880916107686,227.1439189410626,223.02930125710498,232.06437256034897,234.96167805717363,203.9786,227.9939
2017-09-27,8,239.9876,225.1829117280462,226.8925468287686,223.30572323419943,232.0378781144645,235.50350938549053,209.9671,239.9564
2017-09-27,9,233.9821,227.66034938055017,227.24262853895706,223.47957233693197,233.01361520647907,240.45617274659386,209.9836,239.9872
2017-09-27,10,216.0112,234.4715099549374,236.86928457798743,227.3294089315074,238.82853267645305,248.57236060837897,215.9946,245.9873
2017-09-27,11,251.9605,236.11683836305508,242.65224276518154,232.42925834321215,245.12811179433595,255.41515014479756,222.0118,228.0
2017-09-27,12,239.9812,257.43166652614656,261.92443776323563,256.02028334399034,263.04386282579765,268.92530078912216,245.9873,239.9688
2017-09-27,13,251.9933,279.82188312725845,286.53182238710343,280.30390338431386,280.8785241014667,287.95886844581514,281.993,287.9625
2017-09-27,14,311.9594,321.52442071646885,309.37721550321066,315.16328453248303,313.6715835296891,274.7769542973931,317.983,0.0
2017-09-27,15,323.9832,290.8589472374978,277.11425513597567,280.2726208832705,290.1237502186883,302.22793193151927,275.9715,317.9915
2017-09-27,16,281.9413,319.0321533183438,312.28619551046467,310.9884284126165,287.0725874555408,304.0048876164132,281.9704,281.9633
2017-09-27,17,299.9845,337.4528677664051,323.69560601425405,332.35910100082674,306.2217052625469,316.3215382222803,329.9654,293.9618
2017-09-27,18,299.9765,306.5047616182895,288.26729337278334,292.09983546413014,284.56448926140723,317.49646654357855,299.9925,317.9502
2017-09-27,19,341.9732,309.76028640313547,296.03190629875513,294.8719160576023,286.0597564724634,319.068143415384,305.976,347.9548
2017-09-27,20,341.9823,336.3704596797886,324.9877347994664,323.8070725767052,301.4374430080432,318.082010832426,336.0,324.0081
2017-09-27,21,335.9826,290.86936296935806,279.25488597917735,289.1556793566172,279.29342383428474,306.0084071214347,305.9679,323.9919
2017-09-27,22,299.992,288.1811968692169,281.7343640606608,293.39473711871574,271.75073412612767,283.97742178177015,257.9665,269.9649
2017-09-27,23,263.9793,275.4235528813209,272.9638419981864,280.50054342935414,260.902132371461,272.9511378958586,251.974,257.9931
2017-09-28,0,264.0,253.58943801050464,247.72149404572636,260.70836774513754,252.82382015357447,281.5488757373152,252.0067,246.0066
2017-09-28,1,257.9596,239.7412568486953,236.31822506560854,248.47309418122353,252.8894021245296,272.897093720927,251.9672,251.9937
2017-09-28,2,263.9864,234.15386930385824,231.92068333530153,235.1676148987253,245.84670492522199,260.44472744619065,239.9748,233.9875
2017-09-28,3,257.9729,232.8016242798268,229.46495014603238,233.59628348838024,245.27747433102553,254.3660779077108,239.9872,245.9807
2017-09-28,4,263.9864,228.4063529581653,227.0541079703778,231.84952603741542,244.2700555572314,247.1804956453557,239.956,228.0179
2017-09-28,5,270.0,222.5304056372774,223.8552617955187,227.56419943576543,238.80758172205057,240.30373385380955,227.9882,215.9831
2017-09-28,6,245.9746,224.1134637550065,224.8207016498704,228.91049756557703,240.3907355887028,239.05133827667845,222.0118,227.9821
2017-09-28,7,227.9882,223.51642550671068,224.8631455678741,228.265621563961,240.42241727048236,241.76774023219485,222.0118,245.9873
2017-09-28,8,221.9941,223.6326194433588,224.40809752292884,228.3263323328019,240.42241727048236,239.65350057980058,221.9945,239.9876
2017-09-28,9,227.9821,225.46123691076693,225.40431923908056,228.2844702272809,241.36647268071738,242.99457921715265,215.9719,233.9821
2017-09-28,10,233.9634,226.5206220475051,227.20436431254106,228.11577305901167,241.52150014190357,249.00443478783748,221.9712,216.0112
2017-09-28,11,239.9564,233.12856721567735,234.18984048161445,237.89319483057199,248.4931258278478,262.2202448869075,234.0062,251.9605
2017-09-28,12,263.9723,260.8605170803529,260.7261017677467,265.4847145648747,269.4105331141803,278.25339122874647,281.9709,239.9812
2017-09-28,13,300.0,288.5649204068762,283.52210905540653,293.80997083148196,276.87697872141035,286.0596004403707,275.9858,251.9933
2017-09-28,14,312.0083,307.9168547926438,303.118607614743,307.3750646948677,294.1266881624322,299.9197040079774,281.9925,311.9594
2017-09-28,15,287.9554,315.0820934975294,308.11961024866685,313.36015474815946,305.6959065266946,305.71435014168514,275.9425,323.9832
2017-09-28,16,299.961,316.94279312953256,313.87301944013524,312.45785853071766,291.19665722367256,311.63817247242946,305.9918,281.9413
2017-09-28,17,323.9827,330.7199100154409,320.3669727480966,328.2813772164467,305.7788608908067,316.55639060226986,311.9922,299.9845
2017-09-28,18,318.0164,321.6886547906683,315.432437365793,316.3358121898087,288.7733698757786,318.8348083115554,299.9845,299.9765
2017-09-28,19,329.9571,352.7607682179698,346.81564725575095,340.08292509641433,315.6742148456156,326.1012557785314,329.9829,341.9732
2017-09-28,20,336.0174,352.06970655912716,345.39100605033696,340.08292509641433,314.37693106320137,321.546213175623,329.9742,341.9823
2017-09-28,21,275.9784,322.2489853898584,305.0291674120625,308.669707518162,303.898396347613,312.2441788317583,317.9338,335.9826
2017-09-28,22,263.9793,302.0389989135204,298.24792411505507,303.59328964864505,279.2263663955922,297.51317296348964,300.0,299.992
2017-09-28,23,257.9867,281.45600589619755,272.99529211401955,277.8924119787786,266.18131564103817,281.77016045638265,282.0,263.9793
2017-09-29,0,240.0188,266.3419503015956,267.10798919751403,256.8939567921837,253.0709257135597,296.0850835935976,300.008,264.0
2017-09-29,1,233.9758,249.6124579910772,245.653619093071,250.3707222626878,249.2840370882272,276.3050638704753,246.0131,257.9596
2017-09-29,2,227.9882,246.7199207730061,242.84094460612275,241.39260424203582,242.2730215706991,269.8429041594594,251.9933,263.9864
2017-09-29,3,233.9938,242.83114696956858,237.97831592518918,239.17530628359498,241.67210929472307,262.32859823833087,251.9803,257.9729
2017-09-29,4,227.9878,242.20351153084687,236.5987158862429,239.18479637952294,240.6963722027085,254.14905017428916,233.9754,263.9864
2017-09-29,5,240.0188,239.0712148579044,239.25696769840067,238.86868449957308,239.03160131677149,249.08537072778896,221.9941,270.0
2017-09-29,6,233.9938,236.4243688958504,233.50827112302045,236.05712717139596,236.8170522341799,245.641969602762,221.9941,245.9746
2017-09-29,7,227.9943,235.03538395027525,232.68215215104757,235.67016742481533,236.78537055240034,243.79260249592846,215.9831,227.9882
2017-09-29,8,239.9872,233.95130035783336,232.63301247537572,233.96060892151812,234.7176544964905,242.09565601863176,216.0,221.9941
2017-09-29,9,221.9593,235.53435847556247,235.18263501041162,235.90472729638878,234.16893369153698,246.36494584793604,209.9839,227.9821
2017-09-29,10,228.0061,239.423132279,239.6442022839492,237.5062994002577,236.391677208633,253.21094203600097,209.9618,233.9634
2017-09-29,11,239.9812,243.31378820375653,243.97722354405684,243.09235582834467,244.40319860228772,263.3135863125368,221.9652,239.9564
2017-09-29,12,251.987,258.68475470337546,266.22352338584255,258.83428223813667,262.76012104536863,280.1171733151523,258.0,263.9723
2017-09-29,13,287.9554,284.332721018118,297.9036398044944,281.73772393142457,277.72074726336035,294.4334870714119,275.9568,300.0
2017-09-29,14,263.9793,302.8583216748811,304.3820151554661,288.876567107267,302.0055052477279,309.24694721750495,312.0083,312.0083
2017-09-29,15,264.0071,286.933410751891,303.99758212359126,280.38815679149883,286.6170526493558,305.6677157876708,275.9784,287.9554
2017-09-29,16,276.0,284.9343287427107,301.64755418840105,276.47148755671844,286.6312160048707,311.860745463046,281.985,299.961
2017-09-29,17,294.0073,302.2145643782618,321.6187525102167,289.2706201251409,296.6331182747514,318.3630992989562,293.9848,323.9827
2017-09-29,18,270.014,305.74131540089434,319.7607007191752,287.15777745861993,293.41752477849855,324.1023153871705,306.0,318.0164
2017-09-29,19,281.9558,305.1533079475012,321.07947289150627,286.3318585084977,290.5355504012737,319.4056469234566,287.9698,329.9571
2017-09-29,20,275.9784,303.86006337041607,317.8012104261781,288.1223843621033,289.2382666188595,314.3984858364663,281.985,336.0174
2017-09-29,21,263.9864,281.35172481053485,288.4165801648483,267.25554216763163,272.83128953701305,301.38823572562256,276.0069,275.9784
2017-09-29,22,233.9817,270.643615967011,274.32488987281675,258.73145403777426,266.0595362960149,286.85204817810677,245.9934,263.9793
2017-09-29,23,239.9752,268.46606021451345,271.4496422144261,259.7690594190667,258.47819359808324,277.6669255135764,246.0,257.9867
2017-09-30,0,233.9754,250.54607549886964,240.24095238265326,242.05493651993703,243.1684616939594,241.2858720281658,245.9742,240.0188
2017-09-30,1,239.9628,248.37715826364206,240.78754662703585,240.40342146487285,243.20236198313495,231.25473979605312,239.9752,233.9758
2017-09-30,2,203.9945,245.01902516265565,234.0710620926848,237.37891207299296,241.5963978630136,220.75432299364365,227.9704,227.9882
2017-09-30,3,203.9735,244.62465556604633,233.6389829146453,236.0995909125153,241.1004028727053,217.121900423837,239.9876,233.9938
2017-09-30,4,203.9789,241.6876541814613,232.65750355383173,235.02297206358978,240.12466578069072,210.45949714185468,233.9817,227.9878
2017-09-30,5,209.9839,238.87084168574447,231.8808755447355,234.33490484869134,240.19790360911523,205.0243741607132,215.9662,240.0188
2017-09-30,6,209.9948,237.50793627304208,231.48980334368906,234.1191936404378,240.16622192733567,203.35042058903673,216.0058,233.9938
2017-09-30,7,221.9656,237.79552128482158,231.4474632768353,234.48907076546965,240.0018384268952,200.25227628133467,197.9845,227.9943
2017-09-30,8,221.9826,241.80086995199125,232.42973024942134,234.7047819737232,240.03764554036468,213.39458318042597,246.0066,239.9872
2017-09-30,9,215.9888,241.16487216029262,232.6861042348265,231.87379848368784,238.10168901960537,211.61620870843598,221.9652,221.9593
2017-09-30,10,203.9891,243.84945981172305,233.40475119858985,235.75677051395013,243.2848576689273,220.31987275188527,233.9938,228.0061
2017-09-30,11,209.9727,247.42451542801282,240.5484034261065,238.49599435983453,247.29331557677205,229.29897753024596,239.956,239.9812
2017-09-30,12,221.9882,247.69120751883085,242.93870295342873,239.3953226629799,247.10797800627637,232.93189236669673,215.9942,251.987
2017-09-30,13,179.9859,251.2020296378813,251.39004644264426,248.1431375244849,253.3056361030871,242.08718119662777,209.9671,287.9554
2017-09-30,14,185.9709,247.099813751997,242.84426988380844,244.7447847183901,244.13949773066616,247.25104759716623,215.9716,263.9793
2017-09-30,15,180.0093,247.099813751997,242.84426988380844,244.7447847183901,244.13949773066616,252.37114077829438,215.9888,264.0071
2017-09-30,16,173.9954,249.74665971405108,246.45525944602088,247.95153289225098,245.86728252468382,259.3577842294437,227.9704,276.0
2017-09-30,17,185.995,250.15758740539968,250.65511784855386,251.5276761734535,249.242712871911,263.9399662485233,234.0242,294.0073
2017-09-30,18,180.0141,249.1746795996619,250.59456926985706,247.42839809655143,244.0771030062884,262.5637464884517,239.9624,270.014
2017-09-30,19,186.0,250.41746530631417,252.48333302484238,248.59665574324742,244.51143963436508,259.0959112010577,227.9647,281.9558
2017-09-30,20,180.0093,249.13615606496177,250.85010899824252,246.86901414827497,244.04401558920375,257.7683787477849,245.9676,275.9784
2017-09-30,21,186.0146,245.94063281945031,245.70502096902234,242.6974603809953,240.71273381358856,251.90502280697413,251.9866,263.9864
2017-09-30,22,215.9608,244.62979174674896,245.63990898898047,241.71455009497407,242.26255752704895,240.72901056735157,245.9869,233.9817
2017-09-30,23,210.0,246.6695985691475,247.20225661889089,238.08779580017,244.44265297449562,229.75243648956123,227.9939,239.9752
2017-10-01,0,204.0,230.74058965134944,237.31250476980532,224.5445667246546,239.19713931168693,226.43378467671982,228.0061,233.9754
2017-10-01,1,191.9699,228.3791650450275,232.9279343925349,223.32447408609752,239.31350971673515,217.61952163013444,221.9712,239.9628
2017-10-01,2,185.9662,211.6386569636887,218.78206503150645,214.2363131692197,226.89212941436645,204.40917251722618,210.022,203.9945
2017-10-01,3,179.9859,211.44174797472166,214.9512395673488,213.3442677502965,226.39613442405815,197.9855935833394,210.0,203.9735
2017-10-01,4,167.9782,208.50474659013665,213.87403181812843,212.2782601965459,225.77388186787852,195.3891874352178,221.9941,203.9789
2017-10-01,5,179.9718,207.34128776638346,211.03706695078694,211.82038161007205,229.65717439686668,191.7282582421702,216.0112,209.9839
2017-10-01,6,185.9758,203.58421454684336,210.94223890043384,211.82038161007205,229.63394221286322,188.3232141553373,203.9786,209.9948
2017-10-01,7,185.9854,207.62887277816296,210.02231724239064,212.48272122246232,229.51602308042968,192.6474095607106,216.0169,221.9656
2017-10-01,8,185.9904,207.62887277816296,213.33155227641478,212.48272122246232,229.51602308042968,196.5821590684344,221.9708,221.9826
2017-10-01,9,180.0189,209.96371867888973,215.09745094843305,212.65657032519485,230.14240106829922,201.6174635010989,227.9582,215.9888
2017-10-01,10,191.9853,210.68151061988257,219.63169340640542,213.36314522938835,232.20557370688638,208.55162527334966,239.9812,203.9891
2017-10-01,11,185.9904,224.14099235373158,232.4359375240131,217.1132971433854,235.66988184128343,213.44230602446174,227.9761,209.9727
2017-10-01,12,191.9702,232.26473270807472,241.85483786880584,223.94084412049722,243.3459279039442,219.26973397195414,215.9831,221.9882
2017-10-01,13,192.0,241.24965767415947,245.64107059187415,230.54176555854806,242.82214593107395,225.61808528631366,233.9879,179.9859
2017-10-01,14,191.9699,240.38646307209635,243.66189697782815,234.51787731501085,242.390373785371,234.64755008097055,245.9873,185.9709
2017-10-01,15,180.0093,240.38646307209635,242.35904818047868,234.51787731501085,242.390373785371,239.12721680868236,245.9934,180.0093
2017-10-01,16,186.0192,240.38646307209635,241.78960288044217,234.30478990009794,240.8423028894057,237.47918821580322,221.9708,173.9954
2017-10-01,17,173.9956,240.38646307209635,243.22342401997886,234.47824484671332,241.022988825609,234.56653375464282,191.985,185.995
2017-10-01,18,179.9625,239.81448295770718,244.8598226413956,235.11798020565894,240.36839537876568,236.02553703833343,203.9844,180.0141
2017-10-01,19,174.009,240.09887806031685,246.36609618331278,232.9298086687635,239.4673532467734,242.3427953734422,245.9873,186.0
2017-10-01,20,180.0186,239.77595942300704,245.84337446460984,232.9298086687635,238.99992920161208,236.46276783746418,240.006,180.0093
2017-10-01,21,191.9802,239.43560593157014,244.8787212976386,232.17809049025763,240.048967342287,232.33686182756122,245.9807,186.0146
2017-10-01,22,185.9857,239.43560593157014,245.8373977911806,232.17809049025763,241.79015521187242,229.14631128033886,251.9475,215.9608
2017-10-01,23,179.9907,240.29880053363325,247.96819579763238,227.74453211089954,242.22192735757537,216.00192633010414,228.0118,210.0
2017-10-02,0,173.9956,242.78754041040858,252.44651625112752,231.25029731668076,247.86971621573625,246.87757864811914,227.9882,204.0
2017-10-02,1,167.9737,238.87592042008808,245.3481546112739,229.0659605906091,247.93529818669137,239.910354261796,239.95,191.9699
2017-10-02,2,197.9845,217.63022569770493,224.13183790856428,217.73234492318733,232.36820208045322,235.33307391371739,257.9936,185.9662
2017-10-02,3,203.9949,215.0930272266364,216.21763021781123,216.9391528467421,231.7672898044772,228.42950718166017,257.9936,179.9859
2017-10-02,4,191.9798,213.53588392088233,216.21751303355688,215.34840152491014,229.73884273831933,216.72929198808743,227.9878,167.9782
2017-10-02,5,203.9735,210.03757919640236,215.06681420755748,214.75121183890474,232.51628684338857,215.95680475070412,233.9817,179.9718
2017-10-02,6,185.9712,210.03757919640236,215.3297097594792,214.75121183890474,232.51628684338857,214.28215143695354,227.9939,185.9758
2017-10-02,7,179.9859,210.32516420818186,215.91289400161165,214.34047993693994,232.51628684338857,215.16886895809057,227.9882,185.9854
2017-10-02,8,191.9699,212.72421652197235,217.51567395457715,215.47426222013593,232.51216141169866,217.45044600751294,203.9844,185.9904
2017-10-02,9,185.9808,212.72421652197235,218.19217869916898,215.64811132286846,233.5111306877167,223.5807734921868,215.9831,180.0189
2017-10-02,10,198.0,215.78229794506666,225.9531132099336,216.70091416174392,235.40233303430142,229.2411681823595,209.9944,191.9853
2017-10-02,11,203.9629,236.45272342464295,249.64934968921466,228.71355632868014,254.58060918758875,236.36584846731398,215.9885,185.9904
2017-10-02,12,227.9704,253.11141797925916,272.65688473300554,250.97107471279045,283.75575812114994,249.574043270681,246.0193,191.9702
2017-10-02,13,287.9851,302.5700369847859,311.9659063352217,298.22935403424924,315.4034487979291,268.9426309291113,311.9756,192.0
2017-10-02,14,311.9756,288.38097490384536,310.83078353992676,291.43368238402564,315.50816632223086,270.4364814772203,287.9847,191.9699
2017-10-02,15,270.0072,285.5721363000603,304.0957690458482,286.30834635643134,312.7327495153372,273.13196041628663,281.9925,180.0093
2017-10-02,16,287.9703,288.38097490384536,307.4913033351062,291.2205949691127,314.0093135807196,278.29590984414637,287.9847,186.0192
2017-10-02,17,270.0067,321.6452273590928,329.07018343553614,326.23371563067434,345.85462930473466,286.8666981394798,329.9829,173.9956
2017-10-02,18,299.9770000000001,292.47966679101495,309.916472753682,292.12298026349737,308.9063175024059,277.2809604378442,299.969,179.9625
2017-10-02,19,264.0,291.10329157383825,311.0616760159749,290.512386577196,303.83909857192674,274.45437898844114,299.961,174.009
2017-10-02,20,258.0064,311.0187930697094,321.47043005601967,307.94141822706604,318.8924096211974,274.3271468838916,317.9836,180.0186
2017-10-02,21,257.9798,278.800901598386,298.4805564230128,279.6513952831492,297.4763118792459,263.93467768148537,287.9851,191.9802
2017-10-02,22,258.0,269.6990071147803,286.86346067888053,266.80609725120604,291.18965376004564,251.71190046380616,263.9591,185.9857
2017-10-02,23,227.9764,265.7915297420015,277.36899386196717,252.8476668017442,279.4090679328621,242.09129330682475,258.0069,179.9907
2017-10-03,0,233.9879,253.90030661299386,256.37689010281434,251.4660757112828,246.72519093160628,262.08067187622123,251.961,173.9956
2017-10-03,1,221.9885,253.0117182813163,255.12641311949895,249.28173898521118,246.7907729025614,250.92831274183584,239.9564,167.9737
2017-10-03,2,228.0179,241.41731523414362,236.87196574767648,239.03290346278848,240.19443435076803,249.56677220978085,257.9596,197.9845
2017-10-03,3,221.9767,240.99412816772963,235.87570842350155,237.15930776396047,238.54081210064876,240.21463027099782,239.9688,203.9949
2017-10-03,4,221.9652,238.17372324198547,233.25876071197527,235.79707956095982,237.56507500863418,233.00486734769808,233.9634,191.9798
2017-10-03,5,215.9888,232.59720948982093,229.65868135117844,234.53048728337347,234.8076136611565,229.8795655506815,227.9882,203.9735
2017-10-03,6,216.0058,232.59720948982093,229.34336946895115,234.53048728337347,234.82672041347004,224.78216991614147,215.9834,185.9712
2017-10-03,7,222.0,232.3726847521549,229.46196599584835,234.42511769531467,234.8076136611565,227.42726657824232,227.9939,179.9859
2017-10-03,8,215.9942,236.19396438475871,232.74363414399127,234.4858284641556,234.8076136611565,236.25169832550017,239.9564,191.9699
2017-10-03,9,222.0,238.41221382664463,234.6628497943855,234.65967756688812,235.78335075317108,240.1911321600869,239.9872,185.9808
2017-10-03,10,221.9771,238.3543690542404,235.03750966339396,235.87397392920258,237.70862474395852,248.2807304909378,245.9873,198.0
2017-10-03,11,239.9688,249.89438581063197,255.2300817970704,240.8923223557524,245.4137805881182,252.09063904953712,228.0,203.9629
2017-10-03,12,275.9858,258.19961742431053,268.2374722022834,259.4974564435,266.784449859553,263.6965568443982,239.9688,227.9704
2017-10-03,13,257.9531,284.69845438792544,293.02100353395025,284.9633576507955,285.7616733734419,285.41458752933653,287.9625,287.9851
2017-10-03,14,263.9727,275.85954156083346,286.91458531897825,283.6930871349265,278.7592781219561,238.81251493989703,0.0,311.9756
2017-10-03,15,276.0,306.5678112229059,308.20617964980613,304.4752832054825,305.5376729421676,300.8063969099933,317.9915,270.0072
2017-10-03,16,293.9387,288.7549972608351,296.24473406627243,295.66538118476,292.03740600128634,299.1522369992956,281.9633,287.9703
2017-10-03,17,252.0,291.48281059063936,302.67619518569364,293.52795627527956,289.53319050840304,301.49015842618246,293.9618,270.0067
2017-10-03,18,263.9864,305.2100326435703,308.9991837882248,308.76769361331884,301.23199132108255,306.0304267245359,317.9502,299.9770000000001
2017-10-03,19,269.9721,316.83683107572256,322.7989884445956,313.45399220860594,309.20950284543176,306.1098187642152,347.9548,264.0
2017-10-03,20,300.0,307.73356291980474,312.380926143938,308.64426648339753,295.44975215580905,296.7654375157478,324.0081,258.0064
2017-10-03,21,257.9596,300.32833356747847,302.0202730117312,303.8937424532718,292.40560044146156,290.88482383257696,323.9919,257.9798
2017-10-03,22,227.9939,270.8281754014365,284.1621180978776,271.66976219232066,273.3447029085135,273.35569722975,269.9649,258.0
2017-10-03,23,222.0059,264.51287737906733,275.85959310447,259.19089082448033,266.0470698181888,260.17904730450556,257.9931,227.9764
2017-10-04,0,215.955,256.62683219335344,252.66707014936352,253.82990388455264,246.74863866447507,268.1304613249539,246.0066,233.9879
2017-10-04,1,221.9826,253.81390146710254,249.30703171397937,249.0126047128447,244.20407397248817,259.8668813476864,251.9937,221.9885
2017-10-04,2,222.0115,243.51905602727246,233.51089066867098,239.06113571008035,239.16517210949348,249.3753149755429,233.9875,228.0179
2017-10-04,3,204.0051,239.31441800392167,230.9797998639745,235.02840638739988,235.95411317057545,244.63540762960008,245.9807,221.9767
2017-10-04,4,227.9704,236.49401307817752,230.4881408964202,233.86901964306318,234.97837607856087,236.2675947479795,228.0179,221.9652
2017-10-04,5,227.9704,232.49482090866778,229.17584424441105,232.60242736547684,234.0355937382495,230.30143546553353,215.9831,215.9888
2017-10-04,6,209.9562,232.49482090866778,228.95051875401992,232.60242736547684,234.01648698593596,231.48604586840065,227.9821,216.0058
2017-10-04,7,215.9942,232.27029617100175,229.06911528091712,232.49705777741804,234.01648698593596,236.39988798582786,245.9873,222.0
2017-10-04,8,203.9945,234.98821020402838,229.9888018694536,232.55776854625896,234.01648698593596,239.7703343728361,239.9876,215.9942
2017-10-04,9,209.9727,237.2064596459143,230.00321260775004,232.7316176489915,234.99222407795054,243.67490806111965,233.9821,222.0
2017-10-04,10,227.9704,239.48675527469197,231.39743835246892,233.94591401130594,237.23407434736012,246.0442664822603,216.0112,221.9771
2017-10-04,11,239.9624,252.59772628555658,248.87115022745178,239.7349635092195,245.36191584676578,261.2934672833108,251.9605,239.9688
2017-10-04,12,258.0138,261.68104921370644,266.13026246526846,262.31707879991393,261.9726490500802,269.4364920717408,239.9812,275.9858
2017-10-04,13,252.0067,280.40070339635884,281.1188967971916,274.5672163048311,267.7063664664939,276.9483836202376,251.9933,257.9531
2017-10-04,14,251.961,303.9003632810202,302.9008048143616,305.69784618775844,295.70651835096726,295.21642947399295,311.9594,263.9727
2017-10-04,15,287.9775,307.29059512085763,299.98587036267173,311.67496083118584,303.023007212278,303.7319296217409,323.9832,276.0
2017-10-04,16,288.0077,290.22191885818455,296.3893114533708,298.3348468379893,286.72695720924776,300.920648141498,281.9413,293.9387
2017-10-04,17,269.9717,291.205732554239,299.27144211450855,295.2110432704362,286.3128899148269,302.16499723923897,299.9845,252.0
2017-10-04,18,275.9568,291.5350204677482,299.3833458474432,293.57264724360607,279.23018279173095,300.7567275475934,299.9765,263.9864
2017-10-04,19,288.0,310.325255412951,305.21943731695285,310.9879608549526,299.82285699386904,307.0644496095726,341.9732,269.9721
2017-10-04,20,299.9375,312.34378784691273,304.44822213563504,313.75062234818466,299.42065351535695,305.68207248692477,341.9823,300.0
2017-10-04,21,269.9577,300.169833075277,289.40068661143863,302.83215201625814,292.15666031360524,294.7231352548968,335.9826,257.9596
2017-10-04,22,245.9934,278.95445324665855,283.97331413636357,280.1652914154283,274.3678922782762,277.8395775357289,299.992,227.9939
2017-10-04,23,245.968,265.15447688269035,266.5556772240023,255.65166139286333,259.0187676618981,262.3232572465047,263.9793,222.0059
2017-10-05,0,239.9752,258.4025614999319,254.42490067785968,256.72567078165196,250.37067824639135,265.9806100958123,264.0,215.955
2017-10-05,1,239.99400000000003,251.57178204995316,245.25363223115275,254.54133405558008,252.32465841705383,256.9432200749867,257.9596,221.9826
2017-10-05,2,227.9586,244.56563873045863,237.21257243248564,244.68787941792596,245.3136428995258,250.3354196530288,263.9864,222.0115
2017-10-05,3,234.0058,244.56563873045863,234.5785660176014,243.2881125408818,242.82433242384243,240.89910996688278,257.9729,204.0051
2017-10-05,4,215.9831,244.31524525853214,236.291618713106,244.9490721590859,246.34714019447722,239.2656955079874,263.9864,227.9704
2017-10-05,5,209.9892,241.01354027603963,233.893308114244,241.52050460403683,242.95238241520624,237.2497524734392,270.0,227.9704
2017-10-05,6,215.9888,238.80621535010124,229.0613358033956,239.94322342001496,237.94355818544574,229.83115202805163,245.9746,209.9562
2017-10-05,7,215.9662,238.5816906124352,231.42514637885807,239.08263621014538,237.94355818544574,227.8850546259651,227.9882,215.9942
2017-10-05,8,203.984,238.64589702549893,230.24956145144296,239.1433469789863,237.96266493775929,229.43915536612485,221.9941,203.9945
2017-10-05,9,209.9783,240.21847740814027,232.10759668012355,239.31719608171883,238.91929527746032,235.73539677716744,227.9821,209.9727
2017-10-05,10,227.9704,241.47081451218284,235.28303315653378,240.73850488637873,245.09815305017355,244.50615420688317,233.9634,227.9704
2017-10-05,11,228.0,247.87322732576885,243.74856329189686,247.50079627838997,251.4883530116074,253.61362540112438,239.9564,239.9624
2017-10-05,12,239.9628,261.2817477061476,263.1483455605215,263.39448542429557,269.3607132654308,267.121404968987,263.9723,258.0138
2017-10-05,13,0.0,283.5987982697163,287.73963224206534,284.9526170409128,282.7081054670737,280.5173845689663,300.0,252.0067
2017-10-05,14,0.0,301.81776395826444,301.4112527301325,303.4635380841389,306.14403590564154,289.1937384430397,312.0083,251.961
2017-10-05,15,0.0,289.44570611823116,301.2760726001838,296.8128934883384,296.11308121990135,293.1861315123086,287.9554,287.9775
2017-10-05,16,0.0,290.3485524465353,304.021567358098,299.96286655646503,294.2096134138115,299.1357433012853,299.961,288.0077
2017-10-05,17,0.0,306.6044057059796,307.1363414927454,310.0094413829981,307.7778379584307,303.8269989112102,323.9827,269.9717
2017-10-05,18,0.0,305.8105603841082,309.0030082830552,303.758978870533,304.9562853547022,302.0561023472404,318.0164,275.9568
2017-10-05,19,0.0,310.8824813655024,307.11931663133737,311.4617648297371,304.0627721226176,303.16027633509134,329.9571,288.0
2017-10-05,20,0.0,309.5574586440812,303.1660445460935,311.4617648297371,302.4848757287054,301.17715354732,336.0174,299.9375
2017-10-05,21,0.0,280.0370058841147,284.0171249545278,281.2062417008957,278.05560827582525,280.91076032510205,275.9784,269.9577
2017-10-05,22,0.0,270.2838848624867,270.84067588972454,270.8976962641391,273.6760692007293,269.0493846947278,263.9793,245.9934
2017-10-05,23,0.0,265.1112966955387,263.4327644777529,263.79394497159524,266.13149579228866,259.68352196886656,257.9867,245.968
2017-10-06,0,0.0,228.99074832508873,223.17516019578136,209.706188253891,241.05061220140766,188.66963224779198,240.0188,239.9752
2017-10-06,1,0.0,201.8017147223673,200.79999533697406,201.53088309176812,241.11619417236278,178.6267344871137,233.9758,239.99400000000003
2017-10-06,2,0.0,192.72736265693376,188.55796146964505,189.73605192559927,225.16091554627442,168.1780021866774,227.9882,227.9586
2017-10-06,3,0.0,182.18828688848618,177.62943202664715,188.3362850485551,224.5600032702984,162.9420807722467,233.9938,234.0058
2017-10-06,4,0.0,180.65269751259424,175.34261006136046,183.46595154714174,220.7779306254587,154.80239031093737,227.9878,215.9831
2017-10-06,5,0.0,176.82977531054345,176.14699023679384,182.86876186113633,222.04527226530934,153.20527453626232,240.0188,209.9892
2017-10-06,6,0.0,176.82977531054345,173.94451693960696,182.86876186113633,222.04527226530934,151.42295888982906,233.9938,215.9888
2017-10-06,7,0.0,178.63417846710456,173.94451693960696,183.59389868390608,222.04527226530934,151.26013544653148,227.9943,215.9662
2017-10-06,8,0.0,183.58989954536813,180.51622073583522,185.86528147173,222.04527226530934,152.07279997538149,239.9872,203.984
2017-10-06,9,0.0,183.58989954536813,181.42854578992885,186.03913057446252,223.37801457358242,154.04740987927485,221.9593,209.9783
2017-10-06,10,0.0,194.8154979250327,190.68945921488898,188.09948163497776,226.97020421416389,163.1836990362057,228.0061,227.9704
2017-10-06,11,0.0,199.60152138233437,204.27374514658877,197.78393689757667,244.05862841941854,172.72602615763304,239.9812,228.0
2017-10-06,12,0.0,237.39973353294494,243.10272962509362,218.22824703747884,268.71316788637023,183.8072940622049,251.987,239.9628
2017-10-06,13,0.0,281.1074893902812,280.7475683040809,256.01588988227843,299.8266590609315,175.70474800686551,287.9554,0.0
2017-10-06,14,0.0,282.2996489261227,277.1469072652007,271.3577213087585,307.9148240683591,177.9130062785097,263.9793,0.0
2017-10-06,15,0.0,291.1461186999986,285.58445452270325,277.15730231302274,307.9148240683591,183.48985827718639,264.0071,0.0
2017-10-06,16,0.0,291.73179436814166,298.9930545019032,296.10284695905784,307.8688378953639,189.70547983051523,276.0,0.0
2017-10-06,17,0.0,310.4854531706579,316.541609139312,293.54493812569996,309.4205319816757,195.10720413821556,294.0073,0.0
2017-10-06,18,0.0,303.5161203543984,301.6608352056894,287.29358506574897,305.53350533590594,193.7394316561593,270.014,0.0
2017-10-06,19,0.0,308.0181766499452,311.6747414023128,287.86384057160046,303.79651322562717,193.65682719222002,281.9558,0.0
2017-10-06,20,0.0,291.03676069471095,295.7296589879174,290.9844214467737,300.67790435967885,188.08136248268931,275.9784,0.0
2017-10-06,21,0.0,285.4334093123082,281.39589885369435,282.7861769982496,296.86728127794754,179.54547483647417,263.9864,0.0
2017-10-06,22,0.0,274.08873511728086,270.53313512880743,271.39734770836856,295.58724918595556,166.13218092446522,233.9817,0.0
2017-10-06,23,0.0,270.77221849551324,264.8007230971865,255.65586213095327,284.6581192776422,158.65003447096362,239.9752,0.0
2017-10-07,0,0.0,241.3370755733792,240.21372285210373,224.25369405243364,254.22059783084347,136.93381854871083,233.9754,0.0
2017-10-07,1,0.0,221.34592467924807,224.5982658654867,218.2515064749478,254.28617980179857,129.08307694564886,239.9628,0.0
2017-10-07,2,0.0,218.08087489844868,214.50233748824817,211.26654809030086,242.37788994164234,113.926669519129,203.9945,0.0
2017-10-07,3,0.0,214.4843418507849,205.22966805847946,210.9810774719766,241.88189495133403,106.88491812556276,203.9735,0.0
2017-10-07,4,0.0,211.40474871442268,205.22966805847946,210.23238037344342,241.04296633061475,101.51848559227145,203.9789,0.0
2017-10-07,5,0.0,210.2412898906695,204.2234491116998,209.635190687438,243.82041043568398,99.28884479007351,209.9839,0.0
2017-10-07,6,0.0,210.2412898906695,204.2234491116998,209.635190687438,243.82041043568398,98.08472537781049,209.9948,0.0
2017-10-07,7,0.0,210.75339964011502,204.08375071231606,209.2498501906591,243.7177725748829,101.37602850025112,221.9656,0.0
2017-10-07,8,0.0,210.75339964011502,205.08996965909571,209.2498501906591,243.7177725748829,104.47263842527659,221.9826,0.0
2017-10-07,9,0.0,213.230837292619,204.51125194670547,209.42369929339162,244.5567011956022,108.25365942573751,215.9888,0.0
2017-10-07,10,0.0,217.25246434999661,214.05094910758476,209.7091699117159,246.42504216868184,112.33718963158293,203.9891,0.0
2017-10-07,11,0.0,218.81724087862685,223.99600746927467,214.99767113250007,259.4177949385418,120.83077652969988,209.9727,0.0
2017-10-07,12,0.0,241.32598468107406,246.2470839273888,222.47225568722791,266.9720963880878,130.90019282239447,221.9882,0.0
2017-10-07,13,0.0,252.0541897447071,247.95205577174872,233.44548768045152,268.16171869909607,130.48091730071053,179.9859,0.0
2017-10-07,14,0.0,251.50692605009786,246.84971911108963,240.36567548511633,267.6931772639021,138.52119511718283,185.9709,0.0
2017-10-07,15,0.0,260.4733798738682,254.07452363926024,246.1652564893805,267.6931772639021,143.03831966514548,180.0093,0.0
2017-10-07,16,0.0,268.4980469619413,261.92247047732434,262.33067456102674,266.4234691419319,145.87517050061646,173.9954,0.0
2017-10-07,17,0.0,269.9837769275241,267.8994172575161,262.65720812153535,266.6273872621387,150.16910457667697,185.995,0.0
2017-10-07,18,0.0,271.8320110004047,267.68087411656376,263.0777993255839,265.9727938152954,148.8510076119824,180.0141,0.0
2017-10-07,19,0.0,271.748484703238,267.88463837735435,262.85756906263964,264.9264749351762,147.61483415640885,186.0,0.0
2017-10-07,20,0.0,269.9398361003454,263.4489841858593,262.85756906263964,264.4590508900148,141.9953000183948,180.0093,0.0
2017-10-07,21,0.0,262.73203893990586,255.60594567572213,265.69554299292207,265.6181402890212,136.8363656732013,186.0146,0.0
2017-10-07,22,0.0,253.76558511613553,248.3811411475516,259.89596198865786,267.49556245975435,134.80601380246188,215.9608,0.0
2017-10-07,23,0.0,254.31284881074475,249.0704460649348,252.51832756109755,268.06674175574943,124.93667532911226,210.0,0.0
2017-10-08,0,0.0,242.06620940614485,241.56116774302194,227.57510233334892,265.79762430991764,132.3100534258113,204.0,0.0
2017-10-08,1,0.0,222.07505851201373,225.9457107564049,219.40073121262319,265.8632062808727,120.98672841402626,191.9699,0.0
2017-10-08,2,0.0,218.81000873121434,215.84978237916638,211.72068582495922,253.8331718076018,111.53880290083256,185.9662,0.0
2017-10-08,3,0.0,215.21347568355054,206.57711294939767,211.43521520663495,253.33717681729348,103.33642325240041,179.9859,0.0
2017-10-08,4,0.0,212.13388254718834,205.57089400261802,210.68651810810178,252.82850054840569,95.65601453813085,167.9782,0.0
2017-10-08,5,0.0,210.97042372343515,205.57089400261802,210.22863952162794,256.31429364238596,94.56211178369989,179.9718,0.0
2017-10-08,6,0.0,210.97042372343515,205.57089400261802,210.22863952162794,256.31429364238596,94.50112992457946,185.9758,0.0
2017-10-08,7,0.0,211.48253347288068,205.43119560323427,209.84329902484902,256.31429364238596,95.50755597592683,185.9854,0.0
2017-10-08,8,0.0,211.48253347288068,205.43119560323427,209.84329902484902,256.31429364238596,98.61179348093683,185.9904,0.0
2017-10-08,9,0.0,213.95997112538464,205.85869683762368,210.01714812758155,256.8229699112738,102.41286626234202,180.0189,0.0
2017-10-08,10,0.0,217.98159818276227,215.39839399850297,210.30261874590582,257.71626965490185,111.10185224803357,191.9853,0.0
2017-10-08,11,0.0,219.5463747113925,225.34345236019288,215.2179170417426,270.0006734358506,117.32782470217174,185.9904,0.0
2017-10-08,12,0.0,242.05511851383972,247.594528818307,223.6214804249033,277.65761274619786,126.26827801978706,191.9702,0.0
2017-10-08,13,0.0,254.72098601704533,249.29950066266693,236.84678327134213,278.7445971964049,133.9157478390622,192.0,0.0
2017-10-08,14,0.0,254.1737223224361,248.19716400200784,243.76697107600694,278.2760557612109,140.82925158644,191.9699,0.0
2017-10-08,15,0.0,263.1401761462065,255.64260757959045,249.56655208027112,278.2760557612109,144.21929746788504,180.0093,0.0
2017-10-08,16,0.0,274.65331515246413,266.2919538731107,265.73197015191744,277.8787510078912,149.37217146961302,186.0192,0.0
2017-10-08,17,0.0,274.65331515246413,269.46750119784645,266.05850371242605,278.082669128098,149.08022163734233,173.9956,0.0
2017-10-08,18,0.0,276.5015492253447,269.2489580568941,266.4790949164746,277.4280756812547,150.05120751085272,179.9625,0.0
2017-10-08,19,0.0,276.418022928178,269.4527223176847,266.443844209205,276.6947498476993,146.52755819617153,174.009,0.0
2017-10-08,20,0.0,276.0951042908682,267.81846758164556,266.443844209205,276.2273258025379,143.19384261061847,180.0186,0.0
2017-10-08,21,0.0,265.39883521224425,257.17402961605245,269.28181813948737,277.38641520154425,139.158604726303,191.9802,0.0
2017-10-08,22,0.0,256.43238138847374,249.7285860384698,263.48223713522316,279.3664752330786,130.231971849657,185.9857,0.0
2017-10-08,23,0.0,256.979645083083,250.417890955853,256.1046027076628,279.8350166682726,120.33213379617706,179.9907,0.0
2017-10-09,0,0.0,254.02424474348817,253.23291701692492,241.11226348678485,275.04526936214796,158.64332016045844,173.9956,0.0
2017-10-09,1,0.0,224.08380070841636,226.79696772539236,228.87698992287082,275.1108513331031,148.3748764366982,167.9737,0.0
2017-10-09,2,0.0,216.65187321305334,215.535343710712,213.38815071991482,257.0377324540166,145.72869054663911,197.9845,0.0
2017-10-09,3,0.0,215.21347568355054,208.97846017793773,212.5949586434696,256.4368201780404,139.74457362785114,203.9949,0.0
2017-10-09,4,0.0,212.13388254718834,207.97224123115808,211.84626154493643,255.59789155732125,132.00470667937913,191.9798,0.0
2017-10-09,5,0.0,210.97042372343515,207.97224123115808,211.24907185893102,258.37533566239046,130.87433597574702,203.9735,0.0
2017-10-09,6,0.0,210.97042372343515,207.97224123115808,211.24907185893102,258.37533566239046,126.208334969313,185.9712,0.0
2017-10-09,7,0.0,211.48253347288068,207.83254283177433,210.8637313621521,258.37533566239046,126.08033953763245,179.9859,0.0
2017-10-09,8,0.0,210.8833024755966,207.83254283177433,210.92444213099301,258.37533566239046,126.73633769687555,191.9699,0.0
2017-10-09,9,0.0,213.36074012810056,208.26004406616374,211.09829123372555,259.21426428310986,130.59208603659823,185.9808,0.0
2017-10-09,10,0.0,214.52871668695988,214.816927598938,211.89148331017077,260.2562954450475,139.36681557344488,198.0,0.0
2017-10-09,11,0.0,219.7449336282152,228.01042737765067,223.48112596977145,280.8646522130361,147.96848689860641,203.9629,0.0
2017-10-09,12,0.0,264.77599015419355,269.03737749471867,252.33327665182384,311.7743885450991,160.45229570028692,227.9704,0.0
2017-10-09,13,0.0,304.27145952711186,303.96685084822394,286.095755804841,330.43124823093274,179.6698285491709,287.9851,0.0
2017-10-09,14,0.0,333.5892218406619,328.6735421930331,330.26953319730194,359.38542115529543,191.2667296741546,311.9756,0.0
2017-10-09,15,0.0,315.71485076722905,310.07909991485496,306.48287709748536,337.66956361728626,188.9917148385107,270.0072,0.0
2017-10-09,16,0.0,335.8262442584943,337.9622008163356,324.8710658808326,342.86357808382814,196.4893626578822,287.9703,0.0
2017-10-09,17,0.0,329.1898039258574,325.8694970985926,322.97482872963997,337.3025880629591,195.09753611526028,270.0067,0.0
2017-10-09,18,0.0,340.09730250794723,343.62176660420846,329.2540080596042,339.12675703879586,205.44937974836952,299.9770000000001,0.0
2017-10-09,19,0.0,328.4913974980174,324.7565830926455,321.8994511218183,328.8666280341366,196.1695785929861,264.0,0.0
2017-10-09,20,0.0,328.16847886070764,324.6566817975186,321.8994511218183,327.51378855339556,190.50307932025544,258.0064,0.0
2017-10-09,21,0.0,304.36016496540753,303.3683438909854,311.770803137474,320.9331568478471,184.11637187205758,257.9798,0.0
2017-10-09,22,0.0,292.48618301464,291.2255289104306,299.81481527584145,320.7058347299984,176.26475088152554,258.0,0.0
2017-10-09,23,0.0,287.13389567649074,282.9272142756972,281.62814755392094,307.90930821816266,161.67998499415646,227.9764,0.0
2017-10-10,0,0.0,256.3078729541897,253.59269658323322,242.50368006562965,275.3062675094664,162.3953559609044,233.9879,0.0
2017-10-10,1,0.0,226.36742891911786,227.15674729170067,230.26840650171562,275.39095623273505,150.95371031944825,221.9885,0.0
2017-10-10,2,0.0,217.42184574750397,215.84610281861853,214.19225272719237,257.298730601335,143.69207133743618,228.0179,0.0
2017-10-10,3,0.0,215.98344821800117,209.28921928584427,213.39906065074715,256.7169250776724,135.37866135221583,221.9767,0.0
2017-10-10,4,0.0,212.90385508163897,208.2830003390646,212.65036355221397,255.87799645695324,129.91695334069055,221.9652,0.0
2017-10-10,5,0.0,211.74039625788578,208.2830003390646,212.05317386620857,258.6554405620225,125.33732615980514,215.9888,0.0
2017-10-10,6,0.0,211.74039625788578,208.2830003390646,212.05317386620857,258.6554405620225,124.11463866164792,216.0058,0.0
2017-10-10,7,0.0,212.2525060073313,208.14330193968087,211.97724007306658,258.6554405620225,126.28231121514716,222.0,0.0
2017-10-10,8,0.0,211.65327501004722,208.14330193968087,212.0379508419075,258.6554405620225,123.52608579123387,215.9942,0.0
2017-10-10,9,0.0,214.1307126625512,208.57080317407028,212.21179994464003,259.4943691827418,129.69475708297597,222.0,0.0
2017-10-10,10,0.0,215.2986892214105,215.12768670684454,213.00499202108526,260.30725572513825,136.18948536751907,221.9771,0.0
2017-10-10,11,0.0,222.0285618389167,228.37020694395898,224.59463468068594,277.304694252393,147.11999331335178,239.9688,0.0
2017-10-10,12,0.0,270.2890380835799,278.69485591590296,255.6735770735559,310.6126071206889,161.9309680702407,275.9858,0.0
2017-10-10,13,0.0,298.5654207869005,295.9131943591396,284.98649380405436,321.1725710440016,166.24714831832185,257.9531,0.0
2017-10-10,14,0.0,306.6960370812127,304.5591791109149,301.7968048041357,334.2313502697578,174.4337323941883,263.9727,0.0
2017-10-10,15,0.0,321.4580960008601,325.9000892678689,311.7268582982085,335.45507221873277,182.51221204835673,276.0,0.0
2017-10-10,16,0.0,336.22436343545513,342.78265887540954,327.2883971596494,336.405543431518,190.02340616920486,293.9387,0.0
2017-10-10,17,0.0,330.2361957493601,329.74646052672404,324.47324990951296,332.98525366250163,184.0564242427173,252.0,0.0
2017-10-10,18,0.0,332.1929886121571,332.1560723173462,325.39304556724267,332.75208632868043,190.9538248348531,263.9864,0.0
2017-10-10,19,0.0,330.33513796614085,331.98001123624823,324.5946902685654,328.2830402324565,189.6978780590623,269.9721,0.0
2017-10-10,20,0.0,336.3947520688759,349.1221016793375,331.150891907674,329.4609482870515,190.9110952413992,300.0,0.0
2017-10-10,21,0.0,305.5128437746883,309.2914174626576,314.4660422842211,320.4051247444938,176.4686380763139,257.9596,0.0
2017-10-10,22,0.0,293.36659949720894,294.68411422981774,301.59114432364476,319.1250926525018,162.85676625443563,227.9939,0.0
2017-10-10,23,0.0,289.4175238871922,288.6296487979574,284.32338670066804,307.40038286712286,152.84253719375383,222.0059,0.0
2017-10-11,0,0.0,261.23449184720283,258.1394167842074,244.7094462644844,262.57302718804976,157.67321792442365,215.955,0.0
2017-10-11,1,0.0,236.12776555667708,233.97082645200774,241.10052483303664,262.63860915900483,149.8020848366314,221.9826,0.0
2017-10-11,2,0.0,230.85397357947505,221.43807626010485,226.97609432760973,244.56549027991846,141.50602674090806,222.0115,0.0
2017-10-11,3,0.0,227.25744053181126,212.16540683033614,226.1829022511645,244.06721586474353,131.00107057820068,204.0051,0.0
2017-10-11,4,0.0,224.17784739544905,211.15918788355648,225.43420515263134,243.10654263090962,130.20109271280302,227.9704,0.0
2017-10-11,5,0.0,223.01438857169586,211.15918788355648,224.83701546662593,246.11014564364652,126.81181390500126,227.9704,0.0
2017-10-11,6,0.0,223.01438857169586,211.15918788355648,224.83701546662593,246.23189025676115,122.15566897994569,209.9562,0.0
2017-10-11,7,0.0,223.5264983211414,211.01948948417274,224.76108167348394,246.81000307644177,124.31568279184984,215.9942,0.0
2017-10-11,8,0.0,221.37820363654745,210.85637076511998,224.82179244232486,247.65482275494958,120.29224438921426,203.9945,0.0
2017-10-11,9,0.0,223.85564128905142,211.86258971189963,224.9956415450574,248.49375137566886,126.38083598694982,209.9727,0.0
2017-10-11,10,0.0,226.88990776821643,221.27586927448033,225.78883362150262,250.05729667360126,136.22555107112075,227.9704,0.0
2017-10-11,11,0.0,229.94798919131074,235.9419513038371,237.61236810651914,268.6737688412747,145.89475544449803,239.9624,0.0
2017-10-11,12,0.0,266.1903021169088,276.91053889427866,264.8680992229783,298.91268983315916,157.14696389969643,258.0138,0.0
2017-10-11,13,0.0,289.3673068530664,293.521035143416,286.26666800318674,309.64366573130354,163.64190540607459,252.0067,0.0
2017-10-11,14,0.0,297.9918858634649,300.6716364646177,304.1604639235459,322.70244495705975,170.55463616796362,251.961,0.0
2017-10-11,15,0.0,306.8242782301908,315.5631806103438,305.67637975752285,327.9110825201525,183.1249377932282,287.9775,0.0
2017-10-11,16,0.0,312.4335108869623,322.5344451543585,305.67637975752285,326.64137439818234,187.13531025084615,288.0077,0.0
2017-10-11,17,0.0,306.55163018664535,316.11601003004046,305.4059075829983,322.6893649294397,185.69406199259447,269.9717,0.0
2017-10-11,18,0.0,314.216825669537,321.1647833456575,307.6461284921233,320.2851008646385,191.5008504159781,275.9568,0.0
2017-10-11,19,0.0,316.70141850068615,323.0470844329287,304.0983531063072,317.75451668134343,191.41978399684788,288.0,0.0
2017-10-11,20,0.0,317.28134619168054,324.7903387857838,306.6587479378682,314.776497146989,189.21920139278484,299.9375,0.0
2017-10-11,21,0.0,292.1107294873994,294.1678809589993,295.26135507670983,305.7206736044313,177.1588214786337,269.9577,0.0
2017-10-11,22,0.0,288.12822948861196,285.79438756271475,287.39270759609025,304.4406415124393,164.79254046142555,245.9934,0.0
2017-10-11,23,0.0,284.8117128668443,281.235305561428,269.04146505283575,292.69682497474685,156.03251748218594,245.968,0.0
2017-10-12,0,0.0,259.57129567733404,259.3541362546157,240.6735298021381,262.64686200409824,126.76692711545783,239.9752,0.0
2017-10-12,1,0.0,240.0563900591323,239.43064465872692,238.48919307606644,262.71244397505336,118.06031239615228,239.99400000000003,0.0
2017-10-12,2,0.0,231.25199770633145,222.45593729393042,227.55095829341312,246.73067090308044,107.74891133081232,227.9586,0.0
2017-10-12,3,0.0,229.03374826444553,214.41115540528085,226.7577662169679,246.12975862710442,102.09687588439022,234.0058,0.0
2017-10-12,4,0.0,227.3282271810101,212.92011263879698,226.00906911843472,245.24250772657953,93.4571258081375,215.9831,0.0
2017-10-12,5,0.0,226.16476835725692,212.92011263879698,225.41187943242932,248.34874860011752,89.042388252271,209.9892,0.0
2017-10-12,6,0.0,223.68733070475295,212.92011263879698,225.41187943242932,248.24611073931644,89.02159690167335,215.9888,0.0
2017-10-12,7,0.0,226.508493378114,212.78041423941323,225.0265389356504,248.92686141979814,89.98083060700242,215.9662,0.0
2017-10-12,8,0.0,226.5726997911777,212.61729552036047,225.0872497044913,249.77168109830595,85.65000317822916,203.984,0.0
2017-10-12,9,0.0,227.6760653907549,214.10833828684434,225.26109880722385,250.67803875114438,91.54884722785576,209.9783,0.0
2017-10-12,10,0.0,229.89431483264082,222.02670257719532,226.05429088366907,252.24158404907678,101.14119318295968,227.9704,0.0
2017-10-12,11,0.0,236.97220051135972,239.9187789496246,237.8778253686856,269.4047434180453,108.22926377858926,228.0,0.0
2017-10-12,12,0.0,268.2397213594372,272.741009731902,259.28832837094893,296.1156961680749,118.00263613529373,239.9628,0.0
2017-10-12,13,0.0,289.9913101040003,285.85717592906417,280.4264721883166,310.62268839907495,79.42616217774957,0.0,0.0
2017-10-12,14,0.0,297.66769184039623,297.1611655200851,297.89235354434936,323.68146762483116,86.05499317363717,0.0,0.0
2017-10-12,15,0.0,297.66769184039623,297.3602341732963,297.89235354434936,323.68146762483116,91.4837871488701,0.0,0.0
2017-10-12,16,0.0,298.9927145618174,300.03799048137734,297.93887689186664,322.411759502861,95.29555454264022,0.0,0.0
2017-10-12,17,0.0,301.4809965883879,303.7542768122951,298.26541045237525,322.6156776230678,97.18350348340317,0.0,0.0
2017-10-12,18,0.0,300.5585235357281,304.05805420265983,297.19056507056126,317.6215165760102,101.99347588924215,0.0,0.0
2017-10-12,19,0.0,299.1821483185514,300.1323553062054,296.970334807617,313.5249017860221,99.64980526927343,0.0,0.0
2017-10-12,20,0.0,296.37094765467117,297.0369636299456,296.970334807617,312.22761800360786,95.2867114215621,0.0,0.0
2017-10-12,21,0.0,285.0196546758149,287.0420786958044,283.4523680724762,305.6469862980594,89.15450575857392,0.0,0.0
2017-10-12,22,0.0,283.31716522034446,284.81993487564034,278.2774714645406,305.4196641802107,81.6240617393901,0.0,0.0
2017-10-12,23,0.0,279.4096878475657,276.10746460453436,261.37496496687686,293.67584764251825,73.16154045636856,0.0,0.0
2017-10-13,0,0.0,259.6878921361749,261.7391370611603,242.59916946175775,264.7112062902773,78.35412176201564,0.0,0.0
2017-10-13,1,0.0,255.77627214585442,254.80542145386386,240.4148327356861,264.77678826123235,70.06316327616841,0.0,0.0
2017-10-13,2,0.0,232.38794243507584,226.38843702518244,229.4765979530328,248.79501518925937,62.44490032450281,0.0,0.0
2017-10-13,3,0.0,231.3685941651723,224.84093810047514,228.68340587658759,248.19410291328336,55.97147871449778,0.0,0.0
2017-10-13,4,0.0,228.4315927805873,221.80201377559976,227.93470877805441,247.21836582126878,51.03702520813789,0.0,0.0
2017-10-13,5,0.0,226.16476835725692,218.35722690840407,227.337519092049,250.22196883400568,47.93078843440907,0.0,0.0
2017-10-13,6,0.0,226.16476835725692,218.35722690840407,227.337519092049,250.22196883400568,46.8174270732398,0.0,0.0
2017-10-13,7,0.0,226.508493378114,218.47582343530127,227.70739621708086,250.9027195144874,47.72578863857484,0.0,0.0
2017-10-13,8,0.0,226.55466666410555,221.7574915834442,227.76810698592178,251.6449013321941,50.81949868478438,0.0,0.0
2017-10-13,9,0.0,228.88951256483233,225.4729206529114,227.9419560886543,252.6206384242087,55.31416370908303,0.0,0.0
2017-10-13,10,0.0,229.90886083473586,226.86714639763028,228.73514816509953,254.6033978615643,61.12900861175953,0.0,0.0
2017-10-13,11,0.0,252.2878164328375,256.36316713783174,240.74779033203575,271.76655723053284,67.82073509927972,0.0,0.0
2017-10-13,12,0.0,267.87718717894774,278.3594373414331,261.1311939811836,298.47750998056256,74.88628684721758,0.0,0.0
2017-10-13,13,0.0,291.5576081301948,290.4920284214357,282.40423783214817,310.2611958528502,81.79713195742517,0.0,0.0
2017-10-13,14,0.0,299.2339898665907,302.208278264497,298.0095280602567,323.0495729077621,88.03528153345113,0.0,0.0
2017-10-13,15,0.0,299.2339898665907,300.8876932334007,298.0095280602567,323.0495729077621,93.12858976781644,0.0,0.0
2017-10-13,16,0.0,299.2339898665907,299.2278001708758,298.05605140777396,321.4823952594834,96.68292989853671,0.0,0.0
2017-10-13,17,0.0,299.2339898665907,299.27209137606883,298.3825849682826,321.3427945534562,98.40905329662579,0.0,0.0
2017-10-13,18,0.0,296.86181524657735,296.5080516979969,296.60929905589774,315.5187128639644,97.86974616534354,0.0,0.0
2017-10-13,19,0.0,295.48544002940065,295.6349354449983,295.07991067165466,312.2520187164105,95.58127122436889,0.0,0.0
2017-10-13,20,0.0,295.16252139209087,295.5350341498714,295.07991067165466,311.29825376023024,91.38000291933145,0.0,0.0
2017-10-13,21,0.0,285.13625113465577,289.18930378466587,281.56194393651384,304.7176220546818,85.5052245193931,0.0,0.0
2017-10-13,22,0.0,283.43376167918535,288.48681364880935,276.38704732857826,304.4902999368331,78.31026624107696,0.0,0.0
2017-10-13,23,0.0,279.5262843064066,279.362083125663,261.3451319588387,293.01688556998494,70.23842637791711,0.0,0.0
2017-10-14,0,0.0,249.65103466884437,248.75570943410727,237.49781877056415,258.98646298208314,46.3114485770393,0.0,0.0
2017-10-14,1,0.0,245.92670464982004,243.9067809368588,236.06201492375354,259.05204495303826,38.03749751632978,0.0,0.0
2017-10-14,2,0.0,230.73527059180185,229.79116466968748,229.72409411672263,248.47532327847208,30.43508296188503,0.0,0.0
2017-10-14,3,0.0,230.5383616028348,223.04432407025166,229.43862349839836,247.97932828816377,23.975270679103858,0.0,0.0
2017-10-14,4,0.0,227.71795667709065,220.0653829478925,228.6899263998652,247.0035911961492,19.051259976811025,0.0,0.0
2017-10-14,5,0.0,225.45113225376028,216.6205960806968,228.09273671385978,250.0071942088861,15.951587824153023,0.0,0.0
2017-10-14,6,0.0,225.45113225376028,216.6205960806968,228.09273671385978,250.0071942088861,14.840465532980772,0.0,0.0
2017-10-14,7,0.0,225.79485727461736,216.48089768131305,227.70739621708086,250.6879448893678,15.746588028318797,0.0,0.0
2017-10-14,8,0.0,226.89822287419454,219.92568454850874,227.70739621708086,250.6879448893678,18.56117833664581,0.0,0.0
2017-10-14,9,0.0,229.11647231608046,222.90462567086792,227.8812453198134,251.66368198138238,23.04540055687744,0.0,0.0
2017-10-14,10,0.0,229.8342642570733,229.04600152380905,228.16671593813766,253.72685461996954,28.846636132330104,0.0,0.0
2017-10-14,11,0.0,243.2937459909223,241.20871986293022,233.45521715892184,265.26629459112456,35.52251422262941,0.0,0.0
2017-10-14,12,0.0,251.41748634526544,252.69326783167577,240.28276413603365,272.92323390147186,42.57105854542942,0.0,0.0
2017-10-14,13,0.0,260.82333641376755,255.48483972645835,246.68961239858206,274.01021835167893,49.46489623049928,0.0,0.0
2017-10-14,14,0.0,259.9601418117045,256.17984832851903,250.66572415504484,273.27127474564065,55.687197409304304,0.0,0.0
2017-10-14,15,0.0,259.9601418117045,254.87699953116953,250.66572415504484,273.27127474564065,60.766896316445724,0.0,0.0
2017-10-14,16,0.0,259.9601418117045,254.85561465200792,250.71224750256218,271.70409709736185,64.31079364309889,0.0,0.0
2017-10-14,17,0.0,259.9601418117045,256.0554577499887,251.0387810630708,271.56449639133467,66.03035242011723,0.0,0.0
2017-10-14,18,0.0,259.2184676591746,254.61352199527613,251.4593722671193,270.90990294449136,65.7613613356499,0.0,0.0
2017-10-14,19,0.0,259.6164167908475,255.6869039706505,251.23914200417508,269.1828333838904,63.47512546467212,0.0,0.0
2017-10-14,20,0.0,259.29349815353766,255.5870026755236,251.23914200417508,269.05892816496305,59.28042178070541,0.0,0.0
2017-10-14,21,0.0,259.2628730063854,255.4514748121457,250.44653231084482,270.2180175639694,53.41608618483423,0.0,0.0
2017-10-14,22,0.0,259.2628730063854,256.7543236094952,250.44653231084482,272.19807759550366,46.23473723374184,0.0,0.0
2017-10-14,23,0.0,260.12606760844847,256.35776206536775,246.01297393148673,272.937021201542,38.17874576780281,0.0,0.0
2017-10-15,0,0.0,249.65103466884437,250.3860565969435,237.49781877056415,258.37659077606133,45.79885379772054,0.0,0.0
2017-10-15,1,0.0,238.04883502196662,238.65547563270727,236.06201492375354,258.44217274701646,37.20888104665892,0.0,0.0
2017-10-15,2,0.0,230.5383616028348,224.67467123308793,229.72409411672263,247.86545107245033,29.311981157808987,0.0,0.0
2017-10-15,3,0.0,228.3201121609489,221.69573011072876,229.43862349839836,247.36945608214202,22.599288585449244,0.0,0.0
2017-10-15,4,0.0,226.61459107751347,216.7599004770492,228.6899263998652,246.72397134195893,17.481236012234888,0.0,0.0
2017-10-15,5,0.0,225.45113225376028,216.7599004770492,228.23204781339135,250.4359233436069,14.259584040146308,0.0,0.0
2017-10-15,6,0.0,225.45113225376028,216.7599004770492,228.23204781339135,250.4359233436069,13.106856704147333,0.0,0.0
2017-10-15,7,0.0,225.79485727461736,216.62020207766545,227.84670731661242,251.1166740240886,14.054584244312082,0.0,0.0
2017-10-15,8,0.0,225.79485727461736,216.62020207766545,227.84670731661242,251.1166740240886,16.991154372069673,0.0,0.0
2017-10-15,9,0.0,226.89822287419454,221.556031711345,228.02055641934496,251.7621587642717,21.669418463222826,0.0,0.0
2017-10-15,10,0.0,229.11647231608046,224.4085552354056,228.30602703766922,253.82533140285886,27.72353432825406,0.0,0.0
2017-10-15,11,0.0,235.4158763630689,236.66889335998775,233.45521715892184,264.65642238510276,34.69389775295855,0.0,0.0
2017-10-15,12,0.0,251.10768533496213,255.03509379572105,240.28276413603365,272.31336169545006,42.05846376611066,0.0,0.0
2017-10-15,13,0.0,260.82333641376755,257.8266656905037,246.68961239858206,273.4003461456571,49.26832314153262,0.0,0.0
2017-10-15,14,0.0,259.9601418117045,256.5073466940057,250.66572415504484,272.66140253961885,55.78510965474291,0.0,0.0
2017-10-15,15,0.0,259.9601418117045,256.3669123132104,250.66572415504484,272.66140253961885,61.1176888514629,0.0,0.0
2017-10-15,16,0.0,260.08012586159896,257.2620787750189,250.71224750256218,271.09422489134005,64.85562804903759,0.0,0.0
2017-10-15,17,0.0,260.08012586159896,258.46192187299977,251.0387810630708,270.95462418531287,66.69716664548653,0.0,0.0
2017-10-15,18,0.0,259.3384517090691,257.0199861182871,251.4593722671193,270.30003073846956,66.46978060584584,0.0,0.0
2017-10-15,19,0.0,259.73640084074196,258.0933680936616,251.23914200417508,268.5729611778686,64.14193969004143,0.0,0.0
2017-10-15,20,0.0,259.4134822034321,257.9934667985347,251.23914200417508,268.44905595894124,59.82525618664411,0.0,0.0
2017-10-15,21,0.0,259.2628730063854,256.94138759418666,250.44653231084482,269.6081453579476,53.76687871985132,0.0,0.0
2017-10-15,22,0.0,259.2628730063854,257.081821974982,250.44653231084482,271.58820538948186,46.33264947918042,0.0,0.0
2017-10-15,23,0.0,260.12606760844847,257.98810922820405,246.01297393148673,272.3271489955202,37.98217267883615,0.0,0.0
2017-10-16,0,0.0,259.46868595429623,262.4566813311769,245.62852519312136,267.6242358282916,70.83893509616681,0.0,0.0
2017-10-16,1,0.0,239.62357730142907,241.5803966773647,243.4441884670497,267.6898177992467,62.12635067550684,0.0,0.0
2017-10-16,2,0.0,230.81918494862822,225.70363322336547,231.19166270068413,251.07001171886506,54.11519489971613,0.0,0.0
2017-10-16,3,0.0,228.6009355067423,219.2799052338106,230.3984706242389,250.46909944288905,47.30438857295172,0.0,0.0
2017-10-16,4,0.0,226.89541442330687,217.78886246732674,229.64977352570574,249.49336235087446,42.11105066809074,0.0,0.0
2017-10-16,5,0.0,225.7319555995537,217.78886246732674,229.05258383970033,252.49696536361137,38.8420723580503,0.0,0.0
2017-10-16,6,0.0,223.25451794704972,217.78886246732674,229.05258383970033,252.49696536361137,37.67320288951538,0.0,0.0
2017-10-16,7,0.0,226.07568062041076,217.649164067943,228.6672433429214,253.17771604409307,38.637072562216076,0.0,0.0
2017-10-16,8,0.0,226.13988703347448,217.48604534889023,228.72795411176233,253.9198978617998,36.60087243075009,0.0,0.0
2017-10-16,9,0.0,227.24325263305167,218.9770881153741,228.90180321449486,254.89563495381438,41.354421853549866,0.0,0.0
2017-10-16,10,0.0,229.46150207493758,225.27439850663038,229.69499529094008,257.10753901071115,47.506651472985766,0.0,0.0
2017-10-16,11,0.0,236.53938775365648,242.06853096826237,241.5185297759566,277.86250986810006,54.59127078463098,0.0,0.0
2017-10-16,12,0.0,269.2064354449055,276.5757420661393,264.24332376193234,307.05676555397474,62.078448467381605,0.0,0.0
2017-10-16,13,0.0,292.8299631671301,290.66471413793465,285.38146757929997,318.8404514262624,69.41091951240196,0.0,0.0
2017-10-16,14,0.0,300.506344903526,301.6531864153295,299.9032728871307,331.6288284811743,76.04196191255292,0.0,0.0
2017-10-16,15,0.0,300.506344903526,301.4950158007873,299.9032728871307,331.6288284811743,81.47265486367758,0.0,0.0
2017-10-16,16,0.0,301.8313676249472,301.88326499331436,299.949796234648,329.83250621335446,85.28587939289892,0.0,0.0
2017-10-16,17,0.0,304.31964965151764,302.3213642314313,300.2763297951566,329.7484612056541,87.17474432729963,0.0,0.0
2017-10-16,18,0.0,303.39717659885787,302.62514162179605,299.9645890047503,322.89469771250106,91.9835970173703,0.0,0.0
2017-10-16,19,0.0,302.02080138168117,299.5690604399255,298.98125415039834,317.97664874397435,89.63961396902991,0.0,0.0
2017-10-16,20,0.0,299.2096007178009,299.75185585646653,298.98125415039834,316.9673280894673,85.27560412768082,0.0,0.0
2017-10-16,21,0.0,287.85830773894463,292.0464780378793,285.4632874152575,310.38669638391883,79.14194132924138,0.0,0.0
2017-10-16,22,0.0,286.1558182834742,290.1815734854687,280.28839080732195,310.15937426607013,71.60959833416578,0.0,0.0
2017-10-16,23,0.0,282.24834091069545,281.78462052798875,266.32996035786016,298.685959899222,63.14486564688099,0.0,0.0
2017-10-17,0,0.0,261.8695635126655,264.12174527649125,245.32864605901713,267.6242358282916,97.39636214040806,0.0,0.0
2017-10-17,1,0.0,257.95794352234503,256.95244782000924,243.86510251342028,267.6898177992467,89.24620931384163,0.0,0.0
2017-10-17,2,0.0,235.7572609780659,234.94314689486444,231.6125767470547,251.07001171886506,81.75915634846916,0.0,0.0
2017-10-17,3,0.0,233.22006250699738,227.0289392041114,230.81938467060948,250.46909944288905,75.39840730803857,0.0,0.0
2017-10-17,4,0.0,232.61790702313914,227.0289392041114,229.78406087714941,249.49336235087446,70.55041050511801,0.0,0.0
2017-10-17,5,0.0,229.11960229865917,223.6637939706003,229.186871191144,252.49696536361137,67.49852268723069,0.0,0.0
2017-10-17,6,0.0,229.11960229865917,223.6637939706003,229.186871191144,252.49696536361137,66.40369874278014,0.0,0.0
2017-10-17,7,0.0,229.46332731951625,224.3581534990794,229.66211790423466,253.17771604409307,67.2935228913964,0.0,0.0
2017-10-17,8,0.0,231.29589425665614,226.50968379974637,229.77869495407043,253.9198978617998,73.40524433267353,0.0,0.0
2017-10-17,9,0.0,231.29589425665614,227.6497930896175,231.29738756182974,254.89563495381438,77.81345265353286,0.0,0.0
2017-10-17,10,0.0,234.35397567975045,235.41072760038213,232.60196006002658,256.87839439117,83.51562498663498,0.0,0.0
2017-10-17,11,0.0,255.0244011593268,259.211140195046,249.08063027159767,274.04155376013864,90.07614148786197,0.0,0.0
2017-10-17,12,0.0,275.14772267009727,283.25323524072985,272.53390126112157,303.2358094460132,97.00088757651903,0.0,0.0
2017-10-17,13,0.0,298.3730590639324,298.95627323840534,292.19980304475274,315.01949531830087,103.77092702744585,0.0,0.0
2017-10-17,14,0.0,305.45848004931725,309.3561639543792,307.44783592591824,327.8078723732128,109.8778666171786,0.0,0.0
2017-10-17,15,0.0,305.45848004931725,308.0355789232829,307.44783592591824,327.8078723732128,114.85850228196952,0.0,0.0
2017-10-17,16,0.0,305.45848004931725,307.0921278415188,306.93645550416664,326.24069472493403,118.32638570925045,0.0,0.0
2017-10-17,17,0.0,305.45848004931725,306.53238012063713,306.2047722545754,326.10109401890685,119.99816015149807,0.0,0.0
2017-10-17,18,0.0,303.10549485673306,299.34088514242586,301.35025044887624,320.2770123294151,116.36795525258802,0.0,0.0
2017-10-17,19,0.0,300.81775070537486,299.4586787743299,300.0321192499333,317.0103181818611,114.09801772833214,0.0,0.0
2017-10-17,20,0.0,300.4948320680651,299.49921185999835,299.73960356044057,316.0565532256809,109.95109837913608,0.0,0.0
2017-10-17,21,0.0,289.58572863112056,292.43703951403205,285.98153347789014,309.47592152013243,104.16277668263709,0.0,0.0
2017-10-17,22,0.0,287.88323917565015,291.73454937817553,280.80663686995456,309.24859940228373,97.08049097389537,0.0,0.0
2017-10-17,23,0.0,284.56672255388247,283.21410262411746,266.121978847158,297.7751850354356,89.13986109702873,0.0,0.0
2017-10-18,0,0.0,262.7680477401294,265.136499067805,247.75809158678683,266.2707846144165,99.25084120709096,0.0,0.0
2017-10-18,1,0.0,258.856427749809,258.2027834605085,246.29454804118998,266.33636658537165,91.5333889177526,0.0,0.0
2017-10-18,2,0.0,243.58249779578958,243.8901208273908,234.27591410024024,249.71656050498999,84.44954866306762,0.0,0.0
2017-10-18,3,0.0,236.98594824019528,237.25045170867014,233.48272202379502,249.11564822901397,78.4350462268909,0.0,0.0
2017-10-18,4,0.0,234.86594255517207,230.8837429426244,232.44739823033495,248.1399111369994,73.8527337879105,0.0,0.0
2017-10-18,5,0.0,233.16909689398742,229.3362440179171,231.85020854432955,251.1435141497363,70.9678621433111,0.0,0.0
2017-10-18,6,0.0,233.16909689398742,229.3362440179171,231.85020854432955,251.1435141497363,69.93000430529406,0.0,0.0
2017-10-18,7,0.0,233.68120664343294,229.91200701949901,232.3254552574202,251.824264830218,70.76286234747687,0.0,0.0
2017-10-18,8,0.0,235.13724426761848,230.552992883349,232.44203230725597,252.56644664792472,84.73938807053983,0.0,0.0
2017-10-18,9,0.0,237.17597742080926,238.05981093926587,233.96072491501528,253.5421837399393,88.88191202745904,0.0,0.0
2017-10-18,10,0.0,246.24114133882802,244.49512649799533,237.97158424957047,255.52494317729492,94.23783775630721,0.0,0.0
2017-10-18,11,0.0,260.66710687029473,262.6714590242748,255.97358695527512,272.6881025462635,100.39514154684679,0.0,0.0
2017-10-18,12,0.0,282.2158888198889,287.3367246337664,280.28736781741856,300.0370883047018,106.88718709827577,0.0,0.0
2017-10-18,13,0.0,307.72154417956136,295.13230741196105,299.9532696010497,311.82077417698946,113.22452601197452,0.0,0.0
2017-10-18,14,0.0,317.22376800269456,312.6745823039276,316.07742760935645,324.60915123190136,118.92825289101984,0.0,0.0
2017-10-18,15,0.0,317.22376800269456,318.1292380320663,316.07742760935645,324.60915123190136,123.56264195155683,0.0,0.0
2017-10-18,16,0.0,314.85766144719685,313.5813941250169,310.9466736513449,323.0419735836226,126.76484101489757,0.0,0.0
2017-10-18,17,0.0,314.85766144719685,313.1620807849306,310.21499040175365,322.90237287759544,128.26959928385727,0.0,0.0
2017-10-18,18,0.0,305.7915124559199,305.4863390341128,304.63266727463747,317.07829118810366,116.55060782343995,0.0,0.0
2017-10-18,19,0.0,302.75142239416243,307.0705604651587,303.31453607569455,313.8115970405497,114.3376364056175,0.0,0.0
2017-10-18,20,0.0,302.42850375685265,306.47033503187066,301.54794369356387,312.8578320843695,110.35773322970942,0.0,0.0
2017-10-18,21,0.0,289.41658062051687,297.9184858921689,285.85341739274423,306.277200378821,104.83509589715061,0.0,0.0
2017-10-18,22,0.0,286.8371842126452,290.44075499707736,280.28491770092074,306.0498782609723,98.09905679266274,0.0,0.0
2017-10-18,23,0.0,283.5206675908775,277.47251973425233,266.683744598402,294.5764638941242,90.56163962648353,0.0,0.0
2017-10-19,0,0.0,259.1384829196308,261.8449452514128,242.86238822852928,265.6327516060079,83.71634662439672,0.0,0.0
2017-10-19,1,0.0,255.2268629293103,254.91122964411628,240.67805150245763,265.698333576963,75.5982310405318,0.0,0.0
2017-10-19,2,0.0,233.35638341969673,233.95889789227783,229.73981671980434,249.71656050498999,68.14103203271489,0.0,0.0
2017-10-19,3,0.0,230.81918494862822,224.94674629072756,228.94662464335912,249.11564822901397,61.80591916682221,0.0,0.0
2017-10-19,4,0.0,230.21702946476998,224.94674629072756,228.19792754482594,248.1399111369994,56.97759369249323,0.0,0.0
2017-10-19,5,0.0,226.83532119913087,222.3360351114639,227.60073785882054,251.1435141497363,53.93807178871583,0.0,0.0
2017-10-19,6,0.0,226.83532119913087,222.3360351114639,227.60073785882054,251.1435141497363,52.847465627282816,0.0,0.0
2017-10-19,7,0.0,227.17904621998795,222.4546316383611,227.97061498385239,251.824264830218,53.733071992881605,0.0,0.0
2017-10-19,8,0.0,229.46150207493758,224.902224098572,228.0313257526933,252.56644664792472,61.538153382598864,0.0,0.0
2017-10-19,9,0.0,229.46150207493758,225.57872884316382,228.20517485542584,253.5421837399393,65.92669037486658,0.0,0.0
2017-10-19,10,0.0,232.5195834980319,234.43760726472567,228.99836693187106,255.52494317729492,71.6032265334307,0.0,0.0
2017-10-19,11,0.0,252.85980594294276,255.75749652687495,241.4654297826779,272.6881025462635,78.13388907710222,0.0,0.0
2017-10-19,12,0.0,268.4491766890529,277.1272095171926,263.6044097884896,299.39905529629317,85.02659792305778,0.0,0.0
2017-10-19,13,0.0,289.5584973462971,289.25980059719524,284.7425536058572,311.18274116858083,91.76460013128309,0.0,0.0
2017-10-19,14,0.0,297.234879082693,302.2626004731486,299.26435891368794,323.97111822349274,97.84168576346036,0.0,0.0
2017-10-19,15,0.0,297.234879082693,300.9420154420523,299.26435891368794,323.97111822349274,102.79668525371329,0.0,0.0
2017-10-19,16,0.0,297.234879082693,299.9985643602882,299.3108822612052,322.403940575214,106.2448973524026,0.0,0.0
2017-10-19,17,0.0,297.234879082693,299.76996258606533,299.63741582171383,322.2643398691868,107.90430588054028,0.0,0.0
2017-10-19,18,0.0,296.31240603003323,296.06580723479266,296.4353474487505,316.44025817969504,102.56415733606272,0.0,0.0
2017-10-19,19,0.0,294.93603081285653,296.7593638682786,296.21511718580626,313.1735640321411,100.29843759482429,0.0,0.0
2017-10-19,20,0.0,294.61311217554675,296.7998969539471,296.21511718580626,312.21979907596085,96.16388415973822,0.0,0.0
2017-10-19,21,0.0,284.58684191811165,289.7377246079808,282.69715045066545,305.6391673704124,90.39523379183083,0.0,0.0
2017-10-19,22,0.0,282.88435246264123,289.0352344721243,277.52225384272987,305.4118452525637,83.33858425762702,0.0,0.0
2017-10-19,23,0.0,278.97687508986246,279.3354327172949,263.5638233932681,293.93843088571555,75.42780833831586,0.0,0.0
2017-10-20,0,0.0,259.1384829196308,261.64324729641584,242.59916946175775,264.7112062902773,77.29030190632221,0.0,0.0
2017-10-20,1,0.0,255.2268629293103,254.70953168911936,240.4148327356861,264.77678826123235,69.05194778194786,0.0,0.0
2017-10-20,2,0.0,232.50939883205933,232.59400542565294,229.4765979530328,248.79501518925937,61.482704291453615,0.0,0.0
2017-10-20,3,0.0,230.81918494862822,224.74504833573064,228.68340587658759,248.19410291328336,55.051376647048016,0.0,0.0
2017-10-20,4,0.0,227.99878002288406,222.1943203589832,227.93470877805441,247.21836582126878,50.149222976523504,0.0,0.0
2017-10-20,5,0.0,225.7319555995537,218.7495334917875,227.337519092049,250.22196883400568,47.063290728432094,0.0,0.0
2017-10-20,6,0.0,225.7319555995537,218.7495334917875,227.337519092049,250.22196883400568,45.9568548628348,0.0,0.0
2017-10-20,7,0.0,226.07568062041076,218.8681300186847,227.70739621708086,250.9027195144874,46.85829093259787,0.0,0.0
2017-10-20,8,0.0,227.24325263305167,222.14979816682762,227.76810698592178,251.6449013321941,52.39258288341205,0.0,0.0
2017-10-20,9,0.0,229.46150207493758,224.70052614357508,227.9419560886543,252.6206384242087,56.854948071875214,0.0,0.0
2017-10-20,10,0.0,231.6725989103945,232.26139833131148,228.73514816509953,254.6033978615643,62.627699008952334,0.0,0.0
2017-10-20,11,0.0,252.85980594294276,255.45596090629786,238.62731819843543,271.76655723053284,69.27040603530116,0.0,0.0
2017-10-20,12,0.0,268.4491766890529,276.2719908171427,259.0107218475834,298.47750998056256,76.28335342176615,0.0,0.0
2017-10-20,13,0.0,289.5584973462971,288.4045818971453,279.94896935395695,310.2611958528502,83.14159417050087,0.0,0.0
2017-10-20,14,0.0,297.234879082693,300.6959029718896,294.4707746617877,323.0495729077621,89.33072428535547,0.0,0.0
2017-10-20,15,0.0,297.234879082693,299.3753179407933,294.4707746617877,323.0495729077621,94.38193855412138,0.0,0.0
2017-10-20,16,0.0,297.234879082693,298.40391967993867,294.51729800930497,321.4823952594834,97.90397884900614,0.0,0.0
2017-10-20,17,0.0,297.234879082693,298.99225703110295,294.8438315698136,321.3427945534562,99.60979772145782,0.0,0.0
2017-10-20,18,0.0,296.31240603003323,295.2881016798303,294.21665601432113,315.5187128639644,96.60267866436169,0.0,0.0
2017-10-20,19,0.0,294.93603081285653,295.98165831331625,293.9964257513769,312.2520187164105,94.32112921895893,0.0,0.0
2017-10-20,20,0.0,294.61311217554675,295.8817570181894,293.9964257513769,311.29825376023024,90.14016543955887,0.0,0.0
2017-10-20,21,0.0,284.58684191811165,289.5360266529838,280.47845901623606,304.7176220546818,84.29768687545598,0.0,0.0
2017-10-20,22,0.0,282.88435246264123,288.8335365171273,275.3035624083005,304.4902999368331,77.14482256273922,0.0,0.0
2017-10-20,23,0.0,278.97687508986246,279.13373476229793,261.3451319588387,293.01688556998494,69.12200216075078,0.0,0.0
2017-10-21,0,0.0,249.76763112768523,249.8961841716578,236.74260114875338,258.98646298208314,59.47485749828925,0.0,0.0
2017-10-21,1,0.0,238.16543148080748,238.16560320742158,235.30679730194277,259.05204495303826,51.027272492567704,0.0,0.0
2017-10-21,2,0.0,230.65495806167567,224.18479880780225,228.96887649491185,248.47532327847208,43.26305685951985,0.0,0.0
2017-10-21,3,0.0,230.65495806167567,224.18479880780225,228.68340587658759,247.97932828816377,36.664302840662344,0.0,0.0
2017-10-21,4,0.0,226.61459107751347,218.1892839638591,227.93470877805441,247.0035911961492,31.633678394521553,0.0,0.0
2017-10-21,5,0.0,225.45113225376028,216.69824119737524,227.337519092049,250.0071942088861,28.466986040699567,0.0,0.0
2017-10-21,6,0.0,225.45113225376028,216.69824119737524,227.337519092049,250.0071942088861,27.33300440700043,0.0,0.0
2017-10-21,7,0.0,225.79485727461736,216.81683772427243,227.70739621708086,250.6879448893678,28.26198624486534,0.0,0.0
2017-10-21,8,0.0,225.79485727461736,218.3078804907563,227.70739621708086,250.6879448893678,31.143596754356338,0.0,0.0
2017-10-21,9,0.0,229.23306877492132,224.30339533469945,227.8812453198134,251.66368198138238,35.734432718435926,0.0,0.0
2017-10-21,10,0.0,229.23306877492132,224.31178945859833,228.16671593813766,253.72685461996954,41.67461002996487,0.0,0.0
2017-10-21,11,0.0,235.53247282190975,236.57212758318047,233.45521715892184,265.26629459112456,48.512289198867336,0.0,0.0
2017-10-21,12,0.0,251.224281793803,255.49201109838648,240.28276413603365,272.92323390147186,55.73446746667938,0.0,0.0
2017-10-21,13,0.0,260.93993287260844,258.2835829931692,247.02440874317307,274.01021835167893,62.80193909676126,0.0,0.0
2017-10-21,14,0.0,260.0767382705454,258.2671127940207,251.00052049963585,273.27127474564065,69.18604135416942,0.0,0.0
2017-10-21,15,0.0,260.0767382705454,256.9642639966713,251.00052049963585,273.27127474564065,74.40468199738717,0.0,0.0
2017-10-21,16,0.0,260.0767382705454,256.25438431583933,251.0470438471532,271.70409709736185,78.05519306788833,0.0,0.0
2017-10-21,17,0.0,260.19672232043985,257.87724672596244,251.3735774076618,271.56449639133467,79.84177204607064,0.0,0.0
2017-10-21,18,0.0,259.45504816791,256.17701604496887,252.0133127666074,270.90990294449136,79.59564030413009,0.0,0.0
2017-10-21,19,0.0,259.85299729958285,257.25039802034337,250.4839243823643,269.1828333838904,77.28654509062554,0.0,0.0
2017-10-21,20,0.0,259.41009461237854,256.5950188144538,250.4839243823643,269.05892816496305,73.02482120549487,0.0,0.0
2017-10-21,21,0.0,259.3794694652263,256.45949095107574,249.69131468903404,270.2180175639694,67.05387186577559,0.0,0.0
2017-10-21,22,0.0,259.3794694652263,257.76233974842523,249.69131468903404,272.19807759550366,59.7335811786069,0.0,0.0
2017-10-21,23,0.0,260.24266406728935,257.36577820429784,245.25775630967595,272.937021201542,51.515788634064734,0.0,0.0
2017-10-22,0,0.0,249.76763112768523,250.11813384269317,236.74260114875338,258.37659077606133,63.83219846252351,0.0,0.0
2017-10-22,1,0.0,245.93858764651708,245.26920534544476,235.30679730194277,258.44217274701646,55.46015806613525,0.0,0.0
2017-10-22,2,0.0,229.5783663866946,224.4067484788376,228.96887649491185,247.86545107245033,47.76633880213791,0.0,0.0
2017-10-22,3,0.0,230.65495806167567,224.4067484788376,228.68340587658759,247.36945608214202,41.22803551583303,0.0,0.0
2017-10-22,4,0.0,227.71795667709065,218.35125043237827,227.93470877805441,246.72397134195893,36.24379654822286,0.0,0.0
2017-10-22,5,0.0,225.45113225376028,218.35125043237827,227.47683019158058,250.4359233436069,33.10626332520337,0.0,0.0
2017-10-22,6,0.0,225.45113225376028,216.8602076658944,227.47683019158058,250.4359233436069,31.982227328002352,0.0,0.0
2017-10-22,7,0.0,225.79485727461736,218.46984695927546,227.84670731661242,251.1166740240886,32.901263529369146,0.0,0.0
2017-10-22,8,0.0,226.89822287419454,218.46984695927546,227.84670731661242,251.1166740240886,35.753714908057646,0.0,0.0
2017-10-22,9,0.0,229.23306877492132,225.20184975032663,228.02055641934496,251.7621587642717,40.29816539360655,0.0,0.0
2017-10-22,10,0.0,228.15647709994025,225.2102438742255,228.30602703766922,253.82533140285886,46.177891972582984,0.0,0.0
2017-10-22,11,0.0,243.30562898761934,244.35223446579542,233.45521715892184,264.65642238510276,52.945174772434825,0.0,0.0
2017-10-22,12,0.0,251.5340828041063,256.3904655140138,240.28276413603365,272.31336169545006,60.09180843091363,0.0,0.0
2017-10-22,13,0.0,260.93993287260844,259.18203740879636,247.02440874317307,273.4003461456571,67.08373545166228,0.0,0.0
2017-10-22,14,0.0,260.0767382705454,259.16556720964786,251.00052049963585,272.66140253961885,73.39744134001995,0.0,0.0
2017-10-22,15,0.0,260.0767382705454,257.8627184122984,251.00052049963585,272.66140253961885,78.55563125068517,0.0,0.0
2017-10-22,16,0.0,260.0767382705454,257.15283873146666,251.0470438471532,271.09422489134005,82.15975684265564,0.0,0.0
2017-10-22,17,0.0,260.0767382705454,257.54371848623515,251.3735774076618,270.95462418531287,83.9171766900354,0.0,0.0
2017-10-22,18,0.0,259.45504816791,256.39896571600417,252.0133127666074,270.30003073846956,83.66109931159687,0.0,0.0
2017-10-22,19,0.0,259.7330132496884,256.9168697806161,250.4839243823643,268.5729611778686,81.3619497345903,0.0,0.0
2017-10-22,20,0.0,259.41009461237854,256.8169684854892,250.4839243823643,268.44905595894124,77.12938498026219,0.0,0.0
2017-10-22,21,0.0,259.3794694652263,256.68144062211115,249.69131468903404,269.6081453579476,71.20482111907356,0.0,0.0
2017-10-22,22,0.0,259.3794694652263,257.9842894194606,249.69131468903404,271.58820538948186,63.944981164457346,0.0,0.0
2017-10-22,23,0.0,260.24266406728935,257.5877278753332,245.25775630967595,272.3271489955202,55.79758498896578,0.0,0.0
2017-10-23,0,0.0,259.46868595429623,261.9731837712035,244.8733075713106,267.6242358282916,80.20094296743972,0.0,0.0
2017-10-23,1,0.0,254.24566752651964,255.0394681639069,242.68897084523894,267.6898177992467,71.8866487122173,0.0,0.0
2017-10-23,2,0.0,231.83853321853175,226.76763458809927,230.43644507887336,251.07001171886506,64.24664028529523,0.0,0.0
2017-10-23,3,0.0,230.81918494862822,225.22013566339197,229.64325300242814,250.46909944288905,57.75454541235513,0.0,0.0
2017-10-23,4,0.0,227.99878002288406,222.66940768664452,228.89455590389497,249.49336235087446,52.80576340739145,0.0,0.0
2017-10-23,5,0.0,225.7319555995537,219.22462081944883,228.29736621788956,252.49696536361137,49.69051936289122,0.0,0.0
2017-10-23,6,0.0,225.7319555995537,219.22462081944883,228.29736621788956,252.49696536361137,48.57408578940061,0.0,0.0
2017-10-23,7,0.0,226.07568062041076,219.34321734634602,228.6672433429214,253.17771604409307,49.485519567057,0.0,0.0
2017-10-23,8,0.0,227.24325263305167,222.62488549448895,228.72795411176233,253.9198978617998,54.667643533843204,0.0,0.0
2017-10-23,9,0.0,229.46150207493758,225.1756134712364,228.90180321449486,254.89563495381438,59.17663705674565,0.0,0.0
2017-10-23,10,0.0,230.48085034484112,226.43502749375781,229.69499529094008,257.10753901071115,65.01015522235724,0.0,0.0
2017-10-23,11,0.0,251.8786105401521,255.78589738108536,239.587165324276,277.86250986810006,71.72362718513386,0.0,0.0
2017-10-23,12,0.0,269.84870353222436,277.33411454960634,262.31195931025184,307.05676555397474,78.81251470244692,0.0,0.0
2017-10-23,13,0.0,292.8299631671301,290.43951150424215,283.45010312761946,318.8404514262624,85.74669558202973,0.0,0.0
2017-10-23,14,0.0,300.506344903526,302.73083257898645,297.9719084354502,331.6288284811743,92.0065906333121,0.0,0.0
2017-10-23,15,0.0,300.506344903526,301.41024754789015,297.9719084354502,331.6288284811743,97.1185721306125,0.0,0.0
2017-10-23,16,0.0,300.506344903526,301.0148568870009,298.01843178296747,329.83250621335446,100.68724075993649,0.0,0.0
2017-10-23,17,0.0,300.506344903526,301.6031942381652,298.3449653434761,329.7484612056541,102.42237142879705,0.0,0.0
2017-10-23,18,0.0,299.5838718508662,298.8906405416941,299.20937138293954,322.89469771250106,99.80672986003091,0.0,0.0
2017-10-23,19,0.0,298.2074966336895,298.5925955203785,298.2260365285876,317.97664874397435,97.51518270673489,0.0,0.0
2017-10-23,20,0.0,297.88457799637973,298.4926942252516,298.2260365285876,316.9673280894673,93.30490713092595,0.0,0.0
2017-10-23,21,0.0,287.85830773894463,291.57095626008066,284.7080697934468,310.38669638391883,87.41580023238384,0.0,0.0
2017-10-23,22,0.0,286.1558182834742,290.86846612422414,279.5331731855112,310.15937426607013,80.20216869113261,0.0,0.0
2017-10-23,23,0.0,282.24834091069545,281.1686643693948,265.5747427360494,298.685959899222,72.10858335271635,0.0,0.0
2017-10-24,0,0.0,246.1186577772686,255.33355740387205,234.68143894557682,267.6242358282916,66.91383628199847,0.0,0.0
2017-10-24,1,0.0,227.23312332669857,236.49007028898373,227.93071848882997,267.6898177992467,58.23170701798071,0.0,0.0
2017-10-24,2,0.0,217.8612616429058,218.5885662204474,215.67819272246436,251.07001171886506,50.24893093023661,0.0,0.0
2017-10-24,3,0.0,215.64301220101987,216.03783824369995,214.88500064601914,250.46909944288905,43.46249479408243,0.0,0.0
2017-10-24,4,0.0,213.93749111758444,211.1020086100204,214.13630354748597,249.49336235087446,38.28785679417882,0.0,0.0
2017-10-24,5,0.0,212.77403229383125,211.1020086100204,213.53911386148056,253.40036684312304,35.03063373582319,0.0,0.0
2017-10-24,6,0.0,210.2965946413273,211.1020086100204,213.53911386148056,253.40036684312304,33.86577376472468,0.0,0.0
2017-10-24,7,0.0,213.11775731468833,210.96231021063664,213.15377336470164,254.08111752360475,34.82563393998896,0.0,0.0
2017-10-24,8,0.0,212.68835787478145,210.96231021063664,213.21448413354256,254.82329934131147,34.86418886474047,0.0,0.0
2017-10-24,9,0.0,213.79172347435863,215.31942213192596,213.3883332362751,255.79903643332605,39.599038382582876,0.0,0.0
2017-10-24,10,0.0,216.00997291624455,217.8701501086734,214.1815253127203,257.78179587068166,45.72689781140855,0.0,0.0
2017-10-24,11,0.0,223.6553279259554,235.14320088433013,226.00505979773683,274.94495523965026,52.78313743500718,0.0,0.0
2017-10-24,12,0.0,254.64566885350203,266.1241989777931,248.7298537837126,304.1392109255248,60.23985996111557,0.0,0.0
2017-10-24,13,0.0,280.7198481349958,279.04871457524376,274.43438133175545,315.9228967978125,67.54187584949372,0.0,0.0
2017-10-24,14,0.0,291.5877746162977,291.1225822730057,288.9561866395862,328.7112738527244,74.14453856159813,0.0,0.0
2017-10-24,15,0.0,294.33084123094375,294.8198052528572,294.7557676438504,328.7112738527244,79.55086132211261,0.0,0.0
2017-10-24,16,0.0,301.7592671115948,300.8386699768206,310.9211857154964,327.14409620444565,83.34538594637652,0.0,0.0
2017-10-24,17,0.0,301.7592671115948,301.75940633790066,311.247719276005,327.00449549841846,85.22249562909246,0.0,0.0
2017-10-24,18,0.0,310.1581542093812,311.44295619236044,310.9359784855987,321.1804138089267,87.94082851382447,0.0,0.0
2017-10-24,19,0.0,299.9540246947289,305.74194795418765,309.95264363124676,317.91371966137274,85.60085496292047,0.0,0.0
2017-10-24,20,0.0,299.6311060574191,305.6420466590608,309.95264363124676,316.9599547051925,81.24860037325612,0.0,0.0
2017-10-24,21,0.0,283.0239049941188,294.11555567517274,298.94637980038556,310.37932299964405,75.13363747977408,0.0,0.0
2017-10-24,22,0.0,278.57834892400234,288.39525752836846,287.97190218818577,310.15200088179535,67.62566467530877,0.0,0.0
2017-10-24,23,0.0,272.19645936772264,279.99024764650164,274.013471738724,298.6785865149472,59.189311676070474,0.0,0.0
2017-10-25,0,0.0,259.9548541877678,260.648777735628,245.62852519312136,267.9000598080675,79.61514353814414,0.0,0.0
2017-10-25,1,0.0,236.90934819396722,236.71576925261388,243.4441884670497,267.96564177902263,70.76649971638139,0.0,0.0
2017-10-25,2,0.0,231.6355562167652,224.84852268574,231.19166270068413,252.242326936488,62.6285567628243,0.0,0.0
2017-10-25,3,0.0,228.19734471646123,218.42479469618513,230.3984706242389,251.641414660512,55.70887581826889,0.0,0.0
2017-10-25,4,0.0,227.595189232603,216.93375192970126,229.64977352570574,250.66567756849741,50.431995480871024,0.0,0.0
2017-10-25,5,0.0,223.95429275634584,215.9275329829216,229.05258383970033,254.572682060746,47.110500202264745,0.0,0.0
2017-10-25,6,0.0,223.95429275634584,215.9275329829216,229.05258383970033,254.572682060746,45.92371817375431,0.0,0.0
2017-10-25,7,0.0,224.29801777720292,215.78783458353786,228.6672433429214,255.43252853271866,46.90550040643052,0.0,0.0
2017-10-25,8,0.0,226.8396618427706,216.63093481126475,228.72795411176233,256.00580157820605,45.14636297186155,0.0,0.0
2017-10-25,9,0.0,226.8396618427706,218.12197757774862,228.90180321449486,256.9815386702206,49.983454827198216,0.0,0.0
2017-10-25,10,0.0,230.27787334307456,224.4192879690049,229.69499529094008,258.96429810757616,56.24455906442512,0.0,0.0
2017-10-25,11,0.0,233.33595476616887,236.8380438487404,241.5185297759566,276.1274574765448,63.455965553836734,0.0,0.0
2017-10-25,12,0.0,268.623279869871,274.66220842619816,264.24332376193234,302.5799519971358,71.07920263769014,0.0,0.0
2017-10-25,13,0.0,292.24680759209565,288.7511804979935,285.71626392389095,317.44108922047855,78.54773308381326,0.0,0.0
2017-10-25,14,0.0,299.92318932849156,299.16458154370537,301.32155415199946,330.22946627539045,85.30556266173068,0.0,0.0
2017-10-25,15,0.0,299.92318932849156,299.00641092916317,301.32155415199946,330.22946627539045,90.84513023064633,0.0,0.0
2017-10-25,16,0.0,301.24821204991275,300.8004283576636,301.36807749951674,328.6622886271117,94.74189719240462,0.0,0.0
2017-10-25,17,0.0,305.89860518666177,306.8711528810477,301.69461106002535,328.5226879210845,96.6832790953712,0.0,0.0
2017-10-25,18,0.0,304.97613213400194,303.62367109730116,301.38287026961905,320.423096554343,101.28549861708606,0.0,0.0
2017-10-25,19,0.0,303.1182814879857,304.3172277307871,300.0647390706761,316.3442737137121,98.92360300877024,0.0,0.0
2017-10-25,20,0.0,298.1449697139269,297.9100034089114,300.0647390706761,315.39050875753185,94.50707619885529,0.0,0.0
2017-10-25,21,0.0,287.6411718098565,289.3765127920971,289.0584752398149,308.8098770519834,88.28987096787895,0.0,0.0
2017-10-25,22,0.0,285.93868235438606,287.5116082396865,283.88357863187935,308.5825549341347,80.64865335501241,0.0,0.0
2017-10-25,23,0.0,282.0312049816073,279.6897265138896,268.8416632621398,297.10914056728654,72.05713348996113,0.0,0.0
2017-10-26,0,0.0,259.2550793784717,261.5341861435062,242.86238822852928,267.87440855985943,80.52606258222167,0.0,0.0
2017-10-26,1,0.0,255.34345938815116,254.60047053620974,240.67805150245763,267.93999053081455,72.25488017211612,0.0,0.0
2017-10-26,2,0.0,232.6259952909002,232.48494427274332,229.73981671980434,252.21667568827996,64.65504558931192,0.0,0.0
2017-10-26,3,0.0,230.93578140746908,224.63598718282103,228.94662464335912,251.61576341230395,58.197448778404464,0.0,0.0
2017-10-26,4,0.0,227.99878002288406,221.59706285794564,228.19792754482594,250.64002632028937,53.275138067471346,0.0,0.0
2017-10-26,5,0.0,225.7319555995537,218.15227599074996,227.60073785882054,254.54703081253794,50.176534574057314,0.0,0.0
2017-10-26,6,0.0,225.7319555995537,218.15227599074996,227.60073785882054,254.54703081253794,49.06577678265188,0.0,0.0
2017-10-26,7,0.0,226.07568062041076,218.27087251764715,227.97061498385239,255.4068772845106,49.97153477822309,0.0,0.0
2017-10-26,8,0.0,226.12185390640232,221.55254066579008,228.0313257526933,255.98015032999794,53.441332928984934,0.0,0.0
2017-10-26,9,0.0,228.4566998071291,225.26796973525728,228.20517485542584,256.95588742201255,57.923855157856735,0.0,0.0
2017-10-26,10,0.0,230.667796642586,232.96365364519116,228.99836693187106,258.93864685936813,63.722875261435746,0.0,0.0
2017-10-26,11,0.0,251.85500367513427,256.1582162201776,241.01100909880728,276.1018062283367,70.3961733800945,0.0,0.0
2017-10-26,12,0.0,267.4443744212445,278.15448642377896,263.14998910461895,302.55430074892774,77.44194905229068,0.0,0.0
2017-10-26,13,0.0,291.1247953724916,290.2870775037816,284.62292926657756,317.8772001069036,84.33301808675662,0.0,0.0
2017-10-26,14,0.0,298.8011771088875,302.00332734684287,300.2282194946861,330.6655771618155,90.55273929392115,0.0,0.0
2017-10-26,15,0.0,298.8011771088875,300.68274231574657,300.2282194946861,330.6655771618155,95.63022272918897,0.0,0.0
2017-10-26,16,0.0,298.8011771088875,299.5988568531871,300.27474284220335,329.0983995135368,99.17242006448234,0.0,0.0
2017-10-26,17,0.0,298.8011771088875,299.5106894597596,300.60127640271196,328.9587988075096,100.89091018225662,0.0,0.0
2017-10-26,18,0.0,296.4290024888741,295.1799768952031,298.8279904903271,320.85920744076805,99.96527809634344,0.0,0.0
2017-10-26,19,0.0,295.0526272716974,295.87353352868905,297.29860210608405,316.1495270373482,97.67940672513265,0.0,0.0
2017-10-26,20,0.0,294.72970863438763,295.7736322335622,297.29860210608405,315.19576208116797,93.48577170041,0.0,0.0
2017-10-26,21,0.0,284.70343837695253,288.8518942683912,283.78063537094323,308.6151303756195,87.62313609589853,0.0,0.0
2017-10-26,22,0.0,283.0009489214821,288.1494041325347,278.60573876300765,308.3878082577708,80.44400261667985,0.0,0.0
2017-10-26,23,0.0,279.09347154870335,279.02467360938834,263.5638233932681,296.91439389092267,72.3905911223815,0.0,0.0
2017-10-27,0,0.0,262.32021460877235,268.3177394416836,244.39135009335803,269.1971133244214,94.16579683121313,0.0,0.0
2017-10-27,1,0.0,258.4085946184519,261.3840238343873,242.92780654776118,269.26269529537655,86.34709103407732,0.0,0.0
2017-10-27,2,0.0,240.06871548443704,245.9913567202692,234.32131724391326,256.06343062956273,79.16889753082194,0.0,0.0
2017-10-27,3,0.0,235.69113052120082,239.26849757092097,233.52812516746803,255.46251835358672,73.07337212326593,0.0,0.0
2017-10-27,4,0.0,233.39876115391147,231.41954048099868,232.49280137400797,254.48678126157208,68.42888857169987,0.0,0.0
2017-10-27,5,0.0,232.72126376263034,231.41954048099868,231.89561168800256,258.39378575382074,65.50493453188872,0.0,0.0
2017-10-27,6,0.0,232.72126376263034,231.41954048099868,231.89561168800256,258.39378575382074,64.45374641668067,0.0,0.0
2017-10-27,7,0.0,233.06498878348742,231.93278633009334,232.37085840109322,259.25363222579335,65.29993473605444,0.0,0.0
2017-10-27,8,0.0,235.31598939638044,230.6994404853062,232.48743545092898,259.7372759184645,77.35088936380981,0.0,0.0
2017-10-27,9,0.0,237.52708623183736,239.52683956121234,234.0061280586883,260.7130130104791,81.55558443331464,0.0,0.0
2017-10-27,10,0.0,242.39387507509934,246.25809283445946,235.31070055688514,263.1794492755656,86.99253313354217,0.0,0.0
2017-10-27,11,0.0,259.3858348300412,263.44187161809657,251.34755816040277,280.34260864453427,93.24419017265208,0.0,0.0
2017-10-27,12,0.0,284.35552524855314,284.35274251400386,272.5914716821702,304.2710529884044,99.83748923187852,0.0,0.0
2017-10-27,13,0.0,307.9772267891068,293.5813012980583,292.0574771548072,320.13695895606827,106.27608165337472,0.0,0.0
2017-10-27,14,0.0,315.06264777449155,306.61258388496793,307.3055100359727,332.9253360109802,112.07416178099038,0.0,0.0
2017-10-27,15,0.0,315.06264777449155,312.06723961310666,307.3055100359727,332.9253360109802,116.78957381290672,0.0,0.0
2017-10-27,16,0.0,315.06264777449155,310.54778093137713,306.8406529617384,330.8744815349705,120.05394398883311,0.0,0.0
2017-10-27,17,0.0,315.06264777449155,308.69316019532084,306.10896971214714,330.73488082894335,121.5977846530046,0.0,0.0
2017-10-27,18,0.0,301.3689206475101,301.21027156740496,300.60519521912863,321.7276305995595,111.85677696029768,0.0,0.0
2017-10-27,19,0.0,298.32883058575266,301.328065199309,299.07580683488555,317.0179501961397,109.63047526528425,0.0,0.0
2017-10-27,20,0.0,298.0059119484429,302.53101270153155,298.7832911453928,316.06418523995944,105.61148969416436,0.0,0.0
2017-10-27,21,0.0,287.09680851149835,296.04484795553066,283.0887648445732,309.483553534411,100.02668124901987,0.0,0.0
2017-10-27,22,0.0,285.39431905602794,288.5671170604391,277.9138682366376,309.2562314165623,93.2096191731527,0.0,0.0
2017-10-27,23,0.0,282.07780243426026,277.41527843544526,263.22921021384104,297.78281704971414,85.57784875840315,0.0,0.0
2017-10-28,0,0.0,250.70036732227302,256.30592176595604,237.18323662167992,263.4723700162273,66.36705992529326,0.0,0.0
2017-10-28,1,0.0,246.9760373032487,251.45699326870763,235.7474327748693,263.53795198718234,58.52224970817832,0.0,0.0
2017-10-28,2,0.0,232.6315878328679,238.80392934407504,231.74125744664377,255.7437387187754,51.31973075802597,0.0,0.0
2017-10-28,3,0.0,231.7846032452305,237.3413770015363,231.4557868283195,255.2477437284671,45.20331661566121,0.0,0.0
2017-10-28,4,0.0,230.36227811230208,230.19441743449534,230.70708972978633,254.2720066364525,40.54280457413165,0.0,0.0
2017-10-28,5,0.0,229.68478072102096,230.19441743449534,230.10990004378093,258.17901112870106,37.60877460430493,0.0,0.0
2017-10-28,6,0.0,229.68478072102096,230.19441743449534,230.10990004378093,258.17901112870106,36.55414977700866,0.0,0.0
2017-10-28,7,0.0,230.02850574187804,230.13190028200808,229.34082670418942,259.03885760067374,37.4037748084707,0.0,0.0
2017-10-28,8,0.0,230.02850574187804,230.13190028200808,229.34082670418942,259.03885760067374,40.052722933966436,0.0,0.0
2017-10-28,9,0.0,231.36955834297402,236.82650300415926,229.51467580692196,260.0145946926883,44.27344649343473,0.0,0.0
2017-10-28,10,0.0,232.2165429306114,238.2974494705969,229.80014642524623,262.5614441590064,49.73128392847104,0.0,0.0
2017-10-28,11,0.0,244.82904007682302,249.70909426838833,232.75690216722504,274.1008841301615,56.00726641447801,0.0,0.0
2017-10-28,12,0.0,252.95278043116616,257.65801548021346,239.58444914433684,278.97531503434953,62.626669893683385,0.0,0.0
2017-10-28,13,0.0,261.8726690671963,258.25303304550096,245.99129740688525,279.8772307950662,69.09136673515869,0.0,0.0
2017-10-28,14,0.0,261.325405372587,260.6500995116864,249.96740916334804,279.1382871890279,74.9137723096714,0.0,0.0
2017-10-28,15,0.0,261.0094744651331,260.4331171758475,249.96740916334804,279.1382871890279,79.65007307639647,0.0,0.0
2017-10-28,16,0.0,261.0094744651331,259.863671875811,250.01393251086537,277.0874327130182,82.93047174228633,0.0,0.0
2017-10-28,17,0.0,261.0094744651331,259.6015172745156,250.34046607137398,276.947832006991,84.48438833647339,0.0,0.0
2017-10-28,18,0.0,260.26780031260324,257.4937256283765,251.14479011823508,276.2932385601477,84.15889978813007,0.0,0.0
2017-10-28,19,0.0,260.66574944427606,258.567107603751,250.92455985529085,273.9487648636199,81.92916138102828,0.0,0.0
2017-10-28,20,0.0,260.3428308069663,259.77005510597354,250.92455985529085,273.8248596446925,77.90009987989288,0.0,0.0
2017-10-28,21,0.0,260.312205659814,259.4940928618002,250.1319501619606,274.9839490436988,72.29926294478489,0.0,0.0
2017-10-28,22,0.0,260.6281365672679,259.7110751976391,250.1319501619606,276.96400907523304,65.46131213410891,0.0,0.0
2017-10-28,23,0.0,261.17540026187714,256.9009769881777,245.6983917826025,277.7029526812713,57.805216272462246,0.0,0.0
2017-10-29,0,0.0,250.27429532894752,252.78189239417054,236.74260114875338,262.86249781020547,54.83222637792619,0.0,0.0
2017-10-29,1,0.0,246.54996530992318,247.93296389692208,235.30679730194277,262.92807978116053,46.67495416409264,0.0,0.0
2017-10-29,2,0.0,232.2055158395424,234.98054214137872,231.30062197371723,255.13386651275366,39.18126698593011,0.0,0.0
2017-10-29,3,0.0,230.5383616028348,226.67038806270978,231.01515135539296,254.63787152244535,32.814821017824386,0.0,0.0
2017-10-29,4,0.0,229.93620611897657,226.67038806270978,230.2664542568598,253.99238678226223,27.962452808550154,0.0,0.0
2017-10-29,5,0.0,226.55449785333747,224.11966008596232,229.80857567038595,258.60774026342193,24.907817009749465,0.0,0.0
2017-10-29,6,0.0,226.55449785333747,220.67487321876663,229.80857567038595,258.60774026342193,23.812055780183982,0.0,0.0
2017-10-29,7,0.0,226.89822287419454,224.23825661285952,230.1784527954178,259.4675867353945,24.702817213915182,0.0,0.0
2017-10-29,8,0.0,229.11647231608046,226.78898458960697,230.1784527954178,259.4675867353945,27.47237116838494,0.0,0.0
2017-10-29,9,0.0,229.11647231608046,226.78898458960697,230.35230189815033,260.1130714755776,31.884950895597967,0.0,0.0
2017-10-29,10,0.0,231.30450950481384,235.1075327921748,230.6377725164746,262.6599209418957,37.592820156375126,0.0,0.0
2017-10-29,11,0.0,243.91700665102545,246.81853542087705,233.45521715892184,273.4910119241397,44.159970870392215,0.0,0.0
2017-10-29,12,0.0,252.0407470053686,254.7674566327022,240.28276413603365,278.36544282832773,51.09183634631631,0.0,0.0
2017-10-29,13,0.0,261.44659707387075,257.5590285274849,246.68961239858206,279.2673585890444,57.868995184510226,0.0,0.0
2017-10-29,14,0.0,260.5834024718076,257.5425583283364,250.66572415504484,278.5284149830061,63.982568987033005,0.0,0.0
2017-10-29,15,0.0,260.5834024718076,256.2397095309869,250.66572415504484,278.5284149830061,68.96890157949903,0.0,0.0
2017-10-29,16,0.0,260.5834024718076,255.6702642309503,250.71224750256218,276.4775605069964,72.44115641313357,0.0,0.0
2017-10-29,17,0.0,260.5834024718076,256.1181672013193,251.0387810630708,276.3379598009692,74.11567883629453,0.0,0.0
2017-10-29,18,0.0,259.8417283192777,253.82926187579577,250.70415464530853,275.6833663541259,73.83132669022032,0.0,0.0
2017-10-29,19,0.0,260.2396774509506,254.90264385117024,250.4839243823643,273.3388926575981,71.56045188084946,0.0,0.0
2017-10-29,20,0.0,259.91675881364074,254.94317693683868,250.4839243823643,273.2149874386707,67.41078455074009,0.0,0.0
2017-10-29,21,0.0,259.8861336664885,254.66721469266534,249.69131468903404,274.37407683767697,61.61809144788742,0.0,0.0
2017-10-29,22,0.0,259.8861336664885,255.9700634900147,249.69131468903404,276.35413686921123,54.53010881147054,0.0,0.0
2017-10-29,23,0.0,260.7493282685516,255.5735019458873,245.25775630967595,277.0930804752495,46.58284472181373,0.0,0.0
2017-10-30,0,0.0,259.46868595429623,266.02618551991867,245.62852519312136,269.9116341865701,69.94782441503793,0.0,0.0
2017-10-30,1,0.0,242.68952648142454,247.1826984050304,243.4441884670497,269.9772161575252,61.526343829295485,0.0,0.0
2017-10-30,2,0.0,229.74259327364715,229.27313741210725,233.5234081794895,256.7779514917114,53.78645364314474,0.0,0.0
2017-10-30,3,0.0,230.81918494862822,229.27313741210725,232.73021610304428,256.17703921573536,47.208588359095984,0.0,0.0
2017-10-30,4,0.0,226.89541442330687,223.2776225681641,231.9815190045111,255.20130212372078,42.193992402918695,0.0,0.0
2017-10-30,5,0.0,225.7319555995537,221.78657980168023,231.3843293185057,259.10830661596935,39.0373759791122,0.0,0.0
2017-10-30,6,0.0,225.7319555995537,221.78657980168023,231.3843293185057,259.10830661596935,37.90683105750145,0.0,0.0
2017-10-30,7,0.0,226.07568062041076,221.6468814022965,230.99898882172678,259.9681530879421,38.83237618327797,0.0,0.0
2017-10-30,8,0.0,226.3782669418282,222.9748054497276,231.0596995905677,260.4517967806132,39.51512280492864,0.0,0.0
2017-10-30,9,0.0,229.6998819832913,228.97032029367074,231.23354869330024,261.42753387262786,44.089930279044665,0.0,0.0
2017-10-30,10,0.0,228.62329030831023,228.84390269537215,232.02674076974546,264.1231147572555,50.009218855764914,0.0,0.0
2017-10-30,11,0.0,239.84371684200568,247.67083269592808,241.5185297759566,284.87808561464453,56.8225725777703,0.0,0.0
2017-10-30,12,0.0,270.0870834405781,277.33411454960634,264.24332376193234,310.651799885951,64.0186464256033,0.0,0.0
2017-10-30,13,0.0,296.0787002327226,290.43951150424215,285.38146757929997,328.0689600464009,71.06001363570604,0.0,0.0
2017-10-30,14,0.0,303.7550819691185,302.73083257898645,299.9032728871307,340.8573371013128,77.4197904462172,0.0,0.0
2017-10-30,15,0.0,303.7550819691185,301.41024754789015,299.9032728871307,340.8573371013128,82.61754235462621,0.0,0.0
2017-10-30,16,0.0,303.7550819691185,301.0148568870009,299.949796234648,338.57733800576204,86.25202493516392,0.0,0.0
2017-10-30,17,0.0,305.0801046905397,302.24639971078614,300.2763297951566,338.4932929980617,88.02852798333072,0.0,0.0
2017-10-30,18,0.0,300.9088945722874,298.8005392857944,299.9645890047503,328.4563609650166,89.96774748712659,0.0,0.0
2017-10-30,19,0.0,299.5325193551107,299.49409591928037,298.98125415039834,320.99835315360843,87.6620889857104,0.0,0.0
2017-10-30,20,0.0,297.88457799637973,298.75098915153256,298.98125415039834,319.98903249910137,83.4104410305952,0.0,0.0
2017-10-30,21,0.0,287.85830773894463,291.8292511863616,285.4632874152575,313.4084007935529,77.45552018083944,0.0,0.0
2017-10-30,22,0.0,286.1558182834742,291.1267610505051,280.28839080732195,313.1810786757042,70.15611822847953,0.0,0.0
2017-10-30,23,0.0,282.24834091069545,281.4269592956757,266.32996035786016,301.70766430885607,61.96265113083453,0.0,0.0
2017-10-31,0,0.0,260.1188378692515,267.53405670764766,245.19102406895786,269.9116341865701,92.59277111211736,0.0,0.0
2017-10-31,1,0.0,256.2072178789311,260.3647592511657,243.0066873428862,269.9772161575252,84.7262072116867,0.0,0.0
2017-10-31,2,0.0,234.00653533465197,239.9056060766158,233.085907055326,256.7779514917114,77.50341705578674,0.0,0.0
2017-10-31,3,0.0,232.488685133487,231.9887495599752,232.29271497888078,256.17703921573536,71.36959563441468,0.0,0.0
2017-10-31,4,0.0,230.86718137972522,230.4412506352679,231.5440178803476,255.20130212372078,66.6957265179156,0.0,0.0
2017-10-31,5,0.0,230.1896839884441,230.4412506352679,230.9468281943422,259.10830661596935,63.75329993974262,0.0,0.0
2017-10-31,6,0.0,230.1896839884441,230.4412506352679,230.9468281943422,259.10830661596935,62.69581118570602,0.0,0.0
2017-10-31,7,0.0,230.53340900930118,230.37873348278063,230.1777548547507,259.9681530879421,63.54830014390839,0.0,0.0
2017-10-31,8,0.0,231.30822545856435,230.19588385178488,231.3115371379467,260.4517967806132,74.68912155864723,0.0,0.0
2017-10-31,9,0.0,232.32757372846788,232.72182476247602,231.48538624067922,261.42753387262786,78.92320219308513,0.0,0.0
2017-10-31,10,0.0,234.36630688165866,240.64707540301552,232.27857831712444,263.89397013771435,84.39844690712866,0.0,0.0
2017-10-31,11,0.0,255.7082739268904,262.89734024708434,241.95947500525529,281.05712950668305,90.6947005988832,0.0,0.0
2017-10-31,12,0.0,276.9758468129006,282.9892409521166,266.27325586739863,306.83084377798946,97.3358577614045,0.0,0.0
2017-10-31,13,0.0,302.4694873311158,294.23109891658373,287.7461960293573,323.1510313514238,103.82230828619555,0.0,0.0
2017-10-31,14,0.0,309.55490831650053,306.22188819771384,303.3514862574658,335.9394084063357,109.66498506645584,0.0,0.0
2017-10-31,15,0.0,310.1458690675117,312.28082769494085,303.3514862574658,335.9394084063357,114.41869311218818,0.0,0.0
2017-10-31,16,0.0,310.1458690675117,310.0345278158273,303.3514862574658,333.88855393032605,117.71244885304762,0.0,0.0
2017-10-31,17,0.0,310.1458690675117,309.48275587712044,303.6780198179744,333.7489532242989,119.27476205558094,0.0,0.0
2017-10-31,18,0.0,300.90556533147696,302.79513149792314,300.8988457979382,324.74170299491504,110.46866075308085,0.0,0.0
2017-10-31,19,0.0,298.776844203901,303.4886881314091,299.58071459899526,320.0320225914952,108.23605841923884,0.0,0.0
2017-10-31,20,0.0,298.45392556659124,303.38878683628224,299.58071459899526,319.07825763531497,104.19860030975715,0.0,0.0
2017-10-31,21,0.0,288.42765530915614,297.6294632876654,286.1092712113717,312.4976259297665,98.58440629967959,0.0,0.0
2017-10-31,22,0.0,286.1342051026746,289.54744862348554,280.93437460343614,312.2703038119178,91.72904820999642,0.0,0.0
2017-10-31,23,0.0,282.81768848090695,279.4361033042712,265.89245923369657,300.79688944506967,84.05268114260224,0.0,0.0
2017-11-01,0,0.0,262.7680477401294,267.80334703944686,247.75809158678683,268.55818297269514,96.31557724853133,0.0,0.0
2017-11-01,1,0.0,258.856427749809,260.8696314321504,246.29454804118998,268.62376494365026,88.57360262527328,0.0,0.0
2017-11-01,2,0.0,243.58249779578958,246.55696879903277,236.60765957904562,255.42450027783633,81.4669111932001,0.0,0.0
2017-11-01,3,0.0,236.98594824019528,239.9172996803121,235.8144675026004,254.82358800186034,75.43278600614252,0.0,0.0
2017-11-01,4,0.0,232.77000261028746,232.00309198955907,234.77914370914033,253.84785090984573,70.83541650083276,0.0,0.0
2017-11-01,5,0.0,233.16909689398742,232.00309198955907,234.18195402313492,257.7548554020943,67.94107958864302,0.0,0.0
2017-11-01,6,0.0,233.16909689398742,232.00309198955907,234.18195402313492,257.7548554020943,66.89999332411875,0.0,0.0
2017-11-01,7,0.0,233.68120664343294,232.578854991141,234.65720073622558,258.61470187406695,67.73607979280874,0.0,0.0
2017-11-01,8,0.0,233.04130432273388,231.83400923417096,234.77377778606134,259.09834556673815,81.24625626622694,0.0,0.0
2017-11-01,9,0.0,237.17597742080926,240.72665891090784,236.29247039382065,260.07408265875273,85.40383728947546,0.0,0.0
2017-11-01,10,0.0,246.24114133882802,247.1619744696373,240.30332972837584,262.5405189238393,90.77938576920457,0.0,0.0
2017-11-01,11,0.0,260.66710687029473,265.33830699591664,255.97358695527512,279.7036782928079,96.95954073713227,0.0,0.0
2017-11-01,12,0.0,282.7348395538022,286.8354229962578,280.28736781741856,303.63212263667805,103.47610862248095,0.0,0.0
2017-11-01,13,0.0,308.24049491347466,294.6310057744525,299.9532696010497,319.9523102101124,109.83796987009939,0.0,0.0
2017-11-01,14,0.0,317.74271873660786,311.598209434736,317.16091252963423,332.7406872650243,115.56454792653284,0.0,0.0
2017-11-01,15,0.0,317.74271873660786,317.05286516287475,317.16091252963423,332.7406872650243,120.21855973795076,0.0,0.0
2017-11-01,16,0.0,315.37661218111015,312.50502125582534,312.0301585716227,330.68983278901464,123.43581586762085,0.0,0.0
2017-11-01,17,0.0,315.37661218111015,311.9532493171185,311.29847532203144,330.55023208298746,124.95003940417092,0.0,0.0
2017-11-01,18,0.0,305.7915124559199,303.65095035301687,305.71615219491525,321.54298185360364,113.71009088749594,0.0,0.0
2017-11-01,19,0.0,302.75142239416243,305.23517178406274,304.39802099597233,316.8333014501838,111.49389104316631,0.0,0.0
2017-11-01,20,0.0,302.42850375685265,304.6349463507747,302.63142861384165,315.87953649400356,107.50452259966787,0.0,0.0
2017-11-01,21,0.0,289.41658062051687,296.083097211073,286.936902313022,309.2989047884551,101.96682820077967,0.0,0.0
2017-11-01,22,0.0,286.8371842126452,288.6053663159814,281.3684026211985,309.0715826706064,95.21116634541087,0.0,0.0
2017-11-01,23,0.0,283.5206675908775,276.2122022848394,266.683744598402,297.59816830375826,87.65089800184359,0.0,0.0
2017-11-02,0,0.0,256.87179343362396,265.67017934060254,243.30302370145583,268.55818297269514,73.19878914458835,0.0,0.0
2017-11-02,1,0.0,252.96017344330346,258.73646373330615,241.11868697538418,268.62376494365026,65.41132954712441,0.0,0.0
2017-11-02,2,0.0,238.06492786666993,244.42380110018843,232.51219767153626,255.42450027783633,58.26225286667008,0.0,0.0
2017-11-02,3,0.0,232.76073684315568,237.79218890585454,231.71900559509103,254.82358800186034,52.19173064168808,0.0,0.0
2017-11-02,4,0.0,230.42475216226396,228.78003730430427,230.97030849655786,253.84785090984573,47.566432706896535,0.0,0.0
2017-11-02,5,0.0,229.74725477098283,228.78003730430427,230.37311881055246,257.7548554020943,44.65453924998269,0.0,0.0
2017-11-02,6,0.0,229.74725477098283,228.78003730430427,230.37311881055246,257.7548554020943,43.607464775001574,0.0,0.0
2017-11-02,7,0.0,230.0909797918399,228.717520151817,230.67711698531602,258.61470187406695,44.44953945414841,0.0,0.0
2017-11-02,8,0.0,230.86579624110308,228.15651471910647,230.73782775415694,259.09834556673815,57.094713287096454,0.0,0.0
2017-11-02,9,0.0,233.12050839016237,237.00699901676944,230.91167685688947,260.07408265875273,61.2802227398268,0.0,0.0
2017-11-02,10,0.0,238.9139032937024,243.51219361280474,231.7048689333347,262.5405189238393,66.69216825748026,0.0,0.0
2017-11-02,11,0.0,251.0725553642024,257.82655406146216,239.26529348786522,279.7036782928079,72.91470847378918,0.0,0.0
2017-11-02,12,0.0,267.06800466308454,272.4896700255174,261.53630636274823,303.63212263667805,79.47676133334375,0.0,0.0
2017-11-02,13,0.0,290.7017210450956,280.3186224697926,282.67445018011585,319.9523102101124,85.88410755516804,0.0,0.0
2017-11-02,14,0.0,301.4059287971649,295.7224470667515,297.1962554879466,332.7406872650243,91.65307085998273,0.0,0.0
2017-11-02,15,0.0,301.99688954817606,301.7813865639785,297.1962554879466,332.7406872650243,96.34347970932498,0.0,0.0
2017-11-02,16,0.0,301.99688954817606,301.5264302838846,297.24277883546387,330.68983278901464,99.58866426847689,0.0,0.0
2017-11-02,17,0.0,301.99688954817606,300.81191883769947,297.5693123959725,330.55023208298746,101.12044434975098,0.0,0.0
2017-11-02,18,0.0,296.5201287275272,300.04497100382434,296.875982921677,321.54298185360364,90.76904322872716,0.0,0.0
2017-11-02,19,0.0,295.1437535103505,300.7385276373103,296.65575265873275,316.8333014501838,88.54685517394063,0.0,0.0
2017-11-02,20,0.0,294.8208348730407,301.9414751395329,296.65575265873275,315.87953649400356,84.53993018571816,0.0,0.0
2017-11-02,21,0.0,284.7945646156056,294.8793027935666,283.13778592359193,309.2989047884551,78.97430735734818,0.0,0.0
2017-11-02,22,0.0,282.5011144091241,286.79728812938674,277.96288931565635,309.0715826706064,72.18224846405505,0.0,0.0
2017-11-02,23,0.0,276.7101856038555,275.062321348323,264.00445886619457,297.59816830375826,64.5795948721065,0.0,0.0
2017-11-03,0,0.0,259.1384829196308,265.6864678164955,243.35438708356853,268.09091926273493,70.15356406028116,0.0,0.0
2017-11-03,1,0.0,242.68952648142454,246.84298070160736,241.17005035749688,268.15650123369005,61.57427039012012,0.0,0.0
2017-11-03,2,0.0,230.81918494862822,228.7882688558104,232.56356105364895,254.95723656787624,53.68732182045534,0.0,0.0
2017-11-03,3,0.0,228.6009355067423,226.23754087906295,231.77036897720373,254.35632429190025,46.98317463960825,0.0,0.0
2017-11-03,4,0.0,226.89541442330687,221.3017112453834,231.02167187867056,253.3805871998856,41.87167917592444,0.0,0.0
2017-11-03,5,0.0,225.7319555995537,221.3017112453834,230.42448219266515,257.28759169213424,38.65414917520576,0.0,0.0
2017-11-03,6,0.0,225.7319555995537,221.3017112453834,230.42448219266515,257.28759169213424,37.50282776687931,0.0,0.0
2017-11-03,7,0.0,226.07568062041076,221.16201284599964,230.03914169588623,258.14743816410686,38.44914937937148,0.0,0.0
2017-11-03,8,0.0,226.13988703347448,220.99889412694688,230.09985246472715,258.631081856778,38.74995511290439,0.0,0.0
2017-11-03,9,0.0,227.24325263305167,225.93472376062644,230.27370156745968,259.6068189487926,43.42166209452694,0.0,0.0
2017-11-03,10,0.0,229.46150207493758,228.3590341390753,231.0668936439049,262.0732552138791,49.46723256804546,0.0,0.0
2017-11-03,11,0.0,239.60533693365196,247.33111499250504,240.55868265011605,279.2364145828478,56.4276446735648,0.0,0.0
2017-11-03,12,0.0,267.806908601734,274.9840314573888,260.2136092957157,303.1648589267179,63.78153160581644,0.0,0.0
2017-11-03,13,0.0,289.5584973462971,288.100197654551,281.15185680208924,319.0307648943818,70.98071190033784,0.0,0.0
2017-11-03,14,0.0,300.35951366479395,299.08866993194584,295.67366210992,331.8191419492937,77.48754709436295,0.0,0.0
2017-11-03,15,0.0,300.35951366479395,298.93049931740364,295.67366210992,331.8191419492937,82.81158089957029,0.0,0.0
2017-11-03,16,0.0,300.47949771468836,299.7940769636677,295.72018545743725,329.76828747328403,86.54296298761446,0.0,0.0
2017-11-03,17,0.0,300.47949771468836,300.382414314832,296.04671901794586,329.62868676725685,88.38037961269342,0.0,0.0
2017-11-03,18,0.0,299.55702466202854,296.93655388984024,294.9718736361319,320.621436537873,90.78323006823504,0.0,0.0
2017-11-03,19,0.0,298.18064944485184,297.6301105233262,294.7516433731876,315.9117561344532,88.45679508010315,0.0,0.0
2017-11-03,20,0.0,297.85773080754205,297.53020922819934,294.7516433731876,314.95799117827295,84.14423354807582,0.0,0.0
2017-11-03,21,0.0,287.71147650021254,289.3495029558751,281.2336766380468,308.3773594727245,78.0924131908136,0.0,0.0
2017-11-03,22,0.0,286.0089870447421,287.4845984034645,276.0587800301112,308.1500373548758,70.66672934165538,0.0,0.0
2017-11-03,23,0.0,278.97687508986246,279.08764544598455,262.1003495806495,296.67662298802765,62.32620386049635,0.0,0.0
2017-11-04,0,0.0,250.39089178778838,254.6075626466915,236.74260114875338,262.3661759545408,62.89740639579395,0.0,0.0
2017-11-04,1,0.0,238.78869214091063,242.87698168245527,235.30679730194277,262.43175792549584,54.48106758974427,0.0,0.0
2017-11-04,2,0.0,229.5783663866946,228.49605831523078,231.30062197371723,254.63754465708894,46.74596877949739,0.0,0.0
2017-11-04,3,0.0,230.65495806167567,228.49605831523078,231.01515135539296,254.14154966678063,40.17221794321409,0.0,0.0
2017-11-04,4,0.0,226.61459107751347,222.44056026877143,230.2664542568598,253.16581257476602,35.160779113847695,0.0,0.0
2017-11-04,5,0.0,225.45113225376028,220.94951750228756,229.66926457085438,257.07281706701457,32.00614734292304,0.0,0.0
2017-11-04,6,0.0,225.45113225376028,220.94951750228756,229.66926457085438,257.07281706701457,30.876279349450897,0.0,0.0
2017-11-04,7,0.0,225.79485727461736,221.06811402918476,230.03914169588623,257.93266353898724,31.801147547088817,0.0,0.0
2017-11-04,8,0.0,225.79485727461736,222.55915679566863,230.03914169588623,257.93266353898724,34.670697473682424,0.0,0.0
2017-11-04,9,0.0,229.23306877492132,229.2911595867198,230.21299079861876,258.9084006310018,39.24234782098762,0.0,0.0
2017-11-04,10,0.0,228.15647709994025,229.29955371061868,230.49846141694303,261.4552500973199,45.15752194994246,0.0,0.0
2017-11-04,11,0.0,236.1557334820129,242.43905795100207,233.45521715892184,272.994690068475,51.9660842960439,0.0,0.0
2017-11-04,12,0.0,252.15734346420945,257.26963162981497,240.28276413603365,277.86912097266304,59.157016364184045,0.0,0.0
2017-11-04,13,0.0,261.56319353271164,260.06120352459754,247.02440874317307,278.77103673337973,66.19324179459403,0.0,0.0
2017-11-04,14,0.0,260.69999893064846,260.04473332544904,251.00052049963585,278.0320931273414,72.54822722920125,0.0,0.0
2017-11-04,15,0.0,260.69999893064846,258.7418845280996,251.00052049963585,278.0320931273414,77.74186468984496,0.0,0.0
2017-11-04,16,0.0,260.69999893064846,258.03200484726784,251.0470438471532,275.9812386513317,81.37319014357163,0.0,0.0
2017-11-04,17,0.0,260.81998298054293,258.4993153646029,251.3735774076618,275.8416379453045,83.14770853885656,0.0,0.0
2017-11-04,18,0.0,260.07830882801306,256.2104100390793,252.0133127666074,275.1870444984612,82.89746315668904,0.0,0.0
2017-11-04,19,0.0,260.4762579596859,257.2837920144538,250.4839243823643,272.8425708019334,80.59248158341146,0.0,0.0
2017-11-04,20,0.0,260.03335527248163,256.6284128085643,250.4839243823643,272.718665583006,76.34281828117813,0.0,0.0
2017-11-04,21,0.0,260.0027301253294,256.49288494518623,249.69131468903404,273.8777549820123,70.39105455823335,0.0,0.0
2017-11-04,22,0.0,260.0027301253294,257.7957337425358,249.69131468903404,275.85781501354654,63.095767053638696,0.0,0.0
2017-11-04,23,0.0,260.8659247273925,257.3991721984084,245.25775630967595,276.5967586195848,54.90709133189756,0.0,0.0
2017-11-05,0,0.0,250.70609794807123,254.86809650886923,237.18323662167992,261.756303748519,64.1007136660588,0.0,0.0
2017-11-05,1,0.0,246.9817679290469,250.01916801162082,235.7474327748693,261.82188571947404,56.32591075706944,0.0,0.0
2017-11-05,2,0.0,236.88274209699853,241.25098010936904,231.74125744664377,254.0276724510672,49.18862823268637,0.0,0.0
2017-11-05,3,0.0,232.6373184586661,237.06674625607747,231.4557868283195,253.53167746075889,43.12823387912687,0.0,0.0
2017-11-05,4,0.0,230.3680087381003,228.75659217740852,230.70708972978633,252.88619272057576,38.510707333408504,0.0,0.0
2017-11-05,5,0.0,229.69051134681916,228.75659217740852,230.2492111433125,257.50154620173544,35.60369917589617,0.0,0.0
2017-11-05,6,0.0,229.69051134681916,228.75659217740852,230.2492111433125,257.50154620173544,34.558290985563985,0.0,0.0
2017-11-05,7,0.0,230.03423636767624,228.69407502492126,230.55320931807606,258.361392673708,35.39869938006194,0.0,0.0
2017-11-05,8,0.0,230.03423636767624,228.69407502492126,230.55320931807606,258.361392673708,38.02062569324323,0.0,0.0
2017-11-05,9,0.0,232.22227355640962,237.68073384818203,230.7270584208086,259.0068774138911,42.19836375690039,0.0,0.0
2017-11-05,10,0.0,236.9569010747678,241.87336182537248,231.01252903913286,261.5537268802092,47.600181403131444,0.0,0.0
2017-11-05,11,0.0,245.50631226827664,249.40013060078311,233.8299736815801,272.3848178624532,53.81092746336901,0.0,0.0
2017-11-05,12,0.0,253.6300526226198,257.34905181260825,240.6575206586919,277.25924876664124,60.360323634448974,0.0,0.0
2017-11-05,13,0.0,262.54994125864994,257.94406937789574,247.39916526583133,278.1611645273579,66.75501316779858,0.0,0.0
2017-11-05,14,0.0,262.00267756404065,260.3411358440812,251.3752770222941,277.4222209213196,72.51218231654201,0.0,0.0
2017-11-05,15,0.0,261.68674665658676,260.12415350824233,251.3752770222941,277.4222209213196,77.19246329446185,0.0,0.0
2017-11-05,16,0.0,261.68674665658676,259.55470820820585,251.42180036981145,275.3713664453099,80.42987646454054,0.0,0.0
2017-11-05,17,0.0,261.68674665658676,258.1636920174289,251.74833393032006,275.2317657392827,81.95677124641318,0.0,0.0
2017-11-05,18,0.0,260.9450725040569,256.0559003712898,252.45394823953396,274.5771722924394,81.6220660611057,0.0,0.0
2017-11-05,19,0.0,260.59067572533047,257.1292823466643,250.92455985529085,272.2326985959116,79.40154429096808,0.0,0.0
2017-11-05,20,0.0,260.2677570880207,258.33222984888687,250.92455985529085,272.1087933769842,75.39950460214703,0.0,0.0
2017-11-05,21,0.0,260.23713194086844,258.0562676047135,250.1319501619606,273.2678827759905,69.8416531628502,0.0,0.0
2017-11-05,22,0.0,260.5530628483223,258.2732499405524,250.1319501619606,275.24794280752474,63.05972214097949,0.0,0.0
2017-11-05,23,0.0,261.10032654293155,255.46315173109087,245.6983917826025,275.986886413563,55.46886270510217,0.0,0.0
2017-11-06,0,0.0,259.46868595429623,266.02618551991867,245.62852519312136,269.9116341865701,68.67661510732381,0.0,0.0
2017-11-06,1,0.0,255.55706596397576,259.09246991262216,243.4441884670497,269.9772161575252,60.44696245627577,0.0,0.0
2017-11-06,2,0.0,232.50939883205933,236.0241505912323,233.5234081794895,256.7779514917114,52.88582744808053,0.0,0.0
2017-11-06,3,0.0,230.81918494862822,229.27313741210725,232.73021610304428,256.17703921573536,46.46146271527783,0.0,0.0
2017-11-06,4,0.0,227.99878002288406,226.7224094353598,231.9815190045111,255.20130212372078,41.56465187474129,0.0,0.0
2017-11-06,5,0.0,226.83532119913087,223.2776225681641,231.3843293185057,259.10830661596935,38.48207826998839,0.0,0.0
2017-11-06,6,0.0,225.7319555995537,223.2776225681641,231.3843293185057,259.10830661596935,37.37678797508721,0.0,0.0
2017-11-06,7,0.0,227.17904621998795,223.13792416878036,230.99898882172678,259.9681530879421,38.277078474154166,0.0,0.0
2017-11-06,8,0.0,227.4816325414054,226.41959231692329,231.0596995905677,260.4517967806132,42.56040099963758,0.0,0.0
2017-11-06,9,0.0,229.6998819832913,228.97032029367074,231.23354869330024,261.42753387262786,47.01742335811298,0.0,0.0
2017-11-06,10,0.0,231.91097881874822,235.43324857060992,232.02674076974546,264.1231147572555,52.783211383587116,0.0,0.0
2017-11-06,11,0.0,253.4283888859619,258.8691254023107,239.587165324276,284.87808561464453,59.41780992763697,0.0,0.0
2017-11-06,12,0.0,270.0870834405781,276.6226357483973,262.31195931025184,310.651799885951,66.42205584077561,0.0,0.0
2017-11-06,13,0.0,296.0787002327226,289.7280327030331,283.45010312761946,328.0689600464009,73.27159511618402,0.0,0.0
2017-11-06,14,0.0,306.8797165512195,303.76937552581467,297.9719084354502,340.8573371013128,79.45261674873959,0.0,0.0
2017-11-06,15,0.0,306.8797165512195,302.44879049471837,297.9719084354502,340.8573371013128,84.49686810590259,0.0,0.0
2017-11-06,16,0.0,306.8797165512195,302.05339983382913,298.01843178296747,338.57733800576204,88.01356557079953,0.0,0.0
2017-11-06,17,0.0,306.8797165512195,302.6417371849934,298.3449653434761,338.4932929980617,89.7160257999127,0.0,0.0
2017-11-06,18,0.0,302.7085064329671,299.1958767600017,299.9645890047503,328.4563609650166,87.95537195411256,0.0,0.0
2017-11-06,19,0.0,301.3321312157904,299.88943339348765,298.98125415039834,320.99835315360843,85.67496807940591,0.0,0.0
2017-11-06,20,0.0,301.00921257848063,299.7895320983608,298.98125415039834,319.98903249910137,81.49736294334437,0.0,0.0
2017-11-06,21,0.0,290.9829423210455,291.8292511863616,285.4632874152575,313.4084007935529,75.66022720922933,0.0,0.0
2017-11-06,22,0.0,289.2804528655751,291.1267610505051,280.28839080732195,313.1810786757042,68.51432580811544,0.0,0.0
2017-11-06,23,0.0,282.24834091069545,281.4269592956757,266.32996035786016,301.70766430885607,60.49961388842607,0.0,0.0
2017-11-07,0,0.0,261.8695635126655,268.59850344581844,245.32864605901713,269.19745315050227,85.66257475395378,0.0,0.0
2017-11-07,1,0.0,256.64654508488894,261.42920598933637,243.86510251342028,269.2630351214574,77.26601202364594,0.0,0.0
2017-11-07,2,0.0,232.1434708320163,231.60987348882162,233.94432222586008,256.06377045564363,69.5493415822605,0.0,0.0
2017-11-07,3,0.0,233.22006250699738,231.60987348882162,233.15113014941485,255.46285817966762,62.99141554507466,0.0,0.0
2017-11-07,4,0.0,229.17969552283517,225.22815453372655,232.1158063559548,254.48712108765295,57.99211951113523,0.0,0.0
2017-11-07,5,0.0,228.016236699082,225.22815453372655,231.51861666994938,258.3941255799015,54.84512102052537,0.0,0.0
2017-11-07,6,0.0,228.016236699082,223.73711176724268,231.51861666994938,258.3941255799015,53.71785659681706,0.0,0.0
2017-11-07,7,0.0,228.35996171993907,225.92251406220566,231.99386338304004,259.25397205187426,54.640121224691086,0.0,0.0
2017-11-07,8,0.0,227.85768275635218,224.70889912936153,232.1104404328758,259.7376157445454,56.27943907970521,0.0,0.0
2017-11-07,9,0.0,231.29589425665614,232.23072737432773,233.6291330406351,260.71335283656003,60.83894663158347,0.0,0.0
2017-11-07,10,0.0,230.21930258167507,232.2391214982266,234.93370553883196,263.1797891016465,66.73829596144083,0.0,0.0
2017-11-07,11,0.0,253.71300272187065,263.6878983643732,249.08063027159767,280.3429484706152,73.52842993868083,0.0,0.0
2017-11-07,12,0.0,275.14772267009727,283.9352865876228,272.53390126112157,306.11666274192163,80.6995859310793,0.0,0.0
2017-11-07,13,0.0,298.3730590639324,299.6383245852983,292.19980304475274,322.43685031535597,87.71603528574752,0.0,0.0
2017-11-07,14,0.0,308.5831146314181,311.07675824810036,307.44783592591824,335.2252273702679,94.0525923514933,0.0,0.0
2017-11-07,15,0.0,308.5831146314181,309.75617321700406,307.44783592591824,335.2252273702679,99.23040501303947,0.0,0.0
2017-11-07,16,0.0,308.5831146314181,308.6722877544446,306.93645550416664,333.1743728942582,102.84958767133926,0.0,0.0
2017-11-07,17,0.0,309.9081373528393,309.11815347062964,306.2047722545754,333.03477218823105,104.6164727863094,0.0,0.0
2017-11-07,18,0.0,307.55515216025515,301.92665849241837,301.35025044887624,324.0275219588472,105.58622262564265,0.0,0.0
2017-11-07,19,359.9814,305.26740800889695,302.0444521243224,300.0321192499333,319.3178415554274,103.2838446221289,0.0,0.0
2017-11-07,20,354.0277,303.619466650166,300.94691317430363,299.73960356044057,318.36407659924714,99.04181460021039,0.0,0.0
2017-11-07,21,317.9422,292.71036321322146,292.98663226230445,285.98153347789014,311.7834448936987,93.10219367269247,0.0,0.0
2017-11-07,22,305.976,291.00787375775104,292.28414212644793,280.80663686995456,311.55612277585,85.82273096719553,0.0,0.0
2017-11-07,23,305.976,284.56672255388247,283.76369537238986,266.121978847158,300.08270840900184,77.65248361431583,0.0,0.0
2017-11-08,0,281.9779,279.9045062154847,270.9117051004141,286.69876295208525,292.8492934024065,170.06652539435154,0.0,0.0
2017-11-08,1,293.9843,284.56968521469696,270.41946057822645,286.64589970100656,292.9148753733616,162.64136350447524,0.0,0.0
2017-11-08,2,311.935,280.7397573333319,267.6419294151711,277.90694517739854,284.5617470680736,155.82989454156174,0.0,0.0
2017-11-08,3,294.0,279.4283588958758,267.6419294151711,276.95225957751427,283.9608347920976,150.04928263604654,0.0,0.0
2017-11-08,4,287.9851,272.6008121313994,259.8973230265466,275.2710338377984,282.5778197969619,145.64644071347539,0.0,0.0
2017-11-08,5,275.9858,270.64344845437085,256.0211190945174,273.6919574416762,279.32764917951295,142.87438895192884,0.0,0.0
2017-11-08,6,276.0142,270.64344845437085,255.9562715742808,273.6919574416762,279.32764917951295,141.87501187502187,0.0,0.0
2017-11-08,7,276.0147,270.64344845437085,255.9562715742808,273.6919574416762,279.50674497100397,142.66938915609458,0.0,0.0
2017-11-08,8,288.0154,273.8856876612687,259.05693927081046,276.7305707864313,279.2482068459684,162.20449706444,0.0,0.0
2017-11-08,9,281.9488,280.57480286704924,267.20213552204063,278.24926339419056,280.63122184110415,166.16755050494993,0.0,0.0
2017-11-08,10,281.9709,283.5870087736062,266.9977819620494,281.77036800489884,282.800188579882,171.2895857031366,0.0,0.0
2017-11-08,11,287.9928,291.5694434862321,277.6951699272151,286.6448322772979,291.9655808717582,177.1745182019047,0.0,0.0
2017-11-08,12,281.9925,298.4875105125973,286.1211904764645,303.5802275624373,304.203849606297,183.37427335387162,0.0,0.0
2017-11-08,13,341.9641,305.6865569108776,289.83637858901795,317.7307930055463,316.6665372916437,189.41932186810823,0.0,0.0
2017-11-08,14,383.9795,320.53258770610637,310.0904987319342,324.29432804560827,329.38280880859287,194.85067745538203,0.0,0.0
2017-11-08,15,371.9709,320.53258770610637,310.0904987319342,325.0543095171388,330.02734242773005,199.25117598525756,0.0,0.0
2017-11-08,16,389.9903,318.44508416390653,308.5848622594442,320.5282804588958,328.273957478029,202.27390453218905,0.0,0.0
2017-11-08,17,401.9685,318.44508416390653,311.26130972071826,319.79659720930454,328.4778755982358,203.6658429180959,0.0,0.0
2017-11-08,18,366.0098,305.26154725216736,303.6633761643768,310.06442679599473,321.79627203622795,186.2369686282333,0.0,0.0
2017-11-08,19,365.9335,326.00045596040303,303.4988066306925,333.4729265315671,351.7641594784941,217.80401299659007,0.0,359.9814
2017-11-08,20,353.9723,306.0339040285636,294.18450931694184,315.22372802633896,335.22163788595293,213.3788814904695,0.0,354.0277
2017-11-08,21,335.9563,285.6587882350999,289.9795909264562,296.7999072793955,324.4163418760764,204.65337280291448,0.0,317.9422
2017-11-08,22,342.0,279.36634459440467,289.22045549250646,284.90961162771197,305.8689999248741,197.02961640041423,0.0,305.976
2017-11-08,23,311.9761,269.10131500343624,271.0844960265369,280.5350066088659,294.4676910959887,189.76457052600648,0.0,305.976
2017-11-09,0,263.9727,300.13419213200905,294.67012791349276,297.5126472879435,307.8626472661107,284.7290197813043,0.0,281.9779
2017-11-09,1,293.954,306.1348148441839,304.10055415137464,302.98994811909597,315.19423079793563,278.40589795015114,0.0,293.9843
2017-11-09,2,269.9788,307.07768676584396,304.2872200714643,305.1110913611618,311.11305065429076,273.25522647885253,0.0,311.935
2017-11-09,3,276.0142,300.58862472294163,297.35225392623664,300.07599014758347,307.18350249404267,265.77486992539565,0.0,294.0
2017-11-09,4,257.96,297.1567601078542,294.2359545598203,297.84718135387396,306.566786833701,260.7939149336227,0.0,287.9851
2017-11-09,5,281.9925,284.7503407511149,278.6354379986606,286.6651591825689,296.0691332810449,256.88814556564205,0.0,275.9858
2017-11-09,6,264.0,284.7503407511149,278.708077220899,286.6651591825689,296.0691332810449,255.88835824615632,0.0,276.0142
2017-11-09,7,281.9779,284.1995591141126,278.547140627148,286.6651591825689,296.24822907253593,256.6858546052149,0.0,276.0147
2017-11-09,8,263.9793,292.5766557464546,288.09764896039576,296.1103059699854,303.2556925083702,276.90202010971194,0.0,288.0154
2017-11-09,9,282.0,289.6247042357915,284.77956443604074,291.9661212448395,296.6064066078421,280.31077156851995,0.0,281.9488
2017-11-09,10,276.0147,293.8813384909218,291.2839401471623,293.9988167483795,298.1429540577099,285.45355149201185,0.0,281.9709
2017-11-09,11,281.9413,305.4143262431532,308.7312865730369,303.2963605490388,309.86079998296685,291.92467015593724,0.0,287.9928
2017-11-09,12,329.9829,310.6182156413513,308.5419028386438,308.2471784735266,312.1746785806012,297.58534498408414,0.0,281.9925
2017-11-09,13,377.9805,346.5914550212457,345.86771613613405,347.85475789221067,347.67022533507566,309.274947035918,0.0,341.9641
2017-11-09,14,408.0,372.8940097067161,370.77576519458694,379.6507927409907,378.7537326653106,318.66620737748957,0.0,383.9795
2017-11-09,15,378.0095,368.2882832469184,363.1077589668686,372.97872834134273,375.3653031460118,321.95979713327813,0.0,371.9709
2017-11-09,16,395.9485,372.4927750667693,364.1547798178656,377.5204440377847,378.27730062365674,326.6858364879847,0.0,389.9903
2017-11-09,17,359.9724,372.4927750667693,363.1427137619609,376.7887607881935,378.48121874386356,329.2095147492845,0.0,401.9685
2017-11-09,18,323.9752,358.285636363638,351.20903107856293,361.78841138589087,367.4573134949415,308.86604716699395,0.0,366.0098
2017-11-09,19,371.9517,352.7354080060686,348.97757816981095,358.80053625273223,362.5209628043473,306.6813325975601,0.0,365.9335
2017-11-09,20,335.939,341.9008828568363,342.1396763972449,346.21026099302054,350.7999647835788,301.6841028619043,0.0,353.9723
2017-11-09,21,329.9571,325.7911748511881,331.1647390794753,328.7622405013919,338.8397024638988,294.63794392449813,0.0,335.9563
2017-11-09,22,281.9488,324.1529534295375,328.51969883743857,324.1874635303038,337.62628224957444,288.68360612060894,0.0,342.0
2017-11-09,23,263.9723,305.1537647379008,304.1595722004309,301.07031859730125,316.1228087763768,278.5826347232001,0.0,311.9761
2017-11-10,0,257.9729,273.05588763481467,273.5341171840923,273.27599197626324,287.8378946271233,261.28591195809634,0.0,263.9727
2017-11-10,1,264.0071,278.7832840238611,277.36556943069513,277.75703309253174,289.36487419135824,256.39328105793743,0.0,293.954
2017-11-10,2,258.0064,271.058733642629,272.09689273311693,265.3139684419308,282.46515683167513,247.07585043798235,0.0,269.9788
2017-11-10,3,245.9934,269.0361806338254,268.9706351885063,265.69560794330715,283.203748747458,241.63876441597975,0.0,276.0142
2017-11-10,4,269.9717,264.00035367755436,262.1166249329264,262.03166340805575,279.03297981276586,235.37319348619585,0.0,257.96
2017-11-10,5,287.9775,263.06021962884324,264.4678809730303,263.81531576632875,278.7979087861092,234.74656863240668,0.0,281.9925
2017-11-10,6,263.993,259.4549830627467,259.41102055188514,259.88658394670546,275.24385551175874,232.0241764995928,0.0,264.0
2017-11-10,7,281.9854,261.8050120897608,262.98501618192734,263.64406722800163,278.9770045776002,234.54020035916955,0.0,281.9779
2017-11-10,8,293.9848,260.3542220307287,258.46658548557247,259.77604617721926,275.1644131782142,247.10799858207238,0.0,263.9793
2017-11-10,9,288.0298,265.998191750016,265.25298426553627,263.87862709957506,279.33518211290635,252.9306410302747,0.0,282.0
2017-11-10,10,293.9848,267.5515580348029,267.25787931903477,262.9139232241845,280.8717295627742,257.71384628453006,0.0,276.0147
2017-11-10,11,293.9770000000001,272.36509638984717,273.70958155876417,270.07832465916135,286.71270812047624,264.4130211763625,0.0,281.9413
2017-11-10,12,317.9751,292.56302432553804,307.563735030705,290.3729529853561,309.1987285733186,275.3934354453994,0.0,329.9829
2017-11-10,13,329.9742,332.45317156173246,338.0340520360058,336.9703720217331,354.9379404138937,286.2150188982315,0.0,377.9805
2017-11-10,14,348.01800000000014,348.3495832662561,352.1525056371001,354.4707789175836,367.50996284752426,294.71887641421654,0.0,408.0
2017-11-10,15,395.9795,339.658303725621,345.4841783284586,345.30201453855824,362.888087031409,296.5305057020642,0.0,378.0095
2017-11-10,16,359.9814,348.94054401726726,349.1899697381461,354.8098165742242,366.3889971867332,301.40516540711155,0.0,395.9485
2017-11-10,17,353.9906,340.7274968593945,345.0351821769131,346.60399157470147,362.559952168504,299.5321873846218,0.0,359.9724
2017-11-10,18,401.9792,316.096249838133,324.5068098834503,324.5713962669519,335.3445401893277,284.15325006271985,0.0,323.9752
2017-11-10,19,353.9628,336.5029663854816,333.33075848933095,343.51757794388016,350.63265936742374,286.4391063906637,0.0,371.9517
2017-11-10,20,341.9647,319.04043743824224,326.4691777876465,325.86178868329836,329.1109057163192,279.08933361153197,0.0,335.939
2017-11-10,21,383.9603,303.90158663064994,318.18050837591187,312.2376172009642,323.6860764065318,273.01499051084676,0.0,329.9571
2017-11-10,22,311.9756,285.89378679471156,287.6893291504587,288.97169704825734,303.36844573738796,261.79077999728895,0.0,281.9488
2017-11-10,23,299.9845,277.27830846379106,276.64973892181723,277.27469757017786,293.179208533586,252.58203858890843,0.0,263.9723
2017-11-11,0,299.961,287.79810613268745,281.2419897564077,288.40429347453727,288.98719026011344,301.5820426855137,0.0,257.9729
2017-11-11,1,293.9613,289.55237623292135,280.8308490501134,288.3514302234586,289.05277223106856,295.04245128638496,0.0,264.0071
2017-11-11,2,305.9602,289.47720435583625,280.808778019775,290.3935011514518,288.1108936105903,287.96669974592214,0.0,258.0064
2017-11-11,3,293.9848,289.47720435583625,281.13612560379414,290.58131172169,287.614898620282,281.3161386349355,0.0,245.9934
2017-11-11,4,318.0,291.45289068085765,285.7975214602833,290.4698736192416,289.2127320425319,279.3572850677186,0.0,269.9717
2017-11-11,5,329.9395,292.3089172461894,290.1824123464536,295.0508447260293,289.93462416030405,278.396447344763,0.0,287.9775
2017-11-11,6,317.9751,286.3844810115529,279.2872853369216,287.20261258720967,283.2090586589332,275.1910969670485,0.0,263.993
2017-11-11,7,317.9836,289.8287173118225,285.19924840972516,292.60577464850445,286.9422077247747,277.6298000526311,0.0,281.9854
2017-11-11,8,323.9752,291.74891527603376,290.87367040466125,295.34242067122136,292.0403922036468,281.11798320314864,0.0,293.9848
2017-11-11,9,329.9483,291.72103212930625,291.4863462278973,296.2514921402979,292.6571078639885,284.3263961496587,0.0,288.0298
2017-11-11,10,323.9746,293.075896303629,295.6823809518289,299.58229623520367,294.27406851508783,289.7505561624403,0.0,293.9848
2017-11-11,11,335.9474,293.20834035190774,298.3229710075501,302.25792184610117,296.3170151675521,295.336586548665,0.0,293.9770000000001
2017-11-11,12,323.9832,303.2259361325393,294.59519481413486,306.77638426368515,301.8887304115738,303.4657386007923,0.0,317.9751
2017-11-11,13,318.0085,302.5417976944452,297.41618054151576,307.00383920902294,299.8967467932403,310.3155017989253,0.0,329.9742
2017-11-11,14,324.0168,310.16672144230455,301.43020896353096,306.762915966835,295.5124172414142,317.1399557316198,0.0,348.01800000000014
2017-11-11,15,317.9502,325.51559776653045,327.5198845967664,329.34309056681417,306.5842781648625,325.7799041463038,0.0,395.9795
2017-11-11,16,294.0,323.00600074018973,316.62676934527684,327.7449801731087,304.43276996575463,325.23201250997465,0.0,359.9814
2017-11-11,17,293.9544,308.76453172862176,299.6342210484361,309.01580180162006,296.984275220205,325.938918774818,0.0,353.9906
2017-11-11,18,287.9851,321.93376119166226,322.5693372006363,326.83665110940217,305.01263717743495,330.0140919705273,0.0,401.9792
2017-11-11,19,306.0,308.17318608404946,297.6474940150358,307.06041053611654,294.9789518038794,323.3810860884276,0.0,353.9628
2017-11-11,20,293.9922,305.79509793676397,300.2916897771956,299.1146025599915,292.7671558584801,318.512911412998,0.0,341.9647
2017-11-11,21,306.0158,320.53410202968615,319.32770700877717,320.0035148445543,301.8850128964754,317.3025184255831,0.0,383.9603
2017-11-11,22,312.0,288.2316312169692,284.3006259660541,286.3226106050657,285.5745612549793,304.30919350493036,0.0,311.9756
2017-11-11,23,318.0164,286.8830837713389,285.7768073075508,286.5131402875351,287.44018587178317,296.2183768999349,0.0,299.9845
2017-11-12,0,342.0,302.9294399554718,310.0843412748008,310.8164805914683,309.31333811619425,310.66585542655884,0.0,299.961
2017-11-12,1,323.9665,302.7325546785697,310.79304302358975,310.8164805914683,309.37892008714937,303.372078419303,0.0,293.9613
2017-11-12,2,342.0091,303.83242758050926,313.86315293144384,312.80415048669755,308.43704146667113,298.3317494791785,0.0,305.9602
2017-11-12,3,335.9563,302.65738280148463,312.2066181272139,311.1184245413571,307.9410464763628,291.9838013691043,0.0,293.9848
2017-11-12,4,312.0,312.4959087684037,320.41365662174206,320.74718770420805,313.9093725119879,290.2579053214942,0.0,318.0
2017-11-12,5,317.9751,312.7272775005579,320.79656127597696,321.1235461527243,314.99966665815623,288.87273423558156,0.0,329.9395
2017-11-12,6,312.0078,313.516853601832,321.26554528318894,320.9116378249702,315.3722318474019,286.84325127370937,0.0,317.9751
2017-11-12,7,311.9839,315.41767761223804,321.26554528318894,320.9116378249702,316.23207831937464,287.5470920437617,0.0,317.9836
2017-11-12,8,311.9511,315.41767761223804,322.15825515165784,321.1235461527243,315.85951313012896,290.3278871181671,0.0,323.9752
2017-11-12,9,305.9918,316.33710994035357,323.2059870748076,322.03261762180085,317.6823109481697,294.42483789614937,0.0,329.9483
2017-11-12,10,305.9602,317.9705771279742,325.0284014334902,326.4203730398455,319.29927159926905,298.4318163021501,0.0,323.9746
2017-11-12,11,311.9428,319.90831201723944,328.39584631938266,326.5114400612677,320.95305062513916,304.7925080767053,0.0,335.9474
2017-11-12,12,324.0086,317.3297157346481,325.92485107325604,325.62409739146744,320.0762389299615,309.17709812563794,0.0,323.9832
2017-11-12,13,341.9647,315.3379623857161,325.8599558928386,324.91715711034806,319.5643875728247,313.9683853316826,0.0,318.0085
2017-11-12,14,341.9818,316.3297548313425,323.11848151726844,320.84586903295474,316.407160986578,319.3164396831254,0.0,324.0168
2017-11-12,15,311.9756,316.3297548313425,322.47977194692527,320.61304116623074,317.42425979496085,322.593173780354,0.0,317.9502
2017-11-12,16,299.992,304.5434986058165,312.441793166856,307.99378518107153,308.77566797397293,322.9450489887072,0.0,294.0
2017-11-12,17,299.9840000000001,304.5434986058165,311.50834575787064,307.2621019314803,308.97958609417975,324.0649377525698,0.0,293.9544
2017-11-12,18,276.0147,303.8970731976922,311.4148371285312,306.1400873156586,308.32499264733644,323.03335780452335,0.0,287.9851
2017-11-12,19,281.9633,303.3754776033895,311.5872316391204,307.06374043631195,306.29351199737243,322.6387608933185,0.0,306.0
2017-11-12,20,287.9928,301.0551466219841,308.884470346515,304.1263157663287,305.826087952211,317.91394602194777,0.0,293.9922
2017-11-12,21,275.9641,301.2290379024898,309.6459680892412,303.5384428522777,304.5166176858952,314.1237364763296,0.0,306.0158
2017-11-12,22,281.9854,299.2824126375036,307.58056121005797,303.70930150058285,305.7995553417881,308.73762887364336,0.0,312.0
2017-11-12,23,299.953,305.3509483744009,311.7019240805465,313.8283203265897,313.2328093737946,302.682975346485,0.0,318.0164
2017-11-13,0,275.9568,312.917609556647,313.5437819099634,308.66110139045077,322.4890149862349,312.9879364613368,0.0,342.0
2017-11-13,1,293.9618,310.1780500937166,304.23611452347683,306.8807531620797,319.9645391528329,304.3225741344315,0.0,323.9665
2017-11-13,2,305.9679,313.80460854182417,305.37640716955514,307.76470360673255,315.14478092927305,299.62169172280676,0.0,342.0091
2017-11-13,3,293.9613,311.73103333594685,302.76677676609575,304.02063344921265,311.95381084893995,293.6339152567855,0.0,335.9563
2017-11-13,4,287.9928,302.8372627073807,295.0972731150395,296.4326480030118,304.1834526015479,287.26198752202004,0.0,312.0
2017-11-13,5,287.9477,311.26237636930875,299.667522535238,303.7900036625282,310.77681594487984,285.2237232841437,0.0,317.9751
2017-11-13,6,300.016,303.3398525708044,295.31790921848966,296.3851582826534,305.3354623830587,283.7242804957231,0.0,312.0078
2017-11-13,7,287.9923,305.75278633065597,295.7327356263206,296.86040499574403,306.05415753859444,284.4571603502079,0.0,311.9839
2017-11-13,8,293.9848,308.5045127774469,298.2413970070431,302.0501933375605,308.36323407907423,312.54895913057265,0.0,311.9511
2017-11-13,9,311.9672,307.9222847867783,298.40172482716144,301.40115790127936,307.7361680696187,315.6770694384592,0.0,305.9918
2017-11-13,10,324.0254,311.06736213172854,303.96413585860415,306.4800508467139,309.50186013902766,320.43597029919084,0.0,305.9602
2017-11-13,11,329.9829,320.6375568611891,309.88480243109666,322.3226161344489,324.9127421862867,326.46223017134594,0.0,311.9428
2017-11-13,12,305.9362,346.00096185007163,341.06103591279646,352.1491288959366,350.24281096590033,333.34282530847094,0.0,324.0086
2017-11-13,13,383.9795,373.384489911103,374.164043254701,387.02803984666167,373.94510828407846,340.6208194548746,0.0,341.9647
2017-11-13,14,491.9869,397.6439164858432,391.13233984537874,408.271752919138,392.2934494313034,345.6343481725883,0.0,341.9818
2017-11-13,15,480.0,381.3044045221437,362.48789877172845,391.59370743106876,380.9351108906374,346.8621532717821,0.0,311.9756
2017-11-13,16,437.9657,378.6021236468623,352.84129124219254,379.35646772086244,376.5762103377422,348.4852730409999,0.0,299.992
2017-11-13,17,437.9774,378.6021236468623,351.71341254681624,378.6247844712712,377.8793059967142,349.7027281163101,0.0,299.9840000000001
2017-11-13,18,408.0,349.01836300784976,316.7783734998311,349.3837854194674,363.2358615263403,321.23442351566086,0.0,276.0147
2017-11-13,19,377.9704,340.75842496184526,312.65525240603864,348.94387793274166,353.9148931885811,319.6767602902617,0.0,281.9633
2017-11-13,20,383.9904,340.33802138226736,323.37358610990117,345.40202642860703,356.6166163462738,316.54856350537244,0.0,287.9928
2017-11-13,21,347.982,321.878615085659,302.52639767402286,319.40325463756653,342.0998719848222,310.35430067640436,0.0,275.9641
2017-11-13,22,311.9922,314.6180157631441,299.4689618688864,311.3996753409355,337.4112369406837,304.7767089811412,0.0,281.9854
2017-11-13,23,287.9625,302.28246338849067,300.1561744373748,302.70350705661804,325.47604296039464,299.61521980834976,0.0,299.953
2017-11-14,0,293.9692,302.80477463835035,299.038318905277,301.7428823883143,316.6006233654841,275.1449467354178,0.0,275.9568
2017-11-14,1,299.9845,307.1798821257008,303.29568523546743,304.0090614573535,321.76438981531135,269.50906645288796,0.0,293.9618
2017-11-14,2,293.9466,308.5375353210644,303.53062271258904,305.25974968557654,317.3700195367657,263.91766701462166,0.0,305.9679
2017-11-14,3,293.9848,307.3624905420398,301.76181797578136,302.43152757011364,316.7691072607897,257.0930000021037,0.0,293.9613
2017-11-14,4,281.9558,305.65302114906007,298.2224986758688,300.30242956810116,316.152391600448,252.19313661109265,0.0,287.9928
2017-11-14,5,269.986,302.30250676458866,292.8894301646317,297.365418916783,310.4365950475892,249.45609262742784,0.0,287.9477
2017-11-14,6,275.9858,301.64898749135523,292.6045894614721,297.365418916783,312.3632672994409,249.60127569646846,0.0,300.016
2017-11-14,7,282.0075,303.05417577549946,292.4436528677211,297.25071925550554,312.54236309093193,249.25527324886548,0.0,287.9923
2017-11-14,8,287.9851,301.6559235004217,295.25072875472193,301.3720595861949,312.1000032913691,271.28515900343876,0.0,293.9848
2017-11-14,9,281.9779,306.5065782732213,301.20538715922726,300.35203612324057,316.0453548359829,276.8713127254541,0.0,311.9672
2017-11-14,10,269.9505,313.4619366101549,306.9972880191649,309.34142522086677,322.7646461308484,283.04223956721825,0.0,324.0254
2017-11-14,11,287.9847,318.45100649980446,312.55740705810246,318.6993460857505,328.60562468855045,289.39085464235416,0.0,329.9829
2017-11-14,12,294.0,327.7385203913735,323.66163391822096,333.8927643588849,333.82807730592924,293.2350316167602,0.0,305.9362
2017-11-14,13,354.0,382.94721871013877,383.3722684074607,391.96026201956664,387.03627233484735,306.49353332758284,0.0,383.9795
2017-11-14,14,401.9792,407.98575053247845,420.0162578735964,412.13485977237116,419.3431462255857,321.9538442390798,0.0,491.9869
2017-11-14,15,401.927,408.2960365346026,420.50237707302216,414.00482785033694,419.3431462255857,325.14945523441054,0.0,480.0
2017-11-14,16,383.9904,397.8502560874177,396.6033478945479,401.78018915591105,400.4036330272366,324.1698390116891,0.0,437.9657
2017-11-14,17,383.9494,397.8502560874177,397.5051174601807,401.0485059063198,399.85586572586743,325.52363899332676,0.0,437.9774
2017-11-14,18,348.0,375.61093244941287,374.87359315220397,380.5088738889808,389.3704622313425,303.2992328957135,0.0,408.0
2017-11-14,19,377.9509,376.93170075737174,369.321290896083,377.1014129693289,391.3276908985297,367.19038470319765,359.9814,377.9704
2017-11-14,20,372.0099,380.16070346979694,370.49255964334395,372.73736730626,394.44555349521437,362.7878143748954,354.0277,383.9904
2017-11-14,21,329.9829,342.3902679693886,335.08834145613787,338.3222922522791,362.90626680201785,347.2285363154926,317.9422,347.982
2017-11-14,22,342.0091,318.44369332408604,308.74513922606184,318.27468407921964,338.8507353916259,335.14513717884097,305.976,311.9922
2017-11-14,23,281.9633,311.0752086882394,303.3492503929004,311.3445558683478,324.7008467868066,325.72247740472466,305.976,287.9625
2017-11-15,0,287.9923,296.3495987366726,292.3143215961031,297.93683115633786,301.0060667721513,311.6376784252452,281.9779,293.9692
2017-11-15,1,294.0073,297.7014697963866,294.5440605035087,298.3888330041834,302.18252929954684,307.196254579398,293.9843,299.9845
2017-11-15,2,288.0,294.1731571505959,280.72004382344784,296.3941381400564,301.02856344410037,303.36756487993244,311.935,293.9466
2017-11-15,3,299.992,297.2137099204307,293.73066610661664,295.8536320469696,300.061306320721,294.25787208173176,294.0,293.9848
2017-11-15,4,293.9544,294.9739473674869,292.17985084887846,292.7889945426089,298.41270188518183,287.65237150337566,287.9851,281.9558
2017-11-15,5,281.9784,290.22782001739165,286.01270419070164,287.85802880542985,291.61172864117583,281.5103029740942,275.9858,269.986
2017-11-15,6,282.007,290.22782001739165,285.89729703635834,289.2547913220516,292.9512328329347,281.09492244845444,276.0142,275.9858
2017-11-15,7,282.0221,289.98714309142935,285.58625656222813,289.7669338737655,293.1303286244257,282.4376231227486,276.0147,282.0075
2017-11-15,8,312.0,287.5035987783881,291.7363822333231,292.68178348085956,296.6819297280875,307.1681057731211,288.0154,287.9851
2017-11-15,9,323.9832,287.0392147061169,291.5759309757147,293.1857566777952,295.4294929993819,309.3319849257736,281.9488,281.9779
2017-11-15,10,299.9765,287.28898452669756,292.48839466662474,293.09173870611517,296.79640915244994,313.23247357304933,281.9709,269.9505
2017-11-15,11,306.0,295.2425979592681,301.2665992285227,306.5215124204942,312.7295636406656,321.84518298679455,287.9928,287.9847
2017-11-15,12,323.9325,308.1496791106018,304.64872800195826,314.64521523653724,325.8047426746441,327.33785340628737,281.9925,294.0
2017-11-15,13,371.9808,345.96167575496725,340.776141710998,358.61800436545144,369.8184760018269,350.3567634713682,341.9641,354.0
2017-11-15,14,443.9416,388.3239680477274,383.26251775749637,398.3369021897885,417.9671836011232,368.2084903980571,383.9795,401.9792
2017-11-15,15,395.9795,387.0950960248379,385.60713491366164,398.3369021897885,415.9382359165408,370.20833623690993,371.9709,401.927
2017-11-15,16,419.9237,381.76942546466427,374.5316753122964,391.01016322797375,413.6180062560598,374.92155323477937,389.9903,383.9904
2017-11-15,17,413.9897,381.76942546466427,371.33968464075883,395.7914843380763,413.8219243762666,378.55368356402846,401.9685,383.9494
2017-11-15,18,407.9891,358.0326951781534,352.15729544378814,363.14964688832123,373.5969978104745,348.47313072511145,366.0098,348.0
2017-11-15,19,348.0087,364.37972478928754,358.8960985861561,367.60404293909886,380.24382790819107,349.10757520625964,365.9335,377.9509
2017-11-15,20,377.9609,358.23532094655184,353.0477960367752,358.5304059262273,373.7339215624785,342.4428513797888,353.9723,372.0099
2017-11-15,21,347.9733,335.0183132658099,334.40097913621537,343.2578207581375,348.06264437503467,329.78937863903127,335.9563,329.9829
2017-11-15,22,329.9829,334.1923594072644,335.1914399571141,342.61408866999574,345.25966563806605,325.66909435383,342.0,342.0091
2017-11-15,23,317.9836,305.04767315591045,298.2596746358815,307.4135470210392,319.07084827644604,307.1467170008639,311.9761,281.9633
2017-11-16,0,323.9746,308.69478615385117,314.6126345937872,307.7674490357581,316.2708932860517,306.89946379708647,263.9727,287.9923
2017-11-16,1,318.0,309.9707313050645,315.1934630645947,308.01654931624216,318.00882000824686,305.76305039037777,293.954,294.0073
2017-11-16,2,300.0075,305.53234810919565,311.70739794556346,302.39320866216235,314.81616455415696,293.79193346073976,269.9788,288.0
2017-11-16,3,275.9715,302.13793098391045,307.271962468749,302.02844974835097,314.21525227818097,290.281416742106,276.0142,299.992
2017-11-16,4,281.9413,299.1222451157706,302.70406928570634,299.0452333932558,313.461728146544,281.8522099597808,257.96,293.9544
2017-11-16,5,275.971,291.94986248433946,291.4359729553413,293.1005702824839,305.2444984025849,282.5510961593361,281.9925,281.9784
2017-11-16,6,275.9715,290.8006638332449,289.94042152543886,292.4087014235667,303.4593122588103,278.1109020363911,264.0,282.007
2017-11-16,7,269.9577,291.2306961187487,289.61430902561426,292.69429467601435,305.4235941940759,282.3473993398609,281.9779,282.0221
2017-11-16,8,287.9698,295.53850553848895,294.76155187269484,300.83434815441507,314.1645115698196,301.04602927107044,263.9793,312.0
2017-11-16,9,275.9494,302.7666831652719,307.3636250959969,308.9688577333235,320.31254569598224,309.5863277751493,282.0,323.9832
2017-11-16,10,287.9625,297.0237837349054,303.64773882019796,298.6336524450044,314.29582016201135,311.3216984707993,276.0147,299.9765
2017-11-16,11,287.9703,299.76708205514996,309.6258426767856,302.9314303005269,319.8930833893727,318.91497322476135,281.9413,306.0
2017-11-16,12,341.9823,322.1502152064719,323.52588845031136,324.70376373278,338.7943086247388,335.99694058602387,329.9829,323.9325
2017-11-16,13,377.9899,349.83403804202294,358.6064423174827,360.7094258830227,390.59048687495334,355.7385777568753,377.9805,371.9808
2017-11-16,14,395.969,381.86422707104265,383.51954292785854,406.9739150256254,434.8184087811238,373.66780762988566,408.0,443.9416
2017-11-16,15,360.0,368.77847309321925,376.97082948752296,386.3782204340385,417.295646640711,367.84390653320713,378.0095,395.9795
2017-11-16,16,365.9902,372.2928878002216,377.63633820324543,386.76985794537205,421.3457159944832,376.54937078467896,395.9485,419.9237
2017-11-16,17,323.9579,372.0285380164852,374.306745447155,385.99656432232615,418.76900100853163,370.5067483997382,359.9724,413.9897
2017-11-16,18,323.9832,360.0809952021538,359.9695260733008,371.52276832367477,386.61449652860927,345.83752775820284,323.9752,407.9891
2017-11-16,19,317.9587,351.77613007916295,352.01336216798694,365.0670793413962,370.3293172890533,347.21783055360766,371.9517,348.0087
2017-11-16,20,305.9602,352.4868645519239,352.0667405439807,362.1777410873762,371.4976402819794,339.26460192721174,335.939,377.9609
2017-11-16,21,330.0171,338.8613758077858,344.1065860547416,351.69327094397823,354.29077774000365,329.95972084598935,329.9571,347.9733
2017-11-16,22,281.9704,323.19048229502215,325.19880571739196,330.06419411832906,341.21822308112405,312.57843723258674,281.9488,329.9829
2017-11-16,23,276.0216,315.26400048257915,310.3189793761157,312.38504273397405,327.6951359282667,300.7396987815236,263.9723,317.9836
2017-11-17,0,263.9864,302.73686123878423,301.7803283471489,298.3704513286075,308.8844755086449,292.0724974916751,257.9729,323.9746
2017-11-17,1,263.9723,302.74450857555246,299.5212467634821,298.134550015914,308.6475734788531,284.8944454267244,264.0071,318.0
2017-11-17,2,275.9927,291.73013031985147,288.64052128987043,290.07100783633723,298.35727332990996,274.924937242878,258.0064,300.0075
2017-11-17,3,300.008,287.35747451460645,286.0152156529758,286.9587734397741,294.58484882691357,264.3153442259618,245.9934,275.9715
2017-11-17,4,294.0,286.1709843511653,284.7150571643761,286.54675034877437,294.88403466941986,264.8460495902075,269.9717,281.9413
2017-11-17,5,275.9641,283.05215458035354,285.47281895615333,283.411334692454,294.5484493778486,264.82498949095145,287.9775,275.971
2017-11-17,6,257.9665,281.9753819124183,283.50019804958504,283.8896061687988,291.6523826776336,259.19153700418485,263.993,275.9715
2017-11-17,7,275.9931,282.3152944046833,284.2424131939836,284.23070959013194,292.27716042114037,262.91002420784537,281.9854,269.9577
2017-11-17,8,269.9717,287.67274705588846,290.7731391345509,285.9755090705008,296.6068015217614,279.8248927112614,293.9848,287.9698
2017-11-17,9,275.9641,288.70317620313057,290.34911654369097,286.3575051533693,296.46524534949623,281.73525217697653,288.0298,275.9494
2017-11-17,10,269.9933,293.637833551428,294.9132259251904,291.17180830579156,300.06674599822526,289.4004080711052,293.9848,287.9625
2017-11-17,11,275.9425,302.33785159759236,304.3489589164459,307.15974714368116,312.6544354343395,295.60818163656927,293.9770000000001,287.9703
2017-11-17,12,294.0,326.0585410488793,325.2598227347833,324.1999539425878,331.8921631720151,311.8088265848279,317.9751,341.9823
2017-11-17,13,377.9805,376.7569499358403,388.3248873055644,368.77740915341536,380.831978197696,323.8716954383952,329.9742,377.9899
2017-11-17,14,419.9454,395.7873913711597,405.4567496396352,394.005527584726,406.9180863403851,334.76376400477903,348.01800000000014,395.969
2017-11-17,15,414.0,390.6914112434087,405.3934898083597,392.7005982956614,410.6554389519529,345.246096213402,395.9795,360.0
2017-11-17,16,383.9603,389.6698763125851,404.08918677442955,388.3683636693643,408.3646003962028,342.1568318638905,359.9814,365.9902
2017-11-17,17,395.9795,374.68806476127037,381.8372184826658,371.40668452903566,389.85749844460986,338.5969851259703,353.9906,323.9579
2017-11-17,18,353.9817,355.3285373652159,363.2388381381663,368.14935512994583,373.0819597192066,337.13490524088473,401.9792,323.9832
2017-11-17,19,323.9914,349.2928279876032,356.2332477283193,357.7984520801448,364.1443046548936,325.1641363733437,353.9628,317.9587
2017-11-17,20,335.93,335.01107936278885,338.7542756212919,340.45184436160366,343.83080775707447,317.7430563861686,341.9647,305.9602
2017-11-17,21,311.9511,340.8806433848102,346.77365365179367,347.74867755006375,359.0878409445677,322.4756010258299,383.9603,330.0171
2017-11-17,22,293.9927,316.11602670750625,315.8587044727263,319.2928951385122,330.1176798874219,297.4209083855004,311.9756,281.9704
2017-11-17,23,258.0064,300.9065760732793,295.9942125370161,296.9869510691293,314.9322836226618,286.98068963198847,299.9845,276.0216
2017-11-18,0,263.9934,296.7480800272577,295.0550643865868,292.79025624981244,282.58317102182406,289.61862609869485,299.961,263.9864
2017-11-18,1,251.9735,295.16728875263186,294.5073567243538,293.51111067867663,282.74505907084983,281.0510816425631,293.9613,263.9723
2017-11-18,2,275.9715,297.6007217602402,290.2192232881279,294.750293331085,283.6443014403983,277.66804037878694,305.9602,275.9927
2017-11-18,3,293.9848,296.1326111178585,291.55078780516317,296.3752369175943,285.75556215295916,271.8528166177951,293.9848,300.008
2017-11-18,4,269.9577,295.36937913203997,281.1640366739035,298.6114932143435,280.4022321614743,271.48524213769815,318.0,294.0
2017-11-18,5,287.9847,296.62894971679214,282.6541673690419,299.5616914546746,281.87013059235613,269.3093671644775,329.9395,275.9641
2017-11-18,6,288.0,289.70024638828414,275.18372283959826,294.46495210471227,272.16397428221455,264.33506244079086,317.9751,257.9665
2017-11-18,7,275.9931,290.394320052167,275.698396569136,295.62129317329453,275.897123348056,266.81983779268467,317.9836,275.9931
2017-11-18,8,263.9591,294.781068724501,283.34690326953006,299.85326739986664,280.56180465008475,269.8860538036393,323.9752,269.9717
2017-11-18,9,276.0142,298.6851569229313,286.0230452733345,301.3719600076259,282.80275051548415,275.54935036252806,329.9483,275.9641
2017-11-18,10,257.9798,300.043711430544,288.1496494919393,304.5418451770365,284.10216232778015,278.96354327268205,323.9746,269.9933
2017-11-18,11,257.9867,306.48362095614766,291.35887581444825,305.9957302191473,287.48896464716626,287.6903174217191,335.9474,275.9425
2017-11-18,12,263.9521,306.7755205560543,300.5139121342251,305.6428586109414,286.1905221813334,293.28706654784634,323.9832,294.0
2017-11-18,13,269.9721,309.30351054004586,299.39061353861706,312.6076939903407,296.96582486103244,306.0539929241822,318.0085,377.9805
2017-11-18,14,257.9596,317.40729137101937,305.8349815018179,318.2291661319254,301.87213136700683,316.5619387737453,324.0168,419.9454
2017-11-18,15,269.9649,311.17370854070913,297.7127397485773,311.01194459612987,294.90937508410724,319.23920336775547,317.9502,414.0
2017-11-18,16,288.0149,304.50299366000155,294.67187672891095,307.61723195258134,297.39032644681913,314.8603006023431,294.0,383.9603
2017-11-18,17,257.9531,304.50299366000155,294.8363487740933,306.8855487029901,297.59424456702595,317.3674956612379,293.9544,395.9795
2017-11-18,18,275.971,301.7547462089941,293.25827856117644,298.16789842524116,288.24659216597496,311.9073954547408,287.9851,353.9817
2017-11-18,19,270.0067,298.6203356916614,291.9917097464316,293.7202470329818,280.7554317617528,310.36913644862364,306.0,323.9914
2017-11-18,20,263.9864,298.96734951114547,290.3848857439722,292.3211546823622,282.0001831155584,305.3264926954341,293.9922,335.93
2017-11-18,21,251.9803,295.94017055534874,290.2578415430677,288.7345060118863,275.48766893900597,300.04007953637995,306.0158,311.9511
2017-11-18,22,269.9438,305.64155805825686,295.60109369069795,293.2891763192384,275.3914338841265,293.0048662573629,312.0,293.9927
2017-11-18,23,263.9723,304.67746206141834,294.27461465940394,293.1037943372914,272.9486768702882,283.5240219525563,318.0164,258.0064
2017-11-19,0,246.0127,284.40679687380634,284.78047500558216,282.0485922680247,288.40379986476614,278.46031494592097,342.0,263.9934
2017-11-19,1,239.9872,280.1325663240791,274.39234169772436,279.5589168642357,281.27981858958583,266.58277018783787,323.9665,251.9735
2017-11-19,2,245.9939,286.12749100975515,278.1153590269236,279.41989000624903,288.4021351702297,265.5880721307492,342.0091,275.9715
2017-11-19,3,239.9812,286.5996392111774,277.58220813716815,279.6442736998241,288.80122048382356,260.4373072877824,335.9563,293.9848
2017-11-19,4,251.9542,280.8272345015937,274.5884686498724,274.3029210790772,281.05760941779033,249.27562137421882,312.0,269.9577
2017-11-19,5,228.0061,280.6857622889315,274.08322548110107,276.11593701457815,284.10463088138056,249.38427994751913,317.9751,287.9847
2017-11-19,6,240.0184,280.6857622889315,275.56882419761257,276.11593701457815,284.75505324886535,247.2611009057401,312.0078,288.0
2017-11-19,7,227.97,281.0367730238329,275.04729455336496,275.5757011518093,284.71981941693593,246.90913283678697,311.9839,275.9931
2017-11-19,8,251.9933,281.2859896423291,274.1767784776468,274.71093602841916,282.0887423477239,248.21392807008678,311.9511,263.9591
2017-11-19,9,251.9803,279.3411442258509,273.33367153049056,266.78247189652217,279.48609334483496,252.09060928309572,305.9918,276.0142
2017-11-19,10,263.9793,277.83778440313847,270.0319059895542,264.7260657032269,278.4214040902343,255.41683116152555,305.9602,257.9798
2017-11-19,11,257.9936,281.16711938383696,275.08147206039047,275.64749121608986,286.8131915281371,262.3311937199778,311.9428,257.9867
2017-11-19,12,257.9802,281.8479725504598,281.63236909638925,283.11342496245015,291.0207045635558,271.27417241378987,324.0086,263.9521
2017-11-19,13,263.993,295.4976229960193,291.8504751778596,293.0278402218913,300.85505640216905,281.19441803103,341.9647,269.9721
2017-11-19,14,275.9715,298.4658445428343,289.5499869910042,292.41586278617126,295.4450758497134,285.38736722295454,341.9818,257.9596
2017-11-19,15,288.0,295.96291705314496,288.5712474738306,289.57324907413914,290.87599362200405,285.07336157261545,311.9756,269.9649
2017-11-19,16,269.9505,281.86979841333886,281.7578709971566,278.96976827318105,282.78438747548375,287.41913686272477,299.992,288.0149
2017-11-19,17,275.9784,278.98634733088807,276.1928452254551,276.8164908497044,278.539172017438,285.9438753268591,299.9840000000001,257.9531
2017-11-19,18,275.9641,275.9080298735974,274.1463502208642,276.79107897133713,280.1871619569108,282.6501345986546,276.0147,275.971
2017-11-19,19,275.9931,276.48562321373174,273.1139994177847,275.69815733559824,278.32450915215816,281.0709616254673,281.9633,270.0067
2017-11-19,20,281.9779,276.5614328589589,273.86032836416666,275.3230961277094,276.75341658084557,277.84101038313855,287.9928,263.9864
2017-11-19,21,287.9703,274.2113715372584,270.41222022720876,272.1348818289152,272.51174067455526,269.1475776768947,275.9641,251.9803
2017-11-19,22,287.9554,275.6221708605423,273.63864668160784,274.9464391570924,275.9828906242887,265.5804686215167,281.9854,269.9438
2017-11-19,23,293.9770000000001,273.1990994118112,276.58053972414115,271.94017346511276,274.9143945941244,261.3087645618301,299.953,263.9723
2017-11-20,0,288.0154,284.9245674732775,287.71037187064536,284.44063599071836,282.05328977998863,305.47236932895055,275.9568,246.0127
2017-11-20,1,276.0073,282.8082736120326,288.02644181659673,286.76614770464636,285.455752752637,300.4736448327061,293.9618,239.9872
2017-11-20,2,258.0202,270.7139786336939,281.0541078286281,282.0836672791805,283.8391359717165,296.09966502686535,305.9679,245.9939
2017-11-20,3,270.0279,270.8516946747766,278.7192193563008,280.2724578765103,283.33452977381114,287.0958233131673,293.9613,239.9812
2017-11-20,4,275.9636,268.93814509622837,277.2532144060244,280.5377855383794,282.35879268179644,282.39509768035805,287.9928,251.9542
2017-11-20,5,257.9596,266.59378673182044,275.6662117684874,279.740069867091,283.4791207815278,277.19477594748724,287.9477,228.0061
2017-11-20,6,275.9931,267.2971263342497,277.36327509397904,280.4207401328765,283.4144963852366,279.5704045898088,300.016,240.0184
2017-11-20,7,281.9704,267.8652701095859,276.35561548733585,280.7993550127321,284.1978159370635,276.994924744456,287.9923,227.97
2017-11-20,8,312.0239,272.7837092081982,277.11948649374466,281.8122959314927,286.75398812492244,291.3082365412288,293.9848,251.9933
2017-11-20,9,299.961,290.5904051144233,295.0524999882947,297.55770731786913,299.28419689171363,298.9885439789627,311.9672,251.9803
2017-11-20,10,306.0,300.36642288803625,300.49389930214437,308.9613290129794,310.71902739365385,307.9047842829484,324.0254,263.9793
2017-11-20,11,305.9602,326.90408918752496,318.47552636575494,326.3047828646161,327.25321494301977,314.790759043603,329.9829,257.9936
2017-11-20,12,299.961,322.53159858547826,317.0662088875586,321.8174494569185,321.40268165494274,316.84222296368887,305.9362,257.9802
2017-11-20,13,389.9597,390.31118204091433,394.8197577363212,395.90915147246847,382.75692753672257,338.8343592243023,383.9795,263.993
2017-11-20,14,420.0105,439.8569535652973,427.1779597438657,442.76492344951976,423.89406353138037,366.47342924479807,491.9869,275.9715
2017-11-20,15,432.0,441.2474893386707,428.88634573001275,442.89498655043025,424.7891438352825,370.0709011578615,480.0,288.0
2017-11-20,16,444.0,421.3469811868017,414.6298973254424,428.09335895351313,416.0010764225529,363.63868163583106,437.9657,269.9505
2017-11-20,17,413.989,421.3469811868017,413.1617621976735,427.3616757039219,416.26055024108655,365.772816176742,437.9774,275.9784
2017-11-20,18,401.9792,380.8070431275782,390.6641409403931,396.3611959314337,390.43085580518044,351.46228196611725,408.0,275.9641
2017-11-20,19,359.9718,373.30795468508677,378.69756322009766,384.961056442054,374.1591939227126,343.48596194881014,377.9704,275.9931
2017-11-20,20,329.9742,368.341889139663,367.52335036999614,372.0312397698649,368.22358237545797,341.1565554818235,383.9904,281.9779
2017-11-20,21,323.9325,349.58323094524394,352.4385613134032,352.9052860942062,354.9363617481167,329.2080911568099,347.982,287.9703
2017-11-20,22,317.9671,330.9133094769047,329.65888414365804,338.6972985726057,339.0273543347158,315.45673964834884,311.9922,287.9554
2017-11-20,23,288.0072,297.4460291790472,303.197695661928,303.03902885038787,308.1968406892657,303.7366774616694,287.9625,293.9770000000001
2017-11-21,0,287.9847,303.7840746594402,300.5014975097818,304.8102268924737,299.4262931149151,325.83021233279874,293.9692,288.0154
2017-11-21,1,275.9784,303.7174518149964,298.7749044516613,302.8469494365614,296.5738164520457,318.53747081210616,299.9845,276.0073
2017-11-21,2,276.0069,300.9892997550871,295.1642726596586,299.26541161476086,291.59575855291604,308.98483607215434,293.9466,258.0202
2017-11-21,3,311.9839,302.4926595777995,297.0169964735621,299.33698466170586,293.20939535953164,304.4228001853259,293.9848,270.0279
2017-11-21,4,305.976,300.27653489418253,294.3116881509929,296.7116046119995,292.6844948632131,298.34090093452625,281.9558,275.9636
2017-11-21,5,287.9477,293.56449043479813,285.74831216116786,290.82119746175226,283.55613114408095,291.63277575329005,269.986,257.9596
2017-11-21,6,275.9784,296.2170489086051,288.1737041835473,293.7745939606814,288.33390636740637,293.48561789638575,275.9858,275.9931
2017-11-21,7,281.9558,297.17543951264764,288.22010251734406,294.69301211886483,289.074466353697,295.9781376770152,282.0075,281.9704
2017-11-21,8,281.9854,303.38045986077935,296.58441802568626,301.88658247226823,295.3319113558009,321.51215454190276,287.9851,312.0239
2017-11-21,9,275.9715,301.6800546149279,296.4502956142082,299.61602993234834,292.207383241525,323.12950275997946,281.9779,299.961
2017-11-21,10,275.9568,304.5559068630534,300.6885458753702,304.27665161901547,294.0548698652437,326.4308848051542,269.9505,306.0
2017-11-21,11,281.9779,315.48163858074633,310.56947022585376,319.3440161813286,300.11488037548094,335.6622743755506,287.9847,305.9602
2017-11-21,12,311.9756,326.4654366464636,321.6029640529282,334.26615790923745,314.387557054605,342.34329941828565,294.0,299.961
2017-11-21,13,359.9904,389.669069445987,377.09556587058586,401.47883568782544,382.92914344235714,368.19528148201977,354.0,389.9597
2017-11-21,14,419.9566,412.8298352630584,398.3761931521772,423.3592607886317,409.85664996352347,385.52221524326086,401.9792,420.0105
2017-11-21,15,401.9893,411.33709233674483,397.7356584713067,416.814803133999,411.5634931770881,390.9507489034188,401.927,432.0
2017-11-21,16,378.0296,412.11656615405644,400.0953531915379,419.14905460089665,406.7445037648167,391.6010416756343,383.9904,444.0
2017-11-21,17,359.9628,405.0624922571727,386.32350931963686,408.4739557680221,402.96663044529873,390.13079318018265,383.9494,413.989
2017-11-21,18,365.9524,371.3611022706638,358.5962663102143,370.0277238238116,371.8100681511857,362.60496998331587,348.0,401.9792
2017-11-21,19,329.9659,360.89079015697627,358.4100440999964,367.88638091833513,366.93919266902793,362.23699913277505,377.9509,359.9718
2017-11-21,20,288.0072,353.51853190770294,343.3333802867923,347.7477184733133,349.4617302830748,354.4630182081419,372.0099,329.9742
2017-11-21,21,305.9684,341.6649672632173,330.9324016900001,337.35788320346836,335.56761320809403,340.5793079963772,329.9829,323.9325
2017-11-21,22,269.9928,337.87183916636394,330.0642906552862,332.94504494889355,334.028685269602,335.90448163293223,342.0091,317.9671
2017-11-21,23,245.9807,302.4939980371084,296.03767235621496,304.26342958363676,302.8488513840079,314.44395228904324,281.9633,288.0072
2017-11-22,0,245.9934,280.77759130401375,281.64447043378993,278.40958451257865,283.25254136886485,295.16583935021913,287.9923,287.9847
2017-11-22,1,257.96,281.45898834652974,280.9004691909396,278.9187647404222,280.8386133620483,287.66160514337207,294.0073,275.9784
2017-11-22,2,246.0193,277.42786715779283,277.26540036016416,272.9452792429887,280.90273233306795,279.6062669820077,288.0,276.0069
2017-11-22,3,270.014,276.15233467943165,281.14093769149304,271.8911178596162,281.5894618406605,279.40842612794654,299.992,311.9839
2017-11-22,4,263.9516,269.9294380331202,278.427443206366,269.16654818988025,277.1601096868507,273.22330643731544,293.9544,305.976
2017-11-22,5,288.0072,267.0059146223378,273.6574513419694,266.59234361330556,275.5433713719096,266.43004138179754,281.9784,287.9477
2017-11-22,6,282.0221,268.2871589420191,270.0736698440075,269.2858605672208,274.64829106800744,264.30049044195596,282.007,275.9784
2017-11-22,7,263.9727,268.66894186602815,271.844637397162,268.2621071210605,274.82738685949846,265.67177295337825,282.0221,281.9558
2017-11-22,8,275.9425,268.1849684346182,264.4182901735189,270.9868781175332,272.1492718968127,288.9588932934419,312.0,281.9854
2017-11-22,9,251.9735,273.65142979023403,269.2659840647591,275.4708290352589,273.54769944215997,294.71484032110163,323.9832,275.9715
2017-11-22,10,269.986,275.076424532986,276.9378376261514,268.1083075740907,276.97764681459114,295.3264020013311,299.9765,275.9568
2017-11-22,11,251.9937,278.49219039728587,285.68597932430765,272.6140143786172,283.54689545461787,303.02533992023666,306.0,281.9779
2017-11-22,12,252.0067,295.69936542949233,293.3219599424737,292.2440392897939,296.8617391181864,315.57185045129546,323.9325,311.9756
2017-11-22,13,300.0075,336.62255477945433,340.61967571473303,341.24531484522674,360.86155418292685,335.41378548833677,371.9808,359.9904
2017-11-22,14,335.9653,353.94292254926745,352.12762560344646,366.4166276669364,390.724326607534,360.3297617950145,443.9416,419.9566
2017-11-22,15,336.0,348.3280073634057,346.715810350429,355.6118274260953,385.5269696360503,353.95422919479586,395.9795,401.9893
2017-11-22,16,288.0149,346.1820709893722,337.46005515099955,356.0405155777976,374.82443831659776,359.3759910958968,419.9237,378.0296
2017-11-22,17,305.9842,345.3608487055049,343.1993785391797,355.7614756449819,375.0283564368046,357.9795920796579,413.9897,359.9628
2017-11-22,18,329.9742,349.6775556188572,340.48289985974446,356.3586721495871,356.87420074599635,342.0039697216208,407.9891,365.9524
2017-11-22,19,294.0152,332.53445544770443,327.97386445462627,329.75432276626276,330.1471156114104,324.96799724081313,348.0087,329.9659
2017-11-22,20,293.954,328.2871767950909,317.9168942719847,327.8902230570953,324.79081381466506,322.8578321008138,377.9609,288.0072
2017-11-22,21,300.0235,318.60225431391603,313.2666240313411,314.1121205529389,315.90215356345107,313.3972396159757,347.9733,305.9684
2017-11-22,22,293.9618,312.6533863506426,304.5504159931405,305.70210251172733,303.9693872992866,299.99780521496274,329.9829,269.9928
2017-11-22,23,263.9727,299.08310365277595,291.2627834185008,291.69962167592297,288.5594216105566,288.08922099886564,317.9836,245.9807
2017-11-23,0,257.9867,295.48648119780313,293.32279265502217,298.269969265716,282.4314324674775,316.3214166013603,323.9746,245.9934
2017-11-23,1,281.9854,294.3374016397376,284.97792284994773,296.1624349174302,277.100721565922,308.73450688124274,318.0,257.96
2017-11-23,2,281.993,290.86006355314305,284.4809829574776,288.1824384394207,273.6565766828353,297.2308869852541,300.0075,246.0193
2017-11-23,3,258.0069,282.57732057623156,281.5879560258637,288.67792126600347,275.27860449015105,288.98871822249527,275.9715,270.014
2017-11-23,4,257.9729,280.862504061745,279.8710188170068,285.7368011793428,272.6497825103444,285.0734903835801,281.9413,263.9516
2017-11-23,5,251.974,281.35231319114354,281.80215636402636,287.2507411158581,274.04864548163624,283.3598452954463,275.971,288.0072
2017-11-23,6,252.0067,280.6563652859455,278.74773647708696,286.7408868039588,273.1535651777341,281.78108714973865,275.9715,282.0221
2017-11-23,7,257.9733,276.2361300492665,276.2170101170904,283.9920559085588,268.5548857458997,279.7516732776263,269.9577,263.9727
2017-11-23,8,264.0,284.2958690949658,284.030540194783,289.2664497875167,274.5626459209023,301.1843423573766,287.9698,275.9425
2017-11-23,9,305.9526,282.86493525541266,283.741429910854,287.2548117480322,270.3119849873265,300.6873763331477,275.9494,251.9735
2017-11-23,10,287.9472,295.4415628985715,293.42052580462297,294.4894567365821,276.905299165985,309.90829371485165,287.9625,269.986
2017-11-23,11,293.9696,306.2755943277887,305.2011043868708,305.3633098070233,279.07841584239065,314.2391176372554,287.9703,251.9937
2017-11-23,12,281.9925,327.26888304501443,316.68839166245834,325.1114130437013,301.127093985969,330.9133770301078,341.9823,252.0067
2017-11-23,13,275.9858,361.11686023861193,356.4413831002853,363.8598157292792,339.7546497830433,348.4865216652932,377.9899,300.0075
2017-11-23,14,263.9859,402.34013555801545,394.9001958373031,400.24373859759186,365.5359593317553,360.858619372279,395.969,335.9653
2017-11-23,15,281.9633,400.2327185916455,394.4883031505487,398.0937302892427,365.5359593317553,358.49360369668057,360.0,336.0
2017-11-23,16,269.9438,376.3906537416453,362.9281552309241,370.74705929301035,353.4200643904056,358.2508063010057,365.9902,288.0149
2017-11-23,17,257.9596,370.6514643004393,351.42594068766556,362.12154014139503,339.43504510456745,353.34015264283585,323.9579,305.9842
2017-11-23,18,269.9928,352.4257078427711,343.5808436957606,357.37498868681433,338.0350714103947,340.9076401807447,323.9832,329.9742
2017-11-23,19,281.9704,327.4350726964457,319.46783066689034,335.21279397156945,316.130894114208,334.1916500856706,317.9587,294.0152
2017-11-23,20,269.9717,317.3878584406069,311.66533512038274,323.9053200469784,304.48072282079056,327.9692366810409,305.9602,293.954
2017-11-23,21,293.9770000000001,323.5765656609022,314.03515922316467,331.6444630508082,313.2848307461709,327.71101253835343,330.0171,300.0235
2017-11-23,22,281.9704,306.4163474323349,298.7385398069099,311.053428963348,297.4547976450561,311.33666495654944,281.9704,293.9618
2017-11-23,23,263.993,294.06092527426364,287.4518194791697,297.4072498748448,281.6831002603333,299.99181217356164,276.0216,263.9727
2017-11-24,0,263.9723,285.2609940079664,280.0033458723226,286.4879167997669,276.0197803523692,315.1569758526244,263.9864,257.9867
2017-11-24,1,257.9931,287.63570588234535,281.9139736008053,290.0873613099991,279.63941559767477,310.42192619613576,263.9723,281.9854
2017-11-24,2,282.0146,288.7849045334399,282.80482052815375,288.1273970677037,279.34282684379986,306.3239207094767,275.9927,281.993
2017-11-24,3,281.9854,289.28027940645427,287.2996210903004,286.01374528531744,275.17947029277326,303.24414761717566,300.008,258.0069
2017-11-24,4,293.9618,288.8815905171543,287.9623285975575,285.7657326060861,274.3000392788292,297.9609876342273,294.0,257.9729
2017-11-24,5,299.961,287.3012445338976,285.81817679811735,283.92788442637215,274.96663454796163,291.3473945882939,275.9641,251.974
2017-11-24,6,305.976,286.9416219840772,284.6308076298496,283.66444873008885,273.74291259898666,286.96638705969565,257.9665,252.0067
2017-11-24,7,288.0,289.36230401293716,287.4049330849683,284.9871695720133,275.82648101993436,291.7102650583524,275.9931,257.9733
2017-11-24,8,281.9779,293.1163120959934,291.617460294796,289.53261431402785,277.12724957703887,319.090222688102,269.9717,264.0
2017-11-24,9,294.0152,297.9361390736496,297.49849835178304,293.9919469355958,283.77584219628113,327.8596958856344,275.9641,305.9526
2017-11-24,10,281.9854,301.427159713378,301.30494984659424,299.18442496363434,286.482262541108,329.7970129705424,269.9933,287.9472
2017-11-24,11,281.9779,310.8605625446218,309.3124259577491,319.79512380559333,294.4039313483127,336.9713928099849,275.9425,293.9696
2017-11-24,12,294.0157,331.9441502554622,319.3864765750314,334.8017228666898,310.9337105377374,345.0596656353383,294.0,281.9925
2017-11-24,13,293.9770000000001,375.180314878713,367.1391285989813,393.33197370251827,363.0866854565926,366.1643790438729,377.9805,275.9858
2017-11-24,14,281.9558,404.63267032583383,392.08466257003624,424.8810919442431,390.03074972085346,378.0859846365303,419.9454,263.9859
2017-11-24,15,323.9914,404.63267032583383,390.8927690083108,424.8810919442431,391.17838238744025,382.6793399157468,414.0,281.9633
2017-11-24,16,293.9927,399.34857593527016,384.27919887907257,411.3240298136616,388.88754383169015,378.5564173294956,383.9603,269.9438
2017-11-24,17,269.9928,400.49089645789377,384.1022435826844,410.59234656407034,389.3644074878417,380.9532800979885,395.9795,257.9596
2017-11-24,18,269.9721,358.095440921599,344.40239839983116,368.07558627816354,364.19784605493567,347.9564135418342,353.9817,269.9928
2017-11-24,19,263.9864,343.93574936635554,329.3916335104006,361.39912408536065,344.03691201898056,341.22561590139617,323.9914,281.9704
2017-11-24,20,263.993,341.70446174021265,328.9341223458099,354.26473606561757,342.0302486132649,338.68895482911984,335.93,269.9717
2017-11-24,21,281.9779,329.2118654602749,328.95700919713556,341.25116226618445,325.1597582361217,331.2807458865979,311.9511,293.9770000000001
2017-11-24,22,270.0211,311.608720023753,307.07687493772517,318.6003986074177,308.52362282899884,320.5724264697071,293.9927,281.9704
2017-11-24,23,287.9923,289.6275764192884,287.9598898652525,295.57712702901347,288.50906997667823,305.1510666639233,258.0064,263.993
2017-11-25,0,257.9862,294.40773563511027,296.31952926375453,298.2627909553981,292.48769957261794,287.2006547751113,263.9934,263.9723
2017-11-25,1,264.0071,295.7077092843733,296.45045656489907,296.4156809883733,291.5005715694298,277.1572267338804,251.9735,257.9931
2017-11-25,2,275.9715,299.3751802888675,300.44187325690007,303.84991645137717,296.3884212610635,277.4135057926602,275.9715,282.0146
2017-11-25,3,269.951,305.5261925979326,299.7398368739898,304.59329264620334,297.5647710219952,275.26960699802123,293.9848,281.9854
2017-11-25,4,264.0066,300.8038778258215,302.6584608019882,303.1505074959276,297.73844173449436,267.5411606536174,269.9577,293.9618
2017-11-25,5,281.9704,303.38136111222593,302.671462209188,305.4244955025186,300.1652968322373,268.8733924933462,287.9847,299.961
2017-11-25,6,293.9922,303.38136111222593,303.1507901275107,305.4244955025186,299.61677712729295,268.4725519803262,288.0,305.976
2017-11-25,7,299.9845,303.29793316441277,303.3120627390094,304.2991601386521,299.35279855297,265.2531948260864,275.9931,288.0
2017-11-25,8,287.9851,301.3266150123851,299.20733330269695,303.09743696783556,295.3073240482412,264.78023775772533,263.9591,281.9779
2017-11-25,9,293.9848,304.2173654925283,306.0513707625683,305.20823160772864,300.3285356449847,272.02940380669213,276.0142,294.0152
2017-11-25,10,293.9692,304.2254578228994,306.43525200347705,308.6354543868175,299.0698946863143,272.38038321955383,257.9798,281.9854
2017-11-25,11,287.9477,305.1284986807461,311.20509740533595,311.4086795816231,301.3678440957056,278.0407380844126,257.9867,281.9779
2017-11-25,12,275.9858,304.94900181009837,313.9109602385377,310.1162109748665,303.9376023336304,286.268371571599,263.9521,294.0157
2017-11-25,13,287.9472,304.55911379525435,313.5122567237993,311.67004668864956,302.96756561535756,293.21979739092905,269.9721,293.9770000000001
2017-11-25,14,288.0077,303.1378568566742,305.48359748280546,307.9872615819566,296.61492434990976,295.0011194962475,257.9596,281.9558
2017-11-25,15,293.9387,311.86302805672614,313.1399751783748,312.957605783264,308.4905090155824,305.4449899850848,269.9649,323.9914
2017-11-25,16,281.9558,302.84647265103234,304.6700730151193,306.8088620367224,301.30176593886296,308.96060754255444,288.0149,293.9927
2017-11-25,17,281.9633,297.9998396677169,301.3424252153041,302.1441070643493,292.8449808963736,302.25869088427487,257.9531,269.9928
2017-11-25,18,257.9936,298.5092015306843,302.3068721291099,302.14139510656594,293.4141093985053,305.2911497575911,275.971,269.9721
2017-11-25,19,257.9729,294.08354608515293,295.46415734862563,298.0709833697043,287.63136467041085,301.4464145563848,270.0067,263.9864
2017-11-25,20,239.9752,292.49220520163783,292.2995494268355,296.30439098757364,287.50745945148344,296.52150283054925,263.9864,263.993
2017-11-25,21,245.9615,294.3737272322914,293.1396153175662,298.159671679647,288.6993324853748,290.7156181551626,251.9803,281.9779
2017-11-25,22,239.9564,291.51809664772503,292.954720306512,296.66137396508975,287.847814051367,286.7226658024739,269.9438,270.0211
2017-11-25,23,251.987,294.3533081183194,297.24597551917276,301.0828762557047,295.53995950857365,280.2248890927966,263.9723,287.9923
2017-11-26,0,251.987,264.87756763996384,274.0888404700613,261.7954720201701,273.98595358639085,253.17009009090117,246.0127,257.9862
2017-11-26,1,245.9807,268.1917571024922,275.83547227199864,261.23500479036176,274.05153555734597,245.0473906797202,239.9872,264.0071
2017-11-26,2,257.9733,269.5922406702211,274.7094985594687,261.3827233191892,276.66295332586145,240.40476020249048,245.9939,275.9715
2017-11-26,3,251.9538,264.3886516930984,271.83673637330395,260.0191467295576,274.8274541437943,232.82221412818734,239.9812,269.951
2017-11-26,4,245.9742,261.30183951572445,269.714741747576,257.7085512341957,271.9674203210195,230.08568659775773,251.9542,264.0066
2017-11-26,5,257.9936,264.03478783517977,272.30135891343707,261.16184178911453,277.38183236579187,224.37382996177217,228.0061,281.9704
2017-11-26,6,275.9784,265.0329498038349,273.32430574208826,262.85404189624103,280.55334459281227,226.78493797162798,240.0184,293.9922
2017-11-26,7,282.007,268.06834341365783,274.61877172440745,263.450502558363,281.272039748348,225.8504095150879,227.97,299.9845
2017-11-26,8,293.9848,268.06834341365783,273.92296853942395,263.450502558363,281.272039748348,231.85062173428963,251.9933,287.9851
2017-11-26,9,287.9698,270.95487847969036,275.2279820859201,263.6243516610955,281.91752448853117,236.44057626849354,251.9803,293.9848
2017-11-26,10,282.0146,276.15846745681307,276.83930389071736,264.5822721502825,284.7043580345896,243.94399526669093,263.9793,293.9692
2017-11-26,11,294.0152,276.19632707496567,279.0527400598299,265.25125549719877,288.98012859807125,248.22114264243103,257.9936,287.9477
2017-11-26,12,287.9625,268.2948500590465,275.9104803770725,265.83766879402987,286.40881256672293,253.4062934342584,257.9802,275.9858
2017-11-26,13,257.9665,272.7021471051929,279.1284040321258,271.31405519989715,288.1379250523256,261.83195474731684,263.993,287.9472
2017-11-26,14,263.9793,276.79062797212515,279.79624821228674,273.83344689999706,286.15161463355423,269.66227699960666,275.9715,288.0077
2017-11-26,15,263.9793,280.0497784139677,282.0050302092688,275.3946064032832,289.0838202735287,277.00718560786675,288.0,293.9387
2017-11-26,16,257.9931,274.2895556606827,277.8519166266356,274.50731717907456,281.741973824927,275.52077290829544,269.9505,281.9558
2017-11-26,17,240.0184,275.1335640808599,278.919492017479,274.842701624987,282.8260950678748,278.1087296651747,275.9784,281.9633
2017-11-26,18,245.9746,271.8527677329785,275.737384752694,270.92164639618215,278.61744834668104,275.49291754501417,275.9641,257.9936
2017-11-26,19,251.9807,270.4834046319194,275.6762838114119,270.04263298058555,276.4141259665902,273.3076628487221,275.9931,257.9729
2017-11-26,20,233.9942,271.2131665987712,274.7945175889726,270.04263298058555,278.11154583119685,268.8564298546381,281.9779,239.9752
2017-11-26,21,227.9821,273.28759412745495,276.9923342153514,270.7047845290276,277.91295612132143,265.15372694123255,287.9703,245.9615
2017-11-26,22,263.9657,272.9721176446705,277.0746256741083,270.7047845290276,277.3482319049292,257.9985089979862,287.9554,239.9564
2017-11-26,23,239.9688,272.9724788477115,277.56917760170415,267.72794620603236,279.3345423237006,252.91135709806724,293.9770000000001,251.987
2017-11-27,0,281.9854,290.05834197766023,287.7252418449769,280.7471298693828,277.5826835827958,297.7874589524336,288.0154,251.987
2017-11-27,1,275.9858,284.597800038695,283.9826525331282,279.15101284999565,274.3113845520577,287.3668162115689,276.0073,245.9807
2017-11-27,2,276.0069,279.9796196883291,280.15865454392815,275.85068316546676,271.56735190023284,278.11232076501915,258.0202,257.9733
2017-11-27,3,275.9715,270.9399365075286,274.1086744901548,274.19329333785646,270.96643962425685,273.95640898789776,270.0279,251.9538
2017-11-27,4,287.9625,272.59329259762734,274.4929395152795,273.79572755502613,271.2144244812171,270.04557565992496,275.9636,245.9742
2017-11-27,5,257.9463,270.86830725159575,272.50179912806436,273.2376974473372,271.14271231375295,264.90361473111903,257.9596,257.9936
2017-11-27,6,269.9577,273.5208657254027,276.0361397296306,276.52659869194014,275.9204875370784,269.0221038650415,275.9931,275.9784
2017-11-27,7,257.9527,278.0970615596742,276.45383525205193,278.21272605057266,277.2006468874137,271.5428577957803,281.9704,282.007
2017-11-27,8,257.9798,296.4867096636881,291.73370452875565,291.610718111697,294.03910903798356,295.3776641693709,312.0239,293.9848
2017-11-27,9,258.0069,287.2802426615773,282.94123486658094,280.0203032693164,284.275065518233,296.5522627495837,299.961,287.9698
2017-11-27,10,257.9867,302.96330538626916,297.7063178571631,292.04221520547185,286.31555017869886,302.379653950099,306.0,282.0146
2017-11-27,11,269.986,314.8054952084219,311.3967093766717,306.6283897162094,303.09981893698586,309.50785465826056,305.9602,294.0152
2017-11-27,12,329.9483,343.33721462217727,337.99385589130395,331.41600501478763,322.2820332803785,314.1278613867161,299.961,287.9625
2017-11-27,13,377.9905,402.3971876373466,408.47527248931635,401.791957286957,377.9930585152248,334.7139978019105,389.9597,257.9665
2017-11-27,14,413.9241,426.5617277515276,428.02180670419614,430.86256375885847,403.0769845596404,346.5839206263007,420.0105,263.9793
2017-11-27,15,425.9886,426.5617277515276,428.6199422044359,431.47763931731555,403.0769845596404,353.38633648289124,432.0,263.9793
2017-11-27,16,383.9795,427.47443299104225,418.3809130621199,427.62817761554356,401.442398130893,358.22671169384546,444.0,257.9931
2017-11-27,17,348.0087,422.5965992860291,414.1136761879422,423.4653368659419,400.4729563766488,352.2447537590507,413.989,240.0184
2017-11-27,18,348.0093,383.8942686448168,385.0348752299088,390.0433470024087,375.8664491890825,335.71906546674495,401.9792,245.9746
2017-11-27,19,311.9672,370.55343980016687,375.38337605551396,379.99289231436785,365.65788691190556,326.05341496903026,359.9718,251.9807
2017-11-27,20,323.9752,354.9665522935452,348.0874773628716,357.852902841613,346.72672043464394,314.7094695653593,329.9742,233.9942
2017-11-27,21,299.961,336.5131589711829,327.93155976199114,345.3606651329397,331.4282743901619,307.56390418985706,323.9325,227.9821
2017-11-27,22,269.9856,334.4658168192644,325.34282067206595,335.91257573048375,329.3815060208186,303.18508165023223,317.9671,263.9657
2017-11-27,23,287.9703,296.5072918227764,298.34836361552794,294.7847068145048,299.31536808660013,287.8131847549668,288.0072,239.9688
2017-11-28,0,294.0,301.66744518752284,301.5119851204716,304.5508424437204,294.5370181343094,308.1561807869779,287.9847,281.9854
2017-11-28,1,275.9568,298.23604108441236,299.61166050991886,300.79185592359715,292.9302553540245,297.8500250734383,275.9784,275.9858
2017-11-28,2,282.0221,296.4537535258531,297.0724297715199,298.42991724980396,291.4099446511746,291.0257148863272,276.0069,276.0069
2017-11-28,3,257.9802,306.97112134278433,302.098052480215,303.37131539469374,295.5813645429864,292.10703082522406,311.9839,275.9715
2017-11-28,4,270.0211,299.9529491233632,296.66382747039523,298.5242018818984,292.52662722063315,287.66541065535614,305.976,287.9625
2017-11-28,5,257.9867,288.1847364802592,288.00461341751975,292.9626847456205,284.3846754194441,278.6225633427106,287.9477,257.9463
2017-11-28,6,257.9867,288.5556508157535,286.31591471404323,290.74816881295754,284.92687975079565,276.45635552503353,275.9784,269.9577
2017-11-28,7,263.9591,288.8478312085023,284.2629668660168,290.1749796347594,283.4528906544947,277.2718708019886,281.9558,257.9527
2017-11-28,8,281.9925,290.41731157310824,286.1366398428298,294.3757119019701,283.01053085493186,296.4014846025893,281.9854,257.9798
2017-11-28,9,287.9928,292.1901949557821,291.5244486952555,295.8944045097293,283.20259079176924,299.22993385691194,275.9715,258.0069
2017-11-28,10,299.969,296.01168131170425,295.1860557563242,298.06460720157924,285.9090111365961,304.3646707478405,275.9568,257.9867
2017-11-28,11,305.9679,305.00351017704696,307.11988767556915,307.2315005788614,293.07269017298455,312.5464635788454,281.9779,269.986
2017-11-28,12,305.9602,338.42968077626847,330.41674122453884,334.7713012853614,314.1214803609606,330.1270895367084,311.9756,329.9483
2017-11-28,13,347.9907,394.2324396573237,385.1358614611847,400.7021461173873,372.259964585752,349.8825200298773,359.9904,377.9905
2017-11-28,14,395.9175,420.6466493865414,401.15738481124214,424.9972033814814,404.49116232553973,370.17420685143577,419.9566,413.9241
2017-11-28,15,371.9808,421.64551580095105,405.3172749150283,426.3410788398003,403.74547507684986,372.28566338154786,401.9893,425.9886
2017-11-28,16,335.9653,408.56041612078246,395.16038436500145,411.8961018842087,388.9813314163156,366.8005210557873,378.0296,383.9795
2017-11-28,17,341.9732,394.0125095161838,373.8156889045596,397.01965567319496,370.61686533615415,361.37295921496354,359.9628,348.0087
2017-11-28,18,293.9618,369.50784938509616,360.4064979691662,368.81139240087253,354.9264332191365,345.5149512332041,365.9524,348.0093
2017-11-28,19,293.9387,345.7386861361677,332.68238540285626,345.8395517343683,336.9982511998698,333.0748520887222,329.9659,311.9672
2017-11-28,20,329.9742,328.1971777680105,326.843879188004,332.79308151220573,326.0213872146474,322.29790347964854,288.0072,323.9752
2017-11-28,21,287.9698,318.0515296712188,308.36527371977365,321.81500075824806,315.251344456847,318.1266006326382,305.9684,299.961
2017-11-28,22,263.9793,303.97436520877443,295.13892072093046,304.8942636728338,302.7852030721687,301.91502531889967,269.9928,269.9856
2017-11-28,23,288.0077,298.5260420827475,296.83377349412757,304.6677440309171,297.3610339914005,291.7217544061531,245.9807,287.9703
2017-11-29,0,269.9505,291.7447644405787,298.1065319005244,292.47434330222427,291.5265354427295,289.3299539087898,245.9934,294.0
2017-11-29,1,263.9864,290.26461579740385,295.61869185779545,290.8070846887348,287.5466429089558,282.3956873433701,257.96,275.9568
2017-11-29,2,263.9723,287.57306010599336,293.70028042754893,284.2536778680635,284.9736222319626,273.7685053332452,246.0193,282.0221
2017-11-29,3,258.0,282.2747630383041,285.73461690714515,280.6156894205565,281.87136665577947,270.2389987009835,270.014,257.9802
2017-11-29,4,276.0,282.4075714432356,288.462952112556,280.398015758014,283.33239160673406,265.7391726147577,263.9516,270.0211
2017-11-29,5,257.9867,279.92514967104955,284.04787997657667,278.6176749513789,280.7822572325712,266.3997536892828,288.0072,257.9867
2017-11-29,6,264.0,279.99757565420884,282.38177743700254,276.7849661668782,279.6713766761308,264.2412735267033,282.0221,257.9867
2017-11-29,7,275.9789,278.0657895492323,282.83862985224283,276.9684339249632,278.06528632384726,262.15658594032516,263.9727,263.9591
2017-11-29,8,281.985,279.96181181941,286.41369505690415,281.93432594679086,282.40070174760984,283.6334978220649,275.9425,281.9925
2017-11-29,9,299.9845,282.1531790782651,290.02844399689724,283.5344397038156,285.9759784350007,283.6393429755617,251.9735,287.9928
2017-11-29,10,305.9837,286.8858654734931,294.7686697075737,284.43962730643744,288.3211913841354,293.41561170190244,269.986,299.969
2017-11-29,11,299.9765,292.1658463680921,308.8379538244262,292.640866373681,292.7088571431326,296.52065725626704,251.9937,305.9679
2017-11-29,12,0.0,309.5966948407508,318.89514466027106,306.8952408540214,303.87640300608587,302.82936399898097,252.0067,305.9602
2017-11-29,13,341.9379,338.2535957072259,343.00380490410714,339.2419899969787,336.021783876858,322.10406421051306,300.0075,347.9907
2017-11-29,14,383.9501,371.84894774454034,372.7095033632791,372.5663838474998,382.08541475943775,339.0065243314922,335.9653,395.9175
2017-11-29,15,347.9635,370.6630566849939,376.027485096668,368.63934807583775,375.40520015400915,341.2558129245422,336.0,371.9808
2017-11-29,16,330.0088,347.0346898903675,356.56413800555754,343.2287173332438,345.62752316501985,331.78868752009856,288.0149,335.9653
2017-11-29,17,317.9671,353.38962811467377,357.1320505954879,346.3687909590349,347.3903875933858,337.2227802477598,305.9842,341.9732
2017-11-29,18,323.9493,342.55209686590825,349.7787734137879,337.44858395387524,334.60476235460135,321.9770706636402,329.9742,293.9618
2017-11-29,19,317.983,322.72084134714476,330.1274757762958,323.244464461921,317.15693630220215,312.9070937792809,294.0152,293.9387
2017-11-29,20,282.0,327.9424452866609,339.5381835187509,331.46901749949984,321.2653133389036,312.3645854215102,293.954,329.9742
2017-11-29,21,299.992,315.0299092123364,325.63120546508935,314.3915813277646,307.67582238940065,304.1796144710641,300.0235,287.9698
2017-11-29,22,257.9936,307.63466401017786,306.46999364622025,302.8092949010506,299.2788934642174,294.18338818210464,293.9618,263.9793
2017-11-29,23,240.0064,297.01945863347305,296.03149540659876,297.82053783966427,293.84001812894303,283.33354859818337,263.9727,288.0077
2017-11-30,0,233.9879,282.6866242043765,280.3105242315794,275.8845917688246,263.5544881472117,281.43059893224836,257.9867,269.9505
2017-11-30,1,245.9553,280.79597495572995,277.97621414617237,272.74826320833597,263.19070717934983,277.608788851579,281.9854,263.9864
2017-11-30,2,251.9672,270.77815976602164,270.9162006061091,266.5954335838865,261.67039647649995,270.39792517348087,281.993,263.9723
2017-11-30,3,269.9928,267.57710505691233,266.6243322664902,263.79927144299063,259.2842980567494,259.12573032582,258.0069,258.0
2017-11-30,4,245.9742,265.7044438561958,262.91802790277404,265.0752559857827,261.86261423908513,256.14029208057997,257.9729,276.0
2017-11-30,5,251.961,261.2406118209046,258.6881812877528,258.9858008771691,254.11906482356653,250.3667084791029,251.974,257.9867
2017-11-30,6,251.9803,261.2406118209046,259.1276841907933,259.8611374941714,254.11906482356653,249.8807763502444,252.0067,264.0
2017-11-30,7,264.0066,264.84040984759895,261.96145469638964,263.22175246962445,258.904923863551,252.99584979774716,257.9733,275.9789
2017-11-30,8,245.9553,269.452105113011,264.1486024663409,265.35082504235874,258.46256406398817,266.09327744452764,264.0,281.985
2017-11-30,9,0.0,278.71765373311354,273.51219828075443,259.72445122584605,260.4025321662316,280.0325312787981,305.9526,299.9845
2017-11-30,10,0.0,275.7949462365947,273.6801807620993,264.4365113449913,245.93003225104601,282.61540141502195,287.9472,305.9837
2017-11-30,11,0.0,293.5858615166932,282.69676689005956,274.44403054094386,277.1147621448192,289.48892560131287,293.9696,299.9765
2017-11-30,12,0.0,318.5556210483197,305.6266275774893,301.91269066484045,301.7860376501761,265.7089265781179,281.9925,0.0
2017-11-30,13,0.0,339.1265654112628,322.96159415864213,314.14801683694293,308.4272713914114,303.083890235787,275.9858,341.9379
2017-11-30,14,0.0,372.05419359130656,353.6861991580333,363.8712355046882,346.6495175295192,310.5569669047086,263.9859,383.9501
2017-11-30,15,0.0,347.09251194288623,330.1366994574267,325.17642352624944,323.51268473096127,315.3666783341873,281.9633,347.9635
2017-11-30,16,0.0,340.0440666563163,322.102951918827,318.74927726865417,318.63178837085405,314.6703298818365,269.9438,330.0088
2017-11-30,17,0.0,340.5676236753881,322.07707469139154,320.37252688366124,322.86203592394685,312.8064114673572,257.9596,317.9671
2017-11-30,18,0.0,320.389247516,312.96231527471485,309.8419370004367,302.15072147135197,306.6158175683689,269.9928,323.9493
2017-11-30,19,293.9848,314.5795797209663,311.7843490701373,305.4035665892071,301.56775881484157,306.1170514383322,281.9704,317.983
2017-11-30,20,282.0,311.5318260463613,316.5600170190154,311.27081529110825,298.0958804835857,296.416308492452,269.9717,282.0
2017-11-30,21,305.9684,309.71616864246454,320.804876521185,301.745248358381,298.4323131471043,297.0886827190122,293.9770000000001,299.992
2017-11-30,22,258.0133,297.8238019391808,306.0186659038224,294.5835669118532,292.93573813422176,284.0099396031092,281.9704,257.9936
2017-11-30,23,227.9764,288.6432838005577,293.29632377047113,279.3903245313625,280.3131318069571,271.22019943326825,263.993,240.0064
2017-12-01,0,251.987,258.52805548709665,241.03757453710017,252.21199651960694,251.3066013112358,263.01249478602523,263.9723,233.9879
2017-12-01,1,287.9923,260.9649699594428,241.43838420981515,250.9641641822636,251.34568883630644,255.53671262730597,257.9931,245.9553
2017-12-01,2,281.9558,260.4253765099642,241.80082272274538,246.11921616968783,249.14976059576549,253.85769214062344,282.0146,251.9672
2017-12-01,3,221.9712,257.1300313537172,235.61729100334438,247.27338367025473,250.76339740238112,249.7382698023852,281.9854,269.9928
2017-12-01,4,234.0183,257.36015138363354,235.13616716511154,243.25226200353856,246.82909267852003,245.35781653521894,293.9618,245.9742
2017-12-01,5,251.9866,256.2518717949633,234.88502734770546,240.94896490448883,242.81719105752862,244.2836127370247,299.961,251.961
2017-12-01,6,228.0061,255.65573308087517,232.80353612588488,240.94896490448883,242.81719105752862,244.43300735221754,305.976,251.9803
2017-12-01,7,239.9876,252.23324905018356,233.6951710410791,240.8062841952662,244.67702260095973,242.9194395870051,288.0,264.0066
2017-12-01,8,269.951,253.719990243581,233.72508354322449,243.20455939760126,243.1237822449565,259.0689381883678,281.9779,245.9553
2017-12-01,9,269.9928,274.5267122244482,247.30422192025804,256.50533620237644,258.1256960356784,242.2985802962221,294.0152,0.0
2017-12-01,10,269.986,276.693724176469,253.33264004842314,258.2368154522258,260.76821189188536,245.14201783069478,281.9854,0.0
2017-12-01,11,276.0285,278.7053844204774,262.20714664640826,265.054250021327,277.0280425096605,251.05205237785776,281.9779,0.0
2017-12-01,12,276.0216,296.5066058595557,274.6643115436767,279.0810830373536,293.69874423029745,259.5832009095903,294.0157,0.0
2017-12-01,13,311.9756,302.2125922002012,283.97878007577924,290.2237772096814,315.22903374408656,265.6493233906251,293.9770000000001,0.0
2017-12-01,14,329.9829,312.96800329957637,295.0087554599814,301.9280993505667,332.6982783518968,268.8074756951493,281.9558,0.0
2017-12-01,15,359.9814,335.4232310281538,317.84740333941113,330.9671398181337,355.93585411872806,281.27246795284407,323.9914,0.0
2017-12-01,16,299.969,316.75347488961467,304.3042230970729,302.82222571973205,330.47134428476664,278.57371976243724,293.9927,0.0
2017-12-01,17,335.9737,307.9222040148306,297.44497135801834,302.6413889765051,328.10376448989354,275.3853003531817,269.9928,0.0
2017-12-01,18,342.0,300.95131766896907,294.9156804145641,295.5561804569194,313.2682398498867,258.508773942355,269.9721,0.0
2017-12-01,19,293.9613,292.9192699486275,293.0335303656861,295.7926763229005,298.2530865237052,282.74101362323546,263.9864,293.9848
2017-12-01,20,299.9845,290.94250821754764,285.7944494643236,291.57464043435033,292.86243343361025,277.74084980176787,263.993,282.0
2017-12-01,21,311.9672,282.17540709440215,279.80163653362393,277.39614289610944,283.6713880440882,278.067425246299,281.9779,305.9684
2017-12-01,22,269.986,274.07888106230104,269.95470043054456,269.1128063029514,285.57188030223466,264.76017374724063,270.0211,258.0133
2017-12-01,23,263.993,267.32206875733254,262.82499441554086,259.54299764619157,278.52367605320416,258.0912094611713,287.9923,227.9764
2017-12-02,0,257.9798,275.6290978737863,264.0058153003239,279.54217580315395,261.9305793557878,285.3161118173298,257.9862,251.987
2017-12-02,1,257.9463,282.74727080786926,276.4839111233372,287.18257250025874,267.6690168539705,282.29144371246343,264.0071,287.9923
2017-12-02,2,281.9633,281.9959423034457,276.4315130897704,286.3759256133786,264.37798824552857,277.0854664832099,275.9715,281.9558
2017-12-02,3,257.9931,272.6904382345555,261.59640476280464,274.9490133436159,256.46238968717324,264.4296920773485,269.951,221.9712
2017-12-02,4,251.9605,275.68026324570826,261.080919130392,276.67466718335055,258.233607729396,259.94136427192933,264.0066,234.0183
2017-12-02,5,246.0,276.3674986212837,264.014614435969,276.4253744837851,256.8188235631638,262.24140614269356,281.9704,251.9866
2017-12-02,6,258.0138,279.34881586479406,264.9098472880564,277.51193564408186,256.3135927639552,261.2775490745533,293.9922,228.0061
2017-12-02,7,263.9793,281.6189252596584,267.23653753931194,279.0372401237524,256.42806415915504,264.3579481969339,299.9845,239.9876
2017-12-02,8,269.9788,278.9324896054695,270.70084282523015,280.8307801257046,260.3233489936868,267.4065581043617,287.9851,269.951
2017-12-02,9,0.0,283.94010771342255,273.6356848171795,282.34947273346387,259.5778479405367,272.5987853695151,293.9848,269.9928
2017-12-02,10,0.0,287.3304727607035,278.60817177930335,286.6241715879564,262.0672119602865,277.81816102315486,293.9692,269.986
2017-12-02,11,0.0,287.8371935939664,281.99803602744527,289.36652108376535,268.42322667169407,283.23508275689534,287.9477,276.0285
2017-12-02,12,0.0,285.33774555220737,278.8113387369292,286.5659260588927,265.17740215363864,287.2719668992133,275.9858,276.0216
2017-12-02,13,0.0,287.13601783500724,278.34048414425,291.38179730553117,270.55740891397755,299.1015029515216,287.9472,311.9756
2017-12-02,14,0.0,285.2035697085941,260.5548203341106,284.36564751767156,265.28022849734674,306.34985376786346,288.0077,329.9829
2017-12-02,15,0.0,293.03444379086113,273.5246768795366,297.103665402785,278.1360515727021,314.79775581490753,293.9387,359.9814
2017-12-02,16,0.0,282.48563110091277,270.5260103158062,285.48857952053555,261.2172196568991,309.98050031576435,281.9558,299.969
2017-12-02,17,0.0,282.9087726760079,259.44789582336523,280.6083556542227,263.49077758811205,314.7973422128701,281.9633,335.9737
2017-12-02,18,269.9928,284.4004767767699,263.27060975327,281.9566504729281,263.1965127314379,310.41249755063245,257.9936,342.0
2017-12-02,19,269.9928,280.19624949687955,272.5806184412722,283.5792237601927,257.28149623068236,303.7147048703911,257.9729,293.9613
2017-12-02,20,233.9634,278.885551573877,271.7743774713662,281.812631378062,256.81407218552096,296.92039715879787,239.9752,299.9845
2017-12-02,21,245.9742,278.17444693530155,270.0410778021877,279.56225425075496,260.9805945666696,293.7681350094215,245.9615,311.9672
2017-12-02,22,251.9672,274.77350734570723,267.5071509856529,275.24504554160495,253.79194137133013,282.08125267150183,239.9564,269.986
2017-12-02,23,252.0134,273.42385696579277,264.3539505837978,274.3113707338382,255.69090616105575,276.4384403693074,251.987,263.993
2017-12-03,0,245.9742,271.228380843492,248.88180036906604,265.7713966424683,255.55150738378364,276.4598167286369,251.987,257.9798
2017-12-03,1,257.9936,272.4092750787092,249.24283991137222,265.7185333913896,255.61708935473877,268.0853699296471,245.9807,257.9463
2017-12-03,2,263.993,277.7715615627263,257.4522831486528,273.44719450356246,257.09335895187655,266.00839011172746,257.9733,281.9633
2017-12-03,3,263.9586,273.23856403132567,248.23599705805665,265.50309201071894,250.98197192173743,256.9918092438003,251.9538,257.9931
2017-12-03,4,269.9788,272.9246867425349,248.23599705805665,264.46385825147416,250.06601774972853,251.0041692383304,245.9742,251.9605
2017-12-03,5,293.9461,271.37647182510744,247.36526124420683,263.03236774715907,247.25914303588007,250.05114512775776,257.9936,246.0
2017-12-03,6,275.9931,273.6631280939884,253.04932941113333,264.34024935903284,248.48286498485496,253.64516888676215,275.9784,258.0138
2017-12-03,7,281.9633,276.0094499464519,253.08908626306072,265.50716192122707,249.2234249711456,256.1253013785969,282.007,263.9793
2017-12-03,8,263.9657,284.7994169499443,258.65039857988194,269.1292454633431,251.23737047225285,261.3877323564883,293.9848,269.9788
2017-12-03,9,275.9927,292.5464243453367,264.91968418751657,279.8758146152558,264.44424244381406,238.7700171813409,287.9698,0.0
2017-12-03,10,263.9586,291.8197826916025,266.3894466265981,282.2050398763771,266.3184250827754,242.59041828359284,282.0146,0.0
2017-12-03,11,263.9793,301.18284742752576,271.26999682121044,283.1032053348789,277.4130087349107,250.58207492682382,294.0152,0.0
2017-12-03,12,275.9641,295.5200115269966,275.05687598487526,282.8693606850868,282.2151622786889,255.4210034485358,287.9625,0.0
2017-12-03,13,269.9928,290.22994687498954,269.27327220540496,278.6444890471347,278.2302769908244,255.5247035919053,257.9665,0.0
2017-12-03,14,287.9923,290.28243695859646,265.99371549151726,276.1967016723371,278.77127147972277,261.91727505709406,263.9793,0.0
2017-12-03,15,300.0075,290.28243695859646,265.93359511526677,276.1967016723371,278.77127147972277,266.1554111482289,263.9793,0.0
2017-12-03,16,281.9925,286.776584624508,264.02255710201496,273.5288798679217,277.0178865300217,267.9083524387893,257.9931,0.0
2017-12-03,17,269.9717,285.8215968026122,264.1466697990095,271.8782865193867,276.1690946760852,265.78328679952233,240.0184,0.0
2017-12-03,18,252.0063,275.57745860482044,261.45270292563686,264.00544821907874,264.80801310355935,291.8220847945141,245.9746,269.9928
2017-12-03,19,239.9812,273.74722231077357,262.58111493834866,262.29340993744034,263.1442900875131,290.8233159488748,251.9807,269.9928
2017-12-03,20,233.9942,268.40266223349437,256.12287749286634,258.2168565670854,259.18059222960824,280.21652257603745,233.9942,233.9634
2017-12-03,21,240.0188,270.5359403113444,255.24403613532166,255.8520753072989,261.4257394158797,274.9735720594053,227.9821,245.9742
2017-12-03,22,251.9735,270.049473248353,256.1005033919283,256.3773823223547,263.818454021353,276.07943361771163,263.9657,251.9672
2017-12-03,23,240.0064,269.21982430686313,256.70669934971096,256.9889447906108,262.22474955831154,264.41701739751056,239.9688,252.0134
2017-12-04,0,269.986,283.9492581931822,271.7272197229206,278.00203593422935,267.03420037335894,322.62135687226237,281.9854,245.9742
2017-12-04,1,251.9803,281.29755485800206,272.42115951831056,277.94917268315066,266.53831814951445,315.3312546265546,275.9858,257.9936
2017-12-04,2,269.9933,281.29755485800206,273.08598791174205,275.78761531190736,263.56469464795975,309.2317380910921,276.0069,263.993
2017-12-04,3,258.0133,280.0030271753987,270.18892864611087,274.13022548429706,262.22809911659135,303.5661454716779,275.9715,263.9586
2017-12-04,4,263.9859,287.16774065061935,277.4694061172869,277.0468403983292,267.2135461161015,302.11747564106173,287.9625,269.9788
2017-12-04,5,287.9703,279.7300689853777,275.74055472590493,270.4882185622632,267.26325939158005,295.90990343885835,257.9463,293.9461
2017-12-04,6,299.992,274.61064590830523,266.5229743268241,274.4400284383762,265.14445713870293,295.54620133912107,269.9577,275.9931
2017-12-04,7,269.9788,282.9429659877096,274.98443861831373,276.9344926916314,265.86315229423866,294.5829642393159,257.9527,281.9633
2017-12-04,8,269.9721,286.7628411548462,270.9041085069232,277.8291942701324,264.560643990023,315.4074136280836,257.9798,263.9657
2017-12-04,9,257.9931,290.32846315488,279.149499718414,282.6204326903273,269.22657142103753,320.40703009885544,258.0069,275.9927
2017-12-04,10,0.0,290.60961206305,285.8356124008711,284.7815554377909,268.7733513041942,324.27221279614594,257.9867,263.9586
2017-12-04,11,0.0,304.3958821795296,292.5410037438839,303.35275917186624,285.64097001560305,332.3090519292534,269.986,263.9793
2017-12-04,12,0.0,365.96911333766633,341.6605479480532,349.08550755312126,335.4837951760041,350.9471371628172,329.9483,275.9641
2017-12-04,13,0.0,409.39440714754977,404.54624149304954,405.1170006382643,379.09062780814935,365.4670676499716,377.9905,269.9928
2017-12-04,14,0.0,431.71317403142143,425.750744388038,431.007029552246,399.51867737190275,379.3143066660938,413.9241,287.9923
2017-12-04,15,0.0,432.66817040024824,427.3696184243495,431.6221051107031,400.93925557443424,387.02401367543473,425.9886,300.0075
2017-12-04,16,0.0,426.20323093068265,405.38528305708655,418.05477313298303,398.00531856475544,380.2256078664892,383.9795,281.9925
2017-12-04,17,0.0,419.6416596496386,395.1466899100605,410.3776522846326,392.1981272448509,373.54905066982843,348.0087,269.9717
2017-12-04,18,0.0,379.1294948054641,365.56129490564103,372.05848726491,371.9736166747076,351.38440320519555,348.0093,252.0063
2017-12-04,19,0.0,349.12501024053216,333.58301218233646,352.35845948155253,340.28267569919734,341.2082448451987,311.9672,239.9812
2017-12-04,20,318.0,350.04799558560944,330.65192889365375,354.32869004659136,343.19069790362005,339.1375098813533,323.9752,233.9942
2017-12-04,21,323.966,313.0186076725523,296.57185971518385,312.5146994480187,307.8348517065805,329.8608795041432,299.961,240.0188
2017-12-04,22,318.0164,297.2759527792236,276.4248361841552,296.61316016207587,300.03786022788574,318.8697718527498,269.9856,251.9735
2017-12-04,23,263.9723,297.1453620322908,286.14213963307157,294.4622172487393,294.2577569207354,314.06921754497506,287.9703,240.0064
2017-12-05,0,257.9862,255.22069244351272,255.77920439212647,255.30889975027614,261.9165100703897,297.85963272166487,294.0,269.986
2017-12-05,1,263.9793,248.99326578554172,249.83135601107935,250.59450831711362,259.40668234543796,285.46466027061916,275.9568,251.9803
2017-12-05,2,287.9549,255.86796962492215,254.46181642221913,245.93894503712914,257.3191956907184,281.6600237029936,282.0221,269.9933
2017-12-05,3,288.0072,248.4350682410065,243.65777875223432,240.162116269468,251.70991939703902,270.2929026384193,257.9802,258.0133
2017-12-05,4,270.0,249.31700980783063,244.32260714566573,240.345465281922,250.46371287319863,268.8575745185009,270.0211,263.9859
2017-12-05,5,275.9641,249.72430945012098,239.66332870061805,241.01198895008068,252.38401086650023,266.09684060173214,257.9867,287.9703
2017-12-05,6,258.0202,249.72430945012098,236.1215114033632,241.01198895008068,243.840713337647,266.2466120708307,257.9867,299.992
2017-12-05,7,264.0277,249.87539466043899,247.26401754529974,239.79726024612694,249.10480021335528,265.34803573900757,263.9591,269.9788
2017-12-05,8,275.9568,256.51305373809384,253.26229410284736,244.7386523002053,250.44762655756696,291.55926787662895,281.9925,269.9721
2017-12-05,9,275.9641,256.83991907562046,250.0328036945078,243.27545700049322,250.31721901931152,295.443228147182,287.9928,257.9931
2017-12-05,10,293.9618,285.7114796558985,267.93961353469365,263.7869334645125,283.1245077731748,278.53858175935096,299.969,0.0
2017-12-05,11,282.0,282.92762238727755,269.64008990825073,270.6043680336136,294.79358349621316,285.4130306279291,305.9679,0.0
2017-12-05,12,275.9853,293.67107615694135,277.61073028569535,288.8875428072958,315.1362167807719,291.44163398585977,305.9602,0.0
2017-12-05,13,360.0,325.78689570160293,314.00828810381256,323.61428410380137,373.1634575895675,305.357734121471,347.9907,0.0
2017-12-05,14,377.9213,354.44366916628474,347.65959556714864,336.2845757871545,399.03154080959405,319.79970832796147,395.9175,0.0
2017-12-05,15,377.9408,353.6116346457853,349.7577625021656,336.2845757871545,399.03154080959405,319.48517096740153,371.9808,0.0
2017-12-05,16,371.9715,346.9469205635733,336.767335452518,324.584031318001,387.75994205088637,315.51369579624287,335.9653,0.0
2017-12-05,17,359.934,346.9469205635733,336.8721629479635,323.85234806840975,387.9638601710932,317.9894941750082,341.9732,0.0
2017-12-05,18,359.925,321.572113241963,308.97980971734967,297.9384847122828,342.3715475292273,288.06103317517017,293.9618,0.0
2017-12-05,19,335.9558,315.2722201563389,309.9136509526584,297.0640759057276,336.22578810669273,285.90446195451415,293.9387,0.0
2017-12-05,20,305.9684,309.7328697229713,315.24753891501933,298.3456934957195,333.6996636672346,318.80327949200796,329.9742,318.0
2017-12-05,21,306.0082,269.8931410998507,260.54042425430754,263.86977627317026,312.03377843849995,306.08776173161823,287.9698,323.966
2017-12-05,22,269.9933,267.48732467009046,262.6195364922397,260.56924407664025,311.2938644844399,294.57417458654913,263.9793,318.0164
2017-12-05,23,263.9859,262.2316253219992,264.3545448316554,263.97736384772577,283.8546388575831,286.9984207705211,288.0077,263.9723
2017-12-06,0,287.9928,280.0753274251994,279.90963553196394,280.21463212394934,291.46433155042126,290.7631384810349,269.9505,257.9862
2017-12-06,1,293.9692,280.1983818639755,281.0128650464494,278.90563201487987,291.5299135213764,282.0843793461847,263.9864,263.9793
2017-12-06,2,281.9925,282.33892257666054,280.38220196208516,282.3492496944797,294.50209108299396,276.88907042665744,263.9723,287.9549
2017-12-06,3,264.0071,278.7943683327015,275.20577152158364,280.24677858970944,293.16549555162555,269.4311920129221,258.0,288.0072
2017-12-06,4,263.945,278.02197139028505,274.5594883784841,275.1419113388659,290.09198243524514,266.36996861647583,276.0,270.0
2017-12-06,5,251.974,270.3033955873873,266.6266862122297,273.39746930856,286.9761126862428,260.4505739945708,257.9867,275.9641
2017-12-06,6,258.0,267.6565496253333,262.4508038176161,270.32104246690693,283.14911387594765,258.830896190832,264.0,258.0202
2017-12-06,7,0.0,270.2192301083933,268.3425187854527,272.5191329577714,284.55193161641364,262.5687940059292,275.9789,264.0277
2017-12-06,8,0.0,274.70176070546603,271.99354818131434,276.16658726117026,288.49803482194557,271.54643713070755,281.985,275.9568
2017-12-06,9,0.0,280.5404554486997,273.2718682605187,274.8287038997658,288.7671082471652,279.36767511759723,299.9845,275.9641
2017-12-06,10,0.0,286.7341871370027,277.74575009540933,278.5318417539455,286.67025134823655,287.8639734710939,305.9837,293.9618
2017-12-06,11,0.0,291.97606003908595,286.2269000743911,281.7329875125083,296.8803175101275,292.10689831417466,299.9765,282.0
2017-12-06,12,0.0,285.6349972579484,286.7327129513907,286.8499663865616,313.4521194264655,241.0296369209422,0.0,275.9853
2017-12-06,13,0.0,349.8346943130469,340.60069740322473,342.74835496005784,379.17295519547,321.0389850404075,341.9379,360.0
2017-12-06,14,0.0,364.5580557471754,355.1720481676274,359.56513583741923,401.23122352151904,336.8157647041453,383.9501,377.9213
2017-12-06,15,360.0186,359.5666389291162,351.5528984714973,352.2399053500796,393.8449823760011,334.8732268841569,347.9635,377.9408
2017-12-06,16,359.9814,357.72069454717206,349.53322948782306,351.13136406271235,389.11284810222185,334.3156539047118,330.0088,371.9715
2017-12-06,17,395.9485,349.52953202847493,350.12987046624033,344.82057614986604,386.7647327260448,332.5359343487887,317.9671,359.934
2017-12-06,18,365.9713,356.7889833896559,350.73403931063007,348.9433022098874,370.14842485368035,329.4243343770301,323.9493,359.925
2017-12-06,19,324.0081,335.6002094236882,334.21919768491483,330.06926674267316,349.5276641930791,323.7730018558291,317.983,335.9558
2017-12-06,20,311.935,317.09766275591704,314.3140780394937,318.85613411073035,326.52707390100375,309.9510637953245,282.0,305.9684
2017-12-06,21,329.9395,313.4857039703268,312.01942932651707,312.53364657164747,321.42741513360863,307.63955434286737,299.992,306.0082
2017-12-06,22,300.008,297.2239377859181,295.8632234823059,296.24779707076135,312.613782429486,289.18746628483285,257.9936,269.9933
2017-12-06,23,263.9521,287.53392438721545,283.9830341189164,286.1917489315273,299.90940470106955,277.28985353953425,240.0064,263.9859
2017-12-07,0,281.9558,274.2719459778663,263.5044590016505,269.3922887633118,264.8407089599292,306.81264860646365,233.9879,287.9928
2017-12-07,1,293.9927,276.5873047809825,264.0785957595192,269.3394255122331,259.642123022793,302.1908344291904,245.9553,293.9692
2017-12-07,2,305.976,276.0620711584472,262.6775935110607,268.4638789811226,256.5983332358082,295.36376984161416,251.9672,281.9925
2017-12-07,3,317.9836,267.4696312959456,249.63436548149372,262.7252118450481,252.48744886828788,291.3087565594699,269.9928,264.0071
2017-12-07,4,287.9775,264.0371384191417,247.8433580189089,260.50469300287347,250.41074533068198,282.2767526196934,245.9742,263.945
2017-12-07,5,275.9927,261.62942148504027,243.08094529183785,257.14493063890126,247.16057471323288,279.5100982026699,251.961,251.974
2017-12-07,6,275.9858,261.62942148504027,242.95578015926793,257.14493063890126,247.16057471323288,279.07314598664817,251.9803,258.0
2017-12-07,7,263.9521,287.77709309069985,257.6937833052061,276.98436738497963,280.84815835915083,257.9916485475109,264.0066,0.0
2017-12-07,8,269.986,292.5205767421111,263.0567257882384,281.2871772486796,279.35308858544477,273.19336960314877,245.9553,0.0
2017-12-07,9,263.9864,295.95176595905605,265.2147439159063,282.80586985643885,283.1003885076198,230.13185790186782,0.0,0.0
2017-12-07,10,300.008,303.2488212516797,274.3789200994225,287.3286794066221,285.1326351331396,235.2909231299427,0.0,0.0
2017-12-07,11,317.9666,313.00816187070086,285.8438917427936,301.3530350726276,296.8017108561778,241.21897801184645,0.0,0.0
2017-12-07,12,323.9579,324.5767458247101,298.1033902915406,314.4791606158627,315.09647756515477,247.46500918104886,0.0,0.0
2017-12-07,13,408.0109,338.15697360042674,307.4082576365385,330.7209114248922,337.08104868471435,253.55633371252102,0.0,0.0
2017-12-07,14,443.9193,352.29713202691215,314.0510774498787,334.7629211403561,357.6431298851074,259.03081168293056,0.0,0.0
2017-12-07,15,407.9789,352.1472957998962,330.2409871845051,342.8888000481186,370.07189757727866,297.213362073201,0.0,360.0186
2017-12-07,16,407.915,349.48630322435895,324.04375395895073,337.8041595156964,369.19091599622806,300.2610179559938,0.0,359.9814
2017-12-07,17,359.9718,369.9561362287468,364.54995991159495,359.35989658632286,373.4277972548709,305.04206229989313,0.0,395.9485
2017-12-07,18,329.9659,325.47969462858805,292.88728871878476,315.322005790579,353.14770674930224,285.70738560918505,0.0,365.9713
2017-12-07,19,371.9802,290.1356902804606,271.49255880188656,276.46058795856,319.41198645108256,335.83489663522835,293.9848,324.0081
2017-12-07,20,317.9756,282.8603337838958,285.9447296976148,274.4013731069947,306.8303961134645,328.52554720087454,282.0,311.935
2017-12-07,21,347.982,282.75272617884565,264.1065301009108,271.0046868010461,313.39129903732766,329.4268755029965,305.9684,329.9395
2017-12-07,22,312.0244,287.7687312954784,286.2369085520049,282.1456323091337,298.73298580841004,310.90802961318457,258.0133,300.008
2017-12-07,23,293.9922,274.40237218096684,268.7100299599942,273.10051504910734,279.4108575313134,294.474023640068,227.9764,263.9521
2017-12-08,0,287.9625,303.1200989413253,300.2568476115066,302.7156098723406,309.3907416444879,328.8751967728197,251.987,281.9558
2017-12-08,1,318.017,308.95619595266925,309.1510763999177,307.72087037092825,316.22685284555513,329.6878287664485,287.9923,293.9927
2017-12-08,2,311.9761,308.4894317798499,308.9004689517671,307.37588402883034,313.53148298087496,323.05114325001006,281.9558,305.976
2017-12-08,3,275.9784,314.8782295961193,312.12377786729695,312.06204185841955,319.91885051154253,307.0977814046273,221.9712,317.9836
2017-12-08,4,269.9856,305.65456348434344,304.7336197022602,302.174066696955,309.09003534251354,302.323122146875,234.0183,287.9775
2017-12-08,5,276.0069,297.94158603706654,293.05521276775926,295.3072831706239,302.129398814486,301.950674097579,251.9866,275.9927
2017-12-08,6,275.9425,297.94158603706654,292.2990531436499,295.3072831706239,302.129398814486,296.3921718935285,228.0061,275.9858
2017-12-08,7,288.0149,295.8854088200964,286.85061909364947,291.80863898821616,298.4814957956819,298.32159974447154,239.9876,263.9521
2017-12-08,8,282.015,301.15345340211894,293.1334069241657,297.85675951522643,301.57934058879863,328.3666691140542,269.951,269.986
2017-12-08,9,299.9375,299.42538347804475,290.3790217791274,297.90106586091275,299.70856163060404,331.6393693985978,269.9928,263.9864
2017-12-08,10,317.9915,306.87544134806535,309.1879108036377,307.8647883438036,309.85326565088826,339.95921839853594,269.986,300.008
2017-12-08,11,0.0,321.7322238779204,318.1736815076348,324.294795199633,323.0750994613686,348.4770093718107,276.0285,317.9666
2017-12-08,12,0.0,335.7837152326879,336.3773255152528,337.79983379236626,336.9014041047841,355.0155249681609,276.0216,323.9579
2017-12-08,13,0.0,376.1354611829084,373.4076110087864,386.8578064076908,388.3025377408819,375.595733978327,311.9756,408.0109
2017-12-08,14,0.0,407.2375323487921,401.62082849358023,418.2603853658288,417.43346240029024,387.6313570658965,329.9829,443.9193
2017-12-08,15,0.0,408.252098372786,397.81193431619175,415.80679406027787,421.9644839251181,394.2248004916532,359.9814,407.9789
2017-12-08,16,0.0,386.10845635424056,374.6394483461048,394.00762492555293,401.38718694263844,385.6247459668457,299.969,407.915
2017-12-08,17,0.0,388.3961596043065,379.29859911754755,392.7373957907112,407.7707689218913,389.3253641796855,335.9737,359.9718
2017-12-08,18,0.0,364.44993353962974,350.09450951836453,356.676980753082,376.65046024092163,365.91003110154395,342.0,329.9659
2017-12-08,19,0.0,351.13837174522985,349.30133863144624,358.73841075638313,374.2094403661479,358.51261531945806,293.9613,371.9802
2017-12-08,20,335.9737,337.9152271801842,334.32502180786315,336.2576956234065,351.9729288374383,350.8213823734482,299.9845,317.9756
2017-12-08,21,371.9616,338.06235028597155,337.67562174090193,340.6147763869667,355.1322962185368,350.7191294286146,311.9672,347.982
2017-12-08,22,323.966,313.0563594119503,314.84336056945665,315.6858839241235,333.7099503739206,332.99256605585674,269.986,312.0244
2017-12-08,23,287.9554,302.17058491194126,302.0615674484465,305.6568805305118,319.28451413190066,323.0972327793825,263.993,293.9922
2017-12-09,0,318.0,275.4306351900347,273.4822174154396,275.4714427353067,276.5219972755033,299.117396265794,257.9798,287.9625
2017-12-09,1,329.9829,275.5381927921831,264.1319860952865,275.6852326313992,285.1202164226508,294.9300370526633,257.9463,318.017
2017-12-09,2,311.9917,270.49953513173057,261.6508084416324,270.07305544429937,274.43149869778085,292.5450203411258,281.9633,311.9761
2017-12-09,3,293.9618,276.24721859017706,273.3399469343591,275.69834091224686,268.67832847683985,279.14644393553067,257.9931,275.9784
2017-12-09,4,281.993,277.1291601570012,271.732434319192,271.18864681452993,265.0399077870975,273.2900944642185,251.9605,269.9856
2017-12-09,5,294.023,274.72372214869426,269.35336791063264,270.9659840180086,263.1292413614074,270.10702042409355,246.0,276.0069
2017-12-09,6,305.9602,274.72372214869426,270.28499563885697,271.8848941169524,264.18195133555054,271.45616861834884,258.0138,275.9425
2017-12-09,7,293.9770000000001,276.85553770254853,269.92336104177554,272.05487366483754,268.4065216317703,274.4671130079907,263.9793,288.0149
2017-12-09,8,288.0,276.82356313482296,271.14816788595886,273.90411165711697,264.36104712704156,277.374572028605,269.9788,282.015
2017-12-09,9,294.0073,277.7743137405283,267.54904501292,272.9639451339141,271.7560861122967,231.10639698334796,0.0,299.9375
2017-12-09,10,293.9843,276.19186442707195,263.70737561118665,280.14714580642516,281.09465926541515,237.57884193418158,0.0,317.9915
2017-12-09,11,305.9679,300.39820928319216,281.69107865700204,291.8337488522393,307.38442739458907,213.25995577062696,0.0,0.0
2017-12-09,12,306.0,301.27249184206386,284.34226187771935,290.7782613796151,309.44005387577465,219.03254768657342,0.0,0.0
2017-12-09,13,311.9511,301.5282339007803,286.68538075887705,290.81161219100807,309.2107644410039,224.65043296478973,0.0,0.0
2017-12-09,14,299.9765,301.91695508495707,283.05445685214136,286.72747017025824,311.99517950835815,229.6837357846573,0.0,0.0
2017-12-09,15,293.9922,301.91695508495707,283.05445685214136,286.72747017025824,311.99517950835815,233.74241865402615,0.0,0.0
2017-12-09,16,288.0225,298.36253109825407,281.14341883888954,283.66606418570206,311.11419792730754,236.50286281973703,0.0,0.0
2017-12-09,17,293.9848,298.36253109825407,282.32432439667826,282.9343809361108,311.31811604751437,237.7299223508441,0.0,0.0
2017-12-09,18,288.0225,298.29897109981556,283.4151667308531,284.3876568059414,308.992926216102,288.9444710916482,269.9928,0.0
2017-12-09,19,317.9587,297.25576127081405,284.07520195170696,281.8978997695511,307.6421962466197,286.8262175418354,269.9928,0.0
2017-12-09,20,299.9375,274.93036664066835,263.20462303896466,268.98002213263794,291.07121806441177,307.7225968013107,233.9634,335.9737
2017-12-09,21,287.9851,283.40045001464654,269.066821360816,277.12753151000635,305.0451757939946,308.3126586008219,245.9742,371.9616
2017-12-09,22,299.9925,272.86489348198677,265.3501042230596,267.0665656047993,294.21036749495244,298.8001373781099,251.9672,323.966
2017-12-09,23,287.9477,274.03058960782596,278.6657787070388,271.28284483944714,281.0195297475333,288.5666612612779,252.0134,287.9554
2017-12-10,0,281.9558,309.93761862197044,300.1477854573449,309.0271205863713,324.7620154278528,324.68266710696037,245.9742,318.0
2017-12-10,1,294.0,309.91728504582437,302.92743265945404,309.1861656630467,324.9183152500269,321.27691610608207,257.9936,329.9829
2017-12-10,2,330.0,303.7507800946184,295.77276973314036,303.68169538714795,317.7830564592627,314.4830036578697,263.993,311.9917
2017-12-10,3,317.9587,302.3854074914091,295.2779799468071,302.0139041807602,313.40884699490164,307.4834367389748,263.9586,293.9618
2017-12-10,4,330.0088,301.2904853050049,288.773323936105,300.3896597145213,308.85469622128494,303.47691946675246,269.9788,281.993
2017-12-10,5,306.0163,308.4596417603157,296.70218769162216,304.693323486006,316.0353748126678,306.6479411020305,293.9461,294.023
2017-12-10,6,300.0075,307.92790093294974,299.4963956180374,303.97111120954304,314.36303006142776,303.41149417425515,275.9931,305.9602
2017-12-10,7,305.9684,310.37066138415406,297.0311943545343,303.56710157997315,315.7843407282001,304.14623572131296,281.9633,293.9770000000001
2017-12-10,8,305.9439,309.113023184093,297.0311943545343,303.1386684173393,315.2228765334005,302.399533585143,263.9657,288.0
2017-12-10,9,330.0082,310.0317992220728,300.03324141001593,304.4761730490497,315.7315528022884,308.86003938688293,275.9927,294.0073
2017-12-10,10,335.9384,311.68283033206535,303.8941242803631,307.62768277125156,318.08419670878015,311.2001183330733,263.9586,293.9843
2017-12-10,11,311.9839,316.4681990406325,311.72453832484047,315.928299844589,321.1271099279652,317.656081469035,263.9793,305.9679
2017-12-10,12,311.9594,314.16576085680487,310.16881440007046,313.9539911545971,322.06177042080657,325.5547799885992,275.9641,306.0
2017-12-10,13,0.0,313.88864002188143,308.25744922091445,314.26444864648,323.9707672277251,330.41843934829785,269.9928,311.9511
2017-12-10,14,0.0,313.9724310765748,303.0318490550255,310.2729238071423,323.82445590347487,337.61466257511916,287.9923,299.9765
2017-12-10,15,0.0,318.3884473770277,303.54075617357006,310.6185576460468,323.7281498254042,343.27524456799716,300.0075,293.9922
2017-12-10,16,0.0,308.8479138392866,298.22571423390815,304.81845498884974,321.5926096862434,341.9255593917463,281.9925,288.0225
2017-12-10,17,0.0,307.6430423689092,297.6906563138593,303.65833857662466,319.97520272291615,341.34631606935085,269.9717,293.9848
2017-12-10,18,0.0,307.19484178263633,296.30754960988725,304.19270434751144,319.32060927607284,336.8912423187354,252.0063,288.0225
2017-12-10,19,0.0,312.91823217820905,300.96103906749863,309.1792693729084,324.8167547863057,335.3008009763428,239.9812,317.9587
2017-12-10,20,0.0,303.3917731462371,293.49741262173603,299.4611082158998,316.8217045809474,328.82958383690533,233.9942,299.9375
2017-12-10,21,0.0,302.39061964771815,291.02810779314035,297.8496927903345,315.5122343146316,323.8851206158553,240.0188,287.9851
2017-12-10,22,0.0,300.46478639860015,289.12777510869563,297.45608970644656,314.9475100982394,321.27305225427585,251.9735,299.9925
2017-12-10,23,0.0,301.9851122987058,291.7316752731739,300.3434079681165,313.220321285421,311.1458090176795,240.0064,287.9477
2017-12-11,0,0.0,276.8517165394343,239.88984414273037,251.8341299666474,245.25123071446808,251.20222045858395,269.986,281.9558
2017-12-11,1,317.9422,272.07015244187835,238.23657921993527,246.1018152444833,242.17144703020926,242.00322482912185,251.9803,294.0
2017-12-11,2,293.9843,257.49541882386376,206.63041161307513,222.61445496647872,234.05425464124892,242.51703464438904,269.9933,330.0
2017-12-11,3,294.0078,258.01897584293556,211.26921556488466,222.76182225852082,232.62694125866147,233.74951689861527,258.0133,317.9587
2017-12-11,4,281.9925,258.3773603906879,208.65348678002795,220.26507753432026,229.60881133194283,231.95145985752464,263.9859,330.0088
2017-12-11,5,293.9770000000001,270.1945292892821,240.0868773113352,235.00427700292238,224.18013099573275,231.72809552615223,287.9703,306.0163
2017-12-11,6,299.9765,274.0342771635603,241.36346137366027,243.42275209671396,232.9871828544984,232.53667923871166,299.992,300.0075
2017-12-11,7,293.9387,267.3222695972058,236.05925713843592,233.36364638570484,221.0223457855304,228.07670547232198,269.9788,305.9684
2017-12-11,8,306.0163,273.164126215867,238.40098047529722,239.89162772173427,220.57998598596757,257.91304927070246,269.9721,305.9439
2017-12-11,9,324.0168,260.55739723568615,211.13378939568796,226.2224395661179,233.7217367416593,261.507301959138,257.9931,330.0082
2017-12-11,10,329.9829,264.2455349607409,213.3338047085904,231.59814883616053,238.70643434543265,217.39568807529957,0.0,335.9384
2017-12-11,11,299.9375,271.7431573797389,240.80624752049397,250.2502319043513,261.80978784310037,220.53039614754738,0.0,311.9839
2017-12-11,12,341.9732,289.2800418609526,262.77490697645294,273.28016223960645,278.7882323182369,226.1859904066324,0.0,311.9594
2017-12-11,13,473.9384,333.8490114215774,297.2941113481881,310.2478920921667,343.2811049395343,202.44880530008675,0.0,0.0
2017-12-11,14,546.0137,354.6496218380567,305.46117014096774,324.9274140334952,368.81129365549657,207.3752235805582,0.0,0.0
2017-12-11,15,0.0,354.6496218380567,305.46117014096774,324.9274140334952,368.81129365549657,211.34212261516137,0.0,0.0
2017-12-11,16,0.0,351.88418264029417,300.95629927272614,321.3354413807455,367.70116745490486,214.03213856739637,0.0,0.0
2017-12-11,17,0.0,351.88418264029417,300.95252970870484,320.6037581311543,367.9606412734385,215.21492507267754,0.0,0.0
2017-12-11,18,0.0,336.67745845089786,291.1319499899253,301.9733326728773,351.2532348856711,187.20074702592734,0.0,0.0
2017-12-11,19,0.0,326.73097490277956,288.8394737117771,301.465244531616,342.3591480551482,185.09759418074498,0.0,0.0
2017-12-11,20,0.0,358.3743908275247,332.05448268602845,332.97870959351985,363.9147796051705,242.2753000246452,318.0,0.0
2017-12-11,21,0.0,355.3823269980791,323.4190363530372,332.9301526696646,373.6196561527437,238.4061835763684,323.966,0.0
2017-12-11,22,0.0,352.78639346708417,324.03330020409743,321.29037170343446,361.7017116588938,231.19943416001854,318.0164,0.0
2017-12-11,23,0.0,303.19988904665666,277.7413394333683,272.96629010593955,315.4816163210785,214.10030904073392,263.9723,0.0
2017-12-12,0,0.0,294.0757732822662,268.561989879791,278.70243245217495,294.3307873807697,199.43355466817093,257.9862,0.0
2017-12-12,1,0.0,257.30407351287533,218.2094735615381,235.99025735472452,267.485592606538,223.3606784222035,263.9793,317.9422
2017-12-12,2,0.0,273.56582824394246,250.30579784389428,263.9260309154306,258.9119145373849,219.26734903781337,287.9549,293.9843
2017-12-12,3,0.0,273.56582824394246,252.5419702264097,262.2686410878203,256.6310717223416,213.82272056601556,288.0072,294.0078
2017-12-12,4,0.0,273.6023186048292,250.8810359686977,265.61547433714003,251.81593115476176,205.097206153158,270.0,281.9925
2017-12-12,5,0.0,268.7434718612574,247.73060496974298,257.4515971190847,255.9774074999111,204.7456287086554,275.9641,293.9770000000001
2017-12-12,6,318.0164,268.7434718612574,244.31395280505816,257.4515971190847,253.96314223427942,200.9290674647955,258.0202,299.9765
2017-12-12,7,311.9594,269.8849222433435,247.26647002198987,257.74317306427673,256.1565032914022,202.25352170561334,264.0277,293.9387
2017-12-12,8,317.9587,275.2538995200901,246.4002353321845,249.57411409314966,248.45804024720053,232.8975624877687,275.9568,306.0163
2017-12-12,9,324.0,262.64651424977353,222.50535746525324,235.90492593753302,260.4797307695276,238.30078166225695,275.9641,324.0168
2017-12-12,10,341.9641,267.8430389516643,222.56151569225491,243.1859558359863,261.87179500485286,247.10133858361075,293.9618,329.9829
2017-12-12,11,323.9832,285.65086931440686,256.48053547199424,285.61970810845133,278.9713028563386,247.50465488814973,282.0,299.9375
2017-12-12,12,329.9742,304.3249275345094,263.4210361424259,284.94396871000623,305.43303678952697,256.0891991296609,275.9853,341.9732
2017-12-12,13,365.9616,420.03618845367544,427.6395083022521,421.6300021193063,409.08607172488337,290.17150589423454,360.0,473.9384
2017-12-12,14,437.9657,441.492750406873,439.7546496916333,446.5656827823701,439.282555485691,305.41000148268654,377.9213,546.0137
2017-12-12,15,407.947,408.2422175742205,396.0531816397595,396.3477208910663,431.8087643525906,258.3118653755317,377.9408,0.0
2017-12-12,16,396.0205,405.581881288819,392.1354509120458,391.36972287485037,430.92778277153997,259.94418324163604,371.9715,0.0
2017-12-12,17,414.0,404.61678484507263,391.4329420284279,389.5649759568656,432.31252846112403,258.877086273715,359.934,0.0
2017-12-12,18,425.956,373.44808661180355,368.60736902583943,364.0546923102042,412.8811269454127,233.54228164878495,359.925,0.0
2017-12-12,19,413.9786,359.11432062825077,345.7039115746534,354.48100272143324,392.6406695880969,226.83558343661232,335.9558,0.0
2017-12-12,20,365.9427,330.8881666618791,312.8415691509956,318.56857162252777,352.0952913261704,217.38787646574494,305.9684,0.0
2017-12-12,21,347.9728,327.2485360454415,307.1001968945047,311.544736237159,350.40341593130614,212.30076526403803,306.0082,0.0
2017-12-12,22,377.9509,315.174446162821,291.44706604202054,298.06799734951096,346.4817609279888,199.2324883306409,269.9933,0.0
2017-12-12,23,329.9571,304.25995155352086,288.2765618625131,291.3300004581168,330.945090522039,191.19522899869565,263.9859,0.0
2017-12-13,0,342.0,325.85647280314276,311.1176061695403,318.89773242144156,312.7671167563342,332.6505469680078,287.9928,0.0
2017-12-13,1,335.9737,330.5290507529347,309.8082042234934,318.14143624716934,312.8326987272893,326.58506271308994,293.9692,0.0
2017-12-13,2,360.0192,325.43362377237133,305.3658152782094,311.2155747731425,307.9745068961082,317.6839731346853,281.9925,0.0
2017-12-13,3,371.9808,320.64756835050963,294.8306099753895,308.4566448830262,304.8527252209652,308.6357509768744,264.0071,0.0
2017-12-13,4,354.0094,318.85622839973036,294.9292781133352,308.20642526941765,302.9371364151438,304.3538710693752,263.945,0.0
2017-12-13,5,341.9288,316.8902954766728,293.1207941775143,306.24295351702807,298.6342558235516,299.37519087373954,251.974,0.0
2017-12-13,6,341.9555,314.8978426111184,308.7662454179842,319.42490455232996,277.87462069602617,329.3652128503571,258.0,318.0164
2017-12-13,7,335.9826,307.39634481413367,295.3387319755945,307.142295083046,273.85431446558465,280.20616128633384,0.0,311.9594
2017-12-13,8,359.9718,323.14770036984845,311.10564850057557,322.59682730319304,280.3346630466667,304.4179954203472,0.0,317.9587
2017-12-13,9,347.9728,324.8793072934313,306.5038444323263,321.7011416526172,283.3057636848175,308.81446575656986,0.0,324.0
2017-12-13,10,372.0,331.1192898622851,316.3393362057595,327.2879776579116,288.1680521944349,315.44717661930906,0.0,341.9641
2017-12-13,11,377.9798,331.9653482495816,319.62396658782905,331.31711390799455,293.6699241017574,319.4451291097273,0.0,323.9832
2017-12-13,12,383.9802,346.1206490848333,324.9305846835981,342.7343539454745,301.86951474506964,325.99007838491593,0.0,329.9742
2017-12-13,13,0.0,388.59972966641686,369.1184435995749,403.8200410200118,347.9022883709719,335.1919234585723,0.0,365.9616
2017-12-13,14,545.9436,419.37683653584327,401.841417451258,426.039720309821,362.78745509995724,347.17071267450876,0.0,437.9657
2017-12-13,15,0.0,438.20459487030945,434.28424634684575,436.7547673106146,380.3890817872545,417.45848631107015,360.0186,407.947
2017-12-13,16,515.9467,435.06671631990633,423.15145508742484,429.1015265415615,392.37602156353654,419.2233693594009,359.9814,396.0205
2017-12-13,17,0.0,439.35512340453647,424.13398287618804,432.0692018770753,374.7760918687866,429.0978013606237,395.9485,414.0
2017-12-13,18,420.0,406.04510701208443,392.3713639372548,395.90604424583523,362.5667687462031,402.8283345747251,365.9713,425.956
2017-12-13,19,0.0,379.2383815513862,366.3450537145595,379.665919392308,348.5023331167268,391.53181396391506,324.0081,413.9786
2017-12-13,20,396.0,353.0025614951578,334.29144598307926,353.790464803448,338.4463447692654,380.9361010435751,311.935,365.9427
2017-12-13,21,0.0,346.46900150244625,339.7880185914356,345.34002369675835,339.9848670136279,377.48582131980675,329.9395,347.9728
2017-12-13,22,360.0282,345.9961006344184,317.8747210954972,342.5794650696479,333.39726223146226,368.24057667101096,300.008,377.9509
2017-12-13,23,0.0,317.225047507025,302.2628277183649,319.3081262277927,300.794156932622,349.78086715825725,263.9521,329.9571
2017-12-14,0,378.0296,303.7129466610878,276.4243373824805,285.37935726343267,252.98687822926837,283.9397821253984,281.9558,342.0
2017-12-14,1,0.0,302.09440735931656,274.178558883877,280.0020334735607,248.87797272199694,279.1859415571471,293.9927,335.9737
2017-12-14,2,335.9826,334.2634229987222,314.26880815128993,320.4494207745331,264.7404966852616,277.79059787241397,305.976,360.0192
2017-12-14,3,0.0,337.338796059193,315.67715052561596,316.3769818738486,266.7089154778546,276.17523150709144,317.9836,371.9808
2017-12-14,4,330.0171,310.6878705933772,285.5242319808145,288.0604405770044,244.13499636052757,264.92066828847305,287.9775,354.0094
2017-12-14,5,0.0,304.71233033765037,280.5131144188159,280.4756573510552,244.2303569754931,259.08380010725614,275.9927,341.9288
2017-12-14,6,348.0186,304.71233033765037,280.5131144188159,280.4756573510552,244.2303569754931,258.208494131143,275.9858,341.9555
2017-12-14,7,0.0,301.3744125352592,274.9293904614953,275.1741786885806,241.819394962627,256.0180035927271,263.9521,335.9826
2017-12-14,8,329.9742,339.5137344931301,313.9705603656074,325.9117744571269,264.172977157256,296.70733715365196,269.986,359.9718
2017-12-14,9,329.9654,311.83876051990234,283.2423325123619,286.7455737832066,246.30520808003675,297.82480274418356,263.9864,347.9728
2017-12-14,10,341.9909,344.85014440166253,318.9466978831135,336.14916061441716,268.97210512176235,311.34319431854396,300.008,372.0
2017-12-14,11,335.9653,357.7111318427936,329.28190789082373,350.78031838730664,296.8388075987324,320.3544089338793,317.9666,377.9798
2017-12-14,12,360.009,389.3179105621864,372.02588961111326,384.7103488168175,324.93758700695713,327.3293366183386,323.9579,383.9802
2017-12-14,13,449.9887,390.34525727493593,378.5764758645283,397.5473024683053,394.43410283599604,312.5299101611007,408.0109,0.0
2017-12-14,14,474.0118,480.0096462143179,462.50666783340665,486.8835570112886,423.7194426088198,375.13299545647766,443.9193,545.9436
2017-12-14,15,419.9671,407.97375004899334,384.0615808610011,405.53485533189496,419.8456600869879,320.7388929254559,407.9789,0.0
2017-12-14,16,413.9779,478.0433098996588,461.78558770456164,475.0357292690875,420.75506551518595,371.536626875339,407.915,515.9467
2017-12-14,17,407.947,402.90835592313454,378.5962667926862,393.18879665608586,418.7557339686711,315.03603310429696,359.9718,0.0
2017-12-14,18,360.009,410.34223321188944,403.5367527247829,406.6989552441453,357.57603877748767,312.99943934819896,329.9659,420.0
2017-12-14,19,383.9795,373.0193015363389,351.7508101081616,368.28265118917716,391.6532765764475,279.6183101958535,371.9802,0.0
2017-12-14,20,365.9335,379.83217167029414,374.35698603524565,380.26807313717615,340.7756775478906,302.89766408064264,317.9756,396.0
2017-12-14,21,341.9373,366.68665361995136,346.34279967765127,354.0063407080811,381.44323686543015,266.75046636500065,347.982,0.0
2017-12-14,22,342.0,355.89384796412986,332.13377785172486,347.41181133704504,331.6555262894115,287.8622281038644,312.0244,360.0282
2017-12-14,23,323.9832,326.099476354943,307.2101694202237,313.2094322811779,324.18100981866564,244.2713928647708,293.9922,0.0
2017-12-15,0,329.9571,352.1486515227302,350.08712597194574,356.0804335946295,317.11394772885734,385.56488327310876,287.9625,378.0296
2017-12-15,1,329.9571,348.0445408812648,337.7265896213033,337.96023711487175,332.9393448616402,349.30690866045325,318.017,0.0
2017-12-15,2,336.0084,336.2851990964535,336.5762819794377,329.767953836006,301.8072791074501,373.6246570633076,311.9761,335.9826
2017-12-15,3,317.9587,332.78017113385226,325.2842117099876,319.9757671149815,321.75291325067553,330.14611913939274,275.9784,0.0
2017-12-15,4,329.9918,326.79721502624494,330.783744452987,321.65519223688773,295.9528881009219,356.05213683889184,269.9856,330.0171
2017-12-15,5,330.0,333.65473606850395,326.5095098451009,318.6809858479272,317.47874906976386,323.8274444841911,276.0069,0.0
2017-12-15,6,323.9827,333.30342156873604,338.12010652094176,324.45066915886906,295.29277528783007,355.54799868836005,275.9425,348.0186
2017-12-15,7,347.982,335.8736227641745,328.4989004697714,320.4876495830694,319.3301896124949,325.91965956939964,288.0149,0.0
2017-12-15,8,372.0099,329.3500020885889,325.79156000990935,325.7144292025719,292.43945347540114,391.4151749444253,282.015,329.9742
2017-12-15,9,0.0,333.232741414239,326.7850372199626,327.4701902439369,294.94218104019626,398.28372083187213,299.9375,329.9654
2017-12-15,10,317.983,346.17318498873135,340.84528982950087,340.91984116460765,303.2989002583625,407.3059964864155,317.9915,341.9909
2017-12-15,11,0.0,342.60470803915376,338.64096353354284,340.2480747478907,308.1676282687115,350.99934191461927,0.0,335.9653
2017-12-15,12,395.9795,371.3623338305957,367.85976412456245,382.02137670136216,331.6445509946242,358.6019782424405,0.0,360.009
2017-12-15,13,0.0,428.17691475538663,423.5077798303947,433.7369477737598,354.8009390865868,372.2301768392388,0.0,449.9887
2017-12-15,14,474.0,446.92548605659715,446.61297465092724,446.16197437782046,383.07107098186896,379.1204610869802,0.0,474.0118
2017-12-15,15,0.0,445.9266196421875,446.1555591655296,446.16197437782046,372.84899884286705,377.77449520510703,0.0,419.9671
2017-12-15,16,461.9885,445.80664852680536,439.15082846709134,440.92436559917434,371.728033182076,379.7134650173305,0.0,413.9779
2017-12-15,17,0.0,445.80664852680536,438.5879170964739,438.84880689126425,371.253677890943,380.21173541223294,0.0,407.947
2017-12-15,18,437.9657,391.05742955906726,378.695753039336,392.15341169888126,358.05386073555877,341.6698691261717,0.0,360.009
2017-12-15,19,0.0,387.58812224403425,386.7249059784825,399.8777675067394,355.9410644514602,341.85417086168235,0.0,383.9795
2017-12-15,20,426.022,383.92564388983556,391.89701982176126,388.7153452307053,358.79052147771284,400.8981282436865,335.9737,365.9335
2017-12-15,21,0.0,371.89840603619723,371.2670263833938,360.50779693559474,354.39084492723066,400.712887229816,371.9616,341.9373
2017-12-15,22,377.9704,358.6331083741934,362.3382687391134,349.01978925815536,344.5558276821632,385.7155025194088,323.966,342.0
2017-12-15,23,0.0,327.09060047436157,319.6707843878297,323.37075934295666,313.6183578778975,370.6654253368484,287.9554,323.9832
2017-12-16,0,372.0192,294.2243752198528,257.2021713898096,252.71802469130645,233.77974073127922,270.16960275551634,318.0,329.9571
2017-12-16,1,0.0,310.996515656331,296.52684600932827,285.5299730635757,250.5949418394594,266.1466873107177,329.9829,329.9571
2017-12-16,2,329.9654,291.8498928874507,255.89964832748643,252.557522509774,225.89197101381848,257.4947716640505,311.9917,336.0084
2017-12-16,3,329.9829,276.2116058059871,234.38381987363064,249.16701024155347,219.3177795849695,247.46117839795187,293.9618,317.9587
2017-12-16,4,341.9379,272.910184972411,236.84186873426628,247.39427365586837,217.08133075587705,242.57795296406363,281.993,329.9918
2017-12-16,5,347.9728,275.7191611024419,236.05812365049903,245.00722475780753,217.53957517427978,242.53647312650304,294.023,330.0
2017-12-16,6,377.9805,276.62200743074607,239.91670977785483,245.14990546703024,218.6674227697321,243.4028692018936,305.9602,323.9827
2017-12-16,7,371.9609,286.75697115340273,251.7781207526079,249.14589164674365,218.07899955593996,244.00814996450856,293.9770000000001,347.982
2017-12-16,8,383.9802,300.65479119806037,278.27073844928634,283.531844208642,231.6166769659804,247.17546503915554,288.0,372.0099
2017-12-16,9,341.9915,313.4882827556314,289.01149835235526,284.82472498146296,266.0199029969836,216.7373212385096,294.0073,0.0
2017-12-16,10,353.954,278.77538030024937,236.18591208098636,251.7811367261967,223.8921933752246,250.77183782814907,293.9843,317.983
2017-12-16,11,341.9732,317.18033954236876,293.71203117864474,288.01390943167274,286.68177652743844,228.11014807717424,305.9679,0.0
2017-12-16,12,395.9901,317.41271847492874,305.06613785389726,305.48642734258,256.5009195894802,270.32189559267687,306.0,395.9795
2017-12-16,13,372.0198,336.92752540502823,307.0915254879326,303.7861435504278,305.0620633514755,239.27991325631618,311.9511,0.0
2017-12-16,14,359.9622,316.9462926045866,300.79364788550055,302.38785291401894,264.9884115119716,285.81489348694845,299.9765,474.0
2017-12-16,15,347.964,310.1775573189732,276.8895409046663,286.69596839306405,292.3044843557113,243.75381566962574,293.9922,0.0
2017-12-16,16,323.9746,306.3569000335966,299.58860687168584,296.7366380094605,259.5387487919993,288.2558410000382,288.0225,461.9885
2017-12-16,17,329.9829,291.78046765953883,265.1485013619384,284.8915149624319,290.7091634037872,247.0572335597788,293.9848,0.0
2017-12-16,18,317.9756,307.8722743098077,297.5901263181553,297.3721228105691,258.409800054023,286.44086209131075,288.0225,437.9657
2017-12-16,19,305.9521,318.15788745805037,295.4763065250672,299.5931014623285,305.4120468868611,249.08838234022906,317.9587,0.0
2017-12-16,20,323.9919,306.5184198438381,301.0905344291754,294.48933085472925,255.5891836987788,282.13370462113716,299.9375,426.022
2017-12-16,21,335.9647,303.8850756134494,274.91642674039423,282.02971026989945,291.65820842651596,235.253805045683,287.9851,0.0
2017-12-16,22,306.0321,298.6774223469954,273.15421692979123,279.5123910008238,263.25648913070967,267.36451219587144,299.9925,377.9704
2017-12-16,23,311.9839,308.6979435988703,285.98624985350165,283.27105257592456,292.039468009234,223.40174350018015,287.9477,0.0
2017-12-17,0,311.9922,308.57240708670537,297.3117624290874,303.0296701660615,324.6972322365764,351.5084406790186,281.9558,372.0192
2017-12-17,1,299.9535,317.8929475284419,313.3640961412534,303.40641765096876,328.8647111296377,312.14011583231763,294.0,0.0
2017-12-17,2,323.9493,326.8115814892171,308.16545699222735,313.53489392350644,333.9022013798961,343.7239206502632,330.0,329.9654
2017-12-17,3,330.0176,326.1495511277418,313.4854430966617,308.7023073251434,322.23076409154703,336.1395283132737,317.9587,329.9829
2017-12-17,4,317.9507,326.1103602662326,311.99022033701556,309.0686171736857,330.5304518340752,335.5447685357631,330.0088,341.9379
2017-12-17,5,341.9647,319.06936176751543,308.03064389891006,300.41587375658264,314.48139703223814,328.9887375889503,306.0163,347.9728
2017-12-17,6,366.0195,313.8936777780905,295.0651776829076,298.16379916343266,317.19644849496945,329.734456774134,300.0075,377.9805
2017-12-17,7,0.0,314.89761263382627,291.5956046102013,298.28404101347996,317.96445696413974,331.0230106784917,305.9684,371.9609
2017-12-17,8,336.0179,313.4618636192063,290.67794932689895,296.533446028771,318.99499950245655,334.3915828712719,305.9439,383.9802
2017-12-17,9,0.0,326.0644083010805,310.3919159891588,306.3364835677075,329.45157013151095,338.640394351081,330.0082,341.9915
2017-12-17,10,330.0,322.6409203036291,302.18060741441656,306.4309882738653,331.06854632080496,345.5200148777433,335.9384,353.954
2017-12-17,11,0.0,323.2019258367799,308.39196663739426,303.58588162135516,326.5434408593237,345.119181639269,311.9839,341.9732
2017-12-17,12,354.0183,310.49637604187313,294.4609520866582,298.3530219313859,330.5502571058715,355.75477472814816,311.9594,395.9901
2017-12-17,13,0.0,298.45539867111756,292.85999800516,298.19286456338386,328.88933714488275,299.2504763252081,0.0,372.0198
2017-12-17,14,365.9329,302.1256010688066,301.9025757645362,297.6004435878966,325.0047186633111,302.9715319885837,0.0,359.9622
2017-12-17,15,0.0,306.13192609409856,306.20299327799796,297.0911778468894,321.7007545229005,305.7492586116682,0.0,347.964
2017-12-17,16,311.9839,307.15020720162084,307.0783479358095,298.8410825894178,320.2194602719403,306.1411736154627,0.0,323.9746
2017-12-17,17,0.0,307.5180422231412,305.75631925333505,299.02185316487123,319.7451049808073,307.85598228088634,0.0,329.9829
2017-12-17,18,317.9751,307.66626039285995,305.7100943082834,299.7045956687019,318.999793682745,306.26782541969266,0.0,317.9756
2017-12-17,19,0.0,302.4893445219942,308.4006786405366,294.4106713530298,315.6186550158471,303.0483165053232,0.0,305.9521
2017-12-17,20,311.935,304.2784400626098,304.98112626917947,296.3576845100999,317.9506309306601,301.1124233050603,0.0,323.9919
2017-12-17,21,329.9912,302.6777908711209,304.2850851919667,294.29095920678327,318.538946965985,297.2737381443939,0.0,335.9647
2017-12-17,22,341.9379,296.52728413741403,306.5603836522114,291.35238620295473,316.1058826770717,288.46413186874776,0.0,306.0321
2017-12-17,23,341.9555,293.1562777045138,298.10887190109156,291.37412600833744,317.3723172210535,282.3370811698372,0.0,311.9839
2017-12-18,0,317.9921,298.8202268943745,302.0205284625173,295.8740488147577,283.12715339511846,300.36172730899324,0.0,311.9922
2017-12-18,1,311.9594,329.08596168505903,317.9651127537929,319.5959392334563,302.5134394563632,353.02470359977707,317.9422,299.9535
2017-12-18,2,323.9665,311.0682944855594,293.0170448536905,295.50277684175813,283.7355439644844,344.24432830797167,293.9843,323.9493
2017-12-18,3,305.9444,310.5447374664876,296.29149790435173,293.2374542544933,282.398948433116,339.3506494594662,294.0078,330.0176
2017-12-18,4,318.017,309.3134469951929,299.6421010847581,294.5785395327671,278.3077875616007,331.7588197463538,281.9925,317.9507
2017-12-18,5,311.9756,312.5014252493723,291.268771873826,291.1665368612162,277.7383925997279,333.6816429001491,293.9770000000001,341.9647
2017-12-18,6,311.935,326.629255410162,300.95291051416694,307.1336735520307,289.9404098005418,336.1363035068373,299.9765,366.0195
2017-12-18,7,347.9548,329.14880677897395,307.49802203475457,300.5906795904046,301.9878313696833,301.4165102543731,293.9387,0.0
2017-12-18,8,347.964,317.0812093305178,303.1743766273491,296.18364280786426,275.0496832394785,362.21161856904126,306.0163,336.0179
2017-12-18,9,342.0091,354.4282118973633,330.3598665449632,332.4328044097135,329.1766234586621,337.882219771457,324.0168,0.0
2017-12-18,10,317.9338,332.3335949433567,321.5728582792081,321.55913672262733,306.5275144773174,374.7633029142161,329.9829,330.0
2017-12-18,11,311.9922,340.3290130788999,327.5023746837262,314.06784333524456,319.00764636261533,343.6037501820397,299.9375,0.0
2017-12-18,12,353.9634,356.690231452663,338.7828422269963,346.66416880605493,326.23904119801176,390.6358743979402,341.9732,354.0183
2017-12-18,13,420.0105,439.26917101205066,415.35647473992253,414.76235213776874,403.84082258725283,388.35222654118905,473.9384,0.0
2017-12-18,14,461.9399,459.8050107333205,454.52215001060245,444.3629791085185,439.97462156105445,441.5062208553637,546.0137,365.9329
2017-12-18,15,431.9777,387.77373850886204,338.63008968588673,349.356470615054,376.3675192796819,306.8374326047681,0.0,0.0
2017-12-18,16,419.923,365.19350254643336,335.25384089331135,343.0104902037896,350.54625589798644,338.8621565093586,0.0,311.9839
2017-12-18,17,401.9685,384.92645968605297,327.90403021190895,345.6462678260088,374.5986094065436,310.8601377164062,0.0,0.0
2017-12-18,18,365.9238,342.4722724937315,326.4296966892269,335.2688415111379,344.6867842809283,315.57853152687994,0.0,317.9751
2017-12-18,19,360.0096,343.15542903467025,311.1298543738916,324.0608697720525,348.99711618825324,283.651414921766,0.0,0.0
2017-12-18,20,359.9436,319.9991049415141,314.4915545694695,310.1383502482431,321.8768299626851,309.1737053457836,0.0,311.935
2017-12-18,21,324.0,320.416641525674,308.2687622735031,307.3376098426585,328.2434478513036,305.76364035707206,0.0,329.9912
2017-12-18,22,281.985,319.4730881232917,301.44460428459416,300.87807876644825,329.30975427862006,300.69491936911777,0.0,341.9379
2017-12-18,23,0.0,304.8459759014233,290.60529907104046,299.2817905243034,308.34256183630526,293.79677343693277,0.0,341.9555
2017-12-19,0,300.008,272.1715612043298,253.55363909701032,244.96859949536977,281.7867982999001,212.2756014353949,0.0,317.9921
2017-12-19,1,0.0,270.99802090101366,258.1714416838297,247.02204510214665,276.4110267090341,204.34826999963832,0.0,311.9594
2017-12-19,2,293.9692,263.67057649214723,237.3010142796495,240.01755404773942,277.5107731311888,198.72121325710987,0.0,323.9665
2017-12-19,3,0.0,264.7491890889227,255.46870698927526,252.9495052951241,272.1550529225609,191.3020053249472,0.0,305.9444
2017-12-19,4,275.9931,257.96001631328147,238.61544246944285,238.80592786209837,274.09467220402826,188.06960118981794,0.0,318.017
2017-12-19,5,0.0,253.6454366578238,245.41652623128493,240.17783755312166,270.7692657158582,184.7557074744631,0.0,311.9756
2017-12-19,6,275.9636,253.3043716365595,231.79449559913266,241.67060009804268,271.21904308458716,244.59963102035474,318.0164,311.935
2017-12-19,7,0.0,260.19169431858563,228.94232955244277,237.75785789803714,277.11724383761526,247.603113887878,311.9594,347.9548
2017-12-19,8,275.9784,260.82426618628205,230.37192308284654,239.26008825778004,276.83154064104235,269.4902743564722,317.9587,347.964
2017-12-19,9,0.0,282.140703382231,270.2251557654444,261.8777265163833,295.4053232805207,274.0120533536977,324.0,342.0091
2017-12-19,10,269.9788,278.4398575681471,267.47025475389484,267.251342195833,301.7843226952209,280.26349804508396,341.9641,317.9338
2017-12-19,11,0.0,272.96162960121785,262.8733550462874,266.37413547850576,312.1541571105011,282.0926730265474,323.9832,311.9922
2017-12-19,12,318.0,314.0847842838233,304.1051096864491,289.9776362306759,332.14115224197485,293.30928153950316,329.9742,353.9634
2017-12-19,13,0.0,354.9833454633222,353.2117800253711,358.7535059058207,390.291194249473,312.3663718743546,365.9616,420.0105
2017-12-19,14,389.9487,376.44307027528976,376.80597091001704,392.99960865042095,417.10494268704866,335.44374597342505,437.9657,461.9399
2017-12-19,15,0.0,369.14238089081596,357.5656225669036,381.6854617296419,407.90766177939037,331.24241981798014,407.947,431.9777
2017-12-19,16,353.9451,365.5482281855878,358.0643887053074,372.9094151972492,401.0586137757363,330.81476501060024,396.0205,419.923
2017-12-19,17,0.0,361.4631633369856,352.4489319624203,377.7854069822347,411.14534569012693,333.9389825964921,414.0,401.9685
2017-12-19,18,311.9756,362.49083194710283,338.3143160719157,366.2855553368812,387.83711501592234,314.1826177338291,425.956,365.9238
2017-12-19,19,0.0,353.16419117192396,334.63172133043537,365.17854638162675,380.31197839424726,309.1707517888302,413.9786,360.0096
2017-12-19,20,323.9919,352.56802213326887,333.76039452521985,359.2672860596699,384.5709758954187,296.13230310366146,365.9427,359.9436
2017-12-19,21,0.0,333.6225289530965,331.17735044971516,329.90359145071307,367.15788474589374,284.02118354167874,347.9728,324.0
2017-12-19,22,287.9923,333.79460820820657,326.9770744380487,324.14586448717444,368.1007804168961,279.3665739762786,377.9509,281.985
2017-12-19,23,288.0225,330.83191670066685,324.7606523861814,307.74754338274926,361.45695938298167,236.54811848830894,329.9571,0.0
2017-12-20,0,0.0,279.9663313921542,288.6598616169951,279.460603405753,298.5610916109018,297.84455961747886,342.0,300.008
2017-12-20,1,251.9605,308.0123359348231,300.6921677201966,297.35193274541484,327.73231293212507,260.83668225362203,335.9737,0.0
2017-12-20,2,0.0,282.559751382895,282.6713772570972,274.5924481909818,299.8854353815004,285.8908221450634,360.0192,293.9692
2017-12-20,3,251.9866,306.7556383094217,303.53592023755954,295.3116707915354,326.3237641939447,254.5966083291866,371.9808,0.0
2017-12-20,4,0.0,279.1274982034679,285.47325297462163,276.27555610794826,294.4808807705377,272.434755022771,354.0094,275.9931
2017-12-20,5,245.9615,296.3748861608899,292.0529686268632,288.3844853807734,316.76289479141167,241.36286227121448,341.9288,0.0
2017-12-20,6,0.0,271.1906058309328,278.14224074453665,269.91045432454996,285.4554512874161,266.1942561639134,341.9555,275.9636
2017-12-20,7,239.9564,296.9961728991417,291.9881211066266,288.4661992428724,318.15112162092544,240.02031258150475,335.9826,0.0
2017-12-20,8,0.0,280.157628027735,285.41970438016335,277.5589771608859,292.1765771830397,284.1230057040305,359.9718,275.9784
2017-12-20,9,275.9789,307.36806643364935,299.008169742001,294.5056695932078,323.03462109245567,260.1129000052694,347.9728,0.0
2017-12-20,10,0.0,286.6434357883182,287.4826518290954,281.89809134436547,293.59592935168286,295.3847956748723,372.0,269.9788
2017-12-20,11,275.971,314.42576224977535,306.4869360033975,301.45756651068893,337.72078295500484,277.39682252360785,377.9798,0.0
2017-12-20,12,252.0,297.88998624525544,295.31438343761056,300.1688573892136,326.06216125215286,314.86075236809614,383.9802,318.0
2017-12-20,13,269.9788,314.0592915916196,311.02346728509565,305.78522485929375,341.85292353467776,217.95081790422813,0.0,0.0
2017-12-20,14,335.991,370.3372936330014,371.60355799039024,383.46209431584094,435.38222480999076,364.66402323723185,545.9436,389.9487
2017-12-20,15,347.9728,323.37922028345383,325.6044148475014,311.33412221339336,365.90823973088976,228.31907663161428,0.0,0.0
2017-12-20,16,330.0,374.85631946446404,375.08529665386027,373.64664195999075,423.7349508458442,363.41193955863866,515.9467,353.9451
2017-12-20,17,335.991,322.42267125381784,325.92176700103244,311.66065577390196,364.55290285870615,233.0434369105674,0.0,0.0
2017-12-20,18,335.991,326.2559048047083,337.906640099775,329.7745445641408,355.9510778438593,331.2552538698012,420.0,311.9756
2017-12-20,19,311.9917,309.8538178937198,317.29479876852764,304.51079954395124,342.7294188520654,219.44914885101068,0.0,0.0
2017-12-20,20,329.9912,329.08637561434443,328.42905386774675,330.73946673667615,353.1564128569947,321.58830576673734,396.0,323.9919
2017-12-20,21,324.0081,300.6679193261784,310.3976633352362,295.38230222797824,338.0745975196143,209.92920539589102,0.0,0.0
2017-12-20,22,281.9704,305.1414529056921,329.45790765190753,306.17216106160816,349.78594630478796,299.04906908038123,360.0282,287.9923
2017-12-20,23,275.9499,269.47112354559397,284.29161631385426,276.05561674134816,295.83122202915644,222.62233803455217,0.0,288.0225
2017-12-21,0,287.9851,317.8483023895045,309.0684600839247,312.56581501778913,317.4833261701886,322.44638551255144,378.0296,0.0
2017-12-21,1,299.969,285.4840953675497,271.59799165498475,276.1035660666026,276.6100980740203,266.2730046137659,0.0,251.9605
2017-12-21,2,293.9922,314.9511809653577,296.3611204058412,311.22139699195526,305.85441222656334,300.0787616087443,335.9826,0.0
2017-12-21,3,281.9563,277.84301761473785,262.25959849682675,272.64030181454626,271.29238815833645,253.60527291007688,0.0,251.9866
2017-12-21,4,264.0,311.31891781100046,295.0495617166624,308.2732689524735,302.87912801346283,288.6902995454837,330.0171,0.0
2017-12-21,5,263.9793,275.61291624674527,258.7685879783452,267.4235865754121,266.25358041001493,245.8205491431146,0.0,245.9615
2017-12-21,6,293.9927,312.78023617978647,293.3015872238006,309.6704823079303,304.1010923011582,288.3393442865433,348.0186,0.0
2017-12-21,7,305.976,276.7543666288314,257.9235232539181,267.6834133653996,266.4326762015059,245.05268334370618,0.0,239.9564
2017-12-21,8,293.9770000000001,315.21314468030226,298.55981545159887,313.04969263947964,300.5765415314856,304.3652640671329,329.9742,0.0
2017-12-21,9,275.9858,307.2109069249175,291.83348199893635,301.2156330963049,287.21076567937246,334.22218864290085,329.9654,275.9789
2017-12-21,10,281.9779,322.49084978394774,303.3391653154313,318.0009419701941,304.4857438129572,315.8129980735959,341.9909,0.0
2017-12-21,11,0.0,320.2847624418868,306.34674589584336,323.4790663625827,300.49246652758467,346.45433616697943,335.9653,275.971
2017-12-21,12,347.982,343.2915572621334,332.3406922692834,336.7199853901068,324.0218941512109,355.05207605195756,360.009,252.0
2017-12-21,13,0.0,378.6376176654169,369.7984560376316,368.9845945316679,359.07290157596515,380.0411404889791,449.9887,269.9788
2017-12-21,14,443.9193,423.5067027254443,402.24493531685056,409.69368512725885,383.9828595541552,396.29771203326834,474.0118,335.991
2017-12-21,15,0.0,409.0407984606309,394.1954303645671,404.7951326492395,385.8953152862637,391.5182298065915,419.9671,347.9728
2017-12-21,16,402.0208,403.2798962255689,374.90143027709337,395.10035820165433,382.86189389336414,391.7382534014572,413.9779,330.0
2017-12-21,17,0.0,405.2029704924744,381.56124411980767,395.0872006252647,383.06581201357096,392.55538645854404,407.947,335.991
2017-12-21,18,371.9901,367.75260510802,344.53860856039466,357.6163906159635,362.8041964741793,366.8364564023961,360.009,335.991
2017-12-21,19,0.0,344.42774995700654,341.7845771050569,339.5266723423874,351.2518217699888,366.9922686153415,383.9795,311.9917
2017-12-21,20,353.9817,349.7623351534811,340.81394122527365,343.4471381595026,353.72039074116634,361.3425717383258,365.9335,329.9912
2017-12-21,21,324.0168,327.9083444085636,322.1333787397907,327.0501897916561,344.26747186736867,350.8202735514812,341.9373,324.0081
2017-12-21,22,0.0,325.9799184856023,324.4655235014619,317.73661919889946,339.55595632078627,340.35378989915455,342.0,281.9704
2017-12-21,23,323.9914,317.43241729115886,317.04766714088294,313.2652681372293,321.92154950727064,329.03567728236845,323.9832,275.9499
2017-12-22,0,0.0,315.13518259999415,319.28765705076194,320.43132542154115,308.7365579737242,354.0367870059258,329.9571,287.9851
2017-12-22,1,281.9563,316.1465438853113,313.019140267689,319.6750292472689,308.898536192839,348.2281073182437,329.9571,299.969
2017-12-22,2,0.0,315.74218493340373,311.7638384003356,317.5716999481848,305.4455937223095,342.4736847310647,336.0084,293.9922
2017-12-22,3,317.9836,314.1300210107714,303.98810318163873,310.845678394354,291.2196960494752,332.50656781594046,317.9587,281.9563
2017-12-22,4,0.0,310.789556160218,305.6077159071913,310.93234230190785,296.5563355610678,329.0255160366333,329.9918,264.0
2017-12-22,5,288.0,305.8131935454584,304.59630807441073,308.1905001076465,293.30616494361885,326.4434667653187,330.0,263.9793
2017-12-22,6,0.0,313.2168570909961,307.0695750626588,312.4913508531244,297.95664722389614,327.1710667630209,323.9827,293.9927
2017-12-22,7,275.9572,311.4026392715927,309.36976814285055,313.8048315505208,300.1083853010953,333.61495658317637,347.982,305.976
2017-12-22,8,0.0,318.132175179593,315.5679956798733,317.33088472837983,302.18414129811674,366.001725918598,372.0099,293.9770000000001
2017-12-22,9,323.9746,295.0338209664279,289.3915003368646,291.55363757945,275.8711023868493,296.8074878482686,0.0,275.9858
2017-12-22,10,0.0,315.6059361636488,313.4825104233881,320.5815494254716,289.9784921292147,362.9288850897886,317.983,281.9779
2017-12-22,11,299.9765,323.14060700484583,307.003377209259,314.55362265998855,315.16663477882025,281.0916657265616,0.0,0.0
2017-12-22,12,0.0,351.5501874209056,333.7832903596704,353.6225985471014,329.8428951273011,395.1686850886461,395.9795,347.982
2017-12-22,13,359.9724,353.3558101667305,322.0907860435421,350.2116760869711,342.8013308352239,292.35003873476984,0.0,0.0
2017-12-22,14,0.0,442.47355063308714,440.87674266615807,449.3854074984653,409.51689318094395,429.610471523336,474.0,443.9193
2017-12-22,15,390.0208,367.74545500753976,328.5668091045352,354.83217007938174,363.9246433971011,301.32761884302346,0.0,0.0
2017-12-22,16,0.0,427.0215024515192,421.32382505034343,428.22583022358856,405.74646568898527,430.11110025035237,461.9885,402.0208
2017-12-22,17,317.9921,365.08511872213825,325.03062641967404,351.1687011158741,363.00759585651684,305.2490704468642,0.0,0.0
2017-12-22,18,341.9288,386.45869069986145,365.6368620333689,381.43967245089203,381.03393186039034,396.838297896142,437.9657,371.9901
2017-12-22,19,354.0183,326.2783526900563,307.4393009580238,327.04579673422535,341.1841118498761,276.07569416170463,0.0,0.0
2017-12-22,20,0.0,358.4633724907245,349.0758085409128,355.84500826893384,361.2614266204584,387.07916588431704,426.022,353.9817
2017-12-22,21,0.0,304.8406528615235,302.96475234955915,308.5706128661114,322.01634410948697,297.72918465303314,0.0,324.0168
2017-12-22,22,0.0,347.599195606891,347.9702049967467,342.7781725779998,370.9069173263071,333.55957798904353,377.9704,0.0
2017-12-22,23,0.0,293.68182616207514,290.48523180034033,299.2729199869966,306.23556684448033,284.813883437939,0.0,323.9914
2017-12-23,0,0.0,292.5132405294459,277.89502633388446,278.8771279428345,318.23972064791457,196.44099319974885,372.0192,0.0
2017-12-23,1,0.0,243.12691932642122,218.47265695042879,228.58461552312122,246.2741389828118,144.464325605238,0.0,281.9563
2017-12-23,2,0.0,282.142157842964,263.1593684064068,267.9974150159861,300.21057092729507,174.52670129887773,329.9654,0.0
2017-12-23,3,0.0,250.28507973316115,237.9289562475426,231.03972626480973,253.7475278598853,198.70669725121783,329.9829,317.9836
2017-12-23,4,0.0,281.6872057968596,260.7750527732565,266.54624656979297,301.89972949867763,166.9027192114024,341.9379,0.0
2017-12-23,5,0.0,255.82428545033207,235.49325106319267,240.29676992475564,273.0653178134672,192.35324117662978,347.9728,288.0
2017-12-23,6,0.0,284.1231109102929,264.01075428967164,274.1343508978576,312.2019477492717,170.1249718246925,377.9805,0.0
2017-12-23,7,0.0,263.7658044590783,245.00472580913925,254.91579656829126,276.73339333937713,195.60854602812086,371.9609,275.9572
2017-12-23,8,0.0,287.5390240147003,264.01075428967164,274.2545927479049,313.5901745787855,174.4556253454931,383.9802,0.0
2017-12-23,9,0.0,251.7085526192706,234.431448942739,231.29942716043985,264.0438557285892,200.63570118609118,341.9915,323.9746
2017-12-23,10,0.0,288.3555770289146,267.41833172295577,272.8387933530192,316.94904092937725,177.5274424186385,353.954,0.0
2017-12-23,11,0.0,258.89515001283786,238.85385035062336,246.4926485974408,284.285264821538,209.06027868287245,341.9732,299.9765
2017-12-23,12,0.0,301.686577423913,286.71052021854985,283.0529146026264,337.6382121740381,197.28640498292822,395.9901,0.0
2017-12-23,13,0.0,294.8015220286956,283.9703048859049,280.3952530219451,312.2016643817482,232.29621206107035,372.0198,359.9724
2017-12-23,14,0.0,321.90343367999094,311.7330405825419,299.41794973567835,348.190565647293,201.5028915867906,359.9622,0.0
2017-12-23,15,0.0,285.3675240385373,265.1897690056666,261.70615401278326,309.9459780248694,240.0129833856647,347.964,390.0208
2017-12-23,16,0.0,309.5265324551788,299.6061648402398,291.1442428896595,332.4198080068023,201.77238933723288,323.9746,0.0
2017-12-23,17,0.0,288.59393141116374,284.7746968638905,262.1102300768341,297.7051548219574,234.0461477609987,329.9829,317.9921
2017-12-23,18,0.0,262.7540857291707,231.12647890659895,228.6124687337398,284.5389584993791,233.5869028570819,317.9756,341.9288
2017-12-23,19,0.0,256.0150991913824,221.65917635783114,227.79047975863887,272.4778208289372,230.27044330294186,305.9521,354.0183
2017-12-23,20,0.0,308.34796537157223,301.0354463796581,289.98261153627953,330.15097866552213,196.74532708655173,323.9919,0.0
2017-12-23,21,0.0,312.4508503964072,305.9876815724552,288.2557540798901,338.78132087741443,193.80945483580552,335.9647,0.0
2017-12-23,22,0.0,285.5236512171852,270.54703298993013,258.86320385237065,303.74141980997297,181.7332238615841,306.0321,0.0
2017-12-23,23,251.9605,297.1607287134642,281.8786383824437,265.3110509444584,313.1234209727036,175.78408010889672,311.9839,0.0
2017-12-24,0,0.0,294.3483546916239,285.9497860033746,290.3939239519263,305.56581132974685,209.01181358453894,311.9922,0.0
2017-12-24,1,245.9549,287.87467837744566,275.5890201500376,278.3040542385254,297.6089528835303,199.01737770815006,299.9535,0.0
2017-12-24,2,0.0,290.9776799925122,273.7305323340925,293.04102123410166,301.09860249086313,196.54842826033268,323.9493,0.0
2017-12-24,3,263.9657,294.38420074241736,277.03507022151365,294.84940580818625,309.9399674051063,191.71572304186216,330.0176,0.0
2017-12-24,4,0.0,287.7691153678958,263.2178245909654,284.91918949625784,301.1300419899194,184.84095622741754,317.9507,0.0
2017-12-24,5,263.9793,290.93594781262425,266.57813528272794,294.57829367858085,307.66451616406727,186.56020766084848,341.9647,0.0
2017-12-24,6,0.0,295.67431259126244,273.3491591307161,302.3093013603997,315.92406032238915,190.12763900997876,366.0195,0.0
2017-12-24,7,287.9775,270.7734656887016,252.27573076750164,271.7117674257016,291.40556079963886,120.93495489771473,0.0,0.0
2017-12-24,8,0.0,293.6773778593871,267.4103334283726,294.8698696237729,307.51471274952536,187.80725705717037,336.0179,0.0
2017-12-24,9,293.9618,274.6988066427291,259.56631897046015,271.92751868057184,291.91423706852675,127.65116423492336,0.0,0.0
2017-12-24,10,0.0,298.57040528545986,277.2783802762574,298.01368431898817,308.5028726298466,196.11752290985217,330.0,0.0
2017-12-24,11,269.986,282.4869344251038,263.83217354916115,274.1785763227874,296.6066255085063,139.11917957260528,0.0,0.0
2017-12-24,12,0.0,304.08595815330824,292.70678030148923,307.84432636638934,324.7986106718217,213.31131215321165,354.0183,0.0
2017-12-24,13,275.9789,280.9946601299539,266.18415700606937,281.1130792966618,297.6827062503941,151.89635519777497,0.0,0.0
2017-12-24,14,0.0,318.8360040218848,300.79615577124736,316.791631356305,326.7833763135806,227.58129488301637,365.9329,0.0
2017-12-24,15,281.9784,281.0471502135608,262.80425323475043,279.18619267463816,295.8440824083142,162.1892569556515,0.0,0.0
2017-12-24,16,0.0,300.96257637934707,290.5795744088542,294.8953197224572,309.13536781498215,225.06014252950888,311.9839,0.0
2017-12-24,17,0.0,277.9853732713355,265.83077916361077,277.7861660973935,295.16701894747035,166.87010986797296,0.0,0.0
2017-12-24,18,0.0,299.87867361460764,292.7768374238222,294.6360942920896,308.4974656412382,227.35529132921036,317.9751,0.0
2017-12-24,19,0.0,276.84392288924937,267.6468334220807,276.94328993123287,293.16169553114474,164.31488291252785,0.0,0.0
2017-12-24,20,0.0,299.8925131837175,293.3214159766636,292.4666217496193,306.79991851497,220.02041575308448,311.935,0.0
2017-12-24,21,0.0,308.4560972862109,296.42307929247727,302.84893626471495,313.747466776826,217.9680850030178,329.9912,0.0
2017-12-24,22,0.0,307.5791903338096,295.36248706745226,300.928332625844,318.22066585705994,213.53842239311163,341.9379,0.0
2017-12-24,23,0.0,293.7807544272522,288.5135181557928,292.0411115199596,306.554879603937,229.64529018960982,341.9555,251.9605
2017-12-25,0,0.0,313.6490319848142,283.1444704256755,281.2752948044257,298.96961623685337,213.51733740847078,317.9921,0.0
2017-12-25,1,0.0,299.6762121073994,265.3558265471243,270.9745429993855,284.415013985725,228.2630849680518,311.9594,245.9549
2017-12-25,2,0.0,312.81018320334397,283.41695465216117,286.610923050446,305.31929265619283,200.94781628790892,323.9665,0.0
2017-12-25,3,0.0,289.9036062829102,260.4097653696856,253.77260403080578,260.75921636610036,216.6784219658511,305.9444,263.9657
2017-12-25,4,0.0,306.9380517963367,274.9538327958407,279.6349703539518,291.36190784699573,190.00989664960517,318.017,0.0
2017-12-25,5,0.0,292.6268602101508,251.6171482093108,265.71852122001906,273.06563129860615,210.92994177886743,311.9756,263.9793
2017-12-25,6,0.0,305.7484638920517,270.6120825315016,278.84782514779744,291.26701819589766,185.21538800494875,311.935,0.0
2017-12-25,7,0.0,307.8839707473962,272.8639127882829,274.2674921714542,302.2181531012489,219.8573992497695,347.9548,287.9775
2017-12-25,8,0.0,332.0378034630939,297.4184799716728,300.924223524568,321.0420331091503,217.56168218996896,347.964,0.0
2017-12-25,9,0.0,314.99705830163083,278.9839598136934,280.85587538294914,293.8215511357,247.77235239139895,342.0091,293.9618
2017-12-25,10,0.0,321.13999959196474,295.7302070350916,288.9433651815818,297.08271428569867,220.5180668974227,317.9338,0.0
2017-12-25,11,0.0,322.06984128323967,282.60958574573135,295.77759128636575,300.3376117045716,250.3196388761351,311.9922,269.986
2017-12-25,12,0.0,364.6929881726816,355.5994385361807,345.3890978673557,368.247007251865,238.97130553072992,353.9634,0.0
2017-12-25,13,0.0,388.9669553182994,386.7065763034336,381.57435916376056,385.45436082635484,283.24817024693186,420.0105,275.9789
2017-12-25,14,0.0,418.0408050280657,415.16657009105006,414.3643163467686,428.5716372554489,270.5802087597907,461.9399,0.0
2017-12-25,15,0.0,403.51315873149275,398.2302671293501,400.2931958317278,409.05666324222807,295.46182156181527,431.9777,281.9784
2017-12-25,16,0.0,409.1717745297647,406.0448022699615,402.63620421185556,427.46151105485717,269.58159186416594,419.923,0.0
2017-12-25,17,0.0,409.48206053188886,403.5733235266864,402.36367032773114,427.7209848733908,267.4339794771248,401.9685,0.0
2017-12-25,18,0.0,382.56127951718753,384.3232228677968,376.2603022102982,409.22110736049143,237.80912211096478,365.9238,0.0
2017-12-25,19,305.9521,374.8746277770193,384.85062765793174,373.4820703263862,400.66082505670795,234.5389243626699,360.0096,0.0
2017-12-25,20,0.0,371.9841392226671,374.34680479055413,366.5270683909643,397.3334185211633,230.7639434113976,359.9436,0.0
2017-12-25,21,299.9840000000001,350.9462484978922,342.3715091547833,345.3729584168567,377.28181815014887,218.71111219102232,324.0,0.0
2017-12-25,22,0.0,315.45366674576087,298.40280488988924,289.6061979372377,337.4057033279264,204.38831476862447,281.985,0.0
2017-12-25,23,335.9826,303.9863681809881,284.96778273002064,272.7107241506465,318.8839647042895,143.43039173867516,0.0,0.0
2017-12-26,0,0.0,325.4829871927616,314.73074396594404,321.5501104075567,329.73985037765334,276.002706472672,300.008,0.0
2017-12-26,1,323.9665,319.00900608696907,300.5781713039054,312.5687315476772,328.415349580783,211.6541785886594,0.0,0.0
2017-12-26,2,0.0,326.78724290297566,311.0795328184135,314.1609614145012,328.05633058818916,261.5193123871903,293.9692,0.0
2017-12-26,3,305.9842,318.6046471350615,301.2872124993791,307.5516881917413,325.49426474117485,199.87663805429406,0.0,0.0
2017-12-26,4,0.0,321.7732449707666,309.94696998867227,310.3471809794285,322.9095885393816,248.56197355790096,275.9931,0.0
2017-12-26,5,317.9756,317.5206557788281,301.46623570468336,306.64739445253133,319.9466634935162,193.17201945131362,0.0,0.0
2017-12-26,6,0.0,319.80731204770905,309.1952789136456,309.30261932598273,319.4997890579221,245.0283334567742,275.9636,0.0
2017-12-26,7,335.9826,318.6621061609142,301.00210075693025,306.9389703977234,320.12575928500723,192.9670196554794,0.0,0.0
2017-12-26,8,0.0,326.7292201859644,313.14379809523206,312.26322322972317,319.2365250498503,274.24211222758413,275.9784,0.0
2017-12-26,9,329.9395,325.3613399550632,305.81224198917056,309.6674329320371,321.8212012516435,225.1198004553363,0.0,0.0
2017-12-26,10,0.0,323.4788074407385,309.80487056045456,314.62734611538656,322.18285149259424,281.5143657789246,269.9788,0.0
2017-12-26,11,0.0,326.1912697721994,314.12914215717313,320.3918684627649,328.00107606808353,235.3122278182277,0.0,0.0
2017-12-26,12,0.0,375.4779556089673,354.0640070119866,356.370624319243,351.4044542581407,301.8773451451871,318.0,0.0
2017-12-26,13,0.0,365.8382805004323,329.2087340937351,356.5086565707301,357.44712112300306,246.6164813221567,0.0,0.0
2017-12-26,14,0.0,419.50005444984305,405.386091155449,409.6928858183832,416.6788986101279,326.20954005167806,389.9487,0.0
2017-12-26,15,0.0,380.50029105401546,337.86086321604665,361.23392782951055,377.1117438046915,255.63379510524265,0.0,0.0
2017-12-26,16,0.0,414.7323011980716,400.10159639642563,404.6581792861323,414.01388264158226,326.07995575108833,353.9451,0.0
2017-12-26,17,0.0,377.83995476861395,331.6196459142976,357.5704588660029,376.43468034384773,259.57818695694374,0.0,0.0
2017-12-26,18,0.0,370.0777845916156,346.2306880652133,362.08407556111024,374.8228697604345,292.64563239804386,311.9756,0.0
2017-12-26,19,0.0,339.82230453432527,329.54320913646325,335.79795612949334,351.17890431689597,259.52722441119226,0.0,305.9521
2017-12-26,20,0.0,363.7970374657715,348.0593879890432,356.69099605727723,374.8648031781109,289.14629347278367,323.9919,0.0
2017-12-26,21,0.0,328.65218716665373,324.6656396067895,318.54208937212195,344.9870594593265,250.2278514389222,0.0,299.9840000000001
2017-12-26,22,0.0,332.26641010929984,314.45009779762563,320.6780274582145,349.1986922626366,271.0790707291335,287.9923,0.0
2017-12-26,23,0.0,312.3195468607054,292.10455688153115,311.58687243304803,341.7122862673673,295.75012454619684,288.0225,335.9826
2017-12-27,0,0.0,291.4640448516075,277.8813653504423,282.3862940225619,279.0374806128408,149.50124680136312,0.0,0.0
2017-12-27,1,0.0,273.10321000434527,236.03314408255937,254.8999978129356,259.3555551497385,221.5312620683161,251.9605,323.9665
2017-12-27,2,0.0,291.68808467712296,280.1034110877791,283.7342929653343,274.78435936349854,136.97923142235976,0.0,0.0
2017-12-27,3,0.0,279.5816219634514,262.0803528665023,260.52718379900034,242.4298182791057,208.79595161464133,251.9866,305.9842
2017-12-27,4,0.0,293.799792310271,283.10573174668895,280.26020962808343,273.04992880153617,128.05096323652884,0.0,0.0
2017-12-27,5,0.0,274.29391922222163,241.71577064454033,250.11764550843583,251.3021882096746,202.479934049006,245.9615,317.9756
2017-12-27,6,0.0,293.67184621119964,281.68160654698625,279.663019942078,274.3172704413868,124.73896422960627,0.0,0.0
2017-12-27,7,0.0,279.47359782116587,247.20010184736873,247.89693902718375,251.57200185238457,202.81393641560356,239.9564,335.9826
2017-12-27,8,0.0,303.48344805791953,283.44870011215346,284.75603238508626,274.05400643331495,161.8304353403274,0.0,0.0
2017-12-27,9,0.0,284.5007400878495,240.01173755845036,256.32179672097215,254.23848983075936,248.97089312650635,275.9789,329.9395
2017-12-27,10,0.0,305.7570882702221,286.0294400593156,291.82782317762025,276.4840880894286,169.66033833676855,0.0,0.0
2017-12-27,11,0.0,313.51865374951535,304.82007888010423,305.26632637679626,293.6993993591291,227.51339950648162,275.971,0.0
2017-12-27,12,0.0,314.24032329847364,302.267185276741,313.0695433534417,301.60170754251,228.23978343366895,252.0,0.0
2017-12-27,13,0.0,331.7575473972218,311.3465660724146,331.3172565551027,322.44209136332734,236.83675259660777,269.9788,0.0
2017-12-27,14,0.0,385.5057550276475,365.7935900280421,384.4512067388116,384.188060146395,254.06964127139167,335.991,0.0
2017-12-27,15,431.9777,389.9277180177281,378.03490627947417,388.72255233943656,390.81070554847423,260.05212545448546,347.9728,0.0
2017-12-27,16,0.0,382.845418742246,364.7468404994845,381.0602716594284,379.68041379846835,259.09156225688196,330.0,0.0
2017-12-27,17,450.0,382.845418742246,365.5255638905203,380.787737775304,383.5109966855512,261.2870394713216,335.991,0.0
2017-12-27,18,0.0,360.2746051393491,348.0338306545874,353.6969531196654,369.94258018573515,226.51990121762262,335.991,0.0
2017-12-27,19,377.9509,339.5130593187569,313.2124056509851,336.1157185706162,342.64797574234655,219.87102383731826,311.9917,0.0
2017-12-27,20,0.0,348.08439489602097,344.03281108789866,348.27442063850214,357.2321096858461,219.78995314861322,329.9912,0.0
2017-12-27,21,0.0,340.7765991830048,333.59329410307276,340.7194353506287,352.7358215034205,213.84714586774038,324.0081,0.0
2017-12-27,22,383.9898,310.1449706749406,304.01873578450096,302.9584717101868,320.89522047709,200.01310651551802,281.9704,0.0
2017-12-27,23,0.0,299.3063414091616,297.72711555850617,296.6910557741818,303.98718752063576,192.42336182900445,275.9499,0.0
2017-12-28,0,341.9909,302.5511010753042,289.96189274135236,292.8061002926328,284.8028547824007,193.91588363807506,287.9851,0.0
2017-12-28,1,0.0,307.9481853186918,296.7703863930117,294.8065375887091,283.9594860867221,189.93271165179524,299.969,0.0
2017-12-28,2,347.9275,307.0453389903876,295.2025845393705,292.3846437573928,277.80997277544895,183.0488955979477,293.9922,0.0
2017-12-28,3,0.0,302.3542709617318,292.66308004704644,286.75004489220345,277.79529785475626,175.88546866865056,281.9563,0.0
2017-12-28,4,378.0195,298.5590306370569,285.25577543422315,285.96204819105054,274.98611814751905,168.75319949659706,264.0,0.0
2017-12-28,5,0.0,298.4310845379855,286.8056835035684,285.3648585050451,277.0287922397912,166.4208339313143,263.9793,0.0
2017-12-28,6,347.9913,306.19200599031984,301.0688392960541,288.31337073413647,278.34042926613654,171.31455090525682,293.9927,0.0
2017-12-28,7,0.0,308.23630270071016,302.54259421943794,289.245007231188,278.4232189795569,174.2500983089219,305.976,0.0
2017-12-28,8,378.0,319.9295362520112,304.4476804877164,290.8177543837963,278.0771652580647,213.34795373612042,293.9770000000001,0.0
2017-12-28,9,0.0,317.00745613891496,299.74903520769897,289.23655834234404,279.013243744157,213.16342477119218,275.9858,0.0
2017-12-28,10,389.9292,317.5121084356579,301.04310462342005,296.2489145591127,280.75858307122985,218.5120535326306,281.9779,0.0
2017-12-28,11,0.0,319.3235871880605,299.6736392342128,305.23383433665356,301.35346627469823,169.38157313680549,0.0,0.0
2017-12-28,12,413.9352,364.7497857754753,366.52296825983336,356.9830729412654,349.82765051460126,241.0033475580573,347.982,0.0
2017-12-28,13,0.0,346.1387470391049,318.89848495985547,338.97393196438196,331.3198802278714,179.32760575879553,0.0,0.0
2017-12-28,14,534.0,407.4659490343965,386.4579490800208,401.7128752680387,402.7091193598857,268.61278978619396,443.9193,0.0
2017-12-28,15,0.0,432.8995162201768,441.03094400610297,418.5824781389996,353.818682345166,227.65850965888143,0.0,431.9777
2017-12-28,16,516.0137,385.88720723242926,380.1703301242215,398.3219401886555,401.82813777883507,266.39506244667643,402.0208,0.0
2017-12-28,17,0.0,418.99060400259424,435.4140882187078,414.36294844398753,355.13165535907183,232.61304519963835,0.0,450.0
2017-12-28,18,504.0126,354.6537018898271,350.0144408285122,369.5978545114656,388.5685998505086,221.71618973978855,371.9901,0.0
2017-12-28,19,461.9638,327.45212074354606,326.4552782927391,345.63667721423326,335.44343341084004,183.95453547077975,0.0,377.9509
2017-12-28,20,461.9877,345.19858127743737,346.89581551200735,362.6657041998898,379.4847941174956,212.8244479005568,353.9817,0.0
2017-12-28,21,462.0,343.4103875652142,334.4885667177659,351.38410237156603,358.4373568649311,202.45452416966083,324.0168,0.0
2017-12-28,22,407.9687,355.5779498093425,367.31581492837705,358.94702091796466,333.9891038515675,170.87729375609695,0.0,383.9898
2017-12-28,23,389.9903,335.98444233737973,330.5158563766853,342.92655864999807,344.58720151229875,190.6732646445006,323.9914,0.0
2017-12-29,0,395.9901,379.2354834925362,381.39097050060553,379.53161777812,336.1100715117831,333.2417758368223,0.0,341.9909
2017-12-29,1,401.9893,347.7146782811056,325.96892099796054,350.1847268821953,335.98861619075967,349.12782684253546,281.9563,0.0
2017-12-29,2,432.0115,377.0959554721801,376.4442984262007,375.96196632832556,334.68157680267586,322.31689493634696,0.0,347.9275
2017-12-29,3,420.0224,368.032679339577,351.1878428648307,362.2482027129816,345.12343122985806,345.8983604036499,317.9836,0.0
2017-12-29,4,401.937,404.84353363569466,399.9905220485668,401.8713885571404,344.84381113231433,316.9710271766082,0.0,378.0195
2017-12-29,5,401.9893,348.3060636902121,335.434422280706,342.65428465945473,329.3479830851285,334.41364367550403,288.0,0.0
2017-12-29,6,431.9669,375.2536777358316,378.6771702958324,369.53111671463984,327.8818033568202,311.1232968733696,0.0,347.9913
2017-12-29,7,437.9314,346.1883636304556,330.9305747255548,340.97541886931737,327.8547341253795,331.9047715137952,275.9572,0.0
2017-12-29,8,426.0,412.61209343050814,403.22759079265893,411.56491749882065,343.16714244252114,361.20124204327067,0.0,378.0
2017-12-29,9,395.93800000000016,377.740043693874,362.23984892412426,378.78964348103375,347.3698899222105,390.83673499822726,323.9746,0.0
2017-12-29,10,402.0,424.79477649979003,410.76604716247346,429.79947994727615,349.88222700558543,369.3874475343691,0.0,389.9292
2017-12-29,11,413.9779,363.6012980369952,342.29824997365864,358.3452880965009,337.9698936298383,394.7823588558321,299.9765,0.0
2017-12-29,12,401.99,435.78278128624316,430.4882869146434,441.69384079609307,339.50518033731106,380.9669449234892,0.0,413.9352
2017-12-29,13,0.0,432.24287964214034,395.09082732112773,431.363611169892,388.1907097099811,415.6522991220079,359.9724,0.0
2017-12-29,14,503.9731,498.6047571569609,520.6781953417615,512.8574096685154,401.9184557943574,400.94187774627153,0.0,534.0
2017-12-29,15,0.0,434.7060380366617,403.8590217830377,447.2966344000248,410.1946293780999,428.7622850883714,390.0208,0.0
2017-12-29,16,504.026,497.5260906207124,521.0372790678878,505.4171140599062,399.79369626371283,404.66220210379555,0.0,516.0137
2017-12-29,17,0.0,421.492245082668,374.8424311255341,427.95293819401735,387.70399895557136,417.9711043782459,317.9921,0.0
2017-12-29,18,438.0,455.71800212126055,461.23132850574746,469.3030249138625,386.6300519813168,424.501504288227,341.9288,504.0126
2017-12-29,19,0.0,445.02069122913383,458.83079942295745,451.6324375846651,375.56067827784324,420.8862995818837,354.0183,461.9638
2017-12-29,20,365.9616,433.0991251294255,443.64373562982905,436.2638515660792,355.5217198255588,349.84577719493814,0.0,461.9877
2017-12-29,21,0.0,429.3403428518773,443.79836674207365,424.85035165604046,352.18273089973485,345.37950168032137,0.0,462.0
2017-12-29,22,354.0,410.87605823959535,418.01544813491137,418.70901325138084,337.5156654541549,334.954212062644,0.0,407.9687
2017-12-29,23,0.0,398.3332707311136,408.58203508621364,403.3361417099175,330.0156097555597,327.33308082583665,0.0,389.9903
2017-12-30,0,330.0088,322.3513812163839,303.54589459861205,322.8830161751443,258.64303880560396,239.1602592586501,0.0,395.9901
2017-12-30,1,0.0,322.4866438612499,305.5976753835804,323.06064136122006,259.48040586186556,233.69162369729585,0.0,401.9893
2017-12-30,2,365.9811,323.4855102756595,308.4067656342428,321.97116678062815,247.6646504521503,230.99337544359642,0.0,432.0115
2017-12-30,3,0.0,322.4866438612499,310.12673095307764,321.4562731231403,247.51218268530712,225.20465759834985,0.0,420.0224
2017-12-30,4,329.9571,322.3455691039362,307.93447355300884,322.6255796952839,250.33792151131772,219.9627141764906,0.0,401.937
2017-12-30,5,0.0,321.83823883087507,307.1507284692415,321.5073444323872,252.38059560359005,217.7337108256428,0.0,401.9893
2017-12-30,6,317.983,322.8371052452847,309.2172648233577,321.5073444323872,246.23298438620398,219.72772570430215,0.0,431.9669
2017-12-30,7,0.0,323.5887742561955,309.2172648233577,321.5073444323872,246.412080177695,220.8976118286402,0.0,437.9314
2017-12-30,8,335.9737,323.5887742561955,309.2172648233577,321.5073444323872,246.412080177695,221.72808950523608,0.0,426.0
2017-12-30,9,0.0,323.5093401699014,307.1507284692415,321.1134745485747,255.6507248008454,222.01732465677281,0.0,395.93800000000016
2017-12-30,10,371.9808,324.3715572997465,306.8718976682285,322.85934635594225,257.1549972140908,226.591910834776,0.0,402.0
2017-12-30,11,0.0,327.2274524446513,307.4438995897628,323.219309533355,271.34259755298643,232.3003478140382,0.0,413.9779
2017-12-30,12,359.9628,325.80108577922505,308.35583811572724,323.41463999311276,273.5611075858474,235.98224782770382,0.0,401.99
2017-12-30,13,0.0,314.1496553730803,285.0519330499893,297.93113839521743,304.7943105692141,202.95402607107815,0.0,0.0
2017-12-30,14,341.9647,330.1614149867357,306.9407984709949,323.44708611207045,283.64689002271626,254.3242500797772,0.0,503.9731
2017-12-30,15,0.0,304.55640261429215,273.702469989029,298.77216901177025,302.46629190893333,210.37103184712296,0.0,0.0
2017-12-30,16,371.9709,319.667161484857,301.41511333750753,322.4137058803483,281.5221304920717,259.78072012991566,0.0,504.026
2017-12-30,17,0.0,297.1016978233995,269.1186513451588,298.17917011793173,300.87097095700926,213.3914854401725,0.0,0.0
2017-12-30,18,335.9647,317.3123016019202,299.1143477109888,323.0190854419213,268.0219063998823,253.8815195602289,0.0,438.0
2017-12-30,19,0.0,295.96024744131336,271.12290449649356,297.9941905622571,298.86564754068365,210.8362584847274,0.0,0.0
2017-12-30,20,323.9914,309.47011745556915,285.2733893074475,314.2249019080105,271.9990944756478,241.80938857261805,0.0,365.9616
2017-12-30,21,318.0085,300.90005367582324,271.68561418849305,295.62147212407024,300.2355863058685,203.02022171551135,0.0,0.0
2017-12-30,22,335.991,301.96731537773354,268.8591486436726,289.2971677774631,266.9482800277835,230.81461193205226,0.0,354.0
2017-12-30,23,354.0183,310.07196341018175,279.91903132148997,293.7317938825766,301.0830525178597,239.86969190043547,251.9605,0.0
2017-12-31,0,365.9524,327.19150265176273,325.71336794580424,327.35598107117454,336.24168277412605,291.6673384127461,0.0,330.0088
2017-12-31,1,330.0088,322.2678555026648,307.57311902379513,319.22785483233474,338.0039635837071,301.6179056552123,245.9549,0.0
2017-12-31,2,335.93,357.7175899070154,354.50135045554947,356.8730542267865,343.9753969905192,283.2268930994345,0.0,365.9811
2017-12-31,3,335.9474,322.4069848851268,308.7185159902294,319.99822898242513,335.69844716209667,294.645123578579,263.9657,0.0
2017-12-31,4,347.9728,328.75049071535506,326.68087806316623,327.34771303655697,330.9501417728945,271.44168542519316,0.0,329.9571
2017-12-31,5,359.9622,322.28098493569667,309.399964978315,319.4373224191277,332.47584986611986,288.72782143671003,263.9793,0.0
2017-12-31,6,383.9405,327.57284475539205,329.1931325043947,326.75401513786056,328.31760229313767,267.19753878655973,0.0,317.983
2017-12-31,7,0.0,328.663051797589,319.871583926158,325.30151828952785,335.55101235782587,293.11384613773134,287.9775,0.0
2017-12-31,8,360.009,331.2849719154685,330.61710616329816,323.70703021309174,328.5874159358477,271.51554769888526,0.0,335.9737
2017-12-31,9,0.0,332.2563898844156,319.75164194255825,324.90764840571535,336.23178802526485,299.4537184208135,293.9618,0.0
2017-12-31,10,360.0096,360.1724223251627,349.48251564419013,358.00587858899155,342.493652734523,282.20080612427734,0.0,371.9808
2017-12-31,11,0.0,326.78098843183045,314.17052554470166,321.9434343676852,339.4750331742468,303.700240859832,269.986,0.0
2017-12-31,12,383.9699,362.3957575552142,356.9629897413662,364.46336474286505,349.8305007549621,290.7345766089862,0.0,359.9628
2017-12-31,13,0.0,329.4462131524613,319.46539306515257,327.84621021161064,341.1811577423756,314.58154892532934,275.9789,0.0
2017-12-31,14,365.9335,346.1274117200961,336.05795800035963,337.42951200160024,340.05012573695365,298.0995408241205,0.0,341.9647
2017-12-31,15,0.0,330.9187356322225,305.9965799414964,326.34553876964634,343.70518469925037,323.38744356266716,281.9784,0.0
2017-12-31,16,366.0189,363.34161136079797,350.11429457006284,357.2536384261515,349.45586681431257,306.5604653556304,0.0,371.9709
2017-12-31,17,0.0,324.2144608616575,299.56930635920816,321.49445673316194,340.9753971791268,272.60266897905177,0.0,0.0
2017-12-31,18,0.0,332.0937687181014,323.57664672651833,326.27480764202625,337.67986682775756,303.54712795979344,0.0,335.9647
2017-12-31,19,0.0,323.6281978146979,300.0093982077931,320.125262950141,338.9700737628012,270.04744202360666,0.0,0.0
2017-12-31,20,0.0,327.35137739547395,316.36601551232746,324.3258217943806,336.5399862244537,297.032911195109,0.0,323.9914
2017-12-31,21,0.0,327.3151344364708,316.856291081837,321.0889249927733,336.61610314309956,291.899541008678,0.0,318.0085
2017-12-31,22,0.0,330.86979736662147,318.1982862948475,317.34561616512735,338.8003154514887,288.08715780871336,0.0,335.991
2017-12-31,23,0.0,338.4277123130812,333.41017336455735,332.1255322605448,341.9657512063774,283.68129900892023,0.0,354.0183
