date,hour,actual_kw,ai,no_response,no_interaction,no_weather,linear,weekly,daily
2017-03-14,0,324.57,322.1663146494824,322.23703241426637,326.40964487621443,322.67053349395155,333.57737685360087,323.09,312.24
2017-03-14,1,320.6,322.4975165905074,322.8940086975049,323.300580426621,322.1695196676841,331.7116891742129,320.05,315.04
2017-03-14,2,322.43,321.3206984140054,321.970069171362,322.4389147426616,321.5167506600806,332.4040358626246,323.26,311.66
2017-03-14,3,318.31,321.7539629608546,322.2288379774163,322.77482976004865,321.79426676949953,331.43675385437234,318.2,313.84
2017-03-14,4,331.7,333.4138699569911,334.75109359183665,334.757701055783,333.181912962765,338.76117438810087,326.96,333.91
2017-03-14,5,341.69,339.83159359563615,339.3531151656156,340.0387415651516,339.9682318948081,345.22286682092243,336.57,337.56
2017-03-14,6,346.73,345.04341677125,344.1697096034144,344.9330220770955,344.63368023038237,349.2359393740566,339.46,337.48
2017-03-14,7,354.44,351.7346131788784,351.0841172079736,350.9723913608383,350.53522434039917,357.28855837793805,347.95,349.94
2017-03-14,8,376.16,371.1641763089635,372.763211171733,374.0593269659824,372.0337720666255,381.16514241565216,358.76,367.32
2017-03-14,9,402.33,382.86409573944405,382.3178972445246,383.2668355427078,385.20233079617645,389.204962466109,366.66,380.52
2017-03-14,10,418.01,396.1194969044492,398.50343396877855,401.4294077675622,401.37425695457193,392.44474493274964,359.52,404.73
2017-03-14,11,436.08,411.91158796670567,412.68556177356,413.099868996008,412.02151913948046,403.8183479283102,380.19,410.79
2017-03-14,12,434.78,416.0793096562874,417.2753478515516,420.56473845984857,420.33319319134324,406.74429934005553,379.51,420.86
2017-03-14,13,437.54,418.41461899019845,419.4110228947761,422.42963548586624,422.051556893497,408.9647958433095,382.05,421.08
2017-03-14,14,447.51,421.95469100102866,424.08210382765395,427.08028304228077,424.38654569183524,412.3407185180136,383.98,440.5
2017-03-14,15,444.48,421.651051151885,423.93442044636595,424.7151950246015,423.70748569820825,411.7998420270409,386.72,431.49
2017-03-14,16,444.37,419.7453763044623,419.37784733582566,420.9160112696943,422.29519959927,408.9229688458788,382.31,433.28
2017-03-14,17,431.33,403.6742393200936,405.0011849259685,407.5139609855449,405.5917727806792,400.4746236248655,372.03,413.31
2017-03-14,18,403.33,373.0853043961711,374.44079753180984,378.0811972529553,374.2727593640237,377.9789412441596,363.2,394.61
2017-03-14,19,396.5,369.71635739107734,369.3523423589914,371.82152498799775,368.834287452409,371.66196319763765,358.06,384.25
2017-03-14,20,377.0,365.7277869527133,365.371998546903,368.0510312596001,365.92934295608256,364.91492435333987,353.62,369.46
2017-03-14,21,361.25,351.6445858272792,351.5793959890421,356.3920931182442,354.16868360810435,356.35595780423995,344.01,355.83
2017-03-14,22,340.5,334.93034882652654,335.2390844712101,337.51246314027173,334.59510658593405,345.1225874524164,328.46,336.63
2017-03-14,23,330.57,326.2285742664442,326.1648793826919,329.0464555045914,327.8576348085604,339.00208551555875,322.37,325.65
2017-03-15,0,326.77,324.58346454123114,323.96380453470505,324.7064622488409,322.30703020574845,336.80396191183695,321.47,324.57
2017-03-15,1,325.01,324.91448526430156,324.09855618436825,325.0859454925588,323.977508872381,333.5535614595939,316.9,320.6
2017-03-15,2,326.18,324.54381939099153,323.9041764877613,324.66030531232144,323.11032854010284,333.953458208065,317.76,322.43
2017-03-15,3,323.11,322.8285475044552,322.49156873275007,323.4922137694275,321.8697277869684,334.61486989220714,318.82,318.31
2017-03-15,4,339.61,333.45485612978916,333.71510388237033,333.79250360600696,331.91717623425274,340.455453844697,325.77,331.7
2017-03-15,5,344.21,342.70243941874685,343.5451452902629,343.68270452949633,342.4241135988806,349.1033879268637,339.1,341.69
2017-03-15,6,347.72,347.1323014801306,347.51727426366256,347.09521739393875,347.197544645035,352.83368986225224,339.7,346.73
2017-03-15,7,356.22,353.53921190927207,353.3659531995108,351.7189772487451,352.835192590431,358.0874676117287,342.4,354.44
2017-03-15,8,186.96,370.8725574077409,372.0479798492927,372.89937374703413,371.37425796282076,384.86885630546703,359.51,376.16
2017-03-15,9,391.35,384.3123021230885,385.17619817609966,385.69817427132296,386.100417934139,392.93962877446575,363.55,402.33
2017-03-15,10,405.76,409.45799823271204,410.8873174641224,409.85123861150646,408.49948142312,402.277834666466,374.78,418.01
2017-03-15,11,418.7,417.8354072036762,420.45566645484564,418.4182561376221,412.03024568541446,408.1727379399225,377.64,436.08
2017-03-15,12,423.26,423.4626539459842,426.0052455147293,423.0530413743568,419.636069656328,409.8112761771638,377.1,434.78
2017-03-15,13,433.67,423.12149913052906,426.3215809242526,423.70152884259267,419.72514820282083,411.692667908702,378.0,437.54
2017-03-15,14,434.38,423.11622389734487,425.99117388523814,423.7208908385467,419.146710418392,414.90853898913224,382.4,447.51
2017-03-15,15,431.95,422.8644966625377,425.9008004761262,423.7208908385467,418.7678703904125,412.9913967920876,379.77,444.48
2017-03-15,16,427.46,419.47360815153087,420.0156369961452,417.86179427799226,415.941235768928,411.60985241791434,379.81,444.37
2017-03-15,17,416.08,405.1217953831239,405.112376338821,402.76538525305205,398.28438110673073,404.0954340321187,369.84,431.33
2017-03-15,18,393.43,377.99812983267117,377.88682227511606,376.53801830246596,375.1787211203383,381.60199738871535,363.74,403.33
2017-03-15,19,384.13,368.985372065031,368.87871797802666,368.79466930863293,368.63636979604513,375.4572037201716,357.97,396.5
2017-03-15,20,370.18,365.49492044158774,364.9610930347064,365.51331047352295,366.59502546934226,368.6369648540969,354.77,377.0
2017-03-15,21,353.99,353.350198577432,351.47868626263715,352.8507908635691,350.73158562430547,358.32236867927486,341.26,361.25
2017-03-15,22,339.51,339.8710430101043,338.6606788354859,336.47914146873615,334.73896551860685,346.9985075969183,325.94,340.5
2017-03-15,23,327.27,328.0030769408533,327.18521840914883,328.4352809627635,325.8792060197629,342.5018006315874,323.72,330.57
2017-03-16,0,325.0,326.20758238678576,325.97079950617325,326.74611367092007,327.8917907501673,336.5649490301015,317.57,326.77
2017-03-16,1,325.27,324.6164076468353,323.9300646058201,324.8720402192622,324.66439129908673,337.3878212296017,322.86,325.01
2017-03-16,2,322.83,324.38901494835693,323.9076619460851,324.7211019178718,324.28247111573165,336.66927065966235,321.03,326.18
2017-03-16,3,322.25,325.3261936534911,324.62982775582884,325.18051730765103,325.14691124661675,335.60900508749967,317.32,323.11
2017-03-16,4,333.33,336.10463762833706,336.9708964312561,336.77583830391103,336.2720097492861,342.1363257180476,325.1,339.61
2017-03-16,5,339.13,343.91893966998913,344.78604897572836,344.1372819662901,344.73061909670514,349.78244055935903,337.48,344.21
2017-03-16,6,344.64,347.38893884272335,347.72091820613997,347.89544212918497,348.29155382687003,353.7194348041823,339.08,347.72
2017-03-16,7,351.48,353.45883081077596,354.44826510206923,354.8279718757888,355.8912634519061,359.91326062532147,343.97,356.22
2017-03-16,8,384.53,360.04142163068764,356.7656434992906,361.94281902527393,362.5020890748647,361.1810213203532,353.18,186.96
2017-03-16,9,401.96,386.0073377955812,386.62611291044993,388.91168246398956,389.54444302294655,392.7524331896623,363.76,391.35
2017-03-16,10,419.04,406.62939132305996,406.21890439067425,408.93069837300686,407.88525017118076,401.5160547515666,373.89,405.76
2017-03-16,11,424.23,413.726693386936,411.66163962467493,413.6171412116011,409.8720877766793,405.6086720187457,373.65,418.7
2017-03-16,12,425.92,417.06630820331304,417.5319111997163,418.13410627617367,415.66285343540386,409.97544208031144,378.38,423.26
2017-03-16,13,432.0,420.088414529006,423.3248859065771,424.3862240100685,419.0339487117765,414.20392521636325,383.02,433.67
2017-03-16,14,431.34,420.28103429573554,422.2719955019169,424.9010646728093,419.27181176700867,415.1702167786256,384.42,434.38
2017-03-16,15,440.58,419.97739444659186,422.1243121206289,422.58342817232864,418.5927517733817,414.1516843364877,383.93,431.95
2017-03-16,16,430.06,417.42414259595387,417.5961470801426,417.22629013520145,416.01725181511426,412.2936658115655,384.07,427.46
2017-03-16,17,418.21,405.39433210110514,405.10109043756876,405.8693468668108,402.41821962532754,406.02675631906004,376.82,416.08
2017-03-16,18,397.12,379.4640872082119,380.88043712172885,381.06456269514143,380.46141789231945,382.0872894715601,365.39,393.43
2017-03-16,19,380.06,370.3351727775905,371.31367332614246,372.3804795528332,373.34679236907584,376.4137522962711,361.59,384.13
2017-03-16,20,374.43,364.6374423358095,366.13926045848325,367.0147395633938,369.1154280270086,368.2970746875215,353.35,370.18
2017-03-16,21,361.21,351.6888363522981,351.36783600211146,353.8580369379505,354.14963457691994,359.6477528292705,344.28,353.99
2017-03-16,22,341.11,337.8285988420384,338.14198712917505,336.9916414694086,337.2522270373517,350.31838698990566,332.21,339.51
2017-03-16,23,333.59,325.40736362179524,325.753711875,326.05629710160645,327.3996024003623,342.7260427249414,322.69,327.27
2017-03-17,0,331.04,328.5363395749882,326.6748382341752,329.0099135523842,329.2691826431823,332.2234946415121,322.83,325.0
2017-03-17,1,331.33,328.4174572347676,327.67937509807166,328.70263037170037,329.58897629585545,331.39887781003665,323.24,325.27
2017-03-17,2,326.74,328.6235186021605,327.67937509807166,329.14643960694127,328.5440021748045,330.71297386952773,322.59,322.83
2017-03-17,3,321.33,328.6235186021605,327.67937509807166,329.10423369190795,328.5440021748045,331.3699266465073,322.56,322.25
2017-03-17,4,334.26,337.71496815778465,337.3050118392357,338.1483147485332,338.4494097802135,338.60227777707144,333.81,333.33
2017-03-17,5,345.91,341.768420407612,342.62915365443666,342.28711588152777,341.4792663594577,344.6766061750584,341.76,339.13
2017-03-17,6,351.97,348.1770640265212,348.66957859821997,348.3497308950268,348.21591250745337,350.4309970860367,347.45,344.64
2017-03-17,7,362.71,352.31091672872174,351.6788430401091,352.49172610188975,351.7833800014448,354.89771441359244,348.38,351.48
2017-03-17,8,372.53,373.18311975638136,374.22006378703674,376.78906471863195,376.1316989107666,379.4425093138192,356.41,384.53
2017-03-17,9,384.84,383.3135305954771,383.3557326756697,386.77012129977356,385.3809123128555,388.21716951570903,364.93,401.96
2017-03-17,10,400.39,401.99534378938694,401.2862794802327,402.9009420143507,401.99354670940494,398.44280213823026,378.03,419.04
2017-03-17,11,411.84,406.8668762334364,404.8693232101451,402.75322685622797,402.0706426326965,401.09643841450884,376.43,424.23
2017-03-17,12,424.79,412.0957714244119,410.72873165596485,409.27762256016894,410.911292427446,403.1595680090175,376.08,425.92
2017-03-17,13,423.03,412.15546926441385,411.1702403917138,409.64262968615407,410.9869480348606,405.07892823358986,376.07,432.0
2017-03-17,14,423.51,412.0343449513834,410.66937640224666,410.2014478159288,411.6176689457483,408.1958992105549,383.45,431.34
2017-03-17,15,421.29,413.3720397273668,412.1595181465215,414.8138808985456,414.5325473658363,409.80282424884354,386.2,440.58
2017-03-17,16,414.51,406.3076003073815,405.91196336852363,402.7970074573188,405.81349933724954,406.25217193703713,383.8,430.06
2017-03-17,17,398.84,394.6538750036984,393.7738670280091,393.51849573393724,393.2922072641687,398.131021797438,371.9,418.21
2017-03-17,18,386.7,368.45415693075796,367.3561501369433,368.43987894703906,369.48056671723504,375.00359459386385,361.91,397.12
2017-03-17,19,378.5,365.8167706584005,364.08808813642963,364.8828508133247,365.51981700721046,368.1308814857966,357.37,380.06
2017-03-17,20,366.18,362.2613585646365,361.1143559500968,361.9848386432843,364.0059589135891,363.1209021335804,354.63,374.43
2017-03-17,21,354.62,353.31500929361886,351.06951654942844,353.19683981061854,353.2891116894319,354.91843150623276,345.81,361.21
2017-03-17,22,328.88,336.44834683607144,334.1497609453183,336.062615667915,336.6531898194758,341.78030101177984,325.6,341.11
2017-03-17,23,318.02,328.71597194927483,326.69088417165665,328.8595415454506,329.44854790984397,334.11780987034314,314.46,333.59
2017-03-18,0,315.75,320.0072685327498,319.53904172445897,321.4319094411155,321.4248177576252,318.18675514110066,314.32,331.04
2017-03-18,1,311.93,319.4394440280091,319.7545765709046,319.79403592406385,320.2434463214542,318.14762076332795,316.74,331.33
2017-03-18,2,313.98,316.32360852474113,316.64715885316633,316.52855298773324,316.8757441489813,317.484793010113,316.79,326.74
2017-03-18,3,311.22,315.90250167786434,315.977899853494,315.9966797903833,315.9851495849985,317.5547689121432,316.7,321.33
2017-03-18,4,317.55,323.97848062599513,323.8009382124902,324.32394691387947,323.59187167149383,322.6296408345826,321.8,334.26
2017-03-18,5,320.44,329.54652731147524,328.8488406426154,330.04692991305245,328.85583374698444,328.3425035978307,327.03,345.91
2017-03-18,6,332.73,335.70765682947615,336.0456817846539,335.35783421586973,335.85665405270504,335.53541831288317,336.27,351.97
2017-03-18,7,336.4,338.3059167994826,337.96213507620763,336.64904071800123,336.55999569570673,340.1779448980128,336.47,362.71
2017-03-18,8,338.41,338.41351647466263,338.13836055305995,336.77501603612694,336.55999569570673,345.4074583504836,338.01,372.53
2017-03-18,9,336.27,341.2832047985268,340.2345613764269,339.837485278341,340.3480477013992,351.2245524093562,340.45,384.84
2017-03-18,10,335.64,343.59968034552867,342.7862522671686,343.35894255217215,340.85795769569137,355.9126049984186,339.71,400.39
2017-03-18,11,337.17,343.53161498170084,342.85977366088144,343.5289908227464,341.254708780063,360.6512415785181,341.61,411.84
2017-03-18,12,340.04,347.6342036818098,346.43515221132265,349.1988809266208,346.4555121615048,366.137670356472,346.7,424.79
2017-03-18,13,344.27,348.5410799374737,347.75844622905583,349.51865504010294,347.3520397295146,366.3707188801792,344.73,423.03
2017-03-18,14,341.77,349.136186202228,349.22306267218414,350.78704902448357,349.1912089919775,368.5490100923105,349.35,423.51
2017-03-18,15,341.45,347.97165564223104,348.185276235537,350.17262723422624,348.4492430191346,367.13974846187085,347.8,421.29
2017-03-18,16,341.63,347.8127259541479,348.1326933910848,348.61052775414646,350.14655751856134,365.77389782957346,349.92,414.51
2017-03-18,17,338.22,346.13488069271995,346.35573255382906,346.4581485181077,347.4312751967678,361.6837826683695,349.61,398.84
2017-03-18,18,339.06,344.16029981732765,344.6364779776873,344.77480116488,345.53096261389896,356.2425232069584,346.25,386.7
2017-03-18,19,338.42,341.3371548529135,341.4497064453132,343.4622685092165,343.55357312546477,351.1789213774405,343.69,378.5
2017-03-18,20,333.68,340.7828552692732,340.18116012071846,342.2728915769678,342.7203260365247,345.9138262162066,342.32,366.18
2017-03-18,21,322.19,327.54482093791484,326.6690561478602,326.3330843994166,327.8175992202593,336.05366681547355,328.7,354.62
2017-03-18,22,310.31,320.7150271004202,319.7313879469636,322.18022501980954,323.09054823661745,326.2247751629677,318.75,328.88
2017-03-18,23,305.81,312.66560249082045,313.19823107071676,313.6198903564855,314.56200290208164,319.91895079866117,312.12,318.02
2017-03-19,0,305.0,304.12990663888905,304.2136964554557,306.5716238577334,307.09109222575387,307.7261961255766,311.63,315.75
2017-03-19,1,305.53,302.15773067367417,302.38346035968164,304.04076429307725,304.7261018361158,307.4959728815901,314.8,311.93
2017-03-19,2,304.3,303.386394799339,302.7182333959787,304.51878405677246,305.25314987107635,306.12378951559947,310.99,313.98
2017-03-19,3,307.61,301.70081578612894,302.45946458992444,304.1725843179002,304.25524009112877,307.95021919997,314.63,311.22
2017-03-19,4,313.54,309.6867631540479,308.6379874808204,311.21513270660097,310.2548375632909,312.94231001933565,321.52,317.55
2017-03-19,5,318.68,317.33266353351115,314.2893318936448,315.7932589228633,314.48089847660316,316.76283054386187,324.52,320.44
2017-03-19,6,318.26,325.6502008819692,323.4294854221165,324.12326960308525,321.65434923493433,322.0513308497865,326.94,332.73
2017-03-19,7,316.57,324.7042782317205,322.73273512882423,323.8339997312774,320.5605704358815,324.78638166835145,324.36,336.4
2017-03-19,8,321.34,327.5548995205842,324.6909011829988,326.484000450247,322.7239388999885,329.6606520869983,327.36,338.41
2017-03-19,9,319.15,328.24125765557915,325.6187213283088,326.7820474853519,323.23436917456354,332.5150437565499,326.54,336.27
2017-03-19,10,323.81,329.77113993849025,326.63325651780616,324.68942930872333,322.9687413410224,335.91610263719036,327.4,335.64
2017-03-19,11,325.67,331.41095247195466,328.8157990318655,326.28241721600216,325.76502887526556,339.8023432720789,330.12,337.17
2017-03-19,12,339.64,335.8322475802723,335.1408011986782,334.4231878128723,333.9330866036136,347.9486463070166,345.16,340.04
2017-03-19,13,347.35,334.6314603222617,334.3055235401389,334.18981823438264,333.04544945572167,350.8373007596135,348.24,344.27
2017-03-19,14,350.33,335.70960712670325,336.34012396784505,335.5678156145731,335.4509167177286,351.19677886886495,349.07,341.77
2017-03-19,15,350.03,336.1624683153266,337.51332681482177,336.45882466834894,336.03999926399393,350.62023535200956,349.1,341.45
2017-03-19,16,353.95,339.96444139214054,341.82241304733276,341.5199876294121,340.59859163304304,350.4315569353679,352.15,341.63
2017-03-19,17,343.91,338.37753395804214,337.9181830224574,337.5704893606075,336.5077064738037,346.30562976224405,348.02,338.22
2017-03-19,18,340.46,337.06207271737634,335.8763076727998,335.1351480363861,334.4743137669276,340.8365468025954,340.64,339.06
2017-03-19,19,333.71,333.07524615846813,333.92526309133893,331.78240537071895,332.12484879874773,335.32459674071583,334.62,338.42
2017-03-19,20,327.93,329.1295632837952,328.919545247735,327.51959156912335,326.8342453722486,327.9625959832736,325.52,333.68
2017-03-19,21,325.98,322.94087901520254,322.0170920945771,322.1595084997365,320.3603147762705,323.1402624790209,324.9,322.19
2017-03-19,22,316.87,311.65165582951045,309.47188915711035,313.09361479894915,309.950083357702,314.4878193806577,313.77,310.31
2017-03-19,23,307.86,309.2975434702099,306.40099997900757,310.6290856406253,308.7497987073349,309.36970392825276,308.27,305.81
2017-03-20,0,308.62,298.8650828592067,300.25754543225435,299.7168027185565,303.7157203754461,317.8183974968235,312.24,305.0
2017-03-20,1,305.3,297.36502470668813,297.91139244071496,295.46822302534537,300.12766761903083,317.95830742293623,315.04,305.53
2017-03-20,2,303.72,298.2784542106812,298.72775050780456,296.32585073911963,299.8698460119676,316.3677727397091,311.66,304.3
2017-03-20,3,304.62,298.43928206318526,298.87493725382336,296.05477701085454,298.43613412638433,318.3448636313561,313.84,307.61
2017-03-20,4,324.43,310.57242883613355,316.182571688237,310.75341763546766,317.6211292101731,328.3884419435181,333.91,313.54
2017-03-20,5,327.36,325.01053203885505,329.84803009361235,323.1533323925069,326.1709433250012,332.7256544909764,337.56,318.68
2017-03-20,6,328.54,328.89768835106963,331.5225728439381,326.08617908116,328.4777087084269,335.5518297718204,337.48,318.26
2017-03-20,7,339.5,341.11134922051514,339.01364312477386,337.89835985344456,341.5785203360862,343.473104689214,349.94,316.57
2017-03-20,8,355.38,358.9675631577835,357.4972159262527,354.1940961713863,356.73426182613275,367.9888467627154,367.32,321.34
2017-03-20,9,375.36,367.8008683970519,369.71424532299613,368.49452401007517,367.21391361835083,376.2591044476667,380.52,319.15
2017-03-20,10,393.16,393.2960146527811,393.5816794009399,390.10425664399486,387.32350313470266,389.31274117141015,404.73,323.81
2017-03-20,11,414.21,394.6229772269149,395.5255588281779,398.02106193807566,391.15228307969926,394.52835603384744,410.79,325.67
2017-03-20,12,435.68,404.49252022048563,406.1880898231674,404.2827137772489,402.4741004336585,402.057121677132,420.86,339.64
2017-03-20,13,424.92,406.0516988874404,407.82989676479843,404.47474966079926,402.7385701190912,404.2477015449284,421.08,347.35
2017-03-20,14,428.1,410.79278944421714,413.49286460564014,408.5527606190796,406.4722084602899,412.4408793063633,440.5,350.33
2017-03-20,15,423.46,407.67504956456435,411.13840977293785,406.4187828303292,405.28539704647216,408.36912913529017,431.49,350.03
2017-03-20,16,418.32,407.2902765157455,410.95024801556303,407.5479691014216,405.3547880219984,408.1323448477526,433.28,353.95
2017-03-20,17,403.68,395.37422567491905,395.48175712490615,395.80426201592275,392.4030956760587,397.09921156240796,413.31,343.91
2017-03-20,18,394.63,377.59452480323534,374.3314827025804,376.06181613395694,372.3395004136723,372.9914428982111,394.61,340.46
2017-03-20,19,384.71,371.73836942293553,372.0636429500703,371.501814393214,368.7372781652093,365.0821125776406,384.25,333.71
2017-03-20,20,367.22,360.10242211112165,357.74203049251645,356.986846370876,356.31270495202386,355.3975151448823,369.46,327.93
2017-03-20,21,351.33,347.25366198054735,344.32291959051014,345.3616392538674,344.44880857427347,346.66663379593314,355.83,325.98
2017-03-20,22,328.56,330.7971705031992,330.9719185377661,327.65434010551,328.24832762983664,335.2199570293675,336.63,316.87
2017-03-20,23,323.65,317.4324182087124,318.7053165032301,315.8989890906701,318.36985244538,327.45291240447233,325.65,307.86
2017-03-21,0,321.99,318.5674900693624,318.07586657870684,320.46494881470795,320.8006716414279,329.7427437348471,324.57,308.62
2017-03-21,1,321.87,318.1128462795104,317.8948744712551,319.8170819812068,319.78504459430576,326.81478204138875,320.6,305.3
2017-03-21,2,320.3,318.10153917168657,316.86689058621977,319.7803610135498,319.6886784866337,327.20154383722763,322.43,303.72
2017-03-21,3,313.08,318.10153917168657,316.86689058621977,319.7381550985165,319.6886784866337,326.46126619051637,318.31,304.62
2017-03-21,4,327.6,327.7497002133271,327.1291149391244,328.39666353186783,329.252640525715,335.5566468254609,331.7,324.43
2017-03-21,5,337.68,338.79157137887483,336.93721450244243,337.71873598959996,337.95556200388006,342.0873702960773,341.69,327.36
2017-03-21,6,338.81,341.8413638100656,339.3854548598371,342.6829524101233,341.8224112615183,347.08258509092724,346.73,328.54
2017-03-21,7,351.88,349.0635071202993,346.31794037298386,347.8996955385047,347.77527478602406,354.654704378362,354.44,339.5
2017-03-21,8,369.9,368.98667455563714,369.06570567635134,369.30987723620086,369.9531363810161,382.02232045361285,376.16,355.38
2017-03-21,9,389.78,392.9541944342473,392.85635442812327,393.07201363984143,393.3388397635024,397.91554733737865,402.33,375.36
2017-03-21,10,407.27,406.2613752576633,405.71991005899713,405.02478807004206,403.3979253283091,409.21324958618777,418.01,393.16
2017-03-21,11,422.32,423.1100395460914,421.90452616715794,424.05676979335044,420.1928647143536,421.3287243242297,436.08,414.21
2017-03-21,12,430.61,427.9053014246335,427.39649603127583,429.71882555652394,422.81429323781884,425.3387370433168,434.78,435.68
2017-03-21,13,432.14,423.1081583594311,422.15452970282314,422.21428573911106,416.09099287686945,426.33476451161096,437.54,424.92
2017-03-21,14,428.81,426.5054105229741,423.72721606700304,424.0158199419417,418.26748741169774,430.8930657153934,447.51,428.1
2017-03-21,15,430.67,424.9973853245227,422.99768591395366,422.5012077652529,417.6953968501875,428.620653100113,444.48,423.46
2017-03-21,16,423.58,424.5584942445204,422.13039271205645,422.0038371490256,417.08742645087875,426.58069170659667,444.37,418.32
2017-03-21,17,406.87,409.64081514169396,407.80772732365017,404.8788867626151,401.9533657771712,417.6852408210201,431.33,403.68
2017-03-21,18,388.81,395.5598428010066,390.5498541195759,392.35668505702307,389.9007649835821,389.4536669209944,403.33,394.63
2017-03-21,19,375.79,386.895060441935,383.04629158961285,384.2442534074154,382.0929359393799,382.5371234688914,396.5,384.71
2017-03-21,20,366.83,370.0744694202518,367.5149264553996,367.8224630518225,366.50707655537855,369.6543121134002,377.0,367.22
2017-03-21,21,349.41,352.9708717030124,351.15179196107454,352.401297136625,350.4254988616995,358.4653921770464,361.25,351.33
2017-03-21,22,329.2,337.94976234521266,335.070854940889,335.90629722638005,336.49726946399227,344.8147612151553,340.5,328.56
2017-03-21,23,320.74,326.7070346217936,324.71190321319756,325.79951713287795,326.78000364593413,337.93965038115425,330.57,323.65
2017-03-22,0,320.46,322.793043298719,322.0701149744575,323.5790416740301,323.8998043779248,330.51494612770495,326.77,321.99
2017-03-22,1,316.95,321.0587633595808,321.6750727724366,320.54766772388075,321.1796106939192,328.812362413466,325.01,321.87
2017-03-22,2,314.46,320.8305335381987,321.28769734448133,320.52289814028313,320.76738052856837,328.93949723756145,326.18,320.3
2017-03-22,3,312.57,317.0604630872361,317.24636873853774,316.9850512335557,316.5603868218583,327.64511561117365,323.11,313.08
2017-03-22,4,324.84,332.4482372264108,333.4456424309947,333.61613291096893,332.8907461876649,337.31725781215704,339.61,327.6
2017-03-22,5,337.39,339.48771978523274,339.86450622086204,340.1055380228212,338.38927480526553,342.60229807192184,344.21,337.68
2017-03-22,6,343.37,340.44145000757044,340.62133914313296,341.8027683391858,339.9159641773377,346.9990808168211,347.72,338.81
2017-03-22,7,348.72,350.4620741086479,351.2543182681781,350.8841788411783,350.101394069887,355.12581519959514,356.22,351.88
2017-03-22,8,365.1,352.4770316684897,352.08080896329875,352.4845758183676,356.6308574589519,309.09825714188963,186.96,369.9
2017-03-22,9,382.3,385.15285980829043,386.17263282568814,384.9978125831234,386.4536397840111,393.9145620992663,391.35,389.78
2017-03-22,10,392.11,404.48129847152126,407.52643183839535,406.3972203724119,406.4570523783267,404.6893317748218,405.76,407.27
2017-03-22,11,409.22,412.17734450460057,412.5516549562469,412.42785761615477,410.08391710120196,414.12016645040705,418.7,422.32
2017-03-22,12,409.09,422.28731691146584,421.60889186428693,424.52965285991036,423.31699402916394,418.8517505614044,423.26,430.61
2017-03-22,13,413.41,429.25046709048826,429.6287059668616,430.90645848770896,429.9283922838501,424.2586961807505,433.67,432.14
2017-03-22,14,421.94,427.10798669373287,426.70527390589643,427.8923783039739,426.7605039847726,424.4749619148605,434.38,428.81
2017-03-22,15,419.53,424.75856258643324,425.19281406470975,425.8809509011223,425.1498886876299,423.2042104595997,431.95,430.67
2017-03-22,16,416.94,420.85703341452023,422.49548818439683,422.08946550198675,423.807668316519,419.2443618285536,427.46,423.58
2017-03-22,17,404.68,405.44160578931996,407.4879567216123,407.80157086334145,409.0153943938006,410.7496762856382,416.08,406.87
2017-03-22,18,387.71,387.07540277837546,386.54720157234806,387.8702461597379,388.3353451045283,383.31075688803156,393.43,388.81
2017-03-22,19,379.47,379.64109076433044,380.6096703914326,381.6387023491118,379.6329981231617,375.07332297424864,384.13,375.79
2017-03-22,20,364.41,368.29969575548654,368.524466106841,369.1054865216682,369.0566696407249,365.3385392991038,370.18,366.83
2017-03-22,21,347.45,350.1989475864416,350.1125110454226,351.9048714170489,350.2206045389861,353.7957602389872,353.99,349.41
2017-03-22,22,330.57,336.932853677302,335.8943226190123,338.4283558151075,336.5916165474997,342.86669555931155,339.51,329.2
2017-03-22,23,324.78,324.4672511323112,322.87454469881186,324.1188062596887,324.1867529313439,334.6748774968549,327.27,320.74
2017-03-23,0,322.01,322.5476927074761,322.84533542151104,324.02661570067795,324.63379106709584,326.338545087359,325.0,320.46
2017-03-23,1,324.2,321.20924651850515,321.3771515020307,321.11852218878914,322.0200398866704,325.0004014919215,325.27,316.95
2017-03-23,2,322.6,319.3776310867607,319.7826932445309,319.4446892045354,319.6889717254783,323.602688596964,322.83,314.46
2017-03-23,3,316.67,319.0999591728861,319.7826932445309,319.4024832895021,319.397182714077,323.88109310523765,322.25,312.57
2017-03-23,4,326.55,327.56389892381344,328.32401080070156,326.671472682623,328.04865789692417,331.178758803267,333.33,324.84
2017-03-23,5,333.61,337.10999791026507,337.6204661510913,337.7482873211993,337.77707177574905,337.21014979529934,339.13,337.39
2017-03-23,6,340.12,345.01085162075634,346.3962522887547,345.8029473448427,345.9719474413681,342.94830431707436,344.64,343.37
2017-03-23,7,349.64,350.03905137844293,350.86899845899785,350.7505417233386,351.4028999782633,349.52746199590325,351.48,348.72
2017-03-23,8,375.14,375.0677292227479,377.0906836166093,375.10511031770176,376.21037379098476,382.3312105649377,384.53,365.1
2017-03-23,9,389.52,392.96186746177966,395.980051659105,390.8409225560397,394.49238438299767,394.5339393307271,401.96,382.3
2017-03-23,10,404.99,408.6439788676463,410.8646319726526,408.4356787791868,411.9039500512612,405.45516540506213,419.04,392.11
2017-03-23,11,418.35,417.1529780833295,420.0799536242522,418.334308896681,420.81034620812636,412.15121577229394,424.23,409.22
2017-03-23,12,420.21,420.6316937780539,424.57971218123186,424.52982663359217,426.9247813016378,414.80380246565994,425.92,409.09
2017-03-23,13,423.94,425.36729093878097,429.7481173887033,429.1821274391229,430.58439903456855,418.8861222782715,432.0,413.41
2017-03-23,14,437.81,425.5557147410459,429.35123743703724,429.54996425196754,430.73787607721414,419.9883856827179,431.34,421.94
2017-03-23,15,445.54,428.80419010825517,431.44110641896407,430.3490953819147,431.2232484228596,422.74632343192854,440.58,419.53
2017-03-23,16,435.35,422.55132187171637,426.8636217813682,426.29233954078273,428.31277449847175,416.9971215336385,430.06,416.94
2017-03-23,17,417.03,407.470566150439,411.9625925719036,409.22402806958513,412.3005543431753,408.8526980112164,418.21,404.68
2017-03-23,18,406.04,390.4605749893972,393.72104803809293,390.8785378599085,393.9621072537378,381.3810502030553,397.12,387.71
2017-03-23,19,393.54,380.44357987632003,382.28170988629915,381.66477306051553,382.48038485452,370.7018185288158,380.06,379.47
2017-03-23,20,383.3,370.6610418598726,370.7490851086483,372.07669021772034,372.79215177269936,363.45881050850977,374.43,364.41
2017-03-23,21,370.89,352.99755321924414,354.4281092695379,356.01682363773176,356.1051550028047,353.10548647165035,361.21,347.45
2017-03-23,22,356.01,338.5668862469282,338.2212308565875,338.82000290659727,339.1398663842177,340.37711831990276,341.11,330.57
2017-03-23,23,349.47,327.4401055081761,326.76963520149366,326.5417624635255,327.80898421990867,334.3047258327352,333.59,324.78
2017-03-24,0,347.38,336.85484187978295,337.39329915165274,338.8441624356898,337.5648910841581,336.2217385338952,331.04,322.01
2017-03-24,1,345.22,338.16264236250123,337.8272376003666,338.04129363647064,338.3273361044801,335.5326098941698,331.33,324.2
2017-03-24,2,344.57,338.2749535768188,337.75781072968005,337.6943758495296,337.68258952950356,333.38062824147676,326.74,322.6
2017-03-24,3,333.76,335.4125950428519,334.46278419437266,334.61904492683453,334.3042147515272,331.29197335484497,321.33,316.67
2017-03-24,4,345.42,342.47866303317204,341.9686230950287,341.5400682176874,342.67579493941383,339.00587539870094,334.26,326.55
2017-03-24,5,355.97,349.0981160298998,350.1936459138465,348.01272654399753,349.221243508648,346.6425450013247,345.91,333.61
2017-03-24,6,358.8,356.8196782727393,357.68792247067233,356.0363353091954,357.3689029690906,352.65191589381845,351.97,340.12
2017-03-24,7,372.75,362.5406712446119,363.361007080792,363.88933127818376,363.2997158186117,361.2340521099522,362.71,349.64
2017-03-24,8,377.74,378.9846468024461,378.8785036698165,378.03068794687624,378.48452503645103,386.41095336818137,372.53,375.14
2017-03-24,9,393.24,389.6556175441233,390.2607570307533,391.69191039627117,393.46673991381135,396.319635477424,384.84,389.52
2017-03-24,10,409.45,402.84391979918985,403.05014905134976,404.70628737366434,405.67502984309846,407.338649299036,400.39,404.99
2017-03-24,11,424.2,409.70082245861164,409.61390211631624,411.1135933001076,413.2940041988664,416.0420853080287,411.84,418.35
2017-03-24,12,426.5,417.40941045416196,420.5646291437691,418.43631353949297,420.4324946823101,423.3133602764267,424.79,420.21
2017-03-24,13,422.62,415.85804006154996,420.09405148666787,417.26226218385005,420.15395138568465,424.3233639094188,423.03,423.94
2017-03-24,14,431.01,422.6654822171178,425.0106393925943,426.37462398500486,429.6060954002252,426.52232746856606,423.51,437.81
2017-03-24,15,429.05,422.3058705499555,425.0106393925943,426.37462398500486,429.6060954002252,426.0645234169104,421.29,445.54
2017-03-24,16,415.91,415.22802280027275,416.4631216136807,416.86740014972605,421.29990690742045,420.8856536378815,414.51,435.35
2017-03-24,17,402.46,395.3744704654053,394.5377508048831,398.1341405981177,398.5111659137123,410.56203484817235,398.84,417.03
2017-03-24,18,393.82,384.46847754603726,382.8779945785899,385.7286828989631,386.1808465439229,386.9861043861105,386.7,406.04
2017-03-24,19,385.83,379.36841814647295,379.26592847487575,381.218983875775,381.08363816368376,379.2285644304577,378.5,393.54
2017-03-24,20,379.68,371.7807777016865,371.9640654213225,373.04061883351767,374.03193105859646,369.953828017917,366.18,383.3
2017-03-24,21,365.53,361.1224553405948,360.9254479451455,363.6428723278522,363.4363901033188,360.7598726268377,354.62,370.89
2017-03-24,22,346.96,341.13294651023455,339.14317765295306,341.86110058103304,342.2336096270348,346.06187463219123,328.88,356.01
2017-03-24,23,342.67,339.13576693687094,337.5493902876302,339.22157613113325,340.76801179220894,338.58197365377333,318.02,349.47
2017-03-25,0,337.75,338.90609241862006,338.8563830120699,338.0401849813745,337.426072963383,329.34388480522995,315.75,347.38
2017-03-25,1,337.85,337.6303995281267,337.4718505149021,337.5205361849658,337.3064448835171,326.5615188136858,311.93,345.22
2017-03-25,2,336.46,337.6993278961991,337.86271146587393,337.4140518318091,337.14578833340937,327.0972204162032,313.98,344.57
2017-03-25,3,334.33,332.56844146005767,332.2350177356971,332.154873790742,333.59663085012255,325.465916595318,311.22,333.76
2017-03-25,4,341.05,341.6207038312039,341.6690100038484,342.0175617858212,342.00864112682694,330.84162549612466,317.55,345.42
2017-03-25,5,346.79,342.8185187634118,342.5638564522651,343.12098199284117,343.6447818591958,335.50399349438794,320.44,355.97
2017-03-25,6,351.09,346.9719076970571,346.7718013940516,346.0022517620813,347.3743484587513,343.49104669470756,332.73,358.8
2017-03-25,7,355.94,350.91397927675814,350.9357170861111,351.1667511419574,352.2928285670675,349.8588602615593,336.4,372.75
2017-03-25,8,356.47,350.91397927675814,350.4300353020192,351.3358178428374,352.2928285670675,354.71782306759604,338.41,377.74
2017-03-25,9,356.85,352.4259438150434,351.6487220581469,352.00320514895145,352.9248910056458,359.1643045098643,336.27,393.24
2017-03-25,10,364.81,353.2386567704205,352.41036267029114,352.4238766057607,353.67535489028046,364.0057416142026,335.64,409.45
2017-03-25,11,358.93,352.284797888272,350.5069106784183,350.6550250418635,352.58478113772105,369.0282138324009,337.17,424.2
2017-03-25,12,362.52,355.631915634483,354.27553467069754,354.5051050166065,354.87476445994446,372.44429217607257,340.04,426.5
2017-03-25,13,366.32,360.95996288431627,360.0220688256841,359.6018663813878,359.0309108105058,374.8673560153791,344.27,422.62
2017-03-25,14,365.83,357.46802661543364,355.1682273393967,354.60617241668825,355.45633215991376,375.261197575988,341.77,431.01
2017-03-25,15,363.25,355.6346187318048,353.0081147570537,353.2231306573647,354.23725263944203,374.39144204463605,341.45,429.05
2017-03-25,16,363.21,354.6315776527052,353.59096549529073,354.4688147754154,354.28300412493087,371.5523325303496,341.63,415.91
2017-03-25,17,358.66,353.0937707550742,352.0075486833762,353.12246588358,352.77411490407104,366.54044003647977,338.22,402.46
2017-03-25,18,356.95,353.2017863541785,352.1253854656473,353.32175305498197,352.70432852669717,363.14093783921817,339.06,393.82
2017-03-25,19,358.39,351.9687977457284,351.18130862942235,352.25111850331496,352.2884052901163,358.839197536789,338.42,385.83
2017-03-25,20,356.79,345.0702225158453,345.1715488018663,347.0281145386208,347.243578566392,352.9806787790918,333.68,379.68
2017-03-25,21,345.05,341.1156937154532,339.7312467034112,342.14334623438293,342.20331973680703,343.6141321797955,322.19,365.53
2017-03-25,22,337.87,337.1542853295461,336.27939455975553,337.0010033967088,336.69985153311694,333.84926860981193,310.31,346.96
2017-03-25,23,335.67,334.51269211472743,334.2743284541676,334.16881382789387,334.56329336851195,329.1017227477255,305.81,342.67
2017-03-26,0,336.36,326.2691749055771,327.0936403296844,323.55468060341093,322.3368805659498,319.0136929170215,305.0,337.75
2017-03-26,1,337.34,325.9496738393026,325.5803154658988,322.88350415433297,320.99666293627945,318.1900418669725,305.53,337.85
2017-03-26,2,335.6,319.7985040365856,323.01247129511813,321.71781621984127,320.98488531317923,317.3796501534053,304.3,336.46
2017-03-26,3,333.61,323.43911676515523,325.7665017062412,324.21385080791157,323.1510123812151,319.12568816668346,307.61,334.33
2017-03-26,4,341.95,336.17508410231886,337.70647947990744,338.3049411870876,336.28116000268324,323.7717338846473,313.54,341.05
2017-03-26,5,344.41,342.76518639726453,341.76401628470654,342.154750544919,341.5572675304244,328.7423410125595,318.68,346.79
2017-03-26,6,343.74,345.3097309925337,344.2090158114445,344.30656944466784,345.63754750592614,331.9878025370678,318.26,351.09
2017-03-26,7,341.2,346.05969298522064,344.319077595002,344.88597126992727,346.48275082571973,335.21035633214467,316.57,355.94
2017-03-26,8,341.26,346.55714377170784,344.8165283814892,345.38342165077614,346.9794706016937,340.6080398085385,321.34,356.47
2017-03-26,9,344.01,347.52339894474545,345.99982743068574,345.54431013899364,347.7395819346564,343.2497042166384,319.15,356.85
2017-03-26,10,347.2,347.3427687407419,345.6244053974142,345.303602293642,348.49333541076686,349.1581711338913,323.81,364.81
2017-03-26,11,346.5,348.0398968243166,346.3596589822999,344.9673138039,348.1391134408456,351.8711709153831,325.67,358.93
2017-03-26,12,355.39,353.41832022447034,353.2637169743298,353.1101567085176,356.32245782495767,359.7219452451736,339.64,362.52
2017-03-26,13,362.83,359.4453931101199,359.75578776725195,359.7158814024829,361.69991945319265,364.3843747666484,347.35,366.32
2017-03-26,14,366.37,362.1015162781675,361.8372071657956,361.78406892480507,365.3421583535215,365.84324518565643,350.33,365.83
2017-03-26,15,368.51,361.93942196816124,361.47705847121404,361.9063984867287,365.5532860521883,364.90002151641073,350.03,363.25
2017-03-26,16,369.94,362.05220955067875,362.7454249158741,362.781034411009,365.96440625101286,365.04258202367134,353.95,363.21
2017-03-26,17,364.49,357.6450679400681,355.7063729592799,356.9430156005165,358.5174808401261,358.50963633787285,343.91,358.66
2017-03-26,18,362.17,353.66858216684375,351.9472873082652,354.372612533056,355.96330993987624,354.2649513943159,340.46,356.95
2017-03-26,19,356.43,349.8940267774851,348.12848780969836,349.93134177819417,352.2110388257526,348.7109819642376,333.71,358.39
2017-03-26,20,348.8,344.86750493702,342.77515803785195,345.64497367232184,345.10087837550634,342.98958724553404,327.93,356.79
2017-03-26,21,347.32,339.9047469531693,338.75475969395814,340.56686555837183,340.353368135374,337.6027936881459,325.98,345.05
2017-03-26,22,339.32,331.66781404107195,331.26958441045576,331.410444701375,330.85803193522986,330.2577932614318,316.87,337.87
2017-03-26,23,335.81,325.19063853833967,326.86521501003756,324.08645757971635,324.13720582342813,324.0214217215309,307.86,335.67
2017-03-27,0,340.15,331.89930497960455,332.5377998268782,329.37314077680634,329.6402946489089,330.8094709281931,308.62,336.36
2017-03-27,1,336.43,324.6634812660214,325.60312091854325,319.9475693296243,319.33518621133317,328.60306779862606,305.3,337.34
2017-03-27,2,333.04,318.47557260758066,323.4191796075456,318.69285307290323,318.736944719297,327.61871741037027,303.72,335.6
2017-03-27,3,330.82,318.84374737153536,322.9220784910436,318.8046123806317,319.3987332264556,328.4513291041247,304.62,333.61
2017-03-27,4,345.28,339.89848486661765,344.1163595121766,342.82653591338305,340.9077299567534,338.6581584299663,324.43,341.95
2017-03-27,5,348.07,346.3726120912962,349.38796510152514,346.2020677428574,346.49652731376193,342.38911365612375,327.36,344.41
2017-03-27,6,351.3,350.4822245878248,351.9590822627002,351.52761833157115,350.54341649095755,345.66897082051196,328.54,343.74
2017-03-27,7,358.81,352.69463483619325,352.30870145396517,352.30450499810354,351.47792332342493,352.9143022371501,339.5,341.2
2017-03-27,8,370.49,374.16394233034123,376.5538338967768,374.31725588959966,371.8923031861817,377.1561483366434,355.38,341.26
2017-03-27,9,392.97,378.5285964233877,378.23526735174494,378.82817615374967,378.5296708637126,388.64979767043354,375.36,344.01
2017-03-27,10,420.43,391.00157746487747,392.06711172777807,391.47097836014336,390.631091188392,399.076990889531,393.16,347.2
2017-03-27,11,417.39,405.4175461061621,408.72225841039335,410.6384182208203,411.8772232857304,409.81914629957515,414.21,346.5
2017-03-27,12,420.92,418.3681737338653,420.423382189168,421.2847197414772,424.4462420282775,421.19159635098663,435.68,355.39
2017-03-27,13,416.5,415.63427019488887,417.31940531018313,419.09786200471706,421.49554938530133,419.1358018018608,424.92,362.83
2017-03-27,14,425.91,417.0963840372276,419.5028681608285,419.62077773333056,423.3402118976854,421.1436347662757,428.1,366.37
2017-03-27,15,429.18,415.05939638495653,416.8690277953083,417.9795360177761,420.83152430180047,419.07496926382294,423.46,368.51
2017-03-27,16,425.39,414.30050433321725,415.2818300909979,415.2776229758713,420.2158857709284,415.88460179094926,418.32,369.94
2017-03-27,17,407.37,406.54633159063957,407.67673651578264,404.16796183966676,405.3394402226779,407.46550963049447,403.68,364.49
2017-03-27,18,400.13,383.3074992157474,386.0317544971522,384.6899600067607,386.10444772486204,386.3792726643724,394.63,362.17
2017-03-27,19,389.72,380.69202050605577,384.33258234163964,381.14118661867025,382.5416611125253,378.75473036305414,384.71,356.43
2017-03-27,20,383.72,370.6831878367,371.2927049083044,367.0686698199734,369.3680332484424,367.7957242305996,367.22,348.8
2017-03-27,21,366.49,357.44144117176353,356.39832329899446,355.09941799654257,357.0901592923151,358.22626512228123,351.33,347.32
2017-03-27,22,351.97,343.8619741546891,343.83280135811935,340.373141775834,339.1134490592487,345.5036477472506,328.56,339.32
2017-03-27,23,346.13,336.3191813151232,335.91261939250955,335.72995923564974,334.04183740759447,340.7015084614859,323.65,335.81
2017-03-28,0,340.78,342.3909654423443,341.53479245425484,341.7284113670947,341.90568352315915,339.7971094976935,321.99,340.15
2017-03-28,1,340.53,337.8586460402783,336.62075713517703,336.57455358157233,336.97477938875005,338.2772275806296,321.87,336.43
2017-03-28,2,337.29,337.3412021451502,336.49106827031153,336.2785589511335,336.8608566016254,337.1043442142622,320.3,333.04
2017-03-28,3,338.05,335.55749104355027,334.84949300024624,334.53980633614304,335.0396618273791,334.77077666266507,313.08,330.82
2017-03-28,4,346.9,346.6010177795287,345.33985741743214,347.8058909829372,347.41246843089505,343.65284767983445,327.6,345.28
2017-03-28,5,356.09,350.8144986043052,350.3610308883808,351.91160111187764,352.37321662164766,350.18880703265705,337.68,348.07
2017-03-28,6,358.9,355.9301406469415,353.33587894164134,355.9907718735669,356.58359488017226,353.9084803130255,338.81,351.3
2017-03-28,7,370.98,362.9014105775618,361.77087059801556,364.45481391929775,363.72713028650156,363.1522301966705,351.88,358.81
2017-03-28,8,387.36,377.44883036001556,375.57286915953523,378.89731673683866,377.65842250027913,389.6088171443038,369.9,370.49
2017-03-28,9,409.78,394.7065334035365,394.5363715093675,397.90509440034583,398.42856258588256,403.38423466508357,389.78,392.97
2017-03-28,10,422.94,416.9209661778952,417.7193129364197,418.1746594025506,418.5263877690102,416.5458382147788,407.27,420.43
2017-03-28,11,429.54,426.158720452238,425.6773689382666,426.50963830213954,426.33880668027956,424.6902414847797,422.32,417.39
2017-03-28,12,436.21,433.3420022128752,431.0925493639046,432.997225562366,433.14264075849866,430.33240129922956,430.61,420.92
2017-03-28,13,430.1,433.58483827352666,431.7360238584819,433.55807059694536,432.99153086504367,431.6326530095662,432.14,416.5
2017-03-28,14,432.14,436.24425066674894,433.5456050094242,435.1902596527079,434.00881734800504,431.81153690276983,428.81,425.91
2017-03-28,15,438.49,436.44722403648143,433.0656719245657,434.9284153616706,433.88804999644844,432.38837538794286,430.67,429.18
2017-03-28,16,418.71,432.120320013461,428.62939747511683,429.964756547798,431.5341390612164,427.8284104339258,423.58,425.39
2017-03-28,17,403.18,413.82886706782665,412.58871098084967,412.15513677904033,412.1635706234124,417.12887267323117,406.87,407.37
2017-03-28,18,392.64,398.49011306008316,396.8577386098029,398.2710334170098,399.3536598329794,391.9581502971117,388.81,400.13
2017-03-28,19,386.14,389.278812327208,388.07015275133375,388.80069888054095,389.1711232439419,382.58533817823223,375.79,389.72
2017-03-28,20,371.67,381.1006711830339,379.9392183862518,379.5432473806026,381.58128535870304,375.1180560199107,366.83,383.72
2017-03-28,21,357.62,361.8221089518121,360.26967533521275,360.6390820020973,363.45739576921943,363.10470483441276,349.41,366.49
2017-03-28,22,335.43,346.75429336289255,345.5336640565752,343.848775300928,344.42839105141803,350.6065396126296,329.2,351.97
2017-03-28,23,330.23,341.0077638512734,340.1534749969484,341.1224294464326,340.9977018727026,344.1589305488243,320.74,346.13
2017-03-29,0,327.81,336.1094312930128,335.68264420381956,336.1615782952853,334.9124316191113,329.5174334176714,320.46,340.78
2017-03-29,1,327.93,333.7218295408029,333.67024858097074,333.823795902233,332.51894655473194,327.08753150212533,316.95,340.53
2017-03-29,2,328.96,327.2763178985975,326.9439338052422,327.29932135640684,326.3457418447035,325.56979293406215,314.46,337.29
2017-03-29,3,328.21,327.2763178985975,326.9439338052422,327.25673797425725,326.2141126364128,325.6426640922408,312.57,338.05
2017-03-29,4,335.34,340.7653568046342,340.39619622561963,341.0484000695765,339.4026323333195,332.989972711898,324.84,346.9
2017-03-29,5,346.64,348.1126293223014,347.4083954739478,347.32061903887,347.91145573619036,341.2315837386422,337.39,356.09
2017-03-29,6,349.62,353.9844076655801,351.43763229453737,353.0901065549379,354.16958091030193,346.7767567459878,343.37,358.9
2017-03-29,7,355.6,362.11155196939615,360.05585270226345,359.9676529386872,361.3990437121576,353.57328455526806,348.72,370.98
2017-03-29,8,375.21,378.3788692351645,376.37186297653534,379.43622548500707,380.3305254894753,380.16092031846676,365.1,387.36
2017-03-29,9,391.55,402.5485808022693,400.90626660747205,404.8483325595641,405.5929503116914,392.8971144078133,382.3,409.78
2017-03-29,10,410.18,410.0442722805023,412.38017265709607,411.2749042161557,414.09997280258074,401.4113479351696,392.11,422.94
2017-03-29,11,414.42,417.20688565208917,417.010538834952,414.2685737518413,417.39780945021903,411.4935060082387,409.22,429.54
2017-03-29,12,421.48,429.12984792535826,428.67071302869607,428.0946390925303,431.86019333309594,414.2556515960009,409.09,436.21
2017-03-29,13,419.64,427.7194504852953,427.1961500241549,423.69493076037185,426.91221606291003,416.4433077822456,413.41,430.1
2017-03-29,14,430.0,434.7939507729625,433.5289113087078,433.1767227232283,436.09196873904295,420.3488082593131,421.94,432.14
2017-03-29,15,429.73,435.636339020793,434.56734301745973,435.58933700177266,437.85598102674965,419.6422618820467,419.53,438.49
2017-03-29,16,418.68,426.9677747463978,424.9441238242014,425.1435030155385,428.9627559326204,414.9456644628377,416.94,418.71
2017-03-29,17,406.14,409.4406498536633,409.48429957128855,405.41532246281685,408.4325523779421,406.2630376121407,404.68,403.18
2017-03-29,18,392.26,391.49227375365524,391.14568831179946,391.4557381696908,392.4328640828792,380.9169817123498,387.71,392.64
2017-03-29,19,388.83,387.997792510713,387.387800108955,386.91591790382097,386.62399689111004,373.852099818712,379.47,386.14
2017-03-29,20,377.93,373.4734478307931,374.0227712902163,373.9476223304828,374.19992674300454,363.02606860858157,364.41,371.67
2017-03-29,21,364.17,355.17851512396834,353.82454532360435,355.8219291539183,357.3521762713011,351.56042423514396,347.45,357.62
2017-03-29,22,345.79,336.4680910016635,335.0241372621354,335.03783988333095,334.38257081184963,339.44197590082615,330.57,335.43
2017-03-29,23,336.93,332.0075171366494,331.103388290217,331.5424725604988,330.1566759982186,334.09569468807905,324.78,330.23
2017-03-30,0,333.46,329.3182925909411,329.3674285153538,330.54026754535454,330.3382141831382,329.1761440141812,322.01,327.81
2017-03-30,1,333.24,328.98604183963954,328.58092122472505,329.237686927861,328.81365069774984,329.00448437524426,324.2,327.93
2017-03-30,2,330.23,331.32645562807636,330.71294207584765,331.3376293780537,331.07753522705343,328.3428162696718,322.6,328.96
2017-03-30,3,326.69,329.3423891914928,330.31232592022144,330.5540960181303,330.25223256989955,326.68350115983293,316.67,328.21
2017-03-30,4,338.55,337.43522832104827,336.5810532601957,338.63361206653065,337.66526428978506,332.9102161714808,326.55,335.34
2017-03-30,5,343.76,344.37839178670737,344.77385694179367,345.8895633903833,348.19038533181225,339.2805997944031,333.61,346.64
2017-03-30,6,343.45,349.7408607428198,349.38073017293243,351.0830313710524,350.6341981676767,345.05209504072184,340.12,349.62
2017-03-30,7,357.95,357.3120849148547,356.57073112130837,359.02124107223227,358.08477311320223,352.7423728323199,349.64,355.6
2017-03-30,8,376.91,375.9893639699052,374.47399358616383,378.7262134452242,375.82870760836124,382.8569388175125,375.14,375.21
2017-03-30,9,406.25,387.6622501306103,388.46980488412635,392.7242996708559,391.4044192959834,393.7808094289077,389.52,391.55
2017-03-30,10,420.47,409.9867794035157,412.1925267634712,414.4873276718641,411.0712946537776,405.11977362315685,404.99,410.18
2017-03-30,11,424.76,420.18010017050244,419.40764692006,424.2526107895933,417.8217535338962,413.4644290987635,418.35,414.42
2017-03-30,12,432.11,426.3731230909259,426.2529048150409,431.48500380447496,425.2769529153437,417.0320671416099,420.21,421.48
2017-03-30,13,437.23,429.2000455756368,429.2395524243997,434.20304186805896,427.88704206901014,419.4838879373724,423.94,419.64
2017-03-30,14,431.78,433.2467595401007,433.2207730209292,437.5551429835533,430.3915241557121,426.42437879402746,437.81,430.0
2017-03-30,15,430.49,433.49320989978474,433.2207730209292,438.31417725993174,430.9748445054584,428.85270635497966,445.54,429.73
2017-03-30,16,433.36,430.642810647586,428.67435307416196,435.0772408022481,428.72023778425176,422.2376678672443,435.35,418.68
2017-03-30,17,418.14,414.1320978245105,414.61097992474345,416.5611648273359,410.41000159295294,411.55911642118275,417.03,406.14
2017-03-30,18,396.45,397.29331191060817,396.5578483048888,402.54658437517196,396.52507829370666,388.50828379170656,406.04,392.26
2017-03-30,19,380.05,388.41850219704247,389.087969627928,393.0245758233683,388.4546846977478,380.15830638605416,393.54,388.83
2017-03-30,20,371.2,381.97493460892224,383.8081898848554,385.32152008424663,383.13535318153356,371.62050333300914,383.3,377.93
2017-03-30,21,353.48,367.39405184976556,367.27543118871773,368.13300721121345,366.88630961674323,361.95500384616525,370.89,364.17
2017-03-30,22,334.36,351.1150914080273,351.074801658371,351.3523056421619,350.5658635365216,351.06649232501115,356.01,345.79
2017-03-30,23,325.78,339.90675226908553,340.30054847221896,340.33526971719726,340.5755779042963,345.0088575241522,349.47,336.93
2017-03-31,0,324.24,336.4671058007025,336.5161126111531,336.58665118186235,337.14531687878116,331.86870844426426,347.38,333.46
2017-03-31,1,323.77,335.584422341801,335.7118320780237,335.6424339383178,336.05980138589746,329.98181655486957,345.22,333.24
2017-03-31,2,325.32,334.95920305480905,335.05744989454246,335.3471794098762,335.8312900673491,329.21896072923323,344.57,330.23
2017-03-31,3,321.29,323.91669629361905,325.5916802199626,324.3467141651396,324.14726031638526,325.34968560663606,333.76,326.69
2017-03-31,4,332.26,339.84217913154845,339.45284611708354,339.7558688533154,339.894576009628,332.8258856697045,345.42,338.55
2017-03-31,5,342.05,350.657237415461,351.1789925180028,351.66079753694663,351.6071748579405,339.8323141858842,355.97,343.76
2017-03-31,6,342.63,351.9728222423618,352.7607473267479,353.78079448831767,353.1666465424062,343.7942991227159,358.8,343.45
2017-03-31,7,357.64,365.84923345426415,366.6894890483647,366.47421217627607,365.6320239105336,354.1995756490905,372.75,357.95
2017-03-31,8,371.77,377.4560415778192,378.2557250014971,377.55555940504905,377.682125816689,376.0950349143418,377.74,376.91
2017-03-31,9,385.61,397.7484645832919,398.7332986371366,398.30076738205554,396.2517948502452,388.9773339192138,393.24,406.25
2017-03-31,10,402.8,413.22990047214273,415.8264127191252,413.6594916572977,410.6475297567498,400.07779237686435,409.45,420.47
2017-03-31,11,414.82,415.7076683513011,416.21308834736385,419.29158566157844,415.02877823792664,408.9591936629758,424.2,424.76
2017-03-31,12,420.68,427.6989452404305,428.4844748122246,430.51407965959163,428.9321118381928,412.7238867779284,426.5,432.11
2017-03-31,13,418.84,430.1068954803959,431.93936678192927,435.2401591808469,432.2311349893664,413.0440659001462,422.62,437.23
2017-03-31,14,413.61,428.7625353247378,430.1024861965205,431.93855540377905,429.26658693701364,415.99792900165204,431.01,431.78
2017-03-31,15,404.1,427.6590344110925,428.79644610082266,430.84842505213874,427.7476289891442,414.5525746133254,429.05,430.49
2017-03-31,16,397.44,422.3805152624852,424.3270303161506,426.88160966497276,428.1055415932196,408.4300416885876,415.91,433.36
2017-03-31,17,383.24,402.2858718309283,405.5414018895695,405.27886374042225,403.69545795591466,399.31693867261095,402.46,418.14
2017-03-31,18,375.88,382.16721216664956,383.17018295535746,383.1082236289143,381.8545684633279,376.4621336104063,393.82,396.45
2017-03-31,19,368.34,376.30851157170997,377.75186704743714,377.00827249261664,375.86143442352835,368.3313089381118,385.83,380.05
2017-03-31,20,365.45,369.5356667475478,370.79052589468273,370.7592271718592,371.22954699436116,361.61943829270945,379.68,371.2
2017-03-31,21,350.87,355.80953507198353,357.00067348219517,357.03501098275365,357.96905905790595,350.8194330272041,365.53,353.48
2017-03-31,22,329.91,338.5762972352613,338.5325921536138,339.6357009997416,339.6198233596145,338.42244533130685,346.96,334.36
2017-03-31,23,325.31,333.84443574078034,333.1937281948378,335.68219872025946,335.14814476663594,333.2747595998567,342.67,325.78
2017-04-01,0,325.46,325.4434854561658,324.96042297092924,325.42485847753574,325.4908585895211,317.0581564227732,337.75,324.24
2017-04-01,1,323.53,324.88905860236935,324.3570549505592,324.5941760908556,324.7014002716054,315.9823607713935,337.85,323.77
2017-04-01,2,323.86,324.857074473064,324.6317132379551,324.6132034145694,324.72759737230405,315.4385490059797,336.46,325.32
2017-04-01,3,320.87,322.9806330240987,323.23719529280856,323.11649708988836,323.31242489658854,314.84194425648207,334.33,321.29
2017-04-01,4,328.25,333.14869195378583,332.4717397225903,332.2930957832584,332.5208797238038,320.28211541361895,341.05,332.26
2017-04-01,5,329.83,340.215862000921,339.8039550952026,339.69528230777354,339.2084564216288,325.9541046475081,346.79,342.05
2017-04-01,6,334.81,342.77886663637054,342.9782861511739,341.5212091507487,341.8167735672106,330.58495161440004,351.09,342.63
2017-04-01,7,336.51,347.50432974542525,347.7634396840656,347.5038097850229,347.26319214346796,337.5350019954775,355.94,357.64
2017-04-01,8,343.5,350.34186762070203,350.37801331879695,349.5750448406332,350.7819214785688,342.90028897113854,356.47,371.77
2017-04-01,9,345.74,352.16482918288915,352.0878079402184,351.2716489833881,352.33424684060947,348.1313049258908,356.85,385.61
2017-04-01,10,350.45,357.8720201818375,357.0614282453353,356.8187809536453,356.48215132910786,356.4172246434122,364.81,402.8
2017-04-01,11,348.94,355.79322422971416,353.65129468256987,354.98597808367435,354.1400032170426,358.2603274343562,358.93,414.82
2017-04-01,12,349.33,357.6239430549033,355.97686547238453,357.6832431699931,356.57547526049916,362.38223546716995,362.52,420.68
2017-04-01,13,349.76,360.8349773989994,359.8218541027693,360.8103007222562,359.6215536182855,364.88748052362683,366.32,418.84
2017-04-01,14,352.99,360.5354612727443,359.97598438455674,360.1271656731689,359.54826516006153,364.463971108606,365.83,413.61
2017-04-01,15,347.05,359.4338906175135,358.6210146148872,358.10284058230945,358.21204922706465,361.8384670147589,363.25,404.1
2017-04-01,16,344.21,357.38780097122077,356.8091412476814,357.0106015925065,357.92606898808697,359.68194803674027,363.21,397.44
2017-04-01,17,340.73,352.5066916464655,352.2941432495898,352.4799467099315,354.66286513229187,354.1441415815429,358.66,383.24
2017-04-01,18,339.57,351.74610220029183,351.5306550046607,351.1004656022814,353.5548531037209,349.91008918916714,356.95,375.88
2017-04-01,19,339.9,348.45349003098625,348.7550539312365,349.5878758385884,350.7969842842983,346.4646809983006,358.39,368.34
2017-04-01,20,340.22,347.96826324613994,346.89462127807974,348.3558243185208,349.13686154183443,342.2009760470899,356.79,365.45
2017-04-01,21,335.28,339.36880762269885,338.3635307227732,339.2610101870161,338.99266516337406,332.6819489534403,345.05,350.87
2017-04-01,22,326.78,329.70548085408933,328.6906450560794,328.78641746007844,329.43772782738966,324.44694176794036,337.87,329.91
2017-04-01,23,322.91,327.915803054146,326.6083325831678,325.82190602803473,326.21366603687596,320.5446281230798,335.67,325.31
2017-04-02,0,323.19,329.07570312022295,328.65467011240634,330.5673661656497,331.5018252544521,316.01760297415564,336.36,325.46
2017-04-02,1,321.65,325.378795762372,327.5658069305316,327.48203192028467,329.7043370733023,315.10915055991774,337.34,323.53
2017-04-02,2,323.67,325.14574276164234,327.6418111607744,327.37554756712797,329.68620802253196,314.28527150928284,335.6,323.86
2017-04-02,3,323.45,320.54064235645603,324.5236296810008,323.46983771753224,325.948147054143,313.8642116538545,333.61,320.87
2017-04-02,4,328.36,333.2608412454824,337.73463228950243,336.9568303729612,337.81042359832776,319.5077784467337,341.95,328.25
2017-04-02,5,330.19,338.5915576335788,342.0349220909625,341.7876059696127,341.2655820121288,322.9446117259456,344.41,329.83
2017-04-02,6,330.76,341.67873148599233,343.59095686697276,343.95198458018194,341.81308354577,326.17076302896163,343.74,334.81
2017-04-02,7,328.23,339.4978263926998,342.01634535364667,342.4974783709367,339.27855133769384,328.6965322481249,341.2,336.51
2017-04-02,8,331.38,340.53153954153777,342.83031983089154,343.88473976086374,340.31814282047526,333.04035336568126,341.26,343.5
2017-04-02,9,332.25,345.30279678336547,346.9893702111357,348.44679019895534,344.3850977546834,337.82382426983503,344.01,345.74
2017-04-02,10,340.24,349.610175207172,351.1523638102339,351.7201971920064,347.244417610592,342.7972985135282,347.2,350.45
2017-04-02,11,341.03,350.2367039323889,350.91285503194126,351.79802966351895,347.1891333691504,345.0529850878917,346.5,348.94
2017-04-02,12,349.21,359.3475201959521,358.1673225301627,357.9513038854437,355.2545709919434,350.5823818824697,355.39,349.33
2017-04-02,13,356.49,361.3440382027615,360.9096239252513,361.3638425163367,356.4719210822591,354.76382227247086,362.83,349.76
2017-04-02,14,360.06,365.9769647980661,366.3039160645758,364.86618636286977,360.36486316075286,356.8956357220513,366.37,352.99
2017-04-02,15,362.41,369.63130847375584,369.931643439926,367.6426262463494,363.2108447054824,356.51676958998763,368.51,347.05
2017-04-02,16,360.42,367.6702975576666,366.9977817706305,366.53751029259655,362.0881312036967,355.37905625891983,369.94,344.21
2017-04-02,17,355.85,361.17235610060663,360.4054023504119,361.24822235979093,356.43850348262646,350.7550305700506,364.49,340.73
2017-04-02,18,349.11,355.89586498028484,355.814139133537,356.8610798986508,351.82420609455306,347.0147509494296,362.17,339.57
2017-04-02,19,339.69,353.55783274790366,354.38222680066167,353.56941171441423,349.7236714162547,341.71818222591475,356.43,339.9
2017-04-02,20,333.54,351.4241856002351,351.68348535952276,351.9234521133952,348.50467204070037,335.49946242085883,348.8,340.22
2017-04-02,21,329.95,345.6625684034011,344.967770642418,346.4958690667454,343.5271738672438,331.08232958335833,347.32,335.28
2017-04-02,22,321.41,338.66649531560194,337.196814618642,339.21457215837034,337.4170328431745,323.99533724550713,339.32,326.78
2017-04-02,23,318.4,334.40877706420497,332.676897537447,333.75610564433896,333.9863465670069,319.6711051235965,335.81,322.91
2017-04-03,0,318.77,330.62429659718447,333.0640939394944,335.1089068653166,334.16593345376947,329.11539898436564,340.15,323.19
2017-04-03,1,317.66,325.94427422243126,326.23502664649385,326.915083687908,327.65573542635224,326.4520512237692,336.43,321.65
2017-04-03,2,319.17,322.8528792729964,321.5938154308542,323.1541854895037,323.97577792334187,325.2047497659112,333.04,323.67
2017-04-03,3,319.54,322.8528792729964,321.5938154308542,322.8831117612386,324.13631562846336,325.0343252317373,330.82,323.45
2017-04-03,4,338.03,339.97389681334585,340.18479406989246,340.01423903514853,341.03709068295126,332.76479466357523,345.28,328.36
2017-04-03,5,341.73,347.41599996868814,346.0004722148578,347.01879744121663,346.44527089303256,336.36526628192865,348.07,330.19
2017-04-03,6,344.6,353.240644554664,353.50255472903234,352.46484129006467,351.72950060553814,340.5831713565601,351.3,330.76
2017-04-03,7,350.5,355.1052722281447,354.6880527483991,355.51752347067816,354.9917802803012,346.49605429386145,358.81,328.23
2017-04-03,8,370.81,368.315419795059,367.8803682740565,364.15162402200076,365.1037992894227,369.2515360943493,370.49,331.38
2017-04-03,9,388.95,384.38334556396194,386.9159108076217,383.97967765225263,383.9932733376642,381.49441403273045,392.97,332.25
2017-04-03,10,402.09,407.8368963425665,411.65214110028717,405.93777293808665,409.4495925438911,396.22724019308436,420.43,340.24
2017-04-03,11,411.44,410.42049108574395,413.69044215587206,411.00479865487273,413.1279871587337,397.83261085683705,417.39,341.03
2017-04-03,12,414.3,416.5428241903286,422.03247490057953,420.3439481547147,424.508714722614,402.1884662092076,420.92,349.21
2017-04-03,13,419.61,414.9132443169406,419.61357924389665,419.15565156494887,422.65156494378147,402.5717134022606,416.5,356.49
2017-04-03,14,423.65,418.73812479051236,424.28415747648444,420.5784040738256,424.7731844080467,406.9980106891586,425.91,360.06
2017-04-03,15,425.43,421.0063387983404,425.9763479538022,423.9329913995288,427.13454917514974,408.01802167772263,429.18,362.41
2017-04-03,16,416.28,417.96365396863007,423.1092865809569,420.17673593021624,423.856921821556,404.950880966497,425.39,360.42
2017-04-03,17,403.63,409.0854089330051,410.458853481555,407.0752248697861,407.4412319253616,395.330238398965,407.37,355.85
2017-04-03,18,390.66,394.5910738748423,394.5775955603735,392.97681288853147,395.22247251570064,374.6524276453777,400.13,349.11
2017-04-03,19,379.68,385.03084562534093,385.75183444845794,386.1476671589502,386.7300182837925,366.4045932260099,389.72,339.69
2017-04-03,20,366.99,381.35180205582316,381.79515865807076,383.1925798183074,383.43666480784583,360.0615877844881,383.72,333.54
2017-04-03,21,357.42,361.87103892099543,361.97350061334384,363.50550961446794,362.78720971267904,349.7220626054599,366.49,329.95
2017-04-03,22,338.5,349.43406321838876,349.54673574500487,350.741728632364,349.95429040149554,340.12223658821404,351.97,321.41
2017-04-03,23,332.24,340.94487120819065,340.9069347451722,343.5837687309839,343.0803456056926,335.01390955573913,346.13,318.4
2017-04-04,0,328.49,335.339335998225,334.94852851384866,336.8704990866736,335.5488387459242,334.93785604522185,340.78,318.77
2017-04-04,1,327.47,335.2388911863856,334.0248411840133,334.2953184312429,333.7189362584652,333.6785692124845,340.53,317.66
2017-04-04,2,324.35,330.873785818617,330.3831972991758,331.40921016020184,330.40933840294997,332.43985071669067,337.29,319.17
2017-04-04,3,321.6,330.873785818617,330.3831972991758,331.3670042451685,330.40933840294997,333.500525930791,338.05,319.54
2017-04-04,4,329.94,340.52744757881754,339.9591756518014,340.6733634495191,341.3181699213189,340.66609120149815,346.9,338.03
2017-04-04,5,339.65,351.75569904838545,352.52757108617453,353.1031594100064,352.81714793735784,346.96635009357254,356.09,341.73
2017-04-04,6,350.46,353.7520952218174,355.5048801652654,356.174004140378,355.4043265568499,351.29394135159254,358.9,344.6
2017-04-04,7,356.2,361.773120534001,362.91429381199424,363.6606830815795,362.7387554290997,359.96484158670853,370.98,350.5
2017-04-04,8,377.92,379.28758843467836,381.8091057547027,382.4136388232958,383.1056980361276,386.75473943146295,387.36,370.81
2017-04-04,9,403.52,398.3226427838969,402.8424699890926,402.1886791838661,403.4455504907673,400.9995768963911,409.78,388.95
2017-04-04,10,417.96,411.35289571515364,415.6142033090266,414.26583549275637,415.81354194373654,410.79841763566355,422.94,402.09
2017-04-04,11,430.48,421.32123408670424,422.665353259117,426.2364072647813,423.4449154493107,417.12897316108774,429.54,411.44
2017-04-04,12,433.71,427.4659795643441,429.00910822742014,434.14899567371094,431.5875546820256,422.0619570565486,436.21,414.3
2017-04-04,13,426.18,426.6199800827422,428.9303090953979,433.47020646423954,431.37487632625016,421.54839485229127,430.1,419.61
2017-04-04,14,422.31,426.37314525223957,428.59739145016385,432.440219189143,430.6807456022459,423.1688804705092,432.14,423.65
2017-04-04,15,424.69,427.8003848060905,429.81234920127366,433.9864078235951,431.50818213607397,425.30400700781155,438.49,425.43
2017-04-04,16,419.04,421.2610674341467,423.72003658328987,426.88193983601286,427.6812664929374,415.2028431926456,418.71,416.28
2017-04-04,17,401.66,404.49447423939694,408.56124395974456,408.16539260543556,407.6688061950795,405.5901293810491,403.18,403.63
2017-04-04,18,387.0,386.89423666416576,388.7575276841528,393.930411702547,392.0839252924262,382.6996303022418,392.64,390.66
2017-04-04,19,377.7,383.38231770562754,384.92333107961133,387.0942469457844,386.8843828626149,375.7820210997119,386.14,379.68
2017-04-04,20,367.75,372.01182747669384,372.51363762278834,374.09739889245634,374.6498090780892,365.3978528824737,371.67,366.99
2017-04-04,21,354.67,357.0084423287057,357.6703592676819,359.73921437245906,358.1849601256359,355.59158687248475,357.62,357.42
2017-04-04,22,333.58,337.9268878079306,337.25478604418186,339.141257272917,338.39817772821675,341.8128733508624,335.43,338.5
2017-04-04,23,327.69,332.97828817667687,333.10036122798954,333.7868325167382,334.2491479266129,336.58023764887383,330.23,332.24
2017-04-05,0,327.91,327.1578959707257,327.71287959354856,328.68320446900344,327.4307542960956,327.50055970903685,327.81,328.49
2017-04-05,1,326.0,324.4070533993148,324.4686712197135,324.1653867801842,323.7381336087602,326.38758398495366,327.93,327.47
2017-04-05,2,327.51,324.1217149498581,323.23316636219715,323.8576601648055,323.79080550984224,326.24871039870857,328.96,324.35
2017-04-05,3,321.78,323.7423091079233,323.11515833675065,323.59679261517726,323.65750881914863,326.35231775785485,328.21,321.6
2017-04-05,4,330.3,333.57234402053194,333.7489656336845,334.21841080487155,334.6903236857327,331.6537575331873,335.34,329.94
2017-04-05,5,337.27,343.084203740745,343.3059081632929,342.420804698633,344.3933297866651,339.4744505910128,346.64,339.65
2017-04-05,6,341.84,350.0149594924923,350.75499703647273,349.42700763509015,350.6569729602372,344.8011096148568,349.62,350.46
2017-04-05,7,349.63,354.458314433545,356.1109698143282,354.97249778201325,355.94064236960315,351.0948223245174,355.6,356.2
2017-04-05,8,367.44,376.1956039632155,376.33239514493374,377.06534769645293,377.80220350323305,379.46822299698914,375.21,377.92
2017-04-05,9,384.11,392.16878183344096,394.82595958516777,396.1709784686828,397.39623471435846,392.24380558031197,391.55,403.52
2017-04-05,10,400.56,412.11889256369676,416.05426571211706,413.76841599923534,415.69467000666845,404.3171899637194,410.18,417.96
2017-04-05,11,410.82,417.95985900252765,418.84113293327795,419.55090646496853,416.56892449097774,410.1148464603491,414.42,430.48
2017-04-05,12,422.82,433.62099358778454,435.3464446425088,437.0841247009581,435.65624884679573,415.24959645953027,421.48,433.71
2017-04-05,13,416.71,428.7265377577044,430.6819507527414,431.12080791870557,428.55998337816146,414.8840893198162,419.64,426.18
2017-04-05,14,419.96,427.8778858548756,430.1458618588661,431.90145025718573,428.69425916042775,418.79867496501856,430.0,422.31
2017-04-05,15,416.15,427.8778858548756,430.1458618588661,432.66048453356416,428.69425916042775,418.4498565879019,429.73,424.69
2017-04-05,16,415.7,423.40375638437695,424.9655420274383,426.41638060474224,425.0139374326997,412.14162145350747,418.68,419.04
2017-04-05,17,394.14,405.0772287044665,407.50667480728174,406.7015811609946,403.35273799165486,403.1316462835259,406.14,401.66
2017-04-05,18,383.38,387.8437404886792,389.5424367697586,391.3726267830926,388.29988272455114,378.58597518358897,392.26,387.0
2017-04-05,19,380.48,383.21762361956166,385.76406352056216,385.76224714313446,385.2415631639025,373.05247873577747,388.83,377.7
2017-04-05,20,368.01,373.4121933921801,372.96443641278734,373.5456093717042,374.1520259697573,364.3686613410328,377.93,367.75
2017-04-05,21,352.45,358.194501671992,358.41039675825795,360.55771321405444,358.18872749184584,354.25700854121135,364.17,354.67
2017-04-05,22,337.76,340.08433199392306,338.6010961139997,339.9082834486378,338.85429262449134,341.6906600482915,345.79,333.58
2017-04-05,23,327.31,330.5173237935059,329.9221549212124,330.7906059815296,330.16961981156027,335.0790791432197,336.93,327.69
2017-04-06,0,325.33,323.32324424257087,324.652641101823,324.3292817414398,324.74187675263556,328.8836799061179,333.46,327.91
2017-04-06,1,326.47,323.2389768080065,323.84247440583016,322.8590407979763,323.7345667699082,327.54090992335654,333.24,326.0
2017-04-06,2,325.09,323.60589686264336,324.09956359052103,323.5731958731541,323.8341499723193,326.3902631438726,330.23,327.51
2017-04-06,3,323.89,322.73872940762175,323.4128892907863,323.18030215940485,323.1422410466478,325.06926240708873,326.69,321.78
2017-04-06,4,333.77,332.6829134961339,333.11472578635653,334.43677441434517,334.19477304068454,332.22528341447406,338.55,330.3
2017-04-06,5,340.75,341.48095690081,341.24602092375136,342.09403517015204,342.98774680853165,337.37058309384315,343.76,337.27
2017-04-06,6,344.93,345.7570550280088,346.76966501774774,346.8311522760335,347.1816152237511,340.69134481005517,343.45,341.84
2017-04-06,7,358.39,351.9378592499764,353.29218582777065,354.34836455537516,353.6743354853387,350.52076154595255,357.95,349.63
2017-04-06,8,377.3,373.8824427694001,373.19972871387137,374.7291817000701,374.46051426937004,377.88655558765635,376.91,367.44
2017-04-06,9,397.88,394.716863886837,396.8355424393644,396.20072532431544,397.57584612921715,394.63549377302087,406.25,384.11
2017-04-06,10,409.97,409.0580357687659,411.92941571722554,411.7521407467631,411.4758504141418,405.23456131441804,420.47,400.56
2017-04-06,11,434.9,420.80921293071356,420.7065592030233,422.6617152911868,420.45700276352187,410.7796296394029,424.76,410.82
2017-04-06,12,433.8,428.02409179117177,427.5588535564826,430.7569407929146,428.50567333624065,417.05206325727823,432.11,422.82
2017-04-06,13,435.01,429.62486844691404,429.65950607364914,432.6485801765385,429.4905051726256,419.5391711339296,437.23,416.71
2017-04-06,14,432.29,427.9419339537007,428.44971289791744,431.5030524389916,428.70507886788664,418.17063388273505,431.78,419.96
2017-04-06,15,436.65,427.9419339537007,428.44971289791744,431.9352655294576,429.1288827512117,416.69378685897385,430.49,416.15
2017-04-06,16,426.18,427.05280557064395,425.9053187778796,430.5307385156221,428.47281411764584,416.3773977274251,433.36,415.7
2017-04-06,17,408.23,409.7648424301258,410.8887251430301,410.7921941201423,408.5194481572159,405.8365249842064,418.14,394.14
2017-04-06,18,390.46,388.8495318449292,389.9310521278983,391.3909384832003,390.89652384085815,379.0218289847954,396.45,383.38
2017-04-06,19,379.02,380.82525294577135,380.8283972647697,382.4661193468288,382.4845705902959,369.22577500315873,380.05,380.48
2017-04-06,20,376.74,371.34903985620764,371.29027519351433,372.50710076084164,373.95421243732227,361.04080709889297,371.2,368.01
2017-04-06,21,364.24,351.64611054742704,350.5474866893545,353.07522814984395,352.4535716490233,349.10965466367446,353.48,352.45
2017-04-06,22,344.81,334.7790467818669,334.0073019768043,334.6131450488964,335.07557142346053,337.0153196365012,334.36,337.76
2017-04-06,23,333.84,325.4335502772831,325.59590094308396,326.68530032674187,327.13111836543607,329.9814634541827,325.78,327.31
2017-04-07,0,331.07,328.7632323287489,327.8768330653348,329.7310518371443,329.0129885352934,327.6173398386332,324.24,325.33
2017-04-07,1,330.49,328.89807976059063,328.1057437152181,329.09919408801204,329.5143293534717,326.5494528032392,323.77,326.47
2017-04-07,2,325.98,329.4721323289434,329.6575150937414,330.324589891024,330.04053028647155,326.8342651993425,325.32,325.09
2017-04-07,3,325.58,328.62440029101504,328.1057437152181,329.0202672053217,328.4055085205428,325.8669356020422,321.29,323.89
2017-04-07,4,335.85,338.68267811341656,338.59659825354737,339.6626286238689,339.39199885553444,332.84654581062046,332.26,333.77
2017-04-07,5,341.85,345.0330243892264,346.48193530416654,345.81222399622254,345.05807644644915,339.7693531040957,342.05,340.75
2017-04-07,6,345.35,348.013138157425,349.38561511515604,348.2406653018518,348.3817761840143,343.39012502094863,342.63,344.93
2017-04-07,7,349.04,359.13984609829794,360.26742479512666,360.03835130546935,358.70937610303906,354.0823077408759,357.64,358.39
2017-04-07,8,367.49,378.7724746615352,378.81535437657067,378.1364580589002,377.6032894193544,379.44598844825657,371.77,377.3
2017-04-07,9,375.59,393.08124643765973,393.0447867477944,394.322764096259,395.1314957390877,390.6521937526413,385.61,397.88
2017-04-07,10,391.88,411.4407233882163,412.4948326026158,411.2143072903473,410.5596372270125,401.87679802820674,402.8,409.97
2017-04-07,11,402.58,421.8230428404201,421.75801719539203,424.82416035507265,421.9856553444865,412.12601842221903,414.82,434.9
2017-04-07,12,408.6,431.78108923661205,431.84973822554707,433.5460198829387,433.0414908937589,416.26801013175486,420.68,433.8
2017-04-07,13,407.04,431.9829770692022,432.07190399336105,434.78195264612776,433.26454679323183,416.9118036934933,418.84,435.01
2017-04-07,14,416.63,422.69350924927744,423.14676349708475,423.7259830436832,423.4076782449947,414.9140527152782,413.61,432.29
2017-04-07,15,408.7,420.3246414697454,421.02274542819407,423.64097619278846,421.6806712475187,411.209107057222,404.1,436.65
2017-04-07,16,401.57,413.82961680674146,413.99888153014007,415.9075734061152,415.55562137914137,406.0199142726365,397.44,426.18
2017-04-07,17,381.91,402.613944155731,404.0295490291894,403.78555931376917,401.3517003912149,396.2934390716668,383.24,408.23
2017-04-07,18,368.77,381.6375871382708,382.0225554624768,383.4816991493846,381.0952620802795,374.45323858165256,375.88,390.46
2017-04-07,19,366.44,372.53227331413336,372.41141724648656,373.22885555060606,371.5676455518268,367.0808000242853,368.34,379.02
2017-04-07,20,366.19,370.8394592396492,371.0173361901769,372.1505936544048,370.9590049654749,362.40495628394063,365.45,376.74
2017-04-07,21,351.97,357.1722736004524,356.9681737412093,359.59277412543673,358.17719618284565,352.0561364391901,350.87,364.24
2017-04-07,22,332.31,339.3008234262531,338.0901229507358,339.99736677079494,338.94545671906536,338.70253765682816,329.91,344.81
2017-04-07,23,320.59,331.70038879373925,331.4078172189452,333.30156724603694,331.9657114572531,333.15868508849195,325.31,333.84
2017-04-08,0,319.93,323.3177015279968,323.0039666009726,323.8735886765482,324.1139314642962,317.5776962087169,325.46,331.07
2017-04-08,1,238.88,321.44685787376756,319.929437450156,321.1223958929889,321.20393185234366,315.7475523790611,323.53,330.49
2017-04-08,2,77.98,318.90848399843964,317.5365510209045,318.46431438988503,318.3488048372734,315.19669266561505,323.86,325.98
2017-04-08,3,238.25,318.90848399843964,317.5365510209045,318.49623558343313,318.3488048372734,314.72960653052473,320.87,325.58
2017-04-08,4,320.98,327.696479684613,325.47291516544635,327.7844359232066,326.5792172964037,320.36954518942724,328.25,335.85
2017-04-08,5,325.77,331.93901590030526,330.19150517226643,332.3493857728139,331.1664464167131,324.00346993873205,329.83,341.85
2017-04-08,6,331.27,335.65323787850963,334.55801342332416,335.5317023333184,335.20098413621116,329.24667652669586,334.81,345.35
2017-04-08,7,328.72,338.59034284996244,337.1103178097383,338.59083765980097,337.8998714301612,333.64061502557155,336.51,349.04
2017-04-08,8,339.86,345.1744438565364,344.36912676748875,345.26610263046445,344.591448641288,341.99591537542074,343.5,367.49
2017-04-08,9,341.91,347.36918073774007,346.6694482706553,347.2949067655647,347.62846588895815,347.24405363849246,345.74,375.59
2017-04-08,10,345.26,350.18770427223825,350.0896962867362,351.285451262758,350.3468964031521,354.13204094639826,350.45,391.88
2017-04-08,11,340.95,351.71553482158953,350.5036373061605,351.83141990974786,350.952529890096,357.46926300729297,348.94,402.58
2017-04-08,12,256.32,353.8103194272936,353.3770492875742,354.3573113792826,353.6518952028347,360.3285647128729,349.33,408.6
2017-04-08,13,342.28,354.0164456186164,353.8299150393027,355.1066586436142,353.7275508102492,361.5195717655871,349.76,407.04
2017-04-08,14,343.08,355.2217335182991,355.29826338780225,356.7837600571903,355.40018756783854,364.23794764615815,352.99,416.63
2017-04-08,15,338.46,351.8375606299528,352.1129370275131,353.4597411197543,351.701288867563,360.4637837921553,347.05,408.7
2017-04-08,16,336.6,349.75488969354166,350.17705726104856,350.9873332727068,350.7901721887192,357.1421246955901,344.21,401.57
2017-04-08,17,338.2,342.79472649367074,343.1088053164142,343.13583966086225,343.71987898683886,351.3588111432781,340.73,381.91
2017-04-08,18,336.47,342.73873722732685,342.97375294551824,343.3953112135526,343.5599823734542,346.6516014351336,339.57,368.77
2017-04-08,19,338.38,340.80240009551903,340.81917817629085,341.42513100022603,342.51393212619644,343.3956849865075,339.9,366.44
2017-04-08,20,333.22,340.06504719937203,339.5008830526401,341.08146718014683,341.45946077048245,340.20212175550273,340.22,366.19
2017-04-08,21,326.44,334.04262674355965,334.8700646638497,335.96741347129296,336.58657342834033,333.3823948217266,335.28,351.97
2017-04-08,22,318.17,324.15847016453426,323.841338269832,325.77013600898715,325.3621873088931,324.82482162293616,326.78,332.31
2017-04-08,23,314.93,317.89909456280964,317.0090794225986,318.4703638701907,319.02114857099855,319.479561084257,322.91,320.59
2017-04-09,0,232.86,318.22910452738796,317.8686263475158,317.30776256973513,317.8570473730019,315.7112939880484,323.19,319.93
2017-04-09,1,158.1,314.99767104305266,314.3087426887581,313.9418059175745,313.4550568765128,304.5549802889402,321.65,238.88
2017-04-09,2,240.96,315.0144646263504,314.70623819562036,314.0626870758513,313.6268680410747,286.2479237215996,323.67,77.98
2017-04-09,3,319.26,315.0144646263504,314.70623819562036,314.02048116081795,313.6268680410747,305.7514311584256,323.45,238.25
2017-04-09,4,329.1,325.5747102497003,324.86552634643226,322.84124497388467,324.288982297556,318.95724638346496,328.36,320.98
2017-04-09,5,330.15,328.22050141446164,326.92670612566604,325.2511980675258,326.89823886754266,322.54231164626094,330.19,325.77
2017-04-09,6,330.23,331.5012888058625,330.03918176059335,329.71830086550636,330.03095154423653,326.3140908617735,330.76,331.27
2017-04-09,7,330.5,328.84569828330996,328.1860265464736,327.20801203568317,326.96647167392655,328.33879835527256,328.23,328.72
2017-04-09,8,331.07,332.07954382468563,331.69162057869306,330.28147037645965,329.6060265670876,334.3518967019568,331.38,339.86
2017-04-09,9,332.76,333.05429919990013,333.5763048447726,332.7665502374872,331.696062208248,338.3633072041619,332.25,341.91
2017-04-09,10,330.36,337.77242079363845,338.77098873248514,339.01562671116733,338.05652565222385,345.0038696385354,340.24,345.26
2017-04-09,11,166.97,337.45394707405933,338.431355676548,339.4344248652254,337.28235979816117,347.4721353238695,341.03,340.95
2017-04-09,12,0.0,343.83319750894714,343.16705712635263,346.5731747993627,343.1188238077059,342.6859918644466,349.21,256.32
2017-04-09,13,349.99,347.0093344875145,348.39738918324565,350.83170278634884,346.5692670001143,356.8329895295437,356.49,342.28
2017-04-09,14,352.14,348.0556008601177,349.3532062662043,351.8904616735018,349.4591363394594,358.6562266454236,360.06,343.08
2017-04-09,15,353.87,347.33431816147294,348.2246098081374,349.8606538397827,347.6875467343715,358.48449905166683,362.41,338.46
2017-04-09,16,350.11,345.8984871973492,348.0205296328188,348.4467655576481,347.54453450318266,356.1167626403974,360.42,336.6
2017-04-09,17,351.4,345.35243831798925,346.87106262415574,345.64558299469536,344.68771851693566,352.4166712010772,355.85,338.2
2017-04-09,18,346.61,342.8875135971424,344.0343988945674,343.02795569005383,342.5109081685125,346.8949328932425,349.11,336.47
2017-04-09,19,339.14,340.37661683872864,340.9338372251857,341.13598316561337,340.4670107557318,340.36578333732234,339.69,338.38
2017-04-09,20,335.45,334.67145843934026,334.68136427498104,334.5512337284974,336.01091122453477,334.0888529768123,333.54,333.22
2017-04-09,21,333.42,326.43862085208815,326.44616912543154,326.49225015513963,326.92563512652265,328.66167756710564,329.95,326.44
2017-04-09,22,326.09,319.60714430642366,320.42117696340335,319.46774152778926,319.4415259256705,321.4222968941895,321.41,318.17
2017-04-09,23,324.99,317.7939610693623,318.4914245765321,317.27061494050264,317.48462240901813,317.39982894492493,318.4,314.93
2017-04-10,0,334.17,315.69182109500156,313.4147661563323,316.02616249158433,318.1891344029526,316.6573943454695,318.77,232.86
2017-04-10,1,324.28,314.3333988436482,312.2427570116248,315.14985337880825,315.3054622756723,306.39606506575063,317.66,158.1
2017-04-10,2,324.21,314.44318363237284,312.64025251848705,314.99891507741785,315.74821036347464,316.5639548441254,319.17,240.96
2017-04-10,3,321.99,315.99628661513714,313.5382264149424,316.3410430227618,317.2575526914646,326.6411954285852,319.54,319.26
2017-04-10,4,340.4,325.7435753117587,323.9751428141427,323.81244552634604,328.2778802800249,336.5155275868871,338.03,329.1
2017-04-10,5,347.25,334.5909376177406,331.0700163891017,331.47601969972237,335.7627014071296,340.3793583207538,341.73,330.15
2017-04-10,6,347.84,336.9760404517212,334.4789901245,336.2182300305471,336.89221460394145,344.40144925364586,344.6,330.23
2017-04-10,7,356.39,339.94051508008323,336.6935722096683,337.0228434466175,340.0665324656751,350.0200121636363,350.5,330.5
2017-04-10,8,375.57,353.10450321831223,350.96091363674805,347.46437152627374,351.05199962016667,376.20038163504563,370.81,331.07
2017-04-10,9,387.95,361.7919211587164,361.09268879633186,360.1210257036299,362.5018430584152,386.85609046787124,388.95,332.76
2017-04-10,10,401.06,376.912623291347,376.56607011313594,375.6240936719167,381.8097114619501,394.82112840204326,402.09,330.36
2017-04-10,11,413.61,386.6788964149439,384.3150518959292,383.0289436858158,385.26387172296745,381.8921663070658,411.44,166.97
2017-04-10,12,419.76,393.70492841299335,387.8088879984899,386.3412679199905,391.66309519982127,365.37101125773773,414.3,0.0
2017-04-10,13,419.7,398.9629336965078,394.8474279477247,392.64549856586007,397.4363031242362,409.83555140139975,419.61,349.99
2017-04-10,14,425.03,399.60460241914967,396.213051534336,392.74105730158675,398.22171641254,412.01010882857474,423.65,352.14
2017-04-10,15,422.85,399.60460241914967,396.213051534336,392.74105730158675,398.22171641254,412.3742880384832,425.43,353.87
2017-04-10,16,420.1,395.009512071987,392.1067623841455,390.40999220774773,394.8265888891153,407.02070527022,416.28,350.11
2017-04-10,17,404.23,380.41383916869387,378.4653014951332,378.56911190793494,382.6265052457462,400.1634124318348,403.63,351.4
2017-04-10,18,391.89,371.75854492504055,367.87538615685025,367.26147986660305,371.8267013934789,377.10397563227946,390.66,346.61
2017-04-10,19,392.38,362.92977753953403,357.9627145702711,360.05779463039363,363.4778093651597,368.86621538919076,379.68,339.14
2017-04-10,20,375.74,355.5714888593683,350.3841746728171,351.54237927071233,355.75452074218884,360.2283183523204,366.99,335.45
2017-04-10,21,361.27,345.2169546436187,343.6799959420322,344.9495985145019,345.87416406904924,353.040109394738,357.42,333.42
2017-04-10,22,344.51,330.4745060125104,329.33658173506615,329.73672266815146,331.20556661474654,341.887429575364,338.5,326.09
2017-04-10,23,335.59,323.4214013951114,320.88389239573013,322.6924893663189,324.7646356268579,336.84906755661115,332.24,324.99
2017-04-11,0,336.55,331.57471338137145,329.5806388431392,328.34844181850445,329.35851436859383,336.1629309935607,328.49,334.17
2017-04-11,1,333.74,325.8153796795919,324.36731340768563,324.3808857813851,325.229187958635,333.5716773143148,327.47,324.28
2017-04-11,2,331.15,324.5184540820092,323.12477782303836,323.10796998136465,324.0640888429777,332.1925055426456,324.35,324.21
2017-04-11,3,329.16,324.5184540820092,323.12477782303836,323.10796998136465,324.0640888429777,331.5900199751193,321.6,321.99
2017-04-11,4,337.32,336.7940054894106,337.0547612883052,336.8255893059571,337.4587078473632,338.5482900311705,329.94,340.4
2017-04-11,5,348.21,342.11006441833393,343.49606948477367,341.5695517507985,343.9761380639064,345.4199347784013,339.65,347.25
2017-04-11,6,350.27,348.48114609628965,349.9460946047782,348.1196683926121,347.9028655211352,352.5733146835477,350.46,347.84
2017-04-11,7,359.99,355.43928047322527,357.3688350154233,355.1569716572796,354.3351844603639,359.10401162048186,356.2,356.39
2017-04-11,8,382.55,365.4063789384445,366.8067294077575,368.4891340856585,367.63045080074534,387.7184901276044,377.92,375.57
2017-04-11,9,403.04,386.06805727299286,387.8226557387544,388.8037293340411,387.7634761051436,402.5161301301191,403.52,387.95
2017-04-11,10,430.11,404.70110517132287,408.31499072294866,407.43729036278785,406.5836192945329,412.8073298096878,417.96,401.06
2017-04-11,11,436.37,418.01374270609574,420.5421018828559,420.18260627513615,413.59683705736745,421.8050880661907,430.48,413.61
2017-04-11,12,448.65,425.63209149733973,425.7270255893078,425.03084362795744,417.6034431604229,425.7957119624563,433.71,419.76
2017-04-11,13,441.15,424.91810862142705,424.7436990464649,423.3579965763932,416.77777015373306,424.1020674458074,426.18,419.7
2017-04-11,14,440.42,423.45402666698106,421.9074928403702,421.68261181279087,414.51622959621693,423.58945002680167,422.31,425.03
2017-04-11,15,440.28,424.31667931453916,423.5071059791002,422.7084257675587,416.3696398336141,423.72392466168753,424.69,422.85
2017-04-11,16,437.6,421.1569850296846,420.6368660516019,418.9359705392768,413.4363403305608,419.8416089769741,419.04,420.1
2017-04-11,17,419.51,400.2631970542254,399.55553437807515,397.6891063789096,396.0233476731493,409.13486057102364,401.66,404.23
2017-04-11,18,405.91,385.08793948732637,382.89628440689984,382.3599353837295,383.09922649326137,384.83334091125846,387.0,391.89
2017-04-11,19,394.18,382.2839464718834,380.4064057134653,379.09034798974614,378.9027123363085,378.18228321461885,377.7,392.38
2017-04-11,20,377.97,371.7014332659512,370.088172040802,369.46647473048006,369.05187629099044,369.0811577464082,367.75,375.74
2017-04-11,21,371.29,355.67933394453627,355.13128497593743,353.2536304670523,353.16804730209054,359.07286244769307,354.67,361.27
2017-04-11,22,348.24,340.7327231883828,340.71921368074914,336.35827175606363,337.69247738464327,345.972950623108,333.58,344.51
2017-04-11,23,338.12,331.0821515894599,331.20778011855765,329.02499729614453,326.96569408433044,340.15949113861194,327.69,335.59
2017-04-12,0,339.24,333.012281428257,331.4669711188158,331.73069450209647,331.30807764683107,338.11441306503525,327.91,336.55
2017-04-12,1,335.55,331.9780866935131,331.11286467361174,330.9507312056784,332.12090746769326,336.0201333176151,326.0,333.74
2017-04-12,2,335.87,332.87370680690026,330.86508886968585,331.5985715279242,332.4861562576192,336.1427676014461,327.51,331.15
2017-04-12,3,336.35,331.4455548160354,328.9945611516011,329.77501553192127,330.9004089649316,334.4212441765652,321.78,329.16
2017-04-12,4,344.75,336.75827167292755,336.0298201350842,336.70613515404915,337.22490086545406,340.24801165160034,330.3,337.32
2017-04-12,5,354.1,345.03269691868417,345.31682645931687,345.81220367642084,348.1607573793909,346.53840216927847,337.27,348.21
2017-04-12,6,353.89,350.0587458420277,350.70340394421066,350.45459839979287,350.9553459689014,351.4523411068428,341.84,350.27
2017-04-12,7,359.88,358.7469524359454,359.3184630301722,359.4650896124242,360.35763676637066,358.91253297523906,349.63,359.99
2017-04-12,8,383.05,377.41761823465663,378.66206696919124,379.02014039390525,378.79406689475184,386.19792275049645,367.44,382.55
2017-04-12,9,397.05,389.1221732052109,389.45852981295644,391.2266142822973,392.1080477463594,398.490965557586,384.11,403.04
2017-04-12,10,411.58,409.3024829791938,408.0158287726868,410.31233864962286,411.01841764958186,411.1957471658805,400.56,430.11
2017-04-12,11,419.02,412.84462075844976,412.17667588543344,415.3208209829063,413.2423571938898,418.5716983349389,410.82,436.37
2017-04-12,12,429.21,430.71273390670893,430.25043358811166,432.7551853404043,425.80029549000466,426.6675438683382,422.82,448.65
2017-04-12,13,427.04,427.9825353447901,428.289419630399,430.7478665336607,423.5250659536389,424.63955596729784,416.71,441.15
2017-04-12,14,436.04,428.9408476231994,427.7601843140711,431.1808572921848,423.62336093241834,426.16015312554185,419.96,440.42
2017-04-12,15,434.25,427.7357005142875,426.56320736265985,430.2934913906467,422.73617842998135,424.13403826002394,416.15,440.28
2017-04-12,16,432.02,423.5389449356848,422.2710053599091,424.1278938584261,416.84016977344083,422.26621365934574,415.7,437.6
2017-04-12,17,416.56,400.91979077163796,401.45973541486006,399.5288888491936,393.85630974804883,409.67838704341364,394.14,419.51
2017-04-12,18,404.22,392.8052476660637,389.365413828625,391.0593167476803,386.9298880314613,386.9473470309903,383.38,405.91
2017-04-12,19,399.67,383.26877915156916,380.3279130992788,382.88360111149973,378.8639943638704,381.33481326837546,380.48,394.18
2017-04-12,20,380.18,373.2645881349317,370.95158049120164,371.6832051146047,369.76293961954275,371.31274081090055,368.01,377.97
2017-04-12,21,372.74,361.3539972023747,361.5514812585696,360.6900127087134,360.29727895481057,361.26685964744416,352.45,371.29
2017-04-12,22,348.08,344.10995419351735,343.9535865280536,341.5582205597875,341.543752732617,349.90866893415784,337.76,348.24
2017-04-12,23,339.57,332.67199252117405,331.66166403962416,331.45587386958414,329.9207244209424,342.19786750931235,327.31,338.12
2017-04-13,0,338.63,336.87353658489627,333.9378695680458,333.73149497216696,332.691476564208,337.526886896443,325.33,339.24
2017-04-13,1,338.33,334.4691922192678,332.2326028398679,332.23390896514115,330.8116710395141,336.5174255488969,326.47,335.55
2017-04-13,2,331.36,334.61301048702705,332.2326028398679,332.23427731222995,331.13110546333394,335.8728003022139,325.09,335.87
2017-04-13,3,335.46,333.4617076156578,330.4492534746326,330.5990499288453,329.7527669713539,336.20097492125353,323.89,336.35
2017-04-13,4,346.17,341.1199149051178,340.59315364224034,338.80839934249445,341.7236446708887,342.587340138626,333.77,344.75
2017-04-13,5,353.25,348.61412570704755,348.46386785275394,346.0184610241086,347.9817904564563,348.70374701961043,340.75,354.1
2017-04-13,6,356.25,353.9718230833664,355.4649185561133,352.39601200995617,353.083844463543,353.20088116343754,344.93,353.89
2017-04-13,7,364.06,360.29038435579554,361.5808525491668,360.09573256584923,359.46499406293515,362.4140432678587,358.39,359.88
2017-04-13,8,391.46,376.5490028028282,377.71186246374003,376.34862637579386,376.75377017376957,390.0321661011331,377.3,383.05
2017-04-13,9,409.14,391.92985814865654,393.1578815891694,392.16636524788225,391.1910587618835,403.06849171232864,397.88,397.05
2017-04-13,10,423.52,408.87393638502664,409.05381612654736,408.64461681719814,406.47186685511406,412.6044049049734,409.97,411.58
2017-04-13,11,434.56,423.19902040568417,425.34055387470306,422.4445742376426,415.84506842397235,425.785100011763,434.9,419.02
2017-04-13,12,440.17,428.74498131084624,428.82803377184166,426.98216597345174,418.4246588806497,428.5595538103642,433.8,429.21
2017-04-13,13,442.07,429.42566005904183,429.2661775389251,427.05519308661303,419.11491204224484,429.98123858128974,435.01,427.04
2017-04-13,14,442.92,432.2467383650726,431.7363858227448,431.0100929637974,423.5284133142211,430.3295912780741,432.29,436.04
2017-04-13,15,442.78,432.2467383650726,431.7363858227448,431.0867281051301,423.5284133142211,431.26232044908477,436.65,434.25
2017-04-13,16,436.63,427.6560379263796,426.8930278729132,423.86081389854826,417.68086202691984,425.5666101498123,426.18,432.02
2017-04-13,17,423.38,407.0801222637594,406.92006652192094,402.8402781795508,397.7195722838974,414.68115462872663,408.23,416.56
2017-04-13,18,404.21,393.86784249121195,390.68782214934856,388.9656295887054,387.3535902747643,389.5470726244469,390.46,404.22
2017-04-13,19,393.13,388.31710971418244,386.22471258446785,385.08200469958035,383.38369179365543,381.47747829512633,379.02,399.67
2017-04-13,20,388.2,374.580587400439,372.1698453475371,370.04681752032974,371.18542340781795,375.01405754326714,376.74,380.18
2017-04-13,21,369.97,370.08616847565327,368.92860217526663,366.6871825270423,364.85932831880683,366.067624596749,364.24,372.74
2017-04-13,22,350.1,346.742532362178,345.8706961805684,343.1292392736556,343.0048008269618,352.69363170306974,344.81,348.08
2017-04-13,23,344.31,337.4288597533892,336.64931509754683,334.3561295967819,333.97233338502747,344.9792605079536,333.84,339.57
2017-04-14,0,340.13,339.0350514331571,337.062977406633,337.6411916815321,337.840812439953,340.8871416161197,331.07,338.63
2017-04-14,1,338.54,338.09824694082744,337.1802573789608,337.1209942836464,337.6123453455815,339.61734883403443,330.49,338.33
2017-04-14,2,332.58,336.9022451704114,335.30448661850517,336.0592790490181,336.8561552277759,336.90992734071284,325.98,331.36
2017-04-14,3,332.07,336.9670377836661,335.56096796833003,336.24503910568006,336.9400367892614,337.97830540192814,325.58,335.46
2017-04-14,4,343.7,344.39395945808513,342.2462012487401,344.9497665942917,344.9003554834223,344.7910280619878,335.85,346.17
2017-04-14,5,352.66,350.76127840403325,350.498297312872,350.816349131644,350.58209006863217,350.2636131932047,341.85,353.25
2017-04-14,6,354.52,355.79923538236324,355.1348312388086,356.1635653719221,355.64184511657203,354.8762491998039,345.35,356.25
2017-04-14,7,361.19,360.41743675156204,359.1873038227061,361.6534139838509,360.38831110673794,360.523974128866,349.04,364.06
2017-04-14,8,374.6,379.6385844302413,378.6844760832371,378.31291191127383,377.4914512572227,388.29148356712284,367.49,391.46
2017-04-14,9,395.39,389.9858478506654,388.27525618150605,388.23531403827184,386.59409769695475,396.93016576026434,375.59,409.14
2017-04-14,10,409.2,399.2426172597232,394.5534455122596,396.86853570033537,394.0144190218751,408.06806484772056,391.88,423.52
2017-04-14,11,419.8,405.8869221675116,401.74551857743455,404.66885879376116,399.60650021219095,416.1629297166819,402.58,434.56
2017-04-14,12,437.57,409.4311247034305,404.48621885658287,408.9491797888896,401.9541823625759,421.1462792133282,408.6,440.17
2017-04-14,13,424.34,409.55612294306354,404.73869144151115,408.9491797888896,402.0298379699905,421.969479013303,407.04,442.07
2017-04-14,14,426.95,423.66522899619184,420.01861081237865,425.65885071158243,417.4215410343859,426.1144283020517,416.63,442.92
2017-04-14,15,422.32,409.4125495349847,402.960503303715,408.49480464587555,401.81874603232694,422.4830122385093,408.7,442.78
2017-04-14,16,412.31,404.4063309792696,399.5117832711912,402.8503353270895,398.4837945201208,417.6141722247789,401.57,436.63
2017-04-14,17,391.86,395.89888593073783,391.94361622587445,389.38352417746194,385.69416621826736,406.32505118200885,381.91,423.38
2017-04-14,18,374.39,379.0756127234812,374.8493230578368,378.1094179797808,375.06249306768905,382.34538016821773,368.77,404.21
2017-04-14,19,369.48,372.8816559647745,368.85363411296015,372.1103955013361,368.6150852780101,377.0317320642839,366.44,393.13
2017-04-14,20,366.76,372.1250019536854,369.83763958715616,371.3902660107396,369.7694131398948,373.06904666324203,366.19,388.2
2017-04-14,21,356.38,361.15791412945146,360.0344552858115,360.47735627499816,360.17102282007227,362.1914160470817,351.97,369.97
2017-04-14,22,340.16,341.01172096403377,339.29284504154026,340.8531473896939,339.60232820986187,349.29691962397385,332.31,350.1
2017-04-14,23,331.94,338.95240487212163,337.22908280439697,338.7076405850213,338.05759993377995,341.61814097433825,320.59,344.31
2017-04-15,0,329.46,331.6524241226656,328.6265518560603,330.3019792888466,329.6947640858513,320.9784587093941,319.93,340.13
2017-04-15,1,327.91,291.37735540449773,294.95846660518555,291.73613372408846,288.11677502867116,288.4261068514461,238.88,338.54
2017-04-15,2,327.04,285.54466782021524,295.13269970170563,289.7649337124715,286.35961198330534,225.3432088924331,77.98,332.58
2017-04-15,3,326.38,285.54466782021524,295.51707813304927,289.5250098649263,286.35961198330534,288.0068884074138,238.25,332.07
2017-04-15,4,331.31,334.4322324509998,332.7903525490495,333.44356214622985,334.3130339305128,322.9494044582383,320.98,343.7
2017-04-15,5,330.03,333.77658062435006,333.0146820313563,333.78158701612574,335.2738749443185,328.1725403308737,325.77,352.66
2017-04-15,6,340.01,337.1851769845974,337.8387285992221,337.2101764878676,338.20045092793157,333.42367621952405,331.27,354.52
2017-04-15,7,336.18,337.41559686785854,337.5552548177244,336.21101788521344,337.2786091368884,336.5246871816423,328.72,361.19
2017-04-15,8,341.62,340.30110636087295,340.64905986422235,340.067744756124,340.59813532459503,345.89269641930065,339.86,374.6
2017-04-15,9,346.65,344.4507373714304,344.2912609753949,343.0427962186994,343.9324969905455,352.56157668117777,341.91,395.39
2017-04-15,10,347.1,349.51848945779574,348.8513091270977,347.9901107206036,346.55551668656227,358.6330542644137,345.26,409.2
2017-04-15,11,350.22,345.35112635822645,345.183649784915,344.9959207303057,342.71689138670746,360.87707820138917,340.95,419.8
2017-04-15,12,354.19,352.2050791990287,347.65569843393865,343.7505945583232,339.49170699249584,332.2369526668144,256.32,437.57
2017-04-15,13,352.93,352.5361998134552,352.05321812768267,351.31492259780373,347.8299909834209,365.13736405418723,342.28,424.34
2017-04-15,14,354.98,352.24803924602895,351.3893697069366,350.86100895727475,347.7835167195263,366.0960892849093,343.08,426.95
2017-04-15,15,354.46,348.0425684262915,346.23048814488953,347.4331522655404,343.6253557054282,363.22209931078703,338.46,422.32
2017-04-15,16,354.01,345.72558528095163,344.7126497770046,345.5457288881132,343.3986969794734,359.9416107250988,336.6,412.31
2017-04-15,17,351.51,343.29590642451205,343.0003289517593,343.08182546586556,341.93008462273684,356.0307989704452,338.2,391.86
2017-04-15,18,349.73,343.21170520242055,343.06469501562515,342.3760125245533,341.93008462273684,350.59383993790186,336.47,374.39
2017-04-15,19,349.02,341.1156390276298,341.93031876582086,342.87068035818555,341.37083731525547,347.64522680436744,338.38,369.48
2017-04-15,20,347.26,338.00137725729,339.45289427853555,338.6577684179345,338.9551067210131,342.04085195249763,333.22,366.76
2017-04-15,21,338.66,334.2716565977128,333.080942561127,333.1925128572955,332.76962613138284,334.9602890434685,326.44,356.38
2017-04-15,22,328.02,332.42109820616884,330.7906528565425,329.78843933216,329.5441055964728,326.8951306132167,318.17,340.16
2017-04-15,23,325.35,325.80650027965675,324.2158340194299,323.61563237516555,323.381825231036,322.20383756717075,314.93,331.94
2017-04-16,0,324.37,284.492193442329,287.7167916912582,286.29875854530945,284.939163908094,282.97659338412143,232.86,329.46
2017-04-16,1,325.99,270.2192898814795,269.96254146049523,270.4241400637915,271.0460665686121,252.86034126682233,158.1,327.91
2017-04-16,2,328.93,264.54383713715356,269.96254146049523,268.1643371942154,269.9757194201234,284.65553836563646,240.96,327.04
2017-04-16,3,327.27,320.0662467115683,317.21026116872355,321.87146832660676,323.3582942561033,315.59640526251843,319.26,326.38
2017-04-16,4,334.74,329.2650183525647,328.08967059320014,331.55406294309347,330.5910427501136,321.55757059584477,329.1,331.31
2017-04-16,5,337.54,333.9345484336213,332.4045345642939,333.99714509935933,334.06269247716165,324.12868774332054,330.15,330.03
2017-04-16,6,335.49,337.9480476447256,338.9220547961899,337.7862361562805,334.65332475231656,328.23877896658877,330.23,340.01
2017-04-16,7,336.41,337.1322890850059,339.9208853051632,336.08133871406966,335.23163804402094,331.1951661228794,330.5,336.18
2017-04-16,8,339.01,341.4372271536338,343.3164456738569,340.5349296650692,339.22834345079633,335.53768677157444,331.07,341.62
2017-04-16,9,337.48,341.49725503506556,344.39409092998756,340.41356981626825,341.65239988382086,340.2137478354235,332.76,346.65
2017-04-16,10,339.89,342.2023901991538,344.7008269626168,340.88567177539164,342.26248405603695,342.49035441562,330.36,347.1
2017-04-16,11,343.34,310.53026225802273,306.2157189821373,306.0387343920263,306.3941113757343,282.3272382876923,166.97,350.22
2017-04-16,12,355.45,316.1908470634256,311.045591003268,311.1070051309767,311.3069224750313,220.2175869536374,0.0,354.19
2017-04-16,13,361.82,354.82870999102454,353.3325505476675,351.28768004579797,352.2589056384944,356.6483578983089,349.99,352.93
2017-04-16,14,362.67,355.8501730204637,354.6012287466569,352.76947613114214,353.3417050550432,358.0646663106171,352.14,354.98
2017-04-16,15,365.68,355.8501730204637,355.3612412048817,352.8053818319716,353.6782985023815,358.1314631935716,353.87,354.46
2017-04-16,16,363.35,354.1175041490058,354.3367828037048,351.96656833399294,351.8558205641865,355.2418881552152,350.11,354.01
2017-04-16,17,361.23,354.64145649424853,353.9250957056927,351.9976626828362,349.91043446545956,353.32387725109305,351.4,351.51
2017-04-16,18,353.85,352.01597267813906,351.24510875122775,349.80394465690813,346.89924614694996,348.5497914084695,346.61,349.73
2017-04-16,19,349.5,347.747012466793,344.60522991056604,347.14480078761596,342.63063488973165,342.4672403573683,339.14,349.02
2017-04-16,20,343.66,346.32461955930427,343.1704729066666,345.8151963832744,343.95512321856603,337.54383692800906,335.45,347.26
2017-04-16,21,341.81,337.51770773527824,333.6014660119674,335.54965306604475,334.83284267491075,332.50903310285736,333.42,338.66
2017-04-16,22,335.06,330.7274631966443,325.659454794099,329.4552721697291,327.9472335586039,325.46289231879143,326.09,328.02
2017-04-16,23,327.16,329.58935260192806,324.2742203194307,328.45554709680397,327.3776566371109,322.25103001840165,324.99,325.35
2017-04-17,0,332.26,325.6333033918712,325.2323196914278,326.258773668147,326.9468091253859,333.5515103758626,334.17,324.37
2017-04-17,1,326.69,324.4329735858371,324.8187904169432,324.87392296579054,323.74374115465537,328.90045900719605,324.28,325.99
2017-04-17,2,325.55,327.8721648610795,327.76318312609123,328.3018970587764,326.7664297854434,329.070548423905,324.21,328.93
2017-04-17,3,326.72,324.5225715099588,324.9826659632138,325.25151032677854,323.78557465679927,328.7521833776989,321.99,327.27
2017-04-17,4,349.83,339.4526159463782,340.06883264105176,339.1837199692043,341.107747702145,338.3281482937256,340.4,334.74
2017-04-17,5,353.71,345.7746939355671,346.1130435146358,345.56117112298756,348.01160086193113,343.62344037904336,347.25,337.54
2017-04-17,6,356.0,348.7687099102389,348.05142369487476,348.0321418596074,350.3134518148374,346.51550313689484,347.84,335.49
2017-04-17,7,360.93,353.5077130894228,352.7453793452914,352.53559482082915,355.9157680103279,353.2330518528288,356.39,336.41
2017-04-17,8,376.09,374.6467106343477,372.98223854210653,374.3337941219084,375.4131010775161,378.5743211484489,375.57,339.01
2017-04-17,9,395.0,387.2510564971297,387.1402530035351,389.1750427410539,389.4026560985779,386.6118588136047,387.95,337.48
2017-04-17,10,404.59,402.53941172179606,402.75374447596226,402.81594196093897,401.77232625747155,395.1163581832668,401.06,339.89
2017-04-17,11,418.3,418.57049044409666,417.9832918285389,415.85548975536057,419.7181530636193,403.0395235545415,413.61,343.34
2017-04-17,12,423.65,427.4165877243885,427.4574205077673,426.82678819809314,432.47372218304014,408.84429808856066,419.76,355.45
2017-04-17,13,425.4,427.5104610420062,427.7170091370549,427.0342669733005,432.5493777904547,410.77993875104215,419.7,361.82
2017-04-17,14,428.35,433.09110497423325,433.81924568433857,432.31458599356284,437.87494310359574,413.28309209726604,425.03,362.67
2017-04-17,15,428.52,432.1750215458253,433.4641493151331,431.7070451704861,437.2109180200949,412.25133350089067,422.85,365.68
2017-04-17,16,432.43,423.65591879647076,423.54857200086303,423.3746896081051,431.3693873020209,409.52993319905744,420.1,363.35
2017-04-17,17,409.71,406.11599753754314,405.9178810766198,404.1446193121275,410.5892711587185,401.0187749075916,404.23,361.23
2017-04-17,18,400.9,383.688216711122,383.5057186445002,383.44275208993264,391.0397796381044,378.5295037540013,391.89,353.85
2017-04-17,19,389.22,381.12013043247254,381.62532172148775,382.7376341248895,388.0097264445253,375.09764377217823,392.38,349.5
2017-04-17,20,379.4,370.5284617117952,370.30865585214195,372.3493506565977,378.191402395032,364.6861918940021,375.74,343.66
2017-04-17,21,366.92,355.28615955342957,354.68871806959424,357.47797937548415,363.32435876007344,355.6354106746484,361.27,341.81
2017-04-17,22,345.56,341.70921518420715,341.20282521149545,342.432093023407,344.65016412542525,345.4013355483215,344.51,335.06
2017-04-17,23,337.53,332.9509287028247,333.2042730058981,333.84122153243163,335.503007143839,338.55137939858685,335.59,327.16
2017-04-18,0,336.86,336.7089438680258,335.2106685757219,335.4763607459049,334.8015977047422,340.22817071764007,336.55,332.26
2017-04-18,1,333.68,330.37088758720256,329.80148173632614,330.3912708322135,330.11570753420557,337.4738965792675,333.74,326.69
2017-04-18,2,331.19,329.95009998003957,329.5832766417096,330.45067720754895,330.13889834890927,336.19336118381534,331.15,325.55
2017-04-18,3,327.93,329.95009998003957,329.74715218798013,330.247981091705,330.13889834890927,336.3005100658678,329.16,326.72
2017-04-18,4,339.1,345.482768503285,344.27077835457834,345.7741951822195,345.84195190320537,343.75508482120614,337.32,349.83
2017-04-18,5,350.74,353.36866068913105,352.6419467332319,352.29626038824534,353.3266329811113,350.74174761997574,348.21,353.71
2017-04-18,6,353.66,356.7591817762735,355.28275416763796,355.9557297208892,357.151477074692,354.71363707602,350.27,356.0
2017-04-18,7,362.33,362.978385270803,362.13696750669794,364.5343845854496,363.4995003914216,362.35497982972936,359.99,360.93
2017-04-18,8,382.14,383.05662493518093,382.24995774247975,382.2282536150169,382.10676405645654,390.33668514684035,382.55,376.09
2017-04-18,9,409.24,402.282971121291,401.39049733834554,402.1255351848379,401.9682043768244,403.9133937525735,403.04,395.0
2017-04-18,10,424.48,423.9685661149708,424.4732632895704,421.7442418663251,420.96579907519344,418.6585913106479,430.11,404.59
2017-04-18,11,445.5,430.8858362092341,428.03883271960393,428.95104096292397,427.1574916252402,425.3520774796316,436.37,418.3
2017-04-18,12,442.81,436.9942403372172,433.80212238970336,433.1927924385438,430.4327666009056,432.7279081229697,448.65,423.65
2017-04-18,13,442.05,437.0450780683594,434.8124751734166,433.28986669999455,430.9737270148829,431.2378666861144,441.15,425.4
2017-04-18,14,442.48,439.3652973052433,437.2892909980782,435.02552841894567,432.05907032617506,431.64012393788414,440.42,428.35
2017-04-18,15,447.51,439.3652973052433,437.2892909980782,435.02552841894567,432.05907032617506,431.05965601030897,440.28,428.52
2017-04-18,16,445.37,439.6351680350068,436.77379781701796,436.2150298612064,435.63050058842293,429.0968550747454,437.6,432.43
2017-04-18,17,433.43,420.14632456883453,418.306743753283,417.3564493364608,416.5021665575264,417.3013681510343,419.51,409.71
2017-04-18,18,408.73,404.72215965132887,402.5564961040937,403.5271346131351,403.19086538198536,394.2989781082763,405.91,400.9
2017-04-18,19,403.02,390.6425401157161,389.3505160126973,389.3929638637612,389.7225091252454,385.2787908667176,394.18,389.22
2017-04-18,20,396.4,380.44780876378286,379.52984977347177,378.72954503705364,379.79628214170776,374.5670458689749,377.97,379.4
2017-04-18,21,382.48,371.4343003381369,371.2386295992288,368.805783219057,369.4350179095423,367.2811588973188,371.29,366.92
2017-04-18,22,354.72,345.62315832356126,345.82579042858197,343.98814052310064,343.9276174276392,352.8986793918354,348.24,345.56
2017-04-18,23,347.24,336.47985731704847,337.0658416273856,335.97378056028856,335.49972450386116,345.57343337472236,338.12,337.53
2017-04-19,0,347.62,341.2480072329656,341.41284970815786,343.1238655575838,341.3899272721809,345.88497482199426,339.24,336.86
2017-04-19,1,343.3,341.73340985127163,341.7485753679595,342.4084566378133,341.3321504324089,343.0772526004923,335.55,333.68
2017-04-19,2,342.32,341.57409870510634,341.1953727198455,342.1270474833171,340.9559106877982,342.7686818463461,335.87,331.19
2017-04-19,3,334.06,340.1327900331893,340.097238009123,340.78625140175757,339.3882207093309,343.3144461577959,336.35,327.93
2017-04-19,4,347.96,349.2509044750278,347.88613599519,347.39185466808374,346.3025838900606,349.46037649402587,344.75,339.1
2017-04-19,5,353.67,357.6203574090282,356.00754770268713,357.27016845149484,355.74100201071565,356.766707395231,354.1,350.74
2017-04-19,6,357.04,362.77626626850713,360.93876374681514,361.35021931672014,360.6702277321064,359.935495445152,353.89,353.66
2017-04-19,7,366.64,370.6756706745828,369.26661722939957,370.30115698814865,370.0092681431316,366.5734957854909,359.88,362.33
2017-04-19,8,379.33,393.27695253187613,390.1277610944962,389.48811991144294,389.5781040869129,395.13191298553784,383.05,382.14
2017-04-19,9,392.47,412.30154786550037,409.24563934661336,408.9110186928168,409.8494514568802,407.15865961083796,397.05,409.24
2017-04-19,10,418.37,419.88345183690285,419.1677419685626,413.76629721469305,415.0487772054634,417.71396410096634,411.58,424.48
2017-04-19,11,427.18,431.1155976144573,430.3313585655392,430.4405814434118,429.8121850434203,425.7187035842549,419.02,445.5
2017-04-19,12,432.97,437.3511345251848,436.23410724692934,436.687418207872,433.8975269076678,431.33443060769207,429.21,442.81
2017-04-19,13,435.09,437.5806434355892,437.1424386155185,436.687418207872,434.2309413192517,431.60486976274274,427.04,442.05
2017-04-19,14,432.02,437.62161003371324,436.68286105608144,435.95941944936976,433.67700138794044,435.4686324118683,436.04,442.48
2017-04-19,15,432.79,437.62161003371324,436.68286105608144,435.95941944936976,433.4990725697915,434.8173027645669,434.25,447.51
2017-04-19,16,427.99,435.8369095258667,434.8630669804687,434.7141090164931,433.51362135896323,432.31316444529716,432.02,445.37
2017-04-19,17,414.67,423.8410731862072,424.7745583717293,425.87176532056475,423.66649354745505,422.8011700169175,416.56,433.43
2017-04-19,18,402.75,404.39333473536476,403.895930817779,405.3098857582772,402.1958006109577,398.6198007973047,404.22,408.73
2017-04-19,19,393.77,400.4562805698247,400.26800805222683,401.0172857276545,397.36294684546385,393.07989440503405,399.67,403.02
2017-04-19,20,383.42,390.5966627631138,391.3603940178636,393.5643500552474,391.2866469273423,381.47825887486795,380.18,396.4
2017-04-19,21,373.73,378.7002284630961,380.09903240771314,380.25632893816396,379.7276772233153,373.73247133811077,372.74,382.48
2017-04-19,22,350.56,350.97128295862393,351.70338591718416,352.4664196112156,352.1871307488561,357.9787545701385,348.08,354.72
2017-04-19,23,341.9,344.1493054470565,345.3153396460443,345.8460547497479,345.2656245447336,351.3462347706919,339.57,347.24
2017-04-20,0,341.34,342.93212976783644,342.54085379280883,342.1654884048547,342.66125672151514,342.718353062761,338.63,347.62
2017-04-20,1,341.03,339.7902961805281,340.20072803310273,339.6519454089891,339.51565907895156,341.08908636566434,338.33,343.3
2017-04-20,2,338.22,339.0192379274754,339.1072339158527,338.60308482286814,339.07598498728964,338.13992895039024,331.36,342.32
2017-04-20,3,335.47,336.0285411445473,336.8627344350637,336.0181973733369,336.54205818696136,339.4986214562167,335.46,334.06
2017-04-20,4,346.63,348.51340307860414,347.2350539572223,346.6657674470305,346.5095086998409,346.8601156795232,346.17,347.96
2017-04-20,5,354.09,355.1720696418819,353.2910030017933,354.34998720776986,353.6993704250991,352.59124176052484,353.25,353.67
2017-04-20,6,357.72,360.1095821869413,359.14167475894027,358.93202648714896,357.61882864974405,357.05471919961985,356.25,357.04
2017-04-20,7,370.5,369.72798369781253,369.12688246569564,368.36501350191855,367.82173929580745,364.5058955002297,364.06,366.64
2017-04-20,8,386.54,386.206933294028,384.86479957067985,382.66544657366995,384.0899153750363,393.8097999934986,391.46,379.33
2017-04-20,9,403.79,404.138481873517,403.6727470157897,401.0527640095818,403.66684204009914,405.61635255598947,409.14,392.47
2017-04-20,10,420.87,422.53902884838834,421.55024399772253,419.57557571719667,421.46291249098914,417.36684518794203,423.52,418.37
2017-04-20,11,430.1,427.34092609219414,424.7172975393727,425.09665739882104,427.6302688291047,425.32591481946145,434.56,427.18
2017-04-20,12,432.39,434.8287682019478,433.36169756508315,433.7968473751777,435.61396104162077,430.1666101420818,440.17,432.97
2017-04-20,13,436.51,435.0083443612651,434.27358291223237,434.1094608238346,435.7078716071518,432.3486852250912,442.07,435.09
2017-04-20,14,440.36,433.4472665000887,432.9295425878201,431.7396674941187,433.8409269496657,432.64705430088077,442.92,432.02
2017-04-20,15,448.44,433.4472665000887,432.7255411205697,431.7396674941187,433.8409269496657,432.13149467748565,442.78,432.79
2017-04-20,16,439.71,428.7874997246561,427.124203890749,426.18950087855296,429.4549228625767,427.79732007789147,436.63,427.99
2017-04-20,17,424.33,416.5580182981083,415.6203103709383,416.73945059319016,417.79516638270576,418.9771668333166,423.38,414.67
2017-04-20,18,409.05,400.8052410582508,399.3421173878894,400.6457681299182,400.93383873459874,393.7099581037255,404.21,402.75
2017-04-20,19,402.36,389.2699350958339,387.22288395641567,389.3393433301915,389.0935313294073,385.2598168826044,393.13,393.77
2017-04-20,20,386.22,384.04733966611917,382.7730992160887,383.0066529610371,384.36983123362984,378.8512856562783,388.2,383.42
2017-04-20,21,365.24,370.265633317673,369.4978821580141,369.2471455757248,370.21163837636345,367.43080059833545,369.97,373.73
2017-04-20,22,342.37,347.1254628546468,346.70499884857054,346.0422073271123,347.6999903167549,354.07098119346165,350.1,350.56
2017-04-20,23,333.83,340.55112724229974,340.69127765215643,340.47709257626286,340.6172954897454,348.35297305279687,344.31,341.9
2017-04-21,0,333.66,336.2584953674979,337.2986879523035,337.62941025265127,336.965110445823,335.59190175413596,340.13,341.34
2017-04-21,1,332.87,336.0303930516131,336.6859136452113,336.40832189125604,337.0075474788949,333.92974486718214,338.54,341.03
2017-04-21,2,330.6,332.25842797918983,332.64330289422,332.3466657434459,331.3481154864495,331.150492775042,332.58,338.22
2017-04-21,3,334.82,332.25842797918983,332.64330289422,332.413803357877,331.64028239986175,331.3698608166344,332.07,335.47
2017-04-21,4,343.89,344.22586035434097,344.1688420292879,344.248401526203,343.66641253775697,338.7612156612521,343.7,346.63
2017-04-21,5,348.47,351.6234334830479,350.8926921462236,351.771670979266,350.93091975134234,345.42316160542106,352.66,354.09
2017-04-21,6,352.93,353.2887407176168,353.22541620620217,354.1847718318007,353.2523469496356,349.47554474051816,354.52,357.72
2017-04-21,7,358.92,364.3112283823886,364.6552302002643,363.4081550789363,362.6378766188162,356.86074610724944,361.19,370.5
2017-04-21,8,367.5,381.00294752701666,380.6888876114006,380.1407918653816,379.78473110758813,381.36229497459027,374.6,386.54
2017-04-21,9,389.99,391.6207114966255,391.60116694428046,391.91478522949654,391.42328221147943,394.8588996843496,395.39,403.79
2017-04-21,10,411.55,411.38204631701615,411.2582350824682,409.03026579395726,411.03243522969154,405.35573474998876,409.2,420.87
2017-04-21,11,418.31,419.1448851480868,417.823692302858,417.4178774053593,418.11972437344093,413.19944866668453,419.8,430.1
2017-04-21,12,426.48,428.6179600575817,427.4181557598739,426.8166911344955,427.48823538383755,422.3372991213041,437.57,432.39
2017-04-21,13,416.38,429.7252078120399,428.56213761773336,429.7781111382126,430.3769980620295,418.9085921627177,424.34,436.51
2017-04-21,14,409.9,430.3267933603634,429.48434085606283,430.4149653780204,430.61739912702666,420.70735805269135,426.95,440.36
2017-04-21,15,409.77,429.2294628098673,428.79869769269493,429.76672467157846,430.23373116742795,419.3199730252242,422.32,448.44
2017-04-21,16,402.97,414.46755510714587,415.2255731830992,416.7583381318481,416.4818173892049,413.0339674596372,412.31,439.71
2017-04-21,17,385.29,399.9063399859003,401.8611235102612,400.43092956136974,399.2540806916389,401.18886933867793,391.86,424.33
2017-04-21,18,383.82,381.49812714266494,382.3640135579876,382.8583257871829,380.46876499913105,375.9723661792183,374.39,409.05
2017-04-21,19,383.02,374.35572507386723,374.2549598172419,375.96794743931576,373.5583791135557,370.1773296009477,369.48,402.36
2017-04-21,20,371.3,369.6627619223868,369.15829726154067,370.7193094982331,368.5671261697285,363.94003343465295,366.76,386.22
2017-04-21,21,359.81,356.71342648415026,358.46954837164066,358.08904071408716,356.16914052879986,354.2236998714199,356.38,365.24
2017-04-21,22,341.92,336.8576606743828,337.74753454050165,339.3216911220666,337.304896859891,342.30627176543464,340.16,342.37
2017-04-21,23,334.04,330.60809865138873,331.76025561530025,332.28426303115253,329.48891772294456,335.6571135355086,331.94,333.83
2017-04-22,0,330.92,331.1006406706394,331.635904427058,331.33829005452196,331.9380554720817,324.3115086679695,329.46,333.66
2017-04-22,1,329.05,330.42847691020916,330.6593146305162,330.4761971161233,330.39554177512474,322.61135527865025,327.91,332.87
2017-04-22,2,326.14,330.04899764843907,329.84874217465375,329.7867176150395,330.5372190781656,321.86714151855426,327.04,330.6
2017-04-22,3,324.65,330.4744980961079,330.72093344900435,330.54098184553783,330.7926576995585,322.8510542441881,326.38,334.82
2017-04-22,4,331.56,339.3176810115051,338.5433643271379,339.5202824503542,339.3811561941959,327.40693357460026,331.31,343.89
2017-04-22,5,333.4,340.26628203763124,339.5004376140816,340.53000389354816,340.4420953704626,329.7705720483413,330.03,348.47
2017-04-22,6,342.05,346.07649009998454,345.7077890922715,345.6269533347136,345.75757296900184,337.0616370654607,340.01,352.93
2017-04-22,7,340.09,347.81359672362714,346.5673228520149,346.9985568067351,346.3185838791043,339.58632537567513,336.18,358.92
2017-04-22,8,354.57,347.4560573944948,346.9928330764202,347.3133852867368,347.34846532140506,346.17775240044915,341.62,367.5
2017-04-22,9,363.25,355.99264434113184,354.9445158227124,354.53255264717455,354.0695512744871,354.1935019387813,346.65,389.99
2017-04-22,10,361.52,357.71881990796254,356.55867262041835,356.2084815749027,354.8047538808716,360.0477548432453,347.1,411.55
2017-04-22,11,364.38,359.88782509718214,358.78684603831215,358.79298825582123,357.3980662304016,364.70493574112163,350.22,418.31
2017-04-22,12,370.4,362.32890911730766,361.9921675547113,362.49361912348957,361.0092106566087,369.1941565343776,354.19,426.48
2017-04-22,13,372.06,362.2692374329282,362.23879314011907,362.50240190840606,361.0848662640232,368.7188969326308,352.93,416.38
2017-04-22,14,371.09,362.21716818702356,362.56909781403505,362.1709617976934,361.442974492874,369.08274421604716,354.98,409.9
2017-04-22,15,373.87,362.0550738770173,361.86920024763947,362.293291359617,361.6541021915407,368.31653805130526,354.46,409.77
2017-04-22,16,366.1,361.41555246866665,360.95625490816394,360.7361751727987,362.19778458597693,365.9533600931284,354.01,402.97
2017-04-22,17,359.18,359.24932142551694,359.23755135217596,357.9889202682231,360.14388189351047,360.77908851968215,351.51,385.29
2017-04-22,18,358.1,358.2158342467618,358.2138853565876,356.42984522329215,358.6413559393808,357.2042525598919,349.73,383.82
2017-04-22,19,356.36,356.44051125383305,356.4678194078308,355.55982201226607,358.1385517680369,353.7271392043779,349.02,383.02
2017-04-22,20,356.05,352.9824472778553,353.2373208106715,352.7197155329509,354.46534874753206,348.3824059932192,347.26,371.3
2017-04-22,21,347.39,345.70033050935024,345.7235068733278,344.52844748815755,345.7012429558243,340.4730582894484,338.66,359.81
2017-04-22,22,338.72,333.96431313808256,334.7892986890894,334.3502110179442,334.02107838097174,331.3022403384397,328.02,341.92
2017-04-22,23,332.33,328.72112267907426,330.43227982631845,329.6655534771032,329.82544803105566,326.88015757814446,325.35,334.04
2017-04-23,0,328.28,329.32649051543785,328.6136264970122,328.43503123313195,329.703323046494,320.87056381817143,324.37,330.92
2017-04-23,1,330.41,329.4406352150694,329.38078823421847,329.1681542724691,330.35207890324546,320.27398467503633,325.99,329.05
2017-04-23,2,330.45,327.07022673819074,327.0900809155724,326.919293348628,327.7372456260183,320.93234400129774,328.93,326.14
2017-04-23,3,328.71,326.67183993892274,326.70769284728976,326.64108349158766,326.7951053026161,320.861255687768,327.27,324.65
2017-04-23,4,336.76,333.6224639131333,332.8235225997192,334.143526589704,334.5008947432269,326.1481918828225,334.74,331.56
2017-04-23,5,339.92,336.50161276819153,336.39708548328446,337.35479536179093,336.8056612925744,329.7692307255143,337.54,333.4
2017-04-23,6,336.04,341.00046582669825,340.9354717897742,341.4105322581552,341.2300351400018,332.9010154679386,335.49,342.05
2017-04-23,7,338.13,339.44362312137935,338.84548130352465,339.628477568234,338.76748337670756,336.3268217955798,336.41,340.09
2017-04-23,8,340.23,342.8033499858162,343.74127877061704,344.1623363240173,344.1992536149515,342.51228317198087,339.01,354.57
2017-04-23,9,342.1,345.1109217436178,345.429878363542,345.7869869969082,345.4405700977109,346.3629700416454,337.48,363.25
2017-04-23,10,352.58,346.303836886085,346.2693377971704,346.5691448485479,347.0742452500756,350.23114096556026,339.89,361.52
2017-04-23,11,353.9,350.78393646555435,350.6440451029671,350.9925738343838,350.2112879858268,354.55278577806274,343.34,364.38
2017-04-23,12,271.48,356.90030735505434,356.6530738718806,357.10831597211586,356.9640228423876,361.93279829336757,355.45,370.4
2017-04-23,13,367.08,358.8896998768719,358.6918806152253,359.63804463570443,358.80768352007607,365.7878442036029,361.82,372.06
2017-04-23,14,367.22,358.68710542345366,358.7883696999884,359.2334606438958,358.8371763201666,366.33164931425404,362.67,371.09
2017-04-23,15,363.75,361.52959381681677,362.3782681147475,361.9856468836509,361.59022475616086,367.269515270839,365.68,373.87
2017-04-23,16,360.98,358.67270688309833,360.0357271165712,358.84706368506795,357.5504599111203,364.06224998510913,363.35,366.1
2017-04-23,17,360.16,353.6331044098185,354.50196357941746,353.45422086140076,352.99355563822786,360.29930028759406,361.23,359.18
2017-04-23,18,355.91,350.5936953718399,351.20688455206766,350.2601421222294,350.36668999534197,354.60380751461145,353.85,358.1
2017-04-23,19,353.77,348.3912665894802,349.0578784196319,348.1172484389473,349.04012573251157,349.60882399773055,349.5,356.36
2017-04-23,20,352.47,344.8997435733809,346.23367964747865,345.4335575502936,346.5070094019964,344.0304097971397,343.66,356.05
2017-04-23,21,350.62,341.7690227049897,342.84911033240127,340.9981178043912,342.6897498237627,339.06761152993414,341.81,347.39
2017-04-23,22,337.02,334.3915312915102,334.72079891229987,333.22769481067417,334.15632027109876,332.48991808331215,335.06,338.72
2017-04-23,23,328.88,329.395345139512,329.6298167075961,329.51207695396477,330.0419529057626,326.22458832135794,327.16,332.33
2017-04-24,0,336.82,326.8635883110378,327.925676552692,327.1584607721369,326.51361155664665,338.3365849460613,332.26,328.28
2017-04-24,1,330.63,326.73227814086925,326.5738655888459,327.9239888185581,326.62583192940184,335.43800840856966,326.69,330.41
2017-04-24,2,330.88,326.16160743365094,325.55749786865056,327.87281904644436,326.74442157701264,334.8731293737393,325.55,330.45
2017-04-24,3,330.27,324.15272752172996,324.5924911314063,327.3126730109816,325.7591362043268,335.8737990323226,326.72,328.71
2017-04-24,4,353.84,343.74029195616237,342.30065178397984,341.1436570443284,341.7690044375496,347.3491162157055,349.83,336.76
2017-04-24,5,357.12,352.4752189040221,349.5115876012927,350.55075390970023,351.7253318029435,351.5463787712343,353.71,339.92
2017-04-24,6,360.94,354.5090798604699,351.50531681523546,352.5694689055253,353.0682158404386,354.8834697504432,356.0,336.04
2017-04-24,7,368.03,355.13782612032816,351.6874758028522,354.4275627225892,355.09545619464257,360.33571928448094,360.93,338.13
2017-04-24,8,380.88,373.3004723554208,371.6219123444551,373.6904774641916,373.2343636760992,383.2882787131938,376.09,340.23
2017-04-24,9,401.06,385.13886902721237,383.97899417012184,386.10752674376977,384.1259649341176,394.23827823551454,395.0,342.1
2017-04-24,10,421.51,402.869711206322,401.71473887541504,405.24689868842995,402.5860668517071,402.3136337290037,404.59,352.58
2017-04-24,11,428.71,418.33863886647134,415.7035076632815,417.8851498209368,416.9359662982795,410.4147045881679,418.3,353.9
2017-04-24,12,430.51,429.1667708277445,428.7451284811068,428.3091159483207,426.74798281708246,404.76525860104124,423.65,271.48
2017-04-24,13,437.73,430.20496391506356,428.89642630603987,427.2045160583373,425.81654163473576,417.87893612926524,425.4,367.08
2017-04-24,14,449.42,431.29324279616424,430.32981661243133,428.8052076469008,426.79531489240765,419.35789763123677,428.35,367.22
2017-04-24,15,446.32,431.8209406951735,430.32981661243133,429.41274846997754,427.4593399759085,418.45529229760433,428.52,363.75
2017-04-24,16,436.81,429.96804958206,428.4050399956997,426.2367645075496,424.87579045071914,418.24478749670004,432.43,360.98
2017-04-24,17,418.49,406.0868909397622,405.52389348119647,406.50856087748195,405.04105023653807,407.22884923124906,409.71,360.16
2017-04-24,18,403.91,393.34926037210437,390.2636492966901,390.0296942325633,389.05030772494905,387.23705919228314,400.9,355.91
2017-04-24,19,399.31,386.2861724763935,384.1342913937351,381.5441353278808,382.2839797757816,379.36102669491197,389.22,353.77
2017-04-24,20,384.55,376.29768800710906,375.7120138359142,373.8670832013815,375.3495593767259,372.1299358316191,379.4,352.47
2017-04-24,21,370.88,363.5618144625722,362.38339583767197,362.0746691154748,363.3209275958949,363.8620964455299,366.92,350.62
2017-04-24,22,352.1,344.07742126872597,343.33880821544426,342.6280094924758,343.42824248243045,351.06010055283696,345.56,337.02
2017-04-24,23,342.86,334.3493446367069,334.50549872753186,335.7089719711681,336.25233319143575,344.54625504304056,337.53,328.88
2017-04-25,0,339.2,337.3906517251801,337.4207452126084,336.951569435404,335.4496786523857,342.9107464886779,336.86,336.82
2017-04-25,1,332.59,335.4350309013749,335.3801946252082,335.4244693886986,334.96525037056665,339.95051573669025,333.68,330.63
2017-04-25,2,332.56,335.5609820554554,335.1288863158424,335.18732843455285,335.3063601575974,338.8816335422419,331.19,330.88
2017-04-25,3,329.46,335.344227528449,334.72110589914126,334.90923287229805,334.96774129786,338.29621300867836,327.93,330.27
2017-04-25,4,341.45,349.1763393432379,348.1308949534839,348.0324970000845,347.7746570138805,346.9753153364448,339.1,353.84
2017-04-25,5,347.76,357.14507935759406,355.42002664892715,356.11640292218055,355.7812280680349,354.1853592999601,350.74,357.12
2017-04-25,6,352.87,360.769807866656,359.19417468413815,360.3788516933054,358.93831162375704,358.67123924797437,353.66,360.94
2017-04-25,7,359.12,368.96025834450984,367.6833021764331,368.4482790248445,366.76689189519374,366.159301030092,362.33,368.03
2017-04-25,8,380.59,384.07679219411176,383.21678005377714,383.16034111305777,382.6786823336764,392.43582791315106,382.14,380.88
2017-04-25,9,409.54,405.47650744611684,405.24160744570975,405.36461881882155,404.22359667264516,408.7123596473863,409.24,401.06
2017-04-25,10,425.37,422.67645627488486,421.59913799450055,422.1165604619972,420.8972612623556,420.15179280333155,424.48,421.51
2017-04-25,11,432.79,425.12258449320694,423.04615474178973,426.6850314066624,424.5761645893903,431.77865261328634,445.5,428.71
2017-04-25,12,442.66,429.8419976438024,427.78990339584067,429.75830761323107,425.1467294030608,432.9366197916303,442.81,430.51
2017-04-25,13,446.6,433.57094454905774,432.53335438340525,434.8947667025757,430.39643632573177,434.68698987769585,442.05,437.73
2017-04-25,14,442.08,433.45001333809785,432.6265429670723,435.02799910606603,430.069238661216,436.5569139434519,442.48,449.42
2017-04-25,15,440.1,433.45001333809785,432.6265429670723,435.02799910606603,430.2022510048659,437.58321525832633,447.51,446.32
2017-04-25,16,433.15,431.1337584623177,430.28683597166867,432.2108728242915,427.5022284627487,434.24395680256947,445.37,436.81
2017-04-25,17,413.25,418.88303281458775,417.4676326962057,420.5334782632819,414.95528860663217,425.3409828730354,433.43,418.49
2017-04-25,18,396.72,400.0264196266821,399.9053825236339,401.71461388413314,396.03630655336656,397.73093253297867,408.73,403.91
2017-04-25,19,397.16,396.94496789958436,396.6263638857964,397.54379098826195,393.20584205380936,391.87355984256754,403.02,399.31
2017-04-25,20,387.39,386.2650654417302,385.90275159178253,385.582586795335,383.528168987371,384.29361342839775,396.4,384.55
2017-04-25,21,372.34,376.4207296883266,375.70597414633414,375.79157099962714,373.5236703893117,374.07364799794914,382.48,370.88
2017-04-25,22,353.09,349.58308497917716,348.6671674064751,348.6011412426903,346.92059043017997,358.18112486407796,354.72,352.1
2017-04-25,23,344.55,342.20585974139004,341.514241021504,341.86929175653916,340.91518583903485,351.74400459859817,347.24,342.86
2017-04-26,0,337.92,341.359805377755,341.88565434016226,341.1344276267128,341.1916338301851,345.1948954837912,347.62,339.2
2017-04-26,1,335.22,339.67215500219834,340.2853068351147,340.1319726190661,339.26357204155096,341.7331722375715,343.3,332.59
2017-04-26,2,338.45,339.9849366672728,340.2853068351147,340.2477895668975,339.3899798031185,341.2049869304671,342.32,332.56
2017-04-26,3,333.32,337.22351007301353,337.25223099666636,337.9740910962421,336.6396298116879,338.3837722697,334.06,329.46
2017-04-26,4,342.34,348.8279951994345,347.9145259184468,347.6799405089337,346.1261494843241,346.7493264798387,347.96,341.45
2017-04-26,5,353.68,354.5364055255356,353.8723040892188,354.5978376522224,352.68363352376423,352.01802243057114,353.67,347.76
2017-04-26,6,354.05,360.1845199499323,359.98287646872996,359.2430037927977,357.0776790127503,356.8282764033148,357.04,352.87
2017-04-26,7,368.11,367.53111875483836,368.16145735599434,369.1260834758231,366.25658995947725,364.5786657427435,366.64,359.12
2017-04-26,8,377.86,383.9959550820522,382.1307617555959,382.5869906462502,381.10093533215655,389.5277962946366,379.33,380.59
2017-04-26,9,395.23,404.82761116175345,403.414429258422,406.47094627205894,405.2276050072808,401.4437342226255,392.47,409.54
2017-04-26,10,414.17,420.33414942628946,417.8832515206261,419.7589139194441,418.4636209158689,416.47148970051677,418.37,425.37
2017-04-26,11,420.54,426.98066604257866,425.1714323438905,427.90625435591187,427.74564580903285,423.4120904296046,427.18,432.79
2017-04-26,12,425.66,432.12200710632897,430.33156660334953,433.1475930917519,432.2438945147117,428.810649563187,432.97,442.66
2017-04-26,13,431.69,432.1817049463309,430.8169177713554,433.1475930917519,432.31955012212626,431.3001285754847,435.09,446.6
2017-04-26,14,431.12,431.9348701158283,430.6943369767763,432.9361235871061,431.86980880833977,429.91931737278037,432.02,442.08
2017-04-26,15,431.01,431.9348701158283,430.6943369767763,432.9361235871061,431.86980880833977,429.4386621133907,432.79,440.1
2017-04-26,16,427.32,429.21413590924715,428.44625974825436,430.02784457754206,429.4515443201942,425.3786557889332,427.99,433.15
2017-04-26,17,416.5,412.00256536375537,411.7081200410187,412.283228943571,409.5558876901287,415.7603174708479,414.67,413.25
2017-04-26,18,406.95,395.93568561885064,396.17175290589586,397.88757922981205,395.57418469726906,392.45743444888285,402.75,396.72
2017-04-26,19,397.99,389.9350813672296,389.8159136798783,391.3865479521821,388.9659742768731,385.92688650570767,393.77,397.16
2017-04-26,20,378.36,382.43209581465095,382.71771361128833,382.940933057431,382.7992844165765,377.487129401833,383.42,387.39
2017-04-26,21,367.08,368.65535631336445,369.24568649994745,369.52916424279294,369.1131457497024,368.7339988819695,373.73,372.34
2017-04-26,22,341.36,348.6070446313115,348.7127521593563,347.95296652883184,348.2641784380544,354.5525529237561,350.56,353.09
2017-04-26,23,332.71,340.0044916765667,340.2575833246013,341.0576113134277,340.81052209247036,347.73101756363246,341.9,344.55
2017-04-27,0,335.84,334.1421635434227,334.60382684593617,334.3588279300272,333.64099948764874,337.229264359026,341.34,337.92
2017-04-27,1,337.81,333.9154966851054,334.26219225985295,333.86859863151096,333.1498920137287,335.77619484531675,341.03,335.22
2017-04-27,2,331.73,332.48013719505013,332.5543262610206,332.29339817404076,332.07028763203556,334.92157115277735,338.22,338.45
2017-04-27,3,330.09,332.14734610149515,332.0264875043898,331.91330299613725,332.04266999408094,333.9907027425864,335.47,333.32
2017-04-27,4,341.9,342.8031304323357,341.9953405572637,341.7268799240672,341.79589033352005,340.9455407783119,346.63,342.34
2017-04-27,5,348.14,351.53214732166595,350.67770199580536,351.34711440995414,350.59760566292226,347.48204034603066,354.09,353.68
2017-04-27,6,358.32,354.5041314311392,354.06301751655695,354.60211873582375,353.2242932088572,351.8347909556817,357.72,354.05
2017-04-27,7,363.9,366.8166436483809,367.11131874434153,365.47483866936403,364.6281266439193,361.7344351793576,370.5,368.11
2017-04-27,8,382.35,380.4375522627888,380.3666317649429,379.97251208600835,380.63322648862413,386.6851042164883,386.54,377.86
2017-04-27,9,402.8,396.71221660092345,395.165798856113,396.99175541563875,394.82870836524665,398.82956392855283,403.79,395.23
2017-04-27,10,429.29,416.6945121488778,415.74332202098043,416.52199512019405,415.8428982589977,410.8138269734947,420.87,414.17
2017-04-27,11,439.43,423.139951693541,420.6719942691009,422.4771624265846,421.711276315374,417.7955595656293,430.1,420.54
2017-04-27,12,444.19,427.5745391933138,425.2913619556761,426.3739198203063,424.8569280047734,421.2838790933982,432.39,425.66
2017-04-27,13,442.82,432.21897381542044,431.5633595920897,431.9688706167941,430.2623502044294,424.795238789847,436.51,431.69
2017-04-27,14,435.94,430.8036619350254,430.32116372907626,430.8794966869164,429.33334146228236,426.5579455080303,440.36,431.12
2017-04-27,15,431.07,431.17340607691415,430.32116372907626,430.8794966869164,429.6961438444222,429.12658400935004,448.44,431.01
2017-04-27,16,432.51,428.73088936547157,426.73968481415426,426.6901639602162,426.9923734640985,423.93162251584954,439.71,427.32
2017-04-27,17,412.34,416.1103515040404,415.09241019773253,416.49075973672115,416.83259698214323,414.58588325930145,424.33,416.5
2017-04-27,18,400.37,401.3496859824061,400.2633709590658,401.31963288751064,400.37731877662,390.7210882523352,409.05,406.95
2017-04-27,19,385.43,394.81569700892686,394.69324567354874,395.53213133673546,395.6853266781485,383.96985658207126,402.36,397.99
2017-04-27,20,376.12,379.56118626963274,379.79349221910365,379.2981048248896,380.4129142054613,372.12952817075256,386.22,378.36
2017-04-27,21,367.08,364.7901931195577,365.47730626619585,364.9262975572874,364.3883443358752,359.45183358145954,365.24,367.08
2017-04-27,22,353.65,340.5440355323797,340.428391371841,341.478114466181,341.2878050200859,344.6231831076686,342.37,341.36
2017-04-27,23,340.96,331.60703592676106,330.8130399594741,332.2388492226813,332.00557424523976,337.8328793528372,333.83,332.71
2017-04-28,0,339.02,334.4279331135401,334.8202318203676,334.20291325432504,334.97217589664587,335.56019246467906,333.66,335.84
2017-04-28,1,333.47,335.0880263167223,335.669956378036,335.0618732959309,334.9564978850211,334.47968287908526,332.87,337.81
2017-04-28,2,331.68,334.4010993660718,334.5889149732912,334.38000662801653,334.4025819163802,332.74653132601554,330.6,331.73
2017-04-28,3,334.8,335.3506745636965,335.49489096716457,335.2880347346825,335.48511751524376,334.92911606300873,334.82,330.09
2017-04-28,4,348.81,345.6922889850849,345.58163607062716,343.92529433393145,343.7122631614396,341.4092297982594,343.89,341.9
2017-04-28,5,357.02,349.6745959485414,349.6296184188888,348.8467915317202,348.6301728196541,346.23506336228894,348.47,348.14
2017-04-28,6,357.75,357.6566035137665,356.774666007289,357.1784671537928,355.9902597477166,352.0643118251224,352.93,358.32
2017-04-28,7,364.26,363.7931432744063,364.23447011793417,364.3104284215318,362.7691550418435,358.33877302735044,358.92,363.9
2017-04-28,8,379.03,377.4843215218644,376.88079645200537,377.51417536475054,377.0515301417787,381.11001686401204,367.5,382.35
2017-04-28,9,400.55,392.84349068997614,391.63596580370455,393.20660445274643,392.02250320953226,395.6382593212155,389.99,402.8
2017-04-28,10,403.8,412.6321354859738,412.5076600229736,412.70786894683096,411.980761477465,410.236713986265,411.55,429.29
2017-04-28,11,419.77,424.05314172657785,423.53019836130665,426.6981599668645,425.46260443636,416.6986132073365,418.31,439.43
2017-04-28,12,423.43,430.0490218035849,428.9830334378143,430.31644626414123,429.42107961630865,422.41011408208465,426.48,444.19
2017-04-28,13,425.74,425.84730659775056,425.7465496681207,427.3354068564026,426.1532329374623,419.5420730533467,416.38,442.82
2017-04-28,14,422.26,417.26635782263463,416.63915271322645,419.60429536050464,418.76812564123634,416.55878890328324,409.9,435.94
2017-04-28,15,415.45,415.07241236320493,414.5821213103396,414.9922157305716,414.2656636069976,415.3849330917324,409.77,431.07
2017-04-28,16,409.5,407.5700134995742,406.3212231993082,407.83615224099833,406.2799601348628,411.53474665213236,402.97,432.51
2017-04-28,17,393.63,393.3052352870148,394.88467032869283,396.38190974321043,394.12145012607556,400.19586374888985,385.29,412.34
2017-04-28,18,379.55,379.04146836894677,379.38138505565735,380.63355901125215,379.5894004556797,381.7009757807771,383.82,400.37
2017-04-28,19,376.89,375.80833414777845,376.1919905146636,377.00492773639684,376.0072388779966,376.52534162836946,383.02,385.43
2017-04-28,20,376.99,367.2673437170208,368.30593035740594,368.04321424606746,367.77546690794037,367.61226025310606,371.3,376.12
2017-04-28,21,355.51,359.94353654731646,360.6972894711795,361.37026491522647,360.7707002188428,358.87398853079156,359.81,367.08
2017-04-28,22,335.26,344.1246645763086,343.74434419893845,343.37903337006,342.8952542323511,347.4245903909015,341.92,353.65
2017-04-28,23,330.22,335.95317893976215,335.0969732132597,335.86114470930363,336.0265778962576,340.42228512863625,334.04,340.96
2017-04-29,0,327.5,326.3288119277509,327.2194397717197,326.4635037495552,327.1122973079883,322.653651438391,330.92,339.02
2017-04-29,1,326.74,324.899975879172,325.47130544763377,324.9057150953391,325.19707528881594,320.26056472533105,329.05,333.47
2017-04-29,2,323.02,323.91215092483424,324.66073299177134,324.8699903108012,324.81721637954195,318.77536390213874,326.14,331.68
2017-04-29,3,321.72,324.99750176338546,324.8501051796215,324.7586532184645,324.8369577517656,319.3015652267311,324.65,334.8
2017-04-29,4,325.4,333.41457839779656,333.94212863592,333.9068083657944,332.89145839371855,325.1989787953935,331.56,348.81
2017-04-29,5,327.89,333.76066228566236,334.83228289705727,335.2039763583062,335.03250167920874,329.1929967991518,333.4,357.02
2017-04-29,6,336.53,341.4606345108172,341.04735574822246,341.798073716232,341.6535549854495,335.52955305921733,342.05,357.75
2017-04-29,7,336.64,341.41051197067793,340.97856142677034,341.9661125858778,342.0102900278438,338.8398930723233,340.09,364.26
2017-04-29,8,341.86,350.2832251955115,349.5791632240914,349.7576116924808,350.9281155520488,349.65964059207323,354.57,379.03
2017-04-29,9,343.86,356.16674862119595,356.0974071955554,355.2917095738788,355.8609687914641,358.97854831701864,363.25,400.55
2017-04-29,10,346.65,356.5830260503487,355.8378177651952,355.9189708844066,356.20030029741133,361.84237066923026,361.52,403.8
2017-04-29,11,350.94,359.17788756392014,358.2999227888215,358.097463503948,358.6375392466549,367.4911622966788,364.38,419.77
2017-04-29,12,350.28,361.82417318532333,361.8210941367173,362.79897156416314,362.7507438782829,372.25165127680344,370.4,423.43
2017-04-29,13,349.92,366.1251139028266,366.6248917921561,366.36115758182405,367.0123702280633,374.3751067156568,372.06,425.74
2017-04-29,14,348.73,361.94773690633036,362.23083967668657,362.0659037843866,362.7531110274735,373.93234157701227,371.09,422.26
2017-04-29,15,347.96,366.6693521435548,367.4171461842144,365.9093096941787,367.26857381225074,373.663721974895,373.87,415.45
2017-04-29,16,345.01,357.8420177255421,358.94471108762065,359.2026984117686,359.77631074747336,368.57492738746885,366.1,409.5
2017-04-29,17,340.69,352.114694831178,352.4882023491769,353.96565417040875,354.54638754106895,361.90758451873387,359.18,393.63
2017-04-29,18,341.65,350.83447345227285,351.1245173270947,352.0570981186225,353.90095911721556,357.12088443474534,358.1,379.55
2017-04-29,19,342.17,347.9139113448352,348.5311762310374,350.39951309285175,351.50453691126035,353.0253352747346,356.36,376.89
2017-04-29,20,339.09,347.71647680765415,347.74198541451284,349.796596582328,350.75128998042004,349.628771252822,356.05,376.99
2017-04-29,21,330.51,339.5700478043535,340.13468820244674,340.97305848502685,341.9388582463236,340.51514354561164,347.39,355.51
2017-04-29,22,322.21,330.29171302702565,329.7491791243073,329.45613973587143,330.16222223806204,331.8213243307249,338.72,335.26
2017-04-29,23,318.85,326.5507817373395,326.44795106929774,326.4121902968745,326.99407775623376,326.28616877532403,332.33,330.22
2017-04-30,0,318.81,322.66130184661534,323.731635560372,323.1513894321691,324.50620679734374,312.2776827629779,328.28,327.5
2017-04-30,1,319.66,320.25544343697203,321.18587954882423,320.24560060415524,324.1090938926677,311.9749634418226,330.41,326.74
2017-04-30,2,319.41,318.6694843124356,321.0980082327965,319.8681106032769,323.90038055425777,311.3846707625892,330.45,323.02
2017-04-30,3,318.66,318.2900784705008,320.9702000298861,319.60724305364863,323.76902322844967,311.27778425063775,328.71,321.72
2017-04-30,4,326.27,327.8622294120506,329.7452650529534,327.32037225904486,330.281311602369,316.38809967133653,336.76,325.4
2017-04-30,5,327.6,336.37307886164973,338.0607908461137,334.2386664280105,336.49548412879216,320.2117358048791,339.92,327.89
2017-04-30,6,329.19,336.96734215464903,337.7256332775053,336.47497883989126,337.25369939630474,322.6300667387521,336.04,336.53
2017-04-30,7,326.53,336.83141093569594,338.06886176940014,336.45717793694797,336.6942619133157,326.75645199196424,338.13,336.64
2017-04-30,8,331.33,340.77796051289874,341.32316222375533,339.52887963248577,339.9222621266926,331.6720412576546,340.23,341.86
2017-04-30,9,334.45,343.4543197632813,344.0602148437305,342.30922594270896,342.9370417318904,336.07262165899016,342.1,343.86
2017-04-30,10,333.63,349.3505067356127,350.49897644977665,347.9094742766986,348.75795117834343,343.62114904450533,352.58,346.65
2017-04-30,11,337.52,351.00070589425644,349.85478714656546,348.8084435399846,349.2717173643255,347.3189176081808,353.9,350.94
2017-04-30,12,343.17,341.64997407256584,340.1407010941188,343.718151725704,345.5027147626298,317.38498680705203,271.48,350.28
2017-04-30,13,349.22,363.63601448738217,362.8796984626081,360.34721076897495,358.2293550511503,355.5483633692944,367.08,349.92
2017-04-30,14,354.72,363.5717744532749,363.6368421964527,360.36322254220073,358.2293550511503,355.8233608990952,367.22,348.73
2017-04-30,15,360.45,362.5054878786784,362.81182232924687,359.5697176215148,357.69279488768694,353.8644088605388,363.75,347.96
2017-04-30,16,356.73,355.3758346776584,355.86128635458425,355.32772394410006,352.0622130734736,351.0750059651421,360.98,345.01
2017-04-30,17,351.49,354.02534463584243,353.6390140926671,353.75483560913506,350.2585203749705,348.1339297426984,360.16,340.69
2017-04-30,18,347.19,352.70506493185655,352.4853018052087,351.256311052724,349.23595835617186,343.89356659382366,355.91,341.65
2017-04-30,19,343.45,349.8668375204776,350.0062253440725,349.13864803320496,346.5196866412472,340.0148114887306,353.77,342.17
2017-04-30,20,337.14,349.8234669170043,350.011390865502,349.1875831345162,346.2975798134656,335.85329138905854,352.47,339.09
2017-04-30,21,339.29,346.4378025159277,346.2928694480676,345.9777872218754,343.79893952755094,330.87902522060017,350.62,330.51
2017-04-30,22,331.05,333.8718026538704,333.0261208934359,331.64447906342934,330.9172642572004,321.6682411023295,337.02,322.21
2017-04-30,23,325.98,326.5672834702193,325.8133590483553,325.1174788314237,325.02423692651405,315.63493043925365,328.88,318.85
2017-05-01,0,326.15,316.9295659416899,318.61740510603056,319.2462135266902,315.9163819905542,329.7387832294209,336.82,318.81
2017-05-01,1,329.45,312.39090113736404,314.9287306382936,314.6501229477608,311.07801069663617,326.41997344570206,330.63,319.66
2017-05-01,2,328.74,312.73101699264504,310.9409042239923,314.7499302264153,311.2044184582037,326.3308045182712,330.88,319.41
2017-05-01,3,325.01,312.48620759556906,310.6960948269163,314.23404728828683,310.7469475633794,326.7356458468866,330.27,318.66
2017-05-01,4,348.51,340.5897283665639,343.69257207804185,341.7007646971392,342.1410476515277,338.31879805121764,353.84,326.27
2017-05-01,5,351.07,351.33342335141,350.9279729085581,349.73951268400117,350.5992414629614,342.05715290727204,357.12,327.6
2017-05-01,6,350.83,354.17559022122094,353.7415441775785,353.8928139428228,352.90012061012305,346.62573255145026,360.94,329.19
2017-05-01,7,356.49,361.69343452770727,360.25062139830584,359.0996469438787,358.6463722687047,352.3584178287509,368.03,326.53
2017-05-01,8,374.48,379.02808224206893,379.19947152846225,378.48568729870203,377.6444487611745,375.71926742566757,380.88,331.33
2017-05-01,9,386.59,393.58293901340335,395.6890912534974,393.72414071664576,391.2634064621247,387.3258657495891,401.06,334.45
2017-05-01,10,393.96,419.6339653269239,421.5990421843874,420.75419834218724,418.0298932607723,398.29581197782414,421.51,333.63
2017-05-01,11,406.18,426.5188186239068,428.17712474560915,425.58676888277364,425.8280412515568,404.2091644336342,428.71,337.52
2017-05-01,12,420.68,430.24747011793465,433.2634558749451,430.27599636958433,428.82539731493864,407.579549451832,430.51,343.17
2017-05-01,13,428.46,431.5648343427169,434.6527053855276,431.57650163060777,429.6131907688682,412.30148914390213,437.73,349.22
2017-05-01,14,432.65,431.587889522181,435.6218041523936,432.20550339687776,430.3029142841534,417.8193598949087,449.42,354.72
2017-05-01,15,435.56,431.587889522181,435.6218041523936,432.1404593190533,430.3029142841534,416.7584071191792,446.32,360.45
2017-05-01,16,430.44,430.39873507166146,433.37244627375077,429.6982237100561,428.3028642248225,411.2638924119662,436.81,356.73
2017-05-01,17,413.31,413.5643510685282,416.4604762082165,413.7294498480214,412.94930870979465,401.4411818262102,418.49,351.49
2017-05-01,18,398.49,394.66159532538086,395.1093622938496,394.30958531017757,394.55527017956524,378.2432081656721,403.91,347.19
2017-05-01,19,386.69,388.7183875102584,389.5336298588412,388.66629605872487,387.5178943994592,372.9133539214222,399.31,343.45
2017-05-01,20,377.83,377.94235107800625,379.0615564205224,378.61949236224814,378.69442046440645,363.1705619914179,384.55,337.14
2017-05-01,21,362.57,363.5076245892582,361.8003096836463,360.93618193590237,361.70239909207356,354.89482575005746,370.88,339.29
2017-05-01,22,338.09,347.302068114671,347.83376500632767,346.5159136851907,347.4449984453564,343.6975559841398,352.1,331.05
2017-05-01,23,328.88,331.83250915269446,331.7523794369151,335.60375765872203,330.099009961733,337.04916957353686,342.86,325.98
2017-05-02,0,324.6,325.18649559856505,324.7411363891383,323.8021622864625,325.0665445212336,334.73428747769435,339.2,326.15
2017-05-02,1,320.16,324.6688557895192,324.4607042625171,324.8108315692803,326.13736944574174,331.5559787588935,332.59,329.45
2017-05-02,2,320.91,323.4441708990052,322.2596807653892,324.41527490892594,325.62644552536534,331.31804506174325,332.56,328.74
2017-05-02,3,319.85,319.95967319585094,318.5098603642565,319.89820006543977,321.35955842173115,330.42089225808235,329.46,325.01
2017-05-02,4,333.96,340.1810232951994,339.2290386150852,340.903619405573,342.0029476078446,339.40393365141875,341.45,348.51
2017-05-02,5,342.4,345.2809848352161,344.63059987661035,345.65779757311725,347.25329935152666,344.46460994659674,347.76,351.07
2017-05-02,6,349.09,348.86162206013023,347.30436828921324,349.10191097955175,350.0206761781327,349.3187269476804,352.87,350.83
2017-05-02,7,360.6,354.25128766612386,353.7523152492978,355.1604412287739,356.1441590277931,355.7035928946758,359.12,356.49
2017-05-02,8,373.96,375.89563055889965,374.66880581445855,376.69002043897564,377.47781204960927,383.48612900191523,380.59,374.48
2017-05-02,9,387.01,400.0953307808824,399.40488613819696,400.02324595415007,399.91623377211675,399.5335913341193,409.54,386.59
2017-05-02,10,398.65,417.8150781636496,416.12556647926635,416.30318508794363,416.4219620519104,409.6686082112061,425.37,393.96
2017-05-02,11,414.37,423.4697741573896,419.69434788375304,421.1550082082387,422.1466032541319,416.6335703523222,432.79,406.18
2017-05-02,12,437.98,433.2665265775118,430.180402756031,430.0745285963331,428.9912090221961,424.15194449277897,442.66,420.68
2017-05-02,13,436.06,435.44489651394196,433.1683438505907,431.83909624069645,430.80181139541844,427.7941668357968,446.6,428.46
2017-05-02,14,431.76,437.2196108692348,435.52468596499256,434.84454359012307,433.56934308284156,426.8745945123633,442.08,432.65
2017-05-02,15,424.5,438.5778148061892,437.2556439723444,437.2284639036066,435.6305395991279,425.90327531636893,440.1,435.56
2017-05-02,16,419.62,432.147675094814,430.9657230010703,428.3243365194712,428.3774568297898,421.2251700979035,433.15,430.44
2017-05-02,17,407.75,412.0033883870816,410.1664037077201,411.7003096326149,410.57778327464194,409.38661640433224,413.25,413.31
2017-05-02,18,401.35,398.3002445587507,396.0339366556414,396.6794639206728,397.1556083830699,384.65333842122726,396.72,398.49
2017-05-02,19,403.73,391.0982782542071,389.81111118606026,388.8341584708249,389.0878905958325,380.3263560902851,397.16,386.69
2017-05-02,20,396.41,381.8960539978355,380.8170226357645,380.39443678337926,380.42977967915186,372.2191792445853,387.39,377.83
2017-05-02,21,372.14,365.89083181048727,365.55340125070177,364.5508902670893,364.5988224212371,361.3700836914032,372.34,362.57
2017-05-02,22,342.5,342.9446865981955,342.3831125716742,340.1847029832478,341.9059606412054,348.0918221612293,353.09,338.09
2017-05-02,23,337.15,335.55678804785714,333.74596683374216,334.885457008383,336.05426002967647,341.2406911033621,344.55,328.88
2017-05-03,0,333.51,333.073192634601,333.73112614544317,333.43106050782484,331.7044214847773,336.9934550162115,337.92,324.6
2017-05-03,1,326.14,333.0601850287713,332.88820630074974,333.6131308738933,330.67300348751337,334.4286256644663,335.22,320.16
2017-05-03,2,329.66,333.0467259449234,332.88820630074974,333.58222914574935,330.7994112490809,335.634503936795,338.45,320.91
2017-05-03,3,329.16,329.2302518273614,329.502796258489,330.0348078289635,327.2580457385951,334.275925604795,333.32,319.85
2017-05-03,4,338.83,341.99550094064665,341.4550074227269,341.02627151194383,339.03515062175677,341.0126663662116,342.34,333.96
2017-05-03,5,346.4,352.6112754435439,352.8623794110566,352.60723153297306,350.81480318192627,348.7153252100798,353.68,342.4
2017-05-03,6,347.53,355.1800084773735,355.6737927921376,354.76829701427744,352.9535330533609,352.55313945537466,354.05,349.09
2017-05-03,7,358.81,366.8283317262464,367.65827159866274,367.367715345012,364.93110211427756,362.6455141948425,368.11,360.6
2017-05-03,8,374.97,376.9373311704877,377.3719188917714,377.46037625160375,375.63760594440924,384.94951634108145,377.86,373.96
2017-05-03,9,392.24,391.18528939407315,391.05154283967516,392.7890226032358,390.8760770306632,396.62139080039026,395.23,387.01
2017-05-03,10,407.8,409.7378575792356,409.327107488649,410.4168724891552,407.3881297383751,408.4521708929145,414.17,398.65
2017-05-03,11,421.5,423.86541700728486,422.5578809472507,424.1402344209916,422.65861523533357,415.41173178926834,420.54,414.37
2017-05-03,12,422.1,434.98198635926497,434.48739912706236,436.37844125994405,433.1211869868447,422.1529407207016,425.66,437.98
2017-05-03,13,429.67,435.82837641399595,435.7511402363372,436.7508996083002,433.58051055385795,425.4501995995272,431.69,436.06
2017-05-03,14,424.84,433.4703956931475,432.5273126582498,433.65950061698857,430.5510151009472,425.0482596230161,431.12,431.76
2017-05-03,15,426.14,429.16549509615413,428.4223037147925,428.69755095487807,425.82889940763215,423.59396770538643,431.01,424.5
2017-05-03,16,420.98,427.97167326658376,426.5152493208845,426.4367309877641,424.0636785906844,420.19766091831514,427.32,419.62
2017-05-03,17,408.91,411.3735406142265,411.7922663657264,411.8186155417,410.46367085322976,412.485360179838,416.5,407.75
2017-05-03,18,397.36,401.0352059328086,400.2362409056294,402.14087302648386,399.6999469663206,391.83708151987076,406.95,401.35
2017-05-03,19,393.32,398.3609904713518,398.5459932667505,398.4467039500836,396.28147840000014,385.5445177304457,397.99,403.73
2017-05-03,20,388.1,388.73475815484886,389.84498957979685,390.83080509446256,388.903626344746,373.80954885466673,378.36,396.41
2017-05-03,21,368.94,369.71651562927906,369.89214063115395,369.9743272601492,368.0160963652349,363.36573625256443,367.08,372.14
2017-05-03,22,348.69,342.8727173392747,343.7443577076735,342.03074040598574,340.83449961883554,346.98741949111405,341.36,342.5
2017-05-03,23,338.57,333.8929548992774,334.5358725381571,334.1959981282787,333.2218392694274,340.55907014941045,332.71,337.15
2017-05-04,0,334.35,336.2289172306273,336.2868043439801,335.0237142277821,335.4376314152988,339.6647664030141,335.84,333.51
2017-05-04,1,337.25,332.49190136463505,332.3769404024591,332.1443367657394,330.6607361214924,338.57262679252625,337.81,326.14
2017-05-04,2,334.51,333.339229744202,333.05718763535396,333.89912831818634,332.7017672686958,336.51401421544506,331.73,329.66
2017-05-04,3,333.47,333.339229744202,333.05718763535396,333.856922403153,332.7017672686958,336.5801525018579,330.09,329.16
2017-05-04,4,349.29,340.4394645344241,340.407514342414,339.53576172825285,339.10328081756137,343.880435926463,341.9,338.83
2017-05-04,5,353.56,349.703358651375,350.17910041115664,349.3403763063224,349.5250388555337,349.5124949553836,348.14,346.4
2017-05-04,6,362.88,355.6225944773901,355.93760200217974,355.48658182830974,354.7423970258014,356.4918201130622,358.32,347.53
2017-05-04,7,382.25,363.9393845125164,364.5765860120222,364.4862769914085,363.6690590879164,363.2757949906328,363.9,358.81
2017-05-04,8,398.05,380.13797197204497,380.6855527820231,380.0195505600528,379.6634110854753,388.85956111563854,382.35,374.97
2017-05-04,9,416.5,398.9861169621098,398.511464671521,398.5484827179413,396.07842413767366,402.21238033723256,402.8,392.24
2017-05-04,10,421.13,417.42572966286,416.89079653638385,415.61127281433147,414.4570888137242,417.41560478952186,429.29,407.8
2017-05-04,11,430.58,425.4280776481954,423.68188704889417,425.18104323270416,422.9841067422195,425.58516948549806,439.43,421.5
2017-05-04,12,435.19,431.2500147592668,429.24131143199924,428.6687109096521,426.6865227632557,429.46837066105525,444.19,422.1
2017-05-04,13,436.08,433.4754550193638,432.03009330703543,430.4862191570314,428.25668187948196,431.0089472762139,442.82,429.67
2017-05-04,14,435.21,430.76323808571897,429.351548472814,428.69384820736525,425.94095188893107,428.0936362096642,435.94,424.84
2017-05-04,15,434.91,432.47567823546973,431.0420779702666,429.39047916930133,427.4709274490582,425.7965594402387,431.07,426.14
2017-05-04,16,432.18,429.3419475653366,426.9553520873092,426.10463969795796,424.6394942557683,424.3445795369742,432.51,420.98
2017-05-04,17,417.56,412.098961230193,410.4086946339172,411.59900782268267,409.5129768723255,412.9880615791732,412.34,408.91
2017-05-04,18,408.48,398.02227565354934,396.22872150424485,398.20238379519947,397.4837719750564,391.20664508574447,400.37,397.36
2017-05-04,19,400.93,389.1390072253426,388.28301280198195,389.6397495481211,388.3239224690726,381.8472058695975,385.43,393.32
2017-05-04,20,394.23,383.7865636117094,384.14405203484694,383.1127751592956,382.49775440686153,374.3551970720374,376.12,388.1
2017-05-04,21,388.13,367.94786760704454,368.2618649249424,367.0692881585,366.64498981826745,365.38593501987265,367.08,368.94
2017-05-04,22,359.42,348.95225636420514,349.7832143499595,347.85739486052427,347.9533721409785,354.87497603123313,353.65,348.69
2017-05-04,23,344.4,337.40817613637773,338.0546792394716,336.3726347550249,336.2239755520476,346.3332239602086,340.96,338.57
2017-05-05,0,351.38,338.6967051957897,339.3909624516396,339.55068668700153,338.5455475889011,343.8479145755227,339.02,334.35
2017-05-05,1,351.09,338.2063755613387,338.51735365007943,339.5310665916567,337.3903379597635,341.0622240526318,333.47,337.25
2017-05-05,2,347.13,338.1657254862325,338.2660453407136,339.5465674072402,337.57091004167273,339.9323765722032,331.68,334.51
2017-05-05,3,341.9,339.01193282159755,338.8599546742629,339.74914309317427,337.82015603123574,341.78126667899767,334.8,333.47
2017-05-05,4,357.64,351.1145233779582,351.71276174897514,351.9986099803953,350.0898258725102,350.66013910750735,348.81,349.29
2017-05-05,5,367.53,357.8317778357329,358.3424119943197,358.2645994357568,355.67486996577935,356.66836781431823,357.02,353.56
2017-05-05,6,367.94,363.55875676426587,363.646617138145,364.57584242397,362.39447488596943,360.9572282042508,357.75,362.88
2017-05-05,7,378.86,373.4478439666433,374.24781840385737,374.4634642829671,371.54660138573314,369.05198117515056,364.26,382.25
2017-05-05,8,384.6,391.9057507164443,392.96783930429706,390.326006148422,388.3712998502144,392.9279579288052,379.03,398.05
2017-05-05,9,397.33,403.73895464774273,403.16923594105134,404.098466930048,401.2538313541565,406.8294557780455,400.55,416.5
2017-05-05,10,404.75,411.60458503207843,410.9685968735805,409.9520021767643,408.01193517399696,411.75265162262065,403.8,421.13
2017-05-05,11,419.06,421.57377124800115,419.97835751957064,419.84321377977847,418.8127224344944,421.67092684841504,419.77,430.58
2017-05-05,12,423.42,430.4078358453868,428.9259315598108,428.77333051770216,428.85582486888705,425.59397757729624,423.43,435.19
2017-05-05,13,423.33,430.6516806128329,429.9065636835937,428.77333051770216,428.9314804763016,427.7653157523079,425.74,436.08
2017-05-05,14,426.83,430.41861402143854,428.90012252389346,428.76194405106804,429.0412060349039,426.6249085652603,422.26,435.21
2017-05-05,15,426.31,425.73507879708364,424.56118120693435,425.4688598520747,425.4089798721184,423.3839773086702,415.45,434.91
2017-05-05,16,418.46,413.54605483046277,411.7739320995225,411.1075732222297,412.53564325851,419.3556376425074,409.5,432.18
2017-05-05,17,405.46,397.9471422387401,399.3509134945815,397.9376710028663,397.70216906395507,409.3596738676738,393.63,417.56
2017-05-05,18,392.32,385.61832199106294,386.78552175713435,385.7459214134186,386.59266988030083,387.29150553656234,379.55,408.48
2017-05-05,19,385.01,380.32459768964185,381.65050895460433,380.9578499570649,382.2694083552028,382.26951975301574,376.89,400.93
2017-05-05,20,374.28,377.7361071506852,379.104769271422,377.97652584152314,379.1637462452773,378.2454500516072,376.99,394.23
2017-05-05,21,365.23,360.0812704467487,361.59432979964856,361.746754298797,362.11251640016917,366.00546755849314,355.51,388.13
2017-05-05,22,344.62,345.9517715776995,346.87544999488426,346.4422440788761,345.8161331355346,351.866460624935,335.26,359.42
2017-05-05,23,336.5,338.5389944597405,339.82243166100153,340.1064304675763,338.774219456306,345.7130698837562,330.22,344.4
2017-05-06,0,334.69,336.53595069077033,335.75871855895707,336.82022867048465,334.94733115259925,332.9149560320395,327.5,351.38
2017-05-06,1,331.47,335.3134458401195,334.20576161394496,336.14769385894556,332.79621897007473,331.61673231914205,326.74,351.09
2017-05-06,2,331.06,335.06120174325866,334.20576161394496,336.5279400598136,332.91480861768554,329.6063314014854,323.02,347.13
2017-05-06,3,331.86,333.1442404176434,332.5364298463823,335.576674546693,331.53742162766923,329.2607812126046,321.72,341.9
2017-05-06,4,340.22,338.6149671838422,337.14010602691155,340.73461689854315,336.26541034513565,334.14109148830784,325.4,357.64
2017-05-06,5,343.28,338.7212278842147,338.04679062848584,341.76173151408807,339.2826740352917,338.602185918211,327.89,367.53
2017-05-06,6,350.26,347.50163663507936,346.3484923821246,348.6343023719538,347.57271319757706,344.9033561745708,336.53,367.94
2017-05-06,7,344.69,348.84079616773005,347.8063142483118,350.08078965013954,348.59165098810104,349.52710489541215,336.64,378.86
2017-05-06,8,354.49,351.3402240698265,350.35358584247757,351.99583928948834,349.51953984145825,355.6847717051345,341.86,384.6
2017-05-06,9,360.41,356.7051892369833,355.64356516662724,356.3975511025369,354.2676401064577,361.3570936539425,343.86,397.33
2017-05-06,10,364.64,358.939425611232,358.7324839249076,358.00981718680595,356.17485548732225,366.42252745810515,346.65,404.75
2017-05-06,11,364.71,361.53919882445916,361.2152521436206,360.4964275079461,358.5188084881527,372.3856496979986,350.94,419.06
2017-05-06,12,363.6,364.41204115408635,363.20926520142393,362.7618168805619,361.08735519946856,374.5982384841075,350.28,423.42
2017-05-06,13,363.61,364.52556778394126,364.1920625190144,362.7705996654784,361.1630108068831,375.6113969040199,349.92,423.33
2017-05-06,14,369.97,364.6324243407575,363.44619325972224,362.9617871672379,360.9902441234543,375.86143840135975,348.73,426.83
2017-05-06,15,369.04,362.34262097204794,361.1341671474196,360.9988472802107,358.2039953400724,374.92260609622946,347.96,426.31
2017-05-06,16,365.06,361.58586219322353,359.5442024448983,359.37583747727166,356.4565865500876,371.44588482234656,345.01,418.46
2017-05-06,17,359.5,355.26338933271535,352.9340284278986,354.506483679497,352.00446963278694,366.10387907888844,340.69,405.46
2017-05-06,18,357.2,355.32692315670465,352.7454575524601,354.536704150019,352.0466165802821,362.21067456573485,341.65,392.32
2017-05-06,19,357.95,356.5443551161101,354.11074285823906,354.22794839068274,353.1206733536018,358.44821587361116,342.17,385.01
2017-05-06,20,355.62,350.7243964619259,348.79294280101277,351.3512141690191,350.0478234789193,352.723921185615,339.09,374.28
2017-05-06,21,341.36,342.30385723822775,339.7107533972041,341.9846933621332,340.4171943036838,345.1324718580945,330.51,365.23
2017-05-06,22,333.17,336.7117557640269,335.4434931037834,336.5791396007859,334.07850953401123,336.57669248592197,322.21,344.62
2017-05-06,23,327.88,328.21158578288475,327.53532439304274,329.4461596514453,327.64723190836116,331.89447789607203,318.85,336.5
2017-05-07,0,328.91,326.4542347737364,326.40697964595404,326.547678549285,326.3334527494385,317.0083605047386,318.81,334.69
2017-05-07,1,329.38,324.90627814591437,324.05719043134206,325.37684058220884,323.92120812440726,315.97158293256564,319.66,331.47
2017-05-07,2,329.97,324.7034069571001,324.05719043134206,325.3958679059226,323.98116619238186,315.70564756217226,319.41,331.06
2017-05-07,3,332.0,324.7034069571001,324.05719043134206,325.3536619908893,323.98116619238186,316.2691668074508,318.66,331.86
2017-05-07,4,339.4,334.0694513567809,333.2788259912218,334.0870213294626,332.51776097393434,321.790984790603,326.27,340.22
2017-05-07,5,341.74,335.59051501102016,335.27343870254265,336.1211579632403,335.0136356560288,324.9933764759387,327.6,343.28
2017-05-07,6,339.32,337.45493014821403,337.50649793067424,337.70266845707806,337.8290865261205,329.33868752380005,329.19,350.26
2017-05-07,7,339.55,338.64285825655924,338.4260730360757,338.6830485658306,338.4910682788165,330.9528841686022,326.53,344.69
2017-05-07,8,342.02,339.3459530594506,339.91868593593256,339.51995082381944,339.4258687187525,337.4322059314307,331.33,354.49
2017-05-07,9,340.65,343.26609518195437,343.824733117286,343.026524062387,342.03112808054925,342.7465217546083,334.45,360.41
2017-05-07,10,341.67,342.45895690418786,342.95098634463415,342.25918363284495,342.6436193277271,346.05353055979424,333.63,364.64
2017-05-07,11,342.75,345.40774764751194,344.49829157059787,345.5011399728014,344.458701653947,350.201712477837,337.52,364.71
2017-05-07,12,348.27,350.1783801488582,350.56273519939566,352.4894363824447,350.87465107850124,354.2277044151901,343.17,363.6
2017-05-07,13,354.58,352.05819975041237,352.3576053197504,354.0014864965481,352.8335587193489,357.74835738580373,349.22,363.61
2017-05-07,14,356.97,354.2942626945376,354.6550935448899,355.7822914142793,355.7861009195799,360.9378318229091,354.72,369.97
2017-05-07,15,356.18,354.3060454351387,355.46078532555185,356.6365362246656,356.1138469151209,362.4779973834128,360.45,369.04
2017-05-07,16,354.46,352.0262697584931,353.39280621905107,354.44533088537503,353.7066728463374,359.168963629571,356.73,365.06
2017-05-07,17,347.39,347.7647172884639,348.4908702388554,349.64205876250264,349.25351603226846,354.3529445822825,351.49,359.5
2017-05-07,18,342.56,346.0385224981927,346.8076262780241,348.1740881865228,347.96289119908624,349.7029974184282,347.19,357.2
2017-05-07,19,340.64,343.79351305925087,344.0524180628217,346.4541686625644,345.70280450334235,345.23911040181,343.45,357.95
2017-05-07,20,339.5,339.7049113546755,340.0498428983139,342.2804599906696,341.7736340654347,339.24757884515316,337.14,355.62
2017-05-07,21,339.46,338.04372471478115,337.58873972003227,339.02568471850975,337.730222815392,335.18305406194,339.29,341.36
2017-05-07,22,331.73,329.9606469192228,330.03248632734005,330.03129179470005,330.02246726610065,328.09872595410457,331.05,333.17
2017-05-07,23,326.58,322.952598590078,323.77284012144804,323.25849039542794,322.92473307362104,323.0727564191551,325.98,327.88
2017-05-08,0,332.63,326.91712932670237,324.1327641259666,324.7821053431618,323.4154568244077,324.9252455281333,326.15,328.91
2017-05-08,1,327.79,327.0780743607472,322.78771466883774,323.76158994442477,321.11705407602375,325.2132837943693,329.45,329.38
2017-05-08,2,325.8,326.6700906951053,321.4681999014046,323.4627112305787,320.760306165516,324.83400124611427,328.74,329.97
2017-05-08,3,325.62,326.3085068727465,321.33717019243073,323.486122747259,320.6926048590505,324.34406365173515,325.01,332.0
2017-05-08,4,348.98,341.44021823411765,339.3090345241131,339.67611966810955,336.1204314565631,335.8638010098878,348.51,339.4
2017-05-08,5,350.74,353.7388359762281,353.92388682355653,355.28670227721193,356.03137935727744,339.43521144359255,351.07,341.74
2017-05-08,6,353.71,354.35605613398667,354.91886829784323,353.67591115142193,353.84421314195845,341.95913642716476,350.83,339.32
2017-05-08,7,355.7,357.2584860092925,358.4319898986158,357.19583321735945,356.9379781508139,347.48128792611317,356.49,339.55
2017-05-08,8,363.9,378.7992186373632,382.175807828945,381.45726193681656,380.36487861928975,373.3630340781411,374.48,342.02
2017-05-08,9,377.49,394.39429663572366,395.66550619933474,399.03480724771566,398.835444772144,381.3316492862296,386.59,340.65
2017-05-08,10,388.78,402.9458843793195,401.2908198244232,406.7755645120993,406.00959024820463,387.47423362188124,393.96,341.67
2017-05-08,11,395.04,417.90199408392414,416.42710187977076,414.7636374643626,419.613131264531,395.0162027951013,406.18,342.75
2017-05-08,12,402.84,429.73857736450685,429.99561140522604,427.50500841269604,431.3870999856814,403.3022859227843,420.68,348.27
2017-05-08,13,402.61,435.52529446626374,436.71554938413135,432.7540080630011,436.09946339838575,408.2903550878581,428.46,354.58
2017-05-08,14,401.71,435.45903850310845,437.1210126615496,433.1014207607474,436.32879008970156,410.55910778172756,432.65,356.97
2017-05-08,15,402.56,436.4943341359042,438.2040831540975,434.214616010529,437.0409279362166,411.0706358987883,435.56,356.18
2017-05-08,16,393.35,431.58607109207844,433.78533374232364,430.55634324173235,434.71312436931635,407.5210346059722,430.44,354.46
2017-05-08,17,376.6,413.0770531410544,413.7743225377015,412.5759120236312,416.83598588176733,397.9505649043985,413.31,347.39
2017-05-08,18,371.61,402.6732190269376,402.7881485735853,402.05364164691747,407.6450825371249,373.8001691904406,398.49,342.56
2017-05-08,19,370.88,395.1781810606263,395.5618317906391,396.8610506378495,400.93362700268904,365.8971916063453,386.69,340.64
2017-05-08,20,362.15,382.42428496995956,383.01741504786065,383.54698144048706,386.610954162352,359.0374128393272,377.83,339.5
2017-05-08,21,355.59,358.3457587557047,358.13565996266453,358.99586140838187,360.9619494281128,349.8773786666241,362.57,339.46
2017-05-08,22,342.94,341.85131037124944,341.00942236517994,340.8176343620683,342.00375943521465,336.5203405646418,338.09,331.73
2017-05-08,23,335.65,324.37279125081193,325.8319976558831,328.4761768009886,324.06882756016216,329.85649360589366,328.88,326.58
2017-05-09,0,334.06,331.39042904740194,330.22700402999243,330.6300879142264,331.6558165229138,327.734078277495,324.6,332.63
2017-05-09,1,330.97,327.3548411828245,326.6856464544535,327.30808264106923,327.7426705472498,324.4082731287825,320.16,327.79
2017-05-09,2,326.95,327.16361204418894,326.1009766588081,326.7124428910731,327.67326290386234,324.2944055561462,320.91,325.8
2017-05-09,3,328.67,327.16361204418894,326.1009766588081,326.6702369760398,327.67326290386234,324.580810635177,319.85,325.62
2017-05-09,4,334.18,342.7354008550232,342.139579780066,342.526891591923,343.5120210820418,334.34955033108764,333.96,348.98
2017-05-09,5,347.4,349.13115711772105,349.46457277976896,348.46653659780924,349.55622516294864,340.12873929863383,342.4,350.74
2017-05-09,6,348.35,356.59219970706965,355.5765539910976,354.50410750688565,356.0854469561837,345.9678632068417,349.09,353.71
2017-05-09,7,354.84,359.1938513337821,359.6578891177851,360.12711247129545,360.6305440371889,353.95914183929983,360.6,355.7
2017-05-09,8,367.08,372.4618899501483,372.6259156793256,372.9402066513106,372.9959080995327,378.4021122160796,373.96,363.9
2017-05-09,9,375.66,385.1247678379171,383.6482976342744,381.81011591641925,386.51729787367975,388.4917802609726,387.01,377.49
2017-05-09,10,382.56,399.4380653037053,396.76166323789334,393.0368065724538,398.2497327419242,397.49065513056513,398.65,388.78
2017-05-09,11,392.51,413.021025386123,408.9650443802702,407.5286250484094,413.16778137144576,406.99155599295926,414.37,395.04
2017-05-09,12,396.12,427.7459978192411,426.0161129736934,423.26658108626873,428.1563560632317,419.0648298131629,437.98,402.84
2017-05-09,13,399.05,428.0280664112276,426.80962661654786,423.3028884066354,428.2320116706464,419.52699848898453,436.06,402.61
2017-05-09,14,392.68,427.33058437781426,425.73509146755293,421.95222597894383,427.3488937292606,418.1205872884592,431.76,401.71
2017-05-09,15,397.92,426.44906068764664,425.19469891982897,420.4577741673796,425.9809062069767,414.8878824445775,424.5,402.56
2017-05-09,16,393.25,419.81657288025553,419.04526572346265,414.3272570259559,420.1732463276312,410.5469319690349,419.62,393.35
2017-05-09,17,379.83,402.16430252441063,402.5820769981014,399.5976260661596,403.5668396120347,401.87008791027847,407.75,376.6
2017-05-09,18,367.89,390.8263021465436,390.8628024081596,390.08765395107474,394.1726115088502,381.27736990024937,401.35,371.61
2017-05-09,19,360.26,394.2074814789906,394.73326515610745,394.44492999587874,396.8556765493218,378.999508582606,403.73,370.88
2017-05-09,20,356.33,383.56576648256635,385.28230664196866,383.61927760911385,386.1583248161239,371.8440444450314,396.41,362.15
2017-05-09,21,348.29,365.3986818843342,366.6832247962945,365.92862940095847,368.30022326969686,358.4347985011493,372.14,355.59
2017-05-09,22,328.64,343.7505498234136,343.3529752738804,343.2397159723092,344.1578133489008,342.50676604778386,342.5,342.94
2017-05-09,23,323.93,335.8977720703544,336.2041686784605,335.4821439232741,337.42674204869905,337.0883703745168,337.15,335.65
2017-05-10,0,322.29,327.15135102237616,326.51520600983343,326.417154022438,326.66838385072793,324.1963245441247,333.51,334.06
2017-05-10,1,320.34,324.05267730950254,323.5236247692417,323.8792926781897,322.33812907319515,319.9321294241496,326.14,330.97
2017-05-10,2,320.97,320.0414217715246,319.2644778346415,319.9315444780095,318.0963682557003,320.6404608602087,329.66,326.95
2017-05-10,3,320.99,322.9337215215686,322.27648314968206,323.78933759939457,322.38506540756043,321.3581832342535,329.16,328.67
2017-05-10,4,325.31,332.6436633483656,331.9020432059459,332.56894251899223,332.1680587675216,327.302465495977,338.83,334.18
2017-05-10,5,338.87,345.29769415742913,344.8161183502445,345.90603445714083,346.68438386482285,334.08937331826877,346.4,347.4
2017-05-10,6,339.8,346.6192725436281,347.23996858184813,346.8002150712835,347.4184514542687,337.5388771588231,347.53,348.35
2017-05-10,7,346.77,352.2620955956743,352.5019365062545,353.7959165681285,353.82587850687946,345.97216142258145,358.81,354.84
2017-05-10,8,357.91,366.5670526312124,366.9363541394755,366.37389717903926,366.9363347991103,372.08345112091826,374.97,367.08
2017-05-10,9,372.07,376.26039445980194,376.9865176793919,376.62294882238206,376.1932111700485,383.2225829057542,392.24,375.66
2017-05-10,10,383.63,390.4877585649892,388.6676763361677,389.59706480274485,391.787094339976,393.2299018082501,407.8,382.56
2017-05-10,11,391.38,396.3697836755836,396.6760999152544,398.2793944478689,402.6442344729671,402.39401537244333,421.5,392.51
2017-05-10,12,389.5,398.70139224918984,397.73788031523344,400.82438728142665,407.2174111128197,405.0856011814515,422.1,396.12
2017-05-10,13,397.9,402.3992168080084,402.9609479797584,404.3808495643831,409.18494461488365,409.60116227081943,429.67,399.05
2017-05-10,14,391.21,399.0244274393004,398.888088745576,400.6232274238834,407.29000733224217,407.3564159605595,424.84,392.68
2017-05-10,15,392.86,399.0244274393004,398.888088745576,400.6232274238834,407.2037851129391,407.95992515178006,426.14,397.92
2017-05-10,16,394.95,397.3014918256795,398.9248858349662,400.99802857922043,406.7492873838989,404.05168151614043,420.98,393.25
2017-05-10,17,386.71,389.29892951434056,388.79666010730364,391.2264005820196,395.13966164263974,395.69358621300756,408.91,379.83
2017-05-10,18,373.32,383.3044038826706,382.2609494154225,381.86077609226584,385.9021043580669,372.18693334838554,397.36,367.89
2017-05-10,19,367.9,377.34927257279276,376.43036754247095,377.07849050808665,379.7465775456037,366.6126021809528,393.32,360.26
2017-05-10,20,366.33,374.38807307699165,374.41446086791524,375.22090525310165,378.1914500223335,360.8299087806708,388.1,356.33
2017-05-10,21,358.78,357.8599260375007,358.1427296630715,358.90616139283304,360.9989902003378,349.2161493271564,368.94,348.29
2017-05-10,22,338.12,339.31481367458235,337.83145091559453,339.1955647208631,341.2525536786082,336.08741525179727,348.69,328.64
2017-05-10,23,330.19,328.8352133605447,327.5091345082308,328.46484504500376,328.9948916010582,329.1173803402466,338.57,323.93
2017-05-11,0,329.92,324.1391651896755,324.69087959918056,321.44014609767066,322.6456839109431,325.9542879208495,334.35,322.29
2017-05-11,1,329.31,324.08165091952407,324.789208802066,321.7274369512653,323.32665425467883,325.80825028057006,337.25,320.34
2017-05-11,2,332.91,322.34293854611917,322.0499761176188,320.57749867759816,321.9616367057398,324.6535442644784,334.51,320.97
2017-05-11,3,325.11,320.16284713101703,320.26104169444034,318.31352302735377,320.0881705931869,324.9718349914011,333.47,320.99
2017-05-11,4,336.74,338.0567621368704,338.59943004748936,336.5754386624913,340.14435465413845,333.16202531891895,349.29,325.31
2017-05-11,5,348.2,343.84496360981257,344.4741868016991,342.52667278056094,346.2705515967867,338.71714500167326,353.56,338.87
2017-05-11,6,351.82,347.63100906616535,350.10281671436957,347.7504974802511,350.34336344126467,345.33354709410156,362.88,339.8
2017-05-11,7,360.47,367.59685976134443,370.27483951049425,367.10796065000983,369.3200353618023,356.95077221480784,382.25,346.77
2017-05-11,8,363.87,382.0146716057744,383.8808492101281,381.46063207998094,383.258111381809,382.62195216722023,398.05,357.91
2017-05-11,9,372.08,392.80001133215904,392.63604238906214,394.3442786155698,396.7675699256455,394.86680812326347,416.5,372.07
2017-05-11,10,387.94,398.4355899214909,397.80879718247127,399.8441207613417,399.8684142462642,401.18553805354435,421.13,383.63
2017-05-11,11,391.68,403.21017580963485,402.20560182750387,404.30860717119964,406.0678852805424,408.435962350869,430.58,391.38
2017-05-11,12,395.68,407.23833466093816,406.33696799101654,410.0009982199664,410.41415979544655,412.02069228445276,435.19,389.5
2017-05-11,13,401.7,407.52040325292467,407.5714308537115,410.0373055403331,410.4898154028611,414.5844104579561,436.08,397.9
2017-05-11,14,400.07,407.3416343625089,407.89881479944177,409.71022319047955,410.38397475655444,413.8226218513925,435.21,391.21
2017-05-11,15,403.05,407.3416343625089,407.89881479944177,409.71022319047955,410.29775253725137,413.37539565700035,434.91,392.86
2017-05-11,16,403.22,406.4585894999217,405.950994724237,407.3652153186505,409.1388017478461,411.1951949479278,432.18,394.95
2017-05-11,17,390.8,397.58997362294997,397.716664095849,399.5798272877152,400.2444417040632,402.45577917884304,417.56,386.71
2017-05-11,18,384.39,389.8921901466437,390.91989231705816,389.27653514985536,392.3407783926585,379.8991563544742,408.48,373.32
2017-05-11,19,372.74,384.9171585079095,386.33064934930314,383.71251898015663,386.5296615693293,373.2288463239189,400.93,367.9
2017-05-11,20,367.26,377.1983358144043,376.7353436079048,376.68451325677955,378.5616243475788,367.15598737978297,394.23,366.33
2017-05-11,21,356.37,371.94015842353656,373.2826007262829,371.30509690077935,373.86150591450024,360.65844058910903,388.13,358.78
2017-05-11,22,348.43,344.2826014982657,344.25077898812043,342.93370746497595,345.4051052432399,344.1482010729592,359.42,338.12
2017-05-11,23,339.4,336.7433298055716,336.57525313316086,334.59279816990784,337.54279433486914,334.9150924576779,344.4,330.19
2017-05-12,0,338.76,343.86085693777136,344.59337930108904,342.41042917545707,344.1532489266212,339.5089535554939,351.38,329.92
2017-05-12,1,341.76,341.5636964085794,340.9924810949384,339.697114677655,341.8952823526161,338.31133671738365,351.09,329.31
2017-05-12,2,340.79,340.29389836971757,339.58317607318844,338.3988504757147,340.7789598097048,337.05712602276185,347.13,332.91
2017-05-12,3,333.24,336.96234888858214,337.2059493337169,335.1138299916462,336.0934219532181,334.8543106411112,341.9,325.11
2017-05-12,4,344.66,347.18953109589233,347.49182846035654,344.4318597799818,347.02661390634063,343.8887962071234,357.64,336.74
2017-05-12,5,348.71,362.39314099484363,363.2732196667319,361.56635745580076,363.4199334325047,351.3799722993677,367.53,348.2
2017-05-12,6,345.65,363.2403776666089,364.1162712562869,362.45590950779746,363.8686240191823,354.86996294936097,367.94,351.82
2017-05-12,7,355.38,369.79330480377394,370.00903754807365,369.60073027522714,372.1872714258691,363.4133815213821,378.86,360.47
2017-05-12,8,362.23,381.45420203292065,381.51165364390005,377.84179939205035,381.8495542806966,383.56688577858034,384.6,363.87
2017-05-12,9,380.48,389.9358604023945,391.2532428356489,386.1440703739721,389.3708328781624,392.88417552755305,397.33,372.08
2017-05-12,10,393.42,400.755027590908,399.98770130777547,396.0589102821433,396.6851702323495,400.7683320254449,404.75,387.94
2017-05-12,11,397.98,402.8653528234557,403.3822737263997,401.257459382144,402.955666274805,409.403749971054,419.06,391.68
2017-05-12,12,404.73,405.7612852037541,407.570933243205,405.29717001728466,405.61177523757146,413.55911693572307,423.42,395.68
2017-05-12,13,410.53,406.0433537957406,407.9352453038422,405.69080242797486,406.9838131385933,415.43918353381827,423.33,401.7
2017-05-12,14,409.26,407.18374055127055,408.119157800551,406.86473169742305,406.5688893617803,416.940122113182,426.83,400.07
2017-05-12,15,414.0,406.04268664331704,407.57876525282705,405.5996078676676,406.7266108244195,416.54465145501985,426.31,403.05
2017-05-12,16,409.74,403.4913336376617,404.9720765670691,401.23796756342983,404.13460951389146,412.14315432278386,418.46,403.22
2017-05-12,17,394.96,397.47207545751394,398.01331766613606,394.8658578887878,396.026455871314,403.5289811481433,405.46,390.8
2017-05-12,18,387.96,379.29594293359054,380.9622962629327,379.81169300726503,381.6469251906451,380.92661706011415,392.32,384.39
2017-05-12,19,386.11,375.9256029462872,377.343113423707,376.31472786435035,378.410152583888,373.6192915856896,385.01,372.74
2017-05-12,20,381.55,370.52341414847734,370.7441527584748,367.8346266656086,370.74900467754645,365.537121589447,374.28,367.26
2017-05-12,21,371.88,362.8106220676976,363.2589492088354,361.48975269782864,362.47348646792403,357.5206531859679,365.23,356.37
2017-05-12,22,351.79,346.92153956508344,347.3216252448107,345.0136662764299,345.4200821800751,345.6596952824991,344.62,348.43
2017-05-12,23,345.02,337.26129723682516,337.82313450166555,335.021196764962,336.0744381420411,338.98879127067585,336.5,339.4
2017-05-13,0,342.47,340.41818705220805,340.2522770488129,340.12346273544426,340.0252918191114,331.0057987208109,334.69,338.76
2017-05-13,1,338.83,342.4977360370204,341.01661405332464,341.9853220947482,341.70304829167577,329.12148522475803,331.47,341.76
2017-05-13,2,338.18,342.2454919401595,341.01661405332464,341.8788377415915,341.689980995064,328.7228731436558,331.06,340.79
2017-05-13,3,337.15,338.8231495624929,338.2184511755994,338.68785691144626,339.1279171124822,328.8991564914297,331.86,333.24
2017-05-13,4,341.9,345.7369452087218,344.873598637696,345.5536560590293,345.11999014429387,335.06789464910884,340.22,344.66
2017-05-13,5,345.18,352.0851828760784,351.0943382592025,352.27590105977,351.1599503556012,339.0538716026313,343.28,348.71
2017-05-13,6,350.57,354.3860449175967,353.0276058090834,353.8683681351543,353.96515076904456,344.3018204915315,350.26,345.65
2017-05-13,7,342.88,357.8393199171414,356.71915244516657,357.42066441543045,357.47596424304703,346.5915200760353,344.69,355.38
2017-05-13,8,348.28,362.6307308089316,361.22610839393536,362.1073160764642,363.35310030628864,354.6596279934286,354.49,362.23
2017-05-13,9,352.17,365.9301449834736,364.78926416703376,367.44759001505184,369.09649521020566,362.5109970176858,360.41,380.48
2017-05-13,10,356.04,368.474789878302,367.5647884312084,369.34064959398455,371.25552018327744,368.80032330707024,364.64,393.42
2017-05-13,11,359.54,368.72154884794855,368.0686463819574,369.81283003881214,371.33122869515995,372.00425126408817,364.71,397.98
2017-05-13,12,361.44,370.0900592956691,369.19218975873156,370.639999259541,371.7279538192162,374.3457693279186,363.6,404.73
2017-05-13,13,363.71,370.5521943016669,369.4709041964239,370.9801525203801,371.8036094266309,376.2168531762376,363.61,410.53
2017-05-13,14,366.01,372.1464837195495,370.4714569967967,372.21803594935113,373.0600348357723,378.84604204629505,369.97,409.26
2017-05-13,15,366.24,372.1464837195495,370.28717121978775,371.8548267720732,372.65721003206636,378.4816669713971,369.04,414.0
2017-05-13,16,364.65,370.4038865801754,368.9829887489007,369.160897288317,370.6663365068191,375.0423517939906,365.06,409.74
2017-05-13,17,366.62,365.9897975529379,364.35512682120833,365.6359052306274,367.1544113081743,369.0196893445826,359.5,394.96
2017-05-13,18,361.35,364.6167051379611,362.8790358231694,362.8452927107006,364.27830303140024,364.590943815561,357.2,387.96
2017-05-13,19,359.55,362.725896225723,361.5529583439939,362.21696538514806,363.45518624510316,361.5570503279893,357.95,386.11
2017-05-13,20,354.91,360.78033165130944,360.22247088109566,360.45468348892695,361.94480830336266,356.8404570809976,355.62,381.55
2017-05-13,21,345.54,349.9876901356199,348.4448529604019,350.5262909563365,350.39064477322154,346.9658109851941,341.36,371.88
2017-05-13,22,335.0,342.66207023835614,341.2554514394051,341.96524119215275,340.2569444682668,338.4963597929258,333.17,351.79
2017-05-13,23,332.87,338.48018960231263,338.0030568939422,339.01881361587226,338.39888839981666,333.2062519297874,327.88,345.02
2017-05-14,0,327.66,334.58504259790766,333.9234253567241,334.456433727384,333.94744233525694,322.5807852985082,328.91,342.47
2017-05-14,1,331.26,328.3168594905218,328.6639713181715,330.04801049127076,323.75225189558785,321.3441909076757,329.38,338.83
2017-05-14,2,328.76,328.3916734052243,328.6639713181715,329.8782069917191,323.17759454115594,321.3717187978974,329.97,338.18
2017-05-14,3,328.83,327.731920732208,328.8767018934775,330.1502451681181,323.38445662117323,322.7924039582262,332.0,337.15
2017-05-14,4,338.99,334.8818976077575,337.3094877211596,337.6574633483022,332.1860773866778,327.8061148876593,339.4,341.9
2017-05-14,5,339.28,340.8088334949103,342.24893588373146,342.49158549334317,335.5182311033314,331.4237167783564,341.74,345.18
2017-05-14,6,336.99,342.7349260998649,342.30926233093635,345.08061381173917,339.36360696047933,334.03051308708,339.32,350.57
2017-05-14,7,337.28,342.36686664860844,341.6797559824976,344.2910684105499,341.185720285583,336.5134851567299,339.55,342.88
2017-05-14,8,337.27,345.6277012434681,345.15562121314457,347.04045642198514,343.1291361981359,341.5751980034752,342.02,348.28
2017-05-14,9,343.34,345.1382541712382,345.9211463646562,347.3603076716532,345.23392661957644,344.91612356379295,340.65,352.17
2017-05-14,10,343.36,347.19466252561193,347.74377267548095,348.4587801914385,346.77881788441414,348.89517697146886,341.67,356.04
2017-05-14,11,345.24,351.3261282732678,351.7350431712333,351.8448785774864,349.919901321033,352.36330978170054,342.75,359.54
2017-05-14,12,352.66,352.92734328120804,354.14288911585334,354.31856191027305,355.7966916162341,356.696624369249,348.27,361.44
2017-05-14,13,353.32,356.6075235186045,357.77386788253625,358.9696409270925,358.45488542531865,360.58719117858874,354.58,363.71
2017-05-14,14,357.34,358.4759435918175,359.5252935232766,360.79910126395987,359.5576774784366,362.09924631802966,356.97,366.01
2017-05-14,15,361.62,358.09328209987916,358.73522054997403,360.43780112844433,359.54078508132494,361.2568661878595,356.18,366.24
2017-05-14,16,355.42,356.3185551790852,356.8195118458606,356.9170336733535,358.7067087355208,359.004712712459,354.46,364.65
2017-05-14,17,354.71,352.35047515725853,353.60141104886134,351.3513772604351,355.2610075073372,354.3682584691921,347.39,366.62
2017-05-14,18,347.04,351.0122317519624,352.45209515768545,351.0803575253794,353.3059528812378,349.1642949025256,342.56,361.35
2017-05-14,19,346.33,347.4284001304478,348.45312674161346,348.40334257109345,350.95784381484293,345.1038348112322,340.64,359.55
2017-05-14,20,344.65,345.89353832134526,347.6110099684949,346.97869228151507,350.19720598670403,340.8387997594268,339.5,354.91
2017-05-14,21,343.09,342.39311123151305,344.83047504729586,343.1069156814946,344.9688607116175,336.50053430389676,339.46,345.54
2017-05-14,22,335.56,334.2390821384453,336.1073245285572,335.0064756902394,332.9358171525392,329.33420318384503,331.73,335.0
2017-05-14,23,331.52,330.5181657718872,332.18778531532155,332.13035674565316,330.13174534733577,324.6459361474616,326.58,332.87
2017-05-15,0,330.35,314.7036528947814,316.25239360252573,313.8382070048082,309.33958366783327,330.9829207099604,332.63,327.66
2017-05-15,1,329.76,329.81375135394313,323.8203744684178,322.329074310077,317.2325669158204,328.53171077717184,327.79,331.26
2017-05-15,2,328.28,327.8561730581018,323.72839623759546,321.718727459424,316.3941805010054,327.3317835106908,325.8,328.76
2017-05-15,3,328.0,327.8561730581018,323.72839623759546,321.4476537311589,316.3941805010054,328.01692214671425,325.62,328.83
2017-05-15,4,350.11,346.7968983139806,344.7566951987879,340.544436553918,336.1167733670315,339.8323309505219,348.98,338.99
2017-05-15,5,355.53,353.4940031409667,351.9762416343766,352.0222864744372,350.68975234466643,342.8688503012535,350.74,339.28
2017-05-15,6,354.39,357.2251851586664,356.7895595075089,356.3094232350009,355.2274642314073,346.65499490505766,353.71,336.99
2017-05-15,7,360.66,357.5175670651825,357.8808018144421,357.53886608289025,355.9252584885145,350.7593668959315,355.7,337.28
2017-05-15,8,368.45,369.3541010232478,370.41496317059665,369.3659160018511,367.94405516347894,371.06571584878714,363.9,337.27
2017-05-15,9,377.62,380.5910476996092,382.39409088817973,383.80197235713746,381.2985867086247,380.45715849617125,377.49,343.34
2017-05-15,10,402.36,398.46235545806155,398.06433236650537,404.4882660995953,400.69554312114684,387.96558363919877,388.78,343.36
2017-05-15,11,408.96,409.39018365727327,405.22593581244024,412.214757412012,409.1820744682392,393.2584790741075,395.04,345.24
2017-05-15,12,407.17,417.73315074561924,416.82502865083194,420.1775667695383,418.3560763633577,399.1359289074675,402.84,352.66
2017-05-15,13,404.23,418.4719182916666,418.4597996360473,420.43799210952733,418.60752569498266,400.3202908211677,402.61,353.32
2017-05-15,14,404.0,418.20915235096,418.3583062290613,420.4962467554095,418.60752569498266,400.77412970019105,401.71,357.34
2017-05-15,15,400.6,418.20915235096,418.3583062290613,420.4312026775851,418.60752569498266,401.0528268538964,402.56,361.62
2017-05-15,16,399.84,412.7361622086737,410.7364165837432,414.7719803796638,414.55376381093004,395.3691021761212,393.35,355.42
2017-05-15,17,392.68,391.7769164947453,393.0965972814679,395.72137500819025,395.3513638527225,386.67822912144754,376.6,354.71
2017-05-15,18,381.38,381.00987721973485,382.45195364364474,382.2818257437235,384.80501848469515,367.4715827287617,371.61,347.04
2017-05-15,19,373.41,376.71252475226663,378.8716461916432,376.11587042521097,379.6228372785661,363.99796533402764,370.88,346.33
2017-05-15,20,370.53,366.3836070205789,368.6724376464391,369.82744987014155,373.35339590433773,357.1406765735668,362.15,344.65
2017-05-15,21,359.57,362.5835725237391,361.2760694457429,363.3135766382442,367.5106695921964,351.1917913781996,355.59,343.09
2017-05-15,22,343.57,348.24810168664476,347.7265933954296,346.98308562816936,349.3733037935738,342.46649798317924,342.94,335.56
2017-05-15,23,337.64,340.761253955756,340.4043242654076,341.0928738154036,344.29355014720113,336.7138970712108,335.65,331.52
2017-05-16,0,335.54,335.4950179329979,335.45040054172136,335.6129575565542,337.2946140001174,332.8737502634122,334.06,330.35
2017-05-16,1,339.8,335.02167197489115,333.91627765170085,335.11881085511675,335.28208840565503,330.5935884546123,330.97,329.76
2017-05-16,2,339.42,333.6772002373396,333.2854892952035,334.19207617658,334.22536926089646,328.71662039254625,326.95,328.28
2017-05-16,3,339.26,330.48134438876525,330.48875353846057,331.3160200338347,331.00422872489395,330.0852239103377,328.67,328.0
2017-05-16,4,348.59,345.3671990571293,345.1243377465368,345.4261060028747,346.79082234449476,336.3949759547994,334.18,350.11
2017-05-16,5,356.93,355.34635877680734,355.5244400230725,355.5717855082569,356.89137727932894,344.46265440702916,347.4,355.53
2017-05-16,6,361.02,357.89986208759854,357.76378304099944,356.6492056039999,358.7166409035858,347.60114821321116,348.35,354.39
2017-05-16,7,365.24,361.7963103995314,361.87386836691473,362.72035010994557,363.3851854074587,354.1513519663879,354.84,360.66
2017-05-16,8,380.99,374.3126544086154,373.61598685059573,375.48558257799107,375.5157791857628,377.4105492980686,367.08,368.45
2017-05-16,9,395.87,384.7212632455622,385.0828712846974,384.642661942931,386.1547628670689,385.23686337699326,375.66,377.62
2017-05-16,10,420.96,401.1802401014525,401.6655717442224,400.9682088556081,402.2167742144487,393.966334162809,382.56,402.36
2017-05-16,11,424.53,412.292611312088,412.5396749716391,414.04815001189274,416.11868837951204,401.2537358426532,392.51,408.96
2017-05-16,12,429.9,412.53386433072757,415.1222173036358,415.03748621827833,416.5199897773325,404.4396458299481,396.12,407.17
2017-05-16,13,417.92,411.5192823286233,413.5682495375739,412.5304310345609,414.7227711739389,406.43539128051793,399.05,404.23
2017-05-16,14,424.66,410.8737344368141,411.350406026031,411.7131523674651,413.058154343503,404.28538233107986,392.68,404.0
2017-05-16,15,415.17,409.24325125825374,410.9509774529034,409.8630021936808,412.1702133444928,405.3685565480985,397.92,400.6
2017-05-16,16,413.26,403.8738982890765,404.58370406437786,406.2380271557314,408.40686067285236,402.08875750412915,393.25,399.84
2017-05-16,17,400.47,393.11376909062454,393.82746502846044,394.3288937222942,397.21160919016506,393.931818357989,379.83,392.68
2017-05-16,18,395.84,380.5817500094256,381.19487820918977,381.3753459449418,385.31934829810683,371.14409820151536,367.89,381.38
2017-05-16,19,392.66,373.58680678102087,373.71954504595175,375.0325694115164,376.95525377846593,364.14577115466443,360.26,373.41
2017-05-16,20,390.76,370.60182790269613,370.19875093578526,369.98132806519266,372.9012399130403,358.99887212634167,356.33,370.53
2017-05-16,21,380.04,356.3221721642861,356.1874526938746,356.413872576828,358.86018723066235,351.36362808871695,348.29,359.57
2017-05-16,22,349.82,343.5045241875722,342.491515477158,340.68623790797744,342.78035904506766,338.9240255002963,328.64,343.57
2017-05-16,23,350.33,334.0369843754087,333.43442926098214,332.2888602407854,334.7307441670538,333.93500519708493,323.93,337.64
2017-05-17,0,346.63,340.3856906073546,337.7640928260268,338.3251257609381,338.34237212609605,334.12056274233,322.29,335.54
2017-05-17,1,338.29,342.4572027836539,341.1701380789208,341.0102469868045,340.8363755270413,332.82999542544883,320.34,339.8
2017-05-17,2,339.01,342.2615313433553,339.0675494845233,340.73453474960803,340.7669678836538,332.860448990688,320.97,339.42
2017-05-17,3,338.27,342.2615313433553,339.0675494845233,340.73453474960803,340.7669678836538,333.56803133853725,320.99,339.26
2017-05-17,4,347.47,348.65075978941917,346.89489438340644,349.74426380775463,348.6891933400132,337.90019390687905,325.31,348.59
2017-05-17,5,356.18,355.96543653716066,354.4597072260572,356.4796368669541,357.8075727636011,346.4344679606908,338.87,356.93
2017-05-17,6,358.57,359.9138168097838,357.37509968073346,359.46487678611794,361.1131426531567,350.17773343762485,339.8,361.02
2017-05-17,7,363.15,366.5594031460815,364.50588130381306,365.5792859474784,367.0859520578292,356.6752684131747,346.77,365.24
2017-05-17,8,376.71,380.101293135793,378.068495277371,381.27369039793945,381.62891951854925,381.2074998943518,357.91,380.99
2017-05-17,9,393.8,401.2163319549083,398.3544320328941,400.8616522276166,399.5419418815598,391.87743299889644,372.07,395.87
2017-05-17,10,410.67,415.4138524393537,412.40712100656674,415.6490230076838,416.3942024493363,402.4680858223617,383.63,420.96
2017-05-17,11,413.02,422.3770526232451,419.47556625893225,421.03213010770634,424.14642035645693,408.5685665218115,391.38,424.53
2017-05-17,12,412.69,427.0025692660311,422.42606326433304,425.0290676475372,426.87575876345045,410.49560612845755,389.5,429.9
2017-05-17,13,404.31,421.40122964845204,417.5297840368055,418.58526729992917,419.5765356233458,413.5653145413511,397.9,417.92
2017-05-17,14,414.33,427.52254418889504,423.42000238556165,424.88523922034574,426.52657266972415,412.1322087704672,391.21,424.66
2017-05-17,15,415.43,420.1995867194341,416.0896801244782,419.0744457209962,418.79278628784414,411.1278784418739,392.86,415.17
2017-05-17,16,415.58,417.29152663905734,414.1462582924394,414.29685767165137,416.46057431994734,410.34088774381166,394.95,413.26
2017-05-17,17,397.37,402.1336544820724,399.3246056782309,400.59127862462424,402.4199883335678,403.53347417474845,386.71,400.47
2017-05-17,18,390.35,395.5898465682727,393.020620949647,394.04431068537593,395.752327584169,380.2193318631789,373.32,395.84
2017-05-17,19,386.52,383.8812169765141,381.58689047112375,381.5393883184922,382.91266322727563,374.6365125728718,367.9,392.66
2017-05-17,20,380.71,380.5195401472672,379.6317659701131,379.49686600942096,379.915541689844,370.5092194725487,366.33,390.76
2017-05-17,21,363.77,369.9938136232163,368.4820801901575,369.4955783800058,370.9534973501827,363.07821395231076,358.78,380.04
2017-05-17,22,342.95,348.9771706422164,346.8736716427567,346.19631156308566,347.55308662578324,348.55709858973336,338.12,349.82
2017-05-17,23,341.05,342.679233015507,342.09266380608955,341.3895141493649,343.03959564731525,343.05992366108956,330.19,350.33
2017-05-18,0,334.91,343.2079361973678,341.89459712199016,341.4573945241815,342.1868924115259,333.572762278361,329.92,346.63
2017-05-18,1,337.53,337.5724368305053,337.45385250104414,337.0372519658311,337.51831681330765,331.32994973437405,329.31,338.29
2017-05-18,2,335.93,337.2126180846698,336.75241903196854,337.1188475400929,337.3548211583916,332.6498373722452,332.91,339.01
2017-05-18,3,333.71,336.67983672540436,335.5729918329367,336.1582935496799,336.52361588337317,330.27426588797124,325.11,338.27
2017-05-18,4,346.36,347.4356886080526,346.7919374139452,347.31835006235053,347.8372776960118,337.42589216096195,336.74,347.47
2017-05-18,5,353.53,355.5686522913572,354.9567128627699,354.4500373522916,356.164938318506,345.1961441488681,348.2,356.18
2017-05-18,6,356.9,360.38144202907324,359.1172220291709,359.55850697993685,360.64102920942406,349.78139308714293,351.82,358.57
2017-05-18,7,369.5,366.8901340826424,365.8261395416856,366.63069650248,368.88529055696614,356.9694794104722,360.47,363.15
2017-05-18,8,380.3,375.255976059547,373.1492449118526,376.3345692669364,377.3461570198026,377.783638605815,363.87,376.71
2017-05-18,9,395.81,394.8592693796056,391.8619255160908,393.99798128538026,395.1966649445701,386.4048738023688,372.08,393.8
2017-05-18,10,409.96,412.16997982663133,410.5792281664969,412.4278530664635,414.21339472949757,397.68174608764355,387.94,410.67
2017-05-18,11,422.44,414.7761728436029,412.7637389416175,415.1493834736611,417.5188820891673,402.07642555754865,391.68,413.02
2017-05-18,12,413.64,419.974405832114,417.5606125972142,419.5558744796298,421.0640405291695,405.59489793563637,395.68,412.69
2017-05-18,13,418.58,417.7549876662006,416.3927165304973,415.38737356141155,417.08659416358165,408.155587716376,401.7,404.31
2017-05-18,14,415.53,421.16007013104684,418.8949075332353,418.1597962151334,420.7297332501113,409.0542465511589,400.07,414.33
2017-05-18,15,411.8,423.7281184074569,421.463102447071,420.8143181994687,423.32870017146263,409.8007566547017,403.05,415.43
2017-05-18,16,415.2,421.30286865941895,418.87164193964645,417.9351807337369,421.6406536290736,408.5061246249347,403.22,415.58
2017-05-18,17,402.88,400.8302509255862,400.77518518431793,399.4029701847374,402.2712572347114,399.439554333544,390.8,397.37
2017-05-18,18,392.92,391.0546417658891,390.8245376006261,389.8646322697625,393.79164276444965,379.0043498940682,384.39,390.35
2017-05-18,19,385.36,387.2344773504937,387.43571769602084,385.36510474162895,387.6924903330496,370.9370250531659,372.74,386.52
2017-05-18,20,381.71,376.3975296490379,375.75572884950554,374.6551241832735,377.7158884470821,364.8420241327181,367.26,380.71
2017-05-18,21,366.24,363.33029359159593,363.00050777826044,361.83623729593614,363.0744116979534,355.39471757657907,356.37,363.77
2017-05-18,22,345.15,345.5852894611445,345.78908788141445,344.3239753101886,346.1098517085791,346.90915737784684,348.43,342.95
2017-05-18,23,338.58,341.00180463246835,341.4860427984426,340.83138582833675,341.1157239489982,340.7142220256579,339.4,341.05
2017-05-19,0,338.73,335.7783646435181,334.3711164588893,334.97775073638996,335.8825563218726,331.7261031198214,338.76,334.91
2017-05-19,1,338.3,336.2569083643256,334.8694151453848,335.57502081442726,336.48852313299506,332.1778990802562,341.76,337.53
2017-05-19,2,335.24,336.0421055608023,333.83134822556616,335.3377447352249,336.13879496973385,331.46533717961154,340.79,335.93
2017-05-19,3,333.02,333.2917897272523,330.7534576622188,332.5182328544029,333.7491991460216,329.019272144122,333.24,333.71
2017-05-19,4,346.28,346.33934453320126,344.82217770193273,345.0247829975144,345.5856167582409,336.50097404136113,344.66,346.36
2017-05-19,5,352.95,352.473913513645,350.2341720858386,350.926965607746,353.15032128824015,341.2273652487822,348.71,353.53
2017-05-19,6,357.49,355.64147691524585,354.07583558476574,354.68847779892235,356.7215921437489,343.34541179089405,345.65,356.9
2017-05-19,7,362.47,363.5713637530529,362.4279394372533,363.6689855770602,364.9444914304596,351.8937724242587,355.38,369.5
2017-05-19,8,377.26,373.2310161284824,372.19956973360803,373.49472530095625,374.9052158078575,373.46766545278183,362.23,380.3
2017-05-19,9,393.81,390.93250952958107,391.0524198116351,392.32725113336846,391.4707079076429,385.78087226070784,380.48,395.81
2017-05-19,10,411.75,404.4889742006565,404.36801914235036,405.7746203455407,403.88741852742504,395.60133855674894,393.42,409.96
2017-05-19,11,419.44,405.7493588184003,406.18957925747515,406.6992465462884,404.64267096238274,401.4970493139149,397.98,422.44
2017-05-19,12,415.83,413.8852949122236,414.22843769439817,413.40962147633894,412.13748789321147,405.0738025656875,404.73,413.64
2017-05-19,13,416.76,416.2055477944366,416.7156246745298,416.1469353348038,415.15632623687765,409.1080464621721,410.53,418.58
2017-05-19,14,410.71,416.3635440540927,416.5474703706432,416.0763692265161,415.15326684888544,408.5999093689073,409.26,415.53
2017-05-19,15,406.36,417.14903304199595,417.44003023150754,416.95626777804637,416.0523358414375,409.45184403828506,414.0,411.8
2017-05-19,16,405.1,412.768578948696,412.80027346673586,412.06401996075414,412.7265553314451,406.8208754983245,409.74,415.2
2017-05-19,17,389.22,392.81169570228064,393.4556261760009,393.95055664719234,394.9767189514063,397.53122367135484,394.96,402.88
2017-05-19,18,374.85,381.2144261606996,380.3408130297943,380.768551447739,382.7743077533268,376.7672501623852,387.96,392.92
2017-05-19,19,370.2,379.33187954271835,378.4445885247602,379.51884168049526,381.1669922196287,372.05257082232635,386.11,385.36
2017-05-19,20,378.02,376.2861108636341,375.6222550401478,376.11516272926383,377.88122069936503,366.5709259559673,381.55,381.71
2017-05-19,21,364.19,367.5622806102384,366.8738675334357,366.2858212132306,367.53305983919904,357.77380083031187,371.88,366.24
2017-05-19,22,345.12,347.3335017706566,346.9272707854724,346.2303345250222,347.7461811489874,344.5641049200819,351.79,345.15
2017-05-19,23,331.68,338.46998633339473,337.3349000965192,336.5997134398618,338.3277580719317,338.70187830811864,345.02,338.58
2017-05-20,0,337.56,335.5106564837302,333.7053163937473,334.0067666976215,335.6519800029464,324.53822187657215,342.47,338.73
2017-05-20,1,338.74,330.06607583679096,328.42819081519724,329.5393987423485,330.68993020852645,322.05550536588214,338.83,338.3
2017-05-20,2,337.55,329.440399107336,327.72675734612164,329.5422579186562,330.81860146702263,321.28799065807067,338.18,335.24
2017-05-20,3,334.81,329.10760801378103,327.19891858949086,329.0528192112883,330.4723738837342,321.3577578159705,337.15,333.02
2017-05-20,4,341.86,338.08047273350087,337.7623346063441,338.5777661868064,339.5894746978772,326.3268792841211,341.9,346.28
2017-05-20,5,344.72,341.7141502019538,341.0728849215606,342.9444473387956,343.8899923801688,330.6937503434887,345.18,352.95
2017-05-20,6,351.86,345.74959094782423,344.4847436553684,346.7792879632772,347.86721224514423,336.2167470325901,350.57,357.49
2017-05-20,7,350.3,346.3635757954859,345.3201701882643,347.8323454313397,347.57219728342193,337.1318156055477,342.88,362.47
2017-05-20,8,353.88,347.3612641962264,345.9929684217416,348.54322729405686,348.88362279710645,344.4448860366177,348.28,377.26
2017-05-20,9,354.29,354.69677973050676,353.3554676592075,356.05722639249575,355.52496574210346,351.33092929706424,352.17,393.81
2017-05-20,10,350.36,358.54654664462817,357.35025499326105,359.15496892940496,357.8084214066551,358.09524866173086,356.04,411.75
2017-05-20,11,349.88,359.7444611044311,357.94557774757754,360.75857855305134,357.95535052455733,363.02426964121514,359.54,419.44
2017-05-20,12,354.66,361.7426233797791,360.69354732109497,363.65420632120055,361.15475974727906,365.34329101786733,361.44,415.83
2017-05-20,13,355.61,364.1011215377541,363.99483652098826,365.6778560021527,363.74758780161017,367.54779658357904,363.71,416.76
2017-05-20,14,357.98,364.84436785919655,364.76547720824186,366.39741938373294,364.08120081803565,368.0743688084219,366.01,410.71
2017-05-20,15,356.33,365.2145136146317,365.2205951456712,366.2470141828841,364.41069286044694,367.11493633465534,366.24,406.36
2017-05-20,16,355.61,364.27107303628924,363.9423166382182,365.13834451135864,363.8222957273186,364.97288702460014,364.65,405.1
2017-05-20,17,350.32,361.3675601859327,361.6596726013447,362.4717018750095,361.35084524094134,361.74569985091057,366.62,389.22
2017-05-20,18,349.32,358.19295841575087,358.24095070445486,359.26191841485104,358.31765029804006,355.3052722046501,361.35,374.85
2017-05-20,19,349.96,356.8457924889698,356.0981311034302,357.3218979261449,357.43329094053803,350.95136876306475,359.55,370.2
2017-05-20,20,349.0,354.0648899751924,352.7185005116329,353.45186174069465,354.3604845464876,346.78557163078364,354.91,378.02
2017-05-20,21,342.89,348.0859016378302,346.4403660916238,347.2093379080436,348.25288821742447,338.29289267089405,345.54,364.19
2017-05-20,22,333.23,338.21761625854117,336.8436816580848,336.5373872727144,337.1996670818402,329.00865038315857,335.0,345.12
2017-05-20,23,326.23,329.7312576181746,328.4342878079261,329.0446215287158,330.1732975827525,324.1257559898037,332.87,331.68
2017-05-21,0,326.97,331.7064318092671,331.48323697603035,331.43454911172813,335.28487364985784,318.2157145327507,327.66,337.56
2017-05-21,1,327.89,330.67895549041424,327.92579525350567,328.2251786938854,330.77765826693644,318.7459704789934,331.26,338.74
2017-05-21,2,326.29,328.53263644880735,326.74067141838447,327.4641058327257,329.62862546247436,317.5046434438838,328.76,337.55
2017-05-21,3,327.66,328.53263644880735,326.74067141838447,327.4218999176924,329.7602546707651,317.9572959662305,328.83,334.81
2017-05-21,4,334.61,338.642352974032,337.0455477813539,337.02111144906235,338.2559285859812,324.3024406115421,338.99,341.86
2017-05-21,5,338.01,342.3128623708578,343.25476347398273,342.16205441236826,341.48200547680733,327.07351592676173,339.28,344.72
2017-05-21,6,338.5,344.32200410979857,345.52128713191877,345.9101136145993,346.41424225224966,329.935075333913,336.99,351.86
2017-05-21,7,337.94,345.435351995361,346.22957795774266,346.89286253546925,346.52302573675183,333.16399988004486,337.28,350.3
2017-05-21,8,339.02,346.17433275371445,346.5927618059094,347.7478805768772,347.14991496038215,337.0565669496143,337.27,353.88
2017-05-21,9,342.26,351.08377284281215,350.6135224322862,352.443863873989,352.13573486092395,342.8723240409054,343.34,354.29
2017-05-21,10,346.67,353.09957556933705,352.18536904361497,352.5579704605042,352.51759304886167,345.5555255488992,343.36,350.36
2017-05-21,11,352.0,354.29141894081266,352.58678587671307,352.6358029320167,352.53572209963204,348.87493464904134,345.24,349.88
2017-05-21,12,362.78,361.31093089577826,360.83659009173675,359.5755633215788,361.6617632178133,354.29292946954894,352.66,354.66
2017-05-21,13,365.31,361.7350685275427,361.95873595501956,359.62214173719303,361.7448072046705,355.85381060189724,353.32,355.61
2017-05-21,14,364.38,363.19286769818405,363.2641363421274,361.1941000543606,362.86219643969133,358.0147236420465,357.34,357.98
2017-05-21,15,363.22,362.77095642510466,364.7264642292005,362.3204116940442,363.3524550213671,358.92081909877413,361.62,356.33
2017-05-21,16,366.9,360.43335369872364,361.0945068530763,359.317182164915,360.1524498009026,355.04498666319535,355.42,355.61
2017-05-21,17,362.57,358.4891630045953,358.03853731271516,357.703462279232,357.13190657120884,352.018368659262,354.71,350.32
2017-05-21,18,348.29,355.44378707555524,355.3519319082909,354.80949132690637,353.7732465298175,346.2198439739829,347.04,349.32
2017-05-21,19,349.27,353.73844204832983,354.0933212581123,353.75857343838385,352.1438579404847,342.91305624595543,346.33,349.96
2017-05-21,20,343.71,352.19491985610523,351.2155474076379,351.508541649743,350.0432736412996,338.8679672657136,344.65,349.0
2017-05-21,21,342.79,349.408573049038,346.9280730368432,348.8343379906216,348.32453334897207,334.31869649945344,343.09,342.89
2017-05-21,22,335.71,340.07686947035876,337.64059230138776,338.83618126164845,339.3296524615374,327.3245302136458,335.56,333.23
2017-05-21,23,329.94,331.87455659604086,330.39763486202156,331.1441581739653,333.2378511964237,322.48236220162596,331.52,326.23
2017-05-22,0,334.96,306.07463528033855,310.92653595648386,308.1494306946901,303.6343168096495,331.5785688862655,330.35,326.97
2017-05-22,1,327.9,303.49211547538874,305.8916885215384,307.1831601931997,300.1303920089848,330.47309199861223,329.76,327.89
2017-05-22,2,328.53,303.1490846331017,298.9534838429358,304.76537964706057,300.02771709261583,329.59243123485936,328.28,326.29
2017-05-22,3,326.54,303.1490846331017,300.8874943870418,306.8056021117779,300.02771709261583,330.40569459376104,328.0,327.66
2017-05-22,4,351.49,337.56735810186683,336.2771152253453,336.77815523848477,335.9910995945268,341.37053207879944,350.11,334.61
2017-05-22,5,355.97,347.17517063373464,347.6673585424578,349.6961740221487,352.5047856462129,346.19527299862756,355.53,338.01
2017-05-22,6,352.62,350.8932129603327,352.4402216611877,351.8324026190135,353.935916130305,348.72116313728844,354.39,338.5
2017-05-22,7,358.92,352.56021159934613,354.5386172783227,354.5931615888966,355.1575123141928,354.3786417923158,360.66,337.94
2017-05-22,8,374.78,364.4025164689184,367.007397289787,364.8746467408543,367.7833271308618,374.0155112632923,368.45,339.02
2017-05-22,9,390.42,372.95024976089906,376.79910739724295,377.24705877583517,374.8387249692351,381.3537878753142,377.62,342.26
2017-05-22,10,416.12,395.9607843688638,400.8197406420216,400.08611194448946,395.3925472223194,394.567080534541,402.36,346.67
2017-05-22,11,433.05,402.25664520299784,406.9716029766103,408.15794240170976,404.1358470846825,400.38132715969573,408.96,352.0
2017-05-22,12,430.61,408.49689900569194,410.6095595542396,408.20800943107065,404.3029263565839,402.9276752788815,407.17,362.78
2017-05-22,13,430.76,409.0474702994849,410.55374254319304,408.24431675143734,404.37858196399844,403.2666275028216,404.23,365.31
2017-05-22,14,424.3,408.9838813645203,410.94556419580084,408.99033605775134,404.51342604792706,403.38103781805205,404.0,364.38
2017-05-22,15,424.26,405.34922942432297,407.82503861372106,405.37244438057735,401.56771955831834,401.3619873170291,400.6,363.22
2017-05-22,16,421.67,403.71151596766106,405.0753331860492,403.81909083426996,399.4053889290032,400.09846961706455,399.84,366.9
2017-05-22,17,407.1,393.07771021603907,391.79383382574105,393.70215476964444,391.7559443431469,394.6841446479509,392.68,362.57
2017-05-22,18,392.19,382.2257364044889,382.860770864982,382.68501026949053,381.6610571474502,372.88936482584484,381.38,348.29
2017-05-22,19,380.22,376.75819162646343,376.7882260282376,376.63420753062303,376.7959867632939,366.8166256965558,373.41,349.27
2017-05-22,20,384.64,366.94768794746096,367.23488224277827,367.90949459068014,370.6534651153451,361.77209456863915,370.53,343.71
2017-05-22,21,383.43,355.7322067911646,355.97786136709414,361.2085726114001,361.36245088301354,354.2073178921375,359.57,342.79
2017-05-22,22,362.33,340.7684197401602,340.87740782893087,341.5258116979526,343.57293733598254,344.25310929455156,343.57,335.71
2017-05-22,23,347.27,332.68931142896207,333.42483664889266,335.4187590509128,337.9121084491819,338.8390661163055,337.64,329.94
2017-05-23,0,345.72,340.12203493078823,341.1644125497573,341.57820664886253,340.92078798838037,342.85619832462,335.54,334.96
2017-05-23,1,343.81,339.2467884582106,338.7127519349022,341.0138569963288,339.3971342457171,342.69565536829714,339.8,327.9
2017-05-23,2,338.3,340.1606558759372,339.6751855031441,342.3330701419246,341.2765458709614,342.51036512453993,339.42,328.53
2017-05-23,3,338.09,338.02190838374503,337.3998176420046,339.5791879907563,337.827514225907,342.9811295560211,339.26,326.54
2017-05-23,4,350.44,353.59346753238293,351.4785226323822,354.25308089444366,354.16527756752066,351.125957501111,348.59,351.49
2017-05-23,5,360.03,359.7256450145775,359.40112624832904,361.2678216366068,361.67110977319413,357.2102793680533,356.93,355.97
2017-05-23,6,365.41,362.5789423656258,361.54624823855664,364.42299527578433,364.45798478341715,361.3082221060305,361.02,352.62
2017-05-23,7,370.8,368.79206553577995,368.81716279723963,370.82281492814593,370.6173893249729,366.9789545227167,365.24,358.92
2017-05-23,8,386.37,384.5290194432841,382.4823067730309,384.5371295737085,385.39668679066745,391.1354823954317,380.99,374.78
2017-05-23,9,406.96,398.0672212930325,397.16805126435924,399.0182770161432,399.69315795655837,402.1363868128701,395.87,390.42
2017-05-23,10,424.96,419.35017764953807,418.81968896272934,419.1829150783494,419.5703330692289,417.98376012813026,420.96,416.12
2017-05-23,11,431.31,429.2222151240432,428.3349269662751,429.71511907862606,431.5218481253381,423.9835147679644,424.53,433.05
2017-05-23,12,437.85,426.8377540436937,426.0095239065308,425.4361806533526,427.93659338374096,427.7355342511434,429.9,430.61
2017-05-23,13,437.71,425.11840966257967,425.68671980769216,425.39504924735473,427.8797338901128,424.2899153893321,417.92,430.76
2017-05-23,14,430.64,423.90428060677016,423.3646419916207,422.5748269980961,425.0889420970428,426.44193045340813,424.66,424.3
2017-05-23,15,427.52,420.75748770830427,420.4655905185584,419.78748635191954,421.961861057534,422.1927492377914,415.17,424.26
2017-05-23,16,423.57,418.1119454148436,415.87971893798493,417.1359508850933,419.6747024257306,419.74170491789516,413.26,421.67
2017-05-23,17,415.82,404.9452543109442,403.8110516041884,405.3340911018266,406.6264075406438,410.94179242949696,400.47,407.1
2017-05-23,18,403.36,392.1752027798615,390.94834447708706,391.91953241224223,394.58656712830907,391.9467203129251,395.84,392.19
2017-05-23,19,391.59,384.95331907933365,384.11180943686577,383.4067807526416,385.4775811112695,386.20389192069456,392.66,380.22
2017-05-23,20,387.65,383.53221513134355,383.6715704106323,384.0500854338569,385.14756893255935,382.71584657613454,390.76,384.64
2017-05-23,21,372.69,378.0698024311956,378.6751400364904,378.5316617227924,378.22176238981444,375.21472478275587,380.04,383.43
2017-05-23,22,346.16,354.8916265408056,355.25823053294965,354.6127607043094,356.3202706283195,358.11730420085496,349.82,362.33
2017-05-23,23,335.42,346.60103126358746,347.14367049998185,347.3466073666925,348.2839551517193,354.1084731560756,350.33,347.27
2017-05-24,0,334.11,343.28983888359096,342.9725227523701,341.43745030940175,342.5377270796125,344.65168957224677,346.63,345.72
2017-05-24,1,334.85,338.65787752570117,337.4226788526342,337.5329026678234,337.2621230754919,340.2305151033195,338.29,343.81
2017-05-24,2,331.01,334.18473092172917,332.6342855849422,333.34834276459225,332.30208402158877,339.75448509126426,339.01,338.3
2017-05-24,3,332.65,334.18473092172917,332.6342855849422,333.34834276459225,332.30208402158877,340.215772262214,338.27,338.09
2017-05-24,4,343.83,347.21221187592005,346.15559297243743,345.69719972098784,344.88814464096066,346.83184131301084,347.47,350.44
2017-05-24,5,350.74,357.89182945121945,357.6703708593148,357.5866276503586,357.124167524007,353.6631626172662,356.18,360.03
2017-05-24,6,354.34,364.3501755328039,364.1863777575053,363.87921740333087,364.117043065327,358.13172163796054,358.57,365.41
2017-05-24,7,359.63,370.03864616798705,370.27777211830164,369.90055395485183,368.2328424471423,363.8337261140393,363.15,370.8
2017-05-24,8,375.84,384.9512703952487,384.7088956234054,384.0946270004648,382.91154166020135,386.8594582570577,376.71,386.37
2017-05-24,9,391.99,401.8128116267642,400.4009832821629,401.9681456966663,399.58353894337574,399.2934510423534,393.8,406.96
2017-05-24,10,417.09,414.6043365618332,414.14499378604603,414.30508704372295,413.1773083726032,411.05007593715123,410.67,424.96
2017-05-24,11,422.08,420.1684347713056,419.5227563998321,419.79445936605913,420.42405024782397,415.3267391226065,413.02,431.31
2017-05-24,12,422.39,426.8311577354694,427.02423242095045,427.992731789707,428.01459678475976,417.92404780980473,412.69,437.85
2017-05-24,13,427.61,426.77396887389926,427.3490519908402,426.9584515652372,426.92334406433497,415.8299465432404,404.31,437.71
2017-05-24,14,427.4,425.0469590909198,425.01988192243016,421.7927601549696,422.54952592044765,419.17251710138027,414.33,430.64
2017-05-24,15,427.2,425.2579124536516,424.91313201737034,424.50388549957665,423.0517063536389,418.6514707473154,415.43,427.52
2017-05-24,16,421.0,423.42608431883707,421.3482042630227,421.06647923618675,420.5259521766291,416.83300987585415,415.58,423.57
2017-05-24,17,409.84,412.9940247283948,414.18469943416574,411.66411677987674,411.5348592503983,406.7366654508351,397.37,415.82
2017-05-24,18,400.22,398.90705363640086,400.58817031516816,397.5487245924352,398.6031001706027,387.35162456316243,390.35,403.36
2017-05-24,19,393.28,390.4633415271933,392.14539837150056,389.5003689780951,391.10490266577034,381.3818144331076,386.52,391.59
2017-05-24,20,388.92,386.3735255539297,387.8832714839381,384.863300726146,386.02030569074105,375.40037235793807,380.71,387.65
2017-05-24,21,376.97,372.4804566798143,372.1956670988391,370.03573704436974,370.2322644925915,363.87970763764747,363.77,372.69
2017-05-24,22,357.78,345.2194169626985,345.7314431463317,343.3574809087338,343.25713863061713,349.78444300328476,342.95,346.16
2017-05-24,23,341.26,337.99479267373016,338.6084003136827,336.74208850879916,336.02659281015156,345.35810180488414,341.05,335.42
2017-05-25,0,339.76,338.6927952449499,338.52158974388476,338.2457165971023,338.74490668836665,339.9300764452359,334.91,334.11
2017-05-25,1,335.29,337.9944732031957,337.20125682088917,337.7166028675759,337.8050284637303,340.05983275457163,337.53,334.85
2017-05-25,2,334.69,336.9762160938751,336.2651207312465,337.17616681633365,336.9612090786058,338.88303136533693,335.93,331.01
2017-05-25,3,333.88,336.27150003991267,335.1704141380632,335.9910119691311,336.12385298144267,338.98961328412673,333.71,332.65
2017-05-25,4,348.59,347.8259875922782,345.8935129943441,346.2287231959846,346.136271409083,346.8024147966687,346.36,343.83
2017-05-25,5,356.16,353.56987233195974,352.00926664317734,353.3562793878727,352.7965207886242,352.7227670050151,353.53,350.74
2017-05-25,6,357.42,360.1732697060099,358.3628010370283,359.02758438999257,358.6703067984747,357.36092235420057,356.9,354.34
2017-05-25,7,362.5,368.8976951570494,368.5655652526729,368.67606922435624,367.8318839378961,366.1530966908793,369.5,359.63
2017-05-25,8,379.58,381.48333465375254,379.8245349913577,379.7430049858664,380.1675919861613,388.1849598462161,380.3,375.84
2017-05-25,9,389.51,397.5539767650979,396.6999391007159,396.1574799763924,395.95144199635996,399.4853705423247,395.81,391.99
2017-05-25,10,411.06,417.23416064863665,416.39348374811095,415.3813892165901,415.6908909756823,411.02537542932225,409.96,417.09
2017-05-25,11,417.17,422.516031690453,422.14331026289994,422.1341478133251,420.92896430566446,419.0600069846943,422.44,422.08
2017-05-25,12,417.56,423.905605302072,423.20130651411546,422.2065890918129,423.5240785892668,417.64820347287923,413.64,422.39
2017-05-25,13,421.73,428.8573074801563,429.1853651180514,426.7608380814613,427.73142368240264,421.33661523408125,418.58,427.61
2017-05-25,14,414.55,426.68851107754887,426.6562557132965,424.7242978173437,425.79621624118107,420.43118885005424,415.53,427.4
2017-05-25,15,410.85,425.70683128056766,425.16637527789277,422.01317247273664,424.50529405683443,418.3855708201095,411.8,427.2
2017-05-25,16,403.55,424.0732051749459,423.23338578179334,421.41824272708095,424.0878213267195,417.5593495533531,415.2,421.0
2017-05-25,17,393.97,412.5624911691601,412.20593999007326,410.89142419965555,412.9719175477788,409.33984791453787,402.88,409.84
2017-05-25,18,386.85,397.39573099573033,397.02536923877545,396.97073109720634,399.6315773657071,389.15351650021506,392.92,400.22
2017-05-25,19,382.96,391.1809403939183,390.4757004081745,391.1504691599848,393.07486875969965,382.3093773307483,385.36,393.28
2017-05-25,20,379.67,385.7904314354843,386.4133610163135,385.9392748620094,387.6723198532613,377.1139678901008,381.71,388.92
2017-05-25,21,368.39,373.33697508565973,372.912021660268,371.89980688505665,372.93545035363115,366.5160738874913,366.24,376.97
2017-05-25,22,346.44,352.78596240457097,352.4318155683291,352.2545722423462,351.81120083396985,353.18010316050334,345.15,357.78
2017-05-25,23,332.89,340.46517565937523,340.63477209751983,340.4516974822527,340.14820942904214,346.26743655142354,338.58,341.26
2017-05-26,0,331.44,335.4893948123688,335.0445770142084,334.5990684337268,335.51393237730656,335.35124649064954,338.73,339.76
2017-05-26,1,330.36,333.0114419624307,332.3366128181804,332.9734056951368,334.1322286755947,333.6826416238637,338.3,335.29
2017-05-26,2,334.19,333.12230524634526,332.3366128181804,332.9133662820599,334.12927072580015,332.3171364222261,335.24,334.69
2017-05-26,3,327.94,331.5043780943941,330.7003209399091,331.4679555434814,332.57593737671306,332.1309160260349,333.02,333.88
2017-05-26,4,342.78,344.4404114643746,344.174440302337,344.2644222983282,346.5974481992381,340.5915568070712,346.28,348.59
2017-05-26,5,352.0,350.95279054591214,350.6752646802984,352.28730402153354,354.1857459051092,346.3940047473122,352.95,356.16
2017-05-26,6,352.52,354.69564075829237,354.7612742120264,355.8170286660817,356.8767964859112,351.20860076703076,357.49,357.42
2017-05-26,7,359.73,360.5025771133246,361.22076374544474,360.2228546304167,362.38993520934076,357.02957511163095,362.47,362.5
2017-05-26,8,375.54,374.94476000656067,374.8692892169174,376.2987543455484,377.9998099641446,380.9156313882332,377.26,379.58
2017-05-26,9,390.64,383.4449519232924,384.2363602941928,386.6741169730297,388.06562852136364,391.88985465029964,393.81,389.51
2017-05-26,10,414.7,408.08899881269303,408.2050183770925,408.23671901297575,409.3723737929549,404.4825312104354,411.75,411.06
2017-05-26,11,419.35,409.5732800403586,409.9780519586324,413.29305612940465,412.5127962444269,410.8015520993936,419.44,417.17
2017-05-26,12,420.25,411.5686932457405,411.5049320112816,415.4896044851024,414.63281210008876,411.4121705308429,415.83,417.56
2017-05-26,13,421.91,413.38011776645715,412.9159637483778,416.4319201058792,415.71308359932294,413.43170053897984,416.76,421.73
2017-05-26,14,410.92,412.04548156481866,411.6843074116092,411.9896500215768,413.76805667026156,410.5510537915131,410.71,414.55
2017-05-26,15,407.69,409.881945625421,409.3879907353326,409.9682025445058,411.270014617569,407.8583091634161,406.36,410.85
2017-05-26,16,399.08,401.31065949636826,400.6717985432327,403.2006021983969,405.3340744432176,405.103740822412,405.1,403.55
2017-05-26,17,384.44,388.8798243816637,388.54762124154615,390.4956119332002,391.725550684102,395.6954108629582,389.22,393.97
2017-05-26,18,377.58,377.73804014990606,377.7848990180519,377.05695630040515,378.26823296992586,373.89190374416876,374.85,386.85
2017-05-26,19,372.36,374.3158570251473,373.62273238405396,373.25195130728827,375.1848090848875,368.53142877457026,370.2,382.96
2017-05-26,20,386.98,373.0107459759367,372.4055904852022,370.9188925153337,373.73634824495946,367.89606663813174,378.02,379.67
2017-05-26,21,370.9,364.9408879392717,364.6723495404627,362.70819991117173,365.31563699738695,358.0078590302417,364.19,368.39
2017-05-26,22,354.14,344.7734660596383,344.956682459556,343.74613495192744,345.22994936362926,345.1238960472158,345.12,346.44
2017-05-26,23,347.13,333.31104414825035,333.4993446233135,332.0228693951124,334.00952800371977,335.89829752383343,331.68,332.89
2017-05-27,0,344.2,340.3027343552699,339.7616197190242,340.134006282896,340.3495358789148,332.1044453053182,337.56,331.44
2017-05-27,1,338.16,340.737749818554,338.84139359413973,340.9017108014908,341.0102401474028,331.4407478879527,338.74,330.36
2017-05-27,2,335.85,340.81776179314824,339.3945962422537,341.1654263120438,341.5019160496497,331.30422510717426,337.55,334.19
2017-05-27,3,331.94,338.1453724866447,336.5609772112029,338.42955738374667,337.17438415853206,330.26340252641893,334.81,327.94
2017-05-27,4,336.52,347.42060165409254,346.8339380412689,347.2624675156723,346.44977565859205,336.32720902300025,341.86,342.78
2017-05-27,5,339.51,354.121952070994,352.8568883589744,352.7044452941828,353.6563817269729,340.8437486721606,344.72,352.0
2017-05-27,6,335.99,358.09674285109094,356.6592428209016,356.56820408722024,357.4948008350195,346.57468894570553,351.86,352.52
2017-05-27,7,334.2,360.4809669624722,359.3050749901399,360.25958585730285,360.85492910932595,350.1189812897547,350.3,359.73
2017-05-27,8,346.22,362.80216689387703,362.21206734601117,362.95944551513315,364.4767054523301,356.8360818401541,353.88,375.54
2017-05-27,9,350.22,363.78413064592814,362.9906181472007,364.35146385653314,365.8080574983079,362.18634142679326,354.29,390.64
2017-05-27,10,350.15,362.85634370746857,362.07386597229356,362.57764945604083,363.9434792549001,366.6289390293631,350.36,414.7
2017-05-27,11,352.44,362.953542613046,362.08368639343024,363.02281778135375,363.9990726368129,369.63176494276536,349.88,419.35
2017-05-27,12,357.95,364.8104840718103,364.0122552595804,364.6326359089504,365.4460883772,373.56414221418123,354.66,420.25
2017-05-27,13,368.7,366.51903636998077,365.6039667157852,365.5731716558708,365.75112978077414,375.3127578042372,355.61,421.91
2017-05-27,14,367.2,366.6115927849656,365.4585683478135,365.62371721489774,366.41230287489356,375.2560070989591,357.98,410.92
2017-05-27,15,363.52,366.50732167235236,365.0937190953672,364.7539481454945,365.5747089670123,373.6762234259945,356.33,407.69
2017-05-27,16,355.09,364.7919941023502,363.99881807453187,363.08154497488897,364.21478664852714,370.9866211564633,355.61,399.08
2017-05-27,17,352.23,359.49135414437666,357.95046016697034,358.0312103276221,360.25500115279937,365.08529031164693,350.32,384.44
2017-05-27,18,354.01,359.40715292228515,358.13801010555875,358.06143079814404,360.0043168186704,361.1759732021786,349.32,377.58
2017-05-27,19,352.71,357.6331502876604,355.8170021925721,356.5418435835393,359.21500549759463,357.7028452019433,349.96,372.36
2017-05-27,20,351.19,356.5559942120384,354.4348252075904,356.483711656395,358.3300077852945,355.77258915768937,349.0,386.98
2017-05-27,21,344.28,352.46426711399386,350.4687758934166,351.5369603355869,353.5475261097509,348.2952295486436,342.89,370.9
2017-05-27,22,328.74,340.5838286367565,339.638709727005,340.25808615418015,340.8753833984899,339.6481656828528,333.23,354.14
2017-05-27,23,326.89,338.3311136636257,336.85449241633415,337.948183120708,339.5320902800863,333.66739605761524,326.23,347.13
2017-05-28,0,325.43,330.8236357699534,329.97813277561704,329.8437598923913,326.0435819191564,318.62216907257067,326.97,344.2
2017-05-28,1,324.72,322.75508921091574,321.4897204714572,322.8264736685978,315.46798439301625,317.27205355254665,327.89,338.16
2017-05-28,2,324.88,322.22679556829104,321.3586907624833,323.61556156716534,315.15568633047724,316.252398713494,326.29,335.85
2017-05-28,3,325.54,320.43764298699,320.6056165501333,322.40190208099267,313.68491837849774,317.07479272272457,327.66,331.94
2017-05-28,4,332.25,328.4506450210885,328.0430777038358,329.7565760507469,321.3749488060191,321.89127899018877,334.61,336.52
2017-05-28,5,335.7,336.1873250217704,334.35674296891324,335.4485024468562,325.5406369973994,325.8827455391951,338.01,339.51
2017-05-28,6,333.99,337.0832428702205,334.60092087958566,337.2988851523311,328.1333744756292,328.5659528584737,338.5,335.99
2017-05-28,7,334.17,337.21223428062524,335.0533379963278,337.3687494967033,328.31279155366826,331.4382964876343,337.94,334.2
2017-05-28,8,335.05,342.0929026588271,340.7849842591978,343.4875898006095,335.58111050339664,336.74335053665664,339.02,346.22
2017-05-28,9,338.77,346.810365871399,346.661530704106,348.0705354450611,340.41856868633727,341.8834283709106,342.26,350.22
2017-05-28,10,342.05,349.5788816452161,348.94892930458525,348.07391742775343,342.2008998916568,346.7141716297284,346.67,350.15
2017-05-28,11,349.85,350.6147439477531,349.6080115182913,350.4656585549987,343.3438261989588,351.6885367822353,352.0,352.44
2017-05-28,12,354.3,352.90906235714704,353.3265520570309,355.16988393015794,348.4995531753796,358.48624180419966,362.78,357.95
2017-05-28,13,355.61,356.9858832238332,358.5058133751379,360.4848628269429,353.71587183049957,361.917790780258,365.31,368.7
2017-05-28,14,359.2,356.34391291272027,358.44760473696135,359.43446768170554,353.40787594658747,361.70342319568977,364.38,367.2
2017-05-28,15,356.43,355.70388074824353,357.84466944203837,357.39815391988105,351.87872717008275,360.2619856064232,363.22,363.52
2017-05-28,16,354.66,356.5474393409577,357.2721088454069,358.5078704052168,351.4790679506066,359.29674095676364,366.9,355.09
2017-05-28,17,353.25,350.86561254169754,351.17704949496994,352.7087725671986,345.6513523047601,355.1537074941526,362.57,352.23
2017-05-28,18,347.12,349.123146947182,348.0330206375441,348.5295690153876,344.617741578405,347.12495506261826,348.29,354.01
2017-05-28,19,346.51,346.5627711161764,346.2086964156476,347.2808466636057,343.556568963955,344.24429925548066,349.27,352.71
2017-05-28,20,343.89,345.3153737779555,343.65358178343286,344.46324148385315,342.07225108676255,338.6348467024343,343.71,351.19
2017-05-28,21,344.43,341.16510445231904,340.9219547001154,342.14469278019044,339.0799781330684,334.2425112300048,342.79,344.28
2017-05-28,22,334.84,330.73073362621943,328.9988493904277,330.84048749297284,327.68886501442415,326.73510806098466,335.71,328.74
2017-05-28,23,327.53,323.46844524639323,322.7759677364667,322.97894362176777,319.1159427940004,321.83517343335825,329.94,326.89
2017-05-29,0,331.28,307.3422757413882,304.11861122938194,305.71002303767494,300.7013784732133,333.550405753469,334.96,325.43
2017-05-29,1,327.97,299.5092972331567,297.2456762581975,301.0822160085136,290.5019092833429,329.7523430421444,327.9,324.72
2017-05-29,2,323.09,298.4143702049527,293.25784984389617,300.9757316553569,290.38011431849617,329.8964172993,328.53,324.88
2017-05-29,3,324.42,297.20810512771055,293.1268201349223,300.99914317203724,290.3124130120307,329.9660726993296,326.54,325.54
2017-05-29,4,345.77,328.36927290651164,329.2169890955566,331.0856608084484,322.6731326649198,342.00212882623237,351.49,332.25
2017-05-29,5,349.57,342.4825706324016,344.5749577475563,344.36647364931525,336.2752254375995,346.4698222334249,355.97,335.7
2017-05-29,6,349.67,348.39330857000635,348.9417763594492,350.2704597778977,340.1689608482386,347.8822845855541,352.62,333.99
2017-05-29,7,350.34,349.5112000939797,349.7266770889323,353.4634865481124,342.6744555898574,353.6382234957237,358.92,334.17
2017-05-29,8,353.47,365.3416742736945,365.44787465754723,366.76316594469125,360.47262514448704,376.3116891131166,374.78,335.05
2017-05-29,9,357.2,377.6959712567841,378.34248264539514,379.8792525613896,370.99956149133317,386.2078711207666,390.42,338.77
2017-05-29,10,358.53,406.1895252631035,404.3435543566748,407.08030896526736,396.48099646223056,399.6581796898099,416.12,342.05
2017-05-29,11,368.13,420.51681228025194,419.2203060961053,420.3475860267714,413.48975306769256,409.75692138888917,433.05,349.85
2017-05-29,12,374.72,423.15462488297686,423.1464281939535,423.2225084810277,418.75070181986104,411.30536931798144,430.61,354.3
2017-05-29,13,373.42,424.1940192089191,424.0007784227081,423.1256087306932,418.8263574272756,412.6942494786253,430.76,355.61
2017-05-29,14,376.2,421.65387061867636,421.524319543196,421.1534021184878,415.91185118127504,410.92936656262873,424.3,359.2
2017-05-29,15,374.94,421.65387061867636,421.524319543196,421.26775267596696,415.91185118127504,410.01911321752794,424.26,356.43
2017-05-29,16,372.75,420.1725572135926,419.34590796683534,420.7212545586496,416.23324714039865,407.405486494417,421.67,354.66
2017-05-29,17,371.28,403.48909053287286,403.01614847227717,401.7427516783783,398.8847907390328,399.46810589769325,407.1,353.25
2017-05-29,18,369.64,383.22314197588634,385.36160290996924,384.29052697255423,380.50672844092014,377.2963592271559,392.19,347.12
2017-05-29,19,367.87,377.45661360517965,380.8469351680004,376.4340714400163,375.9844863615186,369.48964127260024,380.22,346.51
2017-05-29,20,365.8,376.7379455155199,380.23823241997303,377.14472490647654,376.4516190787099,367.61515811251184,384.64,343.89
2017-05-29,21,358.8,371.68533629665274,375.08748273221397,372.3324458733276,372.0327090552152,363.99425804587185,383.43,344.43
2017-05-29,22,340.97,346.7452057504747,347.3923228437006,347.7585131822877,343.70264847302235,351.7734678184319,362.33,334.84
2017-05-29,23,332.98,333.0812869767266,332.5493835511267,339.7548042604899,328.54565256812504,342.64849238996135,347.27,327.53
2017-05-30,0,330.9,338.2063609521303,338.574972350851,338.11787018918164,339.3679491447266,343.97014437908734,345.72,331.28
2017-05-30,1,327.7,336.6558828972344,336.47852817022243,337.0465123041387,337.52247950746556,341.8644512015664,343.81,327.97
2017-05-30,2,328.13,331.87419503606964,332.77473802269645,332.2872253028955,332.22979117460517,339.0466469173958,338.3,323.09
2017-05-30,3,327.9,331.87419503606964,332.77473802269645,332.24501938786216,332.22979117460517,339.88873213201197,338.09,324.42
2017-05-30,4,342.84,346.85719134759785,347.8272899951878,346.2677946288534,347.6522204644911,348.77801650995684,350.44,345.77
2017-05-30,5,353.86,354.0805959364208,356.52882989092944,356.9343480534315,357.15962122492067,355.2657936337943,360.03,349.57
2017-05-30,6,361.88,360.7285810200912,363.43821570653625,361.419507076639,361.0456026068549,360.2686337659118,365.41,349.67
2017-05-30,7,368.09,363.49662588805666,365.225928298945,363.8975779401268,361.8506011432709,365.72942005743204,370.8,350.34
2017-05-30,8,382.14,377.56855124816786,379.7835158760103,379.0719112032938,378.5376100631905,388.3184076585176,386.37,353.47
2017-05-30,9,395.49,391.5588530872305,390.780874738258,390.5155276465229,389.3210262182402,400.12637003717214,406.96,357.2
2017-05-30,10,415.26,398.07458393203746,396.04053670698676,402.77402573687226,399.7715258384742,410.3639197500432,424.96,358.53
2017-05-30,11,422.46,402.81349721641925,402.34058634092685,408.06921286142784,407.4185936161265,416.576400925434,431.31,368.13
2017-05-30,12,421.45,406.40837580582917,405.9690587817225,411.81147427413975,410.2333770310602,421.8434951907002,437.85,374.72
2017-05-30,13,422.95,406.9569227416141,406.3754025053748,411.84778159450644,410.30903263847483,422.80668353633814,437.71,373.42
2017-05-30,14,432.04,406.3333144818894,405.0487149841686,410.53238694073207,409.76123167597893,420.7045808645522,430.64,376.2
2017-05-30,15,418.52,406.3333144818894,404.8945770460503,410.3030589589233,409.44568276536006,418.7756064745425,427.52,374.94
2017-05-30,16,415.78,404.17713325343715,402.4295905068121,406.19134989115406,407.141233631672,415.582606747076,423.57,372.75
2017-05-30,17,402.95,397.46267081397446,399.071163637828,403.1544067295027,403.464448552706,410.2735027444987,415.82,371.28
2017-05-30,18,395.24,391.8107083161978,392.3719250870389,389.9782546798422,392.70931340026766,389.8114369931684,403.36,369.64
2017-05-30,19,396.87,381.60116207742067,382.4092961858618,378.1008168887358,382.09008555882014,381.9464228446691,391.59,367.87
2017-05-30,20,392.47,380.0338530300338,381.1554514139493,376.9487561434463,380.33035321319414,376.9056857998394,387.65,365.8
2017-05-30,21,382.53,368.57481071683054,370.33866221674367,367.17014052788596,369.42863577796754,367.08333331962683,372.69,358.8
2017-05-30,22,358.25,345.75174739891645,347.4941014301273,343.7369414010529,345.8011926351847,351.79789194224026,346.16,340.97
2017-05-30,23,350.55,336.0460252325217,337.2678236626707,335.72557498967024,338.5993333279707,344.2697487055878,335.42,332.98
2017-05-31,0,350.56,341.9034626432174,341.85425489371653,341.40412945572575,341.4490812066791,343.8522814916727,334.11,330.9
2017-05-31,1,348.52,340.71378422522514,340.53706075109267,340.4857150226601,339.054285401182,342.7860059879289,334.85,327.7
2017-05-31,2,341.92,338.16490514839876,338.32247165919006,337.95022619079646,337.86313205775116,341.2403519974491,331.01,328.13
2017-05-31,3,341.64,338.57925696156116,338.53824375549675,337.90802027576314,337.86313205775116,342.6156243952697,332.65,327.9
2017-05-31,4,352.96,352.9454034057246,351.37610237395506,351.2733375738735,350.5891583526522,350.2990576662177,343.83,342.84
2017-05-31,5,357.6,360.8289270796753,358.46422046966865,359.3882586290933,361.08584433583167,356.60042823408963,350.74,353.86
2017-05-31,6,362.28,366.2788524787875,363.98613119321095,365.5999744446932,366.60166845015743,361.8469420190097,354.34,361.88
2017-05-31,7,365.85,372.9191265099779,370.79523008620913,372.9130957220099,373.7647295367052,367.92073462457404,359.63,368.09
2017-05-31,8,381.22,389.13316801020767,385.7192051439996,387.7966499403237,388.3759482840839,391.9860738787528,375.84,382.14
2017-05-31,9,394.38,396.4867152537042,393.20375509756707,397.58349766152077,397.77356990953916,403.2077906289411,391.99,395.49
2017-05-31,10,416.2,419.9352778309586,416.69675085826447,418.16586733412055,418.7661091736046,418.3600425051851,417.09,415.26
2017-05-31,11,433.62,422.6255939778172,420.0682102045271,420.6854686168096,422.19723704494936,423.7626893878601,422.08,422.46
2017-05-31,12,436.15,424.5800464258735,422.34334745651284,422.37352056679674,424.24795405207,425.7243708526177,422.39,421.45
2017-05-31,13,438.84,425.5513419594871,423.62403490711455,423.8644094734775,425.247523338718,429.0886319199539,427.61,422.95
2017-05-31,14,435.85,429.54055286575317,426.72170317066247,428.6241597315953,430.38110863307895,430.38088586481683,427.4,432.04
2017-05-31,15,433.89,425.62454858075216,422.91978533976595,423.61119801841085,424.9581731662802,428.13746598531,427.2,418.52
2017-05-31,16,430.43,423.1452226772762,419.38983899304736,420.7753767143889,423.51474946206554,424.00857071157884,421.0,415.78
2017-05-31,17,413.02,408.3792099305583,406.71813805706887,407.1546352351306,408.28412231634974,416.0432602751392,409.84,402.95
2017-05-31,18,401.94,396.4705381098029,393.73851026642376,394.91179733267046,397.42109188221343,396.02072966215326,400.22,395.24
2017-05-31,19,393.16,394.5074480327395,392.25089323536054,393.25688552613303,394.19918697757066,390.4241160000038,393.28,396.87
2017-05-31,20,387.21,387.22702722752183,386.3293014656503,386.93208718299854,388.4398735571585,384.9473512935757,388.92,392.47
2017-05-31,21,374.26,380.54839813398013,380.41939283058326,379.60645032874294,379.8446208624256,375.94418080913385,376.97,382.53
2017-05-31,22,351.74,358.1152288423777,357.7672342492641,356.58054824623537,356.7010760592987,362.73992708306463,357.78,358.25
2017-05-31,23,348.79,346.2880586137746,346.82357227268267,345.3482270195401,345.82621268541214,353.0117576106908,341.26,350.55
2017-06-01,0,346.62,349.1297504923134,347.9430167635963,346.85761227653614,347.58764141006975,347.1336213479915,339.76,350.56
2017-06-01,1,342.07,348.7536877229499,348.30129230188373,347.8662728992168,347.8901541166459,344.18586152105286,335.29,348.52
2017-06-01,2,341.84,347.304207691927,346.81670065110677,345.98407481830446,345.78845815225236,343.0634702105398,334.69,341.92
2017-06-01,3,341.25,347.11998108060305,346.3778050629059,345.87552490703314,345.1388202590592,343.48295572551547,333.88,341.64
2017-06-01,4,355.68,357.52548954395513,355.8940980264999,354.3635742850067,355.1622312473016,352.10398098560063,348.59,352.96
2017-06-01,5,361.89,363.65781742234475,362.48796806630014,362.2368389939455,362.7096861827041,357.90878766701576,356.16,357.6
2017-06-01,6,362.17,368.3523007696863,367.0389660397832,365.57417389289213,367.44903528279923,361.85685408789277,357.42,362.28
2017-06-01,7,368.95,372.63278916916397,371.042598321011,370.39213513032246,371.95073082622145,367.53915760983807,362.5,365.85
2017-06-01,8,385.36,386.41249646260457,383.73743148517104,383.694811511672,385.58669538373687,392.20270144048527,379.58,381.22
2017-06-01,9,397.88,397.5670637773255,393.8656632597448,396.76812686706404,397.3038226438928,400.99808187672846,389.51,394.38
2017-06-01,10,419.74,419.7357735102435,415.2333615716729,416.64419425466843,417.32466307641056,415.0208023586027,411.06,416.2
2017-06-01,11,427.33,428.62321838258424,425.8056263153487,428.75833900104,430.7226197278678,422.0618921319314,417.17,433.62
2017-06-01,12,427.9,433.053507999524,430.0049441784879,431.25603888051523,433.5833064905247,424.4739397500745,417.56,436.15
2017-06-01,13,427.46,433.7236471693516,430.8917521418822,431.8867889368666,434.2958889528229,427.5749891222361,421.73,438.84
2017-06-01,14,429.88,429.7696436758095,426.4576142288227,428.30946023006027,430.67519697738726,424.7526603534265,414.55,435.85
2017-06-01,15,426.52,427.4141206738729,423.36505689057225,425.1296339774659,428.7694247922615,422.5180757616302,410.85,433.89
2017-06-01,16,416.79,423.0853671096195,417.80538115807343,417.91534397199194,422.9272161764199,417.8807724281414,403.55,430.43
2017-06-01,17,412.94,408.47674750748723,406.7484691536996,406.6074266265493,410.4474163408848,409.9887566025561,393.97,413.02
2017-06-01,18,405.2,397.3736653663312,394.52229678947305,393.82388533149935,398.60764803756194,390.43172512200994,386.85,401.94
2017-06-01,19,397.25,390.5614196519536,388.1880314361908,387.7900951401175,391.6470631670265,384.78946954070716,382.96,393.16
2017-06-01,20,393.38,386.35871731664895,384.67045872598555,383.1787031232121,386.3891228122824,379.5430581496546,379.67,387.21
2017-06-01,21,380.86,373.6460294513148,371.938811168799,371.3415307049386,373.26210583343055,370.44307840754806,368.39,374.26
2017-06-01,22,353.09,352.50714568421864,350.3941551148292,348.7231475844308,351.74775268548734,356.3761173421496,346.44,351.74
2017-06-01,23,350.42,343.21419152055626,342.723125058791,341.57902144020045,343.0107926502025,348.35291654826307,332.89,348.79
2017-06-02,0,347.41,343.79393662864385,341.5078065682206,341.72685318597695,343.4818249976775,342.74871928314946,331.44,346.62
2017-06-02,1,345.37,343.06495117386976,342.2444417032581,342.73936654068376,344.08396528253417,340.81288470434833,330.36,342.07
2017-06-02,2,341.69,344.1160134850288,342.69976367129806,343.35052254641494,344.3470691701268,342.14982784846654,334.19,341.84
2017-06-02,3,336.78,342.43362142026575,341.1960442132001,342.72880411863207,343.1569656590652,340.42565688039184,327.94,341.25
2017-06-02,4,351.24,355.12481404979354,353.07805129159476,354.20631857048556,355.40376729368387,349.4605193861767,342.78,355.68
2017-06-02,5,361.06,360.92513969585906,358.9920055000955,361.00615043610037,362.7828058905286,356.0867417354202,352.0,361.89
2017-06-02,6,361.22,363.1526496232801,361.2002448641218,362.240885067929,364.86886551861426,359.2303393369121,352.52,362.17
2017-06-02,7,364.66,368.3049811048358,366.6644069328202,368.69805564088455,370.37109213741905,366.11470460123587,359.73,368.95
2017-06-02,8,383.17,388.48102780893356,386.8680223303583,383.19930989351724,385.86585067348426,390.55350160292727,375.54,385.36
2017-06-02,9,394.22,396.9289484329515,396.20929065374196,394.07893032610303,395.237531521233,401.2755983515131,390.64,397.88
2017-06-02,10,417.57,416.5183942978247,414.97329942709297,413.326012385633,413.5805412933197,416.2769514351044,414.7,419.74
2017-06-02,11,426.35,420.65793786044685,419.1506657408054,417.33602081691606,419.3458624255283,421.600297988546,419.35,427.33
2017-06-02,12,427.49,423.4083623454545,421.9058159573955,418.46887442881894,421.60114439015166,423.98286794297087,420.25,427.9
2017-06-02,13,430.31,424.95351383418375,422.9477894072381,419.0996244851703,422.31372685244975,425.7487042466903,421.91,427.46
2017-06-02,14,416.2,418.3143703252392,415.3374146695704,412.2121750218015,416.14844652565756,422.0929775686668,410.92,429.88
2017-06-02,15,414.1,416.44913204318345,413.8051212115102,410.1907275447305,413.56418225366195,419.87856004350397,407.69,426.52
2017-06-02,16,406.02,409.2155786402723,407.3039227557835,403.89325551193826,407.50925754408155,413.999191297461,399.08,416.79
2017-06-02,17,392.31,399.8973566891143,399.4174984233296,396.6893686563712,399.94417749298884,405.7471791253757,384.44,412.94
2017-06-02,18,383.89,386.40642909245423,384.26433803663605,382.1388243781262,385.69251298275657,386.54165628452364,377.58,405.2
2017-06-02,19,377.44,379.56677476323983,377.77348907657915,377.69521341832586,381.12764425107804,380.482140609303,372.36,397.25
2017-06-02,20,379.1,379.72079512833795,377.8515367593673,378.46455801735556,382.02336087893457,382.40613190437114,386.98,393.38
2017-06-02,21,374.21,370.2361396305056,369.2796410252701,368.3027387657264,371.0347268155977,371.49783253622815,370.9,380.86
2017-06-02,22,347.48,351.15888939828005,350.25626619491516,349.4251620962937,351.798707047199,358.81736013081695,354.14,353.09
2017-06-02,23,334.39,347.12023410696287,345.92371151978955,345.32615342447343,347.9488994048916,353.3529894761837,347.13,350.42
2017-06-03,0,333.09,344.75618511669796,343.6166485110832,343.7999944509165,345.2761290307079,334.2064096585964,344.2,347.41
2017-06-03,1,330.15,336.81793115821455,336.6930014119424,337.23012168935026,339.73086159378676,330.64966709636263,338.16,345.37
2017-06-03,2,330.37,335.5834854211235,335.8054802765834,336.858883116681,338.6843588233863,329.20785547429193,335.85,341.69
2017-06-03,3,324.55,331.2087980786157,331.60256756635255,332.9638313437831,333.2904553039607,327.882134327281,331.94,336.78
2017-06-03,4,332.84,343.83288438086515,340.54134847448245,342.9530586402934,344.802574650997,332.95352780944404,336.52,351.24
2017-06-03,5,332.26,345.0760685708511,343.4591255435854,346.1499863589397,348.5035919218125,337.59575058377857,339.51,361.06
2017-06-03,6,338.76,346.54516175212285,344.78754499583965,347.5719939891626,349.27346342425847,339.1629367114618,335.99,361.22
2017-06-03,7,337.6,345.24821413736896,344.5865243681033,346.2742400722793,347.97691547975097,342.1730225991499,334.2,364.66
2017-06-03,8,346.73,354.6728631702114,353.57245373835053,354.6207491985158,355.608007633168,352.4674156548178,346.22,383.17
2017-06-03,9,352.41,358.91142747320964,357.6585315208865,358.6967588332167,360.2873194012274,358.72200559301365,350.22,394.22
2017-06-03,10,352.11,360.7162029598151,360.1053334889781,359.6904199412057,360.7432334033586,364.5640601054011,350.15,417.57
2017-06-03,11,356.83,361.91905301564753,361.34576853410493,361.63509661564575,360.14532875285556,369.11263539673024,352.44,426.35
2017-06-03,12,362.98,367.07147310355384,365.7597952865697,365.92364392413924,365.83118682773784,373.3431608976912,357.95,427.49
2017-06-03,13,364.02,372.03924731978105,371.40833388784864,370.845566986768,370.6209591607658,379.0062371522331,368.7,430.31
2017-06-03,14,364.14,371.6961253446572,370.5385312712135,369.8841509477075,369.9139437703211,377.0739469096729,367.2,416.2
2017-06-03,15,362.94,371.22976033682795,369.7903486606947,369.69211832746697,369.58997442482837,374.83202025019415,363.52,414.1
2017-06-03,16,358.85,366.0757331970395,364.6974783079911,363.9002529230613,365.4191583604068,369.21510266214875,355.09,406.02
2017-06-03,17,353.68,364.3734934131092,362.9150999402395,361.78517900248784,363.39104352639976,364.358267862125,352.23,392.31
2017-06-03,18,351.71,364.0138701918558,362.61932075568586,360.9371804215639,363.17577194910746,361.3389872315296,354.01,383.89
2017-06-03,19,347.96,362.0003507962916,360.204526258648,359.38179656270194,361.70185934312246,356.97241925685177,352.71,377.44
2017-06-03,20,347.91,359.6394757006484,357.6258636288805,357.12674024538035,359.28080294454276,353.3053854650177,351.19,379.1
2017-06-03,21,342.13,355.1649555127399,353.3837846707701,352.8143334450078,354.08062020622634,346.8429536821422,344.28,374.21
2017-06-03,22,328.62,338.8065016385916,337.8777563467342,337.7130854365332,336.97318676461197,334.7584455098887,328.74,347.48
2017-06-03,23,324.94,331.0100044853374,331.32727239114485,332.020458980293,331.55602898974576,330.0657379304652,326.89,334.39
2017-06-04,0,323.04,325.03335545116175,325.44603924867044,329.0312538163008,327.1145383559383,319.9504774612243,325.43,333.09
2017-06-04,1,322.54,320.4228270221604,322.48395118823476,325.66137539379713,323.25803185137994,318.36239908979667,324.72,330.15
2017-06-04,2,323.27,320.5723194664114,323.1667702747352,326.43256396165197,324.6039770647842,318.3469922654655,324.88,330.37
2017-06-04,3,324.79,317.4595427684747,320.28852659843045,321.5626728424124,319.7777948734996,318.69220147009656,325.54,324.55
2017-06-04,4,333.16,327.98522745930563,328.9154599375067,331.5495363907832,328.5693788998969,323.86942578077344,332.25,332.84
2017-06-04,5,334.46,333.0781971409069,333.4627593627957,336.508374912757,333.58346294704205,327.47084982374224,335.7,332.26
2017-06-04,6,334.52,332.3033792140681,332.7815773017626,336.2434015084897,332.9178057449069,330.48583702626576,333.99,338.76
2017-06-04,7,331.95,333.8099048902271,335.52507382346766,337.40191823312256,334.08669856602614,333.7148779964437,334.17,337.6
2017-06-04,8,337.77,339.5842051377109,341.79315732354485,342.8332399066126,340.29751439836923,338.5918193499471,335.05,346.73
2017-06-04,9,336.49,342.11806221526655,344.88666092298865,345.2787072762937,342.89101357256925,344.098218827239,338.77,352.41
2017-06-04,10,343.77,345.9731584468471,348.7751546809151,349.04787569347945,346.51096671520673,348.4426685513575,342.05,352.11
2017-06-04,11,348.44,349.6165961726405,352.87545999100223,352.81051563432965,350.2943380501527,354.63248372254674,349.85,356.83
2017-06-04,12,353.47,356.07948963928374,357.8533586582827,357.1887267620827,355.22192525299164,359.02949583649354,354.3,362.98
2017-06-04,13,353.74,357.7826980520336,357.9124007943792,357.923299032945,356.08853080815817,360.8189072627126,355.61,364.02
2017-06-04,14,355.69,358.07654594347264,358.5781717312203,358.6804194491726,356.24322402888026,362.51756875885076,359.2,364.14
2017-06-04,15,361.17,357.69986377942007,358.26649977542394,357.9222430250282,355.7928915026457,360.72306696898977,356.43,362.94
2017-06-04,16,359.16,356.0683502838983,355.35257936163276,356.53528628753304,353.2282252693973,358.1435612392213,354.66,358.85
2017-06-04,17,355.75,353.3721985334561,353.32771754085076,354.0349662495371,350.6310956991288,354.84740363229287,353.25,353.68
2017-06-04,18,347.71,351.40175828421917,351.84999001674083,351.88698399641584,348.8262449208258,349.52596968829334,347.12,351.71
2017-06-04,19,344.53,349.0019256896167,349.51406892136396,349.87626454287454,346.61957931107736,345.74570027249507,346.51,347.96
2017-06-04,20,346.69,348.3054094274615,348.3879781175748,348.73756106279757,345.7733611816005,341.45703703079784,343.89,347.91
2017-06-04,21,342.5,345.02210637504106,345.08824003779455,345.9276708683485,342.99987620204655,337.77937377103444,344.43,342.13
2017-06-04,22,329.65,333.34923723622796,333.04607197904943,335.3408717107055,332.50538113544366,329.56220326310626,334.84,328.62
2017-06-04,23,324.19,323.53767425165495,323.565398632211,325.66724824621537,323.59393686767476,323.8771213280467,327.53,324.94
2017-06-05,0,322.39,303.79095492234495,302.43129860281425,302.39095109450915,301.00154003352833,333.4871913794982,331.28,323.04
2017-06-05,1,322.74,300.91587852935635,296.66475552468887,299.3243002253054,291.9853791106211,331.18667897915907,327.97,322.54
2017-06-05,2,322.87,300.23149920713956,297.2380826336952,300.99683266318146,292.324084810835,329.2875908446722,323.09,323.27
2017-06-05,3,319.73,300.41897351281636,297.32526098654466,300.2728555413891,292.78592461106,330.76048588203525,324.42,324.79
2017-06-05,4,348.44,332.4374453323124,331.3964731260074,330.71560211057067,322.12834067172884,341.61325110693735,345.77,333.16
2017-06-05,5,355.34,345.46018698915077,343.164837671433,345.79395344883744,336.5879029330428,345.57360730384386,349.57,334.46
2017-06-05,6,350.32,347.87778801800033,346.74946679272693,348.8596770131912,339.69585850875666,348.531672830359,349.67,334.52
2017-06-05,7,352.73,348.15105348808135,347.21789910891846,349.5833438817819,340.76672407096834,351.78352193758286,350.34,331.95
2017-06-05,8,366.59,358.35818338964486,356.4693807093242,360.2931905350595,352.96084545155145,369.28529654302827,353.47,337.77
2017-06-05,9,382.73,364.8737917332023,366.1126678656584,363.2117715363629,358.48730513118943,373.97286236632954,357.2,336.49
2017-06-05,10,407.9,395.11015978178574,394.8133656644934,396.2570206423127,391.3805837209269,378.45016784123646,358.53,343.77
2017-06-05,11,414.48,388.96381203466996,388.3345245712225,397.8819256320479,391.54978778491375,385.32463795339726,368.13,348.44
2017-06-05,12,418.72,392.02591920414454,390.0612921100074,391.7440832693046,387.54630165729753,390.41148966715764,374.72,353.47
2017-06-05,13,416.89,392.4663302735027,390.9026318608115,391.6471835189701,387.6219572647122,391.0947391817361,373.42,353.74
2017-06-05,14,418.31,391.99664340229964,390.72713286448544,391.5590222378656,386.96498411057814,392.68978740129455,376.2,355.69
2017-06-05,15,417.24,392.63919686961253,391.2488883834978,391.81834095381606,387.6926164096574,392.2604842674648,374.94,361.17
2017-06-05,16,413.5,393.5206313430278,391.05244652027346,391.6082704007719,387.41356795286254,389.7595549186451,372.75,359.16
2017-06-05,17,398.72,386.5634996906869,385.2983527356895,387.3383682174253,382.6962527480915,386.64494368056626,371.28,355.75
2017-06-05,18,387.56,372.8065397746765,373.6282575596774,373.56802832033605,371.1590486380063,370.19867192265446,369.64,347.71
2017-06-05,19,378.9,371.12515405891185,370.87225715374655,369.8837598909002,367.8365079672758,366.0376129399475,367.87,344.53
2017-06-05,20,384.19,369.1588559052979,369.2555903208505,367.34444288860766,366.3775288016015,362.22406765196126,365.8,346.69
2017-06-05,21,372.82,359.9182229077267,361.09499135637805,361.43108339656544,360.8861535188207,355.8209354534985,358.8,342.5
2017-06-05,22,356.07,341.81293545189493,343.21838606515365,341.2066883389389,339.87824854720753,344.4992516526688,340.97,329.65
2017-06-05,23,349.84,318.14109733200274,318.948277660239,322.2055706539837,314.57724428893374,338.3473703374365,332.98,324.19
2017-06-06,0,349.85,336.984650316652,337.22228905531176,336.892068836036,335.8903282618758,343.97693298243615,330.9,322.39
2017-06-06,1,343.83,338.36325399663883,337.2293661078838,338.15091051707384,336.5441806641302,341.8218616194034,327.7,322.74
2017-06-06,2,344.18,338.0230988787605,337.36039581685765,338.2774622600678,336.889829820702,341.90863369263633,328.13,322.87
2017-06-06,3,338.37,337.199295670639,336.6169749443273,336.8781147963969,335.61211821291835,342.2321254133166,327.9,319.73
2017-06-06,4,342.77,354.1942382481783,353.07831865572007,354.0687252376172,352.9051125694107,353.0008021855894,342.84,348.44
2017-06-06,5,352.04,361.9391241310166,359.59903998816407,361.6115226129156,360.979939321916,360.41373485752524,353.86,355.34
2017-06-06,6,354.58,365.06658851927455,363.39983419666413,365.7209037316883,364.2191389521065,365.83768807388896,361.88,350.32
2017-06-06,7,357.9,371.4776322014873,370.25346955490585,371.8190577087013,370.07644436912824,371.8178861884529,368.09,352.73
2017-06-06,8,366.19,386.27561968040953,385.734318983818,385.5311137915242,385.6596393018552,394.3829216292506,382.14,366.59
2017-06-06,9,381.41,396.0171092623304,394.83247661545676,396.065063454363,396.87486797000514,404.83929088530834,395.49,382.73
2017-06-06,10,410.69,419.64818595261465,418.3934617079401,418.13179423017357,419.3051194792428,418.5515316753156,415.26,407.9
2017-06-06,11,417.48,425.77298606719154,424.6908036092671,425.95723280144426,427.05646428708843,424.7198052326462,422.46,414.48
2017-06-06,12,420.27,427.1384492318331,427.15950131743807,426.3549769070213,428.22333948555075,426.7713245654853,421.45,418.72
2017-06-06,13,418.34,427.56727470266236,428.01291370246605,427.16607091997435,428.83924081260017,428.28756521388925,422.95,416.89
2017-06-06,14,423.73,428.50783459984035,428.16477339157734,427.93398693787805,429.5815475382989,432.2581236714111,432.04,418.31
2017-06-06,15,424.66,425.9789902712227,426.2067121058544,425.571443680257,427.37171129074477,426.3139165618134,418.52,417.24
2017-06-06,16,409.92,423.2360226962338,422.06172020909736,420.9382566506616,423.0449889796638,423.3949271038326,415.78,413.5
2017-06-06,17,401.38,405.4824926495553,406.3149682839143,405.7736371335652,406.57326925123067,414.54753966438074,402.95,398.72
2017-06-06,18,394.61,390.922110646973,389.63348967604884,390.7559798035833,392.51212919977456,395.4913099538133,395.24,387.56
2017-06-06,19,388.23,391.98404327227905,391.47976191417206,390.3568784027947,391.7032459126432,392.00084419476894,396.87,378.9
2017-06-06,20,381.27,386.7646354484631,386.1781017960321,385.37407013126455,386.7379603337496,387.65552426836354,392.47,384.19
2017-06-06,21,371.44,379.0444118095589,379.07045192955053,378.6271377394296,379.62702817562104,379.2721775453781,382.53,372.82
2017-06-06,22,356.96,356.8844197474351,356.9238684958808,355.5543368492287,356.44898416745207,364.99918439555705,358.25,356.07
2017-06-06,23,354.95,349.69646298979507,350.07871613149484,348.90985105862285,350.2819938323933,358.8715446401029,350.55,349.84
2017-06-07,0,349.07,352.73988034697095,352.4585554678797,351.73934486404926,352.25237053973285,355.3650600580027,350.56,349.85
2017-06-07,1,347.81,349.6345854357792,349.24168279981575,349.4308086391373,349.4471074443332,352.906109377883,348.52,343.83
2017-06-07,2,348.29,347.7994530292481,347.7457094500087,348.19357192181417,347.43873067145347,350.2969470910109,341.92,344.18
2017-06-07,3,345.51,346.4051226221826,346.178411540478,345.4745736247525,344.8079675379689,350.28453183310063,341.64,338.37
2017-06-07,4,346.97,356.9412952004139,355.8301899935175,356.32004233919736,355.36608188181435,356.79072113518015,352.96,342.77
2017-06-07,5,355.17,362.4911099477928,360.8714630575849,361.34199072779097,361.0294752253755,362.0137436821395,357.6,352.04
2017-06-07,6,359.44,366.90925463019835,365.0772527816036,366.3445500727487,366.03394386160176,367.03504589331976,362.28,354.58
2017-06-07,7,360.24,371.4102282419624,370.4477544650909,371.6361871239252,370.80273129959545,372.1016277564838,365.85,357.9
2017-06-07,8,380.0,386.6177798555002,385.4016206259121,384.7981200501482,385.0259279371824,394.63236910108986,381.22,366.19
2017-06-07,9,394.93,395.3476847991518,393.6097897866373,394.9881613928346,395.1869665183611,404.9088322109269,394.38,381.41
2017-06-07,10,409.07,422.37552495429634,420.6243279456886,420.0986126398791,420.35793744205455,419.89997447879267,416.2,410.69
2017-06-07,11,415.61,427.8474283517781,426.0736321394838,426.9694670408976,427.2660733933583,430.04859497797287,433.62,417.48
2017-06-07,12,417.27,431.2122599854792,429.1999727723755,428.25502522440416,429.94193266107726,433.3016722942985,436.15,420.27
2017-06-07,13,426.12,431.6510748029022,429.46726114370455,428.29133254477085,430.0175882684918,435.26940011123145,438.84,418.34
2017-06-07,14,423.82,431.65040765047866,429.123736756764,427.66028698153633,429.7768185056067,435.0376367822451,435.85,423.73
2017-06-07,15,425.32,431.65040765047866,428.9695988186457,427.66028698153633,429.6905962863036,433.80228928030664,433.89,424.66
2017-06-07,16,419.49,430.09016431877933,426.5086606542091,425.3306436048026,428.2996965335993,429.3123034921275,430.43,409.92
2017-06-07,17,405.58,411.48304248147025,410.09428890269373,408.8884454442251,410.6503916383972,419.42888855868705,413.02,401.38
2017-06-07,18,397.66,400.6142311229138,397.59522403195945,399.59215100654205,400.955407063146,399.4767615768989,401.94,394.61
2017-06-07,19,396.76,391.4114085605156,389.2059971588042,388.8685891584689,390.5157377666,392.227849301141,393.16,388.23
2017-06-07,20,384.92,385.8755594201628,384.4398649081814,384.286334479932,386.51598795344296,385.8404326591404,387.21,381.27
2017-06-07,21,369.34,374.8789594399663,374.1627629083107,373.256878631893,374.39502655972353,376.472263716617,374.26,371.44
2017-06-07,22,353.52,356.4147975742178,356.58132006508515,355.9556198032533,357.35570419960004,363.144710583815,351.74,356.96
2017-06-07,23,349.59,353.0144500247036,353.98886577671993,352.43839966621096,354.9185876910057,359.3480307061925,348.79,354.95
2017-06-08,0,348.39,349.5024488563769,349.03799806277635,348.67111923067665,350.2598441256879,348.97886688169143,346.62,349.07
2017-06-08,1,350.49,347.84009882574827,348.3342981592512,348.674786432528,349.1611655254763,346.10535932143733,342.07,347.81
2017-06-08,2,342.07,347.22755716777573,347.9049812852981,348.02854199784815,348.5378268433473,345.97166721516464,341.84,348.29
2017-06-08,3,338.64,346.2143070025943,346.74753753483424,346.6423574571301,346.1603460008001,346.1928050264364,341.25,345.51
2017-06-08,4,344.74,356.18648760343586,356.12807056727485,357.3109530678723,356.4830029036587,353.553556853027,355.68,346.97
2017-06-08,5,350.73,363.30607894037405,362.3763467079461,363.4648590413024,363.7518792301544,359.2564255210771,361.89,355.17
2017-06-08,6,350.94,365.7205249309093,364.6972092555893,366.0683435050515,366.08994051234015,362.7789732979677,362.17,359.44
2017-06-08,7,357.33,371.40459863779887,370.5471573569823,371.74733875811734,371.72731617127386,368.7910881273341,368.95,360.24
2017-06-08,8,367.01,387.60901370082587,385.9709009411276,386.8006610421329,388.118627563795,393.2161425255564,385.36,380.0
2017-06-08,9,385.72,399.64472001397826,398.275410731752,400.0926073153539,398.13813714255264,403.2133101638708,397.88,394.93
2017-06-08,10,414.16,416.9490907288967,416.0053134873971,416.59180472634426,417.1779413426463,416.4415037598283,419.74,409.07
2017-06-08,11,412.66,423.06141377046447,422.33928232616216,422.9364533118485,424.3246661160993,422.7622892546534,427.33,415.61
2017-06-08,12,410.7,426.1028271572594,424.39240289657675,424.36961114924156,426.569273197106,425.1281720263704,427.9,417.27
2017-06-08,13,414.68,428.16110550513423,426.35236389114294,425.7683006537073,428.5184149739208,427.15760990254756,427.46,426.12
2017-06-08,14,411.76,426.47775566572903,424.31073769727954,424.01556251341924,426.7684148495297,428.1170222210862,429.88,423.82
2017-06-08,15,410.94,426.39361631436407,423.6391913712602,423.87452600814476,427.0511830891236,426.4103416400712,426.52,425.32
2017-06-08,16,406.48,422.96550586685845,419.76547821987646,419.63988694784723,422.5580247733371,420.5460627268925,416.79,419.49
2017-06-08,17,396.89,410.8065280520914,408.51584101171875,408.0847404590777,409.2273503653579,415.27693552330993,412.94,405.58
2017-06-08,18,386.12,401.5239086355467,398.9794024377633,399.6892313541188,402.19469812919226,396.34090709118493,405.2,397.66
2017-06-08,19,380.2,397.2515107302084,395.399306316827,396.0739605033967,397.709118600263,390.0573353673812,397.25,396.76
2017-06-08,20,379.44,386.1370642172395,384.72964192722515,384.9365443439107,387.0597920775738,383.8987033869104,393.38,384.92
2017-06-08,21,365.04,376.42848225651,376.4503521236346,374.692874487,378.0028419356876,374.01788895060565,380.86,369.34
2017-06-08,22,352.48,352.6801471487758,352.5798255875672,351.5978223103237,353.2273720301788,358.49900441091654,353.09,353.52
2017-06-08,23,348.67,348.3448397884231,349.3401138699011,348.29281816862823,350.3620252522761,354.5811089884691,350.42,349.59
2017-06-09,0,342.31,350.6180278201091,349.14637549062394,348.5183162267242,350.4161006945678,347.32809208697256,347.41,348.39
2017-06-09,1,340.82,349.69099262415267,349.1174007816853,349.4844389478607,351.2225737169531,345.81726918488675,345.37,350.49
2017-06-09,2,340.63,345.1369534992037,344.8627189960658,344.74620559458657,345.88508427868373,343.2986987875789,341.69,342.07
2017-06-09,3,340.34,342.67167719203235,341.9355691357066,342.02593937857563,343.34709740581775,341.7696881527155,336.78,338.64
2017-06-09,4,342.3,355.5148397101589,354.50639614707376,354.36656469765273,355.1157412069413,349.685882922917,351.24,344.74
2017-06-09,5,351.65,360.17548916539346,360.13359314922445,362.2356701159201,362.86780890543065,356.5236183180825,361.06,350.73
2017-06-09,6,351.62,362.18876575105867,360.87904638670636,362.5960892742344,363.0044159442912,359.52155932792056,361.22,350.94
2017-06-09,7,356.04,367.3894836146081,367.2609969502364,367.15814622125396,368.038447677213,364.9000692040605,364.66,357.33
2017-06-09,8,370.24,384.46620601263345,383.7326743815187,382.79799518146206,385.0316032359792,389.08025881029437,383.17,367.01
2017-06-09,9,384.16,390.406783112923,389.9607005123038,390.6145703844585,390.98134834758025,398.95579538610554,394.22,385.72
2017-06-09,10,407.73,416.35955739842296,414.2868153933383,415.2678994558773,416.277730470584,414.44573731846145,417.57,414.16
2017-06-09,11,410.08,418.9967875102466,417.5590017300549,419.1458398079964,420.29137067913797,420.2839823850474,426.35,412.66
2017-06-09,12,408.71,422.1746428303493,420.5280002010308,420.44710399272697,422.62381951368116,422.4478564340302,427.49,410.7
2017-06-09,13,408.56,422.72500308899805,420.5625063167643,420.7127392949024,422.9288018124115,425.1686270616193,430.31,414.68
2017-06-09,14,406.59,419.5488548492921,417.4648066165993,416.925153708072,419.64236068394223,419.6649307085212,416.2,411.76
2017-06-09,15,405.32,417.682889243427,414.8690947902927,414.3542328802207,417.80788075371356,418.17538874749107,414.1,410.94
2017-06-09,16,403.97,406.06674523026965,403.9856848222781,402.6625199646098,405.9382836627522,413.11263836580133,406.02,406.48
2017-06-09,17,389.76,392.2527992429275,392.7944062738032,391.8270303112213,394.46145258538303,404.539575724273,392.31,396.89
2017-06-09,18,381.41,380.51406898972573,379.67770553783413,379.78028066291813,382.65320965005554,384.87798565725393,383.89,386.12
2017-06-09,19,376.2,374.80174255564236,373.7551897237286,372.7032218495208,375.9890336787986,378.5834223112698,377.44,380.2
2017-06-09,20,379.29,374.3624911430129,373.57230486819367,372.60783933563636,376.0473094688191,375.8660817741564,379.1,379.44
2017-06-09,21,364.39,368.5945178853598,368.5845323780212,367.3253506081445,369.4824474299165,369.0730739118608,374.21,365.04
2017-06-09,22,345.11,350.5741574213034,350.16085035196596,348.7447660402221,351.321629715753,354.33724374629094,347.48,352.48
2017-06-09,23,343.61,343.38181099292245,341.9568325135445,341.68323264630715,344.1152786386103,346.40001234094814,334.39,348.67
2017-06-10,0,340.54,341.5176637307627,341.3818073146965,341.2835770048559,342.1344064029879,332.69081398254605,333.09,342.31
2017-06-10,1,335.13,339.7193675311532,340.86937608960784,340.3253965971727,341.25613184970433,330.4127705929136,330.15,340.82
2017-06-10,2,338.81,339.8261771380455,340.86937608960784,340.26535718409576,341.25317389990977,330.3741208099134,330.37,340.63
2017-06-10,3,336.12,338.4997590200282,339.74978880868287,338.93543894219755,340.190059475286,328.8652703316146,324.55,340.34
2017-06-10,4,335.03,344.57310093485347,344.1150472717911,344.1077372615643,344.1397269076271,333.909941141102,332.84,342.3
2017-06-10,5,332.08,345.26717411622025,345.85705468871834,345.1589099575989,345.1024861836747,337.12185034732727,332.26,351.65
2017-06-10,6,335.97,350.89411954763233,350.8495947593176,350.857691918854,350.68624347019977,342.54414557635096,338.76,351.62
2017-06-10,7,333.73,351.77487590559457,352.2459455158129,352.091824066562,351.81199885439935,345.91124380117213,337.6,356.04
2017-06-10,8,343.9,358.50153353556294,358.9107337636114,357.82323204567825,357.79444837763236,354.57492248338764,346.73,370.24
2017-06-10,9,348.96,361.7585169483897,361.8787601807581,361.7357026484371,363.0585016411418,361.8078090573911,352.41,384.16
2017-06-10,10,346.59,363.0767739884547,362.80526448470846,363.17555555556453,363.95349921351,367.57480825513073,352.11,407.73
2017-06-10,11,351.15,364.3167677664688,365.0296525633204,364.41616821633284,364.66987507865684,372.292684618691,356.83,410.08
2017-06-10,12,357.14,369.11725874371945,369.1998338897197,369.2225429886063,369.86798981029915,376.46042244258706,362.98,408.71
2017-06-10,13,357.06,370.7793866765245,370.2751651684451,369.9361969805817,370.612416953412,378.00345297090286,364.02,408.56
2017-06-10,14,355.96,370.82169163637786,369.6778259527891,369.6992469207125,370.5870367905232,378.1122802535272,364.14,406.59
2017-06-10,15,355.04,369.4685511528136,367.7288365607596,368.0589461601656,369.03216875718573,376.91523876991926,362.94,405.32
2017-06-10,16,350.22,367.79452217430685,366.08528239565334,365.82591843992026,368.31627845754593,373.75964229300575,358.85,403.97
2017-06-10,17,347.43,363.1888449002303,362.7439717169966,361.62324128279744,363.32596924159515,367.9447403050653,353.68,389.76
2017-06-10,18,346.2,363.1046436781388,362.85771825046754,360.9888201682061,363.3134967352271,363.4813152115152,351.71,381.41
2017-06-10,19,344.69,359.06837553265643,358.49180263596764,357.1400576303666,358.1663054100275,358.3150269456819,347.96,376.2
2017-06-10,20,344.65,357.6437136972133,357.43931851421706,356.0597351536223,357.1812342840526,355.39060033886955,347.91,379.29
2017-06-10,21,340.23,353.84046365224486,353.10286607143337,353.6072648649931,353.6574700418342,348.1965587566415,342.13,364.39
2017-06-10,22,339.03,339.233390026767,339.6191478034528,339.4557955936052,340.1112087167123,337.7858202705347,328.62,345.11
2017-06-10,23,335.5,337.42672741447154,338.05406078086463,338.20403696567274,338.802233338419,333.7630468615318,324.94,343.61
2017-06-11,0,333.55,341.17688523328445,338.60633688288146,341.90816611866416,345.84421897523913,321.41195349372623,323.04,340.54
2017-06-11,1,334.41,332.54963134538144,331.03784734456127,333.68881967668943,333.6183318410253,319.6067080958998,322.54,335.13
2017-06-11,2,333.45,332.660494629296,331.7304144945107,333.8335410266647,333.40212388837125,320.2116761123758,323.27,338.81
2017-06-11,3,331.41,333.81179750066525,332.8972009400394,335.1476746233824,334.91209158864206,321.2516146761644,324.79,336.12
2017-06-11,4,336.23,339.09015203971,336.8664948555848,337.87100404579945,337.88836964183787,325.96239821312304,333.16,335.03
2017-06-11,5,332.55,340.516208674452,340.7328194121573,341.3788116091459,339.0200302961177,328.4503887552668,334.46,332.08
2017-06-11,6,330.59,343.2467653451041,343.5649459633462,343.54959962559093,342.2831019809597,331.8418342541116,334.52,335.97
2017-06-11,7,331.94,342.8976405428597,343.99840164674947,343.5813495926461,343.468693730302,333.88117960998403,331.95,333.73
2017-06-11,8,333.51,347.88270580959266,348.1730629481729,349.7211481854426,348.7814895593943,340.79416004419267,337.77,343.9
2017-06-11,9,334.97,350.4024900602809,349.74375274559134,351.2411483828028,351.2056314013519,344.2984833289853,336.49,348.96
2017-06-11,10,338.68,355.5928377485301,355.88083824255915,354.5910888547962,354.94826615538557,349.9526632059553,343.77,346.59
2017-06-11,11,341.66,356.3939166393521,357.1627351672425,356.26555929132644,356.21358751107726,354.92026345109315,348.44,351.15
2017-06-11,12,350.21,368.22359433947537,367.3978832213238,365.91876709733157,368.69523772710664,359.53052726870953,353.47,357.14
2017-06-11,13,352.83,369.68909574842473,368.07733201210635,365.95507441769826,368.7708933345213,360.79365164240784,353.74,357.06
2017-06-11,14,353.15,370.27939158160035,368.000851936461,365.39074427964005,368.63053974729786,361.7216656362098,355.69,355.96
2017-06-11,15,351.67,372.5974541288709,370.38643448404326,368.6433989203348,371.1762530496993,363.1572126413762,361.17,355.04
2017-06-11,16,347.74,367.47829303137956,365.9928970301943,365.5355921759887,368.2185058128671,360.4037404409315,359.16,350.22
2017-06-11,17,347.62,364.8183880946982,363.42150076972143,360.6788093726859,364.0229327746749,356.6170730544366,355.75,347.43
2017-06-11,18,344.22,360.0922642524827,358.4082300131291,356.31754732764244,359.5406719954059,350.644992004821,347.71,346.2
2017-06-11,19,340.17,356.4043694473261,354.3865081579067,353.2626653135204,356.09906313471066,346.13326595502673,344.53,344.69
2017-06-11,20,336.44,355.5110049456724,353.263795271683,353.74540917824294,356.50469230076914,343.6915773107514,346.69,344.65
2017-06-11,21,335.32,351.823691768338,348.7179451423782,350.1796124189728,352.70942082383806,338.33973550654156,342.5,340.23
2017-06-11,22,333.09,342.5618022009598,340.48974479925414,342.80047846547154,343.8792855019232,330.30397493538095,329.65,339.03
2017-06-11,23,333.59,338.7234059373949,335.87703126248584,338.8122931962702,340.6311491569236,325.3448580947985,324.19,335.5
2017-06-12,0,331.25,334.2696392597686,335.80941218000356,332.6998540624435,335.56608546047994,330.19118945903426,322.39,333.55
2017-06-12,1,330.3,332.6682704878284,332.6076741102105,331.78847447130505,327.67033106073,329.44514453733393,322.74,334.41
2017-06-12,2,328.65,331.7622727589787,332.5539894755878,330.72335642938265,326.4893177357356,329.2652243930321,322.87,333.45
2017-06-12,3,328.15,332.2624466656356,330.8269265084895,329.72901372492953,326.9437824990048,328.5733977157242,319.73,331.41
2017-06-12,4,343.04,343.22348183183703,345.54620750442166,341.6862434235133,335.3220124908725,341.8421167067413,348.44,336.23
2017-06-12,5,345.52,354.80298361843836,358.0551552176575,357.08325659797157,352.00041868334023,346.40732076943704,355.34,332.55
2017-06-12,6,346.01,353.1991163723891,357.2837015681756,355.74541677352175,351.8238035918327,347.1446172781045,350.32,330.59
2017-06-12,7,348.22,355.5061914952214,360.13668603434684,358.6714644116433,352.9078825983025,351.5335031171261,352.73,331.94
2017-06-12,8,363.96,373.8778877157877,379.7658468173839,376.7173844323098,372.39823622667944,373.46769740987924,366.59,333.51
2017-06-12,9,379.26,393.31980589944624,393.29555767648395,397.4496704355175,392.3046419295547,383.2905573953943,382.73,334.97
2017-06-12,10,405.73,398.8581124289035,401.51999408695383,404.0033323292998,397.8780517289345,396.5854569345555,407.9,338.68
2017-06-12,11,415.71,395.7392071512882,397.59323582166996,402.758209513223,397.0939849673211,402.1127233975985,414.48,341.66
2017-06-12,12,412.73,404.97223337924896,405.14581914438367,408.4425042282234,404.7870087236448,406.7260065677811,418.72,350.21
2017-06-12,13,410.68,403.8137746981163,406.05422342746783,408.4591410564139,404.97999465332055,407.5019474677439,416.89,352.83
2017-06-12,14,416.64,406.8180667109236,407.0798191304947,408.6228988736909,405.03845805526987,408.39890013738506,418.31,353.15
2017-06-12,15,409.87,404.00305431826763,406.09670039296,408.418016092487,404.97999465332055,407.24104476561035,417.24,351.67
2017-06-12,16,405.45,402.6479640666994,406.4106256822162,404.5430160169762,406.30864158009166,403.92768264772764,413.5,347.74
2017-06-12,17,391.69,409.4886383417325,413.20215094203473,409.9719618905135,411.03661837799206,396.06038180655196,398.72,347.62
2017-06-12,18,378.2,399.0162181673173,400.21674274382343,401.7644364334628,404.73661774003074,375.70653393874306,387.56,344.22
2017-06-12,19,367.11,387.1909325321141,389.84849133636277,387.12042086883474,391.92240569439303,368.77543143304445,378.9,340.17
2017-06-12,20,365.18,393.1791174237915,394.92520303915956,395.7938752727694,401.7217751148084,367.10732094692634,384.19,336.44
2017-06-12,21,359.83,379.3712612695225,382.9441232994639,379.42106789387947,385.0740719026134,359.3622270465157,372.82,335.32
2017-06-12,22,342.02,356.19804935179053,358.49129451691215,356.9279418645136,358.69623775908804,349.69096775485133,356.07,333.09
2017-06-12,23,339.56,351.9428488190102,353.8848573661245,352.3462587183646,354.61104296983376,344.9013971586339,349.84,333.59
2017-06-13,0,349.26,342.2481334692875,343.9656690751772,343.5260589406509,343.9689219743219,340.66754898977405,349.85,331.25
2017-06-13,1,348.63,340.53173464757015,341.2948024282592,340.82753099290557,341.83288602005825,337.23236823160494,343.83,330.3
2017-06-13,2,342.08,339.9689395645011,340.9169682374502,340.8157250900725,341.8299280702637,337.0447987584361,344.18,328.65
2017-06-13,3,344.57,336.17122629872017,336.7071380029441,336.0451338595517,336.1610313282895,335.49157288609274,338.37,328.15
2017-06-13,4,347.04,348.91473962331895,347.9740344604916,346.7191233198423,347.8610882619397,340.5350824621629,342.77,343.04
2017-06-13,5,350.39,355.8029079699674,354.6309284703004,354.16935702280193,355.22602891157175,346.73700001013134,352.04,345.52
2017-06-13,6,360.16,358.4155249902285,356.7445551576098,356.8504296428373,357.95890583451046,350.68497861902523,354.58,346.01
2017-06-13,7,361.84,361.32502455973025,360.792330462726,360.7023015719959,360.93930066041645,355.52865708419966,357.9,348.22
2017-06-13,8,369.18,374.07092975062716,374.3796535370377,376.24481212710225,376.1819543233718,377.4340912608629,366.19,363.96
2017-06-13,9,379.6,388.7302992588848,387.50404790942997,387.8705015718382,388.4097513818161,388.5372597928418,381.41,379.26
2017-06-13,10,397.59,411.23237081317734,410.59255429010796,408.00117157656393,408.1890922500834,406.10986152214673,410.69,405.73
2017-06-13,11,404.12,417.04864648095287,416.86998695768506,415.9510664159917,417.96393237417607,412.55357948418805,417.48,415.71
2017-06-13,12,397.37,418.38625272781076,418.5829304960319,418.5622382595482,419.34896819613004,415.2617125644204,420.27,412.73
2017-06-13,13,401.6,418.6025432932789,419.1681273111875,418.83308655286646,419.4246238035446,415.46185706948165,418.34,410.68
2017-06-13,14,400.1,420.16230627687276,419.7087082616274,420.37853430864055,420.2700273599142,418.56950938010243,423.73,416.64
2017-06-13,15,398.56,415.8283507328123,415.4275654396912,416.15157100252816,416.20136094731055,417.5726563000961,424.66,409.87
2017-06-13,16,406.04,412.27078587511124,411.335414811259,410.3502880214471,409.62948220440404,409.9547114165917,409.92,405.45
2017-06-13,17,395.25,397.62365126574525,398.00745568251534,396.39983005400256,397.01320278709045,402.9006768136875,401.38,391.69
2017-06-13,18,383.7,385.77910650220497,385.49754022609034,386.72626251726905,387.8241373858413,382.60569642968574,394.61,378.2
2017-06-13,19,379.66,380.5119558790402,380.67109894637065,381.5029494768483,382.14868847342206,375.7264247801966,388.23,367.11
2017-06-13,20,376.31,376.42947903139776,376.52326333503265,376.88818862407635,377.51955254351304,369.52732932138565,381.27,365.18
2017-06-13,21,362.75,368.8055772651903,369.03558374150265,369.4758619985333,369.0667160989045,361.87252267171976,371.44,359.83
2017-06-13,22,348.81,352.3714191578987,353.97944954778944,352.3660970491095,352.56899396008805,351.2360515739901,356.96,342.02
2017-06-13,23,347.42,345.3227035102436,347.14498385070726,346.1613067519214,347.41415888836957,347.7188276274994,354.95,339.56
2017-06-14,0,348.25,353.1119592565681,352.73925279524184,351.92487447609096,352.02086182118137,347.726465493167,349.07,349.26
2017-06-14,1,348.19,352.0346883103383,351.4701363730376,351.6503227560262,351.6219885020727,346.1681567252308,347.81,348.63
2017-06-14,2,342.33,350.30204026514616,350.1730628456373,349.8032139227416,349.70801074164916,345.45258209469614,348.29,342.08
2017-06-14,3,345.08,350.95436503157464,350.83350641688844,351.0084182722649,350.01818235397553,345.42164761146876,345.51,344.57
2017-06-14,4,351.17,355.280397126065,354.0761840168846,354.678471818879,353.2278965797937,347.865465850814,346.97,347.04
2017-06-14,5,355.91,359.4742437976653,358.1047623685363,359.79829991128344,358.36548127431854,353.7551964636166,355.17,350.39
2017-06-14,6,360.74,368.2541792865051,366.76368436250516,369.4128395360229,367.75299659307694,359.46401988331576,359.44,360.16
2017-06-14,7,369.84,369.7873034285944,368.0433853979462,370.5789789508356,369.70399706791517,363.2709003714912,360.24,361.84
2017-06-14,8,382.57,384.9260232562835,380.98880698890343,380.9637667713279,381.3000627671137,388.69209143600466,380.0,369.18
2017-06-14,9,396.57,392.9570425624525,389.5104440102032,391.37256556435375,389.37835028943624,399.109999289784,394.93,379.6
2017-06-14,10,418.25,404.2137125937312,401.23863332750295,401.88641966926355,399.4439117448979,409.83045321069096,409.07,397.59
2017-06-14,11,422.57,407.9458238768686,405.9933683303813,405.225330231916,405.9339512134149,415.7732308505118,415.61,404.12
2017-06-14,12,426.02,408.5314688702073,405.93884450611563,404.09499346270235,404.24919204635177,417.60253195168826,417.27,397.37
2017-06-14,13,422.0,410.3587672264657,407.27840991631575,405.12553986502655,406.12068311335037,422.7129142947785,426.12,401.6
2017-06-14,14,421.33,410.39973382458976,407.2421272913392,404.9729286529186,404.3794085329675,421.97016274575776,423.82,400.1
2017-06-14,15,419.57,410.39973382458976,407.2421272913392,404.9729286529186,404.3794085329675,421.8106469609947,425.32,398.56
2017-06-14,16,419.75,409.20055399727266,405.05177773978306,401.36819079664133,405.0844569703461,419.04025786495936,419.49,406.04
2017-06-14,17,411.44,404.6911042424715,401.4139370937669,399.0718445211976,399.25363827087693,410.2594206535482,405.58,395.25
2017-06-14,18,394.43,391.6638222557139,389.90760435228987,389.99599378337086,392.1060742416442,389.68102177793764,397.66,383.7
2017-06-14,19,387.79,389.938551107555,388.9756843423803,388.7932042066101,390.05734429178756,385.75060368590255,396.76,379.66
2017-06-14,20,385.76,382.12420932681806,381.4167685963831,381.5662967341126,382.81246829207475,377.4962441565751,384.92,376.31
2017-06-14,21,371.37,370.4239642369958,369.24336121378076,367.11530328213246,368.52846320112934,366.65029048937373,369.34,362.75
2017-06-14,22,355.02,353.5758497449975,353.4461582652348,351.8913401379389,352.6303687760482,355.9494484397614,353.52,348.81
2017-06-14,23,350.88,350.98972852114406,351.69565518878534,349.91166040564923,351.1131347554991,351.813809979299,349.59,347.42
2017-06-15,0,349.09,351.13421251288503,349.9323760139718,349.8472839262376,350.5285637130603,348.3317132530873,348.39,348.25
2017-06-15,1,349.07,352.3341629171928,352.17410999697637,352.0482197984604,352.2180952216701,348.15248119127466,350.49,348.19
2017-06-15,2,351.25,348.88874751437834,348.2835589427677,348.2821134235562,347.82334115873294,344.08738334332145,342.07,342.33
2017-06-15,3,348.24,347.42338009567135,346.8264498257444,347.7386450708273,346.5123050059082,343.8455917280745,338.64,345.08
2017-06-15,4,351.21,356.3295479954903,353.69755325922057,354.75420861482314,353.88362931176516,348.5176477594685,344.74,351.17
2017-06-15,5,364.74,360.87969562383233,358.880757985711,360.05062695513334,361.28316836838775,353.72096405480715,350.73,355.91
2017-06-15,6,370.22,365.0021501328783,362.90689926754766,364.4328016579594,365.0046038918297,357.2798322903841,350.94,360.74
2017-06-15,7,373.55,373.68304720484315,372.1938876052213,372.4686334353628,372.63176742586035,364.1202530805807,357.33,369.84
2017-06-15,8,383.36,385.6937038547723,382.25505009264833,385.6448298739763,384.9810586360928,385.81708290179546,367.01,382.57
2017-06-15,9,401.55,399.7621806459372,396.8929631901845,400.478773932554,398.06869609181234,398.11061954515066,385.72,396.57
2017-06-15,10,419.81,417.96337874618666,414.5517908853214,413.971950832598,414.32612603124164,414.7862123330144,414.16,418.25
2017-06-15,11,421.85,419.19909309021847,416.3961986899935,415.2407396396681,417.0308723547485,417.34767333005937,412.66,422.57
2017-06-15,12,425.0,421.9171847301497,418.200889538199,418.31665999599255,420.87256218073435,418.9646262495494,410.7,426.02
2017-06-15,13,430.86,421.5902890741921,418.6210595171507,417.81798332337564,419.22130949071925,421.2082058392045,414.68,422.0
2017-06-15,14,431.06,422.081488816781,418.7130423968892,417.1471344298889,419.0050480593755,420.3117271757864,411.76,421.33
2017-06-15,15,432.34,421.78764140133285,418.48467848097465,417.9230371177707,419.59319621613855,419.2190508556381,410.94,419.57
2017-06-15,16,423.47,418.9007445981695,415.0864059514637,416.1942737050991,418.7187637775594,416.1119268438192,406.48,419.75
2017-06-15,17,415.01,411.0577782690648,408.6532651933144,409.5733928060979,410.19624703610623,409.2889783682076,396.89,411.44
2017-06-15,18,404.88,391.2873504220095,389.03238912539956,391.57405404138575,393.42377457093295,387.4192529038273,386.12,394.43
2017-06-15,19,397.98,386.25547278431105,385.13391345794895,385.6120445910383,387.3668217221738,381.2429191693902,380.2,387.79
2017-06-15,20,390.57,384.2551679407327,382.78997170861174,384.1566435020041,385.7098894459298,377.434160173998,379.44,385.76
2017-06-15,21,379.79,372.48690514344594,371.5717192379344,371.1699306199933,371.949714683528,366.954574664148,365.04,371.37
2017-06-15,22,368.36,354.57863364611296,354.3515945022538,353.94503213831774,355.562694240251,357.24099421150015,352.48,355.02
2017-06-15,23,365.65,349.58178106845435,350.147717400532,349.0168748217844,350.857442912398,352.839771306422,348.67,350.88
2017-06-16,0,362.04,349.1250453134097,348.8955039009911,347.54535106603777,349.2911101943549,353.5666479961388,342.31,349.09
2017-06-16,1,361.39,345.9263114887894,346.17735387185564,345.44530692365095,347.0314751321262,352.0149936209394,340.82,349.07
2017-06-16,2,356.94,348.2530340091141,347.0478332923127,346.65279637071654,348.4350940572142,352.0897362771472,340.63,351.25
2017-06-16,3,353.32,347.30809321685973,347.14083291478227,346.46403297280756,347.28022179144705,352.39376953644836,340.34,348.24
2017-06-16,4,360.36,353.69275445760314,352.5758882197546,352.13125154829896,353.4661074866346,355.10444505195335,342.3,351.21
2017-06-16,5,362.36,362.27098831605133,362.9080987990116,362.48529715624875,364.87108951726617,362.646033738611,351.65,364.74
2017-06-16,6,370.2,365.8425026722519,366.83729215990627,365.2383247123939,368.11462105078624,366.1900606809388,351.62,370.22
2017-06-16,7,377.54,367.7126202643139,368.7392938397611,366.9576323138791,368.7764743243425,371.588085072058,356.04,373.55
2017-06-16,8,387.67,382.7853384582449,381.6111950314166,381.23829579267624,383.0770869861451,394.26818998987574,370.24,383.36
2017-06-16,9,401.81,395.5167093477094,395.1371782835346,394.68245486319444,395.39862668445505,405.19510374918116,384.16,401.55
2017-06-16,10,421.93,410.84000107969473,410.9100882703574,407.52854790111655,408.4976802788277,419.5755520968571,407.73,419.81
2017-06-16,11,428.44,412.8318929905941,414.0709046875262,411.46121975341055,412.9491201711926,423.347196240003,410.08,421.85
2017-06-16,12,424.72,413.4935191139176,414.949103627236,410.6442610387742,412.4676952864803,425.14564996434484,408.71,425.0
2017-06-16,13,428.32,414.1278803842662,414.631848266624,410.6442610387742,413.0431343851561,426.94301394678985,408.56,430.86
2017-06-16,14,423.62,414.1524339583487,414.27693467423137,410.3393880789417,412.9068469302569,426.50572425766165,406.59,431.06
2017-06-16,15,428.21,414.1524339583487,414.27693467423137,410.3393880789417,412.9068469302569,425.5875917721958,405.32,432.34
2017-06-16,16,424.86,411.6366526236311,410.84282544444756,407.74004286519767,410.00451860256976,422.6114428801898,403.97,423.47
2017-06-16,17,408.73,400.4511229185984,400.2326792665178,398.01594332758236,400.1073857227501,413.97954063600054,389.76,415.01
2017-06-16,18,396.17,387.02780583215196,386.17541766345687,382.9959186666894,385.8777186239279,394.27083302189294,381.41,404.88
2017-06-16,19,389.5,382.78427168727535,381.60459416160563,380.2339863472148,382.9478232550977,388.3400167165458,376.2,397.98
2017-06-16,20,385.08,379.5436854782155,379.17316866271796,377.3510649489999,380.50396157312025,385.3916869822655,379.29,390.57
2017-06-16,21,372.47,369.62848428872064,369.3768913365354,366.87310881297725,368.62935453920556,375.1504945408345,364.39,379.79
2017-06-16,22,360.38,355.0831558193717,356.7054249317438,353.5561603551027,356.1248846421255,363.42582872215075,345.11,368.36
2017-06-16,23,353.09,353.8559195184317,355.304073492175,352.5147065356412,355.1062536592697,360.0969439211446,343.61,365.65
2017-06-17,0,351.08,349.09022700669993,349.1447885408584,348.4747736186371,350.2258262540171,343.79607775189476,340.54,362.04
2017-06-17,1,352.36,349.00868580928903,349.3922877509847,349.2224047515983,350.17917842795816,340.6595909891747,335.13,361.39
2017-06-17,2,353.22,348.60967595519196,349.2164753269366,348.8753377806572,349.4083993850245,341.4561020866541,338.81,356.94
2017-06-17,3,349.41,349.02402776835436,349.43224742324327,348.4231255597935,348.9650126752205,340.7644647163515,336.12,353.32
2017-06-17,4,347.77,351.5882542636384,351.50354502555405,352.5447085640487,353.81018269918764,342.77773744688807,335.03,360.36
2017-06-17,5,348.53,346.37176686218226,347.20261707163274,348.39630799500014,351.21826073935165,344.2073718668439,332.08,362.36
2017-06-17,6,350.82,353.3108736881356,353.24270067671154,354.65738189438906,356.57288729238115,349.54597695444755,335.97,370.2
2017-06-17,7,347.56,349.941864749335,350.9280876253435,351.7729743622655,354.27690647736483,352.8392058948907,333.73,377.54
2017-06-17,8,358.6,359.1270773774921,360.2673734704312,360.4597954281034,361.08253701944767,361.42697260935375,343.9,387.67
2017-06-17,9,364.64,363.49635028689585,364.2501341177277,364.31657783369474,365.94600002179965,368.44714161048796,348.96,401.81
2017-06-17,10,371.17,361.0037540011231,362.00902985516103,361.2803806386677,362.57569193893164,373.0091173968768,346.59,421.93
2017-06-17,11,359.97,362.9105360815309,364.3341216147794,363.3979280802974,366.09599962201554,378.1564264799872,351.15,428.44
2017-06-17,12,345.78,366.90381758148584,368.6463655689212,365.89958676270857,367.9439384873018,381.987707565278,357.14,424.72
2017-06-17,13,350.38,367.5504136567014,368.61320211368746,365.89958676270857,368.01959409471647,383.5407546355403,357.06,428.32
2017-06-17,14,353.87,367.6283995586951,368.42229187388597,365.63094770803946,367.88330663981725,382.8582958959023,355.96,423.62
2017-06-17,15,351.92,366.3819822665224,366.9969526601633,364.4406352923438,367.38583252055827,382.4606485329077,355.04,428.21
2017-06-17,16,348.32,364.22959855827264,364.16575249203436,361.2667302153125,364.5290490997282,378.78856495904535,350.22,424.86
2017-06-17,17,346.5,359.443452739417,359.93379695314246,357.65442310361857,359.89215844342243,373.66901808043207,347.43,408.73
2017-06-17,18,343.32,359.5514683385213,360.27081686706805,357.7856574981653,359.8796859370544,368.99667908799887,346.2,396.17
2017-06-17,19,341.46,356.60354870975993,357.1881665043018,355.59206503834673,358.5473287745106,364.5247162246356,344.69,389.5
2017-06-17,20,339.75,355.6136808322214,355.90718631390126,354.19740241051574,357.99367181865074,360.71971449497124,344.65,385.08
2017-06-17,21,329.73,349.9988250357189,349.3170715430665,350.0384952728587,352.3375593201554,354.31995270258045,340.23,372.47
2017-06-17,22,326.28,347.53581442817966,348.26817569396655,346.8514954507234,348.0618909935908,349.5149031644951,339.03,360.38
2017-06-17,23,325.03,346.4620952986477,347.7363192370089,345.3191929591229,346.2421350102245,344.8670295444627,335.5,353.09
2017-06-18,0,322.96,326.24518984250955,323.2073676852518,327.56711971386204,329.80818430498704,323.0616071348228,333.55,351.08
2017-06-18,1,326.73,323.30145857465783,322.782215109128,321.4244193165123,327.89837658234524,322.58351351730346,334.41,352.36
2017-06-18,2,320.79,318.35105027350147,318.37815693547685,318.3525376636691,324.58161746709146,322.2159893681687,333.45,353.22
2017-06-18,3,320.73,315.3287406104464,315.27265729968127,315.3870619784736,323.0132984911791,321.75836692963463,331.41,349.41
2017-06-18,4,322.57,323.60282664145535,324.2098719705353,325.2841445467046,329.73138031206594,325.03993400089865,336.23,347.77
2017-06-18,5,321.9,323.77032370160305,324.3905987200971,323.558155319991,326.1599345829911,326.04370921074786,332.55,348.53
2017-06-18,6,321.02,326.6736014474983,327.15822753634006,329.052066051584,327.9447759295458,328.46743216799496,330.59,350.82
2017-06-18,7,321.95,330.05709081060326,331.02528610272356,332.04394337448355,332.9968657482879,331.901082672094,331.94,347.56
2017-06-18,8,324.96,332.5292102469591,333.39035865533424,333.72881078938144,334.65612874740646,337.26725887198285,333.51,358.6
2017-06-18,9,326.6,340.88966655924094,341.97377286153403,340.20156688239075,341.5227068543968,341.93810762265593,334.97,364.64
2017-06-18,10,334.42,343.4108571157554,345.04649279182473,342.74081497244646,343.9577196795702,347.2475976678497,338.68,371.17
2017-06-18,11,332.09,345.7498061856386,345.6272949532931,344.4769844365264,345.1110208478905,349.69410593848653,341.66,359.97
2017-06-18,12,342.43,352.60487487436575,352.6942275565291,353.85906051821235,353.32441623604035,353.2773356386912,350.21,345.78
2017-06-18,13,347.67,354.7993404998084,355.55685352984517,356.2653873362911,355.1412604995074,355.9861381897536,352.83,350.38
2017-06-18,14,348.58,355.69998568842254,356.3091982023261,357.2613606705874,356.0701438655511,356.81082170565674,353.15,353.87
2017-06-18,15,349.52,355.14244233229977,356.4126080874943,356.64610138728807,355.2795753157831,355.4220599163891,351.67,351.92
2017-06-18,16,350.77,353.4674973263938,353.74054266250914,354.2788640921592,351.13040003375534,352.0609779607238,347.74,348.32
2017-06-18,17,345.53,350.97652215778527,352.27004446052507,351.8147736023194,348.37943680697754,349.65556344590334,347.62,346.5
2017-06-18,18,342.42,349.4783009016844,349.631457590379,349.0760862237712,345.97048847333076,345.2468344399626,344.22,343.32
2017-06-18,19,336.51,344.55889224076304,342.50290423136624,344.4438322789719,341.1919925271645,340.35926381272077,340.17,341.46
2017-06-18,20,335.51,339.83697305796545,337.86529527864997,340.52590850028355,339.06244153330306,335.4483369854648,336.44,339.75
2017-06-18,21,332.83,334.02646723396407,331.70602392824696,334.86732642443366,334.971027420469,330.6335089778538,335.32,329.73
2017-06-18,22,332.67,322.63678807560126,319.5362474996893,324.17368587188344,321.8159153619738,326.4517041422513,333.09,326.28
2017-06-18,23,327.67,321.224552470387,318.55002583086736,322.27550111742397,321.72416708714763,324.07904032835313,333.59,325.03
2017-06-19,0,330.88,303.97353102206483,305.0099600303308,302.03243231883476,311.15117201688497,331.747563436694,331.25,322.96
2017-06-19,1,322.55,295.65423050772586,294.55678548308714,293.04152632473966,303.7580874378101,330.8699448720077,330.3,326.73
2017-06-19,2,321.55,291.89936536396607,291.32065368614934,289.39010653139434,301.20234506781793,329.44242981012826,328.65,320.79
2017-06-19,3,322.75,291.89936536396607,291.32065368614934,289.11903280312924,301.20234506781793,330.0277365984708,328.15,320.73
2017-06-19,4,339.08,315.43073064523116,311.12357401536127,314.14636492667137,320.9790660438354,337.6182560609199,343.04,322.57
2017-06-19,5,338.41,334.03376788102,337.20355867482533,337.0148703171452,335.029532314433,340.8392169243195,345.52,321.9
2017-06-19,6,342.32,339.12849034956474,339.8507588745792,343.9472790911325,337.22737636592365,343.8385248133735,346.01,321.02
2017-06-19,7,346.49,341.11993126477955,342.01570568816476,348.7620026932484,337.7314544612344,348.0968405179183,348.22,321.95
2017-06-19,8,360.25,360.284945963143,364.5567102754294,363.20957450389426,364.1658984338056,369.862070168666,363.96,324.96
2017-06-19,9,381.11,370.70862983267403,372.79279636769473,374.790390811157,374.1597233971426,379.3635231231641,379.26,326.6
2017-06-19,10,401.12,398.12451495606894,401.0364203373685,404.80029110283664,402.26161400937093,393.6217876791604,405.73,334.42
2017-06-19,11,411.41,409.6872206849332,410.361205206304,414.71628307163314,411.73225707570714,399.8124166559032,415.71,332.09
2017-06-19,12,409.51,419.0972108464166,417.7747107429668,421.67553054830154,415.79823571144914,401.8149850138915,412.73,342.43
2017-06-19,13,415.3,420.37459629641154,421.4321780912006,420.4808853727032,415.7666290576393,402.7853072638637,410.68,347.67
2017-06-19,14,416.5,423.1405819905573,422.8301475741888,424.97247625573533,419.0059631349226,405.48079139856236,416.64,348.58
2017-06-19,15,427.8,420.4306818079122,422.05251966543943,420.5989700886407,415.7666290576393,402.38000993051594,409.87,349.52
2017-06-19,16,418.84,418.256317209033,417.07367089018317,417.0469247977338,413.00304450939456,399.39546766268677,405.45,350.77
2017-06-19,17,400.65,401.6444440796145,402.5650542829201,405.2142848179603,398.3928696599329,391.30909134112744,391.69,345.53
2017-06-19,18,391.99,385.8071605691362,382.92645871181264,383.15830861003644,380.25027702975285,371.1388074540915,378.2,342.42
2017-06-19,19,388.5,376.3077788599448,375.18780076803586,372.04630881174506,370.21036375403605,363.0527701895545,367.11,336.51
2017-06-19,20,383.23,371.5845037191504,371.48789893651735,367.4442853227885,367.57588479097046,358.92449680373187,365.18,335.51
2017-06-19,21,366.59,362.13089928242846,362.813165929027,360.9866180065249,361.00065321234183,353.3419264768215,359.83,332.83
2017-06-19,22,354.26,347.0645098967926,347.99935549925084,344.72924058737044,347.9076572068048,343.52732000714644,342.02,332.67
2017-06-19,23,348.76,335.1080662891162,336.32388928212333,332.0027670334235,332.7052988206801,339.575573068032,339.56,327.67
2017-06-20,0,354.47,347.11476591988657,348.5845669321023,347.94704403793423,345.58972415183314,349.24640764049855,349.26,330.88
2017-06-20,1,345.29,345.845052299847,346.31838024274737,346.85481515229617,344.20561171152167,347.0805041991569,348.63,322.55
2017-06-20,2,342.01,344.8418023727876,343.6545877962331,344.3486291135592,341.8440589927508,344.35000633025624,342.08,321.55
2017-06-20,3,339.87,346.2604997004998,345.8467270914416,345.9604360402227,343.7369212932445,346.24942676292915,344.57,322.75
2017-06-20,4,346.67,350.5097910416222,349.9552266226572,348.8983897467115,347.52924350967845,350.74841309295687,347.04,339.08
2017-06-20,5,355.1,353.3472108949655,353.00917735626217,352.51793381792925,351.04390569427886,354.3103990135104,350.39,338.41
2017-06-20,6,355.62,363.601465138876,363.9976479345757,366.0588278767422,363.56022658079445,361.4641646628467,360.16,342.32
2017-06-20,7,365.8,366.2930304334583,366.1773192440253,368.0599846580532,364.9753214692187,365.89719012868835,361.84,346.49
2017-06-20,8,377.25,377.7209918055551,377.12348427702983,378.52354020098574,377.3919452889339,385.24451395142967,369.18,360.25
2017-06-20,9,395.2,390.31916842300996,389.20352520214834,390.49753293662445,390.5703042454507,395.1128837864099,379.6,381.11
2017-06-20,10,434.0,409.29276816122314,408.4244095882469,408.12469964512354,409.1500362838439,407.5162769970903,397.59,401.12
2017-06-20,11,444.46,419.6168993665018,417.8307300890238,417.52882537825434,419.2667693577671,413.8465697495326,404.12,411.41
2017-06-20,12,443.18,418.2169597594426,416.54462436434227,415.9199244731958,417.23722438534634,412.9389936974323,397.37,409.51
2017-06-20,13,441.92,421.02969080672733,420.38648243323087,419.6403521127264,420.60269721411504,416.391250009295,401.6,415.3
2017-06-20,14,436.92,418.59023148523767,417.7593872361687,417.41489151122636,418.57988410077843,416.224573387746,400.1,416.5
2017-06-20,15,433.9,424.3366089672133,423.0745539666839,423.0533621261086,425.09577515490446,416.3562846581382,398.56,427.8
2017-06-20,16,430.69,419.03508117115655,417.18582971178586,417.9579282730455,418.1960108019218,416.76577344069136,406.04,418.84
2017-06-20,17,416.44,402.0877080540473,402.1655941392658,402.4944462591046,401.86386627139984,408.2997838093516,395.25,400.65
2017-06-20,18,397.93,392.1543445221196,391.8176202145341,392.6308331254803,392.4672187865517,388.6546347770141,383.7,391.99
2017-06-20,19,390.58,388.59745535462406,389.1234300403716,388.57551124388016,387.2126248992443,383.5816705683195,379.66,388.5
2017-06-20,20,385.0,385.38347332732263,385.11714314175384,385.5305251667592,383.8577943998559,378.4062607411204,376.31,383.23
2017-06-20,21,374.84,369.5713506649998,369.717333741499,369.414566591901,366.9483240521041,368.0128136232514,362.75,366.59
2017-06-20,22,365.65,355.56960018568304,355.28737455725,355.8155370575309,353.3297200064149,358.2723949920971,348.81,354.26
2017-06-20,23,353.61,350.5845264936567,349.9337738061733,350.19830304064396,347.97198898807005,354.6866004427025,347.42,348.76
2017-06-21,0,352.18,355.2301754672813,354.9426180809649,354.8284446449036,353.1631721969688,357.5430736538906,348.25,354.47
2017-06-21,1,349.75,349.1763669022184,349.58110459905106,348.92977411193135,347.9507242617789,355.50552145758655,348.19,345.29
2017-06-21,2,351.77,348.54945895530903,349.2035956865468,348.8036189030888,347.1666430686204,352.78098305213064,342.33,342.01
2017-06-21,3,347.85,347.5156881303062,349.0755548625605,347.8419794835086,345.7145518761549,354.39427964359163,345.08,339.87
2017-06-21,4,352.0,354.26808670014515,355.2182208598034,354.8883869290771,353.0653939763608,359.17686862214754,351.17,346.67
2017-06-21,5,364.6,362.0946483486231,362.98172034963216,362.66696487523666,360.3240001747413,364.3503089047164,355.91,355.1
2017-06-21,6,362.53,364.16619217448795,366.3113496901807,366.21047029698155,364.284274982449,369.19554626381773,360.74,355.62
2017-06-21,7,369.67,374.369414237312,376.1783622917934,374.99507696799895,372.93838948127313,377.2045958350722,369.84,365.8
2017-06-21,8,384.64,387.3688626944608,388.5652596457633,386.4813542566631,385.8811411724107,398.0724723845324,382.57,377.25
2017-06-21,9,400.27,400.0270484229543,400.97746636614283,400.9847181117035,398.492612784433,408.97822928612345,396.57,395.2
2017-06-21,10,421.43,430.1913792858203,431.1635233411656,430.1736417555183,430.86178322298764,425.0134901846318,418.25,434.0
2017-06-21,11,429.41,434.602954411425,435.9553644005226,434.0097963887314,435.6726292401038,430.50164347728196,422.57,444.46
2017-06-21,12,441.93,438.4304942318559,439.3288238847818,436.4477617029189,437.72538455717154,433.60422880755164,426.02,443.18
2017-06-21,13,449.49,438.56492453158,439.60522506410257,436.4477617029189,437.8010401645861,433.02811347204744,422.0,441.92
2017-06-21,14,455.88,438.17215726811037,439.36377645331316,436.3658437885529,437.5619714513724,432.44554746472346,421.33,436.92
2017-06-21,15,457.62,436.3631539059603,437.43002587710913,434.78562966104164,435.67859978790773,430.8008270622051,419.57,433.9
2017-06-21,16,442.25,428.6599080899352,429.05696886570877,425.73390231607027,426.14636583538606,429.0585907914133,419.75,430.69
2017-06-21,17,426.68,414.52509488938034,416.5199758328354,416.4510655874429,413.6722177595287,422.0123673734195,411.44,416.44
2017-06-21,18,422.62,397.03910660704804,398.30924924608604,398.63341440837604,396.5737311566009,399.38464866949994,394.43,397.93
2017-06-21,19,419.76,389.78422575557704,392.3840003494255,392.12421274160516,389.92691135729024,392.85290754842816,387.79,390.58
2017-06-21,20,410.95,386.0598657695997,388.11233179709455,388.19698955495426,385.87059191315547,388.15461673801235,385.76,385.0
2017-06-21,21,394.18,374.6419216122132,376.8642409144788,377.314861367832,373.8893196212443,378.20749298064896,371.37,374.84
2017-06-21,22,367.53,361.0120697022051,363.06935771003623,362.874363477967,360.0593274962804,367.9107510557916,355.02,365.65
2017-06-21,23,359.34,352.18493068984935,353.98493537395575,353.75430301210224,351.72706883120946,362.4991388770889,350.88,353.61
2017-06-22,0,354.83,352.5814603131552,352.35690606188416,353.05470836993743,352.9865522291667,361.9492203366338,349.09,352.18
2017-06-22,1,354.86,350.88785474267695,351.09088657653655,350.96565519299685,349.21021635696115,360.72194563723554,349.07,349.75
2017-06-22,2,354.3,353.341251413387,353.24713077736595,352.9635192359978,351.0705997113443,361.7312354411489,351.25,351.77
2017-06-22,3,349.59,351.30199028229424,350.57058570334885,350.6797586528517,348.14521334894397,360.90768798083883,348.24,347.85
2017-06-22,4,373.86,355.8343611876016,356.1730907355449,354.8138824274054,353.427369549703,364.17204839431525,351.21,352.0
2017-06-22,5,383.84,370.47064018069426,370.88180514527,369.2027388142625,366.9097806361497,373.236136526166,364.74,364.6
2017-06-22,6,384.16,371.963891117905,372.5592166580305,370.3426080003746,370.1397791795922,378.0280882671129,370.22,362.53
2017-06-22,7,392.01,377.7041332107094,378.232189606996,376.4780131140041,376.96733751604955,383.44765694935484,373.55,369.67
2017-06-22,8,404.52,389.8823231552873,389.5757726405319,387.9244023727637,389.37812989218304,403.58023652954637,383.36,384.64
2017-06-22,9,417.74,409.6502510829469,410.0068237966088,408.8905801464647,409.92610822229454,415.83325952290267,401.55,400.27
2017-06-22,10,441.65,426.7816276470135,427.0015077314378,425.03788717686854,427.2139298275866,428.46963855985854,419.81,421.43
2017-06-22,11,450.99,433.5784562566219,434.98485849845247,430.7488523941566,433.7347604554751,432.7836181047077,421.85,429.41
2017-06-22,12,449.96,440.7749212575313,442.4084994186012,439.63513520224865,443.64626691403447,437.39345285766126,425.0,441.93
2017-06-22,13,457.75,441.2849348142316,442.4086901188222,439.99991151494316,444.02993487363307,441.67597619305093,430.86,449.49
2017-06-22,14,453.45,441.0435772764586,441.99391682241964,439.92256383918345,443.7874448942037,442.7696432630829,431.06,455.88
2017-06-22,15,450.55,440.86320871396236,441.8397788843013,439.92256383918345,443.7874448942037,442.8603887486093,432.34,457.62
2017-06-22,16,441.03,436.25739143697024,436.7327665120343,436.12271953864064,439.5547230784202,436.1866472066174,423.47,442.25
2017-06-22,17,433.52,419.6499499553858,420.8957358875851,419.3036764332081,419.0764521384456,428.926875036059,415.01,426.68
2017-06-22,18,418.48,411.41405312881255,411.30757212235795,411.7624368168639,411.2230346116243,410.6803081733315,404.88,422.62
2017-06-22,19,408.49,405.0951320345497,405.79320451094725,404.9268240458827,403.51410056432127,404.5764086860369,397.98,419.76
2017-06-22,20,407.53,399.3132442436698,401.2507561113555,399.9910422646894,397.773953224846,397.4174040352756,390.57,410.95
2017-06-22,21,395.16,383.86230311578026,385.1628743247591,387.2739987895685,384.0879579925182,388.0890860404612,379.79,394.18
2017-06-22,22,368.9,367.61637320774474,368.15927624313326,368.1805203012424,366.06091857018237,377.64122380082824,368.36,367.53
2017-06-22,23,358.7,361.8058341453576,363.3338089567591,363.20261415071025,361.46431298631956,373.2362317690048,365.65,359.34
2017-06-23,0,353.19,358.5879768118703,358.20329752853144,359.0465017702993,357.4188460732642,366.5594163790976,362.04,354.83
2017-06-23,1,352.88,359.2895624371505,359.2483468316305,359.4340422851061,356.6858558978662,365.3680364373316,361.39,354.86
2017-06-23,2,348.04,356.72778756744424,356.72880377883155,356.5031542927741,353.8032802784983,363.5001908873834,356.94,354.3
2017-06-23,3,346.1,353.03947512275147,352.6291716549403,353.430457444769,349.9910837580401,362.3398291622483,353.32,349.59
2017-06-23,4,361.88,367.6840128122123,370.0935296085633,368.90720376168736,366.14022164801906,369.5397792563138,360.36,373.86
2017-06-23,5,381.1,370.40775835753664,371.54267829336436,370.56783076521015,368.06613992129013,373.83222805502294,362.36,383.84
2017-06-23,6,380.67,377.3313889517045,378.3830777362267,377.085899618673,374.40039316614326,379.8168952391061,370.2,384.16
2017-06-23,7,381.64,381.25442309004103,383.1812312099399,381.48018978309335,378.2514013141743,386.8722834292849,377.54,392.01
2017-06-23,8,400.39,394.27467829679534,394.91582358033315,392.78587996274837,391.2799300076333,407.20523869477177,387.67,404.52
2017-06-23,9,411.65,408.6431461135066,409.5673015063876,408.91349540600186,405.1256848392883,417.61431750276296,401.81,417.74
2017-06-23,10,435.24,430.82900855955876,431.52977151139976,429.7532604533599,427.9211369645584,431.3016110270016,421.93,441.65
2017-06-23,11,443.06,432.77384280768814,433.49083745340266,431.9993394236172,430.6495284442204,437.51373436364554,428.44,450.99
2017-06-23,12,441.57,433.44920423528623,433.97746333965017,431.73249841037847,432.32379954698723,437.8819109510862,424.72,449.96
2017-06-23,13,449.24,434.05701961361336,433.91460519756157,432.097274723073,432.70746750658594,441.32728558410827,428.32,457.75
2017-06-23,14,445.37,432.88820326534716,432.8964582337452,431.4111022281265,431.69670818649223,439.27710030801643,423.62,453.45
2017-06-23,15,442.67,433.64906175245244,433.2377043716787,431.775878540821,432.0803761460908,440.1100147626604,428.21,450.55
2017-06-23,16,431.65,428.3402624244225,426.922017886586,425.98075310517754,426.4047559042367,436.26571655704123,424.86,441.03
2017-06-23,17,417.78,404.76196947521373,406.21089688774924,406.61456296225214,404.2073737330115,426.9916034268782,408.73,433.52
2017-06-23,18,408.38,389.9461000091613,391.03733054030357,391.11134260368635,388.35315999724145,406.15222362369815,396.17,418.48
2017-06-23,19,403.27,385.81755443406684,386.4853040129826,386.3183212344173,384.1614689749736,399.2970023495733,389.5,408.49
2017-06-23,20,401.26,384.7109032376887,386.4786833233135,385.85460929888944,384.3241158651897,394.2143340596983,385.08,407.53
2017-06-23,21,383.6,376.95386095125673,377.61699816671955,377.874554606308,375.05475025423516,384.68987839500545,372.47,395.16
2017-06-23,22,359.1,363.0273642380462,363.7200273358506,364.76702868933245,362.93121145952284,374.0247119819007,360.38,368.9
2017-06-23,23,348.31,352.41352984961276,352.63252791145106,355.1494070055108,352.900040073458,367.6025462538746,353.09,358.7
2017-06-24,0,344.27,353.17494806389425,351.7339326669072,352.7809857658656,349.8101559754988,350.57724704357986,351.08,353.19
2017-06-24,1,346.73,352.1214277904346,350.86341276117884,351.73482902609226,349.51236734977795,350.08884811467817,352.36,352.88
2017-06-24,2,342.64,350.258842807751,349.05639111717664,350.9887564214295,348.87565346801637,349.7679098070429,353.22,348.04
2017-06-24,3,339.05,349.02091842675674,348.13710959748306,349.2166315159509,347.5699237561754,348.85721051639257,349.41,346.1
2017-06-24,4,352.71,356.40426177361513,355.5013530177697,355.50697685442907,354.58990848188273,351.6987974757412,347.77,361.88
2017-06-24,5,348.29,357.8248924197688,357.13655404658743,358.3185975966243,357.21185670720195,356.59755477850626,348.53,381.1
2017-06-24,6,353.1,360.5730094109882,360.12070587351934,361.0106280832263,360.33913793839173,360.34690497599996,350.82,380.67
2017-06-24,7,358.98,359.1500046263626,359.10610927659883,359.710226212044,357.4809751554639,362.49336842433013,347.56,381.64
2017-06-24,8,366.14,364.7951196610452,365.43263418820936,367.10109343397824,365.12099957890564,372.4240011258606,358.6,400.39
2017-06-24,9,377.06,367.0003815385535,367.7524333257305,367.92874960899417,365.7006620999694,379.4717072219114,364.64,411.65
2017-06-24,10,381.96,371.8299761033398,373.00873779977104,372.103643683329,371.49858426760545,387.86785441472176,371.17,435.24
2017-06-24,11,378.54,365.61505085619547,367.359418795851,367.7264353295248,365.8086645293859,387.05457183036367,359.97,443.06
2017-06-24,12,383.18,362.4808213700392,363.22043694221026,363.64163589765633,359.04383431980335,383.322566420263,345.78,441.57
2017-06-24,13,383.86,365.4016470474751,366.7270488034142,365.72371342365153,362.1168664092666,387.14408588203406,350.38,449.24
2017-06-24,14,387.46,366.58551881082184,367.00595327945297,366.79299336831895,363.1978403845861,388.3154440432775,353.87,445.37
2017-06-24,15,382.11,366.58551881082184,366.82166750244403,366.429784191041,362.9297520614867,386.6451698737223,351.92,442.67
2017-06-24,16,375.32,361.25072236125436,361.1691201866606,361.034880203078,355.8837874218177,382.52981726684993,348.32,431.65
2017-06-24,17,371.87,359.7661742555965,359.22356800545066,360.23039844500323,355.1514504825828,378.0434420023511,346.5,417.78
2017-06-24,18,364.84,359.0598870175817,358.89230486793645,359.3853915300111,354.4874925748631,372.98601719335477,343.32,408.38
2017-06-24,19,363.2,351.8725341360578,351.9016588257513,354.39606351179856,349.9461858383945,368.5649511316492,341.46,403.27
2017-06-24,20,360.59,350.5628627343837,350.9817446770628,353.7130797773579,349.8037710630348,364.40554677821035,339.75,401.26
2017-06-24,21,352.28,342.88223756434286,340.6189050871097,343.3187552252515,341.3728635281158,355.2582316720392,329.73,383.6
2017-06-24,22,340.56,338.7608428773183,336.96666988224155,340.52112135284494,337.8444329517762,348.13911361667266,326.28,359.1
2017-06-24,23,333.76,337.17404015158485,336.1944143734432,339.97125726241177,338.02765851952023,343.9803984750963,325.03,348.31
2017-06-25,0,340.14,332.23048240563963,330.1931614783585,332.69267497286245,333.6279565308465,329.6287553262237,322.96,344.27
2017-06-25,1,338.9,329.85620012387477,329.518059844989,330.0634776284793,333.3555238703185,330.43723218992665,326.73,346.73
2017-06-25,2,338.51,328.9970350743927,327.620235796718,329.7415926531496,333.36418636587297,327.58179536268256,320.79,342.64
2017-06-25,3,340.95,322.44323136748255,320.01512608860884,324.29601141916726,326.0431069700908,327.93364369108167,320.73,339.05
2017-06-25,4,349.28,332.4807639434715,332.40898842422143,334.18304226286034,336.96373743562305,331.87658078773757,322.57,352.71
2017-06-25,5,353.51,334.22356062473995,335.165586068324,336.5991128207184,338.90834623733895,333.4435986898958,321.9,348.29
2017-06-25,6,350.62,338.00229722042013,337.7612406819884,340.065037524655,341.58238532080514,336.58448753178203,321.02,353.1
2017-06-25,7,354.7,339.86178204779395,339.22291625106186,340.39312126821136,342.18027050204677,340.9282595067675,321.95,358.98
2017-06-25,8,362.95,341.2566303268133,341.17222363008443,341.99557169175995,342.73270151714024,346.38626870792314,324.96,366.14
2017-06-25,9,362.08,344.01214202245757,342.8704231430995,343.9022767326379,344.1706787942704,351.6873262159066,326.6,377.06
2017-06-25,10,377.03,348.8334900966441,349.1957863560902,347.83819515438717,348.3892023787792,358.37689804502827,334.42,381.96
2017-06-25,11,372.31,346.53053812003907,346.8728834595749,345.29620002309963,347.9306736318318,359.6643970198142,332.09,378.54
2017-06-25,12,379.25,355.21290208116216,355.769465548393,355.3747519592475,353.94082036569665,366.13345058383584,342.43,383.18
2017-06-25,13,385.02,356.8546136137184,357.3238381508621,355.7536995403497,354.7391322132642,369.37214153486195,347.67,383.86
2017-06-25,14,384.2,356.64911184337006,356.79411193356043,356.1394795001588,354.67439223509365,370.41727577791556,348.58,387.46
2017-06-25,15,378.05,357.85627614473316,358.28329765499683,357.5570823589993,356.82288460567366,369.54667118018335,349.52,382.11
2017-06-25,16,375.62,356.80949195449057,356.487329133626,357.2476649962653,354.7619112813055,367.8000922799545,350.77,375.32
2017-06-25,17,372.85,353.67143342677673,353.3036584695304,354.3485964654333,351.1552313338144,363.21401512465826,345.53,371.87
2017-06-25,18,361.07,352.8011413233137,352.7199362108079,353.82229520942286,350.32665757640166,358.46150404250534,342.42,364.84
2017-06-25,19,356.39,348.1954339198487,347.9327731095754,351.2316953139537,347.4633236836724,352.8833405080653,336.51,363.2
2017-06-25,20,353.32,347.7610624782061,347.6556893683263,350.46406043906313,347.11540351049956,348.93098050597297,335.51,360.59
2017-06-25,21,352.24,340.1895482228838,338.5901574999836,339.7515151212498,338.08908130793867,343.7276287338448,332.83,352.28
2017-06-25,22,337.39,334.7519518434677,331.991662067439,336.26489415684046,334.8018766101074,339.39109852696254,332.67,340.56
2017-06-25,23,332.65,328.5763068809639,325.7585103830846,329.8511300796999,329.1412126597591,334.2587974408155,327.67,333.76
2017-06-26,0,339.11,330.81869075094727,329.5558376683548,327.83905211213175,327.96074967451636,342.7518228649586,330.88,340.14
2017-06-26,1,336.11,323.64499185325815,322.2091718954356,321.2736228517826,320.5121746829872,338.4498543107901,322.55,338.9
2017-06-26,2,337.69,323.60634557235596,322.2091718954356,321.1826573121523,320.3430500730253,337.945045520836,321.55,338.51
2017-06-26,3,336.89,329.4288819762701,328.77750798524283,328.48552930184087,328.682163757929,339.4977070322336,322.75,340.95
2017-06-26,4,369.06,339.84458246738757,341.0628667916523,342.21077043963516,341.0087603812047,348.42087232240203,339.08,349.28
2017-06-26,5,374.57,351.3325289787856,352.72386968044174,351.7727746489559,351.991538608765,351.00762087546974,338.41,353.51
2017-06-26,6,375.63,353.96713832414275,352.45388469788844,352.37546828908836,350.1810574976727,355.0957657151241,342.32,350.62
2017-06-26,7,382.33,358.56812859540213,357.108469898563,356.93928359621566,352.00532835686846,360.48024093048514,346.49,354.7
2017-06-26,8,393.19,374.0896907654822,374.7455411374043,371.95883159976455,367.57171377474987,381.37247038026794,360.25,362.95
2017-06-26,9,408.41,381.1737046295074,382.3119639369292,378.93745384833534,374.75332239441923,392.71702959406946,381.11,362.08
2017-06-26,10,424.39,392.8198441494876,394.37475112486374,388.2865517209625,388.5834471518763,405.30003427797425,401.12,377.03
2017-06-26,11,432.08,404.0450819192261,405.6883710215261,396.80064087306715,398.59226176254015,411.3110944526605,411.41,372.31
2017-06-26,12,439.05,407.30264751531627,409.44167812574784,399.67339300060195,401.39671947318084,413.311732174183,409.51,379.25
2017-06-26,13,446.47,413.2604788671412,413.4427951887647,403.11312562365697,405.68353215658146,417.3571662324407,415.3,385.02
2017-06-26,14,446.8,413.0224232004283,413.1334152344024,403.4218718286165,405.6557562280289,417.9897890168479,416.5,384.2
2017-06-26,15,438.32,422.8557177825999,423.29580040128025,412.65401420003246,414.72520840844874,421.02811364429226,427.8,378.05
2017-06-26,16,428.12,413.23092110186377,413.42555229281703,405.73354355184057,406.1748526613085,415.8425688916838,418.84,375.62
2017-06-26,17,427.61,399.3114124994186,397.45211810324054,393.5723169031268,389.96437867071074,406.3258607889319,400.65,372.85
2017-06-26,18,418.15,385.7680812489531,384.1108803652269,383.9024438723766,382.0842547606573,387.71715224052485,391.99,361.07
2017-06-26,19,403.31,384.20687328238097,384.67751915370786,384.7216839411875,381.83453358149876,382.7179212634166,388.5,356.39
2017-06-26,20,399.69,382.7955956668893,383.75647473684376,383.9243393749415,381.94698420037895,377.06179837063365,383.23,353.32
2017-06-26,21,386.96,371.2735906616303,368.40570630218696,367.5329033377016,367.0571633791689,367.3128175255561,366.59,352.24
2017-06-26,22,360.21,347.52784671101574,346.06957439413867,347.89651539690874,346.35048180198646,357.9048563309248,354.26,337.39
2017-06-26,23,345.64,343.71696830592265,343.23190273848377,342.4217123099053,342.8618140896571,352.82614599314695,348.76,332.65
2017-06-27,0,346.85,347.23844543957597,347.36459673900464,346.32308782182645,346.7890368309307,355.72852140591294,354.47,339.11
2017-06-27,1,342.5,341.1004539923138,341.2782779521212,340.264190109293,340.824055019559,350.87959482719685,345.29,336.11
2017-06-27,2,338.5,341.10182967761284,340.76499443198776,339.7475808924001,340.65676238594125,349.71439873877017,342.01,337.69
2017-06-27,3,341.2,341.3879871645748,341.1946173486911,339.49514808959015,339.9413160492556,349.5850989586676,339.87,336.89
2017-06-27,4,357.87,359.3811453551972,359.66358054877895,357.58570362720394,356.27347783702083,357.6206914316612,346.67,369.06
2017-06-27,5,368.73,366.2403319390222,366.56552504026536,366.12013899441695,365.3187325947651,363.87343121187604,355.1,374.57
2017-06-27,6,372.22,369.1437841793168,369.8217469672744,368.3241712776746,368.03684269339766,367.1137349401463,355.62,375.63
2017-06-27,7,381.4,378.63014425374587,379.47951173251727,379.0567493298126,378.2319522154604,375.13248647029206,365.8,382.33
2017-06-27,8,389.5,389.1229418733529,390.23974564960645,389.5940406666269,388.64391459082003,395.84884828804223,377.25,393.19
2017-06-27,9,396.31,404.60438220898675,406.35262496369575,406.140843740554,407.12095076333793,407.9679932845063,395.2,408.41
2017-06-27,10,409.29,422.1766948639775,424.26604268663783,422.71689152946186,422.52135185792025,427.94859935357033,434.0,424.39
2017-06-27,11,416.86,427.4161689263402,430.32513381536126,427.606387545721,427.0952054926398,435.4960234013929,444.46,432.08
2017-06-27,12,426.92,432.5994755725453,434.65955487846816,432.2388050352637,432.5896369541195,437.7510941042418,443.18,439.05
2017-06-27,13,428.1,434.10873991047174,436.51309526392237,432.2388050352637,432.66529256153405,439.2750130732369,441.92,446.47
2017-06-27,14,438.38,433.6070286889036,435.94372171563964,432.282891512645,432.81069801067883,437.6552894316046,436.92,446.8
2017-06-27,15,438.81,433.42666012640734,435.78958377752133,432.0727455709806,432.81069801067883,434.88969922804955,433.9,438.32
2017-06-27,16,423.41,428.19187977245525,430.3502102754678,425.0396591811976,425.8014776394611,431.0206479673582,430.69,428.12
2017-06-27,17,415.96,418.66546911152915,419.6429490964291,418.9122289301695,416.7165334129185,423.29805297170833,416.44,427.61
2017-06-27,18,404.06,407.6984757465549,407.7383017588691,406.5241613492994,405.31661924411935,400.7478698575336,397.93,418.15
2017-06-27,19,393.54,397.5008978526857,397.69733091365805,395.9919837841143,394.8667703889492,393.0587098921138,390.58,403.31
2017-06-27,20,390.32,393.61768018115447,394.237986082997,393.8218709808831,391.9078981406036,387.2136836088235,385.0,399.69
2017-06-27,21,382.15,382.55426781968407,383.48464913624144,382.9657178810815,381.3998568471844,378.593355278798,374.84,386.96
2017-06-27,22,357.16,364.8499218179808,364.9706570794754,363.68766592223056,361.55805863744337,368.990730972908,365.65,360.21
2017-06-27,23,349.5,350.59702568522897,351.93331491478347,350.86082952556495,348.90643178587936,360.2154791610706,353.61,345.64
2017-06-28,0,345.85,350.72581596315683,349.50872919400143,350.7735886879676,349.12233672308537,354.7454146668655,352.18,346.85
2017-06-28,1,342.26,345.5262820908215,346.60811873236935,347.6297029229961,346.58589638429953,352.34612981199285,349.75,342.5
2017-06-28,2,340.88,343.28487668762193,345.67583558998547,344.7183594828176,344.783363986659,352.5721653017531,351.77,338.5
2017-06-28,3,333.91,345.51546222440885,345.66790589629517,346.93782414800665,345.0285805915563,352.16444947294895,347.85,341.2
2017-06-28,4,358.73,355.5280293779915,356.8916180991372,358.3640441935699,355.92956422697006,357.34984608271,352.0,357.87
2017-06-28,5,370.89,368.1329287072189,367.0229385000029,366.9689173877533,365.4490653101489,365.84410229857065,364.6,368.73
2017-06-28,6,371.87,370.73210628918696,371.90604059175365,371.5691332441014,371.3069829692484,368.36829572774565,362.53,372.22
2017-06-28,7,378.02,378.82646370654635,381.7629647354257,381.4656457482041,379.4159860701307,375.5033618344704,369.67,381.4
2017-06-28,8,388.79,387.5458307517825,388.1135221565249,386.83617595187764,386.5754985391824,397.3393412615813,384.64,389.5
2017-06-28,9,405.01,397.47910799039755,398.248893014966,397.49569425698917,396.76046094001333,407.5729509489932,400.27,396.31
2017-06-28,10,421.62,418.0068842355913,419.1252026182511,418.43088012225115,419.8458549499273,420.3796194520725,421.43,409.29
2017-06-28,11,431.85,421.8130642346353,423.2988066562701,420.7742437588197,419.307973045874,426.95580922560583,429.41,416.86
2017-06-28,12,429.04,427.7977457837202,429.78572419843863,424.6606277263124,423.67201960297376,434.9142261276259,441.93,426.92
2017-06-28,13,436.15,428.60040675689726,430.0398946613454,424.6606277263124,423.8806875540382,439.11749978800196,449.49,428.1
2017-06-28,14,439.33,432.10854648376295,433.7459440372689,429.8411732930383,428.99262272019695,443.0760458150804,455.88,438.38
2017-06-28,15,436.73,431.9281779212667,433.7459440372689,429.8411732930383,428.99262272019695,443.20173050372773,457.62,438.81
2017-06-28,16,427.13,424.85811097436533,426.3905181724061,422.25470616549376,420.6480271228511,434.0189851610227,442.25,423.41
2017-06-28,17,422.97,420.1974157446088,421.26719571446193,418.64325146575584,415.9733525041208,424.97009204096463,426.68,415.96
2017-06-28,18,404.41,414.0464416584915,415.1181050132927,411.97926094098216,411.77533467050506,407.6399387884554,422.62,404.06
2017-06-28,19,396.86,405.8364854697289,406.28660431368866,404.87498581856033,404.3892192067823,402.1954354181906,419.76,393.54
2017-06-28,20,400.86,395.3199411783399,394.93225681586824,394.8862979663135,393.59194526143375,395.14732463423263,410.95,390.32
2017-06-28,21,384.33,382.08651292149875,381.338727058213,380.5077630423482,378.3502301999355,384.50559895931747,394.18,382.15
2017-06-28,22,349.13,359.55486821728243,358.99108869566714,359.24836245142546,356.56837420809063,368.3551692922588,367.53,357.16
2017-06-28,23,339.66,354.2661824959185,353.4822087899274,356.2711364044186,353.93882192151443,361.88000416933784,359.34,349.5
2017-06-29,0,337.38,348.38102165792066,345.6947004291343,349.74250761831445,347.2890131549251,350.78202773011145,354.83,345.85
2017-06-29,1,339.96,345.971243259759,343.43319295837534,347.60124885344703,344.05114603945174,349.4160722771072,354.86,342.26
2017-06-29,2,340.16,345.64918171520566,343.0934440865613,346.8200010290432,343.36340036624847,348.94546586003213,354.3,340.88
2017-06-29,3,332.95,339.8368993969117,338.5434598383096,339.7453352602061,337.7174135097387,347.08828679431485,349.59,333.91
2017-06-29,4,351.29,362.6788259172207,362.80542468704624,362.714059995704,359.6049953188613,361.00996659119727,373.86,358.73
2017-06-29,5,367.57,375.1422733633782,373.6978667635256,374.45792654883263,370.14705751833,368.6409181667758,383.84,370.89
2017-06-29,6,346.45,376.1378804120057,376.05679682225326,375.0098219021759,372.31112244831576,371.7931616648455,384.16,371.87
2017-06-29,7,373.54,380.1324668561927,382.07595131422596,378.13987419009425,376.82638355931465,378.8472992248922,392.01,378.02
2017-06-29,8,391.29,394.1648603809339,394.34094902637014,392.09902745202544,391.50160016379067,400.3257745745558,404.52,388.79
2017-06-29,9,403.49,407.8034013586607,408.58343040054734,406.3894317729286,406.355144380301,410.7391618773791,417.74,405.01
2017-06-29,10,417.32,422.4504946739998,423.37378803006794,421.7830571234983,419.9946721415954,425.04265634506305,441.65,421.62
2017-06-29,11,434.51,428.3326315234091,429.43703826043657,426.3836455106571,424.3731956034907,432.46491136418166,450.99,431.85
2017-06-29,12,437.46,429.0217051038653,430.69970722512653,427.1474509476704,424.48640551259547,433.67568807349096,449.96,429.04
2017-06-29,13,436.75,433.1245123636614,434.68350047208867,432.283910037015,429.7361124352663,438.673262073784,457.75,436.15
2017-06-29,14,425.03,433.00905844543115,434.47232934107,432.41004161821655,429.94189495285775,437.668778782801,453.45,439.33
2017-06-29,15,437.39,433.00905844543115,434.47232934107,432.41004161821655,429.94189495285775,435.64934304236306,450.55,436.73
2017-06-29,16,428.29,429.0931058037297,430.29304600104837,426.13437926663414,423.45349173599374,429.41636075429057,441.03,427.13
2017-06-29,17,405.96,423.65779924392626,423.67559412228877,421.5867824028502,417.7165668320492,423.8749317787421,433.52,422.97
2017-06-29,18,401.07,409.5326454756698,409.6460317575353,408.18974008127725,406.1502494215601,401.2384342377706,418.48,404.41
2017-06-29,19,395.11,399.12311645108605,398.27929349836603,397.35234071878847,395.29304296203344,393.3846980529285,408.49,396.86
2017-06-29,20,389.86,398.88056667677506,398.10494957540504,398.7582118824172,395.868093065504,390.21942405498294,407.53,400.86
2017-06-29,21,372.97,384.4271061335591,382.54577262283976,382.3147427852454,378.05143358175155,380.29115677142147,395.16,384.33
2017-06-29,22,341.47,362.08302227347787,359.07069912200086,360.53327156808535,355.972701166982,363.0841184083263,368.9,349.13
2017-06-29,23,334.61,346.8929693511113,347.63254067094056,347.8822245861756,345.99842867773634,355.6115019732442,358.7,339.66
2017-06-30,0,339.86,334.3242018288247,336.9174399854138,335.60080550023713,333.99955575026735,341.88531189667094,353.19,337.38
2017-06-30,1,336.27,334.9444269182578,338.11936837699216,336.2563703640387,333.12323263367085,341.1100612223438,352.88,339.96
2017-06-30,2,335.34,332.16635148161146,334.9824739140114,333.72413710762953,331.68079765283807,339.16642331962925,348.04,340.16
2017-06-30,3,335.17,330.16231259093445,332.45490019565875,331.5461283126866,328.5872972525568,338.34932719039546,346.1,332.95
2017-06-30,4,351.69,348.94814596701553,348.3178946048305,351.0387574913172,347.7113277254535,348.22245029019865,361.88,351.29
2017-06-30,5,365.58,363.75944289949365,364.061892005965,363.2800490201863,360.86432606309296,359.9105363568077,381.1,367.57
2017-06-30,6,366.07,363.7784155901945,363.66394175999034,363.6251543433526,361.1295087815616,360.1717219160356,380.67,346.45
2017-06-30,7,373.99,367.61203130043964,366.9804688025619,366.8282595617163,363.0917896331595,367.02932181792954,381.64,373.54
2017-06-30,8,390.13,383.618343046639,383.51538450407173,383.98454506386213,381.3530495303358,391.8833377118384,400.39,391.29
2017-06-30,9,394.96,395.83913674075313,396.75950365862843,398.01100611095404,396.3466379690104,401.06795385552203,411.65,403.49
2017-06-30,10,411.83,413.33152259814534,416.5504195350072,417.7439827880884,414.6865324305628,414.9236073167911,435.24,417.32
2017-06-30,11,421.4,419.7587492041319,422.8192175966037,423.1805029471647,420.9708884771749,422.58048302446525,443.06,434.51
2017-06-30,12,434.14,421.8525810232692,425.64174565349197,426.0505475979028,423.7263272265999,424.2949200111958,441.57,437.46
2017-06-30,13,430.63,422.64965425449174,426.33617975245494,426.0582296335644,423.93499517766435,428.3297192174558,449.24,436.75
2017-06-30,14,427.27,416.9973532321249,420.1217612334206,420.0134611500311,417.1640103625223,425.74183516134144,445.37,425.03
2017-06-30,15,419.8,422.5479685753698,426.0470904794599,426.18436121476594,424.0077653516059,425.56312191383427,442.67,437.39
2017-06-30,16,420.65,416.20975748964247,418.7396183285293,417.1029450748911,415.9239804176353,418.8111472134798,431.65,428.29
2017-06-30,17,400.85,400.4153650217552,402.57630642718675,402.6599128046763,403.0668065469613,408.6732552323825,417.78,405.96
2017-06-30,18,391.41,386.71562278055643,387.2399733295138,387.0651382850684,388.19934508818335,389.6879406060538,408.38,401.07
2017-06-30,19,386.42,385.99338031474076,384.97755190406764,384.7619726811159,385.3409583721027,383.90826266514824,403.27,395.11
2017-06-30,20,378.78,380.82606817111025,379.80326619710223,379.2832505594269,380.52528840376624,379.2469707137749,401.26,389.86
2017-06-30,21,367.67,369.4524889769897,367.4344037435828,367.9069495123392,368.8746413695192,367.2279611094582,383.6,372.97
2017-06-30,22,339.48,343.9624598821963,346.394690635197,348.92277461751416,348.2595629067512,351.13397610589567,359.1,341.47
2017-06-30,23,330.51,331.40933659105855,333.8221928071308,332.23465035619955,333.502157603138,343.7367298431504,348.31,334.61
2017-07-01,0,332.18,324.7259589185828,325.98922131181104,327.05447018691575,324.5482340406024,331.12940536316205,344.27,339.86
2017-07-01,1,322.84,323.9453831546749,324.8200659986574,325.05222526360075,322.4849949917178,330.69998477502736,346.73,336.27
2017-07-01,2,319.04,323.4485595236003,323.95643091137,324.2879734619409,322.1931357190051,328.9139067049253,342.64,335.34
2017-07-01,3,320.05,319.1131148432288,319.257450736873,319.55675633974624,316.8553470696541,328.2873976534237,339.05,335.17
2017-07-01,4,329.91,332.85741068644097,336.44839154055677,337.20920327457446,334.01608731653414,337.12669124306643,352.71,351.69
2017-07-01,5,330.29,336.25478452716504,339.30987506926726,339.9332927504697,337.7294823361228,339.39035096378217,348.29,365.58
2017-07-01,6,334.91,339.8935251394547,344.8598976136935,343.6750291989806,340.03617641502257,344.22112216718176,353.1,366.07
2017-07-01,7,338.51,343.95034687794976,346.73510268452935,345.47651512931895,342.2241581940236,350.7220230191594,358.98,373.99
2017-07-01,8,348.8,346.73921492856687,350.5853446726837,348.398374383426,344.99754256193995,358.84927542286965,366.14,390.13
2017-07-01,9,356.26,358.90615989056556,360.4955656416017,356.3428047800333,352.75945360580477,367.0348784219641,377.06,394.96
2017-07-01,10,362.97,364.69324208956584,365.42553015090647,362.82518238190664,359.71370528366197,374.01902205269636,381.96,411.83
2017-07-01,11,359.24,364.7742398069441,365.5632536813695,363.2529747811502,359.4605084028226,376.4314589939564,378.54,421.4
2017-07-01,12,365.34,366.32494516462344,367.46295121963294,366.19051375346066,363.59694453973134,381.6683315056355,383.18,434.14
2017-07-01,13,368.06,367.3985754888052,368.09197528867946,366.1981957891223,363.672600147146,382.6696194755311,383.86,430.63
2017-07-01,14,366.72,367.20019006330915,368.01785599998584,365.99714065295444,363.59492868848315,383.9542170457776,387.46,427.27
2017-07-01,15,360.56,367.14083783259355,367.52507660719004,365.51067042599897,363.5780362913714,380.41679964704974,382.11,419.8
2017-07-01,16,358.99,360.53793209656095,362.5728357406449,361.0395190123625,358.4345156836089,376.47139688780385,375.32,420.65
2017-07-01,17,355.81,357.1054735741689,359.30918427065245,357.51547728242014,355.23359672980314,370.6612275122072,371.87,400.85
2017-07-01,18,350.87,350.15936234227297,352.4207408796148,351.97315778089603,349.1713104541507,364.1115180782908,364.84,391.41
2017-07-01,19,353.54,345.71075511593983,348.4872323548406,347.9850753177922,344.37566784330846,359.7881536250457,363.2,386.42
2017-07-01,20,347.11,343.7656140566315,343.6932735287602,346.03672737634486,342.9223913074022,354.61375195755676,360.59,378.78
2017-07-01,21,337.92,342.48935793147905,340.58836213918084,342.8996732408109,340.66505724655354,346.8915133246672,352.28,367.67
2017-07-01,22,326.64,323.97443151441433,325.51501486276084,324.1779056498996,325.05577551693756,336.1303878869048,340.56,339.48
2017-07-01,23,321.53,320.4298004435483,320.52635896921913,320.7348600096172,319.4148908362301,330.0285401812242,333.76,330.51
2017-07-02,0,318.53,313.2718819364646,312.63985997229213,318.5983164217022,319.1263738927272,322.14730794149096,340.14,332.18
2017-07-02,1,320.8,305.1593856059074,305.160725143238,309.8988873417596,308.2163445253131,319.61232948150155,338.9,322.84
2017-07-02,2,316.21,304.8765665940582,306.0775567088258,310.44319744680604,307.9930064502601,318.9215769877339,338.51,319.04
2017-07-02,3,317.83,310.59412507686756,311.21819776434916,315.7333379652928,314.6472463921557,320.76786156284504,340.95,320.05
2017-07-02,4,331.31,312.8673148797618,317.07719992013415,320.56423756274165,319.54162962479705,326.76326088665195,349.28,329.91
2017-07-02,5,330.3,323.92913419464844,326.01031432958854,329.10875571562315,328.0711796656985,330.7836433311458,353.51,330.29
2017-07-02,6,328.05,323.358499408398,329.17140466429487,331.31126226324443,327.5882527627263,333.12248864507853,350.62,334.91
2017-07-02,7,334.2,327.70661254797255,332.34262988714704,333.7280422157961,331.9234678923145,338.41858735628455,354.7,338.51
2017-07-02,8,338.33,331.37946287288906,336.69763021722525,337.8677497763473,333.6922391709733,346.27825117651923,362.95,348.8
2017-07-02,9,344.08,337.17876871070797,342.07389445309684,341.93399750190093,337.51738122969545,350.21194086570523,362.08,356.26
2017-07-02,10,349.3,355.2003570906212,356.8011907420417,351.75847827946,349.0269433019993,359.8859837105872,377.03,362.97
2017-07-02,11,349.13,351.1281027057018,352.91689457641655,350.9938390063852,349.7491396815814,360.2286568103768,372.31,359.24
2017-07-02,12,355.34,357.3110687318167,356.5624751121177,352.8434784316419,353.6846221105213,365.5716876360767,379.25,365.34
2017-07-02,13,358.03,362.2431633838292,362.71552771573414,358.6956631215368,357.79817495082074,369.2726328752482,385.02,368.06
2017-07-02,14,358.57,361.6779934980291,362.9508758654854,358.5915358171498,357.8643953304534,369.08340795905247,384.2,366.72
2017-07-02,15,350.83,357.1619151744397,357.5843381444377,351.5901919738462,353.2234483112259,365.3890295500281,378.05,360.56
2017-07-02,16,344.81,352.5215580335709,353.46179408737265,351.7074587936211,350.32206077218336,362.8439180262307,375.62,358.99
2017-07-02,17,339.27,347.16863083071695,348.8541970499728,348.8879626235456,348.06995599908896,359.251594213758,372.85,355.81
2017-07-02,18,336.23,336.4898071873765,339.9894296955935,340.9038326824966,339.21827621458874,351.393930337164,361.07,350.87
2017-07-02,19,331.28,336.70088929175773,341.94744728643775,342.00166804049684,340.5178180183446,346.79638563986026,356.39,353.54
2017-07-02,20,330.62,335.7167739283841,337.88418625994285,338.98330574335785,338.99986894544463,341.5872593092566,353.32,347.11
2017-07-02,21,331.49,331.6869857061089,330.0996862908765,329.83206164869284,334.3827558972913,336.8886277947039,352.24,337.92
2017-07-02,22,320.57,316.2329168781991,313.66027191371285,317.2348918686232,318.44153955378624,326.9083550349291,337.39,326.64
2017-07-02,23,323.38,310.67876634687383,309.44211325104595,310.769056292621,313.5021692918016,322.05942976223344,332.65,321.53
2017-07-03,0,319.16,300.875270638064,301.9976339743585,302.11128721935137,298.6754525093367,333.43514504871195,339.11,318.53
2017-07-03,1,322.26,297.7334474628467,292.0835440378213,295.31778461677595,293.23559937588067,331.5866150663716,336.11,320.8
2017-07-03,2,320.63,297.79766149594303,292.1595482680641,295.37211811927483,293.223523336312,331.565824124971,337.69,316.21
2017-07-03,3,315.6,297.79766149594303,291.7177203707594,295.10104439100974,293.223523336312,332.23156659367055,336.89,317.83
2017-07-03,4,350.18,323.73802347062747,320.8267604094384,318.77849217671974,320.60431177792196,347.8743033415911,369.06,331.31
2017-07-03,5,356.1,345.78551248149347,342.3169727953013,339.4424098068084,339.85550947371854,352.2266019315665,374.57,330.3
2017-07-03,6,349.54,347.6562346988594,345.4759406690469,342.04101268704255,338.78300610514333,355.2849663209249,375.63,328.05
2017-07-03,7,360.2,356.3545068695102,353.046020441576,350.5832397241829,345.6888240263727,361.8943354639492,382.33,334.2
2017-07-03,8,366.38,363.94367669869445,364.4069622823631,360.84969052074075,356.995175627745,381.9600129777933,393.19,338.33
2017-07-03,9,377.37,380.56508502886766,381.96840512638937,376.2378869856879,374.6866914891852,391.9150736716174,408.41,344.08
2017-07-03,10,394.75,408.13682589754166,408.27475067452093,400.21588883842827,402.12970133392804,401.8113355722456,424.39,349.3
2017-07-03,11,400.56,413.59232906106445,413.38503545483974,405.79426037862095,404.31449922676154,407.37182637211714,432.08,349.13
2017-07-03,12,412.02,419.05845845692016,420.12528740461744,412.7599115789291,412.6880886802833,412.7383617985659,439.05,355.34
2017-07-03,13,407.84,420.8567193548675,421.0405598300341,412.6630118285946,413.048312706878,417.07291499235885,446.47,358.03
2017-07-03,14,415.44,420.9354470634871,421.21497948819626,413.3670590893288,413.1922045451735,417.54872803425394,446.8,358.57
2017-07-03,15,413.07,420.3762342256632,421.07254644917833,413.2920135948646,412.90763612599346,412.7664115031861,438.32,350.83
2017-07-03,16,404.47,414.8763203239838,416.4225412364224,410.6237786674728,409.0157794567565,406.6917862997107,428.12,344.81
2017-07-03,17,388.81,412.9042264169071,411.5350262327776,409.1098908483438,404.87505456867905,403.6954759580798,427.61,339.27
2017-07-03,18,384.93,394.4795177167872,391.1272447168311,388.61114270265506,382.8151515014726,385.0367960486567,418.15,336.23
2017-07-03,19,372.47,380.4913144162393,379.7182802633437,379.09932558120187,373.90100160919,375.61311113215936,403.31,331.28
2017-07-03,20,371.24,377.19953136620785,375.3643596197227,374.73978700673365,369.034893903206,370.87060785901525,399.69,330.62
2017-07-03,21,367.31,368.6640775505283,364.5458996796824,367.5421326501445,365.2087979910162,362.850422687494,386.96,331.49
2017-07-03,22,332.6,338.52016744659426,336.73248361400596,337.80714670387715,337.0872245091302,348.3107114303428,360.21,320.57
2017-07-03,23,326.06,328.46123950184943,328.5609720611612,331.2634134860854,325.7137878097024,340.5926851936778,345.64,323.38
2017-07-04,0,320.08,321.9331273908555,322.8458029241485,324.52945855437696,322.18829480368595,338.4284875088958,346.85,319.16
2017-07-04,1,318.8,318.62628071553394,317.8480534609076,320.4934463779002,317.73813103707283,336.1557695016573,342.5,322.26
2017-07-04,2,316.49,312.27497285504495,313.5194851024359,313.5278428746888,309.55452821434204,334.32534243179305,338.5,320.63
2017-07-04,3,316.01,317.59983320896765,318.4161417689934,319.7794672035441,317.0852663828685,335.56254038325204,341.2,315.6
2017-07-04,4,345.07,334.8027674275273,336.43314683684076,336.58161551530736,332.0004815566996,347.6932379576191,357.87,350.18
2017-07-04,5,354.46,345.9123357797881,345.4588652259986,342.5534234152002,336.22395760618406,354.93034431049665,368.73,356.1
2017-07-04,6,356.07,350.77561270559335,349.5114460355686,347.3237740067239,338.81921089277483,358.4214614625093,372.22,349.54
2017-07-04,7,353.42,359.21267839277505,359.05595393326814,352.5540507059527,344.17873594568107,366.5206811987548,381.4,360.2
2017-07-04,8,357.23,367.99743892470974,370.00130611013384,367.5111539367467,359.64657175178314,385.74918774932814,389.5,366.38
2017-07-04,9,355.09,379.48934036358617,382.79356306389485,378.6223004990715,372.9236981439434,393.06786550071183,396.31,377.37
2017-07-04,10,356.66,395.3424644384957,394.2390287349077,392.28486058299364,389.23477758236,403.23441356333984,409.29,394.75
2017-07-04,11,372.23,402.7838787153988,401.90208521583156,398.45654966764783,395.8335151884096,409.45187470315483,416.86,400.56
2017-07-04,12,371.43,417.76150731818643,419.53244098564625,414.30151232128986,409.16120188933866,416.63101298165435,426.92,412.02
2017-07-04,13,373.2,418.6531440883903,419.6228658191675,413.97604906507746,409.48017016684963,417.74340712706584,428.1,407.84
2017-07-04,14,375.42,419.685075822369,421.13953090865766,416.1617923467301,410.0741824379488,422.89810580684474,438.38,415.44
2017-07-04,15,369.05,419.42047135696436,420.9278130018667,416.1617923467301,409.98796021864575,422.1936069139242,438.81,413.07
2017-07-04,16,370.16,409.5549962810295,411.8956027140354,406.9199106957345,404.50861249259106,413.8039813502774,423.41,404.47
2017-07-04,17,367.62,398.29703154856594,399.64539291890776,395.7794948507801,392.03631537972916,406.9325269053532,415.96,388.81
2017-07-04,18,365.96,385.19580101037184,384.5501150880122,378.0327127266907,374.241340687808,387.2420097809109,404.06,384.93
2017-07-04,19,365.29,370.8986607331004,368.563945774287,364.8990385705629,359.2318894224148,378.60554471715704,393.54,372.47
2017-07-04,20,354.72,369.30376213172843,367.272107971428,364.6848252830361,358.98983251930036,373.9507944180242,390.32,371.24
2017-07-04,21,352.19,364.85807694511755,362.88830738361514,357.93892789224157,355.3051022112499,367.1296791526203,382.15,367.31
2017-07-04,22,327.29,334.0467244540702,337.3276296980379,333.6043551304302,332.47044518810924,350.4715944150446,357.16,332.6
2017-07-04,23,317.98,330.39298016116345,332.01076297036434,328.40774500464687,328.28586896783185,344.32626316284933,349.5,326.06
2017-07-05,0,316.29,319.0951941215449,322.3383804199669,322.4997010867514,321.1624892185549,337.0233667874229,345.85,320.08
2017-07-05,1,313.95,316.021011750086,318.8816666426795,318.89765644238463,317.10815654900887,334.53714012933057,342.26,318.8
2017-07-05,2,316.29,315.4779935484033,318.8816666426795,316.99868233639125,314.7382414480363,333.64744078996,340.88,316.49
2017-07-05,3,313.89,305.0537864542991,308.59380215907515,308.6965239008936,303.6552515811507,331.68625322926283,333.91,316.01
2017-07-05,4,340.7,328.2014516104131,329.95577233368186,330.03446585594963,325.59388611679657,346.3245130456442,358.73,345.07
2017-07-05,5,352.25,341.5389941793879,339.99289682300827,338.9698872169987,332.7484440714779,354.4757987524083,370.89,354.46
2017-07-05,6,353.23,347.21936854995295,345.6093535785028,343.978054504557,336.5551971890955,357.95850443262947,371.87,356.07
2017-07-05,7,362.58,352.05226071919697,348.4519719378291,344.53732712231545,336.3244231909566,363.3185808457411,378.02,353.42
2017-07-05,8,373.77,361.09454471723325,359.84858798655233,357.1747767968435,350.6465127677613,383.0077118812969,388.79,357.23
2017-07-05,9,392.12,371.61902468019525,371.8439183007641,367.3780266520789,363.92568749332725,392.4160937016846,405.01,355.09
2017-07-05,10,413.0,384.80155731851886,386.73486455770046,383.54182017097986,383.82536094523334,402.1199530227716,421.62,356.66
2017-07-05,11,416.35,388.73909097613944,393.51875593132195,389.73437797124956,389.0063917387153,410.50729357160964,431.85,372.23
2017-07-05,12,422.85,389.9264626892635,395.96081349698926,390.6223463748873,391.32328775308133,411.258079776369,429.04,371.43
2017-07-05,13,424.66,395.00768667445396,398.6329118269843,392.6700810981056,393.00955865763865,415.35625293246284,436.15,373.2
2017-07-05,14,428.76,396.02438978189963,398.56518762606976,392.9169895986372,392.90541906100344,417.12439647217906,439.33,375.42
2017-07-05,15,420.94,394.71154790354905,397.9750859155061,392.9169895986372,392.90541906100344,414.77094692112496,436.73,369.05
2017-07-05,16,423.9,386.5300664517807,392.805424874304,389.97992089873435,388.1818351765916,409.7623140704327,427.13,370.16
2017-07-05,17,404.49,382.3808007872708,384.8700362210595,385.39895596446183,383.1715078362453,405.7041028355076,422.97,367.62
2017-07-05,18,394.64,374.1939281103293,370.70372159201935,366.5069256036864,361.57050969133434,383.98797029944444,404.41,365.96
2017-07-05,19,389.16,373.13915058466773,369.6408192387941,364.50959626045733,358.76125279311526,377.8885858128075,396.86,365.29
2017-07-05,20,384.59,372.0470621692296,368.1818890489802,364.60242440712364,359.52152314128574,374.93039407400374,400.86,354.72
2017-07-05,21,365.64,363.82073240015694,360.8242993060314,358.13785594843625,355.0806167078659,365.04543736685724,384.33,352.19
2017-07-05,22,338.33,331.1431472282733,331.78933039764865,329.108535628135,328.86227295997924,345.599044693789,349.13,327.29
2017-07-05,23,327.26,325.1679376937247,326.16986655130415,321.2948423994092,321.45635774068205,338.4350966911075,339.66,317.98
2017-07-06,0,327.8,320.57158067321035,319.0823396145125,320.8590575406127,318.8262523276142,335.594285594152,337.38,316.29
2017-07-06,1,327.13,323.32108264796403,321.62483037201235,325.5795363290009,324.1945868811305,335.3709836784367,339.96,313.95
2017-07-06,2,320.42,323.2952508053526,321.86881476097824,324.6482215036589,322.6177942023016,335.6407102066013,340.16,316.29
2017-07-06,3,318.84,314.6781496585769,313.5063563929333,316.5396791275708,315.4719837630157,333.36176997045544,332.95,313.89
2017-07-06,4,342.16,340.11962597591287,336.6629971926263,342.9470326212339,341.0861597157581,345.2297328933899,351.29,340.7
2017-07-06,5,354.95,355.4034985083816,352.9290228333784,356.01414194398245,353.00569718927983,355.2291803394389,367.57,352.25
2017-07-06,6,358.27,351.1576343379371,350.46434329226514,351.57743787929866,348.2531947222106,350.09017160247964,346.45,353.23
2017-07-06,7,323.47,366.78106148156604,364.5275556684886,364.7978333200171,361.37060369227976,364.9611937798952,373.54,362.58
2017-07-06,8,376.45,378.6307065345261,378.03734259674087,379.08873909282374,376.13746818311085,388.1723413080204,391.29,373.77
2017-07-06,9,391.58,392.71636086488536,394.4167574633555,394.6811358817043,393.5903757083493,398.43614742778743,403.49,392.12
2017-07-06,10,305.23,409.75839917411,412.1319350344163,411.5800585149281,411.3710180813688,409.3359522623427,417.32,413.0
2017-07-06,11,413.43,418.8359368682254,421.1957611961993,417.9961582501524,415.5223618557382,418.9761821852319,434.51,416.35
2017-07-06,12,424.98,419.8846381784345,424.0979375612045,420.3968376084595,417.7811781931313,422.8125318163973,437.46,422.85
2017-07-06,13,425.4,420.687943309647,423.65023087894593,419.920052158243,416.9076723954785,423.8895780842084,436.75,424.66
2017-07-06,14,433.92,419.1388265067559,421.0856193992088,417.9393364309004,417.0610032863565,420.11481644537645,425.03,428.76
2017-07-06,15,430.22,420.83158134715455,423.9043887893045,420.65962971619643,417.6664719846077,423.37591774462413,437.39,420.94
2017-07-06,16,428.13,418.2598561276404,421.88776269374785,419.84499175320417,414.94575516092107,418.77759451392404,428.29,423.9
2017-07-06,17,415.83,398.977679502841,399.3966021471336,399.80437848000844,397.8567726091381,405.706115874858,405.96,404.49
2017-07-06,18,407.0,392.38364150025893,391.8439538000116,393.3753431855848,389.9541555550589,388.35893251905566,401.07,394.64
2017-07-06,19,402.32,386.5652621817895,385.9979474554454,386.22299666348493,383.97742140450225,382.3087000482118,395.11,389.16
2017-07-06,20,397.33,384.2790270158258,384.2335081446775,384.8919906541818,381.98063250294797,376.4793235499698,389.86,384.59
2017-07-06,21,379.99,369.4864480082529,367.1482781339081,367.4842372441993,365.77491646870993,364.52377511021314,372.97,365.64
2017-07-06,22,349.18,336.8455055438104,334.47304223261403,335.57453814372434,334.7045434556999,346.2258692012262,341.47,338.33
2017-07-06,23,331.77,328.71192293205996,325.33829995218076,325.3045530425216,324.9959275244702,339.8654708484613,334.61,327.26
2017-07-07,0,331.66,330.11672231907755,325.5382747070748,329.6838814492132,327.41919929307556,337.9327025532753,339.86,327.8
2017-07-07,1,326.19,325.2045981879799,322.42803014249495,324.45472960816056,325.1553549776891,335.5204514262701,336.27,327.13
2017-07-07,2,325.98,325.30281513903344,322.96173861351883,324.63192025811225,324.2437984900068,334.28910757684156,335.34,320.42
2017-07-07,3,326.09,325.30281513903344,322.96173861351883,324.5897143430789,324.2437984900068,334.8303193138222,335.17,318.84
2017-07-07,4,347.7,342.34890322273384,339.61880896572626,344.5210797730049,345.33692890629703,345.5842711654129,351.69,342.16
2017-07-07,5,362.46,356.87472746310664,355.33541780731423,357.2698345371937,356.6453209562377,354.80560052003796,365.58,354.95
2017-07-07,6,360.51,358.1851726275376,356.6563859297123,359.8259958157675,357.8765391629527,358.3002885627904,366.07,358.27
2017-07-07,7,366.29,361.6686887436609,357.88282680756913,359.6633824647441,361.56471940567826,360.5616251716941,373.99,323.47
2017-07-07,8,383.68,379.96808368524546,379.08809408261254,379.3940502721891,380.49151422511653,388.0322489870832,390.13,376.45
2017-07-07,9,391.57,388.16653140539574,387.5543560646833,387.61677794846696,387.7866109004019,395.06603974542463,394.96,391.58
2017-07-07,10,408.08,403.6878328370851,403.0084896908597,402.78151963571503,407.09123572458907,394.52328348635024,411.83,305.23
2017-07-07,11,416.35,413.0665477589215,413.81523627478384,412.4012282384204,411.4946167954725,413.55294155857524,421.4,413.43
2017-07-07,12,425.53,416.67434751954175,417.0500180289252,417.27986224567326,413.53315531653664,421.7691017819552,434.14,424.98
2017-07-07,13,426.88,417.7388164907675,416.5395187470836,416.26374125734236,413.20691596619804,421.5986646727282,430.63,425.4
2017-07-07,14,414.59,423.2993049246512,421.73376452892256,423.0633590220037,419.99842019714987,421.57655775994635,427.27,433.92
2017-07-07,15,417.0,416.2966100251591,414.51348648960385,415.18763008265734,412.87018318125644,417.6519260089882,419.8,430.22
2017-07-07,16,401.18,414.3737403627363,413.25463140772973,413.1562568099603,409.80511075750366,416.30721248297357,420.65,428.13
2017-07-07,17,388.92,398.9044677124138,397.1692609694931,399.4539804909045,395.5534992445996,405.05053293282555,400.85,415.83
2017-07-07,18,382.85,386.4932703782987,383.99352100144137,385.742822641545,383.25933981647023,386.09823171664357,391.41,407.0
2017-07-07,19,381.66,381.69545678709363,379.3236652416431,382.1590794977728,380.09056910821147,380.51743198142395,386.42,402.32
2017-07-07,20,372.57,380.69577748216,378.3905461969419,379.7553293643898,377.8843169824875,373.7146076028057,378.78,397.33
2017-07-07,21,355.42,366.40705034405636,364.1785421914022,363.6416661773704,363.02301915259767,364.1846544892309,367.67,379.99
2017-07-07,22,329.93,342.73975063420863,339.05901962688347,342.99880666180997,342.1423002475245,346.7558983381009,339.48,349.18
2017-07-07,23,319.21,330.8737088583865,325.48325265891924,327.05176271127294,330.34718021108824,338.834270994153,330.51,331.77
2017-07-08,0,325.2,319.625804305009,317.0766488314743,320.43547679411165,320.8742269332997,327.06042204346346,332.18,331.66
2017-07-08,1,322.17,312.6359071415029,310.42605300864307,313.47033217400696,315.0491171097347,321.8720203701926,322.84,326.19
2017-07-08,2,323.67,312.6039230121976,310.42605300864307,313.4893594977207,314.1917740871435,320.30723511666474,319.04,325.98
2017-07-08,3,323.39,312.6039230121976,310.42605300864307,313.4471535826874,314.1917740871435,321.5138006733131,320.05,326.09
2017-07-08,4,333.5,327.37152471725,327.34704058006804,328.44148924551007,330.68905020338445,329.4983606337374,329.91,347.7
2017-07-08,5,331.7,331.1857800033816,332.3833005421596,332.2115900191684,332.1116676605446,333.7310257724061,330.29,362.46
2017-07-08,6,335.11,336.8164305922099,337.73569679852,339.07894593306696,337.216927544338,338.20464645625793,334.91,360.51
2017-07-08,7,343.06,340.4733375524586,340.90769108069514,341.01514822561427,339.65023300083527,343.56843941833864,338.51,366.29
2017-07-08,8,353.38,345.78574055718616,346.5053561364307,347.52799321046933,345.3912285801403,353.04327657536663,348.8,383.68
2017-07-08,9,355.6,351.1841584432658,350.8402863112393,352.53909881711115,350.42166137208756,360.23461886577763,356.26,391.57
2017-07-08,10,365.08,354.9515237537283,355.1620004202126,354.72501069903547,354.78399502848174,367.85550789400276,362.97,408.08
2017-07-08,11,367.82,353.59001308693183,352.1816547565312,354.26594354423935,353.4646149152538,369.9706687431951,359.24,416.35
2017-07-08,12,373.57,358.634850908674,358.5235268242611,359.5082132291759,358.7134737287033,375.32714268294603,365.34,425.53
2017-07-08,13,376.94,361.29203030332474,360.35032020105035,360.042138946904,359.2951997266007,377.6631312707083,368.06,426.88
2017-07-08,14,370.8,361.16287319376823,360.7337912064489,360.02905887932184,359.58386421657184,375.96186933533795,366.72,414.59
2017-07-08,15,359.99,356.02192885458726,355.397409519065,355.7822884718494,355.00531978287944,373.2527704152129,360.56,417.0
2017-07-08,16,351.53,355.46465418573194,354.11493879983306,355.6051972217454,353.27919490835166,369.34872127587533,358.99,401.18
2017-07-08,17,345.6,351.8967031500324,350.9931817858472,352.5257178998545,349.7408923114524,364.52009275694434,355.81,388.92
2017-07-08,18,340.09,348.97375251619195,348.5237566091689,349.1865528832651,346.4054095864455,359.1718397930485,350.87,382.85
2017-07-08,19,334.35,346.8096978866217,347.33935756950507,348.0704009941827,345.8453620199065,356.96606808629343,353.54,381.66
2017-07-08,20,331.15,344.4186668261902,344.136611284087,344.3525810257306,342.41901330988225,350.1536725881557,347.11,372.57
2017-07-08,21,324.07,335.28517613061604,335.05128215014116,334.864632744792,333.1590523367375,341.3964350062248,337.92,355.42
2017-07-08,22,312.1,322.261330531424,320.84401377307296,322.78163854866966,323.3239785448247,331.14415433689044,326.64,329.93
2017-07-08,23,310.48,315.91416435122943,314.39109940716514,314.6628904418177,315.7890301481491,325.5144443888523,321.53,319.21
2017-07-09,0,307.9,310.9119102671065,310.80454099683254,312.79113832423997,312.5762767768055,311.9994481709898,318.53,325.2
2017-07-09,1,305.68,308.6107230706258,309.26395724665406,310.9724973053578,311.45911269738826,311.58359607253664,320.8,322.17
2017-07-09,2,304.5,309.50919658889575,310.0277254232843,312.12974963054364,311.625986342179,309.9097840256525,316.21,323.67
2017-07-09,3,306.87,308.57873894132047,309.26395724665406,310.83292182711386,310.601769674797,311.3023672818591,317.83,323.39
2017-07-09,4,320.27,319.85011468629983,322.415993292543,324.00584474861023,323.519597708248,319.33077930057095,331.31,333.5
2017-07-09,5,327.57,324.51086986259156,325.0811826691282,328.9971275589761,327.6429060043175,321.07529335638566,330.3,331.7
2017-07-09,6,324.92,325.09388685871016,323.9816394369157,329.55103373619346,327.2686780538584,323.5218048645924,328.05,335.11
2017-07-09,7,326.68,330.1829953401515,330.6656785907363,331.4515595214874,331.48890156982657,330.12787929737385,334.2,343.06
2017-07-09,8,338.15,333.40774573032274,333.60500779220797,334.85670810103966,334.01053708168166,336.390201748183,338.33,353.38
2017-07-09,9,336.99,338.28472497360076,338.4498721292284,340.4864700681265,337.77130971154736,342.2560649788679,344.08,355.6
2017-07-09,10,348.1,343.391975590546,342.53405681406974,343.7129413006751,341.5675621940187,348.47747289668473,349.3,365.08
2017-07-09,11,350.47,343.74465983803304,342.7989489038172,343.8233909314679,342.58116750335694,351.32353591777735,349.13,367.82
2017-07-09,12,356.38,348.0135942202769,346.7614217086963,346.630609512585,347.3336879794839,356.32398191459146,355.34,373.57
2017-07-09,13,357.67,350.33367813897536,349.0872421767032,348.54110675322676,348.8433196219594,358.891087518273,358.03,376.94
2017-07-09,14,359.52,350.1988181969198,348.9507037565734,348.846683478128,347.6722852096347,358.64531288606787,358.57,370.8
2017-07-09,15,350.54,343.6988591789786,343.5530613065725,343.06760515912845,342.369120704359,353.7735547155431,350.83,359.99
2017-07-09,16,352.44,338.4782451401581,339.5740775776824,339.9768991851282,338.0254851040962,349.0174817378395,344.81,351.53
2017-07-09,17,343.49,333.64835623380014,334.56452489169885,334.32187447163346,334.0992655698247,344.02284545249603,339.27,345.6
2017-07-09,18,339.19,333.0414282989066,332.2980308961227,333.86087067730807,333.71170573044145,339.47602326572337,336.23,340.09
2017-07-09,19,332.82,330.9702388205584,328.4297431533799,331.8603857213067,330.46323330764454,333.78696515544544,331.28,334.35
2017-07-09,20,324.98,330.0880522159687,328.6654553353211,329.4126186879151,330.0995943300862,329.8973928782018,330.62,331.15
2017-07-09,21,330.18,325.3642660547863,323.34754774374466,323.080175771008,323.17113524812396,326.2129546917718,331.49,324.07
2017-07-09,22,316.08,314.6390077601972,315.0857361558838,315.1179379130993,314.00374826548625,317.6867672447303,320.57,312.1
2017-07-09,23,315.35,313.83315321157596,313.83786486206003,314.0325617587326,312.981742476034,316.1864191186601,323.38,310.48
2017-07-10,0,318.89,296.3071465119656,300.93375617621837,299.85939914087186,291.7612791041154,323.3439812485733,319.16,307.9
2017-07-10,1,319.8,293.3877586993549,293.30805651727127,297.6260800460196,289.90775474615367,323.3281290584605,322.26,305.68
2017-07-10,2,314.47,293.8077305679149,293.30805651727127,298.17376126058264,289.05041172356243,322.4685995908204,320.63,304.5
2017-07-10,3,320.31,295.1598075181644,294.25333203039156,299.157309420714,290.38327798636294,321.5878730537197,315.6,306.87
2017-07-10,4,348.3,329.7812020853417,329.65505994641984,333.05892735412124,326.4995622361966,338.1543556877459,350.18,320.27
2017-07-10,5,352.47,345.12270947688415,345.1942428251299,348.7174646251245,343.0952317848704,343.64370517194874,356.1,327.57
2017-07-10,6,357.8,343.9278123377021,342.0225748564754,347.3226801863682,341.30349415254216,343.7079905491628,349.54,324.92
2017-07-10,7,268.58,348.5090528099213,343.7906231233876,350.25823492171287,345.7995728464208,351.3322065843851,360.2,326.68
2017-07-10,8,373.6,360.807190470833,355.388397969696,357.5076798297043,355.8571529156296,370.38947073361925,366.38,338.15
2017-07-10,9,397.58,370.20311736113194,363.53397409283417,367.6305636385898,366.8102851789712,377.8943502642728,377.37,336.99
2017-07-10,10,416.88,382.48914787776624,372.3020070949134,375.2937699979869,376.87581114472454,389.02382454255763,394.75,348.1
2017-07-10,11,426.93,384.29077354126946,376.1295397978993,377.25085547152145,382.5550232442457,394.1544924191269,400.56,350.47
2017-07-10,12,422.54,393.4580488924081,386.3643009950608,386.9383507048528,392.6541978671099,401.22067444270454,412.02,356.38
2017-07-10,13,424.26,389.4000173468024,383.31169396534546,382.93018479896864,388.8437768756442,400.90221467448896,407.84,357.67
2017-07-10,14,424.31,396.5633358795202,389.59385552756635,387.84377495459205,395.1901495931442,404.3424719223964,415.44,359.52
2017-07-10,15,423.45,394.1369452958435,387.22547628196867,387.2482257405135,392.81482097832367,401.77610549215615,413.07,350.54
2017-07-10,16,421.91,387.7213230500178,381.66598167966924,384.800822710065,387.38399449579833,397.25122715597064,404.47,352.44
2017-07-10,17,401.18,381.1809830186864,374.37493325289665,376.34326549510143,375.9672671515879,387.9933651051206,388.81,343.49
2017-07-10,18,391.78,375.898783545553,372.1066514665686,378.77355010352767,373.876738869373,371.40575375870264,384.93,339.19
2017-07-10,19,389.67,365.10557596030924,361.1691041725722,369.5035926938741,367.3694136118774,362.7357268654447,372.47,332.82
2017-07-10,20,379.96,366.10634683183,363.304167441171,366.1860324755426,367.48099224774097,358.07340495767016,371.24,324.98
2017-07-10,21,376.31,359.53026961723344,356.29651275035377,357.69546219986853,359.4940955004438,353.9673819385412,367.31,330.18
2017-07-10,22,352.42,319.7192024914495,323.1980219355194,323.4329877646531,312.40846084075736,335.9760901938692,332.6,316.08
2017-07-10,23,342.55,319.64739231412756,323.1411958911501,321.0098405849635,309.7364977738617,330.9488900895913,326.06,315.35
2017-07-11,0,336.85,332.65271390303303,329.62371923385916,330.5131151519037,330.32732251472464,340.99866626120394,320.08,318.89
2017-07-11,1,332.41,333.0916225307257,331.923545625952,331.4303127701127,331.8272791774526,339.6603234503255,318.8,319.8
2017-07-11,2,332.22,329.79526252029444,329.84170104386305,329.83482726890765,329.69269060403974,338.0525232644473,316.49,314.47
2017-07-11,3,329.01,332.0220183433899,331.39310705805246,330.86768386013637,331.0134089470095,339.3425657634203,316.01,320.31
2017-07-11,4,351.25,352.3404561400176,353.96228832021865,350.5178088770307,350.2234074737388,355.4928467529156,345.07,348.3
2017-07-11,5,361.81,359.49394408306523,360.19345730869327,357.740396549914,356.33328582768144,361.95727409832983,354.46,352.47
2017-07-11,6,365.57,365.75245882827363,366.1984160232889,363.49982472166727,361.680092653611,366.12094606141454,356.07,357.8
2017-07-11,7,371.33,357.6274707376107,357.84468144481673,357.02189415215474,355.1048229483452,357.89125796084977,353.42,268.58
2017-07-11,8,383.35,378.747556056918,380.0792282692169,379.28284759131895,378.63067883393506,386.91829031609007,357.23,373.6
2017-07-11,9,395.52,389.93280827043674,391.61829156218977,392.12723773532804,391.94866847179605,392.3009724368801,355.09,397.58
2017-07-11,10,404.79,401.8332500370511,401.63463997377556,404.5915969451163,402.9475143385504,398.27659636157205,356.66,416.88
2017-07-11,11,414.25,417.9838894007332,416.56810848341934,415.91601849123896,413.9669467965046,408.08283005941,372.23,426.93
2017-07-11,12,424.02,417.66496245986866,412.96699229694934,416.0799891478376,414.89782317821334,409.1918683184526,371.43,422.54
2017-07-11,13,421.97,418.5612404394957,415.7466190198148,416.80903691173563,415.20106717821784,411.2220373560838,373.2,424.26
2017-07-11,14,416.78,417.1567319100124,415.2847758642454,415.0201145483957,413.6084135551501,412.3665755381764,375.42,424.31
2017-07-11,15,420.64,414.7531235717627,412.504016474177,411.2421987806331,408.7494653088114,409.2059452805658,369.05,423.45
2017-07-11,16,407.67,409.7435921500571,407.7529169663437,406.8543088654007,405.7202933741492,408.0298638959058,370.16,421.91
2017-07-11,17,394.62,398.36420787179475,398.18179091813886,398.4739552303175,397.94193921230044,402.45909804421524,367.62,401.18
2017-07-11,18,392.88,383.7043672832266,383.1549975973615,382.2670603033561,381.0084695635447,386.24978457023445,365.96,391.78
2017-07-11,19,390.99,382.0431247687388,381.723195627466,380.6730128075228,379.4093541406192,382.64154600722856,365.29,389.67
2017-07-11,20,382.04,370.1943150844903,368.40220039511684,368.5022229476415,369.69855091707893,374.1479651106515,354.72,379.96
2017-07-11,21,366.72,365.4813326178973,365.72475117762673,365.44164778518234,364.5291867251588,369.54407888824403,352.19,376.31
2017-07-11,22,341.98,346.327110333401,344.2414218978997,341.9512902368848,341.6011610952207,354.19771244872834,327.29,352.42
2017-07-11,23,320.95,342.1146008179841,341.423162014437,339.5868819318908,339.8000129044003,347.0267139525155,317.98,342.55
2017-07-12,0,322.37,322.42389516854047,323.8674801606715,322.4523756193139,320.9543270147852,327.4863668112727,316.29,336.85
2017-07-12,1,324.39,318.7690592623722,321.1543230085239,320.80511156277777,318.67089405646755,325.08968695699235,313.95,332.41
2017-07-12,2,319.83,318.42664228572784,321.1543230085239,320.70444644913414,317.8135510338763,325.86766624218245,316.29,332.22
2017-07-12,3,322.47,318.53014420155097,321.10776529159756,320.42231668655563,317.8135510338763,325.335132625044,313.89,329.01
2017-07-12,4,344.38,338.1188509307886,338.7624752236937,339.9572463098078,339.5777415755491,339.927013121165,340.7,351.25
2017-07-12,5,354.57,348.82984571584944,351.3412114082995,351.26398429007145,350.13312619539823,347.97151113497375,352.25,361.81
2017-07-12,6,360.02,353.85663779163207,355.28125428974863,354.134785118273,352.3086181680277,351.7042959288616,353.23,365.57
2017-07-12,7,361.16,360.8399853409685,360.9192047289811,360.5214695569533,357.1477032076712,359.294555955804,362.58,371.33
2017-07-12,8,375.87,373.81834943678706,375.6566598428756,373.5539285344374,370.7291019076932,380.92894273015355,373.77,383.35
2017-07-12,9,391.19,382.7547890994721,385.0273811109428,383.56570980003886,381.94642741796054,392.8585579810436,392.12,395.52
2017-07-12,10,408.87,395.06858636341434,396.78673814334064,394.1283927057297,397.54055321060554,405.1376749551975,413.0,404.79
2017-07-12,11,415.75,405.95906047908613,404.0012501930421,404.1923363446867,407.21170463508656,410.1656275452728,416.35,414.25
2017-07-12,12,410.3,413.6222935545773,413.6602111380944,414.33049759321716,416.74858826243724,415.7831443389665,422.85,424.02
2017-07-12,13,411.99,415.92448154773575,415.84378011214375,414.86442331094526,416.8242438698518,417.40400185294027,424.66,421.97
2017-07-12,14,411.05,419.21291086637706,420.39006456348505,418.4080124124679,417.94321151579953,418.67664030610285,428.76,416.78
2017-07-12,15,408.1,413.6695604247523,414.34925437608626,412.5796125039326,414.675018444429,415.5256465861987,420.94,420.64
2017-07-12,16,415.31,408.7380502721669,410.3621089474674,409.88612134332175,411.5724528253393,413.7317096896488,423.9,407.67
2017-07-12,17,392.0,389.68179200575474,391.4176932070377,389.6638381289835,393.1821968230009,402.54699621257373,404.49,394.62
2017-07-12,18,387.99,382.1517319969379,384.308388929777,382.77012225990677,382.6041203714295,383.38495201530577,394.64,392.88
2017-07-12,19,379.7,381.0181747079927,384.51503093446456,382.86310789281214,382.040673774927,377.93972974050945,389.16,390.99
2017-07-12,20,368.73,378.83897337845696,379.8172925610557,379.490411892217,379.21301790980436,371.8489650278514,384.59,382.04
2017-07-12,21,359.46,362.74851644506845,361.91862996815803,361.4178175048809,363.0159653652907,359.5094660728333,365.64,366.72
2017-07-12,22,326.24,340.78804122551713,341.024939256104,338.1634903651504,339.69002938805744,343.1158854184705,338.33,341.98
2017-07-12,23,316.11,323.3381200218994,323.0201226337715,322.9454621251495,322.6502361769879,333.933435578624,327.26,320.95
2017-07-13,0,314.3,315.51598837839157,313.14302780981143,312.89059626695797,312.96168069714713,326.61035450597547,327.8,322.37
2017-07-13,1,312.41,313.6168392386563,310.43507638353026,310.8345180510654,312.0312733663256,325.63368585051086,327.13,324.39
2017-07-13,2,312.84,310.698089955876,308.3269162146181,309.4015214405101,309.2576649096939,322.4101372441501,320.42,319.83
2017-07-13,3,312.53,311.59265229798285,308.459874981519,309.56203195409233,310.0444983382391,322.89428895301404,318.84,322.47
2017-07-13,4,336.02,337.3387718186537,332.7275742813508,337.4296583687191,336.1362754872189,336.1060605292763,342.16,344.38
2017-07-13,5,345.69,349.45914166938354,345.4297277304614,348.49888635249494,345.1129985726904,344.5920103512909,354.95,354.57
2017-07-13,6,350.35,352.5302687986514,351.74082241570045,350.5862177156133,347.9689203393501,349.43054801179215,358.27,360.02
2017-07-13,7,351.5,340.80872951804565,339.5235047258431,340.7130168601728,337.6696903173647,339.39918614152407,323.47,361.16
2017-07-13,8,373.13,368.4982521287459,367.3320065483829,368.41841548366574,364.94334172662155,376.9974468286912,376.45,375.87
2017-07-13,9,388.96,382.7644773411565,382.4516230859489,382.3186921434063,381.55838789916334,388.04373004549905,391.58,391.19
2017-07-13,10,406.5,399.9575781033777,398.70676477336264,397.69020425373697,396.8713496198319,359.82729215346563,305.23,408.87
2017-07-13,11,425.47,405.6594353498835,403.3240623835416,403.79119899492713,405.2206681645652,405.0921070078678,413.43,415.75
2017-07-13,12,420.23,415.06178227324233,413.4883636871896,415.7485354158166,418.15763329566624,410.85797014312465,424.98,410.3
2017-07-13,13,425.34,416.12134887371604,414.98410234189544,416.01938370913484,418.33696747090977,412.3673328941201,425.4,411.99
2017-07-13,14,422.17,420.600010237784,419.1958895732417,420.6986206111893,421.0665504140003,415.83660661747206,433.92,411.05
2017-07-13,15,420.76,414.504749097335,412.8354409322395,414.56946222133894,416.1811373234158,413.4666386891314,430.22,408.1
2017-07-13,16,418.96,416.1401285723004,415.6497016392554,417.28695624005195,416.3680500607903,412.08546523491043,428.13,415.31
2017-07-13,17,406.35,399.37281194710675,398.70500838080255,399.8328544492617,398.5343687905794,402.43806201555316,415.83,392.0
2017-07-13,18,399.44,391.82194834253204,391.6623140401963,389.9420986271971,386.7050701898699,383.91221629053183,407.0,387.99
2017-07-13,19,394.75,391.6574364691135,391.1328760407885,388.43091822719634,386.12509464798364,378.0251734536754,402.32,379.7
2017-07-13,20,379.52,384.62807774441274,381.71571297741957,380.7385668672936,379.8236970930729,371.53965945939973,397.33,368.73
2017-07-13,21,368.87,372.1481089344189,369.08593429981573,369.3205794039309,368.7034356497555,360.5433339844532,379.99,359.46
2017-07-13,22,341.33,340.65940027996635,336.9094559814621,339.6789726502326,337.96968488104676,341.8093765014516,349.18,326.24
2017-07-13,23,326.91,325.29142799265776,322.76228017535135,322.89042263944947,320.989932771613,331.4703601678261,331.77,316.11
2017-07-14,0,327.94,318.39159209141906,316.92255316982084,318.66953463463005,320.9466425939945,328.2164149513351,331.66,314.3
2017-07-14,1,328.93,317.07995127316127,316.20838028341365,318.0368319428284,320.6421200651564,324.9253583509858,326.19,312.41
2017-07-14,2,322.01,317.02949109220515,316.20838028341365,318.1256226520419,320.132132536059,324.8050881761264,325.98,312.84
2017-07-14,3,320.3,317.02949109220515,316.20838028341365,318.0834167370086,320.132132536059,325.59754567425193,326.09,312.53
2017-07-14,4,347.18,335.45142743612377,331.1398368775042,332.26414350636975,334.97200305664205,338.3352101161412,347.7,336.02
2017-07-14,5,357.75,352.2867960054148,351.47338258409417,352.1345156850783,351.16891943491595,347.5227778396969,362.46,345.69
2017-07-14,6,363.75,351.3244804184977,350.5836374197824,353.5395466985432,351.7233294481378,350.23034069669734,360.51,350.35
2017-07-14,7,366.16,357.591793415367,356.67816889347904,358.08501768697585,357.27243938794635,355.8952290290409,366.29,351.5
2017-07-14,8,381.18,378.5477793925135,377.549834508793,377.70978927686417,378.47406950286125,380.46030799298006,383.68,373.13
2017-07-14,9,391.22,387.70671334000934,387.76607947849453,387.5494853455146,386.94009982393396,388.76498134482716,391.57,388.96
2017-07-14,10,408.88,404.43132293763364,404.5724537615635,402.34045490918913,402.9781956260784,400.31406171455563,408.08,406.5
2017-07-14,11,417.75,414.9997240593276,413.48716404199666,411.2150786922277,409.9573247781947,408.34890502355296,416.35,425.47
2017-07-14,12,425.74,418.2015988473439,416.027288443855,414.24458828341676,415.8932320516549,413.2205993077726,425.53,420.23
2017-07-14,13,426.77,420.27876940010754,417.2883265934438,415.85659446504894,417.30254898455985,415.4898697001897,426.88,425.34
2017-07-14,14,418.83,416.9845418030688,415.1760050021993,412.58373372536516,414.8621832300494,410.64586712028427,414.59,422.17
2017-07-14,15,419.22,417.9891576948884,416.24365704037547,413.58834961718475,415.7805769025659,410.81853273465947,417.0,420.76
2017-07-14,16,414.21,405.81510609555545,403.4384064185422,403.19040912941654,404.38009084747097,403.0653692816124,401.18,418.96
2017-07-14,17,399.16,393.38603953307546,391.32273585430363,393.77897944693035,393.4092460339427,394.6916335246244,388.92,406.35
2017-07-14,18,388.6,381.2981484334833,378.7571089339024,379.9537397882692,379.2652739588609,376.9729950882543,382.85,399.44
2017-07-14,19,381.22,378.1682986940165,376.5166829461632,377.82268131189954,376.1085619609257,372.85969921530597,381.66,394.75
2017-07-14,20,377.27,372.59535852149776,371.24096459402233,370.3661219971868,369.8292860018014,364.28799306967574,372.57,379.52
2017-07-14,21,364.32,359.23238698121975,357.9933450317138,358.14713014576273,359.73845336062305,353.2041357608143,355.42,368.87
2017-07-14,22,337.99,336.59679911983716,333.0529318944526,335.6024528633324,337.8320567069781,337.1979601327954,329.93,341.33
2017-07-14,23,334.03,323.97678651863157,319.27190638339573,321.2937827991304,325.4164795486695,328.9437455294235,319.21,326.91
2017-07-15,0,332.01,329.1595948937945,328.7398472094644,328.930882986158,328.092244719237,323.75378818257894,325.2,327.94
2017-07-15,1,330.6,330.09005265171254,329.95226044639395,330.1302666674732,330.41943232220217,321.7376015320044,322.17,328.93
2017-07-15,2,330.92,327.64643991972383,327.10344066170586,327.6472660014373,326.61691472328414,321.4066337195555,323.67,322.01
2017-07-15,3,325.77,325.74586999390647,325.5865962496505,326.14923062166525,324.9447064760888,321.8773121871473,323.39,320.3
2017-07-15,4,336.2,339.65436538373484,339.7962622625877,340.91494745500995,340.6828520984197,330.56119242435216,333.5,347.18
2017-07-15,5,338.72,340.9634353500959,341.120087802075,342.04207669318134,342.22240945268584,333.4466621450444,331.7,357.75
2017-07-15,6,340.87,347.74185407771597,347.5634332871941,348.2700972781614,348.4215393960778,338.3839995256833,335.11,363.75
2017-07-15,7,352.47,353.94202837900895,354.79991069476387,354.08019198592814,352.84116723469054,345.03747405033266,343.06,366.16
2017-07-15,8,360.06,358.33809079838426,359.0514066776948,358.65789322708065,357.5932055776416,354.2560327782452,353.38,381.18
2017-07-15,9,359.59,361.446435286334,361.5138664785021,361.23222831455513,360.2777582007584,359.6911436967884,355.6,391.22
2017-07-15,10,367.28,366.9027768379089,367.874250897718,367.2683761768365,366.03535759983714,368.5415102123804,365.08,408.88
2017-07-15,11,364.09,367.1358999817783,367.9953553790587,367.44762226027945,366.46515457766725,373.25625108362874,367.82,417.75
2017-07-15,12,365.65,372.22875659020656,373.26060324471956,373.8518802413052,373.3683254455531,378.3658075828554,373.57,425.74
2017-07-15,13,372.0,375.1442789689046,375.97681906590407,376.33306690296945,374.81464465524783,380.9440262618616,376.94,426.77
2017-07-15,14,369.71,370.3486499696883,370.4911103847107,370.1420115111352,369.9029818859293,377.9246370608618,370.8,418.83
2017-07-15,15,362.8,366.9677412913585,366.4673512310436,367.5242127276571,366.884572948431,373.20212918854213,359.99,419.22
2017-07-15,16,359.84,362.5768898778285,361.13617233786107,361.0149449476995,361.02124143826734,367.9226780718273,351.53,414.21
2017-07-15,17,359.18,357.2536262221216,356.32950329032485,356.1159887713628,355.16969035761446,361.7131133446218,345.6,399.16
2017-07-15,18,350.8,351.34172978367906,350.7298815787249,352.1488784916068,351.2967583202079,355.61981576470845,340.09,388.6
2017-07-15,19,349.23,347.1717006676202,347.02493938199643,347.7067293266387,348.16046361390266,349.42914104541376,334.35,381.22
2017-07-15,20,345.96,343.3783275674498,342.08953430926795,343.1975699472316,344.6914112883599,344.45985527210735,331.15,377.27
2017-07-15,21,338.99,339.5970659140259,336.555774070831,336.8767467344512,337.21008470594074,336.9954357864909,324.07,364.32
2017-07-15,22,326.66,328.5938198598366,327.26465053450966,326.6934238792432,327.3814469562561,326.3546487419443,312.1,337.99
2017-07-15,23,326.2,328.73861427049957,326.7632855002615,326.8189317257173,327.31266045134237,322.84368719998463,310.48,334.03
2017-07-16,0,327.19,328.3700769918863,327.5347745848825,328.74229314536177,329.90442199587284,310.3130275706089,307.9,332.01
2017-07-16,1,324.66,326.56873384437534,324.98556447997765,326.02779884061596,327.6727597118221,308.32976400008727,305.68,330.6
2017-07-16,2,327.19,323.8007895535698,324.98556447997765,325.8335621136551,325.8050934071844,307.81605722868954,304.5,330.92
2017-07-16,3,325.9,321.5480271469063,322.5959583663373,323.87997506031223,324.64955394581636,308.9085437167009,306.87,325.77
2017-07-16,4,339.91,331.7386502516724,330.9012340046752,331.4635495516791,330.452510683721,316.93052109075376,320.27,336.2
2017-07-16,5,339.24,334.6835350026031,333.65885933373863,334.49929740995253,334.9323750006178,322.38920672215147,327.57,338.72
2017-07-16,6,339.94,339.217959919924,339.91198044066505,339.0642580890981,340.05072409012854,324.52992672371755,324.92,340.87
2017-07-16,7,344.0,340.3589667854016,341.4201091804949,340.64241820698606,341.9913911044437,329.87036395289545,326.68,352.47
2017-07-16,8,350.62,344.3438388147958,345.2709465379204,344.6373116774085,345.30860503651803,338.6586505815927,338.15,360.06
2017-07-16,9,356.0,345.76190519553495,345.86190162722926,345.6604077788143,346.9796862973389,341.54851049044186,336.99,359.59
2017-07-16,10,360.11,352.399992146471,352.0353848783174,352.1792556442309,353.80448928827286,349.8545345950809,348.1,367.28
2017-07-16,11,359.78,353.7633817246663,352.6942865452109,353.25478435217923,354.892458631806,353.00518554509256,350.47,364.09
2017-07-16,12,366.2,355.7483611121224,354.91841819834644,356.6577352289768,358.572267984863,357.4179783078253,356.38,365.65
2017-07-16,13,369.08,357.0368790251235,356.155794392896,357.3039500127669,360.1083582248104,359.8156606785137,357.67,372.0
2017-07-16,14,371.88,356.9163547342345,356.5660985219133,357.4592422223383,360.58145749653005,360.5495380190509,359.52,369.71
2017-07-16,15,361.09,353.4836075008083,353.4829081100181,353.95569464692693,356.16795751388116,355.6742179368457,350.54,362.8
2017-07-16,16,360.5,351.9896837688483,352.2423859551483,353.38026468295044,354.4917711630693,354.64173357046457,352.44,359.84
2017-07-16,17,356.23,348.3981455099541,349.0369433447094,350.47957039863275,350.4808911101211,348.9565689680632,343.49,359.18
2017-07-16,18,352.9,344.53032820835847,345.61858197280833,346.9011036687047,346.54701420301706,343.587519200155,339.19,350.8
2017-07-16,19,344.15,342.2791640004714,343.4460496086064,343.2503301357415,343.47138875770696,337.83709838319845,332.82,349.23
2017-07-16,20,342.32,339.0433530948993,338.6465316922851,340.76065718882955,340.4628575978002,331.15397413815657,324.98,345.96
2017-07-16,21,346.58,335.0024283580549,333.17841680184034,334.0369131496805,335.8055629415187,329.144072610748,330.18,338.99
2017-07-16,22,329.81,326.52986434701563,324.9044665452887,327.7554797473401,328.4765944732615,319.32844427613276,316.08,326.66
2017-07-16,23,326.67,325.9998332949076,324.0973927162435,326.464079250493,327.5748473806763,316.57545335388505,315.35,326.2
2017-07-17,0,328.7,313.4538368539575,314.51110375661216,314.64424380417853,308.14588999604047,323.39496509707044,318.89,327.19
2017-07-17,1,328.84,312.70416110573353,310.7826565040543,311.2303356389369,304.74444499236216,322.47951006359983,319.8,324.66
2017-07-17,2,326.7,314.72591354239796,310.3442729320445,315.0286547949117,307.68000995424893,320.61046997215897,314.47,327.19
2017-07-17,3,328.72,312.5364230189194,306.79483008975296,310.8962728440472,304.041816002714,323.4904582240166,320.31,325.9
2017-07-17,4,358.77,340.6157472169841,335.42668406688034,336.96061349202853,331.8033349966975,337.56998825069076,348.3,339.91
2017-07-17,5,364.02,351.89138153133257,349.22504890285114,351.8738882972242,351.21606070050944,341.43845248193213,352.47,339.24
2017-07-17,6,367.34,354.60286442859115,353.7032302018745,354.80113960778954,353.73829222547033,346.49357507719964,357.8,339.94
2017-07-17,7,369.55,348.99680757184524,350.9587697959042,349.57945613668824,354.7829014243971,315.75937015275554,268.58,344.0
2017-07-17,8,379.04,374.0382002152075,373.0437799994332,374.21906046929234,371.0159806293361,373.0696336768317,373.6,350.62
2017-07-17,9,394.68,390.07791375453166,390.3481229474699,388.22411911343767,386.8729176494198,386.3781616603967,397.58,356.0
2017-07-17,10,408.99,397.49210513332883,396.9051620300752,392.5800642525595,398.0231147487242,397.4394381347501,416.88,360.11
2017-07-17,11,412.5,403.94110745146503,401.60859720742513,396.89158021935197,400.56588368943954,403.9073208516678,426.93,359.78
2017-07-17,12,423.17,402.1005896288474,400.8505120937355,397.4243782205887,401.98437301602115,404.9192022752861,422.54,366.2
2017-07-17,13,424.84,402.7314694875717,401.87218789543846,397.28475900103155,402.6202689842659,407.0858996632029,424.26,369.08
2017-07-17,14,428.03,402.6842935766486,402.0856727083851,397.69153378702674,402.76416082256145,407.73277414341453,424.31,371.88
2017-07-17,15,415.41,403.21199147565784,402.28663113947226,398.47500115002737,402.8679455452322,405.55033155397786,423.45,361.09
2017-07-17,16,413.63,401.04040436311254,399.3963784706151,398.5608129451512,402.12322166163216,403.4729736265618,421.91,360.5
2017-07-17,17,407.76,396.8977706908509,396.1462011542421,394.95048917978016,393.00366896823556,392.811055700638,401.18,356.23
2017-07-17,18,390.86,381.4930639882805,380.5524898828603,384.63001485508113,382.3281002752042,373.6161444970264,391.78,352.9
2017-07-17,19,387.98,378.1657632063235,378.63934514304066,382.27180432437336,383.02223447849383,368.66707916539383,389.67,344.15
2017-07-17,20,379.16,373.4745437235743,368.6671976778785,374.6647374918383,377.9839319419297,361.42587652359674,379.96,342.32
2017-07-17,21,369.62,370.97136926494284,368.1038659130394,372.00371169628727,374.8555367037856,357.3076650497222,376.31,346.58
2017-07-17,22,343.42,349.02465285789333,346.0845954576319,347.0457355766554,349.40936370541795,343.1742411613251,352.42,329.81
2017-07-17,23,328.22,334.34622592184496,330.93329784972144,337.6993689441954,331.90954757491,336.5605060034635,342.55,326.67
2017-07-18,0,325.86,325.4715078912104,324.0580495489971,324.7788386561096,327.0442307221494,332.4265355466615,336.85,328.7
2017-07-18,1,328.98,324.4717135710263,323.2092502153984,324.3187147958761,326.22670096889226,329.7402353084141,332.41,328.84
2017-07-18,2,325.07,320.4486495695422,318.60693764034096,319.8741816314403,320.5661794117725,329.2950166597273,332.22,326.7
2017-07-18,3,324.49,323.81791541400383,322.00475111819026,323.93413488046457,325.25772648527806,329.0515474610801,329.01,328.72
2017-07-18,4,348.54,349.2506710591405,347.4432635343657,347.8315272225271,349.62452043168093,342.7848370844902,351.25,358.77
2017-07-18,5,354.32,356.24592567838715,354.6144755903047,354.3003842805515,356.87253102908136,349.8153104100664,361.81,364.02
2017-07-18,6,361.67,361.03553856957717,358.44454284245694,359.0806781535635,360.34812436147314,354.56941039140486,365.57,367.34
2017-07-18,7,372.28,367.26751964589266,364.05531987137255,365.3653510624552,365.0920432545634,360.35556925086024,371.33,369.55
2017-07-18,8,383.72,377.42051462176164,375.5634874842963,377.81848687012035,377.6538246962675,382.61641785748253,383.35,379.04
2017-07-18,9,396.59,387.45305388612013,383.8616887475137,388.6678001151296,386.1133810667641,392.57408432213947,395.52,394.68
2017-07-18,10,413.78,409.1508481676664,404.66150409590216,404.70541140291135,405.8262333113216,400.96883624052043,404.79,408.99
2017-07-18,11,428.86,415.5410147028271,410.3910893201376,410.5691890697668,413.226405363768,407.67506294423083,414.25,412.5
2017-07-18,12,433.97,419.3066453418159,416.9056594514831,418.0919036676164,419.4266208745496,414.6795515601351,424.02,423.17
2017-07-18,13,430.72,418.924029947181,416.6253720635466,417.07487249776506,418.01286935726193,415.2614940663149,421.97,424.84
2017-07-18,14,436.69,420.06021395807693,417.66618747485285,417.77726394802653,419.25810317225927,413.94224813066984,416.78,428.03
2017-07-18,15,428.92,418.8320505017488,417.3087182297985,416.11783610393775,417.7387520524432,413.382672815092,420.64,415.41
2017-07-18,16,425.47,412.1166568219036,410.2412225797571,409.817576355684,411.3660100722684,406.7541233394355,407.67,413.63
2017-07-18,17,417.14,400.80864249527235,400.57298185653093,399.390286881329,400.90328911928896,398.88046129277564,394.62,407.76
2017-07-18,18,406.93,382.62284414882123,384.0195311962354,384.24609726277373,384.8008591442394,380.4766193667038,392.88,390.86
2017-07-18,19,405.02,380.4312658900076,382.08076073913134,382.1572057145881,383.7503493700126,376.3012830534649,390.99,387.98
2017-07-18,20,397.36,375.652606347638,375.6044334314634,375.59019570155897,377.539571883096,368.52544026593847,382.04,379.16
2017-07-18,21,386.82,364.47244597338766,362.98527785475744,363.54021783484865,365.8530716433228,358.2600456288547,366.72,369.62
2017-07-18,22,355.96,343.07310286600125,342.72275010400654,340.8292859413333,342.47675326882404,342.6756293362129,341.98,343.42
2017-07-18,23,351.01,328.5440891523782,325.8555849199418,328.93219281452286,329.43389132849404,330.3116979597737,320.95,328.22
2017-07-19,0,352.35,334.74105119813845,333.7592924329021,334.75640628351056,336.7258834590662,337.2683754585006,322.37,325.86
2017-07-19,1,348.41,338.86415581879726,336.53180356964367,339.020248446052,339.71141449308254,337.4366014854353,324.39,328.98
2017-07-19,2,343.56,335.6469323550018,334.02884004981615,336.3621481848682,337.4483940465284,335.09783925122025,319.83,325.07
2017-07-19,3,342.05,336.0612841681642,334.24461214612285,336.3199422698349,336.81043495858654,336.81531324018925,322.47,324.49
2017-07-19,4,360.32,352.9794654815362,351.8840411751206,352.6235299023867,352.7948920282929,349.7182108586029,344.38,348.54
2017-07-19,5,372.65,360.4871224307596,358.6105931802027,359.283905655526,360.8606419624583,356.6699878164721,354.57,354.32
2017-07-19,6,373.15,368.00212538192346,367.2570521644774,367.99533519767675,369.0861205231114,362.55264129095417,360.02,361.67
2017-07-19,7,376.19,375.64144738449727,373.5626305712941,375.1853178043529,375.7906746286355,367.53961332996505,361.16,372.28
2017-07-19,8,389.47,390.91287723339786,388.533936976099,387.1382540275445,387.8383091904593,390.87432250199083,375.87,383.72
2017-07-19,9,403.24,399.99468138044494,399.2663683891808,400.27262568670585,400.8809968393983,401.7211358345278,391.19,396.59
2017-07-19,10,429.27,419.0189570248593,415.78367505497454,415.4063994869512,416.9838916689816,413.7033160268663,408.87,413.78
2017-07-19,11,432.28,425.38565843027624,422.5161264145027,421.8646419674209,423.4000794215971,420.76814560925055,415.75,428.86
2017-07-19,12,431.65,426.06495155111674,425.44457727134517,425.1988470615766,428.41407623124684,421.2263662636504,410.3,433.97
2017-07-19,13,436.78,424.8017328299317,423.0950210405563,419.9918665674389,423.46609896106094,422.6706196553531,411.99,430.72
2017-07-19,14,434.02,426.75822246530515,425.13842891918847,425.1238286394901,427.6934327364547,423.31734943082665,411.05,436.69
2017-07-19,15,439.09,424.6424749072339,422.32743714218964,420.679711112755,423.41097930419846,420.6902803000722,408.1,428.92
2017-07-19,16,435.53,422.50545379917094,420.46201372739273,418.26837543869794,421.0082971010725,421.66710659309933,415.31,425.47
2017-07-19,17,424.88,408.1230524077314,408.39714285376226,406.1266346875803,408.632062982923,409.53361284936045,392.0,417.14
2017-07-19,18,407.29,399.18877269470215,397.5551777965987,397.1145309837842,398.7924010033733,391.23226811823974,387.99,406.93
2017-07-19,19,398.82,397.6988351977252,396.6527008330999,394.2924416473614,395.7510154118314,384.69640254890356,379.7,405.02
2017-07-19,20,395.83,383.0271109414426,383.6205564162861,382.41990278052253,384.702922619349,376.27781435124103,368.73,397.36
2017-07-19,21,386.39,368.1279250168218,369.44043438137356,369.82508230976055,370.40265009994846,368.2380006595548,359.46,386.82
2017-07-19,22,358.06,343.8475506727454,344.27721742006975,342.4031288034508,344.32410640687976,348.82963176561856,326.24,355.96
2017-07-19,23,352.73,339.5186958377406,340.27692425026277,338.960830792253,340.7465025235468,341.8926006679418,316.11,351.01
2017-07-20,0,349.81,342.65086893853345,342.9744936367524,343.30398885678363,341.4193834215908,338.9310227997957,314.3,352.35
2017-07-20,1,348.5,341.0010775553909,340.7958222183608,340.96202474628376,340.21337386551147,336.7656177339505,312.41,348.41
2017-07-20,2,347.27,341.39326386906856,341.22835792265,340.83035230211783,340.20630159589206,336.2550206150779,312.84,343.56
2017-07-20,3,342.17,341.6785904714783,341.4871711537968,341.46247896541723,340.2730228226545,336.7295979191735,312.53,342.05
2017-07-20,4,365.55,354.2637174873195,352.6245766963806,353.4370358119988,353.96325595828563,349.56925058170646,336.02,360.32
2017-07-20,5,378.15,362.52496485518833,363.42119698326206,361.26230342000696,361.70047750953813,357.09426233017035,345.69,372.65
2017-07-20,6,377.51,367.15325819887937,367.20739521656196,364.84967222722656,366.7745984637822,361.8665711727952,350.35,373.15
2017-07-20,7,376.14,369.7021790361586,369.8404351587332,368.87694590623965,370.1992082420207,365.965422189421,351.5,376.19
2017-07-20,8,391.99,389.5771136334324,387.33975409864854,386.4199242568647,386.643035857281,391.8454879145864,373.13,389.47
2017-07-20,9,403.54,398.92562760206795,397.2929086932918,398.95884312157557,399.21881388499014,402.98968531226774,388.96,403.24
2017-07-20,10,415.16,418.50367289643197,416.613014216535,417.0812736800256,418.39381872012495,415.95038288393795,406.5,429.27
2017-07-20,11,427.35,429.0407777768816,427.622797256351,428.26900784096114,428.18211879143485,426.26231184045855,425.47,432.28
2017-07-20,12,435.25,429.31714679429626,428.8989122192493,429.46388685945027,428.8664276264392,426.11693536590803,420.23,431.65
2017-07-20,13,437.82,436.4522681008813,435.23086373690484,435.3975783275415,434.5771195370693,429.86062214443103,425.34,436.78
2017-07-20,14,432.59,435.96070480939505,434.8873393499643,434.78777395471377,434.33634977418416,428.6088334209168,422.17,434.02
2017-07-20,15,430.76,435.00276565551195,433.77528988785957,433.9748606885789,433.13235360512095,428.0807393639951,420.76,439.09
2017-07-20,16,428.23,433.2732365456911,430.9311177059379,430.93274934885926,430.60350517546533,425.55399796501985,418.96,435.53
2017-07-20,17,404.13,418.3330889462471,416.20366650308785,416.78216219238635,414.02368087378,417.2823860019386,406.35,424.88
2017-07-20,18,399.61,406.46508088312095,404.89992226579795,403.8864671061208,401.5938531989895,397.333772917687,399.44,407.29
2017-07-20,19,390.13,396.2713642736175,395.68292795032716,394.63586834170263,393.7487910196405,391.419632776047,394.75,398.82
2017-07-20,20,386.34,391.9638155514336,393.39608410681365,392.6950819622567,391.3462593471425,381.90652065080604,379.52,395.83
2017-07-20,21,371.71,380.6762658664074,382.2643849740212,380.61744418316835,379.6143617038264,373.4681649601097,368.87,386.39
2017-07-20,22,345.24,351.8808962655485,353.013355093498,351.3375527879512,350.8012150996542,356.56190853307595,341.33,358.06
2017-07-20,23,333.52,341.7651133357387,343.03986293342393,342.2415503089536,342.0116073054124,347.9296566281601,326.91,352.73
2017-07-21,0,335.25,336.80807854926593,336.3802186020567,336.39988407760944,336.6441813964122,332.205992794633,327.94,349.81
2017-07-21,1,329.84,336.33977318413565,336.01919273636963,335.58689216964405,336.78388079651364,331.4652393727122,328.93,348.5
2017-07-21,2,330.97,336.32930010379744,336.01919273636963,335.60097986514853,336.2738932674162,328.538981884405,322.01,347.27
2017-07-21,3,326.25,334.6750104429491,334.7237563985719,334.95965703925907,335.17926474435575,328.05065812998595,320.3,342.17
2017-07-21,4,350.11,352.1267049460823,351.82969296203015,349.8890223310484,352.7580646285011,342.8035464082703,347.18,365.55
2017-07-21,5,362.05,360.2958424401849,361.2024637946975,358.55971294102335,361.1137580909984,350.7089167032011,357.75,378.15
2017-07-21,6,368.53,365.7685937524885,365.1260332956563,362.9387500953221,365.24683029654676,355.8655301401572,363.75,377.51
2017-07-21,7,368.22,365.85517882148434,365.90691208755095,364.0919051839448,365.8743909193593,359.9326334514979,366.16,376.14
2017-07-21,8,374.55,382.44642811221075,382.3254174255262,381.0963511615025,384.19307315601407,383.51160784369307,381.18,391.99
2017-07-21,9,389.07,389.66247435432274,389.62907253531296,390.27148557640334,391.7540810312911,392.15436957914096,391.22,403.54
2017-07-21,10,399.09,406.2986261424264,407.05487757968183,404.09634138656014,406.9079094552009,403.4648612071181,408.88,415.16
2017-07-21,11,410.74,418.0705006242229,417.5447521650893,414.59757795713773,417.26546647032217,410.9493685673124,417.75,427.35
2017-07-21,12,421.34,426.3641966748188,425.82466482688676,425.28361194069714,427.78938259545845,416.92348111435234,425.74,435.25
2017-07-21,13,415.33,428.0633685457867,427.549595673265,426.5652206921318,428.2487061624717,418.7866219728126,426.77,437.82
2017-07-21,14,416.87,422.349592547234,422.1793254066982,419.5051461932477,422.5654328404412,415.39808859630625,418.83,432.59
2017-07-21,15,417.53,421.24609163358866,421.07582449305283,418.40164527960235,421.46193192679584,414.75326289213376,419.22,430.76
2017-07-21,16,408.39,412.0511737236611,409.969308189851,408.6524437387166,412.478157938257,411.1053904206056,414.21,428.23
2017-07-21,17,394.16,395.7858648924446,395.75822680559116,395.11861291906814,398.9170485000659,400.3069135752953,399.16,404.13
2017-07-21,18,390.0,381.6969985204178,379.26502668099357,379.5925255977578,382.4474191489173,380.5307504496757,388.6,399.61
2017-07-21,19,378.26,377.146372353726,375.5120538533158,375.23033032863077,377.79884474612294,373.45750495512965,381.22,390.13
2017-07-21,20,378.5,376.3082243680208,374.9275429363247,374.1150975595083,377.2330666380747,368.2135798246093,377.27,386.34
2017-07-21,21,368.77,366.6578490630447,365.36068062529785,364.2858487988961,365.53731860122076,358.2757188650126,364.32,371.71
2017-07-21,22,339.89,340.2068132386157,338.13838401429314,338.7913662105638,340.3269794936802,342.057340050642,337.99,345.24
2017-07-21,23,335.82,333.94222264346445,333.02107577482576,333.0356133863444,334.9185857152201,336.7200443120896,334.03,333.52
2017-07-22,0,329.07,332.4990098306819,332.93775360760765,333.3729623121096,334.21769296696493,325.0094745819071,332.01,335.25
2017-07-22,1,326.71,331.21951679440804,331.06772802000654,331.66256879030226,332.91315828667535,322.8551858564164,330.6,329.84
2017-07-22,2,322.17,331.30246732654774,331.28045859531255,331.88649667598395,332.3291270376943,323.0042445169349,330.92,330.97
2017-07-22,3,323.17,327.2963672877954,327.6367055720234,327.68735674368395,327.8054300493618,321.2278594787143,325.77,326.25
2017-07-22,4,330.72,342.3937992839069,340.6587731425529,342.04943642080474,342.8226803576258,329.67302622455094,336.2,350.11
2017-07-22,5,334.7,345.4646813411089,344.53804473763427,345.6347233010203,347.5266950486096,334.38609616668964,338.72,362.05
2017-07-22,6,336.01,347.6291323170464,346.9536055120404,347.48125807418484,349.09958653796923,338.8910496107277,340.87,368.53
2017-07-22,7,338.79,357.39902908492365,357.30363141350017,356.9758006181369,357.3936281319476,346.6377249154212,352.47,368.22
2017-07-22,8,352.76,360.89095894282144,360.8832490675356,361.2324733448942,361.89617533637795,353.7823233274058,360.06,374.55
2017-07-22,9,353.93,362.57052835948525,362.2812949423268,362.5072772224887,363.42383323800055,358.7112849446837,359.59,389.07
2017-07-22,10,361.66,367.2107098901852,367.6121821144777,366.04611881219427,366.1112345742692,365.9796174712618,367.28,399.09
2017-07-22,11,357.39,366.79061413313906,367.4432128016762,365.80043291993246,365.7313801806939,368.7387056234145,364.09,410.74
2017-07-22,12,362.47,368.36186769644416,369.85450609264086,368.26195067468586,367.99368998790834,372.5463863511474,365.65,421.34
2017-07-22,13,362.13,372.5601760209687,373.8006228498967,372.19031973070076,372.82817441765786,375.46041094463425,372.0,415.33
2017-07-22,14,360.74,369.26140408541727,370.46833121252155,369.0200348893938,369.1373409383324,375.05641655011243,369.71,416.87
2017-07-22,15,352.03,366.979173309168,367.17109201813247,366.76507621621187,366.3488436659537,371.88338774475835,362.8,417.53
2017-07-22,16,350.46,364.4553056088408,364.3590344084237,364.76868318473913,365.06181007035315,368.2523557155141,359.84,408.39
2017-07-22,17,347.73,362.5144067841838,362.28412076437314,362.90143166639274,363.1631149906591,364.18206572280883,359.18,394.16
2017-07-22,18,344.44,358.37981230106294,358.14789320626693,357.79962579937524,358.45711705507347,357.7333272387609,350.8,390.0
2017-07-22,19,348.58,356.6044893081342,355.97232578496664,355.9382705280349,358.21013755077314,352.64094592463306,349.23,378.26
2017-07-22,20,342.76,353.05511535971954,352.3067455237331,352.50595508722853,354.40488756373867,348.13313949613627,345.96,378.5
2017-07-22,21,339.39,345.0045953302317,344.21504612990356,345.10787193628664,347.6888848175725,341.0830353179042,338.99,368.77
2017-07-22,22,327.54,332.1142650346202,331.6217224239729,331.98404630975637,332.7703927833621,329.99367158763084,326.66,339.89
2017-07-22,23,320.94,329.8112857504847,330.4934701878506,330.6602110759105,331.84327624093225,326.90761676574766,326.2,335.82
2017-07-23,0,322.19,325.6248732345301,323.206245829242,325.68848115136325,324.39454788157485,313.8766203389773,327.19,329.07
2017-07-23,1,321.02,319.7276693678811,318.5517742777743,321.3428284385202,317.64963451601324,311.6529935367886,324.66,326.71
2017-07-23,2,319.9,319.76187480323546,318.556651014117,320.18574242814105,316.98252607444954,311.99426997522755,327.19,322.17
2017-07-23,3,318.12,319.6724999894166,318.556651014117,320.20203524022656,316.98252607444954,312.3878744583023,325.9,323.17
2017-07-23,4,334.69,332.348082467479,331.0776971656995,333.89735566837106,329.71869044735735,320.3015715500217,339.91,330.72
2017-07-23,5,331.06,335.1822798257703,335.51082055933784,336.30576363266727,332.09826881833243,322.8460999522348,339.24,334.7
2017-07-23,6,331.85,337.7300459284249,337.61207625965307,338.7220473318835,334.25538630217034,326.1825351978093,339.94,336.01
2017-07-23,7,335.32,339.7021382297434,339.45613395330935,340.6036239173923,335.52938260899003,331.37586282248515,344.0,338.79
2017-07-23,8,342.57,345.33385691115404,346.6745835651366,347.0454740915067,342.02360039729894,339.04236111435466,350.62,352.76
2017-07-23,9,341.58,349.0788502118358,350.4941758173997,351.5962301057637,346.45384478897546,344.66003995859694,356.0,353.93
2017-07-23,10,352.86,352.6965558474763,353.97498482580994,353.822731405307,349.13835804679036,350.2702833327252,360.11,361.66
2017-07-23,11,348.01,351.6911306185139,351.9950403397017,353.855739116722,348.5650225673815,352.25764355472774,359.78,357.39
2017-07-23,12,355.5,359.8828946575371,359.60027324153623,359.69999459589724,355.9986908567423,357.2905628954389,366.2,362.47
2017-07-23,13,360.37,362.8770611479227,361.6667779076107,361.258410469505,358.1162629171564,359.5246939405224,369.08,362.13
2017-07-23,14,356.1,366.62819898593045,366.0112549667169,364.8891839478791,362.87998657137405,360.73999629539475,371.88,360.74
2017-07-23,15,353.62,354.0192283466116,354.84778216519646,354.8695898892478,351.18609831932076,354.9597522522377,361.09,352.03
2017-07-23,16,349.18,354.0419441339198,354.0787742502219,355.0457709934007,349.9867995138948,353.1330833489907,360.5,350.46
2017-07-23,17,346.87,351.4036782235321,351.16509978194705,350.73818465188674,346.6294432590068,349.0178054659295,356.23,347.73
2017-07-23,18,338.41,349.9134748085901,349.5932207690582,349.4044849309361,345.2709984284456,344.6240036492329,352.9,344.44
2017-07-23,19,334.12,345.70203836834327,345.8594433629066,345.8302539600715,342.32100823606186,338.62380118223064,344.15,348.58
2017-07-23,20,332.65,344.3237282420115,343.37267470044947,343.4858383888083,341.5318642662745,333.96179584982946,342.32,342.76
2017-07-23,21,333.12,341.4683895522536,342.37855268473487,342.08687397779426,340.5173155470709,332.00660359043275,346.58,339.39
2017-07-23,22,321.52,326.6331981239322,326.1706633999697,325.85408382996525,324.1840909796237,321.2078207226423,329.81,327.54
2017-07-23,23,320.61,323.4147942912437,323.8339407832076,322.8517485899045,322.0924794954269,316.7921287895677,326.67,320.94
2017-07-24,0,316.01,310.5129165319134,306.3098709725091,307.0063221131244,307.44698895853,323.17066792036655,328.7,322.19
2017-07-24,1,316.78,306.5423841170871,303.1403385515921,303.74575872034524,300.9764793213588,322.1114885703408,328.84,321.02
2017-07-24,2,315.65,305.90806759100076,298.8354087481033,302.9237942803445,299.90544547900924,321.04124182033115,326.7,319.9
2017-07-24,3,318.35,306.3077160544466,298.9077027402148,303.3218853317347,299.999902807663,322.3813384998598,328.72,318.12
2017-07-24,4,344.49,340.1977496257876,337.59585803505996,338.43392049777157,339.7067050291445,337.55521350077225,358.77,334.69
2017-07-24,5,354.92,353.23258058050084,352.9505079722985,352.4798842275898,354.8243158263095,341.4908055484853,364.02,331.06
2017-07-24,6,355.35,356.14318628608356,356.08388359217497,352.8762074716763,357.15730666726324,345.77831726067365,367.34,331.85
2017-07-24,7,358.95,359.30788836309034,358.439023674684,355.5623468423752,358.47510915357554,350.33838951127115,369.55,335.32
2017-07-24,8,370.63,367.24141520333325,366.30149052470733,367.32778620768346,370.0821698594926,370.99355861051583,379.04,342.57
2017-07-24,9,385.23,377.8407847369543,379.7229458694957,376.44460818307846,380.84553312122614,380.3304718305857,394.68,341.58
2017-07-24,10,398.36,398.605939360773,396.3617224979666,395.43679909393154,400.5336798801609,390.31017013659687,408.99,352.86
2017-07-24,11,401.89,404.3654220330808,400.75579053803045,398.7925810036633,407.3686867961439,393.7222082289495,412.5,348.01
2017-07-24,12,407.32,418.68948765174235,419.4695058476797,415.45793654635077,424.62087908993715,400.690776084816,423.17,355.5
2017-07-24,13,421.45,420.4714101826433,421.01402965148947,415.2466862385371,424.6965346973517,403.07823118939973,424.84,360.37
2017-07-24,14,413.14,423.6912037932962,423.6022244544535,419.0423088564127,426.42749852501265,404.1131969161362,428.03,356.1
2017-07-24,15,405.77,411.23987925702994,410.0467287552003,407.02465388065957,416.3107271038908,398.3648454907895,415.41,353.62
2017-07-24,16,402.53,403.74565940836595,405.480505264889,403.7743814944514,413.97541265237794,395.74528229238973,413.63,349.18
2017-07-24,17,386.19,395.264011576203,394.8355331573618,393.72976599028624,404.29242298573143,391.0637757749439,407.76,346.87
2017-07-24,18,377.04,378.3439526408125,380.1055649535102,379.09528256979866,387.58714610941905,368.14800278253335,390.86,338.41
2017-07-24,19,373.46,375.2703510107009,379.0360454123133,378.01304650307316,386.29008555930795,363.425140230949,387.98,334.12
2017-07-24,20,377.72,369.24816878430437,368.09842671206053,368.87087181920714,378.9274019720136,356.5682375634041,379.16,332.65
2017-07-24,21,359.87,358.2711520585139,358.61183183705975,356.16891440182934,367.50239328419246,349.7223074184039,369.62,333.12
2017-07-24,22,336.56,334.3675226937733,333.70911071523034,337.2336155507276,335.94514422604215,335.29902753891474,343.42,321.52
2017-07-24,23,328.86,316.63498071413176,321.5466187679906,319.3874063592685,317.9781837073495,326.8806461534268,328.22,320.61
2017-07-25,0,325.7,319.46776180538313,321.3961336773307,320.53798135067996,321.08804205526025,323.9774803195761,325.86,316.01
2017-07-25,1,324.78,319.875365788949,320.42759780173526,319.82360463326035,320.8715527430559,324.2744967809661,328.98,316.78
2017-07-25,2,323.07,319.4051514377217,318.98112277259645,319.8501705542547,320.15818501404584,322.4954881188123,325.07,315.65
2017-07-25,3,323.49,319.6456287732268,318.376884834756,319.01641160863784,320.49009653211976,323.3373789782933,324.49,318.35
2017-07-25,4,347.5,341.71135275223224,339.56341310757045,340.45972922623685,343.26330930643013,337.30153682133766,348.54,344.49
2017-07-25,5,357.09,350.2309791688853,347.91676330055844,350.24457252657413,352.2116313913254,343.0870163189033,354.32,354.92
2017-07-25,6,358.97,352.3928335313179,350.2081935389559,352.817542833448,354.1414512442027,348.88762590567154,361.67,355.35
2017-07-25,7,367.51,363.6173527834931,360.3923636660295,362.77743946274796,363.48305739603256,356.7151608954435,372.28,358.95
2017-07-25,8,376.5,376.2792051704384,374.5114706807615,377.423934929812,377.8235078375468,379.5580627938466,383.72,370.63
2017-07-25,9,393.09,389.83006078092046,387.58347359195585,388.7767784053483,389.33912094946004,389.67320922586737,396.59,385.23
2017-07-25,10,414.16,406.7487210737874,404.309049575285,405.7032081424563,405.03292701741725,401.0042525087003,413.78,398.36
2017-07-25,11,415.76,420.19474167687594,416.77794537686566,418.79573454534045,418.9384266038269,409.90034203110645,428.86,401.89
2017-07-25,12,415.19,425.6648392857646,424.9186332951191,425.3471325859029,424.76660336169476,414.50071203974437,433.97,407.32
2017-07-25,13,416.33,425.3072361643925,424.89244576977006,425.1010971789701,423.88680845249786,416.09951382854643,430.72,421.45
2017-07-25,14,410.06,425.89915844136783,425.6374938544722,426.3491963318495,424.4931056527062,417.7573275041461,436.69,413.14
2017-07-25,15,412.43,423.96564361992483,422.93566738092443,422.75663969626135,423.15328970688853,413.3291835589735,428.92,405.77
2017-07-25,16,401.87,419.2873609130613,417.5968033304736,419.0840818620842,420.3432472270475,410.22005665804176,425.47,402.53
2017-07-25,17,393.58,406.7171506431563,405.59967872940325,406.4056194973622,406.58826102837696,402.94571526906805,417.14,386.19
2017-07-25,18,385.05,393.28123730238826,392.51115828606873,392.9761778839466,394.3865241383804,381.63680544168454,406.93,377.04
2017-07-25,19,384.91,391.46862370033676,390.6144866845082,391.45636666496574,393.737818007256,377.3694118706786,405.02,373.46
2017-07-25,20,376.83,386.37250090355326,386.1077232413082,385.7237258712157,387.4362215138055,371.62588646589364,397.36,377.72
2017-07-25,21,365.61,373.29339534914703,373.75014734790426,373.0663223843279,376.0681785028388,362.22234284848025,386.82,359.87
2017-07-25,22,333.07,342.6373443443812,343.1653673019218,341.99971201998756,343.86842512557695,344.5990450194183,355.96,336.56
2017-07-25,23,332.19,337.2103171277779,336.9367784664068,337.7121445654445,339.68217403102943,339.32315523190226,351.01,328.86
2017-07-26,0,331.58,340.5000312465577,340.7695215458173,340.2603463862644,340.8060036867635,341.00315264780596,352.35,325.7
2017-07-26,1,328.79,335.77000685059164,335.1262351155718,336.134228822053,336.0016116228563,338.3976331260635,348.41,324.78
2017-07-26,2,327.25,334.4317105245734,332.87128783603276,333.34721809607504,333.21594894446804,336.21193165416764,343.56,323.07
2017-07-26,3,323.24,334.6424117856269,333.0619248216371,333.550628596963,333.46765355358343,336.44741135900773,342.05,323.49
2017-07-26,4,345.18,349.7127407494783,349.2821041485507,350.3110415338503,350.46412281182444,347.94192538263127,360.32,347.5
2017-07-26,5,354.49,362.9281258936803,360.99530181215084,362.2008991893055,362.2909690627138,356.17235223650744,372.65,357.09
2017-07-26,6,360.92,364.1634263548828,361.0081566357223,363.2889263272345,362.9711151623543,359.49771590681877,373.15,358.97
2017-07-26,7,366.55,368.05010079449113,364.8654560872421,365.2081584518105,364.3926270049804,364.97509042044743,376.19,367.51
2017-07-26,8,379.05,379.8582637791702,377.188376110316,378.4534985755749,378.01974473992215,387.2162764002713,389.47,376.5
2017-07-26,9,395.1,396.45142138305886,394.4499199434811,396.9006886341022,392.7001739063788,397.89712668555273,403.24,393.09
2017-07-26,10,410.84,417.9562926178463,415.19183332768876,417.78949312350335,415.74120541398173,413.5599824347574,429.27,414.16
2017-07-26,11,419.51,421.4190728349267,418.25843494365864,420.89918416238544,419.49079222657014,417.5354623135065,432.28,415.76
2017-07-26,12,423.45,424.08580722580706,423.0654721433004,424.8441383558628,423.63771795038093,419.18276571354045,431.65,415.19
2017-07-26,13,428.82,425.8614099287921,424.944413531879,426.2281818989627,424.4255114043105,422.4672733891849,436.78,416.33
2017-07-26,14,427.71,425.2473824056088,424.38917123814747,425.9217280011287,424.31967075800384,420.9634530455486,434.02,410.06
2017-07-26,15,426.27,425.2473824056088,424.6458997832966,426.3630858020604,424.23344853870077,422.62602853391735,439.09,412.43
2017-07-26,16,418.82,420.26326951126174,417.70020223361627,420.1625011794432,418.63707181992703,418.5964676541041,435.53,401.87
2017-07-26,17,399.55,412.44944806674704,411.1977281165343,411.517041710602,410.84784575637497,411.3616311742374,424.88,393.58
2017-07-26,18,400.61,394.83402201307933,394.5455953186502,393.366979535919,392.4223215834734,388.25416851706393,407.29,385.05
2017-07-26,19,394.54,388.4832669948103,388.8366365825235,386.88841314666126,388.2510170978041,381.8578544489117,398.82,384.91
2017-07-26,20,388.32,385.4474859549943,387.14506733359866,384.22638133634945,385.4104706075272,376.4789494201462,395.83,376.83
2017-07-26,21,371.45,375.39639955535534,376.0827801638694,373.7381787664806,375.0959310043884,368.29755662023257,386.39,365.61
2017-07-26,22,348.37,344.64789042511774,344.80780908981984,343.99367111151656,343.57735687545807,350.5882958290248,358.06,333.07
2017-07-26,23,339.19,341.402589038993,341.64070507695095,341.1756285928465,341.3542088606209,345.99305498514076,352.73,332.19
2017-07-27,0,336.61,341.31982859444497,343.898917307587,342.5119843232625,341.1664558792919,344.4224216034489,349.81,331.58
2017-07-27,1,338.34,338.7623608313773,340.8174862695884,340.43849479332283,339.5781664076602,342.62547891180066,348.5,328.79
2017-07-27,2,337.62,337.92644301302903,340.5479492943635,340.33201044016613,338.478687803647,341.8705295970097,347.27,327.25
2017-07-27,3,334.36,337.732189705308,339.0407089614444,338.28752916996007,336.7356230633725,340.20533156868237,342.17,323.24
2017-07-27,4,356.62,359.8567062020248,361.16285369008745,359.95877036365795,359.39682010416794,353.43969408371095,365.55,345.18
2017-07-27,5,367.15,370.81724532864285,369.60663041896726,368.8717090091165,369.2994942571688,361.7460020857683,378.15,354.49
2017-07-27,6,368.18,372.3028600835787,371.3184944629657,370.4194809816518,370.70335013743716,365.1673334924701,377.51,360.92
2017-07-27,7,378.29,374.3952696898128,373.3305641402411,372.181260139563,373.00410723027255,368.5951104682967,376.14,366.55
2017-07-27,8,390.08,386.32376051999125,386.4917556149186,384.5285964014295,386.5056624536255,391.8219673095349,391.99,379.05
2017-07-27,9,409.15,400.84592845313546,400.70081911733996,401.04926390366114,399.42236510758414,401.57363653195165,403.54,395.1
2017-07-27,10,417.82,418.2517783754207,417.8434171839234,416.6628657762562,417.34815703093074,411.0267588731085,415.16,410.84
2017-07-27,11,426.77,423.7423009502238,423.0992405924649,422.249974695192,422.5008824359573,419.37413834008646,427.35,419.51
2017-07-27,12,431.88,427.2999468021223,428.0359901827645,426.82124212251745,427.4131971517127,424.83992886813746,435.25,423.45
2017-07-27,13,433.42,429.73534408631986,430.00675289778604,428.15318213476377,428.66103740914537,427.62063179861036,437.82,428.82
2017-07-27,14,429.02,429.79748460276016,429.35772944736163,427.0251309289966,427.6551856258933,425.7580249360707,432.59,427.71
2017-07-27,15,429.57,429.79748460276016,429.38926269139847,427.0251309289966,427.5689634065902,424.29441018306164,430.76,426.27
2017-07-27,16,424.99,426.77509640227447,426.3422844681196,423.9809947714289,424.33684246689626,421.02218009899997,428.23,418.82
2017-07-27,17,410.11,406.57344885116413,407.61949841878226,405.7315183517344,404.0913456304753,407.28880832417263,404.13,399.55
2017-07-27,18,399.32,401.8966040449407,401.28359882229984,400.0161614619961,399.44411794813607,390.7804085670636,399.61,400.61
2017-07-27,19,394.92,391.29720226194235,390.85390785625555,390.9686725618933,390.1529039770165,383.2971767232569,390.13,394.54
2017-07-27,20,387.19,387.11825711317204,387.4261419033056,386.42215190603105,386.0442266980542,377.8321133263874,386.34,388.32
2017-07-27,21,380.02,373.9286349115205,373.6376654110301,373.2301955766774,370.96523041922603,366.98552389509473,371.71,371.45
2017-07-27,22,350.55,348.5740205491328,348.676472914693,347.3116188337528,346.4151445965256,351.117930126224,345.24,348.37
2017-07-27,23,342.66,338.10836574800896,338.61305065979,337.54066644160514,336.4665765949914,343.0851621287475,333.52,339.19
2017-07-28,0,339.6,340.18861797482475,341.8288034746348,340.52435770492525,339.8351122665344,340.5911252283727,335.25,336.61
2017-07-28,1,338.12,338.5813518822806,340.24038719200666,338.9966601546568,338.3918258514067,337.749733775215,329.84,338.34
2017-07-28,2,336.69,338.8663731278937,340.24038719200666,338.9366207415799,338.3888679016121,338.0128889531452,330.97,337.62
2017-07-28,3,333.49,338.2302239063686,339.08408356181945,337.71729135336705,337.1825265464745,336.59049552153715,326.25,334.36
2017-07-28,4,358.03,356.60635474182016,356.9675855420248,354.33716994023905,354.7144057720219,350.05397947082906,350.11,356.62
2017-07-28,5,368.21,367.3680874352154,366.8418095304226,365.58500311837645,365.6318258340581,358.25222651530754,362.05,367.15
2017-07-28,6,374.23,370.16923371574836,369.91388953453435,368.4905703176275,368.06377639093495,363.793238965152,368.53,368.18
2017-07-28,7,373.8,371.85542497772616,371.75916447027123,369.4858276672163,369.20590771162966,368.15690665836667,368.22,378.29
2017-07-28,8,388.56,386.1406999727594,386.2049460423046,382.70147351302955,382.5527841834097,387.2679564559879,374.55,390.08
2017-07-28,9,397.91,401.3142048542077,400.6731557028987,399.51567643624634,398.4763339676294,398.5178940320914,389.07,409.15
2017-07-28,10,417.37,408.2171150050692,407.2194685850627,404.93201250259807,404.85816597480806,406.51267996356427,399.09,417.82
2017-07-28,11,422.2,413.56794705037083,412.57352252910323,411.19576016458626,411.88930498353074,414.6753224697481,410.74,426.77
2017-07-28,12,424.41,425.60841153378124,424.90239062797497,422.78311610260357,423.92115981947575,421.3136095413885,421.34,431.88
2017-07-28,13,425.44,424.35914988233,423.71506951677287,423.797180120548,424.86705129834365,420.31563417764744,415.33,433.42
2017-07-28,14,418.32,422.5205419523435,421.3422748574927,419.5419414145911,421.13039971742484,420.6755454348171,416.87,429.02
2017-07-28,15,415.76,424.02307584284654,422.65304893661994,420.4293073161292,421.93136000055875,420.40158472517584,417.53,429.57
2017-07-28,16,408.93,411.69600016715475,409.2674172907871,407.7696426978573,409.3703051231645,414.9046596348337,408.39,424.99
2017-07-28,17,402.06,400.5115428820903,401.64494467340575,399.068891352784,399.9212865929255,405.50167536594466,394.16,410.11
2017-07-28,18,390.12,385.13314403174195,383.17750379459886,381.96679376091055,384.6198757518755,388.0833961631553,390.0,399.32
2017-07-28,19,392.06,381.7162017997757,380.8884550402037,379.5657214231584,381.0957354419416,379.92380409499685,378.26,394.92
2017-07-28,20,384.96,379.0956408829014,378.97269025103475,376.9662688219021,378.972895326249,375.84342355508284,378.5,387.19
2017-07-28,21,374.34,372.31619574077376,371.27715219069836,370.2584037147746,369.91077084520794,368.0392359918037,368.77,380.02
2017-07-28,22,348.52,345.8811593111057,345.0781353288369,344.9436306427102,343.4547855072408,350.4951886419252,339.89,350.55
2017-07-28,23,332.33,341.8379307179663,341.55883752436756,341.5734557233862,339.79827782570527,345.58187384113506,335.82,342.66
2017-07-29,0,331.19,333.172516150325,334.38293146171213,333.75536775284735,333.3745491589707,326.67477198725385,329.07,339.6
2017-07-29,1,330.22,329.6380499883513,331.1251239980663,330.6774742738007,330.1872883257833,324.6160273181095,326.71,338.12
2017-07-29,2,328.67,329.0595805464497,329.96236936095914,329.7195161238222,329.0516965434926,322.58463035363627,322.17,336.69
2017-07-29,3,329.59,328.69031988827726,329.83268049609364,329.26113490743694,328.6594164039284,323.36620838468883,323.17,333.49
2017-07-29,4,340.25,337.41557799427284,339.06681043043704,336.65964846040276,337.2982316482938,330.7778090437197,330.72,358.03
2017-07-29,5,339.16,340.54225856820375,341.8461649150674,340.72979084206173,341.5307479306533,335.84868503489366,334.7,368.21
2017-07-29,6,342.66,342.44906508378466,343.3368340254581,342.31908458773756,343.3249486484506,339.9746907829529,336.01,374.23
2017-07-29,7,348.84,343.78855451454746,344.94139936268186,344.1616904125155,344.1164619493709,344.2958108765754,338.79,373.8
2017-07-29,8,358.1,353.05529405710416,354.2180933042605,352.27113816378306,352.4860293298787,354.8997754716155,352.76,388.56
2017-07-29,9,360.06,355.3968543472326,355.44030531083416,353.148561678099,354.06195883773995,359.8543692868644,353.93,397.91
2017-07-29,10,362.21,359.42509916807796,358.9235856691608,357.7293377696975,357.4834883516607,368.24852881790673,361.66,417.37
2017-07-29,11,359.73,358.7286586652092,358.06195557938617,357.0198273982101,354.51663615077246,369.7868928003085,357.39,422.2
2017-07-29,12,368.96,361.5412988680772,361.3494613263804,361.4184237666268,360.21723281377825,373.9682418007218,362.47,424.41
2017-07-29,13,368.09,362.75454954911964,362.0336814379122,361.4272065515433,360.2928884211929,375.12257846383613,362.13,425.44
2017-07-29,14,367.93,362.463740363844,361.42256917931775,360.786683490563,360.26750825830413,374.0471660449216,360.74,418.32
2017-07-29,15,361.88,360.3914878066806,359.2961643187797,357.4418253073832,357.938326050025,369.7986127843847,352.03,415.76
2017-07-29,16,355.09,357.2481267214431,355.8991985871907,354.592078946849,355.7847530398293,366.9766797150249,350.46,408.93
2017-07-29,17,355.37,353.13950755640155,353.1236724114419,351.01186172986513,352.06111033774897,362.97159424344164,347.73,402.06
2017-07-29,18,350.43,352.0960308996048,352.72144820584464,350.76368626789633,351.03871373349193,357.57601217887094,344.44,390.12
2017-07-29,19,349.7,351.0564539968057,350.97552133295324,349.1309302999515,351.0036853557912,356.30189854608767,348.58,392.06
2017-07-29,20,349.1,349.20557493143025,349.49142700617006,347.34749151712714,349.12288452717223,349.9443363307199,342.76,384.96
2017-07-29,21,344.05,343.6441935481281,344.2577299066025,344.5043731324816,344.22726298653726,344.1822342481353,339.39,374.34
2017-07-29,22,330.6,335.9303580742894,336.28421744537616,335.3784589227005,334.5782852079469,333.6390238235205,327.54,348.52
2017-07-29,23,327.95,329.0299385602315,329.45682901050924,328.98895579282953,329.25398504624064,326.75252891585797,320.94,332.33
2017-07-30,0,328.61,325.6204244574673,326.8649580194684,327.06776635524676,327.2078417102254,315.32713675179434,322.19,331.19
2017-07-30,1,323.56,325.69877028234833,326.3517847594923,326.777293187509,326.30032947604406,313.78413498200877,321.02,330.22
2017-07-30,2,328.76,325.38699570593445,325.7914447110498,326.79632051122275,325.3432694868784,313.05716878439523,319.9,328.67
2017-07-30,3,326.96,325.6448510711119,326.3517847594923,326.7541145961894,325.3432694868784,313.24467823944326,318.12,329.59
2017-07-30,4,339.22,336.58582867999183,334.72533869417333,335.44582347017774,334.93203632321274,322.50897570494584,334.69,340.25
2017-07-30,5,341.87,335.6184809049094,334.6008081303773,334.9781571227753,334.9490379013203,323.30861355556164,331.06,339.16
2017-07-30,6,338.31,339.19313990471863,338.613078426763,338.0637362374502,339.76191998922025,326.9363745312726,331.85,342.66
2017-07-30,7,346.81,342.3275089422968,341.01615506142184,341.8068244975421,342.47190493804493,332.3027556589866,335.32,348.84
2017-07-30,8,351.49,346.5976301624721,345.4656843247283,346.8757077717567,346.9901711504763,339.6621582710429,342.57,358.1
2017-07-30,9,347.98,344.5267159260374,343.6625897400454,345.6033390038145,345.8649145980997,342.9145279155577,341.58,360.06
2017-07-30,10,353.85,353.2440958250087,352.7175998075079,353.27721631375374,353.66169198034805,350.64852531971695,352.86,362.21
2017-07-30,11,356.19,350.3165354691313,349.04335868918145,350.65453828270455,350.67327691042703,351.1066247697829,348.01,359.73
2017-07-30,12,362.46,353.85108332998374,354.56361915138496,356.44489593574,357.0414385775599,357.05066825737913,355.5,368.96
2017-07-30,13,367.78,355.0063378394434,355.5294321067067,357.922407969128,357.18964660728454,360.0010684705179,360.37,368.09
2017-07-30,14,363.49,354.3982054892226,355.3581031152381,356.88457924616046,357.04816932198753,358.63493713357553,356.1,367.93
2017-07-30,15,358.26,352.74450201676825,353.48251424271075,354.3940468856328,354.5890315726974,356.3889604731013,353.62,361.88
2017-07-30,16,358.3,348.62649270729355,349.37958853119636,351.23634437507576,351.7050141915235,352.4644696556635,349.18,355.09
2017-07-30,17,353.94,346.1372687924873,346.45956646669026,347.9372189551797,348.98416236035837,349.4649092208329,346.87,355.37
2017-07-30,18,351.84,342.75886551596034,343.52689850838016,344.198596243353,344.7578339405101,342.89397217691936,338.41,350.43
2017-07-30,19,347.74,340.3918692375756,341.1583255738991,341.2655261299155,341.42939152261704,338.0445661571214,334.12,349.7
2017-07-30,20,345.6,338.6376838251304,339.5613692303751,339.49702700681325,339.8387281105833,334.13257560022555,332.65,349.1
2017-07-30,21,344.82,335.96624810480904,337.83499935564265,338.44474735230244,339.2600146079172,330.50832443606754,333.12,344.05
2017-07-30,22,338.11,327.5275078321014,327.2713908649676,328.4019542531438,329.6702293075813,321.51374191586217,321.52,330.6
2017-07-30,23,81.82,323.8684781667666,323.8080434917196,324.79593130792694,325.95878575681235,318.41701141728544,320.61,327.95
2017-07-31,0,336.23,302.0517312026892,298.721698887762,302.1482019974368,303.03397545813567,237.64658360436732,316.01,328.61
2017-07-31,1,327.64,284.55576712004694,282.8809600134143,283.61308565906876,282.3803431762481,236.37112057233946,316.78,323.56
2017-07-31,2,325.33,297.1697021887067,294.31746669857677,296.56726388343634,297.0844323662002,236.4320157700136,315.65,328.76
2017-07-31,3,329.5,287.1067090940127,282.70192356758304,288.5120500603677,285.6037607999946,238.03004718537466,318.35,326.96
2017-07-31,4,359.99,316.0105045378125,313.0006355549081,314.754943547711,311.36073385038173,251.1823902479821,344.49,339.22
2017-07-31,5,365.77,333.45786255461644,330.22868646635555,331.19073437768884,330.5986219697059,257.85912812828286,354.92,341.87
2017-07-31,6,368.31,333.34611787747014,332.02337686188736,330.48694924550375,331.05400350524064,260.5165518957343,355.35,338.31
2017-07-31,7,369.99,342.15443804790635,339.3206317260425,340.1844797766415,340.5172484190969,266.20656286032613,358.95,346.81
2017-07-31,8,385.61,356.53026057953934,355.78578057962375,352.6474425330132,353.81324647729946,287.53201701666376,370.63,351.49
2017-07-31,9,398.4,371.9276645159049,372.619068847934,368.77466241359764,369.16159511322724,296.17224531301406,385.23,347.98
2017-07-31,10,413.36,389.4445575017953,384.6481481889669,381.6828230199628,386.8879958281034,305.0616807222384,398.36,353.85
2017-07-31,11,420.59,396.29685805515305,387.5540545030025,388.87556569662166,394.7051489789562,309.33065811671605,401.89,356.19
2017-07-31,12,431.17,400.09156527533986,393.2266346075685,397.07290763366706,399.9132280478918,314.132363184274,407.32,362.46
2017-07-31,13,426.87,409.9488616730749,403.69602441811156,403.123989153149,407.44066921498813,321.3953953233742,421.45,367.78
2017-07-31,14,437.51,404.7389764890157,398.8931010975466,401.2535748408754,404.20181979790567,317.9832518094275,413.14,363.49
2017-07-31,15,429.25,401.9669465813411,396.89565107475175,397.2140215760592,400.07495948104554,313.9446048311634,405.77,358.26
2017-07-31,16,429.16,400.79436114946395,397.79415594267647,400.614562347492,399.5747211102871,311.28959066591165,402.53,358.3
2017-07-31,17,407.85,384.65334388756276,380.66870363883,382.56444506441755,383.8567935479835,302.31863178545245,386.19,353.94
2017-07-31,18,405.6,367.9435010165664,365.20982402373664,365.77192407380676,365.79428511303536,283.02484914076604,377.04,351.84
2017-07-31,19,393.31,367.83494684175884,365.31663932690714,362.54938165225997,365.0973806695432,278.05315306127784,373.46,347.74
2017-07-31,20,381.52,367.40071980161855,364.6722380512052,365.7830539071247,364.32043106968206,276.1751293943458,377.72,345.6
2017-07-31,21,373.61,350.89787280971234,350.547346442244,353.63072484909173,354.45675009371115,265.96591912686455,359.87,344.82
2017-07-31,22,350.37,334.0852011788439,334.36336310297077,335.1781569275137,332.26027812979265,253.23310128054644,336.56,338.11
2017-07-31,23,341.85,306.21580707304025,310.71113850260457,310.93736179667616,305.78708359704984,217.66217850694792,328.86,81.82
2017-08-01,0,336.58,334.1020253112564,333.15474004181846,334.40972349224296,336.747168057744,339.2185451035166,325.7,336.23
2017-08-01,1,337.22,330.0594249461835,329.4385886195866,330.62308518695284,332.7619992580214,336.89529180132126,324.78,327.64
2017-08-01,2,333.33,329.16023105286445,327.8129299403754,329.59582228993327,332.7687751553099,335.8690467944778,323.07,325.33
2017-08-01,3,336.04,332.61092292076324,330.5081808402072,332.2577701984154,335.09164942599443,337.3056409810162,323.49,329.5
2017-08-01,4,357.26,353.4051639734283,352.7317298380199,352.97022605358,353.9553537714706,351.79300762929273,347.5,359.99
2017-08-01,5,369.03,363.07752950618976,362.06713974085676,362.3165789127229,362.73725804269037,358.52180534194235,357.09,365.77
2017-08-01,6,369.63,365.51600388576054,365.22949360844905,367.69897240660185,367.353604489783,362.46078232110773,358.97,368.31
2017-08-01,7,377.25,370.63250984423564,371.51792281305217,372.80788650182336,372.4741796570661,369.25601669128116,367.51,369.99
2017-08-01,8,394.38,384.52061487673683,384.89470829480507,386.41520404648764,385.85417615333006,389.9998588041759,376.5,385.61
2017-08-01,9,404.48,396.25426708533945,397.1806900355269,399.90657138290806,398.7784030504864,401.314009836805,393.09,398.4
2017-08-01,10,421.18,417.5768212063341,418.14712639590033,418.8622851026505,415.8790560726131,414.3261223690353,414.16,413.36
2017-08-01,11,425.74,423.1126748301928,422.86745436661965,423.19960464168065,418.6043787122142,418.403140875991,415.76,420.59
2017-08-01,12,430.0,427.0537178968602,426.3107709610301,427.80613150236303,423.9690157201904,421.3689343597924,415.19,431.17
2017-08-01,13,431.46,428.21865389588913,427.551539600178,426.8340512213416,423.33050071360515,422.45336853882895,416.33,426.87
2017-08-01,14,433.93,426.1400269965849,425.15308846098884,427.67703387445755,425.0592159997022,421.56615865957593,410.06,437.51
2017-08-01,15,428.99,424.2861316312117,422.69533084026494,422.3612700797545,419.94936090279856,420.9202426195725,412.43,429.25
2017-08-01,16,426.74,420.39335228934624,418.2005049774603,420.1601448370979,417.2875357169647,415.4049733680846,401.87,429.16
2017-08-01,17,404.4,404.2474504521797,403.90164005680697,406.7292263194317,403.62351291821506,407.54442953373444,393.58,407.85
2017-08-01,18,399.61,398.140595671305,395.4696509280928,398.1989862249851,395.673044148504,389.2896774033427,385.05,405.6
2017-08-01,19,392.47,387.429585637548,386.37281407120776,389.24346034039917,388.8071557990974,384.6877350227385,384.91,393.31
2017-08-01,20,390.1,380.9725219211243,379.9603099502374,380.45678091717735,382.42603663302003,376.9100443533368,376.83,381.52
2017-08-01,21,378.19,369.42657814577166,368.1626166823996,369.63459746611244,369.82964862249,368.4399401489756,365.61,373.61
2017-08-01,22,351.95,341.281772212448,339.98121669137396,339.8960609811179,342.26092550305214,350.2100502807406,333.07,350.37
2017-08-01,23,336.16,337.6054378153404,336.86075922501783,337.0627447421066,339.4264278711915,346.45255575003563,332.19,341.85
2017-08-02,0,332.9,334.6295315660763,335.16142710352915,334.68953260905727,333.6756130305398,336.45729264857886,331.58,336.58
2017-08-02,1,329.9,332.2564958718044,332.9858555471995,333.30050775042247,332.1056303646682,334.4847956574044,328.79,337.22
2017-08-02,2,328.84,331.8437093662635,332.6621773107636,332.3890430037802,331.211599977293,333.3271542123195,327.25,333.33
2017-08-02,3,330.18,330.9358227746304,331.0714764729903,330.95913794354936,329.8608791232676,332.8688899354599,323.24,336.04
2017-08-02,4,351.4,350.81531352914465,351.25077818720206,350.7268087900563,349.6213086858297,345.45744204714805,345.18,357.26
2017-08-02,5,362.24,359.95791272316075,360.3746978008436,360.1205609699358,359.618932241343,352.778124647624,354.49,369.03
2017-08-02,6,363.12,366.3251463066619,367.21945167547864,366.871436242714,366.53376389548043,358.2470681006143,360.92,369.63
2017-08-02,7,373.18,371.8492023640251,372.60182687713404,371.6817617403743,369.5646715975243,364.6173226556483,366.55,377.25
2017-08-02,8,385.11,385.6496461965823,386.514722134649,387.032539775541,384.63520241849506,387.3420805691189,379.05,394.38
2017-08-02,9,405.75,397.3973533881086,397.3781305967791,397.6445570982418,395.5152007532497,398.1382452225325,395.1,404.48
2017-08-02,10,423.47,414.34953829493895,415.3985368410088,414.6102692749254,413.22546361219975,409.3032306724749,410.84,421.18
2017-08-02,11,433.94,420.93844545610517,419.76300074011095,419.71483016668924,417.00423268717446,415.81181177315636,419.51,425.74
2017-08-02,12,434.51,428.3125803920605,428.6577605275754,427.82683102002545,425.28033144524164,419.79035278316996,423.45,430.0
2017-08-02,13,429.71,430.98237216227284,431.6285294023699,430.4783406361926,427.9600806307788,423.2006732922539,428.82,431.46
2017-08-02,14,421.25,434.0938412041764,434.7560071147271,433.80207055766954,431.9323442358615,423.35910703494346,427.71,433.93
2017-08-02,15,420.22,429.534208227375,429.8058473881545,427.4670734851268,425.3469382038727,421.6398795787918,426.27,428.99
2017-08-02,16,418.7,426.3660201607215,425.2279859723019,423.7114156160757,420.8240893227127,417.0807202964683,418.82,426.74
2017-08-02,17,402.93,404.89261758899767,405.96831476405487,404.9170617950969,403.6163304296389,404.8568309881099,399.55,404.4
2017-08-02,18,398.48,398.6581515872397,398.693928014365,398.51100226155035,397.36075115038216,389.57296801204546,400.61,399.61
2017-08-02,19,391.42,388.1394942572311,388.02608783458186,388.5009636062654,387.1162363659422,383.2818507237943,394.54,392.47
2017-08-02,20,387.39,385.5115351010866,385.75009160850345,385.8345232277945,385.8080086541613,377.3273484764892,388.32,390.1
2017-08-02,21,376.86,375.80802075651803,375.3995275565894,374.5686563435229,373.84519235244045,366.19388527569436,371.45,378.19
2017-08-02,22,362.06,349.4246871638673,347.95960305357795,347.3447813581212,346.9135363639525,351.2602445677788,348.37,351.95
2017-08-02,23,352.34,335.5326324250859,336.1575589157513,335.42309904357563,334.7782828208684,343.42582772925647,339.19,336.16
2017-08-03,0,348.22,339.7878415750434,340.8124798801677,338.80951229064704,339.6245961356283,340.4807933917716,336.61,332.9
2017-08-03,1,330.03,340.37860161319554,340.91610701448633,340.56391104675356,340.43634674536787,339.8172440061386,338.34,329.9
2017-08-03,2,331.94,339.7520368372127,340.6044797439757,340.32089230188757,339.7960571136294,339.299542166282,337.62,328.84
2017-08-03,3,330.14,340.63141989601144,340.7738095381435,340.0994515148281,340.19648165926577,338.9613789740894,334.36,330.18
2017-08-03,4,351.12,357.55102519311714,356.06281738178603,355.80350688388654,355.4525500006647,351.66696613421567,356.62,351.4
2017-08-03,5,360.96,368.44666231785055,368.02654330257127,366.8167793248808,367.9637102181599,359.3458508874258,367.15,362.24
2017-08-03,6,361.28,369.4328112702438,369.5715673137996,368.6797232726596,369.5121544194985,362.7577080067544,368.18,363.12
2017-08-03,7,372.89,376.3049375774248,376.20036431797706,376.5831920016274,376.53554023505603,371.14927352105923,378.29,373.18
2017-08-03,8,385.72,390.7848225131895,390.29731238840424,387.5560565838213,388.7643634039173,393.39298771812753,390.08,385.11
2017-08-03,9,402.62,410.21098620237,409.7424445069763,406.8780371809939,405.4276457638896,406.60417530500376,409.15,405.75
2017-08-03,10,418.68,423.409833200554,421.90676141755796,418.6068882757896,418.44941100387285,415.16345201977,417.82,423.47
2017-08-03,11,426.01,434.564999725194,432.77128442680527,430.7505675405119,430.3588879924868,422.48597010584024,426.77,433.94
2017-08-03,12,426.24,436.45090137977536,435.4723638369859,432.78701183259153,432.5074409063057,426.4938079014529,431.88,434.51
2017-08-03,13,432.0,433.22790992446767,431.935296250828,427.86206492700006,427.40904519846396,427.6971375519543,433.42,429.71
2017-08-03,14,436.33,430.79177166563005,428.1419794488196,424.87011709485057,424.8851703978834,425.3071799925541,429.02,421.25
2017-08-03,15,430.64,430.79177166563005,428.1419794488196,424.87011709485057,424.79894817858036,424.8264955159095,429.57,420.22
2017-08-03,16,429.08,427.24037242353546,423.71033050649555,421.5010608510311,421.0335093768785,421.47001433116094,424.99,418.7
2017-08-03,17,412.8,409.2009194812122,408.30424482712783,405.4059636355442,406.11442707847203,411.7213862514518,410.11,402.93
2017-08-03,18,402.03,396.2536686059146,395.4026553213104,395.6187089075532,396.19910060088415,391.4944689868299,399.32,398.48
2017-08-03,19,394.72,385.88289309479745,386.36235900910276,385.91619666293144,386.27736325884257,385.8572372358096,394.92,391.42
2017-08-03,20,388.17,383.6570670227479,383.86491505648695,383.07346222924775,384.6537211531449,379.11914090710485,387.19,387.39
2017-08-03,21,375.61,375.3045901125177,375.9860551103948,374.0031144505502,375.22858530635375,371.8930532491382,380.02,376.86
2017-08-03,22,347.3,354.6864385922374,354.80704596432776,353.2891977802462,355.1455880655222,355.82526782707174,350.55,362.06
2017-08-03,23,339.3,347.48568371690476,346.73859534824743,345.37842191661576,347.9347010804774,349.1938213587104,342.66,352.34
2017-08-04,0,338.77,339.9230476798184,341.4418199394158,339.3387340850498,340.69926698610755,335.5886571932934,339.6,348.22
2017-08-04,1,334.08,332.88453546684525,333.30481011647987,333.05478349239485,333.43560893607224,331.8964664854004,338.12,330.03
2017-08-04,2,333.47,332.99663759987016,333.30481011647987,333.0738108161086,333.4326509862777,331.45390381310335,336.69,331.94
2017-08-04,3,333.18,332.2444562155593,332.56010518722434,332.07642311599676,332.59529488911454,330.76970362547115,333.49,330.14
2017-08-04,4,351.42,351.18568519567276,350.92235705270997,349.7424426191954,347.79157110099817,344.3290802271072,358.03,351.12
2017-08-04,5,362.35,361.24354303345086,361.432796817659,361.0119463293319,358.4607198254419,351.7550385573349,368.21,360.96
2017-08-04,6,366.06,366.13485708630196,365.78899444434165,365.1325794487776,362.9799498898983,357.03105178487124,374.23,361.28
2017-08-04,7,369.59,368.97978701004445,369.6370414206295,368.57331463463044,365.5180061345114,361.5283468336417,373.8,372.89
2017-08-04,8,96.76,385.14984685708635,386.5587954697826,382.2504204728287,381.76049939027837,385.0157971183261,388.56,385.72
2017-08-04,9,396.62,396.8169185590236,397.297639863688,394.3801678619955,391.3022478440453,394.02726178269825,397.91,402.62
2017-08-04,10,416.41,415.2631304232492,416.85467136249537,411.0451918811941,407.3232398023122,406.56428492958617,417.37,418.68
2017-08-04,11,321.07,421.2095095886559,420.7928598134106,414.9661641846751,413.03582604167354,411.9235326202794,422.2,426.01
2017-08-04,12,427.74,424.0956006096414,424.2915468639921,418.5617947887046,416.688039369027,414.7694184736893,424.41,426.24
2017-08-04,13,428.29,425.91979387549037,425.91230119193267,420.2023407479304,417.6680553701305,417.01777774039084,425.44,432.0
2017-08-04,14,431.44,427.324732018442,427.6356583154503,425.25350938139775,422.46976807514386,415.0804960018155,418.32,436.33
2017-08-04,15,419.59,420.02863478565365,420.54569132144235,414.53011539616153,412.4456063404215,412.84836736869164,415.76,430.64
2017-08-04,16,415.29,407.2056598385426,405.7704896035817,401.9468508819519,399.6269157402665,408.6167528259776,408.93,429.08
2017-08-04,17,402.82,401.57523610001306,402.16911510585936,397.88289228556533,393.68077444461613,401.90607502111766,402.06,412.8
2017-08-04,18,391.63,379.5747683374182,379.04020208964675,380.11536838232297,379.1089494767538,380.5014378058915,390.12,402.03
2017-08-04,19,386.56,378.89406092043146,379.0025000453928,378.3614279447515,377.25348651148613,377.28698687159914,392.06,394.72
2017-08-04,20,387.09,375.5578395034118,375.82154705261144,375.8885662100096,375.4790595913869,370.4961483051002,384.96,388.17
2017-08-04,21,377.42,366.89710018404753,368.05346053343214,366.59797237218964,367.19307859835925,361.6969975079253,374.34,375.61
2017-08-04,22,350.66,343.4106825923953,344.05812018120696,343.02000252598816,343.69695395662217,345.45147771665415,348.52,347.3
2017-08-04,23,337.25,332.65104625208033,333.570015522554,332.01018801239655,332.3675415090983,335.81245568539293,332.33,339.3
2017-08-05,0,335.64,333.8318762393136,333.1945963872201,335.07636288086417,334.9248797254028,333.61526622266683,331.19,338.77
2017-08-05,1,337.06,332.4995693128857,331.29924079187,333.2364146294272,333.4087987105766,331.7106691636689,330.22,334.08
2017-08-05,2,330.72,331.163881228318,330.5860335309807,332.6406621862707,332.1028368535471,330.9268576719361,328.67,333.47
2017-08-05,3,333.63,331.9671357219344,331.29924079187,333.1574877467369,333.0268785272215,332.0153040812373,329.59,333.18
2017-08-05,4,345.81,344.7489238098987,339.35807967923523,341.7505060974072,340.78356515684794,339.88493236646127,340.25,351.42
2017-08-05,5,341.75,346.2341671273144,341.8021924041508,346.20433759248857,345.27638685704517,343.080884690739,339.16,362.35
2017-08-05,6,352.97,353.5548491988991,348.19977262207055,351.6010861298853,349.6132675375401,347.7813576648835,342.66,366.06
2017-08-05,7,359.04,357.04361825820064,352.6975183068473,354.11846434004474,353.32905678114935,353.88424089112556,348.84,369.59
2017-08-05,8,362.08,349.42329536140267,342.7701414429635,344.4409361726458,341.4514438067168,328.82841471357904,358.1,96.76
2017-08-05,9,368.52,362.3170662128322,359.2977940949102,360.9001746795688,358.9406231383478,368.27598479713953,360.06,396.62
2017-08-05,10,277.26,364.78196017214145,362.0803661404738,362.37188721722714,359.1297617700964,374.5553704761273,362.21,416.41
2017-08-05,11,371.47,352.0522670118883,346.66864073307477,348.6977182666203,346.5485225805338,365.00456756550534,359.73,321.07
2017-08-05,12,272.03,369.10346848481936,365.63116346867076,366.09158821324365,360.44608313104357,383.0884478568439,368.96,427.74
2017-08-05,13,281.82,368.61725858322467,365.4783315924587,365.3787808567325,359.30587968286363,383.9870672393446,368.09,428.29
2017-08-05,14,280.76,368.2140208758489,363.6818316938791,365.0527593911603,358.9939117967622,384.60120781869233,367.93,431.44
2017-08-05,15,372.71,367.8020030959294,362.3281120516529,365.11988781120374,359.16047809419166,380.292942656569,361.88,419.59
2017-08-05,16,367.13,363.0030278469476,357.59589357248313,359.5211993926605,355.54999981922157,375.75327439743654,355.09,415.29
2017-08-05,17,360.48,361.6604327003265,355.4469233745601,357.7239874494537,354.5760272527762,372.25566179257305,355.37,402.82
2017-08-05,18,352.06,359.99851910940254,353.45468088570544,356.08278704944655,352.9000124628595,366.3109085512314,350.43,391.63
2017-08-05,19,351.41,358.4329761824863,351.6551969756127,355.4902178746707,352.24752399625663,362.3275821495428,349.7,386.56
2017-08-05,20,349.29,356.7371622305018,351.4560225371461,354.58540682407244,352.655929615476,358.8845798380623,349.1,387.09
2017-08-05,21,345.17,351.88995358594707,350.10634459568445,351.6737613341555,351.017956432392,352.580945812576,344.05,377.42
2017-08-05,22,335.77,338.0351321482229,337.331999609584,337.6029551456581,337.18063821956787,341.30368049710546,330.6,350.66
2017-08-05,23,329.61,330.45010627570514,329.9215488483089,331.0891049520165,330.65608087061855,336.2667062749781,327.95,337.25
2017-08-06,0,329.3,326.16391264267673,324.80031171464515,327.45989622556004,326.12232260808355,317.5766341224021,328.61,335.64
2017-08-06,1,328.31,325.8361481281244,325.09314224305933,327.0035967417106,325.6853933749756,314.8252489200576,323.56,337.06
2017-08-06,2,328.39,325.02255479048176,322.75441223981954,326.7020927485925,324.9701525475582,315.98939822131894,328.76,330.72
2017-08-06,3,327.34,325.3620260148045,324.7369506782051,327.30360943170166,326.02699160978375,316.4121981448919,326.96,333.63
2017-08-06,4,340.27,332.1852635787905,332.8930186099551,334.82561381118734,331.02151001541273,324.19515048988995,339.22,345.81
2017-08-06,5,340.08,336.34178104880186,336.530545147521,339.4680594592897,334.88930736758925,327.07854179384435,341.87,341.75
2017-08-06,6,352.24,336.72304616166963,336.7674283355983,339.3612099235679,334.53658242276106,329.933687417833,338.31,352.97
2017-08-06,7,363.46,342.71208420990064,342.85427594116453,344.5155393591994,339.39052402534037,337.23114915307815,346.81,359.04
2017-08-06,8,363.64,346.1896519784142,346.31330573230855,347.36611967052136,342.8545401204816,342.8603629316003,351.49,362.08
2017-08-06,9,364.5,344.8597788120407,346.10702084260635,345.9602529186541,342.69147513952305,345.6584096164779,347.98,368.52
2017-08-06,10,367.57,343.32326123952015,342.6480452438777,344.1566945489475,338.8319355563524,340.29966482206396,353.85,277.26
2017-08-06,11,375.21,350.4741773773964,352.1540148817379,352.46508092283943,348.4527488301796,354.9057306408814,356.19,371.47
2017-08-06,12,374.1,346.48637238850665,344.41796214328224,348.06558424101075,341.7901650267655,347.5797872597013,362.46,272.03
2017-08-06,13,377.05,351.5010814023235,349.58683228020095,350.89427420862035,347.07445134244824,351.94750412989134,367.78,281.82
2017-08-06,14,379.17,349.6776760616743,348.54741806408333,351.62107719918856,346.00782707533085,350.4574113994035,363.49,280.76
2017-08-06,15,368.47,352.6821124673208,350.56974317041715,353.7194396988533,350.203678154729,358.6704531108603,358.26,372.71
2017-08-06,16,373.28,351.27778103085075,349.35831986509663,351.45705946002124,347.67337131629984,356.61429445098645,358.3,367.13
2017-08-06,17,355.73,347.4053673541978,344.25066514540976,347.38129651792013,342.0117934027019,352.0021239794556,353.94,360.48
2017-08-06,18,349.4,345.3089985550952,343.35977457226335,346.0566186883781,339.743849002861,347.4801364786588,351.84,352.06
2017-08-06,19,348.87,342.44236073253467,339.66294871362925,343.7973602205091,337.59775505854407,342.7150899688368,347.74,351.41
2017-08-06,20,347.05,342.0881439909742,339.89160455691206,343.14092282890726,338.0177207509782,338.3693797862858,345.6,349.29
2017-08-06,21,350.25,341.45609700325656,339.5505686269614,341.75007965798125,339.208047715897,334.3778932984543,344.82,345.17
2017-08-06,22,337.57,333.2085572396939,330.9206205248888,332.33384831296394,331.20754213216054,327.76006810111403,338.11,335.77
2017-08-06,23,333.51,293.0839889588641,298.2649375777709,294.5838914852266,291.2530287914064,225.48581701881724,81.82,329.61
2017-08-07,0,333.1,333.3622183309884,332.73494644678425,330.03551910029904,330.15481853485267,337.2787957778166,336.23,329.3
2017-08-07,1,329.02,327.8598350031422,329.07496659178395,328.52939366314246,326.5487780583503,332.8766591682273,327.64,328.31
2017-08-07,2,326.46,327.65003732831974,329.07496659178395,328.14040453554986,326.538001994599,331.89343261395896,325.33,328.39
2017-08-07,3,326.53,314.32020584392535,315.71587743997077,318.8953372557854,310.9584871119171,334.16093075589913,329.5,327.34
2017-08-07,4,360.5,352.3583083257994,351.38089694611443,352.0162035862483,349.3161965091378,349.0842972212775,359.99,340.27
2017-08-07,5,364.23,359.02796710967743,357.38574543609616,357.937209342994,355.30098624194676,353.6344526821674,365.77,340.08
2017-08-07,6,366.4,370.2472573664427,366.75980118640285,368.4234526529545,364.9879495584147,358.9598051750071,368.31,352.24
2017-08-07,7,376.29,374.3983854471424,371.8353884635325,370.39068249899077,368.19180764585406,364.22518285137085,369.99,363.46
2017-08-07,8,388.01,383.5609966429867,382.76386617739144,384.9064442728611,380.88366206819364,385.9603155623883,385.61,363.64
2017-08-07,9,400.58,394.75210240433256,393.6465586733464,394.93988065014804,388.01151470356956,394.40498070996796,398.4,364.5
2017-08-07,10,420.3,410.3670130071793,408.1947647318838,410.82986310250277,405.00331131586347,403.66008932489774,413.36,367.57
2017-08-07,11,424.36,419.35646974962543,417.40261507767013,419.30275433016743,415.06109347585095,409.96904406626084,420.59,375.21
2017-08-07,12,430.9,430.6068451850871,426.76050826435005,428.1759626611371,425.2927860024243,415.87843661388524,431.17,374.1
2017-08-07,13,430.69,431.2519049425203,428.00241145732906,428.0471863279398,425.13911491852315,415.7185000430473,426.87,377.05
2017-08-07,14,428.64,432.24004137149495,428.9013550304929,429.72949385895515,426.2958362022482,420.3752783684718,437.51,379.17
2017-08-07,15,421.28,431.0138492758074,427.6641465998267,428.249475981043,425.4764714994381,415.3360991384638,429.25,368.47
2017-08-07,16,419.11,431.0429774133725,426.71178762921716,425.8329473524202,422.7038045354892,414.4509976845988,429.16,373.28
2017-08-07,17,411.48,409.2811925406328,405.6124871629557,406.3319010876591,403.040801113302,401.9996102924892,407.85,355.73
2017-08-07,18,397.06,402.2671002938694,397.04637673066907,396.86472728662466,396.5958533510167,385.4533671912604,405.6,349.4
2017-08-07,19,395.43,390.2940005025362,386.28405395280174,385.3289967280933,383.80940384984433,377.53501179617075,393.31,348.87
2017-08-07,20,388.15,383.4096223724359,382.540357027865,380.52012439872226,379.7279367622637,369.49299311268044,381.52,347.05
2017-08-07,21,375.87,373.0866628527551,371.00115591063377,372.04997453656875,370.654767208639,363.6063663956273,373.61,350.25
2017-08-07,22,350.7,345.66095483379496,344.82657256261956,346.04727989171107,343.31409855951205,350.2107963827288,350.37,337.57
2017-08-07,23,338.7,339.20617201148,339.3601821323194,341.10591544258887,337.9628130253851,344.0169918945083,341.85,333.51
2017-08-08,0,334.26,335.4995328199822,335.7649209718167,335.78407928595374,334.4338134934317,341.57551446526196,336.58,333.1
2017-08-08,1,336.61,334.6503228818263,333.99347899386265,334.79505228480485,333.70223759542336,340.38500261050814,337.22,329.02
2017-08-08,2,333.54,329.42458634284463,328.72821455235874,329.8333440014498,328.1906942600429,338.4849444696218,333.33,326.46
2017-08-08,3,329.94,332.23981493126814,331.6833336034129,332.6538719793341,330.5144024571594,340.3237628707951,336.04,326.53
2017-08-08,4,354.63,358.2803739397043,358.3550098385587,357.5164193600089,355.52086757055514,354.1407044408104,357.26,360.5
2017-08-08,5,363.3,366.2432362128167,366.17044667263605,366.5357462453509,365.0638577560156,361.47094585967733,369.03,364.23
2017-08-08,6,370.04,370.1237221560708,369.1710606364009,368.50755457266166,366.1785962894131,364.87113932574795,369.63,366.4
2017-08-08,7,376.87,376.1671039933404,375.7786454095904,376.1717955135638,373.19556600043404,372.276771652042,377.25,376.29
2017-08-08,8,393.48,387.94169413669727,388.86674962200806,388.32475508921914,387.41162447483407,395.7586484364418,394.38,388.01
2017-08-08,9,407.7,405.0213267441813,404.69627611061725,404.9307703877566,400.35955081069653,404.5375437031669,404.48,400.58
2017-08-08,10,419.05,420.80965658171056,421.21871137255704,421.3879359292815,415.002423580975,416.4205993997424,421.18,420.3
2017-08-08,11,427.76,424.3256278061458,421.8316604884924,423.0705935701623,416.12334145885916,421.27068980648426,425.74,424.36
2017-08-08,12,430.67,431.5693490992853,429.6060252120903,432.0534501060052,424.87975935320407,425.63054403173805,430.0,430.9
2017-08-08,13,433.25,431.3037597905753,429.76153997938735,430.0114088556645,422.9643160334105,427.3213249556956,431.46,430.69
2017-08-08,14,425.46,431.6862904496544,429.41676972339405,430.86916913231977,423.6714369345005,428.3225470787944,433.93,428.64
2017-08-08,15,429.03,429.35332995290435,426.5094028764201,428.24466087073057,421.7603951168978,424.9562524771028,428.99,421.28
2017-08-08,16,420.18,429.2303780301722,424.46499902650095,426.0717757967339,420.3153225163764,422.41114721301324,426.74,419.11
2017-08-08,17,409.88,414.67174266863304,411.01764158096074,413.706702835724,408.76684382252165,410.72661500231203,404.4,411.48
2017-08-08,18,397.6,400.53971171402185,397.00775149360305,399.67078034909343,397.124595661197,392.4384725059583,399.61,397.06
2017-08-08,19,391.84,391.92968116309675,389.5576160429591,391.135681455428,389.06369729766715,386.383272570235,392.47,395.43
2017-08-08,20,391.69,385.96853862280784,385.79921777127237,386.0263328203234,385.90519402519675,381.3442501897803,390.1,388.15
2017-08-08,21,375.6,373.4828877344453,372.97613040840525,373.5457714075853,371.34192842569655,372.0922521891176,378.19,375.87
2017-08-08,22,343.07,349.53169387016214,348.72118866523795,348.37067537374224,346.9177104129811,356.0708986242387,351.95,350.7
2017-08-08,23,338.92,335.90679576906876,335.7138037655417,334.36540103549015,331.2544934308492,346.13586440255654,336.16,338.7
2017-08-09,0,332.8,335.80594702941414,335.31163229337835,334.25665324241254,333.7970982388111,339.19485052230675,332.9,334.26
2017-08-09,1,333.28,335.5202246844621,334.6176986329692,333.7729326519125,333.6248983842449,337.3533323948033,329.9,336.61
2017-08-09,2,326.98,334.57639269384475,333.3766526154492,332.73841259129176,332.6702811228213,336.48807131994494,328.84,333.54
2017-08-09,3,323.84,335.0611457011514,333.241261374084,333.01054996491877,333.0996889444542,337.36536260503595,330.18,329.94
2017-08-09,4,350.32,354.407956066584,352.6793259014941,352.99691440819265,351.3077563493244,350.09049308181784,351.4,354.63
2017-08-09,5,362.82,366.06560133092853,364.5038727799048,364.2964452335925,362.8085672314213,357.64241174043605,362.24,363.3
2017-08-09,6,363.51,371.4636918314903,370.7260551921251,370.12806617974604,368.0176190532984,361.68868053075124,363.12,370.04
2017-08-09,7,373.09,378.80121983468666,378.2796534246818,377.757943990857,373.71224837557645,369.67794747507855,373.18,376.87
2017-08-09,8,393.58,389.7394485019835,389.09206730745746,390.20223259649526,387.90493350491323,391.7147741733774,385.11,393.48
2017-08-09,9,403.01,407.58378622502744,405.6825197866158,407.6818565237849,401.8308632471652,404.76428745284784,405.75,407.7
2017-08-09,10,417.35,421.12449057503767,420.2340742991725,420.0989777245501,413.6602805121171,416.05676938947755,423.47,419.05
2017-08-09,11,422.58,428.4537178978734,425.07150324680293,425.55664227258956,418.3808840904808,423.73963184280217,433.94,427.76
2017-08-09,12,427.97,431.86065038640294,429.5463493596869,430.2769494506119,423.0097790832818,426.2448969607718,434.51,430.67
2017-08-09,13,427.86,436.0619188405272,434.7018462198711,434.91232901453134,428.2594860059526,425.8425068016394,429.71,433.25
2017-08-09,14,419.66,428.6055748097254,425.81676797206563,426.34142765804137,420.46833306798936,421.9406186837939,421.25,425.46
2017-08-09,15,425.52,429.52561590288747,427.5171818623671,426.81746453570366,420.44093589323336,421.37253562777164,420.22,429.03
2017-08-09,16,415.33,427.5593879999364,422.37977732212033,423.7139099997635,418.1287148751494,418.32359784146666,418.7,420.18
2017-08-09,17,406.79,415.37284203545323,411.4085561623269,413.7968185204292,408.48334208529724,408.8659120439768,402.93,409.88
2017-08-09,18,397.63,402.3339872541508,398.24987894424805,399.9685011676759,397.32935369046237,390.9701696628001,398.48,397.6
2017-08-09,19,388.06,391.46485067337,389.24913455814817,389.77765373830135,387.94070103333337,384.4599735084575,391.42,391.84
2017-08-09,20,387.32,388.79080035487624,387.43222694849993,387.6195365966927,386.894894010178,379.61797608327953,387.39,391.69
2017-08-09,21,374.78,376.00208090481806,374.14387522759046,374.20422732501737,372.4146492315754,370.45156468018314,376.86,375.6
2017-08-09,22,345.6,355.44062615143133,354.5919373656192,354.3809804408075,352.57405422734536,357.9890862786611,362.06,343.07
2017-08-09,23,336.34,345.4742987871938,344.1361947116661,342.3236539673256,341.2152112070122,351.32571208168446,352.34,338.92
2017-08-10,0,329.99,336.62985016962926,333.535380259177,336.0116090559128,338.3691377390573,343.329105803729,348.22,332.8
2017-08-10,1,331.53,329.41117912549345,325.05866731833527,327.51043964497205,333.3138720177283,335.39824445872006,330.03,333.28
2017-08-10,2,325.88,324.7713487328367,321.077940556981,323.62710488828077,328.5514878317429,335.3070643865652,331.94,326.98
2017-08-10,3,330.44,324.7713487328367,320.3994216082766,323.20170311877075,327.91352874380107,335.02866630557696,330.14,323.84
2017-08-10,4,351.35,347.4564987085376,345.37802010155383,346.3064659405809,347.50151033726314,347.875172561378,351.12,350.32
2017-08-10,5,365.73,363.0038428673166,362.42411279517654,361.3023590281066,361.29472821050774,355.49323338539375,360.96,362.82
2017-08-10,6,365.52,365.35271422589716,364.6633881472083,364.2486434130026,362.8607079128891,358.6117795499972,361.28,363.51
2017-08-10,7,371.4,373.9756542008583,374.3303714230823,372.7273257054758,370.14031216549336,367.52337104951874,372.89,373.09
2017-08-10,8,382.1,388.15033297581385,388.6631585515754,388.6120356864344,387.48626511364444,390.14956280854267,385.72,393.58
2017-08-10,9,390.47,403.778840617638,404.5367353082013,402.8669093397345,399.6912989590243,401.1853266026583,402.62,403.01
2017-08-10,10,404.53,419.7767595387708,419.43908397713955,418.37030754443896,414.0489141240825,412.1829300965843,418.68,417.35
2017-08-10,11,412.03,425.58632949581335,423.42988414531123,422.40711580263087,416.20790614457877,418.2364036908508,426.01,422.58
2017-08-10,12,414.47,431.2615983687253,430.09067790582003,428.93220219260854,424.12560563637066,420.8961601849372,426.24,427.97
2017-08-10,13,412.64,432.6218214763917,430.83727273899683,429.5993336002731,424.8142558946997,424.2557722707752,432.0,427.86
2017-08-10,14,417.4,430.81252601114795,428.27358241319257,428.79609693985986,424.28792769244853,425.24707774844296,436.33,419.66
2017-08-10,15,415.44,430.0980611628622,426.9971420818357,427.75399111069976,423.5730506761662,423.14142058025493,430.64,425.52
2017-08-10,16,409.11,428.21700181059987,425.3232473868558,425.3726209764186,422.0602764558141,419.91576061062443,429.08,415.33
2017-08-10,17,401.3,412.2343485353858,410.32180556288773,411.56837654663286,407.49230034085673,410.465668226568,412.8,406.79
2017-08-10,18,390.77,401.8831863981043,400.3361086022853,401.4196912880392,400.2343199434649,390.7049011525052,402.03,397.63
2017-08-10,19,389.37,389.5565281727948,389.0105948071054,388.2069360350007,387.64191133534683,383.6504604465596,394.72,388.06
2017-08-10,20,383.68,386.753367865462,386.7075748237592,386.2264698526613,385.8604845587488,377.7666108455646,388.17,387.32
2017-08-10,21,368.17,374.0450996807766,373.3375892606081,372.97450189383443,372.0874475230964,368.2363430124483,375.61,374.78
2017-08-10,22,342.44,344.84096953916304,342.12046709631613,343.18144879550806,342.86656792868115,350.9473713121094,347.3,345.6
2017-08-10,23,331.68,336.8919222505537,333.9862098018925,334.1085425310983,334.7915028354194,344.35339137918334,339.3,336.34
2017-08-11,0,327.08,332.28441555253573,331.42969867664897,329.6819070909572,330.68174736940915,334.5232526154373,338.77,329.99
2017-08-11,1,323.99,330.56158366257705,329.8954428983725,328.7038670129866,329.98056648380236,331.93281701495454,334.08,331.53
2017-08-11,2,323.11,326.1252078399846,325.6838032708743,324.3059518351363,324.9861530878561,330.93806246600917,333.47,325.88
2017-08-11,3,321.65,330.2428807965052,329.39603338555787,328.474036618939,329.65738237627886,332.14512064974554,333.18,330.44
2017-08-11,4,340.58,349.89684552760673,346.8022172064707,347.4919312119315,347.56661098157656,343.2728996717812,351.42,351.35
2017-08-11,5,356.25,359.98072440997817,359.2946722419551,357.904839158111,358.2389626179819,351.53153305801754,362.35,365.73
2017-08-11,6,354.79,362.7831035694556,362.3609416168867,361.0847798527798,360.0905397173781,355.8545871924012,366.06,365.52
2017-08-11,7,365.63,366.68395332749634,366.20413528748236,364.7950141276912,363.32092013799104,361.20641645398155,369.59,371.4
2017-08-11,8,349.2,354.95134255270113,355.61831514575,358.9354879388453,356.7809393368566,272.4078426781864,96.76,382.1
2017-08-11,9,371.06,389.2736974272005,390.6558194800325,389.1854990584699,388.8257152663556,392.7645326418241,396.62,390.47
2017-08-11,10,367.34,408.9611661864455,409.67463382482896,408.87585296333873,407.7321130827701,405.1764861857746,416.41,404.53
2017-08-11,11,378.2,403.1928958430226,403.71979238587824,404.0164431401912,402.62895971013836,371.7921699796732,321.07,412.03
2017-08-11,12,386.57,420.1862103191699,420.00758451927294,418.69861964331204,415.8456777338603,415.2790080673776,427.74,414.47
2017-08-11,13,389.57,420.8169140959396,420.5265290681034,419.0337122648751,415.921333341275,416.4269053400791,428.29,412.64
2017-08-11,14,396.66,420.6157276524887,420.4247742826216,419.1354007409086,416.044819386284,418.49218341390906,431.44,417.4
2017-08-11,15,417.05,417.05707341975057,417.41921512130585,415.83266705348905,413.83498313873,413.0884418417272,419.59,415.44
2017-08-11,16,422.37,411.1651317032249,411.5309982957575,408.5622289481773,407.2327795016369,409.2607639827964,415.29,409.11
2017-08-11,17,407.14,396.51212891482066,397.25740241856215,396.4912182440806,396.35161988267373,401.3724158330645,402.82,401.3
2017-08-11,18,389.47,379.77512273992147,379.76659863550236,378.76698526782496,378.15122598715965,381.07737580591487,391.63,390.77
2017-08-11,19,389.03,378.7993317432874,378.389585810551,377.19545304225994,377.05583860473683,375.8499045164352,386.56,389.37
2017-08-11,20,382.9,377.3662392884316,377.15924536067615,375.94742125954474,376.6843641029396,372.119738911199,387.09,383.68
2017-08-11,21,372.02,367.5678152400888,366.08549171999647,363.60205749450773,365.8271079011387,363.35423035902136,377.42,368.17
2017-08-11,22,340.41,344.51680790870466,343.5731932284449,343.02128979495205,343.7489152083335,347.0660946320857,350.66,342.44
2017-08-11,23,331.41,334.1577912198114,331.92667705878245,330.12640309702147,331.9500269366098,338.1977705074356,337.25,331.68
2017-08-12,0,331.51,323.48650511565154,320.47219898385487,323.054960470384,324.70225776290965,323.9687727312735,335.64,327.08
2017-08-12,1,324.83,322.46797640783603,317.5048828102108,321.0191636255478,324.24611587640334,323.1925636110328,337.06,323.99
2017-08-12,2,323.5,317.775463000392,312.96164848733287,317.0652027477722,321.3820245890663,320.53897738928134,330.72,323.11
2017-08-12,3,322.83,318.0694799551472,314.93881894910356,318.6511735948357,320.64497596931693,322.2720178593906,333.63,321.65
2017-08-12,4,336.67,338.03834911478987,332.7322102746346,337.77344803617996,339.8746808421437,330.82039148778813,345.81,340.58
2017-08-12,5,338.59,342.0199415325271,340.06008253698593,343.1121357849614,342.2352979411418,333.4314375065143,341.75,356.25
2017-08-12,6,347.22,347.9850064513125,346.7247390764109,350.1140209320761,347.22994701601806,340.5115440892831,352.97,354.79
2017-08-12,7,353.09,354.72402225317603,354.8417833561345,356.5084499790371,352.7805802687755,347.429968962598,359.04,365.63
2017-08-12,8,357.04,351.18454983282385,351.71909112450396,354.3594478525495,350.04030045917904,350.1325431222108,362.08,349.2
2017-08-12,9,362.75,363.4811830851073,362.67906954844545,363.5230894172663,360.01602706587494,358.5913583106257,368.52,371.06
2017-08-12,10,373.55,346.6549618065072,347.80462615036913,346.98615654361294,348.81445695442244,325.96303781846234,277.26,367.34
2017-08-12,11,368.36,371.0150453814811,370.01034398452157,369.05980914486196,366.35456349134023,366.2913436673701,371.47,378.2
2017-08-12,12,370.24,356.9905916139384,352.24629968659633,355.01914349354587,354.83211641336203,330.7617453087307,272.03,386.57
2017-08-12,13,371.37,357.1194300505603,352.85029920570645,355.05545081391256,354.90777202077663,336.0559598049336,281.82,389.57
2017-08-12,14,371.9,356.69484287727585,352.4728764464469,354.5728920581014,354.9556803161118,336.770963839084,280.76,396.66
2017-08-12,15,363.98,372.28240321132506,372.1153089480859,371.5948320202016,368.6064417569902,374.14778816890384,372.71,417.05
2017-08-12,16,359.75,366.5225808591479,365.7769380932284,365.94935452534054,361.24053271873356,371.19843548637175,367.13,422.37
2017-08-12,17,347.64,360.4558032543395,359.57310387729996,361.1653933145759,356.2781328975124,364.68963154687424,360.48,407.14
2017-08-12,18,346.97,357.9375988904226,356.72373409066665,357.82849552660326,353.38679646232555,356.63433591426764,352.06,389.47
2017-08-12,19,345.03,355.85454533082674,354.580787012293,355.8154806871414,352.17562278719413,353.2288270465302,351.41,389.03
2017-08-12,20,342.89,352.6265425983451,350.724280897277,352.17204679680145,349.56195664814436,348.4203220356107,349.29,382.9
2017-08-12,21,343.65,348.524863745754,346.59508061989044,347.9358566711899,345.6596922403941,342.34366533465106,345.17,372.02
2017-08-12,22,329.18,336.34720715126394,333.38168951627904,337.591487513899,335.584128274821,332.0747321694645,335.77,340.41
2017-08-12,23,324.2,327.1843931365272,322.9223655525815,326.4537463467723,328.7642525783458,326.21374516600554,329.61,331.41
2017-08-13,0,323.83,325.2366529188571,325.58351585866853,325.07863990366786,325.1531642891428,317.5743225448724,329.3,331.51
2017-08-13,1,325.08,321.3144688082045,319.6624612282917,320.5556638294153,319.62228426360207,315.4414236845532,328.31,324.83
2017-08-13,2,325.31,321.10192501439286,319.6624612282917,320.5746911531291,319.6458011141909,315.2160032570577,328.39,323.5
2017-08-13,3,326.3,320.8297160058529,319.53143151931783,320.4519870574335,319.6419465196033,315.5086651126933,327.34,322.83
2017-08-13,4,336.96,335.86622349980615,334.0680307121422,335.2508797978565,334.03862034932604,323.74688006054424,340.27,336.67
2017-08-13,5,337.91,338.32772371974175,336.33217950043786,337.9577551652891,336.941930998681,326.2359842140132,340.08,338.59
2017-08-13,6,346.8,345.501733167966,345.2705766640736,346.371637564734,344.30236161257517,334.8666553969064,352.24,347.22
2017-08-13,7,351.42,350.8090571372293,350.70959335638196,352.0619481634574,350.15004629671097,343.19244383653535,363.46,353.09
2017-08-13,8,360.11,352.56980876552547,352.58378792389635,354.0684699807664,352.134627648959,347.1877459860824,363.64,357.04
2017-08-13,9,362.48,356.6870483298124,356.51759503682337,356.23460356661576,354.9622824349992,351.58931233010327,364.5,362.75
2017-08-13,10,370.57,359.45040501358574,358.9329536895457,357.5796862194051,358.4094961075356,357.15581358194527,367.57,373.55
2017-08-13,11,371.61,364.36942558917855,364.0122642993371,362.1589657952491,362.5002186713006,362.11433458634923,375.21,368.36
2017-08-13,12,375.52,365.56464227791497,364.85073779096933,363.57132893936483,365.34968667004154,363.8548708941435,374.1,370.24
2017-08-13,13,372.54,368.7861388088144,366.5007458025955,365.4737782782981,367.5712199364596,366.2856278283843,377.05,371.37
2017-08-13,14,368.16,368.9387522681234,366.9787120073944,366.3696403576295,367.89453114152593,367.46065814561246,379.17,371.9
2017-08-13,15,357.63,361.2502426043982,360.77820340113556,359.1364676991429,360.51770516852343,361.80544445351893,368.47,363.98
2017-08-13,16,356.86,364.96724954786924,364.2522157131707,364.20177141183785,363.7918295929689,361.7522663898723,373.28,359.75
2017-08-13,17,350.19,349.6021058124807,349.08507783560503,350.22104356196525,348.6213961973107,351.3955531104628,355.73,347.64
2017-08-13,18,345.35,347.6876765088598,347.2376830175351,347.95407745869807,346.8975145197028,346.14926479420643,349.4,346.97
2017-08-13,19,338.7,345.0443556285375,345.13906317350666,345.35638227976875,344.6282130670208,342.61338582613485,348.87,345.03
2017-08-13,20,338.59,343.70096685222893,342.1133372868689,343.142466275813,342.56091667228134,338.38958903716,347.05,342.89
2017-08-13,21,339.08,342.62681619740374,342.6370668398377,342.7342756984529,342.3242975918176,336.5124860890695,350.25,343.65
2017-08-13,22,326.85,331.832703601269,331.5463423640077,331.6080818033932,331.71934378814086,326.9900626709066,337.57,329.18
2017-08-13,23,324.56,325.16972569309894,324.11714469633847,324.6553742680515,323.470452919044,322.4123480012208,333.51,324.2
2017-08-14,0,321.04,307.13766431282266,309.073043862278,306.6348999204857,301.8033920219016,329.6563076955602,333.1,323.83
2017-08-14,1,325.87,305.74818757045955,306.5014181222963,306.8078598900876,299.7742394598971,327.2393604161512,329.02,325.08
2017-08-14,2,324.05,305.0267850022653,302.3825619990211,306.99586078187633,299.98448600353794,326.15589287044867,326.46,325.31
2017-08-14,3,320.14,304.6044118202443,302.3825619990211,306.72478705361124,299.98448600353794,327.05945114438583,326.53,326.3
2017-08-14,4,352.22,341.86380060781806,338.7187283986742,341.5406274043212,339.24754702226954,343.0477228272204,360.5,336.96
2017-08-14,5,358.03,353.27569431605593,352.35153884036856,354.83767136755756,356.01633707996365,346.93034963775165,364.23,337.91
2017-08-14,6,357.97,361.5631222133016,360.53425968021764,360.49357789362296,360.6459529601821,351.7248241329808,366.4,346.8
2017-08-14,7,362.4,370.8278314985633,367.92221808995595,368.7010223032492,368.2083442259469,359.3920142623769,376.29,351.42
2017-08-14,8,372.99,376.2878549399315,377.4921086695878,376.38845998463006,376.11257678704385,381.461124517635,388.01,360.11
2017-08-14,9,386.45,385.06468611143515,385.45339012487244,384.53755436525097,384.33511242230765,390.01234577058193,400.58,362.48
2017-08-14,10,394.83,405.2133388904338,401.6145669331929,402.7166543542551,407.4928311449344,401.71740629025686,420.3,370.57
2017-08-14,11,402.72,414.3491868398155,412.12182931160714,411.00093339808626,417.4291033998027,406.04486632904917,424.36,371.61
2017-08-14,12,408.63,421.4456092093606,419.3371622859131,418.2629808099847,424.445796314126,411.00512787262363,430.9,375.52
2017-08-14,13,412.11,422.34001682816717,420.8465904058872,418.2992881303514,424.5214519215406,411.75207773145416,430.69,372.54
2017-08-14,14,413.7,422.29284091724406,421.10564034875534,419.3932385085567,424.62948181113984,410.75702168495445,428.64,368.16
2017-08-14,15,425.54,417.44072812799567,415.13120459190424,414.94622331098134,421.3945185562872,406.10414694781366,421.28,357.63
2017-08-14,16,422.07,410.277697535948,408.78741150040634,409.6202559715,415.0881129452289,403.7719284316794,419.11,356.86
2017-08-14,17,407.88,401.62784774155165,401.8273563278822,400.2411919498634,404.71829055502474,397.90064929500073,411.48,350.19
2017-08-14,18,397.62,387.1489900932441,386.1712934031351,384.02002716245596,386.8401665022132,375.99340046105556,397.06,345.35
2017-08-14,19,390.55,382.7321839292312,381.12669764464266,379.2297578674062,381.925675736189,371.47494983395273,395.43,338.7
2017-08-14,20,388.03,380.35261128191115,379.00231372651615,379.2784041587583,381.66937037172124,365.36972344597007,388.15,338.59
2017-08-14,21,378.02,367.0287479257119,367.3186322068997,368.1114677585194,370.352342842037,357.46003700663715,375.87,339.08
2017-08-14,22,361.44,342.8114227187684,343.67723052235317,343.6777513464073,345.2279168121725,343.3527378281083,350.7,326.85
2017-08-14,23,352.09,321.49823836735976,324.7465037150529,327.65019347456007,321.07174825890525,336.0000292533948,338.7,324.56
2017-08-15,0,349.29,334.6936807654843,334.5376211895396,334.93797758280783,333.9652051499336,343.9656803485529,334.26,321.04
2017-08-15,1,342.01,338.7439054094177,336.1169625811015,339.0962246673606,338.16034892382476,344.47426533084143,336.61,325.87
2017-08-15,2,342.91,335.6516539400696,333.07109730692895,336.2795443367747,335.19572368897184,342.9684517721113,333.54,324.05
2017-08-15,3,340.33,333.90798370571673,332.2733468860526,334.68658825546635,334.37861330580336,341.88981795751744,329.94,320.14
2017-08-15,4,363.34,355.6903893079044,355.0281564508686,355.2073251060087,356.6236363074614,356.81989811969515,354.63,352.22
2017-08-15,5,373.74,364.8633332250041,365.1221193802973,364.96357688581764,366.6940931738097,363.19174834888264,363.3,358.03
2017-08-15,6,373.71,371.8533895333059,371.5113124820742,370.0379196801205,372.46156367986583,368.7029340708876,370.04,357.97
2017-08-15,7,382.08,376.9239184891416,376.46294688348536,375.15800772956817,378.48112124533276,375.1619540508332,376.87,362.4
2017-08-15,8,390.27,388.2157160557184,388.3612571380069,386.6672836412824,389.49620165131915,398.7059708998795,393.48,372.99
2017-08-15,9,401.51,404.47890298980695,405.0016464015143,402.30303372062184,403.4517883960637,409.18968807288803,407.7,386.45
2017-08-15,10,411.34,417.2283794474442,416.90342830849403,416.3342568599543,415.85338299035965,417.67770689634347,419.05,394.83
2017-08-15,11,421.77,424.3774642297724,422.57289169574943,423.17356012096906,422.8152888671718,424.5935741833723,427.76,402.72
2017-08-15,12,425.9,428.16128359766697,426.1438289649029,425.33580315936894,427.1628809646215,428.36786646773413,430.67,408.63
2017-08-15,13,429.2,429.3984970019932,428.8137798409577,428.1003434654963,428.4889467424368,430.93675003787837,433.25,412.11
2017-08-15,14,436.22,428.148173448377,427.19829548598943,425.8424991394981,426.61440384013525,428.40795136466244,425.46,413.7
2017-08-15,15,430.22,428.88148008261953,427.2338511428129,426.7889014404949,427.25647495905963,430.6009312424829,429.03,425.54
2017-08-15,16,416.02,423.57613570078485,423.0830379878446,421.3701505819457,422.98882390155404,425.35671616693975,420.18,422.07
2017-08-15,17,398.54,410.4108903170994,410.366778258848,408.29644203875966,411.13687285247687,417.56119655762564,409.88,407.88
2017-08-15,18,382.25,399.40010938646424,398.6316221502745,396.60098649178656,400.36945725579267,396.4749221472614,397.6,397.62
2017-08-15,19,372.07,388.53378131788014,388.44818127604265,386.9487904286795,389.43873647463937,390.31194516774474,391.84,390.55
2017-08-15,20,368.48,383.8681842954419,384.84783317775776,383.958763277634,386.62989922856843,386.68753106854876,391.69,388.03
2017-08-15,21,362.56,373.568370241598,374.63313314282044,374.4467178291049,375.0052052423639,376.07933721817386,375.6,378.02
2017-08-15,22,337.65,351.7203602731945,351.929975898039,351.8115128178709,352.4478552204881,358.62736059828507,343.07,361.44
2017-08-15,23,321.64,344.9182181550344,344.4878215398586,343.92593343344174,345.12461165929926,353.4962330727178,338.92,352.09
2017-08-16,0,320.47,333.0047924037321,332.547459799916,330.1860863610383,332.67219847644225,333.7991581423928,332.8,349.29
2017-08-16,1,314.73,331.2560604449282,330.07589580074847,329.43185380219563,330.59775930455277,332.1592568636839,333.28,342.01
2017-08-16,2,311.9,329.8222275810979,328.49813822606245,327.6782410020322,330.10223060039067,329.7239833708811,326.98,342.91
2017-08-16,3,312.86,326.53585732786354,325.2970979776837,324.84435189245005,326.9662360955429,328.9795662062708,323.84,340.33
2017-08-16,4,330.47,350.90232728076717,349.8614619375714,349.43316368329425,350.2134107916259,343.53456846667393,350.32,363.34
2017-08-16,5,334.58,359.21224253736847,358.6719559312873,358.48783810649553,358.9171029612641,351.9277728110023,362.82,373.74
2017-08-16,6,348.35,362.18523465076447,361.7351322401958,361.0537466607202,360.6549151821075,355.1024616111476,363.51,373.71
2017-08-16,7,357.66,373.886406944005,374.1436296713054,372.7938385593158,372.02028628845875,363.0887621919865,373.09,382.08
2017-08-16,8,372.27,378.28495097663574,379.3957193559614,377.43224742560733,378.7309173411058,387.86027962864785,393.58,390.27
2017-08-16,9,384.45,389.5072589175209,387.6686657105727,386.76374353901747,391.3484459482421,396.2302691152915,403.01,401.51
2017-08-16,10,403.28,405.58947708657,398.82323133851,400.6650799627395,406.2465712897798,406.045566690079,417.35,411.34
2017-08-16,11,412.22,412.76710787436195,407.2955334823021,408.5904028184974,414.076274196598,411.9145642132899,422.58,421.77
2017-08-16,12,408.59,422.46578032087604,416.83867073881015,417.0513859701869,422.9685577586688,416.43885992920605,427.97,425.9
2017-08-16,13,412.37,423.887149736324,418.9674551891351,417.58421093866014,422.92344601452686,417.9463852278386,427.86,429.2
2017-08-16,14,411.85,420.0179641676834,415.6377935140356,419.1823613500286,427.3469312091349,415.89818089210416,419.66,436.22
2017-08-16,15,405.81,419.64772161030527,414.76954784390995,414.0364175468754,422.25744544982166,416.8778701120204,425.52,430.22
2017-08-16,16,407.34,407.4233463695316,403.27904640103327,404.64113630386584,411.957735762576,409.8529448494574,415.33,416.02
2017-08-16,17,394.93,391.27951212463176,389.5535530459085,389.2500674605159,398.99232511478345,402.3511174920606,406.79,398.54
2017-08-16,18,385.67,382.108383747397,382.4854012424302,381.186513711986,385.6222502134121,381.75295691455284,397.63,382.25
2017-08-16,19,379.73,376.319369310309,378.3505936116378,377.02128635909327,379.67533421406563,373.7503817795061,388.06,372.07
2017-08-16,20,373.25,374.2132148129148,374.5214092539436,373.8630720439781,375.88733304530354,369.77176835862997,387.32,368.48
2017-08-16,21,363.74,364.50800238092233,364.4577231352048,363.2006298692723,364.8440545077766,361.017740268277,374.78,362.56
2017-08-16,22,337.11,338.62088008116683,337.70095952783686,336.40559741376364,338.34229328911067,343.8810844666027,345.6,337.65
2017-08-16,23,323.41,328.93962678020324,326.13757656992436,325.9240315101525,327.562841251924,335.9896273475024,336.34,321.64
2017-08-17,0,322.75,319.59779833308284,320.41840360227155,319.6139796796625,318.9414728089252,326.71852748155396,329.99,320.47
2017-08-17,1,322.27,318.61245605616256,318.66055498375886,318.55998503517225,317.9781268546165,325.6653774672999,331.53,314.73
2017-08-17,2,322.15,317.97093794734036,318.40766704788535,318.6654210507496,317.90746759835645,323.0384665058233,325.88,311.9
2017-08-17,3,324.66,318.4901988405703,318.66055498375886,318.3287298907709,317.97516890482194,325.68521691136186,330.44,312.86
2017-08-17,4,341.74,339.55125599219787,338.3882607560898,339.0623131259137,340.5280484169348,337.4477405944198,351.35,330.47
2017-08-17,5,349.48,347.71506151731035,347.4902576413789,347.8546566409426,349.78099700617327,345.8262343932072,365.73,334.58
2017-08-17,6,351.9,353.87339647506604,354.321114573686,354.9469490017672,354.8787140484221,350.2760662082994,365.52,348.35
2017-08-17,7,361.81,363.64260571918635,362.5732235005671,363.2362238756573,363.50242094797204,356.94248904645707,371.4,357.66
2017-08-17,8,380.9,373.07019500072323,372.3939483149137,371.92699190523354,372.42950201050604,378.8470904534719,382.1,372.27
2017-08-17,9,411.04,383.9388281499368,383.5942890321517,382.9441475083861,382.96462848216316,386.9204326089025,390.47,384.45
2017-08-17,10,423.22,401.27850481374,400.95110756517875,402.7061488782839,401.9395889417686,397.69000334375494,404.53,403.28
2017-08-17,11,425.61,410.9695909383806,410.2369001865082,411.96861586799787,410.4132290734206,404.26579413190586,412.03,412.22
2017-08-17,12,443.44,412.2888491742112,411.29936226894455,414.2376980712199,413.39183798837877,406.74043377524754,414.47,408.59
2017-08-17,13,443.77,415.5983078951919,414.4816476728783,416.1658955895574,415.2356422126206,407.6436261845426,412.64,412.37
2017-08-17,14,443.45,417.55743848191923,415.36686005092497,418.1373414282814,416.77195641366285,409.7249547227158,417.4,411.85
2017-08-17,15,445.55,410.32510317747483,408.9769766214726,411.6011919576459,410.4401714580608,407.67890318150205,415.44,405.81
2017-08-17,16,433.78,411.3918022774001,409.2433952595604,411.37807640612294,410.4254287838802,404.00058581147937,409.11,407.34
2017-08-17,17,418.55,394.6956072002916,392.75480862503167,394.8821894403819,395.2279836567707,397.37939845856545,401.3,394.93
2017-08-17,18,405.0,385.8191573377892,384.72481051120513,384.89915826772454,385.5529451383671,376.9166755831229,390.77,385.67
2017-08-17,19,391.38,380.7698420022797,379.99043496546676,379.72075088903466,381.27962572404135,372.5723895195183,389.37,379.73
2017-08-17,20,386.29,376.98935400672514,375.47778142527795,376.62376209866915,376.66656879946225,366.3374592492993,383.68,373.25
2017-08-17,21,372.76,360.938521030897,360.3990005196338,358.93320559763066,359.39339558227374,356.0095499807008,368.17,363.74
2017-08-17,22,342.33,338.5593112773153,337.26147342793377,336.5753844620257,336.7016309143395,340.0013276335952,342.44,337.11
2017-08-17,23,334.78,324.285452683028,323.08563788460367,323.2907771834036,322.8533401577296,331.79738289800554,331.68,323.41
2017-08-18,0,334.64,327.52004687491257,326.9743764666472,326.1889195809498,326.84416712712476,330.3898986072453,327.08,322.75
2017-08-18,1,336.39,326.9936344627997,325.28799243806117,326.1337252069989,328.385783126078,328.16638545451985,323.99,322.27
2017-08-18,2,329.46,326.84411393003853,325.28799243806117,326.2966430247938,328.5041772335088,327.7046496130852,323.11,322.15
2017-08-18,3,327.72,326.84411393003853,325.28799243806117,326.2544371097605,328.44033052163087,328.2065738280005,321.65,324.66
2017-08-18,4,349.68,341.5657604378102,339.640835540301,340.1611826990665,342.3863220431188,339.14182116516025,340.58,341.74
2017-08-18,5,357.66,353.4965503353792,352.4603118098344,352.1096367039589,354.44987288633513,348.4469611364766,356.25,349.48
2017-08-18,6,358.73,354.51520700083285,352.7141451798839,352.1348114716936,354.86501387456656,351.07797895174684,354.79,351.9
2017-08-18,7,363.9,364.0496462114654,363.7903773511571,363.33270259070366,364.717812735943,359.7332174753348,365.63,361.81
2017-08-18,8,378.49,373.4286803527918,371.51168995276646,375.8829477178127,379.05474687465323,371.6172938610209,349.2,380.9
2017-08-18,9,393.81,395.8896615304596,394.84537847527866,396.084799447046,399.70323464350736,387.0206657022835,371.06,411.04
2017-08-18,10,411.2,395.5434788228646,395.1564369473119,400.57533424132987,400.8125479966118,390.12968672492116,367.34,423.22
2017-08-18,11,420.46,408.89544901485687,409.07611578936775,408.4338456064483,409.9925815297905,397.2329431999115,378.2,425.61
2017-08-18,12,421.32,412.44665538773324,413.33076324186874,413.17022938618527,415.78325410313283,404.5248582365773,386.57,443.44
2017-08-18,13,423.04,413.38587927701116,414.9427041457552,413.17022938618527,415.87233264962566,406.88874903450824,389.57,443.77
2017-08-18,14,426.34,414.3848435770782,415.9407701218165,412.81344247521656,414.9722596346115,409.8934267833103,396.66,443.45
2017-08-18,15,421.35,424.2079182285958,426.09067459944845,424.887423047618,426.9784045121887,417.44846003030506,417.05,445.55
2017-08-18,16,404.05,425.68486463212366,424.90963114388256,423.5440658566153,427.8260757855834,416.7101859018214,422.37,433.78
2017-08-18,17,397.35,402.84772789065954,402.77974700701196,401.61353263318097,402.7952198297857,406.8867276611648,407.14,418.55
2017-08-18,18,387.24,385.1291012672314,383.4761731410496,382.408127326186,383.9764328462144,383.2113145720171,389.47,405.0
2017-08-18,19,382.82,379.81348161343044,378.049833652867,378.6512135821882,379.62884576652647,378.33483280695276,389.03,391.38
2017-08-18,20,381.1,377.5387339185435,375.790207611982,376.55553803319293,377.54575952433714,372.09384886370054,382.9,386.29
2017-08-18,21,365.99,367.1616324101593,365.3591244556699,365.8998673366213,366.5786215618769,363.08458868673955,372.02,372.76
2017-08-18,22,343.69,339.0551429225279,336.58080411312545,337.2559238271844,337.9041386340904,344.3561620449106,340.41,342.33
2017-08-18,23,329.34,332.4639062490016,330.95299454959326,331.3233885397063,332.4857427917692,337.5579767878519,331.41,334.78
2017-08-19,0,324.95,326.454990324477,328.2577927255232,327.05392678718994,327.34901285164113,326.75826241656216,331.51,334.64
2017-08-19,1,322.58,324.5347575738044,325.7891904144401,326.19074943829924,325.7098460022662,323.4119778782547,324.83,336.39
2017-08-19,2,320.55,323.1523980323942,324.2661187627402,324.9461935260673,323.55238363820143,321.9779947765526,323.5,329.46
2017-08-19,3,322.21,320.2195905988015,321.2034376279586,321.94530349138796,320.4391886758524,322.2880638637424,322.83,327.72
2017-08-19,4,334.72,335.7990399679371,336.168790076346,336.4494920783201,336.2102631558209,331.8309033295125,336.67,349.68
2017-08-19,5,330.8,338.1869650899987,338.6641822777445,338.3919094267999,339.23260311560256,335.8474094843972,338.59,357.66
2017-08-19,6,340.71,344.292029855209,344.32736548938095,343.93054960386473,344.6665616083475,342.2225850044399,347.22,358.73
2017-08-19,7,350.53,350.3010446113954,350.8500728779453,350.055666900354,350.2163737974328,348.3973569530003,353.09,363.9
2017-08-19,8,359.49,352.3240729661509,352.6788518381744,352.10184978949866,352.452981145401,355.1045641103017,357.04,378.49
2017-08-19,9,370.53,355.42607709093966,355.7314432063337,355.278902643189,355.4366676495047,362.5155984421152,362.75,393.81
2017-08-19,10,375.73,366.1894492738432,366.998752504786,365.64155556678577,365.4924962549514,371.85097535655314,373.55,411.2
2017-08-19,11,373.02,360.526439158928,360.1266857012568,359.82007610801367,359.6706694079553,373.5517369307352,368.36,420.46
2017-08-19,12,375.66,364.01860911985165,363.72817333529747,363.5447682749847,363.96852672829027,376.3332879363972,370.24,421.32
2017-08-19,13,376.66,368.2390523419032,368.6407958708688,368.0611706326299,368.92851765467697,378.13411387325567,371.37,423.04
2017-08-19,14,373.34,368.166244179138,368.72228980472494,367.77032218793977,368.9031374917882,379.0243771889221,371.9,426.34
2017-08-19,15,363.92,362.0707791596683,362.2579358019042,360.65153874898414,361.9165913546088,374.7928315931702,363.98,421.35
2017-08-19,16,368.25,358.22785776930624,358.2520501394547,358.1978756189591,358.0301692012218,369.7080816716566,359.75,404.05
2017-08-19,17,358.87,351.029327319558,351.00812101013764,350.5309563429336,349.9399594309601,362.09378264155487,347.64,397.35
2017-08-19,18,350.08,350.69213790077606,350.6916563627538,350.5611768134556,348.8172036100245,357.9264573367817,346.97,387.24
2017-08-19,19,346.89,347.0487135606207,347.52934700354604,346.822776810754,346.07007964158913,353.5528038256986,345.03,382.82
2017-08-19,20,344.93,345.95345430026157,345.71313515416597,346.30787293154316,345.01465241884205,349.2528930040952,342.89,381.1
2017-08-19,21,341.16,343.8556264740797,342.68493261136285,344.62933873045733,342.4175329149573,344.5618468683654,343.65,365.99
2017-08-19,22,329.65,331.1396576155163,331.79956547661897,332.48220355166114,331.5629206516633,333.42208760724475,329.18,343.69
2017-08-19,23,326.58,324.68913512674084,324.40620533180424,325.2247820000811,325.07182682955863,327.381720027786,324.2,329.34
2017-08-20,0,322.96,313.04859330359733,315.336557597735,318.55608018786734,322.001759647477,319.19147471030794,323.83,324.95
2017-08-20,1,325.17,310.96871769357745,311.9832786819123,315.7806263597643,320.5155547594982,318.43079119678276,325.08,322.58
2017-08-20,2,326.15,310.18775660595014,312.51273481954485,316.1442989033658,320.6565023486759,318.17979462509965,325.31,320.55
2017-08-20,3,324.96,310.6205579276231,311.9832786819123,315.4422831710404,320.7935026096045,319.5345954823439,326.3,322.21
2017-08-20,4,338.04,324.82330974213676,325.8216174775485,328.95895011773257,332.3120835215603,326.7375231037649,336.96,334.72
2017-08-20,5,339.05,332.65671107550213,331.16902486599747,334.1425100823447,334.19414769022177,328.9798602369874,337.91,330.8
2017-08-20,6,348.26,342.37371563569,341.25176246025205,344.2056916129941,341.56201781131256,336.49621697843713,346.8,340.71
2017-08-20,7,353.76,347.38128076049895,346.6157745457763,348.6443668691916,345.86344339971043,342.7342482757609,351.42,350.53
2017-08-20,8,360.92,351.25099588140904,350.5841189482407,353.13557052482804,348.73193901927505,350.6110399415884,360.11,359.49
2017-08-20,9,360.57,356.79459439991984,355.9141353002187,357.2415593552845,353.993580544136,356.22461812178955,362.48,370.53
2017-08-20,10,363.96,363.1785251054258,361.3846844701244,362.1274166410744,359.9460786017808,363.07484204294735,370.57,375.73
2017-08-20,11,365.49,367.4166727894486,365.591898767183,366.3363626092181,363.23129250025534,365.7736846809354,371.61,373.02
2017-08-20,12,364.89,371.0765210097013,369.6152887764926,370.8843775762228,366.7121114465322,369.54657817860186,375.52,375.66
2017-08-20,13,364.43,369.6293308857953,369.0790362096869,368.9697849082212,365.98470938119596,369.6697712408683,372.54,376.66
2017-08-20,14,368.08,363.9636295640123,362.5366453464115,363.3727521811499,360.2253668529876,367.8789588751544,368.16,373.34
2017-08-20,15,362.3,358.8012097335667,357.65067612499814,358.6857035525224,355.13496068223185,362.11404580473953,357.63,363.92
2017-08-20,16,363.52,358.7393077774044,357.4315718699023,358.4496167844109,353.5342078458576,360.9107078875845,356.86,368.25
2017-08-20,17,358.56,352.53632588819363,350.6655080772314,351.7946885080921,346.83926762773893,355.0838587080885,350.19,358.87
2017-08-20,18,352.41,349.66699846622276,348.65405322548105,348.9617171302024,344.7373822169124,349.45857087416067,345.35,350.08
2017-08-20,19,346.87,344.44611550368995,344.9787043171413,345.11289006207477,340.83803728262046,343.4083647374541,338.7,346.89
2017-08-20,20,340.34,342.07101407242266,342.59684680917536,342.5581726545421,338.79655037808146,339.86662784492586,338.59,344.93
2017-08-20,21,345.11,340.84815314630606,339.43489765965546,340.7271702270873,337.17003102315,336.40751682423684,339.08,341.16
2017-08-20,22,330.23,324.67857703144426,325.5100768614316,329.14977657061735,328.90002538359016,327.4063899189768,326.85,329.65
2017-08-20,23,322.21,316.78456036647316,318.8272448141544,322.48717718231995,324.22255352868126,323.7367909647704,324.56,326.58
2017-08-21,0,323.48,309.63736728213894,309.5101540670324,310.11708247734936,303.18969542708805,330.5890816860491,321.04,322.96
2017-08-21,1,325.7,307.3944178747568,307.5458255891835,308.44486907259574,300.4147165529504,331.75052778571944,325.87,325.17
2017-08-21,2,325.45,308.2695513470934,303.4159938689698,308.3723493470761,300.8211235596297,331.059471734355,324.05,326.15
2017-08-21,3,320.6,308.2695513470934,303.4159938689698,308.51649561996356,300.8211235596297,330.1825550227513,320.14,324.96
2017-08-21,4,358.48,344.54254629450054,340.2780260793895,341.8443317316244,338.61052247965046,345.7364030499968,352.22,338.04
2017-08-21,5,363.05,352.30771825006167,349.987236189367,352.2841841405233,352.4289591441467,350.43801727969225,358.03,339.05
2017-08-21,6,361.52,358.39086675720586,357.40074963460654,357.14318436709186,356.7960881198486,354.41017087270643,357.97,348.26
2017-08-21,7,369.19,361.29181209689654,361.1604933005294,360.02137997056315,359.59065892018873,360.06657752584493,362.4,353.76
2017-08-21,8,384.53,372.66679323273047,373.0591438669577,372.4946376332995,370.4026468560507,380.8065587321467,372.99,360.92
2017-08-21,9,406.33,384.48155658019806,384.71512465951355,380.1626635417934,382.8299938196345,389.3701271810245,386.45,360.57
2017-08-21,10,429.47,392.860886638917,386.8543346068388,387.34124124701555,391.6148767773324,396.1206963616469,394.83,363.96
2017-08-21,11,444.24,404.79219970206975,397.9274420515409,396.89471101543097,404.36277219408015,401.96921974700825,402.72,365.49
2017-08-21,12,441.58,409.1036686309436,403.3429032099771,402.5954220402896,409.8494747828885,406.13586898148606,408.63,364.89
2017-08-21,13,440.98,411.89618656408805,407.9015903179287,406.5385153133261,414.33790218904744,408.58728828866134,412.11,364.43
2017-08-21,14,451.25,411.84901065316495,407.73825032268047,407.0021845997145,414.4459320786467,409.9270290172212,413.7,368.08
2017-08-21,15,446.44,423.8995705201976,420.71239459852126,419.2159052795545,426.3694379832066,413.24376656068523,425.54,362.3
2017-08-21,16,441.06,422.40753932469437,419.5856637127284,418.6963832749886,425.6676273765904,410.6310748885936,422.07,363.52
2017-08-21,17,428.95,401.02768189975825,395.1776152093346,396.96422437303573,399.46031259140284,402.4163256505892,407.88,358.56
2017-08-21,18,417.53,388.49906859881145,386.7806885146479,388.9820100649831,385.9829730807599,382.6659893003718,397.62,352.41
2017-08-21,19,403.32,383.44637044646294,381.9584917018198,383.68606079202914,382.05339191629196,376.1766252994269,390.55,346.87
2017-08-21,20,395.77,380.5617914977825,378.84956872341866,382.40423850436207,381.9793361435997,371.1644535420535,388.03,340.34
2017-08-21,21,382.9,371.92101872496124,370.4406899647536,371.6953071675451,370.8251982570693,364.64819467041707,378.02,345.11
2017-08-21,22,355.63,351.85972510908044,349.40175722306856,352.03834810242233,350.3321907318226,353.56688929404135,361.44,330.23
2017-08-21,23,344.6,347.2687765883899,346.4344196822561,347.8842319602697,346.42334252130615,346.582841985661,352.09,322.21
2017-08-22,0,345.63,342.60049569979503,343.8300779107105,343.6764128242786,343.47985567200715,350.9526925271997,349.29,323.48
2017-08-22,1,341.4,340.3235530173092,339.2065942019718,340.1368434728364,340.263169524355,347.4324334648904,342.01,325.7
2017-08-22,2,334.73,340.41293126024794,339.2065942019718,340.2526604206678,340.3815636317858,347.6495833879631,342.91,325.45
2017-08-22,3,332.01,341.1780740376363,339.7612280779232,339.9326405340782,339.14786480753423,346.8571913237488,340.33,320.6
2017-08-22,4,359.12,362.47803347042213,362.45577153150754,362.670196464284,362.32009137421727,361.8217601602424,363.34,358.48
2017-08-22,5,364.5,371.9223083161566,370.1019848889928,371.4307401154343,371.42270851874514,368.7179518239048,373.74,363.05
2017-08-22,6,365.99,373.5812745049826,371.78675849022034,373.186422946257,372.97409206978415,371.4380767548504,373.71,361.52
2017-08-22,7,378.08,379.95038923285585,380.447735304262,381.3730050975282,382.2562191255894,378.87359292215143,382.08,369.19
2017-08-22,8,393.18,390.24516428554864,389.8829983651189,390.6013737782856,390.870218079109,399.6118198813907,390.27,384.53
2017-08-22,9,424.09,409.37760081278986,408.17465083809356,408.63235078674074,407.9492104227755,409.92250597008876,401.51,406.33
2017-08-22,10,440.71,418.6615203942731,418.40293986300526,418.74703165336456,417.0603884597367,419.5570744227713,411.34,429.47
2017-08-22,11,452.89,433.04800485507616,432.22859787596497,436.2123921777862,433.9860409089725,427.94503229966,421.77,444.24
2017-08-22,12,452.07,435.54712412076674,435.2270921293877,437.5718310439969,433.6377861985882,431.17984898665384,425.9,441.58
2017-08-22,13,467.25,435.5340120168141,436.8602106618383,437.9366073566914,434.1105327046797,433.54420079028694,429.2,440.98
2017-08-22,14,467.96,435.2245071285457,436.39883380657574,437.6229671494133,433.6654283022974,437.7621925631924,436.22,451.25
2017-08-22,15,463.19,435.0377953714588,436.2446958684574,437.6229671494133,433.4012772648454,434.29220703344305,430.22,446.44
2017-08-22,16,457.44,429.6223691312069,430.1795096959285,432.8971287356131,429.7751708803459,426.7521993890094,416.02,441.06
2017-08-22,17,447.17,412.851007424823,413.9267986755879,418.0707189891142,414.10044107847926,416.4232512952984,398.54,428.95
2017-08-22,18,421.43,400.42151008534756,403.0289936643035,402.0087089647624,399.6735646833117,393.75605956072246,382.25,417.53
2017-08-22,19,402.31,392.70259609066113,393.53764066573893,393.96811270128137,391.70916490597943,385.04376447963796,372.07,403.32
2017-08-22,20,397.73,382.71263494413324,383.9145463840448,383.9195923581374,382.433568798501,379.4980966404938,368.48,395.77
2017-08-22,21,390.54,368.3419452621044,368.857550905962,369.61838379099197,368.5237750146658,372.4886762029187,362.56,382.9
2017-08-22,22,361.71,349.0588051629683,348.9334943780413,348.1819779264842,346.3830764897571,356.7283939042555,337.65,355.63
2017-08-22,23,349.16,338.8714584418666,340.00146404466915,340.1606667088134,339.6699822524809,346.81514465689764,321.64,344.6
2017-08-23,0,346.98,343.62306378437717,343.1334832754833,344.25914061046296,342.645726782211,346.4260661316898,320.47,345.63
2017-08-23,1,344.29,342.2931090000631,342.5655364142466,342.8256892084166,341.80313633528283,342.74778152573947,314.73,341.4
2017-08-23,2,341.24,336.9015116019468,336.63324221039636,337.0715791119507,337.62786339642366,340.77176569017195,311.9,334.73
2017-08-23,3,337.98,337.9965590455791,337.10539658569587,337.32272410773345,337.3528699224256,341.60343672519014,312.86,332.01
2017-08-23,4,365.34,349.4589767730372,350.0418405583114,351.9297358232469,351.65561847920634,353.2153807951928,330.47,359.12
2017-08-23,5,375.37,353.9423741176196,355.26283905685625,356.48329171321893,358.2683097579168,357.77610998375866,334.58,364.5
2017-08-23,6,373.5,365.4750187621104,366.18092306379947,364.7555726007231,366.4680646264897,366.1897992679795,348.35,365.99
2017-08-23,7,378.33,374.30145065526256,375.65970222211286,375.114282059282,376.16745676938575,374.5082817739073,357.66,378.08
2017-08-23,8,399.76,392.4596932702618,393.24043854162323,392.92359254766023,393.7512802423952,397.5053492691936,372.27,393.18
2017-08-23,9,423.9,417.64687950514906,418.33703339345976,418.3103094259224,420.45562599157097,409.2483098419924,384.45,424.09
2017-08-23,10,440.96,427.62953615852547,429.15926323910014,428.5231213855956,430.62650126398245,421.5924199998332,403.28,440.71
2017-08-23,11,452.62,431.684714293888,434.4919980345844,433.23175256914317,435.81562003613044,429.0943798478981,412.22,452.89
2017-08-23,12,452.8,434.468022517153,437.7805560989949,434.61594378340186,436.0862064030717,429.53902400495025,408.59,452.07
2017-08-23,13,446.57,435.79549807153586,438.085400256682,435.65022400787166,437.253114730911,433.9405362096613,412.37,467.25
2017-08-23,14,445.16,435.79558173187206,437.1467298160392,435.22811261460265,436.8760826528601,434.11238601013105,411.85,467.96
2017-08-23,15,446.4,434.6381094059027,436.20490863100883,434.19383239013285,435.44502328756874,430.6273937632217,405.81,463.19
2017-08-23,16,443.18,431.01229456166175,431.50469284912333,430.62552087310763,429.8669009822163,429.1245782648178,407.34,457.44
2017-08-23,17,427.04,417.1116758197516,421.1026360279958,420.34877862054554,420.50146004551925,420.97104770486624,394.93,447.17
2017-08-23,18,417.09,406.261898155753,409.43003447811594,406.1179762727056,406.6345881711754,399.53115280809584,385.67,421.43
2017-08-23,19,403.77,395.14039228703,398.06244596407356,396.8249372498355,394.9036858458094,391.88173293819784,379.73,402.31
2017-08-23,20,389.84,390.18450862384384,393.6071146550066,392.1571433724135,389.5282031701482,385.56980473101504,373.25,397.73
2017-08-23,21,379.09,374.9204669812763,376.72815764674164,375.47920648611506,373.94635218571364,377.8434715049928,363.74,390.54
2017-08-23,22,353.65,351.31239402031247,352.06503114155026,350.5011055005799,350.47400741706343,361.2386141553101,337.11,361.71
2017-08-23,23,333.19,340.43710527230263,341.7070635422266,341.52921545167834,341.85543999081034,352.04490144051744,323.41,349.16
2017-08-24,0,334.06,336.9657368632145,335.9972069915062,336.6917874625146,336.371678293627,337.010522955249,322.75,346.98
2017-08-24,1,335.11,333.88186199759133,334.10883496441556,334.4667626288096,335.00133030281137,335.54512498329217,322.27,344.29
2017-08-24,2,332.66,332.9453379063396,333.28464035310236,333.73474103831285,333.97680047329237,335.04065619890764,322.15,341.24
2017-08-24,3,330.38,327.85486366759125,327.52032066394264,328.13467156388185,328.52880175686977,336.4060769944037,324.66,337.98
2017-08-24,4,350.5,347.5115478182642,345.89853484537156,346.95800132863667,347.07484470388306,347.8407497555697,341.74,365.34
2017-08-24,5,359.43,355.1692800885592,354.99916156646196,355.3701981606676,356.35662679545203,354.3515672727312,349.48,375.37
2017-08-24,6,365.4,359.0328910905529,358.2467834290612,358.7777554714716,358.38500368472137,357.97961991866913,351.9,373.5
2017-08-24,7,375.0,365.3227089021341,363.7454130968689,364.16585105592486,362.90770115306356,365.6762582123366,361.81,378.33
2017-08-24,8,394.47,387.0810622892919,385.0137775692252,386.6279532346481,386.50912172285285,391.2531222226176,380.9,399.76
2017-08-24,9,422.2,406.2823707533316,405.1208772671932,405.13105151762164,405.8101722809789,409.14765903079314,411.04,423.9
2017-08-24,10,443.51,425.52030691562476,426.51102096448983,423.2308273576003,426.9814787023504,418.97369550691275,423.22,440.96
2017-08-24,11,444.27,431.47572053877605,431.9159972122103,426.7314413159852,432.6523427682208,423.8836613629393,425.61,452.62
2017-08-24,12,446.63,437.2059250311033,440.0481754726221,434.28107510075586,440.1264946226317,432.74894892161603,443.44,452.8
2017-08-24,13,453.3,439.1387899769961,441.13792498268066,434.28107510075586,440.20215023004636,433.2995648229396,443.77,446.57
2017-08-24,14,458.14,439.0233360587659,440.80933446527314,434.4143075042462,440.0806874814467,433.3018882491526,443.45,445.16
2017-08-24,15,455.21,439.0233360587659,440.80933446527314,434.4143075042462,440.2136998250966,433.6746516232532,445.55,446.4
2017-08-24,16,453.54,434.3345946655528,433.4721250904017,430.6103272918544,434.2708181963416,427.32711536266834,433.78,443.18
2017-08-24,17,442.87,417.4052872790649,416.3848151664642,413.53441749980243,415.71710222948883,417.3932293213617,418.55,427.04
2017-08-24,18,418.99,402.8733100768387,400.38920452779655,398.6501189317663,402.2755562158082,396.0512844254169,405.0,417.09
2017-08-24,19,406.54,390.46760402886133,388.936172425388,389.6259427010496,390.30465945821305,386.11353934898045,391.38,403.77
2017-08-24,20,399.08,383.1140581657326,380.71858812843135,382.6966623920522,383.02849613616235,379.23796179885795,386.29,389.84
2017-08-24,21,384.36,373.20519963995054,372.7763385768524,372.02371050855436,371.2511097554892,369.5361922228793,372.76,379.09
2017-08-24,22,354.44,346.8664917624056,345.4645996658002,346.3694674792008,344.1347805930915,351.858270985257,342.33,353.65
2017-08-24,23,342.92,331.6692421818279,332.10803991167137,331.9963863634941,332.23057940425736,344.1098960484024,334.78,333.19
2017-08-25,0,338.98,335.58383632218437,335.14901874857213,335.87874785679446,334.8960036693275,341.01478904971503,334.64,334.06
2017-08-25,1,337.56,336.8599155068145,337.2063188649649,337.31826673987274,337.6166480356026,340.84155952891143,336.39,335.11
2017-08-25,2,337.84,335.248144736474,334.76469907819467,335.7076566146677,336.27152663600356,337.76403611522954,329.46,332.66
2017-08-25,3,338.0,335.80558997079976,334.70775321286214,335.53683001884133,335.8652064698007,337.59263472554716,327.72,330.38
2017-08-25,4,357.96,349.1757957058598,349.72756852342167,349.523770958185,349.28401327155825,350.05645421335663,349.68,350.5
2017-08-25,5,362.1,358.5199458626312,358.88360305945235,359.2287617241995,357.4853607047065,356.5266397381597,357.66,359.43
2017-08-25,6,367.35,363.39277944460974,364.26801645244046,365.27318572151853,364.5350806048473,360.5536942343567,358.73,365.4
2017-08-25,7,376.25,368.28210467111904,370.4542760945468,369.39399852591595,369.5759261461628,366.97966585959404,363.9,375.0
2017-08-25,8,387.84,385.68641133209394,387.24485309225275,385.7221978378232,386.9424604190679,390.9707469618979,378.49,394.47
2017-08-25,9,408.93,397.4188190079227,398.8964493217383,398.3672443930601,400.41216524203145,403.5620944446569,393.81,422.2
2017-08-25,10,421.31,417.2434298403213,418.3073108698924,419.3201805855416,421.92105175891726,415.9116644692762,411.2,443.51
2017-08-25,11,436.12,429.9720756493411,431.9571904502929,431.81398435497385,433.9544035913567,422.2059054684389,420.46,444.27
2017-08-25,12,445.09,433.91463550899203,435.4046028402578,433.8015307221791,434.7373528248625,424.7745456794836,421.32,446.63
2017-08-25,13,449.57,433.3633465063701,434.7824247480818,433.8015307221791,434.7373528248625,427.39112650238974,423.04,453.3
2017-08-25,14,454.2,433.201536762151,433.6558294023524,433.29747464256906,434.32950099263553,429.53871900240415,426.34,458.14
2017-08-25,15,445.11,432.6264394756654,433.5016914642341,433.29747464256906,434.1515721744866,426.68690324124293,421.35,455.21
2017-08-25,16,432.73,411.38074442668676,410.09784072059483,412.2052741623347,412.68022391097696,418.38928188638573,404.05,453.54
2017-08-25,17,427.04,401.1361811655437,401.10594682107137,404.60444021251436,403.64193061808487,412.402263992849,397.35,442.87
2017-08-25,18,404.58,382.21955370017116,383.24843304821513,383.6860454705538,384.78188712941864,390.3717612437964,387.24,418.99
2017-08-25,19,399.19,379.33555014457363,379.1509944958865,381.0317652686376,380.9754048840695,384.0933539374755,382.82,406.54
2017-08-25,20,398.61,376.10162570407357,376.22533772228513,378.0847517333109,378.3654902227783,379.2785038526056,381.1,399.08
2017-08-25,21,384.16,368.20015047821033,367.83716851794554,368.08838401592175,366.31408693679055,368.4920848695797,365.99,384.36
2017-08-25,22,353.3,346.91546803273076,345.0453666248687,347.2015750876708,345.29020017402496,353.4231567620165,343.69,354.44
2017-08-25,23,336.34,334.7829310376564,333.92024403956657,336.19590163371083,335.7678940886063,344.08695064148225,329.34,342.92
2017-08-26,0,333.12,326.9293728832009,323.71951408354795,327.2096350331948,328.74480372954326,329.8413336825775,324.95,338.98
2017-08-26,1,335.53,324.4968087014507,320.4569358805356,323.6442737185001,326.3987926753878,327.80041770991164,322.58,337.56
2017-08-26,2,329.53,324.6713816615755,320.4569358805356,323.61141430877325,326.32938503200035,326.9546803592166,320.55,337.84
2017-08-26,3,327.25,324.6713816615755,320.16154002639513,323.61141430877325,326.32938503200035,328.3986087899969,322.21,338.0
2017-08-26,4,336.67,342.33001692423306,338.0795812370534,340.52584736005656,340.82637866141556,337.19868286754297,334.72,357.96
2017-08-26,5,335.6,341.0436837304319,337.97372192525665,339.36930739050104,339.31118373719613,338.5089606752306,330.8,362.1
2017-08-26,6,345.02,348.61904710426836,345.94319433834,349.106344934403,346.8274134243489,345.8725612530745,340.71,367.35
2017-08-26,7,356.6,358.25371812720596,357.3616800476403,357.7655799850491,356.5300253133928,354.0125042879339,350.53,376.25
2017-08-26,8,359.8,362.26288992495824,361.6152333878458,363.18993320319845,361.68068756288994,362.30006293393757,359.49,387.84
2017-08-26,9,363.72,367.5303051946447,367.13911915450296,365.4143718880706,364.866755134291,372.444576659841,370.53,408.93
2017-08-26,10,369.23,374.85463266530695,373.62213430845577,373.50822037586573,373.5180436822418,379.01538786984764,375.73,421.31
2017-08-26,11,373.54,372.8633494494122,372.2905281304427,370.5741455356822,370.5074481333238,382.31781545370245,373.02,436.12
2017-08-26,12,381.15,377.430266756689,375.86183793880775,376.72058750618606,375.8153488614223,386.3362343083027,375.66,445.09
2017-08-26,13,377.13,378.086171444726,376.6326961780388,376.72058750618606,375.89100446883697,388.40017081774806,376.66,449.57
2017-08-26,14,376.92,375.39022381828653,373.9909556102854,373.98075380145315,373.54253689681303,387.94724745456074,373.34,454.2
2017-08-26,15,369.57,371.9683330095592,370.5065478069242,369.0367040219261,368.73862385214517,382.6439957037562,363.92,445.11
2017-08-26,16,370.8,369.00634078785475,368.1423935407287,366.76902647768406,365.4153681163779,381.44199305301373,368.25,432.73
2017-08-26,17,364.95,364.75731018853804,363.0469195832333,364.18441777279645,362.51568766840114,374.99804734584797,358.87,427.04
2017-08-26,18,353.52,360.90028637840453,359.52027028714224,359.35603193993734,358.43362172255985,366.23539782522994,350.08,404.58
2017-08-26,19,349.17,356.47090391455686,354.530000658194,354.5841430330976,352.73473276874483,361.2656333366699,346.89,399.19
2017-08-26,20,348.99,353.94369535656887,351.6724783356782,351.72559719705214,350.407091264447,357.1738744249719,344.93,398.61
2017-08-26,21,346.12,347.4413620172656,344.3030166071397,345.40475158877905,344.6059863725787,350.8153783722852,341.16,384.16
2017-08-26,22,334.68,334.77949075097234,331.00634781014196,334.24791313263194,331.52096572304197,339.82233426135605,329.65,353.3
2017-08-26,23,330.2,327.16888466845637,323.93953421141646,327.5085980116721,327.29110138378985,334.2241923828162,326.58,336.34
2017-08-27,0,328.37,326.2368720270467,325.89802810462675,324.22975143321537,323.08122536927567,322.71248676076624,322.96,333.12
2017-08-27,1,326.25,326.46718467907004,326.4817545881366,324.64692527526375,324.4338439128738,322.89612186886814,325.17,335.53
2017-08-27,2,327.41,325.15051952698434,325.72868037578655,323.86948245344587,322.952299897143,322.47790167222837,326.15,329.53
2017-08-27,3,328.74,321.46380328922606,321.742611253427,319.7864251180859,318.23580568106655,322.53436558659644,324.96,327.25
2017-08-27,4,341.85,333.33453924842553,331.74075820305023,331.09028102286845,329.7139416259606,330.31617789130075,338.04,336.67
2017-08-27,5,341.31,337.3808784688774,334.6624041698329,335.39814393028956,332.4436580517597,332.92115221510005,339.05,335.6
2017-08-27,6,352.49,344.22954511058754,342.70533656460253,342.4982216939374,339.2195374975306,340.5050096556239,348.26,345.02
2017-08-27,7,357.87,349.9029358069471,348.6875669254223,347.5141658909755,344.1672151695036,347.28911038374434,353.76,356.6
2017-08-27,8,361.34,352.9731464313315,353.0833053626979,351.85968149433364,346.60182608008205,353.892288819368,360.92,359.8
2017-08-27,9,362.58,356.3837182414894,355.7306527103762,354.4633936151484,350.19197242253847,357.6095536770649,360.57,363.72
2017-08-27,10,371.86,360.8187482957509,359.8445885621027,357.8052211124022,356.7529051519543,362.6699595531694,363.96,369.23
2017-08-27,11,373.83,362.1049399093349,360.79729613565405,359.2974923164483,357.17467861836343,366.37451699646016,365.49,373.54
2017-08-27,12,373.29,362.25257696743245,360.845652638052,358.9245522235777,358.4691240950145,368.977305782592,364.89,381.15
2017-08-27,13,373.91,362.6360210723312,361.5711098401229,358.9959770021937,358.2028953962686,369.4739198877726,364.43,377.13
2017-08-27,14,375.76,363.1257496459747,361.43814776206983,359.65053009317495,358.08213968231547,371.1450285576336,368.08,376.92
2017-08-27,15,368.83,359.8282387510621,358.3376088586005,355.9140930960518,355.3462246850691,367.4524262973061,362.3,369.57
2017-08-27,16,367.93,361.13652500726016,360.3068557498202,358.5948224430302,355.5660701596265,366.6475170861298,363.52,370.8
2017-08-27,17,361.45,356.10257409083,354.7648493252153,353.6195365232119,350.2010615788088,361.8933493843398,358.56,364.95
2017-08-27,18,352.07,350.05238477950275,346.73474560639085,346.9775788431683,342.9649047270496,355.4493501610342,352.41,353.52
2017-08-27,19,350.48,346.17558295579545,343.3421535479239,343.95969777441087,341.882562754955,349.6933597538934,346.87,349.17
2017-08-27,20,345.41,342.83927178864843,340.18501313669736,342.1942983984492,339.1553030355303,343.882046903926,340.34,348.99
2017-08-27,21,346.42,341.6728157073699,340.83245113923726,340.34271397114276,337.67571752405354,342.19072123671583,345.11,346.12
2017-08-27,22,338.57,330.36416400801517,329.937753353108,329.240265743793,327.8813427889304,332.18132359346856,330.23,334.68
2017-08-27,23,332.26,327.07841901326447,325.32961829992763,325.6468204893674,323.9100264923917,326.1394246939382,322.21,330.2
2017-08-28,0,333.27,320.848866855694,317.38563369379364,317.5727413492997,321.96173268545976,337.77798715284763,323.48,328.37
2017-08-28,1,329.24,304.77240057923353,301.3266191454017,305.0890092253347,305.8086322252373,337.4356687759914,325.7,326.25
2017-08-28,2,327.96,304.55374057416685,303.53254082734577,307.54206328862443,305.6981391949116,337.387219053026,325.45,327.41
2017-08-28,3,325.21,319.0673304004174,315.7477573744805,316.15209776033385,320.83207259383744,336.4554411089357,320.6,328.74
2017-08-28,4,366.68,344.861469889752,342.0463275038909,343.31504481658624,344.8665469573587,354.26546801395517,358.48,341.85
2017-08-28,5,370.09,357.9869966562744,355.48674494494384,356.2164096681627,355.5357293672608,358.31097067794207,363.05,341.31
2017-08-28,6,372.15,362.26078225817804,359.6531459517179,358.38207299348903,357.5593304467972,361.9483752081816,361.52,352.49
2017-08-28,7,381.81,371.1179639457993,367.03035241809556,366.3349865910209,364.0830482106944,368.8418110719234,369.19,357.87
2017-08-28,8,394.89,382.60144092751267,381.76285527798507,381.356962494088,379.99813115664625,390.42185086068883,384.53,361.34
2017-08-28,9,417.79,401.06008591573664,399.0644961850715,400.0092890487224,396.98345145868285,402.3888746396522,406.33,362.58
2017-08-28,10,437.35,423.9142799255801,422.7729885050763,420.2724809447261,421.5525436757121,415.52914041203945,429.47,371.86
2017-08-28,11,443.65,429.1909409100695,428.8088851406108,426.4048451077566,429.3085169132244,424.07626828453255,444.24,373.83
2017-08-28,12,438.12,434.8256049187114,435.41125230684605,429.9446543816549,435.59848967384954,424.92008278699245,441.58,373.29
2017-08-28,13,442.25,435.46810115199605,436.0681585696063,430.0452060302664,435.021943299114,425.90531305096226,440.98,373.91
2017-08-28,14,438.23,435.78925832310705,435.92515424686843,430.3619294834543,435.48599695196725,430.3762773318173,451.25,375.76
2017-08-28,15,457.74,435.78925832310705,435.92515424686843,430.3619294834543,435.48599695196725,427.1056940180232,446.44,368.83
2017-08-28,16,447.8,435.21610397216494,434.7049027251474,429.3219264093483,432.67761970004204,423.49545443681967,441.06,367.93
2017-08-28,17,430.06,424.9459768875882,425.57058704226534,421.05282470474026,422.6795057021313,415.90046607563704,428.95,361.45
2017-08-28,18,416.27,410.4297385434858,407.2661494591587,403.9421993889698,404.21305336679706,395.8764490002316,417.53,352.07
2017-08-28,19,399.51,397.92280620744106,395.5448922362782,394.2204000206914,393.5325383446443,387.0923003338247,403.32,350.48
2017-08-28,20,386.3,390.72607408170427,388.73688402325246,387.76014172363296,386.2349540486057,380.3123186953763,395.77,345.41
2017-08-28,21,376.93,379.28164925097616,377.7611020866446,377.3331392403959,374.7081920903698,372.2567956521809,382.9,346.42
2017-08-28,22,347.89,347.42591248128036,344.42962573792875,346.7184378448247,343.736535050991,357.8802492127723,355.63,338.57
2017-08-28,23,337.19,340.4796035474419,336.6269053042731,338.6610935535348,335.8614974500065,350.4618194505439,344.6,332.26
2017-08-29,0,333.19,339.9092394850922,339.0864076752932,338.3399711357878,336.79704912232233,348.5522170877797,345.63,333.27
2017-08-29,1,331.8,338.3078086760228,338.2263234979583,337.1465756671682,334.91451388258713,345.4936871932366,341.4,329.24
2017-08-29,2,332.73,333.1315145853706,333.77660799470794,332.3636413717017,329.3620718085078,342.67804410313016,334.73,327.96
2017-08-29,3,327.3,331.0475219688795,330.6692559061356,329.75581781582065,327.6868143888594,342.0926037341526,332.01,325.21
2017-08-29,4,354.68,363.43018732706963,365.6632890590324,363.95730685381,360.9872310698048,359.07612362047104,359.12,366.68
2017-08-29,5,367.69,370.2239097807842,371.71860931040675,370.14776205398664,367.27656756153846,363.90095609021273,364.5,370.09
2017-08-29,6,373.24,372.5170536630324,373.12115449742134,372.28943539772,369.65578508781243,367.63371321609384,365.99,372.15
2017-08-29,7,387.73,382.43612925246595,384.1527662582791,382.63650573142417,380.7876942745612,376.739893375695,378.08,381.81
2017-08-29,8,399.01,391.47956433465504,392.90496535461125,391.6741509871597,391.18635601293477,399.23811153217076,393.18,394.89
2017-08-29,9,431.33,424.293598055629,424.6318856907326,422.6795493333423,422.6221997710863,417.2753750925201,424.09,417.79
2017-08-29,10,446.19,437.02357689330057,437.9956127620407,436.78008253921695,436.2851501915945,429.1009021039158,440.71,437.35
2017-08-29,11,454.72,440.7764901532175,441.8813491296336,440.9378940250128,441.62983494993415,437.15276608098065,452.89,443.65
2017-08-29,12,457.0,444.9736470106754,446.84294814082466,443.90413821753083,444.97900295684116,438.11784224520596,452.07,438.12
2017-08-29,13,448.59,445.61085506740625,446.2098065773736,443.90413821753083,444.97900295684116,445.61617280694674,467.25,442.25
2017-08-29,14,454.3,445.495401149176,445.72141254594385,444.0373706210212,444.8575402082415,445.69582601637904,467.96,438.23
2017-08-29,15,448.18,445.3086893920891,445.72141254594385,444.0373706210212,444.6796113900926,445.5492775439454,463.19,457.74
2017-08-29,16,442.27,442.5589123008641,442.6191602062361,440.70372369224043,440.7587205969963,440.7302178456923,457.44,447.8
2017-08-29,17,430.49,427.99952538464663,429.7514968628634,427.1918096297679,427.1178747847886,432.52069871886215,447.17,430.06
2017-08-29,18,414.11,417.1601936447759,418.86634835689756,415.3961705133864,415.30339301202406,406.5572455732459,421.43,416.27
2017-08-29,19,406.85,399.5381784638285,401.0592988149967,401.00748196250726,398.88880363728714,394.0894219392928,402.31,399.51
2017-08-29,20,392.77,390.1414055461902,391.410847980655,390.6158084359394,388.29079936779004,387.501593300621,397.73,386.3
2017-08-29,21,378.62,380.89635661375183,381.2894215343233,380.1244839402376,377.6113576763719,380.4235471853477,390.54,376.93
2017-08-29,22,343.81,354.9618177374657,356.1535590778587,356.5587095035081,352.12718537822894,362.9528264182849,361.71,347.89
2017-08-29,23,331.37,340.37095414558803,340.7779713208605,340.18986173793564,336.2171064322736,354.4329515085796,349.16,337.19
2017-08-30,0,329.72,336.02746779394516,331.14265278515074,333.404915106368,334.45779290250545,344.25151138947234,346.98,333.19
2017-08-30,1,323.45,333.6551831974086,328.6593141749138,330.4547093102768,333.24196891698153,342.09663314165346,344.29,331.8
2017-08-30,2,329.64,332.40573909234354,328.36310372229053,329.4463297826447,331.83468650099104,340.9387171925627,341.24,332.73
2017-08-30,3,326.19,324.51752429549055,321.15038050835824,322.21212039102204,323.52901053755437,339.82696305100006,337.98,327.3
2017-08-30,4,347.23,353.945314565581,353.16937462344697,352.7907439185615,351.82871003857457,355.2476133247459,365.34,354.68
2017-08-30,5,361.0,366.68543971163194,365.1487093692584,362.3848553775287,361.13552466274325,362.99955731817926,375.37,367.69
2017-08-30,6,363.95,369.1211212158272,367.1913356743062,367.5135465680005,362.4522412441773,365.84306465774466,373.5,373.24
2017-08-30,7,379.99,379.3391305870339,379.371509521811,376.61096903063253,372.661166784358,372.7099369103359,378.33,387.73
2017-08-30,8,388.59,392.47791749986663,392.1495944840989,390.0434669527613,388.7300042261299,397.5418155360644,399.76,399.01
2017-08-30,9,403.66,421.17865757109007,421.69598852905534,420.5678376657769,417.17657917791496,414.07065775393306,423.9,431.33
2017-08-30,10,424.01,434.01723837531364,434.59451717746987,432.07533804876243,430.3529949470294,425.5154270673703,440.96,446.19
2017-08-30,11,434.58,439.196527911033,438.78593208741404,435.3500449886399,435.99807221296487,433.6310175303009,452.62,454.72
2017-08-30,12,453.98,442.83971183374865,443.8565342595341,438.9858532267588,440.14153058058486,435.90448914411064,452.8,457.0
2017-08-30,13,448.47,443.44526700722525,443.2195572321908,438.9858532267588,440.14153058058486,433.6490123968748,446.57,448.59
2017-08-30,14,454.85,443.329813088995,442.96339792297516,438.9211911941341,439.7336787483579,434.05606476626156,445.16,454.3
2017-08-30,15,455.94,443.1431013319081,442.96339792297516,438.9211911941341,439.55574993020895,433.2202976327252,446.4,448.18
2017-08-30,16,451.42,438.98364574438546,437.7514140047386,434.7550184043541,434.08299766477745,429.85559894775827,443.18,442.27
2017-08-30,17,438.14,422.3209212979875,421.1573858934129,418.1670306029714,417.1645576774466,420.0780243049196,427.04,430.49
2017-08-30,18,418.35,410.10555118521114,409.0833614768762,406.0907483089544,404.6130720306886,399.82118902753245,417.09,414.11
2017-08-30,19,411.89,399.37874325193985,398.9520934311228,396.1587399313634,394.54575066997995,390.71417077987826,403.77,406.85
2017-08-30,20,396.07,383.8646604587633,385.12078661252167,384.6634643652578,382.0594105062866,380.4066014364729,389.84,392.77
2017-08-30,21,380.47,374.2414118496534,373.4075029823256,372.455643743346,370.0297093574444,371.38756372499097,379.09,378.62
2017-08-30,22,351.79,346.9005812651811,345.4051423615189,347.0507004357532,343.94968972626367,354.5469626422591,353.65,343.81
2017-08-30,23,338.97,331.2954751156654,326.6533996682343,328.17323196269024,327.8694175428148,342.76049803685834,333.19,331.37
2017-08-31,0,336.75,332.6115774060039,330.0525425757287,333.9211109418294,332.3348075521402,339.8017250186786,334.06,329.72
2017-08-31,1,332.92,328.5000719007801,326.3094642573857,330.01299646393784,329.7597502343419,338.51878094060635,335.11,323.45
2017-08-31,2,333.34,329.1955069733826,326.27638181741315,328.6750559523842,331.4081206288973,338.2115081705019,332.66,329.64
2017-08-31,3,333.0,325.29002625578795,322.1176751659238,325.25501301456103,327.52797534325924,337.7114699203572,330.38,326.19
2017-08-31,4,356.77,346.5846932704026,345.04299708824044,347.0511718098807,346.60385726973755,349.58560762190933,350.5,347.23
2017-08-31,5,364.85,360.40299003450957,359.69117827488765,361.8950606393477,359.0495633664132,357.00137755768293,359.43,361.0
2017-08-31,6,371.37,366.5747721218207,366.34831183335024,366.118555372963,364.75290588593646,362.5712189852574,365.4,363.95
2017-08-31,7,389.95,376.78473143159135,377.11661527597204,376.02984729013735,376.26688752675125,371.4654492157635,375.0,379.99
2017-08-31,8,407.92,386.7045720765105,387.2859125930367,385.68278483300134,387.8825937479407,395.23813616725107,394.47,388.59
2017-08-31,9,429.36,416.9534561694952,417.7745643274697,415.16503671573093,417.6619108888996,411.1259579021628,422.2,403.66
2017-08-31,10,438.19,426.1430097309742,426.0210492986952,425.54023769897447,426.890106730268,424.86083330735516,443.51,424.01
2017-08-31,11,438.75,436.4216319473566,437.0665871528754,437.43090737731126,440.10633824993016,429.00096926598576,444.27,434.58
2017-08-31,12,441.52,441.55976466507565,442.7134514470079,442.0200443520622,444.3917259444626,434.1324830329097,446.63,453.98
2017-08-31,13,437.5,442.96208820454325,443.8170445933323,442.0200443520622,444.3917259444626,437.2080392910391,453.3,448.47
2017-08-31,14,441.46,442.846634286313,443.38165005682043,441.8346054001074,443.98387411223564,440.111637851899,458.14,454.85
2017-08-31,15,440.8,442.6599225292261,443.38165005682043,441.8346054001074,443.8059452940867,438.5117136727429,455.21,455.94
2017-08-31,16,434.97,439.6386228180036,439.6173526741559,438.1185034234976,439.6388019437723,435.9103134047725,453.54,451.42
2017-08-31,17,421.87,431.51037673804774,431.55313721647485,431.9294861756669,431.25657123868416,428.0720487572509,442.87,438.14
2017-08-31,18,403.16,413.97648291482864,414.184417626633,414.0101728567644,411.84097494078964,402.0121340987765,418.99,418.35
2017-08-31,19,395.67,405.531403693949,404.9967176957327,405.0402866017567,402.5430052780974,393.33569500997487,406.54,411.89
2017-08-31,20,387.0,394.5851540914468,394.69722436879437,396.08383200185693,392.458820416418,385.3256737681054,399.08,396.07
2017-08-31,21,367.1,379.84646270894325,379.2897651348745,379.675824727984,377.3215699719063,374.60027985993025,384.36,380.47
2017-08-31,22,339.98,350.6577659122151,348.98094315878905,351.00903397806655,346.45175402733037,356.7479227521695,354.44,351.79
2017-08-31,23,329.83,338.7882296090986,336.97697266464803,338.9105439529742,335.7391516751172,348.37416168505735,342.92,338.97
2017-09-01,0,328.9,328.82320479536247,329.4576944715471,326.7687599919114,327.43143108832777,339.0037662219244,338.98,336.75
2017-09-01,1,326.68,327.8767134978674,328.9860797534336,327.2376407887106,327.4040752168986,337.0498781130432,337.56,332.92
2017-09-01,2,328.72,327.9358411293134,328.9860797534336,327.3264314979241,327.40111726710404,337.1170224761227,337.84,333.34
2017-09-01,3,330.73,327.9358411293134,328.69068389929316,327.28422558289077,327.40111726710404,337.92449099198035,338.0,333.0
2017-09-01,4,342.24,350.19974997385793,350.2941312187788,348.91346182510756,348.7623686774054,350.0563102872406,357.96,356.77
2017-09-01,5,355.87,356.12484777242526,356.62658297819513,354.538310614907,354.79643920259974,354.94884022109807,362.1,364.85
2017-09-01,6,360.42,361.3732606638726,359.96681155705517,359.61573507817366,359.1514540761599,360.6599217786527,367.35,371.37
2017-09-01,7,372.79,373.7332922944341,372.4210260178348,371.070077038875,368.86095048230226,369.5826449333267,376.25,389.95
2017-09-01,8,388.11,390.2972529118042,389.27837338110896,390.5905221394393,388.0783844350261,391.51061533053445,387.84,407.92
2017-09-01,9,403.96,399.63395461160866,397.7434244486535,397.2211556620871,395.6992344875123,405.58146316589904,408.93,429.36
2017-09-01,10,424.06,421.696463256129,422.6865188943203,420.57982833382357,420.8528957518422,414.50906375901707,421.31,438.19
2017-09-01,11,433.78,426.54144182224326,425.7647335421604,424.310933487161,424.82623200624255,422.90807242857994,436.12,438.75
2017-09-01,12,441.35,431.02889179421436,429.59908130038696,427.79958060085505,429.92603765405966,428.6420657433268,445.09,441.52
2017-09-01,13,440.74,432.32601128834006,430.62578196813587,427.79958060085505,430.0016932614743,431.04862775166646,449.57,437.5
2017-09-01,14,439.12,431.9349425124191,430.8181842072047,428.0535899236755,429.8802305128747,433.5887790311948,454.2,441.46
2017-09-01,15,439.22,431.9349425124191,430.8181842072047,428.0535899236755,429.8802305128747,429.4025709798707,445.11,440.8
2017-09-01,16,421.93,427.45048819940166,424.4662482252835,423.6831859440998,424.8150058113946,422.506324472844,432.73,434.97
2017-09-01,17,405.48,412.25940414989594,409.302472370294,407.2871337972645,407.9053089888352,416.6164335502981,427.04,421.87
2017-09-01,18,392.26,386.5156448096594,383.655244377999,383.67646165013514,386.65387984003115,391.13370685141354,404.58,403.16
2017-09-01,19,384.62,383.6043944972129,380.49120764919064,378.89012454111094,381.8178056968369,385.0663490399402,399.19,395.67
2017-09-01,20,385.71,380.5031427695401,379.6835217201133,376.64192383982385,379.95353592538254,380.557626646043,398.61,387.0
2017-09-01,21,372.11,370.9151745544966,369.8808767135531,366.82395921733485,368.9591928730635,369.4290180772354,384.16,367.1
2017-09-01,22,346.49,341.6619361454218,341.28591606188354,338.7632570604309,340.07724882598365,351.39447896033937,353.3,339.98
2017-09-01,23,341.06,330.7057327734192,330.0382073439196,327.29158783623234,328.8303414780876,341.22829850249764,336.34,329.83
2017-09-02,0,336.72,336.37640508543063,336.41558027244366,336.0459862329866,332.2778367273741,332.87436657371086,333.12,328.9
2017-09-02,1,333.83,335.8596534740884,336.21664092086024,335.41567860847795,332.62365953291226,332.59050617192634,335.53,326.68
2017-09-02,2,336.74,334.9513397556403,335.3316413536686,333.8760253600973,333.92719311115644,330.41860312216545,329.53,328.72
2017-09-02,3,331.83,336.16298355631625,334.89059458231344,333.80650392437786,334.1582046268975,330.55824311957036,327.25,330.73
2017-09-02,4,339.36,343.84098596768024,342.44234249785336,342.8169913020622,341.275374007615,337.1703550882543,336.67,342.24
2017-09-02,5,339.93,349.70374861497294,348.90738593010457,349.01268889753277,346.7574488575515,340.7005457083426,335.6,355.87
2017-09-02,6,354.67,356.74827723964785,355.4333134238123,354.7113239140562,352.27783815023895,347.7925742946043,345.02,360.42
2017-09-02,7,356.3,363.30176135840526,364.0261595638128,361.37472555775923,360.24342037222874,357.0212365849365,356.6,372.79
2017-09-02,8,355.31,364.50744737332445,365.20647137729816,364.48788542881783,362.70637540686437,363.51894276172004,359.8,388.11
2017-09-02,9,360.52,367.78037224839784,368.42632565849186,367.38480199264,365.135866320236,370.2915542884387,363.72,403.96
2017-09-02,10,362.24,370.29516006001114,369.67825826313987,367.9212459281435,367.3506389411242,377.8887454317209,369.23,424.06
2017-09-02,11,362.14,373.08849999093957,372.0155828223391,371.6267991102209,372.01579411674714,383.3051689321999,373.54,433.78
2017-09-02,12,368.97,377.8712935618642,375.50117500615755,377.91058017746013,376.9510633798972,389.07872639133245,381.15,441.35
2017-09-02,13,370.52,377.91565098116644,375.124052697269,376.90506894033297,375.29835508902255,388.599713369865,377.13,440.74
2017-09-02,14,369.24,377.95801996665375,374.4557029048648,376.5747901031543,374.6421757301046,388.6119966571568,376.92,439.12
2017-09-02,15,367.61,373.3735827828625,370.82115086789065,370.2161879435412,368.144446843794,385.1888231804292,369.57,439.22
2017-09-02,16,371.96,370.78958400828816,369.59146334572324,368.59202147778376,365.63875097113737,382.20858805066376,370.8,421.93
2017-09-02,17,363.25,367.51794356063783,367.0353303191333,365.58441491186625,362.15167265297663,375.86292068828004,364.95,405.48
2017-09-02,18,354.25,362.8378383131282,361.5415483588024,360.68834546459215,357.85134342484344,367.16612400285067,353.52,392.26
2017-09-02,19,351.59,359.5414413825124,357.65093328275896,356.35822152550713,353.99518406412415,361.483261424077,349.17,384.62
2017-09-02,20,348.79,358.03210883942353,356.4283107408799,355.26851722373846,352.2886496887544,358.27739707478094,348.99,385.71
2017-09-02,21,346.37,354.87822331065905,353.87364356501195,352.4563538719372,348.0191632567543,352.3684922281598,346.12,372.11
2017-09-02,22,336.41,341.61877168081287,341.88079194565586,341.4969440611812,337.62421160111154,342.0210274006016,334.68,346.49
2017-09-02,23,328.5,335.9141462324605,336.42648333085236,336.0678630226102,333.72019454608704,337.23648782487044,330.2,341.06
2017-09-03,0,326.06,327.1615951398461,326.6018451731513,326.2032035333285,325.8315590250272,324.15281559183086,328.37,336.72
2017-09-03,1,329.88,326.08416607563964,326.32757000888256,326.2826256739241,325.2740625198991,322.02275172192856,326.25,333.83
2017-09-03,2,328.25,326.29378818920185,326.5202185363446,326.37390236436477,325.50979707286183,322.70830565976337,327.41,336.74
2017-09-03,3,324.75,325.5321510575053,325.7790569709679,325.6157244844621,324.80052354561957,323.4177206610464,328.74,331.83
2017-09-03,4,341.5,334.5703352851675,333.22389160998455,334.89078628237337,334.14846436882993,330.9793384130381,341.85,339.36
2017-09-03,5,340.26,336.36734202768866,334.77488129746513,336.914322297295,335.6147700562244,333.1718747427769,341.31,339.93
2017-09-03,6,350.03,344.5895216923179,344.9354990008561,346.15654779629455,343.875238256826,342.1416609741566,352.49,354.67
2017-09-03,7,350.56,347.46734185555886,347.8062486768759,349.0713981930984,346.85992036645337,347.7105629426818,357.87,356.3
2017-09-03,8,352.57,348.34517217217723,348.61216617044977,349.7666779452174,346.61560554776236,352.39941888424204,361.34,355.31
2017-09-03,9,351.96,351.4102396608905,351.86223797836647,352.14890547929633,348.8554659644944,356.8928541166459,362.58,360.52
2017-09-03,10,354.06,363.1913215270982,363.7163838669068,361.225376119984,361.4063183063026,363.7976621107169,371.86,362.24
2017-09-03,11,360.16,363.99736820574515,364.38337210254906,362.094810534008,361.65532553205475,367.1677549387019,373.83,362.14
2017-09-03,12,360.74,364.29045508453515,364.23713514634824,362.5090703459041,362.97388825252045,369.7172848603495,373.29,368.97
2017-09-03,13,359.09,365.5885700897153,364.9596301995753,363.02636546249795,363.4800326054471,371.30234679135947,373.91,370.52
2017-09-03,14,368.4,366.91829912308964,365.78387629032824,364.0283040844424,365.3871373144831,372.1656257890977,375.76,369.24
2017-09-03,15,365.83,360.2530001479894,359.7059391050791,358.37478588331993,359.03420853424757,368.7135512305044,368.83,367.61
2017-09-03,16,366.15,358.12496742119583,357.6844695078517,357.49154279824114,356.2905470252155,367.4652072641772,367.93,371.96
2017-09-03,17,361.31,352.48752377896966,352.45289491779937,352.0144790317546,350.2297519695318,361.7925199295762,361.45,363.25
2017-09-03,18,353.77,347.5544380376619,346.78417146868327,347.8424676635674,347.1455806353177,354.3871855308263,352.07,354.25
2017-09-03,19,345.78,344.36916312724526,344.2614829543487,344.90597547775025,344.43350310879885,350.3558033597642,350.48,351.59
2017-09-03,20,345.74,342.3049156148269,341.4408637676895,342.17109560878004,342.19309406570943,344.79497994824675,345.41,348.79
2017-09-03,21,346.86,341.0883879387964,340.27644547974273,340.850152706581,340.8842145433185,341.6929234860913,346.42,346.37
2017-09-03,22,333.49,331.7267029869566,330.7200878386558,330.57046844554696,330.89875668156753,334.56445394844457,338.57,336.41
2017-09-03,23,329.72,326.6261648607405,325.88366093684584,326.9402378281265,326.387603900629,328.76606642642474,332.26,328.5
2017-09-04,0,329.73,315.7328201643679,315.94851663535906,316.74340631683947,312.5324061860205,337.0626096262471,333.27,326.06
2017-09-04,1,327.5,329.32439007812854,326.6899377917256,326.1311997979023,325.0665443522681,334.98184173952615,329.24,329.88
2017-09-04,2,322.83,326.95037085217206,325.3171506377802,325.60660619057194,323.49551370917357,334.18803272584256,327.96,328.25
2017-09-04,3,325.27,314.59825380046055,311.0620785096162,316.3178626930941,311.08660482772024,333.484100015068,325.21,324.75
2017-09-04,4,355.87,356.9172108781627,350.84933949088185,354.01894901855644,353.22160728815976,353.09865408834946,366.68,341.5
2017-09-04,5,354.65,359.23337473554415,354.28274887679197,356.1059760561798,355.85150635798334,356.60538920350706,370.09,340.26
2017-09-04,6,354.26,370.42880123565635,366.62332897331044,367.575363041204,366.1809306104612,361.4627667376435,372.15,350.03
2017-09-04,7,357.89,376.65638463460374,372.6795765988879,372.6356661570992,373.41658067775063,368.55783398602705,381.81,350.56
2017-09-04,8,355.97,382.0986866156311,379.40523697561156,381.15539532025866,381.1478422793632,389.83332285096736,394.89,352.57
2017-09-04,9,360.93,411.6090433553761,409.60310076496677,409.0654100455565,407.9633874468101,402.02042511118157,417.79,351.96
2017-09-04,10,371.57,424.5836180456913,423.5381413661249,423.3093518277591,423.9088030933796,412.9472180688614,437.35,354.06
2017-09-04,11,373.02,432.49978556466857,430.1693793436954,428.08494910781684,430.4394334352323,418.7230100796035,443.65,360.16
2017-09-04,12,371.31,436.21678486347804,434.03984122369457,432.4636295815567,436.2731643794039,418.60861787175946,438.12,360.74
2017-09-04,13,368.81,437.4320644995577,435.51093595928734,432.5641812301682,436.9171753209406,421.1762418541528,442.25,359.09
2017-09-04,14,374.36,436.2330017155544,435.2472393862659,432.5856421733614,435.6847949033176,421.0166708254692,438.23,368.4
2017-09-04,15,370.11,436.7922145533783,435.6323537447805,432.5856421733614,436.4700092291177,427.6815572172002,457.74,365.83
2017-09-04,16,369.96,435.40637473922027,434.01714495956037,432.28657774254077,434.173492833149,422.4634869903561,447.8,366.15
2017-09-04,17,378.64,424.74854121585855,422.82325727525665,423.01089158686005,423.0723111454989,412.89166628301484,430.06,361.31
2017-09-04,18,374.67,407.91094630841263,405.2406449145873,402.13727512998,405.05454938341484,391.436521119228,416.27,353.77
2017-09-04,19,368.1,387.93138502567183,387.24432169615557,387.56392612026633,389.7598783150684,380.9103754066931,399.51,345.78
2017-09-04,20,369.04,380.12390101586993,379.12106864545154,381.21346369665105,382.07376745652465,372.52537546769,386.3,345.74
2017-09-04,21,353.37,372.16470990927724,369.54773671605284,369.89505113705627,370.4434026493902,365.8241997892791,376.93,346.86
2017-09-04,22,337.08,343.5632563521199,341.20410056906337,343.23832436157466,338.9278611738843,350.0974845702107,347.89,333.49
2017-09-04,23,328.07,334.9893717077421,335.00142484558324,336.0011108216771,331.70134414103785,343.0868840934974,337.19,329.72
2017-09-05,0,325.05,327.9530994390613,328.566376964315,327.04490598935,327.65640904058864,339.4840302789264,333.19,329.73
2017-09-05,1,327.74,323.4925098838345,322.8777403566322,322.83134516979516,322.6016739924212,337.7135662302622,331.8,327.5
2017-09-05,2,325.06,322.78233380070634,322.71386481036166,322.4538551689168,322.1837473379876,337.4178540903705,332.73,322.83
2017-09-05,3,322.94,322.5101247921664,322.5828351013878,322.3311510732212,322.5310147361611,336.3772015231475,327.3,325.27
2017-09-05,4,346.55,350.15375352101955,349.6569824206856,350.37660029713436,351.18339145622696,352.172474284915,354.68,355.87
2017-09-05,5,352.47,357.0759355513503,356.5721562184407,357.2601083757195,356.7000301757918,359.39503988294234,367.69,354.65
2017-09-05,6,355.81,364.3492814923197,363.5324211898888,364.10399204082404,363.0135780907713,364.4068990076509,373.24,354.26
2017-09-05,7,374.41,373.916135469504,373.31798942116393,372.528173189635,373.7723376835053,373.7347201693193,387.73,357.89
2017-09-05,8,390.9,385.90167393028196,385.7915933298904,383.097855639954,384.9587946359304,393.81052805292296,399.01,355.97
2017-09-05,9,419.05,416.4831117049848,414.6081365416818,413.9203852854773,414.18736248264446,410.2957913868279,431.33,360.93
2017-09-05,10,433.9,421.40112205103406,420.2454938082166,418.13101651191016,421.06527453472324,420.4087386616725,446.19,371.57
2017-09-05,11,444.24,426.8908774177763,425.2196775604333,422.65285783125603,426.6509720238086,426.4988476434041,454.72,373.02
2017-09-05,12,443.87,429.8217700221214,428.24291735903756,425.2496971622127,431.27068023993183,429.13460401766133,457.0,371.31
2017-09-05,13,445.65,430.7885763056621,428.4109943271571,425.3502488108242,431.3463358473464,426.7509298194652,448.59,368.81
2017-09-05,14,451.02,430.6731223874319,428.2970260359797,425.48515271392193,431.27239170769946,429.9112199845233,454.3,374.36
2017-09-05,15,453.31,430.6731223874319,428.2970260359797,425.48515271392193,431.27239170769946,426.4644686468339,448.18,370.11
2017-09-05,16,439.74,429.4466408127806,426.86886366470475,425.3720572107813,429.2047400519287,422.74911939025816,442.27,369.96
2017-09-05,17,428.05,418.57696247109766,418.6128449943669,416.9167800200111,417.49392680194234,417.0729332662945,430.49,378.64
2017-09-05,18,410.94,400.17778770697714,399.56507902816145,397.8812716185958,399.40334481790586,395.0765875508957,414.11,374.67
2017-09-05,19,398.13,391.76389406575976,391.23088125407264,388.8789817777269,390.9191528784358,388.3920483409882,406.85,368.1
2017-09-05,20,384.15,378.5011143937693,378.2584528063255,378.4281900495462,377.87836518826873,379.7862970657842,392.77,369.04
2017-09-05,21,371.91,369.236990339491,367.68819328304676,367.79668152540194,365.0115408581466,369.26135936464925,378.62,353.37
2017-09-05,22,347.88,342.2072157905666,341.1957985752263,339.27573494674584,338.68800371050685,350.9602434409826,343.81,337.08
2017-09-05,23,336.0,328.6195908471706,328.1140191006438,328.2976844556391,326.6985192378723,342.6611042466365,331.37,328.07
2017-09-06,0,333.33,328.4654321148476,328.7448695355433,330.66068832275005,326.6934358823234,339.1427349530179,329.72,325.05
2017-09-06,1,334.87,327.3019794953591,327.3583659034875,327.8653144456473,328.2568761950437,336.07345358911266,323.45,327.74
2017-09-06,2,330.99,328.3127066940287,328.296144513,328.94148418519654,328.4254196479001,338.0554004805507,329.64,325.06
2017-09-06,3,328.84,327.9511228716699,327.8697189498857,328.61907553535343,327.7197592534928,337.251773385271,326.19,322.94
2017-09-06,4,346.02,346.8683176443128,346.10671985098804,345.7630099369376,345.8964936552265,349.7783519202073,347.23,346.55
2017-09-06,5,351.81,355.79356588680747,355.73937561998724,356.45933148545737,356.0760969494697,358.13877233118313,361.0,352.47
2017-09-06,6,361.62,361.9894991276431,362.00932893022036,360.93125852942563,360.7472899068042,362.58519744626335,363.95,355.81
2017-09-06,7,369.23,375.04497280069063,375.0696685530019,374.13881508341893,374.37154683260894,374.27273976680306,379.99,374.41
2017-09-06,8,381.8,387.22773629276935,387.3274029543319,386.57264681138514,387.11380392554133,395.11889573298197,388.59,390.9
2017-09-06,9,408.91,409.0693450142811,408.25143194271806,408.43519653961295,409.0630629894844,407.6550403919742,403.66,419.05
2017-09-06,10,420.86,427.9119702224537,427.441905677602,425.723346169621,425.1951925827056,420.37899414178975,424.01,433.9
2017-09-06,11,435.01,431.8932563283818,429.27088904921675,431.15419067596156,429.97515175283957,428.2951419260063,434.58,444.24
2017-09-06,12,440.81,436.05515840924994,434.6074103894152,436.58055086254944,432.77328453541077,437.70045768280977,453.98,443.87
2017-09-06,13,438.57,435.8642598668778,435.5012648954768,436.58055086254944,432.8623630819036,436.93233516454995,448.47,445.65
2017-09-06,14,441.28,435.88698572433293,435.2556574184604,436.39511191059466,432.2004346720355,440.32152742902537,454.85,451.02
2017-09-06,15,454.0,435.700273967246,435.2556574184604,436.39511191059466,431.9362836345835,440.4252048221957,455.94,453.31
2017-09-06,16,448.79,434.1426252671559,432.82256719629225,435.1404054609559,431.93606652116654,435.66239405453996,451.42,439.74
2017-09-06,17,437.93,422.1136213426908,422.71418081154525,424.76241708819305,420.3995457642529,427.00538407079927,438.14,428.05
2017-09-06,18,418.13,410.95279790603917,412.1327240262675,411.74405788342983,407.35229907242064,402.49830697670944,418.35,410.94
2017-09-06,19,399.51,400.56101498251746,400.2768187358194,401.90525032816925,396.8227441121481,395.3902163823091,411.89,398.13
2017-09-06,20,389.06,385.61333575683176,386.69447404391866,387.31476810040715,383.8421085610805,384.3596120223704,396.07,384.15
2017-09-06,21,368.3,372.0550889109426,372.8813883002125,373.3577283460787,370.27012766207247,373.68342048845176,380.47,371.91
2017-09-06,22,349.64,347.78823762109766,348.5055725380278,348.2616316487918,344.56564391210736,356.85026402134946,351.79,347.88
2017-09-06,23,339.22,334.1371413869185,335.44744926271846,335.41579099659043,332.555045621973,348.075498667186,338.97,336.0
2017-09-07,0,335.43,335.9398149570525,336.8645372600613,337.2205860217371,333.5470959762742,342.39130690035825,336.75,333.33
2017-09-07,1,337.46,335.55396951410216,336.66680058242065,335.4023914726708,334.253255729929,340.1358775420016,332.92,334.87
2017-09-07,2,332.62,335.36758112409,335.8370674870417,334.6506084114066,334.1242238128217,339.749992343566,333.34,330.99
2017-09-07,3,330.41,334.3366467881401,334.97873605302476,334.3247307168572,332.8934567200859,340.1500594298514,333.0,328.84
2017-09-07,4,347.39,352.9496227921592,353.26516355379937,351.6456467735551,351.4388001794494,352.9792661941257,356.77,346.02
2017-09-07,5,352.9,363.08740736935437,363.2715426487813,361.5971817956356,361.32128644684286,359.12573370389964,364.85,351.81
2017-09-07,6,356.97,370.6005383245589,369.87696632130417,368.03605196879073,368.7817822636558,365.71498014851306,371.37,361.62
2017-09-07,7,273.02,381.66671428095196,381.9903132149106,379.39814417919985,382.0356961732073,377.09104002537197,389.95,369.23
2017-09-07,8,390.79,399.41432821969966,399.8730291926632,394.52930613987024,396.7378434079175,400.89897900343374,407.92,381.8
2017-09-07,9,416.53,422.9875953256135,423.21113901293586,420.67258424381015,424.3644949170533,415.7731720308485,429.36,408.91
2017-09-07,10,441.61,428.4387663059123,427.32308374788374,425.9322404574081,428.0115846682422,423.6958774745164,438.19,420.86
2017-09-07,11,448.92,436.29596593266814,435.91824728607753,434.6361010253831,436.6694273129694,428.1836486284936,438.75,435.01
2017-09-07,12,450.4,440.28836299151004,439.7486244719835,439.0365135912102,437.1806709910555,431.8774585329285,441.52,440.81
2017-09-07,13,453.28,440.57203361822064,439.86777948201853,439.0365135912102,437.49583044452305,431.207166887108,437.5,438.57
2017-09-07,14,456.17,440.96450361756456,439.80364518107746,439.1697459947006,437.010312581823,433.3422960646279,441.46,441.28
2017-09-07,15,459.22,440.4080477185889,439.80364518107746,439.1697459947006,436.7279065862546,433.99204738860385,440.8,454.0
2017-09-07,16,456.55,438.17463917552,436.9300265028006,437.42475376085633,435.8693996963591,429.7029304598572,434.97,448.79
2017-09-07,17,440.66,427.787466564957,427.8942840520353,429.7126564330038,426.29568036665773,421.2111061770146,421.87,437.93
2017-09-07,18,423.89,406.7544277321753,406.2776436333967,407.01540904483636,403.883421607878,397.00345034346486,403.16,418.13
2017-09-07,19,407.57,393.94105955375454,393.09310072630524,395.4948866755675,390.54470205834923,388.81404219574875,395.67,399.51
2017-09-07,20,400.94,385.0147685420604,384.8533881369568,387.33098962781776,383.1378772847301,380.9663543154868,387.0,389.06
2017-09-07,21,384.98,368.51959712168787,368.85111171387007,368.71325298950296,364.18589682512885,367.6278292019131,367.1,368.3
2017-09-07,22,361.96,346.45908059813945,347.27750894806616,346.42749742209486,342.0739118930005,352.0342744353547,339.98,349.64
2017-09-07,23,351.88,337.4298450850714,338.63208409822835,336.4365803762218,332.8849155144033,344.4690638849202,329.83,339.22
2017-09-08,0,345.35,337.259058569119,336.67949400117845,336.4016000109813,339.14828979816707,347.1372054793334,328.9,335.43
2017-09-08,1,348.54,339.35653018197,339.8394372688928,338.9592138238437,340.8256891341483,345.55085977608496,326.68,337.46
2017-09-08,2,351.3,338.87828640388756,338.64738756273636,339.27206145965476,340.7890174897661,345.6680755240543,328.72,332.62
2017-09-08,3,344.66,339.6943213259234,339.53703223978,339.65351233893364,341.12763634950346,346.9609771047417,330.73,330.41
2017-09-08,4,362.21,350.4993509671108,353.1153329178872,351.02611093336157,351.1465198234004,355.01784968085474,342.24,347.39
2017-09-08,5,364.86,358.16750062420243,360.64621824184894,358.0615835808037,358.74691670709126,363.2736210931214,355.87,352.9
2017-09-08,6,373.24,362.5802810422346,365.18037837207885,363.7294617103034,364.4025672153068,368.4240161092564,360.42,356.97
2017-09-08,7,378.28,369.09289581815267,370.5341557693707,367.7138256931966,372.3088369944359,366.6259509125617,372.79,273.02
2017-09-08,8,397.33,389.5007865737237,391.9246192481714,387.3032388558716,390.6944687007833,402.2048362958864,388.11,390.79
2017-09-08,9,416.97,406.7503886701495,407.26547565413887,404.50585560888476,407.47066471537755,414.7626741590853,403.96,416.53
2017-09-08,10,436.32,429.94861345889467,432.6446061266495,430.30587913241396,432.23219430943334,428.5983607201887,424.06,441.61
2017-09-08,11,445.48,432.7868871482352,434.4944018246944,432.38749824332854,434.946900250426,435.8346604090809,433.78,448.92
2017-09-08,12,444.45,434.6209381254956,435.80462287734485,431.38753928557776,435.60016816435694,440.8879496106943,441.35,450.4
2017-09-08,13,446.18,434.4643845010856,434.8324104016976,431.38753928557776,435.6137850255374,442.1503098564423,440.74,453.28
2017-09-08,14,439.59,434.0523690031532,434.4134724764655,431.16424101103826,435.445403345905,442.1589240747162,439.12,456.17
2017-09-08,15,437.66,434.3003986014538,434.4134724764655,431.16424101103826,435.3591811266019,441.97379897117753,439.22,459.22
2017-09-08,16,423.69,427.0923031979743,427.55593771394666,424.0309642869004,430.1183257951213,433.55803639324364,421.93,456.55
2017-09-08,17,398.24,402.15608827850565,402.52158088165413,401.89448144123736,406.691908895855,423.1829951902134,405.48,440.66
2017-09-08,18,382.17,385.2782612651685,387.07336487092783,383.3685796568609,389.18428511627457,401.04394397206,392.26,423.89
2017-09-08,19,376.28,381.53603486475384,382.7472513833435,380.8000741170027,385.0137309210954,393.06567164787003,384.62,407.57
2017-09-08,20,382.01,376.44646058961496,377.39674175535396,377.02698375502257,381.1841764717207,389.43805523469393,385.71,400.94
2017-09-08,21,368.11,371.73220285988486,372.3125385431767,370.3903644854426,373.3952720271064,379.09409928919905,372.11,384.98
2017-09-08,22,345.85,351.07985649772723,351.28538209018484,349.9845145339157,353.30048152495425,363.5586447514465,346.49,361.96
2017-09-08,23,336.82,342.76598463197666,342.3264404557459,342.18471765283766,344.26033208341215,357.8485095349549,341.06,351.88
2017-09-09,0,335.83,336.46191024365964,338.21533118032755,337.38972023976163,337.0848407018434,335.1165371407885,336.72,345.35
2017-09-09,1,332.37,335.81487278972827,337.4612943217769,336.04569692922877,335.08096620088173,333.3957202129768,333.83,348.54
2017-09-09,2,328.2,340.12256365204973,340.5387916284811,339.33712045851826,338.3186016631192,334.73269104457637,336.74,351.3
2017-09-09,3,327.0,334.99112709886026,336.57308069530956,335.73034431907786,333.0098971085501,332.8183678962262,331.83,344.66
2017-09-09,4,333.13,343.1878467990127,343.8397618164639,342.45551307459345,341.90784150127524,339.39568160005234,339.36,362.21
2017-09-09,5,334.12,344.2974182450184,344.74105756691546,344.9535039574636,345.6408358473188,342.25906276342647,339.93,364.86
2017-09-09,6,345.52,355.9381636846861,356.3536029862586,355.55625726000113,356.79397422641915,351.85629855398867,354.67,373.24
2017-09-09,7,350.08,358.3925328941387,359.98541439883616,357.8273799833196,359.04984039464387,356.3771413279006,356.3,378.28
2017-09-09,8,348.7,357.688427347901,359.6008714657318,357.77374990335096,358.8545746274772,361.702281458333,355.31,397.33
2017-09-09,9,353.04,362.76195241175037,363.91193830783544,362.2530573220449,363.646336488405,369.43430753520636,360.52,416.97
2017-09-09,10,359.8,364.84079800698345,365.94475729447305,363.73464733922026,365.4568193169411,375.4962762287629,362.24,436.32
2017-09-09,11,360.99,365.638598983471,366.52620975934013,364.1712920778724,365.9037383792448,379.1631443447447,362.14,445.48
2017-09-09,12,361.75,370.10569202029524,371.4358378017786,370.2581667696714,370.89540140878006,383.64669821921376,368.97,444.45
2017-09-09,13,360.61,371.5059115934108,372.4243662196987,370.2581667696714,371.3159468783994,385.6210024591312,370.52,446.18
2017-09-09,14,364.94,371.22322831871423,371.93299346717237,370.0471585448401,370.6717260065714,384.6566435577806,369.24,439.59
2017-09-09,15,359.42,370.43887534986453,370.673916483577,368.6155290216342,369.6192211976017,383.2258706556041,367.61,437.66
2017-09-09,16,359.11,370.217562738032,370.9472728481349,369.4130466279853,370.9916860902184,381.8575457472025,371.96,423.69
2017-09-09,17,349.9,363.4749707321425,364.38269334010096,362.5332727279808,363.19700736413796,373.3558036688766,363.25,398.24
2017-09-09,18,344.78,358.3842429174353,359.37076259318815,357.39797736134324,359.2424040484078,365.266628145027,354.25,382.17
2017-09-09,19,342.39,355.50981429839686,356.3594868539415,354.8431429690148,356.3378942364907,360.44022569136115,351.59,376.28
2017-09-09,20,341.6,352.54943319867107,353.18638568695854,351.4630700461676,353.5715841635945,356.75786928390335,348.79,382.01
2017-09-09,21,340.14,348.93816972067776,349.1519914705657,346.92237914413613,348.30203191636576,350.9732031760955,346.37,368.11
2017-09-09,22,330.92,335.7344179481816,337.62268529412785,335.5124639062925,335.7837007194865,341.5746233890487,336.41,345.85
2017-09-09,23,323.53,329.6025289606893,330.4358621917403,328.96475405255563,327.37186134622124,335.0178150201035,328.5,336.82
2017-09-10,0,320.27,326.28996156053535,326.6999960760485,325.91144674419985,327.15055611775773,321.04172434959855,326.06,335.83
2017-09-10,1,322.24,325.25539725424466,324.5541977976106,325.38915253936887,325.4730161751074,321.12726594235966,329.88,332.37
2017-09-10,2,322.58,323.68204710540846,323.14997602309535,324.5177823842478,324.8954705818443,319.88685623821146,328.25,328.2
2017-09-10,3,319.75,321.00210780467944,320.9378829235273,321.78742951942655,321.4120414925798,319.15287320716914,324.75,327.0
2017-09-10,4,332.5,333.9905842308641,333.34080801575493,334.54518172468397,333.4753666613242,327.9485488566845,341.5,333.13
2017-09-10,5,334.3,336.27328500653454,335.7421692171966,337.45261297765705,336.15481688484044,329.9140609608938,340.26,334.12
2017-09-10,6,345.35,342.8134526886245,344.6984682929059,344.1038172434853,342.5255872330901,337.94353542285546,350.03,345.52
2017-09-10,7,347.5,344.7670211849514,346.80813452484415,346.5390102567454,345.2080900718962,341.9832879511591,350.56,350.08
2017-09-10,8,348.51,345.83756910426143,347.9384392150595,347.4070052230698,345.753346502722,346.06726224063414,352.57,348.7
2017-09-10,9,346.2,347.91494267337765,349.8078204116866,349.1640210721179,348.8182668957148,349.7518608252969,351.96,353.04
2017-09-10,10,354.77,350.5062528810184,352.43369112745006,352.49488852658016,352.38310622877896,354.48448813922755,354.06,359.8
2017-09-10,11,347.88,352.5841223705665,353.5854959564638,355.0051084869015,353.6735860054576,359.617523418636,360.16,360.99
2017-09-10,12,354.68,354.84656160130476,356.8110166344218,357.27976078564376,356.80259129458193,361.9007665432621,360.74,361.75
2017-09-10,13,359.32,354.55852843231474,355.8825695967024,357.03271179857,356.234615172414,362.30609108263786,359.09,360.61
2017-09-10,14,361.05,360.9353017962872,362.61576159847294,362.6150535098748,362.521731726172,366.72860438891325,368.4,364.94
2017-09-10,15,357.47,358.1848707472924,360.7063851431834,360.15817785120356,359.1491224921491,364.5169628532511,365.83,359.42
2017-09-10,16,356.54,356.51071201720055,359.3862691096455,358.6534817035069,357.13352807721145,363.20122044277053,366.15,359.11
2017-09-10,17,352.66,349.9797380918605,352.8026622695855,352.36221493843857,350.5070570818208,358.10971319156045,361.31,349.9
2017-09-10,18,344.99,347.5212406699116,349.9089067476248,348.92117569964057,348.10867287001446,351.8745452129293,353.77,344.78
2017-09-10,19,341.66,342.8429789210154,345.01016873614293,343.9071139844962,343.5647816936294,345.3976230111523,345.78,342.39
2017-09-10,20,337.37,342.0338319600362,343.9614560365486,342.8842946079637,342.8678180795627,342.013094245311,345.74,341.6
2017-09-10,21,335.8,340.5910360337092,341.8991438916185,340.7041003391937,341.18340494619474,339.05747454219915,346.86,340.14
2017-09-10,22,326.7,328.92783628226175,329.5853492044983,329.35044786083597,330.00934909150124,329.8692560181502,333.49,330.92
2017-09-10,23,321.36,323.87825394536145,324.03225107957553,323.9031299893678,325.41554667146517,325.1007013380425,329.72,323.53
2017-09-11,0,323.2,324.7460990629598,324.3453658514075,325.8614426466005,324.27225443158613,334.8545807839145,329.73,320.27
2017-09-11,1,319.87,322.5126832697811,321.7133487003373,322.9700753804525,321.5999335045192,333.2557438843416,327.5,322.24
2017-09-11,2,317.38,320.199328759298,319.93601386007265,321.73675539487056,319.67708318819024,331.38575966408087,322.83,322.58
2017-09-11,3,319.69,321.16064273312554,320.1915975267402,322.04259000851545,321.3561437834999,332.7707694093401,325.27,319.75
2017-09-11,4,346.81,346.55347168448327,348.39877395979454,346.9506687212695,346.41846292282014,347.7124959684794,355.87,332.5
2017-09-11,5,350.17,353.60167899883606,351.99461636419653,354.4231998693351,353.18003361501326,349.7874916020159,354.65,334.3
2017-09-11,6,351.27,358.72999278718345,360.4577087336667,358.55160067108335,357.16736481687326,353.8483343413289,354.26,345.35
2017-09-11,7,358.72,361.7174041105093,362.53569031794024,361.404549860617,359.8567952962126,358.8013155795603,357.89,347.5
2017-09-11,8,378.89,373.89872436527264,376.83537375339984,374.1741593283028,373.0487180632174,374.03100575924833,355.97,348.51
2017-09-11,9,401.92,385.4849893061485,387.38238443263253,385.0206997209637,384.76803124296976,379.07721126632754,360.93,346.2
2017-09-11,10,414.74,391.328602359888,391.8636381796668,392.9610084247336,389.6487529224624,387.31254110775996,371.57,354.77
2017-09-11,11,432.33,398.1462969315387,397.27399788130583,397.95469525499055,395.40412186785085,389.68076755293947,373.02,347.88
2017-09-11,12,436.48,404.81067962406553,404.9348172766668,405.9742982982597,404.191054511124,391.7723364428815,371.31,354.68
2017-09-11,13,442.59,407.6030715174517,411.1901139464656,409.5756433205527,407.8790210176327,392.5123502145684,368.81,359.32
2017-09-11,14,442.79,404.30069447555917,404.66354761854825,405.2744710638417,404.3373692634838,395.1591088741493,374.36,361.05
2017-09-11,15,444.22,407.5394825824871,411.0984393163583,410.1553015980754,407.97008953918413,392.51261712628957,370.11,357.47
2017-09-11,16,441.76,406.78961583593076,409.54198111137237,409.52426560047707,406.866285979378,390.93189657186844,369.96,356.54
2017-09-11,17,427.77,395.33575691437017,394.32499138950953,395.98297554146535,393.07002882950275,391.6903362969353,378.64,352.66
2017-09-11,18,416.24,384.13001656098555,383.34275525786734,384.03135008854696,383.48559438927475,374.14275428408973,374.67,344.99
2017-09-11,19,397.37,374.8273280359128,372.8790955495926,373.32554584607925,373.14795411379686,368.1066407852148,368.1,341.66
2017-09-11,20,380.32,370.7600250251089,368.75798590475694,369.24396706936807,370.5566449074477,364.6957489682843,369.04,337.37
2017-09-11,21,372.49,358.42846778394426,355.4523561087795,359.22352036815175,356.9258564620726,355.24345741496757,353.37,335.8
2017-09-11,22,339.08,340.6035014854213,340.40285064229005,342.19210830932974,338.91322741982736,344.9533171923007,337.08,326.7
2017-09-11,23,332.69,332.03738570426464,331.83886426124093,333.89570220208975,331.73348088421113,338.4148163992216,328.07,321.36
2017-09-12,0,331.63,329.5156994024033,330.96032794702523,328.3954772939844,326.9872440484,336.882781708552,325.05,323.2
2017-09-12,1,325.63,329.59142311144507,329.82994870559963,329.03399185985177,326.2563811550233,336.5754283120762,327.74,319.87
2017-09-12,2,329.96,329.1307868581188,329.3113782894799,328.50410406708465,325.68082443863494,335.15348484644187,325.06,317.38
2017-09-12,3,327.68,327.7870241900545,327.35584134323466,327.1516927943776,324.49139948785574,335.389366790656,322.94,319.69
2017-09-12,4,344.72,347.9432277268579,347.8242984215522,347.76243511006714,344.85176276673263,349.32591133661117,346.55,346.81
2017-09-12,5,350.74,352.8556021452113,352.587963636872,353.24836326889516,349.5568199826858,354.3507547301533,352.47,350.17
2017-09-12,6,354.46,357.2312216636672,355.93736941670187,356.8066235937239,352.1645569360146,358.6850742759669,355.81,351.27
2017-09-12,7,361.88,370.24182729726033,370.42197031336474,370.4198746122943,365.28049421143965,370.0501292053228,374.41,358.72
2017-09-12,8,392.82,384.89175349097866,386.26556907303603,384.9642912090877,381.0885030178207,394.20421392893786,390.9,378.89
2017-09-12,9,416.59,413.33093246986783,413.71211845482856,412.424671363516,406.1756498706752,411.1939889781852,419.05,401.92
2017-09-12,10,430.15,426.4610908003787,425.5888458492545,426.93315784356093,421.55870097802926,421.5479827188798,433.9,414.74
2017-09-12,11,437.36,434.41307828538106,434.2762816765541,431.72597831319183,427.2202627465776,430.2238142059813,444.24,432.33
2017-09-12,12,444.47,439.26155863272766,441.4240713934803,437.5577479499582,435.3689483213896,432.50965174485066,443.87,436.48
2017-09-12,13,445.88,439.1840176103115,441.45684276130237,437.566536738177,435.59103921153235,435.0658497138642,445.65,442.59
2017-09-12,14,447.31,439.0685636920813,441.24990061306033,437.3810977862222,435.15063519122265,437.45159712210545,451.02,442.79
2017-09-12,15,445.18,438.88185193499436,441.24990061306033,437.3810977862222,434.9727063730737,437.91438520591265,453.31,444.22
2017-09-12,16,440.4,437.21728171815533,438.1735114385433,435.7374330057453,433.99655572440275,430.95561479046376,439.74,441.76
2017-09-12,17,432.67,424.5308789656727,425.07979788817636,422.51870464312634,420.6891232925121,422.64109557786816,428.05,427.77
2017-09-12,18,410.39,407.8393216015483,406.2924479530311,405.2832001588569,403.7519521272251,400.0014470698291,410.94,416.24
2017-09-12,19,396.71,396.6591313167912,395.6087264172995,394.89387151696724,392.5753377885644,389.7248875195505,398.13,397.37
2017-09-12,20,385.37,381.5037583138441,381.5293398576295,380.63122654313537,379.22545525041545,379.04655360924744,384.15,380.32
2017-09-12,21,371.75,371.0894950804176,372.2128353107041,370.1184399312489,366.87272787095833,370.1917827365109,371.91,372.49
2017-09-12,22,347.55,340.63699068277776,341.41682504658377,338.9612925238919,334.95332078761635,354.05722863977036,347.88,339.08
2017-09-12,23,333.47,335.19355752283286,336.41377422200566,333.7670186768807,329.66859867683206,346.2964877643836,336.0,332.69
2017-09-13,0,329.28,333.81240670788384,331.9165292190842,331.1680328611632,330.3081125476986,341.3824840652649,333.33,331.63
2017-09-13,1,333.41,331.90287981150857,330.3071401001314,330.0045824408343,328.7945560505101,340.318338427299,334.87,325.63
2017-09-13,2,332.69,332.6634797551739,331.2081260265895,330.35957163864026,330.1089836545961,339.2367902150067,330.99,329.96
2017-09-13,3,326.41,329.3816253455056,328.0186977902316,327.29930337666013,327.46137848044884,338.92271073038347,328.84,327.68
2017-09-13,4,344.41,345.2757171656268,344.3925775836131,343.2176290033512,341.82252230298315,349.1875228278602,346.02,344.72
2017-09-13,5,347.36,351.64810634277296,351.4452795064231,350.7985991829015,348.17070689366255,354.4759232334149,351.81,350.74
2017-09-13,6,352.19,359.3346070261318,359.0756885153583,358.3974276544743,354.7596384417748,361.62126076911835,361.62,354.46
2017-09-13,7,360.6,366.6776197053116,367.4560922181078,364.7249974679237,359.5757341262916,368.7318321996077,369.23,361.88
2017-09-13,8,379.84,385.0562896458757,386.003300982022,384.09388053672455,380.9027833309,392.55662710194315,381.8,392.82
2017-09-13,9,396.11,408.1817524628862,406.4782527234699,405.7542452883157,405.08625709320506,409.22989442688265,408.91,416.59
2017-09-13,10,423.04,422.60736225520026,422.59004608238996,417.3896693021253,415.9607137548961,418.5475723148108,420.86,430.15
2017-09-13,11,434.09,436.03110639741425,434.8823294835193,430.67318359366715,429.9913162385638,427.4735936062179,435.01,437.36
2017-09-13,12,441.59,439.7141218467157,440.181451692772,435.6742387455226,435.6801485766823,432.4919622602264,440.81,444.47
2017-09-13,13,447.51,439.4440211946307,440.21422306059407,435.6830275337414,435.76922712317514,432.93810389603647,438.57,445.88
2017-09-13,14,438.95,439.76187649468164,440.03001882775476,435.4975885817866,435.5806669145296,434.43773290260253,441.28,447.31
2017-09-13,15,452.53,439.5751647375947,440.03001882775476,435.4975885817866,435.5357504400306,438.5139530646725,454.0,445.18
2017-09-13,16,447.61,436.39763748074324,435.34307667147266,431.4674150105779,433.7785007332885,434.51430258604006,448.79,440.4
2017-09-13,17,421.82,425.4640801774394,426.01383135823505,423.02935108151286,423.9444811401266,427.2565729324542,437.93,432.67
2017-09-13,18,413.27,410.16408640806236,408.52124199227717,405.74544094623417,406.34778100059265,402.39085305411373,418.13,410.39
2017-09-13,19,394.85,394.14648967999955,393.21491547725725,392.2043609946777,391.8348038350243,390.47811166557335,399.51,396.71
2017-09-13,20,388.96,384.2617587339077,383.70089335212884,383.2095316771192,382.3520010931544,381.83782361447186,389.06,385.37
2017-09-13,21,377.28,369.3952203102525,368.9125274547033,368.1353038759932,364.59379128824224,369.0077567409319,368.3,371.75
2017-09-13,22,348.2,347.7098276198867,346.81878420792117,345.9279601314972,343.3096159362886,356.0356570068083,349.64,347.55
2017-09-13,23,337.16,336.0877594374619,335.14860412752023,334.73004860640293,331.4597996270859,347.9367646413811,339.22,333.47
2017-09-14,0,333.95,334.55180128281796,333.2109489848835,333.73318969467283,331.6078845337538,340.3678688299367,335.43,329.28
2017-09-14,1,333.76,335.37376274272475,333.92762444213014,333.2342519130001,333.04458140088707,340.6820764615999,337.46,333.41
2017-09-14,2,336.85,333.81031557540524,332.0138434119907,331.3499650061091,331.23755014832136,338.63206253862984,332.62,332.69
2017-09-14,3,327.96,330.5284611657369,328.65472065555997,328.63795409203027,328.7504826792956,337.8215822381081,330.41,326.41
2017-09-14,4,348.49,346.5876578590621,345.23728395047993,344.4008234392298,343.9028740271696,348.1200672429635,347.39,344.41
2017-09-14,5,354.44,352.14381426392276,351.53976920707146,351.4593913705072,350.6594192685669,352.93771237008656,352.9,347.36
2017-09-14,6,356.52,357.80551466687507,357.13898516539297,356.63357430943114,355.4573866994098,357.99315374005795,356.97,352.19
2017-09-14,7,363.04,349.73241849769397,351.3994708850144,351.60833413055116,356.5571166019811,329.80743066474497,273.02,360.6
2017-09-14,8,390.1,384.57555382910044,384.52230562357437,384.54601032757586,384.76665199925645,393.0607671413736,390.79,379.84
2017-09-14,9,415.37,411.8085626813745,411.5023715341605,410.4411598468186,410.14512031466563,408.32357110211973,416.53,396.11
2017-09-14,10,430.94,426.61909129495024,424.8016467161579,424.06133643560656,424.1040668739961,424.29536504934157,441.61,423.04
2017-09-14,11,445.24,436.9008023610671,435.8827190867864,435.1626021569549,437.3528505817409,431.0306211248375,448.92,434.09
2017-09-14,12,454.73,439.9476489985448,440.4067608176751,440.04250324017795,440.49456615881775,434.4271579502225,450.4,441.59
2017-09-14,13,452.87,439.8203832109951,441.55199421648973,440.05129202839674,440.5836447053106,437.3874266258415,453.28,447.51
2017-09-14,14,441.61,439.70492929276486,441.11659967997787,439.86585307644197,440.12671860360166,437.78410118935477,456.17,438.95
2017-09-14,15,448.16,439.51821753567793,441.11659967997787,439.86585307644197,439.94878978545273,439.97129139712837,459.22,452.53
2017-09-14,16,434.38,437.10119244112036,437.8874295135797,437.298813623372,438.66145533837044,436.9395118153295,456.55,447.61
2017-09-14,17,428.06,422.0147541981859,422.3111827626995,424.0107041327535,421.5764656066537,425.61242102567945,440.66,421.82
2017-09-14,18,413.16,413.88740167003743,415.09841067322884,413.86165937725195,413.15923309172,403.41941208331576,423.89,413.27
2017-09-14,19,393.84,393.3544497293384,394.1346550465297,397.06458830881553,393.6280493585594,391.8380917247407,407.57,394.85
2017-09-14,20,384.71,387.5817548711742,387.9357368210829,388.95472272160043,386.2983870314894,385.31536559153017,400.94,388.96
2017-09-14,21,366.98,377.6583768828818,378.1861604675868,376.708313140209,374.30858428639124,374.5681662789275,384.98,377.28
2017-09-14,22,342.02,352.85201521715703,353.98552830314253,353.6914355327463,350.4487852311974,359.33298105687567,361.96,348.2
2017-09-14,23,330.24,341.7375067523378,341.9370317487608,340.5592585345206,338.8791933541927,351.7203701945507,351.88,337.16
2017-09-15,0,324.75,334.44598004848615,334.87408362290813,332.9158539658623,333.8357508592586,338.49174478465795,345.35,333.95
2017-09-15,1,330.47,335.57658606388543,335.7414512016376,334.46662568532406,334.3545961971048,338.7334378802158,348.54,333.76
2017-09-15,2,331.49,339.17922039864845,339.52818676003443,338.21331101366053,337.8294674992522,340.0592669434151,351.3,336.85
2017-09-15,3,326.15,333.2749368513734,332.274284793012,333.17006699477776,332.6328656553862,337.2179747993138,344.66,327.96
2017-09-15,4,341.77,348.2040729878271,348.17203261606886,350.43648772133497,347.5486908793284,348.02673558492376,362.21,348.49
2017-09-15,5,352.28,355.915221976098,355.9085101010123,356.239205129206,353.72560843269116,352.08624874957445,364.86,354.44
2017-09-15,6,350.3,362.68038640255173,361.6919597325182,362.59842835209326,359.5892294693082,358.4834144557465,373.24,356.52
2017-09-15,7,370.15,366.84864471921566,366.30580292633493,364.67629489362037,361.88243051078314,364.49617602340214,378.28,363.04
2017-09-15,8,382.12,386.0458554068087,387.0231006745299,385.63703256533677,383.42662177412217,390.9621363198343,397.33,390.1
2017-09-15,9,401.1,408.0550323179163,409.60793748770516,406.2840617494154,403.87532648313265,404.93251215170653,416.97,415.37
2017-09-15,10,417.97,420.3106928292175,420.59795685389975,414.8797022789751,415.0174212364593,417.36164523591316,436.32,430.94
2017-09-15,11,425.22,426.96216657603355,426.7505253538366,424.0971638560286,424.36543648635643,425.206830482457,445.48,445.24
2017-09-15,12,422.39,429.417383060043,431.1664151584531,425.9620263049806,428.92609384265245,427.87956666935287,444.45,454.73
2017-09-15,13,431.0,430.16580031841943,431.84473927327815,426.281081283892,429.0151723891453,429.4924282145356,446.18,452.87
2017-09-15,14,434.23,429.617037181908,430.9293283762968,425.43025624568037,428.1899122135215,425.9167331963404,439.59,441.61
2017-09-15,15,433.46,428.99558406943356,430.0312374812961,425.43025624568037,428.01198339537257,425.3608492735828,437.66,448.16
2017-09-15,16,420.4,422.8604362086352,423.8880275078523,420.21310620277086,423.4533577848372,416.9238466474335,423.69,434.38
2017-09-15,17,399.92,397.9536900265017,398.1240345380052,395.91340422832775,396.4251572834293,404.1951434632255,398.24,428.06
2017-09-15,18,391.96,380.36766571391956,380.78582808810523,379.7646095046073,379.40391660455145,381.0573600113566,382.17,413.16
2017-09-15,19,381.58,374.86178004834244,374.99913890691596,374.1213681373672,372.66080944874926,373.40251928175593,376.28,393.84
2017-09-15,20,378.31,372.34983598472996,372.30717391754536,371.30791627068635,370.4279249995595,371.27413857711923,382.01,384.71
2017-09-15,21,365.86,359.765452985601,360.8778073342242,357.95195720051635,357.7045012102117,360.603914991323,368.11,366.98
2017-09-15,22,339.68,339.22970212753984,340.2906136215998,338.796744896817,338.61991920722636,346.1371941478537,345.85,342.02
2017-09-15,23,332.37,329.0453114731945,330.6946540440898,329.7596898241048,328.60729788487697,338.83165226549045,336.82,330.24
2017-09-16,0,329.6,328.733900994846,327.62670740479473,328.80233053766096,328.8963392815326,328.5395201666469,335.83,324.75
2017-09-16,1,323.47,329.0072508202905,327.3826728671092,328.2345691567284,328.9877568519217,326.88837500685696,332.37,330.47
2017-09-16,2,321.6,328.51559913096855,326.76216187510204,327.8128062712528,328.43931796237246,325.2751775349991,328.2,331.49
2017-09-16,3,317.22,325.5101533866017,323.9459869662544,325.06358941207884,326.05990322077776,324.94270664574026,327.0,326.15
2017-09-16,4,323.35,336.7611740266717,334.3596831002097,335.9925198534228,337.5191703760859,330.7467873084812,333.13,341.77
2017-09-16,5,326.45,337.7429340254032,335.9168849818913,337.62712033865785,339.2046544884009,334.69456822556197,334.12,352.28
2017-09-16,6,334.92,344.2748229373944,341.09188801280686,342.9646981394217,344.4522446383938,341.7799301060774,345.52,350.3
2017-09-16,7,337.28,350.33241768067876,347.711660217625,349.1795704759272,350.88288610265187,349.17769370957546,350.08,370.15
2017-09-16,8,339.92,350.33241768067876,347.9579977988587,349.1795704759272,350.94982969736486,353.521818830261,348.7,382.12
2017-09-16,9,342.4,355.5352378970095,352.84085480000965,354.2436818623242,355.4211393213997,360.84433512750047,353.04,401.1
2017-09-16,10,348.03,359.4283475261663,357.5268531104332,359.5787465027865,360.4197503325783,368.56989176050246,359.8,417.97
2017-09-16,11,352.27,359.7686968734544,356.7162699908352,358.2532083534125,356.92217596492986,372.5180055470357,360.99,425.22
2017-09-16,12,356.19,362.4350228413007,360.0034371124944,362.40939669536874,361.99365329182484,374.44959374781564,361.75,422.39
2017-09-16,13,366.17,362.8030651385766,360.43525317858484,362.1881975003929,361.9485415476829,376.20059783329583,360.61,431.0
2017-09-16,14,364.93,364.696906905462,363.20205712888225,363.95037342359973,364.4403338317106,378.56860853347763,364.94,434.23
2017-09-16,15,364.46,362.83235361248404,360.26001830312185,361.23889081720256,361.9455449007234,375.77582833804126,359.42,433.46
2017-09-16,16,367.34,360.857824654785,356.9738598353377,359.4751396530414,359.7168539963225,372.71685262615057,359.11,420.4
2017-09-16,17,351.99,353.3171107391249,349.64179803895945,351.51387541313227,352.3125940636514,364.60945618770234,349.9,399.92
2017-09-16,18,345.7,351.0273435003093,347.5230078033441,349.6206488862834,349.76726989542806,358.9762593253963,344.78,391.96
2017-09-16,19,343.42,347.06067556504036,344.0540706753395,345.4352544242083,346.2222072505977,353.724958318227,342.39,381.58
2017-09-16,20,342.61,341.51591621172685,339.33736940192233,341.7920027263459,342.6135493990358,349.7580836262567,341.6,378.31
2017-09-16,21,339.68,338.3708038667121,337.29079975598916,337.2189419534354,338.4031408121175,344.5106952812415,340.14,365.86
2017-09-16,22,331.56,329.9654000035549,330.0734495664112,328.5189274480014,329.61225679823076,334.93101352570716,330.92,339.68
2017-09-16,23,323.56,326.45020056077686,324.213140065503,324.3164647423944,325.7967895889706,328.7706668328291,323.53,332.37
2017-09-17,0,314.77,324.0412383228042,324.1467070728057,324.265009552125,324.98986139136633,315.91467674541246,320.27,329.6
2017-09-17,1,313.65,321.6469259982525,321.14098556351985,321.32625860632976,322.14147704110025,314.96588590679363,322.24,323.47
2017-09-17,2,313.35,321.17755157586924,321.02297753807335,321.1266242954486,321.9029024523227,314.75375535489593,322.58,321.6
2017-09-17,3,312.41,320.16951928261,319.72837780850864,319.88880145114655,320.88619726668213,313.9010276696881,319.75,317.22
2017-09-17,4,324.17,328.3703307015935,325.641562843157,326.0438072357056,326.457677757028,321.14676176126125,332.5,323.35
2017-09-17,5,325.86,332.1981095609746,329.74905353311595,330.643283742613,331.53252942845705,324.53456919627405,334.3,326.45
2017-09-17,6,333.79,341.4929354130915,339.03954242091976,339.98555802650236,340.6007952571726,332.71373946175083,345.35,334.92
2017-09-17,7,341.36,341.201345161198,339.59865617264813,339.2611226044913,339.8537114836994,337.12180663417837,347.5,337.28
2017-09-17,8,338.75,342.2941237159223,341.1689948200439,340.6362078114286,341.05267819975296,341.2938166159974,348.51,339.92
2017-09-17,9,341.06,345.115480051736,344.9196454162661,343.6960634510572,344.22348645578245,344.1048706564167,346.2,342.4
2017-09-17,10,354.11,349.5726793769828,349.15350843057104,349.3913179261331,349.7870940515454,351.2106710776045,354.77,348.03
2017-09-17,11,349.41,348.7072859750114,347.51130431787004,347.4535178248609,348.5758375084711,351.682683567023,347.88,352.27
2017-09-17,12,359.46,351.32323497339246,350.819015512026,352.15261590092626,351.33453398525074,356.74812737418705,354.68,356.19
2017-09-17,13,359.73,355.34887866926823,354.7059624849105,355.90594216489956,355.34518679429607,360.8993685473685,359.32,366.17
2017-09-17,14,363.59,355.4125848536935,354.8308254797913,355.5017345823959,355.3032269173105,361.739013777731,361.05,364.93
2017-09-17,15,366.25,355.1107792026244,354.4807414467119,354.9352864807457,354.6360040596456,359.734653275742,357.47,364.46
2017-09-17,16,364.42,354.0305320195991,353.44657597132283,353.19951041123437,353.1883888633681,358.3136416391295,356.54,367.34
2017-09-17,17,349.68,347.85347255227987,347.3160526154872,346.802616223422,346.2627577197484,352.8727383920012,352.66,351.99
2017-09-17,18,349.99,343.69676254271843,343.64190601445506,343.09466597626925,343.97064938867874,346.4502258445506,344.99,345.7
2017-09-17,19,343.72,340.2828416734696,339.1515109991989,339.43809825375234,340.8873642247273,341.7880143572929,341.66,343.42
2017-09-17,20,341.18,339.06641179285083,338.08802904203577,338.11847093651136,339.5566779378534,336.7555506385583,337.37,342.61
2017-09-17,21,341.04,333.42138137752187,333.714328874422,333.6058656889684,334.6013846611376,332.5836930355491,335.8,339.68
2017-09-17,22,323.83,327.2163694107447,326.4380116228883,327.3625087584876,327.6385754934148,325.17274446430116,326.7,331.56
2017-09-17,23,321.86,322.2620462371356,321.6953569253344,322.445295600706,322.9605527569402,319.7208667933603,321.36,323.56
2017-09-18,0,319.44,323.60792153521123,323.05941244127814,322.8118290314616,323.28315345234273,327.14934683565855,323.2,314.77
2017-09-18,1,317.93,322.34650629575697,321.91875302344613,321.8904377308955,321.8268119893262,324.7449890895713,319.87,313.65
2017-09-18,2,319.85,322.0345515282984,321.74051501060586,321.41161218325584,322.1780491046239,323.62751941008634,317.38,313.35
2017-09-18,3,320.94,322.0143811493574,321.91875302344613,321.64312701587056,321.4656153345374,325.1714613237488,319.69,312.41
2017-09-18,4,343.81,341.64486120845106,341.59908565025717,341.3808994031028,342.68829228131364,338.6406021360673,346.81,324.17
2017-09-18,5,347.72,347.43768771421827,345.7370150855226,345.7382444742724,344.4283876035057,342.46773004941514,350.17,325.86
2017-09-18,6,348.06,351.79449694762934,351.2617585839147,349.7609989298851,348.74147670677013,346.7355744838198,351.27,333.79
2017-09-18,7,353.99,356.0508184623037,356.5717951073936,356.3585564986277,355.6874821246355,353.8059716908703,358.72,341.36
2017-09-18,8,376.48,369.2676514319274,370.75065470494104,369.8656222695418,370.9121463549764,377.7625843759328,378.89,338.75
2017-09-18,9,391.4,390.1263572510944,392.0687022153368,390.4647166228801,395.6218047836127,390.3515727712166,401.92,341.06
2017-09-18,10,407.15,407.81270858562374,403.4944560176109,404.3552419655558,411.5270848359209,399.97040967776206,414.74,354.11
2017-09-18,11,422.16,425.5461822985678,425.85387150563884,422.0395302349759,429.90353385264103,408.8542422344248,432.33,349.41
2017-09-18,12,425.83,432.82384095587423,433.30562025800964,429.78740158743943,439.5824867473057,413.6112122005458,436.48,359.46
2017-09-18,13,433.68,434.79335073734757,434.6204146148697,430.0738011442611,440.46219518279264,417.18362642831374,442.59,359.73
2017-09-18,14,430.8,435.10853397704165,434.8282321900911,430.390524597449,440.6352744601997,418.02711709460044,442.79,363.59
2017-09-18,15,430.94,435.10853397704165,434.8282321900911,430.390524597449,440.7682868038496,418.324944689426,444.22,366.25
2017-09-18,16,423.27,431.3369560062432,432.4918387618128,427.3110682283147,438.748645921333,415.75498389262805,441.76,364.42
2017-09-18,17,410.81,419.96494278666194,421.7294247259062,416.32527706201415,424.12624608594194,406.47369142353386,427.77,349.68
2017-09-18,18,394.99,400.958785554696,399.3066732517416,397.245278027125,401.3844848360725,386.3406018341823,416.24,349.99
2017-09-18,19,379.49,384.90726307740306,383.4616030120756,384.2257674599164,387.2409609396599,375.1990307715368,397.37,343.72
2017-09-18,20,369.15,373.8648923349815,370.91840338978733,371.32357947042715,375.7377383683319,365.0296027739376,380.32,341.18
2017-09-18,21,360.8,365.4621541472354,362.1740650139443,362.2474571034566,363.5854636517274,358.7677864947101,372.49,341.04
2017-09-18,22,341.18,335.661429450096,334.68761394133867,334.57855796209014,332.9314694535439,340.88857050216006,339.08,323.83
2017-09-18,23,329.26,328.0546956811662,328.4885921506146,327.9873868688895,325.1150665960852,335.7446165195503,332.69,321.86
2017-09-19,0,330.58,323.14423287090267,322.997881391639,322.2579305589258,323.38790047316684,334.32633117863486,331.63,319.44
2017-09-19,1,326.68,321.8407535014375,322.1274837901165,322.3878912467022,322.5016979605176,330.84051363492193,325.63,317.93
2017-09-19,2,323.21,322.5587419289026,322.96315759542375,322.4570000053079,323.25257402705097,332.6193984058437,329.96,319.85
2017-09-19,3,316.75,322.2865329203626,322.6460542062363,322.3342959096123,323.1848727205855,332.6246035994555,327.68,320.94
2017-09-19,4,329.63,342.3734303531775,341.03235405877217,342.3942524473397,342.7834741365935,343.5005741702404,344.72,343.81
2017-09-19,5,335.61,347.5760440346586,346.61657345156055,348.4642992895923,348.2567327231463,348.6166394969406,350.74,347.72
2017-09-19,6,337.4,350.5957805190683,349.4174139092705,351.6358041213664,350.91945476237333,353.00435368129814,354.46,348.06
2017-09-19,7,354.49,355.070657808814,355.3035664879934,356.7167140146972,355.06284346939213,359.8705500134613,361.88,353.99
2017-09-19,8,375.95,378.43693459455193,379.50584089992736,380.6490816666442,380.40645194705274,391.05260670036495,392.82,376.48
2017-09-19,9,406.88,408.83933883506506,409.7483479273753,408.36559973767646,407.0710467854877,405.4133764224042,416.59,391.4
2017-09-19,10,421.97,421.549787207863,424.42320228171263,422.56377259192976,421.2953759745806,415.6384350817166,430.15,407.15
2017-09-19,11,433.18,426.91143126821356,427.5357602857222,427.2640194297339,423.9562994962326,422.82946224841163,437.36,422.16
2017-09-19,12,439.82,434.2842332373955,436.68693329778984,435.0012750237846,432.9225241745903,427.9834409548292,444.47,425.83
2017-09-19,13,438.47,439.13485522834196,440.82931703731845,439.95570956661544,438.3697856142007,430.6328134881689,445.88,433.68
2017-09-19,14,443.13,436.2505409649804,438.05193801133333,437.23105922339374,435.08099257984594,431.1616338269572,447.31,430.8
2017-09-19,15,440.16,436.2505409649804,438.05193801133333,437.23105922339374,434.9947703605429,429.78831700610255,445.18,430.94
2017-09-19,16,433.12,430.35438413844037,431.086823172636,430.80184224307163,429.0011242290609,425.6356185936561,440.4,423.27
2017-09-19,17,424.46,419.4546486593309,419.7098788471458,421.02569588934944,419.22707602413567,419.0449381621126,432.67,410.81
2017-09-19,18,411.82,399.60652991323605,398.46289324192924,401.70630585713707,399.84887396674594,392.7511164244017,410.39,394.99
2017-09-19,19,390.75,388.87301075977183,387.91353905340503,388.74982694073645,388.2890107268686,382.5304527448594,396.71,379.49
2017-09-19,20,382.55,377.6718342819204,377.1989625334139,378.24061978145613,378.3778607760284,373.6505897949837,385.37,369.15
2017-09-19,21,367.5,365.878387593584,365.3285551139123,364.6908016006119,365.48252757160617,364.181515526554,371.75,360.8
2017-09-19,22,344.01,342.3433652127628,341.4380335409957,341.1112638221432,339.1065193242402,349.57862181915704,347.55,341.18
2017-09-19,23,337.79,330.40832788894187,329.5237332308474,329.98390056820176,328.1476863904133,340.28687782102514,333.47,329.26
2017-09-20,0,332.38,333.0982320713606,333.5152040835407,333.1170665933462,334.3514272071462,336.9584310256015,329.28,330.58
2017-09-20,1,335.58,330.91059998088286,330.0186511727858,330.9118819678043,331.72586204911846,337.10661602075857,333.41,326.68
2017-09-20,2,340.05,330.473025974681,329.8004460781692,331.14790442888494,331.019298562089,336.2954310554128,332.69,323.21
2017-09-20,3,331.12,329.4251303815182,328.2964164455537,329.6296220909498,329.3995126275821,333.86288701165523,326.41,316.75
2017-09-20,4,341.51,342.0633624371733,339.31115783074847,341.07120089264447,340.823108185246,343.9329286074053,344.41,329.63
2017-09-20,5,350.1,345.69045329787923,343.5991873945539,344.644792538398,344.38528148814015,348.1040814204252,347.36,335.61
2017-09-20,6,357.37,351.31065395771583,348.04895602021264,350.13982526665666,349.9161634401426,353.0913663711575,352.19,337.4
2017-09-20,7,367.92,361.8555328254134,361.1360178566322,364.1863615983752,363.32272518574933,361.65402170201605,360.6,354.49
2017-09-20,8,381.58,378.70335266981994,379.26844417439406,380.9383940079343,380.9586158254189,388.29347579330187,379.84,375.95
2017-09-20,9,405.29,405.7096649723426,404.6455160059502,407.01690762692414,406.27102933337846,401.63902479084857,396.11,406.88
2017-09-20,10,428.59,423.64861157599216,422.1843248805903,423.3552886719266,420.4847138438783,416.95986405185056,423.04,421.97
2017-09-20,11,445.14,434.1032687778126,434.3788159160856,434.52885856174106,433.2490417918029,425.1915881693004,434.09,433.18
2017-09-20,12,440.94,437.44004839593964,440.8360022611251,438.3160823250793,439.1443811098211,430.84869451393297,441.59,439.82
2017-09-20,13,441.44,438.0933095439505,441.61176262669574,438.33255314895973,439.68479386845996,434.1626851506683,447.51,438.47
2017-09-20,14,441.77,437.4140605137934,441.0057207138723,437.36095119141805,439.2352204530956,431.7174531363211,438.95,443.13
2017-09-20,15,450.03,438.2185460110697,441.0057207138723,437.36095119141805,439.2604347604428,436.056684570842,452.53,440.16
2017-09-20,16,440.41,437.40621771791837,439.26229139156436,436.1268202199307,439.80872188728176,431.92569376247326,447.61,433.12
2017-09-20,17,417.21,418.6184602523499,421.7076609104182,419.88854823661825,422.74071121599144,418.79806554921316,421.82,424.46
2017-09-20,18,401.18,407.22396352759023,408.85087307316076,407.43280772357195,409.74970490047906,398.0864431317772,413.27,411.82
2017-09-20,19,384.92,387.3286619598037,389.0526387034361,388.0167364935477,389.53737803706065,385.37667802669773,394.85,390.75
2017-09-20,20,371.02,383.3588457561478,384.1137986868976,382.78502980809066,385.2379171733172,378.8554699901909,388.96,382.55
2017-09-20,21,367.09,368.6834701044421,369.9942440805415,367.2394021422749,370.0018836194519,369.34663664568586,377.28,367.5
2017-09-20,22,343.88,342.8353835754417,343.84640661278144,341.7804823366552,343.3593883170399,352.39865116800337,348.2,344.01
2017-09-20,23,331.52,333.97994597803597,335.08555229925014,334.58292097594256,334.72335911424983,344.9507986197646,337.16,337.79
2017-09-21,0,325.89,329.5845577688461,328.7926131548433,328.67399914000407,327.95455126885815,334.42720855857715,333.95,332.38
2017-09-21,1,329.37,330.744848207774,330.30166329242576,329.09484815301346,329.623433270851,333.73971914769066,333.76,335.58
2017-09-21,2,326.96,333.7266355901225,333.8957379590284,332.67494255302785,332.27026013446294,335.3362063700871,336.85,340.05
2017-09-21,3,323.16,328.46688988636123,328.12976621865135,327.54977803611155,328.0698989595954,331.6033364967327,327.96,331.12
2017-09-21,4,336.04,342.7568729412883,340.4678202442815,340.9638943070224,341.8634254915048,342.3587733962519,348.49,341.51
2017-09-21,5,345.27,349.2857369643114,347.5687598406512,349.47637459365217,349.78459187116937,347.9972726070672,354.44,350.1
2017-09-21,6,347.55,355.433428579802,355.00376179450615,354.9248703926032,354.2424572152947,352.56571467493666,356.52,357.37
2017-09-21,7,362.39,363.29874267728877,362.7288470014822,361.297962814246,360.19157588041423,359.6278440736348,363.04,367.92
2017-09-21,8,395.6,381.519079065474,381.5724611491131,381.3923938520068,381.52102193606856,388.38328562353826,390.1,381.58
2017-09-21,9,418.0,407.37220482657256,408.5711090110904,405.4077701732,404.8229197284798,404.36040379433535,415.37,405.29
2017-09-21,10,430.64,423.15826675935705,424.87559210073823,421.48897311586524,421.4389967704217,416.2537270893443,430.94,428.59
2017-09-21,11,438.22,433.0822613179383,433.6873900344447,433.1322559730492,432.91882813942533,426.37105515212113,445.24,445.14
2017-09-21,12,441.05,438.18895274703226,439.10735339132555,439.64189977601393,437.6465420744619,431.52256769865886,454.73,440.94
2017-09-21,13,446.02,440.2664208654404,439.8452592572385,439.6506885642327,438.04051955037255,432.04537790789925,452.87,441.44
2017-09-21,14,448.26,440.21355559456737,439.8694403156368,439.90469788705315,437.62890686572393,428.0465784063898,441.61,441.77
2017-09-21,15,443.79,440.21355559456737,439.8694403156368,439.90469788705315,437.6756969900708,430.9883925155909,448.16,450.03
2017-09-21,16,435.97,435.4997972809101,436.4743327218666,434.86042557552787,435.92416412402025,423.1271354494991,434.38,440.41
2017-09-21,17,413.48,418.69754563618943,420.2454704624826,418.743608790742,417.97367108448304,415.81922943543924,428.06,417.21
2017-09-21,18,406.55,400.8817700205961,401.91982541288127,401.62263419472197,400.7600985882589,392.2435980870823,413.16,401.18
2017-09-21,19,387.65,384.18442943859094,385.2389800649842,384.22432982275586,384.2761631567663,379.7516875787445,393.84,384.92
2017-09-21,20,368.64,377.8205910940997,377.3438655701357,377.35852401916304,377.53219854678133,371.3065187225647,384.71,371.02
2017-09-21,21,358.97,364.12884332907674,364.7203998629411,362.57001859954494,363.26969377843494,360.76601243169904,366.98,367.09
2017-09-21,22,337.16,342.08916953936404,342.54870767246445,341.9321123877331,341.4055032480222,345.4442914061865,342.02,343.88
2017-09-21,23,333.0,329.9993374612514,329.073187710159,329.30070654263096,328.11076404923375,336.9875075719995,330.24,331.52
2017-09-22,0,329.86,327.3377416145839,326.2997488873417,327.57066092859367,328.1881540358503,328.1135771052588,324.75,325.89
2017-09-22,1,331.07,331.2773960289342,330.94199629542425,331.51823306820324,331.8171148978955,329.74377024246667,330.47,329.37
2017-09-22,2,327.51,328.11844476606876,328.0479639132068,328.5889614304699,329.28790383117905,329.72903722461456,331.49,326.96
2017-09-22,3,324.44,327.63068315298193,327.4792976389186,328.2715372200927,328.4096102196548,327.97197305820464,326.15,323.16
2017-09-22,4,337.05,338.9082701745829,337.2619897341115,338.5274668508919,337.5052249323028,337.1206533239909,341.77,336.04
2017-09-22,5,341.99,349.03459188154255,348.2167764855983,349.58047770996706,348.50211952522625,344.59772997204476,352.28,345.27
2017-09-22,6,347.73,348.4764290134149,347.32775563059096,349.03584086783013,347.88360429478064,347.0085496934116,350.3,347.55
2017-09-22,7,354.0,364.8333779344788,364.49471074872736,363.3408253370537,362.0821144895875,359.7313460055814,370.15,362.39
2017-09-22,8,373.95,384.7066588746992,384.38529411463895,383.9705873962496,383.1487052878279,384.9918063766025,382.12,395.6
2017-09-22,9,390.87,398.12184760018795,397.3892233985238,397.1006857358851,396.9550100109573,398.382640038891,401.1,418.0
2017-09-22,10,412.88,414.45891120070974,416.64560540105697,411.4524989217103,410.20394894326716,409.5253136515796,417.97,430.64
2017-09-22,11,429.63,423.9085576741921,424.78025257284446,424.0305421046578,422.47636702366907,415.86141930979977,425.22,438.22
2017-09-22,12,430.79,427.7846791644594,429.1538674966637,428.12980727104343,428.7620021709865,417.07617290147084,422.39,441.05
2017-09-22,13,431.08,428.76955648659634,430.1771839870982,428.78683676570415,429.55307054557403,422.17561533001714,431.0,446.02
2017-09-22,14,432.78,428.79853235013394,430.0556996494669,428.2198312594214,429.4012109473408,424.00698000811457,434.23,448.26
2017-09-22,15,424.85,428.79853235013394,430.0556996494669,428.2198312594214,429.1370599098888,422.62056232328393,433.46,443.79
2017-09-22,16,413.75,422.92905322245525,423.4403337746667,423.4940499790932,425.7465704053563,415.25026895828165,420.4,435.97
2017-09-22,17,392.75,396.64821241758466,396.5431005195994,395.923215152229,395.5134298039111,402.5495894504507,399.92,413.48
2017-09-22,18,372.26,381.12034304349703,380.5037802012792,381.4346790656201,381.9019083320637,382.6884942962564,391.96,406.55
2017-09-22,19,359.14,375.98759978060997,374.89539400628433,376.1247780960971,375.6623284586007,373.34356916825135,381.58,387.65
2017-09-22,20,365.38,368.8225203264127,367.26471568311155,367.1760638387003,368.6074096975784,366.56319226483737,378.31,368.64
2017-09-22,21,362.22,359.2482303546835,358.9971761212037,359.21906170575875,357.9251452306505,357.3887635678275,365.86,358.97
2017-09-22,22,338.02,335.6540073616181,335.3965585171029,336.47773946938725,334.93183963840204,341.7590235458459,339.68,337.16
2017-09-22,23,328.89,330.9037706752352,330.97166203869307,331.55542429122613,330.8091423146711,335.9949755244878,332.37,333.0
2017-09-23,0,328.22,325.4864528640136,326.4564971603783,326.19830162765743,326.2562667176229,320.98976015511874,329.6,329.86
2017-09-23,1,326.1,324.5135347774903,324.7690507906447,325.46790679937317,324.5732679774728,317.75607048714545,323.47,331.07
2017-09-23,2,324.93,321.86767797839985,321.96610036784216,322.7169082777117,321.75675801371676,316.4756741571664,321.6,327.51
2017-09-23,3,319.01,322.804856683534,322.5019879715803,322.90531801976925,322.62119814460186,315.1650255317945,317.22,324.44
2017-09-23,4,324.36,329.6526444319513,328.69073588708096,329.8164792934446,328.31421930114436,320.60315461137253,323.35,337.05
2017-09-23,5,326.22,334.43653166326607,333.7979700059577,335.31600714259054,333.7178763385389,324.70422039481974,326.45,341.99
2017-09-23,6,337.74,338.39611987972023,337.9106928295296,339.2544821180576,338.7294179033687,331.56220661107267,334.92,347.73
2017-09-23,7,341.33,341.8809165976117,341.80268687030224,342.5270856084456,342.027772202937,336.51364784677327,337.28,354.0
2017-09-23,8,344.54,342.782705686971,342.6087616635168,344.56750038265,343.5468815573335,343.3590055394544,339.92,373.95
2017-09-23,9,347.55,350.2626742912262,349.86642115163124,351.1972562222302,350.0357788933417,349.7314907182947,342.4,390.87
2017-09-23,10,349.26,352.38129276499063,353.1863560950794,353.1755716350477,353.4846423464842,357.64014491571186,348.03,412.88
2017-09-23,11,350.4,355.0747424513939,355.0728965391918,354.4899284983056,353.4736681448489,363.9036378547041,352.27,429.63
2017-09-23,12,350.18,359.57533477472504,358.9675540322691,359.90608483039523,359.50078492244694,367.5461031076763,356.19,430.79
2017-09-23,13,349.88,363.70143674461974,363.85229242683005,364.3943196991794,363.68699164698995,372.6382205521669,366.17,431.08
2017-09-23,14,348.07,362.55533419037477,362.03850648509075,363.2664464926766,363.40539956310135,372.68971810694427,364.93,432.78
2017-09-23,15,344.72,362.60866495292146,362.2337033167737,363.0612874097186,363.5485504305872,371.02298737442334,364.46,424.85
2017-09-23,16,350.56,361.96103149168425,361.7658109430923,362.8807145585787,362.6370980100666,369.440226377049,367.34,413.75
2017-09-23,17,339.42,353.6591030954316,353.0835333641633,354.5332241882327,353.87542726801524,358.9042367591638,351.99,392.75
2017-09-23,18,335.25,349.3978139754425,349.4758811955235,350.6071355263167,350.39064697329525,351.3466486762513,345.7,372.26
2017-09-23,19,334.15,343.75638219436115,343.9424086683034,346.04535859529585,343.67870103234605,345.81295771930957,343.42,359.14
2017-09-23,20,334.65,342.84087277979927,343.23531759137234,345.66599514911024,344.60814461232815,342.94997693375484,342.61,365.38
2017-09-23,21,330.73,335.71743095162606,336.7081578808956,338.1334381247285,337.9764351586809,338.2153995743617,339.68,362.22
2017-09-23,22,322.26,327.00118730313676,328.7936313580626,327.6559820564816,327.8411314535518,329.27881703618914,331.56,338.02
2017-09-23,23,320.7,323.99631914851665,323.52667800622976,324.01056643472333,324.1815483473013,322.650518820876,323.56,328.89
2017-09-24,0,315.63,316.03835805106195,315.6064723383425,317.25059848063586,313.89870781564923,309.66047189698867,314.77,328.22
2017-09-24,1,315.57,314.2858292519239,313.6092029536893,314.77096221119393,312.40851442541594,307.9594389284592,313.65,326.1
2017-09-24,2,319.76,314.236672365962,313.6852071839321,314.7899895349077,312.15585595884886,307.5551575666425,313.35,324.93
2017-09-24,3,316.78,312.5786804191656,310.89123817415197,313.29021818601717,310.75827166218437,307.2290566027432,312.41,319.01
2017-09-24,4,327.45,319.8600700240571,319.1655139405577,320.35320041119996,317.16855694420775,313.98232200343824,324.17,324.36
2017-09-24,5,328.04,325.94845978473114,323.1220348296495,324.65892901248986,320.56392089195475,317.1704986894474,325.86,326.22
2017-09-24,6,334.57,333.99845617766806,331.71707810749206,333.4627120115745,331.36825431644417,324.49800516894163,333.79,337.74
2017-09-24,7,338.9,340.29049113576343,338.334169497348,340.0608240999195,339.64753128668184,331.15094207031166,341.36,341.33
2017-09-24,8,341.55,339.2158104250924,336.55174645476785,337.91440914223773,338.99292262734474,334.0010707844646,338.75,344.54
2017-09-24,9,337.99,342.83914477828307,340.4980493034732,340.90360729772726,344.09183757705046,338.6791728791361,341.06,347.55
2017-09-24,10,341.61,349.8649554703814,348.9401738281273,348.817142510736,350.5433563459898,347.07963876296105,354.11,349.26
2017-09-24,11,343.45,348.9078044711405,347.8909224083192,347.8841801543156,350.33905585979346,348.0609001860047,349.41,350.4
2017-09-24,12,344.1,352.25527748318876,351.40481913589605,355.08315914545466,354.59532492544184,353.92517335515873,359.46,350.18
2017-09-24,13,347.19,352.77709130960676,351.6904013108537,355.06963820734995,354.6709805328564,355.2055266854327,359.73,349.88
2017-09-24,14,350.71,355.3455931846373,355.67926230902356,358.5812048806046,357.61402207479017,356.8289157210277,363.59,348.07
2017-09-24,15,347.29,356.59851117314446,356.4069305438849,359.870400629842,358.1950834089254,356.9223215470259,366.25,344.72
2017-09-24,16,349.13,354.701083582955,355.7299865278793,357.3587549967626,357.1046353736221,355.5192895926893,364.42,350.56
2017-09-24,17,337.72,344.9474945985031,345.2075800956895,345.53751753607673,346.7217152646866,346.3845611083981,349.68,339.42
2017-09-24,18,332.3,344.007822085205,344.19422002235956,344.638732748249,345.79078692421257,343.30178958941724,349.99,335.25
2017-09-24,19,331.15,341.69805508612416,339.95486846661026,340.60431723634395,341.43239963900817,337.637493793407,343.72,334.15
2017-09-24,20,328.0,337.88182134299086,337.6197644192183,338.3169464068755,336.6044716313591,333.4248572873756,341.18,334.65
2017-09-24,21,326.08,335.51694330815883,335.10298321873887,335.74528370907973,333.97993960695845,329.67181826534335,341.04,330.73
2017-09-24,22,316.21,320.2280643252169,318.66564264547674,318.87124451480275,316.3925458444501,319.0597630331057,323.83,322.26
2017-09-24,23,312.23,318.5057653068267,315.93450917196725,317.74154375049056,314.9028448120565,315.6421233557619,321.86,320.7
2017-09-25,0,312.81,314.12601849811875,315.4447306074672,313.6525952637502,313.8211517531301,317.90206407148804,319.44,315.63
2017-09-25,1,315.05,312.9010501608551,313.2894343608584,313.9721837322268,312.9923631453444,316.287193374994,317.93,315.57
2017-09-25,2,316.52,314.46560552368754,314.81785543464315,315.06320904340515,314.13055549277414,317.36723305797057,319.85,319.76
2017-09-25,3,312.13,313.0541092138352,313.4654661114986,313.61018705201803,312.95891742882964,318.167917748241,320.94,316.78
2017-09-25,4,334.53,335.4993081107424,337.3256866827129,339.06266783678115,339.6981489847701,329.84094904729534,343.81,327.45
2017-09-25,5,337.3,341.6913376161852,341.39690040687566,343.7781109121558,339.97402801162355,333.73624780137436,347.72,328.04
2017-09-25,6,342.64,343.5668820662748,344.54457803795856,345.40614892780513,342.14626833811263,337.540249267929,348.06,334.57
2017-09-25,7,349.12,347.8563626828217,348.62264658117033,350.5437381075369,346.3045055038521,343.6466583406552,353.99,338.9
2017-09-25,8,362.73,367.7904402072643,367.1873395533035,368.4770036248986,363.569952109295,370.53297158382037,376.48,341.55
2017-09-25,9,381.1,379.6695987981364,379.80862551920836,381.40308551302576,375.92272568830015,379.31854633432323,391.4,337.99
2017-09-25,10,396.95,390.6153228990037,391.8749635123421,397.3864278188643,390.00365898735436,388.99236900484533,407.15,341.61
2017-09-25,11,409.47,401.74827393235563,405.1953213992917,409.79918023714015,404.09019807694557,397.6843761672143,422.16,343.45
2017-09-25,12,423.27,402.55440654727875,405.6396556747518,410.6184302272964,406.486626331701,401.1887830969004,425.83,344.1
2017-09-25,13,437.59,410.6278013804941,412.95711237933807,415.4136430448559,411.4445543327628,405.80518642720136,433.68,347.19
2017-09-25,14,436.92,404.2081537917609,409.1661453337565,413.4481557083866,409.86648542036244,405.4539041442755,430.8,350.71
2017-09-25,15,432.93,404.6937501067198,409.3433836275777,413.4481557083866,409.86648542036244,404.5687128588648,430.94,347.29
2017-09-25,16,431.62,400.4658248120083,402.69400838648926,408.97813440149196,403.8938722151063,400.4395464576537,423.27,349.13
2017-09-25,17,405.35,388.985410010197,391.91068474936327,399.7564590838934,391.1901742826808,392.15697787130125,410.81,337.72
2017-09-25,18,386.2,379.3679536908071,378.262379876912,380.7777318595475,378.3058168417541,368.2972128127585,394.99,332.3
2017-09-25,19,378.94,370.3130666016639,370.44499296349034,370.33135765500623,368.71223646565056,359.05638216032395,379.49,331.15
2017-09-25,20,364.8,361.7047181329958,361.26936162438903,361.2466592812022,357.03278610167456,351.3953221073614,369.15,328.0
2017-09-25,21,349.59,350.0242088531874,349.15189033721845,350.15117239027086,347.66741303859214,344.69887910685577,360.8,326.08
2017-09-25,22,332.29,337.8433891668129,337.99313682781434,336.85624246614685,335.00076470124895,332.98564305684033,341.18,316.21
2017-09-25,23,325.48,324.778639845617,325.74047194863385,324.61264239284066,322.6277098676812,325.4298004773684,329.26,312.23
2017-09-26,0,323.72,322.4527816245329,323.13530614555583,322.3561929029375,322.4456991743896,324.8609158179378,330.58,312.81
2017-09-26,1,328.03,321.73570016764586,323.1821072838794,322.4090100935525,322.2106680663603,322.596208030585,326.68,315.05
2017-09-26,2,327.0,321.863185018451,322.5025544003989,322.1588425467455,321.35082224505,321.2751197108044,323.21,316.52
2017-09-26,3,326.13,321.45081858435736,321.63053793841414,320.8584874771098,320.70273498655223,318.99287023122156,316.75,312.13
2017-09-26,4,333.95,334.60109663008114,335.1288931071586,333.79300064741466,333.2408652944959,328.18466911349736,329.63,334.53
2017-09-26,5,338.44,338.6372646584505,337.7866710883922,336.9331887569091,336.96906099171304,333.13862432918165,335.61,337.3
2017-09-26,6,348.35,344.7894314749074,344.3975774552137,343.73162937110317,344.55385967904454,337.3639413028132,337.4,342.64
2017-09-26,7,360.57,352.30418106221066,352.16183093225044,352.2705282054462,352.57864609818347,348.0392407149852,354.49,349.12
2017-09-26,8,378.67,372.42133474694384,373.53196138743675,374.11217208337285,374.3148804256695,375.675781994741,375.95,362.73
2017-09-26,9,404.81,400.10564048963266,399.25013613325905,398.0990281051912,399.1698615843495,393.2317033631919,406.88,381.1
2017-09-26,10,414.86,415.0713373039254,414.8637965877193,416.0462067946797,416.69360841300823,404.0862037870349,421.97,396.95
2017-09-26,11,421.94,422.2901092312181,420.2341358781044,423.9187753956421,423.05714431535927,412.5615101121204,433.18,409.47
2017-09-26,12,422.54,428.10353613937656,426.7232116295909,427.7383400065957,426.1722087152497,418.7580632118181,439.82,423.27
2017-09-26,13,428.89,434.92643995996787,433.93333030606925,435.34242995719706,433.62277407536874,421.1336264539203,438.47,437.59
2017-09-26,14,426.44,434.96227853501614,433.6811633011974,435.5964392800175,433.67328643021136,423.2019506851886,443.13,436.92
2017-09-26,15,423.61,434.7964608151385,433.6811633011974,435.16652818595645,433.430711209759,421.04367880060545,440.16,432.93
2017-09-26,16,420.03,429.9418857197019,427.7750269563251,428.65741920533634,430.0340250900195,416.7851185734043,433.12,431.62
2017-09-26,17,415.5,410.0309851170534,410.85390053558746,410.73954839195915,411.26012925531904,408.2222308483027,424.46,405.35
2017-09-26,18,398.5,399.5414698844971,398.75579146104246,397.5747010998243,398.88693119628965,384.11583509668685,411.82,386.2
2017-09-26,19,382.67,381.2261551064193,381.8933156536358,379.8769917097868,380.9280894505204,372.0022239116907,390.75,378.94
2017-09-26,20,368.53,374.65710319766356,374.24473398692,373.297740801962,374.45076829483503,363.87719986162426,382.55,364.8
2017-09-26,21,350.17,356.4370496669917,356.7155073465819,356.9182017130499,356.91013986072534,353.02795008018063,367.5,349.59
2017-09-26,22,328.27,337.6713571381769,337.23286845840914,336.30187284519513,334.838305409778,338.946750499025,344.01,332.29
2017-09-26,23,322.7,329.5821845812001,329.32418303413164,328.8647485347379,326.97682862779607,333.26618105643536,337.79,325.48
2017-09-27,0,324.22,322.0989688633673,321.5699466289652,321.41230080434434,322.1423212461858,328.3650689678051,332.38,323.72
2017-09-27,1,321.28,324.7946480407854,325.7132285391289,325.6425329840062,325.98585457136124,329.09153928505714,335.58,328.03
2017-09-27,2,321.35,328.5227569297493,329.2129592516336,329.6390114811919,329.81043158127727,330.548673653756,340.05,327.0
2017-09-27,3,319.17,321.37273113576674,321.861763063018,321.1774648660539,322.5747511340477,327.7264775808934,331.12,326.13
2017-09-27,4,324.8,335.38683174874643,335.32756279985693,334.65582744956663,335.53052469189544,334.2405152290307,341.51,333.95
2017-09-27,5,335.85,342.2261780869087,341.2028284022418,341.68389460429097,342.73966887920596,340.4069226185437,350.1,338.44
2017-09-27,6,342.97,349.8811084108287,350.5554401824702,350.48207961189735,351.0257859757568,347.28971362834096,357.37,348.35
2017-09-27,7,346.32,359.2884461709842,359.68655822989405,358.26867669408443,359.13999037621466,356.1107192805944,367.92,360.57
2017-09-27,8,359.21,375.02737560955967,375.8435266900527,373.6527885363106,375.7274360227597,381.2267379272436,381.58,378.67
2017-09-27,9,382.96,395.9805690730285,396.58788766042676,396.4561440795314,397.1996124835397,396.9035037767049,405.29,404.81
2017-09-27,10,397.78,418.0948574711939,418.33925015933164,416.84184352145286,418.87408232021494,410.2497601449238,428.59,414.86
2017-09-27,11,414.11,424.2982963040988,423.88718554294377,422.6266555270606,421.9832404801037,420.1489394046653,445.14,421.94
2017-09-27,12,425.73,429.36661114492404,429.38372241981256,428.40611494400287,429.33526464389934,420.5981216166402,440.94,422.54
2017-09-27,13,438.54,432.7505254845868,432.12509717292534,430.7487661241938,431.63765389262903,422.7499065872614,441.44,428.89
2017-09-27,14,425.46,432.446835706514,432.3353406980809,431.0681205245139,431.65258059787897,422.9326477288432,441.77,426.44
2017-09-27,15,433.62,430.3205872520172,430.2613939951681,429.2582943127962,429.9402757784834,425.25316808374157,450.03,423.61
2017-09-27,16,423.37,427.0448543291811,429.0554889324832,426.72967453899594,427.03101831013845,419.7287002746403,440.41,420.03
2017-09-27,17,403.65,410.45460035229314,411.15246186902215,411.6162289257047,412.50866462401615,408.09962806950665,417.21,415.5
2017-09-27,18,391.47,394.9577079391188,395.2369207565507,394.3868230574857,395.64594941129286,382.9662777852667,401.18,398.5
2017-09-27,19,377.47,382.48743628910796,383.36906121048526,382.52432918031235,382.62078427166114,371.70483607156564,384.92,382.67
2017-09-27,20,371.77,366.7711361031079,366.78712375936027,365.3286635852841,367.8534852503632,361.3757666028339,371.02,368.53
2017-09-27,21,358.96,356.2150006470737,357.0351244288243,357.08542268088826,356.9834447152722,354.4577270221341,367.09,350.17
2017-09-27,22,340.68,337.16331900875406,335.64770809795925,337.12165754627205,337.75293515484003,339.94474595381996,343.88,328.27
2017-09-27,23,331.02,324.51593044038907,323.444697691968,324.3928102342803,325.2572122862334,332.0366749605039,331.52,322.7
2017-09-28,0,331.01,324.4509281857804,323.906391789196,324.2869751341538,324.5767535226074,325.8038241583618,325.89,324.22
2017-09-28,1,327.57,323.46175431581975,323.4483747582627,323.81805240046674,324.4141133520333,325.795350498021,329.37,321.28
2017-09-28,2,323.63,322.9229492333596,322.8575103500314,323.3514421761683,324.1069741667784,324.73008619777937,326.96,321.35
2017-09-28,3,320.47,322.6156098605817,322.05309013958555,322.98508715362067,323.081183351671,323.74579122699583,323.16,319.17
2017-09-28,4,328.84,332.4654591843692,330.2129134541191,331.16162201841564,330.9821557678601,330.9712583027821,336.04,324.8
2017-09-28,5,337.23,342.13861343258685,340.8536277053386,342.03236030921715,342.21309257985365,338.16091211157976,345.27,335.85
2017-09-28,6,335.1,347.3354506535776,347.06855740200206,347.0978831060624,348.08592924403894,342.7866936886724,347.55,342.97
2017-09-28,7,348.96,354.7627897691774,354.6331800492818,356.38067606865116,355.52340814331234,352.2219503822894,362.39,346.32
2017-09-28,8,375.64,380.3962498102867,379.2214207668177,379.47527565805603,379.09862753439336,383.92974979151285,395.6,359.21
2017-09-28,9,397.09,409.77442644353613,408.9068712994632,407.3156932155709,408.2980211029284,398.8125598220529,418.0,382.96
2017-09-28,10,416.74,418.38574680968003,418.1197588177475,416.77604019904317,418.3219991679105,408.589177561251,430.64,397.78
2017-09-28,11,424.85,428.306714393662,427.62966787119984,428.64090444809193,427.3976876311071,416.0982270152697,438.22,414.11
2017-09-28,12,434.34,433.42300651421726,433.0813076077788,432.82067613262655,430.86933430913496,420.55329542444304,441.05,425.73
2017-09-28,13,442.23,439.4860210996579,438.98330486977983,439.4825218447247,437.7750824803286,425.1842517231843,446.02,438.54
2017-09-28,14,439.77,433.45423960637595,433.50488961126484,433.14771256860826,430.97216161389275,424.8457340753579,448.26,425.46
2017-09-28,15,434.21,439.15172082834175,438.76977384884725,439.4315997545499,437.45000727106896,423.5278880636121,443.79,433.62
2017-09-28,16,431.12,429.9170581739034,430.2372008692995,428.3989251102074,428.3880711113165,417.9087160866877,435.97,423.37
2017-09-28,17,420.92,406.7708423496641,407.987220832359,407.0222036823124,406.27733016267297,404.7630653555887,413.48,403.65
2017-09-28,18,400.31,395.17225356767085,395.2604836768271,395.3071672370466,395.55506049316097,384.06807127092134,406.55,391.47
2017-09-28,19,381.37,382.46386432008904,383.4613265105026,381.4683917608495,380.9270010965974,372.00217216841594,387.65,377.47
2017-09-28,20,363.46,370.70554424797314,370.6418398894355,370.78108683328827,371.1340341447892,360.6936045898942,368.64,371.77
2017-09-28,21,356.98,355.4218006083091,357.4306485432879,357.38055540610657,356.90646109082064,352.2145833759133,358.97,358.96
2017-09-28,22,336.27,340.3916418060146,341.3001265038051,339.6035046695916,339.56402138747944,338.67693525935357,337.16,340.68
2017-09-28,23,331.7,329.1702546241795,330.2150617322113,330.81130320832494,330.6538195998161,333.4683463377283,333.0,331.02
2017-09-29,0,328.39,331.1614774865586,329.5510252304971,330.4259600540172,329.17113437913235,327.833046819137,329.86,331.01
2017-09-29,1,328.04,327.9096951473317,326.9574043641775,326.85570000468465,327.9296010872881,326.8918811541052,331.07,327.57
2017-09-29,2,323.68,327.3094866121469,326.3887380898893,327.14986839014773,327.1058548713167,324.913816236839,327.51,323.63
2017-09-29,3,314.47,325.4922272272831,324.81706672477094,325.31563475556624,325.6546617549183,324.099852155605,324.44,320.47
2017-09-29,4,324.96,335.5338056312169,333.4153167940002,335.29464998090265,335.3774843057558,331.5458334800617,337.05,328.84
2017-09-29,5,339.59,340.2313878681304,340.30514560349684,340.6814701661184,341.42571097478896,336.7648119926413,341.99,337.23
2017-09-29,6,337.82,343.1830572939516,342.68043267287163,343.3050204766368,344.5431425033554,341.6409469787075,347.73,335.1
2017-09-29,7,349.76,351.8668850584407,351.21835546036397,352.0843285093458,352.1532234114187,348.9976878078374,354.0,348.96
2017-09-29,8,371.63,374.007405120914,372.2346253113027,374.2398872044693,374.1094453114076,377.04702791211537,373.95,375.64
2017-09-29,9,391.72,390.9499397251574,390.79947749786464,393.08744582275006,391.71982151068903,389.5371364564214,390.87,397.09
2017-09-29,10,403.14,410.51992577555313,410.3131435063872,411.88006074602623,412.41054637239716,403.5028837576179,412.88,416.74
2017-09-29,11,423.14,417.2952853220644,416.3728299730741,416.33308008955106,415.1398531866273,413.58759017300764,429.63,424.85
2017-09-29,12,429.19,427.7059573561616,427.07951879399553,428.1992321420402,427.76204497507274,417.14198527894973,430.79,434.34
2017-09-29,13,426.19,427.4960682200228,427.45157952949813,428.63682527176286,427.85112352156557,419.3797775816399,431.08,442.23
2017-09-29,14,435.61,426.96195821304923,426.62293474300856,427.96556527163887,427.4143675915152,420.07819838701175,432.78,439.77
2017-09-29,15,434.19,425.932441292488,425.93729157964066,426.8874134711359,426.7665485944645,415.8043956421471,424.85,434.21
2017-09-29,16,416.92,411.15087430063977,410.5647779740105,411.08013276830303,412.57597137189833,409.7565736087788,413.75,431.12
2017-09-29,17,397.12,394.15147916273725,396.6520084056645,396.09508335311585,395.97210775005396,398.30583190307954,392.75,420.92
2017-09-29,18,380.29,377.9106025826782,377.8327389278433,378.98361001010267,377.1392913586485,371.52453651654946,372.26,400.31
2017-09-29,19,372.25,364.53223811746227,364.0796073976897,364.26738408022715,363.32108404322986,361.11346234031225,359.14,381.37
2017-09-29,20,374.05,362.60194976329416,362.7857341082748,362.2309101127389,361.61293383667993,358.13584478616957,365.38,363.46
2017-09-29,21,357.73,355.4641298727147,354.26328927013463,355.01546491693733,353.58457500140037,352.9221084773473,362.22,356.98
2017-09-29,22,332.86,335.00132205733024,333.45572149437874,333.9657291449797,332.9849743900745,338.1774310627569,338.02,336.27
2017-09-29,23,326.97,330.58762209628014,328.62375678237777,329.6753506281479,329.3364531360396,331.6493413865292,328.89,331.7
2017-09-30,0,324.55,325.95357735959976,325.5416013101753,326.60599636522977,326.58630675754375,320.10007313149373,328.22,328.39
2017-09-30,1,320.7,322.9057889980913,323.11808282086776,323.5040175345325,323.3698989942726,318.24190303182326,326.1,328.04
2017-09-30,2,317.55,322.8844490140762,322.9542072745972,323.3218025960243,323.1046919310038,317.14567339026894,324.93,323.68
2017-09-30,3,311.09,321.71013999098534,320.60955616661965,321.96628285055334,321.069413929911,314.5233955489362,319.01,314.47
2017-09-30,4,320.04,328.2265096206514,326.88421985205383,326.3227592647819,325.66320100825544,319.4153624795999,324.36,324.96
2017-09-30,5,317.79,334.1223175172414,332.9618826119118,333.4406522811915,332.8425195688933,324.180165170302,326.22,339.59
2017-09-30,6,328.27,337.2794430730732,335.67602203338083,336.40687695459536,336.34796772488505,331.33519493003956,337.74,337.82
2017-09-30,7,332.17,343.0355274541383,342.5986014620715,343.1485738321125,343.1863140224919,337.4284833270099,341.33,349.76
2017-09-30,8,331.24,348.9184813865159,348.6183932666774,348.38832631411924,348.3534492953748,344.7170960997154,344.54,371.63
2017-09-30,9,331.02,351.4676367799135,350.9967894312911,351.16502229586183,350.66011984953775,351.66260142856225,347.55,391.72
2017-09-30,10,339.43,354.9801797263444,354.43759758627624,354.25442768212,354.7078659049492,356.802493652407,349.26,403.14
2017-09-30,11,346.49,353.51469484115995,353.6313566573195,352.0418327292226,350.65839007873234,362.2418456955652,350.4,423.14
2017-09-30,12,346.07,356.9790289274131,355.547170759489,355.7454729325525,355.89916469789625,364.8503467772141,350.18,429.19
2017-09-30,13,348.4,357.2910859237109,356.85554016407286,355.8185000457138,356.4225913259094,365.571167333635,349.88,426.19
2017-09-30,14,349.03,355.850340884506,353.73713698393493,354.06546885706524,354.75843762295773,366.3030454155146,348.07,435.61
2017-09-30,15,347.41,355.46672967081514,352.9144691043757,353.300602697619,354.1688773916538,364.2819318039301,344.72,434.19
2017-09-30,16,346.98,355.1105101910247,354.393482052446,354.0698270586495,354.3491410505948,363.11303214813375,350.56,416.92
2017-09-30,17,340.05,347.1276975644757,346.3923013359442,347.8290769065091,347.19577472780554,354.3434405152468,339.42,397.12
2017-09-30,18,337.6,345.348109475231,345.43256514864885,345.03748883519097,345.59800724938606,348.03541635990206,335.25,380.29
2017-09-30,19,331.9,340.49687617771707,341.18340624502827,340.06929566174944,339.5360588593006,343.55694503586693,334.15,372.25
2017-09-30,20,330.68,340.1127921847272,339.73217207509794,340.41892195209095,339.98005303185187,340.6813231137652,334.65,374.05
2017-09-30,21,329.19,333.0098376394623,331.38649830579726,331.65065540124965,330.0080201298976,334.02029990234576,330.73,357.73
2017-09-30,22,317.96,326.21822850448484,325.6933562698744,325.6233109426855,325.6571638161401,324.875998418888,322.26,332.86
2017-09-30,23,312.42,322.9845544596113,321.12584457823743,321.9121272802596,322.45848406196933,321.12734146368524,320.7,326.97
2017-10-01,0,314.2,316.21490850652293,315.65562918761196,313.8748224584968,314.738757344264,308.10454114204316,315.63,324.55
2017-10-01,1,312.26,314.1728381158786,315.03304678041377,313.50942947639135,313.97787850001106,306.63423486442707,315.57,320.7
2017-10-01,2,311.08,312.2266252857623,312.9222007122287,311.52906436267773,312.5262808887486,307.75624763499354,319.76,317.55
2017-10-01,3,312.81,309.47392165496166,311.5136485097902,310.707311059914,311.1237919649029,306.59703633370464,316.78,311.09
2017-10-01,4,322.47,321.828075851956,322.1787190679988,321.34490611787066,321.62572369127537,313.3672499789585,327.45,320.04
2017-10-01,5,321.64,325.1604106138278,323.725684002812,323.3718111940644,323.27925049523947,315.6557390793311,328.04,317.79
2017-10-01,6,333.31,331.32089158471285,330.64304553689846,331.2599283847463,331.1882622079417,322.32258459718275,334.57,328.27
2017-10-01,7,338.7,332.6245737905172,332.05760194059917,333.1764245182132,332.02333747561215,327.7556442658674,338.9,332.17
2017-10-01,8,338.44,336.8938294075829,336.2081044873605,336.5947367980632,335.5524712269239,332.1436827730946,341.55,331.24
2017-10-01,9,336.21,333.1579842034386,332.40022105083193,333.7328199131902,332.77677520622234,334.15641375389305,337.99,331.02
2017-10-01,10,341.43,337.087635274697,337.68841884202857,338.3524771697432,337.03745549069413,339.6785087079678,341.61,339.43
2017-10-01,11,346.17,342.83629844704467,342.5470229717285,343.3029438398228,343.34842467359687,343.8632282021689,343.45,346.49
2017-10-01,12,353.07,342.1380369349631,341.53541201454686,343.8361408103246,343.15166582652967,346.0439634160658,344.1,346.07
2017-10-01,13,353.72,345.10747434389526,344.33170672546186,345.57199128720885,345.05827414067437,348.70018222234364,347.19,348.4
2017-10-01,14,358.88,346.30788669473554,345.92514114048356,346.89463498198836,346.10038213303756,350.45652462330094,350.71,349.03
2017-10-01,15,360.21,345.2768233033091,344.6903115882605,345.9790797275029,345.5807878106575,348.38244608772305,347.29,347.41
2017-10-01,16,354.41,344.9358119449466,345.3535655465106,346.2588200718848,345.79530965330525,347.6461726769435,349.13,346.98
2017-10-01,17,348.66,335.95158962203254,335.75409177375604,336.45408609299756,335.4430940991722,340.28540887976396,337.72,340.05
2017-10-01,18,344.79,332.93611643321265,332.8173257327193,332.5505071865101,331.69866932681015,335.1856008006393,332.3,337.6
2017-10-01,19,339.37,332.305768918947,330.80169079591116,330.9487722195879,330.7685761740125,330.96352285160765,331.15,331.9
2017-10-01,20,334.53,331.63647549543924,329.7030190975848,329.8593958008716,329.5223686155671,326.3219467773529,328.0,330.68
2017-10-01,21,335.1,328.3363512635711,327.3939021389784,327.08686155996827,327.03696277688533,322.1813084314135,326.08,329.19
2017-10-01,22,324.11,315.46993380624673,315.2532457946539,314.41571172434993,314.19696641473644,314.10287658495446,316.21,317.96
2017-10-01,23,316.9,313.6315663489178,313.59304671000115,313.53315467060804,312.8980256463065,309.4621506248379,312.23,312.42
2017-10-02,0,315.27,317.7402440437032,318.5502852062211,314.37969843190774,316.4097889234167,320.60144672925355,312.81,314.2
2017-10-02,1,312.24,316.2783575641727,317.560182358864,314.07823966416834,316.0537856307859,320.24218668970315,315.05,312.26
2017-10-02,2,311.9,316.22627247905467,317.3014135528097,313.69697539283715,315.6071449114051,320.54091470049855,316.52,311.08
2017-10-02,3,310.99,316.567819081358,317.560182358864,313.729895488411,315.884661020824,319.7974259392279,312.13,312.81
2017-10-02,4,336.52,330.6507261453794,332.7595329267879,329.1522198659929,332.15150103862874,331.18604831707495,334.53,322.47
2017-10-02,5,340.31,338.23623353221376,338.4618878827938,335.50869192966655,337.52555195368757,334.4835301488575,337.3,321.64
2017-10-02,6,344.25,346.18775880810483,347.277777975863,344.23819604085065,347.14156068616467,340.82970541179816,342.64,333.31
2017-10-02,7,353.1,349.3746024778228,350.59723182673906,351.10491942449795,352.0334249738459,347.2700919024329,349.12,338.7
2017-10-02,8,367.9,361.711754654327,362.790940269203,360.31763976992136,363.0146863353537,369.43759719755656,362.73,338.44
2017-10-02,9,387.03,377.5423484363319,380.70838571566605,379.5561080679178,381.0306029098052,379.6978269727476,381.1,336.21
2017-10-02,10,404.78,392.8481388211532,393.9020801777889,395.3932802644454,392.5597080672463,389.57745731272826,396.95,341.43
2017-10-02,11,414.06,398.63326094324873,401.6680923159777,406.8520104746253,402.4357257692044,397.62301370235554,409.47,346.17
2017-10-02,12,421.04,409.0739405429004,412.67893252789565,412.52511291328733,412.6007140991458,405.7544709559507,423.27,353.07
2017-10-02,13,421.65,413.64496800927157,417.88596316803955,416.9160321287484,417.5586421002076,412.5597851547241,437.59,353.72
2017-10-02,14,420.14,413.59779209834846,418.1380341496481,417.2439785292109,418.6098966480958,413.2316364374604,436.92,358.88
2017-10-02,15,420.72,413.59779209834846,417.71807681362924,417.1214281433121,418.6098966480958,411.286846708829,432.93,360.21
2017-10-02,16,414.9,410.90310176418944,415.30615262591317,413.28705987196525,413.87717598647123,408.7023663162624,431.62,354.41
2017-10-02,17,400.02,401.00371363646,400.9579763686699,400.5539709610865,396.9580635193308,395.7342296577923,405.35,348.66
2017-10-02,18,386.08,383.547185452996,384.71587697714676,385.128213812903,385.5047146566823,371.6970347189432,386.2,344.79
2017-10-02,19,374.03,377.84557881875037,376.35092710362284,375.2919436112126,375.96125179165045,365.1442707314025,378.94,339.37
2017-10-02,20,363.9,364.5283458790615,363.94367191813126,361.183074523653,362.66925422275085,355.8247993665653,364.8,334.53
2017-10-02,21,352.64,352.0979753737883,352.7812752889989,351.84125019219397,351.80535538292,346.7842893897781,349.59,335.1
2017-10-02,22,338.57,333.18306542171774,333.5834357156772,331.43187031983814,332.6751307049759,335.8577242399767,332.29,324.11
2017-10-02,23,332.88,328.5189561699706,328.95381722963504,328.5576882362764,327.6032916713059,329.9228546584719,325.48,316.9
2017-10-03,0,334.04,326.0274541151139,325.83311369991185,326.96290385946656,325.4696839829292,331.36060709867377,323.72,315.27
2017-10-03,1,329.94,327.3630660290706,327.8254562259457,328.4319915671353,327.81138931849057,331.66705332388307,328.03,312.24
2017-10-03,2,318.98,326.5515744111681,327.2496544202622,327.6150187996496,327.21891590986,331.09147599874774,327.0,311.9
2017-10-03,3,310.93,326.5515744111681,327.2496544202622,327.57281288461627,327.21891590986,331.3934631996066,326.13,310.99
2017-10-03,4,322.28,338.4810434378959,337.4578317363237,338.3543229817704,338.6128292989158,339.00620284768706,333.95,336.52
2017-10-03,5,331.86,344.68165539819097,344.0335424791708,344.72907859503937,345.3334576446024,343.5099968122078,338.44,340.31
2017-10-03,6,341.44,349.29576607010654,349.22921667445604,348.47888234374534,348.7708695668242,350.71328309109913,348.35,344.25
2017-10-03,7,349.0,358.38281245262255,358.9447612953482,360.26179761314285,358.7292259845071,359.78177334916256,360.57,353.1
2017-10-03,8,370.21,375.5959136277584,376.6686724372042,376.9617809695402,376.461858050538,385.70427260717264,378.67,367.9
2017-10-03,9,389.81,399.0620771694065,400.86286834660007,399.3516691539837,399.95489323420674,401.48724129024544,404.81,387.03
2017-10-03,10,401.45,412.0001592854906,413.80311444292573,413.05797820771954,413.56169797088904,410.6032885619925,414.86,404.78
2017-10-03,11,410.39,420.34206366537455,422.55292901484154,422.6145871080648,420.5748818176541,417.0852064640381,421.94,414.06
2017-10-03,12,413.49,425.1940812993739,427.5811186396153,426.27758260654986,422.0925192016318,420.1272965041494,422.54,421.04
2017-10-03,13,422.73,426.71057214803005,429.08707816222204,427.7833006008147,423.3214151795956,423.85196119661947,428.89,421.65
2017-10-03,14,428.37,425.82527177872703,427.5125781742778,426.8044460027353,422.6025798823745,423.05670935073454,426.44,420.14
2017-10-03,15,443.31,425.5084567858386,427.68981646809897,426.8044460027353,422.51635766307146,421.47765847416343,423.61,420.72
2017-10-03,16,436.36,421.71003517958684,423.8847862068762,421.2132758103914,417.8536812654825,418.01693345289914,420.03,414.9
2017-10-03,17,416.23,408.26600263965435,410.87720035576973,409.31255544687673,404.7203906562471,412.3855620180293,415.5,400.02
2017-10-03,18,399.17,391.9101946144279,392.263327158019,392.89052704519446,390.0427213857734,387.7521791644091,398.5,386.08
2017-10-03,19,382.43,381.91772196813173,381.92478684067294,382.03595632293,379.9967078295057,377.1037263297166,382.67,374.03
2017-10-03,20,369.19,369.78958875804,370.0008405204056,369.48767536697574,368.3713358570984,367.1592172512119,368.53,363.9
2017-10-03,21,359.28,351.7899690886517,351.7030935686648,353.63876239120896,349.6258923981985,355.5042542615053,350.17,352.64
2017-10-03,22,341.67,336.6368157347024,335.8560696807164,335.4661634785144,334.13537920651856,342.4307706423423,328.27,338.57
2017-10-03,23,337.24,331.23269197913424,331.9510637993368,331.98210776091287,330.8308200545798,337.14815218600603,322.7,332.88
2017-10-04,0,333.3,334.7435701236932,332.5944206916608,333.07536318963736,333.01328222915424,332.9675554352586,324.22,334.04
2017-10-04,1,327.99,334.36779612601674,332.59590773841654,333.4573876171366,333.6036118379335,330.347188349544,321.28,329.94
2017-10-04,2,326.45,329.4330439360884,328.538357531892,329.67776657630424,328.81348790611554,328.9504225586956,321.35,318.98
2017-10-04,3,319.26,327.7498898569451,327.462595613633,328.8058729589669,328.0534054843512,327.9081543689744,319.17,310.93
2017-10-04,4,332.73,339.1381026520532,336.12586199719476,337.08192696029573,336.5910283550964,333.0072902558773,324.8,322.28
2017-10-04,5,341.53,343.857382011771,342.44336827128603,344.6011628439464,345.17762467896836,340.7308768069287,335.85,331.86
2017-10-04,6,341.81,353.8776748675341,352.31439723743233,352.3642456444463,351.6164562416023,347.5191325084225,342.97,341.44
2017-10-04,7,347.08,358.24342984072564,357.4813821218557,357.1068041491684,356.7010281506562,353.004704585533,346.32,349.0
2017-10-04,8,369.43,377.4248422681207,377.04200871505134,379.0869141677161,377.61032237248264,377.54740435239245,359.21,370.21
2017-10-04,9,390.54,394.26381286970184,394.23640232681703,395.56590276544836,394.9024277554286,392.4593074086885,382.96,389.81
2017-10-04,10,410.77,408.8116645124094,408.8566652972578,409.81479362562345,409.2945255145659,402.69874641387247,397.78,401.45
2017-10-04,11,418.38,420.521619125863,420.40211031216984,422.04683972989056,419.01597347791306,412.71533601763895,414.11,410.39
2017-10-04,12,433.5,429.93539706491254,430.475104199731,429.150350803749,425.58886303225273,419.55992518386313,425.73,413.49
2017-10-04,13,430.5,431.962505375223,432.3490384686537,431.1406426388836,426.9896511370967,426.79542444946503,438.54,422.73
2017-10-04,14,434.35,433.1373946574655,432.69976061587795,431.2108012219766,427.00913229511616,422.727076926191,425.46,428.37
2017-10-04,15,433.32,437.69702763426693,436.57296106994045,437.56941856351716,433.4220938884988,427.0858390209666,433.62,443.31
2017-10-04,16,433.77,435.6268256750083,434.5251204029236,434.3347386655162,430.7232669072982,420.91037786455934,423.37,436.36
2017-10-04,17,415.25,414.4627040622934,414.5170387672042,414.92977637935206,409.7799564566876,408.7848788816294,403.65,416.23
2017-10-04,18,404.67,397.69854982360175,397.83118319120297,398.4622480317713,395.87070896295137,385.7659170565507,391.47,399.17
2017-10-04,19,391.56,387.13197747981195,386.4447141716924,385.927801709213,383.45181652755923,375.2738221848495,377.47,382.43
2017-10-04,20,376.98,376.7230763064035,376.43282653785406,374.77185695382803,373.84158331616925,368.2289943029096,371.77,369.19
2017-10-04,21,358.93,361.12496933661924,362.02673537576857,361.4792589402288,359.94425083836785,358.88146552597317,358.96,359.28
2017-10-04,22,337.32,344.01896329992184,344.1354395366564,342.58854601937185,341.4389936907653,346.794138451723,340.68,341.67
2017-10-04,23,332.72,335.35049595426716,335.00185289579287,334.787799578492,333.8434073835449,340.08086697763315,331.02,337.24
2017-10-05,0,334.92,334.45600347914257,333.00133903205773,332.90139584181,333.1296079848521,335.0317679170268,331.01,333.3
2017-10-05,1,327.95,329.6050776480023,329.0786109251297,329.52858802045654,330.16514028795325,332.08272554358666,327.57,327.99
2017-10-05,2,328.68,328.24030431386853,327.3984387751681,328.33623928491477,328.9208216172202,330.25003445178265,323.63,326.45
2017-10-05,3,318.61,326.55208274694695,325.8815943631127,326.9101869781766,326.61435785231805,328.93559552982566,320.47,319.26
2017-10-05,4,334.91,338.55988767574246,336.68279846043913,338.245242647488,337.9443092473305,335.34830903704477,328.84,332.73
2017-10-05,5,345.16,344.77114428844044,344.45213149264396,345.90046199892856,344.9488976002199,341.9540274956624,337.23,341.53
2017-10-05,6,345.75,346.7614405966912,345.838907531064,347.7379356593658,348.0621610647586,344.0712222996624,335.1,341.81
2017-10-05,7,355.57,353.0263851253338,352.6245006030347,353.4780740858666,352.1040254998831,353.3514144362186,348.96,347.08
2017-10-05,8,375.99,376.32988091337114,375.8781884469749,376.4500910273112,375.7896633749265,383.09969790337914,375.64,369.43
2017-10-05,9,402.01,396.9262980835836,396.52817944932485,396.69770541139064,396.0183471370499,397.29534156097907,397.09,390.54
2017-10-05,10,419.25,420.15908064208793,420.4909410565394,420.16698199983824,419.24022879007094,410.4080062701062,416.74,410.77
2017-10-05,11,429.71,426.8701102498214,426.34952689257466,427.6845426114963,425.8758430128293,417.0821905239862,424.85,418.38
2017-10-05,12,432.97,439.1162592708345,438.47963584367665,440.1343258550874,436.4501534429916,424.51023137220216,434.34,433.5
2017-10-05,13,443.78,436.2938362883066,434.9902223594328,435.5143103624912,431.50811073629916,428.39543860781407,442.23,430.5
2017-10-05,14,445.35,439.6729222586329,438.9316239247732,440.2752402942394,436.4199684040995,428.2174160719164,439.77,434.35
2017-10-05,15,435.05,439.5470186390902,438.71585454652705,439.89367373991143,436.33374618479644,425.3847714830439,434.21,433.32
2017-10-05,16,434.31,436.9553869732012,436.17214238495126,435.9714983913745,434.1433233422987,422.8450186434645,431.12,433.77
2017-10-05,17,412.15,418.95284107309345,419.25770024888953,418.6664767933743,415.76913777178083,414.5883352898175,420.92,415.25
2017-10-05,18,400.3,402.4384700967253,401.65262508505765,401.5129415858898,399.21691750217155,389.32987201256145,400.31,404.67
2017-10-05,19,377.44,387.8330748594112,388.62141611662497,387.4485298463363,385.8770963099483,377.3551746724675,381.37,391.56
2017-10-05,20,364.98,375.02138712178737,374.4529550855601,372.45636285038995,371.9056612430827,365.43287451048815,363.46,376.98
2017-10-05,21,353.97,358.05759996523614,358.4073873946402,357.2396607744238,355.81510129983786,357.5801695203347,356.98,358.93
2017-10-05,22,333.07,337.1723815147852,336.36082484360315,336.4084686950447,335.5939061601064,344.0879775243842,336.27,337.32
2017-10-05,23,325.44,332.47020461335745,331.9909431504992,332.51583519840545,332.3621835643894,339.33000002626886,331.7,332.72
2017-10-06,0,328.15,328.4551279095801,328.42392533177417,328.0452676150539,327.5836949620025,329.5337435560972,328.39,334.92
2017-10-06,1,322.37,323.93624062343736,324.62428178699315,323.59291145462345,324.1773189032102,327.5898106196901,328.04,327.95
2017-10-06,2,314.12,325.9248965988604,326.51647558261993,326.9378258863088,326.33017928341917,325.86672166129597,323.68,328.68
2017-10-06,3,314.44,323.4030808634186,322.43812517604687,322.1600345930693,322.0618520291598,321.877645578501,314.47,318.61
2017-10-06,4,327.19,334.2295962403752,335.0622777138902,333.48524514368154,333.22135087625816,329.44658129939734,324.96,334.91
2017-10-06,5,331.13,343.4759297936817,343.14356877057736,343.3626907468817,343.7881491891721,338.63844712259026,339.59,345.16
2017-10-06,6,335.75,344.32892832597616,344.0027993416444,343.18231200756094,343.9098712674019,340.93205648193646,337.82,345.75
2017-10-06,7,345.2,353.67455052928824,352.8659685371729,353.4467278882563,353.43890645862723,350.0043328074881,349.76,355.57
2017-10-06,8,355.59,372.4622711308192,372.8742210515459,374.0935193446388,372.8589875823449,377.46910366009064,371.63,375.99
2017-10-06,9,377.65,393.3041468190065,393.61860577703277,393.9988705888071,391.2970599288459,391.71322934263634,391.72,402.01
2017-10-06,10,397.08,408.17242426298185,409.3751661017184,409.1946500591091,406.514758377842,401.2866570522505,403.14,419.25
2017-10-06,11,407.08,417.11481455081696,417.91037180520686,418.6504423453047,415.8491778917223,412.8900216563554,423.14,429.71
2017-10-06,12,418.59,425.287812578641,426.38077303182536,428.9241927624101,428.16811480933654,417.586702741119,429.19,432.97
2017-10-06,13,421.25,425.71272396580116,426.9096194721332,428.7058631500292,427.51834458498456,418.87962140853205,426.19,443.78
2017-10-06,14,418.33,426.3699790202236,427.4737782978697,428.6828438563471,428.10533375759616,423.0232718149143,435.61,445.35
2017-10-06,15,419.47,426.3699790202236,427.4737782978697,428.6828438563471,427.84118272014416,420.696849573812,434.19,435.05
2017-10-06,16,411.55,419.88455754470914,419.41543531221765,421.9467405182625,422.9423522879109,412.5293336401572,416.92,434.31
2017-10-06,17,383.0,398.3697691033345,398.9107116169248,398.73214323138706,396.637638776236,400.1292417942657,397.12,412.15
2017-10-06,18,365.08,380.00187173598573,379.6701222964402,380.4102862646884,379.74937457290156,376.37662824047777,380.29,400.3
2017-10-06,19,360.38,371.59645975762123,371.1022396857344,370.0294757420284,369.00514166648145,367.47121780466716,372.25,377.44
2017-10-06,20,355.91,367.89397104009254,367.4107298448193,366.2043197184654,366.03806842844676,363.42377424502814,374.05,364.98
2017-10-06,21,341.95,351.42040059208847,349.4241636900938,351.3847975407215,351.05960549544477,352.596836344926,357.73,353.97
2017-10-06,22,332.97,330.9694846225704,330.80606618882007,331.219863162942,330.8577121607224,337.58344371617017,332.86,333.07
2017-10-06,23,316.46,324.3254332651624,323.70200174010336,324.64349421639844,325.14687396455173,331.9633267435375,326.97,325.44
2017-10-07,0,314.21,316.02137524321864,315.8100843669486,313.7686559130828,315.5804395119658,316.00622218113756,324.55,328.15
2017-10-07,1,308.75,314.6723118796845,313.97431273857467,313.22318497483246,313.91568919904176,312.83858484280586,320.7,322.37
2017-10-07,2,305.49,311.5366073132878,310.9876723795609,310.0684233451795,311.05832983037413,310.5174992817691,317.55,314.12
2017-10-07,3,309.37,311.4752690149571,310.74800471270294,309.5906555086511,310.6352916287175,308.80661965432773,311.09,314.44
2017-10-07,4,315.14,319.2875252465812,318.7682858408969,318.2413389033151,317.92921323400395,315.3560482036492,320.04,327.19
2017-10-07,5,317.37,321.8459852151198,321.78697034463266,321.8875438634347,321.5433741259124,317.272782986723,317.79,331.13
2017-10-07,6,328.55,326.7409358182452,325.62430358932255,326.5232577957701,326.1969711836587,324.77728289843793,328.27,335.75
2017-10-07,7,327.53,332.20759053393624,331.6669314182501,332.14547617429065,332.2759390070155,330.6976620752867,332.17,345.2
2017-10-07,8,329.34,332.9655611484255,332.30103728392646,332.42071505373167,332.4895630177552,335.03472991921495,331.24,355.59
2017-10-07,9,332.84,336.6471843540349,334.98240381546975,334.83894795567056,335.33512577768806,340.9636186668838,331.02,377.65
2017-10-07,10,333.56,343.52368388391403,343.55804027599885,345.33048728841516,343.3349674875746,349.6385585166681,339.43,397.08
2017-10-07,11,337.44,348.16150591621914,347.4174965709237,349.40493567111935,346.9467343320754,356.1922473815133,346.49,407.08
2017-10-07,12,343.46,349.10341644741516,348.4436752821592,350.72796308029467,347.71396857562553,359.3672682801482,346.07,418.59
2017-10-07,13,339.69,350.3284665337436,349.9404801178191,350.7469488411851,349.09350154742634,361.77271814702016,348.4,421.25
2017-10-07,14,340.5,351.6391664105571,351.5281778913424,352.0460337936232,350.7150197975142,361.9976085333365,349.03,418.33
2017-10-07,15,341.19,349.9823033518021,349.79944071362655,350.9828585280873,349.5580886697785,360.94797276339415,347.41,419.47
2017-10-07,16,340.23,347.9159966220481,347.6616988201396,347.83940986315133,348.2615395465775,358.4550516854399,346.98,411.55
2017-10-07,17,332.13,341.86211291614,341.94919636396287,341.6293882120461,343.0443196344704,350.2847289851226,340.05,383.0
2017-10-07,18,329.81,340.7007286101194,340.5761753280586,339.45154700747565,341.72273920679305,344.51388558874197,337.6,365.08
2017-10-07,19,336.36,332.5795530584566,333.308426794971,330.3661762919623,332.4679651135507,338.64907315903423,331.9,360.38
2017-10-07,20,325.33,330.51896146042986,330.7692558647896,328.8273807506372,329.55285524729993,334.3698726995077,330.68,355.91
2017-10-07,21,321.12,326.9980620487784,326.43471030963076,323.06934515842147,326.0933661853942,328.9255501638963,329.19,341.95
2017-10-07,22,307.09,320.6564037781321,321.54703448801314,317.53172185841214,320.56069018150555,320.58237636905676,317.96,332.97
2017-10-07,23,306.53,311.4793776101611,312.8952083328972,309.71849962692454,311.24241155429644,314.04340237850255,312.42,316.46
2017-10-08,0,308.43,306.4335214306966,305.79951871953676,305.4331615402459,307.88895475691737,304.10862453608013,314.2,314.21
2017-10-08,1,301.87,306.7691798724384,305.57357048144286,307.28753167769975,306.6904527678943,301.71137902074236,312.26,308.75
2017-10-08,2,306.01,306.4772759892053,305.3832796858183,307.44797371729385,306.7870721048814,300.7338131211488,311.08,305.49
2017-10-08,3,308.36,307.08235043647545,305.64957471168566,307.3132670246851,306.52132815793243,302.6047236525911,312.81,309.37
2017-10-08,4,313.36,312.8729850546552,310.7879645861574,313.4065450026653,314.496372598085,308.60375003869024,322.47,315.14
2017-10-08,5,318.71,314.420623561704,311.36353411249496,314.71150159121856,315.07049294885945,310.8661758914358,321.64,317.37
2017-10-08,6,328.02,326.1647289677422,323.2367530509095,327.7608851795083,326.02525889194277,319.6020543395388,333.31,328.55
2017-10-08,7,325.04,327.75505447752784,325.1326933229605,328.9862152735674,325.99085284299025,324.8675303586779,338.7,327.53
2017-10-08,8,330.06,329.16431200267357,327.1247283721595,331.0693504324929,328.4034517812069,328.4564593998898,338.44,329.34
2017-10-08,9,328.43,331.0986574920824,329.13604063909344,332.48326367519127,329.75735553225354,331.4276869420509,336.21,332.84
2017-10-08,10,328.97,334.4571368385716,331.154125244141,331.99568340610153,329.1535821494491,336.6720376143415,341.43,333.56
2017-10-08,11,333.63,337.32540542865223,334.52940842305225,334.77961641758014,331.57165751920013,341.61386979561246,346.17,337.44
2017-10-08,12,337.93,336.84690146893996,336.9452702358315,337.2409072879465,335.262045597841,346.98009399480645,353.07,343.46
2017-10-08,13,339.41,337.3032209388786,339.104274549127,338.2467934342207,335.3593623931296,347.98515566902273,353.72,339.69
2017-10-08,14,346.24,338.42594847748455,340.81953998739516,341.08175337091774,336.780414532612,350.4066394486659,358.88,340.5
2017-10-08,15,347.12,339.4483472368568,343.00391951228164,341.9727624246936,338.9325024603879,350.44984617739726,360.21,341.19
2017-10-08,16,347.29,338.19141390199417,342.39949991432474,341.6161706966237,338.7097304562568,346.7025982191983,354.41,340.23
2017-10-08,17,338.57,336.4913908575589,338.913362116871,337.9474761997041,336.6070329644401,341.3973103585269,348.66,332.13
2017-10-08,18,332.74,335.1237444451981,336.462792032689,336.23970895274243,335.3376751771396,336.91366498378386,344.79,329.81
2017-10-08,19,330.42,333.83330014429674,335.3811224224162,334.26094423510034,335.080496796427,332.4801305137235,339.37,336.36
2017-10-08,20,329.04,325.4601334092811,328.45623090592443,327.24883672548935,328.6766580459714,326.026578155431,334.53,325.33
2017-10-08,21,324.98,326.57032046050386,327.40715878251,325.965032053327,327.0800226902252,322.5225957160792,335.1,321.12
2017-10-08,22,312.89,311.2951882429732,311.2597889417677,311.0030582333263,310.8519536172616,313.67321751727,324.11,307.09
2017-10-08,23,311.37,308.90733735817884,308.5497067760716,309.97604654056863,309.2194024252336,308.35954621021585,316.9,306.53
2017-10-09,0,316.24,314.428613562226,315.0162346414801,315.94974191368505,314.4976135662645,319.51773941140016,315.27,308.43
2017-10-09,1,304.94,311.14466091071887,312.8142796815792,312.64630795036794,312.22056480903876,316.5652359317603,312.24,301.87
2017-10-09,2,312.04,311.47174647417086,312.1527850646631,312.97664371525485,312.2287058656878,316.7793609336127,311.9,306.01
2017-10-09,3,311.86,311.47174647417086,312.2718933445116,312.70556998698976,311.0080341180283,317.44575991086225,310.99,308.36
2017-10-09,4,331.63,332.3660314927901,333.8339287307586,333.60921293446467,333.68326428260576,329.4897134968212,336.52,313.36
2017-10-09,5,338.31,342.00246738070433,341.71066612814514,341.851123663707,341.54928309437673,333.9045344970012,340.31,318.71
2017-10-09,6,337.94,346.44061871548126,347.33600761093817,347.2535932095082,347.8522116648478,339.4300372997594,344.25,328.02
2017-10-09,7,337.22,352.800427970485,354.74007315528513,354.7768062826139,354.2826725271956,345.80368535376857,353.1,325.04
2017-10-09,8,347.64,367.1511085110121,369.7049239429064,365.37677252051446,366.3015396746362,369.47075291351825,367.9,330.06
2017-10-09,9,352.44,383.9967609961454,386.7316304111038,383.72751580158314,382.6783352445092,380.102475410563,387.03,328.43
2017-10-09,10,374.34,402.55839649766506,403.17147206531206,397.1375359360289,396.921432912251,390.1753380261197,404.78,328.97
2017-10-09,11,377.82,411.20322422775837,411.59341662577305,407.5188769091409,407.22983569820684,396.96886234219505,414.06,333.63
2017-10-09,12,376.6,424.36348963082025,425.2780762598092,418.76993088319597,421.02631336356217,402.1678755472239,421.04,337.93
2017-10-09,13,385.69,424.78646621946126,425.87197862403286,418.98270786875753,420.91683331978265,403.77946289633263,421.65,339.41
2017-10-09,14,381.2,420.75342464079984,422.68114255258666,417.0472059819344,417.58728744000314,404.33346421268493,420.14,346.24
2017-10-09,15,384.19,423.3261158045832,425.5214954230053,418.22762320362085,419.6544174539731,404.1123363565056,420.72,347.12
2017-10-09,16,375.26,418.6238423510735,421.35650140232013,414.73248788260526,413.3862222205762,400.492919817495,414.9,347.29
2017-10-09,17,362.27,400.65790164346544,400.6283991053317,396.1844272127789,394.4779211789213,391.58504889008583,400.02,338.57
2017-10-09,18,358.43,386.5500705147943,387.9947938611908,388.0037383696139,386.70129118358807,368.92016929823143,386.08,332.74
2017-10-09,19,357.91,375.93503101503075,378.98263082034515,378.42213295739367,377.59450802808504,360.8780328348236,374.03,330.42
2017-10-09,20,351.49,365.81978427550234,368.992176010615,367.2443253388533,366.1407749106047,353.5123021162314,363.9,329.04
2017-10-09,21,348.43,354.970845959232,357.84392754282027,356.56150627794017,356.9596455725599,345.44780963820244,352.64,324.98
2017-10-09,22,332.85,338.0682172224391,340.023559161998,338.0799772198574,336.4538404044841,335.63204835126794,338.57,312.89
2017-10-09,23,328.14,328.46335928498576,329.4607991847592,329.0183034888166,328.0166528812781,330.7893664969097,332.88,311.37
2017-10-10,0,330.27,326.28263495186104,326.22675320219344,325.40286468473556,325.1208935581354,335.5487307693169,334.04,316.24
2017-10-10,1,327.85,323.6822255997514,324.72156402742985,323.58030730768337,324.86824216210937,331.61812564245264,329.94,304.94
2017-10-10,2,329.97,322.56005125372855,322.78021696851266,322.52519327872704,323.16558645809704,328.0669301485792,318.98,312.04
2017-10-10,3,329.96,323.43589166053204,323.28993537517044,323.3758189128698,324.69725845449483,325.6688444934334,310.93,311.86
2017-10-10,4,332.56,334.19785511786716,334.46563818811137,334.09905384433847,334.31887695786367,333.9622876870065,322.28,331.63
2017-10-10,5,338.98,340.83679527257846,340.93493677564953,339.770054168919,343.1978347965703,340.7705304092798,331.86,338.31
2017-10-10,6,346.9,346.85125794733335,347.14534201952085,345.55236019823053,347.9241768508255,347.3375616481515,341.44,337.94
2017-10-10,7,349.55,350.28249391667276,350.2685324194897,348.500650770091,350.6685091174601,353.47905578808496,349.0,337.22
2017-10-10,8,361.66,368.43653205072826,369.19101767796747,369.50786994403524,370.4794411998584,380.50118500646437,370.21,347.64
2017-10-10,9,368.41,385.4539284548555,386.6207893521127,385.5535006585653,387.6904584153725,392.07529357840895,389.81,352.44
2017-10-10,10,372.81,402.54637926983423,404.66525239674854,402.19289952297265,402.59524621443836,402.3035589630331,401.45,374.34
2017-10-10,11,383.78,409.8298539774854,411.2046342146504,410.0036334018079,411.56231264066577,408.83278997602326,410.39,377.82
2017-10-10,12,385.4,417.0000994577782,417.81024126609685,415.98556627696587,416.91345739811385,411.8880848481155,413.49,376.6
2017-10-10,13,388.47,424.2652026550664,423.99634835394926,421.1831960305531,422.0230792630798,417.73950834509617,422.73,385.69
2017-10-10,14,393.57,425.12207034413433,424.6378116745198,422.37201478848675,422.9228260687745,419.73300874255716,428.37,381.2
2017-10-10,15,387.82,426.38786632986375,427.2310225887437,423.8801385079073,424.06772250586533,425.31946669351055,443.31,384.19
2017-10-10,16,384.17,423.81579732543184,422.7060015870575,419.6166285855775,421.9981494114673,420.19620225314463,436.36,375.26
2017-10-10,17,378.33,409.70965550213447,408.6906405838784,406.9500527426363,406.44221442397327,408.75782305732145,416.23,362.27
2017-10-10,18,367.17,390.1077441500552,387.74294275170746,387.3606184397806,387.055311711133,384.8833110231071,399.17,358.43
2017-10-10,19,357.4,379.17607353264583,376.6465694418298,377.2889870162456,374.2546211708978,375.238142922445,382.43,357.91
2017-10-10,20,357.88,365.69964347231115,364.1153117800404,367.08738601995117,364.45375057591923,366.0739798090106,369.19,351.49
2017-10-10,21,353.2,353.00400569964927,354.6378457302714,355.8795084972428,354.3356663297637,358.64531069407377,359.28,348.43
2017-10-10,22,334.9,339.7283158724292,338.9128236211425,338.3313346483371,338.2247621011119,347.04449619248754,341.67,332.85
2017-10-10,23,328.35,332.60979789254975,332.64185981504716,332.0149561360057,331.7124950440661,342.30772991212865,337.24,328.14
2017-10-11,0,327.99,327.65271167815905,329.773702844753,327.27867644236784,327.74467499075115,337.340644102022,333.3,330.27
2017-10-11,1,322.44,323.46318397893185,325.1589628426924,323.793098674036,324.3045205657077,333.98902127677263,327.99,327.85
2017-10-11,2,320.79,326.53172279815306,328.8572616177893,327.8202982606215,327.8478269236985,333.4972077326591,326.45,329.97
2017-10-11,3,320.62,326.39575319079097,328.0872641784394,327.38510636375554,326.8831846615069,331.45342096191047,319.26,329.96
2017-10-11,4,327.75,333.27257464537274,335.0858118871135,333.43083092265675,334.19504510488815,338.5477399637792,332.73,332.56
2017-10-11,5,337.86,340.6186698875859,341.91761029085455,340.9266232514145,343.1165479000008,345.0245082262693,341.53,338.98
2017-10-11,6,342.15,349.00218901813514,350.2570974739384,348.12714255774,350.39324303966055,348.9702703180726,341.81,346.9
2017-10-11,7,353.83,351.1439580624391,352.2754229764626,349.69164081360253,352.1090563216525,354.62231624207675,347.08,349.55
2017-10-11,8,366.94,367.8643012942018,367.77681971934965,368.6593601076425,369.328709567305,382.1761149139638,369.43,361.66
2017-10-11,9,386.34,384.65468524079563,385.15756378570916,384.3867068160791,385.70583742418387,394.5624288839895,390.54,368.41
2017-10-11,10,399.42,406.85201166367216,406.67021312733016,403.07845339042046,404.3446432194527,406.05223166640604,410.77,372.81
2017-10-11,11,416.91,416.40670160667713,415.50259768092855,413.67854242228776,414.0709755385232,412.94644577771834,418.38,383.78
2017-10-11,12,425.27,424.5251568816152,423.3797861164954,422.05242764801403,421.55476144330936,420.98288115478,433.5,385.4
2017-10-11,13,429.81,423.85895959666675,422.57479061273983,420.97553971859907,420.9182792042089,421.3897186031811,430.5,388.47
2017-10-11,14,434.92,424.47604585309483,423.08865377275845,421.74495278697583,421.52457640441725,423.8173891369643,434.35,393.57
2017-10-11,15,436.45,424.4454353598515,423.3806485532682,421.74495278697583,421.4383541851142,422.19694497157985,433.32,387.82
2017-10-11,16,430.03,422.4665876306931,420.15370913190816,418.8022830338118,420.6927681025748,420.5558322165203,433.77,384.17
2017-10-11,17,409.47,407.75688609190814,407.10972720567673,404.21375640202507,405.06119934829843,410.5806877663531,415.25,378.33
2017-10-11,18,390.98,391.97940003352574,391.8052482033384,389.856477294366,392.7781363271767,388.45818569697207,404.67,367.17
2017-10-11,19,372.65,379.38082760621865,380.06273373194796,378.33267491454853,377.81830842345613,379.1288544523991,391.56,357.4
2017-10-11,20,361.11,370.516942871914,370.42936818153146,370.20000815330286,370.0924283716924,370.25912917830453,376.98,357.88
2017-10-11,21,356.57,353.1212681308233,353.9714883762768,354.1894339393901,353.07261494566467,359.4927610995485,358.93,353.2
2017-10-11,22,332.39,335.1725035419424,335.01284802025697,333.06514023195797,334.3209247182093,346.0264525283126,337.32,334.9
2017-10-11,23,320.08,328.5567154896812,330.07585206822336,329.6457041551276,329.4461938999595,341.00936660027025,332.72,328.35
2017-10-12,0,321.85,324.0743029220013,323.52725290779046,324.6199274411559,323.92198697516864,332.4920295030315,334.92,327.99
2017-10-12,1,324.19,319.52682991014143,319.31230702521,320.2860695986211,320.58914187370294,328.1446924801462,327.95,322.44
2017-10-12,2,325.28,319.0911404805669,317.9766295318265,319.9357856801831,320.73379303311566,328.1008886942796,328.68,320.79
2017-10-12,3,323.08,317.2209580467757,315.7784358796333,318.19300036249086,318.22362647143984,324.93607236616253,318.61,320.62
2017-10-12,4,333.05,326.8812741558897,325.3720262365449,327.36217944720914,327.72875878547205,333.6669925976528,334.91,327.75
2017-10-12,5,337.7,337.28535874463404,336.70905007652226,338.3641718075503,339.1113220014968,341.14443226632426,345.16,337.86
2017-10-12,6,345.27,339.8444812892165,340.51932800072433,342.0037605660428,342.054504764166,344.78488496910575,345.75,342.15
2017-10-12,7,360.63,348.9502027282725,348.4228126312908,350.14146258099174,350.47690154145164,353.2573812905581,355.57,353.83
2017-10-12,8,375.81,365.810479661818,366.41464301689535,366.7248981313038,366.3653352571838,379.67226819847946,375.99,366.94
2017-10-12,9,397.71,390.8595159974854,392.17230895932784,390.6852063373003,391.64100634518473,395.43717201630807,402.01,386.34
2017-10-12,10,413.88,405.38379839923056,406.3141354549658,406.5948655499856,406.5319709825453,406.78016587538065,419.25,399.42
2017-10-12,11,418.72,418.57671930921305,420.7352786468358,421.7542762190445,422.0541949112394,415.53025131863546,429.71,416.91
2017-10-12,12,428.73,425.482624819234,426.8475167371044,427.91995575984345,426.63187834556965,419.7579742443623,432.97,425.27
2017-10-12,13,433.52,429.9857038476778,430.11922550620613,430.17431546350014,428.24881781597344,425.6645232304314,443.78,429.81
2017-10-12,14,434.41,433.58013531305306,433.6481488737343,435.4307996992987,433.450040828573,427.19788250818215,445.35,434.92
2017-10-12,15,432.52,432.5493420385492,433.253144268192,435.27385478260976,433.2987735268067,422.83694082982043,435.05,436.45
2017-10-12,16,427.41,426.5911284844846,426.4151664397566,426.9933419557587,425.4010494161353,420.40063595728674,434.31,430.03
2017-10-12,17,418.58,405.5590244261281,404.4308774886166,405.58144819057065,404.8747750694838,407.2798968104304,412.15,409.47
2017-10-12,18,400.77,390.2062283223352,389.12712942995086,389.519125313804,388.80948662351324,384.3062054052831,400.3,390.98
2017-10-12,19,382.71,372.62847929062656,371.544386307972,372.8771613301989,371.6693114284378,370.2004933245896,377.44,372.65
2017-10-12,20,366.53,361.0770082657198,360.31767947272317,361.14666747297764,360.5013886647798,360.7420064243946,364.98,361.11
2017-10-12,21,352.13,350.8586619584545,349.42385666049,352.14128382653723,350.18641473775534,352.7240011710551,353.97,356.57
2017-10-12,22,333.28,329.36290380268906,327.81057584200767,329.66138515232615,329.2616011303097,338.8521244148472,333.07,332.39
2017-10-12,23,328.15,322.69071776235586,320.6762946158574,322.72095346457667,322.85444559267205,331.998975589839,325.44,320.08
2017-10-13,0,325.77,323.9431856557692,324.8376976844507,324.0245827484212,323.98462881367783,330.0801024548969,328.15,321.85
2017-10-13,1,322.67,323.83899610105794,324.3840168592501,324.81271338125987,324.1549238903342,327.1140474458659,322.37,324.19
2017-10-13,2,328.57,324.8887163842154,325.3398578079302,325.79433563964943,325.69435357625105,323.9125251511641,314.12,325.28
2017-10-13,3,324.72,324.8887163842154,325.3398578079302,325.7521297246161,325.5037692886115,324.5215328400721,314.44,323.08
2017-10-13,4,328.89,333.83499758625004,335.35091259421,334.4829144429849,334.38066154715,332.20904212044985,327.19,333.05
2017-10-13,5,338.68,337.12164553922275,339.05137460282066,338.00711568046125,338.9489565901582,336.60060467515984,331.13,337.7
2017-10-13,6,349.02,343.70696026971046,344.6227327524821,343.7337635738205,345.73303177452436,342.1847446683323,335.75,345.27
2017-10-13,7,352.01,354.32444511556093,355.49927388221306,355.3958975821302,355.54781385838464,350.9481265675487,345.2,360.63
2017-10-13,8,369.82,371.02483808319386,371.42046165425455,373.4897997155295,372.69604198996166,374.00031319400347,355.59,375.81
2017-10-13,9,391.86,392.9620027907326,394.0796605722578,393.192740001302,393.6161645674584,388.5322910325472,377.65,397.71
2017-10-13,10,406.02,407.9709143437171,407.65210056151807,406.760866075952,406.60865548756715,401.09183029901203,397.08,413.88
2017-10-13,11,418.48,412.77764618036485,411.8757020848723,412.219463344151,412.4542201487617,408.18237449228803,407.08,418.72
2017-10-13,12,420.69,424.85939195869145,424.4883665024542,423.70675959674804,423.76006132232254,415.80253780037674,418.59,428.73
2017-10-13,13,430.12,430.1614345198875,429.95767681990975,430.28520382926297,430.49406376672886,418.5936665178311,421.25,433.52
2017-10-13,14,427.94,428.8356037133395,428.26105466913884,429.9430938676914,429.75129626553866,417.90072354312707,418.33,434.41
2017-10-13,15,413.98,425.50036950195397,425.18017922685544,425.3310142377584,425.1626120119968,417.5679820598858,419.47,432.52
2017-10-13,16,409.4,413.8503921236004,413.5901334124556,412.33488755706855,415.91330368289005,412.5133072533143,411.55,427.41
2017-10-13,17,386.84,396.4440857126185,397.72736518816635,398.769850556008,399.86221302608794,398.304173142182,383.0,418.58
2017-10-13,18,372.42,369.57174052678414,370.0905065965811,369.7578426703091,369.1578316112625,372.79350195691984,365.08,400.77
2017-10-13,19,362.41,362.0853723165652,363.90994734583404,362.80105661254214,363.69915499445784,365.7424382403128,360.38,382.71
2017-10-13,20,367.67,358.2923916156704,360.11515902303415,359.200415280115,360.7253736825448,358.82545773922897,355.91,366.53
2017-10-13,21,359.6,345.5754468936741,344.37496687411,346.8421104191824,344.2787408981104,348.5017165179783,341.95,352.13
2017-10-13,22,341.14,330.73988459940927,332.31601592435356,332.3453527363003,332.58076855401447,339.8614714087951,332.97,333.28
2017-10-13,23,330.16,323.7531374581859,324.38790075587684,325.39649426789566,325.89265332064053,330.41173001566426,316.46,328.15
2017-10-14,0,330.57,323.21570986904675,323.48115574611825,323.7538737294633,323.31037638316593,318.6565557419287,314.21,325.77
2017-10-14,1,324.35,322.70041127390283,322.85125117819337,323.6395027715319,323.3594471394399,315.1759873277288,308.75,322.67
2017-10-14,2,318.66,323.9666499725163,324.2261538774522,324.90453628699123,323.58677891944785,314.47217260550735,305.49,328.57
2017-10-14,3,313.15,322.53735829401444,322.85125117819337,323.61632418021236,323.2261927841745,316.2654179096498,309.37,324.72
2017-10-14,4,321.96,329.08126879253564,330.131608279541,329.7427089347041,328.70659280216927,320.5718807079145,315.14,328.89
2017-10-14,5,320.68,330.65576620236567,331.1335381614655,331.41712064993055,331.1407374134747,324.90758117945234,317.37,338.68
2017-10-14,6,332.86,336.64284267008986,337.70210898395953,337.3006498974779,338.02416262248113,333.3551545327173,328.55,349.02
2017-10-14,7,334.88,339.1546091391664,340.18937360763834,339.3072421367415,339.861903322317,336.6131912642761,327.53,352.01
2017-10-14,8,335.43,340.60561729810763,342.20150149326645,340.6632879294828,341.4314942563655,342.88527701059616,329.34,369.82
2017-10-14,9,336.31,343.0428667195284,344.1536904772487,343.38900602214943,343.8905951172501,350.2540409838024,332.84,391.86
2017-10-14,10,338.62,345.2639334618001,346.77017979948164,345.77647506366515,346.4956426106549,355.3390209358039,333.56,406.02
2017-10-14,11,341.54,347.7627268569195,348.8467161870673,348.96095105597544,348.51553155719,360.95742084100016,337.44,418.48
2017-10-14,12,343.12,354.2732938579078,355.4217723513274,355.1233731600353,355.0382289644963,365.5345346053775,343.46,420.69
2017-10-14,13,341.58,350.0299842292993,351.5137221281368,351.45671949936406,351.1821216576402,366.3828411691205,339.69,430.12
2017-10-14,14,346.83,349.1402785197669,350.2590235374217,351.3359959241253,351.277508846308,366.7696197024913,340.5,427.94
2017-10-14,15,347.99,349.0433252085887,349.92378128238295,351.4504595614281,351.10606287033687,364.8411011661321,341.19,413.98
2017-10-14,16,351.78,347.8952845489415,348.33393450459965,349.8837677701388,350.3188054953327,362.53962407811616,340.23,409.4
2017-10-14,17,342.42,342.0615498573992,344.5008960656498,343.1454264682073,344.2138946381929,354.62375950620395,332.13,386.84
2017-10-14,18,334.81,341.79242005344065,344.24833873620895,342.14936991323873,342.7367457650765,349.3157706699648,329.81,372.42
2017-10-14,19,329.13,339.62616617110945,341.7462752788822,340.7716959030612,341.3416100472847,347.563409193953,336.36,362.41
2017-10-14,20,327.99,334.9974623939249,336.97754333934023,336.7436401078006,334.969900249252,340.6327008423114,325.33,367.67
2017-10-14,21,326.53,330.6399974348334,331.17571753770096,329.9169120091894,328.42732042260326,334.825993350739,321.12,359.6
2017-10-14,22,314.94,327.33533205398425,327.3239416878391,327.01855811110414,325.94644744757704,324.27988923451096,307.09,341.14
2017-10-14,23,312.62,322.6265240919635,323.18775681700293,323.32951394020444,322.24760194726025,320.31257251032434,306.53,330.16
2017-10-15,0,311.06,317.5704874307528,318.07578359235646,316.06019545022957,320.4407883777395,307.5663811623338,308.43,330.57
2017-10-15,1,310.48,312.4187140058995,310.5343229291844,307.0944623177258,309.6805988012331,303.28976689262333,301.87,324.35
2017-10-15,2,311.2,305.77052539310534,306.74083135221537,304.17672140043476,305.37656337493166,304.0810850642522,306.01,318.66
2017-10-15,3,309.68,307.86401825776136,309.2034870439063,308.23257946769746,309.6539086873602,305.0844595673732,308.36,313.15
2017-10-15,4,316.47,318.522041914909,319.8488225828774,317.74569342256325,317.1585020812268,309.636958504586,313.36,321.96
2017-10-15,5,318.56,322.48711959711034,322.01868176788173,321.0597623955144,320.13518234760676,313.87547092833057,318.71,320.68
2017-10-15,6,327.74,330.7625424022534,330.10757514071605,329.5202416120314,328.0953601418131,321.8158271110591,328.02,332.86
2017-10-15,7,329.83,330.63770436850643,330.5544149482397,330.1974606230148,328.30813947716894,324.2021009701906,325.04,334.88
2017-10-15,8,333.44,332.34102009783595,332.2626406088202,331.8691681069915,330.2214113499158,329.6861162297,330.06,335.43
2017-10-15,9,334.72,332.1742263911354,331.6457979229966,332.0337947121793,329.4984579338963,332.58298187544136,328.43,336.31
2017-10-15,10,340.84,332.93795091217373,332.1967722466824,333.60663147347833,330.37148992540233,336.20674376979065,328.97,338.62
2017-10-15,11,338.17,336.54395935981444,336.5047228793177,338.87230205737103,336.13165358762546,341.00750119544716,333.63,341.54
2017-10-15,12,343.35,339.69653370994536,337.23652858307,341.87113784995995,342.0239264998108,344.8486957369802,337.93,343.12
2017-10-15,13,344.43,340.2369393677955,338.4125809919862,343.0205740747966,341.8070105117342,346.4402182869578,339.41,341.58
2017-10-15,14,350.73,345.09066826277643,343.42100706697477,345.17907703934833,347.0262952174126,350.0328952847512,346.24,346.83
2017-10-15,15,348.07,345.127965768084,344.03859255640293,345.5701537064166,347.51626250265355,349.95978649977053,347.12,347.99
2017-10-15,16,349.99,345.6778888098824,343.78636376288193,344.2325817511838,348.9967232904994,349.0823803989233,347.29,351.78
2017-10-15,17,340.57,338.8516102759923,337.5094153923201,338.3105203379805,341.7360166133772,342.4812776195848,338.57,342.42
2017-10-15,18,331.62,334.5200284744603,334.4962841963965,333.2793316905331,334.89212632971015,336.61748457309363,332.74,334.81
2017-10-15,19,333.45,332.4969481060094,332.2328104044512,331.34664398163835,333.824276444713,331.9434693422462,330.42,329.13
2017-10-15,20,328.33,328.0334257993225,328.4943773561749,327.35011767829246,329.0025623758243,327.9907316568185,329.04,327.99
2017-10-15,21,325.26,323.4130984689011,323.2922328063958,323.4093470463961,324.24842765673554,323.0177011666491,324.98,326.53
2017-10-15,22,317.18,314.1342380010636,314.72395626362544,314.6408852155563,315.9315554053667,314.0275513171023,312.89,314.94
2017-10-15,23,310.49,312.09942063212776,313.3179148847263,313.84295826774695,314.88034077423634,310.70470908943093,311.37,312.62
2017-10-16,0,312.52,313.7230249796565,314.0328266028592,314.67327067598126,313.02286340580434,320.3799459943636,316.24,311.06
2017-10-16,1,310.5,310.6257311053165,309.08277033417056,311.9668367675163,308.5748559649535,314.93552245267233,304.94,310.48
2017-10-16,2,310.72,311.3345291981271,309.1794928390027,312.408610344154,308.7147900077515,317.6276839180873,312.04,311.2
2017-10-16,3,308.93,311.3345291981271,309.1794928390027,312.318169541064,308.7147900077515,318.1234995717811,311.86,309.68
2017-10-16,4,340.4,328.27361064322895,324.93925998904217,327.95384505270454,326.31442059400683,328.1521287730377,331.63,316.47
2017-10-16,5,338.87,339.4111194457743,335.2307715805347,337.75783079322184,335.99119477166926,333.30231325163885,338.31,318.56
2017-10-16,6,338.1,340.8237680315542,339.1144337284825,341.10217663770237,339.98275807087015,337.14591771673565,337.94,327.74
2017-10-16,7,345.15,343.75827447522886,341.6806035497093,345.7300969602085,344.3019093024068,340.4142973053521,337.22,329.83
2017-10-16,8,360.65,363.2578842375893,360.48032830075965,362.71316094729684,362.3080654826126,362.1082851791526,347.64,333.44
2017-10-16,9,382.12,372.91809903177614,372.75972016691384,373.5753202333675,373.2595521535156,367.538046496061,352.44,334.72
2017-10-16,10,399.55,387.0600844247065,383.911448967204,383.86214924289715,386.05382566261017,379.8701720210053,374.34,340.84
2017-10-16,11,415.32,390.07390151438386,386.4295413478617,386.3342843877777,388.5665645564481,383.55503545566984,377.82,338.17
2017-10-16,12,427.54,395.466317692424,393.24544183051125,391.75681424792384,396.0023000716231,385.68297596195504,376.6,343.35
2017-10-16,13,427.67,402.84065878674295,401.9149519015591,399.8093698053685,401.46904713020984,390.52429680654075,385.69,344.43
2017-10-16,14,435.9,400.8442202044347,400.68103259819685,397.1710922971744,399.3676592958094,389.8604913899,381.2,350.73
2017-10-16,15,434.5,403.27412685639877,403.31878837838195,400.5553891116825,401.3660089877298,390.1524992313684,384.19,348.07
2017-10-16,16,428.2,399.59937612228276,399.8682213403773,398.6461393511593,400.62553578287606,385.534251543322,375.26,349.99
2017-10-16,17,411.98,411.6257277899595,412.28487220881664,409.4152264128177,411.5822627283081,377.2738384691103,362.27,340.57
2017-10-16,18,395.09,366.04121454047345,365.06021491961167,368.41539376048735,367.515705478734,358.2597748759329,358.43,331.62
2017-10-16,19,382.67,364.277943187637,363.71607460787806,366.84266687638325,365.44999111306646,355.16589164139964,357.91,333.45
2017-10-16,20,364.83,360.3785736080712,359.4786896289417,360.4221002825239,361.0522303076324,348.7961997326185,351.49,328.33
2017-10-16,21,343.59,349.9685232948405,352.3986970058315,353.8561425108959,351.31506499984636,344.02163953147755,348.43,325.26
2017-10-16,22,326.8,331.51817109930465,332.56965531057307,332.23637258233646,329.3340943452813,334.0961450700999,332.85,317.18
2017-10-16,23,318.44,326.9188046436581,327.98834034781686,329.12235379220436,325.3085113134864,329.0270074368542,328.14,310.49
2017-10-17,0,317.79,320.59295429841444,320.4497018426725,320.8070670479566,319.3299502864365,327.32425426455535,330.27,312.52
2017-10-17,1,315.31,319.78276351291964,320.48660864611986,320.44476870162885,320.4365331159535,325.1549496482176,327.85,310.5
2017-10-17,2,322.21,319.93146708876117,320.48660864611986,320.27598153348373,320.34016700828147,325.8714436469238,329.97,310.72
2017-10-17,3,314.66,319.93146708876117,320.48660864611986,320.39886773146884,320.34016700828147,326.40923603111133,329.96,308.93
2017-10-17,4,320.94,335.2796913489611,335.8476497083812,337.3806793013236,335.82603310822003,332.70711789953026,332.56,340.4
2017-10-17,5,334.44,337.29417583541897,337.27737796947054,338.28393884744986,336.9878080540834,337.33463714875694,338.98,338.87
2017-10-17,6,329.86,343.10568308651057,343.1123746224878,344.9785688670054,343.2135067603003,343.2151271683893,346.9,338.1
2017-10-17,7,349.2,346.8417540561905,346.6586871937375,348.730186142556,346.7918146475112,348.36926209038114,349.55,345.15
2017-10-17,8,366.27,363.4990561530519,366.1536495119239,366.74120544467945,364.8870675513534,371.74655745843415,361.66,360.65
2017-10-17,9,396.45,382.6727462851235,382.38535948797,385.27777079928865,383.42349506447624,380.30012470943916,368.41,382.12
2017-10-17,10,411.88,399.86009080618607,399.9178650607318,403.58336797093585,400.0191742621717,387.1865080018671,372.81,399.55
2017-10-17,11,422.83,408.0610477445703,406.51614349900535,414.97946133634207,411.14296751387906,395.9288201439237,383.78,415.32
2017-10-17,12,430.86,416.34886671427375,417.0687222582093,419.693337928475,416.56758957263366,399.9735990851672,385.4,427.54
2017-10-17,13,445.85,416.75598971140414,419.1478317478084,420.2272636462031,417.1007539726329,402.36475223654156,388.47,427.67
2017-10-17,14,444.77,417.47395028091734,420.1903536178088,423.00081249027164,418.79793257763714,405.62791718736906,393.57,435.9
2017-10-17,15,453.42,417.1719042034149,420.25063269067255,422.89622152804424,418.6200037594882,402.6797707369403,387.82,434.5
2017-10-17,16,436.32,412.8630852943684,415.5392319574757,416.103409256157,416.8032700634362,399.1303292784127,384.17,428.2
2017-10-17,17,426.62,398.90774110191614,400.1352291155146,404.8185261863296,404.02171237201503,392.8313610872182,378.33,411.98
2017-10-17,18,406.44,376.10181000123913,376.57154139434954,376.3080176210931,375.32245819150586,370.41606039601965,367.17,395.09
2017-10-17,19,396.36,364.64690117722273,365.4111077101487,364.31243655361664,364.1584362096936,362.06903875637244,357.4,382.67
2017-10-17,20,381.72,358.5496464383226,360.0799117748694,358.19236177187247,359.09124871880493,356.87521324639613,357.88,364.83
2017-10-17,21,373.64,348.8816082113224,349.45289928384256,349.03242030130536,347.6009256715269,349.3421736227117,353.2,343.59
2017-10-17,22,357.48,332.2626438304827,332.145511483396,330.6959326653948,329.6574088808928,337.3477510127317,334.9,326.8
2017-10-17,23,347.87,324.81847062595665,324.7965261228423,325.15260625382933,324.2959456559524,331.3797500236536,328.35,318.44
2017-10-18,0,341.49,334.8344681975974,335.11127925470527,335.6269060235899,334.50162296322964,340.89441652269977,327.99,317.79
2017-10-18,1,336.15,334.1388288480172,333.70101209068633,334.0155998410165,334.9519469315461,337.4629360490215,322.44,315.31
2017-10-18,2,330.72,336.5504290930253,336.31013731127445,336.68720395867274,337.96801316821353,337.5096965716813,320.79,322.21
2017-10-18,3,322.4,333.0980406921533,333.0358413705977,333.74834663229524,334.72345362007854,337.3098826702195,320.62,314.66
2017-10-18,4,336.88,342.53352883121846,340.83590528536837,341.5409622554694,343.1497738412425,342.3973606480068,327.75,320.94
2017-10-18,5,339.81,347.75155931195826,347.6195199576064,349.01025957637404,350.9427902400845,350.2216294318496,337.86,334.44
2017-10-18,6,347.31,352.72826762569537,351.62705120196676,352.0871916377338,353.90318197046196,354.25014284530084,342.15,329.86
2017-10-18,7,350.7,362.51833999503674,362.10265538390894,363.84744522048567,364.3547929734594,364.34267349190037,353.83,349.2
2017-10-18,8,379.01,380.62354983797815,378.61793260135056,380.9722629936003,381.45074903406925,388.19682501823615,366.94,366.27
2017-10-18,9,394.69,402.67103174984226,401.7344765740573,404.0937951529435,404.1688232685765,402.66642837885183,386.34,396.45
2017-10-18,10,404.53,416.06937270094596,414.1575905381839,416.33604651645317,416.9330407721828,412.6726406565708,399.42,411.88
2017-10-18,11,426.28,424.6599748213307,423.67415576133845,422.94775149853257,421.89050712690835,423.3671834854601,416.91,422.83
2017-10-18,12,437.92,432.84833894562104,433.84300333576175,430.43231356849697,429.9711577650249,429.52324052023926,425.27,430.86
2017-10-18,13,442.7,436.287436010277,437.7647864596294,435.35132859719,434.5683211969952,434.22894862749456,429.81,445.85
2017-10-18,14,440.64,435.97793112200867,437.3368075214261,434.78432309090726,434.107820956775,436.3981014076163,434.92,444.77
2017-10-18,15,440.08,435.97793112200867,437.3368075214261,434.78432309090726,433.843669919323,437.44620368705046,436.45,453.42
2017-10-18,16,439.73,435.65966755084816,436.37685389935297,433.9194903906345,434.23793771165066,431.553000668298,430.03,436.32
2017-10-18,17,422.68,415.6981012775401,414.83474715039705,415.7211650019114,414.4787552452091,420.3269020162922,409.47,426.62
2017-10-18,18,404.52,400.48135480598995,399.9398990267313,400.6443889464871,399.1322511305334,394.782738576118,390.98,406.44
2017-10-18,19,377.29,392.4653213649832,392.41018139490166,394.11425335923184,391.74210019385384,383.4005967335225,372.65,396.36
2017-10-18,20,370.47,372.60832705780336,371.1915729956115,373.39096913013793,372.6332788197825,373.935252523937,361.11,381.72
2017-10-18,21,353.57,365.8982767802674,366.7298489797352,365.2752017028271,364.7304750726424,368.006451627848,356.57,373.64
2017-10-18,22,348.68,344.6613995275694,343.8238723272122,344.3608378492998,343.0789698706742,353.81396662950857,332.39,357.48
2017-10-18,23,344.02,340.6149064791821,340.02482471475986,340.690892927467,340.0576180206585,345.4734365503951,320.08,347.87
2017-10-19,0,335.91,343.1556583103269,341.7552292596014,341.8014811956433,342.08526724552866,340.51673978396104,321.85,341.49
2017-10-19,1,332.12,338.8292690592979,337.27841712030033,337.8939061686623,338.7119710985032,339.7981007342982,324.19,336.15
2017-10-19,2,324.37,339.40970609514255,338.6213421541477,339.12363343349415,340.14270485067294,339.4516416212099,325.28,330.72
2017-10-19,3,317.74,335.3706963838242,334.4549180386698,335.4116394740666,335.96221684133945,338.37423673908324,323.08,322.4
2017-10-19,4,328.22,346.4800804278997,345.20523260990007,345.8408706345505,347.0755403489074,345.52363527323945,333.05,336.88
2017-10-19,5,339.19,348.0223312032048,348.5635431756661,348.68237026812284,349.10087992285366,349.99146785248865,337.7,339.81
2017-10-19,6,340.46,357.3746909679908,357.6126977334059,357.2619831182184,358.04507127941224,356.70974099108264,345.27,347.31
2017-10-19,7,356.32,363.82116015352676,364.63249091350576,367.40457577258064,366.9061988238211,366.34909486538805,360.63,350.7
2017-10-19,8,384.98,387.3390190542413,385.7734063838066,385.4582192098399,386.0245701474487,392.4110740054777,375.81,379.01
2017-10-19,9,410.28,404.08259033559915,403.7584975281554,404.28569976289225,403.8548762501469,406.14282824146704,397.71,394.69
2017-10-19,10,424.57,417.8167862108347,417.310173348267,416.85491493479213,418.4016417891605,416.6882419864722,413.88,404.53
2017-10-19,11,428.82,431.2473847694852,430.09940561453305,428.56060659155935,429.8808654501117,423.76302245002864,418.72,426.28
2017-10-19,12,438.22,441.3627441482523,439.885943851903,440.36695002667466,441.1423161076339,430.984331513481,428.73,437.92
2017-10-19,13,441.07,441.8652986690137,440.1727618410923,440.3746320623363,441.2179717150486,434.5876260685624,433.52,442.7
2017-10-19,14,438.13,441.8646315165902,439.98117352124444,440.1262979114987,440.80349042675493,435.0114017912105,434.41,440.64
2017-10-19,15,439.19,441.8646315165902,439.98117352124444,440.1262979114987,440.71726820745187,433.65483431677103,432.52,440.08
2017-10-19,16,433.19,439.7912099690718,438.0226826478969,437.30056954664406,438.8387903232924,430.2406609691789,427.41,439.73
2017-10-19,17,409.79,422.7239312454024,421.9285180971997,420.8624424101986,420.30366375268403,422.68746301355577,418.58,422.68
2017-10-19,18,398.11,403.7878351173564,403.54088065189205,403.62809608633336,403.5901580346532,397.5605751469357,400.77,404.52
2017-10-19,19,376.87,386.87617790821105,385.56208870908864,384.35666223016875,384.6732489457783,384.2645459391342,382.71,377.29
2017-10-19,20,368.41,376.17466039195153,373.99865303283605,373.78245663585335,374.0055321256004,373.92384634883257,366.53,370.47
2017-10-19,21,365.35,354.77090798733866,353.50533737352094,354.39734873891655,352.5750136773243,363.14219345816525,352.13,353.57
2017-10-19,22,336.06,344.810801552228,344.83327975463106,343.5039980177515,343.5186697142519,352.3355173818706,333.28,348.68
2017-10-19,23,329.93,340.1073003479256,339.75361644993336,339.83781723431395,340.53795586857785,347.35236514440373,328.15,344.02
2017-10-20,0,324.3,327.70196049971463,327.94350253321005,326.92530274056935,328.3296555707438,333.59849417989557,325.77,335.91
2017-10-20,1,322.45,326.70150260284794,327.0966447090489,327.2287213210838,326.83734492331644,330.95883755746814,322.67,332.12
2017-10-20,2,329.44,323.93052910077563,324.00446782703136,323.37472821820165,324.40059178553685,332.20039174346266,328.57,324.37
2017-10-20,3,317.01,322.93606518341295,322.13224239093955,322.21126649379397,322.75110766203665,330.6841922497246,324.72,317.74
2017-10-20,4,329.31,333.12283845579645,333.15481383247294,332.1970158817008,333.21166870806167,335.1200198381936,328.89,328.22
2017-10-20,5,335.76,338.85734262042376,338.91596809435845,338.10833259814916,338.879834113765,342.5221892537564,338.68,339.19
2017-10-20,6,342.46,346.8528825060845,346.58635007547275,347.0160292151042,347.27887232896086,349.57884307346995,349.02,340.46
2017-10-20,7,346.58,353.9102436626861,352.8963369588168,353.64591763539613,354.37989490999973,355.9010194076995,352.01,356.32
2017-10-20,8,368.37,377.8924054194621,376.9976666601359,378.46476922975074,380.01729588966896,382.99711003504876,369.82,384.98
2017-10-20,9,389.95,394.77715063993236,394.64248613821155,394.606493337355,394.7714745005211,397.91458088611614,391.86,410.28
2017-10-20,10,407.26,403.42494513343456,402.42003236366594,401.6873257170435,398.766128984978,408.2056743476348,406.02,424.57
2017-10-20,11,410.85,414.8893837007918,415.1710301042429,412.73530105531916,411.87399731846693,416.1678752791308,418.48,428.82
2017-10-20,12,421.23,423.0187104206255,423.49742556092696,423.48223630266244,425.8289341566779,420.1080977625711,420.69,438.22
2017-10-20,13,423.08,424.4365600262462,425.2354653771224,424.9225670667238,427.44118862095746,425.27827512603193,430.12,441.07
2017-10-20,14,426.1,423.9489533999856,424.4136540860528,423.4651440610129,427.28932902272425,424.41048825537814,427.94,438.13
2017-10-20,15,422.78,413.10061547322204,412.31392477986526,414.1981130786335,418.36031440465814,418.5756330002329,413.98,439.19
2017-10-20,16,408.75,408.1956415812203,405.12965999070605,407.72708004926636,414.300414649273,414.70122014565493,409.4,433.19
2017-10-20,17,380.25,390.9968778515894,390.04856430804426,389.2565023057067,391.6104380892155,401.09014025770017,386.84,409.79
2017-10-20,18,363.69,375.89061858892006,374.7108371602394,374.82826303144986,377.1141139354289,378.0608678600976,372.42,398.11
2017-10-20,19,363.6,360.7241801697449,359.9644924535585,358.9111459532474,361.91817743655014,368.58330571227594,362.41,376.87
2017-10-20,20,362.97,361.10007509639047,359.770668781113,358.94975233093743,362.3243141835096,366.342358512743,367.67,368.41
2017-10-20,21,349.04,355.68218538693066,355.37908237989615,354.13095174738305,357.0854432486041,359.6379331759641,359.6,365.35
2017-10-20,22,329.45,334.93218399198133,334.13393685547754,333.5319941002756,335.56135539824675,346.1115129087705,341.14,336.06
2017-10-20,23,314.52,328.0539086588935,328.0661654576364,328.60392991967126,329.1248168066938,338.69336119096016,330.16,329.93
2017-10-21,0,313.0,317.3499065043839,316.4800214033174,315.084938624993,316.61438579673774,318.65244369051504,330.57,324.3
2017-10-21,1,316.23,314.04026306166924,313.92182221284065,312.78669570093837,313.0339463068987,315.0161524413418,324.35,322.45
2017-10-21,2,312.86,318.5838282355317,318.86842844268267,317.9054312796478,318.34425945698075,313.4924758864695,318.66,329.44
2017-10-21,3,312.17,311.1538904680724,311.17306442832296,309.75398722180347,310.11748096194515,310.637210559399,313.15,317.01
2017-10-21,4,317.14,320.6819492591781,320.3623734608748,320.2764347997741,320.29799857820933,317.0706779165889,321.96,329.31
2017-10-21,5,320.22,322.8343761970412,322.8791086434482,322.4606585955654,322.71548377840946,319.65236266225935,320.68,335.76
2017-10-21,6,328.64,329.0865790946367,327.7296435278469,328.7464248100232,329.8698822809389,328.0572321095189,332.86,342.46
2017-10-21,7,332.46,334.71638154328525,333.50755373787774,331.86665487089186,334.8775532555649,332.6251993100777,334.88,346.58
2017-10-21,8,333.25,336.86526782450284,335.2643255666637,333.6820380912408,336.3746699383058,338.88168763169597,335.43,368.37
2017-10-21,9,333.58,339.59713816437954,338.21520311235565,336.53729288749696,338.8405483399738,345.18841068183815,336.31,389.95
2017-10-21,10,337.33,341.6840271244527,341.23442841796356,340.2231677115745,340.62137031092055,351.26610906775363,338.62,407.26
2017-10-21,11,338.93,343.5257103225227,342.6409928667922,342.41293843008157,342.1503953839757,355.4777392202005,341.54,410.85
2017-10-21,12,339.91,347.7432729751913,345.933824506617,347.17474130423005,345.10981975179516,359.3077788815553,343.12,421.23
2017-10-21,13,344.2,345.522009536426,343.32030503844425,343.88246559891286,343.351343973779,360.13552694042954,341.58,423.08
2017-10-21,14,341.46,347.7197479596595,346.7757253762055,347.4290827559657,346.4607710173582,362.85972202034685,346.83,426.1
2017-10-21,15,344.39,348.2053442746184,347.0836600097087,347.70803268451346,346.9507383025991,362.3720703363017,347.99,422.78
2017-10-21,16,341.12,349.01389887673486,347.5328803266563,347.1821374614061,349.5959430208139,360.80125043166464,351.78,408.75
2017-10-21,17,333.84,342.440889192564,340.8026992344885,340.7484005706347,343.0483864659619,351.7025164432396,342.42,380.25
2017-10-21,18,330.21,337.53949439844786,335.2856877100551,334.7466974395165,338.1974017751533,344.097838716878,334.81,363.69
2017-10-21,19,329.35,330.9118650637566,328.79697618360893,328.9784695787673,330.049181431594,338.7813137437911,329.13,363.6
2017-10-21,20,325.42,328.5821499242361,326.5804151571208,327.53788469600426,328.15962147907084,334.9793318682214,327.99,362.97
2017-10-21,21,321.97,326.1563832731058,323.5005788126173,322.1951291342688,324.7115290819718,329.54128094552425,326.53,349.04
2017-10-21,22,315.02,316.9605033444509,316.9573388581728,315.2200910441752,316.755448721277,319.798855719877,314.94,329.45
2017-10-21,23,312.12,310.2819518419787,310.4601597934697,308.7689749859199,309.58960794225055,314.67776753324006,312.62,314.52
2017-10-22,0,307.89,310.78276385791645,311.5597456985227,311.1651311604264,310.72734589314615,305.872630146585,311.06,313.0
2017-10-22,1,311.94,311.3939878343077,311.50930027600845,311.3480987491923,311.3981499100532,305.0042280442481,310.48,316.23
2017-10-22,2,308.12,310.97020572370985,310.90527446729646,311.6350593872259,310.50887986791145,304.73022462761804,311.2,312.86
2017-10-22,3,312.02,310.86990065949607,310.61540454709893,311.33359500494913,310.50887986791145,304.7905951246156,309.68,312.17
2017-10-22,4,317.77,313.6954316937123,315.04565191125107,315.08411553575723,314.15909651392843,309.57333671832004,316.47,317.14
2017-10-22,5,321.01,319.1215421492262,318.2799405875836,319.21787343877213,318.3359924222622,313.0575581025684,318.56,320.22
2017-10-22,6,330.17,328.4146552799629,326.5320210846043,328.03698275053785,326.75911691397863,320.5030043139078,327.74,328.64
2017-10-22,7,330.59,328.9151613799161,328.1874533255951,328.19101632643816,325.42280217930306,325.06423071443254,329.83,332.46
2017-10-22,8,334.25,330.755820941996,329.5895827652251,329.99448685920476,327.300119830392,330.0375689007519,333.44,333.25
2017-10-22,9,336.49,333.06588188689585,332.353854168243,331.73736408849413,329.61610408484364,334.00547367453754,334.72,333.58
2017-10-22,10,338.2,337.22817140649704,337.04015498275174,336.54566696880454,332.73672142523105,339.97023146386226,340.84,337.33
2017-10-22,11,339.84,334.1393163496908,333.55120717767824,332.99905606781715,330.54486992736105,341.79613814990046,338.17,338.93
2017-10-22,12,343.94,339.35769247491885,339.42392698411186,340.33597936842915,336.75624037963684,345.9237698123532,343.35,339.91
2017-10-22,13,346.12,340.71074483385365,340.1786075765969,340.59051505988964,338.4338765341891,348.06326509797304,344.43,344.2
2017-10-22,14,351.15,340.36203195316233,341.41753490232287,342.8179075203096,337.6450461957908,350.5263182325618,350.73,341.46
2017-10-22,15,349.68,341.30091689304635,340.97730961598023,340.69272957088305,339.2885183881646,349.3056397972982,348.07,344.39
2017-10-22,16,348.31,339.3266054311878,341.5095580463213,341.9456284526291,337.94492377328623,348.2845905412172,349.99,341.12
2017-10-22,17,343.18,335.71806911885005,336.8876167669324,335.50347591129577,333.79227256883405,341.6639317019286,340.57,333.84
2017-10-22,18,334.01,329.1185573841121,330.55549956206534,328.4917485613394,326.59045251755975,335.0639140472737,331.62,330.21
2017-10-22,19,333.26,330.3120587600405,331.1885339863634,331.1825673446751,330.9527546080083,332.5599858153836,333.45,329.35
2017-10-22,20,327.61,325.5763789188002,325.58020122354054,325.1975336657179,324.94239652790566,326.8259745456071,328.33,325.42
2017-10-22,21,327.71,323.8132084718302,322.5862357315265,322.93515830695014,321.90298006669354,321.99145280860654,325.26,321.97
2017-10-22,22,314.83,314.2345119162462,314.6172461719985,314.8495603418702,313.94381577250823,315.0849126700457,317.18,315.02
2017-10-22,23,313.61,312.2740364958993,312.98976458546025,312.95084196950586,311.66740792653314,309.6786522492549,310.49,312.12
2017-10-23,0,314.14,315.67472151464585,314.59940234101595,313.7415607630171,313.60883616943715,319.93029765859814,312.52,307.89
2017-10-23,1,315.29,314.98892661626115,314.4397541208472,314.085694579565,312.81848505572975,318.6064789594843,310.5,311.94
2017-10-23,2,315.54,314.4869247664044,314.0683247785263,313.7515116843301,312.1064457941751,318.0908449139338,310.72,308.12
2017-10-23,3,317.73,315.2099546289291,314.22724956313596,314.2177887658804,312.19348677273496,318.59092754557815,308.93,312.02
2017-10-23,4,337.12,336.3385174618887,337.69869601023595,336.2862692321787,338.18130730950537,333.0141820023109,340.4,317.77
2017-10-23,5,337.83,335.60177694922237,334.8605058166159,333.7719746101973,331.62330369280585,335.1190517987288,338.87,321.01
2017-10-23,6,348.31,338.355161731032,339.8206007253884,337.97587083745117,338.3754434300352,338.80381774821956,338.1,330.17
2017-10-23,7,349.51,344.1125202427127,345.5245010439167,345.2758320297325,344.4749686878597,344.88271435608465,345.15,330.59
2017-10-23,8,366.6,358.7154897107336,359.9926324536173,357.62135037224857,358.41244442915746,368.9682169981298,360.65,334.25
2017-10-23,9,388.15,378.5131808266508,380.8118902184697,376.91381431281445,378.18174967584685,380.9667717279618,382.12,336.49
2017-10-23,10,405.97,395.54664215373543,392.9385160053644,391.3043220890018,389.42204808087837,391.06187806402363,399.55,338.2
2017-10-23,11,422.2,407.39745669915186,406.4677725777715,405.37418539338375,405.95604487685944,400.01993083777256,415.32,339.84
2017-10-23,12,434.38,419.55844516981585,420.2912082487698,413.94652632046655,416.053820656634,407.23253818857705,427.54,343.94
2017-10-23,13,448.64,420.13875696329035,420.822718483452,413.91387089837684,416.12947626404855,408.75126325463805,427.67,346.12
2017-10-23,14,441.11,421.21289217361897,421.7520585784829,416.78190635890354,418.43558527011805,412.8703703167055,435.9,351.15
2017-10-23,15,440.87,421.6984884885779,422.0582311763369,416.78190635890354,418.43558527011805,411.61524490726754,434.5,349.68
2017-10-23,16,434.78,417.9613450447469,418.50708283582,412.062368857742,413.5302476071359,407.6353657337371,428.2,348.31
2017-10-23,17,413.91,402.0720914490771,398.99668557467004,398.5396414863313,398.9716147482821,398.63566799718615,411.98,343.18
2017-10-23,18,399.81,383.72275196793703,380.6082721157733,379.97397058254023,380.8536901319246,374.134460293652,395.09,334.01
2017-10-23,19,388.94,378.2332849955329,378.62646666498836,375.5202520125708,376.6087638822234,366.13258426477387,382.67,333.26
2017-10-23,20,367.53,360.5345543038569,360.8671738855762,359.24277812497877,355.7651028069796,355.2783438897052,364.83,327.61
2017-10-23,21,356.58,345.097359104284,343.71360315919344,344.46175130442737,342.3777432983336,343.8369297750317,343.59,327.71
2017-10-23,22,344.3,329.065499295682,329.0663168792466,326.1902006997538,324.12628449191317,332.86784009368085,326.8,314.83
2017-10-23,23,333.02,320.8735582247939,321.17127564965847,321.08332398690396,318.67316965110064,327.0180552526699,318.44,313.61
2017-10-24,0,328.98,325.48279056659277,323.87162846325185,325.53681156078335,324.36775397589975,329.6082154416197,317.79,314.14
2017-10-24,1,329.36,323.8288405249327,324.6282636623633,324.8101043369567,324.9878739627406,327.77471161730773,315.31,315.29
2017-10-24,2,325.61,325.15218993442903,324.6819801356255,325.75868656556105,326.0096394543868,330.33047671213683,322.21,315.54
2017-10-24,3,329.68,324.34012703352585,324.7531309893286,325.15170228267016,325.2419469636185,328.40909531580644,314.66,317.73
2017-10-24,4,336.68,335.067114323959,333.0021926960779,334.79140700492707,335.9086171029943,334.7002790256706,320.94,337.12
2017-10-24,5,341.22,339.1143851195876,337.6614110724362,338.0588626444493,339.0590908480858,342.32434460981733,334.44,337.83
2017-10-24,6,347.19,347.12263150155405,345.1688507498613,345.708116593704,349.8574395305904,344.6920637054558,329.86,348.31
2017-10-24,7,358.01,352.0361391886244,350.05519288012806,350.175188398281,349.8492059607554,355.61497070995694,349.2,349.51
2017-10-24,8,375.05,370.9106018627653,370.20691928520256,371.9448701908822,370.8305458590803,381.6038193759246,366.27,366.6
2017-10-24,9,407.48,393.9490846475043,392.2820494900529,391.87151360627956,389.93825733757626,399.2375567387587,396.45,388.15
2017-10-24,10,421.5,410.3541457928412,409.463095247285,410.12158626221003,410.15834906642294,410.4471732394587,411.88,405.97
2017-10-24,11,425.97,422.84147434158035,421.1352832049892,422.22330071597656,418.67164919611497,419.2489251357524,422.83,422.2
2017-10-24,12,430.63,432.33725947602454,432.93243250107247,432.74584590311326,430.096306570847,425.78223277456226,430.86,434.38
2017-10-24,13,441.21,432.7450176692392,433.4699988036381,432.74584590311326,430.7220921185761,434.460413126048,445.85,448.64
2017-10-24,14,430.24,432.8237507556454,432.85712339539464,432.5604069511585,430.57023252034287,433.4918944740629,444.77,441.11
2017-10-24,15,438.69,432.79314026240206,432.85712339539464,432.5604069511585,430.3060814828909,436.2610207809919,453.42,440.87
2017-10-24,16,432.98,429.7869733622052,428.3850280971918,428.4039214781511,428.2744567891683,427.54275132350574,436.32,434.78
2017-10-24,17,416.6,417.46171041262556,416.6577930667443,416.4581480430238,414.2838744857684,419.2090739809224,426.62,413.91
2017-10-24,18,400.6,397.85392182177327,395.18923088662024,396.7482668281212,395.06061324493726,393.1345460375151,406.44,399.81
2017-10-24,19,380.11,387.8735431550701,385.61661118640257,386.5358438389276,384.4904352616467,384.8481667273262,396.36,388.94
2017-10-24,20,367.05,374.1911851969681,372.4781774786757,371.28699203826176,372.4254975086525,373.3808084132866,381.72,367.53
2017-10-24,21,355.12,365.16619634745234,363.8839588658443,365.00764486559024,363.327802541374,365.73494270064185,373.64,356.58
2017-10-24,22,336.91,349.7519501955898,348.88049844471,348.3064999250716,347.3878168645341,355.0877013077235,357.48,344.3
2017-10-24,23,328.39,337.14342605118026,335.890797695032,336.16303686470974,333.7089047292783,347.57952617960666,347.87,333.02
2017-10-25,0,325.5,333.7955968241301,332.367194964124,333.0156436770936,333.7549555417677,339.2681824922627,341.49,328.98
2017-10-25,1,326.44,328.21788961883664,328.5422260130615,328.72535745784256,329.44561902999976,336.25239522683023,336.15,329.36
2017-10-25,2,324.65,323.7091313789895,323.6107818599611,323.2788701865179,324.39013524566775,333.5820515641882,330.72,325.61
2017-10-25,3,319.62,326.72056096216875,326.70295874197865,327.1794480835802,326.6908514913606,331.59567280670393,322.4,329.68
2017-10-25,4,329.47,334.8378848309251,334.0786064642636,334.13487945760147,335.18616596620086,339.6094090097961,336.88,336.68
2017-10-25,5,334.13,342.77162342454164,342.8249780949059,342.84743352086014,344.33198629989386,343.6015208628304,339.81,341.22
2017-10-25,6,338.28,349.4093559008356,349.0186841447655,348.0683630816233,350.4796603377524,350.11271663932234,347.31,347.19
2017-10-25,7,351.96,354.7768403570338,354.75644058389076,354.8243085919598,356.2987189628759,355.9966105258518,350.7,358.01
2017-10-25,8,363.19,375.1787358234239,374.2799635944483,374.75522174737154,375.4793301196951,385.80245570716016,379.01,375.05
2017-10-25,9,387.01,402.08213853798406,402.2823585175349,403.91569643196243,404.06611751594517,399.0992729289934,394.69,407.48
2017-10-25,10,407.53,417.952041584432,417.3325538317753,417.3986415751949,417.7748072060096,407.6880684848507,404.53,421.5
2017-10-25,11,421.71,426.8547501426756,425.9745844079909,424.4613104498293,423.79953300015563,419.26970570909845,426.28,425.97
2017-10-25,12,437.25,432.65424165509125,431.9662815902571,431.1891450552727,431.1079280072115,426.2999064512853,437.92,430.63
2017-10-25,13,439.08,437.26414594047657,436.1703200863886,436.1294560321874,436.7613295874688,430.58158425449955,442.7,441.21
2017-10-25,14,441.02,433.21794288261884,431.9971187907243,431.45083641375476,431.0777429683195,428.815733198491,440.64,430.24
2017-10-25,15,444.71,436.84153652771477,435.91433929766646,436.38346535500784,436.16557206427274,429.0335899783111,440.08,438.69
2017-10-25,16,424.58,433.4664850125048,433.1159883251803,432.21627805558234,433.7900375517369,426.8296273613541,439.73,432.98
2017-10-25,17,418.32,416.77686922433423,416.772476379237,415.75671514392263,416.2249116719059,416.1758820202131,422.68,416.6
2017-10-25,18,404.68,399.7592453123658,399.37186544071466,399.1006514502903,399.99745960195975,391.1760463065423,404.52,400.6
2017-10-25,19,391.41,378.52729640391215,377.72128233822895,377.4864373815212,378.27188691181885,375.12639797692736,377.29,380.11
2017-10-25,20,369.95,367.8997175806462,367.0479755506673,366.35832457310806,368.5851693970222,367.67175648296967,370.47,367.05
2017-10-25,21,362.6,351.97670172767454,350.4098819785396,353.1559221980261,352.0040941943308,356.5081156516988,353.57,355.12
2017-10-25,22,344.14,340.7117725816953,339.14561652972407,338.9766026609257,340.4137175239931,349.5336673216619,348.68,336.91
2017-10-25,23,333.61,335.86156412719026,333.2443809502956,334.96216634361383,336.37374399079306,344.27831028992364,344.02,328.39
2017-10-26,0,327.07,331.5991652232281,330.6962845495526,331.5662218876887,331.966437326166,336.0946619775618,335.91,325.5
2017-10-26,1,329.74,328.88375852697874,328.0235973003465,329.24756552737597,330.0446793805094,333.74105446007576,332.12,326.44
2017-10-26,2,328.73,327.5862890149995,326.3762709876816,327.9152618710937,328.2238704865511,330.40102304888785,324.37,324.65
2017-10-26,3,325.44,325.69741356397833,324.85942657562623,326.4892095643556,326.5553658095908,327.9949373098312,317.74,319.62
2017-10-26,4,339.64,336.70818995553515,335.11553224984164,336.6378309771591,337.7898468754127,334.7949498377659,328.22,329.47
2017-10-26,5,345.03,338.2412985104544,338.76677924150135,339.81843450552554,340.4712324780058,341.9096182930478,339.19,334.13
2017-10-26,6,349.42,342.28785770700404,341.47407442984155,342.60419240399744,343.8196367053925,345.7966199222078,340.46,338.28
2017-10-26,7,365.06,355.6553570972592,355.3112801848493,355.255310647441,354.9876146946891,356.8405648327647,356.32,351.96
2017-10-26,8,389.01,380.3748740067454,379.9456305715017,380.18733356132014,380.639417535368,386.21707978216693,384.98,363.19
2017-10-26,9,402.53,402.04401420208416,400.86903939701193,401.0429347755053,401.53886980058826,402.22353037729255,410.28,387.01
2017-10-26,10,417.74,416.44419014187855,415.05630288078964,417.2689428282246,418.1180327363656,413.30089868875467,424.57,407.53
2017-10-26,11,423.08,425.6927738166351,423.5911540017796,426.07956468087997,425.6084419820203,419.25951736496916,428.82,421.71
2017-10-26,12,421.51,433.3092387738297,433.8999381770435,433.94425177985545,433.9991966135803,426.70679117549554,438.22,437.25
2017-10-26,13,433.68,434.250642622346,434.402589357545,433.94425177985545,434.7363056827506,429.21560898598574,441.07,439.08
2017-10-26,14,431.93,433.80593050744335,433.74726418151204,433.75881282790067,434.180751426931,428.63149411551717,438.13,441.02
2017-10-26,15,439.11,434.2406718628309,433.74726418151204,433.75881282790067,433.916600389479,428.9184000214456,439.19,444.71
2017-10-26,16,428.71,426.10281518695257,423.48342466805667,423.542406659437,425.98923410763587,422.834348593848,433.19,424.58
2017-10-26,17,421.43,411.4183810411766,410.1098832592993,409.9808217143613,411.1407584852121,410.9166238406989,409.79,418.32
2017-10-26,18,404.6,398.8270469169911,397.51938545806007,397.07417721547324,397.6529446012109,388.58350662024293,398.11,404.68
2017-10-26,19,377.65,384.2996589457889,384.02056304360633,383.5430677793418,384.41131373657186,375.6997892549147,376.87,391.41
2017-10-26,20,362.29,371.50373204462653,370.9419414627676,369.3389140982314,372.1008062162953,366.6211776706077,368.41,369.95
2017-10-26,21,357.18,363.49522556795625,363.5665520325199,361.6810786820885,362.4898988117439,361.34746172521255,365.35,362.6
2017-10-26,22,336.47,341.4253037524358,341.0312713484543,339.68049944525995,341.3199851352459,344.90368994880725,336.06,344.14
2017-10-26,23,327.21,331.7880340115386,331.4923170522786,331.9856977407558,332.72346085520854,338.8402605457849,329.93,333.61
2017-10-27,0,327.85,323.836543086241,322.24164237221646,323.7179234016796,323.0965323930341,328.0160935466934,324.3,327.07
2017-10-27,1,330.04,326.6385900458492,326.7409928760452,327.0601207298765,326.64636012624635,326.60316623734366,322.45,329.74
2017-10-27,2,334.78,326.72955553893075,326.8651446641375,327.194229516001,327.8116630940966,329.04366308787405,329.44,328.73
2017-10-27,3,327.83,324.6369028084761,323.8017831101063,324.14278817626223,324.7149684846173,324.5884325002112,317.01,325.44
2017-10-27,4,336.98,336.2537051148941,336.47582761712044,335.3345194751504,335.66185228184185,332.59611093666757,329.31,339.64
2017-10-27,5,340.33,342.004216918797,341.23982471262485,340.8881987290583,343.13949655849405,338.04334317128746,335.76,345.03
2017-10-27,6,339.78,346.81529167372173,346.24340213512926,345.96509381623724,348.5979388888143,344.05703638850815,342.46,349.42
2017-10-27,7,350.48,355.2711342346308,355.1690334752917,353.9204633591139,356.6159887031415,350.7926046157312,346.58,365.06
2017-10-27,8,366.18,376.66461154123954,375.74256547375273,377.3332472222257,378.9991961262563,379.4979260477169,368.37,389.01
2017-10-27,9,383.91,391.8543305729191,389.84296550313525,392.1720488393059,391.1576941142068,392.8617086750889,389.95,402.53
2017-10-27,10,397.57,408.1673087176162,405.03232166011634,405.7553121289016,405.1698897964749,404.492908131179,407.26,417.74
2017-10-27,11,399.69,409.7743157136224,407.15614331190454,406.90331888721875,405.28819162440925,409.168394659415,410.85,423.08
2017-10-27,12,408.73,419.7540852341123,417.22182573097655,416.9144783734166,417.4019801064486,414.99463161484533,421.23,421.51
2017-10-27,13,431.95,427.3057012137969,425.0206768668084,427.19292494623943,428.15934436271635,418.3465979279341,423.08,433.68
2017-10-27,14,430.4,423.7264231935798,421.2813108505525,420.7624727970045,422.3420686428149,419.645800356909,426.1,431.93
2017-10-27,15,421.87,426.8410135175221,424.4121412403335,427.1452677145558,427.9672814971066,418.6598790001241,422.78,439.11
2017-10-27,16,411.84,404.93458993240216,401.86567827954514,403.0662454800044,405.05883268636137,410.62305650330245,408.75,428.71
2017-10-27,17,383.07,391.2632568016162,390.48379294350434,392.6104730636703,393.3654000657076,396.61785997837393,380.25,421.43
2017-10-27,18,374.6,367.60481271547394,367.80504711522013,367.7860172012828,368.72310987034024,371.53954995130886,363.69,404.6
2017-10-27,19,362.94,362.7881485679135,362.4709755166654,361.93941531434604,364.17007934373413,365.22469506750906,363.6,377.65
2017-10-27,20,357.45,357.4524768569873,356.53165911393296,356.6557555664693,359.73038066449726,359.8872096710083,362.97,362.29
2017-10-27,21,349.71,348.8761529148816,346.55628630919875,349.7393782790625,350.0285594159342,350.664692886285,349.04,357.18
2017-10-27,22,328.82,330.4122076670216,330.2985424998625,331.405060921251,331.0910235560852,337.6973051350424,329.45,336.47
2017-10-27,23,323.28,323.0702318764268,321.83424167973646,324.1970495879302,325.08974354191463,328.36735700457086,314.52,327.21
2017-10-28,0,325.05,320.33335290930575,319.2494492520041,319.1954139113329,320.2748749425668,313.5009456001776,313.0,327.85
2017-10-28,1,319.05,321.7252897196276,321.46277074900286,321.15085394087964,321.70815308935516,313.9930283756504,316.23,330.04
2017-10-28,2,317.05,322.0345819724978,321.6381554129727,321.30422134841325,321.6409824428399,313.100017509719,312.86,334.78
2017-10-28,3,313.35,320.1568176853524,319.7312106525091,319.219022551313,319.7511999518584,312.7522039378155,312.17,327.83
2017-10-28,4,319.9,325.6095133241366,325.29387109396663,324.50190640435284,324.23727874900544,317.3285438834855,317.14,336.98
2017-10-28,5,324.52,330.7118259565035,329.4707865532685,329.784704725122,329.9199830134917,321.23101196508327,320.22,340.33
2017-10-28,6,326.69,330.6069543597201,328.955902049313,330.06834996287614,330.0370664272219,327.32823862075537,328.64,339.78
2017-10-28,7,329.97,334.7380256707361,334.87530119646414,333.46025580214155,336.174164261205,333.36692993107164,332.46,350.48
2017-10-28,8,331.23,336.7589035495548,336.3773501408992,334.3134471377376,337.224195186277,339.0004300834638,333.25,366.18
2017-10-28,9,331.96,339.25978333951656,338.8410993720013,336.0400146920297,340.30428302995773,344.642654531434,333.58,383.91
2017-10-28,10,336.91,345.2636753034216,345.2758040465081,343.9271263625181,346.1613606356159,350.8494517093595,337.33,397.57
2017-10-28,11,333.56,345.4489826727788,345.54198882589566,344.2040995835291,346.3817069723364,354.37946507132597,338.93,399.69
2017-10-28,12,330.34,347.5980889464904,347.02402057221764,347.46481577559234,349.6436444431554,357.82180246064956,339.91,408.73
2017-10-28,13,336.26,352.7227311863688,352.05753259872324,352.4300505269977,354.11956904570513,363.4210699699722,344.2,431.95
2017-10-28,14,339.44,347.0772849783712,345.91258150648423,347.1130243103784,349.6313953541075,362.5190805397191,341.46,430.4
2017-10-28,15,337.78,351.91521588608646,351.395661716002,351.9068593821251,354.1597161618383,362.10460075896646,344.39,421.87
2017-10-28,16,340.44,344.27999593819544,343.56676528994035,344.6555562599869,347.6242345418473,358.2750692715294,341.12,411.84
2017-10-28,17,332.39,336.2869698350944,337.91072088472947,334.3976372040515,338.99719792696357,349.9498457082037,333.84,383.07
2017-10-28,18,328.65,336.05946079796894,336.8124332319022,333.5876891547836,337.9292218261383,344.8367430503671,330.21,374.6
2017-10-28,19,330.25,332.8389077856338,332.0194904562703,330.51545753048345,333.4495729739055,340.02278434266987,329.35,362.94
2017-10-28,20,329.88,329.0575345426098,326.30529351460416,327.0437490677064,327.80558369511516,334.569041507283,325.42,357.45
2017-10-28,21,326.36,326.15039461066056,323.36686271501543,322.87483119050086,325.9604974834964,329.0884228137623,321.97,349.71
2017-10-28,22,318.12,319.24207353677923,318.3144472589556,318.5559056263481,319.56969497029684,320.9860369296441,315.02,328.82
2017-10-28,23,313.03,317.49401602185725,316.77916539819824,316.5497524699334,317.25385107091415,316.7436262289352,312.12,323.28
2017-10-29,0,312.85,313.97758683185987,316.50791725619416,312.7279977220646,316.266815573469,307.30680327531815,307.89,325.05
2017-10-29,1,311.27,312.6344962781312,313.7349459620246,311.0875921985036,314.2128197412171,307.15240485111207,311.94,319.05
2017-10-29,2,308.66,311.3536083415213,312.7700437655935,309.84167888270133,313.3305885932431,305.292322160235,308.12,317.05
2017-10-29,3,311.2,311.17067338724826,312.3898416990056,309.9641571085671,312.8480222808976,307.10228711778694,312.02,313.35
2017-10-29,4,317.77,319.11525087736214,321.18506737085784,318.19981002092516,321.0068298187837,311.67441577314753,317.77,319.9
2017-10-29,5,319.61,321.6336745235792,323.99554625992806,320.2205056063889,322.95510485163265,315.7882332890952,321.01,324.52
2017-10-29,6,328.61,326.9366694928391,327.96808704947114,324.69908341807064,327.6382315378321,322.4917415052266,330.17,326.69
2017-10-29,7,328.74,329.8322077663818,331.09965822601526,330.41251089741144,331.3756892828167,326.3422851998075,330.59,329.97
2017-10-29,8,330.33,332.43632556391657,334.7347894028872,334.16973328657497,335.1384108711259,331.386672109494,334.25,331.23
2017-10-29,9,334.35,334.01687036262473,335.5543777896452,335.1043765165047,336.2510802707441,335.7672314741643,336.49,331.96
2017-10-29,10,339.64,336.4614953784019,338.51630459196076,338.76794550962853,339.09994344351674,340.1600583861917,338.2,336.91
2017-10-29,11,338.2,339.6758932342747,341.4998425485809,342.3497765673922,342.2610227928473,343.0618324902667,339.84,333.56
2017-10-29,12,347.57,344.57986837155846,344.60028805719173,346.5494278490765,345.07931355186247,346.26822630946947,343.94,330.34
2017-10-29,13,346.64,346.04124730852465,348.0043831682118,348.73411453377196,346.25177482040505,349.015662836073,346.12,336.26
2017-10-29,14,347.4,347.79749760335403,350.8043916288681,350.12589982783163,349.0225380460069,351.67543100441895,351.15,339.44
2017-10-29,15,349.33,348.3253664974508,350.5908577338132,349.9415210644168,349.06320020531206,350.3674658156584,349.68,337.78
2017-10-29,16,351.85,343.97760359559373,346.03929150140084,347.5067622072541,345.9868535787134,348.76598066307173,348.31,340.44
2017-10-29,17,352.41,340.2300790057702,341.4356666897901,341.84517647341397,341.9760629413603,343.71039134462603,343.18,332.39
2017-10-29,18,340.44,333.62791012702087,335.453786087466,335.56817754427743,335.8951400002347,337.01111350779377,334.01,328.65
2017-10-29,19,334.45,332.7118185849118,334.90070540012135,334.56123954137826,334.33527376656815,333.7999940377597,333.26,330.25
2017-10-29,20,333.32,329.99870600793207,330.53931572581104,330.2991326838315,328.97963369699204,328.28348586150236,327.61,329.88
2017-10-29,21,329.59,325.06245835833676,325.1547257478458,324.537320532319,324.2785087847897,324.6725246022717,327.71,326.36
2017-10-29,22,319.82,315.21217703677365,315.64469323032796,314.562156920453,314.6161637682846,315.76511917518894,314.83,318.12
2017-10-29,23,316.16,314.1965681809852,314.80856512818053,313.5409989009657,314.15897930738237,312.2255061636824,313.61,313.03
2017-10-30,0,315.88,315.2329651199794,314.8019032610075,313.2911892245411,313.4488059989354,321.91821298400464,314.14,312.85
2017-10-30,1,316.25,315.02493745801286,313.21185941477853,313.3447664473188,311.81920641998494,321.1633016597355,315.29,311.27
2017-10-30,2,315.2,315.4999794118848,313.28786364502133,313.5746816578876,311.65008181002304,320.80659024010487,315.54,308.66
2017-10-30,3,319.08,315.76493396505055,313.70576932471954,314.06112548682233,312.60100316897064,322.6902541339632,317.73,311.2
2017-10-30,4,340.59,333.014825764899,330.2028816847095,329.58533629643733,331.6416506734634,332.5409993092411,337.12,317.77
2017-10-30,5,341.31,339.33807493623334,335.2343089428213,334.82967401764495,336.6036366530078,335.3495575281251,337.83,319.61
2017-10-30,6,343.94,346.70291716246817,346.3080320230788,346.04508129158967,348.5201274606074,343.3674233164014,348.31,328.61
2017-10-30,7,353.83,349.51670535232654,348.79082960077045,350.51087398057103,352.72953300121685,347.14885907418244,349.51,328.74
2017-10-30,8,370.5,367.00446641711926,366.10392475325614,363.1543074730456,367.0757385476538,371.4873590297954,366.6,330.33
2017-10-30,9,390.94,385.4471129903439,385.6060882725777,383.8554374625507,383.99573185206566,383.7230505200665,388.15,334.35
2017-10-30,10,404.26,405.850982803579,404.5422292630085,402.79324219241755,402.8745095239797,394.38601043235394,405.97,339.64
2017-10-30,11,425.86,415.94390959244447,417.0292017582316,413.00467326755654,415.8484401436791,403.15462058498366,422.2,338.2
2017-10-30,12,429.07,423.27349781881446,427.098546007687,420.38097195486904,424.6978709334392,410.96656843639096,434.38,347.57
2017-10-30,13,426.19,423.8732645494666,428.2240217216118,420.34831653277934,425.5047965735494,417.57918601215994,448.64,346.64
2017-10-30,14,430.76,422.95763880835597,427.86983357207254,420.6650399859672,425.4043306146418,415.0953198582896,441.11,347.4
2017-10-30,15,432.04,423.3080278966806,427.912614223141,420.6650399859672,424.8060729255961,414.68468512596627,440.87,349.33
2017-10-30,16,423.23,421.314297274372,426.16203921994185,420.1384778438869,422.61099113272576,411.24050421463056,434.78,351.85
2017-10-30,17,409.45,403.98881744221757,405.6920029487995,405.74768522439956,407.00782837358577,401.10978621676367,413.91,352.41
2017-10-30,18,401.44,389.65453356707997,390.23458652885375,389.6601394917213,390.3014772043662,377.4738694282021,399.81,340.44
2017-10-30,19,375.35,380.2008307287969,383.2178933098584,381.3847636595902,383.4339439120096,369.4556108312168,388.94,334.45
2017-10-30,20,366.21,364.35736400175836,365.85846328903614,362.7381587578198,365.69284165184337,357.75448872796505,367.53,333.32
2017-10-30,21,358.79,353.516128987269,356.1908135319149,352.9811932697971,357.06563151371495,349.845583365542,356.58,329.59
2017-10-30,22,333.41,341.29756321716235,342.22020096355897,340.8017346472698,342.516237552013,340.99104457856197,344.3,319.82
2017-10-30,23,331.71,326.4731419508648,327.6710858723018,326.72072773777444,326.72738965112376,333.7297032734716,333.02,316.16
2017-10-31,0,333.17,326.33000674709314,325.72073734159636,326.11213999644303,325.7230578252336,332.9220663528239,328.98,315.88
2017-10-31,1,335.34,325.90762383172364,325.81214726345445,326.28410116399147,326.3661702391262,332.08617137632916,329.36,316.25
2017-10-31,2,333.08,325.37440577306427,325.09641552825786,325.6326613027473,325.92335216042414,330.3541594528175,325.61,315.2
2017-10-31,3,322.5,326.19525225156707,326.05695666053043,326.4558027306776,326.8206831841559,333.1125394660122,329.68,319.08
2017-10-31,4,330.46,342.0564358151107,340.802011714498,342.5524112319787,342.1571747561013,339.92135060952364,336.68,340.59
2017-10-31,5,345.92,344.5313084710903,343.9222631463598,344.4595288760913,345.58323731386656,344.0746006424195,341.22,341.31
2017-10-31,6,351.9,349.5525316265969,348.17159772737307,347.92117476413625,348.95611085683396,349.5968970557312,347.19,343.94
2017-10-31,7,357.71,357.7185316824975,356.75213433157916,357.68903344350264,357.15188292527154,358.2492233901518,358.01,353.83
2017-10-31,8,373.84,376.22386882623243,375.0147410650589,375.18611464042505,374.9981177339139,384.7744934773042,375.05,370.5
2017-10-31,9,404.4,401.27396528378466,399.9796304631935,399.62165973220306,398.63966199668215,403.1581730488356,407.48,390.94
2017-10-31,10,420.76,416.0475473856498,415.5347318559505,415.19563449136996,416.7537772870263,413.30636141329074,421.5,404.26
2017-10-31,11,439.73,425.025545895745,424.7815219705164,424.19546196876126,422.9911073327325,420.2493302284761,425.97,425.86
2017-10-31,12,437.31,432.07184966411575,430.8684823050226,430.73440549642226,429.8330127197802,424.44050497409427,430.63,429.07
2017-10-31,13,439.13,433.26365832429013,432.10096569498563,431.9206278593652,431.1094616067893,429.4129534676048,441.21,426.19
2017-10-31,14,440.8,432.7693237893391,431.451822141009,432.6793781844837,431.7939266080963,426.0586552563223,430.24,430.76
2017-10-31,15,446.69,434.56389277304976,433.61298731194734,435.1019868916234,433.5233431489536,428.94271691674874,438.69,432.04
2017-10-31,16,433.19,428.66183973492207,427.0524932802124,426.4851447546423,426.5876231533559,424.32007499024724,432.98,423.23
2017-10-31,17,415.0,414.093827239512,412.99128818927693,411.5795255636298,412.1591790096692,414.24348488270795,416.6,409.45
2017-10-31,18,396.48,399.1411138735213,397.51296531499645,398.6429447719063,397.7793730047829,389.91352664302156,400.6,401.44
2017-10-31,19,385.18,378.08228285203364,376.4294328335924,377.96453444230207,375.7121274962919,375.8076846876096,380.11,375.35
2017-10-31,20,370.31,367.70829400405336,366.61507285994696,366.53013857394075,365.90247585194663,366.38874515283146,367.05,366.21
2017-10-31,21,364.5,354.1872293754876,354.1964485577219,355.74873215788153,354.9815960875093,357.65885368396505,355.12,358.79
2017-10-31,22,342.87,336.3110740138767,335.53620008154815,335.3000233421476,334.950580379497,344.6638293921589,336.91,333.41
2017-10-31,23,339.45,331.212334393701,331.01054555969597,331.49666934362915,331.4514370901546,338.68886005504623,328.39,331.71
2017-11-01,0,335.58,336.7462526653076,335.20496630899925,335.9474994228623,336.79077989337844,335.30011063210316,325.5,333.17
2017-11-01,1,343.31,337.0076389765204,336.31414972535185,336.62724657922695,338.3724309352923,334.8880595103491,326.44,335.34
2017-11-01,2,340.65,335.5615691506322,334.3381518326545,334.66291258016133,336.9967409057076,333.7675057167378,324.65,333.08
2017-11-01,3,331.53,332.94186079098336,331.707301278486,332.4414446321783,334.28538035024974,331.30109375135675,319.62,322.5
2017-11-01,4,342.87,342.44689051631946,341.63396965707494,341.9594511902232,344.0545681887997,337.61501113583205,329.47,330.46
2017-11-01,5,346.49,347.82219281562624,347.8295639576201,347.82990447354126,352.6598910423211,343.54735087638113,334.13,345.92
2017-11-01,6,348.06,356.3362007328955,354.9500595832747,354.9620729315906,358.8389470076955,348.7593052446902,338.28,351.9
2017-11-01,7,360.14,363.4799099958325,363.56137824246554,364.40320012338356,366.16571912315527,358.03832251559874,351.96,357.71
2017-11-01,8,381.26,377.50073724140134,377.58027640088426,379.51259958724506,381.02114084753765,382.4367835716988,363.19,373.84
2017-11-01,9,405.94,403.44342771189747,402.28851906290305,403.4909009206845,405.5657234975501,398.6839246266855,387.01,404.4
2017-11-01,10,419.15,419.7557420270808,419.6382394004137,418.20203069265557,422.0721737960317,411.7075128285498,407.53,420.76
2017-11-01,11,425.37,431.0305073928743,432.9296228975115,431.27511233363765,437.9428420822843,422.10085099039554,421.71,439.73
2017-11-01,12,436.48,436.52095656759604,436.43743159279234,436.48691027086034,440.2554331236341,429.8422275873698,437.25,437.31
2017-11-01,13,434.74,436.9092151276862,437.00650589812983,436.48691027086034,440.33108873104874,431.9879832020488,439.08,439.13
2017-11-01,14,433.37,437.1231554407267,436.6300211082418,436.21180897767636,440.0729604439044,433.28996669483195,441.02,440.8
2017-11-01,15,432.53,437.09254494748336,436.6300211082418,436.21180897767636,440.1197505682512,434.87907123025167,444.71,446.69
2017-11-01,16,427.87,434.0891980174412,434.0175385637447,433.20727150632644,436.8933572824658,424.13005164560406,424.58,433.19
2017-11-01,17,417.27,417.6490010316565,419.55581307916526,418.2618258253969,419.05031324285665,417.4504730955131,418.32,415.0
2017-11-01,18,400.85,399.18713742992725,400.5943862660211,402.0396202198846,403.01460261606184,392.6150669378054,404.68,396.48
2017-11-01,19,385.93,386.56531856488044,387.64141407779323,387.17311242463103,387.7679455930689,383.0414652158181,391.41,385.18
2017-11-01,20,366.29,374.4727028605889,373.4359904098851,374.26450702373603,374.662690556299,369.69760959138716,369.95,370.31
2017-11-01,21,363.63,364.3763161201408,363.72146250545103,364.38713630045476,364.4334202716718,362.92580184354284,362.6,364.5
2017-11-01,22,341.4,343.9051197071485,342.93549006579315,344.10284999100963,344.16734586323895,350.2716964984563,344.14,342.87
2017-11-01,23,342.16,337.3185127002696,336.4467058507195,336.739079113832,337.4932849463542,343.3126740272906,333.61,339.45
2017-11-02,0,340.38,337.58112905900634,336.537461831071,336.58740585757346,337.23902500575446,337.4861999215083,327.07,335.58
2017-11-02,1,337.56,342.5412743811438,341.22144167602426,341.497347331768,342.253488667622,338.4000457934513,329.74,343.31
2017-11-02,2,335.71,341.34571825820484,340.21608532080637,340.95547215730863,341.39321027091546,337.53647441823193,328.73,340.65
2017-11-02,3,327.57,337.97381123428073,336.37292681500975,336.90733377539414,338.24956804602533,335.9168791518229,325.44,331.53
2017-11-02,4,344.8,346.7341009699422,345.55115369584473,345.17508812769563,346.8445282276335,344.3125494766827,339.64,342.87
2017-11-02,5,349.91,351.9738801777652,351.7452336824796,351.50759768504065,352.29834827251835,349.13501948328593,345.03,346.49
2017-11-02,6,352.89,355.9330759515684,355.3191929562028,355.68414028968647,357.0121419148187,353.92121584920045,349.42,348.06
2017-11-02,7,371.54,368.6136578627919,369.0890336565967,369.99459931166183,370.3259235064699,364.6957615908254,365.06,360.14
2017-11-02,8,390.03,388.22666923123165,387.1565576491522,387.28919584677976,389.97682842104325,394.5151182046876,389.01,381.26
2017-11-02,9,421.09,409.7714615648078,408.1473969172735,406.84238545769756,409.77054077521433,406.08501837281733,402.53,405.94
2017-11-02,10,431.98,423.72642026401803,422.71940191065517,420.91686133340824,423.9919407329,416.6821400837894,417.74,419.15
2017-11-02,11,443.57,428.37101825140167,426.1991154320807,423.92259579340106,429.2667244630591,422.15374070996734,423.08,425.37
2017-11-02,12,441.78,437.9987930627497,436.40140005248463,436.7354367849532,440.32334035540435,424.86689961510274,421.51,436.48
2017-11-02,13,445.2,438.4952229475354,437.259422099604,437.10789513330934,440.7826639224176,430.5904803885611,433.68,434.74
2017-11-02,14,441.77,438.2437312879121,436.0925637486655,436.7947855805529,440.36818263412397,430.1051838037564,431.93,433.37
2017-11-02,15,437.26,436.4851727158256,434.5209056145517,435.3011933824841,438.20250894041817,432.2501963274424,439.11,432.53
2017-11-02,16,431.86,432.45142525721354,430.9696939327181,428.80492882879577,432.69097801014095,426.30313806069955,428.71,427.87
2017-11-02,17,423.23,420.3976003595353,420.8599560126706,419.0215931480259,421.12796239618615,420.1211729077546,421.43,417.27
2017-11-02,18,398.71,401.2591303878922,401.85562026133243,402.46069540898793,404.73315476744693,394.3838019345522,404.6,400.85
2017-11-02,19,381.95,385.76058481998285,385.49584792250033,385.75646552038114,386.6506059369974,379.09347989892,377.65,385.93
2017-11-02,20,379.72,368.3423442125079,367.2988786263405,367.2755652092259,369.02015625630696,367.54865773004633,362.29,366.29
2017-11-02,21,368.73,361.91241165018295,361.44591943597527,361.75017418091005,361.1475338078473,362.015442017375,357.18,363.63
2017-11-02,22,345.08,342.8350661027419,342.2560844749039,342.3619288762079,341.569623383304,348.4225203406789,336.47,341.4
2017-11-02,23,332.86,337.51063071820585,337.75215049011837,338.8935167193762,338.072020090192,342.44892242447827,327.21,342.16
2017-11-03,0,334.77,336.18713974500866,334.3348332417712,335.5758136076677,336.24483273060093,332.92485427794213,327.85,340.38
2017-11-03,1,336.56,333.80418162895563,332.8694861618501,333.82513122662135,334.14042106138993,332.41003590505204,330.04,337.56
2017-11-03,2,336.86,334.76482547629314,333.77546215572346,334.8703467313477,335.1279421765933,333.8642384396168,334.78,335.71
2017-11-03,3,330.85,329.35089079690886,328.3316157229513,329.6535435193827,330.7129244039434,330.9430713417069,327.83,327.57
2017-11-03,4,338.03,342.8099876378246,339.7867780317064,341.51320575255016,343.5721763542882,338.07760341291214,336.98,344.8
2017-11-03,5,346.52,344.59414549168804,343.05572059087586,343.95184562696045,346.4336350254913,342.2857558175909,340.33,349.91
2017-11-03,6,357.92,348.6889683412266,345.78618432288766,347.09380101818937,349.1994602372943,345.32698013109626,339.78,352.89
2017-11-03,7,364.31,360.10944860650613,359.4297470750473,358.5265191043379,359.7843606862375,354.96414708822215,350.48,371.54
2017-11-03,8,376.98,377.1004791713589,377.33444100660313,380.2231390647054,380.4528278451947,381.3464914077674,366.18,390.03
2017-11-03,9,397.73,394.84893816120456,394.07588112589184,395.79088719975374,397.0122489562427,395.2964311560053,383.91,421.09
2017-11-03,10,405.49,405.2731114367724,403.4842185948506,402.52379134964144,406.925951876815,405.02234642976566,397.57,431.98
2017-11-03,11,417.01,408.2040056723078,406.21254057912773,408.9748553354057,412.1956540036301,409.88190778542605,399.69,443.57
2017-11-03,12,418.74,414.56390859307936,411.604910078876,414.6819388848758,417.1695575929509,415.182443315372,408.73,441.78
2017-11-03,13,426.67,428.7045773047383,427.34721809737795,428.4267008458687,430.60317088879674,425.788676076575,431.95,445.2
2017-11-03,14,425.87,428.65292296618577,426.6029808562292,428.1783666950311,430.77982248452116,425.1398364751026,430.4,441.77
2017-11-03,15,418.51,428.0754617618513,425.9173376928613,427.5301259885892,430.3099323056195,420.7780433436511,421.87,437.26
2017-11-03,16,402.57,411.3758660264095,408.1768134329111,408.56487897875246,412.4619771755069,414.88800516008155,411.84,431.86
2017-11-03,17,388.67,393.5943746880637,392.7119486854692,394.84787730844033,396.5049414594342,400.62665396510556,383.07,423.23
2017-11-03,18,371.04,379.60600579894697,377.3697502652463,379.8335011653599,380.38836741461466,377.1070898118193,374.6,398.71
2017-11-03,19,367.85,366.54350245750277,364.55524648465166,364.44001851307195,367.41726516372313,367.5138493079356,362.94,381.95
2017-11-03,20,364.67,363.43809497038615,362.0604779328531,361.1331478658356,364.7184396432984,361.8344937284091,357.45,379.72
2017-11-03,21,356.78,354.93554381274583,352.5945586340226,353.7088762312309,357.24939918846394,354.3028906826001,349.71,368.73
2017-11-03,22,333.71,336.521136737153,332.30655894581747,335.1173587018495,337.34008390038196,340.47197277621115,328.82,345.08
2017-11-03,23,326.99,329.7610851575615,327.0791427887831,329.42507271527944,330.0481934704179,334.4083444312791,323.28,332.86
2017-11-04,0,325.96,326.4068516490483,326.52994989560943,326.56993041613157,327.2957972290566,320.9761996354745,325.05,334.77
2017-11-04,1,320.69,326.23631523270416,325.6647280627713,326.57090627420143,326.534487483543,317.83448473157694,319.05,336.56
2017-11-04,2,323.81,326.397948464612,325.8670404262928,326.5941045218789,326.84054325843005,316.93326387054503,317.05,336.86
2017-11-04,3,319.34,325.53365784874353,325.16374859776414,326.0838875386252,326.33838275955316,315.51842894794476,313.35,330.85
2017-11-04,4,326.05,330.0279307227879,329.2670431134721,329.62849153976913,329.46387417430105,320.4637592377701,319.9,338.03
2017-11-04,5,327.3,334.2049098666307,333.1558469926438,333.4564893416337,334.97452744725996,325.5601983186994,324.52,346.52
2017-11-04,6,334.4,335.99686714285053,335.28743711627556,333.94071807246064,337.65920639595583,330.6440044912184,326.69,357.92
2017-11-04,7,331.71,340.02315900494426,339.51685187696705,337.35981070941483,341.25874509588385,335.9688956583627,329.97,364.31
2017-11-04,8,168.69,340.31568726199134,340.79224693444513,337.56471127138275,341.4656071759012,341.4341249965115,331.23,376.98
2017-11-04,9,250.93,342.72393176357633,343.33038191047876,341.2722769447828,343.7704617015233,347.59672734813756,331.96,397.73
2017-11-04,10,336.67,346.97068478425507,345.8479153484091,345.25726808142207,347.63171034261353,353.58684551019905,336.91,405.49
2017-11-04,11,338.75,344.8050093494399,344.1719014908266,342.52644456161124,345.7430197262091,356.3240471576766,333.56,417.01
2017-11-04,12,345.81,346.3186159154314,345.81431508960276,343.70585068988083,347.3007106741417,357.29855744958735,330.34,418.74
2017-11-04,13,341.67,349.0031630733725,346.52623582090274,347.35338696659977,350.0110568114388,361.7459063220773,336.26,426.67
2017-11-04,14,341.65,348.8171829902547,346.0691422233915,348.56591929640797,350.9449666084105,363.23752622381295,339.44,425.87
2017-11-04,15,341.79,348.32602413079604,346.16877125596955,347.3504659512034,349.66167572495624,361.1988516241507,337.78,418.51
2017-11-04,16,338.49,347.2061752565243,346.7400954616845,348.8173812283207,349.7442459951175,358.97778861214914,340.44,402.57
2017-11-04,17,336.12,341.29911640383364,341.67543194911093,340.8616124575851,343.5832579895703,352.11095912564974,332.39,388.67
2017-11-04,18,332.45,340.2267321062587,340.2681875113222,338.475778892058,342.08808558177566,345.8796775039849,328.65,371.04
2017-11-04,19,333.15,337.85479061942635,337.0677585500474,337.1576239382541,340.8947159053266,343.01162981646405,330.25,367.85
2017-11-04,20,332.53,335.9479339615864,334.9881571969681,336.16996704426845,337.9685673292281,339.2001432994965,329.88,364.67
2017-11-04,21,334.98,331.7142474838463,328.5850875230781,329.48486013914805,331.1690672151291,333.66449147930035,326.36,356.78
2017-11-04,22,322.56,326.2424828290766,324.27539635236974,325.5274333698536,326.5933958710626,324.79321291616344,318.12,333.71
2017-11-04,23,323.38,321.7310172494524,320.7205706364237,322.1833584268696,323.6252685379337,319.54926949781765,313.03,326.99
2017-11-05,0,317.38,324.1129286206577,323.85594994495756,324.01089388877693,322.6763561414615,315.88797482207923,312.85,325.96
2017-11-05,1,318.49,322.9624843144559,321.81538817924314,322.26043700485997,321.65175769279386,313.6297594035698,311.27,320.69
2017-11-05,2,319.65,322.5109903324415,322.11670612015405,322.0544530663643,321.89107947128593,312.82880091007775,308.66,323.81
2017-11-05,3,319.51,321.849254179929,321.22897750495247,321.13500315702896,321.1737356897392,314.0124100508261,311.2,319.34
2017-11-05,4,329.74,327.8689150951746,327.29311510778155,326.5883022334247,325.3755447715398,318.91305135253566,317.77,326.05
2017-11-05,5,332.48,328.5442240519805,327.6524694423256,327.88977070319794,326.39391830718677,322.08414342215605,319.61,327.3
2017-11-05,6,335.69,332.9673763413662,330.8509658869992,333.32458932213115,330.3313815927179,329.30427165240303,328.61,334.4
2017-11-05,7,335.52,331.9814192148109,330.42659281770705,331.5896636862727,329.63220789664086,332.3417708904789,328.74,331.71
2017-11-05,8,341.55,329.3187899006787,328.1050340593202,327.3059761098959,327.13553544749874,317.25963889078673,330.33,168.69
2017-11-05,9,338.29,332.49275192862444,331.33559783426665,329.513208845241,330.43069184294365,331.9272932164778,334.35,250.93
2017-11-05,10,342.22,340.59557744174225,339.30315734363677,339.25794368185194,340.62612529767404,347.2209556089538,339.64,336.67
2017-11-05,11,348.06,338.22358233515916,336.9100217625457,336.9492197157646,336.8073617675327,349.58173776804017,338.2,338.75
2017-11-05,12,352.88,347.84392640874734,346.12534498603856,347.3716540316328,347.1822956060716,356.04823996785933,347.57,345.81
2017-11-05,13,354.43,348.08271733389046,346.88265688928294,348.010552324692,346.6801701508936,356.4212246143107,346.64,341.67
2017-11-05,14,354.66,347.7584022211219,345.52517419502533,347.5967952241149,346.69417951208175,357.06425795669765,347.4,341.65
2017-11-05,15,353.12,348.33734022583553,346.6335923271247,348.60549007057546,347.6213663462644,357.29287001532407,349.33,341.79
2017-11-05,16,351.08,346.38405501782006,344.61191496086644,346.4996122038458,344.99634771237396,356.50210910781635,351.85,338.49
2017-11-05,17,347.6,346.1072886696962,343.88715784043,345.5674785313539,343.8881844390888,354.3203281717869,352.41,336.12
2017-11-05,18,335.1,340.56336125354284,338.03670234837597,340.0494688696053,338.7532716855538,346.54791640829364,340.44,332.45
2017-11-05,19,335.35,336.0944629119662,333.71954293266674,337.1216455679928,334.3219738581313,341.20258777151156,334.45,333.15
2017-11-05,20,328.41,334.2396890532409,332.0502508224412,334.38590770802307,333.3127874897446,337.4001933180259,333.32,332.53
2017-11-05,21,321.27,330.1155198217705,329.00133833854164,330.3029246325845,329.73386799124154,333.00289105291534,329.59,334.98
2017-11-05,22,313.52,324.30239071701783,323.76440701688745,324.57743730044865,324.8735611289383,324.79676831423563,319.82,322.56
2017-11-05,23,313.88,321.9716468861802,322.13643307505663,322.07856653150805,322.50906709624724,320.9975056345155,316.16,323.38
2017-11-06,0,310.29,311.9900620736938,314.97048209783935,311.6511109777628,316.3892601255146,320.17538804233624,315.88,317.38
2017-11-06,1,311.55,312.0659247924518,313.9385058245805,312.5928453308193,314.0110811835583,319.4169225284337,316.25,318.49
2017-11-06,2,310.53,313.7454014743439,314.9960564652175,313.6809269775788,315.0135946375409,318.98386923626174,315.2,319.65
2017-11-06,3,309.42,313.63110569249255,315.21621914638865,313.9716261783339,315.2300568854697,321.1911111145965,319.08,319.51
2017-11-06,4,332.93,331.26974393746013,337.0454452978979,335.6574360910552,340.8918917257534,332.28119181323734,340.59,329.74
2017-11-06,5,336.41,335.57051340785205,339.96392286368405,339.2257735101691,340.39828987996555,335.1924183586492,341.31,332.48
2017-11-06,6,336.4,339.93766274942186,343.8519537818397,342.850423908007,343.6173811443389,339.49037041615986,343.94,335.69
2017-11-06,7,347.33,344.8806616033376,348.05089915291364,348.9496497542991,349.48539221341036,346.60001020218357,353.83,335.52
2017-11-06,8,370.83,364.00105255480685,366.5244094928534,366.51328878579363,369.14452737230397,371.95543435394893,370.5,341.55
2017-11-06,9,380.04,379.62935142257106,380.0803557755396,377.22245843720236,384.2401632890671,382.91647383302757,390.94,338.29
2017-11-06,10,403.93,395.7626496945288,392.3261629049412,391.09570734446504,401.71415149744934,391.6936345626448,404.26,342.22
2017-11-06,11,410.19,408.00933396837604,406.76010947766895,400.05336461182975,414.2732134169697,403.4130019326076,425.86,348.06
2017-11-06,12,417.78,413.86582842007135,418.0899268341603,403.79081417570063,418.8822215046612,407.23857549513446,429.07,352.88
2017-11-06,13,417.47,410.4887213476719,412.31824639626666,400.19039930229894,417.28934233589007,407.53206960604757,426.19,354.43
2017-11-06,14,420.18,413.8600283329479,417.52638709137005,403.7442687499379,418.99042349681804,409.6829710890266,430.76,354.66
2017-11-06,15,423.68,414.3456246479068,417.9086486270477,403.7442687499379,418.99042349681804,409.46664742892375,432.04,353.12
2017-11-06,16,427.35,406.64156250209686,408.92783421081515,401.2645073298549,417.26674702559484,404.44516376418585,423.23,351.08
2017-11-06,17,414.32,390.8255935304824,389.9559951698029,394.4937806644976,405.3404579865182,396.5884070577142,409.45,347.6
2017-11-06,18,391.96,377.3302941813577,378.0222635318941,382.02558954224185,388.6306381703147,374.5981926076322,401.44,335.1
2017-11-06,19,373.22,363.54531020239136,365.3830258461133,366.027513623148,369.4001423478376,361.42503455802574,375.35,335.35
2017-11-06,20,362.21,353.12127532929736,355.7725384013364,355.1163089340153,357.5853428655539,353.77889730464057,366.21,328.41
2017-11-06,21,351.41,345.8447237259946,345.91104757134144,347.6665594445611,349.58434777205537,346.8227648468193,358.79,321.27
2017-11-06,22,335.01,324.9429731711823,326.2790516471078,326.19503154899337,325.86525012492217,333.1244307250422,333.41,313.52
2017-11-06,23,318.86,321.809001044743,324.48102016361395,324.02830492620166,323.4270505326389,330.02428642614035,331.71,313.88
2017-11-07,0,317.35,320.3081098214143,321.35361436062703,320.98264699864467,321.3904528751849,326.1821960845864,333.17,310.29
2017-11-07,1,317.65,323.82035644122243,324.30975551674436,324.0991675591586,325.0012082813724,326.13406564857564,335.34,311.55
2017-11-07,2,316.7,320.1914458167764,320.17605444208635,319.8295016767865,320.7013281423509,324.9732235978071,333.08,310.53
2017-11-07,3,317.92,315.9890267042683,315.9135381519528,315.93279683607113,316.25842364195984,321.4707373855219,322.5,309.42
2017-11-07,4,325.5,329.5861185912274,330.12255712705377,331.02490985287324,330.9168784476585,328.88048670766545,330.46,332.93
2017-11-07,5,337.09,338.5919602190703,338.55176957830207,338.1714023734404,336.4425449309125,337.5785091659582,345.92,336.41
2017-11-07,6,350.67,343.5240564445504,343.5776509598683,343.4585265225878,340.9241324205004,342.79280541053583,351.9,336.4
2017-11-07,7,354.02,348.98234960041276,349.5559212963163,350.051768315021,349.8169781143559,349.6309827606437,357.71,347.33
2017-11-07,8,370.12,366.8282662751153,368.04404644059053,368.1969083467586,367.4858449123453,376.75349189075223,373.84,370.83
2017-11-07,9,402.4,393.2849686818473,391.21409808393156,392.281867217465,391.71912702664196,393.0981865248531,404.4,380.04
2017-11-07,10,416.2,409.5575087000819,407.92721854400736,410.2334872184919,410.82600158044363,405.40262033793533,420.76,403.93
2017-11-07,11,429.41,423.9528043161597,424.38170468809574,423.8684955284761,423.1242588568232,416.15746038449,439.73,410.19
2017-11-07,12,427.66,426.6540972872337,427.1183163400659,426.69471885758594,425.5180871011484,418.13493934866256,437.31,417.78
2017-11-07,13,431.32,427.82029200090017,428.04173082719007,426.71370461847636,426.8459655586061,420.03092848538626,439.13,417.47
2017-11-07,14,429.77,427.08734666062276,427.591332653287,426.9677139412968,426.74012491229945,421.35527036117884,440.8,420.18
2017-11-07,15,426.72,427.67155574196744,427.3184177523416,426.9677139412968,427.4474884975928,423.5178432106835,446.69,423.68
2017-11-07,16,425.53,428.0786785727688,426.9748580837958,426.0874027993141,426.8604448220452,417.35642430873054,433.19,427.35
2017-11-07,17,418.95,410.4741680093045,408.64150937659133,408.85485466425786,410.6220332848556,406.67160678473545,415.0,414.32
2017-11-07,18,390.47,390.6544900169362,389.2002773363735,387.91743382258636,389.820583433513,379.53770920889656,396.48,391.96
2017-11-07,19,378.15,378.9297842656701,378.1512673554637,377.69668458921495,377.5793136435427,369.8499785945681,385.18,373.22
2017-11-07,20,366.73,363.7823939124631,363.4261441080652,362.50237694643346,364.50576165407534,359.50734896166625,370.31,362.21
2017-11-07,21,354.74,355.1174248696121,353.9580765419166,355.66514843035384,353.49963012239533,352.7411025057612,364.5,351.41
2017-11-07,22,337.85,336.81031741604556,336.5823897300491,336.2483350304557,334.67792075151505,339.4725349031367,342.87,335.01
2017-11-07,23,327.06,331.22711673460026,330.42857226244973,331.0746239401759,329.21926026380754,333.76115585243167,339.45,318.86
2017-11-08,0,323.63,326.52698834534345,326.149582565096,325.9816978114745,327.3252535697472,331.8009003232278,335.58,317.35
2017-11-08,1,324.22,332.0381303432691,330.49744842586887,332.06025047718833,333.9033957009227,333.7968525542709,343.31,317.65
2017-11-08,2,327.69,331.7657975845966,330.49744842586887,330.4151854841292,332.44190697796216,332.4956596696908,340.65,316.7
2017-11-08,3,320.58,323.1282452302658,323.13939180597436,322.0246762433251,324.2987991823052,329.83729168451697,331.53,317.92
2017-11-08,4,333.99,336.73171298941855,334.4741142746011,335.1478426756643,337.9643027554536,336.68391794861355,342.87,325.5
2017-11-08,5,342.66,342.87145662209156,341.9151681013816,340.7114801249515,343.5217541700639,341.7593418423715,346.49,337.09
2017-11-08,6,345.16,349.84212730974326,349.4214614921305,347.99550953091125,351.3655347310154,346.8679369716341,348.06,350.67
2017-11-08,7,361.51,355.5558494727312,355.3221227481563,354.7278597906168,357.24252150395944,355.238406573327,360.14,354.02
2017-11-08,8,375.53,377.2086465571242,377.0606612888575,376.0928376203104,379.090966583887,383.41010245972825,381.26,370.12
2017-11-08,9,396.18,403.15591661846895,402.23936174621656,401.1889152296425,403.9225218777101,400.19113384299186,405.94,402.4
2017-11-08,10,417.16,416.8142423611683,418.5697675807581,415.9989988555932,417.8009776016689,410.08469023667607,419.15,416.2
2017-11-08,11,429.15,421.1864297268581,422.9836214016496,418.539393850233,419.5847967813145,416.71981129655074,425.37,429.41
2017-11-08,12,436.64,428.18768294549204,430.4189926019424,428.0901739176052,428.638364985712,422.82477339677354,436.48,427.66
2017-11-08,13,440.85,429.7896482916294,432.171568485336,429.74689381548257,430.8421109729475,423.8044139853831,434.74,431.32
2017-11-08,14,439.51,428.77223136789326,430.28965221596224,427.745267308588,428.74517139943265,423.4455664005636,433.37,429.77
2017-11-08,15,448.11,428.0199423113413,429.738015262752,426.9133832028038,427.88964986702223,422.2291507835435,432.53,426.72
2017-11-08,16,430.75,426.08889671028453,425.0300202109096,423.35463584148255,427.11020738698915,418.9109272774933,427.87,425.53
2017-11-08,17,417.38,415.86060348878226,414.99352165495884,413.3598930889346,415.83062569604914,411.91816481512393,417.27,418.95
2017-11-08,18,408.18,392.4490137025029,391.48095552571755,391.330259628663,393.5716829220325,384.88304168012695,400.85,390.47
2017-11-08,19,389.03,382.6410521763095,381.460253200112,381.027616942672,381.7683716329711,374.55147942182447,385.93,378.15
2017-11-08,20,379.58,366.9716366808908,365.8864710491814,365.9030498428838,367.09649768427425,362.3182207795678,366.29,366.73
2017-11-08,21,367.86,357.4077027334579,356.8375234907094,357.49705737437915,356.2679026460017,356.6343272007343,363.63,354.74
2017-11-08,22,345.31,337.6886615608575,336.68151061358765,335.984093785279,336.92988002451796,343.0812941765947,341.4,337.85
2017-11-08,23,334.76,334.2103186526258,332.4111739948992,333.56983790246693,334.71146337396254,339.62346450956375,342.16,327.06
2017-11-09,0,326.26,335.7450623041871,334.5115805305771,336.11459214032374,335.8004030516028,336.55014666988603,340.38,323.63
2017-11-09,1,327.84,332.59788200780895,331.5734542587928,332.8235233192286,334.0389975912597,334.5018441729274,337.56,324.22
2017-11-09,2,329.69,332.574096940035,331.7373298050634,332.7331648510065,334.1573916986905,334.03599823872975,335.71,327.69
2017-11-09,3,326.17,328.28271690812176,327.6986032535521,329.1180588740015,330.082890796426,330.77817772114,327.57,320.58
2017-11-09,4,337.42,342.3667335068469,339.8953529694139,340.06423469401113,341.69584239041694,340.5902154247172,344.8,333.99
2017-11-09,5,347.67,349.86102817510744,349.0689813128112,348.96945413160535,351.02349675458,345.8991565499408,349.91,342.66
2017-11-09,6,349.66,354.4826062399758,353.9885583225053,353.7622465172777,355.2974160002645,350.2496155883242,352.89,345.16
2017-11-09,7,362.7,370.40297401037344,370.2106617168462,369.7673030374513,371.4593245513865,362.6906165374241,371.54,361.51
2017-11-09,8,382.97,383.25710908014594,382.7533868860622,383.46010386584896,384.00802886311004,389.5224357517001,390.03,375.53
2017-11-09,9,410.91,414.6549637057982,413.12371486797053,411.5389343286623,413.39511861405447,407.4013183560569,421.09,396.18
2017-11-09,10,424.68,423.15588468935385,421.9698657496908,422.4506891745457,424.7798231074239,417.24072875263903,431.98,417.16
2017-11-09,11,429.38,427.3129108482345,425.48841841347553,424.8153777079693,427.87025607775655,425.8073172478365,443.57,429.15
2017-11-09,12,431.34,436.4658365908339,434.91585509730504,436.69276861505637,437.8561385965387,428.0080205874357,441.78,436.64
2017-11-09,13,439.64,437.27565728436383,435.73708909681187,436.69276861505637,438.32256535177254,431.04603540784854,445.2,440.85
2017-11-09,14,443.61,437.35439037077003,435.12421368856843,436.747485674178,438.0376934098894,429.9131763786198,441.77,439.51
2017-11-09,15,442.52,436.5441168279639,434.7564612373077,436.747485674178,437.75528741432106,428.64644571332195,437.26,448.11
2017-11-09,16,437.27,432.6480719552557,429.9611825370984,430.73893692063143,433.4520663658654,423.1380138472608,431.86,430.75
2017-11-09,17,419.04,420.9175567697449,419.82979025662627,420.4079487728643,421.14396209104655,416.1074171546508,423.23,417.38
2017-11-09,18,396.63,402.4346032314215,401.9727842071853,402.6600734614904,402.22208578649725,388.28487364248866,398.71,408.18
2017-11-09,19,381.5,385.81406605700556,385.44919258696166,387.64326953213333,386.64106557073535,376.4382449604275,381.95,389.03
2017-11-09,20,369.93,378.16845329126255,376.72367937569436,378.87341481484486,378.711653196006,371.1713750018161,379.72,379.58
2017-11-09,21,359.35,367.81839129591845,366.2134307986967,367.5917999164187,367.09118304263797,362.2987025055797,368.73,367.86
2017-11-09,22,341.71,342.3237503853469,341.89870386269445,344.01847043185023,343.67164462612055,347.5321298220785,345.08,345.31
2017-11-09,23,332.72,332.9958423938188,332.3204661498138,333.98814065068086,334.34561031976455,339.084152979199,332.86,334.76
2017-11-10,0,333.74,331.03447258374626,329.7659302407188,330.6695653902143,329.9890250543007,333.5947619205349,334.77,326.26
2017-11-10,1,332.87,332.1562676832243,331.172505618503,331.87438429210414,332.903615959899,333.4494773224754,336.56,327.84
2017-11-10,2,330.31,333.5231182116467,332.27064032922556,333.2617651678438,334.58970004579714,333.62782789495816,336.86,329.69
2017-11-10,3,321.57,329.33076018699535,328.1192382834875,329.2179351480453,330.89552681097274,331.6190621424314,330.85,326.17
2017-11-10,4,331.99,339.00107127162073,336.92602378567756,338.578155954879,340.03604008411065,337.2919804285461,338.03,337.42
2017-11-10,5,342.89,347.71601025492623,346.1776684621726,346.1287335198533,349.6471653488067,344.0954871504642,346.52,347.67
2017-11-10,6,344.1,352.8190491764244,350.0438304732062,352.22033145246627,353.6175347223663,351.6430476252777,357.92,349.66
2017-11-10,7,347.35,364.03396198144503,361.8733699409894,361.9291416150495,363.5129401129817,358.9522338479658,364.31,362.7
2017-11-10,8,343.87,381.80158114275804,379.1211216303417,379.4585178259447,381.39706500976627,384.1394409862198,376.98,382.97
2017-11-10,9,349.3,398.9160783061136,395.37786803529167,396.76217826083104,397.9899540065144,398.88632542689675,397.73,410.91
2017-11-10,10,357.54,403.93373303679556,399.9738902627535,400.48208055960157,400.22850755309855,406.66394502085325,405.49,424.68
2017-11-10,11,360.65,413.45976912154657,410.77093544552537,411.1629102165682,411.9047200348838,414.3424041130068,417.01,429.38
2017-11-10,12,365.79,418.96224779477575,416.1353636491759,416.6734404437002,416.07047204622694,417.2503623772951,418.74,431.34
2017-11-10,13,370.32,426.780288671012,423.83827454542626,426.804667470998,425.60643876562784,422.5105116863756,426.67,439.64
2017-11-10,14,373.47,425.831672950399,422.35347669862955,425.9080926137185,425.1169301597225,423.0164418709313,425.87,443.61
2017-11-10,15,368.42,424.12864043600626,420.68360020287304,424.78813970851303,423.3890764809271,419.5043996557641,418.51,442.52
2017-11-10,16,364.86,408.42611873163634,402.8982513651369,408.4189376502396,408.9222156321719,411.3421735693304,402.57,437.27
2017-11-10,17,360.28,392.60474816134143,390.4774848737589,392.47547145433697,391.6965078768473,401.7000520017374,388.67,419.04
2017-11-10,18,354.63,375.6914134329435,373.48575429044973,375.54733890600187,373.9792924980751,375.11519156099956,371.04,396.63
2017-11-10,19,354.36,370.0988778041956,367.1494263288795,368.4515778744614,368.1473564618124,368.9905986970794,367.85,381.5
2017-11-10,20,347.58,366.3081039715004,364.9515084889192,363.83388622716876,365.302511881566,363.1081810821473,364.67,369.93
2017-11-10,21,342.67,354.9745623456261,353.0085669253124,352.55137462092426,353.0180610431405,355.5707983997757,356.78,359.35
2017-11-10,22,321.58,336.4867870292807,333.5160101937799,336.2971894020366,337.99717637083813,341.6091003262649,333.71,341.71
2017-11-10,23,312.68,330.0470483783394,327.97360785038387,330.3179500079623,331.7418374871929,335.4752052208671,326.99,332.72
2017-11-11,0,314.02,322.2936716079055,323.3635550476359,319.8217443414619,321.65531471319144,319.47265899830796,325.96,333.74
2017-11-11,1,312.14,321.14231634991364,321.75986194282086,319.60058973606095,321.47669233638794,316.30137969162973,320.69,332.87
2017-11-11,2,315.14,320.2133724471153,320.13565021761156,318.7215671444505,320.32514329342007,317.0449327856864,323.81,330.31
2017-11-11,3,318.09,315.2412445453562,315.07103596232304,314.21615087856645,314.3633718758828,315.0119155294589,319.34,321.57
2017-11-11,4,325.0,325.18551159816593,324.9067016789195,324.30528719793534,325.65359456051004,320.40104381579533,326.05,331.99
2017-11-11,5,324.99,329.87171430590996,328.3588117880194,329.9679765588232,329.87269910752997,324.4780490998346,327.3,342.89
2017-11-11,6,329.28,332.8173871727359,332.17193610062185,331.8464564641514,334.13822159398853,330.2697611130255,334.4,344.1
2017-11-11,7,333.24,333.00406741863,331.24951182577587,330.3902832020464,332.420291983474,332.9159777692964,331.71,347.35
2017-11-11,8,334.69,309.2331989103121,306.3493091128843,308.701451084093,312.466446578564,272.94089619876235,168.69,343.87
2017-11-11,9,340.84,312.0833945883994,308.99142558231586,309.23136198151855,315.201458585417,308.82625187580663,250.93,349.3
2017-11-11,10,339.83,339.32832480840824,336.6781166923405,335.9703546252226,340.429787194968,346.1196052885622,336.67,357.54
2017-11-11,11,339.85,339.8650573380848,337.36675895121726,336.8204280603991,341.34071726270633,349.96639414629266,338.75,360.65
2017-11-11,12,342.62,342.55738717563656,341.5457153017185,341.4831343034418,343.9314281057432,355.3171228598955,345.81,365.79
2017-11-11,13,340.84,340.0085412188695,339.05059625548114,338.2512515497467,341.5079764617428,355.4723456329573,341.67,370.32
2017-11-11,14,342.62,339.013418685326,338.2796493966287,337.99017164435776,341.46601658475726,356.19006001559467,341.65,373.47
2017-11-11,15,338.94,340.46663265009033,339.2416724760189,339.1930192634163,342.63370046046344,355.1185261318351,341.79,368.42
2017-11-11,16,342.29,336.9288337395454,337.17834798491265,335.6805528585075,339.62910920906904,352.0483476429748,338.49,364.86
2017-11-11,17,339.45,336.13209913286636,336.11567810226813,334.42288477251077,337.5250077469944,348.4746563346132,336.12,360.28
2017-11-11,18,333.8,330.9065852674386,329.54267950897287,328.7711380787842,331.3352060118096,343.67997504936005,332.45,354.63
2017-11-11,19,330.22,330.79069000534747,329.55258930477584,330.4853316990829,332.64734127003686,340.8075643909221,333.15,354.36
2017-11-11,20,327.96,331.7928045474947,328.94737063690656,329.19988282694453,331.57712313844746,336.476196899835,332.53,347.58
2017-11-11,21,330.8,333.41367774729105,331.0350079274581,332.44783755452806,332.9276427748924,333.60091720599775,334.98,342.67
2017-11-11,22,318.13,318.1965635543598,316.7810426854688,317.2080912440428,318.0258589984893,323.3467693649701,322.56,321.58
2017-11-11,23,321.58,312.66099784609435,311.9595000810426,314.24247045249274,313.948871819058,320.1331674714126,323.38,312.68
2017-11-12,0,318.68,318.0527973383834,318.4922345388432,319.8588357714163,321.234028992142,313.97870703688875,317.38,314.02
2017-11-12,1,317.19,320.08539910900276,320.08580156670763,322.0954866912473,323.4197872606487,313.15487595401294,318.49,312.14
2017-11-12,2,320.09,321.33062053484065,320.82697651703904,322.6103768726229,323.9738849465851,313.7933397594971,319.65,315.14
2017-11-12,3,318.72,321.49732112585906,320.9518438440044,322.7530005945353,324.1095638400322,314.8095377804834,319.51,318.09
2017-11-12,4,328.46,329.22625764357633,329.5249860096491,330.69242000022734,330.790135697234,321.14627982936275,329.74,325.0
2017-11-12,5,326.95,331.82439093008185,330.5795842984973,331.2030396758012,332.7947398233673,324.51530137517653,332.48,324.99
2017-11-12,6,333.98,338.47580851700576,337.3180832256617,338.193380080663,339.02351408882794,329.1646982945587,335.69,329.28
2017-11-12,7,333.62,339.38761477509763,338.6346228883353,338.61039197002043,339.6631802595745,332.86931086321295,335.52,333.24
2017-11-12,8,336.48,342.6743038312252,342.01943713054374,342.3684595654979,342.9689517028848,338.85931631623845,341.55,334.69
2017-11-12,9,335.34,343.60580139126813,343.1210305838707,342.4295157494807,343.9520417943015,341.76087507899865,338.29,340.84
2017-11-12,10,334.95,346.40094678747334,344.89917361305373,345.7879376924122,346.2776380747962,346.32472809579997,342.22,339.83
2017-11-12,11,340.32,347.5805184514565,346.15668621338517,348.4950955700316,348.00834798438854,351.26344416628154,348.06,339.85
2017-11-12,12,350.57,355.8264010718336,353.7299208085962,354.9822588204775,356.9693543859787,355.47025717223687,352.88,342.62
2017-11-12,13,353.13,356.43422855819193,355.49826094374043,356.08356850460723,357.03065741271246,357.0850830106984,354.43,340.84
2017-11-12,14,350.17,356.7559312425757,354.45186387776823,356.2984296244551,357.96053292843897,357.7395311150752,354.66,342.62
2017-11-12,15,352.95,353.5297552782394,351.9994626240552,352.14400341872545,352.8324230952785,356.180489308039,353.12,338.94
2017-11-12,16,350.17,350.99712098748705,350.32232235127697,352.19153199208563,352.2285562696646,354.4115588983078,351.08,342.29
2017-11-12,17,341.68,345.4601736147065,344.294807990536,346.71363789089776,345.5028714536628,350.6138055872799,347.6,339.45
2017-11-12,18,339.13,338.65019528475807,337.3313405555073,338.7158134509128,338.90311159781567,342.4040691329687,335.1,333.8
2017-11-12,19,333.36,337.1274537270268,335.6678101566734,338.0144274350028,337.7127980590762,338.9679504419438,335.35,330.22
2017-11-12,20,327.97,331.03876819985527,329.4027742835459,332.21290977094054,330.6416491861127,332.7235051585136,328.41,327.96
2017-11-12,21,328.09,327.6525041621538,326.00244712972346,327.3564121865655,328.2073668190047,327.05015508420456,321.27,330.8
2017-11-12,22,317.63,320.1365410156439,318.05640689691256,320.4861068128543,322.112180562599,319.5919501742967,313.52,318.13
2017-11-12,23,314.33,321.55496320548394,321.5851652687734,322.58037356681876,324.19788584305,317.65239227319455,313.88,321.58
2017-11-13,0,313.86,313.14197649295875,315.4807272425618,312.1240645726619,312.80370608018285,321.7354801369404,310.29,318.68
2017-11-13,1,314.0,311.5164604189166,314.71852161198274,312.2142098817059,311.778663708297,321.0136756511264,311.55,317.19
2017-11-13,2,315.36,312.2158210815829,315.6660642445206,313.02901488366996,312.7811771622796,320.79544878349367,310.53,320.09
2017-11-13,3,314.3,310.89229364631785,314.504655922028,311.21825548800183,311.5189402215348,320.9266412693342,309.42,318.72
2017-11-13,4,340.24,328.0417558962658,331.48764312692236,330.5774421178379,330.26202586207665,332.7316145317256,332.93,328.46
2017-11-13,5,344.51,335.1683974374309,336.4266512215276,335.63855433966035,335.6657782648505,336.20962156485155,336.41,326.95
2017-11-13,6,348.01,340.17033657884406,342.0175614132468,339.4897396006909,340.1180306336031,339.93576434613834,336.4,333.98
2017-11-13,7,366.21,345.96093949416957,347.61951285728355,348.76188878425245,346.2810673323585,347.42550880341116,347.33,333.62
2017-11-13,8,366.72,363.90680309692726,364.34258592869935,362.84235868969756,361.6427138832383,374.8634804544877,370.83,336.48
2017-11-13,9,385.28,376.55212493977297,377.0864961180105,377.1296671653213,373.050307805693,381.7314855878948,380.04,335.34
2017-11-13,10,407.22,399.0866690113375,396.87274263626335,393.9882154801568,389.2965215017168,394.0898447673136,403.93,334.95
2017-11-13,11,418.59,403.804132379059,402.32512129220635,398.52607888561755,394.94631776395244,399.82228580972463,410.19,340.32
2017-11-13,12,417.64,411.57991154673454,409.9906449527797,402.84450918017205,400.50285713943333,405.98250930246587,417.78,350.57
2017-11-13,13,423.17,412.48652700227285,410.18087223196113,403.03181919141383,400.5785127468479,407.39049399271573,417.47,353.13
2017-11-13,14,425.34,412.7626060973274,409.6049374323566,403.6036937637154,401.19718337785207,408.448149768628,420.18,350.17
2017-11-13,15,430.89,415.50404917018807,412.81454648317253,404.9695209830807,404.239647197251,409.6001020827554,423.68,352.95
2017-11-13,16,422.25,418.1174005422424,415.7449835104823,407.7319412070476,403.38982841993504,409.3195085060085,427.35,350.17
2017-11-13,17,413.86,403.3074778815372,400.9071724180693,398.3377193702489,392.1091830844992,401.16394395422,414.32,341.68
2017-11-13,18,399.23,381.5319318200299,381.7404474785196,381.4245281598227,378.9049732790009,374.9812644444691,391.96,339.13
2017-11-13,19,378.69,373.11160563473516,370.9966455733169,369.1278075400663,368.0475059361653,363.9423298055752,373.22,333.36
2017-11-13,20,367.37,358.9412170626777,357.2442409460682,356.05055116460056,353.64161926147614,355.7546782201074,362.21,327.97
2017-11-13,21,355.44,352.9782138930069,351.75200820451164,350.6397870551487,350.54206986710335,348.34451525244276,351.41,328.09
2017-11-13,22,334.89,336.32173915906833,335.9639618421578,333.3940400424663,332.49173795214085,337.79924154637376,335.01,317.63
2017-11-13,23,323.34,321.70319962823356,321.933485946286,322.06777719574444,319.8398165371031,328.6779985499363,318.86,314.33
2017-11-14,0,328.8,320.39774382388424,318.9838115399151,318.93987577208424,319.9914515557157,327.2140053773695,317.35,313.86
2017-11-14,1,328.99,319.24782880250956,318.6898077163575,319.9863267556551,320.16302281239757,326.32141866217376,317.65,314.0
2017-11-14,2,323.12,320.26298870780494,319.5317688275696,319.7937007081507,320.55249775117505,325.9571849905796,316.7,315.36
2017-11-14,3,315.14,319.44852635979134,318.6898077163575,319.91321911247786,320.0936151690101,327.0330226177643,317.92,314.3
2017-11-14,4,327.29,335.1527524734936,334.31154800605754,334.942368541619,334.58708123193196,334.5882423219381,325.5,340.24
2017-11-14,5,335.44,342.5697063232655,341.8300510774168,341.9911007591793,342.56742146268533,341.88649298440555,337.09,344.51
2017-11-14,6,340.72,348.3451525523997,348.2012170155134,348.85195811700544,348.96888261783494,350.4546986024094,350.67,348.01
2017-11-14,7,352.38,358.84764079106014,359.1622275791425,359.03678156097914,359.16758702925597,357.195461624108,354.02,366.21
2017-11-14,8,372.14,367.00675962683255,366.47416791987393,368.8768531018426,368.06578391868004,381.44198042990575,370.12,366.72
2017-11-14,9,402.04,394.5607610840995,394.25476071282407,393.15688502712266,393.44318856835645,399.5456198720743,402.4,385.28
2017-11-14,10,414.93,403.9552518628613,405.9346838523849,407.2437117853365,407.9090086914959,410.6219688787201,416.2,407.22
2017-11-14,11,419.12,416.0561518670111,418.99159127632055,419.4260880946711,421.16492017174465,419.74038523285276,429.41,418.59
2017-11-14,12,419.89,419.09773998498287,421.3818029100393,420.7962138143996,422.1627449044345,420.9615112322977,427.66,417.64
2017-11-14,13,427.25,419.68629203191165,420.99094404775013,421.69759999900754,422.868230549996,424.2457489158356,431.32,423.17
2017-11-14,14,432.71,419.3761710833009,420.67523368613337,421.7403161341656,422.87768859100237,424.2512505797728,429.77,425.34
2017-11-14,15,433.18,421.68652280421566,422.87221887616107,424.34786258763637,425.642646879596,423.1887826005015,426.72,430.89
2017-11-14,16,427.2,417.5567888463711,418.5027219327733,418.01485375963637,418.1186979675389,420.3335644986082,425.53,422.25
2017-11-14,17,411.87,409.9530875610594,409.80035692489326,410.31521002448466,410.5629240074312,414.6811044140138,418.95,413.86
2017-11-14,18,393.56,390.3002569355835,390.75382984845453,390.81602557724943,389.9902145209956,384.75819519847033,390.47,399.23
2017-11-14,19,385.73,376.18998366654984,376.1901046005875,376.01600308539656,374.8819450797534,374.4655457517571,378.15,378.69
2017-11-14,20,371.14,364.42629167985103,364.0721794356624,364.0327881109132,364.34406810749647,365.42490847496447,366.73,367.37
2017-11-14,21,364.38,351.30170486454864,350.13415773438095,352.52536383243876,351.8481086946628,356.14193217851033,354.74,355.44
2017-11-14,22,348.95,335.7998533876338,335.47278658282363,334.15721512184115,334.9649698623597,344.2268426941459,337.85,334.89
2017-11-14,23,334.17,326.01904598937415,324.1926485977088,326.48343632159117,326.7797065508286,336.21608142621983,327.06,323.34
2017-11-15,0,332.5,331.08330495819655,329.70349172908914,330.620042313978,331.652156559803,334.4986073191147,323.63,328.8
2017-11-15,1,328.75,331.2884357183597,329.491562231284,331.3197340053561,331.9607331622422,333.71740791910526,324.22,328.99
2017-11-15,2,328.47,329.69430684933013,328.71196243758186,330.56483288288183,330.5887589888268,334.2057729288547,327.69,323.12
2017-11-15,3,325.9,326.4090618904177,325.3091446977941,327.3130774125447,327.09356191661334,331.24017077423764,320.58,315.14
2017-11-15,4,332.0,334.3979751757461,331.01842482713016,334.8209673816046,335.4107556807298,339.42355465287045,333.99,327.29
2017-11-15,5,341.32,343.69306448437635,342.1196624107586,343.94010447677994,343.31460169772856,346.0464025682726,342.66,335.44
2017-11-15,6,345.67,348.7036414976033,347.0576356812904,349.0718086041444,348.28062583365744,350.5377043266898,345.16,340.72
2017-11-15,7,360.71,360.53022579482473,358.79604437605946,362.53170823738475,359.80574834881895,361.5378786407299,361.51,352.38
2017-11-15,8,372.44,375.75945910425764,372.88720320459527,378.0213868225179,375.9629295421863,387.35353340612124,375.53,372.14
2017-11-15,9,392.76,400.05043213532076,397.54268090082127,402.1706560231003,400.0176483588148,402.29742053904494,396.18,402.04
2017-11-15,10,411.61,415.12890758707084,415.1795638606018,415.15054323365683,416.3230224155897,415.0912503432353,417.16,414.93
2017-11-15,11,424.01,420.538340449379,420.73373633842925,420.94625778037584,422.1427989189125,422.8991471109086,429.15,419.12
2017-11-15,12,431.18,424.1909139251324,425.1982402903455,423.80653265894983,425.6935006075118,427.9031334074146,436.64,419.89
2017-11-15,13,437.54,426.8751039333146,427.0592505544341,425.59591661258355,427.37109063708425,431.6220923973093,440.85,427.25
2017-11-15,14,430.19,427.37150022492415,427.91390187320076,427.2637515022122,430.23908248007456,432.10215369816433,439.51,432.71
2017-11-15,15,431.32,429.41375950469927,429.6448598805526,429.3427404027005,432.3835790369405,434.95319890264904,448.11,433.18
2017-11-15,16,427.64,426.1847560716461,424.42086352852306,424.7819310544745,425.70285478323973,426.16090293360696,430.75,427.2
2017-11-15,17,409.0,415.1664884130272,413.08276315163357,415.20490467817865,414.6207400076542,417.06818589630586,417.38,411.87
2017-11-15,18,403.03,396.03859311745725,392.725116298151,399.00957917236354,396.8830416386143,394.0642334578006,408.18,393.56
2017-11-15,19,376.79,387.27119896374376,384.2702934023302,387.78193319785913,386.07669603402195,382.6245949317551,389.03,385.73
2017-11-15,20,364.62,374.59683598182346,372.5453956920568,375.4132213221806,374.13342264698065,373.9585589212871,379.58,371.14
2017-11-15,21,351.29,365.55369802388327,364.9262604740578,364.94420002978336,364.2456627876414,365.3842684826935,367.86,364.38
2017-11-15,22,330.32,346.0609991918924,344.87360282046774,345.3239567056298,345.29229067288,351.8771601698597,345.31,348.95
2017-11-15,23,331.36,334.34178771521334,333.1737834005185,334.7388860109838,334.5399741584767,343.5729485307948,334.76,334.17
2017-11-16,0,330.28,329.37084501545496,328.9900447661658,328.0569302420837,328.33104237609604,331.2842536797553,326.26,332.5
2017-11-16,1,331.3,328.5934937555496,328.36865138376317,328.7446634182705,328.85204537228697,330.41838338530397,327.84,328.75
2017-11-16,2,331.76,329.1888881902073,328.6878124697499,329.0301495180103,329.24758947473856,330.9342438769342,329.69,328.47
2017-11-16,3,321.52,326.0212746470828,325.53674108375486,325.41084989613313,326.4320548822877,329.99058127664614,326.17,325.9
2017-11-16,4,336.01,335.34343522892544,333.3365126141984,335.33276022690245,334.4529376605738,336.6241999699252,337.42,332.0
2017-11-16,5,344.62,345.80537568351804,344.8299169071254,345.4635940845107,345.46199638035984,343.99429558576946,347.67,341.32
2017-11-16,6,345.99,349.63560454112877,348.2740840511855,348.94148302945524,349.39103737060293,348.17838789227653,349.66,345.67
2017-11-16,7,367.89,359.9984780608238,358.88788964680145,359.0222605917647,358.8792839741622,358.29657567936425,362.7,360.71
2017-11-16,8,380.33,379.74893869147934,377.3086570057738,379.3122621855436,379.24669567657355,385.54501499671716,382.97,372.44
2017-11-16,9,303.44,399.63202836589596,399.70158441882046,401.1321511653206,401.3325491478733,402.18366825995554,410.91,392.76
2017-11-16,10,208.98,415.85992930453943,416.3223822379824,417.8786925555355,418.62058268204356,412.8933211542819,424.68,411.61
2017-11-16,11,422.48,415.3245798838063,416.55244446339964,418.1914188000384,417.1831194667246,418.8513751685027,429.38,424.01
2017-11-16,12,426.08,423.460903814835,425.66152803644906,425.68821986303516,425.5552674354644,422.4735344213832,431.34,431.18
2017-11-16,13,433.33,427.6752579029274,429.8339451606629,429.89583295182075,429.526013277442,427.6607032293449,439.64,437.54
2017-11-16,14,434.73,423.51682002337736,425.20855625713176,423.95998048707486,424.2643762739954,428.6909051889122,443.61,430.19
2017-11-16,15,434.76,424.66914582167544,426.29131784307674,425.6090183492906,426.16925298190057,427.87492596089,442.52,431.32
2017-11-16,16,421.2,423.33105756644767,423.67115693306016,421.7814332623963,421.52715312579323,424.03955828297273,437.27,427.64
2017-11-16,17,407.89,410.59997778173187,408.3721540597962,407.1940422846099,407.8336067104424,412.6791579165695,419.04,409.0
2017-11-16,18,397.82,397.23206757274045,394.69709820525856,396.35012516611783,394.53039995354175,386.05966454513094,396.63,403.03
2017-11-16,19,374.06,380.35170765576044,378.35867515412764,378.19470813592415,376.9149243549793,374.0080651619136,381.5,376.79
2017-11-16,20,361.4,367.3612155569367,366.4351708107828,366.1841266900626,365.5890908001624,364.805291723398,369.93,364.62
2017-11-16,21,358.1,353.7586959055773,352.8331479095437,354.6376407342302,353.55485685208384,355.8964089095045,359.35,351.29
2017-11-16,22,332.34,336.95973399268547,335.26448584555374,335.71391383983257,335.9686796504474,343.6333137371143,341.71,330.32
2017-11-16,23,321.7,330.2750727501563,329.3303719691877,330.2213385363849,330.21670427833396,337.79029416882463,332.72,331.36
2017-11-17,0,319.26,325.6366039691494,327.5638384755625,327.4803099888486,327.6710702950645,330.91838034844903,333.74,330.28
2017-11-17,1,316.76,324.6935829777844,324.94734695317754,325.3136542485736,325.44386253283466,329.66920144681046,332.87,331.3
2017-11-17,2,321.88,324.2971689951548,324.94734695317754,324.9746360197647,325.2224800546011,328.56926297379545,330.31,331.76
2017-11-17,3,319.18,319.08067142042023,318.60279862057536,319.0664397003451,319.0795908907901,324.7065237316213,321.57,321.52
2017-11-17,4,329.1,331.6400885685644,331.5954013884452,331.5770956473496,330.87713655327076,332.00820779507774,331.99,336.01
2017-11-17,5,338.68,343.08835434204565,343.1444311100523,343.87165575790783,343.0067420181931,339.5473261894962,342.89,344.62
2017-11-17,6,339.61,343.91402299825864,344.3323201849396,344.3552693227508,343.76776350336377,343.07947774284787,344.1,345.99
2017-11-17,7,353.64,353.6698578240777,354.1677950383261,353.7343330588039,353.8427407404151,350.21793903336135,347.35,367.89
2017-11-17,8,374.27,364.4406118813728,365.3992868520862,369.83724325498065,370.9942853629157,368.3864729738949,343.87,380.33
2017-11-17,9,398.88,356.86087750869495,353.5843241145016,360.7243793150119,360.2105528197473,364.87839107413913,349.3,303.44
2017-11-17,10,408.33,360.6686092182155,356.5740825739724,367.91135789762893,370.10225530663035,360.1137388509092,357.54,208.98
2017-11-17,11,407.32,396.54590055796126,396.70893116551554,396.96822556751766,396.967958047028,389.1171560972726,360.65,422.48
2017-11-17,12,410.8,398.16535372908953,398.31058048107775,400.49238422365283,402.56311089186005,393.5461726180487,365.79,426.08
2017-11-17,13,422.47,400.99405203906366,402.2985970444331,403.86525617416555,405.50031916397927,397.37690794307264,370.32,433.33
2017-11-17,14,423.87,396.61278880010565,397.5536485815259,401.2269962015794,406.0638518430824,399.116745450757,373.47,434.73
2017-11-17,15,422.59,400.6828993778997,400.7307052470066,402.8124213690376,405.70563003112875,396.6372869828284,368.42,434.76
2017-11-17,16,412.45,397.61972022893104,400.07931147761116,400.6603173183367,404.91799997415325,392.2911550689021,364.86,421.2
2017-11-17,17,392.03,394.4814083331644,397.97858656524284,394.35816418632606,399.40551996092995,386.8362559177315,360.28,407.89
2017-11-17,18,375.75,361.4401195657641,361.96095093586547,361.41140142001626,364.2642492985299,366.19264820578286,354.63,397.82
2017-11-17,19,366.74,360.0119019870257,360.8197889542592,359.68948760813424,361.75838787149485,360.1807533429907,354.36,374.06
2017-11-17,20,364.5,353.02599395172405,354.50337798143323,354.9584007559334,356.35970079745874,352.77414197042606,347.58,361.4
2017-11-17,21,364.44,347.9159809912743,349.15849396279435,350.5406115509564,350.9136539369794,347.2403442647438,342.67,358.1
2017-11-17,22,342.75,323.9086573510107,324.7411779406437,325.30182036899055,325.81788110970354,333.0816512022846,321.58,332.34
2017-11-17,23,332.06,317.5906453571931,318.7065802883232,318.30447915463515,318.78990583691217,325.901880837888,312.68,321.7
2017-11-18,0,332.98,323.2752308653844,322.91893162491044,323.1633573114323,323.7187288583421,316.6622767033201,314.02,319.26
2017-11-18,1,330.82,323.0550832451071,322.7787873866841,323.68603284316043,323.2186240765108,314.6037068276327,312.14,316.76
2017-11-18,2,325.87,324.5069647855524,324.42243317036895,324.6122841601399,324.1659216187639,316.1983340821074,315.14,321.88
2017-11-18,3,320.22,323.6434274188667,322.84913265385006,323.63291062904676,323.3892121078849,317.74058177286395,318.09,319.18
2017-11-18,4,322.48,331.8009774283158,330.39191875166665,331.3988695268967,330.6641867304394,323.14414093970936,325.0,329.1
2017-11-18,5,327.48,333.1179960560889,332.2307357132365,333.27497979292076,332.8319500512757,326.5759150157097,324.99,338.68
2017-11-18,6,330.16,337.39356240340356,336.00053259131283,336.46689208240497,337.43525955165825,331.24696261620954,329.28,339.61
2017-11-18,7,335.15,341.28489044030647,341.61234027815635,340.9242654405559,342.03710444035494,337.73458287286473,333.24,353.64
2017-11-18,8,339.33,342.9261142569466,342.6165437263423,343.5658491584195,343.35547846400596,344.21209259584487,334.69,374.27
2017-11-18,9,340.43,346.5957926748891,345.9830062359336,346.4019799825437,346.4653057823095,352.9286431597098,340.84,398.88
2017-11-18,10,343.53,348.7029450005605,348.04573127263563,347.6382276055251,348.4791512998513,356.8168968140414,339.83,408.33
2017-11-18,11,344.55,349.10098305925266,348.3117594896725,347.9368977241963,348.63752594007855,359.38834008872374,339.85,407.32
2017-11-18,12,344.94,354.0664820307302,354.6566010632834,352.59202608904224,354.2775794826149,362.89113154400735,342.62,410.8
2017-11-18,13,347.06,349.46364855361213,350.1583641792734,348.99071750587063,350.3570207860694,364.8059599816333,340.84,422.47
2017-11-18,14,348.08,354.0413982564708,352.710160906038,351.90541892131523,353.4736022403015,366.02015819514764,342.62,423.87
2017-11-18,15,346.0,349.0792410016429,348.83853311440345,348.7363177070784,349.5248116976919,363.9200810393862,338.94,422.59
2017-11-18,16,342.61,351.7926645770698,351.5737165057377,350.0547300767964,351.68313235263093,362.6517932367,342.29,412.45
2017-11-18,17,335.91,344.90105399146717,345.0639452557866,345.9418759617968,346.19143433757057,357.0350185611959,339.45,392.03
2017-11-18,18,332.9,342.159164581744,342.9253475417847,342.25018180369057,344.1639193087255,350.2245812958202,333.8,375.75
2017-11-18,19,335.31,339.47243912192084,339.6501038722459,340.62103769311733,341.63327746641306,344.6674697460972,330.22,366.74
2017-11-18,20,333.62,337.0458040301155,336.76280017300064,338.0529183672311,337.59408482679464,340.2334338954341,327.96,364.5
2017-11-18,21,336.82,335.34470302410097,333.80587515575144,333.28717431759276,334.9137679569822,338.0755992316845,330.8,364.44
2017-11-18,22,326.53,332.87876068241644,330.5123088412315,329.6462257262236,332.102252368787,327.64882606419303,318.13,342.75
2017-11-18,23,323.21,326.4029321144234,324.1568064149761,324.2473172844347,325.73507440004494,325.23561089796675,321.58,332.06
2017-11-19,0,323.89,327.7133496206997,329.1974752370033,330.8394044257209,332.38307374693363,314.2348204433697,318.68,332.98
2017-11-19,1,319.56,325.0467767064086,326.6166119405033,329.0159372234939,328.7811067608412,312.357448643429,317.19,330.82
2017-11-19,2,323.42,323.68004976192833,325.32927179972603,327.8131190408123,328.2518211893566,312.71948196103176,320.09,325.87
2017-11-19,3,321.27,323.4650770928943,323.7773226033374,327.3687305373547,327.2800464082924,312.2360121824872,318.72,320.22
2017-11-19,4,328.85,329.17937468947554,329.99920430882094,331.33809006020147,331.31694161657975,317.8268796965153,328.46,322.48
2017-11-19,5,331.34,331.3642257705528,331.00760598702453,332.19095222656534,332.6486070730378,320.1358425144209,326.95,327.48
2017-11-19,6,334.02,337.05497973230104,336.6538000014032,337.6676701120385,337.7858872462244,326.0713053390446,333.98,330.16
2017-11-19,7,337.03,338.42296594767237,338.4981784207076,338.5319147937305,339.16335186333527,329.82560074513606,333.62,335.15
2017-11-19,8,337.33,341.0438459182747,340.9718675352608,340.82641412359686,340.71337898391783,334.91654234040533,336.48,339.33
2017-11-19,9,339.41,344.2804690697596,344.2816641030348,343.719834695557,344.1856851824322,338.05303543615423,335.34,340.43
2017-11-19,10,341.42,345.2786546574108,345.5730603963402,344.5102939220583,346.94070437180704,341.44161825452227,334.95,343.53
2017-11-19,11,344.57,346.4967519094566,345.73978519687154,346.1644331272153,348.38278161957544,346.33017379447693,340.32,344.55
2017-11-19,12,353.79,355.0956391939772,355.1942291352695,353.97557220794386,357.408730484069,352.37210496493606,350.57,344.94
2017-11-19,13,356.34,357.515968890976,357.7504497982693,356.36361760121935,358.99741428366895,354.851457988966,353.13,347.06
2017-11-19,14,354.94,356.74919965067056,356.7171777356506,355.2811848462947,358.22399738897604,354.1966184836475,350.17,348.08
2017-11-19,15,357.07,357.47759420369425,357.8623679628221,356.14150606155823,358.7382450749436,354.508702159965,352.95,346.0
2017-11-19,16,354.6,351.9316939898806,353.5193534676509,352.65232933030785,353.8336027232235,351.66966717702905,350.17,342.61
2017-11-19,17,346.03,343.0399918507946,343.06202618943405,343.28133567902444,344.2117800823176,345.48574663229687,341.68,335.91
2017-11-19,18,338.21,340.8488611878231,340.951033574289,341.060176198105,342.118257447531,341.43704695624825,339.13,332.9
2017-11-19,19,336.2,337.32000178600333,337.72521980901274,337.98429061345905,339.15775924830984,336.37540032129886,333.36,335.31
2017-11-19,20,330.15,333.72004443092976,333.63474636397154,335.01530007668384,334.88675948868024,330.7917481520469,327.97,333.62
2017-11-19,21,331.9,332.0838088128249,330.9950054611847,332.4222033652487,333.68119502668145,327.9595561554402,328.09,336.82
2017-11-19,22,323.73,327.61463003595094,326.2035306466532,327.8433504137942,329.46349203002444,319.7212557730512,317.63,326.53
2017-11-19,23,322.3,325.1028878715268,324.69360866020435,326.9302611715261,327.3002005245869,315.55552643508616,314.33,323.21
2017-11-20,0,320.65,321.44921473813963,323.8729438150612,320.208698404671,317.9854988923357,322.91399439000463,313.86,323.89
2017-11-20,1,321.3,319.0662476005289,321.2735786450746,319.23446321514683,315.0040454232548,321.40918898111,314.0,319.56
2017-11-20,2,322.43,320.111123071037,322.91393298778854,320.01487451950044,315.9675039026181,322.2098826848178,315.36,323.42
2017-11-20,3,320.5,319.5543818483388,322.00196217120276,319.5251391566404,315.4847539809095,322.25612278875553,314.3,321.27
2017-11-20,4,345.2,337.17342608376856,340.12143135416574,335.4537832584803,331.3146050310379,334.7371983764427,340.24,328.85
2017-11-20,5,347.62,344.9287814127117,346.017314279769,343.68257643615414,337.6578643964451,338.9853983497717,344.51,331.34
2017-11-20,6,349.43,348.27688089088224,348.66844866287533,347.8805177718335,343.0320262371154,343.5552081862113,348.01,334.02
2017-11-20,7,365.9,358.1816538433126,357.9807437212665,357.74652061508465,354.987933553333,354.25541456402146,366.21,337.03
2017-11-20,8,375.79,364.5669873466358,364.4052395946229,361.58828979544575,360.6972320574872,372.42425544317905,366.72,337.33
2017-11-20,9,398.11,381.4175015595524,381.10680526044854,381.21746086458865,376.95102751473144,383.2971069593958,385.28,339.41
2017-11-20,10,408.13,400.0349443993981,395.35929656913487,395.5213825748102,392.87853810245105,395.1961673665268,407.22,341.42
2017-11-20,11,415.01,403.69669189765534,404.35843863648347,400.55976252519974,398.84669611184745,402.65837692413834,418.59,344.57
2017-11-20,12,423.24,405.3452921512722,407.1266204009222,400.9435770171541,401.6858459417987,405.40996891143266,417.64,353.79
2017-11-20,13,428.7,408.1790886284595,409.64826400774535,402.3733105415502,404.56331382841415,409.09118139045177,423.17,356.34
2017-11-20,14,439.32,408.2854224893594,409.4008690652452,402.35942053787716,404.59586021315647,410.1381089823958,425.34,354.94
2017-11-20,15,436.28,409.9068120490352,411.4753210782406,404.7715677725763,406.2643949893421,412.01897703573115,430.89,357.07
2017-11-20,16,424.92,406.91952440335984,410.4842497119282,403.9698519124841,402.4558812988416,407.02324847424967,422.25,354.6
2017-11-20,17,409.55,397.96785517800566,398.920004524679,398.4257141439537,397.0670293094676,400.6589448006654,413.86,346.03
2017-11-20,18,392.71,387.53676748034735,387.3645144506656,384.9805206620879,387.0765034874409,376.9299435349531,399.23,338.21
2017-11-20,19,372.51,373.7868316084984,373.7045080184839,371.3458114726491,371.5340592000132,365.63518786741747,378.69,336.2
2017-11-20,20,356.9,363.8925271648237,364.543011035932,359.37541734295354,355.9078592744917,357.2439403055871,367.37,330.15
2017-11-20,21,354.71,353.7965216454287,354.1231223655979,350.5633207051244,347.8308774887786,349.57892127088945,355.44,331.9
2017-11-20,22,333.46,336.16972066274906,336.79511409693305,331.3065108216041,329.91843546050865,337.6854788632954,334.89,323.73
2017-11-20,23,327.11,328.6518831490625,328.1760256010995,326.679948174532,324.3240176217681,330.5488773042444,323.34,322.3
2017-11-21,0,333.6,324.3777406081971,324.03146163360987,323.8174923093936,324.07275668142273,328.4504781800957,328.8,320.65
2017-11-21,1,330.92,323.9480344861513,323.6297531789798,323.8861295430433,324.2921463812006,327.54921103953984,328.99,321.3
2017-11-21,2,330.06,324.19780897079465,323.0829955157138,324.1816176224488,323.73452812519173,325.2306119697193,323.12,322.43
2017-11-21,3,321.51,324.0206914912911,322.8710381064586,324.15116683859435,324.3058045966684,322.624817686928,315.14,320.5
2017-11-21,4,330.07,341.1194550783247,340.3882582926407,341.1211001723573,340.5888286553208,331.7856401911803,327.29,345.2
2017-11-21,5,342.82,346.1962174460964,345.2724384836839,345.6312725468633,347.8098452670956,337.52560296727063,335.44,347.62
2017-11-21,6,345.77,348.95854698418435,346.21998930164267,348.36657941392514,349.10991139160757,342.6812666172035,340.72,349.43
2017-11-21,7,356.33,361.1233453363687,359.03215401141364,360.15369246152034,360.52231594257347,352.4360129332662,352.38,365.9
2017-11-21,8,378.7,374.3081050065941,372.2427717161765,375.8303826527045,376.0113968914699,379.39432320420286,372.14,375.79
2017-11-21,9,402.47,400.69471990008236,399.5730940186731,402.97160060912097,402.0846371025584,397.0359237970515,402.04,398.11
2017-11-21,10,411.44,412.74145458525595,412.135328502266,413.5150836662888,414.14955595085263,406.3786196879708,414.93,408.13
2017-11-21,11,419.43,421.03749089499956,419.0709006605261,419.29214813403513,417.96163981645947,411.50434991410725,419.12,415.01
2017-11-21,12,424.0,423.7791333856081,420.7061937228425,421.0813531138697,418.85810733549914,414.8064944726733,419.89,423.24
2017-11-21,13,431.15,427.04943899394806,425.5706755282295,424.1130685677302,421.79458892733953,419.53971220694723,427.25,428.7
2017-11-21,14,430.35,430.8309581794179,429.15488464759085,429.20726081084445,427.80426413412,423.2751763514317,432.71,439.32
2017-11-21,15,419.57,431.1388284379805,429.4613792481628,429.20726081084445,427.7180419148169,422.5843087363902,433.18,436.28
2017-11-21,16,417.74,422.78858783585395,421.86454232941594,420.261269932808,418.17885812459485,417.5724296890887,427.2,424.92
2017-11-21,17,406.0,408.36043750175855,407.0469031670596,405.83920906637195,405.0040990012997,407.7244460511026,411.87,409.55
2017-11-21,18,382.87,387.2682146326687,386.03865399794995,386.7698409410874,386.9350841296448,381.2960736738814,393.56,392.71
2017-11-21,19,372.36,379.7723146188816,378.731529697266,378.78740414792213,378.4319590484362,372.77661311268093,385.73,372.51
2017-11-21,20,355.94,364.11839873848834,364.4810637462985,364.23233414364705,365.7085622692954,361.995006185216,371.14,356.9
2017-11-21,21,358.26,357.3398912607653,357.8284131540884,357.1162137105465,357.26890335404255,355.86490543202405,364.38,354.71
2017-11-21,22,333.15,341.6685496707066,341.6691004780675,339.2966309366533,340.6929566324548,344.4112187356229,348.95,333.46
2017-11-21,23,325.05,328.9464777835784,328.2698248134461,327.51937399010734,329.28918931845067,335.4447338654424,334.17,327.11
2017-11-22,0,326.96,326.7418474063176,327.24999526429957,325.8179627499897,326.68251539758825,330.70160772601923,332.5,333.6
2017-11-22,1,325.82,324.78553307731835,325.2289131550545,325.13474117789434,324.7669841930077,327.8857627949779,328.75,330.92
2017-11-22,2,324.8,324.74688679641616,325.17365156400405,325.02825682473764,324.9934950485229,327.4961573260027,328.47,330.06
2017-11-22,3,317.64,320.9565796235037,320.84421289206495,321.30313398458793,321.3313633587868,326.2047794831192,325.9,321.51
2017-11-22,4,328.62,330.8678444218332,330.87233270964185,330.92905013213147,330.37648069992076,331.1271469567156,332.0,330.07
2017-11-22,5,334.48,342.2307356343356,341.66023191490024,341.1875610243994,341.7744851214301,338.53559963335726,341.32,342.82
2017-11-22,6,342.56,346.09083951730906,345.2227682994538,345.2515159306291,345.71898032218803,343.46585596935506,345.67,345.77
2017-11-22,7,352.32,353.5193660123547,352.6694717497095,353.10636128100526,354.9301133276005,353.83233157118866,360.71,356.33
2017-11-22,8,366.15,371.58384532900396,371.6058256341468,370.7204811303156,372.979460103337,379.14165962886767,372.44,378.7
2017-11-22,9,378.06,389.74458412392835,390.29644775379734,390.0281678812041,391.6302368991656,393.2478570437519,392.76,402.47
2017-11-22,10,388.95,407.5038104530575,405.3274717225853,408.0612538003505,410.07207606979927,404.77126066554615,411.61,411.44
2017-11-22,11,391.29,413.10093703216563,412.3107589188849,414.4156357138943,413.89659019046536,413.20195632536036,424.01,419.43
2017-11-22,12,400.33,417.21892031431804,416.6966137684703,418.00511809326474,418.15428770456725,418.54764422961483,431.18,424.0
2017-11-22,13,398.25,422.1459570433261,421.56575700943927,422.4360552840172,422.0566735772139,423.0917904131483,437.54,431.15
2017-11-22,14,409.45,419.21909260585943,418.0345391178899,418.4928622422906,419.24759615718403,420.52780376927296,430.19,430.35
2017-11-22,15,404.34,417.4076132701542,418.5915668116598,418.4866386783324,418.1950409679567,419.18052905635415,431.32,419.57
2017-11-22,16,393.51,416.0880507603513,419.40005031839434,417.027681202471,417.4330087894387,416.1789063326151,427.64,417.74
2017-11-22,17,374.64,397.7388524648764,398.132251710327,397.5045351507988,398.09811543251715,405.47738530190384,409.0,406.0
2017-11-22,18,366.82,390.09650865625105,390.404220739435,388.0507064913786,391.3361370723556,383.092769425285,403.03,382.87
2017-11-22,19,357.95,372.20339850171126,373.2533565993223,370.8657599618409,372.1800811256295,368.59312498039,376.79,372.36
2017-11-22,20,342.71,357.8330723123683,362.6504548224641,358.3258040938973,360.0908558168923,358.65265020287717,364.62,355.94
2017-11-22,21,335.0,351.560682767348,353.4130501497278,352.44634199721463,352.8808883546646,350.5128264605739,351.29,358.26
2017-11-22,22,316.74,332.242388087516,332.12389650896074,329.33649549106616,330.7813888605842,336.4631253408339,330.32,333.15
2017-11-22,23,309.23,325.09682909264404,324.2815044727259,324.0632986111021,325.29277704371304,333.41059193274964,331.36,325.05
2017-11-23,0,233.37,314.602762253711,314.35648672553043,314.4444679369833,316.2080967976948,322.8398774790176,330.28,326.96
2017-11-23,1,309.16,313.90997440306,313.94847428577225,314.45825518288024,315.19830218057785,322.0676768981948,331.3,325.82
2017-11-23,2,315.0,313.7819499421905,312.93210656557693,314.45757249729587,315.42481303609304,321.9617788559553,331.76,324.8
2017-11-23,3,311.01,307.2093135541138,305.6881983765361,307.4212392504654,307.562088801871,317.88140367726965,321.52,317.64
2017-11-23,4,326.07,324.4255179508103,325.9014371561814,327.56519645141896,327.52348229978196,326.34433250291437,336.01,328.62
2017-11-23,5,339.94,335.41003079217234,335.08341288492034,336.96165459380654,335.792054414224,332.6741980624648,344.62,334.48
2017-11-23,6,338.31,337.3467651373562,337.643292371511,339.824351581734,339.453410731627,337.0578076102239,345.99,342.56
2017-11-23,7,341.95,353.4342590195738,352.6552550642157,353.6163905453011,352.85997873264387,349.9811252853499,367.89,352.32
2017-11-23,8,338.28,368.07454773625176,366.42899567648885,366.3023210399447,366.25238586522033,374.14355075475436,380.33,366.15
2017-11-23,9,339.09,379.95622578549256,380.59963517232984,381.2642081147382,379.0466160345009,349.24496070009917,303.44,378.06
2017-11-23,10,340.21,372.13262299781644,369.9334627413659,369.59151512402536,368.60636126153855,317.1546967258837,208.98,388.95
2017-11-23,11,337.43,402.70738955675876,401.7088110845709,395.00024044359407,396.86859726756313,402.6848774230779,422.48,391.29
2017-11-23,12,339.27,404.8913408183384,404.7033880375945,395.4852238022181,399.73498041562885,407.1582400224267,426.08,400.33
2017-11-23,13,339.33,410.7492667879067,409.17450943235855,400.37912980732233,402.58185121779803,410.9430222928984,433.33,398.25
2017-11-23,14,338.82,413.73698580768604,412.9294178724993,408.17508341073494,409.029825411753,413.15902707266457,434.73,409.45
2017-11-23,15,342.2,411.5766044094634,408.270131899003,400.2908967921551,401.50984469134477,412.03946503876557,434.76,404.34
2017-11-23,16,336.12,404.13980239421096,402.14306600101287,397.5062013894518,397.7262629511663,404.14672583589225,421.2,393.51
2017-11-23,17,342.21,388.0241501316817,385.67911526539075,383.5991200970351,383.2759374692529,394.66098352215863,407.89,374.64
2017-11-23,18,341.25,383.02747213767344,380.2879287009365,379.1361846303996,381.28430093801484,372.89965022306905,397.82,366.82
2017-11-23,19,338.1,365.46520270062615,365.0316986069195,366.12254887987876,366.2093693248889,359.55449214777286,374.06,357.95
2017-11-23,20,335.42,349.8666228108802,349.6036467899125,353.3170381441531,352.0008423900573,349.57010612897676,361.4,342.71
2017-11-23,21,329.93,343.2462628936205,343.2211755373651,343.78819177290893,342.919844773975,344.1401827900188,358.1,335.0
2017-11-23,22,311.07,322.3143386779039,320.96585368169457,321.83381123086156,320.94900605638304,329.0578691828852,332.34,316.74
2017-11-23,23,305.98,311.3723454652308,310.2538488819693,313.8499764768784,311.81383551729124,321.5735379914684,321.7,309.23
2017-11-24,0,311.17,305.8980910924412,306.46895272595924,308.95693402956095,306.62784288507794,311.8320586014562,319.26,233.37
2017-11-24,1,309.36,305.3960538636826,306.1677513499767,307.7630841660806,305.9717214710669,318.7522342141704,316.76,309.16
2017-11-24,2,307.94,306.48812387424704,306.7359591481652,307.9460303934545,306.6214596193769,321.25739598010233,321.88,315.0
2017-11-24,3,311.19,305.4637555914034,305.8120196220223,307.2589664130629,305.45941001692864,320.4675894493963,319.18,311.01
2017-11-24,4,328.32,319.1394484129581,318.84435226640306,319.5983745950509,318.409288110145,327.6440139225874,329.1,326.07
2017-11-24,5,333.92,330.7244257760902,329.0189347505976,330.6702909875829,327.9452625818956,335.29218933260256,338.68,339.94
2017-11-24,6,340.79,332.0797405386154,329.9729127742567,331.57261178611316,329.77834037913004,338.36326468797864,339.61,338.31
2017-11-24,7,341.38,338.0834300683486,334.593115087126,336.8552426735052,336.6770265579033,347.5223157568993,353.64,341.95
2017-11-24,8,337.63,354.9630276216396,353.54696751471033,354.4944125230013,351.78105065984306,373.08581820678467,374.27,338.28
2017-11-24,9,340.99,369.3426648479665,368.27514196827707,368.1321967995822,368.46667334031804,386.1378868408202,398.88,339.09
2017-11-24,10,344.88,370.62017934259416,367.3859580882664,368.95353206004773,370.8168534341627,393.0866153458959,408.33,340.21
2017-11-24,11,342.84,370.9233205325009,367.67237615987443,367.805445580796,371.9938346797221,395.04555786015607,407.32,337.43
2017-11-24,12,343.31,376.29898516398447,374.39559671107446,374.1314863327257,377.34212662725315,398.6237078282206,410.8,339.27
2017-11-24,13,345.63,388.082945369492,386.77414436832413,384.8146819361229,389.21269716602677,404.3682642667024,422.47,339.33
2017-11-24,14,342.97,388.1909191356588,385.0879430691311,384.34320343987224,388.67336608839315,405.2048924551392,423.87,338.82
2017-11-24,15,342.75,388.1909191356588,385.48268942527307,384.996053332387,390.0404415241418,404.5763908661065,422.59,342.2
2017-11-24,16,345.32,378.41959479879233,375.150986273517,378.60269802866713,378.774120371357,398.56437701095774,412.45,336.12
2017-11-24,17,342.16,366.92761002542863,364.87530959314495,369.70439798070186,369.7075190128151,389.26505286217315,392.03,342.21
2017-11-24,18,338.83,356.6284706776325,354.69869841920723,356.947754138455,355.62820334272527,365.6156445450388,375.75,341.25
2017-11-24,19,339.16,348.88772826408393,348.2856442386336,352.2380134271233,349.6611094860249,358.64870381720414,366.74,338.1
2017-11-24,20,339.02,346.9340383991493,347.1906941005281,348.404469399058,346.7634912192699,354.1730517517104,364.5,335.42
2017-11-24,21,329.59,345.59897076048384,347.76105293638557,347.9123078651971,347.3523112876475,350.2584803048274,364.44,329.93
2017-11-24,22,312.66,329.5375267963822,328.8692673600445,330.6416518777591,330.0386801896792,336.6810125643641,342.75,311.07
2017-11-24,23,308.71,317.1827061132514,318.8357157241579,319.973485196896,318.47195365515205,329.4635783626598,332.06,305.98
2017-11-25,0,306.19,315.5017159078356,313.4603501230348,314.83776217445853,315.0495276353539,320.53870965499647,332.98,311.17
2017-11-25,1,305.89,314.4615828353484,313.4833678979694,315.6978588628287,314.24515334224265,318.45446120967205,330.82,309.36
2017-11-25,2,307.52,313.3792670138387,312.9288652247923,314.4020250702896,312.8297261110669,316.20599790419067,325.87,307.94
2017-11-25,3,306.9,308.8379078946972,308.32616754329547,309.3052554199006,307.726922332793,315.1232429434619,320.22,311.19
2017-11-25,4,313.62,320.2841941021988,320.61112544495046,320.9409022371365,321.9935530345126,319.5775608585477,322.48,328.32
2017-11-25,5,318.83,326.15626790598986,325.03034409740934,327.33487762506326,326.56522613382594,324.47931230052654,327.48,333.92
2017-11-25,6,321.34,328.209520076354,327.6643875233092,329.4349268377905,329.64670833776256,329.2267898005354,330.16,340.79
2017-11-25,7,323.17,331.7065299247627,331.49237302409455,332.7629955688317,333.02688968374264,334.53113603164337,335.15,341.38
2017-11-25,8,325.3,334.7788714974775,333.95091390536163,335.72817818207807,335.22043904907343,339.1952338101139,339.33,337.63
2017-11-25,9,327.43,332.9798857883421,332.8793894511639,333.71648981585577,333.78596285742765,343.45723303269364,340.43,340.99
2017-11-25,10,328.9,336.7839449334055,337.11575449133346,334.45557369533066,337.7550635689149,348.27975630176,343.53,344.88
2017-11-25,11,331.37,336.24923156818096,337.2105116713483,334.35901805953785,338.1629503002273,351.11544675839895,344.55,342.84
2017-11-25,12,333.29,336.53895093427093,336.7289847651627,334.3024972479931,340.50290848081323,353.3421018712401,344.94,343.31
2017-11-25,13,335.12,337.9340150371011,337.80659191105025,334.9667068472872,341.37377181301207,355.66372799793015,347.06,345.63
2017-11-25,14,334.27,336.70892034061933,336.6970381044941,334.2725567258791,339.8546737160017,356.10491211840355,348.08,342.97
2017-11-25,15,333.4,338.7240099282963,337.47769450855503,334.7408007191436,341.3969344124065,354.74726286480677,346.0,342.75
2017-11-25,16,331.85,336.6822269171231,336.6572383583654,335.5452984481378,339.9767136892463,352.36679633281904,342.61,345.32
2017-11-25,17,322.93,333.35290583112356,332.4477770136728,333.06622606209805,335.68107347884467,347.2874748826529,335.91,342.16
2017-11-25,18,320.79,330.48715996247563,328.5693291989978,329.17845605966835,331.307179392506,343.0217457534583,332.9,338.83
2017-11-25,19,319.65,334.0694998776978,331.69330078931296,333.5315530826184,335.5614593292735,340.8806339699152,335.31,339.16
2017-11-25,20,315.84,330.8469605742882,329.1395176490376,330.5752889146527,332.72625615471554,336.914715278875,333.62,339.02
2017-11-25,21,312.84,330.54065877134207,329.53239267570626,331.1339061785498,331.8323070277995,333.79444208069657,336.82,329.59
2017-11-25,22,311.04,318.23330918237696,317.4616945531837,318.4746832523994,317.8411300921825,324.8494400214999,326.53,312.66
2017-11-25,23,308.62,311.03133541993276,309.947530155693,311.7974071140091,310.7715070869643,320.61216816349554,323.21,308.71
2017-11-26,0,304.8,309.2971706114047,308.90454614288495,307.4938460208114,310.49315736044264,312.6726849854821,323.89,306.19
2017-11-26,1,306.57,309.0904167843693,310.1103995615809,309.1098953259181,310.20296847129737,309.9281264528495,319.56,305.89
2017-11-26,2,308.39,309.6714700422237,310.5458270215371,308.8044519735803,310.545600658814,311.4472724010169,323.42,307.52
2017-11-26,3,306.42,309.6714700422237,310.5458270215371,308.76224605854696,310.545600658814,311.26390733589324,321.27,306.9
2017-11-26,4,316.85,322.08040659919845,325.3606111889085,323.0491844364772,324.26642235271646,316.5517503099742,328.85,313.62
2017-11-26,5,319.81,324.3781510205288,326.87055865826227,323.8550718960331,325.3242087182116,320.43731074420674,331.34,318.83
2017-11-26,6,323.19,330.07848353878563,332.3552605691066,329.62310641985744,330.3165030993987,324.6719263812452,334.02,321.34
2017-11-26,7,320.85,333.1597377055711,334.7025507878484,333.82473025005186,332.6996901665173,329.35619233405987,337.03,323.17
2017-11-26,8,328.26,333.1597377055711,334.7025507878484,333.82473025005186,332.63584345463937,333.2109834748499,337.33,325.3
2017-11-26,9,327.99,337.164760762737,338.61634565869053,337.3412110680824,336.57201914680843,337.7064838857723,339.41,327.43
2017-11-26,10,326.59,340.1362548074407,340.90439784282023,339.63342512393905,340.2675352921185,341.82161200296014,341.42,328.9
2017-11-26,11,333.3,342.0688362353638,341.59054176444914,341.3223382307773,341.94594662599604,346.0105957210788,344.57,331.37
2017-11-26,12,339.91,350.7744913256727,350.28197680390264,348.2578720907892,349.3670630277168,351.82178728530573,353.79,333.29
2017-11-26,13,338.28,351.8733196695443,352.2336053349356,348.95882731426894,350.1874725960097,354.2507553598388,356.34,335.12
2017-11-26,14,352.36,350.3682945724853,352.5486258049747,349.0468471898341,350.2783145614114,353.96769733935275,354.94,334.27
2017-11-26,15,348.78,351.84613704939494,353.15869970951877,349.52813453601806,350.62567605557115,354.16083850862657,357.07,333.4
2017-11-26,16,343.43,349.1533872932236,350.2991325883358,347.8056952691982,348.3201431732322,351.6506045088051,354.6,331.85
2017-11-26,17,337.54,342.22221894006816,343.1665454311995,342.7981021350301,341.14641272133827,345.16973407707457,346.03,322.93
2017-11-26,18,331.45,334.9509105967324,335.738291557488,333.7707995840384,333.66284535486056,339.18346545825574,338.21,320.79
2017-11-26,19,330.66,334.6779364417645,335.68591912023334,333.82793692517026,333.28194464477946,335.160004456573,336.2,319.65
2017-11-26,20,321.5,328.30080479395,328.69306590166633,325.73934828692785,325.8054587679762,329.07640651531364,330.15,315.84
2017-11-26,21,318.54,324.96958052605896,325.3016506871095,322.8300795759311,322.76010932250347,326.15272390527986,331.9,312.84
2017-11-26,22,310.46,315.8199983629944,315.3084482326102,313.322730301894,313.9227967447528,319.80906340972126,323.73,311.04
2017-11-26,23,306.88,315.4664567777273,314.47388386068576,313.8440319465443,315.4019823643067,316.4840554169756,322.3,308.62
2017-11-27,0,307.5,306.34887948782483,306.98804483672893,306.8189193634412,308.3605208373387,323.07598171280586,320.65,304.8
2017-11-27,1,308.28,305.46545308074235,304.08606513603803,305.0588647467491,304.6496739303765,322.5006878951251,321.3,306.57
2017-11-27,2,309.54,306.64130894137844,305.44016102640137,306.8583779968158,303.9085341513877,322.9858704159489,322.43,308.39
2017-11-27,3,309.56,305.65349987401765,304.8384337461795,305.35858553647427,304.34043418472476,322.7283809083253,320.5,306.42
2017-11-27,4,331.21,331.6619740098513,330.7412483732867,331.70857566508437,330.3330405391387,335.074099289952,345.2,316.85
2017-11-27,5,336.82,339.68943070991463,337.07137576429216,338.98891336995933,337.39921434859394,338.6676562749313,347.62,319.81
2017-11-27,6,336.41,343.9824789353901,342.6209429526738,342.8737968286805,343.04418080821796,342.66808886267034,349.43,323.19
2017-11-27,7,346.9,355.127827661913,351.55009629548005,353.31077079023106,351.032535141449,352.0677401807869,365.9,320.85
2017-11-27,8,360.39,367.2243537239405,363.6186858632307,363.2505295188036,359.301963424963,374.72084346385884,375.79,328.26
2017-11-27,9,374.86,381.59246190616824,380.3148690749603,382.6560990866578,375.2193025965446,386.7625617162988,398.11,327.99
2017-11-27,10,389.6,391.0792558816899,389.01409279940987,389.859840794628,384.28157023463973,393.6384186243335,408.13,326.59
2017-11-27,11,404.71,400.82441433681237,398.7257968576215,396.1968564712559,390.36009468338483,399.76941333088337,415.01,333.3
2017-11-27,12,404.98,410.44416933165564,408.96402448955985,404.40430772928545,399.61131324605213,405.75001538427966,423.24,339.91
2017-11-27,13,410.83,413.91575437309905,414.4712270935788,407.8275629415407,402.26294921349313,408.8978212773746,428.7,338.28
2017-11-27,14,415.14,414.68354039502265,415.8252484143928,410.65741269391606,403.4452954311603,415.02102319153363,439.32,352.36
2017-11-27,15,428.96,416.09254201335926,416.27024638737913,410.7445284570612,404.93347548406985,412.89601381802845,436.28,348.78
2017-11-27,16,420.71,414.0481260115467,412.09312277632387,407.6223530443925,400.56059573369834,406.5004798604375,424.92,343.43
2017-11-27,17,393.41,402.06067625090736,399.735659824113,395.606199529898,389.6550685100314,397.7462439437314,409.55,337.54
2017-11-27,18,381.38,386.1994897384932,381.5074000166975,379.7716374769298,376.14138735635856,373.33885917251115,392.71,331.45
2017-11-27,19,367.66,373.3165329704094,371.58780438938874,369.3233706468251,368.8525651590529,362.3210689686481,372.51,330.66
2017-11-27,20,359.11,360.78519547122147,357.9518156184754,354.1105540595323,354.4465522932598,351.9101918334466,356.9,321.5
2017-11-27,21,348.51,356.1789181105052,354.4706905247861,354.26526309171584,354.73989343582906,347.46704070450124,354.71,318.54
2017-11-27,22,323.11,329.59891978566594,331.5975491214336,326.6844178687023,326.36055196886684,335.3250304182814,333.46,310.46
2017-11-27,23,320.94,322.8135870644523,323.97737367769224,321.3247484930218,321.83129363746525,329.96016724808067,327.11,306.88
2017-11-28,0,321.59,320.5617518264303,321.8966648546019,321.7186947338268,321.3516289141819,331.3774416930732,333.6,307.5
2017-11-28,1,321.66,319.9959659621826,320.9749123872071,321.21548506268937,320.8616961525122,329.38973971781195,330.92,308.28
2017-11-28,2,315.26,320.1323106979207,320.9624430570862,320.92035115548373,320.84221739878967,329.03193321041283,330.06,309.54
2017-11-28,3,308.56,315.9298915854126,316.3906909730767,316.7282564368156,316.2387751932771,326.44178405008694,321.51,309.56
2017-11-28,4,327.12,329.3187615215531,330.41473566274055,331.7511315628016,330.53907079993047,333.86029759498814,330.07,331.21
2017-11-28,5,335.16,340.61422957589417,340.2656309345927,338.3698603184525,341.1930173540402,341.7580016553116,342.82,336.82
2017-11-28,6,333.62,343.152135043099,342.4499750182366,341.44958965955414,344.332235968575,345.7523479936437,345.77,336.41
2017-11-28,7,349.18,351.9253394052837,350.55324543191847,349.16982125084195,351.8837375280919,354.3768882101155,356.33,346.9
2017-11-28,8,369.65,370.5289653841876,370.20552167673486,367.42521626661164,370.79336464309347,382.8140178170885,378.7,360.39
2017-11-28,9,388.53,393.490035661374,392.40123179681495,389.1321565902846,391.33015230312367,397.1558784976793,402.47,374.86
2017-11-28,10,408.15,400.75405141123775,400.9433375754929,398.23055278825944,401.7117060493366,405.5311547080695,411.44,389.6
2017-11-28,11,426.95,407.4316321341221,406.3298235186414,404.68386197937076,408.04081087734335,413.08729706778246,419.43,404.71
2017-11-28,12,422.6,412.23959751056793,411.8976736004518,408.7286303837597,413.86643930186676,416.91423331635895,424.0,404.98
2017-11-28,13,431.08,418.46031331709423,419.84223592567105,416.7871209905941,420.8920112366791,421.60380377227017,431.15,410.83
2017-11-28,14,422.81,416.9497062069693,418.15834800790145,416.70457721893484,420.53863174831446,422.16781386116537,430.35,415.14
2017-11-28,15,423.76,413.75629143925266,414.99178688457374,414.16537717152045,417.2434279612847,419.1029554197866,419.57,428.96
2017-11-28,16,423.48,413.9805933911642,413.0558608464522,411.9907842202822,415.7807029426394,416.05703994610815,417.74,420.71
2017-11-28,17,405.87,397.2379264278978,395.1336908786462,393.5770143456117,398.1963107698343,406.19058650144166,406.0,393.41
2017-11-28,18,391.01,382.4340357530925,381.09789244423786,379.3974656926183,384.7589531133483,378.413908345403,382.87,381.38
2017-11-28,19,377.98,369.3464563575635,369.5966925361353,366.76068038644917,372.18802424118167,369.6214752730014,372.36,367.66
2017-11-28,20,368.53,355.12108826178667,356.82385899862464,355.0809058827818,359.53972347156065,358.9660179014776,355.94,359.11
2017-11-28,21,357.97,350.3541752252148,350.7694531665501,351.5199178278247,352.4326991371395,355.3633553685912,358.26,348.51
2017-11-28,22,336.15,329.429411549714,328.3809648620663,329.60292512435177,329.99173915775697,339.6840072475299,333.15,323.11
2017-11-28,23,322.65,324.28173346870676,324.77545411088477,324.9854152153743,325.89138306998694,333.80078830269605,325.05,320.94
2017-11-29,0,325.01,322.96158102669676,322.7201000157255,322.8970131408239,323.718282843917,331.57908790310523,326.96,321.59
2017-11-29,1,326.38,322.372171563358,322.5953243586924,323.0612641395963,323.44686573312407,330.08990466861826,325.82,321.66
2017-11-29,2,327.39,321.8008608775835,321.8282365980477,322.4889447827675,322.8570754758818,328.7562263474866,324.8,315.26
2017-11-29,3,323.06,319.5637285090512,319.79064106758295,320.0091290763153,320.5046112526674,325.9021031638268,317.64,308.56
2017-11-29,4,334.75,329.4199056464509,328.65480676963256,329.4222486617252,329.72939584429184,333.88468548589105,328.62,327.12
2017-11-29,5,343.98,337.91294792379284,337.01011158497585,338.1548897691649,338.3736290522395,339.398199805912,334.48,335.16
2017-11-29,6,350.85,342.5177908990104,342.11406553139096,342.9517502486177,343.9047622569717,345.2419543110116,342.56,333.62
2017-11-29,7,356.08,351.6524685852989,351.7869537427484,351.2582341063753,352.7285933668444,354.15544006514585,352.32,349.18
2017-11-29,8,370.67,366.98473157935763,366.85765959513753,367.2237341884094,369.5664005847365,380.30019672572035,366.15,369.65
2017-11-29,9,388.81,383.30004361415473,383.65931946438053,383.0544004741938,386.48658830688447,390.58214665945104,378.06,388.53
2017-11-29,10,399.92,406.60333651334815,407.1613680240968,409.2430422829603,409.71662569376804,400.2851149794016,388.95,408.15
2017-11-29,11,413.74,409.9779812492285,412.4118950570819,412.5536204189194,414.27237373103804,406.10281706681366,391.29,426.95
2017-11-29,12,424.87,413.7328566639083,412.2594055417636,414.312606030699,416.9658186745339,411.1285843474043,400.33,422.6
2017-11-29,13,431.33,415.8039610632862,416.3167129313911,417.3328044921175,420.0736286852775,412.57125303831305,398.25,431.08
2017-11-29,14,431.03,413.39250431288434,412.5668171713476,413.0727154956683,416.2628843811563,416.3089501397074,409.45,422.81
2017-11-29,15,421.74,414.82541697915485,414.1450110120614,415.0680911042683,418.4493326572488,413.9335766963816,404.34,423.76
2017-11-29,16,414.91,412.97052334405333,414.45993652626976,412.5567175303868,418.41864282563205,408.3528295659768,393.51,423.48
2017-11-29,17,405.44,396.2788156313844,395.53359574322485,394.73962255208266,398.1689650938634,396.8741106046965,374.64,405.87
2017-11-29,18,389.76,376.09055401226533,376.79569101549583,375.3198589681594,378.8639792015975,374.5036277887042,366.82,391.01
2017-11-29,19,378.74,366.8898803598651,367.2571440546404,366.4716524463852,370.0600929211655,366.42491176472237,357.95,377.98
2017-11-29,20,362.63,360.5311288732293,361.48744991587336,361.01829729184783,364.55722811452864,356.11470986531043,342.71,368.53
2017-11-29,21,348.31,354.36092482518546,354.4196695809796,351.171727977875,353.5779807159536,348.6290587658537,335.0,357.97
2017-11-29,22,331.26,328.4492531615389,327.8325360013071,327.6188367950221,329.67558489654243,336.00951905017064,316.74,336.15
2017-11-29,23,327.53,323.47228506471174,322.42773777920956,321.18509227790616,324.20530581661586,329.00866664359535,309.23,322.65
2017-11-30,0,325.89,297.4458982126505,296.0367691159395,296.74771685962617,299.7747410893646,296.4823448427509,233.37,325.01
2017-11-30,1,325.4,323.25460688498094,323.4660992363505,324.0349253880258,324.35761234580315,324.9090927694233,309.16,326.38
2017-11-30,2,329.24,323.7771930251395,322.8482153915728,324.4587051498342,324.36097187683225,327.10834833058414,315.0,327.39
2017-11-30,3,318.3,323.10321302078705,322.68433984530225,324.17899142428666,324.1065408773148,325.765814778109,311.01,323.06
2017-11-30,4,329.62,332.85658249480116,333.103323971958,333.5776662026563,333.8712546471202,334.52315149512657,326.07,334.75
2017-11-30,5,337.39,342.8160463593899,342.6818130283449,343.14229250639283,344.74425747055903,343.27796706230805,339.94,343.98
2017-11-30,6,340.69,345.77729356067044,345.1540412374334,345.3602426107878,347.6678882804886,346.3568118255767,338.31,350.85
2017-11-30,7,359.79,350.6362016898308,350.44741349086087,350.9837833574263,353.53227570060506,351.6866212862053,341.95,356.08
2017-11-30,8,376.59,369.9933317194922,368.58001458667883,373.59839363681874,376.41923331495593,370.22731029305686,338.28,370.67
2017-11-30,9,399.79,382.30760289755375,381.6755459442462,388.7823036623971,390.959465869377,376.123881399255,339.09,388.81
2017-11-30,10,409.69,394.4783319012273,393.86489718556396,402.57830479918016,404.87076272756656,381.0400542964208,340.21,399.92
2017-11-30,11,418.14,411.59484480360817,410.8383439199001,413.16718711717016,414.779269293697,384.28374713009305,337.43,413.74
2017-11-30,12,420.31,412.41873499388964,412.23643182792,415.5361590076572,416.9987936728445,388.33794466312906,339.27,424.87
2017-11-30,13,423.15,413.7803805628131,413.42306446472656,416.8034577776199,418.35114464859936,390.36233088709446,339.33,431.33
2017-11-30,14,423.68,412.58545859426994,412.44182963874044,416.7674175124601,418.2453040022927,390.500973275054,338.82,431.03
2017-11-30,15,416.96,413.6136752093165,414.0588429110641,416.075435066648,418.1640264642642,390.197765671477,342.2,421.74
2017-11-30,16,408.97,413.3125478568303,412.7544692388497,415.2637580564222,417.70364642499874,385.6783833941328,336.12,414.91
2017-11-30,17,397.0,402.4544189429372,403.18523534618674,403.6344689014433,408.0783679254503,384.80821200543886,342.21,405.44
2017-11-30,18,383.5,369.2547890014653,368.14494805031194,370.7468017189461,373.2402145919868,365.1338295766603,341.25,389.76
2017-11-30,19,367.19,366.933662727824,365.5546628886456,367.3118697757496,369.151234164638,359.5050771723156,338.1,378.74
2017-11-30,20,361.31,360.60933239439464,361.8164735871548,362.7681567002435,366.3642049681163,353.27230874572854,335.42,362.63
2017-11-30,21,359.29,348.05208211525695,347.7318337525246,345.4233916731323,349.4185761144106,346.2079580587169,329.93,348.31
2017-11-30,22,335.57,328.42335800003275,328.1040352087017,329.23637504571286,331.0012672107461,333.92426736274734,311.07,331.26
2017-11-30,23,328.85,322.17689915557105,322.0762069399589,323.33710030601424,325.8365163875007,329.01676163517993,305.98,327.53
2017-12-01,0,327.27,324.16983290624125,324.23243044566726,323.0584892908465,324.64514009845163,324.4902370433498,311.17,325.89
2017-12-01,1,319.83,323.74822356974494,323.66558414281326,323.288435419415,324.70661438489446,322.69054263051066,309.36,325.4
2017-12-01,2,321.2,325.50010974260596,327.05978227812295,326.27555101488684,327.19410926859376,322.4206132140321,307.94,329.24
2017-12-01,3,314.95,322.64582008935514,322.51697157806416,322.4220243336297,323.3693877519499,323.10553379861165,311.19,318.3
2017-12-01,4,323.05,332.35563882919206,332.84793653150615,332.6381523595409,332.23883582593584,332.62378495994625,328.32,329.62
2017-12-01,5,331.97,336.0093853557042,336.6194315905014,336.1348552994861,337.1254924498414,338.01057273054766,333.92,337.39
2017-12-01,6,337.83,342.0372059538844,342.11837417384675,342.40590276206837,343.1405824375026,343.9577561693078,340.79,340.69
2017-12-01,7,345.88,348.496802429316,348.4977245015064,349.0627775965153,349.35919827902876,349.73914162420317,341.38,359.79
2017-12-01,8,364.78,368.0679227569458,367.7623574237725,373.11805700766104,373.4391350290365,368.7811455762912,337.63,376.59
2017-12-01,9,380.94,380.0430351286587,380.14092553724885,386.55513594397513,386.243541051761,376.25557236293645,340.99,399.79
2017-12-01,10,392.9,393.7104399391146,392.49061437027217,399.40634451138294,400.0381635530139,382.09574979396626,344.88,409.69
2017-12-01,11,409.42,407.8116306570347,405.9147756070237,406.90003198579467,408.0757445235489,384.9879706565309,342.84,418.14
2017-12-01,12,412.58,409.6821520580627,409.3327624699844,408.33243816413074,410.5502264758372,387.4517443855404,343.31,420.31
2017-12-01,13,408.43,409.8965407803552,408.93307433561614,408.1390823341563,409.8023001997663,389.91805334972275,345.63,423.15
2017-12-01,14,409.33,409.91198404002495,408.59162686898077,408.04823615704197,409.7269642558047,389.3169864237806,342.97,423.68
2017-12-01,15,407.15,409.99248054019324,409.31490907696997,408.19633341966204,410.433819217642,387.91880801021836,342.75,416.96
2017-12-01,16,399.84,405.9724101044947,405.17548926594026,405.9207523579218,407.25695042721765,386.6047160093649,345.32,408.97
2017-12-01,17,386.14,394.3556370455856,395.25933078616373,396.5681827744935,399.27472743809835,381.8602912816803,342.16,397.0
2017-12-01,18,372.8,355.1116296740731,356.1406988663132,355.48335673676854,357.43485603206096,361.2503326705493,338.83,383.5
2017-12-01,19,366.52,352.9000084683364,352.9438284764122,354.47930824940386,355.661026980863,356.3459140450341,339.16,367.19
2017-12-01,20,363.41,350.00744986012836,350.49003182152603,352.043859477148,352.5304994001385,352.3017105720244,339.02,361.31
2017-12-01,21,350.23,341.30270205702607,341.3010281893825,341.50835225884754,343.60621193711455,345.16461169564354,329.59,359.29
2017-12-01,22,326.33,326.70671839870545,326.2572661489085,326.7461604127796,327.47105690902526,332.8475350193559,312.66,335.57
2017-12-01,23,317.84,324.5962076472713,324.84020666476795,325.32709124943364,326.2841273216723,328.0349308886136,308.71,328.85
2017-12-02,0,319.5,315.2532861658183,315.10959856391173,314.2845130479205,314.88116219605195,308.8254655668929,306.19,327.27
2017-12-02,1,317.5,314.1271350011834,313.83423609469133,314.6827483485332,314.27121039792337,306.7881093676852,305.89,319.83
2017-12-02,2,310.63,314.59353765813444,314.77130928662075,315.3641904556493,314.7687642550168,307.4035737097555,307.52,321.2
2017-12-02,3,311.6,312.63218290675337,313.0024806447277,313.2103100242433,312.8116141300086,307.1404187048545,306.9,314.95
2017-12-02,4,317.8,318.2101713794913,318.29068672484294,319.2913457045252,317.7133169062474,312.25104726841687,313.62,323.05
2017-12-02,5,318.46,322.5350314821927,321.1096096866488,323.8189753546606,323.09237191137237,317.6208070902759,318.83,331.97
2017-12-02,6,329.87,324.39456122452987,323.51469429121715,326.18163851547473,325.76188015231764,322.18236605936903,321.34,337.83
2017-12-02,7,332.29,331.1051374468281,330.0035670049818,332.7116249072404,331.7902510392491,327.1436292215176,323.17,345.88
2017-12-02,8,334.56,332.81946803891464,331.89703877709496,333.74653046918775,331.9911032686616,333.6839031527659,325.3,364.78
2017-12-02,9,341.07,335.22973379512035,333.73358405779237,335.1699243660411,333.87592095815336,339.85660181686563,327.43,380.94
2017-12-02,10,341.33,337.1656742975303,336.14414845608826,337.3189480428991,335.9186614637108,345.006297151416,328.9,392.9
2017-12-02,11,346.27,338.15765680626487,337.5318323856481,338.48379547872247,338.47257639204645,350.59609389092253,331.37,409.42
2017-12-02,12,354.03,338.9161802330912,339.62339604105244,339.2905687736526,339.3906591004555,353.7410815131868,333.29,412.58
2017-12-02,13,359.19,343.4260279323503,344.1317271684036,343.2318920280439,344.0899841097431,355.1992641240264,335.12,408.43
2017-12-02,14,360.87,340.3890486719157,341.7248608960384,341.18268221295267,341.97427618993976,355.3454303412496,334.27,409.33
2017-12-02,15,358.51,339.49887932329284,340.18884452424487,339.89756293229414,340.798103451526,354.2331811640004,333.4,407.15
2017-12-02,16,342.32,336.71258559246377,336.8829940076481,337.4620417756306,338.3245967592137,351.4079798901011,331.85,399.84
2017-12-02,17,338.46,332.67276945054573,332.99805602395804,333.86142720894696,334.2683060578103,344.23366359692665,322.93,386.14
2017-12-02,18,335.59,332.78078504965004,333.1158928062291,333.5424782109357,333.9395375657275,339.1278887312916,320.79,372.8
2017-12-02,19,335.8,328.77836931628104,330.2622708271389,331.5113145812405,331.42260137889645,334.8346120240707,319.65,366.52
2017-12-02,20,334.41,327.28845108261004,328.5297709571458,328.15741994185976,328.0181510768205,329.69537871249037,315.84,363.41
2017-12-02,21,323.68,324.57928468969646,323.8385091931068,322.64004602617615,323.65726348599395,323.72967504905995,312.84,350.23
2017-12-02,22,307.81,314.796658622271,315.1385313547547,314.0675536252766,315.1448128669197,317.24021896907016,311.04,326.33
2017-12-02,23,305.34,311.991055536005,312.00176505460644,311.28640646434053,311.28909213427556,312.8074772191776,308.62,317.84
2017-12-03,0,306.06,304.8658836272681,306.0389482016205,306.499744478955,305.34646358336994,299.34780923639414,304.8,319.5
2017-12-03,1,308.96,304.4290764931323,304.8246702681586,305.4137248995014,304.95383023484135,298.7591486032251,306.57,317.5
2017-12-03,2,305.84,303.5280627857057,303.6257104029848,304.8694439550124,304.4765663612891,298.4859221432748,308.39,310.63
2017-12-03,3,310.57,303.5431202352997,303.7758634150504,305.0619575571415,304.43134041514827,298.55655022786294,306.42,311.6
2017-12-03,4,317.03,309.1274155892829,309.6513563382155,310.6773426635389,311.13889827198466,304.8834301117315,316.85,317.8
2017-12-03,5,317.9,311.7213232487339,312.13232917442434,312.3041283453649,314.3314218338382,308.4140715411742,319.81,318.46
2017-12-03,6,325.54,318.9308004279294,319.8234171480384,320.03673944853216,319.97932483844806,313.966232953116,323.19,329.87
2017-12-03,7,324.92,320.6601421751346,321.405288999113,321.18275493862984,320.8202218770291,316.6511197338251,320.85,332.29
2017-12-03,8,325.74,325.3132862009653,325.88093901355217,325.38599874770614,324.6523182753256,323.27367287171194,328.26,334.56
2017-12-03,9,327.63,326.400155397491,327.4872426476918,327.3004797868691,325.4213750464549,327.3777249141293,327.99,341.07
2017-12-03,10,327.86,327.94041261885565,329.2949552293308,327.61601647170016,325.66537420144186,330.0342877875702,326.59,341.33
2017-12-03,11,336.23,331.19272268055926,332.4911456674321,330.99496717148173,329.66783793607186,335.8940019330024,333.3,346.27
2017-12-03,12,340.49,333.0366154039799,337.1248965054823,334.3595911958292,331.0046077554248,341.3862912595807,339.91,354.03
2017-12-03,13,339.54,333.69840312754707,337.867031510842,334.132525351058,330.93226050349085,342.5937708863236,338.28,359.19
2017-12-03,14,346.87,340.7035285831709,342.82547790678933,340.0259911638133,336.69635691463975,348.59887207904956,352.36,360.87
2017-12-03,15,340.56,338.3738184248954,341.83188021909035,338.3302931986887,336.24008155278807,346.41091625186294,348.78,358.51
2017-12-03,16,336.15,336.755107711449,338.1250119056394,336.90053472683724,333.17914300084595,341.0661868843581,343.43,342.32
2017-12-03,17,331.21,331.8455056665085,332.9819246149159,332.2425045076265,331.37134720702,336.2185904871513,337.54,338.46
2017-12-03,18,326.04,329.3641113027123,330.4021642864415,328.8086103580165,328.32103615869465,330.81599355280446,331.45,335.59
2017-12-03,19,330.79,328.70223558049275,329.0694400946655,328.4195435145501,327.7870929942517,327.4228042575375,330.66,335.8
2017-12-03,20,325.04,323.7301257791625,323.92971490565304,323.8406953309683,323.5742645045445,320.4197793824977,321.5,334.41
2017-12-03,21,323.62,317.19843705257955,317.0540851279177,317.9972040970746,315.89005345972345,314.7627176851865,318.54,323.68
2017-12-03,22,317.8,307.965706052401,307.8702566135556,308.21731916522174,306.93169290598394,306.79555105393973,310.46,307.81
2017-12-03,23,308.85,305.3458490103892,306.0309789223143,308.24249078698284,305.5688065365785,302.62992453147905,306.88,305.34
2017-12-04,0,311.91,304.1603227791016,305.62578326116164,304.45506518290955,305.2649844492026,312.85533155930244,307.5,306.06
2017-12-04,1,316.99,308.6265334090238,307.40607014874274,308.85077075147325,308.2038084057465,312.4554674441823,308.28,308.96
2017-12-04,2,312.12,308.4630491526717,308.00885289740944,309.28554351707436,309.06383305569693,312.4023642737794,309.54,305.84
2017-12-04,3,313.67,309.24791358014744,308.28433036664404,309.1809545655981,308.0060220202158,313.68121217604136,309.56,310.57
2017-12-04,4,333.06,324.73763076290606,321.18999616884577,326.1928055672903,326.7682763085857,324.375320424026,331.21,317.03
2017-12-04,5,342.83,334.62146342939815,331.8022960724566,334.7655933287395,334.52299463160386,328.9537481471939,336.82,317.9
2017-12-04,6,341.65,336.09467609679905,334.50664961439696,337.84628484623784,337.2253067760175,332.59577718189445,336.41,325.54
2017-12-04,7,347.88,344.6637094963637,341.3820397877004,346.0964119888104,344.5087860177744,339.88592762527276,346.9,324.92
2017-12-04,8,361.5,354.9788304116952,351.78197422123765,356.3827899238679,355.2849214351017,363.45081396876105,360.39,325.74
2017-12-04,9,371.06,365.8578507233638,363.1273308786913,369.5637242826869,364.2443036409656,372.71530502400935,374.86,327.63
2017-12-04,10,384.8,377.07053201190075,377.306169459816,383.72351369066473,378.4416302895519,381.6147987455957,389.6,327.86
2017-12-04,11,400.86,387.1818312960397,386.62766693664605,392.474450747608,385.3315215488579,391.1315727928278,404.71,336.23
2017-12-04,12,413.65,386.1152608488816,384.4807680271168,389.795738306428,384.5980573513565,393.7647342547372,404.98,340.49
2017-12-04,13,411.05,390.1504804618664,387.8678666420237,392.59209697127943,386.82428138486887,397.1512139819606,410.83,339.54
2017-12-04,14,408.85,393.1882829497672,391.74862202274414,397.04991543631127,389.59921670075045,400.0468812328431,415.14,346.87
2017-12-04,15,411.77,400.80014123084936,399.38197752722334,403.7698735623002,399.2126547336261,404.12793317555145,428.96,340.56
2017-12-04,16,409.25,395.8688673610493,391.30461726970725,400.1248734151769,393.34320584381334,399.05068020621434,420.71,336.15
2017-12-04,17,390.77,381.46135779201927,373.98448832146084,382.31924213828796,376.88421977845036,385.79701008139364,393.41,331.21
2017-12-04,18,375.59,372.37500664133734,367.3947639665027,371.7859487464262,369.21626137649776,363.06749304689635,381.38,326.04
2017-12-04,19,362.59,358.0914306798899,354.2821312967518,360.0608919039886,355.40948703056876,355.2068653207636,367.66,330.79
2017-12-04,20,354.24,348.3356327774757,346.27519188878256,352.8513331425581,348.7718405205587,347.92485865049764,359.11,325.04
2017-12-04,21,348.68,343.8631775439211,341.83907074020965,343.2340633414446,343.0930085471866,340.4053322856861,348.51,323.62
2017-12-04,22,330.95,322.55092064667383,319.4370024874755,321.03864484636705,320.084162506392,326.9178780963013,323.11,317.8
2017-12-04,23,319.74,318.65394897565767,315.14127985373085,318.4465190398309,315.93779495122556,322.5305741357504,320.94,308.85
2017-12-05,0,318.72,315.0381131587118,315.35215737925074,314.47553143269056,315.23561535909477,321.92435054461595,321.59,311.91
2017-12-05,1,321.16,315.5182430433352,315.8948206605833,315.278656491368,316.53843620701963,321.4876557401275,321.66,316.99
2017-12-05,2,322.75,313.5225006208951,314.41807251912877,313.28540631008286,314.3833641043832,318.24846892723997,315.26,312.12
2017-12-05,3,316.31,314.1678586422863,314.2783245291298,313.4991778547815,314.9526692252034,316.53900330976234,308.56,313.67
2017-12-05,4,322.77,327.2760170770154,328.3327085747692,328.6373843583514,327.7827954937261,327.5479234272918,327.12,333.06
2017-12-05,5,337.41,337.66298213992957,338.8081815302753,338.56990629335513,338.80063626634103,334.10623434590167,335.16,342.83
2017-12-05,6,338.96,338.40667901448796,337.81850164051343,339.11513985803344,338.78592194487874,336.2709032252266,333.62,341.65
2017-12-05,7,348.25,345.97117753909924,345.55712242076504,346.12173304832527,345.63900565046384,346.33050381311944,349.18,347.88
2017-12-05,8,369.98,361.2293199442261,360.560254019602,363.48218873100717,362.1476849593224,374.1400858589894,369.65,361.5
2017-12-05,9,384.69,375.93902624641413,374.1416718425232,377.62479179759094,377.38395785706535,386.0242813063763,388.53,371.06
2017-12-05,10,401.61,388.94225135229243,388.4026130727177,392.19831208004126,395.0148214336965,398.41593699649667,408.15,384.8
2017-12-05,11,407.09,407.4087629886805,408.0505379441504,408.3670414410592,407.9781939781702,410.2822455540324,426.95,400.86
2017-12-05,12,411.99,411.63098127045737,412.6193491844133,415.18357694923407,413.25242394201666,412.1509523272681,422.6,413.65
2017-12-05,13,416.32,415.18203668612085,417.86338284385175,418.9260894263974,414.8403576785772,416.3792367932157,431.08,411.05
2017-12-05,14,417.69,407.6273405996614,409.6018607939425,411.51109727690266,410.23661199624587,413.3053423474011,422.81,408.85
2017-12-05,15,417.17,412.1864945396149,414.23955622130586,415.6288282639014,413.5114097896876,413.50966273191335,423.76,411.77
2017-12-05,16,411.49,408.18181675428264,409.68794030306844,410.17081476098247,407.80900087485475,411.74891213739596,423.48,409.25
2017-12-05,17,399.8,387.25925218099434,387.5433572094882,389.97040236295624,390.55016897913254,400.6571006085702,405.87,390.77
2017-12-05,18,394.85,376.7511121904747,379.0454000373463,378.47766278181984,377.31302320654703,375.6260021930003,391.01,375.59
2017-12-05,19,380.11,367.1481334374594,368.030030280569,368.3961247191844,366.18586233560376,365.941166311376,377.98,362.59
2017-12-05,20,370.45,359.2946939367433,360.0701561376656,360.5359804108388,359.3891719180252,357.99789080794585,368.53,354.24
2017-12-05,21,359.2,347.83879006140336,348.5288236966798,347.93839010185286,347.0385851680424,349.9951827583721,357.97,348.68
2017-12-05,22,337.71,330.93946467340584,331.98275214019156,330.95269894149254,330.79813077897563,336.4759603515484,336.15,330.95
2017-12-05,23,333.35,320.1697518954403,320.62865723017336,319.56708406220827,319.75185527571483,327.42309425317643,322.65,319.74
2017-12-06,0,324.63,327.7414100523141,327.9006734121505,328.22463905426446,327.45947110810084,329.88875502675455,325.01,318.72
2017-12-06,1,327.88,327.276433242053,327.23489636705784,327.83180588360807,327.8883088714603,329.6279562829832,326.38,321.16
2017-12-06,2,320.69,328.55362232145734,328.0792902659316,329.1269878957993,328.7547010702809,329.99975864708176,327.39,322.75
2017-12-06,3,309.45,325.48283062161295,324.765865078277,325.94357261195125,325.7222616973097,328.2537628566976,323.06,316.31
2017-12-06,4,322.46,335.6842350461918,333.6686351151421,335.0512907661292,334.8919857564295,335.0740896889902,334.75,322.77
2017-12-06,5,331.71,343.1202791619718,342.65217360128065,342.32723609910096,342.26185618681114,342.6594306759503,343.98,337.41
2017-12-06,6,332.67,345.3386186868097,344.37688331074463,344.68752409628576,344.5164836950491,348.3959782952089,350.85,338.96
2017-12-06,7,347.23,355.05068430000074,354.77160805212253,354.90846809145023,353.30668648160093,354.82239131440167,356.08,348.25
2017-12-06,8,360.66,372.05468691245864,371.1227634850364,373.47434002692376,372.3622189255023,380.93744313048484,370.67,369.98
2017-12-06,9,371.37,385.6965793139022,385.2899789444949,388.59444571444,388.52802143847344,393.151405999164,388.81,384.69
2017-12-06,10,386.11,402.87210899215796,401.8077682069873,403.74342727996657,403.5941803406119,402.63880215072703,399.92,401.61
2017-12-06,11,394.84,413.17290799654364,412.5758812553182,411.48581442500375,411.35950934591057,411.3491925411197,413.74,407.09
2017-12-06,12,399.1,424.9366204962952,424.6089354881186,423.11566295917675,421.8679636213877,418.29305297245304,424.87,411.99
2017-12-06,13,397.68,425.7097152424181,425.5062965582775,424.016890905562,422.55661387971674,422.57176080204226,431.33,416.32
2017-12-06,14,402.63,424.17563343934137,425.1162811187312,423.85433721081176,422.4507732334101,423.0157059823775,431.03,417.69
2017-12-06,15,401.77,423.22043773239494,423.66775803148533,422.36760497743734,421.21131064355774,418.8676787444504,421.74,417.17
2017-12-06,16,393.13,418.3474017865879,418.16390271495226,417.0878181672176,416.3742323569074,414.2117019887744,414.91,411.49
2017-12-06,17,382.42,400.89788761697116,402.1234921957501,402.8580613900323,402.07711753143496,407.07349476015224,405.44,399.8
2017-12-06,18,372.95,387.42720358912294,388.84723891664686,390.5912490811452,388.4369527495728,383.31198998646346,389.76,394.85
2017-12-06,19,366.82,378.37121954539924,379.13675135150737,379.9484658976769,378.6532113385264,374.19768870667855,378.74,380.11
2017-12-06,20,362.31,368.80821330235517,370.8115736323769,370.8310993306461,369.1010644360365,363.5180608688591,362.63,370.45
2017-12-06,21,350.67,350.310720353127,353.0397754114517,353.925297808745,352.7554081096633,353.38155285305635,348.31,359.2
2017-12-06,22,332.03,332.56612761465095,333.94118949557554,333.66083361098555,333.88836670428736,341.251800378447,331.26,337.71
2017-12-06,23,327.67,330.20222644503565,332.27227304146345,331.5627616442726,330.98535177323237,336.7686053037297,327.53,333.35
2017-12-07,0,325.27,324.1188639935044,324.84829640732335,322.665060510579,323.6034029052258,326.0494015125545,325.89,324.63
2017-12-07,1,321.51,324.117680499954,324.7016408786311,323.690668283716,325.6676269517715,325.17846776315025,325.4,327.88
2017-12-07,2,318.35,324.14568898526187,324.6132106785419,323.0797715392206,325.49317445473054,325.6247215781805,329.24,320.69
2017-12-07,3,317.75,322.3965306452406,321.6150740158046,321.165220083544,323.0362479643744,320.7684961795224,318.3,309.45
2017-12-07,4,327.06,329.15050041185975,331.1043640438574,328.883332004134,330.59922807913534,328.2250144927959,329.62,322.46
2017-12-07,5,328.96,335.9410759974691,338.06763622399444,337.08401076474564,338.54284920318923,334.6168162616505,337.39,331.71
2017-12-07,6,336.65,340.80185228277486,342.74635353173954,342.2341022315395,343.89143518907366,338.90498691732915,340.69,332.67
2017-12-07,7,358.8,351.0800894107511,353.4879834634131,352.51054795271466,352.7759359058678,351.31425742520366,359.79,347.23
2017-12-07,8,375.38,368.3480701363251,369.4378473335217,369.50347971548456,370.87305325753294,377.348323550915,376.59,360.66
2017-12-07,9,387.2,384.41977187877217,387.10571063208334,383.7635301040972,385.47793681679474,391.0401286842729,399.79,371.37
2017-12-07,10,392.95,388.91830632851236,390.921807215971,387.70412037230204,390.6366002951622,399.7918404801827,409.69,386.11
2017-12-07,11,398.05,397.1378680611659,399.3689483520493,394.0739873190688,398.42675540844886,406.7946615773383,418.14,394.84
2017-12-07,12,411.71,397.8327358076123,401.8077245532619,395.40797062674505,397.2826099650544,410.18374547927385,420.31,399.1
2017-12-07,13,414.39,398.34165285024,402.10723484310495,396.62738490068136,397.60431113504745,412.37177378280626,423.15,397.68
2017-12-07,14,407.04,396.80757104716326,400.8819388694561,396.38991772277143,397.79725509330757,413.5449908420156,423.68,402.63
2017-12-07,15,397.48,396.99929855358283,400.73977730539326,395.0376351593334,397.0631726329162,410.3398022605216,416.96,401.77
2017-12-07,16,389.92,390.7860960873447,394.7334306615255,392.68081645409757,392.2395850241997,404.8782969896647,408.97,393.13
2017-12-07,17,381.83,382.7957190131457,387.512356453095,387.8348999677484,386.3222113134797,396.8830781386583,397.0,382.42
2017-12-07,18,370.05,373.71478983673796,378.4224796978233,378.2177369696125,376.00905118607045,373.3847699698191,383.5,372.95
2017-12-07,19,365.06,363.12624047333014,367.3718478412381,366.432943623046,365.9734707900891,363.23938782395084,367.19,366.82
2017-12-07,20,355.76,357.42377140298464,362.268488214352,359.8806411738066,361.4597238966848,357.1278574764304,361.31,362.31
2017-12-07,21,348.85,349.2356171087197,352.59779742254653,352.51157047092386,352.3782193490497,351.71137181611795,359.29,350.67
2017-12-07,22,335.04,331.7018767519017,332.5199912324771,330.2491699909095,330.97396179389307,337.34834756835755,335.57,332.03
2017-12-07,23,325.53,324.6546995751829,326.31382320503394,325.6413569850698,325.6634169375046,331.72169808099505,328.85,327.67
2017-12-08,0,326.07,322.71673229358294,323.2690776398485,321.1908900784778,322.87828771532673,321.4762228183164,327.27,325.27
2017-12-08,1,324.93,322.32326096153577,322.2074861239175,321.72329163263424,322.1094434504848,317.08563364193833,319.83,321.51
2017-12-08,2,317.86,321.384052530621,321.2837712141615,320.8584896292337,321.2041542692393,317.04450583892447,321.2,318.35
2017-12-08,3,315.44,322.06814384704256,321.220893938427,320.2564681745597,321.0816172114834,315.2488862515922,314.95,317.75
2017-12-08,4,328.04,328.57709003774403,327.8960728941247,326.77974307209513,327.48703237141433,321.020494707647,323.05,327.06
2017-12-08,5,337.45,334.5923571991996,334.6259233604238,334.0744424557422,335.38388198848804,326.98963634409904,331.97,328.96
2017-12-08,6,338.14,338.889126647302,337.55195904657273,337.1720723326791,338.7035999823396,333.058979698067,337.83,336.65
2017-12-08,7,340.11,352.6990836984989,351.8519439202525,351.6013786075644,352.0963834351996,342.0883637568762,345.88,358.8
2017-12-08,8,351.73,368.74258472620335,366.9023793282214,369.5142659490411,369.38574172298115,369.5882004483104,364.78,375.38
2017-12-08,9,366.29,382.8021501945625,382.28949476064975,384.3769015436565,383.687247386986,380.6918332140045,380.94,387.2
2017-12-08,10,374.21,391.1896149647712,388.46255310075964,393.2688074208462,389.8521340710874,389.1878295959453,392.9,392.95
2017-12-08,11,382.85,403.4012767216754,402.11045478267926,399.507959068645,397.73410404783675,398.8910447443518,409.42,398.05
2017-12-08,12,390.52,412.74321642558505,411.5624177243256,407.75016551096104,408.0847223347329,403.7758275654111,412.58,411.71
2017-12-08,13,395.03,409.5144026171794,408.46915376251366,406.75582161153596,406.86899145419693,403.7494398407812,408.43,414.39
2017-12-08,14,399.84,406.30353093853057,406.0175307582373,402.9259363534208,402.49736425430604,403.62469024938184,409.33,407.04
2017-12-08,15,390.99,401.3276816489373,400.66448879950036,400.21469529173356,399.4349935451148,401.15711435327813,407.15,397.48
2017-12-08,16,385.59,392.6356538238784,391.5566512653619,390.5332802234646,391.8459769288441,396.08981657073866,399.84,389.92
2017-12-08,17,370.91,380.21906654913806,379.1867608158268,382.97500497619603,383.38887997237333,387.7363556028424,386.14,381.83
2017-12-08,18,357.95,367.66198564312094,366.0427734335271,365.79647253681907,366.77931083147786,363.7487034783335,372.8,370.05
2017-12-08,19,352.72,361.08926601222606,359.51035997806747,359.3425350012488,360.73951892605055,357.6159427884459,366.52,365.06
2017-12-08,20,354.33,354.5833389651035,353.6329486430443,353.4567320194227,355.40995280977677,352.0095607408119,363.41,355.76
2017-12-08,21,341.24,343.1601310595412,344.9204977324272,344.0403801866658,346.01428689916435,342.8291104698313,350.23,348.85
2017-12-08,22,325.65,326.3373462466632,328.5058866648806,327.6033845307229,329.1088132877897,328.9594391615161,326.33,335.04
2017-12-08,23,317.52,321.360394992665,322.2319577559401,321.58484176245486,323.5190407902234,322.03595391626664,317.84,325.53
2017-12-09,0,312.3,316.75577199647523,316.6066659231284,316.18807673876984,316.33593745010825,309.88838380989216,319.5,326.07
2017-12-09,1,314.49,316.23852877968125,316.14256530313304,316.1443788999325,316.07179077303726,307.89474042264663,317.5,324.93
2017-12-09,2,313.82,313.6983783036101,313.6270542517,313.37482876360764,312.8708371136209,304.1921384837932,310.63,317.86
2017-12-09,3,310.79,313.5525293649696,313.6121949328338,313.0777868562504,312.7351582201738,304.9625556951768,311.6,315.44
2017-12-09,4,316.34,321.3347116350819,320.3977533794079,321.09332856923044,319.9432551123096,310.3769595501903,317.8,328.04
2017-12-09,5,318.98,325.3563942893745,324.1465358965411,325.1926775465014,324.2446796626932,314.0290763277914,318.46,337.45
2017-12-09,6,330.04,330.14550601512104,328.4915854697691,330.69233286346343,330.01953415205236,321.4193177408133,329.87,338.14
2017-12-09,7,332.35,332.0433331859279,330.60175223223473,332.34649597892036,332.183458103527,325.8986305462129,332.29,340.11
2017-12-09,8,333.05,336.23323161609085,336.04106677681074,336.4700793296403,335.498368953101,331.6518963851073,334.56,351.73
2017-12-09,9,334.39,340.31926429082625,340.28587737957423,339.7114616414644,339.5776446352167,339.35501350188866,341.07,366.29
2017-12-09,10,335.37,342.1392802321008,342.083941031639,341.55042373342593,342.07379586285475,343.5934010654146,341.33,374.21
2017-12-09,11,342.09,346.2027616037395,346.3302500011954,345.8041888574978,345.6513620026324,349.24865474043975,346.27,382.85
2017-12-09,12,340.28,349.5381658162562,350.64834826361607,349.741643691391,349.21829227745314,355.2231787567961,354.03,390.52
2017-12-09,13,342.05,352.3055668970916,352.5293473398897,352.62314635916164,351.52565344697103,359.0284147366803,359.19,395.03
2017-12-09,14,341.2,350.15755807402655,351.33487553789547,351.94001131007434,351.50027328408225,360.6505566188969,360.87,399.84
2017-12-09,15,342.35,349.28305751355475,350.83197478728295,351.4532507508281,351.2264623870275,358.2092341398272,358.51,390.99
2017-12-09,16,342.57,342.9594303284174,344.4388317563816,344.7933225907666,342.96132487692506,349.9709903902393,342.32,385.59
2017-12-09,17,343.0,338.50290435668177,338.3190223692782,338.2710036032054,337.79593053624865,344.6539152596663,338.46,370.91
2017-12-09,18,342.08,337.5232487797912,337.43464139356956,338.29840614773843,336.7467599218651,339.3157846726159,335.59,357.95
2017-12-09,19,342.11,335.7424560360175,335.92108757179335,337.0827080155222,334.93163106736904,335.66293076496504,335.8,352.72
2017-12-09,20,339.42,333.1495382870893,334.2551147944645,336.00562310349227,333.0013101438565,331.99962035617835,334.41,354.33
2017-12-09,21,331.04,326.12141496926193,326.073518521613,326.250783039138,325.90424175811387,323.03011948369306,323.68,341.24
2017-12-09,22,317.95,313.9103459295603,314.63722704829013,314.26113958644754,315.359396085099,312.04448019126175,307.81,325.65
2017-12-09,23,313.5,310.82816531887727,312.23840518258015,311.0303820498393,311.6277995153735,307.5974116950302,305.34,317.52
2017-12-10,0,313.69,308.7067340363163,310.31320868731797,307.6737090122745,307.3872958493088,304.17120984397155,306.06,312.3
2017-12-10,1,314.14,313.0709318526523,312.1187296659492,312.04739800437267,310.77622628922626,304.4801925389306,308.96,314.49
2017-12-10,2,313.97,309.6983189888201,309.3969771288662,308.0096020253579,307.06560834870504,302.9956045518321,305.84,313.82
2017-12-10,3,313.14,312.6978516776877,312.1052228300932,311.85194905773733,310.43779703329204,305.1609947654146,310.57,310.79
2017-12-10,4,321.86,318.5760548820754,317.56816886832706,318.1314521801439,315.9709849917974,309.85596830739024,317.03,316.34
2017-12-10,5,324.39,320.7090968237109,319.29182946519467,319.5212712345589,317.8787769441096,312.7987086729761,317.9,318.98
2017-12-10,6,327.85,329.4378123544193,328.0426088572735,329.16793146510054,327.4307870470119,319.95307998869595,325.54,330.04
2017-12-10,7,330.28,329.4271065024861,328.9574978373806,330.1523568582672,328.0691556128527,323.29454918817885,324.92,332.35
2017-12-10,8,330.07,329.7893874110274,329.47136580534226,330.26167036391905,327.86362811777053,327.1960327224406,325.74,333.05
2017-12-10,9,332.97,331.1260410700163,329.8151888614004,331.69488545840255,328.94922945913174,331.54709578928697,327.63,334.39
2017-12-10,10,332.67,332.641280013864,331.1394308804312,332.83420814085406,330.7378284096111,334.94478690632724,327.86,335.37
2017-12-10,11,337.87,339.035549835174,338.0540386297529,338.99056409175205,337.8631410365124,341.6862326515712,336.23,342.09
2017-12-10,12,341.21,339.58005868287285,340.83148842342945,341.2674052538132,339.17627517390287,345.17595527176456,340.49,340.28
2017-12-10,13,341.47,340.02702843456984,341.323029140106,341.64878127071324,339.65320115411254,346.2799907790841,339.54,342.05
2017-12-10,14,342.44,341.91148615438044,343.78282176853133,344.3304359303287,342.2714802395928,349.40688685140407,346.87,341.2
2017-12-10,15,338.82,340.12395887360543,342.85050671605853,342.2345615214688,340.4175702418573,346.6020116116149,340.56,342.35
2017-12-10,16,339.96,339.22537793787876,340.73176983477373,340.2925253994141,338.71893205635433,343.5717139325433,336.15,342.57
2017-12-10,17,343.06,335.8536565131847,336.1093801384793,335.5542111077355,333.6548007726336,339.6088758716604,331.21,343.0
2017-12-10,18,333.01,334.21283328760103,334.29521537353276,334.19905752894294,332.17844046184314,334.7958378477525,326.04,342.08
2017-12-10,19,328.59,334.4106641235852,334.8621007814326,334.48471647874885,332.1451151996988,333.5199352554478,330.79,342.11
2017-12-10,20,325.6,331.2538246917027,331.3598671239743,331.09515317917766,328.6242438015044,327.6703239051923,325.04,339.42
2017-12-10,21,329.78,324.4982896244855,325.2242202744836,324.63826267294155,322.3405828231128,322.86549669226997,323.62,331.04
2017-12-10,22,317.68,317.1109491402065,317.3090971061775,317.31188985701783,314.9754736313444,316.0735999669552,317.8,317.95
2017-12-10,23,315.57,313.97879336472386,314.5958927518271,314.45955580111325,312.0758958059345,309.56776956327485,308.85,313.5
2017-12-11,0,317.28,311.94887741978476,314.32937490481066,311.33418750345226,314.2897200071229,320.6460128590318,311.91,313.69
2017-12-11,1,316.84,313.6042424730154,314.54945194685035,312.03452857042777,311.69520551888274,321.6200229068479,316.99,314.14
2017-12-11,2,316.01,312.9620911436569,314.33976385712276,311.5763616819364,311.4103233810998,319.54219786053505,312.12,313.97
2017-12-11,3,315.57,313.2986480002235,314.33976385712276,311.3052879536713,311.4103233810998,320.75779616770393,313.67,313.14
2017-12-11,4,332.61,326.40540991294574,326.84074210910984,326.3793514504728,326.61722289241294,330.84312360869274,333.06,321.86
2017-12-11,5,337.35,341.95640410003347,341.4436683182807,342.5187986644109,343.35010847964077,337.2254928008249,342.83,324.39
2017-12-11,6,340.42,344.339939537157,343.4363934645753,342.41346151135497,344.92140437793233,340.0777216053864,341.65,327.85
2017-12-11,7,339.88,346.0970627913656,346.87948423143064,348.9636961068056,347.94648157714835,346.0792240663492,347.88,330.28
2017-12-11,8,349.46,357.09774327710034,358.1767644034878,358.15362744399897,358.2269816884743,369.86535221059,361.5,330.07
2017-12-11,9,361.35,364.34780412598786,367.3293885430752,367.2911834748392,368.6364473795789,377.35021705341666,371.06,332.97
2017-12-11,10,371.23,387.36381555528305,391.5312535907225,390.4782843973037,391.5777024578105,385.80135014000234,384.8,332.67
2017-12-11,11,379.45,391.7485781862963,395.58306976775486,395.8645307573556,394.8332854395379,395.31345984456243,400.86,337.87
2017-12-11,12,392.84,385.2688683726334,391.0867199997651,392.83954049303617,389.43848946729776,402.6817746987071,413.65,341.21
2017-12-11,13,384.84,389.47864450231293,394.3307959964582,393.1911440910822,391.82487490069303,402.94335129815096,411.05,341.47
2017-12-11,14,387.01,389.5277056375574,395.9810125666821,396.6489974582932,395.2706895116764,402.573643360033,408.85,342.44
2017-12-11,15,385.25,385.1843384474274,391.7169970247038,393.105329719803,389.87868461938865,402.75614602653144,411.77,338.82
2017-12-11,16,384.63,384.9631652313446,387.94464580328656,390.0315152474092,387.72943459625446,400.54877757764837,409.25,339.96
2017-12-11,17,372.52,388.9523829967998,385.50005938013805,389.641393936026,385.6832422351011,391.6529020173689,390.77,343.06
2017-12-11,18,360.2,368.26316086111495,365.2063615089027,374.8644819143251,368.4307005100145,366.8391631686436,375.59,333.01
2017-12-11,19,358.86,356.65344945852416,353.8768060377906,359.8203537796949,354.82951402894014,358.17786524417,362.59,328.59
2017-12-11,20,359.23,352.145582701514,350.3546177604101,353.92384477765523,351.2012824922126,351.29760289944295,354.24,325.6
2017-12-11,21,351.71,350.0040355267075,348.0969564159593,348.5805147706229,348.8691311774219,346.38577271283594,348.68,329.78
2017-12-11,22,337.32,329.77411917085874,327.752148189912,327.5304953072515,327.8056512878884,335.1251515718063,330.95,317.68
2017-12-11,23,331.94,323.4055397325177,320.9229957874569,321.1797643375004,322.3910724703461,328.0453385297762,319.74,315.57
2017-12-12,0,325.32,325.20105371617,326.47214623994694,325.4803496606243,324.8321882364038,328.405063086254,318.72,317.28
2017-12-12,1,321.82,325.34898573440023,325.1826359935532,325.4522389125401,325.06025898923565,328.2419992950143,321.16,316.84
2017-12-12,2,321.92,325.0641854506437,325.04773305793975,325.2789980389127,325.25517292724896,328.5745922059091,322.75,316.01
2017-12-12,3,319.89,324.9050208926209,325.22219718784976,325.3114334940316,325.3820492705114,326.73673122556744,316.31,315.57
2017-12-12,4,328.78,335.01355071164585,333.75930568945836,335.1419662504453,334.0722221928211,332.79313456535783,322.77,332.61
2017-12-12,5,340.26,340.47093898044596,339.94128794476336,341.04725262247104,341.44116515485774,341.31480347977435,337.41,337.35
2017-12-12,6,336.82,346.1626149314576,345.0858400810969,346.2976010672489,346.2941367965046,345.1755572764779,338.96,340.42
2017-12-12,7,339.74,347.5036428310045,347.08239426188646,347.08511527432074,347.9028472375016,352.0126008597977,348.25,339.88
2017-12-12,8,350.6,365.8706018489495,365.21703574942165,367.6415053048671,367.5669620904267,379.77224251622897,369.98,349.46
2017-12-12,9,361.82,378.2621515275762,375.7378965514122,379.5929375825657,380.0438274031356,390.31375755241396,384.69,361.35
2017-12-12,10,374.01,386.9724669769216,386.3531198123362,388.47046360539605,387.8575717170701,401.2017144174122,401.61,371.23
2017-12-12,11,385.85,388.61798521676525,390.2792356018912,391.2451382921374,388.664280503444,406.98758724800456,407.09,379.45
2017-12-12,12,387.03,387.3415739561382,391.32198281937656,392.2063290892402,386.84816601630575,412.4980696584163,411.99,392.84
2017-12-12,13,382.28,388.65166094477047,392.0954756759065,393.09738930753963,386.42488537194356,414.47932147794876,416.32,384.84
2017-12-12,14,387.04,390.48120091905747,391.66690977243485,394.1543781330311,387.6244387674151,415.64209882906465,417.69,387.01
2017-12-12,15,384.26,388.25141349565513,390.8610293287213,392.8599221296297,386.23282250633383,414.7219665307835,417.17,385.25
2017-12-12,16,387.72,384.6351094680564,387.2137719989973,388.29270427764123,383.70132538218724,411.0922036982834,411.49,384.63
2017-12-12,17,380.08,382.5042422667463,384.06979718563764,385.815876399291,380.85995351605555,403.0371442376621,399.8,372.52
2017-12-12,18,355.11,374.22612861546736,375.40220855267114,377.9706310323788,374.12210636494865,382.2340581229533,394.85,360.2
2017-12-12,19,351.61,368.78391708788195,368.40004629558086,370.32007540047636,369.65609452199976,373.26070679826876,380.11,358.86
2017-12-12,20,349.83,362.3151146643055,363.7655802709508,364.85855069833013,364.16454146462803,366.2647879720138,370.45,359.23
2017-12-12,21,341.91,353.03552241425666,356.07582182531695,354.9416501296496,353.67077935143806,357.768566844646,359.2,351.71
2017-12-12,22,328.41,334.8261179523556,336.27927161775,334.4874328672239,335.63593263835725,344.77519674613893,337.71,337.32
2017-12-12,23,320.72,331.9498419603712,333.9080654314135,331.6651861541276,332.7230864745934,339.9495293513827,333.35,331.94
2017-12-13,0,321.24,319.6300284518311,319.8994932447317,318.69683048178655,319.54861582956573,326.8424410587456,324.63,325.32
2017-12-13,1,324.98,321.01045197114723,320.6567973106725,320.0982254391658,321.18681533879965,326.6235825501643,327.88,321.82
2017-12-13,2,319.22,319.2369840809026,318.2801799537665,317.8881468596086,319.00724160858425,323.6613119351358,320.69,321.92
2017-12-13,3,314.18,316.5807703969074,315.5062463011867,315.3295989956582,317.4064870820201,319.7726179207784,309.45,319.89
2017-12-13,4,329.76,324.5694699817491,324.22924391655727,324.0560185706122,325.35449866566813,327.3978678764661,322.46,328.78
2017-12-13,5,336.01,333.9290739020752,333.563530108927,332.6574545202361,334.1759414371847,334.62442012450674,331.71,340.26
2017-12-13,6,336.01,332.5742252543116,332.28789641411606,333.12837818283674,333.94904638224784,337.4897667301924,332.67,336.82
2017-12-13,7,339.66,341.0525886580643,340.26299507557593,339.2903181285111,341.1514523317519,346.7734396248908,347.23,339.74
2017-12-13,8,351.99,360.03004935719053,360.4509643669807,356.7515559668482,359.09873269834435,371.14128648670675,360.66,350.6
2017-12-13,9,370.16,368.761239412549,366.6024556336057,367.16769147772175,368.60543109982814,380.0623968507447,371.37,361.82
2017-12-13,10,390.89,374.64827053262263,373.0214638720487,376.632738053262,376.3350604664993,390.3862123541832,386.11,374.01
2017-12-13,11,381.48,380.436220198189,380.4656669799192,381.46211464032353,380.1227204892817,397.86346990059945,394.84,385.85
2017-12-13,12,390.56,379.18981670266083,381.6144445118055,383.39543190156576,380.24672384546034,401.6987002093031,399.1,387.03
2017-12-13,13,393.55,378.6534134775429,381.33438941651315,382.5416191527873,379.4280843941642,401.84743084698897,397.68,382.28
2017-12-13,14,394.88,375.29497175468896,380.16781391595316,380.3024596716013,378.1088335512137,404.7080303554188,402.63,387.04
2017-12-13,15,387.9,376.2244849821636,379.83042322502143,380.3024596716013,378.1088335512137,403.5435880797148,401.77,384.26
2017-12-13,16,399.05,379.6475798224435,380.02651574544836,380.992552387571,379.0724013963544,399.25459310719054,393.13,387.72
2017-12-13,17,376.6,371.8960810823791,371.8045749650723,372.62978052442986,372.1590699993595,392.10803303244234,382.42,380.08
2017-12-13,18,365.18,361.3181987308464,362.20620423182027,363.31317925656623,362.9610747426959,368.4050511165806,372.95,355.11
2017-12-13,19,360.04,354.69276622294814,355.98905999513175,356.92726370666674,357.1640667025553,362.506489020356,366.82,351.61
2017-12-13,20,357.71,349.73585096424176,350.75734393162526,352.0681601846643,352.5822317470263,357.24599807730954,362.31,349.83
2017-12-13,21,355.01,342.7549548380202,343.17330434463764,342.952076330357,343.31477460203837,348.5463300954373,350.67,341.91
2017-12-13,22,336.94,325.19222815434034,325.4755459430686,326.12119429376213,327.24822160104765,336.7527805605981,332.03,328.41
2017-12-13,23,328.21,320.4946147607751,321.24597370059377,321.0761172314867,321.9988359861999,331.64689590734014,327.67,320.72
2017-12-14,0,329.37,322.90989089903775,324.127843397463,323.2691475883525,324.3321130905097,327.9391330398943,325.27,321.24
2017-12-14,1,329.09,324.1151140617578,323.91029381987664,324.0813592559556,323.90531036948,325.8647701149543,321.51,324.98
2017-12-14,2,327.38,322.99294602944536,322.7324598532933,322.87860138614525,322.97916551604743,323.7752789666991,318.35,319.22
2017-12-14,3,326.2,322.49351044314136,321.69761240916336,322.28939851144014,322.129727185678,323.6507983834999,317.75,314.18
2017-12-14,4,336.51,332.77318208007534,333.920362022065,333.4393885660505,333.39831832208,330.6345590014016,327.06,329.76
2017-12-14,5,347.8,336.119993019973,336.9935029784661,336.3396647739717,337.7967084117894,334.40439734858916,328.96,336.01
2017-12-14,6,349.28,339.75185966802036,339.89864175617566,340.15016434368647,340.89984757945825,340.2780355985505,336.65,336.01
2017-12-14,7,348.69,348.57524563274575,348.3056650870307,349.57248727790665,350.97569345487364,352.5827255142851,358.8,339.66
2017-12-14,8,361.82,367.2435391839067,365.9046336293922,369.9693805366553,371.19902711707584,378.48000814049544,375.38,351.99
2017-12-14,9,375.03,374.54480277985886,375.5048098384641,377.08579187771704,380.16561031822744,388.64585726200045,387.2,370.16
2017-12-14,10,380.95,382.8010243462732,385.60211382735963,386.58877424337805,387.97715407941854,396.4943466296894,392.95,390.89
2017-12-14,11,388.09,383.24535489822705,389.7399541372429,388.5897158789909,388.52164224779887,400.063540743093,398.05,381.48
2017-12-14,12,388.52,385.8280066187601,393.30433762759037,390.67230096516755,390.5453321822105,408.4601716682194,411.71,390.56
2017-12-14,13,387.45,386.8999399731912,393.49809141589725,391.2375500091316,390.620987789625,411.10156370915297,414.39,393.55
2017-12-14,14,381.35,384.3932662271594,391.77522098390205,389.78779347723895,390.0804657885012,408.7976062890897,407.04,394.88
2017-12-14,15,380.74,385.58479016739415,391.8854228773792,389.46160309880736,389.68901492409066,403.77090559136417,397.48,387.9
2017-12-14,16,373.96,389.6069996897406,392.177502458418,392.2729665759526,392.7843030452643,400.8021208246409,389.92,399.05
2017-12-14,17,363.86,372.8945776378579,373.7243947951487,377.0980849058527,377.4449398020708,392.924746972418,381.83,376.6
2017-12-14,18,358.11,362.8469341318535,365.2623192393949,364.5875498678007,367.4552344893614,369.78259712996515,370.05,365.18
2017-12-14,19,350.3,360.323075678078,361.42091673840093,362.1770412072977,363.50897501045114,364.13249320117507,365.06,360.04
2017-12-14,20,348.43,355.0749212981803,356.13739253345676,356.4381322671605,358.64075688805326,356.9561234520613,355.76,357.71
2017-12-14,21,348.36,349.79410300691256,350.5093906724881,350.7850921607428,352.0155215829286,350.7025141656224,348.85,355.01
2017-12-14,22,332.7,332.86907721301674,332.62181915409724,329.6271643074045,332.7993271057337,340.2424471755315,335.04,336.94
2017-12-14,23,324.86,326.79544736128133,328.11595807598,327.8818295475336,329.2512137865253,333.02590166861665,325.53,328.21
2017-12-15,0,323.79,324.6238360652453,325.7417742677662,325.29295855661405,326.05555582599897,325.3065931336578,326.07,329.37
2017-12-15,1,322.01,324.0746341651216,325.6626849492816,325.2879643233106,326.58354320572545,323.7632661738478,324.93,329.09
2017-12-15,2,318.89,320.97259018895966,321.62703229514983,321.3016889317162,322.0622430498609,320.6293826244292,317.86,327.38
2017-12-15,3,319.95,321.25524349477195,321.4002794731448,320.0144609909628,321.93970599210496,320.24773719951963,315.44,326.2
2017-12-15,4,331.1,329.6836683019605,330.64804580802934,330.10554925090935,330.8214370780207,327.8781734915386,328.04,336.51
2017-12-15,5,336.92,339.99392877975407,340.5247438994581,339.5633109015679,342.16078898051063,335.14216274928475,337.45,347.8
2017-12-15,6,338.14,340.73490954709223,341.51869656737665,339.504035979274,342.6303733820529,338.48129621978427,338.14,349.28
2017-12-15,7,337.57,342.1087326614544,342.499441009235,340.7615289844348,343.97295396825524,342.4831568870197,340.11,348.69
2017-12-15,8,349.54,358.39235610919724,358.8299314292405,356.5692354925953,360.8604387398387,366.3077845320365,351.73,361.82
2017-12-15,9,358.53,363.72000079929956,364.1623520831257,364.31472114067896,366.5363584287525,376.9554673870687,366.29,375.03
2017-12-15,10,363.63,372.72283723142425,372.2392182228051,371.8684179486315,375.6023410066382,383.90802256405476,374.21,380.95
2017-12-15,11,372.66,379.0622769969399,376.2138277243679,379.3277700651323,381.1434345681781,390.8024740770967,382.85,388.09
2017-12-15,12,379.19,381.45706990909525,379.1281232442895,382.2450323817247,381.93453832919573,395.8737737720245,390.52,388.52
2017-12-15,13,374.41,382.38332926885937,379.36646475317275,381.83327521780444,382.0101939366103,398.7545207180143,395.03,387.45
2017-12-15,14,374.16,378.4853265534163,379.2800884562586,380.3615941917888,378.85423022026754,400.28813714532083,399.84,381.35
2017-12-15,15,372.71,377.42295966117376,376.58138853340785,379.45561933009276,379.9160411751423,396.2930292869785,390.99,380.74
2017-12-15,16,365.28,373.49847302441094,371.6748220236863,376.2024154814781,374.5054570990654,392.05558717258225,385.59,373.96
2017-12-15,17,362.77,367.12018928101793,365.4502934235251,365.5610767445289,365.9803934845066,383.08615227565565,370.91,363.86
2017-12-15,18,350.15,353.86122001460643,353.56385055650964,353.1816984332098,354.35779097644723,360.40797742508096,357.95,358.11
2017-12-15,19,345.1,348.31500578936044,348.43876510178063,349.072317878576,350.1208905190589,354.3496492972825,352.72,350.3
2017-12-15,20,347.78,347.4489653492086,347.3862314663557,347.54712707775025,349.54413003064747,351.44354655522005,354.33,348.43
2017-12-15,21,336.73,341.9310752321409,341.97802473408177,341.51224407332126,340.8097550535529,343.103426739295,341.24,348.36
2017-12-15,22,319.63,324.2384093537076,326.3906257227865,326.20811014145943,325.70609507435677,332.2310465493449,325.65,332.7
2017-12-15,23,315.63,319.10250865506265,320.06457502939537,319.6032688675886,319.6386968154278,325.64432051758337,317.52,324.86
2017-12-16,0,308.48,315.07039418605916,315.2491788707577,312.5409165570723,312.6812694628604,307.7854431462962,312.3,323.79
2017-12-16,1,313.23,315.2002407876407,315.24505555363356,313.3461776745447,312.8420883742354,307.3616656019006,314.49,322.01
2017-12-16,2,311.92,312.7612074716601,313.0792201771576,310.88642826910524,310.78365427856863,306.5447724177669,313.82,318.89
2017-12-16,3,311.85,313.3862433679641,313.95075857945267,311.96674400675954,312.04589121931343,306.19724365816126,310.79,319.95
2017-12-16,4,318.53,320.8945058861533,320.45372941467343,319.93248436284534,318.24695447730227,311.20471792630616,316.34,331.1
2017-12-16,5,318.51,325.22362537945054,324.48716539941034,324.29220521324953,323.32831917786143,315.2097094635404,318.98,336.92
2017-12-16,6,330.58,330.2190888262538,328.8878720385498,328.90974662840136,329.562948114359,322.53018001876404,330.04,338.14
2017-12-16,7,334.33,330.92661619544486,329.6350972261629,329.7804269212952,330.03921301955717,326.6648329894837,332.35,337.57
2017-12-16,8,331.99,333.8541240559916,332.4729871076029,331.88046909371536,332.01411157429766,331.84255609175534,333.05,349.54
2017-12-16,9,333.07,337.6658026863753,337.43947471257565,337.5915095195805,337.68761322139136,336.8755338803549,334.39,358.53
2017-12-16,10,332.64,341.7635895892802,340.9519482575108,339.67326575328696,341.095953969832,341.0409037193826,335.37,363.63
2017-12-16,11,333.67,345.5705315487464,344.2014518462925,344.4780380347146,344.675683826983,347.40760178131484,342.09,372.66
2017-12-16,12,333.29,343.724432096067,343.82173678772887,342.48965214613156,343.8352080815877,349.5219556229652,340.28,379.19
2017-12-16,13,336.23,346.53823257814054,345.9538265434496,344.95227727314295,345.87778923620044,350.89829779902453,342.05,374.41
2017-12-16,14,335.12,343.00516672955615,342.9717111076489,341.7893786168253,343.66142647502414,350.923586374808,341.2,374.16
2017-12-16,15,336.27,346.57761726757997,346.37168752061183,345.5047601030206,346.75719886717474,350.6909234754568,342.35,372.71
2017-12-16,16,338.58,344.870246680935,344.3685699418684,344.25932683794616,344.8212185316006,348.5457108785642,342.57,365.28
2017-12-16,17,339.31,343.33979449611,342.43884400729354,341.89724132820567,342.8549850917601,346.31044199052997,343.0,362.77
2017-12-16,18,338.59,341.11565177843204,340.49760640997164,338.78559936500653,340.88502590551263,341.7632953302798,342.08,350.15
2017-12-16,19,336.95,338.3530674926346,337.6045732480987,336.36515123352217,337.4433632636038,338.0652384754004,342.11,345.1
2017-12-16,20,336.63,337.9054414855181,336.7003186670166,336.02950662551217,336.1415032224469,334.03451332100576,339.42,347.78
2017-12-16,21,326.91,328.3959571847214,327.16539940878033,325.70457564877523,326.42150446542564,326.2290737788108,331.04,336.73
2017-12-16,22,312.08,315.93607928993436,314.96801886379797,313.3036065971404,312.734914550298,316.1606630337998,317.95,319.63
2017-12-16,23,310.74,311.7763589714759,312.87149960808745,309.9482523268276,308.95613945049763,311.45665680656174,313.5,315.63
2017-12-17,0,308.54,305.8977667161771,305.10624570047673,304.64168675025036,306.7176599174499,302.18898906825655,313.69,308.48
2017-12-17,1,310.22,306.3814330844338,305.70635048761505,305.8110506890981,307.34534561040005,301.84283408984766,314.14,313.23
2017-12-17,2,309.7,305.63851249440467,306.0669261550064,305.5713187186407,305.48089998051404,301.4157564514065,313.97,311.92
2017-12-17,3,230.64,305.63851249440467,306.0669261550064,305.5713187186407,305.48089998051404,301.7719552720349,313.14,311.85
2017-12-17,4,239.86,314.54786486737106,314.5537482957539,313.8533288153214,314.3265102561411,307.4686239881964,321.86,318.53
2017-12-17,5,315.64,316.74448981044867,316.12344151717497,315.4628346502955,315.0046572994442,310.73702960033364,324.39,318.51
2017-12-17,6,321.53,328.81457015118724,328.97960793162844,327.7838868773287,325.64627625085205,316.39236854942897,327.85,330.58
2017-12-17,7,323.3,330.68157374235415,331.00315649151827,330.6140746506312,328.7355876778992,321.084101295272,330.28,334.33
2017-12-17,8,323.21,329.7327928672028,329.98458270708767,329.89088282523045,327.2568402663059,324.2328776759766,330.07,331.99
2017-12-17,9,324.98,329.15923502239553,329.5913635117628,330.2888202531534,329.3079449264403,328.94937438294005,332.97,333.07
2017-12-17,10,326.1,329.0000215297645,329.71348378789565,331.0897878244123,329.40891174837134,331.9831779387318,332.67,332.64
2017-12-17,11,334.74,333.3964834725661,334.3968394416285,335.90401734924836,336.53930563055286,336.83718073226777,337.87,333.67
2017-12-17,12,336.47,338.12925832091236,339.69611530705026,340.497622328005,340.9025873211008,340.1481037631367,341.21,333.29
2017-12-17,13,335.1,338.1375389796513,339.91471826980506,340.3925188881485,340.98253767268056,341.86657851594583,341.47,336.23
2017-12-17,14,338.22,338.5176167154909,340.8141136108639,341.8712791646358,342.4132954102382,342.5111567435244,342.44,335.12
2017-12-17,15,337.58,333.6162436629505,335.5218221499788,337.23271292952,338.34863356707604,340.75372497770326,338.82,336.27
2017-12-17,16,329.5,336.9871744632412,338.36612715851857,339.308566821033,340.4560093087988,340.12134459058746,339.96,338.58
2017-12-17,17,331.26,340.42648093823107,340.1453328522262,341.70307973915857,341.6338500469292,339.3068696961875,343.06,339.31
2017-12-17,18,332.41,330.9777633009826,331.2838348703035,330.74022922186583,331.3402683250407,332.63105336922337,333.01,338.59
2017-12-17,19,334.38,330.5201959193648,329.787806310929,329.8412931884551,328.8001464895931,327.6107549848346,328.59,336.95
2017-12-17,20,333.33,329.50627951007993,328.26280768883896,327.93022210733625,328.330545123851,323.104135160294,325.6,336.63
2017-12-17,21,336.6,323.7284526688403,323.11048561332314,323.54735669687585,323.1994444015032,320.3021932996818,329.78,326.91
2017-12-17,22,324.71,312.90612314731993,311.165465987526,311.44274191549164,309.93556684116396,310.86958436319287,317.68,312.08
2017-12-17,23,323.38,308.8700354639505,307.13081441449754,308.19564462916856,306.22307108587546,307.3670795945916,315.57,310.74
2017-12-18,0,322.36,321.41500551971217,322.780443765082,321.63834177214795,323.846519083149,323.6025617080269,317.28,308.54
2017-12-18,1,326.89,321.68149750416103,321.4830177654051,321.14691738389274,322.05033256482545,322.5498462116083,316.84,310.22
2017-12-18,2,324.22,322.0048839362949,321.4917897740208,320.89238338439316,321.9876115083648,321.9594412180639,316.01,309.7
2017-12-18,3,321.45,321.1968648491397,320.96851359895027,319.44726403575805,321.44469685677205,313.1709738253368,315.57,230.64
2017-12-18,4,338.89,333.0144777708941,332.2404077148637,328.49397168083607,332.22149265102576,322.3838283427976,332.61,239.86
2017-12-18,5,349.76,342.9788080629202,340.0979711408883,338.32718382003935,340.3967936820874,335.4258648179663,337.35,315.64
2017-12-18,6,351.43,348.1331317859594,346.63070578704986,346.0893049698116,345.9563726244316,340.2030263678752,340.42,321.53
2017-12-18,7,352.28,346.8827652375263,346.76061323953945,345.9085529332302,346.76096262790827,343.5131941562927,339.88,323.3
2017-12-18,8,364.96,359.1460454729374,360.02325135150977,358.08814562985987,359.4620990753451,365.0166192943372,349.46,323.21
2017-12-18,9,371.69,365.13587662084535,363.3738642590039,365.9682273369014,364.727029217525,373.2920903578203,361.35,324.98
2017-12-18,10,382.46,381.3099104370984,375.7709345143161,379.76421738258375,381.30141078814955,380.4465290180653,371.23,326.1
2017-12-18,11,384.81,387.4305294123112,379.9562547174161,382.2760218835109,387.1068624015448,387.3650660793416,379.45,334.74
2017-12-18,12,383.57,394.7914570315797,390.7652728016716,390.7406313144874,397.2990951252032,394.81245502433035,392.84,336.47
2017-12-18,13,384.15,394.49001997746547,389.3405633747356,390.70127261895954,397.1288532037018,392.83009697132906,384.84,335.1
2017-12-18,14,390.06,395.7295313325872,390.0246460657006,391.1935789239256,396.8434785378285,394.4375576462806,387.01,338.22
2017-12-18,15,393.11,395.3827663031774,389.67791477326205,390.9091754159678,397.1024752539477,393.18977258641496,385.25,337.58
2017-12-18,16,386.22,395.1427322001908,390.15572231578994,389.2461531347708,395.73031252707267,390.6547581733973,384.63,329.5
2017-12-18,17,368.53,385.4515031723966,381.06942320966823,379.76426559967854,385.98239442031354,384.0790402850587,372.52,331.26
2017-12-18,18,355.5,365.87114689857134,363.95890450074245,367.0412845917367,368.5484736448033,362.4424872970421,360.2,332.41
2017-12-18,19,358.45,364.61945035604015,363.5169397533775,367.34208925970626,367.8365363182953,359.03809895109725,358.86,334.38
2017-12-18,20,353.4,361.98289832958545,361.24372847732076,361.7992327232241,364.66323005682153,355.74472832439625,359.23,333.33
2017-12-18,21,344.87,355.4946563853472,356.4119209245584,355.1500242830649,356.4917266067662,349.9453551614012,351.71,336.6
2017-12-18,22,326.87,337.5705647505659,337.20318167232585,335.12056177186366,338.1074925782973,339.97210471363513,337.32,324.71
2017-12-18,23,321.11,330.2934477399737,329.98379262982337,331.33272627020244,334.5455459448977,335.20500603586555,331.94,323.38
2017-12-19,0,325.81,321.85731432073686,321.77704062462016,320.41568854638865,321.69609642086124,326.26957786936765,325.32,322.36
2017-12-19,1,322.46,320.2849143158145,319.8798696724416,319.8477939159703,319.54786405589766,324.36924991553377,321.82,326.89
2017-12-19,2,318.31,320.2462680349123,319.7059585175229,319.45521827894083,319.31489945461726,323.88608694865246,321.92,324.22
2017-12-19,3,313.19,319.8251611880355,319.20057506412115,319.2365566443459,319.18160276392365,323.4600326260778,319.89,321.45
2017-12-19,4,332.61,330.85493138260557,329.532047273204,331.2693833966528,330.56799677795453,330.4882468482928,328.78,338.89
2017-12-19,5,338.59,343.5240217442942,342.1918094835056,342.0671828019677,343.30496432266386,338.4995060668668,340.26,349.76
2017-12-19,6,344.03,345.5958875474469,342.70141868939345,343.4575589307044,344.21839598319264,340.26226983794027,336.82,351.43
2017-12-19,7,346.77,346.96801457915325,344.6320324749787,344.7375673067502,345.79798759660343,344.80235258978803,339.74,352.28
2017-12-19,8,354.57,361.83317094169007,359.6928220118865,362.0952037219433,364.40417308292217,368.2805954458653,350.6,364.96
2017-12-19,9,366.7,369.098880105395,364.3426995416362,366.328613770619,367.7002853966224,376.88021486411935,361.82,371.69
2017-12-19,10,367.87,383.79992736188365,377.7596246954593,379.8302887829852,383.24229171943944,386.0631540763371,374.01,382.46
2017-12-19,11,368.31,386.1231516324165,381.0983660825424,382.5914998898584,384.62765883319327,393.64115689355333,385.85,384.81
2017-12-19,12,375.3,387.84074669945085,382.76221874981684,383.56046528666246,386.13675865135616,396.0159701476499,387.03,383.57
2017-12-19,13,375.83,386.43020668298004,381.23222479042965,381.7049032477372,384.8977960590093,395.5195210004837,382.28,384.15
2017-12-19,14,379.18,388.9355066324903,383.5725566452568,384.9437858350966,387.5900281307026,398.45649867098314,387.04,390.06
2017-12-19,15,388.11,390.8617624714366,384.47888822945623,386.95702863961236,389.0255978439656,397.2479458879755,384.26,393.11
2017-12-19,16,376.45,386.6897569438911,381.71433692916486,381.9536459734995,386.35730589521984,396.43065490852257,387.72,386.22
2017-12-19,17,363.62,374.3490655696871,369.34914358651827,371.26393378345165,374.59247069556886,389.2949533917995,380.08,368.53
2017-12-19,18,351.83,356.57031503136903,352.7649775902134,353.9647378518418,357.2146796054172,361.11973490154355,355.11,355.5
2017-12-19,19,350.85,357.83593035130485,354.4269673030165,354.9778632940578,355.9752526605528,356.9953003690287,351.61,358.45
2017-12-19,20,343.8,353.3799756123365,350.8901941198967,350.6418020892266,352.9560158910662,352.3999060076964,349.83,353.4
2017-12-19,21,335.3,346.24183227445764,343.258163759332,344.77051986180135,344.85652593481024,345.0576814165421,341.91,344.87
2017-12-19,22,324.66,328.04690908263416,327.1252827801606,326.13630432405176,328.0763687454396,334.71015994041824,328.41,326.87
2017-12-19,23,319.67,322.87617470112264,322.25462206340177,321.6807680716775,322.69533962786807,328.5288650998088,320.72,321.11
2017-12-20,0,320.73,319.9724003436985,319.83422572953975,318.61345628346027,318.6049925185274,321.53579011081365,321.24,325.81
2017-12-20,1,318.26,321.6612502176132,322.1093508401017,320.76500498484285,320.3389153536164,321.50366557000234,324.98,322.46
2017-12-20,2,316.06,317.8331339293314,318.03340542528616,317.10870392732824,316.5932565435956,318.5753493690526,319.22,318.31
2017-12-20,3,319.33,316.58697424851727,316.825461698534,315.36734418658835,315.15976887230255,316.70471682162986,314.18,313.19
2017-12-20,4,328.13,329.7033454647857,330.5375655928042,330.4711879789109,328.48975082064766,326.5504823269496,329.76,332.61
2017-12-20,5,336.31,337.0905418930332,336.1546734398487,335.8504399673015,334.68642720744526,331.96164168147027,336.01,338.59
2017-12-20,6,337.75,341.7208112663259,341.73806275239326,340.2581064185551,340.95584557630684,335.49788961325316,336.01,344.03
2017-12-20,7,338.21,345.10883470976546,344.4504116772641,343.8505565489569,343.94711262772273,340.5433476673651,339.66,346.77
2017-12-20,8,344.32,359.0545959008111,358.248516589632,358.18003643664696,357.65684391282946,363.7985065257428,351.99,354.57
2017-12-20,9,358.1,368.345743286565,365.2657817012215,367.8955809816082,366.8497930286097,375.7245917550118,370.16,366.7
2017-12-20,10,371.34,377.86747771088767,375.93714463344605,379.6858807545151,379.10633085980714,387.08484075022125,390.89,367.87
2017-12-20,11,372.72,377.16347287115985,373.88984372240014,378.7668506951038,378.3858756771438,386.22360590125834,381.48,368.31
2017-12-20,12,377.17,380.83919005217257,378.84090157273624,382.64643748897674,381.59790769899433,392.6271867901784,390.56,375.3
2017-12-20,13,377.15,380.85475891977035,378.84090157273624,382.65625174126774,381.673563306409,395.1233255607632,393.55,375.83
2017-12-20,14,378.8,381.84961341446206,379.19295306580125,383.11231091213796,383.0675945863813,396.4369274650122,394.88,379.18
2017-12-20,15,371.75,384.71202377859953,381.52970861608895,386.56132614914094,385.9345527801751,394.2996686739857,387.9,388.11
2017-12-20,16,366.98,381.9899275020032,378.2730796758548,382.97474293317777,383.40602412197154,395.8983685394344,399.05,376.45
2017-12-20,17,360.34,370.15662296388155,366.78017371696086,371.3885169778536,370.8508193189524,383.608247886729,376.6,363.62
2017-12-20,18,347.62,357.52996413246433,358.0579198509348,359.96814977074246,358.359832040547,361.03967190712837,365.18,351.83
2017-12-20,19,341.41,353.4337059920346,353.3356350207332,354.4367841351065,354.0689752600354,355.8178521705191,360.04,350.85
2017-12-20,20,345.66,351.04981283680047,351.07983829048374,350.7882805218791,351.1873632596965,350.7725312380102,357.71,343.8
2017-12-20,21,335.97,344.0602680180467,342.8873667415097,343.55204398464815,342.41463359041325,345.4498436959926,355.01,335.3
2017-12-20,22,323.9,330.0064302803691,328.2540829776362,326.0192428785364,326.54601637055407,334.19693519503596,336.94,324.66
2017-12-20,23,317.46,323.37923104903433,322.92884131915423,321.8852905083655,322.32614427068035,327.69950116814994,328.21,319.67
2017-12-21,0,316.28,319.477584970919,319.48920665410736,318.26500380124617,319.44512957747014,321.72640900728067,329.37,320.73
2017-12-21,1,316.46,319.7405758555878,319.2474890532671,318.7204443971055,318.1217639369838,320.2467773873256,329.09,318.26
2017-12-21,2,316.6,319.0573887725633,318.47649572702005,317.67965667382003,317.27520847125237,319.1178830761199,327.38,316.06
2017-12-21,3,315.8,319.45897735867476,318.84617245106136,317.9442881190913,317.77775938272345,319.7304723112603,326.2,319.33
2017-12-21,4,331.16,328.3071838006293,327.50597947273184,326.94356286144415,325.3252206310866,326.29061211814513,336.51,328.13
2017-12-21,5,338.26,340.0223918505029,338.3945450489461,337.9497918868073,339.1054382390486,333.9114532431609,347.8,336.31
2017-12-21,6,344.64,341.9127956631262,340.35411833238084,339.4333476373916,342.01839507560527,337.5499534432276,349.28,337.75
2017-12-21,7,344.72,341.61151737750964,339.96142258990096,340.6353216032631,342.3825409629509,340.6866992790934,348.69,338.21
2017-12-21,8,357.76,357.75959609278186,357.3865222635521,357.1600933797675,358.09724370964136,364.1900078213818,361.82,344.32
2017-12-21,9,364.81,364.53915471378366,363.732731481719,366.90156942775087,367.64001567288165,374.3895144676219,375.03,358.1
2017-12-21,10,367.21,371.4059452524743,369.43323027239217,373.6631482412428,377.548995736458,381.43884410886193,380.95,371.34
2017-12-21,11,375.13,374.6901908604977,373.16912343163267,377.62064599158253,381.3349045619656,387.08583291763506,388.09,372.72
2017-12-21,12,373.7,376.70321589363544,376.80870822240337,380.3207746197707,384.658516572739,389.8411405021596,388.52,377.17
2017-12-21,13,376.45,376.78943234537496,376.30975349462153,380.3570819401374,384.47532183614123,390.69846773783496,387.45,377.15
2017-12-21,14,377.83,375.0613759595764,374.2795748343137,378.2955200540545,383.6867494830278,388.9347623628134,381.35,378.8
2017-12-21,15,375.94,372.74843097487553,370.9232002045466,376.5490362392443,381.3688564360732,387.3778949230673,380.74,371.75
2017-12-21,16,367.86,368.7462764094117,367.448711441035,372.1943646703542,375.92941044136774,382.850116031506,373.96,366.98
2017-12-21,17,356.83,368.4708935288815,367.1946797800802,367.791039615204,372.90846903349177,376.0635855431736,363.86,360.34
2017-12-21,18,348.05,350.495258892943,352.8517997321734,352.6801671063656,355.2498112819169,355.43904974177275,358.11,347.62
2017-12-21,19,345.96,345.66763195526266,347.15517142531957,346.2258628533392,348.5696798137251,348.5696299940794,350.3,341.41
2017-12-21,20,342.12,346.75137263128687,347.22835769721974,346.21246241233627,347.76539736266955,345.03334101399156,348.43,345.66
2017-12-21,21,336.58,342.03506321535986,340.39503282587896,339.76401217347745,340.4709693893604,340.59017175062337,348.36,335.97
2017-12-21,22,323.64,324.23224766898215,323.2211839883017,323.2605746605561,323.6564713948961,330.1041548468599,332.7,323.9
2017-12-21,23,319.07,320.97923384845785,320.59124677757046,320.93951998865117,321.4350508132187,323.783857818577,324.86,317.46
2017-12-22,0,316.7,319.36455855516374,318.3348035908905,318.8272303910491,318.4107698534945,318.4365459754333,323.79,316.28
2017-12-22,1,315.07,319.22499340551934,318.4264726197898,319.0882404037889,318.33845756462915,316.6761335379278,322.01,316.46
2017-12-22,2,316.67,319.193009276214,318.4099820116433,318.8056472205044,318.3253902680174,315.2656386617849,318.89,316.6
2017-12-22,3,314.88,318.9468552733597,318.285114684678,318.34330220365877,318.18971137457027,316.25574153640474,319.95,315.8
2017-12-22,4,325.55,331.04847508905846,330.72997400002185,331.7876853520839,330.0332041256816,323.9050412721534,331.1,331.16
2017-12-22,5,333.41,336.88993490798816,336.2106543708772,337.1473601524041,335.9918962534195,329.2783350877846,336.92,338.26
2017-12-22,6,334.54,340.5360495107968,340.24890276624916,339.7043228671986,340.20076311328,333.39591860389015,338.14,344.64
2017-12-22,7,336.56,342.5203928034406,341.56618759166145,342.04642161932304,342.0386564615766,336.4973234857045,337.57,344.72
2017-12-22,8,342.06,360.3467727093202,359.0178057603395,361.5234921794205,361.41694151238624,359.84156272557976,349.54,357.76
2017-12-22,9,353.01,367.8812225394802,366.902169490311,366.03571057785535,364.78456022768154,367.6246032634535,358.53,364.81
2017-12-22,10,356.97,376.5869302185459,374.93192679330315,377.1531541654054,376.51325677277805,373.09120299252385,363.63,367.21
2017-12-22,11,362.73,376.02640601159595,374.4102587756968,378.39331156656397,377.3062675805198,380.25034149836824,372.66,375.13
2017-12-22,12,362.14,377.1821281760938,375.6880191909244,380.2991535687522,378.9042378236124,384.68552961061164,379.19,373.7
2017-12-22,13,362.45,377.2894467990053,375.9680086654451,380.0544466288698,378.7052251432181,384.4462987766413,374.41,376.45
2017-12-22,14,354.07,378.4606814216723,377.74699892566184,381.6666574701808,381.25540809363116,384.9250528355394,374.16,377.83
2017-12-22,15,354.3,376.66942920451515,375.3614979934601,379.6065439587611,378.59938449691145,383.6604167267016,372.71,375.94
2017-12-22,16,349.09,375.6497029036549,374.86404309763606,376.5905808926445,378.5121054333896,378.4993881059758,365.28,367.86
2017-12-22,17,334.92,370.0452568314938,369.1050968497547,369.33037727841696,370.00199718851223,374.136722870092,362.77,356.83
2017-12-22,18,329.99,349.1027814957083,349.5592110146782,349.74645467600857,350.1365548069608,351.85094174947085,350.15,348.05
2017-12-22,19,330.01,345.195400414778,346.30667943052725,346.50093970205086,347.12881047471825,346.53218031289254,345.1,345.96
2017-12-22,20,81.99,343.9527256210419,345.54787195607804,344.5499828348371,344.3884227657491,343.7989819768177,347.78,342.12
2017-12-22,21,318.28,337.53427208165425,338.0407469119942,335.4538964860493,336.1473006293912,335.5897003591841,336.73,336.58
2017-12-22,22,303.67,321.8938418911821,321.2653028450084,320.72037359669673,319.94866185916254,324.43440115206323,319.63,323.64
2017-12-22,23,296.82,317.29983558230265,317.6981530246479,316.52488070645995,315.9067656329594,319.80777279228494,315.63,319.07
2017-12-23,0,299.11,296.9741936195993,299.8983666294915,298.7890019621163,299.77215574298066,305.92819846950164,308.48,316.7
2017-12-23,1,294.08,300.3058565773142,302.2926652628913,299.5004079803103,300.5239788857133,306.46685843157,313.23,315.07
2017-12-23,2,296.66,300.14336275662635,302.0699555496843,299.0082784475588,299.8118649563443,305.9155562965257,311.92,316.67
2017-12-23,3,297.23,299.5837769316522,301.17996590852187,298.91370412121444,300.0282575531153,306.34123253894387,311.85,314.88
2017-12-23,4,303.1,312.7164557801801,313.0281799940469,310.92993936821284,312.28387380870237,311.7014315448733,318.53,325.55
2017-12-23,5,307.47,320.2896419030085,319.76273519125346,319.13113320475827,319.470280827628,314.90013509070513,318.51,333.41
2017-12-23,6,316.43,326.8952702550471,325.3961780317232,323.7917737442233,325.328896858214,322.5946874964187,330.58,334.54
2017-12-23,7,318.75,329.3590476630035,328.21768723310856,329.430687953092,328.66060488414786,327.5970309292572,334.33,336.56
2017-12-23,8,316.78,327.89012345589606,327.2159341064256,326.9234056433121,327.0270256839804,330.85514775351214,331.99,342.06
2017-12-23,9,318.01,330.4611202867768,330.24945410658273,328.5234064964215,330.4970402208647,336.04604528370743,333.07,353.01
2017-12-23,10,316.68,330.424011333481,330.4046984287983,329.19920464514973,331.9834895502922,339.56821525379445,332.64,356.97
2017-12-23,11,318.59,332.27124057435014,332.6360726610798,330.88294993020685,333.8542525155831,343.39165024278515,333.67,362.73
2017-12-23,12,318.88,335.3555298215761,334.94871853583294,334.404398989772,336.01007298960076,345.26665262407187,333.29,362.14
2017-12-23,13,321.19,338.75868893284104,337.7965037125681,337.25801917160436,339.40301601252014,347.73981457269343,336.23,362.45
2017-12-23,14,319.78,337.82736702207035,337.4634803981336,337.1360817498037,339.1439949806529,346.75016404635176,335.12,354.07
2017-12-23,15,321.07,338.0848848093415,337.4709239744894,337.7039256758549,339.37051947404575,346.7514805946831,336.27,354.3
2017-12-23,16,323.21,336.5673043853467,337.26915662026676,337.66215481586653,338.7743980246608,345.7037049159178,338.58,349.09
2017-12-23,17,321.84,337.1211669316832,336.0521799843067,338.85886441611717,337.9455556233189,342.22996147862364,339.31,334.92
2017-12-23,18,321.93,333.9167149695416,333.0834272779005,336.4603235103757,335.79602642622166,338.6710127627733,338.59,329.99
2017-12-23,19,319.71,332.87447388088043,332.5086782830011,335.0137749534488,334.7055590801648,334.91764806415745,336.95,330.01
2017-12-23,20,318.33,329.0959216847639,329.46299042769135,332.40286156336913,330.94063877437264,302.2865689614492,336.63,81.99
2017-12-23,21,314.31,318.3578763910332,318.93613740417004,320.33063767369435,320.8999483360248,323.0391371521444,326.91,318.28
2017-12-23,22,298.13,303.8500694518817,305.41146692889,306.99061605210534,305.9281871662619,312.5544347448048,312.08,303.67
2017-12-23,23,296.02,301.86048115102557,302.8696466646437,303.7162137346471,304.2705603645233,308.67567826932594,310.74,296.82
2017-12-24,0,296.17,292.79324055670696,292.9419608075418,294.9387309223247,298.14632137062665,293.1036281259277,308.54,299.11
2017-12-24,1,293.78,296.62535106624625,295.2270504334769,294.8207656651565,298.7473476872545,292.06036396231923,310.22,294.08
2017-12-24,2,297.09,294.9301343339301,295.08328926022733,294.5285792079343,297.08799548485655,291.93510260908346,309.7,296.66
2017-12-24,3,293.4,263.7356056224704,263.513382127362,258.53192793187776,261.79529834713344,262.0914905003174,230.64,297.23
2017-12-24,4,301.94,263.7356056224704,262.96478913550584,259.4332689125488,261.11370616855356,267.8726996062309,239.86,303.1
2017-12-24,5,304.16,305.6612545582706,307.7725288476741,304.9941878981197,306.08468411673454,299.98049537249767,315.64,307.47
2017-12-24,6,307.49,315.66125669495557,315.22831132096695,311.2647528546085,315.4726379929485,306.2068482665514,321.53,316.43
2017-12-24,7,308.54,316.0717777091574,315.15155529087116,314.07608034965494,315.22361696453345,310.477945196346,323.3,318.75
2017-12-24,8,311.68,316.0717777091574,315.25018698415863,314.1103824455893,315.1982690786872,313.72518115405364,323.21,316.78
2017-12-24,9,312.2,323.8463348960642,322.08010304256453,320.08659603662096,321.4408771170713,318.0358074157789,324.98,318.01
2017-12-24,10,311.2,324.9124908767547,322.8280858140951,321.52672661747624,323.4011656721328,321.5305715537194,326.1,316.68
2017-12-24,11,316.49,332.857707711334,332.0824098427733,330.8559889327809,331.2580303882271,327.8391745506729,334.74,318.59
2017-12-24,12,315.54,338.43795145691644,336.9418795459296,336.6920232115361,335.43997758337866,330.6282714582071,336.47,318.88
2017-12-24,13,319.88,338.43795145691644,336.9418795459296,337.4224237225102,336.3921462864426,331.6642154579435,335.1,321.19
2017-12-24,14,317.71,338.60442359588336,336.87698562347606,337.5826434627484,336.3921462864426,333.12560409776427,338.22,319.78
2017-12-24,15,312.91,339.06352169213966,338.25512052773263,338.67763005804716,337.25743990764414,332.55487860036385,337.58,321.07
2017-12-24,16,322.73,330.31374510821803,330.97178053351587,330.44767777269044,329.05621948461874,328.3499568390878,329.5,323.21
2017-12-24,17,311.47,327.8208891889083,327.9117991271859,327.4615142738104,327.0719705356366,326.7786074019447,331.26,321.84
2017-12-24,18,306.81,328.9269478988724,328.81011605762114,327.81981394618987,327.1611142799259,324.53289492479155,332.41,321.93
2017-12-24,19,308.4,331.15096142763883,333.14054962471147,333.04429614621716,332.3385254287144,321.9129444564352,334.38,319.71
2017-12-24,20,303.81,325.7861309064945,328.4428170446272,328.696998737144,327.77057293237914,318.0234321015767,333.33,318.33
2017-12-24,21,305.96,328.624275383689,330.3749621915151,330.473346468333,329.1273553973215,315.5266988628432,336.6,314.31
2017-12-24,22,298.2,311.3963738235117,309.38425087656486,311.4390127944458,310.68335404264536,305.998819821677,324.71,298.13
2017-12-24,23,295.04,310.10182655765357,307.44024878405,309.03563822145054,310.7844183032261,302.68685266843437,323.38,296.02
2017-12-25,0,295.9,301.1634534805411,303.70667015695483,303.3556618827336,303.7088493811785,311.0343650016799,322.36,296.17
2017-12-25,1,298.74,303.8504202925425,304.8154283251659,302.33728731082977,308.0443865416164,311.4192825268768,326.89,293.78
2017-12-25,2,296.27,299.79171016585167,299.9606309115395,298.19836531621837,303.291361423617,310.5625388723495,324.22,297.09
2017-12-25,3,293.39,299.79171016585167,299.9606309115395,298.19836531621837,303.291361423617,309.73697517957237,321.45,293.4
2017-12-25,4,313.69,321.54605228444876,322.3103087920074,316.7603902283961,321.4084593954359,319.02100579566553,338.89,301.94
2017-12-25,5,317.56,337.1496365709522,339.98301325449427,334.35318581851266,339.3852329620693,325.77606760822715,349.76,304.16
2017-12-25,6,316.01,342.2953572707198,343.5480700617471,338.90187581643227,342.991456420154,329.70975676571646,351.43,307.49
2017-12-25,7,317.59,344.08236949315216,343.7008993867807,342.839392379022,343.79098716035503,333.47357635159756,352.28,308.54
2017-12-25,8,316.06,361.52168352724993,362.20513368066656,358.2426453218404,357.5641073605297,356.07333335104613,364.96,311.68
2017-12-25,9,315.18,367.13453721319917,370.4459337070124,364.6506343390163,367.4891287061458,362.2094747570482,371.69,312.2
2017-12-25,10,316.35,388.1949605750002,385.0399302605753,380.40853446579706,386.2741170894874,369.46327353686985,382.46,311.2
2017-12-25,11,317.77,389.5575798374161,386.4439951276465,380.6083599834342,388.4992175637995,373.72258800850443,384.81,316.49
2017-12-25,12,318.25,397.2633971053155,396.32717781448395,391.02029738307857,392.0575504588611,375.20182608637276,383.57,315.54
2017-12-25,13,315.99,397.0734488666945,395.4505155040871,390.6255237283036,392.8953025602361,377.2156248122869,384.15,319.88
2017-12-25,14,320.13,399.08091071302516,399.4206873530105,392.900588481636,395.01112659526694,379.6525022700217,390.06,317.71
2017-12-25,15,313.99,399.6225154706872,400.37125154847,394.0344922274095,395.31567183164753,379.78019500263457,393.11,312.91
2017-12-25,16,316.11,396.0739905464069,397.3527273665295,391.86789047010234,392.1641813663178,376.92988237405825,386.22,322.73
2017-12-25,17,316.68,375.7971732658738,377.394336124722,372.0903634877388,367.847322934867,366.6661230429069,368.53,311.47
2017-12-25,18,313.5,357.39594826544294,358.77091195066384,356.53590262161885,350.3814092510003,344.5570149305887,355.5,306.81
2017-12-25,19,317.28,356.1934339809364,359.9127256789632,354.0075919244577,350.03792958677616,342.7664264706757,358.45,308.4
2017-12-25,20,314.36,355.53012393679535,358.46306718588,352.3318764721588,346.9872401694657,336.9579712898809,353.4,303.81
2017-12-25,21,309.4,342.5734380686756,345.67064491897617,343.2579813946892,339.7978972088543,330.63264605209173,344.87,305.96
2017-12-25,22,299.11,322.3041343388191,323.5670242716945,318.7931680860803,318.12833503718383,319.74451882988785,326.87,298.2
2017-12-25,23,292.3,316.95922385574715,314.5955460280062,312.78197561235686,312.9426814011685,314.60977031920555,321.11,295.04
2017-12-26,0,293.63,306.38668268813075,308.44350252063555,303.720797690541,308.8516775946688,313.0356117642978,325.81,295.9
2017-12-26,1,291.97,300.7649909870534,300.63302376932234,298.2789955232144,302.24624142007065,310.9874846881368,322.46,298.74
2017-12-26,2,293.18,302.2258594637463,302.93081678217453,300.0030812172499,302.7431889805298,308.8775762309252,318.31,296.27
2017-12-26,3,290.94,295.7024284800622,295.4038995787894,293.3693334359872,295.9097378233008,307.23787493710495,313.19,293.39
2017-12-26,4,305.45,316.48574714453184,319.87477276900444,315.55090699128806,317.37813891065866,318.6711005075749,332.61,313.69
2017-12-26,5,312.55,327.5099720861011,331.0949073025022,325.92182887512485,329.22282268673507,323.72872768354233,338.59,317.56
2017-12-26,6,312.83,336.1936482139229,337.46144466029835,333.7064188061197,337.3342283008338,328.5462529523508,344.03,316.01
2017-12-26,7,313.96,337.0689949718101,339.42668869699156,338.24363963758054,338.740790662087,333.10352981292516,346.77,317.59
2017-12-26,8,311.75,347.93454896967137,351.0117878351652,346.22438067137637,348.744638037309,353.4264325750299,354.57,316.06
2017-12-26,9,315.32,360.81924222703486,367.55999298985836,356.4262958440531,364.66896047674373,361.48683128736906,366.7,315.18
2017-12-26,10,317.33,366.8128750120915,369.89879130377625,360.84515469279546,369.7503734715953,365.2834479900611,367.87,316.35
2017-12-26,11,319.03,366.8812142421756,370.6689215126482,360.99897037502075,370.69053059341536,368.34925549503953,368.31,317.77
2017-12-26,12,317.35,372.39824602881833,376.80194689849384,370.1903598567107,376.57333158311695,373.18058226441246,375.3,318.25
2017-12-26,13,320.54,376.9807912032875,379.68020705289524,369.47641980544495,380.54425510932913,374.3990868310851,375.83,315.99
2017-12-26,14,317.12,376.1779297507528,378.25289082420494,370.3021500722933,380.6246254012236,376.5889188043377,379.18,320.13
2017-12-26,15,315.65,390.1190412932236,393.6245773663434,384.5925127439609,395.7116281694201,378.83370371851163,388.11,313.99
2017-12-26,16,318.48,372.13391305649736,377.9453155246149,366.31776174131284,377.9091026123778,373.2328256905214,376.45,316.11
2017-12-26,17,317.19,364.43477894970175,367.83332919323396,358.5160609167028,364.48065375110355,366.2410697402331,363.62,316.68
2017-12-26,18,316.81,349.0248314661716,350.79622343141034,348.33095210594433,350.05707834746335,344.6259290531334,351.83,313.5
2017-12-26,19,318.62,346.51463710319246,349.6137761030432,343.56129359593194,347.85083011783746,341.57291894129986,350.85,317.28
2017-12-26,20,314.76,345.26142512258656,348.8771366223606,342.2473014079667,342.6281212407509,335.1871648325382,343.8,314.36
2017-12-26,21,311.09,336.16436205357684,339.45173921169123,332.6837051195467,336.775698357994,328.0364160606284,335.3,309.4
2017-12-26,22,300.49,315.9830936223225,315.11465242100877,311.07164219841474,314.30500533150087,319.6967322327592,324.66,299.11
2017-12-26,23,292.37,315.53667235469004,313.5144304059139,310.3397383732173,314.7234860056326,314.42969869032555,319.67,292.3
2017-12-27,0,295.91,301.65119366780937,304.2827529532831,302.43463457441413,303.6792082058121,309.66158162196956,320.73,293.63
2017-12-27,1,294.09,300.4696349632808,299.8307728191007,297.62796900651034,302.4162486050069,307.4278433425451,318.26,291.97
2017-12-27,2,295.14,294.4288529720474,295.37007925300577,293.33074901895174,297.85389754002114,306.5084617407091,316.06,293.18
2017-12-27,3,291.6,300.9522839557315,300.92520997116173,298.067465567341,302.7431889805298,308.1919463618121,319.33,290.94
2017-12-27,4,304.97,314.41938683703376,317.18199727895495,312.64832109562906,316.10508050965643,314.8384812500967,328.13,305.45
2017-12-27,5,314.16,327.55173471155257,329.0704333160774,323.89165494399,327.43333831833513,321.12844906013174,336.31,312.55
2017-12-27,6,311.26,330.4023513182687,329.4491679941885,326.158330840979,328.84075139594546,324.6146695115939,337.75,312.83
2017-12-27,7,318.03,332.2843228686633,329.64528112874984,330.3831003635161,328.7829402531348,328.23668116210257,338.21,313.96
2017-12-27,8,319.12,347.89209988530735,347.59488071579364,346.1568407039485,345.751789915772,347.82524768013377,344.32,311.75
2017-12-27,9,326.54,352.356173194708,353.99368864609517,348.33135446935034,350.62323158945316,357.0452814392806,358.1,315.32
2017-12-27,10,332.81,362.90171094731016,360.40680373639657,355.9579821573996,358.9365307945713,365.60629649711296,371.34,317.33
2017-12-27,11,336.88,364.28203760592356,361.75482910463154,357.4839937821299,359.0985642261767,369.06532693273573,372.72,319.03
2017-12-27,12,338.9,373.37539683991804,372.9052934296357,364.46515722049537,362.86428521928354,372.65654439226506,377.17,317.35
2017-12-27,13,336.12,373.7114844913613,372.9052934296357,364.68027016348276,363.8164539223475,374.30008132786327,377.15,320.54
2017-12-27,14,335.9,374.3327072611297,374.1818152989676,367.4073478296067,365.1817698600264,374.93952645504856,378.8,317.12
2017-12-27,15,332.45,371.03099348461143,372.02757508172255,365.6674552471972,364.57002216628257,371.5503163958438,371.75,315.65
2017-12-27,16,333.36,368.8915919492453,373.1469531013606,364.1199661891161,359.996385466825,368.69569873862264,366.98,318.48
2017-12-27,17,326.88,358.2697815363887,358.76901818133086,355.8401055684526,349.83893329187754,363.87785782674536,360.34,317.19
2017-12-27,18,320.99,350.15751334486754,350.97016158807656,350.91651365006044,342.34777693990793,342.23132828086796,347.62,316.81
2017-12-27,19,322.44,350.30272289152015,351.6647559767925,347.6604381937746,344.6298498688813,336.92413851962465,341.41,318.62
2017-12-27,20,319.02,347.73620792720453,351.77503505174,347.1236398193128,339.9584344389706,334.79970784964456,345.66,314.76
2017-12-27,21,319.92,337.28869443661097,341.0806472744165,335.6528599966696,334.1916859144504,327.3426584058101,335.97,311.09
2017-12-27,22,304.87,314.8388986145219,314.85809917703347,312.25388690270927,311.3471474546195,318.4162360799541,323.9,300.49
2017-12-27,23,301.26,308.10849596715434,307.8634687801515,307.4383145711851,306.2439445758095,312.43752529623885,317.46,292.37
2017-12-28,0,297.79,300.53515925684684,301.21858517616573,300.2142953801177,300.85452406868086,311.8199165329667,316.28,295.91
2017-12-28,1,300.32,300.48183071742193,299.95606716693027,300.6022085540853,300.5775109425732,310.5991724424632,316.46,294.09
2017-12-28,2,299.72,300.9341000636574,300.96519731165637,301.7710954235855,300.42148411958266,310.5724166612725,316.6,295.14
2017-12-28,3,294.2,300.96447970987265,301.0784407428966,301.70447617303114,300.89033557479183,310.53424767051376,315.8,291.6
2017-12-28,4,306.75,319.530262341798,319.51846207339423,319.47646537104265,317.76230318202863,319.5881055179629,331.16,304.97
2017-12-28,5,0.0,330.43937581977076,329.6990297539068,329.13780180593244,327.4715935071061,325.70893242950046,338.26,314.16
2017-12-28,6,235.29,336.6189451442713,335.5236123287686,336.9920259414522,334.52602618572485,330.7325436217806,344.64,311.26
2017-12-28,7,233.72,336.9979314903124,335.20849695311665,338.3951410011334,335.5541260626757,334.87032724144973,344.72,318.03
2017-12-28,8,242.46,348.3458009445691,348.0521253133527,348.41983082007476,345.2811292973279,357.74914480440043,357.76,319.12
2017-12-28,9,326.98,355.658960793298,357.52715922177094,354.3967595155223,350.5400400545531,364.81498546605843,364.81,326.54
2017-12-28,10,332.78,357.077485269723,359.10112800819655,356.31774082457395,352.1703604813274,369.67912443627506,367.21,332.81
2017-12-28,11,337.9,358.4311267978714,358.56772115777983,358.7214315452115,352.0826705055029,375.94014649242393,375.13,336.88
2017-12-28,12,334.17,361.49805327553275,361.84942477374545,359.9930723544833,353.91039832903743,377.68563027929173,373.7,338.9
2017-12-28,13,335.07,363.10886515148223,361.835716572776,358.0913151480139,354.7176850944505,379.69119018242833,376.45,336.12
2017-12-28,14,337.7,362.7789433315835,360.149725698314,358.0677307924392,354.39032869201714,380.5963479770122,377.83,335.9
2017-12-28,15,331.94,362.7789433315835,360.544472054456,357.6085632786068,354.39032869201714,378.96442441964183,375.94,332.45
2017-12-28,16,336.64,362.75536142322346,362.42132346974677,357.3296122859069,352.92362553031927,374.599439707734,367.86,333.36
2017-12-28,17,324.73,356.2745209551538,353.7349557263664,352.0569755176004,346.5790628179677,367.47030304913176,356.83,326.88
2017-12-28,18,321.98,345.15582377536,345.1110326411838,345.10182218519503,340.9827730950497,346.4741753481507,348.05,320.99
2017-12-28,19,321.82,343.9693386808775,345.6528067856068,343.70256892752855,340.6374214129989,342.71904539762954,345.96,322.44
2017-12-28,20,322.75,343.2296066268261,344.2015507384996,341.8520444102718,339.0200143564416,337.5200216989939,342.12,319.02
2017-12-28,21,321.5,338.16913219712023,338.01940827145955,334.84469816996693,333.2757526057763,332.21005271301163,336.58,319.92
2017-12-28,22,304.09,314.518808330287,312.5531276273884,312.86059910251504,311.98645658645574,322.4290037157218,323.64,304.87
2017-12-28,23,302.45,313.8027768674769,311.0167248399764,312.70685080340473,311.71786954032336,317.7106461989314,319.07,301.26
2017-12-29,0,300.54,300.48238856118184,300.677877989043,301.99418747570417,302.0361776193218,317.0257028745388,316.7,297.79
2017-12-29,1,300.88,298.5669708752887,299.5632052595923,299.4669155482404,300.89603701205147,315.61922219487224,315.07,300.32
2017-12-29,2,299.91,298.6360196287643,300.42079053683676,299.5066451092092,300.5989967214042,315.96530741794146,316.67,299.72
2017-12-29,3,297.07,298.898533831128,300.534033968077,299.44002585865485,301.0678481766134,315.31322273808746,314.88,294.2
2017-12-29,4,311.44,316.5909944958046,316.0390010600101,315.20213623548733,317.74880369937756,322.4581297968929,325.55,306.75
2017-12-29,5,316.55,322.3251495814337,322.0968429581624,320.7081043767769,322.69228701456274,291.6976587021765,333.41,0.0
2017-12-29,6,317.19,327.08870253195204,327.95849702062213,324.7592786968791,325.43851880075397,322.718492916316,334.54,235.29
2017-12-29,7,318.24,330.79894602206707,330.6122864633431,327.85438796911285,327.9824593251321,326.6249409574219,336.56,233.72
2017-12-29,8,324.41,347.906481788908,348.0719492755856,344.6788125751461,344.39918201505657,347.35169384317646,342.06,242.46
2017-12-29,9,327.09,349.04542631129357,350.44843549048073,349.2221927893751,348.5254667234913,364.99668914411984,353.01,326.98
2017-12-29,10,337.83,352.42783239883994,356.02038026133096,350.58758105675986,348.64126882815174,370.40691812227794,356.97,332.78
2017-12-29,11,341.32,356.2116292215221,357.1734763415902,352.2429795013478,350.0528135125355,375.95375491885716,362.73,337.9
2017-12-29,12,339.18,360.0697202415708,358.9536582391161,357.42525626573166,354.10561926846106,377.34506670977385,362.14,334.17
2017-12-29,13,340.67,360.99744831565994,359.7564337734956,357.6358049028425,354.675812552356,378.8374440835872,362.45,335.07
2017-12-29,14,339.59,361.36188172486766,361.0859513936411,357.54127265515945,354.70598207777374,376.3007231992509,354.07,337.7
2017-12-29,15,335.81,358.9449532124955,358.5918735384643,356.66598397086113,353.49606417955033,375.2149740237268,354.3,331.94
2017-12-29,16,333.17,360.6452527247135,360.57413721783774,357.4779615211293,353.46490917441747,372.4044835571114,349.09,336.64
2017-12-29,17,328.37,347.42345637486517,346.0214031087445,346.7027332964835,342.63150552162386,363.4209771438613,334.92,324.73
2017-12-29,18,325.59,331.8972299407431,331.4437139655983,332.87283086357576,333.1173641642917,344.41807633545824,329.99,321.98
2017-12-29,19,325.48,331.8248401357558,331.86856359832103,332.2854881320776,334.30103582830645,341.28992229159036,330.01,321.82
2017-12-29,20,319.92,280.00572046402937,281.5185946469445,276.8690085917203,279.38543160900383,242.16077186846564,81.99,322.75
2017-12-29,21,319.15,322.9626214768633,321.80144991993114,321.62490528092866,323.66169686897496,330.13334665704144,318.28,321.5
2017-12-29,22,307.96,302.7158814464992,306.44537044976266,305.65420931833256,303.1435889005453,319.430660313718,303.67,304.09
2017-12-29,23,299.77,294.35359805657833,296.78995023233153,290.7703635911907,288.70246506890186,314.0645620946032,296.82,302.45
2017-12-30,0,301.22,288.61474806406227,289.4235666942414,287.8588295583789,287.0339919720127,292.9504390579704,299.11,300.54
2017-12-30,1,297.48,284.6281189982138,288.56439665010356,283.22740857929887,284.1254102622713,289.97641463966505,294.08,300.88
2017-12-30,2,299.1,283.7988648705736,287.8138590885326,281.1865556377137,282.19892715387033,290.6628377198854,296.66,299.91
2017-12-30,3,298.24,279.1807071703343,287.8138590885326,281.1865556377137,282.19892715387033,291.24304763379365,297.23,297.07
2017-12-30,4,306.39,294.79787536056375,302.0300127745673,298.6432384126615,299.9434602629703,296.74877291889794,303.1,311.44
2017-12-30,5,307.97,298.34600849713706,302.79307613972,297.8277721517183,299.1252320220361,301.3365698490742,307.47,316.55
2017-12-30,6,313.25,306.5774581734161,308.7185396016093,306.5645064950295,309.5705745348457,307.7756177078725,316.43,317.19
2017-12-30,7,318.5,314.99036176829543,314.4440137160853,312.8321028325249,315.4955278953418,312.10570704311726,318.75,318.24
2017-12-30,8,314.8,310.75908075167916,312.8920505666813,311.32873832441226,313.6871565092684,315.5710331661544,316.78,324.41
2017-12-30,9,318.46,318.8177263876592,318.2789475773127,316.17289558729817,319.59633009054943,319.8233870638611,318.01,327.09
2017-12-30,10,318.15,315.62813503377936,317.4967411860097,317.25186885958624,319.03607948097965,323.7647024071847,316.68,337.83
2017-12-30,11,316.12,326.22470547144354,326.4722896200476,326.5538459838869,327.6463257260613,327.62581743172126,318.59,341.32
2017-12-30,12,318.28,324.71676558233963,326.11066303047454,326.60842888871787,327.94426375202283,329.5393965763578,318.88,339.18
2017-12-30,13,320.33,329.0246500278261,328.7528903060986,329.33467993180074,330.81261713819435,331.8695617591658,321.19,340.67
2017-12-30,14,320.55,326.913566328467,326.9500431230298,326.86927544842104,328.8060895888586,331.5872837119748,319.78,339.59
2017-12-30,15,320.42,325.7295369707077,325.72758424501575,325.3699271850363,327.3013682464316,331.14034893655827,321.07,335.81
2017-12-30,16,320.76,325.00037490895835,324.06644695412933,323.89259567379526,326.05542644460144,330.30578839434753,323.21,333.17
2017-12-30,17,321.0,323.5509546323749,322.4367387725904,322.08992737944016,324.0289426286539,327.10763415800915,321.84,328.37
2017-12-30,18,319.67,320.7561194362379,319.2884323771462,319.02651256805376,321.3415386185669,324.10993521863014,321.93,325.59
2017-12-30,19,324.28,321.0042219688994,319.42183999497286,319.1224048132624,321.49582688625117,320.121969665557,319.71,325.48
2017-12-30,20,318.93,318.5557903229456,316.89939124060254,316.74291665642403,318.9223314536525,315.62555986490185,318.33,319.92
2017-12-30,21,315.6,308.35002182220757,308.52453074771927,308.663221920393,309.37210393565573,310.7116859028254,314.31,319.15
2017-12-30,22,303.41,293.70720017440937,294.33898021923943,290.6479399998772,288.6836504039563,300.1378115427509,298.13,307.96
2017-12-30,23,295.96,292.98521054212813,293.77164861627074,290.18650618859607,288.5274075825552,295.8391369235216,296.02,299.77
2017-12-31,0,299.71,284.34268041197896,281.00564063959706,281.24801756087936,282.9535488599032,288.00403924399103,296.17,301.22
2017-12-31,1,295.83,279.80566841766415,278.31663347603177,275.75842283702366,278.76971634522323,285.57008658350367,293.78,297.48
2017-12-31,2,297.13,278.97641429002397,278.67150657931097,273.7175698954385,277.69936919673455,286.84275197876156,297.09,299.1
2017-12-31,3,298.74,274.3582565897847,278.67150657931097,273.7175698954385,277.69936919673455,286.00753697191294,293.4,298.24
2017-12-31,4,300.97,290.49063196930007,294.7017124395547,291.6335785349152,293.4348439449113,291.81348515426794,301.94,306.39
2017-12-31,5,305.1,293.4112152783363,297.91686402657416,293.0805824179677,293.91030163359466,295.1539853821111,304.16,307.97
2017-12-31,6,307.98,299.2550961830754,300.5230232193536,294.82974066393723,295.8467947070234,299.96134471433896,307.49,313.25
2017-12-31,7,309.1,301.62568069142384,303.0457685109212,303.1846349583324,305.6686482607467,304.29455885841014,308.54,318.5
2017-12-31,8,308.6,306.6083990847044,305.8245088829599,305.6187957816823,307.1450201748753,308.5752797968082,311.68,314.8
2017-12-31,9,311.46,308.1825717817226,309.3671149490349,307.134106274739,308.92739921941796,312.66890836300513,312.2,318.46
2017-12-31,10,311.72,309.06998230716687,309.8703549735066,309.106990917327,311.2296187552742,315.43836563182043,311.2,318.15
2017-12-31,11,315.3,309.6585190437515,311.08048170167143,308.75034480929617,311.32022047073883,319.9581184270154,316.49,316.12
2017-12-31,12,320.57,313.41764360108357,314.2078172673114,313.47035960962853,314.166731408295,321.898999147843,315.54,318.28
2017-12-31,13,316.14,325.9834917893623,323.57275599043334,321.72588399736395,323.21772672234135,325.08114271688584,319.88,320.33
2017-12-31,14,319.01,327.3114810211261,325.3993043873266,323.3768174841945,324.65157151548533,324.65874972781023,317.71,320.55
2017-12-31,15,317.1,318.3515988530733,318.6819718262889,316.3377682701235,317.0526141580591,322.28658327863945,312.91,320.42
2017-12-31,16,307.08,324.9436611356308,323.82507536376454,321.8092776856017,323.0440448422868,324.7736842623614,322.73,320.76
2017-12-31,17,309.15,314.7136459196981,315.7680508990605,313.67329936633314,314.8535571532315,318.3437244546826,311.47,321.0
2017-12-31,18,305.86,306.7904500394043,309.9109030186667,304.59707955723013,303.1320787325513,313.6795817023796,306.81,319.67
2017-12-31,19,307.05,308.01906061162526,313.54215489542105,305.4154588711995,304.594670897761,311.72050555901933,308.4,324.28
2017-12-31,20,307.92,303.7700681345093,308.2524877885053,301.5801648618054,300.18205815925353,306.0068969747985,303.81,318.93
2017-12-31,21,309.18,301.4109755460527,305.70566643842136,297.51558315381305,296.9990155078113,303.17762842791205,305.96,315.6
2017-12-31,22,300.36,290.96123626455636,288.02582490252365,286.16021752973893,284.60562132519374,295.74199522888796,298.2,303.41
2017-12-31,23,295.21,290.70441431897547,287.1678817908364,285.31811304808355,284.4469644704457,291.12341501791366,295.04,295.96
